pubmed_id	source_sheet	isolate_name	accession	accession_type	organism	drug_raw	mic_operator	mic_value	sir_call	source_file
35756053	Sheet1	1D-001			Escherichia coli	ampicillin	>	32		Table_2.XLSX
35756053	Sheet1	1D-001			Escherichia coli	ampicillin/sulbactam	=	16/8		Table_2.XLSX
35756053	Sheet1	1D-001			Escherichia coli	cephalothin	=	16		Table_2.XLSX
35756053	Sheet1	1D-001			Escherichia coli	tetracycline	>	16		Table_2.XLSX
35756053	Sheet1	1D-001			Escherichia coli	colistin	=	0.5		Table_2.XLSX
35756053	Sheet1	1D-002			Escherichia coli	cephalothin	=	8		Table_2.XLSX
35756053	Sheet1	1D-002			Escherichia coli	tetracycline	=	1		Table_2.XLSX
35756053	Sheet1	1D-002			Escherichia coli	colistin	=	0.5		Table_2.XLSX
35756053	Sheet1	1D-003			Escherichia coli	ampicillin	>	32		Table_2.XLSX
35756053	Sheet1	1D-003			Escherichia coli	ampicillin/sulbactam	=	8/4		Table_2.XLSX
35756053	Sheet1	1D-003			Escherichia coli	cephalothin	=	8		Table_2.XLSX
35756053	Sheet1	1D-003			Escherichia coli	gentamicin	>	16		Table_2.XLSX
35756053	Sheet1	1D-003			Escherichia coli	tobramycin	>	8		Table_2.XLSX
35756053	Sheet1	1D-003			Escherichia coli	tetracycline	=	2		Table_2.XLSX
35756053	Sheet1	1D-003			Escherichia coli	colistin	=	0.5		Table_2.XLSX
35756053	Sheet1	1D-004			Escherichia coli	ampicillin	>	32		Table_2.XLSX
35756053	Sheet1	1D-004			Escherichia coli	ampicillin/sulbactam	=	32/16		Table_2.XLSX
35756053	Sheet1	1D-004			Escherichia coli	cephalothin	=	8		Table_2.XLSX
35756053	Sheet1	1D-004			Escherichia coli	ciprofloxacin	>	4		Table_2.XLSX
35756053	Sheet1	1D-004			Escherichia coli	ticarcillin/clavulanic acid	=	32/2		Table_2.XLSX
35756053	Sheet1	1D-004			Escherichia coli	tetracycline	=	1		Table_2.XLSX
35756053	Sheet1	1D-004			Escherichia coli	colistin	=	0.25		Table_2.XLSX
35756053	Sheet1	1D-005			Escherichia coli	ampicillin	>	32		Table_2.XLSX
35756053	Sheet1	1D-005			Escherichia coli	aztreonam	=	8		Table_2.XLSX
35756053	Sheet1	1D-005			Escherichia coli	cefazolin	>	32		Table_2.XLSX
35756053	Sheet1	1D-005			Escherichia coli	cephalothin	>	16		Table_2.XLSX
35756053	Sheet1	1D-005			Escherichia coli	cefuroxime	>	32		Table_2.XLSX
35756053	Sheet1	1D-005			Escherichia coli	ciprofloxacin	>	4		Table_2.XLSX
35756053	Sheet1	1D-005			Escherichia coli	cefoxitin	=	8		Table_2.XLSX
35756053	Sheet1	1D-005			Escherichia coli	trimethoprim	>	4/76		Table_2.XLSX
35756053	Sheet1	1D-005			Escherichia coli	cefpodoxime	>	16		Table_2.XLSX
35756053	Sheet1	1D-005			Escherichia coli	ceftazidime	=	8		Table_2.XLSX
35756053	Sheet1	1D-005			Escherichia coli	ceftriaxone	=	16		Table_2.XLSX
35756053	Sheet1	1D-005			Escherichia coli	tetracycline	=	2		Table_2.XLSX
35756053	Sheet1	1D-005			Escherichia coli	colistin	=	0.5		Table_2.XLSX
35756053	Sheet1	1D-006			Escherichia coli	cephalothin	=	8		Table_2.XLSX
35756053	Sheet1	1D-006			Escherichia coli	tetracycline	=	1		Table_2.XLSX
35756053	Sheet1	1D-006			Escherichia coli	colistin	=	0.5		Table_2.XLSX
35756053	Sheet1	1D-007			Escherichia coli	cephalothin	=	8		Table_2.XLSX
35756053	Sheet1	1D-007			Escherichia coli	tetracycline	=	2		Table_2.XLSX
35756053	Sheet1	1D-007			Escherichia coli	colistin	=	0.5		Table_2.XLSX
35756053	Sheet1	1D-008			Escherichia coli	cephalothin	=	8		Table_2.XLSX
35756053	Sheet1	1D-008			Escherichia coli	cefoxitin	=	8		Table_2.XLSX
35756053	Sheet1	1D-008			Escherichia coli	tetracycline	=	2		Table_2.XLSX
35756053	Sheet1	1D-008			Escherichia coli	colistin	=	0.5		Table_2.XLSX
35756053	Sheet1	1D-009			Escherichia coli	ampicillin	>	32		Table_2.XLSX
35756053	Sheet1	1D-009			Escherichia coli	ampicillin/sulbactam	=	8/4		Table_2.XLSX
35756053	Sheet1	1D-009			Escherichia coli	cephalothin	=	8		Table_2.XLSX
35756053	Sheet1	1D-009			Escherichia coli	tetracycline	>	16		Table_2.XLSX
35756053	Sheet1	1D-009			Escherichia coli	colistin	=	0.25		Table_2.XLSX
35756053	Sheet1	1D-010			Escherichia coli	cephalothin	=	8		Table_2.XLSX
35756053	Sheet1	1D-010			Escherichia coli	tetracycline	=	1		Table_2.XLSX
35756053	Sheet1	1D-010			Escherichia coli	colistin	=	0.25		Table_2.XLSX
35756053	Sheet1	1D-011			Escherichia coli	ampicillin	=	8		Table_2.XLSX
35756053	Sheet1	1D-011			Escherichia coli	ampicillin/sulbactam	=	8/4		Table_2.XLSX
35756053	Sheet1	1D-011			Escherichia coli	cephalothin	=	16		Table_2.XLSX
35756053	Sheet1	1D-011			Escherichia coli	ciprofloxacin	>	4		Table_2.XLSX
35756053	Sheet1	1D-011			Escherichia coli	cefoxitin	=	8		Table_2.XLSX
35756053	Sheet1	1D-011			Escherichia coli	tetracycline	>	16		Table_2.XLSX
35756053	Sheet1	1D-011			Escherichia coli	colistin	=	0.5		Table_2.XLSX
35756053	Sheet1	1D-012			Escherichia coli	cephalothin	=	16		Table_2.XLSX
35756053	Sheet1	1D-012			Escherichia coli	cefoxitin	=	8		Table_2.XLSX
35756053	Sheet1	1D-012			Escherichia coli	tetracycline	=	2		Table_2.XLSX
35756053	Sheet1	1D-012			Escherichia coli	colistin	=	0.5		Table_2.XLSX
35756053	Sheet1	1D-014			Escherichia coli	ampicillin	>	32		Table_2.XLSX
35756053	Sheet1	1D-014			Escherichia coli	ampicillin/sulbactam	=	8/4		Table_2.XLSX
35756053	Sheet1	1D-014			Escherichia coli	cephalothin	=	8		Table_2.XLSX
35756053	Sheet1	1D-014			Escherichia coli	tetracycline	>	16		Table_2.XLSX
35756053	Sheet1	1D-014			Escherichia coli	colistin	=	0.25		Table_2.XLSX
35756053	Sheet1	1D-015			Escherichia coli	cephalothin	>	16		Table_2.XLSX
35756053	Sheet1	1D-015			Escherichia coli	cefoxitin	=	8		Table_2.XLSX
35756053	Sheet1	1D-015			Escherichia coli	tetracycline	=	2		Table_2.XLSX
35756053	Sheet1	1D-015			Escherichia coli	colistin	=	0.5		Table_2.XLSX
35756053	Sheet1	1D-017			Escherichia coli	cephalothin	=	8		Table_2.XLSX
35756053	Sheet1	1D-017			Escherichia coli	tetracycline	=	1		Table_2.XLSX
35756053	Sheet1	1D-017			Escherichia coli	colistin	=	0.25		Table_2.XLSX
35756053	Sheet1	1D-018			Escherichia coli	cephalothin	=	8		Table_2.XLSX
35756053	Sheet1	1D-018			Escherichia coli	tetracycline	=	1		Table_2.XLSX
35756053	Sheet1	1D-018			Escherichia coli	colistin	=	0.5		Table_2.XLSX
35756053	Sheet1	1D-019			Escherichia coli	ampicillin	>	32		Table_2.XLSX
35756053	Sheet1	1D-019			Escherichia coli	ampicillin/sulbactam	>	32/16		Table_2.XLSX
35756053	Sheet1	1D-019			Escherichia coli	cefazolin	>	32		Table_2.XLSX
35756053	Sheet1	1D-019			Escherichia coli	cephalothin	>	16		Table_2.XLSX
35756053	Sheet1	1D-019			Escherichia coli	piperacillin/tazobactam	=	128/4		Table_2.XLSX
35756053	Sheet1	1D-019			Escherichia coli	ticarcillin/clavulanic acid	>	64/2		Table_2.XLSX
35756053	Sheet1	1D-019			Escherichia coli	tetracycline	>	16		Table_2.XLSX
35756053	Sheet1	1D-019			Escherichia coli	colistin	=	0.25		Table_2.XLSX
35756053	Sheet1	1D-020			Escherichia coli	ampicillin	>	32		Table_2.XLSX
35756053	Sheet1	1D-020			Escherichia coli	ampicillin/sulbactam	>	32/16		Table_2.XLSX
35756053	Sheet1	1D-020			Escherichia coli	cefazolin	=	32		Table_2.XLSX
35756053	Sheet1	1D-020			Escherichia coli	cephalothin	>	16		Table_2.XLSX
35756053	Sheet1	1D-020			Escherichia coli	piperacillin/tazobactam	=	128/4		Table_2.XLSX
35756053	Sheet1	1D-020			Escherichia coli	ticarcillin/clavulanic acid	>	64/2		Table_2.XLSX
35756053	Sheet1	1D-020			Escherichia coli	tetracycline	>	16		Table_2.XLSX
35756053	Sheet1	1D-020			Escherichia coli	colistin	=	0.5		Table_2.XLSX
35756053	Sheet1	1D-021			Escherichia coli	cephalothin	=	16		Table_2.XLSX
35756053	Sheet1	1D-021			Escherichia coli	cefuroxime	=	8		Table_2.XLSX
35756053	Sheet1	1D-021			Escherichia coli	cefoxitin	=	8		Table_2.XLSX
35756053	Sheet1	1D-021			Escherichia coli	tetracycline	=	2		Table_2.XLSX
35756053	Sheet1	1D-021			Escherichia coli	colistin	=	0.5		Table_2.XLSX
35756053	Sheet1	1D-022			Escherichia coli	ampicillin	>	32		Table_2.XLSX
35756053	Sheet1	1D-022			Escherichia coli	ampicillin/sulbactam	=	32/16		Table_2.XLSX
35756053	Sheet1	1D-022			Escherichia coli	cephalothin	=	16		Table_2.XLSX
35756053	Sheet1	1D-022			Escherichia coli	trimethoprim	>	4/76		Table_2.XLSX
35756053	Sheet1	1D-022			Escherichia coli	tetracycline	=	2		Table_2.XLSX
35756053	Sheet1	1D-022			Escherichia coli	colistin	=	0.5		Table_2.XLSX
35756053	Sheet1	1D-023			Escherichia coli	ampicillin	>	32		Table_2.XLSX
35756053	Sheet1	1D-023			Escherichia coli	ampicillin/sulbactam	>	32/16		Table_2.XLSX
35756053	Sheet1	1D-023			Escherichia coli	cefazolin	=	16		Table_2.XLSX
35756053	Sheet1	1D-023			Escherichia coli	cephalothin	>	16		Table_2.XLSX
35756053	Sheet1	1D-023			Escherichia coli	cefoxitin	=	8		Table_2.XLSX
35756053	Sheet1	1D-023			Escherichia coli	trimethoprim	>	4/76		Table_2.XLSX
35756053	Sheet1	1D-023			Escherichia coli	ticarcillin/clavulanic acid	=	32/2		Table_2.XLSX
35756053	Sheet1	1D-023			Escherichia coli	tetracycline	=	2		Table_2.XLSX
35756053	Sheet1	1D-023			Escherichia coli	colistin	=	0.5		Table_2.XLSX
35756053	Sheet1	1D-024			Escherichia coli	ampicillin	>	32		Table_2.XLSX
35756053	Sheet1	1D-024			Escherichia coli	ampicillin/sulbactam	>	32/16		Table_2.XLSX
35756053	Sheet1	1D-024			Escherichia coli	cefazolin	=	8		Table_2.XLSX
35756053	Sheet1	1D-024			Escherichia coli	cephalothin	>	16		Table_2.XLSX
35756053	Sheet1	1D-024			Escherichia coli	ticarcillin/clavulanic acid	>	64/2		Table_2.XLSX
35756053	Sheet1	1D-024			Escherichia coli	tetracycline	>	16		Table_2.XLSX
35756053	Sheet1	1D-024			Escherichia coli	colistin	=	0.25		Table_2.XLSX
35756053	Sheet1	1D-025			Escherichia coli	cephalothin	=	8		Table_2.XLSX
35756053	Sheet1	1D-025			Escherichia coli	tetracycline	=	1		Table_2.XLSX
35756053	Sheet1	1D-025			Escherichia coli	colistin	=	0.5		Table_2.XLSX
35756053	Sheet1	1D-026			Escherichia coli	cephalothin	=	8		Table_2.XLSX
35756053	Sheet1	1D-026			Escherichia coli	tetracycline	=	2		Table_2.XLSX
35756053	Sheet1	1D-026			Escherichia coli	colistin	=	0.5		Table_2.XLSX
35756053	Sheet1	1D-027			Escherichia coli	ampicillin	>	32		Table_2.XLSX
35756053	Sheet1	1D-027			Escherichia coli	ampicillin/sulbactam	>	32/16		Table_2.XLSX
35756053	Sheet1	1D-027			Escherichia coli	cefazolin	=	32		Table_2.XLSX
35756053	Sheet1	1D-027			Escherichia coli	cephalothin	>	16		Table_2.XLSX
35756053	Sheet1	1D-027			Escherichia coli	cefoxitin	=	8		Table_2.XLSX
35756053	Sheet1	1D-027			Escherichia coli	ticarcillin/clavulanic acid	>	64/2		Table_2.XLSX
35756053	Sheet1	1D-027			Escherichia coli	tetracycline	>	16		Table_2.XLSX
35756053	Sheet1	1D-027			Escherichia coli	colistin	=	0.25		Table_2.XLSX
35756053	Sheet1	1D-028			Escherichia coli	cephalothin	=	8		Table_2.XLSX
35756053	Sheet1	1D-028			Escherichia coli	tetracycline	=	1		Table_2.XLSX
35756053	Sheet1	1D-028			Escherichia coli	colistin	=	0.5		Table_2.XLSX
35756053	Sheet1	1D-029			Escherichia coli	ampicillin	>	32		Table_2.XLSX
35756053	Sheet1	1D-029			Escherichia coli	ampicillin/sulbactam	=	16/8		Table_2.XLSX
35756053	Sheet1	1D-029			Escherichia coli	cephalothin	=	16		Table_2.XLSX
35756053	Sheet1	1D-029			Escherichia coli	trimethoprim	>	4/76		Table_2.XLSX
35756053	Sheet1	1D-029			Escherichia coli	ticarcillin/clavulanic acid	=	32/2		Table_2.XLSX
35756053	Sheet1	1D-029			Escherichia coli	tetracycline	=	2		Table_2.XLSX
35756053	Sheet1	1D-029			Escherichia coli	colistin	=	0.25		Table_2.XLSX
35756053	Sheet1	1D-030			Escherichia coli	cephalothin	=	16		Table_2.XLSX
35756053	Sheet1	1D-030			Escherichia coli	cefuroxime	=	8		Table_2.XLSX
35756053	Sheet1	1D-030			Escherichia coli	tetracycline	=	1		Table_2.XLSX
35756053	Sheet1	1D-030			Escherichia coli	colistin	=	0.5		Table_2.XLSX
35756053	Sheet1	1D-031			Escherichia coli	ampicillin	>	32		Table_2.XLSX
35756053	Sheet1	1D-031			Escherichia coli	ampicillin/sulbactam	=	16/8		Table_2.XLSX
35756053	Sheet1	1D-031			Escherichia coli	cephalothin	=	16		Table_2.XLSX
35756053	Sheet1	1D-031			Escherichia coli	cefoxitin	=	8		Table_2.XLSX
35756053	Sheet1	1D-031			Escherichia coli	trimethoprim	>	4/76		Table_2.XLSX
35756053	Sheet1	1D-031			Escherichia coli	tetracycline	>	16		Table_2.XLSX
35756053	Sheet1	1D-031			Escherichia coli	colistin	=	0.5		Table_2.XLSX
35756053	Sheet1	1D-032			Escherichia coli	ampicillin	>	32		Table_2.XLSX
35756053	Sheet1	1D-032			Escherichia coli	ampicillin/sulbactam	=	8/4		Table_2.XLSX
35756053	Sheet1	1D-032			Escherichia coli	cephalothin	=	8		Table_2.XLSX
35756053	Sheet1	1D-032			Escherichia coli	trimethoprim	>	4/76		Table_2.XLSX
35756053	Sheet1	1D-032			Escherichia coli	tetracycline	>	16		Table_2.XLSX
35756053	Sheet1	1D-032			Escherichia coli	colistin	=	0.25		Table_2.XLSX
35756053	Sheet1	1D-033			Escherichia coli	amikacin	=	16		Table_2.XLSX
35756053	Sheet1	1D-033			Escherichia coli	ampicillin	>	32		Table_2.XLSX
35756053	Sheet1	1D-033			Escherichia coli	ampicillin/sulbactam	=	32/16		Table_2.XLSX
35756053	Sheet1	1D-033			Escherichia coli	cephalothin	>	16		Table_2.XLSX
35756053	Sheet1	1D-033			Escherichia coli	cefuroxime	=	16		Table_2.XLSX
35756053	Sheet1	1D-033			Escherichia coli	gentamicin	=	4		Table_2.XLSX
35756053	Sheet1	1D-033			Escherichia coli	ciprofloxacin	>	4		Table_2.XLSX
35756053	Sheet1	1D-033			Escherichia coli	cefoxitin	=	16		Table_2.XLSX
35756053	Sheet1	1D-033			Escherichia coli	trimethoprim	>	4/76		Table_2.XLSX
35756053	Sheet1	1D-033			Escherichia coli	tobramycin	>	8		Table_2.XLSX
35756053	Sheet1	1D-033			Escherichia coli	ticarcillin/clavulanic acid	=	64/2		Table_2.XLSX
35756053	Sheet1	1D-033			Escherichia coli	tetracycline	>	16		Table_2.XLSX
35756053	Sheet1	1D-033			Escherichia coli	colistin	=	0.5		Table_2.XLSX
35756053	Sheet1	1D-034			Escherichia coli	cephalothin	=	8		Table_2.XLSX
35756053	Sheet1	1D-034			Escherichia coli	tetracycline	=	1		Table_2.XLSX
35756053	Sheet1	1D-034			Escherichia coli	colistin	=	0.25		Table_2.XLSX
35756053	Sheet1	1D-035			Escherichia coli	ampicillin	>	32		Table_2.XLSX
35756053	Sheet1	1D-035			Escherichia coli	ampicillin/sulbactam	=	8/4		Table_2.XLSX
35756053	Sheet1	1D-035			Escherichia coli	cefazolin	>	32		Table_2.XLSX
35756053	Sheet1	1D-035			Escherichia coli	cephalothin	>	16		Table_2.XLSX
35756053	Sheet1	1D-035			Escherichia coli	cefuroxime	>	32		Table_2.XLSX
35756053	Sheet1	1D-035			Escherichia coli	cefoxitin	>	32		Table_2.XLSX
35756053	Sheet1	1D-035			Escherichia coli	cefpodoxime	=	16		Table_2.XLSX
35756053	Sheet1	1D-035			Escherichia coli	ceftazidime	=	16		Table_2.XLSX
35756053	Sheet1	1D-035			Escherichia coli	ticarcillin/clavulanic acid	=	64/2		Table_2.XLSX
35756053	Sheet1	1D-035			Escherichia coli	tetracycline	=	1		Table_2.XLSX
35756053	Sheet1	1D-035			Escherichia coli	colistin	=	0.5		Table_2.XLSX
35756053	Sheet1	1D-036			Escherichia coli	ampicillin	>	32		Table_2.XLSX
35756053	Sheet1	1D-036			Escherichia coli	ampicillin/sulbactam	=	16/8		Table_2.XLSX
35756053	Sheet1	1D-036			Escherichia coli	aztreonam	=	32		Table_2.XLSX
35756053	Sheet1	1D-036			Escherichia coli	cefazolin	>	32		Table_2.XLSX
35756053	Sheet1	1D-036			Escherichia coli	cefepime	=	32		Table_2.XLSX
35756053	Sheet1	1D-036			Escherichia coli	cephalothin	>	16		Table_2.XLSX
35756053	Sheet1	1D-036			Escherichia coli	cefuroxime	>	32		Table_2.XLSX
35756053	Sheet1	1D-036			Escherichia coli	gentamicin	>	16		Table_2.XLSX
35756053	Sheet1	1D-036			Escherichia coli	ciprofloxacin	>	4		Table_2.XLSX
35756053	Sheet1	1D-036			Escherichia coli	cefoxitin	=	8		Table_2.XLSX
35756053	Sheet1	1D-036			Escherichia coli	trimethoprim	>	4/76		Table_2.XLSX
35756053	Sheet1	1D-036			Escherichia coli	cefpodoxime	>	16		Table_2.XLSX
35756053	Sheet1	1D-036			Escherichia coli	ceftazidime	=	16		Table_2.XLSX
35756053	Sheet1	1D-036			Escherichia coli	tobramycin	>	8		Table_2.XLSX
35756053	Sheet1	1D-036			Escherichia coli	ticarcillin/clavulanic acid	=	32/2		Table_2.XLSX
35756053	Sheet1	1D-036			Escherichia coli	ceftriaxone	>	64		Table_2.XLSX
35756053	Sheet1	1D-036			Escherichia coli	tetracycline	>	16		Table_2.XLSX
35756053	Sheet1	1D-036			Escherichia coli	colistin	=	0.5		Table_2.XLSX
35756053	Sheet1	1D-037			Escherichia coli	cephalothin	=	8		Table_2.XLSX
35756053	Sheet1	1D-037			Escherichia coli	trimethoprim	=	1/19		Table_2.XLSX
35756053	Sheet1	1D-037			Escherichia coli	tetracycline	=	1		Table_2.XLSX
35756053	Sheet1	1D-037			Escherichia coli	colistin	=	0.5		Table_2.XLSX
35756053	Sheet1	1D-038			Escherichia coli	ampicillin	>	32		Table_2.XLSX
35756053	Sheet1	1D-038			Escherichia coli	ampicillin/sulbactam	>	32/16		Table_2.XLSX
35756053	Sheet1	1D-038			Escherichia coli	cefazolin	=	16		Table_2.XLSX
35756053	Sheet1	1D-038			Escherichia coli	cephalothin	>	16		Table_2.XLSX
35756053	Sheet1	1D-038			Escherichia coli	cefuroxime	=	8		Table_2.XLSX
35756053	Sheet1	1D-038			Escherichia coli	ciprofloxacin	>	4		Table_2.XLSX
35756053	Sheet1	1D-038			Escherichia coli	cefoxitin	=	8		Table_2.XLSX
35756053	Sheet1	1D-038			Escherichia coli	trimethoprim	>	4/76		Table_2.XLSX
35756053	Sheet1	1D-038			Escherichia coli	ticarcillin/clavulanic acid	>	64/2		Table_2.XLSX
35756053	Sheet1	1D-038			Escherichia coli	tetracycline	>	16		Table_2.XLSX
35756053	Sheet1	1D-038			Escherichia coli	colistin	=	0.25		Table_2.XLSX
35756053	Sheet1	1D-039			Escherichia coli	cephalothin	=	16		Table_2.XLSX
35756053	Sheet1	1D-039			Escherichia coli	cefuroxime	=	8		Table_2.XLSX
35756053	Sheet1	1D-039			Escherichia coli	cefoxitin	=	8		Table_2.XLSX
35756053	Sheet1	1D-039			Escherichia coli	tetracycline	=	2		Table_2.XLSX
35756053	Sheet1	1D-039			Escherichia coli	colistin	=	0.25		Table_2.XLSX
35756053	Sheet1	1D-040			Escherichia coli	ampicillin	>	32		Table_2.XLSX
35756053	Sheet1	1D-040			Escherichia coli	ampicillin/sulbactam	=	16/8		Table_2.XLSX
35756053	Sheet1	1D-040			Escherichia coli	cephalothin	=	16		Table_2.XLSX
35756053	Sheet1	1D-040			Escherichia coli	gentamicin	=	16		Table_2.XLSX
35756053	Sheet1	1D-040			Escherichia coli	trimethoprim	>	4/76		Table_2.XLSX
35756053	Sheet1	1D-040			Escherichia coli	tobramycin	>	8		Table_2.XLSX
35756053	Sheet1	1D-040			Escherichia coli	tetracycline	>	16		Table_2.XLSX
35756053	Sheet1	1D-040			Escherichia coli	colistin	=	0.5		Table_2.XLSX
35756053	Sheet1	1D-041			Escherichia coli	cephalothin	=	16		Table_2.XLSX
35756053	Sheet1	1D-041			Escherichia coli	cefoxitin	=	8		Table_2.XLSX
35756053	Sheet1	1D-041			Escherichia coli	tetracycline	=	1		Table_2.XLSX
35756053	Sheet1	1D-041			Escherichia coli	colistin	=	0.25		Table_2.XLSX
35756053	Sheet1	1D-042			Escherichia coli	ampicillin	>	32		Table_2.XLSX
35756053	Sheet1	1D-042			Escherichia coli	ampicillin/sulbactam	=	16/8		Table_2.XLSX
35756053	Sheet1	1D-042			Escherichia coli	cephalothin	>	16		Table_2.XLSX
35756053	Sheet1	1D-042			Escherichia coli	cefuroxime	=	16		Table_2.XLSX
35756053	Sheet1	1D-042			Escherichia coli	ciprofloxacin	>	4		Table_2.XLSX
35756053	Sheet1	1D-042			Escherichia coli	cefoxitin	=	16		Table_2.XLSX
35756053	Sheet1	1D-042			Escherichia coli	trimethoprim	>	4/76		Table_2.XLSX
35756053	Sheet1	1D-042			Escherichia coli	tobramycin	>	8		Table_2.XLSX
35756053	Sheet1	1D-042			Escherichia coli	ticarcillin/clavulanic acid	=	32/2		Table_2.XLSX
35756053	Sheet1	1D-042			Escherichia coli	tetracycline	>	16		Table_2.XLSX
35756053	Sheet1	1D-042			Escherichia coli	colistin	=	0.5		Table_2.XLSX
35756053	Sheet1	1D-043			Escherichia coli	cephalothin	=	4		Table_2.XLSX
35756053	Sheet1	1D-043			Escherichia coli	colistin	=	0.25		Table_2.XLSX
35756053	Sheet1	1D-044			Escherichia coli	aztreonam	=	8		Table_2.XLSX
35756053	Sheet1	1D-044			Escherichia coli	cephalothin	=	8		Table_2.XLSX
35756053	Sheet1	1D-044			Escherichia coli	tetracycline	=	1		Table_2.XLSX
35756053	Sheet1	1D-044			Escherichia coli	colistin	=	0.5		Table_2.XLSX
35756053	Sheet1	1D-045			Escherichia coli	cephalothin	=	16		Table_2.XLSX
35756053	Sheet1	1D-045			Escherichia coli	tetracycline	=	2		Table_2.XLSX
35756053	Sheet1	1D-045			Escherichia coli	colistin	=	0.5		Table_2.XLSX
35756053	Sheet1	1D-046			Escherichia coli	cephalothin	=	8		Table_2.XLSX
35756053	Sheet1	1D-046			Escherichia coli	tetracycline	=	1		Table_2.XLSX
35756053	Sheet1	1D-046			Escherichia coli	colistin	=	0.5		Table_2.XLSX
35756053	Sheet1	1D-047			Escherichia coli	cephalothin	=	8		Table_2.XLSX
35756053	Sheet1	1D-047			Escherichia coli	cefuroxime	=	8		Table_2.XLSX
35756053	Sheet1	1D-047			Escherichia coli	ciprofloxacin	>	4		Table_2.XLSX
35756053	Sheet1	1D-047			Escherichia coli	cefoxitin	=	8		Table_2.XLSX
35756053	Sheet1	1D-047			Escherichia coli	tetracycline	>	16		Table_2.XLSX
35756053	Sheet1	1D-047			Escherichia coli	colistin	=	0.5		Table_2.XLSX
35756053	Sheet1	1D-048			Escherichia coli	ampicillin	>	32		Table_2.XLSX
35756053	Sheet1	1D-048			Escherichia coli	ampicillin/sulbactam	=	32/16		Table_2.XLSX
35756053	Sheet1	1D-048			Escherichia coli	cephalothin	>	16		Table_2.XLSX
35756053	Sheet1	1D-048			Escherichia coli	trimethoprim	>	4/76		Table_2.XLSX
35756053	Sheet1	1D-048			Escherichia coli	ticarcillin/clavulanic acid	>	64/2		Table_2.XLSX
35756053	Sheet1	1D-048			Escherichia coli	tetracycline	>	16		Table_2.XLSX
35756053	Sheet1	1D-048			Escherichia coli	colistin	=	0.25		Table_2.XLSX
35756053	Sheet1	1D-049			Escherichia coli	ampicillin	>	32		Table_2.XLSX
35756053	Sheet1	1D-049			Escherichia coli	ampicillin/sulbactam	=	16/8		Table_2.XLSX
35756053	Sheet1	1D-049			Escherichia coli	aztreonam	>	32		Table_2.XLSX
35756053	Sheet1	1D-049			Escherichia coli	cefazolin	>	32		Table_2.XLSX
35756053	Sheet1	1D-049			Escherichia coli	cefepime	>	32		Table_2.XLSX
35756053	Sheet1	1D-049			Escherichia coli	cephalothin	>	16		Table_2.XLSX
35756053	Sheet1	1D-049			Escherichia coli	cefuroxime	>	32		Table_2.XLSX
35756053	Sheet1	1D-049			Escherichia coli	ciprofloxacin	>	4		Table_2.XLSX
35756053	Sheet1	1D-049			Escherichia coli	cefoxitin	=	32		Table_2.XLSX
35756053	Sheet1	1D-049			Escherichia coli	cefpodoxime	>	16		Table_2.XLSX
35756053	Sheet1	1D-049			Escherichia coli	ceftazidime	=	32		Table_2.XLSX
35756053	Sheet1	1D-049			Escherichia coli	ticarcillin/clavulanic acid	=	32/2		Table_2.XLSX
35756053	Sheet1	1D-049			Escherichia coli	ceftriaxone	>	64		Table_2.XLSX
35756053	Sheet1	1D-049			Escherichia coli	tetracycline	>	16		Table_2.XLSX
35756053	Sheet1	1D-049			Escherichia coli	colistin	=	0.25		Table_2.XLSX
35756053	Sheet1	1D-050			Escherichia coli	ampicillin	>	32		Table_2.XLSX
35756053	Sheet1	1D-050			Escherichia coli	ampicillin/sulbactam	>	32/16		Table_2.XLSX
35756053	Sheet1	1D-050			Escherichia coli	cefazolin	>	32		Table_2.XLSX
35756053	Sheet1	1D-050			Escherichia coli	cephalothin	>	16		Table_2.XLSX
35756053	Sheet1	1D-050			Escherichia coli	cefuroxime	=	8		Table_2.XLSX
35756053	Sheet1	1D-050			Escherichia coli	piperacillin/tazobactam	>	128/4		Table_2.XLSX
35756053	Sheet1	1D-050			Escherichia coli	ticarcillin/clavulanic acid	>	64/2		Table_2.XLSX
35756053	Sheet1	1D-050			Escherichia coli	tetracycline	=	1		Table_2.XLSX
35756053	Sheet1	1D-050			Escherichia coli	colistin	=	0.25		Table_2.XLSX
35756053	Sheet1	1D-051			Escherichia coli	cephalothin	=	16		Table_2.XLSX
35756053	Sheet1	1D-051			Escherichia coli	cefuroxime	=	8		Table_2.XLSX
35756053	Sheet1	1D-051			Escherichia coli	tetracycline	=	2		Table_2.XLSX
35756053	Sheet1	1D-051			Escherichia coli	colistin	=	0.25		Table_2.XLSX
35756053	Sheet1	1D-052			Escherichia coli	cephalothin	=	8		Table_2.XLSX
35756053	Sheet1	1D-052			Escherichia coli	ciprofloxacin	>	4		Table_2.XLSX
35756053	Sheet1	1D-052			Escherichia coli	cefoxitin	=	8		Table_2.XLSX
35756053	Sheet1	1D-052			Escherichia coli	tetracycline	>	16		Table_2.XLSX
35756053	Sheet1	1D-052			Escherichia coli	colistin	=	0.25		Table_2.XLSX
35756053	Sheet1	1D-053			Escherichia coli	cephalothin	=	8		Table_2.XLSX
35756053	Sheet1	1D-053			Escherichia coli	trimethoprim	>	4/76		Table_2.XLSX
35756053	Sheet1	1D-053			Escherichia coli	tetracycline	=	2		Table_2.XLSX
35756053	Sheet1	1D-053			Escherichia coli	colistin	=	0.5		Table_2.XLSX
35756053	Sheet1	1D-054			Escherichia coli	ampicillin	>	32		Table_2.XLSX
35756053	Sheet1	1D-054			Escherichia coli	ampicillin/sulbactam	=	16/8		Table_2.XLSX
35756053	Sheet1	1D-054			Escherichia coli	aztreonam	=	16		Table_2.XLSX
35756053	Sheet1	1D-054			Escherichia coli	cefazolin	>	32		Table_2.XLSX
35756053	Sheet1	1D-054			Escherichia coli	cephalothin	>	16		Table_2.XLSX
35756053	Sheet1	1D-054			Escherichia coli	cefuroxime	>	32		Table_2.XLSX
35756053	Sheet1	1D-054			Escherichia coli	trimethoprim	>	4/76		Table_2.XLSX
35756053	Sheet1	1D-054			Escherichia coli	cefpodoxime	>	16		Table_2.XLSX
35756053	Sheet1	1D-054			Escherichia coli	ceftazidime	=	4		Table_2.XLSX
35756053	Sheet1	1D-054			Escherichia coli	tobramycin	>	8		Table_2.XLSX
35756053	Sheet1	1D-054			Escherichia coli	ceftriaxone	>	64		Table_2.XLSX
35756053	Sheet1	1D-054			Escherichia coli	tetracycline	>	16		Table_2.XLSX
35756053	Sheet1	1D-054			Escherichia coli	colistin	=	0.5		Table_2.XLSX
35756053	Sheet1	1D-055			Escherichia coli	cephalothin	=	4		Table_2.XLSX
35756053	Sheet1	1D-055			Escherichia coli	tetracycline	=	1		Table_2.XLSX
35756053	Sheet1	1D-055			Escherichia coli	colistin	=	0.5		Table_2.XLSX
35756053	Sheet1	1D-056			Escherichia coli	cephalothin	=	16		Table_2.XLSX
35756053	Sheet1	1D-056			Escherichia coli	tetracycline	=	1		Table_2.XLSX
35756053	Sheet1	1D-056			Escherichia coli	colistin	=	0.5		Table_2.XLSX
35756053	Sheet1	1D-057			Escherichia coli	cephalothin	=	8		Table_2.XLSX
35756053	Sheet1	1D-057			Escherichia coli	tetracycline	=	2		Table_2.XLSX
35756053	Sheet1	1D-057			Escherichia coli	colistin	=	0.25		Table_2.XLSX
35756053	Sheet1	1D-058			Escherichia coli	cephalothin	=	4		Table_2.XLSX
35756053	Sheet1	1D-058			Escherichia coli	tetracycline	=	2		Table_2.XLSX
35756053	Sheet1	1D-058			Escherichia coli	colistin	=	0.5		Table_2.XLSX
35756053	Sheet1	1D-059			Escherichia coli	cephalothin	=	8		Table_2.XLSX
35756053	Sheet1	1D-059			Escherichia coli	tetracycline	>	16		Table_2.XLSX
35756053	Sheet1	1D-059			Escherichia coli	colistin	=	0.25		Table_2.XLSX
35756053	Sheet1	1D-060			Escherichia coli	cephalothin	=	8		Table_2.XLSX
35756053	Sheet1	1D-060			Escherichia coli	trimethoprim	=	1/19		Table_2.XLSX
35756053	Sheet1	1D-060			Escherichia coli	tetracycline	>	16		Table_2.XLSX
35756053	Sheet1	1D-060			Escherichia coli	colistin	=	0.5		Table_2.XLSX
35756053	Sheet1	1D-061			Escherichia coli	cephalothin	=	8		Table_2.XLSX
35756053	Sheet1	1D-061			Escherichia coli	cefoxitin	=	8		Table_2.XLSX
35756053	Sheet1	1D-061			Escherichia coli	tetracycline	=	2		Table_2.XLSX
35756053	Sheet1	1D-061			Escherichia coli	colistin	=	0.25		Table_2.XLSX
35756053	Sheet1	1D-062			Escherichia coli	cephalothin	=	4		Table_2.XLSX
35756053	Sheet1	1D-062			Escherichia coli	tetracycline	=	2		Table_2.XLSX
35756053	Sheet1	1D-062			Escherichia coli	colistin	=	1		Table_2.XLSX
35756053	Sheet1	1D-063			Escherichia coli	cephalothin	=	8		Table_2.XLSX
35756053	Sheet1	1D-063			Escherichia coli	tetracycline	=	1		Table_2.XLSX
35756053	Sheet1	1D-063			Escherichia coli	colistin	=	0.5		Table_2.XLSX
35756053	Sheet1	1D-064			Escherichia coli	ampicillin	>	32		Table_2.XLSX
35756053	Sheet1	1D-064			Escherichia coli	ampicillin/sulbactam	=	8/4		Table_2.XLSX
35756053	Sheet1	1D-064			Escherichia coli	cephalothin	=	16		Table_2.XLSX
35756053	Sheet1	1D-064			Escherichia coli	tetracycline	>	16		Table_2.XLSX
35756053	Sheet1	1D-064			Escherichia coli	colistin	=	0.5		Table_2.XLSX
35756053	Sheet1	1D-065			Escherichia coli	cephalothin	=	8		Table_2.XLSX
35756053	Sheet1	1D-065			Escherichia coli	tetracycline	=	2		Table_2.XLSX
35756053	Sheet1	1D-065			Escherichia coli	colistin	=	0.5		Table_2.XLSX
35756053	Sheet1	1D-066			Escherichia coli	cephalothin	=	4		Table_2.XLSX
35756053	Sheet1	1D-066			Escherichia coli	cefoxitin	=	8		Table_2.XLSX
35756053	Sheet1	1D-066			Escherichia coli	tetracycline	=	1		Table_2.XLSX
35756053	Sheet1	1D-066			Escherichia coli	colistin	=	0.5		Table_2.XLSX
35756053	Sheet1	1D-067			Escherichia coli	cephalothin	=	16		Table_2.XLSX
35756053	Sheet1	1D-067			Escherichia coli	tetracycline	=	1		Table_2.XLSX
35756053	Sheet1	1D-067			Escherichia coli	colistin	=	0.5		Table_2.XLSX
35756053	Sheet1	1D-068			Escherichia coli	cephalothin	=	8		Table_2.XLSX
35756053	Sheet1	1D-068			Escherichia coli	tetracycline	=	1		Table_2.XLSX
35756053	Sheet1	1D-068			Escherichia coli	colistin	=	0.5		Table_2.XLSX
35756053	Sheet1	1D-069			Escherichia coli	cephalothin	=	8		Table_2.XLSX
35756053	Sheet1	1D-069			Escherichia coli	tetracycline	=	1		Table_2.XLSX
35756053	Sheet1	1D-069			Escherichia coli	colistin	=	0.25		Table_2.XLSX
35756053	Sheet1	1D-070			Escherichia coli	cephalothin	=	8		Table_2.XLSX
35756053	Sheet1	1D-070			Escherichia coli	tetracycline	=	2		Table_2.XLSX
35756053	Sheet1	1D-070			Escherichia coli	colistin	=	0.5		Table_2.XLSX
35756053	Sheet1	1D-071			Escherichia coli	ampicillin	>	32		Table_2.XLSX
35756053	Sheet1	1D-071			Escherichia coli	ampicillin/sulbactam	=	16/8		Table_2.XLSX
35756053	Sheet1	1D-071			Escherichia coli	cefazolin	=	8		Table_2.XLSX
35756053	Sheet1	1D-071			Escherichia coli	cephalothin	=	16		Table_2.XLSX
35756053	Sheet1	1D-071			Escherichia coli	cefoxitin	=	8		Table_2.XLSX
35756053	Sheet1	1D-071			Escherichia coli	ticarcillin/clavulanic acid	=	32/2		Table_2.XLSX
35756053	Sheet1	1D-071			Escherichia coli	tetracycline	=	2		Table_2.XLSX
35756053	Sheet1	1D-071			Escherichia coli	colistin	=	0.5		Table_2.XLSX
35756053	Sheet1	1D-072			Escherichia coli	cephalothin	=	4		Table_2.XLSX
35756053	Sheet1	1D-072			Escherichia coli	ciprofloxacin	>	4		Table_2.XLSX
35756053	Sheet1	1D-072			Escherichia coli	tetracycline	=	1		Table_2.XLSX
35756053	Sheet1	1D-072			Escherichia coli	colistin	=	0.5		Table_2.XLSX
35756053	Sheet1	1D-073			Escherichia coli	ampicillin	>	32		Table_2.XLSX
35756053	Sheet1	1D-073			Escherichia coli	ampicillin/sulbactam	=	16/8		Table_2.XLSX
35756053	Sheet1	1D-073			Escherichia coli	cephalothin	=	8		Table_2.XLSX
35756053	Sheet1	1D-073			Escherichia coli	gentamicin	>	16		Table_2.XLSX
35756053	Sheet1	1D-073			Escherichia coli	ciprofloxacin	>	4		Table_2.XLSX
35756053	Sheet1	1D-073			Escherichia coli	tobramycin	=	8		Table_2.XLSX
35756053	Sheet1	1D-073			Escherichia coli	tetracycline	=	1		Table_2.XLSX
35756053	Sheet1	1D-073			Escherichia coli	colistin	=	0.5		Table_2.XLSX
35756053	Sheet1	1D-074			Escherichia coli	ampicillin	>	32		Table_2.XLSX
35756053	Sheet1	1D-074			Escherichia coli	ampicillin/sulbactam	=	16/8		Table_2.XLSX
35756053	Sheet1	1D-074			Escherichia coli	cephalothin	=	8		Table_2.XLSX
35756053	Sheet1	1D-074			Escherichia coli	trimethoprim	>	4/76		Table_2.XLSX
35756053	Sheet1	1D-074			Escherichia coli	tetracycline	=	2		Table_2.XLSX
35756053	Sheet1	1D-074			Escherichia coli	colistin	=	0.25		Table_2.XLSX
35756053	Sheet1	1D-075			Escherichia coli	ampicillin	>	32		Table_2.XLSX
35756053	Sheet1	1D-075			Escherichia coli	ampicillin/sulbactam	=	16/8		Table_2.XLSX
35756053	Sheet1	1D-075			Escherichia coli	cephalothin	=	16		Table_2.XLSX
35756053	Sheet1	1D-075			Escherichia coli	trimethoprim	>	4/76		Table_2.XLSX
35756053	Sheet1	1D-075			Escherichia coli	tetracycline	>	16		Table_2.XLSX
35756053	Sheet1	1D-075			Escherichia coli	colistin	=	0.25		Table_2.XLSX
35756053	Sheet1	1D-076			Escherichia coli	cephalothin	=	8		Table_2.XLSX
35756053	Sheet1	1D-076			Escherichia coli	tetracycline	=	1		Table_2.XLSX
35756053	Sheet1	1D-076			Escherichia coli	colistin	=	0.5		Table_2.XLSX
35756053	Sheet1	1D-077			Escherichia coli	cephalothin	=	8		Table_2.XLSX
35756053	Sheet1	1D-077			Escherichia coli	tetracycline	=	2		Table_2.XLSX
35756053	Sheet1	1D-077			Escherichia coli	colistin	=	0.5		Table_2.XLSX
35756053	Sheet1	1D-078			Escherichia coli	ampicillin	>	32		Table_2.XLSX
35756053	Sheet1	1D-078			Escherichia coli	ampicillin/sulbactam	=	32/16		Table_2.XLSX
35756053	Sheet1	1D-078			Escherichia coli	cefazolin	=	8		Table_2.XLSX
35756053	Sheet1	1D-078			Escherichia coli	cephalothin	=	16		Table_2.XLSX
35756053	Sheet1	1D-078			Escherichia coli	cefuroxime	=	8		Table_2.XLSX
35756053	Sheet1	1D-078			Escherichia coli	gentamicin	=	4		Table_2.XLSX
35756053	Sheet1	1D-078			Escherichia coli	ciprofloxacin	>	4		Table_2.XLSX
35756053	Sheet1	1D-078			Escherichia coli	trimethoprim	>	4/76		Table_2.XLSX
35756053	Sheet1	1D-078			Escherichia coli	ticarcillin/clavulanic acid	=	32/2		Table_2.XLSX
35756053	Sheet1	1D-078			Escherichia coli	tetracycline	>	16		Table_2.XLSX
35756053	Sheet1	1D-078			Escherichia coli	colistin	=	0.5		Table_2.XLSX
35756053	Sheet1	1D-079			Escherichia coli	ampicillin	>	32		Table_2.XLSX
35756053	Sheet1	1D-079			Escherichia coli	ampicillin/sulbactam	=	32/16		Table_2.XLSX
35756053	Sheet1	1D-079			Escherichia coli	cephalothin	=	16		Table_2.XLSX
35756053	Sheet1	1D-079			Escherichia coli	cefuroxime	=	8		Table_2.XLSX
35756053	Sheet1	1D-079			Escherichia coli	trimethoprim	>	4/76		Table_2.XLSX
35756053	Sheet1	1D-079			Escherichia coli	ticarcillin/clavulanic acid	=	32/2		Table_2.XLSX
35756053	Sheet1	1D-079			Escherichia coli	tetracycline	>	16		Table_2.XLSX
35756053	Sheet1	1D-079			Escherichia coli	colistin	=	0.5		Table_2.XLSX
35756053	Sheet1	1D-080			Escherichia coli	ampicillin	>	32		Table_2.XLSX
35756053	Sheet1	1D-080			Escherichia coli	ampicillin/sulbactam	=	8/4		Table_2.XLSX
35756053	Sheet1	1D-080			Escherichia coli	cephalothin	=	8		Table_2.XLSX
35756053	Sheet1	1D-080			Escherichia coli	tetracycline	>	16		Table_2.XLSX
35756053	Sheet1	1D-080			Escherichia coli	colistin	=	0.5		Table_2.XLSX
35756053	Sheet1	1D-081			Escherichia coli	cephalothin	=	8		Table_2.XLSX
35756053	Sheet1	1D-081			Escherichia coli	tetracycline	=	1		Table_2.XLSX
35756053	Sheet1	1D-081			Escherichia coli	colistin	=	0.25		Table_2.XLSX
35756053	Sheet1	1D-082			Escherichia coli	cephalothin	=	8		Table_2.XLSX
35756053	Sheet1	1D-082			Escherichia coli	cefoxitin	=	8		Table_2.XLSX
35756053	Sheet1	1D-082			Escherichia coli	tetracycline	=	1		Table_2.XLSX
35756053	Sheet1	1D-082			Escherichia coli	colistin	=	0.25		Table_2.XLSX
35756053	Sheet1	1D-083			Escherichia coli	ampicillin	>	32		Table_2.XLSX
35756053	Sheet1	1D-083			Escherichia coli	ampicillin/sulbactam	=	8/4		Table_2.XLSX
35756053	Sheet1	1D-083			Escherichia coli	cephalothin	=	16		Table_2.XLSX
35756053	Sheet1	1D-083			Escherichia coli	tetracycline	>	16		Table_2.XLSX
35756053	Sheet1	1D-083			Escherichia coli	colistin	=	0.25		Table_2.XLSX
35756053	Sheet1	1D-084			Escherichia coli	cephalothin	=	8		Table_2.XLSX
35756053	Sheet1	1D-084			Escherichia coli	tetracycline	=	2		Table_2.XLSX
35756053	Sheet1	1D-084			Escherichia coli	colistin	=	0.25		Table_2.XLSX
35756053	Sheet1	1D-085			Escherichia coli	ampicillin	>	32		Table_2.XLSX
35756053	Sheet1	1D-085			Escherichia coli	ampicillin/sulbactam	=	16/8		Table_2.XLSX
35756053	Sheet1	1D-085			Escherichia coli	cephalothin	=	8		Table_2.XLSX
35756053	Sheet1	1D-085			Escherichia coli	trimethoprim	>	4/76		Table_2.XLSX
35756053	Sheet1	1D-085			Escherichia coli	ticarcillin/clavulanic acid	=	32/2		Table_2.XLSX
35756053	Sheet1	1D-085			Escherichia coli	tetracycline	>	16		Table_2.XLSX
35756053	Sheet1	1D-085			Escherichia coli	colistin	=	0.25		Table_2.XLSX
35756053	Sheet1	1D-086			Escherichia coli	amikacin	=	32		Table_2.XLSX
35756053	Sheet1	1D-086			Escherichia coli	ampicillin	>	32		Table_2.XLSX
35756053	Sheet1	1D-086			Escherichia coli	ampicillin/sulbactam	=	16/8		Table_2.XLSX
35756053	Sheet1	1D-086			Escherichia coli	cephalothin	=	16		Table_2.XLSX
35756053	Sheet1	1D-086			Escherichia coli	gentamicin	=	8		Table_2.XLSX
35756053	Sheet1	1D-086			Escherichia coli	trimethoprim	>	4/76		Table_2.XLSX
35756053	Sheet1	1D-086			Escherichia coli	tobramycin	=	8		Table_2.XLSX
35756053	Sheet1	1D-086			Escherichia coli	tetracycline	>	16		Table_2.XLSX
35756053	Sheet1	1D-086			Escherichia coli	colistin	=	0.5		Table_2.XLSX
35756053	Sheet1	1D-087			Escherichia coli	cephalothin	=	16		Table_2.XLSX
35756053	Sheet1	1D-087			Escherichia coli	tetracycline	=	1		Table_2.XLSX
35756053	Sheet1	1D-087			Escherichia coli	colistin	=	0.5		Table_2.XLSX
35756053	Sheet1	1D-088			Escherichia coli	ampicillin	>	32		Table_2.XLSX
35756053	Sheet1	1D-088			Escherichia coli	ampicillin/sulbactam	>	32/16		Table_2.XLSX
35756053	Sheet1	1D-088			Escherichia coli	cefazolin	=	8		Table_2.XLSX
35756053	Sheet1	1D-088			Escherichia coli	cephalothin	>	16		Table_2.XLSX
35756053	Sheet1	1D-088			Escherichia coli	ticarcillin/clavulanic acid	=	64/2		Table_2.XLSX
35756053	Sheet1	1D-088			Escherichia coli	tetracycline	=	1		Table_2.XLSX
35756053	Sheet1	1D-088			Escherichia coli	colistin	=	0.5		Table_2.XLSX
35756053	Sheet1	1D-089			Escherichia coli	ampicillin	>	32		Table_2.XLSX
35756053	Sheet1	1D-089			Escherichia coli	ampicillin/sulbactam	=	8/4		Table_2.XLSX
35756053	Sheet1	1D-089			Escherichia coli	aztreonam	=	16		Table_2.XLSX
35756053	Sheet1	1D-089			Escherichia coli	cefazolin	>	32		Table_2.XLSX
35756053	Sheet1	1D-089			Escherichia coli	cefepime	=	8		Table_2.XLSX
35756053	Sheet1	1D-089			Escherichia coli	cephalothin	>	16		Table_2.XLSX
35756053	Sheet1	1D-089			Escherichia coli	cefuroxime	>	32		Table_2.XLSX
35756053	Sheet1	1D-089			Escherichia coli	ciprofloxacin	>	4		Table_2.XLSX
35756053	Sheet1	1D-089			Escherichia coli	cefoxitin	=	16		Table_2.XLSX
35756053	Sheet1	1D-089			Escherichia coli	cefpodoxime	>	16		Table_2.XLSX
35756053	Sheet1	1D-089			Escherichia coli	ceftazidime	=	8		Table_2.XLSX
35756053	Sheet1	1D-089			Escherichia coli	ceftriaxone	>	64		Table_2.XLSX
35756053	Sheet1	1D-089			Escherichia coli	tetracycline	=	2		Table_2.XLSX
35756053	Sheet1	1D-089			Escherichia coli	colistin	=	0.5		Table_2.XLSX
35756053	Sheet1	1D-090			Escherichia coli	cephalothin	=	16		Table_2.XLSX
35756053	Sheet1	1D-090			Escherichia coli	cefuroxime	=	8		Table_2.XLSX
35756053	Sheet1	1D-090			Escherichia coli	cefoxitin	=	8		Table_2.XLSX
35756053	Sheet1	1D-090			Escherichia coli	tetracycline	=	1		Table_2.XLSX
35756053	Sheet1	1D-090			Escherichia coli	colistin	=	0.25		Table_2.XLSX
35756053	Sheet1	1D-091			Escherichia coli	cephalothin	=	8		Table_2.XLSX
35756053	Sheet1	1D-091			Escherichia coli	tetracycline	=	1		Table_2.XLSX
35756053	Sheet1	1D-091			Escherichia coli	colistin	=	0.25		Table_2.XLSX
35756053	Sheet1	1D-092			Escherichia coli	ampicillin	>	32		Table_2.XLSX
35756053	Sheet1	1D-092			Escherichia coli	ampicillin/sulbactam	=	32/16		Table_2.XLSX
35756053	Sheet1	1D-092			Escherichia coli	cephalothin	=	16		Table_2.XLSX
35756053	Sheet1	1D-092			Escherichia coli	trimethoprim	>	4/76		Table_2.XLSX
35756053	Sheet1	1D-092			Escherichia coli	tetracycline	=	2		Table_2.XLSX
35756053	Sheet1	1D-092			Escherichia coli	colistin	=	0.5		Table_2.XLSX
35756053	Sheet1	1D-093			Escherichia coli	cephalothin	=	8		Table_2.XLSX
35756053	Sheet1	1D-093			Escherichia coli	tetracycline	=	1		Table_2.XLSX
35756053	Sheet1	1D-093			Escherichia coli	colistin	=	0.25		Table_2.XLSX
35756053	Sheet1	1D-094			Escherichia coli	cephalothin	=	8		Table_2.XLSX
35756053	Sheet1	1D-094			Escherichia coli	tetracycline	=	2		Table_2.XLSX
35756053	Sheet1	1D-094			Escherichia coli	colistin	=	0.5		Table_2.XLSX
35756053	Sheet1	1D-095			Escherichia coli	cephalothin	=	8		Table_2.XLSX
35756053	Sheet1	1D-095			Escherichia coli	cefuroxime	=	8		Table_2.XLSX
35756053	Sheet1	1D-095			Escherichia coli	cefoxitin	=	8		Table_2.XLSX
35756053	Sheet1	1D-095			Escherichia coli	tetracycline	=	2		Table_2.XLSX
35756053	Sheet1	1D-095			Escherichia coli	colistin	=	0.5		Table_2.XLSX
35756053	Sheet1	1D-096			Escherichia coli	cephalothin	=	4		Table_2.XLSX
35756053	Sheet1	1D-096			Escherichia coli	tetracycline	=	1		Table_2.XLSX
35756053	Sheet1	1D-096			Escherichia coli	colistin	=	0.5		Table_2.XLSX
35756053	Sheet1	1D-097			Escherichia coli	cephalothin	=	8		Table_2.XLSX
35756053	Sheet1	1D-097			Escherichia coli	tetracycline	=	1		Table_2.XLSX
35756053	Sheet1	1D-097			Escherichia coli	colistin	=	0.25		Table_2.XLSX
35756053	Sheet1	1D-098			Escherichia coli	cephalothin	=	16		Table_2.XLSX
35756053	Sheet1	1D-098			Escherichia coli	cefoxitin	=	8		Table_2.XLSX
35756053	Sheet1	1D-098			Escherichia coli	tetracycline	=	2		Table_2.XLSX
35756053	Sheet1	1D-098			Escherichia coli	colistin	=	0.25		Table_2.XLSX
35756053	Sheet1	1D-099			Escherichia coli	cephalothin	=	16		Table_2.XLSX
35756053	Sheet1	1D-099			Escherichia coli	cefuroxime	=	8		Table_2.XLSX
35756053	Sheet1	1D-099			Escherichia coli	cefoxitin	=	8		Table_2.XLSX
35756053	Sheet1	1D-099			Escherichia coli	tetracycline	=	2		Table_2.XLSX
35756053	Sheet1	1D-099			Escherichia coli	colistin	=	0.25		Table_2.XLSX
35756053	Sheet1	1D-100			Escherichia coli	cephalothin	=	8		Table_2.XLSX
35756053	Sheet1	1D-100			Escherichia coli	tetracycline	=	1		Table_2.XLSX
35756053	Sheet1	1D-100			Escherichia coli	colistin	=	0.25		Table_2.XLSX
35756053	Sheet1	1D-101			Escherichia coli	cephalothin	=	8		Table_2.XLSX
35756053	Sheet1	1D-101			Escherichia coli	colistin	=	0.25		Table_2.XLSX
35756053	Sheet1	1D-102			Escherichia coli	ampicillin	>	32		Table_2.XLSX
35756053	Sheet1	1D-102			Escherichia coli	ampicillin/sulbactam	=	16/8		Table_2.XLSX
35756053	Sheet1	1D-102			Escherichia coli	cephalothin	=	4		Table_2.XLSX
35756053	Sheet1	1D-102			Escherichia coli	trimethoprim	>	4/76		Table_2.XLSX
35756053	Sheet1	1D-102			Escherichia coli	tetracycline	>	16		Table_2.XLSX
35756053	Sheet1	1D-102			Escherichia coli	colistin	=	0.5		Table_2.XLSX
35756053	Sheet1	1D-103			Escherichia coli	cephalothin	=	16		Table_2.XLSX
35756053	Sheet1	1D-103			Escherichia coli	cefoxitin	=	8		Table_2.XLSX
35756053	Sheet1	1D-103			Escherichia coli	tetracycline	=	2		Table_2.XLSX
35756053	Sheet1	1D-103			Escherichia coli	colistin	=	0.25		Table_2.XLSX
35756053	Sheet1	1D-104			Escherichia coli	cephalothin	=	16		Table_2.XLSX
35756053	Sheet1	1D-104			Escherichia coli	tetracycline	>	16		Table_2.XLSX
35756053	Sheet1	1D-104			Escherichia coli	colistin	=	0.5		Table_2.XLSX
35756053	Sheet1	1D-105			Escherichia coli	ampicillin	=	8		Table_2.XLSX
35756053	Sheet1	1D-105			Escherichia coli	cephalothin	=	16		Table_2.XLSX
35756053	Sheet1	1D-105			Escherichia coli	cefuroxime	=	8		Table_2.XLSX
35756053	Sheet1	1D-105			Escherichia coli	cefoxitin	=	8		Table_2.XLSX
35756053	Sheet1	1D-105			Escherichia coli	tetracycline	=	2		Table_2.XLSX
35756053	Sheet1	1D-105			Escherichia coli	colistin	=	0.5		Table_2.XLSX
35756053	Sheet1	1D-106			Escherichia coli	ampicillin	>	32		Table_2.XLSX
35756053	Sheet1	1D-106			Escherichia coli	ampicillin/sulbactam	=	16/8		Table_2.XLSX
35756053	Sheet1	1D-106			Escherichia coli	cefazolin	=	8		Table_2.XLSX
35756053	Sheet1	1D-106			Escherichia coli	cephalothin	>	16		Table_2.XLSX
35756053	Sheet1	1D-106			Escherichia coli	cefoxitin	=	8		Table_2.XLSX
35756053	Sheet1	1D-106			Escherichia coli	trimethoprim	>	4/76		Table_2.XLSX
35756053	Sheet1	1D-106			Escherichia coli	tetracycline	=	1		Table_2.XLSX
35756053	Sheet1	1D-106			Escherichia coli	colistin	=	0.25		Table_2.XLSX
35756053	Sheet1	1D-107			Escherichia coli	cephalothin	=	16		Table_2.XLSX
35756053	Sheet1	1D-107			Escherichia coli	tetracycline	=	1		Table_2.XLSX
35756053	Sheet1	1D-107			Escherichia coli	colistin	=	0.25		Table_2.XLSX
35756053	Sheet1	1D-108			Escherichia coli	cephalothin	=	8		Table_2.XLSX
35756053	Sheet1	1D-108			Escherichia coli	tetracycline	=	2		Table_2.XLSX
35756053	Sheet1	1D-108			Escherichia coli	colistin	=	0.5		Table_2.XLSX
35756053	Sheet1	1D-109			Escherichia coli	ampicillin	>	32		Table_2.XLSX
35756053	Sheet1	1D-109			Escherichia coli	ampicillin/sulbactam	=	8/4		Table_2.XLSX
35756053	Sheet1	1D-109			Escherichia coli	cephalothin	=	16		Table_2.XLSX
35756053	Sheet1	1D-109			Escherichia coli	gentamicin	>	16		Table_2.XLSX
35756053	Sheet1	1D-109			Escherichia coli	trimethoprim	>	4/76		Table_2.XLSX
35756053	Sheet1	1D-109			Escherichia coli	tetracycline	=	1		Table_2.XLSX
35756053	Sheet1	1D-109			Escherichia coli	colistin	=	0.5		Table_2.XLSX
35756053	Sheet1	1D-110			Escherichia coli	cephalothin	=	16		Table_2.XLSX
35756053	Sheet1	1D-110			Escherichia coli	gentamicin	>	16		Table_2.XLSX
35756053	Sheet1	1D-110			Escherichia coli	ciprofloxacin	>	4		Table_2.XLSX
35756053	Sheet1	1D-110			Escherichia coli	cefoxitin	=	8		Table_2.XLSX
35756053	Sheet1	1D-110			Escherichia coli	trimethoprim	>	4/76		Table_2.XLSX
35756053	Sheet1	1D-110			Escherichia coli	tobramycin	>	8		Table_2.XLSX
35756053	Sheet1	1D-110			Escherichia coli	tetracycline	>	16		Table_2.XLSX
35756053	Sheet1	1D-110			Escherichia coli	colistin	=	0.5		Table_2.XLSX
35756053	Sheet1	1D-111			Escherichia coli	aztreonam	=	8		Table_2.XLSX
35756053	Sheet1	1D-111			Escherichia coli	cephalothin	=	8		Table_2.XLSX
35756053	Sheet1	1D-111			Escherichia coli	tetracycline	=	1		Table_2.XLSX
35756053	Sheet1	1D-111			Escherichia coli	colistin	=	0.5		Table_2.XLSX
35756053	Sheet1	1D-112			Escherichia coli	ampicillin	>	32		Table_2.XLSX
35756053	Sheet1	1D-112			Escherichia coli	ampicillin/sulbactam	=	32/16		Table_2.XLSX
35756053	Sheet1	1D-112			Escherichia coli	cephalothin	=	16		Table_2.XLSX
35756053	Sheet1	1D-112			Escherichia coli	trimethoprim	>	4/76		Table_2.XLSX
35756053	Sheet1	1D-112			Escherichia coli	ticarcillin/clavulanic acid	=	32/2		Table_2.XLSX
35756053	Sheet1	1D-112			Escherichia coli	tetracycline	=	1		Table_2.XLSX
35756053	Sheet1	1D-112			Escherichia coli	colistin	=	0.5		Table_2.XLSX
35756053	Sheet1	1D-113			Escherichia coli	cephalothin	=	8		Table_2.XLSX
35756053	Sheet1	1D-113			Escherichia coli	cefoxitin	=	8		Table_2.XLSX
35756053	Sheet1	1D-113			Escherichia coli	tetracycline	=	1		Table_2.XLSX
35756053	Sheet1	1D-113			Escherichia coli	colistin	=	0.25		Table_2.XLSX
35756053	Sheet1	1D-114			Escherichia coli	cephalothin	=	8		Table_2.XLSX
35756053	Sheet1	1D-114			Escherichia coli	cefoxitin	=	8		Table_2.XLSX
35756053	Sheet1	1D-114			Escherichia coli	tetracycline	=	2		Table_2.XLSX
35756053	Sheet1	1D-114			Escherichia coli	colistin	=	0.25		Table_2.XLSX
35756053	Sheet1	1D-115			Escherichia coli	cephalothin	=	8		Table_2.XLSX
35756053	Sheet1	1D-115			Escherichia coli	tetracycline	=	1		Table_2.XLSX
35756053	Sheet1	1D-115			Escherichia coli	colistin	=	0.5		Table_2.XLSX
35756053	Sheet1	1D-116			Escherichia coli	cephalothin	=	8		Table_2.XLSX
35756053	Sheet1	1D-116			Escherichia coli	tetracycline	=	1		Table_2.XLSX
35756053	Sheet1	1D-116			Escherichia coli	colistin	=	0.25		Table_2.XLSX
35756053	Sheet1	1D-117			Escherichia coli	cephalothin	=	16		Table_2.XLSX
35756053	Sheet1	1D-117			Escherichia coli	tetracycline	=	1		Table_2.XLSX
35756053	Sheet1	1D-117			Escherichia coli	colistin	=	0.25		Table_2.XLSX
35756053	Sheet1	1D-118			Escherichia coli	cephalothin	=	16		Table_2.XLSX
35756053	Sheet1	1D-118			Escherichia coli	tetracycline	=	1		Table_2.XLSX
35756053	Sheet1	1D-118			Escherichia coli	colistin	=	0.25		Table_2.XLSX
35756053	Sheet1	1D-119			Escherichia coli	ampicillin	>	32		Table_2.XLSX
35756053	Sheet1	1D-119			Escherichia coli	ampicillin/sulbactam	=	32/16		Table_2.XLSX
35756053	Sheet1	1D-119			Escherichia coli	cephalothin	=	16		Table_2.XLSX
35756053	Sheet1	1D-119			Escherichia coli	ciprofloxacin	>	4		Table_2.XLSX
35756053	Sheet1	1D-119			Escherichia coli	trimethoprim	>	4/76		Table_2.XLSX
35756053	Sheet1	1D-119			Escherichia coli	tetracycline	>	16		Table_2.XLSX
35756053	Sheet1	1D-119			Escherichia coli	colistin	=	0.5		Table_2.XLSX
35756053	Sheet1	1D-120			Escherichia coli	cephalothin	=	4		Table_2.XLSX
35756053	Sheet1	1D-120			Escherichia coli	cefoxitin	=	8		Table_2.XLSX
35756053	Sheet1	1D-120			Escherichia coli	tetracycline	=	1		Table_2.XLSX
35756053	Sheet1	1D-120			Escherichia coli	colistin	=	0.5		Table_2.XLSX
35756053	Sheet1	1D-121			Escherichia coli	cephalothin	=	8		Table_2.XLSX
35756053	Sheet1	1D-121			Escherichia coli	tetracycline	=	1		Table_2.XLSX
35756053	Sheet1	1D-121			Escherichia coli	colistin	=	0.5		Table_2.XLSX
35756053	Sheet1	1D-122			Escherichia coli	cephalothin	=	8		Table_2.XLSX
35756053	Sheet1	1D-122			Escherichia coli	tetracycline	=	1		Table_2.XLSX
35756053	Sheet1	1D-122			Escherichia coli	colistin	=	0.25		Table_2.XLSX
35756053	Sheet1	1D-123			Escherichia coli	cephalothin	=	4		Table_2.XLSX
35756053	Sheet1	1D-123			Escherichia coli	tetracycline	=	1		Table_2.XLSX
35756053	Sheet1	1D-123			Escherichia coli	colistin	=	0.25		Table_2.XLSX
35756053	Sheet1	1D-124			Escherichia coli	cephalothin	=	4		Table_2.XLSX
35756053	Sheet1	1D-124			Escherichia coli	tetracycline	=	1		Table_2.XLSX
35756053	Sheet1	1D-124			Escherichia coli	colistin	=	0.25		Table_2.XLSX
35756053	Sheet1	1D-125			Escherichia coli	ampicillin	>	32		Table_2.XLSX
35756053	Sheet1	1D-125			Escherichia coli	ampicillin/sulbactam	=	8/4		Table_2.XLSX
35756053	Sheet1	1D-125			Escherichia coli	aztreonam	=	16		Table_2.XLSX
35756053	Sheet1	1D-125			Escherichia coli	cefazolin	>	32		Table_2.XLSX
35756053	Sheet1	1D-125			Escherichia coli	cephalothin	>	16		Table_2.XLSX
35756053	Sheet1	1D-125			Escherichia coli	cefuroxime	>	32		Table_2.XLSX
35756053	Sheet1	1D-125			Escherichia coli	ciprofloxacin	>	4		Table_2.XLSX
35756053	Sheet1	1D-125			Escherichia coli	cefoxitin	=	8		Table_2.XLSX
35756053	Sheet1	1D-125			Escherichia coli	cefpodoxime	>	16		Table_2.XLSX
35756053	Sheet1	1D-125			Escherichia coli	ceftazidime	=	8		Table_2.XLSX
35756053	Sheet1	1D-125			Escherichia coli	ceftriaxone	>	64		Table_2.XLSX
35756053	Sheet1	1D-125			Escherichia coli	tetracycline	=	1		Table_2.XLSX
35756053	Sheet1	1D-125			Escherichia coli	colistin	=	0.25		Table_2.XLSX
35756053	Sheet1	1D-126			Escherichia coli	cephalothin	=	8		Table_2.XLSX
35756053	Sheet1	1D-126			Escherichia coli	cefuroxime	=	8		Table_2.XLSX
35756053	Sheet1	1D-126			Escherichia coli	tetracycline	>	16		Table_2.XLSX
35756053	Sheet1	1D-126			Escherichia coli	colistin	=	0.5		Table_2.XLSX
35756053	Sheet1	1D-127			Escherichia coli	cephalothin	=	8		Table_2.XLSX
35756053	Sheet1	1D-127			Escherichia coli	tetracycline	=	1		Table_2.XLSX
35756053	Sheet1	1D-127			Escherichia coli	colistin	=	0.5		Table_2.XLSX
35756053	Sheet1	1D-128			Escherichia coli	cephalothin	=	8		Table_2.XLSX
35756053	Sheet1	1D-128			Escherichia coli	tetracycline	=	1		Table_2.XLSX
35756053	Sheet1	1D-128			Escherichia coli	colistin	=	0.5		Table_2.XLSX
35756053	Sheet1	1D-129			Escherichia coli	cephalothin	=	8		Table_2.XLSX
35756053	Sheet1	1D-129			Escherichia coli	tetracycline	=	2		Table_2.XLSX
35756053	Sheet1	1D-129			Escherichia coli	colistin	=	0.5		Table_2.XLSX
35756053	Sheet1	1D-130			Escherichia coli	cephalothin	=	8		Table_2.XLSX
35756053	Sheet1	1D-130			Escherichia coli	tetracycline	=	1		Table_2.XLSX
35756053	Sheet1	1D-130			Escherichia coli	colistin	=	0.25		Table_2.XLSX
35756053	Sheet1	1D-131			Escherichia coli	cephalothin	=	8		Table_2.XLSX
35756053	Sheet1	1D-131			Escherichia coli	cefoxitin	=	8		Table_2.XLSX
35756053	Sheet1	1D-131			Escherichia coli	tetracycline	=	2		Table_2.XLSX
35756053	Sheet1	1D-131			Escherichia coli	colistin	=	0.25		Table_2.XLSX
35756053	Sheet1	1D-132			Escherichia coli	cephalothin	=	8		Table_2.XLSX
35756053	Sheet1	1D-132			Escherichia coli	tetracycline	=	2		Table_2.XLSX
35756053	Sheet1	1D-132			Escherichia coli	colistin	=	0.5		Table_2.XLSX
35756053	Sheet1	1D-133			Escherichia coli	cephalothin	=	8		Table_2.XLSX
35756053	Sheet1	1D-133			Escherichia coli	tetracycline	=	1		Table_2.XLSX
35756053	Sheet1	1D-133			Escherichia coli	colistin	=	0.25		Table_2.XLSX
35756053	Sheet1	1D-134			Escherichia coli	cephalothin	=	8		Table_2.XLSX
35756053	Sheet1	1D-134			Escherichia coli	cefoxitin	=	8		Table_2.XLSX
35756053	Sheet1	1D-134			Escherichia coli	tetracycline	=	2		Table_2.XLSX
35756053	Sheet1	1D-134			Escherichia coli	colistin	=	0.25		Table_2.XLSX
35756053	Sheet1	1D-135			Escherichia coli	ampicillin	>	32		Table_2.XLSX
35756053	Sheet1	1D-135			Escherichia coli	ampicillin/sulbactam	=	16/8		Table_2.XLSX
35756053	Sheet1	1D-135			Escherichia coli	cephalothin	=	16		Table_2.XLSX
35756053	Sheet1	1D-135			Escherichia coli	trimethoprim	>	4/76		Table_2.XLSX
35756053	Sheet1	1D-135			Escherichia coli	ticarcillin/clavulanic acid	=	32/2		Table_2.XLSX
35756053	Sheet1	1D-135			Escherichia coli	tetracycline	>	16		Table_2.XLSX
35756053	Sheet1	1D-135			Escherichia coli	colistin	=	0.25		Table_2.XLSX
35756053	Sheet1	1D-136			Escherichia coli	ampicillin	>	32		Table_2.XLSX
35756053	Sheet1	1D-136			Escherichia coli	ampicillin/sulbactam	=	8/4		Table_2.XLSX
35756053	Sheet1	1D-136			Escherichia coli	cephalothin	=	16		Table_2.XLSX
35756053	Sheet1	1D-136			Escherichia coli	ceftazidime	=	2		Table_2.XLSX
35756053	Sheet1	1D-136			Escherichia coli	tetracycline	=	2		Table_2.XLSX
35756053	Sheet1	1D-136			Escherichia coli	colistin	=	0.5		Table_2.XLSX
35756053	Sheet1	1D-137			Escherichia coli	ampicillin	>	32		Table_2.XLSX
35756053	Sheet1	1D-137			Escherichia coli	ampicillin/sulbactam	=	32/16		Table_2.XLSX
35756053	Sheet1	1D-137			Escherichia coli	cefazolin	=	8		Table_2.XLSX
35756053	Sheet1	1D-137			Escherichia coli	cephalothin	>	16		Table_2.XLSX
35756053	Sheet1	1D-137			Escherichia coli	ticarcillin/clavulanic acid	=	32/2		Table_2.XLSX
35756053	Sheet1	1D-137			Escherichia coli	tetracycline	=	1		Table_2.XLSX
35756053	Sheet1	1D-137			Escherichia coli	colistin	=	0.5		Table_2.XLSX
35756053	Sheet1	1D-138			Escherichia coli	amikacin	=	16		Table_2.XLSX
35756053	Sheet1	1D-138			Escherichia coli	ampicillin	>	32		Table_2.XLSX
35756053	Sheet1	1D-138			Escherichia coli	ampicillin/sulbactam	=	32/16		Table_2.XLSX
35756053	Sheet1	1D-138			Escherichia coli	cefazolin	>	32		Table_2.XLSX
35756053	Sheet1	1D-138			Escherichia coli	cephalothin	>	16		Table_2.XLSX
35756053	Sheet1	1D-138			Escherichia coli	cefuroxime	>	32		Table_2.XLSX
35756053	Sheet1	1D-138			Escherichia coli	ciprofloxacin	>	4		Table_2.XLSX
35756053	Sheet1	1D-138			Escherichia coli	cefoxitin	=	8		Table_2.XLSX
35756053	Sheet1	1D-138			Escherichia coli	trimethoprim	>	4/76		Table_2.XLSX
35756053	Sheet1	1D-138			Escherichia coli	cefpodoxime	>	16		Table_2.XLSX
35756053	Sheet1	1D-138			Escherichia coli	tobramycin	>	8		Table_2.XLSX
35756053	Sheet1	1D-138			Escherichia coli	ticarcillin/clavulanic acid	=	64/2		Table_2.XLSX
35756053	Sheet1	1D-138			Escherichia coli	ceftriaxone	=	64		Table_2.XLSX
35756053	Sheet1	1D-138			Escherichia coli	tetracycline	=	4		Table_2.XLSX
35756053	Sheet1	1D-138			Escherichia coli	colistin	=	0.5		Table_2.XLSX
35756053	Sheet1	1D-139			Escherichia coli	cephalothin	=	16		Table_2.XLSX
35756053	Sheet1	1D-139			Escherichia coli	cefuroxime	=	8		Table_2.XLSX
35756053	Sheet1	1D-139			Escherichia coli	tetracycline	=	2		Table_2.XLSX
35756053	Sheet1	1D-139			Escherichia coli	colistin	=	0.5		Table_2.XLSX
35756053	Sheet1	1D-140			Escherichia coli	ampicillin	>	32		Table_2.XLSX
35756053	Sheet1	1D-140			Escherichia coli	ampicillin/sulbactam	=	8/4		Table_2.XLSX
35756053	Sheet1	1D-140			Escherichia coli	cephalothin	=	8		Table_2.XLSX
35756053	Sheet1	1D-140			Escherichia coli	tetracycline	>	16		Table_2.XLSX
35756053	Sheet1	1D-140			Escherichia coli	colistin	=	0.5		Table_2.XLSX
35756053	Sheet1	1D-141			Escherichia coli	tetracycline	=	1		Table_2.XLSX
35756053	Sheet1	1D-141			Escherichia coli	colistin	=	0.5		Table_2.XLSX
35756053	Sheet1	1D-142			Escherichia coli	cephalothin	=	8		Table_2.XLSX
35756053	Sheet1	1D-142			Escherichia coli	cefoxitin	=	8		Table_2.XLSX
35756053	Sheet1	1D-142			Escherichia coli	ceftazidime	=	4		Table_2.XLSX
35756053	Sheet1	1D-142			Escherichia coli	tetracycline	=	2		Table_2.XLSX
35756053	Sheet1	1D-142			Escherichia coli	colistin	=	0.5		Table_2.XLSX
35756053	Sheet1	1D-143			Escherichia coli	cephalothin	=	16		Table_2.XLSX
35756053	Sheet1	1D-143			Escherichia coli	cefoxitin	=	8		Table_2.XLSX
35756053	Sheet1	1D-143			Escherichia coli	tetracycline	=	2		Table_2.XLSX
35756053	Sheet1	1D-143			Escherichia coli	colistin	=	0.5		Table_2.XLSX
35756053	Sheet1	1D-144			Escherichia coli	cephalothin	=	8		Table_2.XLSX
35756053	Sheet1	1D-144			Escherichia coli	tetracycline	=	2		Table_2.XLSX
35756053	Sheet1	1D-144			Escherichia coli	colistin	=	0.5		Table_2.XLSX
35756053	Sheet1	1D-145			Escherichia coli	tetracycline	=	2		Table_2.XLSX
35756053	Sheet1	1D-145			Escherichia coli	colistin	=	0.5		Table_2.XLSX
35756053	Sheet1	1D-146			Escherichia coli	ampicillin	>	32		Table_2.XLSX
35756053	Sheet1	1D-146			Escherichia coli	ampicillin/sulbactam	=	32/16		Table_2.XLSX
35756053	Sheet1	1D-146			Escherichia coli	cephalothin	>	16		Table_2.XLSX
35756053	Sheet1	1D-146			Escherichia coli	ticarcillin/clavulanic acid	=	32/2		Table_2.XLSX
35756053	Sheet1	1D-146			Escherichia coli	tetracycline	=	2		Table_2.XLSX
35756053	Sheet1	1D-146			Escherichia coli	colistin	=	0.5		Table_2.XLSX
35756053	Sheet1	1D-147			Escherichia coli	ampicillin	>	32		Table_2.XLSX
35756053	Sheet1	1D-147			Escherichia coli	ampicillin/sulbactam	=	16/8		Table_2.XLSX
35756053	Sheet1	1D-147			Escherichia coli	cephalothin	=	16		Table_2.XLSX
35756053	Sheet1	1D-147			Escherichia coli	ciprofloxacin	=	2		Table_2.XLSX
35756053	Sheet1	1D-147			Escherichia coli	tetracycline	=	2		Table_2.XLSX
35756053	Sheet1	1D-147			Escherichia coli	colistin	=	0.5		Table_2.XLSX
35756053	Sheet1	1D-148			Escherichia coli	ampicillin	>	32		Table_2.XLSX
35756053	Sheet1	1D-148			Escherichia coli	ampicillin/sulbactam	=	16/8		Table_2.XLSX
35756053	Sheet1	1D-148			Escherichia coli	cephalothin	=	16		Table_2.XLSX
35756053	Sheet1	1D-148			Escherichia coli	cefuroxime	=	8		Table_2.XLSX
35756053	Sheet1	1D-148			Escherichia coli	ticarcillin/clavulanic acid	=	32/2		Table_2.XLSX
35756053	Sheet1	1D-148			Escherichia coli	tetracycline	>	16		Table_2.XLSX
35756053	Sheet1	1D-148			Escherichia coli	colistin	=	0.5		Table_2.XLSX
35756053	Sheet1	1D-149			Escherichia coli	ampicillin	>	32		Table_2.XLSX
35756053	Sheet1	1D-149			Escherichia coli	ampicillin/sulbactam	=	16/8		Table_2.XLSX
35756053	Sheet1	1D-149			Escherichia coli	cephalothin	>	16		Table_2.XLSX
35756053	Sheet1	1D-149			Escherichia coli	trimethoprim	>	4/76		Table_2.XLSX
35756053	Sheet1	1D-149			Escherichia coli	ticarcillin/clavulanic acid	=	32/2		Table_2.XLSX
35756053	Sheet1	1D-149			Escherichia coli	tetracycline	>	16		Table_2.XLSX
35756053	Sheet1	1D-149			Escherichia coli	colistin	=	0.5		Table_2.XLSX
35756053	Sheet1	1D-150			Escherichia coli	ampicillin	>	32		Table_2.XLSX
35756053	Sheet1	1D-150			Escherichia coli	ampicillin/sulbactam	>	32/16		Table_2.XLSX
35756053	Sheet1	1D-150			Escherichia coli	cefazolin	=	16		Table_2.XLSX
35756053	Sheet1	1D-150			Escherichia coli	cephalothin	>	16		Table_2.XLSX
35756053	Sheet1	1D-150			Escherichia coli	ciprofloxacin	>	4		Table_2.XLSX
35756053	Sheet1	1D-150			Escherichia coli	piperacillin/tazobactam	=	128/4		Table_2.XLSX
35756053	Sheet1	1D-150			Escherichia coli	trimethoprim	>	4/76		Table_2.XLSX
35756053	Sheet1	1D-150			Escherichia coli	ticarcillin/clavulanic acid	>	64/2		Table_2.XLSX
35756053	Sheet1	1D-150			Escherichia coli	tetracycline	=	2		Table_2.XLSX
35756053	Sheet1	1D-150			Escherichia coli	colistin	=	0.5		Table_2.XLSX
35756053	Sheet1	1D-151			Escherichia coli	ampicillin	>	32		Table_2.XLSX
35756053	Sheet1	1D-151			Escherichia coli	ampicillin/sulbactam	=	8/4		Table_2.XLSX
35756053	Sheet1	1D-151			Escherichia coli	cephalothin	=	8		Table_2.XLSX
35756053	Sheet1	1D-151			Escherichia coli	cefuroxime	=	8		Table_2.XLSX
35756053	Sheet1	1D-151			Escherichia coli	ciprofloxacin	>	4		Table_2.XLSX
35756053	Sheet1	1D-151			Escherichia coli	trimethoprim	>	4/76		Table_2.XLSX
35756053	Sheet1	1D-151			Escherichia coli	tetracycline	>	16		Table_2.XLSX
35756053	Sheet1	1D-151			Escherichia coli	colistin	=	0.5		Table_2.XLSX
35756053	Sheet1	1D-152			Escherichia coli	cephalothin	=	4		Table_2.XLSX
35756053	Sheet1	1D-152			Escherichia coli	tetracycline	=	2		Table_2.XLSX
35756053	Sheet1	1D-152			Escherichia coli	colistin	=	0.25		Table_2.XLSX
35756053	Sheet1	1D-153			Escherichia coli	ampicillin	=	8		Table_2.XLSX
35756053	Sheet1	1D-153			Escherichia coli	ampicillin/sulbactam	=	8/4		Table_2.XLSX
35756053	Sheet1	1D-153			Escherichia coli	cephalothin	>	16		Table_2.XLSX
35756053	Sheet1	1D-153			Escherichia coli	cefuroxime	=	16		Table_2.XLSX
35756053	Sheet1	1D-153			Escherichia coli	ciprofloxacin	>	4		Table_2.XLSX
35756053	Sheet1	1D-153			Escherichia coli	cefoxitin	=	16		Table_2.XLSX
35756053	Sheet1	1D-153			Escherichia coli	tetracycline	=	4		Table_2.XLSX
35756053	Sheet1	1D-153			Escherichia coli	colistin	=	0.5		Table_2.XLSX
35756053	Sheet1	1D-154			Escherichia coli	cephalothin	=	16		Table_2.XLSX
35756053	Sheet1	1D-154			Escherichia coli	tetracycline	=	2		Table_2.XLSX
35756053	Sheet1	1D-154			Escherichia coli	colistin	=	0.5		Table_2.XLSX
35756053	Sheet1	1D-155			Escherichia coli	cephalothin	=	8		Table_2.XLSX
35756053	Sheet1	1D-155			Escherichia coli	tetracycline	=	2		Table_2.XLSX
35756053	Sheet1	1D-155			Escherichia coli	colistin	=	0.5		Table_2.XLSX
35756053	Sheet1	1D-156			Escherichia coli	cephalothin	=	16		Table_2.XLSX
35756053	Sheet1	1D-156			Escherichia coli	tetracycline	>	16		Table_2.XLSX
35756053	Sheet1	1D-156			Escherichia coli	colistin	=	0.5		Table_2.XLSX
35756053	Sheet1	1D-157			Escherichia coli	cephalothin	=	16		Table_2.XLSX
35756053	Sheet1	1D-157			Escherichia coli	tetracycline	=	2		Table_2.XLSX
35756053	Sheet1	1D-157			Escherichia coli	colistin	=	0.5		Table_2.XLSX
35756053	Sheet1	1D-158			Escherichia coli	ampicillin	>	32		Table_2.XLSX
35756053	Sheet1	1D-158			Escherichia coli	ampicillin/sulbactam	=	16/8		Table_2.XLSX
35756053	Sheet1	1D-158			Escherichia coli	cefazolin	>	32		Table_2.XLSX
35756053	Sheet1	1D-158			Escherichia coli	cephalothin	>	16		Table_2.XLSX
35756053	Sheet1	1D-158			Escherichia coli	cefuroxime	>	32		Table_2.XLSX
35756053	Sheet1	1D-158			Escherichia coli	cefpodoxime	>	16		Table_2.XLSX
35756053	Sheet1	1D-158			Escherichia coli	ceftriaxone	>	64		Table_2.XLSX
35756053	Sheet1	1D-158			Escherichia coli	tetracycline	=	2		Table_2.XLSX
35756053	Sheet1	1D-159			Escherichia coli	ampicillin	>	32		Table_2.XLSX
35756053	Sheet1	1D-159			Escherichia coli	ampicillin/sulbactam	=	8/4		Table_2.XLSX
35756053	Sheet1	1D-159			Escherichia coli	cephalothin	=	8		Table_2.XLSX
35756053	Sheet1	1D-159			Escherichia coli	tetracycline	=	2		Table_2.XLSX
35756053	Sheet1	1D-159			Escherichia coli	colistin	=	0.5		Table_2.XLSX
35756053	Sheet1	1D-160			Escherichia coli	ampicillin	>	32		Table_2.XLSX
35756053	Sheet1	1D-160			Escherichia coli	ampicillin/sulbactam	=	32/16		Table_2.XLSX
35756053	Sheet1	1D-160			Escherichia coli	cephalothin	=	16		Table_2.XLSX
35756053	Sheet1	1D-160			Escherichia coli	cefuroxime	=	16		Table_2.XLSX
35756053	Sheet1	1D-160			Escherichia coli	cefoxitin	=	8		Table_2.XLSX
35756053	Sheet1	1D-160			Escherichia coli	trimethoprim	>	4/76		Table_2.XLSX
35756053	Sheet1	1D-160			Escherichia coli	ticarcillin/clavulanic acid	=	64/2		Table_2.XLSX
35756053	Sheet1	1D-160			Escherichia coli	tetracycline	=	2		Table_2.XLSX
35756053	Sheet1	1D-160			Escherichia coli	colistin	=	0.5		Table_2.XLSX
35756053	Sheet1	1D-161			Escherichia coli	ampicillin	>	32		Table_2.XLSX
35756053	Sheet1	1D-161			Escherichia coli	ampicillin/sulbactam	=	16/8		Table_2.XLSX
35756053	Sheet1	1D-161			Escherichia coli	cephalothin	=	16		Table_2.XLSX
35756053	Sheet1	1D-161			Escherichia coli	tetracycline	>	16		Table_2.XLSX
35756053	Sheet1	1D-161			Escherichia coli	colistin	=	0.5		Table_2.XLSX
35756053	Sheet1	1D-162			Escherichia coli	ampicillin	>	32		Table_2.XLSX
35756053	Sheet1	1D-162			Escherichia coli	ampicillin/sulbactam	=	16/8		Table_2.XLSX
35756053	Sheet1	1D-162			Escherichia coli	cephalothin	=	8		Table_2.XLSX
35756053	Sheet1	1D-162			Escherichia coli	tetracycline	>	16		Table_2.XLSX
35756053	Sheet1	1D-162			Escherichia coli	colistin	=	0.5		Table_2.XLSX
35756053	Sheet1	1D-163			Escherichia coli	cephalothin	=	16		Table_2.XLSX
35756053	Sheet1	1D-163			Escherichia coli	tetracycline	=	2		Table_2.XLSX
35756053	Sheet1	1D-163			Escherichia coli	colistin	=	0.5		Table_2.XLSX
35756053	Sheet1	1D-164			Escherichia coli	cephalothin	=	16		Table_2.XLSX
35756053	Sheet1	1D-164			Escherichia coli	tetracycline	=	4		Table_2.XLSX
35756053	Sheet1	1D-165			Escherichia coli	ampicillin	>	32		Table_2.XLSX
35756053	Sheet1	1D-165			Escherichia coli	ampicillin/sulbactam	=	16/8		Table_2.XLSX
35756053	Sheet1	1D-165			Escherichia coli	cephalothin	=	16		Table_2.XLSX
35756053	Sheet1	1D-165			Escherichia coli	cefuroxime	=	8		Table_2.XLSX
35756053	Sheet1	1D-165			Escherichia coli	trimethoprim	>	4/76		Table_2.XLSX
35756053	Sheet1	1D-165			Escherichia coli	ticarcillin/clavulanic acid	=	32/2		Table_2.XLSX
35756053	Sheet1	1D-165			Escherichia coli	tetracycline	>	16		Table_2.XLSX
35756053	Sheet1	1D-165			Escherichia coli	colistin	=	0.5		Table_2.XLSX
35756053	Sheet1	1D-166			Escherichia coli	cephalothin	=	16		Table_2.XLSX
35756053	Sheet1	1D-166			Escherichia coli	cefuroxime	=	8		Table_2.XLSX
35756053	Sheet1	1D-166			Escherichia coli	tetracycline	>	16		Table_2.XLSX
35756053	Sheet1	1D-166			Escherichia coli	colistin	=	0.5		Table_2.XLSX
35756053	Sheet1	1D-167			Escherichia coli	ampicillin	>	32		Table_2.XLSX
35756053	Sheet1	1D-167			Escherichia coli	ampicillin/sulbactam	=	16/8		Table_2.XLSX
35756053	Sheet1	1D-167			Escherichia coli	cephalothin	=	16		Table_2.XLSX
35756053	Sheet1	1D-167			Escherichia coli	ticarcillin/clavulanic acid	=	32/2		Table_2.XLSX
35756053	Sheet1	1D-167			Escherichia coli	tetracycline	=	2		Table_2.XLSX
35756053	Sheet1	1D-167			Escherichia coli	colistin	=	0.25		Table_2.XLSX
35756053	Sheet1	1D-168			Escherichia coli	cephalothin	=	8		Table_2.XLSX
35756053	Sheet1	1D-168			Escherichia coli	tetracycline	=	2		Table_2.XLSX
35756053	Sheet1	1D-168			Escherichia coli	colistin	=	0.5		Table_2.XLSX
35756053	Sheet1	1D-169			Escherichia coli	amikacin	=	16		Table_2.XLSX
35756053	Sheet1	1D-169			Escherichia coli	ampicillin	>	32		Table_2.XLSX
35756053	Sheet1	1D-169			Escherichia coli	ampicillin/sulbactam	=	32/16		Table_2.XLSX
35756053	Sheet1	1D-169			Escherichia coli	aztreonam	>	32		Table_2.XLSX
35756053	Sheet1	1D-169			Escherichia coli	cefazolin	>	32		Table_2.XLSX
35756053	Sheet1	1D-169			Escherichia coli	cefepime	=	8		Table_2.XLSX
35756053	Sheet1	1D-169			Escherichia coli	cephalothin	>	16		Table_2.XLSX
35756053	Sheet1	1D-169			Escherichia coli	cefuroxime	>	32		Table_2.XLSX
35756053	Sheet1	1D-169			Escherichia coli	ciprofloxacin	>	4		Table_2.XLSX
35756053	Sheet1	1D-169			Escherichia coli	piperacillin/tazobactam	=	64/4		Table_2.XLSX
35756053	Sheet1	1D-169			Escherichia coli	cefoxitin	=	8		Table_2.XLSX
35756053	Sheet1	1D-169			Escherichia coli	trimethoprim	>	4/76		Table_2.XLSX
35756053	Sheet1	1D-169			Escherichia coli	cefpodoxime	>	16		Table_2.XLSX
35756053	Sheet1	1D-169			Escherichia coli	ceftazidime	=	32		Table_2.XLSX
35756053	Sheet1	1D-169			Escherichia coli	tobramycin	>	8		Table_2.XLSX
35756053	Sheet1	1D-169			Escherichia coli	ticarcillin/clavulanic acid	>	64/2		Table_2.XLSX
35756053	Sheet1	1D-169			Escherichia coli	ceftriaxone	>	64		Table_2.XLSX
35756053	Sheet1	1D-169			Escherichia coli	tetracycline	=	4		Table_2.XLSX
35756053	Sheet1	1D-169			Escherichia coli	colistin	=	1		Table_2.XLSX
35756053	Sheet1	1D-170			Escherichia coli	cephalothin	=	16		Table_2.XLSX
35756053	Sheet1	1D-170			Escherichia coli	tetracycline	=	4		Table_2.XLSX
35756053	Sheet1	1D-170			Escherichia coli	colistin	=	0.5		Table_2.XLSX
35756053	Sheet1	1D-171			Escherichia coli	cephalothin	=	16		Table_2.XLSX
35756053	Sheet1	1D-171			Escherichia coli	cefuroxime	=	8		Table_2.XLSX
35756053	Sheet1	1D-171			Escherichia coli	cefoxitin	=	8		Table_2.XLSX
35756053	Sheet1	1D-171			Escherichia coli	ticarcillin/clavulanic acid	=	32/2		Table_2.XLSX
35756053	Sheet1	1D-171			Escherichia coli	tetracycline	=	4		Table_2.XLSX
35756053	Sheet1	1D-171			Escherichia coli	colistin	=	0.5		Table_2.XLSX
35756053	Sheet1	1D-267			Escherichia coli	ampicillin	>	32		Table_2.XLSX
35756053	Sheet1	1D-267			Escherichia coli	ampicillin/sulbactam	=	32/16		Table_2.XLSX
35756053	Sheet1	1D-267			Escherichia coli	cephalothin	=	8		Table_2.XLSX
35756053	Sheet1	1D-267			Escherichia coli	cefuroxime	=	8		Table_2.XLSX
35756053	Sheet1	1D-267			Escherichia coli	trimethoprim	>	4/76		Table_2.XLSX
35756053	Sheet1	1D-267			Escherichia coli	ticarcillin/clavulanic acid	>	64/2		Table_2.XLSX
35756053	Sheet1	1D-267			Escherichia coli	tetracycline	=	2		Table_2.XLSX
35756053	Sheet1	1D-460			Escherichia coli	ampicillin	>	32		Table_2.XLSX
35756053	Sheet1	1D-460			Escherichia coli	ampicillin/sulbactam	=	16/8		Table_2.XLSX
35756053	Sheet1	1D-460			Escherichia coli	cephalothin	=	16		Table_2.XLSX
35756053	Sheet1	1D-460			Escherichia coli	trimethoprim	>	4/76		Table_2.XLSX
35756053	Sheet1	1D-460			Escherichia coli	tetracycline	=	2		Table_2.XLSX
35756053	Sheet1	1D-460			Escherichia coli	colistin	=	0.5		Table_2.XLSX
35756053	Sheet1	1D-173			Klebsiella oxytoca	ampicillin	>	32		Table_2.XLSX
35756053	Sheet1	1D-173			Klebsiella oxytoca	ampicillin/sulbactam	=	8/4		Table_2.XLSX
35756053	Sheet1	1D-173			Klebsiella oxytoca	cefazolin	=	8		Table_2.XLSX
35756053	Sheet1	1D-173			Klebsiella oxytoca	cephalothin	=	8		Table_2.XLSX
35756053	Sheet1	1D-173			Klebsiella oxytoca	cefuroxime	=	16		Table_2.XLSX
35756053	Sheet1	1D-173			Klebsiella oxytoca	tetracycline	=	1		Table_2.XLSX
35756053	Sheet1	1D-173			Klebsiella oxytoca	colistin	=	0.5		Table_2.XLSX
35756053	Sheet1	1D-174			Klebsiella oxytoca	ampicillin	>	32		Table_2.XLSX
35756053	Sheet1	1D-174			Klebsiella oxytoca	ampicillin/sulbactam	=	16/8		Table_2.XLSX
35756053	Sheet1	1D-174			Klebsiella oxytoca	cefazolin	=	32		Table_2.XLSX
35756053	Sheet1	1D-174			Klebsiella oxytoca	cephalothin	=	16		Table_2.XLSX
35756053	Sheet1	1D-174			Klebsiella oxytoca	tetracycline	=	1		Table_2.XLSX
35756053	Sheet1	1D-174			Klebsiella oxytoca	colistin	=	0.5		Table_2.XLSX
35756053	Sheet1	1D-175			Klebsiella oxytoca	ampicillin	>	32		Table_2.XLSX
35756053	Sheet1	1D-175			Klebsiella oxytoca	ampicillin/sulbactam	=	32/16		Table_2.XLSX
35756053	Sheet1	1D-175			Klebsiella oxytoca	aztreonam	=	32		Table_2.XLSX
35756053	Sheet1	1D-175			Klebsiella oxytoca	cefazolin	>	32		Table_2.XLSX
35756053	Sheet1	1D-175			Klebsiella oxytoca	cephalothin	>	16		Table_2.XLSX
35756053	Sheet1	1D-175			Klebsiella oxytoca	cefuroxime	>	32		Table_2.XLSX
35756053	Sheet1	1D-175			Klebsiella oxytoca	ciprofloxacin	>	4		Table_2.XLSX
35756053	Sheet1	1D-175			Klebsiella oxytoca	trimethoprim	>	4/76		Table_2.XLSX
35756053	Sheet1	1D-175			Klebsiella oxytoca	cefpodoxime	>	16		Table_2.XLSX
35756053	Sheet1	1D-175			Klebsiella oxytoca	ceftazidime	=	16		Table_2.XLSX
35756053	Sheet1	1D-175			Klebsiella oxytoca	ceftriaxone	>	64		Table_2.XLSX
35756053	Sheet1	1D-175			Klebsiella oxytoca	tetracycline	=	1		Table_2.XLSX
35756053	Sheet1	1D-175			Klebsiella oxytoca	colistin	=	1		Table_2.XLSX
35756053	Sheet1	1D-176			Klebsiella oxytoca	ampicillin	>	32		Table_2.XLSX
35756053	Sheet1	1D-176			Klebsiella oxytoca	ampicillin/sulbactam	>	32/16		Table_2.XLSX
35756053	Sheet1	1D-176			Klebsiella oxytoca	aztreonam	=	32		Table_2.XLSX
35756053	Sheet1	1D-176			Klebsiella oxytoca	cefazolin	>	32		Table_2.XLSX
35756053	Sheet1	1D-176			Klebsiella oxytoca	cephalothin	>	16		Table_2.XLSX
35756053	Sheet1	1D-176			Klebsiella oxytoca	cefuroxime	>	32		Table_2.XLSX
35756053	Sheet1	1D-176			Klebsiella oxytoca	piperacillin/tazobactam	>	128/4		Table_2.XLSX
35756053	Sheet1	1D-176			Klebsiella oxytoca	cefpodoxime	=	4		Table_2.XLSX
35756053	Sheet1	1D-176			Klebsiella oxytoca	ticarcillin/clavulanic acid	>	64/2		Table_2.XLSX
35756053	Sheet1	1D-176			Klebsiella oxytoca	ceftriaxone	=	16		Table_2.XLSX
35756053	Sheet1	1D-176			Klebsiella oxytoca	tetracycline	=	1		Table_2.XLSX
35756053	Sheet1	1D-176			Klebsiella oxytoca	colistin	=	0.5		Table_2.XLSX
35756053	Sheet1	1D-177			Klebsiella oxytoca	ampicillin	>	32		Table_2.XLSX
35756053	Sheet1	1D-177			Klebsiella oxytoca	ampicillin/sulbactam	=	16/8		Table_2.XLSX
35756053	Sheet1	1D-177			Klebsiella oxytoca	cefazolin	=	32		Table_2.XLSX
35756053	Sheet1	1D-177			Klebsiella oxytoca	cephalothin	=	16		Table_2.XLSX
35756053	Sheet1	1D-177			Klebsiella oxytoca	tetracycline	=	1		Table_2.XLSX
35756053	Sheet1	1D-177			Klebsiella oxytoca	colistin	=	0.5		Table_2.XLSX
35756053	Sheet1	1D-178			Klebsiella oxytoca	ampicillin	>	32		Table_2.XLSX
35756053	Sheet1	1D-178			Klebsiella oxytoca	ampicillin/sulbactam	=	16/8		Table_2.XLSX
35756053	Sheet1	1D-178			Klebsiella oxytoca	cefazolin	=	16		Table_2.XLSX
35756053	Sheet1	1D-178			Klebsiella oxytoca	cephalothin	=	8		Table_2.XLSX
35756053	Sheet1	1D-178			Klebsiella oxytoca	tetracycline	=	1		Table_2.XLSX
35756053	Sheet1	1D-178			Klebsiella oxytoca	colistin	=	0.5		Table_2.XLSX
35756053	Sheet1	1D-179			Klebsiella oxytoca	ampicillin	>	32		Table_2.XLSX
35756053	Sheet1	1D-179			Klebsiella oxytoca	ampicillin/sulbactam	=	16/8		Table_2.XLSX
35756053	Sheet1	1D-179			Klebsiella oxytoca	trimethoprim	>	4/76		Table_2.XLSX
35756053	Sheet1	1D-179			Klebsiella oxytoca	tetracycline	>	16		Table_2.XLSX
35756053	Sheet1	1D-179			Klebsiella oxytoca	colistin	=	0.5		Table_2.XLSX
35756053	Sheet1	1D-180			Klebsiella oxytoca	ampicillin	>	32		Table_2.XLSX
35756053	Sheet1	1D-180			Klebsiella oxytoca	ampicillin/sulbactam	=	16/8		Table_2.XLSX
35756053	Sheet1	1D-180			Klebsiella oxytoca	cefazolin	=	16		Table_2.XLSX
35756053	Sheet1	1D-180			Klebsiella oxytoca	cephalothin	=	8		Table_2.XLSX
35756053	Sheet1	1D-180			Klebsiella oxytoca	tetracycline	=	2		Table_2.XLSX
35756053	Sheet1	1D-180			Klebsiella oxytoca	colistin	=	0.5		Table_2.XLSX
35756053	Sheet1	1D-181			Klebsiella oxytoca	ampicillin	>	32		Table_2.XLSX
35756053	Sheet1	1D-181			Klebsiella oxytoca	ampicillin/sulbactam	=	16/8		Table_2.XLSX
35756053	Sheet1	1D-181			Klebsiella oxytoca	cefazolin	=	16		Table_2.XLSX
35756053	Sheet1	1D-181			Klebsiella oxytoca	cephalothin	=	8		Table_2.XLSX
35756053	Sheet1	1D-181			Klebsiella oxytoca	tetracycline	=	1		Table_2.XLSX
35756053	Sheet1	1D-181			Klebsiella oxytoca	colistin	=	0.5		Table_2.XLSX
35756053	Sheet1	1D-202			Klebsiella oxytoca	ampicillin	=	32		Table_2.XLSX
35756053	Sheet1	1D-202			Klebsiella oxytoca	ampicillin/sulbactam	=	8/4		Table_2.XLSX
35756053	Sheet1	1D-202			Klebsiella oxytoca	cefazolin	=	16		Table_2.XLSX
35756053	Sheet1	1D-202			Klebsiella oxytoca	cephalothin	=	8		Table_2.XLSX
35756053	Sheet1	1D-202			Klebsiella oxytoca	tetracycline	=	1		Table_2.XLSX
35756053	Sheet1	1D-202			Klebsiella oxytoca	colistin	=	0.5		Table_2.XLSX
35756053	Sheet1	1D-183			Klebsiella pneumoniae	ampicillin	=	32		Table_2.XLSX
35756053	Sheet1	1D-183			Klebsiella pneumoniae	cephalothin	=	4		Table_2.XLSX
35756053	Sheet1	1D-183			Klebsiella pneumoniae	tetracycline	=	2		Table_2.XLSX
35756053	Sheet1	1D-183			Klebsiella pneumoniae	colistin	=	0.5		Table_2.XLSX
35756053	Sheet1	1D-184			Klebsiella pneumoniae	ampicillin	=	32		Table_2.XLSX
35756053	Sheet1	1D-184			Klebsiella pneumoniae	ampicillin/sulbactam	=	8/4		Table_2.XLSX
35756053	Sheet1	1D-184			Klebsiella pneumoniae	cephalothin	=	4		Table_2.XLSX
35756053	Sheet1	1D-184			Klebsiella pneumoniae	tetracycline	=	2		Table_2.XLSX
35756053	Sheet1	1D-184			Klebsiella pneumoniae	colistin	=	0.5		Table_2.XLSX
35756053	Sheet1	1D-185			Klebsiella pneumoniae	ampicillin	=	32		Table_2.XLSX
35756053	Sheet1	1D-185			Klebsiella pneumoniae	ampicillin/sulbactam	=	8/4		Table_2.XLSX
35756053	Sheet1	1D-185			Klebsiella pneumoniae	cephalothin	=	4		Table_2.XLSX
35756053	Sheet1	1D-185			Klebsiella pneumoniae	tetracycline	=	2		Table_2.XLSX
35756053	Sheet1	1D-185			Klebsiella pneumoniae	colistin	=	0.5		Table_2.XLSX
35756053	Sheet1	1D-186			Klebsiella pneumoniae	ampicillin	>	32		Table_2.XLSX
35756053	Sheet1	1D-186			Klebsiella pneumoniae	ampicillin/sulbactam	=	32/16		Table_2.XLSX
35756053	Sheet1	1D-186			Klebsiella pneumoniae	cephalothin	=	8		Table_2.XLSX
35756053	Sheet1	1D-186			Klebsiella pneumoniae	tetracycline	=	4		Table_2.XLSX
35756053	Sheet1	1D-186			Klebsiella pneumoniae	colistin	=	0.5		Table_2.XLSX
35756053	Sheet1	1D-187			Klebsiella pneumoniae	ampicillin	=	32		Table_2.XLSX
35756053	Sheet1	1D-187			Klebsiella pneumoniae	tetracycline	=	2		Table_2.XLSX
35756053	Sheet1	1D-187			Klebsiella pneumoniae	colistin	=	0.5		Table_2.XLSX
35756053	Sheet1	1D-188			Klebsiella pneumoniae	ampicillin	=	32		Table_2.XLSX
35756053	Sheet1	1D-188			Klebsiella pneumoniae	tetracycline	=	2		Table_2.XLSX
35756053	Sheet1	1D-188			Klebsiella pneumoniae	colistin	=	1		Table_2.XLSX
35756053	Sheet1	1D-189			Klebsiella pneumoniae	ampicillin	=	32		Table_2.XLSX
35756053	Sheet1	1D-189			Klebsiella pneumoniae	cephalothin	=	4		Table_2.XLSX
35756053	Sheet1	1D-189			Klebsiella pneumoniae	tetracycline	=	2		Table_2.XLSX
35756053	Sheet1	1D-189			Klebsiella pneumoniae	colistin	=	0.5		Table_2.XLSX
35756053	Sheet1	1D-190			Klebsiella pneumoniae	ampicillin	>	32		Table_2.XLSX
35756053	Sheet1	1D-190			Klebsiella pneumoniae	ampicillin/sulbactam	=	32/16		Table_2.XLSX
35756053	Sheet1	1D-190			Klebsiella pneumoniae	cefazolin	>	32		Table_2.XLSX
35756053	Sheet1	1D-190			Klebsiella pneumoniae	cephalothin	>	16		Table_2.XLSX
35756053	Sheet1	1D-190			Klebsiella pneumoniae	cefuroxime	>	32		Table_2.XLSX
35756053	Sheet1	1D-190			Klebsiella pneumoniae	gentamicin	>	16		Table_2.XLSX
35756053	Sheet1	1D-190			Klebsiella pneumoniae	trimethoprim	>	4/76		Table_2.XLSX
35756053	Sheet1	1D-190			Klebsiella pneumoniae	cefpodoxime	>	16		Table_2.XLSX
35756053	Sheet1	1D-190			Klebsiella pneumoniae	ticarcillin/clavulanic acid	=	64/2		Table_2.XLSX
35756053	Sheet1	1D-190			Klebsiella pneumoniae	ceftriaxone	=	32		Table_2.XLSX
35756053	Sheet1	1D-190			Klebsiella pneumoniae	tetracycline	>	16		Table_2.XLSX
35756053	Sheet1	1D-190			Klebsiella pneumoniae	colistin	=	0.5		Table_2.XLSX
35756053	Sheet1	1D-191			Klebsiella pneumoniae	ampicillin	>	32		Table_2.XLSX
35756053	Sheet1	1D-191			Klebsiella pneumoniae	ampicillin/sulbactam	>	32/16		Table_2.XLSX
35756053	Sheet1	1D-191			Klebsiella pneumoniae	cefazolin	=	16		Table_2.XLSX
35756053	Sheet1	1D-191			Klebsiella pneumoniae	cephalothin	>	16		Table_2.XLSX
35756053	Sheet1	1D-191			Klebsiella pneumoniae	trimethoprim	>	4/76		Table_2.XLSX
35756053	Sheet1	1D-191			Klebsiella pneumoniae	ticarcillin/clavulanic acid	>	64/2		Table_2.XLSX
35756053	Sheet1	1D-191			Klebsiella pneumoniae	tetracycline	=	2		Table_2.XLSX
35756053	Sheet1	1D-191			Klebsiella pneumoniae	colistin	=	0.5		Table_2.XLSX
35756053	Sheet1	1D-192			Klebsiella pneumoniae	ampicillin	=	32		Table_2.XLSX
35756053	Sheet1	1D-192			Klebsiella pneumoniae	ampicillin/sulbactam	=	8/4		Table_2.XLSX
35756053	Sheet1	1D-192			Klebsiella pneumoniae	cephalothin	=	4		Table_2.XLSX
35756053	Sheet1	1D-192			Klebsiella pneumoniae	tetracycline	=	2		Table_2.XLSX
35756053	Sheet1	1D-192			Klebsiella pneumoniae	colistin	=	0.5		Table_2.XLSX
35756053	Sheet1	1D-193			Klebsiella pneumoniae	ampicillin	=	32		Table_2.XLSX
35756053	Sheet1	1D-193			Klebsiella pneumoniae	tetracycline	=	2		Table_2.XLSX
35756053	Sheet1	1D-193			Klebsiella pneumoniae	colistin	=	0.5		Table_2.XLSX
35756053	Sheet1	1D-195			Klebsiella pneumoniae	ampicillin	=	32		Table_2.XLSX
35756053	Sheet1	1D-195			Klebsiella pneumoniae	tetracycline	=	2		Table_2.XLSX
35756053	Sheet1	1D-195			Klebsiella pneumoniae	colistin	=	0.5		Table_2.XLSX
35756053	Sheet1	1D-197			Klebsiella pneumoniae	ampicillin	=	32		Table_2.XLSX
35756053	Sheet1	1D-197			Klebsiella pneumoniae	cephalothin	=	4		Table_2.XLSX
35756053	Sheet1	1D-197			Klebsiella pneumoniae	tetracycline	=	2		Table_2.XLSX
35756053	Sheet1	1D-197			Klebsiella pneumoniae	colistin	=	0.5		Table_2.XLSX
35756053	Sheet1	1D-198			Klebsiella pneumoniae	ampicillin	>	32		Table_2.XLSX
35756053	Sheet1	1D-198			Klebsiella pneumoniae	ampicillin/sulbactam	=	16/8		Table_2.XLSX
35756053	Sheet1	1D-198			Klebsiella pneumoniae	cephalothin	=	4		Table_2.XLSX
35756053	Sheet1	1D-198			Klebsiella pneumoniae	ticarcillin/clavulanic acid	=	32/2		Table_2.XLSX
35756053	Sheet1	1D-198			Klebsiella pneumoniae	tetracycline	=	2		Table_2.XLSX
35756053	Sheet1	1D-198			Klebsiella pneumoniae	colistin	=	0.5		Table_2.XLSX
35756053	Sheet1	1D-199			Klebsiella pneumoniae	ampicillin	=	32		Table_2.XLSX
35756053	Sheet1	1D-199			Klebsiella pneumoniae	ampicillin/sulbactam	=	8/4		Table_2.XLSX
35756053	Sheet1	1D-199			Klebsiella pneumoniae	tetracycline	=	2		Table_2.XLSX
35756053	Sheet1	1D-199			Klebsiella pneumoniae	colistin	=	0.5		Table_2.XLSX
35756053	Sheet1	1D-200			Klebsiella pneumoniae	ampicillin	>	32		Table_2.XLSX
35756053	Sheet1	1D-200			Klebsiella pneumoniae	ampicillin/sulbactam	>	32/16		Table_2.XLSX
35756053	Sheet1	1D-200			Klebsiella pneumoniae	aztreonam	>	32		Table_2.XLSX
35756053	Sheet1	1D-200			Klebsiella pneumoniae	cefazolin	>	32		Table_2.XLSX
35756053	Sheet1	1D-200			Klebsiella pneumoniae	cefepime	>	32		Table_2.XLSX
35756053	Sheet1	1D-200			Klebsiella pneumoniae	cephalothin	>	16		Table_2.XLSX
35756053	Sheet1	1D-200			Klebsiella pneumoniae	ertapenem	=	4		Table_2.XLSX
35756053	Sheet1	1D-200			Klebsiella pneumoniae	cefuroxime	>	32		Table_2.XLSX
35756053	Sheet1	1D-200			Klebsiella pneumoniae	ciprofloxacin	=	1		Table_2.XLSX
35756053	Sheet1	1D-200			Klebsiella pneumoniae	piperacillin/tazobactam	>	128/4		Table_2.XLSX
35756053	Sheet1	1D-200			Klebsiella pneumoniae	cefoxitin	=	32		Table_2.XLSX
35756053	Sheet1	1D-200			Klebsiella pneumoniae	trimethoprim	>	4/76		Table_2.XLSX
35756053	Sheet1	1D-200			Klebsiella pneumoniae	cefpodoxime	>	16		Table_2.XLSX
35756053	Sheet1	1D-200			Klebsiella pneumoniae	ceftazidime	>	32		Table_2.XLSX
35756053	Sheet1	1D-200			Klebsiella pneumoniae	ticarcillin/clavulanic acid	>	64/2		Table_2.XLSX
35756053	Sheet1	1D-200			Klebsiella pneumoniae	ceftriaxone	>	64		Table_2.XLSX
35756053	Sheet1	1D-200			Klebsiella pneumoniae	tetracycline	=	4		Table_2.XLSX
35756053	Sheet1	1D-200			Klebsiella pneumoniae	colistin	=	0.5		Table_2.XLSX
35756053	Sheet1	1D-201			Klebsiella pneumoniae	ampicillin	>	32		Table_2.XLSX
35756053	Sheet1	1D-201			Klebsiella pneumoniae	ampicillin/sulbactam	=	16/8		Table_2.XLSX
35756053	Sheet1	1D-201			Klebsiella pneumoniae	cephalothin	=	8		Table_2.XLSX
35756053	Sheet1	1D-201			Klebsiella pneumoniae	cefuroxime	=	16		Table_2.XLSX
35756053	Sheet1	1D-201			Klebsiella pneumoniae	ciprofloxacin	>	4		Table_2.XLSX
35756053	Sheet1	1D-201			Klebsiella pneumoniae	cefoxitin	=	8		Table_2.XLSX
35756053	Sheet1	1D-201			Klebsiella pneumoniae	tetracycline	=	8		Table_2.XLSX
35756053	Sheet1	1D-201			Klebsiella pneumoniae	colistin	=	0.5		Table_2.XLSX
35756053	Sheet1	1D-204			Klebsiella pneumoniae	ampicillin	=	32		Table_2.XLSX
35756053	Sheet1	1D-204			Klebsiella pneumoniae	tetracycline	=	1		Table_2.XLSX
35756053	Sheet1	1D-204			Klebsiella pneumoniae	colistin	=	0.5		Table_2.XLSX
35756053	Sheet1	1D-205			Klebsiella pneumoniae	ampicillin	=	32		Table_2.XLSX
35756053	Sheet1	1D-205			Klebsiella pneumoniae	cephalothin	=	4		Table_2.XLSX
35756053	Sheet1	1D-205			Klebsiella pneumoniae	tetracycline	=	2		Table_2.XLSX
35756053	Sheet1	1D-205			Klebsiella pneumoniae	colistin	=	0.5		Table_2.XLSX
35756053	Sheet1	1D-206			Klebsiella pneumoniae	ampicillin	>	32		Table_2.XLSX
35756053	Sheet1	1D-206			Klebsiella pneumoniae	ampicillin/sulbactam	>	32/16		Table_2.XLSX
35756053	Sheet1	1D-206			Klebsiella pneumoniae	cefazolin	=	16		Table_2.XLSX
35756053	Sheet1	1D-206			Klebsiella pneumoniae	cephalothin	>	16		Table_2.XLSX
35756053	Sheet1	1D-206			Klebsiella pneumoniae	piperacillin/tazobactam	=	32/4		Table_2.XLSX
35756053	Sheet1	1D-206			Klebsiella pneumoniae	trimethoprim	>	4/76		Table_2.XLSX
35756053	Sheet1	1D-206			Klebsiella pneumoniae	ticarcillin/clavulanic acid	>	64/2		Table_2.XLSX
35756053	Sheet1	1D-206			Klebsiella pneumoniae	tetracycline	=	2		Table_2.XLSX
35756053	Sheet1	1D-206			Klebsiella pneumoniae	colistin	=	0.5		Table_2.XLSX
35756053	Sheet1	1D-194			Klebsiella variicola	ampicillin	=	16		Table_2.XLSX
35756053	Sheet1	1D-194			Klebsiella variicola	tetracycline	=	2		Table_2.XLSX
35756053	Sheet1	1D-194			Klebsiella variicola	colistin	=	0.5		Table_2.XLSX
35756053	Sheet1	1D-182			Klebsiella sp	ampicillin	>	32		Table_2.XLSX
35756053	Sheet1	1D-182			Klebsiella sp	ampicillin/sulbactam	=	8/4		Table_2.XLSX
35756053	Sheet1	1D-182			Klebsiella sp	cefazolin	=	16		Table_2.XLSX
35756053	Sheet1	1D-182			Klebsiella sp	cephalothin	=	8		Table_2.XLSX
35756053	Sheet1	1D-182			Klebsiella sp	cefuroxime	=	8		Table_2.XLSX
35756053	Sheet1	1D-182			Klebsiella sp	tetracycline	=	4		Table_2.XLSX
35756053	Sheet1	1D-182			Klebsiella sp	colistin	=	0.5		Table_2.XLSX
35756053	Sheet1	1D-196			Klebsiella sp	ampicillin	>	32		Table_2.XLSX
35756053	Sheet1	1D-196			Klebsiella sp	cephalothin	=	8		Table_2.XLSX
35756053	Sheet1	1D-196			Klebsiella sp	tetracycline	=	2		Table_2.XLSX
35756053	Sheet1	1D-196			Klebsiella sp	colistin	=	0.5		Table_2.XLSX
35756053	Sheet1	1D-203			Klebsiella sp	ampicillin	>	32		Table_2.XLSX
35756053	Sheet1	1D-203			Klebsiella sp	cephalothin	=	4		Table_2.XLSX
35756053	Sheet1	1D-203			Klebsiella sp	tetracycline	=	2		Table_2.XLSX
35756053	Sheet1	1D-203			Klebsiella sp	colistin	=	0.5		Table_2.XLSX
35756053	Sheet1	1D-227			Enterobacter aerogenes	ampicillin	>	32		Table_2.XLSX
35756053	Sheet1	1D-227			Enterobacter aerogenes	ampicillin/sulbactam	>	32/16		Table_2.XLSX
35756053	Sheet1	1D-227			Enterobacter aerogenes	aztreonam	>	32		Table_2.XLSX
35756053	Sheet1	1D-227			Enterobacter aerogenes	cefazolin	>	32		Table_2.XLSX
35756053	Sheet1	1D-227			Enterobacter aerogenes	cephalothin	>	16		Table_2.XLSX
35756053	Sheet1	1D-227			Enterobacter aerogenes	cefuroxime	>	32		Table_2.XLSX
35756053	Sheet1	1D-227			Enterobacter aerogenes	piperacillin/tazobactam	=	128/4		Table_2.XLSX
35756053	Sheet1	1D-227			Enterobacter aerogenes	cefoxitin	>	32		Table_2.XLSX
35756053	Sheet1	1D-227			Enterobacter aerogenes	cefpodoxime	>	16		Table_2.XLSX
35756053	Sheet1	1D-227			Enterobacter aerogenes	ceftazidime	>	32		Table_2.XLSX
35756053	Sheet1	1D-227			Enterobacter aerogenes	tigecycline	=	2		Table_2.XLSX
35756053	Sheet1	1D-227			Enterobacter aerogenes	ticarcillin/clavulanic acid	=	64/2		Table_2.XLSX
35756053	Sheet1	1D-227			Enterobacter aerogenes	ceftriaxone	=	64		Table_2.XLSX
35756053	Sheet1	1D-227			Enterobacter aerogenes	tetracycline	=	16		Table_2.XLSX
35756053	Sheet1	1D-227			Enterobacter aerogenes	colistin	=	0.5		Table_2.XLSX
35756053	Sheet1	1D-228			Enterobacter aerogenes	ampicillin	>	32		Table_2.XLSX
35756053	Sheet1	1D-228			Enterobacter aerogenes	ampicillin/sulbactam	=	16/8		Table_2.XLSX
35756053	Sheet1	1D-228			Enterobacter aerogenes	cefazolin	>	32		Table_2.XLSX
35756053	Sheet1	1D-228			Enterobacter aerogenes	cephalothin	>	16		Table_2.XLSX
35756053	Sheet1	1D-228			Enterobacter aerogenes	cefoxitin	>	32		Table_2.XLSX
35756053	Sheet1	1D-228			Enterobacter aerogenes	tetracycline	=	2		Table_2.XLSX
35756053	Sheet1	1D-228			Enterobacter aerogenes	colistin	=	0.5		Table_2.XLSX
35756053	Sheet1	1D-219			Enterobacter cloacae	ampicillin	>	32		Table_2.XLSX
35756053	Sheet1	1D-219			Enterobacter cloacae	ampicillin/sulbactam	=	32/16		Table_2.XLSX
35756053	Sheet1	1D-219			Enterobacter cloacae	cefazolin	>	32		Table_2.XLSX
35756053	Sheet1	1D-219			Enterobacter cloacae	cephalothin	>	16		Table_2.XLSX
35756053	Sheet1	1D-219			Enterobacter cloacae	cefuroxime	=	8		Table_2.XLSX
35756053	Sheet1	1D-219			Enterobacter cloacae	cefoxitin	>	32		Table_2.XLSX
35756053	Sheet1	1D-219			Enterobacter cloacae	cefpodoxime	=	4		Table_2.XLSX
35756053	Sheet1	1D-219			Enterobacter cloacae	tetracycline	=	2		Table_2.XLSX
35756053	Sheet1	1D-219			Enterobacter cloacae	colistin	=	0.5		Table_2.XLSX
35756053	Sheet1	1D-229			Enterobacter cloacae	ampicillin	>	32		Table_2.XLSX
35756053	Sheet1	1D-229			Enterobacter cloacae	ampicillin/sulbactam	>	32/16		Table_2.XLSX
35756053	Sheet1	1D-229			Enterobacter cloacae	cefazolin	>	32		Table_2.XLSX
35756053	Sheet1	1D-229			Enterobacter cloacae	cephalothin	>	16		Table_2.XLSX
35756053	Sheet1	1D-229			Enterobacter cloacae	cefuroxime	>	32		Table_2.XLSX
35756053	Sheet1	1D-229			Enterobacter cloacae	cefoxitin	>	32		Table_2.XLSX
35756053	Sheet1	1D-229			Enterobacter cloacae	cefpodoxime	=	4		Table_2.XLSX
35756053	Sheet1	1D-229			Enterobacter cloacae	ticarcillin/clavulanic acid	>	64/2		Table_2.XLSX
35756053	Sheet1	1D-229			Enterobacter cloacae	tetracycline	=	2		Table_2.XLSX
35756053	Sheet1	1D-229			Enterobacter cloacae	colistin	=	16		Table_2.XLSX
35756053	Sheet1	1D-230			Enterobacter cloacae	ampicillin	>	32		Table_2.XLSX
35756053	Sheet1	1D-230			Enterobacter cloacae	ampicillin/sulbactam	=	32/16		Table_2.XLSX
35756053	Sheet1	1D-230			Enterobacter cloacae	cefazolin	>	32		Table_2.XLSX
35756053	Sheet1	1D-230			Enterobacter cloacae	cephalothin	>	16		Table_2.XLSX
35756053	Sheet1	1D-230			Enterobacter cloacae	cefuroxime	=	8		Table_2.XLSX
35756053	Sheet1	1D-230			Enterobacter cloacae	cefoxitin	>	32		Table_2.XLSX
35756053	Sheet1	1D-230			Enterobacter cloacae	cefpodoxime	=	4		Table_2.XLSX
35756053	Sheet1	1D-230			Enterobacter cloacae	tetracycline	=	2		Table_2.XLSX
35756053	Sheet1	1D-230			Enterobacter cloacae	colistin	=	0.5		Table_2.XLSX
35756053	Sheet1	1D-231			Enterobacter cloacae	ampicillin	>	32		Table_2.XLSX
35756053	Sheet1	1D-231			Enterobacter cloacae	ampicillin/sulbactam	=	16/8		Table_2.XLSX
35756053	Sheet1	1D-231			Enterobacter cloacae	cefazolin	>	32		Table_2.XLSX
35756053	Sheet1	1D-231			Enterobacter cloacae	cephalothin	>	16		Table_2.XLSX
35756053	Sheet1	1D-231			Enterobacter cloacae	cefoxitin	>	32		Table_2.XLSX
35756053	Sheet1	1D-231			Enterobacter cloacae	tetracycline	=	2		Table_2.XLSX
35756053	Sheet1	1D-231			Enterobacter cloacae	colistin	=	64		Table_2.XLSX
35756053	Sheet1	1D-232			Enterobacter cloacae	ampicillin	>	32		Table_2.XLSX
35756053	Sheet1	1D-232			Enterobacter cloacae	ampicillin/sulbactam	>	32/16		Table_2.XLSX
35756053	Sheet1	1D-232			Enterobacter cloacae	cefazolin	>	32		Table_2.XLSX
35756053	Sheet1	1D-232			Enterobacter cloacae	cephalothin	>	16		Table_2.XLSX
35756053	Sheet1	1D-232			Enterobacter cloacae	cefuroxime	=	16		Table_2.XLSX
35756053	Sheet1	1D-232			Enterobacter cloacae	cefoxitin	>	32		Table_2.XLSX
35756053	Sheet1	1D-232			Enterobacter cloacae	trimethoprim	=	1/19		Table_2.XLSX
35756053	Sheet1	1D-232			Enterobacter cloacae	tetracycline	=	2		Table_2.XLSX
35756053	Sheet1	1D-232			Enterobacter cloacae	colistin	=	0.5		Table_2.XLSX
35756053	Sheet1	1D-235			Enterobacter cloacae	ampicillin	>	32		Table_2.XLSX
35756053	Sheet1	1D-235			Enterobacter cloacae	ampicillin/sulbactam	=	32/16		Table_2.XLSX
35756053	Sheet1	1D-235			Enterobacter cloacae	cefazolin	>	32		Table_2.XLSX
35756053	Sheet1	1D-235			Enterobacter cloacae	cephalothin	>	16		Table_2.XLSX
35756053	Sheet1	1D-235			Enterobacter cloacae	cefuroxime	=	8		Table_2.XLSX
35756053	Sheet1	1D-235			Enterobacter cloacae	cefoxitin	>	32		Table_2.XLSX
35756053	Sheet1	1D-235			Enterobacter cloacae	ceftazidime	=	2		Table_2.XLSX
35756053	Sheet1	1D-235			Enterobacter cloacae	tetracycline	=	4		Table_2.XLSX
35756053	Sheet1	1D-235			Enterobacter cloacae	colistin	=	2		Table_2.XLSX
35756053	Sheet1	1D-237			Enterobacter cloacae	ampicillin	=	8		Table_2.XLSX
35756053	Sheet1	1D-237			Enterobacter cloacae	ampicillin/sulbactam	<=	4/2		Table_2.XLSX
35756053	Sheet1	1D-237			Enterobacter cloacae	cefazolin	=	32		Table_2.XLSX
35756053	Sheet1	1D-237			Enterobacter cloacae	cephalothin	>	16		Table_2.XLSX
35756053	Sheet1	1D-237			Enterobacter cloacae	cefuroxime	=	8		Table_2.XLSX
35756053	Sheet1	1D-237			Enterobacter cloacae	cefoxitin	<=	4		Table_2.XLSX
35756053	Sheet1	1D-237			Enterobacter cloacae	cefpodoxime	<=	2		Table_2.XLSX
35756053	Sheet1	1D-237			Enterobacter cloacae	tetracycline	=	2		Table_2.XLSX
35756053	Sheet1	1D-237			Enterobacter cloacae	colistin	=	0.5		Table_2.XLSX
35756053	Sheet1	1D-236			Enterobacter bugandensis	ampicillin	>	32		Table_2.XLSX
35756053	Sheet1	1D-236			Enterobacter bugandensis	ampicillin/sulbactam	>	32/16		Table_2.XLSX
35756053	Sheet1	1D-236			Enterobacter bugandensis	aztreonam	>	32		Table_2.XLSX
35756053	Sheet1	1D-236			Enterobacter bugandensis	cefazolin	>	32		Table_2.XLSX
35756053	Sheet1	1D-236			Enterobacter bugandensis	cephalothin	>	16		Table_2.XLSX
35756053	Sheet1	1D-236			Enterobacter bugandensis	cefuroxime	>	32		Table_2.XLSX
35756053	Sheet1	1D-236			Enterobacter bugandensis	piperacillin/tazobactam	=	64/4		Table_2.XLSX
35756053	Sheet1	1D-236			Enterobacter bugandensis	cefoxitin	>	32		Table_2.XLSX
35756053	Sheet1	1D-236			Enterobacter bugandensis	cefpodoxime	>	16		Table_2.XLSX
35756053	Sheet1	1D-236			Enterobacter bugandensis	ceftazidime	>	32		Table_2.XLSX
35756053	Sheet1	1D-236			Enterobacter bugandensis	ticarcillin/clavulanic acid	>	64/2		Table_2.XLSX
35756053	Sheet1	1D-236			Enterobacter bugandensis	ceftriaxone	>	64		Table_2.XLSX
35756053	Sheet1	1D-236			Enterobacter bugandensis	tetracycline	=	4		Table_2.XLSX
35756053	Sheet1	1D-236			Enterobacter bugandensis	colistin	=	8		Table_2.XLSX
35756053	Sheet1	1D-218			Citrobacter braakii	ampicillin	>	32		Table_2.XLSX
35756053	Sheet1	1D-218			Citrobacter braakii	ampicillin/sulbactam	>	32/16		Table_2.XLSX
35756053	Sheet1	1D-218			Citrobacter braakii	aztreonam	=	16		Table_2.XLSX
35756053	Sheet1	1D-218			Citrobacter braakii	cefazolin	>	32		Table_2.XLSX
35756053	Sheet1	1D-218			Citrobacter braakii	cephalothin	>	16		Table_2.XLSX
35756053	Sheet1	1D-218			Citrobacter braakii	cefuroxime	>	32		Table_2.XLSX
35756053	Sheet1	1D-218			Citrobacter braakii	cefoxitin	>	32		Table_2.XLSX
35756053	Sheet1	1D-218			Citrobacter braakii	cefpodoxime	>	16		Table_2.XLSX
35756053	Sheet1	1D-218			Citrobacter braakii	ceftazidime	=	32		Table_2.XLSX
35756053	Sheet1	1D-218			Citrobacter braakii	ticarcillin/clavulanic acid	>	64/2		Table_2.XLSX
35756053	Sheet1	1D-218			Citrobacter braakii	ceftriaxone	=	16		Table_2.XLSX
35756053	Sheet1	1D-218			Citrobacter braakii	tetracycline	=	2		Table_2.XLSX
35756053	Sheet1	1D-218			Citrobacter braakii	colistin	=	0.5		Table_2.XLSX
35756053	Sheet1	1D-220			Citrobacter braakii	ampicillin	>	32		Table_2.XLSX
35756053	Sheet1	1D-220			Citrobacter braakii	ampicillin/sulbactam	=	16/8		Table_2.XLSX
35756053	Sheet1	1D-220			Citrobacter braakii	cefazolin	>	32		Table_2.XLSX
35756053	Sheet1	1D-220			Citrobacter braakii	cephalothin	>	16		Table_2.XLSX
35756053	Sheet1	1D-220			Citrobacter braakii	cefuroxime	=	8		Table_2.XLSX
35756053	Sheet1	1D-220			Citrobacter braakii	cefoxitin	>	32		Table_2.XLSX
35756053	Sheet1	1D-220			Citrobacter braakii	tetracycline	=	1		Table_2.XLSX
35756053	Sheet1	1D-220			Citrobacter braakii	colistin	=	0.5		Table_2.XLSX
35756053	Sheet1	1D-221			Citrobacter freundii	ampicillin	=	32		Table_2.XLSX
35756053	Sheet1	1D-221			Citrobacter freundii	ampicillin/sulbactam	=	16/8		Table_2.XLSX
35756053	Sheet1	1D-221			Citrobacter freundii	cefazolin	>	32		Table_2.XLSX
35756053	Sheet1	1D-221			Citrobacter freundii	cephalothin	>	16		Table_2.XLSX
35756053	Sheet1	1D-221			Citrobacter freundii	cefoxitin	>	32		Table_2.XLSX
35756053	Sheet1	1D-221			Citrobacter freundii	tetracycline	=	2		Table_2.XLSX
35756053	Sheet1	1D-221			Citrobacter freundii	colistin	=	0.5		Table_2.XLSX
35756053	Sheet1	1D-234			Citrobacter freundii	ampicillin/sulbactam	=	8/4		Table_2.XLSX
35756053	Sheet1	1D-234			Citrobacter freundii	aztreonam	=	8		Table_2.XLSX
35756053	Sheet1	1D-234			Citrobacter freundii	cefazolin	=	16		Table_2.XLSX
35756053	Sheet1	1D-234			Citrobacter freundii	cephalothin	>	16		Table_2.XLSX
35756053	Sheet1	1D-234			Citrobacter freundii	cefoxitin	=	8		Table_2.XLSX
35756053	Sheet1	1D-234			Citrobacter freundii	tetracycline	=	1		Table_2.XLSX
35756053	Sheet1	1D-234			Citrobacter freundii	colistin	=	0.5		Table_2.XLSX
35756053	Sheet1	1D-233			Citrobacter freundii	ampicillin	=	16		Table_2.XLSX
35756053	Sheet1	1D-233			Citrobacter freundii	cefazolin	>	32		Table_2.XLSX
35756053	Sheet1	1D-233			Citrobacter freundii	cephalothin	>	16		Table_2.XLSX
35756053	Sheet1	1D-233			Citrobacter freundii	cefoxitin	>	32		Table_2.XLSX
35756053	Sheet1	1D-233			Citrobacter freundii	cefpodoxime	=	4		Table_2.XLSX
35756053	Sheet1	1D-233			Citrobacter freundii	tetracycline	=	2		Table_2.XLSX
35756053	Sheet1	1D-233			Citrobacter freundii	colistin	=	0.5		Table_2.XLSX
35756053	Sheet1	1D-222_B			Citrobacter koseri	ampicillin	=	32		Table_2.XLSX
35756053	Sheet1	1D-222_B			Citrobacter koseri	cephalothin	=	8		Table_2.XLSX
35756053	Sheet1	1D-222_B			Citrobacter koseri	tetracycline	=	2		Table_2.XLSX
35756053	Sheet1	1D-222_B			Citrobacter koseri	colistin	=	1		Table_2.XLSX
35756053	Sheet1	1D-223			Citrobacter koseri	ampicillin	=	32		Table_2.XLSX
35756053	Sheet1	1D-223			Citrobacter koseri	cephalothin	=	4		Table_2.XLSX
35756053	Sheet1	1D-223			Citrobacter koseri	tetracycline	=	2		Table_2.XLSX
35756053	Sheet1	1D-223			Citrobacter koseri	colistin	=	0.5		Table_2.XLSX
35756053	Sheet1	1D-224			Citrobacter koseri	ampicillin	>	32		Table_2.XLSX
35756053	Sheet1	1D-224			Citrobacter koseri	cephalothin	=	4		Table_2.XLSX
35756053	Sheet1	1D-224			Citrobacter koseri	tetracycline	=	2		Table_2.XLSX
35756053	Sheet1	1D-224			Citrobacter koseri	colistin	=	0.5		Table_2.XLSX
35756053	Sheet1	1D-225			Citrobacter koseri	ampicillin	=	32		Table_2.XLSX
35756053	Sheet1	1D-225			Citrobacter koseri	cephalothin	=	4		Table_2.XLSX
35756053	Sheet1	1D-225			Citrobacter koseri	tetracycline	=	2		Table_2.XLSX
35756053	Sheet1	1D-225			Citrobacter koseri	colistin	=	0.25		Table_2.XLSX
35756053	Sheet1	1D-226			Citrobacter koseri	ampicillin	>	32		Table_2.XLSX
35756053	Sheet1	1D-226			Citrobacter koseri	cephalothin	=	4		Table_2.XLSX
35756053	Sheet1	1D-226			Citrobacter koseri	cefuroxime	=	16		Table_2.XLSX
35756053	Sheet1	1D-226			Citrobacter koseri	tetracycline	=	2		Table_2.XLSX
35756053	Sheet1	1D-226			Citrobacter koseri	colistin	=	0.25		Table_2.XLSX
35756053	Sheet1	1D-207			Proteus mirabilis	tetracycline	>	16		Table_2.XLSX
35756053	Sheet1	1D-208			Proteus mirabilis	cefazolin	=	8		Table_2.XLSX
35756053	Sheet1	1D-208			Proteus mirabilis	cephalothin	=	8		Table_2.XLSX
35756053	Sheet1	1D-208			Proteus mirabilis	cefoxitin	=	8		Table_2.XLSX
35756053	Sheet1	1D-208			Proteus mirabilis	tigecycline	=	4		Table_2.XLSX
35756053	Sheet1	1D-208			Proteus mirabilis	tetracycline	>	16		Table_2.XLSX
35756053	Sheet1	1D-209			Proteus mirabilis	cephalothin	=	4		Table_2.XLSX
35756053	Sheet1	1D-209			Proteus mirabilis	trimethoprim	=	2/38		Table_2.XLSX
35756053	Sheet1	1D-209			Proteus mirabilis	tigecycline	=	2		Table_2.XLSX
35756053	Sheet1	1D-209			Proteus mirabilis	tetracycline	>	16		Table_2.XLSX
35756053	Sheet1	1D-210			Proteus mirabilis	cephalothin	=	8		Table_2.XLSX
35756053	Sheet1	1D-210			Proteus mirabilis	tigecycline	=	4		Table_2.XLSX
35756053	Sheet1	1D-210			Proteus mirabilis	tetracycline	=	8		Table_2.XLSX
35756053	Sheet1	1D-211			Proteus mirabilis	tigecycline	=	4		Table_2.XLSX
35756053	Sheet1	1D-211			Proteus mirabilis	tetracycline	>	16		Table_2.XLSX
35756053	Sheet1	1D-212			Proteus mirabilis	cephalothin	=	4		Table_2.XLSX
35756053	Sheet1	1D-212			Proteus mirabilis	tigecycline	=	4		Table_2.XLSX
35756053	Sheet1	1D-212			Proteus mirabilis	tetracycline	>	16		Table_2.XLSX
35756053	Sheet1	1D-213			Proteus mirabilis	ampicillin	>	32		Table_2.XLSX
35756053	Sheet1	1D-213			Proteus mirabilis	ampicillin/sulbactam	=	8/4		Table_2.XLSX
35756053	Sheet1	1D-213			Proteus mirabilis	cefazolin	=	8		Table_2.XLSX
35756053	Sheet1	1D-213			Proteus mirabilis	cephalothin	=	8		Table_2.XLSX
35756053	Sheet1	1D-213			Proteus mirabilis	gentamicin	=	8		Table_2.XLSX
35756053	Sheet1	1D-213			Proteus mirabilis	ciprofloxacin	=	2		Table_2.XLSX
35756053	Sheet1	1D-213			Proteus mirabilis	trimethoprim	>	4/76		Table_2.XLSX
35756053	Sheet1	1D-213			Proteus mirabilis	tigecycline	=	2		Table_2.XLSX
35756053	Sheet1	1D-213			Proteus mirabilis	tetracycline	>	16		Table_2.XLSX
35756053	Sheet1	1D-214			Proteus mirabilis	ampicillin	>	32		Table_2.XLSX
35756053	Sheet1	1D-214			Proteus mirabilis	ampicillin/sulbactam	=	16/8		Table_2.XLSX
35756053	Sheet1	1D-214			Proteus mirabilis	meropenem	=	4		Table_2.XLSX
35756053	Sheet1	1D-214			Proteus mirabilis	ciprofloxacin	=	4		Table_2.XLSX
35756053	Sheet1	1D-214			Proteus mirabilis	trimethoprim	>	4/76		Table_2.XLSX
35756053	Sheet1	1D-214			Proteus mirabilis	tigecycline	=	4		Table_2.XLSX
35756053	Sheet1	1D-214			Proteus mirabilis	tetracycline	>	16		Table_2.XLSX
35756053	Sheet1	1D-215			Proteus mirabilis	cephalothin	=	4		Table_2.XLSX
35756053	Sheet1	1D-215			Proteus mirabilis	tigecycline	=	4		Table_2.XLSX
35756053	Sheet1	1D-215			Proteus mirabilis	tetracycline	>	16		Table_2.XLSX
35756053	Sheet1	1D-216			Proteus mirabilis	cefazolin	=	8		Table_2.XLSX
35756053	Sheet1	1D-216			Proteus mirabilis	cephalothin	=	8		Table_2.XLSX
35756053	Sheet1	1D-216			Proteus mirabilis	tigecycline	=	4		Table_2.XLSX
35756053	Sheet1	1D-216			Proteus mirabilis	tetracycline	=	8		Table_2.XLSX
35756053	Sheet1	1D-172			Raoultella planticola	ampicillin	>	32		Table_2.XLSX
35756053	Sheet1	1D-172			Raoultella planticola	cephalothin	=	4		Table_2.XLSX
35756053	Sheet1	1D-172			Raoultella planticola	tetracycline	=	1		Table_2.XLSX
35756053	Sheet1	1D-172			Raoultella planticola	colistin	=	0.5		Table_2.XLSX
35756053	Sheet1	1D-239			Erwinia persicina	ampicillin	>	32		Table_2.XLSX
35756053	Sheet1	1D-239			Erwinia persicina	cefazolin	>	32		Table_2.XLSX
35756053	Sheet1	1D-239			Erwinia persicina	cephalothin	>	16		Table_2.XLSX
35756053	Sheet1	1D-239			Erwinia persicina	colistin	=	1		Table_2.XLSX
35756053	Sheet1	1D-217			Morganella morganii	ampicillin	>	32		Table_2.XLSX
35756053	Sheet1	1D-217			Morganella morganii	ampicillin/sulbactam	=	8/4		Table_2.XLSX
35756053	Sheet1	1D-217			Morganella morganii	cefazolin	>	32		Table_2.XLSX
35756053	Sheet1	1D-217			Morganella morganii	cephalothin	>	16		Table_2.XLSX
35756053	Sheet1	1D-217			Morganella morganii	cefuroxime	=	16		Table_2.XLSX
35756053	Sheet1	1D-217			Morganella morganii	cefoxitin	=	8		Table_2.XLSX
35756053	Sheet1	1D-217			Morganella morganii	cefpodoxime	=	4		Table_2.XLSX
35756053	Sheet1	1D-217			Morganella morganii	tetracycline	=	2		Table_2.XLSX
35756053	Sheet1	1D-260			Providencia rettgeri	ampicillin	>	32		Table_2.XLSX
35756053	Sheet1	1D-260			Providencia rettgeri	cefazolin	>	32		Table_2.XLSX
35756053	Sheet1	1D-260			Providencia rettgeri	cephalothin	>	16		Table_2.XLSX
35756053	Sheet1	1D-260			Providencia rettgeri	tetracycline	>	16		Table_2.XLSX
35756053	Sheet1	1D-263			Serratia marcescens	ampicillin	>	32		Table_2.XLSX
35756053	Sheet1	1D-263			Serratia marcescens	ampicillin/sulbactam	=	32/16		Table_2.XLSX
35756053	Sheet1	1D-263			Serratia marcescens	cefazolin	>	32		Table_2.XLSX
35756053	Sheet1	1D-263			Serratia marcescens	cephalothin	>	16		Table_2.XLSX
35756053	Sheet1	1D-263			Serratia marcescens	cefuroxime	>	32		Table_2.XLSX
35756053	Sheet1	1D-263			Serratia marcescens	cefoxitin	>	32		Table_2.XLSX
35756053	Sheet1	1D-263			Serratia marcescens	trimethoprim	=	1/19		Table_2.XLSX
35756053	Sheet1	1D-263			Serratia marcescens	cefpodoxime	=	8		Table_2.XLSX
35756053	Sheet1	1D-263			Serratia marcescens	tetracycline	>	16		Table_2.XLSX
35756053	Sheet1	1D-264			Serratia marcescens	ampicillin	=	8		Table_2.XLSX
35756053	Sheet1	1D-264			Serratia marcescens	ampicillin/sulbactam	=	8/4		Table_2.XLSX
35756053	Sheet1	1D-264			Serratia marcescens	cefazolin	>	32		Table_2.XLSX
35756053	Sheet1	1D-264			Serratia marcescens	cephalothin	>	16		Table_2.XLSX
35756053	Sheet1	1D-264			Serratia marcescens	cefuroxime	>	32		Table_2.XLSX
35756053	Sheet1	1D-264			Serratia marcescens	cefoxitin	=	8		Table_2.XLSX
35756053	Sheet1	1D-264			Serratia marcescens	tetracycline	>	16		Table_2.XLSX
35756053	Sheet1	1D-265			Yersinia enterocolitica	ampicillin	>	32		Table_2.XLSX
35756053	Sheet1	1D-265			Yersinia enterocolitica	ampicillin/sulbactam	=	8/4		Table_2.XLSX
35756053	Sheet1	1D-265			Yersinia enterocolitica	cefazolin	>	32		Table_2.XLSX
35756053	Sheet1	1D-265			Yersinia enterocolitica	cephalothin	>	16		Table_2.XLSX
35756053	Sheet1	1D-265			Yersinia enterocolitica	cefuroxime	=	8		Table_2.XLSX
35756053	Sheet1	1D-265			Yersinia enterocolitica	cefoxitin	=	32		Table_2.XLSX
35756053	Sheet1	1D-265			Yersinia enterocolitica	cefpodoxime	=	4		Table_2.XLSX
35756053	Sheet1	1D-265			Yersinia enterocolitica	tetracycline	=	2		Table_2.XLSX
35756053	Sheet1	1D-265			Yersinia enterocolitica	colistin	=	1		Table_2.XLSX
35756053	Sheet1	1D-238			Salmonella enterica	ampicillin	>	32		Table_2.XLSX
35756053	Sheet1	1D-238			Salmonella enterica	ampicillin/sulbactam	=	32/16		Table_2.XLSX
35756053	Sheet1	1D-238			Salmonella enterica	cephalothin	=	8		Table_2.XLSX
35756053	Sheet1	1D-238			Salmonella enterica	ticarcillin/clavulanic acid	=	32/2		Table_2.XLSX
35756053	Sheet1	1D-238			Salmonella enterica	tetracycline	>	16		Table_2.XLSX
35756053	Sheet1	1D-238			Salmonella enterica	colistin	=	2		Table_2.XLSX
35756053	Sheet1	1D-240			Pseudomonas aeruginosa	ampicillin	>	32		Table_2.XLSX
35756053	Sheet1	1D-240			Pseudomonas aeruginosa	ampicillin/sulbactam	>	32/16		Table_2.XLSX
35756053	Sheet1	1D-240			Pseudomonas aeruginosa	cefazolin	>	32		Table_2.XLSX
35756053	Sheet1	1D-240			Pseudomonas aeruginosa	cephalothin	>	16		Table_2.XLSX
35756053	Sheet1	1D-240			Pseudomonas aeruginosa	meropenem	=	2		Table_2.XLSX
35756053	Sheet1	1D-240			Pseudomonas aeruginosa	ertapenem	=	16		Table_2.XLSX
35756053	Sheet1	1D-240			Pseudomonas aeruginosa	cefuroxime	>	32		Table_2.XLSX
35756053	Sheet1	1D-240			Pseudomonas aeruginosa	cefoxitin	>	32		Table_2.XLSX
35756053	Sheet1	1D-240			Pseudomonas aeruginosa	trimethoprim	>	4/76		Table_2.XLSX
35756053	Sheet1	1D-240			Pseudomonas aeruginosa	cefpodoxime	>	16		Table_2.XLSX
35756053	Sheet1	1D-240			Pseudomonas aeruginosa	ceftazidime	=	2		Table_2.XLSX
35756053	Sheet1	1D-240			Pseudomonas aeruginosa	tigecycline	=	8		Table_2.XLSX
35756053	Sheet1	1D-240			Pseudomonas aeruginosa	ticarcillin/clavulanic acid	=	32/2		Table_2.XLSX
35756053	Sheet1	1D-240			Pseudomonas aeruginosa	ceftriaxone	=	32		Table_2.XLSX
35756053	Sheet1	1D-240			Pseudomonas aeruginosa	tetracycline	>	16		Table_2.XLSX
35756053	Sheet1	1D-241			Pseudomonas aeruginosa	ampicillin	>	32		Table_2.XLSX
35756053	Sheet1	1D-241			Pseudomonas aeruginosa	ampicillin/sulbactam	>	32/16		Table_2.XLSX
35756053	Sheet1	1D-241			Pseudomonas aeruginosa	cefazolin	>	32		Table_2.XLSX
35756053	Sheet1	1D-241			Pseudomonas aeruginosa	cephalothin	>	16		Table_2.XLSX
35756053	Sheet1	1D-241			Pseudomonas aeruginosa	ertapenem	=	8		Table_2.XLSX
35756053	Sheet1	1D-241			Pseudomonas aeruginosa	cefuroxime	>	32		Table_2.XLSX
35756053	Sheet1	1D-241			Pseudomonas aeruginosa	cefoxitin	>	32		Table_2.XLSX
35756053	Sheet1	1D-241			Pseudomonas aeruginosa	trimethoprim	>	4/76		Table_2.XLSX
35756053	Sheet1	1D-241			Pseudomonas aeruginosa	cefpodoxime	>	16		Table_2.XLSX
35756053	Sheet1	1D-241			Pseudomonas aeruginosa	ceftazidime	=	2		Table_2.XLSX
35756053	Sheet1	1D-241			Pseudomonas aeruginosa	tigecycline	=	8		Table_2.XLSX
35756053	Sheet1	1D-241			Pseudomonas aeruginosa	ticarcillin/clavulanic acid	=	32/2		Table_2.XLSX
35756053	Sheet1	1D-241			Pseudomonas aeruginosa	ceftriaxone	>	64		Table_2.XLSX
35756053	Sheet1	1D-241			Pseudomonas aeruginosa	tetracycline	>	16		Table_2.XLSX
35756053	Sheet1	1D-241			Pseudomonas aeruginosa	colistin	=	0.5		Table_2.XLSX
35756053	Sheet1	1D-242			Pseudomonas aeruginosa	ampicillin	>	32		Table_2.XLSX
35756053	Sheet1	1D-242			Pseudomonas aeruginosa	ampicillin/sulbactam	>	32/16		Table_2.XLSX
35756053	Sheet1	1D-242			Pseudomonas aeruginosa	aztreonam	=	16		Table_2.XLSX
35756053	Sheet1	1D-242			Pseudomonas aeruginosa	cefazolin	>	32		Table_2.XLSX
35756053	Sheet1	1D-242			Pseudomonas aeruginosa	cephalothin	>	16		Table_2.XLSX
35756053	Sheet1	1D-242			Pseudomonas aeruginosa	meropenem	=	8		Table_2.XLSX
35756053	Sheet1	1D-242			Pseudomonas aeruginosa	ertapenem	>	16		Table_2.XLSX
35756053	Sheet1	1D-242			Pseudomonas aeruginosa	cefuroxime	>	32		Table_2.XLSX
35756053	Sheet1	1D-242			Pseudomonas aeruginosa	ciprofloxacin	=	1		Table_2.XLSX
35756053	Sheet1	1D-242			Pseudomonas aeruginosa	cefoxitin	>	32		Table_2.XLSX
35756053	Sheet1	1D-242			Pseudomonas aeruginosa	trimethoprim	>	4/76		Table_2.XLSX
35756053	Sheet1	1D-242			Pseudomonas aeruginosa	cefpodoxime	>	16		Table_2.XLSX
35756053	Sheet1	1D-242			Pseudomonas aeruginosa	ceftazidime	=	4		Table_2.XLSX
35756053	Sheet1	1D-242			Pseudomonas aeruginosa	tigecycline	>	8		Table_2.XLSX
35756053	Sheet1	1D-242			Pseudomonas aeruginosa	ticarcillin/clavulanic acid	>	64/2		Table_2.XLSX
35756053	Sheet1	1D-242			Pseudomonas aeruginosa	ceftriaxone	=	64		Table_2.XLSX
35756053	Sheet1	1D-242			Pseudomonas aeruginosa	tetracycline	>	16		Table_2.XLSX
35756053	Sheet1	1D-242			Pseudomonas aeruginosa	colistin	=	1		Table_2.XLSX
35756053	Sheet1	1D-243			Pseudomonas aeruginosa	ampicillin	>	32		Table_2.XLSX
35756053	Sheet1	1D-243			Pseudomonas aeruginosa	ampicillin/sulbactam	>	32/16		Table_2.XLSX
35756053	Sheet1	1D-243			Pseudomonas aeruginosa	aztreonam	=	8		Table_2.XLSX
35756053	Sheet1	1D-243			Pseudomonas aeruginosa	cefazolin	>	32		Table_2.XLSX
35756053	Sheet1	1D-243			Pseudomonas aeruginosa	cephalothin	>	16		Table_2.XLSX
35756053	Sheet1	1D-243			Pseudomonas aeruginosa	cefuroxime	>	32		Table_2.XLSX
35756053	Sheet1	1D-243			Pseudomonas aeruginosa	cefoxitin	>	32		Table_2.XLSX
35756053	Sheet1	1D-243			Pseudomonas aeruginosa	trimethoprim	>	4/76		Table_2.XLSX
35756053	Sheet1	1D-243			Pseudomonas aeruginosa	cefpodoxime	>	16		Table_2.XLSX
35756053	Sheet1	1D-243			Pseudomonas aeruginosa	ceftazidime	=	8		Table_2.XLSX
35756053	Sheet1	1D-243			Pseudomonas aeruginosa	tigecycline	=	8		Table_2.XLSX
35756053	Sheet1	1D-243			Pseudomonas aeruginosa	ticarcillin/clavulanic acid	=	32/2		Table_2.XLSX
35756053	Sheet1	1D-243			Pseudomonas aeruginosa	ceftriaxone	>	64		Table_2.XLSX
35756053	Sheet1	1D-243			Pseudomonas aeruginosa	tetracycline	>	16		Table_2.XLSX
35756053	Sheet1	1D-243			Pseudomonas aeruginosa	colistin	=	1		Table_2.XLSX
35756053	Sheet1	1D-244			Pseudomonas aeruginosa	ampicillin	>	32		Table_2.XLSX
35756053	Sheet1	1D-244			Pseudomonas aeruginosa	ampicillin/sulbactam	>	32/16		Table_2.XLSX
35756053	Sheet1	1D-244			Pseudomonas aeruginosa	aztreonam	=	8		Table_2.XLSX
35756053	Sheet1	1D-244			Pseudomonas aeruginosa	cefazolin	>	32		Table_2.XLSX
35756053	Sheet1	1D-244			Pseudomonas aeruginosa	cephalothin	>	16		Table_2.XLSX
35756053	Sheet1	1D-244			Pseudomonas aeruginosa	ertapenem	=	8		Table_2.XLSX
35756053	Sheet1	1D-244			Pseudomonas aeruginosa	cefuroxime	>	32		Table_2.XLSX
35756053	Sheet1	1D-244			Pseudomonas aeruginosa	cefoxitin	>	32		Table_2.XLSX
35756053	Sheet1	1D-244			Pseudomonas aeruginosa	trimethoprim	>	4/76		Table_2.XLSX
35756053	Sheet1	1D-244			Pseudomonas aeruginosa	cefpodoxime	>	16		Table_2.XLSX
35756053	Sheet1	1D-244			Pseudomonas aeruginosa	ceftazidime	=	4		Table_2.XLSX
35756053	Sheet1	1D-244			Pseudomonas aeruginosa	tigecycline	=	8		Table_2.XLSX
35756053	Sheet1	1D-244			Pseudomonas aeruginosa	ticarcillin/clavulanic acid	=	64/2		Table_2.XLSX
35756053	Sheet1	1D-244			Pseudomonas aeruginosa	ceftriaxone	>	64		Table_2.XLSX
35756053	Sheet1	1D-244			Pseudomonas aeruginosa	tetracycline	=	16		Table_2.XLSX
35756053	Sheet1	1D-244			Pseudomonas aeruginosa	colistin	=	1		Table_2.XLSX
35756053	Sheet1	1D-245			Pseudomonas aeruginosa	ampicillin	>	32		Table_2.XLSX
35756053	Sheet1	1D-245			Pseudomonas aeruginosa	ampicillin/sulbactam	>	32/16		Table_2.XLSX
35756053	Sheet1	1D-245			Pseudomonas aeruginosa	cefazolin	>	32		Table_2.XLSX
35756053	Sheet1	1D-245			Pseudomonas aeruginosa	cefepime	=	8		Table_2.XLSX
35756053	Sheet1	1D-245			Pseudomonas aeruginosa	cephalothin	>	16		Table_2.XLSX
35756053	Sheet1	1D-245			Pseudomonas aeruginosa	meropenem	=	4		Table_2.XLSX
35756053	Sheet1	1D-245			Pseudomonas aeruginosa	ertapenem	>	16		Table_2.XLSX
35756053	Sheet1	1D-245			Pseudomonas aeruginosa	cefuroxime	>	32		Table_2.XLSX
35756053	Sheet1	1D-245			Pseudomonas aeruginosa	ciprofloxacin	>	4		Table_2.XLSX
35756053	Sheet1	1D-245			Pseudomonas aeruginosa	cefoxitin	>	32		Table_2.XLSX
35756053	Sheet1	1D-245			Pseudomonas aeruginosa	trimethoprim	>	4/76		Table_2.XLSX
35756053	Sheet1	1D-245			Pseudomonas aeruginosa	cefpodoxime	>	16		Table_2.XLSX
35756053	Sheet1	1D-245			Pseudomonas aeruginosa	ceftazidime	=	2		Table_2.XLSX
35756053	Sheet1	1D-245			Pseudomonas aeruginosa	tigecycline	>	8		Table_2.XLSX
35756053	Sheet1	1D-245			Pseudomonas aeruginosa	ticarcillin/clavulanic acid	=	32/2		Table_2.XLSX
35756053	Sheet1	1D-245			Pseudomonas aeruginosa	ceftriaxone	=	32		Table_2.XLSX
35756053	Sheet1	1D-245			Pseudomonas aeruginosa	tetracycline	>	16		Table_2.XLSX
35756053	Sheet1	1D-245			Pseudomonas aeruginosa	colistin	=	1		Table_2.XLSX
35756053	Sheet1	1D-246			Pseudomonas aeruginosa	ampicillin	>	32		Table_2.XLSX
35756053	Sheet1	1D-246			Pseudomonas aeruginosa	ampicillin/sulbactam	>	32/16		Table_2.XLSX
35756053	Sheet1	1D-246			Pseudomonas aeruginosa	aztreonam	=	8		Table_2.XLSX
35756053	Sheet1	1D-246			Pseudomonas aeruginosa	cefazolin	>	32		Table_2.XLSX
35756053	Sheet1	1D-246			Pseudomonas aeruginosa	cefepime	=	16		Table_2.XLSX
35756053	Sheet1	1D-246			Pseudomonas aeruginosa	cephalothin	>	16		Table_2.XLSX
35756053	Sheet1	1D-246			Pseudomonas aeruginosa	cefuroxime	>	32		Table_2.XLSX
35756053	Sheet1	1D-246			Pseudomonas aeruginosa	cefoxitin	>	32		Table_2.XLSX
35756053	Sheet1	1D-246			Pseudomonas aeruginosa	trimethoprim	>	4/76		Table_2.XLSX
35756053	Sheet1	1D-246			Pseudomonas aeruginosa	cefpodoxime	>	16		Table_2.XLSX
35756053	Sheet1	1D-246			Pseudomonas aeruginosa	ceftazidime	=	4		Table_2.XLSX
35756053	Sheet1	1D-246			Pseudomonas aeruginosa	tigecycline	=	8		Table_2.XLSX
35756053	Sheet1	1D-246			Pseudomonas aeruginosa	ticarcillin/clavulanic acid	=	64/2		Table_2.XLSX
35756053	Sheet1	1D-246			Pseudomonas aeruginosa	ceftriaxone	=	16		Table_2.XLSX
35756053	Sheet1	1D-246			Pseudomonas aeruginosa	tetracycline	=	16		Table_2.XLSX
35756053	Sheet1	1D-246			Pseudomonas aeruginosa	colistin	=	0.5		Table_2.XLSX
35756053	Sheet1	1D-247			Pseudomonas aeruginosa	ampicillin	>	32		Table_2.XLSX
35756053	Sheet1	1D-247			Pseudomonas aeruginosa	ampicillin/sulbactam	>	32/16		Table_2.XLSX
35756053	Sheet1	1D-247			Pseudomonas aeruginosa	aztreonam	=	8		Table_2.XLSX
35756053	Sheet1	1D-247			Pseudomonas aeruginosa	cefazolin	>	32		Table_2.XLSX
35756053	Sheet1	1D-247			Pseudomonas aeruginosa	cephalothin	>	16		Table_2.XLSX
35756053	Sheet1	1D-247			Pseudomonas aeruginosa	cefuroxime	>	32		Table_2.XLSX
35756053	Sheet1	1D-247			Pseudomonas aeruginosa	gentamicin	=	4		Table_2.XLSX
35756053	Sheet1	1D-247			Pseudomonas aeruginosa	piperacillin/tazobactam	=	32/4		Table_2.XLSX
35756053	Sheet1	1D-247			Pseudomonas aeruginosa	cefoxitin	>	32		Table_2.XLSX
35756053	Sheet1	1D-247			Pseudomonas aeruginosa	cefpodoxime	>	16		Table_2.XLSX
35756053	Sheet1	1D-247			Pseudomonas aeruginosa	ceftazidime	=	8		Table_2.XLSX
35756053	Sheet1	1D-247			Pseudomonas aeruginosa	tigecycline	=	4		Table_2.XLSX
35756053	Sheet1	1D-247			Pseudomonas aeruginosa	ticarcillin/clavulanic acid	=	32/2		Table_2.XLSX
35756053	Sheet1	1D-247			Pseudomonas aeruginosa	ceftriaxone	>	64		Table_2.XLSX
35756053	Sheet1	1D-247			Pseudomonas aeruginosa	tetracycline	=	8		Table_2.XLSX
35756053	Sheet1	1D-247			Pseudomonas aeruginosa	colistin	=	0.5		Table_2.XLSX
35756053	Sheet1	1D-248			Pseudomonas aeruginosa	ampicillin	>	32		Table_2.XLSX
35756053	Sheet1	1D-248			Pseudomonas aeruginosa	ampicillin/sulbactam	>	32/16		Table_2.XLSX
35756053	Sheet1	1D-248			Pseudomonas aeruginosa	aztreonam	=	8		Table_2.XLSX
35756053	Sheet1	1D-248			Pseudomonas aeruginosa	cefazolin	>	32		Table_2.XLSX
35756053	Sheet1	1D-248			Pseudomonas aeruginosa	cefepime	=	8		Table_2.XLSX
35756053	Sheet1	1D-248			Pseudomonas aeruginosa	cephalothin	>	16		Table_2.XLSX
35756053	Sheet1	1D-248			Pseudomonas aeruginosa	cefuroxime	>	32		Table_2.XLSX
35756053	Sheet1	1D-248			Pseudomonas aeruginosa	gentamicin	=	4		Table_2.XLSX
35756053	Sheet1	1D-248			Pseudomonas aeruginosa	cefoxitin	>	32		Table_2.XLSX
35756053	Sheet1	1D-248			Pseudomonas aeruginosa	trimethoprim	>	4/76		Table_2.XLSX
35756053	Sheet1	1D-248			Pseudomonas aeruginosa	cefpodoxime	>	16		Table_2.XLSX
35756053	Sheet1	1D-248			Pseudomonas aeruginosa	ceftazidime	=	4		Table_2.XLSX
35756053	Sheet1	1D-248			Pseudomonas aeruginosa	tigecycline	>	8		Table_2.XLSX
35756053	Sheet1	1D-248			Pseudomonas aeruginosa	ticarcillin/clavulanic acid	=	32/2		Table_2.XLSX
35756053	Sheet1	1D-248			Pseudomonas aeruginosa	ceftriaxone	=	16		Table_2.XLSX
35756053	Sheet1	1D-248			Pseudomonas aeruginosa	tetracycline	>	16		Table_2.XLSX
35756053	Sheet1	1D-248			Pseudomonas aeruginosa	colistin	=	1		Table_2.XLSX
35756053	Sheet1	1D-249			Pseudomonas aeruginosa	ampicillin	>	32		Table_2.XLSX
35756053	Sheet1	1D-249			Pseudomonas aeruginosa	ampicillin/sulbactam	>	32/16		Table_2.XLSX
35756053	Sheet1	1D-249			Pseudomonas aeruginosa	cefazolin	>	32		Table_2.XLSX
35756053	Sheet1	1D-249			Pseudomonas aeruginosa	cefepime	=	8		Table_2.XLSX
35756053	Sheet1	1D-249			Pseudomonas aeruginosa	cephalothin	>	16		Table_2.XLSX
35756053	Sheet1	1D-249			Pseudomonas aeruginosa	cefuroxime	>	32		Table_2.XLSX
35756053	Sheet1	1D-249			Pseudomonas aeruginosa	ciprofloxacin	=	2		Table_2.XLSX
35756053	Sheet1	1D-249			Pseudomonas aeruginosa	cefoxitin	>	32		Table_2.XLSX
35756053	Sheet1	1D-249			Pseudomonas aeruginosa	trimethoprim	>	4/76		Table_2.XLSX
35756053	Sheet1	1D-249			Pseudomonas aeruginosa	cefpodoxime	>	16		Table_2.XLSX
35756053	Sheet1	1D-249			Pseudomonas aeruginosa	tigecycline	=	4		Table_2.XLSX
35756053	Sheet1	1D-249			Pseudomonas aeruginosa	ceftriaxone	=	64		Table_2.XLSX
35756053	Sheet1	1D-249			Pseudomonas aeruginosa	tetracycline	>	16		Table_2.XLSX
35756053	Sheet1	1D-249			Pseudomonas aeruginosa	colistin	=	1		Table_2.XLSX
35756053	Sheet1	1D-250			Pseudomonas aeruginosa	ampicillin	>	32		Table_2.XLSX
35756053	Sheet1	1D-250			Pseudomonas aeruginosa	ampicillin/sulbactam	>	32/16		Table_2.XLSX
35756053	Sheet1	1D-250			Pseudomonas aeruginosa	aztreonam	>	32		Table_2.XLSX
35756053	Sheet1	1D-250			Pseudomonas aeruginosa	cefazolin	>	32		Table_2.XLSX
35756053	Sheet1	1D-250			Pseudomonas aeruginosa	cephalothin	>	16		Table_2.XLSX
35756053	Sheet1	1D-250			Pseudomonas aeruginosa	ertapenem	=	8		Table_2.XLSX
35756053	Sheet1	1D-250			Pseudomonas aeruginosa	cefuroxime	>	32		Table_2.XLSX
35756053	Sheet1	1D-250			Pseudomonas aeruginosa	cefoxitin	>	32		Table_2.XLSX
35756053	Sheet1	1D-250			Pseudomonas aeruginosa	trimethoprim	>	4/76		Table_2.XLSX
35756053	Sheet1	1D-250			Pseudomonas aeruginosa	cefpodoxime	>	16		Table_2.XLSX
35756053	Sheet1	1D-250			Pseudomonas aeruginosa	ceftriaxone	=	8		Table_2.XLSX
35756053	Sheet1	1D-250			Pseudomonas aeruginosa	tetracycline	=	4		Table_2.XLSX
35756053	Sheet1	1D-250			Pseudomonas aeruginosa	colistin	=	2		Table_2.XLSX
35756053	Sheet1	1D-251			Pseudomonas aeruginosa	ampicillin	>	32		Table_2.XLSX
35756053	Sheet1	1D-251			Pseudomonas aeruginosa	ampicillin/sulbactam	>	32/16		Table_2.XLSX
35756053	Sheet1	1D-251			Pseudomonas aeruginosa	cefazolin	>	32		Table_2.XLSX
35756053	Sheet1	1D-251			Pseudomonas aeruginosa	cefepime	=	8		Table_2.XLSX
35756053	Sheet1	1D-251			Pseudomonas aeruginosa	cephalothin	>	16		Table_2.XLSX
35756053	Sheet1	1D-251			Pseudomonas aeruginosa	cefuroxime	>	32		Table_2.XLSX
35756053	Sheet1	1D-251			Pseudomonas aeruginosa	cefoxitin	>	32		Table_2.XLSX
35756053	Sheet1	1D-251			Pseudomonas aeruginosa	trimethoprim	>	4/76		Table_2.XLSX
35756053	Sheet1	1D-251			Pseudomonas aeruginosa	cefpodoxime	>	16		Table_2.XLSX
35756053	Sheet1	1D-251			Pseudomonas aeruginosa	ceftazidime	=	2		Table_2.XLSX
35756053	Sheet1	1D-251			Pseudomonas aeruginosa	tigecycline	>	8		Table_2.XLSX
35756053	Sheet1	1D-251			Pseudomonas aeruginosa	ticarcillin/clavulanic acid	=	32/2		Table_2.XLSX
35756053	Sheet1	1D-251			Pseudomonas aeruginosa	ceftriaxone	=	64		Table_2.XLSX
35756053	Sheet1	1D-251			Pseudomonas aeruginosa	tetracycline	>	16		Table_2.XLSX
35756053	Sheet1	1D-251			Pseudomonas aeruginosa	colistin	=	1		Table_2.XLSX
35756053	Sheet1	1D-252			Pseudomonas aeruginosa	ampicillin	>	32		Table_2.XLSX
35756053	Sheet1	1D-252			Pseudomonas aeruginosa	ampicillin/sulbactam	>	32/16		Table_2.XLSX
35756053	Sheet1	1D-252			Pseudomonas aeruginosa	aztreonam	=	8		Table_2.XLSX
35756053	Sheet1	1D-252			Pseudomonas aeruginosa	cefazolin	>	32		Table_2.XLSX
35756053	Sheet1	1D-252			Pseudomonas aeruginosa	cephalothin	>	16		Table_2.XLSX
35756053	Sheet1	1D-252			Pseudomonas aeruginosa	ertapenem	=	4		Table_2.XLSX
35756053	Sheet1	1D-252			Pseudomonas aeruginosa	cefuroxime	>	32		Table_2.XLSX
35756053	Sheet1	1D-252			Pseudomonas aeruginosa	cefoxitin	>	32		Table_2.XLSX
35756053	Sheet1	1D-252			Pseudomonas aeruginosa	trimethoprim	>	4/76		Table_2.XLSX
35756053	Sheet1	1D-252			Pseudomonas aeruginosa	cefpodoxime	>	16		Table_2.XLSX
35756053	Sheet1	1D-252			Pseudomonas aeruginosa	ceftazidime	=	2		Table_2.XLSX
35756053	Sheet1	1D-252			Pseudomonas aeruginosa	tigecycline	=	8		Table_2.XLSX
35756053	Sheet1	1D-252			Pseudomonas aeruginosa	ticarcillin/clavulanic acid	=	32/2		Table_2.XLSX
35756053	Sheet1	1D-252			Pseudomonas aeruginosa	ceftriaxone	>	64		Table_2.XLSX
35756053	Sheet1	1D-252			Pseudomonas aeruginosa	tetracycline	>	16		Table_2.XLSX
35756053	Sheet1	1D-252			Pseudomonas aeruginosa	colistin	=	1		Table_2.XLSX
35756053	Sheet1	1D-253			Pseudomonas aeruginosa	ampicillin	>	32		Table_2.XLSX
35756053	Sheet1	1D-253			Pseudomonas aeruginosa	ampicillin/sulbactam	>	32/16		Table_2.XLSX
35756053	Sheet1	1D-253			Pseudomonas aeruginosa	aztreonam	=	8		Table_2.XLSX
35756053	Sheet1	1D-253			Pseudomonas aeruginosa	cefazolin	>	32		Table_2.XLSX
35756053	Sheet1	1D-253			Pseudomonas aeruginosa	cephalothin	>	16		Table_2.XLSX
35756053	Sheet1	1D-253			Pseudomonas aeruginosa	ertapenem	=	8		Table_2.XLSX
35756053	Sheet1	1D-253			Pseudomonas aeruginosa	cefuroxime	>	32		Table_2.XLSX
35756053	Sheet1	1D-253			Pseudomonas aeruginosa	cefoxitin	>	32		Table_2.XLSX
35756053	Sheet1	1D-253			Pseudomonas aeruginosa	trimethoprim	=	4/76		Table_2.XLSX
35756053	Sheet1	1D-253			Pseudomonas aeruginosa	cefpodoxime	>	16		Table_2.XLSX
35756053	Sheet1	1D-253			Pseudomonas aeruginosa	ceftazidime	=	2		Table_2.XLSX
35756053	Sheet1	1D-253			Pseudomonas aeruginosa	tigecycline	=	4		Table_2.XLSX
35756053	Sheet1	1D-253			Pseudomonas aeruginosa	ticarcillin/clavulanic acid	=	32/2		Table_2.XLSX
35756053	Sheet1	1D-253			Pseudomonas aeruginosa	ceftriaxone	=	32		Table_2.XLSX
35756053	Sheet1	1D-253			Pseudomonas aeruginosa	tetracycline	>	16		Table_2.XLSX
35756053	Sheet1	1D-253			Pseudomonas aeruginosa	colistin	=	1		Table_2.XLSX
35756053	Sheet1	1D-254			Pseudomonas aeruginosa	ampicillin	>	32		Table_2.XLSX
35756053	Sheet1	1D-254			Pseudomonas aeruginosa	ampicillin/sulbactam	>	32/16		Table_2.XLSX
35756053	Sheet1	1D-254			Pseudomonas aeruginosa	cefazolin	>	32		Table_2.XLSX
35756053	Sheet1	1D-254			Pseudomonas aeruginosa	cephalothin	>	16		Table_2.XLSX
35756053	Sheet1	1D-254			Pseudomonas aeruginosa	cefuroxime	>	32		Table_2.XLSX
35756053	Sheet1	1D-254			Pseudomonas aeruginosa	cefoxitin	>	32		Table_2.XLSX
35756053	Sheet1	1D-254			Pseudomonas aeruginosa	trimethoprim	=	2/38		Table_2.XLSX
35756053	Sheet1	1D-254			Pseudomonas aeruginosa	cefpodoxime	>	16		Table_2.XLSX
35756053	Sheet1	1D-254			Pseudomonas aeruginosa	tigecycline	=	4		Table_2.XLSX
35756053	Sheet1	1D-254			Pseudomonas aeruginosa	ceftriaxone	=	32		Table_2.XLSX
35756053	Sheet1	1D-254			Pseudomonas aeruginosa	tetracycline	=	8		Table_2.XLSX
35756053	Sheet1	1D-254			Pseudomonas aeruginosa	colistin	=	1		Table_2.XLSX
35756053	Sheet1	1D-255			Pseudomonas aeruginosa	ampicillin	>	32		Table_2.XLSX
35756053	Sheet1	1D-255			Pseudomonas aeruginosa	ampicillin/sulbactam	>	32/16		Table_2.XLSX
35756053	Sheet1	1D-255			Pseudomonas aeruginosa	aztreonam	=	16		Table_2.XLSX
35756053	Sheet1	1D-255			Pseudomonas aeruginosa	cefazolin	>	32		Table_2.XLSX
35756053	Sheet1	1D-255			Pseudomonas aeruginosa	cephalothin	>	16		Table_2.XLSX
35756053	Sheet1	1D-255			Pseudomonas aeruginosa	ertapenem	=	4		Table_2.XLSX
35756053	Sheet1	1D-255			Pseudomonas aeruginosa	cefuroxime	>	32		Table_2.XLSX
35756053	Sheet1	1D-255			Pseudomonas aeruginosa	ciprofloxacin	=	1		Table_2.XLSX
35756053	Sheet1	1D-255			Pseudomonas aeruginosa	cefoxitin	>	32		Table_2.XLSX
35756053	Sheet1	1D-255			Pseudomonas aeruginosa	trimethoprim	>	4/76		Table_2.XLSX
35756053	Sheet1	1D-255			Pseudomonas aeruginosa	cefpodoxime	>	16		Table_2.XLSX
35756053	Sheet1	1D-255			Pseudomonas aeruginosa	ceftazidime	=	4		Table_2.XLSX
35756053	Sheet1	1D-255			Pseudomonas aeruginosa	tigecycline	=	8		Table_2.XLSX
35756053	Sheet1	1D-255			Pseudomonas aeruginosa	ticarcillin/clavulanic acid	=	64/2		Table_2.XLSX
35756053	Sheet1	1D-255			Pseudomonas aeruginosa	ceftriaxone	=	32		Table_2.XLSX
35756053	Sheet1	1D-255			Pseudomonas aeruginosa	tetracycline	>	16		Table_2.XLSX
35756053	Sheet1	1D-255			Pseudomonas aeruginosa	colistin	=	1		Table_2.XLSX
35756053	Sheet1	1D-256			Pseudomonas aeruginosa	ampicillin	>	32		Table_2.XLSX
35756053	Sheet1	1D-256			Pseudomonas aeruginosa	ampicillin/sulbactam	=	16/8		Table_2.XLSX
35756053	Sheet1	1D-256			Pseudomonas aeruginosa	cefazolin	>	32		Table_2.XLSX
35756053	Sheet1	1D-256			Pseudomonas aeruginosa	cephalothin	>	16		Table_2.XLSX
35756053	Sheet1	1D-256			Pseudomonas aeruginosa	cefuroxime	=	16		Table_2.XLSX
35756053	Sheet1	1D-256			Pseudomonas aeruginosa	cefoxitin	>	32		Table_2.XLSX
35756053	Sheet1	1D-256			Pseudomonas aeruginosa	cefpodoxime	>	16		Table_2.XLSX
35756053	Sheet1	1D-256			Pseudomonas aeruginosa	tetracycline	=	1		Table_2.XLSX
35756053	Sheet1	1D-256			Pseudomonas aeruginosa	colistin	=	1		Table_2.XLSX
35756053	Sheet1	1D-257			Pseudomonas aeruginosa	ampicillin	>	32		Table_2.XLSX
35756053	Sheet1	1D-257			Pseudomonas aeruginosa	ampicillin/sulbactam	>	32/16		Table_2.XLSX
35756053	Sheet1	1D-257			Pseudomonas aeruginosa	aztreonam	=	8		Table_2.XLSX
35756053	Sheet1	1D-257			Pseudomonas aeruginosa	cefazolin	>	32		Table_2.XLSX
35756053	Sheet1	1D-257			Pseudomonas aeruginosa	cephalothin	>	16		Table_2.XLSX
35756053	Sheet1	1D-257			Pseudomonas aeruginosa	cefuroxime	>	32		Table_2.XLSX
35756053	Sheet1	1D-257			Pseudomonas aeruginosa	cefoxitin	>	32		Table_2.XLSX
35756053	Sheet1	1D-257			Pseudomonas aeruginosa	trimethoprim	>	4/76		Table_2.XLSX
35756053	Sheet1	1D-257			Pseudomonas aeruginosa	cefpodoxime	>	16		Table_2.XLSX
35756053	Sheet1	1D-257			Pseudomonas aeruginosa	ceftazidime	=	4		Table_2.XLSX
35756053	Sheet1	1D-257			Pseudomonas aeruginosa	tigecycline	=	8		Table_2.XLSX
35756053	Sheet1	1D-257			Pseudomonas aeruginosa	ticarcillin/clavulanic acid	=	64/2		Table_2.XLSX
35756053	Sheet1	1D-257			Pseudomonas aeruginosa	ceftriaxone	=	16		Table_2.XLSX
35756053	Sheet1	1D-257			Pseudomonas aeruginosa	tetracycline	>	16		Table_2.XLSX
35756053	Sheet1	1D-257			Pseudomonas aeruginosa	colistin	=	0.5		Table_2.XLSX
35756053	Sheet1	1D-258			Pseudomonas aeruginosa	ampicillin	>	32		Table_2.XLSX
35756053	Sheet1	1D-258			Pseudomonas aeruginosa	ampicillin/sulbactam	>	32/16		Table_2.XLSX
35756053	Sheet1	1D-258			Pseudomonas aeruginosa	cefazolin	>	32		Table_2.XLSX
35756053	Sheet1	1D-258			Pseudomonas aeruginosa	cephalothin	>	16		Table_2.XLSX
35756053	Sheet1	1D-258			Pseudomonas aeruginosa	ertapenem	=	16		Table_2.XLSX
35756053	Sheet1	1D-258			Pseudomonas aeruginosa	cefuroxime	>	32		Table_2.XLSX
35756053	Sheet1	1D-258			Pseudomonas aeruginosa	cefoxitin	>	32		Table_2.XLSX
35756053	Sheet1	1D-258			Pseudomonas aeruginosa	trimethoprim	>	4/76		Table_2.XLSX
35756053	Sheet1	1D-258			Pseudomonas aeruginosa	cefpodoxime	>	16		Table_2.XLSX
35756053	Sheet1	1D-258			Pseudomonas aeruginosa	ceftazidime	=	2		Table_2.XLSX
35756053	Sheet1	1D-258			Pseudomonas aeruginosa	tigecycline	=	4		Table_2.XLSX
35756053	Sheet1	1D-258			Pseudomonas aeruginosa	ticarcillin/clavulanic acid	=	32/2		Table_2.XLSX
35756053	Sheet1	1D-258			Pseudomonas aeruginosa	ceftriaxone	>	64		Table_2.XLSX
35756053	Sheet1	1D-258			Pseudomonas aeruginosa	tetracycline	=	16		Table_2.XLSX
35756053	Sheet1	1D-258			Pseudomonas aeruginosa	colistin	=	1		Table_2.XLSX
35756053	Sheet1	1D-259			Pseudomonas aeruginosa	ampicillin	>	32		Table_2.XLSX
35756053	Sheet1	1D-259			Pseudomonas aeruginosa	ampicillin/sulbactam	>	32/16		Table_2.XLSX
35756053	Sheet1	1D-259			Pseudomonas aeruginosa	aztreonam	=	16		Table_2.XLSX
35756053	Sheet1	1D-259			Pseudomonas aeruginosa	cefazolin	>	32		Table_2.XLSX
35756053	Sheet1	1D-259			Pseudomonas aeruginosa	cephalothin	>	16		Table_2.XLSX
35756053	Sheet1	1D-259			Pseudomonas aeruginosa	ertapenem	=	4		Table_2.XLSX
35756053	Sheet1	1D-259			Pseudomonas aeruginosa	cefuroxime	>	32		Table_2.XLSX
35756053	Sheet1	1D-259			Pseudomonas aeruginosa	cefoxitin	>	32		Table_2.XLSX
35756053	Sheet1	1D-259			Pseudomonas aeruginosa	trimethoprim	>	4/76		Table_2.XLSX
35756053	Sheet1	1D-259			Pseudomonas aeruginosa	cefpodoxime	>	16		Table_2.XLSX
35756053	Sheet1	1D-259			Pseudomonas aeruginosa	ceftazidime	=	4		Table_2.XLSX
35756053	Sheet1	1D-259			Pseudomonas aeruginosa	tigecycline	=	8		Table_2.XLSX
35756053	Sheet1	1D-259			Pseudomonas aeruginosa	ticarcillin/clavulanic acid	>	64/2		Table_2.XLSX
35756053	Sheet1	1D-259			Pseudomonas aeruginosa	ceftriaxone	=	64		Table_2.XLSX
35756053	Sheet1	1D-259			Pseudomonas aeruginosa	tetracycline	>	16		Table_2.XLSX
35756053	Sheet1	1D-492			Pseudomonas aeruginosa	amikacin	<=	8		Table_2.XLSX
35756053	Sheet1	1D-492			Pseudomonas aeruginosa	ampicillin	>	32		Table_2.XLSX
35756053	Sheet1	1D-492			Pseudomonas aeruginosa	ampicillin/sulbactam	>	32/16		Table_2.XLSX
35756053	Sheet1	1D-492			Pseudomonas aeruginosa	aztreonam	<=	4		Table_2.XLSX
35756053	Sheet1	1D-492			Pseudomonas aeruginosa	cefazolin	>	32		Table_2.XLSX
35756053	Sheet1	1D-492			Pseudomonas aeruginosa	cefepime	<=	4		Table_2.XLSX
35756053	Sheet1	1D-492			Pseudomonas aeruginosa	cephalothin	>	16		Table_2.XLSX
35756053	Sheet1	1D-492			Pseudomonas aeruginosa	meropenem	<=	1		Table_2.XLSX
35756053	Sheet1	1D-492			Pseudomonas aeruginosa	ertapenem	<=	2		Table_2.XLSX
35756053	Sheet1	1D-492			Pseudomonas aeruginosa	cefuroxime	>	32		Table_2.XLSX
35756053	Sheet1	1D-492			Pseudomonas aeruginosa	gentamicin	<=	2		Table_2.XLSX
35756053	Sheet1	1D-492			Pseudomonas aeruginosa	piperacillin/tazobactam	<=	16/4		Table_2.XLSX
35756053	Sheet1	1D-492			Pseudomonas aeruginosa	cefoxitin	>	32		Table_2.XLSX
35756053	Sheet1	1D-492			Pseudomonas aeruginosa	trimethoprim	>	4/76		Table_2.XLSX
35756053	Sheet1	1D-492			Pseudomonas aeruginosa	cefpodoxime	>	16		Table_2.XLSX
35756053	Sheet1	1D-492			Pseudomonas aeruginosa	ceftazidime	=	2		Table_2.XLSX
35756053	Sheet1	1D-492			Pseudomonas aeruginosa	tobramycin	<=	4		Table_2.XLSX
35756053	Sheet1	1D-492			Pseudomonas aeruginosa	tigecycline	=	8		Table_2.XLSX
35756053	Sheet1	1D-492			Pseudomonas aeruginosa	ticarcillin/clavulanic acid	=	32/2		Table_2.XLSX
35756053	Sheet1	1D-492			Pseudomonas aeruginosa	ceftriaxone	=	64		Table_2.XLSX
35756053	Sheet1	1D-492			Pseudomonas aeruginosa	tetracycline	=	16		Table_2.XLSX
35756053	Sheet1	1D-492			Pseudomonas aeruginosa	colistin	=	2		Table_2.XLSX
35756053	Sheet1	1D-261			Stenotrophomonas maltophilia	amikacin	=	16		Table_2.XLSX
35756053	Sheet1	1D-261			Stenotrophomonas maltophilia	ampicillin	>	32		Table_2.XLSX
35756053	Sheet1	1D-261			Stenotrophomonas maltophilia	ampicillin/sulbactam	>	32/16		Table_2.XLSX
35756053	Sheet1	1D-261			Stenotrophomonas maltophilia	aztreonam	=	32		Table_2.XLSX
35756053	Sheet1	1D-261			Stenotrophomonas maltophilia	cefazolin	>	32		Table_2.XLSX
35756053	Sheet1	1D-261			Stenotrophomonas maltophilia	cefepime	=	8		Table_2.XLSX
35756053	Sheet1	1D-261			Stenotrophomonas maltophilia	cephalothin	>	16		Table_2.XLSX
35756053	Sheet1	1D-261			Stenotrophomonas maltophilia	meropenem	>	8		Table_2.XLSX
35756053	Sheet1	1D-261			Stenotrophomonas maltophilia	ertapenem	>	16		Table_2.XLSX
35756053	Sheet1	1D-261			Stenotrophomonas maltophilia	cefuroxime	>	32		Table_2.XLSX
35756053	Sheet1	1D-261			Stenotrophomonas maltophilia	gentamicin	>	16		Table_2.XLSX
35756053	Sheet1	1D-261			Stenotrophomonas maltophilia	ciprofloxacin	=	2		Table_2.XLSX
35756053	Sheet1	1D-261			Stenotrophomonas maltophilia	cefoxitin	>	32		Table_2.XLSX
35756053	Sheet1	1D-261			Stenotrophomonas maltophilia	cefpodoxime	>	16		Table_2.XLSX
35756053	Sheet1	1D-261			Stenotrophomonas maltophilia	ceftazidime	=	16		Table_2.XLSX
35756053	Sheet1	1D-261			Stenotrophomonas maltophilia	tobramycin	>	8		Table_2.XLSX
35756053	Sheet1	1D-261			Stenotrophomonas maltophilia	ceftriaxone	>	64		Table_2.XLSX
35756053	Sheet1	1D-261			Stenotrophomonas maltophilia	tetracycline	=	16		Table_2.XLSX
35756053	Sheet1	1D-262			Stenotrophomonas maltophilia	ampicillin	>	32		Table_2.XLSX
35756053	Sheet1	1D-262			Stenotrophomonas maltophilia	ampicillin/sulbactam	>	32/16		Table_2.XLSX
35756053	Sheet1	1D-262			Stenotrophomonas maltophilia	aztreonam	=	32		Table_2.XLSX
35756053	Sheet1	1D-262			Stenotrophomonas maltophilia	cefazolin	>	32		Table_2.XLSX
35756053	Sheet1	1D-262			Stenotrophomonas maltophilia	cefepime	=	8		Table_2.XLSX
35756053	Sheet1	1D-262			Stenotrophomonas maltophilia	cephalothin	>	16		Table_2.XLSX
35756053	Sheet1	1D-262			Stenotrophomonas maltophilia	meropenem	>	8		Table_2.XLSX
35756053	Sheet1	1D-262			Stenotrophomonas maltophilia	ertapenem	>	16		Table_2.XLSX
35756053	Sheet1	1D-262			Stenotrophomonas maltophilia	cefuroxime	>	32		Table_2.XLSX
35756053	Sheet1	1D-262			Stenotrophomonas maltophilia	ciprofloxacin	=	1		Table_2.XLSX
35756053	Sheet1	1D-262			Stenotrophomonas maltophilia	piperacillin/tazobactam	=	64/4		Table_2.XLSX
35756053	Sheet1	1D-262			Stenotrophomonas maltophilia	cefoxitin	>	32		Table_2.XLSX
35756053	Sheet1	1D-262			Stenotrophomonas maltophilia	trimethoprim	=	4/76		Table_2.XLSX
35756053	Sheet1	1D-262			Stenotrophomonas maltophilia	cefpodoxime	>	16		Table_2.XLSX
35756053	Sheet1	1D-262			Stenotrophomonas maltophilia	ceftazidime	=	2		Table_2.XLSX
35756053	Sheet1	1D-262			Stenotrophomonas maltophilia	ceftriaxone	=	64		Table_2.XLSX
35756053	Sheet1	1D-262			Stenotrophomonas maltophilia	tetracycline	=	4		Table_2.XLSX
35756053	Sheet1	1D-473			Haemophilus influenzae	ampicillin	=	8		Table_2.XLSX
35756053	Sheet1	1D-473			Haemophilus influenzae	ampicillin/sulbactam	>	1		Table_2.XLSX
35756053	Sheet1	1D-473			Haemophilus influenzae	cefazolin	=	1		Table_2.XLSX
35756053	Sheet1	1D-473			Haemophilus influenzae	ertapenem	=	0.25		Table_2.XLSX
35756053	Sheet1	1D-473			Haemophilus influenzae	cefuroxime	=	2		Table_2.XLSX
35756053	Sheet1	1D-473			Haemophilus influenzae	gentamicin	=	1		Table_2.XLSX
35756053	Sheet1	1D-473			Haemophilus influenzae	piperacillin/tazobactam	<=	2/1		Table_2.XLSX
35756053	Sheet1	1D-473			Haemophilus influenzae	sulfamethoxazole	=	0.25		Table_2.XLSX
35756053	Sheet1	1D-473			Haemophilus influenzae	ceftazidime	=	16		Table_2.XLSX
35756053	Sheet1	1D-473			Haemophilus influenzae	tobramycin	=	1		Table_2.XLSX
35756053	Sheet1	1D-473			Haemophilus influenzae	tigecycline	=	0.5		Table_2.XLSX
35756053	Sheet1	1D-474			Haemophilus influenzae	ampicillin	=	4		Table_2.XLSX
35756053	Sheet1	1D-474			Haemophilus influenzae	ampicillin/sulbactam	=	0.12		Table_2.XLSX
35756053	Sheet1	1D-474			Haemophilus influenzae	gentamicin	=	0.5		Table_2.XLSX
35756053	Sheet1	1D-474			Haemophilus influenzae	piperacillin/tazobactam	<=	2/1		Table_2.XLSX
35756053	Sheet1	1D-474			Haemophilus influenzae	ceftazidime	<=	4		Table_2.XLSX
35756053	Sheet1	1D-474			Haemophilus influenzae	tigecycline	=	0.5		Table_2.XLSX
35756053	Sheet1	1D-475			Haemophilus influenzae	ampicillin	=	4		Table_2.XLSX
35756053	Sheet1	1D-475			Haemophilus influenzae	ampicillin/sulbactam	>	1		Table_2.XLSX
35756053	Sheet1	1D-475			Haemophilus influenzae	cefazolin	>	4		Table_2.XLSX
35756053	Sheet1	1D-475			Haemophilus influenzae	cefuroxime	=	1		Table_2.XLSX
35756053	Sheet1	1D-475			Haemophilus influenzae	gentamicin	=	0.5		Table_2.XLSX
35756053	Sheet1	1D-475			Haemophilus influenzae	piperacillin/tazobactam	<=	2/1		Table_2.XLSX
35756053	Sheet1	1D-475			Haemophilus influenzae	cefpodoxime	=	2/1		Table_2.XLSX
35756053	Sheet1	1D-475			Haemophilus influenzae	ceftazidime	<=	4		Table_2.XLSX
35756053	Sheet1	1D-475			Haemophilus influenzae	tigecycline	=	0.5		Table_2.XLSX
35756053	Sheet1	1D-476			Haemophilus influenzae	ampicillin	=	8		Table_2.XLSX
35756053	Sheet1	1D-476			Haemophilus influenzae	ampicillin/sulbactam	>	1		Table_2.XLSX
35756053	Sheet1	1D-476			Haemophilus influenzae	cefazolin	>	4		Table_2.XLSX
35756053	Sheet1	1D-476			Haemophilus influenzae	cefuroxime	=	1		Table_2.XLSX
35756053	Sheet1	1D-476			Haemophilus influenzae	gentamicin	=	1		Table_2.XLSX
35756053	Sheet1	1D-476			Haemophilus influenzae	piperacillin/tazobactam	<=	2/1		Table_2.XLSX
35756053	Sheet1	1D-476			Haemophilus influenzae	cefpodoxime	>	2/1		Table_2.XLSX
35756053	Sheet1	1D-476			Haemophilus influenzae	ceftazidime	=	16		Table_2.XLSX
35756053	Sheet1	1D-476			Haemophilus influenzae	tobramycin	=	1		Table_2.XLSX
35756053	Sheet1	1D-476			Haemophilus influenzae	tigecycline	=	0.5		Table_2.XLSX
35756053	Sheet1	1D-477			Haemophilus influenzae	ampicillin	=	8		Table_2.XLSX
35756053	Sheet1	1D-477			Haemophilus influenzae	ampicillin/sulbactam	>	1		Table_2.XLSX
35756053	Sheet1	1D-477			Haemophilus influenzae	cefazolin	>	4		Table_2.XLSX
35756053	Sheet1	1D-477			Haemophilus influenzae	cefuroxime	=	1		Table_2.XLSX
35756053	Sheet1	1D-477			Haemophilus influenzae	gentamicin	=	1		Table_2.XLSX
35756053	Sheet1	1D-477			Haemophilus influenzae	piperacillin/tazobactam	<=	2/1		Table_2.XLSX
35756053	Sheet1	1D-477			Haemophilus influenzae	ceftazidime	=	8		Table_2.XLSX
35756053	Sheet1	1D-477			Haemophilus influenzae	tobramycin	=	1		Table_2.XLSX
35756053	Sheet1	1D-477			Haemophilus influenzae	tigecycline	=	0.5		Table_2.XLSX
35756053	Sheet1	1D-478			Haemophilus influenzae	ampicillin	=	8		Table_2.XLSX
35756053	Sheet1	1D-478			Haemophilus influenzae	ampicillin/sulbactam	=	0.5		Table_2.XLSX
35756053	Sheet1	1D-478			Haemophilus influenzae	gentamicin	=	1		Table_2.XLSX
35756053	Sheet1	1D-478			Haemophilus influenzae	piperacillin/tazobactam	<=	2/1		Table_2.XLSX
35756053	Sheet1	1D-478			Haemophilus influenzae	ceftazidime	<=	4		Table_2.XLSX
35756053	Sheet1	1D-478			Haemophilus influenzae	tigecycline	=	0.5		Table_2.XLSX
35756053	Sheet1	1D-479			Haemophilus influenzae	ampicillin	=	4		Table_2.XLSX
35756053	Sheet1	1D-479			Haemophilus influenzae	ampicillin/sulbactam	=	0.25		Table_2.XLSX
35756053	Sheet1	1D-479			Haemophilus influenzae	cefazolin	=	0.25		Table_2.XLSX
35756053	Sheet1	1D-479			Haemophilus influenzae	cefuroxime	=	1		Table_2.XLSX
35756053	Sheet1	1D-479			Haemophilus influenzae	gentamicin	=	0.5		Table_2.XLSX
35756053	Sheet1	1D-479			Haemophilus influenzae	ciprofloxacin	=	1		Table_2.XLSX
35756053	Sheet1	1D-479			Haemophilus influenzae	piperacillin/tazobactam	<=	2/1		Table_2.XLSX
35756053	Sheet1	1D-479			Haemophilus influenzae	ceftazidime	<=	4		Table_2.XLSX
35756053	Sheet1	1D-479			Haemophilus influenzae	tigecycline	=	0.5		Table_2.XLSX
35756053	Sheet1	1D-480			Haemophilus influenzae	ampicillin	=	8		Table_2.XLSX
35756053	Sheet1	1D-480			Haemophilus influenzae	ampicillin/sulbactam	>	1		Table_2.XLSX
35756053	Sheet1	1D-480			Haemophilus influenzae	cefazolin	>	4		Table_2.XLSX
35756053	Sheet1	1D-480			Haemophilus influenzae	cephalothin	>	2/38		Table_2.XLSX
35756053	Sheet1	1D-480			Haemophilus influenzae	cefuroxime	=	1		Table_2.XLSX
35756053	Sheet1	1D-480			Haemophilus influenzae	gentamicin	=	0.5		Table_2.XLSX
35756053	Sheet1	1D-480			Haemophilus influenzae	ciprofloxacin	=	1		Table_2.XLSX
35756053	Sheet1	1D-480			Haemophilus influenzae	piperacillin/tazobactam	<=	2/1		Table_2.XLSX
35756053	Sheet1	1D-480			Haemophilus influenzae	cefpodoxime	=	2/1		Table_2.XLSX
35756053	Sheet1	1D-480			Haemophilus influenzae	ceftazidime	=	8		Table_2.XLSX
35756053	Sheet1	1D-480			Haemophilus influenzae	tobramycin	=	0.5		Table_2.XLSX
35756053	Sheet1	1D-480			Haemophilus influenzae	tigecycline	=	0.5		Table_2.XLSX
35756053	Sheet1	1D-481			Haemophilus influenzae	ampicillin	=	8		Table_2.XLSX
35756053	Sheet1	1D-481			Haemophilus influenzae	ampicillin/sulbactam	=	0.25		Table_2.XLSX
35756053	Sheet1	1D-481			Haemophilus influenzae	cefazolin	=	0.25		Table_2.XLSX
35756053	Sheet1	1D-481			Haemophilus influenzae	cefuroxime	=	1		Table_2.XLSX
35756053	Sheet1	1D-481			Haemophilus influenzae	gentamicin	=	1		Table_2.XLSX
35756053	Sheet1	1D-481			Haemophilus influenzae	piperacillin/tazobactam	<=	2/1		Table_2.XLSX
35756053	Sheet1	1D-481			Haemophilus influenzae	ceftazidime	<=	4		Table_2.XLSX
35756053	Sheet1	1D-481			Haemophilus influenzae	tigecycline	=	0.5		Table_2.XLSX
35756053	Sheet1	1D-482			Haemophilus influenzae	ampicillin	=	4		Table_2.XLSX
35756053	Sheet1	1D-482			Haemophilus influenzae	ampicillin/sulbactam	=	0.25		Table_2.XLSX
35756053	Sheet1	1D-482			Haemophilus influenzae	cefuroxime	=	1		Table_2.XLSX
35756053	Sheet1	1D-482			Haemophilus influenzae	gentamicin	=	0.5		Table_2.XLSX
35756053	Sheet1	1D-482			Haemophilus influenzae	piperacillin/tazobactam	<=	2/1		Table_2.XLSX
35756053	Sheet1	1D-482			Haemophilus influenzae	ceftazidime	<=	4		Table_2.XLSX
35756053	Sheet1	1D-482			Haemophilus influenzae	tigecycline	=	0.5		Table_2.XLSX
35756053	Sheet1	1D-483			Haemophilus influenzae	ampicillin	=	16		Table_2.XLSX
35756053	Sheet1	1D-483			Haemophilus influenzae	ampicillin/sulbactam	=	0.5		Table_2.XLSX
35756053	Sheet1	1D-483			Haemophilus influenzae	cefazolin	=	0.25		Table_2.XLSX
35756053	Sheet1	1D-483			Haemophilus influenzae	cephalothin	>	2/38		Table_2.XLSX
35756053	Sheet1	1D-483			Haemophilus influenzae	cefuroxime	=	1		Table_2.XLSX
35756053	Sheet1	1D-483			Haemophilus influenzae	gentamicin	=	0.5		Table_2.XLSX
35756053	Sheet1	1D-483			Haemophilus influenzae	piperacillin/tazobactam	<=	2/1		Table_2.XLSX
35756053	Sheet1	1D-483			Haemophilus influenzae	ceftazidime	<=	4		Table_2.XLSX
35756053	Sheet1	1D-483			Haemophilus influenzae	tobramycin	=	1		Table_2.XLSX
35756053	Sheet1	1D-483			Haemophilus influenzae	tigecycline	=	0.5		Table_2.XLSX
35756053	Sheet1	1D-484			Haemophilus influenzae	ampicillin	=	4		Table_2.XLSX
35756053	Sheet1	1D-484			Haemophilus influenzae	ampicillin/sulbactam	=	0.5		Table_2.XLSX
35756053	Sheet1	1D-484			Haemophilus influenzae	cefazolin	=	0.25		Table_2.XLSX
35756053	Sheet1	1D-484			Haemophilus influenzae	cefuroxime	=	1		Table_2.XLSX
35756053	Sheet1	1D-484			Haemophilus influenzae	gentamicin	=	0.5		Table_2.XLSX
35756053	Sheet1	1D-484			Haemophilus influenzae	piperacillin/tazobactam	<=	2/1		Table_2.XLSX
35756053	Sheet1	1D-484			Haemophilus influenzae	ceftazidime	<=	4		Table_2.XLSX
35756053	Sheet1	1D-484			Haemophilus influenzae	tigecycline	=	0.5		Table_2.XLSX
35756053	Sheet1	1D-485			Haemophilus influenzae	ampicillin	=	8		Table_2.XLSX
35756053	Sheet1	1D-485			Haemophilus influenzae	ampicillin/sulbactam	>	1		Table_2.XLSX
35756053	Sheet1	1D-485			Haemophilus influenzae	cefazolin	=	1		Table_2.XLSX
35756053	Sheet1	1D-485			Haemophilus influenzae	ertapenem	=	0.25		Table_2.XLSX
35756053	Sheet1	1D-485			Haemophilus influenzae	cefuroxime	=	2		Table_2.XLSX
35756053	Sheet1	1D-485			Haemophilus influenzae	gentamicin	=	1		Table_2.XLSX
35756053	Sheet1	1D-485			Haemophilus influenzae	piperacillin/tazobactam	<=	2/1		Table_2.XLSX
35756053	Sheet1	1D-485			Haemophilus influenzae	sulfamethoxazole	=	0.25		Table_2.XLSX
35756053	Sheet1	1D-485			Haemophilus influenzae	ceftazidime	<=	4		Table_2.XLSX
35756053	Sheet1	1D-485			Haemophilus influenzae	tigecycline	=	0.5		Table_2.XLSX
35756053	Sheet1	1D-486			Haemophilus influenzae	ampicillin	=	8		Table_2.XLSX
35756053	Sheet1	1D-486			Haemophilus influenzae	ampicillin/sulbactam	>	1		Table_2.XLSX
35756053	Sheet1	1D-486			Haemophilus influenzae	cefazolin	>	4		Table_2.XLSX
35756053	Sheet1	1D-486			Haemophilus influenzae	gentamicin	=	0.5		Table_2.XLSX
35756053	Sheet1	1D-486			Haemophilus influenzae	piperacillin/tazobactam	<=	2/1		Table_2.XLSX
35756053	Sheet1	1D-486			Haemophilus influenzae	ceftazidime	<=	4		Table_2.XLSX
35756053	Sheet1	1D-486			Haemophilus influenzae	tigecycline	=	0.5		Table_2.XLSX
35756053	Sheet1	1D-464			Moraxella catarrhalis	amikacin	<=	1		Table_2.XLSX
35756053	Sheet1	1D-464			Moraxella catarrhalis	ampicillin	>	4		Table_2.XLSX
35756053	Sheet1	1D-464			Moraxella catarrhalis	cefepime	<=	1		Table_2.XLSX
35756053	Sheet1	1D-464			Moraxella catarrhalis	ertapenem	=	1		Table_2.XLSX
35756053	Sheet1	1D-464			Moraxella catarrhalis	cefuroxime	<=	2/1		Table_2.XLSX
35756053	Sheet1	1D-464			Moraxella catarrhalis	piperacillin/tazobactam	=	0.5		Table_2.XLSX
35756053	Sheet1	1D-464			Moraxella catarrhalis	cefoxitin	=	4		Table_2.XLSX
35756053	Sheet1	1D-464			Moraxella catarrhalis	trimethoprim	>	4		Table_2.XLSX
35756053	Sheet1	1D-464			Moraxella catarrhalis	sulfamethoxazole	=	0.5		Table_2.XLSX
35756053	Sheet1	1D-464			Moraxella catarrhalis	cefpodoxime	>	1		Table_2.XLSX
35756053	Sheet1	1D-464			Moraxella catarrhalis	ceftazidime	>	2		Table_2.XLSX
35756053	Sheet1	1D-464			Moraxella catarrhalis	tigecycline	<=	1		Table_2.XLSX
35756053	Sheet1	1D-464			Moraxella catarrhalis	ticarcillin/clavulanic acid	=	0.03		Table_2.XLSX
35756053	Sheet1	1D-465			Moraxella catarrhalis	amikacin	<=	1		Table_2.XLSX
35756053	Sheet1	1D-465			Moraxella catarrhalis	ampicillin	>	4		Table_2.XLSX
35756053	Sheet1	1D-465			Moraxella catarrhalis	cefepime	<=	1		Table_2.XLSX
35756053	Sheet1	1D-465			Moraxella catarrhalis	ertapenem	=	2		Table_2.XLSX
35756053	Sheet1	1D-465			Moraxella catarrhalis	cefuroxime	<=	2/1		Table_2.XLSX
35756053	Sheet1	1D-465			Moraxella catarrhalis	piperacillin/tazobactam	=	0.5		Table_2.XLSX
35756053	Sheet1	1D-465			Moraxella catarrhalis	cefoxitin	=	4		Table_2.XLSX
35756053	Sheet1	1D-465			Moraxella catarrhalis	trimethoprim	>	4		Table_2.XLSX
35756053	Sheet1	1D-465			Moraxella catarrhalis	sulfamethoxazole	=	1		Table_2.XLSX
35756053	Sheet1	1D-465			Moraxella catarrhalis	cefpodoxime	>	1		Table_2.XLSX
35756053	Sheet1	1D-465			Moraxella catarrhalis	ceftazidime	>	2		Table_2.XLSX
35756053	Sheet1	1D-465			Moraxella catarrhalis	tobramycin	=	4		Table_2.XLSX
35756053	Sheet1	1D-465			Moraxella catarrhalis	tigecycline	<=	1		Table_2.XLSX
35756053	Sheet1	1D-465			Moraxella catarrhalis	ticarcillin/clavulanic acid	=	0.03		Table_2.XLSX
35756053	Sheet1	1D-466			Moraxella catarrhalis	amikacin	<=	1		Table_2.XLSX
35756053	Sheet1	1D-466			Moraxella catarrhalis	ampicillin	>	4		Table_2.XLSX
35756053	Sheet1	1D-466			Moraxella catarrhalis	cefepime	<=	1		Table_2.XLSX
35756053	Sheet1	1D-466			Moraxella catarrhalis	ertapenem	=	2		Table_2.XLSX
35756053	Sheet1	1D-466			Moraxella catarrhalis	cefuroxime	<=	2/1		Table_2.XLSX
35756053	Sheet1	1D-466			Moraxella catarrhalis	piperacillin/tazobactam	=	0.25		Table_2.XLSX
35756053	Sheet1	1D-466			Moraxella catarrhalis	cefoxitin	=	4		Table_2.XLSX
35756053	Sheet1	1D-466			Moraxella catarrhalis	trimethoprim	>	4		Table_2.XLSX
35756053	Sheet1	1D-466			Moraxella catarrhalis	sulfamethoxazole	=	0.5		Table_2.XLSX
35756053	Sheet1	1D-466			Moraxella catarrhalis	cefpodoxime	>	1		Table_2.XLSX
35756053	Sheet1	1D-466			Moraxella catarrhalis	ceftazidime	>	2		Table_2.XLSX
35756053	Sheet1	1D-466			Moraxella catarrhalis	tobramycin	=	1		Table_2.XLSX
35756053	Sheet1	1D-466			Moraxella catarrhalis	tigecycline	<=	1		Table_2.XLSX
35756053	Sheet1	1D-466			Moraxella catarrhalis	ticarcillin/clavulanic acid	=	0.03		Table_2.XLSX
35756053	Sheet1	1D-467			Moraxella catarrhalis	amikacin	<=	1		Table_2.XLSX
35756053	Sheet1	1D-467			Moraxella catarrhalis	ampicillin	=	2		Table_2.XLSX
35756053	Sheet1	1D-467			Moraxella catarrhalis	cefepime	<=	1		Table_2.XLSX
35756053	Sheet1	1D-467			Moraxella catarrhalis	cefuroxime	<=	2/1		Table_2.XLSX
35756053	Sheet1	1D-467			Moraxella catarrhalis	cefoxitin	=	4		Table_2.XLSX
35756053	Sheet1	1D-467			Moraxella catarrhalis	trimethoprim	>	4		Table_2.XLSX
35756053	Sheet1	1D-467			Moraxella catarrhalis	cefpodoxime	>	1		Table_2.XLSX
35756053	Sheet1	1D-467			Moraxella catarrhalis	ceftazidime	>	2		Table_2.XLSX
35756053	Sheet1	1D-467			Moraxella catarrhalis	tigecycline	<=	1		Table_2.XLSX
35756053	Sheet1	1D-467			Moraxella catarrhalis	ticarcillin/clavulanic acid	=	0.03		Table_2.XLSX
35756053	Sheet1	1D-468			Moraxella catarrhalis	amikacin	<=	1		Table_2.XLSX
35756053	Sheet1	1D-468			Moraxella catarrhalis	ampicillin	=	1		Table_2.XLSX
35756053	Sheet1	1D-468			Moraxella catarrhalis	cefepime	<=	1		Table_2.XLSX
35756053	Sheet1	1D-468			Moraxella catarrhalis	cefuroxime	<=	2/1		Table_2.XLSX
35756053	Sheet1	1D-468			Moraxella catarrhalis	cefoxitin	=	4		Table_2.XLSX
35756053	Sheet1	1D-468			Moraxella catarrhalis	trimethoprim	>	4		Table_2.XLSX
35756053	Sheet1	1D-468			Moraxella catarrhalis	cefpodoxime	=	1		Table_2.XLSX
35756053	Sheet1	1D-468			Moraxella catarrhalis	ceftazidime	>	2		Table_2.XLSX
35756053	Sheet1	1D-468			Moraxella catarrhalis	tigecycline	<=	1		Table_2.XLSX
35756053	Sheet1	1D-468			Moraxella catarrhalis	ticarcillin/clavulanic acid	=	0.03		Table_2.XLSX
35756053	Sheet1	1D-469			Moraxella catarrhalis	amikacin	<=	1		Table_2.XLSX
35756053	Sheet1	1D-469			Moraxella catarrhalis	ampicillin	>	4		Table_2.XLSX
35756053	Sheet1	1D-469			Moraxella catarrhalis	cefepime	<=	1		Table_2.XLSX
35756053	Sheet1	1D-469			Moraxella catarrhalis	ertapenem	=	4		Table_2.XLSX
35756053	Sheet1	1D-469			Moraxella catarrhalis	cefuroxime	<=	2/1		Table_2.XLSX
35756053	Sheet1	1D-469			Moraxella catarrhalis	piperacillin/tazobactam	=	1		Table_2.XLSX
35756053	Sheet1	1D-469			Moraxella catarrhalis	cefoxitin	>	4		Table_2.XLSX
35756053	Sheet1	1D-469			Moraxella catarrhalis	trimethoprim	>	4		Table_2.XLSX
35756053	Sheet1	1D-469			Moraxella catarrhalis	sulfamethoxazole	=	0.5		Table_2.XLSX
35756053	Sheet1	1D-469			Moraxella catarrhalis	cefpodoxime	>	1		Table_2.XLSX
35756053	Sheet1	1D-469			Moraxella catarrhalis	ceftazidime	>	2		Table_2.XLSX
35756053	Sheet1	1D-469			Moraxella catarrhalis	tigecycline	<=	1		Table_2.XLSX
35756053	Sheet1	1D-469			Moraxella catarrhalis	ticarcillin/clavulanic acid	=	0.06		Table_2.XLSX
35756053	Sheet1	1D-470			Moraxella catarrhalis	amikacin	<=	1		Table_2.XLSX
35756053	Sheet1	1D-470			Moraxella catarrhalis	ampicillin	>	4		Table_2.XLSX
35756053	Sheet1	1D-470			Moraxella catarrhalis	cefepime	<=	1		Table_2.XLSX
35756053	Sheet1	1D-470			Moraxella catarrhalis	ertapenem	=	1		Table_2.XLSX
35756053	Sheet1	1D-470			Moraxella catarrhalis	cefuroxime	<=	2/1		Table_2.XLSX
35756053	Sheet1	1D-470			Moraxella catarrhalis	piperacillin/tazobactam	=	1		Table_2.XLSX
35756053	Sheet1	1D-470			Moraxella catarrhalis	cefoxitin	=	4		Table_2.XLSX
35756053	Sheet1	1D-470			Moraxella catarrhalis	trimethoprim	>	4		Table_2.XLSX
35756053	Sheet1	1D-470			Moraxella catarrhalis	sulfamethoxazole	=	0.5		Table_2.XLSX
35756053	Sheet1	1D-470			Moraxella catarrhalis	cefpodoxime	=	1		Table_2.XLSX
35756053	Sheet1	1D-470			Moraxella catarrhalis	ceftazidime	>	2		Table_2.XLSX
35756053	Sheet1	1D-470			Moraxella catarrhalis	tigecycline	<=	1		Table_2.XLSX
35756053	Sheet1	1D-470			Moraxella catarrhalis	ticarcillin/clavulanic acid	=	0.03		Table_2.XLSX
35756053	Sheet1	1D-471			Moraxella catarrhalis	amikacin	<=	1		Table_2.XLSX
35756053	Sheet1	1D-471			Moraxella catarrhalis	ampicillin	>	4		Table_2.XLSX
35756053	Sheet1	1D-471			Moraxella catarrhalis	cefepime	<=	1		Table_2.XLSX
35756053	Sheet1	1D-471			Moraxella catarrhalis	ertapenem	=	1		Table_2.XLSX
35756053	Sheet1	1D-471			Moraxella catarrhalis	cefuroxime	<=	2/1		Table_2.XLSX
35756053	Sheet1	1D-471			Moraxella catarrhalis	piperacillin/tazobactam	=	0.5		Table_2.XLSX
35756053	Sheet1	1D-471			Moraxella catarrhalis	cefoxitin	=	4		Table_2.XLSX
35756053	Sheet1	1D-471			Moraxella catarrhalis	trimethoprim	>	4		Table_2.XLSX
35756053	Sheet1	1D-471			Moraxella catarrhalis	sulfamethoxazole	=	0.5		Table_2.XLSX
35756053	Sheet1	1D-471			Moraxella catarrhalis	cefpodoxime	>	1		Table_2.XLSX
35756053	Sheet1	1D-471			Moraxella catarrhalis	ceftazidime	>	2		Table_2.XLSX
35756053	Sheet1	1D-471			Moraxella catarrhalis	tobramycin	=	1		Table_2.XLSX
35756053	Sheet1	1D-471			Moraxella catarrhalis	tigecycline	<=	1		Table_2.XLSX
35756053	Sheet1	1D-471			Moraxella catarrhalis	ticarcillin/clavulanic acid	=	0.06		Table_2.XLSX
35756053	Sheet1	1D-472			Moraxella catarrhalis	amikacin	<=	1		Table_2.XLSX
35756053	Sheet1	1D-472			Moraxella catarrhalis	ampicillin	=	2		Table_2.XLSX
35756053	Sheet1	1D-472			Moraxella catarrhalis	cefepime	<=	1		Table_2.XLSX
35756053	Sheet1	1D-472			Moraxella catarrhalis	cefuroxime	<=	2/1		Table_2.XLSX
35756053	Sheet1	1D-472			Moraxella catarrhalis	cefoxitin	=	4		Table_2.XLSX
35756053	Sheet1	1D-472			Moraxella catarrhalis	trimethoprim	>	4		Table_2.XLSX
35756053	Sheet1	1D-472			Moraxella catarrhalis	cefpodoxime	=	1		Table_2.XLSX
35756053	Sheet1	1D-472			Moraxella catarrhalis	ceftazidime	>	2		Table_2.XLSX
35756053	Sheet1	1D-472			Moraxella catarrhalis	tigecycline	<=	1		Table_2.XLSX
35756053	Sheet1	1D-472			Moraxella catarrhalis	ticarcillin/clavulanic acid	=	0.03		Table_2.XLSX
35756053	Sheet1	1D-487			Moraxella catarrhalis	amikacin	<=	1		Table_2.XLSX
35756053	Sheet1	1D-487			Moraxella catarrhalis	ampicillin	>	4		Table_2.XLSX
35756053	Sheet1	1D-487			Moraxella catarrhalis	cefepime	<=	1		Table_2.XLSX
35756053	Sheet1	1D-487			Moraxella catarrhalis	ertapenem	=	2		Table_2.XLSX
35756053	Sheet1	1D-487			Moraxella catarrhalis	cefuroxime	<=	2/1		Table_2.XLSX
35756053	Sheet1	1D-487			Moraxella catarrhalis	piperacillin/tazobactam	=	0.5		Table_2.XLSX
35756053	Sheet1	1D-487			Moraxella catarrhalis	cefoxitin	=	4		Table_2.XLSX
35756053	Sheet1	1D-487			Moraxella catarrhalis	trimethoprim	>	4		Table_2.XLSX
35756053	Sheet1	1D-487			Moraxella catarrhalis	sulfamethoxazole	=	0.5		Table_2.XLSX
35756053	Sheet1	1D-487			Moraxella catarrhalis	cefpodoxime	>	1		Table_2.XLSX
35756053	Sheet1	1D-487			Moraxella catarrhalis	ceftazidime	>	2		Table_2.XLSX
35756053	Sheet1	1D-487			Moraxella catarrhalis	tigecycline	<=	1		Table_2.XLSX
35756053	Sheet1	1D-487			Moraxella catarrhalis	ticarcillin/clavulanic acid	=	0.06		Table_2.XLSX
35756053	Sheet1	1D-459			Aerococcus sanguinicola	amikacin	<=	1		Table_2.XLSX
35756053	Sheet1	1D-459			Aerococcus sanguinicola	ampicillin	=	0.06		Table_2.XLSX
35756053	Sheet1	1D-459			Aerococcus sanguinicola	ampicillin/sulbactam	=	2		Table_2.XLSX
35756053	Sheet1	1D-459			Aerococcus sanguinicola	cefepime	<=	1		Table_2.XLSX
35756053	Sheet1	1D-459			Aerococcus sanguinicola	ertapenem	=	4		Table_2.XLSX
35756053	Sheet1	1D-459			Aerococcus sanguinicola	cefuroxime	<=	2/1		Table_2.XLSX
35756053	Sheet1	1D-459			Aerococcus sanguinicola	gentamicin	=	4/76		Table_2.XLSX
35756053	Sheet1	1D-459			Aerococcus sanguinicola	piperacillin/tazobactam	=	0.5		Table_2.XLSX
35756053	Sheet1	1D-459			Aerococcus sanguinicola	cefoxitin	=	1		Table_2.XLSX
35756053	Sheet1	1D-459			Aerococcus sanguinicola	sulfamethoxazole	=	0.5		Table_2.XLSX
35756053	Sheet1	1D-459			Aerococcus sanguinicola	tobramycin	=	1		Table_2.XLSX
35756053	Sheet1	1D-459			Aerococcus sanguinicola	tigecycline	=	4		Table_2.XLSX
35756053	Sheet1	1D-013			Aerococcus urinae	amikacin	<=	1		Table_2.XLSX
35756053	Sheet1	1D-013			Aerococcus urinae	ampicillin/sulbactam	=	1		Table_2.XLSX
35756053	Sheet1	1D-013			Aerococcus urinae	cefepime	<=	1		Table_2.XLSX
35756053	Sheet1	1D-013			Aerococcus urinae	ertapenem	=	1		Table_2.XLSX
35756053	Sheet1	1D-013			Aerococcus urinae	cefuroxime	<=	2/1		Table_2.XLSX
35756053	Sheet1	1D-013			Aerococcus urinae	piperacillin/tazobactam	=	0.5		Table_2.XLSX
35756053	Sheet1	1D-013			Aerococcus urinae	cefoxitin	=	1		Table_2.XLSX
35756053	Sheet1	1D-013			Aerococcus urinae	sulfamethoxazole	=	0.5		Table_2.XLSX
35756053	Sheet1	1D-013			Aerococcus urinae	tigecycline	=	8		Table_2.XLSX
35756053	Sheet1	1D-461_B			Aerococcus urinae	amikacin	<=	1		Table_2.XLSX
35756053	Sheet1	1D-461_B			Aerococcus urinae	cefepime	<=	1		Table_2.XLSX
35756053	Sheet1	1D-461_B			Aerococcus urinae	cefuroxime	<=	2/1		Table_2.XLSX
35756053	Sheet1	1D-461_B			Aerococcus urinae	cefoxitin	=	0.5		Table_2.XLSX
35756053	Sheet1	1D-461_B			Aerococcus urinae	tigecycline	=	4		Table_2.XLSX
35756053	Sheet1	1D-461_B			Aerococcus urinae	ticarcillin/clavulanic acid	=	0.03		Table_2.XLSX
35756053	Sheet1	1D-462_B			Aerococcus urinae	amikacin	<=	1		Table_2.XLSX
35756053	Sheet1	1D-462_B			Aerococcus urinae	cefepime	<=	1		Table_2.XLSX
35756053	Sheet1	1D-462_B			Aerococcus urinae	cefuroxime	<=	2/1		Table_2.XLSX
35756053	Sheet1	1D-462_B			Aerococcus urinae	cefoxitin	=	1		Table_2.XLSX
35756053	Sheet1	1D-462_B			Aerococcus urinae	cefpodoxime	=	0.25		Table_2.XLSX
35756053	Sheet1	1D-462_B			Aerococcus urinae	ceftazidime	=	0.12		Table_2.XLSX
35756053	Sheet1	1D-462_B			Aerococcus urinae	tigecycline	=	4		Table_2.XLSX
35756053	Sheet1	1D-462_B			Aerococcus urinae	ticarcillin/clavulanic acid	=	0.06		Table_2.XLSX
35756053	Sheet1	1D-463 SUB 2			Aerococcus sp	amikacin	<=	1		Table_2.XLSX
35756053	Sheet1	1D-463 SUB 2			Aerococcus sp	cefepime	<=	1		Table_2.XLSX
35756053	Sheet1	1D-463 SUB 2			Aerococcus sp	cefuroxime	<=	2/1		Table_2.XLSX
35756053	Sheet1	1D-463 SUB 2			Aerococcus sp	cefoxitin	=	0.5		Table_2.XLSX
35756053	Sheet1	1D-463 SUB 2			Aerococcus sp	cefpodoxime	=	0.25		Table_2.XLSX
35756053	Sheet1	1D-463 SUB 2			Aerococcus sp	tigecycline	=	4		Table_2.XLSX
35756053	Sheet1	1D-463 SUB 2			Aerococcus sp	ticarcillin/clavulanic acid	=	0.06		Table_2.XLSX
35756053	Sheet1	1D-369			Corynebacterium striatum	amikacin	<=	2		Table_2.XLSX
35756053	Sheet1	1D-369			Corynebacterium striatum	ampicillin/sulbactam	=	1		Table_2.XLSX
35756053	Sheet1	1D-369			Corynebacterium striatum	cefazolin	=	4		Table_2.XLSX
35756053	Sheet1	1D-369			Corynebacterium striatum	cefepime	<=	2		Table_2.XLSX
35756053	Sheet1	1D-369			Corynebacterium striatum	cephalothin	=	0.5		Table_2.XLSX
35756053	Sheet1	1D-369			Corynebacterium striatum	meropenem	<=	1		Table_2.XLSX
35756053	Sheet1	1D-369			Corynebacterium striatum	ertapenem	=	0.5		Table_2.XLSX
35756053	Sheet1	1D-369			Corynebacterium striatum	gentamicin	=	0.5		Table_2.XLSX
35756053	Sheet1	1D-369			Corynebacterium striatum	trimethoprim	<=	1		Table_2.XLSX
35756053	Sheet1	1D-369			Corynebacterium striatum	tigecycline	>	64		Table_2.XLSX
35756053	Sheet1	1D-369			Corynebacterium striatum	ticarcillin/clavulanic acid	<=	2		Table_2.XLSX
35756053	Sheet1	1D-419			Corynebacterium striatum	amikacin	<=	2		Table_2.XLSX
35756053	Sheet1	1D-419			Corynebacterium striatum	ampicillin/sulbactam	=	1		Table_2.XLSX
35756053	Sheet1	1D-419			Corynebacterium striatum	cefazolin	=	4		Table_2.XLSX
35756053	Sheet1	1D-419			Corynebacterium striatum	cefepime	<=	2		Table_2.XLSX
35756053	Sheet1	1D-419			Corynebacterium striatum	cephalothin	=	0.5		Table_2.XLSX
35756053	Sheet1	1D-419			Corynebacterium striatum	meropenem	<=	1		Table_2.XLSX
35756053	Sheet1	1D-419			Corynebacterium striatum	ertapenem	=	0.5		Table_2.XLSX
35756053	Sheet1	1D-419			Corynebacterium striatum	gentamicin	=	0.5		Table_2.XLSX
35756053	Sheet1	1D-419			Corynebacterium striatum	trimethoprim	<=	1		Table_2.XLSX
35756053	Sheet1	1D-419			Corynebacterium striatum	tigecycline	>	64		Table_2.XLSX
35756053	Sheet1	1D-419			Corynebacterium striatum	ticarcillin/clavulanic acid	<=	2		Table_2.XLSX
35756053	Sheet1	1D-458			Corynebacterium sp	amikacin	>	16		Table_2.XLSX
35756053	Sheet1	1D-458			Corynebacterium sp	ampicillin	>	4		Table_2.XLSX
35756053	Sheet1	1D-458			Corynebacterium sp	ampicillin/sulbactam	>	2		Table_2.XLSX
35756053	Sheet1	1D-458			Corynebacterium sp	cefazolin	>	4		Table_2.XLSX
35756053	Sheet1	1D-458			Corynebacterium sp	cefepime	<=	2		Table_2.XLSX
35756053	Sheet1	1D-458			Corynebacterium sp	cephalothin	>	8		Table_2.XLSX
35756053	Sheet1	1D-458			Corynebacterium sp	meropenem	<=	1		Table_2.XLSX
35756053	Sheet1	1D-458			Corynebacterium sp	ertapenem	>	8		Table_2.XLSX
35756053	Sheet1	1D-458			Corynebacterium sp	gentamicin	=	0.5		Table_2.XLSX
35756053	Sheet1	1D-458			Corynebacterium sp	ciprofloxacin	>	4/76		Table_2.XLSX
35756053	Sheet1	1D-458			Corynebacterium sp	cefoxitin	=	4		Table_2.XLSX
35756053	Sheet1	1D-458			Corynebacterium sp	trimethoprim	>	2		Table_2.XLSX
35756053	Sheet1	1D-458			Corynebacterium sp	tobramycin	=	0.25		Table_2.XLSX
35756053	Sheet1	1D-458			Corynebacterium sp	tigecycline	>	64		Table_2.XLSX
35756053	Sheet1	1D-458			Corynebacterium sp	ticarcillin/clavulanic acid	>	16		Table_2.XLSX
35756053	Sheet1	1D-458			Corynebacterium sp	ceftriaxone	=	2		Table_2.XLSX
35756053	Sheet1	1D-266			Staphylococcus aureus	cefepime	=	4		Table_2.XLSX
35756053	Sheet1	1D-266			Staphylococcus aureus	ciprofloxacin	=	0.5		Table_2.XLSX
35756053	Sheet1	1D-266			Staphylococcus aureus	piperacillin/tazobactam	=	0.06		Table_2.XLSX
35756053	Sheet1	1D-266			Staphylococcus aureus	sulfamethoxazole	=	1		Table_2.XLSX
35756053	Sheet1	1D-266			Staphylococcus aureus	tigecycline	=	4		Table_2.XLSX
35756053	Sheet1	1D-268			Staphylococcus aureus	ciprofloxacin	=	0.5		Table_2.XLSX
35756053	Sheet1	1D-268			Staphylococcus aureus	piperacillin/tazobactam	=	0.06		Table_2.XLSX
35756053	Sheet1	1D-268			Staphylococcus aureus	sulfamethoxazole	=	1		Table_2.XLSX
35756053	Sheet1	1D-268			Staphylococcus aureus	tigecycline	=	4		Table_2.XLSX
35756053	Sheet1	1D-269			Staphylococcus aureus	ampicillin	>	4		Table_2.XLSX
35756053	Sheet1	1D-269			Staphylococcus aureus	cefepime	=	4		Table_2.XLSX
35756053	Sheet1	1D-269			Staphylococcus aureus	ciprofloxacin	=	0.5		Table_2.XLSX
35756053	Sheet1	1D-269			Staphylococcus aureus	piperacillin/tazobactam	=	0.06		Table_2.XLSX
35756053	Sheet1	1D-269			Staphylococcus aureus	trimethoprim	=	0.5		Table_2.XLSX
35756053	Sheet1	1D-269			Staphylococcus aureus	sulfamethoxazole	=	1		Table_2.XLSX
35756053	Sheet1	1D-269			Staphylococcus aureus	tigecycline	=	2		Table_2.XLSX
35756053	Sheet1	1D-270			Staphylococcus aureus	ciprofloxacin	=	0.5		Table_2.XLSX
35756053	Sheet1	1D-270			Staphylococcus aureus	piperacillin/tazobactam	=	0.06		Table_2.XLSX
35756053	Sheet1	1D-270			Staphylococcus aureus	sulfamethoxazole	=	1		Table_2.XLSX
35756053	Sheet1	1D-270			Staphylococcus aureus	tigecycline	=	2		Table_2.XLSX
35756053	Sheet1	1D-271			Staphylococcus aureus	cefepime	=	4		Table_2.XLSX
35756053	Sheet1	1D-271			Staphylococcus aureus	ciprofloxacin	=	0.5		Table_2.XLSX
35756053	Sheet1	1D-271			Staphylococcus aureus	piperacillin/tazobactam	=	0.06		Table_2.XLSX
35756053	Sheet1	1D-271			Staphylococcus aureus	sulfamethoxazole	=	1		Table_2.XLSX
35756053	Sheet1	1D-271			Staphylococcus aureus	tigecycline	=	2		Table_2.XLSX
35756053	Sheet1	1D-272			Staphylococcus aureus	ampicillin	=	4		Table_2.XLSX
35756053	Sheet1	1D-272			Staphylococcus aureus	cefepime	=	4		Table_2.XLSX
35756053	Sheet1	1D-272			Staphylococcus aureus	ciprofloxacin	=	0.5		Table_2.XLSX
35756053	Sheet1	1D-272			Staphylococcus aureus	piperacillin/tazobactam	=	0.06		Table_2.XLSX
35756053	Sheet1	1D-272			Staphylococcus aureus	sulfamethoxazole	=	1		Table_2.XLSX
35756053	Sheet1	1D-272			Staphylococcus aureus	tigecycline	=	2		Table_2.XLSX
35756053	Sheet1	1D-273			Staphylococcus aureus	ampicillin	>	4		Table_2.XLSX
35756053	Sheet1	1D-273			Staphylococcus aureus	ciprofloxacin	=	0.5		Table_2.XLSX
35756053	Sheet1	1D-273			Staphylococcus aureus	piperacillin/tazobactam	=	0.06		Table_2.XLSX
35756053	Sheet1	1D-273			Staphylococcus aureus	sulfamethoxazole	=	1		Table_2.XLSX
35756053	Sheet1	1D-273			Staphylococcus aureus	tigecycline	=	2		Table_2.XLSX
35756053	Sheet1	1D-274			Staphylococcus aureus	ampicillin	>	4		Table_2.XLSX
35756053	Sheet1	1D-274			Staphylococcus aureus	ciprofloxacin	=	0.5		Table_2.XLSX
35756053	Sheet1	1D-274			Staphylococcus aureus	piperacillin/tazobactam	=	0.06		Table_2.XLSX
35756053	Sheet1	1D-274			Staphylococcus aureus	trimethoprim	=	0.5		Table_2.XLSX
35756053	Sheet1	1D-274			Staphylococcus aureus	sulfamethoxazole	=	1		Table_2.XLSX
35756053	Sheet1	1D-274			Staphylococcus aureus	tigecycline	=	4		Table_2.XLSX
35756053	Sheet1	1D-275			Staphylococcus aureus	ciprofloxacin	=	0.5		Table_2.XLSX
35756053	Sheet1	1D-275			Staphylococcus aureus	piperacillin/tazobactam	=	0.06		Table_2.XLSX
35756053	Sheet1	1D-275			Staphylococcus aureus	cefoxitin	=	0.5		Table_2.XLSX
35756053	Sheet1	1D-275			Staphylococcus aureus	trimethoprim	=	0.5		Table_2.XLSX
35756053	Sheet1	1D-275			Staphylococcus aureus	sulfamethoxazole	=	1		Table_2.XLSX
35756053	Sheet1	1D-275			Staphylococcus aureus	tigecycline	=	4		Table_2.XLSX
35756053	Sheet1	1D-276			Staphylococcus aureus	ciprofloxacin	=	0.5		Table_2.XLSX
35756053	Sheet1	1D-276			Staphylococcus aureus	piperacillin/tazobactam	=	0.06		Table_2.XLSX
35756053	Sheet1	1D-276			Staphylococcus aureus	sulfamethoxazole	=	1		Table_2.XLSX
35756053	Sheet1	1D-276			Staphylococcus aureus	tigecycline	=	2		Table_2.XLSX
35756053	Sheet1	1D-277			Staphylococcus aureus	ampicillin	>	4		Table_2.XLSX
35756053	Sheet1	1D-277			Staphylococcus aureus	ciprofloxacin	=	0.5		Table_2.XLSX
35756053	Sheet1	1D-277			Staphylococcus aureus	piperacillin/tazobactam	=	0.06		Table_2.XLSX
35756053	Sheet1	1D-277			Staphylococcus aureus	sulfamethoxazole	=	1		Table_2.XLSX
35756053	Sheet1	1D-277			Staphylococcus aureus	tigecycline	=	4		Table_2.XLSX
35756053	Sheet1	1D-278			Staphylococcus aureus	ciprofloxacin	=	0.5		Table_2.XLSX
35756053	Sheet1	1D-278			Staphylococcus aureus	piperacillin/tazobactam	=	0.06		Table_2.XLSX
35756053	Sheet1	1D-278			Staphylococcus aureus	sulfamethoxazole	=	1		Table_2.XLSX
35756053	Sheet1	1D-278			Staphylococcus aureus	tigecycline	=	4		Table_2.XLSX
35756053	Sheet1	1D-279			Staphylococcus aureus	ampicillin	=	2		Table_2.XLSX
35756053	Sheet1	1D-279			Staphylococcus aureus	piperacillin/tazobactam	=	0.06		Table_2.XLSX
35756053	Sheet1	1D-279			Staphylococcus aureus	sulfamethoxazole	=	1		Table_2.XLSX
35756053	Sheet1	1D-279			Staphylococcus aureus	tigecycline	=	4		Table_2.XLSX
35756053	Sheet1	1D-280			Staphylococcus aureus	ciprofloxacin	=	0.5		Table_2.XLSX
35756053	Sheet1	1D-280			Staphylococcus aureus	piperacillin/tazobactam	=	0.06		Table_2.XLSX
35756053	Sheet1	1D-280			Staphylococcus aureus	sulfamethoxazole	=	1		Table_2.XLSX
35756053	Sheet1	1D-280			Staphylococcus aureus	tigecycline	=	2		Table_2.XLSX
35756053	Sheet1	1D-281			Staphylococcus aureus	ampicillin	>	4		Table_2.XLSX
35756053	Sheet1	1D-281			Staphylococcus aureus	ertapenem	=	1		Table_2.XLSX
35756053	Sheet1	1D-281			Staphylococcus aureus	gentamicin	=	16		Table_2.XLSX
35756053	Sheet1	1D-281			Staphylococcus aureus	ciprofloxacin	=	0.5		Table_2.XLSX
35756053	Sheet1	1D-281			Staphylococcus aureus	piperacillin/tazobactam	=	0.06		Table_2.XLSX
35756053	Sheet1	1D-281			Staphylococcus aureus	sulfamethoxazole	=	1		Table_2.XLSX
35756053	Sheet1	1D-281			Staphylococcus aureus	tigecycline	=	2		Table_2.XLSX
35756053	Sheet1	1D-282			Staphylococcus aureus	piperacillin/tazobactam	=	0.06		Table_2.XLSX
35756053	Sheet1	1D-282			Staphylococcus aureus	sulfamethoxazole	=	1		Table_2.XLSX
35756053	Sheet1	1D-282			Staphylococcus aureus	tigecycline	=	4		Table_2.XLSX
35756053	Sheet1	1D-283			Staphylococcus aureus	ciprofloxacin	=	0.5		Table_2.XLSX
35756053	Sheet1	1D-283			Staphylococcus aureus	piperacillin/tazobactam	=	0.06		Table_2.XLSX
35756053	Sheet1	1D-283			Staphylococcus aureus	sulfamethoxazole	=	1		Table_2.XLSX
35756053	Sheet1	1D-283			Staphylococcus aureus	tigecycline	=	2		Table_2.XLSX
35756053	Sheet1	1D-284			Staphylococcus aureus	ciprofloxacin	=	0.5		Table_2.XLSX
35756053	Sheet1	1D-284			Staphylococcus aureus	piperacillin/tazobactam	=	0.06		Table_2.XLSX
35756053	Sheet1	1D-284			Staphylococcus aureus	sulfamethoxazole	=	1		Table_2.XLSX
35756053	Sheet1	1D-284			Staphylococcus aureus	tigecycline	>	8		Table_2.XLSX
35756053	Sheet1	1D-285			Staphylococcus aureus	ciprofloxacin	=	0.5		Table_2.XLSX
35756053	Sheet1	1D-285			Staphylococcus aureus	piperacillin/tazobactam	=	0.06		Table_2.XLSX
35756053	Sheet1	1D-285			Staphylococcus aureus	sulfamethoxazole	=	1		Table_2.XLSX
35756053	Sheet1	1D-285			Staphylococcus aureus	tigecycline	=	2		Table_2.XLSX
35756053	Sheet1	1D-286			Staphylococcus aureus	ciprofloxacin	=	0.5		Table_2.XLSX
35756053	Sheet1	1D-286			Staphylococcus aureus	piperacillin/tazobactam	=	0.06		Table_2.XLSX
35756053	Sheet1	1D-286			Staphylococcus aureus	sulfamethoxazole	=	1		Table_2.XLSX
35756053	Sheet1	1D-286			Staphylococcus aureus	tigecycline	=	2		Table_2.XLSX
35756053	Sheet1	1D-287			Staphylococcus aureus	cefepime	=	4		Table_2.XLSX
35756053	Sheet1	1D-287			Staphylococcus aureus	ciprofloxacin	=	0.5		Table_2.XLSX
35756053	Sheet1	1D-287			Staphylococcus aureus	piperacillin/tazobactam	=	0.06		Table_2.XLSX
35756053	Sheet1	1D-287			Staphylococcus aureus	sulfamethoxazole	=	1		Table_2.XLSX
35756053	Sheet1	1D-287			Staphylococcus aureus	tigecycline	=	4		Table_2.XLSX
35756053	Sheet1	1D-288			Staphylococcus aureus	cefepime	=	4		Table_2.XLSX
35756053	Sheet1	1D-288			Staphylococcus aureus	ciprofloxacin	=	0.5		Table_2.XLSX
35756053	Sheet1	1D-288			Staphylococcus aureus	piperacillin/tazobactam	=	0.06		Table_2.XLSX
35756053	Sheet1	1D-288			Staphylococcus aureus	sulfamethoxazole	=	1		Table_2.XLSX
35756053	Sheet1	1D-288			Staphylococcus aureus	tigecycline	=	4		Table_2.XLSX
35756053	Sheet1	1D-289			Staphylococcus aureus	cefepime	=	4		Table_2.XLSX
35756053	Sheet1	1D-289			Staphylococcus aureus	ciprofloxacin	=	0.5		Table_2.XLSX
35756053	Sheet1	1D-289			Staphylococcus aureus	piperacillin/tazobactam	=	0.06		Table_2.XLSX
35756053	Sheet1	1D-289			Staphylococcus aureus	sulfamethoxazole	=	1		Table_2.XLSX
35756053	Sheet1	1D-289			Staphylococcus aureus	tigecycline	=	2		Table_2.XLSX
35756053	Sheet1	1D-290			Staphylococcus aureus	cefepime	=	4		Table_2.XLSX
35756053	Sheet1	1D-290			Staphylococcus aureus	ciprofloxacin	=	0.5		Table_2.XLSX
35756053	Sheet1	1D-290			Staphylococcus aureus	piperacillin/tazobactam	=	0.06		Table_2.XLSX
35756053	Sheet1	1D-290			Staphylococcus aureus	trimethoprim	=	0.5		Table_2.XLSX
35756053	Sheet1	1D-290			Staphylococcus aureus	sulfamethoxazole	=	1		Table_2.XLSX
35756053	Sheet1	1D-290			Staphylococcus aureus	tigecycline	=	4		Table_2.XLSX
35756053	Sheet1	1D-291			Staphylococcus aureus	cefepime	=	4		Table_2.XLSX
35756053	Sheet1	1D-291			Staphylococcus aureus	ciprofloxacin	=	0.5		Table_2.XLSX
35756053	Sheet1	1D-291			Staphylococcus aureus	piperacillin/tazobactam	=	0.06		Table_2.XLSX
35756053	Sheet1	1D-291			Staphylococcus aureus	cefoxitin	=	1		Table_2.XLSX
35756053	Sheet1	1D-291			Staphylococcus aureus	trimethoprim	=	1		Table_2.XLSX
35756053	Sheet1	1D-291			Staphylococcus aureus	sulfamethoxazole	=	1		Table_2.XLSX
35756053	Sheet1	1D-291			Staphylococcus aureus	tigecycline	=	4		Table_2.XLSX
35756053	Sheet1	1D-292			Staphylococcus aureus	cefepime	=	4		Table_2.XLSX
35756053	Sheet1	1D-292			Staphylococcus aureus	ciprofloxacin	=	0.5		Table_2.XLSX
35756053	Sheet1	1D-292			Staphylococcus aureus	piperacillin/tazobactam	=	0.06		Table_2.XLSX
35756053	Sheet1	1D-292			Staphylococcus aureus	sulfamethoxazole	=	1		Table_2.XLSX
35756053	Sheet1	1D-292			Staphylococcus aureus	tigecycline	=	4		Table_2.XLSX
35756053	Sheet1	1D-293			Staphylococcus aureus	cefepime	=	4		Table_2.XLSX
35756053	Sheet1	1D-293			Staphylococcus aureus	ciprofloxacin	=	0.5		Table_2.XLSX
35756053	Sheet1	1D-293			Staphylococcus aureus	piperacillin/tazobactam	=	0.06		Table_2.XLSX
35756053	Sheet1	1D-293			Staphylococcus aureus	cefoxitin	=	0.5		Table_2.XLSX
35756053	Sheet1	1D-293			Staphylococcus aureus	trimethoprim	=	0.5		Table_2.XLSX
35756053	Sheet1	1D-293			Staphylococcus aureus	sulfamethoxazole	=	1		Table_2.XLSX
35756053	Sheet1	1D-293			Staphylococcus aureus	tigecycline	=	4		Table_2.XLSX
35756053	Sheet1	1D-294			Staphylococcus aureus	ampicillin	>	4		Table_2.XLSX
35756053	Sheet1	1D-294			Staphylococcus aureus	ciprofloxacin	=	0.5		Table_2.XLSX
35756053	Sheet1	1D-294			Staphylococcus aureus	piperacillin/tazobactam	=	0.06		Table_2.XLSX
35756053	Sheet1	1D-294			Staphylococcus aureus	sulfamethoxazole	=	1		Table_2.XLSX
35756053	Sheet1	1D-294			Staphylococcus aureus	tigecycline	=	2		Table_2.XLSX
35756053	Sheet1	1D-295			Staphylococcus aureus	ciprofloxacin	=	0.5		Table_2.XLSX
35756053	Sheet1	1D-295			Staphylococcus aureus	piperacillin/tazobactam	=	0.06		Table_2.XLSX
35756053	Sheet1	1D-295			Staphylococcus aureus	trimethoprim	=	0.5		Table_2.XLSX
35756053	Sheet1	1D-295			Staphylococcus aureus	sulfamethoxazole	=	1		Table_2.XLSX
35756053	Sheet1	1D-295			Staphylococcus aureus	tigecycline	=	4		Table_2.XLSX
35756053	Sheet1	1D-296			Staphylococcus aureus	ciprofloxacin	=	0.5		Table_2.XLSX
35756053	Sheet1	1D-296			Staphylococcus aureus	piperacillin/tazobactam	=	0.06		Table_2.XLSX
35756053	Sheet1	1D-296			Staphylococcus aureus	sulfamethoxazole	=	1		Table_2.XLSX
35756053	Sheet1	1D-296			Staphylococcus aureus	tigecycline	=	4		Table_2.XLSX
35756053	Sheet1	1D-297			Staphylococcus aureus	cefepime	=	4		Table_2.XLSX
35756053	Sheet1	1D-297			Staphylococcus aureus	ciprofloxacin	=	0.5		Table_2.XLSX
35756053	Sheet1	1D-297			Staphylococcus aureus	piperacillin/tazobactam	=	0.06		Table_2.XLSX
35756053	Sheet1	1D-297			Staphylococcus aureus	sulfamethoxazole	=	1		Table_2.XLSX
35756053	Sheet1	1D-297			Staphylococcus aureus	tigecycline	=	4		Table_2.XLSX
35756053	Sheet1	1D-298			Staphylococcus aureus	ampicillin	>	4		Table_2.XLSX
35756053	Sheet1	1D-298			Staphylococcus aureus	cefoxitin	=	0.5		Table_2.XLSX
35756053	Sheet1	1D-298			Staphylococcus aureus	trimethoprim	=	0.5		Table_2.XLSX
35756053	Sheet1	1D-298			Staphylococcus aureus	sulfamethoxazole	=	1		Table_2.XLSX
35756053	Sheet1	1D-298			Staphylococcus aureus	tigecycline	=	2		Table_2.XLSX
35756053	Sheet1	1D-299			Staphylococcus aureus	ciprofloxacin	=	0.5		Table_2.XLSX
35756053	Sheet1	1D-299			Staphylococcus aureus	piperacillin/tazobactam	=	0.06		Table_2.XLSX
35756053	Sheet1	1D-299			Staphylococcus aureus	sulfamethoxazole	=	1		Table_2.XLSX
35756053	Sheet1	1D-299			Staphylococcus aureus	tigecycline	=	2		Table_2.XLSX
35756053	Sheet1	1D-300			Staphylococcus aureus	ampicillin	>	4		Table_2.XLSX
35756053	Sheet1	1D-300			Staphylococcus aureus	cefepime	=	4		Table_2.XLSX
35756053	Sheet1	1D-300			Staphylococcus aureus	meropenem	>	4		Table_2.XLSX
35756053	Sheet1	1D-300			Staphylococcus aureus	gentamicin	=	16		Table_2.XLSX
35756053	Sheet1	1D-300			Staphylococcus aureus	ciprofloxacin	>	4		Table_2.XLSX
35756053	Sheet1	1D-300			Staphylococcus aureus	piperacillin/tazobactam	=	0.06		Table_2.XLSX
35756053	Sheet1	1D-300			Staphylococcus aureus	cefoxitin	=	4		Table_2.XLSX
35756053	Sheet1	1D-300			Staphylococcus aureus	trimethoprim	=	0.5		Table_2.XLSX
35756053	Sheet1	1D-300			Staphylococcus aureus	sulfamethoxazole	=	1		Table_2.XLSX
35756053	Sheet1	1D-300			Staphylococcus aureus	tigecycline	=	4		Table_2.XLSX
35756053	Sheet1	1D-301			Staphylococcus aureus	cefepime	=	4		Table_2.XLSX
35756053	Sheet1	1D-301			Staphylococcus aureus	ciprofloxacin	=	0.5		Table_2.XLSX
35756053	Sheet1	1D-301			Staphylococcus aureus	piperacillin/tazobactam	=	0.06		Table_2.XLSX
35756053	Sheet1	1D-301			Staphylococcus aureus	cefoxitin	>	8		Table_2.XLSX
35756053	Sheet1	1D-301			Staphylococcus aureus	sulfamethoxazole	=	1		Table_2.XLSX
35756053	Sheet1	1D-301			Staphylococcus aureus	tigecycline	=	4		Table_2.XLSX
35756053	Sheet1	1D-302			Staphylococcus aureus	ampicillin	=	4		Table_2.XLSX
35756053	Sheet1	1D-302			Staphylococcus aureus	cephalothin	=	0.25		Table_2.XLSX
35756053	Sheet1	1D-302			Staphylococcus aureus	ertapenem	=	4		Table_2.XLSX
35756053	Sheet1	1D-302			Staphylococcus aureus	gentamicin	=	16		Table_2.XLSX
35756053	Sheet1	1D-302			Staphylococcus aureus	piperacillin/tazobactam	=	0.06		Table_2.XLSX
35756053	Sheet1	1D-302			Staphylococcus aureus	cefoxitin	=	0.5		Table_2.XLSX
35756053	Sheet1	1D-302			Staphylococcus aureus	trimethoprim	=	2		Table_2.XLSX
35756053	Sheet1	1D-302			Staphylococcus aureus	sulfamethoxazole	=	1		Table_2.XLSX
35756053	Sheet1	1D-302			Staphylococcus aureus	tobramycin	=	0.5		Table_2.XLSX
35756053	Sheet1	1D-302			Staphylococcus aureus	tigecycline	=	4		Table_2.XLSX
35756053	Sheet1	1D-303			Staphylococcus aureus	ampicillin	=	4		Table_2.XLSX
35756053	Sheet1	1D-303			Staphylococcus aureus	piperacillin/tazobactam	=	0.06		Table_2.XLSX
35756053	Sheet1	1D-303			Staphylococcus aureus	sulfamethoxazole	=	1		Table_2.XLSX
35756053	Sheet1	1D-303			Staphylococcus aureus	tigecycline	=	2		Table_2.XLSX
35756053	Sheet1	1D-305			Staphylococcus aureus	ampicillin/sulbactam	=	2/38		Table_2.XLSX
35756053	Sheet1	1D-305			Staphylococcus aureus	cefepime	<=	2		Table_2.XLSX
35756053	Sheet1	1D-305			Staphylococcus aureus	ertapenem	>	4		Table_2.XLSX
35756053	Sheet1	1D-305			Staphylococcus aureus	cefuroxime	<=	1		Table_2.XLSX
35756053	Sheet1	1D-305			Staphylococcus aureus	gentamicin	>	16		Table_2.XLSX
35756053	Sheet1	1D-305			Staphylococcus aureus	ciprofloxacin	=	0.5		Table_2.XLSX
35756053	Sheet1	1D-305			Staphylococcus aureus	piperacillin/tazobactam	=	0.06		Table_2.XLSX
35756053	Sheet1	1D-305			Staphylococcus aureus	cefoxitin	=	0.5		Table_2.XLSX
35756053	Sheet1	1D-305			Staphylococcus aureus	trimethoprim	=	0.5		Table_2.XLSX
35756053	Sheet1	1D-305			Staphylococcus aureus	sulfamethoxazole	=	1		Table_2.XLSX
35756053	Sheet1	1D-305			Staphylococcus aureus	tobramycin	=	2		Table_2.XLSX
35756053	Sheet1	1D-305			Staphylococcus aureus	tigecycline	=	2		Table_2.XLSX
35756053	Sheet1	1D-306			Staphylococcus aureus	ciprofloxacin	=	0.5		Table_2.XLSX
35756053	Sheet1	1D-306			Staphylococcus aureus	piperacillin/tazobactam	=	0.06		Table_2.XLSX
35756053	Sheet1	1D-306			Staphylococcus aureus	sulfamethoxazole	=	1		Table_2.XLSX
35756053	Sheet1	1D-306			Staphylococcus aureus	tigecycline	=	4		Table_2.XLSX
35756053	Sheet1	1D-307			Staphylococcus aureus	ciprofloxacin	=	0.5		Table_2.XLSX
35756053	Sheet1	1D-307			Staphylococcus aureus	piperacillin/tazobactam	=	0.06		Table_2.XLSX
35756053	Sheet1	1D-307			Staphylococcus aureus	sulfamethoxazole	=	1		Table_2.XLSX
35756053	Sheet1	1D-307			Staphylococcus aureus	tigecycline	=	2		Table_2.XLSX
35756053	Sheet1	1D-308			Staphylococcus aureus	cefoxitin	=	0.5		Table_2.XLSX
35756053	Sheet1	1D-308			Staphylococcus aureus	trimethoprim	=	0.5		Table_2.XLSX
35756053	Sheet1	1D-308			Staphylococcus aureus	sulfamethoxazole	=	1		Table_2.XLSX
35756053	Sheet1	1D-308			Staphylococcus aureus	tigecycline	=	4		Table_2.XLSX
35756053	Sheet1	1D-309			Staphylococcus aureus	ampicillin/sulbactam	=	4/76		Table_2.XLSX
35756053	Sheet1	1D-309			Staphylococcus aureus	cefepime	=	4		Table_2.XLSX
35756053	Sheet1	1D-309			Staphylococcus aureus	ertapenem	>	4		Table_2.XLSX
35756053	Sheet1	1D-309			Staphylococcus aureus	gentamicin	>	16		Table_2.XLSX
35756053	Sheet1	1D-309			Staphylococcus aureus	ciprofloxacin	=	0.5		Table_2.XLSX
35756053	Sheet1	1D-309			Staphylococcus aureus	piperacillin/tazobactam	=	0.06		Table_2.XLSX
35756053	Sheet1	1D-309			Staphylococcus aureus	sulfamethoxazole	=	2		Table_2.XLSX
35756053	Sheet1	1D-309			Staphylococcus aureus	tobramycin	>	2		Table_2.XLSX
35756053	Sheet1	1D-309			Staphylococcus aureus	tigecycline	=	4		Table_2.XLSX
35756053	Sheet1	1D-310			Staphylococcus aureus	ampicillin/sulbactam	<=	1/19		Table_2.XLSX
35756053	Sheet1	1D-310			Staphylococcus aureus	cefepime	<=	2		Table_2.XLSX
35756053	Sheet1	1D-310			Staphylococcus aureus	cefuroxime	<=	1		Table_2.XLSX
35756053	Sheet1	1D-310			Staphylococcus aureus	gentamicin	<=	4		Table_2.XLSX
35756053	Sheet1	1D-310			Staphylococcus aureus	ciprofloxacin	=	0.5		Table_2.XLSX
35756053	Sheet1	1D-310			Staphylococcus aureus	piperacillin/tazobactam	=	0.06		Table_2.XLSX
35756053	Sheet1	1D-310			Staphylococcus aureus	cefoxitin	=	0.5		Table_2.XLSX
35756053	Sheet1	1D-310			Staphylococcus aureus	trimethoprim	=	0.5		Table_2.XLSX
35756053	Sheet1	1D-310			Staphylococcus aureus	sulfamethoxazole	=	1		Table_2.XLSX
35756053	Sheet1	1D-310			Staphylococcus aureus	tigecycline	=	4		Table_2.XLSX
35756053	Sheet1	1D-311			Staphylococcus aureus	ciprofloxacin	=	0.5		Table_2.XLSX
35756053	Sheet1	1D-311			Staphylococcus aureus	piperacillin/tazobactam	=	0.06		Table_2.XLSX
35756053	Sheet1	1D-311			Staphylococcus aureus	cefoxitin	=	0.5		Table_2.XLSX
35756053	Sheet1	1D-311			Staphylococcus aureus	trimethoprim	=	0.5		Table_2.XLSX
35756053	Sheet1	1D-311			Staphylococcus aureus	sulfamethoxazole	=	1		Table_2.XLSX
35756053	Sheet1	1D-311			Staphylococcus aureus	tigecycline	=	2		Table_2.XLSX
35756053	Sheet1	1D-312			Staphylococcus aureus	cefepime	=	4		Table_2.XLSX
35756053	Sheet1	1D-312			Staphylococcus aureus	ciprofloxacin	=	0.5		Table_2.XLSX
35756053	Sheet1	1D-312			Staphylococcus aureus	piperacillin/tazobactam	=	0.06		Table_2.XLSX
35756053	Sheet1	1D-312			Staphylococcus aureus	sulfamethoxazole	=	1		Table_2.XLSX
35756053	Sheet1	1D-312			Staphylococcus aureus	tigecycline	=	2		Table_2.XLSX
35756053	Sheet1	1D-313			Staphylococcus aureus	piperacillin/tazobactam	=	0.06		Table_2.XLSX
35756053	Sheet1	1D-313			Staphylococcus aureus	tigecycline	=	2		Table_2.XLSX
35756053	Sheet1	1D-314			Staphylococcus aureus	piperacillin/tazobactam	=	0.06		Table_2.XLSX
35756053	Sheet1	1D-314			Staphylococcus aureus	sulfamethoxazole	=	1		Table_2.XLSX
35756053	Sheet1	1D-314			Staphylococcus aureus	tigecycline	=	4		Table_2.XLSX
35756053	Sheet1	1D-315			Staphylococcus aureus	cefepime	=	4		Table_2.XLSX
35756053	Sheet1	1D-315			Staphylococcus aureus	ciprofloxacin	=	0.5		Table_2.XLSX
35756053	Sheet1	1D-315			Staphylococcus aureus	piperacillin/tazobactam	=	0.06		Table_2.XLSX
35756053	Sheet1	1D-315			Staphylococcus aureus	sulfamethoxazole	=	1		Table_2.XLSX
35756053	Sheet1	1D-315			Staphylococcus aureus	tigecycline	=	2		Table_2.XLSX
35756053	Sheet1	1D-317			Staphylococcus aureus	ampicillin	>	4		Table_2.XLSX
35756053	Sheet1	1D-317			Staphylococcus aureus	ciprofloxacin	=	0.5		Table_2.XLSX
35756053	Sheet1	1D-317			Staphylococcus aureus	piperacillin/tazobactam	=	0.06		Table_2.XLSX
35756053	Sheet1	1D-317			Staphylococcus aureus	sulfamethoxazole	=	1		Table_2.XLSX
35756053	Sheet1	1D-317			Staphylococcus aureus	tigecycline	=	4		Table_2.XLSX
35756053	Sheet1	1D-318			Staphylococcus aureus	ampicillin	>	4		Table_2.XLSX
35756053	Sheet1	1D-318			Staphylococcus aureus	piperacillin/tazobactam	=	0.06		Table_2.XLSX
35756053	Sheet1	1D-318			Staphylococcus aureus	sulfamethoxazole	=	1		Table_2.XLSX
35756053	Sheet1	1D-318			Staphylococcus aureus	tigecycline	=	2		Table_2.XLSX
35756053	Sheet1	1D-319			Staphylococcus aureus	cefepime	=	4		Table_2.XLSX
35756053	Sheet1	1D-319			Staphylococcus aureus	cephalothin	=	0.25		Table_2.XLSX
35756053	Sheet1	1D-319			Staphylococcus aureus	meropenem	>	4		Table_2.XLSX
35756053	Sheet1	1D-319			Staphylococcus aureus	ciprofloxacin	=	0.5		Table_2.XLSX
35756053	Sheet1	1D-319			Staphylococcus aureus	piperacillin/tazobactam	=	0.06		Table_2.XLSX
35756053	Sheet1	1D-319			Staphylococcus aureus	cefoxitin	>	8		Table_2.XLSX
35756053	Sheet1	1D-319			Staphylococcus aureus	sulfamethoxazole	=	1		Table_2.XLSX
35756053	Sheet1	1D-319			Staphylococcus aureus	tigecycline	=	4		Table_2.XLSX
35756053	Sheet1	1D-320			Staphylococcus aureus	ciprofloxacin	=	0.5		Table_2.XLSX
35756053	Sheet1	1D-320			Staphylococcus aureus	piperacillin/tazobactam	=	0.06		Table_2.XLSX
35756053	Sheet1	1D-320			Staphylococcus aureus	sulfamethoxazole	=	1		Table_2.XLSX
35756053	Sheet1	1D-320			Staphylococcus aureus	tigecycline	=	2		Table_2.XLSX
35756053	Sheet1	1D-321			Staphylococcus aureus	cefepime	=	4		Table_2.XLSX
35756053	Sheet1	1D-321			Staphylococcus aureus	ertapenem	=	1		Table_2.XLSX
35756053	Sheet1	1D-321			Staphylococcus aureus	gentamicin	=	8		Table_2.XLSX
35756053	Sheet1	1D-321			Staphylococcus aureus	ciprofloxacin	=	0.5		Table_2.XLSX
35756053	Sheet1	1D-321			Staphylococcus aureus	piperacillin/tazobactam	=	0.06		Table_2.XLSX
35756053	Sheet1	1D-321			Staphylococcus aureus	cefoxitin	=	0.5		Table_2.XLSX
35756053	Sheet1	1D-321			Staphylococcus aureus	trimethoprim	=	0.5		Table_2.XLSX
35756053	Sheet1	1D-321			Staphylococcus aureus	sulfamethoxazole	=	1		Table_2.XLSX
35756053	Sheet1	1D-321			Staphylococcus aureus	tigecycline	=	2		Table_2.XLSX
35756053	Sheet1	1D-322			Staphylococcus aureus	cefazolin	=	1		Table_2.XLSX
35756053	Sheet1	1D-322			Staphylococcus aureus	ciprofloxacin	=	0.5		Table_2.XLSX
35756053	Sheet1	1D-322			Staphylococcus aureus	piperacillin/tazobactam	=	0.06		Table_2.XLSX
35756053	Sheet1	1D-322			Staphylococcus aureus	sulfamethoxazole	=	1		Table_2.XLSX
35756053	Sheet1	1D-322			Staphylococcus aureus	tigecycline	=	2		Table_2.XLSX
35756053	Sheet1	1D-323			Staphylococcus aureus	ampicillin	=	1		Table_2.XLSX
35756053	Sheet1	1D-323			Staphylococcus aureus	cefepime	=	4		Table_2.XLSX
35756053	Sheet1	1D-323			Staphylococcus aureus	ciprofloxacin	=	0.5		Table_2.XLSX
35756053	Sheet1	1D-323			Staphylococcus aureus	piperacillin/tazobactam	=	0.12		Table_2.XLSX
35756053	Sheet1	1D-323			Staphylococcus aureus	sulfamethoxazole	=	1		Table_2.XLSX
35756053	Sheet1	1D-323			Staphylococcus aureus	tigecycline	=	2		Table_2.XLSX
35756053	Sheet1	1D-324			Staphylococcus aureus	cefepime	=	4		Table_2.XLSX
35756053	Sheet1	1D-324			Staphylococcus aureus	ciprofloxacin	=	0.5		Table_2.XLSX
35756053	Sheet1	1D-324			Staphylococcus aureus	piperacillin/tazobactam	=	0.06		Table_2.XLSX
35756053	Sheet1	1D-324			Staphylococcus aureus	sulfamethoxazole	=	1		Table_2.XLSX
35756053	Sheet1	1D-324			Staphylococcus aureus	tigecycline	=	4		Table_2.XLSX
35756053	Sheet1	1D-325			Staphylococcus aureus	ciprofloxacin	=	0.5		Table_2.XLSX
35756053	Sheet1	1D-325			Staphylococcus aureus	piperacillin/tazobactam	=	0.06		Table_2.XLSX
35756053	Sheet1	1D-325			Staphylococcus aureus	sulfamethoxazole	=	1		Table_2.XLSX
35756053	Sheet1	1D-325			Staphylococcus aureus	tigecycline	=	2		Table_2.XLSX
35756053	Sheet1	1D-326			Staphylococcus aureus	ciprofloxacin	=	0.5		Table_2.XLSX
35756053	Sheet1	1D-326			Staphylococcus aureus	piperacillin/tazobactam	=	0.06		Table_2.XLSX
35756053	Sheet1	1D-326			Staphylococcus aureus	sulfamethoxazole	=	1		Table_2.XLSX
35756053	Sheet1	1D-326			Staphylococcus aureus	tigecycline	=	2		Table_2.XLSX
35756053	Sheet1	1D-327			Staphylococcus aureus	ciprofloxacin	=	0.5		Table_2.XLSX
35756053	Sheet1	1D-327			Staphylococcus aureus	piperacillin/tazobactam	=	0.06		Table_2.XLSX
35756053	Sheet1	1D-327			Staphylococcus aureus	cefoxitin	=	0.5		Table_2.XLSX
35756053	Sheet1	1D-327			Staphylococcus aureus	sulfamethoxazole	=	1		Table_2.XLSX
35756053	Sheet1	1D-327			Staphylococcus aureus	tigecycline	=	2		Table_2.XLSX
35756053	Sheet1	1D-328			Staphylococcus aureus	cefepime	=	4		Table_2.XLSX
35756053	Sheet1	1D-328			Staphylococcus aureus	meropenem	=	4		Table_2.XLSX
35756053	Sheet1	1D-328			Staphylococcus aureus	ciprofloxacin	=	0.5		Table_2.XLSX
35756053	Sheet1	1D-328			Staphylococcus aureus	piperacillin/tazobactam	=	0.06		Table_2.XLSX
35756053	Sheet1	1D-328			Staphylococcus aureus	sulfamethoxazole	=	1		Table_2.XLSX
35756053	Sheet1	1D-328			Staphylococcus aureus	tigecycline	=	2		Table_2.XLSX
35756053	Sheet1	1D-329			Staphylococcus aureus	sulfamethoxazole	=	1		Table_2.XLSX
35756053	Sheet1	1D-329			Staphylococcus aureus	tigecycline	=	2		Table_2.XLSX
35756053	Sheet1	1D-330			Staphylococcus aureus	cefepime	=	4		Table_2.XLSX
35756053	Sheet1	1D-330			Staphylococcus aureus	ciprofloxacin	=	0.5		Table_2.XLSX
35756053	Sheet1	1D-330			Staphylococcus aureus	piperacillin/tazobactam	=	0.06		Table_2.XLSX
35756053	Sheet1	1D-330			Staphylococcus aureus	sulfamethoxazole	=	1		Table_2.XLSX
35756053	Sheet1	1D-330			Staphylococcus aureus	tigecycline	=	2		Table_2.XLSX
35756053	Sheet1	1D-331			Staphylococcus aureus	ampicillin/sulbactam	=	2/38		Table_2.XLSX
35756053	Sheet1	1D-331			Staphylococcus aureus	piperacillin/tazobactam	=	0.06		Table_2.XLSX
35756053	Sheet1	1D-331			Staphylococcus aureus	sulfamethoxazole	=	1		Table_2.XLSX
35756053	Sheet1	1D-331			Staphylococcus aureus	tigecycline	>	8		Table_2.XLSX
35756053	Sheet1	1D-332			Staphylococcus aureus	ertapenem	=	2		Table_2.XLSX
35756053	Sheet1	1D-332			Staphylococcus aureus	gentamicin	=	16		Table_2.XLSX
35756053	Sheet1	1D-332			Staphylococcus aureus	ciprofloxacin	=	0.5		Table_2.XLSX
35756053	Sheet1	1D-332			Staphylococcus aureus	piperacillin/tazobactam	=	0.06		Table_2.XLSX
35756053	Sheet1	1D-332			Staphylococcus aureus	sulfamethoxazole	=	1		Table_2.XLSX
35756053	Sheet1	1D-332			Staphylococcus aureus	tobramycin	=	0.5		Table_2.XLSX
35756053	Sheet1	1D-332			Staphylococcus aureus	tigecycline	=	2		Table_2.XLSX
35756053	Sheet1	1D-333			Staphylococcus aureus	ciprofloxacin	=	0.5		Table_2.XLSX
35756053	Sheet1	1D-333			Staphylococcus aureus	piperacillin/tazobactam	=	0.06		Table_2.XLSX
35756053	Sheet1	1D-333			Staphylococcus aureus	sulfamethoxazole	=	1		Table_2.XLSX
35756053	Sheet1	1D-333			Staphylococcus aureus	tigecycline	=	2		Table_2.XLSX
35756053	Sheet1	1D-334			Staphylococcus aureus	ciprofloxacin	=	0.5		Table_2.XLSX
35756053	Sheet1	1D-334			Staphylococcus aureus	piperacillin/tazobactam	=	0.06		Table_2.XLSX
35756053	Sheet1	1D-334			Staphylococcus aureus	trimethoprim	=	0.5		Table_2.XLSX
35756053	Sheet1	1D-334			Staphylococcus aureus	sulfamethoxazole	=	1		Table_2.XLSX
35756053	Sheet1	1D-334			Staphylococcus aureus	tigecycline	=	2		Table_2.XLSX
35756053	Sheet1	1D-335			Staphylococcus aureus	meropenem	>	4		Table_2.XLSX
35756053	Sheet1	1D-335			Staphylococcus aureus	ciprofloxacin	=	0.5		Table_2.XLSX
35756053	Sheet1	1D-335			Staphylococcus aureus	piperacillin/tazobactam	=	0.06		Table_2.XLSX
35756053	Sheet1	1D-335			Staphylococcus aureus	sulfamethoxazole	=	1		Table_2.XLSX
35756053	Sheet1	1D-335			Staphylococcus aureus	tigecycline	=	2		Table_2.XLSX
35756053	Sheet1	1D-336			Staphylococcus aureus	ciprofloxacin	=	0.5		Table_2.XLSX
35756053	Sheet1	1D-336			Staphylococcus aureus	piperacillin/tazobactam	=	0.06		Table_2.XLSX
35756053	Sheet1	1D-336			Staphylococcus aureus	sulfamethoxazole	=	1		Table_2.XLSX
35756053	Sheet1	1D-336			Staphylococcus aureus	tigecycline	=	4		Table_2.XLSX
35756053	Sheet1	1D-337			Staphylococcus aureus	cefepime	=	4		Table_2.XLSX
35756053	Sheet1	1D-337			Staphylococcus aureus	ciprofloxacin	=	0.5		Table_2.XLSX
35756053	Sheet1	1D-337			Staphylococcus aureus	piperacillin/tazobactam	=	0.06		Table_2.XLSX
35756053	Sheet1	1D-337			Staphylococcus aureus	sulfamethoxazole	=	1		Table_2.XLSX
35756053	Sheet1	1D-337			Staphylococcus aureus	tigecycline	=	4		Table_2.XLSX
35756053	Sheet1	1D-338			Staphylococcus aureus	ciprofloxacin	=	0.5		Table_2.XLSX
35756053	Sheet1	1D-338			Staphylococcus aureus	piperacillin/tazobactam	=	0.06		Table_2.XLSX
35756053	Sheet1	1D-338			Staphylococcus aureus	trimethoprim	=	0.5		Table_2.XLSX
35756053	Sheet1	1D-338			Staphylococcus aureus	sulfamethoxazole	=	1		Table_2.XLSX
35756053	Sheet1	1D-338			Staphylococcus aureus	tigecycline	=	2		Table_2.XLSX
35756053	Sheet1	1D-339			Staphylococcus aureus	cefepime	=	4		Table_2.XLSX
35756053	Sheet1	1D-339			Staphylococcus aureus	ciprofloxacin	=	0.5		Table_2.XLSX
35756053	Sheet1	1D-339			Staphylococcus aureus	piperacillin/tazobactam	=	0.06		Table_2.XLSX
35756053	Sheet1	1D-339			Staphylococcus aureus	sulfamethoxazole	=	1		Table_2.XLSX
35756053	Sheet1	1D-339			Staphylococcus aureus	tigecycline	=	4		Table_2.XLSX
35756053	Sheet1	1D-340			Staphylococcus aureus	ciprofloxacin	=	0.5		Table_2.XLSX
35756053	Sheet1	1D-340			Staphylococcus aureus	piperacillin/tazobactam	=	0.06		Table_2.XLSX
35756053	Sheet1	1D-340			Staphylococcus aureus	sulfamethoxazole	=	1		Table_2.XLSX
35756053	Sheet1	1D-340			Staphylococcus aureus	tigecycline	=	2		Table_2.XLSX
35756053	Sheet1	1D-341			Staphylococcus aureus	cefepime	=	4		Table_2.XLSX
35756053	Sheet1	1D-341			Staphylococcus aureus	meropenem	=	1		Table_2.XLSX
35756053	Sheet1	1D-341			Staphylococcus aureus	ciprofloxacin	=	0.5		Table_2.XLSX
35756053	Sheet1	1D-341			Staphylococcus aureus	piperacillin/tazobactam	=	0.06		Table_2.XLSX
35756053	Sheet1	1D-341			Staphylococcus aureus	sulfamethoxazole	=	1		Table_2.XLSX
35756053	Sheet1	1D-341			Staphylococcus aureus	tigecycline	=	2		Table_2.XLSX
35756053	Sheet1	1D-342			Staphylococcus aureus	cefepime	=	4		Table_2.XLSX
35756053	Sheet1	1D-342			Staphylococcus aureus	ciprofloxacin	=	0.5		Table_2.XLSX
35756053	Sheet1	1D-342			Staphylococcus aureus	piperacillin/tazobactam	=	0.06		Table_2.XLSX
35756053	Sheet1	1D-342			Staphylococcus aureus	sulfamethoxazole	=	1		Table_2.XLSX
35756053	Sheet1	1D-342			Staphylococcus aureus	tigecycline	=	2		Table_2.XLSX
35756053	Sheet1	1D-343			Staphylococcus aureus	cefepime	=	4		Table_2.XLSX
35756053	Sheet1	1D-343			Staphylococcus aureus	ciprofloxacin	=	0.5		Table_2.XLSX
35756053	Sheet1	1D-343			Staphylococcus aureus	piperacillin/tazobactam	=	0.06		Table_2.XLSX
35756053	Sheet1	1D-343			Staphylococcus aureus	sulfamethoxazole	=	1		Table_2.XLSX
35756053	Sheet1	1D-343			Staphylococcus aureus	tigecycline	=	4		Table_2.XLSX
35756053	Sheet1	1D-344			Staphylococcus aureus	ciprofloxacin	=	0.5		Table_2.XLSX
35756053	Sheet1	1D-344			Staphylococcus aureus	piperacillin/tazobactam	=	0.06		Table_2.XLSX
35756053	Sheet1	1D-344			Staphylococcus aureus	trimethoprim	=	1		Table_2.XLSX
35756053	Sheet1	1D-344			Staphylococcus aureus	sulfamethoxazole	=	1		Table_2.XLSX
35756053	Sheet1	1D-344			Staphylococcus aureus	tigecycline	=	4		Table_2.XLSX
35756053	Sheet1	1D-345			Staphylococcus aureus	cefepime	=	4		Table_2.XLSX
35756053	Sheet1	1D-345			Staphylococcus aureus	ciprofloxacin	=	0.5		Table_2.XLSX
35756053	Sheet1	1D-345			Staphylococcus aureus	piperacillin/tazobactam	=	0.06		Table_2.XLSX
35756053	Sheet1	1D-345			Staphylococcus aureus	trimethoprim	=	0.5		Table_2.XLSX
35756053	Sheet1	1D-345			Staphylococcus aureus	sulfamethoxazole	=	1		Table_2.XLSX
35756053	Sheet1	1D-345			Staphylococcus aureus	tigecycline	=	2		Table_2.XLSX
35756053	Sheet1	1D-346			Staphylococcus aureus	ciprofloxacin	=	0.5		Table_2.XLSX
35756053	Sheet1	1D-346			Staphylococcus aureus	piperacillin/tazobactam	=	0.06		Table_2.XLSX
35756053	Sheet1	1D-346			Staphylococcus aureus	sulfamethoxazole	=	1		Table_2.XLSX
35756053	Sheet1	1D-346			Staphylococcus aureus	tigecycline	=	4		Table_2.XLSX
35756053	Sheet1	1D-347			Staphylococcus aureus	ciprofloxacin	=	0.5		Table_2.XLSX
35756053	Sheet1	1D-347			Staphylococcus aureus	piperacillin/tazobactam	=	0.06		Table_2.XLSX
35756053	Sheet1	1D-347			Staphylococcus aureus	sulfamethoxazole	=	1		Table_2.XLSX
35756053	Sheet1	1D-347			Staphylococcus aureus	tigecycline	=	4		Table_2.XLSX
35756053	Sheet1	1D-348			Staphylococcus aureus	cefepime	=	4		Table_2.XLSX
35756053	Sheet1	1D-348			Staphylococcus aureus	ciprofloxacin	=	0.5		Table_2.XLSX
35756053	Sheet1	1D-348			Staphylococcus aureus	piperacillin/tazobactam	=	0.06		Table_2.XLSX
35756053	Sheet1	1D-348			Staphylococcus aureus	trimethoprim	=	0.5		Table_2.XLSX
35756053	Sheet1	1D-348			Staphylococcus aureus	sulfamethoxazole	=	1		Table_2.XLSX
35756053	Sheet1	1D-348			Staphylococcus aureus	tigecycline	=	4		Table_2.XLSX
35756053	Sheet1	1D-349			Staphylococcus aureus	ampicillin/sulbactam	<=	1/19		Table_2.XLSX
35756053	Sheet1	1D-349			Staphylococcus aureus	cefepime	<=	2		Table_2.XLSX
35756053	Sheet1	1D-349			Staphylococcus aureus	cefuroxime	<=	1		Table_2.XLSX
35756053	Sheet1	1D-349			Staphylococcus aureus	gentamicin	<=	4		Table_2.XLSX
35756053	Sheet1	1D-349			Staphylococcus aureus	ciprofloxacin	=	0.5		Table_2.XLSX
35756053	Sheet1	1D-349			Staphylococcus aureus	piperacillin/tazobactam	=	0.06		Table_2.XLSX
35756053	Sheet1	1D-349			Staphylococcus aureus	cefoxitin	=	0.5		Table_2.XLSX
35756053	Sheet1	1D-349			Staphylococcus aureus	trimethoprim	=	0.5		Table_2.XLSX
35756053	Sheet1	1D-349			Staphylococcus aureus	sulfamethoxazole	=	1		Table_2.XLSX
35756053	Sheet1	1D-349			Staphylococcus aureus	tigecycline	=	4		Table_2.XLSX
35756053	Sheet1	1D-350			Staphylococcus aureus	cefepime	=	4		Table_2.XLSX
35756053	Sheet1	1D-350			Staphylococcus aureus	ciprofloxacin	=	0.5		Table_2.XLSX
35756053	Sheet1	1D-350			Staphylococcus aureus	piperacillin/tazobactam	=	0.06		Table_2.XLSX
35756053	Sheet1	1D-350			Staphylococcus aureus	sulfamethoxazole	=	1		Table_2.XLSX
35756053	Sheet1	1D-350			Staphylococcus aureus	tigecycline	=	4		Table_2.XLSX
35756053	Sheet1	1D-351			Staphylococcus aureus	cefepime	=	4		Table_2.XLSX
35756053	Sheet1	1D-351			Staphylococcus aureus	ciprofloxacin	=	0.5		Table_2.XLSX
35756053	Sheet1	1D-351			Staphylococcus aureus	piperacillin/tazobactam	=	0.06		Table_2.XLSX
35756053	Sheet1	1D-351			Staphylococcus aureus	sulfamethoxazole	=	1		Table_2.XLSX
35756053	Sheet1	1D-351			Staphylococcus aureus	tigecycline	=	4		Table_2.XLSX
35756053	Sheet1	1D-352			Staphylococcus aureus	ciprofloxacin	>	4		Table_2.XLSX
35756053	Sheet1	1D-352			Staphylococcus aureus	piperacillin/tazobactam	=	0.06		Table_2.XLSX
35756053	Sheet1	1D-352			Staphylococcus aureus	sulfamethoxazole	=	1		Table_2.XLSX
35756053	Sheet1	1D-352			Staphylococcus aureus	tigecycline	=	2		Table_2.XLSX
35756053	Sheet1	1D-353			Staphylococcus aureus	ciprofloxacin	=	0.5		Table_2.XLSX
35756053	Sheet1	1D-353			Staphylococcus aureus	piperacillin/tazobactam	=	0.06		Table_2.XLSX
35756053	Sheet1	1D-353			Staphylococcus aureus	cefoxitin	=	0.5		Table_2.XLSX
35756053	Sheet1	1D-353			Staphylococcus aureus	trimethoprim	=	0.5		Table_2.XLSX
35756053	Sheet1	1D-353			Staphylococcus aureus	sulfamethoxazole	=	1		Table_2.XLSX
35756053	Sheet1	1D-353			Staphylococcus aureus	tigecycline	=	4		Table_2.XLSX
35756053	Sheet1	1D-354			Staphylococcus aureus	ciprofloxacin	=	0.5		Table_2.XLSX
35756053	Sheet1	1D-354			Staphylococcus aureus	piperacillin/tazobactam	=	0.06		Table_2.XLSX
35756053	Sheet1	1D-354			Staphylococcus aureus	sulfamethoxazole	=	1		Table_2.XLSX
35756053	Sheet1	1D-354			Staphylococcus aureus	tigecycline	=	2		Table_2.XLSX
35756053	Sheet1	1D-424			Staphylococcus aureus	ciprofloxacin	=	0.5		Table_2.XLSX
35756053	Sheet1	1D-424			Staphylococcus aureus	piperacillin/tazobactam	=	0.06		Table_2.XLSX
35756053	Sheet1	1D-424			Staphylococcus aureus	sulfamethoxazole	=	1		Table_2.XLSX
35756053	Sheet1	1D-424			Staphylococcus aureus	tigecycline	=	4		Table_2.XLSX
35756053	Sheet1	1D-425			Staphylococcus aureus	ciprofloxacin	=	0.5		Table_2.XLSX
35756053	Sheet1	1D-425			Staphylococcus aureus	piperacillin/tazobactam	=	0.06		Table_2.XLSX
35756053	Sheet1	1D-425			Staphylococcus aureus	sulfamethoxazole	=	1		Table_2.XLSX
35756053	Sheet1	1D-425			Staphylococcus aureus	tigecycline	=	2		Table_2.XLSX
35756053	Sheet1	1D-373			Staphylococcus aureus	ciprofloxacin	=	0.5		Table_2.XLSX
35756053	Sheet1	1D-373			Staphylococcus aureus	piperacillin/tazobactam	=	0.06		Table_2.XLSX
35756053	Sheet1	1D-373			Staphylococcus aureus	sulfamethoxazole	=	1		Table_2.XLSX
35756053	Sheet1	1D-373			Staphylococcus aureus	tigecycline	=	4		Table_2.XLSX
35756053	Sheet1	1D-304			Staphylococcus argenteus	piperacillin/tazobactam	=	0.06		Table_2.XLSX
35756053	Sheet1	1D-304			Staphylococcus argenteus	sulfamethoxazole	=	1		Table_2.XLSX
35756053	Sheet1	1D-304			Staphylococcus argenteus	tigecycline	=	2		Table_2.XLSX
35756053	Sheet1	1D-355			Staphylococcus epidermidis	ampicillin	>	4		Table_2.XLSX
35756053	Sheet1	1D-355			Staphylococcus epidermidis	ampicillin/sulbactam	>	8/152		Table_2.XLSX
35756053	Sheet1	1D-355			Staphylococcus epidermidis	cephalothin	=	0.5		Table_2.XLSX
35756053	Sheet1	1D-355			Staphylococcus epidermidis	ertapenem	=	4		Table_2.XLSX
35756053	Sheet1	1D-355			Staphylococcus epidermidis	cefuroxime	=	2		Table_2.XLSX
35756053	Sheet1	1D-355			Staphylococcus epidermidis	gentamicin	>	16		Table_2.XLSX
35756053	Sheet1	1D-355			Staphylococcus epidermidis	piperacillin/tazobactam	=	0.06		Table_2.XLSX
35756053	Sheet1	1D-355			Staphylococcus epidermidis	cefoxitin	=	8		Table_2.XLSX
35756053	Sheet1	1D-355			Staphylococcus epidermidis	trimethoprim	>	8		Table_2.XLSX
35756053	Sheet1	1D-355			Staphylococcus epidermidis	sulfamethoxazole	=	2		Table_2.XLSX
35756053	Sheet1	1D-355			Staphylococcus epidermidis	tobramycin	=	1		Table_2.XLSX
35756053	Sheet1	1D-355			Staphylococcus epidermidis	tigecycline	=	4		Table_2.XLSX
35756053	Sheet1	1D-356			Staphylococcus epidermidis	ampicillin	>	4		Table_2.XLSX
35756053	Sheet1	1D-356			Staphylococcus epidermidis	meropenem	=	4		Table_2.XLSX
35756053	Sheet1	1D-356			Staphylococcus epidermidis	cefuroxime	=	4		Table_2.XLSX
35756053	Sheet1	1D-356			Staphylococcus epidermidis	piperacillin/tazobactam	=	0.06		Table_2.XLSX
35756053	Sheet1	1D-356			Staphylococcus epidermidis	sulfamethoxazole	=	2		Table_2.XLSX
35756053	Sheet1	1D-356			Staphylococcus epidermidis	tigecycline	=	1		Table_2.XLSX
35756053	Sheet1	1D-358			Staphylococcus epidermidis	cefazolin	=	1		Table_2.XLSX
35756053	Sheet1	1D-358			Staphylococcus epidermidis	cefuroxime	=	4		Table_2.XLSX
35756053	Sheet1	1D-358			Staphylococcus epidermidis	piperacillin/tazobactam	=	0.06		Table_2.XLSX
35756053	Sheet1	1D-358			Staphylococcus epidermidis	sulfamethoxazole	=	2		Table_2.XLSX
35756053	Sheet1	1D-358			Staphylococcus epidermidis	tigecycline	=	1		Table_2.XLSX
35756053	Sheet1	1D-359			Staphylococcus epidermidis	ampicillin	>	4		Table_2.XLSX
35756053	Sheet1	1D-359			Staphylococcus epidermidis	meropenem	=	2		Table_2.XLSX
35756053	Sheet1	1D-359			Staphylococcus epidermidis	ciprofloxacin	>	4		Table_2.XLSX
35756053	Sheet1	1D-359			Staphylococcus epidermidis	piperacillin/tazobactam	=	0.06		Table_2.XLSX
35756053	Sheet1	1D-359			Staphylococcus epidermidis	sulfamethoxazole	=	2		Table_2.XLSX
35756053	Sheet1	1D-359			Staphylococcus epidermidis	tigecycline	=	2		Table_2.XLSX
35756053	Sheet1	1D-360			Staphylococcus epidermidis	ampicillin	>	4		Table_2.XLSX
35756053	Sheet1	1D-360			Staphylococcus epidermidis	ampicillin/sulbactam	=	8/152		Table_2.XLSX
35756053	Sheet1	1D-360			Staphylococcus epidermidis	meropenem	=	2		Table_2.XLSX
35756053	Sheet1	1D-360			Staphylococcus epidermidis	ertapenem	>	4		Table_2.XLSX
35756053	Sheet1	1D-360			Staphylococcus epidermidis	cefuroxime	=	4		Table_2.XLSX
35756053	Sheet1	1D-360			Staphylococcus epidermidis	gentamicin	>	16		Table_2.XLSX
35756053	Sheet1	1D-360			Staphylococcus epidermidis	ciprofloxacin	>	4		Table_2.XLSX
35756053	Sheet1	1D-360			Staphylococcus epidermidis	piperacillin/tazobactam	=	0.06		Table_2.XLSX
35756053	Sheet1	1D-360			Staphylococcus epidermidis	cefoxitin	>	8		Table_2.XLSX
35756053	Sheet1	1D-360			Staphylococcus epidermidis	trimethoprim	>	8		Table_2.XLSX
35756053	Sheet1	1D-360			Staphylococcus epidermidis	sulfamethoxazole	=	2		Table_2.XLSX
35756053	Sheet1	1D-360			Staphylococcus epidermidis	tobramycin	>	2		Table_2.XLSX
35756053	Sheet1	1D-360			Staphylococcus epidermidis	tigecycline	>	8		Table_2.XLSX
35756053	Sheet1	1D-361			Staphylococcus epidermidis	amikacin	>	4		Table_2.XLSX
35756053	Sheet1	1D-361			Staphylococcus epidermidis	ampicillin	>	4		Table_2.XLSX
35756053	Sheet1	1D-361			Staphylococcus epidermidis	cefazolin	>	4		Table_2.XLSX
35756053	Sheet1	1D-361			Staphylococcus epidermidis	cefepime	>	16		Table_2.XLSX
35756053	Sheet1	1D-361			Staphylococcus epidermidis	cephalothin	>	1		Table_2.XLSX
35756053	Sheet1	1D-361			Staphylococcus epidermidis	meropenem	=	2		Table_2.XLSX
35756053	Sheet1	1D-361			Staphylococcus epidermidis	ertapenem	=	1		Table_2.XLSX
35756053	Sheet1	1D-361			Staphylococcus epidermidis	cefuroxime	>	16		Table_2.XLSX
35756053	Sheet1	1D-361			Staphylococcus epidermidis	ciprofloxacin	>	4		Table_2.XLSX
35756053	Sheet1	1D-361			Staphylococcus epidermidis	piperacillin/tazobactam	>	1		Table_2.XLSX
35756053	Sheet1	1D-361			Staphylococcus epidermidis	cefoxitin	=	0.5		Table_2.XLSX
35756053	Sheet1	1D-361			Staphylococcus epidermidis	trimethoprim	=	1		Table_2.XLSX
35756053	Sheet1	1D-361			Staphylococcus epidermidis	sulfamethoxazole	=	2		Table_2.XLSX
35756053	Sheet1	1D-361			Staphylococcus epidermidis	cefpodoxime	>	1		Table_2.XLSX
35756053	Sheet1	1D-361			Staphylococcus epidermidis	ceftazidime	>	8		Table_2.XLSX
35756053	Sheet1	1D-361			Staphylococcus epidermidis	tobramycin	=	1		Table_2.XLSX
35756053	Sheet1	1D-361			Staphylococcus epidermidis	tigecycline	>	8		Table_2.XLSX
35756053	Sheet1	1D-362			Staphylococcus epidermidis	ampicillin	>	4		Table_2.XLSX
35756053	Sheet1	1D-362			Staphylococcus epidermidis	ampicillin/sulbactam	=	8/152		Table_2.XLSX
35756053	Sheet1	1D-362			Staphylococcus epidermidis	cephalothin	=	0.25		Table_2.XLSX
35756053	Sheet1	1D-362			Staphylococcus epidermidis	ertapenem	=	4		Table_2.XLSX
35756053	Sheet1	1D-362			Staphylococcus epidermidis	cefuroxime	=	2		Table_2.XLSX
35756053	Sheet1	1D-362			Staphylococcus epidermidis	gentamicin	=	16		Table_2.XLSX
35756053	Sheet1	1D-362			Staphylococcus epidermidis	piperacillin/tazobactam	=	0.06		Table_2.XLSX
35756053	Sheet1	1D-362			Staphylococcus epidermidis	cefoxitin	=	8		Table_2.XLSX
35756053	Sheet1	1D-362			Staphylococcus epidermidis	trimethoprim	>	8		Table_2.XLSX
35756053	Sheet1	1D-362			Staphylococcus epidermidis	sulfamethoxazole	=	2		Table_2.XLSX
35756053	Sheet1	1D-362			Staphylococcus epidermidis	tobramycin	=	1		Table_2.XLSX
35756053	Sheet1	1D-362			Staphylococcus epidermidis	tigecycline	=	8		Table_2.XLSX
35756053	Sheet1	1D-363			Staphylococcus epidermidis	ampicillin	>	4		Table_2.XLSX
35756053	Sheet1	1D-363			Staphylococcus epidermidis	cephalothin	>	1		Table_2.XLSX
35756053	Sheet1	1D-363			Staphylococcus epidermidis	meropenem	=	4		Table_2.XLSX
35756053	Sheet1	1D-363			Staphylococcus epidermidis	ertapenem	>	4		Table_2.XLSX
35756053	Sheet1	1D-363			Staphylococcus epidermidis	cefuroxime	=	2		Table_2.XLSX
35756053	Sheet1	1D-363			Staphylococcus epidermidis	gentamicin	>	16		Table_2.XLSX
35756053	Sheet1	1D-363			Staphylococcus epidermidis	ciprofloxacin	>	4		Table_2.XLSX
35756053	Sheet1	1D-363			Staphylococcus epidermidis	piperacillin/tazobactam	=	0.06		Table_2.XLSX
35756053	Sheet1	1D-363			Staphylococcus epidermidis	cefoxitin	=	8		Table_2.XLSX
35756053	Sheet1	1D-363			Staphylococcus epidermidis	trimethoprim	>	8		Table_2.XLSX
35756053	Sheet1	1D-363			Staphylococcus epidermidis	sulfamethoxazole	=	2		Table_2.XLSX
35756053	Sheet1	1D-363			Staphylococcus epidermidis	cefpodoxime	>	1		Table_2.XLSX
35756053	Sheet1	1D-363			Staphylococcus epidermidis	ceftazidime	>	8		Table_2.XLSX
35756053	Sheet1	1D-363			Staphylococcus epidermidis	tobramycin	>	2		Table_2.XLSX
35756053	Sheet1	1D-363			Staphylococcus epidermidis	tigecycline	>	8		Table_2.XLSX
35756053	Sheet1	1D-364			Staphylococcus hominis	ampicillin	>	4		Table_2.XLSX
35756053	Sheet1	1D-364			Staphylococcus hominis	meropenem	>	4		Table_2.XLSX
35756053	Sheet1	1D-364			Staphylococcus hominis	sulfamethoxazole	=	1		Table_2.XLSX
35756053	Sheet1	1D-364			Staphylococcus hominis	tigecycline	=	4		Table_2.XLSX
35756053	Sheet1	1D-365			Staphylococcus saprophyticus	ampicillin	>	4		Table_2.XLSX
35756053	Sheet1	1D-365			Staphylococcus saprophyticus	piperacillin/tazobactam	=	0.06		Table_2.XLSX
35756053	Sheet1	1D-365			Staphylococcus saprophyticus	sulfamethoxazole	=	1		Table_2.XLSX
35756053	Sheet1	1D-365			Staphylococcus saprophyticus	tigecycline	=	2		Table_2.XLSX
35756053	Sheet1	1D-366			Staphylococcus lugdunensis	sulfamethoxazole	=	1		Table_2.XLSX
35756053	Sheet1	1D-366			Staphylococcus lugdunensis	tigecycline	=	2		Table_2.XLSX
35756053	Sheet1	1D-367			Staphylococcus lugdunensis	sulfamethoxazole	=	1		Table_2.XLSX
35756053	Sheet1	1D-367			Staphylococcus lugdunensis	tigecycline	=	2		Table_2.XLSX
35756053	Sheet1	1D-368			Staphylococcus lugdunensis	sulfamethoxazole	=	1		Table_2.XLSX
35756053	Sheet1	1D-368			Staphylococcus lugdunensis	tigecycline	=	2		Table_2.XLSX
35756053	Sheet1	1D-370			Streptococcus agalactiae	ampicillin	=	0.06		Table_2.XLSX
35756053	Sheet1	1D-370			Streptococcus agalactiae	ampicillin/sulbactam	=	1		Table_2.XLSX
35756053	Sheet1	1D-370			Streptococcus agalactiae	cefepime	>	8		Table_2.XLSX
35756053	Sheet1	1D-370			Streptococcus agalactiae	cefoxitin	=	1		Table_2.XLSX
35756053	Sheet1	1D-370			Streptococcus agalactiae	ceftazidime	=	0.5		Table_2.XLSX
35756053	Sheet1	1D-370			Streptococcus agalactiae	tigecycline	=	4		Table_2.XLSX
35756053	Sheet1	1D-370			Streptococcus agalactiae	ticarcillin/clavulanic acid	=	0.03		Table_2.XLSX
35756053	Sheet1	1D-371			Streptococcus agalactiae	ampicillin	=	0.06		Table_2.XLSX
35756053	Sheet1	1D-371			Streptococcus agalactiae	ampicillin/sulbactam	=	1		Table_2.XLSX
35756053	Sheet1	1D-371			Streptococcus agalactiae	cefoxitin	=	1		Table_2.XLSX
35756053	Sheet1	1D-371			Streptococcus agalactiae	ceftazidime	=	0.25		Table_2.XLSX
35756053	Sheet1	1D-371			Streptococcus agalactiae	tigecycline	=	2		Table_2.XLSX
35756053	Sheet1	1D-372			Streptococcus agalactiae	ampicillin	=	0.06		Table_2.XLSX
35756053	Sheet1	1D-372			Streptococcus agalactiae	ampicillin/sulbactam	=	1		Table_2.XLSX
35756053	Sheet1	1D-372			Streptococcus agalactiae	cefoxitin	=	1		Table_2.XLSX
35756053	Sheet1	1D-372			Streptococcus agalactiae	ceftazidime	=	0.25		Table_2.XLSX
35756053	Sheet1	1D-372			Streptococcus agalactiae	tigecycline	=	2		Table_2.XLSX
35756053	Sheet1	1D-372			Streptococcus agalactiae	ticarcillin/clavulanic acid	=	0.03		Table_2.XLSX
35756053	Sheet1	1D-374			Streptococcus agalactiae	ampicillin	=	0.06		Table_2.XLSX
35756053	Sheet1	1D-374			Streptococcus agalactiae	ampicillin/sulbactam	=	1		Table_2.XLSX
35756053	Sheet1	1D-374			Streptococcus agalactiae	cefazolin	>	2		Table_2.XLSX
35756053	Sheet1	1D-374			Streptococcus agalactiae	cefepime	>	8		Table_2.XLSX
35756053	Sheet1	1D-374			Streptococcus agalactiae	meropenem	>	2		Table_2.XLSX
35756053	Sheet1	1D-374			Streptococcus agalactiae	cefoxitin	=	1		Table_2.XLSX
35756053	Sheet1	1D-374			Streptococcus agalactiae	cefpodoxime	>	1		Table_2.XLSX
35756053	Sheet1	1D-374			Streptococcus agalactiae	ceftazidime	=	0.25		Table_2.XLSX
35756053	Sheet1	1D-374			Streptococcus agalactiae	tigecycline	=	8		Table_2.XLSX
35756053	Sheet1	1D-374			Streptococcus agalactiae	ticarcillin/clavulanic acid	=	0.03		Table_2.XLSX
35756053	Sheet1	1D-375			Streptococcus agalactiae	amikacin	=	2		Table_2.XLSX
35756053	Sheet1	1D-375			Streptococcus agalactiae	ampicillin	=	0.06		Table_2.XLSX
35756053	Sheet1	1D-375			Streptococcus agalactiae	ampicillin/sulbactam	>	4		Table_2.XLSX
35756053	Sheet1	1D-375			Streptococcus agalactiae	cefoxitin	=	1		Table_2.XLSX
35756053	Sheet1	1D-375			Streptococcus agalactiae	ceftazidime	=	0.5		Table_2.XLSX
35756053	Sheet1	1D-375			Streptococcus agalactiae	tigecycline	=	4		Table_2.XLSX
35756053	Sheet1	1D-375			Streptococcus agalactiae	ticarcillin/clavulanic acid	=	0.03		Table_2.XLSX
35756053	Sheet1	1D-376			Streptococcus agalactiae	ampicillin	=	0.06		Table_2.XLSX
35756053	Sheet1	1D-376			Streptococcus agalactiae	ampicillin/sulbactam	=	1		Table_2.XLSX
35756053	Sheet1	1D-376			Streptococcus agalactiae	cefazolin	>	2		Table_2.XLSX
35756053	Sheet1	1D-376			Streptococcus agalactiae	cefepime	>	8		Table_2.XLSX
35756053	Sheet1	1D-376			Streptococcus agalactiae	meropenem	>	2		Table_2.XLSX
35756053	Sheet1	1D-376			Streptococcus agalactiae	cefoxitin	=	1		Table_2.XLSX
35756053	Sheet1	1D-376			Streptococcus agalactiae	ceftazidime	=	0.5		Table_2.XLSX
35756053	Sheet1	1D-376			Streptococcus agalactiae	tigecycline	=	2		Table_2.XLSX
35756053	Sheet1	1D-376			Streptococcus agalactiae	ticarcillin/clavulanic acid	=	0.03		Table_2.XLSX
35756053	Sheet1	1D-377			Streptococcus agalactiae	amikacin	<=	1		Table_2.XLSX
35756053	Sheet1	1D-377			Streptococcus agalactiae	ampicillin	=	0.06		Table_2.XLSX
35756053	Sheet1	1D-377			Streptococcus agalactiae	ampicillin/sulbactam	=	1		Table_2.XLSX
35756053	Sheet1	1D-377			Streptococcus agalactiae	cefazolin	>	2		Table_2.XLSX
35756053	Sheet1	1D-377			Streptococcus agalactiae	cefepime	>	8		Table_2.XLSX
35756053	Sheet1	1D-377			Streptococcus agalactiae	meropenem	>	2		Table_2.XLSX
35756053	Sheet1	1D-377			Streptococcus agalactiae	cefuroxime	<=	2/1		Table_2.XLSX
35756053	Sheet1	1D-377			Streptococcus agalactiae	cefoxitin	=	1		Table_2.XLSX
35756053	Sheet1	1D-377			Streptococcus agalactiae	cefpodoxime	>	1		Table_2.XLSX
35756053	Sheet1	1D-377			Streptococcus agalactiae	ceftazidime	=	0.5		Table_2.XLSX
35756053	Sheet1	1D-377			Streptococcus agalactiae	tigecycline	=	4		Table_2.XLSX
35756053	Sheet1	1D-377			Streptococcus agalactiae	ticarcillin/clavulanic acid	=	0.03		Table_2.XLSX
35756053	Sheet1	1D-378_B			Streptococcus agalactiae	amikacin	<=	1		Table_2.XLSX
35756053	Sheet1	1D-378_B			Streptococcus agalactiae	ampicillin/sulbactam	=	1		Table_2.XLSX
35756053	Sheet1	1D-378_B			Streptococcus agalactiae	cefepime	>	8		Table_2.XLSX
35756053	Sheet1	1D-378_B			Streptococcus agalactiae	cefuroxime	<=	2/1		Table_2.XLSX
35756053	Sheet1	1D-378_B			Streptococcus agalactiae	cefoxitin	=	2		Table_2.XLSX
35756053	Sheet1	1D-378_B			Streptococcus agalactiae	ceftazidime	=	0.25		Table_2.XLSX
35756053	Sheet1	1D-378_B			Streptococcus agalactiae	tigecycline	=	4		Table_2.XLSX
35756053	Sheet1	1D-378_B			Streptococcus agalactiae	ticarcillin/clavulanic acid	=	0.03		Table_2.XLSX
35756053	Sheet1	1D-379			Streptococcus agalactiae	ampicillin	=	0.06		Table_2.XLSX
35756053	Sheet1	1D-379			Streptococcus agalactiae	cefepime	>	8		Table_2.XLSX
35756053	Sheet1	1D-379			Streptococcus agalactiae	cefoxitin	=	1		Table_2.XLSX
35756053	Sheet1	1D-379			Streptococcus agalactiae	ceftazidime	=	0.5		Table_2.XLSX
35756053	Sheet1	1D-379			Streptococcus agalactiae	tigecycline	=	2		Table_2.XLSX
35756053	Sheet1	1D-379			Streptococcus agalactiae	ticarcillin/clavulanic acid	=	0.03		Table_2.XLSX
35756053	Sheet1	1D-380			Streptococcus agalactiae	ampicillin	=	0.06		Table_2.XLSX
35756053	Sheet1	1D-380			Streptococcus agalactiae	ampicillin/sulbactam	=	1		Table_2.XLSX
35756053	Sheet1	1D-380			Streptococcus agalactiae	cefoxitin	=	1		Table_2.XLSX
35756053	Sheet1	1D-380			Streptococcus agalactiae	ceftazidime	=	0.25		Table_2.XLSX
35756053	Sheet1	1D-380			Streptococcus agalactiae	tigecycline	=	2		Table_2.XLSX
35756053	Sheet1	1D-380			Streptococcus agalactiae	ticarcillin/clavulanic acid	=	0.03		Table_2.XLSX
35756053	Sheet1	1D-381			Streptococcus agalactiae	ampicillin	=	0.06		Table_2.XLSX
35756053	Sheet1	1D-381			Streptococcus agalactiae	ampicillin/sulbactam	=	1		Table_2.XLSX
35756053	Sheet1	1D-381			Streptococcus agalactiae	cefoxitin	=	1		Table_2.XLSX
35756053	Sheet1	1D-381			Streptococcus agalactiae	ceftazidime	=	0.25		Table_2.XLSX
35756053	Sheet1	1D-381			Streptococcus agalactiae	tigecycline	=	4		Table_2.XLSX
35756053	Sheet1	1D-382			Streptococcus agalactiae	ampicillin	=	0.06		Table_2.XLSX
35756053	Sheet1	1D-382			Streptococcus agalactiae	ampicillin/sulbactam	=	1		Table_2.XLSX
35756053	Sheet1	1D-382			Streptococcus agalactiae	cefepime	>	8		Table_2.XLSX
35756053	Sheet1	1D-382			Streptococcus agalactiae	cefoxitin	=	1		Table_2.XLSX
35756053	Sheet1	1D-382			Streptococcus agalactiae	ceftazidime	=	0.25		Table_2.XLSX
35756053	Sheet1	1D-382			Streptococcus agalactiae	tigecycline	=	4		Table_2.XLSX
35756053	Sheet1	1D-382			Streptococcus agalactiae	ticarcillin/clavulanic acid	=	0.03		Table_2.XLSX
35756053	Sheet1	1D-383			Streptococcus agalactiae	ampicillin	=	0.06		Table_2.XLSX
35756053	Sheet1	1D-383			Streptococcus agalactiae	ampicillin/sulbactam	=	1		Table_2.XLSX
35756053	Sheet1	1D-383			Streptococcus agalactiae	cefepime	>	8		Table_2.XLSX
35756053	Sheet1	1D-383			Streptococcus agalactiae	cefoxitin	=	1		Table_2.XLSX
35756053	Sheet1	1D-383			Streptococcus agalactiae	ceftazidime	=	0.25		Table_2.XLSX
35756053	Sheet1	1D-383			Streptococcus agalactiae	tigecycline	=	4		Table_2.XLSX
35756053	Sheet1	1D-383			Streptococcus agalactiae	ticarcillin/clavulanic acid	=	0.03		Table_2.XLSX
35756053	Sheet1	1D-384			Streptococcus agalactiae	amikacin	<=	1		Table_2.XLSX
35756053	Sheet1	1D-384			Streptococcus agalactiae	ampicillin	=	0.06		Table_2.XLSX
35756053	Sheet1	1D-384			Streptococcus agalactiae	ampicillin/sulbactam	=	1		Table_2.XLSX
35756053	Sheet1	1D-384			Streptococcus agalactiae	cefazolin	>	2		Table_2.XLSX
35756053	Sheet1	1D-384			Streptococcus agalactiae	cefepime	<=	1		Table_2.XLSX
35756053	Sheet1	1D-384			Streptococcus agalactiae	meropenem	>	2		Table_2.XLSX
35756053	Sheet1	1D-384			Streptococcus agalactiae	cefuroxime	<=	2/1		Table_2.XLSX
35756053	Sheet1	1D-384			Streptococcus agalactiae	cefoxitin	=	1		Table_2.XLSX
35756053	Sheet1	1D-384			Streptococcus agalactiae	cefpodoxime	>	1		Table_2.XLSX
35756053	Sheet1	1D-384			Streptococcus agalactiae	ceftazidime	=	0.25		Table_2.XLSX
35756053	Sheet1	1D-384			Streptococcus agalactiae	tigecycline	=	4		Table_2.XLSX
35756053	Sheet1	1D-385			Streptococcus agalactiae	ampicillin/sulbactam	=	1		Table_2.XLSX
35756053	Sheet1	1D-385			Streptococcus agalactiae	cefazolin	>	2		Table_2.XLSX
35756053	Sheet1	1D-385			Streptococcus agalactiae	cefepime	>	8		Table_2.XLSX
35756053	Sheet1	1D-385			Streptococcus agalactiae	meropenem	>	2		Table_2.XLSX
35756053	Sheet1	1D-385			Streptococcus agalactiae	cefoxitin	=	1		Table_2.XLSX
35756053	Sheet1	1D-385			Streptococcus agalactiae	cefpodoxime	>	1		Table_2.XLSX
35756053	Sheet1	1D-385			Streptococcus agalactiae	ceftazidime	=	0.25		Table_2.XLSX
35756053	Sheet1	1D-385			Streptococcus agalactiae	tigecycline	=	4		Table_2.XLSX
35756053	Sheet1	1D-385			Streptococcus agalactiae	ticarcillin/clavulanic acid	=	0.03		Table_2.XLSX
35756053	Sheet1	1D-386			Streptococcus agalactiae	ampicillin	=	0.06		Table_2.XLSX
35756053	Sheet1	1D-386			Streptococcus agalactiae	ampicillin/sulbactam	=	1		Table_2.XLSX
35756053	Sheet1	1D-386			Streptococcus agalactiae	cefazolin	>	2		Table_2.XLSX
35756053	Sheet1	1D-386			Streptococcus agalactiae	cefepime	>	8		Table_2.XLSX
35756053	Sheet1	1D-386			Streptococcus agalactiae	meropenem	=	2		Table_2.XLSX
35756053	Sheet1	1D-386			Streptococcus agalactiae	cefoxitin	=	1		Table_2.XLSX
35756053	Sheet1	1D-386			Streptococcus agalactiae	ceftazidime	=	0.25		Table_2.XLSX
35756053	Sheet1	1D-386			Streptococcus agalactiae	tigecycline	=	4		Table_2.XLSX
35756053	Sheet1	1D-386			Streptococcus agalactiae	ticarcillin/clavulanic acid	=	0.03		Table_2.XLSX
35756053	Sheet1	1D-387			Streptococcus agalactiae	ampicillin	=	0.06		Table_2.XLSX
35756053	Sheet1	1D-387			Streptococcus agalactiae	ampicillin/sulbactam	=	1		Table_2.XLSX
35756053	Sheet1	1D-387			Streptococcus agalactiae	cefepime	>	8		Table_2.XLSX
35756053	Sheet1	1D-387			Streptococcus agalactiae	cefoxitin	=	1		Table_2.XLSX
35756053	Sheet1	1D-387			Streptococcus agalactiae	ceftazidime	=	0.5		Table_2.XLSX
35756053	Sheet1	1D-387			Streptococcus agalactiae	tigecycline	=	4		Table_2.XLSX
35756053	Sheet1	1D-387			Streptococcus agalactiae	ticarcillin/clavulanic acid	=	0.03		Table_2.XLSX
35756053	Sheet1	1D-388			Streptococcus agalactiae	ampicillin	=	0.06		Table_2.XLSX
35756053	Sheet1	1D-388			Streptococcus agalactiae	ampicillin/sulbactam	=	1		Table_2.XLSX
35756053	Sheet1	1D-388			Streptococcus agalactiae	cefepime	>	8		Table_2.XLSX
35756053	Sheet1	1D-388			Streptococcus agalactiae	cefoxitin	=	1		Table_2.XLSX
35756053	Sheet1	1D-388			Streptococcus agalactiae	ceftazidime	=	0.25		Table_2.XLSX
35756053	Sheet1	1D-388			Streptococcus agalactiae	tigecycline	=	4		Table_2.XLSX
35756053	Sheet1	1D-388			Streptococcus agalactiae	ticarcillin/clavulanic acid	=	0.03		Table_2.XLSX
35756053	Sheet1	1D-389			Streptococcus agalactiae	ampicillin	=	0.06		Table_2.XLSX
35756053	Sheet1	1D-389			Streptococcus agalactiae	cefazolin	>	2		Table_2.XLSX
35756053	Sheet1	1D-389			Streptococcus agalactiae	meropenem	=	2		Table_2.XLSX
35756053	Sheet1	1D-389			Streptococcus agalactiae	cefoxitin	=	1		Table_2.XLSX
35756053	Sheet1	1D-389			Streptococcus agalactiae	ceftazidime	=	0.5		Table_2.XLSX
35756053	Sheet1	1D-389			Streptococcus agalactiae	tigecycline	=	2		Table_2.XLSX
35756053	Sheet1	1D-389			Streptococcus agalactiae	ticarcillin/clavulanic acid	=	0.03		Table_2.XLSX
35756053	Sheet1	1D-390			Streptococcus agalactiae	ampicillin	=	0.06		Table_2.XLSX
35756053	Sheet1	1D-390			Streptococcus agalactiae	ampicillin/sulbactam	=	1		Table_2.XLSX
35756053	Sheet1	1D-390			Streptococcus agalactiae	cefepime	<=	1		Table_2.XLSX
35756053	Sheet1	1D-390			Streptococcus agalactiae	cefoxitin	=	1		Table_2.XLSX
35756053	Sheet1	1D-390			Streptococcus agalactiae	ceftazidime	=	0.25		Table_2.XLSX
35756053	Sheet1	1D-390			Streptococcus agalactiae	tigecycline	=	4		Table_2.XLSX
35756053	Sheet1	1D-390			Streptococcus agalactiae	ticarcillin/clavulanic acid	=	0.03		Table_2.XLSX
35756053	Sheet1	1D-391			Streptococcus agalactiae	ampicillin	=	0.06		Table_2.XLSX
35756053	Sheet1	1D-391			Streptococcus agalactiae	ampicillin/sulbactam	=	1		Table_2.XLSX
35756053	Sheet1	1D-391			Streptococcus agalactiae	cefazolin	>	2		Table_2.XLSX
35756053	Sheet1	1D-391			Streptococcus agalactiae	cefepime	>	8		Table_2.XLSX
35756053	Sheet1	1D-391			Streptococcus agalactiae	meropenem	>	2		Table_2.XLSX
35756053	Sheet1	1D-391			Streptococcus agalactiae	cefoxitin	=	1		Table_2.XLSX
35756053	Sheet1	1D-391			Streptococcus agalactiae	ceftazidime	=	0.25		Table_2.XLSX
35756053	Sheet1	1D-391			Streptococcus agalactiae	tigecycline	=	4		Table_2.XLSX
35756053	Sheet1	1D-391			Streptococcus agalactiae	ticarcillin/clavulanic acid	=	0.03		Table_2.XLSX
35756053	Sheet1	1D-392			Streptococcus agalactiae	ampicillin	=	0.06		Table_2.XLSX
35756053	Sheet1	1D-392			Streptococcus agalactiae	ampicillin/sulbactam	=	1		Table_2.XLSX
35756053	Sheet1	1D-392			Streptococcus agalactiae	cefoxitin	=	1		Table_2.XLSX
35756053	Sheet1	1D-392			Streptococcus agalactiae	ceftazidime	=	0.25		Table_2.XLSX
35756053	Sheet1	1D-392			Streptococcus agalactiae	tigecycline	=	2		Table_2.XLSX
35756053	Sheet1	1D-393			Streptococcus agalactiae	ampicillin	=	0.06		Table_2.XLSX
35756053	Sheet1	1D-393			Streptococcus agalactiae	ampicillin/sulbactam	=	1		Table_2.XLSX
35756053	Sheet1	1D-393			Streptococcus agalactiae	cefepime	>	8		Table_2.XLSX
35756053	Sheet1	1D-393			Streptococcus agalactiae	cefoxitin	=	2		Table_2.XLSX
35756053	Sheet1	1D-393			Streptococcus agalactiae	ceftazidime	=	0.25		Table_2.XLSX
35756053	Sheet1	1D-393			Streptococcus agalactiae	tigecycline	=	4		Table_2.XLSX
35756053	Sheet1	1D-393			Streptococcus agalactiae	ticarcillin/clavulanic acid	=	0.03		Table_2.XLSX
35756053	Sheet1	1D-316			Streptococcus dysgalactiae	amikacin	<=	1		Table_2.XLSX
35756053	Sheet1	1D-316			Streptococcus dysgalactiae	ampicillin/sulbactam	=	1		Table_2.XLSX
35756053	Sheet1	1D-316			Streptococcus dysgalactiae	cefepime	<	1		Table_2.XLSX
35756053	Sheet1	1D-316			Streptococcus dysgalactiae	cefuroxime	<=	2/1		Table_2.XLSX
35756053	Sheet1	1D-316			Streptococcus dysgalactiae	cefoxitin	=	2		Table_2.XLSX
35756053	Sheet1	1D-316			Streptococcus dysgalactiae	ceftazidime	=	0.12		Table_2.XLSX
35756053	Sheet1	1D-316			Streptococcus dysgalactiae	tigecycline	=	4		Table_2.XLSX
35756053	Sheet1	1D-316			Streptococcus dysgalactiae	ticarcillin/clavulanic acid	=	0.03		Table_2.XLSX
35756053	Sheet1	1D-395			Streptococcus dysgalactiae	amikacin	<=	1		Table_2.XLSX
35756053	Sheet1	1D-395			Streptococcus dysgalactiae	cefazolin	>	2		Table_2.XLSX
35756053	Sheet1	1D-395			Streptococcus dysgalactiae	cefepime	>	8		Table_2.XLSX
35756053	Sheet1	1D-395			Streptococcus dysgalactiae	meropenem	>	2		Table_2.XLSX
35756053	Sheet1	1D-395			Streptococcus dysgalactiae	cefuroxime	<=	2/1		Table_2.XLSX
35756053	Sheet1	1D-395			Streptococcus dysgalactiae	cefoxitin	=	1		Table_2.XLSX
35756053	Sheet1	1D-395			Streptococcus dysgalactiae	cefpodoxime	>	1		Table_2.XLSX
35756053	Sheet1	1D-395			Streptococcus dysgalactiae	tigecycline	=	4		Table_2.XLSX
35756053	Sheet1	1D-395			Streptococcus dysgalactiae	ticarcillin/clavulanic acid	=	0.03		Table_2.XLSX
35756053	Sheet1	1D-396			Streptococcus dysgalactiae	ampicillin/sulbactam	=	1		Table_2.XLSX
35756053	Sheet1	1D-396			Streptococcus dysgalactiae	cefoxitin	=	1		Table_2.XLSX
35756053	Sheet1	1D-396			Streptococcus dysgalactiae	tigecycline	=	4		Table_2.XLSX
35756053	Sheet1	1D-396			Streptococcus dysgalactiae	ticarcillin/clavulanic acid	=	0.03		Table_2.XLSX
35756053	Sheet1	1D-397			Streptococcus dysgalactiae	amikacin	<=	1		Table_2.XLSX
35756053	Sheet1	1D-397			Streptococcus dysgalactiae	cefepime	<=	1		Table_2.XLSX
35756053	Sheet1	1D-397			Streptococcus dysgalactiae	cefuroxime	<=	2/1		Table_2.XLSX
35756053	Sheet1	1D-397			Streptococcus dysgalactiae	cefoxitin	=	2		Table_2.XLSX
35756053	Sheet1	1D-397			Streptococcus dysgalactiae	ceftazidime	=	0.12		Table_2.XLSX
35756053	Sheet1	1D-397			Streptococcus dysgalactiae	tigecycline	=	4		Table_2.XLSX
35756053	Sheet1	1D-397			Streptococcus dysgalactiae	ticarcillin/clavulanic acid	=	0.03		Table_2.XLSX
35756053	Sheet1	1D-398			Streptococcus dysgalactiae	cefepime	=	4		Table_2.XLSX
35756053	Sheet1	1D-398			Streptococcus dysgalactiae	cefoxitin	=	1		Table_2.XLSX
35756053	Sheet1	1D-398			Streptococcus dysgalactiae	ceftazidime	=	0.12		Table_2.XLSX
35756053	Sheet1	1D-398			Streptococcus dysgalactiae	tigecycline	=	4		Table_2.XLSX
35756053	Sheet1	1D-398			Streptococcus dysgalactiae	ticarcillin/clavulanic acid	=	0.06		Table_2.XLSX
35756053	Sheet1	1D-400			Streptococcus dysgalactiae	cefoxitin	=	1		Table_2.XLSX
35756053	Sheet1	1D-400			Streptococcus dysgalactiae	tigecycline	=	4		Table_2.XLSX
35756053	Sheet1	1D-400			Streptococcus dysgalactiae	ticarcillin/clavulanic acid	=	0.03		Table_2.XLSX
35756053	Sheet1	1D-401			Streptococcus dysgalactiae	cefoxitin	=	1		Table_2.XLSX
35756053	Sheet1	1D-401			Streptococcus dysgalactiae	ceftazidime	=	0.12		Table_2.XLSX
35756053	Sheet1	1D-401			Streptococcus dysgalactiae	tigecycline	=	4		Table_2.XLSX
35756053	Sheet1	1D-401			Streptococcus dysgalactiae	ticarcillin/clavulanic acid	=	0.03		Table_2.XLSX
35756053	Sheet1	1D-402			Streptococcus dysgalactiae	amikacin	<=	1		Table_2.XLSX
35756053	Sheet1	1D-402			Streptococcus dysgalactiae	ampicillin/sulbactam	=	1		Table_2.XLSX
35756053	Sheet1	1D-402			Streptococcus dysgalactiae	cefepime	<=	1		Table_2.XLSX
35756053	Sheet1	1D-402			Streptococcus dysgalactiae	cefuroxime	<=	2/1		Table_2.XLSX
35756053	Sheet1	1D-402			Streptococcus dysgalactiae	cefoxitin	=	1		Table_2.XLSX
35756053	Sheet1	1D-402			Streptococcus dysgalactiae	tigecycline	=	2		Table_2.XLSX
35756053	Sheet1	1D-403			Streptococcus dysgalactiae	ampicillin/sulbactam	=	1		Table_2.XLSX
35756053	Sheet1	1D-403			Streptococcus dysgalactiae	cefoxitin	=	1		Table_2.XLSX
35756053	Sheet1	1D-403			Streptococcus dysgalactiae	ceftazidime	=	0.12		Table_2.XLSX
35756053	Sheet1	1D-403			Streptococcus dysgalactiae	tigecycline	=	4		Table_2.XLSX
35756053	Sheet1	1D-403			Streptococcus dysgalactiae	ticarcillin/clavulanic acid	=	0.03		Table_2.XLSX
35756053	Sheet1	1D-404			Streptococcus dysgalactiae	cefoxitin	=	1		Table_2.XLSX
35756053	Sheet1	1D-404			Streptococcus dysgalactiae	ceftazidime	=	0.12		Table_2.XLSX
35756053	Sheet1	1D-404			Streptococcus dysgalactiae	tigecycline	=	4		Table_2.XLSX
35756053	Sheet1	1D-405			Streptococcus dysgalactiae	amikacin	<=	1		Table_2.XLSX
35756053	Sheet1	1D-405			Streptococcus dysgalactiae	cefepime	<=	1		Table_2.XLSX
35756053	Sheet1	1D-405			Streptococcus dysgalactiae	cefuroxime	<=	2/1		Table_2.XLSX
35756053	Sheet1	1D-405			Streptococcus dysgalactiae	cefoxitin	=	1		Table_2.XLSX
35756053	Sheet1	1D-405			Streptococcus dysgalactiae	tigecycline	=	4		Table_2.XLSX
35756053	Sheet1	1D-405			Streptococcus dysgalactiae	ticarcillin/clavulanic acid	=	0.03		Table_2.XLSX
35756053	Sheet1	1D-406			Streptococcus dysgalactiae	ampicillin/sulbactam	=	1		Table_2.XLSX
35756053	Sheet1	1D-406			Streptococcus dysgalactiae	cefepime	=	4		Table_2.XLSX
35756053	Sheet1	1D-406			Streptococcus dysgalactiae	cefoxitin	=	1		Table_2.XLSX
35756053	Sheet1	1D-406			Streptococcus dysgalactiae	tigecycline	=	4		Table_2.XLSX
35756053	Sheet1	1D-406			Streptococcus dysgalactiae	ticarcillin/clavulanic acid	=	0.06		Table_2.XLSX
35756053	Sheet1	1D-415			Streptococcus pyogenes	amikacin	<=	1		Table_2.XLSX
35756053	Sheet1	1D-415			Streptococcus pyogenes	cefepime	<=	1		Table_2.XLSX
35756053	Sheet1	1D-415			Streptococcus pyogenes	cefuroxime	<=	2/1		Table_2.XLSX
35756053	Sheet1	1D-415			Streptococcus pyogenes	cefoxitin	=	1		Table_2.XLSX
35756053	Sheet1	1D-415			Streptococcus pyogenes	tigecycline	=	4		Table_2.XLSX
35756053	Sheet1	1D-416			Streptococcus pyogenes	ampicillin/sulbactam	=	1		Table_2.XLSX
35756053	Sheet1	1D-416			Streptococcus pyogenes	cefoxitin	=	0.5		Table_2.XLSX
35756053	Sheet1	1D-416			Streptococcus pyogenes	tigecycline	=	2		Table_2.XLSX
35756053	Sheet1	1D-417			Streptococcus pyogenes	ampicillin/sulbactam	=	1		Table_2.XLSX
35756053	Sheet1	1D-417			Streptococcus pyogenes	cefoxitin	=	1		Table_2.XLSX
35756053	Sheet1	1D-417			Streptococcus pyogenes	cefpodoxime	=	0.25		Table_2.XLSX
35756053	Sheet1	1D-417			Streptococcus pyogenes	tigecycline	=	8		Table_2.XLSX
35756053	Sheet1	1D-417			Streptococcus pyogenes	ticarcillin/clavulanic acid	=	0.03		Table_2.XLSX
35756053	Sheet1	1D-418			Streptococcus pyogenes	cefoxitin	=	1		Table_2.XLSX
35756053	Sheet1	1D-418			Streptococcus pyogenes	tigecycline	=	4		Table_2.XLSX
35756053	Sheet1	1D-418			Streptococcus pyogenes	ticarcillin/clavulanic acid	=	0.03		Table_2.XLSX
35756053	Sheet1	1D-420			Streptococcus pyogenes	ampicillin/sulbactam	=	1		Table_2.XLSX
35756053	Sheet1	1D-420			Streptococcus pyogenes	meropenem	=	1		Table_2.XLSX
35756053	Sheet1	1D-420			Streptococcus pyogenes	cefoxitin	=	1		Table_2.XLSX
35756053	Sheet1	1D-420			Streptococcus pyogenes	tigecycline	=	16		Table_2.XLSX
35756053	Sheet1	1D-420			Streptococcus pyogenes	ticarcillin/clavulanic acid	=	0.03		Table_2.XLSX
35756053	Sheet1	1D-421			Streptococcus pyogenes	ampicillin/sulbactam	=	1		Table_2.XLSX
35756053	Sheet1	1D-421			Streptococcus pyogenes	cefepime	<=	1		Table_2.XLSX
35756053	Sheet1	1D-421			Streptococcus pyogenes	cefoxitin	=	1		Table_2.XLSX
35756053	Sheet1	1D-421			Streptococcus pyogenes	tigecycline	=	4		Table_2.XLSX
35756053	Sheet1	1D-421			Streptococcus pyogenes	ticarcillin/clavulanic acid	=	0.03		Table_2.XLSX
35756053	Sheet1	1D-422			Streptococcus pyogenes	ampicillin/sulbactam	=	1		Table_2.XLSX
35756053	Sheet1	1D-422			Streptococcus pyogenes	cefepime	>	8		Table_2.XLSX
35756053	Sheet1	1D-422			Streptococcus pyogenes	cefoxitin	=	2		Table_2.XLSX
35756053	Sheet1	1D-422			Streptococcus pyogenes	ceftazidime	=	0.12		Table_2.XLSX
35756053	Sheet1	1D-422			Streptococcus pyogenes	tigecycline	=	4		Table_2.XLSX
35756053	Sheet1	1D-423_B			Streptococcus pyogenes	amikacin	<=	1		Table_2.XLSX
35756053	Sheet1	1D-423_B			Streptococcus pyogenes	ampicillin/sulbactam	=	1		Table_2.XLSX
35756053	Sheet1	1D-423_B			Streptococcus pyogenes	cefepime	<=	1		Table_2.XLSX
35756053	Sheet1	1D-423_B			Streptococcus pyogenes	cefuroxime	<=	2/1		Table_2.XLSX
35756053	Sheet1	1D-423_B			Streptococcus pyogenes	cefoxitin	=	1		Table_2.XLSX
35756053	Sheet1	1D-423_B			Streptococcus pyogenes	tigecycline	=	2		Table_2.XLSX
35756053	Sheet1	1D-423_B			Streptococcus pyogenes	ticarcillin/clavulanic acid	=	0.03		Table_2.XLSX
35756053	Sheet1	1D-426			Streptococcus pyogenes	amikacin	<=	1		Table_2.XLSX
35756053	Sheet1	1D-426			Streptococcus pyogenes	cefepime	<=	1		Table_2.XLSX
35756053	Sheet1	1D-426			Streptococcus pyogenes	cefuroxime	<=	2/1		Table_2.XLSX
35756053	Sheet1	1D-426			Streptococcus pyogenes	cefoxitin	=	1		Table_2.XLSX
35756053	Sheet1	1D-426			Streptococcus pyogenes	tigecycline	=	4		Table_2.XLSX
35756053	Sheet1	1D-426			Streptococcus pyogenes	ticarcillin/clavulanic acid	=	0.03		Table_2.XLSX
35756053	Sheet1	1D-408			Streptococcus pneumoniae	ampicillin/sulbactam	=	1		Table_2.XLSX
35756053	Sheet1	1D-408			Streptococcus pneumoniae	cefazolin	=	1		Table_2.XLSX
35756053	Sheet1	1D-408			Streptococcus pneumoniae	meropenem	=	1		Table_2.XLSX
35756053	Sheet1	1D-408			Streptococcus pneumoniae	cefoxitin	=	1		Table_2.XLSX
35756053	Sheet1	1D-408			Streptococcus pneumoniae	cefpodoxime	=	0.5		Table_2.XLSX
35756053	Sheet1	1D-408			Streptococcus pneumoniae	tigecycline	=	8		Table_2.XLSX
35756053	Sheet1	1D-409			Streptococcus pneumoniae	ampicillin	=	0.06		Table_2.XLSX
35756053	Sheet1	1D-409			Streptococcus pneumoniae	ampicillin/sulbactam	=	2		Table_2.XLSX
35756053	Sheet1	1D-409			Streptococcus pneumoniae	cefazolin	=	1		Table_2.XLSX
35756053	Sheet1	1D-409			Streptococcus pneumoniae	cefepime	>	8		Table_2.XLSX
35756053	Sheet1	1D-409			Streptococcus pneumoniae	meropenem	=	2		Table_2.XLSX
35756053	Sheet1	1D-409			Streptococcus pneumoniae	cefoxitin	=	0.5		Table_2.XLSX
35756053	Sheet1	1D-409			Streptococcus pneumoniae	ceftazidime	=	0.5		Table_2.XLSX
35756053	Sheet1	1D-409			Streptococcus pneumoniae	tigecycline	=	2		Table_2.XLSX
35756053	Sheet1	1D-410			Streptococcus pneumoniae	ampicillin/sulbactam	=	1		Table_2.XLSX
35756053	Sheet1	1D-410			Streptococcus pneumoniae	cefoxitin	=	1		Table_2.XLSX
35756053	Sheet1	1D-410			Streptococcus pneumoniae	ceftazidime	=	0.12		Table_2.XLSX
35756053	Sheet1	1D-410			Streptococcus pneumoniae	tigecycline	=	2		Table_2.XLSX
35756053	Sheet1	1D-411			Streptococcus pneumoniae	amikacin	<=	1		Table_2.XLSX
35756053	Sheet1	1D-411			Streptococcus pneumoniae	ampicillin	=	0.06		Table_2.XLSX
35756053	Sheet1	1D-411			Streptococcus pneumoniae	cefepime	<=	1		Table_2.XLSX
35756053	Sheet1	1D-411			Streptococcus pneumoniae	cefuroxime	<=	2/1		Table_2.XLSX
35756053	Sheet1	1D-411			Streptococcus pneumoniae	cefoxitin	=	0.5		Table_2.XLSX
35756053	Sheet1	1D-411			Streptococcus pneumoniae	ceftazidime	=	0.12		Table_2.XLSX
35756053	Sheet1	1D-411			Streptococcus pneumoniae	tigecycline	=	2		Table_2.XLSX
35756053	Sheet1	1D-412			Streptococcus pneumoniae	ampicillin	=	0.25		Table_2.XLSX
35756053	Sheet1	1D-412			Streptococcus pneumoniae	ampicillin/sulbactam	=	1		Table_2.XLSX
35756053	Sheet1	1D-412			Streptococcus pneumoniae	cefazolin	=	0.5		Table_2.XLSX
35756053	Sheet1	1D-412			Streptococcus pneumoniae	gentamicin	=	2/38		Table_2.XLSX
35756053	Sheet1	1D-412			Streptococcus pneumoniae	cefoxitin	=	2		Table_2.XLSX
35756053	Sheet1	1D-412			Streptococcus pneumoniae	ceftazidime	=	0.12		Table_2.XLSX
35756053	Sheet1	1D-412			Streptococcus pneumoniae	tigecycline	=	4		Table_2.XLSX
35756053	Sheet1	1D-413			Streptococcus pneumoniae	ampicillin/sulbactam	=	1		Table_2.XLSX
35756053	Sheet1	1D-413			Streptococcus pneumoniae	meropenem	=	0.5		Table_2.XLSX
35756053	Sheet1	1D-413			Streptococcus pneumoniae	cefoxitin	=	1		Table_2.XLSX
35756053	Sheet1	1D-413			Streptococcus pneumoniae	ceftazidime	=	0.12		Table_2.XLSX
35756053	Sheet1	1D-413			Streptococcus pneumoniae	tigecycline	=	2		Table_2.XLSX
35756053	Sheet1	1D-414			Streptococcus pneumoniae	ampicillin/sulbactam	=	1		Table_2.XLSX
35756053	Sheet1	1D-414			Streptococcus pneumoniae	cefoxitin	=	0.5		Table_2.XLSX
35756053	Sheet1	1D-414			Streptococcus pneumoniae	ceftazidime	=	0.12		Table_2.XLSX
35756053	Sheet1	1D-414			Streptococcus pneumoniae	tigecycline	<=	1		Table_2.XLSX
35756053	Sheet1	1D-427			Streptococcus gordonii	amikacin	<=	1		Table_2.XLSX
35756053	Sheet1	1D-427			Streptococcus gordonii	cefepime	<=	1		Table_2.XLSX
35756053	Sheet1	1D-427			Streptococcus gordonii	gentamicin	=	2/38		Table_2.XLSX
35756053	Sheet1	1D-427			Streptococcus gordonii	cefoxitin	=	1		Table_2.XLSX
35756053	Sheet1	1D-427			Streptococcus gordonii	trimethoprim	=	1		Table_2.XLSX
35756053	Sheet1	1D-427			Streptococcus gordonii	ceftazidime	=	1		Table_2.XLSX
35756053	Sheet1	1D-427			Streptococcus gordonii	tigecycline	=	2		Table_2.XLSX
35756053	Sheet1	1D-428			Streptococcus mitis	ampicillin/sulbactam	=	1		Table_2.XLSX
35756053	Sheet1	1D-428			Streptococcus mitis	cefazolin	>	2		Table_2.XLSX
35756053	Sheet1	1D-428			Streptococcus mitis	meropenem	>	2		Table_2.XLSX
35756053	Sheet1	1D-428			Streptococcus mitis	cefoxitin	=	1		Table_2.XLSX
35756053	Sheet1	1D-428			Streptococcus mitis	ceftazidime	=	0.5		Table_2.XLSX
35756053	Sheet1	1D-428			Streptococcus mitis	tigecycline	=	2		Table_2.XLSX
35756053	Sheet1	1D-407			Streptococcus oralis	ampicillin	=	0.25		Table_2.XLSX
35756053	Sheet1	1D-407			Streptococcus oralis	ampicillin/sulbactam	=	2		Table_2.XLSX
35756053	Sheet1	1D-407			Streptococcus oralis	cefazolin	=	1		Table_2.XLSX
35756053	Sheet1	1D-407			Streptococcus oralis	meropenem	=	2		Table_2.XLSX
35756053	Sheet1	1D-407			Streptococcus oralis	cefoxitin	=	1		Table_2.XLSX
35756053	Sheet1	1D-407			Streptococcus oralis	trimethoprim	=	1		Table_2.XLSX
35756053	Sheet1	1D-407			Streptococcus oralis	ceftazidime	=	1		Table_2.XLSX
35756053	Sheet1	1D-407			Streptococcus oralis	tigecycline	=	4		Table_2.XLSX
35756053	Sheet1	1D-407			Streptococcus oralis	ticarcillin/clavulanic acid	=	0.03		Table_2.XLSX
35756053	Sheet1	1D-394			Streptococcus sp	ampicillin	=	0.06		Table_2.XLSX
35756053	Sheet1	1D-394			Streptococcus sp	piperacillin/tazobactam	=	0.5		Table_2.XLSX
35756053	Sheet1	1D-394			Streptococcus sp	cefoxitin	=	0.5		Table_2.XLSX
35756053	Sheet1	1D-394			Streptococcus sp	trimethoprim	=	1		Table_2.XLSX
35756053	Sheet1	1D-394			Streptococcus sp	sulfamethoxazole	=	0.25		Table_2.XLSX
35756053	Sheet1	1D-394			Streptococcus sp	cefpodoxime	=	0.5		Table_2.XLSX
35756053	Sheet1	1D-394			Streptococcus sp	ceftazidime	=	0.5		Table_2.XLSX
35756053	Sheet1	1D-394			Streptococcus sp	tigecycline	=	2		Table_2.XLSX
35756053	Sheet1	1D-016			Enterococcus faecalis	amikacin	=	8		Table_2.XLSX
35756053	Sheet1	1D-016			Enterococcus faecalis	ampicillin	=	2		Table_2.XLSX
35756053	Sheet1	1D-016			Enterococcus faecalis	ampicillin/sulbactam	>	2		Table_2.XLSX
35756053	Sheet1	1D-016			Enterococcus faecalis	aztreonam	=	4		Table_2.XLSX
35756053	Sheet1	1D-016			Enterococcus faecalis	cefazolin	>	4		Table_2.XLSX
35756053	Sheet1	1D-016			Enterococcus faecalis	cefepime	=	16		Table_2.XLSX
35756053	Sheet1	1D-016			Enterococcus faecalis	cephalothin	=	1		Table_2.XLSX
35756053	Sheet1	1D-016			Enterococcus faecalis	meropenem	=	2		Table_2.XLSX
35756053	Sheet1	1D-016			Enterococcus faecalis	ertapenem	=	4		Table_2.XLSX
35756053	Sheet1	1D-016			Enterococcus faecalis	cefuroxime	>	4		Table_2.XLSX
35756053	Sheet1	1D-016			Enterococcus faecalis	gentamicin	=	1		Table_2.XLSX
35756053	Sheet1	1D-016			Enterococcus faecalis	cefoxitin	=	2		Table_2.XLSX
35756053	Sheet1	1D-016			Enterococcus faecalis	trimethoprim	=	2		Table_2.XLSX
35756053	Sheet1	1D-016			Enterococcus faecalis	sulfamethoxazole	>	4		Table_2.XLSX
35756053	Sheet1	1D-016			Enterococcus faecalis	tobramycin	=	0.25		Table_2.XLSX
35756053	Sheet1	1D-016			Enterococcus faecalis	ceftriaxone	=	0.5		Table_2.XLSX
35756053	Sheet1	1D-399			Enterococcus faecalis	amikacin	=	8		Table_2.XLSX
35756053	Sheet1	1D-399			Enterococcus faecalis	ampicillin	=	1		Table_2.XLSX
35756053	Sheet1	1D-399			Enterococcus faecalis	ampicillin/sulbactam	>	2		Table_2.XLSX
35756053	Sheet1	1D-399			Enterococcus faecalis	aztreonam	=	1		Table_2.XLSX
35756053	Sheet1	1D-399			Enterococcus faecalis	cefazolin	>	4		Table_2.XLSX
35756053	Sheet1	1D-399			Enterococcus faecalis	cefepime	>	16		Table_2.XLSX
35756053	Sheet1	1D-399			Enterococcus faecalis	cephalothin	=	1		Table_2.XLSX
35756053	Sheet1	1D-399			Enterococcus faecalis	meropenem	=	2		Table_2.XLSX
35756053	Sheet1	1D-399			Enterococcus faecalis	ertapenem	=	4		Table_2.XLSX
35756053	Sheet1	1D-399			Enterococcus faecalis	cefuroxime	=	2		Table_2.XLSX
35756053	Sheet1	1D-399			Enterococcus faecalis	gentamicin	=	1		Table_2.XLSX
35756053	Sheet1	1D-399			Enterococcus faecalis	cefoxitin	=	1		Table_2.XLSX
35756053	Sheet1	1D-399			Enterococcus faecalis	sulfamethoxazole	>	4		Table_2.XLSX
35756053	Sheet1	1D-399			Enterococcus faecalis	tobramycin	=	0.25		Table_2.XLSX
35756053	Sheet1	1D-429			Enterococcus faecalis	amikacin	=	8		Table_2.XLSX
35756053	Sheet1	1D-429			Enterococcus faecalis	ampicillin	>	4		Table_2.XLSX
35756053	Sheet1	1D-429			Enterococcus faecalis	ampicillin/sulbactam	>	2		Table_2.XLSX
35756053	Sheet1	1D-429			Enterococcus faecalis	aztreonam	=	1		Table_2.XLSX
35756053	Sheet1	1D-429			Enterococcus faecalis	cefazolin	>	4		Table_2.XLSX
35756053	Sheet1	1D-429			Enterococcus faecalis	cefepime	=	8		Table_2.XLSX
35756053	Sheet1	1D-429			Enterococcus faecalis	cephalothin	=	1		Table_2.XLSX
35756053	Sheet1	1D-429			Enterococcus faecalis	meropenem	=	2		Table_2.XLSX
35756053	Sheet1	1D-429			Enterococcus faecalis	ertapenem	=	4		Table_2.XLSX
35756053	Sheet1	1D-429			Enterococcus faecalis	cefuroxime	=	4		Table_2.XLSX
35756053	Sheet1	1D-429			Enterococcus faecalis	gentamicin	=	1		Table_2.XLSX
35756053	Sheet1	1D-429			Enterococcus faecalis	cefoxitin	=	2		Table_2.XLSX
35756053	Sheet1	1D-429			Enterococcus faecalis	trimethoprim	=	2		Table_2.XLSX
35756053	Sheet1	1D-429			Enterococcus faecalis	sulfamethoxazole	>	4		Table_2.XLSX
35756053	Sheet1	1D-429			Enterococcus faecalis	tobramycin	=	0.12		Table_2.XLSX
35756053	Sheet1	1D-429			Enterococcus faecalis	ticarcillin/clavulanic acid	>	16		Table_2.XLSX
35756053	Sheet1	1D-429			Enterococcus faecalis	ceftriaxone	=	0.5		Table_2.XLSX
35756053	Sheet1	1D-430			Enterococcus faecalis	amikacin	=	8		Table_2.XLSX
35756053	Sheet1	1D-430			Enterococcus faecalis	ampicillin	=	2		Table_2.XLSX
35756053	Sheet1	1D-430			Enterococcus faecalis	ampicillin/sulbactam	>	2		Table_2.XLSX
35756053	Sheet1	1D-430			Enterococcus faecalis	aztreonam	>	4		Table_2.XLSX
35756053	Sheet1	1D-430			Enterococcus faecalis	cefazolin	>	4		Table_2.XLSX
35756053	Sheet1	1D-430			Enterococcus faecalis	cefepime	=	16		Table_2.XLSX
35756053	Sheet1	1D-430			Enterococcus faecalis	cephalothin	=	1		Table_2.XLSX
35756053	Sheet1	1D-430			Enterococcus faecalis	meropenem	=	2		Table_2.XLSX
35756053	Sheet1	1D-430			Enterococcus faecalis	ertapenem	=	4		Table_2.XLSX
35756053	Sheet1	1D-430			Enterococcus faecalis	cefuroxime	=	2		Table_2.XLSX
35756053	Sheet1	1D-430			Enterococcus faecalis	gentamicin	=	1		Table_2.XLSX
35756053	Sheet1	1D-430			Enterococcus faecalis	cefoxitin	=	2		Table_2.XLSX
35756053	Sheet1	1D-430			Enterococcus faecalis	trimethoprim	=	2		Table_2.XLSX
35756053	Sheet1	1D-430			Enterococcus faecalis	sulfamethoxazole	>	4		Table_2.XLSX
35756053	Sheet1	1D-430			Enterococcus faecalis	tobramycin	=	0.25		Table_2.XLSX
35756053	Sheet1	1D-430			Enterococcus faecalis	ceftriaxone	=	0.5		Table_2.XLSX
35756053	Sheet1	1D-431			Enterococcus faecalis	amikacin	=	8		Table_2.XLSX
35756053	Sheet1	1D-431			Enterococcus faecalis	ampicillin	=	2		Table_2.XLSX
35756053	Sheet1	1D-431			Enterococcus faecalis	ampicillin/sulbactam	>	2		Table_2.XLSX
35756053	Sheet1	1D-431			Enterococcus faecalis	aztreonam	=	2		Table_2.XLSX
35756053	Sheet1	1D-431			Enterococcus faecalis	cefazolin	>	4		Table_2.XLSX
35756053	Sheet1	1D-431			Enterococcus faecalis	cefepime	=	16		Table_2.XLSX
35756053	Sheet1	1D-431			Enterococcus faecalis	cephalothin	=	1		Table_2.XLSX
35756053	Sheet1	1D-431			Enterococcus faecalis	meropenem	=	2		Table_2.XLSX
35756053	Sheet1	1D-431			Enterococcus faecalis	ertapenem	=	4		Table_2.XLSX
35756053	Sheet1	1D-431			Enterococcus faecalis	cefuroxime	>	4		Table_2.XLSX
35756053	Sheet1	1D-431			Enterococcus faecalis	gentamicin	=	1		Table_2.XLSX
35756053	Sheet1	1D-431			Enterococcus faecalis	cefoxitin	=	2		Table_2.XLSX
35756053	Sheet1	1D-431			Enterococcus faecalis	trimethoprim	>	2		Table_2.XLSX
35756053	Sheet1	1D-431			Enterococcus faecalis	sulfamethoxazole	>	4		Table_2.XLSX
35756053	Sheet1	1D-431			Enterococcus faecalis	tobramycin	=	0.06		Table_2.XLSX
35756053	Sheet1	1D-431			Enterococcus faecalis	ceftriaxone	=	0.5		Table_2.XLSX
35756053	Sheet1	1D-432			Enterococcus faecalis	amikacin	=	8		Table_2.XLSX
35756053	Sheet1	1D-432			Enterococcus faecalis	ampicillin	=	1		Table_2.XLSX
35756053	Sheet1	1D-432			Enterococcus faecalis	ampicillin/sulbactam	>	2		Table_2.XLSX
35756053	Sheet1	1D-432			Enterococcus faecalis	aztreonam	=	1		Table_2.XLSX
35756053	Sheet1	1D-432			Enterococcus faecalis	cefazolin	>	4		Table_2.XLSX
35756053	Sheet1	1D-432			Enterococcus faecalis	cefepime	=	16		Table_2.XLSX
35756053	Sheet1	1D-432			Enterococcus faecalis	cephalothin	=	1		Table_2.XLSX
35756053	Sheet1	1D-432			Enterococcus faecalis	meropenem	=	2		Table_2.XLSX
35756053	Sheet1	1D-432			Enterococcus faecalis	ertapenem	=	4		Table_2.XLSX
35756053	Sheet1	1D-432			Enterococcus faecalis	cefuroxime	=	2		Table_2.XLSX
35756053	Sheet1	1D-432			Enterococcus faecalis	gentamicin	=	2		Table_2.XLSX
35756053	Sheet1	1D-432			Enterococcus faecalis	cefoxitin	=	1		Table_2.XLSX
35756053	Sheet1	1D-432			Enterococcus faecalis	tobramycin	=	0.12		Table_2.XLSX
35756053	Sheet1	1D-432			Enterococcus faecalis	ticarcillin/clavulanic acid	>	16		Table_2.XLSX
35756053	Sheet1	1D-433			Enterococcus faecalis	amikacin	=	8		Table_2.XLSX
35756053	Sheet1	1D-433			Enterococcus faecalis	ampicillin	=	2		Table_2.XLSX
35756053	Sheet1	1D-433			Enterococcus faecalis	ampicillin/sulbactam	>	2		Table_2.XLSX
35756053	Sheet1	1D-433			Enterococcus faecalis	aztreonam	=	1		Table_2.XLSX
35756053	Sheet1	1D-433			Enterococcus faecalis	cefazolin	>	4		Table_2.XLSX
35756053	Sheet1	1D-433			Enterococcus faecalis	cefepime	=	8		Table_2.XLSX
35756053	Sheet1	1D-433			Enterococcus faecalis	cephalothin	=	1		Table_2.XLSX
35756053	Sheet1	1D-433			Enterococcus faecalis	meropenem	=	2		Table_2.XLSX
35756053	Sheet1	1D-433			Enterococcus faecalis	ertapenem	=	4		Table_2.XLSX
35756053	Sheet1	1D-433			Enterococcus faecalis	cefuroxime	=	2		Table_2.XLSX
35756053	Sheet1	1D-433			Enterococcus faecalis	gentamicin	=	2		Table_2.XLSX
35756053	Sheet1	1D-433			Enterococcus faecalis	cefoxitin	=	1		Table_2.XLSX
35756053	Sheet1	1D-433			Enterococcus faecalis	trimethoprim	=	2		Table_2.XLSX
35756053	Sheet1	1D-433			Enterococcus faecalis	sulfamethoxazole	>	4		Table_2.XLSX
35756053	Sheet1	1D-433			Enterococcus faecalis	tobramycin	=	0.25		Table_2.XLSX
35756053	Sheet1	1D-433			Enterococcus faecalis	ticarcillin/clavulanic acid	>	16		Table_2.XLSX
35756053	Sheet1	1D-434			Enterococcus faecalis	amikacin	=	8		Table_2.XLSX
35756053	Sheet1	1D-434			Enterococcus faecalis	ampicillin	>	4		Table_2.XLSX
35756053	Sheet1	1D-434			Enterococcus faecalis	ampicillin/sulbactam	>	2		Table_2.XLSX
35756053	Sheet1	1D-434			Enterococcus faecalis	aztreonam	=	1		Table_2.XLSX
35756053	Sheet1	1D-434			Enterococcus faecalis	cefazolin	>	4		Table_2.XLSX
35756053	Sheet1	1D-434			Enterococcus faecalis	cefepime	=	8		Table_2.XLSX
35756053	Sheet1	1D-434			Enterococcus faecalis	cephalothin	=	1		Table_2.XLSX
35756053	Sheet1	1D-434			Enterococcus faecalis	meropenem	=	2		Table_2.XLSX
35756053	Sheet1	1D-434			Enterococcus faecalis	ertapenem	=	4		Table_2.XLSX
35756053	Sheet1	1D-434			Enterococcus faecalis	cefuroxime	=	4		Table_2.XLSX
35756053	Sheet1	1D-434			Enterococcus faecalis	gentamicin	=	2		Table_2.XLSX
35756053	Sheet1	1D-434			Enterococcus faecalis	cefoxitin	=	1		Table_2.XLSX
35756053	Sheet1	1D-434			Enterococcus faecalis	sulfamethoxazole	>	4		Table_2.XLSX
35756053	Sheet1	1D-434			Enterococcus faecalis	tobramycin	=	0.06		Table_2.XLSX
35756053	Sheet1	1D-435			Enterococcus faecalis	amikacin	=	8		Table_2.XLSX
35756053	Sheet1	1D-435			Enterococcus faecalis	ampicillin	=	2		Table_2.XLSX
35756053	Sheet1	1D-435			Enterococcus faecalis	ampicillin/sulbactam	>	2		Table_2.XLSX
35756053	Sheet1	1D-435			Enterococcus faecalis	aztreonam	=	1		Table_2.XLSX
35756053	Sheet1	1D-435			Enterococcus faecalis	cefazolin	>	4		Table_2.XLSX
35756053	Sheet1	1D-435			Enterococcus faecalis	cefepime	=	8		Table_2.XLSX
35756053	Sheet1	1D-435			Enterococcus faecalis	cephalothin	=	1		Table_2.XLSX
35756053	Sheet1	1D-435			Enterococcus faecalis	meropenem	=	2		Table_2.XLSX
35756053	Sheet1	1D-435			Enterococcus faecalis	ertapenem	=	4		Table_2.XLSX
35756053	Sheet1	1D-435			Enterococcus faecalis	cefuroxime	=	2		Table_2.XLSX
35756053	Sheet1	1D-435			Enterococcus faecalis	gentamicin	=	2		Table_2.XLSX
35756053	Sheet1	1D-435			Enterococcus faecalis	cefoxitin	=	2		Table_2.XLSX
35756053	Sheet1	1D-435			Enterococcus faecalis	trimethoprim	=	2		Table_2.XLSX
35756053	Sheet1	1D-435			Enterococcus faecalis	sulfamethoxazole	>	4		Table_2.XLSX
35756053	Sheet1	1D-435			Enterococcus faecalis	tobramycin	=	0.06		Table_2.XLSX
35756053	Sheet1	1D-435			Enterococcus faecalis	ticarcillin/clavulanic acid	>	16		Table_2.XLSX
35756053	Sheet1	1D-435			Enterococcus faecalis	ceftriaxone	=	0.5		Table_2.XLSX
35756053	Sheet1	1D-436			Enterococcus faecalis	amikacin	=	8		Table_2.XLSX
35756053	Sheet1	1D-436			Enterococcus faecalis	ampicillin	>	4		Table_2.XLSX
35756053	Sheet1	1D-436			Enterococcus faecalis	ampicillin/sulbactam	>	2		Table_2.XLSX
35756053	Sheet1	1D-436			Enterococcus faecalis	aztreonam	=	1		Table_2.XLSX
35756053	Sheet1	1D-436			Enterococcus faecalis	cefazolin	>	4		Table_2.XLSX
35756053	Sheet1	1D-436			Enterococcus faecalis	cefepime	>	16		Table_2.XLSX
35756053	Sheet1	1D-436			Enterococcus faecalis	cephalothin	=	1		Table_2.XLSX
35756053	Sheet1	1D-436			Enterococcus faecalis	meropenem	=	2		Table_2.XLSX
35756053	Sheet1	1D-436			Enterococcus faecalis	ertapenem	=	4		Table_2.XLSX
35756053	Sheet1	1D-436			Enterococcus faecalis	cefuroxime	=	1		Table_2.XLSX
35756053	Sheet1	1D-436			Enterococcus faecalis	gentamicin	=	2		Table_2.XLSX
35756053	Sheet1	1D-436			Enterococcus faecalis	ciprofloxacin	>	4/76		Table_2.XLSX
35756053	Sheet1	1D-436			Enterococcus faecalis	cefoxitin	>	4		Table_2.XLSX
35756053	Sheet1	1D-436			Enterococcus faecalis	trimethoprim	>	2		Table_2.XLSX
35756053	Sheet1	1D-436			Enterococcus faecalis	sulfamethoxazole	>	4		Table_2.XLSX
35756053	Sheet1	1D-436			Enterococcus faecalis	tobramycin	=	0.12		Table_2.XLSX
35756053	Sheet1	1D-436			Enterococcus faecalis	ticarcillin/clavulanic acid	>	16		Table_2.XLSX
35756053	Sheet1	1D-436			Enterococcus faecalis	ceftriaxone	>	4		Table_2.XLSX
35756053	Sheet1	1D-437			Enterococcus faecalis	amikacin	=	8		Table_2.XLSX
35756053	Sheet1	1D-437			Enterococcus faecalis	ampicillin	=	1		Table_2.XLSX
35756053	Sheet1	1D-437			Enterococcus faecalis	ampicillin/sulbactam	>	2		Table_2.XLSX
35756053	Sheet1	1D-437			Enterococcus faecalis	aztreonam	=	1		Table_2.XLSX
35756053	Sheet1	1D-437			Enterococcus faecalis	cefazolin	>	4		Table_2.XLSX
35756053	Sheet1	1D-437			Enterococcus faecalis	cefepime	=	8		Table_2.XLSX
35756053	Sheet1	1D-437			Enterococcus faecalis	cephalothin	=	1		Table_2.XLSX
35756053	Sheet1	1D-437			Enterococcus faecalis	meropenem	=	2		Table_2.XLSX
35756053	Sheet1	1D-437			Enterococcus faecalis	ertapenem	=	4		Table_2.XLSX
35756053	Sheet1	1D-437			Enterococcus faecalis	cefuroxime	=	1		Table_2.XLSX
35756053	Sheet1	1D-437			Enterococcus faecalis	gentamicin	=	2		Table_2.XLSX
35756053	Sheet1	1D-437			Enterococcus faecalis	cefoxitin	=	1		Table_2.XLSX
35756053	Sheet1	1D-437			Enterococcus faecalis	sulfamethoxazole	>	4		Table_2.XLSX
35756053	Sheet1	1D-437			Enterococcus faecalis	tobramycin	=	0.12		Table_2.XLSX
35756053	Sheet1	1D-438			Enterococcus faecalis	amikacin	=	8		Table_2.XLSX
35756053	Sheet1	1D-438			Enterococcus faecalis	ampicillin	=	2		Table_2.XLSX
35756053	Sheet1	1D-438			Enterococcus faecalis	ampicillin/sulbactam	>	2		Table_2.XLSX
35756053	Sheet1	1D-438			Enterococcus faecalis	aztreonam	=	2		Table_2.XLSX
35756053	Sheet1	1D-438			Enterococcus faecalis	cefazolin	>	4		Table_2.XLSX
35756053	Sheet1	1D-438			Enterococcus faecalis	cefepime	=	8		Table_2.XLSX
35756053	Sheet1	1D-438			Enterococcus faecalis	cephalothin	=	1		Table_2.XLSX
35756053	Sheet1	1D-438			Enterococcus faecalis	meropenem	=	2		Table_2.XLSX
35756053	Sheet1	1D-438			Enterococcus faecalis	ertapenem	=	4		Table_2.XLSX
35756053	Sheet1	1D-438			Enterococcus faecalis	cefuroxime	=	2		Table_2.XLSX
35756053	Sheet1	1D-438			Enterococcus faecalis	gentamicin	=	2		Table_2.XLSX
35756053	Sheet1	1D-438			Enterococcus faecalis	cefoxitin	=	2		Table_2.XLSX
35756053	Sheet1	1D-438			Enterococcus faecalis	trimethoprim	=	2		Table_2.XLSX
35756053	Sheet1	1D-438			Enterococcus faecalis	sulfamethoxazole	>	4		Table_2.XLSX
35756053	Sheet1	1D-438			Enterococcus faecalis	tobramycin	=	0.12		Table_2.XLSX
35756053	Sheet1	1D-438			Enterococcus faecalis	ticarcillin/clavulanic acid	>	16		Table_2.XLSX
35756053	Sheet1	1D-438			Enterococcus faecalis	ceftriaxone	=	0.5		Table_2.XLSX
35756053	Sheet1	1D-439			Enterococcus faecalis	amikacin	=	8		Table_2.XLSX
35756053	Sheet1	1D-439			Enterococcus faecalis	ampicillin	=	0.5		Table_2.XLSX
35756053	Sheet1	1D-439			Enterococcus faecalis	ampicillin/sulbactam	>	2		Table_2.XLSX
35756053	Sheet1	1D-439			Enterococcus faecalis	aztreonam	=	1		Table_2.XLSX
35756053	Sheet1	1D-439			Enterococcus faecalis	cefazolin	>	4		Table_2.XLSX
35756053	Sheet1	1D-439			Enterococcus faecalis	cefepime	=	8		Table_2.XLSX
35756053	Sheet1	1D-439			Enterococcus faecalis	cephalothin	=	1		Table_2.XLSX
35756053	Sheet1	1D-439			Enterococcus faecalis	meropenem	=	2		Table_2.XLSX
35756053	Sheet1	1D-439			Enterococcus faecalis	ertapenem	=	4		Table_2.XLSX
35756053	Sheet1	1D-439			Enterococcus faecalis	cefuroxime	=	4		Table_2.XLSX
35756053	Sheet1	1D-439			Enterococcus faecalis	gentamicin	=	2		Table_2.XLSX
35756053	Sheet1	1D-439			Enterococcus faecalis	cefoxitin	=	1		Table_2.XLSX
35756053	Sheet1	1D-439			Enterococcus faecalis	sulfamethoxazole	>	4		Table_2.XLSX
35756053	Sheet1	1D-439			Enterococcus faecalis	tobramycin	=	0.12		Table_2.XLSX
35756053	Sheet1	1D-439			Enterococcus faecalis	ticarcillin/clavulanic acid	>	16		Table_2.XLSX
35756053	Sheet1	1D-440			Enterococcus faecalis	amikacin	>	16		Table_2.XLSX
35756053	Sheet1	1D-440			Enterococcus faecalis	ampicillin	>	4		Table_2.XLSX
35756053	Sheet1	1D-440			Enterococcus faecalis	ampicillin/sulbactam	>	2		Table_2.XLSX
35756053	Sheet1	1D-440			Enterococcus faecalis	aztreonam	>	4		Table_2.XLSX
35756053	Sheet1	1D-440			Enterococcus faecalis	cefazolin	>	4		Table_2.XLSX
35756053	Sheet1	1D-440			Enterococcus faecalis	cefepime	>	16		Table_2.XLSX
35756053	Sheet1	1D-440			Enterococcus faecalis	cephalothin	=	1		Table_2.XLSX
35756053	Sheet1	1D-440			Enterococcus faecalis	meropenem	=	2		Table_2.XLSX
35756053	Sheet1	1D-440			Enterococcus faecalis	ertapenem	=	4		Table_2.XLSX
35756053	Sheet1	1D-440			Enterococcus faecalis	cefuroxime	=	1		Table_2.XLSX
35756053	Sheet1	1D-440			Enterococcus faecalis	gentamicin	=	1		Table_2.XLSX
35756053	Sheet1	1D-440			Enterococcus faecalis	ciprofloxacin	>	4/76		Table_2.XLSX
35756053	Sheet1	1D-440			Enterococcus faecalis	cefoxitin	=	2		Table_2.XLSX
35756053	Sheet1	1D-440			Enterococcus faecalis	trimethoprim	=	2		Table_2.XLSX
35756053	Sheet1	1D-440			Enterococcus faecalis	sulfamethoxazole	>	4		Table_2.XLSX
35756053	Sheet1	1D-440			Enterococcus faecalis	tobramycin	=	0.12		Table_2.XLSX
35756053	Sheet1	1D-440			Enterococcus faecalis	ticarcillin/clavulanic acid	>	16		Table_2.XLSX
35756053	Sheet1	1D-440			Enterococcus faecalis	ceftriaxone	=	0.5		Table_2.XLSX
35756053	Sheet1	1D-441			Enterococcus faecalis	amikacin	=	8		Table_2.XLSX
35756053	Sheet1	1D-441			Enterococcus faecalis	ampicillin	=	2		Table_2.XLSX
35756053	Sheet1	1D-441			Enterococcus faecalis	ampicillin/sulbactam	>	2		Table_2.XLSX
35756053	Sheet1	1D-441			Enterococcus faecalis	aztreonam	=	1		Table_2.XLSX
35756053	Sheet1	1D-441			Enterococcus faecalis	cefazolin	>	4		Table_2.XLSX
35756053	Sheet1	1D-441			Enterococcus faecalis	cefepime	=	16		Table_2.XLSX
35756053	Sheet1	1D-441			Enterococcus faecalis	cephalothin	=	1		Table_2.XLSX
35756053	Sheet1	1D-441			Enterococcus faecalis	meropenem	=	2		Table_2.XLSX
35756053	Sheet1	1D-441			Enterococcus faecalis	ertapenem	=	4		Table_2.XLSX
35756053	Sheet1	1D-441			Enterococcus faecalis	cefuroxime	=	2		Table_2.XLSX
35756053	Sheet1	1D-441			Enterococcus faecalis	gentamicin	=	2		Table_2.XLSX
35756053	Sheet1	1D-441			Enterococcus faecalis	cefoxitin	=	2		Table_2.XLSX
35756053	Sheet1	1D-441			Enterococcus faecalis	trimethoprim	=	2		Table_2.XLSX
35756053	Sheet1	1D-441			Enterococcus faecalis	sulfamethoxazole	>	4		Table_2.XLSX
35756053	Sheet1	1D-441			Enterococcus faecalis	tobramycin	=	0.12		Table_2.XLSX
35756053	Sheet1	1D-441			Enterococcus faecalis	ticarcillin/clavulanic acid	>	16		Table_2.XLSX
35756053	Sheet1	1D-441			Enterococcus faecalis	ceftriaxone	=	0.5		Table_2.XLSX
35756053	Sheet1	1D-442			Enterococcus faecalis	amikacin	=	8		Table_2.XLSX
35756053	Sheet1	1D-442			Enterococcus faecalis	ampicillin	=	0.5		Table_2.XLSX
35756053	Sheet1	1D-442			Enterococcus faecalis	ampicillin/sulbactam	>	2		Table_2.XLSX
35756053	Sheet1	1D-442			Enterococcus faecalis	aztreonam	=	1		Table_2.XLSX
35756053	Sheet1	1D-442			Enterococcus faecalis	cefazolin	>	4		Table_2.XLSX
35756053	Sheet1	1D-442			Enterococcus faecalis	cefepime	=	16		Table_2.XLSX
35756053	Sheet1	1D-442			Enterococcus faecalis	cephalothin	=	1		Table_2.XLSX
35756053	Sheet1	1D-442			Enterococcus faecalis	meropenem	=	2		Table_2.XLSX
35756053	Sheet1	1D-442			Enterococcus faecalis	ertapenem	=	4		Table_2.XLSX
35756053	Sheet1	1D-442			Enterococcus faecalis	cefuroxime	=	4		Table_2.XLSX
35756053	Sheet1	1D-442			Enterococcus faecalis	gentamicin	=	1		Table_2.XLSX
35756053	Sheet1	1D-442			Enterococcus faecalis	cefoxitin	=	1		Table_2.XLSX
35756053	Sheet1	1D-442			Enterococcus faecalis	sulfamethoxazole	=	4		Table_2.XLSX
35756053	Sheet1	1D-442			Enterococcus faecalis	tobramycin	=	0.12		Table_2.XLSX
35756053	Sheet1	1D-443			Enterococcus faecalis	amikacin	=	8		Table_2.XLSX
35756053	Sheet1	1D-443			Enterococcus faecalis	ampicillin	=	2		Table_2.XLSX
35756053	Sheet1	1D-443			Enterococcus faecalis	ampicillin/sulbactam	>	2		Table_2.XLSX
35756053	Sheet1	1D-443			Enterococcus faecalis	aztreonam	=	2		Table_2.XLSX
35756053	Sheet1	1D-443			Enterococcus faecalis	cefazolin	>	4		Table_2.XLSX
35756053	Sheet1	1D-443			Enterococcus faecalis	cefepime	=	8		Table_2.XLSX
35756053	Sheet1	1D-443			Enterococcus faecalis	cephalothin	=	1		Table_2.XLSX
35756053	Sheet1	1D-443			Enterococcus faecalis	meropenem	=	2		Table_2.XLSX
35756053	Sheet1	1D-443			Enterococcus faecalis	ertapenem	=	4		Table_2.XLSX
35756053	Sheet1	1D-443			Enterococcus faecalis	cefuroxime	=	4		Table_2.XLSX
35756053	Sheet1	1D-443			Enterococcus faecalis	gentamicin	=	2		Table_2.XLSX
35756053	Sheet1	1D-443			Enterococcus faecalis	cefoxitin	=	2		Table_2.XLSX
35756053	Sheet1	1D-443			Enterococcus faecalis	trimethoprim	=	2		Table_2.XLSX
35756053	Sheet1	1D-443			Enterococcus faecalis	sulfamethoxazole	>	4		Table_2.XLSX
35756053	Sheet1	1D-443			Enterococcus faecalis	tobramycin	=	0.25		Table_2.XLSX
35756053	Sheet1	1D-443			Enterococcus faecalis	ticarcillin/clavulanic acid	>	16		Table_2.XLSX
35756053	Sheet1	1D-443			Enterococcus faecalis	ceftriaxone	=	0.5		Table_2.XLSX
35756053	Sheet1	1D-450			Enterococcus faecalis	amikacin	=	8		Table_2.XLSX
35756053	Sheet1	1D-450			Enterococcus faecalis	ampicillin	>	4		Table_2.XLSX
35756053	Sheet1	1D-450			Enterococcus faecalis	ampicillin/sulbactam	>	2		Table_2.XLSX
35756053	Sheet1	1D-450			Enterococcus faecalis	aztreonam	=	2		Table_2.XLSX
35756053	Sheet1	1D-450			Enterococcus faecalis	cefazolin	>	4		Table_2.XLSX
35756053	Sheet1	1D-450			Enterococcus faecalis	cefepime	>	16		Table_2.XLSX
35756053	Sheet1	1D-450			Enterococcus faecalis	cephalothin	=	1		Table_2.XLSX
35756053	Sheet1	1D-450			Enterococcus faecalis	meropenem	=	2		Table_2.XLSX
35756053	Sheet1	1D-450			Enterococcus faecalis	ertapenem	=	4		Table_2.XLSX
35756053	Sheet1	1D-450			Enterococcus faecalis	cefuroxime	=	4		Table_2.XLSX
35756053	Sheet1	1D-450			Enterococcus faecalis	gentamicin	=	1		Table_2.XLSX
35756053	Sheet1	1D-450			Enterococcus faecalis	cefoxitin	=	1		Table_2.XLSX
35756053	Sheet1	1D-450			Enterococcus faecalis	sulfamethoxazole	>	4		Table_2.XLSX
35756053	Sheet1	1D-450			Enterococcus faecalis	tobramycin	=	0.12		Table_2.XLSX
35756053	Sheet1	1D-451			Enterococcus faecalis	amikacin	=	8		Table_2.XLSX
35756053	Sheet1	1D-451			Enterococcus faecalis	ampicillin/sulbactam	>	2		Table_2.XLSX
35756053	Sheet1	1D-451			Enterococcus faecalis	aztreonam	=	2		Table_2.XLSX
35756053	Sheet1	1D-451			Enterococcus faecalis	cefazolin	>	4		Table_2.XLSX
35756053	Sheet1	1D-451			Enterococcus faecalis	cefepime	>	16		Table_2.XLSX
35756053	Sheet1	1D-451			Enterococcus faecalis	cephalothin	=	1		Table_2.XLSX
35756053	Sheet1	1D-451			Enterococcus faecalis	meropenem	=	2		Table_2.XLSX
35756053	Sheet1	1D-451			Enterococcus faecalis	ertapenem	=	4		Table_2.XLSX
35756053	Sheet1	1D-451			Enterococcus faecalis	cefuroxime	=	4		Table_2.XLSX
35756053	Sheet1	1D-451			Enterococcus faecalis	gentamicin	=	2		Table_2.XLSX
35756053	Sheet1	1D-451			Enterococcus faecalis	cefoxitin	=	1		Table_2.XLSX
35756053	Sheet1	1D-451			Enterococcus faecalis	trimethoprim	<=	1		Table_2.XLSX
35756053	Sheet1	1D-451			Enterococcus faecalis	sulfamethoxazole	>	4		Table_2.XLSX
35756053	Sheet1	1D-451			Enterococcus faecalis	tobramycin	=	0.25		Table_2.XLSX
35756053	Sheet1	1D-451			Enterococcus faecalis	tigecycline	<=	32		Table_2.XLSX
35756053	Sheet1	1D-451			Enterococcus faecalis	ticarcillin/clavulanic acid	>	16		Table_2.XLSX
35756053	Sheet1	1D-451			Enterococcus faecalis	ceftriaxone	=	0.5		Table_2.XLSX
35756053	Sheet1	1D-452			Enterococcus faecalis	amikacin	=	8		Table_2.XLSX
35756053	Sheet1	1D-452			Enterococcus faecalis	ampicillin	=	1		Table_2.XLSX
35756053	Sheet1	1D-452			Enterococcus faecalis	ampicillin/sulbactam	>	2		Table_2.XLSX
35756053	Sheet1	1D-452			Enterococcus faecalis	aztreonam	=	2		Table_2.XLSX
35756053	Sheet1	1D-452			Enterococcus faecalis	cefazolin	>	4		Table_2.XLSX
35756053	Sheet1	1D-452			Enterococcus faecalis	cefepime	=	8		Table_2.XLSX
35756053	Sheet1	1D-452			Enterococcus faecalis	cephalothin	=	1		Table_2.XLSX
35756053	Sheet1	1D-452			Enterococcus faecalis	meropenem	=	2		Table_2.XLSX
35756053	Sheet1	1D-452			Enterococcus faecalis	ertapenem	=	4		Table_2.XLSX
35756053	Sheet1	1D-452			Enterococcus faecalis	cefuroxime	=	4		Table_2.XLSX
35756053	Sheet1	1D-452			Enterococcus faecalis	gentamicin	=	1		Table_2.XLSX
35756053	Sheet1	1D-452			Enterococcus faecalis	ciprofloxacin	>	4/76		Table_2.XLSX
35756053	Sheet1	1D-452			Enterococcus faecalis	cefoxitin	=	1		Table_2.XLSX
35756053	Sheet1	1D-452			Enterococcus faecalis	sulfamethoxazole	>	4		Table_2.XLSX
35756053	Sheet1	1D-452			Enterococcus faecalis	tobramycin	=	0.12		Table_2.XLSX
35756053	Sheet1	1D-452			Enterococcus faecalis	ticarcillin/clavulanic acid	>	16		Table_2.XLSX
35756053	Sheet1	1D-453			Enterococcus faecalis	amikacin	=	8		Table_2.XLSX
35756053	Sheet1	1D-453			Enterococcus faecalis	ampicillin	>	4		Table_2.XLSX
35756053	Sheet1	1D-453			Enterococcus faecalis	ampicillin/sulbactam	>	2		Table_2.XLSX
35756053	Sheet1	1D-453			Enterococcus faecalis	aztreonam	=	1		Table_2.XLSX
35756053	Sheet1	1D-453			Enterococcus faecalis	cefazolin	>	4		Table_2.XLSX
35756053	Sheet1	1D-453			Enterococcus faecalis	cefepime	=	8		Table_2.XLSX
35756053	Sheet1	1D-453			Enterococcus faecalis	cephalothin	=	1		Table_2.XLSX
35756053	Sheet1	1D-453			Enterococcus faecalis	meropenem	=	2		Table_2.XLSX
35756053	Sheet1	1D-453			Enterococcus faecalis	ertapenem	=	4		Table_2.XLSX
35756053	Sheet1	1D-453			Enterococcus faecalis	cefuroxime	=	4		Table_2.XLSX
35756053	Sheet1	1D-453			Enterococcus faecalis	gentamicin	=	1		Table_2.XLSX
35756053	Sheet1	1D-453			Enterococcus faecalis	cefoxitin	=	1		Table_2.XLSX
35756053	Sheet1	1D-453			Enterococcus faecalis	sulfamethoxazole	>	4		Table_2.XLSX
35756053	Sheet1	1D-453			Enterococcus faecalis	tobramycin	=	0.12		Table_2.XLSX
35756053	Sheet1	1D-453			Enterococcus faecalis	ticarcillin/clavulanic acid	>	16		Table_2.XLSX
35756053	Sheet1	1D-455			Enterococcus faecalis	amikacin	=	8		Table_2.XLSX
35756053	Sheet1	1D-455			Enterococcus faecalis	ampicillin	>	4		Table_2.XLSX
35756053	Sheet1	1D-455			Enterococcus faecalis	ampicillin/sulbactam	>	2		Table_2.XLSX
35756053	Sheet1	1D-455			Enterococcus faecalis	aztreonam	=	2		Table_2.XLSX
35756053	Sheet1	1D-455			Enterococcus faecalis	cefazolin	>	4		Table_2.XLSX
35756053	Sheet1	1D-455			Enterococcus faecalis	cefepime	>	16		Table_2.XLSX
35756053	Sheet1	1D-455			Enterococcus faecalis	cephalothin	=	1		Table_2.XLSX
35756053	Sheet1	1D-455			Enterococcus faecalis	meropenem	=	2		Table_2.XLSX
35756053	Sheet1	1D-455			Enterococcus faecalis	ertapenem	=	4		Table_2.XLSX
35756053	Sheet1	1D-455			Enterococcus faecalis	cefuroxime	=	4		Table_2.XLSX
35756053	Sheet1	1D-455			Enterococcus faecalis	gentamicin	=	2		Table_2.XLSX
35756053	Sheet1	1D-455			Enterococcus faecalis	ciprofloxacin	>	4/76		Table_2.XLSX
35756053	Sheet1	1D-455			Enterococcus faecalis	cefoxitin	>	4		Table_2.XLSX
35756053	Sheet1	1D-455			Enterococcus faecalis	trimethoprim	>	2		Table_2.XLSX
35756053	Sheet1	1D-455			Enterococcus faecalis	sulfamethoxazole	>	4		Table_2.XLSX
35756053	Sheet1	1D-455			Enterococcus faecalis	tobramycin	=	0.12		Table_2.XLSX
35756053	Sheet1	1D-455			Enterococcus faecalis	ticarcillin/clavulanic acid	>	16		Table_2.XLSX
35756053	Sheet1	1D-455			Enterococcus faecalis	ceftriaxone	>	4		Table_2.XLSX
35756053	Sheet1	1D-456			Enterococcus faecalis	amikacin	=	8		Table_2.XLSX
35756053	Sheet1	1D-456			Enterococcus faecalis	ampicillin	=	1		Table_2.XLSX
35756053	Sheet1	1D-456			Enterococcus faecalis	ampicillin/sulbactam	>	2		Table_2.XLSX
35756053	Sheet1	1D-456			Enterococcus faecalis	aztreonam	=	1		Table_2.XLSX
35756053	Sheet1	1D-456			Enterococcus faecalis	cefazolin	>	4		Table_2.XLSX
35756053	Sheet1	1D-456			Enterococcus faecalis	cefepime	=	8		Table_2.XLSX
35756053	Sheet1	1D-456			Enterococcus faecalis	cephalothin	=	1		Table_2.XLSX
35756053	Sheet1	1D-456			Enterococcus faecalis	meropenem	=	2		Table_2.XLSX
35756053	Sheet1	1D-456			Enterococcus faecalis	ertapenem	=	4		Table_2.XLSX
35756053	Sheet1	1D-456			Enterococcus faecalis	cefuroxime	=	2		Table_2.XLSX
35756053	Sheet1	1D-456			Enterococcus faecalis	gentamicin	=	0.5		Table_2.XLSX
35756053	Sheet1	1D-456			Enterococcus faecalis	cefoxitin	=	2		Table_2.XLSX
35756053	Sheet1	1D-456			Enterococcus faecalis	sulfamethoxazole	=	2		Table_2.XLSX
35756053	Sheet1	1D-456			Enterococcus faecalis	tobramycin	=	0.12		Table_2.XLSX
35756053	Sheet1	1D-456			Enterococcus faecalis	ceftriaxone	=	0.5		Table_2.XLSX
35756053	Sheet1	1D-357			Enterococcus faecium	amikacin	=	8		Table_2.XLSX
35756053	Sheet1	1D-357			Enterococcus faecium	ampicillin	>	4		Table_2.XLSX
35756053	Sheet1	1D-357			Enterococcus faecium	ampicillin/sulbactam	>	2		Table_2.XLSX
35756053	Sheet1	1D-357			Enterococcus faecium	aztreonam	=	4		Table_2.XLSX
35756053	Sheet1	1D-357			Enterococcus faecium	cefazolin	>	4		Table_2.XLSX
35756053	Sheet1	1D-357			Enterococcus faecium	cefepime	>	16		Table_2.XLSX
35756053	Sheet1	1D-357			Enterococcus faecium	cephalothin	>	8		Table_2.XLSX
35756053	Sheet1	1D-357			Enterococcus faecium	meropenem	=	2		Table_2.XLSX
35756053	Sheet1	1D-357			Enterococcus faecium	ertapenem	>	8		Table_2.XLSX
35756053	Sheet1	1D-357			Enterococcus faecium	cefuroxime	>	4		Table_2.XLSX
35756053	Sheet1	1D-357			Enterococcus faecium	gentamicin	=	0.5		Table_2.XLSX
35756053	Sheet1	1D-357			Enterococcus faecium	ciprofloxacin	>	4/76		Table_2.XLSX
35756053	Sheet1	1D-357			Enterococcus faecium	cefoxitin	>	4		Table_2.XLSX
35756053	Sheet1	1D-357			Enterococcus faecium	trimethoprim	>	2		Table_2.XLSX
35756053	Sheet1	1D-357			Enterococcus faecium	sulfamethoxazole	=	1		Table_2.XLSX
35756053	Sheet1	1D-357			Enterococcus faecium	tobramycin	=	0.06		Table_2.XLSX
35756053	Sheet1	1D-357			Enterococcus faecium	ceftriaxone	>	4		Table_2.XLSX
35756053	Sheet1	1D-444			Enterococcus faecium	amikacin	=	8		Table_2.XLSX
35756053	Sheet1	1D-444			Enterococcus faecium	ampicillin	>	4		Table_2.XLSX
35756053	Sheet1	1D-444			Enterococcus faecium	ampicillin/sulbactam	>	2		Table_2.XLSX
35756053	Sheet1	1D-444			Enterococcus faecium	aztreonam	=	1		Table_2.XLSX
35756053	Sheet1	1D-444			Enterococcus faecium	cefazolin	>	4		Table_2.XLSX
35756053	Sheet1	1D-444			Enterococcus faecium	cephalothin	>	8		Table_2.XLSX
35756053	Sheet1	1D-444			Enterococcus faecium	meropenem	=	2		Table_2.XLSX
35756053	Sheet1	1D-444			Enterococcus faecium	ertapenem	>	8		Table_2.XLSX
35756053	Sheet1	1D-444			Enterococcus faecium	cefuroxime	=	4		Table_2.XLSX
35756053	Sheet1	1D-444			Enterococcus faecium	gentamicin	=	0.5		Table_2.XLSX
35756053	Sheet1	1D-444			Enterococcus faecium	ciprofloxacin	>	4/76		Table_2.XLSX
35756053	Sheet1	1D-444			Enterococcus faecium	cefoxitin	>	4		Table_2.XLSX
35756053	Sheet1	1D-444			Enterococcus faecium	trimethoprim	>	2		Table_2.XLSX
35756053	Sheet1	1D-444			Enterococcus faecium	sulfamethoxazole	=	1		Table_2.XLSX
35756053	Sheet1	1D-444			Enterococcus faecium	tobramycin	=	0.12		Table_2.XLSX
35756053	Sheet1	1D-444			Enterococcus faecium	tigecycline	=	64		Table_2.XLSX
35756053	Sheet1	1D-444			Enterococcus faecium	ceftriaxone	>	4		Table_2.XLSX
35756053	Sheet1	1D-445			Enterococcus faecium	amikacin	=	8		Table_2.XLSX
35756053	Sheet1	1D-445			Enterococcus faecium	ampicillin	>	4		Table_2.XLSX
35756053	Sheet1	1D-445			Enterococcus faecium	ampicillin/sulbactam	>	2		Table_2.XLSX
35756053	Sheet1	1D-445			Enterococcus faecium	aztreonam	=	4		Table_2.XLSX
35756053	Sheet1	1D-445			Enterococcus faecium	cefazolin	>	4		Table_2.XLSX
35756053	Sheet1	1D-445			Enterococcus faecium	cefepime	>	16		Table_2.XLSX
35756053	Sheet1	1D-445			Enterococcus faecium	cephalothin	>	8		Table_2.XLSX
35756053	Sheet1	1D-445			Enterococcus faecium	meropenem	=	2		Table_2.XLSX
35756053	Sheet1	1D-445			Enterococcus faecium	ertapenem	>	8		Table_2.XLSX
35756053	Sheet1	1D-445			Enterococcus faecium	cefuroxime	>	4		Table_2.XLSX
35756053	Sheet1	1D-445			Enterococcus faecium	gentamicin	=	1		Table_2.XLSX
35756053	Sheet1	1D-445			Enterococcus faecium	ciprofloxacin	>	4/76		Table_2.XLSX
35756053	Sheet1	1D-445			Enterococcus faecium	cefoxitin	>	4		Table_2.XLSX
35756053	Sheet1	1D-445			Enterococcus faecium	trimethoprim	>	2		Table_2.XLSX
35756053	Sheet1	1D-445			Enterococcus faecium	sulfamethoxazole	=	1		Table_2.XLSX
35756053	Sheet1	1D-445			Enterococcus faecium	tobramycin	=	0.12		Table_2.XLSX
35756053	Sheet1	1D-445			Enterococcus faecium	tigecycline	=	64		Table_2.XLSX
35756053	Sheet1	1D-445			Enterococcus faecium	ceftriaxone	>	4		Table_2.XLSX
35756053	Sheet1	1D-446			Enterococcus faecium	amikacin	=	8		Table_2.XLSX
35756053	Sheet1	1D-446			Enterococcus faecium	ampicillin/sulbactam	>	2		Table_2.XLSX
35756053	Sheet1	1D-446			Enterococcus faecium	aztreonam	=	2		Table_2.XLSX
35756053	Sheet1	1D-446			Enterococcus faecium	cefazolin	>	4		Table_2.XLSX
35756053	Sheet1	1D-446			Enterococcus faecium	cefepime	=	8		Table_2.XLSX
35756053	Sheet1	1D-446			Enterococcus faecium	cephalothin	>	8		Table_2.XLSX
35756053	Sheet1	1D-446			Enterococcus faecium	meropenem	=	2		Table_2.XLSX
35756053	Sheet1	1D-446			Enterococcus faecium	ertapenem	>	8		Table_2.XLSX
35756053	Sheet1	1D-446			Enterococcus faecium	cefuroxime	=	1		Table_2.XLSX
35756053	Sheet1	1D-446			Enterococcus faecium	gentamicin	=	1		Table_2.XLSX
35756053	Sheet1	1D-446			Enterococcus faecium	ciprofloxacin	=	4/76		Table_2.XLSX
35756053	Sheet1	1D-446			Enterococcus faecium	cefoxitin	>	4		Table_2.XLSX
35756053	Sheet1	1D-446			Enterococcus faecium	trimethoprim	>	2		Table_2.XLSX
35756053	Sheet1	1D-446			Enterococcus faecium	sulfamethoxazole	=	2		Table_2.XLSX
35756053	Sheet1	1D-446			Enterococcus faecium	tobramycin	=	0.12		Table_2.XLSX
35756053	Sheet1	1D-446			Enterococcus faecium	ceftriaxone	>	4		Table_2.XLSX
35756053	Sheet1	1D-447			Enterococcus faecium	amikacin	=	8		Table_2.XLSX
35756053	Sheet1	1D-447			Enterococcus faecium	ampicillin	>	4		Table_2.XLSX
35756053	Sheet1	1D-447			Enterococcus faecium	ampicillin/sulbactam	>	2		Table_2.XLSX
35756053	Sheet1	1D-447			Enterococcus faecium	aztreonam	=	4		Table_2.XLSX
35756053	Sheet1	1D-447			Enterococcus faecium	cefazolin	>	4		Table_2.XLSX
35756053	Sheet1	1D-447			Enterococcus faecium	cefepime	>	16		Table_2.XLSX
35756053	Sheet1	1D-447			Enterococcus faecium	cephalothin	>	8		Table_2.XLSX
35756053	Sheet1	1D-447			Enterococcus faecium	meropenem	=	2		Table_2.XLSX
35756053	Sheet1	1D-447			Enterococcus faecium	ertapenem	>	8		Table_2.XLSX
35756053	Sheet1	1D-447			Enterococcus faecium	cefuroxime	>	4		Table_2.XLSX
35756053	Sheet1	1D-447			Enterococcus faecium	gentamicin	=	1		Table_2.XLSX
35756053	Sheet1	1D-447			Enterococcus faecium	ciprofloxacin	>	4/76		Table_2.XLSX
35756053	Sheet1	1D-447			Enterococcus faecium	cefoxitin	>	4		Table_2.XLSX
35756053	Sheet1	1D-447			Enterococcus faecium	trimethoprim	>	2		Table_2.XLSX
35756053	Sheet1	1D-447			Enterococcus faecium	tobramycin	=	0.06		Table_2.XLSX
35756053	Sheet1	1D-447			Enterococcus faecium	tigecycline	=	64		Table_2.XLSX
35756053	Sheet1	1D-447			Enterococcus faecium	ceftriaxone	>	4		Table_2.XLSX
35756053	Sheet1	1D-448			Enterococcus faecium	amikacin	=	8		Table_2.XLSX
35756053	Sheet1	1D-448			Enterococcus faecium	ampicillin	>	4		Table_2.XLSX
35756053	Sheet1	1D-448			Enterococcus faecium	ampicillin/sulbactam	>	2		Table_2.XLSX
35756053	Sheet1	1D-448			Enterococcus faecium	aztreonam	=	4		Table_2.XLSX
35756053	Sheet1	1D-448			Enterococcus faecium	cefazolin	>	4		Table_2.XLSX
35756053	Sheet1	1D-448			Enterococcus faecium	cefepime	>	16		Table_2.XLSX
35756053	Sheet1	1D-448			Enterococcus faecium	cephalothin	>	8		Table_2.XLSX
35756053	Sheet1	1D-448			Enterococcus faecium	meropenem	=	2		Table_2.XLSX
35756053	Sheet1	1D-448			Enterococcus faecium	ertapenem	>	8		Table_2.XLSX
35756053	Sheet1	1D-448			Enterococcus faecium	cefuroxime	>	4		Table_2.XLSX
35756053	Sheet1	1D-448			Enterococcus faecium	gentamicin	=	1		Table_2.XLSX
35756053	Sheet1	1D-448			Enterococcus faecium	ciprofloxacin	>	4/76		Table_2.XLSX
35756053	Sheet1	1D-448			Enterococcus faecium	cefoxitin	>	4		Table_2.XLSX
35756053	Sheet1	1D-448			Enterococcus faecium	trimethoprim	>	2		Table_2.XLSX
35756053	Sheet1	1D-448			Enterococcus faecium	sulfamethoxazole	=	2		Table_2.XLSX
35756053	Sheet1	1D-448			Enterococcus faecium	tobramycin	=	0.12		Table_2.XLSX
35756053	Sheet1	1D-448			Enterococcus faecium	tigecycline	=	64		Table_2.XLSX
35756053	Sheet1	1D-448			Enterococcus faecium	ticarcillin/clavulanic acid	>	16		Table_2.XLSX
35756053	Sheet1	1D-448			Enterococcus faecium	ceftriaxone	>	4		Table_2.XLSX
35756053	Sheet1	1D-449			Enterococcus faecium	amikacin	=	8		Table_2.XLSX
35756053	Sheet1	1D-449			Enterococcus faecium	ampicillin	>	4		Table_2.XLSX
35756053	Sheet1	1D-449			Enterococcus faecium	ampicillin/sulbactam	>	2		Table_2.XLSX
35756053	Sheet1	1D-449			Enterococcus faecium	aztreonam	=	4		Table_2.XLSX
35756053	Sheet1	1D-449			Enterococcus faecium	cefazolin	>	4		Table_2.XLSX
35756053	Sheet1	1D-449			Enterococcus faecium	cefepime	>	16		Table_2.XLSX
35756053	Sheet1	1D-449			Enterococcus faecium	cephalothin	>	8		Table_2.XLSX
35756053	Sheet1	1D-449			Enterococcus faecium	meropenem	=	2		Table_2.XLSX
35756053	Sheet1	1D-449			Enterococcus faecium	ertapenem	>	8		Table_2.XLSX
35756053	Sheet1	1D-449			Enterococcus faecium	cefuroxime	>	4		Table_2.XLSX
35756053	Sheet1	1D-449			Enterococcus faecium	gentamicin	=	1		Table_2.XLSX
35756053	Sheet1	1D-449			Enterococcus faecium	ciprofloxacin	>	4/76		Table_2.XLSX
35756053	Sheet1	1D-449			Enterococcus faecium	cefoxitin	>	4		Table_2.XLSX
35756053	Sheet1	1D-449			Enterococcus faecium	trimethoprim	>	2		Table_2.XLSX
35756053	Sheet1	1D-449			Enterococcus faecium	tobramycin	=	0.12		Table_2.XLSX
35756053	Sheet1	1D-449			Enterococcus faecium	tigecycline	=	64		Table_2.XLSX
35756053	Sheet1	1D-449			Enterococcus faecium	ceftriaxone	>	4		Table_2.XLSX
35756053	Sheet1	1D-454			Enterococcus faecium	amikacin	=	8		Table_2.XLSX
35756053	Sheet1	1D-454			Enterococcus faecium	ampicillin	>	4		Table_2.XLSX
35756053	Sheet1	1D-454			Enterococcus faecium	ampicillin/sulbactam	>	2		Table_2.XLSX
35756053	Sheet1	1D-454			Enterococcus faecium	aztreonam	=	4		Table_2.XLSX
35756053	Sheet1	1D-454			Enterococcus faecium	cefazolin	>	4		Table_2.XLSX
35756053	Sheet1	1D-454			Enterococcus faecium	cefepime	=	4		Table_2.XLSX
35756053	Sheet1	1D-454			Enterococcus faecium	cephalothin	>	8		Table_2.XLSX
35756053	Sheet1	1D-454			Enterococcus faecium	meropenem	=	2		Table_2.XLSX
35756053	Sheet1	1D-454			Enterococcus faecium	ertapenem	>	8		Table_2.XLSX
35756053	Sheet1	1D-454			Enterococcus faecium	cefuroxime	>	4		Table_2.XLSX
35756053	Sheet1	1D-454			Enterococcus faecium	gentamicin	=	1		Table_2.XLSX
35756053	Sheet1	1D-454			Enterococcus faecium	ciprofloxacin	>	4/76		Table_2.XLSX
35756053	Sheet1	1D-454			Enterococcus faecium	cefoxitin	>	4		Table_2.XLSX
35756053	Sheet1	1D-454			Enterococcus faecium	trimethoprim	>	2		Table_2.XLSX
35756053	Sheet1	1D-454			Enterococcus faecium	sulfamethoxazole	=	1		Table_2.XLSX
35756053	Sheet1	1D-454			Enterococcus faecium	tobramycin	=	0.12		Table_2.XLSX
35756053	Sheet1	1D-454			Enterococcus faecium	tigecycline	=	64		Table_2.XLSX
35756053	Sheet1	1D-454			Enterococcus faecium	ceftriaxone	>	4		Table_2.XLSX
35756053	Sheet1	1D-457			Enterococcus faecium	amikacin	=	8		Table_2.XLSX
35756053	Sheet1	1D-457			Enterococcus faecium	ampicillin	>	4		Table_2.XLSX
35756053	Sheet1	1D-457			Enterococcus faecium	ampicillin/sulbactam	>	2		Table_2.XLSX
35756053	Sheet1	1D-457			Enterococcus faecium	aztreonam	=	4		Table_2.XLSX
35756053	Sheet1	1D-457			Enterococcus faecium	cefazolin	>	4		Table_2.XLSX
35756053	Sheet1	1D-457			Enterococcus faecium	cefepime	>	16		Table_2.XLSX
35756053	Sheet1	1D-457			Enterococcus faecium	cephalothin	>	8		Table_2.XLSX
35756053	Sheet1	1D-457			Enterococcus faecium	meropenem	=	2		Table_2.XLSX
35756053	Sheet1	1D-457			Enterococcus faecium	ertapenem	>	8		Table_2.XLSX
35756053	Sheet1	1D-457			Enterococcus faecium	cefuroxime	>	4		Table_2.XLSX
35756053	Sheet1	1D-457			Enterococcus faecium	gentamicin	=	1		Table_2.XLSX
35756053	Sheet1	1D-457			Enterococcus faecium	ciprofloxacin	>	4/76		Table_2.XLSX
35756053	Sheet1	1D-457			Enterococcus faecium	cefoxitin	>	4		Table_2.XLSX
35756053	Sheet1	1D-457			Enterococcus faecium	trimethoprim	>	2		Table_2.XLSX
35756053	Sheet1	1D-457			Enterococcus faecium	sulfamethoxazole	>	4		Table_2.XLSX
35756053	Sheet1	1D-457			Enterococcus faecium	tobramycin	=	0.12		Table_2.XLSX
35756053	Sheet1	1D-457			Enterococcus faecium	tigecycline	>	64		Table_2.XLSX
35756053	Sheet1	1D-457			Enterococcus faecium	ticarcillin/clavulanic acid	>	16		Table_2.XLSX
35756053	Sheet1	1D-457			Enterococcus faecium	ceftriaxone	>	4		Table_2.XLSX
33658988	ST1	12-01739				BMDa MIC
Daptomycin	=	8.0	R	Table_1.xlsx
33658988	ST1	12-01740				BMDa MIC
Daptomycin	=	8.0	R	Table_1.xlsx
33658988	ST1	12-03872				BMDa MIC
Daptomycin	=	8.0	R	Table_1.xlsx
33658988	ST1	15-01065				BMDa MIC
Daptomycin	=	8.0	R	Table_1.xlsx
33658988	ST1	09-01199				BMDa MIC
Daptomycin	=	4.0	R	Table_1.xlsx
33658988	ST1	08-02052				BMDa MIC
Daptomycin	=	4.0	R	Table_1.xlsx
33658988	ST1	09-02538				BMDa MIC
Daptomycin	=	4.0	R	Table_1.xlsx
33658988	ST1	10-00109-2				BMDa MIC
Daptomycin	=	4.0	R	Table_1.xlsx
33658988	ST1	10-00785				BMDa MIC
Daptomycin	=	4.0	R	Table_1.xlsx
33658988	ST1	10-02824				BMDa MIC
Daptomycin	=	4.0	R	Table_1.xlsx
33658988	ST1	11-00260				BMDa MIC
Daptomycin	=	4.0	R	Table_1.xlsx
33658988	ST1	11-03269				BMDa MIC
Daptomycin	=	4.0	R	Table_1.xlsx
33658988	ST1	11-03623				BMDa MIC
Daptomycin	=	4.0	R	Table_1.xlsx
33658988	ST1	13-00556				BMDa MIC
Daptomycin	=	4.0	R	Table_1.xlsx
33658988	ST1	13-03523-2				BMDa MIC
Daptomycin	=	4.0	R	Table_1.xlsx
33658988	ST1	13-03831				BMDa MIC
Daptomycin	=	4.0	R	Table_1.xlsx
33658988	ST1	13-04344				BMDa MIC
Daptomycin	=	4.0	R	Table_1.xlsx
33658988	ST1	14-00724				BMDa MIC
Daptomycin	=	4.0	R	Table_1.xlsx
33658988	ST1	14-00753				BMDa MIC
Daptomycin	=	4.0	R	Table_1.xlsx
33658988	ST1	14-01258				BMDa MIC
Daptomycin	=	4.0	R	Table_1.xlsx
33658988	ST1	14-01371				BMDa MIC
Daptomycin	=	4.0	R	Table_1.xlsx
33658988	ST1	14-02151				BMDa MIC
Daptomycin	=	4.0	R	Table_1.xlsx
33658988	ST1	14-02510				BMDa MIC
Daptomycin	=	4.0	R	Table_1.xlsx
33658988	ST1	14-03170				BMDa MIC
Daptomycin	=	4.0	R	Table_1.xlsx
33658988	ST1	14-03171				BMDa MIC
Daptomycin	=	4.0	R	Table_1.xlsx
33658988	ST1	14-03244				BMDa MIC
Daptomycin	=	4.0	R	Table_1.xlsx
33658988	ST1	15-00345				BMDa MIC
Daptomycin	=	4.0	R	Table_1.xlsx
33658988	ST1	15-00434				BMDa MIC
Daptomycin	=	4.0	R	Table_1.xlsx
33658988	ST1	15-00574				BMDa MIC
Daptomycin	=	4.0	R	Table_1.xlsx
33658988	ST1	15-00711				BMDa MIC
Daptomycin	=	4.0	R	Table_1.xlsx
33658988	ST1	15-00752				BMDa MIC
Daptomycin	=	4.0	R	Table_1.xlsx
33658988	ST1	15-01414				BMDa MIC
Daptomycin	=	4.0	R	Table_1.xlsx
33658988	ST1	08-02376				BMDa MIC
Daptomycin	=	2.0	R	Table_1.xlsx
33658988	ST1	12-03920				BMDa MIC
Daptomycin	=	2.0	R	Table_1.xlsx
33658988	ST1	13-02338				BMDa MIC
Daptomycin	=	2.0	R	Table_1.xlsx
33658988	ST1	13-02671				BMDa MIC
Daptomycin	=	2.0	R	Table_1.xlsx
33658988	ST1	13-02987-1				BMDa MIC
Daptomycin	=	2.0	R	Table_1.xlsx
33658988	ST1	13-03385				BMDa MIC
Daptomycin	=	2.0	R	Table_1.xlsx
33658988	ST1	13-04050				BMDa MIC
Daptomycin	=	2.0	R	Table_1.xlsx
33658988	ST1	13-04448				BMDa MIC
Daptomycin	=	2.0	R	Table_1.xlsx
33658988	ST1	14-01459				BMDa MIC
Daptomycin	=	2.0	R	Table_1.xlsx
33658988	ST1	14-02100				BMDa MIC
Daptomycin	=	2.0	R	Table_1.xlsx
33658988	ST1	14-02229				BMDa MIC
Daptomycin	=	2.0	R	Table_1.xlsx
33658988	ST1	14-02720				BMDa MIC
Daptomycin	=	2.0	R	Table_1.xlsx
33658988	ST1	14-03011				BMDa MIC
Daptomycin	=	2.0	R	Table_1.xlsx
33658988	ST1	14-03706				BMDa MIC
Daptomycin	=	2.0	R	Table_1.xlsx
33658988	ST1	15-01169				BMDa MIC
Daptomycin	=	2.0	R	Table_1.xlsx
33658988	ST1	15-01202				BMDa MIC
Daptomycin	=	2.0	R	Table_1.xlsx
33658988	ST1	12-00014				BMDa MIC
Daptomycin	=	1.0	S	Table_1.xlsx
33658988	ST1	13-01676				BMDa MIC
Daptomycin	=	1.0	S	Table_1.xlsx
33658988	ST1	08-00141				BMDa MIC
Daptomycin	=	0.5	S	Table_1.xlsx
33658988	ST1	10-01970				BMDa MIC
Daptomycin	=	0.5	S	Table_1.xlsx
33658988	ST1	11-02779				BMDa MIC
Daptomycin	=	0.5	S	Table_1.xlsx
33658988	ST1	11-02222				BMDa MIC
Daptomycin	=	0.5	S	Table_1.xlsx
33658988	ST1	13-00543				BMDa MIC
Daptomycin	=	0.5	S	Table_1.xlsx
33658988	ST1	13-01132				BMDa MIC
Daptomycin	=	0.5	S	Table_1.xlsx
33658988	ST1	13-00983				BMDa MIC
Daptomycin	=	0.5	S	Table_1.xlsx
33658988	ST1	13-03524				BMDa MIC
Daptomycin	=	0.5	S	Table_1.xlsx
33658988	ST1	13-01538				BMDa MIC
Daptomycin	=	0.5	S	Table_1.xlsx
33658988	ST1	14-00490				BMDa MIC
Daptomycin	=	0.5	S	Table_1.xlsx
33658988	ST1	14-00561				BMDa MIC
Daptomycin	=	0.5	S	Table_1.xlsx
33658988	ST1	13-03767				BMDa MIC
Daptomycin	=	0.5	S	Table_1.xlsx
33658988	ST1	14-01760				BMDa MIC
Daptomycin	=	0.5	S	Table_1.xlsx
33658988	ST1	14-02152-2				BMDa MIC
Daptomycin	=	0.5	S	Table_1.xlsx
33658988	ST1	14-01705				BMDa MIC
Daptomycin	=	0.5	S	Table_1.xlsx
33658988	ST1	14-02912				BMDa MIC
Daptomycin	=	0.5	S	Table_1.xlsx
33658988	ST1	14-02943				BMDa MIC
Daptomycin	=	0.5	S	Table_1.xlsx
33658988	ST1	14-00535				BMDa MIC
Daptomycin	=	0.5	S	Table_1.xlsx
33658988	ST1	14-01017				BMDa MIC
Daptomycin	=	0.5	S	Table_1.xlsx
33658988	ST1	14-03283				BMDa MIC
Daptomycin	=	0.5	S	Table_1.xlsx
33658988	ST1	15-00702				BMDa MIC
Daptomycin	=	0.5	S	Table_1.xlsx
33658988	ST1	15-00531				BMDa MIC
Daptomycin	=	0.5	S	Table_1.xlsx
33658988	ST1	15-00387				BMDa MIC
Daptomycin	=	0.5	S	Table_1.xlsx
33658988	ST1	15-00382				BMDa MIC
Daptomycin	=	0.5	S	Table_1.xlsx
33658988	ST1	15-00826				BMDa MIC
Daptomycin	=	0.5	S	Table_1.xlsx
33658988	ST1	15-00680				BMDa MIC
Daptomycin	=	0.5	S	Table_1.xlsx
33658988	ST1	15-01873				BMDa MIC
Daptomycin	=	0.5	S	Table_1.xlsx
33658988	ST1	15-01303				BMDa MIC
Daptomycin	=	0.5	S	Table_1.xlsx
33658988	ST1	09-01101				BMDa MIC
Daptomycin	=	0.25	S	Table_1.xlsx
33658988	ST1	09-00347				BMDa MIC
Daptomycin	=	0.25	S	Table_1.xlsx
33658988	ST1	10-01243				BMDa MIC
Daptomycin	=	0.25	S	Table_1.xlsx
33658988	ST1	10-00410				BMDa MIC
Daptomycin	=	0.25	S	Table_1.xlsx
33658988	ST1	11-01772				BMDa MIC
Daptomycin	=	0.25	S	Table_1.xlsx
33658988	ST1	12-03784				BMDa MIC
Daptomycin	=	0.25	S	Table_1.xlsx
33658988	ST1	12-03831-2				BMDa MIC
Daptomycin	=	0.25	S	Table_1.xlsx
33658988	ST1	12-03108				BMDa MIC
Daptomycin	=	0.25	S	Table_1.xlsx
33658988	ST1	13-00896				BMDa MIC
Daptomycin	=	0.25	S	Table_1.xlsx
33658988	ST1	13-01337				BMDa MIC
Daptomycin	=	0.25	S	Table_1.xlsx
33658988	ST1	13-00373				BMDa MIC
Daptomycin	=	0.25	S	Table_1.xlsx
33658988	ST1	13-03184				BMDa MIC
Daptomycin	=	0.25	S	Table_1.xlsx
33658988	ST1	14-00046				BMDa MIC
Daptomycin	=	0.25	S	Table_1.xlsx
33658988	ST1	14-00409				BMDa MIC
Daptomycin	=	0.25	S	Table_1.xlsx
33658988	ST1	14-00671				BMDa MIC
Daptomycin	=	0.25	S	Table_1.xlsx
33658988	ST1	14-00160				BMDa MIC
Daptomycin	=	0.25	S	Table_1.xlsx
33658988	ST1	14-00482				BMDa MIC
Daptomycin	=	0.25	S	Table_1.xlsx
33658988	ST2	12-03340				BMD MIC (median)
Ceftarolina	=	1.0	S	Table_2.xlsx
33658988	ST2	12-03340				BMD  MIC
Oxacillin	=	1	S	Table_2.xlsx
33658988	ST2	12-03341				BMD MIC (median)
Ceftarolina	=	1.0	S	Table_2.xlsx
33658988	ST2	12-03341				BMD  MIC
Oxacillin	=	32	R	Table_2.xlsx
33658988	ST2	12-03499				BMD MIC (median)
Ceftarolina	=	1.0	S	Table_2.xlsx
33658988	ST2	12-03499				BMD  MIC
Oxacillin	>	4	R	Table_2.xlsx
33658988	ST2	06-00998				BMD MIC (median)
Ceftarolina	=	0.5	S	Table_2.xlsx
33658988	ST2	06-00998				BMD  MIC
Oxacillin	=	16	R	Table_2.xlsx
33658988	ST2	06-01624				BMD MIC (median)
Ceftarolina	=	0.5	S	Table_2.xlsx
33658988	ST2	06-01624				BMD  MIC
Oxacillin	=	32	R	Table_2.xlsx
33658988	ST2	12-02858-1				BMD MIC (median)
Ceftarolina	=	0.5	S	Table_2.xlsx
33658988	ST2	12-02858-1				BMD  MIC
Oxacillin	>	4	R	Table_2.xlsx
33658988	ST2	10-03087				BMD MIC (median)
Ceftarolina	=	0.5	S	Table_2.xlsx
33658988	ST2	10-03087				BMD  MIC
Oxacillin	=	4	R	Table_2.xlsx
33658988	ST2	09-01718				BMD MIC (median)
Ceftarolina	=	0.125	S	Table_2.xlsx
33658988	ST2	09-01718				BMD  MIC
Oxacillin	=	1	S	Table_2.xlsx
33658988	ST2	09-03066				BMD MIC (median)
Ceftarolina	=	0.125	S	Table_2.xlsx
33658988	ST2	09-03066				BMD  MIC
Oxacillin	=	1	S	Table_2.xlsx
33658988	ST2	14-02900				BMD MIC (median)
Ceftarolina	=	0.125	S	Table_2.xlsx
33658988	ST2	14-02900				BMD  MIC
Oxacillin	=	1	S	Table_2.xlsx
33658988	ST2	12-01857				BMD MIC (median)
Ceftarolina	=	0.125	S	Table_2.xlsx
33658988	ST2	12-01857				BMD  MIC
Oxacillin	=	1	S	Table_2.xlsx
33658988	ST2	14-01092				BMD MIC (median)
Ceftarolina	=	0.125	S	Table_2.xlsx
33658988	ST2	14-01092				BMD  MIC
Oxacillin	=	1	S	Table_2.xlsx
33658988	ST2	12-03136				BMD MIC (median)
Ceftarolina	=	2.0	R	Table_2.xlsx
33658988	ST2	12-03136				BMD  MIC
Oxacillin	=	64	R	Table_2.xlsx
33658988	ST2	16-02942				BMD MIC (median)
Ceftarolina	=	1.0	S	Table_2.xlsx
33658988	ST2	16-02942				BMD  MIC
Oxacillin	=	16	R	Table_2.xlsx
33658988	ST2	16-02658				BMD MIC (median)
Ceftarolina	=	0.5	S	Table_2.xlsx
33658988	ST2	16-02658				BMD  MIC
Oxacillin	=	32	R	Table_2.xlsx
33658988	ST2	12-02278				BMD MIC (median)
Ceftarolina	=	2.0	R	Table_2.xlsx
33658988	ST2	12-02278				BMD  MIC
Oxacillin	=	128	R	Table_2.xlsx
33658988	ST2	12-02289				BMD MIC (median)
Ceftarolina	=	2.0	R	Table_2.xlsx
33658988	ST2	12-02289				BMD  MIC
Oxacillin	=	96	R	Table_2.xlsx
33658988	ST2	12-02755				BMD MIC (median)
Ceftarolina	=	2.0	R	Table_2.xlsx
33658988	ST2	12-02755				BMD  MIC
Oxacillin	=	128	R	Table_2.xlsx
33658988	ST2	12-02846				BMD MIC (median)
Ceftarolina	=	2.0	R	Table_2.xlsx
33658988	ST2	12-02846				BMD  MIC
Oxacillin	=	128	R	Table_2.xlsx
33658988	ST2	12-02895				BMD MIC (median)
Ceftarolina	=	2.0	R	Table_2.xlsx
33658988	ST2	12-02895				BMD  MIC
Oxacillin	=	256	R	Table_2.xlsx
33658988	ST2	12-03081				BMD MIC (median)
Ceftarolina	=	2.0	R	Table_2.xlsx
33658988	ST2	12-03081				BMD  MIC
Oxacillin	=	128	R	Table_2.xlsx
33658988	ST2	12-03139				BMD MIC (median)
Ceftarolina	=	2.0	R	Table_2.xlsx
33658988	ST2	12-03139				BMD  MIC
Oxacillin	=	128	R	Table_2.xlsx
33658988	ST2	12-03561-1				BMD MIC (median)
Ceftarolina	=	2.0	R	Table_2.xlsx
33658988	ST2	12-03561-1				BMD  MIC
Oxacillin	=	1024	R	Table_2.xlsx
33658988	ST2	12-02600				BMD MIC (median)
Ceftarolina	=	2.0	R	Table_2.xlsx
33658988	ST2	12-02600				BMD  MIC
Oxacillin	=	512	R	Table_2.xlsx
33658988	ST2	12-02888				BMD MIC (median)
Ceftarolina	=	2.0	R	Table_2.xlsx
33658988	ST2	12-02888				BMD  MIC
Oxacillin	=	64	R	Table_2.xlsx
33658988	ST2	12-02461				BMD MIC (median)
Ceftarolina	=	1.0	S	Table_2.xlsx
33658988	ST2	12-02461				BMD  MIC
Oxacillin	=	32	R	Table_2.xlsx
33658988	ST2	12-02856				BMD MIC (median)
Ceftarolina	=	1.0	S	Table_2.xlsx
33658988	ST2	12-02856				BMD  MIC
Oxacillin	=	128	R	Table_2.xlsx
33658988	ST2	16-03048				BMD MIC (median)
Ceftarolina	=	1.0	S	Table_2.xlsx
33658988	ST2	16-03048				BMD  MIC
Oxacillin	=	34	R	Table_2.xlsx
33658988	ST2	16-02541-1				BMD MIC (median)
Ceftarolina	=	0.25	S	Table_2.xlsx
33658988	ST2	16-02541-1				BMD  MIC
Oxacillin	=	1	S	Table_2.xlsx
33658988	ST2	11-02017				BMD MIC (median)
Ceftarolina	=	0.25	S	Table_2.xlsx
33658988	ST2	11-02017				BMD  MIC
Oxacillin	=	1	S	Table_2.xlsx
33658988	ST2	11-03477-1				BMD MIC (median)
Ceftarolina	=	0.25	S	Table_2.xlsx
33658988	ST2	11-03477-1				BMD  MIC
Oxacillin	=	1	S	Table_2.xlsx
33658988	ST2	14-01528				BMD MIC (median)
Ceftarolina	=	0.25	S	Table_2.xlsx
33658988	ST2	14-01528				BMD  MIC
Oxacillin	=	1	S	Table_2.xlsx
33658988	ST2	10-00598				BMD MIC (median)
Ceftarolina	=	0.125	S	Table_2.xlsx
33658988	ST2	10-00598				BMD  MIC
Oxacillin	=	1	S	Table_2.xlsx
33658988	ST2	10-01482				BMD MIC (median)
Ceftarolina	=	0.125	S	Table_2.xlsx
33658988	ST2	10-01482				BMD  MIC
Oxacillin	=	1	S	Table_2.xlsx
33658988	ST2	12-02956				BMD MIC (median)
Ceftarolina	=	2.0	R	Table_2.xlsx
33658988	ST2	12-02956				BMD  MIC
Oxacillin	=	32	R	Table_2.xlsx
33658988	ST2	12-03280				BMD MIC (median)
Ceftarolina	=	1.0	S	Table_2.xlsx
33658988	ST2	12-03280				BMD  MIC
Oxacillin	=	1	S	Table_2.xlsx
33658988	ST2	14-02150				BMD MIC (median)
Ceftarolina	=	0.5	S	Table_2.xlsx
33658988	ST2	14-02150				BMD  MIC
Oxacillin	=	16	R	Table_2.xlsx
33658988	ST2	08-00271				BMD MIC (median)
Ceftarolina	=	0.125	S	Table_2.xlsx
33658988	ST2	08-00271				BMD  MIC
Oxacillin	=	1	S	Table_2.xlsx
33658988	ST2	15-02439				BMD MIC (median)
Ceftarolina	=	0.063	S	Table_2.xlsx
33658988	ST2	15-02439				BMD  MIC
Oxacillin	=	1	S	Table_2.xlsx
33658988	ST2	12-02028				BMD MIC (median)
Ceftarolina	=	0.063	S	Table_2.xlsx
33658988	ST2	12-02028				BMD  MIC
Oxacillin	=	1	S	Table_2.xlsx
33658988	ST2	10-00249				BMD MIC (median)
Ceftarolina	=	4.0	R	Table_2.xlsx
33658988	ST2	10-00249				BMD  MIC
Oxacillin	=	1024	R	Table_2.xlsx
33658988	ST2	10-00729				BMD MIC (median)
Ceftarolina	=	4.0	R	Table_2.xlsx
33658988	ST2	10-00729				BMD  MIC
Oxacillin	=	1024	R	Table_2.xlsx
33658988	ST2	10-02919				BMD MIC (median)
Ceftarolina	=	4.0	R	Table_2.xlsx
33658988	ST2	10-02919				BMD  MIC
Oxacillin	=	1024	R	Table_2.xlsx
33658988	ST2	12-00490				BMD MIC (median)
Ceftarolina	=	4.0	R	Table_2.xlsx
33658988	ST2	12-00490				BMD  MIC
Oxacillin	=	1024	R	Table_2.xlsx
33658988	ST2	11-02667				BMD MIC (median)
Ceftarolina	=	4.0	R	Table_2.xlsx
33658988	ST2	11-02667				BMD  MIC
Oxacillin	=	1024	R	Table_2.xlsx
33658988	ST2	12-00264				BMD MIC (median)
Ceftarolina	=	4.0	R	Table_2.xlsx
33658988	ST2	12-00264				BMD  MIC
Oxacillin	=	1024	R	Table_2.xlsx
33658988	ST2	10-01267				BMD MIC (median)
Ceftarolina	=	4.0	R	Table_2.xlsx
33658988	ST2	10-01267				BMD  MIC
Oxacillin	=	1024	R	Table_2.xlsx
33658988	ST2	14-01734				BMD MIC (median)
Ceftarolina	=	4.0	R	Table_2.xlsx
33658988	ST2	14-01734				BMD  MIC
Oxacillin	=	512	R	Table_2.xlsx
33658988	ST2	10-00329				BMD MIC (median)
Ceftarolina	=	0.125	S	Table_2.xlsx
33658988	ST2	10-00329				BMD  MIC
Oxacillin	=	1	S	Table_2.xlsx
33658988	ST2	12-02627				BMD MIC (median)
Ceftarolina	=	4.0	R	Table_2.xlsx
33658988	ST2	12-02627				BMD  MIC
Oxacillin	=	1024	R	Table_2.xlsx
33658988	ST2	12-02354				BMD MIC (median)
Ceftarolina	=	2.0	R	Table_2.xlsx
33658988	ST2	12-02354				BMD  MIC
Oxacillin	=	256	R	Table_2.xlsx
33658988	ST2	12-02813				BMD MIC (median)
Ceftarolina	=	2.0	R	Table_2.xlsx
33658988	ST2	12-02813				BMD  MIC
Oxacillin	=	1024	R	Table_2.xlsx
33658988	ST2	12-02973				BMD MIC (median)
Ceftarolina	=	2.0	R	Table_2.xlsx
33658988	ST2	12-02973				BMD  MIC
Oxacillin	=	64	R	Table_2.xlsx
33658988	ST2	12-03094				BMD MIC (median)
Ceftarolina	=	2.0	R	Table_2.xlsx
33658988	ST2	12-03094				BMD  MIC
Oxacillin	=	96	R	Table_2.xlsx
33658988	ST2	12-03546				BMD MIC (median)
Ceftarolina	=	2.0	R	Table_2.xlsx
33658988	ST2	12-03546				BMD  MIC
Oxacillin	=	128	R	Table_2.xlsx
33658988	ST2	14-03505				BMD MIC (median)
Ceftarolina	=	1.0	S	Table_2.xlsx
33658988	ST2	14-03505				BMD  MIC
Oxacillin	=	128	R	Table_2.xlsx
33658988	ST2	12-02225				BMD MIC (median)
Ceftarolina	=	1.0	S	Table_2.xlsx
33658988	ST2	12-02225				BMD  MIC
Oxacillin	=	128	R	Table_2.xlsx
33658988	ST2	12-02230				BMD MIC (median)
Ceftarolina	=	1.0	S	Table_2.xlsx
33658988	ST2	12-02230				BMD  MIC
Oxacillin	=	32	R	Table_2.xlsx
33658988	ST2	12-02870				BMD MIC (median)
Ceftarolina	=	1.0	S	Table_2.xlsx
33658988	ST2	12-02870				BMD  MIC
Oxacillin	=	8	R	Table_2.xlsx
33658988	ST2	12-03115				BMD MIC (median)
Ceftarolina	=	1.0	S	Table_2.xlsx
33658988	ST2	12-03115				BMD  MIC
Oxacillin	>	4	R	Table_2.xlsx
33658988	ST2	12-02427-1				BMD MIC (median)
Ceftarolina	=	0.5	S	Table_2.xlsx
33658988	ST2	12-02427-1				BMD  MIC
Oxacillin	>	4	R	Table_2.xlsx
33658988	ST2	12-00046				BMD MIC (median)
Ceftarolina	=	0.25	S	Table_2.xlsx
33658988	ST2	12-00046				BMD  MIC
Oxacillin	=	1	S	Table_2.xlsx
33658988	ST2	98-01155-2				BMD MIC (median)
Ceftarolina	=	4.0	R	Table_2.xlsx
33658988	ST2	98-01155-2				BMD  MIC
Oxacillin	=	1024	R	Table_2.xlsx
33658988	ST2	11-00453				BMD MIC (median)
Ceftarolina	=	4.0	R	Table_2.xlsx
33658988	ST2	11-00453				BMD  MIC
Oxacillin	=	1024	R	Table_2.xlsx
33658988	ST2	99-00653				BMD MIC (median)
Ceftarolina	=	4.0	R	Table_2.xlsx
33658988	ST2	99-00653				BMD  MIC
Oxacillin	=	512	R	Table_2.xlsx
33658988	ST2	12-02831				BMD MIC (median)
Ceftarolina	=	4.0	R	Table_2.xlsx
33658988	ST2	12-02831				BMD  MIC
Oxacillin	=	1024	R	Table_2.xlsx
33658988	ST2	12-00567				BMD MIC (median)
Ceftarolina	=	4.0	R	Table_2.xlsx
33658988	ST2	12-00567				BMD  MIC
Oxacillin	=	1024	R	Table_2.xlsx
33658988	ST2	10-00777				BMD MIC (median)
Ceftarolina	=	2.0	R	Table_2.xlsx
33658988	ST2	10-00777				BMD  MIC
Oxacillin	=	512	R	Table_2.xlsx
33658988	ST2	02-03179				BMD MIC (median)
Ceftarolina	=	2.0	R	Table_2.xlsx
33658988	ST2	02-03179				BMD  MIC
Oxacillin	=	1024	R	Table_2.xlsx
33658988	ST2	10-01257-2				BMD MIC (median)
Ceftarolina	=	2.0	R	Table_2.xlsx
33658988	ST2	10-01257-2				BMD  MIC
Oxacillin	=	1024	R	Table_2.xlsx
33658988	ST2	10-01263				BMD MIC (median)
Ceftarolina	=	2.0	R	Table_2.xlsx
33658988	ST2	10-01263				BMD  MIC
Oxacillin	=	512	R	Table_2.xlsx
33658988	ST2	11-00668				BMD MIC (median)
Ceftarolina	=	2.0	R	Table_2.xlsx
33658988	ST2	11-00668				BMD  MIC
Oxacillin	=	1024	R	Table_2.xlsx
33658988	ST2	11-03330				BMD MIC (median)
Ceftarolina	=	1.0	S	Table_2.xlsx
33658988	ST2	11-03330				BMD  MIC
Oxacillin	=	1	S	Table_2.xlsx
33658988	ST2	12-02057-2				BMD MIC (median)
Ceftarolina	=	4.0	R	Table_2.xlsx
33658988	ST2	12-02057-2				BMD  MIC
Oxacillin	=	512	R	Table_2.xlsx
33658988	ST2	12-03222				BMD MIC (median)
Ceftarolina	=	4.0	R	Table_2.xlsx
33658988	ST2	12-03222				BMD  MIC
Oxacillin	=	1024	R	Table_2.xlsx
33658988	ST2	12-02408-1				BMD MIC (median)
Ceftarolina	=	4.0	R	Table_2.xlsx
33658988	ST2	12-02408-1				BMD  MIC
Oxacillin	=	1024	R	Table_2.xlsx
33658988	ST2	08-01162-2				BMD MIC (median)
Ceftarolina	=	4.0	R	Table_2.xlsx
33658988	ST2	08-01162-2				BMD  MIC
Oxacillin	=	1024	R	Table_2.xlsx
33658988	ST2	10-01507				BMD MIC (median)
Ceftarolina	=	2.0	R	Table_2.xlsx
33658988	ST2	10-01507				BMD  MIC
Oxacillin	=	512	R	Table_2.xlsx
33658988	ST2	12-01456-2				BMD MIC (median)
Ceftarolina	=	2.0	R	Table_2.xlsx
33658988	ST2	12-01456-2				BMD  MIC
Oxacillin	=	512	R	Table_2.xlsx
33658988	ST2	09-00215				BMD MIC (median)
Ceftarolina	=	1.0	S	Table_2.xlsx
33658988	ST2	09-00215				BMD  MIC
Oxacillin	=	3	S	Table_2.xlsx
33658988	ST2	09-00212				BMD MIC (median)
Ceftarolina	=	0.5	S	Table_2.xlsx
33658988	ST2	09-00212				BMD  MIC
Oxacillin	=	128	R	Table_2.xlsx
33658988	ST2	11-01226				BMD MIC (median)
Ceftarolina	=	0.25	S	Table_2.xlsx
33658988	ST2	11-01226				BMD  MIC
Oxacillin	=	1	S	Table_2.xlsx
33658988	ST2	10-00856				BMD MIC (median)
Ceftarolina	=	0.5	S	Table_2.xlsx
33658988	ST2	10-00856				BMD  MIC
Oxacillin	=	8	R	Table_2.xlsx
33658988	ST2	12-03411				BMD MIC (median)
Ceftarolina	=	4.0	R	Table_2.xlsx
33658988	ST2	12-03411				BMD  MIC
Oxacillin	=	512	R	Table_2.xlsx
33658988	ST2	15-01585				BMD MIC (median)
Ceftarolina	=	0.125	S	Table_2.xlsx
33658988	ST2	15-01585				BMD  MIC
Oxacillin	=	1	S	Table_2.xlsx
33658988	ST2	12-03317				BMD MIC (median)
Ceftarolina	=	4.0	R	Table_2.xlsx
33658988	ST2	12-03317				BMD  MIC
Oxacillin	=	1024	R	Table_2.xlsx
33658988	ST2	16-02597				BMD MIC (median)
Ceftarolina	=	0.5	S	Table_2.xlsx
33658988	ST2	16-02597				BMD  MIC
Oxacillin	=	32	R	Table_2.xlsx
33658988	Tabelle1	12-03340				BMD MIC (median)
Ceftarolina	=	1.0	S	Table_5.xlsx
33658988	Tabelle1	12-03341				BMD MIC (median)
Ceftarolina	=	1.0	S	Table_5.xlsx
33658988	Tabelle1	12-03499				BMD MIC (median)
Ceftarolina	=	1.0	S	Table_5.xlsx
33658988	Tabelle1	06-00998				BMD MIC (median)
Ceftarolina	=	0.5	S	Table_5.xlsx
33658988	Tabelle1	06-01624				BMD MIC (median)
Ceftarolina	=	0.5	S	Table_5.xlsx
33658988	Tabelle1	12-02858-1				BMD MIC (median)
Ceftarolina	=	0.5	S	Table_5.xlsx
33658988	Tabelle1	10-03087				BMD MIC (median)
Ceftarolina	=	0.5	S	Table_5.xlsx
33658988	Tabelle1	09-01718				BMD MIC (median)
Ceftarolina	=	0.125	S	Table_5.xlsx
33658988	Tabelle1	09-03066				BMD MIC (median)
Ceftarolina	=	0.125	S	Table_5.xlsx
33658988	Tabelle1	14-02900				BMD MIC (median)
Ceftarolina	=	0.125	S	Table_5.xlsx
33658988	Tabelle1	12-01857				BMD MIC (median)
Ceftarolina	=	0.125	S	Table_5.xlsx
33658988	Tabelle1	14-01092				BMD MIC (median)
Ceftarolina	=	0.125	S	Table_5.xlsx
33658988	Tabelle1	12-03136				BMD MIC (median)
Ceftarolina	=	2.0	R	Table_5.xlsx
33658988	Tabelle1	16-02942				BMD MIC (median)
Ceftarolina	=	1.0	S	Table_5.xlsx
33658988	Tabelle1	16-02658				BMD MIC (median)
Ceftarolina	=	0.5	S	Table_5.xlsx
33658988	Tabelle1	12-02278				BMD MIC (median)
Ceftarolina	=	2.0	R	Table_5.xlsx
33658988	Tabelle1	12-02289				BMD MIC (median)
Ceftarolina	=	2.0	R	Table_5.xlsx
33658988	Tabelle1	12-02755				BMD MIC (median)
Ceftarolina	=	2.0	R	Table_5.xlsx
33658988	Tabelle1	12-02846				BMD MIC (median)
Ceftarolina	=	2.0	R	Table_5.xlsx
33658988	Tabelle1	12-02895				BMD MIC (median)
Ceftarolina	=	2.0	R	Table_5.xlsx
33658988	Tabelle1	12-03081				BMD MIC (median)
Ceftarolina	=	2.0	R	Table_5.xlsx
33658988	Tabelle1	12-03139				BMD MIC (median)
Ceftarolina	=	2.0	R	Table_5.xlsx
33658988	Tabelle1	12-03561-1				BMD MIC (median)
Ceftarolina	=	2.0	R	Table_5.xlsx
33658988	Tabelle1	12-02600				BMD MIC (median)
Ceftarolina	=	2.0	R	Table_5.xlsx
33658988	Tabelle1	12-02888				BMD MIC (median)
Ceftarolina	=	2.0	R	Table_5.xlsx
33658988	Tabelle1	12-02461				BMD MIC (median)
Ceftarolina	=	1.0	S	Table_5.xlsx
33658988	Tabelle1	12-02856				BMD MIC (median)
Ceftarolina	=	1.0	S	Table_5.xlsx
33658988	Tabelle1	16-03048				BMD MIC (median)
Ceftarolina	=	1.0	S	Table_5.xlsx
33658988	Tabelle1	16-02541-1				BMD MIC (median)
Ceftarolina	=	0.25	S	Table_5.xlsx
33658988	Tabelle1	11-02017				BMD MIC (median)
Ceftarolina	=	0.25	S	Table_5.xlsx
33658988	Tabelle1	11-03477-1				BMD MIC (median)
Ceftarolina	=	0.25	S	Table_5.xlsx
33658988	Tabelle1	14-01528				BMD MIC (median)
Ceftarolina	=	0.25	S	Table_5.xlsx
33658988	Tabelle1	10-00598				BMD MIC (median)
Ceftarolina	=	0.125	S	Table_5.xlsx
33658988	Tabelle1	10-01482				BMD MIC (median)
Ceftarolina	=	0.125	S	Table_5.xlsx
33658988	Tabelle1	12-02956				BMD MIC (median)
Ceftarolina	=	2.0	R	Table_5.xlsx
33658988	Tabelle1	12-03280				BMD MIC (median)
Ceftarolina	=	1.0	S	Table_5.xlsx
33658988	Tabelle1	14-02150				BMD MIC (median)
Ceftarolina	=	0.5	S	Table_5.xlsx
33658988	Tabelle1	08-00271				BMD MIC (median)
Ceftarolina	=	0.125	S	Table_5.xlsx
33658988	Tabelle1	15-02439				BMD MIC (median)
Ceftarolina	=	0.063	S	Table_5.xlsx
33658988	Tabelle1	12-02028				BMD MIC (median)
Ceftarolina	=	0.063	S	Table_5.xlsx
33658988	Tabelle1	10-00249				BMD MIC (median)
Ceftarolina	=	4.0	R	Table_5.xlsx
33658988	Tabelle1	10-00729				BMD MIC (median)
Ceftarolina	=	4.0	R	Table_5.xlsx
33658988	Tabelle1	10-02919				BMD MIC (median)
Ceftarolina	=	4.0	R	Table_5.xlsx
33658988	Tabelle1	12-00490				BMD MIC (median)
Ceftarolina	=	4.0	R	Table_5.xlsx
33658988	Tabelle1	11-02667				BMD MIC (median)
Ceftarolina	=	4.0	R	Table_5.xlsx
33658988	Tabelle1	12-00264				BMD MIC (median)
Ceftarolina	=	4.0	R	Table_5.xlsx
33658988	Tabelle1	10-01267				BMD MIC (median)
Ceftarolina	=	4.0	R	Table_5.xlsx
33658988	Tabelle1	14-01734				BMD MIC (median)
Ceftarolina	=	4.0	R	Table_5.xlsx
33658988	Tabelle1	10-00329				BMD MIC (median)
Ceftarolina	=	0.125	S	Table_5.xlsx
33658988	Tabelle1	12-02627				BMD MIC (median)
Ceftarolina	=	4.0	R	Table_5.xlsx
33658988	Tabelle1	12-02354				BMD MIC (median)
Ceftarolina	=	2.0	R	Table_5.xlsx
33658988	Tabelle1	12-02813				BMD MIC (median)
Ceftarolina	=	2.0	R	Table_5.xlsx
33658988	Tabelle1	12-02973				BMD MIC (median)
Ceftarolina	=	2.0	R	Table_5.xlsx
33658988	Tabelle1	12-03094				BMD MIC (median)
Ceftarolina	=	2.0	R	Table_5.xlsx
33658988	Tabelle1	12-03546				BMD MIC (median)
Ceftarolina	=	2.0	R	Table_5.xlsx
33658988	Tabelle1	14-03505				BMD MIC (median)
Ceftarolina	=	1.0	S	Table_5.xlsx
33658988	Tabelle1	12-02225				BMD MIC (median)
Ceftarolina	=	1.0	S	Table_5.xlsx
33658988	Tabelle1	12-02230				BMD MIC (median)
Ceftarolina	=	1.0	S	Table_5.xlsx
33658988	Tabelle1	12-02870				BMD MIC (median)
Ceftarolina	=	1.0	S	Table_5.xlsx
33658988	Tabelle1	12-03115				BMD MIC (median)
Ceftarolina	=	1.0	S	Table_5.xlsx
33658988	Tabelle1	12-02427-1				BMD MIC (median)
Ceftarolina	=	0.5	S	Table_5.xlsx
33658988	Tabelle1	12-00046				BMD MIC (median)
Ceftarolina	=	0.25	S	Table_5.xlsx
33658988	Tabelle1	98-01155-2				BMD MIC (median)
Ceftarolina	=	4.0	R	Table_5.xlsx
33658988	Tabelle1	11-00453				BMD MIC (median)
Ceftarolina	=	4.0	R	Table_5.xlsx
33658988	Tabelle1	99-00653				BMD MIC (median)
Ceftarolina	=	4.0	R	Table_5.xlsx
33658988	Tabelle1	12-02831				BMD MIC (median)
Ceftarolina	=	4.0	R	Table_5.xlsx
33658988	Tabelle1	12-00567				BMD MIC (median)
Ceftarolina	=	4.0	R	Table_5.xlsx
33658988	Tabelle1	10-00777				BMD MIC (median)
Ceftarolina	=	2.0	R	Table_5.xlsx
33658988	Tabelle1	02-03179				BMD MIC (median)
Ceftarolina	=	2.0	R	Table_5.xlsx
33658988	Tabelle1	10-01257-2				BMD MIC (median)
Ceftarolina	=	2.0	R	Table_5.xlsx
33658988	Tabelle1	10-01263				BMD MIC (median)
Ceftarolina	=	2.0	R	Table_5.xlsx
33658988	Tabelle1	11-00668				BMD MIC (median)
Ceftarolina	=	2.0	R	Table_5.xlsx
33658988	Tabelle1	11-03330				BMD MIC (median)
Ceftarolina	=	1.0	S	Table_5.xlsx
33658988	Tabelle1	12-02057-2				BMD MIC (median)
Ceftarolina	=	4.0	R	Table_5.xlsx
33658988	Tabelle1	12-03222				BMD MIC (median)
Ceftarolina	=	4.0	R	Table_5.xlsx
33658988	Tabelle1	12-02408-1				BMD MIC (median)
Ceftarolina	=	4.0	R	Table_5.xlsx
33658988	Tabelle1	08-01162-2				BMD MIC (median)
Ceftarolina	=	4.0	R	Table_5.xlsx
33658988	Tabelle1	10-01507				BMD MIC (median)
Ceftarolina	=	2.0	R	Table_5.xlsx
33658988	Tabelle1	12-01456-2				BMD MIC (median)
Ceftarolina	=	2.0	R	Table_5.xlsx
33658988	Tabelle1	09-00215				BMD MIC (median)
Ceftarolina	=	1.0	S	Table_5.xlsx
33658988	Tabelle1	09-00212				BMD MIC (median)
Ceftarolina	=	0.5	S	Table_5.xlsx
33658988	Tabelle1	11-01226				BMD MIC (median)
Ceftarolina	=	0.25	S	Table_5.xlsx
33658988	Tabelle1	10-00856				BMD MIC (median)
Ceftarolina	=	0.5	S	Table_5.xlsx
33658988	Tabelle1	12-03411				BMD MIC (median)
Ceftarolina	=	4.0	R	Table_5.xlsx
33658988	Tabelle1	15-01585				BMD MIC (median)
Ceftarolina	=	0.125	S	Table_5.xlsx
33658988	Tabelle1	12-03317				BMD MIC (median)
Ceftarolina	=	4.0	R	Table_5.xlsx
33658988	Tabelle1	16-02597				BMD MIC (median)
Ceftarolina	=	0.5	S	Table_5.xlsx
33658988	ST2	12-03340				BMD MIC (median)
Ceftarolina	=	1.0	S	Table_6.xlsx
33658988	ST2	12-03341				BMD MIC (median)
Ceftarolina	=	1.0	S	Table_6.xlsx
33658988	ST2	12-03499				BMD MIC (median)
Ceftarolina	=	1.0	S	Table_6.xlsx
33658988	ST2	06-00998				BMD MIC (median)
Ceftarolina	=	0.5	S	Table_6.xlsx
33658988	ST2	06-01624				BMD MIC (median)
Ceftarolina	=	0.5	S	Table_6.xlsx
33658988	ST2	12-02858-1				BMD MIC (median)
Ceftarolina	=	0.5	S	Table_6.xlsx
33658988	ST2	10-03087				BMD MIC (median)
Ceftarolina	=	0.5	S	Table_6.xlsx
33658988	ST2	09-01718				BMD MIC (median)
Ceftarolina	=	0.125	S	Table_6.xlsx
33658988	ST2	09-03066				BMD MIC (median)
Ceftarolina	=	0.125	S	Table_6.xlsx
33658988	ST2	14-02900				BMD MIC (median)
Ceftarolina	=	0.125	S	Table_6.xlsx
33658988	ST2	12-01857				BMD MIC (median)
Ceftarolina	=	0.125	S	Table_6.xlsx
33658988	ST2	14-01092				BMD MIC (median)
Ceftarolina	=	0.125	S	Table_6.xlsx
33658988	ST2	12-03136				BMD MIC (median)
Ceftarolina	=	2.0	R	Table_6.xlsx
33658988	ST2	16-02942				BMD MIC (median)
Ceftarolina	=	1.0	S	Table_6.xlsx
33658988	ST2	16-02658				BMD MIC (median)
Ceftarolina	=	0.5	S	Table_6.xlsx
33658988	ST2	12-02278				BMD MIC (median)
Ceftarolina	=	2.0	R	Table_6.xlsx
33658988	ST2	12-02289				BMD MIC (median)
Ceftarolina	=	2.0	R	Table_6.xlsx
33658988	ST2	12-02755				BMD MIC (median)
Ceftarolina	=	2.0	R	Table_6.xlsx
33658988	ST2	12-02846				BMD MIC (median)
Ceftarolina	=	2.0	R	Table_6.xlsx
33658988	ST2	12-02895				BMD MIC (median)
Ceftarolina	=	2.0	R	Table_6.xlsx
33658988	ST2	12-03081				BMD MIC (median)
Ceftarolina	=	2.0	R	Table_6.xlsx
33658988	ST2	12-03139				BMD MIC (median)
Ceftarolina	=	2.0	R	Table_6.xlsx
33658988	ST2	12-03561-1				BMD MIC (median)
Ceftarolina	=	2.0	R	Table_6.xlsx
33658988	ST2	12-02600				BMD MIC (median)
Ceftarolina	=	2.0	R	Table_6.xlsx
33658988	ST2	12-02888				BMD MIC (median)
Ceftarolina	=	2.0	R	Table_6.xlsx
33658988	ST2	12-02461				BMD MIC (median)
Ceftarolina	=	1.0	S	Table_6.xlsx
33658988	ST2	12-02856				BMD MIC (median)
Ceftarolina	=	1.0	S	Table_6.xlsx
33658988	ST2	16-03048				BMD MIC (median)
Ceftarolina	=	1.0	S	Table_6.xlsx
33658988	ST2	16-02541-1				BMD MIC (median)
Ceftarolina	=	0.25	S	Table_6.xlsx
33658988	ST2	11-02017				BMD MIC (median)
Ceftarolina	=	0.25	S	Table_6.xlsx
33658988	ST2	11-03477-1				BMD MIC (median)
Ceftarolina	=	0.25	S	Table_6.xlsx
33658988	ST2	14-01528				BMD MIC (median)
Ceftarolina	=	0.25	S	Table_6.xlsx
33658988	ST2	10-00598				BMD MIC (median)
Ceftarolina	=	0.125	S	Table_6.xlsx
33658988	ST2	10-01482				BMD MIC (median)
Ceftarolina	=	0.125	S	Table_6.xlsx
33658988	ST2	12-02956				BMD MIC (median)
Ceftarolina	=	2.0	R	Table_6.xlsx
33658988	ST2	12-03280				BMD MIC (median)
Ceftarolina	=	1.0	S	Table_6.xlsx
33658988	ST2	14-02150				BMD MIC (median)
Ceftarolina	=	0.5	S	Table_6.xlsx
33658988	ST2	08-00271				BMD MIC (median)
Ceftarolina	=	0.125	S	Table_6.xlsx
33658988	ST2	15-02439				BMD MIC (median)
Ceftarolina	=	0.063	S	Table_6.xlsx
33658988	ST2	12-02028				BMD MIC (median)
Ceftarolina	=	0.063	S	Table_6.xlsx
33658988	ST2	10-00249				BMD MIC (median)
Ceftarolina	=	4.0	R	Table_6.xlsx
33658988	ST2	10-00729				BMD MIC (median)
Ceftarolina	=	4.0	R	Table_6.xlsx
33658988	ST2	10-02919				BMD MIC (median)
Ceftarolina	=	4.0	R	Table_6.xlsx
33658988	ST2	12-00490				BMD MIC (median)
Ceftarolina	=	4.0	R	Table_6.xlsx
33658988	ST2	11-02667				BMD MIC (median)
Ceftarolina	=	4.0	R	Table_6.xlsx
33658988	ST2	12-00264				BMD MIC (median)
Ceftarolina	=	4.0	R	Table_6.xlsx
33658988	ST2	10-01267				BMD MIC (median)
Ceftarolina	=	4.0	R	Table_6.xlsx
33658988	ST2	14-01734				BMD MIC (median)
Ceftarolina	=	4.0	R	Table_6.xlsx
33658988	ST2	10-00329				BMD MIC (median)
Ceftarolina	=	0.125	S	Table_6.xlsx
33658988	ST2	12-02627				BMD MIC (median)
Ceftarolina	=	4.0	R	Table_6.xlsx
33658988	ST2	12-02354				BMD MIC (median)
Ceftarolina	=	2.0	R	Table_6.xlsx
33658988	ST2	12-02813				BMD MIC (median)
Ceftarolina	=	2.0	R	Table_6.xlsx
33658988	ST2	12-02973				BMD MIC (median)
Ceftarolina	=	2.0	R	Table_6.xlsx
33658988	ST2	12-03094				BMD MIC (median)
Ceftarolina	=	2.0	R	Table_6.xlsx
33658988	ST2	12-03546				BMD MIC (median)
Ceftarolina	=	2.0	R	Table_6.xlsx
33658988	ST2	14-03505				BMD MIC (median)
Ceftarolina	=	1.0	S	Table_6.xlsx
33658988	ST2	12-02225				BMD MIC (median)
Ceftarolina	=	1.0	S	Table_6.xlsx
33658988	ST2	12-02230				BMD MIC (median)
Ceftarolina	=	1.0	S	Table_6.xlsx
33658988	ST2	12-02870				BMD MIC (median)
Ceftarolina	=	1.0	S	Table_6.xlsx
33658988	ST2	12-03115				BMD MIC (median)
Ceftarolina	=	1.0	S	Table_6.xlsx
33658988	ST2	12-02427-1				BMD MIC (median)
Ceftarolina	=	0.5	S	Table_6.xlsx
33658988	ST2	12-00046				BMD MIC (median)
Ceftarolina	=	0.25	S	Table_6.xlsx
33658988	ST2	98-01155-2				BMD MIC (median)
Ceftarolina	=	4.0	R	Table_6.xlsx
33658988	ST2	11-00453				BMD MIC (median)
Ceftarolina	=	4.0	R	Table_6.xlsx
33658988	ST2	99-00653				BMD MIC (median)
Ceftarolina	=	4.0	R	Table_6.xlsx
33658988	ST2	12-02831				BMD MIC (median)
Ceftarolina	=	4.0	R	Table_6.xlsx
33658988	ST2	12-00567				BMD MIC (median)
Ceftarolina	=	4.0	R	Table_6.xlsx
33658988	ST2	10-00777				BMD MIC (median)
Ceftarolina	=	2.0	R	Table_6.xlsx
33658988	ST2	02-03179				BMD MIC (median)
Ceftarolina	=	2.0	R	Table_6.xlsx
33658988	ST2	10-01257-2				BMD MIC (median)
Ceftarolina	=	2.0	R	Table_6.xlsx
33658988	ST2	10-01263				BMD MIC (median)
Ceftarolina	=	2.0	R	Table_6.xlsx
33658988	ST2	11-00668				BMD MIC (median)
Ceftarolina	=	2.0	R	Table_6.xlsx
33658988	ST2	11-03330				BMD MIC (median)
Ceftarolina	=	1.0	S	Table_6.xlsx
33658988	ST2	12-02057-2				BMD MIC (median)
Ceftarolina	=	4.0	R	Table_6.xlsx
33658988	ST2	12-03222				BMD MIC (median)
Ceftarolina	=	4.0	R	Table_6.xlsx
33658988	ST2	12-02408-1				BMD MIC (median)
Ceftarolina	=	4.0	R	Table_6.xlsx
33658988	ST2	08-01162-2				BMD MIC (median)
Ceftarolina	=	4.0	R	Table_6.xlsx
33658988	ST2	10-01507				BMD MIC (median)
Ceftarolina	=	2.0	R	Table_6.xlsx
33658988	ST2	12-01456-2				BMD MIC (median)
Ceftarolina	=	2.0	R	Table_6.xlsx
33658988	ST2	09-00215				BMD MIC (median)
Ceftarolina	=	1.0	S	Table_6.xlsx
33658988	ST2	09-00212				BMD MIC (median)
Ceftarolina	=	0.5	S	Table_6.xlsx
33658988	ST2	11-01226				BMD MIC (median)
Ceftarolina	=	0.25	S	Table_6.xlsx
33658988	ST2	10-00856				BMD MIC (median)
Ceftarolina	=	0.5	S	Table_6.xlsx
33658988	ST2	12-03411				BMD MIC (median)
Ceftarolina	=	4.0	R	Table_6.xlsx
33658988	ST2	15-01585				BMD MIC (median)
Ceftarolina	=	0.125	S	Table_6.xlsx
33658988	ST2	12-03317				BMD MIC (median)
Ceftarolina	=	4.0	R	Table_6.xlsx
33658988	ST2	16-02597				BMD MIC (median)
Ceftarolina	=	0.5	S	Table_6.xlsx
29729180	Sheet 1	1151-66	ERS2213321 (SAMEA104602039)	Accession		MIC	>=	0.5	R	BJD-179-951-s001.xlsx
29729180	Sheet 1	1151-66	ERS2213321 (SAMEA104602039)	Accession		MIC.1	<=	0.25	S	BJD-179-951-s001.xlsx
29729180	Sheet 1	1151-66	ERS2213321 (SAMEA104602039)	Accession		MIC.2	<=	0.5	S	BJD-179-951-s001.xlsx
29729180	Sheet 1	1151-66	ERS2213321 (SAMEA104602039)	Accession		MIC.3	<=	0.5	S	BJD-179-951-s001.xlsx
29729180	Sheet 1	1151-66	ERS2213321 (SAMEA104602039)	Accession		MIC.4	=	1	S	BJD-179-951-s001.xlsx
29729180	Sheet 1	1151-66	ERS2213321 (SAMEA104602039)	Accession		MIC.5	=	0.25	S	BJD-179-951-s001.xlsx
29729180	Sheet 1	1151-66	ERS2213321 (SAMEA104602039)	Accession		MIC.6	<=	1	S	BJD-179-951-s001.xlsx
29729180	Sheet 1	1151-66	ERS2213321 (SAMEA104602039)	Accession		MIC.7	=	4	R	BJD-179-951-s001.xlsx
29729180	Sheet 1	1151-66	ERS2213321 (SAMEA104602039)	Accession		MIC.8	<=	2	S	BJD-179-951-s001.xlsx
29729180	Sheet 1	1151-66	ERS2213321 (SAMEA104602039)	Accession		MIC.9	<=	0.5	S	BJD-179-951-s001.xlsx
29729180	Sheet 1	1151-66	ERS2213321 (SAMEA104602039)	Accession		MIC.10	=	2	S	BJD-179-951-s001.xlsx
29729180	Sheet 1	1151-66	ERS2213321 (SAMEA104602039)	Accession		MIC.11	=	0.25	S	BJD-179-951-s001.xlsx
29729180	Sheet 1	1151-66	ERS2213321 (SAMEA104602039)	Accession		MIC.12	<=	0.5	S	BJD-179-951-s001.xlsx
29729180	Sheet 1	1151-66	ERS2213321 (SAMEA104602039)	Accession		MIC.13	=	1	S	BJD-179-951-s001.xlsx
29729180	Sheet 1	1151-66	ERS2213321 (SAMEA104602039)	Accession		MIC.14	=	8	S	BJD-179-951-s001.xlsx
29729180	Sheet 1	1151-66	ERS2213321 (SAMEA104602039)	Accession		MIC.15	<=	0.03	S	BJD-179-951-s001.xlsx
29729180	Sheet 1	1332-23	ERS2213322 (SAMEA104602040)	Accession		MIC	>=	0.5	R	BJD-179-951-s001.xlsx
29729180	Sheet 1	1332-23	ERS2213322 (SAMEA104602040)	Accession		MIC.1	<=	0.25	S	BJD-179-951-s001.xlsx
29729180	Sheet 1	1332-23	ERS2213322 (SAMEA104602040)	Accession		MIC.2	<=	0.5	S	BJD-179-951-s001.xlsx
29729180	Sheet 1	1332-23	ERS2213322 (SAMEA104602040)	Accession		MIC.3	<=	0.5	S	BJD-179-951-s001.xlsx
29729180	Sheet 1	1332-23	ERS2213322 (SAMEA104602040)	Accession		MIC.4	>=	8	R	BJD-179-951-s001.xlsx
29729180	Sheet 1	1332-23	ERS2213322 (SAMEA104602040)	Accession		MIC.5	=	0.25	R	BJD-179-951-s001.xlsx
29729180	Sheet 1	1332-23	ERS2213322 (SAMEA104602040)	Accession		MIC.6	<=	1	S	BJD-179-951-s001.xlsx
29729180	Sheet 1	1332-23	ERS2213322 (SAMEA104602040)	Accession		MIC.7	<=	0.5	S	BJD-179-951-s001.xlsx
29729180	Sheet 1	1332-23	ERS2213322 (SAMEA104602040)	Accession		MIC.8	<=	2	S	BJD-179-951-s001.xlsx
29729180	Sheet 1	1332-23	ERS2213322 (SAMEA104602040)	Accession		MIC.9	<=	0.5	S	BJD-179-951-s001.xlsx
29729180	Sheet 1	1332-23	ERS2213322 (SAMEA104602040)	Accession		MIC.10	=	2	S	BJD-179-951-s001.xlsx
29729180	Sheet 1	1332-23	ERS2213322 (SAMEA104602040)	Accession		MIC.11	=	0.25	S	BJD-179-951-s001.xlsx
29729180	Sheet 1	1332-23	ERS2213322 (SAMEA104602040)	Accession		MIC.12	<=	0.5	S	BJD-179-951-s001.xlsx
29729180	Sheet 1	1332-23	ERS2213322 (SAMEA104602040)	Accession		MIC.13	=	1	S	BJD-179-951-s001.xlsx
29729180	Sheet 1	1332-23	ERS2213322 (SAMEA104602040)	Accession		MIC.14	=	8	S	BJD-179-951-s001.xlsx
29729180	Sheet 1	1332-23	ERS2213322 (SAMEA104602040)	Accession		MIC.15	<=	0.03	S	BJD-179-951-s001.xlsx
29729180	Sheet 1	1434-01	ERS2213323 (SAMEA104602041)	Accession		MIC	>=	0.5	R	BJD-179-951-s001.xlsx
29729180	Sheet 1	1434-01	ERS2213323 (SAMEA104602041)	Accession		MIC.1	<=	0.25	S	BJD-179-951-s001.xlsx
29729180	Sheet 1	1434-01	ERS2213323 (SAMEA104602041)	Accession		MIC.2	<=	0.5	S	BJD-179-951-s001.xlsx
29729180	Sheet 1	1434-01	ERS2213323 (SAMEA104602041)	Accession		MIC.3	<=	0.5	S	BJD-179-951-s001.xlsx
29729180	Sheet 1	1434-01	ERS2213323 (SAMEA104602041)	Accession		MIC.4	=	0.5	S	BJD-179-951-s001.xlsx
29729180	Sheet 1	1434-01	ERS2213323 (SAMEA104602041)	Accession		MIC.5	=	0.25	S	BJD-179-951-s001.xlsx
29729180	Sheet 1	1434-01	ERS2213323 (SAMEA104602041)	Accession		MIC.6	<=	1	S	BJD-179-951-s001.xlsx
29729180	Sheet 1	1434-01	ERS2213323 (SAMEA104602041)	Accession		MIC.7	<=	0.5	S	BJD-179-951-s001.xlsx
29729180	Sheet 1	1434-01	ERS2213323 (SAMEA104602041)	Accession		MIC.8	<=	2	S	BJD-179-951-s001.xlsx
29729180	Sheet 1	1434-01	ERS2213323 (SAMEA104602041)	Accession		MIC.9	<=	0.5	S	BJD-179-951-s001.xlsx
29729180	Sheet 1	1434-01	ERS2213323 (SAMEA104602041)	Accession		MIC.10	=	2	S	BJD-179-951-s001.xlsx
29729180	Sheet 1	1434-01	ERS2213323 (SAMEA104602041)	Accession		MIC.11	=	0.25	S	BJD-179-951-s001.xlsx
29729180	Sheet 1	1434-01	ERS2213323 (SAMEA104602041)	Accession		MIC.12	<=	0.5	S	BJD-179-951-s001.xlsx
29729180	Sheet 1	1434-01	ERS2213323 (SAMEA104602041)	Accession		MIC.13	=	1	S	BJD-179-951-s001.xlsx
29729180	Sheet 1	1434-01	ERS2213323 (SAMEA104602041)	Accession		MIC.14	=	8	S	BJD-179-951-s001.xlsx
29729180	Sheet 1	1434-01	ERS2213323 (SAMEA104602041)	Accession		MIC.15	<=	0.03	S	BJD-179-951-s001.xlsx
29729180	Sheet 1	1435-93	ERS2213324 (SAMEA104602042)	Accession		MIC	>=	0.5	R	BJD-179-951-s001.xlsx
29729180	Sheet 1	1435-93	ERS2213324 (SAMEA104602042)	Accession		MIC.1	=	0.5	S	BJD-179-951-s001.xlsx
29729180	Sheet 1	1435-93	ERS2213324 (SAMEA104602042)	Accession		MIC.2	<=	0.5	S	BJD-179-951-s001.xlsx
29729180	Sheet 1	1435-93	ERS2213324 (SAMEA104602042)	Accession		MIC.3	<=	0.5	S	BJD-179-951-s001.xlsx
29729180	Sheet 1	1435-93	ERS2213324 (SAMEA104602042)	Accession		MIC.4	=	1	S	BJD-179-951-s001.xlsx
29729180	Sheet 1	1435-93	ERS2213324 (SAMEA104602042)	Accession		MIC.5	=	0.25	S	BJD-179-951-s001.xlsx
29729180	Sheet 1	1435-93	ERS2213324 (SAMEA104602042)	Accession		MIC.6	<=	1	S	BJD-179-951-s001.xlsx
29729180	Sheet 1	1435-93	ERS2213324 (SAMEA104602042)	Accession		MIC.7	<=	0.5	S	BJD-179-951-s001.xlsx
29729180	Sheet 1	1435-93	ERS2213324 (SAMEA104602042)	Accession		MIC.8	<=	2	S	BJD-179-951-s001.xlsx
29729180	Sheet 1	1435-93	ERS2213324 (SAMEA104602042)	Accession		MIC.9	<=	0.5	S	BJD-179-951-s001.xlsx
29729180	Sheet 1	1435-93	ERS2213324 (SAMEA104602042)	Accession		MIC.10	=	2	S	BJD-179-951-s001.xlsx
29729180	Sheet 1	1435-93	ERS2213324 (SAMEA104602042)	Accession		MIC.11	=	0.5	S	BJD-179-951-s001.xlsx
29729180	Sheet 1	1435-93	ERS2213324 (SAMEA104602042)	Accession		MIC.12	<=	0.5	S	BJD-179-951-s001.xlsx
29729180	Sheet 1	1435-93	ERS2213324 (SAMEA104602042)	Accession		MIC.13	=	1	S	BJD-179-951-s001.xlsx
29729180	Sheet 1	1435-93	ERS2213324 (SAMEA104602042)	Accession		MIC.14	=	8	S	BJD-179-951-s001.xlsx
29729180	Sheet 1	1435-93	ERS2213324 (SAMEA104602042)	Accession		MIC.15	<=	0.03	S	BJD-179-951-s001.xlsx
29729180	Sheet 1	1444-05	ERS2213325 (SAMEA104602043)	Accession		MIC	>=	0.5	R	BJD-179-951-s001.xlsx
29729180	Sheet 1	1444-05	ERS2213325 (SAMEA104602043)	Accession		MIC.1	<=	0.25	S	BJD-179-951-s001.xlsx
29729180	Sheet 1	1444-05	ERS2213325 (SAMEA104602043)	Accession		MIC.2	<=	0.5	S	BJD-179-951-s001.xlsx
29729180	Sheet 1	1444-05	ERS2213325 (SAMEA104602043)	Accession		MIC.3	<=	0.5	S	BJD-179-951-s001.xlsx
29729180	Sheet 1	1444-05	ERS2213325 (SAMEA104602043)	Accession		MIC.4	=	1	S	BJD-179-951-s001.xlsx
29729180	Sheet 1	1444-05	ERS2213325 (SAMEA104602043)	Accession		MIC.5	=	0.25	S	BJD-179-951-s001.xlsx
29729180	Sheet 1	1444-05	ERS2213325 (SAMEA104602043)	Accession		MIC.6	<=	1	S	BJD-179-951-s001.xlsx
29729180	Sheet 1	1444-05	ERS2213325 (SAMEA104602043)	Accession		MIC.7	<=	0.5	S	BJD-179-951-s001.xlsx
29729180	Sheet 1	1444-05	ERS2213325 (SAMEA104602043)	Accession		MIC.8	<=	2	S	BJD-179-951-s001.xlsx
29729180	Sheet 1	1444-05	ERS2213325 (SAMEA104602043)	Accession		MIC.9	=	1	S	BJD-179-951-s001.xlsx
29729180	Sheet 1	1444-05	ERS2213325 (SAMEA104602043)	Accession		MIC.10	=	2	S	BJD-179-951-s001.xlsx
29729180	Sheet 1	1444-05	ERS2213325 (SAMEA104602043)	Accession		MIC.11	=	0.25	S	BJD-179-951-s001.xlsx
29729180	Sheet 1	1444-05	ERS2213325 (SAMEA104602043)	Accession		MIC.12	<=	0.5	S	BJD-179-951-s001.xlsx
29729180	Sheet 1	1444-05	ERS2213325 (SAMEA104602043)	Accession		MIC.13	=	1	S	BJD-179-951-s001.xlsx
29729180	Sheet 1	1444-05	ERS2213325 (SAMEA104602043)	Accession		MIC.14	=	8	S	BJD-179-951-s001.xlsx
29729180	Sheet 1	1444-05	ERS2213325 (SAMEA104602043)	Accession		MIC.15	<=	0.03	S	BJD-179-951-s001.xlsx
29729180	Sheet 1	1445-10	ERS2213326 (SAMEA104602044)	Accession		MIC	>=	0.5	R	BJD-179-951-s001.xlsx
29729180	Sheet 1	1445-10	ERS2213326 (SAMEA104602044)	Accession		MIC.1	=	0.5	S	BJD-179-951-s001.xlsx
29729180	Sheet 1	1445-10	ERS2213326 (SAMEA104602044)	Accession		MIC.2	<=	0.5	S	BJD-179-951-s001.xlsx
29729180	Sheet 1	1445-10	ERS2213326 (SAMEA104602044)	Accession		MIC.3	<=	0.5	S	BJD-179-951-s001.xlsx
29729180	Sheet 1	1445-10	ERS2213326 (SAMEA104602044)	Accession		MIC.4	=	1	S	BJD-179-951-s001.xlsx
29729180	Sheet 1	1445-10	ERS2213326 (SAMEA104602044)	Accession		MIC.5	=	0.25	S	BJD-179-951-s001.xlsx
29729180	Sheet 1	1445-10	ERS2213326 (SAMEA104602044)	Accession		MIC.6	<=	1	S	BJD-179-951-s001.xlsx
29729180	Sheet 1	1445-10	ERS2213326 (SAMEA104602044)	Accession		MIC.7	>=	32	R	BJD-179-951-s001.xlsx
29729180	Sheet 1	1445-10	ERS2213326 (SAMEA104602044)	Accession		MIC.8	<=	2	S	BJD-179-951-s001.xlsx
29729180	Sheet 1	1445-10	ERS2213326 (SAMEA104602044)	Accession		MIC.9	<=	0.5	S	BJD-179-951-s001.xlsx
29729180	Sheet 1	1445-10	ERS2213326 (SAMEA104602044)	Accession		MIC.10	=	2	S	BJD-179-951-s001.xlsx
29729180	Sheet 1	1445-10	ERS2213326 (SAMEA104602044)	Accession		MIC.11	=	0.25	S	BJD-179-951-s001.xlsx
29729180	Sheet 1	1445-10	ERS2213326 (SAMEA104602044)	Accession		MIC.12	<=	0.5	S	BJD-179-951-s001.xlsx
29729180	Sheet 1	1445-10	ERS2213326 (SAMEA104602044)	Accession		MIC.13	=	1	S	BJD-179-951-s001.xlsx
29729180	Sheet 1	1445-10	ERS2213326 (SAMEA104602044)	Accession		MIC.14	=	8	S	BJD-179-951-s001.xlsx
29729180	Sheet 1	1445-10	ERS2213326 (SAMEA104602044)	Accession		MIC.15	<=	0.03	S	BJD-179-951-s001.xlsx
29729180	Sheet 1	1446-13	ERS2213327 (SAMEA104602045)	Accession		MIC	>=	0.5	R	BJD-179-951-s001.xlsx
29729180	Sheet 1	1446-13	ERS2213327 (SAMEA104602045)	Accession		MIC.1	=	0.5	S	BJD-179-951-s001.xlsx
29729180	Sheet 1	1446-13	ERS2213327 (SAMEA104602045)	Accession		MIC.2	<=	0.5	S	BJD-179-951-s001.xlsx
29729180	Sheet 1	1446-13	ERS2213327 (SAMEA104602045)	Accession		MIC.3	<=	0.5	S	BJD-179-951-s001.xlsx
29729180	Sheet 1	1446-13	ERS2213327 (SAMEA104602045)	Accession		MIC.4	=	1	S	BJD-179-951-s001.xlsx
29729180	Sheet 1	1446-13	ERS2213327 (SAMEA104602045)	Accession		MIC.5	=	0.25	S	BJD-179-951-s001.xlsx
29729180	Sheet 1	1446-13	ERS2213327 (SAMEA104602045)	Accession		MIC.6	<=	1	S	BJD-179-951-s001.xlsx
29729180	Sheet 1	1446-13	ERS2213327 (SAMEA104602045)	Accession		MIC.7	<=	0.5	S	BJD-179-951-s001.xlsx
29729180	Sheet 1	1446-13	ERS2213327 (SAMEA104602045)	Accession		MIC.8	<=	2	S	BJD-179-951-s001.xlsx
29729180	Sheet 1	1446-13	ERS2213327 (SAMEA104602045)	Accession		MIC.9	<=	0.5	S	BJD-179-951-s001.xlsx
29729180	Sheet 1	1446-13	ERS2213327 (SAMEA104602045)	Accession		MIC.10	=	2	S	BJD-179-951-s001.xlsx
29729180	Sheet 1	1446-13	ERS2213327 (SAMEA104602045)	Accession		MIC.11	=	0.25	S	BJD-179-951-s001.xlsx
29729180	Sheet 1	1446-13	ERS2213327 (SAMEA104602045)	Accession		MIC.12	<=	0.5	S	BJD-179-951-s001.xlsx
29729180	Sheet 1	1446-13	ERS2213327 (SAMEA104602045)	Accession		MIC.13	=	1	S	BJD-179-951-s001.xlsx
29729180	Sheet 1	1446-13	ERS2213327 (SAMEA104602045)	Accession		MIC.14	=	8	S	BJD-179-951-s001.xlsx
29729180	Sheet 1	1446-13	ERS2213327 (SAMEA104602045)	Accession		MIC.15	<=	0.03	S	BJD-179-951-s001.xlsx
29729180	Sheet 1	1447-14	ERS2213328 (SAMEA104602046)	Accession		MIC	>=	0.5	R	BJD-179-951-s001.xlsx
29729180	Sheet 1	1447-14	ERS2213328 (SAMEA104602046)	Accession		MIC.1	=	0.5	S	BJD-179-951-s001.xlsx
29729180	Sheet 1	1447-14	ERS2213328 (SAMEA104602046)	Accession		MIC.2	<=	0.5	S	BJD-179-951-s001.xlsx
29729180	Sheet 1	1447-14	ERS2213328 (SAMEA104602046)	Accession		MIC.3	<=	0.5	S	BJD-179-951-s001.xlsx
29729180	Sheet 1	1447-14	ERS2213328 (SAMEA104602046)	Accession		MIC.4	=	0.5	S	BJD-179-951-s001.xlsx
29729180	Sheet 1	1447-14	ERS2213328 (SAMEA104602046)	Accession		MIC.5	=	0.25	S	BJD-179-951-s001.xlsx
29729180	Sheet 1	1447-14	ERS2213328 (SAMEA104602046)	Accession		MIC.6	<=	1	S	BJD-179-951-s001.xlsx
29729180	Sheet 1	1447-14	ERS2213328 (SAMEA104602046)	Accession		MIC.7	=	16	R	BJD-179-951-s001.xlsx
29729180	Sheet 1	1447-14	ERS2213328 (SAMEA104602046)	Accession		MIC.8	<=	2	S	BJD-179-951-s001.xlsx
29729180	Sheet 1	1447-14	ERS2213328 (SAMEA104602046)	Accession		MIC.9	=	1	S	BJD-179-951-s001.xlsx
29729180	Sheet 1	1447-14	ERS2213328 (SAMEA104602046)	Accession		MIC.10	=	2	S	BJD-179-951-s001.xlsx
29729180	Sheet 1	1447-14	ERS2213328 (SAMEA104602046)	Accession		MIC.11	=	0.25	S	BJD-179-951-s001.xlsx
29729180	Sheet 1	1447-14	ERS2213328 (SAMEA104602046)	Accession		MIC.12	<=	0.5	S	BJD-179-951-s001.xlsx
29729180	Sheet 1	1447-14	ERS2213328 (SAMEA104602046)	Accession		MIC.13	=	1	S	BJD-179-951-s001.xlsx
29729180	Sheet 1	1447-14	ERS2213328 (SAMEA104602046)	Accession		MIC.14	=	8	S	BJD-179-951-s001.xlsx
29729180	Sheet 1	1447-14	ERS2213328 (SAMEA104602046)	Accession		MIC.15	<=	0.03	S	BJD-179-951-s001.xlsx
29729180	Sheet 1	1462-18	ERS2213329 (SAMEA104602047)	Accession		MIC	>=	0.5	R	BJD-179-951-s001.xlsx
29729180	Sheet 1	1462-18	ERS2213329 (SAMEA104602047)	Accession		MIC.1	<=	0.25	S	BJD-179-951-s001.xlsx
29729180	Sheet 1	1462-18	ERS2213329 (SAMEA104602047)	Accession		MIC.2	<=	0.5	S	BJD-179-951-s001.xlsx
29729180	Sheet 1	1462-18	ERS2213329 (SAMEA104602047)	Accession		MIC.3	<=	0.5	S	BJD-179-951-s001.xlsx
29729180	Sheet 1	1462-18	ERS2213329 (SAMEA104602047)	Accession		MIC.4	=	0.5	S	BJD-179-951-s001.xlsx
29729180	Sheet 1	1462-18	ERS2213329 (SAMEA104602047)	Accession		MIC.5	=	0.25	S	BJD-179-951-s001.xlsx
29729180	Sheet 1	1462-18	ERS2213329 (SAMEA104602047)	Accession		MIC.6	<=	1	S	BJD-179-951-s001.xlsx
29729180	Sheet 1	1462-18	ERS2213329 (SAMEA104602047)	Accession		MIC.7	<=	0.5	S	BJD-179-951-s001.xlsx
29729180	Sheet 1	1462-18	ERS2213329 (SAMEA104602047)	Accession		MIC.8	<=	2	S	BJD-179-951-s001.xlsx
29729180	Sheet 1	1462-18	ERS2213329 (SAMEA104602047)	Accession		MIC.9	<=	0.5	S	BJD-179-951-s001.xlsx
29729180	Sheet 1	1462-18	ERS2213329 (SAMEA104602047)	Accession		MIC.10	=	2	S	BJD-179-951-s001.xlsx
29729180	Sheet 1	1462-18	ERS2213329 (SAMEA104602047)	Accession		MIC.11	=	0.25	S	BJD-179-951-s001.xlsx
29729180	Sheet 1	1462-18	ERS2213329 (SAMEA104602047)	Accession		MIC.12	<=	0.5	S	BJD-179-951-s001.xlsx
29729180	Sheet 1	1462-18	ERS2213329 (SAMEA104602047)	Accession		MIC.13	=	1	S	BJD-179-951-s001.xlsx
29729180	Sheet 1	1462-18	ERS2213329 (SAMEA104602047)	Accession		MIC.14	=	8	S	BJD-179-951-s001.xlsx
29729180	Sheet 1	1462-18	ERS2213329 (SAMEA104602047)	Accession		MIC.15	<=	0.03	S	BJD-179-951-s001.xlsx
29729180	Sheet 1	1462-40	ERS2213330 (SAMEA104602048)	Accession		MIC	>=	0.5	R	BJD-179-951-s001.xlsx
29729180	Sheet 1	1462-40	ERS2213330 (SAMEA104602048)	Accession		MIC.1	<=	0.25	S	BJD-179-951-s001.xlsx
29729180	Sheet 1	1462-40	ERS2213330 (SAMEA104602048)	Accession		MIC.2	<=	0.5	S	BJD-179-951-s001.xlsx
29729180	Sheet 1	1462-40	ERS2213330 (SAMEA104602048)	Accession		MIC.3	<=	0.5	S	BJD-179-951-s001.xlsx
29729180	Sheet 1	1462-40	ERS2213330 (SAMEA104602048)	Accession		MIC.4	=	1	S	BJD-179-951-s001.xlsx
29729180	Sheet 1	1462-40	ERS2213330 (SAMEA104602048)	Accession		MIC.5	=	0.25	S	BJD-179-951-s001.xlsx
29729180	Sheet 1	1462-40	ERS2213330 (SAMEA104602048)	Accession		MIC.6	<=	1	S	BJD-179-951-s001.xlsx
29729180	Sheet 1	1462-40	ERS2213330 (SAMEA104602048)	Accession		MIC.7	<=	0.5	S	BJD-179-951-s001.xlsx
29729180	Sheet 1	1462-40	ERS2213330 (SAMEA104602048)	Accession		MIC.8	<=	2	S	BJD-179-951-s001.xlsx
29729180	Sheet 1	1462-40	ERS2213330 (SAMEA104602048)	Accession		MIC.9	<=	0.5	S	BJD-179-951-s001.xlsx
29729180	Sheet 1	1462-40	ERS2213330 (SAMEA104602048)	Accession		MIC.10	=	2	S	BJD-179-951-s001.xlsx
29729180	Sheet 1	1462-40	ERS2213330 (SAMEA104602048)	Accession		MIC.11	=	0.25	S	BJD-179-951-s001.xlsx
29729180	Sheet 1	1462-40	ERS2213330 (SAMEA104602048)	Accession		MIC.12	<=	0.5	S	BJD-179-951-s001.xlsx
29729180	Sheet 1	1462-40	ERS2213330 (SAMEA104602048)	Accession		MIC.13	=	1	S	BJD-179-951-s001.xlsx
29729180	Sheet 1	1462-40	ERS2213330 (SAMEA104602048)	Accession		MIC.14	=	8	S	BJD-179-951-s001.xlsx
29729180	Sheet 1	1462-40	ERS2213330 (SAMEA104602048)	Accession		MIC.15	<=	0.03	S	BJD-179-951-s001.xlsx
29729180	Sheet 1	1464-27	ERS2213331 (SAMEA104602049)	Accession		MIC	>=	0.5	R	BJD-179-951-s001.xlsx
29729180	Sheet 1	1464-27	ERS2213331 (SAMEA104602049)	Accession		MIC.1	=	0.5	S	BJD-179-951-s001.xlsx
29729180	Sheet 1	1464-27	ERS2213331 (SAMEA104602049)	Accession		MIC.2	<=	0.5	S	BJD-179-951-s001.xlsx
29729180	Sheet 1	1464-27	ERS2213331 (SAMEA104602049)	Accession		MIC.3	<=	0.5	S	BJD-179-951-s001.xlsx
29729180	Sheet 1	1464-27	ERS2213331 (SAMEA104602049)	Accession		MIC.4	=	1	S	BJD-179-951-s001.xlsx
29729180	Sheet 1	1464-27	ERS2213331 (SAMEA104602049)	Accession		MIC.5	=	0.25	S	BJD-179-951-s001.xlsx
29729180	Sheet 1	1464-27	ERS2213331 (SAMEA104602049)	Accession		MIC.6	>=	16	R	BJD-179-951-s001.xlsx
29729180	Sheet 1	1464-27	ERS2213331 (SAMEA104602049)	Accession		MIC.7	=	16	R	BJD-179-951-s001.xlsx
29729180	Sheet 1	1464-27	ERS2213331 (SAMEA104602049)	Accession		MIC.8	<=	2	S	BJD-179-951-s001.xlsx
29729180	Sheet 1	1464-27	ERS2213331 (SAMEA104602049)	Accession		MIC.9	<=	0.5	S	BJD-179-951-s001.xlsx
29729180	Sheet 1	1464-27	ERS2213331 (SAMEA104602049)	Accession		MIC.10	=	2	S	BJD-179-951-s001.xlsx
29729180	Sheet 1	1464-27	ERS2213331 (SAMEA104602049)	Accession		MIC.11	=	0.25	S	BJD-179-951-s001.xlsx
29729180	Sheet 1	1464-27	ERS2213331 (SAMEA104602049)	Accession		MIC.12	<=	0.5	S	BJD-179-951-s001.xlsx
29729180	Sheet 1	1464-27	ERS2213331 (SAMEA104602049)	Accession		MIC.13	=	1	S	BJD-179-951-s001.xlsx
29729180	Sheet 1	1464-27	ERS2213331 (SAMEA104602049)	Accession		MIC.14	=	8	S	BJD-179-951-s001.xlsx
29729180	Sheet 1	1464-27	ERS2213331 (SAMEA104602049)	Accession		MIC.15	<=	0.03	S	BJD-179-951-s001.xlsx
29729180	Sheet 1	1469-29	ERS2213332 (SAMEA104602050)	Accession		MIC	>=	0.5	R	BJD-179-951-s001.xlsx
29729180	Sheet 1	1469-29	ERS2213332 (SAMEA104602050)	Accession		MIC.1	<=	0.25	S	BJD-179-951-s001.xlsx
29729180	Sheet 1	1469-29	ERS2213332 (SAMEA104602050)	Accession		MIC.2	<=	0.5	S	BJD-179-951-s001.xlsx
29729180	Sheet 1	1469-29	ERS2213332 (SAMEA104602050)	Accession		MIC.3	<=	0.5	S	BJD-179-951-s001.xlsx
29729180	Sheet 1	1469-29	ERS2213332 (SAMEA104602050)	Accession		MIC.4	=	0.5	S	BJD-179-951-s001.xlsx
29729180	Sheet 1	1469-29	ERS2213332 (SAMEA104602050)	Accession		MIC.5	=	0.25	S	BJD-179-951-s001.xlsx
29729180	Sheet 1	1469-29	ERS2213332 (SAMEA104602050)	Accession		MIC.6	<=	1	S	BJD-179-951-s001.xlsx
29729180	Sheet 1	1469-29	ERS2213332 (SAMEA104602050)	Accession		MIC.7	<=	0.5	S	BJD-179-951-s001.xlsx
29729180	Sheet 1	1469-29	ERS2213332 (SAMEA104602050)	Accession		MIC.8	<=	2	S	BJD-179-951-s001.xlsx
29729180	Sheet 1	1469-29	ERS2213332 (SAMEA104602050)	Accession		MIC.9	<=	0.5	S	BJD-179-951-s001.xlsx
29729180	Sheet 1	1469-29	ERS2213332 (SAMEA104602050)	Accession		MIC.10	=	2	S	BJD-179-951-s001.xlsx
29729180	Sheet 1	1469-29	ERS2213332 (SAMEA104602050)	Accession		MIC.11	=	0.25	S	BJD-179-951-s001.xlsx
29729180	Sheet 1	1469-29	ERS2213332 (SAMEA104602050)	Accession		MIC.12	<=	0.5	S	BJD-179-951-s001.xlsx
29729180	Sheet 1	1469-29	ERS2213332 (SAMEA104602050)	Accession		MIC.13	=	1	S	BJD-179-951-s001.xlsx
29729180	Sheet 1	1469-29	ERS2213332 (SAMEA104602050)	Accession		MIC.14	=	8	S	BJD-179-951-s001.xlsx
29729180	Sheet 1	1469-29	ERS2213332 (SAMEA104602050)	Accession		MIC.15	<=	0.03	S	BJD-179-951-s001.xlsx
29729180	Sheet 1	1470-31	ERS2213333 (SAMEA104602051)	Accession		MIC	>=	0.5	R	BJD-179-951-s001.xlsx
29729180	Sheet 1	1470-31	ERS2213333 (SAMEA104602051)	Accession		MIC.1	=	0.5	S	BJD-179-951-s001.xlsx
29729180	Sheet 1	1470-31	ERS2213333 (SAMEA104602051)	Accession		MIC.2	<=	0.5	S	BJD-179-951-s001.xlsx
29729180	Sheet 1	1470-31	ERS2213333 (SAMEA104602051)	Accession		MIC.3	<=	0.5	S	BJD-179-951-s001.xlsx
29729180	Sheet 1	1470-31	ERS2213333 (SAMEA104602051)	Accession		MIC.4	=	1	S	BJD-179-951-s001.xlsx
29729180	Sheet 1	1470-31	ERS2213333 (SAMEA104602051)	Accession		MIC.5	=	0.25	S	BJD-179-951-s001.xlsx
29729180	Sheet 1	1470-31	ERS2213333 (SAMEA104602051)	Accession		MIC.6	<=	1	S	BJD-179-951-s001.xlsx
29729180	Sheet 1	1470-31	ERS2213333 (SAMEA104602051)	Accession		MIC.7	=	16	R	BJD-179-951-s001.xlsx
29729180	Sheet 1	1470-31	ERS2213333 (SAMEA104602051)	Accession		MIC.8	<=	2	S	BJD-179-951-s001.xlsx
29729180	Sheet 1	1470-31	ERS2213333 (SAMEA104602051)	Accession		MIC.9	=	1	S	BJD-179-951-s001.xlsx
29729180	Sheet 1	1470-31	ERS2213333 (SAMEA104602051)	Accession		MIC.10	=	2	S	BJD-179-951-s001.xlsx
29729180	Sheet 1	1470-31	ERS2213333 (SAMEA104602051)	Accession		MIC.11	=	0.5	S	BJD-179-951-s001.xlsx
29729180	Sheet 1	1470-31	ERS2213333 (SAMEA104602051)	Accession		MIC.12	<=	0.5	S	BJD-179-951-s001.xlsx
29729180	Sheet 1	1470-31	ERS2213333 (SAMEA104602051)	Accession		MIC.13	=	1	S	BJD-179-951-s001.xlsx
29729180	Sheet 1	1470-31	ERS2213333 (SAMEA104602051)	Accession		MIC.14	=	8	S	BJD-179-951-s001.xlsx
29729180	Sheet 1	1470-31	ERS2213333 (SAMEA104602051)	Accession		MIC.15	<=	0.03	S	BJD-179-951-s001.xlsx
29729180	Sheet 1	1473-33	ERS2213334 (SAMEA104602052)	Accession		MIC	>=	0.5	R	BJD-179-951-s001.xlsx
29729180	Sheet 1	1473-33	ERS2213334 (SAMEA104602052)	Accession		MIC.1	=	0.5	S	BJD-179-951-s001.xlsx
29729180	Sheet 1	1473-33	ERS2213334 (SAMEA104602052)	Accession		MIC.2	<=	0.5	S	BJD-179-951-s001.xlsx
29729180	Sheet 1	1473-33	ERS2213334 (SAMEA104602052)	Accession		MIC.3	<=	0.5	S	BJD-179-951-s001.xlsx
29729180	Sheet 1	1473-33	ERS2213334 (SAMEA104602052)	Accession		MIC.4	=	0.5	S	BJD-179-951-s001.xlsx
29729180	Sheet 1	1473-33	ERS2213334 (SAMEA104602052)	Accession		MIC.5	=	0.25	S	BJD-179-951-s001.xlsx
29729180	Sheet 1	1473-33	ERS2213334 (SAMEA104602052)	Accession		MIC.6	<=	1	S	BJD-179-951-s001.xlsx
29729180	Sheet 1	1473-33	ERS2213334 (SAMEA104602052)	Accession		MIC.7	=	16	R	BJD-179-951-s001.xlsx
29729180	Sheet 1	1473-33	ERS2213334 (SAMEA104602052)	Accession		MIC.8	<=	2	S	BJD-179-951-s001.xlsx
29729180	Sheet 1	1473-33	ERS2213334 (SAMEA104602052)	Accession		MIC.9	=	1	S	BJD-179-951-s001.xlsx
29729180	Sheet 1	1473-33	ERS2213334 (SAMEA104602052)	Accession		MIC.10	=	2	S	BJD-179-951-s001.xlsx
29729180	Sheet 1	1473-33	ERS2213334 (SAMEA104602052)	Accession		MIC.11	=	0.5	S	BJD-179-951-s001.xlsx
29729180	Sheet 1	1473-33	ERS2213334 (SAMEA104602052)	Accession		MIC.12	<=	0.5	S	BJD-179-951-s001.xlsx
29729180	Sheet 1	1473-33	ERS2213334 (SAMEA104602052)	Accession		MIC.13	=	1	S	BJD-179-951-s001.xlsx
29729180	Sheet 1	1473-33	ERS2213334 (SAMEA104602052)	Accession		MIC.14	=	8	S	BJD-179-951-s001.xlsx
29729180	Sheet 1	1473-33	ERS2213334 (SAMEA104602052)	Accession		MIC.15	<=	0.03	S	BJD-179-951-s001.xlsx
29729180	Sheet 1	1473-42	ERS2213335 (SAMEA104602053)	Accession		MIC	>=	0.5	R	BJD-179-951-s001.xlsx
29729180	Sheet 1	1473-42	ERS2213335 (SAMEA104602053)	Accession		MIC.1	=	0.5	S	BJD-179-951-s001.xlsx
29729180	Sheet 1	1473-42	ERS2213335 (SAMEA104602053)	Accession		MIC.2	<=	0.5	S	BJD-179-951-s001.xlsx
29729180	Sheet 1	1473-42	ERS2213335 (SAMEA104602053)	Accession		MIC.3	<=	0.5	S	BJD-179-951-s001.xlsx
29729180	Sheet 1	1473-42	ERS2213335 (SAMEA104602053)	Accession		MIC.4	>=	8	R	BJD-179-951-s001.xlsx
29729180	Sheet 1	1473-42	ERS2213335 (SAMEA104602053)	Accession		MIC.5	=	0.25	R	BJD-179-951-s001.xlsx
29729180	Sheet 1	1473-42	ERS2213335 (SAMEA104602053)	Accession		MIC.6	<=	1	S	BJD-179-951-s001.xlsx
29729180	Sheet 1	1473-42	ERS2213335 (SAMEA104602053)	Accession		MIC.7	<=	0.5	S	BJD-179-951-s001.xlsx
29729180	Sheet 1	1473-42	ERS2213335 (SAMEA104602053)	Accession		MIC.8	<=	2	S	BJD-179-951-s001.xlsx
29729180	Sheet 1	1473-42	ERS2213335 (SAMEA104602053)	Accession		MIC.9	<=	0.5	S	BJD-179-951-s001.xlsx
29729180	Sheet 1	1473-42	ERS2213335 (SAMEA104602053)	Accession		MIC.10	=	4	S	BJD-179-951-s001.xlsx
29729180	Sheet 1	1473-42	ERS2213335 (SAMEA104602053)	Accession		MIC.11	=	0.25	S	BJD-179-951-s001.xlsx
29729180	Sheet 1	1473-42	ERS2213335 (SAMEA104602053)	Accession		MIC.12	<=	0.5	S	BJD-179-951-s001.xlsx
29729180	Sheet 1	1473-42	ERS2213335 (SAMEA104602053)	Accession		MIC.13	=	1	S	BJD-179-951-s001.xlsx
29729180	Sheet 1	1473-42	ERS2213335 (SAMEA104602053)	Accession		MIC.14	=	8	S	BJD-179-951-s001.xlsx
29729180	Sheet 1	1473-42	ERS2213335 (SAMEA104602053)	Accession		MIC.15	<=	0.03	S	BJD-179-951-s001.xlsx
29729180	Sheet 1	1474-43	ERS2213336 (SAMEA104602054)	Accession		MIC	>=	0.5	R	BJD-179-951-s001.xlsx
29729180	Sheet 1	1474-43	ERS2213336 (SAMEA104602054)	Accession		MIC.1	=	0.5	S	BJD-179-951-s001.xlsx
29729180	Sheet 1	1474-43	ERS2213336 (SAMEA104602054)	Accession		MIC.2	<=	0.5	S	BJD-179-951-s001.xlsx
29729180	Sheet 1	1474-43	ERS2213336 (SAMEA104602054)	Accession		MIC.3	<=	0.5	S	BJD-179-951-s001.xlsx
29729180	Sheet 1	1474-43	ERS2213336 (SAMEA104602054)	Accession		MIC.4	=	0.5	S	BJD-179-951-s001.xlsx
29729180	Sheet 1	1474-43	ERS2213336 (SAMEA104602054)	Accession		MIC.5	=	0.25	S	BJD-179-951-s001.xlsx
29729180	Sheet 1	1474-43	ERS2213336 (SAMEA104602054)	Accession		MIC.6	>=	16	R	BJD-179-951-s001.xlsx
29729180	Sheet 1	1474-43	ERS2213336 (SAMEA104602054)	Accession		MIC.7	=	16	R	BJD-179-951-s001.xlsx
29729180	Sheet 1	1474-43	ERS2213336 (SAMEA104602054)	Accession		MIC.8	<=	2	S	BJD-179-951-s001.xlsx
29729180	Sheet 1	1474-43	ERS2213336 (SAMEA104602054)	Accession		MIC.9	<=	0.5	S	BJD-179-951-s001.xlsx
29729180	Sheet 1	1474-43	ERS2213336 (SAMEA104602054)	Accession		MIC.10	=	2	S	BJD-179-951-s001.xlsx
29729180	Sheet 1	1474-43	ERS2213336 (SAMEA104602054)	Accession		MIC.11	=	0.25	S	BJD-179-951-s001.xlsx
29729180	Sheet 1	1474-43	ERS2213336 (SAMEA104602054)	Accession		MIC.12	<=	0.5	S	BJD-179-951-s001.xlsx
29729180	Sheet 1	1474-43	ERS2213336 (SAMEA104602054)	Accession		MIC.13	=	1	S	BJD-179-951-s001.xlsx
29729180	Sheet 1	1474-43	ERS2213336 (SAMEA104602054)	Accession		MIC.14	<=	4	S	BJD-179-951-s001.xlsx
29729180	Sheet 1	1474-43	ERS2213336 (SAMEA104602054)	Accession		MIC.15	<=	0.03	S	BJD-179-951-s001.xlsx
29729180	Sheet 1	1480-35	ERS2213337 (SAMEA104602055)	Accession		MIC	>=	0.5	R	BJD-179-951-s001.xlsx
29729180	Sheet 1	1480-35	ERS2213337 (SAMEA104602055)	Accession		MIC.1	<=	0.25	S	BJD-179-951-s001.xlsx
29729180	Sheet 1	1480-35	ERS2213337 (SAMEA104602055)	Accession		MIC.2	<=	0.5	S	BJD-179-951-s001.xlsx
29729180	Sheet 1	1480-35	ERS2213337 (SAMEA104602055)	Accession		MIC.3	<=	0.5	S	BJD-179-951-s001.xlsx
29729180	Sheet 1	1480-35	ERS2213337 (SAMEA104602055)	Accession		MIC.4	=	0.5	S	BJD-179-951-s001.xlsx
29729180	Sheet 1	1480-35	ERS2213337 (SAMEA104602055)	Accession		MIC.5	=	0.25	S	BJD-179-951-s001.xlsx
29729180	Sheet 1	1480-35	ERS2213337 (SAMEA104602055)	Accession		MIC.6	<=	1	S	BJD-179-951-s001.xlsx
29729180	Sheet 1	1480-35	ERS2213337 (SAMEA104602055)	Accession		MIC.7	<=	0.5	S	BJD-179-951-s001.xlsx
29729180	Sheet 1	1480-35	ERS2213337 (SAMEA104602055)	Accession		MIC.8	<=	2	S	BJD-179-951-s001.xlsx
29729180	Sheet 1	1480-35	ERS2213337 (SAMEA104602055)	Accession		MIC.9	=	1	S	BJD-179-951-s001.xlsx
29729180	Sheet 1	1480-35	ERS2213337 (SAMEA104602055)	Accession		MIC.10	=	2	S	BJD-179-951-s001.xlsx
29729180	Sheet 1	1480-35	ERS2213337 (SAMEA104602055)	Accession		MIC.11	=	0.25	S	BJD-179-951-s001.xlsx
29729180	Sheet 1	1480-35	ERS2213337 (SAMEA104602055)	Accession		MIC.12	<=	0.5	S	BJD-179-951-s001.xlsx
29729180	Sheet 1	1480-35	ERS2213337 (SAMEA104602055)	Accession		MIC.13	=	1	S	BJD-179-951-s001.xlsx
29729180	Sheet 1	1480-35	ERS2213337 (SAMEA104602055)	Accession		MIC.14	=	8	S	BJD-179-951-s001.xlsx
29729180	Sheet 1	1480-35	ERS2213337 (SAMEA104602055)	Accession		MIC.15	<=	0.03	S	BJD-179-951-s001.xlsx
29729180	Sheet 1	1494-45	ERS2213338 (SAMEA104602056)	Accession		MIC	>=	0.5	R	BJD-179-951-s001.xlsx
29729180	Sheet 1	1494-45	ERS2213338 (SAMEA104602056)	Accession		MIC.1	<=	0.25	S	BJD-179-951-s001.xlsx
29729180	Sheet 1	1494-45	ERS2213338 (SAMEA104602056)	Accession		MIC.2	<=	0.5	S	BJD-179-951-s001.xlsx
29729180	Sheet 1	1494-45	ERS2213338 (SAMEA104602056)	Accession		MIC.3	<=	0.5	S	BJD-179-951-s001.xlsx
29729180	Sheet 1	1494-45	ERS2213338 (SAMEA104602056)	Accession		MIC.4	=	0.5	S	BJD-179-951-s001.xlsx
29729180	Sheet 1	1494-45	ERS2213338 (SAMEA104602056)	Accession		MIC.5	=	0.25	S	BJD-179-951-s001.xlsx
29729180	Sheet 1	1494-45	ERS2213338 (SAMEA104602056)	Accession		MIC.6	<=	1	S	BJD-179-951-s001.xlsx
29729180	Sheet 1	1494-45	ERS2213338 (SAMEA104602056)	Accession		MIC.7	<=	0.5	S	BJD-179-951-s001.xlsx
29729180	Sheet 1	1494-45	ERS2213338 (SAMEA104602056)	Accession		MIC.8	<=	2	S	BJD-179-951-s001.xlsx
29729180	Sheet 1	1494-45	ERS2213338 (SAMEA104602056)	Accession		MIC.9	=	1	S	BJD-179-951-s001.xlsx
29729180	Sheet 1	1494-45	ERS2213338 (SAMEA104602056)	Accession		MIC.10	=	2	S	BJD-179-951-s001.xlsx
29729180	Sheet 1	1494-45	ERS2213338 (SAMEA104602056)	Accession		MIC.11	=	0.25	S	BJD-179-951-s001.xlsx
29729180	Sheet 1	1494-45	ERS2213338 (SAMEA104602056)	Accession		MIC.12	<=	0.5	S	BJD-179-951-s001.xlsx
29729180	Sheet 1	1494-45	ERS2213338 (SAMEA104602056)	Accession		MIC.13	=	1	S	BJD-179-951-s001.xlsx
29729180	Sheet 1	1494-45	ERS2213338 (SAMEA104602056)	Accession		MIC.14	=	8	S	BJD-179-951-s001.xlsx
29729180	Sheet 1	1494-45	ERS2213338 (SAMEA104602056)	Accession		MIC.15	<=	0.03	S	BJD-179-951-s001.xlsx
29729180	Sheet 1	1505-49	ERS2213339 (SAMEA104602057)	Accession		MIC	>=	0.5	R	BJD-179-951-s001.xlsx
29729180	Sheet 1	1505-49	ERS2213339 (SAMEA104602057)	Accession		MIC.1	=	0.5	S	BJD-179-951-s001.xlsx
29729180	Sheet 1	1505-49	ERS2213339 (SAMEA104602057)	Accession		MIC.2	<=	0.5	S	BJD-179-951-s001.xlsx
29729180	Sheet 1	1505-49	ERS2213339 (SAMEA104602057)	Accession		MIC.3	<=	0.5	S	BJD-179-951-s001.xlsx
29729180	Sheet 1	1505-49	ERS2213339 (SAMEA104602057)	Accession		MIC.4	=	1	S	BJD-179-951-s001.xlsx
29729180	Sheet 1	1505-49	ERS2213339 (SAMEA104602057)	Accession		MIC.5	=	0.25	S	BJD-179-951-s001.xlsx
29729180	Sheet 1	1505-49	ERS2213339 (SAMEA104602057)	Accession		MIC.6	<=	1	S	BJD-179-951-s001.xlsx
29729180	Sheet 1	1505-49	ERS2213339 (SAMEA104602057)	Accession		MIC.7	<=	0.5	S	BJD-179-951-s001.xlsx
29729180	Sheet 1	1505-49	ERS2213339 (SAMEA104602057)	Accession		MIC.8	<=	2	S	BJD-179-951-s001.xlsx
29729180	Sheet 1	1505-49	ERS2213339 (SAMEA104602057)	Accession		MIC.9	<=	0.5	S	BJD-179-951-s001.xlsx
29729180	Sheet 1	1505-49	ERS2213339 (SAMEA104602057)	Accession		MIC.10	=	2	S	BJD-179-951-s001.xlsx
29729180	Sheet 1	1505-49	ERS2213339 (SAMEA104602057)	Accession		MIC.11	<=	0.12	S	BJD-179-951-s001.xlsx
29729180	Sheet 1	1505-49	ERS2213339 (SAMEA104602057)	Accession		MIC.12	<=	0.5	S	BJD-179-951-s001.xlsx
29729180	Sheet 1	1505-49	ERS2213339 (SAMEA104602057)	Accession		MIC.13	<=	0.5	S	BJD-179-951-s001.xlsx
29729180	Sheet 1	1505-49	ERS2213339 (SAMEA104602057)	Accession		MIC.14	=	8	S	BJD-179-951-s001.xlsx
29729180	Sheet 1	1505-49	ERS2213339 (SAMEA104602057)	Accession		MIC.15	<=	0.03	S	BJD-179-951-s001.xlsx
29729180	Sheet 1	1511-54	ERS2213340 (SAMEA104602058)	Accession		MIC	=	0.12	S	BJD-179-951-s001.xlsx
29729180	Sheet 1	1511-54	ERS2213340 (SAMEA104602058)	Accession		MIC.1	<=	0.25	S	BJD-179-951-s001.xlsx
29729180	Sheet 1	1511-54	ERS2213340 (SAMEA104602058)	Accession		MIC.2	<=	0.5	S	BJD-179-951-s001.xlsx
29729180	Sheet 1	1511-54	ERS2213340 (SAMEA104602058)	Accession		MIC.3	<=	0.5	S	BJD-179-951-s001.xlsx
29729180	Sheet 1	1511-54	ERS2213340 (SAMEA104602058)	Accession		MIC.4	=	1	S	BJD-179-951-s001.xlsx
29729180	Sheet 1	1511-54	ERS2213340 (SAMEA104602058)	Accession		MIC.5	=	0.25	S	BJD-179-951-s001.xlsx
29729180	Sheet 1	1511-54	ERS2213340 (SAMEA104602058)	Accession		MIC.6	<=	1	S	BJD-179-951-s001.xlsx
29729180	Sheet 1	1511-54	ERS2213340 (SAMEA104602058)	Accession		MIC.7	<=	0.5	S	BJD-179-951-s001.xlsx
29729180	Sheet 1	1511-54	ERS2213340 (SAMEA104602058)	Accession		MIC.8	<=	2	S	BJD-179-951-s001.xlsx
29729180	Sheet 1	1511-54	ERS2213340 (SAMEA104602058)	Accession		MIC.9	=	1	S	BJD-179-951-s001.xlsx
29729180	Sheet 1	1511-54	ERS2213340 (SAMEA104602058)	Accession		MIC.10	=	2	S	BJD-179-951-s001.xlsx
29729180	Sheet 1	1511-54	ERS2213340 (SAMEA104602058)	Accession		MIC.11	=	0.25	S	BJD-179-951-s001.xlsx
29729180	Sheet 1	1511-54	ERS2213340 (SAMEA104602058)	Accession		MIC.12	<=	0.5	S	BJD-179-951-s001.xlsx
29729180	Sheet 1	1511-54	ERS2213340 (SAMEA104602058)	Accession		MIC.13	=	1	S	BJD-179-951-s001.xlsx
29729180	Sheet 1	1511-54	ERS2213340 (SAMEA104602058)	Accession		MIC.14	=	8	S	BJD-179-951-s001.xlsx
29729180	Sheet 1	1511-54	ERS2213340 (SAMEA104602058)	Accession		MIC.15	<=	0.03	S	BJD-179-951-s001.xlsx
29729180	Sheet 1	1512-56	ERS2213341 (SAMEA104602059)	Accession		MIC	>=	0.5	R	BJD-179-951-s001.xlsx
29729180	Sheet 1	1512-56	ERS2213341 (SAMEA104602059)	Accession		MIC.1	<=	0.25	S	BJD-179-951-s001.xlsx
29729180	Sheet 1	1512-56	ERS2213341 (SAMEA104602059)	Accession		MIC.2	<=	0.5	S	BJD-179-951-s001.xlsx
29729180	Sheet 1	1512-56	ERS2213341 (SAMEA104602059)	Accession		MIC.3	<=	0.5	S	BJD-179-951-s001.xlsx
29729180	Sheet 1	1512-56	ERS2213341 (SAMEA104602059)	Accession		MIC.4	=	1	S	BJD-179-951-s001.xlsx
29729180	Sheet 1	1512-56	ERS2213341 (SAMEA104602059)	Accession		MIC.5	=	0.25	S	BJD-179-951-s001.xlsx
29729180	Sheet 1	1512-56	ERS2213341 (SAMEA104602059)	Accession		MIC.6	<=	1	S	BJD-179-951-s001.xlsx
29729180	Sheet 1	1512-56	ERS2213341 (SAMEA104602059)	Accession		MIC.7	<=	0.5	S	BJD-179-951-s001.xlsx
29729180	Sheet 1	1512-56	ERS2213341 (SAMEA104602059)	Accession		MIC.8	<=	2	S	BJD-179-951-s001.xlsx
29729180	Sheet 1	1512-56	ERS2213341 (SAMEA104602059)	Accession		MIC.9	<=	0.5	S	BJD-179-951-s001.xlsx
29729180	Sheet 1	1512-56	ERS2213341 (SAMEA104602059)	Accession		MIC.10	=	2	S	BJD-179-951-s001.xlsx
29729180	Sheet 1	1512-56	ERS2213341 (SAMEA104602059)	Accession		MIC.11	=	0.25	S	BJD-179-951-s001.xlsx
29729180	Sheet 1	1512-56	ERS2213341 (SAMEA104602059)	Accession		MIC.12	<=	0.5	S	BJD-179-951-s001.xlsx
29729180	Sheet 1	1512-56	ERS2213341 (SAMEA104602059)	Accession		MIC.13	=	1	S	BJD-179-951-s001.xlsx
29729180	Sheet 1	1512-56	ERS2213341 (SAMEA104602059)	Accession		MIC.14	=	8	S	BJD-179-951-s001.xlsx
29729180	Sheet 1	1512-56	ERS2213341 (SAMEA104602059)	Accession		MIC.15	<=	0.03	S	BJD-179-951-s001.xlsx
29729180	Sheet 1	1517-60	ERS2213342 (SAMEA104602060)	Accession		MIC	>=	0.5	R	BJD-179-951-s001.xlsx
29729180	Sheet 1	1517-60	ERS2213342 (SAMEA104602060)	Accession		MIC.1	=	0.5	S	BJD-179-951-s001.xlsx
29729180	Sheet 1	1517-60	ERS2213342 (SAMEA104602060)	Accession		MIC.2	<=	0.5	S	BJD-179-951-s001.xlsx
29729180	Sheet 1	1517-60	ERS2213342 (SAMEA104602060)	Accession		MIC.3	<=	0.5	S	BJD-179-951-s001.xlsx
29729180	Sheet 1	1517-60	ERS2213342 (SAMEA104602060)	Accession		MIC.4	=	1	S	BJD-179-951-s001.xlsx
29729180	Sheet 1	1517-60	ERS2213342 (SAMEA104602060)	Accession		MIC.5	=	0.25	S	BJD-179-951-s001.xlsx
29729180	Sheet 1	1517-60	ERS2213342 (SAMEA104602060)	Accession		MIC.6	<=	1	S	BJD-179-951-s001.xlsx
29729180	Sheet 1	1517-60	ERS2213342 (SAMEA104602060)	Accession		MIC.7	<=	0.5	S	BJD-179-951-s001.xlsx
29729180	Sheet 1	1517-60	ERS2213342 (SAMEA104602060)	Accession		MIC.8	<=	2	S	BJD-179-951-s001.xlsx
29729180	Sheet 1	1517-60	ERS2213342 (SAMEA104602060)	Accession		MIC.9	<=	0.5	S	BJD-179-951-s001.xlsx
29729180	Sheet 1	1517-60	ERS2213342 (SAMEA104602060)	Accession		MIC.10	=	2	S	BJD-179-951-s001.xlsx
29729180	Sheet 1	1517-60	ERS2213342 (SAMEA104602060)	Accession		MIC.11	=	0.25	S	BJD-179-951-s001.xlsx
29729180	Sheet 1	1517-60	ERS2213342 (SAMEA104602060)	Accession		MIC.12	<=	0.5	S	BJD-179-951-s001.xlsx
29729180	Sheet 1	1517-60	ERS2213342 (SAMEA104602060)	Accession		MIC.13	=	1	S	BJD-179-951-s001.xlsx
29729180	Sheet 1	1517-60	ERS2213342 (SAMEA104602060)	Accession		MIC.14	=	8	S	BJD-179-951-s001.xlsx
29729180	Sheet 1	1517-60	ERS2213342 (SAMEA104602060)	Accession		MIC.15	<=	0.03	S	BJD-179-951-s001.xlsx
29729180	Sheet 1	1519-62	ERS2213343 (SAMEA104602061)	Accession		MIC	>=	0.5	R	BJD-179-951-s001.xlsx
29729180	Sheet 1	1519-62	ERS2213343 (SAMEA104602061)	Accession		MIC.1	=	0.5	S	BJD-179-951-s001.xlsx
29729180	Sheet 1	1519-62	ERS2213343 (SAMEA104602061)	Accession		MIC.2	<=	0.5	S	BJD-179-951-s001.xlsx
29729180	Sheet 1	1519-62	ERS2213343 (SAMEA104602061)	Accession		MIC.3	<=	0.5	S	BJD-179-951-s001.xlsx
29729180	Sheet 1	1519-62	ERS2213343 (SAMEA104602061)	Accession		MIC.4	=	1	S	BJD-179-951-s001.xlsx
29729180	Sheet 1	1519-62	ERS2213343 (SAMEA104602061)	Accession		MIC.5	=	0.25	S	BJD-179-951-s001.xlsx
29729180	Sheet 1	1519-62	ERS2213343 (SAMEA104602061)	Accession		MIC.6	<=	1	S	BJD-179-951-s001.xlsx
29729180	Sheet 1	1519-62	ERS2213343 (SAMEA104602061)	Accession		MIC.7	>=	32	R	BJD-179-951-s001.xlsx
29729180	Sheet 1	1519-62	ERS2213343 (SAMEA104602061)	Accession		MIC.8	<=	2	S	BJD-179-951-s001.xlsx
29729180	Sheet 1	1519-62	ERS2213343 (SAMEA104602061)	Accession		MIC.9	<=	0.5	S	BJD-179-951-s001.xlsx
29729180	Sheet 1	1519-62	ERS2213343 (SAMEA104602061)	Accession		MIC.10	=	2	S	BJD-179-951-s001.xlsx
29729180	Sheet 1	1519-62	ERS2213343 (SAMEA104602061)	Accession		MIC.11	=	0.25	S	BJD-179-951-s001.xlsx
29729180	Sheet 1	1519-62	ERS2213343 (SAMEA104602061)	Accession		MIC.12	<=	0.5	S	BJD-179-951-s001.xlsx
29729180	Sheet 1	1519-62	ERS2213343 (SAMEA104602061)	Accession		MIC.13	=	1	S	BJD-179-951-s001.xlsx
29729180	Sheet 1	1519-62	ERS2213343 (SAMEA104602061)	Accession		MIC.14	=	8	S	BJD-179-951-s001.xlsx
29729180	Sheet 1	1519-62	ERS2213343 (SAMEA104602061)	Accession		MIC.15	<=	0.03	S	BJD-179-951-s001.xlsx
29729180	Sheet 1	1521-58	ERS2213344 (SAMEA104602062)	Accession		MIC	=	0.12	S	BJD-179-951-s001.xlsx
29729180	Sheet 1	1521-58	ERS2213344 (SAMEA104602062)	Accession		MIC.1	<=	0.25	S	BJD-179-951-s001.xlsx
29729180	Sheet 1	1521-58	ERS2213344 (SAMEA104602062)	Accession		MIC.2	<=	0.5	S	BJD-179-951-s001.xlsx
29729180	Sheet 1	1521-58	ERS2213344 (SAMEA104602062)	Accession		MIC.3	<=	0.5	S	BJD-179-951-s001.xlsx
29729180	Sheet 1	1521-58	ERS2213344 (SAMEA104602062)	Accession		MIC.4	=	0.5	S	BJD-179-951-s001.xlsx
29729180	Sheet 1	1521-58	ERS2213344 (SAMEA104602062)	Accession		MIC.5	=	0.25	S	BJD-179-951-s001.xlsx
29729180	Sheet 1	1521-58	ERS2213344 (SAMEA104602062)	Accession		MIC.6	<=	1	S	BJD-179-951-s001.xlsx
29729180	Sheet 1	1521-58	ERS2213344 (SAMEA104602062)	Accession		MIC.7	<=	0.5	S	BJD-179-951-s001.xlsx
29729180	Sheet 1	1521-58	ERS2213344 (SAMEA104602062)	Accession		MIC.8	<=	2	S	BJD-179-951-s001.xlsx
29729180	Sheet 1	1521-58	ERS2213344 (SAMEA104602062)	Accession		MIC.9	<=	0.5	S	BJD-179-951-s001.xlsx
29729180	Sheet 1	1521-58	ERS2213344 (SAMEA104602062)	Accession		MIC.10	=	2	S	BJD-179-951-s001.xlsx
29729180	Sheet 1	1521-58	ERS2213344 (SAMEA104602062)	Accession		MIC.11	=	0.25	S	BJD-179-951-s001.xlsx
29729180	Sheet 1	1521-58	ERS2213344 (SAMEA104602062)	Accession		MIC.12	<=	0.5	S	BJD-179-951-s001.xlsx
29729180	Sheet 1	1521-58	ERS2213344 (SAMEA104602062)	Accession		MIC.13	=	1	S	BJD-179-951-s001.xlsx
29729180	Sheet 1	1521-58	ERS2213344 (SAMEA104602062)	Accession		MIC.14	=	8	S	BJD-179-951-s001.xlsx
29729180	Sheet 1	1521-58	ERS2213344 (SAMEA104602062)	Accession		MIC.15	<=	0.03	S	BJD-179-951-s001.xlsx
29729180	Sheet 1	1523-64	ERS2213345 (SAMEA104602063)	Accession		MIC	>=	0.5	R	BJD-179-951-s001.xlsx
29729180	Sheet 1	1523-64	ERS2213345 (SAMEA104602063)	Accession		MIC.1	>=	4	R	BJD-179-951-s001.xlsx
29729180	Sheet 1	1523-64	ERS2213345 (SAMEA104602063)	Accession		MIC.2	<=	0.5	S	BJD-179-951-s001.xlsx
29729180	Sheet 1	1523-64	ERS2213345 (SAMEA104602063)	Accession		MIC.3	<=	0.5	S	BJD-179-951-s001.xlsx
29729180	Sheet 1	1523-64	ERS2213345 (SAMEA104602063)	Accession		MIC.4	=	1	S	BJD-179-951-s001.xlsx
29729180	Sheet 1	1523-64	ERS2213345 (SAMEA104602063)	Accession		MIC.5	=	0.25	S	BJD-179-951-s001.xlsx
29729180	Sheet 1	1523-64	ERS2213345 (SAMEA104602063)	Accession		MIC.6	<=	1	S	BJD-179-951-s001.xlsx
29729180	Sheet 1	1523-64	ERS2213345 (SAMEA104602063)	Accession		MIC.7	=	16	R	BJD-179-951-s001.xlsx
29729180	Sheet 1	1523-64	ERS2213345 (SAMEA104602063)	Accession		MIC.8	<=	2	S	BJD-179-951-s001.xlsx
29729180	Sheet 1	1523-64	ERS2213345 (SAMEA104602063)	Accession		MIC.9	=	1	S	BJD-179-951-s001.xlsx
29729180	Sheet 1	1523-64	ERS2213345 (SAMEA104602063)	Accession		MIC.10	=	2	S	BJD-179-951-s001.xlsx
29729180	Sheet 1	1523-64	ERS2213345 (SAMEA104602063)	Accession		MIC.11	=	0.25	S	BJD-179-951-s001.xlsx
29729180	Sheet 1	1523-64	ERS2213345 (SAMEA104602063)	Accession		MIC.12	<=	0.5	S	BJD-179-951-s001.xlsx
29729180	Sheet 1	1523-64	ERS2213345 (SAMEA104602063)	Accession		MIC.13	=	1	S	BJD-179-951-s001.xlsx
29729180	Sheet 1	1523-64	ERS2213345 (SAMEA104602063)	Accession		MIC.14	=	8	S	BJD-179-951-s001.xlsx
29729180	Sheet 1	1523-64	ERS2213345 (SAMEA104602063)	Accession		MIC.15	<=	0.03	S	BJD-179-951-s001.xlsx
29729180	Sheet 1	1533-70	ERS2213346 (SAMEA104602064)	Accession		MIC	>=	0.5	R	BJD-179-951-s001.xlsx
29729180	Sheet 1	1533-70	ERS2213346 (SAMEA104602064)	Accession		MIC.1	<=	0.25	S	BJD-179-951-s001.xlsx
29729180	Sheet 1	1533-70	ERS2213346 (SAMEA104602064)	Accession		MIC.2	<=	0.5	S	BJD-179-951-s001.xlsx
29729180	Sheet 1	1533-70	ERS2213346 (SAMEA104602064)	Accession		MIC.3	<=	0.5	S	BJD-179-951-s001.xlsx
29729180	Sheet 1	1533-70	ERS2213346 (SAMEA104602064)	Accession		MIC.4	=	0.5	S	BJD-179-951-s001.xlsx
29729180	Sheet 1	1533-70	ERS2213346 (SAMEA104602064)	Accession		MIC.5	=	0.25	S	BJD-179-951-s001.xlsx
29729180	Sheet 1	1533-70	ERS2213346 (SAMEA104602064)	Accession		MIC.6	<=	1	S	BJD-179-951-s001.xlsx
29729180	Sheet 1	1533-70	ERS2213346 (SAMEA104602064)	Accession		MIC.7	=	16	R	BJD-179-951-s001.xlsx
29729180	Sheet 1	1533-70	ERS2213346 (SAMEA104602064)	Accession		MIC.8	<=	2	S	BJD-179-951-s001.xlsx
29729180	Sheet 1	1533-70	ERS2213346 (SAMEA104602064)	Accession		MIC.9	=	2	S	BJD-179-951-s001.xlsx
29729180	Sheet 1	1533-70	ERS2213346 (SAMEA104602064)	Accession		MIC.10	=	2	S	BJD-179-951-s001.xlsx
29729180	Sheet 1	1533-70	ERS2213346 (SAMEA104602064)	Accession		MIC.11	=	0.5	S	BJD-179-951-s001.xlsx
29729180	Sheet 1	1533-70	ERS2213346 (SAMEA104602064)	Accession		MIC.12	<=	0.5	S	BJD-179-951-s001.xlsx
29729180	Sheet 1	1533-70	ERS2213346 (SAMEA104602064)	Accession		MIC.13	=	1	S	BJD-179-951-s001.xlsx
29729180	Sheet 1	1533-70	ERS2213346 (SAMEA104602064)	Accession		MIC.14	=	8	S	BJD-179-951-s001.xlsx
29729180	Sheet 1	1533-70	ERS2213346 (SAMEA104602064)	Accession		MIC.15	<=	0.03	S	BJD-179-951-s001.xlsx
29729180	Sheet 1	1536-68	ERS2213347 (SAMEA104602065)	Accession		MIC	=	0.12	S	BJD-179-951-s001.xlsx
29729180	Sheet 1	1536-68	ERS2213347 (SAMEA104602065)	Accession		MIC.1	=	0.5	S	BJD-179-951-s001.xlsx
29729180	Sheet 1	1536-68	ERS2213347 (SAMEA104602065)	Accession		MIC.2	<=	0.5	S	BJD-179-951-s001.xlsx
29729180	Sheet 1	1536-68	ERS2213347 (SAMEA104602065)	Accession		MIC.3	<=	0.5	S	BJD-179-951-s001.xlsx
29729180	Sheet 1	1536-68	ERS2213347 (SAMEA104602065)	Accession		MIC.4	=	0.5	S	BJD-179-951-s001.xlsx
29729180	Sheet 1	1536-68	ERS2213347 (SAMEA104602065)	Accession		MIC.5	=	0.25	S	BJD-179-951-s001.xlsx
29729180	Sheet 1	1536-68	ERS2213347 (SAMEA104602065)	Accession		MIC.6	<=	1	S	BJD-179-951-s001.xlsx
29729180	Sheet 1	1536-68	ERS2213347 (SAMEA104602065)	Accession		MIC.7	<=	0.5	S	BJD-179-951-s001.xlsx
29729180	Sheet 1	1536-68	ERS2213347 (SAMEA104602065)	Accession		MIC.8	<=	2	S	BJD-179-951-s001.xlsx
29729180	Sheet 1	1536-68	ERS2213347 (SAMEA104602065)	Accession		MIC.9	=	1	S	BJD-179-951-s001.xlsx
29729180	Sheet 1	1536-68	ERS2213347 (SAMEA104602065)	Accession		MIC.10	=	2	S	BJD-179-951-s001.xlsx
29729180	Sheet 1	1536-68	ERS2213347 (SAMEA104602065)	Accession		MIC.11	=	0.25	S	BJD-179-951-s001.xlsx
29729180	Sheet 1	1536-68	ERS2213347 (SAMEA104602065)	Accession		MIC.12	<=	0.5	S	BJD-179-951-s001.xlsx
29729180	Sheet 1	1536-68	ERS2213347 (SAMEA104602065)	Accession		MIC.13	=	1	S	BJD-179-951-s001.xlsx
29729180	Sheet 1	1536-68	ERS2213347 (SAMEA104602065)	Accession		MIC.14	=	8	S	BJD-179-951-s001.xlsx
29729180	Sheet 1	1536-68	ERS2213347 (SAMEA104602065)	Accession		MIC.15	<=	0.03	S	BJD-179-951-s001.xlsx
29729180	Sheet 1	1540-72	ERS2213348 (SAMEA104602066)	Accession		MIC	>=	0.5	R	BJD-179-951-s001.xlsx
29729180	Sheet 1	1540-72	ERS2213348 (SAMEA104602066)	Accession		MIC.1	<=	0.25	S	BJD-179-951-s001.xlsx
29729180	Sheet 1	1540-72	ERS2213348 (SAMEA104602066)	Accession		MIC.2	<=	0.5	S	BJD-179-951-s001.xlsx
29729180	Sheet 1	1540-72	ERS2213348 (SAMEA104602066)	Accession		MIC.3	<=	0.5	S	BJD-179-951-s001.xlsx
29729180	Sheet 1	1540-72	ERS2213348 (SAMEA104602066)	Accession		MIC.4	=	0.5	S	BJD-179-951-s001.xlsx
29729180	Sheet 1	1540-72	ERS2213348 (SAMEA104602066)	Accession		MIC.5	=	0.25	S	BJD-179-951-s001.xlsx
29729180	Sheet 1	1540-72	ERS2213348 (SAMEA104602066)	Accession		MIC.6	<=	1	S	BJD-179-951-s001.xlsx
29729180	Sheet 1	1540-72	ERS2213348 (SAMEA104602066)	Accession		MIC.7	=	4	R	BJD-179-951-s001.xlsx
29729180	Sheet 1	1540-72	ERS2213348 (SAMEA104602066)	Accession		MIC.8	<=	2	S	BJD-179-951-s001.xlsx
29729180	Sheet 1	1540-72	ERS2213348 (SAMEA104602066)	Accession		MIC.9	<=	0.5	S	BJD-179-951-s001.xlsx
29729180	Sheet 1	1540-72	ERS2213348 (SAMEA104602066)	Accession		MIC.10	=	2	S	BJD-179-951-s001.xlsx
29729180	Sheet 1	1540-72	ERS2213348 (SAMEA104602066)	Accession		MIC.11	=	0.25	S	BJD-179-951-s001.xlsx
29729180	Sheet 1	1540-72	ERS2213348 (SAMEA104602066)	Accession		MIC.12	<=	0.5	S	BJD-179-951-s001.xlsx
29729180	Sheet 1	1540-72	ERS2213348 (SAMEA104602066)	Accession		MIC.13	=	1	S	BJD-179-951-s001.xlsx
29729180	Sheet 1	1540-72	ERS2213348 (SAMEA104602066)	Accession		MIC.14	=	8	S	BJD-179-951-s001.xlsx
29729180	Sheet 1	1540-72	ERS2213348 (SAMEA104602066)	Accession		MIC.15	<=	0.03	S	BJD-179-951-s001.xlsx
29729180	Sheet 1	1547-74	ERS2213349 (SAMEA104602067)	Accession		MIC	<=	0.03	S	BJD-179-951-s001.xlsx
29729180	Sheet 1	1547-74	ERS2213349 (SAMEA104602067)	Accession		MIC.1	<=	0.25	S	BJD-179-951-s001.xlsx
29729180	Sheet 1	1547-74	ERS2213349 (SAMEA104602067)	Accession		MIC.2	<=	0.5	S	BJD-179-951-s001.xlsx
29729180	Sheet 1	1547-74	ERS2213349 (SAMEA104602067)	Accession		MIC.3	<=	0.5	S	BJD-179-951-s001.xlsx
29729180	Sheet 1	1547-74	ERS2213349 (SAMEA104602067)	Accession		MIC.4	=	1	S	BJD-179-951-s001.xlsx
29729180	Sheet 1	1547-74	ERS2213349 (SAMEA104602067)	Accession		MIC.5	=	0.25	S	BJD-179-951-s001.xlsx
29729180	Sheet 1	1547-74	ERS2213349 (SAMEA104602067)	Accession		MIC.6	<=	1	S	BJD-179-951-s001.xlsx
29729180	Sheet 1	1547-74	ERS2213349 (SAMEA104602067)	Accession		MIC.7	<=	0.5	S	BJD-179-951-s001.xlsx
29729180	Sheet 1	1547-74	ERS2213349 (SAMEA104602067)	Accession		MIC.8	<=	2	S	BJD-179-951-s001.xlsx
29729180	Sheet 1	1547-74	ERS2213349 (SAMEA104602067)	Accession		MIC.9	<=	0.5	S	BJD-179-951-s001.xlsx
29729180	Sheet 1	1547-74	ERS2213349 (SAMEA104602067)	Accession		MIC.10	=	2	S	BJD-179-951-s001.xlsx
29729180	Sheet 1	1547-74	ERS2213349 (SAMEA104602067)	Accession		MIC.11	=	0.25	S	BJD-179-951-s001.xlsx
29729180	Sheet 1	1547-74	ERS2213349 (SAMEA104602067)	Accession		MIC.12	<=	0.5	S	BJD-179-951-s001.xlsx
29729180	Sheet 1	1547-74	ERS2213349 (SAMEA104602067)	Accession		MIC.13	=	1	S	BJD-179-951-s001.xlsx
29729180	Sheet 1	1547-74	ERS2213349 (SAMEA104602067)	Accession		MIC.14	=	8	S	BJD-179-951-s001.xlsx
29729180	Sheet 1	1547-74	ERS2213349 (SAMEA104602067)	Accession		MIC.15	<=	0.03	S	BJD-179-951-s001.xlsx
29729180	Sheet 1	1560-82	ERS2213350 (SAMEA104602068)	Accession		MIC	>=	0.5	R	BJD-179-951-s001.xlsx
29729180	Sheet 1	1560-82	ERS2213350 (SAMEA104602068)	Accession		MIC.1	=	0.5	S	BJD-179-951-s001.xlsx
29729180	Sheet 1	1560-82	ERS2213350 (SAMEA104602068)	Accession		MIC.2	<=	0.5	S	BJD-179-951-s001.xlsx
29729180	Sheet 1	1560-82	ERS2213350 (SAMEA104602068)	Accession		MIC.3	<=	0.5	S	BJD-179-951-s001.xlsx
29729180	Sheet 1	1560-82	ERS2213350 (SAMEA104602068)	Accession		MIC.4	=	0.5	S	BJD-179-951-s001.xlsx
29729180	Sheet 1	1560-82	ERS2213350 (SAMEA104602068)	Accession		MIC.5	=	0.25	S	BJD-179-951-s001.xlsx
29729180	Sheet 1	1560-82	ERS2213350 (SAMEA104602068)	Accession		MIC.6	<=	1	S	BJD-179-951-s001.xlsx
29729180	Sheet 1	1560-82	ERS2213350 (SAMEA104602068)	Accession		MIC.7	>=	32	R	BJD-179-951-s001.xlsx
29729180	Sheet 1	1560-82	ERS2213350 (SAMEA104602068)	Accession		MIC.8	<=	2	S	BJD-179-951-s001.xlsx
29729180	Sheet 1	1560-82	ERS2213350 (SAMEA104602068)	Accession		MIC.9	=	1	S	BJD-179-951-s001.xlsx
29729180	Sheet 1	1560-82	ERS2213350 (SAMEA104602068)	Accession		MIC.10	=	2	S	BJD-179-951-s001.xlsx
29729180	Sheet 1	1560-82	ERS2213350 (SAMEA104602068)	Accession		MIC.11	=	0.25	S	BJD-179-951-s001.xlsx
29729180	Sheet 1	1560-82	ERS2213350 (SAMEA104602068)	Accession		MIC.12	<=	0.5	S	BJD-179-951-s001.xlsx
29729180	Sheet 1	1560-82	ERS2213350 (SAMEA104602068)	Accession		MIC.13	=	1	S	BJD-179-951-s001.xlsx
29729180	Sheet 1	1560-82	ERS2213350 (SAMEA104602068)	Accession		MIC.14	=	8	S	BJD-179-951-s001.xlsx
29729180	Sheet 1	1560-82	ERS2213350 (SAMEA104602068)	Accession		MIC.15	<=	0.03	S	BJD-179-951-s001.xlsx
29729180	Sheet 1	1564-78	ERS2213351 (SAMEA104602069)	Accession		MIC	>=	0.5	R	BJD-179-951-s001.xlsx
29729180	Sheet 1	1564-78	ERS2213351 (SAMEA104602069)	Accession		MIC.1	=	0.5	S	BJD-179-951-s001.xlsx
29729180	Sheet 1	1564-78	ERS2213351 (SAMEA104602069)	Accession		MIC.2	<=	0.5	S	BJD-179-951-s001.xlsx
29729180	Sheet 1	1564-78	ERS2213351 (SAMEA104602069)	Accession		MIC.3	<=	0.5	S	BJD-179-951-s001.xlsx
29729180	Sheet 1	1564-78	ERS2213351 (SAMEA104602069)	Accession		MIC.4	>=	8	R	BJD-179-951-s001.xlsx
29729180	Sheet 1	1564-78	ERS2213351 (SAMEA104602069)	Accession		MIC.5	=	0.25	R	BJD-179-951-s001.xlsx
29729180	Sheet 1	1564-78	ERS2213351 (SAMEA104602069)	Accession		MIC.6	<=	1	S	BJD-179-951-s001.xlsx
29729180	Sheet 1	1564-78	ERS2213351 (SAMEA104602069)	Accession		MIC.7	=	16	R	BJD-179-951-s001.xlsx
29729180	Sheet 1	1564-78	ERS2213351 (SAMEA104602069)	Accession		MIC.8	<=	2	S	BJD-179-951-s001.xlsx
29729180	Sheet 1	1564-78	ERS2213351 (SAMEA104602069)	Accession		MIC.9	=	1	S	BJD-179-951-s001.xlsx
29729180	Sheet 1	1564-78	ERS2213351 (SAMEA104602069)	Accession		MIC.10	=	2	S	BJD-179-951-s001.xlsx
29729180	Sheet 1	1564-78	ERS2213351 (SAMEA104602069)	Accession		MIC.11	=	0.25	S	BJD-179-951-s001.xlsx
29729180	Sheet 1	1564-78	ERS2213351 (SAMEA104602069)	Accession		MIC.12	<=	0.5	S	BJD-179-951-s001.xlsx
29729180	Sheet 1	1564-78	ERS2213351 (SAMEA104602069)	Accession		MIC.13	=	1	S	BJD-179-951-s001.xlsx
29729180	Sheet 1	1564-78	ERS2213351 (SAMEA104602069)	Accession		MIC.14	=	8	S	BJD-179-951-s001.xlsx
29729180	Sheet 1	1564-78	ERS2213351 (SAMEA104602069)	Accession		MIC.15	<=	0.03	S	BJD-179-951-s001.xlsx
29729180	Sheet 1	1565-80	ERS2213352 (SAMEA104602070)	Accession		MIC	>=	0.5	R	BJD-179-951-s001.xlsx
29729180	Sheet 1	1565-80	ERS2213352 (SAMEA104602070)	Accession		MIC.1	=	0.5	S	BJD-179-951-s001.xlsx
29729180	Sheet 1	1565-80	ERS2213352 (SAMEA104602070)	Accession		MIC.2	<=	0.5	S	BJD-179-951-s001.xlsx
29729180	Sheet 1	1565-80	ERS2213352 (SAMEA104602070)	Accession		MIC.3	<=	0.5	S	BJD-179-951-s001.xlsx
29729180	Sheet 1	1565-80	ERS2213352 (SAMEA104602070)	Accession		MIC.4	=	0.5	S	BJD-179-951-s001.xlsx
29729180	Sheet 1	1565-80	ERS2213352 (SAMEA104602070)	Accession		MIC.5	=	0.25	S	BJD-179-951-s001.xlsx
29729180	Sheet 1	1565-80	ERS2213352 (SAMEA104602070)	Accession		MIC.6	<=	1	S	BJD-179-951-s001.xlsx
29729180	Sheet 1	1565-80	ERS2213352 (SAMEA104602070)	Accession		MIC.7	<=	0.5	S	BJD-179-951-s001.xlsx
29729180	Sheet 1	1565-80	ERS2213352 (SAMEA104602070)	Accession		MIC.8	<=	2	S	BJD-179-951-s001.xlsx
29729180	Sheet 1	1565-80	ERS2213352 (SAMEA104602070)	Accession		MIC.9	=	1	S	BJD-179-951-s001.xlsx
29729180	Sheet 1	1565-80	ERS2213352 (SAMEA104602070)	Accession		MIC.10	=	2	S	BJD-179-951-s001.xlsx
29729180	Sheet 1	1565-80	ERS2213352 (SAMEA104602070)	Accession		MIC.11	=	0.25	S	BJD-179-951-s001.xlsx
29729180	Sheet 1	1565-80	ERS2213352 (SAMEA104602070)	Accession		MIC.12	<=	0.5	S	BJD-179-951-s001.xlsx
29729180	Sheet 1	1565-80	ERS2213352 (SAMEA104602070)	Accession		MIC.13	=	1	S	BJD-179-951-s001.xlsx
29729180	Sheet 1	1565-80	ERS2213352 (SAMEA104602070)	Accession		MIC.14	=	8	S	BJD-179-951-s001.xlsx
29729180	Sheet 1	1565-80	ERS2213352 (SAMEA104602070)	Accession		MIC.15	<=	0.03	S	BJD-179-951-s001.xlsx
29729180	Sheet 1	1568-86	ERS2213353 (SAMEA104602071)	Accession		MIC	>=	0.5	R	BJD-179-951-s001.xlsx
29729180	Sheet 1	1568-86	ERS2213353 (SAMEA104602071)	Accession		MIC.1	=	0.5	S	BJD-179-951-s001.xlsx
29729180	Sheet 1	1568-86	ERS2213353 (SAMEA104602071)	Accession		MIC.2	<=	0.5	S	BJD-179-951-s001.xlsx
29729180	Sheet 1	1568-86	ERS2213353 (SAMEA104602071)	Accession		MIC.3	<=	0.5	S	BJD-179-951-s001.xlsx
29729180	Sheet 1	1568-86	ERS2213353 (SAMEA104602071)	Accession		MIC.4	=	1	S	BJD-179-951-s001.xlsx
29729180	Sheet 1	1568-86	ERS2213353 (SAMEA104602071)	Accession		MIC.5	=	0.25	S	BJD-179-951-s001.xlsx
29729180	Sheet 1	1568-86	ERS2213353 (SAMEA104602071)	Accession		MIC.6	<=	1	S	BJD-179-951-s001.xlsx
29729180	Sheet 1	1568-86	ERS2213353 (SAMEA104602071)	Accession		MIC.7	<=	0.5	S	BJD-179-951-s001.xlsx
29729180	Sheet 1	1568-86	ERS2213353 (SAMEA104602071)	Accession		MIC.8	<=	2	S	BJD-179-951-s001.xlsx
29729180	Sheet 1	1568-86	ERS2213353 (SAMEA104602071)	Accession		MIC.9	=	1	S	BJD-179-951-s001.xlsx
29729180	Sheet 1	1568-86	ERS2213353 (SAMEA104602071)	Accession		MIC.10	=	2	S	BJD-179-951-s001.xlsx
29729180	Sheet 1	1568-86	ERS2213353 (SAMEA104602071)	Accession		MIC.11	=	0.25	S	BJD-179-951-s001.xlsx
29729180	Sheet 1	1568-86	ERS2213353 (SAMEA104602071)	Accession		MIC.12	<=	0.5	S	BJD-179-951-s001.xlsx
29729180	Sheet 1	1568-86	ERS2213353 (SAMEA104602071)	Accession		MIC.13	=	1	S	BJD-179-951-s001.xlsx
29729180	Sheet 1	1568-86	ERS2213353 (SAMEA104602071)	Accession		MIC.14	=	8	S	BJD-179-951-s001.xlsx
29729180	Sheet 1	1568-86	ERS2213353 (SAMEA104602071)	Accession		MIC.15	<=	0.03	S	BJD-179-951-s001.xlsx
29729180	Sheet 1	1570-88	ERS2213354 (SAMEA104602072)	Accession		MIC	=	0.12	S	BJD-179-951-s001.xlsx
29729180	Sheet 1	1570-88	ERS2213354 (SAMEA104602072)	Accession		MIC.1	<=	0.25	S	BJD-179-951-s001.xlsx
29729180	Sheet 1	1570-88	ERS2213354 (SAMEA104602072)	Accession		MIC.2	<=	0.5	S	BJD-179-951-s001.xlsx
29729180	Sheet 1	1570-88	ERS2213354 (SAMEA104602072)	Accession		MIC.3	<=	0.5	S	BJD-179-951-s001.xlsx
29729180	Sheet 1	1570-88	ERS2213354 (SAMEA104602072)	Accession		MIC.4	=	1	S	BJD-179-951-s001.xlsx
29729180	Sheet 1	1570-88	ERS2213354 (SAMEA104602072)	Accession		MIC.5	=	0.25	S	BJD-179-951-s001.xlsx
29729180	Sheet 1	1570-88	ERS2213354 (SAMEA104602072)	Accession		MIC.6	<=	1	S	BJD-179-951-s001.xlsx
29729180	Sheet 1	1570-88	ERS2213354 (SAMEA104602072)	Accession		MIC.7	=	16	R	BJD-179-951-s001.xlsx
29729180	Sheet 1	1570-88	ERS2213354 (SAMEA104602072)	Accession		MIC.8	<=	2	S	BJD-179-951-s001.xlsx
29729180	Sheet 1	1570-88	ERS2213354 (SAMEA104602072)	Accession		MIC.9	=	1	S	BJD-179-951-s001.xlsx
29729180	Sheet 1	1570-88	ERS2213354 (SAMEA104602072)	Accession		MIC.10	=	2	S	BJD-179-951-s001.xlsx
29729180	Sheet 1	1570-88	ERS2213354 (SAMEA104602072)	Accession		MIC.11	=	0.25	S	BJD-179-951-s001.xlsx
29729180	Sheet 1	1570-88	ERS2213354 (SAMEA104602072)	Accession		MIC.12	<=	0.5	S	BJD-179-951-s001.xlsx
29729180	Sheet 1	1570-88	ERS2213354 (SAMEA104602072)	Accession		MIC.13	=	1	S	BJD-179-951-s001.xlsx
29729180	Sheet 1	1570-88	ERS2213354 (SAMEA104602072)	Accession		MIC.14	=	8	S	BJD-179-951-s001.xlsx
29729180	Sheet 1	1570-88	ERS2213354 (SAMEA104602072)	Accession		MIC.15	<=	0.03	S	BJD-179-951-s001.xlsx
29729180	Sheet 1	1572-90	ERS2213355 (SAMEA104602073)	Accession		MIC	>=	0.5	R	BJD-179-951-s001.xlsx
29729180	Sheet 1	1572-90	ERS2213355 (SAMEA104602073)	Accession		MIC.1	<=	0.25	S	BJD-179-951-s001.xlsx
29729180	Sheet 1	1572-90	ERS2213355 (SAMEA104602073)	Accession		MIC.2	<=	0.5	S	BJD-179-951-s001.xlsx
29729180	Sheet 1	1572-90	ERS2213355 (SAMEA104602073)	Accession		MIC.3	<=	0.5	S	BJD-179-951-s001.xlsx
29729180	Sheet 1	1572-90	ERS2213355 (SAMEA104602073)	Accession		MIC.4	>=	8	R	BJD-179-951-s001.xlsx
29729180	Sheet 1	1572-90	ERS2213355 (SAMEA104602073)	Accession		MIC.5	=	0.25	R	BJD-179-951-s001.xlsx
29729180	Sheet 1	1572-90	ERS2213355 (SAMEA104602073)	Accession		MIC.6	<=	1	S	BJD-179-951-s001.xlsx
29729180	Sheet 1	1572-90	ERS2213355 (SAMEA104602073)	Accession		MIC.7	<=	0.5	S	BJD-179-951-s001.xlsx
29729180	Sheet 1	1572-90	ERS2213355 (SAMEA104602073)	Accession		MIC.8	<=	2	S	BJD-179-951-s001.xlsx
29729180	Sheet 1	1572-90	ERS2213355 (SAMEA104602073)	Accession		MIC.9	<=	0.5	S	BJD-179-951-s001.xlsx
29729180	Sheet 1	1572-90	ERS2213355 (SAMEA104602073)	Accession		MIC.10	=	2	S	BJD-179-951-s001.xlsx
29729180	Sheet 1	1572-90	ERS2213355 (SAMEA104602073)	Accession		MIC.11	=	0.25	S	BJD-179-951-s001.xlsx
29729180	Sheet 1	1572-90	ERS2213355 (SAMEA104602073)	Accession		MIC.12	<=	0.5	S	BJD-179-951-s001.xlsx
29729180	Sheet 1	1572-90	ERS2213355 (SAMEA104602073)	Accession		MIC.13	=	1	S	BJD-179-951-s001.xlsx
29729180	Sheet 1	1572-90	ERS2213355 (SAMEA104602073)	Accession		MIC.14	=	8	S	BJD-179-951-s001.xlsx
29729180	Sheet 1	1572-90	ERS2213355 (SAMEA104602073)	Accession		MIC.15	<=	0.03	S	BJD-179-951-s001.xlsx
29729180	Sheet 1	1582-96	ERS2213356 (SAMEA104602074)	Accession		MIC	>=	0.5	R	BJD-179-951-s001.xlsx
29729180	Sheet 1	1582-96	ERS2213356 (SAMEA104602074)	Accession		MIC.1	=	0.5	S	BJD-179-951-s001.xlsx
29729180	Sheet 1	1582-96	ERS2213356 (SAMEA104602074)	Accession		MIC.2	<=	0.5	S	BJD-179-951-s001.xlsx
29729180	Sheet 1	1582-96	ERS2213356 (SAMEA104602074)	Accession		MIC.3	<=	0.5	S	BJD-179-951-s001.xlsx
29729180	Sheet 1	1582-96	ERS2213356 (SAMEA104602074)	Accession		MIC.4	=	1	S	BJD-179-951-s001.xlsx
29729180	Sheet 1	1582-96	ERS2213356 (SAMEA104602074)	Accession		MIC.5	=	0.25	S	BJD-179-951-s001.xlsx
29729180	Sheet 1	1582-96	ERS2213356 (SAMEA104602074)	Accession		MIC.6	<=	1	S	BJD-179-951-s001.xlsx
29729180	Sheet 1	1582-96	ERS2213356 (SAMEA104602074)	Accession		MIC.7	<=	0.5	S	BJD-179-951-s001.xlsx
29729180	Sheet 1	1582-96	ERS2213356 (SAMEA104602074)	Accession		MIC.8	<=	2	S	BJD-179-951-s001.xlsx
29729180	Sheet 1	1582-96	ERS2213356 (SAMEA104602074)	Accession		MIC.9	<=	0.5	S	BJD-179-951-s001.xlsx
29729180	Sheet 1	1582-96	ERS2213356 (SAMEA104602074)	Accession		MIC.10	=	2	S	BJD-179-951-s001.xlsx
29729180	Sheet 1	1582-96	ERS2213356 (SAMEA104602074)	Accession		MIC.11	=	0.25	S	BJD-179-951-s001.xlsx
29729180	Sheet 1	1582-96	ERS2213356 (SAMEA104602074)	Accession		MIC.12	<=	0.5	S	BJD-179-951-s001.xlsx
29729180	Sheet 1	1582-96	ERS2213356 (SAMEA104602074)	Accession		MIC.13	=	1	S	BJD-179-951-s001.xlsx
29729180	Sheet 1	1582-96	ERS2213356 (SAMEA104602074)	Accession		MIC.14	=	8	S	BJD-179-951-s001.xlsx
29729180	Sheet 1	1582-96	ERS2213356 (SAMEA104602074)	Accession		MIC.15	<=	0.03	S	BJD-179-951-s001.xlsx
29729180	Sheet 1	1583-98	ERS2213357 (SAMEA104602075)	Accession		MIC	>=	0.5	R	BJD-179-951-s001.xlsx
29729180	Sheet 1	1583-98	ERS2213357 (SAMEA104602075)	Accession		MIC.1	=	0.5	S	BJD-179-951-s001.xlsx
29729180	Sheet 1	1583-98	ERS2213357 (SAMEA104602075)	Accession		MIC.2	<=	0.5	S	BJD-179-951-s001.xlsx
29729180	Sheet 1	1583-98	ERS2213357 (SAMEA104602075)	Accession		MIC.3	<=	0.5	S	BJD-179-951-s001.xlsx
29729180	Sheet 1	1583-98	ERS2213357 (SAMEA104602075)	Accession		MIC.4	=	0.5	S	BJD-179-951-s001.xlsx
29729180	Sheet 1	1583-98	ERS2213357 (SAMEA104602075)	Accession		MIC.5	=	0.25	S	BJD-179-951-s001.xlsx
29729180	Sheet 1	1583-98	ERS2213357 (SAMEA104602075)	Accession		MIC.6	<=	1	S	BJD-179-951-s001.xlsx
29729180	Sheet 1	1583-98	ERS2213357 (SAMEA104602075)	Accession		MIC.7	<=	0.5	S	BJD-179-951-s001.xlsx
29729180	Sheet 1	1583-98	ERS2213357 (SAMEA104602075)	Accession		MIC.8	<=	2	S	BJD-179-951-s001.xlsx
29729180	Sheet 1	1583-98	ERS2213357 (SAMEA104602075)	Accession		MIC.9	=	1	S	BJD-179-951-s001.xlsx
29729180	Sheet 1	1583-98	ERS2213357 (SAMEA104602075)	Accession		MIC.10	=	1	S	BJD-179-951-s001.xlsx
29729180	Sheet 1	1583-98	ERS2213357 (SAMEA104602075)	Accession		MIC.11	=	0.25	S	BJD-179-951-s001.xlsx
29729180	Sheet 1	1583-98	ERS2213357 (SAMEA104602075)	Accession		MIC.12	<=	0.5	S	BJD-179-951-s001.xlsx
29729180	Sheet 1	1583-98	ERS2213357 (SAMEA104602075)	Accession		MIC.13	=	1	S	BJD-179-951-s001.xlsx
29729180	Sheet 1	1583-98	ERS2213357 (SAMEA104602075)	Accession		MIC.14	<=	4	S	BJD-179-951-s001.xlsx
29729180	Sheet 1	1583-98	ERS2213357 (SAMEA104602075)	Accession		MIC.15	<=	0.03	S	BJD-179-951-s001.xlsx
29729180	Sheet 1	1589-100	ERS2213358 (SAMEA104602076)	Accession		MIC	>=	0.5	R	BJD-179-951-s001.xlsx
29729180	Sheet 1	1589-100	ERS2213358 (SAMEA104602076)	Accession		MIC.1	=	0.5	S	BJD-179-951-s001.xlsx
29729180	Sheet 1	1589-100	ERS2213358 (SAMEA104602076)	Accession		MIC.2	<=	0.5	S	BJD-179-951-s001.xlsx
29729180	Sheet 1	1589-100	ERS2213358 (SAMEA104602076)	Accession		MIC.3	<=	0.5	S	BJD-179-951-s001.xlsx
29729180	Sheet 1	1589-100	ERS2213358 (SAMEA104602076)	Accession		MIC.4	=	0.5	S	BJD-179-951-s001.xlsx
29729180	Sheet 1	1589-100	ERS2213358 (SAMEA104602076)	Accession		MIC.5	=	0.25	S	BJD-179-951-s001.xlsx
29729180	Sheet 1	1589-100	ERS2213358 (SAMEA104602076)	Accession		MIC.6	<=	1	S	BJD-179-951-s001.xlsx
29729180	Sheet 1	1589-100	ERS2213358 (SAMEA104602076)	Accession		MIC.7	=	8	R	BJD-179-951-s001.xlsx
29729180	Sheet 1	1589-100	ERS2213358 (SAMEA104602076)	Accession		MIC.8	<=	2	S	BJD-179-951-s001.xlsx
29729180	Sheet 1	1589-100	ERS2213358 (SAMEA104602076)	Accession		MIC.9	<=	0.5	S	BJD-179-951-s001.xlsx
29729180	Sheet 1	1589-100	ERS2213358 (SAMEA104602076)	Accession		MIC.10	=	2	S	BJD-179-951-s001.xlsx
29729180	Sheet 1	1589-100	ERS2213358 (SAMEA104602076)	Accession		MIC.11	=	0.25	S	BJD-179-951-s001.xlsx
29729180	Sheet 1	1589-100	ERS2213358 (SAMEA104602076)	Accession		MIC.12	<=	0.5	S	BJD-179-951-s001.xlsx
29729180	Sheet 1	1589-100	ERS2213358 (SAMEA104602076)	Accession		MIC.13	=	1	S	BJD-179-951-s001.xlsx
29729180	Sheet 1	1589-100	ERS2213358 (SAMEA104602076)	Accession		MIC.14	=	8	S	BJD-179-951-s001.xlsx
29729180	Sheet 1	1589-100	ERS2213358 (SAMEA104602076)	Accession		MIC.15	<=	0.03	S	BJD-179-951-s001.xlsx
29729180	Sheet 1	1602-102	ERS2213359 (SAMEA104602077)	Accession		MIC	>=	0.5	R	BJD-179-951-s001.xlsx
29729180	Sheet 1	1602-102	ERS2213359 (SAMEA104602077)	Accession		MIC.1	=	0.5	S	BJD-179-951-s001.xlsx
29729180	Sheet 1	1602-102	ERS2213359 (SAMEA104602077)	Accession		MIC.2	<=	0.5	S	BJD-179-951-s001.xlsx
29729180	Sheet 1	1602-102	ERS2213359 (SAMEA104602077)	Accession		MIC.3	<=	0.5	S	BJD-179-951-s001.xlsx
29729180	Sheet 1	1602-102	ERS2213359 (SAMEA104602077)	Accession		MIC.4	=	0.5	S	BJD-179-951-s001.xlsx
29729180	Sheet 1	1602-102	ERS2213359 (SAMEA104602077)	Accession		MIC.5	=	0.25	S	BJD-179-951-s001.xlsx
29729180	Sheet 1	1602-102	ERS2213359 (SAMEA104602077)	Accession		MIC.6	<=	1	S	BJD-179-951-s001.xlsx
29729180	Sheet 1	1602-102	ERS2213359 (SAMEA104602077)	Accession		MIC.7	>=	32	R	BJD-179-951-s001.xlsx
29729180	Sheet 1	1602-102	ERS2213359 (SAMEA104602077)	Accession		MIC.8	<=	2	S	BJD-179-951-s001.xlsx
29729180	Sheet 1	1602-102	ERS2213359 (SAMEA104602077)	Accession		MIC.9	<=	0.5	S	BJD-179-951-s001.xlsx
29729180	Sheet 1	1602-102	ERS2213359 (SAMEA104602077)	Accession		MIC.10	=	2	S	BJD-179-951-s001.xlsx
29729180	Sheet 1	1602-102	ERS2213359 (SAMEA104602077)	Accession		MIC.11	=	0.25	S	BJD-179-951-s001.xlsx
29729180	Sheet 1	1602-102	ERS2213359 (SAMEA104602077)	Accession		MIC.12	<=	0.5	S	BJD-179-951-s001.xlsx
29729180	Sheet 1	1602-102	ERS2213359 (SAMEA104602077)	Accession		MIC.13	=	1	S	BJD-179-951-s001.xlsx
29729180	Sheet 1	1602-102	ERS2213359 (SAMEA104602077)	Accession		MIC.14	=	8	S	BJD-179-951-s001.xlsx
29729180	Sheet 1	1602-102	ERS2213359 (SAMEA104602077)	Accession		MIC.15	<=	0.03	S	BJD-179-951-s001.xlsx
29729180	Sheet 1	1604-104	ERS2213360 (SAMEA104602078)	Accession		MIC	>=	0.5	R	BJD-179-951-s001.xlsx
29729180	Sheet 1	1604-104	ERS2213360 (SAMEA104602078)	Accession		MIC.1	<=	0.25	S	BJD-179-951-s001.xlsx
29729180	Sheet 1	1604-104	ERS2213360 (SAMEA104602078)	Accession		MIC.2	<=	0.5	S	BJD-179-951-s001.xlsx
29729180	Sheet 1	1604-104	ERS2213360 (SAMEA104602078)	Accession		MIC.3	<=	0.5	S	BJD-179-951-s001.xlsx
29729180	Sheet 1	1604-104	ERS2213360 (SAMEA104602078)	Accession		MIC.4	=	0.5	S	BJD-179-951-s001.xlsx
29729180	Sheet 1	1604-104	ERS2213360 (SAMEA104602078)	Accession		MIC.5	=	0.25	S	BJD-179-951-s001.xlsx
29729180	Sheet 1	1604-104	ERS2213360 (SAMEA104602078)	Accession		MIC.6	<=	1	S	BJD-179-951-s001.xlsx
29729180	Sheet 1	1604-104	ERS2213360 (SAMEA104602078)	Accession		MIC.7	<=	0.5	S	BJD-179-951-s001.xlsx
29729180	Sheet 1	1604-104	ERS2213360 (SAMEA104602078)	Accession		MIC.8	<=	2	S	BJD-179-951-s001.xlsx
29729180	Sheet 1	1604-104	ERS2213360 (SAMEA104602078)	Accession		MIC.9	=	1	S	BJD-179-951-s001.xlsx
29729180	Sheet 1	1604-104	ERS2213360 (SAMEA104602078)	Accession		MIC.10	=	2	S	BJD-179-951-s001.xlsx
29729180	Sheet 1	1604-104	ERS2213360 (SAMEA104602078)	Accession		MIC.11	=	0.5	S	BJD-179-951-s001.xlsx
29729180	Sheet 1	1604-104	ERS2213360 (SAMEA104602078)	Accession		MIC.12	<=	0.5	S	BJD-179-951-s001.xlsx
29729180	Sheet 1	1604-104	ERS2213360 (SAMEA104602078)	Accession		MIC.13	=	1	S	BJD-179-951-s001.xlsx
29729180	Sheet 1	1604-104	ERS2213360 (SAMEA104602078)	Accession		MIC.14	=	8	S	BJD-179-951-s001.xlsx
29729180	Sheet 1	1604-104	ERS2213360 (SAMEA104602078)	Accession		MIC.15	<=	0.03	S	BJD-179-951-s001.xlsx
29729180	Sheet 1	1606-106	ERS2213361 (SAMEA104602079)	Accession		MIC	>=	0.5	R	BJD-179-951-s001.xlsx
29729180	Sheet 1	1606-106	ERS2213361 (SAMEA104602079)	Accession		MIC.1	<=	0.25	S	BJD-179-951-s001.xlsx
29729180	Sheet 1	1606-106	ERS2213361 (SAMEA104602079)	Accession		MIC.2	<=	0.5	S	BJD-179-951-s001.xlsx
29729180	Sheet 1	1606-106	ERS2213361 (SAMEA104602079)	Accession		MIC.3	<=	0.5	S	BJD-179-951-s001.xlsx
29729180	Sheet 1	1606-106	ERS2213361 (SAMEA104602079)	Accession		MIC.4	=	0.5	S	BJD-179-951-s001.xlsx
29729180	Sheet 1	1606-106	ERS2213361 (SAMEA104602079)	Accession		MIC.5	=	0.25	S	BJD-179-951-s001.xlsx
29729180	Sheet 1	1606-106	ERS2213361 (SAMEA104602079)	Accession		MIC.6	<=	1	S	BJD-179-951-s001.xlsx
29729180	Sheet 1	1606-106	ERS2213361 (SAMEA104602079)	Accession		MIC.7	<=	0.5	S	BJD-179-951-s001.xlsx
29729180	Sheet 1	1606-106	ERS2213361 (SAMEA104602079)	Accession		MIC.8	<=	2	S	BJD-179-951-s001.xlsx
29729180	Sheet 1	1606-106	ERS2213361 (SAMEA104602079)	Accession		MIC.9	<=	0.5	S	BJD-179-951-s001.xlsx
29729180	Sheet 1	1606-106	ERS2213361 (SAMEA104602079)	Accession		MIC.10	=	2	S	BJD-179-951-s001.xlsx
29729180	Sheet 1	1606-106	ERS2213361 (SAMEA104602079)	Accession		MIC.11	=	0.5	S	BJD-179-951-s001.xlsx
29729180	Sheet 1	1606-106	ERS2213361 (SAMEA104602079)	Accession		MIC.12	<=	0.5	S	BJD-179-951-s001.xlsx
29729180	Sheet 1	1606-106	ERS2213361 (SAMEA104602079)	Accession		MIC.13	=	1	S	BJD-179-951-s001.xlsx
29729180	Sheet 1	1606-106	ERS2213361 (SAMEA104602079)	Accession		MIC.14	=	8	S	BJD-179-951-s001.xlsx
29729180	Sheet 1	1606-106	ERS2213361 (SAMEA104602079)	Accession		MIC.15	<=	0.03	S	BJD-179-951-s001.xlsx
29729180	Sheet 1	1610-107	ERS2213362 (SAMEA104602080)	Accession		MIC	>=	0.5	R	BJD-179-951-s001.xlsx
29729180	Sheet 1	1610-107	ERS2213362 (SAMEA104602080)	Accession		MIC.1	=	0.5	S	BJD-179-951-s001.xlsx
29729180	Sheet 1	1610-107	ERS2213362 (SAMEA104602080)	Accession		MIC.2	<=	0.5	S	BJD-179-951-s001.xlsx
29729180	Sheet 1	1610-107	ERS2213362 (SAMEA104602080)	Accession		MIC.3	<=	0.5	S	BJD-179-951-s001.xlsx
29729180	Sheet 1	1610-107	ERS2213362 (SAMEA104602080)	Accession		MIC.4	=	1	S	BJD-179-951-s001.xlsx
29729180	Sheet 1	1610-107	ERS2213362 (SAMEA104602080)	Accession		MIC.5	=	0.25	S	BJD-179-951-s001.xlsx
29729180	Sheet 1	1610-107	ERS2213362 (SAMEA104602080)	Accession		MIC.6	<=	1	S	BJD-179-951-s001.xlsx
29729180	Sheet 1	1610-107	ERS2213362 (SAMEA104602080)	Accession		MIC.7	<=	0.5	S	BJD-179-951-s001.xlsx
29729180	Sheet 1	1610-107	ERS2213362 (SAMEA104602080)	Accession		MIC.8	<=	2	S	BJD-179-951-s001.xlsx
29729180	Sheet 1	1610-107	ERS2213362 (SAMEA104602080)	Accession		MIC.9	<=	0.5	S	BJD-179-951-s001.xlsx
29729180	Sheet 1	1610-107	ERS2213362 (SAMEA104602080)	Accession		MIC.10	=	2	S	BJD-179-951-s001.xlsx
29729180	Sheet 1	1610-107	ERS2213362 (SAMEA104602080)	Accession		MIC.11	=	0.25	S	BJD-179-951-s001.xlsx
29729180	Sheet 1	1610-107	ERS2213362 (SAMEA104602080)	Accession		MIC.12	<=	0.5	S	BJD-179-951-s001.xlsx
29729180	Sheet 1	1610-107	ERS2213362 (SAMEA104602080)	Accession		MIC.13	=	1	S	BJD-179-951-s001.xlsx
29729180	Sheet 1	1610-107	ERS2213362 (SAMEA104602080)	Accession		MIC.14	=	8	S	BJD-179-951-s001.xlsx
29729180	Sheet 1	1610-107	ERS2213362 (SAMEA104602080)	Accession		MIC.15	<=	0.03	S	BJD-179-951-s001.xlsx
29729180	Sheet 1	1628-109	ERS2213363 (SAMEA104602081)	Accession		MIC	>=	0.5	R	BJD-179-951-s001.xlsx
29729180	Sheet 1	1628-109	ERS2213363 (SAMEA104602081)	Accession		MIC.1	<=	0.25	S	BJD-179-951-s001.xlsx
29729180	Sheet 1	1628-109	ERS2213363 (SAMEA104602081)	Accession		MIC.2	<=	0.5	S	BJD-179-951-s001.xlsx
29729180	Sheet 1	1628-109	ERS2213363 (SAMEA104602081)	Accession		MIC.3	<=	0.5	S	BJD-179-951-s001.xlsx
29729180	Sheet 1	1628-109	ERS2213363 (SAMEA104602081)	Accession		MIC.4	=	1	S	BJD-179-951-s001.xlsx
29729180	Sheet 1	1628-109	ERS2213363 (SAMEA104602081)	Accession		MIC.5	=	0.25	S	BJD-179-951-s001.xlsx
29729180	Sheet 1	1628-109	ERS2213363 (SAMEA104602081)	Accession		MIC.6	<=	1	S	BJD-179-951-s001.xlsx
29729180	Sheet 1	1628-109	ERS2213363 (SAMEA104602081)	Accession		MIC.7	=	8	R	BJD-179-951-s001.xlsx
29729180	Sheet 1	1628-109	ERS2213363 (SAMEA104602081)	Accession		MIC.8	<=	2	S	BJD-179-951-s001.xlsx
29729180	Sheet 1	1628-109	ERS2213363 (SAMEA104602081)	Accession		MIC.9	<=	0.5	S	BJD-179-951-s001.xlsx
29729180	Sheet 1	1628-109	ERS2213363 (SAMEA104602081)	Accession		MIC.10	=	2	S	BJD-179-951-s001.xlsx
29729180	Sheet 1	1628-109	ERS2213363 (SAMEA104602081)	Accession		MIC.11	=	0.25	S	BJD-179-951-s001.xlsx
29729180	Sheet 1	1628-109	ERS2213363 (SAMEA104602081)	Accession		MIC.12	<=	0.5	S	BJD-179-951-s001.xlsx
29729180	Sheet 1	1628-109	ERS2213363 (SAMEA104602081)	Accession		MIC.13	=	1	S	BJD-179-951-s001.xlsx
29729180	Sheet 1	1628-109	ERS2213363 (SAMEA104602081)	Accession		MIC.14	=	8	S	BJD-179-951-s001.xlsx
29729180	Sheet 1	1628-109	ERS2213363 (SAMEA104602081)	Accession		MIC.15	<=	0.03	S	BJD-179-951-s001.xlsx
29729180	Sheet 1	1634-111	ERS2213364 (SAMEA104602082)	Accession		MIC	>=	0.5	R	BJD-179-951-s001.xlsx
29729180	Sheet 1	1634-111	ERS2213364 (SAMEA104602082)	Accession		MIC.1	=	0.5	S	BJD-179-951-s001.xlsx
29729180	Sheet 1	1634-111	ERS2213364 (SAMEA104602082)	Accession		MIC.2	<=	0.5	S	BJD-179-951-s001.xlsx
29729180	Sheet 1	1634-111	ERS2213364 (SAMEA104602082)	Accession		MIC.3	<=	0.5	S	BJD-179-951-s001.xlsx
29729180	Sheet 1	1634-111	ERS2213364 (SAMEA104602082)	Accession		MIC.4	=	1	S	BJD-179-951-s001.xlsx
29729180	Sheet 1	1634-111	ERS2213364 (SAMEA104602082)	Accession		MIC.5	=	0.25	S	BJD-179-951-s001.xlsx
29729180	Sheet 1	1634-111	ERS2213364 (SAMEA104602082)	Accession		MIC.6	<=	1	S	BJD-179-951-s001.xlsx
29729180	Sheet 1	1634-111	ERS2213364 (SAMEA104602082)	Accession		MIC.7	<=	0.5	S	BJD-179-951-s001.xlsx
29729180	Sheet 1	1634-111	ERS2213364 (SAMEA104602082)	Accession		MIC.8	<=	2	S	BJD-179-951-s001.xlsx
29729180	Sheet 1	1634-111	ERS2213364 (SAMEA104602082)	Accession		MIC.9	<=	0.5	S	BJD-179-951-s001.xlsx
29729180	Sheet 1	1634-111	ERS2213364 (SAMEA104602082)	Accession		MIC.10	=	2	S	BJD-179-951-s001.xlsx
29729180	Sheet 1	1634-111	ERS2213364 (SAMEA104602082)	Accession		MIC.11	=	0.25	S	BJD-179-951-s001.xlsx
29729180	Sheet 1	1634-111	ERS2213364 (SAMEA104602082)	Accession		MIC.12	<=	0.5	S	BJD-179-951-s001.xlsx
29729180	Sheet 1	1634-111	ERS2213364 (SAMEA104602082)	Accession		MIC.13	=	1	S	BJD-179-951-s001.xlsx
29729180	Sheet 1	1634-111	ERS2213364 (SAMEA104602082)	Accession		MIC.14	=	8	S	BJD-179-951-s001.xlsx
29729180	Sheet 1	1634-111	ERS2213364 (SAMEA104602082)	Accession		MIC.15	<=	0.03	S	BJD-179-951-s001.xlsx
29729180	Sheet 1	1640-114	ERS2213365 (SAMEA104602083)	Accession		MIC	>=	0.5	R	BJD-179-951-s001.xlsx
29729180	Sheet 1	1640-114	ERS2213365 (SAMEA104602083)	Accession		MIC.1	>=	4	R	BJD-179-951-s001.xlsx
29729180	Sheet 1	1640-114	ERS2213365 (SAMEA104602083)	Accession		MIC.2	>=	16	R	BJD-179-951-s001.xlsx
29729180	Sheet 1	1640-114	ERS2213365 (SAMEA104602083)	Accession		MIC.3	>=	8	R	BJD-179-951-s001.xlsx
29729180	Sheet 1	1640-114	ERS2213365 (SAMEA104602083)	Accession		MIC.4	>=	8	R	BJD-179-951-s001.xlsx
29729180	Sheet 1	1640-114	ERS2213365 (SAMEA104602083)	Accession		MIC.5	>=	4	R	BJD-179-951-s001.xlsx
29729180	Sheet 1	1640-114	ERS2213365 (SAMEA104602083)	Accession		MIC.6	<=	1	S	BJD-179-951-s001.xlsx
29729180	Sheet 1	1640-114	ERS2213365 (SAMEA104602083)	Accession		MIC.7	=	4	R	BJD-179-951-s001.xlsx
29729180	Sheet 1	1640-114	ERS2213365 (SAMEA104602083)	Accession		MIC.8	=	64	I	BJD-179-951-s001.xlsx
29729180	Sheet 1	1640-114	ERS2213365 (SAMEA104602083)	Accession		MIC.9	<=	0.5	S	BJD-179-951-s001.xlsx
29729180	Sheet 1	1640-114	ERS2213365 (SAMEA104602083)	Accession		MIC.10	=	2	S	BJD-179-951-s001.xlsx
29729180	Sheet 1	1640-114	ERS2213365 (SAMEA104602083)	Accession		MIC.11	=	1	S	BJD-179-951-s001.xlsx
29729180	Sheet 1	1640-114	ERS2213365 (SAMEA104602083)	Accession		MIC.12	<=	0.5	S	BJD-179-951-s001.xlsx
29729180	Sheet 1	1640-114	ERS2213365 (SAMEA104602083)	Accession		MIC.13	=	1	S	BJD-179-951-s001.xlsx
29729180	Sheet 1	1640-114	ERS2213365 (SAMEA104602083)	Accession		MIC.14	=	8	S	BJD-179-951-s001.xlsx
29729180	Sheet 1	1640-114	ERS2213365 (SAMEA104602083)	Accession		MIC.15	<=	0.03	S	BJD-179-951-s001.xlsx
29729180	Sheet 1	262B-20	ERS2213366 (SAMEA104602084)	Accession		MIC	=	0.06	S	BJD-179-951-s001.xlsx
29729180	Sheet 1	262B-20	ERS2213366 (SAMEA104602084)	Accession		MIC.1	<=	0.25	S	BJD-179-951-s001.xlsx
29729180	Sheet 1	262B-20	ERS2213366 (SAMEA104602084)	Accession		MIC.2	<=	0.5	S	BJD-179-951-s001.xlsx
29729180	Sheet 1	262B-20	ERS2213366 (SAMEA104602084)	Accession		MIC.3	<=	0.5	S	BJD-179-951-s001.xlsx
29729180	Sheet 1	262B-20	ERS2213366 (SAMEA104602084)	Accession		MIC.4	>=	8	R	BJD-179-951-s001.xlsx
29729180	Sheet 1	262B-20	ERS2213366 (SAMEA104602084)	Accession		MIC.5	=	0.25	R	BJD-179-951-s001.xlsx
29729180	Sheet 1	262B-20	ERS2213366 (SAMEA104602084)	Accession		MIC.6	<=	1	S	BJD-179-951-s001.xlsx
29729180	Sheet 1	262B-20	ERS2213366 (SAMEA104602084)	Accession		MIC.7	=	16	R	BJD-179-951-s001.xlsx
29729180	Sheet 1	262B-20	ERS2213366 (SAMEA104602084)	Accession		MIC.8	<=	2	S	BJD-179-951-s001.xlsx
29729180	Sheet 1	262B-20	ERS2213366 (SAMEA104602084)	Accession		MIC.9	=	1	S	BJD-179-951-s001.xlsx
29729180	Sheet 1	262B-20	ERS2213366 (SAMEA104602084)	Accession		MIC.10	=	2	S	BJD-179-951-s001.xlsx
29729180	Sheet 1	262B-20	ERS2213366 (SAMEA104602084)	Accession		MIC.11	=	0.25	S	BJD-179-951-s001.xlsx
29729180	Sheet 1	262B-20	ERS2213366 (SAMEA104602084)	Accession		MIC.12	<=	0.5	S	BJD-179-951-s001.xlsx
29729180	Sheet 1	262B-20	ERS2213366 (SAMEA104602084)	Accession		MIC.13	=	1	S	BJD-179-951-s001.xlsx
29729180	Sheet 1	262B-20	ERS2213366 (SAMEA104602084)	Accession		MIC.14	<=	4	S	BJD-179-951-s001.xlsx
29729180	Sheet 1	262B-20	ERS2213366 (SAMEA104602084)	Accession		MIC.15	<=	0.03	S	BJD-179-951-s001.xlsx
29729180	Sheet 1	279B-47	ERS2213367 (SAMEA104602085)	Accession		MIC	>=	0.5	R	BJD-179-951-s001.xlsx
29729180	Sheet 1	279B-47	ERS2213367 (SAMEA104602085)	Accession		MIC.1	=	0.5	S	BJD-179-951-s001.xlsx
29729180	Sheet 1	279B-47	ERS2213367 (SAMEA104602085)	Accession		MIC.2	<=	0.5	S	BJD-179-951-s001.xlsx
29729180	Sheet 1	279B-47	ERS2213367 (SAMEA104602085)	Accession		MIC.3	<=	0.5	S	BJD-179-951-s001.xlsx
29729180	Sheet 1	279B-47	ERS2213367 (SAMEA104602085)	Accession		MIC.4	=	0.5	S	BJD-179-951-s001.xlsx
29729180	Sheet 1	279B-47	ERS2213367 (SAMEA104602085)	Accession		MIC.5	=	0.25	S	BJD-179-951-s001.xlsx
29729180	Sheet 1	279B-47	ERS2213367 (SAMEA104602085)	Accession		MIC.6	<=	1	S	BJD-179-951-s001.xlsx
29729180	Sheet 1	279B-47	ERS2213367 (SAMEA104602085)	Accession		MIC.7	=	16	R	BJD-179-951-s001.xlsx
29729180	Sheet 1	279B-47	ERS2213367 (SAMEA104602085)	Accession		MIC.8	<=	2	S	BJD-179-951-s001.xlsx
29729180	Sheet 1	279B-47	ERS2213367 (SAMEA104602085)	Accession		MIC.9	=	1	S	BJD-179-951-s001.xlsx
29729180	Sheet 1	279B-47	ERS2213367 (SAMEA104602085)	Accession		MIC.10	=	2	S	BJD-179-951-s001.xlsx
29729180	Sheet 1	279B-47	ERS2213367 (SAMEA104602085)	Accession		MIC.11	=	0.25	S	BJD-179-951-s001.xlsx
29729180	Sheet 1	279B-47	ERS2213367 (SAMEA104602085)	Accession		MIC.12	<=	0.5	S	BJD-179-951-s001.xlsx
29729180	Sheet 1	279B-47	ERS2213367 (SAMEA104602085)	Accession		MIC.13	=	1	S	BJD-179-951-s001.xlsx
29729180	Sheet 1	279B-47	ERS2213367 (SAMEA104602085)	Accession		MIC.14	=	8	S	BJD-179-951-s001.xlsx
29729180	Sheet 1	279B-47	ERS2213367 (SAMEA104602085)	Accession		MIC.15	<=	0.03	S	BJD-179-951-s001.xlsx
29729180	Sheet 1	295-84	ERS2213368 (SAMEA104602086)	Accession		MIC	>=	0.5	R	BJD-179-951-s001.xlsx
29729180	Sheet 1	295-84	ERS2213368 (SAMEA104602086)	Accession		MIC.1	=	0.5	S	BJD-179-951-s001.xlsx
29729180	Sheet 1	295-84	ERS2213368 (SAMEA104602086)	Accession		MIC.2	<=	0.5	S	BJD-179-951-s001.xlsx
29729180	Sheet 1	295-84	ERS2213368 (SAMEA104602086)	Accession		MIC.3	<=	0.5	S	BJD-179-951-s001.xlsx
29729180	Sheet 1	295-84	ERS2213368 (SAMEA104602086)	Accession		MIC.4	=	1	S	BJD-179-951-s001.xlsx
29729180	Sheet 1	295-84	ERS2213368 (SAMEA104602086)	Accession		MIC.5	=	0.25	S	BJD-179-951-s001.xlsx
29729180	Sheet 1	295-84	ERS2213368 (SAMEA104602086)	Accession		MIC.6	<=	1	S	BJD-179-951-s001.xlsx
29729180	Sheet 1	295-84	ERS2213368 (SAMEA104602086)	Accession		MIC.7	<=	0.5	S	BJD-179-951-s001.xlsx
29729180	Sheet 1	295-84	ERS2213368 (SAMEA104602086)	Accession		MIC.8	<=	2	S	BJD-179-951-s001.xlsx
29729180	Sheet 1	295-84	ERS2213368 (SAMEA104602086)	Accession		MIC.9	<=	0.5	S	BJD-179-951-s001.xlsx
29729180	Sheet 1	295-84	ERS2213368 (SAMEA104602086)	Accession		MIC.10	=	2	S	BJD-179-951-s001.xlsx
29729180	Sheet 1	295-84	ERS2213368 (SAMEA104602086)	Accession		MIC.11	=	0.25	S	BJD-179-951-s001.xlsx
29729180	Sheet 1	295-84	ERS2213368 (SAMEA104602086)	Accession		MIC.12	<=	0.5	S	BJD-179-951-s001.xlsx
29729180	Sheet 1	295-84	ERS2213368 (SAMEA104602086)	Accession		MIC.13	=	1	S	BJD-179-951-s001.xlsx
29729180	Sheet 1	295-84	ERS2213368 (SAMEA104602086)	Accession		MIC.14	=	8	S	BJD-179-951-s001.xlsx
29729180	Sheet 1	295-84	ERS2213368 (SAMEA104602086)	Accession		MIC.15	<=	0.03	S	BJD-179-951-s001.xlsx
29729180	Sheet 1	310B-113	ERS2213369 (SAMEA104602087)	Accession		MIC	=	0.06	S	BJD-179-951-s001.xlsx
29729180	Sheet 1	310B-113	ERS2213369 (SAMEA104602087)	Accession		MIC.1	<=	0.25	S	BJD-179-951-s001.xlsx
29729180	Sheet 1	310B-113	ERS2213369 (SAMEA104602087)	Accession		MIC.2	<=	0.5	S	BJD-179-951-s001.xlsx
29729180	Sheet 1	310B-113	ERS2213369 (SAMEA104602087)	Accession		MIC.3	<=	0.5	S	BJD-179-951-s001.xlsx
29729180	Sheet 1	310B-113	ERS2213369 (SAMEA104602087)	Accession		MIC.4	=	0.5	S	BJD-179-951-s001.xlsx
29729180	Sheet 1	310B-113	ERS2213369 (SAMEA104602087)	Accession		MIC.5	=	0.25	S	BJD-179-951-s001.xlsx
29729180	Sheet 1	310B-113	ERS2213369 (SAMEA104602087)	Accession		MIC.6	<=	1	S	BJD-179-951-s001.xlsx
29729180	Sheet 1	310B-113	ERS2213369 (SAMEA104602087)	Accession		MIC.7	<=	0.5	S	BJD-179-951-s001.xlsx
29729180	Sheet 1	310B-113	ERS2213369 (SAMEA104602087)	Accession		MIC.8	<=	2	S	BJD-179-951-s001.xlsx
29729180	Sheet 1	310B-113	ERS2213369 (SAMEA104602087)	Accession		MIC.9	<=	0.5	S	BJD-179-951-s001.xlsx
29729180	Sheet 1	310B-113	ERS2213369 (SAMEA104602087)	Accession		MIC.10	=	2	S	BJD-179-951-s001.xlsx
29729180	Sheet 1	310B-113	ERS2213369 (SAMEA104602087)	Accession		MIC.11	=	0.25	S	BJD-179-951-s001.xlsx
29729180	Sheet 1	310B-113	ERS2213369 (SAMEA104602087)	Accession		MIC.12	<=	0.5	S	BJD-179-951-s001.xlsx
29729180	Sheet 1	310B-113	ERS2213369 (SAMEA104602087)	Accession		MIC.13	=	1	S	BJD-179-951-s001.xlsx
29729180	Sheet 1	310B-113	ERS2213369 (SAMEA104602087)	Accession		MIC.14	=	8	S	BJD-179-951-s001.xlsx
29729180	Sheet 1	310B-113	ERS2213369 (SAMEA104602087)	Accession		MIC.15	<=	0.03	S	BJD-179-951-s001.xlsx
29729180	Sheet 1	51B-25	ERS2213370 (SAMEA104602088)	Accession		MIC	>=	0.5	R	BJD-179-951-s001.xlsx
29729180	Sheet 1	51B-25	ERS2213370 (SAMEA104602088)	Accession		MIC.1	=	0.5	S	BJD-179-951-s001.xlsx
29729180	Sheet 1	51B-25	ERS2213370 (SAMEA104602088)	Accession		MIC.2	<=	0.5	S	BJD-179-951-s001.xlsx
29729180	Sheet 1	51B-25	ERS2213370 (SAMEA104602088)	Accession		MIC.3	=	1	S	BJD-179-951-s001.xlsx
29729180	Sheet 1	51B-25	ERS2213370 (SAMEA104602088)	Accession		MIC.4	=	1	S	BJD-179-951-s001.xlsx
29729180	Sheet 1	51B-25	ERS2213370 (SAMEA104602088)	Accession		MIC.5	=	0.25	S	BJD-179-951-s001.xlsx
29729180	Sheet 1	51B-25	ERS2213370 (SAMEA104602088)	Accession		MIC.6	<=	1	S	BJD-179-951-s001.xlsx
29729180	Sheet 1	51B-25	ERS2213370 (SAMEA104602088)	Accession		MIC.7	<=	0.5	S	BJD-179-951-s001.xlsx
29729180	Sheet 1	51B-25	ERS2213370 (SAMEA104602088)	Accession		MIC.8	<=	2	S	BJD-179-951-s001.xlsx
29729180	Sheet 1	51B-25	ERS2213370 (SAMEA104602088)	Accession		MIC.9	<=	0.5	S	BJD-179-951-s001.xlsx
29729180	Sheet 1	51B-25	ERS2213370 (SAMEA104602088)	Accession		MIC.10	=	2	S	BJD-179-951-s001.xlsx
29729180	Sheet 1	51B-25	ERS2213370 (SAMEA104602088)	Accession		MIC.11	=	0.25	S	BJD-179-951-s001.xlsx
29729180	Sheet 1	51B-25	ERS2213370 (SAMEA104602088)	Accession		MIC.12	<=	0.5	S	BJD-179-951-s001.xlsx
29729180	Sheet 1	51B-25	ERS2213370 (SAMEA104602088)	Accession		MIC.13	=	1	S	BJD-179-951-s001.xlsx
29729180	Sheet 1	51B-25	ERS2213370 (SAMEA104602088)	Accession		MIC.14	=	8	S	BJD-179-951-s001.xlsx
29729180	Sheet 1	51B-25	ERS2213370 (SAMEA104602088)	Accession		MIC.15	<=	0.03	S	BJD-179-951-s001.xlsx
29729180	Sheet 1	1002-01	ERS2213371 (SAMEA104602089)	Accession		MIC	>=	0.5	R	BJD-179-951-s001.xlsx
29729180	Sheet 1	1002-01	ERS2213371 (SAMEA104602089)	Accession		MIC.1	<=	0.25	S	BJD-179-951-s001.xlsx
29729180	Sheet 1	1002-01	ERS2213371 (SAMEA104602089)	Accession		MIC.2	<=	0.5	S	BJD-179-951-s001.xlsx
29729180	Sheet 1	1002-01	ERS2213371 (SAMEA104602089)	Accession		MIC.3	<=	0.5	S	BJD-179-951-s001.xlsx
29729180	Sheet 1	1002-01	ERS2213371 (SAMEA104602089)	Accession		MIC.4	=	1	S	BJD-179-951-s001.xlsx
29729180	Sheet 1	1002-01	ERS2213371 (SAMEA104602089)	Accession		MIC.5	=	0.25	S	BJD-179-951-s001.xlsx
29729180	Sheet 1	1002-01	ERS2213371 (SAMEA104602089)	Accession		MIC.6	<=	1	S	BJD-179-951-s001.xlsx
29729180	Sheet 1	1002-01	ERS2213371 (SAMEA104602089)	Accession		MIC.7	<=	0.5	S	BJD-179-951-s001.xlsx
29729180	Sheet 1	1002-01	ERS2213371 (SAMEA104602089)	Accession		MIC.8	<=	2	S	BJD-179-951-s001.xlsx
29729180	Sheet 1	1002-01	ERS2213371 (SAMEA104602089)	Accession		MIC.9	<=	0.5	S	BJD-179-951-s001.xlsx
29729180	Sheet 1	1002-01	ERS2213371 (SAMEA104602089)	Accession		MIC.10	=	2	S	BJD-179-951-s001.xlsx
29729180	Sheet 1	1002-01	ERS2213371 (SAMEA104602089)	Accession		MIC.11	=	0.5	S	BJD-179-951-s001.xlsx
29729180	Sheet 1	1002-01	ERS2213371 (SAMEA104602089)	Accession		MIC.12	<=	0.5	S	BJD-179-951-s001.xlsx
29729180	Sheet 1	1002-01	ERS2213371 (SAMEA104602089)	Accession		MIC.13	=	1	S	BJD-179-951-s001.xlsx
29729180	Sheet 1	1002-01	ERS2213371 (SAMEA104602089)	Accession		MIC.14	=	8	S	BJD-179-951-s001.xlsx
29729180	Sheet 1	1002-01	ERS2213371 (SAMEA104602089)	Accession		MIC.15	<=	0.03	S	BJD-179-951-s001.xlsx
29729180	Sheet 1	1024-03	ERS2213372 (SAMEA104602090)	Accession		MIC	>=	0.5	R	BJD-179-951-s001.xlsx
29729180	Sheet 1	1024-03	ERS2213372 (SAMEA104602090)	Accession		MIC.1	<=	0.25	S	BJD-179-951-s001.xlsx
29729180	Sheet 1	1024-03	ERS2213372 (SAMEA104602090)	Accession		MIC.2	<=	0.5	S	BJD-179-951-s001.xlsx
29729180	Sheet 1	1024-03	ERS2213372 (SAMEA104602090)	Accession		MIC.3	<=	0.5	S	BJD-179-951-s001.xlsx
29729180	Sheet 1	1024-03	ERS2213372 (SAMEA104602090)	Accession		MIC.4	=	1	S	BJD-179-951-s001.xlsx
29729180	Sheet 1	1024-03	ERS2213372 (SAMEA104602090)	Accession		MIC.5	=	0.25	S	BJD-179-951-s001.xlsx
29729180	Sheet 1	1024-03	ERS2213372 (SAMEA104602090)	Accession		MIC.6	<=	1	S	BJD-179-951-s001.xlsx
29729180	Sheet 1	1024-03	ERS2213372 (SAMEA104602090)	Accession		MIC.7	<=	0.5	S	BJD-179-951-s001.xlsx
29729180	Sheet 1	1024-03	ERS2213372 (SAMEA104602090)	Accession		MIC.8	<=	2	S	BJD-179-951-s001.xlsx
29729180	Sheet 1	1024-03	ERS2213372 (SAMEA104602090)	Accession		MIC.9	<=	0.5	S	BJD-179-951-s001.xlsx
29729180	Sheet 1	1024-03	ERS2213372 (SAMEA104602090)	Accession		MIC.10	=	2	S	BJD-179-951-s001.xlsx
29729180	Sheet 1	1024-03	ERS2213372 (SAMEA104602090)	Accession		MIC.11	=	0.5	S	BJD-179-951-s001.xlsx
29729180	Sheet 1	1024-03	ERS2213372 (SAMEA104602090)	Accession		MIC.12	<=	0.5	S	BJD-179-951-s001.xlsx
29729180	Sheet 1	1024-03	ERS2213372 (SAMEA104602090)	Accession		MIC.13	=	1	S	BJD-179-951-s001.xlsx
29729180	Sheet 1	1024-03	ERS2213372 (SAMEA104602090)	Accession		MIC.14	=	8	S	BJD-179-951-s001.xlsx
29729180	Sheet 1	1024-03	ERS2213372 (SAMEA104602090)	Accession		MIC.15	<=	0.03	S	BJD-179-951-s001.xlsx
29729180	Sheet 1	1029-04	ERS2213373 (SAMEA104602091)	Accession		MIC	>=	0.5	R	BJD-179-951-s001.xlsx
29729180	Sheet 1	1029-04	ERS2213373 (SAMEA104602091)	Accession		MIC.1	<=	0.25	S	BJD-179-951-s001.xlsx
29729180	Sheet 1	1029-04	ERS2213373 (SAMEA104602091)	Accession		MIC.2	<=	0.5	S	BJD-179-951-s001.xlsx
29729180	Sheet 1	1029-04	ERS2213373 (SAMEA104602091)	Accession		MIC.3	<=	0.5	S	BJD-179-951-s001.xlsx
29729180	Sheet 1	1029-04	ERS2213373 (SAMEA104602091)	Accession		MIC.4	=	1	S	BJD-179-951-s001.xlsx
29729180	Sheet 1	1029-04	ERS2213373 (SAMEA104602091)	Accession		MIC.5	=	0.25	S	BJD-179-951-s001.xlsx
29729180	Sheet 1	1029-04	ERS2213373 (SAMEA104602091)	Accession		MIC.6	<=	1	S	BJD-179-951-s001.xlsx
29729180	Sheet 1	1029-04	ERS2213373 (SAMEA104602091)	Accession		MIC.7	<=	0.5	S	BJD-179-951-s001.xlsx
29729180	Sheet 1	1029-04	ERS2213373 (SAMEA104602091)	Accession		MIC.8	<=	2	S	BJD-179-951-s001.xlsx
29729180	Sheet 1	1029-04	ERS2213373 (SAMEA104602091)	Accession		MIC.9	<=	0.5	S	BJD-179-951-s001.xlsx
29729180	Sheet 1	1029-04	ERS2213373 (SAMEA104602091)	Accession		MIC.10	=	2	S	BJD-179-951-s001.xlsx
29729180	Sheet 1	1029-04	ERS2213373 (SAMEA104602091)	Accession		MIC.11	=	0.5	S	BJD-179-951-s001.xlsx
29729180	Sheet 1	1029-04	ERS2213373 (SAMEA104602091)	Accession		MIC.12	<=	0.5	S	BJD-179-951-s001.xlsx
29729180	Sheet 1	1029-04	ERS2213373 (SAMEA104602091)	Accession		MIC.13	=	1	S	BJD-179-951-s001.xlsx
29729180	Sheet 1	1029-04	ERS2213373 (SAMEA104602091)	Accession		MIC.14	=	8	S	BJD-179-951-s001.xlsx
29729180	Sheet 1	1029-04	ERS2213373 (SAMEA104602091)	Accession		MIC.15	<=	0.03	S	BJD-179-951-s001.xlsx
29729180	Sheet 1	1030-05	ERS2213374 (SAMEA104602092)	Accession		MIC	>=	0.5	R	BJD-179-951-s001.xlsx
29729180	Sheet 1	1030-05	ERS2213374 (SAMEA104602092)	Accession		MIC.1	<=	0.25	S	BJD-179-951-s001.xlsx
29729180	Sheet 1	1030-05	ERS2213374 (SAMEA104602092)	Accession		MIC.2	<=	0.5	S	BJD-179-951-s001.xlsx
29729180	Sheet 1	1030-05	ERS2213374 (SAMEA104602092)	Accession		MIC.3	<=	0.5	S	BJD-179-951-s001.xlsx
29729180	Sheet 1	1030-05	ERS2213374 (SAMEA104602092)	Accession		MIC.4	=	0.5	S	BJD-179-951-s001.xlsx
29729180	Sheet 1	1030-05	ERS2213374 (SAMEA104602092)	Accession		MIC.5	=	0.25	S	BJD-179-951-s001.xlsx
29729180	Sheet 1	1030-05	ERS2213374 (SAMEA104602092)	Accession		MIC.6	<=	1	S	BJD-179-951-s001.xlsx
29729180	Sheet 1	1030-05	ERS2213374 (SAMEA104602092)	Accession		MIC.7	<=	0.5	S	BJD-179-951-s001.xlsx
29729180	Sheet 1	1030-05	ERS2213374 (SAMEA104602092)	Accession		MIC.8	<=	2	S	BJD-179-951-s001.xlsx
29729180	Sheet 1	1030-05	ERS2213374 (SAMEA104602092)	Accession		MIC.9	<=	0.5	S	BJD-179-951-s001.xlsx
29729180	Sheet 1	1030-05	ERS2213374 (SAMEA104602092)	Accession		MIC.10	=	2	S	BJD-179-951-s001.xlsx
29729180	Sheet 1	1030-05	ERS2213374 (SAMEA104602092)	Accession		MIC.11	=	0.5	S	BJD-179-951-s001.xlsx
29729180	Sheet 1	1030-05	ERS2213374 (SAMEA104602092)	Accession		MIC.12	<=	0.5	S	BJD-179-951-s001.xlsx
29729180	Sheet 1	1030-05	ERS2213374 (SAMEA104602092)	Accession		MIC.13	=	1	S	BJD-179-951-s001.xlsx
29729180	Sheet 1	1030-05	ERS2213374 (SAMEA104602092)	Accession		MIC.14	=	8	S	BJD-179-951-s001.xlsx
29729180	Sheet 1	1030-05	ERS2213374 (SAMEA104602092)	Accession		MIC.15	<=	0.03	S	BJD-179-951-s001.xlsx
29729180	Sheet 1	1049-08	ERS2213375 (SAMEA104602093)	Accession		MIC	>=	0.5	R	BJD-179-951-s001.xlsx
29729180	Sheet 1	1049-08	ERS2213375 (SAMEA104602093)	Accession		MIC.1	<=	0.25	S	BJD-179-951-s001.xlsx
29729180	Sheet 1	1049-08	ERS2213375 (SAMEA104602093)	Accession		MIC.2	<=	0.5	S	BJD-179-951-s001.xlsx
29729180	Sheet 1	1049-08	ERS2213375 (SAMEA104602093)	Accession		MIC.3	<=	0.5	S	BJD-179-951-s001.xlsx
29729180	Sheet 1	1049-08	ERS2213375 (SAMEA104602093)	Accession		MIC.4	=	0.5	S	BJD-179-951-s001.xlsx
29729180	Sheet 1	1049-08	ERS2213375 (SAMEA104602093)	Accession		MIC.5	=	0.25	S	BJD-179-951-s001.xlsx
29729180	Sheet 1	1049-08	ERS2213375 (SAMEA104602093)	Accession		MIC.6	<=	1	S	BJD-179-951-s001.xlsx
29729180	Sheet 1	1049-08	ERS2213375 (SAMEA104602093)	Accession		MIC.7	<=	0.5	S	BJD-179-951-s001.xlsx
29729180	Sheet 1	1049-08	ERS2213375 (SAMEA104602093)	Accession		MIC.8	<=	2	S	BJD-179-951-s001.xlsx
29729180	Sheet 1	1049-08	ERS2213375 (SAMEA104602093)	Accession		MIC.9	<=	0.5	S	BJD-179-951-s001.xlsx
29729180	Sheet 1	1049-08	ERS2213375 (SAMEA104602093)	Accession		MIC.10	=	2	S	BJD-179-951-s001.xlsx
29729180	Sheet 1	1049-08	ERS2213375 (SAMEA104602093)	Accession		MIC.11	=	0.5	S	BJD-179-951-s001.xlsx
29729180	Sheet 1	1049-08	ERS2213375 (SAMEA104602093)	Accession		MIC.12	<=	0.5	S	BJD-179-951-s001.xlsx
29729180	Sheet 1	1049-08	ERS2213375 (SAMEA104602093)	Accession		MIC.13	=	1	S	BJD-179-951-s001.xlsx
29729180	Sheet 1	1049-08	ERS2213375 (SAMEA104602093)	Accession		MIC.14	=	8	S	BJD-179-951-s001.xlsx
29729180	Sheet 1	1049-08	ERS2213375 (SAMEA104602093)	Accession		MIC.15	<=	0.03	S	BJD-179-951-s001.xlsx
29729180	Sheet 1	1051-09	ERS2213376 (SAMEA104602094)	Accession		MIC	>=	0.5	R	BJD-179-951-s001.xlsx
29729180	Sheet 1	1051-09	ERS2213376 (SAMEA104602094)	Accession		MIC.1	<=	0.25	S	BJD-179-951-s001.xlsx
29729180	Sheet 1	1051-09	ERS2213376 (SAMEA104602094)	Accession		MIC.2	<=	0.5	S	BJD-179-951-s001.xlsx
29729180	Sheet 1	1051-09	ERS2213376 (SAMEA104602094)	Accession		MIC.3	<=	0.5	S	BJD-179-951-s001.xlsx
29729180	Sheet 1	1051-09	ERS2213376 (SAMEA104602094)	Accession		MIC.4	=	0.5	S	BJD-179-951-s001.xlsx
29729180	Sheet 1	1051-09	ERS2213376 (SAMEA104602094)	Accession		MIC.5	=	0.25	S	BJD-179-951-s001.xlsx
29729180	Sheet 1	1051-09	ERS2213376 (SAMEA104602094)	Accession		MIC.6	<=	1	S	BJD-179-951-s001.xlsx
29729180	Sheet 1	1051-09	ERS2213376 (SAMEA104602094)	Accession		MIC.7	<=	0.5	S	BJD-179-951-s001.xlsx
29729180	Sheet 1	1051-09	ERS2213376 (SAMEA104602094)	Accession		MIC.8	<=	2	S	BJD-179-951-s001.xlsx
29729180	Sheet 1	1051-09	ERS2213376 (SAMEA104602094)	Accession		MIC.9	<=	0.5	S	BJD-179-951-s001.xlsx
29729180	Sheet 1	1051-09	ERS2213376 (SAMEA104602094)	Accession		MIC.10	=	2	S	BJD-179-951-s001.xlsx
29729180	Sheet 1	1051-09	ERS2213376 (SAMEA104602094)	Accession		MIC.11	=	0.5	S	BJD-179-951-s001.xlsx
29729180	Sheet 1	1051-09	ERS2213376 (SAMEA104602094)	Accession		MIC.12	<=	0.5	S	BJD-179-951-s001.xlsx
29729180	Sheet 1	1051-09	ERS2213376 (SAMEA104602094)	Accession		MIC.13	=	1	S	BJD-179-951-s001.xlsx
29729180	Sheet 1	1051-09	ERS2213376 (SAMEA104602094)	Accession		MIC.14	=	8	S	BJD-179-951-s001.xlsx
29729180	Sheet 1	1051-09	ERS2213376 (SAMEA104602094)	Accession		MIC.15	<=	0.03	S	BJD-179-951-s001.xlsx
29729180	Sheet 1	1052-10	ERS2213377 (SAMEA104602095)	Accession		MIC	>=	0.5	R	BJD-179-951-s001.xlsx
29729180	Sheet 1	1052-10	ERS2213377 (SAMEA104602095)	Accession		MIC.1	<=	0.25	S	BJD-179-951-s001.xlsx
29729180	Sheet 1	1052-10	ERS2213377 (SAMEA104602095)	Accession		MIC.2	<=	0.5	S	BJD-179-951-s001.xlsx
29729180	Sheet 1	1052-10	ERS2213377 (SAMEA104602095)	Accession		MIC.3	<=	0.5	S	BJD-179-951-s001.xlsx
29729180	Sheet 1	1052-10	ERS2213377 (SAMEA104602095)	Accession		MIC.4	=	0.5	S	BJD-179-951-s001.xlsx
29729180	Sheet 1	1052-10	ERS2213377 (SAMEA104602095)	Accession		MIC.5	=	0.25	S	BJD-179-951-s001.xlsx
29729180	Sheet 1	1052-10	ERS2213377 (SAMEA104602095)	Accession		MIC.6	<=	1	S	BJD-179-951-s001.xlsx
29729180	Sheet 1	1052-10	ERS2213377 (SAMEA104602095)	Accession		MIC.7	<=	0.5	S	BJD-179-951-s001.xlsx
29729180	Sheet 1	1052-10	ERS2213377 (SAMEA104602095)	Accession		MIC.8	<=	2	S	BJD-179-951-s001.xlsx
29729180	Sheet 1	1052-10	ERS2213377 (SAMEA104602095)	Accession		MIC.9	<=	0.5	S	BJD-179-951-s001.xlsx
29729180	Sheet 1	1052-10	ERS2213377 (SAMEA104602095)	Accession		MIC.10	=	2	S	BJD-179-951-s001.xlsx
29729180	Sheet 1	1052-10	ERS2213377 (SAMEA104602095)	Accession		MIC.11	=	0.5	S	BJD-179-951-s001.xlsx
29729180	Sheet 1	1052-10	ERS2213377 (SAMEA104602095)	Accession		MIC.12	<=	0.5	S	BJD-179-951-s001.xlsx
29729180	Sheet 1	1052-10	ERS2213377 (SAMEA104602095)	Accession		MIC.13	=	1	S	BJD-179-951-s001.xlsx
29729180	Sheet 1	1052-10	ERS2213377 (SAMEA104602095)	Accession		MIC.14	=	8	S	BJD-179-951-s001.xlsx
29729180	Sheet 1	1052-10	ERS2213377 (SAMEA104602095)	Accession		MIC.15	<=	0.03	S	BJD-179-951-s001.xlsx
29729180	Sheet 1	1055-11	ERS2213378 (SAMEA104602096)	Accession		MIC	>=	0.5	R	BJD-179-951-s001.xlsx
29729180	Sheet 1	1055-11	ERS2213378 (SAMEA104602096)	Accession		MIC.1	<=	0.25	S	BJD-179-951-s001.xlsx
29729180	Sheet 1	1055-11	ERS2213378 (SAMEA104602096)	Accession		MIC.2	<=	0.5	S	BJD-179-951-s001.xlsx
29729180	Sheet 1	1055-11	ERS2213378 (SAMEA104602096)	Accession		MIC.3	<=	0.5	S	BJD-179-951-s001.xlsx
29729180	Sheet 1	1055-11	ERS2213378 (SAMEA104602096)	Accession		MIC.4	=	0.5	S	BJD-179-951-s001.xlsx
29729180	Sheet 1	1055-11	ERS2213378 (SAMEA104602096)	Accession		MIC.5	=	0.25	S	BJD-179-951-s001.xlsx
29729180	Sheet 1	1055-11	ERS2213378 (SAMEA104602096)	Accession		MIC.6	>=	16	R	BJD-179-951-s001.xlsx
29729180	Sheet 1	1055-11	ERS2213378 (SAMEA104602096)	Accession		MIC.7	<=	0.5	S	BJD-179-951-s001.xlsx
29729180	Sheet 1	1055-11	ERS2213378 (SAMEA104602096)	Accession		MIC.8	<=	2	S	BJD-179-951-s001.xlsx
29729180	Sheet 1	1055-11	ERS2213378 (SAMEA104602096)	Accession		MIC.9	=	1	S	BJD-179-951-s001.xlsx
29729180	Sheet 1	1055-11	ERS2213378 (SAMEA104602096)	Accession		MIC.10	=	2	S	BJD-179-951-s001.xlsx
29729180	Sheet 1	1055-11	ERS2213378 (SAMEA104602096)	Accession		MIC.11	=	0.5	S	BJD-179-951-s001.xlsx
29729180	Sheet 1	1055-11	ERS2213378 (SAMEA104602096)	Accession		MIC.12	<=	0.5	S	BJD-179-951-s001.xlsx
29729180	Sheet 1	1055-11	ERS2213378 (SAMEA104602096)	Accession		MIC.13	=	1	S	BJD-179-951-s001.xlsx
29729180	Sheet 1	1055-11	ERS2213378 (SAMEA104602096)	Accession		MIC.14	<=	4	S	BJD-179-951-s001.xlsx
29729180	Sheet 1	1055-11	ERS2213378 (SAMEA104602096)	Accession		MIC.15	<=	0.03	S	BJD-179-951-s001.xlsx
29729180	Sheet 1	1091-13	ERS2213379 (SAMEA104602097)	Accession		MIC	>=	0.5	R	BJD-179-951-s001.xlsx
29729180	Sheet 1	1091-13	ERS2213379 (SAMEA104602097)	Accession		MIC.1	=	0.5	S	BJD-179-951-s001.xlsx
29729180	Sheet 1	1091-13	ERS2213379 (SAMEA104602097)	Accession		MIC.2	<=	0.5	S	BJD-179-951-s001.xlsx
29729180	Sheet 1	1091-13	ERS2213379 (SAMEA104602097)	Accession		MIC.3	<=	0.5	S	BJD-179-951-s001.xlsx
29729180	Sheet 1	1091-13	ERS2213379 (SAMEA104602097)	Accession		MIC.4	=	0.5	S	BJD-179-951-s001.xlsx
29729180	Sheet 1	1091-13	ERS2213379 (SAMEA104602097)	Accession		MIC.5	=	0.25	S	BJD-179-951-s001.xlsx
29729180	Sheet 1	1091-13	ERS2213379 (SAMEA104602097)	Accession		MIC.6	<=	1	S	BJD-179-951-s001.xlsx
29729180	Sheet 1	1091-13	ERS2213379 (SAMEA104602097)	Accession		MIC.7	=	8	R	BJD-179-951-s001.xlsx
29729180	Sheet 1	1091-13	ERS2213379 (SAMEA104602097)	Accession		MIC.8	<=	2	S	BJD-179-951-s001.xlsx
29729180	Sheet 1	1091-13	ERS2213379 (SAMEA104602097)	Accession		MIC.9	=	1	S	BJD-179-951-s001.xlsx
29729180	Sheet 1	1091-13	ERS2213379 (SAMEA104602097)	Accession		MIC.10	=	2	S	BJD-179-951-s001.xlsx
29729180	Sheet 1	1091-13	ERS2213379 (SAMEA104602097)	Accession		MIC.11	=	0.5	S	BJD-179-951-s001.xlsx
29729180	Sheet 1	1091-13	ERS2213379 (SAMEA104602097)	Accession		MIC.12	<=	0.5	S	BJD-179-951-s001.xlsx
29729180	Sheet 1	1091-13	ERS2213379 (SAMEA104602097)	Accession		MIC.13	=	1	S	BJD-179-951-s001.xlsx
29729180	Sheet 1	1091-13	ERS2213379 (SAMEA104602097)	Accession		MIC.14	=	8	S	BJD-179-951-s001.xlsx
29729180	Sheet 1	1091-13	ERS2213379 (SAMEA104602097)	Accession		MIC.15	<=	0.03	S	BJD-179-951-s001.xlsx
29729180	Sheet 1	1098-15	ERS2213380 (SAMEA104602098)	Accession		MIC	>=	0.5	R	BJD-179-951-s001.xlsx
29729180	Sheet 1	1098-15	ERS2213380 (SAMEA104602098)	Accession		MIC.1	<=	0.25	S	BJD-179-951-s001.xlsx
29729180	Sheet 1	1098-15	ERS2213380 (SAMEA104602098)	Accession		MIC.2	<=	0.5	S	BJD-179-951-s001.xlsx
29729180	Sheet 1	1098-15	ERS2213380 (SAMEA104602098)	Accession		MIC.3	<=	0.5	S	BJD-179-951-s001.xlsx
29729180	Sheet 1	1098-15	ERS2213380 (SAMEA104602098)	Accession		MIC.4	=	1	S	BJD-179-951-s001.xlsx
29729180	Sheet 1	1098-15	ERS2213380 (SAMEA104602098)	Accession		MIC.5	=	0.25	S	BJD-179-951-s001.xlsx
29729180	Sheet 1	1098-15	ERS2213380 (SAMEA104602098)	Accession		MIC.6	<=	1	S	BJD-179-951-s001.xlsx
29729180	Sheet 1	1098-15	ERS2213380 (SAMEA104602098)	Accession		MIC.7	>=	32	R	BJD-179-951-s001.xlsx
29729180	Sheet 1	1098-15	ERS2213380 (SAMEA104602098)	Accession		MIC.8	=	64	R	BJD-179-951-s001.xlsx
29729180	Sheet 1	1098-15	ERS2213380 (SAMEA104602098)	Accession		MIC.9	<=	0.5	S	BJD-179-951-s001.xlsx
29729180	Sheet 1	1098-15	ERS2213380 (SAMEA104602098)	Accession		MIC.10	=	2	S	BJD-179-951-s001.xlsx
29729180	Sheet 1	1098-15	ERS2213380 (SAMEA104602098)	Accession		MIC.11	=	0.25	S	BJD-179-951-s001.xlsx
29729180	Sheet 1	1098-15	ERS2213380 (SAMEA104602098)	Accession		MIC.12	<=	0.5	S	BJD-179-951-s001.xlsx
29729180	Sheet 1	1098-15	ERS2213380 (SAMEA104602098)	Accession		MIC.13	=	1	S	BJD-179-951-s001.xlsx
29729180	Sheet 1	1098-15	ERS2213380 (SAMEA104602098)	Accession		MIC.14	=	8	S	BJD-179-951-s001.xlsx
29729180	Sheet 1	1098-15	ERS2213380 (SAMEA104602098)	Accession		MIC.15	<=	0.03	S	BJD-179-951-s001.xlsx
29729180	Sheet 1	1102-16	ERS2213381 (SAMEA104602099)	Accession		MIC	>=	0.5	R	BJD-179-951-s001.xlsx
29729180	Sheet 1	1102-16	ERS2213381 (SAMEA104602099)	Accession		MIC.1	=	0.5	S	BJD-179-951-s001.xlsx
29729180	Sheet 1	1102-16	ERS2213381 (SAMEA104602099)	Accession		MIC.2	<=	0.5	S	BJD-179-951-s001.xlsx
29729180	Sheet 1	1102-16	ERS2213381 (SAMEA104602099)	Accession		MIC.3	<=	0.5	S	BJD-179-951-s001.xlsx
29729180	Sheet 1	1102-16	ERS2213381 (SAMEA104602099)	Accession		MIC.4	=	0.5	S	BJD-179-951-s001.xlsx
29729180	Sheet 1	1102-16	ERS2213381 (SAMEA104602099)	Accession		MIC.5	=	0.25	S	BJD-179-951-s001.xlsx
29729180	Sheet 1	1102-16	ERS2213381 (SAMEA104602099)	Accession		MIC.6	>=	16	R	BJD-179-951-s001.xlsx
29729180	Sheet 1	1102-16	ERS2213381 (SAMEA104602099)	Accession		MIC.7	<=	0.5	S	BJD-179-951-s001.xlsx
29729180	Sheet 1	1102-16	ERS2213381 (SAMEA104602099)	Accession		MIC.8	<=	2	S	BJD-179-951-s001.xlsx
29729180	Sheet 1	1102-16	ERS2213381 (SAMEA104602099)	Accession		MIC.9	>=	16	R	BJD-179-951-s001.xlsx
29729180	Sheet 1	1102-16	ERS2213381 (SAMEA104602099)	Accession		MIC.10	=	2	S	BJD-179-951-s001.xlsx
29729180	Sheet 1	1102-16	ERS2213381 (SAMEA104602099)	Accession		MIC.11	=	0.25	S	BJD-179-951-s001.xlsx
29729180	Sheet 1	1102-16	ERS2213381 (SAMEA104602099)	Accession		MIC.12	<=	0.5	S	BJD-179-951-s001.xlsx
29729180	Sheet 1	1102-16	ERS2213381 (SAMEA104602099)	Accession		MIC.13	=	1	S	BJD-179-951-s001.xlsx
29729180	Sheet 1	1102-16	ERS2213381 (SAMEA104602099)	Accession		MIC.14	=	8	S	BJD-179-951-s001.xlsx
29729180	Sheet 1	1102-16	ERS2213381 (SAMEA104602099)	Accession		MIC.15	<=	0.03	S	BJD-179-951-s001.xlsx
29729180	Sheet 1	1124-18	ERS2213382 (SAMEA104602100)	Accession		MIC	>=	0.03	S	BJD-179-951-s001.xlsx
29729180	Sheet 1	1124-18	ERS2213382 (SAMEA104602100)	Accession		MIC.1	<=	0.25	S	BJD-179-951-s001.xlsx
29729180	Sheet 1	1124-18	ERS2213382 (SAMEA104602100)	Accession		MIC.2	<=	0.5	S	BJD-179-951-s001.xlsx
29729180	Sheet 1	1124-18	ERS2213382 (SAMEA104602100)	Accession		MIC.3	<=	0.5	S	BJD-179-951-s001.xlsx
29729180	Sheet 1	1124-18	ERS2213382 (SAMEA104602100)	Accession		MIC.4	=	0.5	S	BJD-179-951-s001.xlsx
29729180	Sheet 1	1124-18	ERS2213382 (SAMEA104602100)	Accession		MIC.5	=	0.25	S	BJD-179-951-s001.xlsx
29729180	Sheet 1	1124-18	ERS2213382 (SAMEA104602100)	Accession		MIC.6	<=	1	S	BJD-179-951-s001.xlsx
29729180	Sheet 1	1124-18	ERS2213382 (SAMEA104602100)	Accession		MIC.7	<=	0.5	S	BJD-179-951-s001.xlsx
29729180	Sheet 1	1124-18	ERS2213382 (SAMEA104602100)	Accession		MIC.8	<=	2	S	BJD-179-951-s001.xlsx
29729180	Sheet 1	1124-18	ERS2213382 (SAMEA104602100)	Accession		MIC.9	<=	0.5	S	BJD-179-951-s001.xlsx
29729180	Sheet 1	1124-18	ERS2213382 (SAMEA104602100)	Accession		MIC.10	=	2	S	BJD-179-951-s001.xlsx
29729180	Sheet 1	1124-18	ERS2213382 (SAMEA104602100)	Accession		MIC.11	=	0.25	S	BJD-179-951-s001.xlsx
29729180	Sheet 1	1124-18	ERS2213382 (SAMEA104602100)	Accession		MIC.12	<=	0.5	S	BJD-179-951-s001.xlsx
29729180	Sheet 1	1124-18	ERS2213382 (SAMEA104602100)	Accession		MIC.13	=	1	S	BJD-179-951-s001.xlsx
29729180	Sheet 1	1124-18	ERS2213382 (SAMEA104602100)	Accession		MIC.14	=	8	S	BJD-179-951-s001.xlsx
29729180	Sheet 1	1124-18	ERS2213382 (SAMEA104602100)	Accession		MIC.15	<=	0.03	S	BJD-179-951-s001.xlsx
29729180	Sheet 1	1155-19	ERS2213383 (SAMEA104602101)	Accession		MIC	>=	0.5	R	BJD-179-951-s001.xlsx
29729180	Sheet 1	1155-19	ERS2213383 (SAMEA104602101)	Accession		MIC.1	=	0.5	S	BJD-179-951-s001.xlsx
29729180	Sheet 1	1155-19	ERS2213383 (SAMEA104602101)	Accession		MIC.2	<=	0.5	S	BJD-179-951-s001.xlsx
29729180	Sheet 1	1155-19	ERS2213383 (SAMEA104602101)	Accession		MIC.3	<=	0.5	S	BJD-179-951-s001.xlsx
29729180	Sheet 1	1155-19	ERS2213383 (SAMEA104602101)	Accession		MIC.4	=	0.5	S	BJD-179-951-s001.xlsx
29729180	Sheet 1	1155-19	ERS2213383 (SAMEA104602101)	Accession		MIC.5	=	0.25	S	BJD-179-951-s001.xlsx
29729180	Sheet 1	1155-19	ERS2213383 (SAMEA104602101)	Accession		MIC.6	>=	16	R	BJD-179-951-s001.xlsx
29729180	Sheet 1	1155-19	ERS2213383 (SAMEA104602101)	Accession		MIC.7	<=	0.5	S	BJD-179-951-s001.xlsx
29729180	Sheet 1	1155-19	ERS2213383 (SAMEA104602101)	Accession		MIC.8	<=	2	S	BJD-179-951-s001.xlsx
29729180	Sheet 1	1155-19	ERS2213383 (SAMEA104602101)	Accession		MIC.9	<=	0.5	S	BJD-179-951-s001.xlsx
29729180	Sheet 1	1155-19	ERS2213383 (SAMEA104602101)	Accession		MIC.10	=	2	S	BJD-179-951-s001.xlsx
29729180	Sheet 1	1155-19	ERS2213383 (SAMEA104602101)	Accession		MIC.11	=	0.5	S	BJD-179-951-s001.xlsx
29729180	Sheet 1	1155-19	ERS2213383 (SAMEA104602101)	Accession		MIC.12	<=	0.5	S	BJD-179-951-s001.xlsx
29729180	Sheet 1	1155-19	ERS2213383 (SAMEA104602101)	Accession		MIC.13	=	1	S	BJD-179-951-s001.xlsx
29729180	Sheet 1	1155-19	ERS2213383 (SAMEA104602101)	Accession		MIC.14	=	8	S	BJD-179-951-s001.xlsx
29729180	Sheet 1	1155-19	ERS2213383 (SAMEA104602101)	Accession		MIC.15	<=	0.03	S	BJD-179-951-s001.xlsx
29729180	Sheet 1	1157-20	ERS2213384 (SAMEA104602102)	Accession		MIC	>=	0.5	R	BJD-179-951-s001.xlsx
29729180	Sheet 1	1157-20	ERS2213384 (SAMEA104602102)	Accession		MIC.1	<=	0.25	S	BJD-179-951-s001.xlsx
29729180	Sheet 1	1157-20	ERS2213384 (SAMEA104602102)	Accession		MIC.2	<=	0.5	S	BJD-179-951-s001.xlsx
29729180	Sheet 1	1157-20	ERS2213384 (SAMEA104602102)	Accession		MIC.3	<=	0.5	S	BJD-179-951-s001.xlsx
29729180	Sheet 1	1157-20	ERS2213384 (SAMEA104602102)	Accession		MIC.4	=	0.5	S	BJD-179-951-s001.xlsx
29729180	Sheet 1	1157-20	ERS2213384 (SAMEA104602102)	Accession		MIC.5	=	0.25	S	BJD-179-951-s001.xlsx
29729180	Sheet 1	1157-20	ERS2213384 (SAMEA104602102)	Accession		MIC.6	<=	1	S	BJD-179-951-s001.xlsx
29729180	Sheet 1	1157-20	ERS2213384 (SAMEA104602102)	Accession		MIC.7	<=	0.5	S	BJD-179-951-s001.xlsx
29729180	Sheet 1	1157-20	ERS2213384 (SAMEA104602102)	Accession		MIC.8	<=	2	S	BJD-179-951-s001.xlsx
29729180	Sheet 1	1157-20	ERS2213384 (SAMEA104602102)	Accession		MIC.9	<=	0.5	S	BJD-179-951-s001.xlsx
29729180	Sheet 1	1157-20	ERS2213384 (SAMEA104602102)	Accession		MIC.10	=	2	S	BJD-179-951-s001.xlsx
29729180	Sheet 1	1157-20	ERS2213384 (SAMEA104602102)	Accession		MIC.11	=	0.5	S	BJD-179-951-s001.xlsx
29729180	Sheet 1	1157-20	ERS2213384 (SAMEA104602102)	Accession		MIC.12	<=	0.5	S	BJD-179-951-s001.xlsx
29729180	Sheet 1	1157-20	ERS2213384 (SAMEA104602102)	Accession		MIC.13	=	1	S	BJD-179-951-s001.xlsx
29729180	Sheet 1	1157-20	ERS2213384 (SAMEA104602102)	Accession		MIC.14	=	8	S	BJD-179-951-s001.xlsx
29729180	Sheet 1	1157-20	ERS2213384 (SAMEA104602102)	Accession		MIC.15	<=	0.03	S	BJD-179-951-s001.xlsx
29729180	Sheet 1	1177-21	ERS2213385 (SAMEA104602103)	Accession		MIC	>=	0.5	R	BJD-179-951-s001.xlsx
29729180	Sheet 1	1177-21	ERS2213385 (SAMEA104602103)	Accession		MIC.1	<=	0.25	S	BJD-179-951-s001.xlsx
29729180	Sheet 1	1177-21	ERS2213385 (SAMEA104602103)	Accession		MIC.2	<=	0.5	S	BJD-179-951-s001.xlsx
29729180	Sheet 1	1177-21	ERS2213385 (SAMEA104602103)	Accession		MIC.3	<=	0.5	S	BJD-179-951-s001.xlsx
29729180	Sheet 1	1177-21	ERS2213385 (SAMEA104602103)	Accession		MIC.4	=	1	S	BJD-179-951-s001.xlsx
29729180	Sheet 1	1177-21	ERS2213385 (SAMEA104602103)	Accession		MIC.5	=	0.25	S	BJD-179-951-s001.xlsx
29729180	Sheet 1	1177-21	ERS2213385 (SAMEA104602103)	Accession		MIC.6	<=	1	S	BJD-179-951-s001.xlsx
29729180	Sheet 1	1177-21	ERS2213385 (SAMEA104602103)	Accession		MIC.7	<=	0.5	S	BJD-179-951-s001.xlsx
29729180	Sheet 1	1177-21	ERS2213385 (SAMEA104602103)	Accession		MIC.8	<=	2	S	BJD-179-951-s001.xlsx
29729180	Sheet 1	1177-21	ERS2213385 (SAMEA104602103)	Accession		MIC.9	<=	0.5	S	BJD-179-951-s001.xlsx
29729180	Sheet 1	1177-21	ERS2213385 (SAMEA104602103)	Accession		MIC.10	=	2	S	BJD-179-951-s001.xlsx
29729180	Sheet 1	1177-21	ERS2213385 (SAMEA104602103)	Accession		MIC.11	=	0.25	S	BJD-179-951-s001.xlsx
29729180	Sheet 1	1177-21	ERS2213385 (SAMEA104602103)	Accession		MIC.12	<=	0.5	S	BJD-179-951-s001.xlsx
29729180	Sheet 1	1177-21	ERS2213385 (SAMEA104602103)	Accession		MIC.13	=	1	S	BJD-179-951-s001.xlsx
29729180	Sheet 1	1177-21	ERS2213385 (SAMEA104602103)	Accession		MIC.14	=	8	S	BJD-179-951-s001.xlsx
29729180	Sheet 1	1177-21	ERS2213385 (SAMEA104602103)	Accession		MIC.15	<=	0.03	S	BJD-179-951-s001.xlsx
29729180	Sheet 1	1202-22	ERS2213386 (SAMEA104602104)	Accession		MIC	>=	0.5	R	BJD-179-951-s001.xlsx
29729180	Sheet 1	1202-22	ERS2213386 (SAMEA104602104)	Accession		MIC.1	=	0.5	S	BJD-179-951-s001.xlsx
29729180	Sheet 1	1202-22	ERS2213386 (SAMEA104602104)	Accession		MIC.2	<=	0.5	S	BJD-179-951-s001.xlsx
29729180	Sheet 1	1202-22	ERS2213386 (SAMEA104602104)	Accession		MIC.3	<=	0.5	S	BJD-179-951-s001.xlsx
29729180	Sheet 1	1202-22	ERS2213386 (SAMEA104602104)	Accession		MIC.4	=	1	S	BJD-179-951-s001.xlsx
29729180	Sheet 1	1202-22	ERS2213386 (SAMEA104602104)	Accession		MIC.5	=	0.25	S	BJD-179-951-s001.xlsx
29729180	Sheet 1	1202-22	ERS2213386 (SAMEA104602104)	Accession		MIC.6	<=	1	S	BJD-179-951-s001.xlsx
29729180	Sheet 1	1202-22	ERS2213386 (SAMEA104602104)	Accession		MIC.7	<=	0.5	S	BJD-179-951-s001.xlsx
29729180	Sheet 1	1202-22	ERS2213386 (SAMEA104602104)	Accession		MIC.8	<=	2	S	BJD-179-951-s001.xlsx
29729180	Sheet 1	1202-22	ERS2213386 (SAMEA104602104)	Accession		MIC.9	<=	0.5	S	BJD-179-951-s001.xlsx
29729180	Sheet 1	1202-22	ERS2213386 (SAMEA104602104)	Accession		MIC.10	=	2	S	BJD-179-951-s001.xlsx
29729180	Sheet 1	1202-22	ERS2213386 (SAMEA104602104)	Accession		MIC.11	=	0.5	S	BJD-179-951-s001.xlsx
29729180	Sheet 1	1202-22	ERS2213386 (SAMEA104602104)	Accession		MIC.12	<=	0.5	S	BJD-179-951-s001.xlsx
29729180	Sheet 1	1202-22	ERS2213386 (SAMEA104602104)	Accession		MIC.13	=	1	S	BJD-179-951-s001.xlsx
29729180	Sheet 1	1202-22	ERS2213386 (SAMEA104602104)	Accession		MIC.14	=	8	S	BJD-179-951-s001.xlsx
29729180	Sheet 1	1202-22	ERS2213386 (SAMEA104602104)	Accession		MIC.15	<=	0.03	S	BJD-179-951-s001.xlsx
29729180	Sheet 1	1207-23	ERS2213387 (SAMEA104602105)	Accession		MIC	>=	0.5	R	BJD-179-951-s001.xlsx
29729180	Sheet 1	1207-23	ERS2213387 (SAMEA104602105)	Accession		MIC.1	=	0.5	S	BJD-179-951-s001.xlsx
29729180	Sheet 1	1207-23	ERS2213387 (SAMEA104602105)	Accession		MIC.2	<=	0.5	S	BJD-179-951-s001.xlsx
29729180	Sheet 1	1207-23	ERS2213387 (SAMEA104602105)	Accession		MIC.3	<=	0.5	S	BJD-179-951-s001.xlsx
29729180	Sheet 1	1207-23	ERS2213387 (SAMEA104602105)	Accession		MIC.4	=	0.5	S	BJD-179-951-s001.xlsx
29729180	Sheet 1	1207-23	ERS2213387 (SAMEA104602105)	Accession		MIC.5	=	0.25	S	BJD-179-951-s001.xlsx
29729180	Sheet 1	1207-23	ERS2213387 (SAMEA104602105)	Accession		MIC.6	<=	1	S	BJD-179-951-s001.xlsx
29729180	Sheet 1	1207-23	ERS2213387 (SAMEA104602105)	Accession		MIC.7	<=	0.5	S	BJD-179-951-s001.xlsx
29729180	Sheet 1	1207-23	ERS2213387 (SAMEA104602105)	Accession		MIC.8	<=	2	S	BJD-179-951-s001.xlsx
29729180	Sheet 1	1207-23	ERS2213387 (SAMEA104602105)	Accession		MIC.9	<=	0.5	S	BJD-179-951-s001.xlsx
29729180	Sheet 1	1207-23	ERS2213387 (SAMEA104602105)	Accession		MIC.10	=	2	S	BJD-179-951-s001.xlsx
29729180	Sheet 1	1207-23	ERS2213387 (SAMEA104602105)	Accession		MIC.11	=	0.25	S	BJD-179-951-s001.xlsx
29729180	Sheet 1	1207-23	ERS2213387 (SAMEA104602105)	Accession		MIC.12	<=	0.5	S	BJD-179-951-s001.xlsx
29729180	Sheet 1	1207-23	ERS2213387 (SAMEA104602105)	Accession		MIC.13	=	1	S	BJD-179-951-s001.xlsx
29729180	Sheet 1	1207-23	ERS2213387 (SAMEA104602105)	Accession		MIC.14	=	8	S	BJD-179-951-s001.xlsx
29729180	Sheet 1	1207-23	ERS2213387 (SAMEA104602105)	Accession		MIC.15	<=	0.03	S	BJD-179-951-s001.xlsx
29729180	Sheet 1	1236-25	ERS2213388 (SAMEA104602106)	Accession		MIC	>=	0.5	R	BJD-179-951-s001.xlsx
29729180	Sheet 1	1236-25	ERS2213388 (SAMEA104602106)	Accession		MIC.1	<=	0.25	S	BJD-179-951-s001.xlsx
29729180	Sheet 1	1236-25	ERS2213388 (SAMEA104602106)	Accession		MIC.2	<=	0.5	S	BJD-179-951-s001.xlsx
29729180	Sheet 1	1236-25	ERS2213388 (SAMEA104602106)	Accession		MIC.3	<=	0.5	S	BJD-179-951-s001.xlsx
29729180	Sheet 1	1236-25	ERS2213388 (SAMEA104602106)	Accession		MIC.4	>=	8	R	BJD-179-951-s001.xlsx
29729180	Sheet 1	1236-25	ERS2213388 (SAMEA104602106)	Accession		MIC.5	=	0.25	R	BJD-179-951-s001.xlsx
29729180	Sheet 1	1236-25	ERS2213388 (SAMEA104602106)	Accession		MIC.6	>=	16	R	BJD-179-951-s001.xlsx
29729180	Sheet 1	1236-25	ERS2213388 (SAMEA104602106)	Accession		MIC.7	<=	0.5	S	BJD-179-951-s001.xlsx
29729180	Sheet 1	1236-25	ERS2213388 (SAMEA104602106)	Accession		MIC.8	<=	2	S	BJD-179-951-s001.xlsx
29729180	Sheet 1	1236-25	ERS2213388 (SAMEA104602106)	Accession		MIC.9	<=	0.5	S	BJD-179-951-s001.xlsx
29729180	Sheet 1	1236-25	ERS2213388 (SAMEA104602106)	Accession		MIC.10	=	2	S	BJD-179-951-s001.xlsx
29729180	Sheet 1	1236-25	ERS2213388 (SAMEA104602106)	Accession		MIC.11	=	0.5	S	BJD-179-951-s001.xlsx
29729180	Sheet 1	1236-25	ERS2213388 (SAMEA104602106)	Accession		MIC.12	<=	0.5	S	BJD-179-951-s001.xlsx
29729180	Sheet 1	1236-25	ERS2213388 (SAMEA104602106)	Accession		MIC.13	<=	0.5	S	BJD-179-951-s001.xlsx
29729180	Sheet 1	1236-25	ERS2213388 (SAMEA104602106)	Accession		MIC.14	<=	4	S	BJD-179-951-s001.xlsx
29729180	Sheet 1	1236-25	ERS2213388 (SAMEA104602106)	Accession		MIC.15	<=	0.03	S	BJD-179-951-s001.xlsx
29729180	Sheet 1	1247-26	ERS2213389 (SAMEA104602107)	Accession		MIC	>=	0.5	R	BJD-179-951-s001.xlsx
29729180	Sheet 1	1247-26	ERS2213389 (SAMEA104602107)	Accession		MIC.1	<=	0.25	S	BJD-179-951-s001.xlsx
29729180	Sheet 1	1247-26	ERS2213389 (SAMEA104602107)	Accession		MIC.2	<=	0.5	S	BJD-179-951-s001.xlsx
29729180	Sheet 1	1247-26	ERS2213389 (SAMEA104602107)	Accession		MIC.3	<=	0.5	S	BJD-179-951-s001.xlsx
29729180	Sheet 1	1247-26	ERS2213389 (SAMEA104602107)	Accession		MIC.4	<=	0.25	S	BJD-179-951-s001.xlsx
29729180	Sheet 1	1247-26	ERS2213389 (SAMEA104602107)	Accession		MIC.5	=	0.25	S	BJD-179-951-s001.xlsx
29729180	Sheet 1	1247-26	ERS2213389 (SAMEA104602107)	Accession		MIC.6	<=	1	S	BJD-179-951-s001.xlsx
29729180	Sheet 1	1247-26	ERS2213389 (SAMEA104602107)	Accession		MIC.7	=	4	R	BJD-179-951-s001.xlsx
29729180	Sheet 1	1247-26	ERS2213389 (SAMEA104602107)	Accession		MIC.8	<=	2	S	BJD-179-951-s001.xlsx
29729180	Sheet 1	1247-26	ERS2213389 (SAMEA104602107)	Accession		MIC.9	=	1	S	BJD-179-951-s001.xlsx
29729180	Sheet 1	1247-26	ERS2213389 (SAMEA104602107)	Accession		MIC.10	=	2	S	BJD-179-951-s001.xlsx
29729180	Sheet 1	1247-26	ERS2213389 (SAMEA104602107)	Accession		MIC.11	=	0.25	S	BJD-179-951-s001.xlsx
29729180	Sheet 1	1247-26	ERS2213389 (SAMEA104602107)	Accession		MIC.12	<=	0.5	S	BJD-179-951-s001.xlsx
29729180	Sheet 1	1247-26	ERS2213389 (SAMEA104602107)	Accession		MIC.13	=	1	S	BJD-179-951-s001.xlsx
29729180	Sheet 1	1247-26	ERS2213389 (SAMEA104602107)	Accession		MIC.14	=	8	S	BJD-179-951-s001.xlsx
29729180	Sheet 1	1247-26	ERS2213389 (SAMEA104602107)	Accession		MIC.15	<=	0.03	S	BJD-179-951-s001.xlsx
29729180	Sheet 1	1249-27	ERS2213390 (SAMEA104602108)	Accession		MIC	>=	0.5	R	BJD-179-951-s001.xlsx
29729180	Sheet 1	1249-27	ERS2213390 (SAMEA104602108)	Accession		MIC.1	=	0.5	S	BJD-179-951-s001.xlsx
29729180	Sheet 1	1249-27	ERS2213390 (SAMEA104602108)	Accession		MIC.2	<=	0.5	S	BJD-179-951-s001.xlsx
29729180	Sheet 1	1249-27	ERS2213390 (SAMEA104602108)	Accession		MIC.3	<=	0.5	S	BJD-179-951-s001.xlsx
29729180	Sheet 1	1249-27	ERS2213390 (SAMEA104602108)	Accession		MIC.4	=	0.5	S	BJD-179-951-s001.xlsx
29729180	Sheet 1	1249-27	ERS2213390 (SAMEA104602108)	Accession		MIC.5	=	0.25	S	BJD-179-951-s001.xlsx
29729180	Sheet 1	1249-27	ERS2213390 (SAMEA104602108)	Accession		MIC.6	<=	1	S	BJD-179-951-s001.xlsx
29729180	Sheet 1	1249-27	ERS2213390 (SAMEA104602108)	Accession		MIC.7	<=	0.5	S	BJD-179-951-s001.xlsx
29729180	Sheet 1	1249-27	ERS2213390 (SAMEA104602108)	Accession		MIC.8	<=	2	S	BJD-179-951-s001.xlsx
29729180	Sheet 1	1249-27	ERS2213390 (SAMEA104602108)	Accession		MIC.9	<=	0.5	S	BJD-179-951-s001.xlsx
29729180	Sheet 1	1249-27	ERS2213390 (SAMEA104602108)	Accession		MIC.10	=	2	S	BJD-179-951-s001.xlsx
29729180	Sheet 1	1249-27	ERS2213390 (SAMEA104602108)	Accession		MIC.11	=	0.5	S	BJD-179-951-s001.xlsx
29729180	Sheet 1	1249-27	ERS2213390 (SAMEA104602108)	Accession		MIC.12	<=	0.5	S	BJD-179-951-s001.xlsx
29729180	Sheet 1	1249-27	ERS2213390 (SAMEA104602108)	Accession		MIC.13	=	1	S	BJD-179-951-s001.xlsx
29729180	Sheet 1	1249-27	ERS2213390 (SAMEA104602108)	Accession		MIC.14	=	8	S	BJD-179-951-s001.xlsx
29729180	Sheet 1	1249-27	ERS2213390 (SAMEA104602108)	Accession		MIC.15	<=	0.03	S	BJD-179-951-s001.xlsx
29729180	Sheet 1	1253-28	ERS2213391 (SAMEA104602109)	Accession		MIC	>=	0.5	R	BJD-179-951-s001.xlsx
29729180	Sheet 1	1253-28	ERS2213391 (SAMEA104602109)	Accession		MIC.1	=	0.5	S	BJD-179-951-s001.xlsx
29729180	Sheet 1	1253-28	ERS2213391 (SAMEA104602109)	Accession		MIC.2	<=	0.5	S	BJD-179-951-s001.xlsx
29729180	Sheet 1	1253-28	ERS2213391 (SAMEA104602109)	Accession		MIC.3	<=	0.5	S	BJD-179-951-s001.xlsx
29729180	Sheet 1	1253-28	ERS2213391 (SAMEA104602109)	Accession		MIC.4	=	1	S	BJD-179-951-s001.xlsx
29729180	Sheet 1	1253-28	ERS2213391 (SAMEA104602109)	Accession		MIC.5	=	0.25	S	BJD-179-951-s001.xlsx
29729180	Sheet 1	1253-28	ERS2213391 (SAMEA104602109)	Accession		MIC.6	<=	1	S	BJD-179-951-s001.xlsx
29729180	Sheet 1	1253-28	ERS2213391 (SAMEA104602109)	Accession		MIC.7	<=	0.5	S	BJD-179-951-s001.xlsx
29729180	Sheet 1	1253-28	ERS2213391 (SAMEA104602109)	Accession		MIC.8	<=	2	S	BJD-179-951-s001.xlsx
29729180	Sheet 1	1253-28	ERS2213391 (SAMEA104602109)	Accession		MIC.9	<=	0.5	S	BJD-179-951-s001.xlsx
29729180	Sheet 1	1253-28	ERS2213391 (SAMEA104602109)	Accession		MIC.10	=	2	S	BJD-179-951-s001.xlsx
29729180	Sheet 1	1253-28	ERS2213391 (SAMEA104602109)	Accession		MIC.11	=	0.5	S	BJD-179-951-s001.xlsx
29729180	Sheet 1	1253-28	ERS2213391 (SAMEA104602109)	Accession		MIC.12	<=	0.5	S	BJD-179-951-s001.xlsx
29729180	Sheet 1	1253-28	ERS2213391 (SAMEA104602109)	Accession		MIC.13	=	1	S	BJD-179-951-s001.xlsx
29729180	Sheet 1	1253-28	ERS2213391 (SAMEA104602109)	Accession		MIC.14	=	8	S	BJD-179-951-s001.xlsx
29729180	Sheet 1	1253-28	ERS2213391 (SAMEA104602109)	Accession		MIC.15	<=	0.03	S	BJD-179-951-s001.xlsx
29729180	Sheet 1	1258-29	ERS2213392 (SAMEA104602110)	Accession		MIC	>=	0.5	R	BJD-179-951-s001.xlsx
29729180	Sheet 1	1258-29	ERS2213392 (SAMEA104602110)	Accession		MIC.1	<=	0.25	S	BJD-179-951-s001.xlsx
29729180	Sheet 1	1258-29	ERS2213392 (SAMEA104602110)	Accession		MIC.2	<=	0.5	S	BJD-179-951-s001.xlsx
29729180	Sheet 1	1258-29	ERS2213392 (SAMEA104602110)	Accession		MIC.3	<=	0.5	S	BJD-179-951-s001.xlsx
29729180	Sheet 1	1258-29	ERS2213392 (SAMEA104602110)	Accession		MIC.4	=	1	S	BJD-179-951-s001.xlsx
29729180	Sheet 1	1258-29	ERS2213392 (SAMEA104602110)	Accession		MIC.5	=	0.25	S	BJD-179-951-s001.xlsx
29729180	Sheet 1	1258-29	ERS2213392 (SAMEA104602110)	Accession		MIC.6	<=	1	S	BJD-179-951-s001.xlsx
29729180	Sheet 1	1258-29	ERS2213392 (SAMEA104602110)	Accession		MIC.7	<=	0.5	S	BJD-179-951-s001.xlsx
29729180	Sheet 1	1258-29	ERS2213392 (SAMEA104602110)	Accession		MIC.8	<=	2	S	BJD-179-951-s001.xlsx
29729180	Sheet 1	1258-29	ERS2213392 (SAMEA104602110)	Accession		MIC.9	=	1	S	BJD-179-951-s001.xlsx
29729180	Sheet 1	1258-29	ERS2213392 (SAMEA104602110)	Accession		MIC.10	=	2	S	BJD-179-951-s001.xlsx
29729180	Sheet 1	1258-29	ERS2213392 (SAMEA104602110)	Accession		MIC.11	=	0.25	S	BJD-179-951-s001.xlsx
29729180	Sheet 1	1258-29	ERS2213392 (SAMEA104602110)	Accession		MIC.12	<=	0.5	S	BJD-179-951-s001.xlsx
29729180	Sheet 1	1258-29	ERS2213392 (SAMEA104602110)	Accession		MIC.13	=	1	S	BJD-179-951-s001.xlsx
29729180	Sheet 1	1258-29	ERS2213392 (SAMEA104602110)	Accession		MIC.14	=	8	S	BJD-179-951-s001.xlsx
29729180	Sheet 1	1258-29	ERS2213392 (SAMEA104602110)	Accession		MIC.15	<=	0.03	S	BJD-179-951-s001.xlsx
29729180	Sheet 1	1263-30	ERS2213393 (SAMEA104602111)	Accession		MIC	>=	0.5	R	BJD-179-951-s001.xlsx
29729180	Sheet 1	1263-30	ERS2213393 (SAMEA104602111)	Accession		MIC.1	=	0.5	S	BJD-179-951-s001.xlsx
29729180	Sheet 1	1263-30	ERS2213393 (SAMEA104602111)	Accession		MIC.2	<=	0.5	S	BJD-179-951-s001.xlsx
29729180	Sheet 1	1263-30	ERS2213393 (SAMEA104602111)	Accession		MIC.3	<=	0.5	S	BJD-179-951-s001.xlsx
29729180	Sheet 1	1263-30	ERS2213393 (SAMEA104602111)	Accession		MIC.4	=	1	S	BJD-179-951-s001.xlsx
29729180	Sheet 1	1263-30	ERS2213393 (SAMEA104602111)	Accession		MIC.5	=	0.25	S	BJD-179-951-s001.xlsx
29729180	Sheet 1	1263-30	ERS2213393 (SAMEA104602111)	Accession		MIC.6	<=	1	S	BJD-179-951-s001.xlsx
29729180	Sheet 1	1263-30	ERS2213393 (SAMEA104602111)	Accession		MIC.7	<=	0.5	S	BJD-179-951-s001.xlsx
29729180	Sheet 1	1263-30	ERS2213393 (SAMEA104602111)	Accession		MIC.8	<=	2	S	BJD-179-951-s001.xlsx
29729180	Sheet 1	1263-30	ERS2213393 (SAMEA104602111)	Accession		MIC.9	=	1	S	BJD-179-951-s001.xlsx
29729180	Sheet 1	1263-30	ERS2213393 (SAMEA104602111)	Accession		MIC.10	=	2	S	BJD-179-951-s001.xlsx
29729180	Sheet 1	1263-30	ERS2213393 (SAMEA104602111)	Accession		MIC.11	=	0.25	S	BJD-179-951-s001.xlsx
29729180	Sheet 1	1263-30	ERS2213393 (SAMEA104602111)	Accession		MIC.12	<=	0.5	S	BJD-179-951-s001.xlsx
29729180	Sheet 1	1263-30	ERS2213393 (SAMEA104602111)	Accession		MIC.13	=	1	S	BJD-179-951-s001.xlsx
29729180	Sheet 1	1263-30	ERS2213393 (SAMEA104602111)	Accession		MIC.14	=	8	S	BJD-179-951-s001.xlsx
29729180	Sheet 1	1263-30	ERS2213393 (SAMEA104602111)	Accession		MIC.15	<=	0.03	S	BJD-179-951-s001.xlsx
29729180	Sheet 1	1270-31	ERS2213394 (SAMEA104602112)	Accession		MIC	>=	0.5	R	BJD-179-951-s001.xlsx
29729180	Sheet 1	1270-31	ERS2213394 (SAMEA104602112)	Accession		MIC.1	<=	0.25	S	BJD-179-951-s001.xlsx
29729180	Sheet 1	1270-31	ERS2213394 (SAMEA104602112)	Accession		MIC.2	<=	0.5	S	BJD-179-951-s001.xlsx
29729180	Sheet 1	1270-31	ERS2213394 (SAMEA104602112)	Accession		MIC.3	<=	0.5	S	BJD-179-951-s001.xlsx
29729180	Sheet 1	1270-31	ERS2213394 (SAMEA104602112)	Accession		MIC.4	>=	8	R	BJD-179-951-s001.xlsx
29729180	Sheet 1	1270-31	ERS2213394 (SAMEA104602112)	Accession		MIC.5	=	0.25	R	BJD-179-951-s001.xlsx
29729180	Sheet 1	1270-31	ERS2213394 (SAMEA104602112)	Accession		MIC.6	<=	1	S	BJD-179-951-s001.xlsx
29729180	Sheet 1	1270-31	ERS2213394 (SAMEA104602112)	Accession		MIC.7	<=	0.5	S	BJD-179-951-s001.xlsx
29729180	Sheet 1	1270-31	ERS2213394 (SAMEA104602112)	Accession		MIC.8	<=	2	S	BJD-179-951-s001.xlsx
29729180	Sheet 1	1270-31	ERS2213394 (SAMEA104602112)	Accession		MIC.9	=	1	S	BJD-179-951-s001.xlsx
29729180	Sheet 1	1270-31	ERS2213394 (SAMEA104602112)	Accession		MIC.10	=	2	S	BJD-179-951-s001.xlsx
29729180	Sheet 1	1270-31	ERS2213394 (SAMEA104602112)	Accession		MIC.11	=	1	S	BJD-179-951-s001.xlsx
29729180	Sheet 1	1270-31	ERS2213394 (SAMEA104602112)	Accession		MIC.12	<=	0.5	S	BJD-179-951-s001.xlsx
29729180	Sheet 1	1270-31	ERS2213394 (SAMEA104602112)	Accession		MIC.13	=	1	S	BJD-179-951-s001.xlsx
29729180	Sheet 1	1270-31	ERS2213394 (SAMEA104602112)	Accession		MIC.14	=	8	S	BJD-179-951-s001.xlsx
29729180	Sheet 1	1270-31	ERS2213394 (SAMEA104602112)	Accession		MIC.15	<=	0.03	S	BJD-179-951-s001.xlsx
29729180	Sheet 1	1271-32	ERS2213395 (SAMEA104602113)	Accession		MIC	>=	0.5	R	BJD-179-951-s001.xlsx
29729180	Sheet 1	1271-32	ERS2213395 (SAMEA104602113)	Accession		MIC.1	<=	0.25	S	BJD-179-951-s001.xlsx
29729180	Sheet 1	1271-32	ERS2213395 (SAMEA104602113)	Accession		MIC.2	<=	0.5	S	BJD-179-951-s001.xlsx
29729180	Sheet 1	1271-32	ERS2213395 (SAMEA104602113)	Accession		MIC.3	<=	0.5	S	BJD-179-951-s001.xlsx
29729180	Sheet 1	1271-32	ERS2213395 (SAMEA104602113)	Accession		MIC.4	=	1	S	BJD-179-951-s001.xlsx
29729180	Sheet 1	1271-32	ERS2213395 (SAMEA104602113)	Accession		MIC.5	=	0.25	S	BJD-179-951-s001.xlsx
29729180	Sheet 1	1271-32	ERS2213395 (SAMEA104602113)	Accession		MIC.6	<=	1	S	BJD-179-951-s001.xlsx
29729180	Sheet 1	1271-32	ERS2213395 (SAMEA104602113)	Accession		MIC.7	<=	0.5	S	BJD-179-951-s001.xlsx
29729180	Sheet 1	1271-32	ERS2213395 (SAMEA104602113)	Accession		MIC.8	<=	2	S	BJD-179-951-s001.xlsx
29729180	Sheet 1	1271-32	ERS2213395 (SAMEA104602113)	Accession		MIC.9	<=	0.5	S	BJD-179-951-s001.xlsx
29729180	Sheet 1	1271-32	ERS2213395 (SAMEA104602113)	Accession		MIC.10	=	2	S	BJD-179-951-s001.xlsx
29729180	Sheet 1	1271-32	ERS2213395 (SAMEA104602113)	Accession		MIC.11	=	0.25	S	BJD-179-951-s001.xlsx
29729180	Sheet 1	1271-32	ERS2213395 (SAMEA104602113)	Accession		MIC.12	<=	0.5	S	BJD-179-951-s001.xlsx
29729180	Sheet 1	1271-32	ERS2213395 (SAMEA104602113)	Accession		MIC.13	=	1	S	BJD-179-951-s001.xlsx
29729180	Sheet 1	1271-32	ERS2213395 (SAMEA104602113)	Accession		MIC.14	=	8	S	BJD-179-951-s001.xlsx
29729180	Sheet 1	1271-32	ERS2213395 (SAMEA104602113)	Accession		MIC.15	<=	0.03	S	BJD-179-951-s001.xlsx
29729180	Sheet 1	1286-33	ERS2213396 (SAMEA104602114)	Accession		MIC	>=	0.5	R	BJD-179-951-s001.xlsx
29729180	Sheet 1	1286-33	ERS2213396 (SAMEA104602114)	Accession		MIC.1	<=	0.25	S	BJD-179-951-s001.xlsx
29729180	Sheet 1	1286-33	ERS2213396 (SAMEA104602114)	Accession		MIC.2	<=	0.5	S	BJD-179-951-s001.xlsx
29729180	Sheet 1	1286-33	ERS2213396 (SAMEA104602114)	Accession		MIC.3	<=	0.5	S	BJD-179-951-s001.xlsx
29729180	Sheet 1	1286-33	ERS2213396 (SAMEA104602114)	Accession		MIC.4	>=	8	R	BJD-179-951-s001.xlsx
29729180	Sheet 1	1286-33	ERS2213396 (SAMEA104602114)	Accession		MIC.5	=	0.25	R	BJD-179-951-s001.xlsx
29729180	Sheet 1	1286-33	ERS2213396 (SAMEA104602114)	Accession		MIC.6	<=	1	S	BJD-179-951-s001.xlsx
29729180	Sheet 1	1286-33	ERS2213396 (SAMEA104602114)	Accession		MIC.7	=	16	R	BJD-179-951-s001.xlsx
29729180	Sheet 1	1286-33	ERS2213396 (SAMEA104602114)	Accession		MIC.8	<=	2	S	BJD-179-951-s001.xlsx
29729180	Sheet 1	1286-33	ERS2213396 (SAMEA104602114)	Accession		MIC.9	<=	0.5	S	BJD-179-951-s001.xlsx
29729180	Sheet 1	1286-33	ERS2213396 (SAMEA104602114)	Accession		MIC.10	=	2	S	BJD-179-951-s001.xlsx
29729180	Sheet 1	1286-33	ERS2213396 (SAMEA104602114)	Accession		MIC.11	=	0.25	S	BJD-179-951-s001.xlsx
29729180	Sheet 1	1286-33	ERS2213396 (SAMEA104602114)	Accession		MIC.12	<=	0.5	S	BJD-179-951-s001.xlsx
29729180	Sheet 1	1286-33	ERS2213396 (SAMEA104602114)	Accession		MIC.13	=	1	S	BJD-179-951-s001.xlsx
29729180	Sheet 1	1286-33	ERS2213396 (SAMEA104602114)	Accession		MIC.14	=	8	S	BJD-179-951-s001.xlsx
29729180	Sheet 1	1286-33	ERS2213396 (SAMEA104602114)	Accession		MIC.15	<=	0.03	S	BJD-179-951-s001.xlsx
29729180	Sheet 1	1287-34	ERS2213397 (SAMEA104602115)	Accession		MIC	>=	0.5	R	BJD-179-951-s001.xlsx
29729180	Sheet 1	1287-34	ERS2213397 (SAMEA104602115)	Accession		MIC.1	<=	0.25	S	BJD-179-951-s001.xlsx
29729180	Sheet 1	1287-34	ERS2213397 (SAMEA104602115)	Accession		MIC.2	<=	0.5	S	BJD-179-951-s001.xlsx
29729180	Sheet 1	1287-34	ERS2213397 (SAMEA104602115)	Accession		MIC.3	<=	0.5	S	BJD-179-951-s001.xlsx
29729180	Sheet 1	1287-34	ERS2213397 (SAMEA104602115)	Accession		MIC.4	=	1	S	BJD-179-951-s001.xlsx
29729180	Sheet 1	1287-34	ERS2213397 (SAMEA104602115)	Accession		MIC.5	=	0.25	S	BJD-179-951-s001.xlsx
29729180	Sheet 1	1287-34	ERS2213397 (SAMEA104602115)	Accession		MIC.6	<=	1	S	BJD-179-951-s001.xlsx
29729180	Sheet 1	1287-34	ERS2213397 (SAMEA104602115)	Accession		MIC.7	<=	0.5	S	BJD-179-951-s001.xlsx
29729180	Sheet 1	1287-34	ERS2213397 (SAMEA104602115)	Accession		MIC.8	<=	2	S	BJD-179-951-s001.xlsx
29729180	Sheet 1	1287-34	ERS2213397 (SAMEA104602115)	Accession		MIC.9	<=	0.5	S	BJD-179-951-s001.xlsx
29729180	Sheet 1	1287-34	ERS2213397 (SAMEA104602115)	Accession		MIC.10	=	2	S	BJD-179-951-s001.xlsx
29729180	Sheet 1	1287-34	ERS2213397 (SAMEA104602115)	Accession		MIC.11	=	0.25	S	BJD-179-951-s001.xlsx
29729180	Sheet 1	1287-34	ERS2213397 (SAMEA104602115)	Accession		MIC.12	<=	0.5	S	BJD-179-951-s001.xlsx
29729180	Sheet 1	1287-34	ERS2213397 (SAMEA104602115)	Accession		MIC.13	=	1	S	BJD-179-951-s001.xlsx
29729180	Sheet 1	1287-34	ERS2213397 (SAMEA104602115)	Accession		MIC.14	=	8	S	BJD-179-951-s001.xlsx
29729180	Sheet 1	1287-34	ERS2213397 (SAMEA104602115)	Accession		MIC.15	<=	0.03	S	BJD-179-951-s001.xlsx
29729180	Sheet 1	1310-36	ERS2213398 (SAMEA104602116)	Accession		MIC	>=	0.5	R	BJD-179-951-s001.xlsx
29729180	Sheet 1	1310-36	ERS2213398 (SAMEA104602116)	Accession		MIC.1	<=	0.25	S	BJD-179-951-s001.xlsx
29729180	Sheet 1	1310-36	ERS2213398 (SAMEA104602116)	Accession		MIC.2	<=	0.5	S	BJD-179-951-s001.xlsx
29729180	Sheet 1	1310-36	ERS2213398 (SAMEA104602116)	Accession		MIC.3	<=	0.5	S	BJD-179-951-s001.xlsx
29729180	Sheet 1	1310-36	ERS2213398 (SAMEA104602116)	Accession		MIC.4	=	0.5	S	BJD-179-951-s001.xlsx
29729180	Sheet 1	1310-36	ERS2213398 (SAMEA104602116)	Accession		MIC.5	=	0.25	S	BJD-179-951-s001.xlsx
29729180	Sheet 1	1310-36	ERS2213398 (SAMEA104602116)	Accession		MIC.6	<=	1	S	BJD-179-951-s001.xlsx
29729180	Sheet 1	1310-36	ERS2213398 (SAMEA104602116)	Accession		MIC.7	<=	0.5	S	BJD-179-951-s001.xlsx
29729180	Sheet 1	1310-36	ERS2213398 (SAMEA104602116)	Accession		MIC.8	<=	2	S	BJD-179-951-s001.xlsx
29729180	Sheet 1	1310-36	ERS2213398 (SAMEA104602116)	Accession		MIC.9	=	1	S	BJD-179-951-s001.xlsx
29729180	Sheet 1	1310-36	ERS2213398 (SAMEA104602116)	Accession		MIC.10	=	2	S	BJD-179-951-s001.xlsx
29729180	Sheet 1	1310-36	ERS2213398 (SAMEA104602116)	Accession		MIC.11	=	0.25	S	BJD-179-951-s001.xlsx
29729180	Sheet 1	1310-36	ERS2213398 (SAMEA104602116)	Accession		MIC.12	<=	0.5	S	BJD-179-951-s001.xlsx
29729180	Sheet 1	1310-36	ERS2213398 (SAMEA104602116)	Accession		MIC.13	=	1	S	BJD-179-951-s001.xlsx
29729180	Sheet 1	1310-36	ERS2213398 (SAMEA104602116)	Accession		MIC.14	=	8	S	BJD-179-951-s001.xlsx
29729180	Sheet 1	1310-36	ERS2213398 (SAMEA104602116)	Accession		MIC.15	<=	0.03	S	BJD-179-951-s001.xlsx
29729180	Sheet 1	1313-37	ERS2213399 (SAMEA104602117)	Accession		MIC	>=	0.5	R	BJD-179-951-s001.xlsx
29729180	Sheet 1	1313-37	ERS2213399 (SAMEA104602117)	Accession		MIC.1	=	0.5	S	BJD-179-951-s001.xlsx
29729180	Sheet 1	1313-37	ERS2213399 (SAMEA104602117)	Accession		MIC.2	<=	0.5	S	BJD-179-951-s001.xlsx
29729180	Sheet 1	1313-37	ERS2213399 (SAMEA104602117)	Accession		MIC.3	<=	0.5	S	BJD-179-951-s001.xlsx
29729180	Sheet 1	1313-37	ERS2213399 (SAMEA104602117)	Accession		MIC.4	=	0.5	S	BJD-179-951-s001.xlsx
29729180	Sheet 1	1313-37	ERS2213399 (SAMEA104602117)	Accession		MIC.5	=	0.25	S	BJD-179-951-s001.xlsx
29729180	Sheet 1	1313-37	ERS2213399 (SAMEA104602117)	Accession		MIC.6	<=	1	S	BJD-179-951-s001.xlsx
29729180	Sheet 1	1313-37	ERS2213399 (SAMEA104602117)	Accession		MIC.7	<=	0.5	S	BJD-179-951-s001.xlsx
29729180	Sheet 1	1313-37	ERS2213399 (SAMEA104602117)	Accession		MIC.8	<=	2	S	BJD-179-951-s001.xlsx
29729180	Sheet 1	1313-37	ERS2213399 (SAMEA104602117)	Accession		MIC.9	<=	0.5	S	BJD-179-951-s001.xlsx
29729180	Sheet 1	1313-37	ERS2213399 (SAMEA104602117)	Accession		MIC.10	=	2	S	BJD-179-951-s001.xlsx
29729180	Sheet 1	1313-37	ERS2213399 (SAMEA104602117)	Accession		MIC.11	=	0.5	S	BJD-179-951-s001.xlsx
29729180	Sheet 1	1313-37	ERS2213399 (SAMEA104602117)	Accession		MIC.12	<=	0.5	S	BJD-179-951-s001.xlsx
29729180	Sheet 1	1313-37	ERS2213399 (SAMEA104602117)	Accession		MIC.13	=	1	S	BJD-179-951-s001.xlsx
29729180	Sheet 1	1313-37	ERS2213399 (SAMEA104602117)	Accession		MIC.14	=	8	S	BJD-179-951-s001.xlsx
29729180	Sheet 1	1313-37	ERS2213399 (SAMEA104602117)	Accession		MIC.15	<=	0.03	S	BJD-179-951-s001.xlsx
29729180	Sheet 1	1319-38	ERS2213400 (SAMEA104602118)	Accession		MIC	>=	0.5	R	BJD-179-951-s001.xlsx
29729180	Sheet 1	1319-38	ERS2213400 (SAMEA104602118)	Accession		MIC.1	<=	0.25	S	BJD-179-951-s001.xlsx
29729180	Sheet 1	1319-38	ERS2213400 (SAMEA104602118)	Accession		MIC.2	<=	0.5	S	BJD-179-951-s001.xlsx
29729180	Sheet 1	1319-38	ERS2213400 (SAMEA104602118)	Accession		MIC.3	<=	0.5	S	BJD-179-951-s001.xlsx
29729180	Sheet 1	1319-38	ERS2213400 (SAMEA104602118)	Accession		MIC.4	=	0.5	S	BJD-179-951-s001.xlsx
29729180	Sheet 1	1319-38	ERS2213400 (SAMEA104602118)	Accession		MIC.5	=	0.25	S	BJD-179-951-s001.xlsx
29729180	Sheet 1	1319-38	ERS2213400 (SAMEA104602118)	Accession		MIC.6	<=	1	S	BJD-179-951-s001.xlsx
29729180	Sheet 1	1319-38	ERS2213400 (SAMEA104602118)	Accession		MIC.7	<=	0.5	S	BJD-179-951-s001.xlsx
29729180	Sheet 1	1319-38	ERS2213400 (SAMEA104602118)	Accession		MIC.8	<=	2	S	BJD-179-951-s001.xlsx
29729180	Sheet 1	1319-38	ERS2213400 (SAMEA104602118)	Accession		MIC.9	=	1	S	BJD-179-951-s001.xlsx
29729180	Sheet 1	1319-38	ERS2213400 (SAMEA104602118)	Accession		MIC.10	=	2	S	BJD-179-951-s001.xlsx
29729180	Sheet 1	1319-38	ERS2213400 (SAMEA104602118)	Accession		MIC.11	=	0.25	S	BJD-179-951-s001.xlsx
29729180	Sheet 1	1319-38	ERS2213400 (SAMEA104602118)	Accession		MIC.12	<=	0.5	S	BJD-179-951-s001.xlsx
29729180	Sheet 1	1319-38	ERS2213400 (SAMEA104602118)	Accession		MIC.13	=	1	S	BJD-179-951-s001.xlsx
29729180	Sheet 1	1319-38	ERS2213400 (SAMEA104602118)	Accession		MIC.14	=	8	S	BJD-179-951-s001.xlsx
29729180	Sheet 1	1319-38	ERS2213400 (SAMEA104602118)	Accession		MIC.15	<=	0.03	S	BJD-179-951-s001.xlsx
29729180	Sheet 1	1333-39	ERS2213401 (SAMEA104602119)	Accession		MIC	>=	0.5	R	BJD-179-951-s001.xlsx
29729180	Sheet 1	1333-39	ERS2213401 (SAMEA104602119)	Accession		MIC.1	=	0.5	S	BJD-179-951-s001.xlsx
29729180	Sheet 1	1333-39	ERS2213401 (SAMEA104602119)	Accession		MIC.2	<=	0.5	S	BJD-179-951-s001.xlsx
29729180	Sheet 1	1333-39	ERS2213401 (SAMEA104602119)	Accession		MIC.3	<=	0.5	S	BJD-179-951-s001.xlsx
29729180	Sheet 1	1333-39	ERS2213401 (SAMEA104602119)	Accession		MIC.4	=	0.5	S	BJD-179-951-s001.xlsx
29729180	Sheet 1	1333-39	ERS2213401 (SAMEA104602119)	Accession		MIC.5	=	0.25	S	BJD-179-951-s001.xlsx
29729180	Sheet 1	1333-39	ERS2213401 (SAMEA104602119)	Accession		MIC.6	<=	1	S	BJD-179-951-s001.xlsx
29729180	Sheet 1	1333-39	ERS2213401 (SAMEA104602119)	Accession		MIC.7	<=	0.5	S	BJD-179-951-s001.xlsx
29729180	Sheet 1	1333-39	ERS2213401 (SAMEA104602119)	Accession		MIC.8	<=	2	S	BJD-179-951-s001.xlsx
29729180	Sheet 1	1333-39	ERS2213401 (SAMEA104602119)	Accession		MIC.9	<=	0.5	S	BJD-179-951-s001.xlsx
29729180	Sheet 1	1333-39	ERS2213401 (SAMEA104602119)	Accession		MIC.10	=	2	S	BJD-179-951-s001.xlsx
29729180	Sheet 1	1333-39	ERS2213401 (SAMEA104602119)	Accession		MIC.11	=	0.5	S	BJD-179-951-s001.xlsx
29729180	Sheet 1	1333-39	ERS2213401 (SAMEA104602119)	Accession		MIC.12	<=	0.5	S	BJD-179-951-s001.xlsx
29729180	Sheet 1	1333-39	ERS2213401 (SAMEA104602119)	Accession		MIC.13	=	1	S	BJD-179-951-s001.xlsx
29729180	Sheet 1	1333-39	ERS2213401 (SAMEA104602119)	Accession		MIC.14	=	8	S	BJD-179-951-s001.xlsx
29729180	Sheet 1	1333-39	ERS2213401 (SAMEA104602119)	Accession		MIC.15	<=	0.03	S	BJD-179-951-s001.xlsx
29729180	Sheet 1	1334-40	ERS2213402 (SAMEA104602120)	Accession		MIC	>=	0.5	R	BJD-179-951-s001.xlsx
29729180	Sheet 1	1334-40	ERS2213402 (SAMEA104602120)	Accession		MIC.1	<=	0.25	S	BJD-179-951-s001.xlsx
29729180	Sheet 1	1334-40	ERS2213402 (SAMEA104602120)	Accession		MIC.2	<=	0.5	S	BJD-179-951-s001.xlsx
29729180	Sheet 1	1334-40	ERS2213402 (SAMEA104602120)	Accession		MIC.3	<=	0.5	S	BJD-179-951-s001.xlsx
29729180	Sheet 1	1334-40	ERS2213402 (SAMEA104602120)	Accession		MIC.4	=	0.5	S	BJD-179-951-s001.xlsx
29729180	Sheet 1	1334-40	ERS2213402 (SAMEA104602120)	Accession		MIC.5	=	0.25	S	BJD-179-951-s001.xlsx
29729180	Sheet 1	1334-40	ERS2213402 (SAMEA104602120)	Accession		MIC.6	<=	1	S	BJD-179-951-s001.xlsx
29729180	Sheet 1	1334-40	ERS2213402 (SAMEA104602120)	Accession		MIC.7	<=	0.5	S	BJD-179-951-s001.xlsx
29729180	Sheet 1	1334-40	ERS2213402 (SAMEA104602120)	Accession		MIC.8	<=	2	S	BJD-179-951-s001.xlsx
29729180	Sheet 1	1334-40	ERS2213402 (SAMEA104602120)	Accession		MIC.9	<=	0.5	S	BJD-179-951-s001.xlsx
29729180	Sheet 1	1334-40	ERS2213402 (SAMEA104602120)	Accession		MIC.10	=	2	S	BJD-179-951-s001.xlsx
29729180	Sheet 1	1334-40	ERS2213402 (SAMEA104602120)	Accession		MIC.11	=	0.25	S	BJD-179-951-s001.xlsx
29729180	Sheet 1	1334-40	ERS2213402 (SAMEA104602120)	Accession		MIC.12	<=	0.5	S	BJD-179-951-s001.xlsx
29729180	Sheet 1	1334-40	ERS2213402 (SAMEA104602120)	Accession		MIC.13	=	1	S	BJD-179-951-s001.xlsx
29729180	Sheet 1	1334-40	ERS2213402 (SAMEA104602120)	Accession		MIC.14	=	8	S	BJD-179-951-s001.xlsx
29729180	Sheet 1	1334-40	ERS2213402 (SAMEA104602120)	Accession		MIC.15	<=	0.03	S	BJD-179-951-s001.xlsx
29729180	Sheet 1	1343-42	ERS2213403 (SAMEA104602121)	Accession		MIC	>=	0.5	R	BJD-179-951-s001.xlsx
29729180	Sheet 1	1343-42	ERS2213403 (SAMEA104602121)	Accession		MIC.1	<=	0.25	S	BJD-179-951-s001.xlsx
29729180	Sheet 1	1343-42	ERS2213403 (SAMEA104602121)	Accession		MIC.2	<=	0.5	S	BJD-179-951-s001.xlsx
29729180	Sheet 1	1343-42	ERS2213403 (SAMEA104602121)	Accession		MIC.3	<=	0.5	S	BJD-179-951-s001.xlsx
29729180	Sheet 1	1343-42	ERS2213403 (SAMEA104602121)	Accession		MIC.4	=	0.5	S	BJD-179-951-s001.xlsx
29729180	Sheet 1	1343-42	ERS2213403 (SAMEA104602121)	Accession		MIC.5	=	0.25	S	BJD-179-951-s001.xlsx
29729180	Sheet 1	1343-42	ERS2213403 (SAMEA104602121)	Accession		MIC.6	<=	1	S	BJD-179-951-s001.xlsx
29729180	Sheet 1	1343-42	ERS2213403 (SAMEA104602121)	Accession		MIC.7	<=	0.5	S	BJD-179-951-s001.xlsx
29729180	Sheet 1	1343-42	ERS2213403 (SAMEA104602121)	Accession		MIC.8	<=	2	S	BJD-179-951-s001.xlsx
29729180	Sheet 1	1343-42	ERS2213403 (SAMEA104602121)	Accession		MIC.9	=	1	S	BJD-179-951-s001.xlsx
29729180	Sheet 1	1343-42	ERS2213403 (SAMEA104602121)	Accession		MIC.10	=	2	S	BJD-179-951-s001.xlsx
29729180	Sheet 1	1343-42	ERS2213403 (SAMEA104602121)	Accession		MIC.11	=	0.25	S	BJD-179-951-s001.xlsx
29729180	Sheet 1	1343-42	ERS2213403 (SAMEA104602121)	Accession		MIC.12	<=	0.5	S	BJD-179-951-s001.xlsx
29729180	Sheet 1	1343-42	ERS2213403 (SAMEA104602121)	Accession		MIC.13	=	2	S	BJD-179-951-s001.xlsx
29729180	Sheet 1	1343-42	ERS2213403 (SAMEA104602121)	Accession		MIC.14	=	8	S	BJD-179-951-s001.xlsx
29729180	Sheet 1	1343-42	ERS2213403 (SAMEA104602121)	Accession		MIC.15	<=	0.03	S	BJD-179-951-s001.xlsx
29729180	Sheet 1	1344-43	ERS2213404 (SAMEA104602122)	Accession		MIC	>=	0.5	R	BJD-179-951-s001.xlsx
29729180	Sheet 1	1344-43	ERS2213404 (SAMEA104602122)	Accession		MIC.1	=	0.5	S	BJD-179-951-s001.xlsx
29729180	Sheet 1	1344-43	ERS2213404 (SAMEA104602122)	Accession		MIC.2	<=	0.5	S	BJD-179-951-s001.xlsx
29729180	Sheet 1	1344-43	ERS2213404 (SAMEA104602122)	Accession		MIC.3	<=	0.5	S	BJD-179-951-s001.xlsx
29729180	Sheet 1	1344-43	ERS2213404 (SAMEA104602122)	Accession		MIC.4	=	0.5	S	BJD-179-951-s001.xlsx
29729180	Sheet 1	1344-43	ERS2213404 (SAMEA104602122)	Accession		MIC.5	=	0.25	S	BJD-179-951-s001.xlsx
29729180	Sheet 1	1344-43	ERS2213404 (SAMEA104602122)	Accession		MIC.6	<=	1	S	BJD-179-951-s001.xlsx
29729180	Sheet 1	1344-43	ERS2213404 (SAMEA104602122)	Accession		MIC.7	<=	0.5	S	BJD-179-951-s001.xlsx
29729180	Sheet 1	1344-43	ERS2213404 (SAMEA104602122)	Accession		MIC.8	<=	2	S	BJD-179-951-s001.xlsx
29729180	Sheet 1	1344-43	ERS2213404 (SAMEA104602122)	Accession		MIC.9	<=	0.5	S	BJD-179-951-s001.xlsx
29729180	Sheet 1	1344-43	ERS2213404 (SAMEA104602122)	Accession		MIC.10	=	2	S	BJD-179-951-s001.xlsx
29729180	Sheet 1	1344-43	ERS2213404 (SAMEA104602122)	Accession		MIC.11	=	0.5	S	BJD-179-951-s001.xlsx
29729180	Sheet 1	1344-43	ERS2213404 (SAMEA104602122)	Accession		MIC.12	<=	0.5	S	BJD-179-951-s001.xlsx
29729180	Sheet 1	1344-43	ERS2213404 (SAMEA104602122)	Accession		MIC.13	=	1	S	BJD-179-951-s001.xlsx
29729180	Sheet 1	1344-43	ERS2213404 (SAMEA104602122)	Accession		MIC.14	=	8	S	BJD-179-951-s001.xlsx
29729180	Sheet 1	1344-43	ERS2213404 (SAMEA104602122)	Accession		MIC.15	<=	0.03	S	BJD-179-951-s001.xlsx
29729180	Sheet 1	1356-44	ERS2213405 (SAMEA104602123)	Accession		MIC	>=	0.5	R	BJD-179-951-s001.xlsx
29729180	Sheet 1	1356-44	ERS2213405 (SAMEA104602123)	Accession		MIC.1	<=	0.25	S	BJD-179-951-s001.xlsx
29729180	Sheet 1	1356-44	ERS2213405 (SAMEA104602123)	Accession		MIC.2	<=	0.5	S	BJD-179-951-s001.xlsx
29729180	Sheet 1	1356-44	ERS2213405 (SAMEA104602123)	Accession		MIC.3	<=	0.5	S	BJD-179-951-s001.xlsx
29729180	Sheet 1	1356-44	ERS2213405 (SAMEA104602123)	Accession		MIC.4	=	0.5	S	BJD-179-951-s001.xlsx
29729180	Sheet 1	1356-44	ERS2213405 (SAMEA104602123)	Accession		MIC.5	=	0.25	S	BJD-179-951-s001.xlsx
29729180	Sheet 1	1356-44	ERS2213405 (SAMEA104602123)	Accession		MIC.6	<=	1	S	BJD-179-951-s001.xlsx
29729180	Sheet 1	1356-44	ERS2213405 (SAMEA104602123)	Accession		MIC.7	<=	0.5	S	BJD-179-951-s001.xlsx
29729180	Sheet 1	1356-44	ERS2213405 (SAMEA104602123)	Accession		MIC.8	<=	2	S	BJD-179-951-s001.xlsx
29729180	Sheet 1	1356-44	ERS2213405 (SAMEA104602123)	Accession		MIC.9	<=	0.5	S	BJD-179-951-s001.xlsx
29729180	Sheet 1	1356-44	ERS2213405 (SAMEA104602123)	Accession		MIC.10	=	2	S	BJD-179-951-s001.xlsx
29729180	Sheet 1	1356-44	ERS2213405 (SAMEA104602123)	Accession		MIC.11	=	0.5	S	BJD-179-951-s001.xlsx
29729180	Sheet 1	1356-44	ERS2213405 (SAMEA104602123)	Accession		MIC.12	<=	0.5	S	BJD-179-951-s001.xlsx
29729180	Sheet 1	1356-44	ERS2213405 (SAMEA104602123)	Accession		MIC.13	=	1	S	BJD-179-951-s001.xlsx
29729180	Sheet 1	1356-44	ERS2213405 (SAMEA104602123)	Accession		MIC.14	=	8	S	BJD-179-951-s001.xlsx
29729180	Sheet 1	1356-44	ERS2213405 (SAMEA104602123)	Accession		MIC.15	<=	0.03	S	BJD-179-951-s001.xlsx
29729180	Sheet 1	1359-45	ERS2213406 (SAMEA104602124)	Accession		MIC	>=	0.5	R	BJD-179-951-s001.xlsx
29729180	Sheet 1	1359-45	ERS2213406 (SAMEA104602124)	Accession		MIC.1	<=	0.25	S	BJD-179-951-s001.xlsx
29729180	Sheet 1	1359-45	ERS2213406 (SAMEA104602124)	Accession		MIC.2	<=	0.5	S	BJD-179-951-s001.xlsx
29729180	Sheet 1	1359-45	ERS2213406 (SAMEA104602124)	Accession		MIC.3	<=	0.5	S	BJD-179-951-s001.xlsx
29729180	Sheet 1	1359-45	ERS2213406 (SAMEA104602124)	Accession		MIC.4	=	0.5	S	BJD-179-951-s001.xlsx
29729180	Sheet 1	1359-45	ERS2213406 (SAMEA104602124)	Accession		MIC.5	=	0.25	S	BJD-179-951-s001.xlsx
29729180	Sheet 1	1359-45	ERS2213406 (SAMEA104602124)	Accession		MIC.6	>=	16	R	BJD-179-951-s001.xlsx
29729180	Sheet 1	1359-45	ERS2213406 (SAMEA104602124)	Accession		MIC.7	<=	0.5	S	BJD-179-951-s001.xlsx
29729180	Sheet 1	1359-45	ERS2213406 (SAMEA104602124)	Accession		MIC.8	<=	2	S	BJD-179-951-s001.xlsx
29729180	Sheet 1	1359-45	ERS2213406 (SAMEA104602124)	Accession		MIC.9	<=	0.5	S	BJD-179-951-s001.xlsx
29729180	Sheet 1	1359-45	ERS2213406 (SAMEA104602124)	Accession		MIC.10	=	2	S	BJD-179-951-s001.xlsx
29729180	Sheet 1	1359-45	ERS2213406 (SAMEA104602124)	Accession		MIC.11	=	0.25	S	BJD-179-951-s001.xlsx
29729180	Sheet 1	1359-45	ERS2213406 (SAMEA104602124)	Accession		MIC.12	<=	0.5	S	BJD-179-951-s001.xlsx
29729180	Sheet 1	1359-45	ERS2213406 (SAMEA104602124)	Accession		MIC.13	=	1	S	BJD-179-951-s001.xlsx
29729180	Sheet 1	1359-45	ERS2213406 (SAMEA104602124)	Accession		MIC.14	<=	4	S	BJD-179-951-s001.xlsx
29729180	Sheet 1	1359-45	ERS2213406 (SAMEA104602124)	Accession		MIC.15	<=	0.03	S	BJD-179-951-s001.xlsx
29729180	Sheet 1	1367-46	ERS2213407 (SAMEA104602125)	Accession		MIC	>=	0.5	R	BJD-179-951-s001.xlsx
29729180	Sheet 1	1367-46	ERS2213407 (SAMEA104602125)	Accession		MIC.1	<=	0.25	S	BJD-179-951-s001.xlsx
29729180	Sheet 1	1367-46	ERS2213407 (SAMEA104602125)	Accession		MIC.2	<=	0.5	S	BJD-179-951-s001.xlsx
29729180	Sheet 1	1367-46	ERS2213407 (SAMEA104602125)	Accession		MIC.3	<=	0.5	S	BJD-179-951-s001.xlsx
29729180	Sheet 1	1367-46	ERS2213407 (SAMEA104602125)	Accession		MIC.4	=	0.5	S	BJD-179-951-s001.xlsx
29729180	Sheet 1	1367-46	ERS2213407 (SAMEA104602125)	Accession		MIC.5	=	0.25	S	BJD-179-951-s001.xlsx
29729180	Sheet 1	1367-46	ERS2213407 (SAMEA104602125)	Accession		MIC.6	<=	1	S	BJD-179-951-s001.xlsx
29729180	Sheet 1	1367-46	ERS2213407 (SAMEA104602125)	Accession		MIC.7	=	16	R	BJD-179-951-s001.xlsx
29729180	Sheet 1	1367-46	ERS2213407 (SAMEA104602125)	Accession		MIC.8	<=	2	S	BJD-179-951-s001.xlsx
29729180	Sheet 1	1367-46	ERS2213407 (SAMEA104602125)	Accession		MIC.9	=	1	S	BJD-179-951-s001.xlsx
29729180	Sheet 1	1367-46	ERS2213407 (SAMEA104602125)	Accession		MIC.10	=	2	S	BJD-179-951-s001.xlsx
29729180	Sheet 1	1367-46	ERS2213407 (SAMEA104602125)	Accession		MIC.11	=	0.5	S	BJD-179-951-s001.xlsx
29729180	Sheet 1	1367-46	ERS2213407 (SAMEA104602125)	Accession		MIC.12	<=	0.5	S	BJD-179-951-s001.xlsx
29729180	Sheet 1	1367-46	ERS2213407 (SAMEA104602125)	Accession		MIC.13	<=	0.5	S	BJD-179-951-s001.xlsx
29729180	Sheet 1	1367-46	ERS2213407 (SAMEA104602125)	Accession		MIC.14	=	8	S	BJD-179-951-s001.xlsx
29729180	Sheet 1	1367-46	ERS2213407 (SAMEA104602125)	Accession		MIC.15	<=	0.03	S	BJD-179-951-s001.xlsx
29729180	Sheet 1	1374-47	ERS2213408 (SAMEA104602126)	Accession		MIC	>=	0.5	R	BJD-179-951-s001.xlsx
29729180	Sheet 1	1374-47	ERS2213408 (SAMEA104602126)	Accession		MIC.1	<=	0.25	S	BJD-179-951-s001.xlsx
29729180	Sheet 1	1374-47	ERS2213408 (SAMEA104602126)	Accession		MIC.2	<=	0.5	S	BJD-179-951-s001.xlsx
29729180	Sheet 1	1374-47	ERS2213408 (SAMEA104602126)	Accession		MIC.3	<=	0.5	S	BJD-179-951-s001.xlsx
29729180	Sheet 1	1374-47	ERS2213408 (SAMEA104602126)	Accession		MIC.4	=	0.5	S	BJD-179-951-s001.xlsx
29729180	Sheet 1	1374-47	ERS2213408 (SAMEA104602126)	Accession		MIC.5	=	0.25	S	BJD-179-951-s001.xlsx
29729180	Sheet 1	1374-47	ERS2213408 (SAMEA104602126)	Accession		MIC.6	<=	1	S	BJD-179-951-s001.xlsx
29729180	Sheet 1	1374-47	ERS2213408 (SAMEA104602126)	Accession		MIC.7	<=	0.5	S	BJD-179-951-s001.xlsx
29729180	Sheet 1	1374-47	ERS2213408 (SAMEA104602126)	Accession		MIC.8	<=	2	S	BJD-179-951-s001.xlsx
29729180	Sheet 1	1374-47	ERS2213408 (SAMEA104602126)	Accession		MIC.9	<=	0.5	S	BJD-179-951-s001.xlsx
29729180	Sheet 1	1374-47	ERS2213408 (SAMEA104602126)	Accession		MIC.10	=	2	S	BJD-179-951-s001.xlsx
29729180	Sheet 1	1374-47	ERS2213408 (SAMEA104602126)	Accession		MIC.11	=	0.5	S	BJD-179-951-s001.xlsx
29729180	Sheet 1	1374-47	ERS2213408 (SAMEA104602126)	Accession		MIC.12	<=	0.5	S	BJD-179-951-s001.xlsx
29729180	Sheet 1	1374-47	ERS2213408 (SAMEA104602126)	Accession		MIC.13	=	1	S	BJD-179-951-s001.xlsx
29729180	Sheet 1	1374-47	ERS2213408 (SAMEA104602126)	Accession		MIC.14	<=	4	S	BJD-179-951-s001.xlsx
29729180	Sheet 1	1374-47	ERS2213408 (SAMEA104602126)	Accession		MIC.15	<=	0.03	S	BJD-179-951-s001.xlsx
29729180	Sheet 1	1380-1-49	ERS2213409 (SAMEA104602127)	Accession		MIC	>=	0.5	R	BJD-179-951-s001.xlsx
29729180	Sheet 1	1380-1-49	ERS2213409 (SAMEA104602127)	Accession		MIC.1	=	0.5	S	BJD-179-951-s001.xlsx
29729180	Sheet 1	1380-1-49	ERS2213409 (SAMEA104602127)	Accession		MIC.2	<=	0.5	S	BJD-179-951-s001.xlsx
29729180	Sheet 1	1380-1-49	ERS2213409 (SAMEA104602127)	Accession		MIC.3	<=	0.5	S	BJD-179-951-s001.xlsx
29729180	Sheet 1	1380-1-49	ERS2213409 (SAMEA104602127)	Accession		MIC.4	=	1	S	BJD-179-951-s001.xlsx
29729180	Sheet 1	1380-1-49	ERS2213409 (SAMEA104602127)	Accession		MIC.5	=	0.25	S	BJD-179-951-s001.xlsx
29729180	Sheet 1	1380-1-49	ERS2213409 (SAMEA104602127)	Accession		MIC.6	<=	1	S	BJD-179-951-s001.xlsx
29729180	Sheet 1	1380-1-49	ERS2213409 (SAMEA104602127)	Accession		MIC.7	<=	0.5	S	BJD-179-951-s001.xlsx
29729180	Sheet 1	1380-1-49	ERS2213409 (SAMEA104602127)	Accession		MIC.8	<=	2	S	BJD-179-951-s001.xlsx
29729180	Sheet 1	1380-1-49	ERS2213409 (SAMEA104602127)	Accession		MIC.9	=	1	S	BJD-179-951-s001.xlsx
29729180	Sheet 1	1380-1-49	ERS2213409 (SAMEA104602127)	Accession		MIC.10	=	2	S	BJD-179-951-s001.xlsx
29729180	Sheet 1	1380-1-49	ERS2213409 (SAMEA104602127)	Accession		MIC.11	=	0.5	S	BJD-179-951-s001.xlsx
29729180	Sheet 1	1380-1-49	ERS2213409 (SAMEA104602127)	Accession		MIC.12	<=	0.5	S	BJD-179-951-s001.xlsx
29729180	Sheet 1	1380-1-49	ERS2213409 (SAMEA104602127)	Accession		MIC.13	=	1	S	BJD-179-951-s001.xlsx
29729180	Sheet 1	1380-1-49	ERS2213409 (SAMEA104602127)	Accession		MIC.14	=	8	S	BJD-179-951-s001.xlsx
29729180	Sheet 1	1380-1-49	ERS2213409 (SAMEA104602127)	Accession		MIC.15	<=	0.03	S	BJD-179-951-s001.xlsx
29729180	Sheet 1	1384-51	ERS2213410 (SAMEA104602128)	Accession		MIC	>=	0.5	R	BJD-179-951-s001.xlsx
29729180	Sheet 1	1384-51	ERS2213410 (SAMEA104602128)	Accession		MIC.1	=	0.5	S	BJD-179-951-s001.xlsx
29729180	Sheet 1	1384-51	ERS2213410 (SAMEA104602128)	Accession		MIC.2	<=	0.5	S	BJD-179-951-s001.xlsx
29729180	Sheet 1	1384-51	ERS2213410 (SAMEA104602128)	Accession		MIC.3	<=	0.5	S	BJD-179-951-s001.xlsx
29729180	Sheet 1	1384-51	ERS2213410 (SAMEA104602128)	Accession		MIC.4	=	0.5	S	BJD-179-951-s001.xlsx
29729180	Sheet 1	1384-51	ERS2213410 (SAMEA104602128)	Accession		MIC.5	=	0.25	S	BJD-179-951-s001.xlsx
29729180	Sheet 1	1384-51	ERS2213410 (SAMEA104602128)	Accession		MIC.6	<=	1	S	BJD-179-951-s001.xlsx
29729180	Sheet 1	1384-51	ERS2213410 (SAMEA104602128)	Accession		MIC.7	<=	0.5	S	BJD-179-951-s001.xlsx
29729180	Sheet 1	1384-51	ERS2213410 (SAMEA104602128)	Accession		MIC.8	<=	2	S	BJD-179-951-s001.xlsx
29729180	Sheet 1	1384-51	ERS2213410 (SAMEA104602128)	Accession		MIC.9	<	0.5	S	BJD-179-951-s001.xlsx
29729180	Sheet 1	1384-51	ERS2213410 (SAMEA104602128)	Accession		MIC.10	=	2	S	BJD-179-951-s001.xlsx
29729180	Sheet 1	1384-51	ERS2213410 (SAMEA104602128)	Accession		MIC.11	=	0.5	S	BJD-179-951-s001.xlsx
29729180	Sheet 1	1384-51	ERS2213410 (SAMEA104602128)	Accession		MIC.12	<=	0.5	S	BJD-179-951-s001.xlsx
29729180	Sheet 1	1384-51	ERS2213410 (SAMEA104602128)	Accession		MIC.13	=	1	S	BJD-179-951-s001.xlsx
29729180	Sheet 1	1384-51	ERS2213410 (SAMEA104602128)	Accession		MIC.14	=	8	S	BJD-179-951-s001.xlsx
29729180	Sheet 1	1384-51	ERS2213410 (SAMEA104602128)	Accession		MIC.15	<=	0.03	S	BJD-179-951-s001.xlsx
29729180	Sheet 1	1401-52	ERS2213411 (SAMEA104602129)	Accession		MIC	>=	0.5	R	BJD-179-951-s001.xlsx
29729180	Sheet 1	1401-52	ERS2213411 (SAMEA104602129)	Accession		MIC.1	=	0.5	S	BJD-179-951-s001.xlsx
29729180	Sheet 1	1401-52	ERS2213411 (SAMEA104602129)	Accession		MIC.2	<=	0.5	S	BJD-179-951-s001.xlsx
29729180	Sheet 1	1401-52	ERS2213411 (SAMEA104602129)	Accession		MIC.3	<=	0.5	S	BJD-179-951-s001.xlsx
29729180	Sheet 1	1401-52	ERS2213411 (SAMEA104602129)	Accession		MIC.4	=	1	S	BJD-179-951-s001.xlsx
29729180	Sheet 1	1401-52	ERS2213411 (SAMEA104602129)	Accession		MIC.5	=	0.25	S	BJD-179-951-s001.xlsx
29729180	Sheet 1	1401-52	ERS2213411 (SAMEA104602129)	Accession		MIC.6	<=	1	S	BJD-179-951-s001.xlsx
29729180	Sheet 1	1401-52	ERS2213411 (SAMEA104602129)	Accession		MIC.7	<=	0.5	S	BJD-179-951-s001.xlsx
29729180	Sheet 1	1401-52	ERS2213411 (SAMEA104602129)	Accession		MIC.8	<=	2	S	BJD-179-951-s001.xlsx
29729180	Sheet 1	1401-52	ERS2213411 (SAMEA104602129)	Accession		MIC.9	<	0.5	S	BJD-179-951-s001.xlsx
29729180	Sheet 1	1401-52	ERS2213411 (SAMEA104602129)	Accession		MIC.10	=	2	S	BJD-179-951-s001.xlsx
29729180	Sheet 1	1401-52	ERS2213411 (SAMEA104602129)	Accession		MIC.11	=	0.25	S	BJD-179-951-s001.xlsx
29729180	Sheet 1	1401-52	ERS2213411 (SAMEA104602129)	Accession		MIC.12	<=	0.5	S	BJD-179-951-s001.xlsx
29729180	Sheet 1	1401-52	ERS2213411 (SAMEA104602129)	Accession		MIC.13	=	1	S	BJD-179-951-s001.xlsx
29729180	Sheet 1	1401-52	ERS2213411 (SAMEA104602129)	Accession		MIC.14	=	8	S	BJD-179-951-s001.xlsx
29729180	Sheet 1	1401-52	ERS2213411 (SAMEA104602129)	Accession		MIC.15	<=	0.03	S	BJD-179-951-s001.xlsx
29729180	Sheet 1	1403-53	ERS2213412 (SAMEA104602130)	Accession		MIC	>=	0.5	R	BJD-179-951-s001.xlsx
29729180	Sheet 1	1403-53	ERS2213412 (SAMEA104602130)	Accession		MIC.1	=	0.5	S	BJD-179-951-s001.xlsx
29729180	Sheet 1	1403-53	ERS2213412 (SAMEA104602130)	Accession		MIC.2	<=	0.5	S	BJD-179-951-s001.xlsx
29729180	Sheet 1	1403-53	ERS2213412 (SAMEA104602130)	Accession		MIC.3	<=	0.5	S	BJD-179-951-s001.xlsx
29729180	Sheet 1	1403-53	ERS2213412 (SAMEA104602130)	Accession		MIC.4	=	0.5	S	BJD-179-951-s001.xlsx
29729180	Sheet 1	1403-53	ERS2213412 (SAMEA104602130)	Accession		MIC.5	=	0.25	S	BJD-179-951-s001.xlsx
29729180	Sheet 1	1403-53	ERS2213412 (SAMEA104602130)	Accession		MIC.6	<=	1	S	BJD-179-951-s001.xlsx
29729180	Sheet 1	1403-53	ERS2213412 (SAMEA104602130)	Accession		MIC.7	=	16	R	BJD-179-951-s001.xlsx
29729180	Sheet 1	1403-53	ERS2213412 (SAMEA104602130)	Accession		MIC.8	<=	2	S	BJD-179-951-s001.xlsx
29729180	Sheet 1	1403-53	ERS2213412 (SAMEA104602130)	Accession		MIC.9	=	1	S	BJD-179-951-s001.xlsx
29729180	Sheet 1	1403-53	ERS2213412 (SAMEA104602130)	Accession		MIC.10	=	2	S	BJD-179-951-s001.xlsx
29729180	Sheet 1	1403-53	ERS2213412 (SAMEA104602130)	Accession		MIC.11	=	0.25	S	BJD-179-951-s001.xlsx
29729180	Sheet 1	1403-53	ERS2213412 (SAMEA104602130)	Accession		MIC.12	<=	0.5	S	BJD-179-951-s001.xlsx
29729180	Sheet 1	1403-53	ERS2213412 (SAMEA104602130)	Accession		MIC.13	=	1	S	BJD-179-951-s001.xlsx
29729180	Sheet 1	1403-53	ERS2213412 (SAMEA104602130)	Accession		MIC.14	=	8	S	BJD-179-951-s001.xlsx
29729180	Sheet 1	1403-53	ERS2213412 (SAMEA104602130)	Accession		MIC.15	<=	0.03	S	BJD-179-951-s001.xlsx
29729180	Sheet 1	1419-54	ERS2213413 (SAMEA104602131)	Accession		MIC	>=	0.5	R	BJD-179-951-s001.xlsx
29729180	Sheet 1	1419-54	ERS2213413 (SAMEA104602131)	Accession		MIC.1	<=	0.25	S	BJD-179-951-s001.xlsx
29729180	Sheet 1	1419-54	ERS2213413 (SAMEA104602131)	Accession		MIC.2	<=	0.5	S	BJD-179-951-s001.xlsx
29729180	Sheet 1	1419-54	ERS2213413 (SAMEA104602131)	Accession		MIC.3	<=	0.5	S	BJD-179-951-s001.xlsx
29729180	Sheet 1	1419-54	ERS2213413 (SAMEA104602131)	Accession		MIC.4	=	1	S	BJD-179-951-s001.xlsx
29729180	Sheet 1	1419-54	ERS2213413 (SAMEA104602131)	Accession		MIC.5	=	0.25	S	BJD-179-951-s001.xlsx
29729180	Sheet 1	1419-54	ERS2213413 (SAMEA104602131)	Accession		MIC.6	<=	1	S	BJD-179-951-s001.xlsx
29729180	Sheet 1	1419-54	ERS2213413 (SAMEA104602131)	Accession		MIC.7	<=	0.5	S	BJD-179-951-s001.xlsx
29729180	Sheet 1	1419-54	ERS2213413 (SAMEA104602131)	Accession		MIC.8	<=	2	S	BJD-179-951-s001.xlsx
29729180	Sheet 1	1419-54	ERS2213413 (SAMEA104602131)	Accession		MIC.9	=	1	S	BJD-179-951-s001.xlsx
29729180	Sheet 1	1419-54	ERS2213413 (SAMEA104602131)	Accession		MIC.10	=	2	S	BJD-179-951-s001.xlsx
29729180	Sheet 1	1419-54	ERS2213413 (SAMEA104602131)	Accession		MIC.11	=	0.25	S	BJD-179-951-s001.xlsx
29729180	Sheet 1	1419-54	ERS2213413 (SAMEA104602131)	Accession		MIC.12	<=	0.5	S	BJD-179-951-s001.xlsx
29729180	Sheet 1	1419-54	ERS2213413 (SAMEA104602131)	Accession		MIC.13	=	1	S	BJD-179-951-s001.xlsx
29729180	Sheet 1	1419-54	ERS2213413 (SAMEA104602131)	Accession		MIC.14	=	8	S	BJD-179-951-s001.xlsx
29729180	Sheet 1	1419-54	ERS2213413 (SAMEA104602131)	Accession		MIC.15	<=	0.03	S	BJD-179-951-s001.xlsx
29729180	Sheet 1	1450-55	ERS2213414 (SAMEA104602132)	Accession		MIC	>=	0.5	R	BJD-179-951-s001.xlsx
29729180	Sheet 1	1450-55	ERS2213414 (SAMEA104602132)	Accession		MIC.1	<=	0.25	S	BJD-179-951-s001.xlsx
29729180	Sheet 1	1450-55	ERS2213414 (SAMEA104602132)	Accession		MIC.2	<=	0.5	S	BJD-179-951-s001.xlsx
29729180	Sheet 1	1450-55	ERS2213414 (SAMEA104602132)	Accession		MIC.3	<=	0.5	S	BJD-179-951-s001.xlsx
29729180	Sheet 1	1450-55	ERS2213414 (SAMEA104602132)	Accession		MIC.4	=	0.5	S	BJD-179-951-s001.xlsx
29729180	Sheet 1	1450-55	ERS2213414 (SAMEA104602132)	Accession		MIC.5	=	0.25	S	BJD-179-951-s001.xlsx
29729180	Sheet 1	1450-55	ERS2213414 (SAMEA104602132)	Accession		MIC.6	<=	1	S	BJD-179-951-s001.xlsx
29729180	Sheet 1	1450-55	ERS2213414 (SAMEA104602132)	Accession		MIC.7	=	8	R	BJD-179-951-s001.xlsx
29729180	Sheet 1	1450-55	ERS2213414 (SAMEA104602132)	Accession		MIC.8	<=	2	S	BJD-179-951-s001.xlsx
29729180	Sheet 1	1450-55	ERS2213414 (SAMEA104602132)	Accession		MIC.9	=	1	S	BJD-179-951-s001.xlsx
29729180	Sheet 1	1450-55	ERS2213414 (SAMEA104602132)	Accession		MIC.10	=	2	S	BJD-179-951-s001.xlsx
29729180	Sheet 1	1450-55	ERS2213414 (SAMEA104602132)	Accession		MIC.11	=	0.5	S	BJD-179-951-s001.xlsx
29729180	Sheet 1	1450-55	ERS2213414 (SAMEA104602132)	Accession		MIC.12	<=	0.5	S	BJD-179-951-s001.xlsx
29729180	Sheet 1	1450-55	ERS2213414 (SAMEA104602132)	Accession		MIC.13	<=	0.5	S	BJD-179-951-s001.xlsx
29729180	Sheet 1	1450-55	ERS2213414 (SAMEA104602132)	Accession		MIC.14	=	8	S	BJD-179-951-s001.xlsx
29729180	Sheet 1	1450-55	ERS2213414 (SAMEA104602132)	Accession		MIC.15	<=	0.03	S	BJD-179-951-s001.xlsx
29729180	Sheet 1	1475-56	ERS2213415 (SAMEA104602133)	Accession		MIC	>=	0.5	R	BJD-179-951-s001.xlsx
29729180	Sheet 1	1475-56	ERS2213415 (SAMEA104602133)	Accession		MIC.1	<=	0.25	S	BJD-179-951-s001.xlsx
29729180	Sheet 1	1475-56	ERS2213415 (SAMEA104602133)	Accession		MIC.2	<=	0.5	S	BJD-179-951-s001.xlsx
29729180	Sheet 1	1475-56	ERS2213415 (SAMEA104602133)	Accession		MIC.3	<=	0.5	S	BJD-179-951-s001.xlsx
29729180	Sheet 1	1475-56	ERS2213415 (SAMEA104602133)	Accession		MIC.4	=	0.5	S	BJD-179-951-s001.xlsx
29729180	Sheet 1	1475-56	ERS2213415 (SAMEA104602133)	Accession		MIC.5	=	0.25	S	BJD-179-951-s001.xlsx
29729180	Sheet 1	1475-56	ERS2213415 (SAMEA104602133)	Accession		MIC.6	<=	1	S	BJD-179-951-s001.xlsx
29729180	Sheet 1	1475-56	ERS2213415 (SAMEA104602133)	Accession		MIC.7	<=	0.5	S	BJD-179-951-s001.xlsx
29729180	Sheet 1	1475-56	ERS2213415 (SAMEA104602133)	Accession		MIC.8	<=	2	S	BJD-179-951-s001.xlsx
29729180	Sheet 1	1475-56	ERS2213415 (SAMEA104602133)	Accession		MIC.9	=	1	S	BJD-179-951-s001.xlsx
29729180	Sheet 1	1475-56	ERS2213415 (SAMEA104602133)	Accession		MIC.10	=	2	S	BJD-179-951-s001.xlsx
29729180	Sheet 1	1475-56	ERS2213415 (SAMEA104602133)	Accession		MIC.11	=	0.25	S	BJD-179-951-s001.xlsx
29729180	Sheet 1	1475-56	ERS2213415 (SAMEA104602133)	Accession		MIC.12	<=	0.5	S	BJD-179-951-s001.xlsx
29729180	Sheet 1	1475-56	ERS2213415 (SAMEA104602133)	Accession		MIC.13	=	1	S	BJD-179-951-s001.xlsx
29729180	Sheet 1	1475-56	ERS2213415 (SAMEA104602133)	Accession		MIC.14	=	8	S	BJD-179-951-s001.xlsx
29729180	Sheet 1	1475-56	ERS2213415 (SAMEA104602133)	Accession		MIC.15	<=	0.03	S	BJD-179-951-s001.xlsx
29729180	Sheet 1	1480-58	ERS2213416 (SAMEA104602134)	Accession		MIC	>=	0.5	R	BJD-179-951-s001.xlsx
29729180	Sheet 1	1480-58	ERS2213416 (SAMEA104602134)	Accession		MIC.1	<=	0.25	S	BJD-179-951-s001.xlsx
29729180	Sheet 1	1480-58	ERS2213416 (SAMEA104602134)	Accession		MIC.2	<=	0.5	S	BJD-179-951-s001.xlsx
29729180	Sheet 1	1480-58	ERS2213416 (SAMEA104602134)	Accession		MIC.3	<=	0.5	S	BJD-179-951-s001.xlsx
29729180	Sheet 1	1480-58	ERS2213416 (SAMEA104602134)	Accession		MIC.4	=	0.5	S	BJD-179-951-s001.xlsx
29729180	Sheet 1	1480-58	ERS2213416 (SAMEA104602134)	Accession		MIC.5	=	0.25	S	BJD-179-951-s001.xlsx
29729180	Sheet 1	1480-58	ERS2213416 (SAMEA104602134)	Accession		MIC.6	<=	1	S	BJD-179-951-s001.xlsx
29729180	Sheet 1	1480-58	ERS2213416 (SAMEA104602134)	Accession		MIC.7	<=	0.5	S	BJD-179-951-s001.xlsx
29729180	Sheet 1	1480-58	ERS2213416 (SAMEA104602134)	Accession		MIC.8	<=	2	S	BJD-179-951-s001.xlsx
29729180	Sheet 1	1480-58	ERS2213416 (SAMEA104602134)	Accession		MIC.9	<	0.5	S	BJD-179-951-s001.xlsx
29729180	Sheet 1	1480-58	ERS2213416 (SAMEA104602134)	Accession		MIC.10	=	2	S	BJD-179-951-s001.xlsx
29729180	Sheet 1	1480-58	ERS2213416 (SAMEA104602134)	Accession		MIC.11	=	1	S	BJD-179-951-s001.xlsx
29729180	Sheet 1	1480-58	ERS2213416 (SAMEA104602134)	Accession		MIC.12	<=	0.5	S	BJD-179-951-s001.xlsx
29729180	Sheet 1	1480-58	ERS2213416 (SAMEA104602134)	Accession		MIC.13	=	1	S	BJD-179-951-s001.xlsx
29729180	Sheet 1	1480-58	ERS2213416 (SAMEA104602134)	Accession		MIC.14	=	8	S	BJD-179-951-s001.xlsx
29729180	Sheet 1	1480-58	ERS2213416 (SAMEA104602134)	Accession		MIC.15	<=	0.03	S	BJD-179-951-s001.xlsx
29729180	Sheet 1	1483-59	ERS2213417 (SAMEA104602135)	Accession		MIC	>=	0.5	R	BJD-179-951-s001.xlsx
29729180	Sheet 1	1483-59	ERS2213417 (SAMEA104602135)	Accession		MIC.1	=	2	S	BJD-179-951-s001.xlsx
29729180	Sheet 1	1483-59	ERS2213417 (SAMEA104602135)	Accession		MIC.2	<=	0.5	S	BJD-179-951-s001.xlsx
29729180	Sheet 1	1483-59	ERS2213417 (SAMEA104602135)	Accession		MIC.3	<=	0.5	S	BJD-179-951-s001.xlsx
29729180	Sheet 1	1483-59	ERS2213417 (SAMEA104602135)	Accession		MIC.4	=	1	S	BJD-179-951-s001.xlsx
29729180	Sheet 1	1483-59	ERS2213417 (SAMEA104602135)	Accession		MIC.5	=	0.25	S	BJD-179-951-s001.xlsx
29729180	Sheet 1	1483-59	ERS2213417 (SAMEA104602135)	Accession		MIC.6	<=	1	S	BJD-179-951-s001.xlsx
29729180	Sheet 1	1483-59	ERS2213417 (SAMEA104602135)	Accession		MIC.7	<=	0.5	S	BJD-179-951-s001.xlsx
29729180	Sheet 1	1483-59	ERS2213417 (SAMEA104602135)	Accession		MIC.8	<=	2	S	BJD-179-951-s001.xlsx
29729180	Sheet 1	1483-59	ERS2213417 (SAMEA104602135)	Accession		MIC.9	<	0.5	S	BJD-179-951-s001.xlsx
29729180	Sheet 1	1483-59	ERS2213417 (SAMEA104602135)	Accession		MIC.10	=	2	S	BJD-179-951-s001.xlsx
29729180	Sheet 1	1483-59	ERS2213417 (SAMEA104602135)	Accession		MIC.11	=	1	S	BJD-179-951-s001.xlsx
29729180	Sheet 1	1483-59	ERS2213417 (SAMEA104602135)	Accession		MIC.12	<=	0.5	S	BJD-179-951-s001.xlsx
29729180	Sheet 1	1483-59	ERS2213417 (SAMEA104602135)	Accession		MIC.13	=	1	S	BJD-179-951-s001.xlsx
29729180	Sheet 1	1483-59	ERS2213417 (SAMEA104602135)	Accession		MIC.14	=	8	S	BJD-179-951-s001.xlsx
29729180	Sheet 1	1483-59	ERS2213417 (SAMEA104602135)	Accession		MIC.15	<=	0.03	S	BJD-179-951-s001.xlsx
29729180	Sheet 1	1493-60	ERS2213418 (SAMEA104602136)	Accession		MIC	>=	0.5	R	BJD-179-951-s001.xlsx
29729180	Sheet 1	1493-60	ERS2213418 (SAMEA104602136)	Accession		MIC.1	<=	0.25	S	BJD-179-951-s001.xlsx
29729180	Sheet 1	1493-60	ERS2213418 (SAMEA104602136)	Accession		MIC.2	<=	0.5	S	BJD-179-951-s001.xlsx
29729180	Sheet 1	1493-60	ERS2213418 (SAMEA104602136)	Accession		MIC.3	<=	0.5	S	BJD-179-951-s001.xlsx
29729180	Sheet 1	1493-60	ERS2213418 (SAMEA104602136)	Accession		MIC.4	=	0.5	S	BJD-179-951-s001.xlsx
29729180	Sheet 1	1493-60	ERS2213418 (SAMEA104602136)	Accession		MIC.5	=	0.25	S	BJD-179-951-s001.xlsx
29729180	Sheet 1	1493-60	ERS2213418 (SAMEA104602136)	Accession		MIC.6	<=	1	S	BJD-179-951-s001.xlsx
29729180	Sheet 1	1493-60	ERS2213418 (SAMEA104602136)	Accession		MIC.7	<=	0.5	S	BJD-179-951-s001.xlsx
29729180	Sheet 1	1493-60	ERS2213418 (SAMEA104602136)	Accession		MIC.8	<=	2	S	BJD-179-951-s001.xlsx
29729180	Sheet 1	1493-60	ERS2213418 (SAMEA104602136)	Accession		MIC.9	<	0.5	S	BJD-179-951-s001.xlsx
29729180	Sheet 1	1493-60	ERS2213418 (SAMEA104602136)	Accession		MIC.10	=	2	S	BJD-179-951-s001.xlsx
29729180	Sheet 1	1493-60	ERS2213418 (SAMEA104602136)	Accession		MIC.11	=	0.5	S	BJD-179-951-s001.xlsx
29729180	Sheet 1	1493-60	ERS2213418 (SAMEA104602136)	Accession		MIC.12	<=	0.5	S	BJD-179-951-s001.xlsx
29729180	Sheet 1	1493-60	ERS2213418 (SAMEA104602136)	Accession		MIC.13	=	1	S	BJD-179-951-s001.xlsx
29729180	Sheet 1	1493-60	ERS2213418 (SAMEA104602136)	Accession		MIC.14	=	8	S	BJD-179-951-s001.xlsx
29729180	Sheet 1	1493-60	ERS2213418 (SAMEA104602136)	Accession		MIC.15	<=	0.03	S	BJD-179-951-s001.xlsx
29729180	Sheet 1	1541-61	ERS2213419 (SAMEA104602137)	Accession		MIC	>=	0.5	R	BJD-179-951-s001.xlsx
29729180	Sheet 1	1541-61	ERS2213419 (SAMEA104602137)	Accession		MIC.1	>=	4	R	BJD-179-951-s001.xlsx
29729180	Sheet 1	1541-61	ERS2213419 (SAMEA104602137)	Accession		MIC.2	<=	0.5	S	BJD-179-951-s001.xlsx
29729180	Sheet 1	1541-61	ERS2213419 (SAMEA104602137)	Accession		MIC.3	<=	0.5	S	BJD-179-951-s001.xlsx
29729180	Sheet 1	1541-61	ERS2213419 (SAMEA104602137)	Accession		MIC.4	=	1	S	BJD-179-951-s001.xlsx
29729180	Sheet 1	1541-61	ERS2213419 (SAMEA104602137)	Accession		MIC.5	=	0.25	S	BJD-179-951-s001.xlsx
29729180	Sheet 1	1541-61	ERS2213419 (SAMEA104602137)	Accession		MIC.6	<=	1	S	BJD-179-951-s001.xlsx
29729180	Sheet 1	1541-61	ERS2213419 (SAMEA104602137)	Accession		MIC.7	=	16	R	BJD-179-951-s001.xlsx
29729180	Sheet 1	1541-61	ERS2213419 (SAMEA104602137)	Accession		MIC.8	<=	2	S	BJD-179-951-s001.xlsx
29729180	Sheet 1	1541-61	ERS2213419 (SAMEA104602137)	Accession		MIC.9	=	1	S	BJD-179-951-s001.xlsx
29729180	Sheet 1	1541-61	ERS2213419 (SAMEA104602137)	Accession		MIC.10	=	4	S	BJD-179-951-s001.xlsx
29729180	Sheet 1	1541-61	ERS2213419 (SAMEA104602137)	Accession		MIC.11	=	0.25	S	BJD-179-951-s001.xlsx
29729180	Sheet 1	1541-61	ERS2213419 (SAMEA104602137)	Accession		MIC.12	<=	0.5	S	BJD-179-951-s001.xlsx
29729180	Sheet 1	1541-61	ERS2213419 (SAMEA104602137)	Accession		MIC.13	=	1	S	BJD-179-951-s001.xlsx
29729180	Sheet 1	1541-61	ERS2213419 (SAMEA104602137)	Accession		MIC.14	=	8	S	BJD-179-951-s001.xlsx
29729180	Sheet 1	1541-61	ERS2213419 (SAMEA104602137)	Accession		MIC.15	<=	0.03	S	BJD-179-951-s001.xlsx
28704546	Sheet1	isolate_1				Benzylpenicillin	=	0.125	R	pone.0181072.s001.xlsx
28704546	Sheet1	isolate_1				Oxacillin	=	2	R	pone.0181072.s001.xlsx
28704546	Sheet1	isolate_1				Gentamicin	=	1	R	pone.0181072.s001.xlsx
28704546	Sheet1	isolate_1				Tobramycin	=	1	R	pone.0181072.s001.xlsx
28704546	Sheet1	isolate_1				Ciprofloxacin	=	1	R	pone.0181072.s001.xlsx
28704546	Sheet1	isolate_1				Erythromycin	=	2	R	pone.0181072.s001.xlsx
28704546	Sheet1	isolate_1				Clindamycin	=	0.5	R	pone.0181072.s001.xlsx
28704546	Sheet1	isolate_1				Linezolid	=	4	R	pone.0181072.s001.xlsx
28704546	Sheet1	isolate_1				Teicoplanin	=	2	R	pone.0181072.s001.xlsx
28704546	Sheet1	isolate_1				Vancomycin	=	2	R	pone.0181072.s001.xlsx
28704546	Sheet1	isolate_1				Tetracycline	=	2	R	pone.0181072.s001.xlsx
28704546	Sheet1	isolate_1				Fosfomycin 	=	32	R	pone.0181072.s001.xlsx
28704546	Sheet1	isolate_1				Fusidic Acid	=	1	R	pone.0181072.s001.xlsx
28704546	Sheet1	isolate_1				Mupirocin	=	256	R	pone.0181072.s001.xlsx
28704546	Sheet1	isolate_1				Chloramphenicol	=	8	R	pone.0181072.s001.xlsx
28704546	Sheet1	isolate_1				Rifampicin	=	0.5	R	pone.0181072.s001.xlsx
28704546	Sheet1	isolate_1				Trimethoprim/Sulfamethoxazole	=	4	R	pone.0181072.s001.xlsx
28704546	Sheet1	W01A_051214				Cefoxitin screen			+	pone.0181072.s001.xlsx
28704546	Sheet1	W01A_051214				Benzylpenicillin			R	pone.0181072.s001.xlsx
28704546	Sheet1	W01A_051214				Oxacillin			R	pone.0181072.s001.xlsx
28704546	Sheet1	W01A_051214				Gentamicin			R	pone.0181072.s001.xlsx
28704546	Sheet1	W01A_051214				Kanamycin			R	pone.0181072.s001.xlsx
28704546	Sheet1	W01A_051214				Tobramycin			R	pone.0181072.s001.xlsx
28704546	Sheet1	W01A_051214				Ciprofloxacin			R	pone.0181072.s001.xlsx
28704546	Sheet1	W01A_051214				Erythromycin	=	1	S	pone.0181072.s001.xlsx
28704546	Sheet1	W01A_051214				Clindamycin	=	0.25	S	pone.0181072.s001.xlsx
28704546	Sheet1	W01A_051214				Linezolid	=	2	S	pone.0181072.s001.xlsx
28704546	Sheet1	W01A_051214				Teicoplanin			S	pone.0181072.s001.xlsx
28704546	Sheet1	W01A_051214				Vancomycin			S	pone.0181072.s001.xlsx
28704546	Sheet1	W01A_051214				Tetracycline			R	pone.0181072.s001.xlsx
28704546	Sheet1	W01A_051214				Fosfomycin 			S	pone.0181072.s001.xlsx
28704546	Sheet1	W01A_051214				Fusidic Acid			S	pone.0181072.s001.xlsx
28704546	Sheet1	W01A_051214				Mupirocin			S	pone.0181072.s001.xlsx
28704546	Sheet1	W01A_051214				Chloramphenicol			R	pone.0181072.s001.xlsx
28704546	Sheet1	W01A_051214				Rifampicin			S	pone.0181072.s001.xlsx
28704546	Sheet1	W01A_051214				Trimethoprim/Sulfamethoxazole			S	pone.0181072.s001.xlsx
28704546	Sheet1	W01_191114				Cefoxitin screen			+	pone.0181072.s001.xlsx
28704546	Sheet1	W01_191114				Benzylpenicillin			R	pone.0181072.s001.xlsx
28704546	Sheet1	W01_191114				Oxacillin			R	pone.0181072.s001.xlsx
28704546	Sheet1	W01_191114				Gentamicin			R	pone.0181072.s001.xlsx
28704546	Sheet1	W01_191114				Kanamycin			R	pone.0181072.s001.xlsx
28704546	Sheet1	W01_191114				Tobramycin	=	8	R	pone.0181072.s001.xlsx
28704546	Sheet1	W01_191114				Ciprofloxacin			R	pone.0181072.s001.xlsx
28704546	Sheet1	W01_191114				Erythromycin	=	1	S	pone.0181072.s001.xlsx
28704546	Sheet1	W01_191114				Clindamycin	=	0.25	S	pone.0181072.s001.xlsx
28704546	Sheet1	W01_191114				Linezolid	=	2	S	pone.0181072.s001.xlsx
28704546	Sheet1	W01_191114				Teicoplanin			S	pone.0181072.s001.xlsx
28704546	Sheet1	W01_191114				Vancomycin			S	pone.0181072.s001.xlsx
28704546	Sheet1	W01_191114				Tetracycline			R	pone.0181072.s001.xlsx
28704546	Sheet1	W01_191114				Fosfomycin 			S	pone.0181072.s001.xlsx
28704546	Sheet1	W01_191114				Fusidic Acid			S	pone.0181072.s001.xlsx
28704546	Sheet1	W01_191114				Mupirocin			S	pone.0181072.s001.xlsx
28704546	Sheet1	W01_191114				Chloramphenicol			R	pone.0181072.s001.xlsx
28704546	Sheet1	W01_191114				Rifampicin			S	pone.0181072.s001.xlsx
28704546	Sheet1	W01_191114				Trimethoprim/Sulfamethoxazole			S	pone.0181072.s001.xlsx
28704546	Sheet1	B03_011214				Cefoxitin screen			+	pone.0181072.s001.xlsx
28704546	Sheet1	B03_011214				Benzylpenicillin			R	pone.0181072.s001.xlsx
28704546	Sheet1	B03_011214				Oxacillin			R	pone.0181072.s001.xlsx
28704546	Sheet1	B03_011214				Gentamicin			R	pone.0181072.s001.xlsx
28704546	Sheet1	B03_011214				Kanamycin			R	pone.0181072.s001.xlsx
28704546	Sheet1	B03_011214				Tobramycin			R	pone.0181072.s001.xlsx
28704546	Sheet1	B03_011214				Ciprofloxacin			R	pone.0181072.s001.xlsx
28704546	Sheet1	B03_011214				Erythromycin	=	1	S	pone.0181072.s001.xlsx
28704546	Sheet1	B03_011214				Clindamycin	=	0.25	S	pone.0181072.s001.xlsx
28704546	Sheet1	B03_011214				Linezolid	=	2	S	pone.0181072.s001.xlsx
28704546	Sheet1	B03_011214				Teicoplanin			S	pone.0181072.s001.xlsx
28704546	Sheet1	B03_011214				Vancomycin			S	pone.0181072.s001.xlsx
28704546	Sheet1	B03_011214				Tetracycline			R	pone.0181072.s001.xlsx
28704546	Sheet1	B03_011214				Fosfomycin 			S	pone.0181072.s001.xlsx
28704546	Sheet1	B03_011214				Fusidic Acid			S	pone.0181072.s001.xlsx
28704546	Sheet1	B03_011214				Mupirocin			S	pone.0181072.s001.xlsx
28704546	Sheet1	B03_011214				Chloramphenicol			R	pone.0181072.s001.xlsx
28704546	Sheet1	B03_011214				Rifampicin			S	pone.0181072.s001.xlsx
28704546	Sheet1	B03_011214				Trimethoprim/Sulfamethoxazole			S	pone.0181072.s001.xlsx
28704546	Sheet1	N04_011214				Benzylpenicillin			R	pone.0181072.s001.xlsx
28704546	Sheet1	N04_011214				Oxacillin	=	0.5	S	pone.0181072.s001.xlsx
28704546	Sheet1	N04_011214				Gentamicin			S	pone.0181072.s001.xlsx
28704546	Sheet1	N04_011214				Kanamycin			S	pone.0181072.s001.xlsx
28704546	Sheet1	N04_011214				Tobramycin			S	pone.0181072.s001.xlsx
28704546	Sheet1	N04_011214				Ciprofloxacin			S	pone.0181072.s001.xlsx
28704546	Sheet1	N04_011214				Erythromycin	=	1	S	pone.0181072.s001.xlsx
28704546	Sheet1	N04_011214				Clindamycin	=	0.25	S	pone.0181072.s001.xlsx
28704546	Sheet1	N04_011214				Linezolid	=	2	S	pone.0181072.s001.xlsx
28704546	Sheet1	N04_011214				Teicoplanin			S	pone.0181072.s001.xlsx
28704546	Sheet1	N04_011214				Vancomycin	=	1	S	pone.0181072.s001.xlsx
28704546	Sheet1	N04_011214				Tetracycline			R	pone.0181072.s001.xlsx
28704546	Sheet1	N04_011214				Fosfomycin 			S	pone.0181072.s001.xlsx
28704546	Sheet1	N04_011214				Fusidic Acid			S	pone.0181072.s001.xlsx
28704546	Sheet1	N04_011214				Mupirocin			S	pone.0181072.s001.xlsx
28704546	Sheet1	N04_011214				Chloramphenicol	=	8	S	pone.0181072.s001.xlsx
28704546	Sheet1	N04_011214				Rifampicin			S	pone.0181072.s001.xlsx
28704546	Sheet1	N04_011214				Trimethoprim/Sulfamethoxazole			S	pone.0181072.s001.xlsx
28704546	Sheet1	N05A_091214				Cefoxitin screen			+	pone.0181072.s001.xlsx
28704546	Sheet1	N05A_091214				Benzylpenicillin			R	pone.0181072.s001.xlsx
28704546	Sheet1	N05A_091214				Oxacillin			R	pone.0181072.s001.xlsx
28704546	Sheet1	N05A_091214				Gentamicin			R	pone.0181072.s001.xlsx
28704546	Sheet1	N05A_091214				Kanamycin			R	pone.0181072.s001.xlsx
28704546	Sheet1	N05A_091214				Tobramycin			R	pone.0181072.s001.xlsx
28704546	Sheet1	N05A_091214				Ciprofloxacin			R	pone.0181072.s001.xlsx
28704546	Sheet1	N05A_091214				Erythromycin	=	1	S	pone.0181072.s001.xlsx
28704546	Sheet1	N05A_091214				Clindamycin	=	0.25	S	pone.0181072.s001.xlsx
28704546	Sheet1	N05A_091214				Linezolid	=	2	S	pone.0181072.s001.xlsx
28704546	Sheet1	N05A_091214				Teicoplanin			S	pone.0181072.s001.xlsx
28704546	Sheet1	N05A_091214				Vancomycin			S	pone.0181072.s001.xlsx
28704546	Sheet1	N05A_091214				Tetracycline			R	pone.0181072.s001.xlsx
28704546	Sheet1	N05A_091214				Fosfomycin 			S	pone.0181072.s001.xlsx
28704546	Sheet1	N05A_091214				Fusidic Acid			S	pone.0181072.s001.xlsx
28704546	Sheet1	N05A_091214				Mupirocin			S	pone.0181072.s001.xlsx
28704546	Sheet1	N05A_091214				Chloramphenicol			R	pone.0181072.s001.xlsx
28704546	Sheet1	N05A_091214				Rifampicin			S	pone.0181072.s001.xlsx
28704546	Sheet1	N05A_091214				Trimethoprim/Sulfamethoxazole			S	pone.0181072.s001.xlsx
28704546	Sheet1	N05B_191214				Cefoxitin screen			+	pone.0181072.s001.xlsx
28704546	Sheet1	N05B_191214				Benzylpenicillin			R	pone.0181072.s001.xlsx
28704546	Sheet1	N05B_191214				Oxacillin			R	pone.0181072.s001.xlsx
28704546	Sheet1	N05B_191214				Gentamicin			R	pone.0181072.s001.xlsx
28704546	Sheet1	N05B_191214				Kanamycin			R	pone.0181072.s001.xlsx
28704546	Sheet1	N05B_191214				Tobramycin			R	pone.0181072.s001.xlsx
28704546	Sheet1	N05B_191214				Ciprofloxacin			R	pone.0181072.s001.xlsx
28704546	Sheet1	N05B_191214				Erythromycin	=	1	S	pone.0181072.s001.xlsx
28704546	Sheet1	N05B_191214				Clindamycin	=	0.25	S	pone.0181072.s001.xlsx
28704546	Sheet1	N05B_191214				Linezolid	=	2	S	pone.0181072.s001.xlsx
28704546	Sheet1	N05B_191214				Teicoplanin			S	pone.0181072.s001.xlsx
28704546	Sheet1	N05B_191214				Vancomycin			S	pone.0181072.s001.xlsx
28704546	Sheet1	N05B_191214				Tetracycline			R	pone.0181072.s001.xlsx
28704546	Sheet1	N05B_191214				Fosfomycin 			S	pone.0181072.s001.xlsx
28704546	Sheet1	N05B_191214				Fusidic Acid			S	pone.0181072.s001.xlsx
28704546	Sheet1	N05B_191214				Mupirocin			S	pone.0181072.s001.xlsx
28704546	Sheet1	N05B_191214				Chloramphenicol			R	pone.0181072.s001.xlsx
28704546	Sheet1	N05B_191214				Rifampicin			S	pone.0181072.s001.xlsx
28704546	Sheet1	N05B_191214				Trimethoprim/Sulfamethoxazole			S	pone.0181072.s001.xlsx
28704546	Sheet1	W08A_161214				Benzylpenicillin			R	pone.0181072.s001.xlsx
28704546	Sheet1	W08A_161214				Oxacillin	=	0.5	S	pone.0181072.s001.xlsx
28704546	Sheet1	W08A_161214				Gentamicin			S	pone.0181072.s001.xlsx
28704546	Sheet1	W08A_161214				Kanamycin			S	pone.0181072.s001.xlsx
28704546	Sheet1	W08A_161214				Tobramycin			S	pone.0181072.s001.xlsx
28704546	Sheet1	W08A_161214				Ciprofloxacin			S	pone.0181072.s001.xlsx
28704546	Sheet1	W08A_161214				Erythromycin	=	1	S	pone.0181072.s001.xlsx
28704546	Sheet1	W08A_161214				Clindamycin	=	0.25	S	pone.0181072.s001.xlsx
28704546	Sheet1	W08A_161214				Linezolid	=	2	S	pone.0181072.s001.xlsx
28704546	Sheet1	W08A_161214				Teicoplanin			S	pone.0181072.s001.xlsx
28704546	Sheet1	W08A_161214				Vancomycin			S	pone.0181072.s001.xlsx
28704546	Sheet1	W08A_161214				Tetracycline			R	pone.0181072.s001.xlsx
28704546	Sheet1	W08A_161214				Fosfomycin 			S	pone.0181072.s001.xlsx
28704546	Sheet1	W08A_161214				Fusidic Acid			S	pone.0181072.s001.xlsx
28704546	Sheet1	W08A_161214				Mupirocin			S	pone.0181072.s001.xlsx
28704546	Sheet1	W08A_161214				Chloramphenicol	=	8	S	pone.0181072.s001.xlsx
28704546	Sheet1	W08A_161214				Rifampicin			S	pone.0181072.s001.xlsx
28704546	Sheet1	W08A_161214				Trimethoprim/Sulfamethoxazole			R	pone.0181072.s001.xlsx
28704546	Sheet1	W08B_161214				Benzylpenicillin			R	pone.0181072.s001.xlsx
28704546	Sheet1	W08B_161214				Oxacillin	=	0.5	S	pone.0181072.s001.xlsx
28704546	Sheet1	W08B_161214				Gentamicin			S	pone.0181072.s001.xlsx
28704546	Sheet1	W08B_161214				Kanamycin			S	pone.0181072.s001.xlsx
28704546	Sheet1	W08B_161214				Tobramycin			S	pone.0181072.s001.xlsx
28704546	Sheet1	W08B_161214				Ciprofloxacin			S	pone.0181072.s001.xlsx
28704546	Sheet1	W08B_161214				Erythromycin	=	1	S	pone.0181072.s001.xlsx
28704546	Sheet1	W08B_161214				Clindamycin	=	0.25	S	pone.0181072.s001.xlsx
28704546	Sheet1	W08B_161214				Linezolid	=	2	S	pone.0181072.s001.xlsx
28704546	Sheet1	W08B_161214				Teicoplanin			S	pone.0181072.s001.xlsx
28704546	Sheet1	W08B_161214				Vancomycin	=	1	S	pone.0181072.s001.xlsx
28704546	Sheet1	W08B_161214				Tetracycline			R	pone.0181072.s001.xlsx
28704546	Sheet1	W08B_161214				Fosfomycin 			S	pone.0181072.s001.xlsx
28704546	Sheet1	W08B_161214				Fusidic Acid			S	pone.0181072.s001.xlsx
28704546	Sheet1	W08B_161214				Mupirocin			S	pone.0181072.s001.xlsx
28704546	Sheet1	W08B_161214				Chloramphenicol	=	8	S	pone.0181072.s001.xlsx
28704546	Sheet1	W08B_161214				Rifampicin			S	pone.0181072.s001.xlsx
28704546	Sheet1	W08B_161214				Trimethoprim/Sulfamethoxazole			R	pone.0181072.s001.xlsx
28704546	Sheet1	B12A_030115				Cefoxitin screen			+	pone.0181072.s001.xlsx
28704546	Sheet1	B12A_030115				Benzylpenicillin			R	pone.0181072.s001.xlsx
28704546	Sheet1	B12A_030115				Oxacillin			R	pone.0181072.s001.xlsx
28704546	Sheet1	B12A_030115				Gentamicin			R	pone.0181072.s001.xlsx
28704546	Sheet1	B12A_030115				Kanamycin			R	pone.0181072.s001.xlsx
28704546	Sheet1	B12A_030115				Tobramycin			R	pone.0181072.s001.xlsx
28704546	Sheet1	B12A_030115				Ciprofloxacin			R	pone.0181072.s001.xlsx
28704546	Sheet1	B12A_030115				Erythromycin	=	1	S	pone.0181072.s001.xlsx
28704546	Sheet1	B12A_030115				Clindamycin	=	0.25	S	pone.0181072.s001.xlsx
28704546	Sheet1	B12A_030115				Linezolid	=	2	S	pone.0181072.s001.xlsx
28704546	Sheet1	B12A_030115				Teicoplanin			S	pone.0181072.s001.xlsx
28704546	Sheet1	B12A_030115				Vancomycin			S	pone.0181072.s001.xlsx
28704546	Sheet1	B12A_030115				Tetracycline			R	pone.0181072.s001.xlsx
28704546	Sheet1	B12A_030115				Fosfomycin 			S	pone.0181072.s001.xlsx
28704546	Sheet1	B12A_030115				Fusidic Acid			S	pone.0181072.s001.xlsx
28704546	Sheet1	B12A_030115				Mupirocin			S	pone.0181072.s001.xlsx
28704546	Sheet1	B12A_030115				Chloramphenicol			R	pone.0181072.s001.xlsx
28704546	Sheet1	B12A_030115				Rifampicin			S	pone.0181072.s001.xlsx
28704546	Sheet1	B12A_030115				Trimethoprim/Sulfamethoxazole			S	pone.0181072.s001.xlsx
28704546	Sheet1	N12_291214				Cefoxitin screen			+	pone.0181072.s001.xlsx
28704546	Sheet1	N12_291214				Benzylpenicillin			R	pone.0181072.s001.xlsx
28704546	Sheet1	N12_291214				Oxacillin			R	pone.0181072.s001.xlsx
28704546	Sheet1	N12_291214				Gentamicin			R	pone.0181072.s001.xlsx
28704546	Sheet1	N12_291214				Kanamycin			R	pone.0181072.s001.xlsx
28704546	Sheet1	N12_291214				Tobramycin			R	pone.0181072.s001.xlsx
28704546	Sheet1	N12_291214				Ciprofloxacin			R	pone.0181072.s001.xlsx
28704546	Sheet1	N12_291214				Erythromycin	=	1	S	pone.0181072.s001.xlsx
28704546	Sheet1	N12_291214				Clindamycin	=	0.25	S	pone.0181072.s001.xlsx
28704546	Sheet1	N12_291214				Linezolid	=	2	S	pone.0181072.s001.xlsx
28704546	Sheet1	N12_291214				Teicoplanin			S	pone.0181072.s001.xlsx
28704546	Sheet1	N12_291214				Vancomycin			S	pone.0181072.s001.xlsx
28704546	Sheet1	N12_291214				Tetracycline			R	pone.0181072.s001.xlsx
28704546	Sheet1	N12_291214				Fosfomycin 			S	pone.0181072.s001.xlsx
28704546	Sheet1	N12_291214				Fusidic Acid			S	pone.0181072.s001.xlsx
28704546	Sheet1	N12_291214				Mupirocin			S	pone.0181072.s001.xlsx
28704546	Sheet1	N12_291214				Chloramphenicol			R	pone.0181072.s001.xlsx
28704546	Sheet1	N12_291214				Rifampicin			S	pone.0181072.s001.xlsx
28704546	Sheet1	N12_291214				Trimethoprim/Sulfamethoxazole			S	pone.0181072.s001.xlsx
28704546	Sheet1	W12_291214				Cefoxitin screen			+	pone.0181072.s001.xlsx
28704546	Sheet1	W12_291214				Benzylpenicillin			R	pone.0181072.s001.xlsx
28704546	Sheet1	W12_291214				Oxacillin			R	pone.0181072.s001.xlsx
28704546	Sheet1	W12_291214				Gentamicin			R	pone.0181072.s001.xlsx
28704546	Sheet1	W12_291214				Kanamycin			R	pone.0181072.s001.xlsx
28704546	Sheet1	W12_291214				Tobramycin			R	pone.0181072.s001.xlsx
28704546	Sheet1	W12_291214				Ciprofloxacin			R	pone.0181072.s001.xlsx
28704546	Sheet1	W12_291214				Erythromycin	=	1	S	pone.0181072.s001.xlsx
28704546	Sheet1	W12_291214				Clindamycin	=	0.25	S	pone.0181072.s001.xlsx
28704546	Sheet1	W12_291214				Linezolid	=	2	S	pone.0181072.s001.xlsx
28704546	Sheet1	W12_291214				Teicoplanin			S	pone.0181072.s001.xlsx
28704546	Sheet1	W12_291214				Vancomycin			S	pone.0181072.s001.xlsx
28704546	Sheet1	W12_291214				Tetracycline			R	pone.0181072.s001.xlsx
28704546	Sheet1	W12_291214				Fosfomycin 			S	pone.0181072.s001.xlsx
28704546	Sheet1	W12_291214				Fusidic Acid			S	pone.0181072.s001.xlsx
28704546	Sheet1	W12_291214				Mupirocin			S	pone.0181072.s001.xlsx
28704546	Sheet1	W12_291214				Chloramphenicol			R	pone.0181072.s001.xlsx
28704546	Sheet1	W12_291214				Rifampicin			S	pone.0181072.s001.xlsx
28704546	Sheet1	W12_291214				Trimethoprim/Sulfamethoxazole			S	pone.0181072.s001.xlsx
28704546	Sheet1	N13A_311214				Cefoxitin screen			+	pone.0181072.s001.xlsx
28704546	Sheet1	N13A_311214				Benzylpenicillin			R	pone.0181072.s001.xlsx
28704546	Sheet1	N13A_311214				Oxacillin			R	pone.0181072.s001.xlsx
28704546	Sheet1	N13A_311214				Gentamicin			R	pone.0181072.s001.xlsx
28704546	Sheet1	N13A_311214				Kanamycin			R	pone.0181072.s001.xlsx
28704546	Sheet1	N13A_311214				Tobramycin			R	pone.0181072.s001.xlsx
28704546	Sheet1	N13A_311214				Ciprofloxacin			R	pone.0181072.s001.xlsx
28704546	Sheet1	N13A_311214				Erythromycin	=	1	S	pone.0181072.s001.xlsx
28704546	Sheet1	N13A_311214				Clindamycin	=	0.25	S	pone.0181072.s001.xlsx
28704546	Sheet1	N13A_311214				Linezolid	=	2	S	pone.0181072.s001.xlsx
28704546	Sheet1	N13A_311214				Teicoplanin			S	pone.0181072.s001.xlsx
28704546	Sheet1	N13A_311214				Vancomycin			S	pone.0181072.s001.xlsx
28704546	Sheet1	N13A_311214				Tetracycline			R	pone.0181072.s001.xlsx
28704546	Sheet1	N13A_311214				Fosfomycin 			S	pone.0181072.s001.xlsx
28704546	Sheet1	N13A_311214				Fusidic Acid			S	pone.0181072.s001.xlsx
28704546	Sheet1	N13A_311214				Mupirocin			S	pone.0181072.s001.xlsx
28704546	Sheet1	N13A_311214				Chloramphenicol			R	pone.0181072.s001.xlsx
28704546	Sheet1	N13A_311214				Rifampicin			S	pone.0181072.s001.xlsx
28704546	Sheet1	N13A_311214				Trimethoprim/Sulfamethoxazole			S	pone.0181072.s001.xlsx
28704546	Sheet1	W13_311214				Cefoxitin screen			+	pone.0181072.s001.xlsx
28704546	Sheet1	W13_311214				Benzylpenicillin			R	pone.0181072.s001.xlsx
28704546	Sheet1	W13_311214				Oxacillin			R	pone.0181072.s001.xlsx
28704546	Sheet1	W13_311214				Gentamicin			R	pone.0181072.s001.xlsx
28704546	Sheet1	W13_311214				Kanamycin			R	pone.0181072.s001.xlsx
28704546	Sheet1	W13_311214				Tobramycin	=	8	R	pone.0181072.s001.xlsx
28704546	Sheet1	W13_311214				Ciprofloxacin			R	pone.0181072.s001.xlsx
28704546	Sheet1	W13_311214				Erythromycin	=	1	S	pone.0181072.s001.xlsx
28704546	Sheet1	W13_311214				Clindamycin	=	0.25	S	pone.0181072.s001.xlsx
28704546	Sheet1	W13_311214				Linezolid	=	2	S	pone.0181072.s001.xlsx
28704546	Sheet1	W13_311214				Teicoplanin			S	pone.0181072.s001.xlsx
28704546	Sheet1	W13_311214				Vancomycin			S	pone.0181072.s001.xlsx
28704546	Sheet1	W13_311214				Tetracycline			R	pone.0181072.s001.xlsx
28704546	Sheet1	W13_311214				Fosfomycin 			S	pone.0181072.s001.xlsx
28704546	Sheet1	W13_311214				Fusidic Acid			S	pone.0181072.s001.xlsx
28704546	Sheet1	W13_311214				Mupirocin			S	pone.0181072.s001.xlsx
28704546	Sheet1	W13_311214				Chloramphenicol			R	pone.0181072.s001.xlsx
28704546	Sheet1	W13_311214				Rifampicin			S	pone.0181072.s001.xlsx
28704546	Sheet1	W13_311214				Trimethoprim/Sulfamethoxazole			S	pone.0181072.s001.xlsx
28704546	Sheet1	B21_100115				Cefoxitin screen			+	pone.0181072.s001.xlsx
28704546	Sheet1	B21_100115				Benzylpenicillin			R	pone.0181072.s001.xlsx
28704546	Sheet1	B21_100115				Oxacillin			R	pone.0181072.s001.xlsx
28704546	Sheet1	B21_100115				Gentamicin			R	pone.0181072.s001.xlsx
28704546	Sheet1	B21_100115				Kanamycin			R	pone.0181072.s001.xlsx
28704546	Sheet1	B21_100115				Tobramycin			R	pone.0181072.s001.xlsx
28704546	Sheet1	B21_100115				Ciprofloxacin			R	pone.0181072.s001.xlsx
28704546	Sheet1	B21_100115				Erythromycin	=	1	S	pone.0181072.s001.xlsx
28704546	Sheet1	B21_100115				Clindamycin	=	0.25	S	pone.0181072.s001.xlsx
28704546	Sheet1	B21_100115				Linezolid	=	2	S	pone.0181072.s001.xlsx
28704546	Sheet1	B21_100115				Teicoplanin			S	pone.0181072.s001.xlsx
28704546	Sheet1	B21_100115				Vancomycin	=	1	S	pone.0181072.s001.xlsx
28704546	Sheet1	B21_100115				Tetracycline			R	pone.0181072.s001.xlsx
28704546	Sheet1	B21_100115				Fosfomycin 			S	pone.0181072.s001.xlsx
28704546	Sheet1	B21_100115				Fusidic Acid			S	pone.0181072.s001.xlsx
28704546	Sheet1	B21_100115				Mupirocin			S	pone.0181072.s001.xlsx
28704546	Sheet1	B21_100115				Chloramphenicol			R	pone.0181072.s001.xlsx
28704546	Sheet1	B21_100115				Rifampicin			S	pone.0181072.s001.xlsx
28704546	Sheet1	B21_100115				Trimethoprim/Sulfamethoxazole			S	pone.0181072.s001.xlsx
28704546	Sheet1	N21_100115				Cefoxitin screen			+	pone.0181072.s001.xlsx
28704546	Sheet1	N21_100115				Benzylpenicillin			R	pone.0181072.s001.xlsx
28704546	Sheet1	N21_100115				Oxacillin			R	pone.0181072.s001.xlsx
28704546	Sheet1	N21_100115				Gentamicin			R	pone.0181072.s001.xlsx
28704546	Sheet1	N21_100115				Kanamycin			R	pone.0181072.s001.xlsx
28704546	Sheet1	N21_100115				Tobramycin			R	pone.0181072.s001.xlsx
28704546	Sheet1	N21_100115				Ciprofloxacin			R	pone.0181072.s001.xlsx
28704546	Sheet1	N21_100115				Erythromycin	=	1	S	pone.0181072.s001.xlsx
28704546	Sheet1	N21_100115				Clindamycin	=	0.25	S	pone.0181072.s001.xlsx
28704546	Sheet1	N21_100115				Linezolid	=	2	S	pone.0181072.s001.xlsx
28704546	Sheet1	N21_100115				Teicoplanin			S	pone.0181072.s001.xlsx
28704546	Sheet1	N21_100115				Vancomycin			S	pone.0181072.s001.xlsx
28704546	Sheet1	N21_100115				Tetracycline			R	pone.0181072.s001.xlsx
28704546	Sheet1	N21_100115				Fosfomycin 			S	pone.0181072.s001.xlsx
28704546	Sheet1	N21_100115				Fusidic Acid			S	pone.0181072.s001.xlsx
28704546	Sheet1	N21_100115				Mupirocin			S	pone.0181072.s001.xlsx
28704546	Sheet1	N21_100115				Chloramphenicol			R	pone.0181072.s001.xlsx
28704546	Sheet1	N21_100115				Rifampicin			S	pone.0181072.s001.xlsx
28704546	Sheet1	N21_100115				Trimethoprim/Sulfamethoxazole			S	pone.0181072.s001.xlsx
28704546	Sheet1	W21A_100115				Cefoxitin screen			+	pone.0181072.s001.xlsx
28704546	Sheet1	W21A_100115				Benzylpenicillin			R	pone.0181072.s001.xlsx
28704546	Sheet1	W21A_100115				Oxacillin			R	pone.0181072.s001.xlsx
28704546	Sheet1	W21A_100115				Gentamicin			R	pone.0181072.s001.xlsx
28704546	Sheet1	W21A_100115				Kanamycin			R	pone.0181072.s001.xlsx
28704546	Sheet1	W21A_100115				Tobramycin			R	pone.0181072.s001.xlsx
28704546	Sheet1	W21A_100115				Ciprofloxacin			R	pone.0181072.s001.xlsx
28704546	Sheet1	W21A_100115				Erythromycin	=	1	S	pone.0181072.s001.xlsx
28704546	Sheet1	W21A_100115				Clindamycin	=	0.25	S	pone.0181072.s001.xlsx
28704546	Sheet1	W21A_100115				Linezolid	=	2	S	pone.0181072.s001.xlsx
28704546	Sheet1	W21A_100115				Teicoplanin			S	pone.0181072.s001.xlsx
28704546	Sheet1	W21A_100115				Vancomycin			S	pone.0181072.s001.xlsx
28704546	Sheet1	W21A_100115				Tetracycline			R	pone.0181072.s001.xlsx
28704546	Sheet1	W21A_100115				Fosfomycin 			S	pone.0181072.s001.xlsx
28704546	Sheet1	W21A_100115				Fusidic Acid			S	pone.0181072.s001.xlsx
28704546	Sheet1	W21A_100115				Mupirocin			S	pone.0181072.s001.xlsx
28704546	Sheet1	W21A_100115				Chloramphenicol			R	pone.0181072.s001.xlsx
28704546	Sheet1	W21A_100115				Rifampicin			S	pone.0181072.s001.xlsx
28704546	Sheet1	W21A_100115				Trimethoprim/Sulfamethoxazole			S	pone.0181072.s001.xlsx
28704546	Sheet1	W22_020215				Benzylpenicillin			R	pone.0181072.s001.xlsx
28704546	Sheet1	W22_020215				Oxacillin	=	0.5	S	pone.0181072.s001.xlsx
28704546	Sheet1	W22_020215				Gentamicin			S	pone.0181072.s001.xlsx
28704546	Sheet1	W22_020215				Kanamycin			S	pone.0181072.s001.xlsx
28704546	Sheet1	W22_020215				Tobramycin			S	pone.0181072.s001.xlsx
28704546	Sheet1	W22_020215				Ciprofloxacin			S	pone.0181072.s001.xlsx
28704546	Sheet1	W22_020215				Erythromycin	=	0.5	S	pone.0181072.s001.xlsx
28704546	Sheet1	W22_020215				Clindamycin	=	0.25	S	pone.0181072.s001.xlsx
28704546	Sheet1	W22_020215				Linezolid	=	2	S	pone.0181072.s001.xlsx
28704546	Sheet1	W22_020215				Teicoplanin			S	pone.0181072.s001.xlsx
28704546	Sheet1	W22_020215				Vancomycin			S	pone.0181072.s001.xlsx
28704546	Sheet1	W22_020215				Tetracycline			R	pone.0181072.s001.xlsx
28704546	Sheet1	W22_020215				Fosfomycin 			S	pone.0181072.s001.xlsx
28704546	Sheet1	W22_020215				Fusidic Acid			S	pone.0181072.s001.xlsx
28704546	Sheet1	W22_020215				Mupirocin			S	pone.0181072.s001.xlsx
28704546	Sheet1	W22_020215				Chloramphenicol			R	pone.0181072.s001.xlsx
28704546	Sheet1	W22_020215				Rifampicin			S	pone.0181072.s001.xlsx
28704546	Sheet1	W22_020215				Trimethoprim/Sulfamethoxazole			R	pone.0181072.s001.xlsx
28704546	Sheet1	W24A_090215				Cefoxitin screen			+	pone.0181072.s001.xlsx
28704546	Sheet1	W24A_090215				Benzylpenicillin			R	pone.0181072.s001.xlsx
28704546	Sheet1	W24A_090215				Oxacillin			R	pone.0181072.s001.xlsx
28704546	Sheet1	W24A_090215				Gentamicin			S	pone.0181072.s001.xlsx
28704546	Sheet1	W24A_090215				Kanamycin			R	pone.0181072.s001.xlsx
28704546	Sheet1	W24A_090215				Tobramycin			S	pone.0181072.s001.xlsx
28704546	Sheet1	W24A_090215				Ciprofloxacin			S	pone.0181072.s001.xlsx
28704546	Sheet1	W24A_090215				Erythromycin			R	pone.0181072.s001.xlsx
28704546	Sheet1	W24A_090215				Clindamycin	=	0.25	S	pone.0181072.s001.xlsx
28704546	Sheet1	W24A_090215				Linezolid	=	2	S	pone.0181072.s001.xlsx
28704546	Sheet1	W24A_090215				Teicoplanin			S	pone.0181072.s001.xlsx
28704546	Sheet1	W24A_090215				Vancomycin			S	pone.0181072.s001.xlsx
28704546	Sheet1	W24A_090215				Tetracycline			R	pone.0181072.s001.xlsx
28704546	Sheet1	W24A_090215				Fosfomycin 			S	pone.0181072.s001.xlsx
28704546	Sheet1	W24A_090215				Fusidic Acid			S	pone.0181072.s001.xlsx
28704546	Sheet1	W24A_090215				Mupirocin			S	pone.0181072.s001.xlsx
28704546	Sheet1	W24A_090215				Chloramphenicol	=	8	S	pone.0181072.s001.xlsx
28704546	Sheet1	W24A_090215				Rifampicin			S	pone.0181072.s001.xlsx
28704546	Sheet1	W24A_090215				Trimethoprim/Sulfamethoxazole			S	pone.0181072.s001.xlsx
28704546	Sheet1	W24B_090215				Benzylpenicillin			R	pone.0181072.s001.xlsx
28704546	Sheet1	W24B_090215				Oxacillin	=	0.5	S	pone.0181072.s001.xlsx
28704546	Sheet1	W24B_090215				Gentamicin			S	pone.0181072.s001.xlsx
28704546	Sheet1	W24B_090215				Kanamycin			S	pone.0181072.s001.xlsx
28704546	Sheet1	W24B_090215				Tobramycin			S	pone.0181072.s001.xlsx
28704546	Sheet1	W24B_090215				Ciprofloxacin			S	pone.0181072.s001.xlsx
28704546	Sheet1	W24B_090215				Erythromycin	=	1	S	pone.0181072.s001.xlsx
28704546	Sheet1	W24B_090215				Clindamycin	=	0.25	S	pone.0181072.s001.xlsx
28704546	Sheet1	W24B_090215				Linezolid	=	2	S	pone.0181072.s001.xlsx
28704546	Sheet1	W24B_090215				Teicoplanin			S	pone.0181072.s001.xlsx
28704546	Sheet1	W24B_090215				Vancomycin	=	1	S	pone.0181072.s001.xlsx
28704546	Sheet1	W24B_090215				Tetracycline			S	pone.0181072.s001.xlsx
28704546	Sheet1	W24B_090215				Fosfomycin 			S	pone.0181072.s001.xlsx
28704546	Sheet1	W24B_090215				Fusidic Acid			S	pone.0181072.s001.xlsx
28704546	Sheet1	W24B_090215				Mupirocin			S	pone.0181072.s001.xlsx
28704546	Sheet1	W24B_090215				Chloramphenicol			R	pone.0181072.s001.xlsx
28704546	Sheet1	W24B_090215				Rifampicin			S	pone.0181072.s001.xlsx
28704546	Sheet1	W24B_090215				Trimethoprim/Sulfamethoxazole			S	pone.0181072.s001.xlsx
28704546	Sheet1	B26A_160215				Benzylpenicillin			R	pone.0181072.s001.xlsx
28704546	Sheet1	B26A_160215				Oxacillin			S	pone.0181072.s001.xlsx
28704546	Sheet1	B26A_160215				Gentamicin			S	pone.0181072.s001.xlsx
28704546	Sheet1	B26A_160215				Kanamycin			S	pone.0181072.s001.xlsx
28704546	Sheet1	B26A_160215				Tobramycin			S	pone.0181072.s001.xlsx
28704546	Sheet1	B26A_160215				Ciprofloxacin			S	pone.0181072.s001.xlsx
28704546	Sheet1	B26A_160215				Erythromycin	=	1	S	pone.0181072.s001.xlsx
28704546	Sheet1	B26A_160215				Clindamycin	=	0.25	S	pone.0181072.s001.xlsx
28704546	Sheet1	B26A_160215				Linezolid	=	2	S	pone.0181072.s001.xlsx
28704546	Sheet1	B26A_160215				Teicoplanin			S	pone.0181072.s001.xlsx
28704546	Sheet1	B26A_160215				Vancomycin	=	1	S	pone.0181072.s001.xlsx
28704546	Sheet1	B26A_160215				Tetracycline			S	pone.0181072.s001.xlsx
28704546	Sheet1	B26A_160215				Fosfomycin 			S	pone.0181072.s001.xlsx
28704546	Sheet1	B26A_160215				Fusidic Acid			S	pone.0181072.s001.xlsx
28704546	Sheet1	B26A_160215				Mupirocin			S	pone.0181072.s001.xlsx
28704546	Sheet1	B26A_160215				Chloramphenicol	=	8	S	pone.0181072.s001.xlsx
28704546	Sheet1	B26A_160215				Rifampicin			S	pone.0181072.s001.xlsx
28704546	Sheet1	B26A_160215				Trimethoprim/Sulfamethoxazole			S	pone.0181072.s001.xlsx
28704546	Sheet1	B26B_160215				Benzylpenicillin			R	pone.0181072.s001.xlsx
28704546	Sheet1	B26B_160215				Oxacillin	=	0.5	S	pone.0181072.s001.xlsx
28704546	Sheet1	B26B_160215				Gentamicin			S	pone.0181072.s001.xlsx
28704546	Sheet1	B26B_160215				Kanamycin			S	pone.0181072.s001.xlsx
28704546	Sheet1	B26B_160215				Tobramycin			S	pone.0181072.s001.xlsx
28704546	Sheet1	B26B_160215				Ciprofloxacin			S	pone.0181072.s001.xlsx
28704546	Sheet1	B26B_160215				Erythromycin	=	0.5	S	pone.0181072.s001.xlsx
28704546	Sheet1	B26B_160215				Clindamycin	=	0.25	S	pone.0181072.s001.xlsx
28704546	Sheet1	B26B_160215				Linezolid	=	2	S	pone.0181072.s001.xlsx
28704546	Sheet1	B26B_160215				Teicoplanin			S	pone.0181072.s001.xlsx
28704546	Sheet1	B26B_160215				Vancomycin			S	pone.0181072.s001.xlsx
28704546	Sheet1	B26B_160215				Tetracycline			R	pone.0181072.s001.xlsx
28704546	Sheet1	B26B_160215				Fosfomycin 			S	pone.0181072.s001.xlsx
28704546	Sheet1	B26B_160215				Fusidic Acid			S	pone.0181072.s001.xlsx
28704546	Sheet1	B26B_160215				Mupirocin			S	pone.0181072.s001.xlsx
28704546	Sheet1	B26B_160215				Chloramphenicol			R	pone.0181072.s001.xlsx
28704546	Sheet1	B26B_160215				Rifampicin			S	pone.0181072.s001.xlsx
28704546	Sheet1	B26B_160215				Trimethoprim/Sulfamethoxazole			S	pone.0181072.s001.xlsx
28704546	Sheet1	W27_050315				Benzylpenicillin			R	pone.0181072.s001.xlsx
28704546	Sheet1	W27_050315				Oxacillin	=	0.5	S	pone.0181072.s001.xlsx
28704546	Sheet1	W27_050315				Gentamicin			S	pone.0181072.s001.xlsx
28704546	Sheet1	W27_050315				Kanamycin			S	pone.0181072.s001.xlsx
28704546	Sheet1	W27_050315				Tobramycin			S	pone.0181072.s001.xlsx
28704546	Sheet1	W27_050315				Ciprofloxacin			S	pone.0181072.s001.xlsx
28704546	Sheet1	W27_050315				Erythromycin	=	1	S	pone.0181072.s001.xlsx
28704546	Sheet1	W27_050315				Clindamycin	=	0.25	S	pone.0181072.s001.xlsx
28704546	Sheet1	W27_050315				Linezolid	=	2	S	pone.0181072.s001.xlsx
28704546	Sheet1	W27_050315				Teicoplanin			S	pone.0181072.s001.xlsx
28704546	Sheet1	W27_050315				Vancomycin			S	pone.0181072.s001.xlsx
28704546	Sheet1	W27_050315				Tetracycline			S	pone.0181072.s001.xlsx
28704546	Sheet1	W27_050315				Fosfomycin 			S	pone.0181072.s001.xlsx
28704546	Sheet1	W27_050315				Fusidic Acid			S	pone.0181072.s001.xlsx
28704546	Sheet1	W27_050315				Mupirocin			S	pone.0181072.s001.xlsx
28704546	Sheet1	W27_050315				Chloramphenicol			S	pone.0181072.s001.xlsx
28704546	Sheet1	W27_050315				Rifampicin			S	pone.0181072.s001.xlsx
28704546	Sheet1	W27_050315				Trimethoprim/Sulfamethoxazole			R	pone.0181072.s001.xlsx
28704546	Sheet1	B28_120215				Benzylpenicillin			R	pone.0181072.s001.xlsx
28704546	Sheet1	B28_120215				Oxacillin	=	0.5	S	pone.0181072.s001.xlsx
28704546	Sheet1	B28_120215				Gentamicin			S	pone.0181072.s001.xlsx
28704546	Sheet1	B28_120215				Kanamycin			S	pone.0181072.s001.xlsx
28704546	Sheet1	B28_120215				Tobramycin			S	pone.0181072.s001.xlsx
28704546	Sheet1	B28_120215				Ciprofloxacin			S	pone.0181072.s001.xlsx
28704546	Sheet1	B28_120215				Erythromycin	=	1	S	pone.0181072.s001.xlsx
28704546	Sheet1	B28_120215				Clindamycin	=	0.25	S	pone.0181072.s001.xlsx
28704546	Sheet1	B28_120215				Linezolid	=	2	S	pone.0181072.s001.xlsx
28704546	Sheet1	B28_120215				Teicoplanin			S	pone.0181072.s001.xlsx
28704546	Sheet1	B28_120215				Vancomycin			S	pone.0181072.s001.xlsx
28704546	Sheet1	B28_120215				Tetracycline			S	pone.0181072.s001.xlsx
28704546	Sheet1	B28_120215				Fosfomycin 			S	pone.0181072.s001.xlsx
28704546	Sheet1	B28_120215				Fusidic Acid			S	pone.0181072.s001.xlsx
28704546	Sheet1	B28_120215				Mupirocin			S	pone.0181072.s001.xlsx
28704546	Sheet1	B28_120215				Chloramphenicol	=	8	S	pone.0181072.s001.xlsx
28704546	Sheet1	B28_120215				Rifampicin			S	pone.0181072.s001.xlsx
28704546	Sheet1	B28_120215				Trimethoprim/Sulfamethoxazole			S	pone.0181072.s001.xlsx
28704546	Sheet1	N31_250215				Benzylpenicillin			R	pone.0181072.s001.xlsx
28704546	Sheet1	N31_250215				Oxacillin	=	0.5	S	pone.0181072.s001.xlsx
28704546	Sheet1	N31_250215				Gentamicin			S	pone.0181072.s001.xlsx
28704546	Sheet1	N31_250215				Kanamycin			S	pone.0181072.s001.xlsx
28704546	Sheet1	N31_250215				Tobramycin			S	pone.0181072.s001.xlsx
28704546	Sheet1	N31_250215				Ciprofloxacin			S	pone.0181072.s001.xlsx
28704546	Sheet1	N31_250215				Erythromycin	=	1	S	pone.0181072.s001.xlsx
28704546	Sheet1	N31_250215				Clindamycin	=	0.25	S	pone.0181072.s001.xlsx
28704546	Sheet1	N31_250215				Linezolid	=	2	S	pone.0181072.s001.xlsx
28704546	Sheet1	N31_250215				Teicoplanin			S	pone.0181072.s001.xlsx
28704546	Sheet1	N31_250215				Vancomycin			S	pone.0181072.s001.xlsx
28704546	Sheet1	N31_250215				Tetracycline			R	pone.0181072.s001.xlsx
28704546	Sheet1	N31_250215				Fosfomycin 			S	pone.0181072.s001.xlsx
28704546	Sheet1	N31_250215				Fusidic Acid			S	pone.0181072.s001.xlsx
28704546	Sheet1	N31_250215				Mupirocin			S	pone.0181072.s001.xlsx
28704546	Sheet1	N31_250215				Chloramphenicol	=	8	S	pone.0181072.s001.xlsx
28704546	Sheet1	N31_250215				Rifampicin			S	pone.0181072.s001.xlsx
28704546	Sheet1	N31_250215				Trimethoprim/Sulfamethoxazole			R	pone.0181072.s001.xlsx
28704546	Sheet1	W31_250215				Benzylpenicillin			R	pone.0181072.s001.xlsx
28704546	Sheet1	W31_250215				Oxacillin			S	pone.0181072.s001.xlsx
28704546	Sheet1	W31_250215				Gentamicin			S	pone.0181072.s001.xlsx
28704546	Sheet1	W31_250215				Kanamycin			S	pone.0181072.s001.xlsx
28704546	Sheet1	W31_250215				Tobramycin			S	pone.0181072.s001.xlsx
28704546	Sheet1	W31_250215				Ciprofloxacin			S	pone.0181072.s001.xlsx
28704546	Sheet1	W31_250215				Erythromycin	=	1	S	pone.0181072.s001.xlsx
28704546	Sheet1	W31_250215				Clindamycin	=	0.25	S	pone.0181072.s001.xlsx
28704546	Sheet1	W31_250215				Linezolid	=	1	S	pone.0181072.s001.xlsx
28704546	Sheet1	W31_250215				Teicoplanin			S	pone.0181072.s001.xlsx
28704546	Sheet1	W31_250215				Vancomycin			S	pone.0181072.s001.xlsx
28704546	Sheet1	W31_250215				Tetracycline			R	pone.0181072.s001.xlsx
28704546	Sheet1	W31_250215				Fosfomycin 			S	pone.0181072.s001.xlsx
28704546	Sheet1	W31_250215				Fusidic Acid			S	pone.0181072.s001.xlsx
28704546	Sheet1	W31_250215				Mupirocin			S	pone.0181072.s001.xlsx
28704546	Sheet1	W31_250215				Chloramphenicol			R	pone.0181072.s001.xlsx
28704546	Sheet1	W31_250215				Rifampicin			R	pone.0181072.s001.xlsx
28704546	Sheet1	W31_250215				Trimethoprim/Sulfamethoxazole	=	160	R	pone.0181072.s001.xlsx
28704546	Sheet1	N32_250215				Benzylpenicillin			R	pone.0181072.s001.xlsx
28704546	Sheet1	N32_250215				Oxacillin	=	0.5	S	pone.0181072.s001.xlsx
28704546	Sheet1	N32_250215				Gentamicin			S	pone.0181072.s001.xlsx
28704546	Sheet1	N32_250215				Kanamycin			S	pone.0181072.s001.xlsx
28704546	Sheet1	N32_250215				Tobramycin			S	pone.0181072.s001.xlsx
28704546	Sheet1	N32_250215				Ciprofloxacin			S	pone.0181072.s001.xlsx
28704546	Sheet1	N32_250215				Erythromycin	=	1	S	pone.0181072.s001.xlsx
28704546	Sheet1	N32_250215				Clindamycin	=	0.25	S	pone.0181072.s001.xlsx
28704546	Sheet1	N32_250215				Linezolid	=	2	S	pone.0181072.s001.xlsx
28704546	Sheet1	N32_250215				Teicoplanin			S	pone.0181072.s001.xlsx
28704546	Sheet1	N32_250215				Vancomycin	=	1	S	pone.0181072.s001.xlsx
28704546	Sheet1	N32_250215				Tetracycline			S	pone.0181072.s001.xlsx
28704546	Sheet1	N32_250215				Fosfomycin 			S	pone.0181072.s001.xlsx
28704546	Sheet1	N32_250215				Fusidic Acid			S	pone.0181072.s001.xlsx
28704546	Sheet1	N32_250215				Mupirocin			S	pone.0181072.s001.xlsx
28704546	Sheet1	N32_250215				Chloramphenicol	=	8	S	pone.0181072.s001.xlsx
28704546	Sheet1	N32_250215				Rifampicin			S	pone.0181072.s001.xlsx
28704546	Sheet1	N32_250215				Trimethoprim/Sulfamethoxazole			R	pone.0181072.s001.xlsx
28704546	Sheet1	N34_260215				Benzylpenicillin			R	pone.0181072.s001.xlsx
28704546	Sheet1	N34_260215				Oxacillin	=	0.5	S	pone.0181072.s001.xlsx
28704546	Sheet1	N34_260215				Gentamicin			S	pone.0181072.s001.xlsx
28704546	Sheet1	N34_260215				Kanamycin			S	pone.0181072.s001.xlsx
28704546	Sheet1	N34_260215				Tobramycin			S	pone.0181072.s001.xlsx
28704546	Sheet1	N34_260215				Ciprofloxacin			S	pone.0181072.s001.xlsx
28704546	Sheet1	N34_260215				Erythromycin	=	1	S	pone.0181072.s001.xlsx
28704546	Sheet1	N34_260215				Clindamycin	=	0.25	S	pone.0181072.s001.xlsx
28704546	Sheet1	N34_260215				Linezolid	=	2	S	pone.0181072.s001.xlsx
28704546	Sheet1	N34_260215				Teicoplanin			S	pone.0181072.s001.xlsx
28704546	Sheet1	N34_260215				Vancomycin			S	pone.0181072.s001.xlsx
28704546	Sheet1	N34_260215				Tetracycline			R	pone.0181072.s001.xlsx
28704546	Sheet1	N34_260215				Fosfomycin 			S	pone.0181072.s001.xlsx
28704546	Sheet1	N34_260215				Fusidic Acid			S	pone.0181072.s001.xlsx
28704546	Sheet1	N34_260215				Mupirocin			S	pone.0181072.s001.xlsx
28704546	Sheet1	N34_260215				Chloramphenicol			R	pone.0181072.s001.xlsx
28704546	Sheet1	N34_260215				Rifampicin			S	pone.0181072.s001.xlsx
28704546	Sheet1	N34_260215				Trimethoprim/Sulfamethoxazole			R	pone.0181072.s001.xlsx
28704546	Sheet1	N35_200515				Cefoxitin screen			+	pone.0181072.s001.xlsx
28704546	Sheet1	N35_200515				Benzylpenicillin			R	pone.0181072.s001.xlsx
28704546	Sheet1	N35_200515				Oxacillin			R	pone.0181072.s001.xlsx
28704546	Sheet1	N35_200515				Gentamicin			R	pone.0181072.s001.xlsx
28704546	Sheet1	N35_200515				Kanamycin			R	pone.0181072.s001.xlsx
28704546	Sheet1	N35_200515				Tobramycin			R	pone.0181072.s001.xlsx
28704546	Sheet1	N35_200515				Ciprofloxacin			R	pone.0181072.s001.xlsx
28704546	Sheet1	N35_200515				Erythromycin	=	1	S	pone.0181072.s001.xlsx
28704546	Sheet1	N35_200515				Clindamycin	=	0.25	S	pone.0181072.s001.xlsx
28704546	Sheet1	N35_200515				Linezolid	=	2	S	pone.0181072.s001.xlsx
28704546	Sheet1	N35_200515				Teicoplanin			S	pone.0181072.s001.xlsx
28704546	Sheet1	N35_200515				Vancomycin			S	pone.0181072.s001.xlsx
28704546	Sheet1	N35_200515				Tetracycline			R	pone.0181072.s001.xlsx
28704546	Sheet1	N35_200515				Fosfomycin 			S	pone.0181072.s001.xlsx
28704546	Sheet1	N35_200515				Fusidic Acid			S	pone.0181072.s001.xlsx
28704546	Sheet1	N35_200515				Mupirocin			S	pone.0181072.s001.xlsx
28704546	Sheet1	N35_200515				Chloramphenicol			R	pone.0181072.s001.xlsx
28704546	Sheet1	N35_200515				Rifampicin			S	pone.0181072.s001.xlsx
28704546	Sheet1	N35_200515				Trimethoprim/Sulfamethoxazole			S	pone.0181072.s001.xlsx
28704546	Sheet1	N35_260215				Benzylpenicillin			R	pone.0181072.s001.xlsx
28704546	Sheet1	N35_260215				Oxacillin	=	0.5	S	pone.0181072.s001.xlsx
28704546	Sheet1	N35_260215				Gentamicin			S	pone.0181072.s001.xlsx
28704546	Sheet1	N35_260215				Kanamycin			S	pone.0181072.s001.xlsx
28704546	Sheet1	N35_260215				Tobramycin			S	pone.0181072.s001.xlsx
28704546	Sheet1	N35_260215				Ciprofloxacin			S	pone.0181072.s001.xlsx
28704546	Sheet1	N35_260215				Erythromycin	=	1	S	pone.0181072.s001.xlsx
28704546	Sheet1	N35_260215				Clindamycin	=	0.25	S	pone.0181072.s001.xlsx
28704546	Sheet1	N35_260215				Linezolid	=	2	S	pone.0181072.s001.xlsx
28704546	Sheet1	N35_260215				Teicoplanin			S	pone.0181072.s001.xlsx
28704546	Sheet1	N35_260215				Vancomycin			S	pone.0181072.s001.xlsx
28704546	Sheet1	N35_260215				Tetracycline			S	pone.0181072.s001.xlsx
28704546	Sheet1	N35_260215				Fosfomycin 			S	pone.0181072.s001.xlsx
28704546	Sheet1	N35_260215				Fusidic Acid			S	pone.0181072.s001.xlsx
28704546	Sheet1	N35_260215				Mupirocin			S	pone.0181072.s001.xlsx
28704546	Sheet1	N35_260215				Chloramphenicol	=	8	S	pone.0181072.s001.xlsx
28704546	Sheet1	N35_260215				Rifampicin			S	pone.0181072.s001.xlsx
28704546	Sheet1	N35_260215				Trimethoprim/Sulfamethoxazole			S	pone.0181072.s001.xlsx
28704546	Sheet1	W35_120315				Benzylpenicillin			R	pone.0181072.s001.xlsx
28704546	Sheet1	W35_120315				Oxacillin	=	1	S	pone.0181072.s001.xlsx
28704546	Sheet1	W35_120315				Gentamicin			S	pone.0181072.s001.xlsx
28704546	Sheet1	W35_120315				Kanamycin			S	pone.0181072.s001.xlsx
28704546	Sheet1	W35_120315				Tobramycin			S	pone.0181072.s001.xlsx
28704546	Sheet1	W35_120315				Ciprofloxacin			S	pone.0181072.s001.xlsx
28704546	Sheet1	W35_120315				Erythromycin	=	1	S	pone.0181072.s001.xlsx
28704546	Sheet1	W35_120315				Clindamycin	=	0.25	S	pone.0181072.s001.xlsx
28704546	Sheet1	W35_120315				Linezolid	=	2	S	pone.0181072.s001.xlsx
28704546	Sheet1	W35_120315				Teicoplanin			S	pone.0181072.s001.xlsx
28704546	Sheet1	W35_120315				Vancomycin			S	pone.0181072.s001.xlsx
28704546	Sheet1	W35_120315				Tetracycline			R	pone.0181072.s001.xlsx
28704546	Sheet1	W35_120315				Fosfomycin 			S	pone.0181072.s001.xlsx
28704546	Sheet1	W35_120315				Fusidic Acid			S	pone.0181072.s001.xlsx
28704546	Sheet1	W35_120315				Mupirocin			S	pone.0181072.s001.xlsx
28704546	Sheet1	W35_120315				Chloramphenicol	=	8	S	pone.0181072.s001.xlsx
28704546	Sheet1	W35_120315				Rifampicin			S	pone.0181072.s001.xlsx
28704546	Sheet1	W35_120315				Trimethoprim/Sulfamethoxazole			S	pone.0181072.s001.xlsx
28704546	Sheet1	W35_170415				Cefoxitin screen			+	pone.0181072.s001.xlsx
28704546	Sheet1	W35_170415				Benzylpenicillin			R	pone.0181072.s001.xlsx
28704546	Sheet1	W35_170415				Oxacillin			R	pone.0181072.s001.xlsx
28704546	Sheet1	W35_170415				Gentamicin			R	pone.0181072.s001.xlsx
28704546	Sheet1	W35_170415				Kanamycin			R	pone.0181072.s001.xlsx
28704546	Sheet1	W35_170415				Tobramycin			R	pone.0181072.s001.xlsx
28704546	Sheet1	W35_170415				Ciprofloxacin			R	pone.0181072.s001.xlsx
28704546	Sheet1	W35_170415				Erythromycin	=	1	S	pone.0181072.s001.xlsx
28704546	Sheet1	W35_170415				Clindamycin	=	0.25	S	pone.0181072.s001.xlsx
28704546	Sheet1	W35_170415				Linezolid	=	2	S	pone.0181072.s001.xlsx
28704546	Sheet1	W35_170415				Teicoplanin			S	pone.0181072.s001.xlsx
28704546	Sheet1	W35_170415				Vancomycin			S	pone.0181072.s001.xlsx
28704546	Sheet1	W35_170415				Tetracycline			R	pone.0181072.s001.xlsx
28704546	Sheet1	W35_170415				Fosfomycin 			S	pone.0181072.s001.xlsx
28704546	Sheet1	W35_170415				Fusidic Acid			S	pone.0181072.s001.xlsx
28704546	Sheet1	W35_170415				Mupirocin			S	pone.0181072.s001.xlsx
28704546	Sheet1	W35_170415				Chloramphenicol			R	pone.0181072.s001.xlsx
28704546	Sheet1	W35_170415				Rifampicin			S	pone.0181072.s001.xlsx
28704546	Sheet1	W35_170415				Trimethoprim/Sulfamethoxazole			S	pone.0181072.s001.xlsx
28704546	Sheet1	W35_200515				Cefoxitin screen			+	pone.0181072.s001.xlsx
28704546	Sheet1	W35_200515				Benzylpenicillin			R	pone.0181072.s001.xlsx
28704546	Sheet1	W35_200515				Oxacillin			R	pone.0181072.s001.xlsx
28704546	Sheet1	W35_200515				Gentamicin			R	pone.0181072.s001.xlsx
28704546	Sheet1	W35_200515				Kanamycin			R	pone.0181072.s001.xlsx
28704546	Sheet1	W35_200515				Tobramycin			R	pone.0181072.s001.xlsx
28704546	Sheet1	W35_200515				Ciprofloxacin			R	pone.0181072.s001.xlsx
28704546	Sheet1	W35_200515				Erythromycin	=	1	S	pone.0181072.s001.xlsx
28704546	Sheet1	W35_200515				Clindamycin	=	0.25	S	pone.0181072.s001.xlsx
28704546	Sheet1	W35_200515				Linezolid	=	2	S	pone.0181072.s001.xlsx
28704546	Sheet1	W35_200515				Teicoplanin			S	pone.0181072.s001.xlsx
28704546	Sheet1	W35_200515				Vancomycin			S	pone.0181072.s001.xlsx
28704546	Sheet1	W35_200515				Tetracycline			R	pone.0181072.s001.xlsx
28704546	Sheet1	W35_200515				Fosfomycin 			S	pone.0181072.s001.xlsx
28704546	Sheet1	W35_200515				Fusidic Acid			S	pone.0181072.s001.xlsx
28704546	Sheet1	W35_200515				Mupirocin			S	pone.0181072.s001.xlsx
28704546	Sheet1	W35_200515				Chloramphenicol			R	pone.0181072.s001.xlsx
28704546	Sheet1	W35_200515				Rifampicin			S	pone.0181072.s001.xlsx
28704546	Sheet1	W35_200515				Trimethoprim/Sulfamethoxazole			S	pone.0181072.s001.xlsx
28704546	Sheet1	N36_040315				Benzylpenicillin			R	pone.0181072.s001.xlsx
28704546	Sheet1	N36_040315				Oxacillin	=	0.5	S	pone.0181072.s001.xlsx
28704546	Sheet1	N36_040315				Gentamicin			S	pone.0181072.s001.xlsx
28704546	Sheet1	N36_040315				Kanamycin			S	pone.0181072.s001.xlsx
28704546	Sheet1	N36_040315				Tobramycin			S	pone.0181072.s001.xlsx
28704546	Sheet1	N36_040315				Ciprofloxacin			S	pone.0181072.s001.xlsx
28704546	Sheet1	N36_040315				Erythromycin	=	1	S	pone.0181072.s001.xlsx
28704546	Sheet1	N36_040315				Clindamycin	=	0.25	S	pone.0181072.s001.xlsx
28704546	Sheet1	N36_040315				Linezolid	=	2	S	pone.0181072.s001.xlsx
28704546	Sheet1	N36_040315				Teicoplanin			S	pone.0181072.s001.xlsx
28704546	Sheet1	N36_040315				Vancomycin			S	pone.0181072.s001.xlsx
28704546	Sheet1	N36_040315				Tetracycline			R	pone.0181072.s001.xlsx
28704546	Sheet1	N36_040315				Fosfomycin 			S	pone.0181072.s001.xlsx
28704546	Sheet1	N36_040315				Fusidic Acid			S	pone.0181072.s001.xlsx
28704546	Sheet1	N36_040315				Mupirocin			S	pone.0181072.s001.xlsx
28704546	Sheet1	N36_040315				Chloramphenicol	=	8	S	pone.0181072.s001.xlsx
28704546	Sheet1	N36_040315				Rifampicin			S	pone.0181072.s001.xlsx
28704546	Sheet1	N36_040315				Trimethoprim/Sulfamethoxazole			R	pone.0181072.s001.xlsx
28704546	Sheet1	N37_040315				Benzylpenicillin			R	pone.0181072.s001.xlsx
28704546	Sheet1	N37_040315				Oxacillin	=	0.5	S	pone.0181072.s001.xlsx
28704546	Sheet1	N37_040315				Gentamicin			S	pone.0181072.s001.xlsx
28704546	Sheet1	N37_040315				Kanamycin			S	pone.0181072.s001.xlsx
28704546	Sheet1	N37_040315				Tobramycin			S	pone.0181072.s001.xlsx
28704546	Sheet1	N37_040315				Ciprofloxacin			S	pone.0181072.s001.xlsx
28704546	Sheet1	N37_040315				Erythromycin	=	1	S	pone.0181072.s001.xlsx
28704546	Sheet1	N37_040315				Clindamycin	=	0.25	S	pone.0181072.s001.xlsx
28704546	Sheet1	N37_040315				Linezolid	=	2	S	pone.0181072.s001.xlsx
28704546	Sheet1	N37_040315				Teicoplanin			S	pone.0181072.s001.xlsx
28704546	Sheet1	N37_040315				Vancomycin	=	1	S	pone.0181072.s001.xlsx
28704546	Sheet1	N37_040315				Tetracycline			R	pone.0181072.s001.xlsx
28704546	Sheet1	N37_040315				Fosfomycin 			S	pone.0181072.s001.xlsx
28704546	Sheet1	N37_040315				Fusidic Acid			S	pone.0181072.s001.xlsx
28704546	Sheet1	N37_040315				Mupirocin			S	pone.0181072.s001.xlsx
28704546	Sheet1	N37_040315				Chloramphenicol			R	pone.0181072.s001.xlsx
28704546	Sheet1	N37_040315				Rifampicin			S	pone.0181072.s001.xlsx
28704546	Sheet1	N37_040315				Trimethoprim/Sulfamethoxazole			R	pone.0181072.s001.xlsx
28704546	Sheet1	N38_040315				Benzylpenicillin			R	pone.0181072.s001.xlsx
28704546	Sheet1	N38_040315				Oxacillin	=	0.5	S	pone.0181072.s001.xlsx
28704546	Sheet1	N38_040315				Gentamicin			S	pone.0181072.s001.xlsx
28704546	Sheet1	N38_040315				Kanamycin			S	pone.0181072.s001.xlsx
28704546	Sheet1	N38_040315				Tobramycin			S	pone.0181072.s001.xlsx
28704546	Sheet1	N38_040315				Ciprofloxacin			S	pone.0181072.s001.xlsx
28704546	Sheet1	N38_040315				Erythromycin	=	1	S	pone.0181072.s001.xlsx
28704546	Sheet1	N38_040315				Clindamycin	=	0.25	S	pone.0181072.s001.xlsx
28704546	Sheet1	N38_040315				Linezolid	=	2	S	pone.0181072.s001.xlsx
28704546	Sheet1	N38_040315				Teicoplanin			S	pone.0181072.s001.xlsx
28704546	Sheet1	N38_040315				Vancomycin			S	pone.0181072.s001.xlsx
28704546	Sheet1	N38_040315				Tetracycline			S	pone.0181072.s001.xlsx
28704546	Sheet1	N38_040315				Fosfomycin 			S	pone.0181072.s001.xlsx
28704546	Sheet1	N38_040315				Fusidic Acid			S	pone.0181072.s001.xlsx
28704546	Sheet1	N38_040315				Mupirocin			S	pone.0181072.s001.xlsx
28704546	Sheet1	N38_040315				Chloramphenicol			S	pone.0181072.s001.xlsx
28704546	Sheet1	N38_040315				Rifampicin			S	pone.0181072.s001.xlsx
28704546	Sheet1	N38_040315				Trimethoprim/Sulfamethoxazole			R	pone.0181072.s001.xlsx
28704546	Sheet1	N41_240315				Benzylpenicillin			R	pone.0181072.s001.xlsx
28704546	Sheet1	N41_240315				Oxacillin			S	pone.0181072.s001.xlsx
28704546	Sheet1	N41_240315				Gentamicin			S	pone.0181072.s001.xlsx
28704546	Sheet1	N41_240315				Kanamycin			S	pone.0181072.s001.xlsx
28704546	Sheet1	N41_240315				Tobramycin			S	pone.0181072.s001.xlsx
28704546	Sheet1	N41_240315				Ciprofloxacin			S	pone.0181072.s001.xlsx
28704546	Sheet1	N41_240315				Erythromycin	=	1	S	pone.0181072.s001.xlsx
28704546	Sheet1	N41_240315				Clindamycin	=	0.25	S	pone.0181072.s001.xlsx
28704546	Sheet1	N41_240315				Linezolid	=	2	S	pone.0181072.s001.xlsx
28704546	Sheet1	N41_240315				Teicoplanin			S	pone.0181072.s001.xlsx
28704546	Sheet1	N41_240315				Vancomycin			S	pone.0181072.s001.xlsx
28704546	Sheet1	N41_240315				Tetracycline			S	pone.0181072.s001.xlsx
28704546	Sheet1	N41_240315				Fosfomycin 			S	pone.0181072.s001.xlsx
28704546	Sheet1	N41_240315				Fusidic Acid			S	pone.0181072.s001.xlsx
28704546	Sheet1	N41_240315				Mupirocin			S	pone.0181072.s001.xlsx
28704546	Sheet1	N41_240315				Chloramphenicol	=	8	S	pone.0181072.s001.xlsx
28704546	Sheet1	N41_240315				Rifampicin			S	pone.0181072.s001.xlsx
28704546	Sheet1	N41_240315				Trimethoprim/Sulfamethoxazole			R	pone.0181072.s001.xlsx
28704546	Sheet1	W42_230315				Benzylpenicillin			R	pone.0181072.s001.xlsx
28704546	Sheet1	W42_230315				Oxacillin	=	0.5	S	pone.0181072.s001.xlsx
28704546	Sheet1	W42_230315				Gentamicin			S	pone.0181072.s001.xlsx
28704546	Sheet1	W42_230315				Kanamycin			S	pone.0181072.s001.xlsx
28704546	Sheet1	W42_230315				Tobramycin			S	pone.0181072.s001.xlsx
28704546	Sheet1	W42_230315				Ciprofloxacin			S	pone.0181072.s001.xlsx
28704546	Sheet1	W42_230315				Erythromycin	=	1	S	pone.0181072.s001.xlsx
28704546	Sheet1	W42_230315				Clindamycin	=	0.25	S	pone.0181072.s001.xlsx
28704546	Sheet1	W42_230315				Linezolid	=	2	S	pone.0181072.s001.xlsx
28704546	Sheet1	W42_230315				Teicoplanin			S	pone.0181072.s001.xlsx
28704546	Sheet1	W42_230315				Vancomycin			S	pone.0181072.s001.xlsx
28704546	Sheet1	W42_230315				Tetracycline			R	pone.0181072.s001.xlsx
28704546	Sheet1	W42_230315				Fosfomycin 			S	pone.0181072.s001.xlsx
28704546	Sheet1	W42_230315				Fusidic Acid			S	pone.0181072.s001.xlsx
28704546	Sheet1	W42_230315				Mupirocin			S	pone.0181072.s001.xlsx
28704546	Sheet1	W42_230315				Chloramphenicol	=	8	S	pone.0181072.s001.xlsx
28704546	Sheet1	W42_230315				Rifampicin			S	pone.0181072.s001.xlsx
28704546	Sheet1	W42_230315				Trimethoprim/Sulfamethoxazole			S	pone.0181072.s001.xlsx
28704546	Sheet1	W43_010415				Cefoxitin screen			+	pone.0181072.s001.xlsx
28704546	Sheet1	W43_010415				Benzylpenicillin			R	pone.0181072.s001.xlsx
28704546	Sheet1	W43_010415				Oxacillin			R	pone.0181072.s001.xlsx
28704546	Sheet1	W43_010415				Gentamicin			R	pone.0181072.s001.xlsx
28704546	Sheet1	W43_010415				Kanamycin			R	pone.0181072.s001.xlsx
28704546	Sheet1	W43_010415				Tobramycin	=	8	R	pone.0181072.s001.xlsx
28704546	Sheet1	W43_010415				Ciprofloxacin			R	pone.0181072.s001.xlsx
28704546	Sheet1	W43_010415				Erythromycin	=	1	S	pone.0181072.s001.xlsx
28704546	Sheet1	W43_010415				Clindamycin	=	0.25	S	pone.0181072.s001.xlsx
28704546	Sheet1	W43_010415				Linezolid	=	2	S	pone.0181072.s001.xlsx
28704546	Sheet1	W43_010415				Teicoplanin			S	pone.0181072.s001.xlsx
28704546	Sheet1	W43_010415				Vancomycin			S	pone.0181072.s001.xlsx
28704546	Sheet1	W43_010415				Tetracycline			R	pone.0181072.s001.xlsx
28704546	Sheet1	W43_010415				Fosfomycin 			S	pone.0181072.s001.xlsx
28704546	Sheet1	W43_010415				Fusidic Acid			S	pone.0181072.s001.xlsx
28704546	Sheet1	W43_010415				Mupirocin			S	pone.0181072.s001.xlsx
28704546	Sheet1	W43_010415				Chloramphenicol			R	pone.0181072.s001.xlsx
28704546	Sheet1	W43_010415				Rifampicin			S	pone.0181072.s001.xlsx
28704546	Sheet1	W43_010415				Trimethoprim/Sulfamethoxazole			S	pone.0181072.s001.xlsx
28704546	Sheet1	N44_080415				Benzylpenicillin			R	pone.0181072.s001.xlsx
28704546	Sheet1	N44_080415				Oxacillin			S	pone.0181072.s001.xlsx
28704546	Sheet1	N44_080415				Gentamicin			S	pone.0181072.s001.xlsx
28704546	Sheet1	N44_080415				Kanamycin			S	pone.0181072.s001.xlsx
28704546	Sheet1	N44_080415				Tobramycin			S	pone.0181072.s001.xlsx
28704546	Sheet1	N44_080415				Ciprofloxacin			S	pone.0181072.s001.xlsx
28704546	Sheet1	N44_080415				Erythromycin	=	1	S	pone.0181072.s001.xlsx
28704546	Sheet1	N44_080415				Clindamycin	=	0.25	S	pone.0181072.s001.xlsx
28704546	Sheet1	N44_080415				Linezolid	=	2	S	pone.0181072.s001.xlsx
28704546	Sheet1	N44_080415				Teicoplanin			S	pone.0181072.s001.xlsx
28704546	Sheet1	N44_080415				Vancomycin			S	pone.0181072.s001.xlsx
28704546	Sheet1	N44_080415				Tetracycline			S	pone.0181072.s001.xlsx
28704546	Sheet1	N44_080415				Fosfomycin 	=	16	S	pone.0181072.s001.xlsx
28704546	Sheet1	N44_080415				Fusidic Acid			S	pone.0181072.s001.xlsx
28704546	Sheet1	N44_080415				Mupirocin			S	pone.0181072.s001.xlsx
28704546	Sheet1	N44_080415				Chloramphenicol			R	pone.0181072.s001.xlsx
28704546	Sheet1	N44_080415				Rifampicin			S	pone.0181072.s001.xlsx
28704546	Sheet1	N44_080415				Trimethoprim/Sulfamethoxazole			R	pone.0181072.s001.xlsx
28704546	Sheet1	N45_090415				Benzylpenicillin			R	pone.0181072.s001.xlsx
28704546	Sheet1	N45_090415				Oxacillin			S	pone.0181072.s001.xlsx
28704546	Sheet1	N45_090415				Gentamicin			S	pone.0181072.s001.xlsx
28704546	Sheet1	N45_090415				Kanamycin			S	pone.0181072.s001.xlsx
28704546	Sheet1	N45_090415				Tobramycin			S	pone.0181072.s001.xlsx
28704546	Sheet1	N45_090415				Ciprofloxacin			S	pone.0181072.s001.xlsx
28704546	Sheet1	N45_090415				Erythromycin	=	1	S	pone.0181072.s001.xlsx
28704546	Sheet1	N45_090415				Clindamycin	=	0.25	S	pone.0181072.s001.xlsx
28704546	Sheet1	N45_090415				Linezolid	=	2	S	pone.0181072.s001.xlsx
28704546	Sheet1	N45_090415				Teicoplanin			S	pone.0181072.s001.xlsx
28704546	Sheet1	N45_090415				Vancomycin	=	1	S	pone.0181072.s001.xlsx
28704546	Sheet1	N45_090415				Tetracycline			S	pone.0181072.s001.xlsx
28704546	Sheet1	N45_090415				Fosfomycin 			S	pone.0181072.s001.xlsx
28704546	Sheet1	N45_090415				Fusidic Acid			S	pone.0181072.s001.xlsx
28704546	Sheet1	N45_090415				Mupirocin			S	pone.0181072.s001.xlsx
28704546	Sheet1	N45_090415				Chloramphenicol	=	8	S	pone.0181072.s001.xlsx
28704546	Sheet1	N45_090415				Rifampicin			S	pone.0181072.s001.xlsx
28704546	Sheet1	N45_090415				Trimethoprim/Sulfamethoxazole			S	pone.0181072.s001.xlsx
28704546	Sheet1	N46_140415				Benzylpenicillin			R	pone.0181072.s001.xlsx
28704546	Sheet1	N46_140415				Oxacillin	=	0.5	S	pone.0181072.s001.xlsx
28704546	Sheet1	N46_140415				Gentamicin			S	pone.0181072.s001.xlsx
28704546	Sheet1	N46_140415				Kanamycin			S	pone.0181072.s001.xlsx
28704546	Sheet1	N46_140415				Tobramycin			S	pone.0181072.s001.xlsx
28704546	Sheet1	N46_140415				Ciprofloxacin			S	pone.0181072.s001.xlsx
28704546	Sheet1	N46_140415				Erythromycin	=	1	S	pone.0181072.s001.xlsx
28704546	Sheet1	N46_140415				Clindamycin	=	0.25	S	pone.0181072.s001.xlsx
28704546	Sheet1	N46_140415				Linezolid	=	2	S	pone.0181072.s001.xlsx
28704546	Sheet1	N46_140415				Teicoplanin			S	pone.0181072.s001.xlsx
28704546	Sheet1	N46_140415				Vancomycin			S	pone.0181072.s001.xlsx
28704546	Sheet1	N46_140415				Tetracycline			S	pone.0181072.s001.xlsx
28704546	Sheet1	N46_140415				Fosfomycin 			S	pone.0181072.s001.xlsx
28704546	Sheet1	N46_140415				Fusidic Acid			S	pone.0181072.s001.xlsx
28704546	Sheet1	N46_140415				Mupirocin			S	pone.0181072.s001.xlsx
28704546	Sheet1	N46_140415				Chloramphenicol	=	8	S	pone.0181072.s001.xlsx
28704546	Sheet1	N46_140415				Rifampicin			S	pone.0181072.s001.xlsx
28704546	Sheet1	N46_140415				Trimethoprim/Sulfamethoxazole			S	pone.0181072.s001.xlsx
28704546	Sheet1	W46_140415				Benzylpenicillin			R	pone.0181072.s001.xlsx
28704546	Sheet1	W46_140415				Oxacillin	=	0.5	S	pone.0181072.s001.xlsx
28704546	Sheet1	W46_140415				Gentamicin			S	pone.0181072.s001.xlsx
28704546	Sheet1	W46_140415				Kanamycin			S	pone.0181072.s001.xlsx
28704546	Sheet1	W46_140415				Tobramycin			S	pone.0181072.s001.xlsx
28704546	Sheet1	W46_140415				Ciprofloxacin			S	pone.0181072.s001.xlsx
28704546	Sheet1	W46_140415				Erythromycin	=	0.5	S	pone.0181072.s001.xlsx
28704546	Sheet1	W46_140415				Clindamycin	=	0.25	S	pone.0181072.s001.xlsx
28704546	Sheet1	W46_140415				Linezolid	=	2	S	pone.0181072.s001.xlsx
28704546	Sheet1	W46_140415				Teicoplanin			S	pone.0181072.s001.xlsx
28704546	Sheet1	W46_140415				Vancomycin			S	pone.0181072.s001.xlsx
28704546	Sheet1	W46_140415				Tetracycline			S	pone.0181072.s001.xlsx
28704546	Sheet1	W46_140415				Fosfomycin 			S	pone.0181072.s001.xlsx
28704546	Sheet1	W46_140415				Fusidic Acid			S	pone.0181072.s001.xlsx
28704546	Sheet1	W46_140415				Mupirocin			S	pone.0181072.s001.xlsx
28704546	Sheet1	W46_140415				Chloramphenicol	=	8	S	pone.0181072.s001.xlsx
28704546	Sheet1	W46_140415				Rifampicin			S	pone.0181072.s001.xlsx
28704546	Sheet1	W46_140415				Trimethoprim/Sulfamethoxazole			S	pone.0181072.s001.xlsx
28704546	Sheet1	W47_060515				Benzylpenicillin			R	pone.0181072.s001.xlsx
28704546	Sheet1	W47_060515				Oxacillin	=	0.5	S	pone.0181072.s001.xlsx
28704546	Sheet1	W47_060515				Gentamicin			S	pone.0181072.s001.xlsx
28704546	Sheet1	W47_060515				Kanamycin			S	pone.0181072.s001.xlsx
28704546	Sheet1	W47_060515				Tobramycin			S	pone.0181072.s001.xlsx
28704546	Sheet1	W47_060515				Ciprofloxacin			S	pone.0181072.s001.xlsx
28704546	Sheet1	W47_060515				Erythromycin	=	1	S	pone.0181072.s001.xlsx
28704546	Sheet1	W47_060515				Clindamycin	=	0.25	S	pone.0181072.s001.xlsx
28704546	Sheet1	W47_060515				Linezolid	=	2	S	pone.0181072.s001.xlsx
28704546	Sheet1	W47_060515				Teicoplanin			S	pone.0181072.s001.xlsx
28704546	Sheet1	W47_060515				Vancomycin			S	pone.0181072.s001.xlsx
28704546	Sheet1	W47_060515				Tetracycline			S	pone.0181072.s001.xlsx
28704546	Sheet1	W47_060515				Fosfomycin 			S	pone.0181072.s001.xlsx
28704546	Sheet1	W47_060515				Fusidic Acid			S	pone.0181072.s001.xlsx
28704546	Sheet1	W47_060515				Mupirocin			S	pone.0181072.s001.xlsx
28704546	Sheet1	W47_060515				Chloramphenicol	=	8	S	pone.0181072.s001.xlsx
28704546	Sheet1	W47_060515				Rifampicin			S	pone.0181072.s001.xlsx
28704546	Sheet1	W47_060515				Trimethoprim/Sulfamethoxazole			S	pone.0181072.s001.xlsx
28704546	Sheet1	W49_290415				Benzylpenicillin			R	pone.0181072.s001.xlsx
28704546	Sheet1	W49_290415				Oxacillin			S	pone.0181072.s001.xlsx
28704546	Sheet1	W49_290415				Gentamicin			S	pone.0181072.s001.xlsx
28704546	Sheet1	W49_290415				Kanamycin			S	pone.0181072.s001.xlsx
28704546	Sheet1	W49_290415				Tobramycin			S	pone.0181072.s001.xlsx
28704546	Sheet1	W49_290415				Ciprofloxacin			S	pone.0181072.s001.xlsx
28704546	Sheet1	W49_290415				Erythromycin	=	1	S	pone.0181072.s001.xlsx
28704546	Sheet1	W49_290415				Clindamycin	=	0.25	S	pone.0181072.s001.xlsx
28704546	Sheet1	W49_290415				Linezolid	=	2	S	pone.0181072.s001.xlsx
28704546	Sheet1	W49_290415				Teicoplanin			S	pone.0181072.s001.xlsx
28704546	Sheet1	W49_290415				Vancomycin	=	1	S	pone.0181072.s001.xlsx
28704546	Sheet1	W49_290415				Tetracycline			S	pone.0181072.s001.xlsx
28704546	Sheet1	W49_290415				Fosfomycin 			S	pone.0181072.s001.xlsx
28704546	Sheet1	W49_290415				Fusidic Acid			S	pone.0181072.s001.xlsx
28704546	Sheet1	W49_290415				Mupirocin			S	pone.0181072.s001.xlsx
28704546	Sheet1	W49_290415				Chloramphenicol			R	pone.0181072.s001.xlsx
28704546	Sheet1	W49_290415				Rifampicin			S	pone.0181072.s001.xlsx
28704546	Sheet1	W49_290415				Trimethoprim/Sulfamethoxazole			S	pone.0181072.s001.xlsx
28704546	Sheet1	N51_200515				Cefoxitin screen			+	pone.0181072.s001.xlsx
28704546	Sheet1	N51_200515				Benzylpenicillin			R	pone.0181072.s001.xlsx
28704546	Sheet1	N51_200515				Oxacillin			R	pone.0181072.s001.xlsx
28704546	Sheet1	N51_200515				Gentamicin			R	pone.0181072.s001.xlsx
28704546	Sheet1	N51_200515				Kanamycin			R	pone.0181072.s001.xlsx
28704546	Sheet1	N51_200515				Tobramycin			R	pone.0181072.s001.xlsx
28704546	Sheet1	N51_200515				Ciprofloxacin			R	pone.0181072.s001.xlsx
28704546	Sheet1	N51_200515				Erythromycin	=	1	S	pone.0181072.s001.xlsx
28704546	Sheet1	N51_200515				Clindamycin	=	0.25	S	pone.0181072.s001.xlsx
28704546	Sheet1	N51_200515				Linezolid	=	2	S	pone.0181072.s001.xlsx
28704546	Sheet1	N51_200515				Teicoplanin			S	pone.0181072.s001.xlsx
28704546	Sheet1	N51_200515				Vancomycin			S	pone.0181072.s001.xlsx
28704546	Sheet1	N51_200515				Tetracycline			R	pone.0181072.s001.xlsx
28704546	Sheet1	N51_200515				Fosfomycin 			S	pone.0181072.s001.xlsx
28704546	Sheet1	N51_200515				Fusidic Acid			S	pone.0181072.s001.xlsx
28704546	Sheet1	N51_200515				Mupirocin			S	pone.0181072.s001.xlsx
28704546	Sheet1	N51_200515				Chloramphenicol			R	pone.0181072.s001.xlsx
28704546	Sheet1	N51_200515				Rifampicin			S	pone.0181072.s001.xlsx
28704546	Sheet1	N51_200515				Trimethoprim/Sulfamethoxazole			S	pone.0181072.s001.xlsx
28704546	Sheet1	W51_290415				Benzylpenicillin			R	pone.0181072.s001.xlsx
28704546	Sheet1	W51_290415				Oxacillin	=	0.5	S	pone.0181072.s001.xlsx
28704546	Sheet1	W51_290415				Gentamicin			S	pone.0181072.s001.xlsx
28704546	Sheet1	W51_290415				Kanamycin			S	pone.0181072.s001.xlsx
28704546	Sheet1	W51_290415				Tobramycin			S	pone.0181072.s001.xlsx
28704546	Sheet1	W51_290415				Ciprofloxacin			S	pone.0181072.s001.xlsx
28704546	Sheet1	W51_290415				Erythromycin	=	1	S	pone.0181072.s001.xlsx
28704546	Sheet1	W51_290415				Clindamycin	=	0.25	S	pone.0181072.s001.xlsx
28704546	Sheet1	W51_290415				Linezolid	=	2	S	pone.0181072.s001.xlsx
28704546	Sheet1	W51_290415				Teicoplanin			S	pone.0181072.s001.xlsx
28704546	Sheet1	W51_290415				Vancomycin			S	pone.0181072.s001.xlsx
28704546	Sheet1	W51_290415				Tetracycline			R	pone.0181072.s001.xlsx
28704546	Sheet1	W51_290415				Fosfomycin 			S	pone.0181072.s001.xlsx
28704546	Sheet1	W51_290415				Fusidic Acid			S	pone.0181072.s001.xlsx
28704546	Sheet1	W51_290415				Mupirocin			S	pone.0181072.s001.xlsx
28704546	Sheet1	W51_290415				Chloramphenicol	=	8	S	pone.0181072.s001.xlsx
28704546	Sheet1	W51_290415				Rifampicin			S	pone.0181072.s001.xlsx
28704546	Sheet1	W51_290415				Trimethoprim/Sulfamethoxazole			S	pone.0181072.s001.xlsx
28704546	Sheet1	N53_050515				Benzylpenicillin			R	pone.0181072.s001.xlsx
28704546	Sheet1	N53_050515				Oxacillin	=	0.5	S	pone.0181072.s001.xlsx
28704546	Sheet1	N53_050515				Gentamicin			S	pone.0181072.s001.xlsx
28704546	Sheet1	N53_050515				Kanamycin			S	pone.0181072.s001.xlsx
28704546	Sheet1	N53_050515				Tobramycin			S	pone.0181072.s001.xlsx
28704546	Sheet1	N53_050515				Ciprofloxacin			S	pone.0181072.s001.xlsx
28704546	Sheet1	N53_050515				Erythromycin	=	1	S	pone.0181072.s001.xlsx
28704546	Sheet1	N53_050515				Clindamycin	=	0.25	S	pone.0181072.s001.xlsx
28704546	Sheet1	N53_050515				Linezolid	=	2	S	pone.0181072.s001.xlsx
28704546	Sheet1	N53_050515				Teicoplanin			S	pone.0181072.s001.xlsx
28704546	Sheet1	N53_050515				Vancomycin	=	1	S	pone.0181072.s001.xlsx
28704546	Sheet1	N53_050515				Tetracycline			R	pone.0181072.s001.xlsx
28704546	Sheet1	N53_050515				Fosfomycin 			S	pone.0181072.s001.xlsx
28704546	Sheet1	N53_050515				Fusidic Acid			S	pone.0181072.s001.xlsx
28704546	Sheet1	N53_050515				Mupirocin			S	pone.0181072.s001.xlsx
28704546	Sheet1	N53_050515				Chloramphenicol			R	pone.0181072.s001.xlsx
28704546	Sheet1	N53_050515				Rifampicin			S	pone.0181072.s001.xlsx
28704546	Sheet1	N53_050515				Trimethoprim/Sulfamethoxazole			R	pone.0181072.s001.xlsx
28704546	Sheet1	W54_110515				Benzylpenicillin			R	pone.0181072.s001.xlsx
28704546	Sheet1	W54_110515				Oxacillin	=	0.5	S	pone.0181072.s001.xlsx
28704546	Sheet1	W54_110515				Gentamicin			S	pone.0181072.s001.xlsx
28704546	Sheet1	W54_110515				Kanamycin			S	pone.0181072.s001.xlsx
28704546	Sheet1	W54_110515				Tobramycin			S	pone.0181072.s001.xlsx
28704546	Sheet1	W54_110515				Ciprofloxacin			S	pone.0181072.s001.xlsx
28704546	Sheet1	W54_110515				Erythromycin	=	1	S	pone.0181072.s001.xlsx
28704546	Sheet1	W54_110515				Clindamycin	=	0.25	S	pone.0181072.s001.xlsx
28704546	Sheet1	W54_110515				Linezolid	=	2	S	pone.0181072.s001.xlsx
28704546	Sheet1	W54_110515				Teicoplanin			S	pone.0181072.s001.xlsx
28704546	Sheet1	W54_110515				Vancomycin			S	pone.0181072.s001.xlsx
28704546	Sheet1	W54_110515				Tetracycline			R	pone.0181072.s001.xlsx
28704546	Sheet1	W54_110515				Fosfomycin 			S	pone.0181072.s001.xlsx
28704546	Sheet1	W54_110515				Fusidic Acid			S	pone.0181072.s001.xlsx
28704546	Sheet1	W54_110515				Mupirocin			S	pone.0181072.s001.xlsx
28704546	Sheet1	W54_110515				Chloramphenicol	=	8	S	pone.0181072.s001.xlsx
28704546	Sheet1	W54_110515				Rifampicin			S	pone.0181072.s001.xlsx
28704546	Sheet1	W54_110515				Trimethoprim/Sulfamethoxazole			S	pone.0181072.s001.xlsx
28704546	Sheet1	N55_130515				Cefoxitin screen			+	pone.0181072.s001.xlsx
28704546	Sheet1	N55_130515				Benzylpenicillin			R	pone.0181072.s001.xlsx
28704546	Sheet1	N55_130515				Oxacillin			R	pone.0181072.s001.xlsx
28704546	Sheet1	N55_130515				Gentamicin			R	pone.0181072.s001.xlsx
28704546	Sheet1	N55_130515				Kanamycin			R	pone.0181072.s001.xlsx
28704546	Sheet1	N55_130515				Tobramycin			R	pone.0181072.s001.xlsx
28704546	Sheet1	N55_130515				Ciprofloxacin			R	pone.0181072.s001.xlsx
28704546	Sheet1	N55_130515				Erythromycin	=	1	S	pone.0181072.s001.xlsx
28704546	Sheet1	N55_130515				Clindamycin	=	0.25	S	pone.0181072.s001.xlsx
28704546	Sheet1	N55_130515				Linezolid	=	2	S	pone.0181072.s001.xlsx
28704546	Sheet1	N55_130515				Teicoplanin			S	pone.0181072.s001.xlsx
28704546	Sheet1	N55_130515				Vancomycin			S	pone.0181072.s001.xlsx
28704546	Sheet1	N55_130515				Tetracycline			R	pone.0181072.s001.xlsx
28704546	Sheet1	N55_130515				Fosfomycin 			S	pone.0181072.s001.xlsx
28704546	Sheet1	N55_130515				Fusidic Acid			S	pone.0181072.s001.xlsx
28704546	Sheet1	N55_130515				Mupirocin			S	pone.0181072.s001.xlsx
28704546	Sheet1	N55_130515				Chloramphenicol			R	pone.0181072.s001.xlsx
28704546	Sheet1	N55_130515				Rifampicin			S	pone.0181072.s001.xlsx
28704546	Sheet1	N55_130515				Trimethoprim/Sulfamethoxazole			S	pone.0181072.s001.xlsx
28704546	Sheet1	W55_130515				Benzylpenicillin			R	pone.0181072.s001.xlsx
28704546	Sheet1	W55_130515				Oxacillin	=	0.5	S	pone.0181072.s001.xlsx
28704546	Sheet1	W55_130515				Gentamicin			S	pone.0181072.s001.xlsx
28704546	Sheet1	W55_130515				Kanamycin			S	pone.0181072.s001.xlsx
28704546	Sheet1	W55_130515				Tobramycin			S	pone.0181072.s001.xlsx
28704546	Sheet1	W55_130515				Ciprofloxacin			S	pone.0181072.s001.xlsx
28704546	Sheet1	W55_130515				Erythromycin	=	1	S	pone.0181072.s001.xlsx
28704546	Sheet1	W55_130515				Clindamycin	=	0.25	S	pone.0181072.s001.xlsx
28704546	Sheet1	W55_130515				Linezolid	=	2	S	pone.0181072.s001.xlsx
28704546	Sheet1	W55_130515				Teicoplanin			S	pone.0181072.s001.xlsx
28704546	Sheet1	W55_130515				Vancomycin	=	1	S	pone.0181072.s001.xlsx
28704546	Sheet1	W55_130515				Tetracycline			S	pone.0181072.s001.xlsx
28704546	Sheet1	W55_130515				Fosfomycin 			S	pone.0181072.s001.xlsx
28704546	Sheet1	W55_130515				Fusidic Acid			S	pone.0181072.s001.xlsx
28704546	Sheet1	W55_130515				Mupirocin			S	pone.0181072.s001.xlsx
28704546	Sheet1	W55_130515				Chloramphenicol	=	8	S	pone.0181072.s001.xlsx
28704546	Sheet1	W55_130515				Rifampicin			S	pone.0181072.s001.xlsx
28704546	Sheet1	W55_130515				Trimethoprim/Sulfamethoxazole			S	pone.0181072.s001.xlsx
28704546	Sheet1	N56_130515				Benzylpenicillin			R	pone.0181072.s001.xlsx
28704546	Sheet1	N56_130515				Oxacillin			S	pone.0181072.s001.xlsx
28704546	Sheet1	N56_130515				Gentamicin			S	pone.0181072.s001.xlsx
28704546	Sheet1	N56_130515				Kanamycin			S	pone.0181072.s001.xlsx
28704546	Sheet1	N56_130515				Tobramycin			S	pone.0181072.s001.xlsx
28704546	Sheet1	N56_130515				Ciprofloxacin			S	pone.0181072.s001.xlsx
28704546	Sheet1	N56_130515				Erythromycin	=	1	S	pone.0181072.s001.xlsx
28704546	Sheet1	N56_130515				Clindamycin	=	0.25	S	pone.0181072.s001.xlsx
28704546	Sheet1	N56_130515				Linezolid	=	2	S	pone.0181072.s001.xlsx
28704546	Sheet1	N56_130515				Teicoplanin			S	pone.0181072.s001.xlsx
28704546	Sheet1	N56_130515				Vancomycin			S	pone.0181072.s001.xlsx
28704546	Sheet1	N56_130515				Tetracycline			S	pone.0181072.s001.xlsx
28704546	Sheet1	N56_130515				Fosfomycin 			S	pone.0181072.s001.xlsx
28704546	Sheet1	N56_130515				Fusidic Acid			S	pone.0181072.s001.xlsx
28704546	Sheet1	N56_130515				Mupirocin			S	pone.0181072.s001.xlsx
28704546	Sheet1	N56_130515				Chloramphenicol			S	pone.0181072.s001.xlsx
28704546	Sheet1	N56_130515				Rifampicin			S	pone.0181072.s001.xlsx
28704546	Sheet1	N56_130515				Trimethoprim/Sulfamethoxazole	=	160	R	pone.0181072.s001.xlsx
28704546	Sheet1	W56_130515				Benzylpenicillin			R	pone.0181072.s001.xlsx
28704546	Sheet1	W56_130515				Oxacillin			S	pone.0181072.s001.xlsx
28704546	Sheet1	W56_130515				Gentamicin			S	pone.0181072.s001.xlsx
28704546	Sheet1	W56_130515				Kanamycin			S	pone.0181072.s001.xlsx
28704546	Sheet1	W56_130515				Tobramycin			S	pone.0181072.s001.xlsx
28704546	Sheet1	W56_130515				Ciprofloxacin			S	pone.0181072.s001.xlsx
28704546	Sheet1	W56_130515				Erythromycin	=	1	S	pone.0181072.s001.xlsx
28704546	Sheet1	W56_130515				Clindamycin	=	0.25	S	pone.0181072.s001.xlsx
28704546	Sheet1	W56_130515				Linezolid	=	2	S	pone.0181072.s001.xlsx
28704546	Sheet1	W56_130515				Teicoplanin			S	pone.0181072.s001.xlsx
28704546	Sheet1	W56_130515				Vancomycin	=	1	S	pone.0181072.s001.xlsx
28704546	Sheet1	W56_130515				Tetracycline			R	pone.0181072.s001.xlsx
28704546	Sheet1	W56_130515				Fosfomycin 			S	pone.0181072.s001.xlsx
28704546	Sheet1	W56_130515				Fusidic Acid			S	pone.0181072.s001.xlsx
28704546	Sheet1	W56_130515				Mupirocin			S	pone.0181072.s001.xlsx
28704546	Sheet1	W56_130515				Chloramphenicol	=	8	S	pone.0181072.s001.xlsx
28704546	Sheet1	W56_130515				Rifampicin			S	pone.0181072.s001.xlsx
28704546	Sheet1	W56_130515				Trimethoprim/Sulfamethoxazole			S	pone.0181072.s001.xlsx
28704546	Sheet1	N57_130515				Benzylpenicillin			R	pone.0181072.s001.xlsx
28704546	Sheet1	N57_130515				Oxacillin			S	pone.0181072.s001.xlsx
28704546	Sheet1	N57_130515				Gentamicin			S	pone.0181072.s001.xlsx
28704546	Sheet1	N57_130515				Kanamycin			S	pone.0181072.s001.xlsx
28704546	Sheet1	N57_130515				Tobramycin			S	pone.0181072.s001.xlsx
28704546	Sheet1	N57_130515				Ciprofloxacin			S	pone.0181072.s001.xlsx
28704546	Sheet1	N57_130515				Erythromycin	=	1	S	pone.0181072.s001.xlsx
28704546	Sheet1	N57_130515				Clindamycin	=	0.25	S	pone.0181072.s001.xlsx
28704546	Sheet1	N57_130515				Linezolid	=	2	S	pone.0181072.s001.xlsx
28704546	Sheet1	N57_130515				Teicoplanin			S	pone.0181072.s001.xlsx
28704546	Sheet1	N57_130515				Vancomycin			S	pone.0181072.s001.xlsx
28704546	Sheet1	N57_130515				Tetracycline			S	pone.0181072.s001.xlsx
28704546	Sheet1	N57_130515				Fosfomycin 			S	pone.0181072.s001.xlsx
28704546	Sheet1	N57_130515				Fusidic Acid			S	pone.0181072.s001.xlsx
28704546	Sheet1	N57_130515				Mupirocin			S	pone.0181072.s001.xlsx
28704546	Sheet1	N57_130515				Chloramphenicol			S	pone.0181072.s001.xlsx
28704546	Sheet1	N57_130515				Rifampicin			S	pone.0181072.s001.xlsx
28704546	Sheet1	N57_130515				Trimethoprim/Sulfamethoxazole			S	pone.0181072.s001.xlsx
28704546	Sheet1	W57_130515				Benzylpenicillin			R	pone.0181072.s001.xlsx
28704546	Sheet1	W57_130515				Oxacillin	=	0.5	S	pone.0181072.s001.xlsx
28704546	Sheet1	W57_130515				Gentamicin			S	pone.0181072.s001.xlsx
28704546	Sheet1	W57_130515				Kanamycin			S	pone.0181072.s001.xlsx
28704546	Sheet1	W57_130515				Tobramycin			S	pone.0181072.s001.xlsx
28704546	Sheet1	W57_130515				Ciprofloxacin			S	pone.0181072.s001.xlsx
28704546	Sheet1	W57_130515				Erythromycin	=	1	S	pone.0181072.s001.xlsx
28704546	Sheet1	W57_130515				Clindamycin	=	0.25	S	pone.0181072.s001.xlsx
28704546	Sheet1	W57_130515				Linezolid	=	2	S	pone.0181072.s001.xlsx
28704546	Sheet1	W57_130515				Teicoplanin			S	pone.0181072.s001.xlsx
28704546	Sheet1	W57_130515				Vancomycin	=	1	S	pone.0181072.s001.xlsx
28704546	Sheet1	W57_130515				Tetracycline			S	pone.0181072.s001.xlsx
28704546	Sheet1	W57_130515				Fosfomycin 			S	pone.0181072.s001.xlsx
28704546	Sheet1	W57_130515				Fusidic Acid			S	pone.0181072.s001.xlsx
28704546	Sheet1	W57_130515				Mupirocin			S	pone.0181072.s001.xlsx
28704546	Sheet1	W57_130515				Chloramphenicol			R	pone.0181072.s001.xlsx
28704546	Sheet1	W57_130515				Rifampicin			S	pone.0181072.s001.xlsx
28704546	Sheet1	W57_130515				Trimethoprim/Sulfamethoxazole			S	pone.0181072.s001.xlsx
28704546	Sheet1	B58_200515				Benzylpenicillin			R	pone.0181072.s001.xlsx
28704546	Sheet1	B58_200515				Oxacillin			S	pone.0181072.s001.xlsx
28704546	Sheet1	B58_200515				Gentamicin			S	pone.0181072.s001.xlsx
28704546	Sheet1	B58_200515				Kanamycin			S	pone.0181072.s001.xlsx
28704546	Sheet1	B58_200515				Tobramycin			S	pone.0181072.s001.xlsx
28704546	Sheet1	B58_200515				Ciprofloxacin			S	pone.0181072.s001.xlsx
28704546	Sheet1	B58_200515				Erythromycin	=	1	S	pone.0181072.s001.xlsx
28704546	Sheet1	B58_200515				Clindamycin	=	0.25	S	pone.0181072.s001.xlsx
28704546	Sheet1	B58_200515				Linezolid	=	2	S	pone.0181072.s001.xlsx
28704546	Sheet1	B58_200515				Teicoplanin			S	pone.0181072.s001.xlsx
28704546	Sheet1	B58_200515				Vancomycin	=	1	S	pone.0181072.s001.xlsx
28704546	Sheet1	B58_200515				Tetracycline			S	pone.0181072.s001.xlsx
28704546	Sheet1	B58_200515				Fosfomycin 			S	pone.0181072.s001.xlsx
28704546	Sheet1	B58_200515				Fusidic Acid			S	pone.0181072.s001.xlsx
28704546	Sheet1	B58_200515				Mupirocin			S	pone.0181072.s001.xlsx
28704546	Sheet1	B58_200515				Chloramphenicol			R	pone.0181072.s001.xlsx
28704546	Sheet1	B58_200515				Rifampicin			S	pone.0181072.s001.xlsx
28704546	Sheet1	B58_200515				Trimethoprim/Sulfamethoxazole			S	pone.0181072.s001.xlsx
28704546	Sheet1	N58_190515				Benzylpenicillin			R	pone.0181072.s001.xlsx
28704546	Sheet1	N58_190515				Oxacillin	=	0.5	S	pone.0181072.s001.xlsx
28704546	Sheet1	N58_190515				Gentamicin			S	pone.0181072.s001.xlsx
28704546	Sheet1	N58_190515				Kanamycin			S	pone.0181072.s001.xlsx
28704546	Sheet1	N58_190515				Tobramycin			S	pone.0181072.s001.xlsx
28704546	Sheet1	N58_190515				Ciprofloxacin			S	pone.0181072.s001.xlsx
28704546	Sheet1	N58_190515				Erythromycin	=	1	S	pone.0181072.s001.xlsx
28704546	Sheet1	N58_190515				Clindamycin	=	0.25	S	pone.0181072.s001.xlsx
28704546	Sheet1	N58_190515				Linezolid	=	2	S	pone.0181072.s001.xlsx
28704546	Sheet1	N58_190515				Teicoplanin			S	pone.0181072.s001.xlsx
28704546	Sheet1	N58_190515				Vancomycin			S	pone.0181072.s001.xlsx
28704546	Sheet1	N58_190515				Tetracycline			S	pone.0181072.s001.xlsx
28704546	Sheet1	N58_190515				Fosfomycin 			S	pone.0181072.s001.xlsx
28704546	Sheet1	N58_190515				Fusidic Acid			S	pone.0181072.s001.xlsx
28704546	Sheet1	N58_190515				Mupirocin			S	pone.0181072.s001.xlsx
28704546	Sheet1	N58_190515				Chloramphenicol	=	8	S	pone.0181072.s001.xlsx
28704546	Sheet1	N58_190515				Rifampicin			S	pone.0181072.s001.xlsx
28704546	Sheet1	N58_190515				Trimethoprim/Sulfamethoxazole			S	pone.0181072.s001.xlsx
28704546	Sheet1	W58_190515				Benzylpenicillin			R	pone.0181072.s001.xlsx
28704546	Sheet1	W58_190515				Oxacillin	=	0.5	S	pone.0181072.s001.xlsx
28704546	Sheet1	W58_190515				Gentamicin			S	pone.0181072.s001.xlsx
28704546	Sheet1	W58_190515				Kanamycin			S	pone.0181072.s001.xlsx
28704546	Sheet1	W58_190515				Tobramycin			S	pone.0181072.s001.xlsx
28704546	Sheet1	W58_190515				Ciprofloxacin			S	pone.0181072.s001.xlsx
28704546	Sheet1	W58_190515				Erythromycin	=	1	S	pone.0181072.s001.xlsx
28704546	Sheet1	W58_190515				Clindamycin	=	0.25	S	pone.0181072.s001.xlsx
28704546	Sheet1	W58_190515				Linezolid	=	2	S	pone.0181072.s001.xlsx
28704546	Sheet1	W58_190515				Teicoplanin			S	pone.0181072.s001.xlsx
28704546	Sheet1	W58_190515				Vancomycin			S	pone.0181072.s001.xlsx
28704546	Sheet1	W58_190515				Tetracycline			S	pone.0181072.s001.xlsx
28704546	Sheet1	W58_190515				Fosfomycin 			S	pone.0181072.s001.xlsx
28704546	Sheet1	W58_190515				Fusidic Acid			S	pone.0181072.s001.xlsx
28704546	Sheet1	W58_190515				Mupirocin			S	pone.0181072.s001.xlsx
28704546	Sheet1	W58_190515				Chloramphenicol	=	8	S	pone.0181072.s001.xlsx
28704546	Sheet1	W58_190515				Rifampicin			S	pone.0181072.s001.xlsx
28704546	Sheet1	W58_190515				Trimethoprim/Sulfamethoxazole			S	pone.0181072.s001.xlsx
28704546	Sheet1	N60_200515				Benzylpenicillin			R	pone.0181072.s001.xlsx
28704546	Sheet1	N60_200515				Oxacillin			S	pone.0181072.s001.xlsx
28704546	Sheet1	N60_200515				Gentamicin			S	pone.0181072.s001.xlsx
28704546	Sheet1	N60_200515				Kanamycin			S	pone.0181072.s001.xlsx
28704546	Sheet1	N60_200515				Tobramycin			S	pone.0181072.s001.xlsx
28704546	Sheet1	N60_200515				Ciprofloxacin			S	pone.0181072.s001.xlsx
28704546	Sheet1	N60_200515				Erythromycin	=	0.5	S	pone.0181072.s001.xlsx
28704546	Sheet1	N60_200515				Clindamycin	=	0.25	S	pone.0181072.s001.xlsx
28704546	Sheet1	N60_200515				Linezolid	=	2	S	pone.0181072.s001.xlsx
28704546	Sheet1	N60_200515				Teicoplanin			S	pone.0181072.s001.xlsx
28704546	Sheet1	N60_200515				Vancomycin			S	pone.0181072.s001.xlsx
28704546	Sheet1	N60_200515				Tetracycline			S	pone.0181072.s001.xlsx
28704546	Sheet1	N60_200515				Fosfomycin 			S	pone.0181072.s001.xlsx
28704546	Sheet1	N60_200515				Fusidic Acid			S	pone.0181072.s001.xlsx
28704546	Sheet1	N60_200515				Mupirocin			S	pone.0181072.s001.xlsx
28704546	Sheet1	N60_200515				Chloramphenicol	=	8	S	pone.0181072.s001.xlsx
28704546	Sheet1	N60_200515				Rifampicin			S	pone.0181072.s001.xlsx
28704546	Sheet1	N60_200515				Trimethoprim/Sulfamethoxazole			R	pone.0181072.s001.xlsx
28704546	Sheet1	N62_270515				Cefoxitin screen			+	pone.0181072.s001.xlsx
28704546	Sheet1	N62_270515				Benzylpenicillin			R	pone.0181072.s001.xlsx
28704546	Sheet1	N62_270515				Oxacillin			R	pone.0181072.s001.xlsx
28704546	Sheet1	N62_270515				Gentamicin			R	pone.0181072.s001.xlsx
28704546	Sheet1	N62_270515				Kanamycin			R	pone.0181072.s001.xlsx
28704546	Sheet1	N62_270515				Tobramycin			R	pone.0181072.s001.xlsx
28704546	Sheet1	N62_270515				Ciprofloxacin			R	pone.0181072.s001.xlsx
28704546	Sheet1	N62_270515				Erythromycin	=	1	S	pone.0181072.s001.xlsx
28704546	Sheet1	N62_270515				Clindamycin	=	0.25	S	pone.0181072.s001.xlsx
28704546	Sheet1	N62_270515				Linezolid	=	2	S	pone.0181072.s001.xlsx
28704546	Sheet1	N62_270515				Teicoplanin			S	pone.0181072.s001.xlsx
28704546	Sheet1	N62_270515				Vancomycin			S	pone.0181072.s001.xlsx
28704546	Sheet1	N62_270515				Tetracycline			R	pone.0181072.s001.xlsx
28704546	Sheet1	N62_270515				Fosfomycin 			S	pone.0181072.s001.xlsx
28704546	Sheet1	N62_270515				Fusidic Acid			S	pone.0181072.s001.xlsx
28704546	Sheet1	N62_270515				Mupirocin			S	pone.0181072.s001.xlsx
28704546	Sheet1	N62_270515				Chloramphenicol			R	pone.0181072.s001.xlsx
28704546	Sheet1	N62_270515				Rifampicin			S	pone.0181072.s001.xlsx
28704546	Sheet1	N62_270515				Trimethoprim/Sulfamethoxazole			S	pone.0181072.s001.xlsx
28704546	Sheet1	W62_270515				Benzylpenicillin			R	pone.0181072.s001.xlsx
28704546	Sheet1	W62_270515				Oxacillin	=	0.5	S	pone.0181072.s001.xlsx
28704546	Sheet1	W62_270515				Gentamicin			S	pone.0181072.s001.xlsx
28704546	Sheet1	W62_270515				Kanamycin			S	pone.0181072.s001.xlsx
28704546	Sheet1	W62_270515				Tobramycin			S	pone.0181072.s001.xlsx
28704546	Sheet1	W62_270515				Ciprofloxacin			S	pone.0181072.s001.xlsx
28704546	Sheet1	W62_270515				Erythromycin	=	1	S	pone.0181072.s001.xlsx
28704546	Sheet1	W62_270515				Clindamycin	=	0.25	S	pone.0181072.s001.xlsx
28704546	Sheet1	W62_270515				Linezolid	=	2	S	pone.0181072.s001.xlsx
28704546	Sheet1	W62_270515				Teicoplanin			S	pone.0181072.s001.xlsx
28704546	Sheet1	W62_270515				Vancomycin			S	pone.0181072.s001.xlsx
28704546	Sheet1	W62_270515				Tetracycline			R	pone.0181072.s001.xlsx
28704546	Sheet1	W62_270515				Fosfomycin 			S	pone.0181072.s001.xlsx
28704546	Sheet1	W62_270515				Fusidic Acid			S	pone.0181072.s001.xlsx
28704546	Sheet1	W62_270515				Mupirocin			S	pone.0181072.s001.xlsx
28704546	Sheet1	W62_270515				Chloramphenicol	=	8	S	pone.0181072.s001.xlsx
28704546	Sheet1	W62_270515				Rifampicin			S	pone.0181072.s001.xlsx
28704546	Sheet1	W62_270515				Trimethoprim/Sulfamethoxazole			S	pone.0181072.s001.xlsx
28704546	Sheet1	HCW01_060515				Benzylpenicillin			R	pone.0181072.s001.xlsx
28704546	Sheet1	HCW01_060515				Oxacillin	=	0.5	S	pone.0181072.s001.xlsx
28704546	Sheet1	HCW01_060515				Gentamicin			S	pone.0181072.s001.xlsx
28704546	Sheet1	HCW01_060515				Kanamycin			S	pone.0181072.s001.xlsx
28704546	Sheet1	HCW01_060515				Tobramycin			S	pone.0181072.s001.xlsx
28704546	Sheet1	HCW01_060515				Ciprofloxacin			S	pone.0181072.s001.xlsx
28704546	Sheet1	HCW01_060515				Erythromycin	=	1	S	pone.0181072.s001.xlsx
28704546	Sheet1	HCW01_060515				Clindamycin	=	0.25	S	pone.0181072.s001.xlsx
28704546	Sheet1	HCW01_060515				Linezolid	=	2	S	pone.0181072.s001.xlsx
28704546	Sheet1	HCW01_060515				Teicoplanin			S	pone.0181072.s001.xlsx
28704546	Sheet1	HCW01_060515				Vancomycin	=	1	S	pone.0181072.s001.xlsx
28704546	Sheet1	HCW01_060515				Tetracycline			S	pone.0181072.s001.xlsx
28704546	Sheet1	HCW01_060515				Fosfomycin 			S	pone.0181072.s001.xlsx
28704546	Sheet1	HCW01_060515				Fusidic Acid			S	pone.0181072.s001.xlsx
28704546	Sheet1	HCW01_060515				Mupirocin			S	pone.0181072.s001.xlsx
28704546	Sheet1	HCW01_060515				Chloramphenicol			S	pone.0181072.s001.xlsx
28704546	Sheet1	HCW01_060515				Rifampicin			S	pone.0181072.s001.xlsx
28704546	Sheet1	HCW01_060515				Trimethoprim/Sulfamethoxazole			R	pone.0181072.s001.xlsx
28704546	Sheet1	HCW01_170215				Benzylpenicillin			R	pone.0181072.s001.xlsx
28704546	Sheet1	HCW01_170215				Oxacillin	=	0.5	S	pone.0181072.s001.xlsx
28704546	Sheet1	HCW01_170215				Gentamicin			S	pone.0181072.s001.xlsx
28704546	Sheet1	HCW01_170215				Kanamycin			S	pone.0181072.s001.xlsx
28704546	Sheet1	HCW01_170215				Tobramycin			S	pone.0181072.s001.xlsx
28704546	Sheet1	HCW01_170215				Ciprofloxacin			S	pone.0181072.s001.xlsx
28704546	Sheet1	HCW01_170215				Erythromycin	=	1	S	pone.0181072.s001.xlsx
28704546	Sheet1	HCW01_170215				Clindamycin	=	0.25	S	pone.0181072.s001.xlsx
28704546	Sheet1	HCW01_170215				Linezolid	=	2	S	pone.0181072.s001.xlsx
28704546	Sheet1	HCW01_170215				Teicoplanin			S	pone.0181072.s001.xlsx
28704546	Sheet1	HCW01_170215				Vancomycin	=	1	S	pone.0181072.s001.xlsx
28704546	Sheet1	HCW01_170215				Tetracycline			S	pone.0181072.s001.xlsx
28704546	Sheet1	HCW01_170215				Fosfomycin 			S	pone.0181072.s001.xlsx
28704546	Sheet1	HCW01_170215				Fusidic Acid			S	pone.0181072.s001.xlsx
28704546	Sheet1	HCW01_170215				Mupirocin			S	pone.0181072.s001.xlsx
28704546	Sheet1	HCW01_170215				Chloramphenicol	=	8	S	pone.0181072.s001.xlsx
28704546	Sheet1	HCW01_170215				Rifampicin			S	pone.0181072.s001.xlsx
28704546	Sheet1	HCW01_170215				Trimethoprim/Sulfamethoxazole			R	pone.0181072.s001.xlsx
28704546	Sheet1	HCW05_031214				Benzylpenicillin			R	pone.0181072.s001.xlsx
28704546	Sheet1	HCW05_031214				Oxacillin	=	1	S	pone.0181072.s001.xlsx
28704546	Sheet1	HCW05_031214				Gentamicin			S	pone.0181072.s001.xlsx
28704546	Sheet1	HCW05_031214				Kanamycin			S	pone.0181072.s001.xlsx
28704546	Sheet1	HCW05_031214				Tobramycin			S	pone.0181072.s001.xlsx
28704546	Sheet1	HCW05_031214				Ciprofloxacin			S	pone.0181072.s001.xlsx
28704546	Sheet1	HCW05_031214				Erythromycin	=	1	S	pone.0181072.s001.xlsx
28704546	Sheet1	HCW05_031214				Clindamycin	=	0.25	S	pone.0181072.s001.xlsx
28704546	Sheet1	HCW05_031214				Linezolid	=	2	S	pone.0181072.s001.xlsx
28704546	Sheet1	HCW05_031214				Teicoplanin			S	pone.0181072.s001.xlsx
28704546	Sheet1	HCW05_031214				Vancomycin	=	1	S	pone.0181072.s001.xlsx
28704546	Sheet1	HCW05_031214				Tetracycline			R	pone.0181072.s001.xlsx
28704546	Sheet1	HCW05_031214				Fosfomycin 			S	pone.0181072.s001.xlsx
28704546	Sheet1	HCW05_031214				Fusidic Acid			S	pone.0181072.s001.xlsx
28704546	Sheet1	HCW05_031214				Mupirocin			S	pone.0181072.s001.xlsx
28704546	Sheet1	HCW05_031214				Chloramphenicol			R	pone.0181072.s001.xlsx
28704546	Sheet1	HCW05_031214				Rifampicin			S	pone.0181072.s001.xlsx
28704546	Sheet1	HCW05_031214				Trimethoprim/Sulfamethoxazole			S	pone.0181072.s001.xlsx
28704546	Sheet1	HCW05_100415				Benzylpenicillin			R	pone.0181072.s001.xlsx
28704546	Sheet1	HCW05_100415				Oxacillin	=	0.5	S	pone.0181072.s001.xlsx
28704546	Sheet1	HCW05_100415				Gentamicin			S	pone.0181072.s001.xlsx
28704546	Sheet1	HCW05_100415				Kanamycin			S	pone.0181072.s001.xlsx
28704546	Sheet1	HCW05_100415				Tobramycin			S	pone.0181072.s001.xlsx
28704546	Sheet1	HCW05_100415				Ciprofloxacin			S	pone.0181072.s001.xlsx
28704546	Sheet1	HCW05_100415				Erythromycin	=	1	S	pone.0181072.s001.xlsx
28704546	Sheet1	HCW05_100415				Clindamycin	=	0.25	S	pone.0181072.s001.xlsx
28704546	Sheet1	HCW05_100415				Linezolid	=	2	S	pone.0181072.s001.xlsx
28704546	Sheet1	HCW05_100415				Teicoplanin			S	pone.0181072.s001.xlsx
28704546	Sheet1	HCW05_100415				Vancomycin	=	1	S	pone.0181072.s001.xlsx
28704546	Sheet1	HCW05_100415				Tetracycline			S	pone.0181072.s001.xlsx
28704546	Sheet1	HCW05_100415				Fosfomycin 			S	pone.0181072.s001.xlsx
28704546	Sheet1	HCW05_100415				Fusidic Acid			S	pone.0181072.s001.xlsx
28704546	Sheet1	HCW05_100415				Mupirocin			S	pone.0181072.s001.xlsx
28704546	Sheet1	HCW05_100415				Chloramphenicol	=	8	S	pone.0181072.s001.xlsx
28704546	Sheet1	HCW05_100415				Rifampicin			S	pone.0181072.s001.xlsx
28704546	Sheet1	HCW05_100415				Trimethoprim/Sulfamethoxazole			S	pone.0181072.s001.xlsx
28704546	Sheet1	HCW05_140115				Benzylpenicillin			R	pone.0181072.s001.xlsx
28704546	Sheet1	HCW05_140115				Oxacillin	=	0.5	S	pone.0181072.s001.xlsx
28704546	Sheet1	HCW05_140115				Gentamicin			S	pone.0181072.s001.xlsx
28704546	Sheet1	HCW05_140115				Kanamycin			S	pone.0181072.s001.xlsx
28704546	Sheet1	HCW05_140115				Tobramycin			S	pone.0181072.s001.xlsx
28704546	Sheet1	HCW05_140115				Ciprofloxacin			S	pone.0181072.s001.xlsx
28704546	Sheet1	HCW05_140115				Erythromycin	=	0.5	S	pone.0181072.s001.xlsx
28704546	Sheet1	HCW05_140115				Clindamycin	=	0.25	S	pone.0181072.s001.xlsx
28704546	Sheet1	HCW05_140115				Linezolid	=	2	S	pone.0181072.s001.xlsx
28704546	Sheet1	HCW05_140115				Teicoplanin			S	pone.0181072.s001.xlsx
28704546	Sheet1	HCW05_140115				Vancomycin	=	1	S	pone.0181072.s001.xlsx
28704546	Sheet1	HCW05_140115				Tetracycline			R	pone.0181072.s001.xlsx
28704546	Sheet1	HCW05_140115				Fosfomycin 			S	pone.0181072.s001.xlsx
28704546	Sheet1	HCW05_140115				Fusidic Acid			S	pone.0181072.s001.xlsx
28704546	Sheet1	HCW05_140115				Mupirocin			S	pone.0181072.s001.xlsx
28704546	Sheet1	HCW05_140115				Chloramphenicol			R	pone.0181072.s001.xlsx
28704546	Sheet1	HCW05_140115				Rifampicin			S	pone.0181072.s001.xlsx
28704546	Sheet1	HCW05_140115				Trimethoprim/Sulfamethoxazole			S	pone.0181072.s001.xlsx
28704546	Sheet1	HCW07_100415				Benzylpenicillin	=	0.25	R	pone.0181072.s001.xlsx
28704546	Sheet1	HCW07_100415				Oxacillin	=	0.5	S	pone.0181072.s001.xlsx
28704546	Sheet1	HCW07_100415				Gentamicin			S	pone.0181072.s001.xlsx
28704546	Sheet1	HCW07_100415				Kanamycin			S	pone.0181072.s001.xlsx
28704546	Sheet1	HCW07_100415				Tobramycin			S	pone.0181072.s001.xlsx
28704546	Sheet1	HCW07_100415				Ciprofloxacin			S	pone.0181072.s001.xlsx
28704546	Sheet1	HCW07_100415				Erythromycin	=	1	S	pone.0181072.s001.xlsx
28704546	Sheet1	HCW07_100415				Clindamycin	=	0.25	S	pone.0181072.s001.xlsx
28704546	Sheet1	HCW07_100415				Linezolid	=	2	S	pone.0181072.s001.xlsx
28704546	Sheet1	HCW07_100415				Teicoplanin			S	pone.0181072.s001.xlsx
28704546	Sheet1	HCW07_100415				Vancomycin	=	1	S	pone.0181072.s001.xlsx
28704546	Sheet1	HCW07_100415				Tetracycline			S	pone.0181072.s001.xlsx
28704546	Sheet1	HCW07_100415				Fosfomycin 			S	pone.0181072.s001.xlsx
28704546	Sheet1	HCW07_100415				Fusidic Acid			S	pone.0181072.s001.xlsx
28704546	Sheet1	HCW07_100415				Mupirocin			S	pone.0181072.s001.xlsx
28704546	Sheet1	HCW07_100415				Chloramphenicol	=	8	S	pone.0181072.s001.xlsx
28704546	Sheet1	HCW07_100415				Rifampicin			S	pone.0181072.s001.xlsx
28704546	Sheet1	HCW07_100415				Trimethoprim/Sulfamethoxazole			S	pone.0181072.s001.xlsx
28704546	Sheet1	HCW07_130215				Benzylpenicillin			R	pone.0181072.s001.xlsx
28704546	Sheet1	HCW07_130215				Oxacillin	=	0.5	S	pone.0181072.s001.xlsx
28704546	Sheet1	HCW07_130215				Gentamicin			S	pone.0181072.s001.xlsx
28704546	Sheet1	HCW07_130215				Kanamycin			S	pone.0181072.s001.xlsx
28704546	Sheet1	HCW07_130215				Tobramycin			S	pone.0181072.s001.xlsx
28704546	Sheet1	HCW07_130215				Ciprofloxacin			S	pone.0181072.s001.xlsx
28704546	Sheet1	HCW07_130215				Erythromycin	=	0.5	S	pone.0181072.s001.xlsx
28704546	Sheet1	HCW07_130215				Clindamycin	=	0.25	S	pone.0181072.s001.xlsx
28704546	Sheet1	HCW07_130215				Linezolid	=	2	S	pone.0181072.s001.xlsx
28704546	Sheet1	HCW07_130215				Teicoplanin			S	pone.0181072.s001.xlsx
28704546	Sheet1	HCW07_130215				Vancomycin			S	pone.0181072.s001.xlsx
28704546	Sheet1	HCW07_130215				Tetracycline			S	pone.0181072.s001.xlsx
28704546	Sheet1	HCW07_130215				Fosfomycin 			S	pone.0181072.s001.xlsx
28704546	Sheet1	HCW07_130215				Fusidic Acid			S	pone.0181072.s001.xlsx
28704546	Sheet1	HCW07_130215				Mupirocin			S	pone.0181072.s001.xlsx
28704546	Sheet1	HCW07_130215				Chloramphenicol			S	pone.0181072.s001.xlsx
28704546	Sheet1	HCW07_130215				Rifampicin			S	pone.0181072.s001.xlsx
28704546	Sheet1	HCW07_130215				Trimethoprim/Sulfamethoxazole			S	pone.0181072.s001.xlsx
28704546	Sheet1	HCW10_100415				Benzylpenicillin	=	0.25	R	pone.0181072.s001.xlsx
28704546	Sheet1	HCW10_100415				Oxacillin			S	pone.0181072.s001.xlsx
28704546	Sheet1	HCW10_100415				Gentamicin			S	pone.0181072.s001.xlsx
28704546	Sheet1	HCW10_100415				Kanamycin			S	pone.0181072.s001.xlsx
28704546	Sheet1	HCW10_100415				Tobramycin			S	pone.0181072.s001.xlsx
28704546	Sheet1	HCW10_100415				Ciprofloxacin			S	pone.0181072.s001.xlsx
28704546	Sheet1	HCW10_100415				Erythromycin	=	1	S	pone.0181072.s001.xlsx
28704546	Sheet1	HCW10_100415				Clindamycin	=	0.25	S	pone.0181072.s001.xlsx
28704546	Sheet1	HCW10_100415				Linezolid	=	2	S	pone.0181072.s001.xlsx
28704546	Sheet1	HCW10_100415				Teicoplanin			S	pone.0181072.s001.xlsx
28704546	Sheet1	HCW10_100415				Vancomycin	=	1	S	pone.0181072.s001.xlsx
28704546	Sheet1	HCW10_100415				Tetracycline			S	pone.0181072.s001.xlsx
28704546	Sheet1	HCW10_100415				Fosfomycin 			S	pone.0181072.s001.xlsx
28704546	Sheet1	HCW10_100415				Fusidic Acid			S	pone.0181072.s001.xlsx
28704546	Sheet1	HCW10_100415				Mupirocin			S	pone.0181072.s001.xlsx
28704546	Sheet1	HCW10_100415				Chloramphenicol	=	8	S	pone.0181072.s001.xlsx
28704546	Sheet1	HCW10_100415				Rifampicin			S	pone.0181072.s001.xlsx
28704546	Sheet1	HCW10_100415				Trimethoprim/Sulfamethoxazole			S	pone.0181072.s001.xlsx
28704546	Sheet1	HCW11A_151214				Benzylpenicillin			R	pone.0181072.s001.xlsx
28704546	Sheet1	HCW11A_151214				Oxacillin	=	0.5	S	pone.0181072.s001.xlsx
28704546	Sheet1	HCW11A_151214				Gentamicin			S	pone.0181072.s001.xlsx
28704546	Sheet1	HCW11A_151214				Kanamycin			S	pone.0181072.s001.xlsx
28704546	Sheet1	HCW11A_151214				Tobramycin			S	pone.0181072.s001.xlsx
28704546	Sheet1	HCW11A_151214				Ciprofloxacin			S	pone.0181072.s001.xlsx
28704546	Sheet1	HCW11A_151214				Erythromycin	=	0.5	S	pone.0181072.s001.xlsx
28704546	Sheet1	HCW11A_151214				Clindamycin	=	0.25	S	pone.0181072.s001.xlsx
28704546	Sheet1	HCW11A_151214				Linezolid	=	2	S	pone.0181072.s001.xlsx
28704546	Sheet1	HCW11A_151214				Teicoplanin			S	pone.0181072.s001.xlsx
28704546	Sheet1	HCW11A_151214				Vancomycin	=	1	S	pone.0181072.s001.xlsx
28704546	Sheet1	HCW11A_151214				Tetracycline			S	pone.0181072.s001.xlsx
28704546	Sheet1	HCW11A_151214				Fosfomycin 			S	pone.0181072.s001.xlsx
28704546	Sheet1	HCW11A_151214				Fusidic Acid			S	pone.0181072.s001.xlsx
28704546	Sheet1	HCW11A_151214				Mupirocin			S	pone.0181072.s001.xlsx
28704546	Sheet1	HCW11A_151214				Chloramphenicol	=	8	S	pone.0181072.s001.xlsx
28704546	Sheet1	HCW11A_151214				Rifampicin			S	pone.0181072.s001.xlsx
28704546	Sheet1	HCW11A_151214				Trimethoprim/Sulfamethoxazole			R	pone.0181072.s001.xlsx
28704546	Sheet1	HCW16_100415				Cefoxitin screen			+	pone.0181072.s001.xlsx
28704546	Sheet1	HCW16_100415				Benzylpenicillin			R	pone.0181072.s001.xlsx
28704546	Sheet1	HCW16_100415				Oxacillin			R	pone.0181072.s001.xlsx
28704546	Sheet1	HCW16_100415				Gentamicin			R	pone.0181072.s001.xlsx
28704546	Sheet1	HCW16_100415				Kanamycin			R	pone.0181072.s001.xlsx
28704546	Sheet1	HCW16_100415				Tobramycin			R	pone.0181072.s001.xlsx
28704546	Sheet1	HCW16_100415				Ciprofloxacin			R	pone.0181072.s001.xlsx
28704546	Sheet1	HCW16_100415				Erythromycin	=	1	S	pone.0181072.s001.xlsx
28704546	Sheet1	HCW16_100415				Clindamycin	=	0.25	S	pone.0181072.s001.xlsx
28704546	Sheet1	HCW16_100415				Linezolid	=	2	S	pone.0181072.s001.xlsx
28704546	Sheet1	HCW16_100415				Teicoplanin			S	pone.0181072.s001.xlsx
28704546	Sheet1	HCW16_100415				Vancomycin			S	pone.0181072.s001.xlsx
28704546	Sheet1	HCW16_100415				Tetracycline			R	pone.0181072.s001.xlsx
28704546	Sheet1	HCW16_100415				Fosfomycin 			S	pone.0181072.s001.xlsx
28704546	Sheet1	HCW16_100415				Fusidic Acid			S	pone.0181072.s001.xlsx
28704546	Sheet1	HCW16_100415				Mupirocin			S	pone.0181072.s001.xlsx
28704546	Sheet1	HCW16_100415				Chloramphenicol			R	pone.0181072.s001.xlsx
28704546	Sheet1	HCW16_100415				Rifampicin			S	pone.0181072.s001.xlsx
28704546	Sheet1	HCW16_100415				Trimethoprim/Sulfamethoxazole			S	pone.0181072.s001.xlsx
28704546	Sheet1	HCW18_130415				Benzylpenicillin			R	pone.0181072.s001.xlsx
28704546	Sheet1	HCW18_130415				Oxacillin	=	0.5	S	pone.0181072.s001.xlsx
28704546	Sheet1	HCW18_130415				Gentamicin			S	pone.0181072.s001.xlsx
28704546	Sheet1	HCW18_130415				Kanamycin			S	pone.0181072.s001.xlsx
28704546	Sheet1	HCW18_130415				Tobramycin			S	pone.0181072.s001.xlsx
28704546	Sheet1	HCW18_130415				Ciprofloxacin			S	pone.0181072.s001.xlsx
28704546	Sheet1	HCW18_130415				Erythromycin	=	1	S	pone.0181072.s001.xlsx
28704546	Sheet1	HCW18_130415				Clindamycin	=	0.25	S	pone.0181072.s001.xlsx
28704546	Sheet1	HCW18_130415				Linezolid	=	2	S	pone.0181072.s001.xlsx
28704546	Sheet1	HCW18_130415				Teicoplanin			S	pone.0181072.s001.xlsx
28704546	Sheet1	HCW18_130415				Vancomycin	=	1	S	pone.0181072.s001.xlsx
28704546	Sheet1	HCW18_130415				Tetracycline			S	pone.0181072.s001.xlsx
28704546	Sheet1	HCW18_130415				Fosfomycin 			S	pone.0181072.s001.xlsx
28704546	Sheet1	HCW18_130415				Fusidic Acid			S	pone.0181072.s001.xlsx
28704546	Sheet1	HCW18_130415				Mupirocin			S	pone.0181072.s001.xlsx
28704546	Sheet1	HCW18_130415				Chloramphenicol	=	8	S	pone.0181072.s001.xlsx
28704546	Sheet1	HCW18_130415				Rifampicin			S	pone.0181072.s001.xlsx
28704546	Sheet1	HCW18_130415				Trimethoprim/Sulfamethoxazole			S	pone.0181072.s001.xlsx
28704546	Sheet1	HCW19_170213				Benzylpenicillin			R	pone.0181072.s001.xlsx
28704546	Sheet1	HCW19_170213				Oxacillin	=	0.5	S	pone.0181072.s001.xlsx
28704546	Sheet1	HCW19_170213				Gentamicin			S	pone.0181072.s001.xlsx
28704546	Sheet1	HCW19_170213				Kanamycin			S	pone.0181072.s001.xlsx
28704546	Sheet1	HCW19_170213				Tobramycin			S	pone.0181072.s001.xlsx
28704546	Sheet1	HCW19_170213				Ciprofloxacin			S	pone.0181072.s001.xlsx
28704546	Sheet1	HCW19_170213				Erythromycin	=	1	S	pone.0181072.s001.xlsx
28704546	Sheet1	HCW19_170213				Clindamycin	=	0.25	S	pone.0181072.s001.xlsx
28704546	Sheet1	HCW19_170213				Linezolid	=	2	S	pone.0181072.s001.xlsx
28704546	Sheet1	HCW19_170213				Teicoplanin			S	pone.0181072.s001.xlsx
28704546	Sheet1	HCW19_170213				Vancomycin	=	1	S	pone.0181072.s001.xlsx
28704546	Sheet1	HCW19_170213				Tetracycline			S	pone.0181072.s001.xlsx
28704546	Sheet1	HCW19_170213				Fosfomycin 			S	pone.0181072.s001.xlsx
28704546	Sheet1	HCW19_170213				Fusidic Acid			S	pone.0181072.s001.xlsx
28704546	Sheet1	HCW19_170213				Mupirocin			S	pone.0181072.s001.xlsx
28704546	Sheet1	HCW19_170213				Chloramphenicol	=	8	S	pone.0181072.s001.xlsx
28704546	Sheet1	HCW19_170213				Rifampicin			S	pone.0181072.s001.xlsx
28704546	Sheet1	HCW19_170213				Trimethoprim/Sulfamethoxazole			S	pone.0181072.s001.xlsx
28704546	Sheet1	HCW19_100415				Benzylpenicillin			R	pone.0181072.s001.xlsx
28704546	Sheet1	HCW19_100415				Oxacillin	=	0.5	S	pone.0181072.s001.xlsx
28704546	Sheet1	HCW19_100415				Gentamicin			S	pone.0181072.s001.xlsx
28704546	Sheet1	HCW19_100415				Kanamycin			S	pone.0181072.s001.xlsx
28704546	Sheet1	HCW19_100415				Tobramycin			S	pone.0181072.s001.xlsx
28704546	Sheet1	HCW19_100415				Ciprofloxacin			S	pone.0181072.s001.xlsx
28704546	Sheet1	HCW19_100415				Erythromycin	=	1	S	pone.0181072.s001.xlsx
28704546	Sheet1	HCW19_100415				Clindamycin	=	0.25	S	pone.0181072.s001.xlsx
28704546	Sheet1	HCW19_100415				Linezolid	=	2	S	pone.0181072.s001.xlsx
28704546	Sheet1	HCW19_100415				Teicoplanin			S	pone.0181072.s001.xlsx
28704546	Sheet1	HCW19_100415				Vancomycin			S	pone.0181072.s001.xlsx
28704546	Sheet1	HCW19_100415				Tetracycline			S	pone.0181072.s001.xlsx
28704546	Sheet1	HCW19_100415				Fosfomycin 			S	pone.0181072.s001.xlsx
28704546	Sheet1	HCW19_100415				Fusidic Acid			S	pone.0181072.s001.xlsx
28704546	Sheet1	HCW19_100415				Mupirocin			S	pone.0181072.s001.xlsx
28704546	Sheet1	HCW19_100415				Chloramphenicol			S	pone.0181072.s001.xlsx
28704546	Sheet1	HCW19_100415				Rifampicin			S	pone.0181072.s001.xlsx
28704546	Sheet1	HCW19_100415				Trimethoprim/Sulfamethoxazole			S	pone.0181072.s001.xlsx
28704546	Sheet1	HCW21A_160215				Benzylpenicillin			R	pone.0181072.s001.xlsx
28704546	Sheet1	HCW21A_160215				Oxacillin	=	0.5	S	pone.0181072.s001.xlsx
28704546	Sheet1	HCW21A_160215				Gentamicin			S	pone.0181072.s001.xlsx
28704546	Sheet1	HCW21A_160215				Kanamycin			S	pone.0181072.s001.xlsx
28704546	Sheet1	HCW21A_160215				Tobramycin			S	pone.0181072.s001.xlsx
28704546	Sheet1	HCW21A_160215				Ciprofloxacin			S	pone.0181072.s001.xlsx
28704546	Sheet1	HCW21A_160215				Erythromycin	=	1	S	pone.0181072.s001.xlsx
28704546	Sheet1	HCW21A_160215				Clindamycin	=	0.25	S	pone.0181072.s001.xlsx
28704546	Sheet1	HCW21A_160215				Linezolid	=	2	S	pone.0181072.s001.xlsx
28704546	Sheet1	HCW21A_160215				Teicoplanin			S	pone.0181072.s001.xlsx
28704546	Sheet1	HCW21A_160215				Vancomycin			S	pone.0181072.s001.xlsx
28704546	Sheet1	HCW21A_160215				Tetracycline			S	pone.0181072.s001.xlsx
28704546	Sheet1	HCW21A_160215				Fosfomycin 			S	pone.0181072.s001.xlsx
28704546	Sheet1	HCW21A_160215				Fusidic Acid			S	pone.0181072.s001.xlsx
28704546	Sheet1	HCW21A_160215				Mupirocin			S	pone.0181072.s001.xlsx
28704546	Sheet1	HCW21A_160215				Chloramphenicol	=	8	S	pone.0181072.s001.xlsx
28704546	Sheet1	HCW21A_160215				Rifampicin			S	pone.0181072.s001.xlsx
28704546	Sheet1	HCW21A_160215				Trimethoprim/Sulfamethoxazole			S	pone.0181072.s001.xlsx
28704546	Sheet1	HCW21B_160215				Benzylpenicillin			R	pone.0181072.s001.xlsx
28704546	Sheet1	HCW21B_160215				Oxacillin	=	0.5	S	pone.0181072.s001.xlsx
28704546	Sheet1	HCW21B_160215				Gentamicin			S	pone.0181072.s001.xlsx
28704546	Sheet1	HCW21B_160215				Kanamycin			S	pone.0181072.s001.xlsx
28704546	Sheet1	HCW21B_160215				Tobramycin			S	pone.0181072.s001.xlsx
28704546	Sheet1	HCW21B_160215				Ciprofloxacin			S	pone.0181072.s001.xlsx
28704546	Sheet1	HCW21B_160215				Erythromycin	=	1	S	pone.0181072.s001.xlsx
28704546	Sheet1	HCW21B_160215				Clindamycin	=	0.25	S	pone.0181072.s001.xlsx
28704546	Sheet1	HCW21B_160215				Linezolid	=	2	S	pone.0181072.s001.xlsx
28704546	Sheet1	HCW21B_160215				Teicoplanin			S	pone.0181072.s001.xlsx
28704546	Sheet1	HCW21B_160215				Vancomycin			S	pone.0181072.s001.xlsx
28704546	Sheet1	HCW21B_160215				Tetracycline			S	pone.0181072.s001.xlsx
28704546	Sheet1	HCW21B_160215				Fosfomycin 			S	pone.0181072.s001.xlsx
28704546	Sheet1	HCW21B_160215				Fusidic Acid			S	pone.0181072.s001.xlsx
28704546	Sheet1	HCW21B_160215				Mupirocin			S	pone.0181072.s001.xlsx
28704546	Sheet1	HCW21B_160215				Chloramphenicol	=	8	S	pone.0181072.s001.xlsx
28704546	Sheet1	HCW21B_160215				Rifampicin			S	pone.0181072.s001.xlsx
28704546	Sheet1	HCW21B_160215				Trimethoprim/Sulfamethoxazole			S	pone.0181072.s001.xlsx
28704546	Sheet1	HCW23_100415				Benzylpenicillin			R	pone.0181072.s001.xlsx
28704546	Sheet1	HCW23_100415				Oxacillin	=	0.5	S	pone.0181072.s001.xlsx
28704546	Sheet1	HCW23_100415				Gentamicin			S	pone.0181072.s001.xlsx
28704546	Sheet1	HCW23_100415				Kanamycin			S	pone.0181072.s001.xlsx
28704546	Sheet1	HCW23_100415				Tobramycin			S	pone.0181072.s001.xlsx
28704546	Sheet1	HCW23_100415				Ciprofloxacin			S	pone.0181072.s001.xlsx
28704546	Sheet1	HCW23_100415				Erythromycin	=	1	S	pone.0181072.s001.xlsx
28704546	Sheet1	HCW23_100415				Clindamycin	=	0.25	S	pone.0181072.s001.xlsx
28704546	Sheet1	HCW23_100415				Linezolid	=	2	S	pone.0181072.s001.xlsx
28704546	Sheet1	HCW23_100415				Teicoplanin			S	pone.0181072.s001.xlsx
28704546	Sheet1	HCW23_100415				Vancomycin	=	1	S	pone.0181072.s001.xlsx
28704546	Sheet1	HCW23_100415				Tetracycline			S	pone.0181072.s001.xlsx
28704546	Sheet1	HCW23_100415				Fosfomycin 			S	pone.0181072.s001.xlsx
28704546	Sheet1	HCW23_100415				Fusidic Acid			S	pone.0181072.s001.xlsx
28704546	Sheet1	HCW23_100415				Mupirocin			S	pone.0181072.s001.xlsx
28704546	Sheet1	HCW23_100415				Chloramphenicol			R	pone.0181072.s001.xlsx
28704546	Sheet1	HCW23_100415				Rifampicin			S	pone.0181072.s001.xlsx
28704546	Sheet1	HCW23_100415				Trimethoprim/Sulfamethoxazole			S	pone.0181072.s001.xlsx
28704546	Sheet1	HCW24_100415				Benzylpenicillin	=	0.25	R	pone.0181072.s001.xlsx
28704546	Sheet1	HCW24_100415				Oxacillin			S	pone.0181072.s001.xlsx
28704546	Sheet1	HCW24_100415				Gentamicin			S	pone.0181072.s001.xlsx
28704546	Sheet1	HCW24_100415				Kanamycin			S	pone.0181072.s001.xlsx
28704546	Sheet1	HCW24_100415				Tobramycin			S	pone.0181072.s001.xlsx
28704546	Sheet1	HCW24_100415				Ciprofloxacin			S	pone.0181072.s001.xlsx
28704546	Sheet1	HCW24_100415				Erythromycin	=	0.5	S	pone.0181072.s001.xlsx
28704546	Sheet1	HCW24_100415				Clindamycin	=	0.25	S	pone.0181072.s001.xlsx
28704546	Sheet1	HCW24_100415				Linezolid	=	2	S	pone.0181072.s001.xlsx
28704546	Sheet1	HCW24_100415				Teicoplanin			S	pone.0181072.s001.xlsx
28704546	Sheet1	HCW24_100415				Vancomycin			S	pone.0181072.s001.xlsx
28704546	Sheet1	HCW24_100415				Tetracycline			S	pone.0181072.s001.xlsx
28704546	Sheet1	HCW24_100415				Fosfomycin 			S	pone.0181072.s001.xlsx
28704546	Sheet1	HCW24_100415				Fusidic Acid			S	pone.0181072.s001.xlsx
28704546	Sheet1	HCW24_100415				Mupirocin			S	pone.0181072.s001.xlsx
28704546	Sheet1	HCW24_100415				Chloramphenicol			S	pone.0181072.s001.xlsx
28704546	Sheet1	HCW24_100415				Rifampicin			S	pone.0181072.s001.xlsx
28704546	Sheet1	HCW24_100415				Trimethoprim/Sulfamethoxazole			R	pone.0181072.s001.xlsx
28704546	Sheet1	HCW26_070515				Benzylpenicillin			R	pone.0181072.s001.xlsx
28704546	Sheet1	HCW26_070515				Oxacillin			S	pone.0181072.s001.xlsx
28704546	Sheet1	HCW26_070515				Gentamicin			S	pone.0181072.s001.xlsx
28704546	Sheet1	HCW26_070515				Kanamycin			S	pone.0181072.s001.xlsx
28704546	Sheet1	HCW26_070515				Tobramycin			S	pone.0181072.s001.xlsx
28704546	Sheet1	HCW26_070515				Ciprofloxacin			S	pone.0181072.s001.xlsx
28704546	Sheet1	HCW26_070515				Erythromycin	=	0.5	S	pone.0181072.s001.xlsx
28704546	Sheet1	HCW26_070515				Clindamycin	=	0.25	S	pone.0181072.s001.xlsx
28704546	Sheet1	HCW26_070515				Linezolid	=	2	S	pone.0181072.s001.xlsx
28704546	Sheet1	HCW26_070515				Teicoplanin			S	pone.0181072.s001.xlsx
28704546	Sheet1	HCW26_070515				Vancomycin			S	pone.0181072.s001.xlsx
28704546	Sheet1	HCW26_070515				Tetracycline			S	pone.0181072.s001.xlsx
28704546	Sheet1	HCW26_070515				Fosfomycin 			S	pone.0181072.s001.xlsx
28704546	Sheet1	HCW26_070515				Fusidic Acid			S	pone.0181072.s001.xlsx
28704546	Sheet1	HCW26_070515				Mupirocin			S	pone.0181072.s001.xlsx
28704546	Sheet1	HCW26_070515				Chloramphenicol			S	pone.0181072.s001.xlsx
28704546	Sheet1	HCW26_070515				Rifampicin			S	pone.0181072.s001.xlsx
28704546	Sheet1	HCW26_070515				Trimethoprim/Sulfamethoxazole			S	pone.0181072.s001.xlsx
28704546	Sheet1	HCW26_130415				Benzylpenicillin			R	pone.0181072.s001.xlsx
28704546	Sheet1	HCW26_130415				Oxacillin			S	pone.0181072.s001.xlsx
28704546	Sheet1	HCW26_130415				Gentamicin			S	pone.0181072.s001.xlsx
28704546	Sheet1	HCW26_130415				Kanamycin			S	pone.0181072.s001.xlsx
28704546	Sheet1	HCW26_130415				Tobramycin			S	pone.0181072.s001.xlsx
28704546	Sheet1	HCW26_130415				Ciprofloxacin			S	pone.0181072.s001.xlsx
28704546	Sheet1	HCW26_130415				Erythromycin	=	0.5	S	pone.0181072.s001.xlsx
28704546	Sheet1	HCW26_130415				Clindamycin	=	0.25	S	pone.0181072.s001.xlsx
28704546	Sheet1	HCW26_130415				Linezolid	=	2	S	pone.0181072.s001.xlsx
28704546	Sheet1	HCW26_130415				Teicoplanin			S	pone.0181072.s001.xlsx
28704546	Sheet1	HCW26_130415				Vancomycin	=	1	S	pone.0181072.s001.xlsx
28704546	Sheet1	HCW26_130415				Tetracycline			S	pone.0181072.s001.xlsx
28704546	Sheet1	HCW26_130415				Fosfomycin 			S	pone.0181072.s001.xlsx
28704546	Sheet1	HCW26_130415				Fusidic Acid			S	pone.0181072.s001.xlsx
28704546	Sheet1	HCW26_130415				Mupirocin			S	pone.0181072.s001.xlsx
28704546	Sheet1	HCW26_130415				Chloramphenicol			S	pone.0181072.s001.xlsx
28704546	Sheet1	HCW26_130415				Rifampicin			S	pone.0181072.s001.xlsx
28704546	Sheet1	HCW26_130415				Trimethoprim/Sulfamethoxazole			S	pone.0181072.s001.xlsx
28704546	Sheet1	HCW28_160415				Benzylpenicillin			R	pone.0181072.s001.xlsx
28704546	Sheet1	HCW28_160415				Oxacillin	=	0.5	S	pone.0181072.s001.xlsx
28704546	Sheet1	HCW28_160415				Gentamicin			S	pone.0181072.s001.xlsx
28704546	Sheet1	HCW28_160415				Kanamycin			S	pone.0181072.s001.xlsx
28704546	Sheet1	HCW28_160415				Tobramycin			S	pone.0181072.s001.xlsx
28704546	Sheet1	HCW28_160415				Ciprofloxacin			S	pone.0181072.s001.xlsx
28704546	Sheet1	HCW28_160415				Erythromycin	=	1	S	pone.0181072.s001.xlsx
28704546	Sheet1	HCW28_160415				Clindamycin	=	0.25	S	pone.0181072.s001.xlsx
28704546	Sheet1	HCW28_160415				Linezolid	=	2	S	pone.0181072.s001.xlsx
28704546	Sheet1	HCW28_160415				Teicoplanin			S	pone.0181072.s001.xlsx
28704546	Sheet1	HCW28_160415				Vancomycin			S	pone.0181072.s001.xlsx
28704546	Sheet1	HCW28_160415				Tetracycline			S	pone.0181072.s001.xlsx
28704546	Sheet1	HCW28_160415				Fosfomycin 			S	pone.0181072.s001.xlsx
28704546	Sheet1	HCW28_160415				Fusidic Acid			S	pone.0181072.s001.xlsx
28704546	Sheet1	HCW28_160415				Mupirocin			S	pone.0181072.s001.xlsx
28704546	Sheet1	HCW28_160415				Chloramphenicol			S	pone.0181072.s001.xlsx
28704546	Sheet1	HCW28_160415				Rifampicin			S	pone.0181072.s001.xlsx
28704546	Sheet1	HCW28_160415				Trimethoprim/Sulfamethoxazole			S	pone.0181072.s001.xlsx
29229636	Sheet1	DMG1700924	PRJNA412108	BioProject		FA MIC (mg/L)	=	8		AAC.02000-17_zac002186908s1.xlsx
29229636	Sheet1	DMG1700924	PRJNA412108	BioProject		Mupirocin MIC (mg/L)	=	1024		AAC.02000-17_zac002186908s1.xlsx
29229636	Sheet1	DMG1700925	PRJNA412108	BioProject		FA MIC (mg/L)	=	4		AAC.02000-17_zac002186908s1.xlsx
29229636	Sheet1	DMG1700925	PRJNA412108	BioProject		Mupirocin MIC (mg/L)	=	0.12		AAC.02000-17_zac002186908s1.xlsx
29229636	Sheet1	DMG1700926	PRJNA412108	BioProject		FA MIC (mg/L)	=	8		AAC.02000-17_zac002186908s1.xlsx
29229636	Sheet1	DMG1700926	PRJNA412108	BioProject		Mupirocin MIC (mg/L)	=	1024		AAC.02000-17_zac002186908s1.xlsx
29229636	Sheet1	DMG1700927	PRJNA412108	BioProject		FA MIC (mg/L)	=	8		AAC.02000-17_zac002186908s1.xlsx
29229636	Sheet1	DMG1700927	PRJNA412108	BioProject		Mupirocin MIC (mg/L)	=	1024		AAC.02000-17_zac002186908s1.xlsx
29229636	Sheet1	DMG1700928	PRJNA412108	BioProject		FA MIC (mg/L)	=	8		AAC.02000-17_zac002186908s1.xlsx
29229636	Sheet1	DMG1700928	PRJNA412108	BioProject		Mupirocin MIC (mg/L)	=	512		AAC.02000-17_zac002186908s1.xlsx
29229636	Sheet1	DMG1700929	PRJNA412108	BioProject		FA MIC (mg/L)	=	8		AAC.02000-17_zac002186908s1.xlsx
29229636	Sheet1	DMG1700929	PRJNA412108	BioProject		Mupirocin MIC (mg/L)	=	1024		AAC.02000-17_zac002186908s1.xlsx
29229636	Sheet1	DMG1700930	PRJNA412108	BioProject		FA MIC (mg/L)	=	8		AAC.02000-17_zac002186908s1.xlsx
29229636	Sheet1	DMG1700930	PRJNA412108	BioProject		Mupirocin MIC (mg/L)	=	0.12		AAC.02000-17_zac002186908s1.xlsx
29229636	Sheet1	DMG1700931	PRJNA412108	BioProject		FA MIC (mg/L)	=	8		AAC.02000-17_zac002186908s1.xlsx
29229636	Sheet1	DMG1700931	PRJNA412108	BioProject		Mupirocin MIC (mg/L)	=	1024		AAC.02000-17_zac002186908s1.xlsx
29229636	Sheet1	DMG1700932	PRJNA412108	BioProject		FA MIC (mg/L)	=	8		AAC.02000-17_zac002186908s1.xlsx
29229636	Sheet1	DMG1700932	PRJNA412108	BioProject		Mupirocin MIC (mg/L)	=	0.25		AAC.02000-17_zac002186908s1.xlsx
29229636	Sheet1	DMG1700933	PRJNA412108	BioProject		FA MIC (mg/L)	=	8		AAC.02000-17_zac002186908s1.xlsx
29229636	Sheet1	DMG1700933	PRJNA412108	BioProject		Mupirocin MIC (mg/L)	=	1024		AAC.02000-17_zac002186908s1.xlsx
29229636	Sheet1	DMG1700934	PRJNA412108	BioProject		FA MIC (mg/L)	=	8		AAC.02000-17_zac002186908s1.xlsx
29229636	Sheet1	DMG1700934	PRJNA412108	BioProject		Mupirocin MIC (mg/L)	=	0.25		AAC.02000-17_zac002186908s1.xlsx
29229636	Sheet1	DMG1700935	PRJNA412108	BioProject		FA MIC (mg/L)	=	8		AAC.02000-17_zac002186908s1.xlsx
29229636	Sheet1	DMG1700935	PRJNA412108	BioProject		Mupirocin MIC (mg/L)	=	1024		AAC.02000-17_zac002186908s1.xlsx
29229636	Sheet1	DMG1700936	PRJNA412108	BioProject		FA MIC (mg/L)	=	4		AAC.02000-17_zac002186908s1.xlsx
29229636	Sheet1	DMG1700936	PRJNA412108	BioProject		Mupirocin MIC (mg/L)	=	0.12		AAC.02000-17_zac002186908s1.xlsx
29229636	Sheet1	DMG1700937	PRJNA412108	BioProject		FA MIC (mg/L)	=	8		AAC.02000-17_zac002186908s1.xlsx
29229636	Sheet1	DMG1700937	PRJNA412108	BioProject		Mupirocin MIC (mg/L)	=	1024		AAC.02000-17_zac002186908s1.xlsx
29229636	Sheet1	DMG1700938	PRJNA412108	BioProject		FA MIC (mg/L)	=	8		AAC.02000-17_zac002186908s1.xlsx
29229636	Sheet1	DMG1700938	PRJNA412108	BioProject		Mupirocin MIC (mg/L)	=	0.12		AAC.02000-17_zac002186908s1.xlsx
29229636	Sheet1	DMG1700939	PRJNA412108	BioProject		FA MIC (mg/L)	=	8		AAC.02000-17_zac002186908s1.xlsx
29229636	Sheet1	DMG1700939	PRJNA412108	BioProject		Mupirocin MIC (mg/L)	=	0.25		AAC.02000-17_zac002186908s1.xlsx
29229636	Sheet1	DMG1700940	PRJNA412108	BioProject		FA MIC (mg/L)	=	8		AAC.02000-17_zac002186908s1.xlsx
29229636	Sheet1	DMG1700940	PRJNA412108	BioProject		Mupirocin MIC (mg/L)	=	0.25		AAC.02000-17_zac002186908s1.xlsx
29229636	Sheet1	DMG1700941	PRJNA412108	BioProject		FA MIC (mg/L)	=	8		AAC.02000-17_zac002186908s1.xlsx
29229636	Sheet1	DMG1700941	PRJNA412108	BioProject		Mupirocin MIC (mg/L)	=	0.12		AAC.02000-17_zac002186908s1.xlsx
29229636	Sheet1	DMG1700942	PRJNA412108	BioProject		FA MIC (mg/L)	=	8		AAC.02000-17_zac002186908s1.xlsx
29229636	Sheet1	DMG1700942	PRJNA412108	BioProject		Mupirocin MIC (mg/L)	=	0.25		AAC.02000-17_zac002186908s1.xlsx
29229636	Sheet1	DMG1700943	PRJNA412108	BioProject		FA MIC (mg/L)	=	8		AAC.02000-17_zac002186908s1.xlsx
29229636	Sheet1	DMG1700943	PRJNA412108	BioProject		Mupirocin MIC (mg/L)	=	1024		AAC.02000-17_zac002186908s1.xlsx
29229636	Sheet1	DMG1700944	PRJNA412108	BioProject		FA MIC (mg/L)	=	8		AAC.02000-17_zac002186908s1.xlsx
29229636	Sheet1	DMG1700944	PRJNA412108	BioProject		Mupirocin MIC (mg/L)	=	1024		AAC.02000-17_zac002186908s1.xlsx
29229636	Sheet1	DMG1700945	PRJNA412108	BioProject		FA MIC (mg/L)	=	4		AAC.02000-17_zac002186908s1.xlsx
29229636	Sheet1	DMG1700945	PRJNA412108	BioProject		Mupirocin MIC (mg/L)	=	0.12		AAC.02000-17_zac002186908s1.xlsx
29229636	Sheet1	DMG1700946	PRJNA412108	BioProject		FA MIC (mg/L)	=	8		AAC.02000-17_zac002186908s1.xlsx
29229636	Sheet1	DMG1700946	PRJNA412108	BioProject		Mupirocin MIC (mg/L)	=	1024		AAC.02000-17_zac002186908s1.xlsx
29229636	Sheet1	DMG1700947	PRJNA412108	BioProject		FA MIC (mg/L)	=	8		AAC.02000-17_zac002186908s1.xlsx
29229636	Sheet1	DMG1700947	PRJNA412108	BioProject		Mupirocin MIC (mg/L)	=	1024		AAC.02000-17_zac002186908s1.xlsx
29229636	Sheet1	DMG1700948	PRJNA412108	BioProject		FA MIC (mg/L)	=	8		AAC.02000-17_zac002186908s1.xlsx
29229636	Sheet1	DMG1700948	PRJNA412108	BioProject		Mupirocin MIC (mg/L)	=	0.25		AAC.02000-17_zac002186908s1.xlsx
29229636	Sheet1	DMG1700949	PRJNA412108	BioProject		FA MIC (mg/L)	=	4		AAC.02000-17_zac002186908s1.xlsx
29229636	Sheet1	DMG1700949	PRJNA412108	BioProject		Mupirocin MIC (mg/L)	=	0.12		AAC.02000-17_zac002186908s1.xlsx
29229636	Sheet1	DMG1700950	PRJNA412108	BioProject		FA MIC (mg/L)	=	4		AAC.02000-17_zac002186908s1.xlsx
29229636	Sheet1	DMG1700950	PRJNA412108	BioProject		Mupirocin MIC (mg/L)	=	0.25		AAC.02000-17_zac002186908s1.xlsx
29229636	Sheet1	DMG1700951	PRJNA412108	BioProject		FA MIC (mg/L)	=	8		AAC.02000-17_zac002186908s1.xlsx
29229636	Sheet1	DMG1700951	PRJNA412108	BioProject		Mupirocin MIC (mg/L)	=	512		AAC.02000-17_zac002186908s1.xlsx
29229636	Sheet1	DMG1700953	PRJNA412108	BioProject		FA MIC (mg/L)	=	8		AAC.02000-17_zac002186908s1.xlsx
29229636	Sheet1	DMG1700953	PRJNA412108	BioProject		Mupirocin MIC (mg/L)	=	0.25		AAC.02000-17_zac002186908s1.xlsx
29229636	Sheet1	DMG1700954	PRJNA412108	BioProject		FA MIC (mg/L)	=	8		AAC.02000-17_zac002186908s1.xlsx
29229636	Sheet1	DMG1700954	PRJNA412108	BioProject		Mupirocin MIC (mg/L)	=	1024		AAC.02000-17_zac002186908s1.xlsx
29229636	Sheet1	DMG1700955	PRJNA412108	BioProject		FA MIC (mg/L)	=	4		AAC.02000-17_zac002186908s1.xlsx
29229636	Sheet1	DMG1700955	PRJNA412108	BioProject		Mupirocin MIC (mg/L)	=	1024		AAC.02000-17_zac002186908s1.xlsx
29229636	Sheet1	DMG1700956	PRJNA412108	BioProject		FA MIC (mg/L)	=	8		AAC.02000-17_zac002186908s1.xlsx
29229636	Sheet1	DMG1700956	PRJNA412108	BioProject		Mupirocin MIC (mg/L)	=	0.12		AAC.02000-17_zac002186908s1.xlsx
29229636	Sheet1	DMG1700957	PRJNA412108	BioProject		FA MIC (mg/L)	=	4		AAC.02000-17_zac002186908s1.xlsx
29229636	Sheet1	DMG1700957	PRJNA412108	BioProject		Mupirocin MIC (mg/L)	=	1024		AAC.02000-17_zac002186908s1.xlsx
29229636	Sheet1	DMG1700958	PRJNA412108	BioProject		FA MIC (mg/L)	=	0.25		AAC.02000-17_zac002186908s1.xlsx
29229636	Sheet1	DMG1700958	PRJNA412108	BioProject		Mupirocin MIC (mg/L)	=	0.125		AAC.02000-17_zac002186908s1.xlsx
29229636	Sheet1	DMG1700959	PRJNA412108	BioProject		FA MIC (mg/L)	=	8		AAC.02000-17_zac002186908s1.xlsx
29229636	Sheet1	DMG1700959	PRJNA412108	BioProject		Mupirocin MIC (mg/L)	=	0.25		AAC.02000-17_zac002186908s1.xlsx
29229636	Sheet1	DMG1700960	PRJNA412108	BioProject		FA MIC (mg/L)	=	4		AAC.02000-17_zac002186908s1.xlsx
29229636	Sheet1	DMG1700960	PRJNA412108	BioProject		Mupirocin MIC (mg/L)	=	1024		AAC.02000-17_zac002186908s1.xlsx
29229636	Sheet1	DMG1700961	PRJNA412108	BioProject		FA MIC (mg/L)	=	4		AAC.02000-17_zac002186908s1.xlsx
29229636	Sheet1	DMG1700961	PRJNA412108	BioProject		Mupirocin MIC (mg/L)	=	0.25		AAC.02000-17_zac002186908s1.xlsx
29229636	Sheet1	DMG1700962	PRJNA412108	BioProject		FA MIC (mg/L)	=	8		AAC.02000-17_zac002186908s1.xlsx
29229636	Sheet1	DMG1700962	PRJNA412108	BioProject		Mupirocin MIC (mg/L)	=	0.25		AAC.02000-17_zac002186908s1.xlsx
29229636	Sheet1	DMG1700963	PRJNA412108	BioProject		FA MIC (mg/L)	=	8		AAC.02000-17_zac002186908s1.xlsx
29229636	Sheet1	DMG1700963	PRJNA412108	BioProject		Mupirocin MIC (mg/L)	=	512		AAC.02000-17_zac002186908s1.xlsx
29229636	Sheet1	DMG1700964	PRJNA412108	BioProject		FA MIC (mg/L)	=	8		AAC.02000-17_zac002186908s1.xlsx
29229636	Sheet1	DMG1700964	PRJNA412108	BioProject		Mupirocin MIC (mg/L)	=	1024		AAC.02000-17_zac002186908s1.xlsx
29229636	Sheet1	DMG1700965	PRJNA412108	BioProject		FA MIC (mg/L)	=	8		AAC.02000-17_zac002186908s1.xlsx
29229636	Sheet1	DMG1700965	PRJNA412108	BioProject		Mupirocin MIC (mg/L)	=	1024		AAC.02000-17_zac002186908s1.xlsx
29229636	Sheet1	DMG1700966	PRJNA412108	BioProject		FA MIC (mg/L)	=	4		AAC.02000-17_zac002186908s1.xlsx
29229636	Sheet1	DMG1700966	PRJNA412108	BioProject		Mupirocin MIC (mg/L)	=	0.12		AAC.02000-17_zac002186908s1.xlsx
29229636	Sheet1	DMG1700967	PRJNA412108	BioProject		FA MIC (mg/L)	=	8		AAC.02000-17_zac002186908s1.xlsx
29229636	Sheet1	DMG1700967	PRJNA412108	BioProject		Mupirocin MIC (mg/L)	=	0.5		AAC.02000-17_zac002186908s1.xlsx
29229636	Sheet1	DMG1700968	PRJNA412108	BioProject		FA MIC (mg/L)	=	8		AAC.02000-17_zac002186908s1.xlsx
29229636	Sheet1	DMG1700968	PRJNA412108	BioProject		Mupirocin MIC (mg/L)	=	0.12		AAC.02000-17_zac002186908s1.xlsx
29229636	Sheet1	DMG1700969	PRJNA412108	BioProject		FA MIC (mg/L)	=	8		AAC.02000-17_zac002186908s1.xlsx
29229636	Sheet1	DMG1700969	PRJNA412108	BioProject		Mupirocin MIC (mg/L)	=	0.25		AAC.02000-17_zac002186908s1.xlsx
29229636	Sheet1	DMG1700970	PRJNA412108	BioProject		FA MIC (mg/L)	=	8		AAC.02000-17_zac002186908s1.xlsx
29229636	Sheet1	DMG1700970	PRJNA412108	BioProject		Mupirocin MIC (mg/L)	=	1024		AAC.02000-17_zac002186908s1.xlsx
29229636	Sheet1	DMG1700971	PRJNA412108	BioProject		FA MIC (mg/L)	=	8		AAC.02000-17_zac002186908s1.xlsx
29229636	Sheet1	DMG1700971	PRJNA412108	BioProject		Mupirocin MIC (mg/L)	=	0.12		AAC.02000-17_zac002186908s1.xlsx
29229636	Sheet1	DMG1700972	PRJNA412108	BioProject		FA MIC (mg/L)	=	8		AAC.02000-17_zac002186908s1.xlsx
29229636	Sheet1	DMG1700972	PRJNA412108	BioProject		Mupirocin MIC (mg/L)	=	0.25		AAC.02000-17_zac002186908s1.xlsx
29229636	Sheet1	DMG1700973	PRJNA412108	BioProject		FA MIC (mg/L)	=	4		AAC.02000-17_zac002186908s1.xlsx
29229636	Sheet1	DMG1700973	PRJNA412108	BioProject		Mupirocin MIC (mg/L)	=	0.12		AAC.02000-17_zac002186908s1.xlsx
29229636	Sheet1	DMG1700975	PRJNA412108	BioProject		FA MIC (mg/L)	=	8		AAC.02000-17_zac002186908s1.xlsx
29229636	Sheet1	DMG1700975	PRJNA412108	BioProject		Mupirocin MIC (mg/L)	=	0.12		AAC.02000-17_zac002186908s1.xlsx
29229636	Sheet1	NZ14487	PRJNA412108	BioProject		FA MIC (mg/L)	=	4		AAC.02000-17_zac002186908s1.xlsx
29229636	Sheet1	NZ14487	PRJNA412108	BioProject		Mupirocin MIC (mg/L)	=	1024		AAC.02000-17_zac002186908s1.xlsx
29229636	Sheet1	DMG1700977	PRJNA412108	BioProject		FA MIC (mg/L)	=	8		AAC.02000-17_zac002186908s1.xlsx
29229636	Sheet1	DMG1700977	PRJNA412108	BioProject		Mupirocin MIC (mg/L)	=	1024		AAC.02000-17_zac002186908s1.xlsx
29229636	Sheet1	DMG1700978	PRJNA412108	BioProject		FA MIC (mg/L)	=	8		AAC.02000-17_zac002186908s1.xlsx
29229636	Sheet1	DMG1700978	PRJNA412108	BioProject		Mupirocin MIC (mg/L)	=	0.25		AAC.02000-17_zac002186908s1.xlsx
29229636	Sheet1	DMG1700979	PRJNA412108	BioProject		FA MIC (mg/L)	=	8		AAC.02000-17_zac002186908s1.xlsx
29229636	Sheet1	DMG1700979	PRJNA412108	BioProject		Mupirocin MIC (mg/L)	=	0.12		AAC.02000-17_zac002186908s1.xlsx
29229636	Sheet1	DMG1700980	PRJNA412108	BioProject		FA MIC (mg/L)	=	4		AAC.02000-17_zac002186908s1.xlsx
29229636	Sheet1	DMG1700980	PRJNA412108	BioProject		Mupirocin MIC (mg/L)	=	1024		AAC.02000-17_zac002186908s1.xlsx
29229636	Sheet1	DMG1700981	PRJNA412108	BioProject		FA MIC (mg/L)	=	4		AAC.02000-17_zac002186908s1.xlsx
29229636	Sheet1	DMG1700981	PRJNA412108	BioProject		Mupirocin MIC (mg/L)	=	0.12		AAC.02000-17_zac002186908s1.xlsx
29229636	Sheet1	DMG1700982	PRJNA412108	BioProject		FA MIC (mg/L)	=	8		AAC.02000-17_zac002186908s1.xlsx
29229636	Sheet1	DMG1700982	PRJNA412108	BioProject		Mupirocin MIC (mg/L)	=	1024		AAC.02000-17_zac002186908s1.xlsx
29229636	Sheet1	DMG1700983	PRJNA412108	BioProject		FA MIC (mg/L)	=	4		AAC.02000-17_zac002186908s1.xlsx
29229636	Sheet1	DMG1700983	PRJNA412108	BioProject		Mupirocin MIC (mg/L)	=	1024		AAC.02000-17_zac002186908s1.xlsx
29229636	Sheet1	DMG1700984	PRJNA412108	BioProject		FA MIC (mg/L)	=	4		AAC.02000-17_zac002186908s1.xlsx
29229636	Sheet1	DMG1700984	PRJNA412108	BioProject		Mupirocin MIC (mg/L)	=	0.12		AAC.02000-17_zac002186908s1.xlsx
29229636	Sheet1	DMG1700985	PRJNA412108	BioProject		FA MIC (mg/L)	=	4		AAC.02000-17_zac002186908s1.xlsx
29229636	Sheet1	DMG1700985	PRJNA412108	BioProject		Mupirocin MIC (mg/L)	=	1024		AAC.02000-17_zac002186908s1.xlsx
29229636	Sheet1	DMG1700987	PRJNA412108	BioProject		FA MIC (mg/L)	=	4		AAC.02000-17_zac002186908s1.xlsx
29229636	Sheet1	DMG1700987	PRJNA412108	BioProject		Mupirocin MIC (mg/L)	=	1024		AAC.02000-17_zac002186908s1.xlsx
29229636	Sheet1	DMG1700988	PRJNA412108	BioProject		FA MIC (mg/L)	=	4		AAC.02000-17_zac002186908s1.xlsx
29229636	Sheet1	DMG1700988	PRJNA412108	BioProject		Mupirocin MIC (mg/L)	=	1024		AAC.02000-17_zac002186908s1.xlsx
29229636	Sheet1	DMG1700989	PRJNA412108	BioProject		FA MIC (mg/L)	=	8		AAC.02000-17_zac002186908s1.xlsx
29229636	Sheet1	DMG1700989	PRJNA412108	BioProject		Mupirocin MIC (mg/L)	=	0.12		AAC.02000-17_zac002186908s1.xlsx
29229636	Sheet1	DMG1700990	PRJNA412108	BioProject		FA MIC (mg/L)	=	8		AAC.02000-17_zac002186908s1.xlsx
29229636	Sheet1	DMG1700990	PRJNA412108	BioProject		Mupirocin MIC (mg/L)	=	1024		AAC.02000-17_zac002186908s1.xlsx
29229636	Sheet1	DMG1700992	PRJNA412108	BioProject		FA MIC (mg/L)	=	8		AAC.02000-17_zac002186908s1.xlsx
29229636	Sheet1	DMG1700992	PRJNA412108	BioProject		Mupirocin MIC (mg/L)	=	1024		AAC.02000-17_zac002186908s1.xlsx
29229636	Sheet1	DMG1700993	PRJNA412108	BioProject		FA MIC (mg/L)	=	8		AAC.02000-17_zac002186908s1.xlsx
29229636	Sheet1	DMG1700993	PRJNA412108	BioProject		Mupirocin MIC (mg/L)	=	1024		AAC.02000-17_zac002186908s1.xlsx
29229636	Sheet1	DMG1700994	PRJNA412108	BioProject		FA MIC (mg/L)	=	8		AAC.02000-17_zac002186908s1.xlsx
29229636	Sheet1	DMG1700994	PRJNA412108	BioProject		Mupirocin MIC (mg/L)	=	1024		AAC.02000-17_zac002186908s1.xlsx
29229636	Sheet1	DMG1700996	PRJNA412108	BioProject		FA MIC (mg/L)	=	8		AAC.02000-17_zac002186908s1.xlsx
29229636	Sheet1	DMG1700996	PRJNA412108	BioProject		Mupirocin MIC (mg/L)	=	0.25		AAC.02000-17_zac002186908s1.xlsx
29229636	Sheet1	DMG1701000	PRJNA412108	BioProject		FA MIC (mg/L)	=	8		AAC.02000-17_zac002186908s1.xlsx
29229636	Sheet1	DMG1701000	PRJNA412108	BioProject		Mupirocin MIC (mg/L)	=	512		AAC.02000-17_zac002186908s1.xlsx
29229636	Sheet1	DMG1701001	PRJNA412108	BioProject		FA MIC (mg/L)	=	8		AAC.02000-17_zac002186908s1.xlsx
29229636	Sheet1	DMG1701001	PRJNA412108	BioProject		Mupirocin MIC (mg/L)	=	1024		AAC.02000-17_zac002186908s1.xlsx
29229636	Sheet1	DMG1701002	PRJNA412108	BioProject		FA MIC (mg/L)	=	8		AAC.02000-17_zac002186908s1.xlsx
29229636	Sheet1	DMG1701002	PRJNA412108	BioProject		Mupirocin MIC (mg/L)	=	0.25		AAC.02000-17_zac002186908s1.xlsx
29229636	Sheet1	DMG1701003	PRJNA412108	BioProject		FA MIC (mg/L)	=	8		AAC.02000-17_zac002186908s1.xlsx
29229636	Sheet1	DMG1701003	PRJNA412108	BioProject		Mupirocin MIC (mg/L)	=	0.12		AAC.02000-17_zac002186908s1.xlsx
29229636	Sheet1	DMG1701004	PRJNA412108	BioProject		FA MIC (mg/L)	=	8		AAC.02000-17_zac002186908s1.xlsx
29229636	Sheet1	DMG1701004	PRJNA412108	BioProject		Mupirocin MIC (mg/L)	=	0.25		AAC.02000-17_zac002186908s1.xlsx
29229636	Sheet1	DMG1701005	PRJNA412108	BioProject		FA MIC (mg/L)	=	8		AAC.02000-17_zac002186908s1.xlsx
29229636	Sheet1	DMG1701005	PRJNA412108	BioProject		Mupirocin MIC (mg/L)	=	512		AAC.02000-17_zac002186908s1.xlsx
29229636	Sheet1	DMG1701006	PRJNA412108	BioProject		FA MIC (mg/L)	=	8		AAC.02000-17_zac002186908s1.xlsx
29229636	Sheet1	DMG1701006	PRJNA412108	BioProject		Mupirocin MIC (mg/L)	=	0.25		AAC.02000-17_zac002186908s1.xlsx
29229636	Sheet1	DMG1701007	PRJNA412108	BioProject		FA MIC (mg/L)	=	8		AAC.02000-17_zac002186908s1.xlsx
29229636	Sheet1	DMG1701007	PRJNA412108	BioProject		Mupirocin MIC (mg/L)	=	1024		AAC.02000-17_zac002186908s1.xlsx
29229636	Sheet1	DMG1701009	PRJNA412108	BioProject		FA MIC (mg/L)	=	4		AAC.02000-17_zac002186908s1.xlsx
29229636	Sheet1	DMG1701009	PRJNA412108	BioProject		Mupirocin MIC (mg/L)	=	0.12		AAC.02000-17_zac002186908s1.xlsx
29229636	Sheet1	DMG1701010	PRJNA412108	BioProject		FA MIC (mg/L)	=	8		AAC.02000-17_zac002186908s1.xlsx
29229636	Sheet1	DMG1701010	PRJNA412108	BioProject		Mupirocin MIC (mg/L)	=	0.12		AAC.02000-17_zac002186908s1.xlsx
29229636	Sheet1	DMG1701011	PRJNA412108	BioProject		FA MIC (mg/L)	=	8		AAC.02000-17_zac002186908s1.xlsx
29229636	Sheet1	DMG1701011	PRJNA412108	BioProject		Mupirocin MIC (mg/L)	=	1024		AAC.02000-17_zac002186908s1.xlsx
29229636	Sheet1	DMG1701012	PRJNA412108	BioProject		FA MIC (mg/L)	=	4		AAC.02000-17_zac002186908s1.xlsx
29229636	Sheet1	DMG1701012	PRJNA412108	BioProject		Mupirocin MIC (mg/L)	=	0.12		AAC.02000-17_zac002186908s1.xlsx
29229636	Sheet1	DMG1701013	PRJNA412108	BioProject		FA MIC (mg/L)	=	8		AAC.02000-17_zac002186908s1.xlsx
29229636	Sheet1	DMG1701013	PRJNA412108	BioProject		Mupirocin MIC (mg/L)	=	0.12		AAC.02000-17_zac002186908s1.xlsx
29229636	Sheet1	DMG1701014	PRJNA412108	BioProject		FA MIC (mg/L)	=	0.25		AAC.02000-17_zac002186908s1.xlsx
29229636	Sheet1	DMG1701014	PRJNA412108	BioProject		Mupirocin MIC (mg/L)	=	0.25		AAC.02000-17_zac002186908s1.xlsx
29229636	Sheet1	DMG1701015	PRJNA412108	BioProject		FA MIC (mg/L)	=	8		AAC.02000-17_zac002186908s1.xlsx
29229636	Sheet1	DMG1701015	PRJNA412108	BioProject		Mupirocin MIC (mg/L)	=	512		AAC.02000-17_zac002186908s1.xlsx
29229636	Sheet1	DMG1701016	PRJNA412108	BioProject		FA MIC (mg/L)	=	8		AAC.02000-17_zac002186908s1.xlsx
29229636	Sheet1	DMG1701016	PRJNA412108	BioProject		Mupirocin MIC (mg/L)	=	0.12		AAC.02000-17_zac002186908s1.xlsx
29229636	Sheet1	DMG1701017	PRJNA412108	BioProject		FA MIC (mg/L)	=	8		AAC.02000-17_zac002186908s1.xlsx
29229636	Sheet1	DMG1701017	PRJNA412108	BioProject		Mupirocin MIC (mg/L)	=	0.12		AAC.02000-17_zac002186908s1.xlsx
29229636	Sheet1	DMG1701018	PRJNA412108	BioProject		FA MIC (mg/L)	=	8		AAC.02000-17_zac002186908s1.xlsx
29229636	Sheet1	DMG1701018	PRJNA412108	BioProject		Mupirocin MIC (mg/L)	=	1024		AAC.02000-17_zac002186908s1.xlsx
29229636	Sheet1	DMG1701019	PRJNA412108	BioProject		FA MIC (mg/L)	=	0.25		AAC.02000-17_zac002186908s1.xlsx
29229636	Sheet1	DMG1701019	PRJNA412108	BioProject		Mupirocin MIC (mg/L)	=	0.125		AAC.02000-17_zac002186908s1.xlsx
29229636	Sheet1	DMG1701020	PRJNA412108	BioProject		FA MIC (mg/L)	=	4		AAC.02000-17_zac002186908s1.xlsx
29229636	Sheet1	DMG1701020	PRJNA412108	BioProject		Mupirocin MIC (mg/L)	=	0.12		AAC.02000-17_zac002186908s1.xlsx
29229636	Sheet1	DMG1701021	PRJNA412108	BioProject		FA MIC (mg/L)	=	8		AAC.02000-17_zac002186908s1.xlsx
29229636	Sheet1	DMG1701021	PRJNA412108	BioProject		Mupirocin MIC (mg/L)	=	0.12		AAC.02000-17_zac002186908s1.xlsx
29229636	Sheet1	DMG1701022	PRJNA412108	BioProject		FA MIC (mg/L)	=	8		AAC.02000-17_zac002186908s1.xlsx
29229636	Sheet1	DMG1701022	PRJNA412108	BioProject		Mupirocin MIC (mg/L)	=	0.12		AAC.02000-17_zac002186908s1.xlsx
29229636	Sheet1	DMG1701023	PRJNA412108	BioProject		FA MIC (mg/L)	=	8		AAC.02000-17_zac002186908s1.xlsx
29229636	Sheet1	DMG1701023	PRJNA412108	BioProject		Mupirocin MIC (mg/L)	=	0.12		AAC.02000-17_zac002186908s1.xlsx
29229636	Sheet1	DMG1701024	PRJNA412108	BioProject		FA MIC (mg/L)	=	8		AAC.02000-17_zac002186908s1.xlsx
29229636	Sheet1	DMG1701024	PRJNA412108	BioProject		Mupirocin MIC (mg/L)	=	0.12		AAC.02000-17_zac002186908s1.xlsx
29229636	Sheet1	DMG1701025	PRJNA412108	BioProject		FA MIC (mg/L)	=	8		AAC.02000-17_zac002186908s1.xlsx
29229636	Sheet1	DMG1701025	PRJNA412108	BioProject		Mupirocin MIC (mg/L)	=	0.12		AAC.02000-17_zac002186908s1.xlsx
29229636	Sheet1	DMG1701026	PRJNA412108	BioProject		FA MIC (mg/L)	=	8		AAC.02000-17_zac002186908s1.xlsx
29229636	Sheet1	DMG1701026	PRJNA412108	BioProject		Mupirocin MIC (mg/L)	=	0.12		AAC.02000-17_zac002186908s1.xlsx
29229636	Sheet1	DMG1701027	PRJNA412108	BioProject		FA MIC (mg/L)	=	8		AAC.02000-17_zac002186908s1.xlsx
29229636	Sheet1	DMG1701027	PRJNA412108	BioProject		Mupirocin MIC (mg/L)	=	1024		AAC.02000-17_zac002186908s1.xlsx
29229636	Sheet1	DMG1701028	PRJNA412108	BioProject		FA MIC (mg/L)	=	8		AAC.02000-17_zac002186908s1.xlsx
29229636	Sheet1	DMG1701028	PRJNA412108	BioProject		Mupirocin MIC (mg/L)	=	0.06		AAC.02000-17_zac002186908s1.xlsx
29229636	Sheet1	DMG1701029	PRJNA412108	BioProject		FA MIC (mg/L)	=	8		AAC.02000-17_zac002186908s1.xlsx
29229636	Sheet1	DMG1701029	PRJNA412108	BioProject		Mupirocin MIC (mg/L)	=	0.12		AAC.02000-17_zac002186908s1.xlsx
29229636	Sheet1	DMG1701030	PRJNA412108	BioProject		FA MIC (mg/L)	=	8		AAC.02000-17_zac002186908s1.xlsx
29229636	Sheet1	DMG1701030	PRJNA412108	BioProject		Mupirocin MIC (mg/L)	=	1024		AAC.02000-17_zac002186908s1.xlsx
29229636	Sheet1	DMG1701031	PRJNA412108	BioProject		FA MIC (mg/L)	=	8		AAC.02000-17_zac002186908s1.xlsx
29229636	Sheet1	DMG1701031	PRJNA412108	BioProject		Mupirocin MIC (mg/L)	=	1024		AAC.02000-17_zac002186908s1.xlsx
29229636	Sheet1	DMG1701032	PRJNA412108	BioProject		FA MIC (mg/L)	=	8		AAC.02000-17_zac002186908s1.xlsx
29229636	Sheet1	DMG1701032	PRJNA412108	BioProject		Mupirocin MIC (mg/L)	=	1024		AAC.02000-17_zac002186908s1.xlsx
29229636	Sheet1	DMG1701033	PRJNA412108	BioProject		FA MIC (mg/L)	=	8		AAC.02000-17_zac002186908s1.xlsx
29229636	Sheet1	DMG1701033	PRJNA412108	BioProject		Mupirocin MIC (mg/L)	=	1024		AAC.02000-17_zac002186908s1.xlsx
34589061	Лист1	CNS144	SRX2765618	SRA_Experiment	S.epidermidis	OXA	=	128		Table_4.XLSX
34589061	Лист1	CNS144	SRX2765618	SRA_Experiment	S.epidermidis	FOX	=	256		Table_4.XLSX
34589061	Лист1	CNS144	SRX2765618	SRA_Experiment	S.epidermidis	LNZ	=	32		Table_4.XLSX
34589061	Лист1	CNS144	SRX2765618	SRA_Experiment	S.epidermidis	TDZ	=	2		Table_4.XLSX
34589061	Лист1	CNS144	SRX2765618	SRA_Experiment	S.epidermidis	VAN	=	4		Table_4.XLSX
34589061	Лист1	CNS144	SRX2765618	SRA_Experiment	S.epidermidis	ORI	<	0.03		Table_4.XLSX
34589061	Лист1	CNS144	SRX2765618	SRA_Experiment	S.epidermidis	DAL	=	0.03		Table_4.XLSX
34589061	Лист1	CNS144	SRX2765618	SRA_Experiment	S.epidermidis	TLV	=	0.125		Table_4.XLSX
34589061	Лист1	CNS144	SRX2765618	SRA_Experiment	S.epidermidis	TEC	=	2.0		Table_4.XLSX
34589061	Лист1	CNS144	SRX2765618	SRA_Experiment	S.epidermidis	DAP	=	0.125		Table_4.XLSX
34589061	Лист1	CNS144	SRX2765618	SRA_Experiment	S.epidermidis	TGC	=	0.125		Table_4.XLSX
34589061	Лист1	CNS144	SRX2765618	SRA_Experiment	S.epidermidis	TET	=	0.5		Table_4.XLSX
34589061	Лист1	CNS144	SRX2765618	SRA_Experiment	S.epidermidis	CPT	=	0.5		Table_4.XLSX
34589061	Лист1	CNS144	SRX2765618	SRA_Experiment	S.epidermidis	RIF	>	4		Table_4.XLSX
34589061	Лист1	CNS144	SRX2765618	SRA_Experiment	S.epidermidis	CIP	=	8		Table_4.XLSX
34589061	Лист1	CNS144	SRX2765618	SRA_Experiment	S.epidermidis	MXF	=	2.0		Table_4.XLSX
34589061	Лист1	CNS144	SRX2765618	SRA_Experiment	S.epidermidis	GEN	>	128		Table_4.XLSX
34589061	Лист1	CNS144	SRX2765618	SRA_Experiment	S.epidermidis	MUP	>	32		Table_4.XLSX
34589061	Лист1	CNS144	SRX2765618	SRA_Experiment	S.epidermidis	FUS	=	0.25		Table_4.XLSX
34589061	Лист1	CNS144	SRX2765618	SRA_Experiment	S.epidermidis	SXT	=	4.0		Table_4.XLSX
34589061	Лист1	CNS144	SRX2765618	SRA_Experiment	S.epidermidis	ERY	>	128		Table_4.XLSX
34589061	Лист1	CNS144	SRX2765618	SRA_Experiment	S.epidermidis	CLI	=	1		Table_4.XLSX
34589061	Лист1	CNS171	SRX2765617	SRA_Experiment	S.hominis	OXA	=	512		Table_4.XLSX
34589061	Лист1	CNS171	SRX2765617	SRA_Experiment	S.hominis	FOX	=	256		Table_4.XLSX
34589061	Лист1	CNS171	SRX2765617	SRA_Experiment	S.hominis	LNZ	>	32		Table_4.XLSX
34589061	Лист1	CNS171	SRX2765617	SRA_Experiment	S.hominis	TDZ	=	4		Table_4.XLSX
34589061	Лист1	CNS171	SRX2765617	SRA_Experiment	S.hominis	VAN	=	2		Table_4.XLSX
34589061	Лист1	CNS171	SRX2765617	SRA_Experiment	S.hominis	ORI	<	0.03		Table_4.XLSX
34589061	Лист1	CNS171	SRX2765617	SRA_Experiment	S.hominis	DAL	=	0.06		Table_4.XLSX
34589061	Лист1	CNS171	SRX2765617	SRA_Experiment	S.hominis	TLV	=	0.125		Table_4.XLSX
34589061	Лист1	CNS171	SRX2765617	SRA_Experiment	S.hominis	TEC	=	4.0		Table_4.XLSX
34589061	Лист1	CNS171	SRX2765617	SRA_Experiment	S.hominis	DAP	=	0.25		Table_4.XLSX
34589061	Лист1	CNS171	SRX2765617	SRA_Experiment	S.hominis	TGC	=	0.25		Table_4.XLSX
34589061	Лист1	CNS171	SRX2765617	SRA_Experiment	S.hominis	TET	=	32		Table_4.XLSX
34589061	Лист1	CNS171	SRX2765617	SRA_Experiment	S.hominis	CPT	=	1.0		Table_4.XLSX
34589061	Лист1	CNS171	SRX2765617	SRA_Experiment	S.hominis	RIF	=	1		Table_4.XLSX
34589061	Лист1	CNS171	SRX2765617	SRA_Experiment	S.hominis	CIP	=	4		Table_4.XLSX
34589061	Лист1	CNS171	SRX2765617	SRA_Experiment	S.hominis	MXF	=	1.0		Table_4.XLSX
34589061	Лист1	CNS171	SRX2765617	SRA_Experiment	S.hominis	GEN	=	8		Table_4.XLSX
34589061	Лист1	CNS171	SRX2765617	SRA_Experiment	S.hominis	MUP	=	2		Table_4.XLSX
34589061	Лист1	CNS171	SRX2765617	SRA_Experiment	S.hominis	FUS	=	0.06		Table_4.XLSX
34589061	Лист1	CNS171	SRX2765617	SRA_Experiment	S.hominis	SXT	=	0.5		Table_4.XLSX
34589061	Лист1	CNS171	SRX2765617	SRA_Experiment	S.hominis	ERY	=	16		Table_4.XLSX
34589061	Лист1	CNS171	SRX2765617	SRA_Experiment	S.hominis	CLI	=	0.5		Table_4.XLSX
34589061	Лист1	CNS172	SRX2765616	SRA_Experiment	S.epidermidis	OXA	=	128		Table_4.XLSX
34589061	Лист1	CNS172	SRX2765616	SRA_Experiment	S.epidermidis	FOX	=	64		Table_4.XLSX
34589061	Лист1	CNS172	SRX2765616	SRA_Experiment	S.epidermidis	LNZ	>	32		Table_4.XLSX
34589061	Лист1	CNS172	SRX2765616	SRA_Experiment	S.epidermidis	TDZ	>	32		Table_4.XLSX
34589061	Лист1	CNS172	SRX2765616	SRA_Experiment	S.epidermidis	VAN	=	2		Table_4.XLSX
34589061	Лист1	CNS172	SRX2765616	SRA_Experiment	S.epidermidis	ORI	<	0.03		Table_4.XLSX
34589061	Лист1	CNS172	SRX2765616	SRA_Experiment	S.epidermidis	DAL	=	0.03		Table_4.XLSX
34589061	Лист1	CNS172	SRX2765616	SRA_Experiment	S.epidermidis	TLV	=	0.125		Table_4.XLSX
34589061	Лист1	CNS172	SRX2765616	SRA_Experiment	S.epidermidis	TEC	=	2.0		Table_4.XLSX
34589061	Лист1	CNS172	SRX2765616	SRA_Experiment	S.epidermidis	DAP	=	0.125		Table_4.XLSX
34589061	Лист1	CNS172	SRX2765616	SRA_Experiment	S.epidermidis	TGC	=	0.125		Table_4.XLSX
34589061	Лист1	CNS172	SRX2765616	SRA_Experiment	S.epidermidis	TET	=	1		Table_4.XLSX
34589061	Лист1	CNS172	SRX2765616	SRA_Experiment	S.epidermidis	CPT	=	0.25		Table_4.XLSX
34589061	Лист1	CNS172	SRX2765616	SRA_Experiment	S.epidermidis	RIF	=	0.5		Table_4.XLSX
34589061	Лист1	CNS172	SRX2765616	SRA_Experiment	S.epidermidis	CIP	=	32		Table_4.XLSX
34589061	Лист1	CNS172	SRX2765616	SRA_Experiment	S.epidermidis	MXF	=	32.0		Table_4.XLSX
34589061	Лист1	CNS172	SRX2765616	SRA_Experiment	S.epidermidis	GEN	=	128		Table_4.XLSX
34589061	Лист1	CNS172	SRX2765616	SRA_Experiment	S.epidermidis	MUP	>	32		Table_4.XLSX
34589061	Лист1	CNS172	SRX2765616	SRA_Experiment	S.epidermidis	FUS	=	8.0		Table_4.XLSX
34589061	Лист1	CNS172	SRX2765616	SRA_Experiment	S.epidermidis	SXT	=	2.0		Table_4.XLSX
34589061	Лист1	CNS172	SRX2765616	SRA_Experiment	S.epidermidis	ERY	<	0.125		Table_4.XLSX
34589061	Лист1	CNS172	SRX2765616	SRA_Experiment	S.epidermidis	CLI	=	64		Table_4.XLSX
34589061	Лист1	CNS173	SRX2765615	SRA_Experiment	S.hominis	OXA	=	512		Table_4.XLSX
34589061	Лист1	CNS173	SRX2765615	SRA_Experiment	S.hominis	FOX	=	256		Table_4.XLSX
34589061	Лист1	CNS173	SRX2765615	SRA_Experiment	S.hominis	LNZ	=	32		Table_4.XLSX
34589061	Лист1	CNS173	SRX2765615	SRA_Experiment	S.hominis	TDZ	=	8		Table_4.XLSX
34589061	Лист1	CNS173	SRX2765615	SRA_Experiment	S.hominis	VAN	=	2		Table_4.XLSX
34589061	Лист1	CNS173	SRX2765615	SRA_Experiment	S.hominis	ORI	<	0.03		Table_4.XLSX
34589061	Лист1	CNS173	SRX2765615	SRA_Experiment	S.hominis	DAL	=	0.06		Table_4.XLSX
34589061	Лист1	CNS173	SRX2765615	SRA_Experiment	S.hominis	TLV	=	0.125		Table_4.XLSX
34589061	Лист1	CNS173	SRX2765615	SRA_Experiment	S.hominis	TEC	=	4.0		Table_4.XLSX
34589061	Лист1	CNS173	SRX2765615	SRA_Experiment	S.hominis	DAP	=	0.125		Table_4.XLSX
34589061	Лист1	CNS173	SRX2765615	SRA_Experiment	S.hominis	TGC	=	0.25		Table_4.XLSX
34589061	Лист1	CNS173	SRX2765615	SRA_Experiment	S.hominis	TET	=	32		Table_4.XLSX
34589061	Лист1	CNS173	SRX2765615	SRA_Experiment	S.hominis	CPT	=	1.0		Table_4.XLSX
34589061	Лист1	CNS173	SRX2765615	SRA_Experiment	S.hominis	RIF	=	0.5		Table_4.XLSX
34589061	Лист1	CNS173	SRX2765615	SRA_Experiment	S.hominis	CIP	=	4		Table_4.XLSX
34589061	Лист1	CNS173	SRX2765615	SRA_Experiment	S.hominis	MXF	=	1.0		Table_4.XLSX
34589061	Лист1	CNS173	SRX2765615	SRA_Experiment	S.hominis	GEN	=	32		Table_4.XLSX
34589061	Лист1	CNS173	SRX2765615	SRA_Experiment	S.hominis	MUP	=	2		Table_4.XLSX
34589061	Лист1	CNS173	SRX2765615	SRA_Experiment	S.hominis	FUS	=	0.06		Table_4.XLSX
34589061	Лист1	CNS173	SRX2765615	SRA_Experiment	S.hominis	SXT	=	0.25		Table_4.XLSX
34589061	Лист1	CNS173	SRX2765615	SRA_Experiment	S.hominis	ERY	=	8		Table_4.XLSX
34589061	Лист1	CNS173	SRX2765615	SRA_Experiment	S.hominis	CLI	=	0.125		Table_4.XLSX
34589061	Лист1	CNS175	SRX2765614	SRA_Experiment	S.hominis	OXA	=	512		Table_4.XLSX
34589061	Лист1	CNS175	SRX2765614	SRA_Experiment	S.hominis	FOX	=	256		Table_4.XLSX
34589061	Лист1	CNS175	SRX2765614	SRA_Experiment	S.hominis	LNZ	=	32		Table_4.XLSX
34589061	Лист1	CNS175	SRX2765614	SRA_Experiment	S.hominis	TDZ	=	4		Table_4.XLSX
34589061	Лист1	CNS175	SRX2765614	SRA_Experiment	S.hominis	VAN	=	2		Table_4.XLSX
34589061	Лист1	CNS175	SRX2765614	SRA_Experiment	S.hominis	ORI	<	0.03		Table_4.XLSX
34589061	Лист1	CNS175	SRX2765614	SRA_Experiment	S.hominis	DAL	=	0.125		Table_4.XLSX
34589061	Лист1	CNS175	SRX2765614	SRA_Experiment	S.hominis	TLV	=	0.125		Table_4.XLSX
34589061	Лист1	CNS175	SRX2765614	SRA_Experiment	S.hominis	TEC	=	4.0		Table_4.XLSX
34589061	Лист1	CNS175	SRX2765614	SRA_Experiment	S.hominis	DAP	=	0.25		Table_4.XLSX
34589061	Лист1	CNS175	SRX2765614	SRA_Experiment	S.hominis	TGC	=	0.25		Table_4.XLSX
34589061	Лист1	CNS175	SRX2765614	SRA_Experiment	S.hominis	TET	=	32		Table_4.XLSX
34589061	Лист1	CNS175	SRX2765614	SRA_Experiment	S.hominis	CPT	=	1.0		Table_4.XLSX
34589061	Лист1	CNS175	SRX2765614	SRA_Experiment	S.hominis	RIF	=	0.5		Table_4.XLSX
34589061	Лист1	CNS175	SRX2765614	SRA_Experiment	S.hominis	CIP	=	4		Table_4.XLSX
34589061	Лист1	CNS175	SRX2765614	SRA_Experiment	S.hominis	MXF	=	1.0		Table_4.XLSX
34589061	Лист1	CNS175	SRX2765614	SRA_Experiment	S.hominis	GEN	=	16		Table_4.XLSX
34589061	Лист1	CNS175	SRX2765614	SRA_Experiment	S.hominis	MUP	=	2		Table_4.XLSX
34589061	Лист1	CNS175	SRX2765614	SRA_Experiment	S.hominis	FUS	=	0.06		Table_4.XLSX
34589061	Лист1	CNS175	SRX2765614	SRA_Experiment	S.hominis	SXT	=	0.25		Table_4.XLSX
34589061	Лист1	CNS175	SRX2765614	SRA_Experiment	S.hominis	ERY	=	16		Table_4.XLSX
34589061	Лист1	CNS175	SRX2765614	SRA_Experiment	S.hominis	CLI	=	0.5		Table_4.XLSX
34589061	Лист1	CNS178	SRX2765613	SRA_Experiment	S.epidermidis	OXA	=	64		Table_4.XLSX
34589061	Лист1	CNS178	SRX2765613	SRA_Experiment	S.epidermidis	FOX	=	32		Table_4.XLSX
34589061	Лист1	CNS178	SRX2765613	SRA_Experiment	S.epidermidis	LNZ	>	32		Table_4.XLSX
34589061	Лист1	CNS178	SRX2765613	SRA_Experiment	S.epidermidis	TDZ	=	16		Table_4.XLSX
34589061	Лист1	CNS178	SRX2765613	SRA_Experiment	S.epidermidis	VAN	=	1		Table_4.XLSX
34589061	Лист1	CNS178	SRX2765613	SRA_Experiment	S.epidermidis	ORI	<	0.03		Table_4.XLSX
34589061	Лист1	CNS178	SRX2765613	SRA_Experiment	S.epidermidis	DAL	<	0.03		Table_4.XLSX
34589061	Лист1	CNS178	SRX2765613	SRA_Experiment	S.epidermidis	TLV	=	0.06		Table_4.XLSX
34589061	Лист1	CNS178	SRX2765613	SRA_Experiment	S.epidermidis	TEC	=	0.125		Table_4.XLSX
34589061	Лист1	CNS178	SRX2765613	SRA_Experiment	S.epidermidis	DAP	=	0.125		Table_4.XLSX
34589061	Лист1	CNS178	SRX2765613	SRA_Experiment	S.epidermidis	TGC	=	0.25		Table_4.XLSX
34589061	Лист1	CNS178	SRX2765613	SRA_Experiment	S.epidermidis	TET	=	2		Table_4.XLSX
34589061	Лист1	CNS178	SRX2765613	SRA_Experiment	S.epidermidis	CPT	=	0.125		Table_4.XLSX
34589061	Лист1	CNS178	SRX2765613	SRA_Experiment	S.epidermidis	RIF	=	0.5		Table_4.XLSX
34589061	Лист1	CNS178	SRX2765613	SRA_Experiment	S.epidermidis	CIP	=	128		Table_4.XLSX
34589061	Лист1	CNS178	SRX2765613	SRA_Experiment	S.epidermidis	MXF	=	64.0		Table_4.XLSX
34589061	Лист1	CNS178	SRX2765613	SRA_Experiment	S.epidermidis	GEN	=	128		Table_4.XLSX
34589061	Лист1	CNS178	SRX2765613	SRA_Experiment	S.epidermidis	MUP	>	32		Table_4.XLSX
34589061	Лист1	CNS178	SRX2765613	SRA_Experiment	S.epidermidis	FUS	=	4.0		Table_4.XLSX
34589061	Лист1	CNS178	SRX2765613	SRA_Experiment	S.epidermidis	SXT	=	4.0		Table_4.XLSX
34589061	Лист1	CNS178	SRX2765613	SRA_Experiment	S.epidermidis	ERY	<	0.125		Table_4.XLSX
34589061	Лист1	CNS178	SRX2765613	SRA_Experiment	S.epidermidis	CLI	>	64		Table_4.XLSX
34589061	Лист1	CNS179	SRX2765612	SRA_Experiment	S.hominis	OXA	=	512		Table_4.XLSX
34589061	Лист1	CNS179	SRX2765612	SRA_Experiment	S.hominis	FOX	=	256		Table_4.XLSX
34589061	Лист1	CNS179	SRX2765612	SRA_Experiment	S.hominis	LNZ	=	32		Table_4.XLSX
34589061	Лист1	CNS179	SRX2765612	SRA_Experiment	S.hominis	TDZ	=	8		Table_4.XLSX
34589061	Лист1	CNS179	SRX2765612	SRA_Experiment	S.hominis	VAN	=	2		Table_4.XLSX
34589061	Лист1	CNS179	SRX2765612	SRA_Experiment	S.hominis	ORI	<	0.03		Table_4.XLSX
34589061	Лист1	CNS179	SRX2765612	SRA_Experiment	S.hominis	DAL	=	0.06		Table_4.XLSX
34589061	Лист1	CNS179	SRX2765612	SRA_Experiment	S.hominis	TLV	=	0.125		Table_4.XLSX
34589061	Лист1	CNS179	SRX2765612	SRA_Experiment	S.hominis	TEC	=	4.0		Table_4.XLSX
34589061	Лист1	CNS179	SRX2765612	SRA_Experiment	S.hominis	DAP	=	0.125		Table_4.XLSX
34589061	Лист1	CNS179	SRX2765612	SRA_Experiment	S.hominis	TGC	=	0.5		Table_4.XLSX
34589061	Лист1	CNS179	SRX2765612	SRA_Experiment	S.hominis	TET	=	32		Table_4.XLSX
34589061	Лист1	CNS179	SRX2765612	SRA_Experiment	S.hominis	CPT	=	1.0		Table_4.XLSX
34589061	Лист1	CNS179	SRX2765612	SRA_Experiment	S.hominis	RIF	=	1		Table_4.XLSX
34589061	Лист1	CNS179	SRX2765612	SRA_Experiment	S.hominis	CIP	=	8		Table_4.XLSX
34589061	Лист1	CNS179	SRX2765612	SRA_Experiment	S.hominis	MXF	=	1.0		Table_4.XLSX
34589061	Лист1	CNS179	SRX2765612	SRA_Experiment	S.hominis	GEN	=	32		Table_4.XLSX
34589061	Лист1	CNS179	SRX2765612	SRA_Experiment	S.hominis	MUP	=	4		Table_4.XLSX
34589061	Лист1	CNS179	SRX2765612	SRA_Experiment	S.hominis	FUS	=	0.125		Table_4.XLSX
34589061	Лист1	CNS179	SRX2765612	SRA_Experiment	S.hominis	SXT	=	0.5		Table_4.XLSX
34589061	Лист1	CNS179	SRX2765612	SRA_Experiment	S.hominis	ERY	=	16		Table_4.XLSX
34589061	Лист1	CNS179	SRX2765612	SRA_Experiment	S.hominis	CLI	=	0.5		Table_4.XLSX
34589061	Лист1	CNS180	SRX2765611	SRA_Experiment	S.epidermidis	OXA	=	4		Table_4.XLSX
34589061	Лист1	CNS180	SRX2765611	SRA_Experiment	S.epidermidis	FOX	=	32		Table_4.XLSX
34589061	Лист1	CNS180	SRX2765611	SRA_Experiment	S.epidermidis	LNZ	>	32		Table_4.XLSX
34589061	Лист1	CNS180	SRX2765611	SRA_Experiment	S.epidermidis	TDZ	=	16		Table_4.XLSX
34589061	Лист1	CNS180	SRX2765611	SRA_Experiment	S.epidermidis	VAN	=	2		Table_4.XLSX
34589061	Лист1	CNS180	SRX2765611	SRA_Experiment	S.epidermidis	ORI	<	0.03		Table_4.XLSX
34589061	Лист1	CNS180	SRX2765611	SRA_Experiment	S.epidermidis	DAL	<	0.03		Table_4.XLSX
34589061	Лист1	CNS180	SRX2765611	SRA_Experiment	S.epidermidis	TLV	=	0.06		Table_4.XLSX
34589061	Лист1	CNS180	SRX2765611	SRA_Experiment	S.epidermidis	TEC	=	1.0		Table_4.XLSX
34589061	Лист1	CNS180	SRX2765611	SRA_Experiment	S.epidermidis	DAP	=	0.25		Table_4.XLSX
34589061	Лист1	CNS180	SRX2765611	SRA_Experiment	S.epidermidis	TGC	=	0.25		Table_4.XLSX
34589061	Лист1	CNS180	SRX2765611	SRA_Experiment	S.epidermidis	TET	=	4		Table_4.XLSX
34589061	Лист1	CNS180	SRX2765611	SRA_Experiment	S.epidermidis	CPT	=	0.125		Table_4.XLSX
34589061	Лист1	CNS180	SRX2765611	SRA_Experiment	S.epidermidis	RIF	=	0.5		Table_4.XLSX
34589061	Лист1	CNS180	SRX2765611	SRA_Experiment	S.epidermidis	CIP	>	256		Table_4.XLSX
34589061	Лист1	CNS180	SRX2765611	SRA_Experiment	S.epidermidis	MXF	=	64.0		Table_4.XLSX
34589061	Лист1	CNS180	SRX2765611	SRA_Experiment	S.epidermidis	GEN	=	128		Table_4.XLSX
34589061	Лист1	CNS180	SRX2765611	SRA_Experiment	S.epidermidis	MUP	>	32		Table_4.XLSX
34589061	Лист1	CNS180	SRX2765611	SRA_Experiment	S.epidermidis	FUS	=	8.0		Table_4.XLSX
34589061	Лист1	CNS180	SRX2765611	SRA_Experiment	S.epidermidis	SXT	=	8.0		Table_4.XLSX
34589061	Лист1	CNS180	SRX2765611	SRA_Experiment	S.epidermidis	ERY	<	0.125		Table_4.XLSX
34589061	Лист1	CNS180	SRX2765611	SRA_Experiment	S.epidermidis	CLI	>	64		Table_4.XLSX
34589061	Лист1	CNS181	SRX2765610	SRA_Experiment	S.hominis	OXA	=	512		Table_4.XLSX
34589061	Лист1	CNS181	SRX2765610	SRA_Experiment	S.hominis	FOX	=	256		Table_4.XLSX
34589061	Лист1	CNS181	SRX2765610	SRA_Experiment	S.hominis	LNZ	>	32		Table_4.XLSX
34589061	Лист1	CNS181	SRX2765610	SRA_Experiment	S.hominis	TDZ	=	4		Table_4.XLSX
34589061	Лист1	CNS181	SRX2765610	SRA_Experiment	S.hominis	VAN	=	2		Table_4.XLSX
34589061	Лист1	CNS181	SRX2765610	SRA_Experiment	S.hominis	ORI	<	0.03		Table_4.XLSX
34589061	Лист1	CNS181	SRX2765610	SRA_Experiment	S.hominis	DAL	=	0.125		Table_4.XLSX
34589061	Лист1	CNS181	SRX2765610	SRA_Experiment	S.hominis	TLV	=	0.125		Table_4.XLSX
34589061	Лист1	CNS181	SRX2765610	SRA_Experiment	S.hominis	TEC	=	4.0		Table_4.XLSX
34589061	Лист1	CNS181	SRX2765610	SRA_Experiment	S.hominis	DAP	=	0.125		Table_4.XLSX
34589061	Лист1	CNS181	SRX2765610	SRA_Experiment	S.hominis	TGC	=	0.5		Table_4.XLSX
34589061	Лист1	CNS181	SRX2765610	SRA_Experiment	S.hominis	TET	=	64		Table_4.XLSX
34589061	Лист1	CNS181	SRX2765610	SRA_Experiment	S.hominis	CPT	=	1.0		Table_4.XLSX
34589061	Лист1	CNS181	SRX2765610	SRA_Experiment	S.hominis	RIF	=	1		Table_4.XLSX
34589061	Лист1	CNS181	SRX2765610	SRA_Experiment	S.hominis	CIP	=	8		Table_4.XLSX
34589061	Лист1	CNS181	SRX2765610	SRA_Experiment	S.hominis	MXF	=	1.0		Table_4.XLSX
34589061	Лист1	CNS181	SRX2765610	SRA_Experiment	S.hominis	GEN	=	32		Table_4.XLSX
34589061	Лист1	CNS181	SRX2765610	SRA_Experiment	S.hominis	MUP	=	2		Table_4.XLSX
34589061	Лист1	CNS181	SRX2765610	SRA_Experiment	S.hominis	FUS	=	0.06		Table_4.XLSX
34589061	Лист1	CNS181	SRX2765610	SRA_Experiment	S.hominis	SXT	=	0.5		Table_4.XLSX
34589061	Лист1	CNS181	SRX2765610	SRA_Experiment	S.hominis	ERY	=	64		Table_4.XLSX
34589061	Лист1	CNS181	SRX2765610	SRA_Experiment	S.hominis	CLI	=	1		Table_4.XLSX
34589061	Лист1	CNS182	SRX2765609	SRA_Experiment	S.hominis	OXA	=	512		Table_4.XLSX
34589061	Лист1	CNS182	SRX2765609	SRA_Experiment	S.hominis	FOX	=	256		Table_4.XLSX
34589061	Лист1	CNS182	SRX2765609	SRA_Experiment	S.hominis	LNZ	>	32		Table_4.XLSX
34589061	Лист1	CNS182	SRX2765609	SRA_Experiment	S.hominis	TDZ	=	4		Table_4.XLSX
34589061	Лист1	CNS182	SRX2765609	SRA_Experiment	S.hominis	VAN	=	2		Table_4.XLSX
34589061	Лист1	CNS182	SRX2765609	SRA_Experiment	S.hominis	ORI	<	0.03		Table_4.XLSX
34589061	Лист1	CNS182	SRX2765609	SRA_Experiment	S.hominis	DAL	=	0.125		Table_4.XLSX
34589061	Лист1	CNS182	SRX2765609	SRA_Experiment	S.hominis	TLV	=	0.125		Table_4.XLSX
34589061	Лист1	CNS182	SRX2765609	SRA_Experiment	S.hominis	TEC	=	4.0		Table_4.XLSX
34589061	Лист1	CNS182	SRX2765609	SRA_Experiment	S.hominis	DAP	=	0.125		Table_4.XLSX
34589061	Лист1	CNS182	SRX2765609	SRA_Experiment	S.hominis	TGC	=	0.5		Table_4.XLSX
34589061	Лист1	CNS182	SRX2765609	SRA_Experiment	S.hominis	TET	=	64		Table_4.XLSX
34589061	Лист1	CNS182	SRX2765609	SRA_Experiment	S.hominis	CPT	=	1.0		Table_4.XLSX
34589061	Лист1	CNS182	SRX2765609	SRA_Experiment	S.hominis	RIF	=	1		Table_4.XLSX
34589061	Лист1	CNS182	SRX2765609	SRA_Experiment	S.hominis	CIP	=	8		Table_4.XLSX
34589061	Лист1	CNS182	SRX2765609	SRA_Experiment	S.hominis	MXF	=	1.0		Table_4.XLSX
34589061	Лист1	CNS182	SRX2765609	SRA_Experiment	S.hominis	GEN	=	8		Table_4.XLSX
34589061	Лист1	CNS182	SRX2765609	SRA_Experiment	S.hominis	MUP	=	2		Table_4.XLSX
34589061	Лист1	CNS182	SRX2765609	SRA_Experiment	S.hominis	FUS	=	0.06		Table_4.XLSX
34589061	Лист1	CNS182	SRX2765609	SRA_Experiment	S.hominis	SXT	=	0.5		Table_4.XLSX
34589061	Лист1	CNS182	SRX2765609	SRA_Experiment	S.hominis	ERY	=	32		Table_4.XLSX
34589061	Лист1	CNS182	SRX2765609	SRA_Experiment	S.hominis	CLI	=	1		Table_4.XLSX
34589061	Лист1	CNS183	SRX2765608	SRA_Experiment	S.epidermidis	OXA	=	128		Table_4.XLSX
34589061	Лист1	CNS183	SRX2765608	SRA_Experiment	S.epidermidis	FOX	=	64		Table_4.XLSX
34589061	Лист1	CNS183	SRX2765608	SRA_Experiment	S.epidermidis	LNZ	=	32		Table_4.XLSX
34589061	Лист1	CNS183	SRX2765608	SRA_Experiment	S.epidermidis	TDZ	=	32		Table_4.XLSX
34589061	Лист1	CNS183	SRX2765608	SRA_Experiment	S.epidermidis	VAN	=	2		Table_4.XLSX
34589061	Лист1	CNS183	SRX2765608	SRA_Experiment	S.epidermidis	ORI	<	0.03		Table_4.XLSX
34589061	Лист1	CNS183	SRX2765608	SRA_Experiment	S.epidermidis	DAL	<	0.03		Table_4.XLSX
34589061	Лист1	CNS183	SRX2765608	SRA_Experiment	S.epidermidis	TLV	=	0.125		Table_4.XLSX
34589061	Лист1	CNS183	SRX2765608	SRA_Experiment	S.epidermidis	TEC	=	1.0		Table_4.XLSX
34589061	Лист1	CNS183	SRX2765608	SRA_Experiment	S.epidermidis	DAP	=	0.125		Table_4.XLSX
34589061	Лист1	CNS183	SRX2765608	SRA_Experiment	S.epidermidis	TGC	=	0.25		Table_4.XLSX
34589061	Лист1	CNS183	SRX2765608	SRA_Experiment	S.epidermidis	TET	=	2		Table_4.XLSX
34589061	Лист1	CNS183	SRX2765608	SRA_Experiment	S.epidermidis	CPT	=	0.25		Table_4.XLSX
34589061	Лист1	CNS183	SRX2765608	SRA_Experiment	S.epidermidis	RIF	=	0.5		Table_4.XLSX
34589061	Лист1	CNS183	SRX2765608	SRA_Experiment	S.epidermidis	CIP	=	128		Table_4.XLSX
34589061	Лист1	CNS183	SRX2765608	SRA_Experiment	S.epidermidis	MXF	=	64.0		Table_4.XLSX
34589061	Лист1	CNS183	SRX2765608	SRA_Experiment	S.epidermidis	GEN	>	128		Table_4.XLSX
34589061	Лист1	CNS183	SRX2765608	SRA_Experiment	S.epidermidis	MUP	=	16		Table_4.XLSX
34589061	Лист1	CNS183	SRX2765608	SRA_Experiment	S.epidermidis	FUS	=	8.0		Table_4.XLSX
34589061	Лист1	CNS183	SRX2765608	SRA_Experiment	S.epidermidis	SXT	=	2.0		Table_4.XLSX
34589061	Лист1	CNS183	SRX2765608	SRA_Experiment	S.epidermidis	ERY	<	0.125		Table_4.XLSX
34589061	Лист1	CNS183	SRX2765608	SRA_Experiment	S.epidermidis	CLI	=	64		Table_4.XLSX
34589061	Лист1	CNS184	SRX2765607	SRA_Experiment	S.epidermidis	OXA	=	16		Table_4.XLSX
34589061	Лист1	CNS184	SRX2765607	SRA_Experiment	S.epidermidis	FOX	=	32		Table_4.XLSX
34589061	Лист1	CNS184	SRX2765607	SRA_Experiment	S.epidermidis	LNZ	>	32		Table_4.XLSX
34589061	Лист1	CNS184	SRX2765607	SRA_Experiment	S.epidermidis	TDZ	=	32		Table_4.XLSX
34589061	Лист1	CNS184	SRX2765607	SRA_Experiment	S.epidermidis	VAN	=	2		Table_4.XLSX
34589061	Лист1	CNS184	SRX2765607	SRA_Experiment	S.epidermidis	ORI	<	0.03		Table_4.XLSX
34589061	Лист1	CNS184	SRX2765607	SRA_Experiment	S.epidermidis	DAL	<	0.03		Table_4.XLSX
34589061	Лист1	CNS184	SRX2765607	SRA_Experiment	S.epidermidis	TLV	<	0.03		Table_4.XLSX
34589061	Лист1	CNS184	SRX2765607	SRA_Experiment	S.epidermidis	TEC	=	2.0		Table_4.XLSX
34589061	Лист1	CNS184	SRX2765607	SRA_Experiment	S.epidermidis	DAP	=	0.125		Table_4.XLSX
34589061	Лист1	CNS184	SRX2765607	SRA_Experiment	S.epidermidis	TGC	=	0.25		Table_4.XLSX
34589061	Лист1	CNS184	SRX2765607	SRA_Experiment	S.epidermidis	TET	=	4		Table_4.XLSX
34589061	Лист1	CNS184	SRX2765607	SRA_Experiment	S.epidermidis	CPT	=	0.25		Table_4.XLSX
34589061	Лист1	CNS184	SRX2765607	SRA_Experiment	S.epidermidis	RIF	=	0.5		Table_4.XLSX
34589061	Лист1	CNS184	SRX2765607	SRA_Experiment	S.epidermidis	CIP	=	64		Table_4.XLSX
34589061	Лист1	CNS184	SRX2765607	SRA_Experiment	S.epidermidis	MXF	=	64.0		Table_4.XLSX
34589061	Лист1	CNS184	SRX2765607	SRA_Experiment	S.epidermidis	GEN	>	128		Table_4.XLSX
34589061	Лист1	CNS184	SRX2765607	SRA_Experiment	S.epidermidis	MUP	=	16		Table_4.XLSX
34589061	Лист1	CNS184	SRX2765607	SRA_Experiment	S.epidermidis	FUS	=	8.0		Table_4.XLSX
34589061	Лист1	CNS184	SRX2765607	SRA_Experiment	S.epidermidis	SXT	=	4.0		Table_4.XLSX
34589061	Лист1	CNS184	SRX2765607	SRA_Experiment	S.epidermidis	ERY	<	0.125		Table_4.XLSX
34589061	Лист1	CNS184	SRX2765607	SRA_Experiment	S.epidermidis	CLI	=	64		Table_4.XLSX
34589061	Лист1	CNS185	SRX2765606	SRA_Experiment	S.epidermidis	OXA	=	16		Table_4.XLSX
34589061	Лист1	CNS185	SRX2765606	SRA_Experiment	S.epidermidis	FOX	=	16		Table_4.XLSX
34589061	Лист1	CNS185	SRX2765606	SRA_Experiment	S.epidermidis	LNZ	>	32		Table_4.XLSX
34589061	Лист1	CNS185	SRX2765606	SRA_Experiment	S.epidermidis	TDZ	=	32		Table_4.XLSX
34589061	Лист1	CNS185	SRX2765606	SRA_Experiment	S.epidermidis	VAN	=	2		Table_4.XLSX
34589061	Лист1	CNS185	SRX2765606	SRA_Experiment	S.epidermidis	ORI	<	0.03		Table_4.XLSX
34589061	Лист1	CNS185	SRX2765606	SRA_Experiment	S.epidermidis	DAL	<	0.03		Table_4.XLSX
34589061	Лист1	CNS185	SRX2765606	SRA_Experiment	S.epidermidis	TLV	<	0.03		Table_4.XLSX
34589061	Лист1	CNS185	SRX2765606	SRA_Experiment	S.epidermidis	TEC	=	1.0		Table_4.XLSX
34589061	Лист1	CNS185	SRX2765606	SRA_Experiment	S.epidermidis	DAP	=	0.125		Table_4.XLSX
34589061	Лист1	CNS185	SRX2765606	SRA_Experiment	S.epidermidis	TGC	=	0.125		Table_4.XLSX
34589061	Лист1	CNS185	SRX2765606	SRA_Experiment	S.epidermidis	TET	=	2		Table_4.XLSX
34589061	Лист1	CNS185	SRX2765606	SRA_Experiment	S.epidermidis	CPT	=	0.25		Table_4.XLSX
34589061	Лист1	CNS185	SRX2765606	SRA_Experiment	S.epidermidis	RIF	=	0.5		Table_4.XLSX
34589061	Лист1	CNS185	SRX2765606	SRA_Experiment	S.epidermidis	CIP	=	128		Table_4.XLSX
34589061	Лист1	CNS185	SRX2765606	SRA_Experiment	S.epidermidis	MXF	=	64.0		Table_4.XLSX
34589061	Лист1	CNS185	SRX2765606	SRA_Experiment	S.epidermidis	GEN	>	128		Table_4.XLSX
34589061	Лист1	CNS185	SRX2765606	SRA_Experiment	S.epidermidis	MUP	=	16		Table_4.XLSX
34589061	Лист1	CNS185	SRX2765606	SRA_Experiment	S.epidermidis	FUS	=	8.0		Table_4.XLSX
34589061	Лист1	CNS185	SRX2765606	SRA_Experiment	S.epidermidis	SXT	=	4.0		Table_4.XLSX
34589061	Лист1	CNS185	SRX2765606	SRA_Experiment	S.epidermidis	ERY	<	0.125		Table_4.XLSX
34589061	Лист1	CNS185	SRX2765606	SRA_Experiment	S.epidermidis	CLI	=	64		Table_4.XLSX
34589061	Лист1	CNS186	SRX2765605	SRA_Experiment	S.hominis	OXA	>	512		Table_4.XLSX
34589061	Лист1	CNS186	SRX2765605	SRA_Experiment	S.hominis	FOX	=	256		Table_4.XLSX
34589061	Лист1	CNS186	SRX2765605	SRA_Experiment	S.hominis	LNZ	=	32		Table_4.XLSX
34589061	Лист1	CNS186	SRX2765605	SRA_Experiment	S.hominis	TDZ	=	8		Table_4.XLSX
34589061	Лист1	CNS186	SRX2765605	SRA_Experiment	S.hominis	VAN	=	2		Table_4.XLSX
34589061	Лист1	CNS186	SRX2765605	SRA_Experiment	S.hominis	ORI	<	0.03		Table_4.XLSX
34589061	Лист1	CNS186	SRX2765605	SRA_Experiment	S.hominis	DAL	=	0.125		Table_4.XLSX
34589061	Лист1	CNS186	SRX2765605	SRA_Experiment	S.hominis	TLV	=	0.06		Table_4.XLSX
34589061	Лист1	CNS186	SRX2765605	SRA_Experiment	S.hominis	TEC	=	2.0		Table_4.XLSX
34589061	Лист1	CNS186	SRX2765605	SRA_Experiment	S.hominis	DAP	=	0.25		Table_4.XLSX
34589061	Лист1	CNS186	SRX2765605	SRA_Experiment	S.hominis	TGC	=	0.25		Table_4.XLSX
34589061	Лист1	CNS186	SRX2765605	SRA_Experiment	S.hominis	TET	=	64		Table_4.XLSX
34589061	Лист1	CNS186	SRX2765605	SRA_Experiment	S.hominis	CPT	=	1.0		Table_4.XLSX
34589061	Лист1	CNS186	SRX2765605	SRA_Experiment	S.hominis	RIF	=	0.5		Table_4.XLSX
34589061	Лист1	CNS186	SRX2765605	SRA_Experiment	S.hominis	CIP	=	8		Table_4.XLSX
34589061	Лист1	CNS186	SRX2765605	SRA_Experiment	S.hominis	MXF	=	1.0		Table_4.XLSX
34589061	Лист1	CNS186	SRX2765605	SRA_Experiment	S.hominis	GEN	=	64		Table_4.XLSX
34589061	Лист1	CNS186	SRX2765605	SRA_Experiment	S.hominis	MUP	=	4		Table_4.XLSX
34589061	Лист1	CNS186	SRX2765605	SRA_Experiment	S.hominis	FUS	=	0.125		Table_4.XLSX
34589061	Лист1	CNS186	SRX2765605	SRA_Experiment	S.hominis	SXT	=	0.5		Table_4.XLSX
34589061	Лист1	CNS186	SRX2765605	SRA_Experiment	S.hominis	ERY	=	16		Table_4.XLSX
34589061	Лист1	CNS186	SRX2765605	SRA_Experiment	S.hominis	CLI	=	1		Table_4.XLSX
34589061	Лист1	CNS187	SRX2765604	SRA_Experiment	S.epidermidis	OXA	=	32		Table_4.XLSX
34589061	Лист1	CNS187	SRX2765604	SRA_Experiment	S.epidermidis	FOX	=	32		Table_4.XLSX
34589061	Лист1	CNS187	SRX2765604	SRA_Experiment	S.epidermidis	LNZ	>	32		Table_4.XLSX
34589061	Лист1	CNS187	SRX2765604	SRA_Experiment	S.epidermidis	TDZ	=	32		Table_4.XLSX
34589061	Лист1	CNS187	SRX2765604	SRA_Experiment	S.epidermidis	VAN	=	1		Table_4.XLSX
34589061	Лист1	CNS187	SRX2765604	SRA_Experiment	S.epidermidis	ORI	<	0.03		Table_4.XLSX
34589061	Лист1	CNS187	SRX2765604	SRA_Experiment	S.epidermidis	DAL	<	0.03		Table_4.XLSX
34589061	Лист1	CNS187	SRX2765604	SRA_Experiment	S.epidermidis	TLV	<	0.03		Table_4.XLSX
34589061	Лист1	CNS187	SRX2765604	SRA_Experiment	S.epidermidis	TEC	=	4.0		Table_4.XLSX
34589061	Лист1	CNS187	SRX2765604	SRA_Experiment	S.epidermidis	DAP	=	0.25		Table_4.XLSX
34589061	Лист1	CNS187	SRX2765604	SRA_Experiment	S.epidermidis	TGC	=	0.06		Table_4.XLSX
34589061	Лист1	CNS187	SRX2765604	SRA_Experiment	S.epidermidis	TET	=	2		Table_4.XLSX
34589061	Лист1	CNS187	SRX2765604	SRA_Experiment	S.epidermidis	CPT	=	0.25		Table_4.XLSX
34589061	Лист1	CNS187	SRX2765604	SRA_Experiment	S.epidermidis	RIF	=	0.25		Table_4.XLSX
34589061	Лист1	CNS187	SRX2765604	SRA_Experiment	S.epidermidis	CIP	=	128		Table_4.XLSX
34589061	Лист1	CNS187	SRX2765604	SRA_Experiment	S.epidermidis	MXF	=	64.0		Table_4.XLSX
34589061	Лист1	CNS187	SRX2765604	SRA_Experiment	S.epidermidis	GEN	>	128		Table_4.XLSX
34589061	Лист1	CNS187	SRX2765604	SRA_Experiment	S.epidermidis	MUP	=	32		Table_4.XLSX
34589061	Лист1	CNS187	SRX2765604	SRA_Experiment	S.epidermidis	FUS	=	4.0		Table_4.XLSX
34589061	Лист1	CNS187	SRX2765604	SRA_Experiment	S.epidermidis	SXT	=	4.0		Table_4.XLSX
34589061	Лист1	CNS187	SRX2765604	SRA_Experiment	S.epidermidis	ERY	<	0.125		Table_4.XLSX
34589061	Лист1	CNS187	SRX2765604	SRA_Experiment	S.epidermidis	CLI	=	64		Table_4.XLSX
34589061	Лист1	CNS188	SRX2765603	SRA_Experiment	S.epidermidis	OXA	=	4		Table_4.XLSX
34589061	Лист1	CNS188	SRX2765603	SRA_Experiment	S.epidermidis	FOX	=	16		Table_4.XLSX
34589061	Лист1	CNS188	SRX2765603	SRA_Experiment	S.epidermidis	LNZ	>	32		Table_4.XLSX
34589061	Лист1	CNS188	SRX2765603	SRA_Experiment	S.epidermidis	TDZ	=	32		Table_4.XLSX
34589061	Лист1	CNS188	SRX2765603	SRA_Experiment	S.epidermidis	VAN	=	2		Table_4.XLSX
34589061	Лист1	CNS188	SRX2765603	SRA_Experiment	S.epidermidis	ORI	<	0.03		Table_4.XLSX
34589061	Лист1	CNS188	SRX2765603	SRA_Experiment	S.epidermidis	DAL	<	0.03		Table_4.XLSX
34589061	Лист1	CNS188	SRX2765603	SRA_Experiment	S.epidermidis	TLV	<	0.03		Table_4.XLSX
34589061	Лист1	CNS188	SRX2765603	SRA_Experiment	S.epidermidis	TEC	=	1.0		Table_4.XLSX
34589061	Лист1	CNS188	SRX2765603	SRA_Experiment	S.epidermidis	DAP	=	0.25		Table_4.XLSX
34589061	Лист1	CNS188	SRX2765603	SRA_Experiment	S.epidermidis	TGC	=	0.016		Table_4.XLSX
34589061	Лист1	CNS188	SRX2765603	SRA_Experiment	S.epidermidis	TET	=	2		Table_4.XLSX
34589061	Лист1	CNS188	SRX2765603	SRA_Experiment	S.epidermidis	CPT	=	0.25		Table_4.XLSX
34589061	Лист1	CNS188	SRX2765603	SRA_Experiment	S.epidermidis	RIF	=	0.5		Table_4.XLSX
34589061	Лист1	CNS188	SRX2765603	SRA_Experiment	S.epidermidis	CIP	=	128		Table_4.XLSX
34589061	Лист1	CNS188	SRX2765603	SRA_Experiment	S.epidermidis	MXF	=	64.0		Table_4.XLSX
34589061	Лист1	CNS188	SRX2765603	SRA_Experiment	S.epidermidis	GEN	>	128		Table_4.XLSX
34589061	Лист1	CNS188	SRX2765603	SRA_Experiment	S.epidermidis	MUP	=	16		Table_4.XLSX
34589061	Лист1	CNS188	SRX2765603	SRA_Experiment	S.epidermidis	FUS	=	8.0		Table_4.XLSX
34589061	Лист1	CNS188	SRX2765603	SRA_Experiment	S.epidermidis	SXT	=	4.0		Table_4.XLSX
34589061	Лист1	CNS188	SRX2765603	SRA_Experiment	S.epidermidis	ERY	<	0.125		Table_4.XLSX
34589061	Лист1	CNS188	SRX2765603	SRA_Experiment	S.epidermidis	CLI	=	64		Table_4.XLSX
34589061	Лист1	CNS189	SRX2765602	SRA_Experiment	S.epidermidis	OXA	=	8		Table_4.XLSX
34589061	Лист1	CNS189	SRX2765602	SRA_Experiment	S.epidermidis	FOX	=	32		Table_4.XLSX
34589061	Лист1	CNS189	SRX2765602	SRA_Experiment	S.epidermidis	LNZ	>	32		Table_4.XLSX
34589061	Лист1	CNS189	SRX2765602	SRA_Experiment	S.epidermidis	TDZ	=	32		Table_4.XLSX
34589061	Лист1	CNS189	SRX2765602	SRA_Experiment	S.epidermidis	VAN	=	2		Table_4.XLSX
34589061	Лист1	CNS189	SRX2765602	SRA_Experiment	S.epidermidis	ORI	<	0.03		Table_4.XLSX
34589061	Лист1	CNS189	SRX2765602	SRA_Experiment	S.epidermidis	DAL	<	0.03		Table_4.XLSX
34589061	Лист1	CNS189	SRX2765602	SRA_Experiment	S.epidermidis	TLV	<	0.03		Table_4.XLSX
34589061	Лист1	CNS189	SRX2765602	SRA_Experiment	S.epidermidis	TEC	=	1.0		Table_4.XLSX
34589061	Лист1	CNS189	SRX2765602	SRA_Experiment	S.epidermidis	DAP	=	0.25		Table_4.XLSX
34589061	Лист1	CNS189	SRX2765602	SRA_Experiment	S.epidermidis	TGC	=	0.5		Table_4.XLSX
34589061	Лист1	CNS189	SRX2765602	SRA_Experiment	S.epidermidis	TET	=	2		Table_4.XLSX
34589061	Лист1	CNS189	SRX2765602	SRA_Experiment	S.epidermidis	CPT	=	0.25		Table_4.XLSX
34589061	Лист1	CNS189	SRX2765602	SRA_Experiment	S.epidermidis	RIF	=	0.5		Table_4.XLSX
34589061	Лист1	CNS189	SRX2765602	SRA_Experiment	S.epidermidis	CIP	=	128		Table_4.XLSX
34589061	Лист1	CNS189	SRX2765602	SRA_Experiment	S.epidermidis	MXF	=	64.0		Table_4.XLSX
34589061	Лист1	CNS189	SRX2765602	SRA_Experiment	S.epidermidis	GEN	>	128		Table_4.XLSX
34589061	Лист1	CNS189	SRX2765602	SRA_Experiment	S.epidermidis	MUP	=	32		Table_4.XLSX
34589061	Лист1	CNS189	SRX2765602	SRA_Experiment	S.epidermidis	FUS	=	16.0		Table_4.XLSX
34589061	Лист1	CNS189	SRX2765602	SRA_Experiment	S.epidermidis	SXT	=	8.0		Table_4.XLSX
34589061	Лист1	CNS189	SRX2765602	SRA_Experiment	S.epidermidis	ERY	<	0.125		Table_4.XLSX
34589061	Лист1	CNS189	SRX2765602	SRA_Experiment	S.epidermidis	CLI	=	64		Table_4.XLSX
34589061	Лист1	CNS190	SRX2765601	SRA_Experiment	S.epidermidis	OXA	=	32		Table_4.XLSX
34589061	Лист1	CNS190	SRX2765601	SRA_Experiment	S.epidermidis	FOX	=	32		Table_4.XLSX
34589061	Лист1	CNS190	SRX2765601	SRA_Experiment	S.epidermidis	LNZ	>	32		Table_4.XLSX
34589061	Лист1	CNS190	SRX2765601	SRA_Experiment	S.epidermidis	TDZ	=	32		Table_4.XLSX
34589061	Лист1	CNS190	SRX2765601	SRA_Experiment	S.epidermidis	VAN	=	2		Table_4.XLSX
34589061	Лист1	CNS190	SRX2765601	SRA_Experiment	S.epidermidis	ORI	<	0.03		Table_4.XLSX
34589061	Лист1	CNS190	SRX2765601	SRA_Experiment	S.epidermidis	DAL	<	0.03		Table_4.XLSX
34589061	Лист1	CNS190	SRX2765601	SRA_Experiment	S.epidermidis	TLV	=	0.125		Table_4.XLSX
34589061	Лист1	CNS190	SRX2765601	SRA_Experiment	S.epidermidis	TEC	=	2.0		Table_4.XLSX
34589061	Лист1	CNS190	SRX2765601	SRA_Experiment	S.epidermidis	DAP	=	0.25		Table_4.XLSX
34589061	Лист1	CNS190	SRX2765601	SRA_Experiment	S.epidermidis	TGC	=	0.125		Table_4.XLSX
34589061	Лист1	CNS190	SRX2765601	SRA_Experiment	S.epidermidis	TET	=	4		Table_4.XLSX
34589061	Лист1	CNS190	SRX2765601	SRA_Experiment	S.epidermidis	CPT	=	2.0		Table_4.XLSX
34589061	Лист1	CNS190	SRX2765601	SRA_Experiment	S.epidermidis	RIF	=	0.5		Table_4.XLSX
34589061	Лист1	CNS190	SRX2765601	SRA_Experiment	S.epidermidis	CIP	=	128		Table_4.XLSX
34589061	Лист1	CNS190	SRX2765601	SRA_Experiment	S.epidermidis	MXF	=	64.0		Table_4.XLSX
34589061	Лист1	CNS190	SRX2765601	SRA_Experiment	S.epidermidis	GEN	=	128		Table_4.XLSX
34589061	Лист1	CNS190	SRX2765601	SRA_Experiment	S.epidermidis	MUP	=	16		Table_4.XLSX
34589061	Лист1	CNS190	SRX2765601	SRA_Experiment	S.epidermidis	FUS	=	8.0		Table_4.XLSX
34589061	Лист1	CNS190	SRX2765601	SRA_Experiment	S.epidermidis	SXT	=	4.0		Table_4.XLSX
34589061	Лист1	CNS190	SRX2765601	SRA_Experiment	S.epidermidis	ERY	<	0.125		Table_4.XLSX
34589061	Лист1	CNS190	SRX2765601	SRA_Experiment	S.epidermidis	CLI	=	64		Table_4.XLSX
34589061	Лист1	CNS191	SRX2765600	SRA_Experiment	S.epidermidis	OXA	=	8		Table_4.XLSX
34589061	Лист1	CNS191	SRX2765600	SRA_Experiment	S.epidermidis	FOX	=	16		Table_4.XLSX
34589061	Лист1	CNS191	SRX2765600	SRA_Experiment	S.epidermidis	LNZ	>	32		Table_4.XLSX
34589061	Лист1	CNS191	SRX2765600	SRA_Experiment	S.epidermidis	TDZ	>	32		Table_4.XLSX
34589061	Лист1	CNS191	SRX2765600	SRA_Experiment	S.epidermidis	VAN	=	2		Table_4.XLSX
34589061	Лист1	CNS191	SRX2765600	SRA_Experiment	S.epidermidis	ORI	<	0.03		Table_4.XLSX
34589061	Лист1	CNS191	SRX2765600	SRA_Experiment	S.epidermidis	DAL	<	0.03		Table_4.XLSX
34589061	Лист1	CNS191	SRX2765600	SRA_Experiment	S.epidermidis	TLV	<	0.03		Table_4.XLSX
34589061	Лист1	CNS191	SRX2765600	SRA_Experiment	S.epidermidis	TEC	=	2.0		Table_4.XLSX
34589061	Лист1	CNS191	SRX2765600	SRA_Experiment	S.epidermidis	DAP	=	0.25		Table_4.XLSX
34589061	Лист1	CNS191	SRX2765600	SRA_Experiment	S.epidermidis	TGC	=	0.125		Table_4.XLSX
34589061	Лист1	CNS191	SRX2765600	SRA_Experiment	S.epidermidis	TET	=	2		Table_4.XLSX
34589061	Лист1	CNS191	SRX2765600	SRA_Experiment	S.epidermidis	CPT	=	0.125		Table_4.XLSX
34589061	Лист1	CNS191	SRX2765600	SRA_Experiment	S.epidermidis	RIF	=	0.5		Table_4.XLSX
34589061	Лист1	CNS191	SRX2765600	SRA_Experiment	S.epidermidis	CIP	=	128		Table_4.XLSX
34589061	Лист1	CNS191	SRX2765600	SRA_Experiment	S.epidermidis	MXF	=	64.0		Table_4.XLSX
34589061	Лист1	CNS191	SRX2765600	SRA_Experiment	S.epidermidis	GEN	>	128		Table_4.XLSX
34589061	Лист1	CNS191	SRX2765600	SRA_Experiment	S.epidermidis	MUP	=	16		Table_4.XLSX
34589061	Лист1	CNS191	SRX2765600	SRA_Experiment	S.epidermidis	FUS	=	8.0		Table_4.XLSX
34589061	Лист1	CNS191	SRX2765600	SRA_Experiment	S.epidermidis	SXT	=	4.0		Table_4.XLSX
34589061	Лист1	CNS191	SRX2765600	SRA_Experiment	S.epidermidis	ERY	<	0.125		Table_4.XLSX
34589061	Лист1	CNS191	SRX2765600	SRA_Experiment	S.epidermidis	CLI	=	64		Table_4.XLSX
34589061	Лист1	CNS200	SRX5234988	SRA_Experiment	S.haemolyticus	OXA	=	512		Table_4.XLSX
34589061	Лист1	CNS200	SRX5234988	SRA_Experiment	S.haemolyticus	FOX	=	128		Table_4.XLSX
34589061	Лист1	CNS200	SRX5234988	SRA_Experiment	S.haemolyticus	LNZ	>	32		Table_4.XLSX
34589061	Лист1	CNS200	SRX5234988	SRA_Experiment	S.haemolyticus	TDZ	=	0.25		Table_4.XLSX
34589061	Лист1	CNS200	SRX5234988	SRA_Experiment	S.haemolyticus	VAN	=	1		Table_4.XLSX
34589061	Лист1	CNS200	SRX5234988	SRA_Experiment	S.haemolyticus	ORI	<	0.03		Table_4.XLSX
34589061	Лист1	CNS200	SRX5234988	SRA_Experiment	S.haemolyticus	DAL	<	0.03		Table_4.XLSX
34589061	Лист1	CNS200	SRX5234988	SRA_Experiment	S.haemolyticus	TLV	<	0.03		Table_4.XLSX
34589061	Лист1	CNS200	SRX5234988	SRA_Experiment	S.haemolyticus	TEC	=	2.0		Table_4.XLSX
34589061	Лист1	CNS200	SRX5234988	SRA_Experiment	S.haemolyticus	DAP	=	0.5		Table_4.XLSX
34589061	Лист1	CNS200	SRX5234988	SRA_Experiment	S.haemolyticus	TGC	=	0.125		Table_4.XLSX
34589061	Лист1	CNS200	SRX5234988	SRA_Experiment	S.haemolyticus	TET	=	2		Table_4.XLSX
34589061	Лист1	CNS200	SRX5234988	SRA_Experiment	S.haemolyticus	CPT	=	1.0		Table_4.XLSX
34589061	Лист1	CNS200	SRX5234988	SRA_Experiment	S.haemolyticus	RIF	>	4		Table_4.XLSX
34589061	Лист1	CNS200	SRX5234988	SRA_Experiment	S.haemolyticus	CIP	=	64		Table_4.XLSX
34589061	Лист1	CNS200	SRX5234988	SRA_Experiment	S.haemolyticus	MXF	=	4.0		Table_4.XLSX
34589061	Лист1	CNS200	SRX5234988	SRA_Experiment	S.haemolyticus	GEN	=	128		Table_4.XLSX
34589061	Лист1	CNS200	SRX5234988	SRA_Experiment	S.haemolyticus	MUP	=	1		Table_4.XLSX
34589061	Лист1	CNS200	SRX5234988	SRA_Experiment	S.haemolyticus	FUS	=	0.06		Table_4.XLSX
34589061	Лист1	CNS200	SRX5234988	SRA_Experiment	S.haemolyticus	SXT	=	16.0		Table_4.XLSX
34589061	Лист1	CNS200	SRX5234988	SRA_Experiment	S.haemolyticus	ERY	=	16		Table_4.XLSX
34589061	Лист1	CNS200	SRX5234988	SRA_Experiment	S.haemolyticus	CLI	>	64		Table_4.XLSX
34589061	Лист1	CNS201	SRX5234987	SRA_Experiment	S.hominis	OXA	=	512		Table_4.XLSX
34589061	Лист1	CNS201	SRX5234987	SRA_Experiment	S.hominis	FOX	=	256		Table_4.XLSX
34589061	Лист1	CNS201	SRX5234987	SRA_Experiment	S.hominis	LNZ	>	32		Table_4.XLSX
34589061	Лист1	CNS201	SRX5234987	SRA_Experiment	S.hominis	TDZ	=	16		Table_4.XLSX
34589061	Лист1	CNS201	SRX5234987	SRA_Experiment	S.hominis	VAN	=	2		Table_4.XLSX
34589061	Лист1	CNS201	SRX5234987	SRA_Experiment	S.hominis	ORI	<	0.03		Table_4.XLSX
34589061	Лист1	CNS201	SRX5234987	SRA_Experiment	S.hominis	DAL	=	0.125		Table_4.XLSX
34589061	Лист1	CNS201	SRX5234987	SRA_Experiment	S.hominis	TLV	=	0.125		Table_4.XLSX
34589061	Лист1	CNS201	SRX5234987	SRA_Experiment	S.hominis	TEC	=	4.0		Table_4.XLSX
34589061	Лист1	CNS201	SRX5234987	SRA_Experiment	S.hominis	DAP	=	0.25		Table_4.XLSX
34589061	Лист1	CNS201	SRX5234987	SRA_Experiment	S.hominis	TGC	=	0.5		Table_4.XLSX
34589061	Лист1	CNS201	SRX5234987	SRA_Experiment	S.hominis	TET	=	64		Table_4.XLSX
34589061	Лист1	CNS201	SRX5234987	SRA_Experiment	S.hominis	CPT	=	1.0		Table_4.XLSX
34589061	Лист1	CNS201	SRX5234987	SRA_Experiment	S.hominis	RIF	=	4		Table_4.XLSX
34589061	Лист1	CNS201	SRX5234987	SRA_Experiment	S.hominis	CIP	=	8		Table_4.XLSX
34589061	Лист1	CNS201	SRX5234987	SRA_Experiment	S.hominis	MXF	=	1.0		Table_4.XLSX
34589061	Лист1	CNS201	SRX5234987	SRA_Experiment	S.hominis	GEN	=	32		Table_4.XLSX
34589061	Лист1	CNS201	SRX5234987	SRA_Experiment	S.hominis	MUP	=	4		Table_4.XLSX
34589061	Лист1	CNS201	SRX5234987	SRA_Experiment	S.hominis	FUS	=	0.25		Table_4.XLSX
34589061	Лист1	CNS201	SRX5234987	SRA_Experiment	S.hominis	SXT	=	0.5		Table_4.XLSX
34589061	Лист1	CNS201	SRX5234987	SRA_Experiment	S.hominis	ERY	>	128		Table_4.XLSX
34589061	Лист1	CNS201	SRX5234987	SRA_Experiment	S.hominis	CLI	=	2		Table_4.XLSX
34589061	Лист1	CNS202	SRX5234990	SRA_Experiment	S.epidermidis	OXA	=	256		Table_4.XLSX
34589061	Лист1	CNS202	SRX5234990	SRA_Experiment	S.epidermidis	FOX	=	64		Table_4.XLSX
34589061	Лист1	CNS202	SRX5234990	SRA_Experiment	S.epidermidis	LNZ	>	32		Table_4.XLSX
34589061	Лист1	CNS202	SRX5234990	SRA_Experiment	S.epidermidis	TDZ	>	32		Table_4.XLSX
34589061	Лист1	CNS202	SRX5234990	SRA_Experiment	S.epidermidis	VAN	=	1		Table_4.XLSX
34589061	Лист1	CNS202	SRX5234990	SRA_Experiment	S.epidermidis	ORI	<	0.03		Table_4.XLSX
34589061	Лист1	CNS202	SRX5234990	SRA_Experiment	S.epidermidis	DAL	<	0.03		Table_4.XLSX
34589061	Лист1	CNS202	SRX5234990	SRA_Experiment	S.epidermidis	TLV	=	0.125		Table_4.XLSX
34589061	Лист1	CNS202	SRX5234990	SRA_Experiment	S.epidermidis	TEC	=	4.0		Table_4.XLSX
34589061	Лист1	CNS202	SRX5234990	SRA_Experiment	S.epidermidis	DAP	=	0.25		Table_4.XLSX
34589061	Лист1	CNS202	SRX5234990	SRA_Experiment	S.epidermidis	TGC	=	0.25		Table_4.XLSX
34589061	Лист1	CNS202	SRX5234990	SRA_Experiment	S.epidermidis	TET	=	4		Table_4.XLSX
34589061	Лист1	CNS202	SRX5234990	SRA_Experiment	S.epidermidis	CPT	=	0.25		Table_4.XLSX
34589061	Лист1	CNS202	SRX5234990	SRA_Experiment	S.epidermidis	RIF	=	1		Table_4.XLSX
34589061	Лист1	CNS202	SRX5234990	SRA_Experiment	S.epidermidis	CIP	=	256		Table_4.XLSX
34589061	Лист1	CNS202	SRX5234990	SRA_Experiment	S.epidermidis	MXF	=	64.0		Table_4.XLSX
34589061	Лист1	CNS202	SRX5234990	SRA_Experiment	S.epidermidis	GEN	>	128		Table_4.XLSX
34589061	Лист1	CNS202	SRX5234990	SRA_Experiment	S.epidermidis	MUP	>	32		Table_4.XLSX
34589061	Лист1	CNS202	SRX5234990	SRA_Experiment	S.epidermidis	FUS	=	16.0		Table_4.XLSX
34589061	Лист1	CNS202	SRX5234990	SRA_Experiment	S.epidermidis	SXT	=	4.0		Table_4.XLSX
34589061	Лист1	CNS202	SRX5234990	SRA_Experiment	S.epidermidis	ERY	=	0.5		Table_4.XLSX
34589061	Лист1	CNS202	SRX5234990	SRA_Experiment	S.epidermidis	CLI	>	64		Table_4.XLSX
34589061	Лист1	CNS203	SRX5234989	SRA_Experiment	S.epidermidis	OXA	=	256		Table_4.XLSX
34589061	Лист1	CNS203	SRX5234989	SRA_Experiment	S.epidermidis	FOX	=	64		Table_4.XLSX
34589061	Лист1	CNS203	SRX5234989	SRA_Experiment	S.epidermidis	LNZ	=	32		Table_4.XLSX
34589061	Лист1	CNS203	SRX5234989	SRA_Experiment	S.epidermidis	TDZ	=	2		Table_4.XLSX
34589061	Лист1	CNS203	SRX5234989	SRA_Experiment	S.epidermidis	VAN	=	1		Table_4.XLSX
34589061	Лист1	CNS203	SRX5234989	SRA_Experiment	S.epidermidis	ORI	<	0.03		Table_4.XLSX
34589061	Лист1	CNS203	SRX5234989	SRA_Experiment	S.epidermidis	DAL	<	0.03		Table_4.XLSX
34589061	Лист1	CNS203	SRX5234989	SRA_Experiment	S.epidermidis	TLV	=	0.06		Table_4.XLSX
34589061	Лист1	CNS203	SRX5234989	SRA_Experiment	S.epidermidis	TEC	=	0.25		Table_4.XLSX
34589061	Лист1	CNS203	SRX5234989	SRA_Experiment	S.epidermidis	DAP	=	0.25		Table_4.XLSX
34589061	Лист1	CNS203	SRX5234989	SRA_Experiment	S.epidermidis	TGC	=	0.125		Table_4.XLSX
34589061	Лист1	CNS203	SRX5234989	SRA_Experiment	S.epidermidis	TET	=	1		Table_4.XLSX
34589061	Лист1	CNS203	SRX5234989	SRA_Experiment	S.epidermidis	CPT	=	0.25		Table_4.XLSX
34589061	Лист1	CNS203	SRX5234989	SRA_Experiment	S.epidermidis	RIF	>	4		Table_4.XLSX
34589061	Лист1	CNS203	SRX5234989	SRA_Experiment	S.epidermidis	CIP	=	32		Table_4.XLSX
34589061	Лист1	CNS203	SRX5234989	SRA_Experiment	S.epidermidis	MXF	=	1.0		Table_4.XLSX
34589061	Лист1	CNS203	SRX5234989	SRA_Experiment	S.epidermidis	GEN	>	128		Table_4.XLSX
34589061	Лист1	CNS203	SRX5234989	SRA_Experiment	S.epidermidis	MUP	=	0.5		Table_4.XLSX
34589061	Лист1	CNS203	SRX5234989	SRA_Experiment	S.epidermidis	FUS	=	16.0		Table_4.XLSX
34589061	Лист1	CNS203	SRX5234989	SRA_Experiment	S.epidermidis	SXT	=	16.0		Table_4.XLSX
34589061	Лист1	CNS203	SRX5234989	SRA_Experiment	S.epidermidis	ERY	<	0.125		Table_4.XLSX
34589061	Лист1	CNS203	SRX5234989	SRA_Experiment	S.epidermidis	CLI	=	0.5		Table_4.XLSX
34589061	Лист1	CNS204	SRX5234992	SRA_Experiment	S.epidermidis	OXA	=	256		Table_4.XLSX
34589061	Лист1	CNS204	SRX5234992	SRA_Experiment	S.epidermidis	FOX	=	128		Table_4.XLSX
34589061	Лист1	CNS204	SRX5234992	SRA_Experiment	S.epidermidis	LNZ	=	32		Table_4.XLSX
34589061	Лист1	CNS204	SRX5234992	SRA_Experiment	S.epidermidis	TDZ	=	2		Table_4.XLSX
34589061	Лист1	CNS204	SRX5234992	SRA_Experiment	S.epidermidis	VAN	=	1		Table_4.XLSX
34589061	Лист1	CNS204	SRX5234992	SRA_Experiment	S.epidermidis	ORI	<	0.03		Table_4.XLSX
34589061	Лист1	CNS204	SRX5234992	SRA_Experiment	S.epidermidis	DAL	<	0.03		Table_4.XLSX
34589061	Лист1	CNS204	SRX5234992	SRA_Experiment	S.epidermidis	TLV	<	0.03		Table_4.XLSX
34589061	Лист1	CNS204	SRX5234992	SRA_Experiment	S.epidermidis	TEC	=	1.0		Table_4.XLSX
34589061	Лист1	CNS204	SRX5234992	SRA_Experiment	S.epidermidis	DAP	=	0.5		Table_4.XLSX
34589061	Лист1	CNS204	SRX5234992	SRA_Experiment	S.epidermidis	TGC	=	0.125		Table_4.XLSX
34589061	Лист1	CNS204	SRX5234992	SRA_Experiment	S.epidermidis	TET	=	0.25		Table_4.XLSX
34589061	Лист1	CNS204	SRX5234992	SRA_Experiment	S.epidermidis	CPT	=	0.25		Table_4.XLSX
34589061	Лист1	CNS204	SRX5234992	SRA_Experiment	S.epidermidis	RIF	>	4		Table_4.XLSX
34589061	Лист1	CNS204	SRX5234992	SRA_Experiment	S.epidermidis	CIP	=	64		Table_4.XLSX
34589061	Лист1	CNS204	SRX5234992	SRA_Experiment	S.epidermidis	MXF	=	1.0		Table_4.XLSX
34589061	Лист1	CNS204	SRX5234992	SRA_Experiment	S.epidermidis	GEN	>	128		Table_4.XLSX
34589061	Лист1	CNS204	SRX5234992	SRA_Experiment	S.epidermidis	MUP	=	0.5		Table_4.XLSX
34589061	Лист1	CNS204	SRX5234992	SRA_Experiment	S.epidermidis	FUS	=	16.0		Table_4.XLSX
34589061	Лист1	CNS204	SRX5234992	SRA_Experiment	S.epidermidis	SXT	=	16.0		Table_4.XLSX
34589061	Лист1	CNS204	SRX5234992	SRA_Experiment	S.epidermidis	ERY	<	0.125		Table_4.XLSX
34589061	Лист1	CNS204	SRX5234992	SRA_Experiment	S.epidermidis	CLI	=	0.5		Table_4.XLSX
34589061	Лист1	CNS205	SRX5234991	SRA_Experiment	S.epidermidis	OXA	=	64		Table_4.XLSX
34589061	Лист1	CNS205	SRX5234991	SRA_Experiment	S.epidermidis	FOX	=	32		Table_4.XLSX
34589061	Лист1	CNS205	SRX5234991	SRA_Experiment	S.epidermidis	LNZ	>	32		Table_4.XLSX
34589061	Лист1	CNS205	SRX5234991	SRA_Experiment	S.epidermidis	TDZ	>	32		Table_4.XLSX
34589061	Лист1	CNS205	SRX5234991	SRA_Experiment	S.epidermidis	VAN	=	1		Table_4.XLSX
34589061	Лист1	CNS205	SRX5234991	SRA_Experiment	S.epidermidis	ORI	<	0.03		Table_4.XLSX
34589061	Лист1	CNS205	SRX5234991	SRA_Experiment	S.epidermidis	DAL	<	0.03		Table_4.XLSX
34589061	Лист1	CNS205	SRX5234991	SRA_Experiment	S.epidermidis	TLV	=	0.06		Table_4.XLSX
34589061	Лист1	CNS205	SRX5234991	SRA_Experiment	S.epidermidis	TEC	=	4.0		Table_4.XLSX
34589061	Лист1	CNS205	SRX5234991	SRA_Experiment	S.epidermidis	DAP	=	0.25		Table_4.XLSX
34589061	Лист1	CNS205	SRX5234991	SRA_Experiment	S.epidermidis	TGC	=	0.125		Table_4.XLSX
34589061	Лист1	CNS205	SRX5234991	SRA_Experiment	S.epidermidis	TET	=	2		Table_4.XLSX
34589061	Лист1	CNS205	SRX5234991	SRA_Experiment	S.epidermidis	CPT	=	0.25		Table_4.XLSX
34589061	Лист1	CNS205	SRX5234991	SRA_Experiment	S.epidermidis	RIF	<	0.004		Table_4.XLSX
34589061	Лист1	CNS205	SRX5234991	SRA_Experiment	S.epidermidis	CIP	=	64		Table_4.XLSX
34589061	Лист1	CNS205	SRX5234991	SRA_Experiment	S.epidermidis	MXF	=	64.0		Table_4.XLSX
34589061	Лист1	CNS205	SRX5234991	SRA_Experiment	S.epidermidis	GEN	>	128		Table_4.XLSX
34589061	Лист1	CNS205	SRX5234991	SRA_Experiment	S.epidermidis	MUP	>	32		Table_4.XLSX
34589061	Лист1	CNS205	SRX5234991	SRA_Experiment	S.epidermidis	FUS	=	8.0		Table_4.XLSX
34589061	Лист1	CNS205	SRX5234991	SRA_Experiment	S.epidermidis	SXT	=	4.0		Table_4.XLSX
34589061	Лист1	CNS205	SRX5234991	SRA_Experiment	S.epidermidis	ERY	<	0.125		Table_4.XLSX
34589061	Лист1	CNS205	SRX5234991	SRA_Experiment	S.epidermidis	CLI	>	64		Table_4.XLSX
34589061	Лист1	CNS206	SRX5234994	SRA_Experiment	S.epidermidis	OXA	=	128		Table_4.XLSX
34589061	Лист1	CNS206	SRX5234994	SRA_Experiment	S.epidermidis	FOX	=	64		Table_4.XLSX
34589061	Лист1	CNS206	SRX5234994	SRA_Experiment	S.epidermidis	LNZ	=	32		Table_4.XLSX
34589061	Лист1	CNS206	SRX5234994	SRA_Experiment	S.epidermidis	TDZ	=	2		Table_4.XLSX
34589061	Лист1	CNS206	SRX5234994	SRA_Experiment	S.epidermidis	VAN	=	1		Table_4.XLSX
34589061	Лист1	CNS206	SRX5234994	SRA_Experiment	S.epidermidis	ORI	<	0.03		Table_4.XLSX
34589061	Лист1	CNS206	SRX5234994	SRA_Experiment	S.epidermidis	DAL	<	0.03		Table_4.XLSX
34589061	Лист1	CNS206	SRX5234994	SRA_Experiment	S.epidermidis	TLV	<	0.03		Table_4.XLSX
34589061	Лист1	CNS206	SRX5234994	SRA_Experiment	S.epidermidis	TEC	=	1.0		Table_4.XLSX
34589061	Лист1	CNS206	SRX5234994	SRA_Experiment	S.epidermidis	DAP	=	0.5		Table_4.XLSX
34589061	Лист1	CNS206	SRX5234994	SRA_Experiment	S.epidermidis	TGC	=	0.125		Table_4.XLSX
34589061	Лист1	CNS206	SRX5234994	SRA_Experiment	S.epidermidis	TET	=	1		Table_4.XLSX
34589061	Лист1	CNS206	SRX5234994	SRA_Experiment	S.epidermidis	CPT	=	0.25		Table_4.XLSX
34589061	Лист1	CNS206	SRX5234994	SRA_Experiment	S.epidermidis	RIF	>	4		Table_4.XLSX
34589061	Лист1	CNS206	SRX5234994	SRA_Experiment	S.epidermidis	CIP	=	64		Table_4.XLSX
34589061	Лист1	CNS206	SRX5234994	SRA_Experiment	S.epidermidis	MXF	=	1.0		Table_4.XLSX
34589061	Лист1	CNS206	SRX5234994	SRA_Experiment	S.epidermidis	GEN	>	128		Table_4.XLSX
34589061	Лист1	CNS206	SRX5234994	SRA_Experiment	S.epidermidis	MUP	=	1		Table_4.XLSX
34589061	Лист1	CNS206	SRX5234994	SRA_Experiment	S.epidermidis	FUS	=	16.0		Table_4.XLSX
34589061	Лист1	CNS206	SRX5234994	SRA_Experiment	S.epidermidis	SXT	=	16.0		Table_4.XLSX
34589061	Лист1	CNS206	SRX5234994	SRA_Experiment	S.epidermidis	ERY	<	0.125		Table_4.XLSX
34589061	Лист1	CNS206	SRX5234994	SRA_Experiment	S.epidermidis	CLI	=	0.5		Table_4.XLSX
34589061	Лист1	CNS207	SRX5234993	SRA_Experiment	S.epidermidis	OXA	=	128		Table_4.XLSX
34589061	Лист1	CNS207	SRX5234993	SRA_Experiment	S.epidermidis	FOX	=	64		Table_4.XLSX
34589061	Лист1	CNS207	SRX5234993	SRA_Experiment	S.epidermidis	LNZ	>	32		Table_4.XLSX
34589061	Лист1	CNS207	SRX5234993	SRA_Experiment	S.epidermidis	TDZ	>	32		Table_4.XLSX
34589061	Лист1	CNS207	SRX5234993	SRA_Experiment	S.epidermidis	VAN	=	1		Table_4.XLSX
34589061	Лист1	CNS207	SRX5234993	SRA_Experiment	S.epidermidis	ORI	<	0.03		Table_4.XLSX
34589061	Лист1	CNS207	SRX5234993	SRA_Experiment	S.epidermidis	DAL	<	0.03		Table_4.XLSX
34589061	Лист1	CNS207	SRX5234993	SRA_Experiment	S.epidermidis	TLV	=	0.06		Table_4.XLSX
34589061	Лист1	CNS207	SRX5234993	SRA_Experiment	S.epidermidis	TEC	=	4.0		Table_4.XLSX
34589061	Лист1	CNS207	SRX5234993	SRA_Experiment	S.epidermidis	DAP	=	0.25		Table_4.XLSX
34589061	Лист1	CNS207	SRX5234993	SRA_Experiment	S.epidermidis	TGC	=	0.125		Table_4.XLSX
34589061	Лист1	CNS207	SRX5234993	SRA_Experiment	S.epidermidis	TET	=	2		Table_4.XLSX
34589061	Лист1	CNS207	SRX5234993	SRA_Experiment	S.epidermidis	CPT	=	0.25		Table_4.XLSX
34589061	Лист1	CNS207	SRX5234993	SRA_Experiment	S.epidermidis	RIF	<	0.004		Table_4.XLSX
34589061	Лист1	CNS207	SRX5234993	SRA_Experiment	S.epidermidis	CIP	=	64		Table_4.XLSX
34589061	Лист1	CNS207	SRX5234993	SRA_Experiment	S.epidermidis	MXF	=	64.0		Table_4.XLSX
34589061	Лист1	CNS207	SRX5234993	SRA_Experiment	S.epidermidis	GEN	>	128		Table_4.XLSX
34589061	Лист1	CNS207	SRX5234993	SRA_Experiment	S.epidermidis	MUP	>	32		Table_4.XLSX
34589061	Лист1	CNS207	SRX5234993	SRA_Experiment	S.epidermidis	FUS	=	16.0		Table_4.XLSX
34589061	Лист1	CNS207	SRX5234993	SRA_Experiment	S.epidermidis	SXT	=	4.0		Table_4.XLSX
34589061	Лист1	CNS207	SRX5234993	SRA_Experiment	S.epidermidis	ERY	<	0.125		Table_4.XLSX
34589061	Лист1	CNS207	SRX5234993	SRA_Experiment	S.epidermidis	CLI	>	64		Table_4.XLSX
34589061	Лист1	CNS208	SRX5234996	SRA_Experiment	S.epidermidis	OXA	=	64		Table_4.XLSX
34589061	Лист1	CNS208	SRX5234996	SRA_Experiment	S.epidermidis	FOX	=	64		Table_4.XLSX
34589061	Лист1	CNS208	SRX5234996	SRA_Experiment	S.epidermidis	LNZ	>	32		Table_4.XLSX
34589061	Лист1	CNS208	SRX5234996	SRA_Experiment	S.epidermidis	TDZ	>	32		Table_4.XLSX
34589061	Лист1	CNS208	SRX5234996	SRA_Experiment	S.epidermidis	VAN	=	1		Table_4.XLSX
34589061	Лист1	CNS208	SRX5234996	SRA_Experiment	S.epidermidis	ORI	<	0.03		Table_4.XLSX
34589061	Лист1	CNS208	SRX5234996	SRA_Experiment	S.epidermidis	DAL	<	0.03		Table_4.XLSX
34589061	Лист1	CNS208	SRX5234996	SRA_Experiment	S.epidermidis	TLV	=	0.06		Table_4.XLSX
34589061	Лист1	CNS208	SRX5234996	SRA_Experiment	S.epidermidis	TEC	=	4.0		Table_4.XLSX
34589061	Лист1	CNS208	SRX5234996	SRA_Experiment	S.epidermidis	DAP	=	0.5		Table_4.XLSX
34589061	Лист1	CNS208	SRX5234996	SRA_Experiment	S.epidermidis	TGC	=	0.125		Table_4.XLSX
34589061	Лист1	CNS208	SRX5234996	SRA_Experiment	S.epidermidis	TET	=	2		Table_4.XLSX
34589061	Лист1	CNS208	SRX5234996	SRA_Experiment	S.epidermidis	CPT	=	0.25		Table_4.XLSX
34589061	Лист1	CNS208	SRX5234996	SRA_Experiment	S.epidermidis	RIF	<	0.004		Table_4.XLSX
34589061	Лист1	CNS208	SRX5234996	SRA_Experiment	S.epidermidis	CIP	=	64		Table_4.XLSX
34589061	Лист1	CNS208	SRX5234996	SRA_Experiment	S.epidermidis	MXF	=	64.0		Table_4.XLSX
34589061	Лист1	CNS208	SRX5234996	SRA_Experiment	S.epidermidis	GEN	>	128		Table_4.XLSX
34589061	Лист1	CNS208	SRX5234996	SRA_Experiment	S.epidermidis	MUP	>	32		Table_4.XLSX
34589061	Лист1	CNS208	SRX5234996	SRA_Experiment	S.epidermidis	FUS	=	16.0		Table_4.XLSX
34589061	Лист1	CNS208	SRX5234996	SRA_Experiment	S.epidermidis	SXT	=	2.0		Table_4.XLSX
34589061	Лист1	CNS208	SRX5234996	SRA_Experiment	S.epidermidis	ERY	<	0.125		Table_4.XLSX
34589061	Лист1	CNS208	SRX5234996	SRA_Experiment	S.epidermidis	CLI	>	64		Table_4.XLSX
34589061	Лист1	CNS209	SRX5234995	SRA_Experiment	S.epidermidis	OXA	=	32		Table_4.XLSX
34589061	Лист1	CNS209	SRX5234995	SRA_Experiment	S.epidermidis	FOX	=	32		Table_4.XLSX
34589061	Лист1	CNS209	SRX5234995	SRA_Experiment	S.epidermidis	LNZ	=	32		Table_4.XLSX
34589061	Лист1	CNS209	SRX5234995	SRA_Experiment	S.epidermidis	TDZ	=	32		Table_4.XLSX
34589061	Лист1	CNS209	SRX5234995	SRA_Experiment	S.epidermidis	VAN	=	2		Table_4.XLSX
34589061	Лист1	CNS209	SRX5234995	SRA_Experiment	S.epidermidis	ORI	<	0.03		Table_4.XLSX
34589061	Лист1	CNS209	SRX5234995	SRA_Experiment	S.epidermidis	DAL	<	0.03		Table_4.XLSX
34589061	Лист1	CNS209	SRX5234995	SRA_Experiment	S.epidermidis	TLV	=	0.06		Table_4.XLSX
34589061	Лист1	CNS209	SRX5234995	SRA_Experiment	S.epidermidis	TEC	=	1.0		Table_4.XLSX
34589061	Лист1	CNS209	SRX5234995	SRA_Experiment	S.epidermidis	DAP	=	0.25		Table_4.XLSX
34589061	Лист1	CNS209	SRX5234995	SRA_Experiment	S.epidermidis	TGC	=	0.125		Table_4.XLSX
34589061	Лист1	CNS209	SRX5234995	SRA_Experiment	S.epidermidis	TET	=	2		Table_4.XLSX
34589061	Лист1	CNS209	SRX5234995	SRA_Experiment	S.epidermidis	CPT	=	0.25		Table_4.XLSX
34589061	Лист1	CNS209	SRX5234995	SRA_Experiment	S.epidermidis	RIF	=	0.5		Table_4.XLSX
34589061	Лист1	CNS209	SRX5234995	SRA_Experiment	S.epidermidis	CIP	=	128		Table_4.XLSX
34589061	Лист1	CNS209	SRX5234995	SRA_Experiment	S.epidermidis	MXF	=	64.0		Table_4.XLSX
34589061	Лист1	CNS209	SRX5234995	SRA_Experiment	S.epidermidis	GEN	>	128		Table_4.XLSX
34589061	Лист1	CNS209	SRX5234995	SRA_Experiment	S.epidermidis	MUP	>	32		Table_4.XLSX
34589061	Лист1	CNS209	SRX5234995	SRA_Experiment	S.epidermidis	FUS	=	16.0		Table_4.XLSX
34589061	Лист1	CNS209	SRX5234995	SRA_Experiment	S.epidermidis	SXT	=	8.0		Table_4.XLSX
34589061	Лист1	CNS209	SRX5234995	SRA_Experiment	S.epidermidis	ERY	=	0.25		Table_4.XLSX
34589061	Лист1	CNS209	SRX5234995	SRA_Experiment	S.epidermidis	CLI	=	64		Table_4.XLSX
34589061	Лист1	CNS210	SRX5235000	SRA_Experiment	S.epidermidis	OXA	=	32		Table_4.XLSX
34589061	Лист1	CNS210	SRX5235000	SRA_Experiment	S.epidermidis	FOX	=	32		Table_4.XLSX
34589061	Лист1	CNS210	SRX5235000	SRA_Experiment	S.epidermidis	LNZ	=	32		Table_4.XLSX
34589061	Лист1	CNS210	SRX5235000	SRA_Experiment	S.epidermidis	TDZ	=	32		Table_4.XLSX
34589061	Лист1	CNS210	SRX5235000	SRA_Experiment	S.epidermidis	VAN	=	1		Table_4.XLSX
34589061	Лист1	CNS210	SRX5235000	SRA_Experiment	S.epidermidis	ORI	<	0.03		Table_4.XLSX
34589061	Лист1	CNS210	SRX5235000	SRA_Experiment	S.epidermidis	DAL	<	0.03		Table_4.XLSX
34589061	Лист1	CNS210	SRX5235000	SRA_Experiment	S.epidermidis	TLV	=	0.06		Table_4.XLSX
34589061	Лист1	CNS210	SRX5235000	SRA_Experiment	S.epidermidis	TEC	=	0.5		Table_4.XLSX
34589061	Лист1	CNS210	SRX5235000	SRA_Experiment	S.epidermidis	DAP	=	0.25		Table_4.XLSX
34589061	Лист1	CNS210	SRX5235000	SRA_Experiment	S.epidermidis	TGC	=	0.125		Table_4.XLSX
34589061	Лист1	CNS210	SRX5235000	SRA_Experiment	S.epidermidis	TET	=	2		Table_4.XLSX
34589061	Лист1	CNS210	SRX5235000	SRA_Experiment	S.epidermidis	CPT	=	0.25		Table_4.XLSX
34589061	Лист1	CNS210	SRX5235000	SRA_Experiment	S.epidermidis	RIF	=	0.5		Table_4.XLSX
34589061	Лист1	CNS210	SRX5235000	SRA_Experiment	S.epidermidis	CIP	=	256		Table_4.XLSX
34589061	Лист1	CNS210	SRX5235000	SRA_Experiment	S.epidermidis	MXF	=	64.0		Table_4.XLSX
34589061	Лист1	CNS210	SRX5235000	SRA_Experiment	S.epidermidis	GEN	>	128		Table_4.XLSX
34589061	Лист1	CNS210	SRX5235000	SRA_Experiment	S.epidermidis	MUP	>	32		Table_4.XLSX
34589061	Лист1	CNS210	SRX5235000	SRA_Experiment	S.epidermidis	FUS	=	8.0		Table_4.XLSX
34589061	Лист1	CNS210	SRX5235000	SRA_Experiment	S.epidermidis	SXT	=	16.0		Table_4.XLSX
34589061	Лист1	CNS210	SRX5235000	SRA_Experiment	S.epidermidis	ERY	=	0.25		Table_4.XLSX
34589061	Лист1	CNS210	SRX5235000	SRA_Experiment	S.epidermidis	CLI	=	64		Table_4.XLSX
34589061	Лист1	CNS211	SRX5234999	SRA_Experiment	S.hominis	OXA	=	512		Table_4.XLSX
34589061	Лист1	CNS211	SRX5234999	SRA_Experiment	S.hominis	FOX	=	512		Table_4.XLSX
34589061	Лист1	CNS211	SRX5234999	SRA_Experiment	S.hominis	LNZ	=	32		Table_4.XLSX
34589061	Лист1	CNS211	SRX5234999	SRA_Experiment	S.hominis	TDZ	=	8		Table_4.XLSX
34589061	Лист1	CNS211	SRX5234999	SRA_Experiment	S.hominis	VAN	=	2		Table_4.XLSX
34589061	Лист1	CNS211	SRX5234999	SRA_Experiment	S.hominis	ORI	<	0.03		Table_4.XLSX
34589061	Лист1	CNS211	SRX5234999	SRA_Experiment	S.hominis	DAL	=	0.06		Table_4.XLSX
34589061	Лист1	CNS211	SRX5234999	SRA_Experiment	S.hominis	TLV	=	0.125		Table_4.XLSX
34589061	Лист1	CNS211	SRX5234999	SRA_Experiment	S.hominis	TEC	=	8.0		Table_4.XLSX
34589061	Лист1	CNS211	SRX5234999	SRA_Experiment	S.hominis	DAP	=	0.25		Table_4.XLSX
34589061	Лист1	CNS211	SRX5234999	SRA_Experiment	S.hominis	TGC	=	0.25		Table_4.XLSX
34589061	Лист1	CNS211	SRX5234999	SRA_Experiment	S.hominis	TET	=	64		Table_4.XLSX
34589061	Лист1	CNS211	SRX5234999	SRA_Experiment	S.hominis	CPT	=	1.0		Table_4.XLSX
34589061	Лист1	CNS211	SRX5234999	SRA_Experiment	S.hominis	RIF	=	1		Table_4.XLSX
34589061	Лист1	CNS211	SRX5234999	SRA_Experiment	S.hominis	CIP	=	8		Table_4.XLSX
34589061	Лист1	CNS211	SRX5234999	SRA_Experiment	S.hominis	MXF	=	0.5		Table_4.XLSX
34589061	Лист1	CNS211	SRX5234999	SRA_Experiment	S.hominis	GEN	=	32		Table_4.XLSX
34589061	Лист1	CNS211	SRX5234999	SRA_Experiment	S.hominis	MUP	=	4		Table_4.XLSX
34589061	Лист1	CNS211	SRX5234999	SRA_Experiment	S.hominis	FUS	=	0.125		Table_4.XLSX
34589061	Лист1	CNS211	SRX5234999	SRA_Experiment	S.hominis	SXT	=	0.5		Table_4.XLSX
34589061	Лист1	CNS211	SRX5234999	SRA_Experiment	S.hominis	ERY	=	32		Table_4.XLSX
34589061	Лист1	CNS211	SRX5234999	SRA_Experiment	S.hominis	CLI	=	32		Table_4.XLSX
34589061	Лист1	CNS212	SRX5235002	SRA_Experiment	S.epidermidis	OXA	=	64		Table_4.XLSX
34589061	Лист1	CNS212	SRX5235002	SRA_Experiment	S.epidermidis	FOX	=	32		Table_4.XLSX
34589061	Лист1	CNS212	SRX5235002	SRA_Experiment	S.epidermidis	LNZ	>	32		Table_4.XLSX
34589061	Лист1	CNS212	SRX5235002	SRA_Experiment	S.epidermidis	TDZ	>	32		Table_4.XLSX
34589061	Лист1	CNS212	SRX5235002	SRA_Experiment	S.epidermidis	VAN	=	2		Table_4.XLSX
34589061	Лист1	CNS212	SRX5235002	SRA_Experiment	S.epidermidis	ORI	<	0.03		Table_4.XLSX
34589061	Лист1	CNS212	SRX5235002	SRA_Experiment	S.epidermidis	DAL	<	0.03		Table_4.XLSX
34589061	Лист1	CNS212	SRX5235002	SRA_Experiment	S.epidermidis	TLV	<	0.03		Table_4.XLSX
34589061	Лист1	CNS212	SRX5235002	SRA_Experiment	S.epidermidis	TEC	=	2.0		Table_4.XLSX
34589061	Лист1	CNS212	SRX5235002	SRA_Experiment	S.epidermidis	DAP	=	0.25		Table_4.XLSX
34589061	Лист1	CNS212	SRX5235002	SRA_Experiment	S.epidermidis	TGC	=	0.125		Table_4.XLSX
34589061	Лист1	CNS212	SRX5235002	SRA_Experiment	S.epidermidis	TET	=	2		Table_4.XLSX
34589061	Лист1	CNS212	SRX5235002	SRA_Experiment	S.epidermidis	CPT	=	0.25		Table_4.XLSX
34589061	Лист1	CNS212	SRX5235002	SRA_Experiment	S.epidermidis	RIF	=	0.5		Table_4.XLSX
34589061	Лист1	CNS212	SRX5235002	SRA_Experiment	S.epidermidis	CIP	=	128		Table_4.XLSX
34589061	Лист1	CNS212	SRX5235002	SRA_Experiment	S.epidermidis	MXF	=	32.0		Table_4.XLSX
34589061	Лист1	CNS212	SRX5235002	SRA_Experiment	S.epidermidis	GEN	>	128		Table_4.XLSX
34589061	Лист1	CNS212	SRX5235002	SRA_Experiment	S.epidermidis	MUP	>	32		Table_4.XLSX
34589061	Лист1	CNS212	SRX5235002	SRA_Experiment	S.epidermidis	FUS	=	8.0		Table_4.XLSX
34589061	Лист1	CNS212	SRX5235002	SRA_Experiment	S.epidermidis	SXT	=	8.0		Table_4.XLSX
34589061	Лист1	CNS212	SRX5235002	SRA_Experiment	S.epidermidis	ERY	=	0.5		Table_4.XLSX
34589061	Лист1	CNS212	SRX5235002	SRA_Experiment	S.epidermidis	CLI	>	64		Table_4.XLSX
34589061	Лист1	CNS213	SRX5235001	SRA_Experiment	S.epidermidis	OXA	=	32		Table_4.XLSX
34589061	Лист1	CNS213	SRX5235001	SRA_Experiment	S.epidermidis	FOX	=	32		Table_4.XLSX
34589061	Лист1	CNS213	SRX5235001	SRA_Experiment	S.epidermidis	LNZ	>	32		Table_4.XLSX
34589061	Лист1	CNS213	SRX5235001	SRA_Experiment	S.epidermidis	TDZ	>	32		Table_4.XLSX
34589061	Лист1	CNS213	SRX5235001	SRA_Experiment	S.epidermidis	VAN	=	2		Table_4.XLSX
34589061	Лист1	CNS213	SRX5235001	SRA_Experiment	S.epidermidis	ORI	<	0.03		Table_4.XLSX
34589061	Лист1	CNS213	SRX5235001	SRA_Experiment	S.epidermidis	DAL	<	0.03		Table_4.XLSX
34589061	Лист1	CNS213	SRX5235001	SRA_Experiment	S.epidermidis	TLV	<	0.03		Table_4.XLSX
34589061	Лист1	CNS213	SRX5235001	SRA_Experiment	S.epidermidis	TEC	=	1.0		Table_4.XLSX
34589061	Лист1	CNS213	SRX5235001	SRA_Experiment	S.epidermidis	DAP	=	0.25		Table_4.XLSX
34589061	Лист1	CNS213	SRX5235001	SRA_Experiment	S.epidermidis	TGC	=	0.125		Table_4.XLSX
34589061	Лист1	CNS213	SRX5235001	SRA_Experiment	S.epidermidis	TET	=	2		Table_4.XLSX
34589061	Лист1	CNS213	SRX5235001	SRA_Experiment	S.epidermidis	CPT	=	0.25		Table_4.XLSX
34589061	Лист1	CNS213	SRX5235001	SRA_Experiment	S.epidermidis	RIF	=	0.5		Table_4.XLSX
34589061	Лист1	CNS213	SRX5235001	SRA_Experiment	S.epidermidis	CIP	>	256		Table_4.XLSX
34589061	Лист1	CNS213	SRX5235001	SRA_Experiment	S.epidermidis	MXF	=	64.0		Table_4.XLSX
34589061	Лист1	CNS213	SRX5235001	SRA_Experiment	S.epidermidis	GEN	>	128		Table_4.XLSX
34589061	Лист1	CNS213	SRX5235001	SRA_Experiment	S.epidermidis	MUP	>	32		Table_4.XLSX
34589061	Лист1	CNS213	SRX5235001	SRA_Experiment	S.epidermidis	FUS	=	16.0		Table_4.XLSX
34589061	Лист1	CNS213	SRX5235001	SRA_Experiment	S.epidermidis	SXT	=	8.0		Table_4.XLSX
34589061	Лист1	CNS213	SRX5235001	SRA_Experiment	S.epidermidis	ERY	=	0.5		Table_4.XLSX
34589061	Лист1	CNS213	SRX5235001	SRA_Experiment	S.epidermidis	CLI	>	64		Table_4.XLSX
34589061	Лист1	CNS216	SRX5235004	SRA_Experiment	S.epidermidis	OXA	=	128		Table_4.XLSX
34589061	Лист1	CNS216	SRX5235004	SRA_Experiment	S.epidermidis	FOX	=	128		Table_4.XLSX
34589061	Лист1	CNS216	SRX5235004	SRA_Experiment	S.epidermidis	LNZ	=	32		Table_4.XLSX
34589061	Лист1	CNS216	SRX5235004	SRA_Experiment	S.epidermidis	TDZ	=	4		Table_4.XLSX
34589061	Лист1	CNS216	SRX5235004	SRA_Experiment	S.epidermidis	VAN	=	2		Table_4.XLSX
34589061	Лист1	CNS216	SRX5235004	SRA_Experiment	S.epidermidis	ORI	<	0.03		Table_4.XLSX
34589061	Лист1	CNS216	SRX5235004	SRA_Experiment	S.epidermidis	DAL	=	0.06		Table_4.XLSX
34589061	Лист1	CNS216	SRX5235004	SRA_Experiment	S.epidermidis	TLV	=	0.125		Table_4.XLSX
34589061	Лист1	CNS216	SRX5235004	SRA_Experiment	S.epidermidis	TEC	=	0.25		Table_4.XLSX
34589061	Лист1	CNS216	SRX5235004	SRA_Experiment	S.epidermidis	DAP	=	0.25		Table_4.XLSX
34589061	Лист1	CNS216	SRX5235004	SRA_Experiment	S.epidermidis	TGC	=	0.125		Table_4.XLSX
34589061	Лист1	CNS216	SRX5235004	SRA_Experiment	S.epidermidis	TET	=	1		Table_4.XLSX
34589061	Лист1	CNS216	SRX5235004	SRA_Experiment	S.epidermidis	CPT	=	0.5		Table_4.XLSX
34589061	Лист1	CNS216	SRX5235004	SRA_Experiment	S.epidermidis	RIF	>	4		Table_4.XLSX
34589061	Лист1	CNS216	SRX5235004	SRA_Experiment	S.epidermidis	CIP	=	64		Table_4.XLSX
34589061	Лист1	CNS216	SRX5235004	SRA_Experiment	S.epidermidis	MXF	=	2.0		Table_4.XLSX
34589061	Лист1	CNS216	SRX5235004	SRA_Experiment	S.epidermidis	GEN	>	128		Table_4.XLSX
34589061	Лист1	CNS216	SRX5235004	SRA_Experiment	S.epidermidis	MUP	=	0.25		Table_4.XLSX
34589061	Лист1	CNS216	SRX5235004	SRA_Experiment	S.epidermidis	FUS	=	16.0		Table_4.XLSX
34589061	Лист1	CNS216	SRX5235004	SRA_Experiment	S.epidermidis	SXT	=	16.0		Table_4.XLSX
34589061	Лист1	CNS216	SRX5235004	SRA_Experiment	S.epidermidis	ERY	=	0.5		Table_4.XLSX
34589061	Лист1	CNS216	SRX5235004	SRA_Experiment	S.epidermidis	CLI	=	1		Table_4.XLSX
34589061	Лист1	CNS221	SRX5235003	SRA_Experiment	S.hominis	OXA	>	512		Table_4.XLSX
34589061	Лист1	CNS221	SRX5235003	SRA_Experiment	S.hominis	FOX	=	256		Table_4.XLSX
34589061	Лист1	CNS221	SRX5235003	SRA_Experiment	S.hominis	LNZ	>	32		Table_4.XLSX
34589061	Лист1	CNS221	SRX5235003	SRA_Experiment	S.hominis	TDZ	=	4		Table_4.XLSX
34589061	Лист1	CNS221	SRX5235003	SRA_Experiment	S.hominis	VAN	=	2		Table_4.XLSX
34589061	Лист1	CNS221	SRX5235003	SRA_Experiment	S.hominis	ORI	<	0.03		Table_4.XLSX
34589061	Лист1	CNS221	SRX5235003	SRA_Experiment	S.hominis	DAL	=	0.125		Table_4.XLSX
34589061	Лист1	CNS221	SRX5235003	SRA_Experiment	S.hominis	TLV	=	0.25		Table_4.XLSX
34589061	Лист1	CNS221	SRX5235003	SRA_Experiment	S.hominis	TEC	=	16.0		Table_4.XLSX
34589061	Лист1	CNS221	SRX5235003	SRA_Experiment	S.hominis	DAP	=	0.125		Table_4.XLSX
34589061	Лист1	CNS221	SRX5235003	SRA_Experiment	S.hominis	TGC	=	0.25		Table_4.XLSX
34589061	Лист1	CNS221	SRX5235003	SRA_Experiment	S.hominis	TET	=	64		Table_4.XLSX
34589061	Лист1	CNS221	SRX5235003	SRA_Experiment	S.hominis	CPT	=	1.0		Table_4.XLSX
34589061	Лист1	CNS221	SRX5235003	SRA_Experiment	S.hominis	RIF	=	2		Table_4.XLSX
34589061	Лист1	CNS221	SRX5235003	SRA_Experiment	S.hominis	CIP	=	4		Table_4.XLSX
34589061	Лист1	CNS221	SRX5235003	SRA_Experiment	S.hominis	MXF	=	1.0		Table_4.XLSX
34589061	Лист1	CNS221	SRX5235003	SRA_Experiment	S.hominis	GEN	=	8		Table_4.XLSX
34589061	Лист1	CNS221	SRX5235003	SRA_Experiment	S.hominis	MUP	=	1		Table_4.XLSX
34589061	Лист1	CNS221	SRX5235003	SRA_Experiment	S.hominis	FUS	=	0.06		Table_4.XLSX
34589061	Лист1	CNS221	SRX5235003	SRA_Experiment	S.hominis	SXT	=	0.5		Table_4.XLSX
34589061	Лист1	CNS221	SRX5235003	SRA_Experiment	S.hominis	ERY	=	128		Table_4.XLSX
34589061	Лист1	CNS221	SRX5235003	SRA_Experiment	S.hominis	CLI	=	1		Table_4.XLSX
34589061	Лист1	CNS222	SRX5235006	SRA_Experiment	S.epidermidis	OXA	=	128		Table_4.XLSX
34589061	Лист1	CNS222	SRX5235006	SRA_Experiment	S.epidermidis	FOX	=	64		Table_4.XLSX
34589061	Лист1	CNS222	SRX5235006	SRA_Experiment	S.epidermidis	LNZ	>	32		Table_4.XLSX
34589061	Лист1	CNS222	SRX5235006	SRA_Experiment	S.epidermidis	TDZ	>	32		Table_4.XLSX
34589061	Лист1	CNS222	SRX5235006	SRA_Experiment	S.epidermidis	VAN	=	2		Table_4.XLSX
34589061	Лист1	CNS222	SRX5235006	SRA_Experiment	S.epidermidis	ORI	=	0.125		Table_4.XLSX
34589061	Лист1	CNS222	SRX5235006	SRA_Experiment	S.epidermidis	DAL	=	0.06		Table_4.XLSX
34589061	Лист1	CNS222	SRX5235006	SRA_Experiment	S.epidermidis	TLV	=	0.125		Table_4.XLSX
34589061	Лист1	CNS222	SRX5235006	SRA_Experiment	S.epidermidis	TEC	=	4.0		Table_4.XLSX
34589061	Лист1	CNS222	SRX5235006	SRA_Experiment	S.epidermidis	DAP	=	0.25		Table_4.XLSX
34589061	Лист1	CNS222	SRX5235006	SRA_Experiment	S.epidermidis	TGC	=	0.06		Table_4.XLSX
34589061	Лист1	CNS222	SRX5235006	SRA_Experiment	S.epidermidis	TET	=	1		Table_4.XLSX
34589061	Лист1	CNS222	SRX5235006	SRA_Experiment	S.epidermidis	CPT	=	0.5		Table_4.XLSX
34589061	Лист1	CNS222	SRX5235006	SRA_Experiment	S.epidermidis	RIF	<	0.004		Table_4.XLSX
34589061	Лист1	CNS222	SRX5235006	SRA_Experiment	S.epidermidis	CIP	=	64		Table_4.XLSX
34589061	Лист1	CNS222	SRX5235006	SRA_Experiment	S.epidermidis	MXF	=	64.0		Table_4.XLSX
34589061	Лист1	CNS222	SRX5235006	SRA_Experiment	S.epidermidis	GEN	>	128		Table_4.XLSX
34589061	Лист1	CNS222	SRX5235006	SRA_Experiment	S.epidermidis	MUP	=	16		Table_4.XLSX
34589061	Лист1	CNS222	SRX5235006	SRA_Experiment	S.epidermidis	FUS	=	16.0		Table_4.XLSX
34589061	Лист1	CNS222	SRX5235006	SRA_Experiment	S.epidermidis	SXT	=	4.0		Table_4.XLSX
34589061	Лист1	CNS222	SRX5235006	SRA_Experiment	S.epidermidis	ERY	=	1		Table_4.XLSX
34589061	Лист1	CNS222	SRX5235006	SRA_Experiment	S.epidermidis	CLI	>	64		Table_4.XLSX
34589061	Лист1	CNS223	SRX5235005	SRA_Experiment	S.hominis	OXA	=	512		Table_4.XLSX
34589061	Лист1	CNS223	SRX5235005	SRA_Experiment	S.hominis	FOX	=	512		Table_4.XLSX
34589061	Лист1	CNS223	SRX5235005	SRA_Experiment	S.hominis	LNZ	>	32		Table_4.XLSX
34589061	Лист1	CNS223	SRX5235005	SRA_Experiment	S.hominis	TDZ	=	4		Table_4.XLSX
34589061	Лист1	CNS223	SRX5235005	SRA_Experiment	S.hominis	VAN	=	2		Table_4.XLSX
34589061	Лист1	CNS223	SRX5235005	SRA_Experiment	S.hominis	ORI	<	0.03		Table_4.XLSX
34589061	Лист1	CNS223	SRX5235005	SRA_Experiment	S.hominis	DAL	=	0.125		Table_4.XLSX
34589061	Лист1	CNS223	SRX5235005	SRA_Experiment	S.hominis	TLV	=	0.25		Table_4.XLSX
34589061	Лист1	CNS223	SRX5235005	SRA_Experiment	S.hominis	TEC	=	16.0		Table_4.XLSX
34589061	Лист1	CNS223	SRX5235005	SRA_Experiment	S.hominis	DAP	=	0.25		Table_4.XLSX
34589061	Лист1	CNS223	SRX5235005	SRA_Experiment	S.hominis	TGC	=	0.25		Table_4.XLSX
34589061	Лист1	CNS223	SRX5235005	SRA_Experiment	S.hominis	TET	>	64		Table_4.XLSX
34589061	Лист1	CNS223	SRX5235005	SRA_Experiment	S.hominis	CPT	=	1.0		Table_4.XLSX
34589061	Лист1	CNS223	SRX5235005	SRA_Experiment	S.hominis	RIF	=	1		Table_4.XLSX
34589061	Лист1	CNS223	SRX5235005	SRA_Experiment	S.hominis	CIP	=	16		Table_4.XLSX
34589061	Лист1	CNS223	SRX5235005	SRA_Experiment	S.hominis	MXF	=	0.5		Table_4.XLSX
34589061	Лист1	CNS223	SRX5235005	SRA_Experiment	S.hominis	GEN	=	16		Table_4.XLSX
34589061	Лист1	CNS223	SRX5235005	SRA_Experiment	S.hominis	MUP	=	1		Table_4.XLSX
34589061	Лист1	CNS223	SRX5235005	SRA_Experiment	S.hominis	FUS	=	0.125		Table_4.XLSX
34589061	Лист1	CNS223	SRX5235005	SRA_Experiment	S.hominis	SXT	=	0.5		Table_4.XLSX
34589061	Лист1	CNS223	SRX5235005	SRA_Experiment	S.hominis	ERY	=	128		Table_4.XLSX
34589061	Лист1	CNS223	SRX5235005	SRA_Experiment	S.hominis	CLI	=	0.5		Table_4.XLSX
34589061	Лист1	CNS228	SRX5234998	SRA_Experiment	S.epidermidis	OXA	=	128		Table_4.XLSX
34589061	Лист1	CNS228	SRX5234998	SRA_Experiment	S.epidermidis	FOX	=	128		Table_4.XLSX
34589061	Лист1	CNS228	SRX5234998	SRA_Experiment	S.epidermidis	LNZ	=	32		Table_4.XLSX
34589061	Лист1	CNS228	SRX5234998	SRA_Experiment	S.epidermidis	TDZ	=	2		Table_4.XLSX
34589061	Лист1	CNS228	SRX5234998	SRA_Experiment	S.epidermidis	VAN	=	2		Table_4.XLSX
34589061	Лист1	CNS228	SRX5234998	SRA_Experiment	S.epidermidis	ORI	<	0.03		Table_4.XLSX
34589061	Лист1	CNS228	SRX5234998	SRA_Experiment	S.epidermidis	DAL	<	0.03		Table_4.XLSX
34589061	Лист1	CNS228	SRX5234998	SRA_Experiment	S.epidermidis	TLV	=	0.06		Table_4.XLSX
34589061	Лист1	CNS228	SRX5234998	SRA_Experiment	S.epidermidis	TEC	=	0.25		Table_4.XLSX
34589061	Лист1	CNS228	SRX5234998	SRA_Experiment	S.epidermidis	DAP	=	0.25		Table_4.XLSX
34589061	Лист1	CNS228	SRX5234998	SRA_Experiment	S.epidermidis	TGC	=	0.125		Table_4.XLSX
34589061	Лист1	CNS228	SRX5234998	SRA_Experiment	S.epidermidis	TET	=	1		Table_4.XLSX
34589061	Лист1	CNS228	SRX5234998	SRA_Experiment	S.epidermidis	CPT	=	0.25		Table_4.XLSX
34589061	Лист1	CNS228	SRX5234998	SRA_Experiment	S.epidermidis	RIF	>	4		Table_4.XLSX
34589061	Лист1	CNS228	SRX5234998	SRA_Experiment	S.epidermidis	CIP	=	64		Table_4.XLSX
34589061	Лист1	CNS228	SRX5234998	SRA_Experiment	S.epidermidis	MXF	=	2.0		Table_4.XLSX
34589061	Лист1	CNS228	SRX5234998	SRA_Experiment	S.epidermidis	GEN	>	128		Table_4.XLSX
34589061	Лист1	CNS228	SRX5234998	SRA_Experiment	S.epidermidis	MUP	=	0.25		Table_4.XLSX
34589061	Лист1	CNS228	SRX5234998	SRA_Experiment	S.epidermidis	FUS	=	16.0		Table_4.XLSX
34589061	Лист1	CNS228	SRX5234998	SRA_Experiment	S.epidermidis	SXT	=	16.0		Table_4.XLSX
34589061	Лист1	CNS228	SRX5234998	SRA_Experiment	S.epidermidis	ERY	=	0.25		Table_4.XLSX
34589061	Лист1	CNS228	SRX5234998	SRA_Experiment	S.epidermidis	CLI	=	0.5		Table_4.XLSX
34589061	Лист1	CNS235	SRX5234997	SRA_Experiment	S.epidermidis	OXA	=	128		Table_4.XLSX
34589061	Лист1	CNS235	SRX5234997	SRA_Experiment	S.epidermidis	FOX	=	64		Table_4.XLSX
34589061	Лист1	CNS235	SRX5234997	SRA_Experiment	S.epidermidis	LNZ	=	32		Table_4.XLSX
34589061	Лист1	CNS235	SRX5234997	SRA_Experiment	S.epidermidis	TDZ	=	4		Table_4.XLSX
34589061	Лист1	CNS235	SRX5234997	SRA_Experiment	S.epidermidis	VAN	=	2		Table_4.XLSX
34589061	Лист1	CNS235	SRX5234997	SRA_Experiment	S.epidermidis	ORI	<	0.03		Table_4.XLSX
34589061	Лист1	CNS235	SRX5234997	SRA_Experiment	S.epidermidis	DAL	<	0.03		Table_4.XLSX
34589061	Лист1	CNS235	SRX5234997	SRA_Experiment	S.epidermidis	TLV	<	0.03		Table_4.XLSX
34589061	Лист1	CNS235	SRX5234997	SRA_Experiment	S.epidermidis	TEC	=	1.0		Table_4.XLSX
34589061	Лист1	CNS235	SRX5234997	SRA_Experiment	S.epidermidis	DAP	=	0.5		Table_4.XLSX
34589061	Лист1	CNS235	SRX5234997	SRA_Experiment	S.epidermidis	TGC	=	0.06		Table_4.XLSX
34589061	Лист1	CNS235	SRX5234997	SRA_Experiment	S.epidermidis	TET	=	1		Table_4.XLSX
34589061	Лист1	CNS235	SRX5234997	SRA_Experiment	S.epidermidis	CPT	=	0.5		Table_4.XLSX
34589061	Лист1	CNS235	SRX5234997	SRA_Experiment	S.epidermidis	RIF	>	4		Table_4.XLSX
34589061	Лист1	CNS235	SRX5234997	SRA_Experiment	S.epidermidis	CIP	=	256		Table_4.XLSX
34589061	Лист1	CNS235	SRX5234997	SRA_Experiment	S.epidermidis	MXF	=	2.0		Table_4.XLSX
34589061	Лист1	CNS235	SRX5234997	SRA_Experiment	S.epidermidis	GEN	>	128		Table_4.XLSX
34589061	Лист1	CNS235	SRX5234997	SRA_Experiment	S.epidermidis	MUP	=	2		Table_4.XLSX
34589061	Лист1	CNS235	SRX5234997	SRA_Experiment	S.epidermidis	FUS	=	16.0		Table_4.XLSX
34589061	Лист1	CNS235	SRX5234997	SRA_Experiment	S.epidermidis	SXT	=	16.0		Table_4.XLSX
34589061	Лист1	CNS235	SRX5234997	SRA_Experiment	S.epidermidis	ERY	=	0.25		Table_4.XLSX
34589061	Лист1	CNS235	SRX5234997	SRA_Experiment	S.epidermidis	CLI	=	1		Table_4.XLSX
34589061	Лист1	CNS238	SRX5234980	SRA_Experiment	S.hominis	OXA	=	512		Table_4.XLSX
34589061	Лист1	CNS238	SRX5234980	SRA_Experiment	S.hominis	FOX	=	256		Table_4.XLSX
34589061	Лист1	CNS238	SRX5234980	SRA_Experiment	S.hominis	LNZ	>	32		Table_4.XLSX
34589061	Лист1	CNS238	SRX5234980	SRA_Experiment	S.hominis	TDZ	=	4		Table_4.XLSX
34589061	Лист1	CNS238	SRX5234980	SRA_Experiment	S.hominis	VAN	=	2		Table_4.XLSX
34589061	Лист1	CNS238	SRX5234980	SRA_Experiment	S.hominis	ORI	<	0.03		Table_4.XLSX
34589061	Лист1	CNS238	SRX5234980	SRA_Experiment	S.hominis	DAL	=	0.03		Table_4.XLSX
34589061	Лист1	CNS238	SRX5234980	SRA_Experiment	S.hominis	TLV	<	0.03		Table_4.XLSX
34589061	Лист1	CNS238	SRX5234980	SRA_Experiment	S.hominis	TEC	=	16.0		Table_4.XLSX
34589061	Лист1	CNS238	SRX5234980	SRA_Experiment	S.hominis	DAP	=	0.25		Table_4.XLSX
34589061	Лист1	CNS238	SRX5234980	SRA_Experiment	S.hominis	TGC	=	0.25		Table_4.XLSX
34589061	Лист1	CNS238	SRX5234980	SRA_Experiment	S.hominis	TET	>	64		Table_4.XLSX
34589061	Лист1	CNS238	SRX5234980	SRA_Experiment	S.hominis	CPT	=	1.0		Table_4.XLSX
34589061	Лист1	CNS238	SRX5234980	SRA_Experiment	S.hominis	RIF	=	1		Table_4.XLSX
34589061	Лист1	CNS238	SRX5234980	SRA_Experiment	S.hominis	CIP	=	16		Table_4.XLSX
34589061	Лист1	CNS238	SRX5234980	SRA_Experiment	S.hominis	MXF	=	0.5		Table_4.XLSX
34589061	Лист1	CNS238	SRX5234980	SRA_Experiment	S.hominis	GEN	=	16		Table_4.XLSX
34589061	Лист1	CNS238	SRX5234980	SRA_Experiment	S.hominis	MUP	=	1		Table_4.XLSX
34589061	Лист1	CNS238	SRX5234980	SRA_Experiment	S.hominis	FUS	=	0.06		Table_4.XLSX
34589061	Лист1	CNS238	SRX5234980	SRA_Experiment	S.hominis	SXT	=	0.5		Table_4.XLSX
34589061	Лист1	CNS238	SRX5234980	SRA_Experiment	S.hominis	ERY	=	32		Table_4.XLSX
34589061	Лист1	CNS238	SRX5234980	SRA_Experiment	S.hominis	CLI	>	64		Table_4.XLSX
34589061	Лист1	CNS239	SRX5234981	SRA_Experiment	S.hominis	OXA	=	512		Table_4.XLSX
34589061	Лист1	CNS239	SRX5234981	SRA_Experiment	S.hominis	FOX	=	256		Table_4.XLSX
34589061	Лист1	CNS239	SRX5234981	SRA_Experiment	S.hominis	LNZ	>	32		Table_4.XLSX
34589061	Лист1	CNS239	SRX5234981	SRA_Experiment	S.hominis	TDZ	=	4		Table_4.XLSX
34589061	Лист1	CNS239	SRX5234981	SRA_Experiment	S.hominis	VAN	=	2		Table_4.XLSX
34589061	Лист1	CNS239	SRX5234981	SRA_Experiment	S.hominis	ORI	=	0.125		Table_4.XLSX
34589061	Лист1	CNS239	SRX5234981	SRA_Experiment	S.hominis	DAL	=	0.03		Table_4.XLSX
34589061	Лист1	CNS239	SRX5234981	SRA_Experiment	S.hominis	TLV	=	0.06		Table_4.XLSX
34589061	Лист1	CNS239	SRX5234981	SRA_Experiment	S.hominis	TEC	=	16.0		Table_4.XLSX
34589061	Лист1	CNS239	SRX5234981	SRA_Experiment	S.hominis	DAP	=	0.125		Table_4.XLSX
34589061	Лист1	CNS239	SRX5234981	SRA_Experiment	S.hominis	TGC	=	0.25		Table_4.XLSX
34589061	Лист1	CNS239	SRX5234981	SRA_Experiment	S.hominis	TET	>	64		Table_4.XLSX
34589061	Лист1	CNS239	SRX5234981	SRA_Experiment	S.hominis	CPT	=	1.0		Table_4.XLSX
34589061	Лист1	CNS239	SRX5234981	SRA_Experiment	S.hominis	RIF	=	1		Table_4.XLSX
34589061	Лист1	CNS239	SRX5234981	SRA_Experiment	S.hominis	CIP	=	16		Table_4.XLSX
34589061	Лист1	CNS239	SRX5234981	SRA_Experiment	S.hominis	MXF	=	0.5		Table_4.XLSX
34589061	Лист1	CNS239	SRX5234981	SRA_Experiment	S.hominis	GEN	=	16		Table_4.XLSX
34589061	Лист1	CNS239	SRX5234981	SRA_Experiment	S.hominis	MUP	=	1		Table_4.XLSX
34589061	Лист1	CNS239	SRX5234981	SRA_Experiment	S.hominis	FUS	=	0.06		Table_4.XLSX
34589061	Лист1	CNS239	SRX5234981	SRA_Experiment	S.hominis	SXT	=	0.5		Table_4.XLSX
34589061	Лист1	CNS239	SRX5234981	SRA_Experiment	S.hominis	ERY	=	16		Table_4.XLSX
34589061	Лист1	CNS239	SRX5234981	SRA_Experiment	S.hominis	CLI	>	64		Table_4.XLSX
34589061	Лист1	CNS241	SRX5234982	SRA_Experiment	S.hominis	OXA	>	512		Table_4.XLSX
34589061	Лист1	CNS241	SRX5234982	SRA_Experiment	S.hominis	FOX	=	256		Table_4.XLSX
34589061	Лист1	CNS241	SRX5234982	SRA_Experiment	S.hominis	LNZ	>	32		Table_4.XLSX
34589061	Лист1	CNS241	SRX5234982	SRA_Experiment	S.hominis	TDZ	=	4		Table_4.XLSX
34589061	Лист1	CNS241	SRX5234982	SRA_Experiment	S.hominis	VAN	=	2		Table_4.XLSX
34589061	Лист1	CNS241	SRX5234982	SRA_Experiment	S.hominis	ORI	<	0.03		Table_4.XLSX
34589061	Лист1	CNS241	SRX5234982	SRA_Experiment	S.hominis	DAL	=	0.06		Table_4.XLSX
34589061	Лист1	CNS241	SRX5234982	SRA_Experiment	S.hominis	TLV	=	0.06		Table_4.XLSX
34589061	Лист1	CNS241	SRX5234982	SRA_Experiment	S.hominis	TEC	=	16.0		Table_4.XLSX
34589061	Лист1	CNS241	SRX5234982	SRA_Experiment	S.hominis	DAP	=	0.125		Table_4.XLSX
34589061	Лист1	CNS241	SRX5234982	SRA_Experiment	S.hominis	TGC	=	0.25		Table_4.XLSX
34589061	Лист1	CNS241	SRX5234982	SRA_Experiment	S.hominis	TET	>	64		Table_4.XLSX
34589061	Лист1	CNS241	SRX5234982	SRA_Experiment	S.hominis	CPT	=	1.0		Table_4.XLSX
34589061	Лист1	CNS241	SRX5234982	SRA_Experiment	S.hominis	RIF	=	1		Table_4.XLSX
34589061	Лист1	CNS241	SRX5234982	SRA_Experiment	S.hominis	CIP	=	16		Table_4.XLSX
34589061	Лист1	CNS241	SRX5234982	SRA_Experiment	S.hominis	MXF	=	0.5		Table_4.XLSX
34589061	Лист1	CNS241	SRX5234982	SRA_Experiment	S.hominis	GEN	=	16		Table_4.XLSX
34589061	Лист1	CNS241	SRX5234982	SRA_Experiment	S.hominis	MUP	=	1		Table_4.XLSX
34589061	Лист1	CNS241	SRX5234982	SRA_Experiment	S.hominis	FUS	=	0.06		Table_4.XLSX
34589061	Лист1	CNS241	SRX5234982	SRA_Experiment	S.hominis	SXT	=	0.5		Table_4.XLSX
34589061	Лист1	CNS241	SRX5234982	SRA_Experiment	S.hominis	ERY	=	32		Table_4.XLSX
34589061	Лист1	CNS241	SRX5234982	SRA_Experiment	S.hominis	CLI	>	64		Table_4.XLSX
34589061	Лист1	CNS242	SRX5234983	SRA_Experiment	S.hominis	OXA	=	512		Table_4.XLSX
34589061	Лист1	CNS242	SRX5234983	SRA_Experiment	S.hominis	FOX	=	512		Table_4.XLSX
34589061	Лист1	CNS242	SRX5234983	SRA_Experiment	S.hominis	LNZ	>	32		Table_4.XLSX
34589061	Лист1	CNS242	SRX5234983	SRA_Experiment	S.hominis	TDZ	=	8		Table_4.XLSX
34589061	Лист1	CNS242	SRX5234983	SRA_Experiment	S.hominis	VAN	=	4		Table_4.XLSX
34589061	Лист1	CNS242	SRX5234983	SRA_Experiment	S.hominis	ORI	=	0.125		Table_4.XLSX
34589061	Лист1	CNS242	SRX5234983	SRA_Experiment	S.hominis	DAL	=	0.125		Table_4.XLSX
34589061	Лист1	CNS242	SRX5234983	SRA_Experiment	S.hominis	TLV	=	0.125		Table_4.XLSX
34589061	Лист1	CNS242	SRX5234983	SRA_Experiment	S.hominis	TEC	=	16.0		Table_4.XLSX
34589061	Лист1	CNS242	SRX5234983	SRA_Experiment	S.hominis	DAP	=	0.25		Table_4.XLSX
34589061	Лист1	CNS242	SRX5234983	SRA_Experiment	S.hominis	TGC	=	0.25		Table_4.XLSX
34589061	Лист1	CNS242	SRX5234983	SRA_Experiment	S.hominis	TET	>	64		Table_4.XLSX
34589061	Лист1	CNS242	SRX5234983	SRA_Experiment	S.hominis	CPT	=	1.0		Table_4.XLSX
34589061	Лист1	CNS242	SRX5234983	SRA_Experiment	S.hominis	RIF	=	2		Table_4.XLSX
34589061	Лист1	CNS242	SRX5234983	SRA_Experiment	S.hominis	CIP	=	16		Table_4.XLSX
34589061	Лист1	CNS242	SRX5234983	SRA_Experiment	S.hominis	MXF	=	1.0		Table_4.XLSX
34589061	Лист1	CNS242	SRX5234983	SRA_Experiment	S.hominis	GEN	=	16		Table_4.XLSX
34589061	Лист1	CNS242	SRX5234983	SRA_Experiment	S.hominis	MUP	=	1		Table_4.XLSX
34589061	Лист1	CNS242	SRX5234983	SRA_Experiment	S.hominis	FUS	=	0.125		Table_4.XLSX
34589061	Лист1	CNS242	SRX5234983	SRA_Experiment	S.hominis	SXT	=	1.0		Table_4.XLSX
34589061	Лист1	CNS242	SRX5234983	SRA_Experiment	S.hominis	ERY	=	32		Table_4.XLSX
34589061	Лист1	CNS242	SRX5234983	SRA_Experiment	S.hominis	CLI	>	64		Table_4.XLSX
34589061	Лист1	CNS243	SRX5234984	SRA_Experiment	S.epidermidis	OXA	=	64		Table_4.XLSX
34589061	Лист1	CNS243	SRX5234984	SRA_Experiment	S.epidermidis	FOX	=	64		Table_4.XLSX
34589061	Лист1	CNS243	SRX5234984	SRA_Experiment	S.epidermidis	LNZ	>	32		Table_4.XLSX
34589061	Лист1	CNS243	SRX5234984	SRA_Experiment	S.epidermidis	TDZ	=	16		Table_4.XLSX
34589061	Лист1	CNS243	SRX5234984	SRA_Experiment	S.epidermidis	VAN	=	2		Table_4.XLSX
34589061	Лист1	CNS243	SRX5234984	SRA_Experiment	S.epidermidis	ORI	=	0.125		Table_4.XLSX
34589061	Лист1	CNS243	SRX5234984	SRA_Experiment	S.epidermidis	DAL	<	0.03		Table_4.XLSX
34589061	Лист1	CNS243	SRX5234984	SRA_Experiment	S.epidermidis	TLV	=	0.06		Table_4.XLSX
34589061	Лист1	CNS243	SRX5234984	SRA_Experiment	S.epidermidis	TEC	=	2.0		Table_4.XLSX
34589061	Лист1	CNS243	SRX5234984	SRA_Experiment	S.epidermidis	DAP	=	0.25		Table_4.XLSX
34589061	Лист1	CNS243	SRX5234984	SRA_Experiment	S.epidermidis	TGC	=	0.25		Table_4.XLSX
34589061	Лист1	CNS243	SRX5234984	SRA_Experiment	S.epidermidis	TET	=	2		Table_4.XLSX
34589061	Лист1	CNS243	SRX5234984	SRA_Experiment	S.epidermidis	CPT	=	0.25		Table_4.XLSX
34589061	Лист1	CNS243	SRX5234984	SRA_Experiment	S.epidermidis	RIF	>	4		Table_4.XLSX
34589061	Лист1	CNS243	SRX5234984	SRA_Experiment	S.epidermidis	CIP	=	256		Table_4.XLSX
34589061	Лист1	CNS243	SRX5234984	SRA_Experiment	S.epidermidis	MXF	=	2.0		Table_4.XLSX
34589061	Лист1	CNS243	SRX5234984	SRA_Experiment	S.epidermidis	GEN	>	128		Table_4.XLSX
34589061	Лист1	CNS243	SRX5234984	SRA_Experiment	S.epidermidis	MUP	=	16		Table_4.XLSX
34589061	Лист1	CNS243	SRX5234984	SRA_Experiment	S.epidermidis	FUS	=	16.0		Table_4.XLSX
34589061	Лист1	CNS243	SRX5234984	SRA_Experiment	S.epidermidis	SXT	=	16.0		Table_4.XLSX
34589061	Лист1	CNS243	SRX5234984	SRA_Experiment	S.epidermidis	ERY	=	8		Table_4.XLSX
34589061	Лист1	CNS243	SRX5234984	SRA_Experiment	S.epidermidis	CLI	=	4		Table_4.XLSX
34589061	Лист1	CNS244	SRX5234985	SRA_Experiment	S.epidermidis	OXA	=	64		Table_4.XLSX
34589061	Лист1	CNS244	SRX5234985	SRA_Experiment	S.epidermidis	FOX	=	64		Table_4.XLSX
34589061	Лист1	CNS244	SRX5234985	SRA_Experiment	S.epidermidis	LNZ	>	32		Table_4.XLSX
34589061	Лист1	CNS244	SRX5234985	SRA_Experiment	S.epidermidis	TDZ	=	16		Table_4.XLSX
34589061	Лист1	CNS244	SRX5234985	SRA_Experiment	S.epidermidis	VAN	=	2		Table_4.XLSX
34589061	Лист1	CNS244	SRX5234985	SRA_Experiment	S.epidermidis	ORI	<	0.03		Table_4.XLSX
34589061	Лист1	CNS244	SRX5234985	SRA_Experiment	S.epidermidis	DAL	=	0.03		Table_4.XLSX
34589061	Лист1	CNS244	SRX5234985	SRA_Experiment	S.epidermidis	TLV	=	0.06		Table_4.XLSX
34589061	Лист1	CNS244	SRX5234985	SRA_Experiment	S.epidermidis	TEC	=	4.0		Table_4.XLSX
34589061	Лист1	CNS244	SRX5234985	SRA_Experiment	S.epidermidis	DAP	=	0.25		Table_4.XLSX
34589061	Лист1	CNS244	SRX5234985	SRA_Experiment	S.epidermidis	TGC	=	0.125		Table_4.XLSX
34589061	Лист1	CNS244	SRX5234985	SRA_Experiment	S.epidermidis	TET	=	0.5		Table_4.XLSX
34589061	Лист1	CNS244	SRX5234985	SRA_Experiment	S.epidermidis	CPT	=	0.25		Table_4.XLSX
34589061	Лист1	CNS244	SRX5234985	SRA_Experiment	S.epidermidis	RIF	>	4		Table_4.XLSX
34589061	Лист1	CNS244	SRX5234985	SRA_Experiment	S.epidermidis	CIP	=	64		Table_4.XLSX
34589061	Лист1	CNS244	SRX5234985	SRA_Experiment	S.epidermidis	MXF	=	2.0		Table_4.XLSX
34589061	Лист1	CNS244	SRX5234985	SRA_Experiment	S.epidermidis	GEN	>	128		Table_4.XLSX
34589061	Лист1	CNS244	SRX5234985	SRA_Experiment	S.epidermidis	MUP	=	16		Table_4.XLSX
34589061	Лист1	CNS244	SRX5234985	SRA_Experiment	S.epidermidis	FUS	=	8.0		Table_4.XLSX
34589061	Лист1	CNS244	SRX5234985	SRA_Experiment	S.epidermidis	SXT	=	16.0		Table_4.XLSX
34589061	Лист1	CNS244	SRX5234985	SRA_Experiment	S.epidermidis	ERY	=	8		Table_4.XLSX
34589061	Лист1	CNS244	SRX5234985	SRA_Experiment	S.epidermidis	CLI	=	2		Table_4.XLSX
34589061	Лист1	CNS245	SRX5234986	SRA_Experiment	S.hominis	OXA	>	512		Table_4.XLSX
34589061	Лист1	CNS245	SRX5234986	SRA_Experiment	S.hominis	FOX	=	512		Table_4.XLSX
34589061	Лист1	CNS245	SRX5234986	SRA_Experiment	S.hominis	LNZ	>	32		Table_4.XLSX
34589061	Лист1	CNS245	SRX5234986	SRA_Experiment	S.hominis	TDZ	=	8		Table_4.XLSX
34589061	Лист1	CNS245	SRX5234986	SRA_Experiment	S.hominis	VAN	=	2		Table_4.XLSX
34589061	Лист1	CNS245	SRX5234986	SRA_Experiment	S.hominis	ORI	=	0.125		Table_4.XLSX
34589061	Лист1	CNS245	SRX5234986	SRA_Experiment	S.hominis	DAL	=	0.125		Table_4.XLSX
34589061	Лист1	CNS245	SRX5234986	SRA_Experiment	S.hominis	TLV	=	0.125		Table_4.XLSX
34589061	Лист1	CNS245	SRX5234986	SRA_Experiment	S.hominis	TEC	=	16.0		Table_4.XLSX
34589061	Лист1	CNS245	SRX5234986	SRA_Experiment	S.hominis	DAP	=	0.25		Table_4.XLSX
34589061	Лист1	CNS245	SRX5234986	SRA_Experiment	S.hominis	TGC	=	0.25		Table_4.XLSX
34589061	Лист1	CNS245	SRX5234986	SRA_Experiment	S.hominis	TET	>	64		Table_4.XLSX
34589061	Лист1	CNS245	SRX5234986	SRA_Experiment	S.hominis	CPT	=	1.0		Table_4.XLSX
34589061	Лист1	CNS245	SRX5234986	SRA_Experiment	S.hominis	RIF	=	1		Table_4.XLSX
34589061	Лист1	CNS245	SRX5234986	SRA_Experiment	S.hominis	CIP	=	16		Table_4.XLSX
34589061	Лист1	CNS245	SRX5234986	SRA_Experiment	S.hominis	MXF	=	0.5		Table_4.XLSX
34589061	Лист1	CNS245	SRX5234986	SRA_Experiment	S.hominis	GEN	=	16		Table_4.XLSX
34589061	Лист1	CNS245	SRX5234986	SRA_Experiment	S.hominis	MUP	=	1		Table_4.XLSX
34589061	Лист1	CNS245	SRX5234986	SRA_Experiment	S.hominis	FUS	=	0.125		Table_4.XLSX
34589061	Лист1	CNS245	SRX5234986	SRA_Experiment	S.hominis	SXT	=	0.5		Table_4.XLSX
34589061	Лист1	CNS245	SRX5234986	SRA_Experiment	S.hominis	ERY	=	32		Table_4.XLSX
34589061	Лист1	CNS245	SRX5234986	SRA_Experiment	S.hominis	CLI	>	64		Table_4.XLSX
34589061	Лист1	SA0658	SRX2765619	SRA_Experiment	S.epidermidis	OXA	=	256		Table_4.XLSX
34589061	Лист1	SA0658	SRX2765619	SRA_Experiment	S.epidermidis	FOX	=	256		Table_4.XLSX
34589061	Лист1	SA0658	SRX2765619	SRA_Experiment	S.epidermidis	LNZ	=	32		Table_4.XLSX
34589061	Лист1	SA0658	SRX2765619	SRA_Experiment	S.epidermidis	TDZ	=	4		Table_4.XLSX
34589061	Лист1	SA0658	SRX2765619	SRA_Experiment	S.epidermidis	VAN	=	2		Table_4.XLSX
34589061	Лист1	SA0658	SRX2765619	SRA_Experiment	S.epidermidis	ORI	=	0.125		Table_4.XLSX
34589061	Лист1	SA0658	SRX2765619	SRA_Experiment	S.epidermidis	DAL	=	0.06		Table_4.XLSX
34589061	Лист1	SA0658	SRX2765619	SRA_Experiment	S.epidermidis	TLV	=	0.125		Table_4.XLSX
34589061	Лист1	SA0658	SRX2765619	SRA_Experiment	S.epidermidis	TEC	=	16.0		Table_4.XLSX
34589061	Лист1	SA0658	SRX2765619	SRA_Experiment	S.epidermidis	DAP	=	0.125		Table_4.XLSX
34589061	Лист1	SA0658	SRX2765619	SRA_Experiment	S.epidermidis	TGC	=	0.25		Table_4.XLSX
34589061	Лист1	SA0658	SRX2765619	SRA_Experiment	S.epidermidis	TET	=	2		Table_4.XLSX
34589061	Лист1	SA0658	SRX2765619	SRA_Experiment	S.epidermidis	CPT	=	0.5		Table_4.XLSX
34589061	Лист1	SA0658	SRX2765619	SRA_Experiment	S.epidermidis	RIF	>	4		Table_4.XLSX
34589061	Лист1	SA0658	SRX2765619	SRA_Experiment	S.epidermidis	CIP	=	8		Table_4.XLSX
34589061	Лист1	SA0658	SRX2765619	SRA_Experiment	S.epidermidis	MXF	=	2.0		Table_4.XLSX
34589061	Лист1	SA0658	SRX2765619	SRA_Experiment	S.epidermidis	GEN	=	128		Table_4.XLSX
34589061	Лист1	SA0658	SRX2765619	SRA_Experiment	S.epidermidis	MUP	=	16		Table_4.XLSX
34589061	Лист1	SA0658	SRX2765619	SRA_Experiment	S.epidermidis	FUS	=	2.0		Table_4.XLSX
34589061	Лист1	SA0658	SRX2765619	SRA_Experiment	S.epidermidis	SXT	=	4.0		Table_4.XLSX
34589061	Лист1	SA0658	SRX2765619	SRA_Experiment	S.epidermidis	ERY	=	128		Table_4.XLSX
34589061	Лист1	SA0658	SRX2765619	SRA_Experiment	S.epidermidis	CLI	=	2		Table_4.XLSX
