extracted_row	pmid	isolate_id	drug	normalized_drug	genome_id	matched_accessions	genome_match_status	extracted_sir_raw	extracted_sir	ground_truth_sir_raw	ground_truth_sir	sir_result	extracted_mic_sign_raw	extracted_mic_raw	extracted_mic_sign	extracted_mic	ground_truth_mic_sign	ground_truth_mic	mic_result
2937	29729180	1151-66	oxacillin	oxacillin	1280.25972	ERS2213321,SAMEA104602039	MATCHED	S	S	Susceptible	S	CORRECT	<=	0.5	<=	0.5	<=	0.25	INCORRECT
2941	29729180	1151-66	gentamicin	gentamicin	1280.25972	ERS2213321,SAMEA104602039	MATCHED	S	S	Susceptible	S	CORRECT	<=	1	<=	1	<=	0.5	INCORRECT
2943	29729180	1151-66	tetracycline	tetracycline	1280.25972	ERS2213321,SAMEA104602039	MATCHED	S	S	Susceptible	S	CORRECT	<=	2	<=	2	<=	1	INCORRECT
2944	29729180	1151-66	vancomycin	vancomycin	1280.25972	ERS2213321,SAMEA104602039	MATCHED	S	S	Susceptible	S	CORRECT	<=	0.5	<=	0.5	=	1	INCORRECT
2946	29729180	1151-66	ciprofloxacin	ciprofloxacin	1280.25972	ERS2213321,SAMEA104602039	MATCHED	S	S	Susceptible	S	CORRECT	=	0.25	=	0.25	<=	0.5	INCORRECT
2947	29729180	1151-66	daptomycin	daptomycin	1280.25972	ERS2213321,SAMEA104602039	MATCHED	S	S	Susceptible	S	CORRECT	<=	0.5	<=	0.5	=	0.25	INCORRECT
2948	29729180	1151-66	trimethoprim	trimethoprim	1280.25972	ERS2213321,SAMEA104602039	MATCHED	S	S	Susceptible	S	CORRECT	=	1	=	1	<=	0.5	INCORRECT
2953	29729180	1332-23	oxacillin	oxacillin	1280.25973	ERS2213322,SAMEA104602040	MATCHED	S	S	Susceptible	S	CORRECT	<=	0.5	<=	0.5	<=	0.25	INCORRECT
2957	29729180	1332-23	gentamicin	gentamicin	1280.25973	ERS2213322,SAMEA104602040	MATCHED	S	S	Susceptible	S	CORRECT	<=	1	<=	1	<=	0.5	INCORRECT
2959	29729180	1332-23	tetracycline	tetracycline	1280.25973	ERS2213322,SAMEA104602040	MATCHED	S	S	Susceptible	S	CORRECT	<=	2	<=	2	<=	1	INCORRECT
2960	29729180	1332-23	vancomycin	vancomycin	1280.25973	ERS2213322,SAMEA104602040	MATCHED	S	S	Susceptible	S	CORRECT	<=	0.5	<=	0.5	=	1	INCORRECT
2962	29729180	1332-23	ciprofloxacin	ciprofloxacin	1280.25973	ERS2213322,SAMEA104602040	MATCHED	S	S	Susceptible	S	CORRECT	=	0.25	=	0.25	<=	0.5	INCORRECT
2963	29729180	1332-23	daptomycin	daptomycin	1280.25973	ERS2213322,SAMEA104602040	MATCHED	S	S	Susceptible	S	CORRECT	<=	0.5	<=	0.5	=	0.25	INCORRECT
2964	29729180	1332-23	trimethoprim	trimethoprim	1280.25973	ERS2213322,SAMEA104602040	MATCHED	S	S	Susceptible	S	CORRECT	=	1	=	1	<=	0.5	INCORRECT
2969	29729180	1434-01	oxacillin	oxacillin	1280.25974	ERS2213323,SAMEA104602041	MATCHED	S	S	Susceptible	S	CORRECT	<=	0.5	<=	0.5	<=	0.25	INCORRECT
2973	29729180	1434-01	gentamicin	gentamicin	1280.25974	ERS2213323,SAMEA104602041	MATCHED	S	S	Susceptible	S	CORRECT	<=	1	<=	1	<=	0.5	INCORRECT
2975	29729180	1434-01	tetracycline	tetracycline	1280.25974	ERS2213323,SAMEA104602041	MATCHED	S	S	Susceptible	S	CORRECT	<=	2	<=	2	<=	1	INCORRECT
2976	29729180	1434-01	vancomycin	vancomycin	1280.25974	ERS2213323,SAMEA104602041	MATCHED	S	S	Susceptible	S	CORRECT	<=	0.5	<=	0.5	=	1	INCORRECT
2978	29729180	1434-01	ciprofloxacin	ciprofloxacin	1280.25974	ERS2213323,SAMEA104602041	MATCHED	S	S	Susceptible	S	CORRECT	=	0.25	=	0.25	<=	0.5	INCORRECT
2979	29729180	1434-01	daptomycin	daptomycin	1280.25974	ERS2213323,SAMEA104602041	MATCHED	S	S	Susceptible	S	CORRECT	<=	0.5	<=	0.5	=	0.25	INCORRECT
2980	29729180	1434-01	trimethoprim	trimethoprim	1280.25974	ERS2213323,SAMEA104602041	MATCHED	S	S	Susceptible	S	CORRECT	=	1	=	1	<=	0.5	INCORRECT
2985	29729180	1435-93	oxacillin	oxacillin	1280.25975	ERS2213324,SAMEA104602042	MATCHED	S	S	Susceptible	S	CORRECT	<=	0.5	<=	0.5	=	0.5	INCORRECT
2989	29729180	1435-93	gentamicin	gentamicin	1280.25975	ERS2213324,SAMEA104602042	MATCHED	S	S	Susceptible	S	CORRECT	<=	1	<=	1	<=	0.5	INCORRECT
2991	29729180	1435-93	tetracycline	tetracycline	1280.25975	ERS2213324,SAMEA104602042	MATCHED	S	S	Susceptible	S	CORRECT	<=	2	<=	2	<=	1	INCORRECT
2992	29729180	1435-93	vancomycin	vancomycin	1280.25975	ERS2213324,SAMEA104602042	MATCHED	S	S	Susceptible	S	CORRECT	<=	0.5	<=	0.5	=	1	INCORRECT
2994	29729180	1435-93	ciprofloxacin	ciprofloxacin	1280.25975	ERS2213324,SAMEA104602042	MATCHED	S	S	Susceptible	S	CORRECT	=	0.5	=	0.5	<=	0.5	INCORRECT
2995	29729180	1435-93	daptomycin	daptomycin	1280.25975	ERS2213324,SAMEA104602042	MATCHED	S	S	Susceptible	S	CORRECT	<=	0.5	<=	0.5	=	0.5	INCORRECT
2996	29729180	1435-93	trimethoprim	trimethoprim	1280.25975	ERS2213324,SAMEA104602042	MATCHED	S	S	Susceptible	S	CORRECT	=	1	=	1	<=	0.5	INCORRECT
3001	29729180	1444-05	oxacillin	oxacillin	1280.25977	ERS2213325,SAMEA104602043	MATCHED	S	S	Susceptible	S	CORRECT	<=	0.5	<=	0.5	<=	0.25	INCORRECT
3005	29729180	1444-05	gentamicin	gentamicin	1280.25977	ERS2213325,SAMEA104602043	MATCHED	S	S	Susceptible	S	CORRECT	<=	1	<=	1	<=	0.5	INCORRECT
3007	29729180	1444-05	tetracycline	tetracycline	1280.25977	ERS2213325,SAMEA104602043	MATCHED	S	S	Susceptible	S	CORRECT	<=	2	<=	2	<=	1	INCORRECT
3010	29729180	1444-05	ciprofloxacin	ciprofloxacin	1280.25977	ERS2213325,SAMEA104602043	MATCHED	S	S	Susceptible	S	CORRECT	=	0.25	=	0.25	<=	0.5	INCORRECT
3011	29729180	1444-05	daptomycin	daptomycin	1280.25977	ERS2213325,SAMEA104602043	MATCHED	S	S	Susceptible	S	CORRECT	<=	0.5	<=	0.5	=	0.25	INCORRECT
3017	29729180	1445-10	oxacillin	oxacillin	1280.25976	ERS2213326,SAMEA104602044	MATCHED	S	S	Susceptible	S	CORRECT	<=	0.5	<=	0.5	=	0.5	INCORRECT
3021	29729180	1445-10	gentamicin	gentamicin	1280.25976	ERS2213326,SAMEA104602044	MATCHED	S	S	Susceptible	S	CORRECT	<=	1	<=	1	<=	0.5	INCORRECT
3023	29729180	1445-10	tetracycline	tetracycline	1280.25976	ERS2213326,SAMEA104602044	MATCHED	S	S	Susceptible	S	CORRECT	<=	2	<=	2	<=	1	INCORRECT
3024	29729180	1445-10	vancomycin	vancomycin	1280.25976	ERS2213326,SAMEA104602044	MATCHED	S	S	Susceptible	S	CORRECT	<=	0.5	<=	0.5	=	1	INCORRECT
3026	29729180	1445-10	ciprofloxacin	ciprofloxacin	1280.25976	ERS2213326,SAMEA104602044	MATCHED	S	S	Susceptible	S	CORRECT	=	0.25	=	0.25	<=	0.5	INCORRECT
3027	29729180	1445-10	daptomycin	daptomycin	1280.25976	ERS2213326,SAMEA104602044	MATCHED	S	S	Susceptible	S	CORRECT	<=	0.5	<=	0.5	=	0.25	INCORRECT
3028	29729180	1445-10	trimethoprim	trimethoprim	1280.25976	ERS2213326,SAMEA104602044	MATCHED	S	S	Susceptible	S	CORRECT	=	1	=	1	<=	0.5	INCORRECT
3033	29729180	1446-13	oxacillin	oxacillin	1280.25978	ERS2213327,SAMEA104602045	MATCHED	S	S	Susceptible	S	CORRECT	<=	0.5	<=	0.5	=	0.5	INCORRECT
3037	29729180	1446-13	gentamicin	gentamicin	1280.25978	ERS2213327,SAMEA104602045	MATCHED	S	S	Susceptible	S	CORRECT	<=	1	<=	1	<=	0.5	INCORRECT
3039	29729180	1446-13	tetracycline	tetracycline	1280.25978	ERS2213327,SAMEA104602045	MATCHED	S	S	Susceptible	S	CORRECT	<=	2	<=	2	<=	1	INCORRECT
3040	29729180	1446-13	vancomycin	vancomycin	1280.25978	ERS2213327,SAMEA104602045	MATCHED	S	S	Susceptible	S	CORRECT	<=	0.5	<=	0.5	=	1	INCORRECT
3042	29729180	1446-13	ciprofloxacin	ciprofloxacin	1280.25978	ERS2213327,SAMEA104602045	MATCHED	S	S	Susceptible	S	CORRECT	=	0.25	=	0.25	<=	0.5	INCORRECT
3043	29729180	1446-13	daptomycin	daptomycin	1280.25978	ERS2213327,SAMEA104602045	MATCHED	S	S	Susceptible	S	CORRECT	<=	0.5	<=	0.5	=	0.25	INCORRECT
3044	29729180	1446-13	trimethoprim	trimethoprim	1280.25978	ERS2213327,SAMEA104602045	MATCHED	S	S	Susceptible	S	CORRECT	=	1	=	1	<=	0.5	INCORRECT
3049	29729180	1447-14	oxacillin	oxacillin	1280.25979	ERS2213328,SAMEA104602046	MATCHED	S	S	Susceptible	S	CORRECT	<=	0.5	<=	0.5	=	0.5	INCORRECT
3053	29729180	1447-14	gentamicin	gentamicin	1280.25979	ERS2213328,SAMEA104602046	MATCHED	S	S	Susceptible	S	CORRECT	<=	1	<=	1	<=	0.5	INCORRECT
3055	29729180	1447-14	tetracycline	tetracycline	1280.25979	ERS2213328,SAMEA104602046	MATCHED	S	S	Susceptible	S	CORRECT	<=	2	<=	2	<=	1	INCORRECT
3058	29729180	1447-14	ciprofloxacin	ciprofloxacin	1280.25979	ERS2213328,SAMEA104602046	MATCHED	S	S	Susceptible	S	CORRECT	=	0.25	=	0.25	<=	0.5	INCORRECT
3059	29729180	1447-14	daptomycin	daptomycin	1280.25979	ERS2213328,SAMEA104602046	MATCHED	S	S	Susceptible	S	CORRECT	<=	0.5	<=	0.5	=	0.25	INCORRECT
3065	29729180	1462-18	oxacillin	oxacillin	1280.25980	ERS2213329,SAMEA104602047	MATCHED	S	S	Susceptible	S	CORRECT	<=	0.5	<=	0.5	<=	0.25	INCORRECT
3069	29729180	1462-18	gentamicin	gentamicin	1280.25980	ERS2213329,SAMEA104602047	MATCHED	S	S	Susceptible	S	CORRECT	<=	1	<=	1	<=	0.5	INCORRECT
3071	29729180	1462-18	tetracycline	tetracycline	1280.25980	ERS2213329,SAMEA104602047	MATCHED	S	S	Susceptible	S	CORRECT	<=	2	<=	2	<=	1	INCORRECT
3072	29729180	1462-18	vancomycin	vancomycin	1280.25980	ERS2213329,SAMEA104602047	MATCHED	S	S	Susceptible	S	CORRECT	<=	0.5	<=	0.5	=	1	INCORRECT
3074	29729180	1462-18	ciprofloxacin	ciprofloxacin	1280.25980	ERS2213329,SAMEA104602047	MATCHED	S	S	Susceptible	S	CORRECT	=	0.25	=	0.25	<=	0.5	INCORRECT
3075	29729180	1462-18	daptomycin	daptomycin	1280.25980	ERS2213329,SAMEA104602047	MATCHED	S	S	Susceptible	S	CORRECT	<=	0.5	<=	0.5	=	0.25	INCORRECT
3076	29729180	1462-18	trimethoprim	trimethoprim	1280.25980	ERS2213329,SAMEA104602047	MATCHED	S	S	Susceptible	S	CORRECT	=	1	=	1	<=	0.5	INCORRECT
3081	29729180	1462-40	oxacillin	oxacillin	1280.25981	ERS2213330,SAMEA104602048	MATCHED	S	S	Susceptible	S	CORRECT	<=	0.5	<=	0.5	<=	0.25	INCORRECT
3085	29729180	1462-40	gentamicin	gentamicin	1280.25981	ERS2213330,SAMEA104602048	MATCHED	S	S	Susceptible	S	CORRECT	<=	1	<=	1	<=	0.5	INCORRECT
3087	29729180	1462-40	tetracycline	tetracycline	1280.25981	ERS2213330,SAMEA104602048	MATCHED	S	S	Susceptible	S	CORRECT	<=	2	<=	2	<=	1	INCORRECT
3088	29729180	1462-40	vancomycin	vancomycin	1280.25981	ERS2213330,SAMEA104602048	MATCHED	S	S	Susceptible	S	CORRECT	<=	0.5	<=	0.5	=	1	INCORRECT
3090	29729180	1462-40	ciprofloxacin	ciprofloxacin	1280.25981	ERS2213330,SAMEA104602048	MATCHED	S	S	Susceptible	S	CORRECT	=	0.25	=	0.25	<=	0.5	INCORRECT
3091	29729180	1462-40	daptomycin	daptomycin	1280.25981	ERS2213330,SAMEA104602048	MATCHED	S	S	Susceptible	S	CORRECT	<=	0.5	<=	0.5	=	0.25	INCORRECT
3092	29729180	1462-40	trimethoprim	trimethoprim	1280.25981	ERS2213330,SAMEA104602048	MATCHED	S	S	Susceptible	S	CORRECT	=	1	=	1	<=	0.5	INCORRECT
3097	29729180	1464-27	oxacillin	oxacillin	1280.25982	ERS2213331,SAMEA104602049	MATCHED	S	S	Susceptible	S	CORRECT	<=	0.5	<=	0.5	=	0.5	INCORRECT
3101	29729180	1464-27	gentamicin	gentamicin	1280.25982	ERS2213331,SAMEA104602049	MATCHED	R	R	Susceptible	S	INCORRECT	>=	16	>=	16	<=	0.5	INCORRECT
3103	29729180	1464-27	tetracycline	tetracycline	1280.25982	ERS2213331,SAMEA104602049	MATCHED	S	S	Resistant	R	INCORRECT	<=	2	<=	2	>=	16	INCORRECT
3104	29729180	1464-27	vancomycin	vancomycin	1280.25982	ERS2213331,SAMEA104602049	MATCHED	S	S	Susceptible	S	CORRECT	<=	0.5	<=	0.5	=	1	INCORRECT
3106	29729180	1464-27	ciprofloxacin	ciprofloxacin	1280.25982	ERS2213331,SAMEA104602049	MATCHED	S	S	Susceptible	S	CORRECT	=	0.25	=	0.25	<=	0.5	INCORRECT
3107	29729180	1464-27	daptomycin	daptomycin	1280.25982	ERS2213331,SAMEA104602049	MATCHED	S	S	Susceptible	S	CORRECT	<=	0.5	<=	0.5	=	0.25	INCORRECT
3108	29729180	1464-27	trimethoprim	trimethoprim	1280.25982	ERS2213331,SAMEA104602049	MATCHED	S	S	Susceptible	S	CORRECT	=	1	=	1	<=	0.5	INCORRECT
3113	29729180	1469-29	oxacillin	oxacillin	1280.25983	ERS2213332,SAMEA104602050	MATCHED	S	S	Susceptible	S	CORRECT	<=	0.5	<=	0.5	<=	0.25	INCORRECT
3117	29729180	1469-29	gentamicin	gentamicin	1280.25983	ERS2213332,SAMEA104602050	MATCHED	S	S	Susceptible	S	CORRECT	<=	1	<=	1	<=	0.5	INCORRECT
3119	29729180	1469-29	tetracycline	tetracycline	1280.25983	ERS2213332,SAMEA104602050	MATCHED	S	S	Susceptible	S	CORRECT	<=	2	<=	2	<=	1	INCORRECT
3120	29729180	1469-29	vancomycin	vancomycin	1280.25983	ERS2213332,SAMEA104602050	MATCHED	S	S	Susceptible	S	CORRECT	<=	0.5	<=	0.5	=	1	INCORRECT
3122	29729180	1469-29	ciprofloxacin	ciprofloxacin	1280.25983	ERS2213332,SAMEA104602050	MATCHED	S	S	Susceptible	S	CORRECT	=	0.25	=	0.25	<=	0.5	INCORRECT
3123	29729180	1469-29	daptomycin	daptomycin	1280.25983	ERS2213332,SAMEA104602050	MATCHED	S	S	Susceptible	S	CORRECT	<=	0.5	<=	0.5	=	0.25	INCORRECT
3124	29729180	1469-29	trimethoprim	trimethoprim	1280.25983	ERS2213332,SAMEA104602050	MATCHED	S	S	Susceptible	S	CORRECT	=	1	=	1	<=	0.5	INCORRECT
3129	29729180	1470-31	oxacillin	oxacillin	1280.25984	ERS2213333,SAMEA104602051	MATCHED	S	S	Susceptible	S	CORRECT	<=	0.5	<=	0.5	=	0.5	INCORRECT
3133	29729180	1470-31	gentamicin	gentamicin	1280.25984	ERS2213333,SAMEA104602051	MATCHED	S	S	Susceptible	S	CORRECT	<=	1	<=	1	<=	0.5	INCORRECT
3135	29729180	1470-31	tetracycline	tetracycline	1280.25984	ERS2213333,SAMEA104602051	MATCHED	S	S	Susceptible	S	CORRECT	<=	2	<=	2	<=	1	INCORRECT
3138	29729180	1470-31	ciprofloxacin	ciprofloxacin	1280.25984	ERS2213333,SAMEA104602051	MATCHED	S	S	Susceptible	S	CORRECT	=	0.5	=	0.5	<=	0.5	INCORRECT
3139	29729180	1470-31	daptomycin	daptomycin	1280.25984	ERS2213333,SAMEA104602051	MATCHED	S	S	Susceptible	S	CORRECT	<=	0.5	<=	0.5	=	0.5	INCORRECT
3145	29729180	1473-33	oxacillin	oxacillin	1280.25989	ERS2213334,SAMEA104602052	MATCHED	S	S	Susceptible	S	CORRECT	<=	0.5	<=	0.5	=	0.5	INCORRECT
3149	29729180	1473-33	gentamicin	gentamicin	1280.25989	ERS2213334,SAMEA104602052	MATCHED	S	S	Susceptible	S	CORRECT	<=	1	<=	1	<=	0.5	INCORRECT
3151	29729180	1473-33	tetracycline	tetracycline	1280.25989	ERS2213334,SAMEA104602052	MATCHED	S	S	Susceptible	S	CORRECT	<=	2	<=	2	<=	1	INCORRECT
3154	29729180	1473-33	ciprofloxacin	ciprofloxacin	1280.25989	ERS2213334,SAMEA104602052	MATCHED	S	S	Susceptible	S	CORRECT	=	0.5	=	0.5	<=	0.5	INCORRECT
3155	29729180	1473-33	daptomycin	daptomycin	1280.25989	ERS2213334,SAMEA104602052	MATCHED	S	S	Susceptible	S	CORRECT	<=	0.5	<=	0.5	=	0.5	INCORRECT
3161	29729180	1473-42	oxacillin	oxacillin	1280.25986	ERS2213335,SAMEA104602053	MATCHED	S	S	Susceptible	S	CORRECT	<=	0.5	<=	0.5	=	0.5	INCORRECT
3165	29729180	1473-42	gentamicin	gentamicin	1280.25986	ERS2213335,SAMEA104602053	MATCHED	S	S	Susceptible	S	CORRECT	<=	1	<=	1	<=	0.5	INCORRECT
3167	29729180	1473-42	tetracycline	tetracycline	1280.25986	ERS2213335,SAMEA104602053	MATCHED	S	S	Susceptible	S	CORRECT	<=	2	<=	2	<=	1	INCORRECT
3168	29729180	1473-42	vancomycin	vancomycin	1280.25986	ERS2213335,SAMEA104602053	MATCHED	S	S	Susceptible	S	CORRECT	<=	0.5	<=	0.5	=	1	INCORRECT
3170	29729180	1473-42	ciprofloxacin	ciprofloxacin	1280.25986	ERS2213335,SAMEA104602053	MATCHED	S	S	Susceptible	S	CORRECT	=	0.25	=	0.25	<=	0.5	INCORRECT
3171	29729180	1473-42	daptomycin	daptomycin	1280.25986	ERS2213335,SAMEA104602053	MATCHED	S	S	Susceptible	S	CORRECT	<=	0.5	<=	0.5	=	0.25	INCORRECT
3172	29729180	1473-42	trimethoprim	trimethoprim	1280.25986	ERS2213335,SAMEA104602053	MATCHED	S	S	Susceptible	S	CORRECT	=	1	=	1	<=	0.5	INCORRECT
3177	29729180	1474-43	oxacillin	oxacillin	1280.25988	ERS2213336,SAMEA104602054	MATCHED	S	S	Susceptible	S	CORRECT	<=	0.5	<=	0.5	=	0.5	INCORRECT
3181	29729180	1474-43	gentamicin	gentamicin	1280.25988	ERS2213336,SAMEA104602054	MATCHED	R	R	Susceptible	S	INCORRECT	>=	16	>=	16	<=	0.5	INCORRECT
3183	29729180	1474-43	tetracycline	tetracycline	1280.25988	ERS2213336,SAMEA104602054	MATCHED	S	S	Resistant	R	INCORRECT	<=	2	<=	2	>=	16	INCORRECT
3184	29729180	1474-43	vancomycin	vancomycin	1280.25988	ERS2213336,SAMEA104602054	MATCHED	S	S	Susceptible	S	CORRECT	<=	0.5	<=	0.5	=	1	INCORRECT
3186	29729180	1474-43	ciprofloxacin	ciprofloxacin	1280.25988	ERS2213336,SAMEA104602054	MATCHED	S	S	Susceptible	S	CORRECT	=	0.25	=	0.25	<=	0.5	INCORRECT
3187	29729180	1474-43	daptomycin	daptomycin	1280.25988	ERS2213336,SAMEA104602054	MATCHED	S	S	Susceptible	S	CORRECT	<=	0.5	<=	0.5	=	0.25	INCORRECT
3188	29729180	1474-43	trimethoprim	trimethoprim	1280.25988	ERS2213336,SAMEA104602054	MATCHED	S	S	Susceptible	S	CORRECT	=	1	=	1	<=	0.5	INCORRECT
3193	29729180	1480-35	oxacillin	oxacillin	1280.25987	ERS2213337,SAMEA104602055	MATCHED	S	S	Susceptible	S	CORRECT	<=	0.5	<=	0.5	<=	0.25	INCORRECT
3197	29729180	1480-35	gentamicin	gentamicin	1280.25987	ERS2213337,SAMEA104602055	MATCHED	S	S	Susceptible	S	CORRECT	<=	1	<=	1	<=	0.5	INCORRECT
3199	29729180	1480-35	tetracycline	tetracycline	1280.25987	ERS2213337,SAMEA104602055	MATCHED	S	S	Susceptible	S	CORRECT	<=	2	<=	2	<=	1	INCORRECT
3202	29729180	1480-35	ciprofloxacin	ciprofloxacin	1280.25987	ERS2213337,SAMEA104602055	MATCHED	S	S	Susceptible	S	CORRECT	=	0.25	=	0.25	<=	0.5	INCORRECT
3203	29729180	1480-35	daptomycin	daptomycin	1280.25987	ERS2213337,SAMEA104602055	MATCHED	S	S	Susceptible	S	CORRECT	<=	0.5	<=	0.5	=	0.25	INCORRECT
3209	29729180	1494-45	oxacillin	oxacillin	1280.25985	ERS2213338,SAMEA104602056	MATCHED	S	S	Susceptible	S	CORRECT	<=	0.5	<=	0.5	<=	0.25	INCORRECT
3213	29729180	1494-45	gentamicin	gentamicin	1280.25985	ERS2213338,SAMEA104602056	MATCHED	S	S	Susceptible	S	CORRECT	<=	1	<=	1	<=	0.5	INCORRECT
3215	29729180	1494-45	tetracycline	tetracycline	1280.25985	ERS2213338,SAMEA104602056	MATCHED	S	S	Susceptible	S	CORRECT	<=	2	<=	2	<=	1	INCORRECT
3218	29729180	1494-45	ciprofloxacin	ciprofloxacin	1280.25985	ERS2213338,SAMEA104602056	MATCHED	S	S	Susceptible	S	CORRECT	=	0.25	=	0.25	<=	0.5	INCORRECT
3219	29729180	1494-45	daptomycin	daptomycin	1280.25985	ERS2213338,SAMEA104602056	MATCHED	S	S	Susceptible	S	CORRECT	<=	0.5	<=	0.5	=	0.25	INCORRECT
3225	29729180	1505-49	oxacillin	oxacillin	1280.25990	ERS2213339,SAMEA104602057	MATCHED	S	S	Susceptible	S	CORRECT	<=	0.5	<=	0.5	=	0.5	INCORRECT
3229	29729180	1505-49	gentamicin	gentamicin	1280.25990	ERS2213339,SAMEA104602057	MATCHED	S	S	Susceptible	S	CORRECT	<=	1	<=	1	<=	0.5	INCORRECT
3231	29729180	1505-49	tetracycline	tetracycline	1280.25990	ERS2213339,SAMEA104602057	MATCHED	S	S	Susceptible	S	CORRECT	<=	2	<=	2	<=	1	INCORRECT
3234	29729180	1505-49	ciprofloxacin	ciprofloxacin	1280.25990	ERS2213339,SAMEA104602057	MATCHED	S	S	Susceptible	S	CORRECT	<=	0.12	<=	0.12	<=	0.5	INCORRECT
3235	29729180	1505-49	daptomycin	daptomycin	1280.25990	ERS2213339,SAMEA104602057	MATCHED	S	S	Susceptible	S	CORRECT	<=	0.5	<=	0.5	<=	0.12	INCORRECT
3241	29729180	1511-54	oxacillin	oxacillin	1280.25991	ERS2213340,SAMEA104602058	MATCHED	S	S	Susceptible	S	CORRECT	<=	0.5	<=	0.5	<=	0.25	INCORRECT
3245	29729180	1511-54	gentamicin	gentamicin	1280.25991	ERS2213340,SAMEA104602058	MATCHED	S	S	Susceptible	S	CORRECT	<=	1	<=	1	<=	0.5	INCORRECT
3247	29729180	1511-54	tetracycline	tetracycline	1280.25991	ERS2213340,SAMEA104602058	MATCHED	S	S	Susceptible	S	CORRECT	<=	2	<=	2	<=	1	INCORRECT
3250	29729180	1511-54	ciprofloxacin	ciprofloxacin	1280.25991	ERS2213340,SAMEA104602058	MATCHED	S	S	Susceptible	S	CORRECT	=	0.25	=	0.25	<=	0.5	INCORRECT
3251	29729180	1511-54	daptomycin	daptomycin	1280.25991	ERS2213340,SAMEA104602058	MATCHED	S	S	Susceptible	S	CORRECT	<=	0.5	<=	0.5	=	0.25	INCORRECT
3257	29729180	1512-56	oxacillin	oxacillin	1280.25992	ERS2213341,SAMEA104602059	MATCHED	S	S	Susceptible	S	CORRECT	<=	0.5	<=	0.5	<=	0.25	INCORRECT
3261	29729180	1512-56	gentamicin	gentamicin	1280.25992	ERS2213341,SAMEA104602059	MATCHED	S	S	Susceptible	S	CORRECT	<=	1	<=	1	<=	0.5	INCORRECT
3263	29729180	1512-56	tetracycline	tetracycline	1280.25992	ERS2213341,SAMEA104602059	MATCHED	S	S	Susceptible	S	CORRECT	<=	2	<=	2	<=	1	INCORRECT
3264	29729180	1512-56	vancomycin	vancomycin	1280.25992	ERS2213341,SAMEA104602059	MATCHED	S	S	Susceptible	S	CORRECT	<=	0.5	<=	0.5	=	1	INCORRECT
3266	29729180	1512-56	ciprofloxacin	ciprofloxacin	1280.25992	ERS2213341,SAMEA104602059	MATCHED	S	S	Susceptible	S	CORRECT	=	0.25	=	0.25	<=	0.5	INCORRECT
3267	29729180	1512-56	daptomycin	daptomycin	1280.25992	ERS2213341,SAMEA104602059	MATCHED	S	S	Susceptible	S	CORRECT	<=	0.5	<=	0.5	=	0.25	INCORRECT
3268	29729180	1512-56	trimethoprim	trimethoprim	1280.25992	ERS2213341,SAMEA104602059	MATCHED	S	S	Susceptible	S	CORRECT	=	1	=	1	<=	0.5	INCORRECT
3273	29729180	1517-60	oxacillin	oxacillin	1280.25993	ERS2213342,SAMEA104602060	MATCHED	S	S	Susceptible	S	CORRECT	<=	0.5	<=	0.5	=	0.5	INCORRECT
3277	29729180	1517-60	gentamicin	gentamicin	1280.25993	ERS2213342,SAMEA104602060	MATCHED	S	S	Susceptible	S	CORRECT	<=	1	<=	1	<=	0.5	INCORRECT
3279	29729180	1517-60	tetracycline	tetracycline	1280.25993	ERS2213342,SAMEA104602060	MATCHED	S	S	Susceptible	S	CORRECT	<=	2	<=	2	<=	1	INCORRECT
3280	29729180	1517-60	vancomycin	vancomycin	1280.25993	ERS2213342,SAMEA104602060	MATCHED	S	S	Susceptible	S	CORRECT	<=	0.5	<=	0.5	=	1	INCORRECT
3282	29729180	1517-60	ciprofloxacin	ciprofloxacin	1280.25993	ERS2213342,SAMEA104602060	MATCHED	S	S	Susceptible	S	CORRECT	=	0.25	=	0.25	<=	0.5	INCORRECT
3283	29729180	1517-60	daptomycin	daptomycin	1280.25993	ERS2213342,SAMEA104602060	MATCHED	S	S	Susceptible	S	CORRECT	<=	0.5	<=	0.5	=	0.25	INCORRECT
3284	29729180	1517-60	trimethoprim	trimethoprim	1280.25993	ERS2213342,SAMEA104602060	MATCHED	S	S	Susceptible	S	CORRECT	=	1	=	1	<=	0.5	INCORRECT
3289	29729180	1519-62	oxacillin	oxacillin	1280.25994	ERS2213343,SAMEA104602061	MATCHED	S	S	Susceptible	S	CORRECT	<=	0.5	<=	0.5	=	0.5	INCORRECT
3293	29729180	1519-62	gentamicin	gentamicin	1280.25994	ERS2213343,SAMEA104602061	MATCHED	S	S	Susceptible	S	CORRECT	<=	1	<=	1	<=	0.5	INCORRECT
3295	29729180	1519-62	tetracycline	tetracycline	1280.25994	ERS2213343,SAMEA104602061	MATCHED	S	S	Susceptible	S	CORRECT	<=	2	<=	2	<=	1	INCORRECT
3296	29729180	1519-62	vancomycin	vancomycin	1280.25994	ERS2213343,SAMEA104602061	MATCHED	S	S	Susceptible	S	CORRECT	<=	0.5	<=	0.5	=	1	INCORRECT
3298	29729180	1519-62	ciprofloxacin	ciprofloxacin	1280.25994	ERS2213343,SAMEA104602061	MATCHED	S	S	Susceptible	S	CORRECT	=	0.25	=	0.25	<=	0.5	INCORRECT
3299	29729180	1519-62	daptomycin	daptomycin	1280.25994	ERS2213343,SAMEA104602061	MATCHED	S	S	Susceptible	S	CORRECT	<=	0.5	<=	0.5	=	0.25	INCORRECT
3300	29729180	1519-62	trimethoprim	trimethoprim	1280.25994	ERS2213343,SAMEA104602061	MATCHED	S	S	Susceptible	S	CORRECT	=	1	=	1	<=	0.5	INCORRECT
3305	29729180	1521-58	oxacillin	oxacillin	1280.25995	ERS2213344,SAMEA104602062	MATCHED	S	S	Susceptible	S	CORRECT	<=	0.5	<=	0.5	<=	0.25	INCORRECT
3309	29729180	1521-58	gentamicin	gentamicin	1280.25995	ERS2213344,SAMEA104602062	MATCHED	S	S	Susceptible	S	CORRECT	<=	1	<=	1	<=	0.5	INCORRECT
3311	29729180	1521-58	tetracycline	tetracycline	1280.25995	ERS2213344,SAMEA104602062	MATCHED	S	S	Susceptible	S	CORRECT	<=	2	<=	2	<=	1	INCORRECT
3312	29729180	1521-58	vancomycin	vancomycin	1280.25995	ERS2213344,SAMEA104602062	MATCHED	S	S	Susceptible	S	CORRECT	<=	0.5	<=	0.5	=	1	INCORRECT
3314	29729180	1521-58	ciprofloxacin	ciprofloxacin	1280.25995	ERS2213344,SAMEA104602062	MATCHED	S	S	Susceptible	S	CORRECT	=	0.25	=	0.25	<=	0.5	INCORRECT
3315	29729180	1521-58	daptomycin	daptomycin	1280.25995	ERS2213344,SAMEA104602062	MATCHED	S	S	Susceptible	S	CORRECT	<=	0.5	<=	0.5	=	0.25	INCORRECT
3316	29729180	1521-58	trimethoprim	trimethoprim	1280.25995	ERS2213344,SAMEA104602062	MATCHED	S	S	Susceptible	S	CORRECT	=	1	=	1	<=	0.5	INCORRECT
3321	29729180	1523-64	oxacillin	oxacillin	1280.26001	ERS2213345,SAMEA104602063	MATCHED	S	S	Resistant	R	INCORRECT	<=	0.5	<=	0.5	>=	4	INCORRECT
3325	29729180	1523-64	gentamicin	gentamicin	1280.26001	ERS2213345,SAMEA104602063	MATCHED	S	S	Susceptible	S	CORRECT	<=	1	<=	1	<=	0.5	INCORRECT
3327	29729180	1523-64	tetracycline	tetracycline	1280.26001	ERS2213345,SAMEA104602063	MATCHED	S	S	Susceptible	S	CORRECT	<=	2	<=	2	<=	1	INCORRECT
3330	29729180	1523-64	ciprofloxacin	ciprofloxacin	1280.26001	ERS2213345,SAMEA104602063	MATCHED	S	S	Susceptible	S	CORRECT	=	0.25	=	0.25	<=	0.5	INCORRECT
3331	29729180	1523-64	daptomycin	daptomycin	1280.26001	ERS2213345,SAMEA104602063	MATCHED	S	S	Susceptible	S	CORRECT	<=	0.5	<=	0.5	=	0.25	INCORRECT
3337	29729180	1533-70	oxacillin	oxacillin	1280.26000	ERS2213346,SAMEA104602064	MATCHED	S	S	Susceptible	S	CORRECT	<=	0.5	<=	0.5	<=	0.25	INCORRECT
3341	29729180	1533-70	gentamicin	gentamicin	1280.26000	ERS2213346,SAMEA104602064	MATCHED	S	S	Susceptible	S	CORRECT	<=	1	<=	1	<=	0.5	INCORRECT
3343	29729180	1533-70	tetracycline	tetracycline	1280.26000	ERS2213346,SAMEA104602064	MATCHED	S	S	Susceptible	S	CORRECT	<=	2	<=	2	<=	1	INCORRECT
3344	29729180	1533-70	vancomycin	vancomycin	1280.26000	ERS2213346,SAMEA104602064	MATCHED	S	S	Susceptible	S	CORRECT	=	2	=	2	=	1	INCORRECT
3346	29729180	1533-70	ciprofloxacin	ciprofloxacin	1280.26000	ERS2213346,SAMEA104602064	MATCHED	S	S	Susceptible	S	CORRECT	=	0.5	=	0.5	<=	0.5	INCORRECT
3347	29729180	1533-70	daptomycin	daptomycin	1280.26000	ERS2213346,SAMEA104602064	MATCHED	S	S	Susceptible	S	CORRECT	<=	0.5	<=	0.5	=	0.5	INCORRECT
3348	29729180	1533-70	trimethoprim	trimethoprim	1280.26000	ERS2213346,SAMEA104602064	MATCHED	S	S	Susceptible	S	CORRECT	=	1	=	1	=	2	INCORRECT
3353	29729180	1536-68	oxacillin	oxacillin	1280.26002	ERS2213347,SAMEA104602065	MATCHED	S	S	Susceptible	S	CORRECT	<=	0.5	<=	0.5	=	0.5	INCORRECT
3357	29729180	1536-68	gentamicin	gentamicin	1280.26002	ERS2213347,SAMEA104602065	MATCHED	S	S	Susceptible	S	CORRECT	<=	1	<=	1	<=	0.5	INCORRECT
3359	29729180	1536-68	tetracycline	tetracycline	1280.26002	ERS2213347,SAMEA104602065	MATCHED	S	S	Susceptible	S	CORRECT	<=	2	<=	2	<=	1	INCORRECT
3362	29729180	1536-68	ciprofloxacin	ciprofloxacin	1280.26002	ERS2213347,SAMEA104602065	MATCHED	S	S	Susceptible	S	CORRECT	=	0.25	=	0.25	<=	0.5	INCORRECT
3363	29729180	1536-68	daptomycin	daptomycin	1280.26002	ERS2213347,SAMEA104602065	MATCHED	S	S	Susceptible	S	CORRECT	<=	0.5	<=	0.5	=	0.25	INCORRECT
3369	29729180	1540-72	oxacillin	oxacillin	1280.25996	ERS2213348,SAMEA104602066	MATCHED	S	S	Susceptible	S	CORRECT	<=	0.5	<=	0.5	<=	0.25	INCORRECT
3373	29729180	1540-72	gentamicin	gentamicin	1280.25996	ERS2213348,SAMEA104602066	MATCHED	S	S	Susceptible	S	CORRECT	<=	1	<=	1	<=	0.5	INCORRECT
3375	29729180	1540-72	tetracycline	tetracycline	1280.25996	ERS2213348,SAMEA104602066	MATCHED	S	S	Susceptible	S	CORRECT	<=	2	<=	2	<=	1	INCORRECT
3376	29729180	1540-72	vancomycin	vancomycin	1280.25996	ERS2213348,SAMEA104602066	MATCHED	S	S	Susceptible	S	CORRECT	<=	0.5	<=	0.5	=	1	INCORRECT
3378	29729180	1540-72	ciprofloxacin	ciprofloxacin	1280.25996	ERS2213348,SAMEA104602066	MATCHED	S	S	Susceptible	S	CORRECT	=	0.25	=	0.25	<=	0.5	INCORRECT
3379	29729180	1540-72	daptomycin	daptomycin	1280.25996	ERS2213348,SAMEA104602066	MATCHED	S	S	Susceptible	S	CORRECT	<=	0.5	<=	0.5	=	0.25	INCORRECT
3380	29729180	1540-72	trimethoprim	trimethoprim	1280.25996	ERS2213348,SAMEA104602066	MATCHED	S	S	Susceptible	S	CORRECT	=	1	=	1	<=	0.5	INCORRECT
3385	29729180	1547-74	oxacillin	oxacillin	1280.25997	ERS2213349,SAMEA104602067	MATCHED	S	S	Susceptible	S	CORRECT	<=	0.5	<=	0.5	<=	0.25	INCORRECT
3389	29729180	1547-74	gentamicin	gentamicin	1280.25997	ERS2213349,SAMEA104602067	MATCHED	S	S	Susceptible	S	CORRECT	<=	1	<=	1	<=	0.5	INCORRECT
3391	29729180	1547-74	tetracycline	tetracycline	1280.25997	ERS2213349,SAMEA104602067	MATCHED	S	S	Susceptible	S	CORRECT	<=	2	<=	2	<=	1	INCORRECT
3392	29729180	1547-74	vancomycin	vancomycin	1280.25997	ERS2213349,SAMEA104602067	MATCHED	S	S	Susceptible	S	CORRECT	<=	0.5	<=	0.5	=	1	INCORRECT
3394	29729180	1547-74	ciprofloxacin	ciprofloxacin	1280.25997	ERS2213349,SAMEA104602067	MATCHED	S	S	Susceptible	S	CORRECT	=	0.25	=	0.25	<=	0.5	INCORRECT
3395	29729180	1547-74	daptomycin	daptomycin	1280.25997	ERS2213349,SAMEA104602067	MATCHED	S	S	Susceptible	S	CORRECT	<=	0.5	<=	0.5	=	0.25	INCORRECT
3396	29729180	1547-74	trimethoprim	trimethoprim	1280.25997	ERS2213349,SAMEA104602067	MATCHED	S	S	Susceptible	S	CORRECT	=	1	=	1	<=	0.5	INCORRECT
3401	29729180	1560-82	oxacillin	oxacillin	1280.25998	ERS2213350,SAMEA104602068	MATCHED	S	S	Susceptible	S	CORRECT	<=	0.5	<=	0.5	=	0.5	INCORRECT
3405	29729180	1560-82	gentamicin	gentamicin	1280.25998	ERS2213350,SAMEA104602068	MATCHED	S	S	Susceptible	S	CORRECT	<=	1	<=	1	<=	0.5	INCORRECT
3407	29729180	1560-82	tetracycline	tetracycline	1280.25998	ERS2213350,SAMEA104602068	MATCHED	S	S	Susceptible	S	CORRECT	<=	2	<=	2	<=	1	INCORRECT
3410	29729180	1560-82	ciprofloxacin	ciprofloxacin	1280.25998	ERS2213350,SAMEA104602068	MATCHED	S	S	Susceptible	S	CORRECT	=	0.25	=	0.25	<=	0.5	INCORRECT
3411	29729180	1560-82	daptomycin	daptomycin	1280.25998	ERS2213350,SAMEA104602068	MATCHED	S	S	Susceptible	S	CORRECT	<=	0.5	<=	0.5	=	0.25	INCORRECT
3417	29729180	1564-78	oxacillin	oxacillin	1280.25999	ERS2213351,SAMEA104602069	MATCHED	S	S	Susceptible	S	CORRECT	<=	0.5	<=	0.5	=	0.5	INCORRECT
3421	29729180	1564-78	gentamicin	gentamicin	1280.25999	ERS2213351,SAMEA104602069	MATCHED	S	S	Susceptible	S	CORRECT	<=	1	<=	1	<=	0.5	INCORRECT
3423	29729180	1564-78	tetracycline	tetracycline	1280.25999	ERS2213351,SAMEA104602069	MATCHED	S	S	Susceptible	S	CORRECT	<=	2	<=	2	<=	1	INCORRECT
3426	29729180	1564-78	ciprofloxacin	ciprofloxacin	1280.25999	ERS2213351,SAMEA104602069	MATCHED	S	S	Susceptible	S	CORRECT	=	0.25	=	0.25	<=	0.5	INCORRECT
3427	29729180	1564-78	daptomycin	daptomycin	1280.25999	ERS2213351,SAMEA104602069	MATCHED	S	S	Susceptible	S	CORRECT	<=	0.5	<=	0.5	=	0.25	INCORRECT
3433	29729180	1565-80	oxacillin	oxacillin	1280.26003	ERS2213352,SAMEA104602070	MATCHED	S	S	Susceptible	S	CORRECT	<=	0.5	<=	0.5	=	0.5	INCORRECT
3437	29729180	1565-80	gentamicin	gentamicin	1280.26003	ERS2213352,SAMEA104602070	MATCHED	S	S	Susceptible	S	CORRECT	<=	1	<=	1	<=	0.5	INCORRECT
3439	29729180	1565-80	tetracycline	tetracycline	1280.26003	ERS2213352,SAMEA104602070	MATCHED	S	S	Susceptible	S	CORRECT	<=	2	<=	2	<=	1	INCORRECT
3442	29729180	1565-80	ciprofloxacin	ciprofloxacin	1280.26003	ERS2213352,SAMEA104602070	MATCHED	S	S	Susceptible	S	CORRECT	=	0.25	=	0.25	<=	0.5	INCORRECT
3443	29729180	1565-80	daptomycin	daptomycin	1280.26003	ERS2213352,SAMEA104602070	MATCHED	S	S	Susceptible	S	CORRECT	<=	0.5	<=	0.5	=	0.25	INCORRECT
3449	29729180	1568-86	oxacillin	oxacillin	1280.26004	ERS2213353,SAMEA104602071	MATCHED	S	S	Susceptible	S	CORRECT	<=	0.5	<=	0.5	=	0.5	INCORRECT
3453	29729180	1568-86	gentamicin	gentamicin	1280.26004	ERS2213353,SAMEA104602071	MATCHED	S	S	Susceptible	S	CORRECT	<=	1	<=	1	<=	0.5	INCORRECT
3455	29729180	1568-86	tetracycline	tetracycline	1280.26004	ERS2213353,SAMEA104602071	MATCHED	S	S	Susceptible	S	CORRECT	<=	2	<=	2	<=	1	INCORRECT
3458	29729180	1568-86	ciprofloxacin	ciprofloxacin	1280.26004	ERS2213353,SAMEA104602071	MATCHED	S	S	Susceptible	S	CORRECT	=	0.25	=	0.25	<=	0.5	INCORRECT
3459	29729180	1568-86	daptomycin	daptomycin	1280.26004	ERS2213353,SAMEA104602071	MATCHED	S	S	Susceptible	S	CORRECT	<=	0.5	<=	0.5	=	0.25	INCORRECT
3465	29729180	1570-88	oxacillin	oxacillin	1280.26005	ERS2213354,SAMEA104602072	MATCHED	S	S	Susceptible	S	CORRECT	<=	0.5	<=	0.5	<=	0.25	INCORRECT
3469	29729180	1570-88	gentamicin	gentamicin	1280.26005	ERS2213354,SAMEA104602072	MATCHED	S	S	Susceptible	S	CORRECT	<=	1	<=	1	<=	0.5	INCORRECT
3471	29729180	1570-88	tetracycline	tetracycline	1280.26005	ERS2213354,SAMEA104602072	MATCHED	S	S	Susceptible	S	CORRECT	<=	2	<=	2	<=	1	INCORRECT
3474	29729180	1570-88	ciprofloxacin	ciprofloxacin	1280.26005	ERS2213354,SAMEA104602072	MATCHED	S	S	Susceptible	S	CORRECT	=	0.25	=	0.25	<=	0.5	INCORRECT
3475	29729180	1570-88	daptomycin	daptomycin	1280.26005	ERS2213354,SAMEA104602072	MATCHED	S	S	Susceptible	S	CORRECT	<=	0.5	<=	0.5	=	0.25	INCORRECT
3481	29729180	1572-90	oxacillin	oxacillin	1280.26006	ERS2213355,SAMEA104602073	MATCHED	S	S	Susceptible	S	CORRECT	<=	0.5	<=	0.5	<=	0.25	INCORRECT
3485	29729180	1572-90	gentamicin	gentamicin	1280.26006	ERS2213355,SAMEA104602073	MATCHED	S	S	Susceptible	S	CORRECT	<=	1	<=	1	<=	0.5	INCORRECT
3487	29729180	1572-90	tetracycline	tetracycline	1280.26006	ERS2213355,SAMEA104602073	MATCHED	S	S	Susceptible	S	CORRECT	<=	2	<=	2	<=	1	INCORRECT
3488	29729180	1572-90	vancomycin	vancomycin	1280.26006	ERS2213355,SAMEA104602073	MATCHED	S	S	Susceptible	S	CORRECT	<=	0.5	<=	0.5	=	1	INCORRECT
3490	29729180	1572-90	ciprofloxacin	ciprofloxacin	1280.26006	ERS2213355,SAMEA104602073	MATCHED	S	S	Susceptible	S	CORRECT	=	0.25	=	0.25	<=	0.5	INCORRECT
3491	29729180	1572-90	daptomycin	daptomycin	1280.26006	ERS2213355,SAMEA104602073	MATCHED	S	S	Susceptible	S	CORRECT	<=	0.5	<=	0.5	=	0.25	INCORRECT
3492	29729180	1572-90	trimethoprim	trimethoprim	1280.26006	ERS2213355,SAMEA104602073	MATCHED	S	S	Susceptible	S	CORRECT	=	1	=	1	<=	0.5	INCORRECT
3497	29729180	1582-96	oxacillin	oxacillin	1280.26007	ERS2213356,SAMEA104602074	MATCHED	S	S	Susceptible	S	CORRECT	<=	0.5	<=	0.5	=	0.5	INCORRECT
3501	29729180	1582-96	gentamicin	gentamicin	1280.26007	ERS2213356,SAMEA104602074	MATCHED	S	S	Susceptible	S	CORRECT	<=	1	<=	1	<=	0.5	INCORRECT
3503	29729180	1582-96	tetracycline	tetracycline	1280.26007	ERS2213356,SAMEA104602074	MATCHED	S	S	Susceptible	S	CORRECT	<=	2	<=	2	<=	1	INCORRECT
3504	29729180	1582-96	vancomycin	vancomycin	1280.26007	ERS2213356,SAMEA104602074	MATCHED	S	S	Susceptible	S	CORRECT	<=	0.5	<=	0.5	=	1	INCORRECT
3506	29729180	1582-96	ciprofloxacin	ciprofloxacin	1280.26007	ERS2213356,SAMEA104602074	MATCHED	S	S	Susceptible	S	CORRECT	=	0.25	=	0.25	<=	0.5	INCORRECT
3507	29729180	1582-96	daptomycin	daptomycin	1280.26007	ERS2213356,SAMEA104602074	MATCHED	S	S	Susceptible	S	CORRECT	<=	0.5	<=	0.5	=	0.25	INCORRECT
3508	29729180	1582-96	trimethoprim	trimethoprim	1280.26007	ERS2213356,SAMEA104602074	MATCHED	S	S	Susceptible	S	CORRECT	=	1	=	1	<=	0.5	INCORRECT
3513	29729180	1583-98	oxacillin	oxacillin	1280.26008	ERS2213357,SAMEA104602075	MATCHED	S	S	Susceptible	S	CORRECT	<=	0.5	<=	0.5	=	0.5	INCORRECT
3517	29729180	1583-98	gentamicin	gentamicin	1280.26008	ERS2213357,SAMEA104602075	MATCHED	S	S	Susceptible	S	CORRECT	<=	1	<=	1	<=	0.5	INCORRECT
3519	29729180	1583-98	tetracycline	tetracycline	1280.26008	ERS2213357,SAMEA104602075	MATCHED	S	S	Susceptible	S	CORRECT	<=	2	<=	2	<=	1	INCORRECT
3522	29729180	1583-98	ciprofloxacin	ciprofloxacin	1280.26008	ERS2213357,SAMEA104602075	MATCHED	S	S	Susceptible	S	CORRECT	=	0.25	=	0.25	<=	0.5	INCORRECT
3523	29729180	1583-98	daptomycin	daptomycin	1280.26008	ERS2213357,SAMEA104602075	MATCHED	S	S	Susceptible	S	CORRECT	<=	0.5	<=	0.5	=	0.25	INCORRECT
3529	29729180	1589-100	oxacillin	oxacillin	1280.26009	ERS2213358,SAMEA104602076	MATCHED	S	S	Susceptible	S	CORRECT	<=	0.5	<=	0.5	=	0.5	INCORRECT
3533	29729180	1589-100	gentamicin	gentamicin	1280.26009	ERS2213358,SAMEA104602076	MATCHED	S	S	Susceptible	S	CORRECT	<=	1	<=	1	<=	0.5	INCORRECT
3535	29729180	1589-100	tetracycline	tetracycline	1280.26009	ERS2213358,SAMEA104602076	MATCHED	S	S	Susceptible	S	CORRECT	<=	2	<=	2	<=	1	INCORRECT
3536	29729180	1589-100	vancomycin	vancomycin	1280.26009	ERS2213358,SAMEA104602076	MATCHED	S	S	Susceptible	S	CORRECT	<=	0.5	<=	0.5	=	1	INCORRECT
3538	29729180	1589-100	ciprofloxacin	ciprofloxacin	1280.26009	ERS2213358,SAMEA104602076	MATCHED	S	S	Susceptible	S	CORRECT	=	0.25	=	0.25	<=	0.5	INCORRECT
3539	29729180	1589-100	daptomycin	daptomycin	1280.26009	ERS2213358,SAMEA104602076	MATCHED	S	S	Susceptible	S	CORRECT	<=	0.5	<=	0.5	=	0.25	INCORRECT
3540	29729180	1589-100	trimethoprim	trimethoprim	1280.26009	ERS2213358,SAMEA104602076	MATCHED	S	S	Susceptible	S	CORRECT	=	1	=	1	<=	0.5	INCORRECT
3545	29729180	1602-102	oxacillin	oxacillin	1280.26010	ERS2213359,SAMEA104602077	MATCHED	S	S	Susceptible	S	CORRECT	<=	0.5	<=	0.5	=	0.5	INCORRECT
3549	29729180	1602-102	gentamicin	gentamicin	1280.26010	ERS2213359,SAMEA104602077	MATCHED	S	S	Susceptible	S	CORRECT	<=	1	<=	1	<=	0.5	INCORRECT
3551	29729180	1602-102	tetracycline	tetracycline	1280.26010	ERS2213359,SAMEA104602077	MATCHED	S	S	Susceptible	S	CORRECT	<=	2	<=	2	<=	1	INCORRECT
3552	29729180	1602-102	vancomycin	vancomycin	1280.26010	ERS2213359,SAMEA104602077	MATCHED	S	S	Susceptible	S	CORRECT	<=	0.5	<=	0.5	=	1	INCORRECT
3554	29729180	1602-102	ciprofloxacin	ciprofloxacin	1280.26010	ERS2213359,SAMEA104602077	MATCHED	S	S	Susceptible	S	CORRECT	=	0.25	=	0.25	<=	0.5	INCORRECT
3555	29729180	1602-102	daptomycin	daptomycin	1280.26010	ERS2213359,SAMEA104602077	MATCHED	S	S	Susceptible	S	CORRECT	<=	0.5	<=	0.5	=	0.25	INCORRECT
3556	29729180	1602-102	trimethoprim	trimethoprim	1280.26010	ERS2213359,SAMEA104602077	MATCHED	S	S	Susceptible	S	CORRECT	=	1	=	1	<=	0.5	INCORRECT
3561	29729180	1604-104	oxacillin	oxacillin	1280.26011	ERS2213360,SAMEA104602078	MATCHED	S	S	Susceptible	S	CORRECT	<=	0.5	<=	0.5	<=	0.25	INCORRECT
3565	29729180	1604-104	gentamicin	gentamicin	1280.26011	ERS2213360,SAMEA104602078	MATCHED	S	S	Susceptible	S	CORRECT	<=	1	<=	1	<=	0.5	INCORRECT
3567	29729180	1604-104	tetracycline	tetracycline	1280.26011	ERS2213360,SAMEA104602078	MATCHED	S	S	Susceptible	S	CORRECT	<=	2	<=	2	<=	1	INCORRECT
3570	29729180	1604-104	ciprofloxacin	ciprofloxacin	1280.26011	ERS2213360,SAMEA104602078	MATCHED	S	S	Susceptible	S	CORRECT	=	0.5	=	0.5	<=	0.5	INCORRECT
3571	29729180	1604-104	daptomycin	daptomycin	1280.26011	ERS2213360,SAMEA104602078	MATCHED	S	S	Susceptible	S	CORRECT	<=	0.5	<=	0.5	=	0.5	INCORRECT
3577	29729180	1606-106	oxacillin	oxacillin	1280.26012	ERS2213361,SAMEA104602079	MATCHED	S	S	Susceptible	S	CORRECT	<=	0.5	<=	0.5	<=	0.25	INCORRECT
3581	29729180	1606-106	gentamicin	gentamicin	1280.26012	ERS2213361,SAMEA104602079	MATCHED	S	S	Susceptible	S	CORRECT	<=	1	<=	1	<=	0.5	INCORRECT
3583	29729180	1606-106	tetracycline	tetracycline	1280.26012	ERS2213361,SAMEA104602079	MATCHED	S	S	Susceptible	S	CORRECT	<=	2	<=	2	<=	1	INCORRECT
3584	29729180	1606-106	vancomycin	vancomycin	1280.26012	ERS2213361,SAMEA104602079	MATCHED	S	S	Susceptible	S	CORRECT	<=	0.5	<=	0.5	=	1	INCORRECT
3586	29729180	1606-106	ciprofloxacin	ciprofloxacin	1280.26012	ERS2213361,SAMEA104602079	MATCHED	S	S	Susceptible	S	CORRECT	=	0.5	=	0.5	<=	0.5	INCORRECT
3587	29729180	1606-106	daptomycin	daptomycin	1280.26012	ERS2213361,SAMEA104602079	MATCHED	S	S	Susceptible	S	CORRECT	<=	0.5	<=	0.5	=	0.5	INCORRECT
3588	29729180	1606-106	trimethoprim	trimethoprim	1280.26012	ERS2213361,SAMEA104602079	MATCHED	S	S	Susceptible	S	CORRECT	=	1	=	1	<=	0.5	INCORRECT
3593	29729180	1610-107	oxacillin	oxacillin	1280.26013	ERS2213362,SAMEA104602080	MATCHED	S	S	Susceptible	S	CORRECT	<=	0.5	<=	0.5	=	0.5	INCORRECT
3597	29729180	1610-107	gentamicin	gentamicin	1280.26013	ERS2213362,SAMEA104602080	MATCHED	S	S	Susceptible	S	CORRECT	<=	1	<=	1	<=	0.5	INCORRECT
3599	29729180	1610-107	tetracycline	tetracycline	1280.26013	ERS2213362,SAMEA104602080	MATCHED	S	S	Susceptible	S	CORRECT	<=	2	<=	2	<=	1	INCORRECT
3600	29729180	1610-107	vancomycin	vancomycin	1280.26013	ERS2213362,SAMEA104602080	MATCHED	S	S	Susceptible	S	CORRECT	<=	0.5	<=	0.5	=	1	INCORRECT
3602	29729180	1610-107	ciprofloxacin	ciprofloxacin	1280.26013	ERS2213362,SAMEA104602080	MATCHED	S	S	Susceptible	S	CORRECT	=	0.25	=	0.25	<=	0.5	INCORRECT
3603	29729180	1610-107	daptomycin	daptomycin	1280.26013	ERS2213362,SAMEA104602080	MATCHED	S	S	Susceptible	S	CORRECT	<=	0.5	<=	0.5	=	0.25	INCORRECT
3604	29729180	1610-107	trimethoprim	trimethoprim	1280.26013	ERS2213362,SAMEA104602080	MATCHED	S	S	Susceptible	S	CORRECT	=	1	=	1	<=	0.5	INCORRECT
3609	29729180	1628-109	oxacillin	oxacillin	1280.26014	ERS2213363,SAMEA104602081	MATCHED	S	S	Susceptible	S	CORRECT	<=	0.5	<=	0.5	<=	0.25	INCORRECT
3613	29729180	1628-109	gentamicin	gentamicin	1280.26014	ERS2213363,SAMEA104602081	MATCHED	S	S	Susceptible	S	CORRECT	<=	1	<=	1	<=	0.5	INCORRECT
3615	29729180	1628-109	tetracycline	tetracycline	1280.26014	ERS2213363,SAMEA104602081	MATCHED	S	S	Susceptible	S	CORRECT	<=	2	<=	2	<=	1	INCORRECT
3616	29729180	1628-109	vancomycin	vancomycin	1280.26014	ERS2213363,SAMEA104602081	MATCHED	S	S	Susceptible	S	CORRECT	<=	0.5	<=	0.5	=	1	INCORRECT
3618	29729180	1628-109	ciprofloxacin	ciprofloxacin	1280.26014	ERS2213363,SAMEA104602081	MATCHED	S	S	Susceptible	S	CORRECT	=	0.25	=	0.25	<=	0.5	INCORRECT
3619	29729180	1628-109	daptomycin	daptomycin	1280.26014	ERS2213363,SAMEA104602081	MATCHED	S	S	Susceptible	S	CORRECT	<=	0.5	<=	0.5	=	0.25	INCORRECT
3620	29729180	1628-109	trimethoprim	trimethoprim	1280.26014	ERS2213363,SAMEA104602081	MATCHED	S	S	Susceptible	S	CORRECT	=	1	=	1	<=	0.5	INCORRECT
3625	29729180	1634-111	oxacillin	oxacillin	1280.26015	ERS2213364,SAMEA104602082	MATCHED	S	S	Susceptible	S	CORRECT	<=	0.5	<=	0.5	=	0.5	INCORRECT
3629	29729180	1634-111	gentamicin	gentamicin	1280.26015	ERS2213364,SAMEA104602082	MATCHED	S	S	Susceptible	S	CORRECT	<=	1	<=	1	<=	0.5	INCORRECT
3631	29729180	1634-111	tetracycline	tetracycline	1280.26015	ERS2213364,SAMEA104602082	MATCHED	S	S	Susceptible	S	CORRECT	<=	2	<=	2	<=	1	INCORRECT
3632	29729180	1634-111	vancomycin	vancomycin	1280.26015	ERS2213364,SAMEA104602082	MATCHED	S	S	Susceptible	S	CORRECT	<=	0.5	<=	0.5	=	1	INCORRECT
3634	29729180	1634-111	ciprofloxacin	ciprofloxacin	1280.26015	ERS2213364,SAMEA104602082	MATCHED	S	S	Susceptible	S	CORRECT	=	0.25	=	0.25	<=	0.5	INCORRECT
3635	29729180	1634-111	daptomycin	daptomycin	1280.26015	ERS2213364,SAMEA104602082	MATCHED	S	S	Susceptible	S	CORRECT	<=	0.5	<=	0.5	=	0.25	INCORRECT
3636	29729180	1634-111	trimethoprim	trimethoprim	1280.26015	ERS2213364,SAMEA104602082	MATCHED	S	S	Susceptible	S	CORRECT	=	1	=	1	<=	0.5	INCORRECT
3641	29729180	1640-114	oxacillin	oxacillin	1280.26016	ERS2213365,SAMEA104602083	MATCHED	R	R	Resistant	R	CORRECT	>=	16	>=	16	>=	4	INCORRECT
3645	29729180	1640-114	gentamicin	gentamicin	1280.26016	ERS2213365,SAMEA104602083	MATCHED	S	S	Resistant	R	INCORRECT	<=	1	<=	1	>=	16	INCORRECT
3647	29729180	1640-114	tetracycline	tetracycline	1280.26016	ERS2213365,SAMEA104602083	MATCHED	I	I	Susceptible	S	INCORRECT	=	64	=	64	<=	1	INCORRECT
3648	29729180	1640-114	vancomycin	vancomycin	1280.26016	ERS2213365,SAMEA104602083	MATCHED	S	S	Susceptible	S	CORRECT	<=	0.5	<=	0.5	=	1	INCORRECT
3650	29729180	1640-114	ciprofloxacin	ciprofloxacin	1280.26016	ERS2213365,SAMEA104602083	MATCHED	S	S	Resistant	R	INCORRECT	=	1	=	1	>=	8	INCORRECT
3651	29729180	1640-114	daptomycin	daptomycin	1280.26016	ERS2213365,SAMEA104602083	MATCHED	S	S	Susceptible	S	CORRECT	<=	0.5	<=	0.5	=	1	INCORRECT
3652	29729180	1640-114	trimethoprim	trimethoprim	1280.26016	ERS2213365,SAMEA104602083	MATCHED	S	S	Susceptible	S	CORRECT	=	1	=	1	<=	0.5	INCORRECT
3657	29729180	262B-20	oxacillin	oxacillin	1280.26017	ERS2213366,SAMEA104602084	MATCHED	S	S	Susceptible	S	CORRECT	<=	0.5	<=	0.5	<=	0.25	INCORRECT
3661	29729180	262B-20	gentamicin	gentamicin	1280.26017	ERS2213366,SAMEA104602084	MATCHED	S	S	Susceptible	S	CORRECT	<=	1	<=	1	<=	0.5	INCORRECT
3663	29729180	262B-20	tetracycline	tetracycline	1280.26017	ERS2213366,SAMEA104602084	MATCHED	S	S	Susceptible	S	CORRECT	<=	2	<=	2	<=	1	INCORRECT
3666	29729180	262B-20	ciprofloxacin	ciprofloxacin	1280.26017	ERS2213366,SAMEA104602084	MATCHED	S	S	Susceptible	S	CORRECT	=	0.25	=	0.25	<=	0.5	INCORRECT
3667	29729180	262B-20	daptomycin	daptomycin	1280.26017	ERS2213366,SAMEA104602084	MATCHED	S	S	Susceptible	S	CORRECT	<=	0.5	<=	0.5	=	0.25	INCORRECT
3673	29729180	279B-47	oxacillin	oxacillin	1280.26018	ERS2213367,SAMEA104602085	MATCHED	S	S	Susceptible	S	CORRECT	<=	0.5	<=	0.5	=	0.5	INCORRECT
3677	29729180	279B-47	gentamicin	gentamicin	1280.26018	ERS2213367,SAMEA104602085	MATCHED	S	S	Susceptible	S	CORRECT	<=	1	<=	1	<=	0.5	INCORRECT
3679	29729180	279B-47	tetracycline	tetracycline	1280.26018	ERS2213367,SAMEA104602085	MATCHED	S	S	Susceptible	S	CORRECT	<=	2	<=	2	<=	1	INCORRECT
3682	29729180	279B-47	ciprofloxacin	ciprofloxacin	1280.26018	ERS2213367,SAMEA104602085	MATCHED	S	S	Susceptible	S	CORRECT	=	0.25	=	0.25	<=	0.5	INCORRECT
3683	29729180	279B-47	daptomycin	daptomycin	1280.26018	ERS2213367,SAMEA104602085	MATCHED	S	S	Susceptible	S	CORRECT	<=	0.5	<=	0.5	=	0.25	INCORRECT
3689	29729180	295-84	oxacillin	oxacillin	1280.26019	ERS2213368,SAMEA104602086	MATCHED	S	S	Susceptible	S	CORRECT	<=	0.5	<=	0.5	=	0.5	INCORRECT
3693	29729180	295-84	gentamicin	gentamicin	1280.26019	ERS2213368,SAMEA104602086	MATCHED	S	S	Susceptible	S	CORRECT	<=	1	<=	1	<=	0.5	INCORRECT
3695	29729180	295-84	tetracycline	tetracycline	1280.26019	ERS2213368,SAMEA104602086	MATCHED	S	S	Susceptible	S	CORRECT	<=	2	<=	2	<=	1	INCORRECT
3696	29729180	295-84	vancomycin	vancomycin	1280.26019	ERS2213368,SAMEA104602086	MATCHED	S	S	Susceptible	S	CORRECT	<=	0.5	<=	0.5	=	1	INCORRECT
3698	29729180	295-84	ciprofloxacin	ciprofloxacin	1280.26019	ERS2213368,SAMEA104602086	MATCHED	S	S	Susceptible	S	CORRECT	=	0.25	=	0.25	<=	0.5	INCORRECT
3699	29729180	295-84	daptomycin	daptomycin	1280.26019	ERS2213368,SAMEA104602086	MATCHED	S	S	Susceptible	S	CORRECT	<=	0.5	<=	0.5	=	0.25	INCORRECT
3700	29729180	295-84	trimethoprim	trimethoprim	1280.26019	ERS2213368,SAMEA104602086	MATCHED	S	S	Susceptible	S	CORRECT	=	1	=	1	<=	0.5	INCORRECT
3705	29729180	310B-113	oxacillin	oxacillin	1280.26020	ERS2213369,SAMEA104602087	MATCHED	S	S	Susceptible	S	CORRECT	<=	0.5	<=	0.5	<=	0.25	INCORRECT
3709	29729180	310B-113	gentamicin	gentamicin	1280.26020	ERS2213369,SAMEA104602087	MATCHED	S	S	Susceptible	S	CORRECT	<=	1	<=	1	<=	0.5	INCORRECT
3711	29729180	310B-113	tetracycline	tetracycline	1280.26020	ERS2213369,SAMEA104602087	MATCHED	S	S	Susceptible	S	CORRECT	<=	2	<=	2	<=	1	INCORRECT
3712	29729180	310B-113	vancomycin	vancomycin	1280.26020	ERS2213369,SAMEA104602087	MATCHED	S	S	Susceptible	S	CORRECT	<=	0.5	<=	0.5	=	1	INCORRECT
3714	29729180	310B-113	ciprofloxacin	ciprofloxacin	1280.26020	ERS2213369,SAMEA104602087	MATCHED	S	S	Susceptible	S	CORRECT	=	0.25	=	0.25	<=	0.5	INCORRECT
3715	29729180	310B-113	daptomycin	daptomycin	1280.26020	ERS2213369,SAMEA104602087	MATCHED	S	S	Susceptible	S	CORRECT	<=	0.5	<=	0.5	=	0.25	INCORRECT
3716	29729180	310B-113	trimethoprim	trimethoprim	1280.26020	ERS2213369,SAMEA104602087	MATCHED	S	S	Susceptible	S	CORRECT	=	1	=	1	<=	0.5	INCORRECT
3721	29729180	51B-25	oxacillin	oxacillin	1280.26021	ERS2213370,SAMEA104602088	MATCHED	S	S	Susceptible	S	CORRECT	<=	0.5	<=	0.5	=	0.5	INCORRECT
3725	29729180	51B-25	gentamicin	gentamicin	1280.26021	ERS2213370,SAMEA104602088	MATCHED	S	S	Susceptible	S	CORRECT	<=	1	<=	1	<=	0.5	INCORRECT
3727	29729180	51B-25	tetracycline	tetracycline	1280.26021	ERS2213370,SAMEA104602088	MATCHED	S	S	Susceptible	S	CORRECT	<=	2	<=	2	<=	1	INCORRECT
3728	29729180	51B-25	vancomycin	vancomycin	1280.26021	ERS2213370,SAMEA104602088	MATCHED	S	S	Susceptible	S	CORRECT	<=	0.5	<=	0.5	=	1	INCORRECT
3730	29729180	51B-25	ciprofloxacin	ciprofloxacin	1280.26021	ERS2213370,SAMEA104602088	MATCHED	S	S	Susceptible	S	CORRECT	=	0.25	=	0.25	=	1	INCORRECT
3731	29729180	51B-25	daptomycin	daptomycin	1280.26021	ERS2213370,SAMEA104602088	MATCHED	S	S	Susceptible	S	CORRECT	<=	0.5	<=	0.5	=	0.25	INCORRECT
3732	29729180	51B-25	trimethoprim	trimethoprim	1280.26021	ERS2213370,SAMEA104602088	MATCHED	S	S	Susceptible	S	CORRECT	=	1	=	1	<=	0.5	INCORRECT
3737	29729180	1002-01	oxacillin	oxacillin	1280.26022	ERS2213371,SAMEA104602089	MATCHED	S	S	Susceptible	S	CORRECT	<=	0.5	<=	0.5	<=	0.25	INCORRECT
3741	29729180	1002-01	gentamicin	gentamicin	1280.26022	ERS2213371,SAMEA104602089	MATCHED	S	S	Susceptible	S	CORRECT	<=	1	<=	1	<=	0.5	INCORRECT
3743	29729180	1002-01	tetracycline	tetracycline	1280.26022	ERS2213371,SAMEA104602089	MATCHED	S	S	Susceptible	S	CORRECT	<=	2	<=	2	<=	1	INCORRECT
3744	29729180	1002-01	vancomycin	vancomycin	1280.26022	ERS2213371,SAMEA104602089	MATCHED	S	S	Susceptible	S	CORRECT	<=	0.5	<=	0.5	=	1	INCORRECT
3746	29729180	1002-01	ciprofloxacin	ciprofloxacin	1280.26022	ERS2213371,SAMEA104602089	MATCHED	S	S	Susceptible	S	CORRECT	=	0.5	=	0.5	<=	0.5	INCORRECT
3747	29729180	1002-01	daptomycin	daptomycin	1280.26022	ERS2213371,SAMEA104602089	MATCHED	S	S	Susceptible	S	CORRECT	<=	0.5	<=	0.5	=	0.5	INCORRECT
3748	29729180	1002-01	trimethoprim	trimethoprim	1280.26022	ERS2213371,SAMEA104602089	MATCHED	S	S	Susceptible	S	CORRECT	=	1	=	1	<=	0.5	INCORRECT
3753	29729180	1024-03	oxacillin	oxacillin	1280.26023	ERS2213372,SAMEA104602090	MATCHED	S	S	Susceptible	S	CORRECT	<=	0.5	<=	0.5	<=	0.25	INCORRECT
3757	29729180	1024-03	gentamicin	gentamicin	1280.26023	ERS2213372,SAMEA104602090	MATCHED	S	S	Susceptible	S	CORRECT	<=	1	<=	1	<=	0.5	INCORRECT
3759	29729180	1024-03	tetracycline	tetracycline	1280.26023	ERS2213372,SAMEA104602090	MATCHED	S	S	Susceptible	S	CORRECT	<=	2	<=	2	<=	1	INCORRECT
3760	29729180	1024-03	vancomycin	vancomycin	1280.26023	ERS2213372,SAMEA104602090	MATCHED	S	S	Susceptible	S	CORRECT	<=	0.5	<=	0.5	=	1	INCORRECT
3762	29729180	1024-03	ciprofloxacin	ciprofloxacin	1280.26023	ERS2213372,SAMEA104602090	MATCHED	S	S	Susceptible	S	CORRECT	=	0.5	=	0.5	<=	0.5	INCORRECT
3763	29729180	1024-03	daptomycin	daptomycin	1280.26023	ERS2213372,SAMEA104602090	MATCHED	S	S	Susceptible	S	CORRECT	<=	0.5	<=	0.5	=	0.5	INCORRECT
3764	29729180	1024-03	trimethoprim	trimethoprim	1280.26023	ERS2213372,SAMEA104602090	MATCHED	S	S	Susceptible	S	CORRECT	=	1	=	1	<=	0.5	INCORRECT
3769	29729180	1029-04	oxacillin	oxacillin	1280.26024	ERS2213373,SAMEA104602091	MATCHED	S	S	Susceptible	S	CORRECT	<=	0.5	<=	0.5	<=	0.25	INCORRECT
3773	29729180	1029-04	gentamicin	gentamicin	1280.26024	ERS2213373,SAMEA104602091	MATCHED	S	S	Susceptible	S	CORRECT	<=	1	<=	1	<=	0.5	INCORRECT
3775	29729180	1029-04	tetracycline	tetracycline	1280.26024	ERS2213373,SAMEA104602091	MATCHED	S	S	Susceptible	S	CORRECT	<=	2	<=	2	<=	1	INCORRECT
3776	29729180	1029-04	vancomycin	vancomycin	1280.26024	ERS2213373,SAMEA104602091	MATCHED	S	S	Susceptible	S	CORRECT	<=	0.5	<=	0.5	=	1	INCORRECT
3778	29729180	1029-04	ciprofloxacin	ciprofloxacin	1280.26024	ERS2213373,SAMEA104602091	MATCHED	S	S	Susceptible	S	CORRECT	=	0.5	=	0.5	<=	0.5	INCORRECT
3779	29729180	1029-04	daptomycin	daptomycin	1280.26024	ERS2213373,SAMEA104602091	MATCHED	S	S	Susceptible	S	CORRECT	<=	0.5	<=	0.5	=	0.5	INCORRECT
3780	29729180	1029-04	trimethoprim	trimethoprim	1280.26024	ERS2213373,SAMEA104602091	MATCHED	S	S	Susceptible	S	CORRECT	=	1	=	1	<=	0.5	INCORRECT
3785	29729180	1030-05	oxacillin	oxacillin	1280.26025	ERS2213374,SAMEA104602092	MATCHED	S	S	Susceptible	S	CORRECT	<=	0.5	<=	0.5	<=	0.25	INCORRECT
3789	29729180	1030-05	gentamicin	gentamicin	1280.26025	ERS2213374,SAMEA104602092	MATCHED	S	S	Susceptible	S	CORRECT	<=	1	<=	1	<=	0.5	INCORRECT
3791	29729180	1030-05	tetracycline	tetracycline	1280.26025	ERS2213374,SAMEA104602092	MATCHED	S	S	Susceptible	S	CORRECT	<=	2	<=	2	<=	1	INCORRECT
3792	29729180	1030-05	vancomycin	vancomycin	1280.26025	ERS2213374,SAMEA104602092	MATCHED	S	S	Susceptible	S	CORRECT	<=	0.5	<=	0.5	=	1	INCORRECT
3794	29729180	1030-05	ciprofloxacin	ciprofloxacin	1280.26025	ERS2213374,SAMEA104602092	MATCHED	S	S	Susceptible	S	CORRECT	=	0.5	=	0.5	<=	0.5	INCORRECT
3795	29729180	1030-05	daptomycin	daptomycin	1280.26025	ERS2213374,SAMEA104602092	MATCHED	S	S	Susceptible	S	CORRECT	<=	0.5	<=	0.5	=	0.5	INCORRECT
3796	29729180	1030-05	trimethoprim	trimethoprim	1280.26025	ERS2213374,SAMEA104602092	MATCHED	S	S	Susceptible	S	CORRECT	=	1	=	1	<=	0.5	INCORRECT
3801	29729180	1049-08	oxacillin	oxacillin	1280.26026	ERS2213375,SAMEA104602093	MATCHED	S	S	Susceptible	S	CORRECT	<=	0.5	<=	0.5	<=	0.25	INCORRECT
3805	29729180	1049-08	gentamicin	gentamicin	1280.26026	ERS2213375,SAMEA104602093	MATCHED	S	S	Susceptible	S	CORRECT	<=	1	<=	1	<=	0.5	INCORRECT
3807	29729180	1049-08	tetracycline	tetracycline	1280.26026	ERS2213375,SAMEA104602093	MATCHED	S	S	Susceptible	S	CORRECT	<=	2	<=	2	<=	1	INCORRECT
3808	29729180	1049-08	vancomycin	vancomycin	1280.26026	ERS2213375,SAMEA104602093	MATCHED	S	S	Susceptible	S	CORRECT	<=	0.5	<=	0.5	=	1	INCORRECT
3810	29729180	1049-08	ciprofloxacin	ciprofloxacin	1280.26026	ERS2213375,SAMEA104602093	MATCHED	S	S	Susceptible	S	CORRECT	=	0.5	=	0.5	<=	0.5	INCORRECT
3811	29729180	1049-08	daptomycin	daptomycin	1280.26026	ERS2213375,SAMEA104602093	MATCHED	S	S	Susceptible	S	CORRECT	<=	0.5	<=	0.5	=	0.5	INCORRECT
3812	29729180	1049-08	trimethoprim	trimethoprim	1280.26026	ERS2213375,SAMEA104602093	MATCHED	S	S	Susceptible	S	CORRECT	=	1	=	1	<=	0.5	INCORRECT
3817	29729180	1051-09	oxacillin	oxacillin	1280.26031	ERS2213376,SAMEA104602094	MATCHED	S	S	Susceptible	S	CORRECT	<=	0.5	<=	0.5	<=	0.25	INCORRECT
3821	29729180	1051-09	gentamicin	gentamicin	1280.26031	ERS2213376,SAMEA104602094	MATCHED	S	S	Susceptible	S	CORRECT	<=	1	<=	1	<=	0.5	INCORRECT
3823	29729180	1051-09	tetracycline	tetracycline	1280.26031	ERS2213376,SAMEA104602094	MATCHED	S	S	Susceptible	S	CORRECT	<=	2	<=	2	<=	1	INCORRECT
3824	29729180	1051-09	vancomycin	vancomycin	1280.26031	ERS2213376,SAMEA104602094	MATCHED	S	S	Susceptible	S	CORRECT	<=	0.5	<=	0.5	=	1	INCORRECT
3826	29729180	1051-09	ciprofloxacin	ciprofloxacin	1280.26031	ERS2213376,SAMEA104602094	MATCHED	S	S	Susceptible	S	CORRECT	=	0.5	=	0.5	<=	0.5	INCORRECT
3827	29729180	1051-09	daptomycin	daptomycin	1280.26031	ERS2213376,SAMEA104602094	MATCHED	S	S	Susceptible	S	CORRECT	<=	0.5	<=	0.5	=	0.5	INCORRECT
3828	29729180	1051-09	trimethoprim	trimethoprim	1280.26031	ERS2213376,SAMEA104602094	MATCHED	S	S	Susceptible	S	CORRECT	=	1	=	1	<=	0.5	INCORRECT
3833	29729180	1052-10	oxacillin	oxacillin	1280.26027	ERS2213377,SAMEA104602095	MATCHED	S	S	Susceptible	S	CORRECT	<=	0.5	<=	0.5	<=	0.25	INCORRECT
3837	29729180	1052-10	gentamicin	gentamicin	1280.26027	ERS2213377,SAMEA104602095	MATCHED	S	S	Susceptible	S	CORRECT	<=	1	<=	1	<=	0.5	INCORRECT
3839	29729180	1052-10	tetracycline	tetracycline	1280.26027	ERS2213377,SAMEA104602095	MATCHED	S	S	Susceptible	S	CORRECT	<=	2	<=	2	<=	1	INCORRECT
3840	29729180	1052-10	vancomycin	vancomycin	1280.26027	ERS2213377,SAMEA104602095	MATCHED	S	S	Susceptible	S	CORRECT	<=	0.5	<=	0.5	=	1	INCORRECT
3842	29729180	1052-10	ciprofloxacin	ciprofloxacin	1280.26027	ERS2213377,SAMEA104602095	MATCHED	S	S	Susceptible	S	CORRECT	=	0.5	=	0.5	<=	0.5	INCORRECT
3843	29729180	1052-10	daptomycin	daptomycin	1280.26027	ERS2213377,SAMEA104602095	MATCHED	S	S	Susceptible	S	CORRECT	<=	0.5	<=	0.5	=	0.5	INCORRECT
3844	29729180	1052-10	trimethoprim	trimethoprim	1280.26027	ERS2213377,SAMEA104602095	MATCHED	S	S	Susceptible	S	CORRECT	=	1	=	1	<=	0.5	INCORRECT
3849	29729180	1055-11	oxacillin	oxacillin	1280.26028	ERS2213378,SAMEA104602096	MATCHED	S	S	Susceptible	S	CORRECT	<=	0.5	<=	0.5	<=	0.25	INCORRECT
3853	29729180	1055-11	gentamicin	gentamicin	1280.26028	ERS2213378,SAMEA104602096	MATCHED	R	R	Susceptible	S	INCORRECT	>=	16	>=	16	<=	0.5	INCORRECT
3855	29729180	1055-11	tetracycline	tetracycline	1280.26028	ERS2213378,SAMEA104602096	MATCHED	S	S	Resistant	R	INCORRECT	<=	2	<=	2	>=	16	INCORRECT
3858	29729180	1055-11	ciprofloxacin	ciprofloxacin	1280.26028	ERS2213378,SAMEA104602096	MATCHED	S	S	Susceptible	S	CORRECT	=	0.5	=	0.5	<=	0.5	INCORRECT
3859	29729180	1055-11	daptomycin	daptomycin	1280.26028	ERS2213378,SAMEA104602096	MATCHED	S	S	Susceptible	S	CORRECT	<=	0.5	<=	0.5	=	0.5	INCORRECT
3865	29729180	1091-13	oxacillin	oxacillin	1280.26029	ERS2213379,SAMEA104602097	MATCHED	S	S	Susceptible	S	CORRECT	<=	0.5	<=	0.5	=	0.5	INCORRECT
3869	29729180	1091-13	gentamicin	gentamicin	1280.26029	ERS2213379,SAMEA104602097	MATCHED	S	S	Susceptible	S	CORRECT	<=	1	<=	1	<=	0.5	INCORRECT
3871	29729180	1091-13	tetracycline	tetracycline	1280.26029	ERS2213379,SAMEA104602097	MATCHED	S	S	Susceptible	S	CORRECT	<=	2	<=	2	<=	1	INCORRECT
3874	29729180	1091-13	ciprofloxacin	ciprofloxacin	1280.26029	ERS2213379,SAMEA104602097	MATCHED	S	S	Susceptible	S	CORRECT	=	0.5	=	0.5	<=	0.5	INCORRECT
3875	29729180	1091-13	daptomycin	daptomycin	1280.26029	ERS2213379,SAMEA104602097	MATCHED	S	S	Susceptible	S	CORRECT	<=	0.5	<=	0.5	=	0.5	INCORRECT
3881	29729180	1098-15	oxacillin	oxacillin	1280.26030	ERS2213380,SAMEA104602098	MATCHED	S	S	Susceptible	S	CORRECT	<=	0.5	<=	0.5	<=	0.25	INCORRECT
3885	29729180	1098-15	gentamicin	gentamicin	1280.26030	ERS2213380,SAMEA104602098	MATCHED	S	S	Susceptible	S	CORRECT	<=	1	<=	1	<=	0.5	INCORRECT
3887	29729180	1098-15	tetracycline	tetracycline	1280.26030	ERS2213380,SAMEA104602098	MATCHED	R	R	Susceptible	S	INCORRECT	=	64	=	64	<=	1	INCORRECT
3888	29729180	1098-15	vancomycin	vancomycin	1280.26030	ERS2213380,SAMEA104602098	MATCHED	S	S	Susceptible	S	CORRECT	<=	0.5	<=	0.5	=	1	INCORRECT
3890	29729180	1098-15	ciprofloxacin	ciprofloxacin	1280.26030	ERS2213380,SAMEA104602098	MATCHED	S	S	Susceptible	S	CORRECT	=	0.25	=	0.25	<=	0.5	INCORRECT
3891	29729180	1098-15	daptomycin	daptomycin	1280.26030	ERS2213380,SAMEA104602098	MATCHED	S	S	Susceptible	S	CORRECT	<=	0.5	<=	0.5	=	0.25	INCORRECT
3892	29729180	1098-15	trimethoprim	trimethoprim	1280.26030	ERS2213380,SAMEA104602098	MATCHED	S	S	Susceptible	S	CORRECT	=	1	=	1	<=	0.5	INCORRECT
3897	29729180	1102-16	oxacillin	oxacillin	1280.26032	ERS2213381,SAMEA104602099	MATCHED	S	S	Susceptible	S	CORRECT	<=	0.5	<=	0.5	=	0.5	INCORRECT
3901	29729180	1102-16	gentamicin	gentamicin	1280.26032	ERS2213381,SAMEA104602099	MATCHED	R	R	Susceptible	S	INCORRECT	>=	16	>=	16	<=	0.5	INCORRECT
3903	29729180	1102-16	tetracycline	tetracycline	1280.26032	ERS2213381,SAMEA104602099	MATCHED	S	S	Resistant	R	INCORRECT	<=	2	<=	2	>=	16	INCORRECT
3904	29729180	1102-16	vancomycin	vancomycin	1280.26032	ERS2213381,SAMEA104602099	MATCHED	R	R	Susceptible	S	INCORRECT	>=	16	>=	16	=	1	INCORRECT
3906	29729180	1102-16	ciprofloxacin	ciprofloxacin	1280.26032	ERS2213381,SAMEA104602099	MATCHED	S	S	Susceptible	S	CORRECT	=	0.25	=	0.25	<=	0.5	INCORRECT
3907	29729180	1102-16	daptomycin	daptomycin	1280.26032	ERS2213381,SAMEA104602099	MATCHED	S	S	Susceptible	S	CORRECT	<=	0.5	<=	0.5	=	0.25	INCORRECT
3908	29729180	1102-16	trimethoprim	trimethoprim	1280.26032	ERS2213381,SAMEA104602099	MATCHED	S	S	Resistant	R	INCORRECT	=	1	=	1	>=	16	INCORRECT
3913	29729180	1124-18	oxacillin	oxacillin	1280.26033	ERS2213382,SAMEA104602100	MATCHED	S	S	Susceptible	S	CORRECT	<=	0.5	<=	0.5	<=	0.25	INCORRECT
3917	29729180	1124-18	gentamicin	gentamicin	1280.26033	ERS2213382,SAMEA104602100	MATCHED	S	S	Susceptible	S	CORRECT	<=	1	<=	1	<=	0.5	INCORRECT
3919	29729180	1124-18	tetracycline	tetracycline	1280.26033	ERS2213382,SAMEA104602100	MATCHED	S	S	Susceptible	S	CORRECT	<=	2	<=	2	<=	1	INCORRECT
3920	29729180	1124-18	vancomycin	vancomycin	1280.26033	ERS2213382,SAMEA104602100	MATCHED	S	S	Susceptible	S	CORRECT	<=	0.5	<=	0.5	=	1	INCORRECT
3922	29729180	1124-18	ciprofloxacin	ciprofloxacin	1280.26033	ERS2213382,SAMEA104602100	MATCHED	S	S	Susceptible	S	CORRECT	=	0.25	=	0.25	<=	0.5	INCORRECT
3923	29729180	1124-18	daptomycin	daptomycin	1280.26033	ERS2213382,SAMEA104602100	MATCHED	S	S	Susceptible	S	CORRECT	<=	0.5	<=	0.5	=	0.25	INCORRECT
3924	29729180	1124-18	trimethoprim	trimethoprim	1280.26033	ERS2213382,SAMEA104602100	MATCHED	S	S	Susceptible	S	CORRECT	=	1	=	1	<=	0.5	INCORRECT
3929	29729180	1155-19	oxacillin	oxacillin	1280.26034	ERS2213383,SAMEA104602101	MATCHED	S	S	Susceptible	S	CORRECT	<=	0.5	<=	0.5	=	0.5	INCORRECT
3933	29729180	1155-19	gentamicin	gentamicin	1280.26034	ERS2213383,SAMEA104602101	MATCHED	R	R	Susceptible	S	INCORRECT	>=	16	>=	16	<=	0.5	INCORRECT
3935	29729180	1155-19	tetracycline	tetracycline	1280.26034	ERS2213383,SAMEA104602101	MATCHED	S	S	Resistant	R	INCORRECT	<=	2	<=	2	>=	16	INCORRECT
3936	29729180	1155-19	vancomycin	vancomycin	1280.26034	ERS2213383,SAMEA104602101	MATCHED	S	S	Susceptible	S	CORRECT	<=	0.5	<=	0.5	=	1	INCORRECT
3938	29729180	1155-19	ciprofloxacin	ciprofloxacin	1280.26034	ERS2213383,SAMEA104602101	MATCHED	S	S	Susceptible	S	CORRECT	=	0.5	=	0.5	<=	0.5	INCORRECT
3939	29729180	1155-19	daptomycin	daptomycin	1280.26034	ERS2213383,SAMEA104602101	MATCHED	S	S	Susceptible	S	CORRECT	<=	0.5	<=	0.5	=	0.5	INCORRECT
3940	29729180	1155-19	trimethoprim	trimethoprim	1280.26034	ERS2213383,SAMEA104602101	MATCHED	S	S	Susceptible	S	CORRECT	=	1	=	1	<=	0.5	INCORRECT
3945	29729180	1157-20	oxacillin	oxacillin	1280.26035	ERS2213384,SAMEA104602102	MATCHED	S	S	Susceptible	S	CORRECT	<=	0.5	<=	0.5	<=	0.25	INCORRECT
3949	29729180	1157-20	gentamicin	gentamicin	1280.26035	ERS2213384,SAMEA104602102	MATCHED	S	S	Susceptible	S	CORRECT	<=	1	<=	1	<=	0.5	INCORRECT
3951	29729180	1157-20	tetracycline	tetracycline	1280.26035	ERS2213384,SAMEA104602102	MATCHED	S	S	Susceptible	S	CORRECT	<=	2	<=	2	<=	1	INCORRECT
3952	29729180	1157-20	vancomycin	vancomycin	1280.26035	ERS2213384,SAMEA104602102	MATCHED	S	S	Susceptible	S	CORRECT	<=	0.5	<=	0.5	=	1	INCORRECT
3954	29729180	1157-20	ciprofloxacin	ciprofloxacin	1280.26035	ERS2213384,SAMEA104602102	MATCHED	S	S	Susceptible	S	CORRECT	=	0.5	=	0.5	<=	0.5	INCORRECT
3955	29729180	1157-20	daptomycin	daptomycin	1280.26035	ERS2213384,SAMEA104602102	MATCHED	S	S	Susceptible	S	CORRECT	<=	0.5	<=	0.5	=	0.5	INCORRECT
3956	29729180	1157-20	trimethoprim	trimethoprim	1280.26035	ERS2213384,SAMEA104602102	MATCHED	S	S	Susceptible	S	CORRECT	=	1	=	1	<=	0.5	INCORRECT
3961	29729180	1177-21	oxacillin	oxacillin	1280.26036	ERS2213385,SAMEA104602103	MATCHED	S	S	Susceptible	S	CORRECT	<=	0.5	<=	0.5	<=	0.25	INCORRECT
3965	29729180	1177-21	gentamicin	gentamicin	1280.26036	ERS2213385,SAMEA104602103	MATCHED	S	S	Susceptible	S	CORRECT	<=	1	<=	1	<=	0.5	INCORRECT
3967	29729180	1177-21	tetracycline	tetracycline	1280.26036	ERS2213385,SAMEA104602103	MATCHED	S	S	Susceptible	S	CORRECT	<=	2	<=	2	<=	1	INCORRECT
3968	29729180	1177-21	vancomycin	vancomycin	1280.26036	ERS2213385,SAMEA104602103	MATCHED	S	S	Susceptible	S	CORRECT	<=	0.5	<=	0.5	=	1	INCORRECT
3970	29729180	1177-21	ciprofloxacin	ciprofloxacin	1280.26036	ERS2213385,SAMEA104602103	MATCHED	S	S	Susceptible	S	CORRECT	=	0.25	=	0.25	<=	0.5	INCORRECT
3971	29729180	1177-21	daptomycin	daptomycin	1280.26036	ERS2213385,SAMEA104602103	MATCHED	S	S	Susceptible	S	CORRECT	<=	0.5	<=	0.5	=	0.25	INCORRECT
3972	29729180	1177-21	trimethoprim	trimethoprim	1280.26036	ERS2213385,SAMEA104602103	MATCHED	S	S	Susceptible	S	CORRECT	=	1	=	1	<=	0.5	INCORRECT
3977	29729180	1202-22	oxacillin	oxacillin	1280.26037	ERS2213386,SAMEA104602104	MATCHED	S	S	Susceptible	S	CORRECT	<=	0.5	<=	0.5	=	0.5	INCORRECT
3981	29729180	1202-22	gentamicin	gentamicin	1280.26037	ERS2213386,SAMEA104602104	MATCHED	S	S	Susceptible	S	CORRECT	<=	1	<=	1	<=	0.5	INCORRECT
3983	29729180	1202-22	tetracycline	tetracycline	1280.26037	ERS2213386,SAMEA104602104	MATCHED	S	S	Susceptible	S	CORRECT	<=	2	<=	2	<=	1	INCORRECT
3984	29729180	1202-22	vancomycin	vancomycin	1280.26037	ERS2213386,SAMEA104602104	MATCHED	S	S	Susceptible	S	CORRECT	<=	0.5	<=	0.5	=	1	INCORRECT
3986	29729180	1202-22	ciprofloxacin	ciprofloxacin	1280.26037	ERS2213386,SAMEA104602104	MATCHED	S	S	Susceptible	S	CORRECT	=	0.5	=	0.5	<=	0.5	INCORRECT
3987	29729180	1202-22	daptomycin	daptomycin	1280.26037	ERS2213386,SAMEA104602104	MATCHED	S	S	Susceptible	S	CORRECT	<=	0.5	<=	0.5	=	0.5	INCORRECT
3988	29729180	1202-22	trimethoprim	trimethoprim	1280.26037	ERS2213386,SAMEA104602104	MATCHED	S	S	Susceptible	S	CORRECT	=	1	=	1	<=	0.5	INCORRECT
3993	29729180	1207-23	oxacillin	oxacillin	1280.26038	ERS2213387,SAMEA104602105	MATCHED	S	S	Susceptible	S	CORRECT	<=	0.5	<=	0.5	=	0.5	INCORRECT
3997	29729180	1207-23	gentamicin	gentamicin	1280.26038	ERS2213387,SAMEA104602105	MATCHED	S	S	Susceptible	S	CORRECT	<=	1	<=	1	<=	0.5	INCORRECT
3999	29729180	1207-23	tetracycline	tetracycline	1280.26038	ERS2213387,SAMEA104602105	MATCHED	S	S	Susceptible	S	CORRECT	<=	2	<=	2	<=	1	INCORRECT
4000	29729180	1207-23	vancomycin	vancomycin	1280.26038	ERS2213387,SAMEA104602105	MATCHED	S	S	Susceptible	S	CORRECT	<=	0.5	<=	0.5	=	1	INCORRECT
4002	29729180	1207-23	ciprofloxacin	ciprofloxacin	1280.26038	ERS2213387,SAMEA104602105	MATCHED	S	S	Susceptible	S	CORRECT	=	0.25	=	0.25	<=	0.5	INCORRECT
4003	29729180	1207-23	daptomycin	daptomycin	1280.26038	ERS2213387,SAMEA104602105	MATCHED	S	S	Susceptible	S	CORRECT	<=	0.5	<=	0.5	=	0.25	INCORRECT
4004	29729180	1207-23	trimethoprim	trimethoprim	1280.26038	ERS2213387,SAMEA104602105	MATCHED	S	S	Susceptible	S	CORRECT	=	1	=	1	<=	0.5	INCORRECT
4009	29729180	1236-25	oxacillin	oxacillin	1280.26039	ERS2213388,SAMEA104602106	MATCHED	S	S	Susceptible	S	CORRECT	<=	0.5	<=	0.5	<=	0.25	INCORRECT
4013	29729180	1236-25	gentamicin	gentamicin	1280.26039	ERS2213388,SAMEA104602106	MATCHED	R	R	Susceptible	S	INCORRECT	>=	16	>=	16	<=	0.5	INCORRECT
4015	29729180	1236-25	tetracycline	tetracycline	1280.26039	ERS2213388,SAMEA104602106	MATCHED	S	S	Resistant	R	INCORRECT	<=	2	<=	2	>=	16	INCORRECT
4018	29729180	1236-25	ciprofloxacin	ciprofloxacin	1280.26039	ERS2213388,SAMEA104602106	MATCHED	S	S	Susceptible	S	CORRECT	=	0.5	=	0.5	<=	0.5	INCORRECT
4019	29729180	1236-25	daptomycin	daptomycin	1280.26039	ERS2213388,SAMEA104602106	MATCHED	S	S	Susceptible	S	CORRECT	<=	0.5	<=	0.5	=	0.5	INCORRECT
4025	29729180	1247-26	oxacillin	oxacillin	1280.26040	ERS2213389,SAMEA104602107	MATCHED	S	S	Susceptible	S	CORRECT	<=	0.5	<=	0.5	<=	0.25	INCORRECT
4029	29729180	1247-26	gentamicin	gentamicin	1280.26040	ERS2213389,SAMEA104602107	MATCHED	S	S	Susceptible	S	CORRECT	<=	1	<=	1	<=	0.5	INCORRECT
4031	29729180	1247-26	tetracycline	tetracycline	1280.26040	ERS2213389,SAMEA104602107	MATCHED	S	S	Susceptible	S	CORRECT	<=	2	<=	2	<=	1	INCORRECT
4034	29729180	1247-26	ciprofloxacin	ciprofloxacin	1280.26040	ERS2213389,SAMEA104602107	MATCHED	S	S	Susceptible	S	CORRECT	=	0.25	=	0.25	<=	0.5	INCORRECT
4035	29729180	1247-26	daptomycin	daptomycin	1280.26040	ERS2213389,SAMEA104602107	MATCHED	S	S	Susceptible	S	CORRECT	<=	0.5	<=	0.5	=	0.25	INCORRECT
4041	29729180	1249-27	oxacillin	oxacillin	1280.26041	ERS2213390,SAMEA104602108	MATCHED	S	S	Susceptible	S	CORRECT	<=	0.5	<=	0.5	=	0.5	INCORRECT
4045	29729180	1249-27	gentamicin	gentamicin	1280.26041	ERS2213390,SAMEA104602108	MATCHED	S	S	Susceptible	S	CORRECT	<=	1	<=	1	<=	0.5	INCORRECT
4047	29729180	1249-27	tetracycline	tetracycline	1280.26041	ERS2213390,SAMEA104602108	MATCHED	S	S	Susceptible	S	CORRECT	<=	2	<=	2	<=	1	INCORRECT
4048	29729180	1249-27	vancomycin	vancomycin	1280.26041	ERS2213390,SAMEA104602108	MATCHED	S	S	Susceptible	S	CORRECT	<=	0.5	<=	0.5	=	1	INCORRECT
4050	29729180	1249-27	ciprofloxacin	ciprofloxacin	1280.26041	ERS2213390,SAMEA104602108	MATCHED	S	S	Susceptible	S	CORRECT	=	0.5	=	0.5	<=	0.5	INCORRECT
4051	29729180	1249-27	daptomycin	daptomycin	1280.26041	ERS2213390,SAMEA104602108	MATCHED	S	S	Susceptible	S	CORRECT	<=	0.5	<=	0.5	=	0.5	INCORRECT
4052	29729180	1249-27	trimethoprim	trimethoprim	1280.26041	ERS2213390,SAMEA104602108	MATCHED	S	S	Susceptible	S	CORRECT	=	1	=	1	<=	0.5	INCORRECT
4057	29729180	1253-28	oxacillin	oxacillin	1280.26042	ERS2213391,SAMEA104602109	MATCHED	S	S	Susceptible	S	CORRECT	<=	0.5	<=	0.5	=	0.5	INCORRECT
4061	29729180	1253-28	gentamicin	gentamicin	1280.26042	ERS2213391,SAMEA104602109	MATCHED	S	S	Susceptible	S	CORRECT	<=	1	<=	1	<=	0.5	INCORRECT
4063	29729180	1253-28	tetracycline	tetracycline	1280.26042	ERS2213391,SAMEA104602109	MATCHED	S	S	Susceptible	S	CORRECT	<=	2	<=	2	<=	1	INCORRECT
4064	29729180	1253-28	vancomycin	vancomycin	1280.26042	ERS2213391,SAMEA104602109	MATCHED	S	S	Susceptible	S	CORRECT	<=	0.5	<=	0.5	=	1	INCORRECT
4066	29729180	1253-28	ciprofloxacin	ciprofloxacin	1280.26042	ERS2213391,SAMEA104602109	MATCHED	S	S	Susceptible	S	CORRECT	=	0.5	=	0.5	<=	0.5	INCORRECT
4067	29729180	1253-28	daptomycin	daptomycin	1280.26042	ERS2213391,SAMEA104602109	MATCHED	S	S	Susceptible	S	CORRECT	<=	0.5	<=	0.5	=	0.5	INCORRECT
4068	29729180	1253-28	trimethoprim	trimethoprim	1280.26042	ERS2213391,SAMEA104602109	MATCHED	S	S	Susceptible	S	CORRECT	=	1	=	1	<=	0.5	INCORRECT
4073	29729180	1258-29	oxacillin	oxacillin	1280.26043	ERS2213392,SAMEA104602110	MATCHED	S	S	Susceptible	S	CORRECT	<=	0.5	<=	0.5	<=	0.25	INCORRECT
4077	29729180	1258-29	gentamicin	gentamicin	1280.26043	ERS2213392,SAMEA104602110	MATCHED	S	S	Susceptible	S	CORRECT	<=	1	<=	1	<=	0.5	INCORRECT
4079	29729180	1258-29	tetracycline	tetracycline	1280.26043	ERS2213392,SAMEA104602110	MATCHED	S	S	Susceptible	S	CORRECT	<=	2	<=	2	<=	1	INCORRECT
4082	29729180	1258-29	ciprofloxacin	ciprofloxacin	1280.26043	ERS2213392,SAMEA104602110	MATCHED	S	S	Susceptible	S	CORRECT	=	0.25	=	0.25	<=	0.5	INCORRECT
4083	29729180	1258-29	daptomycin	daptomycin	1280.26043	ERS2213392,SAMEA104602110	MATCHED	S	S	Susceptible	S	CORRECT	<=	0.5	<=	0.5	=	0.25	INCORRECT
4089	29729180	1263-30	oxacillin	oxacillin	1280.26044	ERS2213393,SAMEA104602111	MATCHED	S	S	Susceptible	S	CORRECT	<=	0.5	<=	0.5	=	0.5	INCORRECT
4093	29729180	1263-30	gentamicin	gentamicin	1280.26044	ERS2213393,SAMEA104602111	MATCHED	S	S	Susceptible	S	CORRECT	<=	1	<=	1	<=	0.5	INCORRECT
4095	29729180	1263-30	tetracycline	tetracycline	1280.26044	ERS2213393,SAMEA104602111	MATCHED	S	S	Susceptible	S	CORRECT	<=	2	<=	2	<=	1	INCORRECT
4098	29729180	1263-30	ciprofloxacin	ciprofloxacin	1280.26044	ERS2213393,SAMEA104602111	MATCHED	S	S	Susceptible	S	CORRECT	=	0.25	=	0.25	<=	0.5	INCORRECT
4099	29729180	1263-30	daptomycin	daptomycin	1280.26044	ERS2213393,SAMEA104602111	MATCHED	S	S	Susceptible	S	CORRECT	<=	0.5	<=	0.5	=	0.25	INCORRECT
4105	29729180	1270-31	oxacillin	oxacillin	1280.26045	ERS2213394,SAMEA104602112	MATCHED	S	S	Susceptible	S	CORRECT	<=	0.5	<=	0.5	<=	0.25	INCORRECT
4109	29729180	1270-31	gentamicin	gentamicin	1280.26045	ERS2213394,SAMEA104602112	MATCHED	S	S	Susceptible	S	CORRECT	<=	1	<=	1	<=	0.5	INCORRECT
4111	29729180	1270-31	tetracycline	tetracycline	1280.26045	ERS2213394,SAMEA104602112	MATCHED	S	S	Susceptible	S	CORRECT	<=	2	<=	2	<=	1	INCORRECT
4114	29729180	1270-31	ciprofloxacin	ciprofloxacin	1280.26045	ERS2213394,SAMEA104602112	MATCHED	S	S	Susceptible	S	CORRECT	=	1	=	1	<=	0.5	INCORRECT
4115	29729180	1270-31	daptomycin	daptomycin	1280.26045	ERS2213394,SAMEA104602112	MATCHED	S	S	Susceptible	S	CORRECT	<=	0.5	<=	0.5	=	1	INCORRECT
4121	29729180	1271-32	oxacillin	oxacillin	1280.26046	ERS2213395,SAMEA104602113	MATCHED	S	S	Susceptible	S	CORRECT	<=	0.5	<=	0.5	<=	0.25	INCORRECT
4125	29729180	1271-32	gentamicin	gentamicin	1280.26046	ERS2213395,SAMEA104602113	MATCHED	S	S	Susceptible	S	CORRECT	<=	1	<=	1	<=	0.5	INCORRECT
4127	29729180	1271-32	tetracycline	tetracycline	1280.26046	ERS2213395,SAMEA104602113	MATCHED	S	S	Susceptible	S	CORRECT	<=	2	<=	2	<=	1	INCORRECT
4128	29729180	1271-32	vancomycin	vancomycin	1280.26046	ERS2213395,SAMEA104602113	MATCHED	S	S	Susceptible	S	CORRECT	<=	0.5	<=	0.5	=	1	INCORRECT
4130	29729180	1271-32	ciprofloxacin	ciprofloxacin	1280.26046	ERS2213395,SAMEA104602113	MATCHED	S	S	Susceptible	S	CORRECT	=	0.25	=	0.25	<=	0.5	INCORRECT
4131	29729180	1271-32	daptomycin	daptomycin	1280.26046	ERS2213395,SAMEA104602113	MATCHED	S	S	Susceptible	S	CORRECT	<=	0.5	<=	0.5	=	0.25	INCORRECT
4132	29729180	1271-32	trimethoprim	trimethoprim	1280.26046	ERS2213395,SAMEA104602113	MATCHED	S	S	Susceptible	S	CORRECT	=	1	=	1	<=	0.5	INCORRECT
4137	29729180	1286-33	oxacillin	oxacillin	1280.26047	ERS2213396,SAMEA104602114	MATCHED	S	S	Susceptible	S	CORRECT	<=	0.5	<=	0.5	<=	0.25	INCORRECT
4141	29729180	1286-33	gentamicin	gentamicin	1280.26047	ERS2213396,SAMEA104602114	MATCHED	S	S	Susceptible	S	CORRECT	<=	1	<=	1	<=	0.5	INCORRECT
4143	29729180	1286-33	tetracycline	tetracycline	1280.26047	ERS2213396,SAMEA104602114	MATCHED	S	S	Susceptible	S	CORRECT	<=	2	<=	2	<=	1	INCORRECT
4144	29729180	1286-33	vancomycin	vancomycin	1280.26047	ERS2213396,SAMEA104602114	MATCHED	S	S	Susceptible	S	CORRECT	<=	0.5	<=	0.5	=	1	INCORRECT
4146	29729180	1286-33	ciprofloxacin	ciprofloxacin	1280.26047	ERS2213396,SAMEA104602114	MATCHED	S	S	Susceptible	S	CORRECT	=	0.25	=	0.25	<=	0.5	INCORRECT
4147	29729180	1286-33	daptomycin	daptomycin	1280.26047	ERS2213396,SAMEA104602114	MATCHED	S	S	Susceptible	S	CORRECT	<=	0.5	<=	0.5	=	0.25	INCORRECT
4148	29729180	1286-33	trimethoprim	trimethoprim	1280.26047	ERS2213396,SAMEA104602114	MATCHED	S	S	Susceptible	S	CORRECT	=	1	=	1	<=	0.5	INCORRECT
4153	29729180	1287-34	oxacillin	oxacillin	1280.26048	ERS2213397,SAMEA104602115	MATCHED	S	S	Susceptible	S	CORRECT	<=	0.5	<=	0.5	<=	0.25	INCORRECT
4157	29729180	1287-34	gentamicin	gentamicin	1280.26048	ERS2213397,SAMEA104602115	MATCHED	S	S	Susceptible	S	CORRECT	<=	1	<=	1	<=	0.5	INCORRECT
4159	29729180	1287-34	tetracycline	tetracycline	1280.26048	ERS2213397,SAMEA104602115	MATCHED	S	S	Susceptible	S	CORRECT	<=	2	<=	2	<=	1	INCORRECT
4160	29729180	1287-34	vancomycin	vancomycin	1280.26048	ERS2213397,SAMEA104602115	MATCHED	S	S	Susceptible	S	CORRECT	<=	0.5	<=	0.5	=	1	INCORRECT
4162	29729180	1287-34	ciprofloxacin	ciprofloxacin	1280.26048	ERS2213397,SAMEA104602115	MATCHED	S	S	Susceptible	S	CORRECT	=	0.25	=	0.25	<=	0.5	INCORRECT
4163	29729180	1287-34	daptomycin	daptomycin	1280.26048	ERS2213397,SAMEA104602115	MATCHED	S	S	Susceptible	S	CORRECT	<=	0.5	<=	0.5	=	0.25	INCORRECT
4164	29729180	1287-34	trimethoprim	trimethoprim	1280.26048	ERS2213397,SAMEA104602115	MATCHED	S	S	Susceptible	S	CORRECT	=	1	=	1	<=	0.5	INCORRECT
4169	29729180	1310-36	oxacillin	oxacillin	1280.26049	ERS2213398,SAMEA104602116	MATCHED	S	S	Susceptible	S	CORRECT	<=	0.5	<=	0.5	<=	0.25	INCORRECT
4173	29729180	1310-36	gentamicin	gentamicin	1280.26049	ERS2213398,SAMEA104602116	MATCHED	S	S	Susceptible	S	CORRECT	<=	1	<=	1	<=	0.5	INCORRECT
4175	29729180	1310-36	tetracycline	tetracycline	1280.26049	ERS2213398,SAMEA104602116	MATCHED	S	S	Susceptible	S	CORRECT	<=	2	<=	2	<=	1	INCORRECT
4178	29729180	1310-36	ciprofloxacin	ciprofloxacin	1280.26049	ERS2213398,SAMEA104602116	MATCHED	S	S	Susceptible	S	CORRECT	=	0.25	=	0.25	<=	0.5	INCORRECT
4179	29729180	1310-36	daptomycin	daptomycin	1280.26049	ERS2213398,SAMEA104602116	MATCHED	S	S	Susceptible	S	CORRECT	<=	0.5	<=	0.5	=	0.25	INCORRECT
4185	29729180	1313-37	oxacillin	oxacillin	1280.26050	ERS2213399,SAMEA104602117	MATCHED	S	S	Susceptible	S	CORRECT	<=	0.5	<=	0.5	=	0.5	INCORRECT
4189	29729180	1313-37	gentamicin	gentamicin	1280.26050	ERS2213399,SAMEA104602117	MATCHED	S	S	Susceptible	S	CORRECT	<=	1	<=	1	<=	0.5	INCORRECT
4191	29729180	1313-37	tetracycline	tetracycline	1280.26050	ERS2213399,SAMEA104602117	MATCHED	S	S	Susceptible	S	CORRECT	<=	2	<=	2	<=	1	INCORRECT
4192	29729180	1313-37	vancomycin	vancomycin	1280.26050	ERS2213399,SAMEA104602117	MATCHED	S	S	Susceptible	S	CORRECT	<=	0.5	<=	0.5	=	1	INCORRECT
4194	29729180	1313-37	ciprofloxacin	ciprofloxacin	1280.26050	ERS2213399,SAMEA104602117	MATCHED	S	S	Susceptible	S	CORRECT	=	0.5	=	0.5	<=	0.5	INCORRECT
4195	29729180	1313-37	daptomycin	daptomycin	1280.26050	ERS2213399,SAMEA104602117	MATCHED	S	S	Susceptible	S	CORRECT	<=	0.5	<=	0.5	=	0.5	INCORRECT
4196	29729180	1313-37	trimethoprim	trimethoprim	1280.26050	ERS2213399,SAMEA104602117	MATCHED	S	S	Susceptible	S	CORRECT	=	1	=	1	<=	0.5	INCORRECT
4201	29729180	1319-38	oxacillin	oxacillin	1280.26051	ERS2213400,SAMEA104602118	MATCHED	S	S	Susceptible	S	CORRECT	<=	0.5	<=	0.5	<=	0.25	INCORRECT
4205	29729180	1319-38	gentamicin	gentamicin	1280.26051	ERS2213400,SAMEA104602118	MATCHED	S	S	Susceptible	S	CORRECT	<=	1	<=	1	<=	0.5	INCORRECT
4207	29729180	1319-38	tetracycline	tetracycline	1280.26051	ERS2213400,SAMEA104602118	MATCHED	S	S	Susceptible	S	CORRECT	<=	2	<=	2	<=	1	INCORRECT
4210	29729180	1319-38	ciprofloxacin	ciprofloxacin	1280.26051	ERS2213400,SAMEA104602118	MATCHED	S	S	Susceptible	S	CORRECT	=	0.25	=	0.25	<=	0.5	INCORRECT
4211	29729180	1319-38	daptomycin	daptomycin	1280.26051	ERS2213400,SAMEA104602118	MATCHED	S	S	Susceptible	S	CORRECT	<=	0.5	<=	0.5	=	0.25	INCORRECT
4217	29729180	1333-39	oxacillin	oxacillin	1280.26053	ERS2213401,SAMEA104602119	MATCHED	S	S	Susceptible	S	CORRECT	<=	0.5	<=	0.5	=	0.5	INCORRECT
4221	29729180	1333-39	gentamicin	gentamicin	1280.26053	ERS2213401,SAMEA104602119	MATCHED	S	S	Susceptible	S	CORRECT	<=	1	<=	1	<=	0.5	INCORRECT
4223	29729180	1333-39	tetracycline	tetracycline	1280.26053	ERS2213401,SAMEA104602119	MATCHED	S	S	Susceptible	S	CORRECT	<=	2	<=	2	<=	1	INCORRECT
4224	29729180	1333-39	vancomycin	vancomycin	1280.26053	ERS2213401,SAMEA104602119	MATCHED	S	S	Susceptible	S	CORRECT	<=	0.5	<=	0.5	=	1	INCORRECT
4226	29729180	1333-39	ciprofloxacin	ciprofloxacin	1280.26053	ERS2213401,SAMEA104602119	MATCHED	S	S	Susceptible	S	CORRECT	=	0.5	=	0.5	<=	0.5	INCORRECT
4227	29729180	1333-39	daptomycin	daptomycin	1280.26053	ERS2213401,SAMEA104602119	MATCHED	S	S	Susceptible	S	CORRECT	<=	0.5	<=	0.5	=	0.5	INCORRECT
4228	29729180	1333-39	trimethoprim	trimethoprim	1280.26053	ERS2213401,SAMEA104602119	MATCHED	S	S	Susceptible	S	CORRECT	=	1	=	1	<=	0.5	INCORRECT
4233	29729180	1334-40	oxacillin	oxacillin	1280.26052	ERS2213402,SAMEA104602120	MATCHED	S	S	Susceptible	S	CORRECT	<=	0.5	<=	0.5	<=	0.25	INCORRECT
4237	29729180	1334-40	gentamicin	gentamicin	1280.26052	ERS2213402,SAMEA104602120	MATCHED	S	S	Susceptible	S	CORRECT	<=	1	<=	1	<=	0.5	INCORRECT
4239	29729180	1334-40	tetracycline	tetracycline	1280.26052	ERS2213402,SAMEA104602120	MATCHED	S	S	Susceptible	S	CORRECT	<=	2	<=	2	<=	1	INCORRECT
4240	29729180	1334-40	vancomycin	vancomycin	1280.26052	ERS2213402,SAMEA104602120	MATCHED	S	S	Susceptible	S	CORRECT	<=	0.5	<=	0.5	=	1	INCORRECT
4242	29729180	1334-40	ciprofloxacin	ciprofloxacin	1280.26052	ERS2213402,SAMEA104602120	MATCHED	S	S	Susceptible	S	CORRECT	=	0.25	=	0.25	<=	0.5	INCORRECT
4243	29729180	1334-40	daptomycin	daptomycin	1280.26052	ERS2213402,SAMEA104602120	MATCHED	S	S	Susceptible	S	CORRECT	<=	0.5	<=	0.5	=	0.25	INCORRECT
4244	29729180	1334-40	trimethoprim	trimethoprim	1280.26052	ERS2213402,SAMEA104602120	MATCHED	S	S	Susceptible	S	CORRECT	=	1	=	1	<=	0.5	INCORRECT
4249	29729180	1343-42	oxacillin	oxacillin	1280.26054	ERS2213403,SAMEA104602121	MATCHED	S	S	Susceptible	S	CORRECT	<=	0.5	<=	0.5	<=	0.25	INCORRECT
4253	29729180	1343-42	gentamicin	gentamicin	1280.26054	ERS2213403,SAMEA104602121	MATCHED	S	S	Susceptible	S	CORRECT	<=	1	<=	1	<=	0.5	INCORRECT
4255	29729180	1343-42	tetracycline	tetracycline	1280.26054	ERS2213403,SAMEA104602121	MATCHED	S	S	Susceptible	S	CORRECT	<=	2	<=	2	<=	1	INCORRECT
4256	29729180	1343-42	vancomycin	vancomycin	1280.26054	ERS2213403,SAMEA104602121	MATCHED	S	S	Susceptible	S	CORRECT	=	1	=	1	=	2	INCORRECT
4258	29729180	1343-42	ciprofloxacin	ciprofloxacin	1280.26054	ERS2213403,SAMEA104602121	MATCHED	S	S	Susceptible	S	CORRECT	=	0.25	=	0.25	<=	0.5	INCORRECT
4259	29729180	1343-42	daptomycin	daptomycin	1280.26054	ERS2213403,SAMEA104602121	MATCHED	S	S	Susceptible	S	CORRECT	<=	0.5	<=	0.5	=	0.25	INCORRECT
4260	29729180	1343-42	trimethoprim	trimethoprim	1280.26054	ERS2213403,SAMEA104602121	MATCHED	S	S	Susceptible	S	CORRECT	=	2	=	2	=	1	INCORRECT
4265	29729180	1344-43	oxacillin	oxacillin	1280.26055	ERS2213404,SAMEA104602122	MATCHED	S	S	Susceptible	S	CORRECT	<=	0.5	<=	0.5	=	0.5	INCORRECT
4269	29729180	1344-43	gentamicin	gentamicin	1280.26055	ERS2213404,SAMEA104602122	MATCHED	S	S	Susceptible	S	CORRECT	<=	1	<=	1	<=	0.5	INCORRECT
4271	29729180	1344-43	tetracycline	tetracycline	1280.26055	ERS2213404,SAMEA104602122	MATCHED	S	S	Susceptible	S	CORRECT	<=	2	<=	2	<=	1	INCORRECT
4272	29729180	1344-43	vancomycin	vancomycin	1280.26055	ERS2213404,SAMEA104602122	MATCHED	S	S	Susceptible	S	CORRECT	<=	0.5	<=	0.5	=	1	INCORRECT
4274	29729180	1344-43	ciprofloxacin	ciprofloxacin	1280.26055	ERS2213404,SAMEA104602122	MATCHED	S	S	Susceptible	S	CORRECT	=	0.5	=	0.5	<=	0.5	INCORRECT
4275	29729180	1344-43	daptomycin	daptomycin	1280.26055	ERS2213404,SAMEA104602122	MATCHED	S	S	Susceptible	S	CORRECT	<=	0.5	<=	0.5	=	0.5	INCORRECT
4276	29729180	1344-43	trimethoprim	trimethoprim	1280.26055	ERS2213404,SAMEA104602122	MATCHED	S	S	Susceptible	S	CORRECT	=	1	=	1	<=	0.5	INCORRECT
4281	29729180	1356-44	oxacillin	oxacillin	1280.26056	ERS2213405,SAMEA104602123	MATCHED	S	S	Susceptible	S	CORRECT	<=	0.5	<=	0.5	<=	0.25	INCORRECT
4285	29729180	1356-44	gentamicin	gentamicin	1280.26056	ERS2213405,SAMEA104602123	MATCHED	S	S	Susceptible	S	CORRECT	<=	1	<=	1	<=	0.5	INCORRECT
4287	29729180	1356-44	tetracycline	tetracycline	1280.26056	ERS2213405,SAMEA104602123	MATCHED	S	S	Susceptible	S	CORRECT	<=	2	<=	2	<=	1	INCORRECT
4288	29729180	1356-44	vancomycin	vancomycin	1280.26056	ERS2213405,SAMEA104602123	MATCHED	S	S	Susceptible	S	CORRECT	<=	0.5	<=	0.5	=	1	INCORRECT
4290	29729180	1356-44	ciprofloxacin	ciprofloxacin	1280.26056	ERS2213405,SAMEA104602123	MATCHED	S	S	Susceptible	S	CORRECT	=	0.5	=	0.5	<=	0.5	INCORRECT
4291	29729180	1356-44	daptomycin	daptomycin	1280.26056	ERS2213405,SAMEA104602123	MATCHED	S	S	Susceptible	S	CORRECT	<=	0.5	<=	0.5	=	0.5	INCORRECT
4292	29729180	1356-44	trimethoprim	trimethoprim	1280.26056	ERS2213405,SAMEA104602123	MATCHED	S	S	Susceptible	S	CORRECT	=	1	=	1	<=	0.5	INCORRECT
4297	29729180	1359-45	oxacillin	oxacillin	1280.26057	ERS2213406,SAMEA104602124	MATCHED	S	S	Susceptible	S	CORRECT	<=	0.5	<=	0.5	<=	0.25	INCORRECT
4301	29729180	1359-45	gentamicin	gentamicin	1280.26057	ERS2213406,SAMEA104602124	MATCHED	R	R	Susceptible	S	INCORRECT	>=	16	>=	16	<=	0.5	INCORRECT
4303	29729180	1359-45	tetracycline	tetracycline	1280.26057	ERS2213406,SAMEA104602124	MATCHED	S	S	Resistant	R	INCORRECT	<=	2	<=	2	>=	16	INCORRECT
4304	29729180	1359-45	vancomycin	vancomycin	1280.26057	ERS2213406,SAMEA104602124	MATCHED	S	S	Susceptible	S	CORRECT	<=	0.5	<=	0.5	=	1	INCORRECT
4306	29729180	1359-45	ciprofloxacin	ciprofloxacin	1280.26057	ERS2213406,SAMEA104602124	MATCHED	S	S	Susceptible	S	CORRECT	=	0.25	=	0.25	<=	0.5	INCORRECT
4307	29729180	1359-45	daptomycin	daptomycin	1280.26057	ERS2213406,SAMEA104602124	MATCHED	S	S	Susceptible	S	CORRECT	<=	0.5	<=	0.5	=	0.25	INCORRECT
4308	29729180	1359-45	trimethoprim	trimethoprim	1280.26057	ERS2213406,SAMEA104602124	MATCHED	S	S	Susceptible	S	CORRECT	=	1	=	1	<=	0.5	INCORRECT
4313	29729180	1367-46	oxacillin	oxacillin	1280.26058	ERS2213407,SAMEA104602125	MATCHED	S	S	Susceptible	S	CORRECT	<=	0.5	<=	0.5	<=	0.25	INCORRECT
4317	29729180	1367-46	gentamicin	gentamicin	1280.26058	ERS2213407,SAMEA104602125	MATCHED	S	S	Susceptible	S	CORRECT	<=	1	<=	1	<=	0.5	INCORRECT
4319	29729180	1367-46	tetracycline	tetracycline	1280.26058	ERS2213407,SAMEA104602125	MATCHED	S	S	Susceptible	S	CORRECT	<=	2	<=	2	<=	1	INCORRECT
4320	29729180	1367-46	vancomycin	vancomycin	1280.26058	ERS2213407,SAMEA104602125	MATCHED	S	S	Susceptible	S	CORRECT	=	1	=	1	<=	0.5	INCORRECT
4322	29729180	1367-46	ciprofloxacin	ciprofloxacin	1280.26058	ERS2213407,SAMEA104602125	MATCHED	S	S	Susceptible	S	CORRECT	=	0.5	=	0.5	<=	0.5	INCORRECT
4323	29729180	1367-46	daptomycin	daptomycin	1280.26058	ERS2213407,SAMEA104602125	MATCHED	S	S	Susceptible	S	CORRECT	<=	0.5	<=	0.5	=	0.5	INCORRECT
4324	29729180	1367-46	trimethoprim	trimethoprim	1280.26058	ERS2213407,SAMEA104602125	MATCHED	S	S	Susceptible	S	CORRECT	<=	0.5	<=	0.5	=	1	INCORRECT
4329	29729180	1374-47	oxacillin	oxacillin	1280.26059	ERS2213408,SAMEA104602126	MATCHED	S	S	Susceptible	S	CORRECT	<=	0.5	<=	0.5	<=	0.25	INCORRECT
4333	29729180	1374-47	gentamicin	gentamicin	1280.26059	ERS2213408,SAMEA104602126	MATCHED	S	S	Susceptible	S	CORRECT	<=	1	<=	1	<=	0.5	INCORRECT
4335	29729180	1374-47	tetracycline	tetracycline	1280.26059	ERS2213408,SAMEA104602126	MATCHED	S	S	Susceptible	S	CORRECT	<=	2	<=	2	<=	1	INCORRECT
4336	29729180	1374-47	vancomycin	vancomycin	1280.26059	ERS2213408,SAMEA104602126	MATCHED	S	S	Susceptible	S	CORRECT	<=	0.5	<=	0.5	=	1	INCORRECT
4338	29729180	1374-47	ciprofloxacin	ciprofloxacin	1280.26059	ERS2213408,SAMEA104602126	MATCHED	S	S	Susceptible	S	CORRECT	=	0.5	=	0.5	<=	0.5	INCORRECT
4339	29729180	1374-47	daptomycin	daptomycin	1280.26059	ERS2213408,SAMEA104602126	MATCHED	S	S	Susceptible	S	CORRECT	<=	0.5	<=	0.5	=	0.5	INCORRECT
4340	29729180	1374-47	trimethoprim	trimethoprim	1280.26059	ERS2213408,SAMEA104602126	MATCHED	S	S	Susceptible	S	CORRECT	=	1	=	1	<=	0.5	INCORRECT
4345	29729180	1380-1-49	oxacillin	oxacillin	1280.26060	ERS2213409,SAMEA104602127	MATCHED	S	S	Susceptible	S	CORRECT	<=	0.5	<=	0.5	=	0.5	INCORRECT
4349	29729180	1380-1-49	gentamicin	gentamicin	1280.26060	ERS2213409,SAMEA104602127	MATCHED	S	S	Susceptible	S	CORRECT	<=	1	<=	1	<=	0.5	INCORRECT
4351	29729180	1380-1-49	tetracycline	tetracycline	1280.26060	ERS2213409,SAMEA104602127	MATCHED	S	S	Susceptible	S	CORRECT	<=	2	<=	2	<=	1	INCORRECT
4354	29729180	1380-1-49	ciprofloxacin	ciprofloxacin	1280.26060	ERS2213409,SAMEA104602127	MATCHED	S	S	Susceptible	S	CORRECT	=	0.5	=	0.5	<=	0.5	INCORRECT
4355	29729180	1380-1-49	daptomycin	daptomycin	1280.26060	ERS2213409,SAMEA104602127	MATCHED	S	S	Susceptible	S	CORRECT	<=	0.5	<=	0.5	=	0.5	INCORRECT
4361	29729180	1384-51	oxacillin	oxacillin	1280.26061	ERS2213410,SAMEA104602128	MATCHED	S	S	Susceptible	S	CORRECT	<=	0.5	<=	0.5	=	0.5	INCORRECT
4365	29729180	1384-51	gentamicin	gentamicin	1280.26061	ERS2213410,SAMEA104602128	MATCHED	S	S	Susceptible	S	CORRECT	<=	1	<=	1	<=	0.5	INCORRECT
4367	29729180	1384-51	tetracycline	tetracycline	1280.26061	ERS2213410,SAMEA104602128	MATCHED	S	S	Susceptible	S	CORRECT	<=	2	<=	2	<=	1	INCORRECT
4368	29729180	1384-51	vancomycin	vancomycin	1280.26061	ERS2213410,SAMEA104602128	MATCHED	S	S	Susceptible	S	CORRECT	<	0.5	<	0.5	=	1	INCORRECT
4370	29729180	1384-51	ciprofloxacin	ciprofloxacin	1280.26061	ERS2213410,SAMEA104602128	MATCHED	S	S	Susceptible	S	CORRECT	=	0.5	=	0.5	<=	0.5	INCORRECT
4371	29729180	1384-51	daptomycin	daptomycin	1280.26061	ERS2213410,SAMEA104602128	MATCHED	S	S	Susceptible	S	CORRECT	<=	0.5	<=	0.5	=	0.5	INCORRECT
4372	29729180	1384-51	trimethoprim	trimethoprim	1280.26061	ERS2213410,SAMEA104602128	MATCHED	S	S	Susceptible	S	CORRECT	=	1	=	1	<	0.5	INCORRECT
4377	29729180	1401-52	oxacillin	oxacillin	1280.26062	ERS2213411,SAMEA104602129	MATCHED	S	S	Susceptible	S	CORRECT	<=	0.5	<=	0.5	=	0.5	INCORRECT
4381	29729180	1401-52	gentamicin	gentamicin	1280.26062	ERS2213411,SAMEA104602129	MATCHED	S	S	Susceptible	S	CORRECT	<=	1	<=	1	<=	0.5	INCORRECT
4383	29729180	1401-52	tetracycline	tetracycline	1280.26062	ERS2213411,SAMEA104602129	MATCHED	S	S	Susceptible	S	CORRECT	<=	2	<=	2	<=	1	INCORRECT
4384	29729180	1401-52	vancomycin	vancomycin	1280.26062	ERS2213411,SAMEA104602129	MATCHED	S	S	Susceptible	S	CORRECT	<	0.5	<	0.5	=	1	INCORRECT
4386	29729180	1401-52	ciprofloxacin	ciprofloxacin	1280.26062	ERS2213411,SAMEA104602129	MATCHED	S	S	Susceptible	S	CORRECT	=	0.25	=	0.25	<=	0.5	INCORRECT
4387	29729180	1401-52	daptomycin	daptomycin	1280.26062	ERS2213411,SAMEA104602129	MATCHED	S	S	Susceptible	S	CORRECT	<=	0.5	<=	0.5	=	0.25	INCORRECT
4388	29729180	1401-52	trimethoprim	trimethoprim	1280.26062	ERS2213411,SAMEA104602129	MATCHED	S	S	Susceptible	S	CORRECT	=	1	=	1	<	0.5	INCORRECT
4393	29729180	1403-53	oxacillin	oxacillin	1280.26063	ERS2213412,SAMEA104602130	MATCHED	S	S	Susceptible	S	CORRECT	<=	0.5	<=	0.5	=	0.5	INCORRECT
4397	29729180	1403-53	gentamicin	gentamicin	1280.26063	ERS2213412,SAMEA104602130	MATCHED	S	S	Susceptible	S	CORRECT	<=	1	<=	1	<=	0.5	INCORRECT
4399	29729180	1403-53	tetracycline	tetracycline	1280.26063	ERS2213412,SAMEA104602130	MATCHED	S	S	Susceptible	S	CORRECT	<=	2	<=	2	<=	1	INCORRECT
4402	29729180	1403-53	ciprofloxacin	ciprofloxacin	1280.26063	ERS2213412,SAMEA104602130	MATCHED	S	S	Susceptible	S	CORRECT	=	0.25	=	0.25	<=	0.5	INCORRECT
4403	29729180	1403-53	daptomycin	daptomycin	1280.26063	ERS2213412,SAMEA104602130	MATCHED	S	S	Susceptible	S	CORRECT	<=	0.5	<=	0.5	=	0.25	INCORRECT
4409	29729180	1419-54	oxacillin	oxacillin	1280.26065	ERS2213413,SAMEA104602131	MATCHED	S	S	Susceptible	S	CORRECT	<=	0.5	<=	0.5	<=	0.25	INCORRECT
4413	29729180	1419-54	gentamicin	gentamicin	1280.26065	ERS2213413,SAMEA104602131	MATCHED	S	S	Susceptible	S	CORRECT	<=	1	<=	1	<=	0.5	INCORRECT
4415	29729180	1419-54	tetracycline	tetracycline	1280.26065	ERS2213413,SAMEA104602131	MATCHED	S	S	Susceptible	S	CORRECT	<=	2	<=	2	<=	1	INCORRECT
4418	29729180	1419-54	ciprofloxacin	ciprofloxacin	1280.26065	ERS2213413,SAMEA104602131	MATCHED	S	S	Susceptible	S	CORRECT	=	0.25	=	0.25	<=	0.5	INCORRECT
4419	29729180	1419-54	daptomycin	daptomycin	1280.26065	ERS2213413,SAMEA104602131	MATCHED	S	S	Susceptible	S	CORRECT	<=	0.5	<=	0.5	=	0.25	INCORRECT
4425	29729180	1450-55	oxacillin	oxacillin	1280.26064	ERS2213414,SAMEA104602132	MATCHED	S	S	Susceptible	S	CORRECT	<=	0.5	<=	0.5	<=	0.25	INCORRECT
4429	29729180	1450-55	gentamicin	gentamicin	1280.26064	ERS2213414,SAMEA104602132	MATCHED	S	S	Susceptible	S	CORRECT	<=	1	<=	1	<=	0.5	INCORRECT
4431	29729180	1450-55	tetracycline	tetracycline	1280.26064	ERS2213414,SAMEA104602132	MATCHED	S	S	Susceptible	S	CORRECT	<=	2	<=	2	<=	1	INCORRECT
4432	29729180	1450-55	vancomycin	vancomycin	1280.26064	ERS2213414,SAMEA104602132	MATCHED	S	S	Susceptible	S	CORRECT	=	1	=	1	<=	0.5	INCORRECT
4434	29729180	1450-55	ciprofloxacin	ciprofloxacin	1280.26064	ERS2213414,SAMEA104602132	MATCHED	S	S	Susceptible	S	CORRECT	=	0.5	=	0.5	<=	0.5	INCORRECT
4435	29729180	1450-55	daptomycin	daptomycin	1280.26064	ERS2213414,SAMEA104602132	MATCHED	S	S	Susceptible	S	CORRECT	<=	0.5	<=	0.5	=	0.5	INCORRECT
4436	29729180	1450-55	trimethoprim	trimethoprim	1280.26064	ERS2213414,SAMEA104602132	MATCHED	S	S	Susceptible	S	CORRECT	<=	0.5	<=	0.5	=	1	INCORRECT
4441	29729180	1475-56	oxacillin	oxacillin	1280.26066	ERS2213415,SAMEA104602133	MATCHED	S	S	Susceptible	S	CORRECT	<=	0.5	<=	0.5	<=	0.25	INCORRECT
4445	29729180	1475-56	gentamicin	gentamicin	1280.26066	ERS2213415,SAMEA104602133	MATCHED	S	S	Susceptible	S	CORRECT	<=	1	<=	1	<=	0.5	INCORRECT
4447	29729180	1475-56	tetracycline	tetracycline	1280.26066	ERS2213415,SAMEA104602133	MATCHED	S	S	Susceptible	S	CORRECT	<=	2	<=	2	<=	1	INCORRECT
4450	29729180	1475-56	ciprofloxacin	ciprofloxacin	1280.26066	ERS2213415,SAMEA104602133	MATCHED	S	S	Susceptible	S	CORRECT	=	0.25	=	0.25	<=	0.5	INCORRECT
4451	29729180	1475-56	daptomycin	daptomycin	1280.26066	ERS2213415,SAMEA104602133	MATCHED	S	S	Susceptible	S	CORRECT	<=	0.5	<=	0.5	=	0.25	INCORRECT
4457	29729180	1480-58	oxacillin	oxacillin	1280.26067	ERS2213416,SAMEA104602134	MATCHED	S	S	Susceptible	S	CORRECT	<=	0.5	<=	0.5	<=	0.25	INCORRECT
4461	29729180	1480-58	gentamicin	gentamicin	1280.26067	ERS2213416,SAMEA104602134	MATCHED	S	S	Susceptible	S	CORRECT	<=	1	<=	1	<=	0.5	INCORRECT
4463	29729180	1480-58	tetracycline	tetracycline	1280.26067	ERS2213416,SAMEA104602134	MATCHED	S	S	Susceptible	S	CORRECT	<=	2	<=	2	<=	1	INCORRECT
4464	29729180	1480-58	vancomycin	vancomycin	1280.26067	ERS2213416,SAMEA104602134	MATCHED	S	S	Susceptible	S	CORRECT	<	0.5	<	0.5	=	1	INCORRECT
4466	29729180	1480-58	ciprofloxacin	ciprofloxacin	1280.26067	ERS2213416,SAMEA104602134	MATCHED	S	S	Susceptible	S	CORRECT	=	1	=	1	<=	0.5	INCORRECT
4467	29729180	1480-58	daptomycin	daptomycin	1280.26067	ERS2213416,SAMEA104602134	MATCHED	S	S	Susceptible	S	CORRECT	<=	0.5	<=	0.5	=	1	INCORRECT
4468	29729180	1480-58	trimethoprim	trimethoprim	1280.26067	ERS2213416,SAMEA104602134	MATCHED	S	S	Susceptible	S	CORRECT	=	1	=	1	<	0.5	INCORRECT
4473	29729180	1483-59	oxacillin	oxacillin	1280.26068	ERS2213417,SAMEA104602135	MATCHED	S	S	Susceptible	S	CORRECT	<=	0.5	<=	0.5	=	2	INCORRECT
4477	29729180	1483-59	gentamicin	gentamicin	1280.26068	ERS2213417,SAMEA104602135	MATCHED	S	S	Susceptible	S	CORRECT	<=	1	<=	1	<=	0.5	INCORRECT
4479	29729180	1483-59	tetracycline	tetracycline	1280.26068	ERS2213417,SAMEA104602135	MATCHED	S	S	Susceptible	S	CORRECT	<=	2	<=	2	<=	1	INCORRECT
4480	29729180	1483-59	vancomycin	vancomycin	1280.26068	ERS2213417,SAMEA104602135	MATCHED	S	S	Susceptible	S	CORRECT	<	0.5	<	0.5	=	1	INCORRECT
4482	29729180	1483-59	ciprofloxacin	ciprofloxacin	1280.26068	ERS2213417,SAMEA104602135	MATCHED	S	S	Susceptible	S	CORRECT	=	1	=	1	<=	0.5	INCORRECT
4483	29729180	1483-59	daptomycin	daptomycin	1280.26068	ERS2213417,SAMEA104602135	MATCHED	S	S	Susceptible	S	CORRECT	<=	0.5	<=	0.5	=	1	INCORRECT
4484	29729180	1483-59	trimethoprim	trimethoprim	1280.26068	ERS2213417,SAMEA104602135	MATCHED	S	S	Susceptible	S	CORRECT	=	1	=	1	<	0.5	INCORRECT
4489	29729180	1493-60	oxacillin	oxacillin	1280.26069	ERS2213418,SAMEA104602136	MATCHED	S	S	Susceptible	S	CORRECT	<=	0.5	<=	0.5	<=	0.25	INCORRECT
4493	29729180	1493-60	gentamicin	gentamicin	1280.26069	ERS2213418,SAMEA104602136	MATCHED	S	S	Susceptible	S	CORRECT	<=	1	<=	1	<=	0.5	INCORRECT
4495	29729180	1493-60	tetracycline	tetracycline	1280.26069	ERS2213418,SAMEA104602136	MATCHED	S	S	Susceptible	S	CORRECT	<=	2	<=	2	<=	1	INCORRECT
4496	29729180	1493-60	vancomycin	vancomycin	1280.26069	ERS2213418,SAMEA104602136	MATCHED	S	S	Susceptible	S	CORRECT	<	0.5	<	0.5	=	1	INCORRECT
4498	29729180	1493-60	ciprofloxacin	ciprofloxacin	1280.26069	ERS2213418,SAMEA104602136	MATCHED	S	S	Susceptible	S	CORRECT	=	0.5	=	0.5	<=	0.5	INCORRECT
4499	29729180	1493-60	daptomycin	daptomycin	1280.26069	ERS2213418,SAMEA104602136	MATCHED	S	S	Susceptible	S	CORRECT	<=	0.5	<=	0.5	=	0.5	INCORRECT
4500	29729180	1493-60	trimethoprim	trimethoprim	1280.26069	ERS2213418,SAMEA104602136	MATCHED	S	S	Susceptible	S	CORRECT	=	1	=	1	<	0.5	INCORRECT
4505	29729180	1541-61	oxacillin	oxacillin	1280.26070	ERS2213419,SAMEA104602137	MATCHED	S	S	Resistant	R	INCORRECT	<=	0.5	<=	0.5	>=	4	INCORRECT
4509	29729180	1541-61	gentamicin	gentamicin	1280.26070	ERS2213419,SAMEA104602137	MATCHED	S	S	Susceptible	S	CORRECT	<=	1	<=	1	<=	0.5	INCORRECT
4511	29729180	1541-61	tetracycline	tetracycline	1280.26070	ERS2213419,SAMEA104602137	MATCHED	S	S	Susceptible	S	CORRECT	<=	2	<=	2	<=	1	INCORRECT
4514	29729180	1541-61	ciprofloxacin	ciprofloxacin	1280.26070	ERS2213419,SAMEA104602137	MATCHED	S	S	Susceptible	S	CORRECT	=	0.25	=	0.25	<=	0.5	INCORRECT
4515	29729180	1541-61	daptomycin	daptomycin	1280.26070	ERS2213419,SAMEA104602137	MATCHED	S	S	Susceptible	S	CORRECT	<=	0.5	<=	0.5	=	0.25	INCORRECT
9951	35756053	1D-268	gentamicin	gentamicin	1280.51614	ERS4416052	MATCHED					NOT_APPLICABLE	<=	4	<=	4	<=	0.25	INCORRECT
9953	35756053	1D-268	cefoxitin	cefoxitin	1280.51614	ERS4416052	MATCHED					NOT_APPLICABLE	<=	0.25	<=	0.25	=	4	INCORRECT
9960	35756053	1D-269	gentamicin	gentamicin	1280.51613	ERS4416053	MATCHED					NOT_APPLICABLE	<=	4	<=	4	=	0.5	INCORRECT
9962	35756053	1D-269	cefoxitin	cefoxitin	1280.51613	ERS4416053	MATCHED					NOT_APPLICABLE	<=	0.25	<=	0.25	=	2	INCORRECT
9978	35756053	1D-271	gentamicin	gentamicin	1280.51612	ERS4416055	MATCHED					NOT_APPLICABLE	<=	4	<=	4	<=	0.25	INCORRECT
9980	35756053	1D-271	cefoxitin	cefoxitin	1280.51612	ERS4416055	MATCHED					NOT_APPLICABLE	<=	0.25	<=	0.25	=	2	INCORRECT
9996	35756053	1D-273	gentamicin	gentamicin	1280.51615	ERS4416057	MATCHED					NOT_APPLICABLE	<=	4	<=	4	<=	0.25	INCORRECT
9998	35756053	1D-273	cefoxitin	cefoxitin	1280.51615	ERS4416057	MATCHED					NOT_APPLICABLE	<=	0.25	<=	0.25	=	2	INCORRECT
10014	35756053	1D-275	gentamicin	gentamicin	1280.51616	ERS4416059	MATCHED					NOT_APPLICABLE	<=	4	<=	4	=	0.5	INCORRECT
10016	35756053	1D-275	cefoxitin	cefoxitin	1280.51616	ERS4416059	MATCHED					NOT_APPLICABLE	=	0.5	=	0.5	=	4	INCORRECT
10018	35756053	1D-275	tobramycin	tobramycin	1280.51616	ERS4416059	MATCHED					NOT_APPLICABLE	<=	0.25	<=	0.25	=	0.5	INCORRECT
10059	35756053	1D-280	gentamicin	gentamicin	1280.51611	ERS4416064	MATCHED					NOT_APPLICABLE	<=	4	<=	4	<=	0.25	INCORRECT
10061	35756053	1D-280	cefoxitin	cefoxitin	1280.51611	ERS4416064	MATCHED					NOT_APPLICABLE	<=	0.25	<=	0.25	=	2	INCORRECT
10068	35756053	1D-281	gentamicin	gentamicin	1280.51610	ERS4416065	MATCHED					NOT_APPLICABLE	=	16	=	16	<=	0.25	INCORRECT
10070	35756053	1D-281	cefoxitin	cefoxitin	1280.51610	ERS4416065	MATCHED					NOT_APPLICABLE	<=	0.25	<=	0.25	=	2	INCORRECT
10086	35756053	1D-283	gentamicin	gentamicin	1280.51620	ERS4416067	MATCHED					NOT_APPLICABLE	<=	4	<=	4	<=	0.25	INCORRECT
10088	35756053	1D-283	cefoxitin	cefoxitin	1280.51620	ERS4416067	MATCHED					NOT_APPLICABLE	<=	0.25	<=	0.25	=	2	INCORRECT
10104	35756053	1D-285	gentamicin	gentamicin	1280.51621	ERS4416069	MATCHED					NOT_APPLICABLE	<=	4	<=	4	<=	0.25	INCORRECT
10106	35756053	1D-285	cefoxitin	cefoxitin	1280.51621	ERS4416069	MATCHED					NOT_APPLICABLE	<=	0.25	<=	0.25	=	2	INCORRECT
10131	35756053	1D-288	gentamicin	gentamicin	1280.51623	ERS4416072	MATCHED					NOT_APPLICABLE	<=	4	<=	4	<=	0.25	INCORRECT
10133	35756053	1D-288	cefoxitin	cefoxitin	1280.51623	ERS4416072	MATCHED					NOT_APPLICABLE	<=	0.25	<=	0.25	=	4	INCORRECT
10167	35756053	1D-292	gentamicin	gentamicin	1280.51619	ERS4416076	MATCHED					NOT_APPLICABLE	<=	4	<=	4	<=	0.25	INCORRECT
10169	35756053	1D-292	cefoxitin	cefoxitin	1280.51619	ERS4416076	MATCHED					NOT_APPLICABLE	<=	0.25	<=	0.25	=	4	INCORRECT
10266	35756053	1D-303	gentamicin	gentamicin	1280.51622	ERS4416087	MATCHED					NOT_APPLICABLE	<=	4	<=	4	<=	0.25	INCORRECT
10268	35756053	1D-303	cefoxitin	cefoxitin	1280.51622	ERS4416087	MATCHED					NOT_APPLICABLE	<=	0.25	<=	0.25	=	2	INCORRECT
10320	35756053	1D-310	gentamicin	gentamicin	1280.51618	ERS4416094	MATCHED					NOT_APPLICABLE	<=	4	<=	4	=	0.5	INCORRECT
10322	35756053	1D-310	cefoxitin	cefoxitin	1280.51618	ERS4416094	MATCHED					NOT_APPLICABLE	=	0.5	=	0.5	=	4	INCORRECT
10324	35756053	1D-310	tobramycin	tobramycin	1280.51618	ERS4416094	MATCHED					NOT_APPLICABLE	<=	0.25	<=	0.25	=	0.5	INCORRECT
10347	35756053	1D-313	gentamicin	gentamicin	1280.51617	ERS4416097	MATCHED					NOT_APPLICABLE	<=	4	<=	4	<=	0.25	INCORRECT
10349	35756053	1D-313	cefoxitin	cefoxitin	1280.51617	ERS4416097	MATCHED					NOT_APPLICABLE	<=	0.25	<=	0.25	=	2	INCORRECT
10383	35756053	1D-318	gentamicin	gentamicin	1280.51624	ERS4416102	MATCHED					NOT_APPLICABLE	<=	4	<=	4	<=	0.25	INCORRECT
10385	35756053	1D-318	cefoxitin	cefoxitin	1280.51624	ERS4416102	MATCHED					NOT_APPLICABLE	<=	0.25	<=	0.25	=	2	INCORRECT
10392	35756053	1D-319	gentamicin	gentamicin	1280.51633	ERS4416103	MATCHED					NOT_APPLICABLE	<=	4	<=	4	<=	0.25	INCORRECT
10394	35756053	1D-319	cefoxitin	cefoxitin	1280.51633	ERS4416103	MATCHED					NOT_APPLICABLE	>	8	>	8	=	4	INCORRECT
10396	35756053	1D-319	tobramycin	tobramycin	1280.51633	ERS4416103	MATCHED					NOT_APPLICABLE	<=	0.25	<=	0.25	>	8	INCORRECT
10401	35756053	1D-320	gentamicin	gentamicin	1280.51631	ERS4416104	MATCHED					NOT_APPLICABLE	<=	4	<=	4	<=	0.25	INCORRECT
10403	35756053	1D-320	cefoxitin	cefoxitin	1280.51631	ERS4416104	MATCHED					NOT_APPLICABLE	<=	0.25	<=	0.25	=	2	INCORRECT
10410	35756053	1D-321	gentamicin	gentamicin	1280.51634	ERS4416105	MATCHED					NOT_APPLICABLE	=	8	=	8	=	0.5	INCORRECT
10412	35756053	1D-321	cefoxitin	cefoxitin	1280.51634	ERS4416105	MATCHED					NOT_APPLICABLE	=	0.5	=	0.5	=	2	INCORRECT
10414	35756053	1D-321	tobramycin	tobramycin	1280.51634	ERS4416105	MATCHED					NOT_APPLICABLE	<=	0.25	<=	0.25	=	0.5	INCORRECT
10419	35756053	1D-322	gentamicin	gentamicin	1280.51658	ERS4416106	MATCHED					NOT_APPLICABLE	<=	4	<=	4	<=	0.25	INCORRECT
10421	35756053	1D-322	cefoxitin	cefoxitin	1280.51658	ERS4416106	MATCHED					NOT_APPLICABLE	<=	0.25	<=	0.25	=	2	INCORRECT
10428	35756053	1D-323	gentamicin	gentamicin	1280.51637	ERS4416107	MATCHED					NOT_APPLICABLE	<=	4	<=	4	<=	0.25	INCORRECT
10430	35756053	1D-323	cefoxitin	cefoxitin	1280.51637	ERS4416107	MATCHED					NOT_APPLICABLE	<=	0.25	<=	0.25	=	2	INCORRECT
10437	35756053	1D-324	gentamicin	gentamicin	1280.51638	ERS4416108	MATCHED					NOT_APPLICABLE	<=	4	<=	4	<=	0.25	INCORRECT
10439	35756053	1D-324	cefoxitin	cefoxitin	1280.51638	ERS4416108	MATCHED					NOT_APPLICABLE	<=	0.25	<=	0.25	=	4	INCORRECT
10446	35756053	1D-325	gentamicin	gentamicin	1280.51636	ERS4416109	MATCHED					NOT_APPLICABLE	<=	4	<=	4	<=	0.25	INCORRECT
10448	35756053	1D-325	cefoxitin	cefoxitin	1280.51636	ERS4416109	MATCHED					NOT_APPLICABLE	<=	0.25	<=	0.25	=	2	INCORRECT
10455	35756053	1D-326	gentamicin	gentamicin	1280.51641	ERS4416110	MATCHED					NOT_APPLICABLE	<=	4	<=	4	<=	0.25	INCORRECT
10457	35756053	1D-326	cefoxitin	cefoxitin	1280.51641	ERS4416110	MATCHED					NOT_APPLICABLE	<=	0.25	<=	0.25	=	2	INCORRECT
10464	35756053	1D-327	gentamicin	gentamicin	1280.51661	ERS4416111	MATCHED					NOT_APPLICABLE	<=	4	<=	4	<=	0.25	INCORRECT
10466	35756053	1D-327	cefoxitin	cefoxitin	1280.51661	ERS4416111	MATCHED					NOT_APPLICABLE	=	0.5	=	0.5	=	2	INCORRECT
10468	35756053	1D-327	tobramycin	tobramycin	1280.51661	ERS4416111	MATCHED					NOT_APPLICABLE	<=	0.25	<=	0.25	=	0.5	INCORRECT
10473	35756053	1D-328	gentamicin	gentamicin	1280.51659	ERS4416112	MATCHED					NOT_APPLICABLE	<=	4	<=	4	<=	0.25	INCORRECT
10475	35756053	1D-328	cefoxitin	cefoxitin	1280.51659	ERS4416112	MATCHED					NOT_APPLICABLE	<=	0.25	<=	0.25	=	2	INCORRECT
10482	35756053	1D-329	gentamicin	gentamicin	1280.51660	ERS4416113	MATCHED					NOT_APPLICABLE	<=	4	<=	4	<=	0.25	INCORRECT
10484	35756053	1D-329	cefoxitin	cefoxitin	1280.51660	ERS4416113	MATCHED					NOT_APPLICABLE	<=	0.25	<=	0.25	=	2	INCORRECT
10491	35756053	1D-330	gentamicin	gentamicin	1280.51635	ERS4416114	MATCHED					NOT_APPLICABLE	<=	4	<=	4	<=	0.25	INCORRECT
10493	35756053	1D-330	cefoxitin	cefoxitin	1280.51635	ERS4416114	MATCHED					NOT_APPLICABLE	<=	0.25	<=	0.25	=	2	INCORRECT
10500	35756053	1D-331	gentamicin	gentamicin	1280.51632	ERS4416115	MATCHED					NOT_APPLICABLE	<=	4	<=	4	<=	0.25	INCORRECT
10502	35756053	1D-331	cefoxitin	cefoxitin	1280.51632	ERS4416115	MATCHED					NOT_APPLICABLE	<=	0.25	<=	0.25	>	8	INCORRECT
10509	35756053	1D-332	gentamicin	gentamicin	1280.51629	ERS4416116	MATCHED					NOT_APPLICABLE	=	16	=	16	<=	0.25	INCORRECT
10511	35756053	1D-332	cefoxitin	cefoxitin	1280.51629	ERS4416116	MATCHED					NOT_APPLICABLE	<=	0.25	<=	0.25	=	2	INCORRECT
10513	35756053	1D-332	tobramycin	tobramycin	1280.51629	ERS4416116	MATCHED					NOT_APPLICABLE	=	0.5	=	0.5	<=	0.25	INCORRECT
10518	35756053	1D-333	gentamicin	gentamicin	1280.51630	ERS4416117	MATCHED					NOT_APPLICABLE	<=	4	<=	4	<=	0.25	INCORRECT
10520	35756053	1D-333	cefoxitin	cefoxitin	1280.51630	ERS4416117	MATCHED					NOT_APPLICABLE	<=	0.25	<=	0.25	=	2	INCORRECT
10527	35756053	1D-334	gentamicin	gentamicin	1280.51657	ERS4416118	MATCHED					NOT_APPLICABLE	<=	4	<=	4	=	0.5	INCORRECT
10529	35756053	1D-334	cefoxitin	cefoxitin	1280.51657	ERS4416118	MATCHED					NOT_APPLICABLE	<=	0.25	<=	0.25	=	2	INCORRECT
10536	35756053	1D-335	gentamicin	gentamicin	1280.51656	ERS4416119	MATCHED					NOT_APPLICABLE	<=	4	<=	4	<=	0.25	INCORRECT
10538	35756053	1D-335	cefoxitin	cefoxitin	1280.51656	ERS4416119	MATCHED					NOT_APPLICABLE	<=	0.25	<=	0.25	=	2	INCORRECT
10545	35756053	1D-336	gentamicin	gentamicin	1280.51628	ERS4416120	MATCHED					NOT_APPLICABLE	<=	4	<=	4	<=	0.25	INCORRECT
10547	35756053	1D-336	cefoxitin	cefoxitin	1280.51628	ERS4416120	MATCHED					NOT_APPLICABLE	<=	0.25	<=	0.25	=	4	INCORRECT
10554	35756053	1D-337	gentamicin	gentamicin	1280.51626	ERS4416121	MATCHED					NOT_APPLICABLE	<=	4	<=	4	<=	0.25	INCORRECT
10556	35756053	1D-337	cefoxitin	cefoxitin	1280.51626	ERS4416121	MATCHED					NOT_APPLICABLE	<=	0.25	<=	0.25	=	4	INCORRECT
10563	35756053	1D-338	gentamicin	gentamicin	1280.51627	ERS4416122	MATCHED					NOT_APPLICABLE	<=	4	<=	4	=	0.5	INCORRECT
10565	35756053	1D-338	cefoxitin	cefoxitin	1280.51627	ERS4416122	MATCHED					NOT_APPLICABLE	<=	0.25	<=	0.25	=	2	INCORRECT
10572	35756053	1D-339	gentamicin	gentamicin	1280.51640	ERS4416123	MATCHED					NOT_APPLICABLE	<=	4	<=	4	<=	0.25	INCORRECT
10574	35756053	1D-339	cefoxitin	cefoxitin	1280.51640	ERS4416123	MATCHED					NOT_APPLICABLE	<=	0.25	<=	0.25	=	4	INCORRECT
10581	35756053	1D-340	gentamicin	gentamicin	1280.51639	ERS4416124	MATCHED					NOT_APPLICABLE	<=	4	<=	4	<=	0.25	INCORRECT
10583	35756053	1D-340	cefoxitin	cefoxitin	1280.51639	ERS4416124	MATCHED					NOT_APPLICABLE	<=	0.25	<=	0.25	=	2	INCORRECT
10590	35756053	1D-341	gentamicin	gentamicin	1280.51644	ERS4416125	MATCHED					NOT_APPLICABLE	<=	4	<=	4	<=	0.25	INCORRECT
10592	35756053	1D-341	cefoxitin	cefoxitin	1280.51644	ERS4416125	MATCHED					NOT_APPLICABLE	<=	0.25	<=	0.25	=	2	INCORRECT
10599	35756053	1D-342	gentamicin	gentamicin	1280.51642	ERS4416126	MATCHED					NOT_APPLICABLE	<=	4	<=	4	<=	0.25	INCORRECT
10601	35756053	1D-342	cefoxitin	cefoxitin	1280.51642	ERS4416126	MATCHED					NOT_APPLICABLE	<=	0.25	<=	0.25	=	2	INCORRECT
10608	35756053	1D-343	gentamicin	gentamicin	1280.51643	ERS4416127	MATCHED					NOT_APPLICABLE	<=	4	<=	4	<=	0.25	INCORRECT
10610	35756053	1D-343	cefoxitin	cefoxitin	1280.51643	ERS4416127	MATCHED					NOT_APPLICABLE	<=	0.25	<=	0.25	=	4	INCORRECT
10617	35756053	1D-344	gentamicin	gentamicin	1280.51649	ERS4416128	MATCHED					NOT_APPLICABLE	<=	4	<=	4	=	1	INCORRECT
10619	35756053	1D-344	cefoxitin	cefoxitin	1280.51649	ERS4416128	MATCHED					NOT_APPLICABLE	<=	0.25	<=	0.25	=	4	INCORRECT
10626	35756053	1D-345	gentamicin	gentamicin	1280.51650	ERS4416129	MATCHED					NOT_APPLICABLE	<=	4	<=	4	=	0.5	INCORRECT
10628	35756053	1D-345	cefoxitin	cefoxitin	1280.51650	ERS4416129	MATCHED					NOT_APPLICABLE	<=	0.25	<=	0.25	=	2	INCORRECT
10635	35756053	1D-346	gentamicin	gentamicin	1280.51648	ERS4416130	MATCHED					NOT_APPLICABLE	<=	4	<=	4	<=	0.25	INCORRECT
10637	35756053	1D-346	cefoxitin	cefoxitin	1280.51648	ERS4416130	MATCHED					NOT_APPLICABLE	<=	0.25	<=	0.25	=	4	INCORRECT
10644	35756053	1D-347	gentamicin	gentamicin	1280.51645	ERS4416131	MATCHED					NOT_APPLICABLE	<=	4	<=	4	<=	0.25	INCORRECT
10646	35756053	1D-347	cefoxitin	cefoxitin	1280.51645	ERS4416131	MATCHED					NOT_APPLICABLE	<=	0.25	<=	0.25	=	4	INCORRECT
10653	35756053	1D-348	gentamicin	gentamicin	1280.51663	ERS4416132	MATCHED					NOT_APPLICABLE	<=	4	<=	4	=	0.5	INCORRECT
10655	35756053	1D-348	cefoxitin	cefoxitin	1280.51663	ERS4416132	MATCHED					NOT_APPLICABLE	<=	0.25	<=	0.25	=	4	INCORRECT
10662	35756053	1D-349	gentamicin	gentamicin	1280.51662	ERS4416133	MATCHED					NOT_APPLICABLE	<=	4	<=	4	=	0.5	INCORRECT
10664	35756053	1D-349	cefoxitin	cefoxitin	1280.51662	ERS4416133	MATCHED					NOT_APPLICABLE	=	0.5	=	0.5	=	4	INCORRECT
10666	35756053	1D-349	tobramycin	tobramycin	1280.51662	ERS4416133	MATCHED					NOT_APPLICABLE	<=	0.25	<=	0.25	=	0.5	INCORRECT
10671	35756053	1D-350	gentamicin	gentamicin	1280.51664	ERS4416134	MATCHED					NOT_APPLICABLE	<=	4	<=	4	<=	0.25	INCORRECT
10673	35756053	1D-350	cefoxitin	cefoxitin	1280.51664	ERS4416134	MATCHED					NOT_APPLICABLE	<=	0.25	<=	0.25	=	4	INCORRECT
10680	35756053	1D-351	gentamicin	gentamicin	1280.51653	ERS4416135	MATCHED					NOT_APPLICABLE	<=	4	<=	4	<=	0.25	INCORRECT
10682	35756053	1D-351	cefoxitin	cefoxitin	1280.51653	ERS4416135	MATCHED					NOT_APPLICABLE	<=	0.25	<=	0.25	=	4	INCORRECT
10689	35756053	1D-352	gentamicin	gentamicin	1280.51651	ERS4416136	MATCHED					NOT_APPLICABLE	<=	4	<=	4	<=	0.25	INCORRECT
10691	35756053	1D-352	cefoxitin	cefoxitin	1280.51651	ERS4416136	MATCHED					NOT_APPLICABLE	<=	0.25	<=	0.25	=	2	INCORRECT
10698	35756053	1D-353	gentamicin	gentamicin	1280.51646	ERS4416137	MATCHED					NOT_APPLICABLE	<=	4	<=	4	=	0.5	INCORRECT
10700	35756053	1D-353	cefoxitin	cefoxitin	1280.51646	ERS4416137	MATCHED					NOT_APPLICABLE	=	0.5	=	0.5	=	4	INCORRECT
10702	35756053	1D-353	tobramycin	tobramycin	1280.51646	ERS4416137	MATCHED					NOT_APPLICABLE	<=	0.25	<=	0.25	=	0.5	INCORRECT
10707	35756053	1D-354	gentamicin	gentamicin	1280.51647	ERS4416138	MATCHED					NOT_APPLICABLE	<=	4	<=	4	<=	0.25	INCORRECT
10709	35756053	1D-354	cefoxitin	cefoxitin	1280.51647	ERS4416138	MATCHED					NOT_APPLICABLE	<=	0.25	<=	0.25	=	2	INCORRECT
10716	35756053	1D-424	gentamicin	gentamicin	1280.51654	ERS4416207	MATCHED					NOT_APPLICABLE	<=	4	<=	4	<=	0.25	INCORRECT
10718	35756053	1D-424	cefoxitin	cefoxitin	1280.51654	ERS4416207	MATCHED					NOT_APPLICABLE	<=	0.25	<=	0.25	=	4	INCORRECT
10725	35756053	1D-425	gentamicin	gentamicin	1280.51655	ERS4416208	MATCHED					NOT_APPLICABLE	<=	4	<=	4	<=	0.25	INCORRECT
10727	35756053	1D-425	cefoxitin	cefoxitin	1280.51655	ERS4416208	MATCHED					NOT_APPLICABLE	<=	0.25	<=	0.25	=	2	INCORRECT
10734	35756053	1D-373	gentamicin	gentamicin	1280.51652	ERS4416157	MATCHED					NOT_APPLICABLE	<=	4	<=	4	<=	0.25	INCORRECT
10736	35756053	1D-373	cefoxitin	cefoxitin	1280.51652	ERS4416157	MATCHED					NOT_APPLICABLE	<=	0.25	<=	0.25	=	4	INCORRECT
10743	35756053	1D-304	gentamicin	gentamicin	985002.485	ERS4416088	MATCHED					NOT_APPLICABLE	<=	4	<=	4	<=	0.25	INCORRECT
10745	35756053	1D-304	cefoxitin	cefoxitin	985002.485	ERS4416088	MATCHED					NOT_APPLICABLE	<=	0.25	<=	0.25	=	2	INCORRECT
10752	35756053	1D-355	gentamicin	gentamicin	1282.6561	ERS4416139	MATCHED					NOT_APPLICABLE	>	16	>	16	>	8	INCORRECT
10754	35756053	1D-355	cefoxitin	cefoxitin	1282.6561	ERS4416139	MATCHED					NOT_APPLICABLE	=	8	=	8	=	4	INCORRECT
10756	35756053	1D-355	tobramycin	tobramycin	1282.6561	ERS4416139	MATCHED					NOT_APPLICABLE	=	1	=	1	=	8	INCORRECT
10761	35756053	1D-356	gentamicin	gentamicin	1282.6567	ERS4416140	MATCHED					NOT_APPLICABLE	<=	4	<=	4	<=	0.25	INCORRECT
10763	35756053	1D-356	cefoxitin	cefoxitin	1282.6567	ERS4416140	MATCHED					NOT_APPLICABLE	<=	0.25	<=	0.25	=	1	INCORRECT
10770	35756053	1D-358	gentamicin	gentamicin	1282.6568	ERS4416142	MATCHED					NOT_APPLICABLE	<=	4	<=	4	<=	0.25	INCORRECT
10772	35756053	1D-358	cefoxitin	cefoxitin	1282.6568	ERS4416142	MATCHED					NOT_APPLICABLE	<=	0.25	<=	0.25	=	1	INCORRECT
10779	35756053	1D-359	gentamicin	gentamicin	1282.6562	ERS4416143	MATCHED					NOT_APPLICABLE	<=	4	<=	4	<=	0.25	INCORRECT
10781	35756053	1D-359	cefoxitin	cefoxitin	1282.6562	ERS4416143	MATCHED					NOT_APPLICABLE	<=	0.25	<=	0.25	=	2	INCORRECT
10788	35756053	1D-360	gentamicin	gentamicin	1282.6565	ERS4416144	MATCHED					NOT_APPLICABLE	>	16	>	16	>	8	INCORRECT
10792	35756053	1D-360	tobramycin	tobramycin	1282.6565	ERS4416144	MATCHED					NOT_APPLICABLE	>	2	>	2	>	8	INCORRECT
10797	35756053	1D-361	gentamicin	gentamicin	1282.6563	ERS4416145	MATCHED					NOT_APPLICABLE	<=	4	<=	4	=	1	INCORRECT
10799	35756053	1D-361	cefoxitin	cefoxitin	1282.6563	ERS4416145	MATCHED					NOT_APPLICABLE	=	0.5	=	0.5	>	8	INCORRECT
10801	35756053	1D-361	tobramycin	tobramycin	1282.6563	ERS4416145	MATCHED					NOT_APPLICABLE	=	1	=	1	=	0.5	INCORRECT
10806	35756053	1D-362	gentamicin	gentamicin	1282.6566	ERS4416146	MATCHED					NOT_APPLICABLE	=	16	=	16	>	8	INCORRECT
10810	35756053	1D-362	tobramycin	tobramycin	1282.6566	ERS4416146	MATCHED					NOT_APPLICABLE	=	1	=	1	=	8	INCORRECT
10815	35756053	1D-363	gentamicin	gentamicin	1282.6564	ERS4416147	MATCHED					NOT_APPLICABLE	>	16	>	16	>	8	INCORRECT
10817	35756053	1D-363	cefoxitin	cefoxitin	1282.6564	ERS4416147	MATCHED					NOT_APPLICABLE	=	8	=	8	>	8	INCORRECT
10819	35756053	1D-363	tobramycin	tobramycin	1282.6564	ERS4416147	MATCHED					NOT_APPLICABLE	>	2	>	2	=	8	INCORRECT
10824	35756053	1D-364	gentamicin	gentamicin	1290.602	ERS4416148	MATCHED					NOT_APPLICABLE	<=	4	<=	4	<=	0.25	INCORRECT
10826	35756053	1D-364	cefoxitin	cefoxitin	1290.602	ERS4416148	MATCHED					NOT_APPLICABLE	<=	0.25	<=	0.25	=	4	INCORRECT
10833	35756053	1D-365	gentamicin	gentamicin	29385.538	ERS4416149	MATCHED					NOT_APPLICABLE	<=	4	<=	4	<=	0.25	INCORRECT
10835	35756053	1D-365	cefoxitin	cefoxitin	29385.538	ERS4416149	MATCHED					NOT_APPLICABLE	<=	0.25	<=	0.25	=	2	INCORRECT
10842	35756053	1D-366	gentamicin	gentamicin	28035.369	ERS4416150	MATCHED					NOT_APPLICABLE	<=	4	<=	4	<=	0.25	INCORRECT
10844	35756053	1D-366	cefoxitin	cefoxitin	28035.369	ERS4416150	MATCHED					NOT_APPLICABLE	<=	0.25	<=	0.25	=	2	INCORRECT
10851	35756053	1D-367	gentamicin	gentamicin	28035.371	ERS4416151	MATCHED					NOT_APPLICABLE	<=	4	<=	4	<=	0.25	INCORRECT
10853	35756053	1D-367	cefoxitin	cefoxitin	28035.371	ERS4416151	MATCHED					NOT_APPLICABLE	<=	0.25	<=	0.25	=	2	INCORRECT
10860	35756053	1D-368	gentamicin	gentamicin	28035.370	ERS4416152	MATCHED					NOT_APPLICABLE	<=	4	<=	4	<=	0.25	INCORRECT
10862	35756053	1D-368	cefoxitin	cefoxitin	28035.370	ERS4416152	MATCHED					NOT_APPLICABLE	<=	0.25	<=	0.25	=	2	INCORRECT
