genome_id
985002.485
985002.485
985002.485
985002.485
985002.485
985002.485
985002.485
985002.485
985002.485
985002.485
985002.485
985002.485
985002.485
985002.485
985002.485
985002.485
985002.485
985002.485
985002.485
985002.100
985002.100
985002.100
985002.100
985002.100
985002.100
985002.100
985002.100
985002.100
985002.100
985002.145
985002.145
985002.145
985002.145
985002.145
985002.145
985002.145
985002.145
985002.145
985002.145
985002.143
985002.143
985002.143
985002.143
985002.143
985002.143
985002.143
985002.143
985002.143
985002.143
985002.144
985002.144
985002.144
985002.144
985002.144
985002.144
985002.144
985002.144
985002.144
985002.144
985002.142
985002.142
985002.142
985002.142
985002.142
985002.142
985002.142
985002.142
985002.142
985002.142
985002.99
985002.99
985002.99
985002.99
985002.99
985002.99
985002.99
985002.99
985002.99
985002.99
985002.98
985002.98
985002.98
985002.98
985002.98
985002.98
985002.98
985002.98
985002.98
985002.98
985002.97
985002.97
985002.97
985002.97
985002.97
985002.97
985002.97
985002.97
985002.97
985002.97
985002.153
985002.153
985002.153
985002.153
985002.153
985002.153
985002.153
985002.153
985002.153
985002.153
985002.141
985002.141
985002.141
985002.141
985002.141
985002.141
985002.141
985002.141
985002.141
985002.141
985002.140
985002.140
985002.140
985002.140
985002.140
985002.140
985002.140
985002.140
985002.140
985002.140
985002.96
985002.96
985002.96
985002.96
985002.96
985002.96
985002.96
985002.96
985002.96
985002.96
985002.139
985002.139
985002.139
985002.139
985002.139
985002.139
985002.139
985002.139
985002.139
985002.139
985002.95
985002.95
985002.95
985002.95
985002.95
985002.95
985002.95
985002.95
985002.95
985002.95
985002.138
985002.138
985002.138
985002.138
985002.138
985002.138
985002.138
985002.138
985002.138
985002.138
985002.94
985002.94
985002.94
985002.94
985002.94
985002.94
985002.94
985002.94
985002.94
985002.94
985002.137
985002.137
985002.137
985002.137
985002.137
985002.137
985002.137
985002.137
985002.137
985002.137
985002.136
985002.136
985002.136
985002.136
985002.136
985002.136
985002.136
985002.136
985002.136
985002.136
985002.154
985002.154
985002.154
985002.154
985002.154
985002.154
985002.154
985002.154
985002.154
985002.154
985002.135
985002.135
985002.135
985002.135
985002.135
985002.135
985002.135
985002.135
985002.135
985002.135
985002.93
985002.93
985002.93
985002.93
985002.93
985002.93
985002.93
985002.93
985002.93
985002.93
985002.134
985002.134
985002.134
985002.134
985002.134
985002.134
985002.134
985002.134
985002.134
985002.134
985002.133
985002.133
985002.133
985002.133
985002.133
985002.133
985002.133
985002.133
985002.133
985002.133
985002.92
985002.92
985002.92
985002.92
985002.92
985002.92
985002.92
985002.92
985002.92
985002.92
985002.91
985002.91
985002.91
985002.91
985002.91
985002.91
985002.91
985002.91
985002.91
985002.91
985002.132
985002.132
985002.132
985002.132
985002.132
985002.132
985002.132
985002.132
985002.132
985002.132
985002.90
985002.90
985002.90
985002.90
985002.90
985002.90
985002.90
985002.90
985002.90
985002.90
985002.89
985002.89
985002.89
985002.89
985002.89
985002.89
985002.89
985002.89
985002.89
985002.89
985002.131
985002.131
985002.131
985002.131
985002.131
985002.131
985002.131
985002.131
985002.131
985002.131
985002.88
985002.88
985002.88
985002.88
985002.88
985002.88
985002.88
985002.88
985002.88
985002.88
985002.87
985002.87
985002.87
985002.87
985002.87
985002.87
985002.87
985002.87
985002.87
985002.87
985002.129
985002.129
985002.129
985002.129
985002.129
985002.129
985002.129
985002.129
985002.129
985002.129
985002.128
985002.128
985002.128
985002.128
985002.128
985002.128
985002.128
985002.128
985002.128
985002.128
985002.127
985002.127
985002.127
985002.127
985002.127
985002.127
985002.127
985002.127
985002.127
985002.127
985002.126
985002.126
985002.126
985002.126
985002.126
985002.126
985002.126
985002.126
985002.126
985002.126
985002.125
985002.125
985002.125
985002.125
985002.125
985002.125
985002.125
985002.125
985002.125
985002.125
985002.124
985002.124
985002.124
985002.124
985002.124
985002.124
985002.124
985002.124
985002.124
985002.124
985002.123
985002.123
985002.123
985002.123
985002.123
985002.123
985002.123
985002.123
985002.123
985002.123
985002.122
985002.122
985002.122
985002.122
985002.122
985002.122
985002.122
985002.122
985002.122
985002.122
985002.86
985002.86
985002.86
985002.86
985002.86
985002.86
985002.86
985002.86
985002.86
985002.86
985002.85
985002.85
985002.85
985002.85
985002.85
985002.85
985002.85
985002.85
985002.85
985002.85
985002.121
985002.121
985002.121
985002.121
985002.121
985002.121
985002.121
985002.121
985002.121
985002.121
985002.119
985002.119
985002.119
985002.119
985002.119
985002.119
985002.119
985002.119
985002.119
985002.119
985002.118
985002.118
985002.118
985002.118
985002.118
985002.118
985002.118
985002.118
985002.118
985002.118
985002.120
985002.120
985002.120
985002.120
985002.120
985002.120
985002.120
985002.120
985002.120
985002.120
985002.117
985002.117
985002.117
985002.117
985002.117
985002.117
985002.117
985002.117
985002.117
985002.117
985002.155
985002.155
985002.155
985002.155
985002.155
985002.155
985002.155
985002.155
985002.155
985002.155
985002.116
985002.116
985002.116
985002.116
985002.116
985002.116
985002.116
985002.116
985002.116
985002.116
985002.84
985002.84
985002.84
985002.84
985002.84
985002.84
985002.84
985002.84
985002.84
985002.84
985002.83
985002.83
985002.83
985002.83
985002.83
985002.83
985002.83
985002.83
985002.83
985002.83
985002.82
985002.82
985002.82
985002.82
985002.82
985002.82
985002.82
985002.82
985002.82
985002.82
985002.115
985002.115
985002.115
985002.115
985002.115
985002.115
985002.115
985002.115
985002.115
985002.115
985002.114
985002.114
985002.114
985002.114
985002.114
985002.114
985002.114
985002.114
985002.114
985002.114
985002.113
985002.113
985002.113
985002.113
985002.113
985002.113
985002.113
985002.113
985002.113
985002.113
985002.112
985002.112
985002.112
985002.112
985002.112
985002.112
985002.112
985002.112
985002.112
985002.112
985002.81
985002.81
985002.81
985002.81
985002.81
985002.81
985002.81
985002.81
985002.81
985002.81
985002.111
985002.111
985002.111
985002.111
985002.111
985002.111
985002.111
985002.111
985002.111
985002.111
985002.110
985002.110
985002.110
985002.110
985002.110
985002.110
985002.110
985002.110
985002.109
985002.109
985002.109
985002.109
985002.109
985002.109
985002.109
985002.109
985002.108
985002.108
985002.108
985002.108
985002.108
985002.108
985002.108
985002.108
985002.107
985002.107
985002.107
985002.107
985002.107
985002.107
985002.107
985002.107
985002.106
985002.106
985002.106
985002.106
985002.106
985002.106
985002.106
985002.106
985002.105
985002.105
985002.105
985002.105
985002.105
985002.105
985002.105
985002.105
985002.156
985002.156
985002.156
985002.156
985002.156
985002.156
985002.156
985002.156
985002.103
985002.103
985002.103
985002.103
985002.103
985002.103
985002.103
985002.103
985002.104
985002.104
985002.104
985002.104
985002.104
985002.104
985002.104
985002.104
985002.102
985002.102
985002.102
985002.102
985002.102
985002.102
985002.102
985002.102
985002.102
985002.102
985002.101
985002.101
985002.101
985002.101
985002.101
985002.101
985002.101
985002.101
1280.9188
1280.9188
1280.9188
1280.9188
1280.9188
1280.9188
1280.9189
1280.9189
1280.9189
1280.9189
1280.9189
1280.9189
1280.9190
1280.9190
1280.9190
1280.9190
1280.9190
1280.9190
1280.9191
1280.9191
1280.9191
1280.9191
1280.9191
1280.9191
1280.9192
1280.9192
1280.9192
1280.9192
1280.9192
1280.9192
1280.9193
1280.9193
1280.9193
1280.9193
1280.9193
1280.9193
1280.9194
1280.9194
1280.9194
1280.9194
1280.9194
1280.9194
1280.9195
1280.9195
1280.9195
1280.9195
1280.9195
1280.9195
1280.9196
1280.9196
1280.9196
1280.9196
1280.9196
1280.9196
1280.9197
1280.9197
1280.9197
1280.9197
1280.9197
1280.9197
1280.9198
1280.9198
1280.9198
1280.9198
1280.9198
1280.9198
1280.9199
1280.9199
1280.9199
1280.9199
1280.9199
1280.9199
1280.7363
1280.7363
1280.7363
1280.7363
1280.7363
1280.7363
1280.7361
1280.7361
1280.7361
1280.7361
1280.7361
1280.7361
1280.9200
1280.9200
1280.9200
1280.9200
1280.9200
1280.9200
1280.9202
1280.9202
1280.9202
1280.9202
1280.9202
1280.9202
1280.9201
1280.9201
1280.9201
1280.9201
1280.9201
1280.9201
1280.7360
1280.7360
1280.7360
1280.7360
1280.7360
1280.7360
1280.39512
1280.39512
1280.39511
1280.39511
1280.39514
1280.39514
1280.39515
1280.39515
1280.39516
1280.39516
1280.9203
1280.9203
1280.9203
1280.9203
1280.9203
1280.9203
1280.7362
1280.7362
1280.7362
1280.7362
1280.7362
1280.7362
1280.9204
1280.9204
1280.9204
1280.9204
1280.9204
1280.9204
1280.9205
1280.9205
1280.9205
1280.9205
1280.9205
1280.9205
1280.9206
1280.9206
1280.9206
1280.9206
1280.9206
1280.9206
1280.9207
1280.9207
1280.9207
1280.9207
1280.9207
1280.9207
1280.9208
1280.9208
1280.9208
1280.9208
1280.9208
1280.9208
1280.9209
1280.9209
1280.9209
1280.9209
1280.9209
1280.9209
1280.9210
1280.9210
1280.9210
1280.9210
1280.9210
1280.9210
1280.51884
1280.51884
1280.51884
1280.51884
1280.51884
1280.51884
1280.51884
1280.51884
1280.51884
1280.51884
1280.51884
1280.51884
1280.51884
1280.51884
1280.51884
1280.51884
1280.51884
1280.51884
1280.51884
1280.51884
1280.51884
1280.51884
1280.51884
1280.9211
1280.9211
1280.9211
1280.9211
1280.9211
1280.9211
1280.9212
1280.9212
1280.9212
1280.9212
1280.9212
1280.9212
1280.9213
1280.9213
1280.9213
1280.9213
1280.9213
1280.9213
1280.9214
1280.9214
1280.9214
1280.9214
1280.9214
1280.9214
1280.9215
1280.9215
1280.9215
1280.9215
1280.9215
1280.9215
1280.9216
1280.9216
1280.9216
1280.9216
1280.9216
1280.9216
1280.9217
1280.9217
1280.9217
1280.9217
1280.9217
1280.9217
1280.9218
1280.9218
1280.9218
1280.9218
1280.9218
1280.9218
1280.9219
1280.9219
1280.9219
1280.9219
1280.9219
1280.9219
1280.9220
1280.9220
1280.9220
1280.9220
1280.9220
1280.9220
1280.39506
1280.39506
1280.39507
1280.39507
1280.39508
1280.39508
1280.39509
1280.39509
1280.39510
1280.39510
1280.39505
1280.39505
1280.39707
1280.9221
1280.9221
1280.9221
1280.9221
1280.9221
1280.9221
1280.9222
1280.9222
1280.9222
1280.9222
1280.9222
1280.9222
1280.9223
1280.9223
1280.9223
1280.9223
1280.9223
1280.9223
1280.9224
1280.9224
1280.9224
1280.9224
1280.9224
1280.9224
1280.9225
1280.9225
1280.9225
1280.9225
1280.9225
1280.9225
1280.9227
1280.9227
1280.9227
1280.9227
1280.9227
1280.9227
1280.39706
1280.9226
1280.9226
1280.9226
1280.9226
1280.9226
1280.9226
1280.9228
1280.9228
1280.9228
1280.9228
1280.9228
1280.9228
1280.9229
1280.9229
1280.9229
1280.9229
1280.9229
1280.9229
1280.9230
1280.9230
1280.9230
1280.9230
1280.9230
1280.9230
1280.9231
1280.9231
1280.9231
1280.9231
1280.9231
1280.9231
1280.9232
1280.9232
1280.9232
1280.9232
1280.9232
1280.9232
1280.39501
1280.39501
1280.39502
1280.39502
1280.39503
1280.39503
1280.39504
1280.39504
1280.39708
1280.39708
1280.9233
1280.9233
1280.9233
1280.9233
1280.9233
1280.9233
1280.9234
1280.9234
1280.9234
1280.9234
1280.9234
1280.9234
1280.9235
1280.9235
1280.9235
1280.9235
1280.9235
1280.9235
1280.9236
1280.9236
1280.9236
1280.9236
1280.9236
1280.9236
1280.9237
1280.9237
1280.9237
1280.9237
1280.9237
1280.9237
1280.9238
1280.9238
1280.9238
1280.9238
1280.9238
1280.9238
1280.51890
1280.51890
1280.51890
1280.51890
1280.51890
1280.51890
1280.51890
1280.51890
1280.51890
1280.51890
1280.51890
1280.51890
1280.51890
1280.51890
1280.51890
1280.51890
1280.51890
1280.51890
1280.51890
1280.51890
1280.51890
1280.51890
1280.51890
1280.51880
1280.51880
1280.51880
1280.51880
1280.51880
1280.51880
1280.51880
1280.51880
1280.51880
1280.51880
1280.51880
1280.51880
1280.51880
1280.51880
1280.51880
1280.51880
1280.51880
1280.51880
1280.51880
1280.51880
1280.51880
1280.51880
1280.51880
1280.39709
1280.9239
1280.9239
1280.9239
1280.9239
1280.9239
1280.9239
1280.9240
1280.9240
1280.9240
1280.9240
1280.9240
1280.9240
1280.9241
1280.9241
1280.9241
1280.9241
1280.9241
1280.9241
1280.9242
1280.9242
1280.9242
1280.9242
1280.9242
1280.9242
1280.9243
1280.9243
1280.9243
1280.9243
1280.9243
1280.9243
1280.9244
1280.9244
1280.9244
1280.9244
1280.9244
1280.9244
1280.9245
1280.9245
1280.9245
1280.9245
1280.9245
1280.9245
1280.39496
1280.39495
1280.39497
1280.39498
1280.39499
1280.39499
1280.39500
1280.39500
1413350.3
1413351.3
1280.9246
1280.9246
1280.9246
1280.9246
1280.9246
1280.9246
1280.9247
1280.9247
1280.9247
1280.9247
1280.9247
1280.9247
1280.9248
1280.9248
1280.9248
1280.9248
1280.9248
1280.9248
1280.51833
1280.51833
1280.51833
1280.51833
1280.51833
1280.51833
1280.51833
1280.51833
1280.51833
1280.51833
1280.51833
1280.51833
1280.51833
1280.51833
1280.51833
1280.51833
1280.51833
1280.51833
1280.51833
1280.51833
1280.51833
1280.51938
1280.51938
1280.51938
1280.51938
1280.51938
1280.51938
1280.51938
1280.51938
1280.51938
1280.51938
1280.51938
1280.51938
1280.51938
1280.51938
1280.51938
1280.51938
1280.51938
1280.51938
1280.51938
1280.51938
1280.51938
1280.51938
1280.51938
1413344.3
1413345.3
1413352.3
1413353.3
1280.51912
1280.51912
1280.51912
1280.51912
1280.51912
1280.51912
1280.51912
1280.51912
1280.51912
1280.51912
1280.51912
1280.51912
1280.51912
1280.51912
1280.51912
1280.51912
1280.51912
1280.51912
1280.51912
1280.51912
1280.51912
1280.51912
1280.51912
1413346.3
1413347.3
1280.51814
1280.51814
1280.51814
1280.51814
1280.51814
1280.51814
1280.51814
1280.51814
1280.51814
1280.51814
1280.51814
1280.51814
1280.51814
1280.51814
1280.51814
1280.51814
1280.51814
1280.51814
1280.51814
1280.51814
1280.51814
1280.51814
1280.51814
1280.51814
1280.51814
1280.51814
1280.51814
1280.51814
1280.51814
1280.51814
1280.51814
1280.51814
1280.51814
1280.51814
1280.51814
1280.51814
1280.51814
1280.51814
1280.51814
1280.51814
1280.51814
1280.51814
1280.51814
1280.51814
1280.51814
1280.51814
1280.51814
1280.51814
1280.51814
1280.51814
1280.51814
1280.51814
1280.51825
1280.51825
1280.51825
1280.51825
1280.51825
1280.51825
1280.51825
1280.51825
1280.51825
1280.51825
1280.51825
1280.51825
1280.51825
1280.51825
1280.51825
1280.51825
1280.51825
1280.51825
1280.51825
1280.51825
1280.51825
1280.51825
1280.51825
1280.51825
1280.51825
1280.51825
1280.51825
1280.51825
1280.51825
1280.51825
1280.51825
1280.51825
1280.51825
1280.51825
1280.51825
1280.51825
1280.51825
1280.51825
1280.51825
1280.51825
1280.51825
1280.51825
1280.51825
1280.51825
1280.51825
1280.51825
1280.51825
1280.51825
1280.51825
1280.51825
1280.51825
1280.51825
1413348.3
1413597.3
1413598.3
1413599.3
1413600.3
1280.9249
1280.9249
1280.9249
1280.9249
1280.9249
1280.9249
1280.9250
1280.9250
1280.9250
1280.9250
1280.9250
1280.9250
1280.9251
1280.9251
1280.9251
1280.9251
1280.9251
1280.9251
1280.9252
1280.9252
1280.9252
1280.9252
1280.9252
1280.9252
1280.39484
1280.39484
1280.39486
1280.39486
1280.39489
1280.39489
1280.39490
1280.39490
1280.39491
1280.39491
1280.39492
1280.39494
1280.39493
1280.39493
1280.39485
1280.39488
1280.39488
1280.39487
1280.39487
1280.51907
1280.51907
1280.51907
1280.51907
1280.51907
1280.51907
1280.51907
1280.51907
1280.51907
1280.51907
1280.51907
1280.51907
1280.51907
1280.51907
1280.51907
1280.51907
1280.51907
1280.51907
1280.51907
1280.51907
1280.51907
1280.51907
1280.51907
1280.51925
1280.51925
1280.51925
1280.51925
1280.51925
1280.51925
1280.51925
1280.51925
1280.51925
1280.51925
1280.51925
1280.51925
1280.51925
1280.51925
1280.51925
1280.51925
1280.51925
1280.51925
1280.51925
1280.51925
1280.51925
1280.51925
1280.51925
1280.51835
1280.51835
1280.51835
1280.51835
1280.51835
1280.51835
1280.51835
1280.51835
1280.51835
1280.51835
1280.51835
1280.51835
1280.51835
1280.51835
1280.51835
1280.51835
1280.51835
1280.51835
1280.51835
1280.51835
1280.51835
1413349.3
1280.51834
1280.51834
1280.51834
1280.51834
1280.51834
1280.51834
1280.51834
1280.51834
1280.51834
1280.51834
1280.51834
1280.51834
1280.51834
1280.51834
1280.51834
1280.51834
1280.51834
1280.51834
1280.51834
1280.51834
1280.51834
1280.51865
1280.51865
1280.51865
1280.51865
1280.51865
1280.51865
1280.51865
1280.51865
1280.51865
1280.51865
1280.51865
1280.51865
1280.51865
1280.51865
1280.51865
1280.51865
1280.51865
1280.51865
1280.51865
1280.51865
1280.51865
1280.51865
1280.51865
1280.51865
1280.51865
1280.51865
1280.51865
1280.51865
1280.51865
1280.51865
1280.51865
1280.51865
1280.51865
1280.51865
1280.51865
1280.51865
1280.51865
1280.51865
1280.51865
1280.51865
1280.51865
1280.51865
1280.51865
1280.51865
1280.51865
1280.51865
1280.51865
1280.51865
1280.51865
1280.51865
1280.51865
1280.51865
1280.51939
1280.51939
1280.51939
1280.51939
1280.51939
1280.51939
1280.51939
1280.51939
1280.51939
1280.51939
1280.51939
1280.51939
1280.51939
1280.51939
1280.51939
1280.51939
1280.51939
1280.51939
1280.51939
1280.51939
1280.51939
1280.51939
1280.51939
1280.51785
1280.51785
1280.51785
1280.51785
1280.51785
1280.51785
1280.51785
1280.51785
1280.51785
1280.51785
1280.51785
1280.51785
1280.51785
1280.51785
1280.51785
1280.51785
1280.51785
1280.51785
1280.51785
1280.51785
1280.51785
1280.51785
1280.51785
1280.51785
1280.51785
1280.51785
1280.51785
1280.51785
1280.51785
1280.51785
1280.51785
1280.51785
1280.51785
1280.51785
1280.51785
1280.51785
1280.51785
1280.51785
1280.51785
1280.51785
1280.51785
1280.51785
1280.51785
1280.51785
1280.51785
1280.51785
1280.51785
1280.51785
1280.51785
1280.51785
1280.51785
1280.51785
1280.51940
1280.51940
1280.51940
1280.51940
1280.51940
1280.51940
1280.51940
1280.51940
1280.51940
1280.51940
1280.51940
1280.51940
1280.51940
1280.51940
1280.51940
1280.51940
1280.51940
1280.51940
1280.51940
1280.51940
1280.51940
1280.51940
1280.51940
1280.9253
1280.9253
1280.9253
1280.9253
1280.9253
1280.9253
1280.8848
1280.8848
1280.8848
1280.8848
1280.8848
1280.8848
1280.9254
1280.9254
1280.9254
1280.9254
1280.9254
1280.9254
1280.9255
1280.9255
1280.9255
1280.9255
1280.9255
1280.9255
1280.51875
1280.51875
1280.51875
1280.51875
1280.51875
1280.51875
1280.51875
1280.51875
1280.51875
1280.51875
1280.51875
1280.51875
1280.51875
1280.51875
1280.51875
1280.51875
1280.51875
1280.51875
1280.51875
1280.51875
1280.51875
1280.51875
1280.51875
1280.51875
1280.51875
1280.51875
1280.51875
1280.51875
1280.51875
1280.51875
1280.51875
1280.51875
1280.51875
1280.51875
1280.51875
1280.51875
1280.51875
1280.51875
1280.51875
1280.51875
1280.51875
1280.51875
1280.51875
1280.51875
1280.51875
1280.51875
1280.51875
1280.51875
1280.51875
1280.51875
1280.51875
1280.51875
1280.51887
1280.51887
1280.51887
1280.51887
1280.51887
1280.51887
1280.51887
1280.51887
1280.51887
1280.51887
1280.51887
1280.51887
1280.51887
1280.51887
1280.51887
1280.51887
1280.51887
1280.51887
1280.51887
1280.51887
1280.51887
1280.51887
1280.51887
1280.51935
1280.51935
1280.51935
1280.51935
1280.51935
1280.51935
1280.51935
1280.51935
1280.51935
1280.51935
1280.51935
1280.51935
1280.51935
1280.51935
1280.51935
1280.51935
1280.51935
1280.51935
1280.51935
1280.51935
1280.51935
1280.51935
1280.51935
1280.51828
1280.51828
1280.51828
1280.51828
1280.51828
1280.51828
1280.51828
1280.51828
1280.51828
1280.51828
1280.51828
1280.51828
1280.51828
1280.51828
1280.51828
1280.51828
1280.51828
1280.51828
1280.51828
1280.51828
1280.51828
1280.51941
1280.51941
1280.51941
1280.51941
1280.51941
1280.51941
1280.51941
1280.51941
1280.51941
1280.51941
1280.51941
1280.51941
1280.51941
1280.51941
1280.51941
1280.51941
1280.51941
1280.51941
1280.51941
1280.51941
1280.51941
1280.51941
1280.51941
1280.51881
1280.51881
1280.51881
1280.51881
1280.51881
1280.51881
1280.51881
1280.51881
1280.51881
1280.51881
1280.51881
1280.51881
1280.51881
1280.51881
1280.51881
1280.51881
1280.51881
1280.51881
1280.51881
1280.51881
1280.51881
1280.51881
1280.51881
1280.51895
1280.51895
1280.51895
1280.51895
1280.51895
1280.51895
1280.51895
1280.51895
1280.51895
1280.51895
1280.51895
1280.51895
1280.51895
1280.51895
1280.51895
1280.51895
1280.51895
1280.51895
1280.51895
1280.51895
1280.51895
1280.51895
1280.51895
1280.51794
1280.51794
1280.51794
1280.51794
1280.51794
1280.51794
1280.51794
1280.51794
1280.51794
1280.51794
1280.51794
1280.51794
1280.51794
1280.51794
1280.51794
1280.51794
1280.51794
1280.51794
1280.51794
1280.51794
1280.51794
1280.51794
1280.51794
1280.51794
1280.51794
1280.51794
1280.51794
1280.51794
1280.51794
1280.51794
1280.51794
1280.51794
1280.51794
1280.51794
1280.51794
1280.51794
1280.51794
1280.51794
1280.51794
1280.51794
1280.51794
1280.51794
1280.51794
1280.51794
1280.51794
1280.51794
1280.51794
1280.51794
1280.51794
1280.51794
1280.51794
1280.51794
1280.51924
1280.51924
1280.51924
1280.51924
1280.51924
1280.51924
1280.51924
1280.51924
1280.51924
1280.51924
1280.51924
1280.51924
1280.51924
1280.51924
1280.51924
1280.51924
1280.51924
1280.51924
1280.51924
1280.51924
1280.51924
1280.51924
1280.51924
1280.51789
1280.51789
1280.51789
1280.51789
1280.51789
1280.51789
1280.51789
1280.51789
1280.51789
1280.51789
1280.51789
1280.51789
1280.51789
1280.51789
1280.51789
1280.51789
1280.51789
1280.51789
1280.51789
1280.51789
1280.51789
1280.51897
1280.51897
1280.51897
1280.51897
1280.51897
1280.51897
1280.51897
1280.51897
1280.51897
1280.51897
1280.51897
1280.51897
1280.51897
1280.51897
1280.51897
1280.51897
1280.51897
1280.51897
1280.51897
1280.51897
1280.51897
1280.51897
1280.51897
1280.51900
1280.51900
1280.51900
1280.51900
1280.51900
1280.51900
1280.51900
1280.51900
1280.51900
1280.51900
1280.51900
1280.51900
1280.51900
1280.51900
1280.51900
1280.51900
1280.51900
1280.51900
1280.51900
1280.51900
1280.51900
1280.51900
1280.51900
1280.51902
1280.51902
1280.51902
1280.51902
1280.51902
1280.51902
1280.51902
1280.51902
1280.51902
1280.51902
1280.51902
1280.51902
1280.51902
1280.51902
1280.51902
1280.51902
1280.51902
1280.51902
1280.51902
1280.51902
1280.51902
1280.51902
1280.51902
1280.51937
1280.51937
1280.51937
1280.51937
1280.51937
1280.51937
1280.51937
1280.51937
1280.51937
1280.51937
1280.51937
1280.51937
1280.51937
1280.51937
1280.51937
1280.51937
1280.51937
1280.51937
1280.51937
1280.51937
1280.51937
1280.51937
1280.51937
1280.51905
1280.51905
1280.51905
1280.51905
1280.51905
1280.51905
1280.51905
1280.51905
1280.51905
1280.51905
1280.51905
1280.51905
1280.51905
1280.51905
1280.51905
1280.51905
1280.51905
1280.51905
1280.51905
1280.51905
1280.51905
1280.51905
1280.51905
1280.51856
1280.51856
1280.51856
1280.51856
1280.51856
1280.51856
1280.51856
1280.51856
1280.51856
1280.51856
1280.51856
1280.51856
1280.51856
1280.51856
1280.51856
1280.51856
1280.51856
1280.51856
1280.51856
1280.51856
1280.51856
1280.51856
1280.51856
1280.51856
1280.51856
1280.51856
1280.51856
1280.51856
1280.51856
1280.51856
1280.51856
1280.51856
1280.51856
1280.51856
1280.51856
1280.51856
1280.51856
1280.51856
1280.51856
1280.51856
1280.51856
1280.51856
1280.51856
1280.51856
1280.51856
1280.51856
1280.51856
1280.51856
1280.51856
1280.51856
1280.51856
1280.51856
1280.51855
1280.51855
1280.51855
1280.51855
1280.51855
1280.51855
1280.51855
1280.51855
1280.51855
1280.51855
1280.51855
1280.51855
1280.51855
1280.51855
1280.51855
1280.51855
1280.51855
1280.51855
1280.51855
1280.51855
1280.51855
1280.51855
1280.51855
1280.51855
1280.51855
1280.51855
1280.51855
1280.51855
1280.51855
1280.51855
1280.51855
1280.51855
1280.51855
1280.51855
1280.51855
1280.51855
1280.51855
1280.51855
1280.51855
1280.51855
1280.51855
1280.51855
1280.51855
1280.51855
1280.51855
1280.51855
1280.51855
1280.51855
1280.51855
1280.51855
1280.51855
1280.51855
1280.51899
1280.51899
1280.51899
1280.51899
1280.51899
1280.51899
1280.51899
1280.51899
1280.51899
1280.51899
1280.51899
1280.51899
1280.51899
1280.51899
1280.51899
1280.51899
1280.51899
1280.51899
1280.51899
1280.51899
1280.51899
1280.51899
1280.51899
1280.51795
1280.51795
1280.51795
1280.51795
1280.51795
1280.51795
1280.51795
1280.51795
1280.51795
1280.51795
1280.51795
1280.51795
1280.51795
1280.51795
1280.51795
1280.51795
1280.51795
1280.51795
1280.51795
1280.51795
1280.51795
1280.51795
1280.51795
1280.9256
1280.9256
1280.9256
1280.9256
1280.9256
1280.9256
1280.9257
1280.9257
1280.9257
1280.9257
1280.9257
1280.9257
1280.9258
1280.9258
1280.9258
1280.9258
1280.9258
1280.9258
1280.9259
1280.9259
1280.9259
1280.9259
1280.9259
1280.9259
1280.9260
1280.9260
1280.9260
1280.9260
1280.9260
1280.9260
1280.9261
1280.9261
1280.9261
1280.9261
1280.9261
1280.9261
1280.9262
1280.9262
1280.9262
1280.9262
1280.9262
1280.9262
1280.7257
1280.7257
1280.7257
1280.7257
1280.9263
1280.9263
1280.9263
1280.9263
1280.9263
1280.9263
1280.7258
1280.7258
1280.7258
1280.7258
1280.51790
1280.51790
1280.51790
1280.51790
1280.51790
1280.51790
1280.51790
1280.51790
1280.51790
1280.51790
1280.51790
1280.51790
1280.51790
1280.51790
1280.51790
1280.51790
1280.51790
1280.51790
1280.51790
1280.51790
1280.51790
1280.51790
1280.51790
1280.51790
1280.51790
1280.51790
1280.51790
1280.51790
1280.51790
1280.51790
1280.51790
1280.51790
1280.51790
1280.51790
1280.51790
1280.51790
1280.51790
1280.51790
1280.51790
1280.51790
1280.51790
1280.51790
1280.51790
1280.51790
1280.51790
1280.51790
1280.51790
1280.51790
1280.51790
1280.51790
1280.51790
1280.51790
1280.51898
1280.51898
1280.51898
1280.51898
1280.51898
1280.51898
1280.51898
1280.51898
1280.51898
1280.51898
1280.51898
1280.51898
1280.51898
1280.51898
1280.51898
1280.51898
1280.51898
1280.51898
1280.51898
1280.51898
1280.51898
1280.51898
1280.51898
1280.51903
1280.51903
1280.51903
1280.51903
1280.51903
1280.51903
1280.51903
1280.51903
1280.51903
1280.51903
1280.51903
1280.51903
1280.51903
1280.51903
1280.51903
1280.51903
1280.51903
1280.51903
1280.51903
1280.51903
1280.51903
1280.51903
1280.51903
1280.51780
1280.51780
1280.51780
1280.51780
1280.51780
1280.51780
1280.51780
1280.51780
1280.51780
1280.51780
1280.51780
1280.51780
1280.51780
1280.51780
1280.51780
1280.51780
1280.51780
1280.51780
1280.51780
1280.51780
1280.51780
1280.51780
1280.51780
1280.51840
1280.51840
1280.51840
1280.51840
1280.51840
1280.51840
1280.51840
1280.51840
1280.51840
1280.51840
1280.51840
1280.51840
1280.51840
1280.51840
1280.51840
1280.51840
1280.51840
1280.51840
1280.51840
1280.51840
1280.51840
1280.51840
1280.51840
1280.51840
1280.51840
1280.51840
1280.51840
1280.51840
1280.51840
1280.51840
1280.51840
1280.51840
1280.51840
1280.51840
1280.51840
1280.51840
1280.51840
1280.51840
1280.51840
1280.51840
1280.51840
1280.51840
1280.51840
1280.51840
1280.51840
1280.51840
1280.51840
1280.51840
1280.51840
1280.51840
1280.51840
1280.51840
1280.51930
1280.51930
1280.51930
1280.51930
1280.51930
1280.51930
1280.51930
1280.51930
1280.51930
1280.51930
1280.51930
1280.51930
1280.51930
1280.51930
1280.51930
1280.51930
1280.51930
1280.51930
1280.51930
1280.51930
1280.51930
1280.51930
1280.51930
1280.51830
1280.51830
1280.51830
1280.51830
1280.51830
1280.51830
1280.51830
1280.51830
1280.51830
1280.51830
1280.51830
1280.51830
1280.51830
1280.51830
1280.51830
1280.51830
1280.51830
1280.51830
1280.51830
1280.51830
1280.51830
1280.51830
1280.51830
1280.51830
1280.51830
1280.51830
1280.51830
1280.51830
1280.51830
1280.51830
1280.51830
1280.51830
1280.51830
1280.51830
1280.51830
1280.51830
1280.51830
1280.51830
1280.51830
1280.51830
1280.51830
1280.51830
1280.51830
1280.51830
1280.51830
1280.51830
1280.51830
1280.51830
1280.51830
1280.51830
1280.51830
1280.51830
1280.51882
1280.51882
1280.51882
1280.51882
1280.51882
1280.51882
1280.51882
1280.51882
1280.51882
1280.51882
1280.51882
1280.51882
1280.51882
1280.51882
1280.51882
1280.51882
1280.51882
1280.51882
1280.51882
1280.51882
1280.51882
1280.51882
1280.51882
1280.51786
1280.51786
1280.51786
1280.51786
1280.51786
1280.51786
1280.51786
1280.51786
1280.51786
1280.51786
1280.51786
1280.51786
1280.51786
1280.51786
1280.51786
1280.51786
1280.51786
1280.51786
1280.51786
1280.51786
1280.51786
1280.51786
1280.51786
1280.51786
1280.51786
1280.51786
1280.51786
1280.51786
1280.51786
1280.51786
1280.51786
1280.51786
1280.51786
1280.51786
1280.51786
1280.51786
1280.51786
1280.51786
1280.51786
1280.51786
1280.51786
1280.51786
1280.51786
1280.51786
1280.51786
1280.51786
1280.51786
1280.51786
1280.51786
1280.51786
1280.51786
1280.51786
1280.51831
1280.51831
1280.51831
1280.51831
1280.51831
1280.51831
1280.51831
1280.51831
1280.51831
1280.51831
1280.51831
1280.51831
1280.51831
1280.51831
1280.51831
1280.51831
1280.51831
1280.51831
1280.51831
1280.51831
1280.51831
1280.51831
1280.51831
1280.51831
1280.51831
1280.51831
1280.51831
1280.51831
1280.51831
1280.51831
1280.51831
1280.51831
1280.51831
1280.51831
1280.51831
1280.51831
1280.51831
1280.51831
1280.51831
1280.51831
1280.51831
1280.51831
1280.51831
1280.51831
1280.51831
1280.51831
1280.51831
1280.51831
1280.51831
1280.51831
1280.51831
1280.51831
1280.51774
1280.51774
1280.51774
1280.51774
1280.51774
1280.51774
1280.51774
1280.51774
1280.51774
1280.51774
1280.51774
1280.51774
1280.51774
1280.51774
1280.51774
1280.51774
1280.51774
1280.51774
1280.51774
1280.51774
1280.51774
1280.51774
1280.51774
1280.51931
1280.51931
1280.51931
1280.51931
1280.51931
1280.51931
1280.51931
1280.51931
1280.51931
1280.51931
1280.51931
1280.51931
1280.51931
1280.51931
1280.51931
1280.51931
1280.51931
1280.51931
1280.51931
1280.51931
1280.51931
1280.51931
1280.51931
1280.51821
1280.51821
1280.51821
1280.51821
1280.51821
1280.51821
1280.51821
1280.51821
1280.51821
1280.51821
1280.51821
1280.51821
1280.51821
1280.51821
1280.51821
1280.51821
1280.51821
1280.51821
1280.51821
1280.51821
1280.51821
1280.51821
1280.51821
1280.51821
1280.51821
1280.51821
1280.51821
1280.51821
1280.51821
1280.51821
1280.51821
1280.51821
1280.51821
1280.51821
1280.51821
1280.51821
1280.51821
1280.51821
1280.51821
1280.51821
1280.51821
1280.51821
1280.51821
1280.51821
1280.51821
1280.51821
1280.51821
1280.51821
1280.51821
1280.51821
1280.51821
1280.51821
1413423.3
1413418.3
1413419.3
1413420.3
1413421.3
1413422.3
1413424.3
1413425.3
1413426.3
1413427.3
1413428.3
1413429.3
1413430.3
1413431.3
1413432.3
1413433.3
1413434.3
1413435.3
1413436.3
1413437.3
1280.39680
1280.39680
1280.39679
1280.39679
1280.39682
1280.9264
1280.9264
1280.9264
1280.9264
1280.9264
1280.9264
1280.39683
1280.39685
1280.39685
1280.39684
1280.39687
1280.39687
1280.39688
1280.39688
1280.39689
1280.39689
1280.39690
1280.39690
1280.39692
1280.39692
1280.39691
1280.39691
1280.39693
1280.39693
1280.39694
1280.39694
1280.39696
1280.39696
1280.39695
1280.39695
1280.7259
1280.7259
1280.7259
1280.7259
1280.39697
1280.39697
1280.39698
1280.39698
1413587.3
1413588.3
1280.51867
1280.51867
1280.51867
1280.51867
1280.51867
1280.51867
1280.51867
1280.51867
1280.51867
1280.51867
1280.51867
1280.51867
1280.51867
1280.51867
1280.51867
1280.51867
1280.51867
1280.51867
1280.51867
1280.51867
1280.51867
1280.51867
1280.51867
1280.51867
1280.51867
1280.51867
1280.51867
1280.51867
1280.51867
1280.51867
1280.51867
1280.51867
1280.51867
1280.51867
1280.51867
1280.51867
1280.51867
1280.51867
1280.51867
1280.51867
1280.51867
1280.51867
1280.51867
1280.51867
1280.51867
1280.51867
1280.51867
1280.51867
1280.51867
1280.51867
1280.51867
1280.51867
1280.51750
1280.51750
1280.51750
1280.51750
1280.51750
1280.51750
1280.51750
1280.51750
1280.51750
1280.51750
1280.51750
1280.51750
1280.51750
1280.51750
1280.51750
1280.51750
1280.51750
1280.51750
1280.51750
1280.51750
1280.51750
1280.51750
1280.51750
1280.51886
1280.51886
1280.51886
1280.51886
1280.51886
1280.51886
1280.51886
1280.51886
1280.51886
1280.51886
1280.51886
1280.51886
1280.51886
1280.51886
1280.51886
1280.51886
1280.51886
1280.51886
1280.51886
1280.51886
1280.51886
1280.51886
1280.51886
1280.51913
1280.51913
1280.51913
1280.51913
1280.51913
1280.51913
1280.51913
1280.51913
1280.51913
1280.51913
1280.51913
1280.51913
1280.51913
1280.51913
1280.51913
1280.51913
1280.51913
1280.51913
1280.51913
1280.51913
1280.51913
1280.51913
1280.51913
1280.51896
1280.51896
1280.51896
1280.51896
1280.51896
1280.51896
1280.51896
1280.51896
1280.51896
1280.51896
1280.51896
1280.51896
1280.51896
1280.51896
1280.51896
1280.51896
1280.51896
1280.51896
1280.51896
1280.51896
1280.51896
1280.51896
1280.51896
1280.51915
1280.51915
1280.51915
1280.51915
1280.51915
1280.51915
1280.51915
1280.51915
1280.51915
1280.51915
1280.51915
1280.51915
1280.51915
1280.51915
1280.51915
1280.51915
1280.51915
1280.51915
1280.51915
1280.51915
1280.51915
1280.51915
1280.51915
1280.51869
1280.51869
1280.51869
1280.51869
1280.51869
1280.51869
1280.51869
1280.51869
1280.51869
1280.51869
1280.51869
1280.51869
1280.51869
1280.51869
1280.51869
1280.51869
1280.51869
1280.51869
1280.51869
1280.51869
1280.51869
1280.51869
1280.51869
1280.51869
1280.51869
1280.51869
1280.51869
1280.51869
1280.51869
1280.51869
1280.51869
1280.51869
1280.51869
1280.51869
1280.51869
1280.51869
1280.51869
1280.51869
1280.51869
1280.51869
1280.51869
1280.51869
1280.51869
1280.51869
1280.51869
1280.51869
1280.51869
1280.51869
1280.51869
1280.51869
1280.51869
1280.51869
1280.51863
1280.51863
1280.51863
1280.51863
1280.51863
1280.51863
1280.51863
1280.51863
1280.51863
1280.51863
1280.51863
1280.51863
1280.51863
1280.51863
1280.51863
1280.51863
1280.51863
1280.51863
1280.51863
1280.51863
1280.51863
1280.51863
1280.51863
1280.51863
1280.51863
1280.51863
1280.51863
1280.51863
1280.51863
1280.51863
1280.51863
1280.51863
1280.51863
1280.51863
1280.51863
1280.51863
1280.51863
1280.51863
1280.51863
1280.51863
1280.51863
1280.51863
1280.51863
1280.51863
1280.51863
1280.51863
1280.51863
1280.51863
1280.51863
1280.51863
1280.51863
1280.51863
1280.51934
1280.51934
1280.51934
1280.51934
1280.51934
1280.51934
1280.51934
1280.51934
1280.51934
1280.51934
1280.51934
1280.51934
1280.51934
1280.51934
1280.51934
1280.51934
1280.51934
1280.51934
1280.51934
1280.51934
1280.51934
1280.51934
1280.51934
1280.51923
1280.51923
1280.51923
1280.51923
1280.51923
1280.51923
1280.51923
1280.51923
1280.51923
1280.51923
1280.51923
1280.51923
1280.51923
1280.51923
1280.51923
1280.51923
1280.51923
1280.51923
1280.51923
1280.51923
1280.51923
1280.51923
1280.51923
1280.51914
1280.51914
1280.51914
1280.51914
1280.51914
1280.51914
1280.51914
1280.51914
1280.51914
1280.51914
1280.51914
1280.51914
1280.51914
1280.51914
1280.51914
1280.51914
1280.51914
1280.51914
1280.51914
1280.51914
1280.51914
1280.51914
1280.51914
1280.51862
1280.51862
1280.51862
1280.51862
1280.51862
1280.51862
1280.51862
1280.51862
1280.51862
1280.51862
1280.51862
1280.51862
1280.51862
1280.51862
1280.51862
1280.51862
1280.51862
1280.51862
1280.51862
1280.51862
1280.51862
1280.51862
1280.51862
1280.51860
1280.51860
1280.51860
1280.51860
1280.51860
1280.51860
1280.51860
1280.51860
1280.51860
1280.51860
1280.51860
1280.51860
1280.51860
1280.51860
1280.51860
1280.51860
1280.51860
1280.51860
1280.51860
1280.51860
1280.51860
1280.51860
1280.51860
1280.51801
1280.51801
1280.51801
1280.51801
1280.51801
1280.51801
1280.51801
1280.51801
1280.51801
1280.51801
1280.51801
1280.51801
1280.51801
1280.51801
1280.51801
1280.51801
1280.51801
1280.51801
1280.51801
1280.51801
1280.51801
1280.51801
1280.51801
1280.51841
1280.51841
1280.51841
1280.51841
1280.51841
1280.51841
1280.51841
1280.51841
1280.51841
1280.51841
1280.51841
1280.51841
1280.51841
1280.51841
1280.51841
1280.51841
1280.51841
1280.51841
1280.51841
1280.51841
1280.51841
1280.51841
1280.51841
1280.51850
1280.51850
1280.51850
1280.51850
1280.51850
1280.51850
1280.51850
1280.51850
1280.51850
1280.51850
1280.51850
1280.51850
1280.51850
1280.51850
1280.51850
1280.51850
1280.51850
1280.51850
1280.51850
1280.51850
1280.51850
1280.51850
1280.51850
1280.51908
1280.51908
1280.51908
1280.51908
1280.51908
1280.51908
1280.51908
1280.51908
1280.51908
1280.51908
1280.51908
1280.51908
1280.51908
1280.51908
1280.51908
1280.51908
1280.51908
1280.51908
1280.51908
1280.51908
1280.51908
1280.51908
1280.51908
1280.51857
1280.51857
1280.51857
1280.51857
1280.51857
1280.51857
1280.51857
1280.51857
1280.51857
1280.51857
1280.51857
1280.51857
1280.51857
1280.51857
1280.51857
1280.51857
1280.51857
1280.51857
1280.51857
1280.51857
1280.51857
1280.51857
1280.51857
1280.51796
1280.51796
1280.51796
1280.51796
1280.51796
1280.51796
1280.51796
1280.51796
1280.51796
1280.51796
1280.51796
1280.51796
1280.51796
1280.51796
1280.51796
1280.51796
1280.51796
1280.51796
1280.51796
1280.51796
1280.51796
1280.51796
1280.51796
1280.51848
1280.51848
1280.51848
1280.51848
1280.51848
1280.51848
1280.51848
1280.51848
1280.51848
1280.51848
1280.51848
1280.51848
1280.51848
1280.51848
1280.51848
1280.51848
1280.51848
1280.51848
1280.51848
1280.51848
1280.51848
1280.51848
1280.51848
1280.51849
1280.51849
1280.51849
1280.51849
1280.51849
1280.51849
1280.51849
1280.51849
1280.51849
1280.51849
1280.51849
1280.51849
1280.51849
1280.51849
1280.51849
1280.51849
1280.51849
1280.51849
1280.51849
1280.51849
1280.51849
1280.51849
1280.51849
1280.51842
1280.51842
1280.51842
1280.51842
1280.51842
1280.51842
1280.51842
1280.51842
1280.51842
1280.51842
1280.51842
1280.51842
1280.51842
1280.51842
1280.51842
1280.51842
1280.51842
1280.51842
1280.51842
1280.51842
1280.51842
1280.51842
1280.51842
1280.51866
1280.51866
1280.51866
1280.51866
1280.51866
1280.51866
1280.51866
1280.51866
1280.51866
1280.51866
1280.51866
1280.51866
1280.51866
1280.51866
1280.51866
1280.51866
1280.51866
1280.51866
1280.51866
1280.51866
1280.51866
1280.51866
1280.51866
1280.51893
1280.51893
1280.51893
1280.51893
1280.51893
1280.51893
1280.51893
1280.51893
1280.51893
1280.51893
1280.51893
1280.51893
1280.51893
1280.51893
1280.51893
1280.51893
1280.51893
1280.51893
1280.51893
1280.51893
1280.51893
1280.51893
1280.51893
1280.51788
1280.51788
1280.51788
1280.51788
1280.51788
1280.51788
1280.51788
1280.51788
1280.51788
1280.51788
1280.51788
1280.51788
1280.51788
1280.51788
1280.51788
1280.51788
1280.51788
1280.51788
1280.51788
1280.51788
1280.51788
1280.51788
1280.51788
1280.51861
1280.51861
1280.51861
1280.51861
1280.51861
1280.51861
1280.51861
1280.51861
1280.51861
1280.51861
1280.51861
1280.51861
1280.51861
1280.51861
1280.51861
1280.51861
1280.51861
1280.51861
1280.51861
1280.51861
1280.51861
1280.51861
1280.51861
1280.51888
1280.51888
1280.51888
1280.51888
1280.51888
1280.51888
1280.51888
1280.51888
1280.51888
1280.51888
1280.51888
1280.51888
1280.51888
1280.51888
1280.51888
1280.51888
1280.51888
1280.51888
1280.51888
1280.51888
1280.51888
1280.51888
1280.51888
1280.51859
1280.51859
1280.51859
1280.51859
1280.51859
1280.51859
1280.51859
1280.51859
1280.51859
1280.51859
1280.51859
1280.51859
1280.51859
1280.51859
1280.51859
1280.51859
1280.51859
1280.51859
1280.51859
1280.51859
1280.51859
1280.51859
1280.51859
1280.51844
1280.51844
1280.51844
1280.51844
1280.51844
1280.51844
1280.51844
1280.51844
1280.51844
1280.51844
1280.51844
1280.51844
1280.51844
1280.51844
1280.51844
1280.51844
1280.51844
1280.51844
1280.51844
1280.51844
1280.51844
1280.51844
1280.51844
1280.51847
1280.51847
1280.51847
1280.51847
1280.51847
1280.51847
1280.51847
1280.51847
1280.51847
1280.51847
1280.51847
1280.51847
1280.51847
1280.51847
1280.51847
1280.51847
1280.51847
1280.51847
1280.51847
1280.51847
1280.51847
1280.51847
1280.51847
1280.51918
1280.51918
1280.51918
1280.51918
1280.51918
1280.51918
1280.51918
1280.51918
1280.51918
1280.51918
1280.51918
1280.51918
1280.51918
1280.51918
1280.51918
1280.51918
1280.51918
1280.51918
1280.51918
1280.51918
1280.51918
1280.51918
1280.51918
1280.51843
1280.51843
1280.51843
1280.51843
1280.51843
1280.51843
1280.51843
1280.51843
1280.51843
1280.51843
1280.51843
1280.51843
1280.51843
1280.51843
1280.51843
1280.51843
1280.51843
1280.51843
1280.51843
1280.51843
1280.51843
1280.51843
1280.51843
1280.51845
1280.51845
1280.51845
1280.51845
1280.51845
1280.51845
1280.51845
1280.51845
1280.51845
1280.51845
1280.51845
1280.51845
1280.51845
1280.51845
1280.51845
1280.51845
1280.51845
1280.51845
1280.51845
1280.51845
1280.51845
1280.51845
1280.51845
1280.51853
1280.51853
1280.51853
1280.51853
1280.51853
1280.51853
1280.51853
1280.51853
1280.51853
1280.51853
1280.51853
1280.51853
1280.51853
1280.51853
1280.51853
1280.51853
1280.51853
1280.51853
1280.51853
1280.51853
1280.51853
1280.51853
1280.51853
1280.51837
1280.51837
1280.51837
1280.51837
1280.51837
1280.51837
1280.51837
1280.51837
1280.51837
1280.51837
1280.51837
1280.51837
1280.51837
1280.51837
1280.51837
1280.51837
1280.51837
1280.51837
1280.51837
1280.51837
1280.51837
1280.51837
1280.51837
1280.51837
1280.51837
1280.51837
1280.51837
1280.51837
1280.51837
1280.51837
1280.51837
1280.51837
1280.51837
1280.51837
1280.51837
1280.51837
1280.51837
1280.51837
1280.51837
1280.51837
1280.51837
1280.51837
1280.51837
1280.51837
1280.51837
1280.51837
1280.51837
1280.51837
1280.51837
1280.51837
1280.51837
1280.51837
1280.51823
1280.51823
1280.51823
1280.51823
1280.51823
1280.51823
1280.51823
1280.51823
1280.51823
1280.51823
1280.51823
1280.51823
1280.51823
1280.51823
1280.51823
1280.51823
1280.51823
1280.51823
1280.51823
1280.51823
1280.51823
1280.51823
1280.51823
1280.51917
1280.51917
1280.51917
1280.51917
1280.51917
1280.51917
1280.51917
1280.51917
1280.51917
1280.51917
1280.51917
1280.51917
1280.51917
1280.51917
1280.51917
1280.51917
1280.51917
1280.51917
1280.51917
1280.51917
1280.51917
1280.51917
1280.51917
1280.51870
1280.51870
1280.51870
1280.51870
1280.51870
1280.51870
1280.51870
1280.51870
1280.51870
1280.51870
1280.51870
1280.51870
1280.51870
1280.51870
1280.51870
1280.51870
1280.51870
1280.51870
1280.51870
1280.51870
1280.51870
1280.51870
1280.51870
1280.51904
1280.51904
1280.51904
1280.51904
1280.51904
1280.51904
1280.51904
1280.51904
1280.51904
1280.51904
1280.51904
1280.51904
1280.51904
1280.51904
1280.51904
1280.51904
1280.51904
1280.51904
1280.51904
1280.51904
1280.51904
1280.51904
1280.51904
1280.51763
1280.51763
1280.51763
1280.51763
1280.51763
1280.51763
1280.51763
1280.51763
1280.51763
1280.51763
1280.51763
1280.51763
1280.51763
1280.51763
1280.51763
1280.51763
1280.51763
1280.51763
1280.51763
1280.51763
1280.51763
1280.51763
1280.51763
1280.51910
1280.51910
1280.51910
1280.51910
1280.51910
1280.51910
1280.51910
1280.51910
1280.51910
1280.51910
1280.51910
1280.51910
1280.51910
1280.51910
1280.51910
1280.51910
1280.51910
1280.51910
1280.51910
1280.51910
1280.51910
1280.51910
1280.51910
1280.51926
1280.51926
1280.51926
1280.51926
1280.51926
1280.51926
1280.51926
1280.51926
1280.51926
1280.51926
1280.51926
1280.51926
1280.51926
1280.51926
1280.51926
1280.51926
1280.51926
1280.51926
1280.51926
1280.51926
1280.51926
1280.51926
1280.51926
1280.51864
1280.51864
1280.51864
1280.51864
1280.51864
1280.51864
1280.51864
1280.51864
1280.51864
1280.51864
1280.51864
1280.51864
1280.51864
1280.51864
1280.51864
1280.51864
1280.51864
1280.51864
1280.51864
1280.51864
1280.51864
1280.51864
1280.51864
1280.51909
1280.51909
1280.51909
1280.51909
1280.51909
1280.51909
1280.51909
1280.51909
1280.51909
1280.51909
1280.51909
1280.51909
1280.51909
1280.51909
1280.51909
1280.51909
1280.51909
1280.51909
1280.51909
1280.51909
1280.51909
1280.51909
1280.51909
1413354.3
1280.51916
1280.51916
1280.51916
1280.51916
1280.51916
1280.51916
1280.51916
1280.51916
1280.51916
1280.51916
1280.51916
1280.51916
1280.51916
1280.51916
1280.51916
1280.51916
1280.51916
1280.51916
1280.51916
1280.51916
1280.51916
1280.51916
1280.51916
1280.51852
1280.51852
1280.51852
1280.51852
1280.51852
1280.51852
1280.51852
1280.51852
1280.51852
1280.51852
1280.51852
1280.51852
1280.51852
1280.51852
1280.51852
1280.51852
1280.51852
1280.51852
1280.51852
1280.51852
1280.51852
1280.51852
1280.51852
1280.51846
1280.51846
1280.51846
1280.51846
1280.51846
1280.51846
1280.51846
1280.51846
1280.51846
1280.51846
1280.51846
1280.51846
1280.51846
1280.51846
1280.51846
1280.51846
1280.51846
1280.51846
1280.51846
1280.51846
1280.51846
1280.51846
1280.51846
1280.51839
1280.51839
1280.51839
1280.51839
1280.51839
1280.51839
1280.51839
1280.51839
1280.51839
1280.51839
1280.51839
1280.51839
1280.51839
1280.51839
1280.51839
1280.51839
1280.51839
1280.51839
1280.51839
1280.51839
1280.51839
1280.51839
1280.51839
1280.51839
1280.51839
1280.51839
1280.51839
1280.51839
1280.51839
1280.51839
1280.51839
1280.51839
1280.51839
1280.51839
1280.51839
1280.51839
1280.51839
1280.51839
1280.51839
1280.51839
1280.51839
1280.51839
1280.51839
1280.51839
1280.51839
1280.51839
1280.51839
1280.51839
1280.51839
1280.51839
1280.51839
1280.51839
1280.51838
1280.51838
1280.51838
1280.51838
1280.51838
1280.51838
1280.51838
1280.51838
1280.51838
1280.51838
1280.51838
1280.51838
1280.51838
1280.51838
1280.51838
1280.51838
1280.51838
1280.51838
1280.51838
1280.51838
1280.51838
1280.51838
1280.51838
1280.51838
1280.51838
1280.51838
1280.51838
1280.51838
1280.51838
1280.51838
1280.51838
1280.51838
1280.51838
1280.51838
1280.51838
1280.51838
1280.51838
1280.51838
1280.51838
1280.51838
1280.51838
1280.51838
1280.51838
1280.51838
1280.51838
1280.51838
1280.51838
1280.51838
1280.51838
1280.51838
1280.51838
1280.51838
1280.51901
1280.51901
1280.51901
1280.51901
1280.51901
1280.51901
1280.51901
1280.51901
1280.51901
1280.51901
1280.51901
1280.51901
1280.51901
1280.51901
1280.51901
1280.51901
1280.51901
1280.51901
1280.51901
1280.51901
1280.51901
1280.51901
1280.51901
1280.51901
1280.51901
1280.51901
1280.51901
1280.51901
1280.51901
1280.51901
1280.51901
1280.51901
1280.51901
1280.51901
1280.51901
1280.51901
1280.51901
1280.51901
1280.51901
1280.51901
1280.51901
1280.51901
1280.51901
1280.51901
1280.51901
1280.51901
1280.51901
1280.51901
1280.51901
1280.51901
1280.51901
1280.51901
1280.51858
1280.51858
1280.51858
1280.51858
1280.51858
1280.51858
1280.51858
1280.51858
1280.51858
1280.51858
1280.51858
1280.51858
1280.51858
1280.51858
1280.51858
1280.51858
1280.51858
1280.51858
1280.51858
1280.51858
1280.51858
1280.51858
1280.51858
1280.51858
1280.51858
1280.51858
1280.51858
1280.51858
1280.51858
1280.51858
1280.51858
1280.51858
1280.51858
1280.51858
1280.51858
1280.51858
1280.51858
1280.51858
1280.51858
1280.51858
1280.51858
1280.51858
1280.51858
1280.51858
1280.51858
1280.51858
1280.51858
1280.51858
1280.51858
1280.51858
1280.51858
1280.51858
1413491.3
1280.7260
1280.7260
1280.7260
1280.7260
1280.7261
1280.7261
1280.7261
1280.7261
1413416.3
1280.7263
1280.7263
1280.7263
1280.7263
1280.9265
1280.9265
1280.9265
1280.9265
1280.9265
1280.9265
1280.51836
1280.51836
1280.51836
1280.51836
1280.51836
1280.51836
1280.51836
1280.51836
1280.51836
1280.51836
1280.51836
1280.51836
1280.51836
1280.51836
1280.51836
1280.51836
1280.51836
1280.51836
1280.51836
1280.51836
1280.51836
1280.51836
1280.51836
1280.51836
1280.51836
1280.51836
1280.51836
1280.51836
1280.51836
1280.51836
1280.51836
1280.51836
1280.51836
1280.51836
1280.51836
1280.51836
1280.51836
1280.51836
1280.51836
1280.51836
1280.51836
1280.51836
1280.51836
1280.51836
1280.51836
1280.51836
1280.51836
1280.51836
1280.51836
1280.51836
1280.51836
1280.51836
1280.51829
1280.51829
1280.51829
1280.51829
1280.51829
1280.51829
1280.51829
1280.51829
1280.51829
1280.51829
1280.51829
1280.51829
1280.51829
1280.51829
1280.51829
1280.51829
1280.51829
1280.51829
1280.51829
1280.51829
1280.51829
1280.51829
1280.51829
1280.51829
1280.51829
1280.51829
1280.51829
1280.51829
1280.51829
1280.51829
1280.51829
1280.51829
1280.51829
1280.51829
1280.51829
1280.51829
1280.51829
1280.51829
1280.51829
1280.51829
1280.51829
1280.51829
1280.51829
1280.51829
1280.51829
1280.51829
1280.51829
1280.51829
1280.51829
1280.51829
1280.51829
1280.51829
1280.51868
1280.51868
1280.51868
1280.51868
1280.51868
1280.51868
1280.51868
1280.51868
1280.51868
1280.51868
1280.51868
1280.51868
1280.51868
1280.51868
1280.51868
1280.51868
1280.51868
1280.51868
1280.51868
1280.51868
1280.51868
1280.51868
1280.51868
1280.51868
1280.51868
1280.51868
1280.51868
1280.51868
1280.51868
1280.51868
1280.51868
1280.51868
1280.51868
1280.51868
1280.51868
1280.51868
1280.51868
1280.51868
1280.51868
1280.51868
1280.51868
1280.51868
1280.51868
1280.51868
1280.51868
1280.51868
1280.51868
1280.51868
1280.51868
1280.51868
1280.51868
1280.51868
1280.51764
1280.51764
1280.51764
1280.51764
1280.51764
1280.51764
1280.51764
1280.51764
1280.51764
1280.51764
1280.51764
1280.51764
1280.51764
1280.51764
1280.51764
1280.51764
1280.51764
1280.51764
1280.51764
1280.51764
1280.51764
1280.51764
1280.51764
1280.51764
1280.51764
1280.51764
1280.51764
1280.51764
1280.51764
1280.51764
1280.51764
1280.51764
1280.51764
1280.51764
1280.51764
1280.51764
1280.51764
1280.51764
1280.51764
1280.51764
1280.51764
1280.51764
1280.51764
1280.51764
1280.51764
1280.51764
1280.51764
1280.51764
1280.51764
1280.51764
1280.51764
1280.51764
1280.51773
1280.51773
1280.51773
1280.51773
1280.51773
1280.51773
1280.51773
1280.51773
1280.51773
1280.51773
1280.51773
1280.51773
1280.51773
1280.51773
1280.51773
1280.51773
1280.51773
1280.51773
1280.51773
1280.51773
1280.51773
1280.51773
1280.51773
1280.51773
1280.51773
1280.51773
1280.51773
1280.51773
1280.51773
1280.51773
1280.51773
1280.51773
1280.51773
1280.51773
1280.51773
1280.51773
1280.51773
1280.51773
1280.51773
1280.51773
1280.51773
1280.51773
1280.51773
1280.51773
1280.51773
1280.51773
1280.51773
1280.51773
1280.51773
1280.51773
1280.51773
1280.51773
1280.51740
1280.51740
1280.51740
1280.51740
1280.51740
1280.51740
1280.51740
1280.51740
1280.51740
1280.51740
1280.51740
1280.51740
1280.51740
1280.51740
1280.51740
1280.51740
1280.51740
1280.51740
1280.51740
1280.51740
1280.51740
1280.51740
1280.51740
1280.51740
1280.51740
1280.51740
1280.51740
1280.51740
1280.51740
1280.51740
1280.51740
1280.51740
1280.51740
1280.51740
1280.51740
1280.51740
1280.51740
1280.51740
1280.51740
1280.51740
1280.51740
1280.51740
1280.51740
1280.51740
1280.51740
1280.51740
1280.51740
1280.51740
1280.51740
1280.51740
1280.51740
1280.51740
1280.51754
1280.51754
1280.51754
1280.51754
1280.51754
1280.51754
1280.51754
1280.51754
1280.51754
1280.51754
1280.51754
1280.51754
1280.51754
1280.51754
1280.51754
1280.51754
1280.51754
1280.51754
1280.51754
1280.51754
1280.51754
1280.51754
1280.51754
1280.51754
1280.51754
1280.51754
1280.51754
1280.51754
1280.51754
1280.51754
1280.51754
1280.51754
1280.51754
1280.51754
1280.51754
1280.51754
1280.51754
1280.51754
1280.51754
1280.51754
1280.51754
1280.51754
1280.51754
1280.51754
1280.51754
1280.51754
1280.51754
1280.51754
1280.51754
1280.51754
1280.51754
1280.51754
1280.51803
1280.51803
1280.51803
1280.51803
1280.51803
1280.51803
1280.51803
1280.51803
1280.51803
1280.51803
1280.51803
1280.51803
1280.51803
1280.51803
1280.51803
1280.51803
1280.51803
1280.51803
1280.51803
1280.51803
1280.51803
1280.51803
1280.51803
1280.51803
1280.51803
1280.51803
1280.51803
1280.51803
1280.51803
1280.51803
1280.51803
1280.51803
1280.51803
1280.51803
1280.51803
1280.51803
1280.51803
1280.51803
1280.51803
1280.51803
1280.51803
1280.51803
1280.51803
1280.51803
1280.51803
1280.51803
1280.51803
1280.51803
1280.51803
1280.51803
1280.51803
1280.51803
1280.51800
1280.51800
1280.51800
1280.51800
1280.51800
1280.51800
1280.51800
1280.51800
1280.51800
1280.51800
1280.51800
1280.51800
1280.51800
1280.51800
1280.51800
1280.51800
1280.51800
1280.51800
1280.51800
1280.51800
1280.51800
1280.51800
1280.51800
1280.51800
1280.51800
1280.51800
1280.51800
1280.51800
1280.51800
1280.51800
1280.51800
1280.51800
1280.51800
1280.51800
1280.51800
1280.51800
1280.51800
1280.51800
1280.51800
1280.51800
1280.51800
1280.51800
1280.51800
1280.51800
1280.51800
1280.51800
1280.51800
1280.51800
1280.51800
1280.51800
1280.51800
1280.51800
1280.51752
1280.51752
1280.51752
1280.51752
1280.51752
1280.51752
1280.51752
1280.51752
1280.51752
1280.51752
1280.51752
1280.51752
1280.51752
1280.51752
1280.51752
1280.51752
1280.51752
1280.51752
1280.51752
1280.51752
1280.51752
1280.51752
1280.51752
1280.51752
1280.51752
1280.51752
1280.51752
1280.51752
1280.51752
1280.51752
1280.51752
1280.51752
1280.51752
1280.51752
1280.51752
1280.51752
1280.51752
1280.51752
1280.51752
1280.51752
1280.51752
1280.51752
1280.51752
1280.51752
1280.51752
1280.51752
1280.51752
1280.51752
1280.51752
1280.51752
1280.51752
1280.51752
1280.51741
1280.51741
1280.51741
1280.51741
1280.51741
1280.51741
1280.51741
1280.51741
1280.51741
1280.51741
1280.51741
1280.51741
1280.51741
1280.51741
1280.51741
1280.51741
1280.51741
1280.51741
1280.51741
1280.51741
1280.51741
1280.51741
1280.51741
1280.51741
1280.51741
1280.51741
1280.51741
1280.51741
1280.51741
1280.51741
1280.51741
1280.51741
1280.51741
1280.51741
1280.51741
1280.51741
1280.51741
1280.51741
1280.51741
1280.51741
1280.51741
1280.51741
1280.51741
1280.51741
1280.51741
1280.51741
1280.51741
1280.51741
1280.51741
1280.51741
1280.51741
1280.51741
1280.51920
1280.51920
1280.51920
1280.51920
1280.51920
1280.51920
1280.51920
1280.51920
1280.51920
1280.51920
1280.51920
1280.51920
1280.51920
1280.51920
1280.51920
1280.51920
1280.51920
1280.51920
1280.51920
1280.51920
1280.51920
1280.51920
1280.51920
1280.51920
1280.51920
1280.51920
1280.51920
1280.51920
1280.51920
1280.51920
1280.51920
1280.51920
1280.51920
1280.51920
1280.51920
1280.51920
1280.51920
1280.51920
1280.51920
1280.51920
1280.51920
1280.51920
1280.51920
1280.51920
1280.51920
1280.51920
1280.51920
1280.51920
1280.51920
1280.51920
1280.51920
1280.51920
1280.51891
1280.51891
1280.51891
1280.51891
1280.51891
1280.51891
1280.51891
1280.51891
1280.51891
1280.51891
1280.51891
1280.51891
1280.51891
1280.51891
1280.51891
1280.51891
1280.51891
1280.51891
1280.51891
1280.51891
1280.51891
1280.51891
1280.51891
1280.51891
1280.51891
1280.51891
1280.51891
1280.51891
1280.51891
1280.51891
1280.51891
1280.51891
1280.51891
1280.51891
1280.51891
1280.51891
1280.51891
1280.51891
1280.51891
1280.51891
1280.51891
1280.51891
1280.51891
1280.51891
1280.51891
1280.51891
1280.51891
1280.51891
1280.51891
1280.51891
1280.51891
1280.51891
1280.51775
1280.51775
1280.51775
1280.51775
1280.51775
1280.51775
1280.51775
1280.51775
1280.51775
1280.51775
1280.51775
1280.51775
1280.51775
1280.51775
1280.51775
1280.51775
1280.51775
1280.51775
1280.51775
1280.51775
1280.51775
1280.51775
1280.51775
1280.51775
1280.51775
1280.51775
1280.51775
1280.51775
1280.51775
1280.51775
1280.51775
1280.51775
1280.51775
1280.51775
1280.51775
1280.51775
1280.51775
1280.51775
1280.51775
1280.51775
1280.51775
1280.51775
1280.51775
1280.51775
1280.51775
1280.51775
1280.51775
1280.51775
1280.51775
1280.51775
1280.51775
1280.51775
1280.51826
1280.51826
1280.51826
1280.51826
1280.51826
1280.51826
1280.51826
1280.51826
1280.51826
1280.51826
1280.51826
1280.51826
1280.51826
1280.51826
1280.51826
1280.51826
1280.51826
1280.51826
1280.51826
1280.51826
1280.51826
1280.51826
1280.51826
1280.51826
1280.51826
1280.51826
1280.51826
1280.51826
1280.51826
1280.51826
1280.51826
1280.51826
1280.51826
1280.51826
1280.51826
1280.51826
1280.51826
1280.51826
1280.51826
1280.51826
1280.51826
1280.51826
1280.51826
1280.51826
1280.51826
1280.51826
1280.51826
1280.51826
1280.51826
1280.51826
1280.51826
1280.51826
1280.51832
1280.51832
1280.51832
1280.51832
1280.51832
1280.51832
1280.51832
1280.51832
1280.51832
1280.51832
1280.51832
1280.51832
1280.51832
1280.51832
1280.51832
1280.51832
1280.51832
1280.51832
1280.51832
1280.51832
1280.51832
1280.51832
1280.51832
1280.51832
1280.51832
1280.51832
1280.51832
1280.51832
1280.51832
1280.51832
1280.51832
1280.51832
1280.51832
1280.51832
1280.51832
1280.51832
1280.51832
1280.51832
1280.51832
1280.51832
1280.51832
1280.51832
1280.51832
1280.51832
1280.51832
1280.51832
1280.51832
1280.51832
1280.51832
1280.51832
1280.51832
1280.51832
1280.51919
1280.51919
1280.51919
1280.51919
1280.51919
1280.51919
1280.51919
1280.51919
1280.51919
1280.51919
1280.51919
1280.51919
1280.51919
1280.51919
1280.51919
1280.51919
1280.51919
1280.51919
1280.51919
1280.51919
1280.51919
1280.51919
1280.51919
1280.51919
1280.51919
1280.51919
1280.51919
1280.51919
1280.51919
1280.51919
1280.51919
1280.51919
1280.51919
1280.51919
1280.51919
1280.51919
1280.51919
1280.51919
1280.51919
1280.51919
1280.51919
1280.51919
1280.51919
1280.51919
1280.51919
1280.51919
1280.51919
1280.51919
1280.51919
1280.51919
1280.51919
1280.51919
1280.51824
1280.51824
1280.51824
1280.51824
1280.51824
1280.51824
1280.51824
1280.51824
1280.51824
1280.51824
1280.51824
1280.51824
1280.51824
1280.51824
1280.51824
1280.51824
1280.51824
1280.51824
1280.51824
1280.51824
1280.51824
1280.51824
1280.51824
1280.51824
1280.51824
1280.51824
1280.51824
1280.51824
1280.51824
1280.51824
1280.51824
1280.51824
1280.51824
1280.51824
1280.51824
1280.51824
1280.51824
1280.51824
1280.51824
1280.51824
1280.51824
1280.51824
1280.51824
1280.51824
1280.51824
1280.51824
1280.51824
1280.51824
1280.51824
1280.51824
1280.51824
1280.51824
1280.51889
1280.51889
1280.51889
1280.51889
1280.51889
1280.51889
1280.51889
1280.51889
1280.51889
1280.51889
1280.51889
1280.51889
1280.51889
1280.51889
1280.51889
1280.51889
1280.51889
1280.51889
1280.51889
1280.51889
1280.51889
1280.51889
1280.51889
1280.51889
1280.51889
1280.51889
1280.51889
1280.51889
1280.51889
1280.51889
1280.51889
1280.51889
1280.51889
1280.51889
1280.51889
1280.51889
1280.51889
1280.51889
1280.51889
1280.51889
1280.51889
1280.51889
1280.51889
1280.51889
1280.51889
1280.51889
1280.51889
1280.51889
1280.51889
1280.51889
1280.51889
1280.51889
1280.51792
1280.51792
1280.51792
1280.51792
1280.51792
1280.51792
1280.51792
1280.51792
1280.51792
1280.51792
1280.51792
1280.51792
1280.51792
1280.51792
1280.51792
1280.51792
1280.51792
1280.51792
1280.51792
1280.51792
1280.51792
1280.51792
1280.51792
1280.51792
1280.51792
1280.51792
1280.51792
1280.51792
1280.51792
1280.51792
1280.51792
1280.51792
1280.51792
1280.51792
1280.51792
1280.51792
1280.51792
1280.51792
1280.51792
1280.51792
1280.51792
1280.51792
1280.51792
1280.51792
1280.51792
1280.51792
1280.51792
1280.51792
1280.51792
1280.51792
1280.51792
1280.51792
1280.51799
1280.51799
1280.51799
1280.51799
1280.51799
1280.51799
1280.51799
1280.51799
1280.51799
1280.51799
1280.51799
1280.51799
1280.51799
1280.51799
1280.51799
1280.51799
1280.51799
1280.51799
1280.51799
1280.51799
1280.51799
1280.51799
1280.51799
1280.51799
1280.51799
1280.51799
1280.51799
1280.51799
1280.51799
1280.51799
1280.51799
1280.51799
1280.51799
1280.51799
1280.51799
1280.51799
1280.51799
1280.51799
1280.51799
1280.51799
1280.51799
1280.51799
1280.51799
1280.51799
1280.51799
1280.51799
1280.51799
1280.51799
1280.51799
1280.51799
1280.51799
1280.51799
1280.9266
1280.9266
1280.9266
1280.9266
1280.9266
1280.9266
1280.7355
1280.7355
1280.7355
1280.7355
1280.7355
1280.7355
1280.9267
1280.9267
1280.9267
1280.9267
1280.9267
1280.9267
1280.7352
1280.7352
1280.7352
1280.7352
1280.7352
1280.7352
1280.51810
1280.51810
1280.51810
1280.51810
1280.51810
1280.51810
1280.51810
1280.51810
1280.51810
1280.51810
1280.51810
1280.51810
1280.51810
1280.51810
1280.51810
1280.51810
1280.51810
1280.51810
1280.51810
1280.51810
1280.51810
1280.51810
1280.51810
1280.51810
1280.51810
1280.51810
1280.51810
1280.51810
1280.51810
1280.51810
1280.51810
1280.51810
1280.51810
1280.51810
1280.51810
1280.51810
1280.51810
1280.51810
1280.51810
1280.51810
1280.51810
1280.51810
1280.51810
1280.51810
1280.51810
1280.51810
1280.51810
1280.51810
1280.51810
1280.51810
1280.51810
1280.51810
1280.51739
1280.51739
1280.51739
1280.51739
1280.51739
1280.51739
1280.51739
1280.51739
1280.51739
1280.51739
1280.51739
1280.51739
1280.51739
1280.51739
1280.51739
1280.51739
1280.51739
1280.51739
1280.51739
1280.51739
1280.51739
1280.51739
1280.51739
1280.51739
1280.51739
1280.51739
1280.51739
1280.51739
1280.51739
1280.51739
1280.51739
1280.51739
1280.51739
1280.51739
1280.51739
1280.51739
1280.51739
1280.51739
1280.51739
1280.51739
1280.51739
1280.51739
1280.51739
1280.51739
1280.51739
1280.51739
1280.51739
1280.51739
1280.51739
1280.51739
1280.51739
1280.51739
1280.51761
1280.51761
1280.51761
1280.51761
1280.51761
1280.51761
1280.51761
1280.51761
1280.51761
1280.51761
1280.51761
1280.51761
1280.51761
1280.51761
1280.51761
1280.51761
1280.51761
1280.51761
1280.51761
1280.51761
1280.51761
1280.51805
1280.51805
1280.51805
1280.51805
1280.51805
1280.51805
1280.51805
1280.51805
1280.51805
1280.51805
1280.51805
1280.51805
1280.51805
1280.51805
1280.51805
1280.51805
1280.51805
1280.51805
1280.51805
1280.51805
1280.51805
1280.51806
1280.51806
1280.51806
1280.51806
1280.51806
1280.51806
1280.51806
1280.51806
1280.51806
1280.51806
1280.51806
1280.51806
1280.51806
1280.51806
1280.51806
1280.51806
1280.51806
1280.51806
1280.51806
1280.51806
1280.51806
1280.51776
1280.51776
1280.51776
1280.51776
1280.51776
1280.51776
1280.51776
1280.51776
1280.51776
1280.51776
1280.51776
1280.51776
1280.51776
1280.51776
1280.51776
1280.51776
1280.51776
1280.51776
1280.51776
1280.51776
1280.51776
1280.51927
1280.51927
1280.51927
1280.51927
1280.51927
1280.51927
1280.51927
1280.51927
1280.51927
1280.51927
1280.51927
1280.51927
1280.51927
1280.51927
1280.51927
1280.51927
1280.51927
1280.51927
1280.51927
1280.51927
1280.51927
1280.51815
1280.51815
1280.51815
1280.51815
1280.51815
1280.51815
1280.51815
1280.51815
1280.51815
1280.51815
1280.51815
1280.51815
1280.51815
1280.51815
1280.51815
1280.51815
1280.51815
1280.51815
1280.51815
1280.51815
1280.51815
1280.51815
1280.51815
1280.51815
1280.51815
1280.51815
1280.51815
1280.51815
1280.51815
1280.51815
1280.51815
1280.51815
1280.51815
1280.51815
1280.51815
1280.51815
1280.51815
1280.51815
1280.51815
1280.51815
1280.51815
1280.51815
1280.51815
1280.51815
1280.51815
1280.51815
1280.51815
1280.51815
1280.51815
1280.51815
1280.51815
1280.51815
1280.51779
1280.51779
1280.51779
1280.51779
1280.51779
1280.51779
1280.51779
1280.51779
1280.51779
1280.51779
1280.51779
1280.51779
1280.51779
1280.51779
1280.51779
1280.51779
1280.51779
1280.51779
1280.51779
1280.51779
1280.51779
1280.51779
1280.51779
1280.51779
1280.51779
1280.51779
1280.51779
1280.51779
1280.51779
1280.51779
1280.51779
1280.51779
1280.51779
1280.51779
1280.51779
1280.51779
1280.51779
1280.51779
1280.51779
1280.51779
1280.51779
1280.51779
1280.51779
1280.51779
1280.51779
1280.51779
1280.51779
1280.51779
1280.51779
1280.51779
1280.51779
1280.51779
1280.51921
1280.51921
1280.51921
1280.51921
1280.51921
1280.51921
1280.51921
1280.51921
1280.51921
1280.51921
1280.51921
1280.51921
1280.51921
1280.51921
1280.51921
1280.51921
1280.51921
1280.51921
1280.51921
1280.51921
1280.51921
1280.51933
1280.51933
1280.51933
1280.51933
1280.51933
1280.51933
1280.51933
1280.51933
1280.51933
1280.51933
1280.51933
1280.51933
1280.51933
1280.51933
1280.51933
1280.51933
1280.51933
1280.51933
1280.51933
1280.51933
1280.51933
1280.51933
1280.51933
1280.51813
1280.51813
1280.51813
1280.51813
1280.51813
1280.51813
1280.51813
1280.51813
1280.51813
1280.51813
1280.51813
1280.51813
1280.51813
1280.51813
1280.51813
1280.51813
1280.51813
1280.51813
1280.51813
1280.51813
1280.51813
1280.51813
1280.51813
1280.51813
1280.51813
1280.51813
1280.51813
1280.51813
1280.51813
1280.51813
1280.51813
1280.51813
1280.51813
1280.51813
1280.51813
1280.51813
1280.51813
1280.51813
1280.51813
1280.51813
1280.51813
1280.51813
1280.51813
1280.51813
1280.51813
1280.51813
1280.51813
1280.51813
1280.51813
1280.51813
1280.51813
1280.51813
1280.51812
1280.51812
1280.51812
1280.51812
1280.51812
1280.51812
1280.51812
1280.51812
1280.51812
1280.51812
1280.51812
1280.51812
1280.51812
1280.51812
1280.51812
1280.51812
1280.51812
1280.51812
1280.51812
1280.51812
1280.51812
1280.51812
1280.51812
1280.51812
1280.51812
1280.51812
1280.51812
1280.51812
1280.51812
1280.51812
1280.51812
1280.51812
1280.51812
1280.51812
1280.51812
1280.51812
1280.51812
1280.51812
1280.51812
1280.51812
1280.51812
1280.51812
1280.51812
1280.51812
1280.51812
1280.51812
1280.51812
1280.51812
1280.51812
1280.51812
1280.51812
1280.51812
1280.51798
1280.51798
1280.51798
1280.51798
1280.51798
1280.51798
1280.51798
1280.51798
1280.51798
1280.51798
1280.51798
1280.51798
1280.51798
1280.51798
1280.51798
1280.51798
1280.51798
1280.51798
1280.51798
1280.51798
1280.51798
1280.51798
1280.51798
1280.51798
1280.51798
1280.51798
1280.51798
1280.51798
1280.51798
1280.51798
1280.51798
1280.51798
1280.51798
1280.51798
1280.51798
1280.51798
1280.51798
1280.51798
1280.51798
1280.51798
1280.51798
1280.51798
1280.51798
1280.51798
1280.51798
1280.51798
1280.51798
1280.51798
1280.51798
1280.51798
1280.51798
1280.51798
1280.51929
1280.51929
1280.51929
1280.51929
1280.51929
1280.51929
1280.51929
1280.51929
1280.51929
1280.51929
1280.51929
1280.51929
1280.51929
1280.51929
1280.51929
1280.51929
1280.51929
1280.51929
1280.51929
1280.51929
1280.51929
1280.51929
1280.51929
1280.51769
1280.51769
1280.51769
1280.51769
1280.51769
1280.51769
1280.51769
1280.51769
1280.51769
1280.51769
1280.51769
1280.51769
1280.51769
1280.51769
1280.51769
1280.51769
1280.51769
1280.51769
1280.51769
1280.51769
1280.51769
1280.51885
1280.51885
1280.51885
1280.51885
1280.51885
1280.51885
1280.51885
1280.51885
1280.51885
1280.51885
1280.51885
1280.51885
1280.51885
1280.51885
1280.51885
1280.51885
1280.51885
1280.51885
1280.51885
1280.51885
1280.51885
1280.51885
1280.51885
1280.51876
1280.51876
1280.51876
1280.51876
1280.51876
1280.51876
1280.51876
1280.51876
1280.51876
1280.51876
1280.51876
1280.51876
1280.51876
1280.51876
1280.51876
1280.51876
1280.51876
1280.51876
1280.51876
1280.51876
1280.51876
1280.51770
1280.51770
1280.51770
1280.51770
1280.51770
1280.51770
1280.51770
1280.51770
1280.51770
1280.51770
1280.51770
1280.51770
1280.51770
1280.51770
1280.51770
1280.51770
1280.51770
1280.51770
1280.51770
1280.51770
1280.51770
1280.51770
1280.51770
1280.51770
1280.51770
1280.51770
1280.51770
1280.51770
1280.51770
1280.51770
1280.51770
1280.51770
1280.51770
1280.51770
1280.51770
1280.51770
1280.51770
1280.51770
1280.51770
1280.51770
1280.51770
1280.51770
1280.51770
1280.51770
1280.51770
1280.51770
1280.51770
1280.51770
1280.51770
1280.51770
1280.51770
1280.51770
1280.51793
1280.51793
1280.51793
1280.51793
1280.51793
1280.51793
1280.51793
1280.51793
1280.51793
1280.51793
1280.51793
1280.51793
1280.51793
1280.51793
1280.51793
1280.51793
1280.51793
1280.51793
1280.51793
1280.51793
1280.51793
1280.51793
1280.51793
1280.51872
1280.51872
1280.51872
1280.51872
1280.51872
1280.51872
1280.51872
1280.51872
1280.51872
1280.51872
1280.51872
1280.51872
1280.51872
1280.51872
1280.51872
1280.51872
1280.51872
1280.51872
1280.51872
1280.51872
1280.51872
1280.51872
1280.51872
1280.51872
1280.51872
1280.51872
1280.51872
1280.51872
1280.51872
1280.51872
1280.51872
1280.51872
1280.51872
1280.51872
1280.51872
1280.51872
1280.51872
1280.51872
1280.51872
1280.51872
1280.51872
1280.51872
1280.51872
1280.51872
1280.51872
1280.51872
1280.51872
1280.51872
1280.51872
1280.51872
1280.51872
1280.51872
1280.51906
1280.51906
1280.51906
1280.51906
1280.51906
1280.51906
1280.51906
1280.51906
1280.51906
1280.51906
1280.51906
1280.51906
1280.51906
1280.51906
1280.51906
1280.51906
1280.51906
1280.51906
1280.51906
1280.51906
1280.51906
1280.51922
1280.51922
1280.51922
1280.51922
1280.51922
1280.51922
1280.51922
1280.51922
1280.51922
1280.51922
1280.51922
1280.51922
1280.51922
1280.51922
1280.51922
1280.51922
1280.51922
1280.51922
1280.51922
1280.51922
1280.51922
1280.51922
1280.51922
1280.51922
1280.51922
1280.51922
1280.51922
1280.51922
1280.51922
1280.51922
1280.51922
1280.51922
1280.51922
1280.51922
1280.51922
1280.51922
1280.51922
1280.51922
1280.51922
1280.51922
1280.51922
1280.51922
1280.51922
1280.51922
1280.51922
1280.51922
1280.51922
1280.51922
1280.51922
1280.51922
1280.51922
1280.51922
1280.51742
1280.51742
1280.51742
1280.51742
1280.51742
1280.51742
1280.51742
1280.51742
1280.51742
1280.51742
1280.51742
1280.51742
1280.51742
1280.51742
1280.51742
1280.51742
1280.51742
1280.51742
1280.51742
1280.51742
1280.51742
1280.51742
1280.51742
1280.51742
1280.51742
1280.51742
1280.51742
1280.51742
1280.51742
1280.51742
1280.51742
1280.51742
1280.51742
1280.51742
1280.51742
1280.51742
1280.51742
1280.51742
1280.51742
1280.51742
1280.51742
1280.51742
1280.51742
1280.51742
1280.51742
1280.51742
1280.51742
1280.51742
1280.51742
1280.51742
1280.51742
1280.51742
1280.51748
1280.51748
1280.51748
1280.51748
1280.51748
1280.51748
1280.51748
1280.51748
1280.51748
1280.51748
1280.51748
1280.51748
1280.51748
1280.51748
1280.51748
1280.51748
1280.51748
1280.51748
1280.51748
1280.51748
1280.51748
1280.51748
1280.51748
1280.51748
1280.51748
1280.51748
1280.51748
1280.51748
1280.51748
1280.51748
1280.51748
1280.51748
1280.51748
1280.51748
1280.51748
1280.51748
1280.51748
1280.51748
1280.51748
1280.51748
1280.51748
1280.51748
1280.51748
1280.51748
1280.51748
1280.51748
1280.51748
1280.51748
1280.51748
1280.51748
1280.51748
1280.51748
1280.51936
1280.51936
1280.51936
1280.51936
1280.51936
1280.51936
1280.51936
1280.51936
1280.51936
1280.51936
1280.51936
1280.51936
1280.51936
1280.51936
1280.51936
1280.51936
1280.51936
1280.51936
1280.51936
1280.51936
1280.51936
1280.51936
1280.51936
1280.51744
1280.51744
1280.51744
1280.51744
1280.51744
1280.51744
1280.51744
1280.51744
1280.51744
1280.51744
1280.51744
1280.51744
1280.51744
1280.51744
1280.51744
1280.51744
1280.51744
1280.51744
1280.51744
1280.51744
1280.51744
1280.51768
1280.51768
1280.51768
1280.51768
1280.51768
1280.51768
1280.51768
1280.51768
1280.51768
1280.51768
1280.51768
1280.51768
1280.51768
1280.51768
1280.51768
1280.51768
1280.51768
1280.51768
1280.51768
1280.51768
1280.51768
1280.51816
1280.51816
1280.51816
1280.51816
1280.51816
1280.51816
1280.51816
1280.51816
1280.51816
1280.51816
1280.51816
1280.51816
1280.51816
1280.51816
1280.51816
1280.51816
1280.51816
1280.51816
1280.51816
1280.51816
1280.51816
1280.51777
1280.51777
1280.51777
1280.51777
1280.51777
1280.51777
1280.51777
1280.51777
1280.51777
1280.51777
1280.51777
1280.51777
1280.51777
1280.51777
1280.51777
1280.51777
1280.51777
1280.51777
1280.51777
1280.51777
1280.51777
1280.51777
1280.51777
1280.51777
1280.51777
1280.51777
1280.51777
1280.51777
1280.51777
1280.51777
1280.51777
1280.51777
1280.51777
1280.51777
1280.51777
1280.51777
1280.51777
1280.51777
1280.51777
1280.51777
1280.51777
1280.51777
1280.51777
1280.51777
1280.51777
1280.51777
1280.51777
1280.51777
1280.51777
1280.51777
1280.51777
1280.51777
1280.51791
1280.51791
1280.51791
1280.51791
1280.51791
1280.51791
1280.51791
1280.51791
1280.51791
1280.51791
1280.51791
1280.51791
1280.51791
1280.51791
1280.51791
1280.51791
1280.51791
1280.51791
1280.51791
1280.51791
1280.51791
1280.51791
1280.51791
1280.51791
1280.51791
1280.51791
1280.51791
1280.51791
1280.51791
1280.51791
1280.51791
1280.51791
1280.51791
1280.51791
1280.51791
1280.51791
1280.51791
1280.51791
1280.51791
1280.51791
1280.51791
1280.51791
1280.51791
1280.51791
1280.51791
1280.51791
1280.51791
1280.51791
1280.51791
1280.51791
1280.51791
1280.51791
1280.51787
1280.51787
1280.51787
1280.51787
1280.51787
1280.51787
1280.51787
1280.51787
1280.51787
1280.51787
1280.51787
1280.51787
1280.51787
1280.51787
1280.51787
1280.51787
1280.51787
1280.51787
1280.51787
1280.51787
1280.51787
1280.51787
1280.51787
1280.51787
1280.51787
1280.51787
1280.51787
1280.51787
1280.51787
1280.51787
1280.51787
1280.51787
1280.51787
1280.51787
1280.51787
1280.51787
1280.51787
1280.51787
1280.51787
1280.51787
1280.51787
1280.51787
1280.51787
1280.51787
1280.51787
1280.51787
1280.51787
1280.51787
1280.51787
1280.51787
1280.51787
1280.51787
1280.51807
1280.51807
1280.51807
1280.51807
1280.51807
1280.51807
1280.51807
1280.51807
1280.51807
1280.51807
1280.51807
1280.51807
1280.51807
1280.51807
1280.51807
1280.51807
1280.51807
1280.51807
1280.51807
1280.51807
1280.51807
1280.51804
1280.51804
1280.51804
1280.51804
1280.51804
1280.51804
1280.51804
1280.51804
1280.51804
1280.51804
1280.51804
1280.51804
1280.51804
1280.51804
1280.51804
1280.51804
1280.51804
1280.51804
1280.51804
1280.51804
1280.51804
1280.51804
1280.51804
1280.51766
1280.51766
1280.51766
1280.51766
1280.51766
1280.51766
1280.51766
1280.51766
1280.51766
1280.51766
1280.51766
1280.51766
1280.51766
1280.51766
1280.51766
1280.51766
1280.51766
1280.51766
1280.51766
1280.51766
1280.51766
1280.51766
1280.51766
1280.51766
1280.51766
1280.51766
1280.51766
1280.51766
1280.51766
1280.51766
1280.51766
1280.51766
1280.51766
1280.51766
1280.51766
1280.51766
1280.51766
1280.51766
1280.51766
1280.51766
1280.51766
1280.51766
1280.51766
1280.51766
1280.51766
1280.51766
1280.51766
1280.51766
1280.51766
1280.51766
1280.51766
1280.51766
1280.39704
1280.39704
1280.39702
1280.39702
1280.39705
1280.39705
1280.9268
1280.9268
1280.9268
1280.9268
1280.9268
1280.9268
1413394.3
1280.51749
1280.51749
1280.51749
1280.51749
1280.51749
1280.51749
1280.51749
1280.51749
1280.51749
1280.51749
1280.51749
1280.51749
1280.51749
1280.51749
1280.51749
1280.51749
1280.51749
1280.51749
1280.51749
1280.51749
1280.51749
1280.51749
1280.51749
1280.51749
1280.51749
1280.51749
1280.51749
1280.51749
1280.51749
1280.51749
1280.51749
1280.51749
1280.51749
1280.51749
1280.51749
1280.51749
1280.51749
1280.51749
1280.51749
1280.51749
1280.51749
1280.51749
1280.51749
1280.51749
1280.51749
1280.51749
1280.51749
1280.51749
1280.51749
1280.51749
1280.51749
1280.51749
1280.51753
1280.51753
1280.51753
1280.51753
1280.51753
1280.51753
1280.51753
1280.51753
1280.51753
1280.51753
1280.51753
1280.51753
1280.51753
1280.51753
1280.51753
1280.51753
1280.51753
1280.51753
1280.51753
1280.51753
1280.51753
1280.51747
1280.51747
1280.51747
1280.51747
1280.51747
1280.51747
1280.51747
1280.51747
1280.51747
1280.51747
1280.51747
1280.51747
1280.51747
1280.51747
1280.51747
1280.51747
1280.51747
1280.51747
1280.51747
1280.51747
1280.51747
1280.51817
1280.51817
1280.51817
1280.51817
1280.51817
1280.51817
1280.51817
1280.51817
1280.51817
1280.51817
1280.51817
1280.51817
1280.51817
1280.51817
1280.51817
1280.51817
1280.51817
1280.51817
1280.51817
1280.51817
1280.51817
1280.51817
1280.51817
1280.51817
1280.51817
1280.51817
1280.51817
1280.51817
1280.51817
1280.51817
1280.51817
1280.51817
1280.51817
1280.51817
1280.51817
1280.51817
1280.51817
1280.51817
1280.51817
1280.51817
1280.51817
1280.51817
1280.51817
1280.51817
1280.51817
1280.51817
1280.51817
1280.51817
1280.51817
1280.51817
1280.51817
1280.51817
1280.51745
1280.51745
1280.51745
1280.51745
1280.51745
1280.51745
1280.51745
1280.51745
1280.51745
1280.51745
1280.51745
1280.51745
1280.51745
1280.51745
1280.51745
1280.51745
1280.51745
1280.51745
1280.51745
1280.51745
1280.51745
1280.51818
1280.51818
1280.51818
1280.51818
1280.51818
1280.51818
1280.51818
1280.51818
1280.51818
1280.51818
1280.51818
1280.51818
1280.51818
1280.51818
1280.51818
1280.51818
1280.51818
1280.51818
1280.51818
1280.51818
1280.51818
1280.51818
1280.51818
1280.51818
1280.51818
1280.51818
1280.51818
1280.51818
1280.51818
1280.51818
1280.51818
1280.51818
1280.51818
1280.51818
1280.51818
1280.51818
1280.51818
1280.51818
1280.51818
1280.51818
1280.51818
1280.51818
1280.51818
1280.51818
1280.51818
1280.51818
1280.51818
1280.51818
1280.51818
1280.51818
1280.51818
1280.51818
1280.51808
1280.51808
1280.51808
1280.51808
1280.51808
1280.51808
1280.51808
1280.51808
1280.51808
1280.51808
1280.51808
1280.51808
1280.51808
1280.51808
1280.51808
1280.51808
1280.51808
1280.51808
1280.51808
1280.51808
1280.51808
1280.51778
1280.51778
1280.51778
1280.51778
1280.51778
1280.51778
1280.51778
1280.51778
1280.51778
1280.51778
1280.51778
1280.51778
1280.51778
1280.51778
1280.51778
1280.51778
1280.51778
1280.51778
1280.51778
1280.51778
1280.51778
1280.51743
1280.51743
1280.51743
1280.51743
1280.51743
1280.51743
1280.51743
1280.51743
1280.51743
1280.51743
1280.51743
1280.51743
1280.51743
1280.51743
1280.51743
1280.51743
1280.51743
1280.51743
1280.51743
1280.51743
1280.51743
1280.51743
1280.51743
1280.51743
1280.51743
1280.51743
1280.51743
1280.51743
1280.51743
1280.51743
1280.51743
1280.51743
1280.51743
1280.51743
1280.51743
1280.51743
1280.51743
1280.51743
1280.51743
1280.51743
1280.51743
1280.51743
1280.51743
1280.51743
1280.51743
1280.51743
1280.51743
1280.51743
1280.51743
1280.51743
1280.51743
1280.51743
1280.51772
1280.51772
1280.51772
1280.51772
1280.51772
1280.51772
1280.51772
1280.51772
1280.51772
1280.51772
1280.51772
1280.51772
1280.51772
1280.51772
1280.51772
1280.51772
1280.51772
1280.51772
1280.51772
1280.51772
1280.51772
1280.51772
1280.51772
1280.51772
1280.51772
1280.51772
1280.51772
1280.51772
1280.51772
1280.51772
1280.51772
1280.51772
1280.51772
1280.51772
1280.51772
1280.51772
1280.51772
1280.51772
1280.51772
1280.51772
1280.51772
1280.51772
1280.51772
1280.51772
1280.51772
1280.51772
1280.51772
1280.51772
1280.51772
1280.51772
1280.51772
1280.51772
1280.51809
1280.51809
1280.51809
1280.51809
1280.51809
1280.51809
1280.51809
1280.51809
1280.51809
1280.51809
1280.51809
1280.51809
1280.51809
1280.51809
1280.51809
1280.51809
1280.51809
1280.51809
1280.51809
1280.51809
1280.51809
1280.51871
1280.51871
1280.51871
1280.51871
1280.51871
1280.51871
1280.51871
1280.51871
1280.51871
1280.51871
1280.51871
1280.51871
1280.51871
1280.51871
1280.51871
1280.51871
1280.51871
1280.51871
1280.51871
1280.51871
1280.51871
1280.51871
1280.51871
1280.51871
1280.51871
1280.51871
1280.51871
1280.51871
1280.51871
1280.51871
1280.51871
1280.51871
1280.51871
1280.51871
1280.51871
1280.51871
1280.51871
1280.51871
1280.51871
1280.51871
1280.51871
1280.51871
1280.51871
1280.51871
1280.51871
1280.51871
1280.51871
1280.51871
1280.51871
1280.51871
1280.51871
1280.51871
1280.51879
1280.51879
1280.51879
1280.51879
1280.51879
1280.51879
1280.51879
1280.51879
1280.51879
1280.51879
1280.51879
1280.51879
1280.51879
1280.51879
1280.51879
1280.51879
1280.51879
1280.51879
1280.51879
1280.51879
1280.51879
1280.51879
1280.51879
1280.51879
1280.51879
1280.51879
1280.51879
1280.51879
1280.51879
1280.51879
1280.51879
1280.51879
1280.51879
1280.51879
1280.51879
1280.51879
1280.51879
1280.51879
1280.51879
1280.51879
1280.51879
1280.51879
1280.51879
1280.51879
1280.51879
1280.51879
1280.51879
1280.51879
1280.51879
1280.51879
1280.51879
1280.51879
1280.51771
1280.51771
1280.51771
1280.51771
1280.51771
1280.51771
1280.51771
1280.51771
1280.51771
1280.51771
1280.51771
1280.51771
1280.51771
1280.51771
1280.51771
1280.51771
1280.51771
1280.51771
1280.51771
1280.51771
1280.51771
1280.51874
1280.51874
1280.51874
1280.51874
1280.51874
1280.51874
1280.51874
1280.51874
1280.51874
1280.51874
1280.51874
1280.51874
1280.51874
1280.51874
1280.51874
1280.51874
1280.51874
1280.51874
1280.51874
1280.51874
1280.51874
1280.51751
1280.51751
1280.51751
1280.51751
1280.51751
1280.51751
1280.51751
1280.51751
1280.51751
1280.51751
1280.51751
1280.51751
1280.51751
1280.51751
1280.51751
1280.51751
1280.51751
1280.51751
1280.51751
1280.51751
1280.51751
1280.51751
1280.51751
1280.51751
1280.51751
1280.51751
1280.51751
1280.51751
1280.51751
1280.51751
1280.51751
1280.51751
1280.51751
1280.51751
1280.51751
1280.51751
1280.51751
1280.51751
1280.51751
1280.51751
1280.51751
1280.51751
1280.51751
1280.51751
1280.51751
1280.51751
1280.51751
1280.51751
1280.51751
1280.51751
1280.51751
1280.51751
1280.51932
1280.51932
1280.51932
1280.51932
1280.51932
1280.51932
1280.51932
1280.51932
1280.51932
1280.51932
1280.51932
1280.51932
1280.51932
1280.51932
1280.51932
1280.51932
1280.51932
1280.51932
1280.51932
1280.51932
1280.51932
1280.51932
1280.51932
1280.51767
1280.51767
1280.51767
1280.51767
1280.51767
1280.51767
1280.51767
1280.51767
1280.51767
1280.51767
1280.51767
1280.51767
1280.51767
1280.51767
1280.51767
1280.51767
1280.51767
1280.51767
1280.51767
1280.51767
1280.51767
1280.51746
1280.51746
1280.51746
1280.51746
1280.51746
1280.51746
1280.51746
1280.51746
1280.51746
1280.51746
1280.51746
1280.51746
1280.51746
1280.51746
1280.51746
1280.51746
1280.51746
1280.51746
1280.51746
1280.51746
1280.51746
1280.51746
1280.51746
1413401.3
1280.9269
1280.9269
1280.9269
1280.9269
1280.9269
1280.9269
1280.9270
1280.9270
1280.9270
1280.9270
1280.9270
1280.9270
1280.9271
1280.9271
1280.9271
1280.9271
1280.9271
1280.9271
1280.9272
1280.9272
1280.9272
1280.9272
1280.9272
1280.9272
1280.51928
1280.51928
1280.51928
1280.51928
1280.51928
1280.51928
1280.51928
1280.51928
1280.51928
1280.51928
1280.51928
1280.51928
1280.51928
1280.51928
1280.51928
1280.51928
1280.51928
1280.51928
1280.51928
1280.51928
1280.51928
1280.51928
1280.51928
1280.51820
1280.51820
1280.51820
1280.51820
1280.51820
1280.51820
1280.51820
1280.51820
1280.51820
1280.51820
1280.51820
1280.51820
1280.51820
1280.51820
1280.51820
1280.51820
1280.51820
1280.51820
1280.51820
1280.51820
1280.51820
1280.51820
1280.51820
1280.51797
1280.51797
1280.51797
1280.51797
1280.51797
1280.51797
1280.51797
1280.51797
1280.51797
1280.51797
1280.51797
1280.51797
1280.51797
1280.51797
1280.51797
1280.51797
1280.51797
1280.51797
1280.51797
1280.51797
1280.51797
1280.51797
1280.51797
1280.51819
1280.51819
1280.51819
1280.51819
1280.51819
1280.51819
1280.51819
1280.51819
1280.51819
1280.51819
1280.51819
1280.51819
1280.51819
1280.51819
1280.51819
1280.51819
1280.51819
1280.51819
1280.51819
1280.51819
1280.51819
1280.51819
1280.51819
1280.51784
1280.51784
1280.51784
1280.51784
1280.51784
1280.51784
1280.51784
1280.51784
1280.51784
1280.51784
1280.51784
1280.51784
1280.51784
1280.51784
1280.51784
1280.51784
1280.51784
1280.51784
1280.51784
1280.51784
1280.51784
1280.51784
1280.51784
1280.9273
1280.9273
1280.9273
1280.9273
1280.9273
1280.9273
1280.9274
1280.9274
1280.9274
1280.9274
1280.9274
1280.9274
1280.9275
1280.9275
1280.9275
1280.9275
1280.9275
1280.9275
1413402.3
1413405.3
1413387.3
1413333.3
1280.9276
1280.9276
1280.9276
1280.9276
1280.9276
1280.9276
1280.51614
1280.51614
1280.51614
1280.51614
1280.51614
1280.51614
1280.51614
1280.51614
1280.51614
1280.51614
1280.51614
1280.51614
1280.51614
1280.51614
1280.51614
1280.51614
1280.51614
1280.51614
1280.51614
1280.51613
1280.51613
1280.51613
1280.51613
1280.51613
1280.51613
1280.51613
1280.51613
1280.51613
1280.51613
1280.51613
1280.51613
1280.51613
1280.51613
1280.51613
1280.51613
1280.51613
1280.51613
1280.51613
1280.51612
1280.51612
1280.51612
1280.51612
1280.51612
1280.51612
1280.51612
1280.51612
1280.51612
1280.51612
1280.51612
1280.51612
1280.51612
1280.51612
1280.51612
1280.51612
1280.51612
1280.51612
1280.51612
1280.51615
1280.51615
1280.51615
1280.51615
1280.51615
1280.51615
1280.51615
1280.51615
1280.51615
1280.51615
1280.51615
1280.51615
1280.51615
1280.51615
1280.51615
1280.51615
1280.51615
1280.51615
1280.51615
1280.51616
1280.51616
1280.51616
1280.51616
1280.51616
1280.51616
1280.51616
1280.51616
1280.51616
1280.51616
1280.51616
1280.51616
1280.51616
1280.51616
1280.51616
1280.51616
1280.51616
1280.51616
1280.51616
1280.51611
1280.51611
1280.51611
1280.51611
1280.51611
1280.51611
1280.51611
1280.51611
1280.51611
1280.51611
1280.51611
1280.51611
1280.51611
1280.51611
1280.51611
1280.51611
1280.51611
1280.51611
1280.51611
1280.51610
1280.51610
1280.51610
1280.51610
1280.51610
1280.51610
1280.51610
1280.51610
1280.51610
1280.51610
1280.51610
1280.51610
1280.51610
1280.51610
1280.51610
1280.51610
1280.51610
1280.51610
1280.51610
1280.51620
1280.51620
1280.51620
1280.51620
1280.51620
1280.51620
1280.51620
1280.51620
1280.51620
1280.51620
1280.51620
1280.51620
1280.51620
1280.51620
1280.51620
1280.51620
1280.51620
1280.51620
1280.51620
1280.51621
1280.51621
1280.51621
1280.51621
1280.51621
1280.51621
1280.51621
1280.51621
1280.51621
1280.51621
1280.51621
1280.51621
1280.51621
1280.51621
1280.51621
1280.51621
1280.51621
1280.51621
1280.51621
1280.51623
1280.51623
1280.51623
1280.51623
1280.51623
1280.51623
1280.51623
1280.51623
1280.51623
1280.51623
1280.51623
1280.51623
1280.51623
1280.51623
1280.51623
1280.51623
1280.51623
1280.51623
1280.51623
1280.51619
1280.51619
1280.51619
1280.51619
1280.51619
1280.51619
1280.51619
1280.51619
1280.51619
1280.51619
1280.51619
1280.51619
1280.51619
1280.51619
1280.51619
1280.51619
1280.51619
1280.51619
1280.51619
1280.51622
1280.51622
1280.51622
1280.51622
1280.51622
1280.51622
1280.51622
1280.51622
1280.51622
1280.51622
1280.51622
1280.51622
1280.51622
1280.51622
1280.51622
1280.51622
1280.51622
1280.51622
1280.51622
1280.51618
1280.51618
1280.51618
1280.51618
1280.51618
1280.51618
1280.51618
1280.51618
1280.51618
1280.51618
1280.51618
1280.51618
1280.51618
1280.51618
1280.51618
1280.51618
1280.51618
1280.51618
1280.51618
1280.51617
1280.51617
1280.51617
1280.51617
1280.51617
1280.51617
1280.51617
1280.51617
1280.51617
1280.51617
1280.51617
1280.51617
1280.51617
1280.51617
1280.51617
1280.51617
1280.51617
1280.51617
1280.51617
1280.51624
1280.51624
1280.51624
1280.51624
1280.51624
1280.51624
1280.51624
1280.51624
1280.51624
1280.51624
1280.51624
1280.51624
1280.51624
1280.51624
1280.51624
1280.51624
1280.51624
1280.51624
1280.51624
1280.51633
1280.51633
1280.51633
1280.51633
1280.51633
1280.51633
1280.51633
1280.51633
1280.51633
1280.51633
1280.51633
1280.51633
1280.51633
1280.51633
1280.51633
1280.51633
1280.51633
1280.51633
1280.51633
1280.51631
1280.51631
1280.51631
1280.51631
1280.51631
1280.51631
1280.51631
1280.51631
1280.51631
1280.51631
1280.51631
1280.51631
1280.51631
1280.51631
1280.51631
1280.51631
1280.51631
1280.51631
1280.51631
1280.51634
1280.51634
1280.51634
1280.51634
1280.51634
1280.51634
1280.51634
1280.51634
1280.51634
1280.51634
1280.51634
1280.51634
1280.51634
1280.51634
1280.51634
1280.51634
1280.51634
1280.51634
1280.51634
1280.51658
1280.51658
1280.51658
1280.51658
1280.51658
1280.51658
1280.51658
1280.51658
1280.51658
1280.51658
1280.51658
1280.51658
1280.51658
1280.51658
1280.51658
1280.51658
1280.51658
1280.51658
1280.51658
1280.51637
1280.51637
1280.51637
1280.51637
1280.51637
1280.51637
1280.51637
1280.51637
1280.51637
1280.51637
1280.51637
1280.51637
1280.51637
1280.51637
1280.51637
1280.51637
1280.51637
1280.51637
1280.51637
1280.51638
1280.51638
1280.51638
1280.51638
1280.51638
1280.51638
1280.51638
1280.51638
1280.51638
1280.51638
1280.51638
1280.51638
1280.51638
1280.51638
1280.51638
1280.51638
1280.51638
1280.51638
1280.51638
1280.51636
1280.51636
1280.51636
1280.51636
1280.51636
1280.51636
1280.51636
1280.51636
1280.51636
1280.51636
1280.51636
1280.51636
1280.51636
1280.51636
1280.51636
1280.51636
1280.51636
1280.51636
1280.51636
1280.51641
1280.51641
1280.51641
1280.51641
1280.51641
1280.51641
1280.51641
1280.51641
1280.51641
1280.51641
1280.51641
1280.51641
1280.51641
1280.51641
1280.51641
1280.51641
1280.51641
1280.51641
1280.51641
1280.51661
1280.51661
1280.51661
1280.51661
1280.51661
1280.51661
1280.51661
1280.51661
1280.51661
1280.51661
1280.51661
1280.51661
1280.51661
1280.51661
1280.51661
1280.51661
1280.51661
1280.51661
1280.51661
1280.51659
1280.51659
1280.51659
1280.51659
1280.51659
1280.51659
1280.51659
1280.51659
1280.51659
1280.51659
1280.51659
1280.51659
1280.51659
1280.51659
1280.51659
1280.51659
1280.51659
1280.51659
1280.51659
1280.51660
1280.51660
1280.51660
1280.51660
1280.51660
1280.51660
1280.51660
1280.51660
1280.51660
1280.51660
1280.51660
1280.51660
1280.51660
1280.51660
1280.51660
1280.51660
1280.51660
1280.51660
1280.51660
1280.51635
1280.51635
1280.51635
1280.51635
1280.51635
1280.51635
1280.51635
1280.51635
1280.51635
1280.51635
1280.51635
1280.51635
1280.51635
1280.51635
1280.51635
1280.51635
1280.51635
1280.51635
1280.51635
1280.51632
1280.51632
1280.51632
1280.51632
1280.51632
1280.51632
1280.51632
1280.51632
1280.51632
1280.51632
1280.51632
1280.51632
1280.51632
1280.51632
1280.51632
1280.51632
1280.51632
1280.51632
1280.51632
1280.51629
1280.51629
1280.51629
1280.51629
1280.51629
1280.51629
1280.51629
1280.51629
1280.51629
1280.51629
1280.51629
1280.51629
1280.51629
1280.51629
1280.51629
1280.51629
1280.51629
1280.51629
1280.51629
1280.51630
1280.51630
1280.51630
1280.51630
1280.51630
1280.51630
1280.51630
1280.51630
1280.51630
1280.51630
1280.51630
1280.51630
1280.51630
1280.51630
1280.51630
1280.51630
1280.51630
1280.51630
1280.51630
1280.51657
1280.51657
1280.51657
1280.51657
1280.51657
1280.51657
1280.51657
1280.51657
1280.51657
1280.51657
1280.51657
1280.51657
1280.51657
1280.51657
1280.51657
1280.51657
1280.51657
1280.51657
1280.51657
1280.51656
1280.51656
1280.51656
1280.51656
1280.51656
1280.51656
1280.51656
1280.51656
1280.51656
1280.51656
1280.51656
1280.51656
1280.51656
1280.51656
1280.51656
1280.51656
1280.51656
1280.51656
1280.51656
1280.51628
1280.51628
1280.51628
1280.51628
1280.51628
1280.51628
1280.51628
1280.51628
1280.51628
1280.51628
1280.51628
1280.51628
1280.51628
1280.51628
1280.51628
1280.51628
1280.51628
1280.51628
1280.51628
1280.51626
1280.51626
1280.51626
1280.51626
1280.51626
1280.51626
1280.51626
1280.51626
1280.51626
1280.51626
1280.51626
1280.51626
1280.51626
1280.51626
1280.51626
1280.51626
1280.51626
1280.51626
1280.51626
1280.51627
1280.51627
1280.51627
1280.51627
1280.51627
1280.51627
1280.51627
1280.51627
1280.51627
1280.51627
1280.51627
1280.51627
1280.51627
1280.51627
1280.51627
1280.51627
1280.51627
1280.51627
1280.51627
1280.51640
1280.51640
1280.51640
1280.51640
1280.51640
1280.51640
1280.51640
1280.51640
1280.51640
1280.51640
1280.51640
1280.51640
1280.51640
1280.51640
1280.51640
1280.51640
1280.51640
1280.51640
1280.51640
1280.51639
1280.51639
1280.51639
1280.51639
1280.51639
1280.51639
1280.51639
1280.51639
1280.51639
1280.51639
1280.51639
1280.51639
1280.51639
1280.51639
1280.51639
1280.51639
1280.51639
1280.51639
1280.51639
1280.51644
1280.51644
1280.51644
1280.51644
1280.51644
1280.51644
1280.51644
1280.51644
1280.51644
1280.51644
1280.51644
1280.51644
1280.51644
1280.51644
1280.51644
1280.51644
1280.51644
1280.51644
1280.51644
1280.51642
1280.51642
1280.51642
1280.51642
1280.51642
1280.51642
1280.51642
1280.51642
1280.51642
1280.51642
1280.51642
1280.51642
1280.51642
1280.51642
1280.51642
1280.51642
1280.51642
1280.51642
1280.51642
1280.51643
1280.51643
1280.51643
1280.51643
1280.51643
1280.51643
1280.51643
1280.51643
1280.51643
1280.51643
1280.51643
1280.51643
1280.51643
1280.51643
1280.51643
1280.51643
1280.51643
1280.51643
1280.51643
1280.51649
1280.51649
1280.51649
1280.51649
1280.51649
1280.51649
1280.51649
1280.51649
1280.51649
1280.51649
1280.51649
1280.51649
1280.51649
1280.51649
1280.51649
1280.51649
1280.51649
1280.51649
1280.51649
1280.51650
1280.51650
1280.51650
1280.51650
1280.51650
1280.51650
1280.51650
1280.51650
1280.51650
1280.51650
1280.51650
1280.51650
1280.51650
1280.51650
1280.51650
1280.51650
1280.51650
1280.51650
1280.51650
1280.51648
1280.51648
1280.51648
1280.51648
1280.51648
1280.51648
1280.51648
1280.51648
1280.51648
1280.51648
1280.51648
1280.51648
1280.51648
1280.51648
1280.51648
1280.51648
1280.51648
1280.51648
1280.51648
1280.51645
1280.51645
1280.51645
1280.51645
1280.51645
1280.51645
1280.51645
1280.51645
1280.51645
1280.51645
1280.51645
1280.51645
1280.51645
1280.51645
1280.51645
1280.51645
1280.51645
1280.51645
1280.51645
1280.51663
1280.51663
1280.51663
1280.51663
1280.51663
1280.51663
1280.51663
1280.51663
1280.51663
1280.51663
1280.51663
1280.51663
1280.51663
1280.51663
1280.51663
1280.51663
1280.51663
1280.51663
1280.51663
1280.51662
1280.51662
1280.51662
1280.51662
1280.51662
1280.51662
1280.51662
1280.51662
1280.51662
1280.51662
1280.51662
1280.51662
1280.51662
1280.51662
1280.51662
1280.51662
1280.51662
1280.51662
1280.51662
1280.51664
1280.51664
1280.51664
1280.51664
1280.51664
1280.51664
1280.51664
1280.51664
1280.51664
1280.51664
1280.51664
1280.51664
1280.51664
1280.51664
1280.51664
1280.51664
1280.51664
1280.51664
1280.51664
1280.51653
1280.51653
1280.51653
1280.51653
1280.51653
1280.51653
1280.51653
1280.51653
1280.51653
1280.51653
1280.51653
1280.51653
1280.51653
1280.51653
1280.51653
1280.51653
1280.51653
1280.51653
1280.51653
1280.51651
1280.51651
1280.51651
1280.51651
1280.51651
1280.51651
1280.51651
1280.51651
1280.51651
1280.51651
1280.51651
1280.51651
1280.51651
1280.51651
1280.51651
1280.51651
1280.51651
1280.51651
1280.51651
1280.51646
1280.51646
1280.51646
1280.51646
1280.51646
1280.51646
1280.51646
1280.51646
1280.51646
1280.51646
1280.51646
1280.51646
1280.51646
1280.51646
1280.51646
1280.51646
1280.51646
1280.51646
1280.51646
1280.51647
1280.51647
1280.51647
1280.51647
1280.51647
1280.51647
1280.51647
1280.51647
1280.51647
1280.51647
1280.51647
1280.51647
1280.51647
1280.51647
1280.51647
1280.51647
1280.51647
1280.51647
1280.51647
1280.51652
1280.51652
1280.51652
1280.51652
1280.51652
1280.51652
1280.51652
1280.51652
1280.51652
1280.51652
1280.51652
1280.51652
1280.51652
1280.51652
1280.51652
1280.51652
1280.51652
1280.51652
1280.51652
1280.51654
1280.51654
1280.51654
1280.51654
1280.51654
1280.51654
1280.51654
1280.51654
1280.51654
1280.51654
1280.51654
1280.51654
1280.51654
1280.51654
1280.51654
1280.51654
1280.51654
1280.51654
1280.51654
1280.51655
1280.51655
1280.51655
1280.51655
1280.51655
1280.51655
1280.51655
1280.51655
1280.51655
1280.51655
1280.51655
1280.51655
1280.51655
1280.51655
1280.51655
1280.51655
1280.51655
1280.51655
1280.51655
1280.7262
1280.7262
1280.7262
1280.7266
1280.7266
1280.7266
1280.7265
1280.7265
1280.7265
1280.7267
1280.7267
1280.7267
1280.7264
1280.7264
1280.7264
1280.7268
1280.7268
1280.7268
1413519.3
1413514.3
1413328.3
1413516.3
1413515.3
1413517.3
1413518.3
1413329.3
1413524.3
1413523.3
1413521.3
1413522.3
1280.51573
1280.51573
1280.51573
1280.51573
1280.51573
1280.51563
1280.51563
1280.51563
1280.51563
1280.51563
1280.51569
1280.51569
1280.51569
1280.51569
1280.51569
1280.51577
1280.51577
1280.51577
1280.51577
1280.51577
1280.51576
1280.51576
1280.51576
1280.51576
1280.9277
1280.9277
1280.9277
1280.9277
1280.9277
1280.9277
1280.7269
1280.7269
1280.7269
1280.7269
1280.7271
1280.7271
1280.7271
1280.7271
1413334.3
1413336.3
1413337.3
1413338.3
1413339.3
1413340.3
1413341.3
1413438.3
1413342.3
1280.51578
1280.51578
1280.51578
1280.51578
1280.51578
1280.39807
1280.39807
1280.39808
1280.39809
1280.39810
1280.39810
1280.39812
1280.39812
1280.39815
1280.39815
1280.39813
1280.39813
1280.39817
1280.39817
1413414.3
1413415.3
1280.9278
1280.9278
1280.9278
1280.9278
1280.9278
1280.9278
1280.9279
1280.9279
1280.9279
1280.9279
1280.9279
1280.9279
1280.9280
1280.9280
1280.9280
1280.9280
1280.9280
1280.9280
1280.9281
1280.9281
1280.9281
1280.9281
1280.9281
1280.9281
1280.9282
1280.9282
1280.9282
1280.9282
1280.9282
1280.9282
1280.9283
1280.9283
1280.9283
1280.9283
1280.9283
1280.9283
1280.9284
1280.9284
1280.9284
1280.9284
1280.9284
1280.9284
1280.39805
1280.39805
1413406.3
1280.39790
1280.39790
1280.39785
1280.39789
1280.39789
1280.39791
1280.39791
1280.39792
1280.39792
1280.39793
1280.39793
1280.39794
1280.39794
1280.39795
1280.39795
1280.39796
1280.39797
1280.39798
1280.39798
1280.39799
1280.39799
1280.39800
1280.39800
1280.39801
1280.39801
1280.39802
1280.39802
1280.39803
1280.39803
1280.39804
1280.39804
1280.7270
1280.7270
1280.7270
1280.7270
1280.39742
1280.39743
1280.39743
1280.39741
1280.9285
1280.9285
1280.9285
1280.9285
1280.9285
1280.9285
1280.39740
1280.9287
1280.9287
1280.9287
1280.9287
1280.9287
1280.9287
1280.9286
1280.9286
1280.9286
1280.9286
1280.9286
1280.9286
1280.9288
1280.9288
1280.9288
1280.9288
1280.9288
1280.9288
1280.9289
1280.9289
1280.9289
1280.9289
1280.9289
1280.9289
1280.9290
1280.9290
1280.9290
1280.9290
1280.9290
1280.9290
1280.9291
1280.9291
1280.9291
1280.9291
1280.9291
1280.9291
1280.9292
1280.9292
1280.9292
1280.9292
1280.9292
1280.9292
1280.9293
1280.9293
1280.9293
1280.9293
1280.9293
1280.9293
1280.9294
1280.9294
1280.9294
1280.9294
1280.9294
1280.9294
1280.9295
1280.9295
1280.9295
1280.9295
1280.9295
1280.9295
1413589.3
1413590.3
1280.39701
1280.39701
1280.39811
1280.39811
1280.7272
1280.7272
1280.7272
1280.7272
1280.39814
1280.39814
1280.39816
1280.39816
1280.39818
1280.39818
1413592.3
1413591.3
1280.39819
1280.39819
1280.39820
1280.39821
1280.39821
1280.39822
1280.39822
1280.39700
1413593.3
1413594.3
1280.39703
1280.39703
1413595.3
1413596.3
1280.9296
1280.9296
1280.9296
1280.9296
1280.9296
1280.9296
1280.9297
1280.9297
1280.9297
1280.9297
1280.9297
1280.9297
1280.9298
1280.9298
1280.9298
1280.9298
1280.9298
1280.9298
1280.9299
1280.9299
1280.9299
1280.9299
1280.9299
1280.9299
1280.39823
1280.39824
1280.39824
1280.39825
1280.39826
1280.39826
1280.39827
1280.39829
1280.7276
1280.7276
1280.7276
1280.7276
1280.7275
1280.7275
1280.7275
1280.7275
1413388.3
1413384.3
1413410.3
1413411.3
1413407.3
1413412.3
1413408.3
1413409.3
1413413.3
1280.39770
1280.39770
1280.39771
1280.39771
1280.39773
1280.39772
1280.39772
1280.39757
1280.39757
1280.39761
1280.39760
1280.39760
1280.39762
1280.39763
1280.39764
1280.39764
1413343.3
1280.39781
1280.39781
1280.39780
1280.39783
1280.39783
1413385.3
1413327.3
1280.39782
1280.39782
1280.39788
1280.39788
1280.39787
1280.39787
1280.39769
1280.39769
1280.39766
1280.39766
1280.39768
1280.39768
1280.39765
1280.39767
1280.39767
1280.39753
1280.39755
1280.39755
1280.39754
1280.39754
1280.39758
1413395.3
1413396.3
1280.39756
1280.39756
1280.39759
1280.39750
1413324.3
1413325.3
1280.39774
1280.39774
1280.39775
1280.39777
1280.39777
1280.39778
1280.39779
1280.39776
1280.39751
1280.39752
1280.7274
1280.7274
1280.7274
1280.7274
1413397.3
1280.39744
1280.39749
1280.39749
1280.39748
1280.39748
1280.39747
1280.39747
1280.39745
1280.39745
1280.39746
1413398.3
1413389.3
1413390.3
1413392.3
1413393.3
1413391.3
1413399.3
1413400.3
1280.51883
1280.51883
1280.51883
1280.51883
1280.51883
1280.51883
1280.51883
1280.51883
1280.51883
1280.51883
1280.51883
1280.51883
1280.51883
1280.51883
1280.51883
1280.51883
1280.51883
1280.51883
1280.51883
1280.51883
1280.51883
1280.51883
1280.51883
1280.51911
1280.51911
1280.51911
1280.51911
1280.51911
1280.51911
1280.51911
1280.51911
1280.51911
1280.51911
1280.51911
1280.51911
1280.51911
1280.51911
1280.51911
1280.51911
1280.51911
1280.51911
1280.51911
1280.51911
1280.51911
1280.51911
1280.51911
1413586.3
553601.3
553601.3
553565.3
553565.3
553567.3
553567.3
553568.3
553568.3
553571.3
553571.3
553573.3
553573.3
553574.3
553574.3
553577.3
553577.3
553581.3
553581.3
553583.3
553583.3
553583.3
553588.3
553588.3
553592.3
553592.3
553594.3
553594.3
553596.3
553596.3
1280.39447
1280.39447
1280.39447
1280.39447
1280.39447
1280.39447
1280.39446
1280.39446
1280.39446
1280.39446
1280.39446
1280.39446
1280.39448
1280.39448
1280.39448
1280.39448
1280.39448
1280.39448
1280.39450
1280.39450
1280.39450
1280.39450
1280.39450
1280.39450
1280.39445
1280.39445
1280.39445
1280.39445
1280.39445
1280.39445
1280.39449
1280.39449
1280.39449
1280.39449
1280.39449
1280.39449
1280.39457
1280.39457
1280.39457
1280.39457
1280.39457
1280.39457
1280.39458
1280.39458
1280.39458
1280.39458
1280.39458
1280.39458
1280.39454
1280.39454
1280.39454
1280.39454
1280.39454
1280.39454
1280.39451
1280.39451
1280.39451
1280.39451
1280.39451
1280.39451
1280.39455
1280.39455
1280.39455
1280.39455
1280.39455
1280.39455
1280.39452
1280.39452
1280.39452
1280.39452
1280.39452
1280.39452
1280.39453
1280.39453
1280.39453
1280.39453
1280.39453
1280.39453
1280.39456
1280.39456
1280.39456
1280.39456
1280.39456
1280.39456
1280.39461
1280.39461
1280.39461
1280.39461
1280.39461
1280.39461
1280.39459
1280.39459
1280.39459
1280.39459
1280.39459
1280.39459
1280.39462
1280.39462
1280.39462
1280.39462
1280.39462
1280.39462
1280.39460
1280.39460
1280.39460
1280.39460
1280.39460
1280.39460
1280.39467
1280.39467
1280.39467
1280.39467
1280.39467
1280.39467
1280.39463
1280.39463
1280.39463
1280.39463
1280.39463
1280.39463
1280.39465
1280.39465
1280.39465
1280.39465
1280.39465
1280.39465
1280.39466
1280.39466
1280.39466
1280.39466
1280.39466
1280.39466
1280.39464
1280.39464
1280.39464
1280.39464
1280.39464
1280.39464
1280.39474
1280.39474
1280.39474
1280.39474
1280.39474
1280.39474
1280.39473
1280.39473
1280.39473
1280.39473
1280.39473
1280.39473
1280.39472
1280.39472
1280.39472
1280.39472
1280.39472
1280.39472
1280.39468
1280.39468
1280.39468
1280.39468
1280.39468
1280.39468
1280.39470
1280.39470
1280.39470
1280.39470
1280.39470
1280.39470
1280.39471
1280.39471
1280.39471
1280.39471
1280.39471
1280.39471
1280.39469
1280.39469
1280.39469
1280.39469
1280.39469
1280.39469
1280.51567
1280.51567
1280.51567
1280.51567
1280.51567
1280.51575
1280.51575
1280.51575
1280.51575
1280.51575
1280.51574
1280.51574
1280.51574
1280.51574
1280.51574
1280.51568
1280.51568
1280.51568
1280.51568
1280.51568
1280.51565
1280.51565
1280.51565
1280.51565
1280.51565
1280.51570
1280.51570
1280.51570
1280.51570
1280.51602
1280.51602
1280.51602
1280.51602
1280.51602
1413383.3
1280.51566
1280.51566
1280.51566
1280.51566
1280.51566
1280.51571
1280.51571
1280.51571
1280.51571
1280.51571
1280.51572
1280.51572
1280.51572
1280.51572
1280.51572
1280.51564
1280.51564
1280.51564
1280.51564
1280.51564
1280.51562
1280.51562
1280.51562
1280.51562
1280.51562
1280.51561
1280.51561
1280.51561
1280.51561
1280.51561
1280.51596
1280.51596
1280.51596
1280.51596
1280.51584
1280.51584
1280.51584
1280.51584
1280.51584
1280.51581
1280.51581
1280.51581
1280.51581
1280.51581
1280.51580
1280.51580
1280.51580
1280.51580
1280.51580
1280.51586
1280.51586
1280.51586
1280.51586
1280.51586
1280.51585
1280.51585
1280.51585
1280.51585
1280.51590
1280.51590
1280.51590
1280.51590
1280.51590
1280.51595
1280.51595
1280.51595
1280.51595
1280.51595
1280.51594
1280.51594
1280.51594
1280.51594
1280.51594
1280.51587
1280.51587
1280.51587
1280.51587
1280.51587
1280.51603
1280.51603
1280.51603
1280.51603
1280.51603
1280.51598
1280.51598
1280.51598
1280.51598
1280.51598
1280.51589
1280.51589
1280.51589
1280.51589
1280.51589
1280.51591
1280.51591
1280.51591
1280.51591
1280.51593
1280.51593
1280.51593
1280.51593
1280.51593
1280.51588
1280.51588
1280.51588
1280.51588
1280.51588
1280.51592
1280.51592
1280.51592
1280.51592
1280.51592
1280.51604
1280.51604
1280.51604
1280.51604
1280.51604
1280.51597
1280.51597
1280.51597
1280.51597
1280.51597
1280.51582
1280.51582
1280.51582
1280.51582
1280.51582
1280.51583
1280.51583
1280.51583
1280.51583
1280.51583
1280.51579
1280.51579
1280.51579
1280.51579
1280.51579
1280.51599
1280.51599
1280.51599
1280.51599
1280.51599
1280.51600
1280.51600
1280.51600
1280.51600
1280.51600
1280.51601
1280.51601
1280.51601
1280.51601
1280.51601
1280.39732
1280.39732
1280.39736
1280.39736
1280.39733
1280.39737
1280.39738
1280.39738
1280.39739
1280.39734
1280.39735
1280.39735
1280.8699
1280.8699
1280.8699
1280.8699
1280.8699
1280.8699
1280.8699
1280.8699
1280.8699
1280.8699
1280.8699
1280.8698
1280.8698
1280.8698
1280.8698
1280.8698
1280.8698
1280.8698
1280.8698
1280.8698
1280.8698
1280.8698
1280.8701
1280.8701
1280.8701
1280.8701
1280.8701
1280.8701
1280.8701
1280.8701
1280.8701
1280.8701
1280.8701
1280.8700
1280.8700
1280.8700
1280.8700
1280.8700
1280.8700
1280.8700
1280.8700
1280.8700
1280.8700
1280.8700
1280.8697
1280.8697
1280.8697
1280.8697
1280.8697
1280.8697
1280.8697
1280.8697
1280.8697
1280.8697
1280.8697
1280.9408
1280.9408
1280.9408
1280.9408
1280.9408
1280.9408
1280.9408
1280.9408
1280.9408
1280.9408
1280.9408
1280.9409
1280.9409
1280.9409
1280.9409
1280.9409
1280.9409
1280.9409
1280.9409
1280.9409
1280.9409
1280.9409
1280.9410
1280.9410
1280.9410
1280.9410
1280.9410
1280.9410
1280.9410
1280.9410
1280.9410
1280.9410
1280.9410
1280.9411
1280.9411
1280.9411
1280.9411
1280.9411
1280.9411
1280.9411
1280.9411
1280.9411
1280.9411
1280.9411
1280.7377
1280.7377
1280.7377
1280.7377
1280.7377
1280.7377
1280.7377
1280.7377
1280.7377
1280.7377
1280.7377
1280.7408
1280.7408
1280.7408
1280.7408
1280.7408
1280.7408
1280.7408
1280.7408
1280.7408
1280.7408
1280.7408
1280.9412
1280.9412
1280.9412
1280.9412
1280.9412
1280.9412
1280.9412
1280.9412
1280.9412
1280.9412
1280.9412
1280.7411
1280.7411
1280.7411
1280.7411
1280.7411
1280.7411
1280.7411
1280.7411
1280.7411
1280.7411
1280.7411
1280.7413
1280.7413
1280.7413
1280.7413
1280.7413
1280.7413
1280.7413
1280.7413
1280.7413
1280.7413
1280.7413
1280.8718
1280.8718
1280.8718
1280.8718
1280.8718
1280.8718
1280.8718
1280.8718
1280.8718
1280.8718
1280.8718
1280.8736
1280.8736
1280.8736
1280.8736
1280.8736
1280.8736
1280.8736
1280.8736
1280.8736
1280.8736
1280.8736
1280.8735
1280.8735
1280.8735
1280.8735
1280.8735
1280.8735
1280.8735
1280.8735
1280.8735
1280.8735
1280.8735
1280.8738
1280.8738
1280.8738
1280.8738
1280.8738
1280.8738
1280.8738
1280.8738
1280.8738
1280.8738
1280.8738
1280.8737
1280.8737
1280.8737
1280.8737
1280.8737
1280.8737
1280.8737
1280.8737
1280.8737
1280.8737
1280.8737
1280.9413
1280.9413
1280.9413
1280.9413
1280.9413
1280.9413
1280.9413
1280.9413
1280.9413
1280.9413
1280.9413
1280.8739
1280.8739
1280.8739
1280.8739
1280.8739
1280.8739
1280.8739
1280.8739
1280.8739
1280.8739
1280.8739
1280.8379
1280.8379
1280.8379
1280.8379
1280.8379
1280.8379
1280.8379
1280.8379
1280.8379
1280.8379
1280.8379
1280.9414
1280.9414
1280.9414
1280.9414
1280.9414
1280.9414
1280.9414
1280.9414
1280.9414
1280.9414
1280.9414
1280.8456
1280.8456
1280.8456
1280.8456
1280.8456
1280.8456
1280.8456
1280.8456
1280.8456
1280.8456
1280.8456
1280.8457
1280.8457
1280.8457
1280.8457
1280.8457
1280.8457
1280.8457
1280.8457
1280.8457
1280.8457
1280.8457
1280.9415
1280.9415
1280.9415
1280.9415
1280.9415
1280.9415
1280.9415
1280.9415
1280.9415
1280.9415
1280.9415
1280.9416
1280.9416
1280.9416
1280.9416
1280.9416
1280.9416
1280.9416
1280.9416
1280.9416
1280.9416
1280.9416
1280.9417
1280.9417
1280.9417
1280.9417
1280.9417
1280.9417
1280.9417
1280.9417
1280.9417
1280.9417
1280.9417
1280.8389
1280.8389
1280.8389
1280.8389
1280.8389
1280.8389
1280.8389
1280.8389
1280.8389
1280.8389
1280.8389
1280.8388
1280.8388
1280.8388
1280.8388
1280.8388
1280.8388
1280.8388
1280.8388
1280.8388
1280.8388
1280.8388
1280.9418
1280.9418
1280.9418
1280.9418
1280.9418
1280.9418
1280.9418
1280.9418
1280.9418
1280.9418
1280.9418
1280.9419
1280.9419
1280.9419
1280.9419
1280.9419
1280.9419
1280.9419
1280.9419
1280.9419
1280.9419
1280.9419
1280.8385
1280.8385
1280.8385
1280.8385
1280.8385
1280.8385
1280.8385
1280.8385
1280.8385
1280.8385
1280.8385
1280.8392
1280.8392
1280.8392
1280.8392
1280.8392
1280.8392
1280.8392
1280.8392
1280.8392
1280.8392
1280.8392
1280.9420
1280.9420
1280.9420
1280.9420
1280.9420
1280.9420
1280.9420
1280.9420
1280.9420
1280.9420
1280.9420
1280.8569
1280.8569
1280.8569
1280.8569
1280.8569
1280.8569
1280.8569
1280.8569
1280.8569
1280.8569
1280.8569
1280.8568
1280.8568
1280.8568
1280.8568
1280.8568
1280.8568
1280.8568
1280.8568
1280.8568
1280.8568
1280.8568
1280.8566
1280.8566
1280.8566
1280.8566
1280.8566
1280.8566
1280.8566
1280.8566
1280.8566
1280.8566
1280.8566
1280.8567
1280.8567
1280.8567
1280.8567
1280.8567
1280.8567
1280.8567
1280.8567
1280.8567
1280.8567
1280.8567
1280.8564
1280.8564
1280.8564
1280.8564
1280.8564
1280.8564
1280.8564
1280.8564
1280.8564
1280.8564
1280.8564
1280.8565
1280.8565
1280.8565
1280.8565
1280.8565
1280.8565
1280.8565
1280.8565
1280.8565
1280.8565
1280.8565
1280.8521
1280.8521
1280.8521
1280.8521
1280.8521
1280.8521
1280.8521
1280.8521
1280.8521
1280.8521
1280.8521
1280.8520
1280.8520
1280.8520
1280.8520
1280.8520
1280.8520
1280.8520
1280.8520
1280.8520
1280.8520
1280.8520
1280.8522
1280.8522
1280.8522
1280.8522
1280.8522
1280.8522
1280.8522
1280.8522
1280.8522
1280.8522
1280.8522
1280.8519
1280.8519
1280.8519
1280.8519
1280.8519
1280.8519
1280.8519
1280.8519
1280.8519
1280.8519
1280.8519
1280.8518
1280.8518
1280.8518
1280.8518
1280.8518
1280.8518
1280.8518
1280.8518
1280.8518
1280.8518
1280.8518
1280.8517
1280.8517
1280.8517
1280.8517
1280.8517
1280.8517
1280.8517
1280.8517
1280.8517
1280.8517
1280.8517
1280.9421
1280.9421
1280.9421
1280.9421
1280.9421
1280.9421
1280.9421
1280.9421
1280.9421
1280.9421
1280.9421
1280.9422
1280.9422
1280.9422
1280.9422
1280.9422
1280.9422
1280.9422
1280.9422
1280.9422
1280.9422
1280.9422
1280.9423
1280.9423
1280.9423
1280.9423
1280.9423
1280.9423
1280.9423
1280.9423
1280.9423
1280.9423
1280.9423
1280.8733
1280.8733
1280.8733
1280.8733
1280.8733
1280.8733
1280.8733
1280.8733
1280.8733
1280.8733
1280.8733
1280.9424
1280.9424
1280.9424
1280.9424
1280.9424
1280.9424
1280.9424
1280.9424
1280.9424
1280.9424
1280.9424
1280.8789
1280.8789
1280.8789
1280.8789
1280.8789
1280.8789
1280.8789
1280.8789
1280.8789
1280.8789
1280.8789
1280.8790
1280.8790
1280.8790
1280.8790
1280.8790
1280.8790
1280.8790
1280.8790
1280.8790
1280.8790
1280.8790
1280.8791
1280.8791
1280.8791
1280.8791
1280.8791
1280.8791
1280.8791
1280.8791
1280.8791
1280.8791
1280.8791
1280.9425
1280.9425
1280.9425
1280.9425
1280.9425
1280.9425
1280.9425
1280.9425
1280.9425
1280.9425
1280.9425
1280.9427
1280.9427
1280.9427
1280.9427
1280.9427
1280.9427
1280.9427
1280.9427
1280.9427
1280.9427
1280.9427
1280.9426
1280.9426
1280.9426
1280.9426
1280.9426
1280.9426
1280.9426
1280.9426
1280.9426
1280.9426
1280.9426
1280.9428
1280.9428
1280.9428
1280.9428
1280.9428
1280.9428
1280.9428
1280.9428
1280.9428
1280.9428
1280.9428
1280.8785
1280.8785
1280.8785
1280.8785
1280.8785
1280.8785
1280.8785
1280.8785
1280.8785
1280.8785
1280.8785
1280.8795
1280.8795
1280.8795
1280.8795
1280.8795
1280.8795
1280.8795
1280.8795
1280.8795
1280.8795
1280.8795
1280.9429
1280.9429
1280.9429
1280.9429
1280.9429
1280.9429
1280.9429
1280.9429
1280.9429
1280.9429
1280.9429
1280.8797
1280.8797
1280.8797
1280.8797
1280.8797
1280.8797
1280.8797
1280.8797
1280.8797
1280.8797
1280.8797
1280.8798
1280.8798
1280.8798
1280.8798
1280.8798
1280.8798
1280.8798
1280.8798
1280.8798
1280.8798
1280.8798
1280.8799
1280.8799
1280.8799
1280.8799
1280.8799
1280.8799
1280.8799
1280.8799
1280.8799
1280.8799
1280.8799
1280.8800
1280.8800
1280.8800
1280.8800
1280.8800
1280.8800
1280.8800
1280.8800
1280.8800
1280.8800
1280.8800
1280.8801
1280.8801
1280.8801
1280.8801
1280.8801
1280.8801
1280.8801
1280.8801
1280.8801
1280.8801
1280.8801
1280.9430
1280.9430
1280.9430
1280.9430
1280.9430
1280.9430
1280.9430
1280.9430
1280.9430
1280.9430
1280.9430
1280.8803
1280.8803
1280.8803
1280.8803
1280.8803
1280.8803
1280.8803
1280.8803
1280.8803
1280.8803
1280.8803
1280.8777
1280.8777
1280.8777
1280.8777
1280.8777
1280.8777
1280.8777
1280.8777
1280.8777
1280.8777
1280.8777
1280.9431
1280.9431
1280.9431
1280.9431
1280.9431
1280.9431
1280.9431
1280.9431
1280.9431
1280.9431
1280.9431
1280.8805
1280.8805
1280.8805
1280.8805
1280.8805
1280.8805
1280.8805
1280.8805
1280.8805
1280.8805
1280.8805
1280.9432
1280.9432
1280.9432
1280.9432
1280.9432
1280.9432
1280.9432
1280.9432
1280.9432
1280.9432
1280.9432
1280.8807
1280.8807
1280.8807
1280.8807
1280.8807
1280.8807
1280.8807
1280.8807
1280.8807
1280.8807
1280.8807
1280.9433
1280.9433
1280.9433
1280.9433
1280.9433
1280.9433
1280.9433
1280.9433
1280.9433
1280.9433
1280.9433
1280.9434
1280.9434
1280.9434
1280.9434
1280.9434
1280.9434
1280.9434
1280.9434
1280.9434
1280.9434
1280.9434
1280.9435
1280.9435
1280.9435
1280.9435
1280.9435
1280.9435
1280.9435
1280.9435
1280.9435
1280.9435
1280.9435
1280.9436
1280.9436
1280.9436
1280.9436
1280.9436
1280.9436
1280.9436
1280.9436
1280.9436
1280.9436
1280.9436
1280.8812
1280.8812
1280.8812
1280.8812
1280.8812
1280.8812
1280.8812
1280.8812
1280.8812
1280.8812
1280.8812
1280.8813
1280.8813
1280.8813
1280.8813
1280.8813
1280.8813
1280.8813
1280.8813
1280.8813
1280.8813
1280.8813
1280.8814
1280.8814
1280.8814
1280.8814
1280.8814
1280.8814
1280.8814
1280.8814
1280.8814
1280.8814
1280.8814
1280.9437
1280.9437
1280.9437
1280.9437
1280.9437
1280.9437
1280.9437
1280.9437
1280.9437
1280.9437
1280.9437
1280.7908
1280.7908
1280.7908
1280.7908
1280.7908
1280.7908
1280.7908
1280.7908
1280.7908
1280.7908
1280.7908
1280.8816
1280.8816
1280.8816
1280.8816
1280.8816
1280.8816
1280.8816
1280.8816
1280.8816
1280.8816
1280.8816
1280.9438
1280.9438
1280.9438
1280.9438
1280.9438
1280.9438
1280.9438
1280.9438
1280.9438
1280.9438
1280.9438
1280.9439
1280.9439
1280.9439
1280.9439
1280.9439
1280.9439
1280.9439
1280.9439
1280.9439
1280.9439
1280.9439
1280.7912
1280.7912
1280.7912
1280.7912
1280.7912
1280.7912
1280.7912
1280.7912
1280.7912
1280.7912
1280.7912
1280.7913
1280.7913
1280.7913
1280.7913
1280.7913
1280.7913
1280.7913
1280.7913
1280.7913
1280.7913
1280.7913
1280.7914
1280.7914
1280.7914
1280.7914
1280.7914
1280.7914
1280.7914
1280.7914
1280.7914
1280.7914
1280.7914
1280.7915
1280.7915
1280.7915
1280.7915
1280.7915
1280.7915
1280.7915
1280.7915
1280.7915
1280.7915
1280.7915
1280.7916
1280.7916
1280.7916
1280.7916
1280.7916
1280.7916
1280.7916
1280.7916
1280.7916
1280.7916
1280.7916
1280.9440
1280.9440
1280.9440
1280.9440
1280.9440
1280.9440
1280.9440
1280.9440
1280.9440
1280.9440
1280.9440
1280.7917
1280.7917
1280.7917
1280.7917
1280.7917
1280.7917
1280.7917
1280.7917
1280.7917
1280.7917
1280.7917
1280.9441
1280.9441
1280.9441
1280.9441
1280.9441
1280.9441
1280.9441
1280.9441
1280.9441
1280.9441
1280.9441
1280.9442
1280.9442
1280.9442
1280.9442
1280.9442
1280.9442
1280.9442
1280.9442
1280.9442
1280.9442
1280.9442
1280.7920
1280.7920
1280.7920
1280.7920
1280.7920
1280.7920
1280.7920
1280.7920
1280.7920
1280.7920
1280.7920
1280.9443
1280.9443
1280.9443
1280.9443
1280.9443
1280.9443
1280.9443
1280.9443
1280.9443
1280.9443
1280.9443
1280.7922
1280.7922
1280.7922
1280.7922
1280.7922
1280.7922
1280.7922
1280.7922
1280.7922
1280.7922
1280.7922
1280.7923
1280.7923
1280.7923
1280.7923
1280.7923
1280.7923
1280.7923
1280.7923
1280.7923
1280.7923
1280.7923
1280.8773
1280.8773
1280.8773
1280.8773
1280.8773
1280.8773
1280.8773
1280.8773
1280.8773
1280.8773
1280.8773
1280.9444
1280.9444
1280.9444
1280.9444
1280.9444
1280.9444
1280.9444
1280.9444
1280.9444
1280.9444
1280.9444
1280.7925
1280.7925
1280.7925
1280.7925
1280.7925
1280.7925
1280.7925
1280.7925
1280.7925
1280.7925
1280.7925
1280.9445
1280.9445
1280.9445
1280.9445
1280.9445
1280.9445
1280.9445
1280.9445
1280.9445
1280.9445
1280.9445
1280.9446
1280.9446
1280.9446
1280.9446
1280.9446
1280.9446
1280.9446
1280.9446
1280.9446
1280.9446
1280.9446
1280.7928
1280.7928
1280.7928
1280.7928
1280.7928
1280.7928
1280.7928
1280.7928
1280.7928
1280.7928
1280.7928
1280.7929
1280.7929
1280.7929
1280.7929
1280.7929
1280.7929
1280.7929
1280.7929
1280.7929
1280.7929
1280.7929
1280.7930
1280.7930
1280.7930
1280.7930
1280.7930
1280.7930
1280.7930
1280.7930
1280.7930
1280.7930
1280.7930
1280.9447
1280.9447
1280.9447
1280.9447
1280.9447
1280.9447
1280.9447
1280.9447
1280.9447
1280.9447
1280.9447
1280.9448
1280.9448
1280.9448
1280.9448
1280.9448
1280.9448
1280.9448
1280.9448
1280.9448
1280.9448
1280.9448
1280.7933
1280.7933
1280.7933
1280.7933
1280.7933
1280.7933
1280.7933
1280.7933
1280.7933
1280.7933
1280.7933
1280.9449
1280.9449
1280.9449
1280.9449
1280.9449
1280.9449
1280.9449
1280.9449
1280.9449
1280.9449
1280.9449
1280.7935
1280.7935
1280.7935
1280.7935
1280.7935
1280.7935
1280.7935
1280.7935
1280.7935
1280.7935
1280.7935
1280.9692
1280.9692
1280.9692
1280.9692
1280.9692
1280.9692
1280.9692
1280.9692
1280.9692
1280.9692
1280.9692
1280.7937
1280.7937
1280.7937
1280.7937
1280.7937
1280.7937
1280.7937
1280.7937
1280.7937
1280.7937
1280.7937
1280.7938
1280.7938
1280.7938
1280.7938
1280.7938
1280.7938
1280.7938
1280.7938
1280.7938
1280.7938
1280.7938
1280.7939
1280.7939
1280.7939
1280.7939
1280.7939
1280.7939
1280.7939
1280.7939
1280.7939
1280.7939
1280.7939
1280.9451
1280.9451
1280.9451
1280.9451
1280.9451
1280.9451
1280.9451
1280.9451
1280.9451
1280.9451
1280.9451
1280.7941
1280.7941
1280.7941
1280.7941
1280.7941
1280.7941
1280.7941
1280.7941
1280.7941
1280.7941
1280.7941
1280.7940
1280.7940
1280.7940
1280.7940
1280.7940
1280.7940
1280.7940
1280.7940
1280.7940
1280.7940
1280.7940
1280.9452
1280.9452
1280.9452
1280.9452
1280.9452
1280.9452
1280.9452
1280.9452
1280.9452
1280.9452
1280.9452
1280.7944
1280.7944
1280.7944
1280.7944
1280.7944
1280.7944
1280.7944
1280.7944
1280.7944
1280.7944
1280.7944
1280.9453
1280.9453
1280.9453
1280.9453
1280.9453
1280.9453
1280.9453
1280.9453
1280.9453
1280.9453
1280.9453
1280.8776
1280.8776
1280.8776
1280.8776
1280.8776
1280.8776
1280.8776
1280.8776
1280.8776
1280.8776
1280.8776
1280.7946
1280.7946
1280.7946
1280.7946
1280.7946
1280.7946
1280.7946
1280.7946
1280.7946
1280.7946
1280.7946
1280.9454
1280.9454
1280.9454
1280.9454
1280.9454
1280.9454
1280.9454
1280.9454
1280.9454
1280.9454
1280.9454
1280.7948
1280.7948
1280.7948
1280.7948
1280.7948
1280.7948
1280.7948
1280.7948
1280.7948
1280.7948
1280.7948
1280.7949
1280.7949
1280.7949
1280.7949
1280.7949
1280.7949
1280.7949
1280.7949
1280.7949
1280.7949
1280.7949
1280.7950
1280.7950
1280.7950
1280.7950
1280.7950
1280.7950
1280.7950
1280.7950
1280.7950
1280.7950
1280.7950
1280.7951
1280.7951
1280.7951
1280.7951
1280.7951
1280.7951
1280.7951
1280.7951
1280.7951
1280.7951
1280.7951
1280.9693
1280.9693
1280.9693
1280.9693
1280.9693
1280.9693
1280.9693
1280.9693
1280.9693
1280.9693
1280.9693
1280.7953
1280.7953
1280.7953
1280.7953
1280.7953
1280.7953
1280.7953
1280.7953
1280.7953
1280.7953
1280.7953
1280.9456
1280.9456
1280.9456
1280.9456
1280.9456
1280.9456
1280.9456
1280.9456
1280.9456
1280.9456
1280.9456
1280.9457
1280.9457
1280.9457
1280.9457
1280.9457
1280.9457
1280.9457
1280.9457
1280.9457
1280.9457
1280.9457
1280.9458
1280.9458
1280.9458
1280.9458
1280.9458
1280.9458
1280.9458
1280.9458
1280.9458
1280.9458
1280.9458
1280.7957
1280.7957
1280.7957
1280.7957
1280.7957
1280.7957
1280.7957
1280.7957
1280.7957
1280.7957
1280.7957
1280.9691
1280.9691
1280.9691
1280.9691
1280.9691
1280.9691
1280.9691
1280.9691
1280.9691
1280.9691
1280.9691
1280.7959
1280.7959
1280.7959
1280.7959
1280.7959
1280.7959
1280.7959
1280.7959
1280.7959
1280.7959
1280.7959
1280.8774
1280.8774
1280.8774
1280.8774
1280.8774
1280.8774
1280.8774
1280.8774
1280.8774
1280.8774
1280.8774
1280.7960
1280.7960
1280.7960
1280.7960
1280.7960
1280.7960
1280.7960
1280.7960
1280.7960
1280.7960
1280.7960
1280.7961
1280.7961
1280.7961
1280.7961
1280.7961
1280.7961
1280.7961
1280.7961
1280.7961
1280.7961
1280.7961
1280.7962
1280.7962
1280.7962
1280.7962
1280.7962
1280.7962
1280.7962
1280.7962
1280.7962
1280.7962
1280.7962
1280.9690
1280.9690
1280.9690
1280.9690
1280.9690
1280.9690
1280.9690
1280.9690
1280.9690
1280.9690
1280.9690
1280.7964
1280.7964
1280.7964
1280.7964
1280.7964
1280.7964
1280.7964
1280.7964
1280.7964
1280.7964
1280.7964
1280.7965
1280.7965
1280.7965
1280.7965
1280.7965
1280.7965
1280.7965
1280.7965
1280.7965
1280.7965
1280.7965
1280.7966
1280.7966
1280.7966
1280.7966
1280.7966
1280.7966
1280.7966
1280.7966
1280.7966
1280.7966
1280.7966
1280.9462
1280.9462
1280.9462
1280.9462
1280.9462
1280.9462
1280.9462
1280.9462
1280.9462
1280.9462
1280.9462
1280.7968
1280.7968
1280.7968
1280.7968
1280.7968
1280.7968
1280.7968
1280.7968
1280.7968
1280.7968
1280.7968
1280.7969
1280.7969
1280.7969
1280.7969
1280.7969
1280.7969
1280.7969
1280.7969
1280.7969
1280.7969
1280.7969
1280.7970
1280.7970
1280.7970
1280.7970
1280.7970
1280.7970
1280.7970
1280.7970
1280.7970
1280.7970
1280.7970
1280.9689
1280.9689
1280.9689
1280.9689
1280.9689
1280.9689
1280.9689
1280.9689
1280.9689
1280.9689
1280.9689
1280.9694
1280.9694
1280.9694
1280.9694
1280.9694
1280.9694
1280.9694
1280.9694
1280.9694
1280.9694
1280.9694
1280.7973
1280.7973
1280.7973
1280.7973
1280.7973
1280.7973
1280.7973
1280.7973
1280.7973
1280.7973
1280.7973
1280.8786
1280.8786
1280.8786
1280.8786
1280.8786
1280.8786
1280.8786
1280.8786
1280.8786
1280.8786
1280.8786
1280.9464
1280.9464
1280.9464
1280.9464
1280.9464
1280.9464
1280.9464
1280.9464
1280.9464
1280.9464
1280.9464
1280.9698
1280.9698
1280.9698
1280.9698
1280.9698
1280.9698
1280.9698
1280.9698
1280.9698
1280.9698
1280.9698
1280.9466
1280.9466
1280.9466
1280.9466
1280.9466
1280.9466
1280.9466
1280.9466
1280.9466
1280.9466
1280.9466
1280.7977
1280.7977
1280.7977
1280.7977
1280.7977
1280.7977
1280.7977
1280.7977
1280.7977
1280.7977
1280.7977
1280.9467
1280.9467
1280.9467
1280.9467
1280.9467
1280.9467
1280.9467
1280.9467
1280.9467
1280.9467
1280.9467
1280.7980
1280.7980
1280.7980
1280.7980
1280.7980
1280.7980
1280.7980
1280.7980
1280.7980
1280.7980
1280.7980
1280.7979
1280.7979
1280.7979
1280.7979
1280.7979
1280.7979
1280.7979
1280.7979
1280.7979
1280.7979
1280.7979
1280.9700
1280.9700
1280.9700
1280.9700
1280.9700
1280.9700
1280.9700
1280.9700
1280.9700
1280.9700
1280.9700
1280.9696
1280.9696
1280.9696
1280.9696
1280.9696
1280.9696
1280.9696
1280.9696
1280.9696
1280.9696
1280.9696
1280.7983
1280.7983
1280.7983
1280.7983
1280.7983
1280.7983
1280.7983
1280.7983
1280.7983
1280.7983
1280.7983
1280.9470
1280.9470
1280.9470
1280.9470
1280.9470
1280.9470
1280.9470
1280.9470
1280.9470
1280.9470
1280.9470
1280.7985
1280.7985
1280.7985
1280.7985
1280.7985
1280.7985
1280.7985
1280.7985
1280.7985
1280.7985
1280.7985
1280.7986
1280.7986
1280.7986
1280.7986
1280.7986
1280.7986
1280.7986
1280.7986
1280.7986
1280.7986
1280.7986
1280.7987
1280.7987
1280.7987
1280.7987
1280.7987
1280.7987
1280.7987
1280.7987
1280.7987
1280.7987
1280.7987
1280.9471
1280.9471
1280.9471
1280.9471
1280.9471
1280.9471
1280.9471
1280.9471
1280.9471
1280.9471
1280.9471
1280.9699
1280.9699
1280.9699
1280.9699
1280.9699
1280.9699
1280.9699
1280.9699
1280.9699
1280.9699
1280.9699
1280.7990
1280.7990
1280.7990
1280.7990
1280.7990
1280.7990
1280.7990
1280.7990
1280.7990
1280.7990
1280.7990
1280.7991
1280.7991
1280.7991
1280.7991
1280.7991
1280.7991
1280.7991
1280.7991
1280.7991
1280.7991
1280.7991
1280.7992
1280.7992
1280.7992
1280.7992
1280.7992
1280.7992
1280.7992
1280.7992
1280.7992
1280.7992
1280.7992
1280.9473
1280.9473
1280.9473
1280.9473
1280.9473
1280.9473
1280.9473
1280.9473
1280.9473
1280.9473
1280.9473
1280.7996
1280.7996
1280.7996
1280.7996
1280.7996
1280.7996
1280.7996
1280.7996
1280.7996
1280.7996
1280.7996
1280.7994
1280.7994
1280.7994
1280.7994
1280.7994
1280.7994
1280.7994
1280.7994
1280.7994
1280.7994
1280.7994
1280.9701
1280.9701
1280.9701
1280.9701
1280.9701
1280.9701
1280.9701
1280.9701
1280.9701
1280.9701
1280.9701
1280.9475
1280.9475
1280.9475
1280.9475
1280.9475
1280.9475
1280.9475
1280.9475
1280.9475
1280.9475
1280.9475
1280.7998
1280.7998
1280.7998
1280.7998
1280.7998
1280.7998
1280.7998
1280.7998
1280.7998
1280.7998
1280.7998
1280.8779
1280.8779
1280.8779
1280.8779
1280.8779
1280.8779
1280.8779
1280.8779
1280.8779
1280.8779
1280.8779
1280.9702
1280.9702
1280.9702
1280.9702
1280.9702
1280.9702
1280.9702
1280.9702
1280.9702
1280.9702
1280.9702
1280.9695
1280.9695
1280.9695
1280.9695
1280.9695
1280.9695
1280.9695
1280.9695
1280.9695
1280.9695
1280.9695
1280.8001
1280.8001
1280.8001
1280.8001
1280.8001
1280.8001
1280.8001
1280.8001
1280.8001
1280.8001
1280.8001
1280.9697
1280.9697
1280.9697
1280.9697
1280.9697
1280.9697
1280.9697
1280.9697
1280.9697
1280.9697
1280.9697
1280.9706
1280.9706
1280.9706
1280.9706
1280.9706
1280.9706
1280.9706
1280.9706
1280.9706
1280.9706
1280.9706
1280.8004
1280.8004
1280.8004
1280.8004
1280.8004
1280.8004
1280.8004
1280.8004
1280.8004
1280.8004
1280.8004
1280.9705
1280.9705
1280.9705
1280.9705
1280.9705
1280.9705
1280.9705
1280.9705
1280.9705
1280.9705
1280.9705
1280.8819
1280.8819
1280.8819
1280.8819
1280.8819
1280.8819
1280.8819
1280.8819
1280.8819
1280.8819
1280.8819
1280.9708
1280.9708
1280.9708
1280.9708
1280.9708
1280.9708
1280.9708
1280.9708
1280.9708
1280.9708
1280.9708
1280.9482
1280.9482
1280.9482
1280.9482
1280.9482
1280.9482
1280.9482
1280.9482
1280.9482
1280.9482
1280.9482
1280.8008
1280.8008
1280.8008
1280.8008
1280.8008
1280.8008
1280.8008
1280.8008
1280.8008
1280.8008
1280.8008
1280.9707
1280.9707
1280.9707
1280.9707
1280.9707
1280.9707
1280.9707
1280.9707
1280.9707
1280.9707
1280.9707
1280.9711
1280.9711
1280.9711
1280.9711
1280.9711
1280.9711
1280.9711
1280.9711
1280.9711
1280.9711
1280.9711
1280.9704
1280.9704
1280.9704
1280.9704
1280.9704
1280.9704
1280.9704
1280.9704
1280.9704
1280.9704
1280.9704
1280.9703
1280.9703
1280.9703
1280.9703
1280.9703
1280.9703
1280.9703
1280.9703
1280.9703
1280.9703
1280.9703
1280.9487
1280.9487
1280.9487
1280.9487
1280.9487
1280.9487
1280.9487
1280.9487
1280.9487
1280.9487
1280.9487
1280.9709
1280.9709
1280.9709
1280.9709
1280.9709
1280.9709
1280.9709
1280.9709
1280.9709
1280.9709
1280.9709
1280.9710
1280.9710
1280.9710
1280.9710
1280.9710
1280.9710
1280.9710
1280.9710
1280.9710
1280.9710
1280.9710
1280.8825
1280.8825
1280.8825
1280.8825
1280.8825
1280.8825
1280.8825
1280.8825
1280.8825
1280.8825
1280.8825
1280.8018
1280.8018
1280.8018
1280.8018
1280.8018
1280.8018
1280.8018
1280.8018
1280.8018
1280.8018
1280.8018
1280.8827
1280.8827
1280.8827
1280.8827
1280.8827
1280.8827
1280.8827
1280.8827
1280.8827
1280.8827
1280.8827
1280.9715
1280.9715
1280.9715
1280.9715
1280.9715
1280.9715
1280.9715
1280.9715
1280.9715
1280.9715
1280.9715
1280.9712
1280.9712
1280.9712
1280.9712
1280.9712
1280.9712
1280.9712
1280.9712
1280.9712
1280.9712
1280.9712
1280.8829
1280.8829
1280.8829
1280.8829
1280.8829
1280.8829
1280.8829
1280.8829
1280.8829
1280.8829
1280.8829
1280.8830
1280.8830
1280.8830
1280.8830
1280.8830
1280.8830
1280.8830
1280.8830
1280.8830
1280.8830
1280.8830
1280.8831
1280.8831
1280.8831
1280.8831
1280.8831
1280.8831
1280.8831
1280.8831
1280.8831
1280.8831
1280.8831
1280.8832
1280.8832
1280.8832
1280.8832
1280.8832
1280.8832
1280.8832
1280.8832
1280.8832
1280.8832
1280.8832
1280.9492
1280.9492
1280.9492
1280.9492
1280.9492
1280.9492
1280.9492
1280.9492
1280.9492
1280.9492
1280.9492
1280.8833
1280.8833
1280.8833
1280.8833
1280.8833
1280.8833
1280.8833
1280.8833
1280.8833
1280.8833
1280.8833
1280.9714
1280.9714
1280.9714
1280.9714
1280.9714
1280.9714
1280.9714
1280.9714
1280.9714
1280.9714
1280.9714
1280.8835
1280.8835
1280.8835
1280.8835
1280.8835
1280.8835
1280.8835
1280.8835
1280.8835
1280.8835
1280.8835
1280.8787
1280.8787
1280.8787
1280.8787
1280.8787
1280.8787
1280.8787
1280.8787
1280.8787
1280.8787
1280.8787
1280.8836
1280.8836
1280.8836
1280.8836
1280.8836
1280.8836
1280.8836
1280.8836
1280.8836
1280.8836
1280.8836
1280.8780
1280.8780
1280.8780
1280.8780
1280.8780
1280.8780
1280.8780
1280.8780
1280.8780
1280.8780
1280.8780
1280.8837
1280.8837
1280.8837
1280.8837
1280.8837
1280.8837
1280.8837
1280.8837
1280.8837
1280.8837
1280.8837
1280.9718
1280.9718
1280.9718
1280.9718
1280.9718
1280.9718
1280.9718
1280.9718
1280.9718
1280.9718
1280.9718
1280.8032
1280.8032
1280.8032
1280.8032
1280.8032
1280.8032
1280.8032
1280.8032
1280.8032
1280.8032
1280.8032
1280.9495
1280.9495
1280.9495
1280.9495
1280.9495
1280.9495
1280.9495
1280.9495
1280.9495
1280.9495
1280.9495
1280.8034
1280.8034
1280.8034
1280.8034
1280.8034
1280.8034
1280.8034
1280.8034
1280.8034
1280.8034
1280.8034
1280.9496
1280.9496
1280.9496
1280.9496
1280.9496
1280.9496
1280.9496
1280.9496
1280.9496
1280.9496
1280.9496
1280.9713
1280.9713
1280.9713
1280.9713
1280.9713
1280.9713
1280.9713
1280.9713
1280.9713
1280.9713
1280.9713
1280.8037
1280.8037
1280.8037
1280.8037
1280.8037
1280.8037
1280.8037
1280.8037
1280.8037
1280.8037
1280.8037
1280.9717
1280.9717
1280.9717
1280.9717
1280.9717
1280.9717
1280.9717
1280.9717
1280.9717
1280.9717
1280.9717
1280.9716
1280.9716
1280.9716
1280.9716
1280.9716
1280.9716
1280.9716
1280.9716
1280.9716
1280.9716
1280.9716
1280.8039
1280.8039
1280.8039
1280.8039
1280.8039
1280.8039
1280.8039
1280.8039
1280.8039
1280.8039
1280.8039
1280.8040
1280.8040
1280.8040
1280.8040
1280.8040
1280.8040
1280.8040
1280.8040
1280.8040
1280.8040
1280.8040
1280.9720
1280.9720
1280.9720
1280.9720
1280.9720
1280.9720
1280.9720
1280.9720
1280.9720
1280.9720
1280.9720
1280.8042
1280.8042
1280.8042
1280.8042
1280.8042
1280.8042
1280.8042
1280.8042
1280.8042
1280.8042
1280.8042
1280.8043
1280.8043
1280.8043
1280.8043
1280.8043
1280.8043
1280.8043
1280.8043
1280.8043
1280.8043
1280.8043
1280.8044
1280.8044
1280.8044
1280.8044
1280.8044
1280.8044
1280.8044
1280.8044
1280.8044
1280.8044
1280.8044
1280.9719
1280.9719
1280.9719
1280.9719
1280.9719
1280.9719
1280.9719
1280.9719
1280.9719
1280.9719
1280.9719
1280.8046
1280.8046
1280.8046
1280.8046
1280.8046
1280.8046
1280.8046
1280.8046
1280.8046
1280.8046
1280.8046
1280.8047
1280.8047
1280.8047
1280.8047
1280.8047
1280.8047
1280.8047
1280.8047
1280.8047
1280.8047
1280.8047
1280.9721
1280.9721
1280.9721
1280.9721
1280.9721
1280.9721
1280.9721
1280.9721
1280.9721
1280.9721
1280.9721
1280.9723
1280.9723
1280.9723
1280.9723
1280.9723
1280.9723
1280.9723
1280.9723
1280.9723
1280.9723
1280.9723
1280.9722
1280.9722
1280.9722
1280.9722
1280.9722
1280.9722
1280.9722
1280.9722
1280.9722
1280.9722
1280.9722
1280.8051
1280.8051
1280.8051
1280.8051
1280.8051
1280.8051
1280.8051
1280.8051
1280.8051
1280.8051
1280.8051
1280.8052
1280.8052
1280.8052
1280.8052
1280.8052
1280.8052
1280.8052
1280.8052
1280.8052
1280.8052
1280.8052
1280.8772
1280.8772
1280.8772
1280.8772
1280.8772
1280.8772
1280.8772
1280.8772
1280.8772
1280.8772
1280.8772
1280.8053
1280.8053
1280.8053
1280.8053
1280.8053
1280.8053
1280.8053
1280.8053
1280.8053
1280.8053
1280.8053
1280.8054
1280.8054
1280.8054
1280.8054
1280.8054
1280.8054
1280.8054
1280.8054
1280.8054
1280.8054
1280.8054
1280.8055
1280.8055
1280.8055
1280.8055
1280.8055
1280.8055
1280.8055
1280.8055
1280.8055
1280.8055
1280.8055
1280.8056
1280.8056
1280.8056
1280.8056
1280.8056
1280.8056
1280.8056
1280.8056
1280.8056
1280.8056
1280.8056
1280.9724
1280.9724
1280.9724
1280.9724
1280.9724
1280.9724
1280.9724
1280.9724
1280.9724
1280.9724
1280.9724
1280.9725
1280.9725
1280.9725
1280.9725
1280.9725
1280.9725
1280.9725
1280.9725
1280.9725
1280.9725
1280.9725
1280.8059
1280.8059
1280.8059
1280.8059
1280.8059
1280.8059
1280.8059
1280.8059
1280.8059
1280.8059
1280.8059
1280.8060
1280.8060
1280.8060
1280.8060
1280.8060
1280.8060
1280.8060
1280.8060
1280.8060
1280.8060
1280.8060
1280.8633
1280.8633
1280.8633
1280.8633
1280.8633
1280.8633
1280.8633
1280.8633
1280.8633
1280.8633
1280.8633
1280.8634
1280.8634
1280.8634
1280.8634
1280.8634
1280.8634
1280.8634
1280.8634
1280.8634
1280.8634
1280.8634
1280.9726
1280.9726
1280.9726
1280.9726
1280.9726
1280.9726
1280.9726
1280.9726
1280.9726
1280.9726
1280.9726
1280.9727
1280.9727
1280.9727
1280.9727
1280.9727
1280.9727
1280.9727
1280.9727
1280.9727
1280.9727
1280.9727
1280.8635
1280.8635
1280.8635
1280.8635
1280.8635
1280.8635
1280.8635
1280.8635
1280.8635
1280.8635
1280.8635
1280.9728
1280.9728
1280.9728
1280.9728
1280.9728
1280.9728
1280.9728
1280.9728
1280.9728
1280.9728
1280.9728
1280.9734
1280.9734
1280.9734
1280.9734
1280.9734
1280.9734
1280.9734
1280.9734
1280.9734
1280.9734
1280.9734
1280.9733
1280.9733
1280.9733
1280.9733
1280.9733
1280.9733
1280.9733
1280.9733
1280.9733
1280.9733
1280.9729
1280.9729
1280.9729
1280.9729
1280.9729
1280.9729
1280.9729
1280.9729
1280.9729
1280.9729
1280.9729
1280.9730
1280.9730
1280.9730
1280.9730
1280.9730
1280.9730
1280.9730
1280.9730
1280.9730
1280.9730
1280.9730
1280.8511
1280.8511
1280.8511
1280.8511
1280.8511
1280.8511
1280.8511
1280.8511
1280.8511
1280.8511
1280.8511
1280.8513
1280.8513
1280.8513
1280.8513
1280.8513
1280.8513
1280.8513
1280.8513
1280.8513
1280.8513
1280.8513
1280.8509
1280.8509
1280.8509
1280.8509
1280.8509
1280.8509
1280.8509
1280.8509
1280.8509
1280.8509
1280.8509
1280.8508
1280.8508
1280.8508
1280.8508
1280.8508
1280.8508
1280.8508
1280.8508
1280.8508
1280.8508
1280.8508
1280.8510
1280.8510
1280.8510
1280.8510
1280.8510
1280.8510
1280.8510
1280.8510
1280.8510
1280.8510
1280.8510
1280.9732
1280.9732
1280.9732
1280.9732
1280.9732
1280.9732
1280.9732
1280.9732
1280.9732
1280.9732
1280.9732
1280.8722
1280.8722
1280.8722
1280.8722
1280.8722
1280.8722
1280.8722
1280.8722
1280.8722
1280.8722
1280.8722
1280.9731
1280.9731
1280.9731
1280.9731
1280.9731
1280.9731
1280.9731
1280.9731
1280.9731
1280.9731
1280.9731
1280.8724
1280.8724
1280.8724
1280.8724
1280.8724
1280.8724
1280.8724
1280.8724
1280.8724
1280.8724
1280.8724
1280.8726
1280.8726
1280.8726
1280.8726
1280.8726
1280.8726
1280.8726
1280.8726
1280.8726
1280.8726
1280.8726
1280.8728
1280.8728
1280.8728
1280.8728
1280.8728
1280.8728
1280.8728
1280.8728
1280.8728
1280.8728
1280.8728
1280.8727
1280.8727
1280.8727
1280.8727
1280.8727
1280.8727
1280.8727
1280.8727
1280.8727
1280.8727
1280.8727
1280.8721
1280.8721
1280.8721
1280.8721
1280.8721
1280.8721
1280.8721
1280.8721
1280.8721
1280.8721
1280.8721
1280.9735
1280.9735
1280.9735
1280.9735
1280.9735
1280.9735
1280.9735
1280.9735
1280.9735
1280.9735
1280.9735
1280.7407
1280.7407
1280.7407
1280.7407
1280.7407
1280.7407
1280.7407
1280.7407
1280.7407
1280.7407
1280.7407
1280.7404
1280.7404
1280.7404
1280.7404
1280.7404
1280.7404
1280.7404
1280.7404
1280.7404
1280.7404
1280.7404
1280.7405
1280.7405
1280.7405
1280.7405
1280.7405
1280.7405
1280.7405
1280.7405
1280.7405
1280.7405
1280.7405
1280.9738
1280.9738
1280.9738
1280.9738
1280.9738
1280.9738
1280.9738
1280.9738
1280.9738
1280.9738
1280.9738
1280.9737
1280.9737
1280.9737
1280.9737
1280.9737
1280.9737
1280.9737
1280.9737
1280.9737
1280.9737
1280.9737
1280.8063
1280.8063
1280.8063
1280.8063
1280.8063
1280.8063
1280.8063
1280.8063
1280.8063
1280.8063
1280.8063
1280.9736
1280.9736
1280.9736
1280.9736
1280.9736
1280.9736
1280.9736
1280.9736
1280.9736
1280.9736
1280.9736
1280.9739
1280.9739
1280.9739
1280.9739
1280.9739
1280.9739
1280.9739
1280.9739
1280.9739
1280.9739
1280.9739
1280.8066
1280.8066
1280.8066
1280.8066
1280.8066
1280.8066
1280.8066
1280.8066
1280.8066
1280.8066
1280.8066
1280.8067
1280.8067
1280.8067
1280.8067
1280.8067
1280.8067
1280.8067
1280.8067
1280.8067
1280.8067
1280.8067
1280.9740
1280.9740
1280.9740
1280.9740
1280.9740
1280.9740
1280.9740
1280.9740
1280.9740
1280.9740
1280.9740
1280.8734
1280.8734
1280.8734
1280.8734
1280.8734
1280.8734
1280.8734
1280.8734
1280.8734
1280.8734
1280.8734
1280.8647
1280.8647
1280.8647
1280.8647
1280.8647
1280.8647
1280.8647
1280.8647
1280.8647
1280.8647
1280.8647
1280.8646
1280.8646
1280.8646
1280.8646
1280.8646
1280.8646
1280.8646
1280.8646
1280.8646
1280.8646
1280.8646
1280.8648
1280.8648
1280.8648
1280.8648
1280.8648
1280.8648
1280.8648
1280.8648
1280.8648
1280.8648
1280.8648
1280.9741
1280.9741
1280.9741
1280.9741
1280.9741
1280.9741
1280.9741
1280.9741
1280.9741
1280.9741
1280.9741
1280.8649
1280.8649
1280.8649
1280.8649
1280.8649
1280.8649
1280.8649
1280.8649
1280.8649
1280.8649
1280.8649
1280.8645
1280.8645
1280.8645
1280.8645
1280.8645
1280.8645
1280.8645
1280.8645
1280.8645
1280.8645
1280.8645
1280.8383
1280.8383
1280.8383
1280.8383
1280.8383
1280.8383
1280.8383
1280.8383
1280.8383
1280.8383
1280.8383
1280.8384
1280.8384
1280.8384
1280.8384
1280.8384
1280.8384
1280.8384
1280.8384
1280.8384
1280.8384
1280.8384
1280.8545
1280.8545
1280.8545
1280.8545
1280.8545
1280.8545
1280.8545
1280.8545
1280.8545
1280.8545
1280.8544
1280.8544
1280.8544
1280.8544
1280.8544
1280.8544
1280.8544
1280.8544
1280.8544
1280.8544
1280.8543
1280.8543
1280.8543
1280.8543
1280.8543
1280.8543
1280.8543
1280.8543
1280.8543
1280.8543
1280.8542
1280.8542
1280.8542
1280.8542
1280.8542
1280.8542
1280.8542
1280.8542
1280.8542
1280.8542
1280.8541
1280.8541
1280.8541
1280.8541
1280.8541
1280.8541
1280.8541
1280.8541
1280.8541
1280.8541
1280.8540
1280.8540
1280.8540
1280.8540
1280.8540
1280.8540
1280.8540
1280.8540
1280.8540
1280.8540
1280.8490
1280.8490
1280.8490
1280.8490
1280.8490
1280.8490
1280.8490
1280.8490
1280.8490
1280.8490
1280.8601
1280.8601
1280.8601
1280.8601
1280.8601
1280.8601
1280.8601
1280.8601
1280.8601
1280.8601
1280.9742
1280.9742
1280.9742
1280.9742
1280.9742
1280.9742
1280.9742
1280.9742
1280.9742
1280.9742
1280.9743
1280.9743
1280.9743
1280.9743
1280.9743
1280.9743
1280.9743
1280.9743
1280.9743
1280.9743
1280.9744
1280.9744
1280.9744
1280.9744
1280.9744
1280.9744
1280.9744
1280.9744
1280.9744
1280.9744
1280.9745
1280.9745
1280.9745
1280.9745
1280.9745
1280.9745
1280.9745
1280.9745
1280.9745
1280.9745
1280.9746
1280.9746
1280.9746
1280.9746
1280.9746
1280.9746
1280.9746
1280.9746
1280.9746
1280.9746
1280.9747
1280.9747
1280.9747
1280.9747
1280.9747
1280.9747
1280.9747
1280.9747
1280.9747
1280.9747
1280.9748
1280.9748
1280.9748
1280.9748
1280.9748
1280.9748
1280.9748
1280.9748
1280.9748
1280.9748
1280.9749
1280.9749
1280.9749
1280.9749
1280.9749
1280.9749
1280.9749
1280.9749
1280.9749
1280.9749
1280.9750
1280.9750
1280.9750
1280.9750
1280.9750
1280.9750
1280.9750
1280.9750
1280.9750
1280.9750
1280.9751
1280.9751
1280.9751
1280.9751
1280.9751
1280.9751
1280.9751
1280.9751
1280.9751
1280.9751
1280.9752
1280.9752
1280.9752
1280.9752
1280.9752
1280.9752
1280.9752
1280.9752
1280.9752
1280.9752
1280.9753
1280.9753
1280.9753
1280.9753
1280.9753
1280.9753
1280.9753
1280.9753
1280.9753
1280.9753
1280.9535
1280.9535
1280.9535
1280.9535
1280.9535
1280.9535
1280.9535
1280.9535
1280.9535
1280.9535
1280.9754
1280.9754
1280.9754
1280.9754
1280.9754
1280.9754
1280.9754
1280.9754
1280.9754
1280.9754
1280.9755
1280.9755
1280.9755
1280.9755
1280.9755
1280.9755
1280.9755
1280.9755
1280.9755
1280.9755
1280.9756
1280.9756
1280.9756
1280.9756
1280.9756
1280.9756
1280.9756
1280.9756
1280.9756
1280.9756
1280.8463
1280.8463
1280.8463
1280.8463
1280.8463
1280.8463
1280.8463
1280.8463
1280.8463
1280.8463
1280.8462
1280.8462
1280.8462
1280.8462
1280.8462
1280.8462
1280.8462
1280.8462
1280.8462
1280.8462
1280.8465
1280.8465
1280.8465
1280.8465
1280.8465
1280.8465
1280.8465
1280.8465
1280.8465
1280.8465
1280.8464
1280.8464
1280.8464
1280.8464
1280.8464
1280.8464
1280.8464
1280.8464
1280.8464
1280.8464
1280.8460
1280.8460
1280.8460
1280.8460
1280.8460
1280.8460
1280.8460
1280.8460
1280.8460
1280.8460
1280.8461
1280.8461
1280.8461
1280.8461
1280.8461
1280.8461
1280.8461
1280.8461
1280.8461
1280.8461
1280.8459
1280.8459
1280.8459
1280.8459
1280.8459
1280.8459
1280.8459
1280.8459
1280.8459
1280.8459
1280.8458
1280.8458
1280.8458
1280.8458
1280.8458
1280.8458
1280.8458
1280.8458
1280.8458
1280.8458
1280.8655
1280.8655
1280.8655
1280.8655
1280.8655
1280.8655
1280.8655
1280.8655
1280.8655
1280.8655
1280.8656
1280.8656
1280.8656
1280.8656
1280.8656
1280.8656
1280.8656
1280.8656
1280.8656
1280.8656
1280.8657
1280.8657
1280.8657
1280.8657
1280.8657
1280.8657
1280.8657
1280.8657
1280.8657
1280.8657
1280.9757
1280.9757
1280.9757
1280.9757
1280.9757
1280.9757
1280.9757
1280.9757
1280.9757
1280.9757
1280.9758
1280.9758
1280.9758
1280.9758
1280.9758
1280.9758
1280.9758
1280.9758
1280.9758
1280.9758
1280.9759
1280.9759
1280.9759
1280.9759
1280.9759
1280.9759
1280.9759
1280.9759
1280.9759
1280.9759
1280.9760
1280.9760
1280.9760
1280.9760
1280.9760
1280.9760
1280.9760
1280.9760
1280.9760
1280.9760
1280.8658
1280.8658
1280.8658
1280.8658
1280.8658
1280.8658
1280.8658
1280.8658
1280.8658
1280.8658
1280.8659
1280.8659
1280.8659
1280.8659
1280.8659
1280.8659
1280.8659
1280.8659
1280.8659
1280.8659
1280.8574
1280.8574
1280.8574
1280.8574
1280.8574
1280.8574
1280.8574
1280.8574
1280.8574
1280.8574
1280.9761
1280.9761
1280.9761
1280.9761
1280.9761
1280.9761
1280.9761
1280.9761
1280.9761
1280.9761
1280.8572
1280.8572
1280.8572
1280.8572
1280.8572
1280.8572
1280.8572
1280.8572
1280.8572
1280.8572
1280.8571
1280.8571
1280.8571
1280.8571
1280.8571
1280.8571
1280.8571
1280.8571
1280.8571
1280.8571
1280.9762
1280.9762
1280.9762
1280.9762
1280.9762
1280.9762
1280.9762
1280.9762
1280.9762
1280.9762
1280.9763
1280.9763
1280.9763
1280.9763
1280.9763
1280.9763
1280.9763
1280.9763
1280.9763
1280.9763
1280.9764
1280.9764
1280.9764
1280.9764
1280.9764
1280.9764
1280.9764
1280.9764
1280.9764
1280.9764
1280.8575
1280.8575
1280.8575
1280.8575
1280.8575
1280.8575
1280.8575
1280.8575
1280.8575
1280.8575
1280.9765
1280.9765
1280.9765
1280.9765
1280.9765
1280.9765
1280.9765
1280.9765
1280.9765
1280.9765
1280.9766
1280.9766
1280.9766
1280.9766
1280.9766
1280.9766
1280.9766
1280.9766
1280.9766
1280.9766
1280.8754
1280.8754
1280.8754
1280.8754
1280.8754
1280.8754
1280.8754
1280.8754
1280.8754
1280.8754
1280.9767
1280.9767
1280.9767
1280.9767
1280.9767
1280.9767
1280.9767
1280.9767
1280.9767
1280.9767
1280.9768
1280.9768
1280.9768
1280.9768
1280.9768
1280.9768
1280.9768
1280.9768
1280.9768
1280.9768
1280.8753
1280.8753
1280.8753
1280.8753
1280.8753
1280.8753
1280.8753
1280.8753
1280.8753
1280.8753
1280.9769
1280.9769
1280.9769
1280.9769
1280.9769
1280.9769
1280.9769
1280.9769
1280.9769
1280.9769
1280.9770
1280.9770
1280.9770
1280.9770
1280.9770
1280.9770
1280.9770
1280.9770
1280.9770
1280.9770
1280.8681
1280.8681
1280.8681
1280.8681
1280.8681
1280.8681
1280.8681
1280.8681
1280.8681
1280.8681
1280.8586
1280.8586
1280.8586
1280.8586
1280.8586
1280.8586
1280.8586
1280.8586
1280.8586
1280.8586
1280.8691
1280.8691
1280.8691
1280.8691
1280.8691
1280.8691
1280.8691
1280.8691
1280.8691
1280.8691
1280.8672
1280.8672
1280.8672
1280.8672
1280.8672
1280.8672
1280.8672
1280.8672
1280.8672
1280.8672
1280.8670
1280.8670
1280.8670
1280.8670
1280.8670
1280.8670
1280.8670
1280.8670
1280.8670
1280.8670
1280.8674
1280.8674
1280.8674
1280.8674
1280.8674
1280.8674
1280.8674
1280.8674
1280.8674
1280.8674
1280.8673
1280.8673
1280.8673
1280.8673
1280.8673
1280.8673
1280.8673
1280.8673
1280.8673
1280.8673
1280.9771
1280.9771
1280.9771
1280.9771
1280.9771
1280.9771
1280.9771
1280.9771
1280.9771
1280.9771
1280.8675
1280.8675
1280.8675
1280.8675
1280.8675
1280.8675
1280.8675
1280.8675
1280.8675
1280.8675
1280.9772
1280.9772
1280.9772
1280.9772
1280.9772
1280.9772
1280.9772
1280.9772
1280.9772
1280.9772
1280.9773
1280.9773
1280.9773
1280.9773
1280.9773
1280.9773
1280.9773
1280.9773
1280.9773
1280.9773
1280.9775
1280.9775
1280.9775
1280.9775
1280.9775
1280.9775
1280.9775
1280.9775
1280.9775
1280.9775
1280.8396
1280.8396
1280.8396
1280.8396
1280.8396
1280.8396
1280.8396
1280.8396
1280.8396
1280.8396
1280.9774
1280.9774
1280.9774
1280.9774
1280.9774
1280.9774
1280.9774
1280.9774
1280.9774
1280.9774
1280.9776
1280.9776
1280.9776
1280.9776
1280.9776
1280.9776
1280.9776
1280.9776
1280.9776
1280.9776
1280.9777
1280.9777
1280.9777
1280.9777
1280.9777
1280.9777
1280.9777
1280.9777
1280.9777
1280.9777
1280.8400
1280.8400
1280.8400
1280.8400
1280.8400
1280.8400
1280.8400
1280.8400
1280.8400
1280.8400
1280.9778
1280.9778
1280.9778
1280.9778
1280.9778
1280.9778
1280.9778
1280.9778
1280.9778
1280.9778
1280.9779
1280.9779
1280.9779
1280.9779
1280.9779
1280.9779
1280.9779
1280.9779
1280.9779
1280.9779
1280.9780
1280.9780
1280.9780
1280.9780
1280.9780
1280.9780
1280.9780
1280.9780
1280.9780
1280.9780
1280.8393
1280.8393
1280.8393
1280.8393
1280.8393
1280.8393
1280.8393
1280.8393
1280.8393
1280.8393
1280.9781
1280.9781
1280.9781
1280.9781
1280.9781
1280.9781
1280.9781
1280.9781
1280.9781
1280.9781
1280.9782
1280.9782
1280.9782
1280.9782
1280.9782
1280.9782
1280.9782
1280.9782
1280.9782
1280.9782
1280.9783
1280.9783
1280.9783
1280.9783
1280.9783
1280.9783
1280.9783
1280.9783
1280.9783
1280.9783
1280.7422
1280.7422
1280.7422
1280.7422
1280.7422
1280.7422
1280.7422
1280.7422
1280.7422
1280.7422
1280.7424
1280.7424
1280.7424
1280.7424
1280.7424
1280.7424
1280.7424
1280.7424
1280.7424
1280.7424
1280.9784
1280.9784
1280.9784
1280.9784
1280.9784
1280.9784
1280.9784
1280.9784
1280.9784
1280.9784
1280.9785
1280.9785
1280.9785
1280.9785
1280.9785
1280.9785
1280.9785
1280.9785
1280.9785
1280.9785
1280.9786
1280.9786
1280.9786
1280.9786
1280.9786
1280.9786
1280.9786
1280.9786
1280.9786
1280.9786
1280.9787
1280.9787
1280.9787
1280.9787
1280.9787
1280.9787
1280.9787
1280.9787
1280.9787
1280.9787
1280.9788
1280.9788
1280.9788
1280.9788
1280.9788
1280.9788
1280.9788
1280.9788
1280.9788
1280.9788
1280.9789
1280.9789
1280.9789
1280.9789
1280.9789
1280.9789
1280.9789
1280.9789
1280.9789
1280.9789
1280.8473
1280.8473
1280.8473
1280.8473
1280.8473
1280.8473
1280.8473
1280.8473
1280.8473
1280.8473
1280.8471
1280.8471
1280.8471
1280.8471
1280.8471
1280.8471
1280.8471
1280.8471
1280.8471
1280.8471
1280.9791
1280.9791
1280.9791
1280.9791
1280.9791
1280.9791
1280.9791
1280.9791
1280.9791
1280.9791
1280.9790
1280.9790
1280.9790
1280.9790
1280.9790
1280.9790
1280.9790
1280.9790
1280.9790
1280.9790
1280.8469
1280.8469
1280.8469
1280.8469
1280.8469
1280.8469
1280.8469
1280.8469
1280.8469
1280.8469
1280.8466
1280.8466
1280.8466
1280.8466
1280.8466
1280.8466
1280.8466
1280.8466
1280.8466
1280.8466
1280.8467
1280.8467
1280.8467
1280.8467
1280.8467
1280.8467
1280.8467
1280.8467
1280.8467
1280.8467
1280.9792
1280.9792
1280.9792
1280.9792
1280.9792
1280.9792
1280.9792
1280.9792
1280.9792
1280.9792
1280.9793
1280.9793
1280.9793
1280.9793
1280.9793
1280.9793
1280.9793
1280.9793
1280.9793
1280.9793
1280.8423
1280.8423
1280.8423
1280.8423
1280.8423
1280.8423
1280.8423
1280.8423
1280.8423
1280.8423
1280.8563
1280.8563
1280.8563
1280.8563
1280.8563
1280.8563
1280.8563
1280.8563
1280.8563
1280.8563
1280.9794
1280.9794
1280.9794
1280.9794
1280.9794
1280.9794
1280.9794
1280.9794
1280.9794
1280.9794
1280.8424
1280.8424
1280.8424
1280.8424
1280.8424
1280.8424
1280.8424
1280.8424
1280.8424
1280.8424
1280.9795
1280.9795
1280.9795
1280.9795
1280.9795
1280.9795
1280.9795
1280.9795
1280.9795
1280.9795
1280.8419
1280.8419
1280.8419
1280.8419
1280.8419
1280.8419
1280.8419
1280.8419
1280.8419
1280.8419
1280.9796
1280.9796
1280.9796
1280.9796
1280.9796
1280.9796
1280.9796
1280.9796
1280.9796
1280.9796
1280.8421
1280.8421
1280.8421
1280.8421
1280.8421
1280.8421
1280.8421
1280.8421
1280.8421
1280.8421
1280.8570
1280.8570
1280.8570
1280.8570
1280.8570
1280.8570
1280.8570
1280.8570
1280.8570
1280.8570
1280.9797
1280.9797
1280.9797
1280.9797
1280.9797
1280.9797
1280.9797
1280.9797
1280.9797
1280.9797
1280.7383
1280.7383
1280.7383
1280.7383
1280.7383
1280.7383
1280.7383
1280.7383
1280.7383
1280.7383
1280.9798
1280.9798
1280.9798
1280.9798
1280.9798
1280.9798
1280.9798
1280.9798
1280.9798
1280.9798
1280.9799
1280.9799
1280.9799
1280.9799
1280.9799
1280.9799
1280.9799
1280.9799
1280.9799
1280.9799
1280.9800
1280.9800
1280.9800
1280.9800
1280.9800
1280.9800
1280.9800
1280.9800
1280.9800
1280.9800
1280.9801
1280.9801
1280.9801
1280.9801
1280.9801
1280.9801
1280.9801
1280.9801
1280.9801
1280.9801
1280.9802
1280.9802
1280.9802
1280.9802
1280.9802
1280.9802
1280.9802
1280.9802
1280.9802
1280.9802
1280.7384
1280.7384
1280.7384
1280.7384
1280.7384
1280.7384
1280.7384
1280.7384
1280.7384
1280.7384
1280.9803
1280.9803
1280.9803
1280.9803
1280.9803
1280.9803
1280.9803
1280.9803
1280.9803
1280.9803
1280.7392
1280.7392
1280.7392
1280.7392
1280.7392
1280.7392
1280.7392
1280.7392
1280.7392
1280.7392
1280.8361
1280.8361
1280.8361
1280.8361
1280.8361
1280.8361
1280.8361
1280.8361
1280.8361
1280.8361
1280.9804
1280.9804
1280.9804
1280.9804
1280.9804
1280.9804
1280.9804
1280.9804
1280.9804
1280.9804
1280.8354
1280.8354
1280.8354
1280.8354
1280.8354
1280.8354
1280.8354
1280.8354
1280.8354
1280.8354
1280.8352
1280.8352
1280.8352
1280.8352
1280.8352
1280.8352
1280.8352
1280.8352
1280.8352
1280.8352
1280.9805
1280.9805
1280.9805
1280.9805
1280.9805
1280.9805
1280.9805
1280.9805
1280.9805
1280.9805
1280.9806
1280.9806
1280.9806
1280.9806
1280.9806
1280.9806
1280.9806
1280.9806
1280.9806
1280.9806
1280.9807
1280.9807
1280.9807
1280.9807
1280.9807
1280.9807
1280.9807
1280.9807
1280.9807
1280.9807
1280.9808
1280.9808
1280.9808
1280.9808
1280.9808
1280.9808
1280.9808
1280.9808
1280.9808
1280.9808
1280.8358
1280.8358
1280.8358
1280.8358
1280.8358
1280.8358
1280.8358
1280.8358
1280.8358
1280.8358
1280.8434
1280.8434
1280.8434
1280.8434
1280.8434
1280.8434
1280.8434
1280.8434
1280.8434
1280.8434
1280.8433
1280.8433
1280.8433
1280.8433
1280.8433
1280.8433
1280.8433
1280.8433
1280.8433
1280.8433
1280.8432
1280.8432
1280.8432
1280.8432
1280.8432
1280.8432
1280.8432
1280.8432
1280.8432
1280.8432
1280.8431
1280.8431
1280.8431
1280.8431
1280.8431
1280.8431
1280.8431
1280.8431
1280.8431
1280.8431
1280.9809
1280.9809
1280.9809
1280.9809
1280.9809
1280.9809
1280.9809
1280.9809
1280.9809
1280.9809
1280.8437
1280.8437
1280.8437
1280.8437
1280.8437
1280.8437
1280.8437
1280.8437
1280.8437
1280.8437
1280.8436
1280.8436
1280.8436
1280.8436
1280.8436
1280.8436
1280.8436
1280.8436
1280.8436
1280.8436
1280.8435
1280.8435
1280.8435
1280.8435
1280.8435
1280.8435
1280.8435
1280.8435
1280.8435
1280.8435
1280.8430
1280.8430
1280.8430
1280.8430
1280.8430
1280.8430
1280.8430
1280.8430
1280.8430
1280.8430
1280.9810
1280.9810
1280.9810
1280.9810
1280.9810
1280.9810
1280.9810
1280.9810
1280.9810
1280.9810
1280.8483
1280.8483
1280.8483
1280.8483
1280.8483
1280.8483
1280.8483
1280.8483
1280.8483
1280.8483
1280.8484
1280.8484
1280.8484
1280.8484
1280.8484
1280.8484
1280.8484
1280.8484
1280.8484
1280.8484
1280.8485
1280.8485
1280.8485
1280.8485
1280.8485
1280.8485
1280.8485
1280.8485
1280.8485
1280.8485
1280.9811
1280.9811
1280.9811
1280.9811
1280.9811
1280.9811
1280.9811
1280.9811
1280.9811
1280.9811
1280.9812
1280.9812
1280.9812
1280.9812
1280.9812
1280.9812
1280.9812
1280.9812
1280.9812
1280.9812
1280.8482
1280.8482
1280.8482
1280.8482
1280.8482
1280.8482
1280.8482
1280.8482
1280.8482
1280.8482
1280.9813
1280.9813
1280.9813
1280.9813
1280.9813
1280.9813
1280.9813
1280.9813
1280.9813
1280.9813
1280.9814
1280.9814
1280.9814
1280.9814
1280.9814
1280.9814
1280.9814
1280.9814
1280.9814
1280.9814
1280.9816
1280.9816
1280.9816
1280.9816
1280.9816
1280.9816
1280.9816
1280.9816
1280.9816
1280.9816
1280.9815
1280.9815
1280.9815
1280.9815
1280.9815
1280.9815
1280.9815
1280.9815
1280.9815
1280.9815
1280.9817
1280.9817
1280.9817
1280.9817
1280.9817
1280.9817
1280.9817
1280.9817
1280.9817
1280.9817
1280.9818
1280.9818
1280.9818
1280.9818
1280.9818
1280.9818
1280.9818
1280.9818
1280.9818
1280.9818
1280.8587
1280.8587
1280.8587
1280.8587
1280.8587
1280.8587
1280.8587
1280.8587
1280.8587
1280.8587
1280.9819
1280.9819
1280.9819
1280.9819
1280.9819
1280.9819
1280.9819
1280.9819
1280.9819
1280.9819
1280.8589
1280.8589
1280.8589
1280.8589
1280.8589
1280.8589
1280.8589
1280.8589
1280.8589
1280.8589
1280.8588
1280.8588
1280.8588
1280.8588
1280.8588
1280.8588
1280.8588
1280.8588
1280.8588
1280.8588
1280.9820
1280.9820
1280.9820
1280.9820
1280.9820
1280.9820
1280.9820
1280.9820
1280.9820
1280.9820
1280.8499
1280.8499
1280.8499
1280.8499
1280.8499
1280.8499
1280.8499
1280.8499
1280.8499
1280.8499
1280.9821
1280.9821
1280.9821
1280.9821
1280.9821
1280.9821
1280.9821
1280.9821
1280.9821
1280.9821
1280.9822
1280.9822
1280.9822
1280.9822
1280.9822
1280.9822
1280.9822
1280.9822
1280.9822
1280.9822
1280.9823
1280.9823
1280.9823
1280.9823
1280.9823
1280.9823
1280.9823
1280.9823
1280.9823
1280.9823
1280.8590
1280.8590
1280.8590
1280.8590
1280.8590
1280.8590
1280.8590
1280.8590
1280.8590
1280.8590
1280.9824
1280.9824
1280.9824
1280.9824
1280.9824
1280.9824
1280.9824
1280.9824
1280.9824
1280.9824
1280.8534
1280.8534
1280.8534
1280.8534
1280.8534
1280.8534
1280.8534
1280.8534
1280.8534
1280.8534
1280.9825
1280.9825
1280.9825
1280.9825
1280.9825
1280.9825
1280.9825
1280.9825
1280.9825
1280.9825
1280.9826
1280.9826
1280.9826
1280.9826
1280.9826
1280.9826
1280.9826
1280.9826
1280.9826
1280.9826
1280.9827
1280.9827
1280.9827
1280.9827
1280.9827
1280.9827
1280.9827
1280.9827
1280.9827
1280.9827
1280.8551
1280.8551
1280.8551
1280.8551
1280.8551
1280.8551
1280.8551
1280.8551
1280.8551
1280.8551
1280.8619
1280.8619
1280.8619
1280.8619
1280.8619
1280.8619
1280.8619
1280.8619
1280.8619
1280.8619
1280.8618
1280.8618
1280.8618
1280.8618
1280.8618
1280.8618
1280.8618
1280.8618
1280.8618
1280.8618
1280.8617
1280.8617
1280.8617
1280.8617
1280.8617
1280.8617
1280.8617
1280.8617
1280.8617
1280.8617
1280.8616
1280.8616
1280.8616
1280.8616
1280.8616
1280.8616
1280.8616
1280.8616
1280.8616
1280.8616
1280.8615
1280.8615
1280.8615
1280.8615
1280.8615
1280.8615
1280.8615
1280.8615
1280.8615
1280.8615
1280.8614
1280.8614
1280.8614
1280.8614
1280.8614
1280.8614
1280.8614
1280.8614
1280.8614
1280.8614
1280.8613
1280.8613
1280.8613
1280.8613
1280.8613
1280.8613
1280.8613
1280.8613
1280.8613
1280.8613
1280.8612
1280.8612
1280.8612
1280.8612
1280.8612
1280.8612
1280.8612
1280.8612
1280.8612
1280.8612
1280.9828
1280.9828
1280.9828
1280.9828
1280.9828
1280.9828
1280.9828
1280.9828
1280.9828
1280.9828
1280.9829
1280.9829
1280.9829
1280.9829
1280.9829
1280.9829
1280.9829
1280.9829
1280.9829
1280.9829
1280.9830
1280.9830
1280.9830
1280.9830
1280.9830
1280.9830
1280.9830
1280.9830
1280.9830
1280.9830
1280.9831
1280.9831
1280.9831
1280.9831
1280.9831
1280.9831
1280.9831
1280.9831
1280.9831
1280.9831
1280.9832
1280.9832
1280.9832
1280.9832
1280.9832
1280.9832
1280.9832
1280.9832
1280.9832
1280.9832
1280.9833
1280.9833
1280.9833
1280.9833
1280.9833
1280.9833
1280.9833
1280.9833
1280.9833
1280.9833
1280.9834
1280.9834
1280.9834
1280.9834
1280.9834
1280.9834
1280.9834
1280.9834
1280.9834
1280.9834
1280.8378
1280.8378
1280.8378
1280.8378
1280.8378
1280.8378
1280.8378
1280.8378
1280.8378
1280.8378
1280.9835
1280.9835
1280.9835
1280.9835
1280.9835
1280.9835
1280.9835
1280.9835
1280.9835
1280.9835
1280.8512
1280.8512
1280.8512
1280.8512
1280.8512
1280.8512
1280.8512
1280.8512
1280.8512
1280.8512
1280.8380
1280.8380
1280.8380
1280.8380
1280.8380
1280.8380
1280.8380
1280.8380
1280.8380
1280.8380
1280.7436
1280.7436
1280.7436
1280.7436
1280.7436
1280.7436
1280.7436
1280.7436
1280.7436
1280.7436
1280.7435
1280.7435
1280.7435
1280.7435
1280.7435
1280.7435
1280.7435
1280.7435
1280.7435
1280.7435
1280.7438
1280.7438
1280.7438
1280.7438
1280.7438
1280.7438
1280.7438
1280.7438
1280.7438
1280.7438
1280.9836
1280.9836
1280.9836
1280.9836
1280.9836
1280.9836
1280.9836
1280.9836
1280.9836
1280.9836
1280.7432
1280.7432
1280.7432
1280.7432
1280.7432
1280.7432
1280.7432
1280.7432
1280.7432
1280.7432
1280.9837
1280.9837
1280.9837
1280.9837
1280.9837
1280.9837
1280.9837
1280.9837
1280.9837
1280.9837
1280.9838
1280.9838
1280.9838
1280.9838
1280.9838
1280.9838
1280.9838
1280.9838
1280.9838
1280.9838
1280.7433
1280.7433
1280.7433
1280.7433
1280.7433
1280.7433
1280.7433
1280.7433
1280.7433
1280.7433
1280.9839
1280.9839
1280.9839
1280.9839
1280.9839
1280.9839
1280.9839
1280.9839
1280.9839
1280.9839
1280.7429
1280.7429
1280.7429
1280.7429
1280.7429
1280.7429
1280.7429
1280.7429
1280.7429
1280.7429
1280.9840
1280.9840
1280.9840
1280.9840
1280.9840
1280.9840
1280.9840
1280.9840
1280.9840
1280.9840
1280.8418
1280.8418
1280.8418
1280.8418
1280.8418
1280.8418
1280.8418
1280.8418
1280.8418
1280.8418
1280.9841
1280.9841
1280.9841
1280.9841
1280.9841
1280.9841
1280.9841
1280.9841
1280.9841
1280.9841
1280.9842
1280.9842
1280.9842
1280.9842
1280.9842
1280.9842
1280.9842
1280.9842
1280.9842
1280.9842
1280.8415
1280.8415
1280.8415
1280.8415
1280.8415
1280.8415
1280.8415
1280.8415
1280.8415
1280.8415
1280.9843
1280.9843
1280.9843
1280.9843
1280.9843
1280.9843
1280.9843
1280.9843
1280.9843
1280.9843
1280.8411
1280.8411
1280.8411
1280.8411
1280.8411
1280.8411
1280.8411
1280.8411
1280.8411
1280.8411
1280.8412
1280.8412
1280.8412
1280.8412
1280.8412
1280.8412
1280.8412
1280.8412
1280.8412
1280.8412
1280.7419
1280.7419
1280.7419
1280.7419
1280.7419
1280.7419
1280.7419
1280.7419
1280.7419
1280.7419
1280.7420
1280.7420
1280.7420
1280.7420
1280.7420
1280.7420
1280.7420
1280.7420
1280.7420
1280.7420
1280.8712
1280.8712
1280.8712
1280.8712
1280.8712
1280.8712
1280.8712
1280.8712
1280.8712
1280.8712
1280.7415
1280.7415
1280.7415
1280.7415
1280.7415
1280.7415
1280.7415
1280.7415
1280.7415
1280.7415
1280.7416
1280.7416
1280.7416
1280.7416
1280.7416
1280.7416
1280.7416
1280.7416
1280.7416
1280.7416
1280.9844
1280.9844
1280.9844
1280.9844
1280.9844
1280.9844
1280.9844
1280.9844
1280.9844
1280.9844
1280.9845
1280.9845
1280.9845
1280.9845
1280.9845
1280.9845
1280.9845
1280.9845
1280.9845
1280.9845
1280.9846
1280.9846
1280.9846
1280.9846
1280.9846
1280.9846
1280.9846
1280.9846
1280.9846
1280.9846
1280.7414
1280.7414
1280.7414
1280.7414
1280.7414
1280.7414
1280.7414
1280.7414
1280.7414
1280.7414
1280.8596
1280.8596
1280.8596
1280.8596
1280.8596
1280.8596
1280.8596
1280.8596
1280.8596
1280.8596
1280.8595
1280.8595
1280.8595
1280.8595
1280.8595
1280.8595
1280.8595
1280.8595
1280.8595
1280.8595
1280.8405
1280.8405
1280.8405
1280.8405
1280.8405
1280.8405
1280.8405
1280.8405
1280.8405
1280.8405
1280.8593
1280.8593
1280.8593
1280.8593
1280.8593
1280.8593
1280.8593
1280.8593
1280.8593
1280.8593
1280.8600
1280.8600
1280.8600
1280.8600
1280.8600
1280.8600
1280.8600
1280.8600
1280.8600
1280.8600
1280.8599
1280.8599
1280.8599
1280.8599
1280.8599
1280.8599
1280.8599
1280.8599
1280.8599
1280.8599
1280.9847
1280.9847
1280.9847
1280.9847
1280.9847
1280.9847
1280.9847
1280.9847
1280.9847
1280.9847
1280.8598
1280.8598
1280.8598
1280.8598
1280.8598
1280.8598
1280.8598
1280.8598
1280.8598
1280.8598
1280.8591
1280.8591
1280.8591
1280.8591
1280.8591
1280.8591
1280.8591
1280.8591
1280.8591
1280.8591
1280.8592
1280.8592
1280.8592
1280.8592
1280.8592
1280.8592
1280.8592
1280.8592
1280.8592
1280.8592
1280.8539
1280.8539
1280.8539
1280.8539
1280.8539
1280.8539
1280.8539
1280.8539
1280.8539
1280.8539
1280.8493
1280.8493
1280.8493
1280.8493
1280.8493
1280.8493
1280.8493
1280.8493
1280.8493
1280.8493
1280.8537
1280.8537
1280.8537
1280.8537
1280.8537
1280.8537
1280.8537
1280.8537
1280.8537
1280.8537
1280.8538
1280.8538
1280.8538
1280.8538
1280.8538
1280.8538
1280.8538
1280.8538
1280.8538
1280.8538
1280.8535
1280.8535
1280.8535
1280.8535
1280.8535
1280.8535
1280.8535
1280.8535
1280.8535
1280.8535
1280.8536
1280.8536
1280.8536
1280.8536
1280.8536
1280.8536
1280.8536
1280.8536
1280.8536
1280.8536
1280.9848
1280.9848
1280.9848
1280.9848
1280.9848
1280.9848
1280.9848
1280.9848
1280.9848
1280.9848
1280.8547
1280.8547
1280.8547
1280.8547
1280.8547
1280.8547
1280.8547
1280.8547
1280.8547
1280.8547
1280.9849
1280.9849
1280.9849
1280.9849
1280.9849
1280.9849
1280.9849
1280.9849
1280.9849
1280.9849
1280.8491
1280.8491
1280.8491
1280.8491
1280.8491
1280.8491
1280.8491
1280.8491
1280.8491
1280.8491
1280.8492
1280.8492
1280.8492
1280.8492
1280.8492
1280.8492
1280.8492
1280.8492
1280.8492
1280.8492
1280.8487
1280.8487
1280.8487
1280.8487
1280.8487
1280.8487
1280.8487
1280.8487
1280.8487
1280.8487
1280.8486
1280.8486
1280.8486
1280.8486
1280.8486
1280.8486
1280.8486
1280.8486
1280.8486
1280.8486
1280.8489
1280.8489
1280.8489
1280.8489
1280.8489
1280.8489
1280.8489
1280.8489
1280.8489
1280.8489
1280.8488
1280.8488
1280.8488
1280.8488
1280.8488
1280.8488
1280.8488
1280.8488
1280.8488
1280.8488
1280.8495
1280.8495
1280.8495
1280.8495
1280.8495
1280.8495
1280.8495
1280.8495
1280.8495
1280.8495
1280.8494
1280.8494
1280.8494
1280.8494
1280.8494
1280.8494
1280.8494
1280.8494
1280.8494
1280.8494
1280.8439
1280.8439
1280.8439
1280.8439
1280.8439
1280.8439
1280.8439
1280.8439
1280.8439
1280.8439
1280.8620
1280.8620
1280.8620
1280.8620
1280.8620
1280.8620
1280.8620
1280.8620
1280.8620
1280.8620
1280.8441
1280.8441
1280.8441
1280.8441
1280.8441
1280.8441
1280.8441
1280.8441
1280.8441
1280.8441
1280.9850
1280.9850
1280.9850
1280.9850
1280.9850
1280.9850
1280.9850
1280.9850
1280.9850
1280.9850
1280.8443
1280.8443
1280.8443
1280.8443
1280.8443
1280.8443
1280.8443
1280.8443
1280.8443
1280.8443
1280.9851
1280.9851
1280.9851
1280.9851
1280.9851
1280.9851
1280.9851
1280.9851
1280.9851
1280.9851
1280.9852
1280.9852
1280.9852
1280.9852
1280.9852
1280.9852
1280.9852
1280.9852
1280.9852
1280.9852
1280.8445
1280.8445
1280.8445
1280.8445
1280.8445
1280.8445
1280.8445
1280.8445
1280.8445
1280.8445
1280.9853
1280.9853
1280.9853
1280.9853
1280.9853
1280.9853
1280.9853
1280.9853
1280.9853
1280.9853
1280.9854
1280.9854
1280.9854
1280.9854
1280.9854
1280.9854
1280.9854
1280.9854
1280.9854
1280.9854
1280.8362
1280.8362
1280.8362
1280.8362
1280.8362
1280.8362
1280.8362
1280.8362
1280.8362
1280.8362
1280.8359
1280.8359
1280.8359
1280.8359
1280.8359
1280.8359
1280.8359
1280.8359
1280.8359
1280.8359
1280.8360
1280.8360
1280.8360
1280.8360
1280.8360
1280.8360
1280.8360
1280.8360
1280.8360
1280.8360
1280.9855
1280.9855
1280.9855
1280.9855
1280.9855
1280.9855
1280.9855
1280.9855
1280.9855
1280.9855
1280.9856
1280.9856
1280.9856
1280.9856
1280.9856
1280.9856
1280.9856
1280.9856
1280.9856
1280.9856
1280.8353
1280.8353
1280.8353
1280.8353
1280.8353
1280.8353
1280.8353
1280.8353
1280.8353
1280.8353
1280.7456
1280.7456
1280.7456
1280.7456
1280.7456
1280.7456
1280.7456
1280.7456
1280.7456
1280.7456
1280.9857
1280.9857
1280.9857
1280.9857
1280.9857
1280.9857
1280.9857
1280.9857
1280.9857
1280.9857
1280.9858
1280.9858
1280.9858
1280.9858
1280.9858
1280.9858
1280.9858
1280.9858
1280.9858
1280.9858
1280.9859
1280.9859
1280.9859
1280.9859
1280.9859
1280.9859
1280.9859
1280.9859
1280.9859
1280.9859
1280.7391
1280.7391
1280.7391
1280.7391
1280.7391
1280.7391
1280.7391
1280.7391
1280.7391
1280.7391
1280.9860
1280.9860
1280.9860
1280.9860
1280.9860
1280.9860
1280.9860
1280.9860
1280.9860
1280.9860
1280.9861
1280.9861
1280.9861
1280.9861
1280.9861
1280.9861
1280.9861
1280.9861
1280.9861
1280.9861
1280.9862
1280.9862
1280.9862
1280.9862
1280.9862
1280.9862
1280.9862
1280.9862
1280.9862
1280.9862
1280.9863
1280.9863
1280.9863
1280.9863
1280.9863
1280.9863
1280.9863
1280.9863
1280.9863
1280.9863
1280.7406
1280.7406
1280.7406
1280.7406
1280.7406
1280.7406
1280.7406
1280.7406
1280.7406
1280.7406
1280.9864
1280.9864
1280.9864
1280.9864
1280.9864
1280.9864
1280.9864
1280.9864
1280.9864
1280.9864
1280.7402
1280.7402
1280.7402
1280.7402
1280.7402
1280.7402
1280.7402
1280.7402
1280.7402
1280.7402
1280.7403
1280.7403
1280.7403
1280.7403
1280.7403
1280.7403
1280.7403
1280.7403
1280.7403
1280.7403
1280.9865
1280.9865
1280.9865
1280.9865
1280.9865
1280.9865
1280.9865
1280.9865
1280.9865
1280.9865
1280.9866
1280.9866
1280.9866
1280.9866
1280.9866
1280.9866
1280.9866
1280.9866
1280.9866
1280.9866
1280.8382
1280.8382
1280.8382
1280.8382
1280.8382
1280.8382
1280.8382
1280.8382
1280.8382
1280.8382
1280.8381
1280.8381
1280.8381
1280.8381
1280.8381
1280.8381
1280.8381
1280.8381
1280.8381
1280.8381
1280.8709
1280.8709
1280.8709
1280.8709
1280.8709
1280.8709
1280.8709
1280.8709
1280.8709
1280.8709
1280.8707
1280.8707
1280.8707
1280.8707
1280.8707
1280.8707
1280.8707
1280.8707
1280.8707
1280.8707
1280.9867
1280.9867
1280.9867
1280.9867
1280.9867
1280.9867
1280.9867
1280.9867
1280.9867
1280.9867
1280.9869
1280.9869
1280.9869
1280.9869
1280.9869
1280.9869
1280.9869
1280.9869
1280.9869
1280.9869
1280.9868
1280.9868
1280.9868
1280.9868
1280.9868
1280.9868
1280.9868
1280.9868
1280.9868
1280.9868
1280.8747
1280.8747
1280.8747
1280.8747
1280.8747
1280.8747
1280.8747
1280.8747
1280.8747
1280.8747
1280.8748
1280.8748
1280.8748
1280.8748
1280.8748
1280.8748
1280.8748
1280.8748
1280.8748
1280.8748
1280.9871
1280.9871
1280.9871
1280.9871
1280.9871
1280.9871
1280.9871
1280.9871
1280.9871
1280.9871
1280.8742
1280.8742
1280.8742
1280.8742
1280.8742
1280.8742
1280.8742
1280.8742
1280.8742
1280.8742
1280.8743
1280.8743
1280.8743
1280.8743
1280.8743
1280.8743
1280.8743
1280.8743
1280.8743
1280.8743
1280.9570
1280.9570
1280.9570
1280.9570
1280.9570
1280.9570
1280.9570
1280.9570
1280.9570
1280.9570
1280.9870
1280.9870
1280.9870
1280.9870
1280.9870
1280.9870
1280.9870
1280.9870
1280.9870
1280.9870
1280.8750
1280.8750
1280.8750
1280.8750
1280.8750
1280.8750
1280.8750
1280.8750
1280.8750
1280.8750
1280.8751
1280.8751
1280.8751
1280.8751
1280.8751
1280.8751
1280.8751
1280.8751
1280.8751
1280.8751
1280.9872
1280.9872
1280.9872
1280.9872
1280.9872
1280.9872
1280.9872
1280.9872
1280.9872
1280.9872
1280.8663
1280.8663
1280.8663
1280.8663
1280.8663
1280.8663
1280.8663
1280.8663
1280.8663
1280.8663
1280.9873
1280.9873
1280.9873
1280.9873
1280.9873
1280.9873
1280.9873
1280.9873
1280.9873
1280.9873
1280.9874
1280.9874
1280.9874
1280.9874
1280.9874
1280.9874
1280.9874
1280.9874
1280.9874
1280.9874
1280.8668
1280.8668
1280.8668
1280.8668
1280.8668
1280.8668
1280.8668
1280.8668
1280.8668
1280.8668
1280.9875
1280.9875
1280.9875
1280.9875
1280.9875
1280.9875
1280.9875
1280.9875
1280.9875
1280.9875
1280.8666
1280.8666
1280.8666
1280.8666
1280.8666
1280.8666
1280.8666
1280.8666
1280.8666
1280.8666
1280.9876
1280.9876
1280.9876
1280.9876
1280.9876
1280.9876
1280.9876
1280.9876
1280.9876
1280.9876
1280.8671
1280.8671
1280.8671
1280.8671
1280.8671
1280.8671
1280.8671
1280.8671
1280.8671
1280.8671
1280.9877
1280.9877
1280.9877
1280.9877
1280.9877
1280.9877
1280.9877
1280.9877
1280.9877
1280.9877
1280.8623
1280.8623
1280.8623
1280.8623
1280.8623
1280.8623
1280.8623
1280.8623
1280.8623
1280.8623
1280.8622
1280.8622
1280.8622
1280.8622
1280.8622
1280.8622
1280.8622
1280.8622
1280.8622
1280.8622
1280.9878
1280.9878
1280.9878
1280.9878
1280.9878
1280.9878
1280.9878
1280.9878
1280.9878
1280.9878
1280.8627
1280.8627
1280.8627
1280.8627
1280.8627
1280.8627
1280.8627
1280.8627
1280.8627
1280.8627
1280.8626
1280.8626
1280.8626
1280.8626
1280.8626
1280.8626
1280.8626
1280.8626
1280.8626
1280.8626
1280.8625
1280.8625
1280.8625
1280.8625
1280.8625
1280.8625
1280.8625
1280.8625
1280.8625
1280.8625
1280.8624
1280.8624
1280.8624
1280.8624
1280.8624
1280.8624
1280.8624
1280.8624
1280.8624
1280.8624
1280.9879
1280.9879
1280.9879
1280.9879
1280.9879
1280.9879
1280.9879
1280.9879
1280.9879
1280.9879
1280.9880
1280.9880
1280.9880
1280.9880
1280.9880
1280.9880
1280.9880
1280.9880
1280.9880
1280.9880
1280.9881
1280.9881
1280.9881
1280.9881
1280.9881
1280.9881
1280.9881
1280.9881
1280.9881
1280.9881
1280.8713
1280.8713
1280.8713
1280.8713
1280.8713
1280.8713
1280.8713
1280.8713
1280.8713
1280.8713
1280.9882
1280.9882
1280.9882
1280.9882
1280.9882
1280.9882
1280.9882
1280.9882
1280.9882
1280.9882
1280.9884
1280.9884
1280.9884
1280.9884
1280.9884
1280.9884
1280.9884
1280.9884
1280.9884
1280.9884
1280.8708
1280.8708
1280.8708
1280.8708
1280.8708
1280.8708
1280.8708
1280.8708
1280.8708
1280.8708
1280.8710
1280.8710
1280.8710
1280.8710
1280.8710
1280.8710
1280.8710
1280.8710
1280.8710
1280.8710
1280.8711
1280.8711
1280.8711
1280.8711
1280.8711
1280.8711
1280.8711
1280.8711
1280.8711
1280.8711
1280.8716
1280.8716
1280.8716
1280.8716
1280.8716
1280.8716
1280.8716
1280.8716
1280.8716
1280.8716
1280.9883
1280.9883
1280.9883
1280.9883
1280.9883
1280.9883
1280.9883
1280.9883
1280.9883
1280.9883
1280.9885
1280.9885
1280.9885
1280.9885
1280.9885
1280.9885
1280.9885
1280.9885
1280.9885
1280.9885
1280.9886
1280.9886
1280.9886
1280.9886
1280.9886
1280.9886
1280.9886
1280.9886
1280.9886
1280.9886
1280.9887
1280.9887
1280.9887
1280.9887
1280.9887
1280.9887
1280.9887
1280.9887
1280.9887
1280.9887
1280.9888
1280.9888
1280.9888
1280.9888
1280.9888
1280.9888
1280.9888
1280.9888
1280.9888
1280.9888
1280.9889
1280.9889
1280.9889
1280.9889
1280.9889
1280.9889
1280.9889
1280.9889
1280.9889
1280.9889
1280.9890
1280.9890
1280.9890
1280.9890
1280.9890
1280.9890
1280.9890
1280.9890
1280.9890
1280.9890
1280.9890
1280.8760
1280.8760
1280.8760
1280.8760
1280.8760
1280.8760
1280.8760
1280.8760
1280.8760
1280.8760
1280.8760
1280.8759
1280.8759
1280.8759
1280.8759
1280.8759
1280.8759
1280.8759
1280.8759
1280.8759
1280.8759
1280.8759
1280.8762
1280.8762
1280.8762
1280.8762
1280.8762
1280.8762
1280.8762
1280.8762
1280.8762
1280.8762
1280.8762
1280.8761
1280.8761
1280.8761
1280.8761
1280.8761
1280.8761
1280.8761
1280.8761
1280.8761
1280.8761
1280.8761
1280.8764
1280.8764
1280.8764
1280.8764
1280.8764
1280.8764
1280.8764
1280.8764
1280.8764
1280.8764
1280.8764
1280.8763
1280.8763
1280.8763
1280.8763
1280.8763
1280.8763
1280.8763
1280.8763
1280.8763
1280.8763
1280.8763
1280.9891
1280.9891
1280.9891
1280.9891
1280.9891
1280.9891
1280.9891
1280.9891
1280.9891
1280.9891
1280.9891
1280.8766
1280.8766
1280.8766
1280.8766
1280.8766
1280.8766
1280.8766
1280.8766
1280.8766
1280.8766
1280.8766
1280.9892
1280.9892
1280.9892
1280.9892
1280.9892
1280.9892
1280.9892
1280.9892
1280.9892
1280.9892
1280.9892
1280.7441
1280.7441
1280.7441
1280.7441
1280.7441
1280.7441
1280.7441
1280.7441
1280.7441
1280.7441
1280.7441
1280.7439
1280.7439
1280.7439
1280.7439
1280.7439
1280.7439
1280.7439
1280.7439
1280.7439
1280.7439
1280.7439
1280.7440
1280.7440
1280.7440
1280.7440
1280.7440
1280.7440
1280.7440
1280.7440
1280.7440
1280.7440
1280.7440
1280.7445
1280.7445
1280.7445
1280.7445
1280.7445
1280.7445
1280.7445
1280.7445
1280.7445
1280.7445
1280.7445
1280.7446
1280.7446
1280.7446
1280.7446
1280.7446
1280.7446
1280.7446
1280.7446
1280.7446
1280.7446
1280.7446
1280.7443
1280.7443
1280.7443
1280.7443
1280.7443
1280.7443
1280.7443
1280.7443
1280.7443
1280.7443
1280.7443
1280.7444
1280.7444
1280.7444
1280.7444
1280.7444
1280.7444
1280.7444
1280.7444
1280.7444
1280.7444
1280.7444
1280.7447
1280.7447
1280.7447
1280.7447
1280.7447
1280.7447
1280.7447
1280.7447
1280.7447
1280.7447
1280.7447
1280.9893
1280.9893
1280.9893
1280.9893
1280.9893
1280.9893
1280.9893
1280.9893
1280.9893
1280.9893
1280.9893
1280.8407
1280.8407
1280.8407
1280.8407
1280.8407
1280.8407
1280.8407
1280.8407
1280.8407
1280.8407
1280.8407
1280.8406
1280.8406
1280.8406
1280.8406
1280.8406
1280.8406
1280.8406
1280.8406
1280.8406
1280.8406
1280.8406
1280.8594
1280.8594
1280.8594
1280.8594
1280.8594
1280.8594
1280.8594
1280.8594
1280.8594
1280.8594
1280.8594
1280.8404
1280.8404
1280.8404
1280.8404
1280.8404
1280.8404
1280.8404
1280.8404
1280.8404
1280.8404
1280.8404
1280.8410
1280.8410
1280.8410
1280.8410
1280.8410
1280.8410
1280.8410
1280.8410
1280.8410
1280.8410
1280.8410
1280.8409
1280.8409
1280.8409
1280.8409
1280.8409
1280.8409
1280.8409
1280.8409
1280.8409
1280.8409
1280.8409
1280.8408
1280.8408
1280.8408
1280.8408
1280.8408
1280.8408
1280.8408
1280.8408
1280.8408
1280.8408
1280.8408
1280.8394
1280.8394
1280.8394
1280.8394
1280.8394
1280.8394
1280.8394
1280.8394
1280.8394
1280.8394
1280.8394
1280.9894
1280.9894
1280.9894
1280.9894
1280.9894
1280.9894
1280.9894
1280.9894
1280.9894
1280.9894
1280.9894
1280.9895
1280.9895
1280.9895
1280.9895
1280.9895
1280.9895
1280.9895
1280.9895
1280.9895
1280.9895
1280.9895
1280.9896
1280.9896
1280.9896
1280.9896
1280.9896
1280.9896
1280.9896
1280.9896
1280.9896
1280.9896
1280.9896
1280.8685
1280.8685
1280.8685
1280.8685
1280.8685
1280.8685
1280.8685
1280.8685
1280.8685
1280.8685
1280.8685
1280.8684
1280.8684
1280.8684
1280.8684
1280.8684
1280.8684
1280.8684
1280.8684
1280.8684
1280.8684
1280.8684
1280.8686
1280.8686
1280.8686
1280.8686
1280.8686
1280.8686
1280.8686
1280.8686
1280.8686
1280.8686
1280.8686
1280.8687
1280.8687
1280.8687
1280.8687
1280.8687
1280.8687
1280.8687
1280.8687
1280.8687
1280.8687
1280.8687
1280.8682
1280.8682
1280.8682
1280.8682
1280.8682
1280.8682
1280.8682
1280.8682
1280.8682
1280.8682
1280.8682
1280.8683
1280.8683
1280.8683
1280.8683
1280.8683
1280.8683
1280.8683
1280.8683
1280.8683
1280.8683
1280.8683
1280.8370
1280.8370
1280.8370
1280.8370
1280.8370
1280.8370
1280.8370
1280.8370
1280.8370
1280.8370
1280.8370
1280.8366
1280.8366
1280.8366
1280.8366
1280.8366
1280.8366
1280.8366
1280.8366
1280.8366
1280.8366
1280.8366
1280.9897
1280.9897
1280.9897
1280.9897
1280.9897
1280.9897
1280.9897
1280.9897
1280.9897
1280.9897
1280.9897
1280.9898
1280.9898
1280.9898
1280.9898
1280.9898
1280.9898
1280.9898
1280.9898
1280.9898
1280.9898
1280.9898
1280.8369
1280.8369
1280.8369
1280.8369
1280.8369
1280.8369
1280.8369
1280.8369
1280.8369
1280.8369
1280.8369
1280.9899
1280.9899
1280.9899
1280.9899
1280.9899
1280.9899
1280.9899
1280.9899
1280.9899
1280.9899
1280.9899
1280.8368
1280.8368
1280.8368
1280.8368
1280.8368
1280.8368
1280.8368
1280.8368
1280.8368
1280.8368
1280.8368
1280.8367
1280.8367
1280.8367
1280.8367
1280.8367
1280.8367
1280.8367
1280.8367
1280.8367
1280.8367
1280.8367
1280.8363
1280.8363
1280.8363
1280.8363
1280.8363
1280.8363
1280.8363
1280.8363
1280.8363
1280.8363
1280.8363
1280.8357
1280.8357
1280.8357
1280.8357
1280.8357
1280.8357
1280.8357
1280.8357
1280.8357
1280.8357
1280.8357
1280.9900
1280.9900
1280.9900
1280.9900
1280.9900
1280.9900
1280.9900
1280.9900
1280.9900
1280.9900
1280.9900
1280.9901
1280.9901
1280.9901
1280.9901
1280.9901
1280.9901
1280.9901
1280.9901
1280.9901
1280.9901
1280.9901
1280.7399
1280.7399
1280.7399
1280.7399
1280.7399
1280.7399
1280.7399
1280.7399
1280.7399
1280.7399
1280.7399
1280.9902
1280.9902
1280.9902
1280.9902
1280.9902
1280.9902
1280.9902
1280.9902
1280.9902
1280.9902
1280.9902
1280.9903
1280.9903
1280.9903
1280.9903
1280.9903
1280.9903
1280.9903
1280.9903
1280.9903
1280.9903
1280.9903
1280.9904
1280.9904
1280.9904
1280.9904
1280.9904
1280.9904
1280.9904
1280.9904
1280.9904
1280.9904
1280.9904
1280.8660
1280.8660
1280.8660
1280.8660
1280.8660
1280.8660
1280.8660
1280.8660
1280.8660
1280.8660
1280.8660
1280.8644
1280.8644
1280.8644
1280.8644
1280.8644
1280.8644
1280.8644
1280.8644
1280.8644
1280.8644
1280.8644
1280.9905
1280.9905
1280.9905
1280.9905
1280.9905
1280.9905
1280.9905
1280.9905
1280.9905
1280.9905
1280.9905
1280.9600
1280.9600
1280.9600
1280.9600
1280.9600
1280.9600
1280.9600
1280.9600
1280.9600
1280.9600
1280.9600
1280.9906
1280.9906
1280.9906
1280.9906
1280.9906
1280.9906
1280.9906
1280.9906
1280.9906
1280.9906
1280.9906
1280.9907
1280.9907
1280.9907
1280.9907
1280.9907
1280.9907
1280.9907
1280.9907
1280.9907
1280.9907
1280.9907
1280.9908
1280.9908
1280.9908
1280.9908
1280.9908
1280.9908
1280.9908
1280.9908
1280.9908
1280.9908
1280.9908
1280.8641
1280.8641
1280.8641
1280.8641
1280.8641
1280.8641
1280.8641
1280.8641
1280.8641
1280.8641
1280.8641
1280.8638
1280.8638
1280.8638
1280.8638
1280.8638
1280.8638
1280.8638
1280.8638
1280.8638
1280.8638
1280.8638
1280.8447
1280.8447
1280.8447
1280.8447
1280.8447
1280.8447
1280.8447
1280.8447
1280.8447
1280.8447
1280.8447
1280.9909
1280.9909
1280.9909
1280.9909
1280.9909
1280.9909
1280.9909
1280.9909
1280.9909
1280.9909
1280.9909
1280.9910
1280.9910
1280.9910
1280.9910
1280.9910
1280.9910
1280.9910
1280.9910
1280.9910
1280.9910
1280.9910
1280.9912
1280.9912
1280.9912
1280.9912
1280.9912
1280.9912
1280.9912
1280.9912
1280.9912
1280.9912
1280.9912
1280.8692
1280.8692
1280.8692
1280.8692
1280.8692
1280.8692
1280.8692
1280.8692
1280.8692
1280.8692
1280.8692
1280.8695
1280.8695
1280.8695
1280.8695
1280.8695
1280.8695
1280.8695
1280.8695
1280.8695
1280.8695
1280.8695
1280.9911
1280.9911
1280.9911
1280.9911
1280.9911
1280.9911
1280.9911
1280.9911
1280.9911
1280.9911
1280.9911
1280.8767
1280.8767
1280.8767
1280.8767
1280.8767
1280.8767
1280.8767
1280.8767
1280.8767
1280.8767
1280.8767
1280.9913
1280.9913
1280.9913
1280.9913
1280.9913
1280.9913
1280.9913
1280.9913
1280.9913
1280.9913
1280.9913
1280.8548
1280.8548
1280.8548
1280.8548
1280.8548
1280.8548
1280.8548
1280.8548
1280.8548
1280.8548
1280.8548
1280.9914
1280.9914
1280.9914
1280.9914
1280.9914
1280.9914
1280.9914
1280.9914
1280.9914
1280.9914
1280.9914
1280.9915
1280.9915
1280.9915
1280.9915
1280.9915
1280.9915
1280.9915
1280.9915
1280.9915
1280.9915
1280.9915
1280.8440
1280.8440
1280.8440
1280.8440
1280.8440
1280.8440
1280.8440
1280.8440
1280.8440
1280.8440
1280.8440
1280.9916
1280.9916
1280.9916
1280.9916
1280.9916
1280.9916
1280.9916
1280.9916
1280.9916
1280.9916
1280.9916
1280.9917
1280.9917
1280.9917
1280.9917
1280.9917
1280.9917
1280.9917
1280.9917
1280.9917
1280.9917
1280.9917
1280.9918
1280.9918
1280.9918
1280.9918
1280.9918
1280.9918
1280.9918
1280.9918
1280.9918
1280.9918
1280.9918
1280.8449
1280.8449
1280.8449
1280.8449
1280.8449
1280.8449
1280.8449
1280.8449
1280.8449
1280.8449
1280.8449
1280.9919
1280.9919
1280.9919
1280.9919
1280.9919
1280.9919
1280.9919
1280.9919
1280.9919
1280.9919
1280.9919
1280.8560
1280.8560
1280.8560
1280.8560
1280.8560
1280.8560
1280.8560
1280.8560
1280.8560
1280.8560
1280.8560
1280.9920
1280.9920
1280.9920
1280.9920
1280.9920
1280.9920
1280.9920
1280.9920
1280.9920
1280.9920
1280.9920
1280.9921
1280.9921
1280.9921
1280.9921
1280.9921
1280.9921
1280.9921
1280.9921
1280.9921
1280.9921
1280.9921
1280.9922
1280.9922
1280.9922
1280.9922
1280.9922
1280.9922
1280.9922
1280.9922
1280.9922
1280.9922
1280.9922
1280.9923
1280.9923
1280.9923
1280.9923
1280.9923
1280.9923
1280.9923
1280.9923
1280.9923
1280.9923
1280.9923
1280.9924
1280.9924
1280.9924
1280.9924
1280.9924
1280.9924
1280.9924
1280.9924
1280.9924
1280.9924
1280.9924
1280.8516
1280.8516
1280.8516
1280.8516
1280.8516
1280.8516
1280.8516
1280.8516
1280.8516
1280.8516
1280.8516
1280.8515
1280.8515
1280.8515
1280.8515
1280.8515
1280.8515
1280.8515
1280.8515
1280.8515
1280.8515
1280.8515
1280.8514
1280.8514
1280.8514
1280.8514
1280.8514
1280.8514
1280.8514
1280.8514
1280.8514
1280.8514
1280.8514
1280.8561
1280.8561
1280.8561
1280.8561
1280.8561
1280.8561
1280.8561
1280.8561
1280.8561
1280.8561
1280.8561
1280.8562
1280.8562
1280.8562
1280.8562
1280.8562
1280.8562
1280.8562
1280.8562
1280.8562
1280.8562
1280.8562
1280.9925
1280.9925
1280.9925
1280.9925
1280.9925
1280.9925
1280.9925
1280.9925
1280.9925
1280.9925
1280.8070
1280.8070
1280.8070
1280.8070
1280.8070
1280.8070
1280.8070
1280.8070
1280.8070
1280.8070
1280.8070
1280.9926
1280.9926
1280.9926
1280.9926
1280.9926
1280.9926
1280.9926
1280.9926
1280.9926
1280.9926
1280.8072
1280.8072
1280.8072
1280.8072
1280.8072
1280.8072
1280.8072
1280.8072
1280.8072
1280.8072
1280.8072
1280.8073
1280.8073
1280.8073
1280.8073
1280.8073
1280.8073
1280.8073
1280.8073
1280.8073
1280.8073
1280.9927
1280.9927
1280.9927
1280.9927
1280.9927
1280.9927
1280.9927
1280.9927
1280.9927
1280.9927
1280.9927
1280.8075
1280.8075
1280.8075
1280.8075
1280.8075
1280.8075
1280.8075
1280.8075
1280.8075
1280.8075
1280.8076
1280.8076
1280.8076
1280.8076
1280.8076
1280.8076
1280.8076
1280.8076
1280.8076
1280.8076
1280.8076
1280.8077
1280.8077
1280.8077
1280.8077
1280.8077
1280.8077
1280.8077
1280.8077
1280.8077
1280.8077
1280.9928
1280.9928
1280.9928
1280.9928
1280.9928
1280.9928
1280.9928
1280.9928
1280.9928
1280.9928
1280.9928
1280.9929
1280.9929
1280.9929
1280.9929
1280.9929
1280.9929
1280.9929
1280.9929
1280.9929
1280.9929
1280.9929
1280.9930
1280.9930
1280.9930
1280.9930
1280.9930
1280.9930
1280.9930
1280.9930
1280.9930
1280.9930
1280.9931
1280.9931
1280.9931
1280.9931
1280.9931
1280.9931
1280.9931
1280.9931
1280.9931
1280.9931
1280.9931
1280.8081
1280.8081
1280.8081
1280.8081
1280.8081
1280.8081
1280.8081
1280.8081
1280.8081
1280.8081
1280.8081
1280.9932
1280.9932
1280.9932
1280.9932
1280.9932
1280.9932
1280.9932
1280.9932
1280.9932
1280.9932
1280.9932
1280.9933
1280.9933
1280.9933
1280.9933
1280.9933
1280.9933
1280.9933
1280.9933
1280.9933
1280.9933
1280.9933
1280.8084
1280.8084
1280.8084
1280.8084
1280.8084
1280.8084
1280.8084
1280.8084
1280.8084
1280.8084
1280.8084
1280.9934
1280.9934
1280.9934
1280.9934
1280.9934
1280.9934
1280.9934
1280.9934
1280.9934
1280.9934
1280.9935
1280.9935
1280.9935
1280.9935
1280.9935
1280.9935
1280.9935
1280.9935
1280.9935
1280.9935
1280.9935
1280.8087
1280.8087
1280.8087
1280.8087
1280.8087
1280.8087
1280.8087
1280.8087
1280.8087
1280.8087
1280.8087
1280.8088
1280.8088
1280.8088
1280.8088
1280.8088
1280.8088
1280.8088
1280.8088
1280.8088
1280.8088
1280.8088
1280.8788
1280.8788
1280.8788
1280.8788
1280.8788
1280.8788
1280.8788
1280.8788
1280.8788
1280.8788
1280.8788
1280.8089
1280.8089
1280.8089
1280.8089
1280.8089
1280.8089
1280.8089
1280.8089
1280.8089
1280.8089
1280.8089
1280.8090
1280.8090
1280.8090
1280.8090
1280.8090
1280.8090
1280.8090
1280.8090
1280.8090
1280.8090
1280.8090
1280.9937
1280.9937
1280.9937
1280.9937
1280.9937
1280.9937
1280.9937
1280.9937
1280.9937
1280.9937
1280.9936
1280.9936
1280.9936
1280.9936
1280.9936
1280.9936
1280.9936
1280.9936
1280.9936
1280.9936
1280.9936
1280.8093
1280.8093
1280.8093
1280.8093
1280.8093
1280.8093
1280.8093
1280.8093
1280.8093
1280.8093
1280.8093
1280.8094
1280.8094
1280.8094
1280.8094
1280.8094
1280.8094
1280.8094
1280.8094
1280.8094
1280.8094
1280.9938
1280.9938
1280.9938
1280.9938
1280.9938
1280.9938
1280.9938
1280.9938
1280.9938
1280.9938
1280.8096
1280.8096
1280.8096
1280.8096
1280.8096
1280.8096
1280.8096
1280.8096
1280.8096
1280.8096
1280.8097
1280.8097
1280.8097
1280.8097
1280.8097
1280.8097
1280.8097
1280.8097
1280.8097
1280.8097
1280.8097
1280.8098
1280.8098
1280.8098
1280.8098
1280.8098
1280.8098
1280.8098
1280.8098
1280.8098
1280.8098
1280.8098
1280.8099
1280.8099
1280.8099
1280.8099
1280.8099
1280.8099
1280.8099
1280.8099
1280.8099
1280.8099
1280.8100
1280.8100
1280.8100
1280.8100
1280.8100
1280.8100
1280.8100
1280.8100
1280.8100
1280.8100
1280.8101
1280.8101
1280.8101
1280.8101
1280.8101
1280.8101
1280.8101
1280.8101
1280.8101
1280.8101
1280.8101
1280.9939
1280.9939
1280.9939
1280.9939
1280.9939
1280.9939
1280.9939
1280.9939
1280.9939
1280.9939
1280.9939
1280.8103
1280.8103
1280.8103
1280.8103
1280.8103
1280.8103
1280.8103
1280.8103
1280.8103
1280.8103
1280.8103
1280.9940
1280.9940
1280.9940
1280.9940
1280.9940
1280.9940
1280.9940
1280.9940
1280.9940
1280.9940
1280.9940
1280.8105
1280.8105
1280.8105
1280.8105
1280.8105
1280.8105
1280.8105
1280.8105
1280.8105
1280.8105
1280.8105
1280.8106
1280.8106
1280.8106
1280.8106
1280.8106
1280.8106
1280.8106
1280.8106
1280.8106
1280.8106
1280.8106
1280.8107
1280.8107
1280.8107
1280.8107
1280.8107
1280.8107
1280.8107
1280.8107
1280.8107
1280.8107
1280.8108
1280.8108
1280.8108
1280.8108
1280.8108
1280.8108
1280.8108
1280.8108
1280.8108
1280.8108
1280.8108
1280.8109
1280.8109
1280.8109
1280.8109
1280.8109
1280.8109
1280.8109
1280.8109
1280.8109
1280.8109
1280.8109
1280.8110
1280.8110
1280.8110
1280.8110
1280.8110
1280.8110
1280.8110
1280.8110
1280.8110
1280.8110
1280.9629
1280.9629
1280.9629
1280.9629
1280.9629
1280.9629
1280.9629
1280.9629
1280.9629
1280.9629
1280.9941
1280.9941
1280.9941
1280.9941
1280.9941
1280.9941
1280.9941
1280.9941
1280.9941
1280.9941
1280.9941
1280.9942
1280.9942
1280.9942
1280.9942
1280.9942
1280.9942
1280.9942
1280.9942
1280.9942
1280.9942
1280.9942
1280.9943
1280.9943
1280.9943
1280.9943
1280.9943
1280.9943
1280.9943
1280.9943
1280.9943
1280.9943
1280.9943
1280.9945
1280.9945
1280.9945
1280.9945
1280.9945
1280.9945
1280.9945
1280.9945
1280.9945
1280.9945
1280.9945
1280.9944
1280.9944
1280.9944
1280.9944
1280.9944
1280.9944
1280.9944
1280.9944
1280.9944
1280.9944
1280.9946
1280.9946
1280.9946
1280.9946
1280.9946
1280.9946
1280.9946
1280.9946
1280.9946
1280.9946
1280.8117
1280.8117
1280.8117
1280.8117
1280.8117
1280.8117
1280.8117
1280.8117
1280.8117
1280.8117
1280.8117
1280.8118
1280.8118
1280.8118
1280.8118
1280.8118
1280.8118
1280.8118
1280.8118
1280.8118
1280.8118
1280.8118
1280.9947
1280.9947
1280.9947
1280.9947
1280.9947
1280.9947
1280.9947
1280.9947
1280.9947
1280.9947
1280.9947
1280.9948
1280.9948
1280.9948
1280.9948
1280.9948
1280.9948
1280.9948
1280.9948
1280.9948
1280.9948
1280.9948
1280.9636
1280.9636
1280.9636
1280.9636
1280.9636
1280.9636
1280.9636
1280.9636
1280.9636
1280.9636
1280.9636
1280.9949
1280.9949
1280.9949
1280.9949
1280.9949
1280.9949
1280.9949
1280.9949
1280.9949
1280.9949
1280.8122
1280.8122
1280.8122
1280.8122
1280.8122
1280.8122
1280.8122
1280.8122
1280.8122
1280.8122
1280.8123
1280.8123
1280.8123
1280.8123
1280.8123
1280.8123
1280.8123
1280.8123
1280.8123
1280.8123
1280.8124
1280.8124
1280.8124
1280.8124
1280.8124
1280.8124
1280.8124
1280.8124
1280.8124
1280.8124
1280.9950
1280.9950
1280.9950
1280.9950
1280.9950
1280.9950
1280.9950
1280.9950
1280.9950
1280.9950
1280.9950
1280.8126
1280.8126
1280.8126
1280.8126
1280.8126
1280.8126
1280.8126
1280.8126
1280.8126
1280.8126
1280.8127
1280.8127
1280.8127
1280.8127
1280.8127
1280.8127
1280.8127
1280.8127
1280.8127
1280.8127
1280.8127
1280.9951
1280.9951
1280.9951
1280.9951
1280.9951
1280.9951
1280.9951
1280.9951
1280.9951
1280.9951
1280.9951
1280.8129
1280.8129
1280.8129
1280.8129
1280.8129
1280.8129
1280.8129
1280.8129
1280.8129
1280.8129
1280.8130
1280.8130
1280.8130
1280.8130
1280.8130
1280.8130
1280.8130
1280.8130
1280.8130
1280.8130
1280.9952
1280.9952
1280.9952
1280.9952
1280.9952
1280.9952
1280.9952
1280.9952
1280.9952
1280.9952
1280.9952
1280.9953
1280.9953
1280.9953
1280.9953
1280.9953
1280.9953
1280.9953
1280.9953
1280.9953
1280.9953
1280.9953
1280.8133
1280.8133
1280.8133
1280.8133
1280.8133
1280.8133
1280.8133
1280.8133
1280.8133
1280.8133
1280.8133
1280.8134
1280.8134
1280.8134
1280.8134
1280.8134
1280.8134
1280.8134
1280.8134
1280.8134
1280.8134
1280.8134
1280.8135
1280.8135
1280.8135
1280.8135
1280.8135
1280.8135
1280.8135
1280.8135
1280.8135
1280.8135
1280.8135
1280.8136
1280.8136
1280.8136
1280.8136
1280.8136
1280.8136
1280.8136
1280.8136
1280.8136
1280.8136
1280.8136
1280.8137
1280.8137
1280.8137
1280.8137
1280.8137
1280.8137
1280.8137
1280.8137
1280.8137
1280.8137
1280.8137
1280.8138
1280.8138
1280.8138
1280.8138
1280.8138
1280.8138
1280.8138
1280.8138
1280.8138
1280.8138
1280.8138
1280.9954
1280.9954
1280.9954
1280.9954
1280.9954
1280.9954
1280.9954
1280.9954
1280.9954
1280.9954
1280.9954
1280.9955
1280.9955
1280.9955
1280.9955
1280.9955
1280.9955
1280.9955
1280.9955
1280.9955
1280.9955
1280.9955
1280.9956
1280.9956
1280.9956
1280.9956
1280.9956
1280.9956
1280.9956
1280.9956
1280.9956
1280.9956
1280.9956
1280.9957
1280.9957
1280.9957
1280.9957
1280.9957
1280.9957
1280.9957
1280.9957
1280.9957
1280.9957
1280.9957
1280.9958
1280.9958
1280.9958
1280.9958
1280.9958
1280.9958
1280.9958
1280.9958
1280.9958
1280.9958
1280.9958
1280.9959
1280.9959
1280.9959
1280.9959
1280.9959
1280.9959
1280.9959
1280.9959
1280.9959
1280.9959
1280.9959
1280.9960
1280.9960
1280.9960
1280.9960
1280.9960
1280.9960
1280.9960
1280.9960
1280.9960
1280.9960
1280.9960
1280.9961
1280.9961
1280.9961
1280.9961
1280.9961
1280.9961
1280.9961
1280.9961
1280.9961
1280.9961
1280.9961
1280.8146
1280.8146
1280.8146
1280.8146
1280.8146
1280.8146
1280.8146
1280.8146
1280.8146
1280.8146
1280.8146
1280.8147
1280.8147
1280.8147
1280.8147
1280.8147
1280.8147
1280.8147
1280.8147
1280.8147
1280.8147
1280.9962
1280.9962
1280.9962
1280.9962
1280.9962
1280.9962
1280.9962
1280.9962
1280.9962
1280.9962
1280.9962
1280.8149
1280.8149
1280.8149
1280.8149
1280.8149
1280.8149
1280.8149
1280.8149
1280.8149
1280.8149
1280.8150
1280.8150
1280.8150
1280.8150
1280.8150
1280.8150
1280.8150
1280.8150
1280.8150
1280.8150
1280.8150
1280.8151
1280.8151
1280.8151
1280.8151
1280.8151
1280.8151
1280.8151
1280.8151
1280.8151
1280.8151
1280.8151
1280.8152
1280.8152
1280.8152
1280.8152
1280.8152
1280.8152
1280.8152
1280.8152
1280.8152
1280.8152
1280.8152
1280.9963
1280.9963
1280.9963
1280.9963
1280.9963
1280.9963
1280.9963
1280.9963
1280.9963
1280.9963
1280.9963
1280.8154
1280.8154
1280.8154
1280.8154
1280.8154
1280.8154
1280.8154
1280.8154
1280.8154
1280.8154
1280.8154
1280.8155
1280.8155
1280.8155
1280.8155
1280.8155
1280.8155
1280.8155
1280.8155
1280.8155
1280.8155
1280.8155
1280.9964
1280.9964
1280.9964
1280.9964
1280.9964
1280.9964
1280.9964
1280.9964
1280.9964
1280.9964
1280.8157
1280.8157
1280.8157
1280.8157
1280.8157
1280.8157
1280.8157
1280.8157
1280.8157
1280.8157
1280.8158
1280.8158
1280.8158
1280.8158
1280.8158
1280.8158
1280.8158
1280.8158
1280.8158
1280.8158
1280.8158
1280.8159
1280.8159
1280.8159
1280.8159
1280.8159
1280.8159
1280.8159
1280.8159
1280.8159
1280.8159
1280.8160
1280.8160
1280.8160
1280.8160
1280.8160
1280.8160
1280.8160
1280.8160
1280.8160
1280.8160
1280.8161
1280.8161
1280.8161
1280.8161
1280.8161
1280.8161
1280.8161
1280.8161
1280.8161
1280.8161
1280.8162
1280.8162
1280.8162
1280.8162
1280.8162
1280.8162
1280.8162
1280.8162
1280.8162
1280.8162
1280.9965
1280.9965
1280.9965
1280.9965
1280.9965
1280.9965
1280.9965
1280.9965
1280.9965
1280.9965
1280.9966
1280.9966
1280.9966
1280.9966
1280.9966
1280.9966
1280.9966
1280.9966
1280.9966
1280.9966
1280.9967
1280.9967
1280.9967
1280.9967
1280.9967
1280.9967
1280.9967
1280.9967
1280.9967
1280.9967
1280.9967
1280.8166
1280.8166
1280.8166
1280.8166
1280.8166
1280.8166
1280.8166
1280.8166
1280.8166
1280.8166
1280.8166
1280.8167
1280.8167
1280.8167
1280.8167
1280.8167
1280.8167
1280.8167
1280.8167
1280.8167
1280.8167
1280.8167
1280.8168
1280.8168
1280.8168
1280.8168
1280.8168
1280.8168
1280.8168
1280.8168
1280.8168
1280.8168
1280.8168
1280.9968
1280.9968
1280.9968
1280.9968
1280.9968
1280.9968
1280.9968
1280.9968
1280.9968
1280.9968
1280.9968
1280.9969
1280.9969
1280.9969
1280.9969
1280.9969
1280.9969
1280.9969
1280.9969
1280.9969
1280.9969
1280.9969
1280.9970
1280.9970
1280.9970
1280.9970
1280.9970
1280.9970
1280.9970
1280.9970
1280.9970
1280.9970
1280.9970
1280.9971
1280.9971
1280.9971
1280.9971
1280.9971
1280.9971
1280.9971
1280.9971
1280.9971
1280.9971
1280.8173
1280.8173
1280.8173
1280.8173
1280.8173
1280.8173
1280.8173
1280.8173
1280.8173
1280.8173
1280.9972
1280.9972
1280.9972
1280.9972
1280.9972
1280.9972
1280.9972
1280.9972
1280.9972
1280.9972
1280.8175
1280.8175
1280.8175
1280.8175
1280.8175
1280.8175
1280.8175
1280.8175
1280.8175
1280.8175
1280.8175
1280.8176
1280.8176
1280.8176
1280.8176
1280.8176
1280.8176
1280.8176
1280.8176
1280.8176
1280.8176
1280.8176
1280.8177
1280.8177
1280.8177
1280.8177
1280.8177
1280.8177
1280.8177
1280.8177
1280.8177
1280.8177
1280.8177
1280.8178
1280.8178
1280.8178
1280.8178
1280.8178
1280.8178
1280.8178
1280.8178
1280.8178
1280.8178
1280.8178
1280.8179
1280.8179
1280.8179
1280.8179
1280.8179
1280.8179
1280.8179
1280.8179
1280.8179
1280.8179
1280.8179
1280.9973
1280.9973
1280.9973
1280.9973
1280.9973
1280.9973
1280.9973
1280.9973
1280.9973
1280.9973
1280.9973
1280.8181
1280.8181
1280.8181
1280.8181
1280.8181
1280.8181
1280.8181
1280.8181
1280.8181
1280.8181
1280.9974
1280.9974
1280.9974
1280.9974
1280.9974
1280.9974
1280.9974
1280.9974
1280.9974
1280.9974
1280.9974
1280.9975
1280.9975
1280.9975
1280.9975
1280.9975
1280.9975
1280.9975
1280.9975
1280.9975
1280.9975
1280.9975
1280.9976
1280.9976
1280.9976
1280.9976
1280.9976
1280.9976
1280.9976
1280.9976
1280.9976
1280.9976
1280.9976
1280.8185
1280.8185
1280.8185
1280.8185
1280.8185
1280.8185
1280.8185
1280.8185
1280.8185
1280.8185
1280.8185
1280.8186
1280.8186
1280.8186
1280.8186
1280.8186
1280.8186
1280.8186
1280.8186
1280.8186
1280.8186
1280.8186
1280.8187
1280.8187
1280.8187
1280.8187
1280.8187
1280.8187
1280.8187
1280.8187
1280.8187
1280.8187
1280.8187
1280.8188
1280.8188
1280.8188
1280.8188
1280.8188
1280.8188
1280.8188
1280.8188
1280.8188
1280.8188
1280.9977
1280.9977
1280.9977
1280.9977
1280.9977
1280.9977
1280.9977
1280.9977
1280.9977
1280.9977
1280.9977
1280.8190
1280.8190
1280.8190
1280.8190
1280.8190
1280.8190
1280.8190
1280.8190
1280.8190
1280.8190
1280.8190
1280.9978
1280.9978
1280.9978
1280.9978
1280.9978
1280.9978
1280.9978
1280.9978
1280.9978
1280.9978
1280.9978
1280.9979
1280.9979
1280.9979
1280.9979
1280.9979
1280.9979
1280.9979
1280.9979
1280.9979
1280.9979
1280.9979
1280.8193
1280.8193
1280.8193
1280.8193
1280.8193
1280.8193
1280.8193
1280.8193
1280.8193
1280.8193
1280.8193
1280.9980
1280.9980
1280.9980
1280.9980
1280.9980
1280.9980
1280.9980
1280.9980
1280.9980
1280.9980
1280.9980
1280.8195
1280.8195
1280.8195
1280.8195
1280.8195
1280.8195
1280.8195
1280.8195
1280.8195
1280.8195
1280.8195
1280.8196
1280.8196
1280.8196
1280.8196
1280.8196
1280.8196
1280.8196
1280.8196
1280.8196
1280.8196
1280.8196
1280.9981
1280.9981
1280.9981
1280.9981
1280.9981
1280.9981
1280.9981
1280.9981
1280.9981
1280.9981
1280.9981
1280.8198
1280.8198
1280.8198
1280.8198
1280.8198
1280.8198
1280.8198
1280.8198
1280.8198
1280.8198
1280.8198
1280.9982
1280.9982
1280.9982
1280.9982
1280.9982
1280.9982
1280.9982
1280.9982
1280.9982
1280.9982
1280.9982
1280.9983
1280.9983
1280.9983
1280.9983
1280.9983
1280.9983
1280.9983
1280.9983
1280.9983
1280.9983
1280.9984
1280.9984
1280.9984
1280.9984
1280.9984
1280.9984
1280.9984
1280.9984
1280.9984
1280.9984
1280.9984
1280.8202
1280.8202
1280.8202
1280.8202
1280.8202
1280.8202
1280.8202
1280.8202
1280.8202
1280.8202
1280.8202
1280.8203
1280.8203
1280.8203
1280.8203
1280.8203
1280.8203
1280.8203
1280.8203
1280.8203
1280.8203
1280.8203
1280.9985
1280.9985
1280.9985
1280.9985
1280.9985
1280.9985
1280.9985
1280.9985
1280.9985
1280.9985
1280.9985
1280.9986
1280.9986
1280.9986
1280.9986
1280.9986
1280.9986
1280.9986
1280.9986
1280.9986
1280.9986
1280.9986
1280.8206
1280.8206
1280.8206
1280.8206
1280.8206
1280.8206
1280.8206
1280.8206
1280.8206
1280.8206
1280.8206
1280.9987
1280.9987
1280.9987
1280.9987
1280.9987
1280.9987
1280.9987
1280.9987
1280.9987
1280.9987
1280.9987
1280.8208
1280.8208
1280.8208
1280.8208
1280.8208
1280.8208
1280.8208
1280.8208
1280.8208
1280.8208
1280.8208
1280.8209
1280.8209
1280.8209
1280.8209
1280.8209
1280.8209
1280.8209
1280.8209
1280.8209
1280.8209
1280.8209
1280.8210
1280.8210
1280.8210
1280.8210
1280.8210
1280.8210
1280.8210
1280.8210
1280.8210
1280.8210
1280.8210
1280.8211
1280.8211
1280.8211
1280.8211
1280.8211
1280.8211
1280.8211
1280.8211
1280.8211
1280.8211
1280.8211
1280.8212
1280.8212
1280.8212
1280.8212
1280.8212
1280.8212
1280.8212
1280.8212
1280.8212
1280.8212
1280.8212
1280.8213
1280.8213
1280.8213
1280.8213
1280.8213
1280.8213
1280.8213
1280.8213
1280.8213
1280.8213
1280.8213
1280.9988
1280.9988
1280.9988
1280.9988
1280.9988
1280.9988
1280.9988
1280.9988
1280.9988
1280.9988
1280.9988
1280.9990
1280.9990
1280.9990
1280.9990
1280.9990
1280.9990
1280.9990
1280.9990
1280.9990
1280.9990
1280.9990
1280.9989
1280.9989
1280.9989
1280.9989
1280.9989
1280.9989
1280.9989
1280.9989
1280.9989
1280.9989
1280.9989
1280.8217
1280.8217
1280.8217
1280.8217
1280.8217
1280.8217
1280.8217
1280.8217
1280.8217
1280.8217
1280.8217
1280.9991
1280.9991
1280.9991
1280.9991
1280.9991
1280.9991
1280.9991
1280.9991
1280.9991
1280.9991
1280.9991
1280.8219
1280.8219
1280.8219
1280.8219
1280.8219
1280.8219
1280.8219
1280.8219
1280.8219
1280.8219
1280.9992
1280.9992
1280.9992
1280.9992
1280.9992
1280.9992
1280.9992
1280.9992
1280.9992
1280.9992
1280.9992
1280.8221
1280.8221
1280.8221
1280.8221
1280.8221
1280.8221
1280.8221
1280.8221
1280.8221
1280.8221
1280.8221
1280.8222
1280.8222
1280.8222
1280.8222
1280.8222
1280.8222
1280.8222
1280.8222
1280.8222
1280.8222
1280.8222
1280.9993
1280.9993
1280.9993
1280.9993
1280.9993
1280.9993
1280.9993
1280.9993
1280.9993
1280.9993
1280.9993
1280.8224
1280.8224
1280.8224
1280.8224
1280.8224
1280.8224
1280.8224
1280.8224
1280.8224
1280.8224
1280.8224
1280.9994
1280.9994
1280.9994
1280.9994
1280.9994
1280.9994
1280.9994
1280.9994
1280.9994
1280.9994
1280.9994
1280.9995
1280.9995
1280.9995
1280.9995
1280.9995
1280.9995
1280.9995
1280.9995
1280.9995
1280.9995
1280.9995
1280.9996
1280.9996
1280.9996
1280.9996
1280.9996
1280.9996
1280.9996
1280.9996
1280.9996
1280.9996
1280.9996
1280.9997
1280.9997
1280.9997
1280.9997
1280.9997
1280.9997
1280.9997
1280.9997
1280.9997
1280.9997
1280.9997
1280.8229
1280.8229
1280.8229
1280.8229
1280.8229
1280.8229
1280.8229
1280.8229
1280.8229
1280.8230
1280.8230
1280.8230
1280.8230
1280.8230
1280.8230
1280.8230
1280.8230
1280.8230
1280.8231
1280.8231
1280.8231
1280.8231
1280.8231
1280.8231
1280.8231
1280.8231
1280.8231
1280.8232
1280.8232
1280.8232
1280.8232
1280.8232
1280.8232
1280.8232
1280.8232
1280.8232
1280.8232
1280.8233
1280.8233
1280.8233
1280.8233
1280.8233
1280.8233
1280.8233
1280.8233
1280.8233
1280.8234
1280.8234
1280.8234
1280.8234
1280.8234
1280.8234
1280.8234
1280.8234
1280.8234
1280.8235
1280.8235
1280.8235
1280.8235
1280.8235
1280.8235
1280.8235
1280.8235
1280.8235
1280.8236
1280.8236
1280.8236
1280.8236
1280.8236
1280.8236
1280.8236
1280.8236
1280.8236
1280.8237
1280.8237
1280.8237
1280.8237
1280.8237
1280.8237
1280.8237
1280.8237
1280.8237
1280.8238
1280.8238
1280.8238
1280.8238
1280.8238
1280.8238
1280.8238
1280.8238
1280.8238
1280.8239
1280.8239
1280.8239
1280.8239
1280.8239
1280.8239
1280.8239
1280.8239
1280.8239
1280.8239
1280.9998
1280.9998
1280.9998
1280.9998
1280.9998
1280.9998
1280.9998
1280.9998
1280.9998
1280.9999
1280.9999
1280.9999
1280.9999
1280.9999
1280.9999
1280.9999
1280.9999
1280.9999
1280.8242
1280.8242
1280.8242
1280.8242
1280.8242
1280.8242
1280.8242
1280.8242
1280.8242
1280.10000
1280.10000
1280.10000
1280.10000
1280.10000
1280.10000
1280.10000
1280.10000
1280.10000
1280.10001
1280.10001
1280.10001
1280.10001
1280.10001
1280.10001
1280.10001
1280.10001
1280.10001
1280.8245
1280.8245
1280.8245
1280.8245
1280.8245
1280.8245
1280.8245
1280.8245
1280.8245
1280.8246
1280.8246
1280.8246
1280.8246
1280.8246
1280.8246
1280.8246
1280.8246
1280.8246
1280.10002
1280.10002
1280.10002
1280.10002
1280.10002
1280.10002
1280.10002
1280.10002
1280.10002
1280.10003
1280.10003
1280.10003
1280.10003
1280.10003
1280.10003
1280.10003
1280.10003
1280.10003
1280.8249
1280.8249
1280.8249
1280.8249
1280.8249
1280.8249
1280.8249
1280.8249
1280.8249
1280.10004
1280.10004
1280.10004
1280.10004
1280.10004
1280.10004
1280.10004
1280.10004
1280.10004
1280.10005
1280.10005
1280.10005
1280.10005
1280.10005
1280.10005
1280.10005
1280.10005
1280.10005
1280.10006
1280.10006
1280.10006
1280.10006
1280.10006
1280.10006
1280.10006
1280.10006
1280.10006
1280.10007
1280.10007
1280.10007
1280.10007
1280.10007
1280.10007
1280.10007
1280.10007
1280.10007
1280.10007
1280.8254
1280.8254
1280.8254
1280.8254
1280.8254
1280.8254
1280.8254
1280.8254
1280.8254
1280.8255
1280.8255
1280.8255
1280.8255
1280.8255
1280.8255
1280.8255
1280.8255
1280.8255
1280.8256
1280.8256
1280.8256
1280.8256
1280.8256
1280.8256
1280.8256
1280.8256
1280.8256
1280.8256
1280.10008
1280.10008
1280.10008
1280.10008
1280.10008
1280.10008
1280.10008
1280.10008
1280.10008
1280.10009
1280.10009
1280.10009
1280.10009
1280.10009
1280.10009
1280.10009
1280.10009
1280.10009
1280.8259
1280.8259
1280.8259
1280.8259
1280.8259
1280.8259
1280.8259
1280.8259
1280.8259
1280.8260
1280.8260
1280.8260
1280.8260
1280.8260
1280.8260
1280.8260
1280.8260
1280.8260
1280.8261
1280.8261
1280.8261
1280.8261
1280.8261
1280.8261
1280.8261
1280.8261
1280.8261
1280.8262
1280.8262
1280.8262
1280.8262
1280.8262
1280.8262
1280.8262
1280.8262
1280.8262
1280.8263
1280.8263
1280.8263
1280.8263
1280.8263
1280.8263
1280.8263
1280.8263
1280.8263
1280.8264
1280.8264
1280.8264
1280.8264
1280.8264
1280.8264
1280.8264
1280.8264
1280.8264
1280.8265
1280.8265
1280.8265
1280.8265
1280.8265
1280.8265
1280.8265
1280.8265
1280.8265
1280.10011
1280.10011
1280.10011
1280.10011
1280.10011
1280.10011
1280.10011
1280.10011
1280.10011
1280.10010
1280.10010
1280.10010
1280.10010
1280.10010
1280.10010
1280.10010
1280.10010
1280.10010
1280.10012
1280.10012
1280.10012
1280.10012
1280.10012
1280.10012
1280.10012
1280.10012
1280.10012
1280.8269
1280.8269
1280.8269
1280.8269
1280.8269
1280.8269
1280.8269
1280.8269
1280.8269
1280.8270
1280.8270
1280.8270
1280.8270
1280.8270
1280.8270
1280.8270
1280.8270
1280.8270
1280.8271
1280.8271
1280.8271
1280.8271
1280.8271
1280.8271
1280.8271
1280.8271
1280.8271
1280.10013
1280.10013
1280.10013
1280.10013
1280.10013
1280.10013
1280.10013
1280.10013
1280.10013
1280.10014
1280.10014
1280.10014
1280.10014
1280.10014
1280.10014
1280.10014
1280.10014
1280.10014
1280.10015
1280.10015
1280.10015
1280.10015
1280.10015
1280.10015
1280.10015
1280.10015
1280.10015
1280.8275
1280.8275
1280.8275
1280.8275
1280.8275
1280.8275
1280.8275
1280.8275
1280.8275
1280.8276
1280.8276
1280.8276
1280.8276
1280.8276
1280.8276
1280.8276
1280.8276
1280.8276
1280.10016
1280.10016
1280.10016
1280.10016
1280.10016
1280.10016
1280.10016
1280.10016
1280.10016
1280.10017
1280.10017
1280.10017
1280.10017
1280.10017
1280.10017
1280.10017
1280.10017
1280.10017
1280.10018
1280.10018
1280.10018
1280.10018
1280.10018
1280.10018
1280.10018
1280.10018
1280.10018
1280.10019
1280.10019
1280.10019
1280.10019
1280.10019
1280.10019
1280.10019
1280.10019
1280.10019
1280.8281
1280.8281
1280.8281
1280.8281
1280.8281
1280.8281
1280.8281
1280.8281
1280.8281
1280.8282
1280.8282
1280.8282
1280.8282
1280.8282
1280.8282
1280.8282
1280.8282
1280.8282
1280.8283
1280.8283
1280.8283
1280.8283
1280.8283
1280.8283
1280.8283
1280.8283
1280.8283
1280.10020
1280.10020
1280.10020
1280.10020
1280.10020
1280.10020
1280.10020
1280.10020
1280.10020
1280.8285
1280.8285
1280.8285
1280.8285
1280.8285
1280.8285
1280.8285
1280.8285
1280.8285
1280.8286
1280.8286
1280.8286
1280.8286
1280.8286
1280.8286
1280.8286
1280.8286
1280.8286
1280.10021
1280.10021
1280.10021
1280.10021
1280.10021
1280.10021
1280.10021
1280.10021
1280.10021
1280.10022
1280.10022
1280.10022
1280.10022
1280.10022
1280.10022
1280.10022
1280.10022
1280.10022
1280.8289
1280.8289
1280.8289
1280.8289
1280.8289
1280.8289
1280.8289
1280.8289
1280.8289
1280.8290
1280.8290
1280.8290
1280.8290
1280.8290
1280.8290
1280.8290
1280.8290
1280.8290
1280.8291
1280.8291
1280.8291
1280.8291
1280.8291
1280.8291
1280.8291
1280.8291
1280.8291
1280.10023
1280.10023
1280.10023
1280.10023
1280.10023
1280.10023
1280.10023
1280.10023
1280.10023
1280.8293
1280.8293
1280.8293
1280.8293
1280.8293
1280.8293
1280.8293
1280.8293
1280.8293
1280.8294
1280.8294
1280.8294
1280.8294
1280.8294
1280.8294
1280.8294
1280.8294
1280.8294
1280.10024
1280.10024
1280.10024
1280.10024
1280.10024
1280.10024
1280.10024
1280.10024
1280.10024
1280.10025
1280.10025
1280.10025
1280.10025
1280.10025
1280.10025
1280.10025
1280.10025
1280.10025
1280.9684
1280.9684
1280.9684
1280.9684
1280.9684
1280.9684
1280.9684
1280.9684
1280.9684
1280.8298
1280.8298
1280.8298
1280.8298
1280.8298
1280.8298
1280.8298
1280.8298
1280.8298
1280.8299
1280.8299
1280.8299
1280.8299
1280.8299
1280.8299
1280.8299
1280.8299
1280.8299
1280.8300
1280.8300
1280.8300
1280.8300
1280.8300
1280.8300
1280.8300
1280.8300
1280.8300
1280.10026
1280.10026
1280.10026
1280.10026
1280.10026
1280.10026
1280.10026
1280.10026
1280.10026
1280.10027
1280.10027
1280.10027
1280.10027
1280.10027
1280.10027
1280.10027
1280.10027
1280.10027
1280.10028
1280.10028
1280.10028
1280.10028
1280.10028
1280.10028
1280.10028
1280.10028
1280.10028
1280.8304
1280.8304
1280.8304
1280.8304
1280.8304
1280.8304
1280.8304
1280.8304
1280.8304
1280.8305
1280.8305
1280.8305
1280.8305
1280.8305
1280.8305
1280.8305
1280.8305
1280.8305
1280.8306
1280.8306
1280.8306
1280.8306
1280.8306
1280.8306
1280.8306
1280.8306
1280.8306
1280.10029
1280.10029
1280.10029
1280.10029
1280.10029
1280.10029
1280.10029
1280.10029
1280.10029
1280.10031
1280.10031
1280.10031
1280.10031
1280.10031
1280.10031
1280.10031
1280.10031
1280.10031
1280.8310
1280.8310
1280.8310
1280.8310
1280.8310
1280.8310
1280.8310
1280.8310
1280.8310
1280.8309
1280.8309
1280.8309
1280.8309
1280.8309
1280.8309
1280.8309
1280.8309
1280.8309
1280.10030
1280.10030
1280.10030
1280.10030
1280.10030
1280.10030
1280.10030
1280.10030
1280.10030
1280.8312
1280.8312
1280.8312
1280.8312
1280.8312
1280.8312
1280.8312
1280.8312
1280.8312
1280.8313
1280.8313
1280.8313
1280.8313
1280.8313
1280.8313
1280.8313
1280.8313
1280.8313
1280.8314
1280.8314
1280.8314
1280.8314
1280.8314
1280.8314
1280.8314
1280.8314
1280.8314
1280.10032
1280.10032
1280.10032
1280.10032
1280.10032
1280.10032
1280.10032
1280.10032
1280.10032
1280.8315
1280.8315
1280.8315
1280.8315
1280.8315
1280.8315
1280.8315
1280.8315
1280.8315
1280.10033
1280.10033
1280.10033
1280.10033
1280.10033
1280.10033
1280.10033
1280.10033
1280.10033
1280.10034
1280.10034
1280.10034
1280.10034
1280.10034
1280.10034
1280.10034
1280.10034
1280.10034
1280.9687
1280.9687
1280.9687
1280.9687
1280.9687
1280.9687
1280.9687
1280.9687
1280.9687
1280.10035
1280.10035
1280.10035
1280.10035
1280.10035
1280.10035
1280.10035
1280.10035
1280.10035
1280.10036
1280.10036
1280.10036
1280.10036
1280.10036
1280.10036
1280.10036
1280.10036
1280.10036
1280.8321
1280.8321
1280.8321
1280.8321
1280.8321
1280.8321
1280.8321
1280.8321
1280.8321
1280.8322
1280.8322
1280.8322
1280.8322
1280.8322
1280.8322
1280.8322
1280.8322
1280.8322
1280.8323
1280.8323
1280.8323
1280.8323
1280.8323
1280.8323
1280.8323
1280.8323
1280.8323
1280.8324
1280.8324
1280.8324
1280.8324
1280.8324
1280.8324
1280.8324
1280.8324
1280.8324
1280.8324
1280.10037
1280.10037
1280.10037
1280.10037
1280.10037
1280.10037
1280.10037
1280.10037
1280.10037
1280.8326
1280.8326
1280.8326
1280.8326
1280.8326
1280.8326
1280.8326
1280.8326
1280.8326
1280.10038
1280.10038
1280.10038
1280.10038
1280.10038
1280.10038
1280.10038
1280.10038
1280.10038
1280.8328
1280.8328
1280.8328
1280.8328
1280.8328
1280.8328
1280.8328
1280.8328
1280.8328
1280.8329
1280.8329
1280.8329
1280.8329
1280.8329
1280.8329
1280.8329
1280.8329
1280.8329
1280.8330
1280.8330
1280.8330
1280.8330
1280.8330
1280.8330
1280.8330
1280.8330
1280.8330
1280.10039
1280.10039
1280.10039
1280.10039
1280.10039
1280.10039
1280.10039
1280.10039
1280.10039
1280.8332
1280.8332
1280.8332
1280.8332
1280.8332
1280.8332
1280.8332
1280.8332
1280.8332
1280.10040
1280.10040
1280.10040
1280.10040
1280.10040
1280.10040
1280.10040
1280.10040
1280.10040
1280.10041
1280.10041
1280.10041
1280.10041
1280.10041
1280.10041
1280.10041
1280.10041
1280.10041
1280.8335
1280.8335
1280.8335
1280.8335
1280.8335
1280.8335
1280.8335
1280.8335
1280.8335
1280.10042
1280.10042
1280.10042
1280.10042
1280.10042
1280.10042
1280.10042
1280.10042
1280.10042
1280.10042
1280.10043
1280.10043
1280.10043
1280.10043
1280.10043
1280.10043
1280.10043
1280.10043
1280.10043
1280.10044
1280.10044
1280.10044
1280.10044
1280.10044
1280.10044
1280.10044
1280.10044
1280.10044
1280.10045
1280.10045
1280.10045
1280.10045
1280.10045
1280.10045
1280.10045
1280.10045
1280.10045
1280.8340
1280.8340
1280.8340
1280.8340
1280.8340
1280.8340
1280.8340
1280.8340
1280.8340
1280.8341
1280.8341
1280.8341
1280.8341
1280.8341
1280.8341
1280.8341
1280.8341
1280.8341
1280.8342
1280.8342
1280.8342
1280.8342
1280.8342
1280.8342
1280.8342
1280.8342
1280.8342
1280.8343
1280.8343
1280.8343
1280.8343
1280.8343
1280.8343
1280.8343
1280.8343
1280.8343
1280.8344
1280.8344
1280.8344
1280.8344
1280.8344
1280.8344
1280.8344
1280.8344
1280.8344
1280.10046
1280.10046
1280.10046
1280.10046
1280.10046
1280.10046
1280.10046
1280.10046
1280.10046
1280.8346
1280.8346
1280.8346
1280.8346
1280.8346
1280.8346
1280.8346
1280.8346
1280.8346
1280.10047
1280.10047
1280.10047
1280.10047
1280.10047
1280.10047
1280.10047
1280.10047
1280.10047
1280.8348
1280.8348
1280.8348
1280.8348
1280.8348
1280.8348
1280.8348
1280.8348
1280.8348
1280.10048
1280.10048
1280.10048
1280.10048
1280.10048
1280.10048
1280.10048
1280.10048
1280.10048
1280.8350
1280.8350
1280.8350
1280.8350
1280.8350
1280.8350
1280.8350
1280.8350
1280.8350
1280.10049
1280.10049
1280.10049
1280.10049
1280.10049
1280.10049
1280.10049
1280.10049
1280.10049
1413507.3
1413508.3
1413509.3
1413510.3
1413511.3
1280.50971
1280.50971
1280.50971
1280.50971
1280.39523
1280.39523
1280.39524
1280.39524
1280.39526
1280.39526
1280.39525
1280.39522
1280.39527
1280.39527
1280.39528
1280.39529
1280.39529
1280.39530
1280.39530
1280.39531
1280.39535
1280.39535
1280.39533
1280.39534
1280.39536
1280.39537
1280.39537
1280.39538
1280.39539
1280.39540
1280.39541
1280.39541
1280.39543
1280.39542
1280.39542
1280.39544
1280.39545
1280.39545
1280.39546
1280.39546
1280.39547
1280.39547
1280.39552
1280.39554
1280.39554
1280.39553
1280.39553
1280.39555
1280.39557
1280.39558
1280.39548
1280.39549
1280.39550
1280.39551
1280.39551
1280.39559
1280.39556
1280.39560
1280.39561
1280.39563
1280.39562
1280.39562
1280.39564
1280.39565
1280.39566
1280.39567
1280.39567
1280.39569
1280.39570
1280.39571
1280.39572
1280.39573
1280.39574
1280.39575
1280.39576
1280.39577
1280.39578
1280.39579
1280.39579
1280.39580
1280.39581
1280.39582
1280.39582
1413466.3
1413470.3
1280.39584
1280.39583
1280.39583
1280.39585
1280.39588
1280.39588
1280.39589
1280.39587
1280.39587
1280.39590
1280.39591
1280.39592
1280.39595
1280.39593
1280.39594
1280.39596
1280.39596
1280.39598
1280.39598
1280.39599
1280.39599
1280.39600
1280.39600
1280.39601
1280.39601
1413461.3
1413458.3
1413459.3
1280.39604
1280.39603
1280.39603
1280.39605
1280.39605
1280.39606
1280.39602
1280.39602
1280.39610
1280.39607
1280.39607
1280.39609
1280.39608
1280.39608
1280.39723
1280.39723
1280.39724
1280.39725
1280.39725
1280.39727
1280.39727
1280.39728
1280.39728
1280.39729
1280.39729
1280.39730
1280.39730
1280.39731
1280.50970
1280.50970
1280.50970
1280.50970
1280.39611
1280.39612
1280.39612
1280.39613
1280.39613
1280.39614
1280.39614
1280.39615
1280.39615
1280.39616
1280.39616
1280.39620
1280.39619
1280.39621
1280.39621
1280.39617
1280.39618
1280.39622
1280.39622
1280.39623
1280.39623
1280.39624
1280.39626
1280.39625
1280.39627
1280.39627
1280.39628
1280.39629
1280.39630
1280.39630
1280.39631
1280.39631
1280.39632
1280.39633
1280.39639
1280.39634
1280.39635
1280.39635
1280.39636
1280.39637
1280.39638
1280.39638
1280.39640
1280.39640
1280.39641
1280.39642
1280.39643
1280.39645
1280.39644
1280.39644
1280.39646
1280.39647
1280.39648
1280.39649
1280.39652
1280.39652
1280.39651
1280.39651
1280.39650
1280.39653
1280.39654
1280.39655
1280.39655
1280.39656
1280.39657
1280.39657
1280.39658
1280.39658
1280.39659
1280.39660
1280.39663
1280.39662
1280.39662
1280.39661
1280.39661
1280.39664
1280.39665
1280.39666
1280.39666
1280.39667
1280.39668
1280.39669
1280.39669
1280.39670
1413481.3
1413482.3
1413467.3
1413474.3
1413472.3
1413475.3
1280.50974
1280.50974
1280.50974
1280.50974
1413473.3
1413454.3
1413476.3
1413456.3
1413483.3
1280.50973
1280.50973
1280.50973
1280.50973
1413477.3
1413471.3
1413457.3
1280.50972
1280.50972
1280.50972
1280.50972
1413455.3
1413480.3
1280.7273
1280.7273
1280.7273
1280.7273
1280.7277
1280.7277
1280.7277
1280.7277
1280.7278
1280.7278
1280.7278
1280.7278
1280.7279
1280.7279
1280.7279
1280.7279
1280.7280
1280.7280
1280.7280
1280.7280
1280.7281
1280.7281
1280.7281
1280.7281
1280.7282
1280.7282
1280.7282
1280.7282
1280.7283
1280.7283
1280.7283
1280.7283
1280.7284
1280.7284
1280.7284
1280.7284
1280.7285
1280.7285
1280.7285
1280.7285
1280.9300
1280.9300
1280.9300
1280.9300
1280.9300
1280.9300
1280.9301
1280.9301
1280.9301
1280.9301
1280.9301
1280.9301
1280.9302
1280.9302
1280.9302
1280.9302
1280.9302
1280.9302
1280.9303
1280.9303
1280.9303
1280.9303
1280.9303
1280.9303
1280.9304
1280.9304
1280.9304
1280.9304
1280.9304
1280.9304
1280.7357
1280.7357
1280.7357
1280.7357
1280.7357
1280.7357
1280.9305
1280.9305
1280.9305
1280.9305
1280.9305
1280.9305
1280.9306
1280.9306
1280.9306
1280.9306
1280.9306
1280.9306
1280.9307
1280.9307
1280.9307
1280.9307
1280.9307
1280.9307
1280.9308
1280.9308
1280.9308
1280.9308
1280.9308
1280.9308
1280.9309
1280.9309
1280.9309
1280.9309
1280.9309
1280.9309
1280.9310
1280.9310
1280.9310
1280.9310
1280.9310
1280.9310
1280.9311
1280.9311
1280.9311
1280.9311
1280.9311
1280.9311
1280.9312
1280.9312
1280.9312
1280.9312
1280.9312
1280.9312
1280.8849
1280.8849
1280.8849
1280.8849
1280.8849
1280.8849
1280.9313
1280.9313
1280.9313
1280.9313
1280.9313
1280.9313
1280.9314
1280.9314
1280.9314
1280.9314
1280.9314
1280.9314
1280.9315
1280.9315
1280.9315
1280.9315
1280.9315
1280.9315
1280.9316
1280.9316
1280.9316
1280.9316
1280.9316
1280.9316
1280.9317
1280.9317
1280.9317
1280.9317
1280.9317
1280.9317
1280.7343
1280.7343
1280.7343
1280.7343
1280.7343
1280.7343
1280.7354
1280.7354
1280.7354
1280.7354
1280.7354
1280.7354
1280.9318
1280.9318
1280.9318
1280.9318
1280.9318
1280.9318
1280.9319
1280.9319
1280.9319
1280.9319
1280.9319
1280.9319
1280.9320
1280.9320
1280.9320
1280.9320
1280.9320
1280.9320
1280.9321
1280.9321
1280.9321
1280.9321
1280.9321
1280.9321
1280.7337
1280.7337
1280.7337
1280.7337
1280.7337
1280.7337
1280.9322
1280.9322
1280.9322
1280.9322
1280.9322
1280.9322
1280.9323
1280.9323
1280.9323
1280.9323
1280.9323
1280.9323
1280.7349
1280.7349
1280.7349
1280.7349
1280.7349
1280.7349
1280.9324
1280.9324
1280.9324
1280.9324
1280.9324
1280.9324
1280.9325
1280.9325
1280.9325
1280.9325
1280.9325
1280.9325
1280.50975
1280.50975
1280.50975
1280.50975
1280.50976
1280.50976
1280.50976
1280.50976
1280.50978
1280.50978
1280.50978
1280.50978
1280.50979
1280.50979
1280.50979
1280.50979
1280.50980
1280.50980
1280.50980
1280.50980
1413577.3
1413580.3
1280.26081
1280.26081
1280.26081
1280.26081
1280.26081
1280.26081
1280.26081
1280.26081
1280.26081
1280.26081
1280.26082
1280.26082
1280.26082
1280.26082
1280.26082
1280.26082
1280.26082
1280.26082
1280.26082
1280.26082
1280.26083
1280.26083
1280.26083
1280.26083
1280.26083
1280.26083
1280.26083
1280.26083
1280.26083
1280.26083
1280.26086
1280.26086
1280.26086
1280.26086
1280.26086
1280.26086
1280.26086
1280.26086
1280.26086
1280.26086
1280.26084
1280.26084
1280.26084
1280.26084
1280.26084
1280.26084
1280.26084
1280.26084
1280.26084
1280.26084
1280.26085
1280.26085
1280.26085
1280.26085
1280.26085
1280.26085
1280.26085
1280.26085
1280.26085
1280.26085
1280.26075
1280.26075
1280.26075
1280.26075
1280.26075
1280.26075
1280.26075
1280.26075
1280.26075
1280.26075
1280.26076
1280.26076
1280.26076
1280.26076
1280.26076
1280.26076
1280.26076
1280.26076
1280.26076
1280.26076
1280.26077
1280.26077
1280.26077
1280.26077
1280.26077
1280.26077
1280.26077
1280.26077
1280.26077
1280.26077
1280.26074
1280.26074
1280.26074
1280.26074
1280.26074
1280.26074
1280.26074
1280.26074
1280.26074
1280.26074
1280.26078
1280.26078
1280.26078
1280.26078
1280.26078
1280.26078
1280.26078
1280.26078
1280.26078
1280.26078
1280.26079
1280.26079
1280.26079
1280.26079
1280.26079
1280.26079
1280.26079
1280.26079
1280.26079
1280.26079
1280.26080
1280.26080
1280.26080
1280.26080
1280.26080
1280.26080
1280.26080
1280.26080
1280.26080
1280.26080
1280.26092
1280.26092
1280.26092
1280.26092
1280.26092
1280.26092
1280.26092
1280.26092
1280.26092
1280.26092
1280.26095
1280.26095
1280.26095
1280.26095
1280.26095
1280.26095
1280.26095
1280.26095
1280.26095
1280.26095
1280.26094
1280.26094
1280.26094
1280.26094
1280.26094
1280.26094
1280.26094
1280.26094
1280.26094
1280.26094
1280.26093
1280.26093
1280.26093
1280.26093
1280.26093
1280.26093
1280.26093
1280.26093
1280.26093
1280.26093
1280.26087
1280.26087
1280.26087
1280.26087
1280.26087
1280.26087
1280.26087
1280.26087
1280.26087
1280.26087
1280.26089
1280.26089
1280.26089
1280.26089
1280.26089
1280.26089
1280.26089
1280.26089
1280.26089
1280.26089
1280.26088
1280.26088
1280.26088
1280.26088
1280.26088
1280.26088
1280.26088
1280.26088
1280.26088
1280.26088
1280.26090
1280.26090
1280.26090
1280.26090
1280.26090
1280.26090
1280.26090
1280.26090
1280.26090
1280.26090
1280.26091
1280.26091
1280.26091
1280.26091
1280.26091
1280.26091
1280.26091
1280.26091
1280.26091
1280.26091
1280.26098
1280.26098
1280.26098
1280.26098
1280.26098
1280.26098
1280.26098
1280.26098
1280.26098
1280.26098
1280.26103
1280.26103
1280.26103
1280.26103
1280.26103
1280.26103
1280.26103
1280.26103
1280.26103
1280.26103
1280.26101
1280.26101
1280.26101
1280.26101
1280.26101
1280.26101
1280.26101
1280.26101
1280.26101
1280.26101
1280.26100
1280.26100
1280.26100
1280.26100
1280.26100
1280.26100
1280.26100
1280.26100
1280.26100
1280.26099
1280.26099
1280.26099
1280.26099
1280.26099
1280.26099
1280.26099
1280.26099
1280.26099
1280.26102
1280.26102
1280.26102
1280.26102
1280.26102
1280.26102
1280.26102
1280.26102
1280.26102
1280.26097
1280.26097
1280.26097
1280.26097
1280.26097
1280.26097
1280.26097
1280.26097
1280.26097
1280.26115
1280.26115
1280.26115
1280.26115
1280.26115
1280.26115
1280.26115
1280.26115
1280.26115
1280.26114
1280.26114
1280.26114
1280.26114
1280.26114
1280.26114
1280.26114
1280.26114
1280.26114
1280.26113
1280.26113
1280.26113
1280.26113
1280.26113
1280.26113
1280.26113
1280.26113
1280.26113
1280.26110
1280.26110
1280.26110
1280.26110
1280.26110
1280.26110
1280.26110
1280.26110
1280.26110
1280.26112
1280.26112
1280.26112
1280.26112
1280.26112
1280.26112
1280.26112
1280.26112
1280.26112
1280.26111
1280.26111
1280.26111
1280.26111
1280.26111
1280.26111
1280.26111
1280.26111
1280.26111
1280.26117
1280.26117
1280.26117
1280.26117
1280.26117
1280.26117
1280.26117
1280.26117
1280.26117
1280.26118
1280.26118
1280.26118
1280.26118
1280.26118
1280.26118
1280.26118
1280.26118
1280.26118
1280.26096
1280.26096
1280.26096
1280.26096
1280.26096
1280.26096
1280.26096
1280.26096
1280.26096
1280.26104
1280.26104
1280.26104
1280.26104
1280.26104
1280.26104
1280.26104
1280.26104
1280.26104
1280.26105
1280.26105
1280.26105
1280.26105
1280.26105
1280.26105
1280.26105
1280.26105
1280.26105
1280.26106
1280.26106
1280.26106
1280.26106
1280.26106
1280.26106
1280.26106
1280.26106
1280.26106
1280.26109
1280.26109
1280.26109
1280.26109
1280.26109
1280.26109
1280.26109
1280.26109
1280.26109
1280.26108
1280.26108
1280.26108
1280.26108
1280.26108
1280.26108
1280.26108
1280.26108
1280.26108
1280.26107
1280.26107
1280.26107
1280.26107
1280.26107
1280.26107
1280.26107
1280.26107
1280.26107
1280.26116
1280.26116
1280.26116
1280.26116
1280.26116
1280.26116
1280.26116
1280.26116
1280.26116
1280.7286
1280.7286
1280.7286
1280.7286
1280.7288
1280.7288
1280.7288
1280.7288
1280.7287
1280.7287
1280.7287
1280.7287
1413439.3
1413440.3
1413441.3
1280.7289
1280.7289
1280.7289
1280.7289
1280.7291
1280.7291
1280.7291
1280.7291
1280.7290
1280.7290
1280.7290
1280.7290
1280.7293
1280.7293
1280.7293
1280.7293
1280.7292
1280.7292
1280.7292
1280.7292
1280.7294
1280.7294
1280.7294
1280.7294
1280.7295
1280.7295
1280.7295
1280.7295
1280.7296
1280.7296
1280.7296
1280.7296
1280.7297
1280.7297
1280.7297
1280.7297
1280.7299
1280.7299
1280.7299
1280.7299
1280.7298
1280.7298
1280.7298
1280.7298
1280.50977
1280.50977
1280.50977
1280.50977
1280.50983
1280.50983
1280.50983
1280.50983
1280.50985
1280.50985
1280.50985
1280.50985
1280.50986
1280.50986
1280.50986
1280.50986
1280.50984
1280.50984
1280.50984
1280.50984
1280.50982
1280.50982
1280.50982
1280.50982
1280.50981
1280.50981
1280.50981
1280.50981
1280.39710
1280.39710
1280.39711
1280.39711
1280.39712
1280.39712
1280.39713
1280.39713
1413323.3
1280.7301
1280.7301
1280.7301
1280.7301
1280.7300
1280.7300
1280.7300
1280.7300
1413495.3
1413497.3
1413496.3
1413493.3
1413494.3
1413492.3
1413498.3
1413499.3
1280.39786
1280.39786
1280.39784
1280.39784
1280.7302
1280.7302
1280.7302
1280.7302
1280.7303
1280.7303
1280.7303
1280.7303
1280.7304
1280.7304
1280.7304
1280.7304
1280.7305
1280.7305
1280.7305
1280.7305
1280.7306
1280.7306
1280.7306
1280.7306
1280.7307
1280.7307
1280.7307
1280.7307
1280.7309
1280.7309
1280.7309
1280.7309
1280.50987
1280.50987
1280.50987
1280.50987
1280.50990
1280.50990
1280.50990
1280.50990
1280.50989
1280.50989
1280.50989
1280.50989
1280.50988
1280.50988
1280.50988
1280.50988
1280.50992
1280.50992
1280.50992
1280.50992
1413512.3
1280.4915
1280.4915
1280.4915
1280.4915
1280.4915
1280.4915
1280.4915
1280.4915
1280.4915
1280.4916
1280.4916
1280.4916
1280.4916
1280.4916
1280.4916
1280.4916
1280.4916
1280.4916
1280.4917
1280.4917
1280.4917
1280.4917
1280.4917
1280.4917
1280.4917
1280.4917
1280.4917
1280.4918
1280.4918
1280.4918
1280.4918
1280.4918
1280.4918
1280.4918
1280.4918
1280.4918
1280.4919
1280.4919
1280.4919
1280.4919
1280.4919
1280.4919
1280.4919
1280.4919
1280.4919
1280.4921
1280.4921
1280.4921
1280.4921
1280.4921
1280.4921
1280.4921
1280.4921
1280.4921
1280.4920
1280.4920
1280.4920
1280.4920
1280.4920
1280.4920
1280.4920
1280.4920
1280.4920
1280.4922
1280.4922
1280.4922
1280.4922
1280.4922
1280.4922
1280.4922
1280.4922
1280.4922
1280.4923
1280.4923
1280.4923
1280.4923
1280.4923
1280.4923
1280.4923
1280.4923
1280.4923
1280.4924
1280.4924
1280.4924
1280.4924
1280.4924
1280.4924
1280.4924
1280.4924
1280.4924
1280.4925
1280.4925
1280.4925
1280.4925
1280.4925
1280.4925
1280.4925
1280.4925
1280.4925
1280.4926
1280.4926
1280.4926
1280.4926
1280.4926
1280.4926
1280.4926
1280.4926
1280.4926
1280.4927
1280.4927
1280.4927
1280.4927
1280.4927
1280.4927
1280.4927
1280.4927
1280.4927
1280.4928
1280.4928
1280.4928
1280.4928
1280.4928
1280.4928
1280.4928
1280.4928
1280.4928
1280.4929
1280.4929
1280.4929
1280.4929
1280.4929
1280.4929
1280.4929
1280.4929
1280.4929
1280.4930
1280.4930
1280.4930
1280.4930
1280.4930
1280.4930
1280.4930
1280.4930
1280.4930
1280.4931
1280.4931
1280.4931
1280.4931
1280.4931
1280.4931
1280.4931
1280.4931
1280.4931
1280.4932
1280.4932
1280.4932
1280.4932
1280.4932
1280.4932
1280.4932
1280.4932
1280.4932
1280.4933
1280.4933
1280.4933
1280.4933
1280.4933
1280.4933
1280.4933
1280.4933
1280.4933
1280.4934
1280.4934
1280.4934
1280.4934
1280.4934
1280.4934
1280.4934
1280.4934
1280.4934
1280.4935
1280.4935
1280.4935
1280.4935
1280.4935
1280.4935
1280.4935
1280.4935
1280.4935
1280.4936
1280.4936
1280.4936
1280.4936
1280.4936
1280.4936
1280.4936
1280.4936
1280.4936
1280.4937
1280.4937
1280.4937
1280.4937
1280.4937
1280.4937
1280.4937
1280.4937
1280.4937
1280.4938
1280.4938
1280.4938
1280.4938
1280.4938
1280.4938
1280.4938
1280.4938
1280.4938
1280.4939
1280.4939
1280.4939
1280.4939
1280.4939
1280.4939
1280.4939
1280.4939
1280.4939
1280.4940
1280.4940
1280.4940
1280.4940
1280.4940
1280.4940
1280.4940
1280.4940
1280.4940
1280.4941
1280.4941
1280.4941
1280.4941
1280.4941
1280.4941
1280.4941
1280.4941
1280.4941
1280.4942
1280.4942
1280.4942
1280.4942
1280.4942
1280.4942
1280.4942
1280.4942
1280.4942
1280.4943
1280.4943
1280.4943
1280.4943
1280.4943
1280.4943
1280.4943
1280.4943
1280.4943
1280.4944
1280.4944
1280.4944
1280.4944
1280.4944
1280.4944
1280.4944
1280.4944
1280.4944
1280.4945
1280.4945
1280.4945
1280.4945
1280.4945
1280.4945
1280.4945
1280.4945
1280.4945
1280.4946
1280.4946
1280.4946
1280.4946
1280.4946
1280.4946
1280.4946
1280.4946
1280.4946
1280.4948
1280.4948
1280.4948
1280.4948
1280.4948
1280.4948
1280.4948
1280.4948
1280.4948
1280.4947
1280.4947
1280.4947
1280.4947
1280.4947
1280.4947
1280.4947
1280.4947
1280.4947
1280.4949
1280.4949
1280.4949
1280.4949
1280.4949
1280.4949
1280.4949
1280.4949
1280.4949
1280.4950
1280.4950
1280.4950
1280.4950
1280.4950
1280.4950
1280.4950
1280.4950
1280.4950
1280.4951
1280.4951
1280.4951
1280.4951
1280.4951
1280.4951
1280.4951
1280.4951
1280.4951
1280.4953
1280.4953
1280.4953
1280.4953
1280.4953
1280.4953
1280.4953
1280.4953
1280.4953
1280.4954
1280.4954
1280.4954
1280.4954
1280.4954
1280.4954
1280.4954
1280.4954
1280.4954
1280.4955
1280.4955
1280.4955
1280.4955
1280.4955
1280.4955
1280.4955
1280.4955
1280.4955
1280.4956
1280.4956
1280.4956
1280.4956
1280.4956
1280.4956
1280.4956
1280.4956
1280.4956
1280.4958
1280.4958
1280.4958
1280.4958
1280.4958
1280.4958
1280.4958
1280.4958
1280.4958
1280.4959
1280.4959
1280.4959
1280.4959
1280.4959
1280.4959
1280.4959
1280.4959
1280.4959
1280.4960
1280.4960
1280.4960
1280.4960
1280.4960
1280.4960
1280.4960
1280.4960
1280.4960
1280.4961
1280.4961
1280.4961
1280.4961
1280.4961
1280.4961
1280.4961
1280.4961
1280.4961
1280.4962
1280.4962
1280.4962
1280.4962
1280.4962
1280.4962
1280.4962
1280.4962
1280.4962
1280.4963
1280.4963
1280.4963
1280.4963
1280.4963
1280.4963
1280.4963
1280.4963
1280.4963
1280.4964
1280.4964
1280.4964
1280.4964
1280.4964
1280.4964
1280.4964
1280.4964
1280.4964
1280.4965
1280.4965
1280.4965
1280.4965
1280.4965
1280.4965
1280.4965
1280.4965
1280.4965
1280.4966
1280.4966
1280.4966
1280.4966
1280.4966
1280.4966
1280.4966
1280.4966
1280.4966
1280.4967
1280.4967
1280.4967
1280.4967
1280.4967
1280.4967
1280.4967
1280.4967
1280.4967
1280.4968
1280.4968
1280.4968
1280.4968
1280.4968
1280.4968
1280.4968
1280.4968
1280.4968
1280.4969
1280.4969
1280.4969
1280.4969
1280.4969
1280.4969
1280.4969
1280.4969
1280.4969
1280.4970
1280.4970
1280.4970
1280.4970
1280.4970
1280.4970
1280.4970
1280.4970
1280.4970
1280.4971
1280.4971
1280.4971
1280.4971
1280.4971
1280.4971
1280.4971
1280.4971
1280.4971
1280.4972
1280.4972
1280.4972
1280.4972
1280.4972
1280.4972
1280.4972
1280.4972
1280.4972
1280.4973
1280.4973
1280.4973
1280.4973
1280.4973
1280.4973
1280.4973
1280.4973
1280.4973
1280.4974
1280.4974
1280.4974
1280.4974
1280.4974
1280.4974
1280.4974
1280.4974
1280.4974
1280.4975
1280.4975
1280.4975
1280.4975
1280.4975
1280.4975
1280.4975
1280.4975
1280.4975
1280.4976
1280.4976
1280.4976
1280.4976
1280.4976
1280.4976
1280.4976
1280.4976
1280.4976
1280.4977
1280.4977
1280.4977
1280.4977
1280.4977
1280.4977
1280.4977
1280.4977
1280.4977
1280.4978
1280.4978
1280.4978
1280.4978
1280.4978
1280.4978
1280.4978
1280.4978
1280.4978
1280.4979
1280.4979
1280.4979
1280.4979
1280.4979
1280.4979
1280.4979
1280.4979
1280.4979
1280.4980
1280.4980
1280.4980
1280.4980
1280.4980
1280.4980
1280.4980
1280.4980
1280.4980
1280.4981
1280.4981
1280.4981
1280.4981
1280.4981
1280.4981
1280.4981
1280.4981
1280.4981
1280.4982
1280.4982
1280.4982
1280.4982
1280.4982
1280.4982
1280.4982
1280.4982
1280.4982
1280.4984
1280.4984
1280.4984
1280.4984
1280.4984
1280.4984
1280.4984
1280.4984
1280.4984
1280.4985
1280.4985
1280.4985
1280.4985
1280.4985
1280.4985
1280.4985
1280.4985
1280.4985
1280.4986
1280.4986
1280.4986
1280.4986
1280.4986
1280.4986
1280.4986
1280.4986
1280.4986
1280.4987
1280.4987
1280.4987
1280.4987
1280.4987
1280.4987
1280.4987
1280.4987
1280.4987
1280.4988
1280.4988
1280.4988
1280.4988
1280.4988
1280.4988
1280.4988
1280.4988
1280.4988
1280.4989
1280.4989
1280.4989
1280.4989
1280.4989
1280.4989
1280.4989
1280.4989
1280.4989
1280.4990
1280.4990
1280.4990
1280.4990
1280.4990
1280.4990
1280.4990
1280.4990
1280.4990
1280.4992
1280.4992
1280.4992
1280.4992
1280.4992
1280.4992
1280.4992
1280.4992
1280.4992
1280.4998
1280.4998
1280.4998
1280.4998
1280.4998
1280.4998
1280.4998
1280.4998
1280.4998
1413489.3
1413490.3
1413500.3
1413501.3
1413502.3
1413503.3
1413504.3
1413505.3
1413506.3
1280.51494
1280.51495
1280.51493
1280.51500
1280.51499
1280.51498
1280.51503
1280.51505
1280.51501
1280.51547
1280.51504
1280.51548
1280.51502
1280.50991
1280.50991
1280.50991
1280.50991
1280.51497
1280.51496
1280.51511
1280.51507
1280.51506
1280.51518
1280.39714
1280.39714
1280.39715
1280.50995
1280.50995
1280.50995
1280.50995
1280.51523
1280.51517
1280.51526
1280.51525
1280.51527
1280.51522
1280.39716
1280.39717
1280.39718
1280.39719
1280.39719
1280.39720
1280.39720
1280.50994
1280.50994
1280.50994
1280.50994
1280.51509
1280.51510
1280.51508
1280.51521
1280.50998
1280.50998
1280.50998
1280.50998
1280.51524
1280.51512
1280.51519
1280.51520
1280.51513
1280.51514
1280.50996
1280.50996
1280.50996
1280.50996
1280.51516
1280.51515
1280.51529
1280.51528
1413484.3
1280.51533
1280.51530
1280.51538
1413485.3
1413486.3
1413487.3
1280.51532
1413488.3
1280.51531
1280.51534
1280.51552
1280.51545
1280.51540
1280.51543
1280.51554
1280.51546
1280.51539
1280.51553
1280.51535
1280.51542
1280.51537
1280.51536
1280.51541
1280.51551
1280.51544
1280.51550
1280.51549
1280.51555
1280.51556
1280.51557
1413446.3
1413447.3
1280.7308
1280.7308
1280.7308
1280.7308
1280.7310
1280.7310
1280.7310
1280.7310
1280.7312
1280.7312
1280.7312
1280.7312
1280.7311
1280.7311
1280.7311
1280.7311
1280.7313
1280.7313
1280.7313
1280.7313
1280.7314
1280.7314
1280.7314
1280.7314
1280.7315
1280.7315
1280.7315
1280.7315
1280.7316
1280.7316
1280.7316
1280.7316
1280.7318
1280.7318
1280.7318
1280.7318
1280.7319
1280.7319
1280.7319
1280.7319
1280.7317
1280.7317
1280.7317
1280.7317
1280.7320
1280.7320
1280.7320
1280.7320
1280.7322
1280.7322
1280.7322
1280.7322
1280.7321
1280.7321
1280.7321
1280.7321
1280.7323
1280.7323
1280.7323
1280.7323
1280.7324
1280.7324
1280.7324
1280.7324
1280.7325
1280.7325
1280.7325
1280.7325
1280.7326
1280.7326
1280.7326
1280.7326
1280.51019
1280.51019
1280.51177
1280.51177
1280.51015
1280.51015
1280.51016
1280.51016
1280.51020
1280.51020
1280.51021
1280.51021
1280.51018
1280.51018
1280.51017
1280.51017
1280.51025
1280.51025
1280.51024
1280.51024
1280.51026
1280.51026
1280.51028
1280.51028
1280.51023
1280.51023
1280.51031
1280.51031
1280.51031
1280.51031
1280.51031
1280.51031
1280.51029
1280.51029
1280.51029
1280.51029
1280.51030
1280.51030
1280.51558
1280.51558
1280.51558
1280.51558
1280.51558
1280.51558
1280.51558
1280.51558
1280.51558
1280.51558
1280.51558
1280.51558
1280.51560
1280.51560
1280.51560
1280.51560
1280.51560
1280.51560
1280.51560
1280.51560
1280.51560
1280.51560
1280.51560
1280.51560
1280.51559
1280.51559
1280.51559
1280.51559
1280.51559
1280.51559
1280.51559
1280.51559
1280.51559
1280.51559
1280.51559
1280.51559
1413382.3
1413374.3
1413375.3
1413376.3
1413377.3
1413378.3
1413379.3
1413380.3
1413381.3
1280.9326
1280.9326
1280.9326
1280.9326
1280.9326
1280.9326
1280.9327
1280.9327
1280.9327
1280.9327
1280.9327
1280.9327
1280.9328
1280.9328
1280.9328
1280.9328
1280.9328
1280.9328
1280.9329
1280.9329
1280.9329
1280.9329
1280.9329
1280.9329
1280.9330
1280.9330
1280.9330
1280.9330
1280.9330
1280.9330
1280.9331
1280.9331
1280.9331
1280.9331
1280.9331
1280.9331
1280.9332
1280.9332
1280.9332
1280.9332
1280.9332
1280.9332
1280.9333
1280.9333
1280.9333
1280.9333
1280.9333
1280.9333
1280.9334
1280.9334
1280.9334
1280.9334
1280.9334
1280.9334
1280.7359
1280.7359
1280.7359
1280.7359
1280.7359
1280.7359
1280.9335
1280.9335
1280.9335
1280.9335
1280.9335
1280.9335
1280.9336
1280.9336
1280.9336
1280.9336
1280.9336
1280.9336
1280.9337
1280.9337
1280.9337
1280.9337
1280.9337
1280.9337
1280.9339
1280.9339
1280.9339
1280.9339
1280.9339
1280.9339
1280.9338
1280.9338
1280.9338
1280.9338
1280.9338
1280.9338
1280.9340
1280.9340
1280.9340
1280.9340
1280.9340
1280.9340
1280.9341
1280.9341
1280.9341
1280.9341
1280.9341
1280.9341
1280.9342
1280.9342
1280.9342
1280.9342
1280.9342
1280.9342
1280.7356
1280.7356
1280.7356
1280.7356
1280.7356
1280.7356
1280.9343
1280.9343
1280.9343
1280.9343
1280.9343
1280.9343
1280.9344
1280.9344
1280.9344
1280.9344
1280.9344
1280.9344
1280.9346
1280.9346
1280.9346
1280.9346
1280.9346
1280.9346
1280.9345
1280.9345
1280.9345
1280.9345
1280.9345
1280.9345
1280.9347
1280.9347
1280.9347
1280.9347
1280.9347
1280.9347
1280.9348
1280.9348
1280.9348
1280.9348
1280.9348
1280.9348
1280.8840
1280.8840
1280.8840
1280.8840
1280.8840
1280.8840
1280.8844
1280.8844
1280.8844
1280.8844
1280.8844
1280.8844
1280.9349
1280.9349
1280.9349
1280.9349
1280.9349
1280.9349
1280.9350
1280.9350
1280.9350
1280.9350
1280.9350
1280.9350
1280.9351
1280.9351
1280.9351
1280.9351
1280.9351
1280.9351
1280.9352
1280.9352
1280.9352
1280.9352
1280.9352
1280.9352
1280.9353
1280.9353
1280.9353
1280.9353
1280.9353
1280.9353
1280.9354
1280.9354
1280.9354
1280.9354
1280.9354
1280.9354
1280.9355
1280.9355
1280.9355
1280.9355
1280.9355
1280.9355
1280.9356
1280.9356
1280.9356
1280.9356
1280.9356
1280.9356
1280.7334
1280.7334
1280.7334
1280.7334
1280.7334
1280.7334
1280.8845
1280.8845
1280.8845
1280.8845
1280.8845
1280.8845
1280.9358
1280.9358
1280.9358
1280.9358
1280.9358
1280.9358
1280.9359
1280.9359
1280.9359
1280.9359
1280.9359
1280.9359
1280.9360
1280.9360
1280.9360
1280.9360
1280.9360
1280.9360
1280.9361
1280.9361
1280.9361
1280.9361
1280.9361
1280.9361
1280.9362
1280.9362
1280.9362
1280.9362
1280.9362
1280.9362
1280.9363
1280.9363
1280.9363
1280.9363
1280.9363
1280.9363
1280.9364
1280.9364
1280.9364
1280.9364
1280.9364
1280.9364
1280.9365
1280.9365
1280.9365
1280.9365
1280.9365
1280.9365
1280.9366
1280.9366
1280.9366
1280.9366
1280.9366
1280.9366
1413373.3
1413331.3
1413332.3
1413604.3
1413602.3
1413607.3
1413608.3
1413609.3
1413603.3
1413605.3
1413606.3
1413448.3
1413449.3
1413450.3
1413451.3
1422390.3
1422391.3
1422392.3
1422393.3
1422394.3
1422395.3
1422396.3
1422397.3
1422398.3
1422399.3
1422400.3
1422401.3
1422402.3
1422403.3
1422404.3
1422405.3
1422406.3
1422407.3
1422408.3
1422409.3
1422410.3
1422411.3
1422412.3
1422413.3
1422414.3
1422415.3
1422416.3
1422417.3
1422418.3
1422419.3
1422420.3
1422421.3
1422422.3
1422423.3
1422424.3
1422425.3
1422426.3
1422427.3
1422428.3
1422429.3
1422430.3
1422431.3
1422432.3
1422433.3
1422434.3
1422435.3
1422436.3
1422437.3
1422438.3
1422439.3
1422440.3
1422441.3
1422442.3
1422443.3
1422444.3
1422445.3
1422446.3
1422447.3
1422448.3
1422449.3
1422450.3
1422451.3
1422452.3
1422453.3
1422454.3
1422455.3
1422456.3
1422457.3
1422458.3
1422459.3
1422460.3
1422461.3
1422462.3
1422463.3
1422464.3
1422465.3
1422466.3
1422467.3
1422468.3
1422469.3
1422470.3
1422471.3
1422472.3
1422473.3
1422474.3
1422475.3
1422476.3
1422477.3
1422478.3
1422479.3
1422480.3
1422481.3
1422482.3
1422483.3
1422484.3
1422485.3
1422488.3
1422489.3
1422490.3
1422491.3
1422492.3
1422493.3
1422494.3
1422495.3
1422497.3
1422498.3
1422500.3
1422503.3
1422508.3
1422509.3
1422510.3
1422511.3
1422512.3
1422513.3
1422514.3
1422515.3
1422516.3
1422517.3
1422518.3
1422519.3
1422520.3
1422521.3
1422522.3
1422523.3
1422524.3
1422525.3
1422526.3
1422527.3
1422528.3
1422529.3
1422530.3
1422531.3
1422532.3
1422533.3
1422534.3
1422535.3
1422536.3
1422537.3
1422538.3
1422539.3
1422540.3
1422541.3
1422542.3
1422543.3
1422544.3
1422545.3
1422546.3
1422547.3
1422548.3
1422549.3
1422550.3
1422551.3
1422552.3
1422553.3
1422554.3
1422555.3
1422556.3
1422557.3
1422558.3
1422559.3
1422560.3
1422561.3
1422562.3
1422563.3
1422564.3
1422565.3
1422566.3
1422567.3
1422568.3
1422569.3
1422570.3
1422571.3
1422572.3
1422573.3
1422574.3
1422575.3
1422576.3
1422577.3
1422578.3
1422579.3
1422580.3
1422581.3
1422582.3
1422583.3
1422584.3
1422585.3
1422586.3
1422587.3
1422588.3
1422589.3
1422590.3
1422591.3
1422592.3
1422593.3
1422594.3
1422595.3
1422596.3
1422597.3
1422598.3
1422599.3
1422600.3
1422601.3
1422602.3
1422603.3
1422604.3
1422605.3
1422606.3
1422607.3
1422608.3
1422609.3
1422610.3
1422611.3
1422613.3
1422614.3
1422615.3
1422616.3
1422617.3
1422618.3
1422619.3
1422620.3
1422621.3
1422622.3
1422623.3
1422624.3
1422625.3
1422626.3
1422627.3
1422628.3
1422629.3
1422630.3
1422631.3
1422632.3
1422633.3
1422634.3
1422635.3
1422636.3
1422637.3
1422638.3
1422639.3
1422640.3
1422641.3
1422642.3
1422643.3
1422644.3
1422645.3
1422646.3
1422647.3
1422648.3
1422649.3
1422650.3
1422651.3
1422652.3
1422653.3
1422654.3
1422655.3
1422656.3
1422657.3
1422658.3
1422659.3
1422660.3
1422661.3
1422662.3
1422663.3
1422664.3
1422665.3
1422666.3
1422667.3
1422668.3
1422669.3
1422670.3
1422671.3
1422672.3
1422673.3
1422674.3
1422675.3
1422676.3
1422677.3
1422678.3
1422679.3
1422680.3
1422681.3
1422682.3
1422683.3
1422684.3
1422685.3
1422686.3
1422687.3
1422688.3
1422689.3
1422690.3
1422752.3
1422691.3
1422753.3
1422754.3
1422755.3
1422756.3
1422757.3
1422758.3
1422759.3
1422760.3
1422761.3
1422762.3
1422763.3
1422764.3
1422765.3
1422766.3
1422767.3
1422768.3
1422769.3
1422770.3
1422771.3
1422772.3
1422773.3
1422774.3
1422775.3
1422777.3
1422778.3
1422779.3
1422780.3
1422781.3
1422782.3
1422783.3
1422784.3
1422785.3
1422786.3
1422787.3
1422788.3
1422789.3
1422790.3
1422791.3
1422792.3
1422793.3
1422794.3
1422795.3
1422796.3
1422797.3
1422798.3
1422799.3
1422800.3
1422801.3
1422802.3
1422803.3
1422804.3
1422692.3
1422693.3
1422694.3
1422695.3
1422696.3
1422697.3
1422698.3
1422699.3
1422700.3
1422701.3
1422702.3
1422703.3
1422704.3
1422705.3
1422706.3
1422707.3
1422708.3
1422709.3
1422710.3
1422711.3
1422712.3
1422713.3
1422714.3
1422715.3
1422716.3
1422717.3
1422718.3
1422719.3
1422720.3
1422721.3
1422722.3
1422723.3
1422724.3
1422725.3
1422726.3
1422727.3
1422728.3
1422729.3
1422730.3
1422731.3
1422732.3
1422733.3
1422734.3
1422735.3
1422736.3
1422737.3
1422738.3
1422739.3
1422740.3
1422741.3
1422742.3
1422743.3
1422744.3
1422745.3
1422746.3
1422747.3
1422748.3
1422749.3
1422750.3
1422751.3
1422805.3
1422806.3
1422807.3
1422809.3
1422810.3
1422812.3
1422813.3
1280.39721
1280.39722
1280.39722
1280.39726
1280.39726
1280.9367
1280.9367
1280.9367
1280.9367
1280.9367
1280.9367
1280.9368
1280.9368
1280.9368
1280.9368
1280.9368
1280.9368
1280.9369
1280.9369
1280.9369
1280.9369
1280.9369
1280.9369
1280.9370
1280.9370
1280.9370
1280.9370
1280.9370
1280.9370
1280.9371
1280.9371
1280.9371
1280.9371
1280.9371
1280.9371
1280.9372
1280.9372
1280.9372
1280.9372
1280.9372
1280.9372
1280.9373
1280.9373
1280.9373
1280.9373
1280.9373
1280.9373
1280.9374
1280.9374
1280.9374
1280.9374
1280.9374
1280.9374
1280.9375
1280.9375
1280.9375
1280.9375
1280.9375
1280.9375
1280.9376
1280.9376
1280.9376
1280.9376
1280.9376
1280.9376
1280.7374
1280.7374
1280.7374
1280.7374
1280.7374
1280.7374
1280.9377
1280.9377
1280.9377
1280.9377
1280.9377
1280.9377
1280.9378
1280.9378
1280.9378
1280.9378
1280.9378
1280.9378
1280.9379
1280.9379
1280.9379
1280.9379
1280.9379
1280.9379
1280.9380
1280.9380
1280.9380
1280.9380
1280.9380
1280.9380
1280.9381
1280.9381
1280.9381
1280.9381
1280.9381
1280.9381
1280.9382
1280.9382
1280.9382
1280.9382
1280.9382
1280.9382
1280.9383
1280.9383
1280.9383
1280.9383
1280.9383
1280.9383
1280.9384
1280.9384
1280.9384
1280.9384
1280.9384
1280.9384
1280.9385
1280.9385
1280.9385
1280.9385
1280.9385
1280.9385
1280.9386
1280.9386
1280.9386
1280.9386
1280.9386
1280.9386
1280.9387
1280.9387
1280.9387
1280.9387
1280.9387
1280.9387
1280.9388
1280.9388
1280.9388
1280.9388
1280.9388
1280.9388
1280.9398
1280.9398
1280.9398
1280.9398
1280.9398
1280.9398
1280.9399
1280.9399
1280.9399
1280.9399
1280.9399
1280.9399
1280.9400
1280.9400
1280.9400
1280.9400
1280.9400
1280.9400
1280.9401
1280.9401
1280.9401
1280.9401
1280.9401
1280.9401
1280.9402
1280.9402
1280.9402
1280.9402
1280.9402
1280.9402
1280.9403
1280.9403
1280.9403
1280.9403
1280.9403
1280.9403
1280.9404
1280.9404
1280.9404
1280.9404
1280.9404
1280.9404
1280.7372
1280.7372
1280.7372
1280.7372
1280.7372
1280.7372
1280.9405
1280.9405
1280.9405
1280.9405
1280.9405
1280.9405
1280.7373
1280.7373
1280.7373
1280.7373
1280.7373
1280.7373
1280.7375
1280.7375
1280.7375
1280.7375
1280.7375
1280.7375
1280.7376
1280.7376
1280.7376
1280.7376
1280.7376
1280.7376
1280.9406
1280.9406
1280.9406
1280.9406
1280.9406
1280.9406
1280.9407
1280.9407
1280.9407
1280.9407
1280.9407
1280.9407
1280.52220
1280.52220
1280.52220
1280.52224
1280.52224
1280.52224
1280.52213
1280.52213
1280.52213
1280.52214
1280.52214
1280.52214
1280.52211
1280.52211
1280.52211
1280.52207
1280.52207
1280.52207
1280.52199
1280.52199
1280.52199
1280.52194
1280.52194
1280.52194
1280.52183
1280.52183
1280.52183
1280.52171
1280.52171
1280.52171
1280.52172
1280.52172
1280.52172
1280.52168
1280.52168
1280.52168
1280.52167
1280.52167
1280.52167
1280.52169
1280.52169
1280.52169
1280.52166
1280.52166
1280.52166
1280.52164
1280.52164
1280.52164
1280.52160
1280.52160
1280.52160
1280.52161
1280.52161
1280.52161
1280.52155
1280.52155
1280.52155
1280.52156
1280.52156
1280.52156
1280.52150
1280.52150
1280.52150
1280.52149
1280.52149
1280.52149
1280.52145
1280.52145
1280.52145
1280.52144
1280.52144
1280.52144
1280.52143
1280.52143
1280.52143
1280.52136
1280.52136
1280.52136
1280.52134
1280.52134
1280.52134
1280.52142
1280.52142
1280.52142
1280.52135
1280.52135
1280.52135
1280.52139
1280.52139
1280.52139
1280.52137
1280.52137
1280.52137
1280.52141
1280.52141
1280.52141
1280.52140
1280.52140
1280.52140
1280.52174
1280.52174
1280.52174
1280.52170
1280.52170
1280.52170
1280.52165
1280.52165
1280.52165
1280.52158
1280.52158
1280.52158
1280.52157
1280.52157
1280.52157
1280.52152
1280.52152
1280.52152
1280.52153
1280.52153
1280.52153
1280.52154
1280.52154
1280.52154
1280.52146
1280.52146
1280.52146
1280.52229
1280.52229
1280.52229
1280.52231
1280.52231
1280.52231
1280.52232
1280.52232
1280.52232
1280.52230
1280.52230
1280.52230
1280.52227
1280.52227
1280.52227
1280.52233
1280.52233
1280.52233
1280.52225
1280.52225
1280.52225
1280.52228
1280.52228
1280.52228
1280.52226
1280.52226
1280.52226
1280.52223
1280.52223
1280.52223
1280.52221
1280.52221
1280.52221
1280.52222
1280.52222
1280.52222
1280.52217
1280.52217
1280.52217
1280.52219
1280.52219
1280.52219
1280.52218
1280.52218
1280.52218
1280.52215
1280.52215
1280.52215
1280.52216
1280.52216
1280.52216
1280.52210
1280.52210
1280.52210
1280.52209
1280.52209
1280.52209
1280.52208
1280.52208
1280.52208
1280.52212
1280.52212
1280.52212
1280.52203
1280.52203
1280.52203
1280.52205
1280.52205
1280.52205
1280.52204
1280.52204
1280.52204
1280.52206
1280.52206
1280.52206
1280.52198
1280.52198
1280.52198
1280.52202
1280.52202
1280.52202
1280.52201
1280.52201
1280.52201
1280.52196
1280.52196
1280.52196
1280.52200
1280.52200
1280.52200
1280.52197
1280.52197
1280.52197
1280.52195
1280.52195
1280.52195
1280.52191
1280.52191
1280.52191
1280.52193
1280.52193
1280.52193
1280.52190
1280.52190
1280.52190
1280.52192
1280.52192
1280.52192
1280.52184
1280.52184
1280.52184
1280.52181
1280.52181
1280.52181
1280.52182
1280.52182
1280.52182
1280.52187
1280.52187
1280.52187
1280.52185
1280.52185
1280.52185
1280.52188
1280.52188
1280.52188
1280.52186
1280.52186
1280.52186
1280.52189
1280.52189
1280.52189
1280.52180
1280.52180
1280.52180
1280.52178
1280.52178
1280.52178
1280.52177
1280.52177
1280.52177
1280.52179
1280.52179
1280.52179
1280.52175
1280.52175
1280.52175
1280.52176
1280.52176
1280.52176
1280.52173
1280.52173
1280.52173
1280.52159
1280.52159
1280.52159
1280.52162
1280.52162
1280.52162
1280.52163
1280.52163
1280.52163
1280.52151
1280.52151
1280.52151
1280.52148
1280.52148
1280.52148
1280.52147
1280.52147
1280.52147
1280.52138
1280.52138
1280.52138
1413576.3
1413575.3
1413582.3
1413583.3
1413584.3
1413570.3
1413574.3
1413572.3
1413581.3
1413585.3
1413578.3
1280.21074
1280.21074
1280.21074
1280.21074
1280.21074
1280.21074
1280.21074
1280.21074
1280.21074
1280.21074
1280.21074
1280.21074
1280.21074
1280.21074
1280.21074
1280.21074
1280.21074
1280.21074
1280.21074
1280.21074
1280.21075
1280.21075
1280.21075
1280.21075
1280.21075
1280.21075
1280.21075
1280.21075
1280.21075
1280.21075
1280.21075
1280.21075
1280.21075
1280.21075
1280.21075
1280.21075
1280.21075
1280.21075
1280.21075
1280.21075
1280.16436
1280.16436
1280.16436
1280.16436
1280.16436
1280.16436
1280.16436
1280.16436
1280.16436
1280.16436
1280.16436
1280.16436
1280.16436
1280.16436
1280.16436
1280.16436
1280.16436
1280.16436
1280.16436
1280.16436
1280.15939
1280.15939
1280.15939
1280.15939
1280.15939
1280.15939
1280.15939
1280.15939
1280.15939
1280.15939
1280.15939
1280.15939
1280.15939
1280.15939
1280.21073
1280.21073
1280.21073
1280.21073
1280.21073
1280.21073
1280.21073
1280.21073
1280.21073
1280.21073
1280.21073
1280.21073
1280.21073
1280.21073
1280.21073
1280.21073
1280.21073
1280.21073
1280.21073
1280.21073
1280.15938
1280.15938
1280.15938
1280.15938
1280.15938
1280.15938
1280.15938
1280.15938
1280.15938
1280.15938
1280.15938
1280.15938
1280.15938
1280.15938
1280.15938
1280.15938
1280.15938
1280.15938
1280.15938
1280.15938
1280.16052
1280.16052
1280.16052
1280.16052
1280.16052
1280.16052
1280.16052
1280.16052
1280.16052
1280.16052
1280.16052
1280.16052
1280.16052
1280.16052
1280.16052
1280.16052
1280.16052
1280.16052
1280.16052
1280.16052
1280.16763
1280.16763
1280.16763
1280.16763
1280.16763
1280.16763
1280.16763
1280.16763
1280.16763
1280.16763
1280.16763
1280.16763
1280.16763
1280.16763
1280.16763
1280.16763
1280.16763
1280.16763
1280.16763
1280.16763
1280.26022
1280.26022
1280.26022
1280.26022
1280.26022
1280.26022
1280.26022
1280.26022
1280.26022
1280.26022
1280.26022
1280.26022
1280.26022
1280.26022
1280.26022
1280.26022
1280.16051
1280.16051
1280.16051
1280.16051
1280.16051
1280.16051
1280.16051
1280.16051
1280.16051
1280.16051
1280.16051
1280.16051
1280.16051
1280.16051
1280.16051
1280.16051
1280.16051
1280.16051
1280.16051
1280.16051
1280.26023
1280.26023
1280.26023
1280.26023
1280.26023
1280.26023
1280.26023
1280.26023
1280.26023
1280.26023
1280.26023
1280.26023
1280.26023
1280.26023
1280.26023
1280.26023
1280.26024
1280.26024
1280.26024
1280.26024
1280.26024
1280.26024
1280.26024
1280.26024
1280.26024
1280.26024
1280.26024
1280.26024
1280.26024
1280.26024
1280.26024
1280.26024
1280.26025
1280.26025
1280.26025
1280.26025
1280.26025
1280.26025
1280.26025
1280.26025
1280.26025
1280.26025
1280.26025
1280.26025
1280.26025
1280.26025
1280.26025
1280.26025
1280.26026
1280.26026
1280.26026
1280.26026
1280.26026
1280.26026
1280.26026
1280.26026
1280.26026
1280.26026
1280.26026
1280.26026
1280.26026
1280.26026
1280.26026
1280.26026
1280.26031
1280.26031
1280.26031
1280.26031
1280.26031
1280.26031
1280.26031
1280.26031
1280.26031
1280.26031
1280.26031
1280.26031
1280.26031
1280.26031
1280.26031
1280.26031
1280.26027
1280.26027
1280.26027
1280.26027
1280.26027
1280.26027
1280.26027
1280.26027
1280.26027
1280.26027
1280.26027
1280.26027
1280.26027
1280.26027
1280.26027
1280.26027
1280.26028
1280.26028
1280.26028
1280.26028
1280.26028
1280.26028
1280.26028
1280.26028
1280.26028
1280.26028
1280.26028
1280.26028
1280.26028
1280.26028
1280.26028
1280.26028
1280.26029
1280.26029
1280.26029
1280.26029
1280.26029
1280.26029
1280.26029
1280.26029
1280.26029
1280.26029
1280.26029
1280.26029
1280.26029
1280.26029
1280.26029
1280.26029
1280.26030
1280.26030
1280.26030
1280.26030
1280.26030
1280.26030
1280.26030
1280.26030
1280.26030
1280.26030
1280.26030
1280.26030
1280.26030
1280.26030
1280.26030
1280.26030
1280.26032
1280.26032
1280.26032
1280.26032
1280.26032
1280.26032
1280.26032
1280.26032
1280.26032
1280.26032
1280.26032
1280.26032
1280.26032
1280.26032
1280.26032
1280.26032
1280.26033
1280.26033
1280.26033
1280.26033
1280.26033
1280.26033
1280.26033
1280.26033
1280.26033
1280.26033
1280.26033
1280.26033
1280.26033
1280.26033
1280.26033
1280.26033
1280.25972
1280.25972
1280.25972
1280.25972
1280.25972
1280.25972
1280.25972
1280.25972
1280.25972
1280.25972
1280.25972
1280.25972
1280.25972
1280.25972
1280.25972
1280.25972
1280.26034
1280.26034
1280.26034
1280.26034
1280.26034
1280.26034
1280.26034
1280.26034
1280.26034
1280.26034
1280.26034
1280.26034
1280.26034
1280.26034
1280.26034
1280.26034
1280.26035
1280.26035
1280.26035
1280.26035
1280.26035
1280.26035
1280.26035
1280.26035
1280.26035
1280.26035
1280.26035
1280.26035
1280.26035
1280.26035
1280.26035
1280.26035
1280.26036
1280.26036
1280.26036
1280.26036
1280.26036
1280.26036
1280.26036
1280.26036
1280.26036
1280.26036
1280.26036
1280.26036
1280.26036
1280.26036
1280.26036
1280.26036
1280.26037
1280.26037
1280.26037
1280.26037
1280.26037
1280.26037
1280.26037
1280.26037
1280.26037
1280.26037
1280.26037
1280.26037
1280.26037
1280.26037
1280.26037
1280.26037
1280.26038
1280.26038
1280.26038
1280.26038
1280.26038
1280.26038
1280.26038
1280.26038
1280.26038
1280.26038
1280.26038
1280.26038
1280.26038
1280.26038
1280.26038
1280.26038
1280.26039
1280.26039
1280.26039
1280.26039
1280.26039
1280.26039
1280.26039
1280.26039
1280.26039
1280.26039
1280.26039
1280.26039
1280.26039
1280.26039
1280.26039
1280.26039
1280.26040
1280.26040
1280.26040
1280.26040
1280.26040
1280.26040
1280.26040
1280.26040
1280.26040
1280.26040
1280.26040
1280.26040
1280.26040
1280.26040
1280.26040
1280.26040
1280.24819
1280.24820
1280.24839
1280.24827
1280.24809
1280.24756
1280.24779
1280.24801
1280.24775
1280.24768
1280.24790
1280.24791
1280.24856
1280.24805
1280.24843
1280.24841
1280.24770
1280.24772
1280.24814
1280.24835
1280.24786
1280.24847
1280.24845
1280.24812
1280.24823
1280.24846
1280.24771
1280.24767
1280.24784
1280.24850
1280.24811
1280.24804
1280.24832
1280.24815
1280.24810
1280.24813
1280.24844
1280.24788
1280.24818
1280.24825
1280.24764
1280.24824
1280.24838
1280.24794
1280.24830
1280.24848
1280.24774
1280.24763
1280.24828
1280.24759
1280.24762
1280.24755
1280.24789
1280.24798
1280.24780
1280.24769
1280.24840
1280.24831
1280.24842
1280.24802
1280.24855
1280.24836
1280.24797
1280.24799
1280.24851
1280.24837
1280.24833
1280.24816
1280.24800
1280.24854
1280.24817
1280.26041
1280.26041
1280.26041
1280.26041
1280.26041
1280.26041
1280.26041
1280.26041
1280.26041
1280.26041
1280.26041
1280.26041
1280.26041
1280.26041
1280.26041
1280.26041
1280.26042
1280.26042
1280.26042
1280.26042
1280.26042
1280.26042
1280.26042
1280.26042
1280.26042
1280.26042
1280.26042
1280.26042
1280.26042
1280.26042
1280.26042
1280.26042
1280.26043
1280.26043
1280.26043
1280.26043
1280.26043
1280.26043
1280.26043
1280.26043
1280.26043
1280.26043
1280.26043
1280.26043
1280.26043
1280.26043
1280.26043
1280.26043
1280.25016
1280.24947
1280.24948
1280.24949
1280.24951
1280.24954
1280.24957
1280.25018
1280.24961
1280.24962
1280.24963
1280.24967
1280.24968
1280.24979
1280.24984
1280.25021
1280.24988
1280.24989
1280.24991
1280.25004
1280.25009
1280.25012
1280.25011
1280.25028
1280.25014
1280.25017
1280.25019
1280.25020
1280.25023
1280.25027
1280.25026
1280.25025
1280.25029
1280.24964
1280.24973
1280.24987
1280.25008
1280.24986
1280.25002
1280.25032
1280.25033
1280.24859
1280.25037
1280.25030
1280.24974
1280.24982
1280.25038
1280.25040
1280.25039
1280.25041
1280.25042
1280.24887
1280.25044
1280.25043
1280.25045
1280.25046
1280.25047
1280.25050
1280.25051
1280.24942
1280.25052
1280.25053
1280.25054
1280.25055
1280.25056
1280.25058
1280.25057
1280.25059
1280.25060
1280.25062
1280.24946
1280.25064
1280.25065
1280.25067
1280.25068
1280.25069
1280.24915
1280.24923
1280.24924
1280.24925
1280.24927
1280.24928
1280.24931
1280.24932
1280.24929
1280.24916
1280.24930
1280.24936
1280.24935
1280.24933
1280.24934
1280.24939
1280.24938
1280.24940
1280.24941
1280.24943
1280.24950
1280.24952
1280.24953
1280.24959
1280.24966
1280.24965
1280.24917
1280.24976
1280.24977
1280.24978
1280.24980
1280.24981
1280.24983
1280.24992
1280.24994
1280.24995
1280.24920
1280.24996
1280.24997
1280.25000
1280.24998
1280.25022
1280.25024
1280.25031
1280.24919
1280.25034
1280.25035
1280.25036
1280.24918
1280.24926
1280.24937
1280.24945
1280.24944
1280.24921
1280.24955
1280.24956
1280.24958
1280.24960
1280.24969
1280.24970
1280.24971
1280.24972
1280.24985
1280.24990
1280.24993
1280.24999
1280.25001
1280.25003
1280.25005
1280.24922
1280.25007
1280.25006
1280.25010
1280.25013
1280.25015
1280.25075
1280.25076
1280.25078
1280.25077
1280.25079
1280.25080
1280.25081
1280.25082
1280.25084
1280.25071
1280.25083
1280.25085
1280.25086
1280.25087
1280.25089
1280.25090
1280.25092
1280.25096
1280.25070
1280.25097
1280.25095
1280.25094
1280.25101
1280.25102
1280.25098
1280.25099
1280.25100
1280.25103
1280.25104
1280.25111
1280.25109
1280.25108
1280.25116
1280.25105
1280.25106
1280.25107
1280.25110
1280.25117
1280.25113
1280.25119
1280.25118
1280.25122
1280.25123
1280.25114
1280.25115
1280.25121
1280.25128
1280.25130
1280.25132
1280.25131
1280.25124
1280.25072
1280.25125
1280.25126
1280.25129
1280.25093
1280.25061
1280.25066
1280.25088
1280.25073
1280.25091
1280.25112
1280.25120
1280.25127
1280.25133
1280.25169
1280.25176
1280.25172
1280.25174
1280.25173
1280.25074
1280.25175
1280.25134
1280.25137
1280.25136
1280.25135
1280.24834
1280.24792
1280.24781
1280.24773
1280.24806
1280.24821
1280.24757
1280.24777
1280.24783
1280.24822
1280.24758
1280.24761
1280.24760
1280.24765
1280.24766
1280.24776
1280.24808
1280.24849
1280.24785
1280.24807
1280.24857
1280.24858
1280.24860
1280.24861
1280.24862
1280.24865
1280.24863
1280.24864
1280.24829
1280.24868
1280.24869
1280.24866
1280.24867
1280.24870
1280.24871
1280.24872
1280.24796
1280.24875
1280.24876
1280.24878
1280.24873
1280.24874
1280.24877
1280.24879
1280.24880
1280.24894
1280.24853
1280.24881
1280.24882
1280.24883
1280.24885
1280.24884
1280.24886
1280.24888
1280.24890
1280.24889
1280.24826
1280.24892
1280.24891
1280.24893
1280.24895
1280.24897
1280.24896
1280.24898
1280.24899
1280.24900
1280.24782
1280.24901
1280.24902
1280.24903
1280.24904
1280.24905
1280.24906
1280.24909
1280.24908
1280.24907
1280.24787
1280.24910
1280.24911
1280.24913
1280.24912
1280.24914
1280.26044
1280.26044
1280.26044
1280.26044
1280.26044
1280.26044
1280.26044
1280.26044
1280.26044
1280.26044
1280.26044
1280.26044
1280.26044
1280.26044
1280.26044
1280.26044
1280.25138
1280.25166
1280.25165
1280.25163
1280.25160
1280.25162
1280.25152
1280.25150
1280.25161
1280.25158
1280.25148
1280.25151
1280.25159
1280.25164
1280.25167
1280.25141
1280.25140
1280.25145
1280.25146
1280.25147
1280.25155
1280.25153
1280.25142
1280.25139
1280.25168
1280.25170
1280.25171
1280.25156
1280.25144
1280.25143
1280.25149
1280.25157
1280.25154
1280.24778
1280.24793
1280.24795
1280.24803
1280.26045
1280.26045
1280.26045
1280.26045
1280.26045
1280.26045
1280.26045
1280.26045
1280.26045
1280.26045
1280.26045
1280.26045
1280.26045
1280.26045
1280.26045
1280.26045
1280.26046
1280.26046
1280.26046
1280.26046
1280.26046
1280.26046
1280.26046
1280.26046
1280.26046
1280.26046
1280.26046
1280.26046
1280.26046
1280.26046
1280.26046
1280.26046
1280.24852
1280.24975
1280.25048
1280.25049
1280.25063
1280.26047
1280.26047
1280.26047
1280.26047
1280.26047
1280.26047
1280.26047
1280.26047
1280.26047
1280.26047
1280.26047
1280.26047
1280.26047
1280.26047
1280.26047
1280.26047
1280.26048
1280.26048
1280.26048
1280.26048
1280.26048
1280.26048
1280.26048
1280.26048
1280.26048
1280.26048
1280.26048
1280.26048
1280.26048
1280.26048
1280.26048
1280.26048
1280.26049
1280.26049
1280.26049
1280.26049
1280.26049
1280.26049
1280.26049
1280.26049
1280.26049
1280.26049
1280.26049
1280.26049
1280.26049
1280.26049
1280.26049
1280.26049
1280.26050
1280.26050
1280.26050
1280.26050
1280.26050
1280.26050
1280.26050
1280.26050
1280.26050
1280.26050
1280.26050
1280.26050
1280.26050
1280.26050
1280.26050
1280.26050
1280.26051
1280.26051
1280.26051
1280.26051
1280.26051
1280.26051
1280.26051
1280.26051
1280.26051
1280.26051
1280.26051
1280.26051
1280.26051
1280.26051
1280.26051
1280.26051
1280.25973
1280.25973
1280.25973
1280.25973
1280.25973
1280.25973
1280.25973
1280.25973
1280.25973
1280.25973
1280.25973
1280.25973
1280.25973
1280.25973
1280.25973
1280.25973
1280.26053
1280.26053
1280.26053
1280.26053
1280.26053
1280.26053
1280.26053
1280.26053
1280.26053
1280.26053
1280.26053
1280.26053
1280.26053
1280.26053
1280.26053
1280.26053
1280.26052
1280.26052
1280.26052
1280.26052
1280.26052
1280.26052
1280.26052
1280.26052
1280.26052
1280.26052
1280.26052
1280.26052
1280.26052
1280.26052
1280.26052
1280.26052
1280.26054
1280.26054
1280.26054
1280.26054
1280.26054
1280.26054
1280.26054
1280.26054
1280.26054
1280.26054
1280.26054
1280.26054
1280.26054
1280.26054
1280.26054
1280.26054
1280.26055
1280.26055
1280.26055
1280.26055
1280.26055
1280.26055
1280.26055
1280.26055
1280.26055
1280.26055
1280.26055
1280.26055
1280.26055
1280.26055
1280.26055
1280.26055
1280.26056
1280.26056
1280.26056
1280.26056
1280.26056
1280.26056
1280.26056
1280.26056
1280.26056
1280.26056
1280.26056
1280.26056
1280.26056
1280.26056
1280.26056
1280.26056
1280.26057
1280.26057
1280.26057
1280.26057
1280.26057
1280.26057
1280.26057
1280.26057
1280.26057
1280.26057
1280.26057
1280.26057
1280.26057
1280.26057
1280.26057
1280.26057
1280.26058
1280.26058
1280.26058
1280.26058
1280.26058
1280.26058
1280.26058
1280.26058
1280.26058
1280.26058
1280.26058
1280.26058
1280.26058
1280.26058
1280.26058
1280.26058
1280.26059
1280.26059
1280.26059
1280.26059
1280.26059
1280.26059
1280.26059
1280.26059
1280.26059
1280.26059
1280.26059
1280.26059
1280.26059
1280.26059
1280.26059
1280.26059
1280.26060
1280.26060
1280.26060
1280.26060
1280.26060
1280.26060
1280.26060
1280.26060
1280.26060
1280.26060
1280.26060
1280.26060
1280.26060
1280.26060
1280.26060
1280.26060
1280.26061
1280.26061
1280.26061
1280.26061
1280.26061
1280.26061
1280.26061
1280.26061
1280.26061
1280.26061
1280.26061
1280.26061
1280.26061
1280.26061
1280.26061
1280.26061
1280.15930
1280.15930
1280.15930
1280.15930
1280.15930
1280.15930
1280.15930
1280.15930
1280.15930
1280.15930
1280.15930
1280.15930
1280.15930
1280.15930
1280.15930
1280.15930
1280.15930
1280.15930
1280.15930
1280.15930
1280.15930
1280.15930
1280.15930
1280.15930
1280.15930
1280.15930
1280.15930
1280.15930
1280.15930
1280.15930
1280.15930
1280.15930
1280.15930
1280.15930
1280.15930
1280.15930
1280.15930
1280.15930
1280.15930
1280.15930
1280.15930
1280.15930
1280.15930
1280.15930
1280.15930
1280.15930
1280.15930
1280.15930
1280.15930
1280.26062
1280.26062
1280.26062
1280.26062
1280.26062
1280.26062
1280.26062
1280.26062
1280.26062
1280.26062
1280.26062
1280.26062
1280.26062
1280.26062
1280.26062
1280.26062
1280.26063
1280.26063
1280.26063
1280.26063
1280.26063
1280.26063
1280.26063
1280.26063
1280.26063
1280.26063
1280.26063
1280.26063
1280.26063
1280.26063
1280.26063
1280.26063
1280.26065
1280.26065
1280.26065
1280.26065
1280.26065
1280.26065
1280.26065
1280.26065
1280.26065
1280.26065
1280.26065
1280.26065
1280.26065
1280.26065
1280.26065
1280.26065
1280.25974
1280.25974
1280.25974
1280.25974
1280.25974
1280.25974
1280.25974
1280.25974
1280.25974
1280.25974
1280.25974
1280.25974
1280.25974
1280.25974
1280.25974
1280.25974
1280.25975
1280.25975
1280.25975
1280.25975
1280.25975
1280.25975
1280.25975
1280.25975
1280.25975
1280.25975
1280.25975
1280.25975
1280.25975
1280.25975
1280.25975
1280.25975
1280.25977
1280.25977
1280.25977
1280.25977
1280.25977
1280.25977
1280.25977
1280.25977
1280.25977
1280.25977
1280.25977
1280.25977
1280.25977
1280.25977
1280.25977
1280.25977
1280.25976
1280.25976
1280.25976
1280.25976
1280.25976
1280.25976
1280.25976
1280.25976
1280.25976
1280.25976
1280.25976
1280.25976
1280.25976
1280.25976
1280.25976
1280.25976
1280.25978
1280.25978
1280.25978
1280.25978
1280.25978
1280.25978
1280.25978
1280.25978
1280.25978
1280.25978
1280.25978
1280.25978
1280.25978
1280.25978
1280.25978
1280.25978
1280.25979
1280.25979
1280.25979
1280.25979
1280.25979
1280.25979
1280.25979
1280.25979
1280.25979
1280.25979
1280.25979
1280.25979
1280.25979
1280.25979
1280.25979
1280.25979
1280.26064
1280.26064
1280.26064
1280.26064
1280.26064
1280.26064
1280.26064
1280.26064
1280.26064
1280.26064
1280.26064
1280.26064
1280.26064
1280.26064
1280.26064
1280.26064
1280.25980
1280.25980
1280.25980
1280.25980
1280.25980
1280.25980
1280.25980
1280.25980
1280.25980
1280.25980
1280.25980
1280.25980
1280.25980
1280.25980
1280.25980
1280.25980
1280.25981
1280.25981
1280.25981
1280.25981
1280.25981
1280.25981
1280.25981
1280.25981
1280.25981
1280.25981
1280.25981
1280.25981
1280.25981
1280.25981
1280.25981
1280.25981
1280.25982
1280.25982
1280.25982
1280.25982
1280.25982
1280.25982
1280.25982
1280.25982
1280.25982
1280.25982
1280.25982
1280.25982
1280.25982
1280.25982
1280.25982
1280.25982
1280.25983
1280.25983
1280.25983
1280.25983
1280.25983
1280.25983
1280.25983
1280.25983
1280.25983
1280.25983
1280.25983
1280.25983
1280.25983
1280.25983
1280.25983
1280.25983
1280.25984
1280.25984
1280.25984
1280.25984
1280.25984
1280.25984
1280.25984
1280.25984
1280.25984
1280.25984
1280.25984
1280.25984
1280.25984
1280.25984
1280.25984
1280.25984
1280.25989
1280.25989
1280.25989
1280.25989
1280.25989
1280.25989
1280.25989
1280.25989
1280.25989
1280.25989
1280.25989
1280.25989
1280.25989
1280.25989
1280.25989
1280.25989
1280.25986
1280.25986
1280.25986
1280.25986
1280.25986
1280.25986
1280.25986
1280.25986
1280.25986
1280.25986
1280.25986
1280.25986
1280.25986
1280.25986
1280.25986
1280.25986
1280.25988
1280.25988
1280.25988
1280.25988
1280.25988
1280.25988
1280.25988
1280.25988
1280.25988
1280.25988
1280.25988
1280.25988
1280.25988
1280.25988
1280.25988
1280.25988
1280.26066
1280.26066
1280.26066
1280.26066
1280.26066
1280.26066
1280.26066
1280.26066
1280.26066
1280.26066
1280.26066
1280.26066
1280.26066
1280.26066
1280.26066
1280.26066
1280.25987
1280.25987
1280.25987
1280.25987
1280.25987
1280.25987
1280.25987
1280.25987
1280.25987
1280.25987
1280.25987
1280.25987
1280.25987
1280.25987
1280.25987
1280.25987
1280.26067
1280.26067
1280.26067
1280.26067
1280.26067
1280.26067
1280.26067
1280.26067
1280.26067
1280.26067
1280.26067
1280.26067
1280.26067
1280.26067
1280.26067
1280.26067
1280.26068
1280.26068
1280.26068
1280.26068
1280.26068
1280.26068
1280.26068
1280.26068
1280.26068
1280.26068
1280.26068
1280.26068
1280.26068
1280.26068
1280.26068
1280.26068
1280.26069
1280.26069
1280.26069
1280.26069
1280.26069
1280.26069
1280.26069
1280.26069
1280.26069
1280.26069
1280.26069
1280.26069
1280.26069
1280.26069
1280.26069
1280.26069
1280.25985
1280.25985
1280.25985
1280.25985
1280.25985
1280.25985
1280.25985
1280.25985
1280.25985
1280.25985
1280.25985
1280.25985
1280.25985
1280.25985
1280.25985
1280.25985
1280.25990
1280.25990
1280.25990
1280.25990
1280.25990
1280.25990
1280.25990
1280.25990
1280.25990
1280.25990
1280.25990
1280.25990
1280.25990
1280.25990
1280.25990
1280.25990
1280.25991
1280.25991
1280.25991
1280.25991
1280.25991
1280.25991
1280.25991
1280.25991
1280.25991
1280.25991
1280.25991
1280.25991
1280.25991
1280.25991
1280.25991
1280.25991
1280.25992
1280.25992
1280.25992
1280.25992
1280.25992
1280.25992
1280.25992
1280.25992
1280.25992
1280.25992
1280.25992
1280.25992
1280.25992
1280.25992
1280.25992
1280.25992
1280.25993
1280.25993
1280.25993
1280.25993
1280.25993
1280.25993
1280.25993
1280.25993
1280.25993
1280.25993
1280.25993
1280.25993
1280.25993
1280.25993
1280.25993
1280.25993
1280.25994
1280.25994
1280.25994
1280.25994
1280.25994
1280.25994
1280.25994
1280.25994
1280.25994
1280.25994
1280.25994
1280.25994
1280.25994
1280.25994
1280.25994
1280.25994
1280.25995
1280.25995
1280.25995
1280.25995
1280.25995
1280.25995
1280.25995
1280.25995
1280.25995
1280.25995
1280.25995
1280.25995
1280.25995
1280.25995
1280.25995
1280.25995
1280.26001
1280.26001
1280.26001
1280.26001
1280.26001
1280.26001
1280.26001
1280.26001
1280.26001
1280.26001
1280.26001
1280.26001
1280.26001
1280.26001
1280.26001
1280.26001
1280.26000
1280.26000
1280.26000
1280.26000
1280.26000
1280.26000
1280.26000
1280.26000
1280.26000
1280.26000
1280.26000
1280.26000
1280.26000
1280.26000
1280.26000
1280.26000
1280.26002
1280.26002
1280.26002
1280.26002
1280.26002
1280.26002
1280.26002
1280.26002
1280.26002
1280.26002
1280.26002
1280.26002
1280.26002
1280.26002
1280.26002
1280.26002
1280.25996
1280.25996
1280.25996
1280.25996
1280.25996
1280.25996
1280.25996
1280.25996
1280.25996
1280.25996
1280.25996
1280.25996
1280.25996
1280.25996
1280.25996
1280.25996
1280.26070
1280.26070
1280.26070
1280.26070
1280.26070
1280.26070
1280.26070
1280.26070
1280.26070
1280.26070
1280.26070
1280.26070
1280.26070
1280.26070
1280.26070
1280.26070
1280.25997
1280.25997
1280.25997
1280.25997
1280.25997
1280.25997
1280.25997
1280.25997
1280.25997
1280.25997
1280.25997
1280.25997
1280.25997
1280.25997
1280.25997
1280.25997
1280.25998
1280.25998
1280.25998
1280.25998
1280.25998
1280.25998
1280.25998
1280.25998
1280.25998
1280.25998
1280.25998
1280.25998
1280.25998
1280.25998
1280.25998
1280.25998
1280.25999
1280.25999
1280.25999
1280.25999
1280.25999
1280.25999
1280.25999
1280.25999
1280.25999
1280.25999
1280.25999
1280.25999
1280.25999
1280.25999
1280.25999
1280.25999
1280.26003
1280.26003
1280.26003
1280.26003
1280.26003
1280.26003
1280.26003
1280.26003
1280.26003
1280.26003
1280.26003
1280.26003
1280.26003
1280.26003
1280.26003
1280.26003
1280.26004
1280.26004
1280.26004
1280.26004
1280.26004
1280.26004
1280.26004
1280.26004
1280.26004
1280.26004
1280.26004
1280.26004
1280.26004
1280.26004
1280.26004
1280.26004
1280.26005
1280.26005
1280.26005
1280.26005
1280.26005
1280.26005
1280.26005
1280.26005
1280.26005
1280.26005
1280.26005
1280.26005
1280.26005
1280.26005
1280.26005
1280.26005
1280.26006
1280.26006
1280.26006
1280.26006
1280.26006
1280.26006
1280.26006
1280.26006
1280.26006
1280.26006
1280.26006
1280.26006
1280.26006
1280.26006
1280.26006
1280.26006
1280.26007
1280.26007
1280.26007
1280.26007
1280.26007
1280.26007
1280.26007
1280.26007
1280.26007
1280.26007
1280.26007
1280.26007
1280.26007
1280.26007
1280.26007
1280.26007
1280.26008
1280.26008
1280.26008
1280.26008
1280.26008
1280.26008
1280.26008
1280.26008
1280.26008
1280.26008
1280.26008
1280.26008
1280.26008
1280.26008
1280.26008
1280.26008
1280.26009
1280.26009
1280.26009
1280.26009
1280.26009
1280.26009
1280.26009
1280.26009
1280.26009
1280.26009
1280.26009
1280.26009
1280.26009
1280.26009
1280.26009
1280.26009
1280.26010
1280.26010
1280.26010
1280.26010
1280.26010
1280.26010
1280.26010
1280.26010
1280.26010
1280.26010
1280.26010
1280.26010
1280.26010
1280.26010
1280.26010
1280.26010
1280.26011
1280.26011
1280.26011
1280.26011
1280.26011
1280.26011
1280.26011
1280.26011
1280.26011
1280.26011
1280.26011
1280.26011
1280.26011
1280.26011
1280.26011
1280.26011
1280.26012
1280.26012
1280.26012
1280.26012
1280.26012
1280.26012
1280.26012
1280.26012
1280.26012
1280.26012
1280.26012
1280.26012
1280.26012
1280.26012
1280.26012
1280.26012
1280.26013
1280.26013
1280.26013
1280.26013
1280.26013
1280.26013
1280.26013
1280.26013
1280.26013
1280.26013
1280.26013
1280.26013
1280.26013
1280.26013
1280.26013
1280.26013
1280.26014
1280.26014
1280.26014
1280.26014
1280.26014
1280.26014
1280.26014
1280.26014
1280.26014
1280.26014
1280.26014
1280.26014
1280.26014
1280.26014
1280.26014
1280.26014
1280.26015
1280.26015
1280.26015
1280.26015
1280.26015
1280.26015
1280.26015
1280.26015
1280.26015
1280.26015
1280.26015
1280.26015
1280.26015
1280.26015
1280.26015
1280.26015
1280.26016
1280.26016
1280.26016
1280.26016
1280.26016
1280.26016
1280.26016
1280.26016
1280.26016
1280.26016
1280.26016
1280.26016
1280.26016
1280.26016
1280.26016
1280.26016
1280.19784
1280.19784
1280.19784
1280.19784
1280.19784
1280.19784
1280.19784
1280.19784
1280.19784
1280.19784
1280.19784
1280.19784
1280.19784
1280.19784
1280.3359
1280.26017
1280.26017
1280.26017
1280.26017
1280.26017
1280.26017
1280.26017
1280.26017
1280.26017
1280.26017
1280.26017
1280.26017
1280.26017
1280.26017
1280.26017
1280.26017
1280.26018
1280.26018
1280.26018
1280.26018
1280.26018
1280.26018
1280.26018
1280.26018
1280.26018
1280.26018
1280.26018
1280.26018
1280.26018
1280.26018
1280.26018
1280.26018
1280.26019
1280.26019
1280.26019
1280.26019
1280.26019
1280.26019
1280.26019
1280.26019
1280.26019
1280.26019
1280.26019
1280.26019
1280.26019
1280.26019
1280.26019
1280.26019
1280.19785
1280.19785
1280.19785
1280.19785
1280.19785
1280.19785
1280.19785
1280.19785
1280.19785
1280.19785
1280.19785
1280.19785
1280.19785
1280.26020
1280.26020
1280.26020
1280.26020
1280.26020
1280.26020
1280.26020
1280.26020
1280.26020
1280.26020
1280.26020
1280.26020
1280.26020
1280.26020
1280.26020
1280.26020
1280.11295
1280.11295
1280.11295
1280.11295
1280.11295
1280.11295
1280.11295
1280.11295
1280.11295
1280.11295
1280.11184
1280.11184
1280.11184
1280.11184
1280.11184
1280.11184
1280.11184
1280.11184
1280.11184
1280.11184
1280.11294
1280.11294
1280.11294
1280.11294
1280.11294
1280.11294
1280.11294
1280.11294
1280.11294
1280.11294
1280.11293
1280.11293
1280.11293
1280.11293
1280.11293
1280.11293
1280.11293
1280.11293
1280.11293
1280.11293
1280.11183
1280.11183
1280.11183
1280.11183
1280.11183
1280.11183
1280.11183
1280.11183
1280.11183
1280.11183
1280.11292
1280.11292
1280.11292
1280.11292
1280.11292
1280.11292
1280.11292
1280.11292
1280.11292
1280.11292
1280.11291
1280.11291
1280.11291
1280.11291
1280.11291
1280.11291
1280.11291
1280.11291
1280.11291
1280.11291
1280.11290
1280.11290
1280.11290
1280.11290
1280.11290
1280.11290
1280.11290
1280.11290
1280.11290
1280.11290
1280.11289
1280.11289
1280.11289
1280.11289
1280.11289
1280.11289
1280.11289
1280.11289
1280.11289
1280.11289
1280.11182
1280.11182
1280.11182
1280.11182
1280.11182
1280.11182
1280.11182
1280.11182
1280.11182
1280.11182
1280.11704
1280.11704
1280.11704
1280.11704
1280.11704
1280.11704
1280.11704
1280.11704
1280.11704
1280.11704
1280.11288
1280.11288
1280.11288
1280.11288
1280.11288
1280.11288
1280.11288
1280.11288
1280.11288
1280.11288
1280.11287
1280.11287
1280.11287
1280.11287
1280.11287
1280.11287
1280.11287
1280.11287
1280.11287
1280.11287
1280.11286
1280.11286
1280.11286
1280.11286
1280.11286
1280.11286
1280.11286
1280.11286
1280.11286
1280.11286
1280.11705
1280.11705
1280.11705
1280.11705
1280.11705
1280.11705
1280.11705
1280.11705
1280.11705
1280.11705
1280.11180
1280.11180
1280.11180
1280.11180
1280.11180
1280.11180
1280.11180
1280.11180
1280.11180
1280.11180
1280.11285
1280.11285
1280.11285
1280.11285
1280.11285
1280.11285
1280.11285
1280.11285
1280.11285
1280.11285
1280.11722
1280.11722
1280.11722
1280.11722
1280.11722
1280.11722
1280.11722
1280.11722
1280.11722
1280.11722
1280.11284
1280.11284
1280.11284
1280.11284
1280.11284
1280.11284
1280.11284
1280.11284
1280.11284
1280.11284
1280.11282
1280.11282
1280.11282
1280.11282
1280.11282
1280.11282
1280.11282
1280.11282
1280.11282
1280.11282
1280.11281
1280.11281
1280.11281
1280.11281
1280.11281
1280.11281
1280.11281
1280.11281
1280.11281
1280.11281
1280.11283
1280.11283
1280.11283
1280.11283
1280.11283
1280.11283
1280.11283
1280.11283
1280.11283
1280.11283
1280.11279
1280.11279
1280.11279
1280.11279
1280.11279
1280.11279
1280.11279
1280.11279
1280.11279
1280.11279
1280.11280
1280.11280
1280.11280
1280.11280
1280.11280
1280.11280
1280.11280
1280.11280
1280.11280
1280.11280
1280.11278
1280.11278
1280.11278
1280.11278
1280.11278
1280.11278
1280.11278
1280.11278
1280.11278
1280.11278
1280.11277
1280.11277
1280.11277
1280.11277
1280.11277
1280.11277
1280.11277
1280.11277
1280.11277
1280.11277
1280.11181
1280.11181
1280.11181
1280.11181
1280.11181
1280.11181
1280.11181
1280.11181
1280.11181
1280.11181
1280.11276
1280.11276
1280.11276
1280.11276
1280.11276
1280.11276
1280.11276
1280.11276
1280.11276
1280.11276
1280.11275
1280.11275
1280.11275
1280.11275
1280.11275
1280.11275
1280.11275
1280.11275
1280.11275
1280.11275
1280.11179
1280.11179
1280.11179
1280.11179
1280.11179
1280.11179
1280.11179
1280.11179
1280.11179
1280.11179
1280.11274
1280.11274
1280.11274
1280.11274
1280.11274
1280.11274
1280.11274
1280.11274
1280.11274
1280.11274
1280.11272
1280.11272
1280.11272
1280.11272
1280.11272
1280.11272
1280.11272
1280.11272
1280.11272
1280.11272
1280.11270
1280.11270
1280.11270
1280.11270
1280.11270
1280.11270
1280.11270
1280.11270
1280.11270
1280.11270
1280.11178
1280.11178
1280.11178
1280.11178
1280.11178
1280.11178
1280.11178
1280.11178
1280.11178
1280.11178
1280.11273
1280.11273
1280.11273
1280.11273
1280.11273
1280.11273
1280.11273
1280.11273
1280.11273
1280.11273
1280.10994
1280.10994
1280.10994
1280.10994
1280.10994
1280.10994
1280.10994
1280.10994
1280.10994
1280.10994
1280.11271
1280.11271
1280.11271
1280.11271
1280.11271
1280.11271
1280.11271
1280.11271
1280.11271
1280.11271
1280.11269
1280.11269
1280.11269
1280.11269
1280.11269
1280.11269
1280.11269
1280.11269
1280.11269
1280.11269
1280.11177
1280.11177
1280.11177
1280.11177
1280.11177
1280.11177
1280.11177
1280.11177
1280.11177
1280.11177
1280.11268
1280.11268
1280.11268
1280.11268
1280.11268
1280.11268
1280.11268
1280.11268
1280.11268
1280.11268
1280.11175
1280.11175
1280.11175
1280.11175
1280.11175
1280.11175
1280.11175
1280.11175
1280.11175
1280.11175
1280.11267
1280.11267
1280.11267
1280.11267
1280.11267
1280.11267
1280.11267
1280.11267
1280.11267
1280.11267
1280.11266
1280.11266
1280.11266
1280.11266
1280.11266
1280.11266
1280.11266
1280.11266
1280.11266
1280.11266
1280.11176
1280.11176
1280.11176
1280.11176
1280.11176
1280.11176
1280.11176
1280.11176
1280.11176
1280.11176
1280.11706
1280.11706
1280.11706
1280.11706
1280.11706
1280.11706
1280.11706
1280.11706
1280.11706
1280.11706
1280.11265
1280.11265
1280.11265
1280.11265
1280.11265
1280.11265
1280.11265
1280.11265
1280.11265
1280.11265
1280.11264
1280.11264
1280.11264
1280.11264
1280.11264
1280.11264
1280.11264
1280.11264
1280.11264
1280.11264
1280.11263
1280.11263
1280.11263
1280.11263
1280.11263
1280.11263
1280.11263
1280.11263
1280.11263
1280.11263
1280.11261
1280.11261
1280.11261
1280.11261
1280.11261
1280.11261
1280.11261
1280.11261
1280.11261
1280.11261
1280.11262
1280.11262
1280.11262
1280.11262
1280.11262
1280.11262
1280.11262
1280.11262
1280.11262
1280.11262
1280.11259
1280.11259
1280.11259
1280.11259
1280.11259
1280.11259
1280.11259
1280.11259
1280.11259
1280.11259
1280.11707
1280.11707
1280.11707
1280.11707
1280.11707
1280.11707
1280.11707
1280.11707
1280.11707
1280.11707
1280.11258
1280.11258
1280.11258
1280.11258
1280.11258
1280.11258
1280.11258
1280.11258
1280.11258
1280.11258
1280.11257
1280.11257
1280.11257
1280.11257
1280.11257
1280.11257
1280.11257
1280.11257
1280.11257
1280.11257
1280.11174
1280.11174
1280.11174
1280.11174
1280.11174
1280.11174
1280.11174
1280.11174
1280.11174
1280.11174
1280.11256
1280.11256
1280.11256
1280.11256
1280.11256
1280.11256
1280.11256
1280.11256
1280.11256
1280.11256
1280.11255
1280.11255
1280.11255
1280.11255
1280.11255
1280.11255
1280.11255
1280.11255
1280.11255
1280.11255
1280.11254
1280.11254
1280.11254
1280.11254
1280.11254
1280.11254
1280.11254
1280.11254
1280.11254
1280.11254
1280.11173
1280.11173
1280.11173
1280.11173
1280.11173
1280.11173
1280.11173
1280.11173
1280.11173
1280.11173
1280.11708
1280.11708
1280.11708
1280.11708
1280.11708
1280.11708
1280.11708
1280.11708
1280.11708
1280.11708
1280.11246
1280.11246
1280.11246
1280.11246
1280.11246
1280.11246
1280.11246
1280.11246
1280.11246
1280.11246
1280.11242
1280.11242
1280.11242
1280.11242
1280.11242
1280.11242
1280.11242
1280.11242
1280.11242
1280.11242
1280.11233
1280.11233
1280.11233
1280.11233
1280.11233
1280.11233
1280.11233
1280.11233
1280.11233
1280.11233
1280.11161
1280.11161
1280.11161
1280.11161
1280.11161
1280.11161
1280.11161
1280.11161
1280.11161
1280.11161
1280.11225
1280.11225
1280.11225
1280.11225
1280.11225
1280.11225
1280.11225
1280.11225
1280.11225
1280.11225
1280.11042
1280.11042
1280.11042
1280.11042
1280.11042
1280.11042
1280.11042
1280.11042
1280.11042
1280.11042
1280.11050
1280.11050
1280.11050
1280.11050
1280.11050
1280.11050
1280.11050
1280.11050
1280.11050
1280.11050
1280.11212
1280.11212
1280.11212
1280.11212
1280.11212
1280.11212
1280.11212
1280.11212
1280.11212
1280.11212
1280.11172
1280.11172
1280.11172
1280.11172
1280.11172
1280.11172
1280.11172
1280.11172
1280.11172
1280.11172
1280.11170
1280.11170
1280.11170
1280.11170
1280.11170
1280.11170
1280.11170
1280.11170
1280.11170
1280.11170
1280.11171
1280.11171
1280.11171
1280.11171
1280.11171
1280.11171
1280.11171
1280.11171
1280.11171
1280.11171
1280.11252
1280.11252
1280.11252
1280.11252
1280.11252
1280.11252
1280.11252
1280.11252
1280.11252
1280.11252
1280.11251
1280.11251
1280.11251
1280.11251
1280.11251
1280.11251
1280.11251
1280.11251
1280.11251
1280.11251
1280.11250
1280.11250
1280.11250
1280.11250
1280.11250
1280.11250
1280.11250
1280.11250
1280.11250
1280.11250
1280.11723
1280.11723
1280.11723
1280.11723
1280.11723
1280.11723
1280.11723
1280.11723
1280.11723
1280.11723
1280.11249
1280.11249
1280.11249
1280.11249
1280.11249
1280.11249
1280.11249
1280.11249
1280.11249
1280.11249
1280.11248
1280.11248
1280.11248
1280.11248
1280.11248
1280.11248
1280.11248
1280.11248
1280.11248
1280.11248
1280.11709
1280.11709
1280.11709
1280.11709
1280.11709
1280.11709
1280.11709
1280.11709
1280.11709
1280.11709
1280.11169
1280.11169
1280.11169
1280.11169
1280.11169
1280.11169
1280.11169
1280.11169
1280.11169
1280.11169
1280.11168
1280.11168
1280.11168
1280.11168
1280.11168
1280.11168
1280.11168
1280.11168
1280.11168
1280.11168
1280.11167
1280.11167
1280.11167
1280.11167
1280.11167
1280.11167
1280.11167
1280.11167
1280.11167
1280.11167
1280.11166
1280.11166
1280.11166
1280.11166
1280.11166
1280.11166
1280.11166
1280.11166
1280.11166
1280.11166
1280.11245
1280.11245
1280.11245
1280.11245
1280.11245
1280.11245
1280.11245
1280.11245
1280.11245
1280.11245
1280.11165
1280.11165
1280.11165
1280.11165
1280.11165
1280.11165
1280.11165
1280.11165
1280.11165
1280.11165
1280.11244
1280.11244
1280.11244
1280.11244
1280.11244
1280.11244
1280.11244
1280.11244
1280.11244
1280.11244
1280.11710
1280.11710
1280.11710
1280.11710
1280.11710
1280.11710
1280.11710
1280.11710
1280.11710
1280.11710
1280.11243
1280.11243
1280.11243
1280.11243
1280.11243
1280.11243
1280.11243
1280.11243
1280.11243
1280.11243
1280.11011
1280.11011
1280.11011
1280.11011
1280.11011
1280.11011
1280.11011
1280.11011
1280.11011
1280.11011
1280.11241
1280.11241
1280.11241
1280.11241
1280.11241
1280.11241
1280.11241
1280.11241
1280.11241
1280.11241
1280.11711
1280.11711
1280.11711
1280.11711
1280.11711
1280.11711
1280.11711
1280.11711
1280.11711
1280.11711
1280.11239
1280.11239
1280.11239
1280.11239
1280.11239
1280.11239
1280.11239
1280.11239
1280.11239
1280.11239
1280.11238
1280.11238
1280.11238
1280.11238
1280.11238
1280.11238
1280.11238
1280.11238
1280.11238
1280.11238
1280.11237
1280.11237
1280.11237
1280.11237
1280.11237
1280.11237
1280.11237
1280.11237
1280.11237
1280.11237
1280.11236
1280.11236
1280.11236
1280.11236
1280.11236
1280.11236
1280.11236
1280.11236
1280.11236
1280.11236
1280.11712
1280.11712
1280.11712
1280.11712
1280.11712
1280.11712
1280.11712
1280.11712
1280.11712
1280.11712
1280.11164
1280.11164
1280.11164
1280.11164
1280.11164
1280.11164
1280.11164
1280.11164
1280.11164
1280.11164
1280.11235
1280.11235
1280.11235
1280.11235
1280.11235
1280.11235
1280.11235
1280.11235
1280.11235
1280.11235
1280.11234
1280.11234
1280.11234
1280.11234
1280.11234
1280.11234
1280.11234
1280.11234
1280.11234
1280.11234
1280.11232
1280.11232
1280.11232
1280.11232
1280.11232
1280.11232
1280.11232
1280.11232
1280.11232
1280.11232
1280.11713
1280.11713
1280.11713
1280.11713
1280.11713
1280.11713
1280.11713
1280.11713
1280.11713
1280.11713
1280.11714
1280.11714
1280.11714
1280.11714
1280.11714
1280.11714
1280.11714
1280.11714
1280.11714
1280.11714
1280.11715
1280.11715
1280.11715
1280.11715
1280.11715
1280.11715
1280.11715
1280.11715
1280.11715
1280.11715
1280.11231
1280.11231
1280.11231
1280.11231
1280.11231
1280.11231
1280.11231
1280.11231
1280.11231
1280.11231
1280.11162
1280.11162
1280.11162
1280.11162
1280.11162
1280.11162
1280.11162
1280.11162
1280.11162
1280.11162
1280.11716
1280.11716
1280.11716
1280.11716
1280.11716
1280.11716
1280.11716
1280.11716
1280.11716
1280.11716
1280.11230
1280.11230
1280.11230
1280.11230
1280.11230
1280.11230
1280.11230
1280.11230
1280.11230
1280.11230
1280.11229
1280.11229
1280.11229
1280.11229
1280.11229
1280.11229
1280.11229
1280.11229
1280.11229
1280.11229
1280.11024
1280.11024
1280.11024
1280.11024
1280.11024
1280.11024
1280.11024
1280.11024
1280.11024
1280.11024
1280.11026
1280.11026
1280.11026
1280.11026
1280.11026
1280.11026
1280.11026
1280.11026
1280.11026
1280.11026
1280.11717
1280.11717
1280.11717
1280.11717
1280.11717
1280.11717
1280.11717
1280.11717
1280.11717
1280.11717
1280.11226
1280.11226
1280.11226
1280.11226
1280.11226
1280.11226
1280.11226
1280.11226
1280.11226
1280.11226
1280.11029
1280.11029
1280.11029
1280.11029
1280.11029
1280.11029
1280.11029
1280.11029
1280.11029
1280.11029
1280.11030
1280.11030
1280.11030
1280.11030
1280.11030
1280.11030
1280.11030
1280.11030
1280.11030
1280.11030
1280.11160
1280.11160
1280.11160
1280.11160
1280.11160
1280.11160
1280.11160
1280.11160
1280.11160
1280.11160
1280.11031
1280.11031
1280.11031
1280.11031
1280.11031
1280.11031
1280.11031
1280.11031
1280.11031
1280.11031
1280.11032
1280.11032
1280.11032
1280.11032
1280.11032
1280.11032
1280.11032
1280.11032
1280.11032
1280.11032
1280.11033
1280.11033
1280.11033
1280.11033
1280.11033
1280.11033
1280.11033
1280.11033
1280.11033
1280.11033
1280.11224
1280.11224
1280.11224
1280.11224
1280.11224
1280.11224
1280.11224
1280.11224
1280.11224
1280.11224
1280.11036
1280.11036
1280.11036
1280.11036
1280.11036
1280.11036
1280.11036
1280.11036
1280.11036
1280.11036
1280.11037
1280.11037
1280.11037
1280.11037
1280.11037
1280.11037
1280.11037
1280.11037
1280.11037
1280.11037
1280.11038
1280.11038
1280.11038
1280.11038
1280.11038
1280.11038
1280.11038
1280.11038
1280.11038
1280.11038
1280.11039
1280.11039
1280.11039
1280.11039
1280.11039
1280.11039
1280.11039
1280.11039
1280.11039
1280.11039
1280.11040
1280.11040
1280.11040
1280.11040
1280.11040
1280.11040
1280.11040
1280.11040
1280.11040
1280.11040
1280.11223
1280.11223
1280.11223
1280.11223
1280.11223
1280.11223
1280.11223
1280.11223
1280.11223
1280.11223
1280.11043
1280.11043
1280.11043
1280.11043
1280.11043
1280.11043
1280.11043
1280.11043
1280.11043
1280.11043
1280.11159
1280.11159
1280.11159
1280.11159
1280.11159
1280.11159
1280.11159
1280.11159
1280.11159
1280.11159
1280.11724
1280.11724
1280.11724
1280.11724
1280.11724
1280.11724
1280.11724
1280.11724
1280.11724
1280.11724
1280.11222
1280.11222
1280.11222
1280.11222
1280.11222
1280.11222
1280.11222
1280.11222
1280.11222
1280.11222
1280.11221
1280.11221
1280.11221
1280.11221
1280.11221
1280.11221
1280.11221
1280.11221
1280.11221
1280.11221
1280.11220
1280.11220
1280.11220
1280.11220
1280.11220
1280.11220
1280.11220
1280.11220
1280.11220
1280.11220
1280.11219
1280.11219
1280.11219
1280.11219
1280.11219
1280.11219
1280.11219
1280.11219
1280.11219
1280.11219
1280.11218
1280.11218
1280.11218
1280.11218
1280.11218
1280.11218
1280.11218
1280.11218
1280.11218
1280.11218
1280.11217
1280.11217
1280.11217
1280.11217
1280.11217
1280.11217
1280.11217
1280.11217
1280.11217
1280.11217
1280.11158
1280.11158
1280.11158
1280.11158
1280.11158
1280.11158
1280.11158
1280.11158
1280.11158
1280.11158
1280.11049
1280.11049
1280.11049
1280.11049
1280.11049
1280.11049
1280.11049
1280.11049
1280.11049
1280.11049
1280.11157
1280.11157
1280.11157
1280.11157
1280.11157
1280.11157
1280.11157
1280.11157
1280.11157
1280.11157
1280.11156
1280.11156
1280.11156
1280.11156
1280.11156
1280.11156
1280.11156
1280.11156
1280.11156
1280.11156
1280.11216
1280.11216
1280.11216
1280.11216
1280.11216
1280.11216
1280.11216
1280.11216
1280.11216
1280.11216
1280.11718
1280.11718
1280.11718
1280.11718
1280.11718
1280.11718
1280.11718
1280.11718
1280.11718
1280.11718
1280.11719
1280.11719
1280.11719
1280.11719
1280.11719
1280.11719
1280.11719
1280.11719
1280.11719
1280.11719
1280.11215
1280.11215
1280.11215
1280.11215
1280.11215
1280.11215
1280.11215
1280.11215
1280.11215
1280.11215
1280.11214
1280.11214
1280.11214
1280.11214
1280.11214
1280.11214
1280.11214
1280.11214
1280.11214
1280.11214
1280.11054
1280.11054
1280.11054
1280.11054
1280.11054
1280.11054
1280.11054
1280.11054
1280.11054
1280.11054
1280.11213
1280.11213
1280.11213
1280.11213
1280.11213
1280.11213
1280.11213
1280.11213
1280.11213
1280.11213
1280.11725
1280.11725
1280.11725
1280.11725
1280.11725
1280.11725
1280.11725
1280.11725
1280.11725
1280.11725
1280.11199
1280.11199
1280.11199
1280.11199
1280.11199
1280.11199
1280.11199
1280.11199
1280.11199
1280.11199
1280.11355
1280.11355
1280.11355
1280.11355
1280.11355
1280.11355
1280.11355
1280.11355
1280.11355
1280.11355
1280.11346
1280.11346
1280.11346
1280.11346
1280.11346
1280.11346
1280.11346
1280.11346
1280.11346
1280.11346
1280.11339
1280.11339
1280.11339
1280.11339
1280.11339
1280.11339
1280.11339
1280.11339
1280.11339
1280.11339
1280.11328
1280.11328
1280.11328
1280.11328
1280.11328
1280.11328
1280.11328
1280.11328
1280.11328
1280.11328
1280.11319
1280.11319
1280.11319
1280.11319
1280.11319
1280.11319
1280.11319
1280.11319
1280.11319
1280.11319
1280.11118
1280.11118
1280.11118
1280.11118
1280.11118
1280.11118
1280.11118
1280.11118
1280.11118
1280.11118
1280.11304
1280.11304
1280.11304
1280.11304
1280.11304
1280.11304
1280.11304
1280.11304
1280.11304
1280.11304
1280.11296
1280.11296
1280.11296
1280.11296
1280.11296
1280.11296
1280.11296
1280.11296
1280.11296
1280.11296
1280.11198
1280.11198
1280.11198
1280.11198
1280.11198
1280.11198
1280.11198
1280.11198
1280.11198
1280.11198
1280.11359
1280.11359
1280.11359
1280.11359
1280.11359
1280.11359
1280.11359
1280.11359
1280.11359
1280.11359
1280.10948
1280.10948
1280.10948
1280.10948
1280.10948
1280.10948
1280.10948
1280.10948
1280.10948
1280.10948
1280.11197
1280.11197
1280.11197
1280.11197
1280.11197
1280.11197
1280.11197
1280.11197
1280.11197
1280.11197
1280.11699
1280.11699
1280.11699
1280.11699
1280.11699
1280.11699
1280.11699
1280.11699
1280.11699
1280.11699
1280.11358
1280.11358
1280.11358
1280.11358
1280.11358
1280.11358
1280.11358
1280.11358
1280.11358
1280.11358
1280.11700
1280.11700
1280.11700
1280.11700
1280.11700
1280.11700
1280.11700
1280.11700
1280.11700
1280.11700
1280.11357
1280.11357
1280.11357
1280.11357
1280.11357
1280.11357
1280.11357
1280.11357
1280.11357
1280.11357
1280.11356
1280.11356
1280.11356
1280.11356
1280.11356
1280.11356
1280.11356
1280.11356
1280.11356
1280.11356
1280.11354
1280.11354
1280.11354
1280.11354
1280.11354
1280.11354
1280.11354
1280.11354
1280.11354
1280.11354
1280.11353
1280.11353
1280.11353
1280.11353
1280.11353
1280.11353
1280.11353
1280.11353
1280.11353
1280.11353
1280.11352
1280.11352
1280.11352
1280.11352
1280.11352
1280.11352
1280.11352
1280.11352
1280.11352
1280.11352
1280.11351
1280.11351
1280.11351
1280.11351
1280.11351
1280.11351
1280.11351
1280.11351
1280.11351
1280.11351
1280.11350
1280.11350
1280.11350
1280.11350
1280.11350
1280.11350
1280.11350
1280.11350
1280.11350
1280.11350
1280.11349
1280.11349
1280.11349
1280.11349
1280.11349
1280.11349
1280.11349
1280.11349
1280.11349
1280.11349
1280.11194
1280.11194
1280.11194
1280.11194
1280.11194
1280.11194
1280.11194
1280.11194
1280.11194
1280.11194
1280.11348
1280.11348
1280.11348
1280.11348
1280.11348
1280.11348
1280.11348
1280.11348
1280.11348
1280.11348
1280.11196
1280.11196
1280.11196
1280.11196
1280.11196
1280.11196
1280.11196
1280.11196
1280.11196
1280.11196
1280.11347
1280.11347
1280.11347
1280.11347
1280.11347
1280.11347
1280.11347
1280.11347
1280.11347
1280.11347
1280.11345
1280.11345
1280.11345
1280.11345
1280.11345
1280.11345
1280.11345
1280.11345
1280.11345
1280.11345
1280.11701
1280.11701
1280.11701
1280.11701
1280.11701
1280.11701
1280.11701
1280.11701
1280.11701
1280.11701
1280.11193
1280.11193
1280.11193
1280.11193
1280.11193
1280.11193
1280.11193
1280.11193
1280.11193
1280.11193
1280.11344
1280.11344
1280.11344
1280.11344
1280.11344
1280.11344
1280.11344
1280.11344
1280.11344
1280.11344
1280.11721
1280.11721
1280.11721
1280.11721
1280.11721
1280.11721
1280.11721
1280.11721
1280.11721
1280.11721
1280.11192
1280.11192
1280.11192
1280.11192
1280.11192
1280.11192
1280.11192
1280.11192
1280.11192
1280.11192
1280.11343
1280.11343
1280.11343
1280.11343
1280.11343
1280.11343
1280.11343
1280.11343
1280.11343
1280.11343
1280.11342
1280.11342
1280.11342
1280.11342
1280.11342
1280.11342
1280.11342
1280.11342
1280.11342
1280.11342
1280.11341
1280.11341
1280.11341
1280.11341
1280.11341
1280.11341
1280.11341
1280.11341
1280.11341
1280.11341
1280.11338
1280.11338
1280.11338
1280.11338
1280.11338
1280.11338
1280.11338
1280.11338
1280.11338
1280.11338
1280.11337
1280.11337
1280.11337
1280.11337
1280.11337
1280.11337
1280.11337
1280.11337
1280.11337
1280.11337
1280.11336
1280.11336
1280.11336
1280.11336
1280.11336
1280.11336
1280.11336
1280.11336
1280.11336
1280.11336
1280.11191
1280.11191
1280.11191
1280.11191
1280.11191
1280.11191
1280.11191
1280.11191
1280.11191
1280.11191
1280.11335
1280.11335
1280.11335
1280.11335
1280.11335
1280.11335
1280.11335
1280.11335
1280.11335
1280.11335
1280.11334
1280.11334
1280.11334
1280.11334
1280.11334
1280.11334
1280.11334
1280.11334
1280.11334
1280.11334
1280.11333
1280.11333
1280.11333
1280.11333
1280.11333
1280.11333
1280.11333
1280.11333
1280.11333
1280.11333
1280.11332
1280.11332
1280.11332
1280.11332
1280.11332
1280.11332
1280.11332
1280.11332
1280.11332
1280.11332
1280.11331
1280.11331
1280.11331
1280.11331
1280.11331
1280.11331
1280.11331
1280.11331
1280.11331
1280.11331
1280.11330
1280.11330
1280.11330
1280.11330
1280.11330
1280.11330
1280.11330
1280.11330
1280.11330
1280.11330
1280.11329
1280.11329
1280.11329
1280.11329
1280.11329
1280.11329
1280.11329
1280.11329
1280.11329
1280.11329
1280.11327
1280.11327
1280.11327
1280.11327
1280.11327
1280.11327
1280.11327
1280.11327
1280.11327
1280.11327
1280.11326
1280.11326
1280.11326
1280.11326
1280.11326
1280.11326
1280.11326
1280.11326
1280.11326
1280.11326
1280.11325
1280.11325
1280.11325
1280.11325
1280.11325
1280.11325
1280.11325
1280.11325
1280.11325
1280.11325
1280.11324
1280.11324
1280.11324
1280.11324
1280.11324
1280.11324
1280.11324
1280.11324
1280.11324
1280.11324
1280.11323
1280.11323
1280.11323
1280.11323
1280.11323
1280.11323
1280.11323
1280.11323
1280.11323
1280.11323
1280.11190
1280.11190
1280.11190
1280.11190
1280.11190
1280.11190
1280.11190
1280.11190
1280.11190
1280.11190
1280.11322
1280.11322
1280.11322
1280.11322
1280.11322
1280.11322
1280.11322
1280.11322
1280.11322
1280.11322
1280.11320
1280.11320
1280.11320
1280.11320
1280.11320
1280.11320
1280.11320
1280.11320
1280.11320
1280.11320
1280.11321
1280.11321
1280.11321
1280.11321
1280.11321
1280.11321
1280.11321
1280.11321
1280.11321
1280.11321
1280.11189
1280.11189
1280.11189
1280.11189
1280.11189
1280.11189
1280.11189
1280.11189
1280.11189
1280.11189
1280.11702
1280.11702
1280.11702
1280.11702
1280.11702
1280.11702
1280.11702
1280.11702
1280.11702
1280.11702
1280.11318
1280.11318
1280.11318
1280.11318
1280.11318
1280.11318
1280.11318
1280.11318
1280.11318
1280.11318
1280.11317
1280.11317
1280.11317
1280.11317
1280.11317
1280.11317
1280.11317
1280.11317
1280.11317
1280.11317
1280.11315
1280.11315
1280.11315
1280.11315
1280.11315
1280.11315
1280.11315
1280.11315
1280.11315
1280.11315
1280.11316
1280.11316
1280.11316
1280.11316
1280.11316
1280.11316
1280.11316
1280.11316
1280.11316
1280.11316
1280.11313
1280.11313
1280.11313
1280.11313
1280.11313
1280.11313
1280.11313
1280.11313
1280.11313
1280.11313
1280.11188
1280.11188
1280.11188
1280.11188
1280.11188
1280.11188
1280.11188
1280.11188
1280.11188
1280.11188
1280.11314
1280.11314
1280.11314
1280.11314
1280.11314
1280.11314
1280.11314
1280.11314
1280.11314
1280.11314
1280.11187
1280.11187
1280.11187
1280.11187
1280.11187
1280.11187
1280.11187
1280.11187
1280.11187
1280.11187
1280.11312
1280.11312
1280.11312
1280.11312
1280.11312
1280.11312
1280.11312
1280.11312
1280.11312
1280.11312
1280.11311
1280.11311
1280.11311
1280.11311
1280.11311
1280.11311
1280.11311
1280.11311
1280.11311
1280.11311
1280.11310
1280.11310
1280.11310
1280.11310
1280.11310
1280.11310
1280.11310
1280.11310
1280.11310
1280.11310
1280.11309
1280.11309
1280.11309
1280.11309
1280.11309
1280.11309
1280.11309
1280.11309
1280.11309
1280.11309
1280.11308
1280.11308
1280.11308
1280.11308
1280.11308
1280.11308
1280.11308
1280.11308
1280.11308
1280.11308
1280.11703
1280.11703
1280.11703
1280.11703
1280.11703
1280.11703
1280.11703
1280.11703
1280.11703
1280.11703
1280.11307
1280.11307
1280.11307
1280.11307
1280.11307
1280.11307
1280.11307
1280.11307
1280.11307
1280.11307
1280.11306
1280.11306
1280.11306
1280.11306
1280.11306
1280.11306
1280.11306
1280.11306
1280.11306
1280.11306
1280.11305
1280.11305
1280.11305
1280.11305
1280.11305
1280.11305
1280.11305
1280.11305
1280.11305
1280.11305
1280.11186
1280.11186
1280.11186
1280.11186
1280.11186
1280.11186
1280.11186
1280.11186
1280.11186
1280.11186
1280.11303
1280.11303
1280.11303
1280.11303
1280.11303
1280.11303
1280.11303
1280.11303
1280.11303
1280.11303
1280.11302
1280.11302
1280.11302
1280.11302
1280.11302
1280.11302
1280.11302
1280.11302
1280.11302
1280.11302
1280.11301
1280.11301
1280.11301
1280.11301
1280.11301
1280.11301
1280.11301
1280.11301
1280.11301
1280.11301
1280.11185
1280.11185
1280.11185
1280.11185
1280.11185
1280.11185
1280.11185
1280.11185
1280.11185
1280.11185
1280.11300
1280.11300
1280.11300
1280.11300
1280.11300
1280.11300
1280.11300
1280.11300
1280.11300
1280.11300
1280.11299
1280.11299
1280.11299
1280.11299
1280.11299
1280.11299
1280.11299
1280.11299
1280.11299
1280.11299
1280.11298
1280.11298
1280.11298
1280.11298
1280.11298
1280.11298
1280.11298
1280.11298
1280.11298
1280.11298
1280.11297
1280.11297
1280.11297
1280.11297
1280.11297
1280.11297
1280.11297
1280.11297
1280.11297
1280.11297
1280.11210
1280.11210
1280.11210
1280.11210
1280.11210
1280.11210
1280.11210
1280.11210
1280.11210
1280.11210
1280.11208
1280.11208
1280.11208
1280.11208
1280.11208
1280.11208
1280.11208
1280.11208
1280.11208
1280.11208
1280.11207
1280.11207
1280.11207
1280.11207
1280.11207
1280.11207
1280.11207
1280.11207
1280.11207
1280.11207
1280.11206
1280.11206
1280.11206
1280.11206
1280.11206
1280.11206
1280.11206
1280.11206
1280.11206
1280.11206
1280.11152
1280.11152
1280.11152
1280.11152
1280.11152
1280.11152
1280.11152
1280.11152
1280.11152
1280.11152
1280.11203
1280.11203
1280.11203
1280.11203
1280.11203
1280.11203
1280.11203
1280.11203
1280.11203
1280.11203
1280.11202
1280.11202
1280.11202
1280.11202
1280.11202
1280.11202
1280.11202
1280.11202
1280.11202
1280.11202
1280.11201
1280.11201
1280.11201
1280.11201
1280.11201
1280.11201
1280.11201
1280.11201
1280.11201
1280.11201
1280.11150
1280.11150
1280.11150
1280.11150
1280.11150
1280.11150
1280.11150
1280.11150
1280.11150
1280.11150
1280.11155
1280.11155
1280.11155
1280.11155
1280.11155
1280.11155
1280.11155
1280.11155
1280.11155
1280.11155
1280.11211
1280.11211
1280.11211
1280.11211
1280.11211
1280.11211
1280.11211
1280.11211
1280.11211
1280.11211
1280.11209
1280.11209
1280.11209
1280.11209
1280.11209
1280.11209
1280.11209
1280.11209
1280.11209
1280.11209
1280.11726
1280.11726
1280.11726
1280.11726
1280.11726
1280.11726
1280.11726
1280.11726
1280.11726
1280.11726
1280.11205
1280.11205
1280.11205
1280.11205
1280.11205
1280.11205
1280.11205
1280.11205
1280.11205
1280.11205
1280.11154
1280.11154
1280.11154
1280.11154
1280.11154
1280.11154
1280.11154
1280.11154
1280.11154
1280.11154
1280.11153
1280.11153
1280.11153
1280.11153
1280.11153
1280.11153
1280.11153
1280.11153
1280.11153
1280.11153
1280.11204
1280.11204
1280.11204
1280.11204
1280.11204
1280.11204
1280.11204
1280.11204
1280.11204
1280.11204
1280.11151
1280.11151
1280.11151
1280.11151
1280.11151
1280.11151
1280.11151
1280.11151
1280.11151
1280.11151
1280.11720
1280.11720
1280.11720
1280.11720
1280.11720
1280.11720
1280.11720
1280.11720
1280.11720
1280.11720
1280.11200
1280.11200
1280.11200
1280.11200
1280.11200
1280.11200
1280.11200
1280.11200
1280.11200
1280.11200
1280.26021
1280.26021
1280.26021
1280.26021
1280.26021
1280.26021
1280.26021
1280.26021
1280.26021
1280.26021
1280.26021
1280.26021
1280.26021
1280.26021
1280.26021
1280.26021
1280.16841
1280.16841
1280.16841
1280.16841
1280.16841
1280.16841
1280.16841
1280.16841
1280.16841
1280.16841
1280.16841
1280.16841
1280.16841
1280.16841
1280.16841
1280.16841
1280.16841
1280.16841
1280.16841
1280.16841
1280.16841
1280.16841
1280.16841
1280.16841
1280.16841
1280.16841
1280.16841
1280.16841
1280.16841
1280.16841
1280.16840
1280.16840
1280.16840
1280.16840
1280.16840
1280.16840
1280.16840
1280.16840
1280.16840
1280.16840
1280.16840
1280.16840
1280.16840
1280.16840
1280.16840
1280.16840
1280.16840
1280.16840
1280.16840
1280.16840
1280.16840
1280.16840
1280.16840
1280.16840
1280.16840
1280.16840
1280.16840
1280.16840
1280.16840
1280.16840
1280.16865
1280.16865
1280.16865
1280.16865
1280.16865
1280.16865
1280.16865
1280.16865
1280.16865
1280.16865
1280.16865
1280.16865
1280.16865
1280.16865
1280.16865
1280.16865
1280.16865
1280.16865
1280.16865
1280.16865
1280.16865
1280.16865
1280.16865
1280.16865
1280.16865
1280.16865
1280.16865
1280.16865
1280.16865
1280.16865
1280.16839
1280.16839
1280.16839
1280.16839
1280.16839
1280.16839
1280.16839
1280.16839
1280.16839
1280.16839
1280.16839
1280.16839
1280.16839
1280.16839
1280.16839
1280.16839
1280.16839
1280.16839
1280.16839
1280.16839
1280.16839
1280.16839
1280.16839
1280.16839
1280.16839
1280.16839
1280.16839
1280.16839
1280.16839
1280.16839
1280.16864
1280.16864
1280.16864
1280.16864
1280.16864
1280.16864
1280.16864
1280.16864
1280.16864
1280.16864
1280.16864
1280.16864
1280.16864
1280.16864
1280.16864
1280.16864
1280.16864
1280.16864
1280.16864
1280.16864
1280.16864
1280.16864
1280.16864
1280.16864
1280.16864
1280.16864
1280.16864
1280.16864
1280.16864
1280.16864
1280.16863
1280.16863
1280.16863
1280.16863
1280.16863
1280.16863
1280.16863
1280.16863
1280.16863
1280.16863
1280.16863
1280.16863
1280.16863
1280.16863
1280.16863
1280.16863
1280.16863
1280.16863
1280.16863
1280.16863
1280.16863
1280.16863
1280.16863
1280.16863
1280.16863
1280.16863
1280.16863
1280.16863
1280.16863
1280.16863
1280.16862
1280.16862
1280.16862
1280.16862
1280.16862
1280.16862
1280.16862
1280.16862
1280.16862
1280.16862
1280.16862
1280.16862
1280.16862
1280.16862
1280.16862
1280.16862
1280.16862
1280.16862
1280.16862
1280.16862
1280.16862
1280.16862
1280.16862
1280.16862
1280.16862
1280.16862
1280.16862
1280.16862
1280.16862
1280.16862
1280.16861
1280.16861
1280.16861
1280.16861
1280.16861
1280.16861
1280.16861
1280.16861
1280.16861
1280.16861
1280.16861
1280.16861
1280.16861
1280.16861
1280.16861
1280.16861
1280.16861
1280.16861
1280.16861
1280.16861
1280.16861
1280.16861
1280.16861
1280.16861
1280.16861
1280.16861
1280.16861
1280.16861
1280.16861
1280.16861
1280.16860
1280.16860
1280.16860
1280.16860
1280.16860
1280.16860
1280.16860
1280.16860
1280.16860
1280.16860
1280.16860
1280.16860
1280.16860
1280.16860
1280.16860
1280.16860
1280.16860
1280.16860
1280.16860
1280.16860
1280.16860
1280.16860
1280.16860
1280.16860
1280.16860
1280.16860
1280.16860
1280.16860
1280.16860
1280.16860
1280.16859
1280.16859
1280.16859
1280.16859
1280.16859
1280.16859
1280.16859
1280.16859
1280.16859
1280.16859
1280.16859
1280.16859
1280.16859
1280.16859
1280.16859
1280.16859
1280.16859
1280.16859
1280.16859
1280.16859
1280.16859
1280.16859
1280.16859
1280.16859
1280.16859
1280.16859
1280.16859
1280.16859
1280.16859
1280.16859
1280.16838
1280.16838
1280.16838
1280.16838
1280.16838
1280.16838
1280.16838
1280.16838
1280.16838
1280.16838
1280.16838
1280.16838
1280.16838
1280.16838
1280.16838
1280.16838
1280.16838
1280.16838
1280.16838
1280.16838
1280.16838
1280.16838
1280.16838
1280.16838
1280.16838
1280.16838
1280.16838
1280.16838
1280.16838
1280.16838
1280.16836
1280.16836
1280.16836
1280.16836
1280.16836
1280.16836
1280.16836
1280.16836
1280.16836
1280.16836
1280.16836
1280.16836
1280.16836
1280.16836
1280.16836
1280.16836
1280.16836
1280.16836
1280.16836
1280.16836
1280.16836
1280.16836
1280.16836
1280.16836
1280.16836
1280.16836
1280.16836
1280.16836
1280.16836
1280.16836
1280.16858
1280.16858
1280.16858
1280.16858
1280.16858
1280.16858
1280.16858
1280.16858
1280.16858
1280.16858
1280.16858
1280.16858
1280.16858
1280.16858
1280.16858
1280.16858
1280.16858
1280.16858
1280.16858
1280.16858
1280.16858
1280.16858
1280.16858
1280.16858
1280.16858
1280.16858
1280.16858
1280.16858
1280.16858
1280.16858
1280.16386
1280.16386
1280.16386
1280.16386
1280.16386
1280.16386
1280.16386
1280.16386
1280.16386
1280.16386
1280.16386
1280.16386
1280.16386
1280.16386
1280.16386
1280.16386
1280.16384
1280.16384
1280.16384
1280.16384
1280.16384
1280.16384
1280.16384
1280.16384
1280.16384
1280.16384
1280.16384
1280.16384
1280.16384
1280.16384
1280.16384
1280.16384
1280.16385
1280.16385
1280.16385
1280.16385
1280.16385
1280.16385
1280.16385
1280.16385
1280.16385
1280.16385
1280.16385
1280.16385
1280.16385
1280.16385
1280.16385
1280.16385
1280.16387
1280.16387
1280.16387
1280.16387
1280.16387
1280.16387
1280.16387
1280.16387
1280.16387
1280.16387
1280.16387
1280.16387
1280.16387
1280.16387
1280.16387
1280.16387
1280.16061
1280.16061
1280.16061
1280.16061
1280.16061
1280.16061
1280.16061
1280.16061
1280.16061
1280.16061
1280.16061
1280.16061
1280.16061
1280.16061
1280.16061
1280.16061
1280.16558
1280.16558
1280.16558
1280.16558
1280.16558
1280.16558
1280.16558
1280.16558
1280.16558
1280.16558
1280.16558
1280.16558
1280.16558
1280.16558
1280.16558
1280.16551
1280.16551
1280.16551
1280.16551
1280.16551
1280.16551
1280.16551
1280.16551
1280.16551
1280.16551
1280.16551
1280.16551
1280.16551
1280.16551
1280.16551
1280.16762
1280.16762
1280.16762
1280.16762
1280.16762
1280.16762
1280.16762
1280.16762
1280.16762
1280.16762
1280.16762
1280.16762
1280.16762
1280.16762
1280.16762
1280.16550
1280.16550
1280.16550
1280.16550
1280.16550
1280.16550
1280.16550
1280.16550
1280.16550
1280.16550
1280.16550
1280.16550
1280.16550
1280.16550
1280.16550
1280.16570
1280.16570
1280.16570
1280.16570
1280.16570
1280.16570
1280.16570
1280.16570
1280.16570
1280.16570
1280.16570
1280.16570
1280.16570
1280.16570
1280.16570
1280.16761
1280.16761
1280.16761
1280.16761
1280.16761
1280.16761
1280.16761
1280.16761
1280.16761
1280.16761
1280.16761
1280.16761
1280.16761
1280.16761
1280.16761
1280.16569
1280.16569
1280.16569
1280.16569
1280.16569
1280.16569
1280.16569
1280.16569
1280.16569
1280.16569
1280.16569
1280.16569
1280.16569
1280.16569
1280.16569
1280.16549
1280.16549
1280.16549
1280.16549
1280.16549
1280.16549
1280.16549
1280.16549
1280.16549
1280.16549
1280.16549
1280.16549
1280.16549
1280.16549
1280.16549
1280.16760
1280.16760
1280.16760
1280.16760
1280.16760
1280.16760
1280.16760
1280.16760
1280.16760
1280.16760
1280.16760
1280.16760
1280.16760
1280.16760
1280.16760
1280.16556
1280.16556
1280.16556
1280.16556
1280.16556
1280.16556
1280.16556
1280.16556
1280.16556
1280.16556
1280.16556
1280.16556
1280.16556
1280.16556
1280.16556
1280.16566
1280.16566
1280.16566
1280.16566
1280.16566
1280.16566
1280.16566
1280.16566
1280.16566
1280.16566
1280.16566
1280.16566
1280.16566
1280.16566
1280.16566
1280.16759
1280.16759
1280.16759
1280.16759
1280.16759
1280.16759
1280.16759
1280.16759
1280.16759
1280.16759
1280.16759
1280.16759
1280.16759
1280.16759
1280.16759
1280.16568
1280.16568
1280.16568
1280.16568
1280.16568
1280.16568
1280.16568
1280.16568
1280.16568
1280.16568
1280.16568
1280.16568
1280.16568
1280.16568
1280.16568
1280.16555
1280.16555
1280.16555
1280.16555
1280.16555
1280.16555
1280.16555
1280.16555
1280.16555
1280.16555
1280.16555
1280.16555
1280.16555
1280.16555
1280.16555
1280.16555
1280.16567
1280.16567
1280.16567
1280.16567
1280.16567
1280.16567
1280.16567
1280.16567
1280.16567
1280.16567
1280.16567
1280.16567
1280.16567
1280.16567
1280.16567
1280.16567
1280.16557
1280.16557
1280.16557
1280.16557
1280.16557
1280.16557
1280.16557
1280.16557
1280.16557
1280.16557
1280.16557
1280.16557
1280.16557
1280.16557
1280.16557
1280.16557
1280.16552
1280.16552
1280.16552
1280.16552
1280.16552
1280.16552
1280.16552
1280.16552
1280.16552
1280.16552
1280.16552
1280.16552
1280.16552
1280.16552
1280.16552
1280.16552
1280.16553
1280.16553
1280.16553
1280.16553
1280.16553
1280.16553
1280.16553
1280.16553
1280.16553
1280.16553
1280.16553
1280.16553
1280.16553
1280.16553
1280.16553
1280.16553
1280.16548
1280.16548
1280.16548
1280.16548
1280.16548
1280.16548
1280.16548
1280.16548
1280.16548
1280.16548
1280.16548
1280.16548
1280.16548
1280.16548
1280.16548
1280.16548
1280.16554
1280.16554
1280.16554
1280.16554
1280.16554
1280.16554
1280.16554
1280.16554
1280.16554
1280.16554
1280.16554
1280.16554
1280.16554
1280.16554
1280.16554
1280.16554
1280.17656
1280.17656
1280.17656
1280.17656
1280.17656
1280.17656
1280.17656
1280.17656
1280.17656
1280.17656
1280.17656
1280.17656
1280.17656
1280.17656
1280.17656
1280.17656
1280.17671
1280.17671
1280.17671
1280.17671
1280.17671
1280.17671
1280.17671
1280.17671
1280.17671
1280.17671
1280.17671
1280.17671
1280.17671
1280.17671
1280.17671
1280.17671
1280.16768
1280.16768
1280.16768
1280.16768
1280.16768
1280.16768
1280.16768
1280.16768
1280.16768
1280.16768
1280.16768
1280.16768
1280.16768
1280.16768
1280.16768
1280.16768
1280.15910
1280.15910
1280.15910
1280.15910
1280.15910
1280.15910
1280.15910
1280.15910
1280.15910
1280.15910
1280.15910
1280.15910
1280.15910
1280.15910
1280.15910
1280.15910
1280.15910
1280.15910
1280.15910
1280.15910
1280.15910
1280.15910
1280.15910
1280.15910
1280.15910
1280.15910
1280.15910
1280.15910
1280.15910
1280.15910
1280.15910
1280.15910
1280.15910
1280.15910
1280.15910
1280.15910
1280.15911
1280.15911
1280.15911
1280.15911
1280.15911
1280.15911
1280.15911
1280.15911
1280.15911
1280.15911
1280.15911
1280.15911
1280.15911
1280.15911
1280.15911
1280.15911
1280.15911
1280.15911
1280.15911
1280.15911
1280.15911
1280.15911
1280.15911
1280.15911
1280.15911
1280.15911
1280.15911
1280.15911
1280.15911
1280.15911
1280.15911
1280.15911
1280.15911
1280.15911
1280.15911
1280.15911
1280.15880
1280.15880
1280.15880
1280.15880
1280.15880
1280.15880
1280.15880
1280.15880
1280.15880
1280.15880
1280.15880
1280.15880
1280.15880
1280.15880
1280.15880
1280.15880
1280.15880
1280.15880
1280.15880
1280.15880
1280.15880
1280.15880
1280.15880
1280.15880
1280.15880
1280.15880
1280.15880
1280.15880
1280.15880
1280.15880
1280.15880
1280.15880
1280.15880
1280.15880
1280.15880
1280.15880
1280.15920
1280.15920
1280.15920
1280.15920
1280.15920
1280.15920
1280.15920
1280.15920
1280.15920
1280.15920
1280.15920
1280.15920
1280.15920
1280.15920
1280.15920
1280.15920
1280.15920
1280.15920
1280.15920
1280.15920
1280.15920
1280.15920
1280.15920
1280.15920
1280.15920
1280.15920
1280.15920
1280.15920
1280.15920
1280.15920
1280.15920
1280.15920
1280.15920
1280.15920
1280.15920
1280.15920
1280.15923
1280.15923
1280.15923
1280.15923
1280.15923
1280.15923
1280.15923
1280.15923
1280.15923
1280.15923
1280.15923
1280.15923
1280.15923
1280.15923
1280.15923
1280.15923
1280.15923
1280.15923
1280.15923
1280.15923
1280.15923
1280.15923
1280.15923
1280.15923
1280.15923
1280.15923
1280.15923
1280.15923
1280.15923
1280.15923
1280.15923
1280.15923
1280.15923
1280.15923
1280.15923
1280.15923
1280.15912
1280.15912
1280.15912
1280.15912
1280.15912
1280.15912
1280.15912
1280.15912
1280.15912
1280.15912
1280.15912
1280.15912
1280.15912
1280.15912
1280.15912
1280.15912
1280.15912
1280.15912
1280.15912
1280.15912
1280.15912
1280.15912
1280.15912
1280.15912
1280.15912
1280.15912
1280.15912
1280.15912
1280.15912
1280.15912
1280.15912
1280.15912
1280.15912
1280.15912
1280.15912
1280.15912
1280.15895
1280.15895
1280.15895
1280.15895
1280.15895
1280.15895
1280.15895
1280.15895
1280.15895
1280.15895
1280.15895
1280.15895
1280.15895
1280.15895
1280.15895
1280.15895
1280.15895
1280.15895
1280.15895
1280.15895
1280.15895
1280.15895
1280.15895
1280.15895
1280.15895
1280.15895
1280.15895
1280.15895
1280.15895
1280.15895
1280.15895
1280.15895
1280.15895
1280.15895
1280.15895
1280.15895
1280.26223
1280.26223
1280.26227
1280.26227
1280.26224
1280.26224
1280.26226
1280.26226
1280.26222
1280.26222
1280.26220
1280.26220
1280.26218
1280.26218
1280.26214
1280.26214
1280.26176
1280.26176
1280.26179
1280.26179
1280.26174
1280.26174
1280.26180
1280.26180
1280.26225
1280.26225
1280.26173
1280.26173
1280.26175
1280.26175
1280.26170
1280.26170
1280.26167
1280.26167
1280.26171
1280.26171
1280.26149
1280.26149
1280.26155
1280.26155
1280.26147
1280.26147
1280.26150
1280.26150
1280.26153
1280.26153
1280.26166
1280.26166
1280.26151
1280.26151
1280.26152
1280.26152
1280.26157
1280.26157
1280.26159
1280.26159
1280.26139
1280.26139
1280.26140
1280.26140
1280.26138
1280.26138
1280.26143
1280.26143
1280.26144
1280.26144
1280.26142
1280.26142
1280.26141
1280.26141
1280.26146
1280.26146
1280.26156
1280.26156
1280.26124
1280.26124
1280.26128
1280.26128
1280.26121
1280.26121
1280.26122
1280.26122
1280.26119
1280.26119
1280.26120
1280.26120
1280.26123
1280.26123
1280.26125
1280.26125
1280.26126
1280.26126
1280.26127
1280.26127
1280.26215
1280.26215
1280.26207
1280.26207
1280.26213
1280.26213
1280.26219
1280.26219
1280.26217
1280.26217
1280.26216
1280.26216
1280.26211
1280.26211
1280.26212
1280.26212
1280.26209
1280.26209
1280.26210
1280.26210
1280.26205
1280.26205
1280.26208
1280.26208
1280.26204
1280.26204
1280.26199
1280.26199
1280.26197
1280.26197
1280.26200
1280.26200
1280.26190
1280.26190
1280.26187
1280.26187
1280.26185
1280.26185
1280.26182
1280.26182
1280.26178
1280.26178
1280.26177
1280.26177
1280.26192
1280.26192
1280.26188
1280.26188
1280.26184
1280.26184
1280.26193
1280.26193
1280.26194
1280.26194
1280.26195
1280.26195
1280.26198
1280.26198
1280.26196
1280.26196
1280.26201
1280.26201
1280.26168
1280.26168
1280.26162
1280.26162
1280.26161
1280.26161
1280.26164
1280.26164
1280.26163
1280.26163
1280.26165
1280.26165
1280.26158
1280.26158
1280.26160
1280.26160
1280.26169
1280.26169
1280.26172
1280.26172
1280.26133
1280.26133
1280.26132
1280.26132
1280.26131
1280.26131
1280.26134
1280.26134
1280.26135
1280.26135
1280.26136
1280.26136
1280.26137
1280.26137
1280.26129
1280.26129
1280.26130
1280.26130
1280.26148
1280.26148
1280.26154
1280.26154
1280.19786
1280.19786
1280.19786
1280.19786
1280.19786
1280.19786
1280.19786
1280.19786
1280.19786
1280.19786
1280.19786
1280.19786
1280.19786
1280.19786
1280.19786
1280.4789
1280.4781
1280.4784
1280.15871
1280.15871
1280.15871
1280.15871
1280.15871
1280.15871
1280.15871
1280.15871
1280.15871
1280.15871
1280.15871
1280.15871
1280.15871
1280.15871
1280.15871
1280.15871
1280.15871
1280.15871
1280.15871
1280.15871
1280.15871
1280.15871
1280.15871
1280.15871
1280.15871
1280.15871
1280.15871
1280.15871
1280.15871
1280.15871
1280.15871
1280.15871
1280.15871
1280.15871
1280.15871
1280.15871
1280.15892
1280.15892
1280.15892
1280.15892
1280.15892
1280.15892
1280.15892
1280.15892
1280.15892
1280.15892
1280.15892
1280.15892
1280.15892
1280.15892
1280.15892
1280.15892
1280.15892
1280.15892
1280.15892
1280.15892
1280.15892
1280.15892
1280.15892
1280.15892
1280.15892
1280.15892
1280.15892
1280.15892
1280.15892
1280.15892
1280.15892
1280.15892
1280.15892
1280.15892
1280.15892
1280.15892
1280.15875
1280.15875
1280.15875
1280.15875
1280.15875
1280.15875
1280.15875
1280.15875
1280.15875
1280.15875
1280.15875
1280.15875
1280.15875
1280.15875
1280.15875
1280.15875
1280.15875
1280.15875
1280.15875
1280.15875
1280.15875
1280.15875
1280.15875
1280.15875
1280.15875
1280.15875
1280.15875
1280.15875
1280.15875
1280.15875
1280.15875
1280.15875
1280.15875
1280.15875
1280.15875
1280.15875
1280.15896
1280.15896
1280.15896
1280.15896
1280.15896
1280.15896
1280.15896
1280.15896
1280.15896
1280.15896
1280.15896
1280.15896
1280.15896
1280.15896
1280.15896
1280.15896
1280.15896
1280.15896
1280.15896
1280.15896
1280.15896
1280.15896
1280.15896
1280.15896
1280.15896
1280.15896
1280.15896
1280.15896
1280.15896
1280.15896
1280.15896
1280.15896
1280.15896
1280.15896
1280.15896
1280.15896
1280.15876
1280.15876
1280.15876
1280.15876
1280.15876
1280.15876
1280.15876
1280.15876
1280.15876
1280.15876
1280.15876
1280.15876
1280.15876
1280.15876
1280.15876
1280.15876
1280.15876
1280.15876
1280.15876
1280.15876
1280.15876
1280.15876
1280.15876
1280.15876
1280.15876
1280.15876
1280.15876
1280.15876
1280.15876
1280.15876
1280.15876
1280.15876
1280.15876
1280.15876
1280.15876
1280.15876
1280.15866
1280.15866
1280.15866
1280.15866
1280.15866
1280.15866
1280.15866
1280.15866
1280.15866
1280.15866
1280.15866
1280.15866
1280.15866
1280.15866
1280.15866
1280.15866
1280.15866
1280.15866
1280.15866
1280.15866
1280.15866
1280.15866
1280.15866
1280.15866
1280.15866
1280.15866
1280.15866
1280.15866
1280.15866
1280.15866
1280.15866
1280.15866
1280.15866
1280.15866
1280.15866
1280.15866
1280.15928
1280.15928
1280.15928
1280.15928
1280.15928
1280.15928
1280.15928
1280.15928
1280.15928
1280.15928
1280.15928
1280.15928
1280.15928
1280.15928
1280.15928
1280.15928
1280.15928
1280.15928
1280.15928
1280.15928
1280.15928
1280.15928
1280.15928
1280.15928
1280.15928
1280.15928
1280.15928
1280.15928
1280.15928
1280.15928
1280.15928
1280.15928
1280.15928
1280.15928
1280.15928
1280.15928
1280.15877
1280.15877
1280.15877
1280.15877
1280.15877
1280.15877
1280.15877
1280.15877
1280.15877
1280.15877
1280.15877
1280.15877
1280.15877
1280.15877
1280.15877
1280.15877
1280.15877
1280.15877
1280.15877
1280.15877
1280.15877
1280.15877
1280.15877
1280.15877
1280.15877
1280.15877
1280.15877
1280.15877
1280.15877
1280.15877
1280.15877
1280.15877
1280.15877
1280.15877
1280.15877
1280.15877
1280.15929
1280.15929
1280.15929
1280.15929
1280.15929
1280.15929
1280.15929
1280.15929
1280.15929
1280.15929
1280.15929
1280.15929
1280.15929
1280.15929
1280.15929
1280.15929
1280.15929
1280.15929
1280.15929
1280.15929
1280.15929
1280.15929
1280.15929
1280.15929
1280.15929
1280.15929
1280.15929
1280.15929
1280.15929
1280.15929
1280.15929
1280.15929
1280.15929
1280.15929
1280.15929
1280.15929
1280.15919
1280.15919
1280.15919
1280.15919
1280.15919
1280.15919
1280.15919
1280.15919
1280.15919
1280.15919
1280.15919
1280.15919
1280.15919
1280.15919
1280.15919
1280.15919
1280.15919
1280.15919
1280.15919
1280.15919
1280.15919
1280.15919
1280.15919
1280.15919
1280.15919
1280.15919
1280.15919
1280.15919
1280.15919
1280.15919
1280.15919
1280.15919
1280.15919
1280.15919
1280.15919
1280.15919
1280.15897
1280.15897
1280.15897
1280.15897
1280.15897
1280.15897
1280.15897
1280.15897
1280.15897
1280.15897
1280.15897
1280.15897
1280.15897
1280.15897
1280.15897
1280.15897
1280.15897
1280.15897
1280.15897
1280.15897
1280.15897
1280.15897
1280.15897
1280.15897
1280.15897
1280.15897
1280.15897
1280.15897
1280.15897
1280.15897
1280.15897
1280.15897
1280.15897
1280.15897
1280.15897
1280.15897
1280.15870
1280.15870
1280.15870
1280.15870
1280.15870
1280.15870
1280.15870
1280.15870
1280.15870
1280.15870
1280.15870
1280.15870
1280.15870
1280.15870
1280.15870
1280.15870
1280.15870
1280.15870
1280.15870
1280.15870
1280.15870
1280.15870
1280.15870
1280.15870
1280.15870
1280.15870
1280.15870
1280.15870
1280.15870
1280.15870
1280.15870
1280.15870
1280.15870
1280.15870
1280.15870
1280.15870
1280.29684
1280.29684
1280.29684
1280.29684
1280.29684
1280.29684
1280.29684
1280.29684
1280.29684
1280.29684
1280.29687
1280.29687
1280.29687
1280.29687
1280.29687
1280.29687
1280.29687
1280.29687
1280.29687
1280.29687
1280.29685
1280.29685
1280.29685
1280.29685
1280.29685
1280.29685
1280.29685
1280.29685
1280.29685
1280.29685
1280.29688
1280.29688
1280.29688
1280.29688
1280.29688
1280.29688
1280.29688
1280.29688
1280.29688
1280.29688
1280.29690
1280.29690
1280.29690
1280.29690
1280.29690
1280.29690
1280.29690
1280.29690
1280.29690
1280.29690
1280.29689
1280.29689
1280.29689
1280.29689
1280.29689
1280.29689
1280.29689
1280.29689
1280.29689
1280.29689
1280.29697
1280.29697
1280.29697
1280.29697
1280.29697
1280.29697
1280.29697
1280.29697
1280.29697
1280.29697
1280.29698
1280.29698
1280.29698
1280.29698
1280.29698
1280.29698
1280.29698
1280.29698
1280.29698
1280.29698
1280.29699
1280.29699
1280.29699
1280.29699
1280.29699
1280.29699
1280.29699
1280.29699
1280.29699
1280.29699
1280.29700
1280.29700
1280.29700
1280.29700
1280.29700
1280.29700
1280.29700
1280.29700
1280.29700
1280.29700
1280.29683
1280.29683
1280.29683
1280.29683
1280.29683
1280.29683
1280.29683
1280.29683
1280.29683
1280.29683
1280.29694
1280.29694
1280.29694
1280.29694
1280.29694
1280.29694
1280.29694
1280.29694
1280.29694
1280.29694
1280.29693
1280.29693
1280.29693
1280.29693
1280.29693
1280.29693
1280.29693
1280.29693
1280.29693
1280.29693
1280.29692
1280.29692
1280.29692
1280.29692
1280.29692
1280.29692
1280.29692
1280.29692
1280.29692
1280.29692
1280.29691
1280.29691
1280.29691
1280.29691
1280.29691
1280.29691
1280.29691
1280.29691
1280.29691
1280.29691
1280.29686
1280.29686
1280.29686
1280.29686
1280.29686
1280.29686
1280.29686
1280.29686
1280.29686
1280.29686
1280.29696
1280.29696
1280.29696
1280.29696
1280.29696
1280.29696
1280.29696
1280.29696
1280.29696
1280.29696
1280.29701
1280.29701
1280.29701
1280.29701
1280.29701
1280.29701
1280.29701
1280.29701
1280.29701
1280.29701
1280.29702
1280.29702
1280.29702
1280.29702
1280.29702
1280.29702
1280.29702
1280.29702
1280.29702
1280.29702
1280.29703
1280.29703
1280.29703
1280.29703
1280.29703
1280.29703
1280.29703
1280.29703
1280.29703
1280.29703
1280.29705
1280.29705
1280.29705
1280.29705
1280.29705
1280.29705
1280.29705
1280.29705
1280.29705
1280.29705
1280.29704
1280.29704
1280.29704
1280.29704
1280.29704
1280.29704
1280.29704
1280.29704
1280.29704
1280.29704
1280.29695
1280.29695
1280.29695
1280.29695
1280.29695
1280.29695
1280.29695
1280.29695
1280.29695
1280.29695
1280.29715
1280.29715
1280.29715
1280.29715
1280.29715
1280.29715
1280.29715
1280.29715
1280.29715
1280.29715
1280.29714
1280.29714
1280.29714
1280.29714
1280.29714
1280.29714
1280.29714
1280.29714
1280.29714
1280.29714
1280.29716
1280.29716
1280.29716
1280.29716
1280.29716
1280.29716
1280.29716
1280.29716
1280.29716
1280.29716
1280.29706
1280.29706
1280.29706
1280.29706
1280.29706
1280.29706
1280.29706
1280.29706
1280.29706
1280.29706
1280.29709
1280.29709
1280.29709
1280.29709
1280.29709
1280.29709
1280.29709
1280.29709
1280.29709
1280.29709
1280.29707
1280.29707
1280.29707
1280.29707
1280.29707
1280.29707
1280.29707
1280.29707
1280.29707
1280.29707
1280.29708
1280.29708
1280.29708
1280.29708
1280.29708
1280.29708
1280.29708
1280.29708
1280.29708
1280.29708
1280.29713
1280.29713
1280.29713
1280.29713
1280.29713
1280.29713
1280.29713
1280.29713
1280.29713
1280.29713
1280.29712
1280.29712
1280.29712
1280.29712
1280.29712
1280.29712
1280.29712
1280.29712
1280.29712
1280.29712
1280.29710
1280.29710
1280.29710
1280.29710
1280.29710
1280.29710
1280.29710
1280.29710
1280.29710
1280.29710
1280.29711
1280.29711
1280.29711
1280.29711
1280.29711
1280.29711
1280.29711
1280.29711
1280.29711
1280.29711
1280.29726
1280.29726
1280.29726
1280.29726
1280.29726
1280.29726
1280.29726
1280.29726
1280.29726
1280.29726
1280.29722
1280.29722
1280.29722
1280.29722
1280.29722
1280.29722
1280.29722
1280.29722
1280.29722
1280.29722
1280.29725
1280.29725
1280.29725
1280.29725
1280.29725
1280.29725
1280.29725
1280.29725
1280.29725
1280.29725
1280.29723
1280.29723
1280.29723
1280.29723
1280.29723
1280.29723
1280.29723
1280.29723
1280.29723
1280.29723
1280.29724
1280.29724
1280.29724
1280.29724
1280.29724
1280.29724
1280.29724
1280.29724
1280.29724
1280.29724
1280.29720
1280.29720
1280.29720
1280.29720
1280.29720
1280.29720
1280.29720
1280.29720
1280.29720
1280.29720
1280.29718
1280.29718
1280.29718
1280.29718
1280.29718
1280.29718
1280.29718
1280.29718
1280.29718
1280.29718
1280.29719
1280.29719
1280.29719
1280.29719
1280.29719
1280.29719
1280.29719
1280.29719
1280.29719
1280.29719
1280.29717
1280.29717
1280.29717
1280.29717
1280.29717
1280.29717
1280.29717
1280.29717
1280.29717
1280.29717
1280.29727
1280.29727
1280.29727
1280.29727
1280.29727
1280.29727
1280.29727
1280.29727
1280.29727
1280.29727
1280.29721
1280.29721
1280.29721
1280.29721
1280.29721
1280.29721
1280.29721
1280.29721
1280.29721
1280.29721
1280.29738
1280.29738
1280.29738
1280.29738
1280.29738
1280.29738
1280.29738
1280.29738
1280.29738
1280.29738
1280.29731
1280.29731
1280.29731
1280.29731
1280.29731
1280.29731
1280.29731
1280.29731
1280.29731
1280.29731
1280.29730
1280.29730
1280.29730
1280.29730
1280.29730
1280.29730
1280.29730
1280.29730
1280.29730
1280.29730
1280.29732
1280.29732
1280.29732
1280.29732
1280.29732
1280.29732
1280.29732
1280.29732
1280.29732
1280.29732
1280.29733
1280.29733
1280.29733
1280.29733
1280.29733
1280.29733
1280.29733
1280.29733
1280.29733
1280.29733
1280.29736
1280.29736
1280.29736
1280.29736
1280.29736
1280.29736
1280.29736
1280.29736
1280.29736
1280.29736
1280.29737
1280.29737
1280.29737
1280.29737
1280.29737
1280.29737
1280.29737
1280.29737
1280.29737
1280.29737
1280.29735
1280.29735
1280.29735
1280.29735
1280.29735
1280.29735
1280.29735
1280.29735
1280.29735
1280.29735
1280.29734
1280.29734
1280.29734
1280.29734
1280.29734
1280.29734
1280.29734
1280.29734
1280.29734
1280.29734
1280.29729
1280.29729
1280.29729
1280.29729
1280.29729
1280.29729
1280.29729
1280.29729
1280.29729
1280.29729
1280.29728
1280.29728
1280.29728
1280.29728
1280.29728
1280.29728
1280.29728
1280.29728
1280.29728
1280.29728
1280.29749
1280.29749
1280.29749
1280.29749
1280.29749
1280.29749
1280.29749
1280.29749
1280.29749
1280.29749
1280.29747
1280.29747
1280.29747
1280.29747
1280.29747
1280.29747
1280.29747
1280.29747
1280.29747
1280.29747
1280.29748
1280.29748
1280.29748
1280.29748
1280.29748
1280.29748
1280.29748
1280.29748
1280.29748
1280.29748
1280.29745
1280.29745
1280.29745
1280.29745
1280.29745
1280.29745
1280.29745
1280.29745
1280.29745
1280.29745
1280.29742
1280.29742
1280.29742
1280.29742
1280.29742
1280.29742
1280.29742
1280.29742
1280.29742
1280.29742
1280.29744
1280.29744
1280.29744
1280.29744
1280.29744
1280.29744
1280.29744
1280.29744
1280.29744
1280.29744
1280.29741
1280.29741
1280.29741
1280.29741
1280.29741
1280.29741
1280.29741
1280.29741
1280.29741
1280.29741
1280.29743
1280.29743
1280.29743
1280.29743
1280.29743
1280.29743
1280.29743
1280.29743
1280.29743
1280.29743
1280.29746
1280.29746
1280.29746
1280.29746
1280.29746
1280.29746
1280.29746
1280.29746
1280.29746
1280.29746
1280.29739
1280.29739
1280.29739
1280.29739
1280.29739
1280.29739
1280.29739
1280.29739
1280.29739
1280.29739
1280.29740
1280.29740
1280.29740
1280.29740
1280.29740
1280.29740
1280.29740
1280.29740
1280.29740
1280.29740
1280.29760
1280.29760
1280.29760
1280.29760
1280.29760
1280.29760
1280.29760
1280.29760
1280.29760
1280.29760
1280.29759
1280.29759
1280.29759
1280.29759
1280.29759
1280.29759
1280.29759
1280.29759
1280.29759
1280.29759
1280.29758
1280.29758
1280.29758
1280.29758
1280.29758
1280.29758
1280.29758
1280.29758
1280.29758
1280.29758
1280.29755
1280.29755
1280.29755
1280.29755
1280.29755
1280.29755
1280.29755
1280.29755
1280.29755
1280.29755
1280.29754
1280.29754
1280.29754
1280.29754
1280.29754
1280.29754
1280.29754
1280.29754
1280.29754
1280.29754
1280.29751
1280.29751
1280.29751
1280.29751
1280.29751
1280.29751
1280.29751
1280.29751
1280.29751
1280.29751
1280.29757
1280.29757
1280.29757
1280.29757
1280.29757
1280.29757
1280.29757
1280.29757
1280.29757
1280.29757
1280.29752
1280.29752
1280.29752
1280.29752
1280.29752
1280.29752
1280.29752
1280.29752
1280.29752
1280.29752
1280.29750
1280.29750
1280.29750
1280.29750
1280.29750
1280.29750
1280.29750
1280.29750
1280.29750
1280.29750
1280.29756
1280.29756
1280.29756
1280.29756
1280.29756
1280.29756
1280.29756
1280.29756
1280.29756
1280.29756
1280.29753
1280.29753
1280.29753
1280.29753
1280.29753
1280.29753
1280.29753
1280.29753
1280.29753
1280.29753
1280.29770
1280.29770
1280.29770
1280.29770
1280.29770
1280.29770
1280.29770
1280.29770
1280.29770
1280.29770
1280.29771
1280.29771
1280.29771
1280.29771
1280.29771
1280.29771
1280.29771
1280.29771
1280.29771
1280.29771
1280.29764
1280.29764
1280.29764
1280.29764
1280.29764
1280.29764
1280.29764
1280.29764
1280.29764
1280.29764
1280.29761
1280.29761
1280.29761
1280.29761
1280.29761
1280.29761
1280.29761
1280.29761
1280.29761
1280.29761
1280.29763
1280.29763
1280.29763
1280.29763
1280.29763
1280.29763
1280.29763
1280.29763
1280.29763
1280.29763
1280.29765
1280.29765
1280.29765
1280.29765
1280.29765
1280.29765
1280.29765
1280.29765
1280.29765
1280.29765
1280.29762
1280.29762
1280.29762
1280.29762
1280.29762
1280.29762
1280.29762
1280.29762
1280.29762
1280.29762
1280.29769
1280.29769
1280.29769
1280.29769
1280.29769
1280.29769
1280.29769
1280.29769
1280.29769
1280.29769
1280.29768
1280.29768
1280.29768
1280.29768
1280.29768
1280.29768
1280.29768
1280.29768
1280.29768
1280.29768
1280.29767
1280.29767
1280.29767
1280.29767
1280.29767
1280.29767
1280.29767
1280.29767
1280.29767
1280.29767
1280.29766
1280.29766
1280.29766
1280.29766
1280.29766
1280.29766
1280.29766
1280.29766
1280.29766
1280.29766
1280.29781
1280.29781
1280.29781
1280.29781
1280.29781
1280.29781
1280.29781
1280.29781
1280.29781
1280.29781
1280.29782
1280.29782
1280.29782
1280.29782
1280.29782
1280.29782
1280.29782
1280.29782
1280.29782
1280.29782
1280.29780
1280.29780
1280.29780
1280.29780
1280.29780
1280.29780
1280.29780
1280.29780
1280.29780
1280.29780
1280.29778
1280.29778
1280.29778
1280.29778
1280.29778
1280.29778
1280.29778
1280.29778
1280.29778
1280.29778
1280.29777
1280.29777
1280.29777
1280.29777
1280.29777
1280.29777
1280.29777
1280.29777
1280.29777
1280.29777
1280.29779
1280.29779
1280.29779
1280.29779
1280.29779
1280.29779
1280.29779
1280.29779
1280.29779
1280.29779
1280.29773
1280.29773
1280.29773
1280.29773
1280.29773
1280.29773
1280.29773
1280.29773
1280.29773
1280.29773
1280.29775
1280.29775
1280.29775
1280.29775
1280.29775
1280.29775
1280.29775
1280.29775
1280.29775
1280.29775
1280.29776
1280.29776
1280.29776
1280.29776
1280.29776
1280.29776
1280.29776
1280.29776
1280.29776
1280.29776
1280.29774
1280.29774
1280.29774
1280.29774
1280.29774
1280.29774
1280.29774
1280.29774
1280.29774
1280.29774
1280.29772
1280.29772
1280.29772
1280.29772
1280.29772
1280.29772
1280.29772
1280.29772
1280.29772
1280.29772
1280.29785
1280.29785
1280.29785
1280.29785
1280.29785
1280.29785
1280.29785
1280.29785
1280.29785
1280.29785
1280.29784
1280.29784
1280.29784
1280.29784
1280.29784
1280.29784
1280.29784
1280.29784
1280.29784
1280.29784
1280.29804
1280.29804
1280.29804
1280.29804
1280.29804
1280.29804
1280.29804
1280.29804
1280.29804
1280.29804
1280.29786
1280.29786
1280.29786
1280.29786
1280.29786
1280.29786
1280.29786
1280.29786
1280.29786
1280.29786
1280.29783
1280.29783
1280.29783
1280.29783
1280.29783
1280.29783
1280.29783
1280.29783
1280.29783
1280.29783
1280.29788
1280.29788
1280.29788
1280.29788
1280.29788
1280.29788
1280.29788
1280.29788
1280.29788
1280.29788
1280.29787
1280.29787
1280.29787
1280.29787
1280.29787
1280.29787
1280.29787
1280.29787
1280.29787
1280.29787
1280.29791
1280.29791
1280.29791
1280.29791
1280.29791
1280.29791
1280.29791
1280.29791
1280.29791
1280.29791
1280.29789
1280.29789
1280.29789
1280.29789
1280.29789
1280.29789
1280.29789
1280.29789
1280.29789
1280.29789
1280.29803
1280.29803
1280.29803
1280.29803
1280.29803
1280.29803
1280.29803
1280.29803
1280.29803
1280.29803
1280.29790
1280.29790
1280.29790
1280.29790
1280.29790
1280.29790
1280.29790
1280.29790
1280.29790
1280.29790
1280.29800
1280.29800
1280.29800
1280.29800
1280.29800
1280.29800
1280.29792
1280.29792
1280.29792
1280.29792
1280.29792
1280.29792
1280.29792
1280.29792
1280.29792
1280.29792
1280.29793
1280.29793
1280.29793
1280.29793
1280.29793
1280.29793
1280.29793
1280.29793
1280.29793
1280.29793
1280.29794
1280.29795
1280.29795
1280.29795
1280.29795
1280.29795
1280.29795
1280.29802
1280.29802
1280.29802
1280.29802
1280.29802
1280.29802
1280.29802
1280.29802
1280.29802
1280.29802
1280.29801
1280.29801
1280.29801
1280.29801
1280.29801
1280.29801
1280.29801
1280.29801
1280.29801
1280.29801
1280.29797
1280.29797
1280.29797
1280.29797
1280.29797
1280.29797
1280.29797
1280.29797
1280.29797
1280.29797
1280.29798
1280.29798
1280.29798
1280.29798
1280.29798
1280.29798
1280.29798
1280.29798
1280.29798
1280.29798
1280.29796
1280.29799
1280.29813
1280.29813
1280.29813
1280.29813
1280.29813
1280.29813
1280.29815
1280.29815
1280.29815
1280.29815
1280.29815
1280.29815
1280.29815
1280.29815
1280.29815
1280.29815
1280.29814
1280.29814
1280.29814
1280.29814
1280.29814
1280.29814
1280.29814
1280.29814
1280.29814
1280.29814
1280.29806
1280.29806
1280.29806
1280.29806
1280.29806
1280.29806
1280.29806
1280.29806
1280.29806
1280.29806
1280.29810
1280.29810
1280.29810
1280.29810
1280.29810
1280.29810
1280.29810
1280.29810
1280.29810
1280.29810
1280.29807
1280.29807
1280.29807
1280.29807
1280.29807
1280.29807
1280.29807
1280.29807
1280.29807
1280.29807
1280.29809
1280.29809
1280.29809
1280.29809
1280.29809
1280.29809
1280.29809
1280.29809
1280.29809
1280.29809
1280.29805
1280.29805
1280.29805
1280.29805
1280.29805
1280.29805
1280.29805
1280.29805
1280.29805
1280.29805
1280.29808
1280.29808
1280.29808
1280.29808
1280.29808
1280.29808
1280.29808
1280.29808
1280.29808
1280.29808
1280.29812
1280.29812
1280.29812
1280.29812
1280.29812
1280.29812
1280.29812
1280.29812
1280.29812
1280.29812
1280.29811
1280.29811
1280.29811
1280.29811
1280.29811
1280.29811
1280.29811
1280.29811
1280.29811
1280.29811
1280.29822
1280.29822
1280.29822
1280.29822
1280.29822
1280.29822
1280.29822
1280.29822
1280.29822
1280.29822
1280.29818
1280.29817
1280.29817
1280.29817
1280.29817
1280.29817
1280.29817
1280.29817
1280.29817
1280.29817
1280.29817
1280.29816
1280.29816
1280.29816
1280.29816
1280.29816
1280.29816
1280.29819
1280.29819
1280.29819
1280.29819
1280.29819
1280.29819
1280.29819
1280.29819
1280.29819
1280.29819
1280.29821
1280.29821
1280.29821
1280.29821
1280.29821
1280.29821
1280.29821
1280.29821
1280.29821
1280.29821
1280.29820
1280.29820
1280.29820
1280.29820
1280.29820
1280.29820
1280.29823
1280.29823
1280.29823
1280.29823
1280.29823
1280.29823
1280.29823
1280.29823
1280.29823
1280.29823
1280.29825
1280.29825
1280.29825
1280.29825
1280.29825
1280.29825
1280.29825
1280.29825
1280.29825
1280.29825
1280.29826
1280.29826
1280.29826
1280.29826
1280.29826
1280.29826
1280.29826
1280.29826
1280.29826
1280.29826
1280.29824
1280.29824
1280.29824
1280.29824
1280.29824
1280.29824
1280.29824
1280.29824
1280.29824
1280.29824
1280.29833
1280.29833
1280.29833
1280.29833
1280.29833
1280.29833
1280.29833
1280.29833
1280.29833
1280.29833
1280.29834
1280.29834
1280.29834
1280.29834
1280.29834
1280.29834
1280.29834
1280.29834
1280.29834
1280.29834
1280.29829
1280.29829
1280.29829
1280.29829
1280.29829
1280.29829
1280.29829
1280.29829
1280.29829
1280.29829
1280.29830
1280.29830
1280.29830
1280.29830
1280.29830
1280.29830
1280.29830
1280.29830
1280.29830
1280.29830
1280.29828
1280.29828
1280.29828
1280.29828
1280.29828
1280.29828
1280.29828
1280.29828
1280.29828
1280.29828
1280.29827
1280.29827
1280.29827
1280.29827
1280.29827
1280.29827
1280.29827
1280.29827
1280.29827
1280.29827
1280.29832
1280.29832
1280.29832
1280.29832
1280.29832
1280.29832
1280.29832
1280.29832
1280.29832
1280.29832
1280.29831
1280.29831
1280.29831
1280.29831
1280.29831
1280.29831
1280.29831
1280.29831
1280.29831
1280.29831
1280.29836
1280.29836
1280.29836
1280.29836
1280.29836
1280.29836
1280.29836
1280.29836
1280.29836
1280.29836
1280.29837
1280.29837
1280.29837
1280.29837
1280.29837
1280.29837
1280.29837
1280.29837
1280.29837
1280.29837
1280.29835
1280.29846
1280.29846
1280.29846
1280.29846
1280.29846
1280.29846
1280.29846
1280.29846
1280.29846
1280.29846
1280.29847
1280.29847
1280.29847
1280.29847
1280.29847
1280.29847
1280.29847
1280.29847
1280.29847
1280.29847
1280.29845
1280.29845
1280.29845
1280.29845
1280.29845
1280.29845
1280.29845
1280.29845
1280.29845
1280.29845
1280.29844
1280.29844
1280.29844
1280.29844
1280.29844
1280.29844
1280.29844
1280.29844
1280.29844
1280.29844
1280.29842
1280.29842
1280.29842
1280.29842
1280.29842
1280.29842
1280.29842
1280.29842
1280.29842
1280.29842
1280.29859
1280.29859
1280.29859
1280.29859
1280.29859
1280.29859
1280.29859
1280.29859
1280.29859
1280.29859
1280.29843
1280.29843
1280.29843
1280.29843
1280.29843
1280.29843
1280.29843
1280.29843
1280.29843
1280.29843
1280.30479
1280.30479
1280.30479
1280.30479
1280.30479
1280.30479
1280.30479
1280.30479
1280.30479
1280.30479
1280.30480
1280.30480
1280.30480
1280.30480
1280.30480
1280.30480
1280.29856
1280.29856
1280.29856
1280.29856
1280.29856
1280.29856
1280.29856
1280.29856
1280.29856
1280.29856
1280.29857
1280.29857
1280.29857
1280.29857
1280.29857
1280.29857
1280.29857
1280.29857
1280.29857
1280.29857
1280.29858
1280.29851
1280.29851
1280.29851
1280.29851
1280.29851
1280.29851
1280.29851
1280.29851
1280.29851
1280.29851
1280.29850
1280.29850
1280.29850
1280.29850
1280.29850
1280.29850
1280.29850
1280.29850
1280.29850
1280.29850
1280.29848
1280.29848
1280.29848
1280.29848
1280.29848
1280.29848
1280.29848
1280.29848
1280.29848
1280.29848
1280.29849
1280.29849
1280.29849
1280.29849
1280.29849
1280.29849
1280.29849
1280.29849
1280.29849
1280.29849
1280.29852
1280.29852
1280.29852
1280.29852
1280.29852
1280.29852
1280.29853
1280.29853
1280.29853
1280.29853
1280.29853
1280.29853
1280.29853
1280.29853
1280.29853
1280.29853
1280.29854
1280.29854
1280.29854
1280.29854
1280.29854
1280.29854
1280.29854
1280.29854
1280.29854
1280.29854
1280.29855
1280.29855
1280.29855
1280.29855
1280.29855
1280.29855
1280.29855
1280.29855
1280.29855
1280.29855
1280.29867
1280.29867
1280.29867
1280.29867
1280.29867
1280.29867
1280.29867
1280.29867
1280.29867
1280.29867
1280.29868
1280.29860
1280.29860
1280.29860
1280.29860
1280.29860
1280.29860
1280.29860
1280.29860
1280.29860
1280.29860
1280.29862
1280.29862
1280.29862
1280.29862
1280.29862
1280.29862
1280.29862
1280.29862
1280.29862
1280.29862
1280.29877
1280.29877
1280.29877
1280.29877
1280.29877
1280.29877
1280.29877
1280.29877
1280.29877
1280.29877
1280.29865
1280.29865
1280.29865
1280.29865
1280.29865
1280.29865
1280.29865
1280.29865
1280.29865
1280.29865
1280.29864
1280.29881
1280.29881
1280.29881
1280.29881
1280.29881
1280.29881
1280.29881
1280.29881
1280.29881
1280.29881
1280.29866
1280.29861
1280.29861
1280.29861
1280.29861
1280.29861
1280.29861
1280.29861
1280.29861
1280.29861
1280.29861
1280.29863
1280.29878
1280.29878
1280.29878
1280.29878
1280.29878
1280.29878
1280.29878
1280.29878
1280.29878
1280.29878
1280.29880
1280.29879
1280.29879
1280.29879
1280.29879
1280.29879
1280.29879
1280.29879
1280.29879
1280.29879
1280.29879
1280.29873
1280.29873
1280.29873
1280.29873
1280.29873
1280.29873
1280.29873
1280.29873
1280.29873
1280.29873
1280.29874
1280.29874
1280.29874
1280.29874
1280.29874
1280.29874
1280.29874
1280.29874
1280.29874
1280.29874
1280.29876
1280.29876
1280.29876
1280.29876
1280.29876
1280.29876
1280.29876
1280.29876
1280.29876
1280.29876
1280.29875
1280.29875
1280.29875
1280.29875
1280.29875
1280.29875
1280.29875
1280.29875
1280.29875
1280.29875
1280.29872
1280.29872
1280.29872
1280.29872
1280.29872
1280.29872
1280.29872
1280.29872
1280.29872
1280.29872
1280.29869
1280.29869
1280.29869
1280.29869
1280.29869
1280.29869
1280.29869
1280.29869
1280.29869
1280.29869
1280.29871
1280.29871
1280.29871
1280.29871
1280.29871
1280.29871
1280.29871
1280.29871
1280.29871
1280.29871
1280.29870
1280.29870
1280.29870
1280.29870
1280.29870
1280.29870
1280.29870
1280.29870
1280.29870
1280.29870
1280.29891
1280.29891
1280.29891
1280.29891
1280.29891
1280.29891
1280.29891
1280.29891
1280.29891
1280.29891
1280.29892
1280.29892
1280.29892
1280.29892
1280.29892
1280.29892
1280.29885
1280.29885
1280.29885
1280.29885
1280.29885
1280.29885
1280.29885
1280.29885
1280.29885
1280.29885
1280.29882
1280.29882
1280.29882
1280.29882
1280.29882
1280.29882
1280.29882
1280.29882
1280.29882
1280.29882
1280.29883
1280.29883
1280.29883
1280.29883
1280.29883
1280.29883
1280.29883
1280.29883
1280.29883
1280.29883
1280.29884
1280.29884
1280.29884
1280.29884
1280.29884
1280.29884
1280.29884
1280.29884
1280.29884
1280.29884
1280.29890
1280.29890
1280.29890
1280.29890
1280.29890
1280.29890
1280.29890
1280.29890
1280.29890
1280.29890
1280.29888
1280.29888
1280.29888
1280.29888
1280.29888
1280.29888
1280.29888
1280.29888
1280.29888
1280.29888
1280.29889
1280.29889
1280.29889
1280.29889
1280.29889
1280.29889
1280.29889
1280.29889
1280.29889
1280.29889
1280.29887
1280.29887
1280.29887
1280.29887
1280.29887
1280.29887
1280.29887
1280.29887
1280.29887
1280.29887
1280.29886
1280.29903
1280.29903
1280.29903
1280.29903
1280.29903
1280.29903
1280.29903
1280.29903
1280.29903
1280.29903
1280.29902
1280.29902
1280.29902
1280.29902
1280.29902
1280.29902
1280.29902
1280.29902
1280.29902
1280.29902
1280.29901
1280.29901
1280.29901
1280.29901
1280.29901
1280.29901
1280.29901
1280.29901
1280.29901
1280.29901
1280.29893
1280.29893
1280.29893
1280.29893
1280.29893
1280.29893
1280.29893
1280.29893
1280.29893
1280.29893
1280.29899
1280.29899
1280.29899
1280.29899
1280.29899
1280.29899
1280.29899
1280.29899
1280.29899
1280.29899
1280.29900
1280.29900
1280.29900
1280.29900
1280.29900
1280.29900
1280.29900
1280.29900
1280.29900
1280.29900
1280.29898
1280.29898
1280.29898
1280.29898
1280.29898
1280.29898
1280.29898
1280.29898
1280.29898
1280.29898
1280.29896
1280.29896
1280.29896
1280.29896
1280.29896
1280.29896
1280.29896
1280.29896
1280.29896
1280.29896
1280.29897
1280.29897
1280.29897
1280.29897
1280.29897
1280.29897
1280.29897
1280.29897
1280.29897
1280.29897
1280.29894
1280.29894
1280.29894
1280.29894
1280.29894
1280.29894
1280.29894
1280.29894
1280.29894
1280.29894
1280.29895
1280.29895
1280.29895
1280.29895
1280.29895
1280.29895
1280.29895
1280.29895
1280.29895
1280.29895
1280.29924
1280.29924
1280.29924
1280.29924
1280.29924
1280.29924
1280.29924
1280.29924
1280.29924
1280.29924
1280.29912
1280.29912
1280.29912
1280.29912
1280.29912
1280.29912
1280.29912
1280.29912
1280.29912
1280.29912
1280.29911
1280.29911
1280.29911
1280.29911
1280.29911
1280.29911
1280.29911
1280.29911
1280.29911
1280.29911
1280.29909
1280.29909
1280.29909
1280.29909
1280.29909
1280.29909
1280.29909
1280.29909
1280.29909
1280.29909
1280.29925
1280.29925
1280.29925
1280.29925
1280.29925
1280.29925
1280.29925
1280.29925
1280.29925
1280.29925
1280.29910
1280.29910
1280.29910
1280.29910
1280.29910
1280.29910
1280.29910
1280.29910
1280.29910
1280.29910
1280.29907
1280.29907
1280.29907
1280.29907
1280.29907
1280.29907
1280.29907
1280.29907
1280.29907
1280.29907
1280.29906
1280.29906
1280.29906
1280.29906
1280.29906
1280.29906
1280.29906
1280.29906
1280.29906
1280.29906
1280.29908
1280.29908
1280.29908
1280.29908
1280.29908
1280.29908
1280.29908
1280.29908
1280.29908
1280.29908
1280.29905
1280.29904
1280.29904
1280.29904
1280.29904
1280.29904
1280.29904
1280.29904
1280.29904
1280.29904
1280.29904
1280.29923
1280.29923
1280.29923
1280.29923
1280.29923
1280.29923
1280.29923
1280.29923
1280.29923
1280.29923
1280.29920
1280.29920
1280.29920
1280.29920
1280.29920
1280.29920
1280.29920
1280.29920
1280.29920
1280.29920
1280.29922
1280.29921
1280.29921
1280.29921
1280.29921
1280.29921
1280.29921
1280.29921
1280.29921
1280.29921
1280.29921
1280.29919
1280.29919
1280.29919
1280.29919
1280.29919
1280.29919
1280.29919
1280.29919
1280.29919
1280.29919
1280.29914
1280.29914
1280.29914
1280.29914
1280.29914
1280.29914
1280.29914
1280.29914
1280.29914
1280.29914
1280.29918
1280.29918
1280.29918
1280.29918
1280.29918
1280.29918
1280.29918
1280.29918
1280.29918
1280.29918
1280.29917
1280.29917
1280.29917
1280.29917
1280.29917
1280.29917
1280.29917
1280.29917
1280.29917
1280.29917
1280.29915
1280.29915
1280.29915
1280.29915
1280.29915
1280.29915
1280.29915
1280.29915
1280.29915
1280.29915
1280.29916
1280.29916
1280.29916
1280.29916
1280.29916
1280.29916
1280.29913
1280.29913
1280.29913
1280.29913
1280.29913
1280.29913
1280.29913
1280.29936
1280.29936
1280.29936
1280.29936
1280.29936
1280.29936
1280.29936
1280.29936
1280.29936
1280.29936
1280.29926
1280.29926
1280.29926
1280.29926
1280.29926
1280.29926
1280.29934
1280.29934
1280.29934
1280.29934
1280.29934
1280.29934
1280.29930
1280.29930
1280.29930
1280.29930
1280.29930
1280.29930
1280.29930
1280.29930
1280.29930
1280.29930
1280.29929
1280.29929
1280.29929
1280.29929
1280.29929
1280.29929
1280.29929
1280.29929
1280.29929
1280.29929
1280.29927
1280.29931
1280.29931
1280.29931
1280.29931
1280.29931
1280.29931
1280.29931
1280.29931
1280.29931
1280.29931
1280.29932
1280.29928
1280.29928
1280.29928
1280.29928
1280.29928
1280.29928
1280.29928
1280.29928
1280.29928
1280.29928
1280.29933
1280.29935
1280.29935
1280.29935
1280.29935
1280.29935
1280.29935
1280.29935
1280.29935
1280.29935
1280.29935
1280.29947
1280.29947
1280.29947
1280.29947
1280.29947
1280.29947
1280.29947
1280.29947
1280.29947
1280.29947
1280.29946
1280.29946
1280.29946
1280.29946
1280.29946
1280.29946
1280.29946
1280.29946
1280.29946
1280.29946
1280.29943
1280.29953
1280.29953
1280.29953
1280.29953
1280.29953
1280.29953
1280.29953
1280.29953
1280.29953
1280.29953
1280.29949
1280.29949
1280.29949
1280.29949
1280.29949
1280.29949
1280.29949
1280.29949
1280.29949
1280.29949
1280.29952
1280.29952
1280.29952
1280.29952
1280.29952
1280.29952
1280.29952
1280.29952
1280.29952
1280.29952
1280.29950
1280.29950
1280.29950
1280.29950
1280.29950
1280.29950
1280.29950
1280.29950
1280.29950
1280.29950
1280.29951
1280.29948
1280.29948
1280.29948
1280.29948
1280.29948
1280.29948
1280.29948
1280.29948
1280.29948
1280.29948
1280.29969
1280.29969
1280.29969
1280.29969
1280.29969
1280.29969
1280.29969
1280.29969
1280.29969
1280.29969
1280.29942
1280.29942
1280.29942
1280.29942
1280.29942
1280.29942
1280.29942
1280.29942
1280.29942
1280.29942
1280.29941
1280.29941
1280.29941
1280.29941
1280.29941
1280.29941
1280.29944
1280.29944
1280.29944
1280.29944
1280.29944
1280.29944
1280.29944
1280.29944
1280.29944
1280.29944
1280.29940
1280.29940
1280.29940
1280.29940
1280.29940
1280.29940
1280.29940
1280.29940
1280.29940
1280.29940
1280.29937
1280.29937
1280.29937
1280.29937
1280.29937
1280.29937
1280.29937
1280.29937
1280.29937
1280.29937
1280.29939
1280.29939
1280.29939
1280.29939
1280.29939
1280.29939
1280.29939
1280.29939
1280.29939
1280.29939
1280.29938
1280.29938
1280.29938
1280.29938
1280.29938
1280.29938
1280.29938
1280.29938
1280.29938
1280.29938
1280.29945
1280.29945
1280.29945
1280.29945
1280.29945
1280.29945
1280.29945
1280.29945
1280.29945
1280.29945
1280.29958
1280.29958
1280.29958
1280.29958
1280.29958
1280.29958
1280.29956
1280.29956
1280.29956
1280.29956
1280.29956
1280.29956
1280.29956
1280.29956
1280.29956
1280.29956
1280.29954
1280.29954
1280.29954
1280.29954
1280.29954
1280.29954
1280.29954
1280.29954
1280.29954
1280.29954
1280.29955
1280.29957
1280.29957
1280.29957
1280.29957
1280.29957
1280.29957
1280.29957
1280.29957
1280.29957
1280.29957
1280.29962
1280.29962
1280.29962
1280.29962
1280.29962
1280.29962
1280.29962
1280.29962
1280.29962
1280.29962
1280.29959
1280.29959
1280.29959
1280.29959
1280.29959
1280.29959
1280.29959
1280.29959
1280.29959
1280.29959
1280.29960
1280.29961
1280.29961
1280.29961
1280.29961
1280.29961
1280.29961
1280.29961
1280.29961
1280.29961
1280.29961
1280.29965
1280.29966
1280.29966
1280.29966
1280.29966
1280.29966
1280.29966
1280.29966
1280.29966
1280.29966
1280.29966
1280.29963
1280.29963
1280.29963
1280.29963
1280.29963
1280.29963
1280.29963
1280.29963
1280.29963
1280.29963
1280.29967
1280.29967
1280.29967
1280.29967
1280.29967
1280.29967
1280.29967
1280.29964
1280.29964
1280.29964
1280.29964
1280.29964
1280.29964
1280.29964
1280.29964
1280.29964
1280.29964
1280.29968
1280.29968
1280.29968
1280.29968
1280.29968
1280.29968
1280.29968
1280.29968
1280.29968
1280.29968
1280.29978
1280.29978
1280.29978
1280.29978
1280.29978
1280.29978
1280.29978
1280.29978
1280.29978
1280.29978
1280.29979
1280.29979
1280.29979
1280.29979
1280.29979
1280.29979
1280.29979
1280.29979
1280.29979
1280.29979
1280.29975
1280.29977
1280.29977
1280.29977
1280.29977
1280.29977
1280.29977
1280.29977
1280.29977
1280.29977
1280.29977
1280.29976
1280.29976
1280.29976
1280.29976
1280.29976
1280.29976
1280.29976
1280.29976
1280.29976
1280.29976
1280.29991
1280.29991
1280.29991
1280.29991
1280.29991
1280.29991
1280.29991
1280.29991
1280.29991
1280.29991
1280.29973
1280.29973
1280.29973
1280.29973
1280.29973
1280.29973
1280.29973
1280.29973
1280.29973
1280.29973
1280.29972
1280.29972
1280.29972
1280.29972
1280.29972
1280.29972
1280.29972
1280.29972
1280.29972
1280.29972
1280.29970
1280.29971
1280.29971
1280.29971
1280.29971
1280.29971
1280.29971
1280.29971
1280.29971
1280.29971
1280.29971
1280.29974
1280.29974
1280.29974
1280.29974
1280.29974
1280.29974
1280.29974
1280.29974
1280.29974
1280.29974
1280.29990
1280.29990
1280.29990
1280.29990
1280.29990
1280.29990
1280.29990
1280.29990
1280.29990
1280.29990
1280.29987
1280.29987
1280.29987
1280.29987
1280.29987
1280.29987
1280.29987
1280.29987
1280.29987
1280.29987
1280.29982
1280.29980
1280.29981
1280.29981
1280.29981
1280.29981
1280.29981
1280.29981
1280.29981
1280.29981
1280.29981
1280.29981
1280.29989
1280.29989
1280.29989
1280.29989
1280.29989
1280.29989
1280.29989
1280.29989
1280.29989
1280.29989
1280.29988
1280.29988
1280.29988
1280.29988
1280.29988
1280.29988
1280.29988
1280.29988
1280.29988
1280.29988
1280.29985
1280.29985
1280.29985
1280.29985
1280.29985
1280.29985
1280.29985
1280.29985
1280.29985
1280.29985
1280.29986
1280.29986
1280.29986
1280.29986
1280.29986
1280.29986
1280.29986
1280.29986
1280.29986
1280.29986
1280.29983
1280.29983
1280.29983
1280.29983
1280.29983
1280.29983
1280.29983
1280.29983
1280.29983
1280.29983
1280.29984
1280.29984
1280.29984
1280.29984
1280.29984
1280.29984
1280.29984
1280.29984
1280.29984
1280.29984
1280.29996
1280.29996
1280.29996
1280.29996
1280.29996
1280.29996
1280.29996
1280.29996
1280.29996
1280.29996
1280.30013
1280.30013
1280.30013
1280.30013
1280.30013
1280.30013
1280.30013
1280.30013
1280.30013
1280.30013
1280.29993
1280.29992
1280.29992
1280.29992
1280.29992
1280.29992
1280.29992
1280.29992
1280.29992
1280.29992
1280.29992
1280.29994
1280.29994
1280.29994
1280.29994
1280.29994
1280.29994
1280.29994
1280.29994
1280.29994
1280.29994
1280.29995
1280.29995
1280.29995
1280.29995
1280.29995
1280.29995
1280.29995
1280.29995
1280.29995
1280.29995
1280.29998
1280.29998
1280.29998
1280.29998
1280.29998
1280.29998
1280.29998
1280.29998
1280.29998
1280.29998
1280.30000
1280.29999
1280.29999
1280.29999
1280.29999
1280.29999
1280.29999
1280.29999
1280.29999
1280.29999
1280.29999
1280.29997
1280.29997
1280.29997
1280.29997
1280.29997
1280.29997
1280.29997
1280.29997
1280.29997
1280.29997
1280.30001
1280.30012
1280.30004
1280.30004
1280.30004
1280.30004
1280.30004
1280.30004
1280.30004
1280.30004
1280.30004
1280.30004
1280.30005
1280.30005
1280.30005
1280.30005
1280.30005
1280.30005
1280.30005
1280.30005
1280.30005
1280.30005
1280.30006
1280.30006
1280.30006
1280.30006
1280.30006
1280.30006
1280.30006
1280.30006
1280.30006
1280.30006
1280.30011
1280.30011
1280.30011
1280.30011
1280.30011
1280.30011
1280.30011
1280.30011
1280.30011
1280.30011
1280.30009
1280.30009
1280.30009
1280.30009
1280.30009
1280.30009
1280.30009
1280.30009
1280.30009
1280.30009
1280.30007
1280.30007
1280.30007
1280.30007
1280.30007
1280.30007
1280.30007
1280.30007
1280.30007
1280.30007
1280.30010
1280.30010
1280.30010
1280.30010
1280.30010
1280.30010
1280.30010
1280.30010
1280.30010
1280.30010
1280.30008
1280.30008
1280.30008
1280.30008
1280.30008
1280.30008
1280.30008
1280.30008
1280.30008
1280.30008
1280.30002
1280.30003
1280.30003
1280.30003
1280.30003
1280.30003
1280.30003
1280.30003
1280.30003
1280.30003
1280.30003
1280.30024
1280.30024
1280.30024
1280.30024
1280.30024
1280.30024
1280.30024
1280.30024
1280.30024
1280.30024
1280.30023
1280.30023
1280.30023
1280.30023
1280.30023
1280.30023
1280.30023
1280.30023
1280.30023
1280.30023
1280.30019
1280.30019
1280.30019
1280.30019
1280.30019
1280.30019
1280.30019
1280.30019
1280.30019
1280.30019
1280.30020
1280.30020
1280.30020
1280.30020
1280.30020
1280.30020
1280.30020
1280.30020
1280.30020
1280.30020
1280.30022
1280.30022
1280.30022
1280.30022
1280.30022
1280.30022
1280.30022
1280.30022
1280.30022
1280.30022
1280.30018
1280.30018
1280.30018
1280.30018
1280.30018
1280.30018
1280.30018
1280.30018
1280.30018
1280.30018
1280.30021
1280.30021
1280.30021
1280.30021
1280.30021
1280.30021
1280.30021
1280.30021
1280.30021
1280.30021
1280.30016
1280.30016
1280.30016
1280.30016
1280.30016
1280.30016
1280.30016
1280.30016
1280.30016
1280.30016
1280.30014
1280.30014
1280.30014
1280.30014
1280.30014
1280.30014
1280.30015
1280.30015
1280.30015
1280.30015
1280.30015
1280.30015
1280.30015
1280.30015
1280.30015
1280.30015
1280.30017
1280.30017
1280.30017
1280.30017
1280.30017
1280.30017
1280.30017
1280.30017
1280.30017
1280.30017
1280.30029
1280.30029
1280.30029
1280.30029
1280.30029
1280.30029
1280.30029
1280.30029
1280.30029
1280.30029
1280.30026
1280.30026
1280.30026
1280.30026
1280.30026
1280.30026
1280.30026
1280.30026
1280.30026
1280.30026
1280.30025
1280.30025
1280.30025
1280.30025
1280.30025
1280.30025
1280.30025
1280.30025
1280.30025
1280.30025
1280.30034
1280.30032
1280.30032
1280.30032
1280.30032
1280.30032
1280.30032
1280.30032
1280.30032
1280.30032
1280.30032
1280.30033
1280.30033
1280.30033
1280.30033
1280.30033
1280.30033
1280.30033
1280.30033
1280.30033
1280.30033
1280.30031
1280.30031
1280.30031
1280.30031
1280.30031
1280.30031
1280.30031
1280.30031
1280.30031
1280.30031
1280.30035
1280.30035
1280.30035
1280.30035
1280.30035
1280.30035
1280.30035
1280.30035
1280.30035
1280.30035
1280.30027
1280.30027
1280.30027
1280.30027
1280.30027
1280.30027
1280.30027
1280.30027
1280.30027
1280.30027
1280.30028
1280.30028
1280.30028
1280.30028
1280.30028
1280.30028
1280.30030
1280.30030
1280.30030
1280.30030
1280.30030
1280.30030
1280.30030
1280.30030
1280.30030
1280.30030
1280.30045
1280.30045
1280.30045
1280.30045
1280.30045
1280.30045
1280.30045
1280.30045
1280.30045
1280.30045
1280.30046
1280.30046
1280.30046
1280.30046
1280.30046
1280.30046
1280.30046
1280.30046
1280.30046
1280.30046
1280.30044
1280.30044
1280.30044
1280.30044
1280.30044
1280.30044
1280.30044
1280.30044
1280.30044
1280.30044
1280.30040
1280.30040
1280.30040
1280.30040
1280.30040
1280.30040
1280.30040
1280.30040
1280.30040
1280.30040
1280.30039
1280.30039
1280.30039
1280.30039
1280.30039
1280.30039
1280.30039
1280.30039
1280.30039
1280.30039
1280.30043
1280.30043
1280.30043
1280.30043
1280.30043
1280.30043
1280.30043
1280.30043
1280.30043
1280.30043
1280.30042
1280.30042
1280.30042
1280.30042
1280.30042
1280.30042
1280.30042
1280.30042
1280.30042
1280.30042
1280.30041
1280.30041
1280.30041
1280.30041
1280.30041
1280.30041
1280.30041
1280.30041
1280.30041
1280.30041
1280.30038
1280.30038
1280.30037
1280.30037
1280.30037
1280.30037
1280.30037
1280.30037
1280.30037
1280.30037
1280.30037
1280.30037
1280.30036
1280.30036
1280.30036
1280.30036
1280.30036
1280.30036
1280.30036
1280.30036
1280.30036
1280.30036
1280.30055
1280.30055
1280.30055
1280.30055
1280.30055
1280.30055
1280.30055
1280.30055
1280.30055
1280.30055
1280.30053
1280.30053
1280.30053
1280.30053
1280.30053
1280.30053
1280.30053
1280.30053
1280.30053
1280.30053
1280.30052
1280.30052
1280.30052
1280.30052
1280.30052
1280.30052
1280.30052
1280.30052
1280.30052
1280.30052
1280.30054
1280.30054
1280.30054
1280.30054
1280.30054
1280.30054
1280.30054
1280.30054
1280.30054
1280.30054
1280.30051
1280.30051
1280.30051
1280.30051
1280.30051
1280.30051
1280.30051
1280.30051
1280.30051
1280.30051
1280.30056
1280.30050
1280.30050
1280.30050
1280.30050
1280.30050
1280.30050
1280.30050
1280.30050
1280.30050
1280.30050
1280.30057
1280.30057
1280.30057
1280.30057
1280.30057
1280.30057
1280.30057
1280.30057
1280.30057
1280.30057
1280.30047
1280.30047
1280.30047
1280.30047
1280.30047
1280.30047
1280.30047
1280.30047
1280.30047
1280.30047
1280.30048
1280.30048
1280.30048
1280.30048
1280.30048
1280.30048
1280.30048
1280.30048
1280.30048
1280.30048
1280.30049
1280.30068
1280.30068
1280.30068
1280.30068
1280.30068
1280.30068
1280.30068
1280.30068
1280.30068
1280.30068
1280.30065
1280.30065
1280.30065
1280.30065
1280.30065
1280.30065
1280.30065
1280.30065
1280.30065
1280.30065
1280.30066
1280.30066
1280.30066
1280.30066
1280.30066
1280.30066
1280.30066
1280.30066
1280.30066
1280.30066
1280.30067
1280.30067
1280.30067
1280.30067
1280.30067
1280.30067
1280.30067
1280.30067
1280.30067
1280.30067
1280.30062
1280.30062
1280.30062
1280.30062
1280.30062
1280.30062
1280.30062
1280.30062
1280.30062
1280.30062
1280.30060
1280.30060
1280.30060
1280.30060
1280.30060
1280.30060
1280.30060
1280.30060
1280.30060
1280.30060
1280.30061
1280.30061
1280.30061
1280.30061
1280.30061
1280.30061
1280.30061
1280.30061
1280.30061
1280.30061
1280.30063
1280.30064
1280.30064
1280.30064
1280.30064
1280.30064
1280.30064
1280.30064
1280.30064
1280.30064
1280.30064
1280.30058
1280.30058
1280.30058
1280.30058
1280.30058
1280.30058
1280.30058
1280.30058
1280.30058
1280.30058
1280.30059
1280.30059
1280.30059
1280.30059
1280.30059
1280.30059
1280.30059
1280.30059
1280.30059
1280.30059
1280.30079
1280.30079
1280.30079
1280.30079
1280.30079
1280.30079
1280.30079
1280.30079
1280.30079
1280.30079
1280.30078
1280.30078
1280.30078
1280.30078
1280.30078
1280.30078
1280.30078
1280.30078
1280.30078
1280.30078
1280.30071
1280.30071
1280.30071
1280.30071
1280.30071
1280.30071
1280.30071
1280.30071
1280.30071
1280.30071
1280.30476
1280.30476
1280.30476
1280.30476
1280.30476
1280.30476
1280.30476
1280.30476
1280.30476
1280.30476
1280.30070
1280.30070
1280.30070
1280.30070
1280.30070
1280.30070
1280.30070
1280.30070
1280.30070
1280.30070
1280.30069
1280.30069
1280.30069
1280.30069
1280.30069
1280.30069
1280.30069
1280.30069
1280.30069
1280.30069
1280.30072
1280.30072
1280.30072
1280.30072
1280.30072
1280.30072
1280.30072
1280.30072
1280.30072
1280.30072
1280.30074
1280.30074
1280.30074
1280.30074
1280.30074
1280.30074
1280.30074
1280.30074
1280.30074
1280.30074
1280.30076
1280.30076
1280.30076
1280.30076
1280.30076
1280.30076
1280.30076
1280.30076
1280.30076
1280.30076
1280.30075
1280.30075
1280.30075
1280.30075
1280.30075
1280.30075
1280.30075
1280.30075
1280.30075
1280.30075
1280.30077
1280.30088
1280.30088
1280.30088
1280.30088
1280.30088
1280.30088
1280.30088
1280.30088
1280.30088
1280.30088
1280.30087
1280.30087
1280.30087
1280.30087
1280.30087
1280.30087
1280.30087
1280.30087
1280.30087
1280.30087
1280.30089
1280.30089
1280.30089
1280.30089
1280.30089
1280.30089
1280.30089
1280.30089
1280.30089
1280.30089
1280.30090
1280.30090
1280.30090
1280.30090
1280.30090
1280.30090
1280.30090
1280.30090
1280.30090
1280.30090
1280.30085
1280.30085
1280.30085
1280.30085
1280.30085
1280.30085
1280.30085
1280.30085
1280.30085
1280.30085
1280.30086
1280.30086
1280.30086
1280.30086
1280.30086
1280.30086
1280.30086
1280.30086
1280.30086
1280.30086
1280.30082
1280.30082
1280.30082
1280.30082
1280.30082
1280.30082
1280.30082
1280.30082
1280.30082
1280.30082
1280.30081
1280.30081
1280.30081
1280.30081
1280.30081
1280.30081
1280.30081
1280.30081
1280.30081
1280.30081
1280.30083
1280.30083
1280.30083
1280.30083
1280.30083
1280.30083
1280.30083
1280.30083
1280.30083
1280.30083
1280.30084
1280.30084
1280.30084
1280.30084
1280.30084
1280.30084
1280.30084
1280.30084
1280.30084
1280.30084
1280.30477
1280.30477
1280.30477
1280.30477
1280.30477
1280.30477
1280.30477
1280.30477
1280.30477
1280.30477
1280.30093
1280.30091
1280.30091
1280.30091
1280.30091
1280.30091
1280.30091
1280.30091
1280.30091
1280.30091
1280.30091
1280.30092
1280.30092
1280.30092
1280.30092
1280.30092
1280.30092
1280.30099
1280.30099
1280.30099
1280.30099
1280.30099
1280.30099
1280.30099
1280.30099
1280.30099
1280.30099
1280.30100
1280.30100
1280.30100
1280.30100
1280.30100
1280.30100
1280.30100
1280.30100
1280.30100
1280.30100
1280.30101
1280.30101
1280.30101
1280.30101
1280.30101
1280.30101
1280.30101
1280.30101
1280.30101
1280.30101
1280.30095
1280.30095
1280.30095
1280.30095
1280.30095
1280.30095
1280.30095
1280.30095
1280.30095
1280.30095
1280.30098
1280.30098
1280.30098
1280.30098
1280.30098
1280.30098
1280.30098
1280.30098
1280.30098
1280.30098
1280.30097
1280.30097
1280.30097
1280.30097
1280.30097
1280.30097
1280.30097
1280.30097
1280.30097
1280.30097
1280.30096
1280.30096
1280.30096
1280.30096
1280.30096
1280.30096
1280.30096
1280.30096
1280.30096
1280.30096
1280.30094
1280.30094
1280.30094
1280.30094
1280.30094
1280.30094
1280.30094
1280.30094
1280.30094
1280.30094
1280.30102
1280.30102
1280.30102
1280.30102
1280.30102
1280.30102
1280.30102
1280.30102
1280.30102
1280.30102
1280.30107
1280.30107
1280.30107
1280.30107
1280.30107
1280.30107
1280.30107
1280.30107
1280.30107
1280.30107
1280.30108
1280.30108
1280.30108
1280.30108
1280.30108
1280.30108
1280.30108
1280.30108
1280.30108
1280.30108
1280.30112
1280.30112
1280.30112
1280.30112
1280.30112
1280.30112
1280.30112
1280.30112
1280.30112
1280.30112
1280.30110
1280.30110
1280.30110
1280.30110
1280.30110
1280.30110
1280.30110
1280.30110
1280.30110
1280.30110
1280.30111
1280.30111
1280.30111
1280.30111
1280.30111
1280.30111
1280.30111
1280.30111
1280.30111
1280.30111
1280.30109
1280.30109
1280.30109
1280.30109
1280.30109
1280.30109
1280.30109
1280.30109
1280.30109
1280.30109
1280.30103
1280.30103
1280.30103
1280.30103
1280.30103
1280.30103
1280.30103
1280.30103
1280.30103
1280.30103
1280.30106
1280.30106
1280.30106
1280.30106
1280.30106
1280.30106
1280.30106
1280.30106
1280.30106
1280.30106
1280.30104
1280.30104
1280.30104
1280.30104
1280.30104
1280.30104
1280.30104
1280.30104
1280.30104
1280.30104
1280.30105
1280.30105
1280.30105
1280.30105
1280.30105
1280.30105
1280.30105
1280.30105
1280.30105
1280.30105
1280.30122
1280.30122
1280.30122
1280.30122
1280.30122
1280.30122
1280.30120
1280.30120
1280.30120
1280.30120
1280.30120
1280.30120
1280.30120
1280.30120
1280.30120
1280.30120
1280.30121
1280.30121
1280.30121
1280.30121
1280.30121
1280.30121
1280.30121
1280.30121
1280.30121
1280.30121
1280.30119
1280.30119
1280.30119
1280.30119
1280.30119
1280.30119
1280.30119
1280.30119
1280.30119
1280.30119
1280.30116
1280.30116
1280.30116
1280.30116
1280.30116
1280.30116
1280.30116
1280.30116
1280.30116
1280.30116
1280.30117
1280.30117
1280.30117
1280.30117
1280.30117
1280.30117
1280.30117
1280.30117
1280.30117
1280.30117
1280.30113
1280.30113
1280.30113
1280.30113
1280.30113
1280.30113
1280.30113
1280.30113
1280.30113
1280.30113
1280.30118
1280.30118
1280.30118
1280.30118
1280.30118
1280.30118
1280.30118
1280.30118
1280.30118
1280.30118
1280.30115
1280.30115
1280.30115
1280.30115
1280.30115
1280.30115
1280.30115
1280.30115
1280.30115
1280.30115
1280.30129
1280.30129
1280.30129
1280.30129
1280.30129
1280.30129
1280.30129
1280.30129
1280.30129
1280.30129
1280.30114
1280.30114
1280.30114
1280.30114
1280.30114
1280.30114
1280.30114
1280.30114
1280.30114
1280.30114
1280.30127
1280.30127
1280.30127
1280.30127
1280.30127
1280.30127
1280.30127
1280.30127
1280.30127
1280.30127
1280.30128
1280.30128
1280.30128
1280.30128
1280.30128
1280.30128
1280.30128
1280.30128
1280.30128
1280.30128
1280.30125
1280.30125
1280.30125
1280.30125
1280.30125
1280.30125
1280.30124
1280.30124
1280.30124
1280.30124
1280.30124
1280.30124
1280.30124
1280.30124
1280.30124
1280.30124
1280.30123
1280.30126
1280.30126
1280.30126
1280.30126
1280.30126
1280.30126
1280.30126
1280.30126
1280.30126
1280.30126
1280.30131
1280.30131
1280.30131
1280.30131
1280.30131
1280.30131
1280.30131
1280.30131
1280.30131
1280.30131
1280.30130
1280.30130
1280.30130
1280.30130
1280.30130
1280.30130
1280.30130
1280.30130
1280.30130
1280.30130
1280.30133
1280.30133
1280.30133
1280.30133
1280.30133
1280.30133
1280.30133
1280.30133
1280.30133
1280.30133
1280.30132
1280.30132
1280.30132
1280.30132
1280.30132
1280.30132
1280.30132
1280.30132
1280.30132
1280.30132
1280.30134
1280.30134
1280.30134
1280.30134
1280.30134
1280.30134
1280.30134
1280.30134
1280.30134
1280.30134
1280.30155
1280.30143
1280.30143
1280.30143
1280.30143
1280.30143
1280.30143
1280.30143
1280.30143
1280.30143
1280.30143
1280.30142
1280.30142
1280.30142
1280.30142
1280.30142
1280.30142
1280.30142
1280.30142
1280.30142
1280.30142
1280.30156
1280.30156
1280.30156
1280.30156
1280.30156
1280.30156
1280.30156
1280.30156
1280.30156
1280.30156
1280.30138
1280.30138
1280.30138
1280.30138
1280.30138
1280.30138
1280.30138
1280.30138
1280.30138
1280.30138
1280.30139
1280.30139
1280.30139
1280.30139
1280.30139
1280.30139
1280.30139
1280.30139
1280.30139
1280.30139
1280.30137
1280.30137
1280.30137
1280.30137
1280.30137
1280.30137
1280.30137
1280.30137
1280.30137
1280.30137
1280.30136
1280.30136
1280.30136
1280.30136
1280.30136
1280.30136
1280.30136
1280.30136
1280.30136
1280.30136
1280.30135
1280.30135
1280.30135
1280.30135
1280.30135
1280.30135
1280.30135
1280.30135
1280.30135
1280.30135
1280.30141
1280.30141
1280.30141
1280.30141
1280.30141
1280.30141
1280.30141
1280.30141
1280.30141
1280.30141
1280.30140
1280.30140
1280.30140
1280.30140
1280.30140
1280.30140
1280.30154
1280.30154
1280.30154
1280.30154
1280.30154
1280.30154
1280.30154
1280.30154
1280.30154
1280.30154
1280.30150
1280.30150
1280.30150
1280.30150
1280.30150
1280.30150
1280.30150
1280.30150
1280.30150
1280.30150
1280.30149
1280.30149
1280.30149
1280.30149
1280.30149
1280.30149
1280.30149
1280.30149
1280.30149
1280.30149
1280.30148
1280.30148
1280.30148
1280.30148
1280.30148
1280.30148
1280.30147
1280.30147
1280.30147
1280.30147
1280.30147
1280.30147
1280.30147
1280.30147
1280.30147
1280.30147
1280.30146
1280.30146
1280.30146
1280.30146
1280.30146
1280.30146
1280.30146
1280.30146
1280.30146
1280.30146
1280.30144
1280.30144
1280.30144
1280.30144
1280.30144
1280.30144
1280.30144
1280.30144
1280.30144
1280.30144
1280.30145
1280.30145
1280.30145
1280.30145
1280.30145
1280.30145
1280.30145
1280.30145
1280.30145
1280.30145
1280.30151
1280.30151
1280.30151
1280.30151
1280.30151
1280.30151
1280.30151
1280.30151
1280.30151
1280.30151
1280.30153
1280.30153
1280.30153
1280.30153
1280.30153
1280.30153
1280.30153
1280.30153
1280.30153
1280.30153
1280.30152
1280.30152
1280.30152
1280.30152
1280.30152
1280.30152
1280.30152
1280.30152
1280.30152
1280.30152
1280.30160
1280.30160
1280.30160
1280.30160
1280.30160
1280.30160
1280.30160
1280.30160
1280.30160
1280.30160
1280.30161
1280.30161
1280.30161
1280.30161
1280.30161
1280.30161
1280.30161
1280.30161
1280.30161
1280.30161
1280.30163
1280.30163
1280.30163
1280.30163
1280.30163
1280.30163
1280.30163
1280.30163
1280.30163
1280.30163
1280.30162
1280.30162
1280.30162
1280.30162
1280.30162
1280.30162
1280.30162
1280.30162
1280.30162
1280.30162
1280.30157
1280.30157
1280.30157
1280.30157
1280.30157
1280.30157
1280.30157
1280.30157
1280.30157
1280.30157
1280.30159
1280.30159
1280.30159
1280.30159
1280.30159
1280.30159
1280.30159
1280.30159
1280.30159
1280.30159
1280.30158
1280.30158
1280.30158
1280.30158
1280.30158
1280.30158
1280.30158
1280.30158
1280.30158
1280.30158
1280.30167
1280.30167
1280.30167
1280.30167
1280.30167
1280.30167
1280.30167
1280.30167
1280.30167
1280.30167
1280.30166
1280.30166
1280.30166
1280.30166
1280.30166
1280.30166
1280.30166
1280.30166
1280.30166
1280.30166
1280.30165
1280.30165
1280.30165
1280.30165
1280.30165
1280.30165
1280.30165
1280.30165
1280.30165
1280.30165
1280.30164
1280.30164
1280.30164
1280.30164
1280.30164
1280.30164
1280.30164
1280.30164
1280.30164
1280.30164
1280.30177
1280.30178
1280.30178
1280.30178
1280.30178
1280.30178
1280.30178
1280.30178
1280.30178
1280.30178
1280.30178
1280.30173
1280.30173
1280.30173
1280.30173
1280.30173
1280.30173
1280.30173
1280.30173
1280.30173
1280.30173
1280.30170
1280.30170
1280.30170
1280.30170
1280.30170
1280.30170
1280.30170
1280.30170
1280.30170
1280.30170
1280.30169
1280.30169
1280.30169
1280.30169
1280.30169
1280.30169
1280.30169
1280.30169
1280.30169
1280.30169
1280.30168
1280.30168
1280.30168
1280.30168
1280.30168
1280.30168
1280.30174
1280.30174
1280.30174
1280.30174
1280.30174
1280.30174
1280.30174
1280.30174
1280.30174
1280.30174
1280.30171
1280.30171
1280.30171
1280.30171
1280.30171
1280.30171
1280.30171
1280.30171
1280.30171
1280.30171
1280.30172
1280.30172
1280.30172
1280.30172
1280.30172
1280.30172
1280.30172
1280.30172
1280.30172
1280.30172
1280.30175
1280.30175
1280.30175
1280.30175
1280.30175
1280.30175
1280.30175
1280.30175
1280.30175
1280.30175
1280.30176
1280.30176
1280.30176
1280.30176
1280.30176
1280.30176
1280.30176
1280.30176
1280.30176
1280.30176
1280.30189
1280.30189
1280.30189
1280.30189
1280.30189
1280.30189
1280.30189
1280.30189
1280.30189
1280.30189
1280.30182
1280.30182
1280.30182
1280.30182
1280.30182
1280.30182
1280.30182
1280.30182
1280.30182
1280.30182
1280.30186
1280.30186
1280.30186
1280.30186
1280.30186
1280.30186
1280.30186
1280.30186
1280.30186
1280.30186
1280.30185
1280.30185
1280.30185
1280.30185
1280.30185
1280.30185
1280.30185
1280.30184
1280.30184
1280.30184
1280.30184
1280.30184
1280.30184
1280.30184
1280.30184
1280.30184
1280.30184
1280.30183
1280.30183
1280.30183
1280.30183
1280.30183
1280.30183
1280.30183
1280.30183
1280.30183
1280.30183
1280.30180
1280.30180
1280.30180
1280.30180
1280.30180
1280.30180
1280.30180
1280.30180
1280.30180
1280.30180
1280.30179
1280.30179
1280.30179
1280.30179
1280.30179
1280.30179
1280.30179
1280.30179
1280.30179
1280.30179
1280.30196
1280.30197
1280.30197
1280.30197
1280.30197
1280.30197
1280.30197
1280.30197
1280.30197
1280.30197
1280.30197
1280.30199
1280.30199
1280.30199
1280.30199
1280.30199
1280.30199
1280.30199
1280.30199
1280.30199
1280.30199
1280.30200
1280.30200
1280.30200
1280.30200
1280.30200
1280.30200
1280.30200
1280.30200
1280.30200
1280.30200
1280.30198
1280.30198
1280.30198
1280.30198
1280.30198
1280.30198
1280.30198
1280.30198
1280.30198
1280.30198
1280.30194
1280.30194
1280.30194
1280.30194
1280.30194
1280.30194
1280.30194
1280.30194
1280.30194
1280.30194
1280.30191
1280.30191
1280.30191
1280.30191
1280.30191
1280.30191
1280.30191
1280.30191
1280.30191
1280.30191
1280.30192
1280.30192
1280.30192
1280.30192
1280.30192
1280.30192
1280.30192
1280.30192
1280.30192
1280.30192
1280.30181
1280.30181
1280.30181
1280.30181
1280.30181
1280.30181
1280.30181
1280.30181
1280.30181
1280.30181
1280.30188
1280.30188
1280.30188
1280.30188
1280.30188
1280.30188
1280.30188
1280.30188
1280.30188
1280.30188
1280.30187
1280.30187
1280.30187
1280.30187
1280.30187
1280.30187
1280.30187
1280.30187
1280.30187
1280.30187
1280.30193
1280.30193
1280.30193
1280.30193
1280.30193
1280.30193
1280.30193
1280.30193
1280.30193
1280.30193
1280.30195
1280.30195
1280.30195
1280.30195
1280.30195
1280.30195
1280.30195
1280.30195
1280.30195
1280.30195
1280.30190
1280.30190
1280.30190
1280.30190
1280.30190
1280.30190
1280.30190
1280.30190
1280.30190
1280.30190
1280.30211
1280.30211
1280.30211
1280.30211
1280.30211
1280.30211
1280.30211
1280.30211
1280.30211
1280.30211
1280.30210
1280.30209
1280.30209
1280.30209
1280.30209
1280.30209
1280.30209
1280.30209
1280.30206
1280.30206
1280.30206
1280.30206
1280.30206
1280.30206
1280.30206
1280.30206
1280.30206
1280.30206
1280.30203
1280.30203
1280.30203
1280.30203
1280.30203
1280.30203
1280.30203
1280.30203
1280.30203
1280.30203
1280.30207
1280.30207
1280.30207
1280.30207
1280.30207
1280.30207
1280.30207
1280.30207
1280.30207
1280.30207
1280.30205
1280.30205
1280.30205
1280.30205
1280.30205
1280.30205
1280.30205
1280.30205
1280.30205
1280.30205
1280.30201
1280.30204
1280.30204
1280.30204
1280.30204
1280.30204
1280.30204
1280.30204
1280.30204
1280.30204
1280.30204
1280.30208
1280.30208
1280.30208
1280.30208
1280.30208
1280.30208
1280.30208
1280.30208
1280.30208
1280.30208
1280.30202
1280.30202
1280.30202
1280.30202
1280.30202
1280.30202
1280.30202
1280.30202
1280.30202
1280.30202
1280.30218
1280.30218
1280.30218
1280.30218
1280.30218
1280.30218
1280.30218
1280.30218
1280.30218
1280.30218
1280.30222
1280.30222
1280.30222
1280.30222
1280.30222
1280.30222
1280.30222
1280.30222
1280.30222
1280.30222
1280.30220
1280.30220
1280.30220
1280.30220
1280.30220
1280.30220
1280.30220
1280.30220
1280.30220
1280.30220
1280.30221
1280.30221
1280.30221
1280.30221
1280.30221
1280.30221
1280.30221
1280.30221
1280.30221
1280.30221
1280.30212
1280.30212
1280.30212
1280.30212
1280.30212
1280.30212
1280.30212
1280.30212
1280.30212
1280.30212
1280.30213
1280.30213
1280.30213
1280.30213
1280.30213
1280.30213
1280.30213
1280.30213
1280.30213
1280.30213
1280.30215
1280.30215
1280.30215
1280.30215
1280.30215
1280.30215
1280.30215
1280.30215
1280.30215
1280.30215
1280.30216
1280.30216
1280.30216
1280.30216
1280.30216
1280.30216
1280.30216
1280.30216
1280.30216
1280.30216
1280.30217
1280.30214
1280.30233
1280.30233
1280.30233
1280.30233
1280.30233
1280.30233
1280.30231
1280.30231
1280.30231
1280.30231
1280.30231
1280.30231
1280.30225
1280.30225
1280.30225
1280.30225
1280.30225
1280.30225
1280.30225
1280.30225
1280.30225
1280.30225
1280.30228
1280.30230
1280.30230
1280.30230
1280.30230
1280.30230
1280.30230
1280.30230
1280.30230
1280.30230
1280.30230
1280.30229
1280.30229
1280.30229
1280.30229
1280.30229
1280.30229
1280.30229
1280.30229
1280.30229
1280.30229
1280.30226
1280.30226
1280.30226
1280.30226
1280.30226
1280.30226
1280.30226
1280.30226
1280.30226
1280.30226
1280.30227
1280.30227
1280.30227
1280.30227
1280.30227
1280.30227
1280.30227
1280.30227
1280.30227
1280.30227
1280.30232
1280.30232
1280.30232
1280.30232
1280.30232
1280.30232
1280.30232
1280.30232
1280.30232
1280.30232
1280.30224
1280.30224
1280.30224
1280.30224
1280.30224
1280.30224
1280.30224
1280.30224
1280.30224
1280.30224
1280.30223
1280.30223
1280.30223
1280.30223
1280.30223
1280.30223
1280.30223
1280.30223
1280.30223
1280.30223
1280.30235
1280.30235
1280.30235
1280.30235
1280.30235
1280.30235
1280.30235
1280.30235
1280.30235
1280.30235
1280.30236
1280.30236
1280.30236
1280.30236
1280.30236
1280.30236
1280.30236
1280.30236
1280.30236
1280.30236
1280.30237
1280.30250
1280.30250
1280.30250
1280.30250
1280.30250
1280.30250
1280.30250
1280.30250
1280.30250
1280.30250
1280.30251
1280.30251
1280.30251
1280.30251
1280.30251
1280.30251
1280.30251
1280.30251
1280.30251
1280.30251
1280.30234
1280.30234
1280.30234
1280.30234
1280.30234
1280.30234
1280.30234
1280.30234
1280.30234
1280.30234
1280.30249
1280.30249
1280.30249
1280.30249
1280.30249
1280.30249
1280.30249
1280.30249
1280.30249
1280.30249
1280.30252
1280.30252
1280.30252
1280.30252
1280.30252
1280.30252
1280.30252
1280.30252
1280.30252
1280.30252
1280.30255
1280.30255
1280.30255
1280.30255
1280.30255
1280.30255
1280.30255
1280.30255
1280.30255
1280.30255
1280.30254
1280.30254
1280.30254
1280.30254
1280.30254
1280.30254
1280.30254
1280.30254
1280.30254
1280.30254
1280.30253
1280.30253
1280.30253
1280.30253
1280.30253
1280.30253
1280.30253
1280.30253
1280.30253
1280.30253
1280.30240
1280.30240
1280.30240
1280.30240
1280.30240
1280.30240
1280.30240
1280.30240
1280.30240
1280.30240
1280.30241
1280.30239
1280.30238
1280.30238
1280.30238
1280.30238
1280.30238
1280.30238
1280.30238
1280.30238
1280.30238
1280.30238
1280.30244
1280.30244
1280.30244
1280.30244
1280.30244
1280.30244
1280.30244
1280.30244
1280.30244
1280.30244
1280.30242
1280.30242
1280.30242
1280.30242
1280.30242
1280.30242
1280.30242
1280.30242
1280.30242
1280.30242
1280.30246
1280.30246
1280.30246
1280.30246
1280.30246
1280.30246
1280.30246
1280.30246
1280.30246
1280.30246
1280.30243
1280.30243
1280.30243
1280.30243
1280.30243
1280.30243
1280.30243
1280.30243
1280.30243
1280.30243
1280.30248
1280.30248
1280.30248
1280.30248
1280.30248
1280.30248
1280.30248
1280.30248
1280.30248
1280.30248
1280.30245
1280.30245
1280.30245
1280.30245
1280.30245
1280.30245
1280.30245
1280.30245
1280.30245
1280.30245
1280.30247
1280.30247
1280.30247
1280.30247
1280.30247
1280.30247
1280.30262
1280.30262
1280.30262
1280.30262
1280.30262
1280.30262
1280.30262
1280.30262
1280.30262
1280.30262
1280.30275
1280.30275
1280.30275
1280.30275
1280.30275
1280.30275
1280.30275
1280.30275
1280.30275
1280.30275
1280.30277
1280.30277
1280.30277
1280.30277
1280.30277
1280.30277
1280.30277
1280.30277
1280.30277
1280.30277
1280.30276
1280.30276
1280.30276
1280.30276
1280.30276
1280.30276
1280.30276
1280.30276
1280.30276
1280.30276
1280.30261
1280.30261
1280.30261
1280.30261
1280.30261
1280.30261
1280.30261
1280.30261
1280.30261
1280.30261
1280.30259
1280.30259
1280.30259
1280.30259
1280.30259
1280.30259
1280.30259
1280.30259
1280.30259
1280.30259
1280.30258
1280.30258
1280.30258
1280.30258
1280.30258
1280.30258
1280.30258
1280.30258
1280.30258
1280.30258
1280.30260
1280.30260
1280.30260
1280.30260
1280.30260
1280.30260
1280.30260
1280.30260
1280.30260
1280.30260
1280.30257
1280.30257
1280.30257
1280.30257
1280.30257
1280.30257
1280.30257
1280.30257
1280.30257
1280.30257
1280.30274
1280.30274
1280.30274
1280.30274
1280.30274
1280.30274
1280.30274
1280.30274
1280.30274
1280.30274
1280.30256
1280.30256
1280.30256
1280.30256
1280.30256
1280.30256
1280.30256
1280.30256
1280.30256
1280.30256
1280.30268
1280.30268
1280.30268
1280.30268
1280.30268
1280.30268
1280.30268
1280.30268
1280.30268
1280.30268
1280.30269
1280.30269
1280.30269
1280.30269
1280.30269
1280.30269
1280.30269
1280.30269
1280.30269
1280.30269
1280.30273
1280.30273
1280.30273
1280.30273
1280.30273
1280.30273
1280.30273
1280.30273
1280.30273
1280.30273
1280.30271
1280.30271
1280.30271
1280.30271
1280.30271
1280.30271
1280.30271
1280.30271
1280.30271
1280.30271
1280.30270
1280.30270
1280.30270
1280.30270
1280.30270
1280.30270
1280.30270
1280.30270
1280.30270
1280.30270
1280.30272
1280.30272
1280.30272
1280.30272
1280.30272
1280.30272
1280.30272
1280.30272
1280.30272
1280.30272
1280.30265
1280.30265
1280.30265
1280.30265
1280.30265
1280.30265
1280.30265
1280.30265
1280.30265
1280.30265
1280.30264
1280.30264
1280.30264
1280.30264
1280.30264
1280.30264
1280.30264
1280.30264
1280.30264
1280.30264
1280.30263
1280.30263
1280.30263
1280.30263
1280.30263
1280.30263
1280.30263
1280.30263
1280.30263
1280.30263
1280.30266
1280.30266
1280.30266
1280.30266
1280.30266
1280.30266
1280.30266
1280.30266
1280.30266
1280.30266
1280.30267
1280.30267
1280.30267
1280.30267
1280.30267
1280.30267
1280.30267
1280.30267
1280.30267
1280.30267
1280.30279
1280.30279
1280.30279
1280.30279
1280.30279
1280.30279
1280.30279
1280.30279
1280.30279
1280.30279
1280.30281
1280.30281
1280.30281
1280.30281
1280.30281
1280.30281
1280.30281
1280.30281
1280.30281
1280.30281
1280.30286
1280.30286
1280.30286
1280.30286
1280.30286
1280.30286
1280.30286
1280.30286
1280.30286
1280.30286
1280.30280
1280.30280
1280.30280
1280.30280
1280.30280
1280.30280
1280.30280
1280.30280
1280.30280
1280.30280
1280.30288
1280.30288
1280.30288
1280.30288
1280.30288
1280.30288
1280.30288
1280.30288
1280.30288
1280.30288
1280.30285
1280.30285
1280.30285
1280.30285
1280.30285
1280.30285
1280.30285
1280.30285
1280.30285
1280.30285
1280.30278
1280.30278
1280.30278
1280.30278
1280.30278
1280.30278
1280.30278
1280.30278
1280.30278
1280.30278
1280.30287
1280.30287
1280.30287
1280.30287
1280.30287
1280.30287
1280.30287
1280.30287
1280.30287
1280.30287
1280.30283
1280.30283
1280.30283
1280.30283
1280.30283
1280.30283
1280.30283
1280.30283
1280.30283
1280.30283
1280.30282
1280.30282
1280.30282
1280.30282
1280.30282
1280.30282
1280.30282
1280.30282
1280.30282
1280.30282
1280.30284
1280.30284
1280.30284
1280.30284
1280.30284
1280.30284
1280.30284
1280.30284
1280.30284
1280.30284
1280.30297
1280.30297
1280.30297
1280.30297
1280.30297
1280.30297
1280.30297
1280.30297
1280.30297
1280.30297
1280.30298
1280.30298
1280.30298
1280.30298
1280.30298
1280.30298
1280.30298
1280.30298
1280.30298
1280.30298
1280.30299
1280.30299
1280.30299
1280.30299
1280.30299
1280.30299
1280.30299
1280.30299
1280.30299
1280.30299
1280.30296
1280.30296
1280.30296
1280.30296
1280.30296
1280.30296
1280.30296
1280.30296
1280.30296
1280.30296
1280.30290
1280.30290
1280.30290
1280.30290
1280.30290
1280.30290
1280.30291
1280.30291
1280.30291
1280.30291
1280.30291
1280.30291
1280.30291
1280.30291
1280.30291
1280.30291
1280.30289
1280.30289
1280.30289
1280.30289
1280.30289
1280.30289
1280.30289
1280.30289
1280.30289
1280.30289
1280.30294
1280.30294
1280.30294
1280.30294
1280.30294
1280.30294
1280.30294
1280.30294
1280.30294
1280.30294
1280.30295
1280.30295
1280.30295
1280.30295
1280.30295
1280.30295
1280.30295
1280.30295
1280.30295
1280.30295
1280.30293
1280.30293
1280.30293
1280.30293
1280.30293
1280.30293
1280.30293
1280.30293
1280.30293
1280.30293
1280.30292
1280.30292
1280.30292
1280.30292
1280.30292
1280.30292
1280.30292
1280.30292
1280.30292
1280.30292
1280.30303
1280.30303
1280.30303
1280.30303
1280.30303
1280.30303
1280.30303
1280.30303
1280.30303
1280.30303
1280.30310
1280.30310
1280.30310
1280.30310
1280.30310
1280.30310
1280.30310
1280.30310
1280.30310
1280.30310
1280.30307
1280.30307
1280.30307
1280.30307
1280.30307
1280.30307
1280.30307
1280.30307
1280.30307
1280.30307
1280.30305
1280.30305
1280.30305
1280.30305
1280.30305
1280.30305
1280.30305
1280.30305
1280.30305
1280.30305
1280.30300
1280.30300
1280.30300
1280.30300
1280.30300
1280.30300
1280.30300
1280.30300
1280.30300
1280.30300
1280.30304
1280.30304
1280.30304
1280.30304
1280.30304
1280.30304
1280.30304
1280.30304
1280.30304
1280.30304
1280.30309
1280.30309
1280.30309
1280.30309
1280.30309
1280.30309
1280.30309
1280.30309
1280.30309
1280.30309
1280.30306
1280.30306
1280.30306
1280.30306
1280.30306
1280.30306
1280.30306
1280.30306
1280.30306
1280.30306
1280.30308
1280.30308
1280.30308
1280.30308
1280.30308
1280.30308
1280.30308
1280.30308
1280.30308
1280.30308
1280.30301
1280.30301
1280.30301
1280.30301
1280.30301
1280.30301
1280.30301
1280.30301
1280.30301
1280.30301
1280.30302
1280.30302
1280.30302
1280.30302
1280.30302
1280.30302
1280.30302
1280.30302
1280.30302
1280.30302
1280.30311
1280.30311
1280.30311
1280.30311
1280.30311
1280.30311
1280.30311
1280.30311
1280.30311
1280.30311
1280.30316
1280.30316
1280.30316
1280.30316
1280.30316
1280.30316
1280.30316
1280.30316
1280.30316
1280.30316
1280.30315
1280.30315
1280.30315
1280.30315
1280.30315
1280.30315
1280.30315
1280.30315
1280.30315
1280.30315
1280.30317
1280.30312
1280.30312
1280.30312
1280.30312
1280.30312
1280.30312
1280.30312
1280.30312
1280.30312
1280.30312
1280.30320
1280.30320
1280.30320
1280.30320
1280.30320
1280.30320
1280.30320
1280.30320
1280.30320
1280.30320
1280.30321
1280.30321
1280.30321
1280.30321
1280.30321
1280.30321
1280.30321
1280.30321
1280.30321
1280.30321
1280.30313
1280.30313
1280.30313
1280.30313
1280.30313
1280.30313
1280.30313
1280.30313
1280.30313
1280.30313
1280.30318
1280.30318
1280.30318
1280.30318
1280.30318
1280.30318
1280.30318
1280.30318
1280.30318
1280.30318
1280.30314
1280.30314
1280.30314
1280.30314
1280.30314
1280.30314
1280.30314
1280.30314
1280.30314
1280.30314
1280.30319
1280.30319
1280.30319
1280.30319
1280.30319
1280.30319
1280.30319
1280.30319
1280.30319
1280.30319
1280.30332
1280.30332
1280.30332
1280.30332
1280.30332
1280.30332
1280.30332
1280.30332
1280.30332
1280.30332
1280.30330
1280.30330
1280.30330
1280.30330
1280.30330
1280.30330
1280.30330
1280.30330
1280.30330
1280.30330
1280.30331
1280.30331
1280.30331
1280.30331
1280.30331
1280.30331
1280.30331
1280.30331
1280.30331
1280.30331
1280.30327
1280.30327
1280.30327
1280.30327
1280.30327
1280.30327
1280.30327
1280.30327
1280.30327
1280.30327
1280.30325
1280.30325
1280.30325
1280.30325
1280.30325
1280.30325
1280.30325
1280.30325
1280.30325
1280.30325
1280.30323
1280.30323
1280.30323
1280.30323
1280.30323
1280.30323
1280.30323
1280.30323
1280.30323
1280.30323
1280.30322
1280.30322
1280.30322
1280.30322
1280.30322
1280.30322
1280.30322
1280.30322
1280.30322
1280.30322
1280.30329
1280.30329
1280.30329
1280.30329
1280.30329
1280.30329
1280.30329
1280.30329
1280.30329
1280.30329
1280.30328
1280.30328
1280.30328
1280.30328
1280.30328
1280.30328
1280.30328
1280.30326
1280.30326
1280.30326
1280.30326
1280.30326
1280.30326
1280.30326
1280.30326
1280.30326
1280.30326
1280.30324
1280.30324
1280.30324
1280.30324
1280.30324
1280.30324
1280.30324
1280.30324
1280.30324
1280.30324
1280.30343
1280.30343
1280.30343
1280.30343
1280.30343
1280.30343
1280.30343
1280.30343
1280.30343
1280.30343
1280.30339
1280.30339
1280.30339
1280.30339
1280.30339
1280.30339
1280.30339
1280.30339
1280.30339
1280.30339
1280.30340
1280.30340
1280.30340
1280.30340
1280.30340
1280.30340
1280.30340
1280.30340
1280.30340
1280.30340
1280.30341
1280.30341
1280.30341
1280.30341
1280.30341
1280.30341
1280.30338
1280.30338
1280.30338
1280.30338
1280.30338
1280.30338
1280.30338
1280.30338
1280.30338
1280.30338
1280.30342
1280.30342
1280.30342
1280.30342
1280.30342
1280.30342
1280.30337
1280.30337
1280.30337
1280.30337
1280.30337
1280.30337
1280.30337
1280.30337
1280.30337
1280.30337
1280.30336
1280.30336
1280.30336
1280.30336
1280.30336
1280.30336
1280.30336
1280.30336
1280.30336
1280.30336
1280.30334
1280.30334
1280.30334
1280.30334
1280.30334
1280.30334
1280.30334
1280.30334
1280.30334
1280.30334
1280.30333
1280.30333
1280.30333
1280.30333
1280.30333
1280.30333
1280.30333
1280.30333
1280.30333
1280.30333
1280.30335
1280.30335
1280.30335
1280.30335
1280.30335
1280.30335
1280.30335
1280.30335
1280.30335
1280.30335
1280.30351
1280.30351
1280.30351
1280.30351
1280.30351
1280.30351
1280.30351
1280.30351
1280.30351
1280.30351
1280.30350
1280.30350
1280.30350
1280.30350
1280.30350
1280.30350
1280.30350
1280.30350
1280.30350
1280.30350
1280.30346
1280.30346
1280.30346
1280.30346
1280.30346
1280.30346
1280.30346
1280.30346
1280.30346
1280.30346
1280.30349
1280.30349
1280.30349
1280.30349
1280.30349
1280.30349
1280.30349
1280.30349
1280.30349
1280.30349
1280.30353
1280.30344
1280.30344
1280.30344
1280.30344
1280.30344
1280.30344
1280.30344
1280.30344
1280.30344
1280.30344
1280.30348
1280.30348
1280.30348
1280.30348
1280.30348
1280.30348
1280.30348
1280.30348
1280.30348
1280.30348
1280.30347
1280.30347
1280.30347
1280.30347
1280.30347
1280.30347
1280.30347
1280.30347
1280.30347
1280.30347
1280.30345
1280.30345
1280.30345
1280.30345
1280.30345
1280.30345
1280.30345
1280.30345
1280.30345
1280.30345
1280.30354
1280.30354
1280.30354
1280.30354
1280.30354
1280.30354
1280.30354
1280.30354
1280.30354
1280.30354
1280.30352
1280.30352
1280.30352
1280.30352
1280.30352
1280.30352
1280.30352
1280.30352
1280.30352
1280.30352
1280.30360
1280.30357
1280.30357
1280.30357
1280.30357
1280.30357
1280.30357
1280.30357
1280.30357
1280.30357
1280.30357
1280.30362
1280.30362
1280.30362
1280.30362
1280.30362
1280.30362
1280.30362
1280.30362
1280.30362
1280.30362
1280.30365
1280.30365
1280.30365
1280.30365
1280.30365
1280.30365
1280.30365
1280.30365
1280.30365
1280.30365
1280.30363
1280.30363
1280.30363
1280.30363
1280.30363
1280.30363
1280.30363
1280.30363
1280.30363
1280.30363
1280.30364
1280.30364
1280.30364
1280.30364
1280.30364
1280.30364
1280.30364
1280.30364
1280.30364
1280.30364
1280.30361
1280.30361
1280.30361
1280.30361
1280.30361
1280.30361
1280.30361
1280.30361
1280.30361
1280.30361
1280.30358
1280.30358
1280.30358
1280.30358
1280.30358
1280.30358
1280.30358
1280.30358
1280.30358
1280.30358
1280.30356
1280.30356
1280.30356
1280.30356
1280.30356
1280.30356
1280.30356
1280.30356
1280.30356
1280.30356
1280.30359
1280.30359
1280.30359
1280.30359
1280.30359
1280.30359
1280.30359
1280.30359
1280.30359
1280.30359
1280.30355
1280.30355
1280.30355
1280.30355
1280.30355
1280.30355
1280.30355
1280.30355
1280.30355
1280.30355
1280.30374
1280.30374
1280.30374
1280.30374
1280.30374
1280.30374
1280.30374
1280.30374
1280.30374
1280.30374
1280.30373
1280.30373
1280.30373
1280.30373
1280.30373
1280.30373
1280.30373
1280.30373
1280.30373
1280.30373
1280.30375
1280.30375
1280.30375
1280.30375
1280.30375
1280.30375
1280.30375
1280.30375
1280.30375
1280.30375
1280.30371
1280.30371
1280.30371
1280.30371
1280.30371
1280.30371
1280.30371
1280.30371
1280.30371
1280.30371
1280.30370
1280.30370
1280.30370
1280.30370
1280.30370
1280.30370
1280.30387
1280.30387
1280.30387
1280.30387
1280.30387
1280.30387
1280.30387
1280.30387
1280.30387
1280.30387
1280.30372
1280.30372
1280.30372
1280.30372
1280.30372
1280.30372
1280.30372
1280.30372
1280.30372
1280.30372
1280.30369
1280.30369
1280.30369
1280.30369
1280.30369
1280.30369
1280.30369
1280.30369
1280.30369
1280.30369
1280.30367
1280.30367
1280.30367
1280.30367
1280.30367
1280.30367
1280.30367
1280.30367
1280.30367
1280.30367
1280.30366
1280.30366
1280.30366
1280.30366
1280.30366
1280.30366
1280.30366
1280.30366
1280.30366
1280.30366
1280.30368
1280.30368
1280.30368
1280.30368
1280.30368
1280.30368
1280.30376
1280.30376
1280.30376
1280.30376
1280.30376
1280.30376
1280.30376
1280.30376
1280.30376
1280.30376
1280.30379
1280.30379
1280.30379
1280.30379
1280.30379
1280.30379
1280.30379
1280.30379
1280.30379
1280.30379
1280.30377
1280.30377
1280.30377
1280.30377
1280.30377
1280.30377
1280.30377
1280.30377
1280.30377
1280.30377
1280.30378
1280.30380
1280.30380
1280.30380
1280.30380
1280.30380
1280.30380
1280.30381
1280.30381
1280.30381
1280.30381
1280.30381
1280.30381
1280.30381
1280.30381
1280.30381
1280.30381
1280.30382
1280.30382
1280.30382
1280.30382
1280.30382
1280.30382
1280.30382
1280.30382
1280.30382
1280.30382
1280.30383
1280.30383
1280.30383
1280.30383
1280.30383
1280.30383
1280.30383
1280.30383
1280.30383
1280.30383
1280.30384
1280.30384
1280.30384
1280.30384
1280.30384
1280.30384
1280.30384
1280.30384
1280.30384
1280.30384
1280.30385
1280.30385
1280.30385
1280.30385
1280.30385
1280.30385
1280.30385
1280.30385
1280.30385
1280.30385
1280.30386
1280.30386
1280.30386
1280.30386
1280.30386
1280.30386
1280.30395
1280.30395
1280.30395
1280.30395
1280.30395
1280.30395
1280.30395
1280.30395
1280.30395
1280.30395
1280.30398
1280.30398
1280.30398
1280.30398
1280.30398
1280.30398
1280.30398
1280.30398
1280.30398
1280.30398
1280.30396
1280.30396
1280.30396
1280.30396
1280.30396
1280.30396
1280.30396
1280.30396
1280.30396
1280.30396
1280.30394
1280.30394
1280.30394
1280.30394
1280.30394
1280.30394
1280.30394
1280.30394
1280.30394
1280.30394
1280.30397
1280.30397
1280.30397
1280.30397
1280.30397
1280.30397
1280.30397
1280.30397
1280.30397
1280.30397
1280.30393
1280.30393
1280.30393
1280.30393
1280.30393
1280.30393
1280.30393
1280.30393
1280.30393
1280.30393
1280.30388
1280.30388
1280.30388
1280.30388
1280.30388
1280.30388
1280.30388
1280.30388
1280.30388
1280.30388
1280.30392
1280.30392
1280.30392
1280.30392
1280.30392
1280.30392
1280.30392
1280.30392
1280.30392
1280.30392
1280.30390
1280.30391
1280.30391
1280.30391
1280.30391
1280.30391
1280.30391
1280.30391
1280.30391
1280.30391
1280.30391
1280.30389
1280.30389
1280.30389
1280.30389
1280.30389
1280.30389
1280.30389
1280.30389
1280.30389
1280.30389
1280.30408
1280.30408
1280.30408
1280.30408
1280.30408
1280.30408
1280.30408
1280.30408
1280.30408
1280.30408
1280.30400
1280.30400
1280.30400
1280.30400
1280.30400
1280.30400
1280.30400
1280.30400
1280.30400
1280.30400
1280.30406
1280.30406
1280.30406
1280.30406
1280.30406
1280.30406
1280.30406
1280.30406
1280.30406
1280.30406
1280.30401
1280.30401
1280.30401
1280.30401
1280.30401
1280.30401
1280.30401
1280.30401
1280.30401
1280.30401
1280.30407
1280.30407
1280.30407
1280.30407
1280.30407
1280.30407
1280.30407
1280.30407
1280.30407
1280.30407
1280.30409
1280.30409
1280.30409
1280.30409
1280.30409
1280.30409
1280.30409
1280.30409
1280.30409
1280.30409
1280.30403
1280.30403
1280.30403
1280.30403
1280.30403
1280.30403
1280.30403
1280.30403
1280.30403
1280.30403
1280.30404
1280.30404
1280.30404
1280.30404
1280.30404
1280.30404
1280.30404
1280.30404
1280.30404
1280.30404
1280.30402
1280.30402
1280.30402
1280.30402
1280.30402
1280.30402
1280.30402
1280.30402
1280.30402
1280.30402
1280.30399
1280.30399
1280.30399
1280.30399
1280.30399
1280.30399
1280.30399
1280.30399
1280.30399
1280.30399
1280.30405
1280.30405
1280.30405
1280.30405
1280.30405
1280.30405
1280.30405
1280.30405
1280.30405
1280.30405
1280.30420
1280.30420
1280.30420
1280.30420
1280.30420
1280.30420
1280.30420
1280.30420
1280.30420
1280.30420
1280.30412
1280.30412
1280.30412
1280.30412
1280.30412
1280.30412
1280.30412
1280.30412
1280.30412
1280.30412
1280.30410
1280.30410
1280.30410
1280.30410
1280.30410
1280.30410
1280.30410
1280.30410
1280.30410
1280.30410
1280.30411
1280.30411
1280.30411
1280.30411
1280.30411
1280.30411
1280.30411
1280.30411
1280.30411
1280.30411
1280.30414
1280.30414
1280.30414
1280.30414
1280.30414
1280.30414
1280.30414
1280.30414
1280.30414
1280.30414
1280.30415
1280.30415
1280.30415
1280.30415
1280.30415
1280.30415
1280.30415
1280.30415
1280.30415
1280.30415
1280.30413
1280.30413
1280.30413
1280.30413
1280.30413
1280.30413
1280.30413
1280.30413
1280.30413
1280.30413
1280.30416
1280.30416
1280.30416
1280.30416
1280.30416
1280.30416
1280.30416
1280.30416
1280.30416
1280.30416
1280.30418
1280.30418
1280.30418
1280.30418
1280.30418
1280.30418
1280.30418
1280.30418
1280.30418
1280.30418
1280.30417
1280.30417
1280.30417
1280.30417
1280.30417
1280.30417
1280.30417
1280.30417
1280.30417
1280.30417
1280.30419
1280.30419
1280.30419
1280.30419
1280.30419
1280.30419
1280.30419
1280.30419
1280.30419
1280.30419
1280.30430
1280.30430
1280.30430
1280.30430
1280.30430
1280.30430
1280.30430
1280.30430
1280.30430
1280.30430
1280.30422
1280.30422
1280.30422
1280.30422
1280.30422
1280.30422
1280.30422
1280.30422
1280.30422
1280.30422
1280.30423
1280.30423
1280.30423
1280.30423
1280.30423
1280.30423
1280.30423
1280.30423
1280.30423
1280.30423
1280.30428
1280.30428
1280.30428
1280.30428
1280.30428
1280.30428
1280.30428
1280.30428
1280.30428
1280.30428
1280.30431
1280.30431
1280.30431
1280.30431
1280.30431
1280.30431
1280.30431
1280.30431
1280.30431
1280.30431
1280.30429
1280.30429
1280.30429
1280.30429
1280.30429
1280.30429
1280.30429
1280.30429
1280.30429
1280.30429
1280.30427
1280.30427
1280.30427
1280.30427
1280.30427
1280.30427
1280.30427
1280.30427
1280.30427
1280.30427
1280.30425
1280.30425
1280.30425
1280.30425
1280.30425
1280.30425
1280.30425
1280.30425
1280.30425
1280.30425
1280.30426
1280.30426
1280.30426
1280.30426
1280.30426
1280.30426
1280.30426
1280.30426
1280.30426
1280.30426
1280.30424
1280.30424
1280.30424
1280.30424
1280.30424
1280.30424
1280.30424
1280.30424
1280.30424
1280.30424
1280.30421
1280.30421
1280.30421
1280.30421
1280.30421
1280.30421
1280.30421
1280.30421
1280.30421
1280.30421
1280.30441
1280.30441
1280.30441
1280.30441
1280.30441
1280.30441
1280.30441
1280.30441
1280.30441
1280.30441
1280.30440
1280.30440
1280.30440
1280.30440
1280.30440
1280.30440
1280.30440
1280.30440
1280.30440
1280.30440
1280.30442
1280.30442
1280.30442
1280.30442
1280.30442
1280.30442
1280.30442
1280.30442
1280.30442
1280.30442
1280.30437
1280.30437
1280.30437
1280.30437
1280.30437
1280.30437
1280.30437
1280.30437
1280.30437
1280.30437
1280.30436
1280.30436
1280.30436
1280.30436
1280.30436
1280.30436
1280.30436
1280.30436
1280.30436
1280.30436
1280.30438
1280.30438
1280.30438
1280.30438
1280.30438
1280.30438
1280.30438
1280.30438
1280.30438
1280.30438
1280.30439
1280.30439
1280.30439
1280.30439
1280.30439
1280.30439
1280.30439
1280.30439
1280.30439
1280.30439
1280.30434
1280.30434
1280.30434
1280.30434
1280.30434
1280.30434
1280.30434
1280.30434
1280.30434
1280.30434
1280.30433
1280.30433
1280.30433
1280.30433
1280.30433
1280.30433
1280.30433
1280.30433
1280.30433
1280.30433
1280.30435
1280.30435
1280.30435
1280.30435
1280.30435
1280.30435
1280.30435
1280.30435
1280.30435
1280.30435
1280.30432
1280.30432
1280.30432
1280.30432
1280.30432
1280.30432
1280.30432
1280.30432
1280.30432
1280.30432
1280.30453
1280.30453
1280.30453
1280.30453
1280.30453
1280.30453
1280.30453
1280.30453
1280.30453
1280.30453
1280.30446
1280.30446
1280.30446
1280.30446
1280.30446
1280.30446
1280.30446
1280.30446
1280.30446
1280.30446
1280.30444
1280.30444
1280.30444
1280.30444
1280.30444
1280.30444
1280.30444
1280.30444
1280.30444
1280.30444
1280.30456
1280.30456
1280.30456
1280.30456
1280.30456
1280.30456
1280.30456
1280.30456
1280.30456
1280.30456
1280.30455
1280.30455
1280.30455
1280.30455
1280.30455
1280.30455
1280.30455
1280.30455
1280.30455
1280.30455
1280.30454
1280.30454
1280.30454
1280.30454
1280.30454
1280.30454
1280.30454
1280.30454
1280.30454
1280.30454
1280.30457
1280.30457
1280.30457
1280.30457
1280.30457
1280.30457
1280.30457
1280.30457
1280.30457
1280.30457
1280.30445
1280.30445
1280.30445
1280.30445
1280.30445
1280.30445
1280.30445
1280.30445
1280.30445
1280.30445
1280.30443
1280.30443
1280.30443
1280.30443
1280.30443
1280.30443
1280.30443
1280.30443
1280.30443
1280.30443
1280.30451
1280.30451
1280.30451
1280.30451
1280.30451
1280.30451
1280.30451
1280.30451
1280.30451
1280.30451
1280.30452
1280.30452
1280.30452
1280.30452
1280.30452
1280.30452
1280.30452
1280.30452
1280.30452
1280.30452
1280.30450
1280.30450
1280.30450
1280.30450
1280.30450
1280.30450
1280.30450
1280.30450
1280.30450
1280.30450
1280.30448
1280.30448
1280.30448
1280.30448
1280.30448
1280.30448
1280.30448
1280.30448
1280.30448
1280.30448
1280.30447
1280.30447
1280.30447
1280.30447
1280.30447
1280.30447
1280.30447
1280.30447
1280.30447
1280.30447
1280.30449
1280.30449
1280.30449
1280.30449
1280.30449
1280.30449
1280.30449
1280.30449
1280.30449
1280.30449
1280.30219
1280.30219
1280.30219
1280.30219
1280.30219
1280.30219
1280.30219
1280.30219
1280.30219
1280.30219
1280.22660
1280.22660
1280.22660
1280.22660
1280.22660
1280.22660
1280.22660
1280.22660
1280.22660
1280.22660
1280.22660
1280.22660
1280.22660
1280.22660
1280.22660
1280.22660
1280.22660
1280.22660
1280.22661
1280.22661
1280.22661
1280.22661
1280.22661
1280.22661
1280.22661
1280.22661
1280.22661
1280.22661
1280.22661
1280.22661
1280.22661
1280.22661
1280.22661
1280.22661
1280.22661
1280.22661
1280.22662
1280.22662
1280.22662
1280.22662
1280.22662
1280.22662
1280.22662
1280.22662
1280.22662
1280.22662
1280.22662
1280.22662
1280.22662
1280.22662
1280.22662
1280.22662
1280.22662
1280.22662
1280.15931
1280.15931
1280.15931
1280.15931
1280.15931
1280.15931
1280.15931
1280.15931
1280.15931
1280.15931
1280.15931
1280.15931
1280.15931
1280.15931
1280.15931
1280.15931
1280.15931
1280.15931
1280.15931
1280.15931
1280.15931
1280.15931
1280.15931
1280.15931
1280.15931
1280.15931
1280.15931
1280.15931
1280.15931
1280.15931
1280.15931
1280.15931
1280.15931
1280.15931
1280.15931
1280.15931
1280.15931
1280.15931
1280.15931
1280.15931
1280.15931
1280.15931
1280.15931
1280.15931
1280.15931
1280.15931
1280.15887
1280.15887
1280.15887
1280.15887
1280.15887
1280.15887
1280.15887
1280.15887
1280.15887
1280.15887
1280.15887
1280.15887
1280.15887
1280.15887
1280.15887
1280.15887
1280.15887
1280.15887
1280.15887
1280.15887
1280.15887
1280.15887
1280.15887
1280.15887
1280.15887
1280.15887
1280.15887
1280.15887
1280.15887
1280.15887
1280.15887
1280.15887
1280.15887
1280.15887
1280.15887
1280.15887
1280.15884
1280.15884
1280.15884
1280.15884
1280.15884
1280.15884
1280.15884
1280.15884
1280.15884
1280.15884
1280.15884
1280.15884
1280.15884
1280.15884
1280.15884
1280.15884
1280.15884
1280.15884
1280.15884
1280.15884
1280.15884
1280.15884
1280.15884
1280.15884
1280.15884
1280.15884
1280.15884
1280.15884
1280.15884
1280.15884
1280.15884
1280.15884
1280.15884
1280.15884
1280.15884
1280.15884
1280.15882
1280.15882
1280.15882
1280.15882
1280.15882
1280.15882
1280.15882
1280.15882
1280.15882
1280.15882
1280.15882
1280.15882
1280.15882
1280.15882
1280.15882
1280.15882
1280.15882
1280.15882
1280.15882
1280.15882
1280.15882
1280.15882
1280.15882
1280.15882
1280.15882
1280.15882
1280.15882
1280.15882
1280.15882
1280.15882
1280.15882
1280.15882
1280.15882
1280.15882
1280.15882
1280.15882
1280.15888
1280.15888
1280.15888
1280.15888
1280.15888
1280.15888
1280.15888
1280.15888
1280.15888
1280.15888
1280.15888
1280.15888
1280.15888
1280.15888
1280.15888
1280.15888
1280.15888
1280.15888
1280.15888
1280.15888
1280.15888
1280.15888
1280.15888
1280.15888
1280.15888
1280.15888
1280.15888
1280.15888
1280.15888
1280.15888
1280.15888
1280.15888
1280.15888
1280.15888
1280.15888
1280.15888
1280.15886
1280.15886
1280.15886
1280.15886
1280.15886
1280.15886
1280.15886
1280.15886
1280.15886
1280.15886
1280.15886
1280.15886
1280.15886
1280.15886
1280.15886
1280.15886
1280.15886
1280.15886
1280.15886
1280.15886
1280.15886
1280.15886
1280.15886
1280.15886
1280.15886
1280.15886
1280.15886
1280.15886
1280.15886
1280.15886
1280.15886
1280.15886
1280.15886
1280.15886
1280.15886
1280.15886
1280.15881
1280.15881
1280.15881
1280.15881
1280.15881
1280.15881
1280.15881
1280.15881
1280.15881
1280.15881
1280.15881
1280.15881
1280.15881
1280.15881
1280.15881
1280.15881
1280.15881
1280.15881
1280.15881
1280.15881
1280.15881
1280.15881
1280.15881
1280.15881
1280.15881
1280.15881
1280.15881
1280.15881
1280.15881
1280.15881
1280.15881
1280.15881
1280.15881
1280.15881
1280.15881
1280.15881
1280.15883
1280.15883
1280.15883
1280.15883
1280.15883
1280.15883
1280.15883
1280.15883
1280.15883
1280.15883
1280.15883
1280.15883
1280.15883
1280.15883
1280.15883
1280.15883
1280.15883
1280.15883
1280.15883
1280.15883
1280.15883
1280.15883
1280.15883
1280.15883
1280.15883
1280.15883
1280.15883
1280.15883
1280.15883
1280.15883
1280.15883
1280.15883
1280.15883
1280.15883
1280.15883
1280.15883
1280.15865
1280.15865
1280.15865
1280.15865
1280.15865
1280.15865
1280.15865
1280.15865
1280.15865
1280.15865
1280.15865
1280.15865
1280.15865
1280.15865
1280.15865
1280.15865
1280.15865
1280.15865
1280.15865
1280.15865
1280.15865
1280.15865
1280.15865
1280.15865
1280.15865
1280.15865
1280.15865
1280.15865
1280.15865
1280.15865
1280.15865
1280.15865
1280.15865
1280.15865
1280.15865
1280.15865
1280.15913
1280.15913
1280.15913
1280.15913
1280.15913
1280.15913
1280.15913
1280.15913
1280.15913
1280.15913
1280.15913
1280.15913
1280.15913
1280.15913
1280.15913
1280.15913
1280.15913
1280.15913
1280.15913
1280.15913
1280.15913
1280.15913
1280.15913
1280.15913
1280.15913
1280.15913
1280.15913
1280.15913
1280.15913
1280.15913
1280.15913
1280.15913
1280.15913
1280.15913
1280.15913
1280.15913
1280.15885
1280.15885
1280.15885
1280.15885
1280.15885
1280.15885
1280.15885
1280.15885
1280.15885
1280.15885
1280.15885
1280.15885
1280.15885
1280.15885
1280.15885
1280.15885
1280.15885
1280.15885
1280.15885
1280.15885
1280.15885
1280.15885
1280.15885
1280.15885
1280.15885
1280.15885
1280.15885
1280.15885
1280.15885
1280.15885
1280.15885
1280.15885
1280.15885
1280.15885
1280.15885
1280.15885
1280.15914
1280.15914
1280.15914
1280.15914
1280.15914
1280.15914
1280.15914
1280.15914
1280.15914
1280.15914
1280.15914
1280.15914
1280.15914
1280.15914
1280.15914
1280.15914
1280.15914
1280.15914
1280.15914
1280.15914
1280.15914
1280.15914
1280.15914
1280.15914
1280.15914
1280.15914
1280.15914
1280.15914
1280.15914
1280.15914
1280.15914
1280.15914
1280.15914
1280.15914
1280.15914
1280.15914
1280.15867
1280.15867
1280.15867
1280.15867
1280.15867
1280.15867
1280.15867
1280.15867
1280.15867
1280.15867
1280.15867
1280.15867
1280.15867
1280.15867
1280.15867
1280.15867
1280.15867
1280.15867
1280.15867
1280.15867
1280.15867
1280.15867
1280.15867
1280.15867
1280.15867
1280.15867
1280.15867
1280.15867
1280.15867
1280.15867
1280.15867
1280.15867
1280.15867
1280.15867
1280.15867
1280.15867
1280.15873
1280.15873
1280.15873
1280.15873
1280.15873
1280.15873
1280.15873
1280.15873
1280.15873
1280.15873
1280.15873
1280.15873
1280.15873
1280.15873
1280.15873
1280.15873
1280.15873
1280.15873
1280.15873
1280.15873
1280.15873
1280.15873
1280.15873
1280.15873
1280.15873
1280.15873
1280.15873
1280.15873
1280.15873
1280.15873
1280.15873
1280.15873
1280.15873
1280.15873
1280.15873
1280.15873
1280.15868
1280.15868
1280.15868
1280.15868
1280.15868
1280.15868
1280.15868
1280.15868
1280.15868
1280.15868
1280.15868
1280.15868
1280.15868
1280.15868
1280.15868
1280.15868
1280.15868
1280.15868
1280.15868
1280.15868
1280.15868
1280.15868
1280.15868
1280.15868
1280.15868
1280.15868
1280.15868
1280.15868
1280.15868
1280.15868
1280.15868
1280.15868
1280.15868
1280.15868
1280.15868
1280.15868
1280.15874
1280.15874
1280.15874
1280.15874
1280.15874
1280.15874
1280.15874
1280.15874
1280.15874
1280.15874
1280.15874
1280.15874
1280.15874
1280.15874
1280.15874
1280.15874
1280.15874
1280.15874
1280.15874
1280.15874
1280.15874
1280.15874
1280.15874
1280.15874
1280.15874
1280.15874
1280.15874
1280.15874
1280.15874
1280.15874
1280.15874
1280.15874
1280.15874
1280.15874
1280.15874
1280.15874
1280.15890
1280.15890
1280.15890
1280.15890
1280.15890
1280.15890
1280.15890
1280.15890
1280.15890
1280.15890
1280.15890
1280.15890
1280.15890
1280.15890
1280.15890
1280.15890
1280.15890
1280.15890
1280.15890
1280.15890
1280.15890
1280.15890
1280.15890
1280.15890
1280.15890
1280.15890
1280.15890
1280.15890
1280.15890
1280.15890
1280.15890
1280.15890
1280.15890
1280.15890
1280.15890
1280.15890
1280.15891
1280.15891
1280.15891
1280.15891
1280.15891
1280.15891
1280.15891
1280.15891
1280.15891
1280.15891
1280.15891
1280.15891
1280.15891
1280.15891
1280.15891
1280.15891
1280.15891
1280.15891
1280.15891
1280.15891
1280.15891
1280.15891
1280.15891
1280.15891
1280.15891
1280.15891
1280.15891
1280.15891
1280.15891
1280.15891
1280.15891
1280.15891
1280.15891
1280.15891
1280.15891
1280.15891
1280.15893
1280.15893
1280.15893
1280.15893
1280.15893
1280.15893
1280.15893
1280.15893
1280.15893
1280.15893
1280.15893
1280.15893
1280.15893
1280.15893
1280.15893
1280.15893
1280.15893
1280.15893
1280.15893
1280.15893
1280.15893
1280.15893
1280.15893
1280.15893
1280.15893
1280.15893
1280.15893
1280.15893
1280.15893
1280.15893
1280.15893
1280.15893
1280.15893
1280.15893
1280.15893
1280.15893
1280.15898
1280.15898
1280.15898
1280.15898
1280.15898
1280.15898
1280.15898
1280.15898
1280.15898
1280.15898
1280.15898
1280.15898
1280.15898
1280.15898
1280.15898
1280.15898
1280.15898
1280.15898
1280.15898
1280.15898
1280.15898
1280.15898
1280.15898
1280.15898
1280.15898
1280.15898
1280.15898
1280.15898
1280.15898
1280.15898
1280.15898
1280.15898
1280.15898
1280.15898
1280.15898
1280.15898
1280.15901
1280.15901
1280.15901
1280.15901
1280.15901
1280.15901
1280.15901
1280.15901
1280.15901
1280.15901
1280.15901
1280.15901
1280.15901
1280.15901
1280.15901
1280.15901
1280.15901
1280.15901
1280.15901
1280.15901
1280.15901
1280.15901
1280.15901
1280.15901
1280.15901
1280.15901
1280.15901
1280.15901
1280.15901
1280.15901
1280.15901
1280.15901
1280.15901
1280.15901
1280.15901
1280.15901
1280.3350
1280.3350
1280.3350
1280.3350
1280.3350
1280.3350
1280.3350
1280.3350
1280.3350
1280.3350
1280.3350
1280.3350
1280.4346
1280.19787
1280.19788
1280.19789
1280.19790
1280.19791
1280.19792
1280.19793
1280.4651
1280.4665
1280.4692
1280.4724
1280.4695
1280.4703
1280.4703
1280.4674
1280.3384
1280.4732
1280.4759
1280.4734
1280.4764
1280.4727
1280.4696
1280.4728
1280.4682
1280.4723
1280.4654
1280.4722
1280.4647
1280.15889
1280.15889
1280.15889
1280.15889
1280.15889
1280.15889
1280.15889
1280.15889
1280.15889
1280.15889
1280.15889
1280.15889
1280.15889
1280.15889
1280.15889
1280.15889
1280.15889
1280.15889
1280.15889
1280.15889
1280.15889
1280.15889
1280.15889
1280.15889
1280.15889
1280.15889
1280.15889
1280.15889
1280.15889
1280.15889
1280.15889
1280.15889
1280.15889
1280.15889
1280.15889
1280.15889
1280.15922
1280.15922
1280.15922
1280.15922
1280.15922
1280.15922
1280.15922
1280.15922
1280.15922
1280.15922
1280.15922
1280.15922
1280.15922
1280.15922
1280.15922
1280.15922
1280.15922
1280.15922
1280.15922
1280.15922
1280.15922
1280.15922
1280.15922
1280.15922
1280.15922
1280.15922
1280.15922
1280.15922
1280.15922
1280.15922
1280.15922
1280.15922
1280.15922
1280.15922
1280.15922
1280.15922
1280.15916
1280.15916
1280.15916
1280.15916
1280.15916
1280.15916
1280.15916
1280.15916
1280.15916
1280.15916
1280.15916
1280.15916
1280.15916
1280.15916
1280.15916
1280.15916
1280.15916
1280.15916
1280.15916
1280.15916
1280.15916
1280.15916
1280.15916
1280.15916
1280.15916
1280.15916
1280.15916
1280.15916
1280.15916
1280.15916
1280.15916
1280.15916
1280.15916
1280.15916
1280.15916
1280.15916
1280.15924
1280.15924
1280.15924
1280.15924
1280.15924
1280.15924
1280.15924
1280.15924
1280.15924
1280.15924
1280.15924
1280.15924
1280.15924
1280.15924
1280.15924
1280.15924
1280.15924
1280.15924
1280.15924
1280.15924
1280.15924
1280.15924
1280.15924
1280.15924
1280.15924
1280.15924
1280.15924
1280.15924
1280.15924
1280.15924
1280.15924
1280.15924
1280.15924
1280.15924
1280.15924
1280.15924
1280.15915
1280.15915
1280.15915
1280.15915
1280.15915
1280.15915
1280.15915
1280.15915
1280.15915
1280.15915
1280.15915
1280.15915
1280.15915
1280.15915
1280.15915
1280.15915
1280.15915
1280.15915
1280.15915
1280.15915
1280.15915
1280.15915
1280.15915
1280.15915
1280.15915
1280.15915
1280.15915
1280.15915
1280.15915
1280.15915
1280.15915
1280.15915
1280.15915
1280.15915
1280.15915
1280.15915
1280.15925
1280.15925
1280.15925
1280.15925
1280.15925
1280.15925
1280.15925
1280.15925
1280.15925
1280.15925
1280.15925
1280.15925
1280.15925
1280.15925
1280.15925
1280.15925
1280.15925
1280.15925
1280.15925
1280.15925
1280.15925
1280.15925
1280.15925
1280.15925
1280.15925
1280.15925
1280.15925
1280.15925
1280.15925
1280.15925
1280.15925
1280.15925
1280.15925
1280.15925
1280.15925
1280.15925
1280.15926
1280.15926
1280.15926
1280.15926
1280.15926
1280.15926
1280.15926
1280.15926
1280.15926
1280.15926
1280.15926
1280.15926
1280.15926
1280.15926
1280.15926
1280.15926
1280.15926
1280.15926
1280.15926
1280.15926
1280.15926
1280.15926
1280.15926
1280.15926
1280.15926
1280.15926
1280.15926
1280.15926
1280.15926
1280.15926
1280.15926
1280.15926
1280.15926
1280.15926
1280.15926
1280.15926
1280.15869
1280.15869
1280.15869
1280.15869
1280.15869
1280.15869
1280.15869
1280.15869
1280.15869
1280.15869
1280.15869
1280.15869
1280.15869
1280.15869
1280.15869
1280.15869
1280.15869
1280.15869
1280.15869
1280.15869
1280.15869
1280.15869
1280.15869
1280.15869
1280.15869
1280.15869
1280.15869
1280.15869
1280.15869
1280.15869
1280.15869
1280.15869
1280.15869
1280.15869
1280.15869
1280.15869
1280.15878
1280.15878
1280.15878
1280.15878
1280.15878
1280.15878
1280.15878
1280.15878
1280.15878
1280.15878
1280.15878
1280.15878
1280.15878
1280.15878
1280.15878
1280.15878
1280.15878
1280.15878
1280.15878
1280.15878
1280.15878
1280.15878
1280.15878
1280.15878
1280.15878
1280.15878
1280.15878
1280.15878
1280.15878
1280.15878
1280.15878
1280.15878
1280.15878
1280.15878
1280.15878
1280.15878
1280.15921
1280.15921
1280.15921
1280.15921
1280.15921
1280.15921
1280.15921
1280.15921
1280.15921
1280.15921
1280.15921
1280.15921
1280.15921
1280.15921
1280.15921
1280.15921
1280.15921
1280.15921
1280.15921
1280.15921
1280.15921
1280.15921
1280.15921
1280.15921
1280.15921
1280.15921
1280.15921
1280.15921
1280.15921
1280.15921
1280.15921
1280.15921
1280.15921
1280.15921
1280.15921
1280.15921
1280.15872
1280.15872
1280.15872
1280.15872
1280.15872
1280.15872
1280.15872
1280.15872
1280.15872
1280.15872
1280.15872
1280.15872
1280.15872
1280.15872
1280.15872
1280.15872
1280.15872
1280.15872
1280.15872
1280.15872
1280.15872
1280.15872
1280.15872
1280.15872
1280.15872
1280.15872
1280.15872
1280.15872
1280.15872
1280.15872
1280.15872
1280.15872
1280.15872
1280.15872
1280.15872
1280.15872
1280.15927
1280.15927
1280.15927
1280.15927
1280.15927
1280.15927
1280.15927
1280.15927
1280.15927
1280.15927
1280.15927
1280.15927
1280.15927
1280.15927
1280.15927
1280.15927
1280.15927
1280.15927
1280.15927
1280.15927
1280.15927
1280.15927
1280.15927
1280.15927
1280.15927
1280.15927
1280.15927
1280.15927
1280.15927
1280.15927
1280.15927
1280.15927
1280.15927
1280.15927
1280.15927
1280.15927
1280.15894
1280.15894
1280.15894
1280.15894
1280.15894
1280.15894
1280.15894
1280.15894
1280.15894
1280.15894
1280.15894
1280.15894
1280.15894
1280.15894
1280.15894
1280.15894
1280.15894
1280.15894
1280.15894
1280.15894
1280.15894
1280.15894
1280.15894
1280.15894
1280.15894
1280.15894
1280.15894
1280.15894
1280.15894
1280.15894
1280.15894
1280.15894
1280.15894
1280.15894
1280.15894
1280.15894
1280.15899
1280.15899
1280.15899
1280.15899
1280.15899
1280.15899
1280.15899
1280.15899
1280.15899
1280.15899
1280.15899
1280.15899
1280.15899
1280.15899
1280.15899
1280.15899
1280.15899
1280.15899
1280.15899
1280.15899
1280.15899
1280.15899
1280.15899
1280.15899
1280.15899
1280.15899
1280.15899
1280.15899
1280.15899
1280.15899
1280.15899
1280.15899
1280.15899
1280.15899
1280.15899
1280.15899
1280.15918
1280.15918
1280.15918
1280.15918
1280.15918
1280.15918
1280.15918
1280.15918
1280.15918
1280.15918
1280.15918
1280.15918
1280.15918
1280.15918
1280.15918
1280.15918
1280.15918
1280.15918
1280.15918
1280.15918
1280.15918
1280.15918
1280.15918
1280.15918
1280.15918
1280.15918
1280.15918
1280.15918
1280.15918
1280.15918
1280.15918
1280.15918
1280.15918
1280.15918
1280.15918
1280.15918
1280.15917
1280.15917
1280.15917
1280.15917
1280.15917
1280.15917
1280.15917
1280.15917
1280.15917
1280.15917
1280.15917
1280.15917
1280.15917
1280.15917
1280.15917
1280.15917
1280.15917
1280.15917
1280.15917
1280.15917
1280.15917
1280.15917
1280.15917
1280.15917
1280.15917
1280.15917
1280.15917
1280.15917
1280.15917
1280.15917
1280.15917
1280.15917
1280.15917
1280.15917
1280.15917
1280.15917
1280.15900
1280.15900
1280.15900
1280.15900
1280.15900
1280.15900
1280.15900
1280.15900
1280.15900
1280.15900
1280.15900
1280.15900
1280.15900
1280.15900
1280.15900
1280.15900
1280.15900
1280.15900
1280.15900
1280.15900
1280.15900
1280.15900
1280.15900
1280.15900
1280.15900
1280.15900
1280.15900
1280.15900
1280.15900
1280.15900
1280.15900
1280.15900
1280.15900
1280.15900
1280.15900
1280.15900
1280.15902
1280.15902
1280.15902
1280.15902
1280.15902
1280.15902
1280.15902
1280.15902
1280.15902
1280.15902
1280.15902
1280.15902
1280.15902
1280.15902
1280.15902
1280.15902
1280.15902
1280.15902
1280.15902
1280.15902
1280.15902
1280.15902
1280.15902
1280.15902
1280.15902
1280.15902
1280.15902
1280.15902
1280.15902
1280.15902
1280.15902
1280.15902
1280.15902
1280.15902
1280.15902
1280.15902
1280.15903
1280.15903
1280.15903
1280.15903
1280.15903
1280.15903
1280.15903
1280.15903
1280.15903
1280.15903
1280.15903
1280.15903
1280.15903
1280.15903
1280.15903
1280.15903
1280.15903
1280.15903
1280.15903
1280.15903
1280.15903
1280.15903
1280.15903
1280.15903
1280.15903
1280.15903
1280.15903
1280.15903
1280.15903
1280.15903
1280.15903
1280.15903
1280.15903
1280.15903
1280.15903
1280.15903
1280.15904
1280.15904
1280.15904
1280.15904
1280.15904
1280.15904
1280.15904
1280.15904
1280.15904
1280.15904
1280.15904
1280.15904
1280.15904
1280.15904
1280.15904
1280.15904
1280.15904
1280.15904
1280.15904
1280.15904
1280.15904
1280.15904
1280.15904
1280.15904
1280.15904
1280.15904
1280.15904
1280.15904
1280.15904
1280.15904
1280.15904
1280.15904
1280.15904
1280.15904
1280.15904
1280.15904
1280.15908
1280.15908
1280.15908
1280.15908
1280.15908
1280.15908
1280.15908
1280.15908
1280.15908
1280.15908
1280.15908
1280.15908
1280.15908
1280.15908
1280.15908
1280.15908
1280.15908
1280.15908
1280.15908
1280.15908
1280.15908
1280.15908
1280.15908
1280.15908
1280.15908
1280.15908
1280.15908
1280.15908
1280.15908
1280.15908
1280.15908
1280.15908
1280.15908
1280.15908
1280.15908
1280.15908
1280.15907
1280.15907
1280.15907
1280.15907
1280.15907
1280.15907
1280.15907
1280.15907
1280.15907
1280.15907
1280.15907
1280.15907
1280.15907
1280.15907
1280.15907
1280.15907
1280.15907
1280.15907
1280.15907
1280.15907
1280.15907
1280.15907
1280.15907
1280.15907
1280.15907
1280.15907
1280.15907
1280.15907
1280.15907
1280.15907
1280.15907
1280.15907
1280.15907
1280.15907
1280.15907
1280.15907
1280.15905
1280.15905
1280.15905
1280.15905
1280.15905
1280.15905
1280.15905
1280.15905
1280.15905
1280.15905
1280.15905
1280.15905
1280.15905
1280.15905
1280.15905
1280.15905
1280.15905
1280.15905
1280.15905
1280.15905
1280.15905
1280.15905
1280.15905
1280.15905
1280.15905
1280.15905
1280.15905
1280.15905
1280.15905
1280.15905
1280.15905
1280.15905
1280.15905
1280.15905
1280.15905
1280.15905
1280.15906
1280.15906
1280.15906
1280.15906
1280.15906
1280.15906
1280.15906
1280.15906
1280.15906
1280.15906
1280.15906
1280.15906
1280.15906
1280.15906
1280.15906
1280.15906
1280.15906
1280.15906
1280.15906
1280.15906
1280.15906
1280.15906
1280.15906
1280.15906
1280.15906
1280.15906
1280.15906
1280.15906
1280.15906
1280.15906
1280.15906
1280.15906
1280.15906
1280.15906
1280.15906
1280.15906
1280.15909
1280.15909
1280.15909
1280.15909
1280.15909
1280.15909
1280.15909
1280.15909
1280.15909
1280.15909
1280.15909
1280.15909
1280.15909
1280.15909
1280.15909
1280.15909
1280.15909
1280.15909
1280.15909
1280.15909
1280.15909
1280.15909
1280.15909
1280.15909
1280.15909
1280.15909
1280.15909
1280.15909
1280.15909
1280.15909
1280.15909
1280.15909
1280.15909
1280.15909
1280.15909
1280.15909
1280.16805
1280.16805
1280.16805
1280.16805
1280.16805
1280.16805
1280.16805
1280.16805
1280.16805
1280.16805
1280.16805
1280.16805
1280.16805
1280.16805
1280.16805
1280.16805
1280.16805
1280.16805
1280.16805
1280.16805
1280.16805
1280.16805
1280.16805
1280.16805
1280.16805
1280.16805
1280.16805
1280.16805
1280.16805
1280.16805
1280.16776
1280.16776
1280.16776
1280.16776
1280.16776
1280.16776
1280.16776
1280.16776
1280.16776
1280.16776
1280.16776
1280.16776
1280.16776
1280.16776
1280.16776
1280.16776
1280.16776
1280.16776
1280.16776
1280.16776
1280.16776
1280.16776
1280.16776
1280.16776
1280.16776
1280.16776
1280.16776
1280.16776
1280.16776
1280.16776
1280.16775
1280.16775
1280.16775
1280.16775
1280.16775
1280.16775
1280.16775
1280.16775
1280.16775
1280.16775
1280.16775
1280.16775
1280.16775
1280.16775
1280.16775
1280.16775
1280.16775
1280.16775
1280.16775
1280.16775
1280.16775
1280.16775
1280.16775
1280.16775
1280.16775
1280.16775
1280.16775
1280.16775
1280.16775
1280.16775
1280.16774
1280.16774
1280.16774
1280.16774
1280.16774
1280.16774
1280.16774
1280.16774
1280.16774
1280.16774
1280.16774
1280.16774
1280.16774
1280.16774
1280.16774
1280.16774
1280.16774
1280.16774
1280.16774
1280.16774
1280.16774
1280.16774
1280.16774
1280.16774
1280.16774
1280.16774
1280.16774
1280.16774
1280.16774
1280.16774
1280.16773
1280.16773
1280.16773
1280.16773
1280.16773
1280.16773
1280.16773
1280.16773
1280.16773
1280.16773
1280.16773
1280.16773
1280.16773
1280.16773
1280.16773
1280.16773
1280.16773
1280.16773
1280.16773
1280.16773
1280.16773
1280.16773
1280.16773
1280.16773
1280.16773
1280.16773
1280.16773
1280.16773
1280.16773
1280.16773
1280.16772
1280.16772
1280.16772
1280.16772
1280.16772
1280.16772
1280.16772
1280.16772
1280.16772
1280.16772
1280.16772
1280.16772
1280.16772
1280.16772
1280.16772
1280.16772
1280.16772
1280.16772
1280.16772
1280.16772
1280.16772
1280.16772
1280.16772
1280.16772
1280.16772
1280.16772
1280.16772
1280.16772
1280.16772
1280.16772
1280.16771
1280.16771
1280.16771
1280.16771
1280.16771
1280.16771
1280.16771
1280.16771
1280.16771
1280.16771
1280.16771
1280.16771
1280.16771
1280.16771
1280.16771
1280.16771
1280.16771
1280.16771
1280.16771
1280.16771
1280.16771
1280.16771
1280.16771
1280.16771
1280.16771
1280.16771
1280.16771
1280.16771
1280.16771
1280.16771
904799.3
904799.3
904799.3
904799.3
904799.3
904799.3
904799.3
904799.3
904799.3
904799.3
904800.3
904800.3
904800.3
904800.3
904800.3
904800.3
904800.3
904800.3
904800.3
904800.3
904800.3
904801.3
904801.3
904801.3
904801.3
904801.3
904801.3
904801.3
904801.3
904801.3
904801.3
904801.3
904782.3
904782.3
904782.3
904782.3
904782.3
904782.3
904782.3
904782.3
904782.3
904782.3
904782.3
904782.3
904782.3
904782.3
904784.3
904784.3
904784.3
904784.3
904784.3
904784.3
904784.3
904784.3
904784.3
904784.3
904784.3
904784.3
904784.3
904784.3
904785.3
904785.3
904785.3
904785.3
904785.3
904785.3
904785.3
904785.3
904785.3
904785.3
904785.3
904785.3
904785.3
904785.3
904786.3
904786.3
904786.3
904786.3
904786.3
904786.3
904786.3
904786.3
904786.3
904786.3
904786.3
904786.3
904786.3
904786.3
904787.3
904787.3
904787.3
904787.3
904787.3
904787.3
904787.3
904787.3
904787.3
904787.3
904787.3
904787.3
904787.3
904787.3
904779.3
904779.3
904779.3
904779.3
904779.3
904779.3
904779.3
904779.3
904779.3
904779.3
904779.3
904779.3
904779.3
904779.3
904792.3
904792.3
904792.3
904792.3
904792.3
904792.3
904792.3
904792.3
904792.3
904792.3
904792.3
904792.3
904792.3
904792.3
904313.3
426430.24
46170.176
46170.178
46170.175
46170.179
46170.180
46170.174
904334.4
1282.6561
1282.6561
1282.6561
1282.6561
1282.6561
1282.6561
1282.6561
1282.6561
1282.6561
1282.6561
1282.6561
1282.6561
1282.6561
1282.6561
1282.6561
1282.6561
1282.6561
1282.6561
1282.6561
1282.6567
1282.6567
1282.6567
1282.6567
1282.6567
1282.6567
1282.6567
1282.6567
1282.6567
1282.6567
1282.6567
1282.6567
1282.6567
1282.6567
1282.6567
1282.6567
1282.6567
1282.6567
1282.6567
1282.6568
1282.6568
1282.6568
1282.6568
1282.6568
1282.6568
1282.6568
1282.6568
1282.6568
1282.6568
1282.6568
1282.6568
1282.6568
1282.6568
1282.6568
1282.6568
1282.6568
1282.6568
1282.6568
1282.6562
1282.6562
1282.6562
1282.6562
1282.6562
1282.6562
1282.6562
1282.6562
1282.6562
1282.6562
1282.6562
1282.6562
1282.6562
1282.6562
1282.6562
1282.6562
1282.6562
1282.6562
1282.6562
1282.6565
1282.6565
1282.6565
1282.6565
1282.6565
1282.6565
1282.6565
1282.6565
1282.6565
1282.6565
1282.6565
1282.6565
1282.6565
1282.6565
1282.6565
1282.6565
1282.6565
1282.6565
1282.6565
1282.6563
1282.6563
1282.6563
1282.6563
1282.6563
1282.6563
1282.6563
1282.6563
1282.6563
1282.6563
1282.6563
1282.6563
1282.6563
1282.6563
1282.6563
1282.6563
1282.6563
1282.6563
1282.6563
1282.6566
1282.6566
1282.6566
1282.6566
1282.6566
1282.6566
1282.6566
1282.6566
1282.6566
1282.6566
1282.6566
1282.6566
1282.6566
1282.6566
1282.6566
1282.6566
1282.6566
1282.6566
1282.6566
1282.6564
1282.6564
1282.6564
1282.6564
1282.6564
1282.6564
1282.6564
1282.6564
1282.6564
1282.6564
1282.6564
1282.6564
1282.6564
1282.6564
1282.6564
1282.6564
1282.6564
1282.6564
1282.6564
1282.6548
1282.6548
1282.6548
1282.6548
1282.6548
1282.6548
1282.6548
1282.6548
1282.6548
1282.6548
1282.6548
1282.6548
1282.6548
1282.6548
1282.6548
1282.6548
1282.6548
1282.6548
1282.6548
1282.6548
1282.6548
1282.6548
1282.6549
1282.6549
1282.6549
1282.6549
1282.6549
1282.6549
1282.6549
1282.6549
1282.6549
1282.6549
1282.6549
1282.6549
1282.6549
1282.6549
1282.6549
1282.6549
1282.6549
1282.6549
1282.6549
1282.6549
1282.6549
1282.6549
1282.6550
1282.6550
1282.6550
1282.6550
1282.6550
1282.6550
1282.6550
1282.6550
1282.6550
1282.6550
1282.6550
1282.6550
1282.6550
1282.6550
1282.6550
1282.6550
1282.6550
1282.6550
1282.6550
1282.6550
1282.6550
1282.6550
1282.6532
1282.6532
1282.6532
1282.6532
1282.6532
1282.6532
1282.6532
1282.6532
1282.6532
1282.6532
1282.6532
1282.6532
1282.6532
1282.6532
1282.6532
1282.6532
1282.6532
1282.6532
1282.6532
1282.6532
1282.6532
1282.6532
1282.6534
1282.6534
1282.6534
1282.6534
1282.6534
1282.6534
1282.6534
1282.6534
1282.6534
1282.6534
1282.6534
1282.6534
1282.6534
1282.6534
1282.6534
1282.6534
1282.6534
1282.6534
1282.6534
1282.6534
1282.6534
1282.6534
1282.6535
1282.6535
1282.6535
1282.6535
1282.6535
1282.6535
1282.6535
1282.6535
1282.6535
1282.6535
1282.6535
1282.6535
1282.6535
1282.6535
1282.6535
1282.6535
1282.6535
1282.6535
1282.6535
1282.6535
1282.6535
1282.6535
1282.6533
1282.6533
1282.6533
1282.6533
1282.6533
1282.6533
1282.6533
1282.6533
1282.6533
1282.6533
1282.6533
1282.6533
1282.6533
1282.6533
1282.6533
1282.6533
1282.6533
1282.6533
1282.6533
1282.6533
1282.6533
1282.6533
1282.6542
1282.6542
1282.6542
1282.6542
1282.6542
1282.6542
1282.6542
1282.6542
1282.6542
1282.6542
1282.6542
1282.6542
1282.6542
1282.6542
1282.6542
1282.6542
1282.6542
1282.6542
1282.6542
1282.6542
1282.6542
1282.6542
1282.6547
1282.6547
1282.6547
1282.6547
1282.6547
1282.6547
1282.6547
1282.6547
1282.6547
1282.6547
1282.6547
1282.6547
1282.6547
1282.6547
1282.6547
1282.6547
1282.6547
1282.6547
1282.6547
1282.6547
1282.6547
1282.6547
1282.6538
1282.6538
1282.6538
1282.6538
1282.6538
1282.6538
1282.6538
1282.6538
1282.6538
1282.6538
1282.6538
1282.6538
1282.6538
1282.6538
1282.6538
1282.6538
1282.6538
1282.6538
1282.6538
1282.6538
1282.6538
1282.6538
1282.6543
1282.6543
1282.6543
1282.6543
1282.6543
1282.6543
1282.6543
1282.6543
1282.6543
1282.6543
1282.6543
1282.6543
1282.6543
1282.6543
1282.6543
1282.6543
1282.6543
1282.6543
1282.6543
1282.6543
1282.6543
1282.6543
1282.6537
1282.6537
1282.6537
1282.6537
1282.6537
1282.6537
1282.6537
1282.6537
1282.6537
1282.6537
1282.6537
1282.6537
1282.6537
1282.6537
1282.6537
1282.6537
1282.6537
1282.6537
1282.6537
1282.6537
1282.6537
1282.6537
1282.6559
1282.6559
1282.6559
1282.6559
1282.6559
1282.6559
1282.6559
1282.6559
1282.6559
1282.6559
1282.6559
1282.6559
1282.6559
1282.6559
1282.6559
1282.6559
1282.6559
1282.6559
1282.6559
1282.6559
1282.6559
1282.6559
1282.6558
1282.6558
1282.6558
1282.6558
1282.6558
1282.6558
1282.6558
1282.6558
1282.6558
1282.6558
1282.6558
1282.6558
1282.6558
1282.6558
1282.6558
1282.6558
1282.6558
1282.6558
1282.6558
1282.6558
1282.6558
1282.6558
1282.6546
1282.6546
1282.6546
1282.6546
1282.6546
1282.6546
1282.6546
1282.6546
1282.6546
1282.6546
1282.6546
1282.6546
1282.6546
1282.6546
1282.6546
1282.6546
1282.6546
1282.6546
1282.6546
1282.6546
1282.6546
1282.6546
1282.6541
1282.6541
1282.6541
1282.6541
1282.6541
1282.6541
1282.6541
1282.6541
1282.6541
1282.6541
1282.6541
1282.6541
1282.6541
1282.6541
1282.6541
1282.6541
1282.6541
1282.6541
1282.6541
1282.6541
1282.6541
1282.6541
1282.6536
1282.6536
1282.6536
1282.6536
1282.6536
1282.6536
1282.6536
1282.6536
1282.6536
1282.6536
1282.6536
1282.6536
1282.6536
1282.6536
1282.6536
1282.6536
1282.6536
1282.6536
1282.6536
1282.6536
1282.6536
1282.6536
1282.6539
1282.6539
1282.6539
1282.6539
1282.6539
1282.6539
1282.6539
1282.6539
1282.6539
1282.6539
1282.6539
1282.6539
1282.6539
1282.6539
1282.6539
1282.6539
1282.6539
1282.6539
1282.6539
1282.6539
1282.6539
1282.6539
1282.6540
1282.6540
1282.6540
1282.6540
1282.6540
1282.6540
1282.6540
1282.6540
1282.6540
1282.6540
1282.6540
1282.6540
1282.6540
1282.6540
1282.6540
1282.6540
1282.6540
1282.6540
1282.6540
1282.6540
1282.6540
1282.6540
1282.6545
1282.6545
1282.6545
1282.6545
1282.6545
1282.6545
1282.6545
1282.6545
1282.6545
1282.6545
1282.6545
1282.6545
1282.6545
1282.6545
1282.6545
1282.6545
1282.6545
1282.6545
1282.6545
1282.6545
1282.6545
1282.6545
1282.6544
1282.6544
1282.6544
1282.6544
1282.6544
1282.6544
1282.6544
1282.6544
1282.6544
1282.6544
1282.6544
1282.6544
1282.6544
1282.6544
1282.6544
1282.6544
1282.6544
1282.6544
1282.6544
1282.6544
1282.6544
1282.6544
1282.6552
1282.6552
1282.6552
1282.6552
1282.6552
1282.6552
1282.6552
1282.6552
1282.6552
1282.6552
1282.6552
1282.6552
1282.6552
1282.6552
1282.6552
1282.6552
1282.6552
1282.6552
1282.6552
1282.6552
1282.6552
1282.6552
1282.6551
1282.6551
1282.6551
1282.6551
1282.6551
1282.6551
1282.6551
1282.6551
1282.6551
1282.6551
1282.6551
1282.6551
1282.6551
1282.6551
1282.6551
1282.6551
1282.6551
1282.6551
1282.6551
1282.6551
1282.6551
1282.6551
1282.6557
1282.6557
1282.6557
1282.6557
1282.6557
1282.6557
1282.6557
1282.6557
1282.6557
1282.6557
1282.6557
1282.6557
1282.6557
1282.6557
1282.6557
1282.6557
1282.6557
1282.6557
1282.6557
1282.6557
1282.6557
1282.6557
1282.6554
1282.6554
1282.6554
1282.6554
1282.6554
1282.6554
1282.6554
1282.6554
1282.6554
1282.6554
1282.6554
1282.6554
1282.6554
1282.6554
1282.6554
1282.6554
1282.6554
1282.6554
1282.6554
1282.6554
1282.6554
1282.6554
1282.6553
1282.6553
1282.6553
1282.6553
1282.6553
1282.6553
1282.6553
1282.6553
1282.6553
1282.6553
1282.6553
1282.6553
1282.6553
1282.6553
1282.6553
1282.6553
1282.6553
1282.6553
1282.6553
1282.6553
1282.6553
1282.6553
1282.6555
1282.6555
1282.6555
1282.6555
1282.6555
1282.6555
1282.6555
1282.6555
1282.6555
1282.6555
1282.6555
1282.6555
1282.6555
1282.6555
1282.6555
1282.6555
1282.6555
1282.6555
1282.6555
1282.6555
1282.6555
1282.6555
1282.6556
1282.6556
1282.6556
1282.6556
1282.6556
1282.6556
1282.6556
1282.6556
1282.6556
1282.6556
1282.6556
1282.6556
1282.6556
1282.6556
1282.6556
1282.6556
1282.6556
1282.6556
1282.6556
1282.6556
1282.6556
1282.6556
1282.6560
1282.6560
1282.6560
1282.6560
1282.6560
1282.6560
1282.6560
1282.6560
1282.6560
1282.6560
1282.6560
1282.6560
1282.6560
1282.6560
1282.6560
1282.6560
1282.6560
1282.6560
1282.6560
1282.6560
1282.6560
1282.6560
1282.6531
1282.6531
1282.6531
1282.6531
1282.6531
1282.6531
1282.6531
1282.6531
1282.6531
1282.6531
1282.6531
1282.6531
1282.6531
1282.6531
1282.6531
1282.6531
1282.6531
1282.6531
1282.6531
1282.6531
1282.6531
1282.6531
1282.6517
1282.6517
1282.6517
1282.6517
1282.6517
1282.6517
1282.6517
1282.6517
1282.6517
1282.6517
1282.6517
1282.6517
1282.6526
1282.6526
1282.6526
1282.6526
1282.6526
1282.6526
1282.6526
1282.6526
1282.6526
1282.6526
1282.6526
1282.6526
1282.6528
1282.6528
1282.6528
1282.6528
1282.6528
1282.6528
1282.6528
1282.6528
1282.6528
1282.6528
1282.6528
1282.6528
1282.6527
1282.6527
1282.6527
1282.6527
1282.6527
1282.6527
1282.6527
1282.6527
1282.6527
1282.6527
1282.6527
1282.6527
1282.6524
1282.6524
1282.6524
1282.6524
1282.6524
1282.6524
1282.6524
1282.6524
1282.6524
1282.6524
1282.6524
1282.6524
1282.6521
1282.6521
1282.6521
1282.6521
1282.6521
1282.6521
1282.6521
1282.6521
1282.6521
1282.6521
1282.6521
1282.6521
1282.6523
1282.6523
1282.6523
1282.6523
1282.6523
1282.6523
1282.6523
1282.6523
1282.6523
1282.6523
1282.6523
1282.6523
1282.6522
1282.6522
1282.6522
1282.6522
1282.6522
1282.6522
1282.6522
1282.6522
1282.6522
1282.6522
1282.6522
1282.6522
1282.6529
1282.6529
1282.6529
1282.6529
1282.6529
1282.6529
1282.6529
1282.6529
1282.6529
1282.6529
1282.6529
1282.6529
1282.6525
1282.6525
1282.6525
1282.6525
1282.6525
1282.6525
1282.6525
1282.6525
1282.6525
1282.6525
1282.6525
1282.6525
1282.6530
1282.6530
1282.6530
1282.6530
1282.6530
1282.6530
1282.6530
1282.6530
1282.6530
1282.6530
1282.6530
1282.6530
1282.6519
1282.6519
1282.6519
1282.6519
1282.6519
1282.6519
1282.6519
1282.6519
1282.6519
1282.6519
1282.6519
1282.6519
1282.6520
1282.6520
1282.6520
1282.6520
1282.6520
1282.6520
1282.6520
1282.6520
1282.6520
1282.6520
1282.6520
1282.6520
904315.3
904315.3
904316.3
904316.3
904317.3
904317.3
904318.3
904318.3
904319.3
904319.3
904320.3
904320.3
904321.3
904321.3
904322.3
904322.3
904323.3
904323.3
904325.3
904325.3
904326.3
904326.3
904328.3
904328.3
904330.3
904330.3
904331.3
904331.3
904335.3
904335.3
904336.3
904336.3
904337.3
904337.3
904340.3
904340.3
904341.3
904341.3
904342.3
904342.3
904343.3
904343.3
904344.3
904344.3
904345.3
904345.3
904347.3
904347.3
1282.2865
1282.2865
1282.2865
1282.2865
1282.2865
1282.2865
1282.2865
1282.2865
1282.2865
1282.2860
1282.2860
1282.2860
1282.2860
1282.2860
1282.2860
1282.2860
1282.2860
1282.2860
1282.2861
1282.2861
1282.2861
1282.2861
1282.2861
1282.2861
1282.2861
1282.2861
1282.2861
1282.2862
1282.2862
1282.2862
1282.2862
1282.2862
1282.2862
1282.2862
1282.2862
1282.2862
1282.2866
1282.2866
1282.2866
1282.2866
1282.2866
1282.2866
1282.2866
1282.2866
1282.2866
1282.2864
1282.2864
1282.2864
1282.2864
1282.2864
1282.2864
1282.2864
1282.2864
1282.2864
1282.2857
1282.2857
1282.2857
1282.2857
1282.2857
1282.2857
1282.2857
1282.2857
1282.2857
1282.2852
1282.2852
1282.2852
1282.2852
1282.2852
1282.2852
1282.2852
1282.2852
1282.2852
1282.3129
1282.3129
1282.3129
1282.3129
1282.3129
1282.3129
1282.3129
1282.3129
1282.3129
1282.3129
1282.3129
1282.3129
1282.3129
1282.3129
1282.3129
1282.3129
1282.3129
1282.3129
1282.3129
1282.3129
1282.3129
1282.3129
1282.2853
1282.2853
1282.2853
1282.2853
1282.2853
1282.2853
1282.2853
1282.2853
1282.2853
1282.2856
1282.2856
1282.2856
1282.2856
1282.2856
1282.2856
1282.2856
1282.2856
1282.2856
1282.2863
1282.2863
1282.2863
1282.2863
1282.2863
1282.2863
1282.2863
1282.2863
1282.2863
1282.2854
1282.2854
1282.2854
1282.2854
1282.2854
1282.2854
1282.2854
1282.2854
1282.2854
1282.2858
1282.2858
1282.2858
1282.2858
1282.2858
1282.2858
1282.2858
1282.2858
1282.2858
1282.2859
1282.2859
1282.2859
1282.2859
1282.2859
1282.2859
1282.2859
1282.2859
1282.2859
1282.2719
1282.2719
1282.2719
1282.2719
1282.2719
1282.2719
1282.2719
1282.2719
1282.2719
1282.2719
1282.2719
1282.2719
1282.2719
1282.2719
1282.2719
1282.2719
1282.2719
1282.2719
1282.2719
1282.2719
1282.2719
1282.2719
1282.2719
1282.2719
1282.2719
1282.2719
1282.2719
1282.2719
1282.2719
1282.2719
1282.2719
1282.2719
1282.2719
1282.2719
1282.2719
1282.2719
1282.2719
1282.2719
1282.2719
1282.2719
1282.2719
1282.2719
1282.2719
1282.2719
1282.2719
1282.2719
1282.2280
1282.2280
1282.2280
1282.2280
1282.2280
1282.2280
1282.2280
1282.2280
1282.2280
1282.2282
1282.2282
1282.2282
1282.2282
1282.2282
1282.2282
1282.2282
1282.2282
1282.2282
1282.2275
1282.2275
1282.2275
1282.2275
1282.2275
1282.2275
1282.2275
1282.2275
1282.2275
1282.2274
1282.2274
1282.2274
1282.2274
1282.2274
1282.2274
1282.2274
1282.2274
1282.2274
1282.2270
1282.2270
1282.2270
1282.2270
1282.2270
1282.2270
1282.2270
1282.2270
1282.2270
1282.2285
1282.2285
1282.2285
1282.2285
1282.2285
1282.2285
1282.2285
1282.2285
1282.2285
1282.2283
1282.2283
1282.2283
1282.2283
1282.2283
1282.2283
1282.2283
1282.2283
1282.2283
1282.2271
1282.2271
1282.2271
1282.2271
1282.2271
1282.2271
1282.2271
1282.2271
1282.2271
1282.2273
1282.2273
1282.2273
1282.2273
1282.2273
1282.2273
1282.2273
1282.2273
1282.2273
1282.2284
1282.2284
1282.2284
1282.2284
1282.2284
1282.2284
1282.2284
1282.2284
1282.2284
1282.2272
1282.2272
1282.2272
1282.2272
1282.2272
1282.2272
1282.2272
1282.2272
1282.2272
1282.2281
1282.2281
1282.2281
1282.2281
1282.2281
1282.2281
1282.2281
1282.2281
1282.2281
1282.2279
1282.2279
1282.2279
1282.2279
1282.2279
1282.2279
1282.2279
1282.2279
1282.2279
1282.2292
1282.2292
1282.2292
1282.2292
1282.2292
1282.2292
1282.2292
1282.2292
1282.2292
1282.2291
1282.2291
1282.2291
1282.2291
1282.2291
1282.2291
1282.2291
1282.2291
1282.2291
1282.2290
1282.2290
1282.2290
1282.2290
1282.2290
1282.2290
1282.2290
1282.2290
1282.2290
1282.2289
1282.2289
1282.2289
1282.2289
1282.2289
1282.2289
1282.2289
1282.2289
1282.2289
1282.2278
1282.2278
1282.2278
1282.2278
1282.2278
1282.2278
1282.2278
1282.2278
1282.2278
1282.2277
1282.2277
1282.2277
1282.2277
1282.2277
1282.2277
1282.2277
1282.2277
1282.2277
1282.2287
1282.2287
1282.2287
1282.2287
1282.2287
1282.2287
1282.2287
1282.2287
1282.2287
1282.2276
1282.2276
1282.2276
1282.2276
1282.2276
1282.2276
1282.2276
1282.2276
1282.2276
1282.2288
1282.2288
1282.2288
1282.2288
1282.2288
1282.2288
1282.2288
1282.2288
1282.2288
1282.2286
1282.2286
1282.2286
1282.2286
1282.2286
1282.2286
1282.2286
1282.2286
1282.2286
1282.4516
1282.4516
1282.4516
1282.4516
1282.4516
1282.4516
1282.4516
1282.4516
1282.4516
1282.4516
1282.4516
1282.4516
1282.4516
1282.4516
1282.4513
1282.4513
1282.4513
1282.4513
1282.4513
1282.4513
1282.4513
1282.4513
1282.4513
1282.4513
1282.4513
1282.4513
1282.4513
1282.4513
1282.4515
1282.4515
1282.4515
1282.4515
1282.4515
1282.4515
1282.4515
1282.4515
1282.4515
1282.4515
1282.4515
1282.4515
1282.4515
1282.4515
1282.4520
1282.4520
1282.4520
1282.4520
1282.4520
1282.4520
1282.4520
1282.4520
1282.4520
1282.4520
1282.4520
1282.4520
1282.4520
1282.4520
1282.4519
1282.4519
1282.4519
1282.4519
1282.4519
1282.4519
1282.4519
1282.4519
1282.4519
1282.4519
1282.4519
1282.4519
1282.4519
1282.4519
1282.4507
1282.4507
1282.4507
1282.4507
1282.4507
1282.4507
1282.4507
1282.4507
1282.4507
1282.4507
1282.4507
1282.4507
1282.4507
1282.4507
1282.4518
1282.4518
1282.4518
1282.4518
1282.4518
1282.4518
1282.4518
1282.4518
1282.4518
1282.4518
1282.4518
1282.4518
1282.4518
1282.4518
1282.4506
1282.4506
1282.4506
1282.4506
1282.4506
1282.4506
1282.4506
1282.4506
1282.4506
1282.4506
1282.4506
1282.4506
1282.4506
1282.4506
1282.4521
1282.4521
1282.4521
1282.4521
1282.4521
1282.4521
1282.4521
1282.4521
1282.4521
1282.4521
1282.4521
1282.4521
1282.4521
1282.4521
1282.4509
1282.4509
1282.4509
1282.4509
1282.4509
1282.4509
1282.4509
1282.4509
1282.4509
1282.4509
1282.4509
1282.4509
1282.4509
1282.4509
1282.4514
1282.4514
1282.4514
1282.4514
1282.4514
1282.4514
1282.4514
1282.4514
1282.4514
1282.4514
1282.4514
1282.4514
1282.4514
1282.4514
1282.4511
1282.4511
1282.4511
1282.4511
1282.4511
1282.4511
1282.4511
1282.4511
1282.4511
1282.4511
1282.4511
1282.4511
1282.4511
1282.4511
1282.4505
1282.4505
1282.4505
1282.4505
1282.4505
1282.4505
1282.4505
1282.4505
1282.4505
1282.4505
1282.4505
1282.4505
1282.4505
1282.4505
1282.4512
1282.4512
1282.4512
1282.4512
1282.4512
1282.4512
1282.4512
1282.4512
1282.4512
1282.4512
1282.4512
1282.4512
1282.4512
1282.4512
1282.4517
1282.4517
1282.4517
1282.4517
1282.4517
1282.4517
1282.4517
1282.4517
1282.4517
1282.4517
1282.4517
1282.4517
1282.4517
1282.4517
1282.4510
1282.4510
1282.4510
1282.4510
1282.4510
1282.4510
1282.4510
1282.4510
1282.4510
1282.4510
1282.4510
1282.4510
1282.4510
1282.4510
1282.4508
1282.4508
1282.4508
1282.4508
1282.4508
1282.4508
1282.4508
1282.4508
1282.4508
1282.4508
1282.4508
1282.4508
1282.4508
1282.4508
1282.4504
1282.4504
1282.4504
1282.4504
1282.4504
1282.4504
1282.4504
1282.4504
1282.4504
1282.4504
1282.4504
1282.4504
1282.4504
1282.4504
1282.4525
1282.4525
1282.4525
1282.4525
1282.4525
1282.4525
1282.4525
1282.4525
1282.4525
1282.4525
1282.4525
1282.4525
1282.4525
1282.4525
1282.4534
1282.4534
1282.4534
1282.4534
1282.4534
1282.4534
1282.4534
1282.4534
1282.4534
1282.4534
1282.4534
1282.4534
1282.4534
1282.4534
1282.4526
1282.4526
1282.4526
1282.4526
1282.4526
1282.4526
1282.4526
1282.4526
1282.4526
1282.4526
1282.4526
1282.4526
1282.4526
1282.4526
1282.4527
1282.4527
1282.4527
1282.4527
1282.4527
1282.4527
1282.4527
1282.4527
1282.4527
1282.4527
1282.4527
1282.4527
1282.4527
1282.4527
1282.4531
1282.4531
1282.4531
1282.4531
1282.4531
1282.4531
1282.4531
1282.4531
1282.4531
1282.4531
1282.4531
1282.4531
1282.4531
1282.4531
1282.4536
1282.4536
1282.4536
1282.4536
1282.4536
1282.4536
1282.4536
1282.4536
1282.4536
1282.4536
1282.4536
1282.4536
1282.4536
1282.4536
1282.4541
1282.4541
1282.4541
1282.4541
1282.4541
1282.4541
1282.4541
1282.4541
1282.4541
1282.4541
1282.4541
1282.4541
1282.4541
1282.4541
1282.4530
1282.4530
1282.4530
1282.4530
1282.4530
1282.4530
1282.4530
1282.4530
1282.4530
1282.4530
1282.4530
1282.4530
1282.4530
1282.4530
1282.4540
1282.4540
1282.4540
1282.4540
1282.4540
1282.4540
1282.4540
1282.4540
1282.4540
1282.4540
1282.4540
1282.4540
1282.4540
1282.4540
1282.4535
1282.4535
1282.4535
1282.4535
1282.4535
1282.4535
1282.4535
1282.4535
1282.4535
1282.4535
1282.4535
1282.4535
1282.4535
1282.4535
1282.4523
1282.4523
1282.4523
1282.4523
1282.4523
1282.4523
1282.4523
1282.4523
1282.4523
1282.4523
1282.4523
1282.4523
1282.4523
1282.4523
1282.4528
1282.4528
1282.4528
1282.4528
1282.4528
1282.4528
1282.4528
1282.4528
1282.4528
1282.4528
1282.4528
1282.4528
1282.4528
1282.4528
1282.4537
1282.4537
1282.4537
1282.4537
1282.4537
1282.4537
1282.4537
1282.4537
1282.4537
1282.4537
1282.4537
1282.4537
1282.4537
1282.4537
1282.4538
1282.4538
1282.4538
1282.4538
1282.4538
1282.4538
1282.4538
1282.4538
1282.4538
1282.4538
1282.4538
1282.4538
1282.4538
1282.4538
1282.4542
1282.4542
1282.4542
1282.4542
1282.4542
1282.4542
1282.4542
1282.4542
1282.4542
1282.4542
1282.4542
1282.4542
1282.4542
1282.4542
1282.4539
1282.4539
1282.4539
1282.4539
1282.4539
1282.4539
1282.4539
1282.4539
1282.4539
1282.4539
1282.4539
1282.4539
1282.4539
1282.4539
1282.4522
1282.4522
1282.4522
1282.4522
1282.4522
1282.4522
1282.4522
1282.4522
1282.4522
1282.4522
1282.4522
1282.4522
1282.4522
1282.4522
1282.4524
1282.4524
1282.4524
1282.4524
1282.4524
1282.4524
1282.4524
1282.4524
1282.4524
1282.4524
1282.4524
1282.4524
1282.4524
1282.4524
1282.4533
1282.4533
1282.4533
1282.4533
1282.4533
1282.4533
1282.4533
1282.4533
1282.4533
1282.4533
1282.4533
1282.4533
1282.4533
1282.4533
1282.4532
1282.4532
1282.4532
1282.4532
1282.4532
1282.4532
1282.4532
1282.4532
1282.4532
1282.4532
1282.4532
1282.4532
1282.4532
1282.4532
1282.4529
1282.4529
1282.4529
1282.4529
1282.4529
1282.4529
1282.4529
1282.4529
1282.4529
1282.4529
1282.4529
1282.4529
1282.4529
1282.4529
1282.4543
1282.4543
1282.4543
1282.4543
1282.4543
1282.4543
1282.4543
1282.4543
1282.4543
1282.4543
1282.4543
1282.4543
1282.4543
1282.4543
1283.355
1283.355
1283.355
1283.355
1283.355
1283.355
1283.355
1283.355
1283.355
1283.353
1283.353
1283.353
1283.353
1283.353
1283.353
1283.353
1283.353
1283.353
1283.353
1283.354
1283.354
1283.354
1283.354
1283.354
1283.354
1283.354
1283.354
1283.354
1283.352
1283.352
1283.352
1283.352
1283.352
1283.352
1283.352
1283.352
1283.352
1283.352
1283.356
1283.356
1283.356
1283.356
1283.356
1283.356
1283.356
1283.356
1283.356
1283.357
1283.357
1283.357
1283.357
1283.357
1283.357
1283.357
1283.357
1283.357
1283.362
1283.362
1283.362
1283.362
1283.362
1283.362
1283.362
1283.362
1283.362
1283.361
1283.361
1283.361
1283.361
1283.361
1283.361
1283.361
1283.361
1283.361
1283.360
1283.360
1283.360
1283.360
1283.360
1283.360
1283.360
1283.360
1283.360
1283.363
1283.363
1283.363
1283.363
1283.363
1283.363
1283.363
1283.363
1283.363
1283.359
1283.359
1283.359
1283.359
1283.359
1283.359
1283.359
1283.359
1283.359
1283.359
1283.359
1283.358
1283.358
1283.358
1283.358
1283.358
1283.358
1283.358
1283.358
1283.358
1283.358
1283.358
1283.364
1283.364
1283.364
1283.364
1283.364
1283.364
1283.364
1283.364
1283.364
1283.364
1283.364
1283.365
1283.365
1283.365
1283.365
1283.365
1283.365
1283.365
1283.365
1283.365
1283.365
1283.365
1283.367
1283.367
1283.367
1283.367
1283.367
1283.367
1283.367
1283.367
1283.367
1283.367
1283.367
1283.369
1283.369
1283.369
1283.369
1283.369
1283.369
1283.369
1283.369
1283.369
1283.369
1283.369
1283.366
1283.366
1283.366
1283.366
1283.366
1283.366
1283.366
1283.366
1283.366
1283.366
1283.366
1283.368
1283.368
1283.368
1283.368
1283.368
1283.368
1283.368
1283.368
1283.368
1283.368
1283.368
1283.372
1283.372
1283.372
1283.372
1283.372
1283.372
1283.372
1283.372
1283.370
1283.370
1283.370
1283.370
1283.370
1283.370
1283.370
1283.370
1283.370
1283.370
1283.371
1283.371
1283.371
1283.371
1283.371
1283.371
1283.371
1283.371
1283.371
1283.371
1283.374
1283.374
1283.374
1283.374
1283.374
1283.374
1283.374
1283.374
1283.374
1283.374
1283.374
1283.377
1283.377
1283.377
1283.377
1283.377
1283.377
1283.377
1283.377
1283.377
1283.377
1283.375
1283.375
1283.375
1283.375
1283.375
1283.375
1283.375
1283.375
1283.375
1283.375
1283.376
1283.376
1283.376
1283.376
1283.376
1283.376
1283.376
1283.376
1283.376
1283.376
1283.376
1283.373
1283.373
1283.373
1283.373
1283.373
1283.373
1283.373
1283.373
1283.373
1283.373
1283.378
1283.378
1283.378
1283.378
1283.378
1283.378
1283.378
1283.378
1283.378
1283.378
1283.378
1283.379
1283.379
1283.379
1283.379
1283.379
1283.379
1283.379
1283.379
1283.379
1283.380
1283.380
1283.380
1283.380
1283.380
1283.380
1283.380
1283.380
1283.380
1283.380
1283.380
1283.381
1283.381
1283.381
1283.381
1283.381
1283.381
1283.381
1283.381
1283.381
1283.382
1283.382
1283.382
1283.382
1283.382
1283.382
1283.382
1283.382
1283.382
1283.382
1283.383
1283.383
1283.383
1283.383
1283.383
1283.383
1283.383
1283.383
1283.383
1283.383
1283.384
1283.384
1283.384
1283.384
1283.384
1283.384
1283.384
1283.384
1283.384
1283.384
1283.384
1283.385
1283.385
1283.385
1283.385
1283.385
1283.385
1283.385
1283.385
1283.385
1283.386
1283.386
1283.386
1283.386
1283.386
1283.386
1283.386
1283.386
1283.386
1283.387
1283.387
1283.387
1283.387
1283.387
1283.387
1283.387
1283.388
1283.388
1283.388
1283.388
1283.388
1283.388
1283.388
1283.388
1283.388
1283.389
1283.389
1283.389
1283.389
1283.389
1283.389
1283.389
1283.389
1283.389
1283.389
1283.390
1283.390
1283.390
1283.390
1283.390
1283.390
1283.390
1283.390
1283.390
1283.391
1283.391
1283.391
1283.391
1283.391
1283.391
1283.391
1283.391
1283.391
1283.391
1283.391
1283.392
1283.392
1283.392
1283.392
1283.392
1283.392
1283.392
1283.392
1283.392
1283.392
1283.393
1283.393
1283.393
1283.393
1283.393
1283.393
1283.393
1283.393
1283.393
1283.394
1283.394
1283.394
1283.394
1283.394
1283.394
1283.394
1283.394
1283.394
1283.395
1283.395
1283.395
1283.395
1283.395
1283.395
1283.395
1283.395
1283.395
1283.398
1283.398
1283.398
1283.398
1283.398
1283.398
1283.398
1283.398
1283.396
1283.396
1283.396
1283.396
1283.396
1283.396
1283.396
1283.396
1283.396
1283.397
1283.397
1283.397
1283.397
1283.397
1283.397
1283.397
1283.397
1283.397
1283.399
1283.399
1283.399
1283.399
1283.399
1283.399
1283.399
1283.401
1283.401
1283.401
1283.401
1283.401
1283.401
1283.401
1283.401
1283.401
1283.400
1283.400
1283.400
1283.400
1283.400
1283.400
1283.400
1283.400
1283.400
1283.403
1283.403
1283.403
1283.403
1283.403
1283.403
1283.403
1283.403
1283.403
1283.403
1283.403
1283.402
1283.402
1283.402
1283.402
1283.402
1283.402
1283.402
1283.402
1283.402
1283.402
1283.402
1283.404
1283.404
1283.404
1283.404
1283.404
1283.404
1283.404
1283.405
1283.405
1283.405
1283.405
1283.405
1283.405
1283.405
1283.405
1283.405
1283.405
1283.405
1283.405
1283.406
1283.406
1283.406
1283.406
1283.406
1283.406
1283.406
1283.406
1283.406
1283.406
1283.406
1283.406
1283.407
1283.407
1283.407
1283.407
1283.407
1283.407
1283.407
1283.407
1283.407
1283.407
1283.407
1283.407
1283.408
1283.408
1283.408
1283.408
1283.408
1283.408
1283.408
1283.408
1283.408
1283.408
1283.408
1283.409
1283.409
1283.409
1283.409
1283.409
1283.409
1283.409
1283.409
1283.409
1283.409
1283.409
1283.410
1283.410
1283.410
1283.410
1283.410
1283.410
1283.410
1283.410
1283.410
1283.410
1283.410
1283.410
1283.411
1283.411
1283.411
1283.411
1283.411
1283.411
1283.411
1283.411
1283.411
1283.411
1283.411
1283.412
1283.412
1283.412
1283.412
1283.412
1283.412
1283.412
1283.412
1283.413
1283.413
1283.413
1283.413
1283.413
1283.413
1283.413
1283.413
1283.413
1283.413
1283.413
1283.413
1283.414
1283.414
1283.414
1283.414
1283.414
1283.414
1283.414
1283.414
1283.414
1283.414
1283.414
1283.414
1283.414
1283.416
1283.416
1283.416
1283.416
1283.416
1283.416
1283.416
1283.416
1283.416
1283.416
1283.416
1283.417
1283.417
1283.417
1283.417
1283.417
1283.417
1283.417
1283.417
1283.417
1283.417
1283.418
1283.418
1283.418
1283.418
1283.418
1283.418
1283.418
1283.418
1283.415
1283.415
1283.415
1283.415
1283.415
1283.415
1283.415
1283.415
1283.419
1283.419
1283.419
1283.419
1283.419
1283.419
1283.419
1283.419
1283.419
1283.421
1283.421
1283.421
1283.421
1283.421
1283.421
1283.421
1283.421
1283.421
1283.420
1283.420
1283.420
1283.420
1283.420
1283.420
1283.420
1283.420
1283.420
1283.422
1283.422
1283.422
1283.422
1283.422
1283.422
1283.422
1283.422
1283.422
1283.423
1283.423
1283.423
1283.423
1283.423
1283.423
1283.423
1283.423
1283.424
1283.424
1283.424
1283.424
1283.424
1283.424
1283.424
1283.424
1283.424
1283.424
1283.424
1283.424
1283.425
1283.425
1283.425
1283.425
1283.425
1283.425
1283.425
1283.425
1283.425
1283.426
1283.426
1283.426
1283.426
1283.426
1283.426
1283.426
1283.426
1283.426
1283.427
1283.427
1283.427
1283.427
1283.427
1283.427
1283.427
1283.427
1283.427
1283.428
1283.428
1283.428
1283.428
1283.428
1283.428
1283.428
1283.428
1283.428
1283.429
1283.429
1283.429
1283.429
1283.429
1283.429
1283.429
1283.429
1283.429
1283.430
1283.430
1283.430
1283.430
1283.430
1283.430
1283.430
1283.430
1283.430
1283.430
1283.431
1283.431
1283.431
1283.434
1283.434
1283.434
1283.434
1283.434
1283.434
1283.434
1283.434
1283.433
1283.433
1283.433
1283.433
1283.433
1283.433
1283.433
1283.433
1283.433
1283.436
1283.436
1283.436
1283.436
1283.436
1283.436
1283.436
1283.436
1283.436
1283.436
1283.436
1283.436
1283.432
1283.432
1283.432
1283.432
1283.432
1283.432
1283.432
1283.432
1283.432
1283.432
1283.435
1283.435
1283.435
1283.435
1283.435
1283.435
1283.435
1283.435
1283.435
1283.435
1283.435
1283.437
1283.437
1283.437
1283.437
1283.437
1283.437
1283.437
1283.437
1283.437
1283.437
1283.437
1283.437
1283.438
1283.438
1283.438
1283.438
1283.438
1283.438
1283.438
1283.438
1283.438
1283.438
1283.440
1283.440
1283.440
1283.440
1283.440
1283.440
1283.440
1283.440
1283.440
1283.440
1283.440
1283.439
1283.439
1283.439
1283.439
1283.439
1283.439
1283.439
1283.439
1283.439
1283.439
1283.441
1283.441
1283.441
1283.441
1283.441
1283.441
1283.441
1283.441
1283.441
1283.441
1283.441
1283.442
1283.442
1283.442
1283.442
1283.442
1283.442
1283.442
1283.442
1283.442
1283.442
1283.442
1283.443
1283.443
1283.443
1283.443
1283.443
1283.443
1283.443
1283.443
1283.443
1283.443
1283.443
1283.444
1283.444
1283.444
1283.444
1283.444
1283.444
1283.444
1283.444
1283.444
1283.444
1283.444
1283.444
1283.444
1283.445
1283.445
1283.445
1283.445
1283.445
1283.445
1283.445
1283.445
1283.445
1283.446
1283.446
1283.446
1283.446
1283.446
1283.446
1283.446
1283.446
1283.446
1283.446
1283.446
1283.446
1283.447
1283.447
1283.447
1283.447
1283.447
1283.447
1283.447
1283.447
1283.447
1283.447
1283.447
1283.448
1283.448
1283.448
1283.448
1283.448
1283.448
1283.448
1283.448
1283.448
1283.448
1283.448
1283.449
1283.449
1283.449
1283.449
1283.449
1283.449
1283.449
1283.449
1283.450
1283.450
1283.450
1283.450
1283.450
1283.450
1283.450
1283.450
1283.450
1283.450
1283.451
1283.451
1283.451
1283.451
1283.451
1283.451
1283.451
1283.451
1283.451
1283.451
1283.451
1283.451
1283.452
1283.452
1283.452
1283.452
1283.452
1283.452
1283.452
1283.452
1283.452
1283.452
1283.453
1283.453
1283.453
1283.453
1283.453
1283.453
1283.453
1283.453
1283.453
1283.454
1283.454
1283.454
1283.454
1283.454
1283.454
1283.454
1283.454
1283.454
1283.454
1283.454
1283.455
1283.455
1283.455
1283.455
1283.455
1283.455
1283.455
1283.455
1283.455
1283.455
1283.455
1283.455
1283.455
1283.456
1283.456
1283.456
1283.456
1283.456
1283.456
1283.456
1283.456
1283.456
1283.456
1283.456
1283.456
1283.457
1283.457
1283.457
1283.457
1283.457
1283.457
1283.457
1283.457
1283.457
1283.457
1283.457
1283.458
1283.458
1283.458
1283.458
1283.459
1283.459
1283.459
1283.459
1283.459
1283.459
1283.459
1283.459
1283.459
1283.459
1283.459
1283.460
1283.460
1283.460
1283.460
1283.460
1283.460
1283.460
1283.460
1283.460
1283.461
1283.461
1283.461
1283.461
1283.461
1283.461
1283.461
1283.461
1283.461
1283.461
1283.461
1283.461
1283.462
1283.462
1283.462
1283.462
1283.462
1283.462
1283.462
1283.462
1283.462
1283.463
1283.463
1283.463
1283.463
1283.463
1283.463
1283.463
1283.463
1283.463
1283.463
1283.464
1283.464
1283.464
1283.464
1283.464
1283.464
1283.464
1283.464
1283.464
1283.464
1283.465
1283.465
1283.465
1283.465
1283.465
1283.465
1283.465
1283.465
1283.465
1283.465
1283.465
1283.465
1283.465
1283.466
1283.466
1283.466
1283.466
1283.466
1283.466
1283.466
1283.466
1283.466
1283.466
1283.466
1283.466
1283.467
1283.467
1283.467
1283.467
1283.467
1283.467
1283.467
1283.467
1283.467
1283.467
1283.467
1283.468
1283.468
1283.468
1283.468
1283.468
1283.468
1283.468
1283.468
1283.468
1283.468
1283.469
1283.469
1283.469
1283.469
1283.469
1283.469
1283.469
1283.469
1283.469
1283.470
1283.470
1283.470
1283.470
1283.470
1283.470
1283.470
1283.470
1283.470
1283.471
1283.471
1283.471
1283.471
1283.471
1283.471
1283.471
1283.471
1283.471
1283.471
1283.472
1283.472
1283.472
1283.472
1283.472
1283.472
1283.472
1283.472
1283.472
1283.472
1283.472
1283.472
1283.473
1283.473
1283.473
1283.473
1283.473
1283.473
1283.473
1283.473
1283.473
1283.473
1283.473
1283.473
1283.473
1283.474
1283.474
1283.474
1283.474
1283.474
1283.474
1283.474
1283.474
1283.474
1283.474
1283.474
1283.474
1283.474
1283.475
1283.475
1283.475
1283.475
1283.475
1283.475
1283.475
1283.475
1283.475
1283.475
1283.475
1283.475
1283.475
1283.1573
1283.1573
1283.1573
1283.1573
1283.1573
1283.1573
1283.1573
1283.1573
1283.1573
1283.1573
1283.1573
1283.1573
1283.1573
1283.1573
1283.1573
1283.1573
1283.1573
1283.1573
1283.1573
1283.1573
1283.1573
1283.1573
1283.635
1283.635
1283.635
1283.635
1283.635
1283.635
1283.635
1283.635
1283.635
1283.635
1283.635
1283.635
1283.635
1283.635
1283.635
1283.635
1283.635
1283.635
1283.635
1283.635
1283.635
1283.634
1283.634
1283.634
1283.634
1283.634
1283.634
1283.634
1283.634
1283.634
1283.634
1283.634
1283.634
1283.634
1283.634
1283.634
1283.634
1283.634
1283.634
1283.634
1283.634
1283.634
1283.633
1283.633
1283.633
1283.633
1283.633
1283.633
1283.633
1283.633
1283.633
1283.633
1283.633
1283.633
1283.633
1283.633
1283.633
1283.633
1283.633
1283.633
1283.633
1283.633
1283.633
1283.632
1283.632
1283.632
1283.632
1283.632
1283.632
1283.632
1283.632
1283.632
1283.632
1283.632
1283.632
1283.632
1283.632
1283.632
1283.632
1283.632
1283.632
1283.632
1283.632
1283.632
1290.602
1290.602
1290.602
1290.602
1290.602
1290.602
1290.602
1290.602
1290.602
1290.602
1290.602
1290.602
1290.602
1290.602
1290.602
1290.602
1290.602
1290.602
1290.602
1290.594
1290.594
1290.594
1290.594
1290.594
1290.594
1290.594
1290.594
1290.594
1290.594
1290.594
1290.594
1290.594
1290.594
1290.594
1290.594
1290.594
1290.594
1290.594
1290.594
1290.594
1290.594
1290.595
1290.595
1290.595
1290.595
1290.595
1290.595
1290.595
1290.595
1290.595
1290.595
1290.595
1290.595
1290.595
1290.595
1290.595
1290.595
1290.595
1290.595
1290.595
1290.595
1290.595
1290.595
1290.597
1290.597
1290.597
1290.597
1290.597
1290.597
1290.597
1290.597
1290.597
1290.597
1290.597
1290.597
1290.597
1290.597
1290.597
1290.597
1290.597
1290.597
1290.597
1290.597
1290.597
1290.597
1290.596
1290.596
1290.596
1290.596
1290.596
1290.596
1290.596
1290.596
1290.596
1290.596
1290.596
1290.596
1290.596
1290.596
1290.596
1290.596
1290.596
1290.596
1290.596
1290.596
1290.596
1290.596
1290.593
1290.593
1290.593
1290.593
1290.593
1290.593
1290.593
1290.593
1290.593
1290.593
1290.593
1290.593
1290.593
1290.593
1290.593
1290.593
1290.593
1290.593
1290.593
1290.593
1290.593
1290.593
1290.592
1290.592
1290.592
1290.592
1290.592
1290.592
1290.592
1290.592
1290.592
1290.592
1290.592
1290.592
1290.592
1290.592
1290.592
1290.592
1290.592
1290.592
1290.592
1290.592
1290.592
1290.592
1290.604
1290.604
1290.604
1290.604
1290.604
1290.604
1290.604
1290.604
1290.604
1290.604
1290.604
1290.604
1290.604
1290.604
1290.604
1290.604
1290.604
1290.604
1290.604
1290.604
1290.604
1290.604
1290.603
1290.603
1290.603
1290.603
1290.603
1290.603
1290.603
1290.603
1290.603
1290.603
1290.603
1290.603
1290.603
1290.603
1290.603
1290.603
1290.603
1290.603
1290.603
1290.603
1290.603
1290.603
1290.601
1290.601
1290.601
1290.601
1290.601
1290.601
1290.601
1290.601
1290.601
1290.601
1290.601
1290.601
1290.601
1290.601
1290.601
1290.601
1290.601
1290.601
1290.601
1290.601
1290.601
1290.601
1290.605
1290.605
1290.605
1290.605
1290.605
1290.605
1290.605
1290.605
1290.605
1290.605
1290.605
1290.605
1290.605
1290.605
1290.605
1290.605
1290.605
1290.605
1290.605
1290.605
1290.605
1290.605
1290.607
1290.607
1290.607
1290.607
1290.607
1290.607
1290.607
1290.607
1290.607
1290.607
1290.607
1290.607
1290.607
1290.607
1290.607
1290.607
1290.607
1290.607
1290.607
1290.607
1290.607
1290.607
1290.608
1290.608
1290.608
1290.608
1290.608
1290.608
1290.608
1290.608
1290.608
1290.608
1290.608
1290.608
1290.608
1290.608
1290.608
1290.608
1290.608
1290.608
1290.608
1290.608
1290.608
1290.608
1290.606
1290.606
1290.606
1290.606
1290.606
1290.606
1290.606
1290.606
1290.606
1290.606
1290.606
1290.606
1290.606
1290.606
1290.606
1290.606
1290.606
1290.606
1290.606
1290.606
1290.606
1290.606
1290.600
1290.600
1290.600
1290.600
1290.600
1290.600
1290.600
1290.600
1290.600
1290.600
1290.600
1290.600
1290.600
1290.600
1290.600
1290.600
1290.600
1290.600
1290.600
1290.600
1290.600
1290.600
1290.599
1290.599
1290.599
1290.599
1290.599
1290.599
1290.599
1290.599
1290.599
1290.599
1290.599
1290.599
1290.599
1290.599
1290.599
1290.599
1290.599
1290.599
1290.599
1290.599
1290.599
1290.599
1290.598
1290.598
1290.598
1290.598
1290.598
1290.598
1290.598
1290.598
1290.598
1290.598
1290.598
1290.598
1290.598
1290.598
1290.598
1290.598
1290.598
1290.598
1290.598
1290.598
1290.598
1290.598
904339.3
1290.135
1290.135
1290.135
1290.135
1290.135
1290.135
1290.135
1290.135
1290.135
28035.369
28035.369
28035.369
28035.369
28035.369
28035.369
28035.369
28035.369
28035.369
28035.369
28035.369
28035.369
28035.369
28035.369
28035.369
28035.369
28035.369
28035.369
28035.369
28035.371
28035.371
28035.371
28035.371
28035.371
28035.371
28035.371
28035.371
28035.371
28035.371
28035.371
28035.371
28035.371
28035.371
28035.371
28035.371
28035.371
28035.371
28035.371
28035.370
28035.370
28035.370
28035.370
28035.370
28035.370
28035.370
28035.370
28035.370
28035.370
28035.370
28035.370
28035.370
28035.370
28035.370
28035.370
28035.370
28035.370
28035.370
904346.3
904314.5
170573.15
170573.15
170573.15
170573.15
170573.15
170573.15
170573.15
170573.15
170573.15
170573.15
170573.15
170573.15
170573.15
170573.15
170573.15
29385.538
29385.538
29385.538
29385.538
29385.538
29385.538
29385.538
29385.538
29385.538
29385.538
29385.538
29385.538
29385.538
29385.538
29385.538
29385.538
29385.538
29385.538
29385.538
29385.245
29385.245
29385.245
29385.245
29385.245
29385.245
29385.245
29385.245
29385.245
29385.245
29385.245
29385.245
29385.245
29385.245
29385.245
29385.245
29385.245
904338.3
904338.3
