pmid	file_name	sheet_name	isolate_id	bioproject_accession	biosample_accession	assembly_accession	genbank_accessions	refseq_accessions	sra_accession	other_accessions	drug	mic_sign	mic	sir_call	notes
29729180	BJD-179-951-s001.xlsx	Sheet 1	1151-66		SAMEA104602039				ERS2213321		penicillin	>=	0.5	R	
29729180	BJD-179-951-s001.xlsx	Sheet 1	1151-66		SAMEA104602039				ERS2213321		oxacillin	<=	0.25	S	
29729180	BJD-179-951-s001.xlsx	Sheet 1	1151-66		SAMEA104602039				ERS2213321		gentamicin	<=	0.5	S	
29729180	BJD-179-951-s001.xlsx	Sheet 1	1151-66		SAMEA104602039				ERS2213321		ciprofloxacin	<=	0.5	S	
29729180	BJD-179-951-s001.xlsx	Sheet 1	1151-66		SAMEA104602039				ERS2213321		erythromycin	=	1	S	mic_sign '=' inferred
29729180	BJD-179-951-s001.xlsx	Sheet 1	1151-66		SAMEA104602039				ERS2213321		clindamycin	=	0.25	S	mic_sign '=' inferred
29729180	BJD-179-951-s001.xlsx	Sheet 1	1151-66		SAMEA104602039				ERS2213321		tetracycline	<=	1	S	
29729180	BJD-179-951-s001.xlsx	Sheet 1	1151-66		SAMEA104602039				ERS2213321		fusidic acid	=	4	R	mic_sign '=' inferred
29729180	BJD-179-951-s001.xlsx	Sheet 1	1151-66		SAMEA104602039				ERS2213321		mupirocin	<=	2	S	
29729180	BJD-179-951-s001.xlsx	Sheet 1	1151-66		SAMEA104602039				ERS2213321		trimethoprim	<=	0.5	S	
29729180	BJD-179-951-s001.xlsx	Sheet 1	1151-66		SAMEA104602039				ERS2213321		linezolid	=	2	S	mic_sign '=' inferred
29729180	BJD-179-951-s001.xlsx	Sheet 1	1151-66		SAMEA104602039				ERS2213321		daptomycin	=	0.25	S	mic_sign '=' inferred
29729180	BJD-179-951-s001.xlsx	Sheet 1	1151-66		SAMEA104602039				ERS2213321		teicoplanin	<=	0.5	S	
29729180	BJD-179-951-s001.xlsx	Sheet 1	1151-66		SAMEA104602039				ERS2213321		vancomycin	=	1	S	mic_sign '=' inferred
29729180	BJD-179-951-s001.xlsx	Sheet 1	1151-66		SAMEA104602039				ERS2213321		chloramphenicol	=	8	S	mic_sign '=' inferred
29729180	BJD-179-951-s001.xlsx	Sheet 1	1151-66		SAMEA104602039				ERS2213321		rifampin	<=	0.03	S	
29729180	BJD-179-951-s001.xlsx	Sheet 1	1332-23		SAMEA104602040				ERS2213322		penicillin	>=	0.5	R	
29729180	BJD-179-951-s001.xlsx	Sheet 1	1332-23		SAMEA104602040				ERS2213322		oxacillin	<=	0.25	S	
29729180	BJD-179-951-s001.xlsx	Sheet 1	1332-23		SAMEA104602040				ERS2213322		gentamicin	<=	0.5	S	
29729180	BJD-179-951-s001.xlsx	Sheet 1	1332-23		SAMEA104602040				ERS2213322		ciprofloxacin	<=	0.5	S	
29729180	BJD-179-951-s001.xlsx	Sheet 1	1332-23		SAMEA104602040				ERS2213322		erythromycin	>=	8	R	
29729180	BJD-179-951-s001.xlsx	Sheet 1	1332-23		SAMEA104602040				ERS2213322		clindamycin	=	0.25	R	mic_sign '=' inferred
29729180	BJD-179-951-s001.xlsx	Sheet 1	1332-23		SAMEA104602040				ERS2213322		tetracycline	<=	1	S	
29729180	BJD-179-951-s001.xlsx	Sheet 1	1332-23		SAMEA104602040				ERS2213322		fusidic acid	<=	0.5	S	
29729180	BJD-179-951-s001.xlsx	Sheet 1	1332-23		SAMEA104602040				ERS2213322		mupirocin	<=	2	S	
29729180	BJD-179-951-s001.xlsx	Sheet 1	1332-23		SAMEA104602040				ERS2213322		trimethoprim	<=	0.5	S	
29729180	BJD-179-951-s001.xlsx	Sheet 1	1332-23		SAMEA104602040				ERS2213322		linezolid	=	2	S	mic_sign '=' inferred
29729180	BJD-179-951-s001.xlsx	Sheet 1	1332-23		SAMEA104602040				ERS2213322		daptomycin	=	0.25	S	mic_sign '=' inferred
29729180	BJD-179-951-s001.xlsx	Sheet 1	1332-23		SAMEA104602040				ERS2213322		teicoplanin	<=	0.5	S	
29729180	BJD-179-951-s001.xlsx	Sheet 1	1332-23		SAMEA104602040				ERS2213322		vancomycin	=	1	S	mic_sign '=' inferred
29729180	BJD-179-951-s001.xlsx	Sheet 1	1332-23		SAMEA104602040				ERS2213322		chloramphenicol	=	8	S	mic_sign '=' inferred
29729180	BJD-179-951-s001.xlsx	Sheet 1	1332-23		SAMEA104602040				ERS2213322		rifampin	<=	0.03	S	
29729180	BJD-179-951-s001.xlsx	Sheet 1	1434-01		SAMEA104602041				ERS2213323		penicillin	>=	0.5	R	
29729180	BJD-179-951-s001.xlsx	Sheet 1	1434-01		SAMEA104602041				ERS2213323		oxacillin	<=	0.25	S	
29729180	BJD-179-951-s001.xlsx	Sheet 1	1434-01		SAMEA104602041				ERS2213323		gentamicin	<=	0.5	S	
29729180	BJD-179-951-s001.xlsx	Sheet 1	1434-01		SAMEA104602041				ERS2213323		ciprofloxacin	<=	0.5	S	
29729180	BJD-179-951-s001.xlsx	Sheet 1	1434-01		SAMEA104602041				ERS2213323		erythromycin	=	0.5	S	mic_sign '=' inferred
29729180	BJD-179-951-s001.xlsx	Sheet 1	1434-01		SAMEA104602041				ERS2213323		clindamycin	=	0.25	S	mic_sign '=' inferred
29729180	BJD-179-951-s001.xlsx	Sheet 1	1434-01		SAMEA104602041				ERS2213323		tetracycline	<=	1	S	
29729180	BJD-179-951-s001.xlsx	Sheet 1	1434-01		SAMEA104602041				ERS2213323		fusidic acid	<=	0.5	S	
29729180	BJD-179-951-s001.xlsx	Sheet 1	1434-01		SAMEA104602041				ERS2213323		mupirocin	<=	2	S	
29729180	BJD-179-951-s001.xlsx	Sheet 1	1434-01		SAMEA104602041				ERS2213323		trimethoprim	<=	0.5	S	
29729180	BJD-179-951-s001.xlsx	Sheet 1	1434-01		SAMEA104602041				ERS2213323		linezolid	=	2	S	mic_sign '=' inferred
29729180	BJD-179-951-s001.xlsx	Sheet 1	1434-01		SAMEA104602041				ERS2213323		daptomycin	=	0.25	S	mic_sign '=' inferred
29729180	BJD-179-951-s001.xlsx	Sheet 1	1434-01		SAMEA104602041				ERS2213323		teicoplanin	<=	0.5	S	
29729180	BJD-179-951-s001.xlsx	Sheet 1	1434-01		SAMEA104602041				ERS2213323		vancomycin	=	1	S	mic_sign '=' inferred
29729180	BJD-179-951-s001.xlsx	Sheet 1	1434-01		SAMEA104602041				ERS2213323		chloramphenicol	=	8	S	mic_sign '=' inferred
29729180	BJD-179-951-s001.xlsx	Sheet 1	1434-01		SAMEA104602041				ERS2213323		rifampin	<=	0.03	S	
29729180	BJD-179-951-s001.xlsx	Sheet 1	1435-93		SAMEA104602042				ERS2213324		penicillin	>=	0.5	R	
29729180	BJD-179-951-s001.xlsx	Sheet 1	1435-93		SAMEA104602042				ERS2213324		oxacillin	=	0.5	S	mic_sign '=' inferred
29729180	BJD-179-951-s001.xlsx	Sheet 1	1435-93		SAMEA104602042				ERS2213324		gentamicin	<=	0.5	S	
29729180	BJD-179-951-s001.xlsx	Sheet 1	1435-93		SAMEA104602042				ERS2213324		ciprofloxacin	<=	0.5	S	
29729180	BJD-179-951-s001.xlsx	Sheet 1	1435-93		SAMEA104602042				ERS2213324		erythromycin	=	1	S	mic_sign '=' inferred
29729180	BJD-179-951-s001.xlsx	Sheet 1	1435-93		SAMEA104602042				ERS2213324		clindamycin	=	0.25	S	mic_sign '=' inferred
29729180	BJD-179-951-s001.xlsx	Sheet 1	1435-93		SAMEA104602042				ERS2213324		tetracycline	<=	1	S	
29729180	BJD-179-951-s001.xlsx	Sheet 1	1435-93		SAMEA104602042				ERS2213324		fusidic acid	<=	0.5	S	
29729180	BJD-179-951-s001.xlsx	Sheet 1	1435-93		SAMEA104602042				ERS2213324		mupirocin	<=	2	S	
29729180	BJD-179-951-s001.xlsx	Sheet 1	1435-93		SAMEA104602042				ERS2213324		trimethoprim	<=	0.5	S	
29729180	BJD-179-951-s001.xlsx	Sheet 1	1435-93		SAMEA104602042				ERS2213324		linezolid	=	2	S	mic_sign '=' inferred
29729180	BJD-179-951-s001.xlsx	Sheet 1	1435-93		SAMEA104602042				ERS2213324		daptomycin	=	0.5	S	mic_sign '=' inferred
29729180	BJD-179-951-s001.xlsx	Sheet 1	1435-93		SAMEA104602042				ERS2213324		teicoplanin	<=	0.5	S	
29729180	BJD-179-951-s001.xlsx	Sheet 1	1435-93		SAMEA104602042				ERS2213324		vancomycin	=	1	S	mic_sign '=' inferred
29729180	BJD-179-951-s001.xlsx	Sheet 1	1435-93		SAMEA104602042				ERS2213324		chloramphenicol	=	8	S	mic_sign '=' inferred
29729180	BJD-179-951-s001.xlsx	Sheet 1	1435-93		SAMEA104602042				ERS2213324		rifampin	<=	0.03	S	
29729180	BJD-179-951-s001.xlsx	Sheet 1	1444-05		SAMEA104602043				ERS2213325		penicillin	>=	0.5	R	
29729180	BJD-179-951-s001.xlsx	Sheet 1	1444-05		SAMEA104602043				ERS2213325		oxacillin	<=	0.25	S	
29729180	BJD-179-951-s001.xlsx	Sheet 1	1444-05		SAMEA104602043				ERS2213325		gentamicin	<=	0.5	S	
29729180	BJD-179-951-s001.xlsx	Sheet 1	1444-05		SAMEA104602043				ERS2213325		ciprofloxacin	<=	0.5	S	
29729180	BJD-179-951-s001.xlsx	Sheet 1	1444-05		SAMEA104602043				ERS2213325		erythromycin	=	1	S	mic_sign '=' inferred
29729180	BJD-179-951-s001.xlsx	Sheet 1	1444-05		SAMEA104602043				ERS2213325		clindamycin	=	0.25	S	mic_sign '=' inferred
29729180	BJD-179-951-s001.xlsx	Sheet 1	1444-05		SAMEA104602043				ERS2213325		tetracycline	<=	1	S	
29729180	BJD-179-951-s001.xlsx	Sheet 1	1444-05		SAMEA104602043				ERS2213325		fusidic acid	<=	0.5	S	
29729180	BJD-179-951-s001.xlsx	Sheet 1	1444-05		SAMEA104602043				ERS2213325		mupirocin	<=	2	S	
29729180	BJD-179-951-s001.xlsx	Sheet 1	1444-05		SAMEA104602043				ERS2213325		trimethoprim	=	1	S	mic_sign '=' inferred
29729180	BJD-179-951-s001.xlsx	Sheet 1	1444-05		SAMEA104602043				ERS2213325		linezolid	=	2	S	mic_sign '=' inferred
29729180	BJD-179-951-s001.xlsx	Sheet 1	1444-05		SAMEA104602043				ERS2213325		daptomycin	=	0.25	S	mic_sign '=' inferred
29729180	BJD-179-951-s001.xlsx	Sheet 1	1444-05		SAMEA104602043				ERS2213325		teicoplanin	<=	0.5	S	
29729180	BJD-179-951-s001.xlsx	Sheet 1	1444-05		SAMEA104602043				ERS2213325		vancomycin	=	1	S	mic_sign '=' inferred
29729180	BJD-179-951-s001.xlsx	Sheet 1	1444-05		SAMEA104602043				ERS2213325		chloramphenicol	=	8	S	mic_sign '=' inferred
29729180	BJD-179-951-s001.xlsx	Sheet 1	1444-05		SAMEA104602043				ERS2213325		rifampin	<=	0.03	S	
29729180	BJD-179-951-s001.xlsx	Sheet 1	1445-10		SAMEA104602044				ERS2213326		penicillin	>=	0.5	R	
29729180	BJD-179-951-s001.xlsx	Sheet 1	1445-10		SAMEA104602044				ERS2213326		oxacillin	=	0.5	S	mic_sign '=' inferred
29729180	BJD-179-951-s001.xlsx	Sheet 1	1445-10		SAMEA104602044				ERS2213326		gentamicin	<=	0.5	S	
29729180	BJD-179-951-s001.xlsx	Sheet 1	1445-10		SAMEA104602044				ERS2213326		ciprofloxacin	<=	0.5	S	
29729180	BJD-179-951-s001.xlsx	Sheet 1	1445-10		SAMEA104602044				ERS2213326		erythromycin	=	1	S	mic_sign '=' inferred
29729180	BJD-179-951-s001.xlsx	Sheet 1	1445-10		SAMEA104602044				ERS2213326		clindamycin	=	0.25	S	mic_sign '=' inferred
29729180	BJD-179-951-s001.xlsx	Sheet 1	1445-10		SAMEA104602044				ERS2213326		tetracycline	<=	1	S	
29729180	BJD-179-951-s001.xlsx	Sheet 1	1445-10		SAMEA104602044				ERS2213326		fusidic acid	>=	32	R	
29729180	BJD-179-951-s001.xlsx	Sheet 1	1445-10		SAMEA104602044				ERS2213326		mupirocin	<=	2	S	
29729180	BJD-179-951-s001.xlsx	Sheet 1	1445-10		SAMEA104602044				ERS2213326		trimethoprim	<=	0.5	S	
29729180	BJD-179-951-s001.xlsx	Sheet 1	1445-10		SAMEA104602044				ERS2213326		linezolid	=	2	S	mic_sign '=' inferred
29729180	BJD-179-951-s001.xlsx	Sheet 1	1445-10		SAMEA104602044				ERS2213326		daptomycin	=	0.25	S	mic_sign '=' inferred
29729180	BJD-179-951-s001.xlsx	Sheet 1	1445-10		SAMEA104602044				ERS2213326		teicoplanin	<=	0.5	S	
29729180	BJD-179-951-s001.xlsx	Sheet 1	1445-10		SAMEA104602044				ERS2213326		vancomycin	=	1	S	mic_sign '=' inferred
29729180	BJD-179-951-s001.xlsx	Sheet 1	1445-10		SAMEA104602044				ERS2213326		chloramphenicol	=	8	S	mic_sign '=' inferred
29729180	BJD-179-951-s001.xlsx	Sheet 1	1445-10		SAMEA104602044				ERS2213326		rifampin	<=	0.03	S	
29729180	BJD-179-951-s001.xlsx	Sheet 1	1446-13		SAMEA104602045				ERS2213327		penicillin	>=	0.5	R	
29729180	BJD-179-951-s001.xlsx	Sheet 1	1446-13		SAMEA104602045				ERS2213327		oxacillin	=	0.5	S	mic_sign '=' inferred
29729180	BJD-179-951-s001.xlsx	Sheet 1	1446-13		SAMEA104602045				ERS2213327		gentamicin	<=	0.5	S	
29729180	BJD-179-951-s001.xlsx	Sheet 1	1446-13		SAMEA104602045				ERS2213327		ciprofloxacin	<=	0.5	S	
29729180	BJD-179-951-s001.xlsx	Sheet 1	1446-13		SAMEA104602045				ERS2213327		erythromycin	=	1	S	mic_sign '=' inferred
29729180	BJD-179-951-s001.xlsx	Sheet 1	1446-13		SAMEA104602045				ERS2213327		clindamycin	=	0.25	S	mic_sign '=' inferred
29729180	BJD-179-951-s001.xlsx	Sheet 1	1446-13		SAMEA104602045				ERS2213327		tetracycline	<=	1	S	
29729180	BJD-179-951-s001.xlsx	Sheet 1	1446-13		SAMEA104602045				ERS2213327		fusidic acid	<=	0.5	S	
29729180	BJD-179-951-s001.xlsx	Sheet 1	1446-13		SAMEA104602045				ERS2213327		mupirocin	<=	2	S	
29729180	BJD-179-951-s001.xlsx	Sheet 1	1446-13		SAMEA104602045				ERS2213327		trimethoprim	<=	0.5	S	
29729180	BJD-179-951-s001.xlsx	Sheet 1	1446-13		SAMEA104602045				ERS2213327		linezolid	=	2	S	mic_sign '=' inferred
29729180	BJD-179-951-s001.xlsx	Sheet 1	1446-13		SAMEA104602045				ERS2213327		daptomycin	=	0.25	S	mic_sign '=' inferred
29729180	BJD-179-951-s001.xlsx	Sheet 1	1446-13		SAMEA104602045				ERS2213327		teicoplanin	<=	0.5	S	
29729180	BJD-179-951-s001.xlsx	Sheet 1	1446-13		SAMEA104602045				ERS2213327		vancomycin	=	1	S	mic_sign '=' inferred
29729180	BJD-179-951-s001.xlsx	Sheet 1	1446-13		SAMEA104602045				ERS2213327		chloramphenicol	=	8	S	mic_sign '=' inferred
29729180	BJD-179-951-s001.xlsx	Sheet 1	1446-13		SAMEA104602045				ERS2213327		rifampin	<=	0.03	S	
29729180	BJD-179-951-s001.xlsx	Sheet 1	1447-14		SAMEA104602046				ERS2213328		penicillin	>=	0.5	R	
29729180	BJD-179-951-s001.xlsx	Sheet 1	1447-14		SAMEA104602046				ERS2213328		oxacillin	=	0.5	S	mic_sign '=' inferred
29729180	BJD-179-951-s001.xlsx	Sheet 1	1447-14		SAMEA104602046				ERS2213328		gentamicin	<=	0.5	S	
29729180	BJD-179-951-s001.xlsx	Sheet 1	1447-14		SAMEA104602046				ERS2213328		ciprofloxacin	<=	0.5	S	
29729180	BJD-179-951-s001.xlsx	Sheet 1	1447-14		SAMEA104602046				ERS2213328		erythromycin	=	0.5	S	mic_sign '=' inferred
29729180	BJD-179-951-s001.xlsx	Sheet 1	1447-14		SAMEA104602046				ERS2213328		clindamycin	=	0.25	S	mic_sign '=' inferred
29729180	BJD-179-951-s001.xlsx	Sheet 1	1447-14		SAMEA104602046				ERS2213328		tetracycline	<=	1	S	
29729180	BJD-179-951-s001.xlsx	Sheet 1	1447-14		SAMEA104602046				ERS2213328		fusidic acid	=	16	R	mic_sign '=' inferred
29729180	BJD-179-951-s001.xlsx	Sheet 1	1447-14		SAMEA104602046				ERS2213328		mupirocin	<=	2	S	
29729180	BJD-179-951-s001.xlsx	Sheet 1	1447-14		SAMEA104602046				ERS2213328		trimethoprim	=	1	S	mic_sign '=' inferred
29729180	BJD-179-951-s001.xlsx	Sheet 1	1447-14		SAMEA104602046				ERS2213328		linezolid	=	2	S	mic_sign '=' inferred
29729180	BJD-179-951-s001.xlsx	Sheet 1	1447-14		SAMEA104602046				ERS2213328		daptomycin	=	0.25	S	mic_sign '=' inferred
29729180	BJD-179-951-s001.xlsx	Sheet 1	1447-14		SAMEA104602046				ERS2213328		teicoplanin	<=	0.5	S	
29729180	BJD-179-951-s001.xlsx	Sheet 1	1447-14		SAMEA104602046				ERS2213328		vancomycin	=	1	S	mic_sign '=' inferred
29729180	BJD-179-951-s001.xlsx	Sheet 1	1447-14		SAMEA104602046				ERS2213328		chloramphenicol	=	8	S	mic_sign '=' inferred
29729180	BJD-179-951-s001.xlsx	Sheet 1	1447-14		SAMEA104602046				ERS2213328		rifampin	<=	0.03	S	
29729180	BJD-179-951-s001.xlsx	Sheet 1	1462-18		SAMEA104602047				ERS2213329		penicillin	>=	0.5	R	
29729180	BJD-179-951-s001.xlsx	Sheet 1	1462-18		SAMEA104602047				ERS2213329		oxacillin	<=	0.25	S	
29729180	BJD-179-951-s001.xlsx	Sheet 1	1462-18		SAMEA104602047				ERS2213329		gentamicin	<=	0.5	S	
29729180	BJD-179-951-s001.xlsx	Sheet 1	1462-18		SAMEA104602047				ERS2213329		ciprofloxacin	<=	0.5	S	
29729180	BJD-179-951-s001.xlsx	Sheet 1	1462-18		SAMEA104602047				ERS2213329		erythromycin	=	0.5	S	mic_sign '=' inferred
29729180	BJD-179-951-s001.xlsx	Sheet 1	1462-18		SAMEA104602047				ERS2213329		clindamycin	=	0.25	S	mic_sign '=' inferred
29729180	BJD-179-951-s001.xlsx	Sheet 1	1462-18		SAMEA104602047				ERS2213329		tetracycline	<=	1	S	
29729180	BJD-179-951-s001.xlsx	Sheet 1	1462-18		SAMEA104602047				ERS2213329		fusidic acid	<=	0.5	S	
29729180	BJD-179-951-s001.xlsx	Sheet 1	1462-18		SAMEA104602047				ERS2213329		mupirocin	<=	2	S	
29729180	BJD-179-951-s001.xlsx	Sheet 1	1462-18		SAMEA104602047				ERS2213329		trimethoprim	<=	0.5	S	
29729180	BJD-179-951-s001.xlsx	Sheet 1	1462-18		SAMEA104602047				ERS2213329		linezolid	=	2	S	mic_sign '=' inferred
29729180	BJD-179-951-s001.xlsx	Sheet 1	1462-18		SAMEA104602047				ERS2213329		daptomycin	=	0.25	S	mic_sign '=' inferred
29729180	BJD-179-951-s001.xlsx	Sheet 1	1462-18		SAMEA104602047				ERS2213329		teicoplanin	<=	0.5	S	
29729180	BJD-179-951-s001.xlsx	Sheet 1	1462-18		SAMEA104602047				ERS2213329		vancomycin	=	1	S	mic_sign '=' inferred
29729180	BJD-179-951-s001.xlsx	Sheet 1	1462-18		SAMEA104602047				ERS2213329		chloramphenicol	=	8	S	mic_sign '=' inferred
29729180	BJD-179-951-s001.xlsx	Sheet 1	1462-18		SAMEA104602047				ERS2213329		rifampin	<=	0.03	S	
29729180	BJD-179-951-s001.xlsx	Sheet 1	1462-40		SAMEA104602048				ERS2213330		penicillin	>=	0.5	R	
29729180	BJD-179-951-s001.xlsx	Sheet 1	1462-40		SAMEA104602048				ERS2213330		oxacillin	<=	0.25	S	
29729180	BJD-179-951-s001.xlsx	Sheet 1	1462-40		SAMEA104602048				ERS2213330		gentamicin	<=	0.5	S	
29729180	BJD-179-951-s001.xlsx	Sheet 1	1462-40		SAMEA104602048				ERS2213330		ciprofloxacin	<=	0.5	S	
29729180	BJD-179-951-s001.xlsx	Sheet 1	1462-40		SAMEA104602048				ERS2213330		erythromycin	=	1	S	mic_sign '=' inferred
29729180	BJD-179-951-s001.xlsx	Sheet 1	1462-40		SAMEA104602048				ERS2213330		clindamycin	=	0.25	S	mic_sign '=' inferred
29729180	BJD-179-951-s001.xlsx	Sheet 1	1462-40		SAMEA104602048				ERS2213330		tetracycline	<=	1	S	
29729180	BJD-179-951-s001.xlsx	Sheet 1	1462-40		SAMEA104602048				ERS2213330		fusidic acid	<=	0.5	S	
29729180	BJD-179-951-s001.xlsx	Sheet 1	1462-40		SAMEA104602048				ERS2213330		mupirocin	<=	2	S	
29729180	BJD-179-951-s001.xlsx	Sheet 1	1462-40		SAMEA104602048				ERS2213330		trimethoprim	<=	0.5	S	
29729180	BJD-179-951-s001.xlsx	Sheet 1	1462-40		SAMEA104602048				ERS2213330		linezolid	=	2	S	mic_sign '=' inferred
29729180	BJD-179-951-s001.xlsx	Sheet 1	1462-40		SAMEA104602048				ERS2213330		daptomycin	=	0.25	S	mic_sign '=' inferred
29729180	BJD-179-951-s001.xlsx	Sheet 1	1462-40		SAMEA104602048				ERS2213330		teicoplanin	<=	0.5	S	
29729180	BJD-179-951-s001.xlsx	Sheet 1	1462-40		SAMEA104602048				ERS2213330		vancomycin	=	1	S	mic_sign '=' inferred
29729180	BJD-179-951-s001.xlsx	Sheet 1	1462-40		SAMEA104602048				ERS2213330		chloramphenicol	=	8	S	mic_sign '=' inferred
29729180	BJD-179-951-s001.xlsx	Sheet 1	1462-40		SAMEA104602048				ERS2213330		rifampin	<=	0.03	S	
29729180	BJD-179-951-s001.xlsx	Sheet 1	1464-27		SAMEA104602049				ERS2213331		penicillin	>=	0.5	R	
29729180	BJD-179-951-s001.xlsx	Sheet 1	1464-27		SAMEA104602049				ERS2213331		oxacillin	=	0.5	S	mic_sign '=' inferred
29729180	BJD-179-951-s001.xlsx	Sheet 1	1464-27		SAMEA104602049				ERS2213331		gentamicin	<=	0.5	S	
29729180	BJD-179-951-s001.xlsx	Sheet 1	1464-27		SAMEA104602049				ERS2213331		ciprofloxacin	<=	0.5	S	
29729180	BJD-179-951-s001.xlsx	Sheet 1	1464-27		SAMEA104602049				ERS2213331		erythromycin	=	1	S	mic_sign '=' inferred
29729180	BJD-179-951-s001.xlsx	Sheet 1	1464-27		SAMEA104602049				ERS2213331		clindamycin	=	0.25	S	mic_sign '=' inferred
29729180	BJD-179-951-s001.xlsx	Sheet 1	1464-27		SAMEA104602049				ERS2213331		tetracycline	>=	16	R	
29729180	BJD-179-951-s001.xlsx	Sheet 1	1464-27		SAMEA104602049				ERS2213331		fusidic acid	=	16	R	mic_sign '=' inferred
29729180	BJD-179-951-s001.xlsx	Sheet 1	1464-27		SAMEA104602049				ERS2213331		mupirocin	<=	2	S	
29729180	BJD-179-951-s001.xlsx	Sheet 1	1464-27		SAMEA104602049				ERS2213331		trimethoprim	<=	0.5	S	
29729180	BJD-179-951-s001.xlsx	Sheet 1	1464-27		SAMEA104602049				ERS2213331		linezolid	=	2	S	mic_sign '=' inferred
29729180	BJD-179-951-s001.xlsx	Sheet 1	1464-27		SAMEA104602049				ERS2213331		daptomycin	=	0.25	S	mic_sign '=' inferred
29729180	BJD-179-951-s001.xlsx	Sheet 1	1464-27		SAMEA104602049				ERS2213331		teicoplanin	<=	0.5	S	
29729180	BJD-179-951-s001.xlsx	Sheet 1	1464-27		SAMEA104602049				ERS2213331		vancomycin	=	1	S	mic_sign '=' inferred
29729180	BJD-179-951-s001.xlsx	Sheet 1	1464-27		SAMEA104602049				ERS2213331		chloramphenicol	=	8	S	mic_sign '=' inferred
29729180	BJD-179-951-s001.xlsx	Sheet 1	1464-27		SAMEA104602049				ERS2213331		rifampin	<=	0.03	S	
29729180	BJD-179-951-s001.xlsx	Sheet 1	1469-29		SAMEA104602050				ERS2213332		penicillin	>=	0.5	R	
29729180	BJD-179-951-s001.xlsx	Sheet 1	1469-29		SAMEA104602050				ERS2213332		oxacillin	<=	0.25	S	
29729180	BJD-179-951-s001.xlsx	Sheet 1	1469-29		SAMEA104602050				ERS2213332		gentamicin	<=	0.5	S	
29729180	BJD-179-951-s001.xlsx	Sheet 1	1469-29		SAMEA104602050				ERS2213332		ciprofloxacin	<=	0.5	S	
29729180	BJD-179-951-s001.xlsx	Sheet 1	1469-29		SAMEA104602050				ERS2213332		erythromycin	=	0.5	S	mic_sign '=' inferred
29729180	BJD-179-951-s001.xlsx	Sheet 1	1469-29		SAMEA104602050				ERS2213332		clindamycin	=	0.25	S	mic_sign '=' inferred
29729180	BJD-179-951-s001.xlsx	Sheet 1	1469-29		SAMEA104602050				ERS2213332		tetracycline	<=	1	S	
29729180	BJD-179-951-s001.xlsx	Sheet 1	1469-29		SAMEA104602050				ERS2213332		fusidic acid	<=	0.5	S	
29729180	BJD-179-951-s001.xlsx	Sheet 1	1469-29		SAMEA104602050				ERS2213332		mupirocin	<=	2	S	
29729180	BJD-179-951-s001.xlsx	Sheet 1	1469-29		SAMEA104602050				ERS2213332		trimethoprim	<=	0.5	S	
29729180	BJD-179-951-s001.xlsx	Sheet 1	1469-29		SAMEA104602050				ERS2213332		linezolid	=	2	S	mic_sign '=' inferred
29729180	BJD-179-951-s001.xlsx	Sheet 1	1469-29		SAMEA104602050				ERS2213332		daptomycin	=	0.25	S	mic_sign '=' inferred
29729180	BJD-179-951-s001.xlsx	Sheet 1	1469-29		SAMEA104602050				ERS2213332		teicoplanin	<=	0.5	S	
29729180	BJD-179-951-s001.xlsx	Sheet 1	1469-29		SAMEA104602050				ERS2213332		vancomycin	=	1	S	mic_sign '=' inferred
29729180	BJD-179-951-s001.xlsx	Sheet 1	1469-29		SAMEA104602050				ERS2213332		chloramphenicol	=	8	S	mic_sign '=' inferred
29729180	BJD-179-951-s001.xlsx	Sheet 1	1469-29		SAMEA104602050				ERS2213332		rifampin	<=	0.03	S	
29729180	BJD-179-951-s001.xlsx	Sheet 1	1470-31		SAMEA104602051				ERS2213333		penicillin	>=	0.5	R	
29729180	BJD-179-951-s001.xlsx	Sheet 1	1470-31		SAMEA104602051				ERS2213333		oxacillin	=	0.5	S	mic_sign '=' inferred
29729180	BJD-179-951-s001.xlsx	Sheet 1	1470-31		SAMEA104602051				ERS2213333		gentamicin	<=	0.5	S	
29729180	BJD-179-951-s001.xlsx	Sheet 1	1470-31		SAMEA104602051				ERS2213333		ciprofloxacin	<=	0.5	S	
29729180	BJD-179-951-s001.xlsx	Sheet 1	1470-31		SAMEA104602051				ERS2213333		erythromycin	=	1	S	mic_sign '=' inferred
29729180	BJD-179-951-s001.xlsx	Sheet 1	1470-31		SAMEA104602051				ERS2213333		clindamycin	=	0.25	S	mic_sign '=' inferred
29729180	BJD-179-951-s001.xlsx	Sheet 1	1470-31		SAMEA104602051				ERS2213333		tetracycline	<=	1	S	
29729180	BJD-179-951-s001.xlsx	Sheet 1	1470-31		SAMEA104602051				ERS2213333		fusidic acid	=	16	R	mic_sign '=' inferred
29729180	BJD-179-951-s001.xlsx	Sheet 1	1470-31		SAMEA104602051				ERS2213333		mupirocin	<=	2	S	
29729180	BJD-179-951-s001.xlsx	Sheet 1	1470-31		SAMEA104602051				ERS2213333		trimethoprim	=	1	S	mic_sign '=' inferred
29729180	BJD-179-951-s001.xlsx	Sheet 1	1470-31		SAMEA104602051				ERS2213333		linezolid	=	2	S	mic_sign '=' inferred
29729180	BJD-179-951-s001.xlsx	Sheet 1	1470-31		SAMEA104602051				ERS2213333		daptomycin	=	0.5	S	mic_sign '=' inferred
29729180	BJD-179-951-s001.xlsx	Sheet 1	1470-31		SAMEA104602051				ERS2213333		teicoplanin	<=	0.5	S	
29729180	BJD-179-951-s001.xlsx	Sheet 1	1470-31		SAMEA104602051				ERS2213333		vancomycin	=	1	S	mic_sign '=' inferred
29729180	BJD-179-951-s001.xlsx	Sheet 1	1470-31		SAMEA104602051				ERS2213333		chloramphenicol	=	8	S	mic_sign '=' inferred
29729180	BJD-179-951-s001.xlsx	Sheet 1	1470-31		SAMEA104602051				ERS2213333		rifampin	<=	0.03	S	
29729180	BJD-179-951-s001.xlsx	Sheet 1	1473-33		SAMEA104602052				ERS2213334		penicillin	>=	0.5	R	
29729180	BJD-179-951-s001.xlsx	Sheet 1	1473-33		SAMEA104602052				ERS2213334		oxacillin	=	0.5	S	mic_sign '=' inferred
29729180	BJD-179-951-s001.xlsx	Sheet 1	1473-33		SAMEA104602052				ERS2213334		gentamicin	<=	0.5	S	
29729180	BJD-179-951-s001.xlsx	Sheet 1	1473-33		SAMEA104602052				ERS2213334		ciprofloxacin	<=	0.5	S	
29729180	BJD-179-951-s001.xlsx	Sheet 1	1473-33		SAMEA104602052				ERS2213334		erythromycin	=	0.5	S	mic_sign '=' inferred
29729180	BJD-179-951-s001.xlsx	Sheet 1	1473-33		SAMEA104602052				ERS2213334		clindamycin	=	0.25	S	mic_sign '=' inferred
29729180	BJD-179-951-s001.xlsx	Sheet 1	1473-33		SAMEA104602052				ERS2213334		tetracycline	<=	1	S	
29729180	BJD-179-951-s001.xlsx	Sheet 1	1473-33		SAMEA104602052				ERS2213334		fusidic acid	=	16	R	mic_sign '=' inferred
29729180	BJD-179-951-s001.xlsx	Sheet 1	1473-33		SAMEA104602052				ERS2213334		mupirocin	<=	2	S	
29729180	BJD-179-951-s001.xlsx	Sheet 1	1473-33		SAMEA104602052				ERS2213334		trimethoprim	=	1	S	mic_sign '=' inferred
29729180	BJD-179-951-s001.xlsx	Sheet 1	1473-33		SAMEA104602052				ERS2213334		linezolid	=	2	S	mic_sign '=' inferred
29729180	BJD-179-951-s001.xlsx	Sheet 1	1473-33		SAMEA104602052				ERS2213334		daptomycin	=	0.5	S	mic_sign '=' inferred
29729180	BJD-179-951-s001.xlsx	Sheet 1	1473-33		SAMEA104602052				ERS2213334		teicoplanin	<=	0.5	S	
29729180	BJD-179-951-s001.xlsx	Sheet 1	1473-33		SAMEA104602052				ERS2213334		vancomycin	=	1	S	mic_sign '=' inferred
29729180	BJD-179-951-s001.xlsx	Sheet 1	1473-33		SAMEA104602052				ERS2213334		chloramphenicol	=	8	S	mic_sign '=' inferred
29729180	BJD-179-951-s001.xlsx	Sheet 1	1473-33		SAMEA104602052				ERS2213334		rifampin	<=	0.03	S	
29729180	BJD-179-951-s001.xlsx	Sheet 1	1473-42		SAMEA104602053				ERS2213335		penicillin	>=	0.5	R	
29729180	BJD-179-951-s001.xlsx	Sheet 1	1473-42		SAMEA104602053				ERS2213335		oxacillin	=	0.5	S	mic_sign '=' inferred
29729180	BJD-179-951-s001.xlsx	Sheet 1	1473-42		SAMEA104602053				ERS2213335		gentamicin	<=	0.5	S	
29729180	BJD-179-951-s001.xlsx	Sheet 1	1473-42		SAMEA104602053				ERS2213335		ciprofloxacin	<=	0.5	S	
29729180	BJD-179-951-s001.xlsx	Sheet 1	1473-42		SAMEA104602053				ERS2213335		erythromycin	>=	8	R	
29729180	BJD-179-951-s001.xlsx	Sheet 1	1473-42		SAMEA104602053				ERS2213335		clindamycin	=	0.25	R	mic_sign '=' inferred
29729180	BJD-179-951-s001.xlsx	Sheet 1	1473-42		SAMEA104602053				ERS2213335		tetracycline	<=	1	S	
29729180	BJD-179-951-s001.xlsx	Sheet 1	1473-42		SAMEA104602053				ERS2213335		fusidic acid	<=	0.5	S	
29729180	BJD-179-951-s001.xlsx	Sheet 1	1473-42		SAMEA104602053				ERS2213335		mupirocin	<=	2	S	
29729180	BJD-179-951-s001.xlsx	Sheet 1	1473-42		SAMEA104602053				ERS2213335		trimethoprim	<=	0.5	S	
29729180	BJD-179-951-s001.xlsx	Sheet 1	1473-42		SAMEA104602053				ERS2213335		linezolid	=	4	S	mic_sign '=' inferred
29729180	BJD-179-951-s001.xlsx	Sheet 1	1473-42		SAMEA104602053				ERS2213335		daptomycin	=	0.25	S	mic_sign '=' inferred
29729180	BJD-179-951-s001.xlsx	Sheet 1	1473-42		SAMEA104602053				ERS2213335		teicoplanin	<=	0.5	S	
29729180	BJD-179-951-s001.xlsx	Sheet 1	1473-42		SAMEA104602053				ERS2213335		vancomycin	=	1	S	mic_sign '=' inferred
29729180	BJD-179-951-s001.xlsx	Sheet 1	1473-42		SAMEA104602053				ERS2213335		chloramphenicol	=	8	S	mic_sign '=' inferred
29729180	BJD-179-951-s001.xlsx	Sheet 1	1473-42		SAMEA104602053				ERS2213335		rifampin	<=	0.03	S	
29729180	BJD-179-951-s001.xlsx	Sheet 1	1474-43		SAMEA104602054				ERS2213336		penicillin	>=	0.5	R	
29729180	BJD-179-951-s001.xlsx	Sheet 1	1474-43		SAMEA104602054				ERS2213336		oxacillin	=	0.5	S	mic_sign '=' inferred
29729180	BJD-179-951-s001.xlsx	Sheet 1	1474-43		SAMEA104602054				ERS2213336		gentamicin	<=	0.5	S	
29729180	BJD-179-951-s001.xlsx	Sheet 1	1474-43		SAMEA104602054				ERS2213336		ciprofloxacin	<=	0.5	S	
29729180	BJD-179-951-s001.xlsx	Sheet 1	1474-43		SAMEA104602054				ERS2213336		erythromycin	=	0.5	S	mic_sign '=' inferred
29729180	BJD-179-951-s001.xlsx	Sheet 1	1474-43		SAMEA104602054				ERS2213336		clindamycin	=	0.25	S	mic_sign '=' inferred
29729180	BJD-179-951-s001.xlsx	Sheet 1	1474-43		SAMEA104602054				ERS2213336		tetracycline	>=	16	R	
29729180	BJD-179-951-s001.xlsx	Sheet 1	1474-43		SAMEA104602054				ERS2213336		fusidic acid	=	16	R	mic_sign '=' inferred
29729180	BJD-179-951-s001.xlsx	Sheet 1	1474-43		SAMEA104602054				ERS2213336		mupirocin	<=	2	S	
29729180	BJD-179-951-s001.xlsx	Sheet 1	1474-43		SAMEA104602054				ERS2213336		trimethoprim	<=	0.5	S	
29729180	BJD-179-951-s001.xlsx	Sheet 1	1474-43		SAMEA104602054				ERS2213336		linezolid	=	2	S	mic_sign '=' inferred
29729180	BJD-179-951-s001.xlsx	Sheet 1	1474-43		SAMEA104602054				ERS2213336		daptomycin	=	0.25	S	mic_sign '=' inferred
29729180	BJD-179-951-s001.xlsx	Sheet 1	1474-43		SAMEA104602054				ERS2213336		teicoplanin	<=	0.5	S	
29729180	BJD-179-951-s001.xlsx	Sheet 1	1474-43		SAMEA104602054				ERS2213336		vancomycin	=	1	S	mic_sign '=' inferred
29729180	BJD-179-951-s001.xlsx	Sheet 1	1474-43		SAMEA104602054				ERS2213336		chloramphenicol	<=	4	S	
29729180	BJD-179-951-s001.xlsx	Sheet 1	1474-43		SAMEA104602054				ERS2213336		rifampin	<=	0.03	S	
29729180	BJD-179-951-s001.xlsx	Sheet 1	1480-35		SAMEA104602055				ERS2213337		penicillin	>=	0.5	R	
29729180	BJD-179-951-s001.xlsx	Sheet 1	1480-35		SAMEA104602055				ERS2213337		oxacillin	<=	0.25	S	
29729180	BJD-179-951-s001.xlsx	Sheet 1	1480-35		SAMEA104602055				ERS2213337		gentamicin	<=	0.5	S	
29729180	BJD-179-951-s001.xlsx	Sheet 1	1480-35		SAMEA104602055				ERS2213337		ciprofloxacin	<=	0.5	S	
29729180	BJD-179-951-s001.xlsx	Sheet 1	1480-35		SAMEA104602055				ERS2213337		erythromycin	=	0.5	S	mic_sign '=' inferred
29729180	BJD-179-951-s001.xlsx	Sheet 1	1480-35		SAMEA104602055				ERS2213337		clindamycin	=	0.25	S	mic_sign '=' inferred
29729180	BJD-179-951-s001.xlsx	Sheet 1	1480-35		SAMEA104602055				ERS2213337		tetracycline	<=	1	S	
29729180	BJD-179-951-s001.xlsx	Sheet 1	1480-35		SAMEA104602055				ERS2213337		fusidic acid	<=	0.5	S	
29729180	BJD-179-951-s001.xlsx	Sheet 1	1480-35		SAMEA104602055				ERS2213337		mupirocin	<=	2	S	
29729180	BJD-179-951-s001.xlsx	Sheet 1	1480-35		SAMEA104602055				ERS2213337		trimethoprim	=	1	S	mic_sign '=' inferred
29729180	BJD-179-951-s001.xlsx	Sheet 1	1480-35		SAMEA104602055				ERS2213337		linezolid	=	2	S	mic_sign '=' inferred
29729180	BJD-179-951-s001.xlsx	Sheet 1	1480-35		SAMEA104602055				ERS2213337		daptomycin	=	0.25	S	mic_sign '=' inferred
29729180	BJD-179-951-s001.xlsx	Sheet 1	1480-35		SAMEA104602055				ERS2213337		teicoplanin	<=	0.5	S	
29729180	BJD-179-951-s001.xlsx	Sheet 1	1480-35		SAMEA104602055				ERS2213337		vancomycin	=	1	S	mic_sign '=' inferred
29729180	BJD-179-951-s001.xlsx	Sheet 1	1480-35		SAMEA104602055				ERS2213337		chloramphenicol	=	8	S	mic_sign '=' inferred
29729180	BJD-179-951-s001.xlsx	Sheet 1	1480-35		SAMEA104602055				ERS2213337		rifampin	<=	0.03	S	
29729180	BJD-179-951-s001.xlsx	Sheet 1	1494-45		SAMEA104602056				ERS2213338		penicillin	>=	0.5	R	
29729180	BJD-179-951-s001.xlsx	Sheet 1	1494-45		SAMEA104602056				ERS2213338		oxacillin	<=	0.25	S	
29729180	BJD-179-951-s001.xlsx	Sheet 1	1494-45		SAMEA104602056				ERS2213338		gentamicin	<=	0.5	S	
29729180	BJD-179-951-s001.xlsx	Sheet 1	1494-45		SAMEA104602056				ERS2213338		ciprofloxacin	<=	0.5	S	
29729180	BJD-179-951-s001.xlsx	Sheet 1	1494-45		SAMEA104602056				ERS2213338		erythromycin	=	0.5	S	mic_sign '=' inferred
29729180	BJD-179-951-s001.xlsx	Sheet 1	1494-45		SAMEA104602056				ERS2213338		clindamycin	=	0.25	S	mic_sign '=' inferred
29729180	BJD-179-951-s001.xlsx	Sheet 1	1494-45		SAMEA104602056				ERS2213338		tetracycline	<=	1	S	
29729180	BJD-179-951-s001.xlsx	Sheet 1	1494-45		SAMEA104602056				ERS2213338		fusidic acid	<=	0.5	S	
29729180	BJD-179-951-s001.xlsx	Sheet 1	1494-45		SAMEA104602056				ERS2213338		mupirocin	<=	2	S	
29729180	BJD-179-951-s001.xlsx	Sheet 1	1494-45		SAMEA104602056				ERS2213338		trimethoprim	=	1	S	mic_sign '=' inferred
29729180	BJD-179-951-s001.xlsx	Sheet 1	1494-45		SAMEA104602056				ERS2213338		linezolid	=	2	S	mic_sign '=' inferred
29729180	BJD-179-951-s001.xlsx	Sheet 1	1494-45		SAMEA104602056				ERS2213338		daptomycin	=	0.25	S	mic_sign '=' inferred
29729180	BJD-179-951-s001.xlsx	Sheet 1	1494-45		SAMEA104602056				ERS2213338		teicoplanin	<=	0.5	S	
29729180	BJD-179-951-s001.xlsx	Sheet 1	1494-45		SAMEA104602056				ERS2213338		vancomycin	=	1	S	mic_sign '=' inferred
29729180	BJD-179-951-s001.xlsx	Sheet 1	1494-45		SAMEA104602056				ERS2213338		chloramphenicol	=	8	S	mic_sign '=' inferred
29729180	BJD-179-951-s001.xlsx	Sheet 1	1494-45		SAMEA104602056				ERS2213338		rifampin	<=	0.03	S	
29729180	BJD-179-951-s001.xlsx	Sheet 1	1505-49		SAMEA104602057				ERS2213339		penicillin	>=	0.5	R	
29729180	BJD-179-951-s001.xlsx	Sheet 1	1505-49		SAMEA104602057				ERS2213339		oxacillin	=	0.5	S	mic_sign '=' inferred
29729180	BJD-179-951-s001.xlsx	Sheet 1	1505-49		SAMEA104602057				ERS2213339		gentamicin	<=	0.5	S	
29729180	BJD-179-951-s001.xlsx	Sheet 1	1505-49		SAMEA104602057				ERS2213339		ciprofloxacin	<=	0.5	S	
29729180	BJD-179-951-s001.xlsx	Sheet 1	1505-49		SAMEA104602057				ERS2213339		erythromycin	=	1	S	mic_sign '=' inferred
29729180	BJD-179-951-s001.xlsx	Sheet 1	1505-49		SAMEA104602057				ERS2213339		clindamycin	=	0.25	S	mic_sign '=' inferred
29729180	BJD-179-951-s001.xlsx	Sheet 1	1505-49		SAMEA104602057				ERS2213339		tetracycline	<=	1	S	
29729180	BJD-179-951-s001.xlsx	Sheet 1	1505-49		SAMEA104602057				ERS2213339		fusidic acid	<=	0.5	S	
29729180	BJD-179-951-s001.xlsx	Sheet 1	1505-49		SAMEA104602057				ERS2213339		mupirocin	<=	2	S	
29729180	BJD-179-951-s001.xlsx	Sheet 1	1505-49		SAMEA104602057				ERS2213339		trimethoprim	<=	0.5	S	
29729180	BJD-179-951-s001.xlsx	Sheet 1	1505-49		SAMEA104602057				ERS2213339		linezolid	=	2	S	mic_sign '=' inferred
29729180	BJD-179-951-s001.xlsx	Sheet 1	1505-49		SAMEA104602057				ERS2213339		daptomycin	<=	0.12	S	
29729180	BJD-179-951-s001.xlsx	Sheet 1	1505-49		SAMEA104602057				ERS2213339		teicoplanin	<=	0.5	S	
29729180	BJD-179-951-s001.xlsx	Sheet 1	1505-49		SAMEA104602057				ERS2213339		vancomycin	<=	0.5	S	
29729180	BJD-179-951-s001.xlsx	Sheet 1	1505-49		SAMEA104602057				ERS2213339		chloramphenicol	=	8	S	mic_sign '=' inferred
29729180	BJD-179-951-s001.xlsx	Sheet 1	1505-49		SAMEA104602057				ERS2213339		rifampin	<=	0.03	S	
29729180	BJD-179-951-s001.xlsx	Sheet 1	1511-54		SAMEA104602058				ERS2213340		penicillin	=	0.12	S	mic_sign '=' inferred
29729180	BJD-179-951-s001.xlsx	Sheet 1	1511-54		SAMEA104602058				ERS2213340		oxacillin	<=	0.25	S	
29729180	BJD-179-951-s001.xlsx	Sheet 1	1511-54		SAMEA104602058				ERS2213340		gentamicin	<=	0.5	S	
29729180	BJD-179-951-s001.xlsx	Sheet 1	1511-54		SAMEA104602058				ERS2213340		ciprofloxacin	<=	0.5	S	
29729180	BJD-179-951-s001.xlsx	Sheet 1	1511-54		SAMEA104602058				ERS2213340		erythromycin	=	1	S	mic_sign '=' inferred
29729180	BJD-179-951-s001.xlsx	Sheet 1	1511-54		SAMEA104602058				ERS2213340		clindamycin	=	0.25	S	mic_sign '=' inferred
29729180	BJD-179-951-s001.xlsx	Sheet 1	1511-54		SAMEA104602058				ERS2213340		tetracycline	<=	1	S	
29729180	BJD-179-951-s001.xlsx	Sheet 1	1511-54		SAMEA104602058				ERS2213340		fusidic acid	<=	0.5	S	
29729180	BJD-179-951-s001.xlsx	Sheet 1	1511-54		SAMEA104602058				ERS2213340		mupirocin	<=	2	S	
29729180	BJD-179-951-s001.xlsx	Sheet 1	1511-54		SAMEA104602058				ERS2213340		trimethoprim	=	1	S	mic_sign '=' inferred
29729180	BJD-179-951-s001.xlsx	Sheet 1	1511-54		SAMEA104602058				ERS2213340		linezolid	=	2	S	mic_sign '=' inferred
29729180	BJD-179-951-s001.xlsx	Sheet 1	1511-54		SAMEA104602058				ERS2213340		daptomycin	=	0.25	S	mic_sign '=' inferred
29729180	BJD-179-951-s001.xlsx	Sheet 1	1511-54		SAMEA104602058				ERS2213340		teicoplanin	<=	0.5	S	
29729180	BJD-179-951-s001.xlsx	Sheet 1	1511-54		SAMEA104602058				ERS2213340		vancomycin	=	1	S	mic_sign '=' inferred
29729180	BJD-179-951-s001.xlsx	Sheet 1	1511-54		SAMEA104602058				ERS2213340		chloramphenicol	=	8	S	mic_sign '=' inferred
29729180	BJD-179-951-s001.xlsx	Sheet 1	1511-54		SAMEA104602058				ERS2213340		rifampin	<=	0.03	S	
29729180	BJD-179-951-s001.xlsx	Sheet 1	1512-56		SAMEA104602059				ERS2213341		penicillin	>=	0.5	R	
29729180	BJD-179-951-s001.xlsx	Sheet 1	1512-56		SAMEA104602059				ERS2213341		oxacillin	<=	0.25	S	
29729180	BJD-179-951-s001.xlsx	Sheet 1	1512-56		SAMEA104602059				ERS2213341		gentamicin	<=	0.5	S	
29729180	BJD-179-951-s001.xlsx	Sheet 1	1512-56		SAMEA104602059				ERS2213341		ciprofloxacin	<=	0.5	S	
29729180	BJD-179-951-s001.xlsx	Sheet 1	1512-56		SAMEA104602059				ERS2213341		erythromycin	=	1	S	mic_sign '=' inferred
29729180	BJD-179-951-s001.xlsx	Sheet 1	1512-56		SAMEA104602059				ERS2213341		clindamycin	=	0.25	S	mic_sign '=' inferred
29729180	BJD-179-951-s001.xlsx	Sheet 1	1512-56		SAMEA104602059				ERS2213341		tetracycline	<=	1	S	
29729180	BJD-179-951-s001.xlsx	Sheet 1	1512-56		SAMEA104602059				ERS2213341		fusidic acid	<=	0.5	S	
29729180	BJD-179-951-s001.xlsx	Sheet 1	1512-56		SAMEA104602059				ERS2213341		mupirocin	<=	2	S	
29729180	BJD-179-951-s001.xlsx	Sheet 1	1512-56		SAMEA104602059				ERS2213341		trimethoprim	<=	0.5	S	
29729180	BJD-179-951-s001.xlsx	Sheet 1	1512-56		SAMEA104602059				ERS2213341		linezolid	=	2	S	mic_sign '=' inferred
29729180	BJD-179-951-s001.xlsx	Sheet 1	1512-56		SAMEA104602059				ERS2213341		daptomycin	=	0.25	S	mic_sign '=' inferred
29729180	BJD-179-951-s001.xlsx	Sheet 1	1512-56		SAMEA104602059				ERS2213341		teicoplanin	<=	0.5	S	
29729180	BJD-179-951-s001.xlsx	Sheet 1	1512-56		SAMEA104602059				ERS2213341		vancomycin	=	1	S	mic_sign '=' inferred
29729180	BJD-179-951-s001.xlsx	Sheet 1	1512-56		SAMEA104602059				ERS2213341		chloramphenicol	=	8	S	mic_sign '=' inferred
29729180	BJD-179-951-s001.xlsx	Sheet 1	1512-56		SAMEA104602059				ERS2213341		rifampin	<=	0.03	S	
29729180	BJD-179-951-s001.xlsx	Sheet 1	1517-60		SAMEA104602060				ERS2213342		penicillin	>=	0.5	R	
29729180	BJD-179-951-s001.xlsx	Sheet 1	1517-60		SAMEA104602060				ERS2213342		oxacillin	=	0.5	S	mic_sign '=' inferred
29729180	BJD-179-951-s001.xlsx	Sheet 1	1517-60		SAMEA104602060				ERS2213342		gentamicin	<=	0.5	S	
29729180	BJD-179-951-s001.xlsx	Sheet 1	1517-60		SAMEA104602060				ERS2213342		ciprofloxacin	<=	0.5	S	
29729180	BJD-179-951-s001.xlsx	Sheet 1	1517-60		SAMEA104602060				ERS2213342		erythromycin	=	1	S	mic_sign '=' inferred
29729180	BJD-179-951-s001.xlsx	Sheet 1	1517-60		SAMEA104602060				ERS2213342		clindamycin	=	0.25	S	mic_sign '=' inferred
29729180	BJD-179-951-s001.xlsx	Sheet 1	1517-60		SAMEA104602060				ERS2213342		tetracycline	<=	1	S	
29729180	BJD-179-951-s001.xlsx	Sheet 1	1517-60		SAMEA104602060				ERS2213342		fusidic acid	<=	0.5	S	
29729180	BJD-179-951-s001.xlsx	Sheet 1	1517-60		SAMEA104602060				ERS2213342		mupirocin	<=	2	S	
29729180	BJD-179-951-s001.xlsx	Sheet 1	1517-60		SAMEA104602060				ERS2213342		trimethoprim	<=	0.5	S	
29729180	BJD-179-951-s001.xlsx	Sheet 1	1517-60		SAMEA104602060				ERS2213342		linezolid	=	2	S	mic_sign '=' inferred
29729180	BJD-179-951-s001.xlsx	Sheet 1	1517-60		SAMEA104602060				ERS2213342		daptomycin	=	0.25	S	mic_sign '=' inferred
29729180	BJD-179-951-s001.xlsx	Sheet 1	1517-60		SAMEA104602060				ERS2213342		teicoplanin	<=	0.5	S	
29729180	BJD-179-951-s001.xlsx	Sheet 1	1517-60		SAMEA104602060				ERS2213342		vancomycin	=	1	S	mic_sign '=' inferred
29729180	BJD-179-951-s001.xlsx	Sheet 1	1517-60		SAMEA104602060				ERS2213342		chloramphenicol	=	8	S	mic_sign '=' inferred
29729180	BJD-179-951-s001.xlsx	Sheet 1	1517-60		SAMEA104602060				ERS2213342		rifampin	<=	0.03	S	
29729180	BJD-179-951-s001.xlsx	Sheet 1	1519-62		SAMEA104602061				ERS2213343		penicillin	>=	0.5	R	
29729180	BJD-179-951-s001.xlsx	Sheet 1	1519-62		SAMEA104602061				ERS2213343		oxacillin	=	0.5	S	mic_sign '=' inferred
29729180	BJD-179-951-s001.xlsx	Sheet 1	1519-62		SAMEA104602061				ERS2213343		gentamicin	<=	0.5	S	
29729180	BJD-179-951-s001.xlsx	Sheet 1	1519-62		SAMEA104602061				ERS2213343		ciprofloxacin	<=	0.5	S	
29729180	BJD-179-951-s001.xlsx	Sheet 1	1519-62		SAMEA104602061				ERS2213343		erythromycin	=	1	S	mic_sign '=' inferred
29729180	BJD-179-951-s001.xlsx	Sheet 1	1519-62		SAMEA104602061				ERS2213343		clindamycin	=	0.25	S	mic_sign '=' inferred
29729180	BJD-179-951-s001.xlsx	Sheet 1	1519-62		SAMEA104602061				ERS2213343		tetracycline	<=	1	S	
29729180	BJD-179-951-s001.xlsx	Sheet 1	1519-62		SAMEA104602061				ERS2213343		fusidic acid	>=	32	R	
29729180	BJD-179-951-s001.xlsx	Sheet 1	1519-62		SAMEA104602061				ERS2213343		mupirocin	<=	2	S	
29729180	BJD-179-951-s001.xlsx	Sheet 1	1519-62		SAMEA104602061				ERS2213343		trimethoprim	<=	0.5	S	
29729180	BJD-179-951-s001.xlsx	Sheet 1	1519-62		SAMEA104602061				ERS2213343		linezolid	=	2	S	mic_sign '=' inferred
29729180	BJD-179-951-s001.xlsx	Sheet 1	1519-62		SAMEA104602061				ERS2213343		daptomycin	=	0.25	S	mic_sign '=' inferred
29729180	BJD-179-951-s001.xlsx	Sheet 1	1519-62		SAMEA104602061				ERS2213343		teicoplanin	<=	0.5	S	
29729180	BJD-179-951-s001.xlsx	Sheet 1	1519-62		SAMEA104602061				ERS2213343		vancomycin	=	1	S	mic_sign '=' inferred
29729180	BJD-179-951-s001.xlsx	Sheet 1	1519-62		SAMEA104602061				ERS2213343		chloramphenicol	=	8	S	mic_sign '=' inferred
29729180	BJD-179-951-s001.xlsx	Sheet 1	1519-62		SAMEA104602061				ERS2213343		rifampin	<=	0.03	S	
29729180	BJD-179-951-s001.xlsx	Sheet 1	1521-58		SAMEA104602062				ERS2213344		penicillin	=	0.12	S	mic_sign '=' inferred
29729180	BJD-179-951-s001.xlsx	Sheet 1	1521-58		SAMEA104602062				ERS2213344		oxacillin	<=	0.25	S	
29729180	BJD-179-951-s001.xlsx	Sheet 1	1521-58		SAMEA104602062				ERS2213344		gentamicin	<=	0.5	S	
29729180	BJD-179-951-s001.xlsx	Sheet 1	1521-58		SAMEA104602062				ERS2213344		ciprofloxacin	<=	0.5	S	
29729180	BJD-179-951-s001.xlsx	Sheet 1	1521-58		SAMEA104602062				ERS2213344		erythromycin	=	0.5	S	mic_sign '=' inferred
29729180	BJD-179-951-s001.xlsx	Sheet 1	1521-58		SAMEA104602062				ERS2213344		clindamycin	=	0.25	S	mic_sign '=' inferred
29729180	BJD-179-951-s001.xlsx	Sheet 1	1521-58		SAMEA104602062				ERS2213344		tetracycline	<=	1	S	
29729180	BJD-179-951-s001.xlsx	Sheet 1	1521-58		SAMEA104602062				ERS2213344		fusidic acid	<=	0.5	S	
29729180	BJD-179-951-s001.xlsx	Sheet 1	1521-58		SAMEA104602062				ERS2213344		mupirocin	<=	2	S	
29729180	BJD-179-951-s001.xlsx	Sheet 1	1521-58		SAMEA104602062				ERS2213344		trimethoprim	<=	0.5	S	
29729180	BJD-179-951-s001.xlsx	Sheet 1	1521-58		SAMEA104602062				ERS2213344		linezolid	=	2	S	mic_sign '=' inferred
29729180	BJD-179-951-s001.xlsx	Sheet 1	1521-58		SAMEA104602062				ERS2213344		daptomycin	=	0.25	S	mic_sign '=' inferred
29729180	BJD-179-951-s001.xlsx	Sheet 1	1521-58		SAMEA104602062				ERS2213344		teicoplanin	<=	0.5	S	
29729180	BJD-179-951-s001.xlsx	Sheet 1	1521-58		SAMEA104602062				ERS2213344		vancomycin	=	1	S	mic_sign '=' inferred
29729180	BJD-179-951-s001.xlsx	Sheet 1	1521-58		SAMEA104602062				ERS2213344		chloramphenicol	=	8	S	mic_sign '=' inferred
29729180	BJD-179-951-s001.xlsx	Sheet 1	1521-58		SAMEA104602062				ERS2213344		rifampin	<=	0.03	S	
29729180	BJD-179-951-s001.xlsx	Sheet 1	1523-64		SAMEA104602063				ERS2213345		penicillin	>=	0.5	R	
29729180	BJD-179-951-s001.xlsx	Sheet 1	1523-64		SAMEA104602063				ERS2213345		oxacillin	>=	4	R	
29729180	BJD-179-951-s001.xlsx	Sheet 1	1523-64		SAMEA104602063				ERS2213345		gentamicin	<=	0.5	S	
29729180	BJD-179-951-s001.xlsx	Sheet 1	1523-64		SAMEA104602063				ERS2213345		ciprofloxacin	<=	0.5	S	
29729180	BJD-179-951-s001.xlsx	Sheet 1	1523-64		SAMEA104602063				ERS2213345		erythromycin	=	1	S	mic_sign '=' inferred
29729180	BJD-179-951-s001.xlsx	Sheet 1	1523-64		SAMEA104602063				ERS2213345		clindamycin	=	0.25	S	mic_sign '=' inferred
29729180	BJD-179-951-s001.xlsx	Sheet 1	1523-64		SAMEA104602063				ERS2213345		tetracycline	<=	1	S	
29729180	BJD-179-951-s001.xlsx	Sheet 1	1523-64		SAMEA104602063				ERS2213345		fusidic acid	=	16	R	mic_sign '=' inferred
29729180	BJD-179-951-s001.xlsx	Sheet 1	1523-64		SAMEA104602063				ERS2213345		mupirocin	<=	2	S	
29729180	BJD-179-951-s001.xlsx	Sheet 1	1523-64		SAMEA104602063				ERS2213345		trimethoprim	=	1	S	mic_sign '=' inferred
29729180	BJD-179-951-s001.xlsx	Sheet 1	1523-64		SAMEA104602063				ERS2213345		linezolid	=	2	S	mic_sign '=' inferred
29729180	BJD-179-951-s001.xlsx	Sheet 1	1523-64		SAMEA104602063				ERS2213345		daptomycin	=	0.25	S	mic_sign '=' inferred
29729180	BJD-179-951-s001.xlsx	Sheet 1	1523-64		SAMEA104602063				ERS2213345		teicoplanin	<=	0.5	S	
29729180	BJD-179-951-s001.xlsx	Sheet 1	1523-64		SAMEA104602063				ERS2213345		vancomycin	=	1	S	mic_sign '=' inferred
29729180	BJD-179-951-s001.xlsx	Sheet 1	1523-64		SAMEA104602063				ERS2213345		chloramphenicol	=	8	S	mic_sign '=' inferred
29729180	BJD-179-951-s001.xlsx	Sheet 1	1523-64		SAMEA104602063				ERS2213345		rifampin	<=	0.03	S	
29729180	BJD-179-951-s001.xlsx	Sheet 1	1533-70		SAMEA104602064				ERS2213346		penicillin	>=	0.5	R	
29729180	BJD-179-951-s001.xlsx	Sheet 1	1533-70		SAMEA104602064				ERS2213346		oxacillin	<=	0.25	S	
29729180	BJD-179-951-s001.xlsx	Sheet 1	1533-70		SAMEA104602064				ERS2213346		gentamicin	<=	0.5	S	
29729180	BJD-179-951-s001.xlsx	Sheet 1	1533-70		SAMEA104602064				ERS2213346		ciprofloxacin	<=	0.5	S	
29729180	BJD-179-951-s001.xlsx	Sheet 1	1533-70		SAMEA104602064				ERS2213346		erythromycin	=	0.5	S	mic_sign '=' inferred
29729180	BJD-179-951-s001.xlsx	Sheet 1	1533-70		SAMEA104602064				ERS2213346		clindamycin	=	0.25	S	mic_sign '=' inferred
29729180	BJD-179-951-s001.xlsx	Sheet 1	1533-70		SAMEA104602064				ERS2213346		tetracycline	<=	1	S	
29729180	BJD-179-951-s001.xlsx	Sheet 1	1533-70		SAMEA104602064				ERS2213346		fusidic acid	=	16	R	mic_sign '=' inferred
29729180	BJD-179-951-s001.xlsx	Sheet 1	1533-70		SAMEA104602064				ERS2213346		mupirocin	<=	2	S	
29729180	BJD-179-951-s001.xlsx	Sheet 1	1533-70		SAMEA104602064				ERS2213346		trimethoprim	=	2	S	mic_sign '=' inferred
29729180	BJD-179-951-s001.xlsx	Sheet 1	1533-70		SAMEA104602064				ERS2213346		linezolid	=	2	S	mic_sign '=' inferred
29729180	BJD-179-951-s001.xlsx	Sheet 1	1533-70		SAMEA104602064				ERS2213346		daptomycin	=	0.5	S	mic_sign '=' inferred
29729180	BJD-179-951-s001.xlsx	Sheet 1	1533-70		SAMEA104602064				ERS2213346		teicoplanin	<=	0.5	S	
29729180	BJD-179-951-s001.xlsx	Sheet 1	1533-70		SAMEA104602064				ERS2213346		vancomycin	=	1	S	mic_sign '=' inferred
29729180	BJD-179-951-s001.xlsx	Sheet 1	1533-70		SAMEA104602064				ERS2213346		chloramphenicol	=	8	S	mic_sign '=' inferred
29729180	BJD-179-951-s001.xlsx	Sheet 1	1533-70		SAMEA104602064				ERS2213346		rifampin	<=	0.03	S	
29729180	BJD-179-951-s001.xlsx	Sheet 1	1536-68		SAMEA104602065				ERS2213347		penicillin	=	0.12	S	mic_sign '=' inferred
29729180	BJD-179-951-s001.xlsx	Sheet 1	1536-68		SAMEA104602065				ERS2213347		oxacillin	=	0.5	S	mic_sign '=' inferred
29729180	BJD-179-951-s001.xlsx	Sheet 1	1536-68		SAMEA104602065				ERS2213347		gentamicin	<=	0.5	S	
29729180	BJD-179-951-s001.xlsx	Sheet 1	1536-68		SAMEA104602065				ERS2213347		ciprofloxacin	<=	0.5	S	
29729180	BJD-179-951-s001.xlsx	Sheet 1	1536-68		SAMEA104602065				ERS2213347		erythromycin	=	0.5	S	mic_sign '=' inferred
29729180	BJD-179-951-s001.xlsx	Sheet 1	1536-68		SAMEA104602065				ERS2213347		clindamycin	=	0.25	S	mic_sign '=' inferred
29729180	BJD-179-951-s001.xlsx	Sheet 1	1536-68		SAMEA104602065				ERS2213347		tetracycline	<=	1	S	
29729180	BJD-179-951-s001.xlsx	Sheet 1	1536-68		SAMEA104602065				ERS2213347		fusidic acid	<=	0.5	S	
29729180	BJD-179-951-s001.xlsx	Sheet 1	1536-68		SAMEA104602065				ERS2213347		mupirocin	<=	2	S	
29729180	BJD-179-951-s001.xlsx	Sheet 1	1536-68		SAMEA104602065				ERS2213347		trimethoprim	=	1	S	mic_sign '=' inferred
29729180	BJD-179-951-s001.xlsx	Sheet 1	1536-68		SAMEA104602065				ERS2213347		linezolid	=	2	S	mic_sign '=' inferred
29729180	BJD-179-951-s001.xlsx	Sheet 1	1536-68		SAMEA104602065				ERS2213347		daptomycin	=	0.25	S	mic_sign '=' inferred
29729180	BJD-179-951-s001.xlsx	Sheet 1	1536-68		SAMEA104602065				ERS2213347		teicoplanin	<=	0.5	S	
29729180	BJD-179-951-s001.xlsx	Sheet 1	1536-68		SAMEA104602065				ERS2213347		vancomycin	=	1	S	mic_sign '=' inferred
29729180	BJD-179-951-s001.xlsx	Sheet 1	1536-68		SAMEA104602065				ERS2213347		chloramphenicol	=	8	S	mic_sign '=' inferred
29729180	BJD-179-951-s001.xlsx	Sheet 1	1536-68		SAMEA104602065				ERS2213347		rifampin	<=	0.03	S	
29729180	BJD-179-951-s001.xlsx	Sheet 1	1540-72		SAMEA104602066				ERS2213348		penicillin	>=	0.5	R	
29729180	BJD-179-951-s001.xlsx	Sheet 1	1540-72		SAMEA104602066				ERS2213348		oxacillin	<=	0.25	S	
29729180	BJD-179-951-s001.xlsx	Sheet 1	1540-72		SAMEA104602066				ERS2213348		gentamicin	<=	0.5	S	
29729180	BJD-179-951-s001.xlsx	Sheet 1	1540-72		SAMEA104602066				ERS2213348		ciprofloxacin	<=	0.5	S	
29729180	BJD-179-951-s001.xlsx	Sheet 1	1540-72		SAMEA104602066				ERS2213348		erythromycin	=	0.5	S	mic_sign '=' inferred
29729180	BJD-179-951-s001.xlsx	Sheet 1	1540-72		SAMEA104602066				ERS2213348		clindamycin	=	0.25	S	mic_sign '=' inferred
29729180	BJD-179-951-s001.xlsx	Sheet 1	1540-72		SAMEA104602066				ERS2213348		tetracycline	<=	1	S	
29729180	BJD-179-951-s001.xlsx	Sheet 1	1540-72		SAMEA104602066				ERS2213348		fusidic acid	=	4	R	mic_sign '=' inferred
29729180	BJD-179-951-s001.xlsx	Sheet 1	1540-72		SAMEA104602066				ERS2213348		mupirocin	<=	2	S	
29729180	BJD-179-951-s001.xlsx	Sheet 1	1540-72		SAMEA104602066				ERS2213348		trimethoprim	<=	0.5	S	
29729180	BJD-179-951-s001.xlsx	Sheet 1	1540-72		SAMEA104602066				ERS2213348		linezolid	=	2	S	mic_sign '=' inferred
29729180	BJD-179-951-s001.xlsx	Sheet 1	1540-72		SAMEA104602066				ERS2213348		daptomycin	=	0.25	S	mic_sign '=' inferred
29729180	BJD-179-951-s001.xlsx	Sheet 1	1540-72		SAMEA104602066				ERS2213348		teicoplanin	<=	0.5	S	
29729180	BJD-179-951-s001.xlsx	Sheet 1	1540-72		SAMEA104602066				ERS2213348		vancomycin	=	1	S	mic_sign '=' inferred
29729180	BJD-179-951-s001.xlsx	Sheet 1	1540-72		SAMEA104602066				ERS2213348		chloramphenicol	=	8	S	mic_sign '=' inferred
29729180	BJD-179-951-s001.xlsx	Sheet 1	1540-72		SAMEA104602066				ERS2213348		rifampin	<=	0.03	S	
29729180	BJD-179-951-s001.xlsx	Sheet 1	1547-74		SAMEA104602067				ERS2213349		penicillin	<=	0.03	S	
29729180	BJD-179-951-s001.xlsx	Sheet 1	1547-74		SAMEA104602067				ERS2213349		oxacillin	<=	0.25	S	
29729180	BJD-179-951-s001.xlsx	Sheet 1	1547-74		SAMEA104602067				ERS2213349		gentamicin	<=	0.5	S	
29729180	BJD-179-951-s001.xlsx	Sheet 1	1547-74		SAMEA104602067				ERS2213349		ciprofloxacin	<=	0.5	S	
29729180	BJD-179-951-s001.xlsx	Sheet 1	1547-74		SAMEA104602067				ERS2213349		erythromycin	=	1	S	mic_sign '=' inferred
29729180	BJD-179-951-s001.xlsx	Sheet 1	1547-74		SAMEA104602067				ERS2213349		clindamycin	=	0.25	S	mic_sign '=' inferred
29729180	BJD-179-951-s001.xlsx	Sheet 1	1547-74		SAMEA104602067				ERS2213349		tetracycline	<=	1	S	
29729180	BJD-179-951-s001.xlsx	Sheet 1	1547-74		SAMEA104602067				ERS2213349		fusidic acid	<=	0.5	S	
29729180	BJD-179-951-s001.xlsx	Sheet 1	1547-74		SAMEA104602067				ERS2213349		mupirocin	<=	2	S	
29729180	BJD-179-951-s001.xlsx	Sheet 1	1547-74		SAMEA104602067				ERS2213349		trimethoprim	<=	0.5	S	
29729180	BJD-179-951-s001.xlsx	Sheet 1	1547-74		SAMEA104602067				ERS2213349		linezolid	=	2	S	mic_sign '=' inferred
29729180	BJD-179-951-s001.xlsx	Sheet 1	1547-74		SAMEA104602067				ERS2213349		daptomycin	=	0.25	S	mic_sign '=' inferred
29729180	BJD-179-951-s001.xlsx	Sheet 1	1547-74		SAMEA104602067				ERS2213349		teicoplanin	<=	0.5	S	
29729180	BJD-179-951-s001.xlsx	Sheet 1	1547-74		SAMEA104602067				ERS2213349		vancomycin	=	1	S	mic_sign '=' inferred
29729180	BJD-179-951-s001.xlsx	Sheet 1	1547-74		SAMEA104602067				ERS2213349		chloramphenicol	=	8	S	mic_sign '=' inferred
29729180	BJD-179-951-s001.xlsx	Sheet 1	1547-74		SAMEA104602067				ERS2213349		rifampin	<=	0.03	S	
29729180	BJD-179-951-s001.xlsx	Sheet 1	1560-82		SAMEA104602068				ERS2213350		penicillin	>=	0.5	R	
29729180	BJD-179-951-s001.xlsx	Sheet 1	1560-82		SAMEA104602068				ERS2213350		oxacillin	=	0.5	S	mic_sign '=' inferred
29729180	BJD-179-951-s001.xlsx	Sheet 1	1560-82		SAMEA104602068				ERS2213350		gentamicin	<=	0.5	S	
29729180	BJD-179-951-s001.xlsx	Sheet 1	1560-82		SAMEA104602068				ERS2213350		ciprofloxacin	<=	0.5	S	
29729180	BJD-179-951-s001.xlsx	Sheet 1	1560-82		SAMEA104602068				ERS2213350		erythromycin	=	0.5	S	mic_sign '=' inferred
29729180	BJD-179-951-s001.xlsx	Sheet 1	1560-82		SAMEA104602068				ERS2213350		clindamycin	=	0.25	S	mic_sign '=' inferred
29729180	BJD-179-951-s001.xlsx	Sheet 1	1560-82		SAMEA104602068				ERS2213350		tetracycline	<=	1	S	
29729180	BJD-179-951-s001.xlsx	Sheet 1	1560-82		SAMEA104602068				ERS2213350		fusidic acid	>=	32	R	
29729180	BJD-179-951-s001.xlsx	Sheet 1	1560-82		SAMEA104602068				ERS2213350		mupirocin	<=	2	S	
29729180	BJD-179-951-s001.xlsx	Sheet 1	1560-82		SAMEA104602068				ERS2213350		trimethoprim	=	1	S	mic_sign '=' inferred
29729180	BJD-179-951-s001.xlsx	Sheet 1	1560-82		SAMEA104602068				ERS2213350		linezolid	=	2	S	mic_sign '=' inferred
29729180	BJD-179-951-s001.xlsx	Sheet 1	1560-82		SAMEA104602068				ERS2213350		daptomycin	=	0.25	S	mic_sign '=' inferred
29729180	BJD-179-951-s001.xlsx	Sheet 1	1560-82		SAMEA104602068				ERS2213350		teicoplanin	<=	0.5	S	
29729180	BJD-179-951-s001.xlsx	Sheet 1	1560-82		SAMEA104602068				ERS2213350		vancomycin	=	1	S	mic_sign '=' inferred
29729180	BJD-179-951-s001.xlsx	Sheet 1	1560-82		SAMEA104602068				ERS2213350		chloramphenicol	=	8	S	mic_sign '=' inferred
29729180	BJD-179-951-s001.xlsx	Sheet 1	1560-82		SAMEA104602068				ERS2213350		rifampin	<=	0.03	S	
29729180	BJD-179-951-s001.xlsx	Sheet 1	1564-78		SAMEA104602069				ERS2213351		penicillin	>=	0.5	R	
29729180	BJD-179-951-s001.xlsx	Sheet 1	1564-78		SAMEA104602069				ERS2213351		oxacillin	=	0.5	S	mic_sign '=' inferred
29729180	BJD-179-951-s001.xlsx	Sheet 1	1564-78		SAMEA104602069				ERS2213351		gentamicin	<=	0.5	S	
29729180	BJD-179-951-s001.xlsx	Sheet 1	1564-78		SAMEA104602069				ERS2213351		ciprofloxacin	<=	0.5	S	
29729180	BJD-179-951-s001.xlsx	Sheet 1	1564-78		SAMEA104602069				ERS2213351		erythromycin	>=	8	R	
29729180	BJD-179-951-s001.xlsx	Sheet 1	1564-78		SAMEA104602069				ERS2213351		clindamycin	=	0.25	R	mic_sign '=' inferred
29729180	BJD-179-951-s001.xlsx	Sheet 1	1564-78		SAMEA104602069				ERS2213351		tetracycline	<=	1	S	
29729180	BJD-179-951-s001.xlsx	Sheet 1	1564-78		SAMEA104602069				ERS2213351		fusidic acid	=	16	R	mic_sign '=' inferred
29729180	BJD-179-951-s001.xlsx	Sheet 1	1564-78		SAMEA104602069				ERS2213351		mupirocin	<=	2	S	
29729180	BJD-179-951-s001.xlsx	Sheet 1	1564-78		SAMEA104602069				ERS2213351		trimethoprim	=	1	S	mic_sign '=' inferred
29729180	BJD-179-951-s001.xlsx	Sheet 1	1564-78		SAMEA104602069				ERS2213351		linezolid	=	2	S	mic_sign '=' inferred
29729180	BJD-179-951-s001.xlsx	Sheet 1	1564-78		SAMEA104602069				ERS2213351		daptomycin	=	0.25	S	mic_sign '=' inferred
29729180	BJD-179-951-s001.xlsx	Sheet 1	1564-78		SAMEA104602069				ERS2213351		teicoplanin	<=	0.5	S	
29729180	BJD-179-951-s001.xlsx	Sheet 1	1564-78		SAMEA104602069				ERS2213351		vancomycin	=	1	S	mic_sign '=' inferred
29729180	BJD-179-951-s001.xlsx	Sheet 1	1564-78		SAMEA104602069				ERS2213351		chloramphenicol	=	8	S	mic_sign '=' inferred
29729180	BJD-179-951-s001.xlsx	Sheet 1	1564-78		SAMEA104602069				ERS2213351		rifampin	<=	0.03	S	
29729180	BJD-179-951-s001.xlsx	Sheet 1	1565-80		SAMEA104602070				ERS2213352		penicillin	>=	0.5	R	
29729180	BJD-179-951-s001.xlsx	Sheet 1	1565-80		SAMEA104602070				ERS2213352		oxacillin	=	0.5	S	mic_sign '=' inferred
29729180	BJD-179-951-s001.xlsx	Sheet 1	1565-80		SAMEA104602070				ERS2213352		gentamicin	<=	0.5	S	
29729180	BJD-179-951-s001.xlsx	Sheet 1	1565-80		SAMEA104602070				ERS2213352		ciprofloxacin	<=	0.5	S	
29729180	BJD-179-951-s001.xlsx	Sheet 1	1565-80		SAMEA104602070				ERS2213352		erythromycin	=	0.5	S	mic_sign '=' inferred
29729180	BJD-179-951-s001.xlsx	Sheet 1	1565-80		SAMEA104602070				ERS2213352		clindamycin	=	0.25	S	mic_sign '=' inferred
29729180	BJD-179-951-s001.xlsx	Sheet 1	1565-80		SAMEA104602070				ERS2213352		tetracycline	<=	1	S	
29729180	BJD-179-951-s001.xlsx	Sheet 1	1565-80		SAMEA104602070				ERS2213352		fusidic acid	<=	0.5	S	
29729180	BJD-179-951-s001.xlsx	Sheet 1	1565-80		SAMEA104602070				ERS2213352		mupirocin	<=	2	S	
29729180	BJD-179-951-s001.xlsx	Sheet 1	1565-80		SAMEA104602070				ERS2213352		trimethoprim	=	1	S	mic_sign '=' inferred
29729180	BJD-179-951-s001.xlsx	Sheet 1	1565-80		SAMEA104602070				ERS2213352		linezolid	=	2	S	mic_sign '=' inferred
29729180	BJD-179-951-s001.xlsx	Sheet 1	1565-80		SAMEA104602070				ERS2213352		daptomycin	=	0.25	S	mic_sign '=' inferred
29729180	BJD-179-951-s001.xlsx	Sheet 1	1565-80		SAMEA104602070				ERS2213352		teicoplanin	<=	0.5	S	
29729180	BJD-179-951-s001.xlsx	Sheet 1	1565-80		SAMEA104602070				ERS2213352		vancomycin	=	1	S	mic_sign '=' inferred
29729180	BJD-179-951-s001.xlsx	Sheet 1	1565-80		SAMEA104602070				ERS2213352		chloramphenicol	=	8	S	mic_sign '=' inferred
29729180	BJD-179-951-s001.xlsx	Sheet 1	1565-80		SAMEA104602070				ERS2213352		rifampin	<=	0.03	S	
29729180	BJD-179-951-s001.xlsx	Sheet 1	1568-86		SAMEA104602071				ERS2213353		penicillin	>=	0.5	R	
29729180	BJD-179-951-s001.xlsx	Sheet 1	1568-86		SAMEA104602071				ERS2213353		oxacillin	=	0.5	S	mic_sign '=' inferred
29729180	BJD-179-951-s001.xlsx	Sheet 1	1568-86		SAMEA104602071				ERS2213353		gentamicin	<=	0.5	S	
29729180	BJD-179-951-s001.xlsx	Sheet 1	1568-86		SAMEA104602071				ERS2213353		ciprofloxacin	<=	0.5	S	
29729180	BJD-179-951-s001.xlsx	Sheet 1	1568-86		SAMEA104602071				ERS2213353		erythromycin	=	1	S	mic_sign '=' inferred
29729180	BJD-179-951-s001.xlsx	Sheet 1	1568-86		SAMEA104602071				ERS2213353		clindamycin	=	0.25	S	mic_sign '=' inferred
29729180	BJD-179-951-s001.xlsx	Sheet 1	1568-86		SAMEA104602071				ERS2213353		tetracycline	<=	1	S	
29729180	BJD-179-951-s001.xlsx	Sheet 1	1568-86		SAMEA104602071				ERS2213353		fusidic acid	<=	0.5	S	
29729180	BJD-179-951-s001.xlsx	Sheet 1	1568-86		SAMEA104602071				ERS2213353		mupirocin	<=	2	S	
29729180	BJD-179-951-s001.xlsx	Sheet 1	1568-86		SAMEA104602071				ERS2213353		trimethoprim	=	1	S	mic_sign '=' inferred
29729180	BJD-179-951-s001.xlsx	Sheet 1	1568-86		SAMEA104602071				ERS2213353		linezolid	=	2	S	mic_sign '=' inferred
29729180	BJD-179-951-s001.xlsx	Sheet 1	1568-86		SAMEA104602071				ERS2213353		daptomycin	=	0.25	S	mic_sign '=' inferred
29729180	BJD-179-951-s001.xlsx	Sheet 1	1568-86		SAMEA104602071				ERS2213353		teicoplanin	<=	0.5	S	
29729180	BJD-179-951-s001.xlsx	Sheet 1	1568-86		SAMEA104602071				ERS2213353		vancomycin	=	1	S	mic_sign '=' inferred
29729180	BJD-179-951-s001.xlsx	Sheet 1	1568-86		SAMEA104602071				ERS2213353		chloramphenicol	=	8	S	mic_sign '=' inferred
29729180	BJD-179-951-s001.xlsx	Sheet 1	1568-86		SAMEA104602071				ERS2213353		rifampin	<=	0.03	S	
29729180	BJD-179-951-s001.xlsx	Sheet 1	1570-88		SAMEA104602072				ERS2213354		penicillin	=	0.12	S	mic_sign '=' inferred
29729180	BJD-179-951-s001.xlsx	Sheet 1	1570-88		SAMEA104602072				ERS2213354		oxacillin	<=	0.25	S	
29729180	BJD-179-951-s001.xlsx	Sheet 1	1570-88		SAMEA104602072				ERS2213354		gentamicin	<=	0.5	S	
29729180	BJD-179-951-s001.xlsx	Sheet 1	1570-88		SAMEA104602072				ERS2213354		ciprofloxacin	<=	0.5	S	
29729180	BJD-179-951-s001.xlsx	Sheet 1	1570-88		SAMEA104602072				ERS2213354		erythromycin	=	1	S	mic_sign '=' inferred
29729180	BJD-179-951-s001.xlsx	Sheet 1	1570-88		SAMEA104602072				ERS2213354		clindamycin	=	0.25	S	mic_sign '=' inferred
29729180	BJD-179-951-s001.xlsx	Sheet 1	1570-88		SAMEA104602072				ERS2213354		tetracycline	<=	1	S	
29729180	BJD-179-951-s001.xlsx	Sheet 1	1570-88		SAMEA104602072				ERS2213354		fusidic acid	=	16	R	mic_sign '=' inferred
29729180	BJD-179-951-s001.xlsx	Sheet 1	1570-88		SAMEA104602072				ERS2213354		mupirocin	<=	2	S	
29729180	BJD-179-951-s001.xlsx	Sheet 1	1570-88		SAMEA104602072				ERS2213354		trimethoprim	=	1	S	mic_sign '=' inferred
29729180	BJD-179-951-s001.xlsx	Sheet 1	1570-88		SAMEA104602072				ERS2213354		linezolid	=	2	S	mic_sign '=' inferred
29729180	BJD-179-951-s001.xlsx	Sheet 1	1570-88		SAMEA104602072				ERS2213354		daptomycin	=	0.25	S	mic_sign '=' inferred
29729180	BJD-179-951-s001.xlsx	Sheet 1	1570-88		SAMEA104602072				ERS2213354		teicoplanin	<=	0.5	S	
29729180	BJD-179-951-s001.xlsx	Sheet 1	1570-88		SAMEA104602072				ERS2213354		vancomycin	=	1	S	mic_sign '=' inferred
29729180	BJD-179-951-s001.xlsx	Sheet 1	1570-88		SAMEA104602072				ERS2213354		chloramphenicol	=	8	S	mic_sign '=' inferred
29729180	BJD-179-951-s001.xlsx	Sheet 1	1570-88		SAMEA104602072				ERS2213354		rifampin	<=	0.03	S	
29729180	BJD-179-951-s001.xlsx	Sheet 1	1572-90		SAMEA104602073				ERS2213355		penicillin	>=	0.5	R	
29729180	BJD-179-951-s001.xlsx	Sheet 1	1572-90		SAMEA104602073				ERS2213355		oxacillin	<=	0.25	S	
29729180	BJD-179-951-s001.xlsx	Sheet 1	1572-90		SAMEA104602073				ERS2213355		gentamicin	<=	0.5	S	
29729180	BJD-179-951-s001.xlsx	Sheet 1	1572-90		SAMEA104602073				ERS2213355		ciprofloxacin	<=	0.5	S	
29729180	BJD-179-951-s001.xlsx	Sheet 1	1572-90		SAMEA104602073				ERS2213355		erythromycin	>=	8	R	
29729180	BJD-179-951-s001.xlsx	Sheet 1	1572-90		SAMEA104602073				ERS2213355		clindamycin	=	0.25	R	mic_sign '=' inferred
29729180	BJD-179-951-s001.xlsx	Sheet 1	1572-90		SAMEA104602073				ERS2213355		tetracycline	<=	1	S	
29729180	BJD-179-951-s001.xlsx	Sheet 1	1572-90		SAMEA104602073				ERS2213355		fusidic acid	<=	0.5	S	
29729180	BJD-179-951-s001.xlsx	Sheet 1	1572-90		SAMEA104602073				ERS2213355		mupirocin	<=	2	S	
29729180	BJD-179-951-s001.xlsx	Sheet 1	1572-90		SAMEA104602073				ERS2213355		trimethoprim	<=	0.5	S	
29729180	BJD-179-951-s001.xlsx	Sheet 1	1572-90		SAMEA104602073				ERS2213355		linezolid	=	2	S	mic_sign '=' inferred
29729180	BJD-179-951-s001.xlsx	Sheet 1	1572-90		SAMEA104602073				ERS2213355		daptomycin	=	0.25	S	mic_sign '=' inferred
29729180	BJD-179-951-s001.xlsx	Sheet 1	1572-90		SAMEA104602073				ERS2213355		teicoplanin	<=	0.5	S	
29729180	BJD-179-951-s001.xlsx	Sheet 1	1572-90		SAMEA104602073				ERS2213355		vancomycin	=	1	S	mic_sign '=' inferred
29729180	BJD-179-951-s001.xlsx	Sheet 1	1572-90		SAMEA104602073				ERS2213355		chloramphenicol	=	8	S	mic_sign '=' inferred
29729180	BJD-179-951-s001.xlsx	Sheet 1	1572-90		SAMEA104602073				ERS2213355		rifampin	<=	0.03	S	
29729180	BJD-179-951-s001.xlsx	Sheet 1	1582-96		SAMEA104602074				ERS2213356		penicillin	>=	0.5	R	
29729180	BJD-179-951-s001.xlsx	Sheet 1	1582-96		SAMEA104602074				ERS2213356		oxacillin	=	0.5	S	mic_sign '=' inferred
29729180	BJD-179-951-s001.xlsx	Sheet 1	1582-96		SAMEA104602074				ERS2213356		gentamicin	<=	0.5	S	
29729180	BJD-179-951-s001.xlsx	Sheet 1	1582-96		SAMEA104602074				ERS2213356		ciprofloxacin	<=	0.5	S	
29729180	BJD-179-951-s001.xlsx	Sheet 1	1582-96		SAMEA104602074				ERS2213356		erythromycin	=	1	S	mic_sign '=' inferred
29729180	BJD-179-951-s001.xlsx	Sheet 1	1582-96		SAMEA104602074				ERS2213356		clindamycin	=	0.25	S	mic_sign '=' inferred
29729180	BJD-179-951-s001.xlsx	Sheet 1	1582-96		SAMEA104602074				ERS2213356		tetracycline	<=	1	S	
29729180	BJD-179-951-s001.xlsx	Sheet 1	1582-96		SAMEA104602074				ERS2213356		fusidic acid	<=	0.5	S	
29729180	BJD-179-951-s001.xlsx	Sheet 1	1582-96		SAMEA104602074				ERS2213356		mupirocin	<=	2	S	
29729180	BJD-179-951-s001.xlsx	Sheet 1	1582-96		SAMEA104602074				ERS2213356		trimethoprim	<=	0.5	S	
29729180	BJD-179-951-s001.xlsx	Sheet 1	1582-96		SAMEA104602074				ERS2213356		linezolid	=	2	S	mic_sign '=' inferred
29729180	BJD-179-951-s001.xlsx	Sheet 1	1582-96		SAMEA104602074				ERS2213356		daptomycin	=	0.25	S	mic_sign '=' inferred
29729180	BJD-179-951-s001.xlsx	Sheet 1	1582-96		SAMEA104602074				ERS2213356		teicoplanin	<=	0.5	S	
29729180	BJD-179-951-s001.xlsx	Sheet 1	1582-96		SAMEA104602074				ERS2213356		vancomycin	=	1	S	mic_sign '=' inferred
29729180	BJD-179-951-s001.xlsx	Sheet 1	1582-96		SAMEA104602074				ERS2213356		chloramphenicol	=	8	S	mic_sign '=' inferred
29729180	BJD-179-951-s001.xlsx	Sheet 1	1582-96		SAMEA104602074				ERS2213356		rifampin	<=	0.03	S	
29729180	BJD-179-951-s001.xlsx	Sheet 1	1583-98		SAMEA104602075				ERS2213357		penicillin	>=	0.5	R	
29729180	BJD-179-951-s001.xlsx	Sheet 1	1583-98		SAMEA104602075				ERS2213357		oxacillin	=	0.5	S	mic_sign '=' inferred
29729180	BJD-179-951-s001.xlsx	Sheet 1	1583-98		SAMEA104602075				ERS2213357		gentamicin	<=	0.5	S	
29729180	BJD-179-951-s001.xlsx	Sheet 1	1583-98		SAMEA104602075				ERS2213357		ciprofloxacin	<=	0.5	S	
29729180	BJD-179-951-s001.xlsx	Sheet 1	1583-98		SAMEA104602075				ERS2213357		erythromycin	=	0.5	S	mic_sign '=' inferred
29729180	BJD-179-951-s001.xlsx	Sheet 1	1583-98		SAMEA104602075				ERS2213357		clindamycin	=	0.25	S	mic_sign '=' inferred
29729180	BJD-179-951-s001.xlsx	Sheet 1	1583-98		SAMEA104602075				ERS2213357		tetracycline	<=	1	S	
29729180	BJD-179-951-s001.xlsx	Sheet 1	1583-98		SAMEA104602075				ERS2213357		fusidic acid	<=	0.5	S	
29729180	BJD-179-951-s001.xlsx	Sheet 1	1583-98		SAMEA104602075				ERS2213357		mupirocin	<=	2	S	
29729180	BJD-179-951-s001.xlsx	Sheet 1	1583-98		SAMEA104602075				ERS2213357		trimethoprim	=	1	S	mic_sign '=' inferred
29729180	BJD-179-951-s001.xlsx	Sheet 1	1583-98		SAMEA104602075				ERS2213357		linezolid	=	1	S	mic_sign '=' inferred
29729180	BJD-179-951-s001.xlsx	Sheet 1	1583-98		SAMEA104602075				ERS2213357		daptomycin	=	0.25	S	mic_sign '=' inferred
29729180	BJD-179-951-s001.xlsx	Sheet 1	1583-98		SAMEA104602075				ERS2213357		teicoplanin	<=	0.5	S	
29729180	BJD-179-951-s001.xlsx	Sheet 1	1583-98		SAMEA104602075				ERS2213357		vancomycin	=	1	S	mic_sign '=' inferred
29729180	BJD-179-951-s001.xlsx	Sheet 1	1583-98		SAMEA104602075				ERS2213357		chloramphenicol	<=	4	S	
29729180	BJD-179-951-s001.xlsx	Sheet 1	1583-98		SAMEA104602075				ERS2213357		rifampin	<=	0.03	S	
29729180	BJD-179-951-s001.xlsx	Sheet 1	1589-100		SAMEA104602076				ERS2213358		penicillin	>=	0.5	R	
29729180	BJD-179-951-s001.xlsx	Sheet 1	1589-100		SAMEA104602076				ERS2213358		oxacillin	=	0.5	S	mic_sign '=' inferred
29729180	BJD-179-951-s001.xlsx	Sheet 1	1589-100		SAMEA104602076				ERS2213358		gentamicin	<=	0.5	S	
29729180	BJD-179-951-s001.xlsx	Sheet 1	1589-100		SAMEA104602076				ERS2213358		ciprofloxacin	<=	0.5	S	
29729180	BJD-179-951-s001.xlsx	Sheet 1	1589-100		SAMEA104602076				ERS2213358		erythromycin	=	0.5	S	mic_sign '=' inferred
29729180	BJD-179-951-s001.xlsx	Sheet 1	1589-100		SAMEA104602076				ERS2213358		clindamycin	=	0.25	S	mic_sign '=' inferred
29729180	BJD-179-951-s001.xlsx	Sheet 1	1589-100		SAMEA104602076				ERS2213358		tetracycline	<=	1	S	
29729180	BJD-179-951-s001.xlsx	Sheet 1	1589-100		SAMEA104602076				ERS2213358		fusidic acid	=	8	R	mic_sign '=' inferred
29729180	BJD-179-951-s001.xlsx	Sheet 1	1589-100		SAMEA104602076				ERS2213358		mupirocin	<=	2	S	
29729180	BJD-179-951-s001.xlsx	Sheet 1	1589-100		SAMEA104602076				ERS2213358		trimethoprim	<=	0.5	S	
29729180	BJD-179-951-s001.xlsx	Sheet 1	1589-100		SAMEA104602076				ERS2213358		linezolid	=	2	S	mic_sign '=' inferred
29729180	BJD-179-951-s001.xlsx	Sheet 1	1589-100		SAMEA104602076				ERS2213358		daptomycin	=	0.25	S	mic_sign '=' inferred
29729180	BJD-179-951-s001.xlsx	Sheet 1	1589-100		SAMEA104602076				ERS2213358		teicoplanin	<=	0.5	S	
29729180	BJD-179-951-s001.xlsx	Sheet 1	1589-100		SAMEA104602076				ERS2213358		vancomycin	=	1	S	mic_sign '=' inferred
29729180	BJD-179-951-s001.xlsx	Sheet 1	1589-100		SAMEA104602076				ERS2213358		chloramphenicol	=	8	S	mic_sign '=' inferred
29729180	BJD-179-951-s001.xlsx	Sheet 1	1589-100		SAMEA104602076				ERS2213358		rifampin	<=	0.03	S	
29729180	BJD-179-951-s001.xlsx	Sheet 1	1602-102		SAMEA104602077				ERS2213359		penicillin	>=	0.5	R	
29729180	BJD-179-951-s001.xlsx	Sheet 1	1602-102		SAMEA104602077				ERS2213359		oxacillin	=	0.5	S	mic_sign '=' inferred
29729180	BJD-179-951-s001.xlsx	Sheet 1	1602-102		SAMEA104602077				ERS2213359		gentamicin	<=	0.5	S	
29729180	BJD-179-951-s001.xlsx	Sheet 1	1602-102		SAMEA104602077				ERS2213359		ciprofloxacin	<=	0.5	S	
29729180	BJD-179-951-s001.xlsx	Sheet 1	1602-102		SAMEA104602077				ERS2213359		erythromycin	=	0.5	S	mic_sign '=' inferred
29729180	BJD-179-951-s001.xlsx	Sheet 1	1602-102		SAMEA104602077				ERS2213359		clindamycin	=	0.25	S	mic_sign '=' inferred
29729180	BJD-179-951-s001.xlsx	Sheet 1	1602-102		SAMEA104602077				ERS2213359		tetracycline	<=	1	S	
29729180	BJD-179-951-s001.xlsx	Sheet 1	1602-102		SAMEA104602077				ERS2213359		fusidic acid	>=	32	R	
29729180	BJD-179-951-s001.xlsx	Sheet 1	1602-102		SAMEA104602077				ERS2213359		mupirocin	<=	2	S	
29729180	BJD-179-951-s001.xlsx	Sheet 1	1602-102		SAMEA104602077				ERS2213359		trimethoprim	<=	0.5	S	
29729180	BJD-179-951-s001.xlsx	Sheet 1	1602-102		SAMEA104602077				ERS2213359		linezolid	=	2	S	mic_sign '=' inferred
29729180	BJD-179-951-s001.xlsx	Sheet 1	1602-102		SAMEA104602077				ERS2213359		daptomycin	=	0.25	S	mic_sign '=' inferred
29729180	BJD-179-951-s001.xlsx	Sheet 1	1602-102		SAMEA104602077				ERS2213359		teicoplanin	<=	0.5	S	
29729180	BJD-179-951-s001.xlsx	Sheet 1	1602-102		SAMEA104602077				ERS2213359		vancomycin	=	1	S	mic_sign '=' inferred
29729180	BJD-179-951-s001.xlsx	Sheet 1	1602-102		SAMEA104602077				ERS2213359		chloramphenicol	=	8	S	mic_sign '=' inferred
29729180	BJD-179-951-s001.xlsx	Sheet 1	1602-102		SAMEA104602077				ERS2213359		rifampin	<=	0.03	S	
29729180	BJD-179-951-s001.xlsx	Sheet 1	1604-104		SAMEA104602078				ERS2213360		penicillin	>=	0.5	R	
29729180	BJD-179-951-s001.xlsx	Sheet 1	1604-104		SAMEA104602078				ERS2213360		oxacillin	<=	0.25	S	
29729180	BJD-179-951-s001.xlsx	Sheet 1	1604-104		SAMEA104602078				ERS2213360		gentamicin	<=	0.5	S	
29729180	BJD-179-951-s001.xlsx	Sheet 1	1604-104		SAMEA104602078				ERS2213360		ciprofloxacin	<=	0.5	S	
29729180	BJD-179-951-s001.xlsx	Sheet 1	1604-104		SAMEA104602078				ERS2213360		erythromycin	=	0.5	S	mic_sign '=' inferred
29729180	BJD-179-951-s001.xlsx	Sheet 1	1604-104		SAMEA104602078				ERS2213360		clindamycin	=	0.25	S	mic_sign '=' inferred
29729180	BJD-179-951-s001.xlsx	Sheet 1	1604-104		SAMEA104602078				ERS2213360		tetracycline	<=	1	S	
29729180	BJD-179-951-s001.xlsx	Sheet 1	1604-104		SAMEA104602078				ERS2213360		fusidic acid	<=	0.5	S	
29729180	BJD-179-951-s001.xlsx	Sheet 1	1604-104		SAMEA104602078				ERS2213360		mupirocin	<=	2	S	
29729180	BJD-179-951-s001.xlsx	Sheet 1	1604-104		SAMEA104602078				ERS2213360		trimethoprim	=	1	S	mic_sign '=' inferred
29729180	BJD-179-951-s001.xlsx	Sheet 1	1604-104		SAMEA104602078				ERS2213360		linezolid	=	2	S	mic_sign '=' inferred
29729180	BJD-179-951-s001.xlsx	Sheet 1	1604-104		SAMEA104602078				ERS2213360		daptomycin	=	0.5	S	mic_sign '=' inferred
29729180	BJD-179-951-s001.xlsx	Sheet 1	1604-104		SAMEA104602078				ERS2213360		teicoplanin	<=	0.5	S	
29729180	BJD-179-951-s001.xlsx	Sheet 1	1604-104		SAMEA104602078				ERS2213360		vancomycin	=	1	S	mic_sign '=' inferred
29729180	BJD-179-951-s001.xlsx	Sheet 1	1604-104		SAMEA104602078				ERS2213360		chloramphenicol	=	8	S	mic_sign '=' inferred
29729180	BJD-179-951-s001.xlsx	Sheet 1	1604-104		SAMEA104602078				ERS2213360		rifampin	<=	0.03	S	
29729180	BJD-179-951-s001.xlsx	Sheet 1	1606-106		SAMEA104602079				ERS2213361		penicillin	>=	0.5	R	
29729180	BJD-179-951-s001.xlsx	Sheet 1	1606-106		SAMEA104602079				ERS2213361		oxacillin	<=	0.25	S	
29729180	BJD-179-951-s001.xlsx	Sheet 1	1606-106		SAMEA104602079				ERS2213361		gentamicin	<=	0.5	S	
29729180	BJD-179-951-s001.xlsx	Sheet 1	1606-106		SAMEA104602079				ERS2213361		ciprofloxacin	<=	0.5	S	
29729180	BJD-179-951-s001.xlsx	Sheet 1	1606-106		SAMEA104602079				ERS2213361		erythromycin	=	0.5	S	mic_sign '=' inferred
29729180	BJD-179-951-s001.xlsx	Sheet 1	1606-106		SAMEA104602079				ERS2213361		clindamycin	=	0.25	S	mic_sign '=' inferred
29729180	BJD-179-951-s001.xlsx	Sheet 1	1606-106		SAMEA104602079				ERS2213361		tetracycline	<=	1	S	
29729180	BJD-179-951-s001.xlsx	Sheet 1	1606-106		SAMEA104602079				ERS2213361		fusidic acid	<=	0.5	S	
29729180	BJD-179-951-s001.xlsx	Sheet 1	1606-106		SAMEA104602079				ERS2213361		mupirocin	<=	2	S	
29729180	BJD-179-951-s001.xlsx	Sheet 1	1606-106		SAMEA104602079				ERS2213361		trimethoprim	<=	0.5	S	
29729180	BJD-179-951-s001.xlsx	Sheet 1	1606-106		SAMEA104602079				ERS2213361		linezolid	=	2	S	mic_sign '=' inferred
29729180	BJD-179-951-s001.xlsx	Sheet 1	1606-106		SAMEA104602079				ERS2213361		daptomycin	=	0.5	S	mic_sign '=' inferred
29729180	BJD-179-951-s001.xlsx	Sheet 1	1606-106		SAMEA104602079				ERS2213361		teicoplanin	<=	0.5	S	
29729180	BJD-179-951-s001.xlsx	Sheet 1	1606-106		SAMEA104602079				ERS2213361		vancomycin	=	1	S	mic_sign '=' inferred
29729180	BJD-179-951-s001.xlsx	Sheet 1	1606-106		SAMEA104602079				ERS2213361		chloramphenicol	=	8	S	mic_sign '=' inferred
29729180	BJD-179-951-s001.xlsx	Sheet 1	1606-106		SAMEA104602079				ERS2213361		rifampin	<=	0.03	S	
29729180	BJD-179-951-s001.xlsx	Sheet 1	1610-107		SAMEA104602080				ERS2213362		penicillin	>=	0.5	R	
29729180	BJD-179-951-s001.xlsx	Sheet 1	1610-107		SAMEA104602080				ERS2213362		oxacillin	=	0.5	S	mic_sign '=' inferred
29729180	BJD-179-951-s001.xlsx	Sheet 1	1610-107		SAMEA104602080				ERS2213362		gentamicin	<=	0.5	S	
29729180	BJD-179-951-s001.xlsx	Sheet 1	1610-107		SAMEA104602080				ERS2213362		ciprofloxacin	<=	0.5	S	
29729180	BJD-179-951-s001.xlsx	Sheet 1	1610-107		SAMEA104602080				ERS2213362		erythromycin	=	1	S	mic_sign '=' inferred
29729180	BJD-179-951-s001.xlsx	Sheet 1	1610-107		SAMEA104602080				ERS2213362		clindamycin	=	0.25	S	mic_sign '=' inferred
29729180	BJD-179-951-s001.xlsx	Sheet 1	1610-107		SAMEA104602080				ERS2213362		tetracycline	<=	1	S	
29729180	BJD-179-951-s001.xlsx	Sheet 1	1610-107		SAMEA104602080				ERS2213362		fusidic acid	<=	0.5	S	
29729180	BJD-179-951-s001.xlsx	Sheet 1	1610-107		SAMEA104602080				ERS2213362		mupirocin	<=	2	S	
29729180	BJD-179-951-s001.xlsx	Sheet 1	1610-107		SAMEA104602080				ERS2213362		trimethoprim	<=	0.5	S	
29729180	BJD-179-951-s001.xlsx	Sheet 1	1610-107		SAMEA104602080				ERS2213362		linezolid	=	2	S	mic_sign '=' inferred
29729180	BJD-179-951-s001.xlsx	Sheet 1	1610-107		SAMEA104602080				ERS2213362		daptomycin	=	0.25	S	mic_sign '=' inferred
29729180	BJD-179-951-s001.xlsx	Sheet 1	1610-107		SAMEA104602080				ERS2213362		teicoplanin	<=	0.5	S	
29729180	BJD-179-951-s001.xlsx	Sheet 1	1610-107		SAMEA104602080				ERS2213362		vancomycin	=	1	S	mic_sign '=' inferred
29729180	BJD-179-951-s001.xlsx	Sheet 1	1610-107		SAMEA104602080				ERS2213362		chloramphenicol	=	8	S	mic_sign '=' inferred
29729180	BJD-179-951-s001.xlsx	Sheet 1	1610-107		SAMEA104602080				ERS2213362		rifampin	<=	0.03	S	
29729180	BJD-179-951-s001.xlsx	Sheet 1	1628-109		SAMEA104602081				ERS2213363		penicillin	>=	0.5	R	
29729180	BJD-179-951-s001.xlsx	Sheet 1	1628-109		SAMEA104602081				ERS2213363		oxacillin	<=	0.25	S	
29729180	BJD-179-951-s001.xlsx	Sheet 1	1628-109		SAMEA104602081				ERS2213363		gentamicin	<=	0.5	S	
29729180	BJD-179-951-s001.xlsx	Sheet 1	1628-109		SAMEA104602081				ERS2213363		ciprofloxacin	<=	0.5	S	
29729180	BJD-179-951-s001.xlsx	Sheet 1	1628-109		SAMEA104602081				ERS2213363		erythromycin	=	1	S	mic_sign '=' inferred
29729180	BJD-179-951-s001.xlsx	Sheet 1	1628-109		SAMEA104602081				ERS2213363		clindamycin	=	0.25	S	mic_sign '=' inferred
29729180	BJD-179-951-s001.xlsx	Sheet 1	1628-109		SAMEA104602081				ERS2213363		tetracycline	<=	1	S	
29729180	BJD-179-951-s001.xlsx	Sheet 1	1628-109		SAMEA104602081				ERS2213363		fusidic acid	=	8	R	mic_sign '=' inferred
29729180	BJD-179-951-s001.xlsx	Sheet 1	1628-109		SAMEA104602081				ERS2213363		mupirocin	<=	2	S	
29729180	BJD-179-951-s001.xlsx	Sheet 1	1628-109		SAMEA104602081				ERS2213363		trimethoprim	<=	0.5	S	
29729180	BJD-179-951-s001.xlsx	Sheet 1	1628-109		SAMEA104602081				ERS2213363		linezolid	=	2	S	mic_sign '=' inferred
29729180	BJD-179-951-s001.xlsx	Sheet 1	1628-109		SAMEA104602081				ERS2213363		daptomycin	=	0.25	S	mic_sign '=' inferred
29729180	BJD-179-951-s001.xlsx	Sheet 1	1628-109		SAMEA104602081				ERS2213363		teicoplanin	<=	0.5	S	
29729180	BJD-179-951-s001.xlsx	Sheet 1	1628-109		SAMEA104602081				ERS2213363		vancomycin	=	1	S	mic_sign '=' inferred
29729180	BJD-179-951-s001.xlsx	Sheet 1	1628-109		SAMEA104602081				ERS2213363		chloramphenicol	=	8	S	mic_sign '=' inferred
29729180	BJD-179-951-s001.xlsx	Sheet 1	1628-109		SAMEA104602081				ERS2213363		rifampin	<=	0.03	S	
29729180	BJD-179-951-s001.xlsx	Sheet 1	1634-111		SAMEA104602082				ERS2213364		penicillin	>=	0.5	R	
29729180	BJD-179-951-s001.xlsx	Sheet 1	1634-111		SAMEA104602082				ERS2213364		oxacillin	=	0.5	S	mic_sign '=' inferred
29729180	BJD-179-951-s001.xlsx	Sheet 1	1634-111		SAMEA104602082				ERS2213364		gentamicin	<=	0.5	S	
29729180	BJD-179-951-s001.xlsx	Sheet 1	1634-111		SAMEA104602082				ERS2213364		ciprofloxacin	<=	0.5	S	
29729180	BJD-179-951-s001.xlsx	Sheet 1	1634-111		SAMEA104602082				ERS2213364		erythromycin	=	1	S	mic_sign '=' inferred
29729180	BJD-179-951-s001.xlsx	Sheet 1	1634-111		SAMEA104602082				ERS2213364		clindamycin	=	0.25	S	mic_sign '=' inferred
29729180	BJD-179-951-s001.xlsx	Sheet 1	1634-111		SAMEA104602082				ERS2213364		tetracycline	<=	1	S	
29729180	BJD-179-951-s001.xlsx	Sheet 1	1634-111		SAMEA104602082				ERS2213364		fusidic acid	<=	0.5	S	
29729180	BJD-179-951-s001.xlsx	Sheet 1	1634-111		SAMEA104602082				ERS2213364		mupirocin	<=	2	S	
29729180	BJD-179-951-s001.xlsx	Sheet 1	1634-111		SAMEA104602082				ERS2213364		trimethoprim	<=	0.5	S	
29729180	BJD-179-951-s001.xlsx	Sheet 1	1634-111		SAMEA104602082				ERS2213364		linezolid	=	2	S	mic_sign '=' inferred
29729180	BJD-179-951-s001.xlsx	Sheet 1	1634-111		SAMEA104602082				ERS2213364		daptomycin	=	0.25	S	mic_sign '=' inferred
29729180	BJD-179-951-s001.xlsx	Sheet 1	1634-111		SAMEA104602082				ERS2213364		teicoplanin	<=	0.5	S	
29729180	BJD-179-951-s001.xlsx	Sheet 1	1634-111		SAMEA104602082				ERS2213364		vancomycin	=	1	S	mic_sign '=' inferred
29729180	BJD-179-951-s001.xlsx	Sheet 1	1634-111		SAMEA104602082				ERS2213364		chloramphenicol	=	8	S	mic_sign '=' inferred
29729180	BJD-179-951-s001.xlsx	Sheet 1	1634-111		SAMEA104602082				ERS2213364		rifampin	<=	0.03	S	
29729180	BJD-179-951-s001.xlsx	Sheet 1	1640-114		SAMEA104602083				ERS2213365		penicillin	>=	0.5	R	
29729180	BJD-179-951-s001.xlsx	Sheet 1	1640-114		SAMEA104602083				ERS2213365		oxacillin	>=	4	R	
29729180	BJD-179-951-s001.xlsx	Sheet 1	1640-114		SAMEA104602083				ERS2213365		gentamicin	>=	16	R	
29729180	BJD-179-951-s001.xlsx	Sheet 1	1640-114		SAMEA104602083				ERS2213365		ciprofloxacin	>=	8	R	
29729180	BJD-179-951-s001.xlsx	Sheet 1	1640-114		SAMEA104602083				ERS2213365		erythromycin	>=	8	R	
29729180	BJD-179-951-s001.xlsx	Sheet 1	1640-114		SAMEA104602083				ERS2213365		clindamycin	>=	4	R	
29729180	BJD-179-951-s001.xlsx	Sheet 1	1640-114		SAMEA104602083				ERS2213365		tetracycline	<=	1	S	
29729180	BJD-179-951-s001.xlsx	Sheet 1	1640-114		SAMEA104602083				ERS2213365		fusidic acid	=	4	R	mic_sign '=' inferred
29729180	BJD-179-951-s001.xlsx	Sheet 1	1640-114		SAMEA104602083				ERS2213365		mupirocin	=	64	I	mic_sign '=' inferred
29729180	BJD-179-951-s001.xlsx	Sheet 1	1640-114		SAMEA104602083				ERS2213365		trimethoprim	<=	0.5	S	
29729180	BJD-179-951-s001.xlsx	Sheet 1	1640-114		SAMEA104602083				ERS2213365		linezolid	=	2	S	mic_sign '=' inferred
29729180	BJD-179-951-s001.xlsx	Sheet 1	1640-114		SAMEA104602083				ERS2213365		daptomycin	=	1	S	mic_sign '=' inferred
29729180	BJD-179-951-s001.xlsx	Sheet 1	1640-114		SAMEA104602083				ERS2213365		teicoplanin	<=	0.5	S	
29729180	BJD-179-951-s001.xlsx	Sheet 1	1640-114		SAMEA104602083				ERS2213365		vancomycin	=	1	S	mic_sign '=' inferred
29729180	BJD-179-951-s001.xlsx	Sheet 1	1640-114		SAMEA104602083				ERS2213365		chloramphenicol	=	8	S	mic_sign '=' inferred
29729180	BJD-179-951-s001.xlsx	Sheet 1	1640-114		SAMEA104602083				ERS2213365		rifampin	<=	0.03	S	
29729180	BJD-179-951-s001.xlsx	Sheet 1	262B-20		SAMEA104602084				ERS2213366		penicillin	=	0.06	S	mic_sign '=' inferred
29729180	BJD-179-951-s001.xlsx	Sheet 1	262B-20		SAMEA104602084				ERS2213366		oxacillin	<=	0.25	S	
29729180	BJD-179-951-s001.xlsx	Sheet 1	262B-20		SAMEA104602084				ERS2213366		gentamicin	<=	0.5	S	
29729180	BJD-179-951-s001.xlsx	Sheet 1	262B-20		SAMEA104602084				ERS2213366		ciprofloxacin	<=	0.5	S	
29729180	BJD-179-951-s001.xlsx	Sheet 1	262B-20		SAMEA104602084				ERS2213366		erythromycin	>=	8	R	
29729180	BJD-179-951-s001.xlsx	Sheet 1	262B-20		SAMEA104602084				ERS2213366		clindamycin	=	0.25	R	mic_sign '=' inferred
29729180	BJD-179-951-s001.xlsx	Sheet 1	262B-20		SAMEA104602084				ERS2213366		tetracycline	<=	1	S	
29729180	BJD-179-951-s001.xlsx	Sheet 1	262B-20		SAMEA104602084				ERS2213366		fusidic acid	=	16	R	mic_sign '=' inferred
29729180	BJD-179-951-s001.xlsx	Sheet 1	262B-20		SAMEA104602084				ERS2213366		mupirocin	<=	2	S	
29729180	BJD-179-951-s001.xlsx	Sheet 1	262B-20		SAMEA104602084				ERS2213366		trimethoprim	=	1	S	mic_sign '=' inferred
29729180	BJD-179-951-s001.xlsx	Sheet 1	262B-20		SAMEA104602084				ERS2213366		linezolid	=	2	S	mic_sign '=' inferred
29729180	BJD-179-951-s001.xlsx	Sheet 1	262B-20		SAMEA104602084				ERS2213366		daptomycin	=	0.25	S	mic_sign '=' inferred
29729180	BJD-179-951-s001.xlsx	Sheet 1	262B-20		SAMEA104602084				ERS2213366		teicoplanin	<=	0.5	S	
29729180	BJD-179-951-s001.xlsx	Sheet 1	262B-20		SAMEA104602084				ERS2213366		vancomycin	=	1	S	mic_sign '=' inferred
29729180	BJD-179-951-s001.xlsx	Sheet 1	262B-20		SAMEA104602084				ERS2213366		chloramphenicol	<=	4	S	
29729180	BJD-179-951-s001.xlsx	Sheet 1	262B-20		SAMEA104602084				ERS2213366		rifampin	<=	0.03	S	
29729180	BJD-179-951-s001.xlsx	Sheet 1	279B-47		SAMEA104602085				ERS2213367		penicillin	>=	0.5	R	
29729180	BJD-179-951-s001.xlsx	Sheet 1	279B-47		SAMEA104602085				ERS2213367		oxacillin	=	0.5	S	mic_sign '=' inferred
29729180	BJD-179-951-s001.xlsx	Sheet 1	279B-47		SAMEA104602085				ERS2213367		gentamicin	<=	0.5	S	
29729180	BJD-179-951-s001.xlsx	Sheet 1	279B-47		SAMEA104602085				ERS2213367		ciprofloxacin	<=	0.5	S	
29729180	BJD-179-951-s001.xlsx	Sheet 1	279B-47		SAMEA104602085				ERS2213367		erythromycin	=	0.5	S	mic_sign '=' inferred
29729180	BJD-179-951-s001.xlsx	Sheet 1	279B-47		SAMEA104602085				ERS2213367		clindamycin	=	0.25	S	mic_sign '=' inferred
29729180	BJD-179-951-s001.xlsx	Sheet 1	279B-47		SAMEA104602085				ERS2213367		tetracycline	<=	1	S	
29729180	BJD-179-951-s001.xlsx	Sheet 1	279B-47		SAMEA104602085				ERS2213367		fusidic acid	=	16	R	mic_sign '=' inferred
29729180	BJD-179-951-s001.xlsx	Sheet 1	279B-47		SAMEA104602085				ERS2213367		mupirocin	<=	2	S	
29729180	BJD-179-951-s001.xlsx	Sheet 1	279B-47		SAMEA104602085				ERS2213367		trimethoprim	=	1	S	mic_sign '=' inferred
29729180	BJD-179-951-s001.xlsx	Sheet 1	279B-47		SAMEA104602085				ERS2213367		linezolid	=	2	S	mic_sign '=' inferred
29729180	BJD-179-951-s001.xlsx	Sheet 1	279B-47		SAMEA104602085				ERS2213367		daptomycin	=	0.25	S	mic_sign '=' inferred
29729180	BJD-179-951-s001.xlsx	Sheet 1	279B-47		SAMEA104602085				ERS2213367		teicoplanin	<=	0.5	S	
29729180	BJD-179-951-s001.xlsx	Sheet 1	279B-47		SAMEA104602085				ERS2213367		vancomycin	=	1	S	mic_sign '=' inferred
29729180	BJD-179-951-s001.xlsx	Sheet 1	279B-47		SAMEA104602085				ERS2213367		chloramphenicol	=	8	S	mic_sign '=' inferred
29729180	BJD-179-951-s001.xlsx	Sheet 1	279B-47		SAMEA104602085				ERS2213367		rifampin	<=	0.03	S	
29729180	BJD-179-951-s001.xlsx	Sheet 1	295-84		SAMEA104602086				ERS2213368		penicillin	>=	0.5	R	
29729180	BJD-179-951-s001.xlsx	Sheet 1	295-84		SAMEA104602086				ERS2213368		oxacillin	=	0.5	S	mic_sign '=' inferred
29729180	BJD-179-951-s001.xlsx	Sheet 1	295-84		SAMEA104602086				ERS2213368		gentamicin	<=	0.5	S	
29729180	BJD-179-951-s001.xlsx	Sheet 1	295-84		SAMEA104602086				ERS2213368		ciprofloxacin	<=	0.5	S	
29729180	BJD-179-951-s001.xlsx	Sheet 1	295-84		SAMEA104602086				ERS2213368		erythromycin	=	1	S	mic_sign '=' inferred
29729180	BJD-179-951-s001.xlsx	Sheet 1	295-84		SAMEA104602086				ERS2213368		clindamycin	=	0.25	S	mic_sign '=' inferred
29729180	BJD-179-951-s001.xlsx	Sheet 1	295-84		SAMEA104602086				ERS2213368		tetracycline	<=	1	S	
29729180	BJD-179-951-s001.xlsx	Sheet 1	295-84		SAMEA104602086				ERS2213368		fusidic acid	<=	0.5	S	
29729180	BJD-179-951-s001.xlsx	Sheet 1	295-84		SAMEA104602086				ERS2213368		mupirocin	<=	2	S	
29729180	BJD-179-951-s001.xlsx	Sheet 1	295-84		SAMEA104602086				ERS2213368		trimethoprim	<=	0.5	S	
29729180	BJD-179-951-s001.xlsx	Sheet 1	295-84		SAMEA104602086				ERS2213368		linezolid	=	2	S	mic_sign '=' inferred
29729180	BJD-179-951-s001.xlsx	Sheet 1	295-84		SAMEA104602086				ERS2213368		daptomycin	=	0.25	S	mic_sign '=' inferred
29729180	BJD-179-951-s001.xlsx	Sheet 1	295-84		SAMEA104602086				ERS2213368		teicoplanin	<=	0.5	S	
29729180	BJD-179-951-s001.xlsx	Sheet 1	295-84		SAMEA104602086				ERS2213368		vancomycin	=	1	S	mic_sign '=' inferred
29729180	BJD-179-951-s001.xlsx	Sheet 1	295-84		SAMEA104602086				ERS2213368		chloramphenicol	=	8	S	mic_sign '=' inferred
29729180	BJD-179-951-s001.xlsx	Sheet 1	295-84		SAMEA104602086				ERS2213368		rifampin	<=	0.03	S	
29729180	BJD-179-951-s001.xlsx	Sheet 1	310B-113		SAMEA104602087				ERS2213369		penicillin	=	0.06	S	mic_sign '=' inferred
29729180	BJD-179-951-s001.xlsx	Sheet 1	310B-113		SAMEA104602087				ERS2213369		oxacillin	<=	0.25	S	
29729180	BJD-179-951-s001.xlsx	Sheet 1	310B-113		SAMEA104602087				ERS2213369		gentamicin	<=	0.5	S	
29729180	BJD-179-951-s001.xlsx	Sheet 1	310B-113		SAMEA104602087				ERS2213369		ciprofloxacin	<=	0.5	S	
29729180	BJD-179-951-s001.xlsx	Sheet 1	310B-113		SAMEA104602087				ERS2213369		erythromycin	=	0.5	S	mic_sign '=' inferred
29729180	BJD-179-951-s001.xlsx	Sheet 1	310B-113		SAMEA104602087				ERS2213369		clindamycin	=	0.25	S	mic_sign '=' inferred
29729180	BJD-179-951-s001.xlsx	Sheet 1	310B-113		SAMEA104602087				ERS2213369		tetracycline	<=	1	S	
29729180	BJD-179-951-s001.xlsx	Sheet 1	310B-113		SAMEA104602087				ERS2213369		fusidic acid	<=	0.5	S	
29729180	BJD-179-951-s001.xlsx	Sheet 1	310B-113		SAMEA104602087				ERS2213369		mupirocin	<=	2	S	
29729180	BJD-179-951-s001.xlsx	Sheet 1	310B-113		SAMEA104602087				ERS2213369		trimethoprim	<=	0.5	S	
29729180	BJD-179-951-s001.xlsx	Sheet 1	310B-113		SAMEA104602087				ERS2213369		linezolid	=	2	S	mic_sign '=' inferred
29729180	BJD-179-951-s001.xlsx	Sheet 1	310B-113		SAMEA104602087				ERS2213369		daptomycin	=	0.25	S	mic_sign '=' inferred
29729180	BJD-179-951-s001.xlsx	Sheet 1	310B-113		SAMEA104602087				ERS2213369		teicoplanin	<=	0.5	S	
29729180	BJD-179-951-s001.xlsx	Sheet 1	310B-113		SAMEA104602087				ERS2213369		vancomycin	=	1	S	mic_sign '=' inferred
29729180	BJD-179-951-s001.xlsx	Sheet 1	310B-113		SAMEA104602087				ERS2213369		chloramphenicol	=	8	S	mic_sign '=' inferred
29729180	BJD-179-951-s001.xlsx	Sheet 1	310B-113		SAMEA104602087				ERS2213369		rifampin	<=	0.03	S	
29729180	BJD-179-951-s001.xlsx	Sheet 1	51B-25		SAMEA104602088				ERS2213370		penicillin	>=	0.5	R	
29729180	BJD-179-951-s001.xlsx	Sheet 1	51B-25		SAMEA104602088				ERS2213370		oxacillin	=	0.5	S	mic_sign '=' inferred
29729180	BJD-179-951-s001.xlsx	Sheet 1	51B-25		SAMEA104602088				ERS2213370		gentamicin	<=	0.5	S	
29729180	BJD-179-951-s001.xlsx	Sheet 1	51B-25		SAMEA104602088				ERS2213370		ciprofloxacin	=	1	S	mic_sign '=' inferred
29729180	BJD-179-951-s001.xlsx	Sheet 1	51B-25		SAMEA104602088				ERS2213370		erythromycin	=	1	S	mic_sign '=' inferred
29729180	BJD-179-951-s001.xlsx	Sheet 1	51B-25		SAMEA104602088				ERS2213370		clindamycin	=	0.25	S	mic_sign '=' inferred
29729180	BJD-179-951-s001.xlsx	Sheet 1	51B-25		SAMEA104602088				ERS2213370		tetracycline	<=	1	S	
29729180	BJD-179-951-s001.xlsx	Sheet 1	51B-25		SAMEA104602088				ERS2213370		fusidic acid	<=	0.5	S	
29729180	BJD-179-951-s001.xlsx	Sheet 1	51B-25		SAMEA104602088				ERS2213370		mupirocin	<=	2	S	
29729180	BJD-179-951-s001.xlsx	Sheet 1	51B-25		SAMEA104602088				ERS2213370		trimethoprim	<=	0.5	S	
29729180	BJD-179-951-s001.xlsx	Sheet 1	51B-25		SAMEA104602088				ERS2213370		linezolid	=	2	S	mic_sign '=' inferred
29729180	BJD-179-951-s001.xlsx	Sheet 1	51B-25		SAMEA104602088				ERS2213370		daptomycin	=	0.25	S	mic_sign '=' inferred
29729180	BJD-179-951-s001.xlsx	Sheet 1	51B-25		SAMEA104602088				ERS2213370		teicoplanin	<=	0.5	S	
29729180	BJD-179-951-s001.xlsx	Sheet 1	51B-25		SAMEA104602088				ERS2213370		vancomycin	=	1	S	mic_sign '=' inferred
29729180	BJD-179-951-s001.xlsx	Sheet 1	51B-25		SAMEA104602088				ERS2213370		chloramphenicol	=	8	S	mic_sign '=' inferred
29729180	BJD-179-951-s001.xlsx	Sheet 1	51B-25		SAMEA104602088				ERS2213370		rifampin	<=	0.03	S	
29729180	BJD-179-951-s001.xlsx	Sheet 1	1002-01		SAMEA104602089				ERS2213371		penicillin	>=	0.5	R	
29729180	BJD-179-951-s001.xlsx	Sheet 1	1002-01		SAMEA104602089				ERS2213371		oxacillin	<=	0.25	S	
29729180	BJD-179-951-s001.xlsx	Sheet 1	1002-01		SAMEA104602089				ERS2213371		gentamicin	<=	0.5	S	
29729180	BJD-179-951-s001.xlsx	Sheet 1	1002-01		SAMEA104602089				ERS2213371		ciprofloxacin	<=	0.5	S	
29729180	BJD-179-951-s001.xlsx	Sheet 1	1002-01		SAMEA104602089				ERS2213371		erythromycin	=	1	S	mic_sign '=' inferred
29729180	BJD-179-951-s001.xlsx	Sheet 1	1002-01		SAMEA104602089				ERS2213371		clindamycin	=	0.25	S	mic_sign '=' inferred
29729180	BJD-179-951-s001.xlsx	Sheet 1	1002-01		SAMEA104602089				ERS2213371		tetracycline	<=	1	S	
29729180	BJD-179-951-s001.xlsx	Sheet 1	1002-01		SAMEA104602089				ERS2213371		fusidic acid	<=	0.5	S	
29729180	BJD-179-951-s001.xlsx	Sheet 1	1002-01		SAMEA104602089				ERS2213371		mupirocin	<=	2	S	
29729180	BJD-179-951-s001.xlsx	Sheet 1	1002-01		SAMEA104602089				ERS2213371		trimethoprim	<=	0.5	S	
29729180	BJD-179-951-s001.xlsx	Sheet 1	1002-01		SAMEA104602089				ERS2213371		linezolid	=	2	S	mic_sign '=' inferred
29729180	BJD-179-951-s001.xlsx	Sheet 1	1002-01		SAMEA104602089				ERS2213371		daptomycin	=	0.5	S	mic_sign '=' inferred
29729180	BJD-179-951-s001.xlsx	Sheet 1	1002-01		SAMEA104602089				ERS2213371		teicoplanin	<=	0.5	S	
29729180	BJD-179-951-s001.xlsx	Sheet 1	1002-01		SAMEA104602089				ERS2213371		vancomycin	=	1	S	mic_sign '=' inferred
29729180	BJD-179-951-s001.xlsx	Sheet 1	1002-01		SAMEA104602089				ERS2213371		chloramphenicol	=	8	S	mic_sign '=' inferred
29729180	BJD-179-951-s001.xlsx	Sheet 1	1002-01		SAMEA104602089				ERS2213371		rifampin	<=	0.03	S	
29729180	BJD-179-951-s001.xlsx	Sheet 1	1024-03		SAMEA104602090				ERS2213372		penicillin	>=	0.5	R	
29729180	BJD-179-951-s001.xlsx	Sheet 1	1024-03		SAMEA104602090				ERS2213372		oxacillin	<=	0.25	S	
29729180	BJD-179-951-s001.xlsx	Sheet 1	1024-03		SAMEA104602090				ERS2213372		gentamicin	<=	0.5	S	
29729180	BJD-179-951-s001.xlsx	Sheet 1	1024-03		SAMEA104602090				ERS2213372		ciprofloxacin	<=	0.5	S	
29729180	BJD-179-951-s001.xlsx	Sheet 1	1024-03		SAMEA104602090				ERS2213372		erythromycin	=	1	S	mic_sign '=' inferred
29729180	BJD-179-951-s001.xlsx	Sheet 1	1024-03		SAMEA104602090				ERS2213372		clindamycin	=	0.25	S	mic_sign '=' inferred
29729180	BJD-179-951-s001.xlsx	Sheet 1	1024-03		SAMEA104602090				ERS2213372		tetracycline	<=	1	S	
29729180	BJD-179-951-s001.xlsx	Sheet 1	1024-03		SAMEA104602090				ERS2213372		fusidic acid	<=	0.5	S	
29729180	BJD-179-951-s001.xlsx	Sheet 1	1024-03		SAMEA104602090				ERS2213372		mupirocin	<=	2	S	
29729180	BJD-179-951-s001.xlsx	Sheet 1	1024-03		SAMEA104602090				ERS2213372		trimethoprim	<=	0.5	S	
29729180	BJD-179-951-s001.xlsx	Sheet 1	1024-03		SAMEA104602090				ERS2213372		linezolid	=	2	S	mic_sign '=' inferred
29729180	BJD-179-951-s001.xlsx	Sheet 1	1024-03		SAMEA104602090				ERS2213372		daptomycin	=	0.5	S	mic_sign '=' inferred
29729180	BJD-179-951-s001.xlsx	Sheet 1	1024-03		SAMEA104602090				ERS2213372		teicoplanin	<=	0.5	S	
29729180	BJD-179-951-s001.xlsx	Sheet 1	1024-03		SAMEA104602090				ERS2213372		vancomycin	=	1	S	mic_sign '=' inferred
29729180	BJD-179-951-s001.xlsx	Sheet 1	1024-03		SAMEA104602090				ERS2213372		chloramphenicol	=	8	S	mic_sign '=' inferred
29729180	BJD-179-951-s001.xlsx	Sheet 1	1024-03		SAMEA104602090				ERS2213372		rifampin	<=	0.03	S	
29729180	BJD-179-951-s001.xlsx	Sheet 1	1029-04		SAMEA104602091				ERS2213373		penicillin	>=	0.5	R	
29729180	BJD-179-951-s001.xlsx	Sheet 1	1029-04		SAMEA104602091				ERS2213373		oxacillin	<=	0.25	S	
29729180	BJD-179-951-s001.xlsx	Sheet 1	1029-04		SAMEA104602091				ERS2213373		gentamicin	<=	0.5	S	
29729180	BJD-179-951-s001.xlsx	Sheet 1	1029-04		SAMEA104602091				ERS2213373		ciprofloxacin	<=	0.5	S	
29729180	BJD-179-951-s001.xlsx	Sheet 1	1029-04		SAMEA104602091				ERS2213373		erythromycin	=	1	S	mic_sign '=' inferred
29729180	BJD-179-951-s001.xlsx	Sheet 1	1029-04		SAMEA104602091				ERS2213373		clindamycin	=	0.25	S	mic_sign '=' inferred
29729180	BJD-179-951-s001.xlsx	Sheet 1	1029-04		SAMEA104602091				ERS2213373		tetracycline	<=	1	S	
29729180	BJD-179-951-s001.xlsx	Sheet 1	1029-04		SAMEA104602091				ERS2213373		fusidic acid	<=	0.5	S	
29729180	BJD-179-951-s001.xlsx	Sheet 1	1029-04		SAMEA104602091				ERS2213373		mupirocin	<=	2	S	
29729180	BJD-179-951-s001.xlsx	Sheet 1	1029-04		SAMEA104602091				ERS2213373		trimethoprim	<=	0.5	S	
29729180	BJD-179-951-s001.xlsx	Sheet 1	1029-04		SAMEA104602091				ERS2213373		linezolid	=	2	S	mic_sign '=' inferred
29729180	BJD-179-951-s001.xlsx	Sheet 1	1029-04		SAMEA104602091				ERS2213373		daptomycin	=	0.5	S	mic_sign '=' inferred
29729180	BJD-179-951-s001.xlsx	Sheet 1	1029-04		SAMEA104602091				ERS2213373		teicoplanin	<=	0.5	S	
29729180	BJD-179-951-s001.xlsx	Sheet 1	1029-04		SAMEA104602091				ERS2213373		vancomycin	=	1	S	mic_sign '=' inferred
29729180	BJD-179-951-s001.xlsx	Sheet 1	1029-04		SAMEA104602091				ERS2213373		chloramphenicol	=	8	S	mic_sign '=' inferred
29729180	BJD-179-951-s001.xlsx	Sheet 1	1029-04		SAMEA104602091				ERS2213373		rifampin	<=	0.03	S	
29729180	BJD-179-951-s001.xlsx	Sheet 1	1030-05		SAMEA104602092				ERS2213374		penicillin	>=	0.5	R	
29729180	BJD-179-951-s001.xlsx	Sheet 1	1030-05		SAMEA104602092				ERS2213374		oxacillin	<=	0.25	S	
29729180	BJD-179-951-s001.xlsx	Sheet 1	1030-05		SAMEA104602092				ERS2213374		gentamicin	<=	0.5	S	
29729180	BJD-179-951-s001.xlsx	Sheet 1	1030-05		SAMEA104602092				ERS2213374		ciprofloxacin	<=	0.5	S	
29729180	BJD-179-951-s001.xlsx	Sheet 1	1030-05		SAMEA104602092				ERS2213374		erythromycin	=	0.5	S	mic_sign '=' inferred
29729180	BJD-179-951-s001.xlsx	Sheet 1	1030-05		SAMEA104602092				ERS2213374		clindamycin	=	0.25	S	mic_sign '=' inferred
29729180	BJD-179-951-s001.xlsx	Sheet 1	1030-05		SAMEA104602092				ERS2213374		tetracycline	<=	1	S	
29729180	BJD-179-951-s001.xlsx	Sheet 1	1030-05		SAMEA104602092				ERS2213374		fusidic acid	<=	0.5	S	
29729180	BJD-179-951-s001.xlsx	Sheet 1	1030-05		SAMEA104602092				ERS2213374		mupirocin	<=	2	S	
29729180	BJD-179-951-s001.xlsx	Sheet 1	1030-05		SAMEA104602092				ERS2213374		trimethoprim	<=	0.5	S	
29729180	BJD-179-951-s001.xlsx	Sheet 1	1030-05		SAMEA104602092				ERS2213374		linezolid	=	2	S	mic_sign '=' inferred
29729180	BJD-179-951-s001.xlsx	Sheet 1	1030-05		SAMEA104602092				ERS2213374		daptomycin	=	0.5	S	mic_sign '=' inferred
29729180	BJD-179-951-s001.xlsx	Sheet 1	1030-05		SAMEA104602092				ERS2213374		teicoplanin	<=	0.5	S	
29729180	BJD-179-951-s001.xlsx	Sheet 1	1030-05		SAMEA104602092				ERS2213374		vancomycin	=	1	S	mic_sign '=' inferred
29729180	BJD-179-951-s001.xlsx	Sheet 1	1030-05		SAMEA104602092				ERS2213374		chloramphenicol	=	8	S	mic_sign '=' inferred
29729180	BJD-179-951-s001.xlsx	Sheet 1	1030-05		SAMEA104602092				ERS2213374		rifampin	<=	0.03	S	
29729180	BJD-179-951-s001.xlsx	Sheet 1	1049-08		SAMEA104602093				ERS2213375		penicillin	>=	0.5	R	
29729180	BJD-179-951-s001.xlsx	Sheet 1	1049-08		SAMEA104602093				ERS2213375		oxacillin	<=	0.25	S	
29729180	BJD-179-951-s001.xlsx	Sheet 1	1049-08		SAMEA104602093				ERS2213375		gentamicin	<=	0.5	S	
29729180	BJD-179-951-s001.xlsx	Sheet 1	1049-08		SAMEA104602093				ERS2213375		ciprofloxacin	<=	0.5	S	
29729180	BJD-179-951-s001.xlsx	Sheet 1	1049-08		SAMEA104602093				ERS2213375		erythromycin	=	0.5	S	mic_sign '=' inferred
29729180	BJD-179-951-s001.xlsx	Sheet 1	1049-08		SAMEA104602093				ERS2213375		clindamycin	=	0.25	S	mic_sign '=' inferred
29729180	BJD-179-951-s001.xlsx	Sheet 1	1049-08		SAMEA104602093				ERS2213375		tetracycline	<=	1	S	
29729180	BJD-179-951-s001.xlsx	Sheet 1	1049-08		SAMEA104602093				ERS2213375		fusidic acid	<=	0.5	S	
29729180	BJD-179-951-s001.xlsx	Sheet 1	1049-08		SAMEA104602093				ERS2213375		mupirocin	<=	2	S	
29729180	BJD-179-951-s001.xlsx	Sheet 1	1049-08		SAMEA104602093				ERS2213375		trimethoprim	<=	0.5	S	
29729180	BJD-179-951-s001.xlsx	Sheet 1	1049-08		SAMEA104602093				ERS2213375		linezolid	=	2	S	mic_sign '=' inferred
29729180	BJD-179-951-s001.xlsx	Sheet 1	1049-08		SAMEA104602093				ERS2213375		daptomycin	=	0.5	S	mic_sign '=' inferred
29729180	BJD-179-951-s001.xlsx	Sheet 1	1049-08		SAMEA104602093				ERS2213375		teicoplanin	<=	0.5	S	
29729180	BJD-179-951-s001.xlsx	Sheet 1	1049-08		SAMEA104602093				ERS2213375		vancomycin	=	1	S	mic_sign '=' inferred
29729180	BJD-179-951-s001.xlsx	Sheet 1	1049-08		SAMEA104602093				ERS2213375		chloramphenicol	=	8	S	mic_sign '=' inferred
29729180	BJD-179-951-s001.xlsx	Sheet 1	1049-08		SAMEA104602093				ERS2213375		rifampin	<=	0.03	S	
29729180	BJD-179-951-s001.xlsx	Sheet 1	1051-09		SAMEA104602094				ERS2213376		penicillin	>=	0.5	R	
29729180	BJD-179-951-s001.xlsx	Sheet 1	1051-09		SAMEA104602094				ERS2213376		oxacillin	<=	0.25	S	
29729180	BJD-179-951-s001.xlsx	Sheet 1	1051-09		SAMEA104602094				ERS2213376		gentamicin	<=	0.5	S	
29729180	BJD-179-951-s001.xlsx	Sheet 1	1051-09		SAMEA104602094				ERS2213376		ciprofloxacin	<=	0.5	S	
29729180	BJD-179-951-s001.xlsx	Sheet 1	1051-09		SAMEA104602094				ERS2213376		erythromycin	=	0.5	S	mic_sign '=' inferred
29729180	BJD-179-951-s001.xlsx	Sheet 1	1051-09		SAMEA104602094				ERS2213376		clindamycin	=	0.25	S	mic_sign '=' inferred
29729180	BJD-179-951-s001.xlsx	Sheet 1	1051-09		SAMEA104602094				ERS2213376		tetracycline	<=	1	S	
29729180	BJD-179-951-s001.xlsx	Sheet 1	1051-09		SAMEA104602094				ERS2213376		fusidic acid	<=	0.5	S	
29729180	BJD-179-951-s001.xlsx	Sheet 1	1051-09		SAMEA104602094				ERS2213376		mupirocin	<=	2	S	
29729180	BJD-179-951-s001.xlsx	Sheet 1	1051-09		SAMEA104602094				ERS2213376		trimethoprim	<=	0.5	S	
29729180	BJD-179-951-s001.xlsx	Sheet 1	1051-09		SAMEA104602094				ERS2213376		linezolid	=	2	S	mic_sign '=' inferred
29729180	BJD-179-951-s001.xlsx	Sheet 1	1051-09		SAMEA104602094				ERS2213376		daptomycin	=	0.5	S	mic_sign '=' inferred
29729180	BJD-179-951-s001.xlsx	Sheet 1	1051-09		SAMEA104602094				ERS2213376		teicoplanin	<=	0.5	S	
29729180	BJD-179-951-s001.xlsx	Sheet 1	1051-09		SAMEA104602094				ERS2213376		vancomycin	=	1	S	mic_sign '=' inferred
29729180	BJD-179-951-s001.xlsx	Sheet 1	1051-09		SAMEA104602094				ERS2213376		chloramphenicol	=	8	S	mic_sign '=' inferred
29729180	BJD-179-951-s001.xlsx	Sheet 1	1051-09		SAMEA104602094				ERS2213376		rifampin	<=	0.03	S	
29729180	BJD-179-951-s001.xlsx	Sheet 1	1052-10		SAMEA104602095				ERS2213377		penicillin	>=	0.5	R	
29729180	BJD-179-951-s001.xlsx	Sheet 1	1052-10		SAMEA104602095				ERS2213377		oxacillin	<=	0.25	S	
29729180	BJD-179-951-s001.xlsx	Sheet 1	1052-10		SAMEA104602095				ERS2213377		gentamicin	<=	0.5	S	
29729180	BJD-179-951-s001.xlsx	Sheet 1	1052-10		SAMEA104602095				ERS2213377		ciprofloxacin	<=	0.5	S	
29729180	BJD-179-951-s001.xlsx	Sheet 1	1052-10		SAMEA104602095				ERS2213377		erythromycin	=	0.5	S	mic_sign '=' inferred
29729180	BJD-179-951-s001.xlsx	Sheet 1	1052-10		SAMEA104602095				ERS2213377		clindamycin	=	0.25	S	mic_sign '=' inferred
29729180	BJD-179-951-s001.xlsx	Sheet 1	1052-10		SAMEA104602095				ERS2213377		tetracycline	<=	1	S	
29729180	BJD-179-951-s001.xlsx	Sheet 1	1052-10		SAMEA104602095				ERS2213377		fusidic acid	<=	0.5	S	
29729180	BJD-179-951-s001.xlsx	Sheet 1	1052-10		SAMEA104602095				ERS2213377		mupirocin	<=	2	S	
29729180	BJD-179-951-s001.xlsx	Sheet 1	1052-10		SAMEA104602095				ERS2213377		trimethoprim	<=	0.5	S	
29729180	BJD-179-951-s001.xlsx	Sheet 1	1052-10		SAMEA104602095				ERS2213377		linezolid	=	2	S	mic_sign '=' inferred
29729180	BJD-179-951-s001.xlsx	Sheet 1	1052-10		SAMEA104602095				ERS2213377		daptomycin	=	0.5	S	mic_sign '=' inferred
29729180	BJD-179-951-s001.xlsx	Sheet 1	1052-10		SAMEA104602095				ERS2213377		teicoplanin	<=	0.5	S	
29729180	BJD-179-951-s001.xlsx	Sheet 1	1052-10		SAMEA104602095				ERS2213377		vancomycin	=	1	S	mic_sign '=' inferred
29729180	BJD-179-951-s001.xlsx	Sheet 1	1052-10		SAMEA104602095				ERS2213377		chloramphenicol	=	8	S	mic_sign '=' inferred
29729180	BJD-179-951-s001.xlsx	Sheet 1	1052-10		SAMEA104602095				ERS2213377		rifampin	<=	0.03	S	
29729180	BJD-179-951-s001.xlsx	Sheet 1	1055-11		SAMEA104602096				ERS2213378		penicillin	>=	0.5	R	
29729180	BJD-179-951-s001.xlsx	Sheet 1	1055-11		SAMEA104602096				ERS2213378		oxacillin	<=	0.25	S	
29729180	BJD-179-951-s001.xlsx	Sheet 1	1055-11		SAMEA104602096				ERS2213378		gentamicin	<=	0.5	S	
29729180	BJD-179-951-s001.xlsx	Sheet 1	1055-11		SAMEA104602096				ERS2213378		ciprofloxacin	<=	0.5	S	
29729180	BJD-179-951-s001.xlsx	Sheet 1	1055-11		SAMEA104602096				ERS2213378		erythromycin	=	0.5	S	mic_sign '=' inferred
29729180	BJD-179-951-s001.xlsx	Sheet 1	1055-11		SAMEA104602096				ERS2213378		clindamycin	=	0.25	S	mic_sign '=' inferred
29729180	BJD-179-951-s001.xlsx	Sheet 1	1055-11		SAMEA104602096				ERS2213378		tetracycline	>=	16	R	
29729180	BJD-179-951-s001.xlsx	Sheet 1	1055-11		SAMEA104602096				ERS2213378		fusidic acid	<=	0.5	S	
29729180	BJD-179-951-s001.xlsx	Sheet 1	1055-11		SAMEA104602096				ERS2213378		mupirocin	<=	2	S	
29729180	BJD-179-951-s001.xlsx	Sheet 1	1055-11		SAMEA104602096				ERS2213378		trimethoprim	=	1	S	mic_sign '=' inferred
29729180	BJD-179-951-s001.xlsx	Sheet 1	1055-11		SAMEA104602096				ERS2213378		linezolid	=	2	S	mic_sign '=' inferred
29729180	BJD-179-951-s001.xlsx	Sheet 1	1055-11		SAMEA104602096				ERS2213378		daptomycin	=	0.5	S	mic_sign '=' inferred
29729180	BJD-179-951-s001.xlsx	Sheet 1	1055-11		SAMEA104602096				ERS2213378		teicoplanin	<=	0.5	S	
29729180	BJD-179-951-s001.xlsx	Sheet 1	1055-11		SAMEA104602096				ERS2213378		vancomycin	=	1	S	mic_sign '=' inferred
29729180	BJD-179-951-s001.xlsx	Sheet 1	1055-11		SAMEA104602096				ERS2213378		chloramphenicol	<=	4	S	
29729180	BJD-179-951-s001.xlsx	Sheet 1	1055-11		SAMEA104602096				ERS2213378		rifampin	<=	0.03	S	
29729180	BJD-179-951-s001.xlsx	Sheet 1	1091-13		SAMEA104602097				ERS2213379		penicillin	>=	0.5	R	
29729180	BJD-179-951-s001.xlsx	Sheet 1	1091-13		SAMEA104602097				ERS2213379		oxacillin	=	0.5	S	mic_sign '=' inferred
29729180	BJD-179-951-s001.xlsx	Sheet 1	1091-13		SAMEA104602097				ERS2213379		gentamicin	<=	0.5	S	
29729180	BJD-179-951-s001.xlsx	Sheet 1	1091-13		SAMEA104602097				ERS2213379		ciprofloxacin	<=	0.5	S	
29729180	BJD-179-951-s001.xlsx	Sheet 1	1091-13		SAMEA104602097				ERS2213379		erythromycin	=	0.5	S	mic_sign '=' inferred
29729180	BJD-179-951-s001.xlsx	Sheet 1	1091-13		SAMEA104602097				ERS2213379		clindamycin	=	0.25	S	mic_sign '=' inferred
29729180	BJD-179-951-s001.xlsx	Sheet 1	1091-13		SAMEA104602097				ERS2213379		tetracycline	<=	1	S	
29729180	BJD-179-951-s001.xlsx	Sheet 1	1091-13		SAMEA104602097				ERS2213379		fusidic acid	=	8	R	mic_sign '=' inferred
29729180	BJD-179-951-s001.xlsx	Sheet 1	1091-13		SAMEA104602097				ERS2213379		mupirocin	<=	2	S	
29729180	BJD-179-951-s001.xlsx	Sheet 1	1091-13		SAMEA104602097				ERS2213379		trimethoprim	=	1	S	mic_sign '=' inferred
29729180	BJD-179-951-s001.xlsx	Sheet 1	1091-13		SAMEA104602097				ERS2213379		linezolid	=	2	S	mic_sign '=' inferred
29729180	BJD-179-951-s001.xlsx	Sheet 1	1091-13		SAMEA104602097				ERS2213379		daptomycin	=	0.5	S	mic_sign '=' inferred
29729180	BJD-179-951-s001.xlsx	Sheet 1	1091-13		SAMEA104602097				ERS2213379		teicoplanin	<=	0.5	S	
29729180	BJD-179-951-s001.xlsx	Sheet 1	1091-13		SAMEA104602097				ERS2213379		vancomycin	=	1	S	mic_sign '=' inferred
29729180	BJD-179-951-s001.xlsx	Sheet 1	1091-13		SAMEA104602097				ERS2213379		chloramphenicol	=	8	S	mic_sign '=' inferred
29729180	BJD-179-951-s001.xlsx	Sheet 1	1091-13		SAMEA104602097				ERS2213379		rifampin	<=	0.03	S	
29729180	BJD-179-951-s001.xlsx	Sheet 1	1098-15		SAMEA104602098				ERS2213380		penicillin	>=	0.5	R	
29729180	BJD-179-951-s001.xlsx	Sheet 1	1098-15		SAMEA104602098				ERS2213380		oxacillin	<=	0.25	S	
29729180	BJD-179-951-s001.xlsx	Sheet 1	1098-15		SAMEA104602098				ERS2213380		gentamicin	<=	0.5	S	
29729180	BJD-179-951-s001.xlsx	Sheet 1	1098-15		SAMEA104602098				ERS2213380		ciprofloxacin	<=	0.5	S	
29729180	BJD-179-951-s001.xlsx	Sheet 1	1098-15		SAMEA104602098				ERS2213380		erythromycin	=	1	S	mic_sign '=' inferred
29729180	BJD-179-951-s001.xlsx	Sheet 1	1098-15		SAMEA104602098				ERS2213380		clindamycin	=	0.25	S	mic_sign '=' inferred
29729180	BJD-179-951-s001.xlsx	Sheet 1	1098-15		SAMEA104602098				ERS2213380		tetracycline	<=	1	S	
29729180	BJD-179-951-s001.xlsx	Sheet 1	1098-15		SAMEA104602098				ERS2213380		fusidic acid	>=	32	R	
29729180	BJD-179-951-s001.xlsx	Sheet 1	1098-15		SAMEA104602098				ERS2213380		mupirocin	=	64	R	mic_sign '=' inferred
29729180	BJD-179-951-s001.xlsx	Sheet 1	1098-15		SAMEA104602098				ERS2213380		trimethoprim	<=	0.5	S	
29729180	BJD-179-951-s001.xlsx	Sheet 1	1098-15		SAMEA104602098				ERS2213380		linezolid	=	2	S	mic_sign '=' inferred
29729180	BJD-179-951-s001.xlsx	Sheet 1	1098-15		SAMEA104602098				ERS2213380		daptomycin	=	0.25	S	mic_sign '=' inferred
29729180	BJD-179-951-s001.xlsx	Sheet 1	1098-15		SAMEA104602098				ERS2213380		teicoplanin	<=	0.5	S	
29729180	BJD-179-951-s001.xlsx	Sheet 1	1098-15		SAMEA104602098				ERS2213380		vancomycin	=	1	S	mic_sign '=' inferred
29729180	BJD-179-951-s001.xlsx	Sheet 1	1098-15		SAMEA104602098				ERS2213380		chloramphenicol	=	8	S	mic_sign '=' inferred
29729180	BJD-179-951-s001.xlsx	Sheet 1	1098-15		SAMEA104602098				ERS2213380		rifampin	<=	0.03	S	
29729180	BJD-179-951-s001.xlsx	Sheet 1	1102-16		SAMEA104602099				ERS2213381		penicillin	>=	0.5	R	
29729180	BJD-179-951-s001.xlsx	Sheet 1	1102-16		SAMEA104602099				ERS2213381		oxacillin	=	0.5	S	mic_sign '=' inferred
29729180	BJD-179-951-s001.xlsx	Sheet 1	1102-16		SAMEA104602099				ERS2213381		gentamicin	<=	0.5	S	
29729180	BJD-179-951-s001.xlsx	Sheet 1	1102-16		SAMEA104602099				ERS2213381		ciprofloxacin	<=	0.5	S	
29729180	BJD-179-951-s001.xlsx	Sheet 1	1102-16		SAMEA104602099				ERS2213381		erythromycin	=	0.5	S	mic_sign '=' inferred
29729180	BJD-179-951-s001.xlsx	Sheet 1	1102-16		SAMEA104602099				ERS2213381		clindamycin	=	0.25	S	mic_sign '=' inferred
29729180	BJD-179-951-s001.xlsx	Sheet 1	1102-16		SAMEA104602099				ERS2213381		tetracycline	>=	16	R	
29729180	BJD-179-951-s001.xlsx	Sheet 1	1102-16		SAMEA104602099				ERS2213381		fusidic acid	<=	0.5	S	
29729180	BJD-179-951-s001.xlsx	Sheet 1	1102-16		SAMEA104602099				ERS2213381		mupirocin	<=	2	S	
29729180	BJD-179-951-s001.xlsx	Sheet 1	1102-16		SAMEA104602099				ERS2213381		trimethoprim	>=	16	R	
29729180	BJD-179-951-s001.xlsx	Sheet 1	1102-16		SAMEA104602099				ERS2213381		linezolid	=	2	S	mic_sign '=' inferred
29729180	BJD-179-951-s001.xlsx	Sheet 1	1102-16		SAMEA104602099				ERS2213381		daptomycin	=	0.25	S	mic_sign '=' inferred
29729180	BJD-179-951-s001.xlsx	Sheet 1	1102-16		SAMEA104602099				ERS2213381		teicoplanin	<=	0.5	S	
29729180	BJD-179-951-s001.xlsx	Sheet 1	1102-16		SAMEA104602099				ERS2213381		vancomycin	=	1	S	mic_sign '=' inferred
29729180	BJD-179-951-s001.xlsx	Sheet 1	1102-16		SAMEA104602099				ERS2213381		chloramphenicol	=	8	S	mic_sign '=' inferred
29729180	BJD-179-951-s001.xlsx	Sheet 1	1102-16		SAMEA104602099				ERS2213381		rifampin	<=	0.03	S	
29729180	BJD-179-951-s001.xlsx	Sheet 1	1124-18		SAMEA104602100				ERS2213382		penicillin	>=	0.03	S	
29729180	BJD-179-951-s001.xlsx	Sheet 1	1124-18		SAMEA104602100				ERS2213382		oxacillin	<=	0.25	S	
29729180	BJD-179-951-s001.xlsx	Sheet 1	1124-18		SAMEA104602100				ERS2213382		gentamicin	<=	0.5	S	
29729180	BJD-179-951-s001.xlsx	Sheet 1	1124-18		SAMEA104602100				ERS2213382		ciprofloxacin	<=	0.5	S	
29729180	BJD-179-951-s001.xlsx	Sheet 1	1124-18		SAMEA104602100				ERS2213382		erythromycin	=	0.5	S	mic_sign '=' inferred
29729180	BJD-179-951-s001.xlsx	Sheet 1	1124-18		SAMEA104602100				ERS2213382		clindamycin	=	0.25	S	mic_sign '=' inferred
29729180	BJD-179-951-s001.xlsx	Sheet 1	1124-18		SAMEA104602100				ERS2213382		tetracycline	<=	1	S	
29729180	BJD-179-951-s001.xlsx	Sheet 1	1124-18		SAMEA104602100				ERS2213382		fusidic acid	<=	0.5	S	
29729180	BJD-179-951-s001.xlsx	Sheet 1	1124-18		SAMEA104602100				ERS2213382		mupirocin	<=	2	S	
29729180	BJD-179-951-s001.xlsx	Sheet 1	1124-18		SAMEA104602100				ERS2213382		trimethoprim	<=	0.5	S	
29729180	BJD-179-951-s001.xlsx	Sheet 1	1124-18		SAMEA104602100				ERS2213382		linezolid	=	2	S	mic_sign '=' inferred
29729180	BJD-179-951-s001.xlsx	Sheet 1	1124-18		SAMEA104602100				ERS2213382		daptomycin	=	0.25	S	mic_sign '=' inferred
29729180	BJD-179-951-s001.xlsx	Sheet 1	1124-18		SAMEA104602100				ERS2213382		teicoplanin	<=	0.5	S	
29729180	BJD-179-951-s001.xlsx	Sheet 1	1124-18		SAMEA104602100				ERS2213382		vancomycin	=	1	S	mic_sign '=' inferred
29729180	BJD-179-951-s001.xlsx	Sheet 1	1124-18		SAMEA104602100				ERS2213382		chloramphenicol	=	8	S	mic_sign '=' inferred
29729180	BJD-179-951-s001.xlsx	Sheet 1	1124-18		SAMEA104602100				ERS2213382		rifampin	<=	0.03	S	
29729180	BJD-179-951-s001.xlsx	Sheet 1	1155-19		SAMEA104602101				ERS2213383		penicillin	>=	0.5	R	
29729180	BJD-179-951-s001.xlsx	Sheet 1	1155-19		SAMEA104602101				ERS2213383		oxacillin	=	0.5	S	mic_sign '=' inferred
29729180	BJD-179-951-s001.xlsx	Sheet 1	1155-19		SAMEA104602101				ERS2213383		gentamicin	<=	0.5	S	
29729180	BJD-179-951-s001.xlsx	Sheet 1	1155-19		SAMEA104602101				ERS2213383		ciprofloxacin	<=	0.5	S	
29729180	BJD-179-951-s001.xlsx	Sheet 1	1155-19		SAMEA104602101				ERS2213383		erythromycin	=	0.5	S	mic_sign '=' inferred
29729180	BJD-179-951-s001.xlsx	Sheet 1	1155-19		SAMEA104602101				ERS2213383		clindamycin	=	0.25	S	mic_sign '=' inferred
29729180	BJD-179-951-s001.xlsx	Sheet 1	1155-19		SAMEA104602101				ERS2213383		tetracycline	>=	16	R	
29729180	BJD-179-951-s001.xlsx	Sheet 1	1155-19		SAMEA104602101				ERS2213383		fusidic acid	<=	0.5	S	
29729180	BJD-179-951-s001.xlsx	Sheet 1	1155-19		SAMEA104602101				ERS2213383		mupirocin	<=	2	S	
29729180	BJD-179-951-s001.xlsx	Sheet 1	1155-19		SAMEA104602101				ERS2213383		trimethoprim	<=	0.5	S	
29729180	BJD-179-951-s001.xlsx	Sheet 1	1155-19		SAMEA104602101				ERS2213383		linezolid	=	2	S	mic_sign '=' inferred
29729180	BJD-179-951-s001.xlsx	Sheet 1	1155-19		SAMEA104602101				ERS2213383		daptomycin	=	0.5	S	mic_sign '=' inferred
29729180	BJD-179-951-s001.xlsx	Sheet 1	1155-19		SAMEA104602101				ERS2213383		teicoplanin	<=	0.5	S	
29729180	BJD-179-951-s001.xlsx	Sheet 1	1155-19		SAMEA104602101				ERS2213383		vancomycin	=	1	S	mic_sign '=' inferred
29729180	BJD-179-951-s001.xlsx	Sheet 1	1155-19		SAMEA104602101				ERS2213383		chloramphenicol	=	8	S	mic_sign '=' inferred
29729180	BJD-179-951-s001.xlsx	Sheet 1	1155-19		SAMEA104602101				ERS2213383		rifampin	<=	0.03	S	
29729180	BJD-179-951-s001.xlsx	Sheet 1	1157-20		SAMEA104602102				ERS2213384		penicillin	>=	0.5	R	
29729180	BJD-179-951-s001.xlsx	Sheet 1	1157-20		SAMEA104602102				ERS2213384		oxacillin	<=	0.25	S	
29729180	BJD-179-951-s001.xlsx	Sheet 1	1157-20		SAMEA104602102				ERS2213384		gentamicin	<=	0.5	S	
29729180	BJD-179-951-s001.xlsx	Sheet 1	1157-20		SAMEA104602102				ERS2213384		ciprofloxacin	<=	0.5	S	
29729180	BJD-179-951-s001.xlsx	Sheet 1	1157-20		SAMEA104602102				ERS2213384		erythromycin	=	0.5	S	mic_sign '=' inferred
29729180	BJD-179-951-s001.xlsx	Sheet 1	1157-20		SAMEA104602102				ERS2213384		clindamycin	=	0.25	S	mic_sign '=' inferred
29729180	BJD-179-951-s001.xlsx	Sheet 1	1157-20		SAMEA104602102				ERS2213384		tetracycline	<=	1	S	
29729180	BJD-179-951-s001.xlsx	Sheet 1	1157-20		SAMEA104602102				ERS2213384		fusidic acid	<=	0.5	S	
29729180	BJD-179-951-s001.xlsx	Sheet 1	1157-20		SAMEA104602102				ERS2213384		mupirocin	<=	2	S	
29729180	BJD-179-951-s001.xlsx	Sheet 1	1157-20		SAMEA104602102				ERS2213384		trimethoprim	<=	0.5	S	
29729180	BJD-179-951-s001.xlsx	Sheet 1	1157-20		SAMEA104602102				ERS2213384		linezolid	=	2	S	mic_sign '=' inferred
29729180	BJD-179-951-s001.xlsx	Sheet 1	1157-20		SAMEA104602102				ERS2213384		daptomycin	=	0.5	S	mic_sign '=' inferred
29729180	BJD-179-951-s001.xlsx	Sheet 1	1157-20		SAMEA104602102				ERS2213384		teicoplanin	<=	0.5	S	
29729180	BJD-179-951-s001.xlsx	Sheet 1	1157-20		SAMEA104602102				ERS2213384		vancomycin	=	1	S	mic_sign '=' inferred
29729180	BJD-179-951-s001.xlsx	Sheet 1	1157-20		SAMEA104602102				ERS2213384		chloramphenicol	=	8	S	mic_sign '=' inferred
29729180	BJD-179-951-s001.xlsx	Sheet 1	1157-20		SAMEA104602102				ERS2213384		rifampin	<=	0.03	S	
29729180	BJD-179-951-s001.xlsx	Sheet 1	1177-21		SAMEA104602103				ERS2213385		penicillin	>=	0.5	R	
29729180	BJD-179-951-s001.xlsx	Sheet 1	1177-21		SAMEA104602103				ERS2213385		oxacillin	<=	0.25	S	
29729180	BJD-179-951-s001.xlsx	Sheet 1	1177-21		SAMEA104602103				ERS2213385		gentamicin	<=	0.5	S	
29729180	BJD-179-951-s001.xlsx	Sheet 1	1177-21		SAMEA104602103				ERS2213385		ciprofloxacin	<=	0.5	S	
29729180	BJD-179-951-s001.xlsx	Sheet 1	1177-21		SAMEA104602103				ERS2213385		erythromycin	=	1	S	mic_sign '=' inferred
29729180	BJD-179-951-s001.xlsx	Sheet 1	1177-21		SAMEA104602103				ERS2213385		clindamycin	=	0.25	S	mic_sign '=' inferred
29729180	BJD-179-951-s001.xlsx	Sheet 1	1177-21		SAMEA104602103				ERS2213385		tetracycline	<=	1	S	
29729180	BJD-179-951-s001.xlsx	Sheet 1	1177-21		SAMEA104602103				ERS2213385		fusidic acid	<=	0.5	S	
29729180	BJD-179-951-s001.xlsx	Sheet 1	1177-21		SAMEA104602103				ERS2213385		mupirocin	<=	2	S	
29729180	BJD-179-951-s001.xlsx	Sheet 1	1177-21		SAMEA104602103				ERS2213385		trimethoprim	<=	0.5	S	
29729180	BJD-179-951-s001.xlsx	Sheet 1	1177-21		SAMEA104602103				ERS2213385		linezolid	=	2	S	mic_sign '=' inferred
29729180	BJD-179-951-s001.xlsx	Sheet 1	1177-21		SAMEA104602103				ERS2213385		daptomycin	=	0.25	S	mic_sign '=' inferred
29729180	BJD-179-951-s001.xlsx	Sheet 1	1177-21		SAMEA104602103				ERS2213385		teicoplanin	<=	0.5	S	
29729180	BJD-179-951-s001.xlsx	Sheet 1	1177-21		SAMEA104602103				ERS2213385		vancomycin	=	1	S	mic_sign '=' inferred
29729180	BJD-179-951-s001.xlsx	Sheet 1	1177-21		SAMEA104602103				ERS2213385		chloramphenicol	=	8	S	mic_sign '=' inferred
29729180	BJD-179-951-s001.xlsx	Sheet 1	1177-21		SAMEA104602103				ERS2213385		rifampin	<=	0.03	S	
29729180	BJD-179-951-s001.xlsx	Sheet 1	1202-22		SAMEA104602104				ERS2213386		penicillin	>=	0.5	R	
29729180	BJD-179-951-s001.xlsx	Sheet 1	1202-22		SAMEA104602104				ERS2213386		oxacillin	=	0.5	S	mic_sign '=' inferred
29729180	BJD-179-951-s001.xlsx	Sheet 1	1202-22		SAMEA104602104				ERS2213386		gentamicin	<=	0.5	S	
29729180	BJD-179-951-s001.xlsx	Sheet 1	1202-22		SAMEA104602104				ERS2213386		ciprofloxacin	<=	0.5	S	
29729180	BJD-179-951-s001.xlsx	Sheet 1	1202-22		SAMEA104602104				ERS2213386		erythromycin	=	1	S	mic_sign '=' inferred
29729180	BJD-179-951-s001.xlsx	Sheet 1	1202-22		SAMEA104602104				ERS2213386		clindamycin	=	0.25	S	mic_sign '=' inferred
29729180	BJD-179-951-s001.xlsx	Sheet 1	1202-22		SAMEA104602104				ERS2213386		tetracycline	<=	1	S	
29729180	BJD-179-951-s001.xlsx	Sheet 1	1202-22		SAMEA104602104				ERS2213386		fusidic acid	<=	0.5	S	
29729180	BJD-179-951-s001.xlsx	Sheet 1	1202-22		SAMEA104602104				ERS2213386		mupirocin	<=	2	S	
29729180	BJD-179-951-s001.xlsx	Sheet 1	1202-22		SAMEA104602104				ERS2213386		trimethoprim	<=	0.5	S	
29729180	BJD-179-951-s001.xlsx	Sheet 1	1202-22		SAMEA104602104				ERS2213386		linezolid	=	2	S	mic_sign '=' inferred
29729180	BJD-179-951-s001.xlsx	Sheet 1	1202-22		SAMEA104602104				ERS2213386		daptomycin	=	0.5	S	mic_sign '=' inferred
29729180	BJD-179-951-s001.xlsx	Sheet 1	1202-22		SAMEA104602104				ERS2213386		teicoplanin	<=	0.5	S	
29729180	BJD-179-951-s001.xlsx	Sheet 1	1202-22		SAMEA104602104				ERS2213386		vancomycin	=	1	S	mic_sign '=' inferred
29729180	BJD-179-951-s001.xlsx	Sheet 1	1202-22		SAMEA104602104				ERS2213386		chloramphenicol	=	8	S	mic_sign '=' inferred
29729180	BJD-179-951-s001.xlsx	Sheet 1	1202-22		SAMEA104602104				ERS2213386		rifampin	<=	0.03	S	
29729180	BJD-179-951-s001.xlsx	Sheet 1	1207-23		SAMEA104602105				ERS2213387		penicillin	>=	0.5	R	
29729180	BJD-179-951-s001.xlsx	Sheet 1	1207-23		SAMEA104602105				ERS2213387		oxacillin	=	0.5	S	mic_sign '=' inferred
29729180	BJD-179-951-s001.xlsx	Sheet 1	1207-23		SAMEA104602105				ERS2213387		gentamicin	<=	0.5	S	
29729180	BJD-179-951-s001.xlsx	Sheet 1	1207-23		SAMEA104602105				ERS2213387		ciprofloxacin	<=	0.5	S	
29729180	BJD-179-951-s001.xlsx	Sheet 1	1207-23		SAMEA104602105				ERS2213387		erythromycin	=	0.5	S	mic_sign '=' inferred
29729180	BJD-179-951-s001.xlsx	Sheet 1	1207-23		SAMEA104602105				ERS2213387		clindamycin	=	0.25	S	mic_sign '=' inferred
29729180	BJD-179-951-s001.xlsx	Sheet 1	1207-23		SAMEA104602105				ERS2213387		tetracycline	<=	1	S	
29729180	BJD-179-951-s001.xlsx	Sheet 1	1207-23		SAMEA104602105				ERS2213387		fusidic acid	<=	0.5	S	
29729180	BJD-179-951-s001.xlsx	Sheet 1	1207-23		SAMEA104602105				ERS2213387		mupirocin	<=	2	S	
29729180	BJD-179-951-s001.xlsx	Sheet 1	1207-23		SAMEA104602105				ERS2213387		trimethoprim	<=	0.5	S	
29729180	BJD-179-951-s001.xlsx	Sheet 1	1207-23		SAMEA104602105				ERS2213387		linezolid	=	2	S	mic_sign '=' inferred
29729180	BJD-179-951-s001.xlsx	Sheet 1	1207-23		SAMEA104602105				ERS2213387		daptomycin	=	0.25	S	mic_sign '=' inferred
29729180	BJD-179-951-s001.xlsx	Sheet 1	1207-23		SAMEA104602105				ERS2213387		teicoplanin	<=	0.5	S	
29729180	BJD-179-951-s001.xlsx	Sheet 1	1207-23		SAMEA104602105				ERS2213387		vancomycin	=	1	S	mic_sign '=' inferred
29729180	BJD-179-951-s001.xlsx	Sheet 1	1207-23		SAMEA104602105				ERS2213387		chloramphenicol	=	8	S	mic_sign '=' inferred
29729180	BJD-179-951-s001.xlsx	Sheet 1	1207-23		SAMEA104602105				ERS2213387		rifampin	<=	0.03	S	
29729180	BJD-179-951-s001.xlsx	Sheet 1	1236-25		SAMEA104602106				ERS2213388		penicillin	>=	0.5	R	
29729180	BJD-179-951-s001.xlsx	Sheet 1	1236-25		SAMEA104602106				ERS2213388		oxacillin	<=	0.25	S	
29729180	BJD-179-951-s001.xlsx	Sheet 1	1236-25		SAMEA104602106				ERS2213388		gentamicin	<=	0.5	S	
29729180	BJD-179-951-s001.xlsx	Sheet 1	1236-25		SAMEA104602106				ERS2213388		ciprofloxacin	<=	0.5	S	
29729180	BJD-179-951-s001.xlsx	Sheet 1	1236-25		SAMEA104602106				ERS2213388		erythromycin	>=	8	R	
29729180	BJD-179-951-s001.xlsx	Sheet 1	1236-25		SAMEA104602106				ERS2213388		clindamycin	=	0.25	R	mic_sign '=' inferred
29729180	BJD-179-951-s001.xlsx	Sheet 1	1236-25		SAMEA104602106				ERS2213388		tetracycline	>=	16	R	
29729180	BJD-179-951-s001.xlsx	Sheet 1	1236-25		SAMEA104602106				ERS2213388		fusidic acid	<=	0.5	S	
29729180	BJD-179-951-s001.xlsx	Sheet 1	1236-25		SAMEA104602106				ERS2213388		mupirocin	<=	2	S	
29729180	BJD-179-951-s001.xlsx	Sheet 1	1236-25		SAMEA104602106				ERS2213388		trimethoprim	<=	0.5	S	
29729180	BJD-179-951-s001.xlsx	Sheet 1	1236-25		SAMEA104602106				ERS2213388		linezolid	=	2	S	mic_sign '=' inferred
29729180	BJD-179-951-s001.xlsx	Sheet 1	1236-25		SAMEA104602106				ERS2213388		daptomycin	=	0.5	S	mic_sign '=' inferred
29729180	BJD-179-951-s001.xlsx	Sheet 1	1236-25		SAMEA104602106				ERS2213388		teicoplanin	<=	0.5	S	
29729180	BJD-179-951-s001.xlsx	Sheet 1	1236-25		SAMEA104602106				ERS2213388		vancomycin	<=	0.5	S	
29729180	BJD-179-951-s001.xlsx	Sheet 1	1236-25		SAMEA104602106				ERS2213388		chloramphenicol	<=	4	S	
29729180	BJD-179-951-s001.xlsx	Sheet 1	1236-25		SAMEA104602106				ERS2213388		rifampin	<=	0.03	S	
29729180	BJD-179-951-s001.xlsx	Sheet 1	1247-26		SAMEA104602107				ERS2213389		penicillin	>=	0.5	R	
29729180	BJD-179-951-s001.xlsx	Sheet 1	1247-26		SAMEA104602107				ERS2213389		oxacillin	<=	0.25	S	
29729180	BJD-179-951-s001.xlsx	Sheet 1	1247-26		SAMEA104602107				ERS2213389		gentamicin	<=	0.5	S	
29729180	BJD-179-951-s001.xlsx	Sheet 1	1247-26		SAMEA104602107				ERS2213389		ciprofloxacin	<=	0.5	S	
29729180	BJD-179-951-s001.xlsx	Sheet 1	1247-26		SAMEA104602107				ERS2213389		erythromycin	<=	0.25	S	
29729180	BJD-179-951-s001.xlsx	Sheet 1	1247-26		SAMEA104602107				ERS2213389		clindamycin	=	0.25	S	mic_sign '=' inferred
29729180	BJD-179-951-s001.xlsx	Sheet 1	1247-26		SAMEA104602107				ERS2213389		tetracycline	<=	1	S	
29729180	BJD-179-951-s001.xlsx	Sheet 1	1247-26		SAMEA104602107				ERS2213389		fusidic acid	=	4	R	mic_sign '=' inferred
29729180	BJD-179-951-s001.xlsx	Sheet 1	1247-26		SAMEA104602107				ERS2213389		mupirocin	<=	2	S	
29729180	BJD-179-951-s001.xlsx	Sheet 1	1247-26		SAMEA104602107				ERS2213389		trimethoprim	=	1	S	mic_sign '=' inferred
29729180	BJD-179-951-s001.xlsx	Sheet 1	1247-26		SAMEA104602107				ERS2213389		linezolid	=	2	S	mic_sign '=' inferred
29729180	BJD-179-951-s001.xlsx	Sheet 1	1247-26		SAMEA104602107				ERS2213389		daptomycin	=	0.25	S	mic_sign '=' inferred
29729180	BJD-179-951-s001.xlsx	Sheet 1	1247-26		SAMEA104602107				ERS2213389		teicoplanin	<=	0.5	S	
29729180	BJD-179-951-s001.xlsx	Sheet 1	1247-26		SAMEA104602107				ERS2213389		vancomycin	=	1	S	mic_sign '=' inferred
29729180	BJD-179-951-s001.xlsx	Sheet 1	1247-26		SAMEA104602107				ERS2213389		chloramphenicol	=	8	S	mic_sign '=' inferred
29729180	BJD-179-951-s001.xlsx	Sheet 1	1247-26		SAMEA104602107				ERS2213389		rifampin	<=	0.03	S	
29729180	BJD-179-951-s001.xlsx	Sheet 1	1249-27		SAMEA104602108				ERS2213390		penicillin	>=	0.5	R	
29729180	BJD-179-951-s001.xlsx	Sheet 1	1249-27		SAMEA104602108				ERS2213390		oxacillin	=	0.5	S	mic_sign '=' inferred
29729180	BJD-179-951-s001.xlsx	Sheet 1	1249-27		SAMEA104602108				ERS2213390		gentamicin	<=	0.5	S	
29729180	BJD-179-951-s001.xlsx	Sheet 1	1249-27		SAMEA104602108				ERS2213390		ciprofloxacin	<=	0.5	S	
29729180	BJD-179-951-s001.xlsx	Sheet 1	1249-27		SAMEA104602108				ERS2213390		erythromycin	=	0.5	S	mic_sign '=' inferred
29729180	BJD-179-951-s001.xlsx	Sheet 1	1249-27		SAMEA104602108				ERS2213390		clindamycin	=	0.25	S	mic_sign '=' inferred
29729180	BJD-179-951-s001.xlsx	Sheet 1	1249-27		SAMEA104602108				ERS2213390		tetracycline	<=	1	S	
29729180	BJD-179-951-s001.xlsx	Sheet 1	1249-27		SAMEA104602108				ERS2213390		fusidic acid	<=	0.5	S	
29729180	BJD-179-951-s001.xlsx	Sheet 1	1249-27		SAMEA104602108				ERS2213390		mupirocin	<=	2	S	
29729180	BJD-179-951-s001.xlsx	Sheet 1	1249-27		SAMEA104602108				ERS2213390		trimethoprim	<=	0.5	S	
29729180	BJD-179-951-s001.xlsx	Sheet 1	1249-27		SAMEA104602108				ERS2213390		linezolid	=	2	S	mic_sign '=' inferred
29729180	BJD-179-951-s001.xlsx	Sheet 1	1249-27		SAMEA104602108				ERS2213390		daptomycin	=	0.5	S	mic_sign '=' inferred
29729180	BJD-179-951-s001.xlsx	Sheet 1	1249-27		SAMEA104602108				ERS2213390		teicoplanin	<=	0.5	S	
29729180	BJD-179-951-s001.xlsx	Sheet 1	1249-27		SAMEA104602108				ERS2213390		vancomycin	=	1	S	mic_sign '=' inferred
29729180	BJD-179-951-s001.xlsx	Sheet 1	1249-27		SAMEA104602108				ERS2213390		chloramphenicol	=	8	S	mic_sign '=' inferred
29729180	BJD-179-951-s001.xlsx	Sheet 1	1249-27		SAMEA104602108				ERS2213390		rifampin	<=	0.03	S	
29729180	BJD-179-951-s001.xlsx	Sheet 1	1253-28		SAMEA104602109				ERS2213391		penicillin	>=	0.5	R	
29729180	BJD-179-951-s001.xlsx	Sheet 1	1253-28		SAMEA104602109				ERS2213391		oxacillin	=	0.5	S	mic_sign '=' inferred
29729180	BJD-179-951-s001.xlsx	Sheet 1	1253-28		SAMEA104602109				ERS2213391		gentamicin	<=	0.5	S	
29729180	BJD-179-951-s001.xlsx	Sheet 1	1253-28		SAMEA104602109				ERS2213391		ciprofloxacin	<=	0.5	S	
29729180	BJD-179-951-s001.xlsx	Sheet 1	1253-28		SAMEA104602109				ERS2213391		erythromycin	=	1	S	mic_sign '=' inferred
29729180	BJD-179-951-s001.xlsx	Sheet 1	1253-28		SAMEA104602109				ERS2213391		clindamycin	=	0.25	S	mic_sign '=' inferred
29729180	BJD-179-951-s001.xlsx	Sheet 1	1253-28		SAMEA104602109				ERS2213391		tetracycline	<=	1	S	
29729180	BJD-179-951-s001.xlsx	Sheet 1	1253-28		SAMEA104602109				ERS2213391		fusidic acid	<=	0.5	S	
29729180	BJD-179-951-s001.xlsx	Sheet 1	1253-28		SAMEA104602109				ERS2213391		mupirocin	<=	2	S	
29729180	BJD-179-951-s001.xlsx	Sheet 1	1253-28		SAMEA104602109				ERS2213391		trimethoprim	<=	0.5	S	
29729180	BJD-179-951-s001.xlsx	Sheet 1	1253-28		SAMEA104602109				ERS2213391		linezolid	=	2	S	mic_sign '=' inferred
29729180	BJD-179-951-s001.xlsx	Sheet 1	1253-28		SAMEA104602109				ERS2213391		daptomycin	=	0.5	S	mic_sign '=' inferred
29729180	BJD-179-951-s001.xlsx	Sheet 1	1253-28		SAMEA104602109				ERS2213391		teicoplanin	<=	0.5	S	
29729180	BJD-179-951-s001.xlsx	Sheet 1	1253-28		SAMEA104602109				ERS2213391		vancomycin	=	1	S	mic_sign '=' inferred
29729180	BJD-179-951-s001.xlsx	Sheet 1	1253-28		SAMEA104602109				ERS2213391		chloramphenicol	=	8	S	mic_sign '=' inferred
29729180	BJD-179-951-s001.xlsx	Sheet 1	1253-28		SAMEA104602109				ERS2213391		rifampin	<=	0.03	S	
29729180	BJD-179-951-s001.xlsx	Sheet 1	1258-29		SAMEA104602110				ERS2213392		penicillin	>=	0.5	R	
29729180	BJD-179-951-s001.xlsx	Sheet 1	1258-29		SAMEA104602110				ERS2213392		oxacillin	<=	0.25	S	
29729180	BJD-179-951-s001.xlsx	Sheet 1	1258-29		SAMEA104602110				ERS2213392		gentamicin	<=	0.5	S	
29729180	BJD-179-951-s001.xlsx	Sheet 1	1258-29		SAMEA104602110				ERS2213392		ciprofloxacin	<=	0.5	S	
29729180	BJD-179-951-s001.xlsx	Sheet 1	1258-29		SAMEA104602110				ERS2213392		erythromycin	=	1	S	mic_sign '=' inferred
29729180	BJD-179-951-s001.xlsx	Sheet 1	1258-29		SAMEA104602110				ERS2213392		clindamycin	=	0.25	S	mic_sign '=' inferred
29729180	BJD-179-951-s001.xlsx	Sheet 1	1258-29		SAMEA104602110				ERS2213392		tetracycline	<=	1	S	
29729180	BJD-179-951-s001.xlsx	Sheet 1	1258-29		SAMEA104602110				ERS2213392		fusidic acid	<=	0.5	S	
29729180	BJD-179-951-s001.xlsx	Sheet 1	1258-29		SAMEA104602110				ERS2213392		mupirocin	<=	2	S	
29729180	BJD-179-951-s001.xlsx	Sheet 1	1258-29		SAMEA104602110				ERS2213392		trimethoprim	=	1	S	mic_sign '=' inferred
29729180	BJD-179-951-s001.xlsx	Sheet 1	1258-29		SAMEA104602110				ERS2213392		linezolid	=	2	S	mic_sign '=' inferred
29729180	BJD-179-951-s001.xlsx	Sheet 1	1258-29		SAMEA104602110				ERS2213392		daptomycin	=	0.25	S	mic_sign '=' inferred
29729180	BJD-179-951-s001.xlsx	Sheet 1	1258-29		SAMEA104602110				ERS2213392		teicoplanin	<=	0.5	S	
29729180	BJD-179-951-s001.xlsx	Sheet 1	1258-29		SAMEA104602110				ERS2213392		vancomycin	=	1	S	mic_sign '=' inferred
29729180	BJD-179-951-s001.xlsx	Sheet 1	1258-29		SAMEA104602110				ERS2213392		chloramphenicol	=	8	S	mic_sign '=' inferred
29729180	BJD-179-951-s001.xlsx	Sheet 1	1258-29		SAMEA104602110				ERS2213392		rifampin	<=	0.03	S	
29729180	BJD-179-951-s001.xlsx	Sheet 1	1263-30		SAMEA104602111				ERS2213393		penicillin	>=	0.5	R	
29729180	BJD-179-951-s001.xlsx	Sheet 1	1263-30		SAMEA104602111				ERS2213393		oxacillin	=	0.5	S	mic_sign '=' inferred
29729180	BJD-179-951-s001.xlsx	Sheet 1	1263-30		SAMEA104602111				ERS2213393		gentamicin	<=	0.5	S	
29729180	BJD-179-951-s001.xlsx	Sheet 1	1263-30		SAMEA104602111				ERS2213393		ciprofloxacin	<=	0.5	S	
29729180	BJD-179-951-s001.xlsx	Sheet 1	1263-30		SAMEA104602111				ERS2213393		erythromycin	=	1	S	mic_sign '=' inferred
29729180	BJD-179-951-s001.xlsx	Sheet 1	1263-30		SAMEA104602111				ERS2213393		clindamycin	=	0.25	S	mic_sign '=' inferred
29729180	BJD-179-951-s001.xlsx	Sheet 1	1263-30		SAMEA104602111				ERS2213393		tetracycline	<=	1	S	
29729180	BJD-179-951-s001.xlsx	Sheet 1	1263-30		SAMEA104602111				ERS2213393		fusidic acid	<=	0.5	S	
29729180	BJD-179-951-s001.xlsx	Sheet 1	1263-30		SAMEA104602111				ERS2213393		mupirocin	<=	2	S	
29729180	BJD-179-951-s001.xlsx	Sheet 1	1263-30		SAMEA104602111				ERS2213393		trimethoprim	=	1	S	mic_sign '=' inferred
29729180	BJD-179-951-s001.xlsx	Sheet 1	1263-30		SAMEA104602111				ERS2213393		linezolid	=	2	S	mic_sign '=' inferred
29729180	BJD-179-951-s001.xlsx	Sheet 1	1263-30		SAMEA104602111				ERS2213393		daptomycin	=	0.25	S	mic_sign '=' inferred
29729180	BJD-179-951-s001.xlsx	Sheet 1	1263-30		SAMEA104602111				ERS2213393		teicoplanin	<=	0.5	S	
29729180	BJD-179-951-s001.xlsx	Sheet 1	1263-30		SAMEA104602111				ERS2213393		vancomycin	=	1	S	mic_sign '=' inferred
29729180	BJD-179-951-s001.xlsx	Sheet 1	1263-30		SAMEA104602111				ERS2213393		chloramphenicol	=	8	S	mic_sign '=' inferred
29729180	BJD-179-951-s001.xlsx	Sheet 1	1263-30		SAMEA104602111				ERS2213393		rifampin	<=	0.03	S	
29729180	BJD-179-951-s001.xlsx	Sheet 1	1270-31		SAMEA104602112				ERS2213394		penicillin	>=	0.5	R	
29729180	BJD-179-951-s001.xlsx	Sheet 1	1270-31		SAMEA104602112				ERS2213394		oxacillin	<=	0.25	S	
29729180	BJD-179-951-s001.xlsx	Sheet 1	1270-31		SAMEA104602112				ERS2213394		gentamicin	<=	0.5	S	
29729180	BJD-179-951-s001.xlsx	Sheet 1	1270-31		SAMEA104602112				ERS2213394		ciprofloxacin	<=	0.5	S	
29729180	BJD-179-951-s001.xlsx	Sheet 1	1270-31		SAMEA104602112				ERS2213394		erythromycin	>=	8	R	
29729180	BJD-179-951-s001.xlsx	Sheet 1	1270-31		SAMEA104602112				ERS2213394		clindamycin	=	0.25	R	mic_sign '=' inferred
29729180	BJD-179-951-s001.xlsx	Sheet 1	1270-31		SAMEA104602112				ERS2213394		tetracycline	<=	1	S	
29729180	BJD-179-951-s001.xlsx	Sheet 1	1270-31		SAMEA104602112				ERS2213394		fusidic acid	<=	0.5	S	
29729180	BJD-179-951-s001.xlsx	Sheet 1	1270-31		SAMEA104602112				ERS2213394		mupirocin	<=	2	S	
29729180	BJD-179-951-s001.xlsx	Sheet 1	1270-31		SAMEA104602112				ERS2213394		trimethoprim	=	1	S	mic_sign '=' inferred
29729180	BJD-179-951-s001.xlsx	Sheet 1	1270-31		SAMEA104602112				ERS2213394		linezolid	=	2	S	mic_sign '=' inferred
29729180	BJD-179-951-s001.xlsx	Sheet 1	1270-31		SAMEA104602112				ERS2213394		daptomycin	=	1	S	mic_sign '=' inferred
29729180	BJD-179-951-s001.xlsx	Sheet 1	1270-31		SAMEA104602112				ERS2213394		teicoplanin	<=	0.5	S	
29729180	BJD-179-951-s001.xlsx	Sheet 1	1270-31		SAMEA104602112				ERS2213394		vancomycin	=	1	S	mic_sign '=' inferred
29729180	BJD-179-951-s001.xlsx	Sheet 1	1270-31		SAMEA104602112				ERS2213394		chloramphenicol	=	8	S	mic_sign '=' inferred
29729180	BJD-179-951-s001.xlsx	Sheet 1	1270-31		SAMEA104602112				ERS2213394		rifampin	<=	0.03	S	
29729180	BJD-179-951-s001.xlsx	Sheet 1	1271-32		SAMEA104602113				ERS2213395		penicillin	>=	0.5	R	
29729180	BJD-179-951-s001.xlsx	Sheet 1	1271-32		SAMEA104602113				ERS2213395		oxacillin	<=	0.25	S	
29729180	BJD-179-951-s001.xlsx	Sheet 1	1271-32		SAMEA104602113				ERS2213395		gentamicin	<=	0.5	S	
29729180	BJD-179-951-s001.xlsx	Sheet 1	1271-32		SAMEA104602113				ERS2213395		ciprofloxacin	<=	0.5	S	
29729180	BJD-179-951-s001.xlsx	Sheet 1	1271-32		SAMEA104602113				ERS2213395		erythromycin	=	1	S	mic_sign '=' inferred
29729180	BJD-179-951-s001.xlsx	Sheet 1	1271-32		SAMEA104602113				ERS2213395		clindamycin	=	0.25	S	mic_sign '=' inferred
29729180	BJD-179-951-s001.xlsx	Sheet 1	1271-32		SAMEA104602113				ERS2213395		tetracycline	<=	1	S	
29729180	BJD-179-951-s001.xlsx	Sheet 1	1271-32		SAMEA104602113				ERS2213395		fusidic acid	<=	0.5	S	
29729180	BJD-179-951-s001.xlsx	Sheet 1	1271-32		SAMEA104602113				ERS2213395		mupirocin	<=	2	S	
29729180	BJD-179-951-s001.xlsx	Sheet 1	1271-32		SAMEA104602113				ERS2213395		trimethoprim	<=	0.5	S	
29729180	BJD-179-951-s001.xlsx	Sheet 1	1271-32		SAMEA104602113				ERS2213395		linezolid	=	2	S	mic_sign '=' inferred
29729180	BJD-179-951-s001.xlsx	Sheet 1	1271-32		SAMEA104602113				ERS2213395		daptomycin	=	0.25	S	mic_sign '=' inferred
29729180	BJD-179-951-s001.xlsx	Sheet 1	1271-32		SAMEA104602113				ERS2213395		teicoplanin	<=	0.5	S	
29729180	BJD-179-951-s001.xlsx	Sheet 1	1271-32		SAMEA104602113				ERS2213395		vancomycin	=	1	S	mic_sign '=' inferred
29729180	BJD-179-951-s001.xlsx	Sheet 1	1271-32		SAMEA104602113				ERS2213395		chloramphenicol	=	8	S	mic_sign '=' inferred
29729180	BJD-179-951-s001.xlsx	Sheet 1	1271-32		SAMEA104602113				ERS2213395		rifampin	<=	0.03	S	
29729180	BJD-179-951-s001.xlsx	Sheet 1	1286-33		SAMEA104602114				ERS2213396		penicillin	>=	0.5	R	
29729180	BJD-179-951-s001.xlsx	Sheet 1	1286-33		SAMEA104602114				ERS2213396		oxacillin	<=	0.25	S	
29729180	BJD-179-951-s001.xlsx	Sheet 1	1286-33		SAMEA104602114				ERS2213396		gentamicin	<=	0.5	S	
29729180	BJD-179-951-s001.xlsx	Sheet 1	1286-33		SAMEA104602114				ERS2213396		ciprofloxacin	<=	0.5	S	
29729180	BJD-179-951-s001.xlsx	Sheet 1	1286-33		SAMEA104602114				ERS2213396		erythromycin	>=	8	R	
29729180	BJD-179-951-s001.xlsx	Sheet 1	1286-33		SAMEA104602114				ERS2213396		clindamycin	=	0.25	R	mic_sign '=' inferred
29729180	BJD-179-951-s001.xlsx	Sheet 1	1286-33		SAMEA104602114				ERS2213396		tetracycline	<=	1	S	
29729180	BJD-179-951-s001.xlsx	Sheet 1	1286-33		SAMEA104602114				ERS2213396		fusidic acid	=	16	R	mic_sign '=' inferred
29729180	BJD-179-951-s001.xlsx	Sheet 1	1286-33		SAMEA104602114				ERS2213396		mupirocin	<=	2	S	
29729180	BJD-179-951-s001.xlsx	Sheet 1	1286-33		SAMEA104602114				ERS2213396		trimethoprim	<=	0.5	S	
29729180	BJD-179-951-s001.xlsx	Sheet 1	1286-33		SAMEA104602114				ERS2213396		linezolid	=	2	S	mic_sign '=' inferred
29729180	BJD-179-951-s001.xlsx	Sheet 1	1286-33		SAMEA104602114				ERS2213396		daptomycin	=	0.25	S	mic_sign '=' inferred
29729180	BJD-179-951-s001.xlsx	Sheet 1	1286-33		SAMEA104602114				ERS2213396		teicoplanin	<=	0.5	S	
29729180	BJD-179-951-s001.xlsx	Sheet 1	1286-33		SAMEA104602114				ERS2213396		vancomycin	=	1	S	mic_sign '=' inferred
29729180	BJD-179-951-s001.xlsx	Sheet 1	1286-33		SAMEA104602114				ERS2213396		chloramphenicol	=	8	S	mic_sign '=' inferred
29729180	BJD-179-951-s001.xlsx	Sheet 1	1286-33		SAMEA104602114				ERS2213396		rifampin	<=	0.03	S	
29729180	BJD-179-951-s001.xlsx	Sheet 1	1287-34		SAMEA104602115				ERS2213397		penicillin	>=	0.5	R	
29729180	BJD-179-951-s001.xlsx	Sheet 1	1287-34		SAMEA104602115				ERS2213397		oxacillin	<=	0.25	S	
29729180	BJD-179-951-s001.xlsx	Sheet 1	1287-34		SAMEA104602115				ERS2213397		gentamicin	<=	0.5	S	
29729180	BJD-179-951-s001.xlsx	Sheet 1	1287-34		SAMEA104602115				ERS2213397		ciprofloxacin	<=	0.5	S	
29729180	BJD-179-951-s001.xlsx	Sheet 1	1287-34		SAMEA104602115				ERS2213397		erythromycin	=	1	S	mic_sign '=' inferred
29729180	BJD-179-951-s001.xlsx	Sheet 1	1287-34		SAMEA104602115				ERS2213397		clindamycin	=	0.25	S	mic_sign '=' inferred
29729180	BJD-179-951-s001.xlsx	Sheet 1	1287-34		SAMEA104602115				ERS2213397		tetracycline	<=	1	S	
29729180	BJD-179-951-s001.xlsx	Sheet 1	1287-34		SAMEA104602115				ERS2213397		fusidic acid	<=	0.5	S	
29729180	BJD-179-951-s001.xlsx	Sheet 1	1287-34		SAMEA104602115				ERS2213397		mupirocin	<=	2	S	
29729180	BJD-179-951-s001.xlsx	Sheet 1	1287-34		SAMEA104602115				ERS2213397		trimethoprim	<=	0.5	S	
29729180	BJD-179-951-s001.xlsx	Sheet 1	1287-34		SAMEA104602115				ERS2213397		linezolid	=	2	S	mic_sign '=' inferred
29729180	BJD-179-951-s001.xlsx	Sheet 1	1287-34		SAMEA104602115				ERS2213397		daptomycin	=	0.25	S	mic_sign '=' inferred
29729180	BJD-179-951-s001.xlsx	Sheet 1	1287-34		SAMEA104602115				ERS2213397		teicoplanin	<=	0.5	S	
29729180	BJD-179-951-s001.xlsx	Sheet 1	1287-34		SAMEA104602115				ERS2213397		vancomycin	=	1	S	mic_sign '=' inferred
29729180	BJD-179-951-s001.xlsx	Sheet 1	1287-34		SAMEA104602115				ERS2213397		chloramphenicol	=	8	S	mic_sign '=' inferred
29729180	BJD-179-951-s001.xlsx	Sheet 1	1287-34		SAMEA104602115				ERS2213397		rifampin	<=	0.03	S	
29729180	BJD-179-951-s001.xlsx	Sheet 1	1310-36		SAMEA104602116				ERS2213398		penicillin	>=	0.5	R	
29729180	BJD-179-951-s001.xlsx	Sheet 1	1310-36		SAMEA104602116				ERS2213398		oxacillin	<=	0.25	S	
29729180	BJD-179-951-s001.xlsx	Sheet 1	1310-36		SAMEA104602116				ERS2213398		gentamicin	<=	0.5	S	
29729180	BJD-179-951-s001.xlsx	Sheet 1	1310-36		SAMEA104602116				ERS2213398		ciprofloxacin	<=	0.5	S	
29729180	BJD-179-951-s001.xlsx	Sheet 1	1310-36		SAMEA104602116				ERS2213398		erythromycin	=	0.5	S	mic_sign '=' inferred
29729180	BJD-179-951-s001.xlsx	Sheet 1	1310-36		SAMEA104602116				ERS2213398		clindamycin	=	0.25	S	mic_sign '=' inferred
29729180	BJD-179-951-s001.xlsx	Sheet 1	1310-36		SAMEA104602116				ERS2213398		tetracycline	<=	1	S	
29729180	BJD-179-951-s001.xlsx	Sheet 1	1310-36		SAMEA104602116				ERS2213398		fusidic acid	<=	0.5	S	
29729180	BJD-179-951-s001.xlsx	Sheet 1	1310-36		SAMEA104602116				ERS2213398		mupirocin	<=	2	S	
29729180	BJD-179-951-s001.xlsx	Sheet 1	1310-36		SAMEA104602116				ERS2213398		trimethoprim	=	1	S	mic_sign '=' inferred
29729180	BJD-179-951-s001.xlsx	Sheet 1	1310-36		SAMEA104602116				ERS2213398		linezolid	=	2	S	mic_sign '=' inferred
29729180	BJD-179-951-s001.xlsx	Sheet 1	1310-36		SAMEA104602116				ERS2213398		daptomycin	=	0.25	S	mic_sign '=' inferred
29729180	BJD-179-951-s001.xlsx	Sheet 1	1310-36		SAMEA104602116				ERS2213398		teicoplanin	<=	0.5	S	
29729180	BJD-179-951-s001.xlsx	Sheet 1	1310-36		SAMEA104602116				ERS2213398		vancomycin	=	1	S	mic_sign '=' inferred
29729180	BJD-179-951-s001.xlsx	Sheet 1	1310-36		SAMEA104602116				ERS2213398		chloramphenicol	=	8	S	mic_sign '=' inferred
29729180	BJD-179-951-s001.xlsx	Sheet 1	1310-36		SAMEA104602116				ERS2213398		rifampin	<=	0.03	S	
29729180	BJD-179-951-s001.xlsx	Sheet 1	1313-37		SAMEA104602117				ERS2213399		penicillin	>=	0.5	R	
29729180	BJD-179-951-s001.xlsx	Sheet 1	1313-37		SAMEA104602117				ERS2213399		oxacillin	=	0.5	S	mic_sign '=' inferred
29729180	BJD-179-951-s001.xlsx	Sheet 1	1313-37		SAMEA104602117				ERS2213399		gentamicin	<=	0.5	S	
29729180	BJD-179-951-s001.xlsx	Sheet 1	1313-37		SAMEA104602117				ERS2213399		ciprofloxacin	<=	0.5	S	
29729180	BJD-179-951-s001.xlsx	Sheet 1	1313-37		SAMEA104602117				ERS2213399		erythromycin	=	0.5	S	mic_sign '=' inferred
29729180	BJD-179-951-s001.xlsx	Sheet 1	1313-37		SAMEA104602117				ERS2213399		clindamycin	=	0.25	S	mic_sign '=' inferred
29729180	BJD-179-951-s001.xlsx	Sheet 1	1313-37		SAMEA104602117				ERS2213399		tetracycline	<=	1	S	
29729180	BJD-179-951-s001.xlsx	Sheet 1	1313-37		SAMEA104602117				ERS2213399		fusidic acid	<=	0.5	S	
29729180	BJD-179-951-s001.xlsx	Sheet 1	1313-37		SAMEA104602117				ERS2213399		mupirocin	<=	2	S	
29729180	BJD-179-951-s001.xlsx	Sheet 1	1313-37		SAMEA104602117				ERS2213399		trimethoprim	<=	0.5	S	
29729180	BJD-179-951-s001.xlsx	Sheet 1	1313-37		SAMEA104602117				ERS2213399		linezolid	=	2	S	mic_sign '=' inferred
29729180	BJD-179-951-s001.xlsx	Sheet 1	1313-37		SAMEA104602117				ERS2213399		daptomycin	=	0.5	S	mic_sign '=' inferred
29729180	BJD-179-951-s001.xlsx	Sheet 1	1313-37		SAMEA104602117				ERS2213399		teicoplanin	<=	0.5	S	
29729180	BJD-179-951-s001.xlsx	Sheet 1	1313-37		SAMEA104602117				ERS2213399		vancomycin	=	1	S	mic_sign '=' inferred
29729180	BJD-179-951-s001.xlsx	Sheet 1	1313-37		SAMEA104602117				ERS2213399		chloramphenicol	=	8	S	mic_sign '=' inferred
29729180	BJD-179-951-s001.xlsx	Sheet 1	1313-37		SAMEA104602117				ERS2213399		rifampin	<=	0.03	S	
29729180	BJD-179-951-s001.xlsx	Sheet 1	1319-38		SAMEA104602118				ERS2213400		penicillin	>=	0.5	R	
29729180	BJD-179-951-s001.xlsx	Sheet 1	1319-38		SAMEA104602118				ERS2213400		oxacillin	<=	0.25	S	
29729180	BJD-179-951-s001.xlsx	Sheet 1	1319-38		SAMEA104602118				ERS2213400		gentamicin	<=	0.5	S	
29729180	BJD-179-951-s001.xlsx	Sheet 1	1319-38		SAMEA104602118				ERS2213400		ciprofloxacin	<=	0.5	S	
29729180	BJD-179-951-s001.xlsx	Sheet 1	1319-38		SAMEA104602118				ERS2213400		erythromycin	=	0.5	S	mic_sign '=' inferred
29729180	BJD-179-951-s001.xlsx	Sheet 1	1319-38		SAMEA104602118				ERS2213400		clindamycin	=	0.25	S	mic_sign '=' inferred
29729180	BJD-179-951-s001.xlsx	Sheet 1	1319-38		SAMEA104602118				ERS2213400		tetracycline	<=	1	S	
29729180	BJD-179-951-s001.xlsx	Sheet 1	1319-38		SAMEA104602118				ERS2213400		fusidic acid	<=	0.5	S	
29729180	BJD-179-951-s001.xlsx	Sheet 1	1319-38		SAMEA104602118				ERS2213400		mupirocin	<=	2	S	
29729180	BJD-179-951-s001.xlsx	Sheet 1	1319-38		SAMEA104602118				ERS2213400		trimethoprim	=	1	S	mic_sign '=' inferred
29729180	BJD-179-951-s001.xlsx	Sheet 1	1319-38		SAMEA104602118				ERS2213400		linezolid	=	2	S	mic_sign '=' inferred
29729180	BJD-179-951-s001.xlsx	Sheet 1	1319-38		SAMEA104602118				ERS2213400		daptomycin	=	0.25	S	mic_sign '=' inferred
29729180	BJD-179-951-s001.xlsx	Sheet 1	1319-38		SAMEA104602118				ERS2213400		teicoplanin	<=	0.5	S	
29729180	BJD-179-951-s001.xlsx	Sheet 1	1319-38		SAMEA104602118				ERS2213400		vancomycin	=	1	S	mic_sign '=' inferred
29729180	BJD-179-951-s001.xlsx	Sheet 1	1319-38		SAMEA104602118				ERS2213400		chloramphenicol	=	8	S	mic_sign '=' inferred
29729180	BJD-179-951-s001.xlsx	Sheet 1	1319-38		SAMEA104602118				ERS2213400		rifampin	<=	0.03	S	
29729180	BJD-179-951-s001.xlsx	Sheet 1	1333-39		SAMEA104602119				ERS2213401		penicillin	>=	0.5	R	
29729180	BJD-179-951-s001.xlsx	Sheet 1	1333-39		SAMEA104602119				ERS2213401		oxacillin	=	0.5	S	mic_sign '=' inferred
29729180	BJD-179-951-s001.xlsx	Sheet 1	1333-39		SAMEA104602119				ERS2213401		gentamicin	<=	0.5	S	
29729180	BJD-179-951-s001.xlsx	Sheet 1	1333-39		SAMEA104602119				ERS2213401		ciprofloxacin	<=	0.5	S	
29729180	BJD-179-951-s001.xlsx	Sheet 1	1333-39		SAMEA104602119				ERS2213401		erythromycin	=	0.5	S	mic_sign '=' inferred
29729180	BJD-179-951-s001.xlsx	Sheet 1	1333-39		SAMEA104602119				ERS2213401		clindamycin	=	0.25	S	mic_sign '=' inferred
29729180	BJD-179-951-s001.xlsx	Sheet 1	1333-39		SAMEA104602119				ERS2213401		tetracycline	<=	1	S	
29729180	BJD-179-951-s001.xlsx	Sheet 1	1333-39		SAMEA104602119				ERS2213401		fusidic acid	<=	0.5	S	
29729180	BJD-179-951-s001.xlsx	Sheet 1	1333-39		SAMEA104602119				ERS2213401		mupirocin	<=	2	S	
29729180	BJD-179-951-s001.xlsx	Sheet 1	1333-39		SAMEA104602119				ERS2213401		trimethoprim	<=	0.5	S	
29729180	BJD-179-951-s001.xlsx	Sheet 1	1333-39		SAMEA104602119				ERS2213401		linezolid	=	2	S	mic_sign '=' inferred
29729180	BJD-179-951-s001.xlsx	Sheet 1	1333-39		SAMEA104602119				ERS2213401		daptomycin	=	0.5	S	mic_sign '=' inferred
29729180	BJD-179-951-s001.xlsx	Sheet 1	1333-39		SAMEA104602119				ERS2213401		teicoplanin	<=	0.5	S	
29729180	BJD-179-951-s001.xlsx	Sheet 1	1333-39		SAMEA104602119				ERS2213401		vancomycin	=	1	S	mic_sign '=' inferred
29729180	BJD-179-951-s001.xlsx	Sheet 1	1333-39		SAMEA104602119				ERS2213401		chloramphenicol	=	8	S	mic_sign '=' inferred
29729180	BJD-179-951-s001.xlsx	Sheet 1	1333-39		SAMEA104602119				ERS2213401		rifampin	<=	0.03	S	
29729180	BJD-179-951-s001.xlsx	Sheet 1	1334-40		SAMEA104602120				ERS2213402		penicillin	>=	0.5	R	
29729180	BJD-179-951-s001.xlsx	Sheet 1	1334-40		SAMEA104602120				ERS2213402		oxacillin	<=	0.25	S	
29729180	BJD-179-951-s001.xlsx	Sheet 1	1334-40		SAMEA104602120				ERS2213402		gentamicin	<=	0.5	S	
29729180	BJD-179-951-s001.xlsx	Sheet 1	1334-40		SAMEA104602120				ERS2213402		ciprofloxacin	<=	0.5	S	
29729180	BJD-179-951-s001.xlsx	Sheet 1	1334-40		SAMEA104602120				ERS2213402		erythromycin	=	0.5	S	mic_sign '=' inferred
29729180	BJD-179-951-s001.xlsx	Sheet 1	1334-40		SAMEA104602120				ERS2213402		clindamycin	=	0.25	S	mic_sign '=' inferred
29729180	BJD-179-951-s001.xlsx	Sheet 1	1334-40		SAMEA104602120				ERS2213402		tetracycline	<=	1	S	
29729180	BJD-179-951-s001.xlsx	Sheet 1	1334-40		SAMEA104602120				ERS2213402		fusidic acid	<=	0.5	S	
29729180	BJD-179-951-s001.xlsx	Sheet 1	1334-40		SAMEA104602120				ERS2213402		mupirocin	<=	2	S	
29729180	BJD-179-951-s001.xlsx	Sheet 1	1334-40		SAMEA104602120				ERS2213402		trimethoprim	<=	0.5	S	
29729180	BJD-179-951-s001.xlsx	Sheet 1	1334-40		SAMEA104602120				ERS2213402		linezolid	=	2	S	mic_sign '=' inferred
29729180	BJD-179-951-s001.xlsx	Sheet 1	1334-40		SAMEA104602120				ERS2213402		daptomycin	=	0.25	S	mic_sign '=' inferred
29729180	BJD-179-951-s001.xlsx	Sheet 1	1334-40		SAMEA104602120				ERS2213402		teicoplanin	<=	0.5	S	
29729180	BJD-179-951-s001.xlsx	Sheet 1	1334-40		SAMEA104602120				ERS2213402		vancomycin	=	1	S	mic_sign '=' inferred
29729180	BJD-179-951-s001.xlsx	Sheet 1	1334-40		SAMEA104602120				ERS2213402		chloramphenicol	=	8	S	mic_sign '=' inferred
29729180	BJD-179-951-s001.xlsx	Sheet 1	1334-40		SAMEA104602120				ERS2213402		rifampin	<=	0.03	S	
29729180	BJD-179-951-s001.xlsx	Sheet 1	1343-42		SAMEA104602121				ERS2213403		penicillin	>=	0.5	R	
29729180	BJD-179-951-s001.xlsx	Sheet 1	1343-42		SAMEA104602121				ERS2213403		oxacillin	<=	0.25	S	
29729180	BJD-179-951-s001.xlsx	Sheet 1	1343-42		SAMEA104602121				ERS2213403		gentamicin	<=	0.5	S	
29729180	BJD-179-951-s001.xlsx	Sheet 1	1343-42		SAMEA104602121				ERS2213403		ciprofloxacin	<=	0.5	S	
29729180	BJD-179-951-s001.xlsx	Sheet 1	1343-42		SAMEA104602121				ERS2213403		erythromycin	=	0.5	S	mic_sign '=' inferred
29729180	BJD-179-951-s001.xlsx	Sheet 1	1343-42		SAMEA104602121				ERS2213403		clindamycin	=	0.25	S	mic_sign '=' inferred
29729180	BJD-179-951-s001.xlsx	Sheet 1	1343-42		SAMEA104602121				ERS2213403		tetracycline	<=	1	S	
29729180	BJD-179-951-s001.xlsx	Sheet 1	1343-42		SAMEA104602121				ERS2213403		fusidic acid	<=	0.5	S	
29729180	BJD-179-951-s001.xlsx	Sheet 1	1343-42		SAMEA104602121				ERS2213403		mupirocin	<=	2	S	
29729180	BJD-179-951-s001.xlsx	Sheet 1	1343-42		SAMEA104602121				ERS2213403		trimethoprim	=	1	S	mic_sign '=' inferred
29729180	BJD-179-951-s001.xlsx	Sheet 1	1343-42		SAMEA104602121				ERS2213403		linezolid	=	2	S	mic_sign '=' inferred
29729180	BJD-179-951-s001.xlsx	Sheet 1	1343-42		SAMEA104602121				ERS2213403		daptomycin	=	0.25	S	mic_sign '=' inferred
29729180	BJD-179-951-s001.xlsx	Sheet 1	1343-42		SAMEA104602121				ERS2213403		teicoplanin	<=	0.5	S	
29729180	BJD-179-951-s001.xlsx	Sheet 1	1343-42		SAMEA104602121				ERS2213403		vancomycin	=	2	S	mic_sign '=' inferred
29729180	BJD-179-951-s001.xlsx	Sheet 1	1343-42		SAMEA104602121				ERS2213403		chloramphenicol	=	8	S	mic_sign '=' inferred
29729180	BJD-179-951-s001.xlsx	Sheet 1	1343-42		SAMEA104602121				ERS2213403		rifampin	<=	0.03	S	
29729180	BJD-179-951-s001.xlsx	Sheet 1	1344-43		SAMEA104602122				ERS2213404		penicillin	>=	0.5	R	
29729180	BJD-179-951-s001.xlsx	Sheet 1	1344-43		SAMEA104602122				ERS2213404		oxacillin	=	0.5	S	mic_sign '=' inferred
29729180	BJD-179-951-s001.xlsx	Sheet 1	1344-43		SAMEA104602122				ERS2213404		gentamicin	<=	0.5	S	
29729180	BJD-179-951-s001.xlsx	Sheet 1	1344-43		SAMEA104602122				ERS2213404		ciprofloxacin	<=	0.5	S	
29729180	BJD-179-951-s001.xlsx	Sheet 1	1344-43		SAMEA104602122				ERS2213404		erythromycin	=	0.5	S	mic_sign '=' inferred
29729180	BJD-179-951-s001.xlsx	Sheet 1	1344-43		SAMEA104602122				ERS2213404		clindamycin	=	0.25	S	mic_sign '=' inferred
29729180	BJD-179-951-s001.xlsx	Sheet 1	1344-43		SAMEA104602122				ERS2213404		tetracycline	<=	1	S	
29729180	BJD-179-951-s001.xlsx	Sheet 1	1344-43		SAMEA104602122				ERS2213404		fusidic acid	<=	0.5	S	
29729180	BJD-179-951-s001.xlsx	Sheet 1	1344-43		SAMEA104602122				ERS2213404		mupirocin	<=	2	S	
29729180	BJD-179-951-s001.xlsx	Sheet 1	1344-43		SAMEA104602122				ERS2213404		trimethoprim	<=	0.5	S	
29729180	BJD-179-951-s001.xlsx	Sheet 1	1344-43		SAMEA104602122				ERS2213404		linezolid	=	2	S	mic_sign '=' inferred
29729180	BJD-179-951-s001.xlsx	Sheet 1	1344-43		SAMEA104602122				ERS2213404		daptomycin	=	0.5	S	mic_sign '=' inferred
29729180	BJD-179-951-s001.xlsx	Sheet 1	1344-43		SAMEA104602122				ERS2213404		teicoplanin	<=	0.5	S	
29729180	BJD-179-951-s001.xlsx	Sheet 1	1344-43		SAMEA104602122				ERS2213404		vancomycin	=	1	S	mic_sign '=' inferred
29729180	BJD-179-951-s001.xlsx	Sheet 1	1344-43		SAMEA104602122				ERS2213404		chloramphenicol	=	8	S	mic_sign '=' inferred
29729180	BJD-179-951-s001.xlsx	Sheet 1	1344-43		SAMEA104602122				ERS2213404		rifampin	<=	0.03	S	
29729180	BJD-179-951-s001.xlsx	Sheet 1	1356-44		SAMEA104602123				ERS2213405		penicillin	>=	0.5	R	
29729180	BJD-179-951-s001.xlsx	Sheet 1	1356-44		SAMEA104602123				ERS2213405		oxacillin	<=	0.25	S	
29729180	BJD-179-951-s001.xlsx	Sheet 1	1356-44		SAMEA104602123				ERS2213405		gentamicin	<=	0.5	S	
29729180	BJD-179-951-s001.xlsx	Sheet 1	1356-44		SAMEA104602123				ERS2213405		ciprofloxacin	<=	0.5	S	
29729180	BJD-179-951-s001.xlsx	Sheet 1	1356-44		SAMEA104602123				ERS2213405		erythromycin	=	0.5	S	mic_sign '=' inferred
29729180	BJD-179-951-s001.xlsx	Sheet 1	1356-44		SAMEA104602123				ERS2213405		clindamycin	=	0.25	S	mic_sign '=' inferred
29729180	BJD-179-951-s001.xlsx	Sheet 1	1356-44		SAMEA104602123				ERS2213405		tetracycline	<=	1	S	
29729180	BJD-179-951-s001.xlsx	Sheet 1	1356-44		SAMEA104602123				ERS2213405		fusidic acid	<=	0.5	S	
29729180	BJD-179-951-s001.xlsx	Sheet 1	1356-44		SAMEA104602123				ERS2213405		mupirocin	<=	2	S	
29729180	BJD-179-951-s001.xlsx	Sheet 1	1356-44		SAMEA104602123				ERS2213405		trimethoprim	<=	0.5	S	
29729180	BJD-179-951-s001.xlsx	Sheet 1	1356-44		SAMEA104602123				ERS2213405		linezolid	=	2	S	mic_sign '=' inferred
29729180	BJD-179-951-s001.xlsx	Sheet 1	1356-44		SAMEA104602123				ERS2213405		daptomycin	=	0.5	S	mic_sign '=' inferred
29729180	BJD-179-951-s001.xlsx	Sheet 1	1356-44		SAMEA104602123				ERS2213405		teicoplanin	<=	0.5	S	
29729180	BJD-179-951-s001.xlsx	Sheet 1	1356-44		SAMEA104602123				ERS2213405		vancomycin	=	1	S	mic_sign '=' inferred
29729180	BJD-179-951-s001.xlsx	Sheet 1	1356-44		SAMEA104602123				ERS2213405		chloramphenicol	=	8	S	mic_sign '=' inferred
29729180	BJD-179-951-s001.xlsx	Sheet 1	1356-44		SAMEA104602123				ERS2213405		rifampin	<=	0.03	S	
29729180	BJD-179-951-s001.xlsx	Sheet 1	1359-45		SAMEA104602124				ERS2213406		penicillin	>=	0.5	R	
29729180	BJD-179-951-s001.xlsx	Sheet 1	1359-45		SAMEA104602124				ERS2213406		oxacillin	<=	0.25	S	
29729180	BJD-179-951-s001.xlsx	Sheet 1	1359-45		SAMEA104602124				ERS2213406		gentamicin	<=	0.5	S	
29729180	BJD-179-951-s001.xlsx	Sheet 1	1359-45		SAMEA104602124				ERS2213406		ciprofloxacin	<=	0.5	S	
29729180	BJD-179-951-s001.xlsx	Sheet 1	1359-45		SAMEA104602124				ERS2213406		erythromycin	=	0.5	S	mic_sign '=' inferred
29729180	BJD-179-951-s001.xlsx	Sheet 1	1359-45		SAMEA104602124				ERS2213406		clindamycin	=	0.25	S	mic_sign '=' inferred
29729180	BJD-179-951-s001.xlsx	Sheet 1	1359-45		SAMEA104602124				ERS2213406		tetracycline	>=	16	R	
29729180	BJD-179-951-s001.xlsx	Sheet 1	1359-45		SAMEA104602124				ERS2213406		fusidic acid	<=	0.5	S	
29729180	BJD-179-951-s001.xlsx	Sheet 1	1359-45		SAMEA104602124				ERS2213406		mupirocin	<=	2	S	
29729180	BJD-179-951-s001.xlsx	Sheet 1	1359-45		SAMEA104602124				ERS2213406		trimethoprim	<=	0.5	S	
29729180	BJD-179-951-s001.xlsx	Sheet 1	1359-45		SAMEA104602124				ERS2213406		linezolid	=	2	S	mic_sign '=' inferred
29729180	BJD-179-951-s001.xlsx	Sheet 1	1359-45		SAMEA104602124				ERS2213406		daptomycin	=	0.25	S	mic_sign '=' inferred
29729180	BJD-179-951-s001.xlsx	Sheet 1	1359-45		SAMEA104602124				ERS2213406		teicoplanin	<=	0.5	S	
29729180	BJD-179-951-s001.xlsx	Sheet 1	1359-45		SAMEA104602124				ERS2213406		vancomycin	=	1	S	mic_sign '=' inferred
29729180	BJD-179-951-s001.xlsx	Sheet 1	1359-45		SAMEA104602124				ERS2213406		chloramphenicol	<=	4	S	
29729180	BJD-179-951-s001.xlsx	Sheet 1	1359-45		SAMEA104602124				ERS2213406		rifampin	<=	0.03	S	
29729180	BJD-179-951-s001.xlsx	Sheet 1	1367-46		SAMEA104602125				ERS2213407		penicillin	>=	0.5	R	
29729180	BJD-179-951-s001.xlsx	Sheet 1	1367-46		SAMEA104602125				ERS2213407		oxacillin	<=	0.25	S	
29729180	BJD-179-951-s001.xlsx	Sheet 1	1367-46		SAMEA104602125				ERS2213407		gentamicin	<=	0.5	S	
29729180	BJD-179-951-s001.xlsx	Sheet 1	1367-46		SAMEA104602125				ERS2213407		ciprofloxacin	<=	0.5	S	
29729180	BJD-179-951-s001.xlsx	Sheet 1	1367-46		SAMEA104602125				ERS2213407		erythromycin	=	0.5	S	mic_sign '=' inferred
29729180	BJD-179-951-s001.xlsx	Sheet 1	1367-46		SAMEA104602125				ERS2213407		clindamycin	=	0.25	S	mic_sign '=' inferred
29729180	BJD-179-951-s001.xlsx	Sheet 1	1367-46		SAMEA104602125				ERS2213407		tetracycline	<=	1	S	
29729180	BJD-179-951-s001.xlsx	Sheet 1	1367-46		SAMEA104602125				ERS2213407		fusidic acid	=	16	R	mic_sign '=' inferred
29729180	BJD-179-951-s001.xlsx	Sheet 1	1367-46		SAMEA104602125				ERS2213407		mupirocin	<=	2	S	
29729180	BJD-179-951-s001.xlsx	Sheet 1	1367-46		SAMEA104602125				ERS2213407		trimethoprim	=	1	S	mic_sign '=' inferred
29729180	BJD-179-951-s001.xlsx	Sheet 1	1367-46		SAMEA104602125				ERS2213407		linezolid	=	2	S	mic_sign '=' inferred
29729180	BJD-179-951-s001.xlsx	Sheet 1	1367-46		SAMEA104602125				ERS2213407		daptomycin	=	0.5	S	mic_sign '=' inferred
29729180	BJD-179-951-s001.xlsx	Sheet 1	1367-46		SAMEA104602125				ERS2213407		teicoplanin	<=	0.5	S	
29729180	BJD-179-951-s001.xlsx	Sheet 1	1367-46		SAMEA104602125				ERS2213407		vancomycin	<=	0.5	S	
29729180	BJD-179-951-s001.xlsx	Sheet 1	1367-46		SAMEA104602125				ERS2213407		chloramphenicol	=	8	S	mic_sign '=' inferred
29729180	BJD-179-951-s001.xlsx	Sheet 1	1367-46		SAMEA104602125				ERS2213407		rifampin	<=	0.03	S	
29729180	BJD-179-951-s001.xlsx	Sheet 1	1374-47		SAMEA104602126				ERS2213408		penicillin	>=	0.5	R	
29729180	BJD-179-951-s001.xlsx	Sheet 1	1374-47		SAMEA104602126				ERS2213408		oxacillin	<=	0.25	S	
29729180	BJD-179-951-s001.xlsx	Sheet 1	1374-47		SAMEA104602126				ERS2213408		gentamicin	<=	0.5	S	
29729180	BJD-179-951-s001.xlsx	Sheet 1	1374-47		SAMEA104602126				ERS2213408		ciprofloxacin	<=	0.5	S	
29729180	BJD-179-951-s001.xlsx	Sheet 1	1374-47		SAMEA104602126				ERS2213408		erythromycin	=	0.5	S	mic_sign '=' inferred
29729180	BJD-179-951-s001.xlsx	Sheet 1	1374-47		SAMEA104602126				ERS2213408		clindamycin	=	0.25	S	mic_sign '=' inferred
29729180	BJD-179-951-s001.xlsx	Sheet 1	1374-47		SAMEA104602126				ERS2213408		tetracycline	<=	1	S	
29729180	BJD-179-951-s001.xlsx	Sheet 1	1374-47		SAMEA104602126				ERS2213408		fusidic acid	<=	0.5	S	
29729180	BJD-179-951-s001.xlsx	Sheet 1	1374-47		SAMEA104602126				ERS2213408		mupirocin	<=	2	S	
29729180	BJD-179-951-s001.xlsx	Sheet 1	1374-47		SAMEA104602126				ERS2213408		trimethoprim	<=	0.5	S	
29729180	BJD-179-951-s001.xlsx	Sheet 1	1374-47		SAMEA104602126				ERS2213408		linezolid	=	2	S	mic_sign '=' inferred
29729180	BJD-179-951-s001.xlsx	Sheet 1	1374-47		SAMEA104602126				ERS2213408		daptomycin	=	0.5	S	mic_sign '=' inferred
29729180	BJD-179-951-s001.xlsx	Sheet 1	1374-47		SAMEA104602126				ERS2213408		teicoplanin	<=	0.5	S	
29729180	BJD-179-951-s001.xlsx	Sheet 1	1374-47		SAMEA104602126				ERS2213408		vancomycin	=	1	S	mic_sign '=' inferred
29729180	BJD-179-951-s001.xlsx	Sheet 1	1374-47		SAMEA104602126				ERS2213408		chloramphenicol	<=	4	S	
29729180	BJD-179-951-s001.xlsx	Sheet 1	1374-47		SAMEA104602126				ERS2213408		rifampin	<=	0.03	S	
29729180	BJD-179-951-s001.xlsx	Sheet 1	1380-1-49		SAMEA104602127				ERS2213409		penicillin	>=	0.5	R	
29729180	BJD-179-951-s001.xlsx	Sheet 1	1380-1-49		SAMEA104602127				ERS2213409		oxacillin	=	0.5	S	mic_sign '=' inferred
29729180	BJD-179-951-s001.xlsx	Sheet 1	1380-1-49		SAMEA104602127				ERS2213409		gentamicin	<=	0.5	S	
29729180	BJD-179-951-s001.xlsx	Sheet 1	1380-1-49		SAMEA104602127				ERS2213409		ciprofloxacin	<=	0.5	S	
29729180	BJD-179-951-s001.xlsx	Sheet 1	1380-1-49		SAMEA104602127				ERS2213409		erythromycin	=	1	S	mic_sign '=' inferred
29729180	BJD-179-951-s001.xlsx	Sheet 1	1380-1-49		SAMEA104602127				ERS2213409		clindamycin	=	0.25	S	mic_sign '=' inferred
29729180	BJD-179-951-s001.xlsx	Sheet 1	1380-1-49		SAMEA104602127				ERS2213409		tetracycline	<=	1	S	
29729180	BJD-179-951-s001.xlsx	Sheet 1	1380-1-49		SAMEA104602127				ERS2213409		fusidic acid	<=	0.5	S	
29729180	BJD-179-951-s001.xlsx	Sheet 1	1380-1-49		SAMEA104602127				ERS2213409		mupirocin	<=	2	S	
29729180	BJD-179-951-s001.xlsx	Sheet 1	1380-1-49		SAMEA104602127				ERS2213409		trimethoprim	=	1	S	mic_sign '=' inferred
29729180	BJD-179-951-s001.xlsx	Sheet 1	1380-1-49		SAMEA104602127				ERS2213409		linezolid	=	2	S	mic_sign '=' inferred
29729180	BJD-179-951-s001.xlsx	Sheet 1	1380-1-49		SAMEA104602127				ERS2213409		daptomycin	=	0.5	S	mic_sign '=' inferred
29729180	BJD-179-951-s001.xlsx	Sheet 1	1380-1-49		SAMEA104602127				ERS2213409		teicoplanin	<=	0.5	S	
29729180	BJD-179-951-s001.xlsx	Sheet 1	1380-1-49		SAMEA104602127				ERS2213409		vancomycin	=	1	S	mic_sign '=' inferred
29729180	BJD-179-951-s001.xlsx	Sheet 1	1380-1-49		SAMEA104602127				ERS2213409		chloramphenicol	=	8	S	mic_sign '=' inferred
29729180	BJD-179-951-s001.xlsx	Sheet 1	1380-1-49		SAMEA104602127				ERS2213409		rifampin	<=	0.03	S	
29729180	BJD-179-951-s001.xlsx	Sheet 1	1384-51		SAMEA104602128				ERS2213410		penicillin	>=	0.5	R	
29729180	BJD-179-951-s001.xlsx	Sheet 1	1384-51		SAMEA104602128				ERS2213410		oxacillin	=	0.5	S	mic_sign '=' inferred
29729180	BJD-179-951-s001.xlsx	Sheet 1	1384-51		SAMEA104602128				ERS2213410		gentamicin	<=	0.5	S	
29729180	BJD-179-951-s001.xlsx	Sheet 1	1384-51		SAMEA104602128				ERS2213410		ciprofloxacin	<=	0.5	S	
29729180	BJD-179-951-s001.xlsx	Sheet 1	1384-51		SAMEA104602128				ERS2213410		erythromycin	=	0.5	S	mic_sign '=' inferred
29729180	BJD-179-951-s001.xlsx	Sheet 1	1384-51		SAMEA104602128				ERS2213410		clindamycin	=	0.25	S	mic_sign '=' inferred
29729180	BJD-179-951-s001.xlsx	Sheet 1	1384-51		SAMEA104602128				ERS2213410		tetracycline	<=	1	S	
29729180	BJD-179-951-s001.xlsx	Sheet 1	1384-51		SAMEA104602128				ERS2213410		fusidic acid	<=	0.5	S	
29729180	BJD-179-951-s001.xlsx	Sheet 1	1384-51		SAMEA104602128				ERS2213410		mupirocin	<=	2	S	
29729180	BJD-179-951-s001.xlsx	Sheet 1	1384-51		SAMEA104602128				ERS2213410		trimethoprim	<	0.5	S	
29729180	BJD-179-951-s001.xlsx	Sheet 1	1384-51		SAMEA104602128				ERS2213410		linezolid	=	2	S	mic_sign '=' inferred
29729180	BJD-179-951-s001.xlsx	Sheet 1	1384-51		SAMEA104602128				ERS2213410		daptomycin	=	0.5	S	mic_sign '=' inferred
29729180	BJD-179-951-s001.xlsx	Sheet 1	1384-51		SAMEA104602128				ERS2213410		teicoplanin	<=	0.5	S	
29729180	BJD-179-951-s001.xlsx	Sheet 1	1384-51		SAMEA104602128				ERS2213410		vancomycin	=	1	S	mic_sign '=' inferred
29729180	BJD-179-951-s001.xlsx	Sheet 1	1384-51		SAMEA104602128				ERS2213410		chloramphenicol	=	8	S	mic_sign '=' inferred
29729180	BJD-179-951-s001.xlsx	Sheet 1	1384-51		SAMEA104602128				ERS2213410		rifampin	<=	0.03	S	
29729180	BJD-179-951-s001.xlsx	Sheet 1	1401-52		SAMEA104602129				ERS2213411		penicillin	>=	0.5	R	
29729180	BJD-179-951-s001.xlsx	Sheet 1	1401-52		SAMEA104602129				ERS2213411		oxacillin	=	0.5	S	mic_sign '=' inferred
29729180	BJD-179-951-s001.xlsx	Sheet 1	1401-52		SAMEA104602129				ERS2213411		gentamicin	<=	0.5	S	
29729180	BJD-179-951-s001.xlsx	Sheet 1	1401-52		SAMEA104602129				ERS2213411		ciprofloxacin	<=	0.5	S	
29729180	BJD-179-951-s001.xlsx	Sheet 1	1401-52		SAMEA104602129				ERS2213411		erythromycin	=	1	S	mic_sign '=' inferred
29729180	BJD-179-951-s001.xlsx	Sheet 1	1401-52		SAMEA104602129				ERS2213411		clindamycin	=	0.25	S	mic_sign '=' inferred
29729180	BJD-179-951-s001.xlsx	Sheet 1	1401-52		SAMEA104602129				ERS2213411		tetracycline	<=	1	S	
29729180	BJD-179-951-s001.xlsx	Sheet 1	1401-52		SAMEA104602129				ERS2213411		fusidic acid	<=	0.5	S	
29729180	BJD-179-951-s001.xlsx	Sheet 1	1401-52		SAMEA104602129				ERS2213411		mupirocin	<=	2	S	
29729180	BJD-179-951-s001.xlsx	Sheet 1	1401-52		SAMEA104602129				ERS2213411		trimethoprim	<	0.5	S	
29729180	BJD-179-951-s001.xlsx	Sheet 1	1401-52		SAMEA104602129				ERS2213411		linezolid	=	2	S	mic_sign '=' inferred
29729180	BJD-179-951-s001.xlsx	Sheet 1	1401-52		SAMEA104602129				ERS2213411		daptomycin	=	0.25	S	mic_sign '=' inferred
29729180	BJD-179-951-s001.xlsx	Sheet 1	1401-52		SAMEA104602129				ERS2213411		teicoplanin	<=	0.5	S	
29729180	BJD-179-951-s001.xlsx	Sheet 1	1401-52		SAMEA104602129				ERS2213411		vancomycin	=	1	S	mic_sign '=' inferred
29729180	BJD-179-951-s001.xlsx	Sheet 1	1401-52		SAMEA104602129				ERS2213411		chloramphenicol	=	8	S	mic_sign '=' inferred
29729180	BJD-179-951-s001.xlsx	Sheet 1	1401-52		SAMEA104602129				ERS2213411		rifampin	<=	0.03	S	
29729180	BJD-179-951-s001.xlsx	Sheet 1	1403-53		SAMEA104602130				ERS2213412		penicillin	>=	0.5	R	
29729180	BJD-179-951-s001.xlsx	Sheet 1	1403-53		SAMEA104602130				ERS2213412		oxacillin	=	0.5	S	mic_sign '=' inferred
29729180	BJD-179-951-s001.xlsx	Sheet 1	1403-53		SAMEA104602130				ERS2213412		gentamicin	<=	0.5	S	
29729180	BJD-179-951-s001.xlsx	Sheet 1	1403-53		SAMEA104602130				ERS2213412		ciprofloxacin	<=	0.5	S	
29729180	BJD-179-951-s001.xlsx	Sheet 1	1403-53		SAMEA104602130				ERS2213412		erythromycin	=	0.5	S	mic_sign '=' inferred
29729180	BJD-179-951-s001.xlsx	Sheet 1	1403-53		SAMEA104602130				ERS2213412		clindamycin	=	0.25	S	mic_sign '=' inferred
29729180	BJD-179-951-s001.xlsx	Sheet 1	1403-53		SAMEA104602130				ERS2213412		tetracycline	<=	1	S	
29729180	BJD-179-951-s001.xlsx	Sheet 1	1403-53		SAMEA104602130				ERS2213412		fusidic acid	=	16	R	mic_sign '=' inferred
29729180	BJD-179-951-s001.xlsx	Sheet 1	1403-53		SAMEA104602130				ERS2213412		mupirocin	<=	2	S	
29729180	BJD-179-951-s001.xlsx	Sheet 1	1403-53		SAMEA104602130				ERS2213412		trimethoprim	=	1	S	mic_sign '=' inferred
29729180	BJD-179-951-s001.xlsx	Sheet 1	1403-53		SAMEA104602130				ERS2213412		linezolid	=	2	S	mic_sign '=' inferred
29729180	BJD-179-951-s001.xlsx	Sheet 1	1403-53		SAMEA104602130				ERS2213412		daptomycin	=	0.25	S	mic_sign '=' inferred
29729180	BJD-179-951-s001.xlsx	Sheet 1	1403-53		SAMEA104602130				ERS2213412		teicoplanin	<=	0.5	S	
29729180	BJD-179-951-s001.xlsx	Sheet 1	1403-53		SAMEA104602130				ERS2213412		vancomycin	=	1	S	mic_sign '=' inferred
29729180	BJD-179-951-s001.xlsx	Sheet 1	1403-53		SAMEA104602130				ERS2213412		chloramphenicol	=	8	S	mic_sign '=' inferred
29729180	BJD-179-951-s001.xlsx	Sheet 1	1403-53		SAMEA104602130				ERS2213412		rifampin	<=	0.03	S	
29729180	BJD-179-951-s001.xlsx	Sheet 1	1419-54		SAMEA104602131				ERS2213413		penicillin	>=	0.5	R	
29729180	BJD-179-951-s001.xlsx	Sheet 1	1419-54		SAMEA104602131				ERS2213413		oxacillin	<=	0.25	S	
29729180	BJD-179-951-s001.xlsx	Sheet 1	1419-54		SAMEA104602131				ERS2213413		gentamicin	<=	0.5	S	
29729180	BJD-179-951-s001.xlsx	Sheet 1	1419-54		SAMEA104602131				ERS2213413		ciprofloxacin	<=	0.5	S	
29729180	BJD-179-951-s001.xlsx	Sheet 1	1419-54		SAMEA104602131				ERS2213413		erythromycin	=	1	S	mic_sign '=' inferred
29729180	BJD-179-951-s001.xlsx	Sheet 1	1419-54		SAMEA104602131				ERS2213413		clindamycin	=	0.25	S	mic_sign '=' inferred
29729180	BJD-179-951-s001.xlsx	Sheet 1	1419-54		SAMEA104602131				ERS2213413		tetracycline	<=	1	S	
29729180	BJD-179-951-s001.xlsx	Sheet 1	1419-54		SAMEA104602131				ERS2213413		fusidic acid	<=	0.5	S	
29729180	BJD-179-951-s001.xlsx	Sheet 1	1419-54		SAMEA104602131				ERS2213413		mupirocin	<=	2	S	
29729180	BJD-179-951-s001.xlsx	Sheet 1	1419-54		SAMEA104602131				ERS2213413		trimethoprim	=	1	S	mic_sign '=' inferred
29729180	BJD-179-951-s001.xlsx	Sheet 1	1419-54		SAMEA104602131				ERS2213413		linezolid	=	2	S	mic_sign '=' inferred
29729180	BJD-179-951-s001.xlsx	Sheet 1	1419-54		SAMEA104602131				ERS2213413		daptomycin	=	0.25	S	mic_sign '=' inferred
29729180	BJD-179-951-s001.xlsx	Sheet 1	1419-54		SAMEA104602131				ERS2213413		teicoplanin	<=	0.5	S	
29729180	BJD-179-951-s001.xlsx	Sheet 1	1419-54		SAMEA104602131				ERS2213413		vancomycin	=	1	S	mic_sign '=' inferred
29729180	BJD-179-951-s001.xlsx	Sheet 1	1419-54		SAMEA104602131				ERS2213413		chloramphenicol	=	8	S	mic_sign '=' inferred
29729180	BJD-179-951-s001.xlsx	Sheet 1	1419-54		SAMEA104602131				ERS2213413		rifampin	<=	0.03	S	
29729180	BJD-179-951-s001.xlsx	Sheet 1	1450-55		SAMEA104602132				ERS2213414		penicillin	>=	0.5	R	
29729180	BJD-179-951-s001.xlsx	Sheet 1	1450-55		SAMEA104602132				ERS2213414		oxacillin	<=	0.25	S	
29729180	BJD-179-951-s001.xlsx	Sheet 1	1450-55		SAMEA104602132				ERS2213414		gentamicin	<=	0.5	S	
29729180	BJD-179-951-s001.xlsx	Sheet 1	1450-55		SAMEA104602132				ERS2213414		ciprofloxacin	<=	0.5	S	
29729180	BJD-179-951-s001.xlsx	Sheet 1	1450-55		SAMEA104602132				ERS2213414		erythromycin	=	0.5	S	mic_sign '=' inferred
29729180	BJD-179-951-s001.xlsx	Sheet 1	1450-55		SAMEA104602132				ERS2213414		clindamycin	=	0.25	S	mic_sign '=' inferred
29729180	BJD-179-951-s001.xlsx	Sheet 1	1450-55		SAMEA104602132				ERS2213414		tetracycline	<=	1	S	
29729180	BJD-179-951-s001.xlsx	Sheet 1	1450-55		SAMEA104602132				ERS2213414		fusidic acid	=	8	R	mic_sign '=' inferred
29729180	BJD-179-951-s001.xlsx	Sheet 1	1450-55		SAMEA104602132				ERS2213414		mupirocin	<=	2	S	
29729180	BJD-179-951-s001.xlsx	Sheet 1	1450-55		SAMEA104602132				ERS2213414		trimethoprim	=	1	S	mic_sign '=' inferred
29729180	BJD-179-951-s001.xlsx	Sheet 1	1450-55		SAMEA104602132				ERS2213414		linezolid	=	2	S	mic_sign '=' inferred
29729180	BJD-179-951-s001.xlsx	Sheet 1	1450-55		SAMEA104602132				ERS2213414		daptomycin	=	0.5	S	mic_sign '=' inferred
29729180	BJD-179-951-s001.xlsx	Sheet 1	1450-55		SAMEA104602132				ERS2213414		teicoplanin	<=	0.5	S	
29729180	BJD-179-951-s001.xlsx	Sheet 1	1450-55		SAMEA104602132				ERS2213414		vancomycin	<=	0.5	S	
29729180	BJD-179-951-s001.xlsx	Sheet 1	1450-55		SAMEA104602132				ERS2213414		chloramphenicol	=	8	S	mic_sign '=' inferred
29729180	BJD-179-951-s001.xlsx	Sheet 1	1450-55		SAMEA104602132				ERS2213414		rifampin	<=	0.03	S	
29729180	BJD-179-951-s001.xlsx	Sheet 1	1475-56		SAMEA104602133				ERS2213415		penicillin	>=	0.5	R	
29729180	BJD-179-951-s001.xlsx	Sheet 1	1475-56		SAMEA104602133				ERS2213415		oxacillin	<=	0.25	S	
29729180	BJD-179-951-s001.xlsx	Sheet 1	1475-56		SAMEA104602133				ERS2213415		gentamicin	<=	0.5	S	
29729180	BJD-179-951-s001.xlsx	Sheet 1	1475-56		SAMEA104602133				ERS2213415		ciprofloxacin	<=	0.5	S	
29729180	BJD-179-951-s001.xlsx	Sheet 1	1475-56		SAMEA104602133				ERS2213415		erythromycin	=	0.5	S	mic_sign '=' inferred
29729180	BJD-179-951-s001.xlsx	Sheet 1	1475-56		SAMEA104602133				ERS2213415		clindamycin	=	0.25	S	mic_sign '=' inferred
29729180	BJD-179-951-s001.xlsx	Sheet 1	1475-56		SAMEA104602133				ERS2213415		tetracycline	<=	1	S	
29729180	BJD-179-951-s001.xlsx	Sheet 1	1475-56		SAMEA104602133				ERS2213415		fusidic acid	<=	0.5	S	
29729180	BJD-179-951-s001.xlsx	Sheet 1	1475-56		SAMEA104602133				ERS2213415		mupirocin	<=	2	S	
29729180	BJD-179-951-s001.xlsx	Sheet 1	1475-56		SAMEA104602133				ERS2213415		trimethoprim	=	1	S	mic_sign '=' inferred
29729180	BJD-179-951-s001.xlsx	Sheet 1	1475-56		SAMEA104602133				ERS2213415		linezolid	=	2	S	mic_sign '=' inferred
29729180	BJD-179-951-s001.xlsx	Sheet 1	1475-56		SAMEA104602133				ERS2213415		daptomycin	=	0.25	S	mic_sign '=' inferred
29729180	BJD-179-951-s001.xlsx	Sheet 1	1475-56		SAMEA104602133				ERS2213415		teicoplanin	<=	0.5	S	
29729180	BJD-179-951-s001.xlsx	Sheet 1	1475-56		SAMEA104602133				ERS2213415		vancomycin	=	1	S	mic_sign '=' inferred
29729180	BJD-179-951-s001.xlsx	Sheet 1	1475-56		SAMEA104602133				ERS2213415		chloramphenicol	=	8	S	mic_sign '=' inferred
29729180	BJD-179-951-s001.xlsx	Sheet 1	1475-56		SAMEA104602133				ERS2213415		rifampin	<=	0.03	S	
29729180	BJD-179-951-s001.xlsx	Sheet 1	1480-58		SAMEA104602134				ERS2213416		penicillin	>=	0.5	R	
29729180	BJD-179-951-s001.xlsx	Sheet 1	1480-58		SAMEA104602134				ERS2213416		oxacillin	<=	0.25	S	
29729180	BJD-179-951-s001.xlsx	Sheet 1	1480-58		SAMEA104602134				ERS2213416		gentamicin	<=	0.5	S	
29729180	BJD-179-951-s001.xlsx	Sheet 1	1480-58		SAMEA104602134				ERS2213416		ciprofloxacin	<=	0.5	S	
29729180	BJD-179-951-s001.xlsx	Sheet 1	1480-58		SAMEA104602134				ERS2213416		erythromycin	=	0.5	S	mic_sign '=' inferred
29729180	BJD-179-951-s001.xlsx	Sheet 1	1480-58		SAMEA104602134				ERS2213416		clindamycin	=	0.25	S	mic_sign '=' inferred
29729180	BJD-179-951-s001.xlsx	Sheet 1	1480-58		SAMEA104602134				ERS2213416		tetracycline	<=	1	S	
29729180	BJD-179-951-s001.xlsx	Sheet 1	1480-58		SAMEA104602134				ERS2213416		fusidic acid	<=	0.5	S	
29729180	BJD-179-951-s001.xlsx	Sheet 1	1480-58		SAMEA104602134				ERS2213416		mupirocin	<=	2	S	
29729180	BJD-179-951-s001.xlsx	Sheet 1	1480-58		SAMEA104602134				ERS2213416		trimethoprim	<	0.5	S	
29729180	BJD-179-951-s001.xlsx	Sheet 1	1480-58		SAMEA104602134				ERS2213416		linezolid	=	2	S	mic_sign '=' inferred
29729180	BJD-179-951-s001.xlsx	Sheet 1	1480-58		SAMEA104602134				ERS2213416		daptomycin	=	1	S	mic_sign '=' inferred
29729180	BJD-179-951-s001.xlsx	Sheet 1	1480-58		SAMEA104602134				ERS2213416		teicoplanin	<=	0.5	S	
29729180	BJD-179-951-s001.xlsx	Sheet 1	1480-58		SAMEA104602134				ERS2213416		vancomycin	=	1	S	mic_sign '=' inferred
29729180	BJD-179-951-s001.xlsx	Sheet 1	1480-58		SAMEA104602134				ERS2213416		chloramphenicol	=	8	S	mic_sign '=' inferred
29729180	BJD-179-951-s001.xlsx	Sheet 1	1480-58		SAMEA104602134				ERS2213416		rifampin	<=	0.03	S	
29729180	BJD-179-951-s001.xlsx	Sheet 1	1483-59		SAMEA104602135				ERS2213417		penicillin	>=	0.5	R	
29729180	BJD-179-951-s001.xlsx	Sheet 1	1483-59		SAMEA104602135				ERS2213417		oxacillin	=	2	S	mic_sign '=' inferred
29729180	BJD-179-951-s001.xlsx	Sheet 1	1483-59		SAMEA104602135				ERS2213417		gentamicin	<=	0.5	S	
29729180	BJD-179-951-s001.xlsx	Sheet 1	1483-59		SAMEA104602135				ERS2213417		ciprofloxacin	<=	0.5	S	
29729180	BJD-179-951-s001.xlsx	Sheet 1	1483-59		SAMEA104602135				ERS2213417		erythromycin	=	1	S	mic_sign '=' inferred
29729180	BJD-179-951-s001.xlsx	Sheet 1	1483-59		SAMEA104602135				ERS2213417		clindamycin	=	0.25	S	mic_sign '=' inferred
29729180	BJD-179-951-s001.xlsx	Sheet 1	1483-59		SAMEA104602135				ERS2213417		tetracycline	<=	1	S	
29729180	BJD-179-951-s001.xlsx	Sheet 1	1483-59		SAMEA104602135				ERS2213417		fusidic acid	<=	0.5	S	
29729180	BJD-179-951-s001.xlsx	Sheet 1	1483-59		SAMEA104602135				ERS2213417		mupirocin	<=	2	S	
29729180	BJD-179-951-s001.xlsx	Sheet 1	1483-59		SAMEA104602135				ERS2213417		trimethoprim	<	0.5	S	
29729180	BJD-179-951-s001.xlsx	Sheet 1	1483-59		SAMEA104602135				ERS2213417		linezolid	=	2	S	mic_sign '=' inferred
29729180	BJD-179-951-s001.xlsx	Sheet 1	1483-59		SAMEA104602135				ERS2213417		daptomycin	=	1	S	mic_sign '=' inferred
29729180	BJD-179-951-s001.xlsx	Sheet 1	1483-59		SAMEA104602135				ERS2213417		teicoplanin	<=	0.5	S	
29729180	BJD-179-951-s001.xlsx	Sheet 1	1483-59		SAMEA104602135				ERS2213417		vancomycin	=	1	S	mic_sign '=' inferred
29729180	BJD-179-951-s001.xlsx	Sheet 1	1483-59		SAMEA104602135				ERS2213417		chloramphenicol	=	8	S	mic_sign '=' inferred
29729180	BJD-179-951-s001.xlsx	Sheet 1	1483-59		SAMEA104602135				ERS2213417		rifampin	<=	0.03	S	
29729180	BJD-179-951-s001.xlsx	Sheet 1	1493-60		SAMEA104602136				ERS2213418		penicillin	>=	0.5	R	
29729180	BJD-179-951-s001.xlsx	Sheet 1	1493-60		SAMEA104602136				ERS2213418		oxacillin	<=	0.25	S	
29729180	BJD-179-951-s001.xlsx	Sheet 1	1493-60		SAMEA104602136				ERS2213418		gentamicin	<=	0.5	S	
29729180	BJD-179-951-s001.xlsx	Sheet 1	1493-60		SAMEA104602136				ERS2213418		ciprofloxacin	<=	0.5	S	
29729180	BJD-179-951-s001.xlsx	Sheet 1	1493-60		SAMEA104602136				ERS2213418		erythromycin	=	0.5	S	mic_sign '=' inferred
29729180	BJD-179-951-s001.xlsx	Sheet 1	1493-60		SAMEA104602136				ERS2213418		clindamycin	=	0.25	S	mic_sign '=' inferred
29729180	BJD-179-951-s001.xlsx	Sheet 1	1493-60		SAMEA104602136				ERS2213418		tetracycline	<=	1	S	
29729180	BJD-179-951-s001.xlsx	Sheet 1	1493-60		SAMEA104602136				ERS2213418		fusidic acid	<=	0.5	S	
29729180	BJD-179-951-s001.xlsx	Sheet 1	1493-60		SAMEA104602136				ERS2213418		mupirocin	<=	2	S	
29729180	BJD-179-951-s001.xlsx	Sheet 1	1493-60		SAMEA104602136				ERS2213418		trimethoprim	<	0.5	S	
29729180	BJD-179-951-s001.xlsx	Sheet 1	1493-60		SAMEA104602136				ERS2213418		linezolid	=	2	S	mic_sign '=' inferred
29729180	BJD-179-951-s001.xlsx	Sheet 1	1493-60		SAMEA104602136				ERS2213418		daptomycin	=	0.5	S	mic_sign '=' inferred
29729180	BJD-179-951-s001.xlsx	Sheet 1	1493-60		SAMEA104602136				ERS2213418		teicoplanin	<=	0.5	S	
29729180	BJD-179-951-s001.xlsx	Sheet 1	1493-60		SAMEA104602136				ERS2213418		vancomycin	=	1	S	mic_sign '=' inferred
29729180	BJD-179-951-s001.xlsx	Sheet 1	1493-60		SAMEA104602136				ERS2213418		chloramphenicol	=	8	S	mic_sign '=' inferred
29729180	BJD-179-951-s001.xlsx	Sheet 1	1493-60		SAMEA104602136				ERS2213418		rifampin	<=	0.03	S	
29729180	BJD-179-951-s001.xlsx	Sheet 1	1541-61		SAMEA104602137				ERS2213419		penicillin	>=	0.5	R	
29729180	BJD-179-951-s001.xlsx	Sheet 1	1541-61		SAMEA104602137				ERS2213419		oxacillin	>=	4	R	
29729180	BJD-179-951-s001.xlsx	Sheet 1	1541-61		SAMEA104602137				ERS2213419		gentamicin	<=	0.5	S	
29729180	BJD-179-951-s001.xlsx	Sheet 1	1541-61		SAMEA104602137				ERS2213419		ciprofloxacin	<=	0.5	S	
29729180	BJD-179-951-s001.xlsx	Sheet 1	1541-61		SAMEA104602137				ERS2213419		erythromycin	=	1	S	mic_sign '=' inferred
29729180	BJD-179-951-s001.xlsx	Sheet 1	1541-61		SAMEA104602137				ERS2213419		clindamycin	=	0.25	S	mic_sign '=' inferred
29729180	BJD-179-951-s001.xlsx	Sheet 1	1541-61		SAMEA104602137				ERS2213419		tetracycline	<=	1	S	
29729180	BJD-179-951-s001.xlsx	Sheet 1	1541-61		SAMEA104602137				ERS2213419		fusidic acid	=	16	R	mic_sign '=' inferred
29729180	BJD-179-951-s001.xlsx	Sheet 1	1541-61		SAMEA104602137				ERS2213419		mupirocin	<=	2	S	
29729180	BJD-179-951-s001.xlsx	Sheet 1	1541-61		SAMEA104602137				ERS2213419		trimethoprim	=	1	S	mic_sign '=' inferred
29729180	BJD-179-951-s001.xlsx	Sheet 1	1541-61		SAMEA104602137				ERS2213419		linezolid	=	4	S	mic_sign '=' inferred
29729180	BJD-179-951-s001.xlsx	Sheet 1	1541-61		SAMEA104602137				ERS2213419		daptomycin	=	0.25	S	mic_sign '=' inferred
29729180	BJD-179-951-s001.xlsx	Sheet 1	1541-61		SAMEA104602137				ERS2213419		teicoplanin	<=	0.5	S	
29729180	BJD-179-951-s001.xlsx	Sheet 1	1541-61		SAMEA104602137				ERS2213419		vancomycin	=	1	S	mic_sign '=' inferred
29729180	BJD-179-951-s001.xlsx	Sheet 1	1541-61		SAMEA104602137				ERS2213419		chloramphenicol	=	8	S	mic_sign '=' inferred
29729180	BJD-179-951-s001.xlsx	Sheet 1	1541-61		SAMEA104602137				ERS2213419		rifampin	<=	0.03	S	
