pmid	file_name	sheet_name	isolate_id	bioproject_accession	biosample_accession	assembly_accession	genbank_accessions	refseq_accessions	sra_accession	other_accessions	drug	mic_sign	mic	sir_call	notes
34589061	Table_4.XLSX	Лист1	CNS144	PRJNA384130	SAMN06829248				SRX2765618		Oxacillin	=	128		mic_sign '=' inferred
34589061	Table_4.XLSX	Лист1	CNS144	PRJNA384130	SAMN06829248				SRX2765618		Cefoxitin	=	256		mic_sign '=' inferred
34589061	Table_4.XLSX	Лист1	CNS144	PRJNA384130	SAMN06829248				SRX2765618		Linezolid	=	32		mic_sign '=' inferred
34589061	Table_4.XLSX	Лист1	CNS144	PRJNA384130	SAMN06829248				SRX2765618		Tedizolid	=	2		mic_sign '=' inferred
34589061	Table_4.XLSX	Лист1	CNS144	PRJNA384130	SAMN06829248				SRX2765618		Vancomycin	=	4		mic_sign '=' inferred
34589061	Table_4.XLSX	Лист1	CNS144	PRJNA384130	SAMN06829248				SRX2765618		Oritavancin	<	0.03		
34589061	Table_4.XLSX	Лист1	CNS144	PRJNA384130	SAMN06829248				SRX2765618		Dalbavancin	=	0.03		mic_sign '=' inferred
34589061	Table_4.XLSX	Лист1	CNS144	PRJNA384130	SAMN06829248				SRX2765618		Telavancin	=	0.125		mic_sign '=' inferred
34589061	Table_4.XLSX	Лист1	CNS144	PRJNA384130	SAMN06829248				SRX2765618		Teicoplanin	=	2.0		mic_sign '=' inferred
34589061	Table_4.XLSX	Лист1	CNS144	PRJNA384130	SAMN06829248				SRX2765618		Daptomycin	=	0.125		mic_sign '=' inferred
34589061	Table_4.XLSX	Лист1	CNS144	PRJNA384130	SAMN06829248				SRX2765618		Tigecycline	=	0.125		mic_sign '=' inferred
34589061	Table_4.XLSX	Лист1	CNS144	PRJNA384130	SAMN06829248				SRX2765618		Tetracycline	=	0.5		mic_sign '=' inferred
34589061	Table_4.XLSX	Лист1	CNS144	PRJNA384130	SAMN06829248				SRX2765618		Ceftaroline	=	0.5		mic_sign '=' inferred
34589061	Table_4.XLSX	Лист1	CNS144	PRJNA384130	SAMN06829248				SRX2765618		Rifampicin	>	4		
34589061	Table_4.XLSX	Лист1	CNS144	PRJNA384130	SAMN06829248				SRX2765618		Ciprofloxacin	=	8		mic_sign '=' inferred
34589061	Table_4.XLSX	Лист1	CNS144	PRJNA384130	SAMN06829248				SRX2765618		Moxifloxacin	=	2.0		mic_sign '=' inferred
34589061	Table_4.XLSX	Лист1	CNS144	PRJNA384130	SAMN06829248				SRX2765618		Gentamicin	>	128		
34589061	Table_4.XLSX	Лист1	CNS144	PRJNA384130	SAMN06829248				SRX2765618		Mupirocin	>	32		
34589061	Table_4.XLSX	Лист1	CNS144	PRJNA384130	SAMN06829248				SRX2765618		Fusidic acid	=	0.25		mic_sign '=' inferred
34589061	Table_4.XLSX	Лист1	CNS144	PRJNA384130	SAMN06829248				SRX2765618		Trimethoprim-sulfamethoxazole	=	4.0		mic_sign '=' inferred
34589061	Table_4.XLSX	Лист1	CNS144	PRJNA384130	SAMN06829248				SRX2765618		Erythromycin	>	128		
34589061	Table_4.XLSX	Лист1	CNS144	PRJNA384130	SAMN06829248				SRX2765618		Clindamycin	=	1		mic_sign '=' inferred
34589061	Table_4.XLSX	Лист1	CNS171	PRJNA384130	SAMN06829249				SRX2765617		Oxacillin	=	512		mic_sign '=' inferred
34589061	Table_4.XLSX	Лист1	CNS171	PRJNA384130	SAMN06829249				SRX2765617		Cefoxitin	=	256		mic_sign '=' inferred
34589061	Table_4.XLSX	Лист1	CNS171	PRJNA384130	SAMN06829249				SRX2765617		Linezolid	>	32		
34589061	Table_4.XLSX	Лист1	CNS171	PRJNA384130	SAMN06829249				SRX2765617		Tedizolid	=	4		mic_sign '=' inferred
34589061	Table_4.XLSX	Лист1	CNS171	PRJNA384130	SAMN06829249				SRX2765617		Vancomycin	=	2		mic_sign '=' inferred
34589061	Table_4.XLSX	Лист1	CNS171	PRJNA384130	SAMN06829249				SRX2765617		Oritavancin	<	0.03		
34589061	Table_4.XLSX	Лист1	CNS171	PRJNA384130	SAMN06829249				SRX2765617		Dalbavancin	=	0.06		mic_sign '=' inferred
34589061	Table_4.XLSX	Лист1	CNS171	PRJNA384130	SAMN06829249				SRX2765617		Telavancin	=	0.125		mic_sign '=' inferred
34589061	Table_4.XLSX	Лист1	CNS171	PRJNA384130	SAMN06829249				SRX2765617		Teicoplanin	=	4.0		mic_sign '=' inferred
34589061	Table_4.XLSX	Лист1	CNS171	PRJNA384130	SAMN06829249				SRX2765617		Daptomycin	=	0.25		mic_sign '=' inferred
34589061	Table_4.XLSX	Лист1	CNS171	PRJNA384130	SAMN06829249				SRX2765617		Tigecycline	=	0.25		mic_sign '=' inferred
34589061	Table_4.XLSX	Лист1	CNS171	PRJNA384130	SAMN06829249				SRX2765617		Tetracycline	=	32		mic_sign '=' inferred
34589061	Table_4.XLSX	Лист1	CNS171	PRJNA384130	SAMN06829249				SRX2765617		Ceftaroline	=	1.0		mic_sign '=' inferred
34589061	Table_4.XLSX	Лист1	CNS171	PRJNA384130	SAMN06829249				SRX2765617		Rifampicin	=	1		mic_sign '=' inferred
34589061	Table_4.XLSX	Лист1	CNS171	PRJNA384130	SAMN06829249				SRX2765617		Ciprofloxacin	=	4		mic_sign '=' inferred
34589061	Table_4.XLSX	Лист1	CNS171	PRJNA384130	SAMN06829249				SRX2765617		Moxifloxacin	=	1.0		mic_sign '=' inferred
34589061	Table_4.XLSX	Лист1	CNS171	PRJNA384130	SAMN06829249				SRX2765617		Gentamicin	=	8		mic_sign '=' inferred
34589061	Table_4.XLSX	Лист1	CNS171	PRJNA384130	SAMN06829249				SRX2765617		Mupirocin	=	2		mic_sign '=' inferred
34589061	Table_4.XLSX	Лист1	CNS171	PRJNA384130	SAMN06829249				SRX2765617		Fusidic acid	=	0.06		mic_sign '=' inferred
34589061	Table_4.XLSX	Лист1	CNS171	PRJNA384130	SAMN06829249				SRX2765617		Trimethoprim-sulfamethoxazole	=	0.5		mic_sign '=' inferred
34589061	Table_4.XLSX	Лист1	CNS171	PRJNA384130	SAMN06829249				SRX2765617		Erythromycin	=	16		mic_sign '=' inferred
34589061	Table_4.XLSX	Лист1	CNS171	PRJNA384130	SAMN06829249				SRX2765617		Clindamycin	=	0.5		mic_sign '=' inferred
34589061	Table_4.XLSX	Лист1	CNS172	PRJNA384130	SAMN06829250				SRX2765616		Oxacillin	=	128		mic_sign '=' inferred
34589061	Table_4.XLSX	Лист1	CNS172	PRJNA384130	SAMN06829250				SRX2765616		Cefoxitin	=	64		mic_sign '=' inferred
34589061	Table_4.XLSX	Лист1	CNS172	PRJNA384130	SAMN06829250				SRX2765616		Linezolid	>	32		
34589061	Table_4.XLSX	Лист1	CNS172	PRJNA384130	SAMN06829250				SRX2765616		Tedizolid	>	32		
34589061	Table_4.XLSX	Лист1	CNS172	PRJNA384130	SAMN06829250				SRX2765616		Vancomycin	=	2		mic_sign '=' inferred
34589061	Table_4.XLSX	Лист1	CNS172	PRJNA384130	SAMN06829250				SRX2765616		Oritavancin	<	0.03		
34589061	Table_4.XLSX	Лист1	CNS172	PRJNA384130	SAMN06829250				SRX2765616		Dalbavancin	=	0.03		mic_sign '=' inferred
34589061	Table_4.XLSX	Лист1	CNS172	PRJNA384130	SAMN06829250				SRX2765616		Telavancin	=	0.125		mic_sign '=' inferred
34589061	Table_4.XLSX	Лист1	CNS172	PRJNA384130	SAMN06829250				SRX2765616		Teicoplanin	=	2.0		mic_sign '=' inferred
34589061	Table_4.XLSX	Лист1	CNS172	PRJNA384130	SAMN06829250				SRX2765616		Daptomycin	=	0.125		mic_sign '=' inferred
34589061	Table_4.XLSX	Лист1	CNS172	PRJNA384130	SAMN06829250				SRX2765616		Tigecycline	=	0.125		mic_sign '=' inferred
34589061	Table_4.XLSX	Лист1	CNS172	PRJNA384130	SAMN06829250				SRX2765616		Tetracycline	=	1		mic_sign '=' inferred
34589061	Table_4.XLSX	Лист1	CNS172	PRJNA384130	SAMN06829250				SRX2765616		Ceftaroline	=	0.25		mic_sign '=' inferred
34589061	Table_4.XLSX	Лист1	CNS172	PRJNA384130	SAMN06829250				SRX2765616		Rifampicin	=	0.5		mic_sign '=' inferred
34589061	Table_4.XLSX	Лист1	CNS172	PRJNA384130	SAMN06829250				SRX2765616		Ciprofloxacin	=	32		mic_sign '=' inferred
34589061	Table_4.XLSX	Лист1	CNS172	PRJNA384130	SAMN06829250				SRX2765616		Moxifloxacin	=	32.0		mic_sign '=' inferred
34589061	Table_4.XLSX	Лист1	CNS172	PRJNA384130	SAMN06829250				SRX2765616		Gentamicin	=	128		mic_sign '=' inferred
34589061	Table_4.XLSX	Лист1	CNS172	PRJNA384130	SAMN06829250				SRX2765616		Mupirocin	>	32		
34589061	Table_4.XLSX	Лист1	CNS172	PRJNA384130	SAMN06829250				SRX2765616		Fusidic acid	=	8.0		mic_sign '=' inferred
34589061	Table_4.XLSX	Лист1	CNS172	PRJNA384130	SAMN06829250				SRX2765616		Trimethoprim-sulfamethoxazole	=	2.0		mic_sign '=' inferred
34589061	Table_4.XLSX	Лист1	CNS172	PRJNA384130	SAMN06829250				SRX2765616		Erythromycin	<	0.125		
34589061	Table_4.XLSX	Лист1	CNS172	PRJNA384130	SAMN06829250				SRX2765616		Clindamycin	=	64		mic_sign '=' inferred
34589061	Table_4.XLSX	Лист1	CNS173	PRJNA384130	SAMN06829251				SRX2765615		Oxacillin	=	512		mic_sign '=' inferred
34589061	Table_4.XLSX	Лист1	CNS173	PRJNA384130	SAMN06829251				SRX2765615		Cefoxitin	=	256		mic_sign '=' inferred
34589061	Table_4.XLSX	Лист1	CNS173	PRJNA384130	SAMN06829251				SRX2765615		Linezolid	=	32		mic_sign '=' inferred
34589061	Table_4.XLSX	Лист1	CNS173	PRJNA384130	SAMN06829251				SRX2765615		Tedizolid	=	8		mic_sign '=' inferred
34589061	Table_4.XLSX	Лист1	CNS173	PRJNA384130	SAMN06829251				SRX2765615		Vancomycin	=	2		mic_sign '=' inferred
34589061	Table_4.XLSX	Лист1	CNS173	PRJNA384130	SAMN06829251				SRX2765615		Oritavancin	<	0.03		
34589061	Table_4.XLSX	Лист1	CNS173	PRJNA384130	SAMN06829251				SRX2765615		Dalbavancin	=	0.06		mic_sign '=' inferred
34589061	Table_4.XLSX	Лист1	CNS173	PRJNA384130	SAMN06829251				SRX2765615		Telavancin	=	0.125		mic_sign '=' inferred
34589061	Table_4.XLSX	Лист1	CNS173	PRJNA384130	SAMN06829251				SRX2765615		Teicoplanin	=	4.0		mic_sign '=' inferred
34589061	Table_4.XLSX	Лист1	CNS173	PRJNA384130	SAMN06829251				SRX2765615		Daptomycin	=	0.125		mic_sign '=' inferred
34589061	Table_4.XLSX	Лист1	CNS173	PRJNA384130	SAMN06829251				SRX2765615		Tigecycline	=	0.25		mic_sign '=' inferred
34589061	Table_4.XLSX	Лист1	CNS173	PRJNA384130	SAMN06829251				SRX2765615		Tetracycline	=	32		mic_sign '=' inferred
34589061	Table_4.XLSX	Лист1	CNS173	PRJNA384130	SAMN06829251				SRX2765615		Ceftaroline	=	1.0		mic_sign '=' inferred
34589061	Table_4.XLSX	Лист1	CNS173	PRJNA384130	SAMN06829251				SRX2765615		Rifampicin	=	0.5		mic_sign '=' inferred
34589061	Table_4.XLSX	Лист1	CNS173	PRJNA384130	SAMN06829251				SRX2765615		Ciprofloxacin	=	4		mic_sign '=' inferred
34589061	Table_4.XLSX	Лист1	CNS173	PRJNA384130	SAMN06829251				SRX2765615		Moxifloxacin	=	1.0		mic_sign '=' inferred
34589061	Table_4.XLSX	Лист1	CNS173	PRJNA384130	SAMN06829251				SRX2765615		Gentamicin	=	32		mic_sign '=' inferred
34589061	Table_4.XLSX	Лист1	CNS173	PRJNA384130	SAMN06829251				SRX2765615		Mupirocin	=	2		mic_sign '=' inferred
34589061	Table_4.XLSX	Лист1	CNS173	PRJNA384130	SAMN06829251				SRX2765615		Fusidic acid	=	0.06		mic_sign '=' inferred
34589061	Table_4.XLSX	Лист1	CNS173	PRJNA384130	SAMN06829251				SRX2765615		Trimethoprim-sulfamethoxazole	=	0.25		mic_sign '=' inferred
34589061	Table_4.XLSX	Лист1	CNS173	PRJNA384130	SAMN06829251				SRX2765615		Erythromycin	=	8		mic_sign '=' inferred
34589061	Table_4.XLSX	Лист1	CNS173	PRJNA384130	SAMN06829251				SRX2765615		Clindamycin	=	0.125		mic_sign '=' inferred
34589061	Table_4.XLSX	Лист1	CNS175	PRJNA384130	SAMN06829252				SRX2765614		Oxacillin	=	512		mic_sign '=' inferred
34589061	Table_4.XLSX	Лист1	CNS175	PRJNA384130	SAMN06829252				SRX2765614		Cefoxitin	=	256		mic_sign '=' inferred
34589061	Table_4.XLSX	Лист1	CNS175	PRJNA384130	SAMN06829252				SRX2765614		Linezolid	=	32		mic_sign '=' inferred
34589061	Table_4.XLSX	Лист1	CNS175	PRJNA384130	SAMN06829252				SRX2765614		Tedizolid	=	4		mic_sign '=' inferred
34589061	Table_4.XLSX	Лист1	CNS175	PRJNA384130	SAMN06829252				SRX2765614		Vancomycin	=	2		mic_sign '=' inferred
34589061	Table_4.XLSX	Лист1	CNS175	PRJNA384130	SAMN06829252				SRX2765614		Oritavancin	<	0.03		
34589061	Table_4.XLSX	Лист1	CNS175	PRJNA384130	SAMN06829252				SRX2765614		Dalbavancin	=	0.125		mic_sign '=' inferred
34589061	Table_4.XLSX	Лист1	CNS175	PRJNA384130	SAMN06829252				SRX2765614		Telavancin	=	0.125		mic_sign '=' inferred
34589061	Table_4.XLSX	Лист1	CNS175	PRJNA384130	SAMN06829252				SRX2765614		Teicoplanin	=	4.0		mic_sign '=' inferred
34589061	Table_4.XLSX	Лист1	CNS175	PRJNA384130	SAMN06829252				SRX2765614		Daptomycin	=	0.25		mic_sign '=' inferred
34589061	Table_4.XLSX	Лист1	CNS175	PRJNA384130	SAMN06829252				SRX2765614		Tigecycline	=	0.25		mic_sign '=' inferred
34589061	Table_4.XLSX	Лист1	CNS175	PRJNA384130	SAMN06829252				SRX2765614		Tetracycline	=	32		mic_sign '=' inferred
34589061	Table_4.XLSX	Лист1	CNS175	PRJNA384130	SAMN06829252				SRX2765614		Ceftaroline	=	1.0		mic_sign '=' inferred
34589061	Table_4.XLSX	Лист1	CNS175	PRJNA384130	SAMN06829252				SRX2765614		Rifampicin	=	0.5		mic_sign '=' inferred
34589061	Table_4.XLSX	Лист1	CNS175	PRJNA384130	SAMN06829252				SRX2765614		Ciprofloxacin	=	4		mic_sign '=' inferred
34589061	Table_4.XLSX	Лист1	CNS175	PRJNA384130	SAMN06829252				SRX2765614		Moxifloxacin	=	1.0		mic_sign '=' inferred
34589061	Table_4.XLSX	Лист1	CNS175	PRJNA384130	SAMN06829252				SRX2765614		Gentamicin	=	16		mic_sign '=' inferred
34589061	Table_4.XLSX	Лист1	CNS175	PRJNA384130	SAMN06829252				SRX2765614		Mupirocin	=	2		mic_sign '=' inferred
34589061	Table_4.XLSX	Лист1	CNS175	PRJNA384130	SAMN06829252				SRX2765614		Fusidic acid	=	0.06		mic_sign '=' inferred
34589061	Table_4.XLSX	Лист1	CNS175	PRJNA384130	SAMN06829252				SRX2765614		Trimethoprim-sulfamethoxazole	=	0.25		mic_sign '=' inferred
34589061	Table_4.XLSX	Лист1	CNS175	PRJNA384130	SAMN06829252				SRX2765614		Erythromycin	=	16		mic_sign '=' inferred
34589061	Table_4.XLSX	Лист1	CNS175	PRJNA384130	SAMN06829252				SRX2765614		Clindamycin	=	0.5		mic_sign '=' inferred
34589061	Table_4.XLSX	Лист1	CNS178	PRJNA384130	SAMN06829253				SRX2765613		Oxacillin	=	64		mic_sign '=' inferred
34589061	Table_4.XLSX	Лист1	CNS178	PRJNA384130	SAMN06829253				SRX2765613		Cefoxitin	=	32		mic_sign '=' inferred
34589061	Table_4.XLSX	Лист1	CNS178	PRJNA384130	SAMN06829253				SRX2765613		Linezolid	>	32		
34589061	Table_4.XLSX	Лист1	CNS178	PRJNA384130	SAMN06829253				SRX2765613		Tedizolid	=	16		mic_sign '=' inferred
34589061	Table_4.XLSX	Лист1	CNS178	PRJNA384130	SAMN06829253				SRX2765613		Vancomycin	=	1		mic_sign '=' inferred
34589061	Table_4.XLSX	Лист1	CNS178	PRJNA384130	SAMN06829253				SRX2765613		Oritavancin	<	0.03		
34589061	Table_4.XLSX	Лист1	CNS178	PRJNA384130	SAMN06829253				SRX2765613		Dalbavancin	<	0.03		
34589061	Table_4.XLSX	Лист1	CNS178	PRJNA384130	SAMN06829253				SRX2765613		Telavancin	=	0.06		mic_sign '=' inferred
34589061	Table_4.XLSX	Лист1	CNS178	PRJNA384130	SAMN06829253				SRX2765613		Teicoplanin	=	0.125		mic_sign '=' inferred
34589061	Table_4.XLSX	Лист1	CNS178	PRJNA384130	SAMN06829253				SRX2765613		Daptomycin	=	0.125		mic_sign '=' inferred
34589061	Table_4.XLSX	Лист1	CNS178	PRJNA384130	SAMN06829253				SRX2765613		Tigecycline	=	0.25		mic_sign '=' inferred
34589061	Table_4.XLSX	Лист1	CNS178	PRJNA384130	SAMN06829253				SRX2765613		Tetracycline	=	2		mic_sign '=' inferred
34589061	Table_4.XLSX	Лист1	CNS178	PRJNA384130	SAMN06829253				SRX2765613		Ceftaroline	=	0.125		mic_sign '=' inferred
34589061	Table_4.XLSX	Лист1	CNS178	PRJNA384130	SAMN06829253				SRX2765613		Rifampicin	=	0.5		mic_sign '=' inferred
34589061	Table_4.XLSX	Лист1	CNS178	PRJNA384130	SAMN06829253				SRX2765613		Ciprofloxacin	=	128		mic_sign '=' inferred
34589061	Table_4.XLSX	Лист1	CNS178	PRJNA384130	SAMN06829253				SRX2765613		Moxifloxacin	=	64.0		mic_sign '=' inferred
34589061	Table_4.XLSX	Лист1	CNS178	PRJNA384130	SAMN06829253				SRX2765613		Gentamicin	=	128		mic_sign '=' inferred
34589061	Table_4.XLSX	Лист1	CNS178	PRJNA384130	SAMN06829253				SRX2765613		Mupirocin	>	32		
34589061	Table_4.XLSX	Лист1	CNS178	PRJNA384130	SAMN06829253				SRX2765613		Fusidic acid	=	4.0		mic_sign '=' inferred
34589061	Table_4.XLSX	Лист1	CNS178	PRJNA384130	SAMN06829253				SRX2765613		Trimethoprim-sulfamethoxazole	=	4.0		mic_sign '=' inferred
34589061	Table_4.XLSX	Лист1	CNS178	PRJNA384130	SAMN06829253				SRX2765613		Erythromycin	<	0.125		
34589061	Table_4.XLSX	Лист1	CNS178	PRJNA384130	SAMN06829253				SRX2765613		Clindamycin	>	64		
34589061	Table_4.XLSX	Лист1	CNS179	PRJNA384130	SAMN06829254				SRX2765612		Oxacillin	=	512		mic_sign '=' inferred
34589061	Table_4.XLSX	Лист1	CNS179	PRJNA384130	SAMN06829254				SRX2765612		Cefoxitin	=	256		mic_sign '=' inferred
34589061	Table_4.XLSX	Лист1	CNS179	PRJNA384130	SAMN06829254				SRX2765612		Linezolid	=	32		mic_sign '=' inferred
34589061	Table_4.XLSX	Лист1	CNS179	PRJNA384130	SAMN06829254				SRX2765612		Tedizolid	=	8		mic_sign '=' inferred
34589061	Table_4.XLSX	Лист1	CNS179	PRJNA384130	SAMN06829254				SRX2765612		Vancomycin	=	2		mic_sign '=' inferred
34589061	Table_4.XLSX	Лист1	CNS179	PRJNA384130	SAMN06829254				SRX2765612		Oritavancin	<	0.03		
34589061	Table_4.XLSX	Лист1	CNS179	PRJNA384130	SAMN06829254				SRX2765612		Dalbavancin	=	0.06		mic_sign '=' inferred
34589061	Table_4.XLSX	Лист1	CNS179	PRJNA384130	SAMN06829254				SRX2765612		Telavancin	=	0.125		mic_sign '=' inferred
34589061	Table_4.XLSX	Лист1	CNS179	PRJNA384130	SAMN06829254				SRX2765612		Teicoplanin	=	4.0		mic_sign '=' inferred
34589061	Table_4.XLSX	Лист1	CNS179	PRJNA384130	SAMN06829254				SRX2765612		Daptomycin	=	0.125		mic_sign '=' inferred
34589061	Table_4.XLSX	Лист1	CNS179	PRJNA384130	SAMN06829254				SRX2765612		Tigecycline	=	0.5		mic_sign '=' inferred
34589061	Table_4.XLSX	Лист1	CNS179	PRJNA384130	SAMN06829254				SRX2765612		Tetracycline	=	32		mic_sign '=' inferred
34589061	Table_4.XLSX	Лист1	CNS179	PRJNA384130	SAMN06829254				SRX2765612		Ceftaroline	=	1.0		mic_sign '=' inferred
34589061	Table_4.XLSX	Лист1	CNS179	PRJNA384130	SAMN06829254				SRX2765612		Rifampicin	=	1		mic_sign '=' inferred
34589061	Table_4.XLSX	Лист1	CNS179	PRJNA384130	SAMN06829254				SRX2765612		Ciprofloxacin	=	8		mic_sign '=' inferred
34589061	Table_4.XLSX	Лист1	CNS179	PRJNA384130	SAMN06829254				SRX2765612		Moxifloxacin	=	1.0		mic_sign '=' inferred
34589061	Table_4.XLSX	Лист1	CNS179	PRJNA384130	SAMN06829254				SRX2765612		Gentamicin	=	32		mic_sign '=' inferred
34589061	Table_4.XLSX	Лист1	CNS179	PRJNA384130	SAMN06829254				SRX2765612		Mupirocin	=	4		mic_sign '=' inferred
34589061	Table_4.XLSX	Лист1	CNS179	PRJNA384130	SAMN06829254				SRX2765612		Fusidic acid	=	0.125		mic_sign '=' inferred
34589061	Table_4.XLSX	Лист1	CNS179	PRJNA384130	SAMN06829254				SRX2765612		Trimethoprim-sulfamethoxazole	=	0.5		mic_sign '=' inferred
34589061	Table_4.XLSX	Лист1	CNS179	PRJNA384130	SAMN06829254				SRX2765612		Erythromycin	=	16		mic_sign '=' inferred
34589061	Table_4.XLSX	Лист1	CNS179	PRJNA384130	SAMN06829254				SRX2765612		Clindamycin	=	0.5		mic_sign '=' inferred
34589061	Table_4.XLSX	Лист1	CNS180	PRJNA384130	SAMN06829255				SRX2765611		Oxacillin	=	4		mic_sign '=' inferred
34589061	Table_4.XLSX	Лист1	CNS180	PRJNA384130	SAMN06829255				SRX2765611		Cefoxitin	=	32		mic_sign '=' inferred
34589061	Table_4.XLSX	Лист1	CNS180	PRJNA384130	SAMN06829255				SRX2765611		Linezolid	>	32		
34589061	Table_4.XLSX	Лист1	CNS180	PRJNA384130	SAMN06829255				SRX2765611		Tedizolid	=	16		mic_sign '=' inferred
34589061	Table_4.XLSX	Лист1	CNS180	PRJNA384130	SAMN06829255				SRX2765611		Vancomycin	=	2		mic_sign '=' inferred
34589061	Table_4.XLSX	Лист1	CNS180	PRJNA384130	SAMN06829255				SRX2765611		Oritavancin	<	0.03		
34589061	Table_4.XLSX	Лист1	CNS180	PRJNA384130	SAMN06829255				SRX2765611		Dalbavancin	<	0.03		
34589061	Table_4.XLSX	Лист1	CNS180	PRJNA384130	SAMN06829255				SRX2765611		Telavancin	=	0.06		mic_sign '=' inferred
34589061	Table_4.XLSX	Лист1	CNS180	PRJNA384130	SAMN06829255				SRX2765611		Teicoplanin	=	1.0		mic_sign '=' inferred
34589061	Table_4.XLSX	Лист1	CNS180	PRJNA384130	SAMN06829255				SRX2765611		Daptomycin	=	0.25		mic_sign '=' inferred
34589061	Table_4.XLSX	Лист1	CNS180	PRJNA384130	SAMN06829255				SRX2765611		Tigecycline	=	0.25		mic_sign '=' inferred
34589061	Table_4.XLSX	Лист1	CNS180	PRJNA384130	SAMN06829255				SRX2765611		Tetracycline	=	4		mic_sign '=' inferred
34589061	Table_4.XLSX	Лист1	CNS180	PRJNA384130	SAMN06829255				SRX2765611		Ceftaroline	=	0.125		mic_sign '=' inferred
34589061	Table_4.XLSX	Лист1	CNS180	PRJNA384130	SAMN06829255				SRX2765611		Rifampicin	=	0.5		mic_sign '=' inferred
34589061	Table_4.XLSX	Лист1	CNS180	PRJNA384130	SAMN06829255				SRX2765611		Ciprofloxacin	>	256		
34589061	Table_4.XLSX	Лист1	CNS180	PRJNA384130	SAMN06829255				SRX2765611		Moxifloxacin	=	64.0		mic_sign '=' inferred
34589061	Table_4.XLSX	Лист1	CNS180	PRJNA384130	SAMN06829255				SRX2765611		Gentamicin	=	128		mic_sign '=' inferred
34589061	Table_4.XLSX	Лист1	CNS180	PRJNA384130	SAMN06829255				SRX2765611		Mupirocin	>	32		
34589061	Table_4.XLSX	Лист1	CNS180	PRJNA384130	SAMN06829255				SRX2765611		Fusidic acid	=	8.0		mic_sign '=' inferred
34589061	Table_4.XLSX	Лист1	CNS180	PRJNA384130	SAMN06829255				SRX2765611		Trimethoprim-sulfamethoxazole	=	8.0		mic_sign '=' inferred
34589061	Table_4.XLSX	Лист1	CNS180	PRJNA384130	SAMN06829255				SRX2765611		Erythromycin	<	0.125		
34589061	Table_4.XLSX	Лист1	CNS180	PRJNA384130	SAMN06829255				SRX2765611		Clindamycin	>	64		
34589061	Table_4.XLSX	Лист1	CNS181	PRJNA384130	SAMN06829256				SRX2765610		Oxacillin	=	512		mic_sign '=' inferred
34589061	Table_4.XLSX	Лист1	CNS181	PRJNA384130	SAMN06829256				SRX2765610		Cefoxitin	=	256		mic_sign '=' inferred
34589061	Table_4.XLSX	Лист1	CNS181	PRJNA384130	SAMN06829256				SRX2765610		Linezolid	>	32		
34589061	Table_4.XLSX	Лист1	CNS181	PRJNA384130	SAMN06829256				SRX2765610		Tedizolid	=	4		mic_sign '=' inferred
34589061	Table_4.XLSX	Лист1	CNS181	PRJNA384130	SAMN06829256				SRX2765610		Vancomycin	=	2		mic_sign '=' inferred
34589061	Table_4.XLSX	Лист1	CNS181	PRJNA384130	SAMN06829256				SRX2765610		Oritavancin	<	0.03		
34589061	Table_4.XLSX	Лист1	CNS181	PRJNA384130	SAMN06829256				SRX2765610		Dalbavancin	=	0.125		mic_sign '=' inferred
34589061	Table_4.XLSX	Лист1	CNS181	PRJNA384130	SAMN06829256				SRX2765610		Telavancin	=	0.125		mic_sign '=' inferred
34589061	Table_4.XLSX	Лист1	CNS181	PRJNA384130	SAMN06829256				SRX2765610		Teicoplanin	=	4.0		mic_sign '=' inferred
34589061	Table_4.XLSX	Лист1	CNS181	PRJNA384130	SAMN06829256				SRX2765610		Daptomycin	=	0.125		mic_sign '=' inferred
34589061	Table_4.XLSX	Лист1	CNS181	PRJNA384130	SAMN06829256				SRX2765610		Tigecycline	=	0.5		mic_sign '=' inferred
34589061	Table_4.XLSX	Лист1	CNS181	PRJNA384130	SAMN06829256				SRX2765610		Tetracycline	=	64		mic_sign '=' inferred
34589061	Table_4.XLSX	Лист1	CNS181	PRJNA384130	SAMN06829256				SRX2765610		Ceftaroline	=	1.0		mic_sign '=' inferred
34589061	Table_4.XLSX	Лист1	CNS181	PRJNA384130	SAMN06829256				SRX2765610		Rifampicin	=	1		mic_sign '=' inferred
34589061	Table_4.XLSX	Лист1	CNS181	PRJNA384130	SAMN06829256				SRX2765610		Ciprofloxacin	=	8		mic_sign '=' inferred
34589061	Table_4.XLSX	Лист1	CNS181	PRJNA384130	SAMN06829256				SRX2765610		Moxifloxacin	=	1.0		mic_sign '=' inferred
34589061	Table_4.XLSX	Лист1	CNS181	PRJNA384130	SAMN06829256				SRX2765610		Gentamicin	=	32		mic_sign '=' inferred
34589061	Table_4.XLSX	Лист1	CNS181	PRJNA384130	SAMN06829256				SRX2765610		Mupirocin	=	2		mic_sign '=' inferred
34589061	Table_4.XLSX	Лист1	CNS181	PRJNA384130	SAMN06829256				SRX2765610		Fusidic acid	=	0.06		mic_sign '=' inferred
34589061	Table_4.XLSX	Лист1	CNS181	PRJNA384130	SAMN06829256				SRX2765610		Trimethoprim-sulfamethoxazole	=	0.5		mic_sign '=' inferred
34589061	Table_4.XLSX	Лист1	CNS181	PRJNA384130	SAMN06829256				SRX2765610		Erythromycin	=	64		mic_sign '=' inferred
34589061	Table_4.XLSX	Лист1	CNS181	PRJNA384130	SAMN06829256				SRX2765610		Clindamycin	=	1		mic_sign '=' inferred
34589061	Table_4.XLSX	Лист1	CNS182	PRJNA384130	SAMN06829257				SRX2765609		Oxacillin	=	512		mic_sign '=' inferred
34589061	Table_4.XLSX	Лист1	CNS182	PRJNA384130	SAMN06829257				SRX2765609		Cefoxitin	=	256		mic_sign '=' inferred
34589061	Table_4.XLSX	Лист1	CNS182	PRJNA384130	SAMN06829257				SRX2765609		Linezolid	>	32		
34589061	Table_4.XLSX	Лист1	CNS182	PRJNA384130	SAMN06829257				SRX2765609		Tedizolid	=	4		mic_sign '=' inferred
34589061	Table_4.XLSX	Лист1	CNS182	PRJNA384130	SAMN06829257				SRX2765609		Vancomycin	=	2		mic_sign '=' inferred
34589061	Table_4.XLSX	Лист1	CNS182	PRJNA384130	SAMN06829257				SRX2765609		Oritavancin	<	0.03		
34589061	Table_4.XLSX	Лист1	CNS182	PRJNA384130	SAMN06829257				SRX2765609		Dalbavancin	=	0.125		mic_sign '=' inferred
34589061	Table_4.XLSX	Лист1	CNS182	PRJNA384130	SAMN06829257				SRX2765609		Telavancin	=	0.125		mic_sign '=' inferred
34589061	Table_4.XLSX	Лист1	CNS182	PRJNA384130	SAMN06829257				SRX2765609		Teicoplanin	=	4.0		mic_sign '=' inferred
34589061	Table_4.XLSX	Лист1	CNS182	PRJNA384130	SAMN06829257				SRX2765609		Daptomycin	=	0.125		mic_sign '=' inferred
34589061	Table_4.XLSX	Лист1	CNS182	PRJNA384130	SAMN06829257				SRX2765609		Tigecycline	=	0.5		mic_sign '=' inferred
34589061	Table_4.XLSX	Лист1	CNS182	PRJNA384130	SAMN06829257				SRX2765609		Tetracycline	=	64		mic_sign '=' inferred
34589061	Table_4.XLSX	Лист1	CNS182	PRJNA384130	SAMN06829257				SRX2765609		Ceftaroline	=	1.0		mic_sign '=' inferred
34589061	Table_4.XLSX	Лист1	CNS182	PRJNA384130	SAMN06829257				SRX2765609		Rifampicin	=	1		mic_sign '=' inferred
34589061	Table_4.XLSX	Лист1	CNS182	PRJNA384130	SAMN06829257				SRX2765609		Ciprofloxacin	=	8		mic_sign '=' inferred
34589061	Table_4.XLSX	Лист1	CNS182	PRJNA384130	SAMN06829257				SRX2765609		Moxifloxacin	=	1.0		mic_sign '=' inferred
34589061	Table_4.XLSX	Лист1	CNS182	PRJNA384130	SAMN06829257				SRX2765609		Gentamicin	=	8		mic_sign '=' inferred
34589061	Table_4.XLSX	Лист1	CNS182	PRJNA384130	SAMN06829257				SRX2765609		Mupirocin	=	2		mic_sign '=' inferred
34589061	Table_4.XLSX	Лист1	CNS182	PRJNA384130	SAMN06829257				SRX2765609		Fusidic acid	=	0.06		mic_sign '=' inferred
34589061	Table_4.XLSX	Лист1	CNS182	PRJNA384130	SAMN06829257				SRX2765609		Trimethoprim-sulfamethoxazole	=	0.5		mic_sign '=' inferred
34589061	Table_4.XLSX	Лист1	CNS182	PRJNA384130	SAMN06829257				SRX2765609		Erythromycin	=	32		mic_sign '=' inferred
34589061	Table_4.XLSX	Лист1	CNS182	PRJNA384130	SAMN06829257				SRX2765609		Clindamycin	=	1		mic_sign '=' inferred
34589061	Table_4.XLSX	Лист1	CNS183	PRJNA384130	SAMN06829258				SRX2765608		Oxacillin	=	128		mic_sign '=' inferred
34589061	Table_4.XLSX	Лист1	CNS183	PRJNA384130	SAMN06829258				SRX2765608		Cefoxitin	=	64		mic_sign '=' inferred
34589061	Table_4.XLSX	Лист1	CNS183	PRJNA384130	SAMN06829258				SRX2765608		Linezolid	=	32		mic_sign '=' inferred
34589061	Table_4.XLSX	Лист1	CNS183	PRJNA384130	SAMN06829258				SRX2765608		Tedizolid	=	32		mic_sign '=' inferred
34589061	Table_4.XLSX	Лист1	CNS183	PRJNA384130	SAMN06829258				SRX2765608		Vancomycin	=	2		mic_sign '=' inferred
34589061	Table_4.XLSX	Лист1	CNS183	PRJNA384130	SAMN06829258				SRX2765608		Oritavancin	<	0.03		
34589061	Table_4.XLSX	Лист1	CNS183	PRJNA384130	SAMN06829258				SRX2765608		Dalbavancin	<	0.03		
34589061	Table_4.XLSX	Лист1	CNS183	PRJNA384130	SAMN06829258				SRX2765608		Telavancin	=	0.125		mic_sign '=' inferred
34589061	Table_4.XLSX	Лист1	CNS183	PRJNA384130	SAMN06829258				SRX2765608		Teicoplanin	=	1.0		mic_sign '=' inferred
34589061	Table_4.XLSX	Лист1	CNS183	PRJNA384130	SAMN06829258				SRX2765608		Daptomycin	=	0.125		mic_sign '=' inferred
34589061	Table_4.XLSX	Лист1	CNS183	PRJNA384130	SAMN06829258				SRX2765608		Tigecycline	=	0.25		mic_sign '=' inferred
34589061	Table_4.XLSX	Лист1	CNS183	PRJNA384130	SAMN06829258				SRX2765608		Tetracycline	=	2		mic_sign '=' inferred
34589061	Table_4.XLSX	Лист1	CNS183	PRJNA384130	SAMN06829258				SRX2765608		Ceftaroline	=	0.25		mic_sign '=' inferred
34589061	Table_4.XLSX	Лист1	CNS183	PRJNA384130	SAMN06829258				SRX2765608		Rifampicin	=	0.5		mic_sign '=' inferred
34589061	Table_4.XLSX	Лист1	CNS183	PRJNA384130	SAMN06829258				SRX2765608		Ciprofloxacin	=	128		mic_sign '=' inferred
34589061	Table_4.XLSX	Лист1	CNS183	PRJNA384130	SAMN06829258				SRX2765608		Moxifloxacin	=	64.0		mic_sign '=' inferred
34589061	Table_4.XLSX	Лист1	CNS183	PRJNA384130	SAMN06829258				SRX2765608		Gentamicin	>	128		
34589061	Table_4.XLSX	Лист1	CNS183	PRJNA384130	SAMN06829258				SRX2765608		Mupirocin	=	16		mic_sign '=' inferred
34589061	Table_4.XLSX	Лист1	CNS183	PRJNA384130	SAMN06829258				SRX2765608		Fusidic acid	=	8.0		mic_sign '=' inferred
34589061	Table_4.XLSX	Лист1	CNS183	PRJNA384130	SAMN06829258				SRX2765608		Trimethoprim-sulfamethoxazole	=	2.0		mic_sign '=' inferred
34589061	Table_4.XLSX	Лист1	CNS183	PRJNA384130	SAMN06829258				SRX2765608		Erythromycin	<	0.125		
34589061	Table_4.XLSX	Лист1	CNS183	PRJNA384130	SAMN06829258				SRX2765608		Clindamycin	=	64		mic_sign '=' inferred
34589061	Table_4.XLSX	Лист1	CNS184	PRJNA384130	SAMN06829259				SRX2765607		Oxacillin	=	16		mic_sign '=' inferred
34589061	Table_4.XLSX	Лист1	CNS184	PRJNA384130	SAMN06829259				SRX2765607		Cefoxitin	=	32		mic_sign '=' inferred
34589061	Table_4.XLSX	Лист1	CNS184	PRJNA384130	SAMN06829259				SRX2765607		Linezolid	>	32		
34589061	Table_4.XLSX	Лист1	CNS184	PRJNA384130	SAMN06829259				SRX2765607		Tedizolid	=	32		mic_sign '=' inferred
34589061	Table_4.XLSX	Лист1	CNS184	PRJNA384130	SAMN06829259				SRX2765607		Vancomycin	=	2		mic_sign '=' inferred
34589061	Table_4.XLSX	Лист1	CNS184	PRJNA384130	SAMN06829259				SRX2765607		Oritavancin	<	0.03		
34589061	Table_4.XLSX	Лист1	CNS184	PRJNA384130	SAMN06829259				SRX2765607		Dalbavancin	<	0.03		
34589061	Table_4.XLSX	Лист1	CNS184	PRJNA384130	SAMN06829259				SRX2765607		Telavancin	<	0.03		
34589061	Table_4.XLSX	Лист1	CNS184	PRJNA384130	SAMN06829259				SRX2765607		Teicoplanin	=	2.0		mic_sign '=' inferred
34589061	Table_4.XLSX	Лист1	CNS184	PRJNA384130	SAMN06829259				SRX2765607		Daptomycin	=	0.125		mic_sign '=' inferred
34589061	Table_4.XLSX	Лист1	CNS184	PRJNA384130	SAMN06829259				SRX2765607		Tigecycline	=	0.25		mic_sign '=' inferred
34589061	Table_4.XLSX	Лист1	CNS184	PRJNA384130	SAMN06829259				SRX2765607		Tetracycline	=	4		mic_sign '=' inferred
34589061	Table_4.XLSX	Лист1	CNS184	PRJNA384130	SAMN06829259				SRX2765607		Ceftaroline	=	0.25		mic_sign '=' inferred
34589061	Table_4.XLSX	Лист1	CNS184	PRJNA384130	SAMN06829259				SRX2765607		Rifampicin	=	0.5		mic_sign '=' inferred
34589061	Table_4.XLSX	Лист1	CNS184	PRJNA384130	SAMN06829259				SRX2765607		Ciprofloxacin	=	64		mic_sign '=' inferred
34589061	Table_4.XLSX	Лист1	CNS184	PRJNA384130	SAMN06829259				SRX2765607		Moxifloxacin	=	64.0		mic_sign '=' inferred
34589061	Table_4.XLSX	Лист1	CNS184	PRJNA384130	SAMN06829259				SRX2765607		Gentamicin	>	128		
34589061	Table_4.XLSX	Лист1	CNS184	PRJNA384130	SAMN06829259				SRX2765607		Mupirocin	=	16		mic_sign '=' inferred
34589061	Table_4.XLSX	Лист1	CNS184	PRJNA384130	SAMN06829259				SRX2765607		Fusidic acid	=	8.0		mic_sign '=' inferred
34589061	Table_4.XLSX	Лист1	CNS184	PRJNA384130	SAMN06829259				SRX2765607		Trimethoprim-sulfamethoxazole	=	4.0		mic_sign '=' inferred
34589061	Table_4.XLSX	Лист1	CNS184	PRJNA384130	SAMN06829259				SRX2765607		Erythromycin	<	0.125		
34589061	Table_4.XLSX	Лист1	CNS184	PRJNA384130	SAMN06829259				SRX2765607		Clindamycin	=	64		mic_sign '=' inferred
34589061	Table_4.XLSX	Лист1	CNS185	PRJNA384130	SAMN06829260				SRX2765606		Oxacillin	=	16		mic_sign '=' inferred
34589061	Table_4.XLSX	Лист1	CNS185	PRJNA384130	SAMN06829260				SRX2765606		Cefoxitin	=	16		mic_sign '=' inferred
34589061	Table_4.XLSX	Лист1	CNS185	PRJNA384130	SAMN06829260				SRX2765606		Linezolid	>	32		
34589061	Table_4.XLSX	Лист1	CNS185	PRJNA384130	SAMN06829260				SRX2765606		Tedizolid	=	32		mic_sign '=' inferred
34589061	Table_4.XLSX	Лист1	CNS185	PRJNA384130	SAMN06829260				SRX2765606		Vancomycin	=	2		mic_sign '=' inferred
34589061	Table_4.XLSX	Лист1	CNS185	PRJNA384130	SAMN06829260				SRX2765606		Oritavancin	<	0.03		
34589061	Table_4.XLSX	Лист1	CNS185	PRJNA384130	SAMN06829260				SRX2765606		Dalbavancin	<	0.03		
34589061	Table_4.XLSX	Лист1	CNS185	PRJNA384130	SAMN06829260				SRX2765606		Telavancin	<	0.03		
34589061	Table_4.XLSX	Лист1	CNS185	PRJNA384130	SAMN06829260				SRX2765606		Teicoplanin	=	1.0		mic_sign '=' inferred
34589061	Table_4.XLSX	Лист1	CNS185	PRJNA384130	SAMN06829260				SRX2765606		Daptomycin	=	0.125		mic_sign '=' inferred
34589061	Table_4.XLSX	Лист1	CNS185	PRJNA384130	SAMN06829260				SRX2765606		Tigecycline	=	0.125		mic_sign '=' inferred
34589061	Table_4.XLSX	Лист1	CNS185	PRJNA384130	SAMN06829260				SRX2765606		Tetracycline	=	2		mic_sign '=' inferred
34589061	Table_4.XLSX	Лист1	CNS185	PRJNA384130	SAMN06829260				SRX2765606		Ceftaroline	=	0.25		mic_sign '=' inferred
34589061	Table_4.XLSX	Лист1	CNS185	PRJNA384130	SAMN06829260				SRX2765606		Rifampicin	=	0.5		mic_sign '=' inferred
34589061	Table_4.XLSX	Лист1	CNS185	PRJNA384130	SAMN06829260				SRX2765606		Ciprofloxacin	=	128		mic_sign '=' inferred
34589061	Table_4.XLSX	Лист1	CNS185	PRJNA384130	SAMN06829260				SRX2765606		Moxifloxacin	=	64.0		mic_sign '=' inferred
34589061	Table_4.XLSX	Лист1	CNS185	PRJNA384130	SAMN06829260				SRX2765606		Gentamicin	>	128		
34589061	Table_4.XLSX	Лист1	CNS185	PRJNA384130	SAMN06829260				SRX2765606		Mupirocin	=	16		mic_sign '=' inferred
34589061	Table_4.XLSX	Лист1	CNS185	PRJNA384130	SAMN06829260				SRX2765606		Fusidic acid	=	8.0		mic_sign '=' inferred
34589061	Table_4.XLSX	Лист1	CNS185	PRJNA384130	SAMN06829260				SRX2765606		Trimethoprim-sulfamethoxazole	=	4.0		mic_sign '=' inferred
34589061	Table_4.XLSX	Лист1	CNS185	PRJNA384130	SAMN06829260				SRX2765606		Erythromycin	<	0.125		
34589061	Table_4.XLSX	Лист1	CNS185	PRJNA384130	SAMN06829260				SRX2765606		Clindamycin	=	64		mic_sign '=' inferred
34589061	Table_4.XLSX	Лист1	CNS186	PRJNA384130	SAMN06829261				SRX2765605		Oxacillin	>	512		
34589061	Table_4.XLSX	Лист1	CNS186	PRJNA384130	SAMN06829261				SRX2765605		Cefoxitin	=	256		mic_sign '=' inferred
34589061	Table_4.XLSX	Лист1	CNS186	PRJNA384130	SAMN06829261				SRX2765605		Linezolid	=	32		mic_sign '=' inferred
34589061	Table_4.XLSX	Лист1	CNS186	PRJNA384130	SAMN06829261				SRX2765605		Tedizolid	=	8		mic_sign '=' inferred
34589061	Table_4.XLSX	Лист1	CNS186	PRJNA384130	SAMN06829261				SRX2765605		Vancomycin	=	2		mic_sign '=' inferred
34589061	Table_4.XLSX	Лист1	CNS186	PRJNA384130	SAMN06829261				SRX2765605		Oritavancin	<	0.03		
34589061	Table_4.XLSX	Лист1	CNS186	PRJNA384130	SAMN06829261				SRX2765605		Dalbavancin	=	0.125		mic_sign '=' inferred
34589061	Table_4.XLSX	Лист1	CNS186	PRJNA384130	SAMN06829261				SRX2765605		Telavancin	=	0.06		mic_sign '=' inferred
34589061	Table_4.XLSX	Лист1	CNS186	PRJNA384130	SAMN06829261				SRX2765605		Teicoplanin	=	2.0		mic_sign '=' inferred
34589061	Table_4.XLSX	Лист1	CNS186	PRJNA384130	SAMN06829261				SRX2765605		Daptomycin	=	0.25		mic_sign '=' inferred
34589061	Table_4.XLSX	Лист1	CNS186	PRJNA384130	SAMN06829261				SRX2765605		Tigecycline	=	0.25		mic_sign '=' inferred
34589061	Table_4.XLSX	Лист1	CNS186	PRJNA384130	SAMN06829261				SRX2765605		Tetracycline	=	64		mic_sign '=' inferred
34589061	Table_4.XLSX	Лист1	CNS186	PRJNA384130	SAMN06829261				SRX2765605		Ceftaroline	=	1.0		mic_sign '=' inferred
34589061	Table_4.XLSX	Лист1	CNS186	PRJNA384130	SAMN06829261				SRX2765605		Rifampicin	=	0.5		mic_sign '=' inferred
34589061	Table_4.XLSX	Лист1	CNS186	PRJNA384130	SAMN06829261				SRX2765605		Ciprofloxacin	=	8		mic_sign '=' inferred
34589061	Table_4.XLSX	Лист1	CNS186	PRJNA384130	SAMN06829261				SRX2765605		Moxifloxacin	=	1.0		mic_sign '=' inferred
34589061	Table_4.XLSX	Лист1	CNS186	PRJNA384130	SAMN06829261				SRX2765605		Gentamicin	=	64		mic_sign '=' inferred
34589061	Table_4.XLSX	Лист1	CNS186	PRJNA384130	SAMN06829261				SRX2765605		Mupirocin	=	4		mic_sign '=' inferred
34589061	Table_4.XLSX	Лист1	CNS186	PRJNA384130	SAMN06829261				SRX2765605		Fusidic acid	=	0.125		mic_sign '=' inferred
34589061	Table_4.XLSX	Лист1	CNS186	PRJNA384130	SAMN06829261				SRX2765605		Trimethoprim-sulfamethoxazole	=	0.5		mic_sign '=' inferred
34589061	Table_4.XLSX	Лист1	CNS186	PRJNA384130	SAMN06829261				SRX2765605		Erythromycin	=	16		mic_sign '=' inferred
34589061	Table_4.XLSX	Лист1	CNS186	PRJNA384130	SAMN06829261				SRX2765605		Clindamycin	=	1		mic_sign '=' inferred
34589061	Table_4.XLSX	Лист1	CNS187	PRJNA384130	SAMN06829262				SRX2765604		Oxacillin	=	32		mic_sign '=' inferred
34589061	Table_4.XLSX	Лист1	CNS187	PRJNA384130	SAMN06829262				SRX2765604		Cefoxitin	=	32		mic_sign '=' inferred
34589061	Table_4.XLSX	Лист1	CNS187	PRJNA384130	SAMN06829262				SRX2765604		Linezolid	>	32		
34589061	Table_4.XLSX	Лист1	CNS187	PRJNA384130	SAMN06829262				SRX2765604		Tedizolid	=	32		mic_sign '=' inferred
34589061	Table_4.XLSX	Лист1	CNS187	PRJNA384130	SAMN06829262				SRX2765604		Vancomycin	=	1		mic_sign '=' inferred
34589061	Table_4.XLSX	Лист1	CNS187	PRJNA384130	SAMN06829262				SRX2765604		Oritavancin	<	0.03		
34589061	Table_4.XLSX	Лист1	CNS187	PRJNA384130	SAMN06829262				SRX2765604		Dalbavancin	<	0.03		
34589061	Table_4.XLSX	Лист1	CNS187	PRJNA384130	SAMN06829262				SRX2765604		Telavancin	<	0.03		
34589061	Table_4.XLSX	Лист1	CNS187	PRJNA384130	SAMN06829262				SRX2765604		Teicoplanin	=	4.0		mic_sign '=' inferred
34589061	Table_4.XLSX	Лист1	CNS187	PRJNA384130	SAMN06829262				SRX2765604		Daptomycin	=	0.25		mic_sign '=' inferred
34589061	Table_4.XLSX	Лист1	CNS187	PRJNA384130	SAMN06829262				SRX2765604		Tigecycline	=	0.06		mic_sign '=' inferred
34589061	Table_4.XLSX	Лист1	CNS187	PRJNA384130	SAMN06829262				SRX2765604		Tetracycline	=	2		mic_sign '=' inferred
34589061	Table_4.XLSX	Лист1	CNS187	PRJNA384130	SAMN06829262				SRX2765604		Ceftaroline	=	0.25		mic_sign '=' inferred
34589061	Table_4.XLSX	Лист1	CNS187	PRJNA384130	SAMN06829262				SRX2765604		Rifampicin	=	0.25		mic_sign '=' inferred
34589061	Table_4.XLSX	Лист1	CNS187	PRJNA384130	SAMN06829262				SRX2765604		Ciprofloxacin	=	128		mic_sign '=' inferred
34589061	Table_4.XLSX	Лист1	CNS187	PRJNA384130	SAMN06829262				SRX2765604		Moxifloxacin	=	64.0		mic_sign '=' inferred
34589061	Table_4.XLSX	Лист1	CNS187	PRJNA384130	SAMN06829262				SRX2765604		Gentamicin	>	128		
34589061	Table_4.XLSX	Лист1	CNS187	PRJNA384130	SAMN06829262				SRX2765604		Mupirocin	=	32		mic_sign '=' inferred
34589061	Table_4.XLSX	Лист1	CNS187	PRJNA384130	SAMN06829262				SRX2765604		Fusidic acid	=	4.0		mic_sign '=' inferred
34589061	Table_4.XLSX	Лист1	CNS187	PRJNA384130	SAMN06829262				SRX2765604		Trimethoprim-sulfamethoxazole	=	4.0		mic_sign '=' inferred
34589061	Table_4.XLSX	Лист1	CNS187	PRJNA384130	SAMN06829262				SRX2765604		Erythromycin	<	0.125		
34589061	Table_4.XLSX	Лист1	CNS187	PRJNA384130	SAMN06829262				SRX2765604		Clindamycin	=	64		mic_sign '=' inferred
34589061	Table_4.XLSX	Лист1	CNS188	PRJNA384130	SAMN06829263				SRX2765603		Oxacillin	=	4		mic_sign '=' inferred
34589061	Table_4.XLSX	Лист1	CNS188	PRJNA384130	SAMN06829263				SRX2765603		Cefoxitin	=	16		mic_sign '=' inferred
34589061	Table_4.XLSX	Лист1	CNS188	PRJNA384130	SAMN06829263				SRX2765603		Linezolid	>	32		
34589061	Table_4.XLSX	Лист1	CNS188	PRJNA384130	SAMN06829263				SRX2765603		Tedizolid	=	32		mic_sign '=' inferred
34589061	Table_4.XLSX	Лист1	CNS188	PRJNA384130	SAMN06829263				SRX2765603		Vancomycin	=	2		mic_sign '=' inferred
34589061	Table_4.XLSX	Лист1	CNS188	PRJNA384130	SAMN06829263				SRX2765603		Oritavancin	<	0.03		
34589061	Table_4.XLSX	Лист1	CNS188	PRJNA384130	SAMN06829263				SRX2765603		Dalbavancin	<	0.03		
34589061	Table_4.XLSX	Лист1	CNS188	PRJNA384130	SAMN06829263				SRX2765603		Telavancin	<	0.03		
34589061	Table_4.XLSX	Лист1	CNS188	PRJNA384130	SAMN06829263				SRX2765603		Teicoplanin	=	1.0		mic_sign '=' inferred
34589061	Table_4.XLSX	Лист1	CNS188	PRJNA384130	SAMN06829263				SRX2765603		Daptomycin	=	0.25		mic_sign '=' inferred
34589061	Table_4.XLSX	Лист1	CNS188	PRJNA384130	SAMN06829263				SRX2765603		Tigecycline	=	0.016		mic_sign '=' inferred
34589061	Table_4.XLSX	Лист1	CNS188	PRJNA384130	SAMN06829263				SRX2765603		Tetracycline	=	2		mic_sign '=' inferred
34589061	Table_4.XLSX	Лист1	CNS188	PRJNA384130	SAMN06829263				SRX2765603		Ceftaroline	=	0.25		mic_sign '=' inferred
34589061	Table_4.XLSX	Лист1	CNS188	PRJNA384130	SAMN06829263				SRX2765603		Rifampicin	=	0.5		mic_sign '=' inferred
34589061	Table_4.XLSX	Лист1	CNS188	PRJNA384130	SAMN06829263				SRX2765603		Ciprofloxacin	=	128		mic_sign '=' inferred
34589061	Table_4.XLSX	Лист1	CNS188	PRJNA384130	SAMN06829263				SRX2765603		Moxifloxacin	=	64.0		mic_sign '=' inferred
34589061	Table_4.XLSX	Лист1	CNS188	PRJNA384130	SAMN06829263				SRX2765603		Gentamicin	>	128		
34589061	Table_4.XLSX	Лист1	CNS188	PRJNA384130	SAMN06829263				SRX2765603		Mupirocin	=	16		mic_sign '=' inferred
34589061	Table_4.XLSX	Лист1	CNS188	PRJNA384130	SAMN06829263				SRX2765603		Fusidic acid	=	8.0		mic_sign '=' inferred
34589061	Table_4.XLSX	Лист1	CNS188	PRJNA384130	SAMN06829263				SRX2765603		Trimethoprim-sulfamethoxazole	=	4.0		mic_sign '=' inferred
34589061	Table_4.XLSX	Лист1	CNS188	PRJNA384130	SAMN06829263				SRX2765603		Erythromycin	<	0.125		
34589061	Table_4.XLSX	Лист1	CNS188	PRJNA384130	SAMN06829263				SRX2765603		Clindamycin	=	64		mic_sign '=' inferred
34589061	Table_4.XLSX	Лист1	CNS189	PRJNA384130	SAMN06829264				SRX2765602		Oxacillin	=	8		mic_sign '=' inferred
34589061	Table_4.XLSX	Лист1	CNS189	PRJNA384130	SAMN06829264				SRX2765602		Cefoxitin	=	32		mic_sign '=' inferred
34589061	Table_4.XLSX	Лист1	CNS189	PRJNA384130	SAMN06829264				SRX2765602		Linezolid	>	32		
34589061	Table_4.XLSX	Лист1	CNS189	PRJNA384130	SAMN06829264				SRX2765602		Tedizolid	=	32		mic_sign '=' inferred
34589061	Table_4.XLSX	Лист1	CNS189	PRJNA384130	SAMN06829264				SRX2765602		Vancomycin	=	2		mic_sign '=' inferred
34589061	Table_4.XLSX	Лист1	CNS189	PRJNA384130	SAMN06829264				SRX2765602		Oritavancin	<	0.03		
34589061	Table_4.XLSX	Лист1	CNS189	PRJNA384130	SAMN06829264				SRX2765602		Dalbavancin	<	0.03		
34589061	Table_4.XLSX	Лист1	CNS189	PRJNA384130	SAMN06829264				SRX2765602		Telavancin	<	0.03		
34589061	Table_4.XLSX	Лист1	CNS189	PRJNA384130	SAMN06829264				SRX2765602		Teicoplanin	=	1.0		mic_sign '=' inferred
34589061	Table_4.XLSX	Лист1	CNS189	PRJNA384130	SAMN06829264				SRX2765602		Daptomycin	=	0.25		mic_sign '=' inferred
34589061	Table_4.XLSX	Лист1	CNS189	PRJNA384130	SAMN06829264				SRX2765602		Tigecycline	=	0.5		mic_sign '=' inferred
34589061	Table_4.XLSX	Лист1	CNS189	PRJNA384130	SAMN06829264				SRX2765602		Tetracycline	=	2		mic_sign '=' inferred
34589061	Table_4.XLSX	Лист1	CNS189	PRJNA384130	SAMN06829264				SRX2765602		Ceftaroline	=	0.25		mic_sign '=' inferred
34589061	Table_4.XLSX	Лист1	CNS189	PRJNA384130	SAMN06829264				SRX2765602		Rifampicin	=	0.5		mic_sign '=' inferred
34589061	Table_4.XLSX	Лист1	CNS189	PRJNA384130	SAMN06829264				SRX2765602		Ciprofloxacin	=	128		mic_sign '=' inferred
34589061	Table_4.XLSX	Лист1	CNS189	PRJNA384130	SAMN06829264				SRX2765602		Moxifloxacin	=	64.0		mic_sign '=' inferred
34589061	Table_4.XLSX	Лист1	CNS189	PRJNA384130	SAMN06829264				SRX2765602		Gentamicin	>	128		
34589061	Table_4.XLSX	Лист1	CNS189	PRJNA384130	SAMN06829264				SRX2765602		Mupirocin	=	32		mic_sign '=' inferred
34589061	Table_4.XLSX	Лист1	CNS189	PRJNA384130	SAMN06829264				SRX2765602		Fusidic acid	=	16.0		mic_sign '=' inferred
34589061	Table_4.XLSX	Лист1	CNS189	PRJNA384130	SAMN06829264				SRX2765602		Trimethoprim-sulfamethoxazole	=	8.0		mic_sign '=' inferred
34589061	Table_4.XLSX	Лист1	CNS189	PRJNA384130	SAMN06829264				SRX2765602		Erythromycin	<	0.125		
34589061	Table_4.XLSX	Лист1	CNS189	PRJNA384130	SAMN06829264				SRX2765602		Clindamycin	=	64		mic_sign '=' inferred
34589061	Table_4.XLSX	Лист1	CNS190	PRJNA384130	SAMN06829265				SRX2765601		Oxacillin	=	32		mic_sign '=' inferred
34589061	Table_4.XLSX	Лист1	CNS190	PRJNA384130	SAMN06829265				SRX2765601		Cefoxitin	=	32		mic_sign '=' inferred
34589061	Table_4.XLSX	Лист1	CNS190	PRJNA384130	SAMN06829265				SRX2765601		Linezolid	>	32		
34589061	Table_4.XLSX	Лист1	CNS190	PRJNA384130	SAMN06829265				SRX2765601		Tedizolid	=	32		mic_sign '=' inferred
34589061	Table_4.XLSX	Лист1	CNS190	PRJNA384130	SAMN06829265				SRX2765601		Vancomycin	=	2		mic_sign '=' inferred
34589061	Table_4.XLSX	Лист1	CNS190	PRJNA384130	SAMN06829265				SRX2765601		Oritavancin	<	0.03		
34589061	Table_4.XLSX	Лист1	CNS190	PRJNA384130	SAMN06829265				SRX2765601		Dalbavancin	<	0.03		
34589061	Table_4.XLSX	Лист1	CNS190	PRJNA384130	SAMN06829265				SRX2765601		Telavancin	=	0.125		mic_sign '=' inferred
34589061	Table_4.XLSX	Лист1	CNS190	PRJNA384130	SAMN06829265				SRX2765601		Teicoplanin	=	2.0		mic_sign '=' inferred
34589061	Table_4.XLSX	Лист1	CNS190	PRJNA384130	SAMN06829265				SRX2765601		Daptomycin	=	0.25		mic_sign '=' inferred
34589061	Table_4.XLSX	Лист1	CNS190	PRJNA384130	SAMN06829265				SRX2765601		Tigecycline	=	0.125		mic_sign '=' inferred
34589061	Table_4.XLSX	Лист1	CNS190	PRJNA384130	SAMN06829265				SRX2765601		Tetracycline	=	4		mic_sign '=' inferred
34589061	Table_4.XLSX	Лист1	CNS190	PRJNA384130	SAMN06829265				SRX2765601		Ceftaroline	=	2.0		mic_sign '=' inferred
34589061	Table_4.XLSX	Лист1	CNS190	PRJNA384130	SAMN06829265				SRX2765601		Rifampicin	=	0.5		mic_sign '=' inferred
34589061	Table_4.XLSX	Лист1	CNS190	PRJNA384130	SAMN06829265				SRX2765601		Ciprofloxacin	=	128		mic_sign '=' inferred
34589061	Table_4.XLSX	Лист1	CNS190	PRJNA384130	SAMN06829265				SRX2765601		Moxifloxacin	=	64.0		mic_sign '=' inferred
34589061	Table_4.XLSX	Лист1	CNS190	PRJNA384130	SAMN06829265				SRX2765601		Gentamicin	=	128		mic_sign '=' inferred
34589061	Table_4.XLSX	Лист1	CNS190	PRJNA384130	SAMN06829265				SRX2765601		Mupirocin	=	16		mic_sign '=' inferred
34589061	Table_4.XLSX	Лист1	CNS190	PRJNA384130	SAMN06829265				SRX2765601		Fusidic acid	=	8.0		mic_sign '=' inferred
34589061	Table_4.XLSX	Лист1	CNS190	PRJNA384130	SAMN06829265				SRX2765601		Trimethoprim-sulfamethoxazole	=	4.0		mic_sign '=' inferred
34589061	Table_4.XLSX	Лист1	CNS190	PRJNA384130	SAMN06829265				SRX2765601		Erythromycin	<	0.125		
34589061	Table_4.XLSX	Лист1	CNS190	PRJNA384130	SAMN06829265				SRX2765601		Clindamycin	=	64		mic_sign '=' inferred
34589061	Table_4.XLSX	Лист1	CNS191	PRJNA384130	SAMN06829266				SRX2765600		Oxacillin	=	8		mic_sign '=' inferred
34589061	Table_4.XLSX	Лист1	CNS191	PRJNA384130	SAMN06829266				SRX2765600		Cefoxitin	=	16		mic_sign '=' inferred
34589061	Table_4.XLSX	Лист1	CNS191	PRJNA384130	SAMN06829266				SRX2765600		Linezolid	>	32		
34589061	Table_4.XLSX	Лист1	CNS191	PRJNA384130	SAMN06829266				SRX2765600		Tedizolid	>	32		
34589061	Table_4.XLSX	Лист1	CNS191	PRJNA384130	SAMN06829266				SRX2765600		Vancomycin	=	2		mic_sign '=' inferred
34589061	Table_4.XLSX	Лист1	CNS191	PRJNA384130	SAMN06829266				SRX2765600		Oritavancin	<	0.03		
34589061	Table_4.XLSX	Лист1	CNS191	PRJNA384130	SAMN06829266				SRX2765600		Dalbavancin	<	0.03		
34589061	Table_4.XLSX	Лист1	CNS191	PRJNA384130	SAMN06829266				SRX2765600		Telavancin	<	0.03		
34589061	Table_4.XLSX	Лист1	CNS191	PRJNA384130	SAMN06829266				SRX2765600		Teicoplanin	=	2.0		mic_sign '=' inferred
34589061	Table_4.XLSX	Лист1	CNS191	PRJNA384130	SAMN06829266				SRX2765600		Daptomycin	=	0.25		mic_sign '=' inferred
34589061	Table_4.XLSX	Лист1	CNS191	PRJNA384130	SAMN06829266				SRX2765600		Tigecycline	=	0.125		mic_sign '=' inferred
34589061	Table_4.XLSX	Лист1	CNS191	PRJNA384130	SAMN06829266				SRX2765600		Tetracycline	=	2		mic_sign '=' inferred
34589061	Table_4.XLSX	Лист1	CNS191	PRJNA384130	SAMN06829266				SRX2765600		Ceftaroline	=	0.125		mic_sign '=' inferred
34589061	Table_4.XLSX	Лист1	CNS191	PRJNA384130	SAMN06829266				SRX2765600		Rifampicin	=	0.5		mic_sign '=' inferred
34589061	Table_4.XLSX	Лист1	CNS191	PRJNA384130	SAMN06829266				SRX2765600		Ciprofloxacin	=	128		mic_sign '=' inferred
34589061	Table_4.XLSX	Лист1	CNS191	PRJNA384130	SAMN06829266				SRX2765600		Moxifloxacin	=	64.0		mic_sign '=' inferred
34589061	Table_4.XLSX	Лист1	CNS191	PRJNA384130	SAMN06829266				SRX2765600		Gentamicin	>	128		
34589061	Table_4.XLSX	Лист1	CNS191	PRJNA384130	SAMN06829266				SRX2765600		Mupirocin	=	16		mic_sign '=' inferred
34589061	Table_4.XLSX	Лист1	CNS191	PRJNA384130	SAMN06829266				SRX2765600		Fusidic acid	=	8.0		mic_sign '=' inferred
34589061	Table_4.XLSX	Лист1	CNS191	PRJNA384130	SAMN06829266				SRX2765600		Trimethoprim-sulfamethoxazole	=	4.0		mic_sign '=' inferred
34589061	Table_4.XLSX	Лист1	CNS191	PRJNA384130	SAMN06829266				SRX2765600		Erythromycin	<	0.125		
34589061	Table_4.XLSX	Лист1	CNS191	PRJNA384130	SAMN06829266				SRX2765600		Clindamycin	=	64		mic_sign '=' inferred
34589061	Table_4.XLSX	Лист1	CNS200	PRJNA384130	SAMN10717544				SRX5234988		Oxacillin	=	512		mic_sign '=' inferred
34589061	Table_4.XLSX	Лист1	CNS200	PRJNA384130	SAMN10717544				SRX5234988		Cefoxitin	=	128		mic_sign '=' inferred
34589061	Table_4.XLSX	Лист1	CNS200	PRJNA384130	SAMN10717544				SRX5234988		Linezolid	>	32		
34589061	Table_4.XLSX	Лист1	CNS200	PRJNA384130	SAMN10717544				SRX5234988		Tedizolid	=	0.25		mic_sign '=' inferred
34589061	Table_4.XLSX	Лист1	CNS200	PRJNA384130	SAMN10717544				SRX5234988		Vancomycin	=	1		mic_sign '=' inferred
34589061	Table_4.XLSX	Лист1	CNS200	PRJNA384130	SAMN10717544				SRX5234988		Oritavancin	<	0.03		
34589061	Table_4.XLSX	Лист1	CNS200	PRJNA384130	SAMN10717544				SRX5234988		Dalbavancin	<	0.03		
34589061	Table_4.XLSX	Лист1	CNS200	PRJNA384130	SAMN10717544				SRX5234988		Telavancin	<	0.03		
34589061	Table_4.XLSX	Лист1	CNS200	PRJNA384130	SAMN10717544				SRX5234988		Teicoplanin	=	2.0		mic_sign '=' inferred
34589061	Table_4.XLSX	Лист1	CNS200	PRJNA384130	SAMN10717544				SRX5234988		Daptomycin	=	0.5		mic_sign '=' inferred
34589061	Table_4.XLSX	Лист1	CNS200	PRJNA384130	SAMN10717544				SRX5234988		Tigecycline	=	0.125		mic_sign '=' inferred
34589061	Table_4.XLSX	Лист1	CNS200	PRJNA384130	SAMN10717544				SRX5234988		Tetracycline	=	2		mic_sign '=' inferred
34589061	Table_4.XLSX	Лист1	CNS200	PRJNA384130	SAMN10717544				SRX5234988		Ceftaroline	=	1.0		mic_sign '=' inferred
34589061	Table_4.XLSX	Лист1	CNS200	PRJNA384130	SAMN10717544				SRX5234988		Rifampicin	>	4		
34589061	Table_4.XLSX	Лист1	CNS200	PRJNA384130	SAMN10717544				SRX5234988		Ciprofloxacin	=	64		mic_sign '=' inferred
34589061	Table_4.XLSX	Лист1	CNS200	PRJNA384130	SAMN10717544				SRX5234988		Moxifloxacin	=	4.0		mic_sign '=' inferred
34589061	Table_4.XLSX	Лист1	CNS200	PRJNA384130	SAMN10717544				SRX5234988		Gentamicin	=	128		mic_sign '=' inferred
34589061	Table_4.XLSX	Лист1	CNS200	PRJNA384130	SAMN10717544				SRX5234988		Mupirocin	=	1		mic_sign '=' inferred
34589061	Table_4.XLSX	Лист1	CNS200	PRJNA384130	SAMN10717544				SRX5234988		Fusidic acid	=	0.06		mic_sign '=' inferred
34589061	Table_4.XLSX	Лист1	CNS200	PRJNA384130	SAMN10717544				SRX5234988		Trimethoprim-sulfamethoxazole	=	16.0		mic_sign '=' inferred
34589061	Table_4.XLSX	Лист1	CNS200	PRJNA384130	SAMN10717544				SRX5234988		Erythromycin	=	16		mic_sign '=' inferred
34589061	Table_4.XLSX	Лист1	CNS200	PRJNA384130	SAMN10717544				SRX5234988		Clindamycin	>	64		
34589061	Table_4.XLSX	Лист1	CNS201	PRJNA384130	SAMN10717545				SRX5234987		Oxacillin	=	512		mic_sign '=' inferred
34589061	Table_4.XLSX	Лист1	CNS201	PRJNA384130	SAMN10717545				SRX5234987		Cefoxitin	=	256		mic_sign '=' inferred
34589061	Table_4.XLSX	Лист1	CNS201	PRJNA384130	SAMN10717545				SRX5234987		Linezolid	>	32		
34589061	Table_4.XLSX	Лист1	CNS201	PRJNA384130	SAMN10717545				SRX5234987		Tedizolid	=	16		mic_sign '=' inferred
34589061	Table_4.XLSX	Лист1	CNS201	PRJNA384130	SAMN10717545				SRX5234987		Vancomycin	=	2		mic_sign '=' inferred
34589061	Table_4.XLSX	Лист1	CNS201	PRJNA384130	SAMN10717545				SRX5234987		Oritavancin	<	0.03		
34589061	Table_4.XLSX	Лист1	CNS201	PRJNA384130	SAMN10717545				SRX5234987		Dalbavancin	=	0.125		mic_sign '=' inferred
34589061	Table_4.XLSX	Лист1	CNS201	PRJNA384130	SAMN10717545				SRX5234987		Telavancin	=	0.125		mic_sign '=' inferred
34589061	Table_4.XLSX	Лист1	CNS201	PRJNA384130	SAMN10717545				SRX5234987		Teicoplanin	=	4.0		mic_sign '=' inferred
34589061	Table_4.XLSX	Лист1	CNS201	PRJNA384130	SAMN10717545				SRX5234987		Daptomycin	=	0.25		mic_sign '=' inferred
34589061	Table_4.XLSX	Лист1	CNS201	PRJNA384130	SAMN10717545				SRX5234987		Tigecycline	=	0.5		mic_sign '=' inferred
34589061	Table_4.XLSX	Лист1	CNS201	PRJNA384130	SAMN10717545				SRX5234987		Tetracycline	=	64		mic_sign '=' inferred
34589061	Table_4.XLSX	Лист1	CNS201	PRJNA384130	SAMN10717545				SRX5234987		Ceftaroline	=	1.0		mic_sign '=' inferred
34589061	Table_4.XLSX	Лист1	CNS201	PRJNA384130	SAMN10717545				SRX5234987		Rifampicin	=	4		mic_sign '=' inferred
34589061	Table_4.XLSX	Лист1	CNS201	PRJNA384130	SAMN10717545				SRX5234987		Ciprofloxacin	=	8		mic_sign '=' inferred
34589061	Table_4.XLSX	Лист1	CNS201	PRJNA384130	SAMN10717545				SRX5234987		Moxifloxacin	=	1.0		mic_sign '=' inferred
34589061	Table_4.XLSX	Лист1	CNS201	PRJNA384130	SAMN10717545				SRX5234987		Gentamicin	=	32		mic_sign '=' inferred
34589061	Table_4.XLSX	Лист1	CNS201	PRJNA384130	SAMN10717545				SRX5234987		Mupirocin	=	4		mic_sign '=' inferred
34589061	Table_4.XLSX	Лист1	CNS201	PRJNA384130	SAMN10717545				SRX5234987		Fusidic acid	=	0.25		mic_sign '=' inferred
34589061	Table_4.XLSX	Лист1	CNS201	PRJNA384130	SAMN10717545				SRX5234987		Trimethoprim-sulfamethoxazole	=	0.5		mic_sign '=' inferred
34589061	Table_4.XLSX	Лист1	CNS201	PRJNA384130	SAMN10717545				SRX5234987		Erythromycin	>	128		
34589061	Table_4.XLSX	Лист1	CNS201	PRJNA384130	SAMN10717545				SRX5234987		Clindamycin	=	2		mic_sign '=' inferred
34589061	Table_4.XLSX	Лист1	CNS202	PRJNA384130	SAMN10717546				SRX5234990		Oxacillin	=	256		mic_sign '=' inferred
34589061	Table_4.XLSX	Лист1	CNS202	PRJNA384130	SAMN10717546				SRX5234990		Cefoxitin	=	64		mic_sign '=' inferred
34589061	Table_4.XLSX	Лист1	CNS202	PRJNA384130	SAMN10717546				SRX5234990		Linezolid	>	32		
34589061	Table_4.XLSX	Лист1	CNS202	PRJNA384130	SAMN10717546				SRX5234990		Tedizolid	>	32		
34589061	Table_4.XLSX	Лист1	CNS202	PRJNA384130	SAMN10717546				SRX5234990		Vancomycin	=	1		mic_sign '=' inferred
34589061	Table_4.XLSX	Лист1	CNS202	PRJNA384130	SAMN10717546				SRX5234990		Oritavancin	<	0.03		
34589061	Table_4.XLSX	Лист1	CNS202	PRJNA384130	SAMN10717546				SRX5234990		Dalbavancin	<	0.03		
34589061	Table_4.XLSX	Лист1	CNS202	PRJNA384130	SAMN10717546				SRX5234990		Telavancin	=	0.125		mic_sign '=' inferred
34589061	Table_4.XLSX	Лист1	CNS202	PRJNA384130	SAMN10717546				SRX5234990		Teicoplanin	=	4.0		mic_sign '=' inferred
34589061	Table_4.XLSX	Лист1	CNS202	PRJNA384130	SAMN10717546				SRX5234990		Daptomycin	=	0.25		mic_sign '=' inferred
34589061	Table_4.XLSX	Лист1	CNS202	PRJNA384130	SAMN10717546				SRX5234990		Tigecycline	=	0.25		mic_sign '=' inferred
34589061	Table_4.XLSX	Лист1	CNS202	PRJNA384130	SAMN10717546				SRX5234990		Tetracycline	=	4		mic_sign '=' inferred
34589061	Table_4.XLSX	Лист1	CNS202	PRJNA384130	SAMN10717546				SRX5234990		Ceftaroline	=	0.25		mic_sign '=' inferred
34589061	Table_4.XLSX	Лист1	CNS202	PRJNA384130	SAMN10717546				SRX5234990		Rifampicin	=	1		mic_sign '=' inferred
34589061	Table_4.XLSX	Лист1	CNS202	PRJNA384130	SAMN10717546				SRX5234990		Ciprofloxacin	=	256		mic_sign '=' inferred
34589061	Table_4.XLSX	Лист1	CNS202	PRJNA384130	SAMN10717546				SRX5234990		Moxifloxacin	=	64.0		mic_sign '=' inferred
34589061	Table_4.XLSX	Лист1	CNS202	PRJNA384130	SAMN10717546				SRX5234990		Gentamicin	>	128		
34589061	Table_4.XLSX	Лист1	CNS202	PRJNA384130	SAMN10717546				SRX5234990		Mupirocin	>	32		
34589061	Table_4.XLSX	Лист1	CNS202	PRJNA384130	SAMN10717546				SRX5234990		Fusidic acid	=	16.0		mic_sign '=' inferred
34589061	Table_4.XLSX	Лист1	CNS202	PRJNA384130	SAMN10717546				SRX5234990		Trimethoprim-sulfamethoxazole	=	4.0		mic_sign '=' inferred
34589061	Table_4.XLSX	Лист1	CNS202	PRJNA384130	SAMN10717546				SRX5234990		Erythromycin	=	0.5		mic_sign '=' inferred
34589061	Table_4.XLSX	Лист1	CNS202	PRJNA384130	SAMN10717546				SRX5234990		Clindamycin	>	64		
34589061	Table_4.XLSX	Лист1	CNS203	PRJNA384130	SAMN10717547				SRX5234989		Oxacillin	=	256		mic_sign '=' inferred
34589061	Table_4.XLSX	Лист1	CNS203	PRJNA384130	SAMN10717547				SRX5234989		Cefoxitin	=	64		mic_sign '=' inferred
34589061	Table_4.XLSX	Лист1	CNS203	PRJNA384130	SAMN10717547				SRX5234989		Linezolid	=	32		mic_sign '=' inferred
34589061	Table_4.XLSX	Лист1	CNS203	PRJNA384130	SAMN10717547				SRX5234989		Tedizolid	=	2		mic_sign '=' inferred
34589061	Table_4.XLSX	Лист1	CNS203	PRJNA384130	SAMN10717547				SRX5234989		Vancomycin	=	1		mic_sign '=' inferred
34589061	Table_4.XLSX	Лист1	CNS203	PRJNA384130	SAMN10717547				SRX5234989		Oritavancin	<	0.03		
34589061	Table_4.XLSX	Лист1	CNS203	PRJNA384130	SAMN10717547				SRX5234989		Dalbavancin	<	0.03		
34589061	Table_4.XLSX	Лист1	CNS203	PRJNA384130	SAMN10717547				SRX5234989		Telavancin	=	0.06		mic_sign '=' inferred
34589061	Table_4.XLSX	Лист1	CNS203	PRJNA384130	SAMN10717547				SRX5234989		Teicoplanin	=	0.25		mic_sign '=' inferred
34589061	Table_4.XLSX	Лист1	CNS203	PRJNA384130	SAMN10717547				SRX5234989		Daptomycin	=	0.25		mic_sign '=' inferred
34589061	Table_4.XLSX	Лист1	CNS203	PRJNA384130	SAMN10717547				SRX5234989		Tigecycline	=	0.125		mic_sign '=' inferred
34589061	Table_4.XLSX	Лист1	CNS203	PRJNA384130	SAMN10717547				SRX5234989		Tetracycline	=	1		mic_sign '=' inferred
34589061	Table_4.XLSX	Лист1	CNS203	PRJNA384130	SAMN10717547				SRX5234989		Ceftaroline	=	0.25		mic_sign '=' inferred
34589061	Table_4.XLSX	Лист1	CNS203	PRJNA384130	SAMN10717547				SRX5234989		Rifampicin	>	4		
34589061	Table_4.XLSX	Лист1	CNS203	PRJNA384130	SAMN10717547				SRX5234989		Ciprofloxacin	=	32		mic_sign '=' inferred
34589061	Table_4.XLSX	Лист1	CNS203	PRJNA384130	SAMN10717547				SRX5234989		Moxifloxacin	=	1.0		mic_sign '=' inferred
34589061	Table_4.XLSX	Лист1	CNS203	PRJNA384130	SAMN10717547				SRX5234989		Gentamicin	>	128		
34589061	Table_4.XLSX	Лист1	CNS203	PRJNA384130	SAMN10717547				SRX5234989		Mupirocin	=	0.5		mic_sign '=' inferred
34589061	Table_4.XLSX	Лист1	CNS203	PRJNA384130	SAMN10717547				SRX5234989		Fusidic acid	=	16.0		mic_sign '=' inferred
34589061	Table_4.XLSX	Лист1	CNS203	PRJNA384130	SAMN10717547				SRX5234989		Trimethoprim-sulfamethoxazole	=	16.0		mic_sign '=' inferred
34589061	Table_4.XLSX	Лист1	CNS203	PRJNA384130	SAMN10717547				SRX5234989		Erythromycin	<	0.125		
34589061	Table_4.XLSX	Лист1	CNS203	PRJNA384130	SAMN10717547				SRX5234989		Clindamycin	=	0.5		mic_sign '=' inferred
34589061	Table_4.XLSX	Лист1	CNS204	PRJNA384130	SAMN10717548				SRX5234992		Oxacillin	=	256		mic_sign '=' inferred
34589061	Table_4.XLSX	Лист1	CNS204	PRJNA384130	SAMN10717548				SRX5234992		Cefoxitin	=	128		mic_sign '=' inferred
34589061	Table_4.XLSX	Лист1	CNS204	PRJNA384130	SAMN10717548				SRX5234992		Linezolid	=	32		mic_sign '=' inferred
34589061	Table_4.XLSX	Лист1	CNS204	PRJNA384130	SAMN10717548				SRX5234992		Tedizolid	=	2		mic_sign '=' inferred
34589061	Table_4.XLSX	Лист1	CNS204	PRJNA384130	SAMN10717548				SRX5234992		Vancomycin	=	1		mic_sign '=' inferred
34589061	Table_4.XLSX	Лист1	CNS204	PRJNA384130	SAMN10717548				SRX5234992		Oritavancin	<	0.03		
34589061	Table_4.XLSX	Лист1	CNS204	PRJNA384130	SAMN10717548				SRX5234992		Dalbavancin	<	0.03		
34589061	Table_4.XLSX	Лист1	CNS204	PRJNA384130	SAMN10717548				SRX5234992		Telavancin	<	0.03		
34589061	Table_4.XLSX	Лист1	CNS204	PRJNA384130	SAMN10717548				SRX5234992		Teicoplanin	=	1.0		mic_sign '=' inferred
34589061	Table_4.XLSX	Лист1	CNS204	PRJNA384130	SAMN10717548				SRX5234992		Daptomycin	=	0.5		mic_sign '=' inferred
34589061	Table_4.XLSX	Лист1	CNS204	PRJNA384130	SAMN10717548				SRX5234992		Tigecycline	=	0.125		mic_sign '=' inferred
34589061	Table_4.XLSX	Лист1	CNS204	PRJNA384130	SAMN10717548				SRX5234992		Tetracycline	=	0.25		mic_sign '=' inferred
34589061	Table_4.XLSX	Лист1	CNS204	PRJNA384130	SAMN10717548				SRX5234992		Ceftaroline	=	0.25		mic_sign '=' inferred
34589061	Table_4.XLSX	Лист1	CNS204	PRJNA384130	SAMN10717548				SRX5234992		Rifampicin	>	4		
34589061	Table_4.XLSX	Лист1	CNS204	PRJNA384130	SAMN10717548				SRX5234992		Ciprofloxacin	=	64		mic_sign '=' inferred
34589061	Table_4.XLSX	Лист1	CNS204	PRJNA384130	SAMN10717548				SRX5234992		Moxifloxacin	=	1.0		mic_sign '=' inferred
34589061	Table_4.XLSX	Лист1	CNS204	PRJNA384130	SAMN10717548				SRX5234992		Gentamicin	>	128		
34589061	Table_4.XLSX	Лист1	CNS204	PRJNA384130	SAMN10717548				SRX5234992		Mupirocin	=	0.5		mic_sign '=' inferred
34589061	Table_4.XLSX	Лист1	CNS204	PRJNA384130	SAMN10717548				SRX5234992		Fusidic acid	=	16.0		mic_sign '=' inferred
34589061	Table_4.XLSX	Лист1	CNS204	PRJNA384130	SAMN10717548				SRX5234992		Trimethoprim-sulfamethoxazole	=	16.0		mic_sign '=' inferred
34589061	Table_4.XLSX	Лист1	CNS204	PRJNA384130	SAMN10717548				SRX5234992		Erythromycin	<	0.125		
34589061	Table_4.XLSX	Лист1	CNS204	PRJNA384130	SAMN10717548				SRX5234992		Clindamycin	=	0.5		mic_sign '=' inferred
34589061	Table_4.XLSX	Лист1	CNS205	PRJNA384130	SAMN10717549				SRX5234991		Oxacillin	=	64		mic_sign '=' inferred
34589061	Table_4.XLSX	Лист1	CNS205	PRJNA384130	SAMN10717549				SRX5234991		Cefoxitin	=	32		mic_sign '=' inferred
34589061	Table_4.XLSX	Лист1	CNS205	PRJNA384130	SAMN10717549				SRX5234991		Linezolid	>	32		
34589061	Table_4.XLSX	Лист1	CNS205	PRJNA384130	SAMN10717549				SRX5234991		Tedizolid	>	32		
34589061	Table_4.XLSX	Лист1	CNS205	PRJNA384130	SAMN10717549				SRX5234991		Vancomycin	=	1		mic_sign '=' inferred
34589061	Table_4.XLSX	Лист1	CNS205	PRJNA384130	SAMN10717549				SRX5234991		Oritavancin	<	0.03		
34589061	Table_4.XLSX	Лист1	CNS205	PRJNA384130	SAMN10717549				SRX5234991		Dalbavancin	<	0.03		
34589061	Table_4.XLSX	Лист1	CNS205	PRJNA384130	SAMN10717549				SRX5234991		Telavancin	=	0.06		mic_sign '=' inferred
34589061	Table_4.XLSX	Лист1	CNS205	PRJNA384130	SAMN10717549				SRX5234991		Teicoplanin	=	4.0		mic_sign '=' inferred
34589061	Table_4.XLSX	Лист1	CNS205	PRJNA384130	SAMN10717549				SRX5234991		Daptomycin	=	0.25		mic_sign '=' inferred
34589061	Table_4.XLSX	Лист1	CNS205	PRJNA384130	SAMN10717549				SRX5234991		Tigecycline	=	0.125		mic_sign '=' inferred
34589061	Table_4.XLSX	Лист1	CNS205	PRJNA384130	SAMN10717549				SRX5234991		Tetracycline	=	2		mic_sign '=' inferred
34589061	Table_4.XLSX	Лист1	CNS205	PRJNA384130	SAMN10717549				SRX5234991		Ceftaroline	=	0.25		mic_sign '=' inferred
34589061	Table_4.XLSX	Лист1	CNS205	PRJNA384130	SAMN10717549				SRX5234991		Rifampicin	<	0.004		
34589061	Table_4.XLSX	Лист1	CNS205	PRJNA384130	SAMN10717549				SRX5234991		Ciprofloxacin	=	64		mic_sign '=' inferred
34589061	Table_4.XLSX	Лист1	CNS205	PRJNA384130	SAMN10717549				SRX5234991		Moxifloxacin	=	64.0		mic_sign '=' inferred
34589061	Table_4.XLSX	Лист1	CNS205	PRJNA384130	SAMN10717549				SRX5234991		Gentamicin	>	128		
34589061	Table_4.XLSX	Лист1	CNS205	PRJNA384130	SAMN10717549				SRX5234991		Mupirocin	>	32		
34589061	Table_4.XLSX	Лист1	CNS205	PRJNA384130	SAMN10717549				SRX5234991		Fusidic acid	=	8.0		mic_sign '=' inferred
34589061	Table_4.XLSX	Лист1	CNS205	PRJNA384130	SAMN10717549				SRX5234991		Trimethoprim-sulfamethoxazole	=	4.0		mic_sign '=' inferred
34589061	Table_4.XLSX	Лист1	CNS205	PRJNA384130	SAMN10717549				SRX5234991		Erythromycin	<	0.125		
34589061	Table_4.XLSX	Лист1	CNS205	PRJNA384130	SAMN10717549				SRX5234991		Clindamycin	>	64		
34589061	Table_4.XLSX	Лист1	CNS206	PRJNA384130	SAMN10717550				SRX5234994		Oxacillin	=	128		mic_sign '=' inferred
34589061	Table_4.XLSX	Лист1	CNS206	PRJNA384130	SAMN10717550				SRX5234994		Cefoxitin	=	64		mic_sign '=' inferred
34589061	Table_4.XLSX	Лист1	CNS206	PRJNA384130	SAMN10717550				SRX5234994		Linezolid	=	32		mic_sign '=' inferred
34589061	Table_4.XLSX	Лист1	CNS206	PRJNA384130	SAMN10717550				SRX5234994		Tedizolid	=	2		mic_sign '=' inferred
34589061	Table_4.XLSX	Лист1	CNS206	PRJNA384130	SAMN10717550				SRX5234994		Vancomycin	=	1		mic_sign '=' inferred
34589061	Table_4.XLSX	Лист1	CNS206	PRJNA384130	SAMN10717550				SRX5234994		Oritavancin	<	0.03		
34589061	Table_4.XLSX	Лист1	CNS206	PRJNA384130	SAMN10717550				SRX5234994		Dalbavancin	<	0.03		
34589061	Table_4.XLSX	Лист1	CNS206	PRJNA384130	SAMN10717550				SRX5234994		Telavancin	<	0.03		
34589061	Table_4.XLSX	Лист1	CNS206	PRJNA384130	SAMN10717550				SRX5234994		Teicoplanin	=	1.0		mic_sign '=' inferred
34589061	Table_4.XLSX	Лист1	CNS206	PRJNA384130	SAMN10717550				SRX5234994		Daptomycin	=	0.5		mic_sign '=' inferred
34589061	Table_4.XLSX	Лист1	CNS206	PRJNA384130	SAMN10717550				SRX5234994		Tigecycline	=	0.125		mic_sign '=' inferred
34589061	Table_4.XLSX	Лист1	CNS206	PRJNA384130	SAMN10717550				SRX5234994		Tetracycline	=	1		mic_sign '=' inferred
34589061	Table_4.XLSX	Лист1	CNS206	PRJNA384130	SAMN10717550				SRX5234994		Ceftaroline	=	0.25		mic_sign '=' inferred
34589061	Table_4.XLSX	Лист1	CNS206	PRJNA384130	SAMN10717550				SRX5234994		Rifampicin	>	4		
34589061	Table_4.XLSX	Лист1	CNS206	PRJNA384130	SAMN10717550				SRX5234994		Ciprofloxacin	=	64		mic_sign '=' inferred
34589061	Table_4.XLSX	Лист1	CNS206	PRJNA384130	SAMN10717550				SRX5234994		Moxifloxacin	=	1.0		mic_sign '=' inferred
34589061	Table_4.XLSX	Лист1	CNS206	PRJNA384130	SAMN10717550				SRX5234994		Gentamicin	>	128		
34589061	Table_4.XLSX	Лист1	CNS206	PRJNA384130	SAMN10717550				SRX5234994		Mupirocin	=	1		mic_sign '=' inferred
34589061	Table_4.XLSX	Лист1	CNS206	PRJNA384130	SAMN10717550				SRX5234994		Fusidic acid	=	16.0		mic_sign '=' inferred
34589061	Table_4.XLSX	Лист1	CNS206	PRJNA384130	SAMN10717550				SRX5234994		Trimethoprim-sulfamethoxazole	=	16.0		mic_sign '=' inferred
34589061	Table_4.XLSX	Лист1	CNS206	PRJNA384130	SAMN10717550				SRX5234994		Erythromycin	<	0.125		
34589061	Table_4.XLSX	Лист1	CNS206	PRJNA384130	SAMN10717550				SRX5234994		Clindamycin	=	0.5		mic_sign '=' inferred
34589061	Table_4.XLSX	Лист1	CNS207	PRJNA384130	SAMN10717551				SRX5234993		Oxacillin	=	128		mic_sign '=' inferred
34589061	Table_4.XLSX	Лист1	CNS207	PRJNA384130	SAMN10717551				SRX5234993		Cefoxitin	=	64		mic_sign '=' inferred
34589061	Table_4.XLSX	Лист1	CNS207	PRJNA384130	SAMN10717551				SRX5234993		Linezolid	>	32		
34589061	Table_4.XLSX	Лист1	CNS207	PRJNA384130	SAMN10717551				SRX5234993		Tedizolid	>	32		
34589061	Table_4.XLSX	Лист1	CNS207	PRJNA384130	SAMN10717551				SRX5234993		Vancomycin	=	1		mic_sign '=' inferred
34589061	Table_4.XLSX	Лист1	CNS207	PRJNA384130	SAMN10717551				SRX5234993		Oritavancin	<	0.03		
34589061	Table_4.XLSX	Лист1	CNS207	PRJNA384130	SAMN10717551				SRX5234993		Dalbavancin	<	0.03		
34589061	Table_4.XLSX	Лист1	CNS207	PRJNA384130	SAMN10717551				SRX5234993		Telavancin	=	0.06		mic_sign '=' inferred
34589061	Table_4.XLSX	Лист1	CNS207	PRJNA384130	SAMN10717551				SRX5234993		Teicoplanin	=	4.0		mic_sign '=' inferred
34589061	Table_4.XLSX	Лист1	CNS207	PRJNA384130	SAMN10717551				SRX5234993		Daptomycin	=	0.25		mic_sign '=' inferred
34589061	Table_4.XLSX	Лист1	CNS207	PRJNA384130	SAMN10717551				SRX5234993		Tigecycline	=	0.125		mic_sign '=' inferred
34589061	Table_4.XLSX	Лист1	CNS207	PRJNA384130	SAMN10717551				SRX5234993		Tetracycline	=	2		mic_sign '=' inferred
34589061	Table_4.XLSX	Лист1	CNS207	PRJNA384130	SAMN10717551				SRX5234993		Ceftaroline	=	0.25		mic_sign '=' inferred
34589061	Table_4.XLSX	Лист1	CNS207	PRJNA384130	SAMN10717551				SRX5234993		Rifampicin	<	0.004		
34589061	Table_4.XLSX	Лист1	CNS207	PRJNA384130	SAMN10717551				SRX5234993		Ciprofloxacin	=	64		mic_sign '=' inferred
34589061	Table_4.XLSX	Лист1	CNS207	PRJNA384130	SAMN10717551				SRX5234993		Moxifloxacin	=	64.0		mic_sign '=' inferred
34589061	Table_4.XLSX	Лист1	CNS207	PRJNA384130	SAMN10717551				SRX5234993		Gentamicin	>	128		
34589061	Table_4.XLSX	Лист1	CNS207	PRJNA384130	SAMN10717551				SRX5234993		Mupirocin	>	32		
34589061	Table_4.XLSX	Лист1	CNS207	PRJNA384130	SAMN10717551				SRX5234993		Fusidic acid	=	16.0		mic_sign '=' inferred
34589061	Table_4.XLSX	Лист1	CNS207	PRJNA384130	SAMN10717551				SRX5234993		Trimethoprim-sulfamethoxazole	=	4.0		mic_sign '=' inferred
34589061	Table_4.XLSX	Лист1	CNS207	PRJNA384130	SAMN10717551				SRX5234993		Erythromycin	<	0.125		
34589061	Table_4.XLSX	Лист1	CNS207	PRJNA384130	SAMN10717551				SRX5234993		Clindamycin	>	64		
34589061	Table_4.XLSX	Лист1	CNS208	PRJNA384130	SAMN10717552				SRX5234996		Oxacillin	=	64		mic_sign '=' inferred
34589061	Table_4.XLSX	Лист1	CNS208	PRJNA384130	SAMN10717552				SRX5234996		Cefoxitin	=	64		mic_sign '=' inferred
34589061	Table_4.XLSX	Лист1	CNS208	PRJNA384130	SAMN10717552				SRX5234996		Linezolid	>	32		
34589061	Table_4.XLSX	Лист1	CNS208	PRJNA384130	SAMN10717552				SRX5234996		Tedizolid	>	32		
34589061	Table_4.XLSX	Лист1	CNS208	PRJNA384130	SAMN10717552				SRX5234996		Vancomycin	=	1		mic_sign '=' inferred
34589061	Table_4.XLSX	Лист1	CNS208	PRJNA384130	SAMN10717552				SRX5234996		Oritavancin	<	0.03		
34589061	Table_4.XLSX	Лист1	CNS208	PRJNA384130	SAMN10717552				SRX5234996		Dalbavancin	<	0.03		
34589061	Table_4.XLSX	Лист1	CNS208	PRJNA384130	SAMN10717552				SRX5234996		Telavancin	=	0.06		mic_sign '=' inferred
34589061	Table_4.XLSX	Лист1	CNS208	PRJNA384130	SAMN10717552				SRX5234996		Teicoplanin	=	4.0		mic_sign '=' inferred
34589061	Table_4.XLSX	Лист1	CNS208	PRJNA384130	SAMN10717552				SRX5234996		Daptomycin	=	0.5		mic_sign '=' inferred
34589061	Table_4.XLSX	Лист1	CNS208	PRJNA384130	SAMN10717552				SRX5234996		Tigecycline	=	0.125		mic_sign '=' inferred
34589061	Table_4.XLSX	Лист1	CNS208	PRJNA384130	SAMN10717552				SRX5234996		Tetracycline	=	2		mic_sign '=' inferred
34589061	Table_4.XLSX	Лист1	CNS208	PRJNA384130	SAMN10717552				SRX5234996		Ceftaroline	=	0.25		mic_sign '=' inferred
34589061	Table_4.XLSX	Лист1	CNS208	PRJNA384130	SAMN10717552				SRX5234996		Rifampicin	<	0.004		
34589061	Table_4.XLSX	Лист1	CNS208	PRJNA384130	SAMN10717552				SRX5234996		Ciprofloxacin	=	64		mic_sign '=' inferred
34589061	Table_4.XLSX	Лист1	CNS208	PRJNA384130	SAMN10717552				SRX5234996		Moxifloxacin	=	64.0		mic_sign '=' inferred
34589061	Table_4.XLSX	Лист1	CNS208	PRJNA384130	SAMN10717552				SRX5234996		Gentamicin	>	128		
34589061	Table_4.XLSX	Лист1	CNS208	PRJNA384130	SAMN10717552				SRX5234996		Mupirocin	>	32		
34589061	Table_4.XLSX	Лист1	CNS208	PRJNA384130	SAMN10717552				SRX5234996		Fusidic acid	=	16.0		mic_sign '=' inferred
34589061	Table_4.XLSX	Лист1	CNS208	PRJNA384130	SAMN10717552				SRX5234996		Trimethoprim-sulfamethoxazole	=	2.0		mic_sign '=' inferred
34589061	Table_4.XLSX	Лист1	CNS208	PRJNA384130	SAMN10717552				SRX5234996		Erythromycin	<	0.125		
34589061	Table_4.XLSX	Лист1	CNS208	PRJNA384130	SAMN10717552				SRX5234996		Clindamycin	>	64		
34589061	Table_4.XLSX	Лист1	CNS209	PRJNA384130	SAMN10717553				SRX5234995		Oxacillin	=	32		mic_sign '=' inferred
34589061	Table_4.XLSX	Лист1	CNS209	PRJNA384130	SAMN10717553				SRX5234995		Cefoxitin	=	32		mic_sign '=' inferred
34589061	Table_4.XLSX	Лист1	CNS209	PRJNA384130	SAMN10717553				SRX5234995		Linezolid	=	32		mic_sign '=' inferred
34589061	Table_4.XLSX	Лист1	CNS209	PRJNA384130	SAMN10717553				SRX5234995		Tedizolid	=	32		mic_sign '=' inferred
34589061	Table_4.XLSX	Лист1	CNS209	PRJNA384130	SAMN10717553				SRX5234995		Vancomycin	=	2		mic_sign '=' inferred
34589061	Table_4.XLSX	Лист1	CNS209	PRJNA384130	SAMN10717553				SRX5234995		Oritavancin	<	0.03		
34589061	Table_4.XLSX	Лист1	CNS209	PRJNA384130	SAMN10717553				SRX5234995		Dalbavancin	<	0.03		
34589061	Table_4.XLSX	Лист1	CNS209	PRJNA384130	SAMN10717553				SRX5234995		Telavancin	=	0.06		mic_sign '=' inferred
34589061	Table_4.XLSX	Лист1	CNS209	PRJNA384130	SAMN10717553				SRX5234995		Teicoplanin	=	1.0		mic_sign '=' inferred
34589061	Table_4.XLSX	Лист1	CNS209	PRJNA384130	SAMN10717553				SRX5234995		Daptomycin	=	0.25		mic_sign '=' inferred
34589061	Table_4.XLSX	Лист1	CNS209	PRJNA384130	SAMN10717553				SRX5234995		Tigecycline	=	0.125		mic_sign '=' inferred
34589061	Table_4.XLSX	Лист1	CNS209	PRJNA384130	SAMN10717553				SRX5234995		Tetracycline	=	2		mic_sign '=' inferred
34589061	Table_4.XLSX	Лист1	CNS209	PRJNA384130	SAMN10717553				SRX5234995		Ceftaroline	=	0.25		mic_sign '=' inferred
34589061	Table_4.XLSX	Лист1	CNS209	PRJNA384130	SAMN10717553				SRX5234995		Rifampicin	=	0.5		mic_sign '=' inferred
34589061	Table_4.XLSX	Лист1	CNS209	PRJNA384130	SAMN10717553				SRX5234995		Ciprofloxacin	=	128		mic_sign '=' inferred
34589061	Table_4.XLSX	Лист1	CNS209	PRJNA384130	SAMN10717553				SRX5234995		Moxifloxacin	=	64.0		mic_sign '=' inferred
34589061	Table_4.XLSX	Лист1	CNS209	PRJNA384130	SAMN10717553				SRX5234995		Gentamicin	>	128		
34589061	Table_4.XLSX	Лист1	CNS209	PRJNA384130	SAMN10717553				SRX5234995		Mupirocin	>	32		
34589061	Table_4.XLSX	Лист1	CNS209	PRJNA384130	SAMN10717553				SRX5234995		Fusidic acid	=	16.0		mic_sign '=' inferred
34589061	Table_4.XLSX	Лист1	CNS209	PRJNA384130	SAMN10717553				SRX5234995		Trimethoprim-sulfamethoxazole	=	8.0		mic_sign '=' inferred
34589061	Table_4.XLSX	Лист1	CNS209	PRJNA384130	SAMN10717553				SRX5234995		Erythromycin	=	0.25		mic_sign '=' inferred
34589061	Table_4.XLSX	Лист1	CNS209	PRJNA384130	SAMN10717553				SRX5234995		Clindamycin	=	64		mic_sign '=' inferred
34589061	Table_4.XLSX	Лист1	CNS210	PRJNA384130	SAMN10717554				SRX5235000		Oxacillin	=	32		mic_sign '=' inferred
34589061	Table_4.XLSX	Лист1	CNS210	PRJNA384130	SAMN10717554				SRX5235000		Cefoxitin	=	32		mic_sign '=' inferred
34589061	Table_4.XLSX	Лист1	CNS210	PRJNA384130	SAMN10717554				SRX5235000		Linezolid	=	32		mic_sign '=' inferred
34589061	Table_4.XLSX	Лист1	CNS210	PRJNA384130	SAMN10717554				SRX5235000		Tedizolid	=	32		mic_sign '=' inferred
34589061	Table_4.XLSX	Лист1	CNS210	PRJNA384130	SAMN10717554				SRX5235000		Vancomycin	=	1		mic_sign '=' inferred
34589061	Table_4.XLSX	Лист1	CNS210	PRJNA384130	SAMN10717554				SRX5235000		Oritavancin	<	0.03		
34589061	Table_4.XLSX	Лист1	CNS210	PRJNA384130	SAMN10717554				SRX5235000		Dalbavancin	<	0.03		
34589061	Table_4.XLSX	Лист1	CNS210	PRJNA384130	SAMN10717554				SRX5235000		Telavancin	=	0.06		mic_sign '=' inferred
34589061	Table_4.XLSX	Лист1	CNS210	PRJNA384130	SAMN10717554				SRX5235000		Teicoplanin	=	0.5		mic_sign '=' inferred
34589061	Table_4.XLSX	Лист1	CNS210	PRJNA384130	SAMN10717554				SRX5235000		Daptomycin	=	0.25		mic_sign '=' inferred
34589061	Table_4.XLSX	Лист1	CNS210	PRJNA384130	SAMN10717554				SRX5235000		Tigecycline	=	0.125		mic_sign '=' inferred
34589061	Table_4.XLSX	Лист1	CNS210	PRJNA384130	SAMN10717554				SRX5235000		Tetracycline	=	2		mic_sign '=' inferred
34589061	Table_4.XLSX	Лист1	CNS210	PRJNA384130	SAMN10717554				SRX5235000		Ceftaroline	=	0.25		mic_sign '=' inferred
34589061	Table_4.XLSX	Лист1	CNS210	PRJNA384130	SAMN10717554				SRX5235000		Rifampicin	=	0.5		mic_sign '=' inferred
34589061	Table_4.XLSX	Лист1	CNS210	PRJNA384130	SAMN10717554				SRX5235000		Ciprofloxacin	=	256		mic_sign '=' inferred
34589061	Table_4.XLSX	Лист1	CNS210	PRJNA384130	SAMN10717554				SRX5235000		Moxifloxacin	=	64.0		mic_sign '=' inferred
34589061	Table_4.XLSX	Лист1	CNS210	PRJNA384130	SAMN10717554				SRX5235000		Gentamicin	>	128		
34589061	Table_4.XLSX	Лист1	CNS210	PRJNA384130	SAMN10717554				SRX5235000		Mupirocin	>	32		
34589061	Table_4.XLSX	Лист1	CNS210	PRJNA384130	SAMN10717554				SRX5235000		Fusidic acid	=	8.0		mic_sign '=' inferred
34589061	Table_4.XLSX	Лист1	CNS210	PRJNA384130	SAMN10717554				SRX5235000		Trimethoprim-sulfamethoxazole	=	16.0		mic_sign '=' inferred
34589061	Table_4.XLSX	Лист1	CNS210	PRJNA384130	SAMN10717554				SRX5235000		Erythromycin	=	0.25		mic_sign '=' inferred
34589061	Table_4.XLSX	Лист1	CNS210	PRJNA384130	SAMN10717554				SRX5235000		Clindamycin	=	64		mic_sign '=' inferred
34589061	Table_4.XLSX	Лист1	CNS211	PRJNA384130	SAMN10717555				SRX5234999		Oxacillin	=	512		mic_sign '=' inferred
34589061	Table_4.XLSX	Лист1	CNS211	PRJNA384130	SAMN10717555				SRX5234999		Cefoxitin	=	512		mic_sign '=' inferred
34589061	Table_4.XLSX	Лист1	CNS211	PRJNA384130	SAMN10717555				SRX5234999		Linezolid	=	32		mic_sign '=' inferred
34589061	Table_4.XLSX	Лист1	CNS211	PRJNA384130	SAMN10717555				SRX5234999		Tedizolid	=	8		mic_sign '=' inferred
34589061	Table_4.XLSX	Лист1	CNS211	PRJNA384130	SAMN10717555				SRX5234999		Vancomycin	=	2		mic_sign '=' inferred
34589061	Table_4.XLSX	Лист1	CNS211	PRJNA384130	SAMN10717555				SRX5234999		Oritavancin	<	0.03		
34589061	Table_4.XLSX	Лист1	CNS211	PRJNA384130	SAMN10717555				SRX5234999		Dalbavancin	=	0.06		mic_sign '=' inferred
34589061	Table_4.XLSX	Лист1	CNS211	PRJNA384130	SAMN10717555				SRX5234999		Telavancin	=	0.125		mic_sign '=' inferred
34589061	Table_4.XLSX	Лист1	CNS211	PRJNA384130	SAMN10717555				SRX5234999		Teicoplanin	=	8.0		mic_sign '=' inferred
34589061	Table_4.XLSX	Лист1	CNS211	PRJNA384130	SAMN10717555				SRX5234999		Daptomycin	=	0.25		mic_sign '=' inferred
34589061	Table_4.XLSX	Лист1	CNS211	PRJNA384130	SAMN10717555				SRX5234999		Tigecycline	=	0.25		mic_sign '=' inferred
34589061	Table_4.XLSX	Лист1	CNS211	PRJNA384130	SAMN10717555				SRX5234999		Tetracycline	=	64		mic_sign '=' inferred
34589061	Table_4.XLSX	Лист1	CNS211	PRJNA384130	SAMN10717555				SRX5234999		Ceftaroline	=	1.0		mic_sign '=' inferred
34589061	Table_4.XLSX	Лист1	CNS211	PRJNA384130	SAMN10717555				SRX5234999		Rifampicin	=	1		mic_sign '=' inferred
34589061	Table_4.XLSX	Лист1	CNS211	PRJNA384130	SAMN10717555				SRX5234999		Ciprofloxacin	=	8		mic_sign '=' inferred
34589061	Table_4.XLSX	Лист1	CNS211	PRJNA384130	SAMN10717555				SRX5234999		Moxifloxacin	=	0.5		mic_sign '=' inferred
34589061	Table_4.XLSX	Лист1	CNS211	PRJNA384130	SAMN10717555				SRX5234999		Gentamicin	=	32		mic_sign '=' inferred
34589061	Table_4.XLSX	Лист1	CNS211	PRJNA384130	SAMN10717555				SRX5234999		Mupirocin	=	4		mic_sign '=' inferred
34589061	Table_4.XLSX	Лист1	CNS211	PRJNA384130	SAMN10717555				SRX5234999		Fusidic acid	=	0.125		mic_sign '=' inferred
34589061	Table_4.XLSX	Лист1	CNS211	PRJNA384130	SAMN10717555				SRX5234999		Trimethoprim-sulfamethoxazole	=	0.5		mic_sign '=' inferred
34589061	Table_4.XLSX	Лист1	CNS211	PRJNA384130	SAMN10717555				SRX5234999		Erythromycin	=	32		mic_sign '=' inferred
34589061	Table_4.XLSX	Лист1	CNS211	PRJNA384130	SAMN10717555				SRX5234999		Clindamycin	=	32		mic_sign '=' inferred
34589061	Table_4.XLSX	Лист1	CNS212	PRJNA384130	SAMN10717556				SRX5235002		Oxacillin	=	64		mic_sign '=' inferred
34589061	Table_4.XLSX	Лист1	CNS212	PRJNA384130	SAMN10717556				SRX5235002		Cefoxitin	=	32		mic_sign '=' inferred
34589061	Table_4.XLSX	Лист1	CNS212	PRJNA384130	SAMN10717556				SRX5235002		Linezolid	>	32		
34589061	Table_4.XLSX	Лист1	CNS212	PRJNA384130	SAMN10717556				SRX5235002		Tedizolid	>	32		
34589061	Table_4.XLSX	Лист1	CNS212	PRJNA384130	SAMN10717556				SRX5235002		Vancomycin	=	2		mic_sign '=' inferred
34589061	Table_4.XLSX	Лист1	CNS212	PRJNA384130	SAMN10717556				SRX5235002		Oritavancin	<	0.03		
34589061	Table_4.XLSX	Лист1	CNS212	PRJNA384130	SAMN10717556				SRX5235002		Dalbavancin	<	0.03		
34589061	Table_4.XLSX	Лист1	CNS212	PRJNA384130	SAMN10717556				SRX5235002		Telavancin	<	0.03		
34589061	Table_4.XLSX	Лист1	CNS212	PRJNA384130	SAMN10717556				SRX5235002		Teicoplanin	=	2.0		mic_sign '=' inferred
34589061	Table_4.XLSX	Лист1	CNS212	PRJNA384130	SAMN10717556				SRX5235002		Daptomycin	=	0.25		mic_sign '=' inferred
34589061	Table_4.XLSX	Лист1	CNS212	PRJNA384130	SAMN10717556				SRX5235002		Tigecycline	=	0.125		mic_sign '=' inferred
34589061	Table_4.XLSX	Лист1	CNS212	PRJNA384130	SAMN10717556				SRX5235002		Tetracycline	=	2		mic_sign '=' inferred
34589061	Table_4.XLSX	Лист1	CNS212	PRJNA384130	SAMN10717556				SRX5235002		Ceftaroline	=	0.25		mic_sign '=' inferred
34589061	Table_4.XLSX	Лист1	CNS212	PRJNA384130	SAMN10717556				SRX5235002		Rifampicin	=	0.5		mic_sign '=' inferred
34589061	Table_4.XLSX	Лист1	CNS212	PRJNA384130	SAMN10717556				SRX5235002		Ciprofloxacin	=	128		mic_sign '=' inferred
34589061	Table_4.XLSX	Лист1	CNS212	PRJNA384130	SAMN10717556				SRX5235002		Moxifloxacin	=	32.0		mic_sign '=' inferred
34589061	Table_4.XLSX	Лист1	CNS212	PRJNA384130	SAMN10717556				SRX5235002		Gentamicin	>	128		
34589061	Table_4.XLSX	Лист1	CNS212	PRJNA384130	SAMN10717556				SRX5235002		Mupirocin	>	32		
34589061	Table_4.XLSX	Лист1	CNS212	PRJNA384130	SAMN10717556				SRX5235002		Fusidic acid	=	8.0		mic_sign '=' inferred
34589061	Table_4.XLSX	Лист1	CNS212	PRJNA384130	SAMN10717556				SRX5235002		Trimethoprim-sulfamethoxazole	=	8.0		mic_sign '=' inferred
34589061	Table_4.XLSX	Лист1	CNS212	PRJNA384130	SAMN10717556				SRX5235002		Erythromycin	=	0.5		mic_sign '=' inferred
34589061	Table_4.XLSX	Лист1	CNS212	PRJNA384130	SAMN10717556				SRX5235002		Clindamycin	>	64		
34589061	Table_4.XLSX	Лист1	CNS213	PRJNA384130	SAMN10717557				SRX5235001		Oxacillin	=	32		mic_sign '=' inferred
34589061	Table_4.XLSX	Лист1	CNS213	PRJNA384130	SAMN10717557				SRX5235001		Cefoxitin	=	32		mic_sign '=' inferred
34589061	Table_4.XLSX	Лист1	CNS213	PRJNA384130	SAMN10717557				SRX5235001		Linezolid	>	32		
34589061	Table_4.XLSX	Лист1	CNS213	PRJNA384130	SAMN10717557				SRX5235001		Tedizolid	>	32		
34589061	Table_4.XLSX	Лист1	CNS213	PRJNA384130	SAMN10717557				SRX5235001		Vancomycin	=	2		mic_sign '=' inferred
34589061	Table_4.XLSX	Лист1	CNS213	PRJNA384130	SAMN10717557				SRX5235001		Oritavancin	<	0.03		
34589061	Table_4.XLSX	Лист1	CNS213	PRJNA384130	SAMN10717557				SRX5235001		Dalbavancin	<	0.03		
34589061	Table_4.XLSX	Лист1	CNS213	PRJNA384130	SAMN10717557				SRX5235001		Telavancin	<	0.03		
34589061	Table_4.XLSX	Лист1	CNS213	PRJNA384130	SAMN10717557				SRX5235001		Teicoplanin	=	1.0		mic_sign '=' inferred
34589061	Table_4.XLSX	Лист1	CNS213	PRJNA384130	SAMN10717557				SRX5235001		Daptomycin	=	0.25		mic_sign '=' inferred
34589061	Table_4.XLSX	Лист1	CNS213	PRJNA384130	SAMN10717557				SRX5235001		Tigecycline	=	0.125		mic_sign '=' inferred
34589061	Table_4.XLSX	Лист1	CNS213	PRJNA384130	SAMN10717557				SRX5235001		Tetracycline	=	2		mic_sign '=' inferred
34589061	Table_4.XLSX	Лист1	CNS213	PRJNA384130	SAMN10717557				SRX5235001		Ceftaroline	=	0.25		mic_sign '=' inferred
34589061	Table_4.XLSX	Лист1	CNS213	PRJNA384130	SAMN10717557				SRX5235001		Rifampicin	=	0.5		mic_sign '=' inferred
34589061	Table_4.XLSX	Лист1	CNS213	PRJNA384130	SAMN10717557				SRX5235001		Ciprofloxacin	>	256		
34589061	Table_4.XLSX	Лист1	CNS213	PRJNA384130	SAMN10717557				SRX5235001		Moxifloxacin	=	64.0		mic_sign '=' inferred
34589061	Table_4.XLSX	Лист1	CNS213	PRJNA384130	SAMN10717557				SRX5235001		Gentamicin	>	128		
34589061	Table_4.XLSX	Лист1	CNS213	PRJNA384130	SAMN10717557				SRX5235001		Mupirocin	>	32		
34589061	Table_4.XLSX	Лист1	CNS213	PRJNA384130	SAMN10717557				SRX5235001		Fusidic acid	=	16.0		mic_sign '=' inferred
34589061	Table_4.XLSX	Лист1	CNS213	PRJNA384130	SAMN10717557				SRX5235001		Trimethoprim-sulfamethoxazole	=	8.0		mic_sign '=' inferred
34589061	Table_4.XLSX	Лист1	CNS213	PRJNA384130	SAMN10717557				SRX5235001		Erythromycin	=	0.5		mic_sign '=' inferred
34589061	Table_4.XLSX	Лист1	CNS213	PRJNA384130	SAMN10717557				SRX5235001		Clindamycin	>	64		
34589061	Table_4.XLSX	Лист1	CNS216	PRJNA384130	SAMN10717558				SRX5235004		Oxacillin	=	128		mic_sign '=' inferred
34589061	Table_4.XLSX	Лист1	CNS216	PRJNA384130	SAMN10717558				SRX5235004		Cefoxitin	=	128		mic_sign '=' inferred
34589061	Table_4.XLSX	Лист1	CNS216	PRJNA384130	SAMN10717558				SRX5235004		Linezolid	=	32		mic_sign '=' inferred
34589061	Table_4.XLSX	Лист1	CNS216	PRJNA384130	SAMN10717558				SRX5235004		Tedizolid	=	4		mic_sign '=' inferred
34589061	Table_4.XLSX	Лист1	CNS216	PRJNA384130	SAMN10717558				SRX5235004		Vancomycin	=	2		mic_sign '=' inferred
34589061	Table_4.XLSX	Лист1	CNS216	PRJNA384130	SAMN10717558				SRX5235004		Oritavancin	<	0.03		
34589061	Table_4.XLSX	Лист1	CNS216	PRJNA384130	SAMN10717558				SRX5235004		Dalbavancin	=	0.06		mic_sign '=' inferred
34589061	Table_4.XLSX	Лист1	CNS216	PRJNA384130	SAMN10717558				SRX5235004		Telavancin	=	0.125		mic_sign '=' inferred
34589061	Table_4.XLSX	Лист1	CNS216	PRJNA384130	SAMN10717558				SRX5235004		Teicoplanin	=	0.25		mic_sign '=' inferred
34589061	Table_4.XLSX	Лист1	CNS216	PRJNA384130	SAMN10717558				SRX5235004		Daptomycin	=	0.25		mic_sign '=' inferred
34589061	Table_4.XLSX	Лист1	CNS216	PRJNA384130	SAMN10717558				SRX5235004		Tigecycline	=	0.125		mic_sign '=' inferred
34589061	Table_4.XLSX	Лист1	CNS216	PRJNA384130	SAMN10717558				SRX5235004		Tetracycline	=	1		mic_sign '=' inferred
34589061	Table_4.XLSX	Лист1	CNS216	PRJNA384130	SAMN10717558				SRX5235004		Ceftaroline	=	0.5		mic_sign '=' inferred
34589061	Table_4.XLSX	Лист1	CNS216	PRJNA384130	SAMN10717558				SRX5235004		Rifampicin	>	4		
34589061	Table_4.XLSX	Лист1	CNS216	PRJNA384130	SAMN10717558				SRX5235004		Ciprofloxacin	=	64		mic_sign '=' inferred
34589061	Table_4.XLSX	Лист1	CNS216	PRJNA384130	SAMN10717558				SRX5235004		Moxifloxacin	=	2.0		mic_sign '=' inferred
34589061	Table_4.XLSX	Лист1	CNS216	PRJNA384130	SAMN10717558				SRX5235004		Gentamicin	>	128		
34589061	Table_4.XLSX	Лист1	CNS216	PRJNA384130	SAMN10717558				SRX5235004		Mupirocin	=	0.25		mic_sign '=' inferred
34589061	Table_4.XLSX	Лист1	CNS216	PRJNA384130	SAMN10717558				SRX5235004		Fusidic acid	=	16.0		mic_sign '=' inferred
34589061	Table_4.XLSX	Лист1	CNS216	PRJNA384130	SAMN10717558				SRX5235004		Trimethoprim-sulfamethoxazole	=	16.0		mic_sign '=' inferred
34589061	Table_4.XLSX	Лист1	CNS216	PRJNA384130	SAMN10717558				SRX5235004		Erythromycin	=	0.5		mic_sign '=' inferred
34589061	Table_4.XLSX	Лист1	CNS216	PRJNA384130	SAMN10717558				SRX5235004		Clindamycin	=	1		mic_sign '=' inferred
34589061	Table_4.XLSX	Лист1	CNS221	PRJNA384130	SAMN10717559				SRX5235003		Oxacillin	>	512		
34589061	Table_4.XLSX	Лист1	CNS221	PRJNA384130	SAMN10717559				SRX5235003		Cefoxitin	=	256		mic_sign '=' inferred
34589061	Table_4.XLSX	Лист1	CNS221	PRJNA384130	SAMN10717559				SRX5235003		Linezolid	>	32		
34589061	Table_4.XLSX	Лист1	CNS221	PRJNA384130	SAMN10717559				SRX5235003		Tedizolid	=	4		mic_sign '=' inferred
34589061	Table_4.XLSX	Лист1	CNS221	PRJNA384130	SAMN10717559				SRX5235003		Vancomycin	=	2		mic_sign '=' inferred
34589061	Table_4.XLSX	Лист1	CNS221	PRJNA384130	SAMN10717559				SRX5235003		Oritavancin	<	0.03		
34589061	Table_4.XLSX	Лист1	CNS221	PRJNA384130	SAMN10717559				SRX5235003		Dalbavancin	=	0.125		mic_sign '=' inferred
34589061	Table_4.XLSX	Лист1	CNS221	PRJNA384130	SAMN10717559				SRX5235003		Telavancin	=	0.25		mic_sign '=' inferred
34589061	Table_4.XLSX	Лист1	CNS221	PRJNA384130	SAMN10717559				SRX5235003		Teicoplanin	=	16.0		mic_sign '=' inferred
34589061	Table_4.XLSX	Лист1	CNS221	PRJNA384130	SAMN10717559				SRX5235003		Daptomycin	=	0.125		mic_sign '=' inferred
34589061	Table_4.XLSX	Лист1	CNS221	PRJNA384130	SAMN10717559				SRX5235003		Tigecycline	=	0.25		mic_sign '=' inferred
34589061	Table_4.XLSX	Лист1	CNS221	PRJNA384130	SAMN10717559				SRX5235003		Tetracycline	=	64		mic_sign '=' inferred
34589061	Table_4.XLSX	Лист1	CNS221	PRJNA384130	SAMN10717559				SRX5235003		Ceftaroline	=	1.0		mic_sign '=' inferred
34589061	Table_4.XLSX	Лист1	CNS221	PRJNA384130	SAMN10717559				SRX5235003		Rifampicin	=	2		mic_sign '=' inferred
34589061	Table_4.XLSX	Лист1	CNS221	PRJNA384130	SAMN10717559				SRX5235003		Ciprofloxacin	=	4		mic_sign '=' inferred
34589061	Table_4.XLSX	Лист1	CNS221	PRJNA384130	SAMN10717559				SRX5235003		Moxifloxacin	=	1.0		mic_sign '=' inferred
34589061	Table_4.XLSX	Лист1	CNS221	PRJNA384130	SAMN10717559				SRX5235003		Gentamicin	=	8		mic_sign '=' inferred
34589061	Table_4.XLSX	Лист1	CNS221	PRJNA384130	SAMN10717559				SRX5235003		Mupirocin	=	1		mic_sign '=' inferred
34589061	Table_4.XLSX	Лист1	CNS221	PRJNA384130	SAMN10717559				SRX5235003		Fusidic acid	=	0.06		mic_sign '=' inferred
34589061	Table_4.XLSX	Лист1	CNS221	PRJNA384130	SAMN10717559				SRX5235003		Trimethoprim-sulfamethoxazole	=	0.5		mic_sign '=' inferred
34589061	Table_4.XLSX	Лист1	CNS221	PRJNA384130	SAMN10717559				SRX5235003		Erythromycin	=	128		mic_sign '=' inferred
34589061	Table_4.XLSX	Лист1	CNS221	PRJNA384130	SAMN10717559				SRX5235003		Clindamycin	=	1		mic_sign '=' inferred
34589061	Table_4.XLSX	Лист1	CNS222	PRJNA384130	SAMN10717560				SRX5235006		Oxacillin	=	128		mic_sign '=' inferred
34589061	Table_4.XLSX	Лист1	CNS222	PRJNA384130	SAMN10717560				SRX5235006		Cefoxitin	=	64		mic_sign '=' inferred
34589061	Table_4.XLSX	Лист1	CNS222	PRJNA384130	SAMN10717560				SRX5235006		Linezolid	>	32		
34589061	Table_4.XLSX	Лист1	CNS222	PRJNA384130	SAMN10717560				SRX5235006		Tedizolid	>	32		
34589061	Table_4.XLSX	Лист1	CNS222	PRJNA384130	SAMN10717560				SRX5235006		Vancomycin	=	2		mic_sign '=' inferred
34589061	Table_4.XLSX	Лист1	CNS222	PRJNA384130	SAMN10717560				SRX5235006		Oritavancin	=	0.125		mic_sign '=' inferred
34589061	Table_4.XLSX	Лист1	CNS222	PRJNA384130	SAMN10717560				SRX5235006		Dalbavancin	=	0.06		mic_sign '=' inferred
34589061	Table_4.XLSX	Лист1	CNS222	PRJNA384130	SAMN10717560				SRX5235006		Telavancin	=	0.125		mic_sign '=' inferred
34589061	Table_4.XLSX	Лист1	CNS222	PRJNA384130	SAMN10717560				SRX5235006		Teicoplanin	=	4.0		mic_sign '=' inferred
34589061	Table_4.XLSX	Лист1	CNS222	PRJNA384130	SAMN10717560				SRX5235006		Daptomycin	=	0.25		mic_sign '=' inferred
34589061	Table_4.XLSX	Лист1	CNS222	PRJNA384130	SAMN10717560				SRX5235006		Tigecycline	=	0.06		mic_sign '=' inferred
34589061	Table_4.XLSX	Лист1	CNS222	PRJNA384130	SAMN10717560				SRX5235006		Tetracycline	=	1		mic_sign '=' inferred
34589061	Table_4.XLSX	Лист1	CNS222	PRJNA384130	SAMN10717560				SRX5235006		Ceftaroline	=	0.5		mic_sign '=' inferred
34589061	Table_4.XLSX	Лист1	CNS222	PRJNA384130	SAMN10717560				SRX5235006		Rifampicin	<	0.004		
34589061	Table_4.XLSX	Лист1	CNS222	PRJNA384130	SAMN10717560				SRX5235006		Ciprofloxacin	=	64		mic_sign '=' inferred
34589061	Table_4.XLSX	Лист1	CNS222	PRJNA384130	SAMN10717560				SRX5235006		Moxifloxacin	=	64.0		mic_sign '=' inferred
34589061	Table_4.XLSX	Лист1	CNS222	PRJNA384130	SAMN10717560				SRX5235006		Gentamicin	>	128		
34589061	Table_4.XLSX	Лист1	CNS222	PRJNA384130	SAMN10717560				SRX5235006		Mupirocin	=	16		mic_sign '=' inferred
34589061	Table_4.XLSX	Лист1	CNS222	PRJNA384130	SAMN10717560				SRX5235006		Fusidic acid	=	16.0		mic_sign '=' inferred
34589061	Table_4.XLSX	Лист1	CNS222	PRJNA384130	SAMN10717560				SRX5235006		Trimethoprim-sulfamethoxazole	=	4.0		mic_sign '=' inferred
34589061	Table_4.XLSX	Лист1	CNS222	PRJNA384130	SAMN10717560				SRX5235006		Erythromycin	=	1		mic_sign '=' inferred
34589061	Table_4.XLSX	Лист1	CNS222	PRJNA384130	SAMN10717560				SRX5235006		Clindamycin	>	64		
34589061	Table_4.XLSX	Лист1	CNS223	PRJNA384130	SAMN10717561				SRX5235005		Oxacillin	=	512		mic_sign '=' inferred
34589061	Table_4.XLSX	Лист1	CNS223	PRJNA384130	SAMN10717561				SRX5235005		Cefoxitin	=	512		mic_sign '=' inferred
34589061	Table_4.XLSX	Лист1	CNS223	PRJNA384130	SAMN10717561				SRX5235005		Linezolid	>	32		
34589061	Table_4.XLSX	Лист1	CNS223	PRJNA384130	SAMN10717561				SRX5235005		Tedizolid	=	4		mic_sign '=' inferred
34589061	Table_4.XLSX	Лист1	CNS223	PRJNA384130	SAMN10717561				SRX5235005		Vancomycin	=	2		mic_sign '=' inferred
34589061	Table_4.XLSX	Лист1	CNS223	PRJNA384130	SAMN10717561				SRX5235005		Oritavancin	<	0.03		
34589061	Table_4.XLSX	Лист1	CNS223	PRJNA384130	SAMN10717561				SRX5235005		Dalbavancin	=	0.125		mic_sign '=' inferred
34589061	Table_4.XLSX	Лист1	CNS223	PRJNA384130	SAMN10717561				SRX5235005		Telavancin	=	0.25		mic_sign '=' inferred
34589061	Table_4.XLSX	Лист1	CNS223	PRJNA384130	SAMN10717561				SRX5235005		Teicoplanin	=	16.0		mic_sign '=' inferred
34589061	Table_4.XLSX	Лист1	CNS223	PRJNA384130	SAMN10717561				SRX5235005		Daptomycin	=	0.25		mic_sign '=' inferred
34589061	Table_4.XLSX	Лист1	CNS223	PRJNA384130	SAMN10717561				SRX5235005		Tigecycline	=	0.25		mic_sign '=' inferred
34589061	Table_4.XLSX	Лист1	CNS223	PRJNA384130	SAMN10717561				SRX5235005		Tetracycline	>	64		
34589061	Table_4.XLSX	Лист1	CNS223	PRJNA384130	SAMN10717561				SRX5235005		Ceftaroline	=	1.0		mic_sign '=' inferred
34589061	Table_4.XLSX	Лист1	CNS223	PRJNA384130	SAMN10717561				SRX5235005		Rifampicin	=	1		mic_sign '=' inferred
34589061	Table_4.XLSX	Лист1	CNS223	PRJNA384130	SAMN10717561				SRX5235005		Ciprofloxacin	=	16		mic_sign '=' inferred
34589061	Table_4.XLSX	Лист1	CNS223	PRJNA384130	SAMN10717561				SRX5235005		Moxifloxacin	=	0.5		mic_sign '=' inferred
34589061	Table_4.XLSX	Лист1	CNS223	PRJNA384130	SAMN10717561				SRX5235005		Gentamicin	=	16		mic_sign '=' inferred
34589061	Table_4.XLSX	Лист1	CNS223	PRJNA384130	SAMN10717561				SRX5235005		Mupirocin	=	1		mic_sign '=' inferred
34589061	Table_4.XLSX	Лист1	CNS223	PRJNA384130	SAMN10717561				SRX5235005		Fusidic acid	=	0.125		mic_sign '=' inferred
34589061	Table_4.XLSX	Лист1	CNS223	PRJNA384130	SAMN10717561				SRX5235005		Trimethoprim-sulfamethoxazole	=	0.5		mic_sign '=' inferred
34589061	Table_4.XLSX	Лист1	CNS223	PRJNA384130	SAMN10717561				SRX5235005		Erythromycin	=	128		mic_sign '=' inferred
34589061	Table_4.XLSX	Лист1	CNS223	PRJNA384130	SAMN10717561				SRX5235005		Clindamycin	=	0.5		mic_sign '=' inferred
34589061	Table_4.XLSX	Лист1	CNS228	PRJNA384130	SAMN10717562				SRX5234998		Oxacillin	=	128		mic_sign '=' inferred
34589061	Table_4.XLSX	Лист1	CNS228	PRJNA384130	SAMN10717562				SRX5234998		Cefoxitin	=	128		mic_sign '=' inferred
34589061	Table_4.XLSX	Лист1	CNS228	PRJNA384130	SAMN10717562				SRX5234998		Linezolid	=	32		mic_sign '=' inferred
34589061	Table_4.XLSX	Лист1	CNS228	PRJNA384130	SAMN10717562				SRX5234998		Tedizolid	=	2		mic_sign '=' inferred
34589061	Table_4.XLSX	Лист1	CNS228	PRJNA384130	SAMN10717562				SRX5234998		Vancomycin	=	2		mic_sign '=' inferred
34589061	Table_4.XLSX	Лист1	CNS228	PRJNA384130	SAMN10717562				SRX5234998		Oritavancin	<	0.03		
34589061	Table_4.XLSX	Лист1	CNS228	PRJNA384130	SAMN10717562				SRX5234998		Dalbavancin	<	0.03		
34589061	Table_4.XLSX	Лист1	CNS228	PRJNA384130	SAMN10717562				SRX5234998		Telavancin	=	0.06		mic_sign '=' inferred
34589061	Table_4.XLSX	Лист1	CNS228	PRJNA384130	SAMN10717562				SRX5234998		Teicoplanin	=	0.25		mic_sign '=' inferred
34589061	Table_4.XLSX	Лист1	CNS228	PRJNA384130	SAMN10717562				SRX5234998		Daptomycin	=	0.25		mic_sign '=' inferred
34589061	Table_4.XLSX	Лист1	CNS228	PRJNA384130	SAMN10717562				SRX5234998		Tigecycline	=	0.125		mic_sign '=' inferred
34589061	Table_4.XLSX	Лист1	CNS228	PRJNA384130	SAMN10717562				SRX5234998		Tetracycline	=	1		mic_sign '=' inferred
34589061	Table_4.XLSX	Лист1	CNS228	PRJNA384130	SAMN10717562				SRX5234998		Ceftaroline	=	0.25		mic_sign '=' inferred
34589061	Table_4.XLSX	Лист1	CNS228	PRJNA384130	SAMN10717562				SRX5234998		Rifampicin	>	4		
34589061	Table_4.XLSX	Лист1	CNS228	PRJNA384130	SAMN10717562				SRX5234998		Ciprofloxacin	=	64		mic_sign '=' inferred
34589061	Table_4.XLSX	Лист1	CNS228	PRJNA384130	SAMN10717562				SRX5234998		Moxifloxacin	=	2.0		mic_sign '=' inferred
34589061	Table_4.XLSX	Лист1	CNS228	PRJNA384130	SAMN10717562				SRX5234998		Gentamicin	>	128		
34589061	Table_4.XLSX	Лист1	CNS228	PRJNA384130	SAMN10717562				SRX5234998		Mupirocin	=	0.25		mic_sign '=' inferred
34589061	Table_4.XLSX	Лист1	CNS228	PRJNA384130	SAMN10717562				SRX5234998		Fusidic acid	=	16.0		mic_sign '=' inferred
34589061	Table_4.XLSX	Лист1	CNS228	PRJNA384130	SAMN10717562				SRX5234998		Trimethoprim-sulfamethoxazole	=	16.0		mic_sign '=' inferred
34589061	Table_4.XLSX	Лист1	CNS228	PRJNA384130	SAMN10717562				SRX5234998		Erythromycin	=	0.25		mic_sign '=' inferred
34589061	Table_4.XLSX	Лист1	CNS228	PRJNA384130	SAMN10717562				SRX5234998		Clindamycin	=	0.5		mic_sign '=' inferred
34589061	Table_4.XLSX	Лист1	CNS235	PRJNA384130	SAMN10717563				SRX5234997		Oxacillin	=	128		mic_sign '=' inferred
34589061	Table_4.XLSX	Лист1	CNS235	PRJNA384130	SAMN10717563				SRX5234997		Cefoxitin	=	64		mic_sign '=' inferred
34589061	Table_4.XLSX	Лист1	CNS235	PRJNA384130	SAMN10717563				SRX5234997		Linezolid	=	32		mic_sign '=' inferred
34589061	Table_4.XLSX	Лист1	CNS235	PRJNA384130	SAMN10717563				SRX5234997		Tedizolid	=	4		mic_sign '=' inferred
34589061	Table_4.XLSX	Лист1	CNS235	PRJNA384130	SAMN10717563				SRX5234997		Vancomycin	=	2		mic_sign '=' inferred
34589061	Table_4.XLSX	Лист1	CNS235	PRJNA384130	SAMN10717563				SRX5234997		Oritavancin	<	0.03		
34589061	Table_4.XLSX	Лист1	CNS235	PRJNA384130	SAMN10717563				SRX5234997		Dalbavancin	<	0.03		
34589061	Table_4.XLSX	Лист1	CNS235	PRJNA384130	SAMN10717563				SRX5234997		Telavancin	<	0.03		
34589061	Table_4.XLSX	Лист1	CNS235	PRJNA384130	SAMN10717563				SRX5234997		Teicoplanin	=	1.0		mic_sign '=' inferred
34589061	Table_4.XLSX	Лист1	CNS235	PRJNA384130	SAMN10717563				SRX5234997		Daptomycin	=	0.5		mic_sign '=' inferred
34589061	Table_4.XLSX	Лист1	CNS235	PRJNA384130	SAMN10717563				SRX5234997		Tigecycline	=	0.06		mic_sign '=' inferred
34589061	Table_4.XLSX	Лист1	CNS235	PRJNA384130	SAMN10717563				SRX5234997		Tetracycline	=	1		mic_sign '=' inferred
34589061	Table_4.XLSX	Лист1	CNS235	PRJNA384130	SAMN10717563				SRX5234997		Ceftaroline	=	0.5		mic_sign '=' inferred
34589061	Table_4.XLSX	Лист1	CNS235	PRJNA384130	SAMN10717563				SRX5234997		Rifampicin	>	4		
34589061	Table_4.XLSX	Лист1	CNS235	PRJNA384130	SAMN10717563				SRX5234997		Ciprofloxacin	=	256		mic_sign '=' inferred
34589061	Table_4.XLSX	Лист1	CNS235	PRJNA384130	SAMN10717563				SRX5234997		Moxifloxacin	=	2.0		mic_sign '=' inferred
34589061	Table_4.XLSX	Лист1	CNS235	PRJNA384130	SAMN10717563				SRX5234997		Gentamicin	>	128		
34589061	Table_4.XLSX	Лист1	CNS235	PRJNA384130	SAMN10717563				SRX5234997		Mupirocin	=	2		mic_sign '=' inferred
34589061	Table_4.XLSX	Лист1	CNS235	PRJNA384130	SAMN10717563				SRX5234997		Fusidic acid	=	16.0		mic_sign '=' inferred
34589061	Table_4.XLSX	Лист1	CNS235	PRJNA384130	SAMN10717563				SRX5234997		Trimethoprim-sulfamethoxazole	=	16.0		mic_sign '=' inferred
34589061	Table_4.XLSX	Лист1	CNS235	PRJNA384130	SAMN10717563				SRX5234997		Erythromycin	=	0.25		mic_sign '=' inferred
34589061	Table_4.XLSX	Лист1	CNS235	PRJNA384130	SAMN10717563				SRX5234997		Clindamycin	=	1		mic_sign '=' inferred
34589061	Table_4.XLSX	Лист1	CNS238	PRJNA384130	SAMN10717564				SRX5234980		Oxacillin	=	512		mic_sign '=' inferred
34589061	Table_4.XLSX	Лист1	CNS238	PRJNA384130	SAMN10717564				SRX5234980		Cefoxitin	=	256		mic_sign '=' inferred
34589061	Table_4.XLSX	Лист1	CNS238	PRJNA384130	SAMN10717564				SRX5234980		Linezolid	>	32		
34589061	Table_4.XLSX	Лист1	CNS238	PRJNA384130	SAMN10717564				SRX5234980		Tedizolid	=	4		mic_sign '=' inferred
34589061	Table_4.XLSX	Лист1	CNS238	PRJNA384130	SAMN10717564				SRX5234980		Vancomycin	=	2		mic_sign '=' inferred
34589061	Table_4.XLSX	Лист1	CNS238	PRJNA384130	SAMN10717564				SRX5234980		Oritavancin	<	0.03		
34589061	Table_4.XLSX	Лист1	CNS238	PRJNA384130	SAMN10717564				SRX5234980		Dalbavancin	=	0.03		mic_sign '=' inferred
34589061	Table_4.XLSX	Лист1	CNS238	PRJNA384130	SAMN10717564				SRX5234980		Telavancin	<	0.03		
34589061	Table_4.XLSX	Лист1	CNS238	PRJNA384130	SAMN10717564				SRX5234980		Teicoplanin	=	16.0		mic_sign '=' inferred
34589061	Table_4.XLSX	Лист1	CNS238	PRJNA384130	SAMN10717564				SRX5234980		Daptomycin	=	0.25		mic_sign '=' inferred
34589061	Table_4.XLSX	Лист1	CNS238	PRJNA384130	SAMN10717564				SRX5234980		Tigecycline	=	0.25		mic_sign '=' inferred
34589061	Table_4.XLSX	Лист1	CNS238	PRJNA384130	SAMN10717564				SRX5234980		Tetracycline	>	64		
34589061	Table_4.XLSX	Лист1	CNS238	PRJNA384130	SAMN10717564				SRX5234980		Ceftaroline	=	1.0		mic_sign '=' inferred
34589061	Table_4.XLSX	Лист1	CNS238	PRJNA384130	SAMN10717564				SRX5234980		Rifampicin	=	1		mic_sign '=' inferred
34589061	Table_4.XLSX	Лист1	CNS238	PRJNA384130	SAMN10717564				SRX5234980		Ciprofloxacin	=	16		mic_sign '=' inferred
34589061	Table_4.XLSX	Лист1	CNS238	PRJNA384130	SAMN10717564				SRX5234980		Moxifloxacin	=	0.5		mic_sign '=' inferred
34589061	Table_4.XLSX	Лист1	CNS238	PRJNA384130	SAMN10717564				SRX5234980		Gentamicin	=	16		mic_sign '=' inferred
34589061	Table_4.XLSX	Лист1	CNS238	PRJNA384130	SAMN10717564				SRX5234980		Mupirocin	=	1		mic_sign '=' inferred
34589061	Table_4.XLSX	Лист1	CNS238	PRJNA384130	SAMN10717564				SRX5234980		Fusidic acid	=	0.06		mic_sign '=' inferred
34589061	Table_4.XLSX	Лист1	CNS238	PRJNA384130	SAMN10717564				SRX5234980		Trimethoprim-sulfamethoxazole	=	0.5		mic_sign '=' inferred
34589061	Table_4.XLSX	Лист1	CNS238	PRJNA384130	SAMN10717564				SRX5234980		Erythromycin	=	32		mic_sign '=' inferred
34589061	Table_4.XLSX	Лист1	CNS238	PRJNA384130	SAMN10717564				SRX5234980		Clindamycin	>	64		
34589061	Table_4.XLSX	Лист1	CNS239	PRJNA384130	SAMN10717565				SRX5234981		Oxacillin	=	512		mic_sign '=' inferred
34589061	Table_4.XLSX	Лист1	CNS239	PRJNA384130	SAMN10717565				SRX5234981		Cefoxitin	=	256		mic_sign '=' inferred
34589061	Table_4.XLSX	Лист1	CNS239	PRJNA384130	SAMN10717565				SRX5234981		Linezolid	>	32		
34589061	Table_4.XLSX	Лист1	CNS239	PRJNA384130	SAMN10717565				SRX5234981		Tedizolid	=	4		mic_sign '=' inferred
34589061	Table_4.XLSX	Лист1	CNS239	PRJNA384130	SAMN10717565				SRX5234981		Vancomycin	=	2		mic_sign '=' inferred
34589061	Table_4.XLSX	Лист1	CNS239	PRJNA384130	SAMN10717565				SRX5234981		Oritavancin	=	0.125		mic_sign '=' inferred
34589061	Table_4.XLSX	Лист1	CNS239	PRJNA384130	SAMN10717565				SRX5234981		Dalbavancin	=	0.03		mic_sign '=' inferred
34589061	Table_4.XLSX	Лист1	CNS239	PRJNA384130	SAMN10717565				SRX5234981		Telavancin	=	0.06		mic_sign '=' inferred
34589061	Table_4.XLSX	Лист1	CNS239	PRJNA384130	SAMN10717565				SRX5234981		Teicoplanin	=	16.0		mic_sign '=' inferred
34589061	Table_4.XLSX	Лист1	CNS239	PRJNA384130	SAMN10717565				SRX5234981		Daptomycin	=	0.125		mic_sign '=' inferred
34589061	Table_4.XLSX	Лист1	CNS239	PRJNA384130	SAMN10717565				SRX5234981		Tigecycline	=	0.25		mic_sign '=' inferred
34589061	Table_4.XLSX	Лист1	CNS239	PRJNA384130	SAMN10717565				SRX5234981		Tetracycline	>	64		
34589061	Table_4.XLSX	Лист1	CNS239	PRJNA384130	SAMN10717565				SRX5234981		Ceftaroline	=	1.0		mic_sign '=' inferred
34589061	Table_4.XLSX	Лист1	CNS239	PRJNA384130	SAMN10717565				SRX5234981		Rifampicin	=	1		mic_sign '=' inferred
34589061	Table_4.XLSX	Лист1	CNS239	PRJNA384130	SAMN10717565				SRX5234981		Ciprofloxacin	=	16		mic_sign '=' inferred
34589061	Table_4.XLSX	Лист1	CNS239	PRJNA384130	SAMN10717565				SRX5234981		Moxifloxacin	=	0.5		mic_sign '=' inferred
34589061	Table_4.XLSX	Лист1	CNS239	PRJNA384130	SAMN10717565				SRX5234981		Gentamicin	=	16		mic_sign '=' inferred
34589061	Table_4.XLSX	Лист1	CNS239	PRJNA384130	SAMN10717565				SRX5234981		Mupirocin	=	1		mic_sign '=' inferred
34589061	Table_4.XLSX	Лист1	CNS239	PRJNA384130	SAMN10717565				SRX5234981		Fusidic acid	=	0.06		mic_sign '=' inferred
34589061	Table_4.XLSX	Лист1	CNS239	PRJNA384130	SAMN10717565				SRX5234981		Trimethoprim-sulfamethoxazole	=	0.5		mic_sign '=' inferred
34589061	Table_4.XLSX	Лист1	CNS239	PRJNA384130	SAMN10717565				SRX5234981		Erythromycin	=	16		mic_sign '=' inferred
34589061	Table_4.XLSX	Лист1	CNS239	PRJNA384130	SAMN10717565				SRX5234981		Clindamycin	>	64		
34589061	Table_4.XLSX	Лист1	CNS241	PRJNA384130	SAMN10717566				SRX5234982		Oxacillin	>	512		
34589061	Table_4.XLSX	Лист1	CNS241	PRJNA384130	SAMN10717566				SRX5234982		Cefoxitin	=	256		mic_sign '=' inferred
34589061	Table_4.XLSX	Лист1	CNS241	PRJNA384130	SAMN10717566				SRX5234982		Linezolid	>	32		
34589061	Table_4.XLSX	Лист1	CNS241	PRJNA384130	SAMN10717566				SRX5234982		Tedizolid	=	4		mic_sign '=' inferred
34589061	Table_4.XLSX	Лист1	CNS241	PRJNA384130	SAMN10717566				SRX5234982		Vancomycin	=	2		mic_sign '=' inferred
34589061	Table_4.XLSX	Лист1	CNS241	PRJNA384130	SAMN10717566				SRX5234982		Oritavancin	<	0.03		
34589061	Table_4.XLSX	Лист1	CNS241	PRJNA384130	SAMN10717566				SRX5234982		Dalbavancin	=	0.06		mic_sign '=' inferred
34589061	Table_4.XLSX	Лист1	CNS241	PRJNA384130	SAMN10717566				SRX5234982		Telavancin	=	0.06		mic_sign '=' inferred
34589061	Table_4.XLSX	Лист1	CNS241	PRJNA384130	SAMN10717566				SRX5234982		Teicoplanin	=	16.0		mic_sign '=' inferred
34589061	Table_4.XLSX	Лист1	CNS241	PRJNA384130	SAMN10717566				SRX5234982		Daptomycin	=	0.125		mic_sign '=' inferred
34589061	Table_4.XLSX	Лист1	CNS241	PRJNA384130	SAMN10717566				SRX5234982		Tigecycline	=	0.25		mic_sign '=' inferred
34589061	Table_4.XLSX	Лист1	CNS241	PRJNA384130	SAMN10717566				SRX5234982		Tetracycline	>	64		
34589061	Table_4.XLSX	Лист1	CNS241	PRJNA384130	SAMN10717566				SRX5234982		Ceftaroline	=	1.0		mic_sign '=' inferred
34589061	Table_4.XLSX	Лист1	CNS241	PRJNA384130	SAMN10717566				SRX5234982		Rifampicin	=	1		mic_sign '=' inferred
34589061	Table_4.XLSX	Лист1	CNS241	PRJNA384130	SAMN10717566				SRX5234982		Ciprofloxacin	=	16		mic_sign '=' inferred
34589061	Table_4.XLSX	Лист1	CNS241	PRJNA384130	SAMN10717566				SRX5234982		Moxifloxacin	=	0.5		mic_sign '=' inferred
34589061	Table_4.XLSX	Лист1	CNS241	PRJNA384130	SAMN10717566				SRX5234982		Gentamicin	=	16		mic_sign '=' inferred
34589061	Table_4.XLSX	Лист1	CNS241	PRJNA384130	SAMN10717566				SRX5234982		Mupirocin	=	1		mic_sign '=' inferred
34589061	Table_4.XLSX	Лист1	CNS241	PRJNA384130	SAMN10717566				SRX5234982		Fusidic acid	=	0.06		mic_sign '=' inferred
34589061	Table_4.XLSX	Лист1	CNS241	PRJNA384130	SAMN10717566				SRX5234982		Trimethoprim-sulfamethoxazole	=	0.5		mic_sign '=' inferred
34589061	Table_4.XLSX	Лист1	CNS241	PRJNA384130	SAMN10717566				SRX5234982		Erythromycin	=	32		mic_sign '=' inferred
34589061	Table_4.XLSX	Лист1	CNS241	PRJNA384130	SAMN10717566				SRX5234982		Clindamycin	>	64		
34589061	Table_4.XLSX	Лист1	CNS242	PRJNA384130	SAMN10717567				SRX5234983		Oxacillin	=	512		mic_sign '=' inferred
34589061	Table_4.XLSX	Лист1	CNS242	PRJNA384130	SAMN10717567				SRX5234983		Cefoxitin	=	512		mic_sign '=' inferred
34589061	Table_4.XLSX	Лист1	CNS242	PRJNA384130	SAMN10717567				SRX5234983		Linezolid	>	32		
34589061	Table_4.XLSX	Лист1	CNS242	PRJNA384130	SAMN10717567				SRX5234983		Tedizolid	=	8		mic_sign '=' inferred
34589061	Table_4.XLSX	Лист1	CNS242	PRJNA384130	SAMN10717567				SRX5234983		Vancomycin	=	4		mic_sign '=' inferred
34589061	Table_4.XLSX	Лист1	CNS242	PRJNA384130	SAMN10717567				SRX5234983		Oritavancin	=	0.125		mic_sign '=' inferred
34589061	Table_4.XLSX	Лист1	CNS242	PRJNA384130	SAMN10717567				SRX5234983		Dalbavancin	=	0.125		mic_sign '=' inferred
34589061	Table_4.XLSX	Лист1	CNS242	PRJNA384130	SAMN10717567				SRX5234983		Telavancin	=	0.125		mic_sign '=' inferred
34589061	Table_4.XLSX	Лист1	CNS242	PRJNA384130	SAMN10717567				SRX5234983		Teicoplanin	=	16.0		mic_sign '=' inferred
34589061	Table_4.XLSX	Лист1	CNS242	PRJNA384130	SAMN10717567				SRX5234983		Daptomycin	=	0.25		mic_sign '=' inferred
34589061	Table_4.XLSX	Лист1	CNS242	PRJNA384130	SAMN10717567				SRX5234983		Tigecycline	=	0.25		mic_sign '=' inferred
34589061	Table_4.XLSX	Лист1	CNS242	PRJNA384130	SAMN10717567				SRX5234983		Tetracycline	>	64		
34589061	Table_4.XLSX	Лист1	CNS242	PRJNA384130	SAMN10717567				SRX5234983		Ceftaroline	=	1.0		mic_sign '=' inferred
34589061	Table_4.XLSX	Лист1	CNS242	PRJNA384130	SAMN10717567				SRX5234983		Rifampicin	=	2		mic_sign '=' inferred
34589061	Table_4.XLSX	Лист1	CNS242	PRJNA384130	SAMN10717567				SRX5234983		Ciprofloxacin	=	16		mic_sign '=' inferred
34589061	Table_4.XLSX	Лист1	CNS242	PRJNA384130	SAMN10717567				SRX5234983		Moxifloxacin	=	1.0		mic_sign '=' inferred
34589061	Table_4.XLSX	Лист1	CNS242	PRJNA384130	SAMN10717567				SRX5234983		Gentamicin	=	16		mic_sign '=' inferred
34589061	Table_4.XLSX	Лист1	CNS242	PRJNA384130	SAMN10717567				SRX5234983		Mupirocin	=	1		mic_sign '=' inferred
34589061	Table_4.XLSX	Лист1	CNS242	PRJNA384130	SAMN10717567				SRX5234983		Fusidic acid	=	0.125		mic_sign '=' inferred
34589061	Table_4.XLSX	Лист1	CNS242	PRJNA384130	SAMN10717567				SRX5234983		Trimethoprim-sulfamethoxazole	=	1.0		mic_sign '=' inferred
34589061	Table_4.XLSX	Лист1	CNS242	PRJNA384130	SAMN10717567				SRX5234983		Erythromycin	=	32		mic_sign '=' inferred
34589061	Table_4.XLSX	Лист1	CNS242	PRJNA384130	SAMN10717567				SRX5234983		Clindamycin	>	64		
34589061	Table_4.XLSX	Лист1	CNS243	PRJNA384130	SAMN10717568				SRX5234984		Oxacillin	=	64		mic_sign '=' inferred
34589061	Table_4.XLSX	Лист1	CNS243	PRJNA384130	SAMN10717568				SRX5234984		Cefoxitin	=	64		mic_sign '=' inferred
34589061	Table_4.XLSX	Лист1	CNS243	PRJNA384130	SAMN10717568				SRX5234984		Linezolid	>	32		
34589061	Table_4.XLSX	Лист1	CNS243	PRJNA384130	SAMN10717568				SRX5234984		Tedizolid	=	16		mic_sign '=' inferred
34589061	Table_4.XLSX	Лист1	CNS243	PRJNA384130	SAMN10717568				SRX5234984		Vancomycin	=	2		mic_sign '=' inferred
34589061	Table_4.XLSX	Лист1	CNS243	PRJNA384130	SAMN10717568				SRX5234984		Oritavancin	=	0.125		mic_sign '=' inferred
34589061	Table_4.XLSX	Лист1	CNS243	PRJNA384130	SAMN10717568				SRX5234984		Dalbavancin	<	0.03		
34589061	Table_4.XLSX	Лист1	CNS243	PRJNA384130	SAMN10717568				SRX5234984		Telavancin	=	0.06		mic_sign '=' inferred
34589061	Table_4.XLSX	Лист1	CNS243	PRJNA384130	SAMN10717568				SRX5234984		Teicoplanin	=	2.0		mic_sign '=' inferred
34589061	Table_4.XLSX	Лист1	CNS243	PRJNA384130	SAMN10717568				SRX5234984		Daptomycin	=	0.25		mic_sign '=' inferred
34589061	Table_4.XLSX	Лист1	CNS243	PRJNA384130	SAMN10717568				SRX5234984		Tigecycline	=	0.25		mic_sign '=' inferred
34589061	Table_4.XLSX	Лист1	CNS243	PRJNA384130	SAMN10717568				SRX5234984		Tetracycline	=	2		mic_sign '=' inferred
34589061	Table_4.XLSX	Лист1	CNS243	PRJNA384130	SAMN10717568				SRX5234984		Ceftaroline	=	0.25		mic_sign '=' inferred
34589061	Table_4.XLSX	Лист1	CNS243	PRJNA384130	SAMN10717568				SRX5234984		Rifampicin	>	4		
34589061	Table_4.XLSX	Лист1	CNS243	PRJNA384130	SAMN10717568				SRX5234984		Ciprofloxacin	=	256		mic_sign '=' inferred
34589061	Table_4.XLSX	Лист1	CNS243	PRJNA384130	SAMN10717568				SRX5234984		Moxifloxacin	=	2.0		mic_sign '=' inferred
34589061	Table_4.XLSX	Лист1	CNS243	PRJNA384130	SAMN10717568				SRX5234984		Gentamicin	>	128		
34589061	Table_4.XLSX	Лист1	CNS243	PRJNA384130	SAMN10717568				SRX5234984		Mupirocin	=	16		mic_sign '=' inferred
34589061	Table_4.XLSX	Лист1	CNS243	PRJNA384130	SAMN10717568				SRX5234984		Fusidic acid	=	16.0		mic_sign '=' inferred
34589061	Table_4.XLSX	Лист1	CNS243	PRJNA384130	SAMN10717568				SRX5234984		Trimethoprim-sulfamethoxazole	=	16.0		mic_sign '=' inferred
34589061	Table_4.XLSX	Лист1	CNS243	PRJNA384130	SAMN10717568				SRX5234984		Erythromycin	=	8		mic_sign '=' inferred
34589061	Table_4.XLSX	Лист1	CNS243	PRJNA384130	SAMN10717568				SRX5234984		Clindamycin	=	4		mic_sign '=' inferred
34589061	Table_4.XLSX	Лист1	CNS244	PRJNA384130	SAMN10717569				SRX5234985		Oxacillin	=	64		mic_sign '=' inferred
34589061	Table_4.XLSX	Лист1	CNS244	PRJNA384130	SAMN10717569				SRX5234985		Cefoxitin	=	64		mic_sign '=' inferred
34589061	Table_4.XLSX	Лист1	CNS244	PRJNA384130	SAMN10717569				SRX5234985		Linezolid	>	32		
34589061	Table_4.XLSX	Лист1	CNS244	PRJNA384130	SAMN10717569				SRX5234985		Tedizolid	=	16		mic_sign '=' inferred
34589061	Table_4.XLSX	Лист1	CNS244	PRJNA384130	SAMN10717569				SRX5234985		Vancomycin	=	2		mic_sign '=' inferred
34589061	Table_4.XLSX	Лист1	CNS244	PRJNA384130	SAMN10717569				SRX5234985		Oritavancin	<	0.03		
34589061	Table_4.XLSX	Лист1	CNS244	PRJNA384130	SAMN10717569				SRX5234985		Dalbavancin	=	0.03		mic_sign '=' inferred
34589061	Table_4.XLSX	Лист1	CNS244	PRJNA384130	SAMN10717569				SRX5234985		Telavancin	=	0.06		mic_sign '=' inferred
34589061	Table_4.XLSX	Лист1	CNS244	PRJNA384130	SAMN10717569				SRX5234985		Teicoplanin	=	4.0		mic_sign '=' inferred
34589061	Table_4.XLSX	Лист1	CNS244	PRJNA384130	SAMN10717569				SRX5234985		Daptomycin	=	0.25		mic_sign '=' inferred
34589061	Table_4.XLSX	Лист1	CNS244	PRJNA384130	SAMN10717569				SRX5234985		Tigecycline	=	0.125		mic_sign '=' inferred
34589061	Table_4.XLSX	Лист1	CNS244	PRJNA384130	SAMN10717569				SRX5234985		Tetracycline	=	0.5		mic_sign '=' inferred
34589061	Table_4.XLSX	Лист1	CNS244	PRJNA384130	SAMN10717569				SRX5234985		Ceftaroline	=	0.25		mic_sign '=' inferred
34589061	Table_4.XLSX	Лист1	CNS244	PRJNA384130	SAMN10717569				SRX5234985		Rifampicin	>	4		
34589061	Table_4.XLSX	Лист1	CNS244	PRJNA384130	SAMN10717569				SRX5234985		Ciprofloxacin	=	64		mic_sign '=' inferred
34589061	Table_4.XLSX	Лист1	CNS244	PRJNA384130	SAMN10717569				SRX5234985		Moxifloxacin	=	2.0		mic_sign '=' inferred
34589061	Table_4.XLSX	Лист1	CNS244	PRJNA384130	SAMN10717569				SRX5234985		Gentamicin	>	128		
34589061	Table_4.XLSX	Лист1	CNS244	PRJNA384130	SAMN10717569				SRX5234985		Mupirocin	=	16		mic_sign '=' inferred
34589061	Table_4.XLSX	Лист1	CNS244	PRJNA384130	SAMN10717569				SRX5234985		Fusidic acid	=	8.0		mic_sign '=' inferred
34589061	Table_4.XLSX	Лист1	CNS244	PRJNA384130	SAMN10717569				SRX5234985		Trimethoprim-sulfamethoxazole	=	16.0		mic_sign '=' inferred
34589061	Table_4.XLSX	Лист1	CNS244	PRJNA384130	SAMN10717569				SRX5234985		Erythromycin	=	8		mic_sign '=' inferred
34589061	Table_4.XLSX	Лист1	CNS244	PRJNA384130	SAMN10717569				SRX5234985		Clindamycin	=	2		mic_sign '=' inferred
34589061	Table_4.XLSX	Лист1	CNS245	PRJNA384130	SAMN10717570				SRX5234986		Oxacillin	>	512		
34589061	Table_4.XLSX	Лист1	CNS245	PRJNA384130	SAMN10717570				SRX5234986		Cefoxitin	=	512		mic_sign '=' inferred
34589061	Table_4.XLSX	Лист1	CNS245	PRJNA384130	SAMN10717570				SRX5234986		Linezolid	>	32		
34589061	Table_4.XLSX	Лист1	CNS245	PRJNA384130	SAMN10717570				SRX5234986		Tedizolid	=	8		mic_sign '=' inferred
34589061	Table_4.XLSX	Лист1	CNS245	PRJNA384130	SAMN10717570				SRX5234986		Vancomycin	=	2		mic_sign '=' inferred
34589061	Table_4.XLSX	Лист1	CNS245	PRJNA384130	SAMN10717570				SRX5234986		Oritavancin	=	0.125		mic_sign '=' inferred
34589061	Table_4.XLSX	Лист1	CNS245	PRJNA384130	SAMN10717570				SRX5234986		Dalbavancin	=	0.125		mic_sign '=' inferred
34589061	Table_4.XLSX	Лист1	CNS245	PRJNA384130	SAMN10717570				SRX5234986		Telavancin	=	0.125		mic_sign '=' inferred
34589061	Table_4.XLSX	Лист1	CNS245	PRJNA384130	SAMN10717570				SRX5234986		Teicoplanin	=	16.0		mic_sign '=' inferred
34589061	Table_4.XLSX	Лист1	CNS245	PRJNA384130	SAMN10717570				SRX5234986		Daptomycin	=	0.25		mic_sign '=' inferred
34589061	Table_4.XLSX	Лист1	CNS245	PRJNA384130	SAMN10717570				SRX5234986		Tigecycline	=	0.25		mic_sign '=' inferred
34589061	Table_4.XLSX	Лист1	CNS245	PRJNA384130	SAMN10717570				SRX5234986		Tetracycline	>	64		
34589061	Table_4.XLSX	Лист1	CNS245	PRJNA384130	SAMN10717570				SRX5234986		Ceftaroline	=	1.0		mic_sign '=' inferred
34589061	Table_4.XLSX	Лист1	CNS245	PRJNA384130	SAMN10717570				SRX5234986		Rifampicin	=	1		mic_sign '=' inferred
34589061	Table_4.XLSX	Лист1	CNS245	PRJNA384130	SAMN10717570				SRX5234986		Ciprofloxacin	=	16		mic_sign '=' inferred
34589061	Table_4.XLSX	Лист1	CNS245	PRJNA384130	SAMN10717570				SRX5234986		Moxifloxacin	=	0.5		mic_sign '=' inferred
34589061	Table_4.XLSX	Лист1	CNS245	PRJNA384130	SAMN10717570				SRX5234986		Gentamicin	=	16		mic_sign '=' inferred
34589061	Table_4.XLSX	Лист1	CNS245	PRJNA384130	SAMN10717570				SRX5234986		Mupirocin	=	1		mic_sign '=' inferred
34589061	Table_4.XLSX	Лист1	CNS245	PRJNA384130	SAMN10717570				SRX5234986		Fusidic acid	=	0.125		mic_sign '=' inferred
34589061	Table_4.XLSX	Лист1	CNS245	PRJNA384130	SAMN10717570				SRX5234986		Trimethoprim-sulfamethoxazole	=	0.5		mic_sign '=' inferred
34589061	Table_4.XLSX	Лист1	CNS245	PRJNA384130	SAMN10717570				SRX5234986		Erythromycin	=	32		mic_sign '=' inferred
34589061	Table_4.XLSX	Лист1	CNS245	PRJNA384130	SAMN10717570				SRX5234986		Clindamycin	>	64		
34589061	Table_4.XLSX	Лист1	SA0658	PRJNA384130	SAMN06829247				SRX2765619		Oxacillin	=	256		mic_sign '=' inferred
34589061	Table_4.XLSX	Лист1	SA0658	PRJNA384130	SAMN06829247				SRX2765619		Cefoxitin	=	256		mic_sign '=' inferred
34589061	Table_4.XLSX	Лист1	SA0658	PRJNA384130	SAMN06829247				SRX2765619		Linezolid	=	32		mic_sign '=' inferred
34589061	Table_4.XLSX	Лист1	SA0658	PRJNA384130	SAMN06829247				SRX2765619		Tedizolid	=	4		mic_sign '=' inferred
34589061	Table_4.XLSX	Лист1	SA0658	PRJNA384130	SAMN06829247				SRX2765619		Vancomycin	=	2		mic_sign '=' inferred
34589061	Table_4.XLSX	Лист1	SA0658	PRJNA384130	SAMN06829247				SRX2765619		Oritavancin	=	0.125		mic_sign '=' inferred
34589061	Table_4.XLSX	Лист1	SA0658	PRJNA384130	SAMN06829247				SRX2765619		Dalbavancin	=	0.06		mic_sign '=' inferred
34589061	Table_4.XLSX	Лист1	SA0658	PRJNA384130	SAMN06829247				SRX2765619		Telavancin	=	0.125		mic_sign '=' inferred
34589061	Table_4.XLSX	Лист1	SA0658	PRJNA384130	SAMN06829247				SRX2765619		Teicoplanin	=	16.0		mic_sign '=' inferred
34589061	Table_4.XLSX	Лист1	SA0658	PRJNA384130	SAMN06829247				SRX2765619		Daptomycin	=	0.125		mic_sign '=' inferred
34589061	Table_4.XLSX	Лист1	SA0658	PRJNA384130	SAMN06829247				SRX2765619		Tigecycline	=	0.25		mic_sign '=' inferred
34589061	Table_4.XLSX	Лист1	SA0658	PRJNA384130	SAMN06829247				SRX2765619		Tetracycline	=	2		mic_sign '=' inferred
34589061	Table_4.XLSX	Лист1	SA0658	PRJNA384130	SAMN06829247				SRX2765619		Ceftaroline	=	0.5		mic_sign '=' inferred
34589061	Table_4.XLSX	Лист1	SA0658	PRJNA384130	SAMN06829247				SRX2765619		Rifampicin	>	4		
34589061	Table_4.XLSX	Лист1	SA0658	PRJNA384130	SAMN06829247				SRX2765619		Ciprofloxacin	=	8		mic_sign '=' inferred
34589061	Table_4.XLSX	Лист1	SA0658	PRJNA384130	SAMN06829247				SRX2765619		Moxifloxacin	=	2.0		mic_sign '=' inferred
34589061	Table_4.XLSX	Лист1	SA0658	PRJNA384130	SAMN06829247				SRX2765619		Gentamicin	=	128		mic_sign '=' inferred
34589061	Table_4.XLSX	Лист1	SA0658	PRJNA384130	SAMN06829247				SRX2765619		Mupirocin	=	16		mic_sign '=' inferred
34589061	Table_4.XLSX	Лист1	SA0658	PRJNA384130	SAMN06829247				SRX2765619		Fusidic acid	=	2.0		mic_sign '=' inferred
34589061	Table_4.XLSX	Лист1	SA0658	PRJNA384130	SAMN06829247				SRX2765619		Trimethoprim-sulfamethoxazole	=	4.0		mic_sign '=' inferred
34589061	Table_4.XLSX	Лист1	SA0658	PRJNA384130	SAMN06829247				SRX2765619		Erythromycin	=	128		mic_sign '=' inferred
34589061	Table_4.XLSX	Лист1	SA0658	PRJNA384130	SAMN06829247				SRX2765619		Clindamycin	=	2		mic_sign '=' inferred
