pmid	file_name	sheet_name	isolate_id	bioproject_accession	biosample_accession	assembly_accession	genbank_accessions	refseq_accessions	sra_accession	other_accessions	drug	mic_sign	mic	sir_call	notes
35756053	Table_2.XLSX	Sheet1	GN3F + FRCOL								amikacin	<=	8		
35756053	Table_2.XLSX	Sheet1	GN3F + FRCOL								ampicillin	>	32		
35756053	Table_2.XLSX	Sheet1	GN3F + FRCOL								ampicillin/sulbactam	=	16/8		mic_sign '=' inferred
35756053	Table_2.XLSX	Sheet1	GN3F + FRCOL								aztreonam	<=	4		
35756053	Table_2.XLSX	Sheet1	GN3F + FRCOL								cefazolin	<=	4		
35756053	Table_2.XLSX	Sheet1	GN3F + FRCOL								cefepime	<=	4		
35756053	Table_2.XLSX	Sheet1	GN3F + FRCOL								cephalothin	=	16		mic_sign '=' inferred
35756053	Table_2.XLSX	Sheet1	GN3F + FRCOL								meropenem	<=	1		
35756053	Table_2.XLSX	Sheet1	GN3F + FRCOL								ertapenem	<=	2		
35756053	Table_2.XLSX	Sheet1	GN3F + FRCOL								cefuroxime	<=	4		
35756053	Table_2.XLSX	Sheet1	GN3F + FRCOL								gentamicin	<=	2		
35756053	Table_2.XLSX	Sheet1	GN3F + FRCOL								ciprofloxacin	<=	0.5		
35756053	Table_2.XLSX	Sheet1	GN3F + FRCOL								piperacillin/tazobactam	<=	16/4		
35756053	Table_2.XLSX	Sheet1	GN3F + FRCOL								cefoxitin	<=	4		
35756053	Table_2.XLSX	Sheet1	GN3F + FRCOL								trimethoprim	<=	0.5/9.5		
35756053	Table_2.XLSX	Sheet1	GN3F + FRCOL								cefpodoxime	<=	2		
35756053	Table_2.XLSX	Sheet1	GN3F + FRCOL								ceftazidime	<=	1		
35756053	Table_2.XLSX	Sheet1	GN3F + FRCOL								tobramycin	<=	4		
35756053	Table_2.XLSX	Sheet1	GN3F + FRCOL								tigecycline	<=	1		
35756053	Table_2.XLSX	Sheet1	GN3F + FRCOL								ticarcillin/clavulanic acid	<=	16/2		
35756053	Table_2.XLSX	Sheet1	GN3F + FRCOL								ceftriaxone	<=	1		
35756053	Table_2.XLSX	Sheet1	GN3F + FRCOL								tetracycline	>	16		
35756053	Table_2.XLSX	Sheet1	GN3F + FRCOL								colistin	=	0.5		mic_sign '=' inferred
35756053	Table_2.XLSX	Sheet1	GN3F + FRCOL								amikacin	<=	8		
35756053	Table_2.XLSX	Sheet1	GN3F + FRCOL								ampicillin	<=	4		
35756053	Table_2.XLSX	Sheet1	GN3F + FRCOL								ampicillin/sulbactam	<=	4/2		
35756053	Table_2.XLSX	Sheet1	GN3F + FRCOL								aztreonam	<=	4		
35756053	Table_2.XLSX	Sheet1	GN3F + FRCOL								cefazolin	<=	4		
35756053	Table_2.XLSX	Sheet1	GN3F + FRCOL								cefepime	<=	4		
35756053	Table_2.XLSX	Sheet1	GN3F + FRCOL								cephalothin	=	8		mic_sign '=' inferred
35756053	Table_2.XLSX	Sheet1	GN3F + FRCOL								meropenem	<=	1		
35756053	Table_2.XLSX	Sheet1	GN3F + FRCOL								ertapenem	<=	2		
35756053	Table_2.XLSX	Sheet1	GN3F + FRCOL								cefuroxime	<=	4		
35756053	Table_2.XLSX	Sheet1	GN3F + FRCOL								gentamicin	<=	2		
35756053	Table_2.XLSX	Sheet1	GN3F + FRCOL								ciprofloxacin	<=	0.5		
35756053	Table_2.XLSX	Sheet1	GN3F + FRCOL								piperacillin/tazobactam	<=	16/4		
35756053	Table_2.XLSX	Sheet1	GN3F + FRCOL								cefoxitin	<=	4		
35756053	Table_2.XLSX	Sheet1	GN3F + FRCOL								trimethoprim	<=	0.5/9.5		
35756053	Table_2.XLSX	Sheet1	GN3F + FRCOL								cefpodoxime	<=	2		
35756053	Table_2.XLSX	Sheet1	GN3F + FRCOL								ceftazidime	<=	1		
35756053	Table_2.XLSX	Sheet1	GN3F + FRCOL								tobramycin	<=	4		
35756053	Table_2.XLSX	Sheet1	GN3F + FRCOL								tigecycline	<=	1		
35756053	Table_2.XLSX	Sheet1	GN3F + FRCOL								ticarcillin/clavulanic acid	<=	16/2		
35756053	Table_2.XLSX	Sheet1	GN3F + FRCOL								ceftriaxone	<=	1		
35756053	Table_2.XLSX	Sheet1	GN3F + FRCOL								tetracycline	=	1		mic_sign '=' inferred
35756053	Table_2.XLSX	Sheet1	GN3F + FRCOL								colistin	=	0.5		mic_sign '=' inferred
35756053	Table_2.XLSX	Sheet1	GN3F + FRCOL								amikacin	<=	8		
35756053	Table_2.XLSX	Sheet1	GN3F + FRCOL								ampicillin	>	32		
35756053	Table_2.XLSX	Sheet1	GN3F + FRCOL								ampicillin/sulbactam	=	8/4		mic_sign '=' inferred
35756053	Table_2.XLSX	Sheet1	GN3F + FRCOL								aztreonam	<=	4		
35756053	Table_2.XLSX	Sheet1	GN3F + FRCOL								cefazolin	<=	4		
35756053	Table_2.XLSX	Sheet1	GN3F + FRCOL								cefepime	<=	4		
35756053	Table_2.XLSX	Sheet1	GN3F + FRCOL								cephalothin	=	8		mic_sign '=' inferred
35756053	Table_2.XLSX	Sheet1	GN3F + FRCOL								meropenem	<=	1		
35756053	Table_2.XLSX	Sheet1	GN3F + FRCOL								ertapenem	<=	2		
35756053	Table_2.XLSX	Sheet1	GN3F + FRCOL								cefuroxime	<=	4		
35756053	Table_2.XLSX	Sheet1	GN3F + FRCOL								gentamicin	>	16		
35756053	Table_2.XLSX	Sheet1	GN3F + FRCOL								ciprofloxacin	<=	0.5		
35756053	Table_2.XLSX	Sheet1	GN3F + FRCOL								piperacillin/tazobactam	<=	16/4		
35756053	Table_2.XLSX	Sheet1	GN3F + FRCOL								cefoxitin	<=	4		
35756053	Table_2.XLSX	Sheet1	GN3F + FRCOL								trimethoprim	<=	0.5/9.5		
35756053	Table_2.XLSX	Sheet1	GN3F + FRCOL								cefpodoxime	<=	2		
35756053	Table_2.XLSX	Sheet1	GN3F + FRCOL								ceftazidime	<=	1		
35756053	Table_2.XLSX	Sheet1	GN3F + FRCOL								tobramycin	>	8		
35756053	Table_2.XLSX	Sheet1	GN3F + FRCOL								tigecycline	<=	1		
35756053	Table_2.XLSX	Sheet1	GN3F + FRCOL								ticarcillin/clavulanic acid	<=	16/2		
35756053	Table_2.XLSX	Sheet1	GN3F + FRCOL								ceftriaxone	<=	1		
35756053	Table_2.XLSX	Sheet1	GN3F + FRCOL								tetracycline	=	2		mic_sign '=' inferred
35756053	Table_2.XLSX	Sheet1	GN3F + FRCOL								colistin	=	0.5		mic_sign '=' inferred
35756053	Table_2.XLSX	Sheet1	GN3F + FRCOL								amikacin	<=	8		
35756053	Table_2.XLSX	Sheet1	GN3F + FRCOL								ampicillin	>	32		
35756053	Table_2.XLSX	Sheet1	GN3F + FRCOL								ampicillin/sulbactam	=	32/16		mic_sign '=' inferred
35756053	Table_2.XLSX	Sheet1	GN3F + FRCOL								aztreonam	<=	4		
35756053	Table_2.XLSX	Sheet1	GN3F + FRCOL								cefazolin	<=	4		
35756053	Table_2.XLSX	Sheet1	GN3F + FRCOL								cefepime	<=	4		
35756053	Table_2.XLSX	Sheet1	GN3F + FRCOL								cephalothin	=	8		mic_sign '=' inferred
35756053	Table_2.XLSX	Sheet1	GN3F + FRCOL								meropenem	<=	1		
35756053	Table_2.XLSX	Sheet1	GN3F + FRCOL								ertapenem	<=	2		
35756053	Table_2.XLSX	Sheet1	GN3F + FRCOL								cefuroxime	<=	4		
35756053	Table_2.XLSX	Sheet1	GN3F + FRCOL								gentamicin	<=	2		
35756053	Table_2.XLSX	Sheet1	GN3F + FRCOL								ciprofloxacin	>	4		
35756053	Table_2.XLSX	Sheet1	GN3F + FRCOL								piperacillin/tazobactam	<=	16/4		
35756053	Table_2.XLSX	Sheet1	GN3F + FRCOL								cefoxitin	<=	4		
35756053	Table_2.XLSX	Sheet1	GN3F + FRCOL								trimethoprim	<=	0.5/9.5		
35756053	Table_2.XLSX	Sheet1	GN3F + FRCOL								cefpodoxime	<=	2		
35756053	Table_2.XLSX	Sheet1	GN3F + FRCOL								ceftazidime	<=	1		
35756053	Table_2.XLSX	Sheet1	GN3F + FRCOL								tobramycin	<=	4		
35756053	Table_2.XLSX	Sheet1	GN3F + FRCOL								tigecycline	<=	1		
35756053	Table_2.XLSX	Sheet1	GN3F + FRCOL								ticarcillin/clavulanic acid	=	32/2		mic_sign '=' inferred
35756053	Table_2.XLSX	Sheet1	GN3F + FRCOL								ceftriaxone	<=	1		
35756053	Table_2.XLSX	Sheet1	GN3F + FRCOL								tetracycline	=	1		mic_sign '=' inferred
35756053	Table_2.XLSX	Sheet1	GN3F + FRCOL								colistin	=	0.25		mic_sign '=' inferred
35756053	Table_2.XLSX	Sheet1	GN3F + FRCOL								amikacin	<=	8		
35756053	Table_2.XLSX	Sheet1	GN3F + FRCOL								ampicillin	>	32		
35756053	Table_2.XLSX	Sheet1	GN3F + FRCOL								ampicillin/sulbactam	<=	4/2		
35756053	Table_2.XLSX	Sheet1	GN3F + FRCOL								aztreonam	=	8		mic_sign '=' inferred
35756053	Table_2.XLSX	Sheet1	GN3F + FRCOL								cefazolin	>	32		
35756053	Table_2.XLSX	Sheet1	GN3F + FRCOL								cefepime	<=	4		
35756053	Table_2.XLSX	Sheet1	GN3F + FRCOL								cephalothin	>	16		
35756053	Table_2.XLSX	Sheet1	GN3F + FRCOL								meropenem	<=	1		
35756053	Table_2.XLSX	Sheet1	GN3F + FRCOL								ertapenem	<=	2		
35756053	Table_2.XLSX	Sheet1	GN3F + FRCOL								cefuroxime	>	32		
35756053	Table_2.XLSX	Sheet1	GN3F + FRCOL								gentamicin	<=	2		
35756053	Table_2.XLSX	Sheet1	GN3F + FRCOL								ciprofloxacin	>	4		
35756053	Table_2.XLSX	Sheet1	GN3F + FRCOL								piperacillin/tazobactam	<=	16/4		
35756053	Table_2.XLSX	Sheet1	GN3F + FRCOL								cefoxitin	=	8		mic_sign '=' inferred
35756053	Table_2.XLSX	Sheet1	GN3F + FRCOL								trimethoprim	>	4/76		
35756053	Table_2.XLSX	Sheet1	GN3F + FRCOL								cefpodoxime	>	16		
35756053	Table_2.XLSX	Sheet1	GN3F + FRCOL								ceftazidime	=	8		mic_sign '=' inferred
35756053	Table_2.XLSX	Sheet1	GN3F + FRCOL								tobramycin	<=	4		
35756053	Table_2.XLSX	Sheet1	GN3F + FRCOL								tigecycline	<=	1		
35756053	Table_2.XLSX	Sheet1	GN3F + FRCOL								ticarcillin/clavulanic acid	<=	16/2		
35756053	Table_2.XLSX	Sheet1	GN3F + FRCOL								ceftriaxone	=	16		mic_sign '=' inferred
35756053	Table_2.XLSX	Sheet1	GN3F + FRCOL								tetracycline	=	2		mic_sign '=' inferred
35756053	Table_2.XLSX	Sheet1	GN3F + FRCOL								colistin	=	0.5		mic_sign '=' inferred
35756053	Table_2.XLSX	Sheet1	GN3F + FRCOL								amikacin	<=	8		
35756053	Table_2.XLSX	Sheet1	GN3F + FRCOL								ampicillin	<=	4		
35756053	Table_2.XLSX	Sheet1	GN3F + FRCOL								ampicillin/sulbactam	<=	4/2		
35756053	Table_2.XLSX	Sheet1	GN3F + FRCOL								aztreonam	<=	4		
35756053	Table_2.XLSX	Sheet1	GN3F + FRCOL								cefazolin	<=	4		
35756053	Table_2.XLSX	Sheet1	GN3F + FRCOL								cefepime	<=	4		
35756053	Table_2.XLSX	Sheet1	GN3F + FRCOL								cephalothin	=	8		mic_sign '=' inferred
35756053	Table_2.XLSX	Sheet1	GN3F + FRCOL								meropenem	<=	1		
35756053	Table_2.XLSX	Sheet1	GN3F + FRCOL								ertapenem	<=	2		
35756053	Table_2.XLSX	Sheet1	GN3F + FRCOL								cefuroxime	<=	4		
35756053	Table_2.XLSX	Sheet1	GN3F + FRCOL								gentamicin	<=	2		
35756053	Table_2.XLSX	Sheet1	GN3F + FRCOL								ciprofloxacin	<=	0.5		
35756053	Table_2.XLSX	Sheet1	GN3F + FRCOL								piperacillin/tazobactam	<=	16/4		
35756053	Table_2.XLSX	Sheet1	GN3F + FRCOL								cefoxitin	<=	4		
35756053	Table_2.XLSX	Sheet1	GN3F + FRCOL								trimethoprim	<=	0.5/9.5		
35756053	Table_2.XLSX	Sheet1	GN3F + FRCOL								cefpodoxime	<=	2		
35756053	Table_2.XLSX	Sheet1	GN3F + FRCOL								ceftazidime	<=	1		
35756053	Table_2.XLSX	Sheet1	GN3F + FRCOL								tobramycin	<=	4		
35756053	Table_2.XLSX	Sheet1	GN3F + FRCOL								tigecycline	<=	1		
35756053	Table_2.XLSX	Sheet1	GN3F + FRCOL								ticarcillin/clavulanic acid	<=	16/2		
35756053	Table_2.XLSX	Sheet1	GN3F + FRCOL								ceftriaxone	<=	1		
35756053	Table_2.XLSX	Sheet1	GN3F + FRCOL								tetracycline	=	1		mic_sign '=' inferred
35756053	Table_2.XLSX	Sheet1	GN3F + FRCOL								colistin	=	0.5		mic_sign '=' inferred
35756053	Table_2.XLSX	Sheet1	GN3F + FRCOL								amikacin	<=	8		
35756053	Table_2.XLSX	Sheet1	GN3F + FRCOL								ampicillin	<=	4		
35756053	Table_2.XLSX	Sheet1	GN3F + FRCOL								ampicillin/sulbactam	<=	4/2		
35756053	Table_2.XLSX	Sheet1	GN3F + FRCOL								aztreonam	<=	4		
35756053	Table_2.XLSX	Sheet1	GN3F + FRCOL								cefazolin	<=	4		
35756053	Table_2.XLSX	Sheet1	GN3F + FRCOL								cefepime	<=	4		
35756053	Table_2.XLSX	Sheet1	GN3F + FRCOL								cephalothin	=	8		mic_sign '=' inferred
35756053	Table_2.XLSX	Sheet1	GN3F + FRCOL								meropenem	<=	1		
35756053	Table_2.XLSX	Sheet1	GN3F + FRCOL								ertapenem	<=	2		
35756053	Table_2.XLSX	Sheet1	GN3F + FRCOL								cefuroxime	<=	4		
35756053	Table_2.XLSX	Sheet1	GN3F + FRCOL								gentamicin	<=	2		
35756053	Table_2.XLSX	Sheet1	GN3F + FRCOL								ciprofloxacin	<=	0.5		
35756053	Table_2.XLSX	Sheet1	GN3F + FRCOL								piperacillin/tazobactam	<=	16/4		
35756053	Table_2.XLSX	Sheet1	GN3F + FRCOL								cefoxitin	<=	4		
35756053	Table_2.XLSX	Sheet1	GN3F + FRCOL								trimethoprim	<=	0.5/9.5		
35756053	Table_2.XLSX	Sheet1	GN3F + FRCOL								cefpodoxime	<=	2		
35756053	Table_2.XLSX	Sheet1	GN3F + FRCOL								ceftazidime	<=	1		
35756053	Table_2.XLSX	Sheet1	GN3F + FRCOL								tobramycin	<=	4		
35756053	Table_2.XLSX	Sheet1	GN3F + FRCOL								tigecycline	<=	1		
35756053	Table_2.XLSX	Sheet1	GN3F + FRCOL								ticarcillin/clavulanic acid	<=	16/2		
35756053	Table_2.XLSX	Sheet1	GN3F + FRCOL								ceftriaxone	<=	1		
35756053	Table_2.XLSX	Sheet1	GN3F + FRCOL								tetracycline	=	2		mic_sign '=' inferred
35756053	Table_2.XLSX	Sheet1	GN3F + FRCOL								colistin	=	0.5		mic_sign '=' inferred
35756053	Table_2.XLSX	Sheet1	GN3F + FRCOL								amikacin	<=	8		
35756053	Table_2.XLSX	Sheet1	GN3F + FRCOL								ampicillin	<=	4		
35756053	Table_2.XLSX	Sheet1	GN3F + FRCOL								ampicillin/sulbactam	<=	4/2		
35756053	Table_2.XLSX	Sheet1	GN3F + FRCOL								aztreonam	<=	4		
35756053	Table_2.XLSX	Sheet1	GN3F + FRCOL								cefazolin	<=	4		
35756053	Table_2.XLSX	Sheet1	GN3F + FRCOL								cefepime	<=	4		
35756053	Table_2.XLSX	Sheet1	GN3F + FRCOL								cephalothin	=	8		mic_sign '=' inferred
35756053	Table_2.XLSX	Sheet1	GN3F + FRCOL								meropenem	<=	1		
35756053	Table_2.XLSX	Sheet1	GN3F + FRCOL								ertapenem	<=	2		
35756053	Table_2.XLSX	Sheet1	GN3F + FRCOL								cefuroxime	<=	4		
35756053	Table_2.XLSX	Sheet1	GN3F + FRCOL								gentamicin	<=	2		
35756053	Table_2.XLSX	Sheet1	GN3F + FRCOL								ciprofloxacin	<=	0.5		
35756053	Table_2.XLSX	Sheet1	GN3F + FRCOL								piperacillin/tazobactam	<=	16/4		
35756053	Table_2.XLSX	Sheet1	GN3F + FRCOL								cefoxitin	=	8		mic_sign '=' inferred
35756053	Table_2.XLSX	Sheet1	GN3F + FRCOL								trimethoprim	<=	0.5/9.5		
35756053	Table_2.XLSX	Sheet1	GN3F + FRCOL								cefpodoxime	<=	2		
35756053	Table_2.XLSX	Sheet1	GN3F + FRCOL								ceftazidime	<=	1		
35756053	Table_2.XLSX	Sheet1	GN3F + FRCOL								tobramycin	<=	4		
35756053	Table_2.XLSX	Sheet1	GN3F + FRCOL								tigecycline	<=	1		
35756053	Table_2.XLSX	Sheet1	GN3F + FRCOL								ticarcillin/clavulanic acid	<=	16/2		
35756053	Table_2.XLSX	Sheet1	GN3F + FRCOL								ceftriaxone	<=	1		
35756053	Table_2.XLSX	Sheet1	GN3F + FRCOL								tetracycline	=	2		mic_sign '=' inferred
35756053	Table_2.XLSX	Sheet1	GN3F + FRCOL								colistin	=	0.5		mic_sign '=' inferred
35756053	Table_2.XLSX	Sheet1	GN3F + FRCOL								amikacin	<=	8		
35756053	Table_2.XLSX	Sheet1	GN3F + FRCOL								ampicillin	>	32		
35756053	Table_2.XLSX	Sheet1	GN3F + FRCOL								ampicillin/sulbactam	=	8/4		mic_sign '=' inferred
35756053	Table_2.XLSX	Sheet1	GN3F + FRCOL								aztreonam	<=	4		
35756053	Table_2.XLSX	Sheet1	GN3F + FRCOL								cefazolin	<=	4		
35756053	Table_2.XLSX	Sheet1	GN3F + FRCOL								cefepime	<=	4		
35756053	Table_2.XLSX	Sheet1	GN3F + FRCOL								cephalothin	=	8		mic_sign '=' inferred
35756053	Table_2.XLSX	Sheet1	GN3F + FRCOL								meropenem	<=	1		
35756053	Table_2.XLSX	Sheet1	GN3F + FRCOL								ertapenem	<=	2		
35756053	Table_2.XLSX	Sheet1	GN3F + FRCOL								cefuroxime	<=	4		
35756053	Table_2.XLSX	Sheet1	GN3F + FRCOL								gentamicin	<=	2		
35756053	Table_2.XLSX	Sheet1	GN3F + FRCOL								ciprofloxacin	<=	0.5		
35756053	Table_2.XLSX	Sheet1	GN3F + FRCOL								piperacillin/tazobactam	<=	16/4		
35756053	Table_2.XLSX	Sheet1	GN3F + FRCOL								cefoxitin	<=	4		
35756053	Table_2.XLSX	Sheet1	GN3F + FRCOL								trimethoprim	<=	0.5/9.5		
35756053	Table_2.XLSX	Sheet1	GN3F + FRCOL								cefpodoxime	<=	2		
35756053	Table_2.XLSX	Sheet1	GN3F + FRCOL								ceftazidime	<=	1		
35756053	Table_2.XLSX	Sheet1	GN3F + FRCOL								tobramycin	<=	4		
35756053	Table_2.XLSX	Sheet1	GN3F + FRCOL								tigecycline	<=	1		
35756053	Table_2.XLSX	Sheet1	GN3F + FRCOL								ticarcillin/clavulanic acid	<=	16/2		
35756053	Table_2.XLSX	Sheet1	GN3F + FRCOL								ceftriaxone	<=	1		
35756053	Table_2.XLSX	Sheet1	GN3F + FRCOL								tetracycline	>	16		
35756053	Table_2.XLSX	Sheet1	GN3F + FRCOL								colistin	=	0.25		mic_sign '=' inferred
35756053	Table_2.XLSX	Sheet1	GN3F + FRCOL								amikacin	<=	8		
35756053	Table_2.XLSX	Sheet1	GN3F + FRCOL								ampicillin	<=	4		
35756053	Table_2.XLSX	Sheet1	GN3F + FRCOL								ampicillin/sulbactam	<=	4/2		
35756053	Table_2.XLSX	Sheet1	GN3F + FRCOL								aztreonam	<=	4		
35756053	Table_2.XLSX	Sheet1	GN3F + FRCOL								cefazolin	<=	4		
35756053	Table_2.XLSX	Sheet1	GN3F + FRCOL								cefepime	<=	4		
35756053	Table_2.XLSX	Sheet1	GN3F + FRCOL								cephalothin	=	8		mic_sign '=' inferred
35756053	Table_2.XLSX	Sheet1	GN3F + FRCOL								meropenem	<=	1		
35756053	Table_2.XLSX	Sheet1	GN3F + FRCOL								ertapenem	<=	2		
35756053	Table_2.XLSX	Sheet1	GN3F + FRCOL								cefuroxime	<=	4		
35756053	Table_2.XLSX	Sheet1	GN3F + FRCOL								gentamicin	<=	2		
35756053	Table_2.XLSX	Sheet1	GN3F + FRCOL								ciprofloxacin	<=	0.5		
35756053	Table_2.XLSX	Sheet1	GN3F + FRCOL								piperacillin/tazobactam	<=	16/4		
35756053	Table_2.XLSX	Sheet1	GN3F + FRCOL								cefoxitin	<=	4		
35756053	Table_2.XLSX	Sheet1	GN3F + FRCOL								trimethoprim	<=	0.5/9.5		
35756053	Table_2.XLSX	Sheet1	GN3F + FRCOL								cefpodoxime	<=	2		
35756053	Table_2.XLSX	Sheet1	GN3F + FRCOL								ceftazidime	<=	1		
35756053	Table_2.XLSX	Sheet1	GN3F + FRCOL								tobramycin	<=	4		
35756053	Table_2.XLSX	Sheet1	GN3F + FRCOL								tigecycline	<=	1		
35756053	Table_2.XLSX	Sheet1	GN3F + FRCOL								ticarcillin/clavulanic acid	<=	16/2		
35756053	Table_2.XLSX	Sheet1	GN3F + FRCOL								ceftriaxone	<=	1		
35756053	Table_2.XLSX	Sheet1	GN3F + FRCOL								tetracycline	=	1		mic_sign '=' inferred
35756053	Table_2.XLSX	Sheet1	GN3F + FRCOL								colistin	=	0.25		mic_sign '=' inferred
35756053	Table_2.XLSX	Sheet1	GN3F + FRCOL								amikacin	<=	8		
35756053	Table_2.XLSX	Sheet1	GN3F + FRCOL								ampicillin	=	8		mic_sign '=' inferred
35756053	Table_2.XLSX	Sheet1	GN3F + FRCOL								ampicillin/sulbactam	=	8/4		mic_sign '=' inferred
35756053	Table_2.XLSX	Sheet1	GN3F + FRCOL								aztreonam	<=	4		
35756053	Table_2.XLSX	Sheet1	GN3F + FRCOL								cefazolin	<=	4		
35756053	Table_2.XLSX	Sheet1	GN3F + FRCOL								cefepime	<=	4		
35756053	Table_2.XLSX	Sheet1	GN3F + FRCOL								cephalothin	=	16		mic_sign '=' inferred
35756053	Table_2.XLSX	Sheet1	GN3F + FRCOL								meropenem	<=	1		
35756053	Table_2.XLSX	Sheet1	GN3F + FRCOL								ertapenem	<=	2		
35756053	Table_2.XLSX	Sheet1	GN3F + FRCOL								cefuroxime	<=	4		
35756053	Table_2.XLSX	Sheet1	GN3F + FRCOL								gentamicin	<=	2		
35756053	Table_2.XLSX	Sheet1	GN3F + FRCOL								ciprofloxacin	>	4		
35756053	Table_2.XLSX	Sheet1	GN3F + FRCOL								piperacillin/tazobactam	<=	16/4		
35756053	Table_2.XLSX	Sheet1	GN3F + FRCOL								cefoxitin	=	8		mic_sign '=' inferred
35756053	Table_2.XLSX	Sheet1	GN3F + FRCOL								trimethoprim	<=	0.5/9.5		
35756053	Table_2.XLSX	Sheet1	GN3F + FRCOL								cefpodoxime	<=	2		
35756053	Table_2.XLSX	Sheet1	GN3F + FRCOL								ceftazidime	<=	1		
35756053	Table_2.XLSX	Sheet1	GN3F + FRCOL								tobramycin	<=	4		
35756053	Table_2.XLSX	Sheet1	GN3F + FRCOL								tigecycline	<=	1		
35756053	Table_2.XLSX	Sheet1	GN3F + FRCOL								ticarcillin/clavulanic acid	<=	16/2		
35756053	Table_2.XLSX	Sheet1	GN3F + FRCOL								ceftriaxone	<=	1		
35756053	Table_2.XLSX	Sheet1	GN3F + FRCOL								tetracycline	>	16		
35756053	Table_2.XLSX	Sheet1	GN3F + FRCOL								colistin	=	0.5		mic_sign '=' inferred
35756053	Table_2.XLSX	Sheet1	GN3F + FRCOL								amikacin	<=	8		
35756053	Table_2.XLSX	Sheet1	GN3F + FRCOL								ampicillin	<=	4		
35756053	Table_2.XLSX	Sheet1	GN3F + FRCOL								ampicillin/sulbactam	<=	4/2		
35756053	Table_2.XLSX	Sheet1	GN3F + FRCOL								aztreonam	<=	4		
35756053	Table_2.XLSX	Sheet1	GN3F + FRCOL								cefazolin	<=	4		
35756053	Table_2.XLSX	Sheet1	GN3F + FRCOL								cefepime	<=	4		
35756053	Table_2.XLSX	Sheet1	GN3F + FRCOL								cephalothin	=	16		mic_sign '=' inferred
35756053	Table_2.XLSX	Sheet1	GN3F + FRCOL								meropenem	<=	1		
35756053	Table_2.XLSX	Sheet1	GN3F + FRCOL								ertapenem	<=	2		
35756053	Table_2.XLSX	Sheet1	GN3F + FRCOL								cefuroxime	<=	4		
35756053	Table_2.XLSX	Sheet1	GN3F + FRCOL								gentamicin	<=	2		
35756053	Table_2.XLSX	Sheet1	GN3F + FRCOL								ciprofloxacin	<=	0.5		
35756053	Table_2.XLSX	Sheet1	GN3F + FRCOL								piperacillin/tazobactam	<=	16/4		
35756053	Table_2.XLSX	Sheet1	GN3F + FRCOL								cefoxitin	=	8		mic_sign '=' inferred
35756053	Table_2.XLSX	Sheet1	GN3F + FRCOL								trimethoprim	<=	0.5/9.5		
35756053	Table_2.XLSX	Sheet1	GN3F + FRCOL								cefpodoxime	<=	2		
35756053	Table_2.XLSX	Sheet1	GN3F + FRCOL								ceftazidime	<=	1		
35756053	Table_2.XLSX	Sheet1	GN3F + FRCOL								tobramycin	<=	4		
35756053	Table_2.XLSX	Sheet1	GN3F + FRCOL								tigecycline	<=	1		
35756053	Table_2.XLSX	Sheet1	GN3F + FRCOL								ticarcillin/clavulanic acid	<=	16/2		
35756053	Table_2.XLSX	Sheet1	GN3F + FRCOL								ceftriaxone	<=	1		
35756053	Table_2.XLSX	Sheet1	GN3F + FRCOL								tetracycline	=	2		mic_sign '=' inferred
35756053	Table_2.XLSX	Sheet1	GN3F + FRCOL								colistin	=	0.5		mic_sign '=' inferred
35756053	Table_2.XLSX	Sheet1	GN3F + FRCOL								amikacin	<=	8		
35756053	Table_2.XLSX	Sheet1	GN3F + FRCOL								ampicillin	>	32		
35756053	Table_2.XLSX	Sheet1	GN3F + FRCOL								ampicillin/sulbactam	=	8/4		mic_sign '=' inferred
35756053	Table_2.XLSX	Sheet1	GN3F + FRCOL								aztreonam	<=	4		
35756053	Table_2.XLSX	Sheet1	GN3F + FRCOL								cefazolin	<=	4		
35756053	Table_2.XLSX	Sheet1	GN3F + FRCOL								cefepime	<=	4		
35756053	Table_2.XLSX	Sheet1	GN3F + FRCOL								cephalothin	=	8		mic_sign '=' inferred
35756053	Table_2.XLSX	Sheet1	GN3F + FRCOL								meropenem	<=	1		
35756053	Table_2.XLSX	Sheet1	GN3F + FRCOL								ertapenem	<=	2		
35756053	Table_2.XLSX	Sheet1	GN3F + FRCOL								cefuroxime	<=	4		
35756053	Table_2.XLSX	Sheet1	GN3F + FRCOL								gentamicin	<=	2		
35756053	Table_2.XLSX	Sheet1	GN3F + FRCOL								ciprofloxacin	<=	0.5		
35756053	Table_2.XLSX	Sheet1	GN3F + FRCOL								piperacillin/tazobactam	<=	16/4		
35756053	Table_2.XLSX	Sheet1	GN3F + FRCOL								cefoxitin	<=	4		
35756053	Table_2.XLSX	Sheet1	GN3F + FRCOL								trimethoprim	<=	0.5/9.5		
35756053	Table_2.XLSX	Sheet1	GN3F + FRCOL								cefpodoxime	<=	2		
35756053	Table_2.XLSX	Sheet1	GN3F + FRCOL								ceftazidime	<=	1		
35756053	Table_2.XLSX	Sheet1	GN3F + FRCOL								tobramycin	<=	4		
35756053	Table_2.XLSX	Sheet1	GN3F + FRCOL								tigecycline	<=	1		
35756053	Table_2.XLSX	Sheet1	GN3F + FRCOL								ticarcillin/clavulanic acid	<=	16/2		
35756053	Table_2.XLSX	Sheet1	GN3F + FRCOL								ceftriaxone	<=	1		
35756053	Table_2.XLSX	Sheet1	GN3F + FRCOL								tetracycline	>	16		
35756053	Table_2.XLSX	Sheet1	GN3F + FRCOL								colistin	=	0.25		mic_sign '=' inferred
35756053	Table_2.XLSX	Sheet1	GN3F + FRCOL								amikacin	<=	8		
35756053	Table_2.XLSX	Sheet1	GN3F + FRCOL								ampicillin	<=	4		
35756053	Table_2.XLSX	Sheet1	GN3F + FRCOL								ampicillin/sulbactam	<=	4/2		
35756053	Table_2.XLSX	Sheet1	GN3F + FRCOL								aztreonam	<=	4		
35756053	Table_2.XLSX	Sheet1	GN3F + FRCOL								cefazolin	<=	4		
35756053	Table_2.XLSX	Sheet1	GN3F + FRCOL								cefepime	<=	4		
35756053	Table_2.XLSX	Sheet1	GN3F + FRCOL								cephalothin	>	16		
35756053	Table_2.XLSX	Sheet1	GN3F + FRCOL								meropenem	<=	1		
35756053	Table_2.XLSX	Sheet1	GN3F + FRCOL								ertapenem	<=	2		
35756053	Table_2.XLSX	Sheet1	GN3F + FRCOL								cefuroxime	<=	4		
35756053	Table_2.XLSX	Sheet1	GN3F + FRCOL								gentamicin	<=	2		
35756053	Table_2.XLSX	Sheet1	GN3F + FRCOL								ciprofloxacin	<=	0.5		
35756053	Table_2.XLSX	Sheet1	GN3F + FRCOL								piperacillin/tazobactam	<=	16/4		
35756053	Table_2.XLSX	Sheet1	GN3F + FRCOL								cefoxitin	=	8		mic_sign '=' inferred
35756053	Table_2.XLSX	Sheet1	GN3F + FRCOL								trimethoprim	<=	0.5/9.5		
35756053	Table_2.XLSX	Sheet1	GN3F + FRCOL								cefpodoxime	<=	2		
35756053	Table_2.XLSX	Sheet1	GN3F + FRCOL								ceftazidime	<=	1		
35756053	Table_2.XLSX	Sheet1	GN3F + FRCOL								tobramycin	<=	4		
35756053	Table_2.XLSX	Sheet1	GN3F + FRCOL								tigecycline	<=	1		
35756053	Table_2.XLSX	Sheet1	GN3F + FRCOL								ticarcillin/clavulanic acid	<=	16/2		
35756053	Table_2.XLSX	Sheet1	GN3F + FRCOL								ceftriaxone	<=	1		
35756053	Table_2.XLSX	Sheet1	GN3F + FRCOL								tetracycline	=	2		mic_sign '=' inferred
35756053	Table_2.XLSX	Sheet1	GN3F + FRCOL								colistin	=	0.5		mic_sign '=' inferred
35756053	Table_2.XLSX	Sheet1	GN3F + FRCOL								amikacin	<=	8		
35756053	Table_2.XLSX	Sheet1	GN3F + FRCOL								ampicillin	<=	4		
35756053	Table_2.XLSX	Sheet1	GN3F + FRCOL								ampicillin/sulbactam	<=	4/2		
35756053	Table_2.XLSX	Sheet1	GN3F + FRCOL								aztreonam	<=	4		
35756053	Table_2.XLSX	Sheet1	GN3F + FRCOL								cefazolin	<=	4		
35756053	Table_2.XLSX	Sheet1	GN3F + FRCOL								cefepime	<=	4		
35756053	Table_2.XLSX	Sheet1	GN3F + FRCOL								cephalothin	=	8		mic_sign '=' inferred
35756053	Table_2.XLSX	Sheet1	GN3F + FRCOL								meropenem	<=	1		
35756053	Table_2.XLSX	Sheet1	GN3F + FRCOL								ertapenem	<=	2		
35756053	Table_2.XLSX	Sheet1	GN3F + FRCOL								cefuroxime	<=	4		
35756053	Table_2.XLSX	Sheet1	GN3F + FRCOL								gentamicin	<=	2		
35756053	Table_2.XLSX	Sheet1	GN3F + FRCOL								ciprofloxacin	<=	0.5		
35756053	Table_2.XLSX	Sheet1	GN3F + FRCOL								piperacillin/tazobactam	<=	16/4		
35756053	Table_2.XLSX	Sheet1	GN3F + FRCOL								cefoxitin	<=	4		
35756053	Table_2.XLSX	Sheet1	GN3F + FRCOL								trimethoprim	<=	0.5/9.5		
35756053	Table_2.XLSX	Sheet1	GN3F + FRCOL								cefpodoxime	<=	2		
35756053	Table_2.XLSX	Sheet1	GN3F + FRCOL								ceftazidime	<=	1		
35756053	Table_2.XLSX	Sheet1	GN3F + FRCOL								tobramycin	<=	4		
35756053	Table_2.XLSX	Sheet1	GN3F + FRCOL								tigecycline	<=	1		
35756053	Table_2.XLSX	Sheet1	GN3F + FRCOL								ticarcillin/clavulanic acid	<=	16/2		
35756053	Table_2.XLSX	Sheet1	GN3F + FRCOL								ceftriaxone	<=	1		
35756053	Table_2.XLSX	Sheet1	GN3F + FRCOL								tetracycline	=	1		mic_sign '=' inferred
35756053	Table_2.XLSX	Sheet1	GN3F + FRCOL								colistin	=	0.25		mic_sign '=' inferred
35756053	Table_2.XLSX	Sheet1	GN3F + FRCOL								amikacin	<=	8		
35756053	Table_2.XLSX	Sheet1	GN3F + FRCOL								ampicillin	<=	4		
35756053	Table_2.XLSX	Sheet1	GN3F + FRCOL								ampicillin/sulbactam	<=	4/2		
35756053	Table_2.XLSX	Sheet1	GN3F + FRCOL								aztreonam	<=	4		
35756053	Table_2.XLSX	Sheet1	GN3F + FRCOL								cefazolin	<=	4		
35756053	Table_2.XLSX	Sheet1	GN3F + FRCOL								cefepime	<=	4		
35756053	Table_2.XLSX	Sheet1	GN3F + FRCOL								cephalothin	=	8		mic_sign '=' inferred
35756053	Table_2.XLSX	Sheet1	GN3F + FRCOL								meropenem	<=	1		
35756053	Table_2.XLSX	Sheet1	GN3F + FRCOL								ertapenem	<=	2		
35756053	Table_2.XLSX	Sheet1	GN3F + FRCOL								cefuroxime	<=	4		
35756053	Table_2.XLSX	Sheet1	GN3F + FRCOL								gentamicin	<=	2		
35756053	Table_2.XLSX	Sheet1	GN3F + FRCOL								ciprofloxacin	<=	0.5		
35756053	Table_2.XLSX	Sheet1	GN3F + FRCOL								piperacillin/tazobactam	<=	16/4		
35756053	Table_2.XLSX	Sheet1	GN3F + FRCOL								cefoxitin	<=	4		
35756053	Table_2.XLSX	Sheet1	GN3F + FRCOL								trimethoprim	<=	0.5/9.5		
35756053	Table_2.XLSX	Sheet1	GN3F + FRCOL								cefpodoxime	<=	2		
35756053	Table_2.XLSX	Sheet1	GN3F + FRCOL								ceftazidime	<=	1		
35756053	Table_2.XLSX	Sheet1	GN3F + FRCOL								tobramycin	<=	4		
35756053	Table_2.XLSX	Sheet1	GN3F + FRCOL								tigecycline	<=	1		
35756053	Table_2.XLSX	Sheet1	GN3F + FRCOL								ticarcillin/clavulanic acid	<=	16/2		
35756053	Table_2.XLSX	Sheet1	GN3F + FRCOL								ceftriaxone	<=	1		
35756053	Table_2.XLSX	Sheet1	GN3F + FRCOL								tetracycline	=	1		mic_sign '=' inferred
35756053	Table_2.XLSX	Sheet1	GN3F + FRCOL								colistin	=	0.5		mic_sign '=' inferred
35756053	Table_2.XLSX	Sheet1	GN3F + FRCOL								amikacin	<=	8		
35756053	Table_2.XLSX	Sheet1	GN3F + FRCOL								ampicillin	>	32		
35756053	Table_2.XLSX	Sheet1	GN3F + FRCOL								ampicillin/sulbactam	>	32/16		
35756053	Table_2.XLSX	Sheet1	GN3F + FRCOL								aztreonam	<=	4		
35756053	Table_2.XLSX	Sheet1	GN3F + FRCOL								cefazolin	>	32		
35756053	Table_2.XLSX	Sheet1	GN3F + FRCOL								cefepime	<=	4		
35756053	Table_2.XLSX	Sheet1	GN3F + FRCOL								cephalothin	>	16		
35756053	Table_2.XLSX	Sheet1	GN3F + FRCOL								meropenem	<=	1		
35756053	Table_2.XLSX	Sheet1	GN3F + FRCOL								ertapenem	<=	2		
35756053	Table_2.XLSX	Sheet1	GN3F + FRCOL								cefuroxime	<=	4		
35756053	Table_2.XLSX	Sheet1	GN3F + FRCOL								gentamicin	<=	2		
35756053	Table_2.XLSX	Sheet1	GN3F + FRCOL								ciprofloxacin	<=	0.5		
35756053	Table_2.XLSX	Sheet1	GN3F + FRCOL								piperacillin/tazobactam	=	128/4		mic_sign '=' inferred
35756053	Table_2.XLSX	Sheet1	GN3F + FRCOL								cefoxitin	<=	4		
35756053	Table_2.XLSX	Sheet1	GN3F + FRCOL								trimethoprim	<=	0.5/9.5		
35756053	Table_2.XLSX	Sheet1	GN3F + FRCOL								cefpodoxime	<=	2		
35756053	Table_2.XLSX	Sheet1	GN3F + FRCOL								ceftazidime	<=	1		
35756053	Table_2.XLSX	Sheet1	GN3F + FRCOL								tobramycin	<=	4		
35756053	Table_2.XLSX	Sheet1	GN3F + FRCOL								tigecycline	<=	1		
35756053	Table_2.XLSX	Sheet1	GN3F + FRCOL								ticarcillin/clavulanic acid	>	64/2		
35756053	Table_2.XLSX	Sheet1	GN3F + FRCOL								ceftriaxone	<=	1		
35756053	Table_2.XLSX	Sheet1	GN3F + FRCOL								tetracycline	>	16		
35756053	Table_2.XLSX	Sheet1	GN3F + FRCOL								colistin	=	0.25		mic_sign '=' inferred
35756053	Table_2.XLSX	Sheet1	GN3F + FRCOL								amikacin	<=	8		
35756053	Table_2.XLSX	Sheet1	GN3F + FRCOL								ampicillin	>	32		
35756053	Table_2.XLSX	Sheet1	GN3F + FRCOL								ampicillin/sulbactam	>	32/16		
35756053	Table_2.XLSX	Sheet1	GN3F + FRCOL								aztreonam	<=	4		
35756053	Table_2.XLSX	Sheet1	GN3F + FRCOL								cefazolin	=	32		mic_sign '=' inferred
35756053	Table_2.XLSX	Sheet1	GN3F + FRCOL								cefepime	<=	4		
35756053	Table_2.XLSX	Sheet1	GN3F + FRCOL								cephalothin	>	16		
35756053	Table_2.XLSX	Sheet1	GN3F + FRCOL								meropenem	<=	1		
35756053	Table_2.XLSX	Sheet1	GN3F + FRCOL								ertapenem	<=	2		
35756053	Table_2.XLSX	Sheet1	GN3F + FRCOL								cefuroxime	<=	4		
35756053	Table_2.XLSX	Sheet1	GN3F + FRCOL								gentamicin	<=	2		
35756053	Table_2.XLSX	Sheet1	GN3F + FRCOL								ciprofloxacin	<=	0.5		
35756053	Table_2.XLSX	Sheet1	GN3F + FRCOL								piperacillin/tazobactam	=	128/4		mic_sign '=' inferred
35756053	Table_2.XLSX	Sheet1	GN3F + FRCOL								cefoxitin	<=	4		
35756053	Table_2.XLSX	Sheet1	GN3F + FRCOL								trimethoprim	<=	0.5/9.5		
35756053	Table_2.XLSX	Sheet1	GN3F + FRCOL								cefpodoxime	<=	2		
35756053	Table_2.XLSX	Sheet1	GN3F + FRCOL								ceftazidime	<=	1		
35756053	Table_2.XLSX	Sheet1	GN3F + FRCOL								tobramycin	<=	4		
35756053	Table_2.XLSX	Sheet1	GN3F + FRCOL								tigecycline	<=	1		
35756053	Table_2.XLSX	Sheet1	GN3F + FRCOL								ticarcillin/clavulanic acid	>	64/2		
35756053	Table_2.XLSX	Sheet1	GN3F + FRCOL								ceftriaxone	<=	1		
35756053	Table_2.XLSX	Sheet1	GN3F + FRCOL								tetracycline	>	16		
35756053	Table_2.XLSX	Sheet1	GN3F + FRCOL								colistin	=	0.5		mic_sign '=' inferred
35756053	Table_2.XLSX	Sheet1	GN3F + FRCOL								amikacin	<=	8		
35756053	Table_2.XLSX	Sheet1	GN3F + FRCOL								ampicillin	<=	4		
35756053	Table_2.XLSX	Sheet1	GN3F + FRCOL								ampicillin/sulbactam	<=	4/2		
35756053	Table_2.XLSX	Sheet1	GN3F + FRCOL								aztreonam	<=	4		
35756053	Table_2.XLSX	Sheet1	GN3F + FRCOL								cefazolin	<=	4		
35756053	Table_2.XLSX	Sheet1	GN3F + FRCOL								cefepime	<=	4		
35756053	Table_2.XLSX	Sheet1	GN3F + FRCOL								cephalothin	=	16		mic_sign '=' inferred
35756053	Table_2.XLSX	Sheet1	GN3F + FRCOL								meropenem	<=	1		
35756053	Table_2.XLSX	Sheet1	GN3F + FRCOL								ertapenem	<=	2		
35756053	Table_2.XLSX	Sheet1	GN3F + FRCOL								cefuroxime	=	8		mic_sign '=' inferred
35756053	Table_2.XLSX	Sheet1	GN3F + FRCOL								gentamicin	<=	2		
35756053	Table_2.XLSX	Sheet1	GN3F + FRCOL								ciprofloxacin	<=	0.5		
35756053	Table_2.XLSX	Sheet1	GN3F + FRCOL								piperacillin/tazobactam	<=	16/4		
35756053	Table_2.XLSX	Sheet1	GN3F + FRCOL								cefoxitin	=	8		mic_sign '=' inferred
35756053	Table_2.XLSX	Sheet1	GN3F + FRCOL								trimethoprim	<=	0.5/9.5		
35756053	Table_2.XLSX	Sheet1	GN3F + FRCOL								cefpodoxime	<=	2		
35756053	Table_2.XLSX	Sheet1	GN3F + FRCOL								ceftazidime	<=	1		
35756053	Table_2.XLSX	Sheet1	GN3F + FRCOL								tobramycin	<=	4		
35756053	Table_2.XLSX	Sheet1	GN3F + FRCOL								tigecycline	<=	1		
35756053	Table_2.XLSX	Sheet1	GN3F + FRCOL								ticarcillin/clavulanic acid	<=	16/2		
35756053	Table_2.XLSX	Sheet1	GN3F + FRCOL								ceftriaxone	<=	1		
35756053	Table_2.XLSX	Sheet1	GN3F + FRCOL								tetracycline	=	2		mic_sign '=' inferred
35756053	Table_2.XLSX	Sheet1	GN3F + FRCOL								colistin	=	0.5		mic_sign '=' inferred
35756053	Table_2.XLSX	Sheet1	GN3F + FRCOL								amikacin	<=	8		
35756053	Table_2.XLSX	Sheet1	GN3F + FRCOL								ampicillin	>	32		
35756053	Table_2.XLSX	Sheet1	GN3F + FRCOL								ampicillin/sulbactam	=	32/16		mic_sign '=' inferred
35756053	Table_2.XLSX	Sheet1	GN3F + FRCOL								aztreonam	<=	4		
35756053	Table_2.XLSX	Sheet1	GN3F + FRCOL								cefazolin	<=	4		
35756053	Table_2.XLSX	Sheet1	GN3F + FRCOL								cefepime	<=	4		
35756053	Table_2.XLSX	Sheet1	GN3F + FRCOL								cephalothin	=	16		mic_sign '=' inferred
35756053	Table_2.XLSX	Sheet1	GN3F + FRCOL								meropenem	<=	1		
35756053	Table_2.XLSX	Sheet1	GN3F + FRCOL								ertapenem	<=	2		
35756053	Table_2.XLSX	Sheet1	GN3F + FRCOL								cefuroxime	<=	4		
35756053	Table_2.XLSX	Sheet1	GN3F + FRCOL								gentamicin	<=	2		
35756053	Table_2.XLSX	Sheet1	GN3F + FRCOL								ciprofloxacin	<=	0.5		
35756053	Table_2.XLSX	Sheet1	GN3F + FRCOL								piperacillin/tazobactam	<=	16/4		
35756053	Table_2.XLSX	Sheet1	GN3F + FRCOL								cefoxitin	<=	4		
35756053	Table_2.XLSX	Sheet1	GN3F + FRCOL								trimethoprim	>	4/76		
35756053	Table_2.XLSX	Sheet1	GN3F + FRCOL								cefpodoxime	<=	2		
35756053	Table_2.XLSX	Sheet1	GN3F + FRCOL								ceftazidime	<=	1		
35756053	Table_2.XLSX	Sheet1	GN3F + FRCOL								tobramycin	<=	4		
35756053	Table_2.XLSX	Sheet1	GN3F + FRCOL								tigecycline	<=	1		
35756053	Table_2.XLSX	Sheet1	GN3F + FRCOL								ticarcillin/clavulanic acid	<=	16/2		
35756053	Table_2.XLSX	Sheet1	GN3F + FRCOL								ceftriaxone	<=	1		
35756053	Table_2.XLSX	Sheet1	GN3F + FRCOL								tetracycline	=	2		mic_sign '=' inferred
35756053	Table_2.XLSX	Sheet1	GN3F + FRCOL								colistin	=	0.5		mic_sign '=' inferred
35756053	Table_2.XLSX	Sheet1	GN3F + FRCOL								amikacin	<=	8		
35756053	Table_2.XLSX	Sheet1	GN3F + FRCOL								ampicillin	>	32		
35756053	Table_2.XLSX	Sheet1	GN3F + FRCOL								ampicillin/sulbactam	>	32/16		
35756053	Table_2.XLSX	Sheet1	GN3F + FRCOL								aztreonam	<=	4		
35756053	Table_2.XLSX	Sheet1	GN3F + FRCOL								cefazolin	=	16		mic_sign '=' inferred
35756053	Table_2.XLSX	Sheet1	GN3F + FRCOL								cefepime	<=	4		
35756053	Table_2.XLSX	Sheet1	GN3F + FRCOL								cephalothin	>	16		
35756053	Table_2.XLSX	Sheet1	GN3F + FRCOL								meropenem	<=	1		
35756053	Table_2.XLSX	Sheet1	GN3F + FRCOL								ertapenem	<=	2		
35756053	Table_2.XLSX	Sheet1	GN3F + FRCOL								cefuroxime	<=	4		
35756053	Table_2.XLSX	Sheet1	GN3F + FRCOL								gentamicin	<=	2		
35756053	Table_2.XLSX	Sheet1	GN3F + FRCOL								ciprofloxacin	<=	0.5		
35756053	Table_2.XLSX	Sheet1	GN3F + FRCOL								piperacillin/tazobactam	<=	16/4		
35756053	Table_2.XLSX	Sheet1	GN3F + FRCOL								cefoxitin	=	8		mic_sign '=' inferred
35756053	Table_2.XLSX	Sheet1	GN3F + FRCOL								trimethoprim	>	4/76		
35756053	Table_2.XLSX	Sheet1	GN3F + FRCOL								cefpodoxime	<=	2		
35756053	Table_2.XLSX	Sheet1	GN3F + FRCOL								ceftazidime	<=	1		
35756053	Table_2.XLSX	Sheet1	GN3F + FRCOL								tobramycin	<=	4		
35756053	Table_2.XLSX	Sheet1	GN3F + FRCOL								tigecycline	<=	1		
35756053	Table_2.XLSX	Sheet1	GN3F + FRCOL								ticarcillin/clavulanic acid	=	32/2		mic_sign '=' inferred
35756053	Table_2.XLSX	Sheet1	GN3F + FRCOL								ceftriaxone	<=	1		
35756053	Table_2.XLSX	Sheet1	GN3F + FRCOL								tetracycline	=	2		mic_sign '=' inferred
35756053	Table_2.XLSX	Sheet1	GN3F + FRCOL								colistin	=	0.5		mic_sign '=' inferred
35756053	Table_2.XLSX	Sheet1	GN3F + FRCOL								amikacin	<=	8		
35756053	Table_2.XLSX	Sheet1	GN3F + FRCOL								ampicillin	>	32		
35756053	Table_2.XLSX	Sheet1	GN3F + FRCOL								ampicillin/sulbactam	>	32/16		
35756053	Table_2.XLSX	Sheet1	GN3F + FRCOL								aztreonam	<=	4		
35756053	Table_2.XLSX	Sheet1	GN3F + FRCOL								cefazolin	=	8		mic_sign '=' inferred
35756053	Table_2.XLSX	Sheet1	GN3F + FRCOL								cefepime	<=	4		
35756053	Table_2.XLSX	Sheet1	GN3F + FRCOL								cephalothin	>	16		
35756053	Table_2.XLSX	Sheet1	GN3F + FRCOL								meropenem	<=	1		
35756053	Table_2.XLSX	Sheet1	GN3F + FRCOL								ertapenem	<=	2		
35756053	Table_2.XLSX	Sheet1	GN3F + FRCOL								cefuroxime	<=	4		
35756053	Table_2.XLSX	Sheet1	GN3F + FRCOL								gentamicin	<=	2		
35756053	Table_2.XLSX	Sheet1	GN3F + FRCOL								ciprofloxacin	<=	0.5		
35756053	Table_2.XLSX	Sheet1	GN3F + FRCOL								piperacillin/tazobactam	<=	16/4		
35756053	Table_2.XLSX	Sheet1	GN3F + FRCOL								cefoxitin	<=	4		
35756053	Table_2.XLSX	Sheet1	GN3F + FRCOL								trimethoprim	<=	0.5/9.5		
35756053	Table_2.XLSX	Sheet1	GN3F + FRCOL								cefpodoxime	<=	2		
35756053	Table_2.XLSX	Sheet1	GN3F + FRCOL								ceftazidime	<=	1		
35756053	Table_2.XLSX	Sheet1	GN3F + FRCOL								tobramycin	<=	4		
35756053	Table_2.XLSX	Sheet1	GN3F + FRCOL								tigecycline	<=	1		
35756053	Table_2.XLSX	Sheet1	GN3F + FRCOL								ticarcillin/clavulanic acid	>	64/2		
35756053	Table_2.XLSX	Sheet1	GN3F + FRCOL								ceftriaxone	<=	1		
35756053	Table_2.XLSX	Sheet1	GN3F + FRCOL								tetracycline	>	16		
35756053	Table_2.XLSX	Sheet1	GN3F + FRCOL								colistin	=	0.25		mic_sign '=' inferred
35756053	Table_2.XLSX	Sheet1	GN3F + FRCOL								amikacin	<=	8		
35756053	Table_2.XLSX	Sheet1	GN3F + FRCOL								ampicillin	<=	4		
35756053	Table_2.XLSX	Sheet1	GN3F + FRCOL								ampicillin/sulbactam	<=	4/2		
35756053	Table_2.XLSX	Sheet1	GN3F + FRCOL								aztreonam	<=	4		
35756053	Table_2.XLSX	Sheet1	GN3F + FRCOL								cefazolin	<=	4		
35756053	Table_2.XLSX	Sheet1	GN3F + FRCOL								cefepime	<=	4		
35756053	Table_2.XLSX	Sheet1	GN3F + FRCOL								cephalothin	=	8		mic_sign '=' inferred
35756053	Table_2.XLSX	Sheet1	GN3F + FRCOL								meropenem	<=	1		
35756053	Table_2.XLSX	Sheet1	GN3F + FRCOL								ertapenem	<=	2		
35756053	Table_2.XLSX	Sheet1	GN3F + FRCOL								cefuroxime	<=	4		
35756053	Table_2.XLSX	Sheet1	GN3F + FRCOL								gentamicin	<=	2		
35756053	Table_2.XLSX	Sheet1	GN3F + FRCOL								ciprofloxacin	<=	0.5		
35756053	Table_2.XLSX	Sheet1	GN3F + FRCOL								piperacillin/tazobactam	<=	16/4		
35756053	Table_2.XLSX	Sheet1	GN3F + FRCOL								cefoxitin	<=	4		
35756053	Table_2.XLSX	Sheet1	GN3F + FRCOL								trimethoprim	<=	0.5/9.5		
35756053	Table_2.XLSX	Sheet1	GN3F + FRCOL								cefpodoxime	<=	2		
35756053	Table_2.XLSX	Sheet1	GN3F + FRCOL								ceftazidime	<=	1		
35756053	Table_2.XLSX	Sheet1	GN3F + FRCOL								tobramycin	<=	4		
35756053	Table_2.XLSX	Sheet1	GN3F + FRCOL								tigecycline	<=	1		
35756053	Table_2.XLSX	Sheet1	GN3F + FRCOL								ticarcillin/clavulanic acid	<=	16/2		
35756053	Table_2.XLSX	Sheet1	GN3F + FRCOL								ceftriaxone	<=	1		
35756053	Table_2.XLSX	Sheet1	GN3F + FRCOL								tetracycline	=	1		mic_sign '=' inferred
35756053	Table_2.XLSX	Sheet1	GN3F + FRCOL								colistin	=	0.5		mic_sign '=' inferred
35756053	Table_2.XLSX	Sheet1	GN3F + FRCOL								amikacin	<=	8		
35756053	Table_2.XLSX	Sheet1	GN3F + FRCOL								ampicillin	<=	4		
35756053	Table_2.XLSX	Sheet1	GN3F + FRCOL								ampicillin/sulbactam	<=	4/2		
35756053	Table_2.XLSX	Sheet1	GN3F + FRCOL								aztreonam	<=	4		
35756053	Table_2.XLSX	Sheet1	GN3F + FRCOL								cefazolin	<=	4		
35756053	Table_2.XLSX	Sheet1	GN3F + FRCOL								cefepime	<=	4		
35756053	Table_2.XLSX	Sheet1	GN3F + FRCOL								cephalothin	=	8		mic_sign '=' inferred
35756053	Table_2.XLSX	Sheet1	GN3F + FRCOL								meropenem	<=	1		
35756053	Table_2.XLSX	Sheet1	GN3F + FRCOL								ertapenem	<=	2		
35756053	Table_2.XLSX	Sheet1	GN3F + FRCOL								cefuroxime	<=	4		
35756053	Table_2.XLSX	Sheet1	GN3F + FRCOL								gentamicin	<=	2		
35756053	Table_2.XLSX	Sheet1	GN3F + FRCOL								ciprofloxacin	<=	0.5		
35756053	Table_2.XLSX	Sheet1	GN3F + FRCOL								piperacillin/tazobactam	<=	16/4		
35756053	Table_2.XLSX	Sheet1	GN3F + FRCOL								cefoxitin	<=	4		
35756053	Table_2.XLSX	Sheet1	GN3F + FRCOL								trimethoprim	<=	0.5/9.5		
35756053	Table_2.XLSX	Sheet1	GN3F + FRCOL								cefpodoxime	<=	2		
35756053	Table_2.XLSX	Sheet1	GN3F + FRCOL								ceftazidime	<=	1		
35756053	Table_2.XLSX	Sheet1	GN3F + FRCOL								tobramycin	<=	4		
35756053	Table_2.XLSX	Sheet1	GN3F + FRCOL								tigecycline	<=	1		
35756053	Table_2.XLSX	Sheet1	GN3F + FRCOL								ticarcillin/clavulanic acid	<=	16/2		
35756053	Table_2.XLSX	Sheet1	GN3F + FRCOL								ceftriaxone	<=	1		
35756053	Table_2.XLSX	Sheet1	GN3F + FRCOL								tetracycline	=	2		mic_sign '=' inferred
35756053	Table_2.XLSX	Sheet1	GN3F + FRCOL								colistin	=	0.5		mic_sign '=' inferred
35756053	Table_2.XLSX	Sheet1	GN3F + FRCOL								amikacin	<=	8		
35756053	Table_2.XLSX	Sheet1	GN3F + FRCOL								ampicillin	>	32		
35756053	Table_2.XLSX	Sheet1	GN3F + FRCOL								ampicillin/sulbactam	>	32/16		
35756053	Table_2.XLSX	Sheet1	GN3F + FRCOL								aztreonam	<=	4		
35756053	Table_2.XLSX	Sheet1	GN3F + FRCOL								cefazolin	=	32		mic_sign '=' inferred
35756053	Table_2.XLSX	Sheet1	GN3F + FRCOL								cefepime	<=	4		
35756053	Table_2.XLSX	Sheet1	GN3F + FRCOL								cephalothin	>	16		
35756053	Table_2.XLSX	Sheet1	GN3F + FRCOL								meropenem	<=	1		
35756053	Table_2.XLSX	Sheet1	GN3F + FRCOL								ertapenem	<=	2		
35756053	Table_2.XLSX	Sheet1	GN3F + FRCOL								cefuroxime	<=	4		
35756053	Table_2.XLSX	Sheet1	GN3F + FRCOL								gentamicin	<=	2		
35756053	Table_2.XLSX	Sheet1	GN3F + FRCOL								ciprofloxacin	<=	0.5		
35756053	Table_2.XLSX	Sheet1	GN3F + FRCOL								piperacillin/tazobactam	<=	16/4		
35756053	Table_2.XLSX	Sheet1	GN3F + FRCOL								cefoxitin	=	8		mic_sign '=' inferred
35756053	Table_2.XLSX	Sheet1	GN3F + FRCOL								trimethoprim	<=	0.5/9.5		
35756053	Table_2.XLSX	Sheet1	GN3F + FRCOL								cefpodoxime	<=	2		
35756053	Table_2.XLSX	Sheet1	GN3F + FRCOL								ceftazidime	<=	1		
35756053	Table_2.XLSX	Sheet1	GN3F + FRCOL								tobramycin	<=	4		
35756053	Table_2.XLSX	Sheet1	GN3F + FRCOL								tigecycline	<=	1		
35756053	Table_2.XLSX	Sheet1	GN3F + FRCOL								ticarcillin/clavulanic acid	>	64/2		
35756053	Table_2.XLSX	Sheet1	GN3F + FRCOL								ceftriaxone	<=	1		
35756053	Table_2.XLSX	Sheet1	GN3F + FRCOL								tetracycline	>	16		
35756053	Table_2.XLSX	Sheet1	GN3F + FRCOL								colistin	=	0.25		mic_sign '=' inferred
35756053	Table_2.XLSX	Sheet1	GN3F + FRCOL								amikacin	<=	8		
35756053	Table_2.XLSX	Sheet1	GN3F + FRCOL								ampicillin	<=	4		
35756053	Table_2.XLSX	Sheet1	GN3F + FRCOL								ampicillin/sulbactam	<=	4/2		
35756053	Table_2.XLSX	Sheet1	GN3F + FRCOL								aztreonam	<=	4		
35756053	Table_2.XLSX	Sheet1	GN3F + FRCOL								cefazolin	<=	4		
35756053	Table_2.XLSX	Sheet1	GN3F + FRCOL								cefepime	<=	4		
35756053	Table_2.XLSX	Sheet1	GN3F + FRCOL								cephalothin	=	8		mic_sign '=' inferred
35756053	Table_2.XLSX	Sheet1	GN3F + FRCOL								meropenem	<=	1		
35756053	Table_2.XLSX	Sheet1	GN3F + FRCOL								ertapenem	<=	2		
35756053	Table_2.XLSX	Sheet1	GN3F + FRCOL								cefuroxime	<=	4		
35756053	Table_2.XLSX	Sheet1	GN3F + FRCOL								gentamicin	<=	2		
35756053	Table_2.XLSX	Sheet1	GN3F + FRCOL								ciprofloxacin	<=	0.5		
35756053	Table_2.XLSX	Sheet1	GN3F + FRCOL								piperacillin/tazobactam	<=	16/4		
35756053	Table_2.XLSX	Sheet1	GN3F + FRCOL								cefoxitin	<=	4		
35756053	Table_2.XLSX	Sheet1	GN3F + FRCOL								trimethoprim	<=	0.5/9.5		
35756053	Table_2.XLSX	Sheet1	GN3F + FRCOL								cefpodoxime	<=	2		
35756053	Table_2.XLSX	Sheet1	GN3F + FRCOL								ceftazidime	<=	1		
35756053	Table_2.XLSX	Sheet1	GN3F + FRCOL								tobramycin	<=	4		
35756053	Table_2.XLSX	Sheet1	GN3F + FRCOL								tigecycline	<=	1		
35756053	Table_2.XLSX	Sheet1	GN3F + FRCOL								ticarcillin/clavulanic acid	<=	16/2		
35756053	Table_2.XLSX	Sheet1	GN3F + FRCOL								ceftriaxone	<=	1		
35756053	Table_2.XLSX	Sheet1	GN3F + FRCOL								tetracycline	=	1		mic_sign '=' inferred
35756053	Table_2.XLSX	Sheet1	GN3F + FRCOL								colistin	=	0.5		mic_sign '=' inferred
35756053	Table_2.XLSX	Sheet1	GN3F + FRCOL								amikacin	<=	8		
35756053	Table_2.XLSX	Sheet1	GN3F + FRCOL								ampicillin	>	32		
35756053	Table_2.XLSX	Sheet1	GN3F + FRCOL								ampicillin/sulbactam	=	16/8		mic_sign '=' inferred
35756053	Table_2.XLSX	Sheet1	GN3F + FRCOL								aztreonam	<=	4		
35756053	Table_2.XLSX	Sheet1	GN3F + FRCOL								cefazolin	<=	4		
35756053	Table_2.XLSX	Sheet1	GN3F + FRCOL								cefepime	<=	4		
35756053	Table_2.XLSX	Sheet1	GN3F + FRCOL								cephalothin	=	16		mic_sign '=' inferred
35756053	Table_2.XLSX	Sheet1	GN3F + FRCOL								meropenem	<=	1		
35756053	Table_2.XLSX	Sheet1	GN3F + FRCOL								ertapenem	<=	2		
35756053	Table_2.XLSX	Sheet1	GN3F + FRCOL								cefuroxime	<=	4		
35756053	Table_2.XLSX	Sheet1	GN3F + FRCOL								gentamicin	<=	2		
35756053	Table_2.XLSX	Sheet1	GN3F + FRCOL								ciprofloxacin	<=	0.5		
35756053	Table_2.XLSX	Sheet1	GN3F + FRCOL								piperacillin/tazobactam	<=	16/4		
35756053	Table_2.XLSX	Sheet1	GN3F + FRCOL								cefoxitin	<=	4		
35756053	Table_2.XLSX	Sheet1	GN3F + FRCOL								trimethoprim	>	4/76		
35756053	Table_2.XLSX	Sheet1	GN3F + FRCOL								cefpodoxime	<=	2		
35756053	Table_2.XLSX	Sheet1	GN3F + FRCOL								ceftazidime	<=	1		
35756053	Table_2.XLSX	Sheet1	GN3F + FRCOL								tobramycin	<=	4		
35756053	Table_2.XLSX	Sheet1	GN3F + FRCOL								tigecycline	<=	1		
35756053	Table_2.XLSX	Sheet1	GN3F + FRCOL								ticarcillin/clavulanic acid	=	32/2		mic_sign '=' inferred
35756053	Table_2.XLSX	Sheet1	GN3F + FRCOL								ceftriaxone	<=	1		
35756053	Table_2.XLSX	Sheet1	GN3F + FRCOL								tetracycline	=	2		mic_sign '=' inferred
35756053	Table_2.XLSX	Sheet1	GN3F + FRCOL								colistin	=	0.25		mic_sign '=' inferred
35756053	Table_2.XLSX	Sheet1	GN3F + FRCOL								amikacin	<=	8		
35756053	Table_2.XLSX	Sheet1	GN3F + FRCOL								ampicillin	<=	4		
35756053	Table_2.XLSX	Sheet1	GN3F + FRCOL								ampicillin/sulbactam	<=	4/2		
35756053	Table_2.XLSX	Sheet1	GN3F + FRCOL								aztreonam	<=	4		
35756053	Table_2.XLSX	Sheet1	GN3F + FRCOL								cefazolin	<=	4		
35756053	Table_2.XLSX	Sheet1	GN3F + FRCOL								cefepime	<=	4		
35756053	Table_2.XLSX	Sheet1	GN3F + FRCOL								cephalothin	=	16		mic_sign '=' inferred
35756053	Table_2.XLSX	Sheet1	GN3F + FRCOL								meropenem	<=	1		
35756053	Table_2.XLSX	Sheet1	GN3F + FRCOL								ertapenem	<=	2		
35756053	Table_2.XLSX	Sheet1	GN3F + FRCOL								cefuroxime	=	8		mic_sign '=' inferred
35756053	Table_2.XLSX	Sheet1	GN3F + FRCOL								gentamicin	<=	2		
35756053	Table_2.XLSX	Sheet1	GN3F + FRCOL								ciprofloxacin	<=	0.5		
35756053	Table_2.XLSX	Sheet1	GN3F + FRCOL								piperacillin/tazobactam	<=	16/4		
35756053	Table_2.XLSX	Sheet1	GN3F + FRCOL								cefoxitin	<=	4		
35756053	Table_2.XLSX	Sheet1	GN3F + FRCOL								trimethoprim	<=	0.5/9.5		
35756053	Table_2.XLSX	Sheet1	GN3F + FRCOL								cefpodoxime	<=	2		
35756053	Table_2.XLSX	Sheet1	GN3F + FRCOL								ceftazidime	<=	1		
35756053	Table_2.XLSX	Sheet1	GN3F + FRCOL								tobramycin	<=	4		
35756053	Table_2.XLSX	Sheet1	GN3F + FRCOL								tigecycline	<=	1		
35756053	Table_2.XLSX	Sheet1	GN3F + FRCOL								ticarcillin/clavulanic acid	<=	16/2		
35756053	Table_2.XLSX	Sheet1	GN3F + FRCOL								ceftriaxone	<=	1		
35756053	Table_2.XLSX	Sheet1	GN3F + FRCOL								tetracycline	=	1		mic_sign '=' inferred
35756053	Table_2.XLSX	Sheet1	GN3F + FRCOL								colistin	=	0.5		mic_sign '=' inferred
35756053	Table_2.XLSX	Sheet1	GN3F + FRCOL								amikacin	<=	8		
35756053	Table_2.XLSX	Sheet1	GN3F + FRCOL								ampicillin	>	32		
35756053	Table_2.XLSX	Sheet1	GN3F + FRCOL								ampicillin/sulbactam	=	16/8		mic_sign '=' inferred
35756053	Table_2.XLSX	Sheet1	GN3F + FRCOL								aztreonam	<=	4		
35756053	Table_2.XLSX	Sheet1	GN3F + FRCOL								cefazolin	<=	4		
35756053	Table_2.XLSX	Sheet1	GN3F + FRCOL								cefepime	<=	4		
35756053	Table_2.XLSX	Sheet1	GN3F + FRCOL								cephalothin	=	16		mic_sign '=' inferred
35756053	Table_2.XLSX	Sheet1	GN3F + FRCOL								meropenem	<=	1		
35756053	Table_2.XLSX	Sheet1	GN3F + FRCOL								ertapenem	<=	2		
35756053	Table_2.XLSX	Sheet1	GN3F + FRCOL								cefuroxime	<=	4		
35756053	Table_2.XLSX	Sheet1	GN3F + FRCOL								gentamicin	<=	2		
35756053	Table_2.XLSX	Sheet1	GN3F + FRCOL								ciprofloxacin	<=	0.5		
35756053	Table_2.XLSX	Sheet1	GN3F + FRCOL								piperacillin/tazobactam	<=	16/4		
35756053	Table_2.XLSX	Sheet1	GN3F + FRCOL								cefoxitin	=	8		mic_sign '=' inferred
35756053	Table_2.XLSX	Sheet1	GN3F + FRCOL								trimethoprim	>	4/76		
35756053	Table_2.XLSX	Sheet1	GN3F + FRCOL								cefpodoxime	<=	2		
35756053	Table_2.XLSX	Sheet1	GN3F + FRCOL								ceftazidime	<=	1		
35756053	Table_2.XLSX	Sheet1	GN3F + FRCOL								tobramycin	<=	4		
35756053	Table_2.XLSX	Sheet1	GN3F + FRCOL								tigecycline	<=	1		
35756053	Table_2.XLSX	Sheet1	GN3F + FRCOL								ticarcillin/clavulanic acid	<=	16/2		
35756053	Table_2.XLSX	Sheet1	GN3F + FRCOL								ceftriaxone	<=	1		
35756053	Table_2.XLSX	Sheet1	GN3F + FRCOL								tetracycline	>	16		
35756053	Table_2.XLSX	Sheet1	GN3F + FRCOL								colistin	=	0.5		mic_sign '=' inferred
35756053	Table_2.XLSX	Sheet1	GN3F + FRCOL								amikacin	<=	8		
35756053	Table_2.XLSX	Sheet1	GN3F + FRCOL								ampicillin	>	32		
35756053	Table_2.XLSX	Sheet1	GN3F + FRCOL								ampicillin/sulbactam	=	8/4		mic_sign '=' inferred
35756053	Table_2.XLSX	Sheet1	GN3F + FRCOL								aztreonam	<=	4		
35756053	Table_2.XLSX	Sheet1	GN3F + FRCOL								cefazolin	<=	4		
35756053	Table_2.XLSX	Sheet1	GN3F + FRCOL								cefepime	<=	4		
35756053	Table_2.XLSX	Sheet1	GN3F + FRCOL								cephalothin	=	8		mic_sign '=' inferred
35756053	Table_2.XLSX	Sheet1	GN3F + FRCOL								meropenem	<=	1		
35756053	Table_2.XLSX	Sheet1	GN3F + FRCOL								ertapenem	<=	2		
35756053	Table_2.XLSX	Sheet1	GN3F + FRCOL								cefuroxime	<=	4		
35756053	Table_2.XLSX	Sheet1	GN3F + FRCOL								gentamicin	<=	2		
35756053	Table_2.XLSX	Sheet1	GN3F + FRCOL								ciprofloxacin	<=	0.5		
35756053	Table_2.XLSX	Sheet1	GN3F + FRCOL								piperacillin/tazobactam	<=	16/4		
35756053	Table_2.XLSX	Sheet1	GN3F + FRCOL								cefoxitin	<=	4		
35756053	Table_2.XLSX	Sheet1	GN3F + FRCOL								trimethoprim	>	4/76		
35756053	Table_2.XLSX	Sheet1	GN3F + FRCOL								cefpodoxime	<=	2		
35756053	Table_2.XLSX	Sheet1	GN3F + FRCOL								ceftazidime	<=	1		
35756053	Table_2.XLSX	Sheet1	GN3F + FRCOL								tobramycin	<=	4		
35756053	Table_2.XLSX	Sheet1	GN3F + FRCOL								tigecycline	<=	1		
35756053	Table_2.XLSX	Sheet1	GN3F + FRCOL								ticarcillin/clavulanic acid	<=	16/2		
35756053	Table_2.XLSX	Sheet1	GN3F + FRCOL								ceftriaxone	<=	1		
35756053	Table_2.XLSX	Sheet1	GN3F + FRCOL								tetracycline	>	16		
35756053	Table_2.XLSX	Sheet1	GN3F + FRCOL								colistin	=	0.25		mic_sign '=' inferred
35756053	Table_2.XLSX	Sheet1	GN3F + FRCOL								amikacin	=	16		mic_sign '=' inferred
35756053	Table_2.XLSX	Sheet1	GN3F + FRCOL								ampicillin	>	32		
35756053	Table_2.XLSX	Sheet1	GN3F + FRCOL								ampicillin/sulbactam	=	32/16		mic_sign '=' inferred
35756053	Table_2.XLSX	Sheet1	GN3F + FRCOL								aztreonam	<=	4		
35756053	Table_2.XLSX	Sheet1	GN3F + FRCOL								cefazolin	<=	4		
35756053	Table_2.XLSX	Sheet1	GN3F + FRCOL								cefepime	<=	4		
35756053	Table_2.XLSX	Sheet1	GN3F + FRCOL								cephalothin	>	16		
35756053	Table_2.XLSX	Sheet1	GN3F + FRCOL								meropenem	<=	1		
35756053	Table_2.XLSX	Sheet1	GN3F + FRCOL								ertapenem	<=	2		
35756053	Table_2.XLSX	Sheet1	GN3F + FRCOL								cefuroxime	=	16		mic_sign '=' inferred
35756053	Table_2.XLSX	Sheet1	GN3F + FRCOL								gentamicin	=	4		mic_sign '=' inferred
35756053	Table_2.XLSX	Sheet1	GN3F + FRCOL								ciprofloxacin	>	4		
35756053	Table_2.XLSX	Sheet1	GN3F + FRCOL								piperacillin/tazobactam	<=	16/4		
35756053	Table_2.XLSX	Sheet1	GN3F + FRCOL								cefoxitin	=	16		mic_sign '=' inferred
35756053	Table_2.XLSX	Sheet1	GN3F + FRCOL								trimethoprim	>	4/76		
35756053	Table_2.XLSX	Sheet1	GN3F + FRCOL								cefpodoxime	<=	2		
35756053	Table_2.XLSX	Sheet1	GN3F + FRCOL								ceftazidime	<=	1		
35756053	Table_2.XLSX	Sheet1	GN3F + FRCOL								tobramycin	>	8		
35756053	Table_2.XLSX	Sheet1	GN3F + FRCOL								tigecycline	<=	1		
35756053	Table_2.XLSX	Sheet1	GN3F + FRCOL								ticarcillin/clavulanic acid	=	64/2		mic_sign '=' inferred
35756053	Table_2.XLSX	Sheet1	GN3F + FRCOL								ceftriaxone	<=	1		
35756053	Table_2.XLSX	Sheet1	GN3F + FRCOL								tetracycline	>	16		
35756053	Table_2.XLSX	Sheet1	GN3F + FRCOL								colistin	=	0.5		mic_sign '=' inferred
35756053	Table_2.XLSX	Sheet1	GN3F + FRCOL								amikacin	<=	8		
35756053	Table_2.XLSX	Sheet1	GN3F + FRCOL								ampicillin	<=	4		
35756053	Table_2.XLSX	Sheet1	GN3F + FRCOL								ampicillin/sulbactam	<=	4/2		
35756053	Table_2.XLSX	Sheet1	GN3F + FRCOL								aztreonam	<=	4		
35756053	Table_2.XLSX	Sheet1	GN3F + FRCOL								cefazolin	<=	4		
35756053	Table_2.XLSX	Sheet1	GN3F + FRCOL								cefepime	<=	4		
35756053	Table_2.XLSX	Sheet1	GN3F + FRCOL								cephalothin	=	8		mic_sign '=' inferred
35756053	Table_2.XLSX	Sheet1	GN3F + FRCOL								meropenem	<=	1		
35756053	Table_2.XLSX	Sheet1	GN3F + FRCOL								ertapenem	<=	2		
35756053	Table_2.XLSX	Sheet1	GN3F + FRCOL								cefuroxime	<=	4		
35756053	Table_2.XLSX	Sheet1	GN3F + FRCOL								gentamicin	<=	2		
35756053	Table_2.XLSX	Sheet1	GN3F + FRCOL								ciprofloxacin	<=	0.5		
35756053	Table_2.XLSX	Sheet1	GN3F + FRCOL								piperacillin/tazobactam	<=	16/4		
35756053	Table_2.XLSX	Sheet1	GN3F + FRCOL								cefoxitin	<=	4		
35756053	Table_2.XLSX	Sheet1	GN3F + FRCOL								trimethoprim	<=	0.5/9.5		
35756053	Table_2.XLSX	Sheet1	GN3F + FRCOL								cefpodoxime	<=	2		
35756053	Table_2.XLSX	Sheet1	GN3F + FRCOL								ceftazidime	<=	1		
35756053	Table_2.XLSX	Sheet1	GN3F + FRCOL								tobramycin	<=	4		
35756053	Table_2.XLSX	Sheet1	GN3F + FRCOL								tigecycline	<=	1		
35756053	Table_2.XLSX	Sheet1	GN3F + FRCOL								ticarcillin/clavulanic acid	<=	16/2		
35756053	Table_2.XLSX	Sheet1	GN3F + FRCOL								ceftriaxone	<=	1		
35756053	Table_2.XLSX	Sheet1	GN3F + FRCOL								tetracycline	=	1		mic_sign '=' inferred
35756053	Table_2.XLSX	Sheet1	GN3F + FRCOL								colistin	=	0.25		mic_sign '=' inferred
35756053	Table_2.XLSX	Sheet1	GN3F + FRCOL								amikacin	<=	8		
35756053	Table_2.XLSX	Sheet1	GN3F + FRCOL								ampicillin	>	32		
35756053	Table_2.XLSX	Sheet1	GN3F + FRCOL								ampicillin/sulbactam	=	8/4		mic_sign '=' inferred
35756053	Table_2.XLSX	Sheet1	GN3F + FRCOL								aztreonam	<=	4		
35756053	Table_2.XLSX	Sheet1	GN3F + FRCOL								cefazolin	>	32		
35756053	Table_2.XLSX	Sheet1	GN3F + FRCOL								cefepime	<=	4		
35756053	Table_2.XLSX	Sheet1	GN3F + FRCOL								cephalothin	>	16		
35756053	Table_2.XLSX	Sheet1	GN3F + FRCOL								meropenem	<=	1		
35756053	Table_2.XLSX	Sheet1	GN3F + FRCOL								ertapenem	<=	2		
35756053	Table_2.XLSX	Sheet1	GN3F + FRCOL								cefuroxime	>	32		
35756053	Table_2.XLSX	Sheet1	GN3F + FRCOL								gentamicin	<=	2		
35756053	Table_2.XLSX	Sheet1	GN3F + FRCOL								ciprofloxacin	<=	0.5		
35756053	Table_2.XLSX	Sheet1	GN3F + FRCOL								piperacillin/tazobactam	<=	16/4		
35756053	Table_2.XLSX	Sheet1	GN3F + FRCOL								cefoxitin	>	32		
35756053	Table_2.XLSX	Sheet1	GN3F + FRCOL								trimethoprim	<=	0.5/9.5		
35756053	Table_2.XLSX	Sheet1	GN3F + FRCOL								cefpodoxime	=	16		mic_sign '=' inferred
35756053	Table_2.XLSX	Sheet1	GN3F + FRCOL								ceftazidime	=	16		mic_sign '=' inferred
35756053	Table_2.XLSX	Sheet1	GN3F + FRCOL								tobramycin	<=	4		
35756053	Table_2.XLSX	Sheet1	GN3F + FRCOL								tigecycline	<=	1		
35756053	Table_2.XLSX	Sheet1	GN3F + FRCOL								ticarcillin/clavulanic acid	=	64/2		mic_sign '=' inferred
35756053	Table_2.XLSX	Sheet1	GN3F + FRCOL								ceftriaxone	<=	1		
35756053	Table_2.XLSX	Sheet1	GN3F + FRCOL								tetracycline	=	1		mic_sign '=' inferred
35756053	Table_2.XLSX	Sheet1	GN3F + FRCOL								colistin	=	0.5		mic_sign '=' inferred
35756053	Table_2.XLSX	Sheet1	GN3F + FRCOL								amikacin	<=	8		
35756053	Table_2.XLSX	Sheet1	GN3F + FRCOL								ampicillin	>	32		
35756053	Table_2.XLSX	Sheet1	GN3F + FRCOL								ampicillin/sulbactam	=	16/8		mic_sign '=' inferred
35756053	Table_2.XLSX	Sheet1	GN3F + FRCOL								aztreonam	=	32		mic_sign '=' inferred
35756053	Table_2.XLSX	Sheet1	GN3F + FRCOL								cefazolin	>	32		
35756053	Table_2.XLSX	Sheet1	GN3F + FRCOL								cefepime	=	32		mic_sign '=' inferred
35756053	Table_2.XLSX	Sheet1	GN3F + FRCOL								cephalothin	>	16		
35756053	Table_2.XLSX	Sheet1	GN3F + FRCOL								meropenem	<=	1		
35756053	Table_2.XLSX	Sheet1	GN3F + FRCOL								ertapenem	<=	2		
35756053	Table_2.XLSX	Sheet1	GN3F + FRCOL								cefuroxime	>	32		
35756053	Table_2.XLSX	Sheet1	GN3F + FRCOL								gentamicin	>	16		
35756053	Table_2.XLSX	Sheet1	GN3F + FRCOL								ciprofloxacin	>	4		
35756053	Table_2.XLSX	Sheet1	GN3F + FRCOL								piperacillin/tazobactam	<=	16/4		
35756053	Table_2.XLSX	Sheet1	GN3F + FRCOL								cefoxitin	=	8		mic_sign '=' inferred
35756053	Table_2.XLSX	Sheet1	GN3F + FRCOL								trimethoprim	>	4/76		
35756053	Table_2.XLSX	Sheet1	GN3F + FRCOL								cefpodoxime	>	16		
35756053	Table_2.XLSX	Sheet1	GN3F + FRCOL								ceftazidime	=	16		mic_sign '=' inferred
35756053	Table_2.XLSX	Sheet1	GN3F + FRCOL								tobramycin	>	8		
35756053	Table_2.XLSX	Sheet1	GN3F + FRCOL								tigecycline	<=	1		
35756053	Table_2.XLSX	Sheet1	GN3F + FRCOL								ticarcillin/clavulanic acid	=	32/2		mic_sign '=' inferred
35756053	Table_2.XLSX	Sheet1	GN3F + FRCOL								ceftriaxone	>	64		
35756053	Table_2.XLSX	Sheet1	GN3F + FRCOL								tetracycline	>	16		
35756053	Table_2.XLSX	Sheet1	GN3F + FRCOL								colistin	=	0.5		mic_sign '=' inferred
35756053	Table_2.XLSX	Sheet1	GN3F + FRCOL								amikacin	<=	8		
35756053	Table_2.XLSX	Sheet1	GN3F + FRCOL								ampicillin	<=	4		
35756053	Table_2.XLSX	Sheet1	GN3F + FRCOL								ampicillin/sulbactam	<=	4/2		
35756053	Table_2.XLSX	Sheet1	GN3F + FRCOL								aztreonam	<=	4		
35756053	Table_2.XLSX	Sheet1	GN3F + FRCOL								cefazolin	<=	4		
35756053	Table_2.XLSX	Sheet1	GN3F + FRCOL								cefepime	<=	4		
35756053	Table_2.XLSX	Sheet1	GN3F + FRCOL								cephalothin	=	8		mic_sign '=' inferred
35756053	Table_2.XLSX	Sheet1	GN3F + FRCOL								meropenem	<=	1		
35756053	Table_2.XLSX	Sheet1	GN3F + FRCOL								ertapenem	<=	2		
35756053	Table_2.XLSX	Sheet1	GN3F + FRCOL								cefuroxime	<=	4		
35756053	Table_2.XLSX	Sheet1	GN3F + FRCOL								gentamicin	<=	2		
35756053	Table_2.XLSX	Sheet1	GN3F + FRCOL								ciprofloxacin	<=	0.5		
35756053	Table_2.XLSX	Sheet1	GN3F + FRCOL								piperacillin/tazobactam	<=	16/4		
35756053	Table_2.XLSX	Sheet1	GN3F + FRCOL								cefoxitin	<=	4		
35756053	Table_2.XLSX	Sheet1	GN3F + FRCOL								trimethoprim	=	1/19		mic_sign '=' inferred
35756053	Table_2.XLSX	Sheet1	GN3F + FRCOL								cefpodoxime	<=	2		
35756053	Table_2.XLSX	Sheet1	GN3F + FRCOL								ceftazidime	<=	1		
35756053	Table_2.XLSX	Sheet1	GN3F + FRCOL								tobramycin	<=	4		
35756053	Table_2.XLSX	Sheet1	GN3F + FRCOL								tigecycline	<=	1		
35756053	Table_2.XLSX	Sheet1	GN3F + FRCOL								ticarcillin/clavulanic acid	<=	16/2		
35756053	Table_2.XLSX	Sheet1	GN3F + FRCOL								ceftriaxone	<=	1		
35756053	Table_2.XLSX	Sheet1	GN3F + FRCOL								tetracycline	=	1		mic_sign '=' inferred
35756053	Table_2.XLSX	Sheet1	GN3F + FRCOL								colistin	=	0.5		mic_sign '=' inferred
35756053	Table_2.XLSX	Sheet1	GN3F + FRCOL								amikacin	<=	8		
35756053	Table_2.XLSX	Sheet1	GN3F + FRCOL								ampicillin	>	32		
35756053	Table_2.XLSX	Sheet1	GN3F + FRCOL								ampicillin/sulbactam	>	32/16		
35756053	Table_2.XLSX	Sheet1	GN3F + FRCOL								aztreonam	<=	4		
35756053	Table_2.XLSX	Sheet1	GN3F + FRCOL								cefazolin	=	16		mic_sign '=' inferred
35756053	Table_2.XLSX	Sheet1	GN3F + FRCOL								cefepime	<=	4		
35756053	Table_2.XLSX	Sheet1	GN3F + FRCOL								cephalothin	>	16		
35756053	Table_2.XLSX	Sheet1	GN3F + FRCOL								meropenem	<=	1		
35756053	Table_2.XLSX	Sheet1	GN3F + FRCOL								ertapenem	<=	2		
35756053	Table_2.XLSX	Sheet1	GN3F + FRCOL								cefuroxime	=	8		mic_sign '=' inferred
35756053	Table_2.XLSX	Sheet1	GN3F + FRCOL								gentamicin	<=	2		
35756053	Table_2.XLSX	Sheet1	GN3F + FRCOL								ciprofloxacin	>	4		
35756053	Table_2.XLSX	Sheet1	GN3F + FRCOL								piperacillin/tazobactam	<=	16/4		
35756053	Table_2.XLSX	Sheet1	GN3F + FRCOL								cefoxitin	=	8		mic_sign '=' inferred
35756053	Table_2.XLSX	Sheet1	GN3F + FRCOL								trimethoprim	>	4/76		
35756053	Table_2.XLSX	Sheet1	GN3F + FRCOL								cefpodoxime	<=	2		
35756053	Table_2.XLSX	Sheet1	GN3F + FRCOL								ceftazidime	<=	1		
35756053	Table_2.XLSX	Sheet1	GN3F + FRCOL								tobramycin	<=	4		
35756053	Table_2.XLSX	Sheet1	GN3F + FRCOL								tigecycline	<=	1		
35756053	Table_2.XLSX	Sheet1	GN3F + FRCOL								ticarcillin/clavulanic acid	>	64/2		
35756053	Table_2.XLSX	Sheet1	GN3F + FRCOL								ceftriaxone	<=	1		
35756053	Table_2.XLSX	Sheet1	GN3F + FRCOL								tetracycline	>	16		
35756053	Table_2.XLSX	Sheet1	GN3F + FRCOL								colistin	=	0.25		mic_sign '=' inferred
35756053	Table_2.XLSX	Sheet1	GN3F + FRCOL								amikacin	<=	8		
35756053	Table_2.XLSX	Sheet1	GN3F + FRCOL								ampicillin	<=	4		
35756053	Table_2.XLSX	Sheet1	GN3F + FRCOL								ampicillin/sulbactam	<=	4/2		
35756053	Table_2.XLSX	Sheet1	GN3F + FRCOL								aztreonam	<=	4		
35756053	Table_2.XLSX	Sheet1	GN3F + FRCOL								cefazolin	<=	4		
35756053	Table_2.XLSX	Sheet1	GN3F + FRCOL								cefepime	<=	4		
35756053	Table_2.XLSX	Sheet1	GN3F + FRCOL								cephalothin	=	16		mic_sign '=' inferred
35756053	Table_2.XLSX	Sheet1	GN3F + FRCOL								meropenem	<=	1		
35756053	Table_2.XLSX	Sheet1	GN3F + FRCOL								ertapenem	<=	2		
35756053	Table_2.XLSX	Sheet1	GN3F + FRCOL								cefuroxime	=	8		mic_sign '=' inferred
35756053	Table_2.XLSX	Sheet1	GN3F + FRCOL								gentamicin	<=	2		
35756053	Table_2.XLSX	Sheet1	GN3F + FRCOL								ciprofloxacin	<=	0.5		
35756053	Table_2.XLSX	Sheet1	GN3F + FRCOL								piperacillin/tazobactam	<=	16/4		
35756053	Table_2.XLSX	Sheet1	GN3F + FRCOL								cefoxitin	=	8		mic_sign '=' inferred
35756053	Table_2.XLSX	Sheet1	GN3F + FRCOL								trimethoprim	<=	0.5/9.5		
35756053	Table_2.XLSX	Sheet1	GN3F + FRCOL								cefpodoxime	<=	2		
35756053	Table_2.XLSX	Sheet1	GN3F + FRCOL								ceftazidime	<=	1		
35756053	Table_2.XLSX	Sheet1	GN3F + FRCOL								tobramycin	<=	4		
35756053	Table_2.XLSX	Sheet1	GN3F + FRCOL								tigecycline	<=	1		
35756053	Table_2.XLSX	Sheet1	GN3F + FRCOL								ticarcillin/clavulanic acid	<=	16/2		
35756053	Table_2.XLSX	Sheet1	GN3F + FRCOL								ceftriaxone	<=	1		
35756053	Table_2.XLSX	Sheet1	GN3F + FRCOL								tetracycline	=	2		mic_sign '=' inferred
35756053	Table_2.XLSX	Sheet1	GN3F + FRCOL								colistin	=	0.25		mic_sign '=' inferred
35756053	Table_2.XLSX	Sheet1	GN3F + FRCOL								amikacin	<=	8		
35756053	Table_2.XLSX	Sheet1	GN3F + FRCOL								ampicillin	>	32		
35756053	Table_2.XLSX	Sheet1	GN3F + FRCOL								ampicillin/sulbactam	=	16/8		mic_sign '=' inferred
35756053	Table_2.XLSX	Sheet1	GN3F + FRCOL								aztreonam	<=	4		
35756053	Table_2.XLSX	Sheet1	GN3F + FRCOL								cefazolin	<=	4		
35756053	Table_2.XLSX	Sheet1	GN3F + FRCOL								cefepime	<=	4		
35756053	Table_2.XLSX	Sheet1	GN3F + FRCOL								cephalothin	=	16		mic_sign '=' inferred
35756053	Table_2.XLSX	Sheet1	GN3F + FRCOL								meropenem	<=	1		
35756053	Table_2.XLSX	Sheet1	GN3F + FRCOL								ertapenem	<=	2		
35756053	Table_2.XLSX	Sheet1	GN3F + FRCOL								cefuroxime	<=	4		
35756053	Table_2.XLSX	Sheet1	GN3F + FRCOL								gentamicin	=	16		mic_sign '=' inferred
35756053	Table_2.XLSX	Sheet1	GN3F + FRCOL								ciprofloxacin	<=	0.5		
35756053	Table_2.XLSX	Sheet1	GN3F + FRCOL								piperacillin/tazobactam	<=	16/4		
35756053	Table_2.XLSX	Sheet1	GN3F + FRCOL								cefoxitin	<=	4		
35756053	Table_2.XLSX	Sheet1	GN3F + FRCOL								trimethoprim	>	4/76		
35756053	Table_2.XLSX	Sheet1	GN3F + FRCOL								cefpodoxime	<=	2		
35756053	Table_2.XLSX	Sheet1	GN3F + FRCOL								ceftazidime	<=	1		
35756053	Table_2.XLSX	Sheet1	GN3F + FRCOL								tobramycin	>	8		
35756053	Table_2.XLSX	Sheet1	GN3F + FRCOL								tigecycline	<=	1		
35756053	Table_2.XLSX	Sheet1	GN3F + FRCOL								ticarcillin/clavulanic acid	<=	16/2		
35756053	Table_2.XLSX	Sheet1	GN3F + FRCOL								ceftriaxone	<=	1		
35756053	Table_2.XLSX	Sheet1	GN3F + FRCOL								tetracycline	>	16		
35756053	Table_2.XLSX	Sheet1	GN3F + FRCOL								colistin	=	0.5		mic_sign '=' inferred
35756053	Table_2.XLSX	Sheet1	GN3F + FRCOL								amikacin	<=	8		
35756053	Table_2.XLSX	Sheet1	GN3F + FRCOL								ampicillin	<=	4		
35756053	Table_2.XLSX	Sheet1	GN3F + FRCOL								ampicillin/sulbactam	<=	4/2		
35756053	Table_2.XLSX	Sheet1	GN3F + FRCOL								aztreonam	<=	4		
35756053	Table_2.XLSX	Sheet1	GN3F + FRCOL								cefazolin	<=	4		
35756053	Table_2.XLSX	Sheet1	GN3F + FRCOL								cefepime	<=	4		
35756053	Table_2.XLSX	Sheet1	GN3F + FRCOL								cephalothin	=	16		mic_sign '=' inferred
35756053	Table_2.XLSX	Sheet1	GN3F + FRCOL								meropenem	<=	1		
35756053	Table_2.XLSX	Sheet1	GN3F + FRCOL								ertapenem	<=	2		
35756053	Table_2.XLSX	Sheet1	GN3F + FRCOL								cefuroxime	<=	4		
35756053	Table_2.XLSX	Sheet1	GN3F + FRCOL								gentamicin	<=	2		
35756053	Table_2.XLSX	Sheet1	GN3F + FRCOL								ciprofloxacin	<=	0.5		
35756053	Table_2.XLSX	Sheet1	GN3F + FRCOL								piperacillin/tazobactam	<=	16/4		
35756053	Table_2.XLSX	Sheet1	GN3F + FRCOL								cefoxitin	=	8		mic_sign '=' inferred
35756053	Table_2.XLSX	Sheet1	GN3F + FRCOL								trimethoprim	<=	0.5/9.5		
35756053	Table_2.XLSX	Sheet1	GN3F + FRCOL								cefpodoxime	<=	2		
35756053	Table_2.XLSX	Sheet1	GN3F + FRCOL								ceftazidime	<=	1		
35756053	Table_2.XLSX	Sheet1	GN3F + FRCOL								tobramycin	<=	4		
35756053	Table_2.XLSX	Sheet1	GN3F + FRCOL								tigecycline	<=	1		
35756053	Table_2.XLSX	Sheet1	GN3F + FRCOL								ticarcillin/clavulanic acid	<=	16/2		
35756053	Table_2.XLSX	Sheet1	GN3F + FRCOL								ceftriaxone	<=	1		
35756053	Table_2.XLSX	Sheet1	GN3F + FRCOL								tetracycline	=	1		mic_sign '=' inferred
35756053	Table_2.XLSX	Sheet1	GN3F + FRCOL								colistin	=	0.25		mic_sign '=' inferred
35756053	Table_2.XLSX	Sheet1	GN3F + FRCOL								amikacin	<=	8		
35756053	Table_2.XLSX	Sheet1	GN3F + FRCOL								ampicillin	>	32		
35756053	Table_2.XLSX	Sheet1	GN3F + FRCOL								ampicillin/sulbactam	=	16/8		mic_sign '=' inferred
35756053	Table_2.XLSX	Sheet1	GN3F + FRCOL								aztreonam	<=	4		
35756053	Table_2.XLSX	Sheet1	GN3F + FRCOL								cefazolin	<=	4		
35756053	Table_2.XLSX	Sheet1	GN3F + FRCOL								cefepime	<=	4		
35756053	Table_2.XLSX	Sheet1	GN3F + FRCOL								cephalothin	>	16		
35756053	Table_2.XLSX	Sheet1	GN3F + FRCOL								meropenem	<=	1		
35756053	Table_2.XLSX	Sheet1	GN3F + FRCOL								ertapenem	<=	2		
35756053	Table_2.XLSX	Sheet1	GN3F + FRCOL								cefuroxime	=	16		mic_sign '=' inferred
35756053	Table_2.XLSX	Sheet1	GN3F + FRCOL								gentamicin	<=	2		
35756053	Table_2.XLSX	Sheet1	GN3F + FRCOL								ciprofloxacin	>	4		
35756053	Table_2.XLSX	Sheet1	GN3F + FRCOL								piperacillin/tazobactam	<=	16/4		
35756053	Table_2.XLSX	Sheet1	GN3F + FRCOL								cefoxitin	=	16		mic_sign '=' inferred
35756053	Table_2.XLSX	Sheet1	GN3F + FRCOL								trimethoprim	>	4/76		
35756053	Table_2.XLSX	Sheet1	GN3F + FRCOL								cefpodoxime	<=	2		
35756053	Table_2.XLSX	Sheet1	GN3F + FRCOL								ceftazidime	<=	1		
35756053	Table_2.XLSX	Sheet1	GN3F + FRCOL								tobramycin	>	8		
35756053	Table_2.XLSX	Sheet1	GN3F + FRCOL								tigecycline	<=	1		
35756053	Table_2.XLSX	Sheet1	GN3F + FRCOL								ticarcillin/clavulanic acid	=	32/2		mic_sign '=' inferred
35756053	Table_2.XLSX	Sheet1	GN3F + FRCOL								ceftriaxone	<=	1		
35756053	Table_2.XLSX	Sheet1	GN3F + FRCOL								tetracycline	>	16		
35756053	Table_2.XLSX	Sheet1	GN3F + FRCOL								colistin	=	0.5		mic_sign '=' inferred
35756053	Table_2.XLSX	Sheet1	GN3F + FRCOL								amikacin	<=	8		
35756053	Table_2.XLSX	Sheet1	GN3F + FRCOL								ampicillin	<=	4		
35756053	Table_2.XLSX	Sheet1	GN3F + FRCOL								ampicillin/sulbactam	<=	4/2		
35756053	Table_2.XLSX	Sheet1	GN3F + FRCOL								aztreonam	<=	4		
35756053	Table_2.XLSX	Sheet1	GN3F + FRCOL								cefazolin	<=	4		
35756053	Table_2.XLSX	Sheet1	GN3F + FRCOL								cefepime	<=	4		
35756053	Table_2.XLSX	Sheet1	GN3F + FRCOL								cephalothin	=	4		mic_sign '=' inferred
35756053	Table_2.XLSX	Sheet1	GN3F + FRCOL								meropenem	<=	1		
35756053	Table_2.XLSX	Sheet1	GN3F + FRCOL								ertapenem	<=	2		
35756053	Table_2.XLSX	Sheet1	GN3F + FRCOL								cefuroxime	<=	4		
35756053	Table_2.XLSX	Sheet1	GN3F + FRCOL								gentamicin	<=	2		
35756053	Table_2.XLSX	Sheet1	GN3F + FRCOL								ciprofloxacin	<=	0.5		
35756053	Table_2.XLSX	Sheet1	GN3F + FRCOL								piperacillin/tazobactam	<=	16/4		
35756053	Table_2.XLSX	Sheet1	GN3F + FRCOL								cefoxitin	<=	4		
35756053	Table_2.XLSX	Sheet1	GN3F + FRCOL								trimethoprim	<=	0.5/9.5		
35756053	Table_2.XLSX	Sheet1	GN3F + FRCOL								cefpodoxime	<=	2		
35756053	Table_2.XLSX	Sheet1	GN3F + FRCOL								ceftazidime	<=	1		
35756053	Table_2.XLSX	Sheet1	GN3F + FRCOL								tobramycin	<=	4		
35756053	Table_2.XLSX	Sheet1	GN3F + FRCOL								tigecycline	<=	1		
35756053	Table_2.XLSX	Sheet1	GN3F + FRCOL								ticarcillin/clavulanic acid	<=	16/2		
35756053	Table_2.XLSX	Sheet1	GN3F + FRCOL								ceftriaxone	<=	1		
35756053	Table_2.XLSX	Sheet1	GN3F + FRCOL								tetracycline	<=	0.5		
35756053	Table_2.XLSX	Sheet1	GN3F + FRCOL								colistin	=	0.25		mic_sign '=' inferred
35756053	Table_2.XLSX	Sheet1	GN3F + FRCOL								amikacin	<=	8		
35756053	Table_2.XLSX	Sheet1	GN3F + FRCOL								ampicillin	<=	4		
35756053	Table_2.XLSX	Sheet1	GN3F + FRCOL								ampicillin/sulbactam	<=	4/2		
35756053	Table_2.XLSX	Sheet1	GN3F + FRCOL								aztreonam	=	8		mic_sign '=' inferred
35756053	Table_2.XLSX	Sheet1	GN3F + FRCOL								cefazolin	<=	4		
35756053	Table_2.XLSX	Sheet1	GN3F + FRCOL								cefepime	<=	4		
35756053	Table_2.XLSX	Sheet1	GN3F + FRCOL								cephalothin	=	8		mic_sign '=' inferred
35756053	Table_2.XLSX	Sheet1	GN3F + FRCOL								meropenem	<=	1		
35756053	Table_2.XLSX	Sheet1	GN3F + FRCOL								ertapenem	<=	2		
35756053	Table_2.XLSX	Sheet1	GN3F + FRCOL								cefuroxime	<=	4		
35756053	Table_2.XLSX	Sheet1	GN3F + FRCOL								gentamicin	<=	2		
35756053	Table_2.XLSX	Sheet1	GN3F + FRCOL								ciprofloxacin	<=	0.5		
35756053	Table_2.XLSX	Sheet1	GN3F + FRCOL								piperacillin/tazobactam	<=	16/4		
35756053	Table_2.XLSX	Sheet1	GN3F + FRCOL								cefoxitin	<=	4		
35756053	Table_2.XLSX	Sheet1	GN3F + FRCOL								trimethoprim	<=	0.5/9.5		
35756053	Table_2.XLSX	Sheet1	GN3F + FRCOL								cefpodoxime	<=	2		
35756053	Table_2.XLSX	Sheet1	GN3F + FRCOL								ceftazidime	<=	1		
35756053	Table_2.XLSX	Sheet1	GN3F + FRCOL								tobramycin	<=	4		
35756053	Table_2.XLSX	Sheet1	GN3F + FRCOL								tigecycline	<=	1		
35756053	Table_2.XLSX	Sheet1	GN3F + FRCOL								ticarcillin/clavulanic acid	<=	16/2		
35756053	Table_2.XLSX	Sheet1	GN3F + FRCOL								ceftriaxone	<=	1		
35756053	Table_2.XLSX	Sheet1	GN3F + FRCOL								tetracycline	=	1		mic_sign '=' inferred
35756053	Table_2.XLSX	Sheet1	GN3F + FRCOL								colistin	=	0.5		mic_sign '=' inferred
35756053	Table_2.XLSX	Sheet1	GN3F + FRCOL								amikacin	<=	8		
35756053	Table_2.XLSX	Sheet1	GN3F + FRCOL								ampicillin	<=	4		
35756053	Table_2.XLSX	Sheet1	GN3F + FRCOL								ampicillin/sulbactam	<=	4/2		
35756053	Table_2.XLSX	Sheet1	GN3F + FRCOL								aztreonam	<=	4		
35756053	Table_2.XLSX	Sheet1	GN3F + FRCOL								cefazolin	<=	4		
35756053	Table_2.XLSX	Sheet1	GN3F + FRCOL								cefepime	<=	4		
35756053	Table_2.XLSX	Sheet1	GN3F + FRCOL								cephalothin	=	16		mic_sign '=' inferred
35756053	Table_2.XLSX	Sheet1	GN3F + FRCOL								meropenem	<=	1		
35756053	Table_2.XLSX	Sheet1	GN3F + FRCOL								ertapenem	<=	2		
35756053	Table_2.XLSX	Sheet1	GN3F + FRCOL								cefuroxime	<=	4		
35756053	Table_2.XLSX	Sheet1	GN3F + FRCOL								gentamicin	<=	2		
35756053	Table_2.XLSX	Sheet1	GN3F + FRCOL								ciprofloxacin	<=	0.5		
35756053	Table_2.XLSX	Sheet1	GN3F + FRCOL								piperacillin/tazobactam	<=	16/4		
35756053	Table_2.XLSX	Sheet1	GN3F + FRCOL								cefoxitin	<=	4		
35756053	Table_2.XLSX	Sheet1	GN3F + FRCOL								trimethoprim	<=	0.5/9.5		
35756053	Table_2.XLSX	Sheet1	GN3F + FRCOL								cefpodoxime	<=	2		
35756053	Table_2.XLSX	Sheet1	GN3F + FRCOL								ceftazidime	<=	1		
35756053	Table_2.XLSX	Sheet1	GN3F + FRCOL								tobramycin	<=	4		
35756053	Table_2.XLSX	Sheet1	GN3F + FRCOL								tigecycline	<=	1		
35756053	Table_2.XLSX	Sheet1	GN3F + FRCOL								ticarcillin/clavulanic acid	<=	16/2		
35756053	Table_2.XLSX	Sheet1	GN3F + FRCOL								ceftriaxone	<=	1		
35756053	Table_2.XLSX	Sheet1	GN3F + FRCOL								tetracycline	=	2		mic_sign '=' inferred
35756053	Table_2.XLSX	Sheet1	GN3F + FRCOL								colistin	=	0.5		mic_sign '=' inferred
35756053	Table_2.XLSX	Sheet1	GN3F + FRCOL								amikacin	<=	8		
35756053	Table_2.XLSX	Sheet1	GN3F + FRCOL								ampicillin	<=	4		
35756053	Table_2.XLSX	Sheet1	GN3F + FRCOL								ampicillin/sulbactam	<=	4/2		
35756053	Table_2.XLSX	Sheet1	GN3F + FRCOL								aztreonam	<=	4		
35756053	Table_2.XLSX	Sheet1	GN3F + FRCOL								cefazolin	<=	4		
35756053	Table_2.XLSX	Sheet1	GN3F + FRCOL								cefepime	<=	4		
35756053	Table_2.XLSX	Sheet1	GN3F + FRCOL								cephalothin	=	8		mic_sign '=' inferred
35756053	Table_2.XLSX	Sheet1	GN3F + FRCOL								meropenem	<=	1		
35756053	Table_2.XLSX	Sheet1	GN3F + FRCOL								ertapenem	<=	2		
35756053	Table_2.XLSX	Sheet1	GN3F + FRCOL								cefuroxime	<=	4		
35756053	Table_2.XLSX	Sheet1	GN3F + FRCOL								gentamicin	<=	2		
35756053	Table_2.XLSX	Sheet1	GN3F + FRCOL								ciprofloxacin	<=	0.5		
35756053	Table_2.XLSX	Sheet1	GN3F + FRCOL								piperacillin/tazobactam	<=	16/4		
35756053	Table_2.XLSX	Sheet1	GN3F + FRCOL								cefoxitin	<=	4		
35756053	Table_2.XLSX	Sheet1	GN3F + FRCOL								trimethoprim	<=	0.5/9.5		
35756053	Table_2.XLSX	Sheet1	GN3F + FRCOL								cefpodoxime	<=	2		
35756053	Table_2.XLSX	Sheet1	GN3F + FRCOL								ceftazidime	<=	1		
35756053	Table_2.XLSX	Sheet1	GN3F + FRCOL								tobramycin	<=	4		
35756053	Table_2.XLSX	Sheet1	GN3F + FRCOL								tigecycline	<=	1		
35756053	Table_2.XLSX	Sheet1	GN3F + FRCOL								ticarcillin/clavulanic acid	<=	16/2		
35756053	Table_2.XLSX	Sheet1	GN3F + FRCOL								ceftriaxone	<=	1		
35756053	Table_2.XLSX	Sheet1	GN3F + FRCOL								tetracycline	=	1		mic_sign '=' inferred
35756053	Table_2.XLSX	Sheet1	GN3F + FRCOL								colistin	=	0.5		mic_sign '=' inferred
35756053	Table_2.XLSX	Sheet1	GN3F + FRCOL								amikacin	<=	8		
35756053	Table_2.XLSX	Sheet1	GN3F + FRCOL								ampicillin	<=	4		
35756053	Table_2.XLSX	Sheet1	GN3F + FRCOL								ampicillin/sulbactam	<=	4/2		
35756053	Table_2.XLSX	Sheet1	GN3F + FRCOL								aztreonam	<=	4		
35756053	Table_2.XLSX	Sheet1	GN3F + FRCOL								cefazolin	<=	4		
35756053	Table_2.XLSX	Sheet1	GN3F + FRCOL								cefepime	<=	4		
35756053	Table_2.XLSX	Sheet1	GN3F + FRCOL								cephalothin	=	8		mic_sign '=' inferred
35756053	Table_2.XLSX	Sheet1	GN3F + FRCOL								meropenem	<=	1		
35756053	Table_2.XLSX	Sheet1	GN3F + FRCOL								ertapenem	<=	2		
35756053	Table_2.XLSX	Sheet1	GN3F + FRCOL								cefuroxime	=	8		mic_sign '=' inferred
35756053	Table_2.XLSX	Sheet1	GN3F + FRCOL								gentamicin	<=	2		
35756053	Table_2.XLSX	Sheet1	GN3F + FRCOL								ciprofloxacin	>	4		
35756053	Table_2.XLSX	Sheet1	GN3F + FRCOL								piperacillin/tazobactam	<=	16/4		
35756053	Table_2.XLSX	Sheet1	GN3F + FRCOL								cefoxitin	=	8		mic_sign '=' inferred
35756053	Table_2.XLSX	Sheet1	GN3F + FRCOL								trimethoprim	<=	0.5/9.5		
35756053	Table_2.XLSX	Sheet1	GN3F + FRCOL								cefpodoxime	<=	2		
35756053	Table_2.XLSX	Sheet1	GN3F + FRCOL								ceftazidime	<=	1		
35756053	Table_2.XLSX	Sheet1	GN3F + FRCOL								tobramycin	<=	4		
35756053	Table_2.XLSX	Sheet1	GN3F + FRCOL								tigecycline	<=	1		
35756053	Table_2.XLSX	Sheet1	GN3F + FRCOL								ticarcillin/clavulanic acid	<=	16/2		
35756053	Table_2.XLSX	Sheet1	GN3F + FRCOL								ceftriaxone	<=	1		
35756053	Table_2.XLSX	Sheet1	GN3F + FRCOL								tetracycline	>	16		
35756053	Table_2.XLSX	Sheet1	GN3F + FRCOL								colistin	=	0.5		mic_sign '=' inferred
35756053	Table_2.XLSX	Sheet1	GN3F + FRCOL								amikacin	<=	8		
35756053	Table_2.XLSX	Sheet1	GN3F + FRCOL								ampicillin	>	32		
35756053	Table_2.XLSX	Sheet1	GN3F + FRCOL								ampicillin/sulbactam	=	32/16		mic_sign '=' inferred
35756053	Table_2.XLSX	Sheet1	GN3F + FRCOL								aztreonam	<=	4		
35756053	Table_2.XLSX	Sheet1	GN3F + FRCOL								cefazolin	<=	4		
35756053	Table_2.XLSX	Sheet1	GN3F + FRCOL								cefepime	<=	4		
35756053	Table_2.XLSX	Sheet1	GN3F + FRCOL								cephalothin	>	16		
35756053	Table_2.XLSX	Sheet1	GN3F + FRCOL								meropenem	<=	1		
35756053	Table_2.XLSX	Sheet1	GN3F + FRCOL								ertapenem	<=	2		
35756053	Table_2.XLSX	Sheet1	GN3F + FRCOL								cefuroxime	<=	4		
35756053	Table_2.XLSX	Sheet1	GN3F + FRCOL								gentamicin	<=	2		
35756053	Table_2.XLSX	Sheet1	GN3F + FRCOL								ciprofloxacin	<=	0.5		
35756053	Table_2.XLSX	Sheet1	GN3F + FRCOL								piperacillin/tazobactam	<=	16/4		
35756053	Table_2.XLSX	Sheet1	GN3F + FRCOL								cefoxitin	<=	4		
35756053	Table_2.XLSX	Sheet1	GN3F + FRCOL								trimethoprim	>	4/76		
35756053	Table_2.XLSX	Sheet1	GN3F + FRCOL								cefpodoxime	<=	2		
35756053	Table_2.XLSX	Sheet1	GN3F + FRCOL								ceftazidime	<=	1		
35756053	Table_2.XLSX	Sheet1	GN3F + FRCOL								tobramycin	<=	4		
35756053	Table_2.XLSX	Sheet1	GN3F + FRCOL								tigecycline	<=	1		
35756053	Table_2.XLSX	Sheet1	GN3F + FRCOL								ticarcillin/clavulanic acid	>	64/2		
35756053	Table_2.XLSX	Sheet1	GN3F + FRCOL								ceftriaxone	<=	1		
35756053	Table_2.XLSX	Sheet1	GN3F + FRCOL								tetracycline	>	16		
35756053	Table_2.XLSX	Sheet1	GN3F + FRCOL								colistin	=	0.25		mic_sign '=' inferred
35756053	Table_2.XLSX	Sheet1	GN3F + FRCOL								amikacin	<=	8		
35756053	Table_2.XLSX	Sheet1	GN3F + FRCOL								ampicillin	>	32		
35756053	Table_2.XLSX	Sheet1	GN3F + FRCOL								ampicillin/sulbactam	=	16/8		mic_sign '=' inferred
35756053	Table_2.XLSX	Sheet1	GN3F + FRCOL								aztreonam	>	32		
35756053	Table_2.XLSX	Sheet1	GN3F + FRCOL								cefazolin	>	32		
35756053	Table_2.XLSX	Sheet1	GN3F + FRCOL								cefepime	>	32		
35756053	Table_2.XLSX	Sheet1	GN3F + FRCOL								cephalothin	>	16		
35756053	Table_2.XLSX	Sheet1	GN3F + FRCOL								meropenem	<=	1		
35756053	Table_2.XLSX	Sheet1	GN3F + FRCOL								ertapenem	<=	2		
35756053	Table_2.XLSX	Sheet1	GN3F + FRCOL								cefuroxime	>	32		
35756053	Table_2.XLSX	Sheet1	GN3F + FRCOL								gentamicin	<=	2		
35756053	Table_2.XLSX	Sheet1	GN3F + FRCOL								ciprofloxacin	>	4		
35756053	Table_2.XLSX	Sheet1	GN3F + FRCOL								piperacillin/tazobactam	<=	16/4		
35756053	Table_2.XLSX	Sheet1	GN3F + FRCOL								cefoxitin	=	32		mic_sign '=' inferred
35756053	Table_2.XLSX	Sheet1	GN3F + FRCOL								trimethoprim	<=	0.5/9.5		
35756053	Table_2.XLSX	Sheet1	GN3F + FRCOL								cefpodoxime	>	16		
35756053	Table_2.XLSX	Sheet1	GN3F + FRCOL								ceftazidime	=	32		mic_sign '=' inferred
35756053	Table_2.XLSX	Sheet1	GN3F + FRCOL								tobramycin	<=	4		
35756053	Table_2.XLSX	Sheet1	GN3F + FRCOL								tigecycline	<=	1		
35756053	Table_2.XLSX	Sheet1	GN3F + FRCOL								ticarcillin/clavulanic acid	=	32/2		mic_sign '=' inferred
35756053	Table_2.XLSX	Sheet1	GN3F + FRCOL								ceftriaxone	>	64		
35756053	Table_2.XLSX	Sheet1	GN3F + FRCOL								tetracycline	>	16		
35756053	Table_2.XLSX	Sheet1	GN3F + FRCOL								colistin	=	0.25		mic_sign '=' inferred
35756053	Table_2.XLSX	Sheet1	GN3F + FRCOL								amikacin	<=	8		
35756053	Table_2.XLSX	Sheet1	GN3F + FRCOL								ampicillin	>	32		
35756053	Table_2.XLSX	Sheet1	GN3F + FRCOL								ampicillin/sulbactam	>	32/16		
35756053	Table_2.XLSX	Sheet1	GN3F + FRCOL								aztreonam	<=	4		
35756053	Table_2.XLSX	Sheet1	GN3F + FRCOL								cefazolin	>	32		
35756053	Table_2.XLSX	Sheet1	GN3F + FRCOL								cefepime	<=	4		
35756053	Table_2.XLSX	Sheet1	GN3F + FRCOL								cephalothin	>	16		
35756053	Table_2.XLSX	Sheet1	GN3F + FRCOL								meropenem	<=	1		
35756053	Table_2.XLSX	Sheet1	GN3F + FRCOL								ertapenem	<=	2		
35756053	Table_2.XLSX	Sheet1	GN3F + FRCOL								cefuroxime	=	8		mic_sign '=' inferred
35756053	Table_2.XLSX	Sheet1	GN3F + FRCOL								gentamicin	<=	2		
35756053	Table_2.XLSX	Sheet1	GN3F + FRCOL								ciprofloxacin	<=	0.5		
35756053	Table_2.XLSX	Sheet1	GN3F + FRCOL								piperacillin/tazobactam	>	128/4		
35756053	Table_2.XLSX	Sheet1	GN3F + FRCOL								cefoxitin	<=	4		
35756053	Table_2.XLSX	Sheet1	GN3F + FRCOL								trimethoprim	<=	0.5/9.5		
35756053	Table_2.XLSX	Sheet1	GN3F + FRCOL								cefpodoxime	<=	2		
35756053	Table_2.XLSX	Sheet1	GN3F + FRCOL								ceftazidime	<=	1		
35756053	Table_2.XLSX	Sheet1	GN3F + FRCOL								tobramycin	<=	4		
35756053	Table_2.XLSX	Sheet1	GN3F + FRCOL								tigecycline	<=	1		
35756053	Table_2.XLSX	Sheet1	GN3F + FRCOL								ticarcillin/clavulanic acid	>	64/2		
35756053	Table_2.XLSX	Sheet1	GN3F + FRCOL								ceftriaxone	<=	1		
35756053	Table_2.XLSX	Sheet1	GN3F + FRCOL								tetracycline	=	1		mic_sign '=' inferred
35756053	Table_2.XLSX	Sheet1	GN3F + FRCOL								colistin	=	0.25		mic_sign '=' inferred
35756053	Table_2.XLSX	Sheet1	GN3F + FRCOL								amikacin	<=	8		
35756053	Table_2.XLSX	Sheet1	GN3F + FRCOL								ampicillin	<=	4		
35756053	Table_2.XLSX	Sheet1	GN3F + FRCOL								ampicillin/sulbactam	<=	4/2		
35756053	Table_2.XLSX	Sheet1	GN3F + FRCOL								aztreonam	<=	4		
35756053	Table_2.XLSX	Sheet1	GN3F + FRCOL								cefazolin	<=	4		
35756053	Table_2.XLSX	Sheet1	GN3F + FRCOL								cefepime	<=	4		
35756053	Table_2.XLSX	Sheet1	GN3F + FRCOL								cephalothin	=	16		mic_sign '=' inferred
35756053	Table_2.XLSX	Sheet1	GN3F + FRCOL								meropenem	<=	1		
35756053	Table_2.XLSX	Sheet1	GN3F + FRCOL								ertapenem	<=	2		
35756053	Table_2.XLSX	Sheet1	GN3F + FRCOL								cefuroxime	=	8		mic_sign '=' inferred
35756053	Table_2.XLSX	Sheet1	GN3F + FRCOL								gentamicin	<=	2		
35756053	Table_2.XLSX	Sheet1	GN3F + FRCOL								ciprofloxacin	<=	0.5		
35756053	Table_2.XLSX	Sheet1	GN3F + FRCOL								piperacillin/tazobactam	<=	16/4		
35756053	Table_2.XLSX	Sheet1	GN3F + FRCOL								cefoxitin	<=	4		
35756053	Table_2.XLSX	Sheet1	GN3F + FRCOL								trimethoprim	<=	0.5/9.5		
35756053	Table_2.XLSX	Sheet1	GN3F + FRCOL								cefpodoxime	<=	2		
35756053	Table_2.XLSX	Sheet1	GN3F + FRCOL								ceftazidime	<=	1		
35756053	Table_2.XLSX	Sheet1	GN3F + FRCOL								tobramycin	<=	4		
35756053	Table_2.XLSX	Sheet1	GN3F + FRCOL								tigecycline	<=	1		
35756053	Table_2.XLSX	Sheet1	GN3F + FRCOL								ticarcillin/clavulanic acid	<=	16/2		
35756053	Table_2.XLSX	Sheet1	GN3F + FRCOL								ceftriaxone	<=	1		
35756053	Table_2.XLSX	Sheet1	GN3F + FRCOL								tetracycline	=	2		mic_sign '=' inferred
35756053	Table_2.XLSX	Sheet1	GN3F + FRCOL								colistin	=	0.25		mic_sign '=' inferred
35756053	Table_2.XLSX	Sheet1	GN3F + FRCOL								amikacin	<=	8		
35756053	Table_2.XLSX	Sheet1	GN3F + FRCOL								ampicillin	<=	4		
35756053	Table_2.XLSX	Sheet1	GN3F + FRCOL								ampicillin/sulbactam	<=	4/2		
35756053	Table_2.XLSX	Sheet1	GN3F + FRCOL								aztreonam	<=	4		
35756053	Table_2.XLSX	Sheet1	GN3F + FRCOL								cefazolin	<=	4		
35756053	Table_2.XLSX	Sheet1	GN3F + FRCOL								cefepime	<=	4		
35756053	Table_2.XLSX	Sheet1	GN3F + FRCOL								cephalothin	=	8		mic_sign '=' inferred
35756053	Table_2.XLSX	Sheet1	GN3F + FRCOL								meropenem	<=	1		
35756053	Table_2.XLSX	Sheet1	GN3F + FRCOL								ertapenem	<=	2		
35756053	Table_2.XLSX	Sheet1	GN3F + FRCOL								cefuroxime	<=	4		
35756053	Table_2.XLSX	Sheet1	GN3F + FRCOL								gentamicin	<=	2		
35756053	Table_2.XLSX	Sheet1	GN3F + FRCOL								ciprofloxacin	>	4		
35756053	Table_2.XLSX	Sheet1	GN3F + FRCOL								piperacillin/tazobactam	<=	16/4		
35756053	Table_2.XLSX	Sheet1	GN3F + FRCOL								cefoxitin	=	8		mic_sign '=' inferred
35756053	Table_2.XLSX	Sheet1	GN3F + FRCOL								trimethoprim	<=	0.5/9.5		
35756053	Table_2.XLSX	Sheet1	GN3F + FRCOL								cefpodoxime	<=	2		
35756053	Table_2.XLSX	Sheet1	GN3F + FRCOL								ceftazidime	<=	1		
35756053	Table_2.XLSX	Sheet1	GN3F + FRCOL								tobramycin	<=	4		
35756053	Table_2.XLSX	Sheet1	GN3F + FRCOL								tigecycline	<=	1		
35756053	Table_2.XLSX	Sheet1	GN3F + FRCOL								ticarcillin/clavulanic acid	<=	16/2		
35756053	Table_2.XLSX	Sheet1	GN3F + FRCOL								ceftriaxone	<=	1		
35756053	Table_2.XLSX	Sheet1	GN3F + FRCOL								tetracycline	>	16		
35756053	Table_2.XLSX	Sheet1	GN3F + FRCOL								colistin	=	0.25		mic_sign '=' inferred
35756053	Table_2.XLSX	Sheet1	GN3F + FRCOL								amikacin	<=	8		
35756053	Table_2.XLSX	Sheet1	GN3F + FRCOL								ampicillin	<=	4		
35756053	Table_2.XLSX	Sheet1	GN3F + FRCOL								ampicillin/sulbactam	<=	4/2		
35756053	Table_2.XLSX	Sheet1	GN3F + FRCOL								aztreonam	<=	4		
35756053	Table_2.XLSX	Sheet1	GN3F + FRCOL								cefazolin	<=	4		
35756053	Table_2.XLSX	Sheet1	GN3F + FRCOL								cefepime	<=	4		
35756053	Table_2.XLSX	Sheet1	GN3F + FRCOL								cephalothin	=	8		mic_sign '=' inferred
35756053	Table_2.XLSX	Sheet1	GN3F + FRCOL								meropenem	<=	1		
35756053	Table_2.XLSX	Sheet1	GN3F + FRCOL								ertapenem	<=	2		
35756053	Table_2.XLSX	Sheet1	GN3F + FRCOL								cefuroxime	<=	4		
35756053	Table_2.XLSX	Sheet1	GN3F + FRCOL								gentamicin	<=	2		
35756053	Table_2.XLSX	Sheet1	GN3F + FRCOL								ciprofloxacin	<=	0.5		
35756053	Table_2.XLSX	Sheet1	GN3F + FRCOL								piperacillin/tazobactam	<=	16/4		
35756053	Table_2.XLSX	Sheet1	GN3F + FRCOL								cefoxitin	<=	4		
35756053	Table_2.XLSX	Sheet1	GN3F + FRCOL								trimethoprim	>	4/76		
35756053	Table_2.XLSX	Sheet1	GN3F + FRCOL								cefpodoxime	<=	2		
35756053	Table_2.XLSX	Sheet1	GN3F + FRCOL								ceftazidime	<=	1		
35756053	Table_2.XLSX	Sheet1	GN3F + FRCOL								tobramycin	<=	4		
35756053	Table_2.XLSX	Sheet1	GN3F + FRCOL								tigecycline	<=	1		
35756053	Table_2.XLSX	Sheet1	GN3F + FRCOL								ticarcillin/clavulanic acid	<=	16/2		
35756053	Table_2.XLSX	Sheet1	GN3F + FRCOL								ceftriaxone	<=	1		
35756053	Table_2.XLSX	Sheet1	GN3F + FRCOL								tetracycline	=	2		mic_sign '=' inferred
35756053	Table_2.XLSX	Sheet1	GN3F + FRCOL								colistin	=	0.5		mic_sign '=' inferred
35756053	Table_2.XLSX	Sheet1	GN3F + FRCOL								amikacin	<=	8		
35756053	Table_2.XLSX	Sheet1	GN3F + FRCOL								ampicillin	>	32		
35756053	Table_2.XLSX	Sheet1	GN3F + FRCOL								ampicillin/sulbactam	=	16/8		mic_sign '=' inferred
35756053	Table_2.XLSX	Sheet1	GN3F + FRCOL								aztreonam	=	16		mic_sign '=' inferred
35756053	Table_2.XLSX	Sheet1	GN3F + FRCOL								cefazolin	>	32		
35756053	Table_2.XLSX	Sheet1	GN3F + FRCOL								cefepime	<=	4		
35756053	Table_2.XLSX	Sheet1	GN3F + FRCOL								cephalothin	>	16		
35756053	Table_2.XLSX	Sheet1	GN3F + FRCOL								meropenem	<=	1		
35756053	Table_2.XLSX	Sheet1	GN3F + FRCOL								ertapenem	<=	2		
35756053	Table_2.XLSX	Sheet1	GN3F + FRCOL								cefuroxime	>	32		
35756053	Table_2.XLSX	Sheet1	GN3F + FRCOL								gentamicin	<=	2		
35756053	Table_2.XLSX	Sheet1	GN3F + FRCOL								ciprofloxacin	<=	0.5		
35756053	Table_2.XLSX	Sheet1	GN3F + FRCOL								piperacillin/tazobactam	<=	16/4		
35756053	Table_2.XLSX	Sheet1	GN3F + FRCOL								cefoxitin	<=	4		
35756053	Table_2.XLSX	Sheet1	GN3F + FRCOL								trimethoprim	>	4/76		
35756053	Table_2.XLSX	Sheet1	GN3F + FRCOL								cefpodoxime	>	16		
35756053	Table_2.XLSX	Sheet1	GN3F + FRCOL								ceftazidime	=	4		mic_sign '=' inferred
35756053	Table_2.XLSX	Sheet1	GN3F + FRCOL								tobramycin	>	8		
35756053	Table_2.XLSX	Sheet1	GN3F + FRCOL								tigecycline	<=	1		
35756053	Table_2.XLSX	Sheet1	GN3F + FRCOL								ticarcillin/clavulanic acid	<=	16/2		
35756053	Table_2.XLSX	Sheet1	GN3F + FRCOL								ceftriaxone	>	64		
35756053	Table_2.XLSX	Sheet1	GN3F + FRCOL								tetracycline	>	16		
35756053	Table_2.XLSX	Sheet1	GN3F + FRCOL								colistin	=	0.5		mic_sign '=' inferred
35756053	Table_2.XLSX	Sheet1	GN3F + FRCOL								amikacin	<=	8		
35756053	Table_2.XLSX	Sheet1	GN3F + FRCOL								ampicillin	<=	4		
35756053	Table_2.XLSX	Sheet1	GN3F + FRCOL								ampicillin/sulbactam	<=	4/2		
35756053	Table_2.XLSX	Sheet1	GN3F + FRCOL								aztreonam	<=	4		
35756053	Table_2.XLSX	Sheet1	GN3F + FRCOL								cefazolin	<=	4		
35756053	Table_2.XLSX	Sheet1	GN3F + FRCOL								cefepime	<=	4		
35756053	Table_2.XLSX	Sheet1	GN3F + FRCOL								cephalothin	=	4		mic_sign '=' inferred
35756053	Table_2.XLSX	Sheet1	GN3F + FRCOL								meropenem	<=	1		
35756053	Table_2.XLSX	Sheet1	GN3F + FRCOL								ertapenem	<=	2		
35756053	Table_2.XLSX	Sheet1	GN3F + FRCOL								cefuroxime	<=	4		
35756053	Table_2.XLSX	Sheet1	GN3F + FRCOL								gentamicin	<=	2		
35756053	Table_2.XLSX	Sheet1	GN3F + FRCOL								ciprofloxacin	<=	0.5		
35756053	Table_2.XLSX	Sheet1	GN3F + FRCOL								piperacillin/tazobactam	<=	16/4		
35756053	Table_2.XLSX	Sheet1	GN3F + FRCOL								cefoxitin	<=	4		
35756053	Table_2.XLSX	Sheet1	GN3F + FRCOL								trimethoprim	<=	0.5/9.5		
35756053	Table_2.XLSX	Sheet1	GN3F + FRCOL								cefpodoxime	<=	2		
35756053	Table_2.XLSX	Sheet1	GN3F + FRCOL								ceftazidime	<=	1		
35756053	Table_2.XLSX	Sheet1	GN3F + FRCOL								tobramycin	<=	4		
35756053	Table_2.XLSX	Sheet1	GN3F + FRCOL								tigecycline	<=	1		
35756053	Table_2.XLSX	Sheet1	GN3F + FRCOL								ticarcillin/clavulanic acid	<=	16/2		
35756053	Table_2.XLSX	Sheet1	GN3F + FRCOL								ceftriaxone	<=	1		
35756053	Table_2.XLSX	Sheet1	GN3F + FRCOL								tetracycline	=	1		mic_sign '=' inferred
35756053	Table_2.XLSX	Sheet1	GN3F + FRCOL								colistin	=	0.5		mic_sign '=' inferred
35756053	Table_2.XLSX	Sheet1	GN3F + FRCOL								amikacin	<=	8		
35756053	Table_2.XLSX	Sheet1	GN3F + FRCOL								ampicillin	<=	4		
35756053	Table_2.XLSX	Sheet1	GN3F + FRCOL								ampicillin/sulbactam	<=	4/2		
35756053	Table_2.XLSX	Sheet1	GN3F + FRCOL								aztreonam	<=	4		
35756053	Table_2.XLSX	Sheet1	GN3F + FRCOL								cefazolin	<=	4		
35756053	Table_2.XLSX	Sheet1	GN3F + FRCOL								cefepime	<=	4		
35756053	Table_2.XLSX	Sheet1	GN3F + FRCOL								cephalothin	=	16		mic_sign '=' inferred
35756053	Table_2.XLSX	Sheet1	GN3F + FRCOL								meropenem	<=	1		
35756053	Table_2.XLSX	Sheet1	GN3F + FRCOL								ertapenem	<=	2		
35756053	Table_2.XLSX	Sheet1	GN3F + FRCOL								cefuroxime	<=	4		
35756053	Table_2.XLSX	Sheet1	GN3F + FRCOL								gentamicin	<=	2		
35756053	Table_2.XLSX	Sheet1	GN3F + FRCOL								ciprofloxacin	<=	0.5		
35756053	Table_2.XLSX	Sheet1	GN3F + FRCOL								piperacillin/tazobactam	<=	16/4		
35756053	Table_2.XLSX	Sheet1	GN3F + FRCOL								cefoxitin	<=	4		
35756053	Table_2.XLSX	Sheet1	GN3F + FRCOL								trimethoprim	<=	0.5/9.5		
35756053	Table_2.XLSX	Sheet1	GN3F + FRCOL								cefpodoxime	<=	2		
35756053	Table_2.XLSX	Sheet1	GN3F + FRCOL								ceftazidime	<=	1		
35756053	Table_2.XLSX	Sheet1	GN3F + FRCOL								tobramycin	<=	4		
35756053	Table_2.XLSX	Sheet1	GN3F + FRCOL								tigecycline	<=	1		
35756053	Table_2.XLSX	Sheet1	GN3F + FRCOL								ticarcillin/clavulanic acid	<=	16/2		
35756053	Table_2.XLSX	Sheet1	GN3F + FRCOL								ceftriaxone	<=	1		
35756053	Table_2.XLSX	Sheet1	GN3F + FRCOL								tetracycline	=	1		mic_sign '=' inferred
35756053	Table_2.XLSX	Sheet1	GN3F + FRCOL								colistin	=	0.5		mic_sign '=' inferred
35756053	Table_2.XLSX	Sheet1	GN3F + FRCOL								amikacin	<=	8		
35756053	Table_2.XLSX	Sheet1	GN3F + FRCOL								ampicillin	<=	4		
35756053	Table_2.XLSX	Sheet1	GN3F + FRCOL								ampicillin/sulbactam	<=	4/2		
35756053	Table_2.XLSX	Sheet1	GN3F + FRCOL								aztreonam	<=	4		
35756053	Table_2.XLSX	Sheet1	GN3F + FRCOL								cefazolin	<=	4		
35756053	Table_2.XLSX	Sheet1	GN3F + FRCOL								cefepime	<=	4		
35756053	Table_2.XLSX	Sheet1	GN3F + FRCOL								cephalothin	=	8		mic_sign '=' inferred
35756053	Table_2.XLSX	Sheet1	GN3F + FRCOL								meropenem	<=	1		
35756053	Table_2.XLSX	Sheet1	GN3F + FRCOL								ertapenem	<=	2		
35756053	Table_2.XLSX	Sheet1	GN3F + FRCOL								cefuroxime	<=	4		
35756053	Table_2.XLSX	Sheet1	GN3F + FRCOL								gentamicin	<=	2		
35756053	Table_2.XLSX	Sheet1	GN3F + FRCOL								ciprofloxacin	<=	0.5		
35756053	Table_2.XLSX	Sheet1	GN3F + FRCOL								piperacillin/tazobactam	<=	16/4		
35756053	Table_2.XLSX	Sheet1	GN3F + FRCOL								cefoxitin	<=	4		
35756053	Table_2.XLSX	Sheet1	GN3F + FRCOL								trimethoprim	<=	0.5/9.5		
35756053	Table_2.XLSX	Sheet1	GN3F + FRCOL								cefpodoxime	<=	2		
35756053	Table_2.XLSX	Sheet1	GN3F + FRCOL								ceftazidime	<=	1		
35756053	Table_2.XLSX	Sheet1	GN3F + FRCOL								tobramycin	<=	4		
35756053	Table_2.XLSX	Sheet1	GN3F + FRCOL								tigecycline	<=	1		
35756053	Table_2.XLSX	Sheet1	GN3F + FRCOL								ticarcillin/clavulanic acid	<=	16/2		
35756053	Table_2.XLSX	Sheet1	GN3F + FRCOL								ceftriaxone	<=	1		
35756053	Table_2.XLSX	Sheet1	GN3F + FRCOL								tetracycline	=	2		mic_sign '=' inferred
35756053	Table_2.XLSX	Sheet1	GN3F + FRCOL								colistin	=	0.25		mic_sign '=' inferred
35756053	Table_2.XLSX	Sheet1	GN3F + FRCOL								amikacin	<=	8		
35756053	Table_2.XLSX	Sheet1	GN3F + FRCOL								ampicillin	<=	4		
35756053	Table_2.XLSX	Sheet1	GN3F + FRCOL								ampicillin/sulbactam	<=	4/2		
35756053	Table_2.XLSX	Sheet1	GN3F + FRCOL								aztreonam	<=	4		
35756053	Table_2.XLSX	Sheet1	GN3F + FRCOL								cefazolin	<=	4		
35756053	Table_2.XLSX	Sheet1	GN3F + FRCOL								cefepime	<=	4		
35756053	Table_2.XLSX	Sheet1	GN3F + FRCOL								cephalothin	=	4		mic_sign '=' inferred
35756053	Table_2.XLSX	Sheet1	GN3F + FRCOL								meropenem	<=	1		
35756053	Table_2.XLSX	Sheet1	GN3F + FRCOL								ertapenem	<=	2		
35756053	Table_2.XLSX	Sheet1	GN3F + FRCOL								cefuroxime	<=	4		
35756053	Table_2.XLSX	Sheet1	GN3F + FRCOL								gentamicin	<=	2		
35756053	Table_2.XLSX	Sheet1	GN3F + FRCOL								ciprofloxacin	<=	0.5		
35756053	Table_2.XLSX	Sheet1	GN3F + FRCOL								piperacillin/tazobactam	<=	16/4		
35756053	Table_2.XLSX	Sheet1	GN3F + FRCOL								cefoxitin	<=	4		
35756053	Table_2.XLSX	Sheet1	GN3F + FRCOL								trimethoprim	<=	0.5/9.5		
35756053	Table_2.XLSX	Sheet1	GN3F + FRCOL								cefpodoxime	<=	2		
35756053	Table_2.XLSX	Sheet1	GN3F + FRCOL								ceftazidime	<=	1		
35756053	Table_2.XLSX	Sheet1	GN3F + FRCOL								tobramycin	<=	4		
35756053	Table_2.XLSX	Sheet1	GN3F + FRCOL								tigecycline	<=	1		
35756053	Table_2.XLSX	Sheet1	GN3F + FRCOL								ticarcillin/clavulanic acid	<=	16/2		
35756053	Table_2.XLSX	Sheet1	GN3F + FRCOL								ceftriaxone	<=	1		
35756053	Table_2.XLSX	Sheet1	GN3F + FRCOL								tetracycline	=	2		mic_sign '=' inferred
35756053	Table_2.XLSX	Sheet1	GN3F + FRCOL								colistin	=	0.5		mic_sign '=' inferred
35756053	Table_2.XLSX	Sheet1	GN3F + FRCOL								amikacin	<=	8		
35756053	Table_2.XLSX	Sheet1	GN3F + FRCOL								ampicillin	<=	4		
35756053	Table_2.XLSX	Sheet1	GN3F + FRCOL								ampicillin/sulbactam	<=	4/2		
35756053	Table_2.XLSX	Sheet1	GN3F + FRCOL								aztreonam	<=	4		
35756053	Table_2.XLSX	Sheet1	GN3F + FRCOL								cefazolin	<=	4		
35756053	Table_2.XLSX	Sheet1	GN3F + FRCOL								cefepime	<=	4		
35756053	Table_2.XLSX	Sheet1	GN3F + FRCOL								cephalothin	=	8		mic_sign '=' inferred
35756053	Table_2.XLSX	Sheet1	GN3F + FRCOL								meropenem	<=	1		
35756053	Table_2.XLSX	Sheet1	GN3F + FRCOL								ertapenem	<=	2		
35756053	Table_2.XLSX	Sheet1	GN3F + FRCOL								cefuroxime	<=	4		
35756053	Table_2.XLSX	Sheet1	GN3F + FRCOL								gentamicin	<=	2		
35756053	Table_2.XLSX	Sheet1	GN3F + FRCOL								ciprofloxacin	<=	0.5		
35756053	Table_2.XLSX	Sheet1	GN3F + FRCOL								piperacillin/tazobactam	<=	16/4		
35756053	Table_2.XLSX	Sheet1	GN3F + FRCOL								cefoxitin	<=	4		
35756053	Table_2.XLSX	Sheet1	GN3F + FRCOL								trimethoprim	<=	0.5/9.5		
35756053	Table_2.XLSX	Sheet1	GN3F + FRCOL								cefpodoxime	<=	2		
35756053	Table_2.XLSX	Sheet1	GN3F + FRCOL								ceftazidime	<=	1		
35756053	Table_2.XLSX	Sheet1	GN3F + FRCOL								tobramycin	<=	4		
35756053	Table_2.XLSX	Sheet1	GN3F + FRCOL								tigecycline	<=	1		
35756053	Table_2.XLSX	Sheet1	GN3F + FRCOL								ticarcillin/clavulanic acid	<=	16/2		
35756053	Table_2.XLSX	Sheet1	GN3F + FRCOL								ceftriaxone	<=	1		
35756053	Table_2.XLSX	Sheet1	GN3F + FRCOL								tetracycline	>	16		
35756053	Table_2.XLSX	Sheet1	GN3F + FRCOL								colistin	=	0.25		mic_sign '=' inferred
35756053	Table_2.XLSX	Sheet1	GN3F + FRCOL								amikacin	<=	8		
35756053	Table_2.XLSX	Sheet1	GN3F + FRCOL								ampicillin	<=	4		
35756053	Table_2.XLSX	Sheet1	GN3F + FRCOL								ampicillin/sulbactam	<=	4/2		
35756053	Table_2.XLSX	Sheet1	GN3F + FRCOL								aztreonam	<=	4		
35756053	Table_2.XLSX	Sheet1	GN3F + FRCOL								cefazolin	<=	4		
35756053	Table_2.XLSX	Sheet1	GN3F + FRCOL								cefepime	<=	4		
35756053	Table_2.XLSX	Sheet1	GN3F + FRCOL								cephalothin	=	8		mic_sign '=' inferred
35756053	Table_2.XLSX	Sheet1	GN3F + FRCOL								meropenem	<=	1		
35756053	Table_2.XLSX	Sheet1	GN3F + FRCOL								ertapenem	<=	2		
35756053	Table_2.XLSX	Sheet1	GN3F + FRCOL								cefuroxime	<=	4		
35756053	Table_2.XLSX	Sheet1	GN3F + FRCOL								gentamicin	<=	2		
35756053	Table_2.XLSX	Sheet1	GN3F + FRCOL								ciprofloxacin	<=	0.5		
35756053	Table_2.XLSX	Sheet1	GN3F + FRCOL								piperacillin/tazobactam	<=	16/4		
35756053	Table_2.XLSX	Sheet1	GN3F + FRCOL								cefoxitin	<=	4		
35756053	Table_2.XLSX	Sheet1	GN3F + FRCOL								trimethoprim	=	1/19		mic_sign '=' inferred
35756053	Table_2.XLSX	Sheet1	GN3F + FRCOL								cefpodoxime	<=	2		
35756053	Table_2.XLSX	Sheet1	GN3F + FRCOL								ceftazidime	<=	1		
35756053	Table_2.XLSX	Sheet1	GN3F + FRCOL								tobramycin	<=	4		
35756053	Table_2.XLSX	Sheet1	GN3F + FRCOL								tigecycline	<=	1		
35756053	Table_2.XLSX	Sheet1	GN3F + FRCOL								ticarcillin/clavulanic acid	<=	16/2		
35756053	Table_2.XLSX	Sheet1	GN3F + FRCOL								ceftriaxone	<=	1		
35756053	Table_2.XLSX	Sheet1	GN3F + FRCOL								tetracycline	>	16		
35756053	Table_2.XLSX	Sheet1	GN3F + FRCOL								colistin	=	0.5		mic_sign '=' inferred
35756053	Table_2.XLSX	Sheet1	GN3F + FRCOL								amikacin	<=	8		
35756053	Table_2.XLSX	Sheet1	GN3F + FRCOL								ampicillin	<=	4		
35756053	Table_2.XLSX	Sheet1	GN3F + FRCOL								ampicillin/sulbactam	<=	4/2		
35756053	Table_2.XLSX	Sheet1	GN3F + FRCOL								aztreonam	<=	4		
35756053	Table_2.XLSX	Sheet1	GN3F + FRCOL								cefazolin	<=	4		
35756053	Table_2.XLSX	Sheet1	GN3F + FRCOL								cefepime	<=	4		
35756053	Table_2.XLSX	Sheet1	GN3F + FRCOL								cephalothin	=	8		mic_sign '=' inferred
35756053	Table_2.XLSX	Sheet1	GN3F + FRCOL								meropenem	<=	1		
35756053	Table_2.XLSX	Sheet1	GN3F + FRCOL								ertapenem	<=	2		
35756053	Table_2.XLSX	Sheet1	GN3F + FRCOL								cefuroxime	<=	4		
35756053	Table_2.XLSX	Sheet1	GN3F + FRCOL								gentamicin	<=	2		
35756053	Table_2.XLSX	Sheet1	GN3F + FRCOL								ciprofloxacin	<=	0.5		
35756053	Table_2.XLSX	Sheet1	GN3F + FRCOL								piperacillin/tazobactam	<=	16/4		
35756053	Table_2.XLSX	Sheet1	GN3F + FRCOL								cefoxitin	=	8		mic_sign '=' inferred
35756053	Table_2.XLSX	Sheet1	GN3F + FRCOL								trimethoprim	<=	0.5/9.5		
35756053	Table_2.XLSX	Sheet1	GN3F + FRCOL								cefpodoxime	<=	2		
35756053	Table_2.XLSX	Sheet1	GN3F + FRCOL								ceftazidime	<=	1		
35756053	Table_2.XLSX	Sheet1	GN3F + FRCOL								tobramycin	<=	4		
35756053	Table_2.XLSX	Sheet1	GN3F + FRCOL								tigecycline	<=	1		
35756053	Table_2.XLSX	Sheet1	GN3F + FRCOL								ticarcillin/clavulanic acid	<=	16/2		
35756053	Table_2.XLSX	Sheet1	GN3F + FRCOL								ceftriaxone	<=	1		
35756053	Table_2.XLSX	Sheet1	GN3F + FRCOL								tetracycline	=	2		mic_sign '=' inferred
35756053	Table_2.XLSX	Sheet1	GN3F + FRCOL								colistin	=	0.25		mic_sign '=' inferred
35756053	Table_2.XLSX	Sheet1	GN3F + FRCOL								amikacin	<=	8		
35756053	Table_2.XLSX	Sheet1	GN3F + FRCOL								ampicillin	<=	4		
35756053	Table_2.XLSX	Sheet1	GN3F + FRCOL								ampicillin/sulbactam	<=	4/2		
35756053	Table_2.XLSX	Sheet1	GN3F + FRCOL								aztreonam	<=	4		
35756053	Table_2.XLSX	Sheet1	GN3F + FRCOL								cefazolin	<=	4		
35756053	Table_2.XLSX	Sheet1	GN3F + FRCOL								cefepime	<=	4		
35756053	Table_2.XLSX	Sheet1	GN3F + FRCOL								cephalothin	=	4		mic_sign '=' inferred
35756053	Table_2.XLSX	Sheet1	GN3F + FRCOL								meropenem	<=	1		
35756053	Table_2.XLSX	Sheet1	GN3F + FRCOL								ertapenem	<=	2		
35756053	Table_2.XLSX	Sheet1	GN3F + FRCOL								cefuroxime	<=	4		
35756053	Table_2.XLSX	Sheet1	GN3F + FRCOL								gentamicin	<=	2		
35756053	Table_2.XLSX	Sheet1	GN3F + FRCOL								ciprofloxacin	<=	0.5		
35756053	Table_2.XLSX	Sheet1	GN3F + FRCOL								piperacillin/tazobactam	<=	16/4		
35756053	Table_2.XLSX	Sheet1	GN3F + FRCOL								cefoxitin	<=	4		
35756053	Table_2.XLSX	Sheet1	GN3F + FRCOL								trimethoprim	<=	0.5/9.5		
35756053	Table_2.XLSX	Sheet1	GN3F + FRCOL								cefpodoxime	<=	2		
35756053	Table_2.XLSX	Sheet1	GN3F + FRCOL								ceftazidime	<=	1		
35756053	Table_2.XLSX	Sheet1	GN3F + FRCOL								tobramycin	<=	4		
35756053	Table_2.XLSX	Sheet1	GN3F + FRCOL								tigecycline	<=	1		
35756053	Table_2.XLSX	Sheet1	GN3F + FRCOL								ticarcillin/clavulanic acid	<=	16/2		
35756053	Table_2.XLSX	Sheet1	GN3F + FRCOL								ceftriaxone	<=	1		
35756053	Table_2.XLSX	Sheet1	GN3F + FRCOL								tetracycline	=	2		mic_sign '=' inferred
35756053	Table_2.XLSX	Sheet1	GN3F + FRCOL								colistin	=	1		mic_sign '=' inferred
35756053	Table_2.XLSX	Sheet1	GN3F + FRCOL								amikacin	<=	8		
35756053	Table_2.XLSX	Sheet1	GN3F + FRCOL								ampicillin	<=	4		
35756053	Table_2.XLSX	Sheet1	GN3F + FRCOL								ampicillin/sulbactam	<=	4/2		
35756053	Table_2.XLSX	Sheet1	GN3F + FRCOL								aztreonam	<=	4		
35756053	Table_2.XLSX	Sheet1	GN3F + FRCOL								cefazolin	<=	4		
35756053	Table_2.XLSX	Sheet1	GN3F + FRCOL								cefepime	<=	4		
35756053	Table_2.XLSX	Sheet1	GN3F + FRCOL								cephalothin	=	8		mic_sign '=' inferred
35756053	Table_2.XLSX	Sheet1	GN3F + FRCOL								meropenem	<=	1		
35756053	Table_2.XLSX	Sheet1	GN3F + FRCOL								ertapenem	<=	2		
35756053	Table_2.XLSX	Sheet1	GN3F + FRCOL								cefuroxime	<=	4		
35756053	Table_2.XLSX	Sheet1	GN3F + FRCOL								gentamicin	<=	2		
35756053	Table_2.XLSX	Sheet1	GN3F + FRCOL								ciprofloxacin	<=	0.5		
35756053	Table_2.XLSX	Sheet1	GN3F + FRCOL								piperacillin/tazobactam	<=	16/4		
35756053	Table_2.XLSX	Sheet1	GN3F + FRCOL								cefoxitin	<=	4		
35756053	Table_2.XLSX	Sheet1	GN3F + FRCOL								trimethoprim	<=	0.5/9.5		
35756053	Table_2.XLSX	Sheet1	GN3F + FRCOL								cefpodoxime	<=	2		
35756053	Table_2.XLSX	Sheet1	GN3F + FRCOL								ceftazidime	<=	1		
35756053	Table_2.XLSX	Sheet1	GN3F + FRCOL								tobramycin	<=	4		
35756053	Table_2.XLSX	Sheet1	GN3F + FRCOL								tigecycline	<=	1		
35756053	Table_2.XLSX	Sheet1	GN3F + FRCOL								ticarcillin/clavulanic acid	<=	16/2		
35756053	Table_2.XLSX	Sheet1	GN3F + FRCOL								ceftriaxone	<=	1		
35756053	Table_2.XLSX	Sheet1	GN3F + FRCOL								tetracycline	=	1		mic_sign '=' inferred
35756053	Table_2.XLSX	Sheet1	GN3F + FRCOL								colistin	=	0.5		mic_sign '=' inferred
35756053	Table_2.XLSX	Sheet1	GN3F + FRCOL								amikacin	<=	8		
35756053	Table_2.XLSX	Sheet1	GN3F + FRCOL								ampicillin	>	32		
35756053	Table_2.XLSX	Sheet1	GN3F + FRCOL								ampicillin/sulbactam	=	8/4		mic_sign '=' inferred
35756053	Table_2.XLSX	Sheet1	GN3F + FRCOL								aztreonam	<=	4		
35756053	Table_2.XLSX	Sheet1	GN3F + FRCOL								cefazolin	<=	4		
35756053	Table_2.XLSX	Sheet1	GN3F + FRCOL								cefepime	<=	4		
35756053	Table_2.XLSX	Sheet1	GN3F + FRCOL								cephalothin	=	16		mic_sign '=' inferred
35756053	Table_2.XLSX	Sheet1	GN3F + FRCOL								meropenem	<=	1		
35756053	Table_2.XLSX	Sheet1	GN3F + FRCOL								ertapenem	<=	2		
35756053	Table_2.XLSX	Sheet1	GN3F + FRCOL								cefuroxime	<=	4		
35756053	Table_2.XLSX	Sheet1	GN3F + FRCOL								gentamicin	<=	2		
35756053	Table_2.XLSX	Sheet1	GN3F + FRCOL								ciprofloxacin	<=	0.5		
35756053	Table_2.XLSX	Sheet1	GN3F + FRCOL								piperacillin/tazobactam	<=	16/4		
35756053	Table_2.XLSX	Sheet1	GN3F + FRCOL								cefoxitin	<=	4		
35756053	Table_2.XLSX	Sheet1	GN3F + FRCOL								trimethoprim	<=	0.5/9.5		
35756053	Table_2.XLSX	Sheet1	GN3F + FRCOL								cefpodoxime	<=	2		
35756053	Table_2.XLSX	Sheet1	GN3F + FRCOL								ceftazidime	<=	1		
35756053	Table_2.XLSX	Sheet1	GN3F + FRCOL								tobramycin	<=	4		
35756053	Table_2.XLSX	Sheet1	GN3F + FRCOL								tigecycline	<=	1		
35756053	Table_2.XLSX	Sheet1	GN3F + FRCOL								ticarcillin/clavulanic acid	<=	16/2		
35756053	Table_2.XLSX	Sheet1	GN3F + FRCOL								ceftriaxone	<=	1		
35756053	Table_2.XLSX	Sheet1	GN3F + FRCOL								tetracycline	>	16		
35756053	Table_2.XLSX	Sheet1	GN3F + FRCOL								colistin	=	0.5		mic_sign '=' inferred
35756053	Table_2.XLSX	Sheet1	GN3F + FRCOL								amikacin	<=	8		
35756053	Table_2.XLSX	Sheet1	GN3F + FRCOL								ampicillin	<=	4		
35756053	Table_2.XLSX	Sheet1	GN3F + FRCOL								ampicillin/sulbactam	<=	4/2		
35756053	Table_2.XLSX	Sheet1	GN3F + FRCOL								aztreonam	<=	4		
35756053	Table_2.XLSX	Sheet1	GN3F + FRCOL								cefazolin	<=	4		
35756053	Table_2.XLSX	Sheet1	GN3F + FRCOL								cefepime	<=	4		
35756053	Table_2.XLSX	Sheet1	GN3F + FRCOL								cephalothin	=	8		mic_sign '=' inferred
35756053	Table_2.XLSX	Sheet1	GN3F + FRCOL								meropenem	<=	1		
35756053	Table_2.XLSX	Sheet1	GN3F + FRCOL								ertapenem	<=	2		
35756053	Table_2.XLSX	Sheet1	GN3F + FRCOL								cefuroxime	<=	4		
35756053	Table_2.XLSX	Sheet1	GN3F + FRCOL								gentamicin	<=	2		
35756053	Table_2.XLSX	Sheet1	GN3F + FRCOL								ciprofloxacin	<=	0.5		
35756053	Table_2.XLSX	Sheet1	GN3F + FRCOL								piperacillin/tazobactam	<=	16/4		
35756053	Table_2.XLSX	Sheet1	GN3F + FRCOL								cefoxitin	<=	4		
35756053	Table_2.XLSX	Sheet1	GN3F + FRCOL								trimethoprim	<=	0.5/9.5		
35756053	Table_2.XLSX	Sheet1	GN3F + FRCOL								cefpodoxime	<=	2		
35756053	Table_2.XLSX	Sheet1	GN3F + FRCOL								ceftazidime	<=	1		
35756053	Table_2.XLSX	Sheet1	GN3F + FRCOL								tobramycin	<=	4		
35756053	Table_2.XLSX	Sheet1	GN3F + FRCOL								tigecycline	<=	1		
35756053	Table_2.XLSX	Sheet1	GN3F + FRCOL								ticarcillin/clavulanic acid	<=	16/2		
35756053	Table_2.XLSX	Sheet1	GN3F + FRCOL								ceftriaxone	<=	1		
35756053	Table_2.XLSX	Sheet1	GN3F + FRCOL								tetracycline	=	2		mic_sign '=' inferred
35756053	Table_2.XLSX	Sheet1	GN3F + FRCOL								colistin	=	0.5		mic_sign '=' inferred
35756053	Table_2.XLSX	Sheet1	GN3F + FRCOL								amikacin	<=	8		
35756053	Table_2.XLSX	Sheet1	GN3F + FRCOL								ampicillin	<=	4		
35756053	Table_2.XLSX	Sheet1	GN3F + FRCOL								ampicillin/sulbactam	<=	4/2		
35756053	Table_2.XLSX	Sheet1	GN3F + FRCOL								aztreonam	<=	4		
35756053	Table_2.XLSX	Sheet1	GN3F + FRCOL								cefazolin	<=	4		
35756053	Table_2.XLSX	Sheet1	GN3F + FRCOL								cefepime	<=	4		
35756053	Table_2.XLSX	Sheet1	GN3F + FRCOL								cephalothin	=	4		mic_sign '=' inferred
35756053	Table_2.XLSX	Sheet1	GN3F + FRCOL								meropenem	<=	1		
35756053	Table_2.XLSX	Sheet1	GN3F + FRCOL								ertapenem	<=	2		
35756053	Table_2.XLSX	Sheet1	GN3F + FRCOL								cefuroxime	<=	4		
35756053	Table_2.XLSX	Sheet1	GN3F + FRCOL								gentamicin	<=	2		
35756053	Table_2.XLSX	Sheet1	GN3F + FRCOL								ciprofloxacin	<=	0.5		
35756053	Table_2.XLSX	Sheet1	GN3F + FRCOL								piperacillin/tazobactam	<=	16/4		
35756053	Table_2.XLSX	Sheet1	GN3F + FRCOL								cefoxitin	=	8		mic_sign '=' inferred
35756053	Table_2.XLSX	Sheet1	GN3F + FRCOL								trimethoprim	<=	0.5/9.5		
35756053	Table_2.XLSX	Sheet1	GN3F + FRCOL								cefpodoxime	<=	2		
35756053	Table_2.XLSX	Sheet1	GN3F + FRCOL								ceftazidime	<=	1		
35756053	Table_2.XLSX	Sheet1	GN3F + FRCOL								tobramycin	<=	4		
35756053	Table_2.XLSX	Sheet1	GN3F + FRCOL								tigecycline	<=	1		
35756053	Table_2.XLSX	Sheet1	GN3F + FRCOL								ticarcillin/clavulanic acid	<=	16/2		
35756053	Table_2.XLSX	Sheet1	GN3F + FRCOL								ceftriaxone	<=	1		
35756053	Table_2.XLSX	Sheet1	GN3F + FRCOL								tetracycline	=	1		mic_sign '=' inferred
35756053	Table_2.XLSX	Sheet1	GN3F + FRCOL								colistin	=	0.5		mic_sign '=' inferred
35756053	Table_2.XLSX	Sheet1	GN3F + FRCOL								amikacin	<=	8		
35756053	Table_2.XLSX	Sheet1	GN3F + FRCOL								ampicillin	<=	4		
35756053	Table_2.XLSX	Sheet1	GN3F + FRCOL								ampicillin/sulbactam	<=	4/2		
35756053	Table_2.XLSX	Sheet1	GN3F + FRCOL								aztreonam	<=	4		
35756053	Table_2.XLSX	Sheet1	GN3F + FRCOL								cefazolin	<=	4		
35756053	Table_2.XLSX	Sheet1	GN3F + FRCOL								cefepime	<=	4		
35756053	Table_2.XLSX	Sheet1	GN3F + FRCOL								cephalothin	=	16		mic_sign '=' inferred
35756053	Table_2.XLSX	Sheet1	GN3F + FRCOL								meropenem	<=	1		
35756053	Table_2.XLSX	Sheet1	GN3F + FRCOL								ertapenem	<=	2		
35756053	Table_2.XLSX	Sheet1	GN3F + FRCOL								cefuroxime	<=	4		
35756053	Table_2.XLSX	Sheet1	GN3F + FRCOL								gentamicin	<=	2		
35756053	Table_2.XLSX	Sheet1	GN3F + FRCOL								ciprofloxacin	<=	0.5		
35756053	Table_2.XLSX	Sheet1	GN3F + FRCOL								piperacillin/tazobactam	<=	16/4		
35756053	Table_2.XLSX	Sheet1	GN3F + FRCOL								cefoxitin	<=	4		
35756053	Table_2.XLSX	Sheet1	GN3F + FRCOL								trimethoprim	<=	0.5/9.5		
35756053	Table_2.XLSX	Sheet1	GN3F + FRCOL								cefpodoxime	<=	2		
35756053	Table_2.XLSX	Sheet1	GN3F + FRCOL								ceftazidime	<=	1		
35756053	Table_2.XLSX	Sheet1	GN3F + FRCOL								tobramycin	<=	4		
35756053	Table_2.XLSX	Sheet1	GN3F + FRCOL								tigecycline	<=	1		
35756053	Table_2.XLSX	Sheet1	GN3F + FRCOL								ticarcillin/clavulanic acid	<=	16/2		
35756053	Table_2.XLSX	Sheet1	GN3F + FRCOL								ceftriaxone	<=	1		
35756053	Table_2.XLSX	Sheet1	GN3F + FRCOL								tetracycline	=	1		mic_sign '=' inferred
35756053	Table_2.XLSX	Sheet1	GN3F + FRCOL								colistin	=	0.5		mic_sign '=' inferred
35756053	Table_2.XLSX	Sheet1	GN3F + FRCOL								amikacin	<=	8		
35756053	Table_2.XLSX	Sheet1	GN3F + FRCOL								ampicillin	<=	4		
35756053	Table_2.XLSX	Sheet1	GN3F + FRCOL								ampicillin/sulbactam	<=	4/2		
35756053	Table_2.XLSX	Sheet1	GN3F + FRCOL								aztreonam	<=	4		
35756053	Table_2.XLSX	Sheet1	GN3F + FRCOL								cefazolin	<=	4		
35756053	Table_2.XLSX	Sheet1	GN3F + FRCOL								cefepime	<=	4		
35756053	Table_2.XLSX	Sheet1	GN3F + FRCOL								cephalothin	=	8		mic_sign '=' inferred
35756053	Table_2.XLSX	Sheet1	GN3F + FRCOL								meropenem	<=	1		
35756053	Table_2.XLSX	Sheet1	GN3F + FRCOL								ertapenem	<=	2		
35756053	Table_2.XLSX	Sheet1	GN3F + FRCOL								cefuroxime	<=	4		
35756053	Table_2.XLSX	Sheet1	GN3F + FRCOL								gentamicin	<=	2		
35756053	Table_2.XLSX	Sheet1	GN3F + FRCOL								ciprofloxacin	<=	0.5		
35756053	Table_2.XLSX	Sheet1	GN3F + FRCOL								piperacillin/tazobactam	<=	16/4		
35756053	Table_2.XLSX	Sheet1	GN3F + FRCOL								cefoxitin	<=	4		
35756053	Table_2.XLSX	Sheet1	GN3F + FRCOL								trimethoprim	<=	0.5/9.5		
35756053	Table_2.XLSX	Sheet1	GN3F + FRCOL								cefpodoxime	<=	2		
35756053	Table_2.XLSX	Sheet1	GN3F + FRCOL								ceftazidime	<=	1		
35756053	Table_2.XLSX	Sheet1	GN3F + FRCOL								tobramycin	<=	4		
35756053	Table_2.XLSX	Sheet1	GN3F + FRCOL								tigecycline	<=	1		
35756053	Table_2.XLSX	Sheet1	GN3F + FRCOL								ticarcillin/clavulanic acid	<=	16/2		
35756053	Table_2.XLSX	Sheet1	GN3F + FRCOL								ceftriaxone	<=	1		
35756053	Table_2.XLSX	Sheet1	GN3F + FRCOL								tetracycline	=	1		mic_sign '=' inferred
35756053	Table_2.XLSX	Sheet1	GN3F + FRCOL								colistin	=	0.5		mic_sign '=' inferred
35756053	Table_2.XLSX	Sheet1	GN3F + FRCOL								amikacin	<=	8		
35756053	Table_2.XLSX	Sheet1	GN3F + FRCOL								ampicillin	<=	4		
35756053	Table_2.XLSX	Sheet1	GN3F + FRCOL								ampicillin/sulbactam	<=	4/2		
35756053	Table_2.XLSX	Sheet1	GN3F + FRCOL								aztreonam	<=	4		
35756053	Table_2.XLSX	Sheet1	GN3F + FRCOL								cefazolin	<=	4		
35756053	Table_2.XLSX	Sheet1	GN3F + FRCOL								cefepime	<=	4		
35756053	Table_2.XLSX	Sheet1	GN3F + FRCOL								cephalothin	=	8		mic_sign '=' inferred
35756053	Table_2.XLSX	Sheet1	GN3F + FRCOL								meropenem	<=	1		
35756053	Table_2.XLSX	Sheet1	GN3F + FRCOL								ertapenem	<=	2		
35756053	Table_2.XLSX	Sheet1	GN3F + FRCOL								cefuroxime	<=	4		
35756053	Table_2.XLSX	Sheet1	GN3F + FRCOL								gentamicin	<=	2		
35756053	Table_2.XLSX	Sheet1	GN3F + FRCOL								ciprofloxacin	<=	0.5		
35756053	Table_2.XLSX	Sheet1	GN3F + FRCOL								piperacillin/tazobactam	<=	16/4		
35756053	Table_2.XLSX	Sheet1	GN3F + FRCOL								cefoxitin	<=	4		
35756053	Table_2.XLSX	Sheet1	GN3F + FRCOL								trimethoprim	<=	0.5/9.5		
35756053	Table_2.XLSX	Sheet1	GN3F + FRCOL								cefpodoxime	<=	2		
35756053	Table_2.XLSX	Sheet1	GN3F + FRCOL								ceftazidime	<=	1		
35756053	Table_2.XLSX	Sheet1	GN3F + FRCOL								tobramycin	<=	4		
35756053	Table_2.XLSX	Sheet1	GN3F + FRCOL								tigecycline	<=	1		
35756053	Table_2.XLSX	Sheet1	GN3F + FRCOL								ticarcillin/clavulanic acid	<=	16/2		
35756053	Table_2.XLSX	Sheet1	GN3F + FRCOL								ceftriaxone	<=	1		
35756053	Table_2.XLSX	Sheet1	GN3F + FRCOL								tetracycline	=	1		mic_sign '=' inferred
35756053	Table_2.XLSX	Sheet1	GN3F + FRCOL								colistin	=	0.25		mic_sign '=' inferred
35756053	Table_2.XLSX	Sheet1	GN3F + FRCOL								amikacin	<=	8		
35756053	Table_2.XLSX	Sheet1	GN3F + FRCOL								ampicillin	<=	4		
35756053	Table_2.XLSX	Sheet1	GN3F + FRCOL								ampicillin/sulbactam	<=	4/2		
35756053	Table_2.XLSX	Sheet1	GN3F + FRCOL								aztreonam	<=	4		
35756053	Table_2.XLSX	Sheet1	GN3F + FRCOL								cefazolin	<=	4		
35756053	Table_2.XLSX	Sheet1	GN3F + FRCOL								cefepime	<=	4		
35756053	Table_2.XLSX	Sheet1	GN3F + FRCOL								cephalothin	=	8		mic_sign '=' inferred
35756053	Table_2.XLSX	Sheet1	GN3F + FRCOL								meropenem	<=	1		
35756053	Table_2.XLSX	Sheet1	GN3F + FRCOL								ertapenem	<=	2		
35756053	Table_2.XLSX	Sheet1	GN3F + FRCOL								cefuroxime	<=	4		
35756053	Table_2.XLSX	Sheet1	GN3F + FRCOL								gentamicin	<=	2		
35756053	Table_2.XLSX	Sheet1	GN3F + FRCOL								ciprofloxacin	<=	0.5		
35756053	Table_2.XLSX	Sheet1	GN3F + FRCOL								piperacillin/tazobactam	<=	16/4		
35756053	Table_2.XLSX	Sheet1	GN3F + FRCOL								cefoxitin	<=	4		
35756053	Table_2.XLSX	Sheet1	GN3F + FRCOL								trimethoprim	<=	0.5/9.5		
35756053	Table_2.XLSX	Sheet1	GN3F + FRCOL								cefpodoxime	<=	2		
35756053	Table_2.XLSX	Sheet1	GN3F + FRCOL								ceftazidime	<=	1		
35756053	Table_2.XLSX	Sheet1	GN3F + FRCOL								tobramycin	<=	4		
35756053	Table_2.XLSX	Sheet1	GN3F + FRCOL								tigecycline	<=	1		
35756053	Table_2.XLSX	Sheet1	GN3F + FRCOL								ticarcillin/clavulanic acid	<=	16/2		
35756053	Table_2.XLSX	Sheet1	GN3F + FRCOL								ceftriaxone	<=	1		
35756053	Table_2.XLSX	Sheet1	GN3F + FRCOL								tetracycline	=	2		mic_sign '=' inferred
35756053	Table_2.XLSX	Sheet1	GN3F + FRCOL								colistin	=	0.5		mic_sign '=' inferred
35756053	Table_2.XLSX	Sheet1	GN3F + FRCOL								amikacin	<=	8		
35756053	Table_2.XLSX	Sheet1	GN3F + FRCOL								ampicillin	>	32		
35756053	Table_2.XLSX	Sheet1	GN3F + FRCOL								ampicillin/sulbactam	=	16/8		mic_sign '=' inferred
35756053	Table_2.XLSX	Sheet1	GN3F + FRCOL								aztreonam	<=	4		
35756053	Table_2.XLSX	Sheet1	GN3F + FRCOL								cefazolin	=	8		mic_sign '=' inferred
35756053	Table_2.XLSX	Sheet1	GN3F + FRCOL								cefepime	<=	4		
35756053	Table_2.XLSX	Sheet1	GN3F + FRCOL								cephalothin	=	16		mic_sign '=' inferred
35756053	Table_2.XLSX	Sheet1	GN3F + FRCOL								meropenem	<=	1		
35756053	Table_2.XLSX	Sheet1	GN3F + FRCOL								ertapenem	<=	2		
35756053	Table_2.XLSX	Sheet1	GN3F + FRCOL								cefuroxime	<=	4		
35756053	Table_2.XLSX	Sheet1	GN3F + FRCOL								gentamicin	<=	2		
35756053	Table_2.XLSX	Sheet1	GN3F + FRCOL								ciprofloxacin	<=	0.5		
35756053	Table_2.XLSX	Sheet1	GN3F + FRCOL								piperacillin/tazobactam	<=	16/4		
35756053	Table_2.XLSX	Sheet1	GN3F + FRCOL								cefoxitin	=	8		mic_sign '=' inferred
35756053	Table_2.XLSX	Sheet1	GN3F + FRCOL								trimethoprim	<=	0.5/9.5		
35756053	Table_2.XLSX	Sheet1	GN3F + FRCOL								cefpodoxime	<=	2		
35756053	Table_2.XLSX	Sheet1	GN3F + FRCOL								ceftazidime	<=	1		
35756053	Table_2.XLSX	Sheet1	GN3F + FRCOL								tobramycin	<=	4		
35756053	Table_2.XLSX	Sheet1	GN3F + FRCOL								tigecycline	<=	1		
35756053	Table_2.XLSX	Sheet1	GN3F + FRCOL								ticarcillin/clavulanic acid	=	32/2		mic_sign '=' inferred
35756053	Table_2.XLSX	Sheet1	GN3F + FRCOL								ceftriaxone	<=	1		
35756053	Table_2.XLSX	Sheet1	GN3F + FRCOL								tetracycline	=	2		mic_sign '=' inferred
35756053	Table_2.XLSX	Sheet1	GN3F + FRCOL								colistin	=	0.5		mic_sign '=' inferred
35756053	Table_2.XLSX	Sheet1	GN3F + FRCOL								amikacin	<=	8		
35756053	Table_2.XLSX	Sheet1	GN3F + FRCOL								ampicillin	<=	4		
35756053	Table_2.XLSX	Sheet1	GN3F + FRCOL								ampicillin/sulbactam	<=	4/2		
35756053	Table_2.XLSX	Sheet1	GN3F + FRCOL								aztreonam	<=	4		
35756053	Table_2.XLSX	Sheet1	GN3F + FRCOL								cefazolin	<=	4		
35756053	Table_2.XLSX	Sheet1	GN3F + FRCOL								cefepime	<=	4		
35756053	Table_2.XLSX	Sheet1	GN3F + FRCOL								cephalothin	=	4		mic_sign '=' inferred
35756053	Table_2.XLSX	Sheet1	GN3F + FRCOL								meropenem	<=	1		
35756053	Table_2.XLSX	Sheet1	GN3F + FRCOL								ertapenem	<=	2		
35756053	Table_2.XLSX	Sheet1	GN3F + FRCOL								cefuroxime	<=	4		
35756053	Table_2.XLSX	Sheet1	GN3F + FRCOL								gentamicin	<=	2		
35756053	Table_2.XLSX	Sheet1	GN3F + FRCOL								ciprofloxacin	>	4		
35756053	Table_2.XLSX	Sheet1	GN3F + FRCOL								piperacillin/tazobactam	<=	16/4		
35756053	Table_2.XLSX	Sheet1	GN3F + FRCOL								cefoxitin	<=	4		
35756053	Table_2.XLSX	Sheet1	GN3F + FRCOL								trimethoprim	<=	0.5/9.5		
35756053	Table_2.XLSX	Sheet1	GN3F + FRCOL								cefpodoxime	<=	2		
35756053	Table_2.XLSX	Sheet1	GN3F + FRCOL								ceftazidime	<=	1		
35756053	Table_2.XLSX	Sheet1	GN3F + FRCOL								tobramycin	<=	4		
35756053	Table_2.XLSX	Sheet1	GN3F + FRCOL								tigecycline	<=	1		
35756053	Table_2.XLSX	Sheet1	GN3F + FRCOL								ticarcillin/clavulanic acid	<=	16/2		
35756053	Table_2.XLSX	Sheet1	GN3F + FRCOL								ceftriaxone	<=	1		
35756053	Table_2.XLSX	Sheet1	GN3F + FRCOL								tetracycline	=	1		mic_sign '=' inferred
35756053	Table_2.XLSX	Sheet1	GN3F + FRCOL								colistin	=	0.5		mic_sign '=' inferred
35756053	Table_2.XLSX	Sheet1	GN3F + FRCOL								amikacin	<=	8		
35756053	Table_2.XLSX	Sheet1	GN3F + FRCOL								ampicillin	>	32		
35756053	Table_2.XLSX	Sheet1	GN3F + FRCOL								ampicillin/sulbactam	=	16/8		mic_sign '=' inferred
35756053	Table_2.XLSX	Sheet1	GN3F + FRCOL								aztreonam	<=	4		
35756053	Table_2.XLSX	Sheet1	GN3F + FRCOL								cefazolin	<=	4		
35756053	Table_2.XLSX	Sheet1	GN3F + FRCOL								cefepime	<=	4		
35756053	Table_2.XLSX	Sheet1	GN3F + FRCOL								cephalothin	=	8		mic_sign '=' inferred
35756053	Table_2.XLSX	Sheet1	GN3F + FRCOL								meropenem	<=	1		
35756053	Table_2.XLSX	Sheet1	GN3F + FRCOL								ertapenem	<=	2		
35756053	Table_2.XLSX	Sheet1	GN3F + FRCOL								cefuroxime	<=	4		
35756053	Table_2.XLSX	Sheet1	GN3F + FRCOL								gentamicin	>	16		
35756053	Table_2.XLSX	Sheet1	GN3F + FRCOL								ciprofloxacin	>	4		
35756053	Table_2.XLSX	Sheet1	GN3F + FRCOL								piperacillin/tazobactam	<=	16/4		
35756053	Table_2.XLSX	Sheet1	GN3F + FRCOL								cefoxitin	<=	4		
35756053	Table_2.XLSX	Sheet1	GN3F + FRCOL								trimethoprim	<=	0.5/9.5		
35756053	Table_2.XLSX	Sheet1	GN3F + FRCOL								cefpodoxime	<=	2		
35756053	Table_2.XLSX	Sheet1	GN3F + FRCOL								ceftazidime	<=	1		
35756053	Table_2.XLSX	Sheet1	GN3F + FRCOL								tobramycin	=	8		mic_sign '=' inferred
35756053	Table_2.XLSX	Sheet1	GN3F + FRCOL								tigecycline	<=	1		
35756053	Table_2.XLSX	Sheet1	GN3F + FRCOL								ticarcillin/clavulanic acid	<=	16/2		
35756053	Table_2.XLSX	Sheet1	GN3F + FRCOL								ceftriaxone	<=	1		
35756053	Table_2.XLSX	Sheet1	GN3F + FRCOL								tetracycline	=	1		mic_sign '=' inferred
35756053	Table_2.XLSX	Sheet1	GN3F + FRCOL								colistin	=	0.5		mic_sign '=' inferred
35756053	Table_2.XLSX	Sheet1	GN3F + FRCOL								amikacin	<=	8		
35756053	Table_2.XLSX	Sheet1	GN3F + FRCOL								ampicillin	>	32		
35756053	Table_2.XLSX	Sheet1	GN3F + FRCOL								ampicillin/sulbactam	=	16/8		mic_sign '=' inferred
35756053	Table_2.XLSX	Sheet1	GN3F + FRCOL								aztreonam	<=	4		
35756053	Table_2.XLSX	Sheet1	GN3F + FRCOL								cefazolin	<=	4		
35756053	Table_2.XLSX	Sheet1	GN3F + FRCOL								cefepime	<=	4		
35756053	Table_2.XLSX	Sheet1	GN3F + FRCOL								cephalothin	=	8		mic_sign '=' inferred
35756053	Table_2.XLSX	Sheet1	GN3F + FRCOL								meropenem	<=	1		
35756053	Table_2.XLSX	Sheet1	GN3F + FRCOL								ertapenem	<=	2		
35756053	Table_2.XLSX	Sheet1	GN3F + FRCOL								cefuroxime	<=	4		
35756053	Table_2.XLSX	Sheet1	GN3F + FRCOL								gentamicin	<=	2		
35756053	Table_2.XLSX	Sheet1	GN3F + FRCOL								ciprofloxacin	<=	0.5		
35756053	Table_2.XLSX	Sheet1	GN3F + FRCOL								piperacillin/tazobactam	<=	16/4		
35756053	Table_2.XLSX	Sheet1	GN3F + FRCOL								cefoxitin	<=	4		
35756053	Table_2.XLSX	Sheet1	GN3F + FRCOL								trimethoprim	>	4/76		
35756053	Table_2.XLSX	Sheet1	GN3F + FRCOL								cefpodoxime	<=	2		
35756053	Table_2.XLSX	Sheet1	GN3F + FRCOL								ceftazidime	<=	1		
35756053	Table_2.XLSX	Sheet1	GN3F + FRCOL								tobramycin	<=	4		
35756053	Table_2.XLSX	Sheet1	GN3F + FRCOL								tigecycline	<=	1		
35756053	Table_2.XLSX	Sheet1	GN3F + FRCOL								ticarcillin/clavulanic acid	<=	16/2		
35756053	Table_2.XLSX	Sheet1	GN3F + FRCOL								ceftriaxone	<=	1		
35756053	Table_2.XLSX	Sheet1	GN3F + FRCOL								tetracycline	=	2		mic_sign '=' inferred
35756053	Table_2.XLSX	Sheet1	GN3F + FRCOL								colistin	=	0.25		mic_sign '=' inferred
35756053	Table_2.XLSX	Sheet1	GN3F + FRCOL								amikacin	<=	8		
35756053	Table_2.XLSX	Sheet1	GN3F + FRCOL								ampicillin	>	32		
35756053	Table_2.XLSX	Sheet1	GN3F + FRCOL								ampicillin/sulbactam	=	16/8		mic_sign '=' inferred
35756053	Table_2.XLSX	Sheet1	GN3F + FRCOL								aztreonam	<=	4		
35756053	Table_2.XLSX	Sheet1	GN3F + FRCOL								cefazolin	<=	4		
35756053	Table_2.XLSX	Sheet1	GN3F + FRCOL								cefepime	<=	4		
35756053	Table_2.XLSX	Sheet1	GN3F + FRCOL								cephalothin	=	16		mic_sign '=' inferred
35756053	Table_2.XLSX	Sheet1	GN3F + FRCOL								meropenem	<=	1		
35756053	Table_2.XLSX	Sheet1	GN3F + FRCOL								ertapenem	<=	2		
35756053	Table_2.XLSX	Sheet1	GN3F + FRCOL								cefuroxime	<=	4		
35756053	Table_2.XLSX	Sheet1	GN3F + FRCOL								gentamicin	<=	2		
35756053	Table_2.XLSX	Sheet1	GN3F + FRCOL								ciprofloxacin	<=	0.5		
35756053	Table_2.XLSX	Sheet1	GN3F + FRCOL								piperacillin/tazobactam	<=	16/4		
35756053	Table_2.XLSX	Sheet1	GN3F + FRCOL								cefoxitin	<=	4		
35756053	Table_2.XLSX	Sheet1	GN3F + FRCOL								trimethoprim	>	4/76		
35756053	Table_2.XLSX	Sheet1	GN3F + FRCOL								cefpodoxime	<=	2		
35756053	Table_2.XLSX	Sheet1	GN3F + FRCOL								ceftazidime	<=	1		
35756053	Table_2.XLSX	Sheet1	GN3F + FRCOL								tobramycin	<=	4		
35756053	Table_2.XLSX	Sheet1	GN3F + FRCOL								tigecycline	<=	1		
35756053	Table_2.XLSX	Sheet1	GN3F + FRCOL								ticarcillin/clavulanic acid	<=	16/2		
35756053	Table_2.XLSX	Sheet1	GN3F + FRCOL								ceftriaxone	<=	1		
35756053	Table_2.XLSX	Sheet1	GN3F + FRCOL								tetracycline	>	16		
35756053	Table_2.XLSX	Sheet1	GN3F + FRCOL								colistin	=	0.25		mic_sign '=' inferred
35756053	Table_2.XLSX	Sheet1	GN3F + FRCOL								amikacin	<=	8		
35756053	Table_2.XLSX	Sheet1	GN3F + FRCOL								ampicillin	<=	4		
35756053	Table_2.XLSX	Sheet1	GN3F + FRCOL								ampicillin/sulbactam	<=	4/2		
35756053	Table_2.XLSX	Sheet1	GN3F + FRCOL								aztreonam	<=	4		
35756053	Table_2.XLSX	Sheet1	GN3F + FRCOL								cefazolin	<=	4		
35756053	Table_2.XLSX	Sheet1	GN3F + FRCOL								cefepime	<=	4		
35756053	Table_2.XLSX	Sheet1	GN3F + FRCOL								cephalothin	=	8		mic_sign '=' inferred
35756053	Table_2.XLSX	Sheet1	GN3F + FRCOL								meropenem	<=	1		
35756053	Table_2.XLSX	Sheet1	GN3F + FRCOL								ertapenem	<=	2		
35756053	Table_2.XLSX	Sheet1	GN3F + FRCOL								cefuroxime	<=	4		
35756053	Table_2.XLSX	Sheet1	GN3F + FRCOL								gentamicin	<=	2		
35756053	Table_2.XLSX	Sheet1	GN3F + FRCOL								ciprofloxacin	<=	0.5		
35756053	Table_2.XLSX	Sheet1	GN3F + FRCOL								piperacillin/tazobactam	<=	16/4		
35756053	Table_2.XLSX	Sheet1	GN3F + FRCOL								cefoxitin	<=	4		
35756053	Table_2.XLSX	Sheet1	GN3F + FRCOL								trimethoprim	<=	0.5/9.5		
35756053	Table_2.XLSX	Sheet1	GN3F + FRCOL								cefpodoxime	<=	2		
35756053	Table_2.XLSX	Sheet1	GN3F + FRCOL								ceftazidime	<=	1		
35756053	Table_2.XLSX	Sheet1	GN3F + FRCOL								tobramycin	<=	4		
35756053	Table_2.XLSX	Sheet1	GN3F + FRCOL								tigecycline	<=	1		
35756053	Table_2.XLSX	Sheet1	GN3F + FRCOL								ticarcillin/clavulanic acid	<=	16/2		
35756053	Table_2.XLSX	Sheet1	GN3F + FRCOL								ceftriaxone	<=	1		
35756053	Table_2.XLSX	Sheet1	GN3F + FRCOL								tetracycline	=	1		mic_sign '=' inferred
35756053	Table_2.XLSX	Sheet1	GN3F + FRCOL								colistin	=	0.5		mic_sign '=' inferred
35756053	Table_2.XLSX	Sheet1	GN3F + FRCOL								amikacin	<=	8		
35756053	Table_2.XLSX	Sheet1	GN3F + FRCOL								ampicillin	<=	4		
35756053	Table_2.XLSX	Sheet1	GN3F + FRCOL								ampicillin/sulbactam	<=	4/2		
35756053	Table_2.XLSX	Sheet1	GN3F + FRCOL								aztreonam	<=	4		
35756053	Table_2.XLSX	Sheet1	GN3F + FRCOL								cefazolin	<=	4		
35756053	Table_2.XLSX	Sheet1	GN3F + FRCOL								cefepime	<=	4		
35756053	Table_2.XLSX	Sheet1	GN3F + FRCOL								cephalothin	=	8		mic_sign '=' inferred
35756053	Table_2.XLSX	Sheet1	GN3F + FRCOL								meropenem	<=	1		
35756053	Table_2.XLSX	Sheet1	GN3F + FRCOL								ertapenem	<=	2		
35756053	Table_2.XLSX	Sheet1	GN3F + FRCOL								cefuroxime	<=	4		
35756053	Table_2.XLSX	Sheet1	GN3F + FRCOL								gentamicin	<=	2		
35756053	Table_2.XLSX	Sheet1	GN3F + FRCOL								ciprofloxacin	<=	0.5		
35756053	Table_2.XLSX	Sheet1	GN3F + FRCOL								piperacillin/tazobactam	<=	16/4		
35756053	Table_2.XLSX	Sheet1	GN3F + FRCOL								cefoxitin	<=	4		
35756053	Table_2.XLSX	Sheet1	GN3F + FRCOL								trimethoprim	<=	0.5/9.5		
35756053	Table_2.XLSX	Sheet1	GN3F + FRCOL								cefpodoxime	<=	2		
35756053	Table_2.XLSX	Sheet1	GN3F + FRCOL								ceftazidime	<=	1		
35756053	Table_2.XLSX	Sheet1	GN3F + FRCOL								tobramycin	<=	4		
35756053	Table_2.XLSX	Sheet1	GN3F + FRCOL								tigecycline	<=	1		
35756053	Table_2.XLSX	Sheet1	GN3F + FRCOL								ticarcillin/clavulanic acid	<=	16/2		
35756053	Table_2.XLSX	Sheet1	GN3F + FRCOL								ceftriaxone	<=	1		
35756053	Table_2.XLSX	Sheet1	GN3F + FRCOL								tetracycline	=	2		mic_sign '=' inferred
35756053	Table_2.XLSX	Sheet1	GN3F + FRCOL								colistin	=	0.5		mic_sign '=' inferred
35756053	Table_2.XLSX	Sheet1	GN3F + FRCOL								amikacin	<=	8		
35756053	Table_2.XLSX	Sheet1	GN3F + FRCOL								ampicillin	>	32		
35756053	Table_2.XLSX	Sheet1	GN3F + FRCOL								ampicillin/sulbactam	=	32/16		mic_sign '=' inferred
35756053	Table_2.XLSX	Sheet1	GN3F + FRCOL								aztreonam	<=	4		
35756053	Table_2.XLSX	Sheet1	GN3F + FRCOL								cefazolin	=	8		mic_sign '=' inferred
35756053	Table_2.XLSX	Sheet1	GN3F + FRCOL								cefepime	<=	4		
35756053	Table_2.XLSX	Sheet1	GN3F + FRCOL								cephalothin	=	16		mic_sign '=' inferred
35756053	Table_2.XLSX	Sheet1	GN3F + FRCOL								meropenem	<=	1		
35756053	Table_2.XLSX	Sheet1	GN3F + FRCOL								ertapenem	<=	2		
35756053	Table_2.XLSX	Sheet1	GN3F + FRCOL								cefuroxime	=	8		mic_sign '=' inferred
35756053	Table_2.XLSX	Sheet1	GN3F + FRCOL								gentamicin	=	4		mic_sign '=' inferred
35756053	Table_2.XLSX	Sheet1	GN3F + FRCOL								ciprofloxacin	>	4		
35756053	Table_2.XLSX	Sheet1	GN3F + FRCOL								piperacillin/tazobactam	<=	16/4		
35756053	Table_2.XLSX	Sheet1	GN3F + FRCOL								cefoxitin	<=	4		
35756053	Table_2.XLSX	Sheet1	GN3F + FRCOL								trimethoprim	>	4/76		
35756053	Table_2.XLSX	Sheet1	GN3F + FRCOL								cefpodoxime	<=	2		
35756053	Table_2.XLSX	Sheet1	GN3F + FRCOL								ceftazidime	<=	1		
35756053	Table_2.XLSX	Sheet1	GN3F + FRCOL								tobramycin	<=	4		
35756053	Table_2.XLSX	Sheet1	GN3F + FRCOL								tigecycline	<=	1		
35756053	Table_2.XLSX	Sheet1	GN3F + FRCOL								ticarcillin/clavulanic acid	=	32/2		mic_sign '=' inferred
35756053	Table_2.XLSX	Sheet1	GN3F + FRCOL								ceftriaxone	<=	1		
35756053	Table_2.XLSX	Sheet1	GN3F + FRCOL								tetracycline	>	16		
35756053	Table_2.XLSX	Sheet1	GN3F + FRCOL								colistin	=	0.5		mic_sign '=' inferred
35756053	Table_2.XLSX	Sheet1	GN3F + FRCOL								amikacin	<=	8		
35756053	Table_2.XLSX	Sheet1	GN3F + FRCOL								ampicillin	>	32		
35756053	Table_2.XLSX	Sheet1	GN3F + FRCOL								ampicillin/sulbactam	=	32/16		mic_sign '=' inferred
35756053	Table_2.XLSX	Sheet1	GN3F + FRCOL								aztreonam	<=	4		
35756053	Table_2.XLSX	Sheet1	GN3F + FRCOL								cefazolin	<=	4		
35756053	Table_2.XLSX	Sheet1	GN3F + FRCOL								cefepime	<=	4		
35756053	Table_2.XLSX	Sheet1	GN3F + FRCOL								cephalothin	=	16		mic_sign '=' inferred
35756053	Table_2.XLSX	Sheet1	GN3F + FRCOL								meropenem	<=	1		
35756053	Table_2.XLSX	Sheet1	GN3F + FRCOL								ertapenem	<=	2		
35756053	Table_2.XLSX	Sheet1	GN3F + FRCOL								cefuroxime	=	8		mic_sign '=' inferred
35756053	Table_2.XLSX	Sheet1	GN3F + FRCOL								gentamicin	<=	2		
35756053	Table_2.XLSX	Sheet1	GN3F + FRCOL								ciprofloxacin	<=	0.5		
35756053	Table_2.XLSX	Sheet1	GN3F + FRCOL								piperacillin/tazobactam	<=	16/4		
35756053	Table_2.XLSX	Sheet1	GN3F + FRCOL								cefoxitin	<=	4		
35756053	Table_2.XLSX	Sheet1	GN3F + FRCOL								trimethoprim	>	4/76		
35756053	Table_2.XLSX	Sheet1	GN3F + FRCOL								cefpodoxime	<=	2		
35756053	Table_2.XLSX	Sheet1	GN3F + FRCOL								ceftazidime	<=	1		
35756053	Table_2.XLSX	Sheet1	GN3F + FRCOL								tobramycin	<=	4		
35756053	Table_2.XLSX	Sheet1	GN3F + FRCOL								tigecycline	<=	1		
35756053	Table_2.XLSX	Sheet1	GN3F + FRCOL								ticarcillin/clavulanic acid	=	32/2		mic_sign '=' inferred
35756053	Table_2.XLSX	Sheet1	GN3F + FRCOL								ceftriaxone	<=	1		
35756053	Table_2.XLSX	Sheet1	GN3F + FRCOL								tetracycline	>	16		
35756053	Table_2.XLSX	Sheet1	GN3F + FRCOL								colistin	=	0.5		mic_sign '=' inferred
35756053	Table_2.XLSX	Sheet1	GN3F + FRCOL								amikacin	<=	8		
35756053	Table_2.XLSX	Sheet1	GN3F + FRCOL								ampicillin	>	32		
35756053	Table_2.XLSX	Sheet1	GN3F + FRCOL								ampicillin/sulbactam	=	8/4		mic_sign '=' inferred
35756053	Table_2.XLSX	Sheet1	GN3F + FRCOL								aztreonam	<=	4		
35756053	Table_2.XLSX	Sheet1	GN3F + FRCOL								cefazolin	<=	4		
35756053	Table_2.XLSX	Sheet1	GN3F + FRCOL								cefepime	<=	4		
35756053	Table_2.XLSX	Sheet1	GN3F + FRCOL								cephalothin	=	8		mic_sign '=' inferred
35756053	Table_2.XLSX	Sheet1	GN3F + FRCOL								meropenem	<=	1		
35756053	Table_2.XLSX	Sheet1	GN3F + FRCOL								ertapenem	<=	2		
35756053	Table_2.XLSX	Sheet1	GN3F + FRCOL								cefuroxime	<=	4		
35756053	Table_2.XLSX	Sheet1	GN3F + FRCOL								gentamicin	<=	2		
35756053	Table_2.XLSX	Sheet1	GN3F + FRCOL								ciprofloxacin	<=	0.5		
35756053	Table_2.XLSX	Sheet1	GN3F + FRCOL								piperacillin/tazobactam	<=	16/4		
35756053	Table_2.XLSX	Sheet1	GN3F + FRCOL								cefoxitin	<=	4		
35756053	Table_2.XLSX	Sheet1	GN3F + FRCOL								trimethoprim	<=	0.5/9.5		
35756053	Table_2.XLSX	Sheet1	GN3F + FRCOL								cefpodoxime	<=	2		
35756053	Table_2.XLSX	Sheet1	GN3F + FRCOL								ceftazidime	<=	1		
35756053	Table_2.XLSX	Sheet1	GN3F + FRCOL								tobramycin	<=	4		
35756053	Table_2.XLSX	Sheet1	GN3F + FRCOL								tigecycline	<=	1		
35756053	Table_2.XLSX	Sheet1	GN3F + FRCOL								ticarcillin/clavulanic acid	<=	16/2		
35756053	Table_2.XLSX	Sheet1	GN3F + FRCOL								ceftriaxone	<=	1		
35756053	Table_2.XLSX	Sheet1	GN3F + FRCOL								tetracycline	>	16		
35756053	Table_2.XLSX	Sheet1	GN3F + FRCOL								colistin	=	0.5		mic_sign '=' inferred
35756053	Table_2.XLSX	Sheet1	GN3F + FRCOL								amikacin	<=	8		
35756053	Table_2.XLSX	Sheet1	GN3F + FRCOL								ampicillin	<=	4		
35756053	Table_2.XLSX	Sheet1	GN3F + FRCOL								ampicillin/sulbactam	<=	4/2		
35756053	Table_2.XLSX	Sheet1	GN3F + FRCOL								aztreonam	<=	4		
35756053	Table_2.XLSX	Sheet1	GN3F + FRCOL								cefazolin	<=	4		
35756053	Table_2.XLSX	Sheet1	GN3F + FRCOL								cefepime	<=	4		
35756053	Table_2.XLSX	Sheet1	GN3F + FRCOL								cephalothin	=	8		mic_sign '=' inferred
35756053	Table_2.XLSX	Sheet1	GN3F + FRCOL								meropenem	<=	1		
35756053	Table_2.XLSX	Sheet1	GN3F + FRCOL								ertapenem	<=	2		
35756053	Table_2.XLSX	Sheet1	GN3F + FRCOL								cefuroxime	<=	4		
35756053	Table_2.XLSX	Sheet1	GN3F + FRCOL								gentamicin	<=	2		
35756053	Table_2.XLSX	Sheet1	GN3F + FRCOL								ciprofloxacin	<=	0.5		
35756053	Table_2.XLSX	Sheet1	GN3F + FRCOL								piperacillin/tazobactam	<=	16/4		
35756053	Table_2.XLSX	Sheet1	GN3F + FRCOL								cefoxitin	<=	4		
35756053	Table_2.XLSX	Sheet1	GN3F + FRCOL								trimethoprim	<=	0.5/9.5		
35756053	Table_2.XLSX	Sheet1	GN3F + FRCOL								cefpodoxime	<=	2		
35756053	Table_2.XLSX	Sheet1	GN3F + FRCOL								ceftazidime	<=	1		
35756053	Table_2.XLSX	Sheet1	GN3F + FRCOL								tobramycin	<=	4		
35756053	Table_2.XLSX	Sheet1	GN3F + FRCOL								tigecycline	<=	1		
35756053	Table_2.XLSX	Sheet1	GN3F + FRCOL								ticarcillin/clavulanic acid	<=	16/2		
35756053	Table_2.XLSX	Sheet1	GN3F + FRCOL								ceftriaxone	<=	1		
35756053	Table_2.XLSX	Sheet1	GN3F + FRCOL								tetracycline	=	1		mic_sign '=' inferred
35756053	Table_2.XLSX	Sheet1	GN3F + FRCOL								colistin	=	0.25		mic_sign '=' inferred
35756053	Table_2.XLSX	Sheet1	GN3F + FRCOL								amikacin	<=	8		
35756053	Table_2.XLSX	Sheet1	GN3F + FRCOL								ampicillin	<=	4		
35756053	Table_2.XLSX	Sheet1	GN3F + FRCOL								ampicillin/sulbactam	<=	4/2		
35756053	Table_2.XLSX	Sheet1	GN3F + FRCOL								aztreonam	<=	4		
35756053	Table_2.XLSX	Sheet1	GN3F + FRCOL								cefazolin	<=	4		
35756053	Table_2.XLSX	Sheet1	GN3F + FRCOL								cefepime	<=	4		
35756053	Table_2.XLSX	Sheet1	GN3F + FRCOL								cephalothin	=	8		mic_sign '=' inferred
35756053	Table_2.XLSX	Sheet1	GN3F + FRCOL								meropenem	<=	1		
35756053	Table_2.XLSX	Sheet1	GN3F + FRCOL								ertapenem	<=	2		
35756053	Table_2.XLSX	Sheet1	GN3F + FRCOL								cefuroxime	<=	4		
35756053	Table_2.XLSX	Sheet1	GN3F + FRCOL								gentamicin	<=	2		
35756053	Table_2.XLSX	Sheet1	GN3F + FRCOL								ciprofloxacin	<=	0.5		
35756053	Table_2.XLSX	Sheet1	GN3F + FRCOL								piperacillin/tazobactam	<=	16/4		
35756053	Table_2.XLSX	Sheet1	GN3F + FRCOL								cefoxitin	=	8		mic_sign '=' inferred
35756053	Table_2.XLSX	Sheet1	GN3F + FRCOL								trimethoprim	<=	0.5/9.5		
35756053	Table_2.XLSX	Sheet1	GN3F + FRCOL								cefpodoxime	<=	2		
35756053	Table_2.XLSX	Sheet1	GN3F + FRCOL								ceftazidime	<=	1		
35756053	Table_2.XLSX	Sheet1	GN3F + FRCOL								tobramycin	<=	4		
35756053	Table_2.XLSX	Sheet1	GN3F + FRCOL								tigecycline	<=	1		
35756053	Table_2.XLSX	Sheet1	GN3F + FRCOL								ticarcillin/clavulanic acid	<=	16/2		
35756053	Table_2.XLSX	Sheet1	GN3F + FRCOL								ceftriaxone	<=	1		
35756053	Table_2.XLSX	Sheet1	GN3F + FRCOL								tetracycline	=	1		mic_sign '=' inferred
35756053	Table_2.XLSX	Sheet1	GN3F + FRCOL								colistin	=	0.25		mic_sign '=' inferred
35756053	Table_2.XLSX	Sheet1	GN3F + FRCOL								amikacin	<=	8		
35756053	Table_2.XLSX	Sheet1	GN3F + FRCOL								ampicillin	>	32		
35756053	Table_2.XLSX	Sheet1	GN3F + FRCOL								ampicillin/sulbactam	=	8/4		mic_sign '=' inferred
35756053	Table_2.XLSX	Sheet1	GN3F + FRCOL								aztreonam	<=	4		
35756053	Table_2.XLSX	Sheet1	GN3F + FRCOL								cefazolin	<=	4		
35756053	Table_2.XLSX	Sheet1	GN3F + FRCOL								cefepime	<=	4		
35756053	Table_2.XLSX	Sheet1	GN3F + FRCOL								cephalothin	=	16		mic_sign '=' inferred
35756053	Table_2.XLSX	Sheet1	GN3F + FRCOL								meropenem	<=	1		
35756053	Table_2.XLSX	Sheet1	GN3F + FRCOL								ertapenem	<=	2		
35756053	Table_2.XLSX	Sheet1	GN3F + FRCOL								cefuroxime	<=	4		
35756053	Table_2.XLSX	Sheet1	GN3F + FRCOL								gentamicin	<=	2		
35756053	Table_2.XLSX	Sheet1	GN3F + FRCOL								ciprofloxacin	<=	0.5		
35756053	Table_2.XLSX	Sheet1	GN3F + FRCOL								piperacillin/tazobactam	<=	16/4		
35756053	Table_2.XLSX	Sheet1	GN3F + FRCOL								cefoxitin	<=	4		
35756053	Table_2.XLSX	Sheet1	GN3F + FRCOL								trimethoprim	<=	0.5/9.5		
35756053	Table_2.XLSX	Sheet1	GN3F + FRCOL								cefpodoxime	<=	2		
35756053	Table_2.XLSX	Sheet1	GN3F + FRCOL								ceftazidime	<=	1		
35756053	Table_2.XLSX	Sheet1	GN3F + FRCOL								tobramycin	<=	4		
35756053	Table_2.XLSX	Sheet1	GN3F + FRCOL								tigecycline	<=	1		
35756053	Table_2.XLSX	Sheet1	GN3F + FRCOL								ticarcillin/clavulanic acid	<=	16/2		
35756053	Table_2.XLSX	Sheet1	GN3F + FRCOL								ceftriaxone	<=	1		
35756053	Table_2.XLSX	Sheet1	GN3F + FRCOL								tetracycline	>	16		
35756053	Table_2.XLSX	Sheet1	GN3F + FRCOL								colistin	=	0.25		mic_sign '=' inferred
35756053	Table_2.XLSX	Sheet1	GN3F + FRCOL								amikacin	<=	8		
35756053	Table_2.XLSX	Sheet1	GN3F + FRCOL								ampicillin	<=	4		
35756053	Table_2.XLSX	Sheet1	GN3F + FRCOL								ampicillin/sulbactam	<=	4/2		
35756053	Table_2.XLSX	Sheet1	GN3F + FRCOL								aztreonam	<=	4		
35756053	Table_2.XLSX	Sheet1	GN3F + FRCOL								cefazolin	<=	4		
35756053	Table_2.XLSX	Sheet1	GN3F + FRCOL								cefepime	<=	4		
35756053	Table_2.XLSX	Sheet1	GN3F + FRCOL								cephalothin	=	8		mic_sign '=' inferred
35756053	Table_2.XLSX	Sheet1	GN3F + FRCOL								meropenem	<=	1		
35756053	Table_2.XLSX	Sheet1	GN3F + FRCOL								ertapenem	<=	2		
35756053	Table_2.XLSX	Sheet1	GN3F + FRCOL								cefuroxime	<=	4		
35756053	Table_2.XLSX	Sheet1	GN3F + FRCOL								gentamicin	<=	2		
35756053	Table_2.XLSX	Sheet1	GN3F + FRCOL								ciprofloxacin	<=	0.5		
35756053	Table_2.XLSX	Sheet1	GN3F + FRCOL								piperacillin/tazobactam	<=	16/4		
35756053	Table_2.XLSX	Sheet1	GN3F + FRCOL								cefoxitin	<=	4		
35756053	Table_2.XLSX	Sheet1	GN3F + FRCOL								trimethoprim	<=	0.5/9.5		
35756053	Table_2.XLSX	Sheet1	GN3F + FRCOL								cefpodoxime	<=	2		
35756053	Table_2.XLSX	Sheet1	GN3F + FRCOL								ceftazidime	<=	1		
35756053	Table_2.XLSX	Sheet1	GN3F + FRCOL								tobramycin	<=	4		
35756053	Table_2.XLSX	Sheet1	GN3F + FRCOL								tigecycline	<=	1		
35756053	Table_2.XLSX	Sheet1	GN3F + FRCOL								ticarcillin/clavulanic acid	<=	16/2		
35756053	Table_2.XLSX	Sheet1	GN3F + FRCOL								ceftriaxone	<=	1		
35756053	Table_2.XLSX	Sheet1	GN3F + FRCOL								tetracycline	=	2		mic_sign '=' inferred
35756053	Table_2.XLSX	Sheet1	GN3F + FRCOL								colistin	=	0.25		mic_sign '=' inferred
35756053	Table_2.XLSX	Sheet1	GN3F + FRCOL								amikacin	<=	8		
35756053	Table_2.XLSX	Sheet1	GN3F + FRCOL								ampicillin	>	32		
35756053	Table_2.XLSX	Sheet1	GN3F + FRCOL								ampicillin/sulbactam	=	16/8		mic_sign '=' inferred
35756053	Table_2.XLSX	Sheet1	GN3F + FRCOL								aztreonam	<=	4		
35756053	Table_2.XLSX	Sheet1	GN3F + FRCOL								cefazolin	<=	4		
35756053	Table_2.XLSX	Sheet1	GN3F + FRCOL								cefepime	<=	4		
35756053	Table_2.XLSX	Sheet1	GN3F + FRCOL								cephalothin	=	8		mic_sign '=' inferred
35756053	Table_2.XLSX	Sheet1	GN3F + FRCOL								meropenem	<=	1		
35756053	Table_2.XLSX	Sheet1	GN3F + FRCOL								ertapenem	<=	2		
35756053	Table_2.XLSX	Sheet1	GN3F + FRCOL								cefuroxime	<=	4		
35756053	Table_2.XLSX	Sheet1	GN3F + FRCOL								gentamicin	<=	2		
35756053	Table_2.XLSX	Sheet1	GN3F + FRCOL								ciprofloxacin	<=	0.5		
35756053	Table_2.XLSX	Sheet1	GN3F + FRCOL								piperacillin/tazobactam	<=	16/4		
35756053	Table_2.XLSX	Sheet1	GN3F + FRCOL								cefoxitin	<=	4		
35756053	Table_2.XLSX	Sheet1	GN3F + FRCOL								trimethoprim	>	4/76		
35756053	Table_2.XLSX	Sheet1	GN3F + FRCOL								cefpodoxime	<=	2		
35756053	Table_2.XLSX	Sheet1	GN3F + FRCOL								ceftazidime	<=	1		
35756053	Table_2.XLSX	Sheet1	GN3F + FRCOL								tobramycin	<=	4		
35756053	Table_2.XLSX	Sheet1	GN3F + FRCOL								tigecycline	<=	1		
35756053	Table_2.XLSX	Sheet1	GN3F + FRCOL								ticarcillin/clavulanic acid	=	32/2		mic_sign '=' inferred
35756053	Table_2.XLSX	Sheet1	GN3F + FRCOL								ceftriaxone	<=	1		
35756053	Table_2.XLSX	Sheet1	GN3F + FRCOL								tetracycline	>	16		
35756053	Table_2.XLSX	Sheet1	GN3F + FRCOL								colistin	=	0.25		mic_sign '=' inferred
35756053	Table_2.XLSX	Sheet1	GN3F + FRCOL								amikacin	=	32		mic_sign '=' inferred
35756053	Table_2.XLSX	Sheet1	GN3F + FRCOL								ampicillin	>	32		
35756053	Table_2.XLSX	Sheet1	GN3F + FRCOL								ampicillin/sulbactam	=	16/8		mic_sign '=' inferred
35756053	Table_2.XLSX	Sheet1	GN3F + FRCOL								aztreonam	<=	4		
35756053	Table_2.XLSX	Sheet1	GN3F + FRCOL								cefazolin	<=	4		
35756053	Table_2.XLSX	Sheet1	GN3F + FRCOL								cefepime	<=	4		
35756053	Table_2.XLSX	Sheet1	GN3F + FRCOL								cephalothin	=	16		mic_sign '=' inferred
35756053	Table_2.XLSX	Sheet1	GN3F + FRCOL								meropenem	<=	1		
35756053	Table_2.XLSX	Sheet1	GN3F + FRCOL								ertapenem	<=	2		
35756053	Table_2.XLSX	Sheet1	GN3F + FRCOL								cefuroxime	<=	4		
35756053	Table_2.XLSX	Sheet1	GN3F + FRCOL								gentamicin	=	8		mic_sign '=' inferred
35756053	Table_2.XLSX	Sheet1	GN3F + FRCOL								ciprofloxacin	<=	0.5		
35756053	Table_2.XLSX	Sheet1	GN3F + FRCOL								piperacillin/tazobactam	<=	16/4		
35756053	Table_2.XLSX	Sheet1	GN3F + FRCOL								cefoxitin	<=	4		
35756053	Table_2.XLSX	Sheet1	GN3F + FRCOL								trimethoprim	>	4/76		
35756053	Table_2.XLSX	Sheet1	GN3F + FRCOL								cefpodoxime	<=	2		
35756053	Table_2.XLSX	Sheet1	GN3F + FRCOL								ceftazidime	<=	1		
35756053	Table_2.XLSX	Sheet1	GN3F + FRCOL								tobramycin	=	8		mic_sign '=' inferred
35756053	Table_2.XLSX	Sheet1	GN3F + FRCOL								tigecycline	<=	1		
35756053	Table_2.XLSX	Sheet1	GN3F + FRCOL								ticarcillin/clavulanic acid	<=	16/2		
35756053	Table_2.XLSX	Sheet1	GN3F + FRCOL								ceftriaxone	<=	1		
35756053	Table_2.XLSX	Sheet1	GN3F + FRCOL								tetracycline	>	16		
35756053	Table_2.XLSX	Sheet1	GN3F + FRCOL								colistin	=	0.5		mic_sign '=' inferred
35756053	Table_2.XLSX	Sheet1	GN3F + FRCOL								amikacin	<=	8		
35756053	Table_2.XLSX	Sheet1	GN3F + FRCOL								ampicillin	<=	4		
35756053	Table_2.XLSX	Sheet1	GN3F + FRCOL								ampicillin/sulbactam	<=	4/2		
35756053	Table_2.XLSX	Sheet1	GN3F + FRCOL								aztreonam	<=	4		
35756053	Table_2.XLSX	Sheet1	GN3F + FRCOL								cefazolin	<=	4		
35756053	Table_2.XLSX	Sheet1	GN3F + FRCOL								cefepime	<=	4		
35756053	Table_2.XLSX	Sheet1	GN3F + FRCOL								cephalothin	=	16		mic_sign '=' inferred
35756053	Table_2.XLSX	Sheet1	GN3F + FRCOL								meropenem	<=	1		
35756053	Table_2.XLSX	Sheet1	GN3F + FRCOL								ertapenem	<=	2		
35756053	Table_2.XLSX	Sheet1	GN3F + FRCOL								cefuroxime	<=	4		
35756053	Table_2.XLSX	Sheet1	GN3F + FRCOL								gentamicin	<=	2		
35756053	Table_2.XLSX	Sheet1	GN3F + FRCOL								ciprofloxacin	<=	0.5		
35756053	Table_2.XLSX	Sheet1	GN3F + FRCOL								piperacillin/tazobactam	<=	16/4		
35756053	Table_2.XLSX	Sheet1	GN3F + FRCOL								cefoxitin	<=	4		
35756053	Table_2.XLSX	Sheet1	GN3F + FRCOL								trimethoprim	<=	0.5/9.5		
35756053	Table_2.XLSX	Sheet1	GN3F + FRCOL								cefpodoxime	<=	2		
35756053	Table_2.XLSX	Sheet1	GN3F + FRCOL								ceftazidime	<=	1		
35756053	Table_2.XLSX	Sheet1	GN3F + FRCOL								tobramycin	<=	4		
35756053	Table_2.XLSX	Sheet1	GN3F + FRCOL								tigecycline	<=	1		
35756053	Table_2.XLSX	Sheet1	GN3F + FRCOL								ticarcillin/clavulanic acid	<=	16/2		
35756053	Table_2.XLSX	Sheet1	GN3F + FRCOL								ceftriaxone	<=	1		
35756053	Table_2.XLSX	Sheet1	GN3F + FRCOL								tetracycline	=	1		mic_sign '=' inferred
35756053	Table_2.XLSX	Sheet1	GN3F + FRCOL								colistin	=	0.5		mic_sign '=' inferred
35756053	Table_2.XLSX	Sheet1	GN3F + FRCOL								amikacin	<=	8		
35756053	Table_2.XLSX	Sheet1	GN3F + FRCOL								ampicillin	>	32		
35756053	Table_2.XLSX	Sheet1	GN3F + FRCOL								ampicillin/sulbactam	>	32/16		
35756053	Table_2.XLSX	Sheet1	GN3F + FRCOL								aztreonam	<=	4		
35756053	Table_2.XLSX	Sheet1	GN3F + FRCOL								cefazolin	=	8		mic_sign '=' inferred
35756053	Table_2.XLSX	Sheet1	GN3F + FRCOL								cefepime	<=	4		
35756053	Table_2.XLSX	Sheet1	GN3F + FRCOL								cephalothin	>	16		
35756053	Table_2.XLSX	Sheet1	GN3F + FRCOL								meropenem	<=	1		
35756053	Table_2.XLSX	Sheet1	GN3F + FRCOL								ertapenem	<=	2		
35756053	Table_2.XLSX	Sheet1	GN3F + FRCOL								cefuroxime	<=	4		
35756053	Table_2.XLSX	Sheet1	GN3F + FRCOL								gentamicin	<=	2		
35756053	Table_2.XLSX	Sheet1	GN3F + FRCOL								ciprofloxacin	<=	0.5		
35756053	Table_2.XLSX	Sheet1	GN3F + FRCOL								piperacillin/tazobactam	<=	16/4		
35756053	Table_2.XLSX	Sheet1	GN3F + FRCOL								cefoxitin	<=	4		
35756053	Table_2.XLSX	Sheet1	GN3F + FRCOL								trimethoprim	<=	0.5/9.5		
35756053	Table_2.XLSX	Sheet1	GN3F + FRCOL								cefpodoxime	<=	2		
35756053	Table_2.XLSX	Sheet1	GN3F + FRCOL								ceftazidime	<=	1		
35756053	Table_2.XLSX	Sheet1	GN3F + FRCOL								tobramycin	<=	4		
35756053	Table_2.XLSX	Sheet1	GN3F + FRCOL								tigecycline	<=	1		
35756053	Table_2.XLSX	Sheet1	GN3F + FRCOL								ticarcillin/clavulanic acid	=	64/2		mic_sign '=' inferred
35756053	Table_2.XLSX	Sheet1	GN3F + FRCOL								ceftriaxone	<=	1		
35756053	Table_2.XLSX	Sheet1	GN3F + FRCOL								tetracycline	=	1		mic_sign '=' inferred
35756053	Table_2.XLSX	Sheet1	GN3F + FRCOL								colistin	=	0.5		mic_sign '=' inferred
35756053	Table_2.XLSX	Sheet1	GN3F + FRCOL								amikacin	<=	8		
35756053	Table_2.XLSX	Sheet1	GN3F + FRCOL								ampicillin	>	32		
35756053	Table_2.XLSX	Sheet1	GN3F + FRCOL								ampicillin/sulbactam	=	8/4		mic_sign '=' inferred
35756053	Table_2.XLSX	Sheet1	GN3F + FRCOL								aztreonam	=	16		mic_sign '=' inferred
35756053	Table_2.XLSX	Sheet1	GN3F + FRCOL								cefazolin	>	32		
35756053	Table_2.XLSX	Sheet1	GN3F + FRCOL								cefepime	=	8		mic_sign '=' inferred
35756053	Table_2.XLSX	Sheet1	GN3F + FRCOL								cephalothin	>	16		
35756053	Table_2.XLSX	Sheet1	GN3F + FRCOL								meropenem	<=	1		
35756053	Table_2.XLSX	Sheet1	GN3F + FRCOL								ertapenem	<=	2		
35756053	Table_2.XLSX	Sheet1	GN3F + FRCOL								cefuroxime	>	32		
35756053	Table_2.XLSX	Sheet1	GN3F + FRCOL								gentamicin	<=	2		
35756053	Table_2.XLSX	Sheet1	GN3F + FRCOL								ciprofloxacin	>	4		
35756053	Table_2.XLSX	Sheet1	GN3F + FRCOL								piperacillin/tazobactam	<=	16/4		
35756053	Table_2.XLSX	Sheet1	GN3F + FRCOL								cefoxitin	=	16		mic_sign '=' inferred
35756053	Table_2.XLSX	Sheet1	GN3F + FRCOL								trimethoprim	<=	0.5/9.5		
35756053	Table_2.XLSX	Sheet1	GN3F + FRCOL								cefpodoxime	>	16		
35756053	Table_2.XLSX	Sheet1	GN3F + FRCOL								ceftazidime	=	8		mic_sign '=' inferred
35756053	Table_2.XLSX	Sheet1	GN3F + FRCOL								tobramycin	<=	4		
35756053	Table_2.XLSX	Sheet1	GN3F + FRCOL								tigecycline	<=	1		
35756053	Table_2.XLSX	Sheet1	GN3F + FRCOL								ticarcillin/clavulanic acid	<=	16/2		
35756053	Table_2.XLSX	Sheet1	GN3F + FRCOL								ceftriaxone	>	64		
35756053	Table_2.XLSX	Sheet1	GN3F + FRCOL								tetracycline	=	2		mic_sign '=' inferred
35756053	Table_2.XLSX	Sheet1	GN3F + FRCOL								colistin	=	0.5		mic_sign '=' inferred
35756053	Table_2.XLSX	Sheet1	GN3F + FRCOL								amikacin	<=	8		
35756053	Table_2.XLSX	Sheet1	GN3F + FRCOL								ampicillin	<=	4		
35756053	Table_2.XLSX	Sheet1	GN3F + FRCOL								ampicillin/sulbactam	<=	4/2		
35756053	Table_2.XLSX	Sheet1	GN3F + FRCOL								aztreonam	<=	4		
35756053	Table_2.XLSX	Sheet1	GN3F + FRCOL								cefazolin	<=	4		
35756053	Table_2.XLSX	Sheet1	GN3F + FRCOL								cefepime	<=	4		
35756053	Table_2.XLSX	Sheet1	GN3F + FRCOL								cephalothin	=	16		mic_sign '=' inferred
35756053	Table_2.XLSX	Sheet1	GN3F + FRCOL								meropenem	<=	1		
35756053	Table_2.XLSX	Sheet1	GN3F + FRCOL								ertapenem	<=	2		
35756053	Table_2.XLSX	Sheet1	GN3F + FRCOL								cefuroxime	=	8		mic_sign '=' inferred
35756053	Table_2.XLSX	Sheet1	GN3F + FRCOL								gentamicin	<=	2		
35756053	Table_2.XLSX	Sheet1	GN3F + FRCOL								ciprofloxacin	<=	0.5		
35756053	Table_2.XLSX	Sheet1	GN3F + FRCOL								piperacillin/tazobactam	<=	16/4		
35756053	Table_2.XLSX	Sheet1	GN3F + FRCOL								cefoxitin	=	8		mic_sign '=' inferred
35756053	Table_2.XLSX	Sheet1	GN3F + FRCOL								trimethoprim	<=	0.5/9.5		
35756053	Table_2.XLSX	Sheet1	GN3F + FRCOL								cefpodoxime	<=	2		
35756053	Table_2.XLSX	Sheet1	GN3F + FRCOL								ceftazidime	<=	1		
35756053	Table_2.XLSX	Sheet1	GN3F + FRCOL								tobramycin	<=	4		
35756053	Table_2.XLSX	Sheet1	GN3F + FRCOL								tigecycline	<=	1		
35756053	Table_2.XLSX	Sheet1	GN3F + FRCOL								ticarcillin/clavulanic acid	<=	16/2		
35756053	Table_2.XLSX	Sheet1	GN3F + FRCOL								ceftriaxone	<=	1		
35756053	Table_2.XLSX	Sheet1	GN3F + FRCOL								tetracycline	=	1		mic_sign '=' inferred
35756053	Table_2.XLSX	Sheet1	GN3F + FRCOL								colistin	=	0.25		mic_sign '=' inferred
35756053	Table_2.XLSX	Sheet1	GN3F + FRCOL								amikacin	<=	8		
35756053	Table_2.XLSX	Sheet1	GN3F + FRCOL								ampicillin	<=	4		
35756053	Table_2.XLSX	Sheet1	GN3F + FRCOL								ampicillin/sulbactam	<=	4/2		
35756053	Table_2.XLSX	Sheet1	GN3F + FRCOL								aztreonam	<=	4		
35756053	Table_2.XLSX	Sheet1	GN3F + FRCOL								cefazolin	<=	4		
35756053	Table_2.XLSX	Sheet1	GN3F + FRCOL								cefepime	<=	4		
35756053	Table_2.XLSX	Sheet1	GN3F + FRCOL								cephalothin	=	8		mic_sign '=' inferred
35756053	Table_2.XLSX	Sheet1	GN3F + FRCOL								meropenem	<=	1		
35756053	Table_2.XLSX	Sheet1	GN3F + FRCOL								ertapenem	<=	2		
35756053	Table_2.XLSX	Sheet1	GN3F + FRCOL								cefuroxime	<=	4		
35756053	Table_2.XLSX	Sheet1	GN3F + FRCOL								gentamicin	<=	2		
35756053	Table_2.XLSX	Sheet1	GN3F + FRCOL								ciprofloxacin	<=	0.5		
35756053	Table_2.XLSX	Sheet1	GN3F + FRCOL								piperacillin/tazobactam	<=	16/4		
35756053	Table_2.XLSX	Sheet1	GN3F + FRCOL								cefoxitin	<=	4		
35756053	Table_2.XLSX	Sheet1	GN3F + FRCOL								trimethoprim	<=	0.5/9.5		
35756053	Table_2.XLSX	Sheet1	GN3F + FRCOL								cefpodoxime	<=	2		
35756053	Table_2.XLSX	Sheet1	GN3F + FRCOL								ceftazidime	<=	1		
35756053	Table_2.XLSX	Sheet1	GN3F + FRCOL								tobramycin	<=	4		
35756053	Table_2.XLSX	Sheet1	GN3F + FRCOL								tigecycline	<=	1		
35756053	Table_2.XLSX	Sheet1	GN3F + FRCOL								ticarcillin/clavulanic acid	<=	16/2		
35756053	Table_2.XLSX	Sheet1	GN3F + FRCOL								ceftriaxone	<=	1		
35756053	Table_2.XLSX	Sheet1	GN3F + FRCOL								tetracycline	=	1		mic_sign '=' inferred
35756053	Table_2.XLSX	Sheet1	GN3F + FRCOL								colistin	=	0.25		mic_sign '=' inferred
35756053	Table_2.XLSX	Sheet1	GN3F + FRCOL								amikacin	<=	8		
35756053	Table_2.XLSX	Sheet1	GN3F + FRCOL								ampicillin	>	32		
35756053	Table_2.XLSX	Sheet1	GN3F + FRCOL								ampicillin/sulbactam	=	32/16		mic_sign '=' inferred
35756053	Table_2.XLSX	Sheet1	GN3F + FRCOL								aztreonam	<=	4		
35756053	Table_2.XLSX	Sheet1	GN3F + FRCOL								cefazolin	<=	4		
35756053	Table_2.XLSX	Sheet1	GN3F + FRCOL								cefepime	<=	4		
35756053	Table_2.XLSX	Sheet1	GN3F + FRCOL								cephalothin	=	16		mic_sign '=' inferred
35756053	Table_2.XLSX	Sheet1	GN3F + FRCOL								meropenem	<=	1		
35756053	Table_2.XLSX	Sheet1	GN3F + FRCOL								ertapenem	<=	2		
35756053	Table_2.XLSX	Sheet1	GN3F + FRCOL								cefuroxime	<=	4		
35756053	Table_2.XLSX	Sheet1	GN3F + FRCOL								gentamicin	<=	2		
35756053	Table_2.XLSX	Sheet1	GN3F + FRCOL								ciprofloxacin	<=	0.5		
35756053	Table_2.XLSX	Sheet1	GN3F + FRCOL								piperacillin/tazobactam	<=	16/4		
35756053	Table_2.XLSX	Sheet1	GN3F + FRCOL								cefoxitin	<=	4		
35756053	Table_2.XLSX	Sheet1	GN3F + FRCOL								trimethoprim	>	4/76		
35756053	Table_2.XLSX	Sheet1	GN3F + FRCOL								cefpodoxime	<=	2		
35756053	Table_2.XLSX	Sheet1	GN3F + FRCOL								ceftazidime	<=	1		
35756053	Table_2.XLSX	Sheet1	GN3F + FRCOL								tobramycin	<=	4		
35756053	Table_2.XLSX	Sheet1	GN3F + FRCOL								tigecycline	<=	1		
35756053	Table_2.XLSX	Sheet1	GN3F + FRCOL								ticarcillin/clavulanic acid	<=	16/2		
35756053	Table_2.XLSX	Sheet1	GN3F + FRCOL								ceftriaxone	<=	1		
35756053	Table_2.XLSX	Sheet1	GN3F + FRCOL								tetracycline	=	2		mic_sign '=' inferred
35756053	Table_2.XLSX	Sheet1	GN3F + FRCOL								colistin	=	0.5		mic_sign '=' inferred
35756053	Table_2.XLSX	Sheet1	GN3F + FRCOL								amikacin	<=	8		
35756053	Table_2.XLSX	Sheet1	GN3F + FRCOL								ampicillin	<=	4		
35756053	Table_2.XLSX	Sheet1	GN3F + FRCOL								ampicillin/sulbactam	<=	4/2		
35756053	Table_2.XLSX	Sheet1	GN3F + FRCOL								aztreonam	<=	4		
35756053	Table_2.XLSX	Sheet1	GN3F + FRCOL								cefazolin	<=	4		
35756053	Table_2.XLSX	Sheet1	GN3F + FRCOL								cefepime	<=	4		
35756053	Table_2.XLSX	Sheet1	GN3F + FRCOL								cephalothin	=	8		mic_sign '=' inferred
35756053	Table_2.XLSX	Sheet1	GN3F + FRCOL								meropenem	<=	1		
35756053	Table_2.XLSX	Sheet1	GN3F + FRCOL								ertapenem	<=	2		
35756053	Table_2.XLSX	Sheet1	GN3F + FRCOL								cefuroxime	<=	4		
35756053	Table_2.XLSX	Sheet1	GN3F + FRCOL								gentamicin	<=	2		
35756053	Table_2.XLSX	Sheet1	GN3F + FRCOL								ciprofloxacin	<=	0.5		
35756053	Table_2.XLSX	Sheet1	GN3F + FRCOL								piperacillin/tazobactam	<=	16/4		
35756053	Table_2.XLSX	Sheet1	GN3F + FRCOL								cefoxitin	<=	4		
35756053	Table_2.XLSX	Sheet1	GN3F + FRCOL								trimethoprim	<=	0.5/9.5		
35756053	Table_2.XLSX	Sheet1	GN3F + FRCOL								cefpodoxime	<=	2		
35756053	Table_2.XLSX	Sheet1	GN3F + FRCOL								ceftazidime	<=	1		
35756053	Table_2.XLSX	Sheet1	GN3F + FRCOL								tobramycin	<=	4		
35756053	Table_2.XLSX	Sheet1	GN3F + FRCOL								tigecycline	<=	1		
35756053	Table_2.XLSX	Sheet1	GN3F + FRCOL								ticarcillin/clavulanic acid	<=	16/2		
35756053	Table_2.XLSX	Sheet1	GN3F + FRCOL								ceftriaxone	<=	1		
35756053	Table_2.XLSX	Sheet1	GN3F + FRCOL								tetracycline	=	1		mic_sign '=' inferred
35756053	Table_2.XLSX	Sheet1	GN3F + FRCOL								colistin	=	0.25		mic_sign '=' inferred
35756053	Table_2.XLSX	Sheet1	GN3F + FRCOL								amikacin	<=	8		
35756053	Table_2.XLSX	Sheet1	GN3F + FRCOL								ampicillin	<=	4		
35756053	Table_2.XLSX	Sheet1	GN3F + FRCOL								ampicillin/sulbactam	<=	4/2		
35756053	Table_2.XLSX	Sheet1	GN3F + FRCOL								aztreonam	<=	4		
35756053	Table_2.XLSX	Sheet1	GN3F + FRCOL								cefazolin	<=	4		
35756053	Table_2.XLSX	Sheet1	GN3F + FRCOL								cefepime	<=	4		
35756053	Table_2.XLSX	Sheet1	GN3F + FRCOL								cephalothin	=	8		mic_sign '=' inferred
35756053	Table_2.XLSX	Sheet1	GN3F + FRCOL								meropenem	<=	1		
35756053	Table_2.XLSX	Sheet1	GN3F + FRCOL								ertapenem	<=	2		
35756053	Table_2.XLSX	Sheet1	GN3F + FRCOL								cefuroxime	<=	4		
35756053	Table_2.XLSX	Sheet1	GN3F + FRCOL								gentamicin	<=	2		
35756053	Table_2.XLSX	Sheet1	GN3F + FRCOL								ciprofloxacin	<=	0.5		
35756053	Table_2.XLSX	Sheet1	GN3F + FRCOL								piperacillin/tazobactam	<=	16/4		
35756053	Table_2.XLSX	Sheet1	GN3F + FRCOL								cefoxitin	<=	4		
35756053	Table_2.XLSX	Sheet1	GN3F + FRCOL								trimethoprim	<=	0.5/9.5		
35756053	Table_2.XLSX	Sheet1	GN3F + FRCOL								cefpodoxime	<=	2		
35756053	Table_2.XLSX	Sheet1	GN3F + FRCOL								ceftazidime	<=	1		
35756053	Table_2.XLSX	Sheet1	GN3F + FRCOL								tobramycin	<=	4		
35756053	Table_2.XLSX	Sheet1	GN3F + FRCOL								tigecycline	<=	1		
35756053	Table_2.XLSX	Sheet1	GN3F + FRCOL								ticarcillin/clavulanic acid	<=	16/2		
35756053	Table_2.XLSX	Sheet1	GN3F + FRCOL								ceftriaxone	<=	1		
35756053	Table_2.XLSX	Sheet1	GN3F + FRCOL								tetracycline	=	2		mic_sign '=' inferred
35756053	Table_2.XLSX	Sheet1	GN3F + FRCOL								colistin	=	0.5		mic_sign '=' inferred
35756053	Table_2.XLSX	Sheet1	GN3F + FRCOL								amikacin	<=	8		
35756053	Table_2.XLSX	Sheet1	GN3F + FRCOL								ampicillin	<=	4		
35756053	Table_2.XLSX	Sheet1	GN3F + FRCOL								ampicillin/sulbactam	<=	4/2		
35756053	Table_2.XLSX	Sheet1	GN3F + FRCOL								aztreonam	<=	4		
35756053	Table_2.XLSX	Sheet1	GN3F + FRCOL								cefazolin	<=	4		
35756053	Table_2.XLSX	Sheet1	GN3F + FRCOL								cefepime	<=	4		
35756053	Table_2.XLSX	Sheet1	GN3F + FRCOL								cephalothin	=	8		mic_sign '=' inferred
35756053	Table_2.XLSX	Sheet1	GN3F + FRCOL								meropenem	<=	1		
35756053	Table_2.XLSX	Sheet1	GN3F + FRCOL								ertapenem	<=	2		
35756053	Table_2.XLSX	Sheet1	GN3F + FRCOL								cefuroxime	=	8		mic_sign '=' inferred
35756053	Table_2.XLSX	Sheet1	GN3F + FRCOL								gentamicin	<=	2		
35756053	Table_2.XLSX	Sheet1	GN3F + FRCOL								ciprofloxacin	<=	0.5		
35756053	Table_2.XLSX	Sheet1	GN3F + FRCOL								piperacillin/tazobactam	<=	16/4		
35756053	Table_2.XLSX	Sheet1	GN3F + FRCOL								cefoxitin	=	8		mic_sign '=' inferred
35756053	Table_2.XLSX	Sheet1	GN3F + FRCOL								trimethoprim	<=	0.5/9.5		
35756053	Table_2.XLSX	Sheet1	GN3F + FRCOL								cefpodoxime	<=	2		
35756053	Table_2.XLSX	Sheet1	GN3F + FRCOL								ceftazidime	<=	1		
35756053	Table_2.XLSX	Sheet1	GN3F + FRCOL								tobramycin	<=	4		
35756053	Table_2.XLSX	Sheet1	GN3F + FRCOL								tigecycline	<=	1		
35756053	Table_2.XLSX	Sheet1	GN3F + FRCOL								ticarcillin/clavulanic acid	<=	16/2		
35756053	Table_2.XLSX	Sheet1	GN3F + FRCOL								ceftriaxone	<=	1		
35756053	Table_2.XLSX	Sheet1	GN3F + FRCOL								tetracycline	=	2		mic_sign '=' inferred
35756053	Table_2.XLSX	Sheet1	GN3F + FRCOL								colistin	=	0.5		mic_sign '=' inferred
35756053	Table_2.XLSX	Sheet1	GN3F + FRCOL								amikacin	<=	8		
35756053	Table_2.XLSX	Sheet1	GN3F + FRCOL								ampicillin	<=	4		
35756053	Table_2.XLSX	Sheet1	GN3F + FRCOL								ampicillin/sulbactam	<=	4/2		
35756053	Table_2.XLSX	Sheet1	GN3F + FRCOL								aztreonam	<=	4		
35756053	Table_2.XLSX	Sheet1	GN3F + FRCOL								cefazolin	<=	4		
35756053	Table_2.XLSX	Sheet1	GN3F + FRCOL								cefepime	<=	4		
35756053	Table_2.XLSX	Sheet1	GN3F + FRCOL								cephalothin	=	4		mic_sign '=' inferred
35756053	Table_2.XLSX	Sheet1	GN3F + FRCOL								meropenem	<=	1		
35756053	Table_2.XLSX	Sheet1	GN3F + FRCOL								ertapenem	<=	2		
35756053	Table_2.XLSX	Sheet1	GN3F + FRCOL								cefuroxime	<=	4		
35756053	Table_2.XLSX	Sheet1	GN3F + FRCOL								gentamicin	<=	2		
35756053	Table_2.XLSX	Sheet1	GN3F + FRCOL								ciprofloxacin	<=	0.5		
35756053	Table_2.XLSX	Sheet1	GN3F + FRCOL								piperacillin/tazobactam	<=	16/4		
35756053	Table_2.XLSX	Sheet1	GN3F + FRCOL								cefoxitin	<=	4		
35756053	Table_2.XLSX	Sheet1	GN3F + FRCOL								trimethoprim	<=	0.5/9.5		
35756053	Table_2.XLSX	Sheet1	GN3F + FRCOL								cefpodoxime	<=	2		
35756053	Table_2.XLSX	Sheet1	GN3F + FRCOL								ceftazidime	<=	1		
35756053	Table_2.XLSX	Sheet1	GN3F + FRCOL								tobramycin	<=	4		
35756053	Table_2.XLSX	Sheet1	GN3F + FRCOL								tigecycline	<=	1		
35756053	Table_2.XLSX	Sheet1	GN3F + FRCOL								ticarcillin/clavulanic acid	<=	16/2		
35756053	Table_2.XLSX	Sheet1	GN3F + FRCOL								ceftriaxone	<=	1		
35756053	Table_2.XLSX	Sheet1	GN3F + FRCOL								tetracycline	=	1		mic_sign '=' inferred
35756053	Table_2.XLSX	Sheet1	GN3F + FRCOL								colistin	=	0.5		mic_sign '=' inferred
35756053	Table_2.XLSX	Sheet1	GN3F + FRCOL								amikacin	<=	8		
35756053	Table_2.XLSX	Sheet1	GN3F + FRCOL								ampicillin	<=	4		
35756053	Table_2.XLSX	Sheet1	GN3F + FRCOL								ampicillin/sulbactam	<=	4/2		
35756053	Table_2.XLSX	Sheet1	GN3F + FRCOL								aztreonam	<=	4		
35756053	Table_2.XLSX	Sheet1	GN3F + FRCOL								cefazolin	<=	4		
35756053	Table_2.XLSX	Sheet1	GN3F + FRCOL								cefepime	<=	4		
35756053	Table_2.XLSX	Sheet1	GN3F + FRCOL								cephalothin	=	8		mic_sign '=' inferred
35756053	Table_2.XLSX	Sheet1	GN3F + FRCOL								meropenem	<=	1		
35756053	Table_2.XLSX	Sheet1	GN3F + FRCOL								ertapenem	<=	2		
35756053	Table_2.XLSX	Sheet1	GN3F + FRCOL								cefuroxime	<=	4		
35756053	Table_2.XLSX	Sheet1	GN3F + FRCOL								gentamicin	<=	2		
35756053	Table_2.XLSX	Sheet1	GN3F + FRCOL								ciprofloxacin	<=	0.5		
35756053	Table_2.XLSX	Sheet1	GN3F + FRCOL								piperacillin/tazobactam	<=	16/4		
35756053	Table_2.XLSX	Sheet1	GN3F + FRCOL								cefoxitin	<=	4		
35756053	Table_2.XLSX	Sheet1	GN3F + FRCOL								trimethoprim	<=	0.5/9.5		
35756053	Table_2.XLSX	Sheet1	GN3F + FRCOL								cefpodoxime	<=	2		
35756053	Table_2.XLSX	Sheet1	GN3F + FRCOL								ceftazidime	<=	1		
35756053	Table_2.XLSX	Sheet1	GN3F + FRCOL								tobramycin	<=	4		
35756053	Table_2.XLSX	Sheet1	GN3F + FRCOL								tigecycline	<=	1		
35756053	Table_2.XLSX	Sheet1	GN3F + FRCOL								ticarcillin/clavulanic acid	<=	16/2		
35756053	Table_2.XLSX	Sheet1	GN3F + FRCOL								ceftriaxone	<=	1		
35756053	Table_2.XLSX	Sheet1	GN3F + FRCOL								tetracycline	=	1		mic_sign '=' inferred
35756053	Table_2.XLSX	Sheet1	GN3F + FRCOL								colistin	=	0.25		mic_sign '=' inferred
35756053	Table_2.XLSX	Sheet1	GN3F + FRCOL								amikacin	<=	8		
35756053	Table_2.XLSX	Sheet1	GN3F + FRCOL								ampicillin	<=	4		
35756053	Table_2.XLSX	Sheet1	GN3F + FRCOL								ampicillin/sulbactam	<=	4/2		
35756053	Table_2.XLSX	Sheet1	GN3F + FRCOL								aztreonam	<=	4		
35756053	Table_2.XLSX	Sheet1	GN3F + FRCOL								cefazolin	<=	4		
35756053	Table_2.XLSX	Sheet1	GN3F + FRCOL								cefepime	<=	4		
35756053	Table_2.XLSX	Sheet1	GN3F + FRCOL								cephalothin	=	16		mic_sign '=' inferred
35756053	Table_2.XLSX	Sheet1	GN3F + FRCOL								meropenem	<=	1		
35756053	Table_2.XLSX	Sheet1	GN3F + FRCOL								ertapenem	<=	2		
35756053	Table_2.XLSX	Sheet1	GN3F + FRCOL								cefuroxime	<=	4		
35756053	Table_2.XLSX	Sheet1	GN3F + FRCOL								gentamicin	<=	2		
35756053	Table_2.XLSX	Sheet1	GN3F + FRCOL								ciprofloxacin	<=	0.5		
35756053	Table_2.XLSX	Sheet1	GN3F + FRCOL								piperacillin/tazobactam	<=	16/4		
35756053	Table_2.XLSX	Sheet1	GN3F + FRCOL								cefoxitin	=	8		mic_sign '=' inferred
35756053	Table_2.XLSX	Sheet1	GN3F + FRCOL								trimethoprim	<=	0.5/9.5		
35756053	Table_2.XLSX	Sheet1	GN3F + FRCOL								cefpodoxime	<=	2		
35756053	Table_2.XLSX	Sheet1	GN3F + FRCOL								ceftazidime	<=	1		
35756053	Table_2.XLSX	Sheet1	GN3F + FRCOL								tobramycin	<=	4		
35756053	Table_2.XLSX	Sheet1	GN3F + FRCOL								tigecycline	<=	1		
35756053	Table_2.XLSX	Sheet1	GN3F + FRCOL								ticarcillin/clavulanic acid	<=	16/2		
35756053	Table_2.XLSX	Sheet1	GN3F + FRCOL								ceftriaxone	<=	1		
35756053	Table_2.XLSX	Sheet1	GN3F + FRCOL								tetracycline	=	2		mic_sign '=' inferred
35756053	Table_2.XLSX	Sheet1	GN3F + FRCOL								colistin	=	0.25		mic_sign '=' inferred
35756053	Table_2.XLSX	Sheet1	GN3F + FRCOL								amikacin	<=	8		
35756053	Table_2.XLSX	Sheet1	GN3F + FRCOL								ampicillin	<=	4		
35756053	Table_2.XLSX	Sheet1	GN3F + FRCOL								ampicillin/sulbactam	<=	4/2		
35756053	Table_2.XLSX	Sheet1	GN3F + FRCOL								aztreonam	<=	4		
35756053	Table_2.XLSX	Sheet1	GN3F + FRCOL								cefazolin	<=	4		
35756053	Table_2.XLSX	Sheet1	GN3F + FRCOL								cefepime	<=	4		
35756053	Table_2.XLSX	Sheet1	GN3F + FRCOL								cephalothin	=	16		mic_sign '=' inferred
35756053	Table_2.XLSX	Sheet1	GN3F + FRCOL								meropenem	<=	1		
35756053	Table_2.XLSX	Sheet1	GN3F + FRCOL								ertapenem	<=	2		
35756053	Table_2.XLSX	Sheet1	GN3F + FRCOL								cefuroxime	=	8		mic_sign '=' inferred
35756053	Table_2.XLSX	Sheet1	GN3F + FRCOL								gentamicin	<=	2		
35756053	Table_2.XLSX	Sheet1	GN3F + FRCOL								ciprofloxacin	<=	0.5		
35756053	Table_2.XLSX	Sheet1	GN3F + FRCOL								piperacillin/tazobactam	<=	16/4		
35756053	Table_2.XLSX	Sheet1	GN3F + FRCOL								cefoxitin	=	8		mic_sign '=' inferred
35756053	Table_2.XLSX	Sheet1	GN3F + FRCOL								trimethoprim	<=	0.5/9.5		
35756053	Table_2.XLSX	Sheet1	GN3F + FRCOL								cefpodoxime	<=	2		
35756053	Table_2.XLSX	Sheet1	GN3F + FRCOL								ceftazidime	<=	1		
35756053	Table_2.XLSX	Sheet1	GN3F + FRCOL								tobramycin	<=	4		
35756053	Table_2.XLSX	Sheet1	GN3F + FRCOL								tigecycline	<=	1		
35756053	Table_2.XLSX	Sheet1	GN3F + FRCOL								ticarcillin/clavulanic acid	<=	16/2		
35756053	Table_2.XLSX	Sheet1	GN3F + FRCOL								ceftriaxone	<=	1		
35756053	Table_2.XLSX	Sheet1	GN3F + FRCOL								tetracycline	=	2		mic_sign '=' inferred
35756053	Table_2.XLSX	Sheet1	GN3F + FRCOL								colistin	=	0.25		mic_sign '=' inferred
35756053	Table_2.XLSX	Sheet1	GN3F + FRCOL								amikacin	<=	8		
35756053	Table_2.XLSX	Sheet1	GN3F + FRCOL								ampicillin	<=	4		
35756053	Table_2.XLSX	Sheet1	GN3F + FRCOL								ampicillin/sulbactam	<=	4/2		
35756053	Table_2.XLSX	Sheet1	GN3F + FRCOL								aztreonam	<=	4		
35756053	Table_2.XLSX	Sheet1	GN3F + FRCOL								cefazolin	<=	4		
35756053	Table_2.XLSX	Sheet1	GN3F + FRCOL								cefepime	<=	4		
35756053	Table_2.XLSX	Sheet1	GN3F + FRCOL								cephalothin	=	8		mic_sign '=' inferred
35756053	Table_2.XLSX	Sheet1	GN3F + FRCOL								meropenem	<=	1		
35756053	Table_2.XLSX	Sheet1	GN3F + FRCOL								ertapenem	<=	2		
35756053	Table_2.XLSX	Sheet1	GN3F + FRCOL								cefuroxime	<=	4		
35756053	Table_2.XLSX	Sheet1	GN3F + FRCOL								gentamicin	<=	2		
35756053	Table_2.XLSX	Sheet1	GN3F + FRCOL								ciprofloxacin	<=	0.5		
35756053	Table_2.XLSX	Sheet1	GN3F + FRCOL								piperacillin/tazobactam	<=	16/4		
35756053	Table_2.XLSX	Sheet1	GN3F + FRCOL								cefoxitin	<=	4		
35756053	Table_2.XLSX	Sheet1	GN3F + FRCOL								trimethoprim	<=	0.5/9.5		
35756053	Table_2.XLSX	Sheet1	GN3F + FRCOL								cefpodoxime	<=	2		
35756053	Table_2.XLSX	Sheet1	GN3F + FRCOL								ceftazidime	<=	1		
35756053	Table_2.XLSX	Sheet1	GN3F + FRCOL								tobramycin	<=	4		
35756053	Table_2.XLSX	Sheet1	GN3F + FRCOL								tigecycline	<=	1		
35756053	Table_2.XLSX	Sheet1	GN3F + FRCOL								ticarcillin/clavulanic acid	<=	16/2		
35756053	Table_2.XLSX	Sheet1	GN3F + FRCOL								ceftriaxone	<=	1		
35756053	Table_2.XLSX	Sheet1	GN3F + FRCOL								tetracycline	=	1		mic_sign '=' inferred
35756053	Table_2.XLSX	Sheet1	GN3F + FRCOL								colistin	=	0.25		mic_sign '=' inferred
35756053	Table_2.XLSX	Sheet1	GN3F + FRCOL								amikacin	<=	8		
35756053	Table_2.XLSX	Sheet1	GN3F + FRCOL								ampicillin	<=	4		
35756053	Table_2.XLSX	Sheet1	GN3F + FRCOL								ampicillin/sulbactam	<=	4/2		
35756053	Table_2.XLSX	Sheet1	GN3F + FRCOL								aztreonam	<=	4		
35756053	Table_2.XLSX	Sheet1	GN3F + FRCOL								cefazolin	<=	4		
35756053	Table_2.XLSX	Sheet1	GN3F + FRCOL								cefepime	<=	4		
35756053	Table_2.XLSX	Sheet1	GN3F + FRCOL								cephalothin	=	8		mic_sign '=' inferred
35756053	Table_2.XLSX	Sheet1	GN3F + FRCOL								meropenem	<=	1		
35756053	Table_2.XLSX	Sheet1	GN3F + FRCOL								ertapenem	<=	2		
35756053	Table_2.XLSX	Sheet1	GN3F + FRCOL								cefuroxime	<=	4		
35756053	Table_2.XLSX	Sheet1	GN3F + FRCOL								gentamicin	<=	2		
35756053	Table_2.XLSX	Sheet1	GN3F + FRCOL								ciprofloxacin	<=	0.5		
35756053	Table_2.XLSX	Sheet1	GN3F + FRCOL								piperacillin/tazobactam	<=	16/4		
35756053	Table_2.XLSX	Sheet1	GN3F + FRCOL								cefoxitin	<=	4		
35756053	Table_2.XLSX	Sheet1	GN3F + FRCOL								trimethoprim	<=	0.5/9.5		
35756053	Table_2.XLSX	Sheet1	GN3F + FRCOL								cefpodoxime	<=	2		
35756053	Table_2.XLSX	Sheet1	GN3F + FRCOL								ceftazidime	<=	1		
35756053	Table_2.XLSX	Sheet1	GN3F + FRCOL								tobramycin	<=	4		
35756053	Table_2.XLSX	Sheet1	GN3F + FRCOL								tigecycline	<=	1		
35756053	Table_2.XLSX	Sheet1	GN3F + FRCOL								ticarcillin/clavulanic acid	<=	16/2		
35756053	Table_2.XLSX	Sheet1	GN3F + FRCOL								ceftriaxone	<=	1		
35756053	Table_2.XLSX	Sheet1	GN3F + FRCOL								tetracycline	<=	0.5		
35756053	Table_2.XLSX	Sheet1	GN3F + FRCOL								colistin	=	0.25		mic_sign '=' inferred
35756053	Table_2.XLSX	Sheet1	GN3F + FRCOL								amikacin	<=	8		
35756053	Table_2.XLSX	Sheet1	GN3F + FRCOL								ampicillin	>	32		
35756053	Table_2.XLSX	Sheet1	GN3F + FRCOL								ampicillin/sulbactam	=	16/8		mic_sign '=' inferred
35756053	Table_2.XLSX	Sheet1	GN3F + FRCOL								aztreonam	<=	4		
35756053	Table_2.XLSX	Sheet1	GN3F + FRCOL								cefazolin	<=	4		
35756053	Table_2.XLSX	Sheet1	GN3F + FRCOL								cefepime	<=	4		
35756053	Table_2.XLSX	Sheet1	GN3F + FRCOL								cephalothin	=	4		mic_sign '=' inferred
35756053	Table_2.XLSX	Sheet1	GN3F + FRCOL								meropenem	<=	1		
35756053	Table_2.XLSX	Sheet1	GN3F + FRCOL								ertapenem	<=	2		
35756053	Table_2.XLSX	Sheet1	GN3F + FRCOL								cefuroxime	<=	4		
35756053	Table_2.XLSX	Sheet1	GN3F + FRCOL								gentamicin	<=	2		
35756053	Table_2.XLSX	Sheet1	GN3F + FRCOL								ciprofloxacin	<=	0.5		
35756053	Table_2.XLSX	Sheet1	GN3F + FRCOL								piperacillin/tazobactam	<=	16/4		
35756053	Table_2.XLSX	Sheet1	GN3F + FRCOL								cefoxitin	<=	4		
35756053	Table_2.XLSX	Sheet1	GN3F + FRCOL								trimethoprim	>	4/76		
35756053	Table_2.XLSX	Sheet1	GN3F + FRCOL								cefpodoxime	<=	2		
35756053	Table_2.XLSX	Sheet1	GN3F + FRCOL								ceftazidime	<=	1		
35756053	Table_2.XLSX	Sheet1	GN3F + FRCOL								tobramycin	<=	4		
35756053	Table_2.XLSX	Sheet1	GN3F + FRCOL								tigecycline	<=	1		
35756053	Table_2.XLSX	Sheet1	GN3F + FRCOL								ticarcillin/clavulanic acid	<=	16/2		
35756053	Table_2.XLSX	Sheet1	GN3F + FRCOL								ceftriaxone	<=	1		
35756053	Table_2.XLSX	Sheet1	GN3F + FRCOL								tetracycline	>	16		
35756053	Table_2.XLSX	Sheet1	GN3F + FRCOL								colistin	=	0.5		mic_sign '=' inferred
35756053	Table_2.XLSX	Sheet1	GN3F + FRCOL								amikacin	<=	8		
35756053	Table_2.XLSX	Sheet1	GN3F + FRCOL								ampicillin	<=	4		
35756053	Table_2.XLSX	Sheet1	GN3F + FRCOL								ampicillin/sulbactam	<=	4/2		
35756053	Table_2.XLSX	Sheet1	GN3F + FRCOL								aztreonam	<=	4		
35756053	Table_2.XLSX	Sheet1	GN3F + FRCOL								cefazolin	<=	4		
35756053	Table_2.XLSX	Sheet1	GN3F + FRCOL								cefepime	<=	4		
35756053	Table_2.XLSX	Sheet1	GN3F + FRCOL								cephalothin	=	16		mic_sign '=' inferred
35756053	Table_2.XLSX	Sheet1	GN3F + FRCOL								meropenem	<=	1		
35756053	Table_2.XLSX	Sheet1	GN3F + FRCOL								ertapenem	<=	2		
35756053	Table_2.XLSX	Sheet1	GN3F + FRCOL								cefuroxime	<=	4		
35756053	Table_2.XLSX	Sheet1	GN3F + FRCOL								gentamicin	<=	2		
35756053	Table_2.XLSX	Sheet1	GN3F + FRCOL								ciprofloxacin	<=	0.5		
35756053	Table_2.XLSX	Sheet1	GN3F + FRCOL								piperacillin/tazobactam	<=	16/4		
35756053	Table_2.XLSX	Sheet1	GN3F + FRCOL								cefoxitin	=	8		mic_sign '=' inferred
35756053	Table_2.XLSX	Sheet1	GN3F + FRCOL								trimethoprim	<=	0.5/9.5		
35756053	Table_2.XLSX	Sheet1	GN3F + FRCOL								cefpodoxime	<=	2		
35756053	Table_2.XLSX	Sheet1	GN3F + FRCOL								ceftazidime	<=	1		
35756053	Table_2.XLSX	Sheet1	GN3F + FRCOL								tobramycin	<=	4		
35756053	Table_2.XLSX	Sheet1	GN3F + FRCOL								tigecycline	<=	1		
35756053	Table_2.XLSX	Sheet1	GN3F + FRCOL								ticarcillin/clavulanic acid	<=	16/2		
35756053	Table_2.XLSX	Sheet1	GN3F + FRCOL								ceftriaxone	<=	1		
35756053	Table_2.XLSX	Sheet1	GN3F + FRCOL								tetracycline	=	2		mic_sign '=' inferred
35756053	Table_2.XLSX	Sheet1	GN3F + FRCOL								colistin	=	0.25		mic_sign '=' inferred
35756053	Table_2.XLSX	Sheet1	GN3F + FRCOL								amikacin	<=	8		
35756053	Table_2.XLSX	Sheet1	GN3F + FRCOL								ampicillin	<=	4		
35756053	Table_2.XLSX	Sheet1	GN3F + FRCOL								ampicillin/sulbactam	<=	4/2		
35756053	Table_2.XLSX	Sheet1	GN3F + FRCOL								aztreonam	<=	4		
35756053	Table_2.XLSX	Sheet1	GN3F + FRCOL								cefazolin	<=	4		
35756053	Table_2.XLSX	Sheet1	GN3F + FRCOL								cefepime	<=	4		
35756053	Table_2.XLSX	Sheet1	GN3F + FRCOL								cephalothin	=	16		mic_sign '=' inferred
35756053	Table_2.XLSX	Sheet1	GN3F + FRCOL								meropenem	<=	1		
35756053	Table_2.XLSX	Sheet1	GN3F + FRCOL								ertapenem	<=	2		
35756053	Table_2.XLSX	Sheet1	GN3F + FRCOL								cefuroxime	<=	4		
35756053	Table_2.XLSX	Sheet1	GN3F + FRCOL								gentamicin	<=	2		
35756053	Table_2.XLSX	Sheet1	GN3F + FRCOL								ciprofloxacin	<=	0.5		
35756053	Table_2.XLSX	Sheet1	GN3F + FRCOL								piperacillin/tazobactam	<=	16/4		
35756053	Table_2.XLSX	Sheet1	GN3F + FRCOL								cefoxitin	<=	4		
35756053	Table_2.XLSX	Sheet1	GN3F + FRCOL								trimethoprim	<=	0.5/9.5		
35756053	Table_2.XLSX	Sheet1	GN3F + FRCOL								cefpodoxime	<=	2		
35756053	Table_2.XLSX	Sheet1	GN3F + FRCOL								ceftazidime	<=	1		
35756053	Table_2.XLSX	Sheet1	GN3F + FRCOL								tobramycin	<=	4		
35756053	Table_2.XLSX	Sheet1	GN3F + FRCOL								tigecycline	<=	1		
35756053	Table_2.XLSX	Sheet1	GN3F + FRCOL								ticarcillin/clavulanic acid	<=	16/2		
35756053	Table_2.XLSX	Sheet1	GN3F + FRCOL								ceftriaxone	<=	1		
35756053	Table_2.XLSX	Sheet1	GN3F + FRCOL								tetracycline	>	16		
35756053	Table_2.XLSX	Sheet1	GN3F + FRCOL								colistin	=	0.5		mic_sign '=' inferred
35756053	Table_2.XLSX	Sheet1	GN3F + FRCOL								amikacin	<=	8		
35756053	Table_2.XLSX	Sheet1	GN3F + FRCOL								ampicillin	=	8		mic_sign '=' inferred
35756053	Table_2.XLSX	Sheet1	GN3F + FRCOL								ampicillin/sulbactam	<=	4/2		
35756053	Table_2.XLSX	Sheet1	GN3F + FRCOL								aztreonam	<=	4		
35756053	Table_2.XLSX	Sheet1	GN3F + FRCOL								cefazolin	<=	4		
35756053	Table_2.XLSX	Sheet1	GN3F + FRCOL								cefepime	<=	4		
35756053	Table_2.XLSX	Sheet1	GN3F + FRCOL								cephalothin	=	16		mic_sign '=' inferred
35756053	Table_2.XLSX	Sheet1	GN3F + FRCOL								meropenem	<=	1		
35756053	Table_2.XLSX	Sheet1	GN3F + FRCOL								ertapenem	<=	2		
35756053	Table_2.XLSX	Sheet1	GN3F + FRCOL								cefuroxime	=	8		mic_sign '=' inferred
35756053	Table_2.XLSX	Sheet1	GN3F + FRCOL								gentamicin	<=	2		
35756053	Table_2.XLSX	Sheet1	GN3F + FRCOL								ciprofloxacin	<=	0.5		
35756053	Table_2.XLSX	Sheet1	GN3F + FRCOL								piperacillin/tazobactam	<=	16/4		
35756053	Table_2.XLSX	Sheet1	GN3F + FRCOL								cefoxitin	=	8		mic_sign '=' inferred
35756053	Table_2.XLSX	Sheet1	GN3F + FRCOL								trimethoprim	<=	0.5/9.5		
35756053	Table_2.XLSX	Sheet1	GN3F + FRCOL								cefpodoxime	<=	2		
35756053	Table_2.XLSX	Sheet1	GN3F + FRCOL								ceftazidime	<=	1		
35756053	Table_2.XLSX	Sheet1	GN3F + FRCOL								tobramycin	<=	4		
35756053	Table_2.XLSX	Sheet1	GN3F + FRCOL								tigecycline	<=	1		
35756053	Table_2.XLSX	Sheet1	GN3F + FRCOL								ticarcillin/clavulanic acid	<=	16/2		
35756053	Table_2.XLSX	Sheet1	GN3F + FRCOL								ceftriaxone	<=	1		
35756053	Table_2.XLSX	Sheet1	GN3F + FRCOL								tetracycline	=	2		mic_sign '=' inferred
35756053	Table_2.XLSX	Sheet1	GN3F + FRCOL								colistin	=	0.5		mic_sign '=' inferred
35756053	Table_2.XLSX	Sheet1	GN3F + FRCOL								amikacin	<=	8		
35756053	Table_2.XLSX	Sheet1	GN3F + FRCOL								ampicillin	>	32		
35756053	Table_2.XLSX	Sheet1	GN3F + FRCOL								ampicillin/sulbactam	=	16/8		mic_sign '=' inferred
35756053	Table_2.XLSX	Sheet1	GN3F + FRCOL								aztreonam	<=	4		
35756053	Table_2.XLSX	Sheet1	GN3F + FRCOL								cefazolin	=	8		mic_sign '=' inferred
35756053	Table_2.XLSX	Sheet1	GN3F + FRCOL								cefepime	<=	4		
35756053	Table_2.XLSX	Sheet1	GN3F + FRCOL								cephalothin	>	16		
35756053	Table_2.XLSX	Sheet1	GN3F + FRCOL								meropenem	<=	1		
35756053	Table_2.XLSX	Sheet1	GN3F + FRCOL								ertapenem	<=	2		
35756053	Table_2.XLSX	Sheet1	GN3F + FRCOL								cefuroxime	<=	4		
35756053	Table_2.XLSX	Sheet1	GN3F + FRCOL								gentamicin	<=	2		
35756053	Table_2.XLSX	Sheet1	GN3F + FRCOL								ciprofloxacin	<=	0.5		
35756053	Table_2.XLSX	Sheet1	GN3F + FRCOL								piperacillin/tazobactam	<=	16/4		
35756053	Table_2.XLSX	Sheet1	GN3F + FRCOL								cefoxitin	=	8		mic_sign '=' inferred
35756053	Table_2.XLSX	Sheet1	GN3F + FRCOL								trimethoprim	>	4/76		
35756053	Table_2.XLSX	Sheet1	GN3F + FRCOL								cefpodoxime	<=	2		
35756053	Table_2.XLSX	Sheet1	GN3F + FRCOL								ceftazidime	<=	1		
35756053	Table_2.XLSX	Sheet1	GN3F + FRCOL								tobramycin	<=	4		
35756053	Table_2.XLSX	Sheet1	GN3F + FRCOL								tigecycline	<=	1		
35756053	Table_2.XLSX	Sheet1	GN3F + FRCOL								ticarcillin/clavulanic acid	<=	16/2		
35756053	Table_2.XLSX	Sheet1	GN3F + FRCOL								ceftriaxone	<=	1		
35756053	Table_2.XLSX	Sheet1	GN3F + FRCOL								tetracycline	=	1		mic_sign '=' inferred
35756053	Table_2.XLSX	Sheet1	GN3F + FRCOL								colistin	=	0.25		mic_sign '=' inferred
35756053	Table_2.XLSX	Sheet1	GN3F + FRCOL								amikacin	<=	8		
35756053	Table_2.XLSX	Sheet1	GN3F + FRCOL								ampicillin	<=	4		
35756053	Table_2.XLSX	Sheet1	GN3F + FRCOL								ampicillin/sulbactam	<=	4/2		
35756053	Table_2.XLSX	Sheet1	GN3F + FRCOL								aztreonam	<=	4		
35756053	Table_2.XLSX	Sheet1	GN3F + FRCOL								cefazolin	<=	4		
35756053	Table_2.XLSX	Sheet1	GN3F + FRCOL								cefepime	<=	4		
35756053	Table_2.XLSX	Sheet1	GN3F + FRCOL								cephalothin	=	16		mic_sign '=' inferred
35756053	Table_2.XLSX	Sheet1	GN3F + FRCOL								meropenem	<=	1		
35756053	Table_2.XLSX	Sheet1	GN3F + FRCOL								ertapenem	<=	2		
35756053	Table_2.XLSX	Sheet1	GN3F + FRCOL								cefuroxime	<=	4		
35756053	Table_2.XLSX	Sheet1	GN3F + FRCOL								gentamicin	<=	2		
35756053	Table_2.XLSX	Sheet1	GN3F + FRCOL								ciprofloxacin	<=	0.5		
35756053	Table_2.XLSX	Sheet1	GN3F + FRCOL								piperacillin/tazobactam	<=	16/4		
35756053	Table_2.XLSX	Sheet1	GN3F + FRCOL								cefoxitin	<=	4		
35756053	Table_2.XLSX	Sheet1	GN3F + FRCOL								trimethoprim	<=	0.5/9.5		
35756053	Table_2.XLSX	Sheet1	GN3F + FRCOL								cefpodoxime	<=	2		
35756053	Table_2.XLSX	Sheet1	GN3F + FRCOL								ceftazidime	<=	1		
35756053	Table_2.XLSX	Sheet1	GN3F + FRCOL								tobramycin	<=	4		
35756053	Table_2.XLSX	Sheet1	GN3F + FRCOL								tigecycline	<=	1		
35756053	Table_2.XLSX	Sheet1	GN3F + FRCOL								ticarcillin/clavulanic acid	<=	16/2		
35756053	Table_2.XLSX	Sheet1	GN3F + FRCOL								ceftriaxone	<=	1		
35756053	Table_2.XLSX	Sheet1	GN3F + FRCOL								tetracycline	=	1		mic_sign '=' inferred
35756053	Table_2.XLSX	Sheet1	GN3F + FRCOL								colistin	=	0.25		mic_sign '=' inferred
35756053	Table_2.XLSX	Sheet1	GN3F + FRCOL								amikacin	<=	8		
35756053	Table_2.XLSX	Sheet1	GN3F + FRCOL								ampicillin	<=	4		
35756053	Table_2.XLSX	Sheet1	GN3F + FRCOL								ampicillin/sulbactam	<=	4/2		
35756053	Table_2.XLSX	Sheet1	GN3F + FRCOL								aztreonam	<=	4		
35756053	Table_2.XLSX	Sheet1	GN3F + FRCOL								cefazolin	<=	4		
35756053	Table_2.XLSX	Sheet1	GN3F + FRCOL								cefepime	<=	4		
35756053	Table_2.XLSX	Sheet1	GN3F + FRCOL								cephalothin	=	8		mic_sign '=' inferred
35756053	Table_2.XLSX	Sheet1	GN3F + FRCOL								meropenem	<=	1		
35756053	Table_2.XLSX	Sheet1	GN3F + FRCOL								ertapenem	<=	2		
35756053	Table_2.XLSX	Sheet1	GN3F + FRCOL								cefuroxime	<=	4		
35756053	Table_2.XLSX	Sheet1	GN3F + FRCOL								gentamicin	<=	2		
35756053	Table_2.XLSX	Sheet1	GN3F + FRCOL								ciprofloxacin	<=	0.5		
35756053	Table_2.XLSX	Sheet1	GN3F + FRCOL								piperacillin/tazobactam	<=	16/4		
35756053	Table_2.XLSX	Sheet1	GN3F + FRCOL								cefoxitin	<=	4		
35756053	Table_2.XLSX	Sheet1	GN3F + FRCOL								trimethoprim	<=	0.5/9.5		
35756053	Table_2.XLSX	Sheet1	GN3F + FRCOL								cefpodoxime	<=	2		
35756053	Table_2.XLSX	Sheet1	GN3F + FRCOL								ceftazidime	<=	1		
35756053	Table_2.XLSX	Sheet1	GN3F + FRCOL								tobramycin	<=	4		
35756053	Table_2.XLSX	Sheet1	GN3F + FRCOL								tigecycline	<=	1		
35756053	Table_2.XLSX	Sheet1	GN3F + FRCOL								ticarcillin/clavulanic acid	<=	16/2		
35756053	Table_2.XLSX	Sheet1	GN3F + FRCOL								ceftriaxone	<=	1		
35756053	Table_2.XLSX	Sheet1	GN3F + FRCOL								tetracycline	=	2		mic_sign '=' inferred
35756053	Table_2.XLSX	Sheet1	GN3F + FRCOL								colistin	=	0.5		mic_sign '=' inferred
35756053	Table_2.XLSX	Sheet1	GN3F + FRCOL								amikacin	<=	8		
35756053	Table_2.XLSX	Sheet1	GN3F + FRCOL								ampicillin	>	32		
35756053	Table_2.XLSX	Sheet1	GN3F + FRCOL								ampicillin/sulbactam	=	8/4		mic_sign '=' inferred
35756053	Table_2.XLSX	Sheet1	GN3F + FRCOL								aztreonam	<=	4		
35756053	Table_2.XLSX	Sheet1	GN3F + FRCOL								cefazolin	<=	4		
35756053	Table_2.XLSX	Sheet1	GN3F + FRCOL								cefepime	<=	4		
35756053	Table_2.XLSX	Sheet1	GN3F + FRCOL								cephalothin	=	16		mic_sign '=' inferred
35756053	Table_2.XLSX	Sheet1	GN3F + FRCOL								meropenem	<=	1		
35756053	Table_2.XLSX	Sheet1	GN3F + FRCOL								ertapenem	<=	2		
35756053	Table_2.XLSX	Sheet1	GN3F + FRCOL								cefuroxime	<=	4		
35756053	Table_2.XLSX	Sheet1	GN3F + FRCOL								gentamicin	>	16		
35756053	Table_2.XLSX	Sheet1	GN3F + FRCOL								ciprofloxacin	<=	0.5		
35756053	Table_2.XLSX	Sheet1	GN3F + FRCOL								piperacillin/tazobactam	<=	16/4		
35756053	Table_2.XLSX	Sheet1	GN3F + FRCOL								cefoxitin	<=	4		
35756053	Table_2.XLSX	Sheet1	GN3F + FRCOL								trimethoprim	>	4/76		
35756053	Table_2.XLSX	Sheet1	GN3F + FRCOL								cefpodoxime	<=	2		
35756053	Table_2.XLSX	Sheet1	GN3F + FRCOL								ceftazidime	<=	1		
35756053	Table_2.XLSX	Sheet1	GN3F + FRCOL								tobramycin	<=	4		
35756053	Table_2.XLSX	Sheet1	GN3F + FRCOL								tigecycline	<=	1		
35756053	Table_2.XLSX	Sheet1	GN3F + FRCOL								ticarcillin/clavulanic acid	<=	16/2		
35756053	Table_2.XLSX	Sheet1	GN3F + FRCOL								ceftriaxone	<=	1		
35756053	Table_2.XLSX	Sheet1	GN3F + FRCOL								tetracycline	=	1		mic_sign '=' inferred
35756053	Table_2.XLSX	Sheet1	GN3F + FRCOL								colistin	=	0.5		mic_sign '=' inferred
35756053	Table_2.XLSX	Sheet1	GN3F + FRCOL								amikacin	<=	8		
35756053	Table_2.XLSX	Sheet1	GN3F + FRCOL								ampicillin	<=	4		
35756053	Table_2.XLSX	Sheet1	GN3F + FRCOL								ampicillin/sulbactam	<=	4/2		
35756053	Table_2.XLSX	Sheet1	GN3F + FRCOL								aztreonam	<=	4		
35756053	Table_2.XLSX	Sheet1	GN3F + FRCOL								cefazolin	<=	4		
35756053	Table_2.XLSX	Sheet1	GN3F + FRCOL								cefepime	<=	4		
35756053	Table_2.XLSX	Sheet1	GN3F + FRCOL								cephalothin	=	16		mic_sign '=' inferred
35756053	Table_2.XLSX	Sheet1	GN3F + FRCOL								meropenem	<=	1		
35756053	Table_2.XLSX	Sheet1	GN3F + FRCOL								ertapenem	<=	2		
35756053	Table_2.XLSX	Sheet1	GN3F + FRCOL								cefuroxime	<=	4		
35756053	Table_2.XLSX	Sheet1	GN3F + FRCOL								gentamicin	>	16		
35756053	Table_2.XLSX	Sheet1	GN3F + FRCOL								ciprofloxacin	>	4		
35756053	Table_2.XLSX	Sheet1	GN3F + FRCOL								piperacillin/tazobactam	<=	16/4		
35756053	Table_2.XLSX	Sheet1	GN3F + FRCOL								cefoxitin	=	8		mic_sign '=' inferred
35756053	Table_2.XLSX	Sheet1	GN3F + FRCOL								trimethoprim	>	4/76		
35756053	Table_2.XLSX	Sheet1	GN3F + FRCOL								cefpodoxime	<=	2		
35756053	Table_2.XLSX	Sheet1	GN3F + FRCOL								ceftazidime	<=	1		
35756053	Table_2.XLSX	Sheet1	GN3F + FRCOL								tobramycin	>	8		
35756053	Table_2.XLSX	Sheet1	GN3F + FRCOL								tigecycline	<=	1		
35756053	Table_2.XLSX	Sheet1	GN3F + FRCOL								ticarcillin/clavulanic acid	<=	16/2		
35756053	Table_2.XLSX	Sheet1	GN3F + FRCOL								ceftriaxone	<=	1		
35756053	Table_2.XLSX	Sheet1	GN3F + FRCOL								tetracycline	>	16		
35756053	Table_2.XLSX	Sheet1	GN3F + FRCOL								colistin	=	0.5		mic_sign '=' inferred
35756053	Table_2.XLSX	Sheet1	GN3F + FRCOL								amikacin	<=	8		
35756053	Table_2.XLSX	Sheet1	GN3F + FRCOL								ampicillin	<=	4		
35756053	Table_2.XLSX	Sheet1	GN3F + FRCOL								ampicillin/sulbactam	<=	4/2		
35756053	Table_2.XLSX	Sheet1	GN3F + FRCOL								aztreonam	=	8		mic_sign '=' inferred
35756053	Table_2.XLSX	Sheet1	GN3F + FRCOL								cefazolin	<=	4		
35756053	Table_2.XLSX	Sheet1	GN3F + FRCOL								cefepime	<=	4		
35756053	Table_2.XLSX	Sheet1	GN3F + FRCOL								cephalothin	=	8		mic_sign '=' inferred
35756053	Table_2.XLSX	Sheet1	GN3F + FRCOL								meropenem	<=	1		
35756053	Table_2.XLSX	Sheet1	GN3F + FRCOL								ertapenem	<=	2		
35756053	Table_2.XLSX	Sheet1	GN3F + FRCOL								cefuroxime	<=	4		
35756053	Table_2.XLSX	Sheet1	GN3F + FRCOL								gentamicin	<=	2		
35756053	Table_2.XLSX	Sheet1	GN3F + FRCOL								ciprofloxacin	<=	0.5		
35756053	Table_2.XLSX	Sheet1	GN3F + FRCOL								piperacillin/tazobactam	<=	16/4		
35756053	Table_2.XLSX	Sheet1	GN3F + FRCOL								cefoxitin	<=	4		
35756053	Table_2.XLSX	Sheet1	GN3F + FRCOL								trimethoprim	<=	0.5/9.5		
35756053	Table_2.XLSX	Sheet1	GN3F + FRCOL								cefpodoxime	<=	2		
35756053	Table_2.XLSX	Sheet1	GN3F + FRCOL								ceftazidime	<=	1		
35756053	Table_2.XLSX	Sheet1	GN3F + FRCOL								tobramycin	<=	4		
35756053	Table_2.XLSX	Sheet1	GN3F + FRCOL								tigecycline	<=	1		
35756053	Table_2.XLSX	Sheet1	GN3F + FRCOL								ticarcillin/clavulanic acid	<=	16/2		
35756053	Table_2.XLSX	Sheet1	GN3F + FRCOL								ceftriaxone	<=	1		
35756053	Table_2.XLSX	Sheet1	GN3F + FRCOL								tetracycline	=	1		mic_sign '=' inferred
35756053	Table_2.XLSX	Sheet1	GN3F + FRCOL								colistin	=	0.5		mic_sign '=' inferred
35756053	Table_2.XLSX	Sheet1	GN3F + FRCOL								amikacin	<=	8		
35756053	Table_2.XLSX	Sheet1	GN3F + FRCOL								ampicillin	>	32		
35756053	Table_2.XLSX	Sheet1	GN3F + FRCOL								ampicillin/sulbactam	=	32/16		mic_sign '=' inferred
35756053	Table_2.XLSX	Sheet1	GN3F + FRCOL								aztreonam	<=	4		
35756053	Table_2.XLSX	Sheet1	GN3F + FRCOL								cefazolin	<=	4		
35756053	Table_2.XLSX	Sheet1	GN3F + FRCOL								cefepime	<=	4		
35756053	Table_2.XLSX	Sheet1	GN3F + FRCOL								cephalothin	=	16		mic_sign '=' inferred
35756053	Table_2.XLSX	Sheet1	GN3F + FRCOL								meropenem	<=	1		
35756053	Table_2.XLSX	Sheet1	GN3F + FRCOL								ertapenem	<=	2		
35756053	Table_2.XLSX	Sheet1	GN3F + FRCOL								cefuroxime	<=	4		
35756053	Table_2.XLSX	Sheet1	GN3F + FRCOL								gentamicin	<=	2		
35756053	Table_2.XLSX	Sheet1	GN3F + FRCOL								ciprofloxacin	<=	0.5		
35756053	Table_2.XLSX	Sheet1	GN3F + FRCOL								piperacillin/tazobactam	<=	16/4		
35756053	Table_2.XLSX	Sheet1	GN3F + FRCOL								cefoxitin	<=	4		
35756053	Table_2.XLSX	Sheet1	GN3F + FRCOL								trimethoprim	>	4/76		
35756053	Table_2.XLSX	Sheet1	GN3F + FRCOL								cefpodoxime	<=	2		
35756053	Table_2.XLSX	Sheet1	GN3F + FRCOL								ceftazidime	<=	1		
35756053	Table_2.XLSX	Sheet1	GN3F + FRCOL								tobramycin	<=	4		
35756053	Table_2.XLSX	Sheet1	GN3F + FRCOL								tigecycline	<=	1		
35756053	Table_2.XLSX	Sheet1	GN3F + FRCOL								ticarcillin/clavulanic acid	=	32/2		mic_sign '=' inferred
35756053	Table_2.XLSX	Sheet1	GN3F + FRCOL								ceftriaxone	<=	1		
35756053	Table_2.XLSX	Sheet1	GN3F + FRCOL								tetracycline	=	1		mic_sign '=' inferred
35756053	Table_2.XLSX	Sheet1	GN3F + FRCOL								colistin	=	0.5		mic_sign '=' inferred
35756053	Table_2.XLSX	Sheet1	GN3F + FRCOL								amikacin	<=	8		
35756053	Table_2.XLSX	Sheet1	GN3F + FRCOL								ampicillin	<=	4		
35756053	Table_2.XLSX	Sheet1	GN3F + FRCOL								ampicillin/sulbactam	<=	4/2		
35756053	Table_2.XLSX	Sheet1	GN3F + FRCOL								aztreonam	<=	4		
35756053	Table_2.XLSX	Sheet1	GN3F + FRCOL								cefazolin	<=	4		
35756053	Table_2.XLSX	Sheet1	GN3F + FRCOL								cefepime	<=	4		
35756053	Table_2.XLSX	Sheet1	GN3F + FRCOL								cephalothin	=	8		mic_sign '=' inferred
35756053	Table_2.XLSX	Sheet1	GN3F + FRCOL								meropenem	<=	1		
35756053	Table_2.XLSX	Sheet1	GN3F + FRCOL								ertapenem	<=	2		
35756053	Table_2.XLSX	Sheet1	GN3F + FRCOL								cefuroxime	<=	4		
35756053	Table_2.XLSX	Sheet1	GN3F + FRCOL								gentamicin	<=	2		
35756053	Table_2.XLSX	Sheet1	GN3F + FRCOL								ciprofloxacin	<=	0.5		
35756053	Table_2.XLSX	Sheet1	GN3F + FRCOL								piperacillin/tazobactam	<=	16/4		
35756053	Table_2.XLSX	Sheet1	GN3F + FRCOL								cefoxitin	=	8		mic_sign '=' inferred
35756053	Table_2.XLSX	Sheet1	GN3F + FRCOL								trimethoprim	<=	0.5/9.5		
35756053	Table_2.XLSX	Sheet1	GN3F + FRCOL								cefpodoxime	<=	2		
35756053	Table_2.XLSX	Sheet1	GN3F + FRCOL								ceftazidime	<=	1		
35756053	Table_2.XLSX	Sheet1	GN3F + FRCOL								tobramycin	<=	4		
35756053	Table_2.XLSX	Sheet1	GN3F + FRCOL								tigecycline	<=	1		
35756053	Table_2.XLSX	Sheet1	GN3F + FRCOL								ticarcillin/clavulanic acid	<=	16/2		
35756053	Table_2.XLSX	Sheet1	GN3F + FRCOL								ceftriaxone	<=	1		
35756053	Table_2.XLSX	Sheet1	GN3F + FRCOL								tetracycline	=	1		mic_sign '=' inferred
35756053	Table_2.XLSX	Sheet1	GN3F + FRCOL								colistin	=	0.25		mic_sign '=' inferred
35756053	Table_2.XLSX	Sheet1	GN3F + FRCOL								amikacin	<=	8		
35756053	Table_2.XLSX	Sheet1	GN3F + FRCOL								ampicillin	<=	4		
35756053	Table_2.XLSX	Sheet1	GN3F + FRCOL								ampicillin/sulbactam	<=	4/2		
35756053	Table_2.XLSX	Sheet1	GN3F + FRCOL								aztreonam	<=	4		
35756053	Table_2.XLSX	Sheet1	GN3F + FRCOL								cefazolin	<=	4		
35756053	Table_2.XLSX	Sheet1	GN3F + FRCOL								cefepime	<=	4		
35756053	Table_2.XLSX	Sheet1	GN3F + FRCOL								cephalothin	=	8		mic_sign '=' inferred
35756053	Table_2.XLSX	Sheet1	GN3F + FRCOL								meropenem	<=	1		
35756053	Table_2.XLSX	Sheet1	GN3F + FRCOL								ertapenem	<=	2		
35756053	Table_2.XLSX	Sheet1	GN3F + FRCOL								cefuroxime	<=	4		
35756053	Table_2.XLSX	Sheet1	GN3F + FRCOL								gentamicin	<=	2		
35756053	Table_2.XLSX	Sheet1	GN3F + FRCOL								ciprofloxacin	<=	0.5		
35756053	Table_2.XLSX	Sheet1	GN3F + FRCOL								piperacillin/tazobactam	<=	16/4		
35756053	Table_2.XLSX	Sheet1	GN3F + FRCOL								cefoxitin	=	8		mic_sign '=' inferred
35756053	Table_2.XLSX	Sheet1	GN3F + FRCOL								trimethoprim	<=	0.5/9.5		
35756053	Table_2.XLSX	Sheet1	GN3F + FRCOL								cefpodoxime	<=	2		
35756053	Table_2.XLSX	Sheet1	GN3F + FRCOL								ceftazidime	<=	1		
35756053	Table_2.XLSX	Sheet1	GN3F + FRCOL								tobramycin	<=	4		
35756053	Table_2.XLSX	Sheet1	GN3F + FRCOL								tigecycline	<=	1		
35756053	Table_2.XLSX	Sheet1	GN3F + FRCOL								ticarcillin/clavulanic acid	<=	16/2		
35756053	Table_2.XLSX	Sheet1	GN3F + FRCOL								ceftriaxone	<=	1		
35756053	Table_2.XLSX	Sheet1	GN3F + FRCOL								tetracycline	=	2		mic_sign '=' inferred
35756053	Table_2.XLSX	Sheet1	GN3F + FRCOL								colistin	=	0.25		mic_sign '=' inferred
35756053	Table_2.XLSX	Sheet1	GN3F + FRCOL								amikacin	<=	8		
35756053	Table_2.XLSX	Sheet1	GN3F + FRCOL								ampicillin	<=	4		
35756053	Table_2.XLSX	Sheet1	GN3F + FRCOL								ampicillin/sulbactam	<=	4/2		
35756053	Table_2.XLSX	Sheet1	GN3F + FRCOL								aztreonam	<=	4		
35756053	Table_2.XLSX	Sheet1	GN3F + FRCOL								cefazolin	<=	4		
35756053	Table_2.XLSX	Sheet1	GN3F + FRCOL								cefepime	<=	4		
35756053	Table_2.XLSX	Sheet1	GN3F + FRCOL								cephalothin	=	8		mic_sign '=' inferred
35756053	Table_2.XLSX	Sheet1	GN3F + FRCOL								meropenem	<=	1		
35756053	Table_2.XLSX	Sheet1	GN3F + FRCOL								ertapenem	<=	2		
35756053	Table_2.XLSX	Sheet1	GN3F + FRCOL								cefuroxime	<=	4		
35756053	Table_2.XLSX	Sheet1	GN3F + FRCOL								gentamicin	<=	2		
35756053	Table_2.XLSX	Sheet1	GN3F + FRCOL								ciprofloxacin	<=	0.5		
35756053	Table_2.XLSX	Sheet1	GN3F + FRCOL								piperacillin/tazobactam	<=	16/4		
35756053	Table_2.XLSX	Sheet1	GN3F + FRCOL								cefoxitin	<=	4		
35756053	Table_2.XLSX	Sheet1	GN3F + FRCOL								trimethoprim	<=	0.5/9.5		
35756053	Table_2.XLSX	Sheet1	GN3F + FRCOL								cefpodoxime	<=	2		
35756053	Table_2.XLSX	Sheet1	GN3F + FRCOL								ceftazidime	<=	1		
35756053	Table_2.XLSX	Sheet1	GN3F + FRCOL								tobramycin	<=	4		
35756053	Table_2.XLSX	Sheet1	GN3F + FRCOL								tigecycline	<=	1		
35756053	Table_2.XLSX	Sheet1	GN3F + FRCOL								ticarcillin/clavulanic acid	<=	16/2		
35756053	Table_2.XLSX	Sheet1	GN3F + FRCOL								ceftriaxone	<=	1		
35756053	Table_2.XLSX	Sheet1	GN3F + FRCOL								tetracycline	=	1		mic_sign '=' inferred
35756053	Table_2.XLSX	Sheet1	GN3F + FRCOL								colistin	=	0.5		mic_sign '=' inferred
35756053	Table_2.XLSX	Sheet1	GN3F + FRCOL								amikacin	<=	8		
35756053	Table_2.XLSX	Sheet1	GN3F + FRCOL								ampicillin	<=	4		
35756053	Table_2.XLSX	Sheet1	GN3F + FRCOL								ampicillin/sulbactam	<=	4/2		
35756053	Table_2.XLSX	Sheet1	GN3F + FRCOL								aztreonam	<=	4		
35756053	Table_2.XLSX	Sheet1	GN3F + FRCOL								cefazolin	<=	4		
35756053	Table_2.XLSX	Sheet1	GN3F + FRCOL								cefepime	<=	4		
35756053	Table_2.XLSX	Sheet1	GN3F + FRCOL								cephalothin	=	8		mic_sign '=' inferred
35756053	Table_2.XLSX	Sheet1	GN3F + FRCOL								meropenem	<=	1		
35756053	Table_2.XLSX	Sheet1	GN3F + FRCOL								ertapenem	<=	2		
35756053	Table_2.XLSX	Sheet1	GN3F + FRCOL								cefuroxime	<=	4		
35756053	Table_2.XLSX	Sheet1	GN3F + FRCOL								gentamicin	<=	2		
35756053	Table_2.XLSX	Sheet1	GN3F + FRCOL								ciprofloxacin	<=	0.5		
35756053	Table_2.XLSX	Sheet1	GN3F + FRCOL								piperacillin/tazobactam	<=	16/4		
35756053	Table_2.XLSX	Sheet1	GN3F + FRCOL								cefoxitin	<=	4		
35756053	Table_2.XLSX	Sheet1	GN3F + FRCOL								trimethoprim	<=	0.5/9.5		
35756053	Table_2.XLSX	Sheet1	GN3F + FRCOL								cefpodoxime	<=	2		
35756053	Table_2.XLSX	Sheet1	GN3F + FRCOL								ceftazidime	<=	1		
35756053	Table_2.XLSX	Sheet1	GN3F + FRCOL								tobramycin	<=	4		
35756053	Table_2.XLSX	Sheet1	GN3F + FRCOL								tigecycline	<=	1		
35756053	Table_2.XLSX	Sheet1	GN3F + FRCOL								ticarcillin/clavulanic acid	<=	16/2		
35756053	Table_2.XLSX	Sheet1	GN3F + FRCOL								ceftriaxone	<=	1		
35756053	Table_2.XLSX	Sheet1	GN3F + FRCOL								tetracycline	=	1		mic_sign '=' inferred
35756053	Table_2.XLSX	Sheet1	GN3F + FRCOL								colistin	=	0.25		mic_sign '=' inferred
35756053	Table_2.XLSX	Sheet1	GN3F + FRCOL								amikacin	<=	8		
35756053	Table_2.XLSX	Sheet1	GN3F + FRCOL								ampicillin	<=	4		
35756053	Table_2.XLSX	Sheet1	GN3F + FRCOL								ampicillin/sulbactam	<=	4/2		
35756053	Table_2.XLSX	Sheet1	GN3F + FRCOL								aztreonam	<=	4		
35756053	Table_2.XLSX	Sheet1	GN3F + FRCOL								cefazolin	<=	4		
35756053	Table_2.XLSX	Sheet1	GN3F + FRCOL								cefepime	<=	4		
35756053	Table_2.XLSX	Sheet1	GN3F + FRCOL								cephalothin	=	16		mic_sign '=' inferred
35756053	Table_2.XLSX	Sheet1	GN3F + FRCOL								meropenem	<=	1		
35756053	Table_2.XLSX	Sheet1	GN3F + FRCOL								ertapenem	<=	2		
35756053	Table_2.XLSX	Sheet1	GN3F + FRCOL								cefuroxime	<=	4		
35756053	Table_2.XLSX	Sheet1	GN3F + FRCOL								gentamicin	<=	2		
35756053	Table_2.XLSX	Sheet1	GN3F + FRCOL								ciprofloxacin	<=	0.5		
35756053	Table_2.XLSX	Sheet1	GN3F + FRCOL								piperacillin/tazobactam	<=	16/4		
35756053	Table_2.XLSX	Sheet1	GN3F + FRCOL								cefoxitin	<=	4		
35756053	Table_2.XLSX	Sheet1	GN3F + FRCOL								trimethoprim	<=	0.5/9.5		
35756053	Table_2.XLSX	Sheet1	GN3F + FRCOL								cefpodoxime	<=	2		
35756053	Table_2.XLSX	Sheet1	GN3F + FRCOL								ceftazidime	<=	1		
35756053	Table_2.XLSX	Sheet1	GN3F + FRCOL								tobramycin	<=	4		
35756053	Table_2.XLSX	Sheet1	GN3F + FRCOL								tigecycline	<=	1		
35756053	Table_2.XLSX	Sheet1	GN3F + FRCOL								ticarcillin/clavulanic acid	<=	16/2		
35756053	Table_2.XLSX	Sheet1	GN3F + FRCOL								ceftriaxone	<=	1		
35756053	Table_2.XLSX	Sheet1	GN3F + FRCOL								tetracycline	=	1		mic_sign '=' inferred
35756053	Table_2.XLSX	Sheet1	GN3F + FRCOL								colistin	=	0.25		mic_sign '=' inferred
35756053	Table_2.XLSX	Sheet1	GN3F + FRCOL								amikacin	<=	8		
35756053	Table_2.XLSX	Sheet1	GN3F + FRCOL								ampicillin	<=	4		
35756053	Table_2.XLSX	Sheet1	GN3F + FRCOL								ampicillin/sulbactam	<=	4/2		
35756053	Table_2.XLSX	Sheet1	GN3F + FRCOL								aztreonam	<=	4		
35756053	Table_2.XLSX	Sheet1	GN3F + FRCOL								cefazolin	<=	4		
35756053	Table_2.XLSX	Sheet1	GN3F + FRCOL								cefepime	<=	4		
35756053	Table_2.XLSX	Sheet1	GN3F + FRCOL								cephalothin	=	16		mic_sign '=' inferred
35756053	Table_2.XLSX	Sheet1	GN3F + FRCOL								meropenem	<=	1		
35756053	Table_2.XLSX	Sheet1	GN3F + FRCOL								ertapenem	<=	2		
35756053	Table_2.XLSX	Sheet1	GN3F + FRCOL								cefuroxime	<=	4		
35756053	Table_2.XLSX	Sheet1	GN3F + FRCOL								gentamicin	<=	2		
35756053	Table_2.XLSX	Sheet1	GN3F + FRCOL								ciprofloxacin	<=	0.5		
35756053	Table_2.XLSX	Sheet1	GN3F + FRCOL								piperacillin/tazobactam	<=	16/4		
35756053	Table_2.XLSX	Sheet1	GN3F + FRCOL								cefoxitin	<=	4		
35756053	Table_2.XLSX	Sheet1	GN3F + FRCOL								trimethoprim	<=	0.5/9.5		
35756053	Table_2.XLSX	Sheet1	GN3F + FRCOL								cefpodoxime	<=	2		
35756053	Table_2.XLSX	Sheet1	GN3F + FRCOL								ceftazidime	<=	1		
35756053	Table_2.XLSX	Sheet1	GN3F + FRCOL								tobramycin	<=	4		
35756053	Table_2.XLSX	Sheet1	GN3F + FRCOL								tigecycline	<=	1		
35756053	Table_2.XLSX	Sheet1	GN3F + FRCOL								ticarcillin/clavulanic acid	<=	16/2		
35756053	Table_2.XLSX	Sheet1	GN3F + FRCOL								ceftriaxone	<=	1		
35756053	Table_2.XLSX	Sheet1	GN3F + FRCOL								tetracycline	=	1		mic_sign '=' inferred
35756053	Table_2.XLSX	Sheet1	GN3F + FRCOL								colistin	=	0.25		mic_sign '=' inferred
35756053	Table_2.XLSX	Sheet1	GN3F + FRCOL								amikacin	<=	8		
35756053	Table_2.XLSX	Sheet1	GN3F + FRCOL								ampicillin	>	32		
35756053	Table_2.XLSX	Sheet1	GN3F + FRCOL								ampicillin/sulbactam	=	32/16		mic_sign '=' inferred
35756053	Table_2.XLSX	Sheet1	GN3F + FRCOL								aztreonam	<=	4		
35756053	Table_2.XLSX	Sheet1	GN3F + FRCOL								cefazolin	<=	4		
35756053	Table_2.XLSX	Sheet1	GN3F + FRCOL								cefepime	<=	4		
35756053	Table_2.XLSX	Sheet1	GN3F + FRCOL								cephalothin	=	16		mic_sign '=' inferred
35756053	Table_2.XLSX	Sheet1	GN3F + FRCOL								meropenem	<=	1		
35756053	Table_2.XLSX	Sheet1	GN3F + FRCOL								ertapenem	<=	2		
35756053	Table_2.XLSX	Sheet1	GN3F + FRCOL								cefuroxime	<=	4		
35756053	Table_2.XLSX	Sheet1	GN3F + FRCOL								gentamicin	<=	2		
35756053	Table_2.XLSX	Sheet1	GN3F + FRCOL								ciprofloxacin	>	4		
35756053	Table_2.XLSX	Sheet1	GN3F + FRCOL								piperacillin/tazobactam	<=	16/4		
35756053	Table_2.XLSX	Sheet1	GN3F + FRCOL								cefoxitin	<=	4		
35756053	Table_2.XLSX	Sheet1	GN3F + FRCOL								trimethoprim	>	4/76		
35756053	Table_2.XLSX	Sheet1	GN3F + FRCOL								cefpodoxime	<=	2		
35756053	Table_2.XLSX	Sheet1	GN3F + FRCOL								ceftazidime	<=	1		
35756053	Table_2.XLSX	Sheet1	GN3F + FRCOL								tobramycin	<=	4		
35756053	Table_2.XLSX	Sheet1	GN3F + FRCOL								tigecycline	<=	1		
35756053	Table_2.XLSX	Sheet1	GN3F + FRCOL								ticarcillin/clavulanic acid	<=	16/2		
35756053	Table_2.XLSX	Sheet1	GN3F + FRCOL								ceftriaxone	<=	1		
35756053	Table_2.XLSX	Sheet1	GN3F + FRCOL								tetracycline	>	16		
35756053	Table_2.XLSX	Sheet1	GN3F + FRCOL								colistin	=	0.5		mic_sign '=' inferred
35756053	Table_2.XLSX	Sheet1	GN3F + FRCOL								amikacin	<=	8		
35756053	Table_2.XLSX	Sheet1	GN3F + FRCOL								ampicillin	<=	4		
35756053	Table_2.XLSX	Sheet1	GN3F + FRCOL								ampicillin/sulbactam	<=	4/2		
35756053	Table_2.XLSX	Sheet1	GN3F + FRCOL								aztreonam	<=	4		
35756053	Table_2.XLSX	Sheet1	GN3F + FRCOL								cefazolin	<=	4		
35756053	Table_2.XLSX	Sheet1	GN3F + FRCOL								cefepime	<=	4		
35756053	Table_2.XLSX	Sheet1	GN3F + FRCOL								cephalothin	=	4		mic_sign '=' inferred
35756053	Table_2.XLSX	Sheet1	GN3F + FRCOL								meropenem	<=	1		
35756053	Table_2.XLSX	Sheet1	GN3F + FRCOL								ertapenem	<=	2		
35756053	Table_2.XLSX	Sheet1	GN3F + FRCOL								cefuroxime	<=	4		
35756053	Table_2.XLSX	Sheet1	GN3F + FRCOL								gentamicin	<=	2		
35756053	Table_2.XLSX	Sheet1	GN3F + FRCOL								ciprofloxacin	<=	0.5		
35756053	Table_2.XLSX	Sheet1	GN3F + FRCOL								piperacillin/tazobactam	<=	16/4		
35756053	Table_2.XLSX	Sheet1	GN3F + FRCOL								cefoxitin	=	8		mic_sign '=' inferred
35756053	Table_2.XLSX	Sheet1	GN3F + FRCOL								trimethoprim	<=	0.5/9.5		
35756053	Table_2.XLSX	Sheet1	GN3F + FRCOL								cefpodoxime	<=	2		
35756053	Table_2.XLSX	Sheet1	GN3F + FRCOL								ceftazidime	<=	1		
35756053	Table_2.XLSX	Sheet1	GN3F + FRCOL								tobramycin	<=	4		
35756053	Table_2.XLSX	Sheet1	GN3F + FRCOL								tigecycline	<=	1		
35756053	Table_2.XLSX	Sheet1	GN3F + FRCOL								ticarcillin/clavulanic acid	<=	16/2		
35756053	Table_2.XLSX	Sheet1	GN3F + FRCOL								ceftriaxone	<=	1		
35756053	Table_2.XLSX	Sheet1	GN3F + FRCOL								tetracycline	=	1		mic_sign '=' inferred
35756053	Table_2.XLSX	Sheet1	GN3F + FRCOL								colistin	=	0.5		mic_sign '=' inferred
35756053	Table_2.XLSX	Sheet1	GN3F + FRCOL								amikacin	<=	8		
35756053	Table_2.XLSX	Sheet1	GN3F + FRCOL								ampicillin	<=	4		
35756053	Table_2.XLSX	Sheet1	GN3F + FRCOL								ampicillin/sulbactam	<=	4/2		
35756053	Table_2.XLSX	Sheet1	GN3F + FRCOL								aztreonam	<=	4		
35756053	Table_2.XLSX	Sheet1	GN3F + FRCOL								cefazolin	<=	4		
35756053	Table_2.XLSX	Sheet1	GN3F + FRCOL								cefepime	<=	4		
35756053	Table_2.XLSX	Sheet1	GN3F + FRCOL								cephalothin	=	8		mic_sign '=' inferred
35756053	Table_2.XLSX	Sheet1	GN3F + FRCOL								meropenem	<=	1		
35756053	Table_2.XLSX	Sheet1	GN3F + FRCOL								ertapenem	<=	2		
35756053	Table_2.XLSX	Sheet1	GN3F + FRCOL								cefuroxime	<=	4		
35756053	Table_2.XLSX	Sheet1	GN3F + FRCOL								gentamicin	<=	2		
35756053	Table_2.XLSX	Sheet1	GN3F + FRCOL								ciprofloxacin	<=	0.5		
35756053	Table_2.XLSX	Sheet1	GN3F + FRCOL								piperacillin/tazobactam	<=	16/4		
35756053	Table_2.XLSX	Sheet1	GN3F + FRCOL								cefoxitin	<=	4		
35756053	Table_2.XLSX	Sheet1	GN3F + FRCOL								trimethoprim	<=	0.5/9.5		
35756053	Table_2.XLSX	Sheet1	GN3F + FRCOL								cefpodoxime	<=	2		
35756053	Table_2.XLSX	Sheet1	GN3F + FRCOL								ceftazidime	<=	1		
35756053	Table_2.XLSX	Sheet1	GN3F + FRCOL								tobramycin	<=	4		
35756053	Table_2.XLSX	Sheet1	GN3F + FRCOL								tigecycline	<=	1		
35756053	Table_2.XLSX	Sheet1	GN3F + FRCOL								ticarcillin/clavulanic acid	<=	16/2		
35756053	Table_2.XLSX	Sheet1	GN3F + FRCOL								ceftriaxone	<=	1		
35756053	Table_2.XLSX	Sheet1	GN3F + FRCOL								tetracycline	=	1		mic_sign '=' inferred
35756053	Table_2.XLSX	Sheet1	GN3F + FRCOL								colistin	=	0.5		mic_sign '=' inferred
35756053	Table_2.XLSX	Sheet1	GN3F + FRCOL								amikacin	<=	8		
35756053	Table_2.XLSX	Sheet1	GN3F + FRCOL								ampicillin	<=	4		
35756053	Table_2.XLSX	Sheet1	GN3F + FRCOL								ampicillin/sulbactam	<=	4/2		
35756053	Table_2.XLSX	Sheet1	GN3F + FRCOL								aztreonam	<=	4		
35756053	Table_2.XLSX	Sheet1	GN3F + FRCOL								cefazolin	<=	4		
35756053	Table_2.XLSX	Sheet1	GN3F + FRCOL								cefepime	<=	4		
35756053	Table_2.XLSX	Sheet1	GN3F + FRCOL								cephalothin	=	8		mic_sign '=' inferred
35756053	Table_2.XLSX	Sheet1	GN3F + FRCOL								meropenem	<=	1		
35756053	Table_2.XLSX	Sheet1	GN3F + FRCOL								ertapenem	<=	2		
35756053	Table_2.XLSX	Sheet1	GN3F + FRCOL								cefuroxime	<=	4		
35756053	Table_2.XLSX	Sheet1	GN3F + FRCOL								gentamicin	<=	2		
35756053	Table_2.XLSX	Sheet1	GN3F + FRCOL								ciprofloxacin	<=	0.5		
35756053	Table_2.XLSX	Sheet1	GN3F + FRCOL								piperacillin/tazobactam	<=	16/4		
35756053	Table_2.XLSX	Sheet1	GN3F + FRCOL								cefoxitin	<=	4		
35756053	Table_2.XLSX	Sheet1	GN3F + FRCOL								trimethoprim	<=	0.5/9.5		
35756053	Table_2.XLSX	Sheet1	GN3F + FRCOL								cefpodoxime	<=	2		
35756053	Table_2.XLSX	Sheet1	GN3F + FRCOL								ceftazidime	<=	1		
35756053	Table_2.XLSX	Sheet1	GN3F + FRCOL								tobramycin	<=	4		
35756053	Table_2.XLSX	Sheet1	GN3F + FRCOL								tigecycline	<=	1		
35756053	Table_2.XLSX	Sheet1	GN3F + FRCOL								ticarcillin/clavulanic acid	<=	16/2		
35756053	Table_2.XLSX	Sheet1	GN3F + FRCOL								ceftriaxone	<=	1		
35756053	Table_2.XLSX	Sheet1	GN3F + FRCOL								tetracycline	=	1		mic_sign '=' inferred
35756053	Table_2.XLSX	Sheet1	GN3F + FRCOL								colistin	=	0.25		mic_sign '=' inferred
35756053	Table_2.XLSX	Sheet1	GN3F + FRCOL								amikacin	<=	8		
35756053	Table_2.XLSX	Sheet1	GN3F + FRCOL								ampicillin	<=	4		
35756053	Table_2.XLSX	Sheet1	GN3F + FRCOL								ampicillin/sulbactam	<=	4/2		
35756053	Table_2.XLSX	Sheet1	GN3F + FRCOL								aztreonam	<=	4		
35756053	Table_2.XLSX	Sheet1	GN3F + FRCOL								cefazolin	<=	4		
35756053	Table_2.XLSX	Sheet1	GN3F + FRCOL								cefepime	<=	4		
35756053	Table_2.XLSX	Sheet1	GN3F + FRCOL								cephalothin	=	4		mic_sign '=' inferred
35756053	Table_2.XLSX	Sheet1	GN3F + FRCOL								meropenem	<=	1		
35756053	Table_2.XLSX	Sheet1	GN3F + FRCOL								ertapenem	<=	2		
35756053	Table_2.XLSX	Sheet1	GN3F + FRCOL								cefuroxime	<=	4		
35756053	Table_2.XLSX	Sheet1	GN3F + FRCOL								gentamicin	<=	2		
35756053	Table_2.XLSX	Sheet1	GN3F + FRCOL								ciprofloxacin	<=	0.5		
35756053	Table_2.XLSX	Sheet1	GN3F + FRCOL								piperacillin/tazobactam	<=	16/4		
35756053	Table_2.XLSX	Sheet1	GN3F + FRCOL								cefoxitin	<=	4		
35756053	Table_2.XLSX	Sheet1	GN3F + FRCOL								trimethoprim	<=	0.5/9.5		
35756053	Table_2.XLSX	Sheet1	GN3F + FRCOL								cefpodoxime	<=	2		
35756053	Table_2.XLSX	Sheet1	GN3F + FRCOL								ceftazidime	<=	1		
35756053	Table_2.XLSX	Sheet1	GN3F + FRCOL								tobramycin	<=	4		
35756053	Table_2.XLSX	Sheet1	GN3F + FRCOL								tigecycline	<=	1		
35756053	Table_2.XLSX	Sheet1	GN3F + FRCOL								ticarcillin/clavulanic acid	<=	16/2		
35756053	Table_2.XLSX	Sheet1	GN3F + FRCOL								ceftriaxone	<=	1		
35756053	Table_2.XLSX	Sheet1	GN3F + FRCOL								tetracycline	=	1		mic_sign '=' inferred
35756053	Table_2.XLSX	Sheet1	GN3F + FRCOL								colistin	=	0.25		mic_sign '=' inferred
35756053	Table_2.XLSX	Sheet1	GN3F + FRCOL								amikacin	<=	8		
35756053	Table_2.XLSX	Sheet1	GN3F + FRCOL								ampicillin	<=	4		
35756053	Table_2.XLSX	Sheet1	GN3F + FRCOL								ampicillin/sulbactam	<=	4/2		
35756053	Table_2.XLSX	Sheet1	GN3F + FRCOL								aztreonam	<=	4		
35756053	Table_2.XLSX	Sheet1	GN3F + FRCOL								cefazolin	<=	4		
35756053	Table_2.XLSX	Sheet1	GN3F + FRCOL								cefepime	<=	4		
35756053	Table_2.XLSX	Sheet1	GN3F + FRCOL								cephalothin	=	4		mic_sign '=' inferred
35756053	Table_2.XLSX	Sheet1	GN3F + FRCOL								meropenem	<=	1		
35756053	Table_2.XLSX	Sheet1	GN3F + FRCOL								ertapenem	<=	2		
35756053	Table_2.XLSX	Sheet1	GN3F + FRCOL								cefuroxime	<=	4		
35756053	Table_2.XLSX	Sheet1	GN3F + FRCOL								gentamicin	<=	2		
35756053	Table_2.XLSX	Sheet1	GN3F + FRCOL								ciprofloxacin	<=	0.5		
35756053	Table_2.XLSX	Sheet1	GN3F + FRCOL								piperacillin/tazobactam	<=	16/4		
35756053	Table_2.XLSX	Sheet1	GN3F + FRCOL								cefoxitin	<=	4		
35756053	Table_2.XLSX	Sheet1	GN3F + FRCOL								trimethoprim	<=	0.5/9.5		
35756053	Table_2.XLSX	Sheet1	GN3F + FRCOL								cefpodoxime	<=	2		
35756053	Table_2.XLSX	Sheet1	GN3F + FRCOL								ceftazidime	<=	1		
35756053	Table_2.XLSX	Sheet1	GN3F + FRCOL								tobramycin	<=	4		
35756053	Table_2.XLSX	Sheet1	GN3F + FRCOL								tigecycline	<=	1		
35756053	Table_2.XLSX	Sheet1	GN3F + FRCOL								ticarcillin/clavulanic acid	<=	16/2		
35756053	Table_2.XLSX	Sheet1	GN3F + FRCOL								ceftriaxone	<=	1		
35756053	Table_2.XLSX	Sheet1	GN3F + FRCOL								tetracycline	=	1		mic_sign '=' inferred
35756053	Table_2.XLSX	Sheet1	GN3F + FRCOL								colistin	=	0.25		mic_sign '=' inferred
35756053	Table_2.XLSX	Sheet1	GN3F + FRCOL								amikacin	<=	8		
35756053	Table_2.XLSX	Sheet1	GN3F + FRCOL								ampicillin	>	32		
35756053	Table_2.XLSX	Sheet1	GN3F + FRCOL								ampicillin/sulbactam	=	8/4		mic_sign '=' inferred
35756053	Table_2.XLSX	Sheet1	GN3F + FRCOL								aztreonam	=	16		mic_sign '=' inferred
35756053	Table_2.XLSX	Sheet1	GN3F + FRCOL								cefazolin	>	32		
35756053	Table_2.XLSX	Sheet1	GN3F + FRCOL								cefepime	<=	4		
35756053	Table_2.XLSX	Sheet1	GN3F + FRCOL								cephalothin	>	16		
35756053	Table_2.XLSX	Sheet1	GN3F + FRCOL								meropenem	<=	1		
35756053	Table_2.XLSX	Sheet1	GN3F + FRCOL								ertapenem	<=	2		
35756053	Table_2.XLSX	Sheet1	GN3F + FRCOL								cefuroxime	>	32		
35756053	Table_2.XLSX	Sheet1	GN3F + FRCOL								gentamicin	<=	2		
35756053	Table_2.XLSX	Sheet1	GN3F + FRCOL								ciprofloxacin	>	4		
35756053	Table_2.XLSX	Sheet1	GN3F + FRCOL								piperacillin/tazobactam	<=	16/4		
35756053	Table_2.XLSX	Sheet1	GN3F + FRCOL								cefoxitin	=	8		mic_sign '=' inferred
35756053	Table_2.XLSX	Sheet1	GN3F + FRCOL								trimethoprim	<=	0.5/9.5		
35756053	Table_2.XLSX	Sheet1	GN3F + FRCOL								cefpodoxime	>	16		
35756053	Table_2.XLSX	Sheet1	GN3F + FRCOL								ceftazidime	=	8		mic_sign '=' inferred
35756053	Table_2.XLSX	Sheet1	GN3F + FRCOL								tobramycin	<=	4		
35756053	Table_2.XLSX	Sheet1	GN3F + FRCOL								tigecycline	<=	1		
35756053	Table_2.XLSX	Sheet1	GN3F + FRCOL								ticarcillin/clavulanic acid	<=	16/2		
35756053	Table_2.XLSX	Sheet1	GN3F + FRCOL								ceftriaxone	>	64		
35756053	Table_2.XLSX	Sheet1	GN3F + FRCOL								tetracycline	=	1		mic_sign '=' inferred
35756053	Table_2.XLSX	Sheet1	GN3F + FRCOL								colistin	=	0.25		mic_sign '=' inferred
35756053	Table_2.XLSX	Sheet1	GN3F + FRCOL								amikacin	<=	8		
35756053	Table_2.XLSX	Sheet1	GN3F + FRCOL								ampicillin	<=	4		
35756053	Table_2.XLSX	Sheet1	GN3F + FRCOL								ampicillin/sulbactam	<=	4/2		
35756053	Table_2.XLSX	Sheet1	GN3F + FRCOL								aztreonam	<=	4		
35756053	Table_2.XLSX	Sheet1	GN3F + FRCOL								cefazolin	<=	4		
35756053	Table_2.XLSX	Sheet1	GN3F + FRCOL								cefepime	<=	4		
35756053	Table_2.XLSX	Sheet1	GN3F + FRCOL								cephalothin	=	8		mic_sign '=' inferred
35756053	Table_2.XLSX	Sheet1	GN3F + FRCOL								meropenem	<=	1		
35756053	Table_2.XLSX	Sheet1	GN3F + FRCOL								ertapenem	<=	2		
35756053	Table_2.XLSX	Sheet1	GN3F + FRCOL								cefuroxime	=	8		mic_sign '=' inferred
35756053	Table_2.XLSX	Sheet1	GN3F + FRCOL								gentamicin	<=	2		
35756053	Table_2.XLSX	Sheet1	GN3F + FRCOL								ciprofloxacin	<=	0.5		
35756053	Table_2.XLSX	Sheet1	GN3F + FRCOL								piperacillin/tazobactam	<=	16/4		
35756053	Table_2.XLSX	Sheet1	GN3F + FRCOL								cefoxitin	<=	4		
35756053	Table_2.XLSX	Sheet1	GN3F + FRCOL								trimethoprim	<=	0.5/9.5		
35756053	Table_2.XLSX	Sheet1	GN3F + FRCOL								cefpodoxime	<=	2		
35756053	Table_2.XLSX	Sheet1	GN3F + FRCOL								ceftazidime	<=	1		
35756053	Table_2.XLSX	Sheet1	GN3F + FRCOL								tobramycin	<=	4		
35756053	Table_2.XLSX	Sheet1	GN3F + FRCOL								tigecycline	<=	1		
35756053	Table_2.XLSX	Sheet1	GN3F + FRCOL								ticarcillin/clavulanic acid	<=	16/2		
35756053	Table_2.XLSX	Sheet1	GN3F + FRCOL								ceftriaxone	<=	1		
35756053	Table_2.XLSX	Sheet1	GN3F + FRCOL								tetracycline	>	16		
35756053	Table_2.XLSX	Sheet1	GN3F + FRCOL								colistin	=	0.5		mic_sign '=' inferred
35756053	Table_2.XLSX	Sheet1	GN3F + FRCOL								amikacin	<=	8		
35756053	Table_2.XLSX	Sheet1	GN3F + FRCOL								ampicillin	<=	4		
35756053	Table_2.XLSX	Sheet1	GN3F + FRCOL								ampicillin/sulbactam	<=	4/2		
35756053	Table_2.XLSX	Sheet1	GN3F + FRCOL								aztreonam	<=	4		
35756053	Table_2.XLSX	Sheet1	GN3F + FRCOL								cefazolin	<=	4		
35756053	Table_2.XLSX	Sheet1	GN3F + FRCOL								cefepime	<=	4		
35756053	Table_2.XLSX	Sheet1	GN3F + FRCOL								cephalothin	=	8		mic_sign '=' inferred
35756053	Table_2.XLSX	Sheet1	GN3F + FRCOL								meropenem	<=	1		
35756053	Table_2.XLSX	Sheet1	GN3F + FRCOL								ertapenem	<=	2		
35756053	Table_2.XLSX	Sheet1	GN3F + FRCOL								cefuroxime	<=	4		
35756053	Table_2.XLSX	Sheet1	GN3F + FRCOL								gentamicin	<=	2		
35756053	Table_2.XLSX	Sheet1	GN3F + FRCOL								ciprofloxacin	<=	0.5		
35756053	Table_2.XLSX	Sheet1	GN3F + FRCOL								piperacillin/tazobactam	<=	16/4		
35756053	Table_2.XLSX	Sheet1	GN3F + FRCOL								cefoxitin	<=	4		
35756053	Table_2.XLSX	Sheet1	GN3F + FRCOL								trimethoprim	<=	0.5/9.5		
35756053	Table_2.XLSX	Sheet1	GN3F + FRCOL								cefpodoxime	<=	2		
35756053	Table_2.XLSX	Sheet1	GN3F + FRCOL								ceftazidime	<=	1		
35756053	Table_2.XLSX	Sheet1	GN3F + FRCOL								tobramycin	<=	4		
35756053	Table_2.XLSX	Sheet1	GN3F + FRCOL								tigecycline	<=	1		
35756053	Table_2.XLSX	Sheet1	GN3F + FRCOL								ticarcillin/clavulanic acid	<=	16/2		
35756053	Table_2.XLSX	Sheet1	GN3F + FRCOL								ceftriaxone	<=	1		
35756053	Table_2.XLSX	Sheet1	GN3F + FRCOL								tetracycline	=	1		mic_sign '=' inferred
35756053	Table_2.XLSX	Sheet1	GN3F + FRCOL								colistin	=	0.5		mic_sign '=' inferred
35756053	Table_2.XLSX	Sheet1	GN3F + FRCOL								amikacin	<=	8		
35756053	Table_2.XLSX	Sheet1	GN3F + FRCOL								ampicillin	<=	4		
35756053	Table_2.XLSX	Sheet1	GN3F + FRCOL								ampicillin/sulbactam	<=	4/2		
35756053	Table_2.XLSX	Sheet1	GN3F + FRCOL								aztreonam	<=	4		
35756053	Table_2.XLSX	Sheet1	GN3F + FRCOL								cefazolin	<=	4		
35756053	Table_2.XLSX	Sheet1	GN3F + FRCOL								cefepime	<=	4		
35756053	Table_2.XLSX	Sheet1	GN3F + FRCOL								cephalothin	=	8		mic_sign '=' inferred
35756053	Table_2.XLSX	Sheet1	GN3F + FRCOL								meropenem	<=	1		
35756053	Table_2.XLSX	Sheet1	GN3F + FRCOL								ertapenem	<=	2		
35756053	Table_2.XLSX	Sheet1	GN3F + FRCOL								cefuroxime	<=	4		
35756053	Table_2.XLSX	Sheet1	GN3F + FRCOL								gentamicin	<=	2		
35756053	Table_2.XLSX	Sheet1	GN3F + FRCOL								ciprofloxacin	<=	0.5		
35756053	Table_2.XLSX	Sheet1	GN3F + FRCOL								piperacillin/tazobactam	<=	16/4		
35756053	Table_2.XLSX	Sheet1	GN3F + FRCOL								cefoxitin	<=	4		
35756053	Table_2.XLSX	Sheet1	GN3F + FRCOL								trimethoprim	<=	0.5/9.5		
35756053	Table_2.XLSX	Sheet1	GN3F + FRCOL								cefpodoxime	<=	2		
35756053	Table_2.XLSX	Sheet1	GN3F + FRCOL								ceftazidime	<=	1		
35756053	Table_2.XLSX	Sheet1	GN3F + FRCOL								tobramycin	<=	4		
35756053	Table_2.XLSX	Sheet1	GN3F + FRCOL								tigecycline	<=	1		
35756053	Table_2.XLSX	Sheet1	GN3F + FRCOL								ticarcillin/clavulanic acid	<=	16/2		
35756053	Table_2.XLSX	Sheet1	GN3F + FRCOL								ceftriaxone	<=	1		
35756053	Table_2.XLSX	Sheet1	GN3F + FRCOL								tetracycline	=	1		mic_sign '=' inferred
35756053	Table_2.XLSX	Sheet1	GN3F + FRCOL								colistin	=	0.5		mic_sign '=' inferred
35756053	Table_2.XLSX	Sheet1	GN3F + FRCOL								amikacin	<=	8		
35756053	Table_2.XLSX	Sheet1	GN3F + FRCOL								ampicillin	<=	4		
35756053	Table_2.XLSX	Sheet1	GN3F + FRCOL								ampicillin/sulbactam	<=	4/2		
35756053	Table_2.XLSX	Sheet1	GN3F + FRCOL								aztreonam	<=	4		
35756053	Table_2.XLSX	Sheet1	GN3F + FRCOL								cefazolin	<=	4		
35756053	Table_2.XLSX	Sheet1	GN3F + FRCOL								cefepime	<=	4		
35756053	Table_2.XLSX	Sheet1	GN3F + FRCOL								cephalothin	=	8		mic_sign '=' inferred
35756053	Table_2.XLSX	Sheet1	GN3F + FRCOL								meropenem	<=	1		
35756053	Table_2.XLSX	Sheet1	GN3F + FRCOL								ertapenem	<=	2		
35756053	Table_2.XLSX	Sheet1	GN3F + FRCOL								cefuroxime	<=	4		
35756053	Table_2.XLSX	Sheet1	GN3F + FRCOL								gentamicin	<=	2		
35756053	Table_2.XLSX	Sheet1	GN3F + FRCOL								ciprofloxacin	<=	0.5		
35756053	Table_2.XLSX	Sheet1	GN3F + FRCOL								piperacillin/tazobactam	<=	16/4		
35756053	Table_2.XLSX	Sheet1	GN3F + FRCOL								cefoxitin	<=	4		
35756053	Table_2.XLSX	Sheet1	GN3F + FRCOL								trimethoprim	<=	0.5/9.5		
35756053	Table_2.XLSX	Sheet1	GN3F + FRCOL								cefpodoxime	<=	2		
35756053	Table_2.XLSX	Sheet1	GN3F + FRCOL								ceftazidime	<=	1		
35756053	Table_2.XLSX	Sheet1	GN3F + FRCOL								tobramycin	<=	4		
35756053	Table_2.XLSX	Sheet1	GN3F + FRCOL								tigecycline	<=	1		
35756053	Table_2.XLSX	Sheet1	GN3F + FRCOL								ticarcillin/clavulanic acid	<=	16/2		
35756053	Table_2.XLSX	Sheet1	GN3F + FRCOL								ceftriaxone	<=	1		
35756053	Table_2.XLSX	Sheet1	GN3F + FRCOL								tetracycline	=	2		mic_sign '=' inferred
35756053	Table_2.XLSX	Sheet1	GN3F + FRCOL								colistin	=	0.5		mic_sign '=' inferred
35756053	Table_2.XLSX	Sheet1	GN3F + FRCOL								amikacin	<=	8		
35756053	Table_2.XLSX	Sheet1	GN3F + FRCOL								ampicillin	<=	4		
35756053	Table_2.XLSX	Sheet1	GN3F + FRCOL								ampicillin/sulbactam	<=	4/2		
35756053	Table_2.XLSX	Sheet1	GN3F + FRCOL								aztreonam	<=	4		
35756053	Table_2.XLSX	Sheet1	GN3F + FRCOL								cefazolin	<=	4		
35756053	Table_2.XLSX	Sheet1	GN3F + FRCOL								cefepime	<=	4		
35756053	Table_2.XLSX	Sheet1	GN3F + FRCOL								cephalothin	=	8		mic_sign '=' inferred
35756053	Table_2.XLSX	Sheet1	GN3F + FRCOL								meropenem	<=	1		
35756053	Table_2.XLSX	Sheet1	GN3F + FRCOL								ertapenem	<=	2		
35756053	Table_2.XLSX	Sheet1	GN3F + FRCOL								cefuroxime	<=	4		
35756053	Table_2.XLSX	Sheet1	GN3F + FRCOL								gentamicin	<=	2		
35756053	Table_2.XLSX	Sheet1	GN3F + FRCOL								ciprofloxacin	<=	0.5		
35756053	Table_2.XLSX	Sheet1	GN3F + FRCOL								piperacillin/tazobactam	<=	16/4		
35756053	Table_2.XLSX	Sheet1	GN3F + FRCOL								cefoxitin	<=	4		
35756053	Table_2.XLSX	Sheet1	GN3F + FRCOL								trimethoprim	<=	0.5/9.5		
35756053	Table_2.XLSX	Sheet1	GN3F + FRCOL								cefpodoxime	<=	2		
35756053	Table_2.XLSX	Sheet1	GN3F + FRCOL								ceftazidime	<=	1		
35756053	Table_2.XLSX	Sheet1	GN3F + FRCOL								tobramycin	<=	4		
35756053	Table_2.XLSX	Sheet1	GN3F + FRCOL								tigecycline	<=	1		
35756053	Table_2.XLSX	Sheet1	GN3F + FRCOL								ticarcillin/clavulanic acid	<=	16/2		
35756053	Table_2.XLSX	Sheet1	GN3F + FRCOL								ceftriaxone	<=	1		
35756053	Table_2.XLSX	Sheet1	GN3F + FRCOL								tetracycline	=	1		mic_sign '=' inferred
35756053	Table_2.XLSX	Sheet1	GN3F + FRCOL								colistin	=	0.25		mic_sign '=' inferred
35756053	Table_2.XLSX	Sheet1	GN3F + FRCOL								amikacin	<=	8		
35756053	Table_2.XLSX	Sheet1	GN3F + FRCOL								ampicillin	<=	4		
35756053	Table_2.XLSX	Sheet1	GN3F + FRCOL								ampicillin/sulbactam	<=	4/2		
35756053	Table_2.XLSX	Sheet1	GN3F + FRCOL								aztreonam	<=	4		
35756053	Table_2.XLSX	Sheet1	GN3F + FRCOL								cefazolin	<=	4		
35756053	Table_2.XLSX	Sheet1	GN3F + FRCOL								cefepime	<=	4		
35756053	Table_2.XLSX	Sheet1	GN3F + FRCOL								cephalothin	=	8		mic_sign '=' inferred
35756053	Table_2.XLSX	Sheet1	GN3F + FRCOL								meropenem	<=	1		
35756053	Table_2.XLSX	Sheet1	GN3F + FRCOL								ertapenem	<=	2		
35756053	Table_2.XLSX	Sheet1	GN3F + FRCOL								cefuroxime	<=	4		
35756053	Table_2.XLSX	Sheet1	GN3F + FRCOL								gentamicin	<=	2		
35756053	Table_2.XLSX	Sheet1	GN3F + FRCOL								ciprofloxacin	<=	0.5		
35756053	Table_2.XLSX	Sheet1	GN3F + FRCOL								piperacillin/tazobactam	<=	16/4		
35756053	Table_2.XLSX	Sheet1	GN3F + FRCOL								cefoxitin	=	8		mic_sign '=' inferred
35756053	Table_2.XLSX	Sheet1	GN3F + FRCOL								trimethoprim	<=	0.5/9.5		
35756053	Table_2.XLSX	Sheet1	GN3F + FRCOL								cefpodoxime	<=	2		
35756053	Table_2.XLSX	Sheet1	GN3F + FRCOL								ceftazidime	<=	1		
35756053	Table_2.XLSX	Sheet1	GN3F + FRCOL								tobramycin	<=	4		
35756053	Table_2.XLSX	Sheet1	GN3F + FRCOL								tigecycline	<=	1		
35756053	Table_2.XLSX	Sheet1	GN3F + FRCOL								ticarcillin/clavulanic acid	<=	16/2		
35756053	Table_2.XLSX	Sheet1	GN3F + FRCOL								ceftriaxone	<=	1		
35756053	Table_2.XLSX	Sheet1	GN3F + FRCOL								tetracycline	=	2		mic_sign '=' inferred
35756053	Table_2.XLSX	Sheet1	GN3F + FRCOL								colistin	=	0.25		mic_sign '=' inferred
35756053	Table_2.XLSX	Sheet1	GN3F + FRCOL								amikacin	<=	8		
35756053	Table_2.XLSX	Sheet1	GN3F + FRCOL								ampicillin	<=	4		
35756053	Table_2.XLSX	Sheet1	GN3F + FRCOL								ampicillin/sulbactam	<=	4/2		
35756053	Table_2.XLSX	Sheet1	GN3F + FRCOL								aztreonam	<=	4		
35756053	Table_2.XLSX	Sheet1	GN3F + FRCOL								cefazolin	<=	4		
35756053	Table_2.XLSX	Sheet1	GN3F + FRCOL								cefepime	<=	4		
35756053	Table_2.XLSX	Sheet1	GN3F + FRCOL								cephalothin	=	8		mic_sign '=' inferred
35756053	Table_2.XLSX	Sheet1	GN3F + FRCOL								meropenem	<=	1		
35756053	Table_2.XLSX	Sheet1	GN3F + FRCOL								ertapenem	<=	2		
35756053	Table_2.XLSX	Sheet1	GN3F + FRCOL								cefuroxime	<=	4		
35756053	Table_2.XLSX	Sheet1	GN3F + FRCOL								gentamicin	<=	2		
35756053	Table_2.XLSX	Sheet1	GN3F + FRCOL								ciprofloxacin	<=	0.5		
35756053	Table_2.XLSX	Sheet1	GN3F + FRCOL								piperacillin/tazobactam	<=	16/4		
35756053	Table_2.XLSX	Sheet1	GN3F + FRCOL								cefoxitin	<=	4		
35756053	Table_2.XLSX	Sheet1	GN3F + FRCOL								trimethoprim	<=	0.5/9.5		
35756053	Table_2.XLSX	Sheet1	GN3F + FRCOL								cefpodoxime	<=	2		
35756053	Table_2.XLSX	Sheet1	GN3F + FRCOL								ceftazidime	<=	1		
35756053	Table_2.XLSX	Sheet1	GN3F + FRCOL								tobramycin	<=	4		
35756053	Table_2.XLSX	Sheet1	GN3F + FRCOL								tigecycline	<=	1		
35756053	Table_2.XLSX	Sheet1	GN3F + FRCOL								ticarcillin/clavulanic acid	<=	16/2		
35756053	Table_2.XLSX	Sheet1	GN3F + FRCOL								ceftriaxone	<=	1		
35756053	Table_2.XLSX	Sheet1	GN3F + FRCOL								tetracycline	=	2		mic_sign '=' inferred
35756053	Table_2.XLSX	Sheet1	GN3F + FRCOL								colistin	=	0.5		mic_sign '=' inferred
35756053	Table_2.XLSX	Sheet1	GN3F + FRCOL								amikacin	<=	8		
35756053	Table_2.XLSX	Sheet1	GN3F + FRCOL								ampicillin	<=	4		
35756053	Table_2.XLSX	Sheet1	GN3F + FRCOL								ampicillin/sulbactam	<=	4/2		
35756053	Table_2.XLSX	Sheet1	GN3F + FRCOL								aztreonam	<=	4		
35756053	Table_2.XLSX	Sheet1	GN3F + FRCOL								cefazolin	<=	4		
35756053	Table_2.XLSX	Sheet1	GN3F + FRCOL								cefepime	<=	4		
35756053	Table_2.XLSX	Sheet1	GN3F + FRCOL								cephalothin	=	8		mic_sign '=' inferred
35756053	Table_2.XLSX	Sheet1	GN3F + FRCOL								meropenem	<=	1		
35756053	Table_2.XLSX	Sheet1	GN3F + FRCOL								ertapenem	<=	2		
35756053	Table_2.XLSX	Sheet1	GN3F + FRCOL								cefuroxime	<=	4		
35756053	Table_2.XLSX	Sheet1	GN3F + FRCOL								gentamicin	<=	2		
35756053	Table_2.XLSX	Sheet1	GN3F + FRCOL								ciprofloxacin	<=	0.5		
35756053	Table_2.XLSX	Sheet1	GN3F + FRCOL								piperacillin/tazobactam	<=	16/4		
35756053	Table_2.XLSX	Sheet1	GN3F + FRCOL								cefoxitin	<=	4		
35756053	Table_2.XLSX	Sheet1	GN3F + FRCOL								trimethoprim	<=	0.5/9.5		
35756053	Table_2.XLSX	Sheet1	GN3F + FRCOL								cefpodoxime	<=	2		
35756053	Table_2.XLSX	Sheet1	GN3F + FRCOL								ceftazidime	<=	1		
35756053	Table_2.XLSX	Sheet1	GN3F + FRCOL								tobramycin	<=	4		
35756053	Table_2.XLSX	Sheet1	GN3F + FRCOL								tigecycline	<=	1		
35756053	Table_2.XLSX	Sheet1	GN3F + FRCOL								ticarcillin/clavulanic acid	<=	16/2		
35756053	Table_2.XLSX	Sheet1	GN3F + FRCOL								ceftriaxone	<=	1		
35756053	Table_2.XLSX	Sheet1	GN3F + FRCOL								tetracycline	=	1		mic_sign '=' inferred
35756053	Table_2.XLSX	Sheet1	GN3F + FRCOL								colistin	=	0.25		mic_sign '=' inferred
35756053	Table_2.XLSX	Sheet1	GN3F + FRCOL								amikacin	<=	8		
35756053	Table_2.XLSX	Sheet1	GN3F + FRCOL								ampicillin	<=	4		
35756053	Table_2.XLSX	Sheet1	GN3F + FRCOL								ampicillin/sulbactam	<=	4/2		
35756053	Table_2.XLSX	Sheet1	GN3F + FRCOL								aztreonam	<=	4		
35756053	Table_2.XLSX	Sheet1	GN3F + FRCOL								cefazolin	<=	4		
35756053	Table_2.XLSX	Sheet1	GN3F + FRCOL								cefepime	<=	4		
35756053	Table_2.XLSX	Sheet1	GN3F + FRCOL								cephalothin	=	8		mic_sign '=' inferred
35756053	Table_2.XLSX	Sheet1	GN3F + FRCOL								meropenem	<=	1		
35756053	Table_2.XLSX	Sheet1	GN3F + FRCOL								ertapenem	<=	2		
35756053	Table_2.XLSX	Sheet1	GN3F + FRCOL								cefuroxime	<=	4		
35756053	Table_2.XLSX	Sheet1	GN3F + FRCOL								gentamicin	<=	2		
35756053	Table_2.XLSX	Sheet1	GN3F + FRCOL								ciprofloxacin	<=	0.5		
35756053	Table_2.XLSX	Sheet1	GN3F + FRCOL								piperacillin/tazobactam	<=	16/4		
35756053	Table_2.XLSX	Sheet1	GN3F + FRCOL								cefoxitin	=	8		mic_sign '=' inferred
35756053	Table_2.XLSX	Sheet1	GN3F + FRCOL								trimethoprim	<=	0.5/9.5		
35756053	Table_2.XLSX	Sheet1	GN3F + FRCOL								cefpodoxime	<=	2		
35756053	Table_2.XLSX	Sheet1	GN3F + FRCOL								ceftazidime	<=	1		
35756053	Table_2.XLSX	Sheet1	GN3F + FRCOL								tobramycin	<=	4		
35756053	Table_2.XLSX	Sheet1	GN3F + FRCOL								tigecycline	<=	1		
35756053	Table_2.XLSX	Sheet1	GN3F + FRCOL								ticarcillin/clavulanic acid	<=	16/2		
35756053	Table_2.XLSX	Sheet1	GN3F + FRCOL								ceftriaxone	<=	1		
35756053	Table_2.XLSX	Sheet1	GN3F + FRCOL								tetracycline	=	2		mic_sign '=' inferred
35756053	Table_2.XLSX	Sheet1	GN3F + FRCOL								colistin	=	0.25		mic_sign '=' inferred
35756053	Table_2.XLSX	Sheet1	GN3F + FRCOL								amikacin	<=	8		
35756053	Table_2.XLSX	Sheet1	GN3F + FRCOL								ampicillin	>	32		
35756053	Table_2.XLSX	Sheet1	GN3F + FRCOL								ampicillin/sulbactam	=	16/8		mic_sign '=' inferred
35756053	Table_2.XLSX	Sheet1	GN3F + FRCOL								aztreonam	<=	4		
35756053	Table_2.XLSX	Sheet1	GN3F + FRCOL								cefazolin	<=	4		
35756053	Table_2.XLSX	Sheet1	GN3F + FRCOL								cefepime	<=	4		
35756053	Table_2.XLSX	Sheet1	GN3F + FRCOL								cephalothin	=	16		mic_sign '=' inferred
35756053	Table_2.XLSX	Sheet1	GN3F + FRCOL								meropenem	<=	1		
35756053	Table_2.XLSX	Sheet1	GN3F + FRCOL								ertapenem	<=	2		
35756053	Table_2.XLSX	Sheet1	GN3F + FRCOL								cefuroxime	<=	4		
35756053	Table_2.XLSX	Sheet1	GN3F + FRCOL								gentamicin	<=	2		
35756053	Table_2.XLSX	Sheet1	GN3F + FRCOL								ciprofloxacin	<=	0.5		
35756053	Table_2.XLSX	Sheet1	GN3F + FRCOL								piperacillin/tazobactam	<=	16/4		
35756053	Table_2.XLSX	Sheet1	GN3F + FRCOL								cefoxitin	<=	4		
35756053	Table_2.XLSX	Sheet1	GN3F + FRCOL								trimethoprim	>	4/76		
35756053	Table_2.XLSX	Sheet1	GN3F + FRCOL								cefpodoxime	<=	2		
35756053	Table_2.XLSX	Sheet1	GN3F + FRCOL								ceftazidime	<=	1		
35756053	Table_2.XLSX	Sheet1	GN3F + FRCOL								tobramycin	<=	4		
35756053	Table_2.XLSX	Sheet1	GN3F + FRCOL								tigecycline	<=	1		
35756053	Table_2.XLSX	Sheet1	GN3F + FRCOL								ticarcillin/clavulanic acid	=	32/2		mic_sign '=' inferred
35756053	Table_2.XLSX	Sheet1	GN3F + FRCOL								ceftriaxone	<=	1		
35756053	Table_2.XLSX	Sheet1	GN3F + FRCOL								tetracycline	>	16		
35756053	Table_2.XLSX	Sheet1	GN3F + FRCOL								colistin	=	0.25		mic_sign '=' inferred
35756053	Table_2.XLSX	Sheet1	GN3F + FRCOL								amikacin	<=	8		
35756053	Table_2.XLSX	Sheet1	GN3F + FRCOL								ampicillin	>	32		
35756053	Table_2.XLSX	Sheet1	GN3F + FRCOL								ampicillin/sulbactam	=	8/4		mic_sign '=' inferred
35756053	Table_2.XLSX	Sheet1	GN3F + FRCOL								aztreonam	<=	4		
35756053	Table_2.XLSX	Sheet1	GN3F + FRCOL								cefazolin	<=	4		
35756053	Table_2.XLSX	Sheet1	GN3F + FRCOL								cefepime	<=	4		
35756053	Table_2.XLSX	Sheet1	GN3F + FRCOL								cephalothin	=	16		mic_sign '=' inferred
35756053	Table_2.XLSX	Sheet1	GN3F + FRCOL								meropenem	<=	1		
35756053	Table_2.XLSX	Sheet1	GN3F + FRCOL								ertapenem	<=	2		
35756053	Table_2.XLSX	Sheet1	GN3F + FRCOL								cefuroxime	<=	4		
35756053	Table_2.XLSX	Sheet1	GN3F + FRCOL								gentamicin	<=	2		
35756053	Table_2.XLSX	Sheet1	GN3F + FRCOL								ciprofloxacin	<=	0.5		
35756053	Table_2.XLSX	Sheet1	GN3F + FRCOL								piperacillin/tazobactam	<=	16/4		
35756053	Table_2.XLSX	Sheet1	GN3F + FRCOL								cefoxitin	<=	4		
35756053	Table_2.XLSX	Sheet1	GN3F + FRCOL								trimethoprim	<=	0.5/9.5		
35756053	Table_2.XLSX	Sheet1	GN3F + FRCOL								cefpodoxime	<=	2		
35756053	Table_2.XLSX	Sheet1	GN3F + FRCOL								ceftazidime	=	2		mic_sign '=' inferred
35756053	Table_2.XLSX	Sheet1	GN3F + FRCOL								tobramycin	<=	4		
35756053	Table_2.XLSX	Sheet1	GN3F + FRCOL								tigecycline	<=	1		
35756053	Table_2.XLSX	Sheet1	GN3F + FRCOL								ticarcillin/clavulanic acid	<=	16/2		
35756053	Table_2.XLSX	Sheet1	GN3F + FRCOL								ceftriaxone	<=	1		
35756053	Table_2.XLSX	Sheet1	GN3F + FRCOL								tetracycline	=	2		mic_sign '=' inferred
35756053	Table_2.XLSX	Sheet1	GN3F + FRCOL								colistin	=	0.5		mic_sign '=' inferred
35756053	Table_2.XLSX	Sheet1	GN3F + FRCOL								amikacin	<=	8		
35756053	Table_2.XLSX	Sheet1	GN3F + FRCOL								ampicillin	>	32		
35756053	Table_2.XLSX	Sheet1	GN3F + FRCOL								ampicillin/sulbactam	=	32/16		mic_sign '=' inferred
35756053	Table_2.XLSX	Sheet1	GN3F + FRCOL								aztreonam	<=	4		
35756053	Table_2.XLSX	Sheet1	GN3F + FRCOL								cefazolin	=	8		mic_sign '=' inferred
35756053	Table_2.XLSX	Sheet1	GN3F + FRCOL								cefepime	<=	4		
35756053	Table_2.XLSX	Sheet1	GN3F + FRCOL								cephalothin	>	16		
35756053	Table_2.XLSX	Sheet1	GN3F + FRCOL								meropenem	<=	1		
35756053	Table_2.XLSX	Sheet1	GN3F + FRCOL								ertapenem	<=	2		
35756053	Table_2.XLSX	Sheet1	GN3F + FRCOL								cefuroxime	<=	4		
35756053	Table_2.XLSX	Sheet1	GN3F + FRCOL								gentamicin	<=	2		
35756053	Table_2.XLSX	Sheet1	GN3F + FRCOL								ciprofloxacin	<=	0.5		
35756053	Table_2.XLSX	Sheet1	GN3F + FRCOL								piperacillin/tazobactam	<=	16/4		
35756053	Table_2.XLSX	Sheet1	GN3F + FRCOL								cefoxitin	<=	4		
35756053	Table_2.XLSX	Sheet1	GN3F + FRCOL								trimethoprim	<=	0.5/9.5		
35756053	Table_2.XLSX	Sheet1	GN3F + FRCOL								cefpodoxime	<=	2		
35756053	Table_2.XLSX	Sheet1	GN3F + FRCOL								ceftazidime	<=	1		
35756053	Table_2.XLSX	Sheet1	GN3F + FRCOL								tobramycin	<=	4		
35756053	Table_2.XLSX	Sheet1	GN3F + FRCOL								tigecycline	<=	1		
35756053	Table_2.XLSX	Sheet1	GN3F + FRCOL								ticarcillin/clavulanic acid	=	32/2		mic_sign '=' inferred
35756053	Table_2.XLSX	Sheet1	GN3F + FRCOL								ceftriaxone	<=	1		
35756053	Table_2.XLSX	Sheet1	GN3F + FRCOL								tetracycline	=	1		mic_sign '=' inferred
35756053	Table_2.XLSX	Sheet1	GN3F + FRCOL								colistin	=	0.5		mic_sign '=' inferred
35756053	Table_2.XLSX	Sheet1	GN3F + FRCOL								amikacin	=	16		mic_sign '=' inferred
35756053	Table_2.XLSX	Sheet1	GN3F + FRCOL								ampicillin	>	32		
35756053	Table_2.XLSX	Sheet1	GN3F + FRCOL								ampicillin/sulbactam	=	32/16		mic_sign '=' inferred
35756053	Table_2.XLSX	Sheet1	GN3F + FRCOL								aztreonam	<=	4		
35756053	Table_2.XLSX	Sheet1	GN3F + FRCOL								cefazolin	>	32		
35756053	Table_2.XLSX	Sheet1	GN3F + FRCOL								cefepime	<=	4		
35756053	Table_2.XLSX	Sheet1	GN3F + FRCOL								cephalothin	>	16		
35756053	Table_2.XLSX	Sheet1	GN3F + FRCOL								meropenem	<=	1		
35756053	Table_2.XLSX	Sheet1	GN3F + FRCOL								ertapenem	<=	2		
35756053	Table_2.XLSX	Sheet1	GN3F + FRCOL								cefuroxime	>	32		
35756053	Table_2.XLSX	Sheet1	GN3F + FRCOL								gentamicin	<=	2		
35756053	Table_2.XLSX	Sheet1	GN3F + FRCOL								ciprofloxacin	>	4		
35756053	Table_2.XLSX	Sheet1	GN3F + FRCOL								piperacillin/tazobactam	<=	16/4		
35756053	Table_2.XLSX	Sheet1	GN3F + FRCOL								cefoxitin	=	8		mic_sign '=' inferred
35756053	Table_2.XLSX	Sheet1	GN3F + FRCOL								trimethoprim	>	4/76		
35756053	Table_2.XLSX	Sheet1	GN3F + FRCOL								cefpodoxime	>	16		
35756053	Table_2.XLSX	Sheet1	GN3F + FRCOL								ceftazidime	<=	1		
35756053	Table_2.XLSX	Sheet1	GN3F + FRCOL								tobramycin	>	8		
35756053	Table_2.XLSX	Sheet1	GN3F + FRCOL								tigecycline	<=	1		
35756053	Table_2.XLSX	Sheet1	GN3F + FRCOL								ticarcillin/clavulanic acid	=	64/2		mic_sign '=' inferred
35756053	Table_2.XLSX	Sheet1	GN3F + FRCOL								ceftriaxone	=	64		mic_sign '=' inferred
35756053	Table_2.XLSX	Sheet1	GN3F + FRCOL								tetracycline	=	4		mic_sign '=' inferred
35756053	Table_2.XLSX	Sheet1	GN3F + FRCOL								colistin	=	0.5		mic_sign '=' inferred
35756053	Table_2.XLSX	Sheet1	GN3F + FRCOL								amikacin	<=	8		
35756053	Table_2.XLSX	Sheet1	GN3F + FRCOL								ampicillin	<=	4		
35756053	Table_2.XLSX	Sheet1	GN3F + FRCOL								ampicillin/sulbactam	<=	4/2		
35756053	Table_2.XLSX	Sheet1	GN3F + FRCOL								aztreonam	<=	4		
35756053	Table_2.XLSX	Sheet1	GN3F + FRCOL								cefazolin	<=	4		
35756053	Table_2.XLSX	Sheet1	GN3F + FRCOL								cefepime	<=	4		
35756053	Table_2.XLSX	Sheet1	GN3F + FRCOL								cephalothin	=	16		mic_sign '=' inferred
35756053	Table_2.XLSX	Sheet1	GN3F + FRCOL								meropenem	<=	1		
35756053	Table_2.XLSX	Sheet1	GN3F + FRCOL								ertapenem	<=	2		
35756053	Table_2.XLSX	Sheet1	GN3F + FRCOL								cefuroxime	=	8		mic_sign '=' inferred
35756053	Table_2.XLSX	Sheet1	GN3F + FRCOL								gentamicin	<=	2		
35756053	Table_2.XLSX	Sheet1	GN3F + FRCOL								ciprofloxacin	<=	0.5		
35756053	Table_2.XLSX	Sheet1	GN3F + FRCOL								piperacillin/tazobactam	<=	16/4		
35756053	Table_2.XLSX	Sheet1	GN3F + FRCOL								cefoxitin	<=	4		
35756053	Table_2.XLSX	Sheet1	GN3F + FRCOL								trimethoprim	<=	0.5/9.5		
35756053	Table_2.XLSX	Sheet1	GN3F + FRCOL								cefpodoxime	<=	2		
35756053	Table_2.XLSX	Sheet1	GN3F + FRCOL								ceftazidime	<=	1		
35756053	Table_2.XLSX	Sheet1	GN3F + FRCOL								tobramycin	<=	4		
35756053	Table_2.XLSX	Sheet1	GN3F + FRCOL								tigecycline	<=	1		
35756053	Table_2.XLSX	Sheet1	GN3F + FRCOL								ticarcillin/clavulanic acid	<=	16/2		
35756053	Table_2.XLSX	Sheet1	GN3F + FRCOL								ceftriaxone	<=	1		
35756053	Table_2.XLSX	Sheet1	GN3F + FRCOL								tetracycline	=	2		mic_sign '=' inferred
35756053	Table_2.XLSX	Sheet1	GN3F + FRCOL								colistin	=	0.5		mic_sign '=' inferred
35756053	Table_2.XLSX	Sheet1	GN3F + FRCOL								amikacin	<=	8		
35756053	Table_2.XLSX	Sheet1	GN3F + FRCOL								ampicillin	>	32		
35756053	Table_2.XLSX	Sheet1	GN3F + FRCOL								ampicillin/sulbactam	=	8/4		mic_sign '=' inferred
35756053	Table_2.XLSX	Sheet1	GN3F + FRCOL								aztreonam	<=	4		
35756053	Table_2.XLSX	Sheet1	GN3F + FRCOL								cefazolin	<=	4		
35756053	Table_2.XLSX	Sheet1	GN3F + FRCOL								cefepime	<=	4		
35756053	Table_2.XLSX	Sheet1	GN3F + FRCOL								cephalothin	=	8		mic_sign '=' inferred
35756053	Table_2.XLSX	Sheet1	GN3F + FRCOL								meropenem	<=	1		
35756053	Table_2.XLSX	Sheet1	GN3F + FRCOL								ertapenem	<=	2		
35756053	Table_2.XLSX	Sheet1	GN3F + FRCOL								cefuroxime	<=	4		
35756053	Table_2.XLSX	Sheet1	GN3F + FRCOL								gentamicin	<=	2		
35756053	Table_2.XLSX	Sheet1	GN3F + FRCOL								ciprofloxacin	<=	0.5		
35756053	Table_2.XLSX	Sheet1	GN3F + FRCOL								piperacillin/tazobactam	<=	16/4		
35756053	Table_2.XLSX	Sheet1	GN3F + FRCOL								cefoxitin	<=	4		
35756053	Table_2.XLSX	Sheet1	GN3F + FRCOL								trimethoprim	<=	0.5/9.5		
35756053	Table_2.XLSX	Sheet1	GN3F + FRCOL								cefpodoxime	<=	2		
35756053	Table_2.XLSX	Sheet1	GN3F + FRCOL								ceftazidime	<=	1		
35756053	Table_2.XLSX	Sheet1	GN3F + FRCOL								tobramycin	<=	4		
35756053	Table_2.XLSX	Sheet1	GN3F + FRCOL								tigecycline	<=	1		
35756053	Table_2.XLSX	Sheet1	GN3F + FRCOL								ticarcillin/clavulanic acid	<=	16/2		
35756053	Table_2.XLSX	Sheet1	GN3F + FRCOL								ceftriaxone	<=	1		
35756053	Table_2.XLSX	Sheet1	GN3F + FRCOL								tetracycline	>	16		
35756053	Table_2.XLSX	Sheet1	GN3F + FRCOL								colistin	=	0.5		mic_sign '=' inferred
35756053	Table_2.XLSX	Sheet1	GN3F + FRCOL								amikacin	<=	8		
35756053	Table_2.XLSX	Sheet1	GN3F + FRCOL								ampicillin	<=	4		
35756053	Table_2.XLSX	Sheet1	GN3F + FRCOL								ampicillin/sulbactam	<=	4/2		
35756053	Table_2.XLSX	Sheet1	GN3F + FRCOL								aztreonam	<=	4		
35756053	Table_2.XLSX	Sheet1	GN3F + FRCOL								cefazolin	<=	4		
35756053	Table_2.XLSX	Sheet1	GN3F + FRCOL								cefepime	<=	4		
35756053	Table_2.XLSX	Sheet1	GN3F + FRCOL								cephalothin	<=	2		
35756053	Table_2.XLSX	Sheet1	GN3F + FRCOL								meropenem	<=	1		
35756053	Table_2.XLSX	Sheet1	GN3F + FRCOL								ertapenem	<=	2		
35756053	Table_2.XLSX	Sheet1	GN3F + FRCOL								cefuroxime	<=	4		
35756053	Table_2.XLSX	Sheet1	GN3F + FRCOL								gentamicin	<=	2		
35756053	Table_2.XLSX	Sheet1	GN3F + FRCOL								ciprofloxacin	<=	0.5		
35756053	Table_2.XLSX	Sheet1	GN3F + FRCOL								piperacillin/tazobactam	<=	16/4		
35756053	Table_2.XLSX	Sheet1	GN3F + FRCOL								cefoxitin	<=	4		
35756053	Table_2.XLSX	Sheet1	GN3F + FRCOL								trimethoprim	<=	0.5/9.5		
35756053	Table_2.XLSX	Sheet1	GN3F + FRCOL								cefpodoxime	<=	2		
35756053	Table_2.XLSX	Sheet1	GN3F + FRCOL								ceftazidime	<=	1		
35756053	Table_2.XLSX	Sheet1	GN3F + FRCOL								tobramycin	<=	4		
35756053	Table_2.XLSX	Sheet1	GN3F + FRCOL								tigecycline	<=	1		
35756053	Table_2.XLSX	Sheet1	GN3F + FRCOL								ticarcillin/clavulanic acid	<=	16/2		
35756053	Table_2.XLSX	Sheet1	GN3F + FRCOL								ceftriaxone	<=	1		
35756053	Table_2.XLSX	Sheet1	GN3F + FRCOL								tetracycline	=	1		mic_sign '=' inferred
35756053	Table_2.XLSX	Sheet1	GN3F + FRCOL								colistin	=	0.5		mic_sign '=' inferred
35756053	Table_2.XLSX	Sheet1	GN3F + FRCOL								amikacin	<=	8		
35756053	Table_2.XLSX	Sheet1	GN3F + FRCOL								ampicillin	<=	4		
35756053	Table_2.XLSX	Sheet1	GN3F + FRCOL								ampicillin/sulbactam	<=	4/2		
35756053	Table_2.XLSX	Sheet1	GN3F + FRCOL								aztreonam	<=	4		
35756053	Table_2.XLSX	Sheet1	GN3F + FRCOL								cefazolin	<=	4		
35756053	Table_2.XLSX	Sheet1	GN3F + FRCOL								cefepime	<=	4		
35756053	Table_2.XLSX	Sheet1	GN3F + FRCOL								cephalothin	=	8		mic_sign '=' inferred
35756053	Table_2.XLSX	Sheet1	GN3F + FRCOL								meropenem	<=	1		
35756053	Table_2.XLSX	Sheet1	GN3F + FRCOL								ertapenem	<=	2		
35756053	Table_2.XLSX	Sheet1	GN3F + FRCOL								cefuroxime	<=	4		
35756053	Table_2.XLSX	Sheet1	GN3F + FRCOL								gentamicin	<=	2		
35756053	Table_2.XLSX	Sheet1	GN3F + FRCOL								ciprofloxacin	<=	0.5		
35756053	Table_2.XLSX	Sheet1	GN3F + FRCOL								piperacillin/tazobactam	<=	16/4		
35756053	Table_2.XLSX	Sheet1	GN3F + FRCOL								cefoxitin	=	8		mic_sign '=' inferred
35756053	Table_2.XLSX	Sheet1	GN3F + FRCOL								trimethoprim	<=	0.5/9.5		
35756053	Table_2.XLSX	Sheet1	GN3F + FRCOL								cefpodoxime	<=	2		
35756053	Table_2.XLSX	Sheet1	GN3F + FRCOL								ceftazidime	=	4		mic_sign '=' inferred
35756053	Table_2.XLSX	Sheet1	GN3F + FRCOL								tobramycin	<=	4		
35756053	Table_2.XLSX	Sheet1	GN3F + FRCOL								tigecycline	<=	1		
35756053	Table_2.XLSX	Sheet1	GN3F + FRCOL								ticarcillin/clavulanic acid	<=	16/2		
35756053	Table_2.XLSX	Sheet1	GN3F + FRCOL								ceftriaxone	<=	1		
35756053	Table_2.XLSX	Sheet1	GN3F + FRCOL								tetracycline	=	2		mic_sign '=' inferred
35756053	Table_2.XLSX	Sheet1	GN3F + FRCOL								colistin	=	0.5		mic_sign '=' inferred
35756053	Table_2.XLSX	Sheet1	GN3F + FRCOL								amikacin	<=	8		
35756053	Table_2.XLSX	Sheet1	GN3F + FRCOL								ampicillin	<=	4		
35756053	Table_2.XLSX	Sheet1	GN3F + FRCOL								ampicillin/sulbactam	<=	4/2		
35756053	Table_2.XLSX	Sheet1	GN3F + FRCOL								aztreonam	<=	4		
35756053	Table_2.XLSX	Sheet1	GN3F + FRCOL								cefazolin	<=	4		
35756053	Table_2.XLSX	Sheet1	GN3F + FRCOL								cefepime	<=	4		
35756053	Table_2.XLSX	Sheet1	GN3F + FRCOL								cephalothin	=	16		mic_sign '=' inferred
35756053	Table_2.XLSX	Sheet1	GN3F + FRCOL								meropenem	<=	1		
35756053	Table_2.XLSX	Sheet1	GN3F + FRCOL								ertapenem	<=	2		
35756053	Table_2.XLSX	Sheet1	GN3F + FRCOL								cefuroxime	<=	4		
35756053	Table_2.XLSX	Sheet1	GN3F + FRCOL								gentamicin	<=	2		
35756053	Table_2.XLSX	Sheet1	GN3F + FRCOL								ciprofloxacin	<=	0.5		
35756053	Table_2.XLSX	Sheet1	GN3F + FRCOL								piperacillin/tazobactam	<=	16/4		
35756053	Table_2.XLSX	Sheet1	GN3F + FRCOL								cefoxitin	=	8		mic_sign '=' inferred
35756053	Table_2.XLSX	Sheet1	GN3F + FRCOL								trimethoprim	<=	0.5/9.5		
35756053	Table_2.XLSX	Sheet1	GN3F + FRCOL								cefpodoxime	<=	2		
35756053	Table_2.XLSX	Sheet1	GN3F + FRCOL								ceftazidime	<=	1		
35756053	Table_2.XLSX	Sheet1	GN3F + FRCOL								tobramycin	<=	4		
35756053	Table_2.XLSX	Sheet1	GN3F + FRCOL								tigecycline	<=	1		
35756053	Table_2.XLSX	Sheet1	GN3F + FRCOL								ticarcillin/clavulanic acid	<=	16/2		
35756053	Table_2.XLSX	Sheet1	GN3F + FRCOL								ceftriaxone	<=	1		
35756053	Table_2.XLSX	Sheet1	GN3F + FRCOL								tetracycline	=	2		mic_sign '=' inferred
35756053	Table_2.XLSX	Sheet1	GN3F + FRCOL								colistin	=	0.5		mic_sign '=' inferred
35756053	Table_2.XLSX	Sheet1	GN3F + FRCOL								amikacin	<=	8		
35756053	Table_2.XLSX	Sheet1	GN3F + FRCOL								ampicillin	<=	4		
35756053	Table_2.XLSX	Sheet1	GN3F + FRCOL								ampicillin/sulbactam	<=	4/2		
35756053	Table_2.XLSX	Sheet1	GN3F + FRCOL								aztreonam	<=	4		
35756053	Table_2.XLSX	Sheet1	GN3F + FRCOL								cefazolin	<=	4		
35756053	Table_2.XLSX	Sheet1	GN3F + FRCOL								cefepime	<=	4		
35756053	Table_2.XLSX	Sheet1	GN3F + FRCOL								cephalothin	=	8		mic_sign '=' inferred
35756053	Table_2.XLSX	Sheet1	GN3F + FRCOL								meropenem	<=	1		
35756053	Table_2.XLSX	Sheet1	GN3F + FRCOL								ertapenem	<=	2		
35756053	Table_2.XLSX	Sheet1	GN3F + FRCOL								cefuroxime	<=	4		
35756053	Table_2.XLSX	Sheet1	GN3F + FRCOL								gentamicin	<=	2		
35756053	Table_2.XLSX	Sheet1	GN3F + FRCOL								ciprofloxacin	<=	0.5		
35756053	Table_2.XLSX	Sheet1	GN3F + FRCOL								piperacillin/tazobactam	<=	16/4		
35756053	Table_2.XLSX	Sheet1	GN3F + FRCOL								cefoxitin	<=	4		
35756053	Table_2.XLSX	Sheet1	GN3F + FRCOL								trimethoprim	<=	0.5/9.5		
35756053	Table_2.XLSX	Sheet1	GN3F + FRCOL								cefpodoxime	<=	2		
35756053	Table_2.XLSX	Sheet1	GN3F + FRCOL								ceftazidime	<=	1		
35756053	Table_2.XLSX	Sheet1	GN3F + FRCOL								tobramycin	<=	4		
35756053	Table_2.XLSX	Sheet1	GN3F + FRCOL								tigecycline	<=	1		
35756053	Table_2.XLSX	Sheet1	GN3F + FRCOL								ticarcillin/clavulanic acid	<=	16/2		
35756053	Table_2.XLSX	Sheet1	GN3F + FRCOL								ceftriaxone	<=	1		
35756053	Table_2.XLSX	Sheet1	GN3F + FRCOL								tetracycline	=	2		mic_sign '=' inferred
35756053	Table_2.XLSX	Sheet1	GN3F + FRCOL								colistin	=	0.5		mic_sign '=' inferred
35756053	Table_2.XLSX	Sheet1	GN3F + FRCOL								amikacin	<=	8		
35756053	Table_2.XLSX	Sheet1	GN3F + FRCOL								ampicillin	<=	4		
35756053	Table_2.XLSX	Sheet1	GN3F + FRCOL								ampicillin/sulbactam	<=	4/2		
35756053	Table_2.XLSX	Sheet1	GN3F + FRCOL								aztreonam	<=	4		
35756053	Table_2.XLSX	Sheet1	GN3F + FRCOL								cefazolin	<=	4		
35756053	Table_2.XLSX	Sheet1	GN3F + FRCOL								cefepime	<=	4		
35756053	Table_2.XLSX	Sheet1	GN3F + FRCOL								cephalothin	<=	2		
35756053	Table_2.XLSX	Sheet1	GN3F + FRCOL								meropenem	<=	1		
35756053	Table_2.XLSX	Sheet1	GN3F + FRCOL								ertapenem	<=	2		
35756053	Table_2.XLSX	Sheet1	GN3F + FRCOL								cefuroxime	<=	4		
35756053	Table_2.XLSX	Sheet1	GN3F + FRCOL								gentamicin	<=	2		
35756053	Table_2.XLSX	Sheet1	GN3F + FRCOL								ciprofloxacin	<=	0.5		
35756053	Table_2.XLSX	Sheet1	GN3F + FRCOL								piperacillin/tazobactam	<=	16/4		
35756053	Table_2.XLSX	Sheet1	GN3F + FRCOL								cefoxitin	<=	4		
35756053	Table_2.XLSX	Sheet1	GN3F + FRCOL								trimethoprim	<=	0.5/9.5		
35756053	Table_2.XLSX	Sheet1	GN3F + FRCOL								cefpodoxime	<=	2		
35756053	Table_2.XLSX	Sheet1	GN3F + FRCOL								ceftazidime	<=	1		
35756053	Table_2.XLSX	Sheet1	GN3F + FRCOL								tobramycin	<=	4		
35756053	Table_2.XLSX	Sheet1	GN3F + FRCOL								tigecycline	<=	1		
35756053	Table_2.XLSX	Sheet1	GN3F + FRCOL								ticarcillin/clavulanic acid	<=	16/2		
35756053	Table_2.XLSX	Sheet1	GN3F + FRCOL								ceftriaxone	<=	1		
35756053	Table_2.XLSX	Sheet1	GN3F + FRCOL								tetracycline	=	2		mic_sign '=' inferred
35756053	Table_2.XLSX	Sheet1	GN3F + FRCOL								colistin	=	0.5		mic_sign '=' inferred
35756053	Table_2.XLSX	Sheet1	GN3F + FRCOL								amikacin	<=	8		
35756053	Table_2.XLSX	Sheet1	GN3F + FRCOL								ampicillin	>	32		
35756053	Table_2.XLSX	Sheet1	GN3F + FRCOL								ampicillin/sulbactam	=	32/16		mic_sign '=' inferred
35756053	Table_2.XLSX	Sheet1	GN3F + FRCOL								aztreonam	<=	4		
35756053	Table_2.XLSX	Sheet1	GN3F + FRCOL								cefazolin	<=	4		
35756053	Table_2.XLSX	Sheet1	GN3F + FRCOL								cefepime	<=	4		
35756053	Table_2.XLSX	Sheet1	GN3F + FRCOL								cephalothin	>	16		
35756053	Table_2.XLSX	Sheet1	GN3F + FRCOL								meropenem	<=	1		
35756053	Table_2.XLSX	Sheet1	GN3F + FRCOL								ertapenem	<=	2		
35756053	Table_2.XLSX	Sheet1	GN3F + FRCOL								cefuroxime	<=	4		
35756053	Table_2.XLSX	Sheet1	GN3F + FRCOL								gentamicin	<=	2		
35756053	Table_2.XLSX	Sheet1	GN3F + FRCOL								ciprofloxacin	<=	0.5		
35756053	Table_2.XLSX	Sheet1	GN3F + FRCOL								piperacillin/tazobactam	<=	16/4		
35756053	Table_2.XLSX	Sheet1	GN3F + FRCOL								cefoxitin	<=	4		
35756053	Table_2.XLSX	Sheet1	GN3F + FRCOL								trimethoprim	<=	0.5/9.5		
35756053	Table_2.XLSX	Sheet1	GN3F + FRCOL								cefpodoxime	<=	2		
35756053	Table_2.XLSX	Sheet1	GN3F + FRCOL								ceftazidime	<=	1		
35756053	Table_2.XLSX	Sheet1	GN3F + FRCOL								tobramycin	<=	4		
35756053	Table_2.XLSX	Sheet1	GN3F + FRCOL								tigecycline	<=	1		
35756053	Table_2.XLSX	Sheet1	GN3F + FRCOL								ticarcillin/clavulanic acid	=	32/2		mic_sign '=' inferred
35756053	Table_2.XLSX	Sheet1	GN3F + FRCOL								ceftriaxone	<=	1		
35756053	Table_2.XLSX	Sheet1	GN3F + FRCOL								tetracycline	=	2		mic_sign '=' inferred
35756053	Table_2.XLSX	Sheet1	GN3F + FRCOL								colistin	=	0.5		mic_sign '=' inferred
35756053	Table_2.XLSX	Sheet1	GN3F + FRCOL								amikacin	<=	8		
35756053	Table_2.XLSX	Sheet1	GN3F + FRCOL								ampicillin	>	32		
35756053	Table_2.XLSX	Sheet1	GN3F + FRCOL								ampicillin/sulbactam	=	16/8		mic_sign '=' inferred
35756053	Table_2.XLSX	Sheet1	GN3F + FRCOL								aztreonam	<=	4		
35756053	Table_2.XLSX	Sheet1	GN3F + FRCOL								cefazolin	<=	4		
35756053	Table_2.XLSX	Sheet1	GN3F + FRCOL								cefepime	<=	4		
35756053	Table_2.XLSX	Sheet1	GN3F + FRCOL								cephalothin	=	16		mic_sign '=' inferred
35756053	Table_2.XLSX	Sheet1	GN3F + FRCOL								meropenem	<=	1		
35756053	Table_2.XLSX	Sheet1	GN3F + FRCOL								ertapenem	<=	2		
35756053	Table_2.XLSX	Sheet1	GN3F + FRCOL								cefuroxime	<=	4		
35756053	Table_2.XLSX	Sheet1	GN3F + FRCOL								gentamicin	<=	2		
35756053	Table_2.XLSX	Sheet1	GN3F + FRCOL								ciprofloxacin	=	2		mic_sign '=' inferred
35756053	Table_2.XLSX	Sheet1	GN3F + FRCOL								piperacillin/tazobactam	<=	16/4		
35756053	Table_2.XLSX	Sheet1	GN3F + FRCOL								cefoxitin	<=	4		
35756053	Table_2.XLSX	Sheet1	GN3F + FRCOL								trimethoprim	<=	0.5/9.5		
35756053	Table_2.XLSX	Sheet1	GN3F + FRCOL								cefpodoxime	<=	2		
35756053	Table_2.XLSX	Sheet1	GN3F + FRCOL								ceftazidime	<=	1		
35756053	Table_2.XLSX	Sheet1	GN3F + FRCOL								tobramycin	<=	4		
35756053	Table_2.XLSX	Sheet1	GN3F + FRCOL								tigecycline	<=	1		
35756053	Table_2.XLSX	Sheet1	GN3F + FRCOL								ticarcillin/clavulanic acid	<=	16/2		
35756053	Table_2.XLSX	Sheet1	GN3F + FRCOL								ceftriaxone	<=	1		
35756053	Table_2.XLSX	Sheet1	GN3F + FRCOL								tetracycline	=	2		mic_sign '=' inferred
35756053	Table_2.XLSX	Sheet1	GN3F + FRCOL								colistin	=	0.5		mic_sign '=' inferred
35756053	Table_2.XLSX	Sheet1	GN3F + FRCOL								amikacin	<=	8		
35756053	Table_2.XLSX	Sheet1	GN3F + FRCOL								ampicillin	>	32		
35756053	Table_2.XLSX	Sheet1	GN3F + FRCOL								ampicillin/sulbactam	=	16/8		mic_sign '=' inferred
35756053	Table_2.XLSX	Sheet1	GN3F + FRCOL								aztreonam	<=	4		
35756053	Table_2.XLSX	Sheet1	GN3F + FRCOL								cefazolin	<=	4		
35756053	Table_2.XLSX	Sheet1	GN3F + FRCOL								cefepime	<=	4		
35756053	Table_2.XLSX	Sheet1	GN3F + FRCOL								cephalothin	=	16		mic_sign '=' inferred
35756053	Table_2.XLSX	Sheet1	GN3F + FRCOL								meropenem	<=	1		
35756053	Table_2.XLSX	Sheet1	GN3F + FRCOL								ertapenem	<=	2		
35756053	Table_2.XLSX	Sheet1	GN3F + FRCOL								cefuroxime	=	8		mic_sign '=' inferred
35756053	Table_2.XLSX	Sheet1	GN3F + FRCOL								gentamicin	<=	2		
35756053	Table_2.XLSX	Sheet1	GN3F + FRCOL								ciprofloxacin	<=	0.5		
35756053	Table_2.XLSX	Sheet1	GN3F + FRCOL								piperacillin/tazobactam	<=	16/4		
35756053	Table_2.XLSX	Sheet1	GN3F + FRCOL								cefoxitin	<=	4		
35756053	Table_2.XLSX	Sheet1	GN3F + FRCOL								trimethoprim	<=	0.5/9.5		
35756053	Table_2.XLSX	Sheet1	GN3F + FRCOL								cefpodoxime	<=	2		
35756053	Table_2.XLSX	Sheet1	GN3F + FRCOL								ceftazidime	<=	1		
35756053	Table_2.XLSX	Sheet1	GN3F + FRCOL								tobramycin	<=	4		
35756053	Table_2.XLSX	Sheet1	GN3F + FRCOL								tigecycline	<=	1		
35756053	Table_2.XLSX	Sheet1	GN3F + FRCOL								ticarcillin/clavulanic acid	=	32/2		mic_sign '=' inferred
35756053	Table_2.XLSX	Sheet1	GN3F + FRCOL								ceftriaxone	<=	1		
35756053	Table_2.XLSX	Sheet1	GN3F + FRCOL								tetracycline	>	16		
35756053	Table_2.XLSX	Sheet1	GN3F + FRCOL								colistin	=	0.5		mic_sign '=' inferred
35756053	Table_2.XLSX	Sheet1	GN3F + FRCOL								amikacin	<=	8		
35756053	Table_2.XLSX	Sheet1	GN3F + FRCOL								ampicillin	>	32		
35756053	Table_2.XLSX	Sheet1	GN3F + FRCOL								ampicillin/sulbactam	=	16/8		mic_sign '=' inferred
35756053	Table_2.XLSX	Sheet1	GN3F + FRCOL								aztreonam	<=	4		
35756053	Table_2.XLSX	Sheet1	GN3F + FRCOL								cefazolin	<=	4		
35756053	Table_2.XLSX	Sheet1	GN3F + FRCOL								cefepime	<=	4		
35756053	Table_2.XLSX	Sheet1	GN3F + FRCOL								cephalothin	>	16		
35756053	Table_2.XLSX	Sheet1	GN3F + FRCOL								meropenem	<=	1		
35756053	Table_2.XLSX	Sheet1	GN3F + FRCOL								ertapenem	<=	2		
35756053	Table_2.XLSX	Sheet1	GN3F + FRCOL								cefuroxime	<=	4		
35756053	Table_2.XLSX	Sheet1	GN3F + FRCOL								gentamicin	<=	2		
35756053	Table_2.XLSX	Sheet1	GN3F + FRCOL								ciprofloxacin	<=	0.5		
35756053	Table_2.XLSX	Sheet1	GN3F + FRCOL								piperacillin/tazobactam	<=	16/4		
35756053	Table_2.XLSX	Sheet1	GN3F + FRCOL								cefoxitin	<=	4		
35756053	Table_2.XLSX	Sheet1	GN3F + FRCOL								trimethoprim	>	4/76		
35756053	Table_2.XLSX	Sheet1	GN3F + FRCOL								cefpodoxime	<=	2		
35756053	Table_2.XLSX	Sheet1	GN3F + FRCOL								ceftazidime	<=	1		
35756053	Table_2.XLSX	Sheet1	GN3F + FRCOL								tobramycin	<=	4		
35756053	Table_2.XLSX	Sheet1	GN3F + FRCOL								tigecycline	<=	1		
35756053	Table_2.XLSX	Sheet1	GN3F + FRCOL								ticarcillin/clavulanic acid	=	32/2		mic_sign '=' inferred
35756053	Table_2.XLSX	Sheet1	GN3F + FRCOL								ceftriaxone	<=	1		
35756053	Table_2.XLSX	Sheet1	GN3F + FRCOL								tetracycline	>	16		
35756053	Table_2.XLSX	Sheet1	GN3F + FRCOL								colistin	=	0.5		mic_sign '=' inferred
35756053	Table_2.XLSX	Sheet1	GN3F + FRCOL								amikacin	<=	8		
35756053	Table_2.XLSX	Sheet1	GN3F + FRCOL								ampicillin	>	32		
35756053	Table_2.XLSX	Sheet1	GN3F + FRCOL								ampicillin/sulbactam	>	32/16		
35756053	Table_2.XLSX	Sheet1	GN3F + FRCOL								aztreonam	<=	4		
35756053	Table_2.XLSX	Sheet1	GN3F + FRCOL								cefazolin	=	16		mic_sign '=' inferred
35756053	Table_2.XLSX	Sheet1	GN3F + FRCOL								cefepime	<=	4		
35756053	Table_2.XLSX	Sheet1	GN3F + FRCOL								cephalothin	>	16		
35756053	Table_2.XLSX	Sheet1	GN3F + FRCOL								meropenem	<=	1		
35756053	Table_2.XLSX	Sheet1	GN3F + FRCOL								ertapenem	<=	2		
35756053	Table_2.XLSX	Sheet1	GN3F + FRCOL								cefuroxime	<=	4		
35756053	Table_2.XLSX	Sheet1	GN3F + FRCOL								gentamicin	<=	2		
35756053	Table_2.XLSX	Sheet1	GN3F + FRCOL								ciprofloxacin	>	4		
35756053	Table_2.XLSX	Sheet1	GN3F + FRCOL								piperacillin/tazobactam	=	128/4		mic_sign '=' inferred
35756053	Table_2.XLSX	Sheet1	GN3F + FRCOL								cefoxitin	<=	4		
35756053	Table_2.XLSX	Sheet1	GN3F + FRCOL								trimethoprim	>	4/76		
35756053	Table_2.XLSX	Sheet1	GN3F + FRCOL								cefpodoxime	<=	2		
35756053	Table_2.XLSX	Sheet1	GN3F + FRCOL								ceftazidime	<=	1		
35756053	Table_2.XLSX	Sheet1	GN3F + FRCOL								tobramycin	<=	4		
35756053	Table_2.XLSX	Sheet1	GN3F + FRCOL								tigecycline	<=	1		
35756053	Table_2.XLSX	Sheet1	GN3F + FRCOL								ticarcillin/clavulanic acid	>	64/2		
35756053	Table_2.XLSX	Sheet1	GN3F + FRCOL								ceftriaxone	<=	1		
35756053	Table_2.XLSX	Sheet1	GN3F + FRCOL								tetracycline	=	2		mic_sign '=' inferred
35756053	Table_2.XLSX	Sheet1	GN3F + FRCOL								colistin	=	0.5		mic_sign '=' inferred
35756053	Table_2.XLSX	Sheet1	GN3F + FRCOL								amikacin	<=	8		
35756053	Table_2.XLSX	Sheet1	GN3F + FRCOL								ampicillin	>	32		
35756053	Table_2.XLSX	Sheet1	GN3F + FRCOL								ampicillin/sulbactam	=	8/4		mic_sign '=' inferred
35756053	Table_2.XLSX	Sheet1	GN3F + FRCOL								aztreonam	<=	4		
35756053	Table_2.XLSX	Sheet1	GN3F + FRCOL								cefazolin	<=	4		
35756053	Table_2.XLSX	Sheet1	GN3F + FRCOL								cefepime	<=	4		
35756053	Table_2.XLSX	Sheet1	GN3F + FRCOL								cephalothin	=	8		mic_sign '=' inferred
35756053	Table_2.XLSX	Sheet1	GN3F + FRCOL								meropenem	<=	1		
35756053	Table_2.XLSX	Sheet1	GN3F + FRCOL								ertapenem	<=	2		
35756053	Table_2.XLSX	Sheet1	GN3F + FRCOL								cefuroxime	=	8		mic_sign '=' inferred
35756053	Table_2.XLSX	Sheet1	GN3F + FRCOL								gentamicin	<=	2		
35756053	Table_2.XLSX	Sheet1	GN3F + FRCOL								ciprofloxacin	>	4		
35756053	Table_2.XLSX	Sheet1	GN3F + FRCOL								piperacillin/tazobactam	<=	16/4		
35756053	Table_2.XLSX	Sheet1	GN3F + FRCOL								cefoxitin	<=	4		
35756053	Table_2.XLSX	Sheet1	GN3F + FRCOL								trimethoprim	>	4/76		
35756053	Table_2.XLSX	Sheet1	GN3F + FRCOL								cefpodoxime	<=	2		
35756053	Table_2.XLSX	Sheet1	GN3F + FRCOL								ceftazidime	<=	1		
35756053	Table_2.XLSX	Sheet1	GN3F + FRCOL								tobramycin	<=	4		
35756053	Table_2.XLSX	Sheet1	GN3F + FRCOL								tigecycline	<=	1		
35756053	Table_2.XLSX	Sheet1	GN3F + FRCOL								ticarcillin/clavulanic acid	<=	16/2		
35756053	Table_2.XLSX	Sheet1	GN3F + FRCOL								ceftriaxone	<=	1		
35756053	Table_2.XLSX	Sheet1	GN3F + FRCOL								tetracycline	>	16		
35756053	Table_2.XLSX	Sheet1	GN3F + FRCOL								colistin	=	0.5		mic_sign '=' inferred
35756053	Table_2.XLSX	Sheet1	GN3F + FRCOL								amikacin	<=	8		
35756053	Table_2.XLSX	Sheet1	GN3F + FRCOL								ampicillin	<=	4		
35756053	Table_2.XLSX	Sheet1	GN3F + FRCOL								ampicillin/sulbactam	<=	4/2		
35756053	Table_2.XLSX	Sheet1	GN3F + FRCOL								aztreonam	<=	4		
35756053	Table_2.XLSX	Sheet1	GN3F + FRCOL								cefazolin	<=	4		
35756053	Table_2.XLSX	Sheet1	GN3F + FRCOL								cefepime	<=	4		
35756053	Table_2.XLSX	Sheet1	GN3F + FRCOL								cephalothin	=	4		mic_sign '=' inferred
35756053	Table_2.XLSX	Sheet1	GN3F + FRCOL								meropenem	<=	1		
35756053	Table_2.XLSX	Sheet1	GN3F + FRCOL								ertapenem	<=	2		
35756053	Table_2.XLSX	Sheet1	GN3F + FRCOL								cefuroxime	<=	4		
35756053	Table_2.XLSX	Sheet1	GN3F + FRCOL								gentamicin	<=	2		
35756053	Table_2.XLSX	Sheet1	GN3F + FRCOL								ciprofloxacin	<=	0.5		
35756053	Table_2.XLSX	Sheet1	GN3F + FRCOL								piperacillin/tazobactam	<=	16/4		
35756053	Table_2.XLSX	Sheet1	GN3F + FRCOL								cefoxitin	<=	4		
35756053	Table_2.XLSX	Sheet1	GN3F + FRCOL								trimethoprim	<=	0.5/9.5		
35756053	Table_2.XLSX	Sheet1	GN3F + FRCOL								cefpodoxime	<=	2		
35756053	Table_2.XLSX	Sheet1	GN3F + FRCOL								ceftazidime	<=	1		
35756053	Table_2.XLSX	Sheet1	GN3F + FRCOL								tobramycin	<=	4		
35756053	Table_2.XLSX	Sheet1	GN3F + FRCOL								tigecycline	<=	1		
35756053	Table_2.XLSX	Sheet1	GN3F + FRCOL								ticarcillin/clavulanic acid	<=	16/2		
35756053	Table_2.XLSX	Sheet1	GN3F + FRCOL								ceftriaxone	<=	1		
35756053	Table_2.XLSX	Sheet1	GN3F + FRCOL								tetracycline	=	2		mic_sign '=' inferred
35756053	Table_2.XLSX	Sheet1	GN3F + FRCOL								colistin	=	0.25		mic_sign '=' inferred
35756053	Table_2.XLSX	Sheet1	GN3F + FRCOL								amikacin	<=	8		
35756053	Table_2.XLSX	Sheet1	GN3F + FRCOL								ampicillin	=	8		mic_sign '=' inferred
35756053	Table_2.XLSX	Sheet1	GN3F + FRCOL								ampicillin/sulbactam	=	8/4		mic_sign '=' inferred
35756053	Table_2.XLSX	Sheet1	GN3F + FRCOL								aztreonam	<=	4		
35756053	Table_2.XLSX	Sheet1	GN3F + FRCOL								cefazolin	<=	4		
35756053	Table_2.XLSX	Sheet1	GN3F + FRCOL								cefepime	<=	4		
35756053	Table_2.XLSX	Sheet1	GN3F + FRCOL								cephalothin	>	16		
35756053	Table_2.XLSX	Sheet1	GN3F + FRCOL								meropenem	<=	1		
35756053	Table_2.XLSX	Sheet1	GN3F + FRCOL								ertapenem	<=	2		
35756053	Table_2.XLSX	Sheet1	GN3F + FRCOL								cefuroxime	=	16		mic_sign '=' inferred
35756053	Table_2.XLSX	Sheet1	GN3F + FRCOL								gentamicin	<=	2		
35756053	Table_2.XLSX	Sheet1	GN3F + FRCOL								ciprofloxacin	>	4		
35756053	Table_2.XLSX	Sheet1	GN3F + FRCOL								piperacillin/tazobactam	<=	16/4		
35756053	Table_2.XLSX	Sheet1	GN3F + FRCOL								cefoxitin	=	16		mic_sign '=' inferred
35756053	Table_2.XLSX	Sheet1	GN3F + FRCOL								trimethoprim	<=	0.5/9.5		
35756053	Table_2.XLSX	Sheet1	GN3F + FRCOL								cefpodoxime	<=	2		
35756053	Table_2.XLSX	Sheet1	GN3F + FRCOL								ceftazidime	<=	1		
35756053	Table_2.XLSX	Sheet1	GN3F + FRCOL								tobramycin	<=	4		
35756053	Table_2.XLSX	Sheet1	GN3F + FRCOL								tigecycline	<=	1		
35756053	Table_2.XLSX	Sheet1	GN3F + FRCOL								ticarcillin/clavulanic acid	<=	16/2		
35756053	Table_2.XLSX	Sheet1	GN3F + FRCOL								ceftriaxone	<=	1		
35756053	Table_2.XLSX	Sheet1	GN3F + FRCOL								tetracycline	=	4		mic_sign '=' inferred
35756053	Table_2.XLSX	Sheet1	GN3F + FRCOL								colistin	=	0.5		mic_sign '=' inferred
35756053	Table_2.XLSX	Sheet1	GN3F + FRCOL								amikacin	<=	8		
35756053	Table_2.XLSX	Sheet1	GN3F + FRCOL								ampicillin	<=	4		
35756053	Table_2.XLSX	Sheet1	GN3F + FRCOL								ampicillin/sulbactam	<=	4/2		
35756053	Table_2.XLSX	Sheet1	GN3F + FRCOL								aztreonam	<=	4		
35756053	Table_2.XLSX	Sheet1	GN3F + FRCOL								cefazolin	<=	4		
35756053	Table_2.XLSX	Sheet1	GN3F + FRCOL								cefepime	<=	4		
35756053	Table_2.XLSX	Sheet1	GN3F + FRCOL								cephalothin	=	16		mic_sign '=' inferred
35756053	Table_2.XLSX	Sheet1	GN3F + FRCOL								meropenem	<=	1		
35756053	Table_2.XLSX	Sheet1	GN3F + FRCOL								ertapenem	<=	2		
35756053	Table_2.XLSX	Sheet1	GN3F + FRCOL								cefuroxime	<=	4		
35756053	Table_2.XLSX	Sheet1	GN3F + FRCOL								gentamicin	<=	2		
35756053	Table_2.XLSX	Sheet1	GN3F + FRCOL								ciprofloxacin	<=	0.5		
35756053	Table_2.XLSX	Sheet1	GN3F + FRCOL								piperacillin/tazobactam	<=	16/4		
35756053	Table_2.XLSX	Sheet1	GN3F + FRCOL								cefoxitin	<=	4		
35756053	Table_2.XLSX	Sheet1	GN3F + FRCOL								trimethoprim	<=	0.5/9.5		
35756053	Table_2.XLSX	Sheet1	GN3F + FRCOL								cefpodoxime	<=	2		
35756053	Table_2.XLSX	Sheet1	GN3F + FRCOL								ceftazidime	<=	1		
35756053	Table_2.XLSX	Sheet1	GN3F + FRCOL								tobramycin	<=	4		
35756053	Table_2.XLSX	Sheet1	GN3F + FRCOL								tigecycline	<=	1		
35756053	Table_2.XLSX	Sheet1	GN3F + FRCOL								ticarcillin/clavulanic acid	<=	16/2		
35756053	Table_2.XLSX	Sheet1	GN3F + FRCOL								ceftriaxone	<=	1		
35756053	Table_2.XLSX	Sheet1	GN3F + FRCOL								tetracycline	=	2		mic_sign '=' inferred
35756053	Table_2.XLSX	Sheet1	GN3F + FRCOL								colistin	=	0.5		mic_sign '=' inferred
35756053	Table_2.XLSX	Sheet1	GN3F + FRCOL								amikacin	<=	8		
35756053	Table_2.XLSX	Sheet1	GN3F + FRCOL								ampicillin	<=	4		
35756053	Table_2.XLSX	Sheet1	GN3F + FRCOL								ampicillin/sulbactam	<=	4/2		
35756053	Table_2.XLSX	Sheet1	GN3F + FRCOL								aztreonam	<=	4		
35756053	Table_2.XLSX	Sheet1	GN3F + FRCOL								cefazolin	<=	4		
35756053	Table_2.XLSX	Sheet1	GN3F + FRCOL								cefepime	<=	4		
35756053	Table_2.XLSX	Sheet1	GN3F + FRCOL								cephalothin	=	8		mic_sign '=' inferred
35756053	Table_2.XLSX	Sheet1	GN3F + FRCOL								meropenem	<=	1		
35756053	Table_2.XLSX	Sheet1	GN3F + FRCOL								ertapenem	<=	2		
35756053	Table_2.XLSX	Sheet1	GN3F + FRCOL								cefuroxime	<=	4		
35756053	Table_2.XLSX	Sheet1	GN3F + FRCOL								gentamicin	<=	2		
35756053	Table_2.XLSX	Sheet1	GN3F + FRCOL								ciprofloxacin	<=	0.5		
35756053	Table_2.XLSX	Sheet1	GN3F + FRCOL								piperacillin/tazobactam	<=	16/4		
35756053	Table_2.XLSX	Sheet1	GN3F + FRCOL								cefoxitin	<=	4		
35756053	Table_2.XLSX	Sheet1	GN3F + FRCOL								trimethoprim	<=	0.5/9.5		
35756053	Table_2.XLSX	Sheet1	GN3F + FRCOL								cefpodoxime	<=	2		
35756053	Table_2.XLSX	Sheet1	GN3F + FRCOL								ceftazidime	<=	1		
35756053	Table_2.XLSX	Sheet1	GN3F + FRCOL								tobramycin	<=	4		
35756053	Table_2.XLSX	Sheet1	GN3F + FRCOL								tigecycline	<=	1		
35756053	Table_2.XLSX	Sheet1	GN3F + FRCOL								ticarcillin/clavulanic acid	<=	16/2		
35756053	Table_2.XLSX	Sheet1	GN3F + FRCOL								ceftriaxone	<=	1		
35756053	Table_2.XLSX	Sheet1	GN3F + FRCOL								tetracycline	=	2		mic_sign '=' inferred
35756053	Table_2.XLSX	Sheet1	GN3F + FRCOL								colistin	=	0.5		mic_sign '=' inferred
35756053	Table_2.XLSX	Sheet1	GN3F + FRCOL								amikacin	<=	8		
35756053	Table_2.XLSX	Sheet1	GN3F + FRCOL								ampicillin	<=	4		
35756053	Table_2.XLSX	Sheet1	GN3F + FRCOL								ampicillin/sulbactam	<=	4/2		
35756053	Table_2.XLSX	Sheet1	GN3F + FRCOL								aztreonam	<=	4		
35756053	Table_2.XLSX	Sheet1	GN3F + FRCOL								cefazolin	<=	4		
35756053	Table_2.XLSX	Sheet1	GN3F + FRCOL								cefepime	<=	4		
35756053	Table_2.XLSX	Sheet1	GN3F + FRCOL								cephalothin	=	16		mic_sign '=' inferred
35756053	Table_2.XLSX	Sheet1	GN3F + FRCOL								meropenem	<=	1		
35756053	Table_2.XLSX	Sheet1	GN3F + FRCOL								ertapenem	<=	2		
35756053	Table_2.XLSX	Sheet1	GN3F + FRCOL								cefuroxime	<=	4		
35756053	Table_2.XLSX	Sheet1	GN3F + FRCOL								gentamicin	<=	2		
35756053	Table_2.XLSX	Sheet1	GN3F + FRCOL								ciprofloxacin	<=	0.5		
35756053	Table_2.XLSX	Sheet1	GN3F + FRCOL								piperacillin/tazobactam	<=	16/4		
35756053	Table_2.XLSX	Sheet1	GN3F + FRCOL								cefoxitin	<=	4		
35756053	Table_2.XLSX	Sheet1	GN3F + FRCOL								trimethoprim	<=	0.5/9.5		
35756053	Table_2.XLSX	Sheet1	GN3F + FRCOL								cefpodoxime	<=	2		
35756053	Table_2.XLSX	Sheet1	GN3F + FRCOL								ceftazidime	<=	1		
35756053	Table_2.XLSX	Sheet1	GN3F + FRCOL								tobramycin	<=	4		
35756053	Table_2.XLSX	Sheet1	GN3F + FRCOL								tigecycline	<=	1		
35756053	Table_2.XLSX	Sheet1	GN3F + FRCOL								ticarcillin/clavulanic acid	<=	16/2		
35756053	Table_2.XLSX	Sheet1	GN3F + FRCOL								ceftriaxone	<=	1		
35756053	Table_2.XLSX	Sheet1	GN3F + FRCOL								tetracycline	>	16		
35756053	Table_2.XLSX	Sheet1	GN3F + FRCOL								colistin	=	0.5		mic_sign '=' inferred
35756053	Table_2.XLSX	Sheet1	GN3F + FRCOL								amikacin	<=	8		
35756053	Table_2.XLSX	Sheet1	GN3F + FRCOL								ampicillin	<=	4		
35756053	Table_2.XLSX	Sheet1	GN3F + FRCOL								ampicillin/sulbactam	<=	4/2		
35756053	Table_2.XLSX	Sheet1	GN3F + FRCOL								aztreonam	<=	4		
35756053	Table_2.XLSX	Sheet1	GN3F + FRCOL								cefazolin	<=	4		
35756053	Table_2.XLSX	Sheet1	GN3F + FRCOL								cefepime	<=	4		
35756053	Table_2.XLSX	Sheet1	GN3F + FRCOL								cephalothin	=	16		mic_sign '=' inferred
35756053	Table_2.XLSX	Sheet1	GN3F + FRCOL								meropenem	<=	1		
35756053	Table_2.XLSX	Sheet1	GN3F + FRCOL								ertapenem	<=	2		
35756053	Table_2.XLSX	Sheet1	GN3F + FRCOL								cefuroxime	<=	4		
35756053	Table_2.XLSX	Sheet1	GN3F + FRCOL								gentamicin	<=	2		
35756053	Table_2.XLSX	Sheet1	GN3F + FRCOL								ciprofloxacin	<=	0.5		
35756053	Table_2.XLSX	Sheet1	GN3F + FRCOL								piperacillin/tazobactam	<=	16/4		
35756053	Table_2.XLSX	Sheet1	GN3F + FRCOL								cefoxitin	<=	4		
35756053	Table_2.XLSX	Sheet1	GN3F + FRCOL								trimethoprim	<=	0.5/9.5		
35756053	Table_2.XLSX	Sheet1	GN3F + FRCOL								cefpodoxime	<=	2		
35756053	Table_2.XLSX	Sheet1	GN3F + FRCOL								ceftazidime	<=	1		
35756053	Table_2.XLSX	Sheet1	GN3F + FRCOL								tobramycin	<=	4		
35756053	Table_2.XLSX	Sheet1	GN3F + FRCOL								tigecycline	<=	1		
35756053	Table_2.XLSX	Sheet1	GN3F + FRCOL								ticarcillin/clavulanic acid	<=	16/2		
35756053	Table_2.XLSX	Sheet1	GN3F + FRCOL								ceftriaxone	<=	1		
35756053	Table_2.XLSX	Sheet1	GN3F + FRCOL								tetracycline	=	2		mic_sign '=' inferred
35756053	Table_2.XLSX	Sheet1	GN3F + FRCOL								colistin	=	0.5		mic_sign '=' inferred
35756053	Table_2.XLSX	Sheet1	GN3F + FRCOL								amikacin	<=	8		
35756053	Table_2.XLSX	Sheet1	GN3F + FRCOL								ampicillin	>	32		
35756053	Table_2.XLSX	Sheet1	GN3F + FRCOL								ampicillin/sulbactam	=	16/8		mic_sign '=' inferred
35756053	Table_2.XLSX	Sheet1	GN3F + FRCOL								aztreonam	<=	4		
35756053	Table_2.XLSX	Sheet1	GN3F + FRCOL								cefazolin	>	32		
35756053	Table_2.XLSX	Sheet1	GN3F + FRCOL								cefepime	<=	4		
35756053	Table_2.XLSX	Sheet1	GN3F + FRCOL								cephalothin	>	16		
35756053	Table_2.XLSX	Sheet1	GN3F + FRCOL								meropenem	<=	1		
35756053	Table_2.XLSX	Sheet1	GN3F + FRCOL								ertapenem	<=	2		
35756053	Table_2.XLSX	Sheet1	GN3F + FRCOL								cefuroxime	>	32		
35756053	Table_2.XLSX	Sheet1	GN3F + FRCOL								gentamicin	<=	2		
35756053	Table_2.XLSX	Sheet1	GN3F + FRCOL								ciprofloxacin	<=	0.5		
35756053	Table_2.XLSX	Sheet1	GN3F + FRCOL								piperacillin/tazobactam	<=	16/4		
35756053	Table_2.XLSX	Sheet1	GN3F + FRCOL								cefoxitin	<=	4		
35756053	Table_2.XLSX	Sheet1	GN3F + FRCOL								trimethoprim	<=	0.5/9.5		
35756053	Table_2.XLSX	Sheet1	GN3F + FRCOL								cefpodoxime	>	16		
35756053	Table_2.XLSX	Sheet1	GN3F + FRCOL								ceftazidime	<=	1		
35756053	Table_2.XLSX	Sheet1	GN3F + FRCOL								tobramycin	<=	4		
35756053	Table_2.XLSX	Sheet1	GN3F + FRCOL								tigecycline	<=	1		
35756053	Table_2.XLSX	Sheet1	GN3F + FRCOL								ticarcillin/clavulanic acid	<=	16/2		
35756053	Table_2.XLSX	Sheet1	GN3F + FRCOL								ceftriaxone	>	64		
35756053	Table_2.XLSX	Sheet1	GN3F + FRCOL								tetracycline	=	2		mic_sign '=' inferred
35756053	Table_2.XLSX	Sheet1	GN3F + FRCOL								colistin	=	0.5		mic_sign '=' inferred
35756053	Table_2.XLSX	Sheet1	GN3F + FRCOL								amikacin	<=	8		
35756053	Table_2.XLSX	Sheet1	GN3F + FRCOL								ampicillin	>	32		
35756053	Table_2.XLSX	Sheet1	GN3F + FRCOL								ampicillin/sulbactam	=	8/4		mic_sign '=' inferred
35756053	Table_2.XLSX	Sheet1	GN3F + FRCOL								aztreonam	<=	4		
35756053	Table_2.XLSX	Sheet1	GN3F + FRCOL								cefazolin	<=	4		
35756053	Table_2.XLSX	Sheet1	GN3F + FRCOL								cefepime	<=	4		
35756053	Table_2.XLSX	Sheet1	GN3F + FRCOL								cephalothin	=	8		mic_sign '=' inferred
35756053	Table_2.XLSX	Sheet1	GN3F + FRCOL								meropenem	<=	1		
35756053	Table_2.XLSX	Sheet1	GN3F + FRCOL								ertapenem	<=	2		
35756053	Table_2.XLSX	Sheet1	GN3F + FRCOL								cefuroxime	<=	4		
35756053	Table_2.XLSX	Sheet1	GN3F + FRCOL								gentamicin	<=	2		
35756053	Table_2.XLSX	Sheet1	GN3F + FRCOL								ciprofloxacin	<=	0.5		
35756053	Table_2.XLSX	Sheet1	GN3F + FRCOL								piperacillin/tazobactam	<=	16/4		
35756053	Table_2.XLSX	Sheet1	GN3F + FRCOL								cefoxitin	<=	4		
35756053	Table_2.XLSX	Sheet1	GN3F + FRCOL								trimethoprim	<=	0.5/9.5		
35756053	Table_2.XLSX	Sheet1	GN3F + FRCOL								cefpodoxime	<=	2		
35756053	Table_2.XLSX	Sheet1	GN3F + FRCOL								ceftazidime	<=	1		
35756053	Table_2.XLSX	Sheet1	GN3F + FRCOL								tobramycin	<=	4		
35756053	Table_2.XLSX	Sheet1	GN3F + FRCOL								tigecycline	<=	1		
35756053	Table_2.XLSX	Sheet1	GN3F + FRCOL								ticarcillin/clavulanic acid	<=	16/2		
35756053	Table_2.XLSX	Sheet1	GN3F + FRCOL								ceftriaxone	<=	1		
35756053	Table_2.XLSX	Sheet1	GN3F + FRCOL								tetracycline	=	2		mic_sign '=' inferred
35756053	Table_2.XLSX	Sheet1	GN3F + FRCOL								colistin	=	0.5		mic_sign '=' inferred
35756053	Table_2.XLSX	Sheet1	GN3F + FRCOL								amikacin	<=	8		
35756053	Table_2.XLSX	Sheet1	GN3F + FRCOL								ampicillin	>	32		
35756053	Table_2.XLSX	Sheet1	GN3F + FRCOL								ampicillin/sulbactam	=	32/16		mic_sign '=' inferred
35756053	Table_2.XLSX	Sheet1	GN3F + FRCOL								aztreonam	<=	4		
35756053	Table_2.XLSX	Sheet1	GN3F + FRCOL								cefazolin	<=	4		
35756053	Table_2.XLSX	Sheet1	GN3F + FRCOL								cefepime	<=	4		
35756053	Table_2.XLSX	Sheet1	GN3F + FRCOL								cephalothin	=	16		mic_sign '=' inferred
35756053	Table_2.XLSX	Sheet1	GN3F + FRCOL								meropenem	<=	1		
35756053	Table_2.XLSX	Sheet1	GN3F + FRCOL								ertapenem	<=	2		
35756053	Table_2.XLSX	Sheet1	GN3F + FRCOL								cefuroxime	=	16		mic_sign '=' inferred
35756053	Table_2.XLSX	Sheet1	GN3F + FRCOL								gentamicin	<=	2		
35756053	Table_2.XLSX	Sheet1	GN3F + FRCOL								ciprofloxacin	<=	0.5		
35756053	Table_2.XLSX	Sheet1	GN3F + FRCOL								piperacillin/tazobactam	<=	16/4		
35756053	Table_2.XLSX	Sheet1	GN3F + FRCOL								cefoxitin	=	8		mic_sign '=' inferred
35756053	Table_2.XLSX	Sheet1	GN3F + FRCOL								trimethoprim	>	4/76		
35756053	Table_2.XLSX	Sheet1	GN3F + FRCOL								cefpodoxime	<=	2		
35756053	Table_2.XLSX	Sheet1	GN3F + FRCOL								ceftazidime	<=	1		
35756053	Table_2.XLSX	Sheet1	GN3F + FRCOL								tobramycin	<=	4		
35756053	Table_2.XLSX	Sheet1	GN3F + FRCOL								tigecycline	<=	1		
35756053	Table_2.XLSX	Sheet1	GN3F + FRCOL								ticarcillin/clavulanic acid	=	64/2		mic_sign '=' inferred
35756053	Table_2.XLSX	Sheet1	GN3F + FRCOL								ceftriaxone	<=	1		
35756053	Table_2.XLSX	Sheet1	GN3F + FRCOL								tetracycline	=	2		mic_sign '=' inferred
35756053	Table_2.XLSX	Sheet1	GN3F + FRCOL								colistin	=	0.5		mic_sign '=' inferred
35756053	Table_2.XLSX	Sheet1	GN3F + FRCOL								amikacin	<=	8		
35756053	Table_2.XLSX	Sheet1	GN3F + FRCOL								ampicillin	>	32		
35756053	Table_2.XLSX	Sheet1	GN3F + FRCOL								ampicillin/sulbactam	=	16/8		mic_sign '=' inferred
35756053	Table_2.XLSX	Sheet1	GN3F + FRCOL								aztreonam	<=	4		
35756053	Table_2.XLSX	Sheet1	GN3F + FRCOL								cefazolin	<=	4		
35756053	Table_2.XLSX	Sheet1	GN3F + FRCOL								cefepime	<=	4		
35756053	Table_2.XLSX	Sheet1	GN3F + FRCOL								cephalothin	=	16		mic_sign '=' inferred
35756053	Table_2.XLSX	Sheet1	GN3F + FRCOL								meropenem	<=	1		
35756053	Table_2.XLSX	Sheet1	GN3F + FRCOL								ertapenem	<=	2		
35756053	Table_2.XLSX	Sheet1	GN3F + FRCOL								cefuroxime	<=	4		
35756053	Table_2.XLSX	Sheet1	GN3F + FRCOL								gentamicin	<=	2		
35756053	Table_2.XLSX	Sheet1	GN3F + FRCOL								ciprofloxacin	<=	0.5		
35756053	Table_2.XLSX	Sheet1	GN3F + FRCOL								piperacillin/tazobactam	<=	16/4		
35756053	Table_2.XLSX	Sheet1	GN3F + FRCOL								cefoxitin	<=	4		
35756053	Table_2.XLSX	Sheet1	GN3F + FRCOL								trimethoprim	<=	0.5/9.5		
35756053	Table_2.XLSX	Sheet1	GN3F + FRCOL								cefpodoxime	<=	2		
35756053	Table_2.XLSX	Sheet1	GN3F + FRCOL								ceftazidime	<=	1		
35756053	Table_2.XLSX	Sheet1	GN3F + FRCOL								tobramycin	<=	4		
35756053	Table_2.XLSX	Sheet1	GN3F + FRCOL								tigecycline	<=	1		
35756053	Table_2.XLSX	Sheet1	GN3F + FRCOL								ticarcillin/clavulanic acid	<=	16/2		
35756053	Table_2.XLSX	Sheet1	GN3F + FRCOL								ceftriaxone	<=	1		
35756053	Table_2.XLSX	Sheet1	GN3F + FRCOL								tetracycline	>	16		
35756053	Table_2.XLSX	Sheet1	GN3F + FRCOL								colistin	=	0.5		mic_sign '=' inferred
35756053	Table_2.XLSX	Sheet1	GN3F + FRCOL								amikacin	<=	8		
35756053	Table_2.XLSX	Sheet1	GN3F + FRCOL								ampicillin	>	32		
35756053	Table_2.XLSX	Sheet1	GN3F + FRCOL								ampicillin/sulbactam	=	16/8		mic_sign '=' inferred
35756053	Table_2.XLSX	Sheet1	GN3F + FRCOL								aztreonam	<=	4		
35756053	Table_2.XLSX	Sheet1	GN3F + FRCOL								cefazolin	<=	4		
35756053	Table_2.XLSX	Sheet1	GN3F + FRCOL								cefepime	<=	4		
35756053	Table_2.XLSX	Sheet1	GN3F + FRCOL								cephalothin	=	8		mic_sign '=' inferred
35756053	Table_2.XLSX	Sheet1	GN3F + FRCOL								meropenem	<=	1		
35756053	Table_2.XLSX	Sheet1	GN3F + FRCOL								ertapenem	<=	2		
35756053	Table_2.XLSX	Sheet1	GN3F + FRCOL								cefuroxime	<=	4		
35756053	Table_2.XLSX	Sheet1	GN3F + FRCOL								gentamicin	<=	2		
35756053	Table_2.XLSX	Sheet1	GN3F + FRCOL								ciprofloxacin	<=	0.5		
35756053	Table_2.XLSX	Sheet1	GN3F + FRCOL								piperacillin/tazobactam	<=	16/4		
35756053	Table_2.XLSX	Sheet1	GN3F + FRCOL								cefoxitin	<=	4		
35756053	Table_2.XLSX	Sheet1	GN3F + FRCOL								trimethoprim	<=	0.5/9.5		
35756053	Table_2.XLSX	Sheet1	GN3F + FRCOL								cefpodoxime	<=	2		
35756053	Table_2.XLSX	Sheet1	GN3F + FRCOL								ceftazidime	<=	1		
35756053	Table_2.XLSX	Sheet1	GN3F + FRCOL								tobramycin	<=	4		
35756053	Table_2.XLSX	Sheet1	GN3F + FRCOL								tigecycline	<=	1		
35756053	Table_2.XLSX	Sheet1	GN3F + FRCOL								ticarcillin/clavulanic acid	<=	16/2		
35756053	Table_2.XLSX	Sheet1	GN3F + FRCOL								ceftriaxone	<=	1		
35756053	Table_2.XLSX	Sheet1	GN3F + FRCOL								tetracycline	>	16		
35756053	Table_2.XLSX	Sheet1	GN3F + FRCOL								colistin	=	0.5		mic_sign '=' inferred
35756053	Table_2.XLSX	Sheet1	GN3F + FRCOL								amikacin	<=	8		
35756053	Table_2.XLSX	Sheet1	GN3F + FRCOL								ampicillin	<=	4		
35756053	Table_2.XLSX	Sheet1	GN3F + FRCOL								ampicillin/sulbactam	<=	4/2		
35756053	Table_2.XLSX	Sheet1	GN3F + FRCOL								aztreonam	<=	4		
35756053	Table_2.XLSX	Sheet1	GN3F + FRCOL								cefazolin	<=	4		
35756053	Table_2.XLSX	Sheet1	GN3F + FRCOL								cefepime	<=	4		
35756053	Table_2.XLSX	Sheet1	GN3F + FRCOL								cephalothin	=	16		mic_sign '=' inferred
35756053	Table_2.XLSX	Sheet1	GN3F + FRCOL								meropenem	<=	1		
35756053	Table_2.XLSX	Sheet1	GN3F + FRCOL								ertapenem	<=	2		
35756053	Table_2.XLSX	Sheet1	GN3F + FRCOL								cefuroxime	<=	4		
35756053	Table_2.XLSX	Sheet1	GN3F + FRCOL								gentamicin	<=	2		
35756053	Table_2.XLSX	Sheet1	GN3F + FRCOL								ciprofloxacin	<=	0.5		
35756053	Table_2.XLSX	Sheet1	GN3F + FRCOL								piperacillin/tazobactam	<=	16/4		
35756053	Table_2.XLSX	Sheet1	GN3F + FRCOL								cefoxitin	<=	4		
35756053	Table_2.XLSX	Sheet1	GN3F + FRCOL								trimethoprim	<=	0.5/9.5		
35756053	Table_2.XLSX	Sheet1	GN3F + FRCOL								cefpodoxime	<=	2		
35756053	Table_2.XLSX	Sheet1	GN3F + FRCOL								ceftazidime	<=	1		
35756053	Table_2.XLSX	Sheet1	GN3F + FRCOL								tobramycin	<=	4		
35756053	Table_2.XLSX	Sheet1	GN3F + FRCOL								tigecycline	<=	1		
35756053	Table_2.XLSX	Sheet1	GN3F + FRCOL								ticarcillin/clavulanic acid	<=	16/2		
35756053	Table_2.XLSX	Sheet1	GN3F + FRCOL								ceftriaxone	<=	1		
35756053	Table_2.XLSX	Sheet1	GN3F + FRCOL								tetracycline	=	2		mic_sign '=' inferred
35756053	Table_2.XLSX	Sheet1	GN3F + FRCOL								colistin	=	0.5		mic_sign '=' inferred
35756053	Table_2.XLSX	Sheet1	GN3F + FRCOL								amikacin	<=	8		
35756053	Table_2.XLSX	Sheet1	GN3F + FRCOL								ampicillin	<=	4		
35756053	Table_2.XLSX	Sheet1	GN3F + FRCOL								ampicillin/sulbactam	<=	4/2		
35756053	Table_2.XLSX	Sheet1	GN3F + FRCOL								aztreonam	<=	4		
35756053	Table_2.XLSX	Sheet1	GN3F + FRCOL								cefazolin	<=	4		
35756053	Table_2.XLSX	Sheet1	GN3F + FRCOL								cefepime	<=	4		
35756053	Table_2.XLSX	Sheet1	GN3F + FRCOL								cephalothin	=	16		mic_sign '=' inferred
35756053	Table_2.XLSX	Sheet1	GN3F + FRCOL								meropenem	<=	1		
35756053	Table_2.XLSX	Sheet1	GN3F + FRCOL								ertapenem	<=	2		
35756053	Table_2.XLSX	Sheet1	GN3F + FRCOL								cefuroxime	<=	4		
35756053	Table_2.XLSX	Sheet1	GN3F + FRCOL								gentamicin	<=	2		
35756053	Table_2.XLSX	Sheet1	GN3F + FRCOL								ciprofloxacin	<=	0.5		
35756053	Table_2.XLSX	Sheet1	GN3F + FRCOL								piperacillin/tazobactam	<=	16/4		
35756053	Table_2.XLSX	Sheet1	GN3F + FRCOL								cefoxitin	<=	4		
35756053	Table_2.XLSX	Sheet1	GN3F + FRCOL								trimethoprim	<=	0.5/9.5		
35756053	Table_2.XLSX	Sheet1	GN3F + FRCOL								cefpodoxime	<=	2		
35756053	Table_2.XLSX	Sheet1	GN3F + FRCOL								ceftazidime	<=	1		
35756053	Table_2.XLSX	Sheet1	GN3F + FRCOL								tobramycin	<=	4		
35756053	Table_2.XLSX	Sheet1	GN3F + FRCOL								tigecycline	<=	1		
35756053	Table_2.XLSX	Sheet1	GN3F + FRCOL								ticarcillin/clavulanic acid	<=	16/2		
35756053	Table_2.XLSX	Sheet1	GN3F + FRCOL								ceftriaxone	<=	1		
35756053	Table_2.XLSX	Sheet1	GN3F + FRCOL								tetracycline	=	4		mic_sign '=' inferred
35756053	Table_2.XLSX	Sheet1	GN3F + FRCOL								colistin	=	0.5		mic_sign '=' inferred
35756053	Table_2.XLSX	Sheet1	GN3F + FRCOL								amikacin	<=	8		
35756053	Table_2.XLSX	Sheet1	GN3F + FRCOL								ampicillin	>	32		
35756053	Table_2.XLSX	Sheet1	GN3F + FRCOL								ampicillin/sulbactam	=	16/8		mic_sign '=' inferred
35756053	Table_2.XLSX	Sheet1	GN3F + FRCOL								aztreonam	<=	4		
35756053	Table_2.XLSX	Sheet1	GN3F + FRCOL								cefazolin	<=	4		
35756053	Table_2.XLSX	Sheet1	GN3F + FRCOL								cefepime	<=	4		
35756053	Table_2.XLSX	Sheet1	GN3F + FRCOL								cephalothin	=	16		mic_sign '=' inferred
35756053	Table_2.XLSX	Sheet1	GN3F + FRCOL								meropenem	<=	1		
35756053	Table_2.XLSX	Sheet1	GN3F + FRCOL								ertapenem	<=	2		
35756053	Table_2.XLSX	Sheet1	GN3F + FRCOL								cefuroxime	=	8		mic_sign '=' inferred
35756053	Table_2.XLSX	Sheet1	GN3F + FRCOL								gentamicin	<=	2		
35756053	Table_2.XLSX	Sheet1	GN3F + FRCOL								ciprofloxacin	<=	0.5		
35756053	Table_2.XLSX	Sheet1	GN3F + FRCOL								piperacillin/tazobactam	<=	16/4		
35756053	Table_2.XLSX	Sheet1	GN3F + FRCOL								cefoxitin	<=	4		
35756053	Table_2.XLSX	Sheet1	GN3F + FRCOL								trimethoprim	>	4/76		
35756053	Table_2.XLSX	Sheet1	GN3F + FRCOL								cefpodoxime	<=	2		
35756053	Table_2.XLSX	Sheet1	GN3F + FRCOL								ceftazidime	<=	1		
35756053	Table_2.XLSX	Sheet1	GN3F + FRCOL								tobramycin	<=	4		
35756053	Table_2.XLSX	Sheet1	GN3F + FRCOL								tigecycline	<=	1		
35756053	Table_2.XLSX	Sheet1	GN3F + FRCOL								ticarcillin/clavulanic acid	=	32/2		mic_sign '=' inferred
35756053	Table_2.XLSX	Sheet1	GN3F + FRCOL								ceftriaxone	<=	1		
35756053	Table_2.XLSX	Sheet1	GN3F + FRCOL								tetracycline	>	16		
35756053	Table_2.XLSX	Sheet1	GN3F + FRCOL								colistin	=	0.5		mic_sign '=' inferred
35756053	Table_2.XLSX	Sheet1	GN3F + FRCOL								amikacin	<=	8		
35756053	Table_2.XLSX	Sheet1	GN3F + FRCOL								ampicillin	<=	4		
35756053	Table_2.XLSX	Sheet1	GN3F + FRCOL								ampicillin/sulbactam	<=	4/2		
35756053	Table_2.XLSX	Sheet1	GN3F + FRCOL								aztreonam	<=	4		
35756053	Table_2.XLSX	Sheet1	GN3F + FRCOL								cefazolin	<=	4		
35756053	Table_2.XLSX	Sheet1	GN3F + FRCOL								cefepime	<=	4		
35756053	Table_2.XLSX	Sheet1	GN3F + FRCOL								cephalothin	=	16		mic_sign '=' inferred
35756053	Table_2.XLSX	Sheet1	GN3F + FRCOL								meropenem	<=	1		
35756053	Table_2.XLSX	Sheet1	GN3F + FRCOL								ertapenem	<=	2		
35756053	Table_2.XLSX	Sheet1	GN3F + FRCOL								cefuroxime	=	8		mic_sign '=' inferred
35756053	Table_2.XLSX	Sheet1	GN3F + FRCOL								gentamicin	<=	2		
35756053	Table_2.XLSX	Sheet1	GN3F + FRCOL								ciprofloxacin	<=	0.5		
35756053	Table_2.XLSX	Sheet1	GN3F + FRCOL								piperacillin/tazobactam	<=	16/4		
35756053	Table_2.XLSX	Sheet1	GN3F + FRCOL								cefoxitin	<=	4		
35756053	Table_2.XLSX	Sheet1	GN3F + FRCOL								trimethoprim	<=	0.5/9.5		
35756053	Table_2.XLSX	Sheet1	GN3F + FRCOL								cefpodoxime	<=	2		
35756053	Table_2.XLSX	Sheet1	GN3F + FRCOL								ceftazidime	<=	1		
35756053	Table_2.XLSX	Sheet1	GN3F + FRCOL								tobramycin	<=	4		
35756053	Table_2.XLSX	Sheet1	GN3F + FRCOL								tigecycline	<=	1		
35756053	Table_2.XLSX	Sheet1	GN3F + FRCOL								ticarcillin/clavulanic acid	<=	16/2		
35756053	Table_2.XLSX	Sheet1	GN3F + FRCOL								ceftriaxone	<=	1		
35756053	Table_2.XLSX	Sheet1	GN3F + FRCOL								tetracycline	>	16		
35756053	Table_2.XLSX	Sheet1	GN3F + FRCOL								colistin	=	0.5		mic_sign '=' inferred
35756053	Table_2.XLSX	Sheet1	GN3F + FRCOL								amikacin	<=	8		
35756053	Table_2.XLSX	Sheet1	GN3F + FRCOL								ampicillin	>	32		
35756053	Table_2.XLSX	Sheet1	GN3F + FRCOL								ampicillin/sulbactam	=	16/8		mic_sign '=' inferred
35756053	Table_2.XLSX	Sheet1	GN3F + FRCOL								aztreonam	<=	4		
35756053	Table_2.XLSX	Sheet1	GN3F + FRCOL								cefazolin	<=	4		
35756053	Table_2.XLSX	Sheet1	GN3F + FRCOL								cefepime	<=	4		
35756053	Table_2.XLSX	Sheet1	GN3F + FRCOL								cephalothin	=	16		mic_sign '=' inferred
35756053	Table_2.XLSX	Sheet1	GN3F + FRCOL								meropenem	<=	1		
35756053	Table_2.XLSX	Sheet1	GN3F + FRCOL								ertapenem	<=	2		
35756053	Table_2.XLSX	Sheet1	GN3F + FRCOL								cefuroxime	<=	4		
35756053	Table_2.XLSX	Sheet1	GN3F + FRCOL								gentamicin	<=	2		
35756053	Table_2.XLSX	Sheet1	GN3F + FRCOL								ciprofloxacin	<=	0.5		
35756053	Table_2.XLSX	Sheet1	GN3F + FRCOL								piperacillin/tazobactam	<=	16/4		
35756053	Table_2.XLSX	Sheet1	GN3F + FRCOL								cefoxitin	<=	4		
35756053	Table_2.XLSX	Sheet1	GN3F + FRCOL								trimethoprim	<=	0.5/9.5		
35756053	Table_2.XLSX	Sheet1	GN3F + FRCOL								cefpodoxime	<=	2		
35756053	Table_2.XLSX	Sheet1	GN3F + FRCOL								ceftazidime	<=	1		
35756053	Table_2.XLSX	Sheet1	GN3F + FRCOL								tobramycin	<=	4		
35756053	Table_2.XLSX	Sheet1	GN3F + FRCOL								tigecycline	<=	1		
35756053	Table_2.XLSX	Sheet1	GN3F + FRCOL								ticarcillin/clavulanic acid	=	32/2		mic_sign '=' inferred
35756053	Table_2.XLSX	Sheet1	GN3F + FRCOL								ceftriaxone	<=	1		
35756053	Table_2.XLSX	Sheet1	GN3F + FRCOL								tetracycline	=	2		mic_sign '=' inferred
35756053	Table_2.XLSX	Sheet1	GN3F + FRCOL								colistin	=	0.25		mic_sign '=' inferred
35756053	Table_2.XLSX	Sheet1	GN3F + FRCOL								amikacin	<=	8		
35756053	Table_2.XLSX	Sheet1	GN3F + FRCOL								ampicillin	<=	4		
35756053	Table_2.XLSX	Sheet1	GN3F + FRCOL								ampicillin/sulbactam	<=	4/2		
35756053	Table_2.XLSX	Sheet1	GN3F + FRCOL								aztreonam	<=	4		
35756053	Table_2.XLSX	Sheet1	GN3F + FRCOL								cefazolin	<=	4		
35756053	Table_2.XLSX	Sheet1	GN3F + FRCOL								cefepime	<=	4		
35756053	Table_2.XLSX	Sheet1	GN3F + FRCOL								cephalothin	=	8		mic_sign '=' inferred
35756053	Table_2.XLSX	Sheet1	GN3F + FRCOL								meropenem	<=	1		
35756053	Table_2.XLSX	Sheet1	GN3F + FRCOL								ertapenem	<=	2		
35756053	Table_2.XLSX	Sheet1	GN3F + FRCOL								cefuroxime	<=	4		
35756053	Table_2.XLSX	Sheet1	GN3F + FRCOL								gentamicin	<=	2		
35756053	Table_2.XLSX	Sheet1	GN3F + FRCOL								ciprofloxacin	<=	0.5		
35756053	Table_2.XLSX	Sheet1	GN3F + FRCOL								piperacillin/tazobactam	<=	16/4		
35756053	Table_2.XLSX	Sheet1	GN3F + FRCOL								cefoxitin	<=	4		
35756053	Table_2.XLSX	Sheet1	GN3F + FRCOL								trimethoprim	<=	0.5/9.5		
35756053	Table_2.XLSX	Sheet1	GN3F + FRCOL								cefpodoxime	<=	2		
35756053	Table_2.XLSX	Sheet1	GN3F + FRCOL								ceftazidime	<=	1		
35756053	Table_2.XLSX	Sheet1	GN3F + FRCOL								tobramycin	<=	4		
35756053	Table_2.XLSX	Sheet1	GN3F + FRCOL								tigecycline	<=	1		
35756053	Table_2.XLSX	Sheet1	GN3F + FRCOL								ticarcillin/clavulanic acid	<=	16/2		
35756053	Table_2.XLSX	Sheet1	GN3F + FRCOL								ceftriaxone	<=	1		
35756053	Table_2.XLSX	Sheet1	GN3F + FRCOL								tetracycline	=	2		mic_sign '=' inferred
35756053	Table_2.XLSX	Sheet1	GN3F + FRCOL								colistin	=	0.5		mic_sign '=' inferred
35756053	Table_2.XLSX	Sheet1	GN3F + FRCOL								amikacin	=	16		mic_sign '=' inferred
35756053	Table_2.XLSX	Sheet1	GN3F + FRCOL								ampicillin	>	32		
35756053	Table_2.XLSX	Sheet1	GN3F + FRCOL								ampicillin/sulbactam	=	32/16		mic_sign '=' inferred
35756053	Table_2.XLSX	Sheet1	GN3F + FRCOL								aztreonam	>	32		
35756053	Table_2.XLSX	Sheet1	GN3F + FRCOL								cefazolin	>	32		
35756053	Table_2.XLSX	Sheet1	GN3F + FRCOL								cefepime	=	8		mic_sign '=' inferred
35756053	Table_2.XLSX	Sheet1	GN3F + FRCOL								cephalothin	>	16		
35756053	Table_2.XLSX	Sheet1	GN3F + FRCOL								meropenem	<=	1		
35756053	Table_2.XLSX	Sheet1	GN3F + FRCOL								ertapenem	<=	2		
35756053	Table_2.XLSX	Sheet1	GN3F + FRCOL								cefuroxime	>	32		
35756053	Table_2.XLSX	Sheet1	GN3F + FRCOL								gentamicin	<=	2		
35756053	Table_2.XLSX	Sheet1	GN3F + FRCOL								ciprofloxacin	>	4		
35756053	Table_2.XLSX	Sheet1	GN3F + FRCOL								piperacillin/tazobactam	=	64/4		mic_sign '=' inferred
35756053	Table_2.XLSX	Sheet1	GN3F + FRCOL								cefoxitin	=	8		mic_sign '=' inferred
35756053	Table_2.XLSX	Sheet1	GN3F + FRCOL								trimethoprim	>	4/76		
35756053	Table_2.XLSX	Sheet1	GN3F + FRCOL								cefpodoxime	>	16		
35756053	Table_2.XLSX	Sheet1	GN3F + FRCOL								ceftazidime	=	32		mic_sign '=' inferred
35756053	Table_2.XLSX	Sheet1	GN3F + FRCOL								tobramycin	>	8		
35756053	Table_2.XLSX	Sheet1	GN3F + FRCOL								tigecycline	<=	1		
35756053	Table_2.XLSX	Sheet1	GN3F + FRCOL								ticarcillin/clavulanic acid	>	64/2		
35756053	Table_2.XLSX	Sheet1	GN3F + FRCOL								ceftriaxone	>	64		
35756053	Table_2.XLSX	Sheet1	GN3F + FRCOL								tetracycline	=	4		mic_sign '=' inferred
35756053	Table_2.XLSX	Sheet1	GN3F + FRCOL								colistin	=	1		mic_sign '=' inferred
35756053	Table_2.XLSX	Sheet1	GN3F + FRCOL								amikacin	<=	8		
35756053	Table_2.XLSX	Sheet1	GN3F + FRCOL								ampicillin	<=	4		
35756053	Table_2.XLSX	Sheet1	GN3F + FRCOL								ampicillin/sulbactam	<=	4/2		
35756053	Table_2.XLSX	Sheet1	GN3F + FRCOL								aztreonam	<=	4		
35756053	Table_2.XLSX	Sheet1	GN3F + FRCOL								cefazolin	<=	4		
35756053	Table_2.XLSX	Sheet1	GN3F + FRCOL								cefepime	<=	4		
35756053	Table_2.XLSX	Sheet1	GN3F + FRCOL								cephalothin	=	16		mic_sign '=' inferred
35756053	Table_2.XLSX	Sheet1	GN3F + FRCOL								meropenem	<=	1		
35756053	Table_2.XLSX	Sheet1	GN3F + FRCOL								ertapenem	<=	2		
35756053	Table_2.XLSX	Sheet1	GN3F + FRCOL								cefuroxime	<=	4		
35756053	Table_2.XLSX	Sheet1	GN3F + FRCOL								gentamicin	<=	2		
35756053	Table_2.XLSX	Sheet1	GN3F + FRCOL								ciprofloxacin	<=	0.5		
35756053	Table_2.XLSX	Sheet1	GN3F + FRCOL								piperacillin/tazobactam	<=	16/4		
35756053	Table_2.XLSX	Sheet1	GN3F + FRCOL								cefoxitin	<=	4		
35756053	Table_2.XLSX	Sheet1	GN3F + FRCOL								trimethoprim	<=	0.5/9.5		
35756053	Table_2.XLSX	Sheet1	GN3F + FRCOL								cefpodoxime	<=	2		
35756053	Table_2.XLSX	Sheet1	GN3F + FRCOL								ceftazidime	<=	1		
35756053	Table_2.XLSX	Sheet1	GN3F + FRCOL								tobramycin	<=	4		
35756053	Table_2.XLSX	Sheet1	GN3F + FRCOL								tigecycline	<=	1		
35756053	Table_2.XLSX	Sheet1	GN3F + FRCOL								ticarcillin/clavulanic acid	<=	16/2		
35756053	Table_2.XLSX	Sheet1	GN3F + FRCOL								ceftriaxone	<=	1		
35756053	Table_2.XLSX	Sheet1	GN3F + FRCOL								tetracycline	=	4		mic_sign '=' inferred
35756053	Table_2.XLSX	Sheet1	GN3F + FRCOL								colistin	=	0.5		mic_sign '=' inferred
35756053	Table_2.XLSX	Sheet1	GN3F + FRCOL								amikacin	<=	8		
35756053	Table_2.XLSX	Sheet1	GN3F + FRCOL								ampicillin	<=	4		
35756053	Table_2.XLSX	Sheet1	GN3F + FRCOL								ampicillin/sulbactam	<=	4/2		
35756053	Table_2.XLSX	Sheet1	GN3F + FRCOL								aztreonam	<=	4		
35756053	Table_2.XLSX	Sheet1	GN3F + FRCOL								cefazolin	<=	4		
35756053	Table_2.XLSX	Sheet1	GN3F + FRCOL								cefepime	<=	4		
35756053	Table_2.XLSX	Sheet1	GN3F + FRCOL								cephalothin	=	16		mic_sign '=' inferred
35756053	Table_2.XLSX	Sheet1	GN3F + FRCOL								meropenem	<=	1		
35756053	Table_2.XLSX	Sheet1	GN3F + FRCOL								ertapenem	<=	2		
35756053	Table_2.XLSX	Sheet1	GN3F + FRCOL								cefuroxime	=	8		mic_sign '=' inferred
35756053	Table_2.XLSX	Sheet1	GN3F + FRCOL								gentamicin	<=	2		
35756053	Table_2.XLSX	Sheet1	GN3F + FRCOL								ciprofloxacin	<=	0.5		
35756053	Table_2.XLSX	Sheet1	GN3F + FRCOL								piperacillin/tazobactam	<=	16/4		
35756053	Table_2.XLSX	Sheet1	GN3F + FRCOL								cefoxitin	=	8		mic_sign '=' inferred
35756053	Table_2.XLSX	Sheet1	GN3F + FRCOL								trimethoprim	<=	0.5/9.5		
35756053	Table_2.XLSX	Sheet1	GN3F + FRCOL								cefpodoxime	<=	2		
35756053	Table_2.XLSX	Sheet1	GN3F + FRCOL								ceftazidime	<=	1		
35756053	Table_2.XLSX	Sheet1	GN3F + FRCOL								tobramycin	<=	4		
35756053	Table_2.XLSX	Sheet1	GN3F + FRCOL								tigecycline	<=	1		
35756053	Table_2.XLSX	Sheet1	GN3F + FRCOL								ticarcillin/clavulanic acid	=	32/2		mic_sign '=' inferred
35756053	Table_2.XLSX	Sheet1	GN3F + FRCOL								ceftriaxone	<=	1		
35756053	Table_2.XLSX	Sheet1	GN3F + FRCOL								tetracycline	=	4		mic_sign '=' inferred
35756053	Table_2.XLSX	Sheet1	GN3F + FRCOL								colistin	=	0.5		mic_sign '=' inferred
35756053	Table_2.XLSX	Sheet1	GN3F + FRCOL								amikacin	<=	8		
35756053	Table_2.XLSX	Sheet1	GN3F + FRCOL								ampicillin	>	32		
35756053	Table_2.XLSX	Sheet1	GN3F + FRCOL								ampicillin/sulbactam	=	32/16		mic_sign '=' inferred
35756053	Table_2.XLSX	Sheet1	GN3F + FRCOL								aztreonam	<=	4		
35756053	Table_2.XLSX	Sheet1	GN3F + FRCOL								cefazolin	<=	4		
35756053	Table_2.XLSX	Sheet1	GN3F + FRCOL								cefepime	<=	4		
35756053	Table_2.XLSX	Sheet1	GN3F + FRCOL								cephalothin	=	8		mic_sign '=' inferred
35756053	Table_2.XLSX	Sheet1	GN3F + FRCOL								meropenem	<=	1		
35756053	Table_2.XLSX	Sheet1	GN3F + FRCOL								ertapenem	<=	2		
35756053	Table_2.XLSX	Sheet1	GN3F + FRCOL								cefuroxime	=	8		mic_sign '=' inferred
35756053	Table_2.XLSX	Sheet1	GN3F + FRCOL								gentamicin	<=	2		
35756053	Table_2.XLSX	Sheet1	GN3F + FRCOL								ciprofloxacin	<=	0.5		
35756053	Table_2.XLSX	Sheet1	GN3F + FRCOL								piperacillin/tazobactam	<=	16/4		
35756053	Table_2.XLSX	Sheet1	GN3F + FRCOL								cefoxitin	<=	4		
35756053	Table_2.XLSX	Sheet1	GN3F + FRCOL								trimethoprim	>	4/76		
35756053	Table_2.XLSX	Sheet1	GN3F + FRCOL								cefpodoxime	<=	2		
35756053	Table_2.XLSX	Sheet1	GN3F + FRCOL								ceftazidime	<=	1		
35756053	Table_2.XLSX	Sheet1	GN3F + FRCOL								tobramycin	<=	4		
35756053	Table_2.XLSX	Sheet1	GN3F + FRCOL								tigecycline	<=	1		
35756053	Table_2.XLSX	Sheet1	GN3F + FRCOL								ticarcillin/clavulanic acid	>	64/2		
35756053	Table_2.XLSX	Sheet1	GN3F + FRCOL								ceftriaxone	<=	1		
35756053	Table_2.XLSX	Sheet1	GN3F + FRCOL								tetracycline	=	2		mic_sign '=' inferred
35756053	Table_2.XLSX	Sheet1	GN3F + FRCOL								colistin	=	0.5		mic_sign '=' inferred
35756053	Table_2.XLSX	Sheet1	GN3F + FRCOL								amikacin	<=	8		
35756053	Table_2.XLSX	Sheet1	GN3F + FRCOL								ampicillin	>	32		
35756053	Table_2.XLSX	Sheet1	GN3F + FRCOL								ampicillin/sulbactam	=	16/8		mic_sign '=' inferred
35756053	Table_2.XLSX	Sheet1	GN3F + FRCOL								aztreonam	<=	4		
35756053	Table_2.XLSX	Sheet1	GN3F + FRCOL								cefazolin	<=	4		
35756053	Table_2.XLSX	Sheet1	GN3F + FRCOL								cefepime	<=	4		
35756053	Table_2.XLSX	Sheet1	GN3F + FRCOL								cephalothin	=	16		mic_sign '=' inferred
35756053	Table_2.XLSX	Sheet1	GN3F + FRCOL								meropenem	<=	1		
35756053	Table_2.XLSX	Sheet1	GN3F + FRCOL								ertapenem	<=	2		
35756053	Table_2.XLSX	Sheet1	GN3F + FRCOL								cefuroxime	<=	4		
35756053	Table_2.XLSX	Sheet1	GN3F + FRCOL								gentamicin	<=	2		
35756053	Table_2.XLSX	Sheet1	GN3F + FRCOL								ciprofloxacin	<=	0.5		
35756053	Table_2.XLSX	Sheet1	GN3F + FRCOL								piperacillin/tazobactam	<=	16/4		
35756053	Table_2.XLSX	Sheet1	GN3F + FRCOL								cefoxitin	<=	4		
35756053	Table_2.XLSX	Sheet1	GN3F + FRCOL								trimethoprim	>	4/76		
35756053	Table_2.XLSX	Sheet1	GN3F + FRCOL								cefpodoxime	<=	2		
35756053	Table_2.XLSX	Sheet1	GN3F + FRCOL								ceftazidime	<=	1		
35756053	Table_2.XLSX	Sheet1	GN3F + FRCOL								tobramycin	<=	4		
35756053	Table_2.XLSX	Sheet1	GN3F + FRCOL								tigecycline	<=	1		
35756053	Table_2.XLSX	Sheet1	GN3F + FRCOL								ticarcillin/clavulanic acid	<=	16/2		
35756053	Table_2.XLSX	Sheet1	GN3F + FRCOL								ceftriaxone	<=	1		
35756053	Table_2.XLSX	Sheet1	GN3F + FRCOL								tetracycline	=	2		mic_sign '=' inferred
35756053	Table_2.XLSX	Sheet1	GN3F + FRCOL								colistin	=	0.5		mic_sign '=' inferred
35756053	Table_2.XLSX	Sheet1	GN3F + FRCOL								amikacin	<=	8		
35756053	Table_2.XLSX	Sheet1	GN3F + FRCOL								ampicillin	>	32		
35756053	Table_2.XLSX	Sheet1	GN3F + FRCOL								ampicillin/sulbactam	=	8/4		mic_sign '=' inferred
35756053	Table_2.XLSX	Sheet1	GN3F + FRCOL								aztreonam	<=	4		
35756053	Table_2.XLSX	Sheet1	GN3F + FRCOL								cefazolin	=	8		mic_sign '=' inferred
35756053	Table_2.XLSX	Sheet1	GN3F + FRCOL								cefepime	<=	4		
35756053	Table_2.XLSX	Sheet1	GN3F + FRCOL								cephalothin	=	8		mic_sign '=' inferred
35756053	Table_2.XLSX	Sheet1	GN3F + FRCOL								meropenem	<=	1		
35756053	Table_2.XLSX	Sheet1	GN3F + FRCOL								ertapenem	<=	2		
35756053	Table_2.XLSX	Sheet1	GN3F + FRCOL								cefuroxime	=	16		mic_sign '=' inferred
35756053	Table_2.XLSX	Sheet1	GN3F + FRCOL								gentamicin	<=	2		
35756053	Table_2.XLSX	Sheet1	GN3F + FRCOL								ciprofloxacin	<=	0.5		
35756053	Table_2.XLSX	Sheet1	GN3F + FRCOL								piperacillin/tazobactam	<=	16/4		
35756053	Table_2.XLSX	Sheet1	GN3F + FRCOL								cefoxitin	<=	4		
35756053	Table_2.XLSX	Sheet1	GN3F + FRCOL								trimethoprim	<=	0.5/9.5		
35756053	Table_2.XLSX	Sheet1	GN3F + FRCOL								cefpodoxime	<=	2		
35756053	Table_2.XLSX	Sheet1	GN3F + FRCOL								ceftazidime	<=	1		
35756053	Table_2.XLSX	Sheet1	GN3F + FRCOL								tobramycin	<=	4		
35756053	Table_2.XLSX	Sheet1	GN3F + FRCOL								tigecycline	<=	1		
35756053	Table_2.XLSX	Sheet1	GN3F + FRCOL								ticarcillin/clavulanic acid	<=	16/2		
35756053	Table_2.XLSX	Sheet1	GN3F + FRCOL								ceftriaxone	<=	1		
35756053	Table_2.XLSX	Sheet1	GN3F + FRCOL								tetracycline	=	1		mic_sign '=' inferred
35756053	Table_2.XLSX	Sheet1	GN3F + FRCOL								colistin	=	0.5		mic_sign '=' inferred
35756053	Table_2.XLSX	Sheet1	GN3F + FRCOL								amikacin	<=	8		
35756053	Table_2.XLSX	Sheet1	GN3F + FRCOL								ampicillin	>	32		
35756053	Table_2.XLSX	Sheet1	GN3F + FRCOL								ampicillin/sulbactam	=	16/8		mic_sign '=' inferred
35756053	Table_2.XLSX	Sheet1	GN3F + FRCOL								aztreonam	<=	4		
35756053	Table_2.XLSX	Sheet1	GN3F + FRCOL								cefazolin	=	32		mic_sign '=' inferred
35756053	Table_2.XLSX	Sheet1	GN3F + FRCOL								cefepime	<=	4		
35756053	Table_2.XLSX	Sheet1	GN3F + FRCOL								cephalothin	=	16		mic_sign '=' inferred
35756053	Table_2.XLSX	Sheet1	GN3F + FRCOL								meropenem	<=	1		
35756053	Table_2.XLSX	Sheet1	GN3F + FRCOL								ertapenem	<=	2		
35756053	Table_2.XLSX	Sheet1	GN3F + FRCOL								cefuroxime	<=	4		
35756053	Table_2.XLSX	Sheet1	GN3F + FRCOL								gentamicin	<=	2		
35756053	Table_2.XLSX	Sheet1	GN3F + FRCOL								ciprofloxacin	<=	0.5		
35756053	Table_2.XLSX	Sheet1	GN3F + FRCOL								piperacillin/tazobactam	<=	16/4		
35756053	Table_2.XLSX	Sheet1	GN3F + FRCOL								cefoxitin	<=	4		
35756053	Table_2.XLSX	Sheet1	GN3F + FRCOL								trimethoprim	<=	0.5/9.5		
35756053	Table_2.XLSX	Sheet1	GN3F + FRCOL								cefpodoxime	<=	2		
35756053	Table_2.XLSX	Sheet1	GN3F + FRCOL								ceftazidime	<=	1		
35756053	Table_2.XLSX	Sheet1	GN3F + FRCOL								tobramycin	<=	4		
35756053	Table_2.XLSX	Sheet1	GN3F + FRCOL								tigecycline	<=	1		
35756053	Table_2.XLSX	Sheet1	GN3F + FRCOL								ticarcillin/clavulanic acid	<=	16/2		
35756053	Table_2.XLSX	Sheet1	GN3F + FRCOL								ceftriaxone	<=	1		
35756053	Table_2.XLSX	Sheet1	GN3F + FRCOL								tetracycline	=	1		mic_sign '=' inferred
35756053	Table_2.XLSX	Sheet1	GN3F + FRCOL								colistin	=	0.5		mic_sign '=' inferred
35756053	Table_2.XLSX	Sheet1	GN3F + FRCOL								amikacin	<=	8		
35756053	Table_2.XLSX	Sheet1	GN3F + FRCOL								ampicillin	>	32		
35756053	Table_2.XLSX	Sheet1	GN3F + FRCOL								ampicillin/sulbactam	=	32/16		mic_sign '=' inferred
35756053	Table_2.XLSX	Sheet1	GN3F + FRCOL								aztreonam	=	32		mic_sign '=' inferred
35756053	Table_2.XLSX	Sheet1	GN3F + FRCOL								cefazolin	>	32		
35756053	Table_2.XLSX	Sheet1	GN3F + FRCOL								cefepime	<=	4		
35756053	Table_2.XLSX	Sheet1	GN3F + FRCOL								cephalothin	>	16		
35756053	Table_2.XLSX	Sheet1	GN3F + FRCOL								meropenem	<=	1		
35756053	Table_2.XLSX	Sheet1	GN3F + FRCOL								ertapenem	<=	2		
35756053	Table_2.XLSX	Sheet1	GN3F + FRCOL								cefuroxime	>	32		
35756053	Table_2.XLSX	Sheet1	GN3F + FRCOL								gentamicin	<=	2		
35756053	Table_2.XLSX	Sheet1	GN3F + FRCOL								ciprofloxacin	>	4		
35756053	Table_2.XLSX	Sheet1	GN3F + FRCOL								piperacillin/tazobactam	<=	16/4		
35756053	Table_2.XLSX	Sheet1	GN3F + FRCOL								cefoxitin	<=	4		
35756053	Table_2.XLSX	Sheet1	GN3F + FRCOL								trimethoprim	>	4/76		
35756053	Table_2.XLSX	Sheet1	GN3F + FRCOL								cefpodoxime	>	16		
35756053	Table_2.XLSX	Sheet1	GN3F + FRCOL								ceftazidime	=	16		mic_sign '=' inferred
35756053	Table_2.XLSX	Sheet1	GN3F + FRCOL								tobramycin	<=	4		
35756053	Table_2.XLSX	Sheet1	GN3F + FRCOL								tigecycline	<=	1		
35756053	Table_2.XLSX	Sheet1	GN3F + FRCOL								ticarcillin/clavulanic acid	<=	16/2		
35756053	Table_2.XLSX	Sheet1	GN3F + FRCOL								ceftriaxone	>	64		
35756053	Table_2.XLSX	Sheet1	GN3F + FRCOL								tetracycline	=	1		mic_sign '=' inferred
35756053	Table_2.XLSX	Sheet1	GN3F + FRCOL								colistin	=	1		mic_sign '=' inferred
35756053	Table_2.XLSX	Sheet1	GN3F + FRCOL								amikacin	<=	8		
35756053	Table_2.XLSX	Sheet1	GN3F + FRCOL								ampicillin	>	32		
35756053	Table_2.XLSX	Sheet1	GN3F + FRCOL								ampicillin/sulbactam	>	32/16		
35756053	Table_2.XLSX	Sheet1	GN3F + FRCOL								aztreonam	=	32		mic_sign '=' inferred
35756053	Table_2.XLSX	Sheet1	GN3F + FRCOL								cefazolin	>	32		
35756053	Table_2.XLSX	Sheet1	GN3F + FRCOL								cefepime	<=	4		
35756053	Table_2.XLSX	Sheet1	GN3F + FRCOL								cephalothin	>	16		
35756053	Table_2.XLSX	Sheet1	GN3F + FRCOL								meropenem	<=	1		
35756053	Table_2.XLSX	Sheet1	GN3F + FRCOL								ertapenem	<=	2		
35756053	Table_2.XLSX	Sheet1	GN3F + FRCOL								cefuroxime	>	32		
35756053	Table_2.XLSX	Sheet1	GN3F + FRCOL								gentamicin	<=	2		
35756053	Table_2.XLSX	Sheet1	GN3F + FRCOL								ciprofloxacin	<=	0.5		
35756053	Table_2.XLSX	Sheet1	GN3F + FRCOL								piperacillin/tazobactam	>	128/4		
35756053	Table_2.XLSX	Sheet1	GN3F + FRCOL								cefoxitin	<=	4		
35756053	Table_2.XLSX	Sheet1	GN3F + FRCOL								trimethoprim	<=	0.5/9.5		
35756053	Table_2.XLSX	Sheet1	GN3F + FRCOL								cefpodoxime	=	4		mic_sign '=' inferred
35756053	Table_2.XLSX	Sheet1	GN3F + FRCOL								ceftazidime	<=	1		
35756053	Table_2.XLSX	Sheet1	GN3F + FRCOL								tobramycin	<=	4		
35756053	Table_2.XLSX	Sheet1	GN3F + FRCOL								tigecycline	<=	1		
35756053	Table_2.XLSX	Sheet1	GN3F + FRCOL								ticarcillin/clavulanic acid	>	64/2		
35756053	Table_2.XLSX	Sheet1	GN3F + FRCOL								ceftriaxone	=	16		mic_sign '=' inferred
35756053	Table_2.XLSX	Sheet1	GN3F + FRCOL								tetracycline	=	1		mic_sign '=' inferred
35756053	Table_2.XLSX	Sheet1	GN3F + FRCOL								colistin	=	0.5		mic_sign '=' inferred
35756053	Table_2.XLSX	Sheet1	GN3F + FRCOL								amikacin	<=	8		
35756053	Table_2.XLSX	Sheet1	GN3F + FRCOL								ampicillin	>	32		
35756053	Table_2.XLSX	Sheet1	GN3F + FRCOL								ampicillin/sulbactam	=	16/8		mic_sign '=' inferred
35756053	Table_2.XLSX	Sheet1	GN3F + FRCOL								aztreonam	<=	4		
35756053	Table_2.XLSX	Sheet1	GN3F + FRCOL								cefazolin	=	32		mic_sign '=' inferred
35756053	Table_2.XLSX	Sheet1	GN3F + FRCOL								cefepime	<=	4		
35756053	Table_2.XLSX	Sheet1	GN3F + FRCOL								cephalothin	=	16		mic_sign '=' inferred
35756053	Table_2.XLSX	Sheet1	GN3F + FRCOL								meropenem	<=	1		
35756053	Table_2.XLSX	Sheet1	GN3F + FRCOL								ertapenem	<=	2		
35756053	Table_2.XLSX	Sheet1	GN3F + FRCOL								cefuroxime	<=	4		
35756053	Table_2.XLSX	Sheet1	GN3F + FRCOL								gentamicin	<=	2		
35756053	Table_2.XLSX	Sheet1	GN3F + FRCOL								ciprofloxacin	<=	0.5		
35756053	Table_2.XLSX	Sheet1	GN3F + FRCOL								piperacillin/tazobactam	<=	16/4		
35756053	Table_2.XLSX	Sheet1	GN3F + FRCOL								cefoxitin	<=	4		
35756053	Table_2.XLSX	Sheet1	GN3F + FRCOL								trimethoprim	<=	0.5/9.5		
35756053	Table_2.XLSX	Sheet1	GN3F + FRCOL								cefpodoxime	<=	2		
35756053	Table_2.XLSX	Sheet1	GN3F + FRCOL								ceftazidime	<=	1		
35756053	Table_2.XLSX	Sheet1	GN3F + FRCOL								tobramycin	<=	4		
35756053	Table_2.XLSX	Sheet1	GN3F + FRCOL								tigecycline	<=	1		
35756053	Table_2.XLSX	Sheet1	GN3F + FRCOL								ticarcillin/clavulanic acid	<=	16/2		
35756053	Table_2.XLSX	Sheet1	GN3F + FRCOL								ceftriaxone	<=	1		
35756053	Table_2.XLSX	Sheet1	GN3F + FRCOL								tetracycline	=	1		mic_sign '=' inferred
35756053	Table_2.XLSX	Sheet1	GN3F + FRCOL								colistin	=	0.5		mic_sign '=' inferred
35756053	Table_2.XLSX	Sheet1	GN3F + FRCOL								amikacin	<=	8		
35756053	Table_2.XLSX	Sheet1	GN3F + FRCOL								ampicillin	>	32		
35756053	Table_2.XLSX	Sheet1	GN3F + FRCOL								ampicillin/sulbactam	=	16/8		mic_sign '=' inferred
35756053	Table_2.XLSX	Sheet1	GN3F + FRCOL								aztreonam	<=	4		
35756053	Table_2.XLSX	Sheet1	GN3F + FRCOL								cefazolin	=	16		mic_sign '=' inferred
35756053	Table_2.XLSX	Sheet1	GN3F + FRCOL								cefepime	<=	4		
35756053	Table_2.XLSX	Sheet1	GN3F + FRCOL								cephalothin	=	8		mic_sign '=' inferred
35756053	Table_2.XLSX	Sheet1	GN3F + FRCOL								meropenem	<=	1		
35756053	Table_2.XLSX	Sheet1	GN3F + FRCOL								ertapenem	<=	2		
35756053	Table_2.XLSX	Sheet1	GN3F + FRCOL								cefuroxime	<=	4		
35756053	Table_2.XLSX	Sheet1	GN3F + FRCOL								gentamicin	<=	2		
35756053	Table_2.XLSX	Sheet1	GN3F + FRCOL								ciprofloxacin	<=	0.5		
35756053	Table_2.XLSX	Sheet1	GN3F + FRCOL								piperacillin/tazobactam	<=	16/4		
35756053	Table_2.XLSX	Sheet1	GN3F + FRCOL								cefoxitin	<=	4		
35756053	Table_2.XLSX	Sheet1	GN3F + FRCOL								trimethoprim	<=	0.5/9.5		
35756053	Table_2.XLSX	Sheet1	GN3F + FRCOL								cefpodoxime	<=	2		
35756053	Table_2.XLSX	Sheet1	GN3F + FRCOL								ceftazidime	<=	1		
35756053	Table_2.XLSX	Sheet1	GN3F + FRCOL								tobramycin	<=	4		
35756053	Table_2.XLSX	Sheet1	GN3F + FRCOL								tigecycline	<=	1		
35756053	Table_2.XLSX	Sheet1	GN3F + FRCOL								ticarcillin/clavulanic acid	<=	16/2		
35756053	Table_2.XLSX	Sheet1	GN3F + FRCOL								ceftriaxone	<=	1		
35756053	Table_2.XLSX	Sheet1	GN3F + FRCOL								tetracycline	=	1		mic_sign '=' inferred
35756053	Table_2.XLSX	Sheet1	GN3F + FRCOL								colistin	=	0.5		mic_sign '=' inferred
35756053	Table_2.XLSX	Sheet1	GN3F + FRCOL								amikacin	<=	8		
35756053	Table_2.XLSX	Sheet1	GN3F + FRCOL								ampicillin	>	32		
35756053	Table_2.XLSX	Sheet1	GN3F + FRCOL								ampicillin/sulbactam	=	16/8		mic_sign '=' inferred
35756053	Table_2.XLSX	Sheet1	GN3F + FRCOL								aztreonam	<=	4		
35756053	Table_2.XLSX	Sheet1	GN3F + FRCOL								cefazolin	<=	4		
35756053	Table_2.XLSX	Sheet1	GN3F + FRCOL								cefepime	<=	4		
35756053	Table_2.XLSX	Sheet1	GN3F + FRCOL								cephalothin	<=	2		
35756053	Table_2.XLSX	Sheet1	GN3F + FRCOL								meropenem	<=	1		
35756053	Table_2.XLSX	Sheet1	GN3F + FRCOL								ertapenem	<=	2		
35756053	Table_2.XLSX	Sheet1	GN3F + FRCOL								cefuroxime	<=	4		
35756053	Table_2.XLSX	Sheet1	GN3F + FRCOL								gentamicin	<=	2		
35756053	Table_2.XLSX	Sheet1	GN3F + FRCOL								ciprofloxacin	<=	0.5		
35756053	Table_2.XLSX	Sheet1	GN3F + FRCOL								piperacillin/tazobactam	<=	16/4		
35756053	Table_2.XLSX	Sheet1	GN3F + FRCOL								cefoxitin	<=	4		
35756053	Table_2.XLSX	Sheet1	GN3F + FRCOL								trimethoprim	>	4/76		
35756053	Table_2.XLSX	Sheet1	GN3F + FRCOL								cefpodoxime	<=	2		
35756053	Table_2.XLSX	Sheet1	GN3F + FRCOL								ceftazidime	<=	1		
35756053	Table_2.XLSX	Sheet1	GN3F + FRCOL								tobramycin	<=	4		
35756053	Table_2.XLSX	Sheet1	GN3F + FRCOL								tigecycline	<=	1		
35756053	Table_2.XLSX	Sheet1	GN3F + FRCOL								ticarcillin/clavulanic acid	<=	16/2		
35756053	Table_2.XLSX	Sheet1	GN3F + FRCOL								ceftriaxone	<=	1		
35756053	Table_2.XLSX	Sheet1	GN3F + FRCOL								tetracycline	>	16		
35756053	Table_2.XLSX	Sheet1	GN3F + FRCOL								colistin	=	0.5		mic_sign '=' inferred
35756053	Table_2.XLSX	Sheet1	GN3F + FRCOL								amikacin	<=	8		
35756053	Table_2.XLSX	Sheet1	GN3F + FRCOL								ampicillin	>	32		
35756053	Table_2.XLSX	Sheet1	GN3F + FRCOL								ampicillin/sulbactam	=	16/8		mic_sign '=' inferred
35756053	Table_2.XLSX	Sheet1	GN3F + FRCOL								aztreonam	<=	4		
35756053	Table_2.XLSX	Sheet1	GN3F + FRCOL								cefazolin	=	16		mic_sign '=' inferred
35756053	Table_2.XLSX	Sheet1	GN3F + FRCOL								cefepime	<=	4		
35756053	Table_2.XLSX	Sheet1	GN3F + FRCOL								cephalothin	=	8		mic_sign '=' inferred
35756053	Table_2.XLSX	Sheet1	GN3F + FRCOL								meropenem	<=	1		
35756053	Table_2.XLSX	Sheet1	GN3F + FRCOL								ertapenem	<=	2		
35756053	Table_2.XLSX	Sheet1	GN3F + FRCOL								cefuroxime	<=	4		
35756053	Table_2.XLSX	Sheet1	GN3F + FRCOL								gentamicin	<=	2		
35756053	Table_2.XLSX	Sheet1	GN3F + FRCOL								ciprofloxacin	<=	0.5		
35756053	Table_2.XLSX	Sheet1	GN3F + FRCOL								piperacillin/tazobactam	<=	16/4		
35756053	Table_2.XLSX	Sheet1	GN3F + FRCOL								cefoxitin	<=	4		
35756053	Table_2.XLSX	Sheet1	GN3F + FRCOL								trimethoprim	<=	0.5/9.5		
35756053	Table_2.XLSX	Sheet1	GN3F + FRCOL								cefpodoxime	<=	2		
35756053	Table_2.XLSX	Sheet1	GN3F + FRCOL								ceftazidime	<=	1		
35756053	Table_2.XLSX	Sheet1	GN3F + FRCOL								tobramycin	<=	4		
35756053	Table_2.XLSX	Sheet1	GN3F + FRCOL								tigecycline	<=	1		
35756053	Table_2.XLSX	Sheet1	GN3F + FRCOL								ticarcillin/clavulanic acid	<=	16/2		
35756053	Table_2.XLSX	Sheet1	GN3F + FRCOL								ceftriaxone	<=	1		
35756053	Table_2.XLSX	Sheet1	GN3F + FRCOL								tetracycline	=	2		mic_sign '=' inferred
35756053	Table_2.XLSX	Sheet1	GN3F + FRCOL								colistin	=	0.5		mic_sign '=' inferred
35756053	Table_2.XLSX	Sheet1	GN3F + FRCOL								amikacin	<=	8		
35756053	Table_2.XLSX	Sheet1	GN3F + FRCOL								ampicillin	>	32		
35756053	Table_2.XLSX	Sheet1	GN3F + FRCOL								ampicillin/sulbactam	=	16/8		mic_sign '=' inferred
35756053	Table_2.XLSX	Sheet1	GN3F + FRCOL								aztreonam	<=	4		
35756053	Table_2.XLSX	Sheet1	GN3F + FRCOL								cefazolin	=	16		mic_sign '=' inferred
35756053	Table_2.XLSX	Sheet1	GN3F + FRCOL								cefepime	<=	4		
35756053	Table_2.XLSX	Sheet1	GN3F + FRCOL								cephalothin	=	8		mic_sign '=' inferred
35756053	Table_2.XLSX	Sheet1	GN3F + FRCOL								meropenem	<=	1		
35756053	Table_2.XLSX	Sheet1	GN3F + FRCOL								ertapenem	<=	2		
35756053	Table_2.XLSX	Sheet1	GN3F + FRCOL								cefuroxime	<=	4		
35756053	Table_2.XLSX	Sheet1	GN3F + FRCOL								gentamicin	<=	2		
35756053	Table_2.XLSX	Sheet1	GN3F + FRCOL								ciprofloxacin	<=	0.5		
35756053	Table_2.XLSX	Sheet1	GN3F + FRCOL								piperacillin/tazobactam	<=	16/4		
35756053	Table_2.XLSX	Sheet1	GN3F + FRCOL								cefoxitin	<=	4		
35756053	Table_2.XLSX	Sheet1	GN3F + FRCOL								trimethoprim	<=	0.5/9.5		
35756053	Table_2.XLSX	Sheet1	GN3F + FRCOL								cefpodoxime	<=	2		
35756053	Table_2.XLSX	Sheet1	GN3F + FRCOL								ceftazidime	<=	1		
35756053	Table_2.XLSX	Sheet1	GN3F + FRCOL								tobramycin	<=	4		
35756053	Table_2.XLSX	Sheet1	GN3F + FRCOL								tigecycline	<=	1		
35756053	Table_2.XLSX	Sheet1	GN3F + FRCOL								ticarcillin/clavulanic acid	<=	16/2		
35756053	Table_2.XLSX	Sheet1	GN3F + FRCOL								ceftriaxone	<=	1		
35756053	Table_2.XLSX	Sheet1	GN3F + FRCOL								tetracycline	=	1		mic_sign '=' inferred
35756053	Table_2.XLSX	Sheet1	GN3F + FRCOL								colistin	=	0.5		mic_sign '=' inferred
35756053	Table_2.XLSX	Sheet1	GN3F + FRCOL								amikacin	<=	8		
35756053	Table_2.XLSX	Sheet1	GN3F + FRCOL								ampicillin	=	32		mic_sign '=' inferred
35756053	Table_2.XLSX	Sheet1	GN3F + FRCOL								ampicillin/sulbactam	=	8/4		mic_sign '=' inferred
35756053	Table_2.XLSX	Sheet1	GN3F + FRCOL								aztreonam	<=	4		
35756053	Table_2.XLSX	Sheet1	GN3F + FRCOL								cefazolin	=	16		mic_sign '=' inferred
35756053	Table_2.XLSX	Sheet1	GN3F + FRCOL								cefepime	<=	4		
35756053	Table_2.XLSX	Sheet1	GN3F + FRCOL								cephalothin	=	8		mic_sign '=' inferred
35756053	Table_2.XLSX	Sheet1	GN3F + FRCOL								meropenem	<=	1		
35756053	Table_2.XLSX	Sheet1	GN3F + FRCOL								ertapenem	<=	2		
35756053	Table_2.XLSX	Sheet1	GN3F + FRCOL								cefuroxime	<=	4		
35756053	Table_2.XLSX	Sheet1	GN3F + FRCOL								gentamicin	<=	2		
35756053	Table_2.XLSX	Sheet1	GN3F + FRCOL								ciprofloxacin	<=	0.5		
35756053	Table_2.XLSX	Sheet1	GN3F + FRCOL								piperacillin/tazobactam	<=	16/4		
35756053	Table_2.XLSX	Sheet1	GN3F + FRCOL								cefoxitin	<=	4		
35756053	Table_2.XLSX	Sheet1	GN3F + FRCOL								trimethoprim	<=	0.5/9.5		
35756053	Table_2.XLSX	Sheet1	GN3F + FRCOL								cefpodoxime	<=	2		
35756053	Table_2.XLSX	Sheet1	GN3F + FRCOL								ceftazidime	<=	1		
35756053	Table_2.XLSX	Sheet1	GN3F + FRCOL								tobramycin	<=	4		
35756053	Table_2.XLSX	Sheet1	GN3F + FRCOL								tigecycline	<=	1		
35756053	Table_2.XLSX	Sheet1	GN3F + FRCOL								ticarcillin/clavulanic acid	<=	16/2		
35756053	Table_2.XLSX	Sheet1	GN3F + FRCOL								ceftriaxone	<=	1		
35756053	Table_2.XLSX	Sheet1	GN3F + FRCOL								tetracycline	=	1		mic_sign '=' inferred
35756053	Table_2.XLSX	Sheet1	GN3F + FRCOL								colistin	=	0.5		mic_sign '=' inferred
35756053	Table_2.XLSX	Sheet1	GN3F + FRCOL								amikacin	<=	8		
35756053	Table_2.XLSX	Sheet1	GN3F + FRCOL								ampicillin	=	32		mic_sign '=' inferred
35756053	Table_2.XLSX	Sheet1	GN3F + FRCOL								ampicillin/sulbactam	<=	4/2		
35756053	Table_2.XLSX	Sheet1	GN3F + FRCOL								aztreonam	<=	4		
35756053	Table_2.XLSX	Sheet1	GN3F + FRCOL								cefazolin	<=	4		
35756053	Table_2.XLSX	Sheet1	GN3F + FRCOL								cefepime	<=	4		
35756053	Table_2.XLSX	Sheet1	GN3F + FRCOL								cephalothin	=	4		mic_sign '=' inferred
35756053	Table_2.XLSX	Sheet1	GN3F + FRCOL								meropenem	<=	1		
35756053	Table_2.XLSX	Sheet1	GN3F + FRCOL								ertapenem	<=	2		
35756053	Table_2.XLSX	Sheet1	GN3F + FRCOL								cefuroxime	<=	4		
35756053	Table_2.XLSX	Sheet1	GN3F + FRCOL								gentamicin	<=	2		
35756053	Table_2.XLSX	Sheet1	GN3F + FRCOL								ciprofloxacin	<=	0.5		
35756053	Table_2.XLSX	Sheet1	GN3F + FRCOL								piperacillin/tazobactam	<=	16/4		
35756053	Table_2.XLSX	Sheet1	GN3F + FRCOL								cefoxitin	<=	4		
35756053	Table_2.XLSX	Sheet1	GN3F + FRCOL								trimethoprim	<=	0.5/9.5		
35756053	Table_2.XLSX	Sheet1	GN3F + FRCOL								cefpodoxime	<=	2		
35756053	Table_2.XLSX	Sheet1	GN3F + FRCOL								ceftazidime	<=	1		
35756053	Table_2.XLSX	Sheet1	GN3F + FRCOL								tobramycin	<=	4		
35756053	Table_2.XLSX	Sheet1	GN3F + FRCOL								tigecycline	<=	1		
35756053	Table_2.XLSX	Sheet1	GN3F + FRCOL								ticarcillin/clavulanic acid	<=	16/2		
35756053	Table_2.XLSX	Sheet1	GN3F + FRCOL								ceftriaxone	<=	1		
35756053	Table_2.XLSX	Sheet1	GN3F + FRCOL								tetracycline	=	2		mic_sign '=' inferred
35756053	Table_2.XLSX	Sheet1	GN3F + FRCOL								colistin	=	0.5		mic_sign '=' inferred
35756053	Table_2.XLSX	Sheet1	GN3F + FRCOL								amikacin	<=	8		
35756053	Table_2.XLSX	Sheet1	GN3F + FRCOL								ampicillin	=	32		mic_sign '=' inferred
35756053	Table_2.XLSX	Sheet1	GN3F + FRCOL								ampicillin/sulbactam	=	8/4		mic_sign '=' inferred
35756053	Table_2.XLSX	Sheet1	GN3F + FRCOL								aztreonam	<=	4		
35756053	Table_2.XLSX	Sheet1	GN3F + FRCOL								cefazolin	<=	4		
35756053	Table_2.XLSX	Sheet1	GN3F + FRCOL								cefepime	<=	4		
35756053	Table_2.XLSX	Sheet1	GN3F + FRCOL								cephalothin	=	4		mic_sign '=' inferred
35756053	Table_2.XLSX	Sheet1	GN3F + FRCOL								meropenem	<=	1		
35756053	Table_2.XLSX	Sheet1	GN3F + FRCOL								ertapenem	<=	2		
35756053	Table_2.XLSX	Sheet1	GN3F + FRCOL								cefuroxime	<=	4		
35756053	Table_2.XLSX	Sheet1	GN3F + FRCOL								gentamicin	<=	2		
35756053	Table_2.XLSX	Sheet1	GN3F + FRCOL								ciprofloxacin	<=	0.5		
35756053	Table_2.XLSX	Sheet1	GN3F + FRCOL								piperacillin/tazobactam	<=	16/4		
35756053	Table_2.XLSX	Sheet1	GN3F + FRCOL								cefoxitin	<=	4		
35756053	Table_2.XLSX	Sheet1	GN3F + FRCOL								trimethoprim	<=	0.5/9.5		
35756053	Table_2.XLSX	Sheet1	GN3F + FRCOL								cefpodoxime	<=	2		
35756053	Table_2.XLSX	Sheet1	GN3F + FRCOL								ceftazidime	<=	1		
35756053	Table_2.XLSX	Sheet1	GN3F + FRCOL								tobramycin	<=	4		
35756053	Table_2.XLSX	Sheet1	GN3F + FRCOL								tigecycline	<=	1		
35756053	Table_2.XLSX	Sheet1	GN3F + FRCOL								ticarcillin/clavulanic acid	<=	16/2		
35756053	Table_2.XLSX	Sheet1	GN3F + FRCOL								ceftriaxone	<=	1		
35756053	Table_2.XLSX	Sheet1	GN3F + FRCOL								tetracycline	=	2		mic_sign '=' inferred
35756053	Table_2.XLSX	Sheet1	GN3F + FRCOL								colistin	=	0.5		mic_sign '=' inferred
35756053	Table_2.XLSX	Sheet1	GN3F + FRCOL								amikacin	<=	8		
35756053	Table_2.XLSX	Sheet1	GN3F + FRCOL								ampicillin	=	32		mic_sign '=' inferred
35756053	Table_2.XLSX	Sheet1	GN3F + FRCOL								ampicillin/sulbactam	=	8/4		mic_sign '=' inferred
35756053	Table_2.XLSX	Sheet1	GN3F + FRCOL								aztreonam	<=	4		
35756053	Table_2.XLSX	Sheet1	GN3F + FRCOL								cefazolin	<=	4		
35756053	Table_2.XLSX	Sheet1	GN3F + FRCOL								cefepime	<=	4		
35756053	Table_2.XLSX	Sheet1	GN3F + FRCOL								cephalothin	=	4		mic_sign '=' inferred
35756053	Table_2.XLSX	Sheet1	GN3F + FRCOL								meropenem	<=	1		
35756053	Table_2.XLSX	Sheet1	GN3F + FRCOL								ertapenem	<=	2		
35756053	Table_2.XLSX	Sheet1	GN3F + FRCOL								cefuroxime	<=	4		
35756053	Table_2.XLSX	Sheet1	GN3F + FRCOL								gentamicin	<=	2		
35756053	Table_2.XLSX	Sheet1	GN3F + FRCOL								ciprofloxacin	<=	0.5		
35756053	Table_2.XLSX	Sheet1	GN3F + FRCOL								piperacillin/tazobactam	<=	16/4		
35756053	Table_2.XLSX	Sheet1	GN3F + FRCOL								cefoxitin	<=	4		
35756053	Table_2.XLSX	Sheet1	GN3F + FRCOL								trimethoprim	<=	0.5/9.5		
35756053	Table_2.XLSX	Sheet1	GN3F + FRCOL								cefpodoxime	<=	2		
35756053	Table_2.XLSX	Sheet1	GN3F + FRCOL								ceftazidime	<=	1		
35756053	Table_2.XLSX	Sheet1	GN3F + FRCOL								tobramycin	<=	4		
35756053	Table_2.XLSX	Sheet1	GN3F + FRCOL								tigecycline	<=	1		
35756053	Table_2.XLSX	Sheet1	GN3F + FRCOL								ticarcillin/clavulanic acid	<=	16/2		
35756053	Table_2.XLSX	Sheet1	GN3F + FRCOL								ceftriaxone	<=	1		
35756053	Table_2.XLSX	Sheet1	GN3F + FRCOL								tetracycline	=	2		mic_sign '=' inferred
35756053	Table_2.XLSX	Sheet1	GN3F + FRCOL								colistin	=	0.5		mic_sign '=' inferred
35756053	Table_2.XLSX	Sheet1	GN3F + FRCOL								amikacin	<=	8		
35756053	Table_2.XLSX	Sheet1	GN3F + FRCOL								ampicillin	>	32		
35756053	Table_2.XLSX	Sheet1	GN3F + FRCOL								ampicillin/sulbactam	=	32/16		mic_sign '=' inferred
35756053	Table_2.XLSX	Sheet1	GN3F + FRCOL								aztreonam	<=	4		
35756053	Table_2.XLSX	Sheet1	GN3F + FRCOL								cefazolin	<=	4		
35756053	Table_2.XLSX	Sheet1	GN3F + FRCOL								cefepime	<=	4		
35756053	Table_2.XLSX	Sheet1	GN3F + FRCOL								cephalothin	=	8		mic_sign '=' inferred
35756053	Table_2.XLSX	Sheet1	GN3F + FRCOL								meropenem	<=	1		
35756053	Table_2.XLSX	Sheet1	GN3F + FRCOL								ertapenem	<=	2		
35756053	Table_2.XLSX	Sheet1	GN3F + FRCOL								cefuroxime	<=	4		
35756053	Table_2.XLSX	Sheet1	GN3F + FRCOL								gentamicin	<=	2		
35756053	Table_2.XLSX	Sheet1	GN3F + FRCOL								ciprofloxacin	<=	0.5		
35756053	Table_2.XLSX	Sheet1	GN3F + FRCOL								piperacillin/tazobactam	<=	16/4		
35756053	Table_2.XLSX	Sheet1	GN3F + FRCOL								cefoxitin	<=	4		
35756053	Table_2.XLSX	Sheet1	GN3F + FRCOL								trimethoprim	<=	0.5/9.5		
35756053	Table_2.XLSX	Sheet1	GN3F + FRCOL								cefpodoxime	<=	2		
35756053	Table_2.XLSX	Sheet1	GN3F + FRCOL								ceftazidime	<=	1		
35756053	Table_2.XLSX	Sheet1	GN3F + FRCOL								tobramycin	<=	4		
35756053	Table_2.XLSX	Sheet1	GN3F + FRCOL								tigecycline	<=	1		
35756053	Table_2.XLSX	Sheet1	GN3F + FRCOL								ticarcillin/clavulanic acid	<=	16/2		
35756053	Table_2.XLSX	Sheet1	GN3F + FRCOL								ceftriaxone	<=	1		
35756053	Table_2.XLSX	Sheet1	GN3F + FRCOL								tetracycline	=	4		mic_sign '=' inferred
35756053	Table_2.XLSX	Sheet1	GN3F + FRCOL								colistin	=	0.5		mic_sign '=' inferred
35756053	Table_2.XLSX	Sheet1	GN3F + FRCOL								amikacin	<=	8		
35756053	Table_2.XLSX	Sheet1	GN3F + FRCOL								ampicillin	=	32		mic_sign '=' inferred
35756053	Table_2.XLSX	Sheet1	GN3F + FRCOL								ampicillin/sulbactam	<=	4/2		
35756053	Table_2.XLSX	Sheet1	GN3F + FRCOL								aztreonam	<=	4		
35756053	Table_2.XLSX	Sheet1	GN3F + FRCOL								cefazolin	<=	4		
35756053	Table_2.XLSX	Sheet1	GN3F + FRCOL								cefepime	<=	4		
35756053	Table_2.XLSX	Sheet1	GN3F + FRCOL								cephalothin	<=	2		
35756053	Table_2.XLSX	Sheet1	GN3F + FRCOL								meropenem	<=	1		
35756053	Table_2.XLSX	Sheet1	GN3F + FRCOL								ertapenem	<=	2		
35756053	Table_2.XLSX	Sheet1	GN3F + FRCOL								cefuroxime	<=	4		
35756053	Table_2.XLSX	Sheet1	GN3F + FRCOL								gentamicin	<=	2		
35756053	Table_2.XLSX	Sheet1	GN3F + FRCOL								ciprofloxacin	<=	0.5		
35756053	Table_2.XLSX	Sheet1	GN3F + FRCOL								piperacillin/tazobactam	<=	16/4		
35756053	Table_2.XLSX	Sheet1	GN3F + FRCOL								cefoxitin	<=	4		
35756053	Table_2.XLSX	Sheet1	GN3F + FRCOL								trimethoprim	<=	0.5/9.5		
35756053	Table_2.XLSX	Sheet1	GN3F + FRCOL								cefpodoxime	<=	2		
35756053	Table_2.XLSX	Sheet1	GN3F + FRCOL								ceftazidime	<=	1		
35756053	Table_2.XLSX	Sheet1	GN3F + FRCOL								tobramycin	<=	4		
35756053	Table_2.XLSX	Sheet1	GN3F + FRCOL								tigecycline	<=	1		
35756053	Table_2.XLSX	Sheet1	GN3F + FRCOL								ticarcillin/clavulanic acid	<=	16/2		
35756053	Table_2.XLSX	Sheet1	GN3F + FRCOL								ceftriaxone	<=	1		
35756053	Table_2.XLSX	Sheet1	GN3F + FRCOL								tetracycline	=	2		mic_sign '=' inferred
35756053	Table_2.XLSX	Sheet1	GN3F + FRCOL								colistin	=	0.5		mic_sign '=' inferred
35756053	Table_2.XLSX	Sheet1	GN3F + FRCOL								amikacin	<=	8		
35756053	Table_2.XLSX	Sheet1	GN3F + FRCOL								ampicillin	=	32		mic_sign '=' inferred
35756053	Table_2.XLSX	Sheet1	GN3F + FRCOL								ampicillin/sulbactam	<=	4/2		
35756053	Table_2.XLSX	Sheet1	GN3F + FRCOL								aztreonam	<=	4		
35756053	Table_2.XLSX	Sheet1	GN3F + FRCOL								cefazolin	<=	4		
35756053	Table_2.XLSX	Sheet1	GN3F + FRCOL								cefepime	<=	4		
35756053	Table_2.XLSX	Sheet1	GN3F + FRCOL								cephalothin	<=	2		
35756053	Table_2.XLSX	Sheet1	GN3F + FRCOL								meropenem	<=	1		
35756053	Table_2.XLSX	Sheet1	GN3F + FRCOL								ertapenem	<=	2		
35756053	Table_2.XLSX	Sheet1	GN3F + FRCOL								cefuroxime	<=	4		
35756053	Table_2.XLSX	Sheet1	GN3F + FRCOL								gentamicin	<=	2		
35756053	Table_2.XLSX	Sheet1	GN3F + FRCOL								ciprofloxacin	<=	0.5		
35756053	Table_2.XLSX	Sheet1	GN3F + FRCOL								piperacillin/tazobactam	<=	16/4		
35756053	Table_2.XLSX	Sheet1	GN3F + FRCOL								cefoxitin	<=	4		
35756053	Table_2.XLSX	Sheet1	GN3F + FRCOL								trimethoprim	<=	0.5/9.5		
35756053	Table_2.XLSX	Sheet1	GN3F + FRCOL								cefpodoxime	<=	2		
35756053	Table_2.XLSX	Sheet1	GN3F + FRCOL								ceftazidime	<=	1		
35756053	Table_2.XLSX	Sheet1	GN3F + FRCOL								tobramycin	<=	4		
35756053	Table_2.XLSX	Sheet1	GN3F + FRCOL								tigecycline	<=	1		
35756053	Table_2.XLSX	Sheet1	GN3F + FRCOL								ticarcillin/clavulanic acid	<=	16/2		
35756053	Table_2.XLSX	Sheet1	GN3F + FRCOL								ceftriaxone	<=	1		
35756053	Table_2.XLSX	Sheet1	GN3F + FRCOL								tetracycline	=	2		mic_sign '=' inferred
35756053	Table_2.XLSX	Sheet1	GN3F + FRCOL								colistin	=	1		mic_sign '=' inferred
35756053	Table_2.XLSX	Sheet1	GN3F + FRCOL								amikacin	<=	8		
35756053	Table_2.XLSX	Sheet1	GN3F + FRCOL								ampicillin	=	32		mic_sign '=' inferred
35756053	Table_2.XLSX	Sheet1	GN3F + FRCOL								ampicillin/sulbactam	<=	4/2		
35756053	Table_2.XLSX	Sheet1	GN3F + FRCOL								aztreonam	<=	4		
35756053	Table_2.XLSX	Sheet1	GN3F + FRCOL								cefazolin	<=	4		
35756053	Table_2.XLSX	Sheet1	GN3F + FRCOL								cefepime	<=	4		
35756053	Table_2.XLSX	Sheet1	GN3F + FRCOL								cephalothin	=	4		mic_sign '=' inferred
35756053	Table_2.XLSX	Sheet1	GN3F + FRCOL								meropenem	<=	1		
35756053	Table_2.XLSX	Sheet1	GN3F + FRCOL								ertapenem	<=	2		
35756053	Table_2.XLSX	Sheet1	GN3F + FRCOL								cefuroxime	<=	4		
35756053	Table_2.XLSX	Sheet1	GN3F + FRCOL								gentamicin	<=	2		
35756053	Table_2.XLSX	Sheet1	GN3F + FRCOL								ciprofloxacin	<=	0.5		
35756053	Table_2.XLSX	Sheet1	GN3F + FRCOL								piperacillin/tazobactam	<=	16/4		
35756053	Table_2.XLSX	Sheet1	GN3F + FRCOL								cefoxitin	<=	4		
35756053	Table_2.XLSX	Sheet1	GN3F + FRCOL								trimethoprim	<=	0.5/9.5		
35756053	Table_2.XLSX	Sheet1	GN3F + FRCOL								cefpodoxime	<=	2		
35756053	Table_2.XLSX	Sheet1	GN3F + FRCOL								ceftazidime	<=	1		
35756053	Table_2.XLSX	Sheet1	GN3F + FRCOL								tobramycin	<=	4		
35756053	Table_2.XLSX	Sheet1	GN3F + FRCOL								tigecycline	<=	1		
35756053	Table_2.XLSX	Sheet1	GN3F + FRCOL								ticarcillin/clavulanic acid	<=	16/2		
35756053	Table_2.XLSX	Sheet1	GN3F + FRCOL								ceftriaxone	<=	1		
35756053	Table_2.XLSX	Sheet1	GN3F + FRCOL								tetracycline	=	2		mic_sign '=' inferred
35756053	Table_2.XLSX	Sheet1	GN3F + FRCOL								colistin	=	0.5		mic_sign '=' inferred
35756053	Table_2.XLSX	Sheet1	GN3F + FRCOL								amikacin	<=	8		
35756053	Table_2.XLSX	Sheet1	GN3F + FRCOL								ampicillin	>	32		
35756053	Table_2.XLSX	Sheet1	GN3F + FRCOL								ampicillin/sulbactam	=	32/16		mic_sign '=' inferred
35756053	Table_2.XLSX	Sheet1	GN3F + FRCOL								aztreonam	<=	4		
35756053	Table_2.XLSX	Sheet1	GN3F + FRCOL								cefazolin	>	32		
35756053	Table_2.XLSX	Sheet1	GN3F + FRCOL								cefepime	<=	4		
35756053	Table_2.XLSX	Sheet1	GN3F + FRCOL								cephalothin	>	16		
35756053	Table_2.XLSX	Sheet1	GN3F + FRCOL								meropenem	<=	1		
35756053	Table_2.XLSX	Sheet1	GN3F + FRCOL								ertapenem	<=	2		
35756053	Table_2.XLSX	Sheet1	GN3F + FRCOL								cefuroxime	>	32		
35756053	Table_2.XLSX	Sheet1	GN3F + FRCOL								gentamicin	>	16		
35756053	Table_2.XLSX	Sheet1	GN3F + FRCOL								ciprofloxacin	<=	0.5		
35756053	Table_2.XLSX	Sheet1	GN3F + FRCOL								piperacillin/tazobactam	<=	16/4		
35756053	Table_2.XLSX	Sheet1	GN3F + FRCOL								cefoxitin	<=	4		
35756053	Table_2.XLSX	Sheet1	GN3F + FRCOL								trimethoprim	>	4/76		
35756053	Table_2.XLSX	Sheet1	GN3F + FRCOL								cefpodoxime	>	16		
35756053	Table_2.XLSX	Sheet1	GN3F + FRCOL								ceftazidime	<=	1		
35756053	Table_2.XLSX	Sheet1	GN3F + FRCOL								tobramycin	<=	4		
35756053	Table_2.XLSX	Sheet1	GN3F + FRCOL								tigecycline	<=	1		
35756053	Table_2.XLSX	Sheet1	GN3F + FRCOL								ticarcillin/clavulanic acid	=	64/2		mic_sign '=' inferred
35756053	Table_2.XLSX	Sheet1	GN3F + FRCOL								ceftriaxone	=	32		mic_sign '=' inferred
35756053	Table_2.XLSX	Sheet1	GN3F + FRCOL								tetracycline	>	16		
35756053	Table_2.XLSX	Sheet1	GN3F + FRCOL								colistin	=	0.5		mic_sign '=' inferred
35756053	Table_2.XLSX	Sheet1	GN3F + FRCOL								amikacin	<=	8		
35756053	Table_2.XLSX	Sheet1	GN3F + FRCOL								ampicillin	>	32		
35756053	Table_2.XLSX	Sheet1	GN3F + FRCOL								ampicillin/sulbactam	>	32/16		
35756053	Table_2.XLSX	Sheet1	GN3F + FRCOL								aztreonam	<=	4		
35756053	Table_2.XLSX	Sheet1	GN3F + FRCOL								cefazolin	=	16		mic_sign '=' inferred
35756053	Table_2.XLSX	Sheet1	GN3F + FRCOL								cefepime	<=	4		
35756053	Table_2.XLSX	Sheet1	GN3F + FRCOL								cephalothin	>	16		
35756053	Table_2.XLSX	Sheet1	GN3F + FRCOL								meropenem	<=	1		
35756053	Table_2.XLSX	Sheet1	GN3F + FRCOL								ertapenem	<=	2		
35756053	Table_2.XLSX	Sheet1	GN3F + FRCOL								cefuroxime	<=	4		
35756053	Table_2.XLSX	Sheet1	GN3F + FRCOL								gentamicin	<=	2		
35756053	Table_2.XLSX	Sheet1	GN3F + FRCOL								ciprofloxacin	<=	0.5		
35756053	Table_2.XLSX	Sheet1	GN3F + FRCOL								piperacillin/tazobactam	<=	16/4		
35756053	Table_2.XLSX	Sheet1	GN3F + FRCOL								cefoxitin	<=	4		
35756053	Table_2.XLSX	Sheet1	GN3F + FRCOL								trimethoprim	>	4/76		
35756053	Table_2.XLSX	Sheet1	GN3F + FRCOL								cefpodoxime	<=	2		
35756053	Table_2.XLSX	Sheet1	GN3F + FRCOL								ceftazidime	<=	1		
35756053	Table_2.XLSX	Sheet1	GN3F + FRCOL								tobramycin	<=	4		
35756053	Table_2.XLSX	Sheet1	GN3F + FRCOL								tigecycline	<=	1		
35756053	Table_2.XLSX	Sheet1	GN3F + FRCOL								ticarcillin/clavulanic acid	>	64/2		
35756053	Table_2.XLSX	Sheet1	GN3F + FRCOL								ceftriaxone	<=	1		
35756053	Table_2.XLSX	Sheet1	GN3F + FRCOL								tetracycline	=	2		mic_sign '=' inferred
35756053	Table_2.XLSX	Sheet1	GN3F + FRCOL								colistin	=	0.5		mic_sign '=' inferred
35756053	Table_2.XLSX	Sheet1	GN3F + FRCOL								amikacin	<=	8		
35756053	Table_2.XLSX	Sheet1	GN3F + FRCOL								ampicillin	=	32		mic_sign '=' inferred
35756053	Table_2.XLSX	Sheet1	GN3F + FRCOL								ampicillin/sulbactam	=	8/4		mic_sign '=' inferred
35756053	Table_2.XLSX	Sheet1	GN3F + FRCOL								aztreonam	<=	4		
35756053	Table_2.XLSX	Sheet1	GN3F + FRCOL								cefazolin	<=	4		
35756053	Table_2.XLSX	Sheet1	GN3F + FRCOL								cefepime	<=	4		
35756053	Table_2.XLSX	Sheet1	GN3F + FRCOL								cephalothin	=	4		mic_sign '=' inferred
35756053	Table_2.XLSX	Sheet1	GN3F + FRCOL								meropenem	<=	1		
35756053	Table_2.XLSX	Sheet1	GN3F + FRCOL								ertapenem	<=	2		
35756053	Table_2.XLSX	Sheet1	GN3F + FRCOL								cefuroxime	<=	4		
35756053	Table_2.XLSX	Sheet1	GN3F + FRCOL								gentamicin	<=	2		
35756053	Table_2.XLSX	Sheet1	GN3F + FRCOL								ciprofloxacin	<=	0.5		
35756053	Table_2.XLSX	Sheet1	GN3F + FRCOL								piperacillin/tazobactam	<=	16/4		
35756053	Table_2.XLSX	Sheet1	GN3F + FRCOL								cefoxitin	<=	4		
35756053	Table_2.XLSX	Sheet1	GN3F + FRCOL								trimethoprim	<=	0.5/9.5		
35756053	Table_2.XLSX	Sheet1	GN3F + FRCOL								cefpodoxime	<=	2		
35756053	Table_2.XLSX	Sheet1	GN3F + FRCOL								ceftazidime	<=	1		
35756053	Table_2.XLSX	Sheet1	GN3F + FRCOL								tobramycin	<=	4		
35756053	Table_2.XLSX	Sheet1	GN3F + FRCOL								tigecycline	<=	1		
35756053	Table_2.XLSX	Sheet1	GN3F + FRCOL								ticarcillin/clavulanic acid	<=	16/2		
35756053	Table_2.XLSX	Sheet1	GN3F + FRCOL								ceftriaxone	<=	1		
35756053	Table_2.XLSX	Sheet1	GN3F + FRCOL								tetracycline	=	2		mic_sign '=' inferred
35756053	Table_2.XLSX	Sheet1	GN3F + FRCOL								colistin	=	0.5		mic_sign '=' inferred
35756053	Table_2.XLSX	Sheet1	GN3F + FRCOL								amikacin	<=	8		
35756053	Table_2.XLSX	Sheet1	GN3F + FRCOL								ampicillin	=	32		mic_sign '=' inferred
35756053	Table_2.XLSX	Sheet1	GN3F + FRCOL								ampicillin/sulbactam	<=	4/2		
35756053	Table_2.XLSX	Sheet1	GN3F + FRCOL								aztreonam	<=	4		
35756053	Table_2.XLSX	Sheet1	GN3F + FRCOL								cefazolin	<=	4		
35756053	Table_2.XLSX	Sheet1	GN3F + FRCOL								cefepime	<=	4		
35756053	Table_2.XLSX	Sheet1	GN3F + FRCOL								cephalothin	<=	2		
35756053	Table_2.XLSX	Sheet1	GN3F + FRCOL								meropenem	<=	1		
35756053	Table_2.XLSX	Sheet1	GN3F + FRCOL								ertapenem	<=	2		
35756053	Table_2.XLSX	Sheet1	GN3F + FRCOL								cefuroxime	<=	4		
35756053	Table_2.XLSX	Sheet1	GN3F + FRCOL								gentamicin	<=	2		
35756053	Table_2.XLSX	Sheet1	GN3F + FRCOL								ciprofloxacin	<=	0.5		
35756053	Table_2.XLSX	Sheet1	GN3F + FRCOL								piperacillin/tazobactam	<=	16/4		
35756053	Table_2.XLSX	Sheet1	GN3F + FRCOL								cefoxitin	<=	4		
35756053	Table_2.XLSX	Sheet1	GN3F + FRCOL								trimethoprim	<=	0.5/9.5		
35756053	Table_2.XLSX	Sheet1	GN3F + FRCOL								cefpodoxime	<=	2		
35756053	Table_2.XLSX	Sheet1	GN3F + FRCOL								ceftazidime	<=	1		
35756053	Table_2.XLSX	Sheet1	GN3F + FRCOL								tobramycin	<=	4		
35756053	Table_2.XLSX	Sheet1	GN3F + FRCOL								tigecycline	<=	1		
35756053	Table_2.XLSX	Sheet1	GN3F + FRCOL								ticarcillin/clavulanic acid	<=	16/2		
35756053	Table_2.XLSX	Sheet1	GN3F + FRCOL								ceftriaxone	<=	1		
35756053	Table_2.XLSX	Sheet1	GN3F + FRCOL								tetracycline	=	2		mic_sign '=' inferred
35756053	Table_2.XLSX	Sheet1	GN3F + FRCOL								colistin	=	0.5		mic_sign '=' inferred
35756053	Table_2.XLSX	Sheet1	GN3F + FRCOL								amikacin	<=	8		
35756053	Table_2.XLSX	Sheet1	GN3F + FRCOL								ampicillin	=	32		mic_sign '=' inferred
35756053	Table_2.XLSX	Sheet1	GN3F + FRCOL								ampicillin/sulbactam	<=	4/2		
35756053	Table_2.XLSX	Sheet1	GN3F + FRCOL								aztreonam	<=	4		
35756053	Table_2.XLSX	Sheet1	GN3F + FRCOL								cefazolin	<=	4		
35756053	Table_2.XLSX	Sheet1	GN3F + FRCOL								cefepime	<=	4		
35756053	Table_2.XLSX	Sheet1	GN3F + FRCOL								cephalothin	<=	2		
35756053	Table_2.XLSX	Sheet1	GN3F + FRCOL								meropenem	<=	1		
35756053	Table_2.XLSX	Sheet1	GN3F + FRCOL								ertapenem	<=	2		
35756053	Table_2.XLSX	Sheet1	GN3F + FRCOL								cefuroxime	<=	4		
35756053	Table_2.XLSX	Sheet1	GN3F + FRCOL								gentamicin	<=	2		
35756053	Table_2.XLSX	Sheet1	GN3F + FRCOL								ciprofloxacin	<=	0.5		
35756053	Table_2.XLSX	Sheet1	GN3F + FRCOL								piperacillin/tazobactam	<=	16/4		
35756053	Table_2.XLSX	Sheet1	GN3F + FRCOL								cefoxitin	<=	4		
35756053	Table_2.XLSX	Sheet1	GN3F + FRCOL								trimethoprim	<=	0.5/9.5		
35756053	Table_2.XLSX	Sheet1	GN3F + FRCOL								cefpodoxime	<=	2		
35756053	Table_2.XLSX	Sheet1	GN3F + FRCOL								ceftazidime	<=	1		
35756053	Table_2.XLSX	Sheet1	GN3F + FRCOL								tobramycin	<=	4		
35756053	Table_2.XLSX	Sheet1	GN3F + FRCOL								tigecycline	<=	1		
35756053	Table_2.XLSX	Sheet1	GN3F + FRCOL								ticarcillin/clavulanic acid	<=	16/2		
35756053	Table_2.XLSX	Sheet1	GN3F + FRCOL								ceftriaxone	<=	1		
35756053	Table_2.XLSX	Sheet1	GN3F + FRCOL								tetracycline	=	2		mic_sign '=' inferred
35756053	Table_2.XLSX	Sheet1	GN3F + FRCOL								colistin	=	0.5		mic_sign '=' inferred
35756053	Table_2.XLSX	Sheet1	GN3F + FRCOL								amikacin	<=	8		
35756053	Table_2.XLSX	Sheet1	GN3F + FRCOL								ampicillin	=	32		mic_sign '=' inferred
35756053	Table_2.XLSX	Sheet1	GN3F + FRCOL								ampicillin/sulbactam	<=	4/2		
35756053	Table_2.XLSX	Sheet1	GN3F + FRCOL								aztreonam	<=	4		
35756053	Table_2.XLSX	Sheet1	GN3F + FRCOL								cefazolin	<=	4		
35756053	Table_2.XLSX	Sheet1	GN3F + FRCOL								cefepime	<=	4		
35756053	Table_2.XLSX	Sheet1	GN3F + FRCOL								cephalothin	=	4		mic_sign '=' inferred
35756053	Table_2.XLSX	Sheet1	GN3F + FRCOL								meropenem	<=	1		
35756053	Table_2.XLSX	Sheet1	GN3F + FRCOL								ertapenem	<=	2		
35756053	Table_2.XLSX	Sheet1	GN3F + FRCOL								cefuroxime	<=	4		
35756053	Table_2.XLSX	Sheet1	GN3F + FRCOL								gentamicin	<=	2		
35756053	Table_2.XLSX	Sheet1	GN3F + FRCOL								ciprofloxacin	<=	0.5		
35756053	Table_2.XLSX	Sheet1	GN3F + FRCOL								piperacillin/tazobactam	<=	16/4		
35756053	Table_2.XLSX	Sheet1	GN3F + FRCOL								cefoxitin	<=	4		
35756053	Table_2.XLSX	Sheet1	GN3F + FRCOL								trimethoprim	<=	0.5/9.5		
35756053	Table_2.XLSX	Sheet1	GN3F + FRCOL								cefpodoxime	<=	2		
35756053	Table_2.XLSX	Sheet1	GN3F + FRCOL								ceftazidime	<=	1		
35756053	Table_2.XLSX	Sheet1	GN3F + FRCOL								tobramycin	<=	4		
35756053	Table_2.XLSX	Sheet1	GN3F + FRCOL								tigecycline	<=	1		
35756053	Table_2.XLSX	Sheet1	GN3F + FRCOL								ticarcillin/clavulanic acid	<=	16/2		
35756053	Table_2.XLSX	Sheet1	GN3F + FRCOL								ceftriaxone	<=	1		
35756053	Table_2.XLSX	Sheet1	GN3F + FRCOL								tetracycline	=	2		mic_sign '=' inferred
35756053	Table_2.XLSX	Sheet1	GN3F + FRCOL								colistin	=	0.5		mic_sign '=' inferred
35756053	Table_2.XLSX	Sheet1	GN3F + FRCOL								amikacin	<=	8		
35756053	Table_2.XLSX	Sheet1	GN3F + FRCOL								ampicillin	>	32		
35756053	Table_2.XLSX	Sheet1	GN3F + FRCOL								ampicillin/sulbactam	=	16/8		mic_sign '=' inferred
35756053	Table_2.XLSX	Sheet1	GN3F + FRCOL								aztreonam	<=	4		
35756053	Table_2.XLSX	Sheet1	GN3F + FRCOL								cefazolin	<=	4		
35756053	Table_2.XLSX	Sheet1	GN3F + FRCOL								cefepime	<=	4		
35756053	Table_2.XLSX	Sheet1	GN3F + FRCOL								cephalothin	=	4		mic_sign '=' inferred
35756053	Table_2.XLSX	Sheet1	GN3F + FRCOL								meropenem	<=	1		
35756053	Table_2.XLSX	Sheet1	GN3F + FRCOL								ertapenem	<=	2		
35756053	Table_2.XLSX	Sheet1	GN3F + FRCOL								cefuroxime	<=	4		
35756053	Table_2.XLSX	Sheet1	GN3F + FRCOL								gentamicin	<=	2		
35756053	Table_2.XLSX	Sheet1	GN3F + FRCOL								ciprofloxacin	<=	0.5		
35756053	Table_2.XLSX	Sheet1	GN3F + FRCOL								piperacillin/tazobactam	<=	16/4		
35756053	Table_2.XLSX	Sheet1	GN3F + FRCOL								cefoxitin	<=	4		
35756053	Table_2.XLSX	Sheet1	GN3F + FRCOL								trimethoprim	<=	0.5/9.5		
35756053	Table_2.XLSX	Sheet1	GN3F + FRCOL								cefpodoxime	<=	2		
35756053	Table_2.XLSX	Sheet1	GN3F + FRCOL								ceftazidime	<=	1		
35756053	Table_2.XLSX	Sheet1	GN3F + FRCOL								tobramycin	<=	4		
35756053	Table_2.XLSX	Sheet1	GN3F + FRCOL								tigecycline	<=	1		
35756053	Table_2.XLSX	Sheet1	GN3F + FRCOL								ticarcillin/clavulanic acid	=	32/2		mic_sign '=' inferred
35756053	Table_2.XLSX	Sheet1	GN3F + FRCOL								ceftriaxone	<=	1		
35756053	Table_2.XLSX	Sheet1	GN3F + FRCOL								tetracycline	=	2		mic_sign '=' inferred
35756053	Table_2.XLSX	Sheet1	GN3F + FRCOL								colistin	=	0.5		mic_sign '=' inferred
35756053	Table_2.XLSX	Sheet1	GN3F + FRCOL								amikacin	<=	8		
35756053	Table_2.XLSX	Sheet1	GN3F + FRCOL								ampicillin	=	32		mic_sign '=' inferred
35756053	Table_2.XLSX	Sheet1	GN3F + FRCOL								ampicillin/sulbactam	=	8/4		mic_sign '=' inferred
35756053	Table_2.XLSX	Sheet1	GN3F + FRCOL								aztreonam	<=	4		
35756053	Table_2.XLSX	Sheet1	GN3F + FRCOL								cefazolin	<=	4		
35756053	Table_2.XLSX	Sheet1	GN3F + FRCOL								cefepime	<=	4		
35756053	Table_2.XLSX	Sheet1	GN3F + FRCOL								cephalothin	<=	2		
35756053	Table_2.XLSX	Sheet1	GN3F + FRCOL								meropenem	<=	1		
35756053	Table_2.XLSX	Sheet1	GN3F + FRCOL								ertapenem	<=	2		
35756053	Table_2.XLSX	Sheet1	GN3F + FRCOL								cefuroxime	<=	4		
35756053	Table_2.XLSX	Sheet1	GN3F + FRCOL								gentamicin	<=	2		
35756053	Table_2.XLSX	Sheet1	GN3F + FRCOL								ciprofloxacin	<=	0.5		
35756053	Table_2.XLSX	Sheet1	GN3F + FRCOL								piperacillin/tazobactam	<=	16/4		
35756053	Table_2.XLSX	Sheet1	GN3F + FRCOL								cefoxitin	<=	4		
35756053	Table_2.XLSX	Sheet1	GN3F + FRCOL								trimethoprim	<=	0.5/9.5		
35756053	Table_2.XLSX	Sheet1	GN3F + FRCOL								cefpodoxime	<=	2		
35756053	Table_2.XLSX	Sheet1	GN3F + FRCOL								ceftazidime	<=	1		
35756053	Table_2.XLSX	Sheet1	GN3F + FRCOL								tobramycin	<=	4		
35756053	Table_2.XLSX	Sheet1	GN3F + FRCOL								tigecycline	<=	1		
35756053	Table_2.XLSX	Sheet1	GN3F + FRCOL								ticarcillin/clavulanic acid	<=	16/2		
35756053	Table_2.XLSX	Sheet1	GN3F + FRCOL								ceftriaxone	<=	1		
35756053	Table_2.XLSX	Sheet1	GN3F + FRCOL								tetracycline	=	2		mic_sign '=' inferred
35756053	Table_2.XLSX	Sheet1	GN3F + FRCOL								colistin	=	0.5		mic_sign '=' inferred
35756053	Table_2.XLSX	Sheet1	GN3F + FRCOL								amikacin	<=	8		
35756053	Table_2.XLSX	Sheet1	GN3F + FRCOL								ampicillin	>	32		
35756053	Table_2.XLSX	Sheet1	GN3F + FRCOL								ampicillin/sulbactam	>	32/16		
35756053	Table_2.XLSX	Sheet1	GN3F + FRCOL								aztreonam	>	32		
35756053	Table_2.XLSX	Sheet1	GN3F + FRCOL								cefazolin	>	32		
35756053	Table_2.XLSX	Sheet1	GN3F + FRCOL								cefepime	>	32		
35756053	Table_2.XLSX	Sheet1	GN3F + FRCOL								cephalothin	>	16		
35756053	Table_2.XLSX	Sheet1	GN3F + FRCOL								meropenem	<=	1		
35756053	Table_2.XLSX	Sheet1	GN3F + FRCOL								ertapenem	=	4		mic_sign '=' inferred
35756053	Table_2.XLSX	Sheet1	GN3F + FRCOL								cefuroxime	>	32		
35756053	Table_2.XLSX	Sheet1	GN3F + FRCOL								gentamicin	<=	2		
35756053	Table_2.XLSX	Sheet1	GN3F + FRCOL								ciprofloxacin	=	1		mic_sign '=' inferred
35756053	Table_2.XLSX	Sheet1	GN3F + FRCOL								piperacillin/tazobactam	>	128/4		
35756053	Table_2.XLSX	Sheet1	GN3F + FRCOL								cefoxitin	=	32		mic_sign '=' inferred
35756053	Table_2.XLSX	Sheet1	GN3F + FRCOL								trimethoprim	>	4/76		
35756053	Table_2.XLSX	Sheet1	GN3F + FRCOL								cefpodoxime	>	16		
35756053	Table_2.XLSX	Sheet1	GN3F + FRCOL								ceftazidime	>	32		
35756053	Table_2.XLSX	Sheet1	GN3F + FRCOL								tobramycin	<=	4		
35756053	Table_2.XLSX	Sheet1	GN3F + FRCOL								tigecycline	<=	1		
35756053	Table_2.XLSX	Sheet1	GN3F + FRCOL								ticarcillin/clavulanic acid	>	64/2		
35756053	Table_2.XLSX	Sheet1	GN3F + FRCOL								ceftriaxone	>	64		
35756053	Table_2.XLSX	Sheet1	GN3F + FRCOL								tetracycline	=	4		mic_sign '=' inferred
35756053	Table_2.XLSX	Sheet1	GN3F + FRCOL								colistin	=	0.5		mic_sign '=' inferred
35756053	Table_2.XLSX	Sheet1	GN3F + FRCOL								amikacin	<=	8		
35756053	Table_2.XLSX	Sheet1	GN3F + FRCOL								ampicillin	>	32		
35756053	Table_2.XLSX	Sheet1	GN3F + FRCOL								ampicillin/sulbactam	=	16/8		mic_sign '=' inferred
35756053	Table_2.XLSX	Sheet1	GN3F + FRCOL								aztreonam	<=	4		
35756053	Table_2.XLSX	Sheet1	GN3F + FRCOL								cefazolin	<=	4		
35756053	Table_2.XLSX	Sheet1	GN3F + FRCOL								cefepime	<=	4		
35756053	Table_2.XLSX	Sheet1	GN3F + FRCOL								cephalothin	=	8		mic_sign '=' inferred
35756053	Table_2.XLSX	Sheet1	GN3F + FRCOL								meropenem	<=	1		
35756053	Table_2.XLSX	Sheet1	GN3F + FRCOL								ertapenem	<=	2		
35756053	Table_2.XLSX	Sheet1	GN3F + FRCOL								cefuroxime	=	16		mic_sign '=' inferred
35756053	Table_2.XLSX	Sheet1	GN3F + FRCOL								gentamicin	<=	2		
35756053	Table_2.XLSX	Sheet1	GN3F + FRCOL								ciprofloxacin	>	4		
35756053	Table_2.XLSX	Sheet1	GN3F + FRCOL								piperacillin/tazobactam	<=	16/4		
35756053	Table_2.XLSX	Sheet1	GN3F + FRCOL								cefoxitin	=	8		mic_sign '=' inferred
35756053	Table_2.XLSX	Sheet1	GN3F + FRCOL								trimethoprim	<=	0.5/9.5		
35756053	Table_2.XLSX	Sheet1	GN3F + FRCOL								cefpodoxime	<=	2		
35756053	Table_2.XLSX	Sheet1	GN3F + FRCOL								ceftazidime	<=	1		
35756053	Table_2.XLSX	Sheet1	GN3F + FRCOL								tobramycin	<=	4		
35756053	Table_2.XLSX	Sheet1	GN3F + FRCOL								tigecycline	<=	1		
35756053	Table_2.XLSX	Sheet1	GN3F + FRCOL								ticarcillin/clavulanic acid	<=	16/2		
35756053	Table_2.XLSX	Sheet1	GN3F + FRCOL								ceftriaxone	<=	1		
35756053	Table_2.XLSX	Sheet1	GN3F + FRCOL								tetracycline	=	8		mic_sign '=' inferred
35756053	Table_2.XLSX	Sheet1	GN3F + FRCOL								colistin	=	0.5		mic_sign '=' inferred
35756053	Table_2.XLSX	Sheet1	GN3F + FRCOL								amikacin	<=	8		
35756053	Table_2.XLSX	Sheet1	GN3F + FRCOL								ampicillin	=	32		mic_sign '=' inferred
35756053	Table_2.XLSX	Sheet1	GN3F + FRCOL								ampicillin/sulbactam	<=	4/2		
35756053	Table_2.XLSX	Sheet1	GN3F + FRCOL								aztreonam	<=	4		
35756053	Table_2.XLSX	Sheet1	GN3F + FRCOL								cefazolin	<=	4		
35756053	Table_2.XLSX	Sheet1	GN3F + FRCOL								cefepime	<=	4		
35756053	Table_2.XLSX	Sheet1	GN3F + FRCOL								cephalothin	<=	2		
35756053	Table_2.XLSX	Sheet1	GN3F + FRCOL								meropenem	<=	1		
35756053	Table_2.XLSX	Sheet1	GN3F + FRCOL								ertapenem	<=	2		
35756053	Table_2.XLSX	Sheet1	GN3F + FRCOL								cefuroxime	<=	4		
35756053	Table_2.XLSX	Sheet1	GN3F + FRCOL								gentamicin	<=	2		
35756053	Table_2.XLSX	Sheet1	GN3F + FRCOL								ciprofloxacin	<=	0.5		
35756053	Table_2.XLSX	Sheet1	GN3F + FRCOL								piperacillin/tazobactam	<=	16/4		
35756053	Table_2.XLSX	Sheet1	GN3F + FRCOL								cefoxitin	<=	4		
35756053	Table_2.XLSX	Sheet1	GN3F + FRCOL								trimethoprim	<=	0.5/9.5		
35756053	Table_2.XLSX	Sheet1	GN3F + FRCOL								cefpodoxime	<=	2		
35756053	Table_2.XLSX	Sheet1	GN3F + FRCOL								ceftazidime	<=	1		
35756053	Table_2.XLSX	Sheet1	GN3F + FRCOL								tobramycin	<=	4		
35756053	Table_2.XLSX	Sheet1	GN3F + FRCOL								tigecycline	<=	1		
35756053	Table_2.XLSX	Sheet1	GN3F + FRCOL								ticarcillin/clavulanic acid	<=	16/2		
35756053	Table_2.XLSX	Sheet1	GN3F + FRCOL								ceftriaxone	<=	1		
35756053	Table_2.XLSX	Sheet1	GN3F + FRCOL								tetracycline	=	1		mic_sign '=' inferred
35756053	Table_2.XLSX	Sheet1	GN3F + FRCOL								colistin	=	0.5		mic_sign '=' inferred
35756053	Table_2.XLSX	Sheet1	GN3F + FRCOL								amikacin	<=	8		
35756053	Table_2.XLSX	Sheet1	GN3F + FRCOL								ampicillin	=	32		mic_sign '=' inferred
35756053	Table_2.XLSX	Sheet1	GN3F + FRCOL								ampicillin/sulbactam	<=	4/2		
35756053	Table_2.XLSX	Sheet1	GN3F + FRCOL								aztreonam	<=	4		
35756053	Table_2.XLSX	Sheet1	GN3F + FRCOL								cefazolin	<=	4		
35756053	Table_2.XLSX	Sheet1	GN3F + FRCOL								cefepime	<=	4		
35756053	Table_2.XLSX	Sheet1	GN3F + FRCOL								cephalothin	=	4		mic_sign '=' inferred
35756053	Table_2.XLSX	Sheet1	GN3F + FRCOL								meropenem	<=	1		
35756053	Table_2.XLSX	Sheet1	GN3F + FRCOL								ertapenem	<=	2		
35756053	Table_2.XLSX	Sheet1	GN3F + FRCOL								cefuroxime	<=	4		
35756053	Table_2.XLSX	Sheet1	GN3F + FRCOL								gentamicin	<=	2		
35756053	Table_2.XLSX	Sheet1	GN3F + FRCOL								ciprofloxacin	<=	0.5		
35756053	Table_2.XLSX	Sheet1	GN3F + FRCOL								piperacillin/tazobactam	<=	16/4		
35756053	Table_2.XLSX	Sheet1	GN3F + FRCOL								cefoxitin	<=	4		
35756053	Table_2.XLSX	Sheet1	GN3F + FRCOL								trimethoprim	<=	0.5/9.5		
35756053	Table_2.XLSX	Sheet1	GN3F + FRCOL								cefpodoxime	<=	2		
35756053	Table_2.XLSX	Sheet1	GN3F + FRCOL								ceftazidime	<=	1		
35756053	Table_2.XLSX	Sheet1	GN3F + FRCOL								tobramycin	<=	4		
35756053	Table_2.XLSX	Sheet1	GN3F + FRCOL								tigecycline	<=	1		
35756053	Table_2.XLSX	Sheet1	GN3F + FRCOL								ticarcillin/clavulanic acid	<=	16/2		
35756053	Table_2.XLSX	Sheet1	GN3F + FRCOL								ceftriaxone	<=	1		
35756053	Table_2.XLSX	Sheet1	GN3F + FRCOL								tetracycline	=	2		mic_sign '=' inferred
35756053	Table_2.XLSX	Sheet1	GN3F + FRCOL								colistin	=	0.5		mic_sign '=' inferred
35756053	Table_2.XLSX	Sheet1	GN3F + FRCOL								amikacin	<=	8		
35756053	Table_2.XLSX	Sheet1	GN3F + FRCOL								ampicillin	>	32		
35756053	Table_2.XLSX	Sheet1	GN3F + FRCOL								ampicillin/sulbactam	>	32/16		
35756053	Table_2.XLSX	Sheet1	GN3F + FRCOL								aztreonam	<=	4		
35756053	Table_2.XLSX	Sheet1	GN3F + FRCOL								cefazolin	=	16		mic_sign '=' inferred
35756053	Table_2.XLSX	Sheet1	GN3F + FRCOL								cefepime	<=	4		
35756053	Table_2.XLSX	Sheet1	GN3F + FRCOL								cephalothin	>	16		
35756053	Table_2.XLSX	Sheet1	GN3F + FRCOL								meropenem	<=	1		
35756053	Table_2.XLSX	Sheet1	GN3F + FRCOL								ertapenem	<=	2		
35756053	Table_2.XLSX	Sheet1	GN3F + FRCOL								cefuroxime	<=	4		
35756053	Table_2.XLSX	Sheet1	GN3F + FRCOL								gentamicin	<=	2		
35756053	Table_2.XLSX	Sheet1	GN3F + FRCOL								ciprofloxacin	<=	0.5		
35756053	Table_2.XLSX	Sheet1	GN3F + FRCOL								piperacillin/tazobactam	=	32/4		mic_sign '=' inferred
35756053	Table_2.XLSX	Sheet1	GN3F + FRCOL								cefoxitin	<=	4		
35756053	Table_2.XLSX	Sheet1	GN3F + FRCOL								trimethoprim	>	4/76		
35756053	Table_2.XLSX	Sheet1	GN3F + FRCOL								cefpodoxime	<=	2		
35756053	Table_2.XLSX	Sheet1	GN3F + FRCOL								ceftazidime	<=	1		
35756053	Table_2.XLSX	Sheet1	GN3F + FRCOL								tobramycin	<=	4		
35756053	Table_2.XLSX	Sheet1	GN3F + FRCOL								tigecycline	<=	1		
35756053	Table_2.XLSX	Sheet1	GN3F + FRCOL								ticarcillin/clavulanic acid	>	64/2		
35756053	Table_2.XLSX	Sheet1	GN3F + FRCOL								ceftriaxone	<=	1		
35756053	Table_2.XLSX	Sheet1	GN3F + FRCOL								tetracycline	=	2		mic_sign '=' inferred
35756053	Table_2.XLSX	Sheet1	GN3F + FRCOL								colistin	=	0.5		mic_sign '=' inferred
35756053	Table_2.XLSX	Sheet1	GN3F + FRCOL								amikacin	<=	8		
35756053	Table_2.XLSX	Sheet1	GN3F + FRCOL								ampicillin	=	16		mic_sign '=' inferred
35756053	Table_2.XLSX	Sheet1	GN3F + FRCOL								ampicillin/sulbactam	<=	4/2		
35756053	Table_2.XLSX	Sheet1	GN3F + FRCOL								aztreonam	<=	4		
35756053	Table_2.XLSX	Sheet1	GN3F + FRCOL								cefazolin	<=	4		
35756053	Table_2.XLSX	Sheet1	GN3F + FRCOL								cefepime	<=	4		
35756053	Table_2.XLSX	Sheet1	GN3F + FRCOL								cephalothin	<=	2		
35756053	Table_2.XLSX	Sheet1	GN3F + FRCOL								meropenem	<=	1		
35756053	Table_2.XLSX	Sheet1	GN3F + FRCOL								ertapenem	<=	2		
35756053	Table_2.XLSX	Sheet1	GN3F + FRCOL								cefuroxime	<=	4		
35756053	Table_2.XLSX	Sheet1	GN3F + FRCOL								gentamicin	<=	2		
35756053	Table_2.XLSX	Sheet1	GN3F + FRCOL								ciprofloxacin	<=	0.5		
35756053	Table_2.XLSX	Sheet1	GN3F + FRCOL								piperacillin/tazobactam	<=	16/4		
35756053	Table_2.XLSX	Sheet1	GN3F + FRCOL								cefoxitin	<=	4		
35756053	Table_2.XLSX	Sheet1	GN3F + FRCOL								trimethoprim	<=	0.5/9.5		
35756053	Table_2.XLSX	Sheet1	GN3F + FRCOL								cefpodoxime	<=	2		
35756053	Table_2.XLSX	Sheet1	GN3F + FRCOL								ceftazidime	<=	1		
35756053	Table_2.XLSX	Sheet1	GN3F + FRCOL								tobramycin	<=	4		
35756053	Table_2.XLSX	Sheet1	GN3F + FRCOL								tigecycline	<=	1		
35756053	Table_2.XLSX	Sheet1	GN3F + FRCOL								ticarcillin/clavulanic acid	<=	16/2		
35756053	Table_2.XLSX	Sheet1	GN3F + FRCOL								ceftriaxone	<=	1		
35756053	Table_2.XLSX	Sheet1	GN3F + FRCOL								tetracycline	=	2		mic_sign '=' inferred
35756053	Table_2.XLSX	Sheet1	GN3F + FRCOL								colistin	=	0.5		mic_sign '=' inferred
35756053	Table_2.XLSX	Sheet1	GN3F + FRCOL								amikacin	<=	8		
35756053	Table_2.XLSX	Sheet1	GN3F + FRCOL								ampicillin	>	32		
35756053	Table_2.XLSX	Sheet1	GN3F + FRCOL								ampicillin/sulbactam	=	8/4		mic_sign '=' inferred
35756053	Table_2.XLSX	Sheet1	GN3F + FRCOL								aztreonam	<=	4		
35756053	Table_2.XLSX	Sheet1	GN3F + FRCOL								cefazolin	=	16		mic_sign '=' inferred
35756053	Table_2.XLSX	Sheet1	GN3F + FRCOL								cefepime	<=	4		
35756053	Table_2.XLSX	Sheet1	GN3F + FRCOL								cephalothin	=	8		mic_sign '=' inferred
35756053	Table_2.XLSX	Sheet1	GN3F + FRCOL								meropenem	<=	1		
35756053	Table_2.XLSX	Sheet1	GN3F + FRCOL								ertapenem	<=	2		
35756053	Table_2.XLSX	Sheet1	GN3F + FRCOL								cefuroxime	=	8		mic_sign '=' inferred
35756053	Table_2.XLSX	Sheet1	GN3F + FRCOL								gentamicin	<=	2		
35756053	Table_2.XLSX	Sheet1	GN3F + FRCOL								ciprofloxacin	<=	0.5		
35756053	Table_2.XLSX	Sheet1	GN3F + FRCOL								piperacillin/tazobactam	<=	16/4		
35756053	Table_2.XLSX	Sheet1	GN3F + FRCOL								cefoxitin	<=	4		
35756053	Table_2.XLSX	Sheet1	GN3F + FRCOL								trimethoprim	<=	0.5/9.5		
35756053	Table_2.XLSX	Sheet1	GN3F + FRCOL								cefpodoxime	<=	2		
35756053	Table_2.XLSX	Sheet1	GN3F + FRCOL								ceftazidime	<=	1		
35756053	Table_2.XLSX	Sheet1	GN3F + FRCOL								tobramycin	<=	4		
35756053	Table_2.XLSX	Sheet1	GN3F + FRCOL								tigecycline	<=	1		
35756053	Table_2.XLSX	Sheet1	GN3F + FRCOL								ticarcillin/clavulanic acid	<=	16/2		
35756053	Table_2.XLSX	Sheet1	GN3F + FRCOL								ceftriaxone	<=	1		
35756053	Table_2.XLSX	Sheet1	GN3F + FRCOL								tetracycline	=	4		mic_sign '=' inferred
35756053	Table_2.XLSX	Sheet1	GN3F + FRCOL								colistin	=	0.5		mic_sign '=' inferred
35756053	Table_2.XLSX	Sheet1	GN3F + FRCOL								amikacin	<=	8		
35756053	Table_2.XLSX	Sheet1	GN3F + FRCOL								ampicillin	>	32		
35756053	Table_2.XLSX	Sheet1	GN3F + FRCOL								ampicillin/sulbactam	<=	4/2		
35756053	Table_2.XLSX	Sheet1	GN3F + FRCOL								aztreonam	<=	4		
35756053	Table_2.XLSX	Sheet1	GN3F + FRCOL								cefazolin	<=	4		
35756053	Table_2.XLSX	Sheet1	GN3F + FRCOL								cefepime	<=	4		
35756053	Table_2.XLSX	Sheet1	GN3F + FRCOL								cephalothin	=	8		mic_sign '=' inferred
35756053	Table_2.XLSX	Sheet1	GN3F + FRCOL								meropenem	<=	1		
35756053	Table_2.XLSX	Sheet1	GN3F + FRCOL								ertapenem	<=	2		
35756053	Table_2.XLSX	Sheet1	GN3F + FRCOL								cefuroxime	<=	4		
35756053	Table_2.XLSX	Sheet1	GN3F + FRCOL								gentamicin	<=	2		
35756053	Table_2.XLSX	Sheet1	GN3F + FRCOL								ciprofloxacin	<=	0.5		
35756053	Table_2.XLSX	Sheet1	GN3F + FRCOL								piperacillin/tazobactam	<=	16/4		
35756053	Table_2.XLSX	Sheet1	GN3F + FRCOL								cefoxitin	<=	4		
35756053	Table_2.XLSX	Sheet1	GN3F + FRCOL								trimethoprim	<=	0.5/9.5		
35756053	Table_2.XLSX	Sheet1	GN3F + FRCOL								cefpodoxime	<=	2		
35756053	Table_2.XLSX	Sheet1	GN3F + FRCOL								ceftazidime	<=	1		
35756053	Table_2.XLSX	Sheet1	GN3F + FRCOL								tobramycin	<=	4		
35756053	Table_2.XLSX	Sheet1	GN3F + FRCOL								tigecycline	<=	1		
35756053	Table_2.XLSX	Sheet1	GN3F + FRCOL								ticarcillin/clavulanic acid	<=	16/2		
35756053	Table_2.XLSX	Sheet1	GN3F + FRCOL								ceftriaxone	<=	1		
35756053	Table_2.XLSX	Sheet1	GN3F + FRCOL								tetracycline	=	2		mic_sign '=' inferred
35756053	Table_2.XLSX	Sheet1	GN3F + FRCOL								colistin	=	0.5		mic_sign '=' inferred
35756053	Table_2.XLSX	Sheet1	GN3F + FRCOL								amikacin	<=	8		
35756053	Table_2.XLSX	Sheet1	GN3F + FRCOL								ampicillin	>	32		
35756053	Table_2.XLSX	Sheet1	GN3F + FRCOL								ampicillin/sulbactam	<=	4/2		
35756053	Table_2.XLSX	Sheet1	GN3F + FRCOL								aztreonam	<=	4		
35756053	Table_2.XLSX	Sheet1	GN3F + FRCOL								cefazolin	<=	4		
35756053	Table_2.XLSX	Sheet1	GN3F + FRCOL								cefepime	<=	4		
35756053	Table_2.XLSX	Sheet1	GN3F + FRCOL								cephalothin	=	4		mic_sign '=' inferred
35756053	Table_2.XLSX	Sheet1	GN3F + FRCOL								meropenem	<=	1		
35756053	Table_2.XLSX	Sheet1	GN3F + FRCOL								ertapenem	<=	2		
35756053	Table_2.XLSX	Sheet1	GN3F + FRCOL								cefuroxime	<=	4		
35756053	Table_2.XLSX	Sheet1	GN3F + FRCOL								gentamicin	<=	2		
35756053	Table_2.XLSX	Sheet1	GN3F + FRCOL								ciprofloxacin	<=	0.5		
35756053	Table_2.XLSX	Sheet1	GN3F + FRCOL								piperacillin/tazobactam	<=	16/4		
35756053	Table_2.XLSX	Sheet1	GN3F + FRCOL								cefoxitin	<=	4		
35756053	Table_2.XLSX	Sheet1	GN3F + FRCOL								trimethoprim	<=	0.5/9.5		
35756053	Table_2.XLSX	Sheet1	GN3F + FRCOL								cefpodoxime	<=	2		
35756053	Table_2.XLSX	Sheet1	GN3F + FRCOL								ceftazidime	<=	1		
35756053	Table_2.XLSX	Sheet1	GN3F + FRCOL								tobramycin	<=	4		
35756053	Table_2.XLSX	Sheet1	GN3F + FRCOL								tigecycline	<=	1		
35756053	Table_2.XLSX	Sheet1	GN3F + FRCOL								ticarcillin/clavulanic acid	<=	16/2		
35756053	Table_2.XLSX	Sheet1	GN3F + FRCOL								ceftriaxone	<=	1		
35756053	Table_2.XLSX	Sheet1	GN3F + FRCOL								tetracycline	=	2		mic_sign '=' inferred
35756053	Table_2.XLSX	Sheet1	GN3F + FRCOL								colistin	=	0.5		mic_sign '=' inferred
35756053	Table_2.XLSX	Sheet1	GN3F + FRCOL								amikacin	<=	8		
35756053	Table_2.XLSX	Sheet1	GN3F + FRCOL								ampicillin	>	32		
35756053	Table_2.XLSX	Sheet1	GN3F + FRCOL								ampicillin/sulbactam	>	32/16		
35756053	Table_2.XLSX	Sheet1	GN3F + FRCOL								aztreonam	>	32		
35756053	Table_2.XLSX	Sheet1	GN3F + FRCOL								cefazolin	>	32		
35756053	Table_2.XLSX	Sheet1	GN3F + FRCOL								cefepime	<=	4		
35756053	Table_2.XLSX	Sheet1	GN3F + FRCOL								cephalothin	>	16		
35756053	Table_2.XLSX	Sheet1	GN3F + FRCOL								meropenem	<=	1		
35756053	Table_2.XLSX	Sheet1	GN3F + FRCOL								ertapenem	<=	2		
35756053	Table_2.XLSX	Sheet1	GN3F + FRCOL								cefuroxime	>	32		
35756053	Table_2.XLSX	Sheet1	GN3F + FRCOL								gentamicin	<=	2		
35756053	Table_2.XLSX	Sheet1	GN3F + FRCOL								ciprofloxacin	<=	0.5		
35756053	Table_2.XLSX	Sheet1	GN3F + FRCOL								piperacillin/tazobactam	=	128/4		mic_sign '=' inferred
35756053	Table_2.XLSX	Sheet1	GN3F + FRCOL								cefoxitin	>	32		
35756053	Table_2.XLSX	Sheet1	GN3F + FRCOL								trimethoprim	<=	0.5/9.5		
35756053	Table_2.XLSX	Sheet1	GN3F + FRCOL								cefpodoxime	>	16		
35756053	Table_2.XLSX	Sheet1	GN3F + FRCOL								ceftazidime	>	32		
35756053	Table_2.XLSX	Sheet1	GN3F + FRCOL								tobramycin	<=	4		
35756053	Table_2.XLSX	Sheet1	GN3F + FRCOL								tigecycline	=	2		mic_sign '=' inferred
35756053	Table_2.XLSX	Sheet1	GN3F + FRCOL								ticarcillin/clavulanic acid	=	64/2		mic_sign '=' inferred
35756053	Table_2.XLSX	Sheet1	GN3F + FRCOL								ceftriaxone	=	64		mic_sign '=' inferred
35756053	Table_2.XLSX	Sheet1	GN3F + FRCOL								tetracycline	=	16		mic_sign '=' inferred
35756053	Table_2.XLSX	Sheet1	GN3F + FRCOL								colistin	=	0.5		mic_sign '=' inferred
35756053	Table_2.XLSX	Sheet1	GN3F + FRCOL								amikacin	<=	8		
35756053	Table_2.XLSX	Sheet1	GN3F + FRCOL								ampicillin	>	32		
35756053	Table_2.XLSX	Sheet1	GN3F + FRCOL								ampicillin/sulbactam	=	16/8		mic_sign '=' inferred
35756053	Table_2.XLSX	Sheet1	GN3F + FRCOL								aztreonam	<=	4		
35756053	Table_2.XLSX	Sheet1	GN3F + FRCOL								cefazolin	>	32		
35756053	Table_2.XLSX	Sheet1	GN3F + FRCOL								cefepime	<=	4		
35756053	Table_2.XLSX	Sheet1	GN3F + FRCOL								cephalothin	>	16		
35756053	Table_2.XLSX	Sheet1	GN3F + FRCOL								meropenem	<=	1		
35756053	Table_2.XLSX	Sheet1	GN3F + FRCOL								ertapenem	<=	2		
35756053	Table_2.XLSX	Sheet1	GN3F + FRCOL								cefuroxime	<=	4		
35756053	Table_2.XLSX	Sheet1	GN3F + FRCOL								gentamicin	<=	2		
35756053	Table_2.XLSX	Sheet1	GN3F + FRCOL								ciprofloxacin	<=	0.5		
35756053	Table_2.XLSX	Sheet1	GN3F + FRCOL								piperacillin/tazobactam	<=	16/4		
35756053	Table_2.XLSX	Sheet1	GN3F + FRCOL								cefoxitin	>	32		
35756053	Table_2.XLSX	Sheet1	GN3F + FRCOL								trimethoprim	<=	0.5/9.5		
35756053	Table_2.XLSX	Sheet1	GN3F + FRCOL								cefpodoxime	<=	2		
35756053	Table_2.XLSX	Sheet1	GN3F + FRCOL								ceftazidime	<=	1		
35756053	Table_2.XLSX	Sheet1	GN3F + FRCOL								tobramycin	<=	4		
35756053	Table_2.XLSX	Sheet1	GN3F + FRCOL								tigecycline	<=	1		
35756053	Table_2.XLSX	Sheet1	GN3F + FRCOL								ticarcillin/clavulanic acid	<=	16/2		
35756053	Table_2.XLSX	Sheet1	GN3F + FRCOL								ceftriaxone	<=	1		
35756053	Table_2.XLSX	Sheet1	GN3F + FRCOL								tetracycline	=	2		mic_sign '=' inferred
35756053	Table_2.XLSX	Sheet1	GN3F + FRCOL								colistin	=	0.5		mic_sign '=' inferred
35756053	Table_2.XLSX	Sheet1	GN3F + FRCOL								amikacin	<=	8		
35756053	Table_2.XLSX	Sheet1	GN3F + FRCOL								ampicillin	>	32		
35756053	Table_2.XLSX	Sheet1	GN3F + FRCOL								ampicillin/sulbactam	=	32/16		mic_sign '=' inferred
35756053	Table_2.XLSX	Sheet1	GN3F + FRCOL								aztreonam	<=	4		
35756053	Table_2.XLSX	Sheet1	GN3F + FRCOL								cefazolin	>	32		
35756053	Table_2.XLSX	Sheet1	GN3F + FRCOL								cefepime	<=	4		
35756053	Table_2.XLSX	Sheet1	GN3F + FRCOL								cephalothin	>	16		
35756053	Table_2.XLSX	Sheet1	GN3F + FRCOL								meropenem	<=	1		
35756053	Table_2.XLSX	Sheet1	GN3F + FRCOL								ertapenem	<=	2		
35756053	Table_2.XLSX	Sheet1	GN3F + FRCOL								cefuroxime	=	8		mic_sign '=' inferred
35756053	Table_2.XLSX	Sheet1	GN3F + FRCOL								gentamicin	<=	2		
35756053	Table_2.XLSX	Sheet1	GN3F + FRCOL								ciprofloxacin	<=	0.5		
35756053	Table_2.XLSX	Sheet1	GN3F + FRCOL								piperacillin/tazobactam	<=	16/4		
35756053	Table_2.XLSX	Sheet1	GN3F + FRCOL								cefoxitin	>	32		
35756053	Table_2.XLSX	Sheet1	GN3F + FRCOL								trimethoprim	<=	0.5/9.5		
35756053	Table_2.XLSX	Sheet1	GN3F + FRCOL								cefpodoxime	=	4		mic_sign '=' inferred
35756053	Table_2.XLSX	Sheet1	GN3F + FRCOL								ceftazidime	<=	1		
35756053	Table_2.XLSX	Sheet1	GN3F + FRCOL								tobramycin	<=	4		
35756053	Table_2.XLSX	Sheet1	GN3F + FRCOL								tigecycline	<=	1		
35756053	Table_2.XLSX	Sheet1	GN3F + FRCOL								ticarcillin/clavulanic acid	<=	16/2		
35756053	Table_2.XLSX	Sheet1	GN3F + FRCOL								ceftriaxone	<=	1		
35756053	Table_2.XLSX	Sheet1	GN3F + FRCOL								tetracycline	=	2		mic_sign '=' inferred
35756053	Table_2.XLSX	Sheet1	GN3F + FRCOL								colistin	=	0.5		mic_sign '=' inferred
35756053	Table_2.XLSX	Sheet1	GN3F + FRCOL								amikacin	<=	8		
35756053	Table_2.XLSX	Sheet1	GN3F + FRCOL								ampicillin	>	32		
35756053	Table_2.XLSX	Sheet1	GN3F + FRCOL								ampicillin/sulbactam	>	32/16		
35756053	Table_2.XLSX	Sheet1	GN3F + FRCOL								aztreonam	<=	4		
35756053	Table_2.XLSX	Sheet1	GN3F + FRCOL								cefazolin	>	32		
35756053	Table_2.XLSX	Sheet1	GN3F + FRCOL								cefepime	<=	4		
35756053	Table_2.XLSX	Sheet1	GN3F + FRCOL								cephalothin	>	16		
35756053	Table_2.XLSX	Sheet1	GN3F + FRCOL								meropenem	<=	1		
35756053	Table_2.XLSX	Sheet1	GN3F + FRCOL								ertapenem	<=	2		
35756053	Table_2.XLSX	Sheet1	GN3F + FRCOL								cefuroxime	>	32		
35756053	Table_2.XLSX	Sheet1	GN3F + FRCOL								gentamicin	<=	2		
35756053	Table_2.XLSX	Sheet1	GN3F + FRCOL								ciprofloxacin	<=	0.5		
35756053	Table_2.XLSX	Sheet1	GN3F + FRCOL								piperacillin/tazobactam	<=	16/4		
35756053	Table_2.XLSX	Sheet1	GN3F + FRCOL								cefoxitin	>	32		
35756053	Table_2.XLSX	Sheet1	GN3F + FRCOL								trimethoprim	<=	0.5/9.5		
35756053	Table_2.XLSX	Sheet1	GN3F + FRCOL								cefpodoxime	=	4		mic_sign '=' inferred
35756053	Table_2.XLSX	Sheet1	GN3F + FRCOL								ceftazidime	<=	1		
35756053	Table_2.XLSX	Sheet1	GN3F + FRCOL								tobramycin	<=	4		
35756053	Table_2.XLSX	Sheet1	GN3F + FRCOL								tigecycline	<=	1		
35756053	Table_2.XLSX	Sheet1	GN3F + FRCOL								ticarcillin/clavulanic acid	>	64/2		
35756053	Table_2.XLSX	Sheet1	GN3F + FRCOL								ceftriaxone	<=	1		
35756053	Table_2.XLSX	Sheet1	GN3F + FRCOL								tetracycline	=	2		mic_sign '=' inferred
35756053	Table_2.XLSX	Sheet1	GN3F + FRCOL								colistin	=	16		mic_sign '=' inferred
35756053	Table_2.XLSX	Sheet1	GN3F + FRCOL								amikacin	<=	8		
35756053	Table_2.XLSX	Sheet1	GN3F + FRCOL								ampicillin	>	32		
35756053	Table_2.XLSX	Sheet1	GN3F + FRCOL								ampicillin/sulbactam	=	32/16		mic_sign '=' inferred
35756053	Table_2.XLSX	Sheet1	GN3F + FRCOL								aztreonam	<=	4		
35756053	Table_2.XLSX	Sheet1	GN3F + FRCOL								cefazolin	>	32		
35756053	Table_2.XLSX	Sheet1	GN3F + FRCOL								cefepime	<=	4		
35756053	Table_2.XLSX	Sheet1	GN3F + FRCOL								cephalothin	>	16		
35756053	Table_2.XLSX	Sheet1	GN3F + FRCOL								meropenem	<=	1		
35756053	Table_2.XLSX	Sheet1	GN3F + FRCOL								ertapenem	<=	2		
35756053	Table_2.XLSX	Sheet1	GN3F + FRCOL								cefuroxime	=	8		mic_sign '=' inferred
35756053	Table_2.XLSX	Sheet1	GN3F + FRCOL								gentamicin	<=	2		
35756053	Table_2.XLSX	Sheet1	GN3F + FRCOL								ciprofloxacin	<=	0.5		
35756053	Table_2.XLSX	Sheet1	GN3F + FRCOL								piperacillin/tazobactam	<=	16/4		
35756053	Table_2.XLSX	Sheet1	GN3F + FRCOL								cefoxitin	>	32		
35756053	Table_2.XLSX	Sheet1	GN3F + FRCOL								trimethoprim	<=	0.5/9.5		
35756053	Table_2.XLSX	Sheet1	GN3F + FRCOL								cefpodoxime	=	4		mic_sign '=' inferred
35756053	Table_2.XLSX	Sheet1	GN3F + FRCOL								ceftazidime	<=	1		
35756053	Table_2.XLSX	Sheet1	GN3F + FRCOL								tobramycin	<=	4		
35756053	Table_2.XLSX	Sheet1	GN3F + FRCOL								tigecycline	<=	1		
35756053	Table_2.XLSX	Sheet1	GN3F + FRCOL								ticarcillin/clavulanic acid	<=	16/2		
35756053	Table_2.XLSX	Sheet1	GN3F + FRCOL								ceftriaxone	<=	1		
35756053	Table_2.XLSX	Sheet1	GN3F + FRCOL								tetracycline	=	2		mic_sign '=' inferred
35756053	Table_2.XLSX	Sheet1	GN3F + FRCOL								colistin	=	0.5		mic_sign '=' inferred
35756053	Table_2.XLSX	Sheet1	GN3F + FRCOL								amikacin	<=	8		
35756053	Table_2.XLSX	Sheet1	GN3F + FRCOL								ampicillin	>	32		
35756053	Table_2.XLSX	Sheet1	GN3F + FRCOL								ampicillin/sulbactam	=	16/8		mic_sign '=' inferred
35756053	Table_2.XLSX	Sheet1	GN3F + FRCOL								aztreonam	<=	4		
35756053	Table_2.XLSX	Sheet1	GN3F + FRCOL								cefazolin	>	32		
35756053	Table_2.XLSX	Sheet1	GN3F + FRCOL								cefepime	<=	4		
35756053	Table_2.XLSX	Sheet1	GN3F + FRCOL								cephalothin	>	16		
35756053	Table_2.XLSX	Sheet1	GN3F + FRCOL								meropenem	<=	1		
35756053	Table_2.XLSX	Sheet1	GN3F + FRCOL								ertapenem	<=	2		
35756053	Table_2.XLSX	Sheet1	GN3F + FRCOL								cefuroxime	<=	4		
35756053	Table_2.XLSX	Sheet1	GN3F + FRCOL								gentamicin	<=	2		
35756053	Table_2.XLSX	Sheet1	GN3F + FRCOL								ciprofloxacin	<=	0.5		
35756053	Table_2.XLSX	Sheet1	GN3F + FRCOL								piperacillin/tazobactam	<=	16/4		
35756053	Table_2.XLSX	Sheet1	GN3F + FRCOL								cefoxitin	>	32		
35756053	Table_2.XLSX	Sheet1	GN3F + FRCOL								trimethoprim	<=	0.5/9.5		
35756053	Table_2.XLSX	Sheet1	GN3F + FRCOL								cefpodoxime	<=	2		
35756053	Table_2.XLSX	Sheet1	GN3F + FRCOL								ceftazidime	<=	1		
35756053	Table_2.XLSX	Sheet1	GN3F + FRCOL								tobramycin	<=	4		
35756053	Table_2.XLSX	Sheet1	GN3F + FRCOL								tigecycline	<=	1		
35756053	Table_2.XLSX	Sheet1	GN3F + FRCOL								ticarcillin/clavulanic acid	<=	16/2		
35756053	Table_2.XLSX	Sheet1	GN3F + FRCOL								ceftriaxone	<=	1		
35756053	Table_2.XLSX	Sheet1	GN3F + FRCOL								tetracycline	=	2		mic_sign '=' inferred
35756053	Table_2.XLSX	Sheet1	GN3F + FRCOL								colistin	=	64		mic_sign '=' inferred
35756053	Table_2.XLSX	Sheet1	GN3F + FRCOL								amikacin	<=	8		
35756053	Table_2.XLSX	Sheet1	GN3F + FRCOL								ampicillin	>	32		
35756053	Table_2.XLSX	Sheet1	GN3F + FRCOL								ampicillin/sulbactam	>	32/16		
35756053	Table_2.XLSX	Sheet1	GN3F + FRCOL								aztreonam	<=	4		
35756053	Table_2.XLSX	Sheet1	GN3F + FRCOL								cefazolin	>	32		
35756053	Table_2.XLSX	Sheet1	GN3F + FRCOL								cefepime	<=	4		
35756053	Table_2.XLSX	Sheet1	GN3F + FRCOL								cephalothin	>	16		
35756053	Table_2.XLSX	Sheet1	GN3F + FRCOL								meropenem	<=	1		
35756053	Table_2.XLSX	Sheet1	GN3F + FRCOL								ertapenem	<=	2		
35756053	Table_2.XLSX	Sheet1	GN3F + FRCOL								cefuroxime	=	16		mic_sign '=' inferred
35756053	Table_2.XLSX	Sheet1	GN3F + FRCOL								gentamicin	<=	2		
35756053	Table_2.XLSX	Sheet1	GN3F + FRCOL								ciprofloxacin	<=	0.5		
35756053	Table_2.XLSX	Sheet1	GN3F + FRCOL								piperacillin/tazobactam	<=	16/4		
35756053	Table_2.XLSX	Sheet1	GN3F + FRCOL								cefoxitin	>	32		
35756053	Table_2.XLSX	Sheet1	GN3F + FRCOL								trimethoprim	=	1/19		mic_sign '=' inferred
35756053	Table_2.XLSX	Sheet1	GN3F + FRCOL								cefpodoxime	<=	2		
35756053	Table_2.XLSX	Sheet1	GN3F + FRCOL								ceftazidime	<=	1		
35756053	Table_2.XLSX	Sheet1	GN3F + FRCOL								tobramycin	<=	4		
35756053	Table_2.XLSX	Sheet1	GN3F + FRCOL								tigecycline	<=	1		
35756053	Table_2.XLSX	Sheet1	GN3F + FRCOL								ticarcillin/clavulanic acid	<=	16/2		
35756053	Table_2.XLSX	Sheet1	GN3F + FRCOL								ceftriaxone	<=	1		
35756053	Table_2.XLSX	Sheet1	GN3F + FRCOL								tetracycline	=	2		mic_sign '=' inferred
35756053	Table_2.XLSX	Sheet1	GN3F + FRCOL								colistin	=	0.5		mic_sign '=' inferred
35756053	Table_2.XLSX	Sheet1	GN3F + FRCOL								amikacin	<=	8		
35756053	Table_2.XLSX	Sheet1	GN3F + FRCOL								ampicillin	>	32		
35756053	Table_2.XLSX	Sheet1	GN3F + FRCOL								ampicillin/sulbactam	=	32/16		mic_sign '=' inferred
35756053	Table_2.XLSX	Sheet1	GN3F + FRCOL								aztreonam	<=	4		
35756053	Table_2.XLSX	Sheet1	GN3F + FRCOL								cefazolin	>	32		
35756053	Table_2.XLSX	Sheet1	GN3F + FRCOL								cefepime	<=	4		
35756053	Table_2.XLSX	Sheet1	GN3F + FRCOL								cephalothin	>	16		
35756053	Table_2.XLSX	Sheet1	GN3F + FRCOL								meropenem	<=	1		
35756053	Table_2.XLSX	Sheet1	GN3F + FRCOL								ertapenem	<=	2		
35756053	Table_2.XLSX	Sheet1	GN3F + FRCOL								cefuroxime	=	8		mic_sign '=' inferred
35756053	Table_2.XLSX	Sheet1	GN3F + FRCOL								gentamicin	<=	2		
35756053	Table_2.XLSX	Sheet1	GN3F + FRCOL								ciprofloxacin	<=	0.5		
35756053	Table_2.XLSX	Sheet1	GN3F + FRCOL								piperacillin/tazobactam	<=	16/4		
35756053	Table_2.XLSX	Sheet1	GN3F + FRCOL								cefoxitin	>	32		
35756053	Table_2.XLSX	Sheet1	GN3F + FRCOL								trimethoprim	<=	0.5/9.5		
35756053	Table_2.XLSX	Sheet1	GN3F + FRCOL								cefpodoxime	<=	2		
35756053	Table_2.XLSX	Sheet1	GN3F + FRCOL								ceftazidime	=	2		mic_sign '=' inferred
35756053	Table_2.XLSX	Sheet1	GN3F + FRCOL								tobramycin	<=	4		
35756053	Table_2.XLSX	Sheet1	GN3F + FRCOL								tigecycline	<=	1		
35756053	Table_2.XLSX	Sheet1	GN3F + FRCOL								ticarcillin/clavulanic acid	<=	16/2		
35756053	Table_2.XLSX	Sheet1	GN3F + FRCOL								ceftriaxone	<=	1		
35756053	Table_2.XLSX	Sheet1	GN3F + FRCOL								tetracycline	=	4		mic_sign '=' inferred
35756053	Table_2.XLSX	Sheet1	GN3F + FRCOL								colistin	=	2		mic_sign '=' inferred
35756053	Table_2.XLSX	Sheet1	GN3F + FRCOL								amikacin	<=	8		
35756053	Table_2.XLSX	Sheet1	GN3F + FRCOL								ampicillin	=	8		mic_sign '=' inferred
35756053	Table_2.XLSX	Sheet1	GN3F + FRCOL								ampicillin/sulbactam	<=	4/2		
35756053	Table_2.XLSX	Sheet1	GN3F + FRCOL								aztreonam	<=	4		
35756053	Table_2.XLSX	Sheet1	GN3F + FRCOL								cefazolin	=	32		mic_sign '=' inferred
35756053	Table_2.XLSX	Sheet1	GN3F + FRCOL								cefepime	<=	4		
35756053	Table_2.XLSX	Sheet1	GN3F + FRCOL								cephalothin	>	16		
35756053	Table_2.XLSX	Sheet1	GN3F + FRCOL								meropenem	<=	1		
35756053	Table_2.XLSX	Sheet1	GN3F + FRCOL								ertapenem	<=	2		
35756053	Table_2.XLSX	Sheet1	GN3F + FRCOL								cefuroxime	=	8		mic_sign '=' inferred
35756053	Table_2.XLSX	Sheet1	GN3F + FRCOL								gentamicin	<=	2		
35756053	Table_2.XLSX	Sheet1	GN3F + FRCOL								ciprofloxacin	<=	0.5		
35756053	Table_2.XLSX	Sheet1	GN3F + FRCOL								piperacillin/tazobactam	<=	16/4		
35756053	Table_2.XLSX	Sheet1	GN3F + FRCOL								cefoxitin	<=	4		
35756053	Table_2.XLSX	Sheet1	GN3F + FRCOL								trimethoprim	<=	0.5/9.5		
35756053	Table_2.XLSX	Sheet1	GN3F + FRCOL								cefpodoxime	<=	2		
35756053	Table_2.XLSX	Sheet1	GN3F + FRCOL								ceftazidime	<=	1		
35756053	Table_2.XLSX	Sheet1	GN3F + FRCOL								tobramycin	<=	4		
35756053	Table_2.XLSX	Sheet1	GN3F + FRCOL								tigecycline	<=	1		
35756053	Table_2.XLSX	Sheet1	GN3F + FRCOL								ticarcillin/clavulanic acid	<=	16/2		
35756053	Table_2.XLSX	Sheet1	GN3F + FRCOL								ceftriaxone	<=	1		
35756053	Table_2.XLSX	Sheet1	GN3F + FRCOL								tetracycline	=	2		mic_sign '=' inferred
35756053	Table_2.XLSX	Sheet1	GN3F + FRCOL								colistin	=	0.5		mic_sign '=' inferred
35756053	Table_2.XLSX	Sheet1	GN3F + FRCOL								amikacin	<=	8		
35756053	Table_2.XLSX	Sheet1	GN3F + FRCOL								ampicillin	>	32		
35756053	Table_2.XLSX	Sheet1	GN3F + FRCOL								ampicillin/sulbactam	>	32/16		
35756053	Table_2.XLSX	Sheet1	GN3F + FRCOL								aztreonam	>	32		
35756053	Table_2.XLSX	Sheet1	GN3F + FRCOL								cefazolin	>	32		
35756053	Table_2.XLSX	Sheet1	GN3F + FRCOL								cefepime	<=	4		
35756053	Table_2.XLSX	Sheet1	GN3F + FRCOL								cephalothin	>	16		
35756053	Table_2.XLSX	Sheet1	GN3F + FRCOL								meropenem	<=	1		
35756053	Table_2.XLSX	Sheet1	GN3F + FRCOL								ertapenem	<=	2		
35756053	Table_2.XLSX	Sheet1	GN3F + FRCOL								cefuroxime	>	32		
35756053	Table_2.XLSX	Sheet1	GN3F + FRCOL								gentamicin	<=	2		
35756053	Table_2.XLSX	Sheet1	GN3F + FRCOL								ciprofloxacin	<=	0.5		
35756053	Table_2.XLSX	Sheet1	GN3F + FRCOL								piperacillin/tazobactam	=	64/4		mic_sign '=' inferred
35756053	Table_2.XLSX	Sheet1	GN3F + FRCOL								cefoxitin	>	32		
35756053	Table_2.XLSX	Sheet1	GN3F + FRCOL								trimethoprim	<=	0.5/9.5		
35756053	Table_2.XLSX	Sheet1	GN3F + FRCOL								cefpodoxime	>	16		
35756053	Table_2.XLSX	Sheet1	GN3F + FRCOL								ceftazidime	>	32		
35756053	Table_2.XLSX	Sheet1	GN3F + FRCOL								tobramycin	<=	4		
35756053	Table_2.XLSX	Sheet1	GN3F + FRCOL								tigecycline	<=	1		
35756053	Table_2.XLSX	Sheet1	GN3F + FRCOL								ticarcillin/clavulanic acid	>	64/2		
35756053	Table_2.XLSX	Sheet1	GN3F + FRCOL								ceftriaxone	>	64		
35756053	Table_2.XLSX	Sheet1	GN3F + FRCOL								tetracycline	=	4		mic_sign '=' inferred
35756053	Table_2.XLSX	Sheet1	GN3F + FRCOL								colistin	=	8		mic_sign '=' inferred
35756053	Table_2.XLSX	Sheet1	GN3F + FRCOL								amikacin	<=	8		
35756053	Table_2.XLSX	Sheet1	GN3F + FRCOL								ampicillin	>	32		
35756053	Table_2.XLSX	Sheet1	GN3F + FRCOL								ampicillin/sulbactam	>	32/16		
35756053	Table_2.XLSX	Sheet1	GN3F + FRCOL								aztreonam	=	16		mic_sign '=' inferred
35756053	Table_2.XLSX	Sheet1	GN3F + FRCOL								cefazolin	>	32		
35756053	Table_2.XLSX	Sheet1	GN3F + FRCOL								cefepime	<=	4		
35756053	Table_2.XLSX	Sheet1	GN3F + FRCOL								cephalothin	>	16		
35756053	Table_2.XLSX	Sheet1	GN3F + FRCOL								meropenem	<=	1		
35756053	Table_2.XLSX	Sheet1	GN3F + FRCOL								ertapenem	<=	2		
35756053	Table_2.XLSX	Sheet1	GN3F + FRCOL								cefuroxime	>	32		
35756053	Table_2.XLSX	Sheet1	GN3F + FRCOL								gentamicin	<=	2		
35756053	Table_2.XLSX	Sheet1	GN3F + FRCOL								ciprofloxacin	<=	0.5		
35756053	Table_2.XLSX	Sheet1	GN3F + FRCOL								piperacillin/tazobactam	<=	16/4		
35756053	Table_2.XLSX	Sheet1	GN3F + FRCOL								cefoxitin	>	32		
35756053	Table_2.XLSX	Sheet1	GN3F + FRCOL								trimethoprim	<=	0.5/9.5		
35756053	Table_2.XLSX	Sheet1	GN3F + FRCOL								cefpodoxime	>	16		
35756053	Table_2.XLSX	Sheet1	GN3F + FRCOL								ceftazidime	=	32		mic_sign '=' inferred
35756053	Table_2.XLSX	Sheet1	GN3F + FRCOL								tobramycin	<=	4		
35756053	Table_2.XLSX	Sheet1	GN3F + FRCOL								tigecycline	<=	1		
35756053	Table_2.XLSX	Sheet1	GN3F + FRCOL								ticarcillin/clavulanic acid	>	64/2		
35756053	Table_2.XLSX	Sheet1	GN3F + FRCOL								ceftriaxone	=	16		mic_sign '=' inferred
35756053	Table_2.XLSX	Sheet1	GN3F + FRCOL								tetracycline	=	2		mic_sign '=' inferred
35756053	Table_2.XLSX	Sheet1	GN3F + FRCOL								colistin	=	0.5		mic_sign '=' inferred
35756053	Table_2.XLSX	Sheet1	GN3F + FRCOL								amikacin	<=	8		
35756053	Table_2.XLSX	Sheet1	GN3F + FRCOL								ampicillin	>	32		
35756053	Table_2.XLSX	Sheet1	GN3F + FRCOL								ampicillin/sulbactam	=	16/8		mic_sign '=' inferred
35756053	Table_2.XLSX	Sheet1	GN3F + FRCOL								aztreonam	<=	4		
35756053	Table_2.XLSX	Sheet1	GN3F + FRCOL								cefazolin	>	32		
35756053	Table_2.XLSX	Sheet1	GN3F + FRCOL								cefepime	<=	4		
35756053	Table_2.XLSX	Sheet1	GN3F + FRCOL								cephalothin	>	16		
35756053	Table_2.XLSX	Sheet1	GN3F + FRCOL								meropenem	<=	1		
35756053	Table_2.XLSX	Sheet1	GN3F + FRCOL								ertapenem	<=	2		
35756053	Table_2.XLSX	Sheet1	GN3F + FRCOL								cefuroxime	=	8		mic_sign '=' inferred
35756053	Table_2.XLSX	Sheet1	GN3F + FRCOL								gentamicin	<=	2		
35756053	Table_2.XLSX	Sheet1	GN3F + FRCOL								ciprofloxacin	<=	0.5		
35756053	Table_2.XLSX	Sheet1	GN3F + FRCOL								piperacillin/tazobactam	<=	16/4		
35756053	Table_2.XLSX	Sheet1	GN3F + FRCOL								cefoxitin	>	32		
35756053	Table_2.XLSX	Sheet1	GN3F + FRCOL								trimethoprim	<=	0.5/9.5		
35756053	Table_2.XLSX	Sheet1	GN3F + FRCOL								cefpodoxime	<=	2		
35756053	Table_2.XLSX	Sheet1	GN3F + FRCOL								ceftazidime	<=	1		
35756053	Table_2.XLSX	Sheet1	GN3F + FRCOL								tobramycin	<=	4		
35756053	Table_2.XLSX	Sheet1	GN3F + FRCOL								tigecycline	<=	1		
35756053	Table_2.XLSX	Sheet1	GN3F + FRCOL								ticarcillin/clavulanic acid	<=	16/2		
35756053	Table_2.XLSX	Sheet1	GN3F + FRCOL								ceftriaxone	<=	1		
35756053	Table_2.XLSX	Sheet1	GN3F + FRCOL								tetracycline	=	1		mic_sign '=' inferred
35756053	Table_2.XLSX	Sheet1	GN3F + FRCOL								colistin	=	0.5		mic_sign '=' inferred
35756053	Table_2.XLSX	Sheet1	GN3F + FRCOL								amikacin	<=	8		
35756053	Table_2.XLSX	Sheet1	GN3F + FRCOL								ampicillin	=	32		mic_sign '=' inferred
35756053	Table_2.XLSX	Sheet1	GN3F + FRCOL								ampicillin/sulbactam	=	16/8		mic_sign '=' inferred
35756053	Table_2.XLSX	Sheet1	GN3F + FRCOL								aztreonam	<=	4		
35756053	Table_2.XLSX	Sheet1	GN3F + FRCOL								cefazolin	>	32		
35756053	Table_2.XLSX	Sheet1	GN3F + FRCOL								cefepime	<=	4		
35756053	Table_2.XLSX	Sheet1	GN3F + FRCOL								cephalothin	>	16		
35756053	Table_2.XLSX	Sheet1	GN3F + FRCOL								meropenem	<=	1		
35756053	Table_2.XLSX	Sheet1	GN3F + FRCOL								ertapenem	<=	2		
35756053	Table_2.XLSX	Sheet1	GN3F + FRCOL								cefuroxime	<=	4		
35756053	Table_2.XLSX	Sheet1	GN3F + FRCOL								gentamicin	<=	2		
35756053	Table_2.XLSX	Sheet1	GN3F + FRCOL								ciprofloxacin	<=	0.5		
35756053	Table_2.XLSX	Sheet1	GN3F + FRCOL								piperacillin/tazobactam	<=	16/4		
35756053	Table_2.XLSX	Sheet1	GN3F + FRCOL								cefoxitin	>	32		
35756053	Table_2.XLSX	Sheet1	GN3F + FRCOL								trimethoprim	<=	0.5/9.5		
35756053	Table_2.XLSX	Sheet1	GN3F + FRCOL								cefpodoxime	<=	2		
35756053	Table_2.XLSX	Sheet1	GN3F + FRCOL								ceftazidime	<=	1		
35756053	Table_2.XLSX	Sheet1	GN3F + FRCOL								tobramycin	<=	4		
35756053	Table_2.XLSX	Sheet1	GN3F + FRCOL								tigecycline	<=	1		
35756053	Table_2.XLSX	Sheet1	GN3F + FRCOL								ticarcillin/clavulanic acid	<=	16/2		
35756053	Table_2.XLSX	Sheet1	GN3F + FRCOL								ceftriaxone	<=	1		
35756053	Table_2.XLSX	Sheet1	GN3F + FRCOL								tetracycline	=	2		mic_sign '=' inferred
35756053	Table_2.XLSX	Sheet1	GN3F + FRCOL								colistin	=	0.5		mic_sign '=' inferred
35756053	Table_2.XLSX	Sheet1	GN3F + FRCOL								amikacin	<=	8		
35756053	Table_2.XLSX	Sheet1	GN3F + FRCOL								ampicillin	<=	4		
35756053	Table_2.XLSX	Sheet1	GN3F + FRCOL								ampicillin/sulbactam	=	8/4		mic_sign '=' inferred
35756053	Table_2.XLSX	Sheet1	GN3F + FRCOL								aztreonam	=	8		mic_sign '=' inferred
35756053	Table_2.XLSX	Sheet1	GN3F + FRCOL								cefazolin	=	16		mic_sign '=' inferred
35756053	Table_2.XLSX	Sheet1	GN3F + FRCOL								cefepime	<=	4		
35756053	Table_2.XLSX	Sheet1	GN3F + FRCOL								cephalothin	>	16		
35756053	Table_2.XLSX	Sheet1	GN3F + FRCOL								meropenem	<=	1		
35756053	Table_2.XLSX	Sheet1	GN3F + FRCOL								ertapenem	<=	2		
35756053	Table_2.XLSX	Sheet1	GN3F + FRCOL								cefuroxime	<=	4		
35756053	Table_2.XLSX	Sheet1	GN3F + FRCOL								gentamicin	<=	2		
35756053	Table_2.XLSX	Sheet1	GN3F + FRCOL								ciprofloxacin	<=	0.5		
35756053	Table_2.XLSX	Sheet1	GN3F + FRCOL								piperacillin/tazobactam	<=	16/4		
35756053	Table_2.XLSX	Sheet1	GN3F + FRCOL								cefoxitin	=	8		mic_sign '=' inferred
35756053	Table_2.XLSX	Sheet1	GN3F + FRCOL								trimethoprim	<=	0.5/9.5		
35756053	Table_2.XLSX	Sheet1	GN3F + FRCOL								cefpodoxime	<=	2		
35756053	Table_2.XLSX	Sheet1	GN3F + FRCOL								ceftazidime	<=	1		
35756053	Table_2.XLSX	Sheet1	GN3F + FRCOL								tobramycin	<=	4		
35756053	Table_2.XLSX	Sheet1	GN3F + FRCOL								tigecycline	<=	1		
35756053	Table_2.XLSX	Sheet1	GN3F + FRCOL								ticarcillin/clavulanic acid	<=	16/2		
35756053	Table_2.XLSX	Sheet1	GN3F + FRCOL								ceftriaxone	<=	1		
35756053	Table_2.XLSX	Sheet1	GN3F + FRCOL								tetracycline	=	1		mic_sign '=' inferred
35756053	Table_2.XLSX	Sheet1	GN3F + FRCOL								colistin	=	0.5		mic_sign '=' inferred
35756053	Table_2.XLSX	Sheet1	GN3F + FRCOL								amikacin	<=	8		
35756053	Table_2.XLSX	Sheet1	GN3F + FRCOL								ampicillin	=	16		mic_sign '=' inferred
35756053	Table_2.XLSX	Sheet1	GN3F + FRCOL								ampicillin/sulbactam	<=	4/2		
35756053	Table_2.XLSX	Sheet1	GN3F + FRCOL								aztreonam	<=	4		
35756053	Table_2.XLSX	Sheet1	GN3F + FRCOL								cefazolin	>	32		
35756053	Table_2.XLSX	Sheet1	GN3F + FRCOL								cefepime	<=	4		
35756053	Table_2.XLSX	Sheet1	GN3F + FRCOL								cephalothin	>	16		
35756053	Table_2.XLSX	Sheet1	GN3F + FRCOL								meropenem	<=	1		
35756053	Table_2.XLSX	Sheet1	GN3F + FRCOL								ertapenem	<=	2		
35756053	Table_2.XLSX	Sheet1	GN3F + FRCOL								cefuroxime	<=	4		
35756053	Table_2.XLSX	Sheet1	GN3F + FRCOL								gentamicin	<=	2		
35756053	Table_2.XLSX	Sheet1	GN3F + FRCOL								ciprofloxacin	<=	0.5		
35756053	Table_2.XLSX	Sheet1	GN3F + FRCOL								piperacillin/tazobactam	<=	16/4		
35756053	Table_2.XLSX	Sheet1	GN3F + FRCOL								cefoxitin	>	32		
35756053	Table_2.XLSX	Sheet1	GN3F + FRCOL								trimethoprim	<=	0.5/9.5		
35756053	Table_2.XLSX	Sheet1	GN3F + FRCOL								cefpodoxime	=	4		mic_sign '=' inferred
35756053	Table_2.XLSX	Sheet1	GN3F + FRCOL								ceftazidime	<=	1		
35756053	Table_2.XLSX	Sheet1	GN3F + FRCOL								tobramycin	<=	4		
35756053	Table_2.XLSX	Sheet1	GN3F + FRCOL								tigecycline	<=	1		
35756053	Table_2.XLSX	Sheet1	GN3F + FRCOL								ticarcillin/clavulanic acid	<=	16/2		
35756053	Table_2.XLSX	Sheet1	GN3F + FRCOL								ceftriaxone	<=	1		
35756053	Table_2.XLSX	Sheet1	GN3F + FRCOL								tetracycline	=	2		mic_sign '=' inferred
35756053	Table_2.XLSX	Sheet1	GN3F + FRCOL								colistin	=	0.5		mic_sign '=' inferred
35756053	Table_2.XLSX	Sheet1	GN3F + FRCOL								amikacin	<=	8		
35756053	Table_2.XLSX	Sheet1	GN3F + FRCOL								ampicillin	=	32		mic_sign '=' inferred
35756053	Table_2.XLSX	Sheet1	GN3F + FRCOL								ampicillin/sulbactam	<=	4/2		
35756053	Table_2.XLSX	Sheet1	GN3F + FRCOL								aztreonam	<=	4		
35756053	Table_2.XLSX	Sheet1	GN3F + FRCOL								cefazolin	<=	4		
35756053	Table_2.XLSX	Sheet1	GN3F + FRCOL								cefepime	<=	4		
35756053	Table_2.XLSX	Sheet1	GN3F + FRCOL								cephalothin	=	8		mic_sign '=' inferred
35756053	Table_2.XLSX	Sheet1	GN3F + FRCOL								meropenem	<=	1		
35756053	Table_2.XLSX	Sheet1	GN3F + FRCOL								ertapenem	<=	2		
35756053	Table_2.XLSX	Sheet1	GN3F + FRCOL								cefuroxime	<=	4		
35756053	Table_2.XLSX	Sheet1	GN3F + FRCOL								gentamicin	<=	2		
35756053	Table_2.XLSX	Sheet1	GN3F + FRCOL								ciprofloxacin	<=	0.5		
35756053	Table_2.XLSX	Sheet1	GN3F + FRCOL								piperacillin/tazobactam	<=	16/4		
35756053	Table_2.XLSX	Sheet1	GN3F + FRCOL								cefoxitin	<=	4		
35756053	Table_2.XLSX	Sheet1	GN3F + FRCOL								trimethoprim	<=	0.5/9.5		
35756053	Table_2.XLSX	Sheet1	GN3F + FRCOL								cefpodoxime	<=	2		
35756053	Table_2.XLSX	Sheet1	GN3F + FRCOL								ceftazidime	<=	1		
35756053	Table_2.XLSX	Sheet1	GN3F + FRCOL								tobramycin	<=	4		
35756053	Table_2.XLSX	Sheet1	GN3F + FRCOL								tigecycline	<=	1		
35756053	Table_2.XLSX	Sheet1	GN3F + FRCOL								ticarcillin/clavulanic acid	<=	16/2		
35756053	Table_2.XLSX	Sheet1	GN3F + FRCOL								ceftriaxone	<=	1		
35756053	Table_2.XLSX	Sheet1	GN3F + FRCOL								tetracycline	=	2		mic_sign '=' inferred
35756053	Table_2.XLSX	Sheet1	GN3F + FRCOL								colistin	=	1		mic_sign '=' inferred
35756053	Table_2.XLSX	Sheet1	GN3F + FRCOL								amikacin	<=	8		
35756053	Table_2.XLSX	Sheet1	GN3F + FRCOL								ampicillin	=	32		mic_sign '=' inferred
35756053	Table_2.XLSX	Sheet1	GN3F + FRCOL								ampicillin/sulbactam	<=	4/2		
35756053	Table_2.XLSX	Sheet1	GN3F + FRCOL								aztreonam	<=	4		
35756053	Table_2.XLSX	Sheet1	GN3F + FRCOL								cefazolin	<=	4		
35756053	Table_2.XLSX	Sheet1	GN3F + FRCOL								cefepime	<=	4		
35756053	Table_2.XLSX	Sheet1	GN3F + FRCOL								cephalothin	=	4		mic_sign '=' inferred
35756053	Table_2.XLSX	Sheet1	GN3F + FRCOL								meropenem	<=	1		
35756053	Table_2.XLSX	Sheet1	GN3F + FRCOL								ertapenem	<=	2		
35756053	Table_2.XLSX	Sheet1	GN3F + FRCOL								cefuroxime	<=	4		
35756053	Table_2.XLSX	Sheet1	GN3F + FRCOL								gentamicin	<=	2		
35756053	Table_2.XLSX	Sheet1	GN3F + FRCOL								ciprofloxacin	<=	0.5		
35756053	Table_2.XLSX	Sheet1	GN3F + FRCOL								piperacillin/tazobactam	<=	16/4		
35756053	Table_2.XLSX	Sheet1	GN3F + FRCOL								cefoxitin	<=	4		
35756053	Table_2.XLSX	Sheet1	GN3F + FRCOL								trimethoprim	<=	0.5/9.5		
35756053	Table_2.XLSX	Sheet1	GN3F + FRCOL								cefpodoxime	<=	2		
35756053	Table_2.XLSX	Sheet1	GN3F + FRCOL								ceftazidime	<=	1		
35756053	Table_2.XLSX	Sheet1	GN3F + FRCOL								tobramycin	<=	4		
35756053	Table_2.XLSX	Sheet1	GN3F + FRCOL								tigecycline	<=	1		
35756053	Table_2.XLSX	Sheet1	GN3F + FRCOL								ticarcillin/clavulanic acid	<=	16/2		
35756053	Table_2.XLSX	Sheet1	GN3F + FRCOL								ceftriaxone	<=	1		
35756053	Table_2.XLSX	Sheet1	GN3F + FRCOL								tetracycline	=	2		mic_sign '=' inferred
35756053	Table_2.XLSX	Sheet1	GN3F + FRCOL								colistin	=	0.5		mic_sign '=' inferred
35756053	Table_2.XLSX	Sheet1	GN3F + FRCOL								amikacin	<=	8		
35756053	Table_2.XLSX	Sheet1	GN3F + FRCOL								ampicillin	>	32		
35756053	Table_2.XLSX	Sheet1	GN3F + FRCOL								ampicillin/sulbactam	<=	4/2		
35756053	Table_2.XLSX	Sheet1	GN3F + FRCOL								aztreonam	<=	4		
35756053	Table_2.XLSX	Sheet1	GN3F + FRCOL								cefazolin	<=	4		
35756053	Table_2.XLSX	Sheet1	GN3F + FRCOL								cefepime	<=	4		
35756053	Table_2.XLSX	Sheet1	GN3F + FRCOL								cephalothin	=	4		mic_sign '=' inferred
35756053	Table_2.XLSX	Sheet1	GN3F + FRCOL								meropenem	<=	1		
35756053	Table_2.XLSX	Sheet1	GN3F + FRCOL								ertapenem	<=	2		
35756053	Table_2.XLSX	Sheet1	GN3F + FRCOL								cefuroxime	<=	4		
35756053	Table_2.XLSX	Sheet1	GN3F + FRCOL								gentamicin	<=	2		
35756053	Table_2.XLSX	Sheet1	GN3F + FRCOL								ciprofloxacin	<=	0.5		
35756053	Table_2.XLSX	Sheet1	GN3F + FRCOL								piperacillin/tazobactam	<=	16/4		
35756053	Table_2.XLSX	Sheet1	GN3F + FRCOL								cefoxitin	<=	4		
35756053	Table_2.XLSX	Sheet1	GN3F + FRCOL								trimethoprim	<=	0.5/9.5		
35756053	Table_2.XLSX	Sheet1	GN3F + FRCOL								cefpodoxime	<=	2		
35756053	Table_2.XLSX	Sheet1	GN3F + FRCOL								ceftazidime	<=	1		
35756053	Table_2.XLSX	Sheet1	GN3F + FRCOL								tobramycin	<=	4		
35756053	Table_2.XLSX	Sheet1	GN3F + FRCOL								tigecycline	<=	1		
35756053	Table_2.XLSX	Sheet1	GN3F + FRCOL								ticarcillin/clavulanic acid	<=	16/2		
35756053	Table_2.XLSX	Sheet1	GN3F + FRCOL								ceftriaxone	<=	1		
35756053	Table_2.XLSX	Sheet1	GN3F + FRCOL								tetracycline	=	2		mic_sign '=' inferred
35756053	Table_2.XLSX	Sheet1	GN3F + FRCOL								colistin	=	0.5		mic_sign '=' inferred
35756053	Table_2.XLSX	Sheet1	GN3F + FRCOL								amikacin	<=	8		
35756053	Table_2.XLSX	Sheet1	GN3F + FRCOL								ampicillin	=	32		mic_sign '=' inferred
35756053	Table_2.XLSX	Sheet1	GN3F + FRCOL								ampicillin/sulbactam	<=	4/2		
35756053	Table_2.XLSX	Sheet1	GN3F + FRCOL								aztreonam	<=	4		
35756053	Table_2.XLSX	Sheet1	GN3F + FRCOL								cefazolin	<=	4		
35756053	Table_2.XLSX	Sheet1	GN3F + FRCOL								cefepime	<=	4		
35756053	Table_2.XLSX	Sheet1	GN3F + FRCOL								cephalothin	=	4		mic_sign '=' inferred
35756053	Table_2.XLSX	Sheet1	GN3F + FRCOL								meropenem	<=	1		
35756053	Table_2.XLSX	Sheet1	GN3F + FRCOL								ertapenem	<=	2		
35756053	Table_2.XLSX	Sheet1	GN3F + FRCOL								cefuroxime	<=	4		
35756053	Table_2.XLSX	Sheet1	GN3F + FRCOL								gentamicin	<=	2		
35756053	Table_2.XLSX	Sheet1	GN3F + FRCOL								ciprofloxacin	<=	0.5		
35756053	Table_2.XLSX	Sheet1	GN3F + FRCOL								piperacillin/tazobactam	<=	16/4		
35756053	Table_2.XLSX	Sheet1	GN3F + FRCOL								cefoxitin	<=	4		
35756053	Table_2.XLSX	Sheet1	GN3F + FRCOL								trimethoprim	<=	0.5/9.5		
35756053	Table_2.XLSX	Sheet1	GN3F + FRCOL								cefpodoxime	<=	2		
35756053	Table_2.XLSX	Sheet1	GN3F + FRCOL								ceftazidime	<=	1		
35756053	Table_2.XLSX	Sheet1	GN3F + FRCOL								tobramycin	<=	4		
35756053	Table_2.XLSX	Sheet1	GN3F + FRCOL								tigecycline	<=	1		
35756053	Table_2.XLSX	Sheet1	GN3F + FRCOL								ticarcillin/clavulanic acid	<=	16/2		
35756053	Table_2.XLSX	Sheet1	GN3F + FRCOL								ceftriaxone	<=	1		
35756053	Table_2.XLSX	Sheet1	GN3F + FRCOL								tetracycline	=	2		mic_sign '=' inferred
35756053	Table_2.XLSX	Sheet1	GN3F + FRCOL								colistin	=	0.25		mic_sign '=' inferred
35756053	Table_2.XLSX	Sheet1	GN3F + FRCOL								amikacin	<=	8		
35756053	Table_2.XLSX	Sheet1	GN3F + FRCOL								ampicillin	>	32		
35756053	Table_2.XLSX	Sheet1	GN3F + FRCOL								ampicillin/sulbactam	<=	4/2		
35756053	Table_2.XLSX	Sheet1	GN3F + FRCOL								aztreonam	<=	4		
35756053	Table_2.XLSX	Sheet1	GN3F + FRCOL								cefazolin	<=	4		
35756053	Table_2.XLSX	Sheet1	GN3F + FRCOL								cefepime	<=	4		
35756053	Table_2.XLSX	Sheet1	GN3F + FRCOL								cephalothin	=	4		mic_sign '=' inferred
35756053	Table_2.XLSX	Sheet1	GN3F + FRCOL								meropenem	<=	1		
35756053	Table_2.XLSX	Sheet1	GN3F + FRCOL								ertapenem	<=	2		
35756053	Table_2.XLSX	Sheet1	GN3F + FRCOL								cefuroxime	=	16		mic_sign '=' inferred
35756053	Table_2.XLSX	Sheet1	GN3F + FRCOL								gentamicin	<=	2		
35756053	Table_2.XLSX	Sheet1	GN3F + FRCOL								ciprofloxacin	<=	0.5		
35756053	Table_2.XLSX	Sheet1	GN3F + FRCOL								piperacillin/tazobactam	<=	16/4		
35756053	Table_2.XLSX	Sheet1	GN3F + FRCOL								cefoxitin	<=	4		
35756053	Table_2.XLSX	Sheet1	GN3F + FRCOL								trimethoprim	<=	0.5/9.5		
35756053	Table_2.XLSX	Sheet1	GN3F + FRCOL								cefpodoxime	<=	2		
35756053	Table_2.XLSX	Sheet1	GN3F + FRCOL								ceftazidime	<=	1		
35756053	Table_2.XLSX	Sheet1	GN3F + FRCOL								tobramycin	<=	4		
35756053	Table_2.XLSX	Sheet1	GN3F + FRCOL								tigecycline	<=	1		
35756053	Table_2.XLSX	Sheet1	GN3F + FRCOL								ticarcillin/clavulanic acid	<=	16/2		
35756053	Table_2.XLSX	Sheet1	GN3F + FRCOL								ceftriaxone	<=	1		
35756053	Table_2.XLSX	Sheet1	GN3F + FRCOL								tetracycline	=	2		mic_sign '=' inferred
35756053	Table_2.XLSX	Sheet1	GN3F + FRCOL								colistin	=	0.25		mic_sign '=' inferred
35756053	Table_2.XLSX	Sheet1	GN3F								amikacin	<=	8		
35756053	Table_2.XLSX	Sheet1	GN3F								ampicillin	<=	4		
35756053	Table_2.XLSX	Sheet1	GN3F								ampicillin/sulbactam	<=	4/2		
35756053	Table_2.XLSX	Sheet1	GN3F								aztreonam	<=	4		
35756053	Table_2.XLSX	Sheet1	GN3F								cefazolin	<=	4		
35756053	Table_2.XLSX	Sheet1	GN3F								cefepime	<=	4		
35756053	Table_2.XLSX	Sheet1	GN3F								cephalothin	<=	2		
35756053	Table_2.XLSX	Sheet1	GN3F								meropenem	<=	1		
35756053	Table_2.XLSX	Sheet1	GN3F								ertapenem	<=	2		
35756053	Table_2.XLSX	Sheet1	GN3F								cefuroxime	<=	4		
35756053	Table_2.XLSX	Sheet1	GN3F								gentamicin	<=	2		
35756053	Table_2.XLSX	Sheet1	GN3F								ciprofloxacin	<=	0.5		
35756053	Table_2.XLSX	Sheet1	GN3F								piperacillin/tazobactam	<=	16/4		
35756053	Table_2.XLSX	Sheet1	GN3F								cefoxitin	<=	4		
35756053	Table_2.XLSX	Sheet1	GN3F								trimethoprim	<=	0.5/9.5		
35756053	Table_2.XLSX	Sheet1	GN3F								cefpodoxime	<=	2		
35756053	Table_2.XLSX	Sheet1	GN3F								ceftazidime	<=	1		
35756053	Table_2.XLSX	Sheet1	GN3F								tobramycin	<=	4		
35756053	Table_2.XLSX	Sheet1	GN3F								tigecycline	<=	1		
35756053	Table_2.XLSX	Sheet1	GN3F								ticarcillin/clavulanic acid	<=	16/2		
35756053	Table_2.XLSX	Sheet1	GN3F								ceftriaxone	<=	1		
35756053	Table_2.XLSX	Sheet1	GN3F								tetracycline	>	16		
35756053	Table_2.XLSX	Sheet1	GN3F								amikacin	<=	8		
35756053	Table_2.XLSX	Sheet1	GN3F								ampicillin	<=	4		
35756053	Table_2.XLSX	Sheet1	GN3F								ampicillin/sulbactam	<=	4/2		
35756053	Table_2.XLSX	Sheet1	GN3F								aztreonam	<=	4		
35756053	Table_2.XLSX	Sheet1	GN3F								cefazolin	=	8		mic_sign '=' inferred
35756053	Table_2.XLSX	Sheet1	GN3F								cefepime	<=	4		
35756053	Table_2.XLSX	Sheet1	GN3F								cephalothin	=	8		mic_sign '=' inferred
35756053	Table_2.XLSX	Sheet1	GN3F								meropenem	<=	1		
35756053	Table_2.XLSX	Sheet1	GN3F								ertapenem	<=	2		
35756053	Table_2.XLSX	Sheet1	GN3F								cefuroxime	<=	4		
35756053	Table_2.XLSX	Sheet1	GN3F								gentamicin	<=	2		
35756053	Table_2.XLSX	Sheet1	GN3F								ciprofloxacin	<=	0.5		
35756053	Table_2.XLSX	Sheet1	GN3F								piperacillin/tazobactam	<=	16/4		
35756053	Table_2.XLSX	Sheet1	GN3F								cefoxitin	=	8		mic_sign '=' inferred
35756053	Table_2.XLSX	Sheet1	GN3F								trimethoprim	<=	0.5/9.5		
35756053	Table_2.XLSX	Sheet1	GN3F								cefpodoxime	<=	2		
35756053	Table_2.XLSX	Sheet1	GN3F								ceftazidime	<=	1		
35756053	Table_2.XLSX	Sheet1	GN3F								tobramycin	<=	4		
35756053	Table_2.XLSX	Sheet1	GN3F								tigecycline	=	4		mic_sign '=' inferred
35756053	Table_2.XLSX	Sheet1	GN3F								ticarcillin/clavulanic acid	<=	16/2		
35756053	Table_2.XLSX	Sheet1	GN3F								ceftriaxone	<=	1		
35756053	Table_2.XLSX	Sheet1	GN3F								tetracycline	>	16		
35756053	Table_2.XLSX	Sheet1	GN3F								amikacin	<=	8		
35756053	Table_2.XLSX	Sheet1	GN3F								ampicillin	<=	4		
35756053	Table_2.XLSX	Sheet1	GN3F								ampicillin/sulbactam	<=	4/2		
35756053	Table_2.XLSX	Sheet1	GN3F								aztreonam	<=	4		
35756053	Table_2.XLSX	Sheet1	GN3F								cefazolin	<=	4		
35756053	Table_2.XLSX	Sheet1	GN3F								cefepime	<=	4		
35756053	Table_2.XLSX	Sheet1	GN3F								cephalothin	=	4		mic_sign '=' inferred
35756053	Table_2.XLSX	Sheet1	GN3F								meropenem	<=	1		
35756053	Table_2.XLSX	Sheet1	GN3F								ertapenem	<=	2		
35756053	Table_2.XLSX	Sheet1	GN3F								cefuroxime	<=	4		
35756053	Table_2.XLSX	Sheet1	GN3F								gentamicin	<=	2		
35756053	Table_2.XLSX	Sheet1	GN3F								ciprofloxacin	<=	0.5		
35756053	Table_2.XLSX	Sheet1	GN3F								piperacillin/tazobactam	<=	16/4		
35756053	Table_2.XLSX	Sheet1	GN3F								cefoxitin	<=	4		
35756053	Table_2.XLSX	Sheet1	GN3F								trimethoprim	=	2/38		mic_sign '=' inferred
35756053	Table_2.XLSX	Sheet1	GN3F								cefpodoxime	<=	2		
35756053	Table_2.XLSX	Sheet1	GN3F								ceftazidime	<=	1		
35756053	Table_2.XLSX	Sheet1	GN3F								tobramycin	<=	4		
35756053	Table_2.XLSX	Sheet1	GN3F								tigecycline	=	2		mic_sign '=' inferred
35756053	Table_2.XLSX	Sheet1	GN3F								ticarcillin/clavulanic acid	<=	16/2		
35756053	Table_2.XLSX	Sheet1	GN3F								ceftriaxone	<=	1		
35756053	Table_2.XLSX	Sheet1	GN3F								tetracycline	>	16		
35756053	Table_2.XLSX	Sheet1	GN3F								amikacin	<=	8		
35756053	Table_2.XLSX	Sheet1	GN3F								ampicillin	<=	4		
35756053	Table_2.XLSX	Sheet1	GN3F								ampicillin/sulbactam	<=	4/2		
35756053	Table_2.XLSX	Sheet1	GN3F								aztreonam	<=	4		
35756053	Table_2.XLSX	Sheet1	GN3F								cefazolin	<=	4		
35756053	Table_2.XLSX	Sheet1	GN3F								cefepime	<=	4		
35756053	Table_2.XLSX	Sheet1	GN3F								cephalothin	=	8		mic_sign '=' inferred
35756053	Table_2.XLSX	Sheet1	GN3F								meropenem	<=	1		
35756053	Table_2.XLSX	Sheet1	GN3F								ertapenem	<=	2		
35756053	Table_2.XLSX	Sheet1	GN3F								cefuroxime	<=	4		
35756053	Table_2.XLSX	Sheet1	GN3F								gentamicin	<=	2		
35756053	Table_2.XLSX	Sheet1	GN3F								ciprofloxacin	<=	0.5		
35756053	Table_2.XLSX	Sheet1	GN3F								piperacillin/tazobactam	<=	16/4		
35756053	Table_2.XLSX	Sheet1	GN3F								cefoxitin	<=	4		
35756053	Table_2.XLSX	Sheet1	GN3F								trimethoprim	<=	0.5/9.5		
35756053	Table_2.XLSX	Sheet1	GN3F								cefpodoxime	<=	2		
35756053	Table_2.XLSX	Sheet1	GN3F								ceftazidime	<=	1		
35756053	Table_2.XLSX	Sheet1	GN3F								tobramycin	<=	4		
35756053	Table_2.XLSX	Sheet1	GN3F								tigecycline	=	4		mic_sign '=' inferred
35756053	Table_2.XLSX	Sheet1	GN3F								ticarcillin/clavulanic acid	<=	16/2		
35756053	Table_2.XLSX	Sheet1	GN3F								ceftriaxone	<=	1		
35756053	Table_2.XLSX	Sheet1	GN3F								tetracycline	=	8		mic_sign '=' inferred
35756053	Table_2.XLSX	Sheet1	GN3F								amikacin	<=	8		
35756053	Table_2.XLSX	Sheet1	GN3F								ampicillin	<=	4		
35756053	Table_2.XLSX	Sheet1	GN3F								ampicillin/sulbactam	<=	4/2		
35756053	Table_2.XLSX	Sheet1	GN3F								aztreonam	<=	4		
35756053	Table_2.XLSX	Sheet1	GN3F								cefazolin	<=	4		
35756053	Table_2.XLSX	Sheet1	GN3F								cefepime	<=	4		
35756053	Table_2.XLSX	Sheet1	GN3F								cephalothin	<=	2		
35756053	Table_2.XLSX	Sheet1	GN3F								meropenem	<=	1		
35756053	Table_2.XLSX	Sheet1	GN3F								ertapenem	<=	2		
35756053	Table_2.XLSX	Sheet1	GN3F								cefuroxime	<=	4		
35756053	Table_2.XLSX	Sheet1	GN3F								gentamicin	<=	2		
35756053	Table_2.XLSX	Sheet1	GN3F								ciprofloxacin	<=	0.5		
35756053	Table_2.XLSX	Sheet1	GN3F								piperacillin/tazobactam	<=	16/4		
35756053	Table_2.XLSX	Sheet1	GN3F								cefoxitin	<=	4		
35756053	Table_2.XLSX	Sheet1	GN3F								trimethoprim	<=	0.5/9.5		
35756053	Table_2.XLSX	Sheet1	GN3F								cefpodoxime	<=	2		
35756053	Table_2.XLSX	Sheet1	GN3F								ceftazidime	<=	1		
35756053	Table_2.XLSX	Sheet1	GN3F								tobramycin	<=	4		
35756053	Table_2.XLSX	Sheet1	GN3F								tigecycline	=	4		mic_sign '=' inferred
35756053	Table_2.XLSX	Sheet1	GN3F								ticarcillin/clavulanic acid	<=	16/2		
35756053	Table_2.XLSX	Sheet1	GN3F								ceftriaxone	<=	1		
35756053	Table_2.XLSX	Sheet1	GN3F								tetracycline	>	16		
35756053	Table_2.XLSX	Sheet1	GN3F								amikacin	<=	8		
35756053	Table_2.XLSX	Sheet1	GN3F								ampicillin	<=	4		
35756053	Table_2.XLSX	Sheet1	GN3F								ampicillin/sulbactam	<=	4/2		
35756053	Table_2.XLSX	Sheet1	GN3F								aztreonam	<=	4		
35756053	Table_2.XLSX	Sheet1	GN3F								cefazolin	<=	4		
35756053	Table_2.XLSX	Sheet1	GN3F								cefepime	<=	4		
35756053	Table_2.XLSX	Sheet1	GN3F								cephalothin	=	4		mic_sign '=' inferred
35756053	Table_2.XLSX	Sheet1	GN3F								meropenem	<=	1		
35756053	Table_2.XLSX	Sheet1	GN3F								ertapenem	<=	2		
35756053	Table_2.XLSX	Sheet1	GN3F								cefuroxime	<=	4		
35756053	Table_2.XLSX	Sheet1	GN3F								gentamicin	<=	2		
35756053	Table_2.XLSX	Sheet1	GN3F								ciprofloxacin	<=	0.5		
35756053	Table_2.XLSX	Sheet1	GN3F								piperacillin/tazobactam	<=	16/4		
35756053	Table_2.XLSX	Sheet1	GN3F								cefoxitin	<=	4		
35756053	Table_2.XLSX	Sheet1	GN3F								trimethoprim	<=	0.5/9.5		
35756053	Table_2.XLSX	Sheet1	GN3F								cefpodoxime	<=	2		
35756053	Table_2.XLSX	Sheet1	GN3F								ceftazidime	<=	1		
35756053	Table_2.XLSX	Sheet1	GN3F								tobramycin	<=	4		
35756053	Table_2.XLSX	Sheet1	GN3F								tigecycline	=	4		mic_sign '=' inferred
35756053	Table_2.XLSX	Sheet1	GN3F								ticarcillin/clavulanic acid	<=	16/2		
35756053	Table_2.XLSX	Sheet1	GN3F								ceftriaxone	<=	1		
35756053	Table_2.XLSX	Sheet1	GN3F								tetracycline	>	16		
35756053	Table_2.XLSX	Sheet1	GN3F								amikacin	<=	8		
35756053	Table_2.XLSX	Sheet1	GN3F								ampicillin	>	32		
35756053	Table_2.XLSX	Sheet1	GN3F								ampicillin/sulbactam	=	8/4		mic_sign '=' inferred
35756053	Table_2.XLSX	Sheet1	GN3F								aztreonam	<=	4		
35756053	Table_2.XLSX	Sheet1	GN3F								cefazolin	=	8		mic_sign '=' inferred
35756053	Table_2.XLSX	Sheet1	GN3F								cefepime	<=	4		
35756053	Table_2.XLSX	Sheet1	GN3F								cephalothin	=	8		mic_sign '=' inferred
35756053	Table_2.XLSX	Sheet1	GN3F								meropenem	<=	1		
35756053	Table_2.XLSX	Sheet1	GN3F								ertapenem	<=	2		
35756053	Table_2.XLSX	Sheet1	GN3F								cefuroxime	<=	4		
35756053	Table_2.XLSX	Sheet1	GN3F								gentamicin	=	8		mic_sign '=' inferred
35756053	Table_2.XLSX	Sheet1	GN3F								ciprofloxacin	=	2		mic_sign '=' inferred
35756053	Table_2.XLSX	Sheet1	GN3F								piperacillin/tazobactam	<=	16/4		
35756053	Table_2.XLSX	Sheet1	GN3F								cefoxitin	<=	4		
35756053	Table_2.XLSX	Sheet1	GN3F								trimethoprim	>	4/76		
35756053	Table_2.XLSX	Sheet1	GN3F								cefpodoxime	<=	2		
35756053	Table_2.XLSX	Sheet1	GN3F								ceftazidime	<=	1		
35756053	Table_2.XLSX	Sheet1	GN3F								tobramycin	<=	4		
35756053	Table_2.XLSX	Sheet1	GN3F								tigecycline	=	2		mic_sign '=' inferred
35756053	Table_2.XLSX	Sheet1	GN3F								ticarcillin/clavulanic acid	<=	16/2		
35756053	Table_2.XLSX	Sheet1	GN3F								ceftriaxone	<=	1		
35756053	Table_2.XLSX	Sheet1	GN3F								tetracycline	>	16		
35756053	Table_2.XLSX	Sheet1	GN3F								amikacin	<=	8		
35756053	Table_2.XLSX	Sheet1	GN3F								ampicillin	>	32		
35756053	Table_2.XLSX	Sheet1	GN3F								ampicillin/sulbactam	=	16/8		mic_sign '=' inferred
35756053	Table_2.XLSX	Sheet1	GN3F								aztreonam	<=	4		
35756053	Table_2.XLSX	Sheet1	GN3F								cefazolin	<=	4		
35756053	Table_2.XLSX	Sheet1	GN3F								cefepime	<=	4		
35756053	Table_2.XLSX	Sheet1	GN3F								cephalothin	<=	2		
35756053	Table_2.XLSX	Sheet1	GN3F								meropenem	=	4		mic_sign '=' inferred
35756053	Table_2.XLSX	Sheet1	GN3F								ertapenem	<=	2		
35756053	Table_2.XLSX	Sheet1	GN3F								cefuroxime	<=	4		
35756053	Table_2.XLSX	Sheet1	GN3F								gentamicin	<=	2		
35756053	Table_2.XLSX	Sheet1	GN3F								ciprofloxacin	=	4		mic_sign '=' inferred
35756053	Table_2.XLSX	Sheet1	GN3F								piperacillin/tazobactam	<=	16/4		
35756053	Table_2.XLSX	Sheet1	GN3F								cefoxitin	<=	4		
35756053	Table_2.XLSX	Sheet1	GN3F								trimethoprim	>	4/76		
35756053	Table_2.XLSX	Sheet1	GN3F								cefpodoxime	<=	2		
35756053	Table_2.XLSX	Sheet1	GN3F								ceftazidime	<=	1		
35756053	Table_2.XLSX	Sheet1	GN3F								tobramycin	<=	4		
35756053	Table_2.XLSX	Sheet1	GN3F								tigecycline	=	4		mic_sign '=' inferred
35756053	Table_2.XLSX	Sheet1	GN3F								ticarcillin/clavulanic acid	<=	16/2		
35756053	Table_2.XLSX	Sheet1	GN3F								ceftriaxone	<=	1		
35756053	Table_2.XLSX	Sheet1	GN3F								tetracycline	>	16		
35756053	Table_2.XLSX	Sheet1	GN3F								amikacin	<=	8		
35756053	Table_2.XLSX	Sheet1	GN3F								ampicillin	<=	4		
35756053	Table_2.XLSX	Sheet1	GN3F								ampicillin/sulbactam	<=	4/2		
35756053	Table_2.XLSX	Sheet1	GN3F								aztreonam	<=	4		
35756053	Table_2.XLSX	Sheet1	GN3F								cefazolin	<=	4		
35756053	Table_2.XLSX	Sheet1	GN3F								cefepime	<=	4		
35756053	Table_2.XLSX	Sheet1	GN3F								cephalothin	=	4		mic_sign '=' inferred
35756053	Table_2.XLSX	Sheet1	GN3F								meropenem	<=	1		
35756053	Table_2.XLSX	Sheet1	GN3F								ertapenem	<=	2		
35756053	Table_2.XLSX	Sheet1	GN3F								cefuroxime	<=	4		
35756053	Table_2.XLSX	Sheet1	GN3F								gentamicin	<=	2		
35756053	Table_2.XLSX	Sheet1	GN3F								ciprofloxacin	<=	0.5		
35756053	Table_2.XLSX	Sheet1	GN3F								piperacillin/tazobactam	<=	16/4		
35756053	Table_2.XLSX	Sheet1	GN3F								cefoxitin	<=	4		
35756053	Table_2.XLSX	Sheet1	GN3F								trimethoprim	<=	0.5/9.5		
35756053	Table_2.XLSX	Sheet1	GN3F								cefpodoxime	<=	2		
35756053	Table_2.XLSX	Sheet1	GN3F								ceftazidime	<=	1		
35756053	Table_2.XLSX	Sheet1	GN3F								tobramycin	<=	4		
35756053	Table_2.XLSX	Sheet1	GN3F								tigecycline	=	4		mic_sign '=' inferred
35756053	Table_2.XLSX	Sheet1	GN3F								ticarcillin/clavulanic acid	<=	16/2		
35756053	Table_2.XLSX	Sheet1	GN3F								ceftriaxone	<=	1		
35756053	Table_2.XLSX	Sheet1	GN3F								tetracycline	>	16		
35756053	Table_2.XLSX	Sheet1	GN3F								amikacin	<=	8		
35756053	Table_2.XLSX	Sheet1	GN3F								ampicillin	<=	4		
35756053	Table_2.XLSX	Sheet1	GN3F								ampicillin/sulbactam	<=	4/2		
35756053	Table_2.XLSX	Sheet1	GN3F								aztreonam	<=	4		
35756053	Table_2.XLSX	Sheet1	GN3F								cefazolin	=	8		mic_sign '=' inferred
35756053	Table_2.XLSX	Sheet1	GN3F								cefepime	<=	4		
35756053	Table_2.XLSX	Sheet1	GN3F								cephalothin	=	8		mic_sign '=' inferred
35756053	Table_2.XLSX	Sheet1	GN3F								meropenem	<=	1		
35756053	Table_2.XLSX	Sheet1	GN3F								ertapenem	<=	2		
35756053	Table_2.XLSX	Sheet1	GN3F								cefuroxime	<=	4		
35756053	Table_2.XLSX	Sheet1	GN3F								gentamicin	<=	2		
35756053	Table_2.XLSX	Sheet1	GN3F								ciprofloxacin	<=	0.5		
35756053	Table_2.XLSX	Sheet1	GN3F								piperacillin/tazobactam	<=	16/4		
35756053	Table_2.XLSX	Sheet1	GN3F								cefoxitin	<=	4		
35756053	Table_2.XLSX	Sheet1	GN3F								trimethoprim	<=	0.5/9.5		
35756053	Table_2.XLSX	Sheet1	GN3F								cefpodoxime	<=	2		
35756053	Table_2.XLSX	Sheet1	GN3F								ceftazidime	<=	1		
35756053	Table_2.XLSX	Sheet1	GN3F								tobramycin	<=	4		
35756053	Table_2.XLSX	Sheet1	GN3F								tigecycline	=	4		mic_sign '=' inferred
35756053	Table_2.XLSX	Sheet1	GN3F								ticarcillin/clavulanic acid	<=	16/2		
35756053	Table_2.XLSX	Sheet1	GN3F								ceftriaxone	<=	1		
35756053	Table_2.XLSX	Sheet1	GN3F								tetracycline	=	8		mic_sign '=' inferred
35756053	Table_2.XLSX	Sheet1	GN3F + FRCOL								amikacin	<=	8		
35756053	Table_2.XLSX	Sheet1	GN3F + FRCOL								ampicillin	>	32		
35756053	Table_2.XLSX	Sheet1	GN3F + FRCOL								ampicillin/sulbactam	<=	4/2		
35756053	Table_2.XLSX	Sheet1	GN3F + FRCOL								aztreonam	<=	4		
35756053	Table_2.XLSX	Sheet1	GN3F + FRCOL								cefazolin	<=	4		
35756053	Table_2.XLSX	Sheet1	GN3F + FRCOL								cefepime	<=	4		
35756053	Table_2.XLSX	Sheet1	GN3F + FRCOL								cephalothin	=	4		mic_sign '=' inferred
35756053	Table_2.XLSX	Sheet1	GN3F + FRCOL								meropenem	<=	1		
35756053	Table_2.XLSX	Sheet1	GN3F + FRCOL								ertapenem	<=	2		
35756053	Table_2.XLSX	Sheet1	GN3F + FRCOL								cefuroxime	<=	4		
35756053	Table_2.XLSX	Sheet1	GN3F + FRCOL								gentamicin	<=	2		
35756053	Table_2.XLSX	Sheet1	GN3F + FRCOL								ciprofloxacin	<=	0.5		
35756053	Table_2.XLSX	Sheet1	GN3F + FRCOL								piperacillin/tazobactam	<=	16/4		
35756053	Table_2.XLSX	Sheet1	GN3F + FRCOL								cefoxitin	<=	4		
35756053	Table_2.XLSX	Sheet1	GN3F + FRCOL								trimethoprim	<=	0.5/9.5		
35756053	Table_2.XLSX	Sheet1	GN3F + FRCOL								cefpodoxime	<=	2		
35756053	Table_2.XLSX	Sheet1	GN3F + FRCOL								ceftazidime	<=	1		
35756053	Table_2.XLSX	Sheet1	GN3F + FRCOL								tobramycin	<=	4		
35756053	Table_2.XLSX	Sheet1	GN3F + FRCOL								tigecycline	<=	1		
35756053	Table_2.XLSX	Sheet1	GN3F + FRCOL								ticarcillin/clavulanic acid	<=	16/2		
35756053	Table_2.XLSX	Sheet1	GN3F + FRCOL								ceftriaxone	<=	1		
35756053	Table_2.XLSX	Sheet1	GN3F + FRCOL								tetracycline	=	1		mic_sign '=' inferred
35756053	Table_2.XLSX	Sheet1	GN3F + FRCOL								colistin	=	0.5		mic_sign '=' inferred
35756053	Table_2.XLSX	Sheet1	GN3F + FRCOL								amikacin	<=	8		
35756053	Table_2.XLSX	Sheet1	GN3F + FRCOL								ampicillin	>	32		
35756053	Table_2.XLSX	Sheet1	GN3F + FRCOL								ampicillin/sulbactam	<=	4/2		
35756053	Table_2.XLSX	Sheet1	GN3F + FRCOL								aztreonam	<=	4		
35756053	Table_2.XLSX	Sheet1	GN3F + FRCOL								cefazolin	>	32		
35756053	Table_2.XLSX	Sheet1	GN3F + FRCOL								cefepime	<=	4		
35756053	Table_2.XLSX	Sheet1	GN3F + FRCOL								cephalothin	>	16		
35756053	Table_2.XLSX	Sheet1	GN3F + FRCOL								meropenem	<=	1		
35756053	Table_2.XLSX	Sheet1	GN3F + FRCOL								ertapenem	<=	2		
35756053	Table_2.XLSX	Sheet1	GN3F + FRCOL								cefuroxime	<=	4		
35756053	Table_2.XLSX	Sheet1	GN3F + FRCOL								gentamicin	<=	2		
35756053	Table_2.XLSX	Sheet1	GN3F + FRCOL								ciprofloxacin	<=	0.5		
35756053	Table_2.XLSX	Sheet1	GN3F + FRCOL								piperacillin/tazobactam	<=	16/4		
35756053	Table_2.XLSX	Sheet1	GN3F + FRCOL								cefoxitin	<=	4		
35756053	Table_2.XLSX	Sheet1	GN3F + FRCOL								trimethoprim	<=	0.5/9.5		
35756053	Table_2.XLSX	Sheet1	GN3F + FRCOL								cefpodoxime	<=	2		
35756053	Table_2.XLSX	Sheet1	GN3F + FRCOL								ceftazidime	<=	1		
35756053	Table_2.XLSX	Sheet1	GN3F + FRCOL								tobramycin	<=	4		
35756053	Table_2.XLSX	Sheet1	GN3F + FRCOL								tigecycline	<=	1		
35756053	Table_2.XLSX	Sheet1	GN3F + FRCOL								ticarcillin/clavulanic acid	<=	16/2		
35756053	Table_2.XLSX	Sheet1	GN3F + FRCOL								ceftriaxone	<=	1		
35756053	Table_2.XLSX	Sheet1	GN3F + FRCOL								tetracycline	<=	0.5		
35756053	Table_2.XLSX	Sheet1	GN3F + FRCOL								colistin	=	1		mic_sign '=' inferred
35756053	Table_2.XLSX	Sheet1	GN3F + FRCOL								amikacin	<=	8		
35756053	Table_2.XLSX	Sheet1	GN3F + FRCOL								ampicillin	>	32		
35756053	Table_2.XLSX	Sheet1	GN3F + FRCOL								ampicillin/sulbactam	=	8/4		mic_sign '=' inferred
35756053	Table_2.XLSX	Sheet1	GN3F + FRCOL								aztreonam	<=	4		
35756053	Table_2.XLSX	Sheet1	GN3F + FRCOL								cefazolin	>	32		
35756053	Table_2.XLSX	Sheet1	GN3F + FRCOL								cefepime	<=	4		
35756053	Table_2.XLSX	Sheet1	GN3F + FRCOL								cephalothin	>	16		
35756053	Table_2.XLSX	Sheet1	GN3F + FRCOL								meropenem	<=	1		
35756053	Table_2.XLSX	Sheet1	GN3F + FRCOL								ertapenem	<=	2		
35756053	Table_2.XLSX	Sheet1	GN3F + FRCOL								cefuroxime	=	16		mic_sign '=' inferred
35756053	Table_2.XLSX	Sheet1	GN3F + FRCOL								gentamicin	<=	2		
35756053	Table_2.XLSX	Sheet1	GN3F + FRCOL								ciprofloxacin	<=	0.5		
35756053	Table_2.XLSX	Sheet1	GN3F + FRCOL								piperacillin/tazobactam	<=	16/4		
35756053	Table_2.XLSX	Sheet1	GN3F + FRCOL								cefoxitin	=	8		mic_sign '=' inferred
35756053	Table_2.XLSX	Sheet1	GN3F + FRCOL								trimethoprim	<=	0.5/9.5		
35756053	Table_2.XLSX	Sheet1	GN3F + FRCOL								cefpodoxime	=	4		mic_sign '=' inferred
35756053	Table_2.XLSX	Sheet1	GN3F + FRCOL								ceftazidime	<=	1		
35756053	Table_2.XLSX	Sheet1	GN3F + FRCOL								tobramycin	<=	4		
35756053	Table_2.XLSX	Sheet1	GN3F + FRCOL								tigecycline	<=	1		
35756053	Table_2.XLSX	Sheet1	GN3F + FRCOL								ticarcillin/clavulanic acid	<=	16/2		
35756053	Table_2.XLSX	Sheet1	GN3F + FRCOL								ceftriaxone	<=	1		
35756053	Table_2.XLSX	Sheet1	GN3F + FRCOL								tetracycline	=	2		mic_sign '=' inferred
35756053	Table_2.XLSX	Sheet1	GN3F								amikacin	<=	8		
35756053	Table_2.XLSX	Sheet1	GN3F								ampicillin	>	32		
35756053	Table_2.XLSX	Sheet1	GN3F								ampicillin/sulbactam	<=	4/2		
35756053	Table_2.XLSX	Sheet1	GN3F								aztreonam	<=	4		
35756053	Table_2.XLSX	Sheet1	GN3F								cefazolin	>	32		
35756053	Table_2.XLSX	Sheet1	GN3F								cefepime	<=	4		
35756053	Table_2.XLSX	Sheet1	GN3F								cephalothin	>	16		
35756053	Table_2.XLSX	Sheet1	GN3F								meropenem	<=	1		
35756053	Table_2.XLSX	Sheet1	GN3F								ertapenem	<=	2		
35756053	Table_2.XLSX	Sheet1	GN3F								cefuroxime	<=	4		
35756053	Table_2.XLSX	Sheet1	GN3F								gentamicin	<=	2		
35756053	Table_2.XLSX	Sheet1	GN3F								ciprofloxacin	<=	0.5		
35756053	Table_2.XLSX	Sheet1	GN3F								piperacillin/tazobactam	<=	16/4		
35756053	Table_2.XLSX	Sheet1	GN3F								cefoxitin	<=	4		
35756053	Table_2.XLSX	Sheet1	GN3F								trimethoprim	<=	0.5/9.5		
35756053	Table_2.XLSX	Sheet1	GN3F								cefpodoxime	<=	2		
35756053	Table_2.XLSX	Sheet1	GN3F								ceftazidime	<=	1		
35756053	Table_2.XLSX	Sheet1	GN3F								tobramycin	<=	4		
35756053	Table_2.XLSX	Sheet1	GN3F								tigecycline	<=	1		
35756053	Table_2.XLSX	Sheet1	GN3F								ticarcillin/clavulanic acid	<=	16/2		
35756053	Table_2.XLSX	Sheet1	GN3F								ceftriaxone	<=	1		
35756053	Table_2.XLSX	Sheet1	GN3F								tetracycline	>	16		
35756053	Table_2.XLSX	Sheet1	GN3F								amikacin	<=	8		
35756053	Table_2.XLSX	Sheet1	GN3F								ampicillin	>	32		
35756053	Table_2.XLSX	Sheet1	GN3F								ampicillin/sulbactam	=	32/16		mic_sign '=' inferred
35756053	Table_2.XLSX	Sheet1	GN3F								aztreonam	<=	4		
35756053	Table_2.XLSX	Sheet1	GN3F								cefazolin	>	32		
35756053	Table_2.XLSX	Sheet1	GN3F								cefepime	<=	4		
35756053	Table_2.XLSX	Sheet1	GN3F								cephalothin	>	16		
35756053	Table_2.XLSX	Sheet1	GN3F								meropenem	<=	1		
35756053	Table_2.XLSX	Sheet1	GN3F								ertapenem	<=	2		
35756053	Table_2.XLSX	Sheet1	GN3F								cefuroxime	>	32		
35756053	Table_2.XLSX	Sheet1	GN3F								gentamicin	<=	2		
35756053	Table_2.XLSX	Sheet1	GN3F								ciprofloxacin	<=	0.5		
35756053	Table_2.XLSX	Sheet1	GN3F								piperacillin/tazobactam	<=	16/4		
35756053	Table_2.XLSX	Sheet1	GN3F								cefoxitin	>	32		
35756053	Table_2.XLSX	Sheet1	GN3F								trimethoprim	=	1/19		mic_sign '=' inferred
35756053	Table_2.XLSX	Sheet1	GN3F								cefpodoxime	=	8		mic_sign '=' inferred
35756053	Table_2.XLSX	Sheet1	GN3F								ceftazidime	<=	1		
35756053	Table_2.XLSX	Sheet1	GN3F								tobramycin	<=	4		
35756053	Table_2.XLSX	Sheet1	GN3F								tigecycline	<=	1		
35756053	Table_2.XLSX	Sheet1	GN3F								ticarcillin/clavulanic acid	<=	16/2		
35756053	Table_2.XLSX	Sheet1	GN3F								ceftriaxone	<=	1		
35756053	Table_2.XLSX	Sheet1	GN3F								tetracycline	>	16		
35756053	Table_2.XLSX	Sheet1	GN3F								amikacin	<=	8		
35756053	Table_2.XLSX	Sheet1	GN3F								ampicillin	=	8		mic_sign '=' inferred
35756053	Table_2.XLSX	Sheet1	GN3F								ampicillin/sulbactam	=	8/4		mic_sign '=' inferred
35756053	Table_2.XLSX	Sheet1	GN3F								aztreonam	<=	4		
35756053	Table_2.XLSX	Sheet1	GN3F								cefazolin	>	32		
35756053	Table_2.XLSX	Sheet1	GN3F								cefepime	<=	4		
35756053	Table_2.XLSX	Sheet1	GN3F								cephalothin	>	16		
35756053	Table_2.XLSX	Sheet1	GN3F								meropenem	<=	1		
35756053	Table_2.XLSX	Sheet1	GN3F								ertapenem	<=	2		
35756053	Table_2.XLSX	Sheet1	GN3F								cefuroxime	>	32		
35756053	Table_2.XLSX	Sheet1	GN3F								gentamicin	<=	2		
35756053	Table_2.XLSX	Sheet1	GN3F								ciprofloxacin	<=	0.5		
35756053	Table_2.XLSX	Sheet1	GN3F								piperacillin/tazobactam	<=	16/4		
35756053	Table_2.XLSX	Sheet1	GN3F								cefoxitin	=	8		mic_sign '=' inferred
35756053	Table_2.XLSX	Sheet1	GN3F								trimethoprim	<=	0.5/9.5		
35756053	Table_2.XLSX	Sheet1	GN3F								cefpodoxime	<=	2		
35756053	Table_2.XLSX	Sheet1	GN3F								ceftazidime	<=	1		
35756053	Table_2.XLSX	Sheet1	GN3F								tobramycin	<=	4		
35756053	Table_2.XLSX	Sheet1	GN3F								tigecycline	<=	1		
35756053	Table_2.XLSX	Sheet1	GN3F								ticarcillin/clavulanic acid	<=	16/2		
35756053	Table_2.XLSX	Sheet1	GN3F								ceftriaxone	<=	1		
35756053	Table_2.XLSX	Sheet1	GN3F								tetracycline	>	16		
35756053	Table_2.XLSX	Sheet1	GN3F + FRCOL								amikacin	<=	8		
35756053	Table_2.XLSX	Sheet1	GN3F + FRCOL								ampicillin	>	32		
35756053	Table_2.XLSX	Sheet1	GN3F + FRCOL								ampicillin/sulbactam	=	8/4		mic_sign '=' inferred
35756053	Table_2.XLSX	Sheet1	GN3F + FRCOL								aztreonam	<=	4		
35756053	Table_2.XLSX	Sheet1	GN3F + FRCOL								cefazolin	>	32		
35756053	Table_2.XLSX	Sheet1	GN3F + FRCOL								cefepime	<=	4		
35756053	Table_2.XLSX	Sheet1	GN3F + FRCOL								cephalothin	>	16		
35756053	Table_2.XLSX	Sheet1	GN3F + FRCOL								meropenem	<=	1		
35756053	Table_2.XLSX	Sheet1	GN3F + FRCOL								ertapenem	<=	2		
35756053	Table_2.XLSX	Sheet1	GN3F + FRCOL								cefuroxime	=	8		mic_sign '=' inferred
35756053	Table_2.XLSX	Sheet1	GN3F + FRCOL								gentamicin	<=	2		
35756053	Table_2.XLSX	Sheet1	GN3F + FRCOL								ciprofloxacin	<=	0.5		
35756053	Table_2.XLSX	Sheet1	GN3F + FRCOL								piperacillin/tazobactam	<=	16/4		
35756053	Table_2.XLSX	Sheet1	GN3F + FRCOL								cefoxitin	=	32		mic_sign '=' inferred
35756053	Table_2.XLSX	Sheet1	GN3F + FRCOL								trimethoprim	<=	0.5/9.5		
35756053	Table_2.XLSX	Sheet1	GN3F + FRCOL								cefpodoxime	=	4		mic_sign '=' inferred
35756053	Table_2.XLSX	Sheet1	GN3F + FRCOL								ceftazidime	<=	1		
35756053	Table_2.XLSX	Sheet1	GN3F + FRCOL								tobramycin	<=	4		
35756053	Table_2.XLSX	Sheet1	GN3F + FRCOL								tigecycline	<=	1		
35756053	Table_2.XLSX	Sheet1	GN3F + FRCOL								ticarcillin/clavulanic acid	<=	16/2		
35756053	Table_2.XLSX	Sheet1	GN3F + FRCOL								ceftriaxone	<=	1		
35756053	Table_2.XLSX	Sheet1	GN3F + FRCOL								tetracycline	=	2		mic_sign '=' inferred
35756053	Table_2.XLSX	Sheet1	GN3F + FRCOL								colistin	=	1		mic_sign '=' inferred
35756053	Table_2.XLSX	Sheet1	GN3F + FRCOL								amikacin	<=	8		
35756053	Table_2.XLSX	Sheet1	GN3F + FRCOL								ampicillin	>	32		
35756053	Table_2.XLSX	Sheet1	GN3F + FRCOL								ampicillin/sulbactam	=	32/16		mic_sign '=' inferred
35756053	Table_2.XLSX	Sheet1	GN3F + FRCOL								aztreonam	<=	4		
35756053	Table_2.XLSX	Sheet1	GN3F + FRCOL								cefazolin	<=	4		
35756053	Table_2.XLSX	Sheet1	GN3F + FRCOL								cefepime	<=	4		
35756053	Table_2.XLSX	Sheet1	GN3F + FRCOL								cephalothin	=	8		mic_sign '=' inferred
35756053	Table_2.XLSX	Sheet1	GN3F + FRCOL								meropenem	<=	1		
35756053	Table_2.XLSX	Sheet1	GN3F + FRCOL								ertapenem	<=	2		
35756053	Table_2.XLSX	Sheet1	GN3F + FRCOL								cefuroxime	<=	4		
35756053	Table_2.XLSX	Sheet1	GN3F + FRCOL								gentamicin	<=	2		
35756053	Table_2.XLSX	Sheet1	GN3F + FRCOL								ciprofloxacin	<=	0.5		
35756053	Table_2.XLSX	Sheet1	GN3F + FRCOL								piperacillin/tazobactam	<=	16/4		
35756053	Table_2.XLSX	Sheet1	GN3F + FRCOL								cefoxitin	<=	4		
35756053	Table_2.XLSX	Sheet1	GN3F + FRCOL								trimethoprim	<=	0.5/9.5		
35756053	Table_2.XLSX	Sheet1	GN3F + FRCOL								cefpodoxime	<=	2		
35756053	Table_2.XLSX	Sheet1	GN3F + FRCOL								ceftazidime	<=	1		
35756053	Table_2.XLSX	Sheet1	GN3F + FRCOL								tobramycin	<=	4		
35756053	Table_2.XLSX	Sheet1	GN3F + FRCOL								tigecycline	<=	1		
35756053	Table_2.XLSX	Sheet1	GN3F + FRCOL								ticarcillin/clavulanic acid	=	32/2		mic_sign '=' inferred
35756053	Table_2.XLSX	Sheet1	GN3F + FRCOL								ceftriaxone	<=	1		
35756053	Table_2.XLSX	Sheet1	GN3F + FRCOL								tetracycline	>	16		
35756053	Table_2.XLSX	Sheet1	GN3F + FRCOL								colistin	=	2		mic_sign '=' inferred
35756053	Table_2.XLSX	Sheet1	GN3F + FRCOL								amikacin	<=	8		
35756053	Table_2.XLSX	Sheet1	GN3F + FRCOL								ampicillin	>	32		
35756053	Table_2.XLSX	Sheet1	GN3F + FRCOL								ampicillin/sulbactam	>	32/16		
35756053	Table_2.XLSX	Sheet1	GN3F + FRCOL								aztreonam	<=	4		
35756053	Table_2.XLSX	Sheet1	GN3F + FRCOL								cefazolin	>	32		
35756053	Table_2.XLSX	Sheet1	GN3F + FRCOL								cefepime	<=	4		
35756053	Table_2.XLSX	Sheet1	GN3F + FRCOL								cephalothin	>	16		
35756053	Table_2.XLSX	Sheet1	GN3F + FRCOL								meropenem	=	2		mic_sign '=' inferred
35756053	Table_2.XLSX	Sheet1	GN3F + FRCOL								ertapenem	=	16		mic_sign '=' inferred
35756053	Table_2.XLSX	Sheet1	GN3F + FRCOL								cefuroxime	>	32		
35756053	Table_2.XLSX	Sheet1	GN3F + FRCOL								gentamicin	<=	2		
35756053	Table_2.XLSX	Sheet1	GN3F + FRCOL								ciprofloxacin	<=	0.5		
35756053	Table_2.XLSX	Sheet1	GN3F + FRCOL								piperacillin/tazobactam	<=	16/4		
35756053	Table_2.XLSX	Sheet1	GN3F + FRCOL								cefoxitin	>	32		
35756053	Table_2.XLSX	Sheet1	GN3F + FRCOL								trimethoprim	>	4/76		
35756053	Table_2.XLSX	Sheet1	GN3F + FRCOL								cefpodoxime	>	16		
35756053	Table_2.XLSX	Sheet1	GN3F + FRCOL								ceftazidime	=	2		mic_sign '=' inferred
35756053	Table_2.XLSX	Sheet1	GN3F + FRCOL								tobramycin	<=	4		
35756053	Table_2.XLSX	Sheet1	GN3F + FRCOL								tigecycline	=	8		mic_sign '=' inferred
35756053	Table_2.XLSX	Sheet1	GN3F + FRCOL								ticarcillin/clavulanic acid	=	32/2		mic_sign '=' inferred
35756053	Table_2.XLSX	Sheet1	GN3F + FRCOL								ceftriaxone	=	32		mic_sign '=' inferred
35756053	Table_2.XLSX	Sheet1	GN3F + FRCOL								tetracycline	>	16		
35756053	Table_2.XLSX	Sheet1	GN3F + FRCOL								colistin	<=	1		
35756053	Table_2.XLSX	Sheet1	GN3F + FRCOL								amikacin	<=	8		
35756053	Table_2.XLSX	Sheet1	GN3F + FRCOL								ampicillin	>	32		
35756053	Table_2.XLSX	Sheet1	GN3F + FRCOL								ampicillin/sulbactam	>	32/16		
35756053	Table_2.XLSX	Sheet1	GN3F + FRCOL								aztreonam	<=	4		
35756053	Table_2.XLSX	Sheet1	GN3F + FRCOL								cefazolin	>	32		
35756053	Table_2.XLSX	Sheet1	GN3F + FRCOL								cefepime	<=	4		
35756053	Table_2.XLSX	Sheet1	GN3F + FRCOL								cephalothin	>	16		
35756053	Table_2.XLSX	Sheet1	GN3F + FRCOL								meropenem	<=	1		
35756053	Table_2.XLSX	Sheet1	GN3F + FRCOL								ertapenem	=	8		mic_sign '=' inferred
35756053	Table_2.XLSX	Sheet1	GN3F + FRCOL								cefuroxime	>	32		
35756053	Table_2.XLSX	Sheet1	GN3F + FRCOL								gentamicin	<=	2		
35756053	Table_2.XLSX	Sheet1	GN3F + FRCOL								ciprofloxacin	<=	0.5		
35756053	Table_2.XLSX	Sheet1	GN3F + FRCOL								piperacillin/tazobactam	<=	16/4		
35756053	Table_2.XLSX	Sheet1	GN3F + FRCOL								cefoxitin	>	32		
35756053	Table_2.XLSX	Sheet1	GN3F + FRCOL								trimethoprim	>	4/76		
35756053	Table_2.XLSX	Sheet1	GN3F + FRCOL								cefpodoxime	>	16		
35756053	Table_2.XLSX	Sheet1	GN3F + FRCOL								ceftazidime	=	2		mic_sign '=' inferred
35756053	Table_2.XLSX	Sheet1	GN3F + FRCOL								tobramycin	<=	4		
35756053	Table_2.XLSX	Sheet1	GN3F + FRCOL								tigecycline	=	8		mic_sign '=' inferred
35756053	Table_2.XLSX	Sheet1	GN3F + FRCOL								ticarcillin/clavulanic acid	=	32/2		mic_sign '=' inferred
35756053	Table_2.XLSX	Sheet1	GN3F + FRCOL								ceftriaxone	>	64		
35756053	Table_2.XLSX	Sheet1	GN3F + FRCOL								tetracycline	>	16		
35756053	Table_2.XLSX	Sheet1	GN3F + FRCOL								colistin	=	0.5		mic_sign '=' inferred
35756053	Table_2.XLSX	Sheet1	GN3F + FRCOL								amikacin	<=	8		
35756053	Table_2.XLSX	Sheet1	GN3F + FRCOL								ampicillin	>	32		
35756053	Table_2.XLSX	Sheet1	GN3F + FRCOL								ampicillin/sulbactam	>	32/16		
35756053	Table_2.XLSX	Sheet1	GN3F + FRCOL								aztreonam	=	16		mic_sign '=' inferred
35756053	Table_2.XLSX	Sheet1	GN3F + FRCOL								cefazolin	>	32		
35756053	Table_2.XLSX	Sheet1	GN3F + FRCOL								cefepime	<=	4		
35756053	Table_2.XLSX	Sheet1	GN3F + FRCOL								cephalothin	>	16		
35756053	Table_2.XLSX	Sheet1	GN3F + FRCOL								meropenem	=	8		mic_sign '=' inferred
35756053	Table_2.XLSX	Sheet1	GN3F + FRCOL								ertapenem	>	16		
35756053	Table_2.XLSX	Sheet1	GN3F + FRCOL								cefuroxime	>	32		
35756053	Table_2.XLSX	Sheet1	GN3F + FRCOL								gentamicin	<=	2		
35756053	Table_2.XLSX	Sheet1	GN3F + FRCOL								ciprofloxacin	=	1		mic_sign '=' inferred
35756053	Table_2.XLSX	Sheet1	GN3F + FRCOL								piperacillin/tazobactam	<=	16/4		
35756053	Table_2.XLSX	Sheet1	GN3F + FRCOL								cefoxitin	>	32		
35756053	Table_2.XLSX	Sheet1	GN3F + FRCOL								trimethoprim	>	4/76		
35756053	Table_2.XLSX	Sheet1	GN3F + FRCOL								cefpodoxime	>	16		
35756053	Table_2.XLSX	Sheet1	GN3F + FRCOL								ceftazidime	=	4		mic_sign '=' inferred
35756053	Table_2.XLSX	Sheet1	GN3F + FRCOL								tobramycin	<=	4		
35756053	Table_2.XLSX	Sheet1	GN3F + FRCOL								tigecycline	>	8		
35756053	Table_2.XLSX	Sheet1	GN3F + FRCOL								ticarcillin/clavulanic acid	>	64/2		
35756053	Table_2.XLSX	Sheet1	GN3F + FRCOL								ceftriaxone	=	64		mic_sign '=' inferred
35756053	Table_2.XLSX	Sheet1	GN3F + FRCOL								tetracycline	>	16		
35756053	Table_2.XLSX	Sheet1	GN3F + FRCOL								colistin	=	1		mic_sign '=' inferred
35756053	Table_2.XLSX	Sheet1	GN3F + FRCOL								amikacin	<=	8		
35756053	Table_2.XLSX	Sheet1	GN3F + FRCOL								ampicillin	>	32		
35756053	Table_2.XLSX	Sheet1	GN3F + FRCOL								ampicillin/sulbactam	>	32/16		
35756053	Table_2.XLSX	Sheet1	GN3F + FRCOL								aztreonam	=	8		mic_sign '=' inferred
35756053	Table_2.XLSX	Sheet1	GN3F + FRCOL								cefazolin	>	32		
35756053	Table_2.XLSX	Sheet1	GN3F + FRCOL								cefepime	<=	4		
35756053	Table_2.XLSX	Sheet1	GN3F + FRCOL								cephalothin	>	16		
35756053	Table_2.XLSX	Sheet1	GN3F + FRCOL								meropenem	<=	1		
35756053	Table_2.XLSX	Sheet1	GN3F + FRCOL								ertapenem	<=	2		
35756053	Table_2.XLSX	Sheet1	GN3F + FRCOL								cefuroxime	>	32		
35756053	Table_2.XLSX	Sheet1	GN3F + FRCOL								gentamicin	<=	2		
35756053	Table_2.XLSX	Sheet1	GN3F + FRCOL								ciprofloxacin	<=	0.5		
35756053	Table_2.XLSX	Sheet1	GN3F + FRCOL								piperacillin/tazobactam	<=	16/4		
35756053	Table_2.XLSX	Sheet1	GN3F + FRCOL								cefoxitin	>	32		
35756053	Table_2.XLSX	Sheet1	GN3F + FRCOL								trimethoprim	>	4/76		
35756053	Table_2.XLSX	Sheet1	GN3F + FRCOL								cefpodoxime	>	16		
35756053	Table_2.XLSX	Sheet1	GN3F + FRCOL								ceftazidime	=	8		mic_sign '=' inferred
35756053	Table_2.XLSX	Sheet1	GN3F + FRCOL								tobramycin	<=	4		
35756053	Table_2.XLSX	Sheet1	GN3F + FRCOL								tigecycline	=	8		mic_sign '=' inferred
35756053	Table_2.XLSX	Sheet1	GN3F + FRCOL								ticarcillin/clavulanic acid	=	32/2		mic_sign '=' inferred
35756053	Table_2.XLSX	Sheet1	GN3F + FRCOL								ceftriaxone	>	64		
35756053	Table_2.XLSX	Sheet1	GN3F + FRCOL								tetracycline	>	16		
35756053	Table_2.XLSX	Sheet1	GN3F + FRCOL								colistin	=	1		mic_sign '=' inferred
35756053	Table_2.XLSX	Sheet1	GN3F + FRCOL								amikacin	<=	8		
35756053	Table_2.XLSX	Sheet1	GN3F + FRCOL								ampicillin	>	32		
35756053	Table_2.XLSX	Sheet1	GN3F + FRCOL								ampicillin/sulbactam	>	32/16		
35756053	Table_2.XLSX	Sheet1	GN3F + FRCOL								aztreonam	=	8		mic_sign '=' inferred
35756053	Table_2.XLSX	Sheet1	GN3F + FRCOL								cefazolin	>	32		
35756053	Table_2.XLSX	Sheet1	GN3F + FRCOL								cefepime	<=	4		
35756053	Table_2.XLSX	Sheet1	GN3F + FRCOL								cephalothin	>	16		
35756053	Table_2.XLSX	Sheet1	GN3F + FRCOL								meropenem	<=	1		
35756053	Table_2.XLSX	Sheet1	GN3F + FRCOL								ertapenem	=	8		mic_sign '=' inferred
35756053	Table_2.XLSX	Sheet1	GN3F + FRCOL								cefuroxime	>	32		
35756053	Table_2.XLSX	Sheet1	GN3F + FRCOL								gentamicin	<=	2		
35756053	Table_2.XLSX	Sheet1	GN3F + FRCOL								ciprofloxacin	<=	0.5		
35756053	Table_2.XLSX	Sheet1	GN3F + FRCOL								piperacillin/tazobactam	<=	16/4		
35756053	Table_2.XLSX	Sheet1	GN3F + FRCOL								cefoxitin	>	32		
35756053	Table_2.XLSX	Sheet1	GN3F + FRCOL								trimethoprim	>	4/76		
35756053	Table_2.XLSX	Sheet1	GN3F + FRCOL								cefpodoxime	>	16		
35756053	Table_2.XLSX	Sheet1	GN3F + FRCOL								ceftazidime	=	4		mic_sign '=' inferred
35756053	Table_2.XLSX	Sheet1	GN3F + FRCOL								tobramycin	<=	4		
35756053	Table_2.XLSX	Sheet1	GN3F + FRCOL								tigecycline	=	8		mic_sign '=' inferred
35756053	Table_2.XLSX	Sheet1	GN3F + FRCOL								ticarcillin/clavulanic acid	=	64/2		mic_sign '=' inferred
35756053	Table_2.XLSX	Sheet1	GN3F + FRCOL								ceftriaxone	>	64		
35756053	Table_2.XLSX	Sheet1	GN3F + FRCOL								tetracycline	=	16		mic_sign '=' inferred
35756053	Table_2.XLSX	Sheet1	GN3F + FRCOL								colistin	=	1		mic_sign '=' inferred
35756053	Table_2.XLSX	Sheet1	GN3F + FRCOL								amikacin	<=	8		
35756053	Table_2.XLSX	Sheet1	GN3F + FRCOL								ampicillin	>	32		
35756053	Table_2.XLSX	Sheet1	GN3F + FRCOL								ampicillin/sulbactam	>	32/16		
35756053	Table_2.XLSX	Sheet1	GN3F + FRCOL								aztreonam	<=	4		
35756053	Table_2.XLSX	Sheet1	GN3F + FRCOL								cefazolin	>	32		
35756053	Table_2.XLSX	Sheet1	GN3F + FRCOL								cefepime	=	8		mic_sign '=' inferred
35756053	Table_2.XLSX	Sheet1	GN3F + FRCOL								cephalothin	>	16		
35756053	Table_2.XLSX	Sheet1	GN3F + FRCOL								meropenem	=	4		mic_sign '=' inferred
35756053	Table_2.XLSX	Sheet1	GN3F + FRCOL								ertapenem	>	16		
35756053	Table_2.XLSX	Sheet1	GN3F + FRCOL								cefuroxime	>	32		
35756053	Table_2.XLSX	Sheet1	GN3F + FRCOL								gentamicin	<=	2		
35756053	Table_2.XLSX	Sheet1	GN3F + FRCOL								ciprofloxacin	>	4		
35756053	Table_2.XLSX	Sheet1	GN3F + FRCOL								piperacillin/tazobactam	<=	16/4		
35756053	Table_2.XLSX	Sheet1	GN3F + FRCOL								cefoxitin	>	32		
35756053	Table_2.XLSX	Sheet1	GN3F + FRCOL								trimethoprim	>	4/76		
35756053	Table_2.XLSX	Sheet1	GN3F + FRCOL								cefpodoxime	>	16		
35756053	Table_2.XLSX	Sheet1	GN3F + FRCOL								ceftazidime	=	2		mic_sign '=' inferred
35756053	Table_2.XLSX	Sheet1	GN3F + FRCOL								tobramycin	<=	4		
35756053	Table_2.XLSX	Sheet1	GN3F + FRCOL								tigecycline	>	8		
35756053	Table_2.XLSX	Sheet1	GN3F + FRCOL								ticarcillin/clavulanic acid	=	32/2		mic_sign '=' inferred
35756053	Table_2.XLSX	Sheet1	GN3F + FRCOL								ceftriaxone	=	32		mic_sign '=' inferred
35756053	Table_2.XLSX	Sheet1	GN3F + FRCOL								tetracycline	>	16		
35756053	Table_2.XLSX	Sheet1	GN3F + FRCOL								colistin	=	1		mic_sign '=' inferred
35756053	Table_2.XLSX	Sheet1	GN3F + FRCOL								amikacin	<=	8		
35756053	Table_2.XLSX	Sheet1	GN3F + FRCOL								ampicillin	>	32		
35756053	Table_2.XLSX	Sheet1	GN3F + FRCOL								ampicillin/sulbactam	>	32/16		
35756053	Table_2.XLSX	Sheet1	GN3F + FRCOL								aztreonam	=	8		mic_sign '=' inferred
35756053	Table_2.XLSX	Sheet1	GN3F + FRCOL								cefazolin	>	32		
35756053	Table_2.XLSX	Sheet1	GN3F + FRCOL								cefepime	=	16		mic_sign '=' inferred
35756053	Table_2.XLSX	Sheet1	GN3F + FRCOL								cephalothin	>	16		
35756053	Table_2.XLSX	Sheet1	GN3F + FRCOL								meropenem	<=	1		
35756053	Table_2.XLSX	Sheet1	GN3F + FRCOL								ertapenem	<=	2		
35756053	Table_2.XLSX	Sheet1	GN3F + FRCOL								cefuroxime	>	32		
35756053	Table_2.XLSX	Sheet1	GN3F + FRCOL								gentamicin	<=	2		
35756053	Table_2.XLSX	Sheet1	GN3F + FRCOL								ciprofloxacin	<=	0.5		
35756053	Table_2.XLSX	Sheet1	GN3F + FRCOL								piperacillin/tazobactam	<=	16/4		
35756053	Table_2.XLSX	Sheet1	GN3F + FRCOL								cefoxitin	>	32		
35756053	Table_2.XLSX	Sheet1	GN3F + FRCOL								trimethoprim	>	4/76		
35756053	Table_2.XLSX	Sheet1	GN3F + FRCOL								cefpodoxime	>	16		
35756053	Table_2.XLSX	Sheet1	GN3F + FRCOL								ceftazidime	=	4		mic_sign '=' inferred
35756053	Table_2.XLSX	Sheet1	GN3F + FRCOL								tobramycin	<=	4		
35756053	Table_2.XLSX	Sheet1	GN3F + FRCOL								tigecycline	=	8		mic_sign '=' inferred
35756053	Table_2.XLSX	Sheet1	GN3F + FRCOL								ticarcillin/clavulanic acid	=	64/2		mic_sign '=' inferred
35756053	Table_2.XLSX	Sheet1	GN3F + FRCOL								ceftriaxone	=	16		mic_sign '=' inferred
35756053	Table_2.XLSX	Sheet1	GN3F + FRCOL								tetracycline	=	16		mic_sign '=' inferred
35756053	Table_2.XLSX	Sheet1	GN3F + FRCOL								colistin	=	0.5		mic_sign '=' inferred
35756053	Table_2.XLSX	Sheet1	GN3F + FRCOL								amikacin	<=	8		
35756053	Table_2.XLSX	Sheet1	GN3F + FRCOL								ampicillin	>	32		
35756053	Table_2.XLSX	Sheet1	GN3F + FRCOL								ampicillin/sulbactam	>	32/16		
35756053	Table_2.XLSX	Sheet1	GN3F + FRCOL								aztreonam	=	8		mic_sign '=' inferred
35756053	Table_2.XLSX	Sheet1	GN3F + FRCOL								cefazolin	>	32		
35756053	Table_2.XLSX	Sheet1	GN3F + FRCOL								cefepime	<=	4		
35756053	Table_2.XLSX	Sheet1	GN3F + FRCOL								cephalothin	>	16		
35756053	Table_2.XLSX	Sheet1	GN3F + FRCOL								meropenem	<=	1		
35756053	Table_2.XLSX	Sheet1	GN3F + FRCOL								ertapenem	<=	2		
35756053	Table_2.XLSX	Sheet1	GN3F + FRCOL								cefuroxime	>	32		
35756053	Table_2.XLSX	Sheet1	GN3F + FRCOL								gentamicin	=	4		mic_sign '=' inferred
35756053	Table_2.XLSX	Sheet1	GN3F + FRCOL								ciprofloxacin	<=	0.5		
35756053	Table_2.XLSX	Sheet1	GN3F + FRCOL								piperacillin/tazobactam	=	32/4		mic_sign '=' inferred
35756053	Table_2.XLSX	Sheet1	GN3F + FRCOL								cefoxitin	>	32		
35756053	Table_2.XLSX	Sheet1	GN3F + FRCOL								trimethoprim	<=	0.5/9.5		
35756053	Table_2.XLSX	Sheet1	GN3F + FRCOL								cefpodoxime	>	16		
35756053	Table_2.XLSX	Sheet1	GN3F + FRCOL								ceftazidime	=	8		mic_sign '=' inferred
35756053	Table_2.XLSX	Sheet1	GN3F + FRCOL								tobramycin	<=	4		
35756053	Table_2.XLSX	Sheet1	GN3F + FRCOL								tigecycline	=	4		mic_sign '=' inferred
35756053	Table_2.XLSX	Sheet1	GN3F + FRCOL								ticarcillin/clavulanic acid	=	32/2		mic_sign '=' inferred
35756053	Table_2.XLSX	Sheet1	GN3F + FRCOL								ceftriaxone	>	64		
35756053	Table_2.XLSX	Sheet1	GN3F + FRCOL								tetracycline	=	8		mic_sign '=' inferred
35756053	Table_2.XLSX	Sheet1	GN3F + FRCOL								colistin	=	0.5		mic_sign '=' inferred
35756053	Table_2.XLSX	Sheet1	GN3F + FRCOL								amikacin	<=	8		
35756053	Table_2.XLSX	Sheet1	GN3F + FRCOL								ampicillin	>	32		
35756053	Table_2.XLSX	Sheet1	GN3F + FRCOL								ampicillin/sulbactam	>	32/16		
35756053	Table_2.XLSX	Sheet1	GN3F + FRCOL								aztreonam	=	8		mic_sign '=' inferred
35756053	Table_2.XLSX	Sheet1	GN3F + FRCOL								cefazolin	>	32		
35756053	Table_2.XLSX	Sheet1	GN3F + FRCOL								cefepime	=	8		mic_sign '=' inferred
35756053	Table_2.XLSX	Sheet1	GN3F + FRCOL								cephalothin	>	16		
35756053	Table_2.XLSX	Sheet1	GN3F + FRCOL								meropenem	<=	1		
35756053	Table_2.XLSX	Sheet1	GN3F + FRCOL								ertapenem	<=	2		
35756053	Table_2.XLSX	Sheet1	GN3F + FRCOL								cefuroxime	>	32		
35756053	Table_2.XLSX	Sheet1	GN3F + FRCOL								gentamicin	=	4		mic_sign '=' inferred
35756053	Table_2.XLSX	Sheet1	GN3F + FRCOL								ciprofloxacin	<=	0.5		
35756053	Table_2.XLSX	Sheet1	GN3F + FRCOL								piperacillin/tazobactam	<=	16/4		
35756053	Table_2.XLSX	Sheet1	GN3F + FRCOL								cefoxitin	>	32		
35756053	Table_2.XLSX	Sheet1	GN3F + FRCOL								trimethoprim	>	4/76		
35756053	Table_2.XLSX	Sheet1	GN3F + FRCOL								cefpodoxime	>	16		
35756053	Table_2.XLSX	Sheet1	GN3F + FRCOL								ceftazidime	=	4		mic_sign '=' inferred
35756053	Table_2.XLSX	Sheet1	GN3F + FRCOL								tobramycin	<=	4		
35756053	Table_2.XLSX	Sheet1	GN3F + FRCOL								tigecycline	>	8		
35756053	Table_2.XLSX	Sheet1	GN3F + FRCOL								ticarcillin/clavulanic acid	=	32/2		mic_sign '=' inferred
35756053	Table_2.XLSX	Sheet1	GN3F + FRCOL								ceftriaxone	=	16		mic_sign '=' inferred
35756053	Table_2.XLSX	Sheet1	GN3F + FRCOL								tetracycline	>	16		
35756053	Table_2.XLSX	Sheet1	GN3F + FRCOL								colistin	=	1		mic_sign '=' inferred
35756053	Table_2.XLSX	Sheet1	GN3F + FRCOL								amikacin	<=	8		
35756053	Table_2.XLSX	Sheet1	GN3F + FRCOL								ampicillin	>	32		
35756053	Table_2.XLSX	Sheet1	GN3F + FRCOL								ampicillin/sulbactam	>	32/16		
35756053	Table_2.XLSX	Sheet1	GN3F + FRCOL								aztreonam	<=	4		
35756053	Table_2.XLSX	Sheet1	GN3F + FRCOL								cefazolin	>	32		
35756053	Table_2.XLSX	Sheet1	GN3F + FRCOL								cefepime	=	8		mic_sign '=' inferred
35756053	Table_2.XLSX	Sheet1	GN3F + FRCOL								cephalothin	>	16		
35756053	Table_2.XLSX	Sheet1	GN3F + FRCOL								meropenem	<=	1		
35756053	Table_2.XLSX	Sheet1	GN3F + FRCOL								ertapenem	<=	2		
35756053	Table_2.XLSX	Sheet1	GN3F + FRCOL								cefuroxime	>	32		
35756053	Table_2.XLSX	Sheet1	GN3F + FRCOL								gentamicin	<=	2		
35756053	Table_2.XLSX	Sheet1	GN3F + FRCOL								ciprofloxacin	=	2		mic_sign '=' inferred
35756053	Table_2.XLSX	Sheet1	GN3F + FRCOL								piperacillin/tazobactam	<=	16/4		
35756053	Table_2.XLSX	Sheet1	GN3F + FRCOL								cefoxitin	>	32		
35756053	Table_2.XLSX	Sheet1	GN3F + FRCOL								trimethoprim	>	4/76		
35756053	Table_2.XLSX	Sheet1	GN3F + FRCOL								cefpodoxime	>	16		
35756053	Table_2.XLSX	Sheet1	GN3F + FRCOL								ceftazidime	<=	1		
35756053	Table_2.XLSX	Sheet1	GN3F + FRCOL								tobramycin	<=	4		
35756053	Table_2.XLSX	Sheet1	GN3F + FRCOL								tigecycline	=	4		mic_sign '=' inferred
35756053	Table_2.XLSX	Sheet1	GN3F + FRCOL								ticarcillin/clavulanic acid	<=	16/2		
35756053	Table_2.XLSX	Sheet1	GN3F + FRCOL								ceftriaxone	=	64		mic_sign '=' inferred
35756053	Table_2.XLSX	Sheet1	GN3F + FRCOL								tetracycline	>	16		
35756053	Table_2.XLSX	Sheet1	GN3F + FRCOL								colistin	=	1		mic_sign '=' inferred
35756053	Table_2.XLSX	Sheet1	GN3F + FRCOL								amikacin	<=	8		
35756053	Table_2.XLSX	Sheet1	GN3F + FRCOL								ampicillin	>	32		
35756053	Table_2.XLSX	Sheet1	GN3F + FRCOL								ampicillin/sulbactam	>	32/16		
35756053	Table_2.XLSX	Sheet1	GN3F + FRCOL								aztreonam	>	32		
35756053	Table_2.XLSX	Sheet1	GN3F + FRCOL								cefazolin	>	32		
35756053	Table_2.XLSX	Sheet1	GN3F + FRCOL								cefepime	<=	4		
35756053	Table_2.XLSX	Sheet1	GN3F + FRCOL								cephalothin	>	16		
35756053	Table_2.XLSX	Sheet1	GN3F + FRCOL								meropenem	<=	1		
35756053	Table_2.XLSX	Sheet1	GN3F + FRCOL								ertapenem	=	8		mic_sign '=' inferred
35756053	Table_2.XLSX	Sheet1	GN3F + FRCOL								cefuroxime	>	32		
35756053	Table_2.XLSX	Sheet1	GN3F + FRCOL								gentamicin	<=	2		
35756053	Table_2.XLSX	Sheet1	GN3F + FRCOL								ciprofloxacin	<=	0.5		
35756053	Table_2.XLSX	Sheet1	GN3F + FRCOL								piperacillin/tazobactam	<=	16/4		
35756053	Table_2.XLSX	Sheet1	GN3F + FRCOL								cefoxitin	>	32		
35756053	Table_2.XLSX	Sheet1	GN3F + FRCOL								trimethoprim	>	4/76		
35756053	Table_2.XLSX	Sheet1	GN3F + FRCOL								cefpodoxime	>	16		
35756053	Table_2.XLSX	Sheet1	GN3F + FRCOL								ceftazidime	<=	1		
35756053	Table_2.XLSX	Sheet1	GN3F + FRCOL								tobramycin	<=	4		
35756053	Table_2.XLSX	Sheet1	GN3F + FRCOL								tigecycline	<=	1		
35756053	Table_2.XLSX	Sheet1	GN3F + FRCOL								ticarcillin/clavulanic acid	<=	16/2		
35756053	Table_2.XLSX	Sheet1	GN3F + FRCOL								ceftriaxone	=	8		mic_sign '=' inferred
35756053	Table_2.XLSX	Sheet1	GN3F + FRCOL								tetracycline	=	4		mic_sign '=' inferred
35756053	Table_2.XLSX	Sheet1	GN3F + FRCOL								colistin	=	2		mic_sign '=' inferred
35756053	Table_2.XLSX	Sheet1	GN3F + FRCOL								amikacin	<=	8		
35756053	Table_2.XLSX	Sheet1	GN3F + FRCOL								ampicillin	>	32		
35756053	Table_2.XLSX	Sheet1	GN3F + FRCOL								ampicillin/sulbactam	>	32/16		
35756053	Table_2.XLSX	Sheet1	GN3F + FRCOL								aztreonam	<=	4		
35756053	Table_2.XLSX	Sheet1	GN3F + FRCOL								cefazolin	>	32		
35756053	Table_2.XLSX	Sheet1	GN3F + FRCOL								cefepime	=	8		mic_sign '=' inferred
35756053	Table_2.XLSX	Sheet1	GN3F + FRCOL								cephalothin	>	16		
35756053	Table_2.XLSX	Sheet1	GN3F + FRCOL								meropenem	<=	1		
35756053	Table_2.XLSX	Sheet1	GN3F + FRCOL								ertapenem	<=	2		
35756053	Table_2.XLSX	Sheet1	GN3F + FRCOL								cefuroxime	>	32		
35756053	Table_2.XLSX	Sheet1	GN3F + FRCOL								gentamicin	<=	2		
35756053	Table_2.XLSX	Sheet1	GN3F + FRCOL								ciprofloxacin	<=	0.5		
35756053	Table_2.XLSX	Sheet1	GN3F + FRCOL								piperacillin/tazobactam	<=	16/4		
35756053	Table_2.XLSX	Sheet1	GN3F + FRCOL								cefoxitin	>	32		
35756053	Table_2.XLSX	Sheet1	GN3F + FRCOL								trimethoprim	>	4/76		
35756053	Table_2.XLSX	Sheet1	GN3F + FRCOL								cefpodoxime	>	16		
35756053	Table_2.XLSX	Sheet1	GN3F + FRCOL								ceftazidime	=	2		mic_sign '=' inferred
35756053	Table_2.XLSX	Sheet1	GN3F + FRCOL								tobramycin	<=	4		
35756053	Table_2.XLSX	Sheet1	GN3F + FRCOL								tigecycline	>	8		
35756053	Table_2.XLSX	Sheet1	GN3F + FRCOL								ticarcillin/clavulanic acid	=	32/2		mic_sign '=' inferred
35756053	Table_2.XLSX	Sheet1	GN3F + FRCOL								ceftriaxone	=	64		mic_sign '=' inferred
35756053	Table_2.XLSX	Sheet1	GN3F + FRCOL								tetracycline	>	16		
35756053	Table_2.XLSX	Sheet1	GN3F + FRCOL								colistin	=	1		mic_sign '=' inferred
35756053	Table_2.XLSX	Sheet1	GN3F + FRCOL								amikacin	<=	8		
35756053	Table_2.XLSX	Sheet1	GN3F + FRCOL								ampicillin	>	32		
35756053	Table_2.XLSX	Sheet1	GN3F + FRCOL								ampicillin/sulbactam	>	32/16		
35756053	Table_2.XLSX	Sheet1	GN3F + FRCOL								aztreonam	=	8		mic_sign '=' inferred
35756053	Table_2.XLSX	Sheet1	GN3F + FRCOL								cefazolin	>	32		
35756053	Table_2.XLSX	Sheet1	GN3F + FRCOL								cefepime	<=	4		
35756053	Table_2.XLSX	Sheet1	GN3F + FRCOL								cephalothin	>	16		
35756053	Table_2.XLSX	Sheet1	GN3F + FRCOL								meropenem	<=	1		
35756053	Table_2.XLSX	Sheet1	GN3F + FRCOL								ertapenem	=	4		mic_sign '=' inferred
35756053	Table_2.XLSX	Sheet1	GN3F + FRCOL								cefuroxime	>	32		
35756053	Table_2.XLSX	Sheet1	GN3F + FRCOL								gentamicin	<=	2		
35756053	Table_2.XLSX	Sheet1	GN3F + FRCOL								ciprofloxacin	<=	0.5		
35756053	Table_2.XLSX	Sheet1	GN3F + FRCOL								piperacillin/tazobactam	<=	16/4		
35756053	Table_2.XLSX	Sheet1	GN3F + FRCOL								cefoxitin	>	32		
35756053	Table_2.XLSX	Sheet1	GN3F + FRCOL								trimethoprim	>	4/76		
35756053	Table_2.XLSX	Sheet1	GN3F + FRCOL								cefpodoxime	>	16		
35756053	Table_2.XLSX	Sheet1	GN3F + FRCOL								ceftazidime	=	2		mic_sign '=' inferred
35756053	Table_2.XLSX	Sheet1	GN3F + FRCOL								tobramycin	<=	4		
35756053	Table_2.XLSX	Sheet1	GN3F + FRCOL								tigecycline	=	8		mic_sign '=' inferred
35756053	Table_2.XLSX	Sheet1	GN3F + FRCOL								ticarcillin/clavulanic acid	=	32/2		mic_sign '=' inferred
35756053	Table_2.XLSX	Sheet1	GN3F + FRCOL								ceftriaxone	>	64		
35756053	Table_2.XLSX	Sheet1	GN3F + FRCOL								tetracycline	>	16		
35756053	Table_2.XLSX	Sheet1	GN3F + FRCOL								colistin	=	1		mic_sign '=' inferred
35756053	Table_2.XLSX	Sheet1	GN3F + FRCOL								amikacin	<=	8		
35756053	Table_2.XLSX	Sheet1	GN3F + FRCOL								ampicillin	>	32		
35756053	Table_2.XLSX	Sheet1	GN3F + FRCOL								ampicillin/sulbactam	>	32/16		
35756053	Table_2.XLSX	Sheet1	GN3F + FRCOL								aztreonam	=	8		mic_sign '=' inferred
35756053	Table_2.XLSX	Sheet1	GN3F + FRCOL								cefazolin	>	32		
35756053	Table_2.XLSX	Sheet1	GN3F + FRCOL								cefepime	<=	4		
35756053	Table_2.XLSX	Sheet1	GN3F + FRCOL								cephalothin	>	16		
35756053	Table_2.XLSX	Sheet1	GN3F + FRCOL								meropenem	<=	1		
35756053	Table_2.XLSX	Sheet1	GN3F + FRCOL								ertapenem	=	8		mic_sign '=' inferred
35756053	Table_2.XLSX	Sheet1	GN3F + FRCOL								cefuroxime	>	32		
35756053	Table_2.XLSX	Sheet1	GN3F + FRCOL								gentamicin	<=	2		
35756053	Table_2.XLSX	Sheet1	GN3F + FRCOL								ciprofloxacin	<=	0.5		
35756053	Table_2.XLSX	Sheet1	GN3F + FRCOL								piperacillin/tazobactam	<=	16/4		
35756053	Table_2.XLSX	Sheet1	GN3F + FRCOL								cefoxitin	>	32		
35756053	Table_2.XLSX	Sheet1	GN3F + FRCOL								trimethoprim	=	4/76		mic_sign '=' inferred
35756053	Table_2.XLSX	Sheet1	GN3F + FRCOL								cefpodoxime	>	16		
35756053	Table_2.XLSX	Sheet1	GN3F + FRCOL								ceftazidime	=	2		mic_sign '=' inferred
35756053	Table_2.XLSX	Sheet1	GN3F + FRCOL								tobramycin	<=	4		
35756053	Table_2.XLSX	Sheet1	GN3F + FRCOL								tigecycline	=	4		mic_sign '=' inferred
35756053	Table_2.XLSX	Sheet1	GN3F + FRCOL								ticarcillin/clavulanic acid	=	32/2		mic_sign '=' inferred
35756053	Table_2.XLSX	Sheet1	GN3F + FRCOL								ceftriaxone	=	32		mic_sign '=' inferred
35756053	Table_2.XLSX	Sheet1	GN3F + FRCOL								tetracycline	>	16		
35756053	Table_2.XLSX	Sheet1	GN3F + FRCOL								colistin	=	1		mic_sign '=' inferred
35756053	Table_2.XLSX	Sheet1	GN3F + FRCOL								amikacin	<=	8		
35756053	Table_2.XLSX	Sheet1	GN3F + FRCOL								ampicillin	>	32		
35756053	Table_2.XLSX	Sheet1	GN3F + FRCOL								ampicillin/sulbactam	>	32/16		
35756053	Table_2.XLSX	Sheet1	GN3F + FRCOL								aztreonam	<=	4		
35756053	Table_2.XLSX	Sheet1	GN3F + FRCOL								cefazolin	>	32		
35756053	Table_2.XLSX	Sheet1	GN3F + FRCOL								cefepime	<=	4		
35756053	Table_2.XLSX	Sheet1	GN3F + FRCOL								cephalothin	>	16		
35756053	Table_2.XLSX	Sheet1	GN3F + FRCOL								meropenem	<=	1		
35756053	Table_2.XLSX	Sheet1	GN3F + FRCOL								ertapenem	<=	2		
35756053	Table_2.XLSX	Sheet1	GN3F + FRCOL								cefuroxime	>	32		
35756053	Table_2.XLSX	Sheet1	GN3F + FRCOL								gentamicin	<=	2		
35756053	Table_2.XLSX	Sheet1	GN3F + FRCOL								ciprofloxacin	<=	0.5		
35756053	Table_2.XLSX	Sheet1	GN3F + FRCOL								piperacillin/tazobactam	<=	16/4		
35756053	Table_2.XLSX	Sheet1	GN3F + FRCOL								cefoxitin	>	32		
35756053	Table_2.XLSX	Sheet1	GN3F + FRCOL								trimethoprim	=	2/38		mic_sign '=' inferred
35756053	Table_2.XLSX	Sheet1	GN3F + FRCOL								cefpodoxime	>	16		
35756053	Table_2.XLSX	Sheet1	GN3F + FRCOL								ceftazidime	<=	1		
35756053	Table_2.XLSX	Sheet1	GN3F + FRCOL								tobramycin	<=	4		
35756053	Table_2.XLSX	Sheet1	GN3F + FRCOL								tigecycline	=	4		mic_sign '=' inferred
35756053	Table_2.XLSX	Sheet1	GN3F + FRCOL								ticarcillin/clavulanic acid	<=	16/2		
35756053	Table_2.XLSX	Sheet1	GN3F + FRCOL								ceftriaxone	=	32		mic_sign '=' inferred
35756053	Table_2.XLSX	Sheet1	GN3F + FRCOL								tetracycline	=	8		mic_sign '=' inferred
35756053	Table_2.XLSX	Sheet1	GN3F + FRCOL								colistin	=	1		mic_sign '=' inferred
35756053	Table_2.XLSX	Sheet1	GN3F + FRCOL								amikacin	<=	8		
35756053	Table_2.XLSX	Sheet1	GN3F + FRCOL								ampicillin	>	32		
35756053	Table_2.XLSX	Sheet1	GN3F + FRCOL								ampicillin/sulbactam	>	32/16		
35756053	Table_2.XLSX	Sheet1	GN3F + FRCOL								aztreonam	=	16		mic_sign '=' inferred
35756053	Table_2.XLSX	Sheet1	GN3F + FRCOL								cefazolin	>	32		
35756053	Table_2.XLSX	Sheet1	GN3F + FRCOL								cefepime	<=	4		
35756053	Table_2.XLSX	Sheet1	GN3F + FRCOL								cephalothin	>	16		
35756053	Table_2.XLSX	Sheet1	GN3F + FRCOL								meropenem	<=	1		
35756053	Table_2.XLSX	Sheet1	GN3F + FRCOL								ertapenem	=	4		mic_sign '=' inferred
35756053	Table_2.XLSX	Sheet1	GN3F + FRCOL								cefuroxime	>	32		
35756053	Table_2.XLSX	Sheet1	GN3F + FRCOL								gentamicin	<=	2		
35756053	Table_2.XLSX	Sheet1	GN3F + FRCOL								ciprofloxacin	=	1		mic_sign '=' inferred
35756053	Table_2.XLSX	Sheet1	GN3F + FRCOL								piperacillin/tazobactam	<=	16/4		
35756053	Table_2.XLSX	Sheet1	GN3F + FRCOL								cefoxitin	>	32		
35756053	Table_2.XLSX	Sheet1	GN3F + FRCOL								trimethoprim	>	4/76		
35756053	Table_2.XLSX	Sheet1	GN3F + FRCOL								cefpodoxime	>	16		
35756053	Table_2.XLSX	Sheet1	GN3F + FRCOL								ceftazidime	=	4		mic_sign '=' inferred
35756053	Table_2.XLSX	Sheet1	GN3F + FRCOL								tobramycin	<=	4		
35756053	Table_2.XLSX	Sheet1	GN3F + FRCOL								tigecycline	=	8		mic_sign '=' inferred
35756053	Table_2.XLSX	Sheet1	GN3F + FRCOL								ticarcillin/clavulanic acid	=	64/2		mic_sign '=' inferred
35756053	Table_2.XLSX	Sheet1	GN3F + FRCOL								ceftriaxone	=	32		mic_sign '=' inferred
35756053	Table_2.XLSX	Sheet1	GN3F + FRCOL								tetracycline	>	16		
35756053	Table_2.XLSX	Sheet1	GN3F + FRCOL								colistin	=	1		mic_sign '=' inferred
35756053	Table_2.XLSX	Sheet1	GN3F + FRCOL								amikacin	<=	8		
35756053	Table_2.XLSX	Sheet1	GN3F + FRCOL								ampicillin	>	32		
35756053	Table_2.XLSX	Sheet1	GN3F + FRCOL								ampicillin/sulbactam	=	16/8		mic_sign '=' inferred
35756053	Table_2.XLSX	Sheet1	GN3F + FRCOL								aztreonam	<=	4		
35756053	Table_2.XLSX	Sheet1	GN3F + FRCOL								cefazolin	>	32		
35756053	Table_2.XLSX	Sheet1	GN3F + FRCOL								cefepime	<=	4		
35756053	Table_2.XLSX	Sheet1	GN3F + FRCOL								cephalothin	>	16		
35756053	Table_2.XLSX	Sheet1	GN3F + FRCOL								meropenem	<=	1		
35756053	Table_2.XLSX	Sheet1	GN3F + FRCOL								ertapenem	<=	2		
35756053	Table_2.XLSX	Sheet1	GN3F + FRCOL								cefuroxime	=	16		mic_sign '=' inferred
35756053	Table_2.XLSX	Sheet1	GN3F + FRCOL								gentamicin	<=	2		
35756053	Table_2.XLSX	Sheet1	GN3F + FRCOL								ciprofloxacin	<=	0.5		
35756053	Table_2.XLSX	Sheet1	GN3F + FRCOL								piperacillin/tazobactam	<=	16/4		
35756053	Table_2.XLSX	Sheet1	GN3F + FRCOL								cefoxitin	>	32		
35756053	Table_2.XLSX	Sheet1	GN3F + FRCOL								trimethoprim	<=	0.5/9.5		
35756053	Table_2.XLSX	Sheet1	GN3F + FRCOL								cefpodoxime	>	16		
35756053	Table_2.XLSX	Sheet1	GN3F + FRCOL								ceftazidime	<=	1		
35756053	Table_2.XLSX	Sheet1	GN3F + FRCOL								tobramycin	<=	4		
35756053	Table_2.XLSX	Sheet1	GN3F + FRCOL								tigecycline	<=	1		
35756053	Table_2.XLSX	Sheet1	GN3F + FRCOL								ticarcillin/clavulanic acid	<=	16/2		
35756053	Table_2.XLSX	Sheet1	GN3F + FRCOL								ceftriaxone	<=	1		
35756053	Table_2.XLSX	Sheet1	GN3F + FRCOL								tetracycline	=	1		mic_sign '=' inferred
35756053	Table_2.XLSX	Sheet1	GN3F + FRCOL								colistin	=	1		mic_sign '=' inferred
35756053	Table_2.XLSX	Sheet1	GN3F + FRCOL								amikacin	<=	8		
35756053	Table_2.XLSX	Sheet1	GN3F + FRCOL								ampicillin	>	32		
35756053	Table_2.XLSX	Sheet1	GN3F + FRCOL								ampicillin/sulbactam	>	32/16		
35756053	Table_2.XLSX	Sheet1	GN3F + FRCOL								aztreonam	=	8		mic_sign '=' inferred
35756053	Table_2.XLSX	Sheet1	GN3F + FRCOL								cefazolin	>	32		
35756053	Table_2.XLSX	Sheet1	GN3F + FRCOL								cefepime	<=	4		
35756053	Table_2.XLSX	Sheet1	GN3F + FRCOL								cephalothin	>	16		
35756053	Table_2.XLSX	Sheet1	GN3F + FRCOL								meropenem	<=	1		
35756053	Table_2.XLSX	Sheet1	GN3F + FRCOL								ertapenem	<=	2		
35756053	Table_2.XLSX	Sheet1	GN3F + FRCOL								cefuroxime	>	32		
35756053	Table_2.XLSX	Sheet1	GN3F + FRCOL								gentamicin	<=	2		
35756053	Table_2.XLSX	Sheet1	GN3F + FRCOL								ciprofloxacin	<=	0.5		
35756053	Table_2.XLSX	Sheet1	GN3F + FRCOL								piperacillin/tazobactam	<=	16/4		
35756053	Table_2.XLSX	Sheet1	GN3F + FRCOL								cefoxitin	>	32		
35756053	Table_2.XLSX	Sheet1	GN3F + FRCOL								trimethoprim	>	4/76		
35756053	Table_2.XLSX	Sheet1	GN3F + FRCOL								cefpodoxime	>	16		
35756053	Table_2.XLSX	Sheet1	GN3F + FRCOL								ceftazidime	=	4		mic_sign '=' inferred
35756053	Table_2.XLSX	Sheet1	GN3F + FRCOL								tobramycin	<=	4		
35756053	Table_2.XLSX	Sheet1	GN3F + FRCOL								tigecycline	=	8		mic_sign '=' inferred
35756053	Table_2.XLSX	Sheet1	GN3F + FRCOL								ticarcillin/clavulanic acid	=	64/2		mic_sign '=' inferred
35756053	Table_2.XLSX	Sheet1	GN3F + FRCOL								ceftriaxone	=	16		mic_sign '=' inferred
35756053	Table_2.XLSX	Sheet1	GN3F + FRCOL								tetracycline	>	16		
35756053	Table_2.XLSX	Sheet1	GN3F + FRCOL								colistin	=	0.5		mic_sign '=' inferred
35756053	Table_2.XLSX	Sheet1	GN3F + FRCOL								amikacin	<=	8		
35756053	Table_2.XLSX	Sheet1	GN3F + FRCOL								ampicillin	>	32		
35756053	Table_2.XLSX	Sheet1	GN3F + FRCOL								ampicillin/sulbactam	>	32/16		
35756053	Table_2.XLSX	Sheet1	GN3F + FRCOL								aztreonam	<=	4		
35756053	Table_2.XLSX	Sheet1	GN3F + FRCOL								cefazolin	>	32		
35756053	Table_2.XLSX	Sheet1	GN3F + FRCOL								cefepime	<=	4		
35756053	Table_2.XLSX	Sheet1	GN3F + FRCOL								cephalothin	>	16		
35756053	Table_2.XLSX	Sheet1	GN3F + FRCOL								meropenem	<=	1		
35756053	Table_2.XLSX	Sheet1	GN3F + FRCOL								ertapenem	=	16		mic_sign '=' inferred
35756053	Table_2.XLSX	Sheet1	GN3F + FRCOL								cefuroxime	>	32		
35756053	Table_2.XLSX	Sheet1	GN3F + FRCOL								gentamicin	<=	2		
35756053	Table_2.XLSX	Sheet1	GN3F + FRCOL								ciprofloxacin	<=	0.5		
35756053	Table_2.XLSX	Sheet1	GN3F + FRCOL								piperacillin/tazobactam	<=	16/4		
35756053	Table_2.XLSX	Sheet1	GN3F + FRCOL								cefoxitin	>	32		
35756053	Table_2.XLSX	Sheet1	GN3F + FRCOL								trimethoprim	>	4/76		
35756053	Table_2.XLSX	Sheet1	GN3F + FRCOL								cefpodoxime	>	16		
35756053	Table_2.XLSX	Sheet1	GN3F + FRCOL								ceftazidime	=	2		mic_sign '=' inferred
35756053	Table_2.XLSX	Sheet1	GN3F + FRCOL								tobramycin	<=	4		
35756053	Table_2.XLSX	Sheet1	GN3F + FRCOL								tigecycline	=	4		mic_sign '=' inferred
35756053	Table_2.XLSX	Sheet1	GN3F + FRCOL								ticarcillin/clavulanic acid	=	32/2		mic_sign '=' inferred
35756053	Table_2.XLSX	Sheet1	GN3F + FRCOL								ceftriaxone	>	64		
35756053	Table_2.XLSX	Sheet1	GN3F + FRCOL								tetracycline	=	16		mic_sign '=' inferred
35756053	Table_2.XLSX	Sheet1	GN3F + FRCOL								colistin	=	1		mic_sign '=' inferred
35756053	Table_2.XLSX	Sheet1	GN3F + FRCOL								amikacin	<=	8		
35756053	Table_2.XLSX	Sheet1	GN3F + FRCOL								ampicillin	>	32		
35756053	Table_2.XLSX	Sheet1	GN3F + FRCOL								ampicillin/sulbactam	>	32/16		
35756053	Table_2.XLSX	Sheet1	GN3F + FRCOL								aztreonam	=	16		mic_sign '=' inferred
35756053	Table_2.XLSX	Sheet1	GN3F + FRCOL								cefazolin	>	32		
35756053	Table_2.XLSX	Sheet1	GN3F + FRCOL								cefepime	<=	4		
35756053	Table_2.XLSX	Sheet1	GN3F + FRCOL								cephalothin	>	16		
35756053	Table_2.XLSX	Sheet1	GN3F + FRCOL								meropenem	<=	1		
35756053	Table_2.XLSX	Sheet1	GN3F + FRCOL								ertapenem	=	4		mic_sign '=' inferred
35756053	Table_2.XLSX	Sheet1	GN3F + FRCOL								cefuroxime	>	32		
35756053	Table_2.XLSX	Sheet1	GN3F + FRCOL								gentamicin	<=	2		
35756053	Table_2.XLSX	Sheet1	GN3F + FRCOL								ciprofloxacin	<=	0.5		
35756053	Table_2.XLSX	Sheet1	GN3F + FRCOL								piperacillin/tazobactam	<=	16/4		
35756053	Table_2.XLSX	Sheet1	GN3F + FRCOL								cefoxitin	>	32		
35756053	Table_2.XLSX	Sheet1	GN3F + FRCOL								trimethoprim	>	4/76		
35756053	Table_2.XLSX	Sheet1	GN3F + FRCOL								cefpodoxime	>	16		
35756053	Table_2.XLSX	Sheet1	GN3F + FRCOL								ceftazidime	=	4		mic_sign '=' inferred
35756053	Table_2.XLSX	Sheet1	GN3F + FRCOL								tobramycin	<=	4		
35756053	Table_2.XLSX	Sheet1	GN3F + FRCOL								tigecycline	=	8		mic_sign '=' inferred
35756053	Table_2.XLSX	Sheet1	GN3F + FRCOL								ticarcillin/clavulanic acid	>	64/2		
35756053	Table_2.XLSX	Sheet1	GN3F + FRCOL								ceftriaxone	=	64		mic_sign '=' inferred
35756053	Table_2.XLSX	Sheet1	GN3F + FRCOL								tetracycline	>	16		
35756053	Table_2.XLSX	Sheet1	GN3F + FRCOL								colistin	<=	1		
35756053	Table_2.XLSX	Sheet1	GN3F + FRCOL								amikacin	<=	8		
35756053	Table_2.XLSX	Sheet1	GN3F + FRCOL								ampicillin	>	32		
35756053	Table_2.XLSX	Sheet1	GN3F + FRCOL								ampicillin/sulbactam	>	32/16		
35756053	Table_2.XLSX	Sheet1	GN3F + FRCOL								aztreonam	<=	4		
35756053	Table_2.XLSX	Sheet1	GN3F + FRCOL								cefazolin	>	32		
35756053	Table_2.XLSX	Sheet1	GN3F + FRCOL								cefepime	<=	4		
35756053	Table_2.XLSX	Sheet1	GN3F + FRCOL								cephalothin	>	16		
35756053	Table_2.XLSX	Sheet1	GN3F + FRCOL								meropenem	<=	1		
35756053	Table_2.XLSX	Sheet1	GN3F + FRCOL								ertapenem	<=	2		
35756053	Table_2.XLSX	Sheet1	GN3F + FRCOL								cefuroxime	>	32		
35756053	Table_2.XLSX	Sheet1	GN3F + FRCOL								gentamicin	<=	2		
35756053	Table_2.XLSX	Sheet1	GN3F + FRCOL								ciprofloxacin	<=	0.5		
35756053	Table_2.XLSX	Sheet1	GN3F + FRCOL								piperacillin/tazobactam	<=	16/4		
35756053	Table_2.XLSX	Sheet1	GN3F + FRCOL								cefoxitin	>	32		
35756053	Table_2.XLSX	Sheet1	GN3F + FRCOL								trimethoprim	>	4/76		
35756053	Table_2.XLSX	Sheet1	GN3F + FRCOL								cefpodoxime	>	16		
35756053	Table_2.XLSX	Sheet1	GN3F + FRCOL								ceftazidime	=	2		mic_sign '=' inferred
35756053	Table_2.XLSX	Sheet1	GN3F + FRCOL								tobramycin	<=	4		
35756053	Table_2.XLSX	Sheet1	GN3F + FRCOL								tigecycline	=	8		mic_sign '=' inferred
35756053	Table_2.XLSX	Sheet1	GN3F + FRCOL								ticarcillin/clavulanic acid	=	32/2		mic_sign '=' inferred
35756053	Table_2.XLSX	Sheet1	GN3F + FRCOL								ceftriaxone	=	64		mic_sign '=' inferred
35756053	Table_2.XLSX	Sheet1	GN3F + FRCOL								tetracycline	=	16		mic_sign '=' inferred
35756053	Table_2.XLSX	Sheet1	GN3F + FRCOL								colistin	=	2		mic_sign '=' inferred
35756053	Table_2.XLSX	Sheet1	GN3F								amikacin	=	16		mic_sign '=' inferred
35756053	Table_2.XLSX	Sheet1	GN3F								ampicillin	>	32		
35756053	Table_2.XLSX	Sheet1	GN3F								ampicillin/sulbactam	>	32/16		
35756053	Table_2.XLSX	Sheet1	GN3F								aztreonam	=	32		mic_sign '=' inferred
35756053	Table_2.XLSX	Sheet1	GN3F								cefazolin	>	32		
35756053	Table_2.XLSX	Sheet1	GN3F								cefepime	=	8		mic_sign '=' inferred
35756053	Table_2.XLSX	Sheet1	GN3F								cephalothin	>	16		
35756053	Table_2.XLSX	Sheet1	GN3F								meropenem	>	8		
35756053	Table_2.XLSX	Sheet1	GN3F								ertapenem	>	16		
35756053	Table_2.XLSX	Sheet1	GN3F								cefuroxime	>	32		
35756053	Table_2.XLSX	Sheet1	GN3F								gentamicin	>	16		
35756053	Table_2.XLSX	Sheet1	GN3F								ciprofloxacin	=	2		mic_sign '=' inferred
35756053	Table_2.XLSX	Sheet1	GN3F								piperacillin/tazobactam	<=	16/4		
35756053	Table_2.XLSX	Sheet1	GN3F								cefoxitin	>	32		
35756053	Table_2.XLSX	Sheet1	GN3F								trimethoprim	<=	0.5/9.5		
35756053	Table_2.XLSX	Sheet1	GN3F								cefpodoxime	>	16		
35756053	Table_2.XLSX	Sheet1	GN3F								ceftazidime	=	16		mic_sign '=' inferred
35756053	Table_2.XLSX	Sheet1	GN3F								tobramycin	>	8		
35756053	Table_2.XLSX	Sheet1	GN3F								tigecycline	<=	1		
35756053	Table_2.XLSX	Sheet1	GN3F								ticarcillin/clavulanic acid	<=	16/2		
35756053	Table_2.XLSX	Sheet1	GN3F								ceftriaxone	>	64		
35756053	Table_2.XLSX	Sheet1	GN3F								tetracycline	=	16		mic_sign '=' inferred
35756053	Table_2.XLSX	Sheet1	GN3F								amikacin	<=	8		
35756053	Table_2.XLSX	Sheet1	GN3F								ampicillin	>	32		
35756053	Table_2.XLSX	Sheet1	GN3F								ampicillin/sulbactam	>	32/16		
35756053	Table_2.XLSX	Sheet1	GN3F								aztreonam	=	32		mic_sign '=' inferred
35756053	Table_2.XLSX	Sheet1	GN3F								cefazolin	>	32		
35756053	Table_2.XLSX	Sheet1	GN3F								cefepime	=	8		mic_sign '=' inferred
35756053	Table_2.XLSX	Sheet1	GN3F								cephalothin	>	16		
35756053	Table_2.XLSX	Sheet1	GN3F								meropenem	>	8		
35756053	Table_2.XLSX	Sheet1	GN3F								ertapenem	>	16		
35756053	Table_2.XLSX	Sheet1	GN3F								cefuroxime	>	32		
35756053	Table_2.XLSX	Sheet1	GN3F								gentamicin	<=	2		
35756053	Table_2.XLSX	Sheet1	GN3F								ciprofloxacin	=	1		mic_sign '=' inferred
35756053	Table_2.XLSX	Sheet1	GN3F								piperacillin/tazobactam	=	64/4		mic_sign '=' inferred
35756053	Table_2.XLSX	Sheet1	GN3F								cefoxitin	>	32		
35756053	Table_2.XLSX	Sheet1	GN3F								trimethoprim	=	4/76		mic_sign '=' inferred
35756053	Table_2.XLSX	Sheet1	GN3F								cefpodoxime	>	16		
35756053	Table_2.XLSX	Sheet1	GN3F								ceftazidime	=	2		mic_sign '=' inferred
35756053	Table_2.XLSX	Sheet1	GN3F								tobramycin	<=	4		
35756053	Table_2.XLSX	Sheet1	GN3F								tigecycline	<=	1		
35756053	Table_2.XLSX	Sheet1	GN3F								ticarcillin/clavulanic acid	<=	16/2		
35756053	Table_2.XLSX	Sheet1	GN3F								ceftriaxone	=	64		mic_sign '=' inferred
35756053	Table_2.XLSX	Sheet1	GN3F								tetracycline	=	4		mic_sign '=' inferred
35756053	Table_2.XLSX	Sheet1	HPB1+FRCOL								amikacin	<=	0.03		
35756053	Table_2.XLSX	Sheet1	HPB1+FRCOL								ampicillin	=	8		mic_sign '=' inferred
35756053	Table_2.XLSX	Sheet1	HPB1+FRCOL								ampicillin/sulbactam	>	1		
35756053	Table_2.XLSX	Sheet1	HPB1+FRCOL								aztreonam	<=	0.03		
35756053	Table_2.XLSX	Sheet1	HPB1+FRCOL								cefazolin	=	1		mic_sign '=' inferred
35756053	Table_2.XLSX	Sheet1	HPB1+FRCOL								cefepime	<=	0.03		
35756053	Table_2.XLSX	Sheet1	HPB1+FRCOL								cephalothin	=	0.25/4.75		mic_sign '=' inferred
35756053	Table_2.XLSX	Sheet1	HPB1+FRCOL								ertapenem	=	0.25		mic_sign '=' inferred
35756053	Table_2.XLSX	Sheet1	HPB1+FRCOL								cefuroxime	=	2		mic_sign '=' inferred
35756053	Table_2.XLSX	Sheet1	HPB1+FRCOL								gentamicin	=	1		mic_sign '=' inferred
35756053	Table_2.XLSX	Sheet1	HPB1+FRCOL								ciprofloxacin	<=	0.5		
35756053	Table_2.XLSX	Sheet1	HPB1+FRCOL								piperacillin/tazobactam	<=	2/1		
35756053	Table_2.XLSX	Sheet1	HPB1+FRCOL								cefoxitin	>	0.5		
35756053	Table_2.XLSX	Sheet1	HPB1+FRCOL								trimethoprim	<=	0.12		
35756053	Table_2.XLSX	Sheet1	HPB1+FRCOL								sulfamethoxazole	=	0.25		mic_sign '=' inferred
35756053	Table_2.XLSX	Sheet1	HPB1+FRCOL								cefpodoxime	<=	1/0.5		
35756053	Table_2.XLSX	Sheet1	HPB1+FRCOL								ceftazidime	=	16		mic_sign '=' inferred
35756053	Table_2.XLSX	Sheet1	HPB1+FRCOL								tobramycin	=	1		mic_sign '=' inferred
35756053	Table_2.XLSX	Sheet1	HPB1+FRCOL								tigecycline	=	0.5		mic_sign '=' inferred
35756053	Table_2.XLSX	Sheet1	HPB1+FRCOL								amikacin	<=	0.03		
35756053	Table_2.XLSX	Sheet1	HPB1+FRCOL								ampicillin	=	4		mic_sign '=' inferred
35756053	Table_2.XLSX	Sheet1	HPB1+FRCOL								ampicillin/sulbactam	=	0.12		mic_sign '=' inferred
35756053	Table_2.XLSX	Sheet1	HPB1+FRCOL								aztreonam	<=	0.03		
35756053	Table_2.XLSX	Sheet1	HPB1+FRCOL								cefazolin	<=	0.12		
35756053	Table_2.XLSX	Sheet1	HPB1+FRCOL								cefepime	<=	0.03		
35756053	Table_2.XLSX	Sheet1	HPB1+FRCOL								cephalothin	<=	0.06/1.19		
35756053	Table_2.XLSX	Sheet1	HPB1+FRCOL								ertapenem	<=	0.06		
35756053	Table_2.XLSX	Sheet1	HPB1+FRCOL								cefuroxime	<=	0.5		
35756053	Table_2.XLSX	Sheet1	HPB1+FRCOL								gentamicin	=	0.5		mic_sign '=' inferred
35756053	Table_2.XLSX	Sheet1	HPB1+FRCOL								ciprofloxacin	<=	0.5		
35756053	Table_2.XLSX	Sheet1	HPB1+FRCOL								piperacillin/tazobactam	<=	2/1		
35756053	Table_2.XLSX	Sheet1	HPB1+FRCOL								cefoxitin	>	0.5		
35756053	Table_2.XLSX	Sheet1	HPB1+FRCOL								trimethoprim	<=	0.12		
35756053	Table_2.XLSX	Sheet1	HPB1+FRCOL								sulfamethoxazole	<=	0.12		
35756053	Table_2.XLSX	Sheet1	HPB1+FRCOL								cefpodoxime	<=	1/0.5		
35756053	Table_2.XLSX	Sheet1	HPB1+FRCOL								ceftazidime	<=	4		
35756053	Table_2.XLSX	Sheet1	HPB1+FRCOL								tobramycin	<=	0.5		
35756053	Table_2.XLSX	Sheet1	HPB1+FRCOL								tigecycline	=	0.5		mic_sign '=' inferred
35756053	Table_2.XLSX	Sheet1	HPB1+FRCOL								amikacin	<=	0.03		
35756053	Table_2.XLSX	Sheet1	HPB1+FRCOL								ampicillin	=	4		mic_sign '=' inferred
35756053	Table_2.XLSX	Sheet1	HPB1+FRCOL								ampicillin/sulbactam	>	1		
35756053	Table_2.XLSX	Sheet1	HPB1+FRCOL								aztreonam	<=	0.03		
35756053	Table_2.XLSX	Sheet1	HPB1+FRCOL								cefazolin	>	4		
35756053	Table_2.XLSX	Sheet1	HPB1+FRCOL								cefepime	<=	0.03		
35756053	Table_2.XLSX	Sheet1	HPB1+FRCOL								cephalothin	<=	0.06/1.19		
35756053	Table_2.XLSX	Sheet1	HPB1+FRCOL								ertapenem	<=	0.06		
35756053	Table_2.XLSX	Sheet1	HPB1+FRCOL								cefuroxime	=	1		mic_sign '=' inferred
35756053	Table_2.XLSX	Sheet1	HPB1+FRCOL								gentamicin	=	0.5		mic_sign '=' inferred
35756053	Table_2.XLSX	Sheet1	HPB1+FRCOL								ciprofloxacin	<=	0.5		
35756053	Table_2.XLSX	Sheet1	HPB1+FRCOL								piperacillin/tazobactam	<=	2/1		
35756053	Table_2.XLSX	Sheet1	HPB1+FRCOL								cefoxitin	>	0.5		
35756053	Table_2.XLSX	Sheet1	HPB1+FRCOL								trimethoprim	<=	0.12		
35756053	Table_2.XLSX	Sheet1	HPB1+FRCOL								sulfamethoxazole	<=	0.12		
35756053	Table_2.XLSX	Sheet1	HPB1+FRCOL								cefpodoxime	=	2/1		mic_sign '=' inferred
35756053	Table_2.XLSX	Sheet1	HPB1+FRCOL								ceftazidime	<=	4		
35756053	Table_2.XLSX	Sheet1	HPB1+FRCOL								tobramycin	<=	0.5		
35756053	Table_2.XLSX	Sheet1	HPB1+FRCOL								tigecycline	=	0.5		mic_sign '=' inferred
35756053	Table_2.XLSX	Sheet1	HPB1+FRCOL								amikacin	<=	0.03		
35756053	Table_2.XLSX	Sheet1	HPB1+FRCOL								ampicillin	=	8		mic_sign '=' inferred
35756053	Table_2.XLSX	Sheet1	HPB1+FRCOL								ampicillin/sulbactam	>	1		
35756053	Table_2.XLSX	Sheet1	HPB1+FRCOL								aztreonam	<=	0.03		
35756053	Table_2.XLSX	Sheet1	HPB1+FRCOL								cefazolin	>	4		
35756053	Table_2.XLSX	Sheet1	HPB1+FRCOL								cefepime	<=	0.03		
35756053	Table_2.XLSX	Sheet1	HPB1+FRCOL								cephalothin	=	0.12/2.38		mic_sign '=' inferred
35756053	Table_2.XLSX	Sheet1	HPB1+FRCOL								ertapenem	<=	0.06		
35756053	Table_2.XLSX	Sheet1	HPB1+FRCOL								cefuroxime	=	1		mic_sign '=' inferred
35756053	Table_2.XLSX	Sheet1	HPB1+FRCOL								gentamicin	=	1		mic_sign '=' inferred
35756053	Table_2.XLSX	Sheet1	HPB1+FRCOL								ciprofloxacin	<=	0.5		
35756053	Table_2.XLSX	Sheet1	HPB1+FRCOL								piperacillin/tazobactam	<=	2/1		
35756053	Table_2.XLSX	Sheet1	HPB1+FRCOL								cefoxitin	>	0.5		
35756053	Table_2.XLSX	Sheet1	HPB1+FRCOL								trimethoprim	<=	0.12		
35756053	Table_2.XLSX	Sheet1	HPB1+FRCOL								sulfamethoxazole	<=	0.12		
35756053	Table_2.XLSX	Sheet1	HPB1+FRCOL								cefpodoxime	>	2/1		
35756053	Table_2.XLSX	Sheet1	HPB1+FRCOL								ceftazidime	=	16		mic_sign '=' inferred
35756053	Table_2.XLSX	Sheet1	HPB1+FRCOL								tobramycin	=	1		mic_sign '=' inferred
35756053	Table_2.XLSX	Sheet1	HPB1+FRCOL								tigecycline	=	0.5		mic_sign '=' inferred
35756053	Table_2.XLSX	Sheet1	HPB1+FRCOL								amikacin	<=	0.03		
35756053	Table_2.XLSX	Sheet1	HPB1+FRCOL								ampicillin	=	8		mic_sign '=' inferred
35756053	Table_2.XLSX	Sheet1	HPB1+FRCOL								ampicillin/sulbactam	>	1		
35756053	Table_2.XLSX	Sheet1	HPB1+FRCOL								aztreonam	<=	0.03		
35756053	Table_2.XLSX	Sheet1	HPB1+FRCOL								cefazolin	>	4		
35756053	Table_2.XLSX	Sheet1	HPB1+FRCOL								cefepime	<=	0.03		
35756053	Table_2.XLSX	Sheet1	HPB1+FRCOL								cephalothin	<=	0.06/1.19		
35756053	Table_2.XLSX	Sheet1	HPB1+FRCOL								ertapenem	<=	0.06		
35756053	Table_2.XLSX	Sheet1	HPB1+FRCOL								cefuroxime	=	1		mic_sign '=' inferred
35756053	Table_2.XLSX	Sheet1	HPB1+FRCOL								gentamicin	=	1		mic_sign '=' inferred
35756053	Table_2.XLSX	Sheet1	HPB1+FRCOL								ciprofloxacin	<=	0.5		
35756053	Table_2.XLSX	Sheet1	HPB1+FRCOL								piperacillin/tazobactam	<=	2/1		
35756053	Table_2.XLSX	Sheet1	HPB1+FRCOL								cefoxitin	>	0.5		
35756053	Table_2.XLSX	Sheet1	HPB1+FRCOL								trimethoprim	<=	0.12		
35756053	Table_2.XLSX	Sheet1	HPB1+FRCOL								sulfamethoxazole	<=	0.12		
35756053	Table_2.XLSX	Sheet1	HPB1+FRCOL								cefpodoxime	<=	1/0.5		
35756053	Table_2.XLSX	Sheet1	HPB1+FRCOL								ceftazidime	=	8		mic_sign '=' inferred
35756053	Table_2.XLSX	Sheet1	HPB1+FRCOL								tobramycin	=	1		mic_sign '=' inferred
35756053	Table_2.XLSX	Sheet1	HPB1+FRCOL								tigecycline	=	0.5		mic_sign '=' inferred
35756053	Table_2.XLSX	Sheet1	HPB1+FRCOL								amikacin	<=	0.03		
35756053	Table_2.XLSX	Sheet1	HPB1+FRCOL								ampicillin	=	8		mic_sign '=' inferred
35756053	Table_2.XLSX	Sheet1	HPB1+FRCOL								ampicillin/sulbactam	=	0.5		mic_sign '=' inferred
35756053	Table_2.XLSX	Sheet1	HPB1+FRCOL								aztreonam	<=	0.03		
35756053	Table_2.XLSX	Sheet1	HPB1+FRCOL								cefazolin	<=	0.12		
35756053	Table_2.XLSX	Sheet1	HPB1+FRCOL								cefepime	<=	0.03		
35756053	Table_2.XLSX	Sheet1	HPB1+FRCOL								cephalothin	<=	0.06/1.19		
35756053	Table_2.XLSX	Sheet1	HPB1+FRCOL								ertapenem	<=	0.06		
35756053	Table_2.XLSX	Sheet1	HPB1+FRCOL								cefuroxime	<=	0.5		
35756053	Table_2.XLSX	Sheet1	HPB1+FRCOL								gentamicin	=	1		mic_sign '=' inferred
35756053	Table_2.XLSX	Sheet1	HPB1+FRCOL								ciprofloxacin	<=	0.5		
35756053	Table_2.XLSX	Sheet1	HPB1+FRCOL								piperacillin/tazobactam	<=	2/1		
35756053	Table_2.XLSX	Sheet1	HPB1+FRCOL								cefoxitin	>	0.5		
35756053	Table_2.XLSX	Sheet1	HPB1+FRCOL								trimethoprim	<=	0.12		
35756053	Table_2.XLSX	Sheet1	HPB1+FRCOL								sulfamethoxazole	<=	0.12		
35756053	Table_2.XLSX	Sheet1	HPB1+FRCOL								cefpodoxime	<=	1/0.5		
35756053	Table_2.XLSX	Sheet1	HPB1+FRCOL								ceftazidime	<=	4		
35756053	Table_2.XLSX	Sheet1	HPB1+FRCOL								tobramycin	<=	0.5		
35756053	Table_2.XLSX	Sheet1	HPB1+FRCOL								tigecycline	=	0.5		mic_sign '=' inferred
35756053	Table_2.XLSX	Sheet1	HPB1+FRCOL								amikacin	<=	0.03		
35756053	Table_2.XLSX	Sheet1	HPB1+FRCOL								ampicillin	=	4		mic_sign '=' inferred
35756053	Table_2.XLSX	Sheet1	HPB1+FRCOL								ampicillin/sulbactam	=	0.25		mic_sign '=' inferred
35756053	Table_2.XLSX	Sheet1	HPB1+FRCOL								aztreonam	<=	0.03		
35756053	Table_2.XLSX	Sheet1	HPB1+FRCOL								cefazolin	=	0.25		mic_sign '=' inferred
35756053	Table_2.XLSX	Sheet1	HPB1+FRCOL								cefepime	<=	0.03		
35756053	Table_2.XLSX	Sheet1	HPB1+FRCOL								cephalothin	=	0.12/2.38		mic_sign '=' inferred
35756053	Table_2.XLSX	Sheet1	HPB1+FRCOL								ertapenem	<=	0.06		
35756053	Table_2.XLSX	Sheet1	HPB1+FRCOL								cefuroxime	=	1		mic_sign '=' inferred
35756053	Table_2.XLSX	Sheet1	HPB1+FRCOL								gentamicin	=	0.5		mic_sign '=' inferred
35756053	Table_2.XLSX	Sheet1	HPB1+FRCOL								ciprofloxacin	=	1		mic_sign '=' inferred
35756053	Table_2.XLSX	Sheet1	HPB1+FRCOL								piperacillin/tazobactam	<=	2/1		
35756053	Table_2.XLSX	Sheet1	HPB1+FRCOL								cefoxitin	>	0.5		
35756053	Table_2.XLSX	Sheet1	HPB1+FRCOL								trimethoprim	<=	0.12		
35756053	Table_2.XLSX	Sheet1	HPB1+FRCOL								sulfamethoxazole	<=	0.12		
35756053	Table_2.XLSX	Sheet1	HPB1+FRCOL								cefpodoxime	<=	1/0.5		
35756053	Table_2.XLSX	Sheet1	HPB1+FRCOL								ceftazidime	<=	4		
35756053	Table_2.XLSX	Sheet1	HPB1+FRCOL								tobramycin	<=	0.5		
35756053	Table_2.XLSX	Sheet1	HPB1+FRCOL								tigecycline	=	0.5		mic_sign '=' inferred
35756053	Table_2.XLSX	Sheet1	HPB1+FRCOL								amikacin	<=	0.03		
35756053	Table_2.XLSX	Sheet1	HPB1+FRCOL								ampicillin	=	8		mic_sign '=' inferred
35756053	Table_2.XLSX	Sheet1	HPB1+FRCOL								ampicillin/sulbactam	>	1		
35756053	Table_2.XLSX	Sheet1	HPB1+FRCOL								aztreonam	<=	0.03		
35756053	Table_2.XLSX	Sheet1	HPB1+FRCOL								cefazolin	>	4		
35756053	Table_2.XLSX	Sheet1	HPB1+FRCOL								cefepime	<=	0.03		
35756053	Table_2.XLSX	Sheet1	HPB1+FRCOL								cephalothin	>	2/38		
35756053	Table_2.XLSX	Sheet1	HPB1+FRCOL								ertapenem	<=	0.06		
35756053	Table_2.XLSX	Sheet1	HPB1+FRCOL								cefuroxime	=	1		mic_sign '=' inferred
35756053	Table_2.XLSX	Sheet1	HPB1+FRCOL								gentamicin	=	0.5		mic_sign '=' inferred
35756053	Table_2.XLSX	Sheet1	HPB1+FRCOL								ciprofloxacin	=	1		mic_sign '=' inferred
35756053	Table_2.XLSX	Sheet1	HPB1+FRCOL								piperacillin/tazobactam	<=	2/1		
35756053	Table_2.XLSX	Sheet1	HPB1+FRCOL								cefoxitin	>	0.5		
35756053	Table_2.XLSX	Sheet1	HPB1+FRCOL								trimethoprim	<=	0.12		
35756053	Table_2.XLSX	Sheet1	HPB1+FRCOL								sulfamethoxazole	<=	0.12		
35756053	Table_2.XLSX	Sheet1	HPB1+FRCOL								cefpodoxime	=	2/1		mic_sign '=' inferred
35756053	Table_2.XLSX	Sheet1	HPB1+FRCOL								ceftazidime	=	8		mic_sign '=' inferred
35756053	Table_2.XLSX	Sheet1	HPB1+FRCOL								tobramycin	=	0.5		mic_sign '=' inferred
35756053	Table_2.XLSX	Sheet1	HPB1+FRCOL								tigecycline	=	0.5		mic_sign '=' inferred
35756053	Table_2.XLSX	Sheet1	HPB1+FRCOL								amikacin	<=	0.03		
35756053	Table_2.XLSX	Sheet1	HPB1+FRCOL								ampicillin	=	8		mic_sign '=' inferred
35756053	Table_2.XLSX	Sheet1	HPB1+FRCOL								ampicillin/sulbactam	=	0.25		mic_sign '=' inferred
35756053	Table_2.XLSX	Sheet1	HPB1+FRCOL								aztreonam	<=	0.03		
35756053	Table_2.XLSX	Sheet1	HPB1+FRCOL								cefazolin	=	0.25		mic_sign '=' inferred
35756053	Table_2.XLSX	Sheet1	HPB1+FRCOL								cefepime	<=	0.03		
35756053	Table_2.XLSX	Sheet1	HPB1+FRCOL								cephalothin	=	0.25/4.75		mic_sign '=' inferred
35756053	Table_2.XLSX	Sheet1	HPB1+FRCOL								ertapenem	<=	0.06		
35756053	Table_2.XLSX	Sheet1	HPB1+FRCOL								cefuroxime	=	1		mic_sign '=' inferred
35756053	Table_2.XLSX	Sheet1	HPB1+FRCOL								gentamicin	=	1		mic_sign '=' inferred
35756053	Table_2.XLSX	Sheet1	HPB1+FRCOL								ciprofloxacin	<=	0.5		
35756053	Table_2.XLSX	Sheet1	HPB1+FRCOL								piperacillin/tazobactam	<=	2/1		
35756053	Table_2.XLSX	Sheet1	HPB1+FRCOL								cefoxitin	>	0.5		
35756053	Table_2.XLSX	Sheet1	HPB1+FRCOL								trimethoprim	<=	0.12		
35756053	Table_2.XLSX	Sheet1	HPB1+FRCOL								sulfamethoxazole	<=	0.12		
35756053	Table_2.XLSX	Sheet1	HPB1+FRCOL								cefpodoxime	<=	1/0.5		
35756053	Table_2.XLSX	Sheet1	HPB1+FRCOL								ceftazidime	<=	4		
35756053	Table_2.XLSX	Sheet1	HPB1+FRCOL								tobramycin	<=	0.5		
35756053	Table_2.XLSX	Sheet1	HPB1+FRCOL								tigecycline	=	0.5		mic_sign '=' inferred
35756053	Table_2.XLSX	Sheet1	HPB1+FRCOL								amikacin	<=	0.03		
35756053	Table_2.XLSX	Sheet1	HPB1+FRCOL								ampicillin	=	4		mic_sign '=' inferred
35756053	Table_2.XLSX	Sheet1	HPB1+FRCOL								ampicillin/sulbactam	=	0.25		mic_sign '=' inferred
35756053	Table_2.XLSX	Sheet1	HPB1+FRCOL								aztreonam	<=	0.03		
35756053	Table_2.XLSX	Sheet1	HPB1+FRCOL								cefazolin	<=	0.12		
35756053	Table_2.XLSX	Sheet1	HPB1+FRCOL								cefepime	<=	0.03		
35756053	Table_2.XLSX	Sheet1	HPB1+FRCOL								cephalothin	<=	0.06/1.19		
35756053	Table_2.XLSX	Sheet1	HPB1+FRCOL								ertapenem	<=	0.06		
35756053	Table_2.XLSX	Sheet1	HPB1+FRCOL								cefuroxime	=	1		mic_sign '=' inferred
35756053	Table_2.XLSX	Sheet1	HPB1+FRCOL								gentamicin	=	0.5		mic_sign '=' inferred
35756053	Table_2.XLSX	Sheet1	HPB1+FRCOL								ciprofloxacin	<=	0.5		
35756053	Table_2.XLSX	Sheet1	HPB1+FRCOL								piperacillin/tazobactam	<=	2/1		
35756053	Table_2.XLSX	Sheet1	HPB1+FRCOL								cefoxitin	>	0.5		
35756053	Table_2.XLSX	Sheet1	HPB1+FRCOL								trimethoprim	<=	0.12		
35756053	Table_2.XLSX	Sheet1	HPB1+FRCOL								sulfamethoxazole	<=	0.12		
35756053	Table_2.XLSX	Sheet1	HPB1+FRCOL								cefpodoxime	<=	1/0.5		
35756053	Table_2.XLSX	Sheet1	HPB1+FRCOL								ceftazidime	<=	4		
35756053	Table_2.XLSX	Sheet1	HPB1+FRCOL								tobramycin	<=	0.5		
35756053	Table_2.XLSX	Sheet1	HPB1+FRCOL								tigecycline	=	0.5		mic_sign '=' inferred
35756053	Table_2.XLSX	Sheet1	HPB1+FRCOL								amikacin	<=	0.03		
35756053	Table_2.XLSX	Sheet1	HPB1+FRCOL								ampicillin	=	16		mic_sign '=' inferred
35756053	Table_2.XLSX	Sheet1	HPB1+FRCOL								ampicillin/sulbactam	=	0.5		mic_sign '=' inferred
35756053	Table_2.XLSX	Sheet1	HPB1+FRCOL								aztreonam	<=	0.03		
35756053	Table_2.XLSX	Sheet1	HPB1+FRCOL								cefazolin	=	0.25		mic_sign '=' inferred
35756053	Table_2.XLSX	Sheet1	HPB1+FRCOL								cefepime	<=	0.03		
35756053	Table_2.XLSX	Sheet1	HPB1+FRCOL								cephalothin	>	2/38		
35756053	Table_2.XLSX	Sheet1	HPB1+FRCOL								ertapenem	<=	0.06		
35756053	Table_2.XLSX	Sheet1	HPB1+FRCOL								cefuroxime	=	1		mic_sign '=' inferred
35756053	Table_2.XLSX	Sheet1	HPB1+FRCOL								gentamicin	=	0.5		mic_sign '=' inferred
35756053	Table_2.XLSX	Sheet1	HPB1+FRCOL								ciprofloxacin	<=	0.5		
35756053	Table_2.XLSX	Sheet1	HPB1+FRCOL								piperacillin/tazobactam	<=	2/1		
35756053	Table_2.XLSX	Sheet1	HPB1+FRCOL								cefoxitin	>	0.5		
35756053	Table_2.XLSX	Sheet1	HPB1+FRCOL								trimethoprim	<=	0.12		
35756053	Table_2.XLSX	Sheet1	HPB1+FRCOL								sulfamethoxazole	<=	0.12		
35756053	Table_2.XLSX	Sheet1	HPB1+FRCOL								cefpodoxime	<=	1/0.5		
35756053	Table_2.XLSX	Sheet1	HPB1+FRCOL								ceftazidime	<=	4		
35756053	Table_2.XLSX	Sheet1	HPB1+FRCOL								tobramycin	=	1		mic_sign '=' inferred
35756053	Table_2.XLSX	Sheet1	HPB1+FRCOL								tigecycline	=	0.5		mic_sign '=' inferred
35756053	Table_2.XLSX	Sheet1	HPB1+FRCOL								amikacin	<=	0.03		
35756053	Table_2.XLSX	Sheet1	HPB1+FRCOL								ampicillin	=	4		mic_sign '=' inferred
35756053	Table_2.XLSX	Sheet1	HPB1+FRCOL								ampicillin/sulbactam	=	0.5		mic_sign '=' inferred
35756053	Table_2.XLSX	Sheet1	HPB1+FRCOL								aztreonam	<=	0.03		
35756053	Table_2.XLSX	Sheet1	HPB1+FRCOL								cefazolin	=	0.25		mic_sign '=' inferred
35756053	Table_2.XLSX	Sheet1	HPB1+FRCOL								cefepime	<=	0.03		
35756053	Table_2.XLSX	Sheet1	HPB1+FRCOL								cephalothin	=	0.25/4.75		mic_sign '=' inferred
35756053	Table_2.XLSX	Sheet1	HPB1+FRCOL								ertapenem	<=	0.06		
35756053	Table_2.XLSX	Sheet1	HPB1+FRCOL								cefuroxime	=	1		mic_sign '=' inferred
35756053	Table_2.XLSX	Sheet1	HPB1+FRCOL								gentamicin	=	0.5		mic_sign '=' inferred
35756053	Table_2.XLSX	Sheet1	HPB1+FRCOL								ciprofloxacin	<=	0.5		
35756053	Table_2.XLSX	Sheet1	HPB1+FRCOL								piperacillin/tazobactam	<=	2/1		
35756053	Table_2.XLSX	Sheet1	HPB1+FRCOL								cefoxitin	>	0.5		
35756053	Table_2.XLSX	Sheet1	HPB1+FRCOL								trimethoprim	<=	0.12		
35756053	Table_2.XLSX	Sheet1	HPB1+FRCOL								sulfamethoxazole	<=	0.12		
35756053	Table_2.XLSX	Sheet1	HPB1+FRCOL								cefpodoxime	<=	1/0.5		
35756053	Table_2.XLSX	Sheet1	HPB1+FRCOL								ceftazidime	<=	4		
35756053	Table_2.XLSX	Sheet1	HPB1+FRCOL								tobramycin	<=	0.5		
35756053	Table_2.XLSX	Sheet1	HPB1+FRCOL								tigecycline	=	0.5		mic_sign '=' inferred
35756053	Table_2.XLSX	Sheet1	HPB1+FRCOL								amikacin	<=	0.03		
35756053	Table_2.XLSX	Sheet1	HPB1+FRCOL								ampicillin	=	8		mic_sign '=' inferred
35756053	Table_2.XLSX	Sheet1	HPB1+FRCOL								ampicillin/sulbactam	>	1		
35756053	Table_2.XLSX	Sheet1	HPB1+FRCOL								aztreonam	<=	0.03		
35756053	Table_2.XLSX	Sheet1	HPB1+FRCOL								cefazolin	=	1		mic_sign '=' inferred
35756053	Table_2.XLSX	Sheet1	HPB1+FRCOL								cefepime	<=	0.03		
35756053	Table_2.XLSX	Sheet1	HPB1+FRCOL								cephalothin	<=	0.06/1.19		
35756053	Table_2.XLSX	Sheet1	HPB1+FRCOL								ertapenem	=	0.25		mic_sign '=' inferred
35756053	Table_2.XLSX	Sheet1	HPB1+FRCOL								cefuroxime	=	2		mic_sign '=' inferred
35756053	Table_2.XLSX	Sheet1	HPB1+FRCOL								gentamicin	=	1		mic_sign '=' inferred
35756053	Table_2.XLSX	Sheet1	HPB1+FRCOL								ciprofloxacin	<=	0.5		
35756053	Table_2.XLSX	Sheet1	HPB1+FRCOL								piperacillin/tazobactam	<=	2/1		
35756053	Table_2.XLSX	Sheet1	HPB1+FRCOL								cefoxitin	>	0.5		
35756053	Table_2.XLSX	Sheet1	HPB1+FRCOL								trimethoprim	<=	0.12		
35756053	Table_2.XLSX	Sheet1	HPB1+FRCOL								sulfamethoxazole	=	0.25		mic_sign '=' inferred
35756053	Table_2.XLSX	Sheet1	HPB1+FRCOL								cefpodoxime	<=	1/0.5		
35756053	Table_2.XLSX	Sheet1	HPB1+FRCOL								ceftazidime	<=	4		
35756053	Table_2.XLSX	Sheet1	HPB1+FRCOL								tobramycin	<=	0.5		
35756053	Table_2.XLSX	Sheet1	HPB1+FRCOL								tigecycline	=	0.5		mic_sign '=' inferred
35756053	Table_2.XLSX	Sheet1	HPB1+FRCOL								amikacin	<=	0.03		
35756053	Table_2.XLSX	Sheet1	HPB1+FRCOL								ampicillin	=	8		mic_sign '=' inferred
35756053	Table_2.XLSX	Sheet1	HPB1+FRCOL								ampicillin/sulbactam	>	1		
35756053	Table_2.XLSX	Sheet1	HPB1+FRCOL								aztreonam	<=	0.03		
35756053	Table_2.XLSX	Sheet1	HPB1+FRCOL								cefazolin	>	4		
35756053	Table_2.XLSX	Sheet1	HPB1+FRCOL								cefepime	<=	0.03		
35756053	Table_2.XLSX	Sheet1	HPB1+FRCOL								cephalothin	=	0.12/2.38		mic_sign '=' inferred
35756053	Table_2.XLSX	Sheet1	HPB1+FRCOL								ertapenem	<=	0.06		
35756053	Table_2.XLSX	Sheet1	HPB1+FRCOL								cefuroxime	<=	0.5		
35756053	Table_2.XLSX	Sheet1	HPB1+FRCOL								gentamicin	=	0.5		mic_sign '=' inferred
35756053	Table_2.XLSX	Sheet1	HPB1+FRCOL								ciprofloxacin	<=	0.5		
35756053	Table_2.XLSX	Sheet1	HPB1+FRCOL								piperacillin/tazobactam	<=	2/1		
35756053	Table_2.XLSX	Sheet1	HPB1+FRCOL								cefoxitin	>	0.5		
35756053	Table_2.XLSX	Sheet1	HPB1+FRCOL								trimethoprim	<=	0.12		
35756053	Table_2.XLSX	Sheet1	HPB1+FRCOL								sulfamethoxazole	<=	0.12		
35756053	Table_2.XLSX	Sheet1	HPB1+FRCOL								cefpodoxime	<=	1/0.5		
35756053	Table_2.XLSX	Sheet1	HPB1+FRCOL								ceftazidime	<=	4		
35756053	Table_2.XLSX	Sheet1	HPB1+FRCOL								tobramycin	<=	0.5		
35756053	Table_2.XLSX	Sheet1	HPB1+FRCOL								tigecycline	=	0.5		mic_sign '=' inferred
35756053	Table_2.XLSX	Sheet1	STP6F								amikacin	<=	1		
35756053	Table_2.XLSX	Sheet1	STP6F								ampicillin	>	4		
35756053	Table_2.XLSX	Sheet1	STP6F								ampicillin/sulbactam	<=	0.5		
35756053	Table_2.XLSX	Sheet1	STP6F								aztreonam	<=	0.25		
35756053	Table_2.XLSX	Sheet1	STP6F								cefazolin	<=	0.25		
35756053	Table_2.XLSX	Sheet1	STP6F								cefepime	<=	1		
35756053	Table_2.XLSX	Sheet1	STP6F								cephalothin	<=	0.5		
35756053	Table_2.XLSX	Sheet1	STP6F								meropenem	<=	0.25		
35756053	Table_2.XLSX	Sheet1	STP6F								ertapenem	=	1		mic_sign '=' inferred
35756053	Table_2.XLSX	Sheet1	STP6F								cefuroxime	<=	2/1		
35756053	Table_2.XLSX	Sheet1	STP6F								gentamicin	<=	0.5/9.5		
35756053	Table_2.XLSX	Sheet1	STP6F								piperacillin/tazobactam	=	0.5		mic_sign '=' inferred
35756053	Table_2.XLSX	Sheet1	STP6F								cefoxitin	=	4		mic_sign '=' inferred
35756053	Table_2.XLSX	Sheet1	STP6F								trimethoprim	>	4		
35756053	Table_2.XLSX	Sheet1	STP6F								sulfamethoxazole	=	0.5		mic_sign '=' inferred
35756053	Table_2.XLSX	Sheet1	STP6F								cefpodoxime	>	1		
35756053	Table_2.XLSX	Sheet1	STP6F								ceftazidime	>	2		
35756053	Table_2.XLSX	Sheet1	STP6F								tobramycin	<=	0.5		
35756053	Table_2.XLSX	Sheet1	STP6F								tigecycline	<=	1		
35756053	Table_2.XLSX	Sheet1	STP6F								ticarcillin/clavulanic acid	=	0.03		mic_sign '=' inferred
35756053	Table_2.XLSX	Sheet1	STP6F								amikacin	<=	1		
35756053	Table_2.XLSX	Sheet1	STP6F								ampicillin	>	4		
35756053	Table_2.XLSX	Sheet1	STP6F								ampicillin/sulbactam	<=	0.5		
35756053	Table_2.XLSX	Sheet1	STP6F								aztreonam	<=	0.25		
35756053	Table_2.XLSX	Sheet1	STP6F								cefazolin	<=	0.25		
35756053	Table_2.XLSX	Sheet1	STP6F								cefepime	<=	1		
35756053	Table_2.XLSX	Sheet1	STP6F								cephalothin	<=	0.5		
35756053	Table_2.XLSX	Sheet1	STP6F								meropenem	<=	0.25		
35756053	Table_2.XLSX	Sheet1	STP6F								ertapenem	=	2		mic_sign '=' inferred
35756053	Table_2.XLSX	Sheet1	STP6F								cefuroxime	<=	2/1		
35756053	Table_2.XLSX	Sheet1	STP6F								gentamicin	<=	0.5/9.5		
35756053	Table_2.XLSX	Sheet1	STP6F								piperacillin/tazobactam	=	0.5		mic_sign '=' inferred
35756053	Table_2.XLSX	Sheet1	STP6F								cefoxitin	=	4		mic_sign '=' inferred
35756053	Table_2.XLSX	Sheet1	STP6F								trimethoprim	>	4		
35756053	Table_2.XLSX	Sheet1	STP6F								sulfamethoxazole	=	1		mic_sign '=' inferred
35756053	Table_2.XLSX	Sheet1	STP6F								cefpodoxime	>	1		
35756053	Table_2.XLSX	Sheet1	STP6F								ceftazidime	>	2		
35756053	Table_2.XLSX	Sheet1	STP6F								tobramycin	=	4		mic_sign '=' inferred
35756053	Table_2.XLSX	Sheet1	STP6F								tigecycline	<=	1		
35756053	Table_2.XLSX	Sheet1	STP6F								ticarcillin/clavulanic acid	=	0.03		mic_sign '=' inferred
35756053	Table_2.XLSX	Sheet1	STP6F								amikacin	<=	1		
35756053	Table_2.XLSX	Sheet1	STP6F								ampicillin	>	4		
35756053	Table_2.XLSX	Sheet1	STP6F								ampicillin/sulbactam	<=	0.5		
35756053	Table_2.XLSX	Sheet1	STP6F								aztreonam	<=	0.25		
35756053	Table_2.XLSX	Sheet1	STP6F								cefazolin	<=	0.25		
35756053	Table_2.XLSX	Sheet1	STP6F								cefepime	<=	1		
35756053	Table_2.XLSX	Sheet1	STP6F								cephalothin	<=	0.5		
35756053	Table_2.XLSX	Sheet1	STP6F								meropenem	<=	0.25		
35756053	Table_2.XLSX	Sheet1	STP6F								ertapenem	=	2		mic_sign '=' inferred
35756053	Table_2.XLSX	Sheet1	STP6F								cefuroxime	<=	2/1		
35756053	Table_2.XLSX	Sheet1	STP6F								gentamicin	<=	0.5/9.5		
35756053	Table_2.XLSX	Sheet1	STP6F								piperacillin/tazobactam	=	0.25		mic_sign '=' inferred
35756053	Table_2.XLSX	Sheet1	STP6F								cefoxitin	=	4		mic_sign '=' inferred
35756053	Table_2.XLSX	Sheet1	STP6F								trimethoprim	>	4		
35756053	Table_2.XLSX	Sheet1	STP6F								sulfamethoxazole	=	0.5		mic_sign '=' inferred
35756053	Table_2.XLSX	Sheet1	STP6F								cefpodoxime	>	1		
35756053	Table_2.XLSX	Sheet1	STP6F								ceftazidime	>	2		
35756053	Table_2.XLSX	Sheet1	STP6F								tobramycin	=	1		mic_sign '=' inferred
35756053	Table_2.XLSX	Sheet1	STP6F								tigecycline	<=	1		
35756053	Table_2.XLSX	Sheet1	STP6F								ticarcillin/clavulanic acid	=	0.03		mic_sign '=' inferred
35756053	Table_2.XLSX	Sheet1	STP6F								amikacin	<=	1		
35756053	Table_2.XLSX	Sheet1	STP6F								ampicillin	=	2		mic_sign '=' inferred
35756053	Table_2.XLSX	Sheet1	STP6F								ampicillin/sulbactam	<=	0.5		
35756053	Table_2.XLSX	Sheet1	STP6F								aztreonam	<=	0.25		
35756053	Table_2.XLSX	Sheet1	STP6F								cefazolin	<=	0.25		
35756053	Table_2.XLSX	Sheet1	STP6F								cefepime	<=	1		
35756053	Table_2.XLSX	Sheet1	STP6F								cephalothin	<=	0.5		
35756053	Table_2.XLSX	Sheet1	STP6F								meropenem	<=	0.25		
35756053	Table_2.XLSX	Sheet1	STP6F								ertapenem	<=	0.5		
35756053	Table_2.XLSX	Sheet1	STP6F								cefuroxime	<=	2/1		
35756053	Table_2.XLSX	Sheet1	STP6F								gentamicin	<=	0.5/9.5		
35756053	Table_2.XLSX	Sheet1	STP6F								piperacillin/tazobactam	<=	0.12		
35756053	Table_2.XLSX	Sheet1	STP6F								cefoxitin	=	4		mic_sign '=' inferred
35756053	Table_2.XLSX	Sheet1	STP6F								trimethoprim	>	4		
35756053	Table_2.XLSX	Sheet1	STP6F								sulfamethoxazole	<=	0.12		
35756053	Table_2.XLSX	Sheet1	STP6F								cefpodoxime	>	1		
35756053	Table_2.XLSX	Sheet1	STP6F								ceftazidime	>	2		
35756053	Table_2.XLSX	Sheet1	STP6F								tobramycin	<=	0.5		
35756053	Table_2.XLSX	Sheet1	STP6F								tigecycline	<=	1		
35756053	Table_2.XLSX	Sheet1	STP6F								ticarcillin/clavulanic acid	=	0.03		mic_sign '=' inferred
35756053	Table_2.XLSX	Sheet1	STP6F								amikacin	<=	1		
35756053	Table_2.XLSX	Sheet1	STP6F								ampicillin	=	1		mic_sign '=' inferred
35756053	Table_2.XLSX	Sheet1	STP6F								ampicillin/sulbactam	<=	0.5		
35756053	Table_2.XLSX	Sheet1	STP6F								aztreonam	<=	0.25		
35756053	Table_2.XLSX	Sheet1	STP6F								cefazolin	<=	0.25		
35756053	Table_2.XLSX	Sheet1	STP6F								cefepime	<=	1		
35756053	Table_2.XLSX	Sheet1	STP6F								cephalothin	<=	0.5		
35756053	Table_2.XLSX	Sheet1	STP6F								meropenem	<=	0.25		
35756053	Table_2.XLSX	Sheet1	STP6F								ertapenem	<=	0.5		
35756053	Table_2.XLSX	Sheet1	STP6F								cefuroxime	<=	2/1		
35756053	Table_2.XLSX	Sheet1	STP6F								gentamicin	<=	0.5/9.5		
35756053	Table_2.XLSX	Sheet1	STP6F								piperacillin/tazobactam	<=	0.12		
35756053	Table_2.XLSX	Sheet1	STP6F								cefoxitin	=	4		mic_sign '=' inferred
35756053	Table_2.XLSX	Sheet1	STP6F								trimethoprim	>	4		
35756053	Table_2.XLSX	Sheet1	STP6F								sulfamethoxazole	<=	0.12		
35756053	Table_2.XLSX	Sheet1	STP6F								cefpodoxime	=	1		mic_sign '=' inferred
35756053	Table_2.XLSX	Sheet1	STP6F								ceftazidime	>	2		
35756053	Table_2.XLSX	Sheet1	STP6F								tobramycin	<=	0.5		
35756053	Table_2.XLSX	Sheet1	STP6F								tigecycline	<=	1		
35756053	Table_2.XLSX	Sheet1	STP6F								ticarcillin/clavulanic acid	=	0.03		mic_sign '=' inferred
35756053	Table_2.XLSX	Sheet1	STP6F								amikacin	<=	1		
35756053	Table_2.XLSX	Sheet1	STP6F								ampicillin	>	4		
35756053	Table_2.XLSX	Sheet1	STP6F								ampicillin/sulbactam	<=	0.5		
35756053	Table_2.XLSX	Sheet1	STP6F								aztreonam	<=	0.25		
35756053	Table_2.XLSX	Sheet1	STP6F								cefazolin	<=	0.25		
35756053	Table_2.XLSX	Sheet1	STP6F								cefepime	<=	1		
35756053	Table_2.XLSX	Sheet1	STP6F								cephalothin	<=	0.5		
35756053	Table_2.XLSX	Sheet1	STP6F								meropenem	<=	0.25		
35756053	Table_2.XLSX	Sheet1	STP6F								ertapenem	=	4		mic_sign '=' inferred
35756053	Table_2.XLSX	Sheet1	STP6F								cefuroxime	<=	2/1		
35756053	Table_2.XLSX	Sheet1	STP6F								gentamicin	<=	0.5/9.5		
35756053	Table_2.XLSX	Sheet1	STP6F								piperacillin/tazobactam	=	1		mic_sign '=' inferred
35756053	Table_2.XLSX	Sheet1	STP6F								cefoxitin	>	4		
35756053	Table_2.XLSX	Sheet1	STP6F								trimethoprim	>	4		
35756053	Table_2.XLSX	Sheet1	STP6F								sulfamethoxazole	=	0.5		mic_sign '=' inferred
35756053	Table_2.XLSX	Sheet1	STP6F								cefpodoxime	>	1		
35756053	Table_2.XLSX	Sheet1	STP6F								ceftazidime	>	2		
35756053	Table_2.XLSX	Sheet1	STP6F								tobramycin	<=	0.5		
35756053	Table_2.XLSX	Sheet1	STP6F								tigecycline	<=	1		
35756053	Table_2.XLSX	Sheet1	STP6F								ticarcillin/clavulanic acid	=	0.06		mic_sign '=' inferred
35756053	Table_2.XLSX	Sheet1	STP6F								amikacin	<=	1		
35756053	Table_2.XLSX	Sheet1	STP6F								ampicillin	>	4		
35756053	Table_2.XLSX	Sheet1	STP6F								ampicillin/sulbactam	<=	0.5		
35756053	Table_2.XLSX	Sheet1	STP6F								aztreonam	<=	0.25		
35756053	Table_2.XLSX	Sheet1	STP6F								cefazolin	<=	0.25		
35756053	Table_2.XLSX	Sheet1	STP6F								cefepime	<=	1		
35756053	Table_2.XLSX	Sheet1	STP6F								cephalothin	<=	0.5		
35756053	Table_2.XLSX	Sheet1	STP6F								meropenem	<=	0.25		
35756053	Table_2.XLSX	Sheet1	STP6F								ertapenem	=	1		mic_sign '=' inferred
35756053	Table_2.XLSX	Sheet1	STP6F								cefuroxime	<=	2/1		
35756053	Table_2.XLSX	Sheet1	STP6F								gentamicin	<=	0.5/9.5		
35756053	Table_2.XLSX	Sheet1	STP6F								piperacillin/tazobactam	=	1		mic_sign '=' inferred
35756053	Table_2.XLSX	Sheet1	STP6F								cefoxitin	=	4		mic_sign '=' inferred
35756053	Table_2.XLSX	Sheet1	STP6F								trimethoprim	>	4		
35756053	Table_2.XLSX	Sheet1	STP6F								sulfamethoxazole	=	0.5		mic_sign '=' inferred
35756053	Table_2.XLSX	Sheet1	STP6F								cefpodoxime	=	1		mic_sign '=' inferred
35756053	Table_2.XLSX	Sheet1	STP6F								ceftazidime	>	2		
35756053	Table_2.XLSX	Sheet1	STP6F								tobramycin	<=	0.5		
35756053	Table_2.XLSX	Sheet1	STP6F								tigecycline	<=	1		
35756053	Table_2.XLSX	Sheet1	STP6F								ticarcillin/clavulanic acid	=	0.03		mic_sign '=' inferred
35756053	Table_2.XLSX	Sheet1	STP6F								amikacin	<=	1		
35756053	Table_2.XLSX	Sheet1	STP6F								ampicillin	>	4		
35756053	Table_2.XLSX	Sheet1	STP6F								ampicillin/sulbactam	<=	0.5		
35756053	Table_2.XLSX	Sheet1	STP6F								aztreonam	<=	0.25		
35756053	Table_2.XLSX	Sheet1	STP6F								cefazolin	<=	0.25		
35756053	Table_2.XLSX	Sheet1	STP6F								cefepime	<=	1		
35756053	Table_2.XLSX	Sheet1	STP6F								cephalothin	<=	0.5		
35756053	Table_2.XLSX	Sheet1	STP6F								meropenem	<=	0.25		
35756053	Table_2.XLSX	Sheet1	STP6F								ertapenem	=	1		mic_sign '=' inferred
35756053	Table_2.XLSX	Sheet1	STP6F								cefuroxime	<=	2/1		
35756053	Table_2.XLSX	Sheet1	STP6F								gentamicin	<=	0.5/9.5		
35756053	Table_2.XLSX	Sheet1	STP6F								piperacillin/tazobactam	=	0.5		mic_sign '=' inferred
35756053	Table_2.XLSX	Sheet1	STP6F								cefoxitin	=	4		mic_sign '=' inferred
35756053	Table_2.XLSX	Sheet1	STP6F								trimethoprim	>	4		
35756053	Table_2.XLSX	Sheet1	STP6F								sulfamethoxazole	=	0.5		mic_sign '=' inferred
35756053	Table_2.XLSX	Sheet1	STP6F								cefpodoxime	>	1		
35756053	Table_2.XLSX	Sheet1	STP6F								ceftazidime	>	2		
35756053	Table_2.XLSX	Sheet1	STP6F								tobramycin	=	1		mic_sign '=' inferred
35756053	Table_2.XLSX	Sheet1	STP6F								tigecycline	<=	1		
35756053	Table_2.XLSX	Sheet1	STP6F								ticarcillin/clavulanic acid	=	0.06		mic_sign '=' inferred
35756053	Table_2.XLSX	Sheet1	STP6F								amikacin	<=	1		
35756053	Table_2.XLSX	Sheet1	STP6F								ampicillin	=	2		mic_sign '=' inferred
35756053	Table_2.XLSX	Sheet1	STP6F								ampicillin/sulbactam	<=	0.5		
35756053	Table_2.XLSX	Sheet1	STP6F								aztreonam	<=	0.25		
35756053	Table_2.XLSX	Sheet1	STP6F								cefazolin	<=	0.25		
35756053	Table_2.XLSX	Sheet1	STP6F								cefepime	<=	1		
35756053	Table_2.XLSX	Sheet1	STP6F								cephalothin	<=	0.5		
35756053	Table_2.XLSX	Sheet1	STP6F								meropenem	<=	0.25		
35756053	Table_2.XLSX	Sheet1	STP6F								ertapenem	<=	0.5		
35756053	Table_2.XLSX	Sheet1	STP6F								cefuroxime	<=	2/1		
35756053	Table_2.XLSX	Sheet1	STP6F								gentamicin	<=	0.5/9.5		
35756053	Table_2.XLSX	Sheet1	STP6F								piperacillin/tazobactam	<=	0.12		
35756053	Table_2.XLSX	Sheet1	STP6F								cefoxitin	=	4		mic_sign '=' inferred
35756053	Table_2.XLSX	Sheet1	STP6F								trimethoprim	>	4		
35756053	Table_2.XLSX	Sheet1	STP6F								sulfamethoxazole	<=	0.12		
35756053	Table_2.XLSX	Sheet1	STP6F								cefpodoxime	=	1		mic_sign '=' inferred
35756053	Table_2.XLSX	Sheet1	STP6F								ceftazidime	>	2		
35756053	Table_2.XLSX	Sheet1	STP6F								tobramycin	<=	0.5		
35756053	Table_2.XLSX	Sheet1	STP6F								tigecycline	<=	1		
35756053	Table_2.XLSX	Sheet1	STP6F								ticarcillin/clavulanic acid	=	0.03		mic_sign '=' inferred
35756053	Table_2.XLSX	Sheet1	STP6F								amikacin	<=	1		
35756053	Table_2.XLSX	Sheet1	STP6F								ampicillin	>	4		
35756053	Table_2.XLSX	Sheet1	STP6F								ampicillin/sulbactam	<=	0.5		
35756053	Table_2.XLSX	Sheet1	STP6F								aztreonam	<=	0.25		
35756053	Table_2.XLSX	Sheet1	STP6F								cefazolin	<=	0.25		
35756053	Table_2.XLSX	Sheet1	STP6F								cefepime	<=	1		
35756053	Table_2.XLSX	Sheet1	STP6F								cephalothin	<=	0.5		
35756053	Table_2.XLSX	Sheet1	STP6F								meropenem	<=	0.25		
35756053	Table_2.XLSX	Sheet1	STP6F								ertapenem	=	2		mic_sign '=' inferred
35756053	Table_2.XLSX	Sheet1	STP6F								cefuroxime	<=	2/1		
35756053	Table_2.XLSX	Sheet1	STP6F								gentamicin	<=	0.5/9.5		
35756053	Table_2.XLSX	Sheet1	STP6F								piperacillin/tazobactam	=	0.5		mic_sign '=' inferred
35756053	Table_2.XLSX	Sheet1	STP6F								cefoxitin	=	4		mic_sign '=' inferred
35756053	Table_2.XLSX	Sheet1	STP6F								trimethoprim	>	4		
35756053	Table_2.XLSX	Sheet1	STP6F								sulfamethoxazole	=	0.5		mic_sign '=' inferred
35756053	Table_2.XLSX	Sheet1	STP6F								cefpodoxime	>	1		
35756053	Table_2.XLSX	Sheet1	STP6F								ceftazidime	>	2		
35756053	Table_2.XLSX	Sheet1	STP6F								tobramycin	<=	0.5		
35756053	Table_2.XLSX	Sheet1	STP6F								tigecycline	<=	1		
35756053	Table_2.XLSX	Sheet1	STP6F								ticarcillin/clavulanic acid	=	0.06		mic_sign '=' inferred
35756053	Table_2.XLSX	Sheet1	STP6F								amikacin	<=	1		
35756053	Table_2.XLSX	Sheet1	STP6F								ampicillin	=	0.06		mic_sign '=' inferred
35756053	Table_2.XLSX	Sheet1	STP6F								ampicillin/sulbactam	=	2		mic_sign '=' inferred
35756053	Table_2.XLSX	Sheet1	STP6F								aztreonam	<=	0.25		
35756053	Table_2.XLSX	Sheet1	STP6F								cefazolin	<=	0.25		
35756053	Table_2.XLSX	Sheet1	STP6F								cefepime	<=	1		
35756053	Table_2.XLSX	Sheet1	STP6F								cephalothin	<=	0.5		
35756053	Table_2.XLSX	Sheet1	STP6F								meropenem	<=	0.25		
35756053	Table_2.XLSX	Sheet1	STP6F								ertapenem	=	4		mic_sign '=' inferred
35756053	Table_2.XLSX	Sheet1	STP6F								cefuroxime	<=	2/1		
35756053	Table_2.XLSX	Sheet1	STP6F								gentamicin	=	4/76		mic_sign '=' inferred
35756053	Table_2.XLSX	Sheet1	STP6F								piperacillin/tazobactam	=	0.5		mic_sign '=' inferred
35756053	Table_2.XLSX	Sheet1	STP6F								cefoxitin	=	1		mic_sign '=' inferred
35756053	Table_2.XLSX	Sheet1	STP6F								trimethoprim	<=	0.5		
35756053	Table_2.XLSX	Sheet1	STP6F								sulfamethoxazole	=	0.5		mic_sign '=' inferred
35756053	Table_2.XLSX	Sheet1	STP6F								cefpodoxime	<=	0.12		
35756053	Table_2.XLSX	Sheet1	STP6F								ceftazidime	<=	0.06		
35756053	Table_2.XLSX	Sheet1	STP6F								tobramycin	=	1		mic_sign '=' inferred
35756053	Table_2.XLSX	Sheet1	STP6F								tigecycline	=	4		mic_sign '=' inferred
35756053	Table_2.XLSX	Sheet1	STP6F								ticarcillin/clavulanic acid	<=	0.015		
35756053	Table_2.XLSX	Sheet1	STP6F								amikacin	<=	1		
35756053	Table_2.XLSX	Sheet1	STP6F								ampicillin	<=	0.03		
35756053	Table_2.XLSX	Sheet1	STP6F								ampicillin/sulbactam	=	1		mic_sign '=' inferred
35756053	Table_2.XLSX	Sheet1	STP6F								aztreonam	<=	0.25		
35756053	Table_2.XLSX	Sheet1	STP6F								cefazolin	<=	0.25		
35756053	Table_2.XLSX	Sheet1	STP6F								cefepime	<=	1		
35756053	Table_2.XLSX	Sheet1	STP6F								cephalothin	<=	0.5		
35756053	Table_2.XLSX	Sheet1	STP6F								meropenem	<=	0.25		
35756053	Table_2.XLSX	Sheet1	STP6F								ertapenem	=	1		mic_sign '=' inferred
35756053	Table_2.XLSX	Sheet1	STP6F								cefuroxime	<=	2/1		
35756053	Table_2.XLSX	Sheet1	STP6F								gentamicin	<=	0.5/9.5		
35756053	Table_2.XLSX	Sheet1	STP6F								piperacillin/tazobactam	=	0.5		mic_sign '=' inferred
35756053	Table_2.XLSX	Sheet1	STP6F								cefoxitin	=	1		mic_sign '=' inferred
35756053	Table_2.XLSX	Sheet1	STP6F								trimethoprim	<=	0.5		
35756053	Table_2.XLSX	Sheet1	STP6F								sulfamethoxazole	=	0.5		mic_sign '=' inferred
35756053	Table_2.XLSX	Sheet1	STP6F								cefpodoxime	<=	0.12		
35756053	Table_2.XLSX	Sheet1	STP6F								ceftazidime	<=	0.06		
35756053	Table_2.XLSX	Sheet1	STP6F								tobramycin	<=	0.5		
35756053	Table_2.XLSX	Sheet1	STP6F								tigecycline	=	8		mic_sign '=' inferred
35756053	Table_2.XLSX	Sheet1	STP6F								ticarcillin/clavulanic acid	<=	0.015		
35756053	Table_2.XLSX	Sheet1	STP6F								amikacin	<=	1		
35756053	Table_2.XLSX	Sheet1	STP6F								ampicillin	<=	0.03		
35756053	Table_2.XLSX	Sheet1	STP6F								ampicillin/sulbactam	<=	0.5		
35756053	Table_2.XLSX	Sheet1	STP6F								aztreonam	<=	0.25		
35756053	Table_2.XLSX	Sheet1	STP6F								cefazolin	<=	0.25		
35756053	Table_2.XLSX	Sheet1	STP6F								cefepime	<=	1		
35756053	Table_2.XLSX	Sheet1	STP6F								cephalothin	<=	0.5		
35756053	Table_2.XLSX	Sheet1	STP6F								meropenem	<=	0.25		
35756053	Table_2.XLSX	Sheet1	STP6F								ertapenem	<=	0.5		
35756053	Table_2.XLSX	Sheet1	STP6F								cefuroxime	<=	2/1		
35756053	Table_2.XLSX	Sheet1	STP6F								gentamicin	<=	0.5/9.5		
35756053	Table_2.XLSX	Sheet1	STP6F								piperacillin/tazobactam	<=	0.12		
35756053	Table_2.XLSX	Sheet1	STP6F								cefoxitin	=	0.5		mic_sign '=' inferred
35756053	Table_2.XLSX	Sheet1	STP6F								trimethoprim	<=	0.5		
35756053	Table_2.XLSX	Sheet1	STP6F								sulfamethoxazole	<=	0.12		
35756053	Table_2.XLSX	Sheet1	STP6F								cefpodoxime	<=	0.12		
35756053	Table_2.XLSX	Sheet1	STP6F								ceftazidime	<=	0.06		
35756053	Table_2.XLSX	Sheet1	STP6F								tobramycin	<=	0.5		
35756053	Table_2.XLSX	Sheet1	STP6F								tigecycline	=	4		mic_sign '=' inferred
35756053	Table_2.XLSX	Sheet1	STP6F								ticarcillin/clavulanic acid	=	0.03		mic_sign '=' inferred
35756053	Table_2.XLSX	Sheet1	STP6F								amikacin	<=	1		
35756053	Table_2.XLSX	Sheet1	STP6F								ampicillin	<=	0.03		
35756053	Table_2.XLSX	Sheet1	STP6F								ampicillin/sulbactam	<=	0.5		
35756053	Table_2.XLSX	Sheet1	STP6F								aztreonam	<=	0.25		
35756053	Table_2.XLSX	Sheet1	STP6F								cefazolin	<=	0.25		
35756053	Table_2.XLSX	Sheet1	STP6F								cefepime	<=	1		
35756053	Table_2.XLSX	Sheet1	STP6F								cephalothin	<=	0.5		
35756053	Table_2.XLSX	Sheet1	STP6F								meropenem	<=	0.25		
35756053	Table_2.XLSX	Sheet1	STP6F								ertapenem	<=	0.5		
35756053	Table_2.XLSX	Sheet1	STP6F								cefuroxime	<=	2/1		
35756053	Table_2.XLSX	Sheet1	STP6F								gentamicin	<=	0.5/9.5		
35756053	Table_2.XLSX	Sheet1	STP6F								piperacillin/tazobactam	<=	0.12		
35756053	Table_2.XLSX	Sheet1	STP6F								cefoxitin	=	1		mic_sign '=' inferred
35756053	Table_2.XLSX	Sheet1	STP6F								trimethoprim	<=	0.5		
35756053	Table_2.XLSX	Sheet1	STP6F								sulfamethoxazole	<=	0.12		
35756053	Table_2.XLSX	Sheet1	STP6F								cefpodoxime	=	0.25		mic_sign '=' inferred
35756053	Table_2.XLSX	Sheet1	STP6F								ceftazidime	=	0.12		mic_sign '=' inferred
35756053	Table_2.XLSX	Sheet1	STP6F								tobramycin	<=	0.5		
35756053	Table_2.XLSX	Sheet1	STP6F								tigecycline	=	4		mic_sign '=' inferred
35756053	Table_2.XLSX	Sheet1	STP6F								ticarcillin/clavulanic acid	=	0.06		mic_sign '=' inferred
35756053	Table_2.XLSX	Sheet1	STP6F								amikacin	<=	1		
35756053	Table_2.XLSX	Sheet1	STP6F								ampicillin	<=	0.03		
35756053	Table_2.XLSX	Sheet1	STP6F								ampicillin/sulbactam	<=	0.5		
35756053	Table_2.XLSX	Sheet1	STP6F								aztreonam	<=	0.25		
35756053	Table_2.XLSX	Sheet1	STP6F								cefazolin	<=	0.25		
35756053	Table_2.XLSX	Sheet1	STP6F								cefepime	<=	1		
35756053	Table_2.XLSX	Sheet1	STP6F								cephalothin	<=	0.5		
35756053	Table_2.XLSX	Sheet1	STP6F								meropenem	<=	0.25		
35756053	Table_2.XLSX	Sheet1	STP6F								ertapenem	<=	0.5		
35756053	Table_2.XLSX	Sheet1	STP6F								cefuroxime	<=	2/1		
35756053	Table_2.XLSX	Sheet1	STP6F								gentamicin	<=	0.5/9.5		
35756053	Table_2.XLSX	Sheet1	STP6F								piperacillin/tazobactam	<=	0.12		
35756053	Table_2.XLSX	Sheet1	STP6F								cefoxitin	=	0.5		mic_sign '=' inferred
35756053	Table_2.XLSX	Sheet1	STP6F								trimethoprim	<=	0.5		
35756053	Table_2.XLSX	Sheet1	STP6F								sulfamethoxazole	<=	0.12		
35756053	Table_2.XLSX	Sheet1	STP6F								cefpodoxime	=	0.25		mic_sign '=' inferred
35756053	Table_2.XLSX	Sheet1	STP6F								ceftazidime	<=	0.06		
35756053	Table_2.XLSX	Sheet1	STP6F								tobramycin	<=	0.5		
35756053	Table_2.XLSX	Sheet1	STP6F								tigecycline	=	4		mic_sign '=' inferred
35756053	Table_2.XLSX	Sheet1	STP6F								ticarcillin/clavulanic acid	=	0.06		mic_sign '=' inferred
35756053	Table_2.XLSX	Sheet1	GPALL1F								amikacin	<=	2		
35756053	Table_2.XLSX	Sheet1	GPALL1F								ampicillin	<=	0.25		
35756053	Table_2.XLSX	Sheet1	GPALL1F								ampicillin/sulbactam	=	1		mic_sign '=' inferred
35756053	Table_2.XLSX	Sheet1	GPALL1F								aztreonam	<=	0.5		
35756053	Table_2.XLSX	Sheet1	GPALL1F								cefazolin	=	4		mic_sign '=' inferred
35756053	Table_2.XLSX	Sheet1	GPALL1F								cefepime	<=	2		
35756053	Table_2.XLSX	Sheet1	GPALL1F								cephalothin	=	0.5		mic_sign '=' inferred
35756053	Table_2.XLSX	Sheet1	GPALL1F								meropenem	<=	1		
35756053	Table_2.XLSX	Sheet1	GPALL1F								ertapenem	=	0.5		mic_sign '=' inferred
35756053	Table_2.XLSX	Sheet1	GPALL1F								cefuroxime	<=	0.5		
35756053	Table_2.XLSX	Sheet1	GPALL1F								gentamicin	=	0.5		mic_sign '=' inferred
35756053	Table_2.XLSX	Sheet1	GPALL1F								ciprofloxacin	<=	0.5/9.5		
35756053	Table_2.XLSX	Sheet1	GPALL1F								cefoxitin	<=	0.25		
35756053	Table_2.XLSX	Sheet1	GPALL1F								trimethoprim	<=	1		
35756053	Table_2.XLSX	Sheet1	GPALL1F								sulfamethoxazole	<=	0.5		
35756053	Table_2.XLSX	Sheet1	GPALL1F								tobramycin	<=	0.03		
35756053	Table_2.XLSX	Sheet1	GPALL1F								tigecycline	>	64		
35756053	Table_2.XLSX	Sheet1	GPALL1F								ticarcillin/clavulanic acid	<=	2		
35756053	Table_2.XLSX	Sheet1	GPALL1F								ceftriaxone	<=	0.25		
35756053	Table_2.XLSX	Sheet1	GPALL1F								amikacin	<=	2		
35756053	Table_2.XLSX	Sheet1	GPALL1F								ampicillin	<=	0.25		
35756053	Table_2.XLSX	Sheet1	GPALL1F								ampicillin/sulbactam	=	1		mic_sign '=' inferred
35756053	Table_2.XLSX	Sheet1	GPALL1F								aztreonam	<=	0.5		
35756053	Table_2.XLSX	Sheet1	GPALL1F								cefazolin	=	4		mic_sign '=' inferred
35756053	Table_2.XLSX	Sheet1	GPALL1F								cefepime	<=	2		
35756053	Table_2.XLSX	Sheet1	GPALL1F								cephalothin	=	0.5		mic_sign '=' inferred
35756053	Table_2.XLSX	Sheet1	GPALL1F								meropenem	<=	1		
35756053	Table_2.XLSX	Sheet1	GPALL1F								ertapenem	=	0.5		mic_sign '=' inferred
35756053	Table_2.XLSX	Sheet1	GPALL1F								cefuroxime	<=	0.5		
35756053	Table_2.XLSX	Sheet1	GPALL1F								gentamicin	=	0.5		mic_sign '=' inferred
35756053	Table_2.XLSX	Sheet1	GPALL1F								ciprofloxacin	<=	0.5/9.5		
35756053	Table_2.XLSX	Sheet1	GPALL1F								cefoxitin	<=	0.25		
35756053	Table_2.XLSX	Sheet1	GPALL1F								trimethoprim	<=	1		
35756053	Table_2.XLSX	Sheet1	GPALL1F								sulfamethoxazole	<=	0.5		
35756053	Table_2.XLSX	Sheet1	GPALL1F								tobramycin	<=	0.03		
35756053	Table_2.XLSX	Sheet1	GPALL1F								tigecycline	>	64		
35756053	Table_2.XLSX	Sheet1	GPALL1F								ticarcillin/clavulanic acid	<=	2		
35756053	Table_2.XLSX	Sheet1	GPALL1F								ceftriaxone	<=	0.25		
35756053	Table_2.XLSX	Sheet1	GPALL1F								amikacin	>	16		
35756053	Table_2.XLSX	Sheet1	GPALL1F								ampicillin	>	4		
35756053	Table_2.XLSX	Sheet1	GPALL1F								ampicillin/sulbactam	>	2		
35756053	Table_2.XLSX	Sheet1	GPALL1F								aztreonam	<=	0.5		
35756053	Table_2.XLSX	Sheet1	GPALL1F								cefazolin	>	4		
35756053	Table_2.XLSX	Sheet1	GPALL1F								cefepime	<=	2		
35756053	Table_2.XLSX	Sheet1	GPALL1F								cephalothin	>	8		
35756053	Table_2.XLSX	Sheet1	GPALL1F								meropenem	<=	1		
35756053	Table_2.XLSX	Sheet1	GPALL1F								ertapenem	>	8		
35756053	Table_2.XLSX	Sheet1	GPALL1F								cefuroxime	<=	0.5		
35756053	Table_2.XLSX	Sheet1	GPALL1F								gentamicin	=	0.5		mic_sign '=' inferred
35756053	Table_2.XLSX	Sheet1	GPALL1F								ciprofloxacin	>	4/76		
35756053	Table_2.XLSX	Sheet1	GPALL1F								cefoxitin	=	4		mic_sign '=' inferred
35756053	Table_2.XLSX	Sheet1	GPALL1F								trimethoprim	>	2		
35756053	Table_2.XLSX	Sheet1	GPALL1F								sulfamethoxazole	<=	0.5		
35756053	Table_2.XLSX	Sheet1	GPALL1F								tobramycin	=	0.25		mic_sign '=' inferred
35756053	Table_2.XLSX	Sheet1	GPALL1F								tigecycline	>	64		
35756053	Table_2.XLSX	Sheet1	GPALL1F								ticarcillin/clavulanic acid	>	16		
35756053	Table_2.XLSX	Sheet1	GPALL1F								ceftriaxone	=	2		mic_sign '=' inferred
35756053	Table_2.XLSX	Sheet1	EUSTAPF								amikacin	<=	0.5		
35756053	Table_2.XLSX	Sheet1	EUSTAPF								ampicillin	<=	0.5		
35756053	Table_2.XLSX	Sheet1	EUSTAPF								ampicillin/sulbactam	<=	1/19		
35756053	Table_2.XLSX	Sheet1	EUSTAPF								cefazolin	<=	0.5		
35756053	Table_2.XLSX	Sheet1	EUSTAPF								cefepime	=	4		mic_sign '=' inferred
35756053	Table_2.XLSX	Sheet1	EUSTAPF								cephalothin	<=	0.12		
35756053	Table_2.XLSX	Sheet1	EUSTAPF								meropenem	<=	0.5		
35756053	Table_2.XLSX	Sheet1	EUSTAPF								ertapenem	<=	0.5		
35756053	Table_2.XLSX	Sheet1	EUSTAPF								cefuroxime	<=	1		
35756053	Table_2.XLSX	Sheet1	EUSTAPF								gentamicin	<=	4		
35756053	Table_2.XLSX	Sheet1	EUSTAPF								ciprofloxacin	=	0.5		mic_sign '=' inferred
35756053	Table_2.XLSX	Sheet1	EUSTAPF								piperacillin/tazobactam	=	0.06		mic_sign '=' inferred
35756053	Table_2.XLSX	Sheet1	EUSTAPF								cefoxitin	<=	0.25		
35756053	Table_2.XLSX	Sheet1	EUSTAPF								trimethoprim	<=	0.25		
35756053	Table_2.XLSX	Sheet1	EUSTAPF								sulfamethoxazole	=	1		mic_sign '=' inferred
35756053	Table_2.XLSX	Sheet1	EUSTAPF								cefpodoxime	<=	0.03		
35756053	Table_2.XLSX	Sheet1	EUSTAPF								ceftazidime	<=	0.5		
35756053	Table_2.XLSX	Sheet1	EUSTAPF								tobramycin	<=	0.25		
35756053	Table_2.XLSX	Sheet1	EUSTAPF								tigecycline	=	4		mic_sign '=' inferred
35756053	Table_2.XLSX	Sheet1	EUSTAPF								amikacin	<=	0.5		
35756053	Table_2.XLSX	Sheet1	EUSTAPF								ampicillin	<=	0.5		
35756053	Table_2.XLSX	Sheet1	EUSTAPF								ampicillin/sulbactam	<=	1/19		
35756053	Table_2.XLSX	Sheet1	EUSTAPF								cefazolin	<=	0.5		
35756053	Table_2.XLSX	Sheet1	EUSTAPF								cefepime	<=	2		
35756053	Table_2.XLSX	Sheet1	EUSTAPF								cephalothin	<=	0.12		
35756053	Table_2.XLSX	Sheet1	EUSTAPF								meropenem	<=	0.5		
35756053	Table_2.XLSX	Sheet1	EUSTAPF								ertapenem	<=	0.5		
35756053	Table_2.XLSX	Sheet1	EUSTAPF								cefuroxime	<=	1		
35756053	Table_2.XLSX	Sheet1	EUSTAPF								gentamicin	<=	4		
35756053	Table_2.XLSX	Sheet1	EUSTAPF								ciprofloxacin	=	0.5		mic_sign '=' inferred
35756053	Table_2.XLSX	Sheet1	EUSTAPF								piperacillin/tazobactam	=	0.06		mic_sign '=' inferred
35756053	Table_2.XLSX	Sheet1	EUSTAPF								cefoxitin	<=	0.25		
35756053	Table_2.XLSX	Sheet1	EUSTAPF								trimethoprim	<=	0.25		
35756053	Table_2.XLSX	Sheet1	EUSTAPF								sulfamethoxazole	=	1		mic_sign '=' inferred
35756053	Table_2.XLSX	Sheet1	EUSTAPF								cefpodoxime	<=	0.03		
35756053	Table_2.XLSX	Sheet1	EUSTAPF								ceftazidime	<=	0.5		
35756053	Table_2.XLSX	Sheet1	EUSTAPF								tobramycin	<=	0.25		
35756053	Table_2.XLSX	Sheet1	EUSTAPF								tigecycline	=	4		mic_sign '=' inferred
35756053	Table_2.XLSX	Sheet1	EUSTAPF								amikacin	<=	0.5		
35756053	Table_2.XLSX	Sheet1	EUSTAPF								ampicillin	>	4		
35756053	Table_2.XLSX	Sheet1	EUSTAPF								ampicillin/sulbactam	<=	1/19		
35756053	Table_2.XLSX	Sheet1	EUSTAPF								cefazolin	<=	0.5		
35756053	Table_2.XLSX	Sheet1	EUSTAPF								cefepime	=	4		mic_sign '=' inferred
35756053	Table_2.XLSX	Sheet1	EUSTAPF								cephalothin	<=	0.12		
35756053	Table_2.XLSX	Sheet1	EUSTAPF								meropenem	<=	0.5		
35756053	Table_2.XLSX	Sheet1	EUSTAPF								ertapenem	<=	0.5		
35756053	Table_2.XLSX	Sheet1	EUSTAPF								cefuroxime	<=	1		
35756053	Table_2.XLSX	Sheet1	EUSTAPF								gentamicin	<=	4		
35756053	Table_2.XLSX	Sheet1	EUSTAPF								ciprofloxacin	=	0.5		mic_sign '=' inferred
35756053	Table_2.XLSX	Sheet1	EUSTAPF								piperacillin/tazobactam	=	0.06		mic_sign '=' inferred
35756053	Table_2.XLSX	Sheet1	EUSTAPF								cefoxitin	<=	0.25		
35756053	Table_2.XLSX	Sheet1	EUSTAPF								trimethoprim	=	0.5		mic_sign '=' inferred
35756053	Table_2.XLSX	Sheet1	EUSTAPF								sulfamethoxazole	=	1		mic_sign '=' inferred
35756053	Table_2.XLSX	Sheet1	EUSTAPF								cefpodoxime	<=	0.03		
35756053	Table_2.XLSX	Sheet1	EUSTAPF								ceftazidime	<=	0.5		
35756053	Table_2.XLSX	Sheet1	EUSTAPF								tobramycin	<=	0.25		
35756053	Table_2.XLSX	Sheet1	EUSTAPF								tigecycline	=	2		mic_sign '=' inferred
35756053	Table_2.XLSX	Sheet1	EUSTAPF								amikacin	<=	0.5		
35756053	Table_2.XLSX	Sheet1	EUSTAPF								ampicillin	<=	0.5		
35756053	Table_2.XLSX	Sheet1	EUSTAPF								ampicillin/sulbactam	<=	1/19		
35756053	Table_2.XLSX	Sheet1	EUSTAPF								cefazolin	<=	0.5		
35756053	Table_2.XLSX	Sheet1	EUSTAPF								cefepime	<=	2		
35756053	Table_2.XLSX	Sheet1	EUSTAPF								cephalothin	<=	0.12		
35756053	Table_2.XLSX	Sheet1	EUSTAPF								meropenem	<=	0.5		
35756053	Table_2.XLSX	Sheet1	EUSTAPF								ertapenem	<=	0.5		
35756053	Table_2.XLSX	Sheet1	EUSTAPF								cefuroxime	<=	1		
35756053	Table_2.XLSX	Sheet1	EUSTAPF								gentamicin	<=	4		
35756053	Table_2.XLSX	Sheet1	EUSTAPF								ciprofloxacin	=	0.5		mic_sign '=' inferred
35756053	Table_2.XLSX	Sheet1	EUSTAPF								piperacillin/tazobactam	=	0.06		mic_sign '=' inferred
35756053	Table_2.XLSX	Sheet1	EUSTAPF								cefoxitin	<=	0.25		
35756053	Table_2.XLSX	Sheet1	EUSTAPF								trimethoprim	<=	0.25		
35756053	Table_2.XLSX	Sheet1	EUSTAPF								sulfamethoxazole	=	1		mic_sign '=' inferred
35756053	Table_2.XLSX	Sheet1	EUSTAPF								cefpodoxime	<=	0.03		
35756053	Table_2.XLSX	Sheet1	EUSTAPF								ceftazidime	<=	0.5		
35756053	Table_2.XLSX	Sheet1	EUSTAPF								tobramycin	<=	0.25		
35756053	Table_2.XLSX	Sheet1	EUSTAPF								tigecycline	=	2		mic_sign '=' inferred
35756053	Table_2.XLSX	Sheet1	EUSTAPF								amikacin	<=	0.5		
35756053	Table_2.XLSX	Sheet1	EUSTAPF								ampicillin	<=	0.5		
35756053	Table_2.XLSX	Sheet1	EUSTAPF								ampicillin/sulbactam	<=	1/19		
35756053	Table_2.XLSX	Sheet1	EUSTAPF								cefazolin	<=	0.5		
35756053	Table_2.XLSX	Sheet1	EUSTAPF								cefepime	=	4		mic_sign '=' inferred
35756053	Table_2.XLSX	Sheet1	EUSTAPF								cephalothin	<=	0.12		
35756053	Table_2.XLSX	Sheet1	EUSTAPF								meropenem	<=	0.5		
35756053	Table_2.XLSX	Sheet1	EUSTAPF								ertapenem	<=	0.5		
35756053	Table_2.XLSX	Sheet1	EUSTAPF								cefuroxime	<=	1		
35756053	Table_2.XLSX	Sheet1	EUSTAPF								gentamicin	<=	4		
35756053	Table_2.XLSX	Sheet1	EUSTAPF								ciprofloxacin	=	0.5		mic_sign '=' inferred
35756053	Table_2.XLSX	Sheet1	EUSTAPF								piperacillin/tazobactam	=	0.06		mic_sign '=' inferred
35756053	Table_2.XLSX	Sheet1	EUSTAPF								cefoxitin	<=	0.25		
35756053	Table_2.XLSX	Sheet1	EUSTAPF								trimethoprim	<=	0.25		
35756053	Table_2.XLSX	Sheet1	EUSTAPF								sulfamethoxazole	=	1		mic_sign '=' inferred
35756053	Table_2.XLSX	Sheet1	EUSTAPF								cefpodoxime	<=	0.03		
35756053	Table_2.XLSX	Sheet1	EUSTAPF								ceftazidime	<=	0.5		
35756053	Table_2.XLSX	Sheet1	EUSTAPF								tobramycin	<=	0.25		
35756053	Table_2.XLSX	Sheet1	EUSTAPF								tigecycline	=	2		mic_sign '=' inferred
35756053	Table_2.XLSX	Sheet1	EUSTAPF								amikacin	<=	0.5		
35756053	Table_2.XLSX	Sheet1	EUSTAPF								ampicillin	=	4		mic_sign '=' inferred
35756053	Table_2.XLSX	Sheet1	EUSTAPF								ampicillin/sulbactam	<=	1/19		
35756053	Table_2.XLSX	Sheet1	EUSTAPF								cefazolin	<=	0.5		
35756053	Table_2.XLSX	Sheet1	EUSTAPF								cefepime	=	4		mic_sign '=' inferred
35756053	Table_2.XLSX	Sheet1	EUSTAPF								cephalothin	<=	0.12		
35756053	Table_2.XLSX	Sheet1	EUSTAPF								meropenem	<=	0.5		
35756053	Table_2.XLSX	Sheet1	EUSTAPF								ertapenem	<=	0.5		
35756053	Table_2.XLSX	Sheet1	EUSTAPF								cefuroxime	<=	1		
35756053	Table_2.XLSX	Sheet1	EUSTAPF								gentamicin	<=	4		
35756053	Table_2.XLSX	Sheet1	EUSTAPF								ciprofloxacin	=	0.5		mic_sign '=' inferred
35756053	Table_2.XLSX	Sheet1	EUSTAPF								piperacillin/tazobactam	=	0.06		mic_sign '=' inferred
35756053	Table_2.XLSX	Sheet1	EUSTAPF								cefoxitin	<=	0.25		
35756053	Table_2.XLSX	Sheet1	EUSTAPF								trimethoprim	<=	0.25		
35756053	Table_2.XLSX	Sheet1	EUSTAPF								sulfamethoxazole	=	1		mic_sign '=' inferred
35756053	Table_2.XLSX	Sheet1	EUSTAPF								cefpodoxime	<=	0.03		
35756053	Table_2.XLSX	Sheet1	EUSTAPF								ceftazidime	<=	0.5		
35756053	Table_2.XLSX	Sheet1	EUSTAPF								tobramycin	<=	0.25		
35756053	Table_2.XLSX	Sheet1	EUSTAPF								tigecycline	=	2		mic_sign '=' inferred
35756053	Table_2.XLSX	Sheet1	EUSTAPF								amikacin	<=	0.5		
35756053	Table_2.XLSX	Sheet1	EUSTAPF								ampicillin	>	4		
35756053	Table_2.XLSX	Sheet1	EUSTAPF								ampicillin/sulbactam	<=	1/19		
35756053	Table_2.XLSX	Sheet1	EUSTAPF								cefazolin	<=	0.5		
35756053	Table_2.XLSX	Sheet1	EUSTAPF								cefepime	<=	2		
35756053	Table_2.XLSX	Sheet1	EUSTAPF								cephalothin	<=	0.12		
35756053	Table_2.XLSX	Sheet1	EUSTAPF								meropenem	<=	0.5		
35756053	Table_2.XLSX	Sheet1	EUSTAPF								ertapenem	<=	0.5		
35756053	Table_2.XLSX	Sheet1	EUSTAPF								cefuroxime	<=	1		
35756053	Table_2.XLSX	Sheet1	EUSTAPF								gentamicin	<=	4		
35756053	Table_2.XLSX	Sheet1	EUSTAPF								ciprofloxacin	=	0.5		mic_sign '=' inferred
35756053	Table_2.XLSX	Sheet1	EUSTAPF								piperacillin/tazobactam	=	0.06		mic_sign '=' inferred
35756053	Table_2.XLSX	Sheet1	EUSTAPF								cefoxitin	<=	0.25		
35756053	Table_2.XLSX	Sheet1	EUSTAPF								trimethoprim	<=	0.25		
35756053	Table_2.XLSX	Sheet1	EUSTAPF								sulfamethoxazole	=	1		mic_sign '=' inferred
35756053	Table_2.XLSX	Sheet1	EUSTAPF								cefpodoxime	<=	0.03		
35756053	Table_2.XLSX	Sheet1	EUSTAPF								ceftazidime	<=	0.5		
35756053	Table_2.XLSX	Sheet1	EUSTAPF								tobramycin	<=	0.25		
35756053	Table_2.XLSX	Sheet1	EUSTAPF								tigecycline	=	2		mic_sign '=' inferred
35756053	Table_2.XLSX	Sheet1	EUSTAPF								amikacin	<=	0.5		
35756053	Table_2.XLSX	Sheet1	EUSTAPF								ampicillin	>	4		
35756053	Table_2.XLSX	Sheet1	EUSTAPF								ampicillin/sulbactam	<=	1/19		
35756053	Table_2.XLSX	Sheet1	EUSTAPF								cefazolin	<=	0.5		
35756053	Table_2.XLSX	Sheet1	EUSTAPF								cefepime	<=	2		
35756053	Table_2.XLSX	Sheet1	EUSTAPF								cephalothin	<=	0.12		
35756053	Table_2.XLSX	Sheet1	EUSTAPF								meropenem	<=	0.5		
35756053	Table_2.XLSX	Sheet1	EUSTAPF								ertapenem	<=	0.5		
35756053	Table_2.XLSX	Sheet1	EUSTAPF								cefuroxime	<=	1		
35756053	Table_2.XLSX	Sheet1	EUSTAPF								gentamicin	<=	4		
35756053	Table_2.XLSX	Sheet1	EUSTAPF								ciprofloxacin	=	0.5		mic_sign '=' inferred
35756053	Table_2.XLSX	Sheet1	EUSTAPF								piperacillin/tazobactam	=	0.06		mic_sign '=' inferred
35756053	Table_2.XLSX	Sheet1	EUSTAPF								cefoxitin	<=	0.25		
35756053	Table_2.XLSX	Sheet1	EUSTAPF								trimethoprim	=	0.5		mic_sign '=' inferred
35756053	Table_2.XLSX	Sheet1	EUSTAPF								sulfamethoxazole	=	1		mic_sign '=' inferred
35756053	Table_2.XLSX	Sheet1	EUSTAPF								cefpodoxime	<=	0.03		
35756053	Table_2.XLSX	Sheet1	EUSTAPF								ceftazidime	<=	0.5		
35756053	Table_2.XLSX	Sheet1	EUSTAPF								tobramycin	<=	0.25		
35756053	Table_2.XLSX	Sheet1	EUSTAPF								tigecycline	=	4		mic_sign '=' inferred
35756053	Table_2.XLSX	Sheet1	EUSTAPF								amikacin	<=	0.5		
35756053	Table_2.XLSX	Sheet1	EUSTAPF								ampicillin	<=	0.5		
35756053	Table_2.XLSX	Sheet1	EUSTAPF								ampicillin/sulbactam	<=	1/19		
35756053	Table_2.XLSX	Sheet1	EUSTAPF								cefazolin	<=	0.5		
35756053	Table_2.XLSX	Sheet1	EUSTAPF								cefepime	<=	2		
35756053	Table_2.XLSX	Sheet1	EUSTAPF								cephalothin	<=	0.12		
35756053	Table_2.XLSX	Sheet1	EUSTAPF								meropenem	<=	0.5		
35756053	Table_2.XLSX	Sheet1	EUSTAPF								ertapenem	<=	0.5		
35756053	Table_2.XLSX	Sheet1	EUSTAPF								cefuroxime	<=	1		
35756053	Table_2.XLSX	Sheet1	EUSTAPF								gentamicin	<=	4		
35756053	Table_2.XLSX	Sheet1	EUSTAPF								ciprofloxacin	=	0.5		mic_sign '=' inferred
35756053	Table_2.XLSX	Sheet1	EUSTAPF								piperacillin/tazobactam	=	0.06		mic_sign '=' inferred
35756053	Table_2.XLSX	Sheet1	EUSTAPF								cefoxitin	=	0.5		mic_sign '=' inferred
35756053	Table_2.XLSX	Sheet1	EUSTAPF								trimethoprim	=	0.5		mic_sign '=' inferred
35756053	Table_2.XLSX	Sheet1	EUSTAPF								sulfamethoxazole	=	1		mic_sign '=' inferred
35756053	Table_2.XLSX	Sheet1	EUSTAPF								cefpodoxime	<=	0.03		
35756053	Table_2.XLSX	Sheet1	EUSTAPF								ceftazidime	<=	0.5		
35756053	Table_2.XLSX	Sheet1	EUSTAPF								tobramycin	<=	0.25		
35756053	Table_2.XLSX	Sheet1	EUSTAPF								tigecycline	=	4		mic_sign '=' inferred
35756053	Table_2.XLSX	Sheet1	EUSTAPF								amikacin	<=	0.5		
35756053	Table_2.XLSX	Sheet1	EUSTAPF								ampicillin	<=	0.5		
35756053	Table_2.XLSX	Sheet1	EUSTAPF								ampicillin/sulbactam	<=	1/19		
35756053	Table_2.XLSX	Sheet1	EUSTAPF								cefazolin	<=	0.5		
35756053	Table_2.XLSX	Sheet1	EUSTAPF								cefepime	<=	2		
35756053	Table_2.XLSX	Sheet1	EUSTAPF								cephalothin	<=	0.12		
35756053	Table_2.XLSX	Sheet1	EUSTAPF								meropenem	<=	0.5		
35756053	Table_2.XLSX	Sheet1	EUSTAPF								ertapenem	<=	0.5		
35756053	Table_2.XLSX	Sheet1	EUSTAPF								cefuroxime	<=	1		
35756053	Table_2.XLSX	Sheet1	EUSTAPF								gentamicin	<=	4		
35756053	Table_2.XLSX	Sheet1	EUSTAPF								ciprofloxacin	=	0.5		mic_sign '=' inferred
35756053	Table_2.XLSX	Sheet1	EUSTAPF								piperacillin/tazobactam	=	0.06		mic_sign '=' inferred
35756053	Table_2.XLSX	Sheet1	EUSTAPF								cefoxitin	<=	0.25		
35756053	Table_2.XLSX	Sheet1	EUSTAPF								trimethoprim	<=	0.25		
35756053	Table_2.XLSX	Sheet1	EUSTAPF								sulfamethoxazole	=	1		mic_sign '=' inferred
35756053	Table_2.XLSX	Sheet1	EUSTAPF								cefpodoxime	<=	0.03		
35756053	Table_2.XLSX	Sheet1	EUSTAPF								ceftazidime	<=	0.5		
35756053	Table_2.XLSX	Sheet1	EUSTAPF								tobramycin	<=	0.25		
35756053	Table_2.XLSX	Sheet1	EUSTAPF								tigecycline	=	2		mic_sign '=' inferred
35756053	Table_2.XLSX	Sheet1	EUSTAPF								amikacin	<=	0.5		
35756053	Table_2.XLSX	Sheet1	EUSTAPF								ampicillin	>	4		
35756053	Table_2.XLSX	Sheet1	EUSTAPF								ampicillin/sulbactam	<=	1/19		
35756053	Table_2.XLSX	Sheet1	EUSTAPF								cefazolin	<=	0.5		
35756053	Table_2.XLSX	Sheet1	EUSTAPF								cefepime	<=	2		
35756053	Table_2.XLSX	Sheet1	EUSTAPF								cephalothin	<=	0.12		
35756053	Table_2.XLSX	Sheet1	EUSTAPF								meropenem	<=	0.5		
35756053	Table_2.XLSX	Sheet1	EUSTAPF								ertapenem	<=	0.5		
35756053	Table_2.XLSX	Sheet1	EUSTAPF								cefuroxime	<=	1		
35756053	Table_2.XLSX	Sheet1	EUSTAPF								gentamicin	<=	4		
35756053	Table_2.XLSX	Sheet1	EUSTAPF								ciprofloxacin	=	0.5		mic_sign '=' inferred
35756053	Table_2.XLSX	Sheet1	EUSTAPF								piperacillin/tazobactam	=	0.06		mic_sign '=' inferred
35756053	Table_2.XLSX	Sheet1	EUSTAPF								cefoxitin	<=	0.25		
35756053	Table_2.XLSX	Sheet1	EUSTAPF								trimethoprim	<=	0.25		
35756053	Table_2.XLSX	Sheet1	EUSTAPF								sulfamethoxazole	=	1		mic_sign '=' inferred
35756053	Table_2.XLSX	Sheet1	EUSTAPF								cefpodoxime	<=	0.03		
35756053	Table_2.XLSX	Sheet1	EUSTAPF								ceftazidime	<=	0.5		
35756053	Table_2.XLSX	Sheet1	EUSTAPF								tobramycin	<=	0.25		
35756053	Table_2.XLSX	Sheet1	EUSTAPF								tigecycline	=	4		mic_sign '=' inferred
35756053	Table_2.XLSX	Sheet1	EUSTAPF								amikacin	<=	0.5		
35756053	Table_2.XLSX	Sheet1	EUSTAPF								ampicillin	<=	0.5		
35756053	Table_2.XLSX	Sheet1	EUSTAPF								ampicillin/sulbactam	<=	1/19		
35756053	Table_2.XLSX	Sheet1	EUSTAPF								cefazolin	<=	0.5		
35756053	Table_2.XLSX	Sheet1	EUSTAPF								cefepime	<=	2		
35756053	Table_2.XLSX	Sheet1	EUSTAPF								cephalothin	<=	0.12		
35756053	Table_2.XLSX	Sheet1	EUSTAPF								meropenem	<=	0.5		
35756053	Table_2.XLSX	Sheet1	EUSTAPF								ertapenem	<=	0.5		
35756053	Table_2.XLSX	Sheet1	EUSTAPF								cefuroxime	<=	1		
35756053	Table_2.XLSX	Sheet1	EUSTAPF								gentamicin	<=	4		
35756053	Table_2.XLSX	Sheet1	EUSTAPF								ciprofloxacin	=	0.5		mic_sign '=' inferred
35756053	Table_2.XLSX	Sheet1	EUSTAPF								piperacillin/tazobactam	=	0.06		mic_sign '=' inferred
35756053	Table_2.XLSX	Sheet1	EUSTAPF								cefoxitin	<=	0.25		
35756053	Table_2.XLSX	Sheet1	EUSTAPF								trimethoprim	<=	0.25		
35756053	Table_2.XLSX	Sheet1	EUSTAPF								sulfamethoxazole	=	1		mic_sign '=' inferred
35756053	Table_2.XLSX	Sheet1	EUSTAPF								cefpodoxime	<=	0.03		
35756053	Table_2.XLSX	Sheet1	EUSTAPF								ceftazidime	<=	0.5		
35756053	Table_2.XLSX	Sheet1	EUSTAPF								tobramycin	<=	0.25		
35756053	Table_2.XLSX	Sheet1	EUSTAPF								tigecycline	=	4		mic_sign '=' inferred
35756053	Table_2.XLSX	Sheet1	EUSTAPF								amikacin	<=	0.5		
35756053	Table_2.XLSX	Sheet1	EUSTAPF								ampicillin	=	2		mic_sign '=' inferred
35756053	Table_2.XLSX	Sheet1	EUSTAPF								ampicillin/sulbactam	<=	1/19		
35756053	Table_2.XLSX	Sheet1	EUSTAPF								cefazolin	<=	0.5		
35756053	Table_2.XLSX	Sheet1	EUSTAPF								cefepime	<=	2		
35756053	Table_2.XLSX	Sheet1	EUSTAPF								cephalothin	<=	0.12		
35756053	Table_2.XLSX	Sheet1	EUSTAPF								meropenem	<=	0.5		
35756053	Table_2.XLSX	Sheet1	EUSTAPF								ertapenem	<=	0.5		
35756053	Table_2.XLSX	Sheet1	EUSTAPF								cefuroxime	<=	1		
35756053	Table_2.XLSX	Sheet1	EUSTAPF								gentamicin	<=	4		
35756053	Table_2.XLSX	Sheet1	EUSTAPF								ciprofloxacin	<=	0.25		
35756053	Table_2.XLSX	Sheet1	EUSTAPF								piperacillin/tazobactam	=	0.06		mic_sign '=' inferred
35756053	Table_2.XLSX	Sheet1	EUSTAPF								cefoxitin	<=	0.25		
35756053	Table_2.XLSX	Sheet1	EUSTAPF								trimethoprim	<=	0.25		
35756053	Table_2.XLSX	Sheet1	EUSTAPF								sulfamethoxazole	=	1		mic_sign '=' inferred
35756053	Table_2.XLSX	Sheet1	EUSTAPF								cefpodoxime	<=	0.03		
35756053	Table_2.XLSX	Sheet1	EUSTAPF								ceftazidime	<=	0.5		
35756053	Table_2.XLSX	Sheet1	EUSTAPF								tobramycin	<=	0.25		
35756053	Table_2.XLSX	Sheet1	EUSTAPF								tigecycline	=	4		mic_sign '=' inferred
35756053	Table_2.XLSX	Sheet1	EUSTAPF								amikacin	<=	0.5		
35756053	Table_2.XLSX	Sheet1	EUSTAPF								ampicillin	<=	0.5		
35756053	Table_2.XLSX	Sheet1	EUSTAPF								ampicillin/sulbactam	<=	1/19		
35756053	Table_2.XLSX	Sheet1	EUSTAPF								cefazolin	<=	0.5		
35756053	Table_2.XLSX	Sheet1	EUSTAPF								cefepime	<=	2		
35756053	Table_2.XLSX	Sheet1	EUSTAPF								cephalothin	<=	0.12		
35756053	Table_2.XLSX	Sheet1	EUSTAPF								meropenem	<=	0.5		
35756053	Table_2.XLSX	Sheet1	EUSTAPF								ertapenem	<=	0.5		
35756053	Table_2.XLSX	Sheet1	EUSTAPF								cefuroxime	<=	1		
35756053	Table_2.XLSX	Sheet1	EUSTAPF								gentamicin	<=	4		
35756053	Table_2.XLSX	Sheet1	EUSTAPF								ciprofloxacin	=	0.5		mic_sign '=' inferred
35756053	Table_2.XLSX	Sheet1	EUSTAPF								piperacillin/tazobactam	=	0.06		mic_sign '=' inferred
35756053	Table_2.XLSX	Sheet1	EUSTAPF								cefoxitin	<=	0.25		
35756053	Table_2.XLSX	Sheet1	EUSTAPF								trimethoprim	<=	0.25		
35756053	Table_2.XLSX	Sheet1	EUSTAPF								sulfamethoxazole	=	1		mic_sign '=' inferred
35756053	Table_2.XLSX	Sheet1	EUSTAPF								cefpodoxime	<=	0.03		
35756053	Table_2.XLSX	Sheet1	EUSTAPF								ceftazidime	<=	0.5		
35756053	Table_2.XLSX	Sheet1	EUSTAPF								tobramycin	<=	0.25		
35756053	Table_2.XLSX	Sheet1	EUSTAPF								tigecycline	=	2		mic_sign '=' inferred
35756053	Table_2.XLSX	Sheet1	EUSTAPF								amikacin	<=	0.5		
35756053	Table_2.XLSX	Sheet1	EUSTAPF								ampicillin	>	4		
35756053	Table_2.XLSX	Sheet1	EUSTAPF								ampicillin/sulbactam	<=	1/19		
35756053	Table_2.XLSX	Sheet1	EUSTAPF								cefazolin	<=	0.5		
35756053	Table_2.XLSX	Sheet1	EUSTAPF								cefepime	<=	2		
35756053	Table_2.XLSX	Sheet1	EUSTAPF								cephalothin	<=	0.12		
35756053	Table_2.XLSX	Sheet1	EUSTAPF								meropenem	<=	0.5		
35756053	Table_2.XLSX	Sheet1	EUSTAPF								ertapenem	=	1		mic_sign '=' inferred
35756053	Table_2.XLSX	Sheet1	EUSTAPF								cefuroxime	<=	1		
35756053	Table_2.XLSX	Sheet1	EUSTAPF								gentamicin	=	16		mic_sign '=' inferred
35756053	Table_2.XLSX	Sheet1	EUSTAPF								ciprofloxacin	=	0.5		mic_sign '=' inferred
35756053	Table_2.XLSX	Sheet1	EUSTAPF								piperacillin/tazobactam	=	0.06		mic_sign '=' inferred
35756053	Table_2.XLSX	Sheet1	EUSTAPF								cefoxitin	<=	0.25		
35756053	Table_2.XLSX	Sheet1	EUSTAPF								trimethoprim	<=	0.25		
35756053	Table_2.XLSX	Sheet1	EUSTAPF								sulfamethoxazole	=	1		mic_sign '=' inferred
35756053	Table_2.XLSX	Sheet1	EUSTAPF								cefpodoxime	<=	0.03		
35756053	Table_2.XLSX	Sheet1	EUSTAPF								ceftazidime	<=	0.5		
35756053	Table_2.XLSX	Sheet1	EUSTAPF								tobramycin	<=	0.25		
35756053	Table_2.XLSX	Sheet1	EUSTAPF								tigecycline	=	2		mic_sign '=' inferred
35756053	Table_2.XLSX	Sheet1	EUSTAPF								amikacin	<=	0.5		
35756053	Table_2.XLSX	Sheet1	EUSTAPF								ampicillin	<=	0.5		
35756053	Table_2.XLSX	Sheet1	EUSTAPF								ampicillin/sulbactam	<=	1/19		
35756053	Table_2.XLSX	Sheet1	EUSTAPF								cefazolin	<=	0.5		
35756053	Table_2.XLSX	Sheet1	EUSTAPF								cefepime	<=	2		
35756053	Table_2.XLSX	Sheet1	EUSTAPF								cephalothin	<=	0.12		
35756053	Table_2.XLSX	Sheet1	EUSTAPF								meropenem	<=	0.5		
35756053	Table_2.XLSX	Sheet1	EUSTAPF								ertapenem	<=	0.5		
35756053	Table_2.XLSX	Sheet1	EUSTAPF								cefuroxime	<=	1		
35756053	Table_2.XLSX	Sheet1	EUSTAPF								gentamicin	<=	4		
35756053	Table_2.XLSX	Sheet1	EUSTAPF								ciprofloxacin	<=	0.25		
35756053	Table_2.XLSX	Sheet1	EUSTAPF								piperacillin/tazobactam	=	0.06		mic_sign '=' inferred
35756053	Table_2.XLSX	Sheet1	EUSTAPF								cefoxitin	<=	0.25		
35756053	Table_2.XLSX	Sheet1	EUSTAPF								trimethoprim	<=	0.25		
35756053	Table_2.XLSX	Sheet1	EUSTAPF								sulfamethoxazole	=	1		mic_sign '=' inferred
35756053	Table_2.XLSX	Sheet1	EUSTAPF								cefpodoxime	<=	0.03		
35756053	Table_2.XLSX	Sheet1	EUSTAPF								ceftazidime	<=	0.5		
35756053	Table_2.XLSX	Sheet1	EUSTAPF								tobramycin	<=	0.25		
35756053	Table_2.XLSX	Sheet1	EUSTAPF								tigecycline	=	4		mic_sign '=' inferred
35756053	Table_2.XLSX	Sheet1	EUSTAPF								amikacin	<=	0.5		
35756053	Table_2.XLSX	Sheet1	EUSTAPF								ampicillin	<=	0.5		
35756053	Table_2.XLSX	Sheet1	EUSTAPF								ampicillin/sulbactam	<=	1/19		
35756053	Table_2.XLSX	Sheet1	EUSTAPF								cefazolin	<=	0.5		
35756053	Table_2.XLSX	Sheet1	EUSTAPF								cefepime	<=	2		
35756053	Table_2.XLSX	Sheet1	EUSTAPF								cephalothin	<=	0.12		
35756053	Table_2.XLSX	Sheet1	EUSTAPF								meropenem	<=	0.5		
35756053	Table_2.XLSX	Sheet1	EUSTAPF								ertapenem	<=	0.5		
35756053	Table_2.XLSX	Sheet1	EUSTAPF								cefuroxime	<=	1		
35756053	Table_2.XLSX	Sheet1	EUSTAPF								gentamicin	<=	4		
35756053	Table_2.XLSX	Sheet1	EUSTAPF								ciprofloxacin	=	0.5		mic_sign '=' inferred
35756053	Table_2.XLSX	Sheet1	EUSTAPF								piperacillin/tazobactam	=	0.06		mic_sign '=' inferred
35756053	Table_2.XLSX	Sheet1	EUSTAPF								cefoxitin	<=	0.25		
35756053	Table_2.XLSX	Sheet1	EUSTAPF								trimethoprim	<=	0.25		
35756053	Table_2.XLSX	Sheet1	EUSTAPF								sulfamethoxazole	=	1		mic_sign '=' inferred
35756053	Table_2.XLSX	Sheet1	EUSTAPF								cefpodoxime	<=	0.03		
35756053	Table_2.XLSX	Sheet1	EUSTAPF								ceftazidime	<=	0.5		
35756053	Table_2.XLSX	Sheet1	EUSTAPF								tobramycin	<=	0.25		
35756053	Table_2.XLSX	Sheet1	EUSTAPF								tigecycline	=	2		mic_sign '=' inferred
35756053	Table_2.XLSX	Sheet1	EUSTAPF								amikacin	<=	0.5		
35756053	Table_2.XLSX	Sheet1	EUSTAPF								ampicillin	<=	0.5		
35756053	Table_2.XLSX	Sheet1	EUSTAPF								ampicillin/sulbactam	<=	1/19		
35756053	Table_2.XLSX	Sheet1	EUSTAPF								cefazolin	<=	0.5		
35756053	Table_2.XLSX	Sheet1	EUSTAPF								cefepime	<=	2		
35756053	Table_2.XLSX	Sheet1	EUSTAPF								cephalothin	<=	0.12		
35756053	Table_2.XLSX	Sheet1	EUSTAPF								meropenem	<=	0.5		
35756053	Table_2.XLSX	Sheet1	EUSTAPF								ertapenem	<=	0.5		
35756053	Table_2.XLSX	Sheet1	EUSTAPF								cefuroxime	<=	1		
35756053	Table_2.XLSX	Sheet1	EUSTAPF								gentamicin	<=	4		
35756053	Table_2.XLSX	Sheet1	EUSTAPF								ciprofloxacin	=	0.5		mic_sign '=' inferred
35756053	Table_2.XLSX	Sheet1	EUSTAPF								piperacillin/tazobactam	=	0.06		mic_sign '=' inferred
35756053	Table_2.XLSX	Sheet1	EUSTAPF								cefoxitin	<=	0.25		
35756053	Table_2.XLSX	Sheet1	EUSTAPF								trimethoprim	<=	0.25		
35756053	Table_2.XLSX	Sheet1	EUSTAPF								sulfamethoxazole	=	1		mic_sign '=' inferred
35756053	Table_2.XLSX	Sheet1	EUSTAPF								cefpodoxime	<=	0.03		
35756053	Table_2.XLSX	Sheet1	EUSTAPF								ceftazidime	<=	0.5		
35756053	Table_2.XLSX	Sheet1	EUSTAPF								tobramycin	<=	0.25		
35756053	Table_2.XLSX	Sheet1	EUSTAPF								tigecycline	>	8		
35756053	Table_2.XLSX	Sheet1	EUSTAPF								amikacin	<=	0.5		
35756053	Table_2.XLSX	Sheet1	EUSTAPF								ampicillin	<=	0.5		
35756053	Table_2.XLSX	Sheet1	EUSTAPF								ampicillin/sulbactam	<=	1/19		
35756053	Table_2.XLSX	Sheet1	EUSTAPF								cefazolin	<=	0.5		
35756053	Table_2.XLSX	Sheet1	EUSTAPF								cefepime	<=	2		
35756053	Table_2.XLSX	Sheet1	EUSTAPF								cephalothin	<=	0.12		
35756053	Table_2.XLSX	Sheet1	EUSTAPF								meropenem	<=	0.5		
35756053	Table_2.XLSX	Sheet1	EUSTAPF								ertapenem	<=	0.5		
35756053	Table_2.XLSX	Sheet1	EUSTAPF								cefuroxime	<=	1		
35756053	Table_2.XLSX	Sheet1	EUSTAPF								gentamicin	<=	4		
35756053	Table_2.XLSX	Sheet1	EUSTAPF								ciprofloxacin	=	0.5		mic_sign '=' inferred
35756053	Table_2.XLSX	Sheet1	EUSTAPF								piperacillin/tazobactam	=	0.06		mic_sign '=' inferred
35756053	Table_2.XLSX	Sheet1	EUSTAPF								cefoxitin	<=	0.25		
35756053	Table_2.XLSX	Sheet1	EUSTAPF								trimethoprim	<=	0.25		
35756053	Table_2.XLSX	Sheet1	EUSTAPF								sulfamethoxazole	=	1		mic_sign '=' inferred
35756053	Table_2.XLSX	Sheet1	EUSTAPF								cefpodoxime	<=	0.03		
35756053	Table_2.XLSX	Sheet1	EUSTAPF								ceftazidime	<=	0.5		
35756053	Table_2.XLSX	Sheet1	EUSTAPF								tobramycin	<=	0.25		
35756053	Table_2.XLSX	Sheet1	EUSTAPF								tigecycline	=	2		mic_sign '=' inferred
35756053	Table_2.XLSX	Sheet1	EUSTAPF								amikacin	<=	0.5		
35756053	Table_2.XLSX	Sheet1	EUSTAPF								ampicillin	<=	0.5		
35756053	Table_2.XLSX	Sheet1	EUSTAPF								ampicillin/sulbactam	<=	1/19		
35756053	Table_2.XLSX	Sheet1	EUSTAPF								cefazolin	<=	0.5		
35756053	Table_2.XLSX	Sheet1	EUSTAPF								cefepime	<=	2		
35756053	Table_2.XLSX	Sheet1	EUSTAPF								cephalothin	<=	0.12		
35756053	Table_2.XLSX	Sheet1	EUSTAPF								meropenem	<=	0.5		
35756053	Table_2.XLSX	Sheet1	EUSTAPF								ertapenem	<=	0.5		
35756053	Table_2.XLSX	Sheet1	EUSTAPF								cefuroxime	<=	1		
35756053	Table_2.XLSX	Sheet1	EUSTAPF								gentamicin	<=	4		
35756053	Table_2.XLSX	Sheet1	EUSTAPF								ciprofloxacin	=	0.5		mic_sign '=' inferred
35756053	Table_2.XLSX	Sheet1	EUSTAPF								piperacillin/tazobactam	=	0.06		mic_sign '=' inferred
35756053	Table_2.XLSX	Sheet1	EUSTAPF								cefoxitin	<=	0.25		
35756053	Table_2.XLSX	Sheet1	EUSTAPF								trimethoprim	<=	0.25		
35756053	Table_2.XLSX	Sheet1	EUSTAPF								sulfamethoxazole	=	1		mic_sign '=' inferred
35756053	Table_2.XLSX	Sheet1	EUSTAPF								cefpodoxime	<=	0.03		
35756053	Table_2.XLSX	Sheet1	EUSTAPF								ceftazidime	<=	0.5		
35756053	Table_2.XLSX	Sheet1	EUSTAPF								tobramycin	<=	0.25		
35756053	Table_2.XLSX	Sheet1	EUSTAPF								tigecycline	=	2		mic_sign '=' inferred
35756053	Table_2.XLSX	Sheet1	EUSTAPF								amikacin	<=	0.5		
35756053	Table_2.XLSX	Sheet1	EUSTAPF								ampicillin	<=	0.5		
35756053	Table_2.XLSX	Sheet1	EUSTAPF								ampicillin/sulbactam	<=	1/19		
35756053	Table_2.XLSX	Sheet1	EUSTAPF								cefazolin	<=	0.5		
35756053	Table_2.XLSX	Sheet1	EUSTAPF								cefepime	=	4		mic_sign '=' inferred
35756053	Table_2.XLSX	Sheet1	EUSTAPF								cephalothin	<=	0.12		
35756053	Table_2.XLSX	Sheet1	EUSTAPF								meropenem	<=	0.5		
35756053	Table_2.XLSX	Sheet1	EUSTAPF								ertapenem	<=	0.5		
35756053	Table_2.XLSX	Sheet1	EUSTAPF								cefuroxime	<=	1		
35756053	Table_2.XLSX	Sheet1	EUSTAPF								gentamicin	<=	4		
35756053	Table_2.XLSX	Sheet1	EUSTAPF								ciprofloxacin	=	0.5		mic_sign '=' inferred
35756053	Table_2.XLSX	Sheet1	EUSTAPF								piperacillin/tazobactam	=	0.06		mic_sign '=' inferred
35756053	Table_2.XLSX	Sheet1	EUSTAPF								cefoxitin	<=	0.25		
35756053	Table_2.XLSX	Sheet1	EUSTAPF								trimethoprim	<=	0.25		
35756053	Table_2.XLSX	Sheet1	EUSTAPF								sulfamethoxazole	=	1		mic_sign '=' inferred
35756053	Table_2.XLSX	Sheet1	EUSTAPF								cefpodoxime	<=	0.03		
35756053	Table_2.XLSX	Sheet1	EUSTAPF								ceftazidime	<=	0.5		
35756053	Table_2.XLSX	Sheet1	EUSTAPF								tobramycin	<=	0.25		
35756053	Table_2.XLSX	Sheet1	EUSTAPF								tigecycline	=	4		mic_sign '=' inferred
35756053	Table_2.XLSX	Sheet1	EUSTAPF								amikacin	<=	0.5		
35756053	Table_2.XLSX	Sheet1	EUSTAPF								ampicillin	<=	0.5		
35756053	Table_2.XLSX	Sheet1	EUSTAPF								ampicillin/sulbactam	<=	1/19		
35756053	Table_2.XLSX	Sheet1	EUSTAPF								cefazolin	<=	0.5		
35756053	Table_2.XLSX	Sheet1	EUSTAPF								cefepime	=	4		mic_sign '=' inferred
35756053	Table_2.XLSX	Sheet1	EUSTAPF								cephalothin	<=	0.12		
35756053	Table_2.XLSX	Sheet1	EUSTAPF								meropenem	<=	0.5		
35756053	Table_2.XLSX	Sheet1	EUSTAPF								ertapenem	<=	0.5		
35756053	Table_2.XLSX	Sheet1	EUSTAPF								cefuroxime	<=	1		
35756053	Table_2.XLSX	Sheet1	EUSTAPF								gentamicin	<=	4		
35756053	Table_2.XLSX	Sheet1	EUSTAPF								ciprofloxacin	=	0.5		mic_sign '=' inferred
35756053	Table_2.XLSX	Sheet1	EUSTAPF								piperacillin/tazobactam	=	0.06		mic_sign '=' inferred
35756053	Table_2.XLSX	Sheet1	EUSTAPF								cefoxitin	<=	0.25		
35756053	Table_2.XLSX	Sheet1	EUSTAPF								trimethoprim	<=	0.25		
35756053	Table_2.XLSX	Sheet1	EUSTAPF								sulfamethoxazole	=	1		mic_sign '=' inferred
35756053	Table_2.XLSX	Sheet1	EUSTAPF								cefpodoxime	<=	0.03		
35756053	Table_2.XLSX	Sheet1	EUSTAPF								ceftazidime	<=	0.5		
35756053	Table_2.XLSX	Sheet1	EUSTAPF								tobramycin	<=	0.25		
35756053	Table_2.XLSX	Sheet1	EUSTAPF								tigecycline	=	4		mic_sign '=' inferred
35756053	Table_2.XLSX	Sheet1	EUSTAPF								amikacin	<=	0.5		
35756053	Table_2.XLSX	Sheet1	EUSTAPF								ampicillin	<=	0.5		
35756053	Table_2.XLSX	Sheet1	EUSTAPF								ampicillin/sulbactam	<=	1/19		
35756053	Table_2.XLSX	Sheet1	EUSTAPF								cefazolin	<=	0.5		
35756053	Table_2.XLSX	Sheet1	EUSTAPF								cefepime	=	4		mic_sign '=' inferred
35756053	Table_2.XLSX	Sheet1	EUSTAPF								cephalothin	<=	0.12		
35756053	Table_2.XLSX	Sheet1	EUSTAPF								meropenem	<=	0.5		
35756053	Table_2.XLSX	Sheet1	EUSTAPF								ertapenem	<=	0.5		
35756053	Table_2.XLSX	Sheet1	EUSTAPF								cefuroxime	<=	1		
35756053	Table_2.XLSX	Sheet1	EUSTAPF								gentamicin	<=	4		
35756053	Table_2.XLSX	Sheet1	EUSTAPF								ciprofloxacin	=	0.5		mic_sign '=' inferred
35756053	Table_2.XLSX	Sheet1	EUSTAPF								piperacillin/tazobactam	=	0.06		mic_sign '=' inferred
35756053	Table_2.XLSX	Sheet1	EUSTAPF								cefoxitin	<=	0.25		
35756053	Table_2.XLSX	Sheet1	EUSTAPF								trimethoprim	<=	0.25		
35756053	Table_2.XLSX	Sheet1	EUSTAPF								sulfamethoxazole	=	1		mic_sign '=' inferred
35756053	Table_2.XLSX	Sheet1	EUSTAPF								cefpodoxime	<=	0.03		
35756053	Table_2.XLSX	Sheet1	EUSTAPF								ceftazidime	<=	0.5		
35756053	Table_2.XLSX	Sheet1	EUSTAPF								tobramycin	<=	0.25		
35756053	Table_2.XLSX	Sheet1	EUSTAPF								tigecycline	=	2		mic_sign '=' inferred
35756053	Table_2.XLSX	Sheet1	EUSTAPF								amikacin	<=	0.5		
35756053	Table_2.XLSX	Sheet1	EUSTAPF								ampicillin	<=	0.5		
35756053	Table_2.XLSX	Sheet1	EUSTAPF								ampicillin/sulbactam	<=	1/19		
35756053	Table_2.XLSX	Sheet1	EUSTAPF								cefazolin	<=	0.5		
35756053	Table_2.XLSX	Sheet1	EUSTAPF								cefepime	=	4		mic_sign '=' inferred
35756053	Table_2.XLSX	Sheet1	EUSTAPF								cephalothin	<=	0.12		
35756053	Table_2.XLSX	Sheet1	EUSTAPF								meropenem	<=	0.5		
35756053	Table_2.XLSX	Sheet1	EUSTAPF								ertapenem	<=	0.5		
35756053	Table_2.XLSX	Sheet1	EUSTAPF								cefuroxime	<=	1		
35756053	Table_2.XLSX	Sheet1	EUSTAPF								gentamicin	<=	4		
35756053	Table_2.XLSX	Sheet1	EUSTAPF								ciprofloxacin	=	0.5		mic_sign '=' inferred
35756053	Table_2.XLSX	Sheet1	EUSTAPF								piperacillin/tazobactam	=	0.06		mic_sign '=' inferred
35756053	Table_2.XLSX	Sheet1	EUSTAPF								cefoxitin	<=	0.25		
35756053	Table_2.XLSX	Sheet1	EUSTAPF								trimethoprim	=	0.5		mic_sign '=' inferred
35756053	Table_2.XLSX	Sheet1	EUSTAPF								sulfamethoxazole	=	1		mic_sign '=' inferred
35756053	Table_2.XLSX	Sheet1	EUSTAPF								cefpodoxime	<=	0.03		
35756053	Table_2.XLSX	Sheet1	EUSTAPF								ceftazidime	<=	0.5		
35756053	Table_2.XLSX	Sheet1	EUSTAPF								tobramycin	<=	0.25		
35756053	Table_2.XLSX	Sheet1	EUSTAPF								tigecycline	=	4		mic_sign '=' inferred
35756053	Table_2.XLSX	Sheet1	EUSTAPF								amikacin	<=	0.5		
35756053	Table_2.XLSX	Sheet1	EUSTAPF								ampicillin	<=	0.5		
35756053	Table_2.XLSX	Sheet1	EUSTAPF								ampicillin/sulbactam	<=	1/19		
35756053	Table_2.XLSX	Sheet1	EUSTAPF								cefazolin	<=	0.5		
35756053	Table_2.XLSX	Sheet1	EUSTAPF								cefepime	=	4		mic_sign '=' inferred
35756053	Table_2.XLSX	Sheet1	EUSTAPF								cephalothin	<=	0.12		
35756053	Table_2.XLSX	Sheet1	EUSTAPF								meropenem	<=	0.5		
35756053	Table_2.XLSX	Sheet1	EUSTAPF								ertapenem	<=	0.5		
35756053	Table_2.XLSX	Sheet1	EUSTAPF								cefuroxime	<=	1		
35756053	Table_2.XLSX	Sheet1	EUSTAPF								gentamicin	<=	4		
35756053	Table_2.XLSX	Sheet1	EUSTAPF								ciprofloxacin	=	0.5		mic_sign '=' inferred
35756053	Table_2.XLSX	Sheet1	EUSTAPF								piperacillin/tazobactam	=	0.06		mic_sign '=' inferred
35756053	Table_2.XLSX	Sheet1	EUSTAPF								cefoxitin	=	1		mic_sign '=' inferred
35756053	Table_2.XLSX	Sheet1	EUSTAPF								trimethoprim	=	1		mic_sign '=' inferred
35756053	Table_2.XLSX	Sheet1	EUSTAPF								sulfamethoxazole	=	1		mic_sign '=' inferred
35756053	Table_2.XLSX	Sheet1	EUSTAPF								cefpodoxime	<=	0.03		
35756053	Table_2.XLSX	Sheet1	EUSTAPF								ceftazidime	<=	0.5		
35756053	Table_2.XLSX	Sheet1	EUSTAPF								tobramycin	<=	0.25		
35756053	Table_2.XLSX	Sheet1	EUSTAPF								tigecycline	=	4		mic_sign '=' inferred
35756053	Table_2.XLSX	Sheet1	EUSTAPF								amikacin	<=	0.5		
35756053	Table_2.XLSX	Sheet1	EUSTAPF								ampicillin	<=	0.5		
35756053	Table_2.XLSX	Sheet1	EUSTAPF								ampicillin/sulbactam	<=	1/19		
35756053	Table_2.XLSX	Sheet1	EUSTAPF								cefazolin	<=	0.5		
35756053	Table_2.XLSX	Sheet1	EUSTAPF								cefepime	=	4		mic_sign '=' inferred
35756053	Table_2.XLSX	Sheet1	EUSTAPF								cephalothin	<=	0.12		
35756053	Table_2.XLSX	Sheet1	EUSTAPF								meropenem	<=	0.5		
35756053	Table_2.XLSX	Sheet1	EUSTAPF								ertapenem	<=	0.5		
35756053	Table_2.XLSX	Sheet1	EUSTAPF								cefuroxime	<=	1		
35756053	Table_2.XLSX	Sheet1	EUSTAPF								gentamicin	<=	4		
35756053	Table_2.XLSX	Sheet1	EUSTAPF								ciprofloxacin	=	0.5		mic_sign '=' inferred
35756053	Table_2.XLSX	Sheet1	EUSTAPF								piperacillin/tazobactam	=	0.06		mic_sign '=' inferred
35756053	Table_2.XLSX	Sheet1	EUSTAPF								cefoxitin	<=	0.25		
35756053	Table_2.XLSX	Sheet1	EUSTAPF								trimethoprim	<=	0.25		
35756053	Table_2.XLSX	Sheet1	EUSTAPF								sulfamethoxazole	=	1		mic_sign '=' inferred
35756053	Table_2.XLSX	Sheet1	EUSTAPF								cefpodoxime	<=	0.03		
35756053	Table_2.XLSX	Sheet1	EUSTAPF								ceftazidime	<=	0.5		
35756053	Table_2.XLSX	Sheet1	EUSTAPF								tobramycin	<=	0.25		
35756053	Table_2.XLSX	Sheet1	EUSTAPF								tigecycline	=	4		mic_sign '=' inferred
35756053	Table_2.XLSX	Sheet1	EUSTAPF								amikacin	<=	0.5		
35756053	Table_2.XLSX	Sheet1	EUSTAPF								ampicillin	<=	0.5		
35756053	Table_2.XLSX	Sheet1	EUSTAPF								ampicillin/sulbactam	<=	1/19		
35756053	Table_2.XLSX	Sheet1	EUSTAPF								cefazolin	<=	0.5		
35756053	Table_2.XLSX	Sheet1	EUSTAPF								cefepime	=	4		mic_sign '=' inferred
35756053	Table_2.XLSX	Sheet1	EUSTAPF								cephalothin	<=	0.12		
35756053	Table_2.XLSX	Sheet1	EUSTAPF								meropenem	<=	0.5		
35756053	Table_2.XLSX	Sheet1	EUSTAPF								ertapenem	<=	0.5		
35756053	Table_2.XLSX	Sheet1	EUSTAPF								cefuroxime	<=	1		
35756053	Table_2.XLSX	Sheet1	EUSTAPF								gentamicin	<=	4		
35756053	Table_2.XLSX	Sheet1	EUSTAPF								ciprofloxacin	=	0.5		mic_sign '=' inferred
35756053	Table_2.XLSX	Sheet1	EUSTAPF								piperacillin/tazobactam	=	0.06		mic_sign '=' inferred
35756053	Table_2.XLSX	Sheet1	EUSTAPF								cefoxitin	=	0.5		mic_sign '=' inferred
35756053	Table_2.XLSX	Sheet1	EUSTAPF								trimethoprim	=	0.5		mic_sign '=' inferred
35756053	Table_2.XLSX	Sheet1	EUSTAPF								sulfamethoxazole	=	1		mic_sign '=' inferred
35756053	Table_2.XLSX	Sheet1	EUSTAPF								cefpodoxime	<=	0.03		
35756053	Table_2.XLSX	Sheet1	EUSTAPF								ceftazidime	<=	0.5		
35756053	Table_2.XLSX	Sheet1	EUSTAPF								tobramycin	<=	0.25		
35756053	Table_2.XLSX	Sheet1	EUSTAPF								tigecycline	=	4		mic_sign '=' inferred
35756053	Table_2.XLSX	Sheet1	EUSTAPF								amikacin	<=	0.5		
35756053	Table_2.XLSX	Sheet1	EUSTAPF								ampicillin	>	4		
35756053	Table_2.XLSX	Sheet1	EUSTAPF								ampicillin/sulbactam	<=	1/19		
35756053	Table_2.XLSX	Sheet1	EUSTAPF								cefazolin	<=	0.5		
35756053	Table_2.XLSX	Sheet1	EUSTAPF								cefepime	<=	2		
35756053	Table_2.XLSX	Sheet1	EUSTAPF								cephalothin	<=	0.12		
35756053	Table_2.XLSX	Sheet1	EUSTAPF								meropenem	<=	0.5		
35756053	Table_2.XLSX	Sheet1	EUSTAPF								ertapenem	<=	0.5		
35756053	Table_2.XLSX	Sheet1	EUSTAPF								cefuroxime	<=	1		
35756053	Table_2.XLSX	Sheet1	EUSTAPF								gentamicin	<=	4		
35756053	Table_2.XLSX	Sheet1	EUSTAPF								ciprofloxacin	=	0.5		mic_sign '=' inferred
35756053	Table_2.XLSX	Sheet1	EUSTAPF								piperacillin/tazobactam	=	0.06		mic_sign '=' inferred
35756053	Table_2.XLSX	Sheet1	EUSTAPF								cefoxitin	<=	0.25		
35756053	Table_2.XLSX	Sheet1	EUSTAPF								trimethoprim	<=	0.25		
35756053	Table_2.XLSX	Sheet1	EUSTAPF								sulfamethoxazole	=	1		mic_sign '=' inferred
35756053	Table_2.XLSX	Sheet1	EUSTAPF								cefpodoxime	<=	0.03		
35756053	Table_2.XLSX	Sheet1	EUSTAPF								ceftazidime	<=	0.5		
35756053	Table_2.XLSX	Sheet1	EUSTAPF								tobramycin	<=	0.25		
35756053	Table_2.XLSX	Sheet1	EUSTAPF								tigecycline	=	2		mic_sign '=' inferred
35756053	Table_2.XLSX	Sheet1	EUSTAPF								amikacin	<=	0.5		
35756053	Table_2.XLSX	Sheet1	EUSTAPF								ampicillin	<=	0.5		
35756053	Table_2.XLSX	Sheet1	EUSTAPF								ampicillin/sulbactam	<=	1/19		
35756053	Table_2.XLSX	Sheet1	EUSTAPF								cefazolin	<=	0.5		
35756053	Table_2.XLSX	Sheet1	EUSTAPF								cefepime	<=	2		
35756053	Table_2.XLSX	Sheet1	EUSTAPF								cephalothin	<=	0.12		
35756053	Table_2.XLSX	Sheet1	EUSTAPF								meropenem	<=	0.5		
35756053	Table_2.XLSX	Sheet1	EUSTAPF								ertapenem	<=	0.5		
35756053	Table_2.XLSX	Sheet1	EUSTAPF								cefuroxime	<=	1		
35756053	Table_2.XLSX	Sheet1	EUSTAPF								gentamicin	<=	4		
35756053	Table_2.XLSX	Sheet1	EUSTAPF								ciprofloxacin	=	0.5		mic_sign '=' inferred
35756053	Table_2.XLSX	Sheet1	EUSTAPF								piperacillin/tazobactam	=	0.06		mic_sign '=' inferred
35756053	Table_2.XLSX	Sheet1	EUSTAPF								cefoxitin	<=	0.25		
35756053	Table_2.XLSX	Sheet1	EUSTAPF								trimethoprim	=	0.5		mic_sign '=' inferred
35756053	Table_2.XLSX	Sheet1	EUSTAPF								sulfamethoxazole	=	1		mic_sign '=' inferred
35756053	Table_2.XLSX	Sheet1	EUSTAPF								cefpodoxime	<=	0.03		
35756053	Table_2.XLSX	Sheet1	EUSTAPF								ceftazidime	<=	0.5		
35756053	Table_2.XLSX	Sheet1	EUSTAPF								tobramycin	<=	0.25		
35756053	Table_2.XLSX	Sheet1	EUSTAPF								tigecycline	=	4		mic_sign '=' inferred
35756053	Table_2.XLSX	Sheet1	EUSTAPF								amikacin	<=	0.5		
35756053	Table_2.XLSX	Sheet1	EUSTAPF								ampicillin	<=	0.5		
35756053	Table_2.XLSX	Sheet1	EUSTAPF								ampicillin/sulbactam	<=	1/19		
35756053	Table_2.XLSX	Sheet1	EUSTAPF								cefazolin	<=	0.5		
35756053	Table_2.XLSX	Sheet1	EUSTAPF								cefepime	<=	2		
35756053	Table_2.XLSX	Sheet1	EUSTAPF								cephalothin	<=	0.12		
35756053	Table_2.XLSX	Sheet1	EUSTAPF								meropenem	<=	0.5		
35756053	Table_2.XLSX	Sheet1	EUSTAPF								ertapenem	<=	0.5		
35756053	Table_2.XLSX	Sheet1	EUSTAPF								cefuroxime	<=	1		
35756053	Table_2.XLSX	Sheet1	EUSTAPF								gentamicin	<=	4		
35756053	Table_2.XLSX	Sheet1	EUSTAPF								ciprofloxacin	=	0.5		mic_sign '=' inferred
35756053	Table_2.XLSX	Sheet1	EUSTAPF								piperacillin/tazobactam	=	0.06		mic_sign '=' inferred
35756053	Table_2.XLSX	Sheet1	EUSTAPF								cefoxitin	<=	0.25		
35756053	Table_2.XLSX	Sheet1	EUSTAPF								trimethoprim	<=	0.25		
35756053	Table_2.XLSX	Sheet1	EUSTAPF								sulfamethoxazole	=	1		mic_sign '=' inferred
35756053	Table_2.XLSX	Sheet1	EUSTAPF								cefpodoxime	<=	0.03		
35756053	Table_2.XLSX	Sheet1	EUSTAPF								ceftazidime	<=	0.5		
35756053	Table_2.XLSX	Sheet1	EUSTAPF								tobramycin	<=	0.25		
35756053	Table_2.XLSX	Sheet1	EUSTAPF								tigecycline	=	4		mic_sign '=' inferred
35756053	Table_2.XLSX	Sheet1	EUSTAPF								amikacin	<=	0.5		
35756053	Table_2.XLSX	Sheet1	EUSTAPF								ampicillin	<=	0.5		
35756053	Table_2.XLSX	Sheet1	EUSTAPF								ampicillin/sulbactam	<=	1/19		
35756053	Table_2.XLSX	Sheet1	EUSTAPF								cefazolin	<=	0.5		
35756053	Table_2.XLSX	Sheet1	EUSTAPF								cefepime	=	4		mic_sign '=' inferred
35756053	Table_2.XLSX	Sheet1	EUSTAPF								cephalothin	<=	0.12		
35756053	Table_2.XLSX	Sheet1	EUSTAPF								meropenem	<=	0.5		
35756053	Table_2.XLSX	Sheet1	EUSTAPF								ertapenem	<=	0.5		
35756053	Table_2.XLSX	Sheet1	EUSTAPF								cefuroxime	<=	1		
35756053	Table_2.XLSX	Sheet1	EUSTAPF								gentamicin	<=	4		
35756053	Table_2.XLSX	Sheet1	EUSTAPF								ciprofloxacin	=	0.5		mic_sign '=' inferred
35756053	Table_2.XLSX	Sheet1	EUSTAPF								piperacillin/tazobactam	=	0.06		mic_sign '=' inferred
35756053	Table_2.XLSX	Sheet1	EUSTAPF								cefoxitin	<=	0.25		
35756053	Table_2.XLSX	Sheet1	EUSTAPF								trimethoprim	<=	0.25		
35756053	Table_2.XLSX	Sheet1	EUSTAPF								sulfamethoxazole	=	1		mic_sign '=' inferred
35756053	Table_2.XLSX	Sheet1	EUSTAPF								cefpodoxime	<=	0.03		
35756053	Table_2.XLSX	Sheet1	EUSTAPF								ceftazidime	<=	0.5		
35756053	Table_2.XLSX	Sheet1	EUSTAPF								tobramycin	<=	0.25		
35756053	Table_2.XLSX	Sheet1	EUSTAPF								tigecycline	=	4		mic_sign '=' inferred
35756053	Table_2.XLSX	Sheet1	EUSTAPF								amikacin	<=	0.5		
35756053	Table_2.XLSX	Sheet1	EUSTAPF								ampicillin	>	4		
35756053	Table_2.XLSX	Sheet1	EUSTAPF								ampicillin/sulbactam	<=	1/19		
35756053	Table_2.XLSX	Sheet1	EUSTAPF								cefazolin	<=	0.5		
35756053	Table_2.XLSX	Sheet1	EUSTAPF								cefepime	<=	2		
35756053	Table_2.XLSX	Sheet1	EUSTAPF								cephalothin	<=	0.12		
35756053	Table_2.XLSX	Sheet1	EUSTAPF								meropenem	<=	0.5		
35756053	Table_2.XLSX	Sheet1	EUSTAPF								ertapenem	<=	0.5		
35756053	Table_2.XLSX	Sheet1	EUSTAPF								cefuroxime	<=	1		
35756053	Table_2.XLSX	Sheet1	EUSTAPF								gentamicin	<=	4		
35756053	Table_2.XLSX	Sheet1	EUSTAPF								ciprofloxacin	<=	0.25		
35756053	Table_2.XLSX	Sheet1	EUSTAPF								piperacillin/tazobactam	<=	0.03		
35756053	Table_2.XLSX	Sheet1	EUSTAPF								cefoxitin	=	0.5		mic_sign '=' inferred
35756053	Table_2.XLSX	Sheet1	EUSTAPF								trimethoprim	=	0.5		mic_sign '=' inferred
35756053	Table_2.XLSX	Sheet1	EUSTAPF								sulfamethoxazole	=	1		mic_sign '=' inferred
35756053	Table_2.XLSX	Sheet1	EUSTAPF								cefpodoxime	<=	0.03		
35756053	Table_2.XLSX	Sheet1	EUSTAPF								ceftazidime	<=	0.5		
35756053	Table_2.XLSX	Sheet1	EUSTAPF								tobramycin	<=	0.25		
35756053	Table_2.XLSX	Sheet1	EUSTAPF								tigecycline	=	2		mic_sign '=' inferred
35756053	Table_2.XLSX	Sheet1	EUSTAPF								amikacin	<=	0.5		
35756053	Table_2.XLSX	Sheet1	EUSTAPF								ampicillin	<=	0.5		
35756053	Table_2.XLSX	Sheet1	EUSTAPF								ampicillin/sulbactam	<=	1/19		
35756053	Table_2.XLSX	Sheet1	EUSTAPF								cefazolin	<=	0.5		
35756053	Table_2.XLSX	Sheet1	EUSTAPF								cefepime	<=	2		
35756053	Table_2.XLSX	Sheet1	EUSTAPF								cephalothin	<=	0.12		
35756053	Table_2.XLSX	Sheet1	EUSTAPF								meropenem	<=	0.5		
35756053	Table_2.XLSX	Sheet1	EUSTAPF								ertapenem	<=	0.5		
35756053	Table_2.XLSX	Sheet1	EUSTAPF								cefuroxime	<=	1		
35756053	Table_2.XLSX	Sheet1	EUSTAPF								gentamicin	<=	4		
35756053	Table_2.XLSX	Sheet1	EUSTAPF								ciprofloxacin	=	0.5		mic_sign '=' inferred
35756053	Table_2.XLSX	Sheet1	EUSTAPF								piperacillin/tazobactam	=	0.06		mic_sign '=' inferred
35756053	Table_2.XLSX	Sheet1	EUSTAPF								cefoxitin	<=	0.25		
35756053	Table_2.XLSX	Sheet1	EUSTAPF								trimethoprim	<=	0.25		
35756053	Table_2.XLSX	Sheet1	EUSTAPF								sulfamethoxazole	=	1		mic_sign '=' inferred
35756053	Table_2.XLSX	Sheet1	EUSTAPF								cefpodoxime	<=	0.03		
35756053	Table_2.XLSX	Sheet1	EUSTAPF								ceftazidime	<=	0.5		
35756053	Table_2.XLSX	Sheet1	EUSTAPF								tobramycin	<=	0.25		
35756053	Table_2.XLSX	Sheet1	EUSTAPF								tigecycline	=	2		mic_sign '=' inferred
35756053	Table_2.XLSX	Sheet1	EUSTAPF								amikacin	<=	0.5		
35756053	Table_2.XLSX	Sheet1	EUSTAPF								ampicillin	>	4		
35756053	Table_2.XLSX	Sheet1	EUSTAPF								ampicillin/sulbactam	<=	1/19		
35756053	Table_2.XLSX	Sheet1	EUSTAPF								cefazolin	<=	0.5		
35756053	Table_2.XLSX	Sheet1	EUSTAPF								cefepime	=	4		mic_sign '=' inferred
35756053	Table_2.XLSX	Sheet1	EUSTAPF								cephalothin	<=	0.12		
35756053	Table_2.XLSX	Sheet1	EUSTAPF								meropenem	>	4		
35756053	Table_2.XLSX	Sheet1	EUSTAPF								ertapenem	<=	0.5		
35756053	Table_2.XLSX	Sheet1	EUSTAPF								cefuroxime	<=	1		
35756053	Table_2.XLSX	Sheet1	EUSTAPF								gentamicin	=	16		mic_sign '=' inferred
35756053	Table_2.XLSX	Sheet1	EUSTAPF								ciprofloxacin	>	4		
35756053	Table_2.XLSX	Sheet1	EUSTAPF								piperacillin/tazobactam	=	0.06		mic_sign '=' inferred
35756053	Table_2.XLSX	Sheet1	EUSTAPF								cefoxitin	=	4		mic_sign '=' inferred
35756053	Table_2.XLSX	Sheet1	EUSTAPF								trimethoprim	=	0.5		mic_sign '=' inferred
35756053	Table_2.XLSX	Sheet1	EUSTAPF								sulfamethoxazole	=	1		mic_sign '=' inferred
35756053	Table_2.XLSX	Sheet1	EUSTAPF								cefpodoxime	<=	0.03		
35756053	Table_2.XLSX	Sheet1	EUSTAPF								ceftazidime	<=	0.5		
35756053	Table_2.XLSX	Sheet1	EUSTAPF								tobramycin	<=	0.25		
35756053	Table_2.XLSX	Sheet1	EUSTAPF								tigecycline	=	4		mic_sign '=' inferred
35756053	Table_2.XLSX	Sheet1	EUSTAPF								amikacin	<=	0.5		
35756053	Table_2.XLSX	Sheet1	EUSTAPF								ampicillin	<=	0.5		
35756053	Table_2.XLSX	Sheet1	EUSTAPF								ampicillin/sulbactam	<=	1/19		
35756053	Table_2.XLSX	Sheet1	EUSTAPF								cefazolin	<=	0.5		
35756053	Table_2.XLSX	Sheet1	EUSTAPF								cefepime	=	4		mic_sign '=' inferred
35756053	Table_2.XLSX	Sheet1	EUSTAPF								cephalothin	<=	0.12		
35756053	Table_2.XLSX	Sheet1	EUSTAPF								meropenem	<=	0.5		
35756053	Table_2.XLSX	Sheet1	EUSTAPF								ertapenem	<=	0.5		
35756053	Table_2.XLSX	Sheet1	EUSTAPF								cefuroxime	<=	1		
35756053	Table_2.XLSX	Sheet1	EUSTAPF								gentamicin	<=	4		
35756053	Table_2.XLSX	Sheet1	EUSTAPF								ciprofloxacin	=	0.5		mic_sign '=' inferred
35756053	Table_2.XLSX	Sheet1	EUSTAPF								piperacillin/tazobactam	=	0.06		mic_sign '=' inferred
35756053	Table_2.XLSX	Sheet1	EUSTAPF								cefoxitin	>	8		
35756053	Table_2.XLSX	Sheet1	EUSTAPF								trimethoprim	<=	0.25		
35756053	Table_2.XLSX	Sheet1	EUSTAPF								sulfamethoxazole	=	1		mic_sign '=' inferred
35756053	Table_2.XLSX	Sheet1	EUSTAPF								cefpodoxime	<=	0.03		
35756053	Table_2.XLSX	Sheet1	EUSTAPF								ceftazidime	<=	0.5		
35756053	Table_2.XLSX	Sheet1	EUSTAPF								tobramycin	<=	0.25		
35756053	Table_2.XLSX	Sheet1	EUSTAPF								tigecycline	=	4		mic_sign '=' inferred
35756053	Table_2.XLSX	Sheet1	EUSTAPF								amikacin	<=	0.5		
35756053	Table_2.XLSX	Sheet1	EUSTAPF								ampicillin	=	4		mic_sign '=' inferred
35756053	Table_2.XLSX	Sheet1	EUSTAPF								ampicillin/sulbactam	<=	1/19		
35756053	Table_2.XLSX	Sheet1	EUSTAPF								cefazolin	<=	0.5		
35756053	Table_2.XLSX	Sheet1	EUSTAPF								cefepime	<=	2		
35756053	Table_2.XLSX	Sheet1	EUSTAPF								cephalothin	=	0.25		mic_sign '=' inferred
35756053	Table_2.XLSX	Sheet1	EUSTAPF								meropenem	<=	0.5		
35756053	Table_2.XLSX	Sheet1	EUSTAPF								ertapenem	=	4		mic_sign '=' inferred
35756053	Table_2.XLSX	Sheet1	EUSTAPF								cefuroxime	<=	1		
35756053	Table_2.XLSX	Sheet1	EUSTAPF								gentamicin	=	16		mic_sign '=' inferred
35756053	Table_2.XLSX	Sheet1	EUSTAPF								ciprofloxacin	<=	0.25		
35756053	Table_2.XLSX	Sheet1	EUSTAPF								piperacillin/tazobactam	=	0.06		mic_sign '=' inferred
35756053	Table_2.XLSX	Sheet1	EUSTAPF								cefoxitin	=	0.5		mic_sign '=' inferred
35756053	Table_2.XLSX	Sheet1	EUSTAPF								trimethoprim	=	2		mic_sign '=' inferred
35756053	Table_2.XLSX	Sheet1	EUSTAPF								sulfamethoxazole	=	1		mic_sign '=' inferred
35756053	Table_2.XLSX	Sheet1	EUSTAPF								cefpodoxime	<=	0.03		
35756053	Table_2.XLSX	Sheet1	EUSTAPF								ceftazidime	<=	0.5		
35756053	Table_2.XLSX	Sheet1	EUSTAPF								tobramycin	=	0.5		mic_sign '=' inferred
35756053	Table_2.XLSX	Sheet1	EUSTAPF								tigecycline	=	4		mic_sign '=' inferred
35756053	Table_2.XLSX	Sheet1	EUSTAPF								amikacin	<=	0.5		
35756053	Table_2.XLSX	Sheet1	EUSTAPF								ampicillin	=	4		mic_sign '=' inferred
35756053	Table_2.XLSX	Sheet1	EUSTAPF								ampicillin/sulbactam	<=	1/19		
35756053	Table_2.XLSX	Sheet1	EUSTAPF								cefazolin	<=	0.5		
35756053	Table_2.XLSX	Sheet1	EUSTAPF								cefepime	<=	2		
35756053	Table_2.XLSX	Sheet1	EUSTAPF								cephalothin	<=	0.12		
35756053	Table_2.XLSX	Sheet1	EUSTAPF								meropenem	<=	0.5		
35756053	Table_2.XLSX	Sheet1	EUSTAPF								ertapenem	<=	0.5		
35756053	Table_2.XLSX	Sheet1	EUSTAPF								cefuroxime	<=	1		
35756053	Table_2.XLSX	Sheet1	EUSTAPF								gentamicin	<=	4		
35756053	Table_2.XLSX	Sheet1	EUSTAPF								ciprofloxacin	<=	0.25		
35756053	Table_2.XLSX	Sheet1	EUSTAPF								piperacillin/tazobactam	=	0.06		mic_sign '=' inferred
35756053	Table_2.XLSX	Sheet1	EUSTAPF								cefoxitin	<=	0.25		
35756053	Table_2.XLSX	Sheet1	EUSTAPF								trimethoprim	<=	0.25		
35756053	Table_2.XLSX	Sheet1	EUSTAPF								sulfamethoxazole	=	1		mic_sign '=' inferred
35756053	Table_2.XLSX	Sheet1	EUSTAPF								cefpodoxime	<=	0.03		
35756053	Table_2.XLSX	Sheet1	EUSTAPF								ceftazidime	<=	0.5		
35756053	Table_2.XLSX	Sheet1	EUSTAPF								tobramycin	<=	0.25		
35756053	Table_2.XLSX	Sheet1	EUSTAPF								tigecycline	=	2		mic_sign '=' inferred
35756053	Table_2.XLSX	Sheet1	EUSTAPF								amikacin	<=	0.5		
35756053	Table_2.XLSX	Sheet1	EUSTAPF								ampicillin	<=	0.5		
35756053	Table_2.XLSX	Sheet1	EUSTAPF								ampicillin/sulbactam	=	2/38		mic_sign '=' inferred
35756053	Table_2.XLSX	Sheet1	EUSTAPF								cefazolin	<=	0.5		
35756053	Table_2.XLSX	Sheet1	EUSTAPF								cefepime	<=	2		
35756053	Table_2.XLSX	Sheet1	EUSTAPF								cephalothin	<=	0.12		
35756053	Table_2.XLSX	Sheet1	EUSTAPF								meropenem	<=	0.5		
35756053	Table_2.XLSX	Sheet1	EUSTAPF								ertapenem	>	4		
35756053	Table_2.XLSX	Sheet1	EUSTAPF								cefuroxime	<=	1		
35756053	Table_2.XLSX	Sheet1	EUSTAPF								gentamicin	>	16		
35756053	Table_2.XLSX	Sheet1	EUSTAPF								ciprofloxacin	=	0.5		mic_sign '=' inferred
35756053	Table_2.XLSX	Sheet1	EUSTAPF								piperacillin/tazobactam	=	0.06		mic_sign '=' inferred
35756053	Table_2.XLSX	Sheet1	EUSTAPF								cefoxitin	=	0.5		mic_sign '=' inferred
35756053	Table_2.XLSX	Sheet1	EUSTAPF								trimethoprim	=	0.5		mic_sign '=' inferred
35756053	Table_2.XLSX	Sheet1	EUSTAPF								sulfamethoxazole	=	1		mic_sign '=' inferred
35756053	Table_2.XLSX	Sheet1	EUSTAPF								cefpodoxime	<=	0.03		
35756053	Table_2.XLSX	Sheet1	EUSTAPF								ceftazidime	<=	0.5		
35756053	Table_2.XLSX	Sheet1	EUSTAPF								tobramycin	=	2		mic_sign '=' inferred
35756053	Table_2.XLSX	Sheet1	EUSTAPF								tigecycline	=	2		mic_sign '=' inferred
35756053	Table_2.XLSX	Sheet1	EUSTAPF								amikacin	<=	0.5		
35756053	Table_2.XLSX	Sheet1	EUSTAPF								ampicillin	<=	0.5		
35756053	Table_2.XLSX	Sheet1	EUSTAPF								ampicillin/sulbactam	<=	1/19		
35756053	Table_2.XLSX	Sheet1	EUSTAPF								cefazolin	<=	0.5		
35756053	Table_2.XLSX	Sheet1	EUSTAPF								cefepime	<=	2		
35756053	Table_2.XLSX	Sheet1	EUSTAPF								cephalothin	<=	0.12		
35756053	Table_2.XLSX	Sheet1	EUSTAPF								meropenem	<=	0.5		
35756053	Table_2.XLSX	Sheet1	EUSTAPF								ertapenem	<=	0.5		
35756053	Table_2.XLSX	Sheet1	EUSTAPF								cefuroxime	<=	1		
35756053	Table_2.XLSX	Sheet1	EUSTAPF								gentamicin	<=	4		
35756053	Table_2.XLSX	Sheet1	EUSTAPF								ciprofloxacin	=	0.5		mic_sign '=' inferred
35756053	Table_2.XLSX	Sheet1	EUSTAPF								piperacillin/tazobactam	=	0.06		mic_sign '=' inferred
35756053	Table_2.XLSX	Sheet1	EUSTAPF								cefoxitin	<=	0.25		
35756053	Table_2.XLSX	Sheet1	EUSTAPF								trimethoprim	<=	0.25		
35756053	Table_2.XLSX	Sheet1	EUSTAPF								sulfamethoxazole	=	1		mic_sign '=' inferred
35756053	Table_2.XLSX	Sheet1	EUSTAPF								cefpodoxime	<=	0.03		
35756053	Table_2.XLSX	Sheet1	EUSTAPF								ceftazidime	<=	0.5		
35756053	Table_2.XLSX	Sheet1	EUSTAPF								tobramycin	<=	0.25		
35756053	Table_2.XLSX	Sheet1	EUSTAPF								tigecycline	=	4		mic_sign '=' inferred
35756053	Table_2.XLSX	Sheet1	EUSTAPF								amikacin	<=	0.5		
35756053	Table_2.XLSX	Sheet1	EUSTAPF								ampicillin	<=	0.5		
35756053	Table_2.XLSX	Sheet1	EUSTAPF								ampicillin/sulbactam	<=	1/19		
35756053	Table_2.XLSX	Sheet1	EUSTAPF								cefazolin	<=	0.5		
35756053	Table_2.XLSX	Sheet1	EUSTAPF								cefepime	<=	2		
35756053	Table_2.XLSX	Sheet1	EUSTAPF								cephalothin	<=	0.12		
35756053	Table_2.XLSX	Sheet1	EUSTAPF								meropenem	<=	0.5		
35756053	Table_2.XLSX	Sheet1	EUSTAPF								ertapenem	<=	0.5		
35756053	Table_2.XLSX	Sheet1	EUSTAPF								cefuroxime	<=	1		
35756053	Table_2.XLSX	Sheet1	EUSTAPF								gentamicin	<=	4		
35756053	Table_2.XLSX	Sheet1	EUSTAPF								ciprofloxacin	=	0.5		mic_sign '=' inferred
35756053	Table_2.XLSX	Sheet1	EUSTAPF								piperacillin/tazobactam	=	0.06		mic_sign '=' inferred
35756053	Table_2.XLSX	Sheet1	EUSTAPF								cefoxitin	<=	0.25		
35756053	Table_2.XLSX	Sheet1	EUSTAPF								trimethoprim	<=	0.25		
35756053	Table_2.XLSX	Sheet1	EUSTAPF								sulfamethoxazole	=	1		mic_sign '=' inferred
35756053	Table_2.XLSX	Sheet1	EUSTAPF								cefpodoxime	<=	0.03		
35756053	Table_2.XLSX	Sheet1	EUSTAPF								ceftazidime	<=	0.5		
35756053	Table_2.XLSX	Sheet1	EUSTAPF								tobramycin	<=	0.25		
35756053	Table_2.XLSX	Sheet1	EUSTAPF								tigecycline	=	2		mic_sign '=' inferred
35756053	Table_2.XLSX	Sheet1	EUSTAPF								amikacin	<=	0.5		
35756053	Table_2.XLSX	Sheet1	EUSTAPF								ampicillin	<=	0.5		
35756053	Table_2.XLSX	Sheet1	EUSTAPF								ampicillin/sulbactam	<=	1/19		
35756053	Table_2.XLSX	Sheet1	EUSTAPF								cefazolin	<=	0.5		
35756053	Table_2.XLSX	Sheet1	EUSTAPF								cefepime	<=	2		
35756053	Table_2.XLSX	Sheet1	EUSTAPF								cephalothin	<=	0.12		
35756053	Table_2.XLSX	Sheet1	EUSTAPF								meropenem	<=	0.5		
35756053	Table_2.XLSX	Sheet1	EUSTAPF								ertapenem	<=	0.5		
35756053	Table_2.XLSX	Sheet1	EUSTAPF								cefuroxime	<=	1		
35756053	Table_2.XLSX	Sheet1	EUSTAPF								gentamicin	<=	4		
35756053	Table_2.XLSX	Sheet1	EUSTAPF								ciprofloxacin	<=	0.25		
35756053	Table_2.XLSX	Sheet1	EUSTAPF								piperacillin/tazobactam	<=	0.03		
35756053	Table_2.XLSX	Sheet1	EUSTAPF								cefoxitin	=	0.5		mic_sign '=' inferred
35756053	Table_2.XLSX	Sheet1	EUSTAPF								trimethoprim	=	0.5		mic_sign '=' inferred
35756053	Table_2.XLSX	Sheet1	EUSTAPF								sulfamethoxazole	=	1		mic_sign '=' inferred
35756053	Table_2.XLSX	Sheet1	EUSTAPF								cefpodoxime	<=	0.03		
35756053	Table_2.XLSX	Sheet1	EUSTAPF								ceftazidime	<=	0.5		
35756053	Table_2.XLSX	Sheet1	EUSTAPF								tobramycin	<=	0.25		
35756053	Table_2.XLSX	Sheet1	EUSTAPF								tigecycline	=	4		mic_sign '=' inferred
35756053	Table_2.XLSX	Sheet1	EUSTAPF								amikacin	<=	0.5		
35756053	Table_2.XLSX	Sheet1	EUSTAPF								ampicillin	<=	0.5		
35756053	Table_2.XLSX	Sheet1	EUSTAPF								ampicillin/sulbactam	=	4/76		mic_sign '=' inferred
35756053	Table_2.XLSX	Sheet1	EUSTAPF								cefazolin	<=	0.5		
35756053	Table_2.XLSX	Sheet1	EUSTAPF								cefepime	=	4		mic_sign '=' inferred
35756053	Table_2.XLSX	Sheet1	EUSTAPF								cephalothin	<=	0.12		
35756053	Table_2.XLSX	Sheet1	EUSTAPF								meropenem	<=	0.5		
35756053	Table_2.XLSX	Sheet1	EUSTAPF								ertapenem	>	4		
35756053	Table_2.XLSX	Sheet1	EUSTAPF								cefuroxime	<=	1		
35756053	Table_2.XLSX	Sheet1	EUSTAPF								gentamicin	>	16		
35756053	Table_2.XLSX	Sheet1	EUSTAPF								ciprofloxacin	=	0.5		mic_sign '=' inferred
35756053	Table_2.XLSX	Sheet1	EUSTAPF								piperacillin/tazobactam	=	0.06		mic_sign '=' inferred
35756053	Table_2.XLSX	Sheet1	EUSTAPF								cefoxitin	<=	0.25		
35756053	Table_2.XLSX	Sheet1	EUSTAPF								trimethoprim	<=	0.25		
35756053	Table_2.XLSX	Sheet1	EUSTAPF								sulfamethoxazole	=	2		mic_sign '=' inferred
35756053	Table_2.XLSX	Sheet1	EUSTAPF								cefpodoxime	<=	0.03		
35756053	Table_2.XLSX	Sheet1	EUSTAPF								ceftazidime	<=	0.5		
35756053	Table_2.XLSX	Sheet1	EUSTAPF								tobramycin	>	2		
35756053	Table_2.XLSX	Sheet1	EUSTAPF								tigecycline	=	4		mic_sign '=' inferred
35756053	Table_2.XLSX	Sheet1	EUSTAPF								amikacin	<=	0.5		
35756053	Table_2.XLSX	Sheet1	EUSTAPF								ampicillin	<=	0.5		
35756053	Table_2.XLSX	Sheet1	EUSTAPF								ampicillin/sulbactam	<=	1/19		
35756053	Table_2.XLSX	Sheet1	EUSTAPF								cefazolin	<=	0.5		
35756053	Table_2.XLSX	Sheet1	EUSTAPF								cefepime	<=	2		
35756053	Table_2.XLSX	Sheet1	EUSTAPF								cephalothin	<=	0.12		
35756053	Table_2.XLSX	Sheet1	EUSTAPF								meropenem	<=	0.5		
35756053	Table_2.XLSX	Sheet1	EUSTAPF								ertapenem	<=	0.5		
35756053	Table_2.XLSX	Sheet1	EUSTAPF								cefuroxime	<=	1		
35756053	Table_2.XLSX	Sheet1	EUSTAPF								gentamicin	<=	4		
35756053	Table_2.XLSX	Sheet1	EUSTAPF								ciprofloxacin	=	0.5		mic_sign '=' inferred
35756053	Table_2.XLSX	Sheet1	EUSTAPF								piperacillin/tazobactam	=	0.06		mic_sign '=' inferred
35756053	Table_2.XLSX	Sheet1	EUSTAPF								cefoxitin	=	0.5		mic_sign '=' inferred
35756053	Table_2.XLSX	Sheet1	EUSTAPF								trimethoprim	=	0.5		mic_sign '=' inferred
35756053	Table_2.XLSX	Sheet1	EUSTAPF								sulfamethoxazole	=	1		mic_sign '=' inferred
35756053	Table_2.XLSX	Sheet1	EUSTAPF								cefpodoxime	<=	0.03		
35756053	Table_2.XLSX	Sheet1	EUSTAPF								ceftazidime	<=	0.5		
35756053	Table_2.XLSX	Sheet1	EUSTAPF								tobramycin	<=	0.25		
35756053	Table_2.XLSX	Sheet1	EUSTAPF								tigecycline	=	4		mic_sign '=' inferred
35756053	Table_2.XLSX	Sheet1	EUSTAPF								amikacin	<=	0.5		
35756053	Table_2.XLSX	Sheet1	EUSTAPF								ampicillin	<=	0.5		
35756053	Table_2.XLSX	Sheet1	EUSTAPF								ampicillin/sulbactam	<=	1/19		
35756053	Table_2.XLSX	Sheet1	EUSTAPF								cefazolin	<=	0.5		
35756053	Table_2.XLSX	Sheet1	EUSTAPF								cefepime	<=	2		
35756053	Table_2.XLSX	Sheet1	EUSTAPF								cephalothin	<=	0.12		
35756053	Table_2.XLSX	Sheet1	EUSTAPF								meropenem	<=	0.5		
35756053	Table_2.XLSX	Sheet1	EUSTAPF								ertapenem	<=	0.5		
35756053	Table_2.XLSX	Sheet1	EUSTAPF								cefuroxime	<=	1		
35756053	Table_2.XLSX	Sheet1	EUSTAPF								gentamicin	<=	4		
35756053	Table_2.XLSX	Sheet1	EUSTAPF								ciprofloxacin	=	0.5		mic_sign '=' inferred
35756053	Table_2.XLSX	Sheet1	EUSTAPF								piperacillin/tazobactam	=	0.06		mic_sign '=' inferred
35756053	Table_2.XLSX	Sheet1	EUSTAPF								cefoxitin	=	0.5		mic_sign '=' inferred
35756053	Table_2.XLSX	Sheet1	EUSTAPF								trimethoprim	=	0.5		mic_sign '=' inferred
35756053	Table_2.XLSX	Sheet1	EUSTAPF								sulfamethoxazole	=	1		mic_sign '=' inferred
35756053	Table_2.XLSX	Sheet1	EUSTAPF								cefpodoxime	<=	0.03		
35756053	Table_2.XLSX	Sheet1	EUSTAPF								ceftazidime	<=	0.5		
35756053	Table_2.XLSX	Sheet1	EUSTAPF								tobramycin	<=	0.25		
35756053	Table_2.XLSX	Sheet1	EUSTAPF								tigecycline	=	2		mic_sign '=' inferred
35756053	Table_2.XLSX	Sheet1	EUSTAPF								amikacin	<=	0.5		
35756053	Table_2.XLSX	Sheet1	EUSTAPF								ampicillin	<=	0.5		
35756053	Table_2.XLSX	Sheet1	EUSTAPF								ampicillin/sulbactam	<=	1/19		
35756053	Table_2.XLSX	Sheet1	EUSTAPF								cefazolin	<=	0.5		
35756053	Table_2.XLSX	Sheet1	EUSTAPF								cefepime	=	4		mic_sign '=' inferred
35756053	Table_2.XLSX	Sheet1	EUSTAPF								cephalothin	<=	0.12		
35756053	Table_2.XLSX	Sheet1	EUSTAPF								meropenem	<=	0.5		
35756053	Table_2.XLSX	Sheet1	EUSTAPF								ertapenem	<=	0.5		
35756053	Table_2.XLSX	Sheet1	EUSTAPF								cefuroxime	<=	1		
35756053	Table_2.XLSX	Sheet1	EUSTAPF								gentamicin	<=	4		
35756053	Table_2.XLSX	Sheet1	EUSTAPF								ciprofloxacin	=	0.5		mic_sign '=' inferred
35756053	Table_2.XLSX	Sheet1	EUSTAPF								piperacillin/tazobactam	=	0.06		mic_sign '=' inferred
35756053	Table_2.XLSX	Sheet1	EUSTAPF								cefoxitin	<=	0.25		
35756053	Table_2.XLSX	Sheet1	EUSTAPF								trimethoprim	<=	0.25		
35756053	Table_2.XLSX	Sheet1	EUSTAPF								sulfamethoxazole	=	1		mic_sign '=' inferred
35756053	Table_2.XLSX	Sheet1	EUSTAPF								cefpodoxime	<=	0.03		
35756053	Table_2.XLSX	Sheet1	EUSTAPF								ceftazidime	<=	0.5		
35756053	Table_2.XLSX	Sheet1	EUSTAPF								tobramycin	<=	0.25		
35756053	Table_2.XLSX	Sheet1	EUSTAPF								tigecycline	=	2		mic_sign '=' inferred
35756053	Table_2.XLSX	Sheet1	EUSTAPF								amikacin	<=	0.5		
35756053	Table_2.XLSX	Sheet1	EUSTAPF								ampicillin	<=	0.5		
35756053	Table_2.XLSX	Sheet1	EUSTAPF								ampicillin/sulbactam	<=	1/19		
35756053	Table_2.XLSX	Sheet1	EUSTAPF								cefazolin	<=	0.5		
35756053	Table_2.XLSX	Sheet1	EUSTAPF								cefepime	<=	2		
35756053	Table_2.XLSX	Sheet1	EUSTAPF								cephalothin	<=	0.12		
35756053	Table_2.XLSX	Sheet1	EUSTAPF								meropenem	<=	0.5		
35756053	Table_2.XLSX	Sheet1	EUSTAPF								ertapenem	<=	0.5		
35756053	Table_2.XLSX	Sheet1	EUSTAPF								cefuroxime	<=	1		
35756053	Table_2.XLSX	Sheet1	EUSTAPF								gentamicin	<=	4		
35756053	Table_2.XLSX	Sheet1	EUSTAPF								ciprofloxacin	<=	0.25		
35756053	Table_2.XLSX	Sheet1	EUSTAPF								piperacillin/tazobactam	=	0.06		mic_sign '=' inferred
35756053	Table_2.XLSX	Sheet1	EUSTAPF								cefoxitin	<=	0.25		
35756053	Table_2.XLSX	Sheet1	EUSTAPF								trimethoprim	<=	0.25		
35756053	Table_2.XLSX	Sheet1	EUSTAPF								sulfamethoxazole	<=	0.5		
35756053	Table_2.XLSX	Sheet1	EUSTAPF								cefpodoxime	<=	0.03		
35756053	Table_2.XLSX	Sheet1	EUSTAPF								ceftazidime	<=	0.5		
35756053	Table_2.XLSX	Sheet1	EUSTAPF								tobramycin	<=	0.25		
35756053	Table_2.XLSX	Sheet1	EUSTAPF								tigecycline	=	2		mic_sign '=' inferred
35756053	Table_2.XLSX	Sheet1	EUSTAPF								amikacin	<=	0.5		
35756053	Table_2.XLSX	Sheet1	EUSTAPF								ampicillin	<=	0.5		
35756053	Table_2.XLSX	Sheet1	EUSTAPF								ampicillin/sulbactam	<=	1/19		
35756053	Table_2.XLSX	Sheet1	EUSTAPF								cefazolin	<=	0.5		
35756053	Table_2.XLSX	Sheet1	EUSTAPF								cefepime	<=	2		
35756053	Table_2.XLSX	Sheet1	EUSTAPF								cephalothin	<=	0.12		
35756053	Table_2.XLSX	Sheet1	EUSTAPF								meropenem	<=	0.5		
35756053	Table_2.XLSX	Sheet1	EUSTAPF								ertapenem	<=	0.5		
35756053	Table_2.XLSX	Sheet1	EUSTAPF								cefuroxime	<=	1		
35756053	Table_2.XLSX	Sheet1	EUSTAPF								gentamicin	<=	4		
35756053	Table_2.XLSX	Sheet1	EUSTAPF								ciprofloxacin	<=	0.25		
35756053	Table_2.XLSX	Sheet1	EUSTAPF								piperacillin/tazobactam	=	0.06		mic_sign '=' inferred
35756053	Table_2.XLSX	Sheet1	EUSTAPF								cefoxitin	<=	0.25		
35756053	Table_2.XLSX	Sheet1	EUSTAPF								trimethoprim	<=	0.25		
35756053	Table_2.XLSX	Sheet1	EUSTAPF								sulfamethoxazole	=	1		mic_sign '=' inferred
35756053	Table_2.XLSX	Sheet1	EUSTAPF								cefpodoxime	<=	0.03		
35756053	Table_2.XLSX	Sheet1	EUSTAPF								ceftazidime	<=	0.5		
35756053	Table_2.XLSX	Sheet1	EUSTAPF								tobramycin	<=	0.25		
35756053	Table_2.XLSX	Sheet1	EUSTAPF								tigecycline	=	4		mic_sign '=' inferred
35756053	Table_2.XLSX	Sheet1	EUSTAPF								amikacin	<=	0.5		
35756053	Table_2.XLSX	Sheet1	EUSTAPF								ampicillin	<=	0.5		
35756053	Table_2.XLSX	Sheet1	EUSTAPF								ampicillin/sulbactam	<=	1/19		
35756053	Table_2.XLSX	Sheet1	EUSTAPF								cefazolin	<=	0.5		
35756053	Table_2.XLSX	Sheet1	EUSTAPF								cefepime	=	4		mic_sign '=' inferred
35756053	Table_2.XLSX	Sheet1	EUSTAPF								cephalothin	<=	0.12		
35756053	Table_2.XLSX	Sheet1	EUSTAPF								meropenem	<=	0.5		
35756053	Table_2.XLSX	Sheet1	EUSTAPF								ertapenem	<=	0.5		
35756053	Table_2.XLSX	Sheet1	EUSTAPF								cefuroxime	<=	1		
35756053	Table_2.XLSX	Sheet1	EUSTAPF								gentamicin	<=	4		
35756053	Table_2.XLSX	Sheet1	EUSTAPF								ciprofloxacin	=	0.5		mic_sign '=' inferred
35756053	Table_2.XLSX	Sheet1	EUSTAPF								piperacillin/tazobactam	=	0.06		mic_sign '=' inferred
35756053	Table_2.XLSX	Sheet1	EUSTAPF								cefoxitin	<=	0.25		
35756053	Table_2.XLSX	Sheet1	EUSTAPF								trimethoprim	<=	0.25		
35756053	Table_2.XLSX	Sheet1	EUSTAPF								sulfamethoxazole	=	1		mic_sign '=' inferred
35756053	Table_2.XLSX	Sheet1	EUSTAPF								cefpodoxime	<=	0.03		
35756053	Table_2.XLSX	Sheet1	EUSTAPF								ceftazidime	<=	0.5		
35756053	Table_2.XLSX	Sheet1	EUSTAPF								tobramycin	<=	0.25		
35756053	Table_2.XLSX	Sheet1	EUSTAPF								tigecycline	=	2		mic_sign '=' inferred
35756053	Table_2.XLSX	Sheet1	EUSTAPF								amikacin	<=	0.5		
35756053	Table_2.XLSX	Sheet1	EUSTAPF								ampicillin	>	4		
35756053	Table_2.XLSX	Sheet1	EUSTAPF								ampicillin/sulbactam	<=	1/19		
35756053	Table_2.XLSX	Sheet1	EUSTAPF								cefazolin	<=	0.5		
35756053	Table_2.XLSX	Sheet1	EUSTAPF								cefepime	<=	2		
35756053	Table_2.XLSX	Sheet1	EUSTAPF								cephalothin	<=	0.12		
35756053	Table_2.XLSX	Sheet1	EUSTAPF								meropenem	<=	0.5		
35756053	Table_2.XLSX	Sheet1	EUSTAPF								ertapenem	<=	0.5		
35756053	Table_2.XLSX	Sheet1	EUSTAPF								cefuroxime	<=	1		
35756053	Table_2.XLSX	Sheet1	EUSTAPF								gentamicin	<=	4		
35756053	Table_2.XLSX	Sheet1	EUSTAPF								ciprofloxacin	=	0.5		mic_sign '=' inferred
35756053	Table_2.XLSX	Sheet1	EUSTAPF								piperacillin/tazobactam	=	0.06		mic_sign '=' inferred
35756053	Table_2.XLSX	Sheet1	EUSTAPF								cefoxitin	<=	0.25		
35756053	Table_2.XLSX	Sheet1	EUSTAPF								trimethoprim	<=	0.25		
35756053	Table_2.XLSX	Sheet1	EUSTAPF								sulfamethoxazole	=	1		mic_sign '=' inferred
35756053	Table_2.XLSX	Sheet1	EUSTAPF								cefpodoxime	<=	0.03		
35756053	Table_2.XLSX	Sheet1	EUSTAPF								ceftazidime	<=	0.5		
35756053	Table_2.XLSX	Sheet1	EUSTAPF								tobramycin	<=	0.25		
35756053	Table_2.XLSX	Sheet1	EUSTAPF								tigecycline	=	4		mic_sign '=' inferred
35756053	Table_2.XLSX	Sheet1	EUSTAPF								amikacin	<=	0.5		
35756053	Table_2.XLSX	Sheet1	EUSTAPF								ampicillin	>	4		
35756053	Table_2.XLSX	Sheet1	EUSTAPF								ampicillin/sulbactam	<=	1/19		
35756053	Table_2.XLSX	Sheet1	EUSTAPF								cefazolin	<=	0.5		
35756053	Table_2.XLSX	Sheet1	EUSTAPF								cefepime	<=	2		
35756053	Table_2.XLSX	Sheet1	EUSTAPF								cephalothin	<=	0.12		
35756053	Table_2.XLSX	Sheet1	EUSTAPF								meropenem	<=	0.5		
35756053	Table_2.XLSX	Sheet1	EUSTAPF								ertapenem	<=	0.5		
35756053	Table_2.XLSX	Sheet1	EUSTAPF								cefuroxime	<=	1		
35756053	Table_2.XLSX	Sheet1	EUSTAPF								gentamicin	<=	4		
35756053	Table_2.XLSX	Sheet1	EUSTAPF								ciprofloxacin	<=	0.25		
35756053	Table_2.XLSX	Sheet1	EUSTAPF								piperacillin/tazobactam	=	0.06		mic_sign '=' inferred
35756053	Table_2.XLSX	Sheet1	EUSTAPF								cefoxitin	<=	0.25		
35756053	Table_2.XLSX	Sheet1	EUSTAPF								trimethoprim	<=	0.25		
35756053	Table_2.XLSX	Sheet1	EUSTAPF								sulfamethoxazole	=	1		mic_sign '=' inferred
35756053	Table_2.XLSX	Sheet1	EUSTAPF								cefpodoxime	<=	0.03		
35756053	Table_2.XLSX	Sheet1	EUSTAPF								ceftazidime	<=	0.5		
35756053	Table_2.XLSX	Sheet1	EUSTAPF								tobramycin	<=	0.25		
35756053	Table_2.XLSX	Sheet1	EUSTAPF								tigecycline	=	2		mic_sign '=' inferred
35756053	Table_2.XLSX	Sheet1	EUSTAPF								amikacin	<=	0.5		
35756053	Table_2.XLSX	Sheet1	EUSTAPF								ampicillin	<=	0.5		
35756053	Table_2.XLSX	Sheet1	EUSTAPF								ampicillin/sulbactam	<=	1/19		
35756053	Table_2.XLSX	Sheet1	EUSTAPF								cefazolin	<=	0.5		
35756053	Table_2.XLSX	Sheet1	EUSTAPF								cefepime	=	4		mic_sign '=' inferred
35756053	Table_2.XLSX	Sheet1	EUSTAPF								cephalothin	=	0.25		mic_sign '=' inferred
35756053	Table_2.XLSX	Sheet1	EUSTAPF								meropenem	>	4		
35756053	Table_2.XLSX	Sheet1	EUSTAPF								ertapenem	<=	0.5		
35756053	Table_2.XLSX	Sheet1	EUSTAPF								cefuroxime	<=	1		
35756053	Table_2.XLSX	Sheet1	EUSTAPF								gentamicin	<=	4		
35756053	Table_2.XLSX	Sheet1	EUSTAPF								ciprofloxacin	=	0.5		mic_sign '=' inferred
35756053	Table_2.XLSX	Sheet1	EUSTAPF								piperacillin/tazobactam	=	0.06		mic_sign '=' inferred
35756053	Table_2.XLSX	Sheet1	EUSTAPF								cefoxitin	>	8		
35756053	Table_2.XLSX	Sheet1	EUSTAPF								trimethoprim	<=	0.25		
35756053	Table_2.XLSX	Sheet1	EUSTAPF								sulfamethoxazole	=	1		mic_sign '=' inferred
35756053	Table_2.XLSX	Sheet1	EUSTAPF								cefpodoxime	<=	0.03		
35756053	Table_2.XLSX	Sheet1	EUSTAPF								ceftazidime	<=	0.5		
35756053	Table_2.XLSX	Sheet1	EUSTAPF								tobramycin	<=	0.25		
35756053	Table_2.XLSX	Sheet1	EUSTAPF								tigecycline	=	4		mic_sign '=' inferred
35756053	Table_2.XLSX	Sheet1	EUSTAPF								amikacin	<=	0.5		
35756053	Table_2.XLSX	Sheet1	EUSTAPF								ampicillin	<=	0.5		
35756053	Table_2.XLSX	Sheet1	EUSTAPF								ampicillin/sulbactam	<=	1/19		
35756053	Table_2.XLSX	Sheet1	EUSTAPF								cefazolin	<=	0.5		
35756053	Table_2.XLSX	Sheet1	EUSTAPF								cefepime	<=	2		
35756053	Table_2.XLSX	Sheet1	EUSTAPF								cephalothin	<=	0.12		
35756053	Table_2.XLSX	Sheet1	EUSTAPF								meropenem	<=	0.5		
35756053	Table_2.XLSX	Sheet1	EUSTAPF								ertapenem	<=	0.5		
35756053	Table_2.XLSX	Sheet1	EUSTAPF								cefuroxime	<=	1		
35756053	Table_2.XLSX	Sheet1	EUSTAPF								gentamicin	<=	4		
35756053	Table_2.XLSX	Sheet1	EUSTAPF								ciprofloxacin	=	0.5		mic_sign '=' inferred
35756053	Table_2.XLSX	Sheet1	EUSTAPF								piperacillin/tazobactam	=	0.06		mic_sign '=' inferred
35756053	Table_2.XLSX	Sheet1	EUSTAPF								cefoxitin	<=	0.25		
35756053	Table_2.XLSX	Sheet1	EUSTAPF								trimethoprim	<=	0.25		
35756053	Table_2.XLSX	Sheet1	EUSTAPF								sulfamethoxazole	=	1		mic_sign '=' inferred
35756053	Table_2.XLSX	Sheet1	EUSTAPF								cefpodoxime	<=	0.03		
35756053	Table_2.XLSX	Sheet1	EUSTAPF								ceftazidime	<=	0.5		
35756053	Table_2.XLSX	Sheet1	EUSTAPF								tobramycin	<=	0.25		
35756053	Table_2.XLSX	Sheet1	EUSTAPF								tigecycline	=	2		mic_sign '=' inferred
35756053	Table_2.XLSX	Sheet1	EUSTAPF								amikacin	<=	0.5		
35756053	Table_2.XLSX	Sheet1	EUSTAPF								ampicillin	<=	0.5		
35756053	Table_2.XLSX	Sheet1	EUSTAPF								ampicillin/sulbactam	<=	1/19		
35756053	Table_2.XLSX	Sheet1	EUSTAPF								cefazolin	<=	0.5		
35756053	Table_2.XLSX	Sheet1	EUSTAPF								cefepime	=	4		mic_sign '=' inferred
35756053	Table_2.XLSX	Sheet1	EUSTAPF								cephalothin	<=	0.12		
35756053	Table_2.XLSX	Sheet1	EUSTAPF								meropenem	<=	0.5		
35756053	Table_2.XLSX	Sheet1	EUSTAPF								ertapenem	=	1		mic_sign '=' inferred
35756053	Table_2.XLSX	Sheet1	EUSTAPF								cefuroxime	<=	1		
35756053	Table_2.XLSX	Sheet1	EUSTAPF								gentamicin	=	8		mic_sign '=' inferred
35756053	Table_2.XLSX	Sheet1	EUSTAPF								ciprofloxacin	=	0.5		mic_sign '=' inferred
35756053	Table_2.XLSX	Sheet1	EUSTAPF								piperacillin/tazobactam	=	0.06		mic_sign '=' inferred
35756053	Table_2.XLSX	Sheet1	EUSTAPF								cefoxitin	=	0.5		mic_sign '=' inferred
35756053	Table_2.XLSX	Sheet1	EUSTAPF								trimethoprim	=	0.5		mic_sign '=' inferred
35756053	Table_2.XLSX	Sheet1	EUSTAPF								sulfamethoxazole	=	1		mic_sign '=' inferred
35756053	Table_2.XLSX	Sheet1	EUSTAPF								cefpodoxime	<=	0.03		
35756053	Table_2.XLSX	Sheet1	EUSTAPF								ceftazidime	<=	0.5		
35756053	Table_2.XLSX	Sheet1	EUSTAPF								tobramycin	<=	0.25		
35756053	Table_2.XLSX	Sheet1	EUSTAPF								tigecycline	=	2		mic_sign '=' inferred
35756053	Table_2.XLSX	Sheet1	EUSTAPF								amikacin	<=	0.5		
35756053	Table_2.XLSX	Sheet1	EUSTAPF								ampicillin	<=	0.5		
35756053	Table_2.XLSX	Sheet1	EUSTAPF								ampicillin/sulbactam	<=	1/19		
35756053	Table_2.XLSX	Sheet1	EUSTAPF								cefazolin	=	1		mic_sign '=' inferred
35756053	Table_2.XLSX	Sheet1	EUSTAPF								cefepime	<=	2		
35756053	Table_2.XLSX	Sheet1	EUSTAPF								cephalothin	<=	0.12		
35756053	Table_2.XLSX	Sheet1	EUSTAPF								meropenem	<=	0.5		
35756053	Table_2.XLSX	Sheet1	EUSTAPF								ertapenem	<=	0.5		
35756053	Table_2.XLSX	Sheet1	EUSTAPF								cefuroxime	<=	1		
35756053	Table_2.XLSX	Sheet1	EUSTAPF								gentamicin	<=	4		
35756053	Table_2.XLSX	Sheet1	EUSTAPF								ciprofloxacin	=	0.5		mic_sign '=' inferred
35756053	Table_2.XLSX	Sheet1	EUSTAPF								piperacillin/tazobactam	=	0.06		mic_sign '=' inferred
35756053	Table_2.XLSX	Sheet1	EUSTAPF								cefoxitin	<=	0.25		
35756053	Table_2.XLSX	Sheet1	EUSTAPF								trimethoprim	<=	0.25		
35756053	Table_2.XLSX	Sheet1	EUSTAPF								sulfamethoxazole	=	1		mic_sign '=' inferred
35756053	Table_2.XLSX	Sheet1	EUSTAPF								cefpodoxime	<=	0.03		
35756053	Table_2.XLSX	Sheet1	EUSTAPF								ceftazidime	<=	0.5		
35756053	Table_2.XLSX	Sheet1	EUSTAPF								tobramycin	<=	0.25		
35756053	Table_2.XLSX	Sheet1	EUSTAPF								tigecycline	=	2		mic_sign '=' inferred
35756053	Table_2.XLSX	Sheet1	EUSTAPF								amikacin	<=	0.5		
35756053	Table_2.XLSX	Sheet1	EUSTAPF								ampicillin	=	1		mic_sign '=' inferred
35756053	Table_2.XLSX	Sheet1	EUSTAPF								ampicillin/sulbactam	<=	1/19		
35756053	Table_2.XLSX	Sheet1	EUSTAPF								cefazolin	<=	0.5		
35756053	Table_2.XLSX	Sheet1	EUSTAPF								cefepime	=	4		mic_sign '=' inferred
35756053	Table_2.XLSX	Sheet1	EUSTAPF								cephalothin	<=	0.12		
35756053	Table_2.XLSX	Sheet1	EUSTAPF								meropenem	<=	0.5		
35756053	Table_2.XLSX	Sheet1	EUSTAPF								ertapenem	<=	0.5		
35756053	Table_2.XLSX	Sheet1	EUSTAPF								cefuroxime	<=	1		
35756053	Table_2.XLSX	Sheet1	EUSTAPF								gentamicin	<=	4		
35756053	Table_2.XLSX	Sheet1	EUSTAPF								ciprofloxacin	=	0.5		mic_sign '=' inferred
35756053	Table_2.XLSX	Sheet1	EUSTAPF								piperacillin/tazobactam	=	0.12		mic_sign '=' inferred
35756053	Table_2.XLSX	Sheet1	EUSTAPF								cefoxitin	<=	0.25		
35756053	Table_2.XLSX	Sheet1	EUSTAPF								trimethoprim	<=	0.25		
35756053	Table_2.XLSX	Sheet1	EUSTAPF								sulfamethoxazole	=	1		mic_sign '=' inferred
35756053	Table_2.XLSX	Sheet1	EUSTAPF								cefpodoxime	<=	0.03		
35756053	Table_2.XLSX	Sheet1	EUSTAPF								ceftazidime	<=	0.5		
35756053	Table_2.XLSX	Sheet1	EUSTAPF								tobramycin	<=	0.25		
35756053	Table_2.XLSX	Sheet1	EUSTAPF								tigecycline	=	2		mic_sign '=' inferred
35756053	Table_2.XLSX	Sheet1	EUSTAPF								amikacin	<=	0.5		
35756053	Table_2.XLSX	Sheet1	EUSTAPF								ampicillin	<=	0.5		
35756053	Table_2.XLSX	Sheet1	EUSTAPF								ampicillin/sulbactam	<=	1/19		
35756053	Table_2.XLSX	Sheet1	EUSTAPF								cefazolin	<=	0.5		
35756053	Table_2.XLSX	Sheet1	EUSTAPF								cefepime	=	4		mic_sign '=' inferred
35756053	Table_2.XLSX	Sheet1	EUSTAPF								cephalothin	<=	0.12		
35756053	Table_2.XLSX	Sheet1	EUSTAPF								meropenem	<=	0.5		
35756053	Table_2.XLSX	Sheet1	EUSTAPF								ertapenem	<=	0.5		
35756053	Table_2.XLSX	Sheet1	EUSTAPF								cefuroxime	<=	1		
35756053	Table_2.XLSX	Sheet1	EUSTAPF								gentamicin	<=	4		
35756053	Table_2.XLSX	Sheet1	EUSTAPF								ciprofloxacin	=	0.5		mic_sign '=' inferred
35756053	Table_2.XLSX	Sheet1	EUSTAPF								piperacillin/tazobactam	=	0.06		mic_sign '=' inferred
35756053	Table_2.XLSX	Sheet1	EUSTAPF								cefoxitin	<=	0.25		
35756053	Table_2.XLSX	Sheet1	EUSTAPF								trimethoprim	<=	0.25		
35756053	Table_2.XLSX	Sheet1	EUSTAPF								sulfamethoxazole	=	1		mic_sign '=' inferred
35756053	Table_2.XLSX	Sheet1	EUSTAPF								cefpodoxime	<=	0.03		
35756053	Table_2.XLSX	Sheet1	EUSTAPF								ceftazidime	<=	0.5		
35756053	Table_2.XLSX	Sheet1	EUSTAPF								tobramycin	<=	0.25		
35756053	Table_2.XLSX	Sheet1	EUSTAPF								tigecycline	=	4		mic_sign '=' inferred
35756053	Table_2.XLSX	Sheet1	EUSTAPF								amikacin	<=	0.5		
35756053	Table_2.XLSX	Sheet1	EUSTAPF								ampicillin	<=	0.5		
35756053	Table_2.XLSX	Sheet1	EUSTAPF								ampicillin/sulbactam	<=	1/19		
35756053	Table_2.XLSX	Sheet1	EUSTAPF								cefazolin	<=	0.5		
35756053	Table_2.XLSX	Sheet1	EUSTAPF								cefepime	<=	2		
35756053	Table_2.XLSX	Sheet1	EUSTAPF								cephalothin	<=	0.12		
35756053	Table_2.XLSX	Sheet1	EUSTAPF								meropenem	<=	0.5		
35756053	Table_2.XLSX	Sheet1	EUSTAPF								ertapenem	<=	0.5		
35756053	Table_2.XLSX	Sheet1	EUSTAPF								cefuroxime	<=	1		
35756053	Table_2.XLSX	Sheet1	EUSTAPF								gentamicin	<=	4		
35756053	Table_2.XLSX	Sheet1	EUSTAPF								ciprofloxacin	=	0.5		mic_sign '=' inferred
35756053	Table_2.XLSX	Sheet1	EUSTAPF								piperacillin/tazobactam	=	0.06		mic_sign '=' inferred
35756053	Table_2.XLSX	Sheet1	EUSTAPF								cefoxitin	<=	0.25		
35756053	Table_2.XLSX	Sheet1	EUSTAPF								trimethoprim	<=	0.25		
35756053	Table_2.XLSX	Sheet1	EUSTAPF								sulfamethoxazole	=	1		mic_sign '=' inferred
35756053	Table_2.XLSX	Sheet1	EUSTAPF								cefpodoxime	<=	0.03		
35756053	Table_2.XLSX	Sheet1	EUSTAPF								ceftazidime	<=	0.5		
35756053	Table_2.XLSX	Sheet1	EUSTAPF								tobramycin	<=	0.25		
35756053	Table_2.XLSX	Sheet1	EUSTAPF								tigecycline	=	2		mic_sign '=' inferred
35756053	Table_2.XLSX	Sheet1	EUSTAPF								amikacin	<=	0.5		
35756053	Table_2.XLSX	Sheet1	EUSTAPF								ampicillin	<=	0.5		
35756053	Table_2.XLSX	Sheet1	EUSTAPF								ampicillin/sulbactam	<=	1/19		
35756053	Table_2.XLSX	Sheet1	EUSTAPF								cefazolin	<=	0.5		
35756053	Table_2.XLSX	Sheet1	EUSTAPF								cefepime	<=	2		
35756053	Table_2.XLSX	Sheet1	EUSTAPF								cephalothin	<=	0.12		
35756053	Table_2.XLSX	Sheet1	EUSTAPF								meropenem	<=	0.5		
35756053	Table_2.XLSX	Sheet1	EUSTAPF								ertapenem	<=	0.5		
35756053	Table_2.XLSX	Sheet1	EUSTAPF								cefuroxime	<=	1		
35756053	Table_2.XLSX	Sheet1	EUSTAPF								gentamicin	<=	4		
35756053	Table_2.XLSX	Sheet1	EUSTAPF								ciprofloxacin	=	0.5		mic_sign '=' inferred
35756053	Table_2.XLSX	Sheet1	EUSTAPF								piperacillin/tazobactam	=	0.06		mic_sign '=' inferred
35756053	Table_2.XLSX	Sheet1	EUSTAPF								cefoxitin	<=	0.25		
35756053	Table_2.XLSX	Sheet1	EUSTAPF								trimethoprim	<=	0.25		
35756053	Table_2.XLSX	Sheet1	EUSTAPF								sulfamethoxazole	=	1		mic_sign '=' inferred
35756053	Table_2.XLSX	Sheet1	EUSTAPF								cefpodoxime	<=	0.03		
35756053	Table_2.XLSX	Sheet1	EUSTAPF								ceftazidime	<=	0.5		
35756053	Table_2.XLSX	Sheet1	EUSTAPF								tobramycin	<=	0.25		
35756053	Table_2.XLSX	Sheet1	EUSTAPF								tigecycline	=	2		mic_sign '=' inferred
35756053	Table_2.XLSX	Sheet1	EUSTAPF								amikacin	<=	0.5		
35756053	Table_2.XLSX	Sheet1	EUSTAPF								ampicillin	<=	0.5		
35756053	Table_2.XLSX	Sheet1	EUSTAPF								ampicillin/sulbactam	<=	1/19		
35756053	Table_2.XLSX	Sheet1	EUSTAPF								cefazolin	<=	0.5		
35756053	Table_2.XLSX	Sheet1	EUSTAPF								cefepime	<=	2		
35756053	Table_2.XLSX	Sheet1	EUSTAPF								cephalothin	<=	0.12		
35756053	Table_2.XLSX	Sheet1	EUSTAPF								meropenem	<=	0.5		
35756053	Table_2.XLSX	Sheet1	EUSTAPF								ertapenem	<=	0.5		
35756053	Table_2.XLSX	Sheet1	EUSTAPF								cefuroxime	<=	1		
35756053	Table_2.XLSX	Sheet1	EUSTAPF								gentamicin	<=	4		
35756053	Table_2.XLSX	Sheet1	EUSTAPF								ciprofloxacin	=	0.5		mic_sign '=' inferred
35756053	Table_2.XLSX	Sheet1	EUSTAPF								piperacillin/tazobactam	=	0.06		mic_sign '=' inferred
35756053	Table_2.XLSX	Sheet1	EUSTAPF								cefoxitin	=	0.5		mic_sign '=' inferred
35756053	Table_2.XLSX	Sheet1	EUSTAPF								trimethoprim	<=	0.25		
35756053	Table_2.XLSX	Sheet1	EUSTAPF								sulfamethoxazole	=	1		mic_sign '=' inferred
35756053	Table_2.XLSX	Sheet1	EUSTAPF								cefpodoxime	<=	0.03		
35756053	Table_2.XLSX	Sheet1	EUSTAPF								ceftazidime	<=	0.5		
35756053	Table_2.XLSX	Sheet1	EUSTAPF								tobramycin	<=	0.25		
35756053	Table_2.XLSX	Sheet1	EUSTAPF								tigecycline	=	2		mic_sign '=' inferred
35756053	Table_2.XLSX	Sheet1	EUSTAPF								amikacin	<=	0.5		
35756053	Table_2.XLSX	Sheet1	EUSTAPF								ampicillin	<=	0.5		
35756053	Table_2.XLSX	Sheet1	EUSTAPF								ampicillin/sulbactam	<=	1/19		
35756053	Table_2.XLSX	Sheet1	EUSTAPF								cefazolin	<=	0.5		
35756053	Table_2.XLSX	Sheet1	EUSTAPF								cefepime	=	4		mic_sign '=' inferred
35756053	Table_2.XLSX	Sheet1	EUSTAPF								cephalothin	<=	0.12		
35756053	Table_2.XLSX	Sheet1	EUSTAPF								meropenem	=	4		mic_sign '=' inferred
35756053	Table_2.XLSX	Sheet1	EUSTAPF								ertapenem	<=	0.5		
35756053	Table_2.XLSX	Sheet1	EUSTAPF								cefuroxime	<=	1		
35756053	Table_2.XLSX	Sheet1	EUSTAPF								gentamicin	<=	4		
35756053	Table_2.XLSX	Sheet1	EUSTAPF								ciprofloxacin	=	0.5		mic_sign '=' inferred
35756053	Table_2.XLSX	Sheet1	EUSTAPF								piperacillin/tazobactam	=	0.06		mic_sign '=' inferred
35756053	Table_2.XLSX	Sheet1	EUSTAPF								cefoxitin	<=	0.25		
35756053	Table_2.XLSX	Sheet1	EUSTAPF								trimethoprim	<=	0.25		
35756053	Table_2.XLSX	Sheet1	EUSTAPF								sulfamethoxazole	=	1		mic_sign '=' inferred
35756053	Table_2.XLSX	Sheet1	EUSTAPF								cefpodoxime	<=	0.03		
35756053	Table_2.XLSX	Sheet1	EUSTAPF								ceftazidime	<=	0.5		
35756053	Table_2.XLSX	Sheet1	EUSTAPF								tobramycin	<=	0.25		
35756053	Table_2.XLSX	Sheet1	EUSTAPF								tigecycline	=	2		mic_sign '=' inferred
35756053	Table_2.XLSX	Sheet1	EUSTAPF								amikacin	<=	0.5		
35756053	Table_2.XLSX	Sheet1	EUSTAPF								ampicillin	<=	0.5		
35756053	Table_2.XLSX	Sheet1	EUSTAPF								ampicillin/sulbactam	<=	1/19		
35756053	Table_2.XLSX	Sheet1	EUSTAPF								cefazolin	<=	0.5		
35756053	Table_2.XLSX	Sheet1	EUSTAPF								cefepime	<=	2		
35756053	Table_2.XLSX	Sheet1	EUSTAPF								cephalothin	<=	0.12		
35756053	Table_2.XLSX	Sheet1	EUSTAPF								meropenem	<=	0.5		
35756053	Table_2.XLSX	Sheet1	EUSTAPF								ertapenem	<=	0.5		
35756053	Table_2.XLSX	Sheet1	EUSTAPF								cefuroxime	<=	1		
35756053	Table_2.XLSX	Sheet1	EUSTAPF								gentamicin	<=	4		
35756053	Table_2.XLSX	Sheet1	EUSTAPF								ciprofloxacin	<=	0.25		
35756053	Table_2.XLSX	Sheet1	EUSTAPF								piperacillin/tazobactam	<=	0.03		
35756053	Table_2.XLSX	Sheet1	EUSTAPF								cefoxitin	<=	0.25		
35756053	Table_2.XLSX	Sheet1	EUSTAPF								trimethoprim	<=	0.25		
35756053	Table_2.XLSX	Sheet1	EUSTAPF								sulfamethoxazole	=	1		mic_sign '=' inferred
35756053	Table_2.XLSX	Sheet1	EUSTAPF								cefpodoxime	<=	0.03		
35756053	Table_2.XLSX	Sheet1	EUSTAPF								ceftazidime	<=	0.5		
35756053	Table_2.XLSX	Sheet1	EUSTAPF								tobramycin	<=	0.25		
35756053	Table_2.XLSX	Sheet1	EUSTAPF								tigecycline	=	2		mic_sign '=' inferred
35756053	Table_2.XLSX	Sheet1	EUSTAPF								amikacin	<=	0.5		
35756053	Table_2.XLSX	Sheet1	EUSTAPF								ampicillin	<=	0.5		
35756053	Table_2.XLSX	Sheet1	EUSTAPF								ampicillin/sulbactam	<=	1/19		
35756053	Table_2.XLSX	Sheet1	EUSTAPF								cefazolin	<=	0.5		
35756053	Table_2.XLSX	Sheet1	EUSTAPF								cefepime	=	4		mic_sign '=' inferred
35756053	Table_2.XLSX	Sheet1	EUSTAPF								cephalothin	<=	0.12		
35756053	Table_2.XLSX	Sheet1	EUSTAPF								meropenem	<=	0.5		
35756053	Table_2.XLSX	Sheet1	EUSTAPF								ertapenem	<=	0.5		
35756053	Table_2.XLSX	Sheet1	EUSTAPF								cefuroxime	<=	1		
35756053	Table_2.XLSX	Sheet1	EUSTAPF								gentamicin	<=	4		
35756053	Table_2.XLSX	Sheet1	EUSTAPF								ciprofloxacin	=	0.5		mic_sign '=' inferred
35756053	Table_2.XLSX	Sheet1	EUSTAPF								piperacillin/tazobactam	=	0.06		mic_sign '=' inferred
35756053	Table_2.XLSX	Sheet1	EUSTAPF								cefoxitin	<=	0.25		
35756053	Table_2.XLSX	Sheet1	EUSTAPF								trimethoprim	<=	0.25		
35756053	Table_2.XLSX	Sheet1	EUSTAPF								sulfamethoxazole	=	1		mic_sign '=' inferred
35756053	Table_2.XLSX	Sheet1	EUSTAPF								cefpodoxime	<=	0.03		
35756053	Table_2.XLSX	Sheet1	EUSTAPF								ceftazidime	<=	0.5		
35756053	Table_2.XLSX	Sheet1	EUSTAPF								tobramycin	<=	0.25		
35756053	Table_2.XLSX	Sheet1	EUSTAPF								tigecycline	=	2		mic_sign '=' inferred
35756053	Table_2.XLSX	Sheet1	EUSTAPF								amikacin	<=	0.5		
35756053	Table_2.XLSX	Sheet1	EUSTAPF								ampicillin	<=	0.5		
35756053	Table_2.XLSX	Sheet1	EUSTAPF								ampicillin/sulbactam	=	2/38		mic_sign '=' inferred
35756053	Table_2.XLSX	Sheet1	EUSTAPF								cefazolin	<=	0.5		
35756053	Table_2.XLSX	Sheet1	EUSTAPF								cefepime	<=	2		
35756053	Table_2.XLSX	Sheet1	EUSTAPF								cephalothin	<=	0.12		
35756053	Table_2.XLSX	Sheet1	EUSTAPF								meropenem	<=	0.5		
35756053	Table_2.XLSX	Sheet1	EUSTAPF								ertapenem	<=	0.5		
35756053	Table_2.XLSX	Sheet1	EUSTAPF								cefuroxime	<=	1		
35756053	Table_2.XLSX	Sheet1	EUSTAPF								gentamicin	<=	4		
35756053	Table_2.XLSX	Sheet1	EUSTAPF								ciprofloxacin	<=	0.25		
35756053	Table_2.XLSX	Sheet1	EUSTAPF								piperacillin/tazobactam	=	0.06		mic_sign '=' inferred
35756053	Table_2.XLSX	Sheet1	EUSTAPF								cefoxitin	<=	0.25		
35756053	Table_2.XLSX	Sheet1	EUSTAPF								trimethoprim	<=	0.25		
35756053	Table_2.XLSX	Sheet1	EUSTAPF								sulfamethoxazole	=	1		mic_sign '=' inferred
35756053	Table_2.XLSX	Sheet1	EUSTAPF								cefpodoxime	<=	0.03		
35756053	Table_2.XLSX	Sheet1	EUSTAPF								ceftazidime	<=	0.5		
35756053	Table_2.XLSX	Sheet1	EUSTAPF								tobramycin	<=	0.25		
35756053	Table_2.XLSX	Sheet1	EUSTAPF								tigecycline	>	8		
35756053	Table_2.XLSX	Sheet1	EUSTAPF								amikacin	<=	0.5		
35756053	Table_2.XLSX	Sheet1	EUSTAPF								ampicillin	<=	0.5		
35756053	Table_2.XLSX	Sheet1	EUSTAPF								ampicillin/sulbactam	<=	1/19		
35756053	Table_2.XLSX	Sheet1	EUSTAPF								cefazolin	<=	0.5		
35756053	Table_2.XLSX	Sheet1	EUSTAPF								cefepime	<=	2		
35756053	Table_2.XLSX	Sheet1	EUSTAPF								cephalothin	<=	0.12		
35756053	Table_2.XLSX	Sheet1	EUSTAPF								meropenem	<=	0.5		
35756053	Table_2.XLSX	Sheet1	EUSTAPF								ertapenem	=	2		mic_sign '=' inferred
35756053	Table_2.XLSX	Sheet1	EUSTAPF								cefuroxime	<=	1		
35756053	Table_2.XLSX	Sheet1	EUSTAPF								gentamicin	=	16		mic_sign '=' inferred
35756053	Table_2.XLSX	Sheet1	EUSTAPF								ciprofloxacin	=	0.5		mic_sign '=' inferred
35756053	Table_2.XLSX	Sheet1	EUSTAPF								piperacillin/tazobactam	=	0.06		mic_sign '=' inferred
35756053	Table_2.XLSX	Sheet1	EUSTAPF								cefoxitin	<=	0.25		
35756053	Table_2.XLSX	Sheet1	EUSTAPF								trimethoprim	<=	0.25		
35756053	Table_2.XLSX	Sheet1	EUSTAPF								sulfamethoxazole	=	1		mic_sign '=' inferred
35756053	Table_2.XLSX	Sheet1	EUSTAPF								cefpodoxime	<=	0.03		
35756053	Table_2.XLSX	Sheet1	EUSTAPF								ceftazidime	<=	0.5		
35756053	Table_2.XLSX	Sheet1	EUSTAPF								tobramycin	=	0.5		mic_sign '=' inferred
35756053	Table_2.XLSX	Sheet1	EUSTAPF								tigecycline	=	2		mic_sign '=' inferred
35756053	Table_2.XLSX	Sheet1	EUSTAPF								amikacin	<=	0.5		
35756053	Table_2.XLSX	Sheet1	EUSTAPF								ampicillin	<=	0.5		
35756053	Table_2.XLSX	Sheet1	EUSTAPF								ampicillin/sulbactam	<=	1/19		
35756053	Table_2.XLSX	Sheet1	EUSTAPF								cefazolin	<=	0.5		
35756053	Table_2.XLSX	Sheet1	EUSTAPF								cefepime	<=	2		
35756053	Table_2.XLSX	Sheet1	EUSTAPF								cephalothin	<=	0.12		
35756053	Table_2.XLSX	Sheet1	EUSTAPF								meropenem	<=	0.5		
35756053	Table_2.XLSX	Sheet1	EUSTAPF								ertapenem	<=	0.5		
35756053	Table_2.XLSX	Sheet1	EUSTAPF								cefuroxime	<=	1		
35756053	Table_2.XLSX	Sheet1	EUSTAPF								gentamicin	<=	4		
35756053	Table_2.XLSX	Sheet1	EUSTAPF								ciprofloxacin	=	0.5		mic_sign '=' inferred
35756053	Table_2.XLSX	Sheet1	EUSTAPF								piperacillin/tazobactam	=	0.06		mic_sign '=' inferred
35756053	Table_2.XLSX	Sheet1	EUSTAPF								cefoxitin	<=	0.25		
35756053	Table_2.XLSX	Sheet1	EUSTAPF								trimethoprim	<=	0.25		
35756053	Table_2.XLSX	Sheet1	EUSTAPF								sulfamethoxazole	=	1		mic_sign '=' inferred
35756053	Table_2.XLSX	Sheet1	EUSTAPF								cefpodoxime	<=	0.03		
35756053	Table_2.XLSX	Sheet1	EUSTAPF								ceftazidime	<=	0.5		
35756053	Table_2.XLSX	Sheet1	EUSTAPF								tobramycin	<=	0.25		
35756053	Table_2.XLSX	Sheet1	EUSTAPF								tigecycline	=	2		mic_sign '=' inferred
35756053	Table_2.XLSX	Sheet1	EUSTAPF								amikacin	<=	0.5		
35756053	Table_2.XLSX	Sheet1	EUSTAPF								ampicillin	<=	0.5		
35756053	Table_2.XLSX	Sheet1	EUSTAPF								ampicillin/sulbactam	<=	1/19		
35756053	Table_2.XLSX	Sheet1	EUSTAPF								cefazolin	<=	0.5		
35756053	Table_2.XLSX	Sheet1	EUSTAPF								cefepime	<=	2		
35756053	Table_2.XLSX	Sheet1	EUSTAPF								cephalothin	<=	0.12		
35756053	Table_2.XLSX	Sheet1	EUSTAPF								meropenem	<=	0.5		
35756053	Table_2.XLSX	Sheet1	EUSTAPF								ertapenem	<=	0.5		
35756053	Table_2.XLSX	Sheet1	EUSTAPF								cefuroxime	<=	1		
35756053	Table_2.XLSX	Sheet1	EUSTAPF								gentamicin	<=	4		
35756053	Table_2.XLSX	Sheet1	EUSTAPF								ciprofloxacin	=	0.5		mic_sign '=' inferred
35756053	Table_2.XLSX	Sheet1	EUSTAPF								piperacillin/tazobactam	=	0.06		mic_sign '=' inferred
35756053	Table_2.XLSX	Sheet1	EUSTAPF								cefoxitin	<=	0.25		
35756053	Table_2.XLSX	Sheet1	EUSTAPF								trimethoprim	=	0.5		mic_sign '=' inferred
35756053	Table_2.XLSX	Sheet1	EUSTAPF								sulfamethoxazole	=	1		mic_sign '=' inferred
35756053	Table_2.XLSX	Sheet1	EUSTAPF								cefpodoxime	<=	0.03		
35756053	Table_2.XLSX	Sheet1	EUSTAPF								ceftazidime	<=	0.5		
35756053	Table_2.XLSX	Sheet1	EUSTAPF								tobramycin	<=	0.25		
35756053	Table_2.XLSX	Sheet1	EUSTAPF								tigecycline	=	2		mic_sign '=' inferred
35756053	Table_2.XLSX	Sheet1	EUSTAPF								amikacin	<=	0.5		
35756053	Table_2.XLSX	Sheet1	EUSTAPF								ampicillin	<=	0.5		
35756053	Table_2.XLSX	Sheet1	EUSTAPF								ampicillin/sulbactam	<=	1/19		
35756053	Table_2.XLSX	Sheet1	EUSTAPF								cefazolin	<=	0.5		
35756053	Table_2.XLSX	Sheet1	EUSTAPF								cefepime	<=	2		
35756053	Table_2.XLSX	Sheet1	EUSTAPF								cephalothin	<=	0.12		
35756053	Table_2.XLSX	Sheet1	EUSTAPF								meropenem	>	4		
35756053	Table_2.XLSX	Sheet1	EUSTAPF								ertapenem	<=	0.5		
35756053	Table_2.XLSX	Sheet1	EUSTAPF								cefuroxime	<=	1		
35756053	Table_2.XLSX	Sheet1	EUSTAPF								gentamicin	<=	4		
35756053	Table_2.XLSX	Sheet1	EUSTAPF								ciprofloxacin	=	0.5		mic_sign '=' inferred
35756053	Table_2.XLSX	Sheet1	EUSTAPF								piperacillin/tazobactam	=	0.06		mic_sign '=' inferred
35756053	Table_2.XLSX	Sheet1	EUSTAPF								cefoxitin	<=	0.25		
35756053	Table_2.XLSX	Sheet1	EUSTAPF								trimethoprim	<=	0.25		
35756053	Table_2.XLSX	Sheet1	EUSTAPF								sulfamethoxazole	=	1		mic_sign '=' inferred
35756053	Table_2.XLSX	Sheet1	EUSTAPF								cefpodoxime	<=	0.03		
35756053	Table_2.XLSX	Sheet1	EUSTAPF								ceftazidime	<=	0.5		
35756053	Table_2.XLSX	Sheet1	EUSTAPF								tobramycin	<=	0.25		
35756053	Table_2.XLSX	Sheet1	EUSTAPF								tigecycline	=	2		mic_sign '=' inferred
35756053	Table_2.XLSX	Sheet1	EUSTAPF								amikacin	<=	0.5		
35756053	Table_2.XLSX	Sheet1	EUSTAPF								ampicillin	<=	0.5		
35756053	Table_2.XLSX	Sheet1	EUSTAPF								ampicillin/sulbactam	<=	1/19		
35756053	Table_2.XLSX	Sheet1	EUSTAPF								cefazolin	<=	0.5		
35756053	Table_2.XLSX	Sheet1	EUSTAPF								cefepime	<=	2		
35756053	Table_2.XLSX	Sheet1	EUSTAPF								cephalothin	<=	0.12		
35756053	Table_2.XLSX	Sheet1	EUSTAPF								meropenem	<=	0.5		
35756053	Table_2.XLSX	Sheet1	EUSTAPF								ertapenem	<=	0.5		
35756053	Table_2.XLSX	Sheet1	EUSTAPF								cefuroxime	<=	1		
35756053	Table_2.XLSX	Sheet1	EUSTAPF								gentamicin	<=	4		
35756053	Table_2.XLSX	Sheet1	EUSTAPF								ciprofloxacin	=	0.5		mic_sign '=' inferred
35756053	Table_2.XLSX	Sheet1	EUSTAPF								piperacillin/tazobactam	=	0.06		mic_sign '=' inferred
35756053	Table_2.XLSX	Sheet1	EUSTAPF								cefoxitin	<=	0.25		
35756053	Table_2.XLSX	Sheet1	EUSTAPF								trimethoprim	<=	0.25		
35756053	Table_2.XLSX	Sheet1	EUSTAPF								sulfamethoxazole	=	1		mic_sign '=' inferred
35756053	Table_2.XLSX	Sheet1	EUSTAPF								cefpodoxime	<=	0.03		
35756053	Table_2.XLSX	Sheet1	EUSTAPF								ceftazidime	<=	0.5		
35756053	Table_2.XLSX	Sheet1	EUSTAPF								tobramycin	<=	0.25		
35756053	Table_2.XLSX	Sheet1	EUSTAPF								tigecycline	=	4		mic_sign '=' inferred
35756053	Table_2.XLSX	Sheet1	EUSTAPF								amikacin	<=	0.5		
35756053	Table_2.XLSX	Sheet1	EUSTAPF								ampicillin	<=	0.5		
35756053	Table_2.XLSX	Sheet1	EUSTAPF								ampicillin/sulbactam	<=	1/19		
35756053	Table_2.XLSX	Sheet1	EUSTAPF								cefazolin	<=	0.5		
35756053	Table_2.XLSX	Sheet1	EUSTAPF								cefepime	=	4		mic_sign '=' inferred
35756053	Table_2.XLSX	Sheet1	EUSTAPF								cephalothin	<=	0.12		
35756053	Table_2.XLSX	Sheet1	EUSTAPF								meropenem	<=	0.5		
35756053	Table_2.XLSX	Sheet1	EUSTAPF								ertapenem	<=	0.5		
35756053	Table_2.XLSX	Sheet1	EUSTAPF								cefuroxime	<=	1		
35756053	Table_2.XLSX	Sheet1	EUSTAPF								gentamicin	<=	4		
35756053	Table_2.XLSX	Sheet1	EUSTAPF								ciprofloxacin	=	0.5		mic_sign '=' inferred
35756053	Table_2.XLSX	Sheet1	EUSTAPF								piperacillin/tazobactam	=	0.06		mic_sign '=' inferred
35756053	Table_2.XLSX	Sheet1	EUSTAPF								cefoxitin	<=	0.25		
35756053	Table_2.XLSX	Sheet1	EUSTAPF								trimethoprim	<=	0.25		
35756053	Table_2.XLSX	Sheet1	EUSTAPF								sulfamethoxazole	=	1		mic_sign '=' inferred
35756053	Table_2.XLSX	Sheet1	EUSTAPF								cefpodoxime	<=	0.03		
35756053	Table_2.XLSX	Sheet1	EUSTAPF								ceftazidime	<=	0.5		
35756053	Table_2.XLSX	Sheet1	EUSTAPF								tobramycin	<=	0.25		
35756053	Table_2.XLSX	Sheet1	EUSTAPF								tigecycline	=	4		mic_sign '=' inferred
35756053	Table_2.XLSX	Sheet1	EUSTAPF								amikacin	<=	0.5		
35756053	Table_2.XLSX	Sheet1	EUSTAPF								ampicillin	<=	0.5		
35756053	Table_2.XLSX	Sheet1	EUSTAPF								ampicillin/sulbactam	<=	1/19		
35756053	Table_2.XLSX	Sheet1	EUSTAPF								cefazolin	<=	0.5		
35756053	Table_2.XLSX	Sheet1	EUSTAPF								cefepime	<=	2		
35756053	Table_2.XLSX	Sheet1	EUSTAPF								cephalothin	<=	0.12		
35756053	Table_2.XLSX	Sheet1	EUSTAPF								meropenem	<=	0.5		
35756053	Table_2.XLSX	Sheet1	EUSTAPF								ertapenem	<=	0.5		
35756053	Table_2.XLSX	Sheet1	EUSTAPF								cefuroxime	<=	1		
35756053	Table_2.XLSX	Sheet1	EUSTAPF								gentamicin	<=	4		
35756053	Table_2.XLSX	Sheet1	EUSTAPF								ciprofloxacin	=	0.5		mic_sign '=' inferred
35756053	Table_2.XLSX	Sheet1	EUSTAPF								piperacillin/tazobactam	=	0.06		mic_sign '=' inferred
35756053	Table_2.XLSX	Sheet1	EUSTAPF								cefoxitin	<=	0.25		
35756053	Table_2.XLSX	Sheet1	EUSTAPF								trimethoprim	=	0.5		mic_sign '=' inferred
35756053	Table_2.XLSX	Sheet1	EUSTAPF								sulfamethoxazole	=	1		mic_sign '=' inferred
35756053	Table_2.XLSX	Sheet1	EUSTAPF								cefpodoxime	<=	0.03		
35756053	Table_2.XLSX	Sheet1	EUSTAPF								ceftazidime	<=	0.5		
35756053	Table_2.XLSX	Sheet1	EUSTAPF								tobramycin	<=	0.25		
35756053	Table_2.XLSX	Sheet1	EUSTAPF								tigecycline	=	2		mic_sign '=' inferred
35756053	Table_2.XLSX	Sheet1	EUSTAPF								amikacin	<=	0.5		
35756053	Table_2.XLSX	Sheet1	EUSTAPF								ampicillin	<=	0.5		
35756053	Table_2.XLSX	Sheet1	EUSTAPF								ampicillin/sulbactam	<=	1/19		
35756053	Table_2.XLSX	Sheet1	EUSTAPF								cefazolin	<=	0.5		
35756053	Table_2.XLSX	Sheet1	EUSTAPF								cefepime	=	4		mic_sign '=' inferred
35756053	Table_2.XLSX	Sheet1	EUSTAPF								cephalothin	<=	0.12		
35756053	Table_2.XLSX	Sheet1	EUSTAPF								meropenem	<=	0.5		
35756053	Table_2.XLSX	Sheet1	EUSTAPF								ertapenem	<=	0.5		
35756053	Table_2.XLSX	Sheet1	EUSTAPF								cefuroxime	<=	1		
35756053	Table_2.XLSX	Sheet1	EUSTAPF								gentamicin	<=	4		
35756053	Table_2.XLSX	Sheet1	EUSTAPF								ciprofloxacin	=	0.5		mic_sign '=' inferred
35756053	Table_2.XLSX	Sheet1	EUSTAPF								piperacillin/tazobactam	=	0.06		mic_sign '=' inferred
35756053	Table_2.XLSX	Sheet1	EUSTAPF								cefoxitin	<=	0.25		
35756053	Table_2.XLSX	Sheet1	EUSTAPF								trimethoprim	<=	0.25		
35756053	Table_2.XLSX	Sheet1	EUSTAPF								sulfamethoxazole	=	1		mic_sign '=' inferred
35756053	Table_2.XLSX	Sheet1	EUSTAPF								cefpodoxime	<=	0.03		
35756053	Table_2.XLSX	Sheet1	EUSTAPF								ceftazidime	<=	0.5		
35756053	Table_2.XLSX	Sheet1	EUSTAPF								tobramycin	<=	0.25		
35756053	Table_2.XLSX	Sheet1	EUSTAPF								tigecycline	=	4		mic_sign '=' inferred
35756053	Table_2.XLSX	Sheet1	EUSTAPF								amikacin	<=	0.5		
35756053	Table_2.XLSX	Sheet1	EUSTAPF								ampicillin	<=	0.5		
35756053	Table_2.XLSX	Sheet1	EUSTAPF								ampicillin/sulbactam	<=	1/19		
35756053	Table_2.XLSX	Sheet1	EUSTAPF								cefazolin	<=	0.5		
35756053	Table_2.XLSX	Sheet1	EUSTAPF								cefepime	<=	2		
35756053	Table_2.XLSX	Sheet1	EUSTAPF								cephalothin	<=	0.12		
35756053	Table_2.XLSX	Sheet1	EUSTAPF								meropenem	<=	0.5		
35756053	Table_2.XLSX	Sheet1	EUSTAPF								ertapenem	<=	0.5		
35756053	Table_2.XLSX	Sheet1	EUSTAPF								cefuroxime	<=	1		
35756053	Table_2.XLSX	Sheet1	EUSTAPF								gentamicin	<=	4		
35756053	Table_2.XLSX	Sheet1	EUSTAPF								ciprofloxacin	=	0.5		mic_sign '=' inferred
35756053	Table_2.XLSX	Sheet1	EUSTAPF								piperacillin/tazobactam	=	0.06		mic_sign '=' inferred
35756053	Table_2.XLSX	Sheet1	EUSTAPF								cefoxitin	<=	0.25		
35756053	Table_2.XLSX	Sheet1	EUSTAPF								trimethoprim	<=	0.25		
35756053	Table_2.XLSX	Sheet1	EUSTAPF								sulfamethoxazole	=	1		mic_sign '=' inferred
35756053	Table_2.XLSX	Sheet1	EUSTAPF								cefpodoxime	<=	0.03		
35756053	Table_2.XLSX	Sheet1	EUSTAPF								ceftazidime	<=	0.5		
35756053	Table_2.XLSX	Sheet1	EUSTAPF								tobramycin	<=	0.25		
35756053	Table_2.XLSX	Sheet1	EUSTAPF								tigecycline	=	2		mic_sign '=' inferred
35756053	Table_2.XLSX	Sheet1	EUSTAPF								amikacin	<=	0.5		
35756053	Table_2.XLSX	Sheet1	EUSTAPF								ampicillin	<=	0.5		
35756053	Table_2.XLSX	Sheet1	EUSTAPF								ampicillin/sulbactam	<=	1/19		
35756053	Table_2.XLSX	Sheet1	EUSTAPF								cefazolin	<=	0.5		
35756053	Table_2.XLSX	Sheet1	EUSTAPF								cefepime	=	4		mic_sign '=' inferred
35756053	Table_2.XLSX	Sheet1	EUSTAPF								cephalothin	<=	0.12		
35756053	Table_2.XLSX	Sheet1	EUSTAPF								meropenem	=	1		mic_sign '=' inferred
35756053	Table_2.XLSX	Sheet1	EUSTAPF								ertapenem	<=	0.5		
35756053	Table_2.XLSX	Sheet1	EUSTAPF								cefuroxime	<=	1		
35756053	Table_2.XLSX	Sheet1	EUSTAPF								gentamicin	<=	4		
35756053	Table_2.XLSX	Sheet1	EUSTAPF								ciprofloxacin	=	0.5		mic_sign '=' inferred
35756053	Table_2.XLSX	Sheet1	EUSTAPF								piperacillin/tazobactam	=	0.06		mic_sign '=' inferred
35756053	Table_2.XLSX	Sheet1	EUSTAPF								cefoxitin	<=	0.25		
35756053	Table_2.XLSX	Sheet1	EUSTAPF								trimethoprim	<=	0.25		
35756053	Table_2.XLSX	Sheet1	EUSTAPF								sulfamethoxazole	=	1		mic_sign '=' inferred
35756053	Table_2.XLSX	Sheet1	EUSTAPF								cefpodoxime	<=	0.03		
35756053	Table_2.XLSX	Sheet1	EUSTAPF								ceftazidime	<=	0.5		
35756053	Table_2.XLSX	Sheet1	EUSTAPF								tobramycin	<=	0.25		
35756053	Table_2.XLSX	Sheet1	EUSTAPF								tigecycline	=	2		mic_sign '=' inferred
35756053	Table_2.XLSX	Sheet1	EUSTAPF								amikacin	<=	0.5		
35756053	Table_2.XLSX	Sheet1	EUSTAPF								ampicillin	<=	0.5		
35756053	Table_2.XLSX	Sheet1	EUSTAPF								ampicillin/sulbactam	<=	1/19		
35756053	Table_2.XLSX	Sheet1	EUSTAPF								cefazolin	<=	0.5		
35756053	Table_2.XLSX	Sheet1	EUSTAPF								cefepime	=	4		mic_sign '=' inferred
35756053	Table_2.XLSX	Sheet1	EUSTAPF								cephalothin	<=	0.12		
35756053	Table_2.XLSX	Sheet1	EUSTAPF								meropenem	<=	0.5		
35756053	Table_2.XLSX	Sheet1	EUSTAPF								ertapenem	<=	0.5		
35756053	Table_2.XLSX	Sheet1	EUSTAPF								cefuroxime	<=	1		
35756053	Table_2.XLSX	Sheet1	EUSTAPF								gentamicin	<=	4		
35756053	Table_2.XLSX	Sheet1	EUSTAPF								ciprofloxacin	=	0.5		mic_sign '=' inferred
35756053	Table_2.XLSX	Sheet1	EUSTAPF								piperacillin/tazobactam	=	0.06		mic_sign '=' inferred
35756053	Table_2.XLSX	Sheet1	EUSTAPF								cefoxitin	<=	0.25		
35756053	Table_2.XLSX	Sheet1	EUSTAPF								trimethoprim	<=	0.25		
35756053	Table_2.XLSX	Sheet1	EUSTAPF								sulfamethoxazole	=	1		mic_sign '=' inferred
35756053	Table_2.XLSX	Sheet1	EUSTAPF								cefpodoxime	<=	0.03		
35756053	Table_2.XLSX	Sheet1	EUSTAPF								ceftazidime	<=	0.5		
35756053	Table_2.XLSX	Sheet1	EUSTAPF								tobramycin	<=	0.25		
35756053	Table_2.XLSX	Sheet1	EUSTAPF								tigecycline	=	2		mic_sign '=' inferred
35756053	Table_2.XLSX	Sheet1	EUSTAPF								amikacin	<=	0.5		
35756053	Table_2.XLSX	Sheet1	EUSTAPF								ampicillin	<=	0.5		
35756053	Table_2.XLSX	Sheet1	EUSTAPF								ampicillin/sulbactam	<=	1/19		
35756053	Table_2.XLSX	Sheet1	EUSTAPF								cefazolin	<=	0.5		
35756053	Table_2.XLSX	Sheet1	EUSTAPF								cefepime	=	4		mic_sign '=' inferred
35756053	Table_2.XLSX	Sheet1	EUSTAPF								cephalothin	<=	0.12		
35756053	Table_2.XLSX	Sheet1	EUSTAPF								meropenem	<=	0.5		
35756053	Table_2.XLSX	Sheet1	EUSTAPF								ertapenem	<=	0.5		
35756053	Table_2.XLSX	Sheet1	EUSTAPF								cefuroxime	<=	1		
35756053	Table_2.XLSX	Sheet1	EUSTAPF								gentamicin	<=	4		
35756053	Table_2.XLSX	Sheet1	EUSTAPF								ciprofloxacin	=	0.5		mic_sign '=' inferred
35756053	Table_2.XLSX	Sheet1	EUSTAPF								piperacillin/tazobactam	=	0.06		mic_sign '=' inferred
35756053	Table_2.XLSX	Sheet1	EUSTAPF								cefoxitin	<=	0.25		
35756053	Table_2.XLSX	Sheet1	EUSTAPF								trimethoprim	<=	0.25		
35756053	Table_2.XLSX	Sheet1	EUSTAPF								sulfamethoxazole	=	1		mic_sign '=' inferred
35756053	Table_2.XLSX	Sheet1	EUSTAPF								cefpodoxime	<=	0.03		
35756053	Table_2.XLSX	Sheet1	EUSTAPF								ceftazidime	<=	0.5		
35756053	Table_2.XLSX	Sheet1	EUSTAPF								tobramycin	<=	0.25		
35756053	Table_2.XLSX	Sheet1	EUSTAPF								tigecycline	=	4		mic_sign '=' inferred
35756053	Table_2.XLSX	Sheet1	EUSTAPF								amikacin	<=	0.5		
35756053	Table_2.XLSX	Sheet1	EUSTAPF								ampicillin	<=	0.5		
35756053	Table_2.XLSX	Sheet1	EUSTAPF								ampicillin/sulbactam	<=	1/19		
35756053	Table_2.XLSX	Sheet1	EUSTAPF								cefazolin	<=	0.5		
35756053	Table_2.XLSX	Sheet1	EUSTAPF								cefepime	<=	2		
35756053	Table_2.XLSX	Sheet1	EUSTAPF								cephalothin	<=	0.12		
35756053	Table_2.XLSX	Sheet1	EUSTAPF								meropenem	<=	0.5		
35756053	Table_2.XLSX	Sheet1	EUSTAPF								ertapenem	<=	0.5		
35756053	Table_2.XLSX	Sheet1	EUSTAPF								cefuroxime	<=	1		
35756053	Table_2.XLSX	Sheet1	EUSTAPF								gentamicin	<=	4		
35756053	Table_2.XLSX	Sheet1	EUSTAPF								ciprofloxacin	=	0.5		mic_sign '=' inferred
35756053	Table_2.XLSX	Sheet1	EUSTAPF								piperacillin/tazobactam	=	0.06		mic_sign '=' inferred
35756053	Table_2.XLSX	Sheet1	EUSTAPF								cefoxitin	<=	0.25		
35756053	Table_2.XLSX	Sheet1	EUSTAPF								trimethoprim	=	1		mic_sign '=' inferred
35756053	Table_2.XLSX	Sheet1	EUSTAPF								sulfamethoxazole	=	1		mic_sign '=' inferred
35756053	Table_2.XLSX	Sheet1	EUSTAPF								cefpodoxime	<=	0.03		
35756053	Table_2.XLSX	Sheet1	EUSTAPF								ceftazidime	<=	0.5		
35756053	Table_2.XLSX	Sheet1	EUSTAPF								tobramycin	<=	0.25		
35756053	Table_2.XLSX	Sheet1	EUSTAPF								tigecycline	=	4		mic_sign '=' inferred
35756053	Table_2.XLSX	Sheet1	EUSTAPF								amikacin	<=	0.5		
35756053	Table_2.XLSX	Sheet1	EUSTAPF								ampicillin	<=	0.5		
35756053	Table_2.XLSX	Sheet1	EUSTAPF								ampicillin/sulbactam	<=	1/19		
35756053	Table_2.XLSX	Sheet1	EUSTAPF								cefazolin	<=	0.5		
35756053	Table_2.XLSX	Sheet1	EUSTAPF								cefepime	=	4		mic_sign '=' inferred
35756053	Table_2.XLSX	Sheet1	EUSTAPF								cephalothin	<=	0.12		
35756053	Table_2.XLSX	Sheet1	EUSTAPF								meropenem	<=	0.5		
35756053	Table_2.XLSX	Sheet1	EUSTAPF								ertapenem	<=	0.5		
35756053	Table_2.XLSX	Sheet1	EUSTAPF								cefuroxime	<=	1		
35756053	Table_2.XLSX	Sheet1	EUSTAPF								gentamicin	<=	4		
35756053	Table_2.XLSX	Sheet1	EUSTAPF								ciprofloxacin	=	0.5		mic_sign '=' inferred
35756053	Table_2.XLSX	Sheet1	EUSTAPF								piperacillin/tazobactam	=	0.06		mic_sign '=' inferred
35756053	Table_2.XLSX	Sheet1	EUSTAPF								cefoxitin	<=	0.25		
35756053	Table_2.XLSX	Sheet1	EUSTAPF								trimethoprim	=	0.5		mic_sign '=' inferred
35756053	Table_2.XLSX	Sheet1	EUSTAPF								sulfamethoxazole	=	1		mic_sign '=' inferred
35756053	Table_2.XLSX	Sheet1	EUSTAPF								cefpodoxime	<=	0.03		
35756053	Table_2.XLSX	Sheet1	EUSTAPF								ceftazidime	<=	0.5		
35756053	Table_2.XLSX	Sheet1	EUSTAPF								tobramycin	<=	0.25		
35756053	Table_2.XLSX	Sheet1	EUSTAPF								tigecycline	=	2		mic_sign '=' inferred
35756053	Table_2.XLSX	Sheet1	EUSTAPF								amikacin	<=	0.5		
35756053	Table_2.XLSX	Sheet1	EUSTAPF								ampicillin	<=	0.5		
35756053	Table_2.XLSX	Sheet1	EUSTAPF								ampicillin/sulbactam	<=	1/19		
35756053	Table_2.XLSX	Sheet1	EUSTAPF								cefazolin	<=	0.5		
35756053	Table_2.XLSX	Sheet1	EUSTAPF								cefepime	<=	2		
35756053	Table_2.XLSX	Sheet1	EUSTAPF								cephalothin	<=	0.12		
35756053	Table_2.XLSX	Sheet1	EUSTAPF								meropenem	<=	0.5		
35756053	Table_2.XLSX	Sheet1	EUSTAPF								ertapenem	<=	0.5		
35756053	Table_2.XLSX	Sheet1	EUSTAPF								cefuroxime	<=	1		
35756053	Table_2.XLSX	Sheet1	EUSTAPF								gentamicin	<=	4		
35756053	Table_2.XLSX	Sheet1	EUSTAPF								ciprofloxacin	=	0.5		mic_sign '=' inferred
35756053	Table_2.XLSX	Sheet1	EUSTAPF								piperacillin/tazobactam	=	0.06		mic_sign '=' inferred
35756053	Table_2.XLSX	Sheet1	EUSTAPF								cefoxitin	<=	0.25		
35756053	Table_2.XLSX	Sheet1	EUSTAPF								trimethoprim	<=	0.25		
35756053	Table_2.XLSX	Sheet1	EUSTAPF								sulfamethoxazole	=	1		mic_sign '=' inferred
35756053	Table_2.XLSX	Sheet1	EUSTAPF								cefpodoxime	<=	0.03		
35756053	Table_2.XLSX	Sheet1	EUSTAPF								ceftazidime	<=	0.5		
35756053	Table_2.XLSX	Sheet1	EUSTAPF								tobramycin	<=	0.25		
35756053	Table_2.XLSX	Sheet1	EUSTAPF								tigecycline	=	4		mic_sign '=' inferred
35756053	Table_2.XLSX	Sheet1	EUSTAPF								amikacin	<=	0.5		
35756053	Table_2.XLSX	Sheet1	EUSTAPF								ampicillin	<=	0.5		
35756053	Table_2.XLSX	Sheet1	EUSTAPF								ampicillin/sulbactam	<=	1/19		
35756053	Table_2.XLSX	Sheet1	EUSTAPF								cefazolin	<=	0.5		
35756053	Table_2.XLSX	Sheet1	EUSTAPF								cefepime	<=	2		
35756053	Table_2.XLSX	Sheet1	EUSTAPF								cephalothin	<=	0.12		
35756053	Table_2.XLSX	Sheet1	EUSTAPF								meropenem	<=	0.5		
35756053	Table_2.XLSX	Sheet1	EUSTAPF								ertapenem	<=	0.5		
35756053	Table_2.XLSX	Sheet1	EUSTAPF								cefuroxime	<=	1		
35756053	Table_2.XLSX	Sheet1	EUSTAPF								gentamicin	<=	4		
35756053	Table_2.XLSX	Sheet1	EUSTAPF								ciprofloxacin	=	0.5		mic_sign '=' inferred
35756053	Table_2.XLSX	Sheet1	EUSTAPF								piperacillin/tazobactam	=	0.06		mic_sign '=' inferred
35756053	Table_2.XLSX	Sheet1	EUSTAPF								cefoxitin	<=	0.25		
35756053	Table_2.XLSX	Sheet1	EUSTAPF								trimethoprim	<=	0.25		
35756053	Table_2.XLSX	Sheet1	EUSTAPF								sulfamethoxazole	=	1		mic_sign '=' inferred
35756053	Table_2.XLSX	Sheet1	EUSTAPF								cefpodoxime	<=	0.03		
35756053	Table_2.XLSX	Sheet1	EUSTAPF								ceftazidime	<=	0.5		
35756053	Table_2.XLSX	Sheet1	EUSTAPF								tobramycin	<=	0.25		
35756053	Table_2.XLSX	Sheet1	EUSTAPF								tigecycline	=	4		mic_sign '=' inferred
35756053	Table_2.XLSX	Sheet1	EUSTAPF								amikacin	<=	0.5		
35756053	Table_2.XLSX	Sheet1	EUSTAPF								ampicillin	<=	0.5		
35756053	Table_2.XLSX	Sheet1	EUSTAPF								ampicillin/sulbactam	<=	1/19		
35756053	Table_2.XLSX	Sheet1	EUSTAPF								cefazolin	<=	0.5		
35756053	Table_2.XLSX	Sheet1	EUSTAPF								cefepime	=	4		mic_sign '=' inferred
35756053	Table_2.XLSX	Sheet1	EUSTAPF								cephalothin	<=	0.12		
35756053	Table_2.XLSX	Sheet1	EUSTAPF								meropenem	<=	0.5		
35756053	Table_2.XLSX	Sheet1	EUSTAPF								ertapenem	<=	0.5		
35756053	Table_2.XLSX	Sheet1	EUSTAPF								cefuroxime	<=	1		
35756053	Table_2.XLSX	Sheet1	EUSTAPF								gentamicin	<=	4		
35756053	Table_2.XLSX	Sheet1	EUSTAPF								ciprofloxacin	=	0.5		mic_sign '=' inferred
35756053	Table_2.XLSX	Sheet1	EUSTAPF								piperacillin/tazobactam	=	0.06		mic_sign '=' inferred
35756053	Table_2.XLSX	Sheet1	EUSTAPF								cefoxitin	<=	0.25		
35756053	Table_2.XLSX	Sheet1	EUSTAPF								trimethoprim	=	0.5		mic_sign '=' inferred
35756053	Table_2.XLSX	Sheet1	EUSTAPF								sulfamethoxazole	=	1		mic_sign '=' inferred
35756053	Table_2.XLSX	Sheet1	EUSTAPF								cefpodoxime	<=	0.03		
35756053	Table_2.XLSX	Sheet1	EUSTAPF								ceftazidime	<=	0.5		
35756053	Table_2.XLSX	Sheet1	EUSTAPF								tobramycin	<=	0.25		
35756053	Table_2.XLSX	Sheet1	EUSTAPF								tigecycline	=	4		mic_sign '=' inferred
35756053	Table_2.XLSX	Sheet1	EUSTAPF								amikacin	<=	0.5		
35756053	Table_2.XLSX	Sheet1	EUSTAPF								ampicillin	<=	0.5		
35756053	Table_2.XLSX	Sheet1	EUSTAPF								ampicillin/sulbactam	<=	1/19		
35756053	Table_2.XLSX	Sheet1	EUSTAPF								cefazolin	<=	0.5		
35756053	Table_2.XLSX	Sheet1	EUSTAPF								cefepime	<=	2		
35756053	Table_2.XLSX	Sheet1	EUSTAPF								cephalothin	<=	0.12		
35756053	Table_2.XLSX	Sheet1	EUSTAPF								meropenem	<=	0.5		
35756053	Table_2.XLSX	Sheet1	EUSTAPF								ertapenem	<=	0.5		
35756053	Table_2.XLSX	Sheet1	EUSTAPF								cefuroxime	<=	1		
35756053	Table_2.XLSX	Sheet1	EUSTAPF								gentamicin	<=	4		
35756053	Table_2.XLSX	Sheet1	EUSTAPF								ciprofloxacin	=	0.5		mic_sign '=' inferred
35756053	Table_2.XLSX	Sheet1	EUSTAPF								piperacillin/tazobactam	=	0.06		mic_sign '=' inferred
35756053	Table_2.XLSX	Sheet1	EUSTAPF								cefoxitin	=	0.5		mic_sign '=' inferred
35756053	Table_2.XLSX	Sheet1	EUSTAPF								trimethoprim	=	0.5		mic_sign '=' inferred
35756053	Table_2.XLSX	Sheet1	EUSTAPF								sulfamethoxazole	=	1		mic_sign '=' inferred
35756053	Table_2.XLSX	Sheet1	EUSTAPF								cefpodoxime	<=	0.03		
35756053	Table_2.XLSX	Sheet1	EUSTAPF								ceftazidime	<=	0.5		
35756053	Table_2.XLSX	Sheet1	EUSTAPF								tobramycin	<=	0.25		
35756053	Table_2.XLSX	Sheet1	EUSTAPF								tigecycline	=	4		mic_sign '=' inferred
35756053	Table_2.XLSX	Sheet1	EUSTAPF								amikacin	<=	0.5		
35756053	Table_2.XLSX	Sheet1	EUSTAPF								ampicillin	<=	0.5		
35756053	Table_2.XLSX	Sheet1	EUSTAPF								ampicillin/sulbactam	<=	1/19		
35756053	Table_2.XLSX	Sheet1	EUSTAPF								cefazolin	<=	0.5		
35756053	Table_2.XLSX	Sheet1	EUSTAPF								cefepime	=	4		mic_sign '=' inferred
35756053	Table_2.XLSX	Sheet1	EUSTAPF								cephalothin	<=	0.12		
35756053	Table_2.XLSX	Sheet1	EUSTAPF								meropenem	<=	0.5		
35756053	Table_2.XLSX	Sheet1	EUSTAPF								ertapenem	<=	0.5		
35756053	Table_2.XLSX	Sheet1	EUSTAPF								cefuroxime	<=	1		
35756053	Table_2.XLSX	Sheet1	EUSTAPF								gentamicin	<=	4		
35756053	Table_2.XLSX	Sheet1	EUSTAPF								ciprofloxacin	=	0.5		mic_sign '=' inferred
35756053	Table_2.XLSX	Sheet1	EUSTAPF								piperacillin/tazobactam	=	0.06		mic_sign '=' inferred
35756053	Table_2.XLSX	Sheet1	EUSTAPF								cefoxitin	<=	0.25		
35756053	Table_2.XLSX	Sheet1	EUSTAPF								trimethoprim	<=	0.25		
35756053	Table_2.XLSX	Sheet1	EUSTAPF								sulfamethoxazole	=	1		mic_sign '=' inferred
35756053	Table_2.XLSX	Sheet1	EUSTAPF								cefpodoxime	<=	0.03		
35756053	Table_2.XLSX	Sheet1	EUSTAPF								ceftazidime	<=	0.5		
35756053	Table_2.XLSX	Sheet1	EUSTAPF								tobramycin	<=	0.25		
35756053	Table_2.XLSX	Sheet1	EUSTAPF								tigecycline	=	4		mic_sign '=' inferred
35756053	Table_2.XLSX	Sheet1	EUSTAPF								amikacin	<=	0.5		
35756053	Table_2.XLSX	Sheet1	EUSTAPF								ampicillin	<=	0.5		
35756053	Table_2.XLSX	Sheet1	EUSTAPF								ampicillin/sulbactam	<=	1/19		
35756053	Table_2.XLSX	Sheet1	EUSTAPF								cefazolin	<=	0.5		
35756053	Table_2.XLSX	Sheet1	EUSTAPF								cefepime	=	4		mic_sign '=' inferred
35756053	Table_2.XLSX	Sheet1	EUSTAPF								cephalothin	<=	0.12		
35756053	Table_2.XLSX	Sheet1	EUSTAPF								meropenem	<=	0.5		
35756053	Table_2.XLSX	Sheet1	EUSTAPF								ertapenem	<=	0.5		
35756053	Table_2.XLSX	Sheet1	EUSTAPF								cefuroxime	<=	1		
35756053	Table_2.XLSX	Sheet1	EUSTAPF								gentamicin	<=	4		
35756053	Table_2.XLSX	Sheet1	EUSTAPF								ciprofloxacin	=	0.5		mic_sign '=' inferred
35756053	Table_2.XLSX	Sheet1	EUSTAPF								piperacillin/tazobactam	=	0.06		mic_sign '=' inferred
35756053	Table_2.XLSX	Sheet1	EUSTAPF								cefoxitin	<=	0.25		
35756053	Table_2.XLSX	Sheet1	EUSTAPF								trimethoprim	<=	0.25		
35756053	Table_2.XLSX	Sheet1	EUSTAPF								sulfamethoxazole	=	1		mic_sign '=' inferred
35756053	Table_2.XLSX	Sheet1	EUSTAPF								cefpodoxime	<=	0.03		
35756053	Table_2.XLSX	Sheet1	EUSTAPF								ceftazidime	<=	0.5		
35756053	Table_2.XLSX	Sheet1	EUSTAPF								tobramycin	<=	0.25		
35756053	Table_2.XLSX	Sheet1	EUSTAPF								tigecycline	=	4		mic_sign '=' inferred
35756053	Table_2.XLSX	Sheet1	EUSTAPF								amikacin	<=	0.5		
35756053	Table_2.XLSX	Sheet1	EUSTAPF								ampicillin	<=	0.5		
35756053	Table_2.XLSX	Sheet1	EUSTAPF								ampicillin/sulbactam	<=	1/19		
35756053	Table_2.XLSX	Sheet1	EUSTAPF								cefazolin	<=	0.5		
35756053	Table_2.XLSX	Sheet1	EUSTAPF								cefepime	<=	2		
35756053	Table_2.XLSX	Sheet1	EUSTAPF								cephalothin	<=	0.12		
35756053	Table_2.XLSX	Sheet1	EUSTAPF								meropenem	<=	0.5		
35756053	Table_2.XLSX	Sheet1	EUSTAPF								ertapenem	<=	0.5		
35756053	Table_2.XLSX	Sheet1	EUSTAPF								cefuroxime	<=	1		
35756053	Table_2.XLSX	Sheet1	EUSTAPF								gentamicin	<=	4		
35756053	Table_2.XLSX	Sheet1	EUSTAPF								ciprofloxacin	>	4		
35756053	Table_2.XLSX	Sheet1	EUSTAPF								piperacillin/tazobactam	=	0.06		mic_sign '=' inferred
35756053	Table_2.XLSX	Sheet1	EUSTAPF								cefoxitin	<=	0.25		
35756053	Table_2.XLSX	Sheet1	EUSTAPF								trimethoprim	<=	0.25		
35756053	Table_2.XLSX	Sheet1	EUSTAPF								sulfamethoxazole	=	1		mic_sign '=' inferred
35756053	Table_2.XLSX	Sheet1	EUSTAPF								cefpodoxime	<=	0.03		
35756053	Table_2.XLSX	Sheet1	EUSTAPF								ceftazidime	<=	0.5		
35756053	Table_2.XLSX	Sheet1	EUSTAPF								tobramycin	<=	0.25		
35756053	Table_2.XLSX	Sheet1	EUSTAPF								tigecycline	=	2		mic_sign '=' inferred
35756053	Table_2.XLSX	Sheet1	EUSTAPF								amikacin	<=	0.5		
35756053	Table_2.XLSX	Sheet1	EUSTAPF								ampicillin	<=	0.5		
35756053	Table_2.XLSX	Sheet1	EUSTAPF								ampicillin/sulbactam	<=	1/19		
35756053	Table_2.XLSX	Sheet1	EUSTAPF								cefazolin	<=	0.5		
35756053	Table_2.XLSX	Sheet1	EUSTAPF								cefepime	<=	2		
35756053	Table_2.XLSX	Sheet1	EUSTAPF								cephalothin	<=	0.12		
35756053	Table_2.XLSX	Sheet1	EUSTAPF								meropenem	<=	0.5		
35756053	Table_2.XLSX	Sheet1	EUSTAPF								ertapenem	<=	0.5		
35756053	Table_2.XLSX	Sheet1	EUSTAPF								cefuroxime	<=	1		
35756053	Table_2.XLSX	Sheet1	EUSTAPF								gentamicin	<=	4		
35756053	Table_2.XLSX	Sheet1	EUSTAPF								ciprofloxacin	=	0.5		mic_sign '=' inferred
35756053	Table_2.XLSX	Sheet1	EUSTAPF								piperacillin/tazobactam	=	0.06		mic_sign '=' inferred
35756053	Table_2.XLSX	Sheet1	EUSTAPF								cefoxitin	=	0.5		mic_sign '=' inferred
35756053	Table_2.XLSX	Sheet1	EUSTAPF								trimethoprim	=	0.5		mic_sign '=' inferred
35756053	Table_2.XLSX	Sheet1	EUSTAPF								sulfamethoxazole	=	1		mic_sign '=' inferred
35756053	Table_2.XLSX	Sheet1	EUSTAPF								cefpodoxime	<=	0.03		
35756053	Table_2.XLSX	Sheet1	EUSTAPF								ceftazidime	<=	0.5		
35756053	Table_2.XLSX	Sheet1	EUSTAPF								tobramycin	<=	0.25		
35756053	Table_2.XLSX	Sheet1	EUSTAPF								tigecycline	=	4		mic_sign '=' inferred
35756053	Table_2.XLSX	Sheet1	EUSTAPF								amikacin	<=	0.5		
35756053	Table_2.XLSX	Sheet1	EUSTAPF								ampicillin	<=	0.5		
35756053	Table_2.XLSX	Sheet1	EUSTAPF								ampicillin/sulbactam	<=	1/19		
35756053	Table_2.XLSX	Sheet1	EUSTAPF								cefazolin	<=	0.5		
35756053	Table_2.XLSX	Sheet1	EUSTAPF								cefepime	<=	2		
35756053	Table_2.XLSX	Sheet1	EUSTAPF								cephalothin	<=	0.12		
35756053	Table_2.XLSX	Sheet1	EUSTAPF								meropenem	<=	0.5		
35756053	Table_2.XLSX	Sheet1	EUSTAPF								ertapenem	<=	0.5		
35756053	Table_2.XLSX	Sheet1	EUSTAPF								cefuroxime	<=	1		
35756053	Table_2.XLSX	Sheet1	EUSTAPF								gentamicin	<=	4		
35756053	Table_2.XLSX	Sheet1	EUSTAPF								ciprofloxacin	=	0.5		mic_sign '=' inferred
35756053	Table_2.XLSX	Sheet1	EUSTAPF								piperacillin/tazobactam	=	0.06		mic_sign '=' inferred
35756053	Table_2.XLSX	Sheet1	EUSTAPF								cefoxitin	<=	0.25		
35756053	Table_2.XLSX	Sheet1	EUSTAPF								trimethoprim	<=	0.25		
35756053	Table_2.XLSX	Sheet1	EUSTAPF								sulfamethoxazole	=	1		mic_sign '=' inferred
35756053	Table_2.XLSX	Sheet1	EUSTAPF								cefpodoxime	<=	0.03		
35756053	Table_2.XLSX	Sheet1	EUSTAPF								ceftazidime	<=	0.5		
35756053	Table_2.XLSX	Sheet1	EUSTAPF								tobramycin	<=	0.25		
35756053	Table_2.XLSX	Sheet1	EUSTAPF								tigecycline	=	2		mic_sign '=' inferred
35756053	Table_2.XLSX	Sheet1	EUSTAPF								amikacin	<=	0.5		
35756053	Table_2.XLSX	Sheet1	EUSTAPF								ampicillin	<=	0.5		
35756053	Table_2.XLSX	Sheet1	EUSTAPF								ampicillin/sulbactam	<=	1/19		
35756053	Table_2.XLSX	Sheet1	EUSTAPF								cefazolin	<=	0.5		
35756053	Table_2.XLSX	Sheet1	EUSTAPF								cefepime	<=	2		
35756053	Table_2.XLSX	Sheet1	EUSTAPF								cephalothin	<=	0.12		
35756053	Table_2.XLSX	Sheet1	EUSTAPF								meropenem	<=	0.5		
35756053	Table_2.XLSX	Sheet1	EUSTAPF								ertapenem	<=	0.5		
35756053	Table_2.XLSX	Sheet1	EUSTAPF								cefuroxime	<=	1		
35756053	Table_2.XLSX	Sheet1	EUSTAPF								gentamicin	<=	4		
35756053	Table_2.XLSX	Sheet1	EUSTAPF								ciprofloxacin	=	0.5		mic_sign '=' inferred
35756053	Table_2.XLSX	Sheet1	EUSTAPF								piperacillin/tazobactam	=	0.06		mic_sign '=' inferred
35756053	Table_2.XLSX	Sheet1	EUSTAPF								cefoxitin	<=	0.25		
35756053	Table_2.XLSX	Sheet1	EUSTAPF								trimethoprim	<=	0.25		
35756053	Table_2.XLSX	Sheet1	EUSTAPF								sulfamethoxazole	=	1		mic_sign '=' inferred
35756053	Table_2.XLSX	Sheet1	EUSTAPF								cefpodoxime	<=	0.03		
35756053	Table_2.XLSX	Sheet1	EUSTAPF								ceftazidime	<=	0.5		
35756053	Table_2.XLSX	Sheet1	EUSTAPF								tobramycin	<=	0.25		
35756053	Table_2.XLSX	Sheet1	EUSTAPF								tigecycline	=	4		mic_sign '=' inferred
35756053	Table_2.XLSX	Sheet1	EUSTAPF								amikacin	<=	0.5		
35756053	Table_2.XLSX	Sheet1	EUSTAPF								ampicillin	<=	0.5		
35756053	Table_2.XLSX	Sheet1	EUSTAPF								ampicillin/sulbactam	<=	1/19		
35756053	Table_2.XLSX	Sheet1	EUSTAPF								cefazolin	<=	0.5		
35756053	Table_2.XLSX	Sheet1	EUSTAPF								cefepime	<=	2		
35756053	Table_2.XLSX	Sheet1	EUSTAPF								cephalothin	<=	0.12		
35756053	Table_2.XLSX	Sheet1	EUSTAPF								meropenem	<=	0.5		
35756053	Table_2.XLSX	Sheet1	EUSTAPF								ertapenem	<=	0.5		
35756053	Table_2.XLSX	Sheet1	EUSTAPF								cefuroxime	<=	1		
35756053	Table_2.XLSX	Sheet1	EUSTAPF								gentamicin	<=	4		
35756053	Table_2.XLSX	Sheet1	EUSTAPF								ciprofloxacin	=	0.5		mic_sign '=' inferred
35756053	Table_2.XLSX	Sheet1	EUSTAPF								piperacillin/tazobactam	=	0.06		mic_sign '=' inferred
35756053	Table_2.XLSX	Sheet1	EUSTAPF								cefoxitin	<=	0.25		
35756053	Table_2.XLSX	Sheet1	EUSTAPF								trimethoprim	<=	0.25		
35756053	Table_2.XLSX	Sheet1	EUSTAPF								sulfamethoxazole	=	1		mic_sign '=' inferred
35756053	Table_2.XLSX	Sheet1	EUSTAPF								cefpodoxime	<=	0.03		
35756053	Table_2.XLSX	Sheet1	EUSTAPF								ceftazidime	<=	0.5		
35756053	Table_2.XLSX	Sheet1	EUSTAPF								tobramycin	<=	0.25		
35756053	Table_2.XLSX	Sheet1	EUSTAPF								tigecycline	=	2		mic_sign '=' inferred
35756053	Table_2.XLSX	Sheet1	EUSTAPF								amikacin	<=	0.5		
35756053	Table_2.XLSX	Sheet1	EUSTAPF								ampicillin	<=	0.5		
35756053	Table_2.XLSX	Sheet1	EUSTAPF								ampicillin/sulbactam	<=	1/19		
35756053	Table_2.XLSX	Sheet1	EUSTAPF								cefazolin	<=	0.5		
35756053	Table_2.XLSX	Sheet1	EUSTAPF								cefepime	<=	2		
35756053	Table_2.XLSX	Sheet1	EUSTAPF								cephalothin	<=	0.12		
35756053	Table_2.XLSX	Sheet1	EUSTAPF								meropenem	<=	0.5		
35756053	Table_2.XLSX	Sheet1	EUSTAPF								ertapenem	<=	0.5		
35756053	Table_2.XLSX	Sheet1	EUSTAPF								cefuroxime	<=	1		
35756053	Table_2.XLSX	Sheet1	EUSTAPF								gentamicin	<=	4		
35756053	Table_2.XLSX	Sheet1	EUSTAPF								ciprofloxacin	=	0.5		mic_sign '=' inferred
35756053	Table_2.XLSX	Sheet1	EUSTAPF								piperacillin/tazobactam	=	0.06		mic_sign '=' inferred
35756053	Table_2.XLSX	Sheet1	EUSTAPF								cefoxitin	<=	0.25		
35756053	Table_2.XLSX	Sheet1	EUSTAPF								trimethoprim	<=	0.25		
35756053	Table_2.XLSX	Sheet1	EUSTAPF								sulfamethoxazole	=	1		mic_sign '=' inferred
35756053	Table_2.XLSX	Sheet1	EUSTAPF								cefpodoxime	<=	0.03		
35756053	Table_2.XLSX	Sheet1	EUSTAPF								ceftazidime	<=	0.5		
35756053	Table_2.XLSX	Sheet1	EUSTAPF								tobramycin	<=	0.25		
35756053	Table_2.XLSX	Sheet1	EUSTAPF								tigecycline	=	4		mic_sign '=' inferred
35756053	Table_2.XLSX	Sheet1	EUSTAPF								amikacin	<=	0.5		
35756053	Table_2.XLSX	Sheet1	EUSTAPF								ampicillin	<=	0.5		
35756053	Table_2.XLSX	Sheet1	EUSTAPF								ampicillin/sulbactam	<=	1/19		
35756053	Table_2.XLSX	Sheet1	EUSTAPF								cefazolin	<=	0.5		
35756053	Table_2.XLSX	Sheet1	EUSTAPF								cefepime	<=	2		
35756053	Table_2.XLSX	Sheet1	EUSTAPF								cephalothin	<=	0.12		
35756053	Table_2.XLSX	Sheet1	EUSTAPF								meropenem	<=	0.5		
35756053	Table_2.XLSX	Sheet1	EUSTAPF								ertapenem	<=	0.5		
35756053	Table_2.XLSX	Sheet1	EUSTAPF								cefuroxime	<=	1		
35756053	Table_2.XLSX	Sheet1	EUSTAPF								gentamicin	<=	4		
35756053	Table_2.XLSX	Sheet1	EUSTAPF								ciprofloxacin	<=	0.25		
35756053	Table_2.XLSX	Sheet1	EUSTAPF								piperacillin/tazobactam	=	0.06		mic_sign '=' inferred
35756053	Table_2.XLSX	Sheet1	EUSTAPF								cefoxitin	<=	0.25		
35756053	Table_2.XLSX	Sheet1	EUSTAPF								trimethoprim	<=	0.25		
35756053	Table_2.XLSX	Sheet1	EUSTAPF								sulfamethoxazole	=	1		mic_sign '=' inferred
35756053	Table_2.XLSX	Sheet1	EUSTAPF								cefpodoxime	<=	0.03		
35756053	Table_2.XLSX	Sheet1	EUSTAPF								ceftazidime	<=	0.5		
35756053	Table_2.XLSX	Sheet1	EUSTAPF								tobramycin	<=	0.25		
35756053	Table_2.XLSX	Sheet1	EUSTAPF								tigecycline	=	2		mic_sign '=' inferred
35756053	Table_2.XLSX	Sheet1	EUSTAPF								amikacin	<=	0.5		
35756053	Table_2.XLSX	Sheet1	EUSTAPF								ampicillin	>	4		
35756053	Table_2.XLSX	Sheet1	EUSTAPF								ampicillin/sulbactam	>	8/152		
35756053	Table_2.XLSX	Sheet1	EUSTAPF								cefazolin	<=	0.5		
35756053	Table_2.XLSX	Sheet1	EUSTAPF								cefepime	<=	2		
35756053	Table_2.XLSX	Sheet1	EUSTAPF								cephalothin	=	0.5		mic_sign '=' inferred
35756053	Table_2.XLSX	Sheet1	EUSTAPF								meropenem	<=	0.5		
35756053	Table_2.XLSX	Sheet1	EUSTAPF								ertapenem	=	4		mic_sign '=' inferred
35756053	Table_2.XLSX	Sheet1	EUSTAPF								cefuroxime	=	2		mic_sign '=' inferred
35756053	Table_2.XLSX	Sheet1	EUSTAPF								gentamicin	>	16		
35756053	Table_2.XLSX	Sheet1	EUSTAPF								ciprofloxacin	<=	0.25		
35756053	Table_2.XLSX	Sheet1	EUSTAPF								piperacillin/tazobactam	=	0.06		mic_sign '=' inferred
35756053	Table_2.XLSX	Sheet1	EUSTAPF								cefoxitin	=	8		mic_sign '=' inferred
35756053	Table_2.XLSX	Sheet1	EUSTAPF								trimethoprim	>	8		
35756053	Table_2.XLSX	Sheet1	EUSTAPF								sulfamethoxazole	=	2		mic_sign '=' inferred
35756053	Table_2.XLSX	Sheet1	EUSTAPF								cefpodoxime	<=	0.03		
35756053	Table_2.XLSX	Sheet1	EUSTAPF								ceftazidime	<=	0.5		
35756053	Table_2.XLSX	Sheet1	EUSTAPF								tobramycin	=	1		mic_sign '=' inferred
35756053	Table_2.XLSX	Sheet1	EUSTAPF								tigecycline	=	4		mic_sign '=' inferred
35756053	Table_2.XLSX	Sheet1	EUSTAPF								amikacin	<=	0.5		
35756053	Table_2.XLSX	Sheet1	EUSTAPF								ampicillin	>	4		
35756053	Table_2.XLSX	Sheet1	EUSTAPF								ampicillin/sulbactam	<=	1/19		
35756053	Table_2.XLSX	Sheet1	EUSTAPF								cefazolin	<=	0.5		
35756053	Table_2.XLSX	Sheet1	EUSTAPF								cefepime	<=	2		
35756053	Table_2.XLSX	Sheet1	EUSTAPF								cephalothin	<=	0.12		
35756053	Table_2.XLSX	Sheet1	EUSTAPF								meropenem	=	4		mic_sign '=' inferred
35756053	Table_2.XLSX	Sheet1	EUSTAPF								ertapenem	<=	0.5		
35756053	Table_2.XLSX	Sheet1	EUSTAPF								cefuroxime	=	4		mic_sign '=' inferred
35756053	Table_2.XLSX	Sheet1	EUSTAPF								gentamicin	<=	4		
35756053	Table_2.XLSX	Sheet1	EUSTAPF								ciprofloxacin	<=	0.25		
35756053	Table_2.XLSX	Sheet1	EUSTAPF								piperacillin/tazobactam	=	0.06		mic_sign '=' inferred
35756053	Table_2.XLSX	Sheet1	EUSTAPF								cefoxitin	<=	0.25		
35756053	Table_2.XLSX	Sheet1	EUSTAPF								trimethoprim	<=	0.25		
35756053	Table_2.XLSX	Sheet1	EUSTAPF								sulfamethoxazole	=	2		mic_sign '=' inferred
35756053	Table_2.XLSX	Sheet1	EUSTAPF								cefpodoxime	<=	0.03		
35756053	Table_2.XLSX	Sheet1	EUSTAPF								ceftazidime	<=	0.5		
35756053	Table_2.XLSX	Sheet1	EUSTAPF								tobramycin	<=	0.25		
35756053	Table_2.XLSX	Sheet1	EUSTAPF								tigecycline	=	1		mic_sign '=' inferred
35756053	Table_2.XLSX	Sheet1	EUSTAPF								amikacin	<=	0.5		
35756053	Table_2.XLSX	Sheet1	EUSTAPF								ampicillin	<=	0.5		
35756053	Table_2.XLSX	Sheet1	EUSTAPF								ampicillin/sulbactam	<=	1/19		
35756053	Table_2.XLSX	Sheet1	EUSTAPF								cefazolin	=	1		mic_sign '=' inferred
35756053	Table_2.XLSX	Sheet1	EUSTAPF								cefepime	<=	2		
35756053	Table_2.XLSX	Sheet1	EUSTAPF								cephalothin	<=	0.12		
35756053	Table_2.XLSX	Sheet1	EUSTAPF								meropenem	<=	0.5		
35756053	Table_2.XLSX	Sheet1	EUSTAPF								ertapenem	<=	0.5		
35756053	Table_2.XLSX	Sheet1	EUSTAPF								cefuroxime	=	4		mic_sign '=' inferred
35756053	Table_2.XLSX	Sheet1	EUSTAPF								gentamicin	<=	4		
35756053	Table_2.XLSX	Sheet1	EUSTAPF								ciprofloxacin	<=	0.25		
35756053	Table_2.XLSX	Sheet1	EUSTAPF								piperacillin/tazobactam	=	0.06		mic_sign '=' inferred
35756053	Table_2.XLSX	Sheet1	EUSTAPF								cefoxitin	<=	0.25		
35756053	Table_2.XLSX	Sheet1	EUSTAPF								trimethoprim	<=	0.25		
35756053	Table_2.XLSX	Sheet1	EUSTAPF								sulfamethoxazole	=	2		mic_sign '=' inferred
35756053	Table_2.XLSX	Sheet1	EUSTAPF								cefpodoxime	<=	0.03		
35756053	Table_2.XLSX	Sheet1	EUSTAPF								ceftazidime	<=	0.5		
35756053	Table_2.XLSX	Sheet1	EUSTAPF								tobramycin	<=	0.25		
35756053	Table_2.XLSX	Sheet1	EUSTAPF								tigecycline	=	1		mic_sign '=' inferred
35756053	Table_2.XLSX	Sheet1	EUSTAPF								amikacin	<=	0.5		
35756053	Table_2.XLSX	Sheet1	EUSTAPF								ampicillin	>	4		
35756053	Table_2.XLSX	Sheet1	EUSTAPF								ampicillin/sulbactam	<=	1/19		
35756053	Table_2.XLSX	Sheet1	EUSTAPF								cefazolin	<=	0.5		
35756053	Table_2.XLSX	Sheet1	EUSTAPF								cefepime	<=	2		
35756053	Table_2.XLSX	Sheet1	EUSTAPF								cephalothin	<=	0.12		
35756053	Table_2.XLSX	Sheet1	EUSTAPF								meropenem	=	2		mic_sign '=' inferred
35756053	Table_2.XLSX	Sheet1	EUSTAPF								ertapenem	<=	0.5		
35756053	Table_2.XLSX	Sheet1	EUSTAPF								cefuroxime	<=	1		
35756053	Table_2.XLSX	Sheet1	EUSTAPF								gentamicin	<=	4		
35756053	Table_2.XLSX	Sheet1	EUSTAPF								ciprofloxacin	>	4		
35756053	Table_2.XLSX	Sheet1	EUSTAPF								piperacillin/tazobactam	=	0.06		mic_sign '=' inferred
35756053	Table_2.XLSX	Sheet1	EUSTAPF								cefoxitin	<=	0.25		
35756053	Table_2.XLSX	Sheet1	EUSTAPF								trimethoprim	<=	0.25		
35756053	Table_2.XLSX	Sheet1	EUSTAPF								sulfamethoxazole	=	2		mic_sign '=' inferred
35756053	Table_2.XLSX	Sheet1	EUSTAPF								cefpodoxime	<=	0.03		
35756053	Table_2.XLSX	Sheet1	EUSTAPF								ceftazidime	<=	0.5		
35756053	Table_2.XLSX	Sheet1	EUSTAPF								tobramycin	<=	0.25		
35756053	Table_2.XLSX	Sheet1	EUSTAPF								tigecycline	=	2		mic_sign '=' inferred
35756053	Table_2.XLSX	Sheet1	EUSTAPF								amikacin	<=	0.5		
35756053	Table_2.XLSX	Sheet1	EUSTAPF								ampicillin	>	4		
35756053	Table_2.XLSX	Sheet1	EUSTAPF								ampicillin/sulbactam	=	8/152		mic_sign '=' inferred
35756053	Table_2.XLSX	Sheet1	EUSTAPF								cefazolin	<=	0.5		
35756053	Table_2.XLSX	Sheet1	EUSTAPF								cefepime	<=	2		
35756053	Table_2.XLSX	Sheet1	EUSTAPF								cephalothin	<=	0.12		
35756053	Table_2.XLSX	Sheet1	EUSTAPF								meropenem	=	2		mic_sign '=' inferred
35756053	Table_2.XLSX	Sheet1	EUSTAPF								ertapenem	>	4		
35756053	Table_2.XLSX	Sheet1	EUSTAPF								cefuroxime	=	4		mic_sign '=' inferred
35756053	Table_2.XLSX	Sheet1	EUSTAPF								gentamicin	>	16		
35756053	Table_2.XLSX	Sheet1	EUSTAPF								ciprofloxacin	>	4		
35756053	Table_2.XLSX	Sheet1	EUSTAPF								piperacillin/tazobactam	=	0.06		mic_sign '=' inferred
35756053	Table_2.XLSX	Sheet1	EUSTAPF								cefoxitin	>	8		
35756053	Table_2.XLSX	Sheet1	EUSTAPF								trimethoprim	>	8		
35756053	Table_2.XLSX	Sheet1	EUSTAPF								sulfamethoxazole	=	2		mic_sign '=' inferred
35756053	Table_2.XLSX	Sheet1	EUSTAPF								cefpodoxime	<=	0.03		
35756053	Table_2.XLSX	Sheet1	EUSTAPF								ceftazidime	<=	0.5		
35756053	Table_2.XLSX	Sheet1	EUSTAPF								tobramycin	>	2		
35756053	Table_2.XLSX	Sheet1	EUSTAPF								tigecycline	>	8		
35756053	Table_2.XLSX	Sheet1	EUSTAPF								amikacin	>	4		
35756053	Table_2.XLSX	Sheet1	EUSTAPF								ampicillin	>	4		
35756053	Table_2.XLSX	Sheet1	EUSTAPF								ampicillin/sulbactam	<=	1/19		
35756053	Table_2.XLSX	Sheet1	EUSTAPF								cefazolin	>	4		
35756053	Table_2.XLSX	Sheet1	EUSTAPF								cefepime	>	16		
35756053	Table_2.XLSX	Sheet1	EUSTAPF								cephalothin	>	1		
35756053	Table_2.XLSX	Sheet1	EUSTAPF								meropenem	=	2		mic_sign '=' inferred
35756053	Table_2.XLSX	Sheet1	EUSTAPF								ertapenem	=	1		mic_sign '=' inferred
35756053	Table_2.XLSX	Sheet1	EUSTAPF								cefuroxime	>	16		
35756053	Table_2.XLSX	Sheet1	EUSTAPF								gentamicin	<=	4		
35756053	Table_2.XLSX	Sheet1	EUSTAPF								ciprofloxacin	>	4		
35756053	Table_2.XLSX	Sheet1	EUSTAPF								piperacillin/tazobactam	>	1		
35756053	Table_2.XLSX	Sheet1	EUSTAPF								cefoxitin	=	0.5		mic_sign '=' inferred
35756053	Table_2.XLSX	Sheet1	EUSTAPF								trimethoprim	=	1		mic_sign '=' inferred
35756053	Table_2.XLSX	Sheet1	EUSTAPF								sulfamethoxazole	=	2		mic_sign '=' inferred
35756053	Table_2.XLSX	Sheet1	EUSTAPF								cefpodoxime	>	1		
35756053	Table_2.XLSX	Sheet1	EUSTAPF								ceftazidime	>	8		
35756053	Table_2.XLSX	Sheet1	EUSTAPF								tobramycin	=	1		mic_sign '=' inferred
35756053	Table_2.XLSX	Sheet1	EUSTAPF								tigecycline	>	8		
35756053	Table_2.XLSX	Sheet1	EUSTAPF								amikacin	<=	0.5		
35756053	Table_2.XLSX	Sheet1	EUSTAPF								ampicillin	>	4		
35756053	Table_2.XLSX	Sheet1	EUSTAPF								ampicillin/sulbactam	=	8/152		mic_sign '=' inferred
35756053	Table_2.XLSX	Sheet1	EUSTAPF								cefazolin	<=	0.5		
35756053	Table_2.XLSX	Sheet1	EUSTAPF								cefepime	<=	2		
35756053	Table_2.XLSX	Sheet1	EUSTAPF								cephalothin	=	0.25		mic_sign '=' inferred
35756053	Table_2.XLSX	Sheet1	EUSTAPF								meropenem	<=	0.5		
35756053	Table_2.XLSX	Sheet1	EUSTAPF								ertapenem	=	4		mic_sign '=' inferred
35756053	Table_2.XLSX	Sheet1	EUSTAPF								cefuroxime	=	2		mic_sign '=' inferred
35756053	Table_2.XLSX	Sheet1	EUSTAPF								gentamicin	=	16		mic_sign '=' inferred
35756053	Table_2.XLSX	Sheet1	EUSTAPF								ciprofloxacin	<=	0.25		
35756053	Table_2.XLSX	Sheet1	EUSTAPF								piperacillin/tazobactam	=	0.06		mic_sign '=' inferred
35756053	Table_2.XLSX	Sheet1	EUSTAPF								cefoxitin	=	8		mic_sign '=' inferred
35756053	Table_2.XLSX	Sheet1	EUSTAPF								trimethoprim	>	8		
35756053	Table_2.XLSX	Sheet1	EUSTAPF								sulfamethoxazole	=	2		mic_sign '=' inferred
35756053	Table_2.XLSX	Sheet1	EUSTAPF								cefpodoxime	<=	0.03		
35756053	Table_2.XLSX	Sheet1	EUSTAPF								ceftazidime	<=	0.5		
35756053	Table_2.XLSX	Sheet1	EUSTAPF								tobramycin	=	1		mic_sign '=' inferred
35756053	Table_2.XLSX	Sheet1	EUSTAPF								tigecycline	=	8		mic_sign '=' inferred
35756053	Table_2.XLSX	Sheet1	EUSTAPF								amikacin	<=	0.5		
35756053	Table_2.XLSX	Sheet1	EUSTAPF								ampicillin	>	4		
35756053	Table_2.XLSX	Sheet1	EUSTAPF								ampicillin/sulbactam	<=	1/19		
35756053	Table_2.XLSX	Sheet1	EUSTAPF								cefazolin	<=	0.5		
35756053	Table_2.XLSX	Sheet1	EUSTAPF								cefepime	<=	2		
35756053	Table_2.XLSX	Sheet1	EUSTAPF								cephalothin	>	1		
35756053	Table_2.XLSX	Sheet1	EUSTAPF								meropenem	=	4		mic_sign '=' inferred
35756053	Table_2.XLSX	Sheet1	EUSTAPF								ertapenem	>	4		
35756053	Table_2.XLSX	Sheet1	EUSTAPF								cefuroxime	=	2		mic_sign '=' inferred
35756053	Table_2.XLSX	Sheet1	EUSTAPF								gentamicin	>	16		
35756053	Table_2.XLSX	Sheet1	EUSTAPF								ciprofloxacin	>	4		
35756053	Table_2.XLSX	Sheet1	EUSTAPF								piperacillin/tazobactam	=	0.06		mic_sign '=' inferred
35756053	Table_2.XLSX	Sheet1	EUSTAPF								cefoxitin	=	8		mic_sign '=' inferred
35756053	Table_2.XLSX	Sheet1	EUSTAPF								trimethoprim	>	8		
35756053	Table_2.XLSX	Sheet1	EUSTAPF								sulfamethoxazole	=	2		mic_sign '=' inferred
35756053	Table_2.XLSX	Sheet1	EUSTAPF								cefpodoxime	>	1		
35756053	Table_2.XLSX	Sheet1	EUSTAPF								ceftazidime	>	8		
35756053	Table_2.XLSX	Sheet1	EUSTAPF								tobramycin	>	2		
35756053	Table_2.XLSX	Sheet1	EUSTAPF								tigecycline	>	8		
35756053	Table_2.XLSX	Sheet1	EUSTAPF								amikacin	<=	0.5		
35756053	Table_2.XLSX	Sheet1	EUSTAPF								ampicillin	>	4		
35756053	Table_2.XLSX	Sheet1	EUSTAPF								ampicillin/sulbactam	<=	1/19		
35756053	Table_2.XLSX	Sheet1	EUSTAPF								cefazolin	<=	0.5		
35756053	Table_2.XLSX	Sheet1	EUSTAPF								cefepime	<=	2		
35756053	Table_2.XLSX	Sheet1	EUSTAPF								cephalothin	<=	0.12		
35756053	Table_2.XLSX	Sheet1	EUSTAPF								meropenem	>	4		
35756053	Table_2.XLSX	Sheet1	EUSTAPF								ertapenem	<=	0.5		
35756053	Table_2.XLSX	Sheet1	EUSTAPF								cefuroxime	<=	1		
35756053	Table_2.XLSX	Sheet1	EUSTAPF								gentamicin	<=	4		
35756053	Table_2.XLSX	Sheet1	EUSTAPF								ciprofloxacin	<=	0.25		
35756053	Table_2.XLSX	Sheet1	EUSTAPF								piperacillin/tazobactam	<=	0.03		
35756053	Table_2.XLSX	Sheet1	EUSTAPF								cefoxitin	<=	0.25		
35756053	Table_2.XLSX	Sheet1	EUSTAPF								trimethoprim	<=	0.25		
35756053	Table_2.XLSX	Sheet1	EUSTAPF								sulfamethoxazole	=	1		mic_sign '=' inferred
35756053	Table_2.XLSX	Sheet1	EUSTAPF								cefpodoxime	<=	0.03		
35756053	Table_2.XLSX	Sheet1	EUSTAPF								ceftazidime	<=	0.5		
35756053	Table_2.XLSX	Sheet1	EUSTAPF								tobramycin	<=	0.25		
35756053	Table_2.XLSX	Sheet1	EUSTAPF								tigecycline	=	4		mic_sign '=' inferred
35756053	Table_2.XLSX	Sheet1	EUSTAPF								amikacin	<=	0.5		
35756053	Table_2.XLSX	Sheet1	EUSTAPF								ampicillin	>	4		
35756053	Table_2.XLSX	Sheet1	EUSTAPF								ampicillin/sulbactam	<=	1/19		
35756053	Table_2.XLSX	Sheet1	EUSTAPF								cefazolin	<=	0.5		
35756053	Table_2.XLSX	Sheet1	EUSTAPF								cefepime	<=	2		
35756053	Table_2.XLSX	Sheet1	EUSTAPF								cephalothin	<=	0.12		
35756053	Table_2.XLSX	Sheet1	EUSTAPF								meropenem	<=	0.5		
35756053	Table_2.XLSX	Sheet1	EUSTAPF								ertapenem	<=	0.5		
35756053	Table_2.XLSX	Sheet1	EUSTAPF								cefuroxime	<=	1		
35756053	Table_2.XLSX	Sheet1	EUSTAPF								gentamicin	<=	4		
35756053	Table_2.XLSX	Sheet1	EUSTAPF								ciprofloxacin	<=	0.25		
35756053	Table_2.XLSX	Sheet1	EUSTAPF								piperacillin/tazobactam	=	0.06		mic_sign '=' inferred
35756053	Table_2.XLSX	Sheet1	EUSTAPF								cefoxitin	<=	0.25		
35756053	Table_2.XLSX	Sheet1	EUSTAPF								trimethoprim	<=	0.25		
35756053	Table_2.XLSX	Sheet1	EUSTAPF								sulfamethoxazole	=	1		mic_sign '=' inferred
35756053	Table_2.XLSX	Sheet1	EUSTAPF								cefpodoxime	<=	0.03		
35756053	Table_2.XLSX	Sheet1	EUSTAPF								ceftazidime	<=	0.5		
35756053	Table_2.XLSX	Sheet1	EUSTAPF								tobramycin	<=	0.25		
35756053	Table_2.XLSX	Sheet1	EUSTAPF								tigecycline	=	2		mic_sign '=' inferred
35756053	Table_2.XLSX	Sheet1	EUSTAPF								amikacin	<=	0.5		
35756053	Table_2.XLSX	Sheet1	EUSTAPF								ampicillin	<=	0.5		
35756053	Table_2.XLSX	Sheet1	EUSTAPF								ampicillin/sulbactam	<=	1/19		
35756053	Table_2.XLSX	Sheet1	EUSTAPF								cefazolin	<=	0.5		
35756053	Table_2.XLSX	Sheet1	EUSTAPF								cefepime	<=	2		
35756053	Table_2.XLSX	Sheet1	EUSTAPF								cephalothin	<=	0.12		
35756053	Table_2.XLSX	Sheet1	EUSTAPF								meropenem	<=	0.5		
35756053	Table_2.XLSX	Sheet1	EUSTAPF								ertapenem	<=	0.5		
35756053	Table_2.XLSX	Sheet1	EUSTAPF								cefuroxime	<=	1		
35756053	Table_2.XLSX	Sheet1	EUSTAPF								gentamicin	<=	4		
35756053	Table_2.XLSX	Sheet1	EUSTAPF								ciprofloxacin	<=	0.25		
35756053	Table_2.XLSX	Sheet1	EUSTAPF								piperacillin/tazobactam	<=	0.03		
35756053	Table_2.XLSX	Sheet1	EUSTAPF								cefoxitin	<=	0.25		
35756053	Table_2.XLSX	Sheet1	EUSTAPF								trimethoprim	<=	0.25		
35756053	Table_2.XLSX	Sheet1	EUSTAPF								sulfamethoxazole	=	1		mic_sign '=' inferred
35756053	Table_2.XLSX	Sheet1	EUSTAPF								cefpodoxime	<=	0.03		
35756053	Table_2.XLSX	Sheet1	EUSTAPF								ceftazidime	<=	0.5		
35756053	Table_2.XLSX	Sheet1	EUSTAPF								tobramycin	<=	0.25		
35756053	Table_2.XLSX	Sheet1	EUSTAPF								tigecycline	=	2		mic_sign '=' inferred
35756053	Table_2.XLSX	Sheet1	EUSTAPF								amikacin	<=	0.5		
35756053	Table_2.XLSX	Sheet1	EUSTAPF								ampicillin	<=	0.5		
35756053	Table_2.XLSX	Sheet1	EUSTAPF								ampicillin/sulbactam	<=	1/19		
35756053	Table_2.XLSX	Sheet1	EUSTAPF								cefazolin	<=	0.5		
35756053	Table_2.XLSX	Sheet1	EUSTAPF								cefepime	<=	2		
35756053	Table_2.XLSX	Sheet1	EUSTAPF								cephalothin	<=	0.12		
35756053	Table_2.XLSX	Sheet1	EUSTAPF								meropenem	<=	0.5		
35756053	Table_2.XLSX	Sheet1	EUSTAPF								ertapenem	<=	0.5		
35756053	Table_2.XLSX	Sheet1	EUSTAPF								cefuroxime	<=	1		
35756053	Table_2.XLSX	Sheet1	EUSTAPF								gentamicin	<=	4		
35756053	Table_2.XLSX	Sheet1	EUSTAPF								ciprofloxacin	<=	0.25		
35756053	Table_2.XLSX	Sheet1	EUSTAPF								piperacillin/tazobactam	<=	0.03		
35756053	Table_2.XLSX	Sheet1	EUSTAPF								cefoxitin	<=	0.25		
35756053	Table_2.XLSX	Sheet1	EUSTAPF								trimethoprim	<=	0.25		
35756053	Table_2.XLSX	Sheet1	EUSTAPF								sulfamethoxazole	=	1		mic_sign '=' inferred
35756053	Table_2.XLSX	Sheet1	EUSTAPF								cefpodoxime	<=	0.03		
35756053	Table_2.XLSX	Sheet1	EUSTAPF								ceftazidime	<=	0.5		
35756053	Table_2.XLSX	Sheet1	EUSTAPF								tobramycin	<=	0.25		
35756053	Table_2.XLSX	Sheet1	EUSTAPF								tigecycline	=	2		mic_sign '=' inferred
35756053	Table_2.XLSX	Sheet1	EUSTAPF								amikacin	<=	0.5		
35756053	Table_2.XLSX	Sheet1	EUSTAPF								ampicillin	<=	0.5		
35756053	Table_2.XLSX	Sheet1	EUSTAPF								ampicillin/sulbactam	<=	1/19		
35756053	Table_2.XLSX	Sheet1	EUSTAPF								cefazolin	<=	0.5		
35756053	Table_2.XLSX	Sheet1	EUSTAPF								cefepime	<=	2		
35756053	Table_2.XLSX	Sheet1	EUSTAPF								cephalothin	<=	0.12		
35756053	Table_2.XLSX	Sheet1	EUSTAPF								meropenem	<=	0.5		
35756053	Table_2.XLSX	Sheet1	EUSTAPF								ertapenem	<=	0.5		
35756053	Table_2.XLSX	Sheet1	EUSTAPF								cefuroxime	<=	1		
35756053	Table_2.XLSX	Sheet1	EUSTAPF								gentamicin	<=	4		
35756053	Table_2.XLSX	Sheet1	EUSTAPF								ciprofloxacin	<=	0.25		
35756053	Table_2.XLSX	Sheet1	EUSTAPF								piperacillin/tazobactam	<=	0.03		
35756053	Table_2.XLSX	Sheet1	EUSTAPF								cefoxitin	<=	0.25		
35756053	Table_2.XLSX	Sheet1	EUSTAPF								trimethoprim	<=	0.25		
35756053	Table_2.XLSX	Sheet1	EUSTAPF								sulfamethoxazole	=	1		mic_sign '=' inferred
35756053	Table_2.XLSX	Sheet1	EUSTAPF								cefpodoxime	<=	0.03		
35756053	Table_2.XLSX	Sheet1	EUSTAPF								ceftazidime	<=	0.5		
35756053	Table_2.XLSX	Sheet1	EUSTAPF								tobramycin	<=	0.25		
35756053	Table_2.XLSX	Sheet1	EUSTAPF								tigecycline	=	2		mic_sign '=' inferred
35756053	Table_2.XLSX	Sheet1	STP6F								amikacin	<=	1		
35756053	Table_2.XLSX	Sheet1	STP6F								ampicillin	=	0.06		mic_sign '=' inferred
35756053	Table_2.XLSX	Sheet1	STP6F								ampicillin/sulbactam	=	1		mic_sign '=' inferred
35756053	Table_2.XLSX	Sheet1	STP6F								aztreonam	<=	0.25		
35756053	Table_2.XLSX	Sheet1	STP6F								cefazolin	<=	0.25		
35756053	Table_2.XLSX	Sheet1	STP6F								cefepime	>	8		
35756053	Table_2.XLSX	Sheet1	STP6F								cephalothin	<=	0.5		
35756053	Table_2.XLSX	Sheet1	STP6F								meropenem	<=	0.25		
35756053	Table_2.XLSX	Sheet1	STP6F								ertapenem	<=	0.5		
35756053	Table_2.XLSX	Sheet1	STP6F								cefuroxime	<=	2/1		
35756053	Table_2.XLSX	Sheet1	STP6F								gentamicin	<=	0.5/9.5		
35756053	Table_2.XLSX	Sheet1	STP6F								piperacillin/tazobactam	<=	0.12		
35756053	Table_2.XLSX	Sheet1	STP6F								cefoxitin	=	1		mic_sign '=' inferred
35756053	Table_2.XLSX	Sheet1	STP6F								trimethoprim	<=	0.5		
35756053	Table_2.XLSX	Sheet1	STP6F								sulfamethoxazole	<=	0.12		
35756053	Table_2.XLSX	Sheet1	STP6F								cefpodoxime	<=	0.12		
35756053	Table_2.XLSX	Sheet1	STP6F								ceftazidime	=	0.5		mic_sign '=' inferred
35756053	Table_2.XLSX	Sheet1	STP6F								tobramycin	<=	0.5		
35756053	Table_2.XLSX	Sheet1	STP6F								tigecycline	=	4		mic_sign '=' inferred
35756053	Table_2.XLSX	Sheet1	STP6F								ticarcillin/clavulanic acid	=	0.03		mic_sign '=' inferred
35756053	Table_2.XLSX	Sheet1	STP6F								amikacin	<=	1		
35756053	Table_2.XLSX	Sheet1	STP6F								ampicillin	=	0.06		mic_sign '=' inferred
35756053	Table_2.XLSX	Sheet1	STP6F								ampicillin/sulbactam	=	1		mic_sign '=' inferred
35756053	Table_2.XLSX	Sheet1	STP6F								aztreonam	<=	0.25		
35756053	Table_2.XLSX	Sheet1	STP6F								cefazolin	<=	0.25		
35756053	Table_2.XLSX	Sheet1	STP6F								cefepime	<=	1		
35756053	Table_2.XLSX	Sheet1	STP6F								cephalothin	<=	0.5		
35756053	Table_2.XLSX	Sheet1	STP6F								meropenem	<=	0.25		
35756053	Table_2.XLSX	Sheet1	STP6F								ertapenem	<=	0.5		
35756053	Table_2.XLSX	Sheet1	STP6F								cefuroxime	<=	2/1		
35756053	Table_2.XLSX	Sheet1	STP6F								gentamicin	<=	0.5/9.5		
35756053	Table_2.XLSX	Sheet1	STP6F								piperacillin/tazobactam	<=	0.12		
35756053	Table_2.XLSX	Sheet1	STP6F								cefoxitin	=	1		mic_sign '=' inferred
35756053	Table_2.XLSX	Sheet1	STP6F								trimethoprim	<=	0.5		
35756053	Table_2.XLSX	Sheet1	STP6F								sulfamethoxazole	<=	0.12		
35756053	Table_2.XLSX	Sheet1	STP6F								cefpodoxime	<=	0.12		
35756053	Table_2.XLSX	Sheet1	STP6F								ceftazidime	=	0.25		mic_sign '=' inferred
35756053	Table_2.XLSX	Sheet1	STP6F								tobramycin	<=	0.5		
35756053	Table_2.XLSX	Sheet1	STP6F								tigecycline	=	2		mic_sign '=' inferred
35756053	Table_2.XLSX	Sheet1	STP6F								ticarcillin/clavulanic acid	<=	0.015		
35756053	Table_2.XLSX	Sheet1	STP6F								amikacin	<=	1		
35756053	Table_2.XLSX	Sheet1	STP6F								ampicillin	=	0.06		mic_sign '=' inferred
35756053	Table_2.XLSX	Sheet1	STP6F								ampicillin/sulbactam	=	1		mic_sign '=' inferred
35756053	Table_2.XLSX	Sheet1	STP6F								aztreonam	<=	0.25		
35756053	Table_2.XLSX	Sheet1	STP6F								cefazolin	<=	0.25		
35756053	Table_2.XLSX	Sheet1	STP6F								cefepime	<=	1		
35756053	Table_2.XLSX	Sheet1	STP6F								cephalothin	<=	0.5		
35756053	Table_2.XLSX	Sheet1	STP6F								meropenem	<=	0.25		
35756053	Table_2.XLSX	Sheet1	STP6F								ertapenem	<=	0.5		
35756053	Table_2.XLSX	Sheet1	STP6F								cefuroxime	<=	2/1		
35756053	Table_2.XLSX	Sheet1	STP6F								gentamicin	<=	0.5/9.5		
35756053	Table_2.XLSX	Sheet1	STP6F								piperacillin/tazobactam	<=	0.12		
35756053	Table_2.XLSX	Sheet1	STP6F								cefoxitin	=	1		mic_sign '=' inferred
35756053	Table_2.XLSX	Sheet1	STP6F								trimethoprim	<=	0.5		
35756053	Table_2.XLSX	Sheet1	STP6F								sulfamethoxazole	<=	0.12		
35756053	Table_2.XLSX	Sheet1	STP6F								cefpodoxime	<=	0.12		
35756053	Table_2.XLSX	Sheet1	STP6F								ceftazidime	=	0.25		mic_sign '=' inferred
35756053	Table_2.XLSX	Sheet1	STP6F								tobramycin	<=	0.5		
35756053	Table_2.XLSX	Sheet1	STP6F								tigecycline	=	2		mic_sign '=' inferred
35756053	Table_2.XLSX	Sheet1	STP6F								ticarcillin/clavulanic acid	=	0.03		mic_sign '=' inferred
35756053	Table_2.XLSX	Sheet1	STP6F								amikacin	<=	1		
35756053	Table_2.XLSX	Sheet1	STP6F								ampicillin	=	0.06		mic_sign '=' inferred
35756053	Table_2.XLSX	Sheet1	STP6F								ampicillin/sulbactam	=	1		mic_sign '=' inferred
35756053	Table_2.XLSX	Sheet1	STP6F								aztreonam	<=	0.25		
35756053	Table_2.XLSX	Sheet1	STP6F								cefazolin	>	2		
35756053	Table_2.XLSX	Sheet1	STP6F								cefepime	>	8		
35756053	Table_2.XLSX	Sheet1	STP6F								cephalothin	<=	0.5		
35756053	Table_2.XLSX	Sheet1	STP6F								meropenem	>	2		
35756053	Table_2.XLSX	Sheet1	STP6F								ertapenem	<=	0.5		
35756053	Table_2.XLSX	Sheet1	STP6F								cefuroxime	<=	2/1		
35756053	Table_2.XLSX	Sheet1	STP6F								gentamicin	<=	0.5/9.5		
35756053	Table_2.XLSX	Sheet1	STP6F								piperacillin/tazobactam	<=	0.12		
35756053	Table_2.XLSX	Sheet1	STP6F								cefoxitin	=	1		mic_sign '=' inferred
35756053	Table_2.XLSX	Sheet1	STP6F								trimethoprim	<=	0.5		
35756053	Table_2.XLSX	Sheet1	STP6F								sulfamethoxazole	<=	0.12		
35756053	Table_2.XLSX	Sheet1	STP6F								cefpodoxime	>	1		
35756053	Table_2.XLSX	Sheet1	STP6F								ceftazidime	=	0.25		mic_sign '=' inferred
35756053	Table_2.XLSX	Sheet1	STP6F								tobramycin	<=	0.5		
35756053	Table_2.XLSX	Sheet1	STP6F								tigecycline	=	8		mic_sign '=' inferred
35756053	Table_2.XLSX	Sheet1	STP6F								ticarcillin/clavulanic acid	=	0.03		mic_sign '=' inferred
35756053	Table_2.XLSX	Sheet1	STP6F								amikacin	=	2		mic_sign '=' inferred
35756053	Table_2.XLSX	Sheet1	STP6F								ampicillin	=	0.06		mic_sign '=' inferred
35756053	Table_2.XLSX	Sheet1	STP6F								ampicillin/sulbactam	>	4		
35756053	Table_2.XLSX	Sheet1	STP6F								aztreonam	<=	0.25		
35756053	Table_2.XLSX	Sheet1	STP6F								cefazolin	<=	0.25		
35756053	Table_2.XLSX	Sheet1	STP6F								cefepime	<=	1		
35756053	Table_2.XLSX	Sheet1	STP6F								cephalothin	<=	0.5		
35756053	Table_2.XLSX	Sheet1	STP6F								meropenem	<=	0.25		
35756053	Table_2.XLSX	Sheet1	STP6F								ertapenem	<=	0.5		
35756053	Table_2.XLSX	Sheet1	STP6F								cefuroxime	<=	2/1		
35756053	Table_2.XLSX	Sheet1	STP6F								gentamicin	<=	0.5/9.5		
35756053	Table_2.XLSX	Sheet1	STP6F								piperacillin/tazobactam	<=	0.12		
35756053	Table_2.XLSX	Sheet1	STP6F								cefoxitin	=	1		mic_sign '=' inferred
35756053	Table_2.XLSX	Sheet1	STP6F								trimethoprim	<=	0.5		
35756053	Table_2.XLSX	Sheet1	STP6F								sulfamethoxazole	<=	0.12		
35756053	Table_2.XLSX	Sheet1	STP6F								cefpodoxime	<=	0.12		
35756053	Table_2.XLSX	Sheet1	STP6F								ceftazidime	=	0.5		mic_sign '=' inferred
35756053	Table_2.XLSX	Sheet1	STP6F								tobramycin	<=	0.5		
35756053	Table_2.XLSX	Sheet1	STP6F								tigecycline	=	4		mic_sign '=' inferred
35756053	Table_2.XLSX	Sheet1	STP6F								ticarcillin/clavulanic acid	=	0.03		mic_sign '=' inferred
35756053	Table_2.XLSX	Sheet1	STP6F								amikacin	<=	1		
35756053	Table_2.XLSX	Sheet1	STP6F								ampicillin	=	0.06		mic_sign '=' inferred
35756053	Table_2.XLSX	Sheet1	STP6F								ampicillin/sulbactam	=	1		mic_sign '=' inferred
35756053	Table_2.XLSX	Sheet1	STP6F								aztreonam	<=	0.25		
35756053	Table_2.XLSX	Sheet1	STP6F								cefazolin	>	2		
35756053	Table_2.XLSX	Sheet1	STP6F								cefepime	>	8		
35756053	Table_2.XLSX	Sheet1	STP6F								cephalothin	<=	0.5		
35756053	Table_2.XLSX	Sheet1	STP6F								meropenem	>	2		
35756053	Table_2.XLSX	Sheet1	STP6F								ertapenem	<=	0.5		
35756053	Table_2.XLSX	Sheet1	STP6F								cefuroxime	<=	2/1		
35756053	Table_2.XLSX	Sheet1	STP6F								gentamicin	<=	0.5/9.5		
35756053	Table_2.XLSX	Sheet1	STP6F								piperacillin/tazobactam	<=	0.12		
35756053	Table_2.XLSX	Sheet1	STP6F								cefoxitin	=	1		mic_sign '=' inferred
35756053	Table_2.XLSX	Sheet1	STP6F								trimethoprim	<=	0.5		
35756053	Table_2.XLSX	Sheet1	STP6F								sulfamethoxazole	<=	0.12		
35756053	Table_2.XLSX	Sheet1	STP6F								cefpodoxime	<=	0.12		
35756053	Table_2.XLSX	Sheet1	STP6F								ceftazidime	=	0.5		mic_sign '=' inferred
35756053	Table_2.XLSX	Sheet1	STP6F								tobramycin	<=	0.5		
35756053	Table_2.XLSX	Sheet1	STP6F								tigecycline	=	2		mic_sign '=' inferred
35756053	Table_2.XLSX	Sheet1	STP6F								ticarcillin/clavulanic acid	=	0.03		mic_sign '=' inferred
35756053	Table_2.XLSX	Sheet1	STP6F								amikacin	<=	1		
35756053	Table_2.XLSX	Sheet1	STP6F								ampicillin	=	0.06		mic_sign '=' inferred
35756053	Table_2.XLSX	Sheet1	STP6F								ampicillin/sulbactam	=	1		mic_sign '=' inferred
35756053	Table_2.XLSX	Sheet1	STP6F								aztreonam	<=	0.25		
35756053	Table_2.XLSX	Sheet1	STP6F								cefazolin	>	2		
35756053	Table_2.XLSX	Sheet1	STP6F								cefepime	>	8		
35756053	Table_2.XLSX	Sheet1	STP6F								cephalothin	<=	0.5		
35756053	Table_2.XLSX	Sheet1	STP6F								meropenem	>	2		
35756053	Table_2.XLSX	Sheet1	STP6F								ertapenem	<=	0.5		
35756053	Table_2.XLSX	Sheet1	STP6F								cefuroxime	<=	2/1		
35756053	Table_2.XLSX	Sheet1	STP6F								gentamicin	<=	0.5/9.5		
35756053	Table_2.XLSX	Sheet1	STP6F								piperacillin/tazobactam	<=	0.12		
35756053	Table_2.XLSX	Sheet1	STP6F								cefoxitin	=	1		mic_sign '=' inferred
35756053	Table_2.XLSX	Sheet1	STP6F								trimethoprim	<=	0.5		
35756053	Table_2.XLSX	Sheet1	STP6F								sulfamethoxazole	<=	0.12		
35756053	Table_2.XLSX	Sheet1	STP6F								cefpodoxime	>	1		
35756053	Table_2.XLSX	Sheet1	STP6F								ceftazidime	=	0.5		mic_sign '=' inferred
35756053	Table_2.XLSX	Sheet1	STP6F								tobramycin	<=	0.5		
35756053	Table_2.XLSX	Sheet1	STP6F								tigecycline	=	4		mic_sign '=' inferred
35756053	Table_2.XLSX	Sheet1	STP6F								ticarcillin/clavulanic acid	=	0.03		mic_sign '=' inferred
35756053	Table_2.XLSX	Sheet1	STP6F								amikacin	<=	1		
35756053	Table_2.XLSX	Sheet1	STP6F								ampicillin	<=	0.03		
35756053	Table_2.XLSX	Sheet1	STP6F								ampicillin/sulbactam	=	1		mic_sign '=' inferred
35756053	Table_2.XLSX	Sheet1	STP6F								aztreonam	<=	0.25		
35756053	Table_2.XLSX	Sheet1	STP6F								cefazolin	<=	0.25		
35756053	Table_2.XLSX	Sheet1	STP6F								cefepime	>	8		
35756053	Table_2.XLSX	Sheet1	STP6F								cephalothin	<=	0.5		
35756053	Table_2.XLSX	Sheet1	STP6F								meropenem	<=	0.25		
35756053	Table_2.XLSX	Sheet1	STP6F								ertapenem	<=	0.5		
35756053	Table_2.XLSX	Sheet1	STP6F								cefuroxime	<=	2/1		
35756053	Table_2.XLSX	Sheet1	STP6F								gentamicin	<=	0.5/9.5		
35756053	Table_2.XLSX	Sheet1	STP6F								piperacillin/tazobactam	<=	0.12		
35756053	Table_2.XLSX	Sheet1	STP6F								cefoxitin	=	2		mic_sign '=' inferred
35756053	Table_2.XLSX	Sheet1	STP6F								trimethoprim	<=	0.5		
35756053	Table_2.XLSX	Sheet1	STP6F								sulfamethoxazole	<=	0.12		
35756053	Table_2.XLSX	Sheet1	STP6F								cefpodoxime	<=	0.12		
35756053	Table_2.XLSX	Sheet1	STP6F								ceftazidime	=	0.25		mic_sign '=' inferred
35756053	Table_2.XLSX	Sheet1	STP6F								tobramycin	<=	0.5		
35756053	Table_2.XLSX	Sheet1	STP6F								tigecycline	=	4		mic_sign '=' inferred
35756053	Table_2.XLSX	Sheet1	STP6F								ticarcillin/clavulanic acid	=	0.03		mic_sign '=' inferred
35756053	Table_2.XLSX	Sheet1	STP6F								amikacin	<=	1		
35756053	Table_2.XLSX	Sheet1	STP6F								ampicillin	=	0.06		mic_sign '=' inferred
35756053	Table_2.XLSX	Sheet1	STP6F								ampicillin/sulbactam	<=	0.5		
35756053	Table_2.XLSX	Sheet1	STP6F								aztreonam	<=	0.25		
35756053	Table_2.XLSX	Sheet1	STP6F								cefazolin	<=	0.25		
35756053	Table_2.XLSX	Sheet1	STP6F								cefepime	>	8		
35756053	Table_2.XLSX	Sheet1	STP6F								cephalothin	<=	0.5		
35756053	Table_2.XLSX	Sheet1	STP6F								meropenem	<=	0.25		
35756053	Table_2.XLSX	Sheet1	STP6F								ertapenem	<=	0.5		
35756053	Table_2.XLSX	Sheet1	STP6F								cefuroxime	<=	2/1		
35756053	Table_2.XLSX	Sheet1	STP6F								gentamicin	<=	0.5/9.5		
35756053	Table_2.XLSX	Sheet1	STP6F								piperacillin/tazobactam	<=	0.12		
35756053	Table_2.XLSX	Sheet1	STP6F								cefoxitin	=	1		mic_sign '=' inferred
35756053	Table_2.XLSX	Sheet1	STP6F								trimethoprim	<=	0.5		
35756053	Table_2.XLSX	Sheet1	STP6F								sulfamethoxazole	<=	0.12		
35756053	Table_2.XLSX	Sheet1	STP6F								cefpodoxime	<=	0.12		
35756053	Table_2.XLSX	Sheet1	STP6F								ceftazidime	=	0.5		mic_sign '=' inferred
35756053	Table_2.XLSX	Sheet1	STP6F								tobramycin	<=	0.5		
35756053	Table_2.XLSX	Sheet1	STP6F								tigecycline	=	2		mic_sign '=' inferred
35756053	Table_2.XLSX	Sheet1	STP6F								ticarcillin/clavulanic acid	=	0.03		mic_sign '=' inferred
35756053	Table_2.XLSX	Sheet1	STP6F								amikacin	<=	1		
35756053	Table_2.XLSX	Sheet1	STP6F								ampicillin	=	0.06		mic_sign '=' inferred
35756053	Table_2.XLSX	Sheet1	STP6F								ampicillin/sulbactam	=	1		mic_sign '=' inferred
35756053	Table_2.XLSX	Sheet1	STP6F								aztreonam	<=	0.25		
35756053	Table_2.XLSX	Sheet1	STP6F								cefazolin	<=	0.25		
35756053	Table_2.XLSX	Sheet1	STP6F								cefepime	<=	1		
35756053	Table_2.XLSX	Sheet1	STP6F								cephalothin	<=	0.5		
35756053	Table_2.XLSX	Sheet1	STP6F								meropenem	<=	0.25		
35756053	Table_2.XLSX	Sheet1	STP6F								ertapenem	<=	0.5		
35756053	Table_2.XLSX	Sheet1	STP6F								cefuroxime	<=	2/1		
35756053	Table_2.XLSX	Sheet1	STP6F								gentamicin	<=	0.5/9.5		
35756053	Table_2.XLSX	Sheet1	STP6F								piperacillin/tazobactam	<=	0.12		
35756053	Table_2.XLSX	Sheet1	STP6F								cefoxitin	=	1		mic_sign '=' inferred
35756053	Table_2.XLSX	Sheet1	STP6F								trimethoprim	<=	0.5		
35756053	Table_2.XLSX	Sheet1	STP6F								sulfamethoxazole	<=	0.12		
35756053	Table_2.XLSX	Sheet1	STP6F								cefpodoxime	<=	0.12		
35756053	Table_2.XLSX	Sheet1	STP6F								ceftazidime	=	0.25		mic_sign '=' inferred
35756053	Table_2.XLSX	Sheet1	STP6F								tobramycin	<=	0.5		
35756053	Table_2.XLSX	Sheet1	STP6F								tigecycline	=	2		mic_sign '=' inferred
35756053	Table_2.XLSX	Sheet1	STP6F								ticarcillin/clavulanic acid	=	0.03		mic_sign '=' inferred
35756053	Table_2.XLSX	Sheet1	STP6F								amikacin	<=	1		
35756053	Table_2.XLSX	Sheet1	STP6F								ampicillin	=	0.06		mic_sign '=' inferred
35756053	Table_2.XLSX	Sheet1	STP6F								ampicillin/sulbactam	=	1		mic_sign '=' inferred
35756053	Table_2.XLSX	Sheet1	STP6F								aztreonam	<=	0.25		
35756053	Table_2.XLSX	Sheet1	STP6F								cefazolin	<=	0.25		
35756053	Table_2.XLSX	Sheet1	STP6F								cefepime	<=	1		
35756053	Table_2.XLSX	Sheet1	STP6F								cephalothin	<=	0.5		
35756053	Table_2.XLSX	Sheet1	STP6F								meropenem	<=	0.25		
35756053	Table_2.XLSX	Sheet1	STP6F								ertapenem	<=	0.5		
35756053	Table_2.XLSX	Sheet1	STP6F								cefuroxime	<=	2/1		
35756053	Table_2.XLSX	Sheet1	STP6F								gentamicin	<=	0.5/9.5		
35756053	Table_2.XLSX	Sheet1	STP6F								piperacillin/tazobactam	<=	0.12		
35756053	Table_2.XLSX	Sheet1	STP6F								cefoxitin	=	1		mic_sign '=' inferred
35756053	Table_2.XLSX	Sheet1	STP6F								trimethoprim	<=	0.5		
35756053	Table_2.XLSX	Sheet1	STP6F								sulfamethoxazole	<=	0.12		
35756053	Table_2.XLSX	Sheet1	STP6F								cefpodoxime	<=	0.12		
35756053	Table_2.XLSX	Sheet1	STP6F								ceftazidime	=	0.25		mic_sign '=' inferred
35756053	Table_2.XLSX	Sheet1	STP6F								tobramycin	<=	0.5		
35756053	Table_2.XLSX	Sheet1	STP6F								tigecycline	=	4		mic_sign '=' inferred
35756053	Table_2.XLSX	Sheet1	STP6F								ticarcillin/clavulanic acid	<=	0.015		
35756053	Table_2.XLSX	Sheet1	STP6F								amikacin	<=	1		
35756053	Table_2.XLSX	Sheet1	STP6F								ampicillin	=	0.06		mic_sign '=' inferred
35756053	Table_2.XLSX	Sheet1	STP6F								ampicillin/sulbactam	=	1		mic_sign '=' inferred
35756053	Table_2.XLSX	Sheet1	STP6F								aztreonam	<=	0.25		
35756053	Table_2.XLSX	Sheet1	STP6F								cefazolin	<=	0.25		
35756053	Table_2.XLSX	Sheet1	STP6F								cefepime	>	8		
35756053	Table_2.XLSX	Sheet1	STP6F								cephalothin	<=	0.5		
35756053	Table_2.XLSX	Sheet1	STP6F								meropenem	<=	0.25		
35756053	Table_2.XLSX	Sheet1	STP6F								ertapenem	<=	0.5		
35756053	Table_2.XLSX	Sheet1	STP6F								cefuroxime	<=	2/1		
35756053	Table_2.XLSX	Sheet1	STP6F								gentamicin	<=	0.5/9.5		
35756053	Table_2.XLSX	Sheet1	STP6F								piperacillin/tazobactam	<=	0.12		
35756053	Table_2.XLSX	Sheet1	STP6F								cefoxitin	=	1		mic_sign '=' inferred
35756053	Table_2.XLSX	Sheet1	STP6F								trimethoprim	<=	0.5		
35756053	Table_2.XLSX	Sheet1	STP6F								sulfamethoxazole	<=	0.12		
35756053	Table_2.XLSX	Sheet1	STP6F								cefpodoxime	<=	0.12		
35756053	Table_2.XLSX	Sheet1	STP6F								ceftazidime	=	0.25		mic_sign '=' inferred
35756053	Table_2.XLSX	Sheet1	STP6F								tobramycin	<=	0.5		
35756053	Table_2.XLSX	Sheet1	STP6F								tigecycline	=	4		mic_sign '=' inferred
35756053	Table_2.XLSX	Sheet1	STP6F								ticarcillin/clavulanic acid	=	0.03		mic_sign '=' inferred
35756053	Table_2.XLSX	Sheet1	STP6F								amikacin	<=	1		
35756053	Table_2.XLSX	Sheet1	STP6F								ampicillin	=	0.06		mic_sign '=' inferred
35756053	Table_2.XLSX	Sheet1	STP6F								ampicillin/sulbactam	=	1		mic_sign '=' inferred
35756053	Table_2.XLSX	Sheet1	STP6F								aztreonam	<=	0.25		
35756053	Table_2.XLSX	Sheet1	STP6F								cefazolin	<=	0.25		
35756053	Table_2.XLSX	Sheet1	STP6F								cefepime	>	8		
35756053	Table_2.XLSX	Sheet1	STP6F								cephalothin	<=	0.5		
35756053	Table_2.XLSX	Sheet1	STP6F								meropenem	<=	0.25		
35756053	Table_2.XLSX	Sheet1	STP6F								ertapenem	<=	0.5		
35756053	Table_2.XLSX	Sheet1	STP6F								cefuroxime	<=	2/1		
35756053	Table_2.XLSX	Sheet1	STP6F								gentamicin	<=	0.5/9.5		
35756053	Table_2.XLSX	Sheet1	STP6F								piperacillin/tazobactam	<=	0.12		
35756053	Table_2.XLSX	Sheet1	STP6F								cefoxitin	=	1		mic_sign '=' inferred
35756053	Table_2.XLSX	Sheet1	STP6F								trimethoprim	<=	0.5		
35756053	Table_2.XLSX	Sheet1	STP6F								sulfamethoxazole	<=	0.12		
35756053	Table_2.XLSX	Sheet1	STP6F								cefpodoxime	<=	0.12		
35756053	Table_2.XLSX	Sheet1	STP6F								ceftazidime	=	0.25		mic_sign '=' inferred
35756053	Table_2.XLSX	Sheet1	STP6F								tobramycin	<=	0.5		
35756053	Table_2.XLSX	Sheet1	STP6F								tigecycline	=	4		mic_sign '=' inferred
35756053	Table_2.XLSX	Sheet1	STP6F								ticarcillin/clavulanic acid	=	0.03		mic_sign '=' inferred
35756053	Table_2.XLSX	Sheet1	STP6F								amikacin	<=	1		
35756053	Table_2.XLSX	Sheet1	STP6F								ampicillin	=	0.06		mic_sign '=' inferred
35756053	Table_2.XLSX	Sheet1	STP6F								ampicillin/sulbactam	=	1		mic_sign '=' inferred
35756053	Table_2.XLSX	Sheet1	STP6F								aztreonam	<=	0.25		
35756053	Table_2.XLSX	Sheet1	STP6F								cefazolin	>	2		
35756053	Table_2.XLSX	Sheet1	STP6F								cefepime	<=	1		
35756053	Table_2.XLSX	Sheet1	STP6F								cephalothin	<=	0.5		
35756053	Table_2.XLSX	Sheet1	STP6F								meropenem	>	2		
35756053	Table_2.XLSX	Sheet1	STP6F								ertapenem	<=	0.5		
35756053	Table_2.XLSX	Sheet1	STP6F								cefuroxime	<=	2/1		
35756053	Table_2.XLSX	Sheet1	STP6F								gentamicin	<=	0.5/9.5		
35756053	Table_2.XLSX	Sheet1	STP6F								piperacillin/tazobactam	<=	0.12		
35756053	Table_2.XLSX	Sheet1	STP6F								cefoxitin	=	1		mic_sign '=' inferred
35756053	Table_2.XLSX	Sheet1	STP6F								trimethoprim	<=	0.5		
35756053	Table_2.XLSX	Sheet1	STP6F								sulfamethoxazole	<=	0.12		
35756053	Table_2.XLSX	Sheet1	STP6F								cefpodoxime	>	1		
35756053	Table_2.XLSX	Sheet1	STP6F								ceftazidime	=	0.25		mic_sign '=' inferred
35756053	Table_2.XLSX	Sheet1	STP6F								tobramycin	<=	0.5		
35756053	Table_2.XLSX	Sheet1	STP6F								tigecycline	=	4		mic_sign '=' inferred
35756053	Table_2.XLSX	Sheet1	STP6F								ticarcillin/clavulanic acid	<=	0.015		
35756053	Table_2.XLSX	Sheet1	STP6F								amikacin	<=	1		
35756053	Table_2.XLSX	Sheet1	STP6F								ampicillin	<=	0.03		
35756053	Table_2.XLSX	Sheet1	STP6F								ampicillin/sulbactam	=	1		mic_sign '=' inferred
35756053	Table_2.XLSX	Sheet1	STP6F								aztreonam	<=	0.25		
35756053	Table_2.XLSX	Sheet1	STP6F								cefazolin	>	2		
35756053	Table_2.XLSX	Sheet1	STP6F								cefepime	>	8		
35756053	Table_2.XLSX	Sheet1	STP6F								cephalothin	<=	0.5		
35756053	Table_2.XLSX	Sheet1	STP6F								meropenem	>	2		
35756053	Table_2.XLSX	Sheet1	STP6F								ertapenem	<=	0.5		
35756053	Table_2.XLSX	Sheet1	STP6F								cefuroxime	<=	2/1		
35756053	Table_2.XLSX	Sheet1	STP6F								gentamicin	<=	0.5/9.5		
35756053	Table_2.XLSX	Sheet1	STP6F								piperacillin/tazobactam	<=	0.12		
35756053	Table_2.XLSX	Sheet1	STP6F								cefoxitin	=	1		mic_sign '=' inferred
35756053	Table_2.XLSX	Sheet1	STP6F								trimethoprim	<=	0.5		
35756053	Table_2.XLSX	Sheet1	STP6F								sulfamethoxazole	<=	0.12		
35756053	Table_2.XLSX	Sheet1	STP6F								cefpodoxime	>	1		
35756053	Table_2.XLSX	Sheet1	STP6F								ceftazidime	=	0.25		mic_sign '=' inferred
35756053	Table_2.XLSX	Sheet1	STP6F								tobramycin	<=	0.5		
35756053	Table_2.XLSX	Sheet1	STP6F								tigecycline	=	4		mic_sign '=' inferred
35756053	Table_2.XLSX	Sheet1	STP6F								ticarcillin/clavulanic acid	=	0.03		mic_sign '=' inferred
35756053	Table_2.XLSX	Sheet1	STP6F								amikacin	<=	1		
35756053	Table_2.XLSX	Sheet1	STP6F								ampicillin	=	0.06		mic_sign '=' inferred
35756053	Table_2.XLSX	Sheet1	STP6F								ampicillin/sulbactam	=	1		mic_sign '=' inferred
35756053	Table_2.XLSX	Sheet1	STP6F								aztreonam	<=	0.25		
35756053	Table_2.XLSX	Sheet1	STP6F								cefazolin	>	2		
35756053	Table_2.XLSX	Sheet1	STP6F								cefepime	>	8		
35756053	Table_2.XLSX	Sheet1	STP6F								cephalothin	<=	0.5		
35756053	Table_2.XLSX	Sheet1	STP6F								meropenem	=	2		mic_sign '=' inferred
35756053	Table_2.XLSX	Sheet1	STP6F								ertapenem	<=	0.5		
35756053	Table_2.XLSX	Sheet1	STP6F								cefuroxime	<=	2/1		
35756053	Table_2.XLSX	Sheet1	STP6F								gentamicin	<=	0.5/9.5		
35756053	Table_2.XLSX	Sheet1	STP6F								piperacillin/tazobactam	<=	0.12		
35756053	Table_2.XLSX	Sheet1	STP6F								cefoxitin	=	1		mic_sign '=' inferred
35756053	Table_2.XLSX	Sheet1	STP6F								trimethoprim	<=	0.5		
35756053	Table_2.XLSX	Sheet1	STP6F								sulfamethoxazole	<=	0.12		
35756053	Table_2.XLSX	Sheet1	STP6F								cefpodoxime	<=	0.12		
35756053	Table_2.XLSX	Sheet1	STP6F								ceftazidime	=	0.25		mic_sign '=' inferred
35756053	Table_2.XLSX	Sheet1	STP6F								tobramycin	<=	0.5		
35756053	Table_2.XLSX	Sheet1	STP6F								tigecycline	=	4		mic_sign '=' inferred
35756053	Table_2.XLSX	Sheet1	STP6F								ticarcillin/clavulanic acid	=	0.03		mic_sign '=' inferred
35756053	Table_2.XLSX	Sheet1	STP6F								amikacin	<=	1		
35756053	Table_2.XLSX	Sheet1	STP6F								ampicillin	=	0.06		mic_sign '=' inferred
35756053	Table_2.XLSX	Sheet1	STP6F								ampicillin/sulbactam	=	1		mic_sign '=' inferred
35756053	Table_2.XLSX	Sheet1	STP6F								aztreonam	<=	0.25		
35756053	Table_2.XLSX	Sheet1	STP6F								cefazolin	<=	0.25		
35756053	Table_2.XLSX	Sheet1	STP6F								cefepime	>	8		
35756053	Table_2.XLSX	Sheet1	STP6F								cephalothin	<=	0.5		
35756053	Table_2.XLSX	Sheet1	STP6F								meropenem	<=	0.25		
35756053	Table_2.XLSX	Sheet1	STP6F								ertapenem	<=	0.5		
35756053	Table_2.XLSX	Sheet1	STP6F								cefuroxime	<=	2/1		
35756053	Table_2.XLSX	Sheet1	STP6F								gentamicin	<=	0.5/9.5		
35756053	Table_2.XLSX	Sheet1	STP6F								piperacillin/tazobactam	<=	0.12		
35756053	Table_2.XLSX	Sheet1	STP6F								cefoxitin	=	1		mic_sign '=' inferred
35756053	Table_2.XLSX	Sheet1	STP6F								trimethoprim	<=	0.5		
35756053	Table_2.XLSX	Sheet1	STP6F								sulfamethoxazole	<=	0.12		
35756053	Table_2.XLSX	Sheet1	STP6F								cefpodoxime	<=	0.12		
35756053	Table_2.XLSX	Sheet1	STP6F								ceftazidime	=	0.5		mic_sign '=' inferred
35756053	Table_2.XLSX	Sheet1	STP6F								tobramycin	<=	0.5		
35756053	Table_2.XLSX	Sheet1	STP6F								tigecycline	=	4		mic_sign '=' inferred
35756053	Table_2.XLSX	Sheet1	STP6F								ticarcillin/clavulanic acid	=	0.03		mic_sign '=' inferred
35756053	Table_2.XLSX	Sheet1	STP6F								amikacin	<=	1		
35756053	Table_2.XLSX	Sheet1	STP6F								ampicillin	=	0.06		mic_sign '=' inferred
35756053	Table_2.XLSX	Sheet1	STP6F								ampicillin/sulbactam	=	1		mic_sign '=' inferred
35756053	Table_2.XLSX	Sheet1	STP6F								aztreonam	<=	0.25		
35756053	Table_2.XLSX	Sheet1	STP6F								cefazolin	<=	0.25		
35756053	Table_2.XLSX	Sheet1	STP6F								cefepime	>	8		
35756053	Table_2.XLSX	Sheet1	STP6F								cephalothin	<=	0.5		
35756053	Table_2.XLSX	Sheet1	STP6F								meropenem	<=	0.25		
35756053	Table_2.XLSX	Sheet1	STP6F								ertapenem	<=	0.5		
35756053	Table_2.XLSX	Sheet1	STP6F								cefuroxime	<=	2/1		
35756053	Table_2.XLSX	Sheet1	STP6F								gentamicin	<=	0.5/9.5		
35756053	Table_2.XLSX	Sheet1	STP6F								piperacillin/tazobactam	<=	0.12		
35756053	Table_2.XLSX	Sheet1	STP6F								cefoxitin	=	1		mic_sign '=' inferred
35756053	Table_2.XLSX	Sheet1	STP6F								trimethoprim	<=	0.5		
35756053	Table_2.XLSX	Sheet1	STP6F								sulfamethoxazole	<=	0.12		
35756053	Table_2.XLSX	Sheet1	STP6F								cefpodoxime	<=	0.12		
35756053	Table_2.XLSX	Sheet1	STP6F								ceftazidime	=	0.25		mic_sign '=' inferred
35756053	Table_2.XLSX	Sheet1	STP6F								tobramycin	<=	0.5		
35756053	Table_2.XLSX	Sheet1	STP6F								tigecycline	=	4		mic_sign '=' inferred
35756053	Table_2.XLSX	Sheet1	STP6F								ticarcillin/clavulanic acid	=	0.03		mic_sign '=' inferred
35756053	Table_2.XLSX	Sheet1	STP6F								amikacin	<=	1		
35756053	Table_2.XLSX	Sheet1	STP6F								ampicillin	=	0.06		mic_sign '=' inferred
35756053	Table_2.XLSX	Sheet1	STP6F								ampicillin/sulbactam	<=	0.5		
35756053	Table_2.XLSX	Sheet1	STP6F								aztreonam	<=	0.25		
35756053	Table_2.XLSX	Sheet1	STP6F								cefazolin	>	2		
35756053	Table_2.XLSX	Sheet1	STP6F								cefepime	<=	1		
35756053	Table_2.XLSX	Sheet1	STP6F								cephalothin	<=	0.5		
35756053	Table_2.XLSX	Sheet1	STP6F								meropenem	=	2		mic_sign '=' inferred
35756053	Table_2.XLSX	Sheet1	STP6F								ertapenem	<=	0.5		
35756053	Table_2.XLSX	Sheet1	STP6F								cefuroxime	<=	2/1		
35756053	Table_2.XLSX	Sheet1	STP6F								gentamicin	<=	0.5/9.5		
35756053	Table_2.XLSX	Sheet1	STP6F								piperacillin/tazobactam	<=	0.12		
35756053	Table_2.XLSX	Sheet1	STP6F								cefoxitin	=	1		mic_sign '=' inferred
35756053	Table_2.XLSX	Sheet1	STP6F								trimethoprim	<=	0.5		
35756053	Table_2.XLSX	Sheet1	STP6F								sulfamethoxazole	<=	0.12		
35756053	Table_2.XLSX	Sheet1	STP6F								cefpodoxime	<=	0.12		
35756053	Table_2.XLSX	Sheet1	STP6F								ceftazidime	=	0.5		mic_sign '=' inferred
35756053	Table_2.XLSX	Sheet1	STP6F								tobramycin	<=	0.5		
35756053	Table_2.XLSX	Sheet1	STP6F								tigecycline	=	2		mic_sign '=' inferred
35756053	Table_2.XLSX	Sheet1	STP6F								ticarcillin/clavulanic acid	=	0.03		mic_sign '=' inferred
35756053	Table_2.XLSX	Sheet1	STP6F								amikacin	<=	1		
35756053	Table_2.XLSX	Sheet1	STP6F								ampicillin	=	0.06		mic_sign '=' inferred
35756053	Table_2.XLSX	Sheet1	STP6F								ampicillin/sulbactam	=	1		mic_sign '=' inferred
35756053	Table_2.XLSX	Sheet1	STP6F								aztreonam	<=	0.25		
35756053	Table_2.XLSX	Sheet1	STP6F								cefazolin	<=	0.25		
35756053	Table_2.XLSX	Sheet1	STP6F								cefepime	<=	1		
35756053	Table_2.XLSX	Sheet1	STP6F								cephalothin	<=	0.5		
35756053	Table_2.XLSX	Sheet1	STP6F								meropenem	<=	0.25		
35756053	Table_2.XLSX	Sheet1	STP6F								ertapenem	<=	0.5		
35756053	Table_2.XLSX	Sheet1	STP6F								cefuroxime	<=	2/1		
35756053	Table_2.XLSX	Sheet1	STP6F								gentamicin	<=	0.5/9.5		
35756053	Table_2.XLSX	Sheet1	STP6F								piperacillin/tazobactam	<=	0.12		
35756053	Table_2.XLSX	Sheet1	STP6F								cefoxitin	=	1		mic_sign '=' inferred
35756053	Table_2.XLSX	Sheet1	STP6F								trimethoprim	<=	0.5		
35756053	Table_2.XLSX	Sheet1	STP6F								sulfamethoxazole	<=	0.12		
35756053	Table_2.XLSX	Sheet1	STP6F								cefpodoxime	<=	0.12		
35756053	Table_2.XLSX	Sheet1	STP6F								ceftazidime	=	0.25		mic_sign '=' inferred
35756053	Table_2.XLSX	Sheet1	STP6F								tobramycin	<=	0.5		
35756053	Table_2.XLSX	Sheet1	STP6F								tigecycline	=	4		mic_sign '=' inferred
35756053	Table_2.XLSX	Sheet1	STP6F								ticarcillin/clavulanic acid	=	0.03		mic_sign '=' inferred
35756053	Table_2.XLSX	Sheet1	STP6F								amikacin	<=	1		
35756053	Table_2.XLSX	Sheet1	STP6F								ampicillin	=	0.06		mic_sign '=' inferred
35756053	Table_2.XLSX	Sheet1	STP6F								ampicillin/sulbactam	=	1		mic_sign '=' inferred
35756053	Table_2.XLSX	Sheet1	STP6F								aztreonam	<=	0.25		
35756053	Table_2.XLSX	Sheet1	STP6F								cefazolin	>	2		
35756053	Table_2.XLSX	Sheet1	STP6F								cefepime	>	8		
35756053	Table_2.XLSX	Sheet1	STP6F								cephalothin	<=	0.5		
35756053	Table_2.XLSX	Sheet1	STP6F								meropenem	>	2		
35756053	Table_2.XLSX	Sheet1	STP6F								ertapenem	<=	0.5		
35756053	Table_2.XLSX	Sheet1	STP6F								cefuroxime	<=	2/1		
35756053	Table_2.XLSX	Sheet1	STP6F								gentamicin	<=	0.5/9.5		
35756053	Table_2.XLSX	Sheet1	STP6F								piperacillin/tazobactam	<=	0.12		
35756053	Table_2.XLSX	Sheet1	STP6F								cefoxitin	=	1		mic_sign '=' inferred
35756053	Table_2.XLSX	Sheet1	STP6F								trimethoprim	<=	0.5		
35756053	Table_2.XLSX	Sheet1	STP6F								sulfamethoxazole	<=	0.12		
35756053	Table_2.XLSX	Sheet1	STP6F								cefpodoxime	<=	0.12		
35756053	Table_2.XLSX	Sheet1	STP6F								ceftazidime	=	0.25		mic_sign '=' inferred
35756053	Table_2.XLSX	Sheet1	STP6F								tobramycin	<=	0.5		
35756053	Table_2.XLSX	Sheet1	STP6F								tigecycline	=	4		mic_sign '=' inferred
35756053	Table_2.XLSX	Sheet1	STP6F								ticarcillin/clavulanic acid	=	0.03		mic_sign '=' inferred
35756053	Table_2.XLSX	Sheet1	STP6F								amikacin	<=	1		
35756053	Table_2.XLSX	Sheet1	STP6F								ampicillin	=	0.06		mic_sign '=' inferred
35756053	Table_2.XLSX	Sheet1	STP6F								ampicillin/sulbactam	=	1		mic_sign '=' inferred
35756053	Table_2.XLSX	Sheet1	STP6F								aztreonam	<=	0.25		
35756053	Table_2.XLSX	Sheet1	STP6F								cefazolin	<=	0.25		
35756053	Table_2.XLSX	Sheet1	STP6F								cefepime	<=	1		
35756053	Table_2.XLSX	Sheet1	STP6F								cephalothin	<=	0.5		
35756053	Table_2.XLSX	Sheet1	STP6F								meropenem	<=	0.25		
35756053	Table_2.XLSX	Sheet1	STP6F								ertapenem	<=	0.5		
35756053	Table_2.XLSX	Sheet1	STP6F								cefuroxime	<=	2/1		
35756053	Table_2.XLSX	Sheet1	STP6F								gentamicin	<=	0.5/9.5		
35756053	Table_2.XLSX	Sheet1	STP6F								piperacillin/tazobactam	<=	0.12		
35756053	Table_2.XLSX	Sheet1	STP6F								cefoxitin	=	1		mic_sign '=' inferred
35756053	Table_2.XLSX	Sheet1	STP6F								trimethoprim	<=	0.5		
35756053	Table_2.XLSX	Sheet1	STP6F								sulfamethoxazole	<=	0.12		
35756053	Table_2.XLSX	Sheet1	STP6F								cefpodoxime	<=	0.12		
35756053	Table_2.XLSX	Sheet1	STP6F								ceftazidime	=	0.25		mic_sign '=' inferred
35756053	Table_2.XLSX	Sheet1	STP6F								tobramycin	<=	0.5		
35756053	Table_2.XLSX	Sheet1	STP6F								tigecycline	=	2		mic_sign '=' inferred
35756053	Table_2.XLSX	Sheet1	STP6F								ticarcillin/clavulanic acid	<=	0.015		
35756053	Table_2.XLSX	Sheet1	STP6F								amikacin	<=	1		
35756053	Table_2.XLSX	Sheet1	STP6F								ampicillin	=	0.06		mic_sign '=' inferred
35756053	Table_2.XLSX	Sheet1	STP6F								ampicillin/sulbactam	=	1		mic_sign '=' inferred
35756053	Table_2.XLSX	Sheet1	STP6F								aztreonam	<=	0.25		
35756053	Table_2.XLSX	Sheet1	STP6F								cefazolin	<=	0.25		
35756053	Table_2.XLSX	Sheet1	STP6F								cefepime	>	8		
35756053	Table_2.XLSX	Sheet1	STP6F								cephalothin	<=	0.5		
35756053	Table_2.XLSX	Sheet1	STP6F								meropenem	<=	0.25		
35756053	Table_2.XLSX	Sheet1	STP6F								ertapenem	<=	0.5		
35756053	Table_2.XLSX	Sheet1	STP6F								cefuroxime	<=	2/1		
35756053	Table_2.XLSX	Sheet1	STP6F								gentamicin	<=	0.5/9.5		
35756053	Table_2.XLSX	Sheet1	STP6F								piperacillin/tazobactam	<=	0.12		
35756053	Table_2.XLSX	Sheet1	STP6F								cefoxitin	=	2		mic_sign '=' inferred
35756053	Table_2.XLSX	Sheet1	STP6F								trimethoprim	<=	0.5		
35756053	Table_2.XLSX	Sheet1	STP6F								sulfamethoxazole	<=	0.12		
35756053	Table_2.XLSX	Sheet1	STP6F								cefpodoxime	<=	0.12		
35756053	Table_2.XLSX	Sheet1	STP6F								ceftazidime	=	0.25		mic_sign '=' inferred
35756053	Table_2.XLSX	Sheet1	STP6F								tobramycin	<=	0.5		
35756053	Table_2.XLSX	Sheet1	STP6F								tigecycline	=	4		mic_sign '=' inferred
35756053	Table_2.XLSX	Sheet1	STP6F								ticarcillin/clavulanic acid	=	0.03		mic_sign '=' inferred
35756053	Table_2.XLSX	Sheet1	STP6F								amikacin	<=	1		
35756053	Table_2.XLSX	Sheet1	STP6F								ampicillin	<=	0.03		
35756053	Table_2.XLSX	Sheet1	STP6F								ampicillin/sulbactam	=	1		mic_sign '=' inferred
35756053	Table_2.XLSX	Sheet1	STP6F								aztreonam	<=	0.25		
35756053	Table_2.XLSX	Sheet1	STP6F								cefazolin	<=	0.25		
35756053	Table_2.XLSX	Sheet1	STP6F								cefepime	<	1		
35756053	Table_2.XLSX	Sheet1	STP6F								cephalothin	<=	0.5		
35756053	Table_2.XLSX	Sheet1	STP6F								meropenem	<=	0.25		
35756053	Table_2.XLSX	Sheet1	STP6F								ertapenem	<=	0.5		
35756053	Table_2.XLSX	Sheet1	STP6F								cefuroxime	<=	2/1		
35756053	Table_2.XLSX	Sheet1	STP6F								gentamicin	<=	0.5/9.5		
35756053	Table_2.XLSX	Sheet1	STP6F								piperacillin/tazobactam	<=	0.12		
35756053	Table_2.XLSX	Sheet1	STP6F								cefoxitin	=	2		mic_sign '=' inferred
35756053	Table_2.XLSX	Sheet1	STP6F								trimethoprim	<=	0.5		
35756053	Table_2.XLSX	Sheet1	STP6F								sulfamethoxazole	<=	0.12		
35756053	Table_2.XLSX	Sheet1	STP6F								cefpodoxime	<=	0.12		
35756053	Table_2.XLSX	Sheet1	STP6F								ceftazidime	=	0.12		mic_sign '=' inferred
35756053	Table_2.XLSX	Sheet1	STP6F								tobramycin	<=	0.5		
35756053	Table_2.XLSX	Sheet1	STP6F								tigecycline	=	4		mic_sign '=' inferred
35756053	Table_2.XLSX	Sheet1	STP6F								ticarcillin/clavulanic acid	=	0.03		mic_sign '=' inferred
35756053	Table_2.XLSX	Sheet1	STP6F								amikacin	<=	1		
35756053	Table_2.XLSX	Sheet1	STP6F								ampicillin	<=	0.03		
35756053	Table_2.XLSX	Sheet1	STP6F								ampicillin/sulbactam	<=	0.5		
35756053	Table_2.XLSX	Sheet1	STP6F								aztreonam	<=	0.25		
35756053	Table_2.XLSX	Sheet1	STP6F								cefazolin	>	2		
35756053	Table_2.XLSX	Sheet1	STP6F								cefepime	>	8		
35756053	Table_2.XLSX	Sheet1	STP6F								cephalothin	<=	0.5		
35756053	Table_2.XLSX	Sheet1	STP6F								meropenem	>	2		
35756053	Table_2.XLSX	Sheet1	STP6F								ertapenem	<=	0.5		
35756053	Table_2.XLSX	Sheet1	STP6F								cefuroxime	<=	2/1		
35756053	Table_2.XLSX	Sheet1	STP6F								gentamicin	<=	0.5/9.5		
35756053	Table_2.XLSX	Sheet1	STP6F								piperacillin/tazobactam	<=	0.12		
35756053	Table_2.XLSX	Sheet1	STP6F								cefoxitin	=	1		mic_sign '=' inferred
35756053	Table_2.XLSX	Sheet1	STP6F								trimethoprim	<=	0.5		
35756053	Table_2.XLSX	Sheet1	STP6F								sulfamethoxazole	<=	0.12		
35756053	Table_2.XLSX	Sheet1	STP6F								cefpodoxime	>	1		
35756053	Table_2.XLSX	Sheet1	STP6F								ceftazidime	<=	0.06		
35756053	Table_2.XLSX	Sheet1	STP6F								tobramycin	<=	0.5		
35756053	Table_2.XLSX	Sheet1	STP6F								tigecycline	=	4		mic_sign '=' inferred
35756053	Table_2.XLSX	Sheet1	STP6F								ticarcillin/clavulanic acid	=	0.03		mic_sign '=' inferred
35756053	Table_2.XLSX	Sheet1	STP6F								amikacin	<=	1		
35756053	Table_2.XLSX	Sheet1	STP6F								ampicillin	<=	0.03		
35756053	Table_2.XLSX	Sheet1	STP6F								ampicillin/sulbactam	=	1		mic_sign '=' inferred
35756053	Table_2.XLSX	Sheet1	STP6F								aztreonam	<=	0.25		
35756053	Table_2.XLSX	Sheet1	STP6F								cefazolin	<=	0.25		
35756053	Table_2.XLSX	Sheet1	STP6F								cefepime	<=	1		
35756053	Table_2.XLSX	Sheet1	STP6F								cephalothin	<=	0.5		
35756053	Table_2.XLSX	Sheet1	STP6F								meropenem	<=	0.25		
35756053	Table_2.XLSX	Sheet1	STP6F								ertapenem	<=	0.5		
35756053	Table_2.XLSX	Sheet1	STP6F								cefuroxime	<=	2/1		
35756053	Table_2.XLSX	Sheet1	STP6F								gentamicin	<=	0.5/9.5		
35756053	Table_2.XLSX	Sheet1	STP6F								piperacillin/tazobactam	<=	0.12		
35756053	Table_2.XLSX	Sheet1	STP6F								cefoxitin	=	1		mic_sign '=' inferred
35756053	Table_2.XLSX	Sheet1	STP6F								trimethoprim	<=	0.5		
35756053	Table_2.XLSX	Sheet1	STP6F								sulfamethoxazole	<=	0.12		
35756053	Table_2.XLSX	Sheet1	STP6F								cefpodoxime	<=	0.12		
35756053	Table_2.XLSX	Sheet1	STP6F								ceftazidime	<=	0.06		
35756053	Table_2.XLSX	Sheet1	STP6F								tobramycin	<=	0.5		
35756053	Table_2.XLSX	Sheet1	STP6F								tigecycline	=	4		mic_sign '=' inferred
35756053	Table_2.XLSX	Sheet1	STP6F								ticarcillin/clavulanic acid	=	0.03		mic_sign '=' inferred
35756053	Table_2.XLSX	Sheet1	STP6F								amikacin	<=	1		
35756053	Table_2.XLSX	Sheet1	STP6F								ampicillin	<=	0.03		
35756053	Table_2.XLSX	Sheet1	STP6F								ampicillin/sulbactam	<=	0.5		
35756053	Table_2.XLSX	Sheet1	STP6F								aztreonam	<=	0.25		
35756053	Table_2.XLSX	Sheet1	STP6F								cefazolin	<=	0.25		
35756053	Table_2.XLSX	Sheet1	STP6F								cefepime	<=	1		
35756053	Table_2.XLSX	Sheet1	STP6F								cephalothin	<=	0.5		
35756053	Table_2.XLSX	Sheet1	STP6F								meropenem	<=	0.25		
35756053	Table_2.XLSX	Sheet1	STP6F								ertapenem	<=	0.5		
35756053	Table_2.XLSX	Sheet1	STP6F								cefuroxime	<=	2/1		
35756053	Table_2.XLSX	Sheet1	STP6F								gentamicin	<=	0.5/9.5		
35756053	Table_2.XLSX	Sheet1	STP6F								piperacillin/tazobactam	<=	0.12		
35756053	Table_2.XLSX	Sheet1	STP6F								cefoxitin	=	2		mic_sign '=' inferred
35756053	Table_2.XLSX	Sheet1	STP6F								trimethoprim	<=	0.5		
35756053	Table_2.XLSX	Sheet1	STP6F								sulfamethoxazole	<=	0.12		
35756053	Table_2.XLSX	Sheet1	STP6F								cefpodoxime	<=	0.12		
35756053	Table_2.XLSX	Sheet1	STP6F								ceftazidime	=	0.12		mic_sign '=' inferred
35756053	Table_2.XLSX	Sheet1	STP6F								tobramycin	<=	0.5		
35756053	Table_2.XLSX	Sheet1	STP6F								tigecycline	=	4		mic_sign '=' inferred
35756053	Table_2.XLSX	Sheet1	STP6F								ticarcillin/clavulanic acid	=	0.03		mic_sign '=' inferred
35756053	Table_2.XLSX	Sheet1	STP6F								amikacin	<=	1		
35756053	Table_2.XLSX	Sheet1	STP6F								ampicillin	<=	0.03		
35756053	Table_2.XLSX	Sheet1	STP6F								ampicillin/sulbactam	<=	0.5		
35756053	Table_2.XLSX	Sheet1	STP6F								aztreonam	<=	0.25		
35756053	Table_2.XLSX	Sheet1	STP6F								cefazolin	<=	0.25		
35756053	Table_2.XLSX	Sheet1	STP6F								cefepime	=	4		mic_sign '=' inferred
35756053	Table_2.XLSX	Sheet1	STP6F								cephalothin	<=	0.5		
35756053	Table_2.XLSX	Sheet1	STP6F								meropenem	<=	0.25		
35756053	Table_2.XLSX	Sheet1	STP6F								ertapenem	<=	0.5		
35756053	Table_2.XLSX	Sheet1	STP6F								cefuroxime	<=	2/1		
35756053	Table_2.XLSX	Sheet1	STP6F								gentamicin	<=	0.5/9.5		
35756053	Table_2.XLSX	Sheet1	STP6F								piperacillin/tazobactam	<=	0.12		
35756053	Table_2.XLSX	Sheet1	STP6F								cefoxitin	=	1		mic_sign '=' inferred
35756053	Table_2.XLSX	Sheet1	STP6F								trimethoprim	<=	0.5		
35756053	Table_2.XLSX	Sheet1	STP6F								sulfamethoxazole	<=	0.12		
35756053	Table_2.XLSX	Sheet1	STP6F								cefpodoxime	<=	0.12		
35756053	Table_2.XLSX	Sheet1	STP6F								ceftazidime	=	0.12		mic_sign '=' inferred
35756053	Table_2.XLSX	Sheet1	STP6F								tobramycin	<=	0.5		
35756053	Table_2.XLSX	Sheet1	STP6F								tigecycline	=	4		mic_sign '=' inferred
35756053	Table_2.XLSX	Sheet1	STP6F								ticarcillin/clavulanic acid	=	0.06		mic_sign '=' inferred
35756053	Table_2.XLSX	Sheet1	STP6F								amikacin	<=	1		
35756053	Table_2.XLSX	Sheet1	STP6F								ampicillin	<=	0.03		
35756053	Table_2.XLSX	Sheet1	STP6F								ampicillin/sulbactam	<=	0.5		
35756053	Table_2.XLSX	Sheet1	STP6F								aztreonam	<=	0.25		
35756053	Table_2.XLSX	Sheet1	STP6F								cefazolin	<=	0.25		
35756053	Table_2.XLSX	Sheet1	STP6F								cefepime	<=	1		
35756053	Table_2.XLSX	Sheet1	STP6F								cephalothin	<=	0.5		
35756053	Table_2.XLSX	Sheet1	STP6F								meropenem	<=	0.25		
35756053	Table_2.XLSX	Sheet1	STP6F								ertapenem	<=	0.5		
35756053	Table_2.XLSX	Sheet1	STP6F								cefuroxime	<=	2/1		
35756053	Table_2.XLSX	Sheet1	STP6F								gentamicin	<=	0.5/9.5		
35756053	Table_2.XLSX	Sheet1	STP6F								piperacillin/tazobactam	<=	0.12		
35756053	Table_2.XLSX	Sheet1	STP6F								cefoxitin	=	1		mic_sign '=' inferred
35756053	Table_2.XLSX	Sheet1	STP6F								trimethoprim	<=	0.5		
35756053	Table_2.XLSX	Sheet1	STP6F								sulfamethoxazole	<=	0.12		
35756053	Table_2.XLSX	Sheet1	STP6F								cefpodoxime	<=	0.12		
35756053	Table_2.XLSX	Sheet1	STP6F								ceftazidime	<=	0.06		
35756053	Table_2.XLSX	Sheet1	STP6F								tobramycin	<=	0.5		
35756053	Table_2.XLSX	Sheet1	STP6F								tigecycline	=	4		mic_sign '=' inferred
35756053	Table_2.XLSX	Sheet1	STP6F								ticarcillin/clavulanic acid	=	0.03		mic_sign '=' inferred
35756053	Table_2.XLSX	Sheet1	STP6F								amikacin	<=	1		
35756053	Table_2.XLSX	Sheet1	STP6F								ampicillin	<=	0.03		
35756053	Table_2.XLSX	Sheet1	STP6F								ampicillin/sulbactam	<=	0.5		
35756053	Table_2.XLSX	Sheet1	STP6F								aztreonam	<=	0.25		
35756053	Table_2.XLSX	Sheet1	STP6F								cefazolin	<=	0.25		
35756053	Table_2.XLSX	Sheet1	STP6F								cefepime	<=	1		
35756053	Table_2.XLSX	Sheet1	STP6F								cephalothin	<=	0.5		
35756053	Table_2.XLSX	Sheet1	STP6F								meropenem	<=	0.25		
35756053	Table_2.XLSX	Sheet1	STP6F								ertapenem	<=	0.5		
35756053	Table_2.XLSX	Sheet1	STP6F								cefuroxime	<=	2/1		
35756053	Table_2.XLSX	Sheet1	STP6F								gentamicin	<=	0.5/9.5		
35756053	Table_2.XLSX	Sheet1	STP6F								piperacillin/tazobactam	<=	0.12		
35756053	Table_2.XLSX	Sheet1	STP6F								cefoxitin	=	1		mic_sign '=' inferred
35756053	Table_2.XLSX	Sheet1	STP6F								trimethoprim	<=	0.5		
35756053	Table_2.XLSX	Sheet1	STP6F								sulfamethoxazole	<=	0.12		
35756053	Table_2.XLSX	Sheet1	STP6F								cefpodoxime	<=	0.12		
35756053	Table_2.XLSX	Sheet1	STP6F								ceftazidime	=	0.12		mic_sign '=' inferred
35756053	Table_2.XLSX	Sheet1	STP6F								tobramycin	<=	0.5		
35756053	Table_2.XLSX	Sheet1	STP6F								tigecycline	=	4		mic_sign '=' inferred
35756053	Table_2.XLSX	Sheet1	STP6F								ticarcillin/clavulanic acid	=	0.03		mic_sign '=' inferred
35756053	Table_2.XLSX	Sheet1	STP6F								amikacin	<=	1		
35756053	Table_2.XLSX	Sheet1	STP6F								ampicillin	<=	0.03		
35756053	Table_2.XLSX	Sheet1	STP6F								ampicillin/sulbactam	=	1		mic_sign '=' inferred
35756053	Table_2.XLSX	Sheet1	STP6F								aztreonam	<=	0.25		
35756053	Table_2.XLSX	Sheet1	STP6F								cefazolin	<=	0.25		
35756053	Table_2.XLSX	Sheet1	STP6F								cefepime	<=	1		
35756053	Table_2.XLSX	Sheet1	STP6F								cephalothin	<=	0.5		
35756053	Table_2.XLSX	Sheet1	STP6F								meropenem	<=	0.25		
35756053	Table_2.XLSX	Sheet1	STP6F								ertapenem	<=	0.5		
35756053	Table_2.XLSX	Sheet1	STP6F								cefuroxime	<=	2/1		
35756053	Table_2.XLSX	Sheet1	STP6F								gentamicin	<=	0.5/9.5		
35756053	Table_2.XLSX	Sheet1	STP6F								piperacillin/tazobactam	<=	0.12		
35756053	Table_2.XLSX	Sheet1	STP6F								cefoxitin	=	1		mic_sign '=' inferred
35756053	Table_2.XLSX	Sheet1	STP6F								trimethoprim	<=	0.5		
35756053	Table_2.XLSX	Sheet1	STP6F								sulfamethoxazole	<=	0.12		
35756053	Table_2.XLSX	Sheet1	STP6F								cefpodoxime	<=	0.12		
35756053	Table_2.XLSX	Sheet1	STP6F								ceftazidime	<=	0.06		
35756053	Table_2.XLSX	Sheet1	STP6F								tobramycin	<=	0.5		
35756053	Table_2.XLSX	Sheet1	STP6F								tigecycline	=	2		mic_sign '=' inferred
35756053	Table_2.XLSX	Sheet1	STP6F								ticarcillin/clavulanic acid	<=	0.015		
35756053	Table_2.XLSX	Sheet1	STP6F								amikacin	<=	1		
35756053	Table_2.XLSX	Sheet1	STP6F								ampicillin	<=	0.03		
35756053	Table_2.XLSX	Sheet1	STP6F								ampicillin/sulbactam	=	1		mic_sign '=' inferred
35756053	Table_2.XLSX	Sheet1	STP6F								aztreonam	<=	0.25		
35756053	Table_2.XLSX	Sheet1	STP6F								cefazolin	<=	0.25		
35756053	Table_2.XLSX	Sheet1	STP6F								cefepime	<=	1		
35756053	Table_2.XLSX	Sheet1	STP6F								cephalothin	<=	0.5		
35756053	Table_2.XLSX	Sheet1	STP6F								meropenem	<=	0.25		
35756053	Table_2.XLSX	Sheet1	STP6F								ertapenem	<=	0.5		
35756053	Table_2.XLSX	Sheet1	STP6F								cefuroxime	<=	2/1		
35756053	Table_2.XLSX	Sheet1	STP6F								gentamicin	<=	0.5/9.5		
35756053	Table_2.XLSX	Sheet1	STP6F								piperacillin/tazobactam	<=	0.12		
35756053	Table_2.XLSX	Sheet1	STP6F								cefoxitin	=	1		mic_sign '=' inferred
35756053	Table_2.XLSX	Sheet1	STP6F								trimethoprim	<=	0.5		
35756053	Table_2.XLSX	Sheet1	STP6F								sulfamethoxazole	<=	0.12		
35756053	Table_2.XLSX	Sheet1	STP6F								cefpodoxime	<=	0.12		
35756053	Table_2.XLSX	Sheet1	STP6F								ceftazidime	=	0.12		mic_sign '=' inferred
35756053	Table_2.XLSX	Sheet1	STP6F								tobramycin	<=	0.5		
35756053	Table_2.XLSX	Sheet1	STP6F								tigecycline	=	4		mic_sign '=' inferred
35756053	Table_2.XLSX	Sheet1	STP6F								ticarcillin/clavulanic acid	=	0.03		mic_sign '=' inferred
35756053	Table_2.XLSX	Sheet1	STP6F								amikacin	<=	1		
35756053	Table_2.XLSX	Sheet1	STP6F								ampicillin	<=	0.03		
35756053	Table_2.XLSX	Sheet1	STP6F								ampicillin/sulbactam	<=	0.5		
35756053	Table_2.XLSX	Sheet1	STP6F								aztreonam	<=	0.25		
35756053	Table_2.XLSX	Sheet1	STP6F								cefazolin	<=	0.25		
35756053	Table_2.XLSX	Sheet1	STP6F								cefepime	<=	1		
35756053	Table_2.XLSX	Sheet1	STP6F								cephalothin	<=	0.5		
35756053	Table_2.XLSX	Sheet1	STP6F								meropenem	<=	0.25		
35756053	Table_2.XLSX	Sheet1	STP6F								ertapenem	<=	0.5		
35756053	Table_2.XLSX	Sheet1	STP6F								cefuroxime	<=	2/1		
35756053	Table_2.XLSX	Sheet1	STP6F								gentamicin	<=	0.5/9.5		
35756053	Table_2.XLSX	Sheet1	STP6F								piperacillin/tazobactam	<=	0.12		
35756053	Table_2.XLSX	Sheet1	STP6F								cefoxitin	=	1		mic_sign '=' inferred
35756053	Table_2.XLSX	Sheet1	STP6F								trimethoprim	<=	0.5		
35756053	Table_2.XLSX	Sheet1	STP6F								sulfamethoxazole	<=	0.12		
35756053	Table_2.XLSX	Sheet1	STP6F								cefpodoxime	<=	0.12		
35756053	Table_2.XLSX	Sheet1	STP6F								ceftazidime	=	0.12		mic_sign '=' inferred
35756053	Table_2.XLSX	Sheet1	STP6F								tobramycin	<=	0.5		
35756053	Table_2.XLSX	Sheet1	STP6F								tigecycline	=	4		mic_sign '=' inferred
35756053	Table_2.XLSX	Sheet1	STP6F								ticarcillin/clavulanic acid	<=	0.015		
35756053	Table_2.XLSX	Sheet1	STP6F								amikacin	<=	1		
35756053	Table_2.XLSX	Sheet1	STP6F								ampicillin	<=	0.03		
35756053	Table_2.XLSX	Sheet1	STP6F								ampicillin/sulbactam	<=	0.5		
35756053	Table_2.XLSX	Sheet1	STP6F								aztreonam	<=	0.25		
35756053	Table_2.XLSX	Sheet1	STP6F								cefazolin	<=	0.25		
35756053	Table_2.XLSX	Sheet1	STP6F								cefepime	<=	1		
35756053	Table_2.XLSX	Sheet1	STP6F								cephalothin	<=	0.5		
35756053	Table_2.XLSX	Sheet1	STP6F								meropenem	<=	0.25		
35756053	Table_2.XLSX	Sheet1	STP6F								ertapenem	<=	0.5		
35756053	Table_2.XLSX	Sheet1	STP6F								cefuroxime	<=	2/1		
35756053	Table_2.XLSX	Sheet1	STP6F								gentamicin	<=	0.5/9.5		
35756053	Table_2.XLSX	Sheet1	STP6F								piperacillin/tazobactam	<=	0.12		
35756053	Table_2.XLSX	Sheet1	STP6F								cefoxitin	=	1		mic_sign '=' inferred
35756053	Table_2.XLSX	Sheet1	STP6F								trimethoprim	<=	0.5		
35756053	Table_2.XLSX	Sheet1	STP6F								sulfamethoxazole	<=	0.12		
35756053	Table_2.XLSX	Sheet1	STP6F								cefpodoxime	<=	0.12		
35756053	Table_2.XLSX	Sheet1	STP6F								ceftazidime	<=	0.06		
35756053	Table_2.XLSX	Sheet1	STP6F								tobramycin	<=	0.5		
35756053	Table_2.XLSX	Sheet1	STP6F								tigecycline	=	4		mic_sign '=' inferred
35756053	Table_2.XLSX	Sheet1	STP6F								ticarcillin/clavulanic acid	=	0.03		mic_sign '=' inferred
35756053	Table_2.XLSX	Sheet1	STP6F								amikacin	<=	1		
35756053	Table_2.XLSX	Sheet1	STP6F								ampicillin	<=	0.03		
35756053	Table_2.XLSX	Sheet1	STP6F								ampicillin/sulbactam	=	1		mic_sign '=' inferred
35756053	Table_2.XLSX	Sheet1	STP6F								aztreonam	<=	0.25		
35756053	Table_2.XLSX	Sheet1	STP6F								cefazolin	<=	0.25		
35756053	Table_2.XLSX	Sheet1	STP6F								cefepime	=	4		mic_sign '=' inferred
35756053	Table_2.XLSX	Sheet1	STP6F								cephalothin	<=	0.5		
35756053	Table_2.XLSX	Sheet1	STP6F								meropenem	<=	0.25		
35756053	Table_2.XLSX	Sheet1	STP6F								ertapenem	<=	0.5		
35756053	Table_2.XLSX	Sheet1	STP6F								cefuroxime	<=	2/1		
35756053	Table_2.XLSX	Sheet1	STP6F								gentamicin	<=	0.5/9.5		
35756053	Table_2.XLSX	Sheet1	STP6F								piperacillin/tazobactam	<=	0.12		
35756053	Table_2.XLSX	Sheet1	STP6F								cefoxitin	=	1		mic_sign '=' inferred
35756053	Table_2.XLSX	Sheet1	STP6F								trimethoprim	<=	0.5		
35756053	Table_2.XLSX	Sheet1	STP6F								sulfamethoxazole	<=	0.12		
35756053	Table_2.XLSX	Sheet1	STP6F								cefpodoxime	<=	0.12		
35756053	Table_2.XLSX	Sheet1	STP6F								ceftazidime	<=	0.06		
35756053	Table_2.XLSX	Sheet1	STP6F								tobramycin	<=	0.5		
35756053	Table_2.XLSX	Sheet1	STP6F								tigecycline	=	4		mic_sign '=' inferred
35756053	Table_2.XLSX	Sheet1	STP6F								ticarcillin/clavulanic acid	=	0.06		mic_sign '=' inferred
35756053	Table_2.XLSX	Sheet1	STP6F								amikacin	<=	1		
35756053	Table_2.XLSX	Sheet1	STP6F								ampicillin	<=	0.03		
35756053	Table_2.XLSX	Sheet1	STP6F								ampicillin/sulbactam	<=	0.5		
35756053	Table_2.XLSX	Sheet1	STP6F								aztreonam	<=	0.25		
35756053	Table_2.XLSX	Sheet1	STP6F								cefazolin	<=	0.25		
35756053	Table_2.XLSX	Sheet1	STP6F								cefepime	<=	1		
35756053	Table_2.XLSX	Sheet1	STP6F								cephalothin	<=	0.5		
35756053	Table_2.XLSX	Sheet1	STP6F								meropenem	<=	0.25		
35756053	Table_2.XLSX	Sheet1	STP6F								ertapenem	<=	0.5		
35756053	Table_2.XLSX	Sheet1	STP6F								cefuroxime	<=	2/1		
35756053	Table_2.XLSX	Sheet1	STP6F								gentamicin	<=	0.5/9.5		
35756053	Table_2.XLSX	Sheet1	STP6F								piperacillin/tazobactam	<=	0.12		
35756053	Table_2.XLSX	Sheet1	STP6F								cefoxitin	=	1		mic_sign '=' inferred
35756053	Table_2.XLSX	Sheet1	STP6F								trimethoprim	<=	0.5		
35756053	Table_2.XLSX	Sheet1	STP6F								sulfamethoxazole	<=	0.12		
35756053	Table_2.XLSX	Sheet1	STP6F								cefpodoxime	<=	0.12		
35756053	Table_2.XLSX	Sheet1	STP6F								ceftazidime	<=	0.06		
35756053	Table_2.XLSX	Sheet1	STP6F								tobramycin	<=	0.5		
35756053	Table_2.XLSX	Sheet1	STP6F								tigecycline	=	4		mic_sign '=' inferred
35756053	Table_2.XLSX	Sheet1	STP6F								ticarcillin/clavulanic acid	<=	0.015		
35756053	Table_2.XLSX	Sheet1	STP6F								amikacin	<=	1		
35756053	Table_2.XLSX	Sheet1	STP6F								ampicillin	<=	0.03		
35756053	Table_2.XLSX	Sheet1	STP6F								ampicillin/sulbactam	=	1		mic_sign '=' inferred
35756053	Table_2.XLSX	Sheet1	STP6F								aztreonam	<=	0.25		
35756053	Table_2.XLSX	Sheet1	STP6F								cefazolin	<=	0.25		
35756053	Table_2.XLSX	Sheet1	STP6F								cefepime	<=	1		
35756053	Table_2.XLSX	Sheet1	STP6F								cephalothin	<=	0.5		
35756053	Table_2.XLSX	Sheet1	STP6F								meropenem	<=	0.25		
35756053	Table_2.XLSX	Sheet1	STP6F								ertapenem	<=	0.5		
35756053	Table_2.XLSX	Sheet1	STP6F								cefuroxime	<=	2/1		
35756053	Table_2.XLSX	Sheet1	STP6F								gentamicin	<=	0.5/9.5		
35756053	Table_2.XLSX	Sheet1	STP6F								piperacillin/tazobactam	<=	0.12		
35756053	Table_2.XLSX	Sheet1	STP6F								cefoxitin	=	0.5		mic_sign '=' inferred
35756053	Table_2.XLSX	Sheet1	STP6F								trimethoprim	<=	0.5		
35756053	Table_2.XLSX	Sheet1	STP6F								sulfamethoxazole	<=	0.12		
35756053	Table_2.XLSX	Sheet1	STP6F								cefpodoxime	<=	0.12		
35756053	Table_2.XLSX	Sheet1	STP6F								ceftazidime	<=	0.06		
35756053	Table_2.XLSX	Sheet1	STP6F								tobramycin	<=	0.5		
35756053	Table_2.XLSX	Sheet1	STP6F								tigecycline	=	2		mic_sign '=' inferred
35756053	Table_2.XLSX	Sheet1	STP6F								ticarcillin/clavulanic acid	<=	0.015		
35756053	Table_2.XLSX	Sheet1	STP6F								amikacin	<=	1		
35756053	Table_2.XLSX	Sheet1	STP6F								ampicillin	<=	0.03		
35756053	Table_2.XLSX	Sheet1	STP6F								ampicillin/sulbactam	=	1		mic_sign '=' inferred
35756053	Table_2.XLSX	Sheet1	STP6F								aztreonam	<=	0.25		
35756053	Table_2.XLSX	Sheet1	STP6F								cefazolin	<=	0.25		
35756053	Table_2.XLSX	Sheet1	STP6F								cefepime	<=	1		
35756053	Table_2.XLSX	Sheet1	STP6F								cephalothin	<=	0.5		
35756053	Table_2.XLSX	Sheet1	STP6F								meropenem	<=	0.25		
35756053	Table_2.XLSX	Sheet1	STP6F								ertapenem	<=	0.5		
35756053	Table_2.XLSX	Sheet1	STP6F								cefuroxime	<=	2/1		
35756053	Table_2.XLSX	Sheet1	STP6F								gentamicin	<=	0.5/9.5		
35756053	Table_2.XLSX	Sheet1	STP6F								piperacillin/tazobactam	<=	0.12		
35756053	Table_2.XLSX	Sheet1	STP6F								cefoxitin	=	1		mic_sign '=' inferred
35756053	Table_2.XLSX	Sheet1	STP6F								trimethoprim	<=	0.5		
35756053	Table_2.XLSX	Sheet1	STP6F								sulfamethoxazole	<=	0.12		
35756053	Table_2.XLSX	Sheet1	STP6F								cefpodoxime	=	0.25		mic_sign '=' inferred
35756053	Table_2.XLSX	Sheet1	STP6F								ceftazidime	<=	0.06		
35756053	Table_2.XLSX	Sheet1	STP6F								tobramycin	<=	0.5		
35756053	Table_2.XLSX	Sheet1	STP6F								tigecycline	=	8		mic_sign '=' inferred
35756053	Table_2.XLSX	Sheet1	STP6F								ticarcillin/clavulanic acid	=	0.03		mic_sign '=' inferred
35756053	Table_2.XLSX	Sheet1	STP6F								amikacin	<=	1		
35756053	Table_2.XLSX	Sheet1	STP6F								ampicillin	<=	0.03		
35756053	Table_2.XLSX	Sheet1	STP6F								ampicillin/sulbactam	<=	0.5		
35756053	Table_2.XLSX	Sheet1	STP6F								aztreonam	<=	0.25		
35756053	Table_2.XLSX	Sheet1	STP6F								cefazolin	<=	0.25		
35756053	Table_2.XLSX	Sheet1	STP6F								cefepime	<=	1		
35756053	Table_2.XLSX	Sheet1	STP6F								cephalothin	<=	0.5		
35756053	Table_2.XLSX	Sheet1	STP6F								meropenem	<=	0.25		
35756053	Table_2.XLSX	Sheet1	STP6F								ertapenem	<=	0.5		
35756053	Table_2.XLSX	Sheet1	STP6F								cefuroxime	<=	2/1		
35756053	Table_2.XLSX	Sheet1	STP6F								gentamicin	<=	0.5/9.5		
35756053	Table_2.XLSX	Sheet1	STP6F								piperacillin/tazobactam	<=	0.12		
35756053	Table_2.XLSX	Sheet1	STP6F								cefoxitin	=	1		mic_sign '=' inferred
35756053	Table_2.XLSX	Sheet1	STP6F								trimethoprim	<=	0.5		
35756053	Table_2.XLSX	Sheet1	STP6F								sulfamethoxazole	<=	0.12		
35756053	Table_2.XLSX	Sheet1	STP6F								cefpodoxime	<=	0.12		
35756053	Table_2.XLSX	Sheet1	STP6F								ceftazidime	<=	0.06		
35756053	Table_2.XLSX	Sheet1	STP6F								tobramycin	<=	0.5		
35756053	Table_2.XLSX	Sheet1	STP6F								tigecycline	=	4		mic_sign '=' inferred
35756053	Table_2.XLSX	Sheet1	STP6F								ticarcillin/clavulanic acid	=	0.03		mic_sign '=' inferred
35756053	Table_2.XLSX	Sheet1	STP6F								amikacin	<=	1		
35756053	Table_2.XLSX	Sheet1	STP6F								ampicillin	<=	0.03		
35756053	Table_2.XLSX	Sheet1	STP6F								ampicillin/sulbactam	=	1		mic_sign '=' inferred
35756053	Table_2.XLSX	Sheet1	STP6F								aztreonam	<=	0.25		
35756053	Table_2.XLSX	Sheet1	STP6F								cefazolin	<=	0.25		
35756053	Table_2.XLSX	Sheet1	STP6F								cefepime	<=	1		
35756053	Table_2.XLSX	Sheet1	STP6F								cephalothin	<=	0.5		
35756053	Table_2.XLSX	Sheet1	STP6F								meropenem	=	1		mic_sign '=' inferred
35756053	Table_2.XLSX	Sheet1	STP6F								ertapenem	<=	0.5		
35756053	Table_2.XLSX	Sheet1	STP6F								cefuroxime	<=	2/1		
35756053	Table_2.XLSX	Sheet1	STP6F								gentamicin	<=	0.5/9.5		
35756053	Table_2.XLSX	Sheet1	STP6F								piperacillin/tazobactam	<=	0.12		
35756053	Table_2.XLSX	Sheet1	STP6F								cefoxitin	=	1		mic_sign '=' inferred
35756053	Table_2.XLSX	Sheet1	STP6F								trimethoprim	<=	0.5		
35756053	Table_2.XLSX	Sheet1	STP6F								sulfamethoxazole	<=	0.12		
35756053	Table_2.XLSX	Sheet1	STP6F								cefpodoxime	<=	0.12		
35756053	Table_2.XLSX	Sheet1	STP6F								ceftazidime	<=	0.06		
35756053	Table_2.XLSX	Sheet1	STP6F								tobramycin	<=	0.5		
35756053	Table_2.XLSX	Sheet1	STP6F								tigecycline	=	16		mic_sign '=' inferred
35756053	Table_2.XLSX	Sheet1	STP6F								ticarcillin/clavulanic acid	=	0.03		mic_sign '=' inferred
35756053	Table_2.XLSX	Sheet1	STP6F								amikacin	<=	1		
35756053	Table_2.XLSX	Sheet1	STP6F								ampicillin	<=	0.03		
35756053	Table_2.XLSX	Sheet1	STP6F								ampicillin/sulbactam	=	1		mic_sign '=' inferred
35756053	Table_2.XLSX	Sheet1	STP6F								aztreonam	<=	0.25		
35756053	Table_2.XLSX	Sheet1	STP6F								cefazolin	<=	0.25		
35756053	Table_2.XLSX	Sheet1	STP6F								cefepime	<=	1		
35756053	Table_2.XLSX	Sheet1	STP6F								cephalothin	<=	0.5		
35756053	Table_2.XLSX	Sheet1	STP6F								meropenem	<=	0.25		
35756053	Table_2.XLSX	Sheet1	STP6F								ertapenem	<=	0.5		
35756053	Table_2.XLSX	Sheet1	STP6F								cefuroxime	<=	2/1		
35756053	Table_2.XLSX	Sheet1	STP6F								gentamicin	<=	0.5/9.5		
35756053	Table_2.XLSX	Sheet1	STP6F								piperacillin/tazobactam	<=	0.12		
35756053	Table_2.XLSX	Sheet1	STP6F								cefoxitin	=	1		mic_sign '=' inferred
35756053	Table_2.XLSX	Sheet1	STP6F								trimethoprim	<=	0.5		
35756053	Table_2.XLSX	Sheet1	STP6F								sulfamethoxazole	<=	0.12		
35756053	Table_2.XLSX	Sheet1	STP6F								cefpodoxime	<=	0.12		
35756053	Table_2.XLSX	Sheet1	STP6F								ceftazidime	<=	0.06		
35756053	Table_2.XLSX	Sheet1	STP6F								tobramycin	<=	0.5		
35756053	Table_2.XLSX	Sheet1	STP6F								tigecycline	=	4		mic_sign '=' inferred
35756053	Table_2.XLSX	Sheet1	STP6F								ticarcillin/clavulanic acid	=	0.03		mic_sign '=' inferred
35756053	Table_2.XLSX	Sheet1	STP6F								amikacin	<=	1		
35756053	Table_2.XLSX	Sheet1	STP6F								ampicillin	<=	0.03		
35756053	Table_2.XLSX	Sheet1	STP6F								ampicillin/sulbactam	=	1		mic_sign '=' inferred
35756053	Table_2.XLSX	Sheet1	STP6F								aztreonam	<=	0.25		
35756053	Table_2.XLSX	Sheet1	STP6F								cefazolin	<=	0.25		
35756053	Table_2.XLSX	Sheet1	STP6F								cefepime	>	8		
35756053	Table_2.XLSX	Sheet1	STP6F								cephalothin	<=	0.5		
35756053	Table_2.XLSX	Sheet1	STP6F								meropenem	<=	0.25		
35756053	Table_2.XLSX	Sheet1	STP6F								ertapenem	<=	0.5		
35756053	Table_2.XLSX	Sheet1	STP6F								cefuroxime	<=	2/1		
35756053	Table_2.XLSX	Sheet1	STP6F								gentamicin	<=	0.5/9.5		
35756053	Table_2.XLSX	Sheet1	STP6F								piperacillin/tazobactam	<=	0.12		
35756053	Table_2.XLSX	Sheet1	STP6F								cefoxitin	=	2		mic_sign '=' inferred
35756053	Table_2.XLSX	Sheet1	STP6F								trimethoprim	<=	0.5		
35756053	Table_2.XLSX	Sheet1	STP6F								sulfamethoxazole	<=	0.12		
35756053	Table_2.XLSX	Sheet1	STP6F								cefpodoxime	<=	0.12		
35756053	Table_2.XLSX	Sheet1	STP6F								ceftazidime	=	0.12		mic_sign '=' inferred
35756053	Table_2.XLSX	Sheet1	STP6F								tobramycin	<=	0.5		
35756053	Table_2.XLSX	Sheet1	STP6F								tigecycline	=	4		mic_sign '=' inferred
35756053	Table_2.XLSX	Sheet1	STP6F								ticarcillin/clavulanic acid	<=	0.015		
35756053	Table_2.XLSX	Sheet1	STP6F								amikacin	<=	1		
35756053	Table_2.XLSX	Sheet1	STP6F								ampicillin	<=	0.03		
35756053	Table_2.XLSX	Sheet1	STP6F								ampicillin/sulbactam	=	1		mic_sign '=' inferred
35756053	Table_2.XLSX	Sheet1	STP6F								aztreonam	<=	0.25		
35756053	Table_2.XLSX	Sheet1	STP6F								cefazolin	<=	0.25		
35756053	Table_2.XLSX	Sheet1	STP6F								cefepime	<=	1		
35756053	Table_2.XLSX	Sheet1	STP6F								cephalothin	<=	0.5		
35756053	Table_2.XLSX	Sheet1	STP6F								meropenem	<=	0.25		
35756053	Table_2.XLSX	Sheet1	STP6F								ertapenem	<=	0.5		
35756053	Table_2.XLSX	Sheet1	STP6F								cefuroxime	<=	2/1		
35756053	Table_2.XLSX	Sheet1	STP6F								gentamicin	<=	0.5/9.5		
35756053	Table_2.XLSX	Sheet1	STP6F								piperacillin/tazobactam	<=	0.12		
35756053	Table_2.XLSX	Sheet1	STP6F								cefoxitin	=	1		mic_sign '=' inferred
35756053	Table_2.XLSX	Sheet1	STP6F								trimethoprim	<=	0.5		
35756053	Table_2.XLSX	Sheet1	STP6F								sulfamethoxazole	<=	0.12		
35756053	Table_2.XLSX	Sheet1	STP6F								cefpodoxime	<=	0.12		
35756053	Table_2.XLSX	Sheet1	STP6F								ceftazidime	<=	0.06		
35756053	Table_2.XLSX	Sheet1	STP6F								tobramycin	<=	0.5		
35756053	Table_2.XLSX	Sheet1	STP6F								tigecycline	=	2		mic_sign '=' inferred
35756053	Table_2.XLSX	Sheet1	STP6F								ticarcillin/clavulanic acid	=	0.03		mic_sign '=' inferred
35756053	Table_2.XLSX	Sheet1	STP6F								amikacin	<=	1		
35756053	Table_2.XLSX	Sheet1	STP6F								ampicillin	<=	0.03		
35756053	Table_2.XLSX	Sheet1	STP6F								ampicillin/sulbactam	<=	0.5		
35756053	Table_2.XLSX	Sheet1	STP6F								aztreonam	<=	0.25		
35756053	Table_2.XLSX	Sheet1	STP6F								cefazolin	<=	0.25		
35756053	Table_2.XLSX	Sheet1	STP6F								cefepime	<=	1		
35756053	Table_2.XLSX	Sheet1	STP6F								cephalothin	<=	0.5		
35756053	Table_2.XLSX	Sheet1	STP6F								meropenem	<=	0.25		
35756053	Table_2.XLSX	Sheet1	STP6F								ertapenem	<=	0.5		
35756053	Table_2.XLSX	Sheet1	STP6F								cefuroxime	<=	2/1		
35756053	Table_2.XLSX	Sheet1	STP6F								gentamicin	<=	0.5/9.5		
35756053	Table_2.XLSX	Sheet1	STP6F								piperacillin/tazobactam	<=	0.12		
35756053	Table_2.XLSX	Sheet1	STP6F								cefoxitin	=	1		mic_sign '=' inferred
35756053	Table_2.XLSX	Sheet1	STP6F								trimethoprim	<=	0.5		
35756053	Table_2.XLSX	Sheet1	STP6F								sulfamethoxazole	<=	0.12		
35756053	Table_2.XLSX	Sheet1	STP6F								cefpodoxime	<=	0.12		
35756053	Table_2.XLSX	Sheet1	STP6F								ceftazidime	<=	0.06		
35756053	Table_2.XLSX	Sheet1	STP6F								tobramycin	<=	0.5		
35756053	Table_2.XLSX	Sheet1	STP6F								tigecycline	=	4		mic_sign '=' inferred
35756053	Table_2.XLSX	Sheet1	STP6F								ticarcillin/clavulanic acid	=	0.03		mic_sign '=' inferred
35756053	Table_2.XLSX	Sheet1	STP6F								amikacin	<=	1		
35756053	Table_2.XLSX	Sheet1	STP6F								ampicillin	<=	0.03		
35756053	Table_2.XLSX	Sheet1	STP6F								ampicillin/sulbactam	=	1		mic_sign '=' inferred
35756053	Table_2.XLSX	Sheet1	STP6F								aztreonam	<=	0.25		
35756053	Table_2.XLSX	Sheet1	STP6F								cefazolin	=	1		mic_sign '=' inferred
35756053	Table_2.XLSX	Sheet1	STP6F								cefepime	<=	1		
35756053	Table_2.XLSX	Sheet1	STP6F								cephalothin	<=	0.5		
35756053	Table_2.XLSX	Sheet1	STP6F								meropenem	=	1		mic_sign '=' inferred
35756053	Table_2.XLSX	Sheet1	STP6F								ertapenem	<=	0.5		
35756053	Table_2.XLSX	Sheet1	STP6F								cefuroxime	<=	2/1		
35756053	Table_2.XLSX	Sheet1	STP6F								gentamicin	<=	0.5/9.5		
35756053	Table_2.XLSX	Sheet1	STP6F								piperacillin/tazobactam	<=	0.12		
35756053	Table_2.XLSX	Sheet1	STP6F								cefoxitin	=	1		mic_sign '=' inferred
35756053	Table_2.XLSX	Sheet1	STP6F								trimethoprim	<=	0.5		
35756053	Table_2.XLSX	Sheet1	STP6F								sulfamethoxazole	<=	0.12		
35756053	Table_2.XLSX	Sheet1	STP6F								cefpodoxime	=	0.5		mic_sign '=' inferred
35756053	Table_2.XLSX	Sheet1	STP6F								ceftazidime	<=	0.06		
35756053	Table_2.XLSX	Sheet1	STP6F								tobramycin	<=	0.5		
35756053	Table_2.XLSX	Sheet1	STP6F								tigecycline	=	8		mic_sign '=' inferred
35756053	Table_2.XLSX	Sheet1	STP6F								ticarcillin/clavulanic acid	<=	0.015		
35756053	Table_2.XLSX	Sheet1	STP6F								amikacin	<=	1		
35756053	Table_2.XLSX	Sheet1	STP6F								ampicillin	=	0.06		mic_sign '=' inferred
35756053	Table_2.XLSX	Sheet1	STP6F								ampicillin/sulbactam	=	2		mic_sign '=' inferred
35756053	Table_2.XLSX	Sheet1	STP6F								aztreonam	<=	0.25		
35756053	Table_2.XLSX	Sheet1	STP6F								cefazolin	=	1		mic_sign '=' inferred
35756053	Table_2.XLSX	Sheet1	STP6F								cefepime	>	8		
35756053	Table_2.XLSX	Sheet1	STP6F								cephalothin	<=	0.5		
35756053	Table_2.XLSX	Sheet1	STP6F								meropenem	=	2		mic_sign '=' inferred
35756053	Table_2.XLSX	Sheet1	STP6F								ertapenem	<=	0.5		
35756053	Table_2.XLSX	Sheet1	STP6F								cefuroxime	<=	2/1		
35756053	Table_2.XLSX	Sheet1	STP6F								gentamicin	<=	0.5/9.5		
35756053	Table_2.XLSX	Sheet1	STP6F								piperacillin/tazobactam	<=	0.12		
35756053	Table_2.XLSX	Sheet1	STP6F								cefoxitin	=	0.5		mic_sign '=' inferred
35756053	Table_2.XLSX	Sheet1	STP6F								trimethoprim	<=	0.5		
35756053	Table_2.XLSX	Sheet1	STP6F								sulfamethoxazole	<=	0.12		
35756053	Table_2.XLSX	Sheet1	STP6F								cefpodoxime	<=	0.12		
35756053	Table_2.XLSX	Sheet1	STP6F								ceftazidime	=	0.5		mic_sign '=' inferred
35756053	Table_2.XLSX	Sheet1	STP6F								tobramycin	<=	0.5		
35756053	Table_2.XLSX	Sheet1	STP6F								tigecycline	=	2		mic_sign '=' inferred
35756053	Table_2.XLSX	Sheet1	STP6F								ticarcillin/clavulanic acid	<=	0.015		
35756053	Table_2.XLSX	Sheet1	STP6F								amikacin	<=	1		
35756053	Table_2.XLSX	Sheet1	STP6F								ampicillin	<=	0.03		
35756053	Table_2.XLSX	Sheet1	STP6F								ampicillin/sulbactam	=	1		mic_sign '=' inferred
35756053	Table_2.XLSX	Sheet1	STP6F								aztreonam	<=	0.25		
35756053	Table_2.XLSX	Sheet1	STP6F								cefazolin	<=	0.25		
35756053	Table_2.XLSX	Sheet1	STP6F								cefepime	<=	1		
35756053	Table_2.XLSX	Sheet1	STP6F								cephalothin	<=	0.5		
35756053	Table_2.XLSX	Sheet1	STP6F								meropenem	<=	0.25		
35756053	Table_2.XLSX	Sheet1	STP6F								ertapenem	<=	0.5		
35756053	Table_2.XLSX	Sheet1	STP6F								cefuroxime	<=	2/1		
35756053	Table_2.XLSX	Sheet1	STP6F								gentamicin	<=	0.5/9.5		
35756053	Table_2.XLSX	Sheet1	STP6F								piperacillin/tazobactam	<=	0.12		
35756053	Table_2.XLSX	Sheet1	STP6F								cefoxitin	=	1		mic_sign '=' inferred
35756053	Table_2.XLSX	Sheet1	STP6F								trimethoprim	<=	0.5		
35756053	Table_2.XLSX	Sheet1	STP6F								sulfamethoxazole	<=	0.12		
35756053	Table_2.XLSX	Sheet1	STP6F								cefpodoxime	<=	0.12		
35756053	Table_2.XLSX	Sheet1	STP6F								ceftazidime	=	0.12		mic_sign '=' inferred
35756053	Table_2.XLSX	Sheet1	STP6F								tobramycin	<=	0.5		
35756053	Table_2.XLSX	Sheet1	STP6F								tigecycline	=	2		mic_sign '=' inferred
35756053	Table_2.XLSX	Sheet1	STP6F								ticarcillin/clavulanic acid	<=	0.015		
35756053	Table_2.XLSX	Sheet1	STP6F								amikacin	<=	1		
35756053	Table_2.XLSX	Sheet1	STP6F								ampicillin	=	0.06		mic_sign '=' inferred
35756053	Table_2.XLSX	Sheet1	STP6F								ampicillin/sulbactam	<=	0.5		
35756053	Table_2.XLSX	Sheet1	STP6F								aztreonam	<=	0.25		
35756053	Table_2.XLSX	Sheet1	STP6F								cefazolin	<=	0.25		
35756053	Table_2.XLSX	Sheet1	STP6F								cefepime	<=	1		
35756053	Table_2.XLSX	Sheet1	STP6F								cephalothin	<=	0.5		
35756053	Table_2.XLSX	Sheet1	STP6F								meropenem	<=	0.25		
35756053	Table_2.XLSX	Sheet1	STP6F								ertapenem	<=	0.5		
35756053	Table_2.XLSX	Sheet1	STP6F								cefuroxime	<=	2/1		
35756053	Table_2.XLSX	Sheet1	STP6F								gentamicin	<=	0.5/9.5		
35756053	Table_2.XLSX	Sheet1	STP6F								piperacillin/tazobactam	<=	0.12		
35756053	Table_2.XLSX	Sheet1	STP6F								cefoxitin	=	0.5		mic_sign '=' inferred
35756053	Table_2.XLSX	Sheet1	STP6F								trimethoprim	<=	0.5		
35756053	Table_2.XLSX	Sheet1	STP6F								sulfamethoxazole	<=	0.12		
35756053	Table_2.XLSX	Sheet1	STP6F								cefpodoxime	<=	0.12		
35756053	Table_2.XLSX	Sheet1	STP6F								ceftazidime	=	0.12		mic_sign '=' inferred
35756053	Table_2.XLSX	Sheet1	STP6F								tobramycin	<=	0.5		
35756053	Table_2.XLSX	Sheet1	STP6F								tigecycline	=	2		mic_sign '=' inferred
35756053	Table_2.XLSX	Sheet1	STP6F								ticarcillin/clavulanic acid	<=	0.015		
35756053	Table_2.XLSX	Sheet1	STP6F								amikacin	<=	1		
35756053	Table_2.XLSX	Sheet1	STP6F								ampicillin	=	0.25		mic_sign '=' inferred
35756053	Table_2.XLSX	Sheet1	STP6F								ampicillin/sulbactam	=	1		mic_sign '=' inferred
35756053	Table_2.XLSX	Sheet1	STP6F								aztreonam	<=	0.25		
35756053	Table_2.XLSX	Sheet1	STP6F								cefazolin	=	0.5		mic_sign '=' inferred
35756053	Table_2.XLSX	Sheet1	STP6F								cefepime	<=	1		
35756053	Table_2.XLSX	Sheet1	STP6F								cephalothin	<=	0.5		
35756053	Table_2.XLSX	Sheet1	STP6F								meropenem	<=	0.25		
35756053	Table_2.XLSX	Sheet1	STP6F								ertapenem	<=	0.5		
35756053	Table_2.XLSX	Sheet1	STP6F								cefuroxime	<=	2/1		
35756053	Table_2.XLSX	Sheet1	STP6F								gentamicin	=	2/38		mic_sign '=' inferred
35756053	Table_2.XLSX	Sheet1	STP6F								piperacillin/tazobactam	<=	0.12		
35756053	Table_2.XLSX	Sheet1	STP6F								cefoxitin	=	2		mic_sign '=' inferred
35756053	Table_2.XLSX	Sheet1	STP6F								trimethoprim	<=	0.5		
35756053	Table_2.XLSX	Sheet1	STP6F								sulfamethoxazole	<=	0.12		
35756053	Table_2.XLSX	Sheet1	STP6F								cefpodoxime	<=	0.12		
35756053	Table_2.XLSX	Sheet1	STP6F								ceftazidime	=	0.12		mic_sign '=' inferred
35756053	Table_2.XLSX	Sheet1	STP6F								tobramycin	<=	0.5		
35756053	Table_2.XLSX	Sheet1	STP6F								tigecycline	=	4		mic_sign '=' inferred
35756053	Table_2.XLSX	Sheet1	STP6F								ticarcillin/clavulanic acid	<=	0.015		
35756053	Table_2.XLSX	Sheet1	STP6F								amikacin	<=	1		
35756053	Table_2.XLSX	Sheet1	STP6F								ampicillin	<=	0.03		
35756053	Table_2.XLSX	Sheet1	STP6F								ampicillin/sulbactam	=	1		mic_sign '=' inferred
35756053	Table_2.XLSX	Sheet1	STP6F								aztreonam	<=	0.25		
35756053	Table_2.XLSX	Sheet1	STP6F								cefazolin	<=	0.25		
35756053	Table_2.XLSX	Sheet1	STP6F								cefepime	<=	1		
35756053	Table_2.XLSX	Sheet1	STP6F								cephalothin	<=	0.5		
35756053	Table_2.XLSX	Sheet1	STP6F								meropenem	=	0.5		mic_sign '=' inferred
35756053	Table_2.XLSX	Sheet1	STP6F								ertapenem	<=	0.5		
35756053	Table_2.XLSX	Sheet1	STP6F								cefuroxime	<=	2/1		
35756053	Table_2.XLSX	Sheet1	STP6F								gentamicin	<=	0.5/9.5		
35756053	Table_2.XLSX	Sheet1	STP6F								piperacillin/tazobactam	<=	0.12		
35756053	Table_2.XLSX	Sheet1	STP6F								cefoxitin	=	1		mic_sign '=' inferred
35756053	Table_2.XLSX	Sheet1	STP6F								trimethoprim	<=	0.5		
35756053	Table_2.XLSX	Sheet1	STP6F								sulfamethoxazole	<=	0.12		
35756053	Table_2.XLSX	Sheet1	STP6F								cefpodoxime	<=	0.12		
35756053	Table_2.XLSX	Sheet1	STP6F								ceftazidime	=	0.12		mic_sign '=' inferred
35756053	Table_2.XLSX	Sheet1	STP6F								tobramycin	<=	0.5		
35756053	Table_2.XLSX	Sheet1	STP6F								tigecycline	=	2		mic_sign '=' inferred
35756053	Table_2.XLSX	Sheet1	STP6F								ticarcillin/clavulanic acid	<=	0.015		
35756053	Table_2.XLSX	Sheet1	STP6F								amikacin	<=	1		
35756053	Table_2.XLSX	Sheet1	STP6F								ampicillin	<=	0.03		
35756053	Table_2.XLSX	Sheet1	STP6F								ampicillin/sulbactam	=	1		mic_sign '=' inferred
35756053	Table_2.XLSX	Sheet1	STP6F								aztreonam	<=	0.25		
35756053	Table_2.XLSX	Sheet1	STP6F								cefazolin	<=	0.25		
35756053	Table_2.XLSX	Sheet1	STP6F								cefepime	<=	1		
35756053	Table_2.XLSX	Sheet1	STP6F								cephalothin	<=	0.5		
35756053	Table_2.XLSX	Sheet1	STP6F								meropenem	<=	0.25		
35756053	Table_2.XLSX	Sheet1	STP6F								ertapenem	<=	0.5		
35756053	Table_2.XLSX	Sheet1	STP6F								cefuroxime	<=	2/1		
35756053	Table_2.XLSX	Sheet1	STP6F								gentamicin	<=	0.5/9.5		
35756053	Table_2.XLSX	Sheet1	STP6F								piperacillin/tazobactam	<=	0.12		
35756053	Table_2.XLSX	Sheet1	STP6F								cefoxitin	=	0.5		mic_sign '=' inferred
35756053	Table_2.XLSX	Sheet1	STP6F								trimethoprim	<=	0.5		
35756053	Table_2.XLSX	Sheet1	STP6F								sulfamethoxazole	<=	0.12		
35756053	Table_2.XLSX	Sheet1	STP6F								cefpodoxime	<=	0.12		
35756053	Table_2.XLSX	Sheet1	STP6F								ceftazidime	=	0.12		mic_sign '=' inferred
35756053	Table_2.XLSX	Sheet1	STP6F								tobramycin	<=	0.5		
35756053	Table_2.XLSX	Sheet1	STP6F								tigecycline	<=	1		
35756053	Table_2.XLSX	Sheet1	STP6F								ticarcillin/clavulanic acid	<=	0.015		
35756053	Table_2.XLSX	Sheet1	STP6F								amikacin	<=	1		
35756053	Table_2.XLSX	Sheet1	STP6F								ampicillin	<=	0.03		
35756053	Table_2.XLSX	Sheet1	STP6F								ampicillin/sulbactam	<=	0.5		
35756053	Table_2.XLSX	Sheet1	STP6F								aztreonam	<=	0.25		
35756053	Table_2.XLSX	Sheet1	STP6F								cefazolin	<=	0.25		
35756053	Table_2.XLSX	Sheet1	STP6F								cefepime	<=	1		
35756053	Table_2.XLSX	Sheet1	STP6F								cephalothin	<=	0.5		
35756053	Table_2.XLSX	Sheet1	STP6F								meropenem	<=	0.25		
35756053	Table_2.XLSX	Sheet1	STP6F								ertapenem	<=	0.5		
35756053	Table_2.XLSX	Sheet1	STP6F								cefuroxime	<=	2/1		
35756053	Table_2.XLSX	Sheet1	STP6F								gentamicin	=	2/38		mic_sign '=' inferred
35756053	Table_2.XLSX	Sheet1	STP6F								piperacillin/tazobactam	<=	0.12		
35756053	Table_2.XLSX	Sheet1	STP6F								cefoxitin	=	1		mic_sign '=' inferred
35756053	Table_2.XLSX	Sheet1	STP6F								trimethoprim	=	1		mic_sign '=' inferred
35756053	Table_2.XLSX	Sheet1	STP6F								sulfamethoxazole	<=	0.12		
35756053	Table_2.XLSX	Sheet1	STP6F								cefpodoxime	<=	0.12		
35756053	Table_2.XLSX	Sheet1	STP6F								ceftazidime	=	1		mic_sign '=' inferred
35756053	Table_2.XLSX	Sheet1	STP6F								tobramycin	<=	0.5		
35756053	Table_2.XLSX	Sheet1	STP6F								tigecycline	=	2		mic_sign '=' inferred
35756053	Table_2.XLSX	Sheet1	STP6F								ticarcillin/clavulanic acid	<=	0.015		
35756053	Table_2.XLSX	Sheet1	STP6F								amikacin	<=	1		
35756053	Table_2.XLSX	Sheet1	STP6F								ampicillin	<=	0.03		
35756053	Table_2.XLSX	Sheet1	STP6F								ampicillin/sulbactam	=	1		mic_sign '=' inferred
35756053	Table_2.XLSX	Sheet1	STP6F								aztreonam	<=	0.25		
35756053	Table_2.XLSX	Sheet1	STP6F								cefazolin	>	2		
35756053	Table_2.XLSX	Sheet1	STP6F								cefepime	<=	1		
35756053	Table_2.XLSX	Sheet1	STP6F								cephalothin	<=	0.5		
35756053	Table_2.XLSX	Sheet1	STP6F								meropenem	>	2		
35756053	Table_2.XLSX	Sheet1	STP6F								ertapenem	<=	0.5		
35756053	Table_2.XLSX	Sheet1	STP6F								cefuroxime	<=	2/1		
35756053	Table_2.XLSX	Sheet1	STP6F								gentamicin	<=	0.5/9.5		
35756053	Table_2.XLSX	Sheet1	STP6F								piperacillin/tazobactam	<=	0.12		
35756053	Table_2.XLSX	Sheet1	STP6F								cefoxitin	=	1		mic_sign '=' inferred
35756053	Table_2.XLSX	Sheet1	STP6F								trimethoprim	<=	0.5		
35756053	Table_2.XLSX	Sheet1	STP6F								sulfamethoxazole	<=	0.12		
35756053	Table_2.XLSX	Sheet1	STP6F								cefpodoxime	<=	0.12		
35756053	Table_2.XLSX	Sheet1	STP6F								ceftazidime	=	0.5		mic_sign '=' inferred
35756053	Table_2.XLSX	Sheet1	STP6F								tobramycin	<=	0.5		
35756053	Table_2.XLSX	Sheet1	STP6F								tigecycline	=	2		mic_sign '=' inferred
35756053	Table_2.XLSX	Sheet1	STP6F								ticarcillin/clavulanic acid	<=	0.015		
35756053	Table_2.XLSX	Sheet1	STP6F								amikacin	<=	1		
35756053	Table_2.XLSX	Sheet1	STP6F								ampicillin	=	0.25		mic_sign '=' inferred
35756053	Table_2.XLSX	Sheet1	STP6F								ampicillin/sulbactam	=	2		mic_sign '=' inferred
35756053	Table_2.XLSX	Sheet1	STP6F								aztreonam	<=	0.25		
35756053	Table_2.XLSX	Sheet1	STP6F								cefazolin	=	1		mic_sign '=' inferred
35756053	Table_2.XLSX	Sheet1	STP6F								cefepime	<=	1		
35756053	Table_2.XLSX	Sheet1	STP6F								cephalothin	<=	0.5		
35756053	Table_2.XLSX	Sheet1	STP6F								meropenem	=	2		mic_sign '=' inferred
35756053	Table_2.XLSX	Sheet1	STP6F								ertapenem	<=	0.5		
35756053	Table_2.XLSX	Sheet1	STP6F								cefuroxime	<=	2/1		
35756053	Table_2.XLSX	Sheet1	STP6F								gentamicin	<=	0.5/9.5		
35756053	Table_2.XLSX	Sheet1	STP6F								piperacillin/tazobactam	<=	0.12		
35756053	Table_2.XLSX	Sheet1	STP6F								cefoxitin	=	1		mic_sign '=' inferred
35756053	Table_2.XLSX	Sheet1	STP6F								trimethoprim	=	1		mic_sign '=' inferred
35756053	Table_2.XLSX	Sheet1	STP6F								sulfamethoxazole	<=	0.12		
35756053	Table_2.XLSX	Sheet1	STP6F								cefpodoxime	<=	0.12		
35756053	Table_2.XLSX	Sheet1	STP6F								ceftazidime	=	1		mic_sign '=' inferred
35756053	Table_2.XLSX	Sheet1	STP6F								tobramycin	<=	0.5		
35756053	Table_2.XLSX	Sheet1	STP6F								tigecycline	=	4		mic_sign '=' inferred
35756053	Table_2.XLSX	Sheet1	STP6F								ticarcillin/clavulanic acid	=	0.03		mic_sign '=' inferred
35756053	Table_2.XLSX	Sheet1	STP6F								amikacin	<=	1		
35756053	Table_2.XLSX	Sheet1	STP6F								ampicillin	=	0.06		mic_sign '=' inferred
35756053	Table_2.XLSX	Sheet1	STP6F								ampicillin/sulbactam	<=	0.5		
35756053	Table_2.XLSX	Sheet1	STP6F								aztreonam	<=	0.25		
35756053	Table_2.XLSX	Sheet1	STP6F								cefazolin	<=	0.25		
35756053	Table_2.XLSX	Sheet1	STP6F								cefepime	<=	1		
35756053	Table_2.XLSX	Sheet1	STP6F								cephalothin	<=	0.5		
35756053	Table_2.XLSX	Sheet1	STP6F								meropenem	<=	0.25		
35756053	Table_2.XLSX	Sheet1	STP6F								ertapenem	<=	0.5		
35756053	Table_2.XLSX	Sheet1	STP6F								cefuroxime	<=	2/1		
35756053	Table_2.XLSX	Sheet1	STP6F								gentamicin	<=	0.5/9.5		
35756053	Table_2.XLSX	Sheet1	STP6F								piperacillin/tazobactam	=	0.5		mic_sign '=' inferred
35756053	Table_2.XLSX	Sheet1	STP6F								cefoxitin	=	0.5		mic_sign '=' inferred
35756053	Table_2.XLSX	Sheet1	STP6F								trimethoprim	=	1		mic_sign '=' inferred
35756053	Table_2.XLSX	Sheet1	STP6F								sulfamethoxazole	=	0.25		mic_sign '=' inferred
35756053	Table_2.XLSX	Sheet1	STP6F								cefpodoxime	=	0.5		mic_sign '=' inferred
35756053	Table_2.XLSX	Sheet1	STP6F								ceftazidime	=	0.5		mic_sign '=' inferred
35756053	Table_2.XLSX	Sheet1	STP6F								tobramycin	<=	0.5		
35756053	Table_2.XLSX	Sheet1	STP6F								tigecycline	=	2		mic_sign '=' inferred
35756053	Table_2.XLSX	Sheet1	STP6F								ticarcillin/clavulanic acid	<=	0.015		
35756053	Table_2.XLSX	Sheet1	GPALL1F								amikacin	=	8		mic_sign '=' inferred
35756053	Table_2.XLSX	Sheet1	GPALL1F								ampicillin	=	2		mic_sign '=' inferred
35756053	Table_2.XLSX	Sheet1	GPALL1F								ampicillin/sulbactam	>	2		
35756053	Table_2.XLSX	Sheet1	GPALL1F								aztreonam	=	4		mic_sign '=' inferred
35756053	Table_2.XLSX	Sheet1	GPALL1F								cefazolin	>	4		
35756053	Table_2.XLSX	Sheet1	GPALL1F								cefepime	=	16		mic_sign '=' inferred
35756053	Table_2.XLSX	Sheet1	GPALL1F								cephalothin	=	1		mic_sign '=' inferred
35756053	Table_2.XLSX	Sheet1	GPALL1F								meropenem	=	2		mic_sign '=' inferred
35756053	Table_2.XLSX	Sheet1	GPALL1F								ertapenem	=	4		mic_sign '=' inferred
35756053	Table_2.XLSX	Sheet1	GPALL1F								cefuroxime	>	4		
35756053	Table_2.XLSX	Sheet1	GPALL1F								gentamicin	=	1		mic_sign '=' inferred
35756053	Table_2.XLSX	Sheet1	GPALL1F								ciprofloxacin	<=	0.5/9.5		
35756053	Table_2.XLSX	Sheet1	GPALL1F								cefoxitin	=	2		mic_sign '=' inferred
35756053	Table_2.XLSX	Sheet1	GPALL1F								trimethoprim	=	2		mic_sign '=' inferred
35756053	Table_2.XLSX	Sheet1	GPALL1F								sulfamethoxazole	>	4		
35756053	Table_2.XLSX	Sheet1	GPALL1F								tobramycin	=	0.25		mic_sign '=' inferred
35756053	Table_2.XLSX	Sheet1	GPALL1F								tigecycline	<=	32		
35756053	Table_2.XLSX	Sheet1	GPALL1F								ticarcillin/clavulanic acid	<=	2		
35756053	Table_2.XLSX	Sheet1	GPALL1F								ceftriaxone	=	0.5		mic_sign '=' inferred
35756053	Table_2.XLSX	Sheet1	GPALL1F								amikacin	=	8		mic_sign '=' inferred
35756053	Table_2.XLSX	Sheet1	GPALL1F								ampicillin	=	1		mic_sign '=' inferred
35756053	Table_2.XLSX	Sheet1	GPALL1F								ampicillin/sulbactam	>	2		
35756053	Table_2.XLSX	Sheet1	GPALL1F								aztreonam	=	1		mic_sign '=' inferred
35756053	Table_2.XLSX	Sheet1	GPALL1F								cefazolin	>	4		
35756053	Table_2.XLSX	Sheet1	GPALL1F								cefepime	>	16		
35756053	Table_2.XLSX	Sheet1	GPALL1F								cephalothin	=	1		mic_sign '=' inferred
35756053	Table_2.XLSX	Sheet1	GPALL1F								meropenem	=	2		mic_sign '=' inferred
35756053	Table_2.XLSX	Sheet1	GPALL1F								ertapenem	=	4		mic_sign '=' inferred
35756053	Table_2.XLSX	Sheet1	GPALL1F								cefuroxime	=	2		mic_sign '=' inferred
35756053	Table_2.XLSX	Sheet1	GPALL1F								gentamicin	=	1		mic_sign '=' inferred
35756053	Table_2.XLSX	Sheet1	GPALL1F								ciprofloxacin	<=	0.5/9.5		
35756053	Table_2.XLSX	Sheet1	GPALL1F								cefoxitin	=	1		mic_sign '=' inferred
35756053	Table_2.XLSX	Sheet1	GPALL1F								trimethoprim	<=	1		
35756053	Table_2.XLSX	Sheet1	GPALL1F								sulfamethoxazole	>	4		
35756053	Table_2.XLSX	Sheet1	GPALL1F								tobramycin	=	0.25		mic_sign '=' inferred
35756053	Table_2.XLSX	Sheet1	GPALL1F								tigecycline	<=	32		
35756053	Table_2.XLSX	Sheet1	GPALL1F								ticarcillin/clavulanic acid	<=	2		
35756053	Table_2.XLSX	Sheet1	GPALL1F								ceftriaxone	<=	0.25		
35756053	Table_2.XLSX	Sheet1	GPALL1F								amikacin	=	8		mic_sign '=' inferred
35756053	Table_2.XLSX	Sheet1	GPALL1F								ampicillin	>	4		
35756053	Table_2.XLSX	Sheet1	GPALL1F								ampicillin/sulbactam	>	2		
35756053	Table_2.XLSX	Sheet1	GPALL1F								aztreonam	=	1		mic_sign '=' inferred
35756053	Table_2.XLSX	Sheet1	GPALL1F								cefazolin	>	4		
35756053	Table_2.XLSX	Sheet1	GPALL1F								cefepime	=	8		mic_sign '=' inferred
35756053	Table_2.XLSX	Sheet1	GPALL1F								cephalothin	=	1		mic_sign '=' inferred
35756053	Table_2.XLSX	Sheet1	GPALL1F								meropenem	=	2		mic_sign '=' inferred
35756053	Table_2.XLSX	Sheet1	GPALL1F								ertapenem	=	4		mic_sign '=' inferred
35756053	Table_2.XLSX	Sheet1	GPALL1F								cefuroxime	=	4		mic_sign '=' inferred
35756053	Table_2.XLSX	Sheet1	GPALL1F								gentamicin	=	1		mic_sign '=' inferred
35756053	Table_2.XLSX	Sheet1	GPALL1F								ciprofloxacin	<=	0.5/9.5		
35756053	Table_2.XLSX	Sheet1	GPALL1F								cefoxitin	=	2		mic_sign '=' inferred
35756053	Table_2.XLSX	Sheet1	GPALL1F								trimethoprim	=	2		mic_sign '=' inferred
35756053	Table_2.XLSX	Sheet1	GPALL1F								sulfamethoxazole	>	4		
35756053	Table_2.XLSX	Sheet1	GPALL1F								tobramycin	=	0.12		mic_sign '=' inferred
35756053	Table_2.XLSX	Sheet1	GPALL1F								tigecycline	<=	32		
35756053	Table_2.XLSX	Sheet1	GPALL1F								ticarcillin/clavulanic acid	>	16		
35756053	Table_2.XLSX	Sheet1	GPALL1F								ceftriaxone	=	0.5		mic_sign '=' inferred
35756053	Table_2.XLSX	Sheet1	GPALL1F								amikacin	=	8		mic_sign '=' inferred
35756053	Table_2.XLSX	Sheet1	GPALL1F								ampicillin	=	2		mic_sign '=' inferred
35756053	Table_2.XLSX	Sheet1	GPALL1F								ampicillin/sulbactam	>	2		
35756053	Table_2.XLSX	Sheet1	GPALL1F								aztreonam	>	4		
35756053	Table_2.XLSX	Sheet1	GPALL1F								cefazolin	>	4		
35756053	Table_2.XLSX	Sheet1	GPALL1F								cefepime	=	16		mic_sign '=' inferred
35756053	Table_2.XLSX	Sheet1	GPALL1F								cephalothin	=	1		mic_sign '=' inferred
35756053	Table_2.XLSX	Sheet1	GPALL1F								meropenem	=	2		mic_sign '=' inferred
35756053	Table_2.XLSX	Sheet1	GPALL1F								ertapenem	=	4		mic_sign '=' inferred
35756053	Table_2.XLSX	Sheet1	GPALL1F								cefuroxime	=	2		mic_sign '=' inferred
35756053	Table_2.XLSX	Sheet1	GPALL1F								gentamicin	=	1		mic_sign '=' inferred
35756053	Table_2.XLSX	Sheet1	GPALL1F								ciprofloxacin	<=	0.5/9.5		
35756053	Table_2.XLSX	Sheet1	GPALL1F								cefoxitin	=	2		mic_sign '=' inferred
35756053	Table_2.XLSX	Sheet1	GPALL1F								trimethoprim	=	2		mic_sign '=' inferred
35756053	Table_2.XLSX	Sheet1	GPALL1F								sulfamethoxazole	>	4		
35756053	Table_2.XLSX	Sheet1	GPALL1F								tobramycin	=	0.25		mic_sign '=' inferred
35756053	Table_2.XLSX	Sheet1	GPALL1F								tigecycline	<=	32		
35756053	Table_2.XLSX	Sheet1	GPALL1F								ticarcillin/clavulanic acid	<=	2		
35756053	Table_2.XLSX	Sheet1	GPALL1F								ceftriaxone	=	0.5		mic_sign '=' inferred
35756053	Table_2.XLSX	Sheet1	GPALL1F								amikacin	=	8		mic_sign '=' inferred
35756053	Table_2.XLSX	Sheet1	GPALL1F								ampicillin	=	2		mic_sign '=' inferred
35756053	Table_2.XLSX	Sheet1	GPALL1F								ampicillin/sulbactam	>	2		
35756053	Table_2.XLSX	Sheet1	GPALL1F								aztreonam	=	2		mic_sign '=' inferred
35756053	Table_2.XLSX	Sheet1	GPALL1F								cefazolin	>	4		
35756053	Table_2.XLSX	Sheet1	GPALL1F								cefepime	=	16		mic_sign '=' inferred
35756053	Table_2.XLSX	Sheet1	GPALL1F								cephalothin	=	1		mic_sign '=' inferred
35756053	Table_2.XLSX	Sheet1	GPALL1F								meropenem	=	2		mic_sign '=' inferred
35756053	Table_2.XLSX	Sheet1	GPALL1F								ertapenem	=	4		mic_sign '=' inferred
35756053	Table_2.XLSX	Sheet1	GPALL1F								cefuroxime	>	4		
35756053	Table_2.XLSX	Sheet1	GPALL1F								gentamicin	=	1		mic_sign '=' inferred
35756053	Table_2.XLSX	Sheet1	GPALL1F								ciprofloxacin	<=	0.5/9.5		
35756053	Table_2.XLSX	Sheet1	GPALL1F								cefoxitin	=	2		mic_sign '=' inferred
35756053	Table_2.XLSX	Sheet1	GPALL1F								trimethoprim	>	2		
35756053	Table_2.XLSX	Sheet1	GPALL1F								sulfamethoxazole	>	4		
35756053	Table_2.XLSX	Sheet1	GPALL1F								tobramycin	=	0.06		mic_sign '=' inferred
35756053	Table_2.XLSX	Sheet1	GPALL1F								tigecycline	<=	32		
35756053	Table_2.XLSX	Sheet1	GPALL1F								ticarcillin/clavulanic acid	<=	2		
35756053	Table_2.XLSX	Sheet1	GPALL1F								ceftriaxone	=	0.5		mic_sign '=' inferred
35756053	Table_2.XLSX	Sheet1	GPALL1F								amikacin	=	8		mic_sign '=' inferred
35756053	Table_2.XLSX	Sheet1	GPALL1F								ampicillin	=	1		mic_sign '=' inferred
35756053	Table_2.XLSX	Sheet1	GPALL1F								ampicillin/sulbactam	>	2		
35756053	Table_2.XLSX	Sheet1	GPALL1F								aztreonam	=	1		mic_sign '=' inferred
35756053	Table_2.XLSX	Sheet1	GPALL1F								cefazolin	>	4		
35756053	Table_2.XLSX	Sheet1	GPALL1F								cefepime	=	16		mic_sign '=' inferred
35756053	Table_2.XLSX	Sheet1	GPALL1F								cephalothin	=	1		mic_sign '=' inferred
35756053	Table_2.XLSX	Sheet1	GPALL1F								meropenem	=	2		mic_sign '=' inferred
35756053	Table_2.XLSX	Sheet1	GPALL1F								ertapenem	=	4		mic_sign '=' inferred
35756053	Table_2.XLSX	Sheet1	GPALL1F								cefuroxime	=	2		mic_sign '=' inferred
35756053	Table_2.XLSX	Sheet1	GPALL1F								gentamicin	=	2		mic_sign '=' inferred
35756053	Table_2.XLSX	Sheet1	GPALL1F								ciprofloxacin	<=	0.5/9.5		
35756053	Table_2.XLSX	Sheet1	GPALL1F								cefoxitin	=	1		mic_sign '=' inferred
35756053	Table_2.XLSX	Sheet1	GPALL1F								trimethoprim	<=	1		
35756053	Table_2.XLSX	Sheet1	GPALL1F								sulfamethoxazole	<=	0.5		
35756053	Table_2.XLSX	Sheet1	GPALL1F								tobramycin	=	0.12		mic_sign '=' inferred
35756053	Table_2.XLSX	Sheet1	GPALL1F								tigecycline	<=	32		
35756053	Table_2.XLSX	Sheet1	GPALL1F								ticarcillin/clavulanic acid	>	16		
35756053	Table_2.XLSX	Sheet1	GPALL1F								ceftriaxone	<=	0.25		
35756053	Table_2.XLSX	Sheet1	GPALL1F								amikacin	=	8		mic_sign '=' inferred
35756053	Table_2.XLSX	Sheet1	GPALL1F								ampicillin	=	2		mic_sign '=' inferred
35756053	Table_2.XLSX	Sheet1	GPALL1F								ampicillin/sulbactam	>	2		
35756053	Table_2.XLSX	Sheet1	GPALL1F								aztreonam	=	1		mic_sign '=' inferred
35756053	Table_2.XLSX	Sheet1	GPALL1F								cefazolin	>	4		
35756053	Table_2.XLSX	Sheet1	GPALL1F								cefepime	=	8		mic_sign '=' inferred
35756053	Table_2.XLSX	Sheet1	GPALL1F								cephalothin	=	1		mic_sign '=' inferred
35756053	Table_2.XLSX	Sheet1	GPALL1F								meropenem	=	2		mic_sign '=' inferred
35756053	Table_2.XLSX	Sheet1	GPALL1F								ertapenem	=	4		mic_sign '=' inferred
35756053	Table_2.XLSX	Sheet1	GPALL1F								cefuroxime	=	2		mic_sign '=' inferred
35756053	Table_2.XLSX	Sheet1	GPALL1F								gentamicin	=	2		mic_sign '=' inferred
35756053	Table_2.XLSX	Sheet1	GPALL1F								ciprofloxacin	<=	0.5/9.5		
35756053	Table_2.XLSX	Sheet1	GPALL1F								cefoxitin	=	1		mic_sign '=' inferred
35756053	Table_2.XLSX	Sheet1	GPALL1F								trimethoprim	=	2		mic_sign '=' inferred
35756053	Table_2.XLSX	Sheet1	GPALL1F								sulfamethoxazole	>	4		
35756053	Table_2.XLSX	Sheet1	GPALL1F								tobramycin	=	0.25		mic_sign '=' inferred
35756053	Table_2.XLSX	Sheet1	GPALL1F								tigecycline	<=	32		
35756053	Table_2.XLSX	Sheet1	GPALL1F								ticarcillin/clavulanic acid	>	16		
35756053	Table_2.XLSX	Sheet1	GPALL1F								ceftriaxone	<=	0.25		
35756053	Table_2.XLSX	Sheet1	GPALL1F								amikacin	=	8		mic_sign '=' inferred
35756053	Table_2.XLSX	Sheet1	GPALL1F								ampicillin	>	4		
35756053	Table_2.XLSX	Sheet1	GPALL1F								ampicillin/sulbactam	>	2		
35756053	Table_2.XLSX	Sheet1	GPALL1F								aztreonam	=	1		mic_sign '=' inferred
35756053	Table_2.XLSX	Sheet1	GPALL1F								cefazolin	>	4		
35756053	Table_2.XLSX	Sheet1	GPALL1F								cefepime	=	8		mic_sign '=' inferred
35756053	Table_2.XLSX	Sheet1	GPALL1F								cephalothin	=	1		mic_sign '=' inferred
35756053	Table_2.XLSX	Sheet1	GPALL1F								meropenem	=	2		mic_sign '=' inferred
35756053	Table_2.XLSX	Sheet1	GPALL1F								ertapenem	=	4		mic_sign '=' inferred
35756053	Table_2.XLSX	Sheet1	GPALL1F								cefuroxime	=	4		mic_sign '=' inferred
35756053	Table_2.XLSX	Sheet1	GPALL1F								gentamicin	=	2		mic_sign '=' inferred
35756053	Table_2.XLSX	Sheet1	GPALL1F								ciprofloxacin	<=	0.5/9.5		
35756053	Table_2.XLSX	Sheet1	GPALL1F								cefoxitin	=	1		mic_sign '=' inferred
35756053	Table_2.XLSX	Sheet1	GPALL1F								trimethoprim	<=	1		
35756053	Table_2.XLSX	Sheet1	GPALL1F								sulfamethoxazole	>	4		
35756053	Table_2.XLSX	Sheet1	GPALL1F								tobramycin	=	0.06		mic_sign '=' inferred
35756053	Table_2.XLSX	Sheet1	GPALL1F								tigecycline	<=	32		
35756053	Table_2.XLSX	Sheet1	GPALL1F								ticarcillin/clavulanic acid	<=	2		
35756053	Table_2.XLSX	Sheet1	GPALL1F								ceftriaxone	<=	0.25		
35756053	Table_2.XLSX	Sheet1	GPALL1F								amikacin	=	8		mic_sign '=' inferred
35756053	Table_2.XLSX	Sheet1	GPALL1F								ampicillin	=	2		mic_sign '=' inferred
35756053	Table_2.XLSX	Sheet1	GPALL1F								ampicillin/sulbactam	>	2		
35756053	Table_2.XLSX	Sheet1	GPALL1F								aztreonam	=	1		mic_sign '=' inferred
35756053	Table_2.XLSX	Sheet1	GPALL1F								cefazolin	>	4		
35756053	Table_2.XLSX	Sheet1	GPALL1F								cefepime	=	8		mic_sign '=' inferred
35756053	Table_2.XLSX	Sheet1	GPALL1F								cephalothin	=	1		mic_sign '=' inferred
35756053	Table_2.XLSX	Sheet1	GPALL1F								meropenem	=	2		mic_sign '=' inferred
35756053	Table_2.XLSX	Sheet1	GPALL1F								ertapenem	=	4		mic_sign '=' inferred
35756053	Table_2.XLSX	Sheet1	GPALL1F								cefuroxime	=	2		mic_sign '=' inferred
35756053	Table_2.XLSX	Sheet1	GPALL1F								gentamicin	=	2		mic_sign '=' inferred
35756053	Table_2.XLSX	Sheet1	GPALL1F								ciprofloxacin	<=	0.5/9.5		
35756053	Table_2.XLSX	Sheet1	GPALL1F								cefoxitin	=	2		mic_sign '=' inferred
35756053	Table_2.XLSX	Sheet1	GPALL1F								trimethoprim	=	2		mic_sign '=' inferred
35756053	Table_2.XLSX	Sheet1	GPALL1F								sulfamethoxazole	>	4		
35756053	Table_2.XLSX	Sheet1	GPALL1F								tobramycin	=	0.06		mic_sign '=' inferred
35756053	Table_2.XLSX	Sheet1	GPALL1F								tigecycline	<=	32		
35756053	Table_2.XLSX	Sheet1	GPALL1F								ticarcillin/clavulanic acid	>	16		
35756053	Table_2.XLSX	Sheet1	GPALL1F								ceftriaxone	=	0.5		mic_sign '=' inferred
35756053	Table_2.XLSX	Sheet1	GPALL1F								amikacin	=	8		mic_sign '=' inferred
35756053	Table_2.XLSX	Sheet1	GPALL1F								ampicillin	>	4		
35756053	Table_2.XLSX	Sheet1	GPALL1F								ampicillin/sulbactam	>	2		
35756053	Table_2.XLSX	Sheet1	GPALL1F								aztreonam	=	1		mic_sign '=' inferred
35756053	Table_2.XLSX	Sheet1	GPALL1F								cefazolin	>	4		
35756053	Table_2.XLSX	Sheet1	GPALL1F								cefepime	>	16		
35756053	Table_2.XLSX	Sheet1	GPALL1F								cephalothin	=	1		mic_sign '=' inferred
35756053	Table_2.XLSX	Sheet1	GPALL1F								meropenem	=	2		mic_sign '=' inferred
35756053	Table_2.XLSX	Sheet1	GPALL1F								ertapenem	=	4		mic_sign '=' inferred
35756053	Table_2.XLSX	Sheet1	GPALL1F								cefuroxime	=	1		mic_sign '=' inferred
35756053	Table_2.XLSX	Sheet1	GPALL1F								gentamicin	=	2		mic_sign '=' inferred
35756053	Table_2.XLSX	Sheet1	GPALL1F								ciprofloxacin	>	4/76		
35756053	Table_2.XLSX	Sheet1	GPALL1F								cefoxitin	>	4		
35756053	Table_2.XLSX	Sheet1	GPALL1F								trimethoprim	>	2		
35756053	Table_2.XLSX	Sheet1	GPALL1F								sulfamethoxazole	>	4		
35756053	Table_2.XLSX	Sheet1	GPALL1F								tobramycin	=	0.12		mic_sign '=' inferred
35756053	Table_2.XLSX	Sheet1	GPALL1F								tigecycline	<=	32		
35756053	Table_2.XLSX	Sheet1	GPALL1F								ticarcillin/clavulanic acid	>	16		
35756053	Table_2.XLSX	Sheet1	GPALL1F								ceftriaxone	>	4		
35756053	Table_2.XLSX	Sheet1	GPALL1F								amikacin	=	8		mic_sign '=' inferred
35756053	Table_2.XLSX	Sheet1	GPALL1F								ampicillin	=	1		mic_sign '=' inferred
35756053	Table_2.XLSX	Sheet1	GPALL1F								ampicillin/sulbactam	>	2		
35756053	Table_2.XLSX	Sheet1	GPALL1F								aztreonam	=	1		mic_sign '=' inferred
35756053	Table_2.XLSX	Sheet1	GPALL1F								cefazolin	>	4		
35756053	Table_2.XLSX	Sheet1	GPALL1F								cefepime	=	8		mic_sign '=' inferred
35756053	Table_2.XLSX	Sheet1	GPALL1F								cephalothin	=	1		mic_sign '=' inferred
35756053	Table_2.XLSX	Sheet1	GPALL1F								meropenem	=	2		mic_sign '=' inferred
35756053	Table_2.XLSX	Sheet1	GPALL1F								ertapenem	=	4		mic_sign '=' inferred
35756053	Table_2.XLSX	Sheet1	GPALL1F								cefuroxime	=	1		mic_sign '=' inferred
35756053	Table_2.XLSX	Sheet1	GPALL1F								gentamicin	=	2		mic_sign '=' inferred
35756053	Table_2.XLSX	Sheet1	GPALL1F								ciprofloxacin	<=	0.5/9.5		
35756053	Table_2.XLSX	Sheet1	GPALL1F								cefoxitin	=	1		mic_sign '=' inferred
35756053	Table_2.XLSX	Sheet1	GPALL1F								trimethoprim	<=	1		
35756053	Table_2.XLSX	Sheet1	GPALL1F								sulfamethoxazole	>	4		
35756053	Table_2.XLSX	Sheet1	GPALL1F								tobramycin	=	0.12		mic_sign '=' inferred
35756053	Table_2.XLSX	Sheet1	GPALL1F								tigecycline	<=	32		
35756053	Table_2.XLSX	Sheet1	GPALL1F								ticarcillin/clavulanic acid	<=	2		
35756053	Table_2.XLSX	Sheet1	GPALL1F								ceftriaxone	<=	0.25		
35756053	Table_2.XLSX	Sheet1	GPALL1F								amikacin	=	8		mic_sign '=' inferred
35756053	Table_2.XLSX	Sheet1	GPALL1F								ampicillin	=	2		mic_sign '=' inferred
35756053	Table_2.XLSX	Sheet1	GPALL1F								ampicillin/sulbactam	>	2		
35756053	Table_2.XLSX	Sheet1	GPALL1F								aztreonam	=	2		mic_sign '=' inferred
35756053	Table_2.XLSX	Sheet1	GPALL1F								cefazolin	>	4		
35756053	Table_2.XLSX	Sheet1	GPALL1F								cefepime	=	8		mic_sign '=' inferred
35756053	Table_2.XLSX	Sheet1	GPALL1F								cephalothin	=	1		mic_sign '=' inferred
35756053	Table_2.XLSX	Sheet1	GPALL1F								meropenem	=	2		mic_sign '=' inferred
35756053	Table_2.XLSX	Sheet1	GPALL1F								ertapenem	=	4		mic_sign '=' inferred
35756053	Table_2.XLSX	Sheet1	GPALL1F								cefuroxime	=	2		mic_sign '=' inferred
35756053	Table_2.XLSX	Sheet1	GPALL1F								gentamicin	=	2		mic_sign '=' inferred
35756053	Table_2.XLSX	Sheet1	GPALL1F								ciprofloxacin	<=	0.5/9.5		
35756053	Table_2.XLSX	Sheet1	GPALL1F								cefoxitin	=	2		mic_sign '=' inferred
35756053	Table_2.XLSX	Sheet1	GPALL1F								trimethoprim	=	2		mic_sign '=' inferred
35756053	Table_2.XLSX	Sheet1	GPALL1F								sulfamethoxazole	>	4		
35756053	Table_2.XLSX	Sheet1	GPALL1F								tobramycin	=	0.12		mic_sign '=' inferred
35756053	Table_2.XLSX	Sheet1	GPALL1F								tigecycline	<=	32		
35756053	Table_2.XLSX	Sheet1	GPALL1F								ticarcillin/clavulanic acid	>	16		
35756053	Table_2.XLSX	Sheet1	GPALL1F								ceftriaxone	=	0.5		mic_sign '=' inferred
35756053	Table_2.XLSX	Sheet1	GPALL1F								amikacin	=	8		mic_sign '=' inferred
35756053	Table_2.XLSX	Sheet1	GPALL1F								ampicillin	=	0.5		mic_sign '=' inferred
35756053	Table_2.XLSX	Sheet1	GPALL1F								ampicillin/sulbactam	>	2		
35756053	Table_2.XLSX	Sheet1	GPALL1F								aztreonam	=	1		mic_sign '=' inferred
35756053	Table_2.XLSX	Sheet1	GPALL1F								cefazolin	>	4		
35756053	Table_2.XLSX	Sheet1	GPALL1F								cefepime	=	8		mic_sign '=' inferred
35756053	Table_2.XLSX	Sheet1	GPALL1F								cephalothin	=	1		mic_sign '=' inferred
35756053	Table_2.XLSX	Sheet1	GPALL1F								meropenem	=	2		mic_sign '=' inferred
35756053	Table_2.XLSX	Sheet1	GPALL1F								ertapenem	=	4		mic_sign '=' inferred
35756053	Table_2.XLSX	Sheet1	GPALL1F								cefuroxime	=	4		mic_sign '=' inferred
35756053	Table_2.XLSX	Sheet1	GPALL1F								gentamicin	=	2		mic_sign '=' inferred
35756053	Table_2.XLSX	Sheet1	GPALL1F								ciprofloxacin	<=	0.5/9.5		
35756053	Table_2.XLSX	Sheet1	GPALL1F								cefoxitin	=	1		mic_sign '=' inferred
35756053	Table_2.XLSX	Sheet1	GPALL1F								trimethoprim	<=	1		
35756053	Table_2.XLSX	Sheet1	GPALL1F								sulfamethoxazole	>	4		
35756053	Table_2.XLSX	Sheet1	GPALL1F								tobramycin	=	0.12		mic_sign '=' inferred
35756053	Table_2.XLSX	Sheet1	GPALL1F								tigecycline	<=	32		
35756053	Table_2.XLSX	Sheet1	GPALL1F								ticarcillin/clavulanic acid	>	16		
35756053	Table_2.XLSX	Sheet1	GPALL1F								ceftriaxone	<=	0.25		
35756053	Table_2.XLSX	Sheet1	GPALL1F								amikacin	>	16		
35756053	Table_2.XLSX	Sheet1	GPALL1F								ampicillin	>	4		
35756053	Table_2.XLSX	Sheet1	GPALL1F								ampicillin/sulbactam	>	2		
35756053	Table_2.XLSX	Sheet1	GPALL1F								aztreonam	>	4		
35756053	Table_2.XLSX	Sheet1	GPALL1F								cefazolin	>	4		
35756053	Table_2.XLSX	Sheet1	GPALL1F								cefepime	>	16		
35756053	Table_2.XLSX	Sheet1	GPALL1F								cephalothin	=	1		mic_sign '=' inferred
35756053	Table_2.XLSX	Sheet1	GPALL1F								meropenem	=	2		mic_sign '=' inferred
35756053	Table_2.XLSX	Sheet1	GPALL1F								ertapenem	=	4		mic_sign '=' inferred
35756053	Table_2.XLSX	Sheet1	GPALL1F								cefuroxime	=	1		mic_sign '=' inferred
35756053	Table_2.XLSX	Sheet1	GPALL1F								gentamicin	=	1		mic_sign '=' inferred
35756053	Table_2.XLSX	Sheet1	GPALL1F								ciprofloxacin	>	4/76		
35756053	Table_2.XLSX	Sheet1	GPALL1F								cefoxitin	=	2		mic_sign '=' inferred
35756053	Table_2.XLSX	Sheet1	GPALL1F								trimethoprim	=	2		mic_sign '=' inferred
35756053	Table_2.XLSX	Sheet1	GPALL1F								sulfamethoxazole	>	4		
35756053	Table_2.XLSX	Sheet1	GPALL1F								tobramycin	=	0.12		mic_sign '=' inferred
35756053	Table_2.XLSX	Sheet1	GPALL1F								tigecycline	<=	32		
35756053	Table_2.XLSX	Sheet1	GPALL1F								ticarcillin/clavulanic acid	>	16		
35756053	Table_2.XLSX	Sheet1	GPALL1F								ceftriaxone	=	0.5		mic_sign '=' inferred
35756053	Table_2.XLSX	Sheet1	GPALL1F								amikacin	=	8		mic_sign '=' inferred
35756053	Table_2.XLSX	Sheet1	GPALL1F								ampicillin	=	2		mic_sign '=' inferred
35756053	Table_2.XLSX	Sheet1	GPALL1F								ampicillin/sulbactam	>	2		
35756053	Table_2.XLSX	Sheet1	GPALL1F								aztreonam	=	1		mic_sign '=' inferred
35756053	Table_2.XLSX	Sheet1	GPALL1F								cefazolin	>	4		
35756053	Table_2.XLSX	Sheet1	GPALL1F								cefepime	=	16		mic_sign '=' inferred
35756053	Table_2.XLSX	Sheet1	GPALL1F								cephalothin	=	1		mic_sign '=' inferred
35756053	Table_2.XLSX	Sheet1	GPALL1F								meropenem	=	2		mic_sign '=' inferred
35756053	Table_2.XLSX	Sheet1	GPALL1F								ertapenem	=	4		mic_sign '=' inferred
35756053	Table_2.XLSX	Sheet1	GPALL1F								cefuroxime	=	2		mic_sign '=' inferred
35756053	Table_2.XLSX	Sheet1	GPALL1F								gentamicin	=	2		mic_sign '=' inferred
35756053	Table_2.XLSX	Sheet1	GPALL1F								ciprofloxacin	<=	0.5/9.5		
35756053	Table_2.XLSX	Sheet1	GPALL1F								cefoxitin	=	2		mic_sign '=' inferred
35756053	Table_2.XLSX	Sheet1	GPALL1F								trimethoprim	=	2		mic_sign '=' inferred
35756053	Table_2.XLSX	Sheet1	GPALL1F								sulfamethoxazole	>	4		
35756053	Table_2.XLSX	Sheet1	GPALL1F								tobramycin	=	0.12		mic_sign '=' inferred
35756053	Table_2.XLSX	Sheet1	GPALL1F								tigecycline	<=	32		
35756053	Table_2.XLSX	Sheet1	GPALL1F								ticarcillin/clavulanic acid	>	16		
35756053	Table_2.XLSX	Sheet1	GPALL1F								ceftriaxone	=	0.5		mic_sign '=' inferred
35756053	Table_2.XLSX	Sheet1	GPALL1F								amikacin	=	8		mic_sign '=' inferred
35756053	Table_2.XLSX	Sheet1	GPALL1F								ampicillin	=	0.5		mic_sign '=' inferred
35756053	Table_2.XLSX	Sheet1	GPALL1F								ampicillin/sulbactam	>	2		
35756053	Table_2.XLSX	Sheet1	GPALL1F								aztreonam	=	1		mic_sign '=' inferred
35756053	Table_2.XLSX	Sheet1	GPALL1F								cefazolin	>	4		
35756053	Table_2.XLSX	Sheet1	GPALL1F								cefepime	=	16		mic_sign '=' inferred
35756053	Table_2.XLSX	Sheet1	GPALL1F								cephalothin	=	1		mic_sign '=' inferred
35756053	Table_2.XLSX	Sheet1	GPALL1F								meropenem	=	2		mic_sign '=' inferred
35756053	Table_2.XLSX	Sheet1	GPALL1F								ertapenem	=	4		mic_sign '=' inferred
35756053	Table_2.XLSX	Sheet1	GPALL1F								cefuroxime	=	4		mic_sign '=' inferred
35756053	Table_2.XLSX	Sheet1	GPALL1F								gentamicin	=	1		mic_sign '=' inferred
35756053	Table_2.XLSX	Sheet1	GPALL1F								ciprofloxacin	<=	0.5/9.5		
35756053	Table_2.XLSX	Sheet1	GPALL1F								cefoxitin	=	1		mic_sign '=' inferred
35756053	Table_2.XLSX	Sheet1	GPALL1F								trimethoprim	<=	1		
35756053	Table_2.XLSX	Sheet1	GPALL1F								sulfamethoxazole	=	4		mic_sign '=' inferred
35756053	Table_2.XLSX	Sheet1	GPALL1F								tobramycin	=	0.12		mic_sign '=' inferred
35756053	Table_2.XLSX	Sheet1	GPALL1F								tigecycline	<=	32		
35756053	Table_2.XLSX	Sheet1	GPALL1F								ticarcillin/clavulanic acid	<=	2		
35756053	Table_2.XLSX	Sheet1	GPALL1F								ceftriaxone	<=	0.25		
35756053	Table_2.XLSX	Sheet1	GPALL1F								amikacin	=	8		mic_sign '=' inferred
35756053	Table_2.XLSX	Sheet1	GPALL1F								ampicillin	=	2		mic_sign '=' inferred
35756053	Table_2.XLSX	Sheet1	GPALL1F								ampicillin/sulbactam	>	2		
35756053	Table_2.XLSX	Sheet1	GPALL1F								aztreonam	=	2		mic_sign '=' inferred
35756053	Table_2.XLSX	Sheet1	GPALL1F								cefazolin	>	4		
35756053	Table_2.XLSX	Sheet1	GPALL1F								cefepime	=	8		mic_sign '=' inferred
35756053	Table_2.XLSX	Sheet1	GPALL1F								cephalothin	=	1		mic_sign '=' inferred
35756053	Table_2.XLSX	Sheet1	GPALL1F								meropenem	=	2		mic_sign '=' inferred
35756053	Table_2.XLSX	Sheet1	GPALL1F								ertapenem	=	4		mic_sign '=' inferred
35756053	Table_2.XLSX	Sheet1	GPALL1F								cefuroxime	=	4		mic_sign '=' inferred
35756053	Table_2.XLSX	Sheet1	GPALL1F								gentamicin	=	2		mic_sign '=' inferred
35756053	Table_2.XLSX	Sheet1	GPALL1F								ciprofloxacin	<=	0.5/9.5		
35756053	Table_2.XLSX	Sheet1	GPALL1F								cefoxitin	=	2		mic_sign '=' inferred
35756053	Table_2.XLSX	Sheet1	GPALL1F								trimethoprim	=	2		mic_sign '=' inferred
35756053	Table_2.XLSX	Sheet1	GPALL1F								sulfamethoxazole	>	4		
35756053	Table_2.XLSX	Sheet1	GPALL1F								tobramycin	=	0.25		mic_sign '=' inferred
35756053	Table_2.XLSX	Sheet1	GPALL1F								tigecycline	<=	32		
35756053	Table_2.XLSX	Sheet1	GPALL1F								ticarcillin/clavulanic acid	>	16		
35756053	Table_2.XLSX	Sheet1	GPALL1F								ceftriaxone	=	0.5		mic_sign '=' inferred
35756053	Table_2.XLSX	Sheet1	GPALL1F								amikacin	=	8		mic_sign '=' inferred
35756053	Table_2.XLSX	Sheet1	GPALL1F								ampicillin	>	4		
35756053	Table_2.XLSX	Sheet1	GPALL1F								ampicillin/sulbactam	>	2		
35756053	Table_2.XLSX	Sheet1	GPALL1F								aztreonam	=	2		mic_sign '=' inferred
35756053	Table_2.XLSX	Sheet1	GPALL1F								cefazolin	>	4		
35756053	Table_2.XLSX	Sheet1	GPALL1F								cefepime	>	16		
35756053	Table_2.XLSX	Sheet1	GPALL1F								cephalothin	=	1		mic_sign '=' inferred
35756053	Table_2.XLSX	Sheet1	GPALL1F								meropenem	=	2		mic_sign '=' inferred
35756053	Table_2.XLSX	Sheet1	GPALL1F								ertapenem	=	4		mic_sign '=' inferred
35756053	Table_2.XLSX	Sheet1	GPALL1F								cefuroxime	=	4		mic_sign '=' inferred
35756053	Table_2.XLSX	Sheet1	GPALL1F								gentamicin	=	1		mic_sign '=' inferred
35756053	Table_2.XLSX	Sheet1	GPALL1F								ciprofloxacin	<=	0.5/9.5		
35756053	Table_2.XLSX	Sheet1	GPALL1F								cefoxitin	=	1		mic_sign '=' inferred
35756053	Table_2.XLSX	Sheet1	GPALL1F								trimethoprim	<=	1		
35756053	Table_2.XLSX	Sheet1	GPALL1F								sulfamethoxazole	>	4		
35756053	Table_2.XLSX	Sheet1	GPALL1F								tobramycin	=	0.12		mic_sign '=' inferred
35756053	Table_2.XLSX	Sheet1	GPALL1F								tigecycline	<=	32		
35756053	Table_2.XLSX	Sheet1	GPALL1F								ticarcillin/clavulanic acid	<=	2		
35756053	Table_2.XLSX	Sheet1	GPALL1F								ceftriaxone	<=	0.25		
35756053	Table_2.XLSX	Sheet1	GPALL1F								amikacin	=	8		mic_sign '=' inferred
35756053	Table_2.XLSX	Sheet1	GPALL1F								ampicillin	<=	0.25		
35756053	Table_2.XLSX	Sheet1	GPALL1F								ampicillin/sulbactam	>	2		
35756053	Table_2.XLSX	Sheet1	GPALL1F								aztreonam	=	2		mic_sign '=' inferred
35756053	Table_2.XLSX	Sheet1	GPALL1F								cefazolin	>	4		
35756053	Table_2.XLSX	Sheet1	GPALL1F								cefepime	>	16		
35756053	Table_2.XLSX	Sheet1	GPALL1F								cephalothin	=	1		mic_sign '=' inferred
35756053	Table_2.XLSX	Sheet1	GPALL1F								meropenem	=	2		mic_sign '=' inferred
35756053	Table_2.XLSX	Sheet1	GPALL1F								ertapenem	=	4		mic_sign '=' inferred
35756053	Table_2.XLSX	Sheet1	GPALL1F								cefuroxime	=	4		mic_sign '=' inferred
35756053	Table_2.XLSX	Sheet1	GPALL1F								gentamicin	=	2		mic_sign '=' inferred
35756053	Table_2.XLSX	Sheet1	GPALL1F								ciprofloxacin	<=	0.5/9.5		
35756053	Table_2.XLSX	Sheet1	GPALL1F								cefoxitin	=	1		mic_sign '=' inferred
35756053	Table_2.XLSX	Sheet1	GPALL1F								trimethoprim	<=	1		
35756053	Table_2.XLSX	Sheet1	GPALL1F								sulfamethoxazole	>	4		
35756053	Table_2.XLSX	Sheet1	GPALL1F								tobramycin	=	0.25		mic_sign '=' inferred
35756053	Table_2.XLSX	Sheet1	GPALL1F								tigecycline	<=	32		
35756053	Table_2.XLSX	Sheet1	GPALL1F								ticarcillin/clavulanic acid	>	16		
35756053	Table_2.XLSX	Sheet1	GPALL1F								ceftriaxone	=	0.5		mic_sign '=' inferred
35756053	Table_2.XLSX	Sheet1	GPALL1F								amikacin	=	8		mic_sign '=' inferred
35756053	Table_2.XLSX	Sheet1	GPALL1F								ampicillin	=	1		mic_sign '=' inferred
35756053	Table_2.XLSX	Sheet1	GPALL1F								ampicillin/sulbactam	>	2		
35756053	Table_2.XLSX	Sheet1	GPALL1F								aztreonam	=	2		mic_sign '=' inferred
35756053	Table_2.XLSX	Sheet1	GPALL1F								cefazolin	>	4		
35756053	Table_2.XLSX	Sheet1	GPALL1F								cefepime	=	8		mic_sign '=' inferred
35756053	Table_2.XLSX	Sheet1	GPALL1F								cephalothin	=	1		mic_sign '=' inferred
35756053	Table_2.XLSX	Sheet1	GPALL1F								meropenem	=	2		mic_sign '=' inferred
35756053	Table_2.XLSX	Sheet1	GPALL1F								ertapenem	=	4		mic_sign '=' inferred
35756053	Table_2.XLSX	Sheet1	GPALL1F								cefuroxime	=	4		mic_sign '=' inferred
35756053	Table_2.XLSX	Sheet1	GPALL1F								gentamicin	=	1		mic_sign '=' inferred
35756053	Table_2.XLSX	Sheet1	GPALL1F								ciprofloxacin	>	4/76		
35756053	Table_2.XLSX	Sheet1	GPALL1F								cefoxitin	=	1		mic_sign '=' inferred
35756053	Table_2.XLSX	Sheet1	GPALL1F								trimethoprim	<=	1		
35756053	Table_2.XLSX	Sheet1	GPALL1F								sulfamethoxazole	>	4		
35756053	Table_2.XLSX	Sheet1	GPALL1F								tobramycin	=	0.12		mic_sign '=' inferred
35756053	Table_2.XLSX	Sheet1	GPALL1F								tigecycline	<=	32		
35756053	Table_2.XLSX	Sheet1	GPALL1F								ticarcillin/clavulanic acid	>	16		
35756053	Table_2.XLSX	Sheet1	GPALL1F								ceftriaxone	<=	0.25		
35756053	Table_2.XLSX	Sheet1	GPALL1F								amikacin	=	8		mic_sign '=' inferred
35756053	Table_2.XLSX	Sheet1	GPALL1F								ampicillin	>	4		
35756053	Table_2.XLSX	Sheet1	GPALL1F								ampicillin/sulbactam	>	2		
35756053	Table_2.XLSX	Sheet1	GPALL1F								aztreonam	=	1		mic_sign '=' inferred
35756053	Table_2.XLSX	Sheet1	GPALL1F								cefazolin	>	4		
35756053	Table_2.XLSX	Sheet1	GPALL1F								cefepime	=	8		mic_sign '=' inferred
35756053	Table_2.XLSX	Sheet1	GPALL1F								cephalothin	=	1		mic_sign '=' inferred
35756053	Table_2.XLSX	Sheet1	GPALL1F								meropenem	=	2		mic_sign '=' inferred
35756053	Table_2.XLSX	Sheet1	GPALL1F								ertapenem	=	4		mic_sign '=' inferred
35756053	Table_2.XLSX	Sheet1	GPALL1F								cefuroxime	=	4		mic_sign '=' inferred
35756053	Table_2.XLSX	Sheet1	GPALL1F								gentamicin	=	1		mic_sign '=' inferred
35756053	Table_2.XLSX	Sheet1	GPALL1F								ciprofloxacin	<=	0.5/9.5		
35756053	Table_2.XLSX	Sheet1	GPALL1F								cefoxitin	=	1		mic_sign '=' inferred
35756053	Table_2.XLSX	Sheet1	GPALL1F								trimethoprim	<=	1		
35756053	Table_2.XLSX	Sheet1	GPALL1F								sulfamethoxazole	>	4		
35756053	Table_2.XLSX	Sheet1	GPALL1F								tobramycin	=	0.12		mic_sign '=' inferred
35756053	Table_2.XLSX	Sheet1	GPALL1F								tigecycline	<=	32		
35756053	Table_2.XLSX	Sheet1	GPALL1F								ticarcillin/clavulanic acid	>	16		
35756053	Table_2.XLSX	Sheet1	GPALL1F								ceftriaxone	<=	0.25		
35756053	Table_2.XLSX	Sheet1	GPALL1F								amikacin	=	8		mic_sign '=' inferred
35756053	Table_2.XLSX	Sheet1	GPALL1F								ampicillin	>	4		
35756053	Table_2.XLSX	Sheet1	GPALL1F								ampicillin/sulbactam	>	2		
35756053	Table_2.XLSX	Sheet1	GPALL1F								aztreonam	=	2		mic_sign '=' inferred
35756053	Table_2.XLSX	Sheet1	GPALL1F								cefazolin	>	4		
35756053	Table_2.XLSX	Sheet1	GPALL1F								cefepime	>	16		
35756053	Table_2.XLSX	Sheet1	GPALL1F								cephalothin	=	1		mic_sign '=' inferred
35756053	Table_2.XLSX	Sheet1	GPALL1F								meropenem	=	2		mic_sign '=' inferred
35756053	Table_2.XLSX	Sheet1	GPALL1F								ertapenem	=	4		mic_sign '=' inferred
35756053	Table_2.XLSX	Sheet1	GPALL1F								cefuroxime	=	4		mic_sign '=' inferred
35756053	Table_2.XLSX	Sheet1	GPALL1F								gentamicin	=	2		mic_sign '=' inferred
35756053	Table_2.XLSX	Sheet1	GPALL1F								ciprofloxacin	>	4/76		
35756053	Table_2.XLSX	Sheet1	GPALL1F								cefoxitin	>	4		
35756053	Table_2.XLSX	Sheet1	GPALL1F								trimethoprim	>	2		
35756053	Table_2.XLSX	Sheet1	GPALL1F								sulfamethoxazole	>	4		
35756053	Table_2.XLSX	Sheet1	GPALL1F								tobramycin	=	0.12		mic_sign '=' inferred
35756053	Table_2.XLSX	Sheet1	GPALL1F								tigecycline	<=	32		
35756053	Table_2.XLSX	Sheet1	GPALL1F								ticarcillin/clavulanic acid	>	16		
35756053	Table_2.XLSX	Sheet1	GPALL1F								ceftriaxone	>	4		
35756053	Table_2.XLSX	Sheet1	GPALL1F								amikacin	=	8		mic_sign '=' inferred
35756053	Table_2.XLSX	Sheet1	GPALL1F								ampicillin	=	1		mic_sign '=' inferred
35756053	Table_2.XLSX	Sheet1	GPALL1F								ampicillin/sulbactam	>	2		
35756053	Table_2.XLSX	Sheet1	GPALL1F								aztreonam	=	1		mic_sign '=' inferred
35756053	Table_2.XLSX	Sheet1	GPALL1F								cefazolin	>	4		
35756053	Table_2.XLSX	Sheet1	GPALL1F								cefepime	=	8		mic_sign '=' inferred
35756053	Table_2.XLSX	Sheet1	GPALL1F								cephalothin	=	1		mic_sign '=' inferred
35756053	Table_2.XLSX	Sheet1	GPALL1F								meropenem	=	2		mic_sign '=' inferred
35756053	Table_2.XLSX	Sheet1	GPALL1F								ertapenem	=	4		mic_sign '=' inferred
35756053	Table_2.XLSX	Sheet1	GPALL1F								cefuroxime	=	2		mic_sign '=' inferred
35756053	Table_2.XLSX	Sheet1	GPALL1F								gentamicin	=	0.5		mic_sign '=' inferred
35756053	Table_2.XLSX	Sheet1	GPALL1F								ciprofloxacin	<=	0.5/9.5		
35756053	Table_2.XLSX	Sheet1	GPALL1F								cefoxitin	=	2		mic_sign '=' inferred
35756053	Table_2.XLSX	Sheet1	GPALL1F								trimethoprim	<=	1		
35756053	Table_2.XLSX	Sheet1	GPALL1F								sulfamethoxazole	=	2		mic_sign '=' inferred
35756053	Table_2.XLSX	Sheet1	GPALL1F								tobramycin	=	0.12		mic_sign '=' inferred
35756053	Table_2.XLSX	Sheet1	GPALL1F								tigecycline	<=	32		
35756053	Table_2.XLSX	Sheet1	GPALL1F								ticarcillin/clavulanic acid	<=	2		
35756053	Table_2.XLSX	Sheet1	GPALL1F								ceftriaxone	=	0.5		mic_sign '=' inferred
35756053	Table_2.XLSX	Sheet1	GPALL1F								amikacin	=	8		mic_sign '=' inferred
35756053	Table_2.XLSX	Sheet1	GPALL1F								ampicillin	>	4		
35756053	Table_2.XLSX	Sheet1	GPALL1F								ampicillin/sulbactam	>	2		
35756053	Table_2.XLSX	Sheet1	GPALL1F								aztreonam	=	4		mic_sign '=' inferred
35756053	Table_2.XLSX	Sheet1	GPALL1F								cefazolin	>	4		
35756053	Table_2.XLSX	Sheet1	GPALL1F								cefepime	>	16		
35756053	Table_2.XLSX	Sheet1	GPALL1F								cephalothin	>	8		
35756053	Table_2.XLSX	Sheet1	GPALL1F								meropenem	=	2		mic_sign '=' inferred
35756053	Table_2.XLSX	Sheet1	GPALL1F								ertapenem	>	8		
35756053	Table_2.XLSX	Sheet1	GPALL1F								cefuroxime	>	4		
35756053	Table_2.XLSX	Sheet1	GPALL1F								gentamicin	=	0.5		mic_sign '=' inferred
35756053	Table_2.XLSX	Sheet1	GPALL1F								ciprofloxacin	>	4/76		
35756053	Table_2.XLSX	Sheet1	GPALL1F								cefoxitin	>	4		
35756053	Table_2.XLSX	Sheet1	GPALL1F								trimethoprim	>	2		
35756053	Table_2.XLSX	Sheet1	GPALL1F								sulfamethoxazole	=	1		mic_sign '=' inferred
35756053	Table_2.XLSX	Sheet1	GPALL1F								tobramycin	=	0.06		mic_sign '=' inferred
35756053	Table_2.XLSX	Sheet1	GPALL1F								tigecycline	<=	32		
35756053	Table_2.XLSX	Sheet1	GPALL1F								ticarcillin/clavulanic acid	<=	2		
35756053	Table_2.XLSX	Sheet1	GPALL1F								ceftriaxone	>	4		
35756053	Table_2.XLSX	Sheet1	GPALL1F								amikacin	=	8		mic_sign '=' inferred
35756053	Table_2.XLSX	Sheet1	GPALL1F								ampicillin	>	4		
35756053	Table_2.XLSX	Sheet1	GPALL1F								ampicillin/sulbactam	>	2		
35756053	Table_2.XLSX	Sheet1	GPALL1F								aztreonam	=	1		mic_sign '=' inferred
35756053	Table_2.XLSX	Sheet1	GPALL1F								cefazolin	>	4		
35756053	Table_2.XLSX	Sheet1	GPALL1F								cefepime	<=	2		
35756053	Table_2.XLSX	Sheet1	GPALL1F								cephalothin	>	8		
35756053	Table_2.XLSX	Sheet1	GPALL1F								meropenem	=	2		mic_sign '=' inferred
35756053	Table_2.XLSX	Sheet1	GPALL1F								ertapenem	>	8		
35756053	Table_2.XLSX	Sheet1	GPALL1F								cefuroxime	=	4		mic_sign '=' inferred
35756053	Table_2.XLSX	Sheet1	GPALL1F								gentamicin	=	0.5		mic_sign '=' inferred
35756053	Table_2.XLSX	Sheet1	GPALL1F								ciprofloxacin	>	4/76		
35756053	Table_2.XLSX	Sheet1	GPALL1F								cefoxitin	>	4		
35756053	Table_2.XLSX	Sheet1	GPALL1F								trimethoprim	>	2		
35756053	Table_2.XLSX	Sheet1	GPALL1F								sulfamethoxazole	=	1		mic_sign '=' inferred
35756053	Table_2.XLSX	Sheet1	GPALL1F								tobramycin	=	0.12		mic_sign '=' inferred
35756053	Table_2.XLSX	Sheet1	GPALL1F								tigecycline	=	64		mic_sign '=' inferred
35756053	Table_2.XLSX	Sheet1	GPALL1F								ticarcillin/clavulanic acid	<=	2		
35756053	Table_2.XLSX	Sheet1	GPALL1F								ceftriaxone	>	4		
35756053	Table_2.XLSX	Sheet1	GPALL1F								amikacin	=	8		mic_sign '=' inferred
35756053	Table_2.XLSX	Sheet1	GPALL1F								ampicillin	>	4		
35756053	Table_2.XLSX	Sheet1	GPALL1F								ampicillin/sulbactam	>	2		
35756053	Table_2.XLSX	Sheet1	GPALL1F								aztreonam	=	4		mic_sign '=' inferred
35756053	Table_2.XLSX	Sheet1	GPALL1F								cefazolin	>	4		
35756053	Table_2.XLSX	Sheet1	GPALL1F								cefepime	>	16		
35756053	Table_2.XLSX	Sheet1	GPALL1F								cephalothin	>	8		
35756053	Table_2.XLSX	Sheet1	GPALL1F								meropenem	=	2		mic_sign '=' inferred
35756053	Table_2.XLSX	Sheet1	GPALL1F								ertapenem	>	8		
35756053	Table_2.XLSX	Sheet1	GPALL1F								cefuroxime	>	4		
35756053	Table_2.XLSX	Sheet1	GPALL1F								gentamicin	=	1		mic_sign '=' inferred
35756053	Table_2.XLSX	Sheet1	GPALL1F								ciprofloxacin	>	4/76		
35756053	Table_2.XLSX	Sheet1	GPALL1F								cefoxitin	>	4		
35756053	Table_2.XLSX	Sheet1	GPALL1F								trimethoprim	>	2		
35756053	Table_2.XLSX	Sheet1	GPALL1F								sulfamethoxazole	=	1		mic_sign '=' inferred
35756053	Table_2.XLSX	Sheet1	GPALL1F								tobramycin	=	0.12		mic_sign '=' inferred
35756053	Table_2.XLSX	Sheet1	GPALL1F								tigecycline	=	64		mic_sign '=' inferred
35756053	Table_2.XLSX	Sheet1	GPALL1F								ticarcillin/clavulanic acid	<=	2		
35756053	Table_2.XLSX	Sheet1	GPALL1F								ceftriaxone	>	4		
35756053	Table_2.XLSX	Sheet1	GPALL1F								amikacin	=	8		mic_sign '=' inferred
35756053	Table_2.XLSX	Sheet1	GPALL1F								ampicillin	<=	0.25		
35756053	Table_2.XLSX	Sheet1	GPALL1F								ampicillin/sulbactam	>	2		
35756053	Table_2.XLSX	Sheet1	GPALL1F								aztreonam	=	2		mic_sign '=' inferred
35756053	Table_2.XLSX	Sheet1	GPALL1F								cefazolin	>	4		
35756053	Table_2.XLSX	Sheet1	GPALL1F								cefepime	=	8		mic_sign '=' inferred
35756053	Table_2.XLSX	Sheet1	GPALL1F								cephalothin	>	8		
35756053	Table_2.XLSX	Sheet1	GPALL1F								meropenem	=	2		mic_sign '=' inferred
35756053	Table_2.XLSX	Sheet1	GPALL1F								ertapenem	>	8		
35756053	Table_2.XLSX	Sheet1	GPALL1F								cefuroxime	=	1		mic_sign '=' inferred
35756053	Table_2.XLSX	Sheet1	GPALL1F								gentamicin	=	1		mic_sign '=' inferred
35756053	Table_2.XLSX	Sheet1	GPALL1F								ciprofloxacin	=	4/76		mic_sign '=' inferred
35756053	Table_2.XLSX	Sheet1	GPALL1F								cefoxitin	>	4		
35756053	Table_2.XLSX	Sheet1	GPALL1F								trimethoprim	>	2		
35756053	Table_2.XLSX	Sheet1	GPALL1F								sulfamethoxazole	=	2		mic_sign '=' inferred
35756053	Table_2.XLSX	Sheet1	GPALL1F								tobramycin	=	0.12		mic_sign '=' inferred
35756053	Table_2.XLSX	Sheet1	GPALL1F								tigecycline	<=	32		
35756053	Table_2.XLSX	Sheet1	GPALL1F								ticarcillin/clavulanic acid	<=	2		
35756053	Table_2.XLSX	Sheet1	GPALL1F								ceftriaxone	>	4		
35756053	Table_2.XLSX	Sheet1	GPALL1F								amikacin	=	8		mic_sign '=' inferred
35756053	Table_2.XLSX	Sheet1	GPALL1F								ampicillin	>	4		
35756053	Table_2.XLSX	Sheet1	GPALL1F								ampicillin/sulbactam	>	2		
35756053	Table_2.XLSX	Sheet1	GPALL1F								aztreonam	=	4		mic_sign '=' inferred
35756053	Table_2.XLSX	Sheet1	GPALL1F								cefazolin	>	4		
35756053	Table_2.XLSX	Sheet1	GPALL1F								cefepime	>	16		
35756053	Table_2.XLSX	Sheet1	GPALL1F								cephalothin	>	8		
35756053	Table_2.XLSX	Sheet1	GPALL1F								meropenem	=	2		mic_sign '=' inferred
35756053	Table_2.XLSX	Sheet1	GPALL1F								ertapenem	>	8		
35756053	Table_2.XLSX	Sheet1	GPALL1F								cefuroxime	>	4		
35756053	Table_2.XLSX	Sheet1	GPALL1F								gentamicin	=	1		mic_sign '=' inferred
35756053	Table_2.XLSX	Sheet1	GPALL1F								ciprofloxacin	>	4/76		
35756053	Table_2.XLSX	Sheet1	GPALL1F								cefoxitin	>	4		
35756053	Table_2.XLSX	Sheet1	GPALL1F								trimethoprim	>	2		
35756053	Table_2.XLSX	Sheet1	GPALL1F								sulfamethoxazole	<=	0.5		
35756053	Table_2.XLSX	Sheet1	GPALL1F								tobramycin	=	0.06		mic_sign '=' inferred
35756053	Table_2.XLSX	Sheet1	GPALL1F								tigecycline	=	64		mic_sign '=' inferred
35756053	Table_2.XLSX	Sheet1	GPALL1F								ticarcillin/clavulanic acid	<=	2		
35756053	Table_2.XLSX	Sheet1	GPALL1F								ceftriaxone	>	4		
35756053	Table_2.XLSX	Sheet1	GPALL1F								amikacin	=	8		mic_sign '=' inferred
35756053	Table_2.XLSX	Sheet1	GPALL1F								ampicillin	>	4		
35756053	Table_2.XLSX	Sheet1	GPALL1F								ampicillin/sulbactam	>	2		
35756053	Table_2.XLSX	Sheet1	GPALL1F								aztreonam	=	4		mic_sign '=' inferred
35756053	Table_2.XLSX	Sheet1	GPALL1F								cefazolin	>	4		
35756053	Table_2.XLSX	Sheet1	GPALL1F								cefepime	>	16		
35756053	Table_2.XLSX	Sheet1	GPALL1F								cephalothin	>	8		
35756053	Table_2.XLSX	Sheet1	GPALL1F								meropenem	=	2		mic_sign '=' inferred
35756053	Table_2.XLSX	Sheet1	GPALL1F								ertapenem	>	8		
35756053	Table_2.XLSX	Sheet1	GPALL1F								cefuroxime	>	4		
35756053	Table_2.XLSX	Sheet1	GPALL1F								gentamicin	=	1		mic_sign '=' inferred
35756053	Table_2.XLSX	Sheet1	GPALL1F								ciprofloxacin	>	4/76		
35756053	Table_2.XLSX	Sheet1	GPALL1F								cefoxitin	>	4		
35756053	Table_2.XLSX	Sheet1	GPALL1F								trimethoprim	>	2		
35756053	Table_2.XLSX	Sheet1	GPALL1F								sulfamethoxazole	=	2		mic_sign '=' inferred
35756053	Table_2.XLSX	Sheet1	GPALL1F								tobramycin	=	0.12		mic_sign '=' inferred
35756053	Table_2.XLSX	Sheet1	GPALL1F								tigecycline	=	64		mic_sign '=' inferred
35756053	Table_2.XLSX	Sheet1	GPALL1F								ticarcillin/clavulanic acid	>	16		
35756053	Table_2.XLSX	Sheet1	GPALL1F								ceftriaxone	>	4		
35756053	Table_2.XLSX	Sheet1	GPALL1F								amikacin	=	8		mic_sign '=' inferred
35756053	Table_2.XLSX	Sheet1	GPALL1F								ampicillin	>	4		
35756053	Table_2.XLSX	Sheet1	GPALL1F								ampicillin/sulbactam	>	2		
35756053	Table_2.XLSX	Sheet1	GPALL1F								aztreonam	=	4		mic_sign '=' inferred
35756053	Table_2.XLSX	Sheet1	GPALL1F								cefazolin	>	4		
35756053	Table_2.XLSX	Sheet1	GPALL1F								cefepime	>	16		
35756053	Table_2.XLSX	Sheet1	GPALL1F								cephalothin	>	8		
35756053	Table_2.XLSX	Sheet1	GPALL1F								meropenem	=	2		mic_sign '=' inferred
35756053	Table_2.XLSX	Sheet1	GPALL1F								ertapenem	>	8		
35756053	Table_2.XLSX	Sheet1	GPALL1F								cefuroxime	>	4		
35756053	Table_2.XLSX	Sheet1	GPALL1F								gentamicin	=	1		mic_sign '=' inferred
35756053	Table_2.XLSX	Sheet1	GPALL1F								ciprofloxacin	>	4/76		
35756053	Table_2.XLSX	Sheet1	GPALL1F								cefoxitin	>	4		
35756053	Table_2.XLSX	Sheet1	GPALL1F								trimethoprim	>	2		
35756053	Table_2.XLSX	Sheet1	GPALL1F								sulfamethoxazole	<=	0.5		
35756053	Table_2.XLSX	Sheet1	GPALL1F								tobramycin	=	0.12		mic_sign '=' inferred
35756053	Table_2.XLSX	Sheet1	GPALL1F								tigecycline	=	64		mic_sign '=' inferred
35756053	Table_2.XLSX	Sheet1	GPALL1F								ticarcillin/clavulanic acid	<=	2		
35756053	Table_2.XLSX	Sheet1	GPALL1F								ceftriaxone	>	4		
35756053	Table_2.XLSX	Sheet1	GPALL1F								amikacin	=	8		mic_sign '=' inferred
35756053	Table_2.XLSX	Sheet1	GPALL1F								ampicillin	>	4		
35756053	Table_2.XLSX	Sheet1	GPALL1F								ampicillin/sulbactam	>	2		
35756053	Table_2.XLSX	Sheet1	GPALL1F								aztreonam	=	4		mic_sign '=' inferred
35756053	Table_2.XLSX	Sheet1	GPALL1F								cefazolin	>	4		
35756053	Table_2.XLSX	Sheet1	GPALL1F								cefepime	=	4		mic_sign '=' inferred
35756053	Table_2.XLSX	Sheet1	GPALL1F								cephalothin	>	8		
35756053	Table_2.XLSX	Sheet1	GPALL1F								meropenem	=	2		mic_sign '=' inferred
35756053	Table_2.XLSX	Sheet1	GPALL1F								ertapenem	>	8		
35756053	Table_2.XLSX	Sheet1	GPALL1F								cefuroxime	>	4		
35756053	Table_2.XLSX	Sheet1	GPALL1F								gentamicin	=	1		mic_sign '=' inferred
35756053	Table_2.XLSX	Sheet1	GPALL1F								ciprofloxacin	>	4/76		
35756053	Table_2.XLSX	Sheet1	GPALL1F								cefoxitin	>	4		
35756053	Table_2.XLSX	Sheet1	GPALL1F								trimethoprim	>	2		
35756053	Table_2.XLSX	Sheet1	GPALL1F								sulfamethoxazole	=	1		mic_sign '=' inferred
35756053	Table_2.XLSX	Sheet1	GPALL1F								tobramycin	=	0.12		mic_sign '=' inferred
35756053	Table_2.XLSX	Sheet1	GPALL1F								tigecycline	=	64		mic_sign '=' inferred
35756053	Table_2.XLSX	Sheet1	GPALL1F								ticarcillin/clavulanic acid	<=	2		
35756053	Table_2.XLSX	Sheet1	GPALL1F								ceftriaxone	>	4		
35756053	Table_2.XLSX	Sheet1	GPALL1F								amikacin	=	8		mic_sign '=' inferred
35756053	Table_2.XLSX	Sheet1	GPALL1F								ampicillin	>	4		
35756053	Table_2.XLSX	Sheet1	GPALL1F								ampicillin/sulbactam	>	2		
35756053	Table_2.XLSX	Sheet1	GPALL1F								aztreonam	=	4		mic_sign '=' inferred
35756053	Table_2.XLSX	Sheet1	GPALL1F								cefazolin	>	4		
35756053	Table_2.XLSX	Sheet1	GPALL1F								cefepime	>	16		
35756053	Table_2.XLSX	Sheet1	GPALL1F								cephalothin	>	8		
35756053	Table_2.XLSX	Sheet1	GPALL1F								meropenem	=	2		mic_sign '=' inferred
35756053	Table_2.XLSX	Sheet1	GPALL1F								ertapenem	>	8		
35756053	Table_2.XLSX	Sheet1	GPALL1F								cefuroxime	>	4		
35756053	Table_2.XLSX	Sheet1	GPALL1F								gentamicin	=	1		mic_sign '=' inferred
35756053	Table_2.XLSX	Sheet1	GPALL1F								ciprofloxacin	>	4/76		
35756053	Table_2.XLSX	Sheet1	GPALL1F								cefoxitin	>	4		
35756053	Table_2.XLSX	Sheet1	GPALL1F								trimethoprim	>	2		
35756053	Table_2.XLSX	Sheet1	GPALL1F								sulfamethoxazole	>	4		
35756053	Table_2.XLSX	Sheet1	GPALL1F								tobramycin	=	0.12		mic_sign '=' inferred
35756053	Table_2.XLSX	Sheet1	GPALL1F								tigecycline	>	64		
35756053	Table_2.XLSX	Sheet1	GPALL1F								ticarcillin/clavulanic acid	>	16		
35756053	Table_2.XLSX	Sheet1	GPALL1F								ceftriaxone	>	4		
