extracted_row	pmid	isolate_id	drug	normalized_drug	genome_id	matched_accessions	genome_match_status	extracted_sir_raw	extracted_sir	ground_truth_sir_raw	ground_truth_sir	sir_result	extracted_mic_sign_raw	extracted_mic_raw	extracted_mic_sign	extracted_mic	ground_truth_mic_sign	ground_truth_mic	mic_result
2	25038069	7068_7_41	gentamicin	gentamicin			NO_ACCESSIONS	R	R			NOT_EVALUATED							NOT_EVALUATED
3	25038069	7068_7_41	erythromycin	erythromycin			NO_ACCESSIONS	R	R			NOT_EVALUATED							NOT_EVALUATED
4	25038069	7068_7_41	oxacillin	oxacillin			NO_ACCESSIONS	R	R			NOT_EVALUATED							NOT_EVALUATED
5	25038069	7068_7_41	fusidic acid	fusidic acid			NO_ACCESSIONS	S	S			NOT_EVALUATED							NOT_EVALUATED
6	25038069	7068_7_41	tetracycline	tetracycline			NO_ACCESSIONS	S	S			NOT_EVALUATED							NOT_EVALUATED
7	25038069	7068_7_41	ciprofloxacin	ciprofloxacin			NO_ACCESSIONS	R	R			NOT_EVALUATED							NOT_EVALUATED
8	25038069	7068_7_41	rifampin	rifampin			NO_ACCESSIONS	S	S			NOT_EVALUATED							NOT_EVALUATED
9	25038069	7068_7_41	vancomycin	vancomycin			NO_ACCESSIONS	S	S			NOT_EVALUATED							NOT_EVALUATED
10	25038069	7068_7_41	mupirocin	mupirocin			NO_ACCESSIONS	S	S			NOT_EVALUATED							NOT_EVALUATED
11	25038069	7068_7_41	linezolid	linezolid			NO_ACCESSIONS	S	S			NOT_EVALUATED							NOT_EVALUATED
12	25038069	7068_7_41	fosfomycin	fosfomycin			NO_ACCESSIONS	R	R			NOT_EVALUATED							NOT_EVALUATED
13	25038069	7068_7_41	daptomycin	daptomycin			NO_ACCESSIONS	S	S			NOT_EVALUATED							NOT_EVALUATED
14	25038069	7068_7_61	gentamicin	gentamicin			NO_ACCESSIONS	R	R			NOT_EVALUATED							NOT_EVALUATED
15	25038069	7068_7_61	erythromycin	erythromycin			NO_ACCESSIONS	R	R			NOT_EVALUATED							NOT_EVALUATED
16	25038069	7068_7_61	oxacillin	oxacillin			NO_ACCESSIONS	R	R			NOT_EVALUATED							NOT_EVALUATED
17	25038069	7068_7_61	fusidic acid	fusidic acid			NO_ACCESSIONS	S	S			NOT_EVALUATED							NOT_EVALUATED
18	25038069	7068_7_61	tetracycline	tetracycline			NO_ACCESSIONS	S	S			NOT_EVALUATED							NOT_EVALUATED
19	25038069	7068_7_61	ciprofloxacin	ciprofloxacin			NO_ACCESSIONS	R	R			NOT_EVALUATED							NOT_EVALUATED
20	25038069	7068_7_61	rifampin	rifampin			NO_ACCESSIONS	S	S			NOT_EVALUATED							NOT_EVALUATED
21	25038069	7068_7_61	vancomycin	vancomycin			NO_ACCESSIONS	S	S			NOT_EVALUATED							NOT_EVALUATED
22	25038069	7068_7_61	mupirocin	mupirocin			NO_ACCESSIONS	S	S			NOT_EVALUATED							NOT_EVALUATED
23	25038069	7068_7_61	linezolid	linezolid			NO_ACCESSIONS	S	S			NOT_EVALUATED							NOT_EVALUATED
24	25038069	7068_7_61	fosfomycin	fosfomycin			NO_ACCESSIONS	R	R			NOT_EVALUATED							NOT_EVALUATED
25	25038069	7068_7_61	daptomycin	daptomycin			NO_ACCESSIONS	S	S			NOT_EVALUATED							NOT_EVALUATED
26	25038069	7068_7_51	gentamicin	gentamicin			NO_ACCESSIONS	R	R			NOT_EVALUATED							NOT_EVALUATED
27	25038069	7068_7_51	erythromycin	erythromycin			NO_ACCESSIONS	R	R			NOT_EVALUATED							NOT_EVALUATED
28	25038069	7068_7_51	oxacillin	oxacillin			NO_ACCESSIONS	R	R			NOT_EVALUATED							NOT_EVALUATED
29	25038069	7068_7_51	fusidic acid	fusidic acid			NO_ACCESSIONS	S	S			NOT_EVALUATED							NOT_EVALUATED
30	25038069	7068_7_51	tetracycline	tetracycline			NO_ACCESSIONS	S	S			NOT_EVALUATED							NOT_EVALUATED
31	25038069	7068_7_51	ciprofloxacin	ciprofloxacin			NO_ACCESSIONS	R	R			NOT_EVALUATED							NOT_EVALUATED
32	25038069	7068_7_51	rifampin	rifampin			NO_ACCESSIONS	S	S			NOT_EVALUATED							NOT_EVALUATED
33	25038069	7068_7_51	vancomycin	vancomycin			NO_ACCESSIONS	S	S			NOT_EVALUATED							NOT_EVALUATED
34	25038069	7068_7_51	mupirocin	mupirocin			NO_ACCESSIONS	S	S			NOT_EVALUATED							NOT_EVALUATED
35	25038069	7068_7_51	linezolid	linezolid			NO_ACCESSIONS	S	S			NOT_EVALUATED							NOT_EVALUATED
36	25038069	7068_7_51	fosfomycin	fosfomycin			NO_ACCESSIONS	R	R			NOT_EVALUATED							NOT_EVALUATED
37	25038069	7068_7_51	daptomycin	daptomycin			NO_ACCESSIONS	S	S			NOT_EVALUATED							NOT_EVALUATED
38	25038069	7068_7_54	gentamicin	gentamicin			NO_ACCESSIONS	R	R			NOT_EVALUATED							NOT_EVALUATED
39	25038069	7068_7_54	erythromycin	erythromycin			NO_ACCESSIONS	R	R			NOT_EVALUATED							NOT_EVALUATED
40	25038069	7068_7_54	oxacillin	oxacillin			NO_ACCESSIONS	R	R			NOT_EVALUATED							NOT_EVALUATED
41	25038069	7068_7_54	fusidic acid	fusidic acid			NO_ACCESSIONS	S	S			NOT_EVALUATED							NOT_EVALUATED
42	25038069	7068_7_54	ciprofloxacin	ciprofloxacin			NO_ACCESSIONS	R	R			NOT_EVALUATED							NOT_EVALUATED
43	25038069	7068_7_54	rifampin	rifampin			NO_ACCESSIONS	R	R			NOT_EVALUATED							NOT_EVALUATED
44	25038069	7068_7_54	vancomycin	vancomycin			NO_ACCESSIONS	S	S			NOT_EVALUATED							NOT_EVALUATED
45	25038069	7068_7_54	mupirocin	mupirocin			NO_ACCESSIONS	S	S			NOT_EVALUATED							NOT_EVALUATED
46	25038069	7068_7_54	linezolid	linezolid			NO_ACCESSIONS	S	S			NOT_EVALUATED							NOT_EVALUATED
47	25038069	7068_7_54	fosfomycin	fosfomycin			NO_ACCESSIONS	S	S			NOT_EVALUATED							NOT_EVALUATED
48	25038069	7068_7_54	daptomycin	daptomycin			NO_ACCESSIONS	S	S			NOT_EVALUATED							NOT_EVALUATED
49	25038069	7068_7_42	gentamicin	gentamicin			NO_ACCESSIONS	R	R			NOT_EVALUATED							NOT_EVALUATED
50	25038069	7068_7_42	erythromycin	erythromycin			NO_ACCESSIONS	R	R			NOT_EVALUATED							NOT_EVALUATED
51	25038069	7068_7_42	oxacillin	oxacillin			NO_ACCESSIONS	R	R			NOT_EVALUATED							NOT_EVALUATED
52	25038069	7068_7_42	fusidic acid	fusidic acid			NO_ACCESSIONS	S	S			NOT_EVALUATED							NOT_EVALUATED
53	25038069	7068_7_42	ciprofloxacin	ciprofloxacin			NO_ACCESSIONS	R	R			NOT_EVALUATED							NOT_EVALUATED
54	25038069	7068_7_42	rifampin	rifampin			NO_ACCESSIONS	S	S			NOT_EVALUATED							NOT_EVALUATED
55	25038069	7068_7_42	vancomycin	vancomycin			NO_ACCESSIONS	S	S			NOT_EVALUATED							NOT_EVALUATED
56	25038069	7068_7_42	mupirocin	mupirocin			NO_ACCESSIONS	S	S			NOT_EVALUATED							NOT_EVALUATED
57	25038069	7068_7_42	linezolid	linezolid			NO_ACCESSIONS	S	S			NOT_EVALUATED							NOT_EVALUATED
58	25038069	7068_7_42	fosfomycin	fosfomycin			NO_ACCESSIONS	R	R			NOT_EVALUATED							NOT_EVALUATED
59	25038069	7068_7_42	daptomycin	daptomycin			NO_ACCESSIONS	S	S			NOT_EVALUATED							NOT_EVALUATED
60	25038069	7068_7_43	gentamicin	gentamicin			NO_ACCESSIONS	R	R			NOT_EVALUATED							NOT_EVALUATED
61	25038069	7068_7_43	erythromycin	erythromycin			NO_ACCESSIONS	R	R			NOT_EVALUATED							NOT_EVALUATED
62	25038069	7068_7_43	oxacillin	oxacillin			NO_ACCESSIONS	R	R			NOT_EVALUATED							NOT_EVALUATED
63	25038069	7068_7_43	fusidic acid	fusidic acid			NO_ACCESSIONS	S	S			NOT_EVALUATED							NOT_EVALUATED
64	25038069	7068_7_43	ciprofloxacin	ciprofloxacin			NO_ACCESSIONS	R	R			NOT_EVALUATED							NOT_EVALUATED
65	25038069	7068_7_43	rifampin	rifampin			NO_ACCESSIONS	S	S			NOT_EVALUATED							NOT_EVALUATED
66	25038069	7068_7_43	vancomycin	vancomycin			NO_ACCESSIONS	S	S			NOT_EVALUATED							NOT_EVALUATED
67	25038069	7068_7_43	mupirocin	mupirocin			NO_ACCESSIONS	S	S			NOT_EVALUATED							NOT_EVALUATED
68	25038069	7068_7_43	linezolid	linezolid			NO_ACCESSIONS	S	S			NOT_EVALUATED							NOT_EVALUATED
69	25038069	7068_7_43	fosfomycin	fosfomycin			NO_ACCESSIONS	R	R			NOT_EVALUATED							NOT_EVALUATED
70	25038069	7068_7_43	daptomycin	daptomycin			NO_ACCESSIONS	S	S			NOT_EVALUATED							NOT_EVALUATED
71	25038069	7068_7_6	gentamicin	gentamicin			NO_ACCESSIONS	R	R			NOT_EVALUATED							NOT_EVALUATED
72	25038069	7068_7_6	erythromycin	erythromycin			NO_ACCESSIONS	R	R			NOT_EVALUATED							NOT_EVALUATED
73	25038069	7068_7_6	oxacillin	oxacillin			NO_ACCESSIONS	R	R			NOT_EVALUATED							NOT_EVALUATED
74	25038069	7068_7_6	fusidic acid	fusidic acid			NO_ACCESSIONS	S	S			NOT_EVALUATED							NOT_EVALUATED
75	25038069	7068_7_6	tetracycline	tetracycline			NO_ACCESSIONS	S	S			NOT_EVALUATED							NOT_EVALUATED
76	25038069	7068_7_6	ciprofloxacin	ciprofloxacin			NO_ACCESSIONS	R	R			NOT_EVALUATED							NOT_EVALUATED
77	25038069	7068_7_6	rifampin	rifampin			NO_ACCESSIONS	S	S			NOT_EVALUATED							NOT_EVALUATED
78	25038069	7068_7_6	vancomycin	vancomycin			NO_ACCESSIONS	S	S			NOT_EVALUATED							NOT_EVALUATED
79	25038069	7068_7_6	trimethoprim	trimethoprim			NO_ACCESSIONS	S	S			NOT_EVALUATED							NOT_EVALUATED
80	25038069	7068_7_6	mupirocin	mupirocin			NO_ACCESSIONS	S	S			NOT_EVALUATED							NOT_EVALUATED
81	25038069	7068_7_6	linezolid	linezolid			NO_ACCESSIONS	S	S			NOT_EVALUATED							NOT_EVALUATED
82	25038069	7068_7_6	fosfomycin	fosfomycin			NO_ACCESSIONS	R	R			NOT_EVALUATED							NOT_EVALUATED
83	25038069	7068_7_6	daptomycin	daptomycin			NO_ACCESSIONS	S	S			NOT_EVALUATED							NOT_EVALUATED
84	25038069	7067_4_36	gentamicin	gentamicin			NO_ACCESSIONS	R	R			NOT_EVALUATED							NOT_EVALUATED
85	25038069	7067_4_36	erythromycin	erythromycin			NO_ACCESSIONS	R	R			NOT_EVALUATED							NOT_EVALUATED
86	25038069	7067_4_36	oxacillin	oxacillin			NO_ACCESSIONS	R	R			NOT_EVALUATED							NOT_EVALUATED
87	25038069	7067_4_36	fusidic acid	fusidic acid			NO_ACCESSIONS	S	S			NOT_EVALUATED							NOT_EVALUATED
88	25038069	7067_4_36	tetracycline	tetracycline			NO_ACCESSIONS	S	S			NOT_EVALUATED							NOT_EVALUATED
89	25038069	7067_4_36	ciprofloxacin	ciprofloxacin			NO_ACCESSIONS	R	R			NOT_EVALUATED							NOT_EVALUATED
90	25038069	7067_4_36	rifampin	rifampin			NO_ACCESSIONS	S	S			NOT_EVALUATED							NOT_EVALUATED
91	25038069	7067_4_36	vancomycin	vancomycin			NO_ACCESSIONS	S	S			NOT_EVALUATED							NOT_EVALUATED
92	25038069	7067_4_36	mupirocin	mupirocin			NO_ACCESSIONS	S	S			NOT_EVALUATED							NOT_EVALUATED
93	25038069	7067_4_36	linezolid	linezolid			NO_ACCESSIONS	S	S			NOT_EVALUATED							NOT_EVALUATED
94	25038069	7067_4_36	daptomycin	daptomycin			NO_ACCESSIONS	S	S			NOT_EVALUATED							NOT_EVALUATED
95	25038069	7067_4_35	gentamicin	gentamicin			NO_ACCESSIONS	R	R			NOT_EVALUATED							NOT_EVALUATED
96	25038069	7067_4_35	erythromycin	erythromycin			NO_ACCESSIONS	R	R			NOT_EVALUATED							NOT_EVALUATED
97	25038069	7067_4_35	oxacillin	oxacillin			NO_ACCESSIONS	R	R			NOT_EVALUATED							NOT_EVALUATED
98	25038069	7067_4_35	fusidic acid	fusidic acid			NO_ACCESSIONS	S	S			NOT_EVALUATED							NOT_EVALUATED
99	25038069	7067_4_35	tetracycline	tetracycline			NO_ACCESSIONS	S	S			NOT_EVALUATED							NOT_EVALUATED
100	25038069	7067_4_35	ciprofloxacin	ciprofloxacin			NO_ACCESSIONS	R	R			NOT_EVALUATED							NOT_EVALUATED
101	25038069	7067_4_35	rifampin	rifampin			NO_ACCESSIONS	S	S			NOT_EVALUATED							NOT_EVALUATED
102	25038069	7067_4_35	vancomycin	vancomycin			NO_ACCESSIONS	S	S			NOT_EVALUATED							NOT_EVALUATED
103	25038069	7067_4_35	mupirocin	mupirocin			NO_ACCESSIONS	S	S			NOT_EVALUATED							NOT_EVALUATED
104	25038069	7067_4_35	linezolid	linezolid			NO_ACCESSIONS	S	S			NOT_EVALUATED							NOT_EVALUATED
105	25038069	7067_4_35	daptomycin	daptomycin			NO_ACCESSIONS	S	S			NOT_EVALUATED							NOT_EVALUATED
106	25038069	7067_4_41	gentamicin	gentamicin			NO_ACCESSIONS	R	R			NOT_EVALUATED							NOT_EVALUATED
107	25038069	7067_4_41	erythromycin	erythromycin			NO_ACCESSIONS	R	R			NOT_EVALUATED							NOT_EVALUATED
108	25038069	7067_4_41	oxacillin	oxacillin			NO_ACCESSIONS	R	R			NOT_EVALUATED							NOT_EVALUATED
109	25038069	7067_4_41	fusidic acid	fusidic acid			NO_ACCESSIONS	S	S			NOT_EVALUATED							NOT_EVALUATED
110	25038069	7067_4_41	tetracycline	tetracycline			NO_ACCESSIONS	S	S			NOT_EVALUATED							NOT_EVALUATED
111	25038069	7067_4_41	ciprofloxacin	ciprofloxacin			NO_ACCESSIONS	R	R			NOT_EVALUATED							NOT_EVALUATED
112	25038069	7067_4_41	rifampin	rifampin			NO_ACCESSIONS	S	S			NOT_EVALUATED							NOT_EVALUATED
113	25038069	7067_4_41	vancomycin	vancomycin			NO_ACCESSIONS	S	S			NOT_EVALUATED							NOT_EVALUATED
114	25038069	7067_4_41	mupirocin	mupirocin			NO_ACCESSIONS	S	S			NOT_EVALUATED							NOT_EVALUATED
115	25038069	7067_4_41	linezolid	linezolid			NO_ACCESSIONS	S	S			NOT_EVALUATED							NOT_EVALUATED
116	25038069	7067_4_41	daptomycin	daptomycin			NO_ACCESSIONS	S	S			NOT_EVALUATED							NOT_EVALUATED
117	25038069	7068_7_10	gentamicin	gentamicin			NO_ACCESSIONS	R	R			NOT_EVALUATED							NOT_EVALUATED
118	25038069	7068_7_10	erythromycin	erythromycin			NO_ACCESSIONS	R	R			NOT_EVALUATED							NOT_EVALUATED
119	25038069	7068_7_10	oxacillin	oxacillin			NO_ACCESSIONS	R	R			NOT_EVALUATED							NOT_EVALUATED
120	25038069	7068_7_10	fusidic acid	fusidic acid			NO_ACCESSIONS	S	S			NOT_EVALUATED							NOT_EVALUATED
121	25038069	7068_7_10	tetracycline	tetracycline			NO_ACCESSIONS	S	S			NOT_EVALUATED							NOT_EVALUATED
122	25038069	7068_7_10	ciprofloxacin	ciprofloxacin			NO_ACCESSIONS	R	R			NOT_EVALUATED							NOT_EVALUATED
123	25038069	7068_7_10	rifampin	rifampin			NO_ACCESSIONS	S	S			NOT_EVALUATED							NOT_EVALUATED
124	25038069	7068_7_10	vancomycin	vancomycin			NO_ACCESSIONS	S	S			NOT_EVALUATED							NOT_EVALUATED
125	25038069	7068_7_10	trimethoprim	trimethoprim			NO_ACCESSIONS	S	S			NOT_EVALUATED							NOT_EVALUATED
126	25038069	7068_7_10	mupirocin	mupirocin			NO_ACCESSIONS	S	S			NOT_EVALUATED							NOT_EVALUATED
127	25038069	7068_7_10	linezolid	linezolid			NO_ACCESSIONS	S	S			NOT_EVALUATED							NOT_EVALUATED
128	25038069	7068_7_10	fosfomycin	fosfomycin			NO_ACCESSIONS	S	S			NOT_EVALUATED							NOT_EVALUATED
129	25038069	7068_7_10	daptomycin	daptomycin			NO_ACCESSIONS	S	S			NOT_EVALUATED							NOT_EVALUATED
130	25038069	7068_7_11	gentamicin	gentamicin			NO_ACCESSIONS	R	R			NOT_EVALUATED							NOT_EVALUATED
131	25038069	7068_7_11	erythromycin	erythromycin			NO_ACCESSIONS	R	R			NOT_EVALUATED							NOT_EVALUATED
132	25038069	7068_7_11	oxacillin	oxacillin			NO_ACCESSIONS	R	R			NOT_EVALUATED							NOT_EVALUATED
133	25038069	7068_7_11	fusidic acid	fusidic acid			NO_ACCESSIONS	S	S			NOT_EVALUATED							NOT_EVALUATED
134	25038069	7068_7_11	tetracycline	tetracycline			NO_ACCESSIONS	S	S			NOT_EVALUATED							NOT_EVALUATED
135	25038069	7068_7_11	ciprofloxacin	ciprofloxacin			NO_ACCESSIONS	R	R			NOT_EVALUATED							NOT_EVALUATED
136	25038069	7068_7_11	rifampin	rifampin			NO_ACCESSIONS	S	S			NOT_EVALUATED							NOT_EVALUATED
137	25038069	7068_7_11	vancomycin	vancomycin			NO_ACCESSIONS	S	S			NOT_EVALUATED							NOT_EVALUATED
138	25038069	7068_7_11	mupirocin	mupirocin			NO_ACCESSIONS	S	S			NOT_EVALUATED							NOT_EVALUATED
139	25038069	7068_7_11	linezolid	linezolid			NO_ACCESSIONS	S	S			NOT_EVALUATED							NOT_EVALUATED
140	25038069	7068_7_11	daptomycin	daptomycin			NO_ACCESSIONS	S	S			NOT_EVALUATED							NOT_EVALUATED
141	25038069	7068_7_39	gentamicin	gentamicin			NO_ACCESSIONS	R	R			NOT_EVALUATED							NOT_EVALUATED
142	25038069	7068_7_39	erythromycin	erythromycin			NO_ACCESSIONS	R	R			NOT_EVALUATED							NOT_EVALUATED
143	25038069	7068_7_39	oxacillin	oxacillin			NO_ACCESSIONS	R	R			NOT_EVALUATED							NOT_EVALUATED
144	25038069	7068_7_39	fusidic acid	fusidic acid			NO_ACCESSIONS	S	S			NOT_EVALUATED							NOT_EVALUATED
145	25038069	7068_7_39	ciprofloxacin	ciprofloxacin			NO_ACCESSIONS	R	R			NOT_EVALUATED							NOT_EVALUATED
146	25038069	7068_7_39	rifampin	rifampin			NO_ACCESSIONS	S	S			NOT_EVALUATED							NOT_EVALUATED
147	25038069	7068_7_39	vancomycin	vancomycin			NO_ACCESSIONS	S	S			NOT_EVALUATED							NOT_EVALUATED
148	25038069	7068_7_39	mupirocin	mupirocin			NO_ACCESSIONS	S	S			NOT_EVALUATED							NOT_EVALUATED
149	25038069	7068_7_39	linezolid	linezolid			NO_ACCESSIONS	S	S			NOT_EVALUATED							NOT_EVALUATED
150	25038069	7068_7_39	fosfomycin	fosfomycin			NO_ACCESSIONS	R	R			NOT_EVALUATED							NOT_EVALUATED
151	25038069	7068_7_39	daptomycin	daptomycin			NO_ACCESSIONS	S	S			NOT_EVALUATED							NOT_EVALUATED
152	25038069	7068_7_5	gentamicin	gentamicin			NO_ACCESSIONS	R	R			NOT_EVALUATED							NOT_EVALUATED
153	25038069	7068_7_5	erythromycin	erythromycin			NO_ACCESSIONS	R	R			NOT_EVALUATED							NOT_EVALUATED
154	25038069	7068_7_5	oxacillin	oxacillin			NO_ACCESSIONS	R	R			NOT_EVALUATED							NOT_EVALUATED
155	25038069	7068_7_5	fusidic acid	fusidic acid			NO_ACCESSIONS	S	S			NOT_EVALUATED							NOT_EVALUATED
156	25038069	7068_7_5	tetracycline	tetracycline			NO_ACCESSIONS	S	S			NOT_EVALUATED							NOT_EVALUATED
157	25038069	7068_7_5	ciprofloxacin	ciprofloxacin			NO_ACCESSIONS	R	R			NOT_EVALUATED							NOT_EVALUATED
158	25038069	7068_7_5	rifampin	rifampin			NO_ACCESSIONS	R	R			NOT_EVALUATED							NOT_EVALUATED
159	25038069	7068_7_5	vancomycin	vancomycin			NO_ACCESSIONS	S	S			NOT_EVALUATED							NOT_EVALUATED
160	25038069	7068_7_5	trimethoprim	trimethoprim			NO_ACCESSIONS	R	R			NOT_EVALUATED							NOT_EVALUATED
161	25038069	7068_7_5	mupirocin	mupirocin			NO_ACCESSIONS	S	S			NOT_EVALUATED							NOT_EVALUATED
162	25038069	7068_7_5	linezolid	linezolid			NO_ACCESSIONS	S	S			NOT_EVALUATED							NOT_EVALUATED
163	25038069	7068_7_5	fosfomycin	fosfomycin			NO_ACCESSIONS	R	R			NOT_EVALUATED							NOT_EVALUATED
164	25038069	7068_7_5	daptomycin	daptomycin			NO_ACCESSIONS	S	S			NOT_EVALUATED							NOT_EVALUATED
165	25038069	7068_7_9	gentamicin	gentamicin			NO_ACCESSIONS	R	R			NOT_EVALUATED							NOT_EVALUATED
166	25038069	7068_7_9	erythromycin	erythromycin			NO_ACCESSIONS	R	R			NOT_EVALUATED							NOT_EVALUATED
167	25038069	7068_7_9	oxacillin	oxacillin			NO_ACCESSIONS	R	R			NOT_EVALUATED							NOT_EVALUATED
168	25038069	7068_7_9	fusidic acid	fusidic acid			NO_ACCESSIONS	R	R			NOT_EVALUATED							NOT_EVALUATED
169	25038069	7068_7_9	tetracycline	tetracycline			NO_ACCESSIONS	S	S			NOT_EVALUATED							NOT_EVALUATED
170	25038069	7068_7_9	ciprofloxacin	ciprofloxacin			NO_ACCESSIONS	R	R			NOT_EVALUATED							NOT_EVALUATED
171	25038069	7068_7_9	rifampin	rifampin			NO_ACCESSIONS	S	S			NOT_EVALUATED							NOT_EVALUATED
172	25038069	7068_7_9	vancomycin	vancomycin			NO_ACCESSIONS	S	S			NOT_EVALUATED							NOT_EVALUATED
173	25038069	7068_7_9	trimethoprim	trimethoprim			NO_ACCESSIONS	R	R			NOT_EVALUATED							NOT_EVALUATED
174	25038069	7068_7_9	mupirocin	mupirocin			NO_ACCESSIONS	S	S			NOT_EVALUATED							NOT_EVALUATED
175	25038069	7068_7_9	linezolid	linezolid			NO_ACCESSIONS	S	S			NOT_EVALUATED							NOT_EVALUATED
176	25038069	7068_7_9	fosfomycin	fosfomycin			NO_ACCESSIONS	R	R			NOT_EVALUATED							NOT_EVALUATED
177	25038069	7068_7_9	daptomycin	daptomycin			NO_ACCESSIONS	S	S			NOT_EVALUATED							NOT_EVALUATED
178	25038069	7068_7_7	gentamicin	gentamicin			NO_ACCESSIONS	R	R			NOT_EVALUATED							NOT_EVALUATED
179	25038069	7068_7_7	erythromycin	erythromycin			NO_ACCESSIONS	R	R			NOT_EVALUATED							NOT_EVALUATED
180	25038069	7068_7_7	oxacillin	oxacillin			NO_ACCESSIONS	R	R			NOT_EVALUATED							NOT_EVALUATED
181	25038069	7068_7_7	fusidic acid	fusidic acid			NO_ACCESSIONS	S	S			NOT_EVALUATED							NOT_EVALUATED
182	25038069	7068_7_7	tetracycline	tetracycline			NO_ACCESSIONS	S	S			NOT_EVALUATED							NOT_EVALUATED
183	25038069	7068_7_7	ciprofloxacin	ciprofloxacin			NO_ACCESSIONS	R	R			NOT_EVALUATED							NOT_EVALUATED
184	25038069	7068_7_7	rifampin	rifampin			NO_ACCESSIONS	R	R			NOT_EVALUATED							NOT_EVALUATED
185	25038069	7068_7_7	vancomycin	vancomycin			NO_ACCESSIONS	S	S			NOT_EVALUATED							NOT_EVALUATED
186	25038069	7068_7_7	trimethoprim	trimethoprim			NO_ACCESSIONS	R	R			NOT_EVALUATED							NOT_EVALUATED
187	25038069	7068_7_7	mupirocin	mupirocin			NO_ACCESSIONS	S	S			NOT_EVALUATED							NOT_EVALUATED
188	25038069	7068_7_7	linezolid	linezolid			NO_ACCESSIONS	S	S			NOT_EVALUATED							NOT_EVALUATED
189	25038069	7068_7_7	fosfomycin	fosfomycin			NO_ACCESSIONS	S	S			NOT_EVALUATED							NOT_EVALUATED
190	25038069	7068_7_7	daptomycin	daptomycin			NO_ACCESSIONS	S	S			NOT_EVALUATED							NOT_EVALUATED
191	25038069	7068_7_49	gentamicin	gentamicin			NO_ACCESSIONS	R	R			NOT_EVALUATED							NOT_EVALUATED
192	25038069	7068_7_49	erythromycin	erythromycin			NO_ACCESSIONS	R	R			NOT_EVALUATED							NOT_EVALUATED
193	25038069	7068_7_49	oxacillin	oxacillin			NO_ACCESSIONS	R	R			NOT_EVALUATED							NOT_EVALUATED
194	25038069	7068_7_49	fusidic acid	fusidic acid			NO_ACCESSIONS	S	S			NOT_EVALUATED							NOT_EVALUATED
195	25038069	7068_7_49	ciprofloxacin	ciprofloxacin			NO_ACCESSIONS	R	R			NOT_EVALUATED							NOT_EVALUATED
196	25038069	7068_7_49	rifampin	rifampin			NO_ACCESSIONS	S	S			NOT_EVALUATED							NOT_EVALUATED
197	25038069	7068_7_49	vancomycin	vancomycin			NO_ACCESSIONS	S	S			NOT_EVALUATED							NOT_EVALUATED
198	25038069	7068_7_49	mupirocin	mupirocin			NO_ACCESSIONS	S	S			NOT_EVALUATED							NOT_EVALUATED
199	25038069	7068_7_49	linezolid	linezolid			NO_ACCESSIONS	S	S			NOT_EVALUATED							NOT_EVALUATED
200	25038069	7068_7_49	fosfomycin	fosfomycin			NO_ACCESSIONS	R	R			NOT_EVALUATED							NOT_EVALUATED
201	25038069	7068_7_49	daptomycin	daptomycin			NO_ACCESSIONS	S	S			NOT_EVALUATED							NOT_EVALUATED
202	25038069	7068_7_67	gentamicin	gentamicin			NO_ACCESSIONS	R	R			NOT_EVALUATED							NOT_EVALUATED
203	25038069	7068_7_67	erythromycin	erythromycin			NO_ACCESSIONS	R	R			NOT_EVALUATED							NOT_EVALUATED
204	25038069	7068_7_67	oxacillin	oxacillin			NO_ACCESSIONS	R	R			NOT_EVALUATED							NOT_EVALUATED
205	25038069	7068_7_67	fusidic acid	fusidic acid			NO_ACCESSIONS	S	S			NOT_EVALUATED							NOT_EVALUATED
206	25038069	7068_7_67	tetracycline	tetracycline			NO_ACCESSIONS	S	S			NOT_EVALUATED							NOT_EVALUATED
207	25038069	7068_7_67	ciprofloxacin	ciprofloxacin			NO_ACCESSIONS	R	R			NOT_EVALUATED							NOT_EVALUATED
208	25038069	7068_7_67	rifampin	rifampin			NO_ACCESSIONS	S	S			NOT_EVALUATED							NOT_EVALUATED
209	25038069	7068_7_67	vancomycin	vancomycin			NO_ACCESSIONS	S	S			NOT_EVALUATED							NOT_EVALUATED
210	25038069	7068_7_67	mupirocin	mupirocin			NO_ACCESSIONS	S	S			NOT_EVALUATED							NOT_EVALUATED
211	25038069	7068_7_67	linezolid	linezolid			NO_ACCESSIONS	S	S			NOT_EVALUATED							NOT_EVALUATED
212	25038069	7068_7_67	fosfomycin	fosfomycin			NO_ACCESSIONS	S	S			NOT_EVALUATED							NOT_EVALUATED
213	25038069	7068_7_67	daptomycin	daptomycin			NO_ACCESSIONS	S	S			NOT_EVALUATED							NOT_EVALUATED
214	25038069	7068_7_1	gentamicin	gentamicin			NO_ACCESSIONS	R	R			NOT_EVALUATED							NOT_EVALUATED
215	25038069	7068_7_1	erythromycin	erythromycin			NO_ACCESSIONS	R	R			NOT_EVALUATED							NOT_EVALUATED
216	25038069	7068_7_1	oxacillin	oxacillin			NO_ACCESSIONS	R	R			NOT_EVALUATED							NOT_EVALUATED
217	25038069	7068_7_1	fusidic acid	fusidic acid			NO_ACCESSIONS	S	S			NOT_EVALUATED							NOT_EVALUATED
218	25038069	7068_7_1	tetracycline	tetracycline			NO_ACCESSIONS	R	R			NOT_EVALUATED							NOT_EVALUATED
219	25038069	7068_7_1	ciprofloxacin	ciprofloxacin			NO_ACCESSIONS	R	R			NOT_EVALUATED							NOT_EVALUATED
220	25038069	7068_7_1	rifampin	rifampin			NO_ACCESSIONS	S	S			NOT_EVALUATED							NOT_EVALUATED
221	25038069	7068_7_1	vancomycin	vancomycin			NO_ACCESSIONS	S	S			NOT_EVALUATED							NOT_EVALUATED
222	25038069	7068_7_1	trimethoprim	trimethoprim			NO_ACCESSIONS	R	R			NOT_EVALUATED							NOT_EVALUATED
223	25038069	7068_7_1	mupirocin	mupirocin			NO_ACCESSIONS	S	S			NOT_EVALUATED							NOT_EVALUATED
224	25038069	7068_7_1	linezolid	linezolid			NO_ACCESSIONS	S	S			NOT_EVALUATED							NOT_EVALUATED
225	25038069	7068_7_1	daptomycin	daptomycin			NO_ACCESSIONS	S	S			NOT_EVALUATED							NOT_EVALUATED
226	25038069	7068_7_56	gentamicin	gentamicin			NO_ACCESSIONS	R	R			NOT_EVALUATED							NOT_EVALUATED
227	25038069	7068_7_56	erythromycin	erythromycin			NO_ACCESSIONS	R	R			NOT_EVALUATED							NOT_EVALUATED
228	25038069	7068_7_56	oxacillin	oxacillin			NO_ACCESSIONS	R	R			NOT_EVALUATED							NOT_EVALUATED
229	25038069	7068_7_56	fusidic acid	fusidic acid			NO_ACCESSIONS	I	I			NOT_EVALUATED							NOT_EVALUATED
230	25038069	7068_7_56	tetracycline	tetracycline			NO_ACCESSIONS	S	S			NOT_EVALUATED							NOT_EVALUATED
231	25038069	7068_7_56	ciprofloxacin	ciprofloxacin			NO_ACCESSIONS	R	R			NOT_EVALUATED							NOT_EVALUATED
232	25038069	7068_7_56	rifampin	rifampin			NO_ACCESSIONS	S	S			NOT_EVALUATED							NOT_EVALUATED
233	25038069	7068_7_56	vancomycin	vancomycin			NO_ACCESSIONS	S	S			NOT_EVALUATED							NOT_EVALUATED
234	25038069	7068_7_56	mupirocin	mupirocin			NO_ACCESSIONS	S	S			NOT_EVALUATED							NOT_EVALUATED
235	25038069	7068_7_56	linezolid	linezolid			NO_ACCESSIONS	S	S			NOT_EVALUATED							NOT_EVALUATED
236	25038069	7068_7_56	fosfomycin	fosfomycin			NO_ACCESSIONS	S	S			NOT_EVALUATED							NOT_EVALUATED
237	25038069	7068_7_56	daptomycin	daptomycin			NO_ACCESSIONS	S	S			NOT_EVALUATED							NOT_EVALUATED
238	25038069	7067_4_53	gentamicin	gentamicin			NO_ACCESSIONS	R	R			NOT_EVALUATED							NOT_EVALUATED
239	25038069	7067_4_53	erythromycin	erythromycin			NO_ACCESSIONS	R	R			NOT_EVALUATED							NOT_EVALUATED
240	25038069	7067_4_53	oxacillin	oxacillin			NO_ACCESSIONS	R	R			NOT_EVALUATED							NOT_EVALUATED
241	25038069	7067_4_53	fusidic acid	fusidic acid			NO_ACCESSIONS	R	R			NOT_EVALUATED							NOT_EVALUATED
242	25038069	7067_4_53	tetracycline	tetracycline			NO_ACCESSIONS	S	S			NOT_EVALUATED							NOT_EVALUATED
243	25038069	7067_4_53	ciprofloxacin	ciprofloxacin			NO_ACCESSIONS	R	R			NOT_EVALUATED							NOT_EVALUATED
244	25038069	7067_4_53	rifampin	rifampin			NO_ACCESSIONS	S	S			NOT_EVALUATED							NOT_EVALUATED
245	25038069	7067_4_53	vancomycin	vancomycin			NO_ACCESSIONS	S	S			NOT_EVALUATED							NOT_EVALUATED
246	25038069	7067_4_53	mupirocin	mupirocin			NO_ACCESSIONS	S	S			NOT_EVALUATED							NOT_EVALUATED
247	25038069	7067_4_53	linezolid	linezolid			NO_ACCESSIONS	S	S			NOT_EVALUATED							NOT_EVALUATED
248	25038069	7067_4_53	daptomycin	daptomycin			NO_ACCESSIONS	S	S			NOT_EVALUATED							NOT_EVALUATED
249	25038069	7067_4_83	gentamicin	gentamicin			NO_ACCESSIONS	R	R			NOT_EVALUATED							NOT_EVALUATED
250	25038069	7067_4_83	erythromycin	erythromycin			NO_ACCESSIONS	R	R			NOT_EVALUATED							NOT_EVALUATED
251	25038069	7067_4_83	oxacillin	oxacillin			NO_ACCESSIONS	R	R			NOT_EVALUATED							NOT_EVALUATED
252	25038069	7067_4_83	fusidic acid	fusidic acid			NO_ACCESSIONS	S	S			NOT_EVALUATED							NOT_EVALUATED
253	25038069	7067_4_83	tetracycline	tetracycline			NO_ACCESSIONS	R	R			NOT_EVALUATED							NOT_EVALUATED
254	25038069	7067_4_83	ciprofloxacin	ciprofloxacin			NO_ACCESSIONS	R	R			NOT_EVALUATED							NOT_EVALUATED
255	25038069	7067_4_83	rifampin	rifampin			NO_ACCESSIONS	S	S			NOT_EVALUATED							NOT_EVALUATED
256	25038069	7067_4_83	vancomycin	vancomycin			NO_ACCESSIONS	S	S			NOT_EVALUATED							NOT_EVALUATED
257	25038069	7067_4_83	trimethoprim	trimethoprim			NO_ACCESSIONS	R	R			NOT_EVALUATED							NOT_EVALUATED
258	25038069	7067_4_83	mupirocin	mupirocin			NO_ACCESSIONS	S	S			NOT_EVALUATED							NOT_EVALUATED
259	25038069	7067_4_83	linezolid	linezolid			NO_ACCESSIONS	S	S			NOT_EVALUATED							NOT_EVALUATED
260	25038069	7067_4_83	daptomycin	daptomycin			NO_ACCESSIONS	S	S			NOT_EVALUATED							NOT_EVALUATED
261	25038069	7068_7_46	gentamicin	gentamicin			NO_ACCESSIONS	R	R			NOT_EVALUATED							NOT_EVALUATED
262	25038069	7068_7_46	erythromycin	erythromycin			NO_ACCESSIONS	R	R			NOT_EVALUATED							NOT_EVALUATED
263	25038069	7068_7_46	oxacillin	oxacillin			NO_ACCESSIONS	R	R			NOT_EVALUATED							NOT_EVALUATED
264	25038069	7068_7_46	fusidic acid	fusidic acid			NO_ACCESSIONS	R	R			NOT_EVALUATED							NOT_EVALUATED
265	25038069	7068_7_46	tetracycline	tetracycline			NO_ACCESSIONS	S	S			NOT_EVALUATED							NOT_EVALUATED
266	25038069	7068_7_46	ciprofloxacin	ciprofloxacin			NO_ACCESSIONS	R	R			NOT_EVALUATED							NOT_EVALUATED
267	25038069	7068_7_46	rifampin	rifampin			NO_ACCESSIONS	S	S			NOT_EVALUATED							NOT_EVALUATED
268	25038069	7068_7_46	vancomycin	vancomycin			NO_ACCESSIONS	S	S			NOT_EVALUATED							NOT_EVALUATED
269	25038069	7068_7_46	mupirocin	mupirocin			NO_ACCESSIONS	S	S			NOT_EVALUATED							NOT_EVALUATED
270	25038069	7068_7_46	linezolid	linezolid			NO_ACCESSIONS	S	S			NOT_EVALUATED							NOT_EVALUATED
271	25038069	7068_7_46	fosfomycin	fosfomycin			NO_ACCESSIONS	R	R			NOT_EVALUATED							NOT_EVALUATED
272	25038069	7068_7_46	daptomycin	daptomycin			NO_ACCESSIONS	S	S			NOT_EVALUATED							NOT_EVALUATED
273	25038069	7067_4_90	gentamicin	gentamicin			NO_ACCESSIONS	R	R			NOT_EVALUATED							NOT_EVALUATED
274	25038069	7067_4_90	erythromycin	erythromycin			NO_ACCESSIONS	R	R			NOT_EVALUATED							NOT_EVALUATED
275	25038069	7067_4_90	oxacillin	oxacillin			NO_ACCESSIONS	R	R			NOT_EVALUATED							NOT_EVALUATED
276	25038069	7067_4_90	fusidic acid	fusidic acid			NO_ACCESSIONS	S	S			NOT_EVALUATED							NOT_EVALUATED
277	25038069	7067_4_90	tetracycline	tetracycline			NO_ACCESSIONS	S	S			NOT_EVALUATED							NOT_EVALUATED
278	25038069	7067_4_90	ciprofloxacin	ciprofloxacin			NO_ACCESSIONS	S	S			NOT_EVALUATED							NOT_EVALUATED
279	25038069	7067_4_90	rifampin	rifampin			NO_ACCESSIONS	S	S			NOT_EVALUATED							NOT_EVALUATED
280	25038069	7067_4_90	vancomycin	vancomycin			NO_ACCESSIONS	S	S			NOT_EVALUATED							NOT_EVALUATED
281	25038069	7067_4_90	mupirocin	mupirocin			NO_ACCESSIONS	S	S			NOT_EVALUATED							NOT_EVALUATED
282	25038069	7067_4_90	linezolid	linezolid			NO_ACCESSIONS	S	S			NOT_EVALUATED							NOT_EVALUATED
283	25038069	7067_4_90	daptomycin	daptomycin			NO_ACCESSIONS	S	S			NOT_EVALUATED							NOT_EVALUATED
284	25038069	7067_4_42	gentamicin	gentamicin			NO_ACCESSIONS	R	R			NOT_EVALUATED							NOT_EVALUATED
285	25038069	7067_4_42	erythromycin	erythromycin			NO_ACCESSIONS	R	R			NOT_EVALUATED							NOT_EVALUATED
286	25038069	7067_4_42	oxacillin	oxacillin			NO_ACCESSIONS	R	R			NOT_EVALUATED							NOT_EVALUATED
287	25038069	7067_4_42	fusidic acid	fusidic acid			NO_ACCESSIONS	S	S			NOT_EVALUATED							NOT_EVALUATED
288	25038069	7067_4_42	tetracycline	tetracycline			NO_ACCESSIONS	S	S			NOT_EVALUATED							NOT_EVALUATED
289	25038069	7067_4_42	ciprofloxacin	ciprofloxacin			NO_ACCESSIONS	R	R			NOT_EVALUATED							NOT_EVALUATED
290	25038069	7067_4_42	rifampin	rifampin			NO_ACCESSIONS	S	S			NOT_EVALUATED							NOT_EVALUATED
291	25038069	7067_4_42	vancomycin	vancomycin			NO_ACCESSIONS	S	S			NOT_EVALUATED							NOT_EVALUATED
292	25038069	7067_4_42	mupirocin	mupirocin			NO_ACCESSIONS	S	S			NOT_EVALUATED							NOT_EVALUATED
293	25038069	7067_4_42	linezolid	linezolid			NO_ACCESSIONS	S	S			NOT_EVALUATED							NOT_EVALUATED
294	25038069	7067_4_42	daptomycin	daptomycin			NO_ACCESSIONS	S	S			NOT_EVALUATED							NOT_EVALUATED
295	25038069	7067_4_43	gentamicin	gentamicin			NO_ACCESSIONS	R	R			NOT_EVALUATED							NOT_EVALUATED
296	25038069	7067_4_43	erythromycin	erythromycin			NO_ACCESSIONS	R	R			NOT_EVALUATED							NOT_EVALUATED
297	25038069	7067_4_43	oxacillin	oxacillin			NO_ACCESSIONS	R	R			NOT_EVALUATED							NOT_EVALUATED
298	25038069	7067_4_43	fusidic acid	fusidic acid			NO_ACCESSIONS	S	S			NOT_EVALUATED							NOT_EVALUATED
299	25038069	7067_4_43	tetracycline	tetracycline			NO_ACCESSIONS	S	S			NOT_EVALUATED							NOT_EVALUATED
300	25038069	7067_4_43	ciprofloxacin	ciprofloxacin			NO_ACCESSIONS	S	S			NOT_EVALUATED							NOT_EVALUATED
301	25038069	7067_4_43	rifampin	rifampin			NO_ACCESSIONS	S	S			NOT_EVALUATED							NOT_EVALUATED
302	25038069	7067_4_43	linezolid	linezolid			NO_ACCESSIONS	S	S			NOT_EVALUATED							NOT_EVALUATED
303	25038069	7067_4_57	gentamicin	gentamicin			NO_ACCESSIONS	R	R			NOT_EVALUATED							NOT_EVALUATED
304	25038069	7067_4_57	erythromycin	erythromycin			NO_ACCESSIONS	R	R			NOT_EVALUATED							NOT_EVALUATED
305	25038069	7067_4_57	oxacillin	oxacillin			NO_ACCESSIONS	R	R			NOT_EVALUATED							NOT_EVALUATED
306	25038069	7067_4_57	fusidic acid	fusidic acid			NO_ACCESSIONS	S	S			NOT_EVALUATED							NOT_EVALUATED
307	25038069	7067_4_57	tetracycline	tetracycline			NO_ACCESSIONS	S	S			NOT_EVALUATED							NOT_EVALUATED
308	25038069	7067_4_57	ciprofloxacin	ciprofloxacin			NO_ACCESSIONS	R	R			NOT_EVALUATED							NOT_EVALUATED
309	25038069	7067_4_57	rifampin	rifampin			NO_ACCESSIONS	S	S			NOT_EVALUATED							NOT_EVALUATED
310	25038069	7067_4_57	vancomycin	vancomycin			NO_ACCESSIONS	S	S			NOT_EVALUATED							NOT_EVALUATED
311	25038069	7067_4_57	mupirocin	mupirocin			NO_ACCESSIONS	S	S			NOT_EVALUATED							NOT_EVALUATED
312	25038069	7067_4_57	linezolid	linezolid			NO_ACCESSIONS	S	S			NOT_EVALUATED							NOT_EVALUATED
313	25038069	7067_4_57	daptomycin	daptomycin			NO_ACCESSIONS	S	S			NOT_EVALUATED							NOT_EVALUATED
314	25038069	7067_4_37	gentamicin	gentamicin			NO_ACCESSIONS	R	R			NOT_EVALUATED							NOT_EVALUATED
315	25038069	7067_4_37	erythromycin	erythromycin			NO_ACCESSIONS	R	R			NOT_EVALUATED							NOT_EVALUATED
316	25038069	7067_4_37	oxacillin	oxacillin			NO_ACCESSIONS	R	R			NOT_EVALUATED							NOT_EVALUATED
317	25038069	7067_4_37	fusidic acid	fusidic acid			NO_ACCESSIONS	S	S			NOT_EVALUATED							NOT_EVALUATED
318	25038069	7067_4_37	tetracycline	tetracycline			NO_ACCESSIONS	S	S			NOT_EVALUATED							NOT_EVALUATED
319	25038069	7067_4_37	ciprofloxacin	ciprofloxacin			NO_ACCESSIONS	R	R			NOT_EVALUATED							NOT_EVALUATED
320	25038069	7067_4_37	rifampin	rifampin			NO_ACCESSIONS	S	S			NOT_EVALUATED							NOT_EVALUATED
321	25038069	7067_4_37	vancomycin	vancomycin			NO_ACCESSIONS	S	S			NOT_EVALUATED							NOT_EVALUATED
322	25038069	7067_4_37	mupirocin	mupirocin			NO_ACCESSIONS	S	S			NOT_EVALUATED							NOT_EVALUATED
323	25038069	7067_4_37	linezolid	linezolid			NO_ACCESSIONS	S	S			NOT_EVALUATED							NOT_EVALUATED
324	25038069	7067_4_37	daptomycin	daptomycin			NO_ACCESSIONS	S	S			NOT_EVALUATED							NOT_EVALUATED
325	25038069	7067_4_50	gentamicin	gentamicin			NO_ACCESSIONS	R	R			NOT_EVALUATED							NOT_EVALUATED
326	25038069	7067_4_50	erythromycin	erythromycin			NO_ACCESSIONS	R	R			NOT_EVALUATED							NOT_EVALUATED
327	25038069	7067_4_50	oxacillin	oxacillin			NO_ACCESSIONS	R	R			NOT_EVALUATED							NOT_EVALUATED
328	25038069	7067_4_50	fusidic acid	fusidic acid			NO_ACCESSIONS	S	S			NOT_EVALUATED							NOT_EVALUATED
329	25038069	7067_4_50	tetracycline	tetracycline			NO_ACCESSIONS	S	S			NOT_EVALUATED							NOT_EVALUATED
330	25038069	7067_4_50	ciprofloxacin	ciprofloxacin			NO_ACCESSIONS	R	R			NOT_EVALUATED							NOT_EVALUATED
331	25038069	7067_4_50	vancomycin	vancomycin			NO_ACCESSIONS	S	S			NOT_EVALUATED							NOT_EVALUATED
332	25038069	7067_4_50	mupirocin	mupirocin			NO_ACCESSIONS	S	S			NOT_EVALUATED							NOT_EVALUATED
333	25038069	7067_4_50	linezolid	linezolid			NO_ACCESSIONS	S	S			NOT_EVALUATED							NOT_EVALUATED
334	25038069	7067_4_50	daptomycin	daptomycin			NO_ACCESSIONS	S	S			NOT_EVALUATED							NOT_EVALUATED
335	25038069	7067_4_46	gentamicin	gentamicin			NO_ACCESSIONS	R	R			NOT_EVALUATED							NOT_EVALUATED
336	25038069	7067_4_46	erythromycin	erythromycin			NO_ACCESSIONS	R	R			NOT_EVALUATED							NOT_EVALUATED
337	25038069	7067_4_46	oxacillin	oxacillin			NO_ACCESSIONS	R	R			NOT_EVALUATED							NOT_EVALUATED
338	25038069	7067_4_46	fusidic acid	fusidic acid			NO_ACCESSIONS	S	S			NOT_EVALUATED							NOT_EVALUATED
339	25038069	7067_4_46	tetracycline	tetracycline			NO_ACCESSIONS	S	S			NOT_EVALUATED							NOT_EVALUATED
340	25038069	7067_4_46	ciprofloxacin	ciprofloxacin			NO_ACCESSIONS	R	R			NOT_EVALUATED							NOT_EVALUATED
341	25038069	7067_4_46	rifampin	rifampin			NO_ACCESSIONS	S	S			NOT_EVALUATED							NOT_EVALUATED
342	25038069	7067_4_46	vancomycin	vancomycin			NO_ACCESSIONS	S	S			NOT_EVALUATED							NOT_EVALUATED
343	25038069	7067_4_46	mupirocin	mupirocin			NO_ACCESSIONS	S	S			NOT_EVALUATED							NOT_EVALUATED
344	25038069	7067_4_46	linezolid	linezolid			NO_ACCESSIONS	S	S			NOT_EVALUATED							NOT_EVALUATED
345	25038069	7067_4_46	daptomycin	daptomycin			NO_ACCESSIONS	S	S			NOT_EVALUATED							NOT_EVALUATED
346	25038069	7067_4_51	gentamicin	gentamicin			NO_ACCESSIONS	R	R			NOT_EVALUATED							NOT_EVALUATED
347	25038069	7067_4_51	erythromycin	erythromycin			NO_ACCESSIONS	R	R			NOT_EVALUATED							NOT_EVALUATED
348	25038069	7067_4_51	oxacillin	oxacillin			NO_ACCESSIONS	R	R			NOT_EVALUATED							NOT_EVALUATED
349	25038069	7067_4_51	fusidic acid	fusidic acid			NO_ACCESSIONS	S	S			NOT_EVALUATED							NOT_EVALUATED
350	25038069	7067_4_51	tetracycline	tetracycline			NO_ACCESSIONS	S	S			NOT_EVALUATED							NOT_EVALUATED
351	25038069	7067_4_51	ciprofloxacin	ciprofloxacin			NO_ACCESSIONS	R	R			NOT_EVALUATED							NOT_EVALUATED
352	25038069	7067_4_51	rifampin	rifampin			NO_ACCESSIONS	S	S			NOT_EVALUATED							NOT_EVALUATED
353	25038069	7067_4_51	vancomycin	vancomycin			NO_ACCESSIONS	S	S			NOT_EVALUATED							NOT_EVALUATED
354	25038069	7067_4_51	mupirocin	mupirocin			NO_ACCESSIONS	S	S			NOT_EVALUATED							NOT_EVALUATED
355	25038069	7067_4_51	linezolid	linezolid			NO_ACCESSIONS	S	S			NOT_EVALUATED							NOT_EVALUATED
356	25038069	7067_4_51	daptomycin	daptomycin			NO_ACCESSIONS	S	S			NOT_EVALUATED							NOT_EVALUATED
357	25038069	7068_7_31	gentamicin	gentamicin			NO_ACCESSIONS	R	R			NOT_EVALUATED							NOT_EVALUATED
358	25038069	7068_7_31	erythromycin	erythromycin			NO_ACCESSIONS	R	R			NOT_EVALUATED							NOT_EVALUATED
359	25038069	7068_7_31	oxacillin	oxacillin			NO_ACCESSIONS	R	R			NOT_EVALUATED							NOT_EVALUATED
360	25038069	7068_7_31	fusidic acid	fusidic acid			NO_ACCESSIONS	S	S			NOT_EVALUATED							NOT_EVALUATED
361	25038069	7068_7_31	ciprofloxacin	ciprofloxacin			NO_ACCESSIONS	R	R			NOT_EVALUATED							NOT_EVALUATED
362	25038069	7068_7_31	rifampin	rifampin			NO_ACCESSIONS	S	S			NOT_EVALUATED							NOT_EVALUATED
363	25038069	7068_7_31	vancomycin	vancomycin			NO_ACCESSIONS	S	S			NOT_EVALUATED							NOT_EVALUATED
364	25038069	7068_7_31	mupirocin	mupirocin			NO_ACCESSIONS	S	S			NOT_EVALUATED							NOT_EVALUATED
365	25038069	7068_7_31	linezolid	linezolid			NO_ACCESSIONS	S	S			NOT_EVALUATED							NOT_EVALUATED
366	25038069	7068_7_31	fosfomycin	fosfomycin			NO_ACCESSIONS	R	R			NOT_EVALUATED							NOT_EVALUATED
367	25038069	7068_7_31	daptomycin	daptomycin			NO_ACCESSIONS	S	S			NOT_EVALUATED							NOT_EVALUATED
368	25038069	7067_4_88	gentamicin	gentamicin			NO_ACCESSIONS	R	R			NOT_EVALUATED							NOT_EVALUATED
369	25038069	7067_4_88	erythromycin	erythromycin			NO_ACCESSIONS	R	R			NOT_EVALUATED							NOT_EVALUATED
370	25038069	7067_4_88	oxacillin	oxacillin			NO_ACCESSIONS	R	R			NOT_EVALUATED							NOT_EVALUATED
371	25038069	7067_4_88	fusidic acid	fusidic acid			NO_ACCESSIONS	R	R			NOT_EVALUATED							NOT_EVALUATED
372	25038069	7067_4_88	tetracycline	tetracycline			NO_ACCESSIONS	S	S			NOT_EVALUATED							NOT_EVALUATED
373	25038069	7067_4_88	ciprofloxacin	ciprofloxacin			NO_ACCESSIONS	R	R			NOT_EVALUATED							NOT_EVALUATED
374	25038069	7067_4_88	rifampin	rifampin			NO_ACCESSIONS	S	S			NOT_EVALUATED							NOT_EVALUATED
375	25038069	7067_4_88	vancomycin	vancomycin			NO_ACCESSIONS	S	S			NOT_EVALUATED							NOT_EVALUATED
376	25038069	7067_4_88	trimethoprim	trimethoprim			NO_ACCESSIONS	S	S			NOT_EVALUATED							NOT_EVALUATED
377	25038069	7067_4_88	mupirocin	mupirocin			NO_ACCESSIONS	S	S			NOT_EVALUATED							NOT_EVALUATED
378	25038069	7067_4_88	linezolid	linezolid			NO_ACCESSIONS	S	S			NOT_EVALUATED							NOT_EVALUATED
379	25038069	7067_4_88	daptomycin	daptomycin			NO_ACCESSIONS	S	S			NOT_EVALUATED							NOT_EVALUATED
380	25038069	7067_4_44	gentamicin	gentamicin			NO_ACCESSIONS	R	R			NOT_EVALUATED							NOT_EVALUATED
381	25038069	7067_4_44	erythromycin	erythromycin			NO_ACCESSIONS	R	R			NOT_EVALUATED							NOT_EVALUATED
382	25038069	7067_4_44	oxacillin	oxacillin			NO_ACCESSIONS	R	R			NOT_EVALUATED							NOT_EVALUATED
383	25038069	7067_4_44	fusidic acid	fusidic acid			NO_ACCESSIONS	S	S			NOT_EVALUATED							NOT_EVALUATED
384	25038069	7067_4_44	tetracycline	tetracycline			NO_ACCESSIONS	S	S			NOT_EVALUATED							NOT_EVALUATED
385	25038069	7067_4_44	ciprofloxacin	ciprofloxacin			NO_ACCESSIONS	R	R			NOT_EVALUATED							NOT_EVALUATED
386	25038069	7067_4_44	rifampin	rifampin			NO_ACCESSIONS	S	S			NOT_EVALUATED							NOT_EVALUATED
387	25038069	7067_4_44	vancomycin	vancomycin			NO_ACCESSIONS	S	S			NOT_EVALUATED							NOT_EVALUATED
388	25038069	7067_4_44	linezolid	linezolid			NO_ACCESSIONS	S	S			NOT_EVALUATED							NOT_EVALUATED
389	25038069	7067_4_44	daptomycin	daptomycin			NO_ACCESSIONS	S	S			NOT_EVALUATED							NOT_EVALUATED
390	25038069	7068_7_38	gentamicin	gentamicin			NO_ACCESSIONS	R	R			NOT_EVALUATED							NOT_EVALUATED
391	25038069	7068_7_38	erythromycin	erythromycin			NO_ACCESSIONS	R	R			NOT_EVALUATED							NOT_EVALUATED
392	25038069	7068_7_38	oxacillin	oxacillin			NO_ACCESSIONS	R	R			NOT_EVALUATED							NOT_EVALUATED
393	25038069	7068_7_38	fusidic acid	fusidic acid			NO_ACCESSIONS	S	S			NOT_EVALUATED							NOT_EVALUATED
394	25038069	7068_7_38	ciprofloxacin	ciprofloxacin			NO_ACCESSIONS	R	R			NOT_EVALUATED							NOT_EVALUATED
395	25038069	7068_7_38	rifampin	rifampin			NO_ACCESSIONS	S	S			NOT_EVALUATED							NOT_EVALUATED
396	25038069	7068_7_38	vancomycin	vancomycin			NO_ACCESSIONS	S	S			NOT_EVALUATED							NOT_EVALUATED
397	25038069	7068_7_38	mupirocin	mupirocin			NO_ACCESSIONS	S	S			NOT_EVALUATED							NOT_EVALUATED
398	25038069	7068_7_38	linezolid	linezolid			NO_ACCESSIONS	S	S			NOT_EVALUATED							NOT_EVALUATED
399	25038069	7068_7_38	fosfomycin	fosfomycin			NO_ACCESSIONS	R	R			NOT_EVALUATED							NOT_EVALUATED
400	25038069	7068_7_38	daptomycin	daptomycin			NO_ACCESSIONS	S	S			NOT_EVALUATED							NOT_EVALUATED
401	25038069	7068_7_36	gentamicin	gentamicin			NO_ACCESSIONS	R	R			NOT_EVALUATED							NOT_EVALUATED
402	25038069	7068_7_36	erythromycin	erythromycin			NO_ACCESSIONS	R	R			NOT_EVALUATED							NOT_EVALUATED
403	25038069	7068_7_36	oxacillin	oxacillin			NO_ACCESSIONS	R	R			NOT_EVALUATED							NOT_EVALUATED
404	25038069	7068_7_36	fusidic acid	fusidic acid			NO_ACCESSIONS	S	S			NOT_EVALUATED							NOT_EVALUATED
405	25038069	7068_7_36	tetracycline	tetracycline			NO_ACCESSIONS	R	R			NOT_EVALUATED							NOT_EVALUATED
406	25038069	7068_7_36	ciprofloxacin	ciprofloxacin			NO_ACCESSIONS	R	R			NOT_EVALUATED							NOT_EVALUATED
407	25038069	7068_7_36	rifampin	rifampin			NO_ACCESSIONS	S	S			NOT_EVALUATED							NOT_EVALUATED
408	25038069	7068_7_36	vancomycin	vancomycin			NO_ACCESSIONS	S	S			NOT_EVALUATED							NOT_EVALUATED
409	25038069	7068_7_36	linezolid	linezolid			NO_ACCESSIONS	S	S			NOT_EVALUATED							NOT_EVALUATED
410	25038069	7068_7_36	fosfomycin	fosfomycin			NO_ACCESSIONS	R	R			NOT_EVALUATED							NOT_EVALUATED
411	25038069	7068_7_36	daptomycin	daptomycin			NO_ACCESSIONS	S	S			NOT_EVALUATED							NOT_EVALUATED
412	25038069	7068_7_52	gentamicin	gentamicin			NO_ACCESSIONS	R	R			NOT_EVALUATED							NOT_EVALUATED
413	25038069	7068_7_52	erythromycin	erythromycin			NO_ACCESSIONS	R	R			NOT_EVALUATED							NOT_EVALUATED
414	25038069	7068_7_52	oxacillin	oxacillin			NO_ACCESSIONS	R	R			NOT_EVALUATED							NOT_EVALUATED
415	25038069	7068_7_52	fusidic acid	fusidic acid			NO_ACCESSIONS	S	S			NOT_EVALUATED							NOT_EVALUATED
416	25038069	7068_7_52	ciprofloxacin	ciprofloxacin			NO_ACCESSIONS	R	R			NOT_EVALUATED							NOT_EVALUATED
417	25038069	7068_7_52	rifampin	rifampin			NO_ACCESSIONS	S	S			NOT_EVALUATED							NOT_EVALUATED
418	25038069	7068_7_52	vancomycin	vancomycin			NO_ACCESSIONS	S	S			NOT_EVALUATED							NOT_EVALUATED
419	25038069	7068_7_52	mupirocin	mupirocin			NO_ACCESSIONS	S	S			NOT_EVALUATED							NOT_EVALUATED
420	25038069	7068_7_52	linezolid	linezolid			NO_ACCESSIONS	S	S			NOT_EVALUATED							NOT_EVALUATED
421	25038069	7068_7_52	fosfomycin	fosfomycin			NO_ACCESSIONS	R	R			NOT_EVALUATED							NOT_EVALUATED
422	25038069	7068_7_52	daptomycin	daptomycin			NO_ACCESSIONS	S	S			NOT_EVALUATED							NOT_EVALUATED
423	25038069	7067_4_38	gentamicin	gentamicin			NO_ACCESSIONS	R	R			NOT_EVALUATED							NOT_EVALUATED
424	25038069	7067_4_38	erythromycin	erythromycin			NO_ACCESSIONS	R	R			NOT_EVALUATED							NOT_EVALUATED
425	25038069	7067_4_38	oxacillin	oxacillin			NO_ACCESSIONS	R	R			NOT_EVALUATED							NOT_EVALUATED
426	25038069	7067_4_38	fusidic acid	fusidic acid			NO_ACCESSIONS	S	S			NOT_EVALUATED							NOT_EVALUATED
427	25038069	7067_4_38	tetracycline	tetracycline			NO_ACCESSIONS	S	S			NOT_EVALUATED							NOT_EVALUATED
428	25038069	7067_4_38	ciprofloxacin	ciprofloxacin			NO_ACCESSIONS	R	R			NOT_EVALUATED							NOT_EVALUATED
429	25038069	7067_4_38	rifampin	rifampin			NO_ACCESSIONS	S	S			NOT_EVALUATED							NOT_EVALUATED
430	25038069	7067_4_38	vancomycin	vancomycin			NO_ACCESSIONS	S	S			NOT_EVALUATED							NOT_EVALUATED
431	25038069	7067_4_38	mupirocin	mupirocin			NO_ACCESSIONS	S	S			NOT_EVALUATED							NOT_EVALUATED
432	25038069	7067_4_38	linezolid	linezolid			NO_ACCESSIONS	S	S			NOT_EVALUATED							NOT_EVALUATED
433	25038069	7067_4_38	daptomycin	daptomycin			NO_ACCESSIONS	S	S			NOT_EVALUATED							NOT_EVALUATED
434	25038069	7067_4_85	gentamicin	gentamicin			NO_ACCESSIONS	R	R			NOT_EVALUATED							NOT_EVALUATED
435	25038069	7067_4_85	erythromycin	erythromycin			NO_ACCESSIONS	R	R			NOT_EVALUATED							NOT_EVALUATED
436	25038069	7067_4_85	oxacillin	oxacillin			NO_ACCESSIONS	R	R			NOT_EVALUATED							NOT_EVALUATED
437	25038069	7067_4_85	fusidic acid	fusidic acid			NO_ACCESSIONS	R	R			NOT_EVALUATED							NOT_EVALUATED
438	25038069	7067_4_85	tetracycline	tetracycline			NO_ACCESSIONS	R	R			NOT_EVALUATED							NOT_EVALUATED
439	25038069	7067_4_85	ciprofloxacin	ciprofloxacin			NO_ACCESSIONS	R	R			NOT_EVALUATED							NOT_EVALUATED
440	25038069	7067_4_85	rifampin	rifampin			NO_ACCESSIONS	R	R			NOT_EVALUATED							NOT_EVALUATED
441	25038069	7067_4_85	vancomycin	vancomycin			NO_ACCESSIONS	S	S			NOT_EVALUATED							NOT_EVALUATED
442	25038069	7067_4_85	trimethoprim	trimethoprim			NO_ACCESSIONS	R	R			NOT_EVALUATED							NOT_EVALUATED
443	25038069	7067_4_85	mupirocin	mupirocin			NO_ACCESSIONS	S	S			NOT_EVALUATED							NOT_EVALUATED
444	25038069	7067_4_85	linezolid	linezolid			NO_ACCESSIONS	S	S			NOT_EVALUATED							NOT_EVALUATED
445	25038069	7067_4_85	daptomycin	daptomycin			NO_ACCESSIONS	S	S			NOT_EVALUATED							NOT_EVALUATED
446	25038069	7068_7_8	gentamicin	gentamicin			NO_ACCESSIONS	R	R			NOT_EVALUATED							NOT_EVALUATED
447	25038069	7068_7_8	erythromycin	erythromycin			NO_ACCESSIONS	R	R			NOT_EVALUATED							NOT_EVALUATED
448	25038069	7068_7_8	oxacillin	oxacillin			NO_ACCESSIONS	R	R			NOT_EVALUATED							NOT_EVALUATED
449	25038069	7068_7_8	fusidic acid	fusidic acid			NO_ACCESSIONS	R	R			NOT_EVALUATED							NOT_EVALUATED
450	25038069	7068_7_8	tetracycline	tetracycline			NO_ACCESSIONS	R	R			NOT_EVALUATED							NOT_EVALUATED
451	25038069	7068_7_8	ciprofloxacin	ciprofloxacin			NO_ACCESSIONS	R	R			NOT_EVALUATED							NOT_EVALUATED
452	25038069	7068_7_8	rifampin	rifampin			NO_ACCESSIONS	S	S			NOT_EVALUATED							NOT_EVALUATED
453	25038069	7068_7_8	vancomycin	vancomycin			NO_ACCESSIONS	S	S			NOT_EVALUATED							NOT_EVALUATED
454	25038069	7068_7_8	trimethoprim	trimethoprim			NO_ACCESSIONS	R	R			NOT_EVALUATED							NOT_EVALUATED
455	25038069	7068_7_8	mupirocin	mupirocin			NO_ACCESSIONS	S	S			NOT_EVALUATED							NOT_EVALUATED
456	25038069	7068_7_8	linezolid	linezolid			NO_ACCESSIONS	S	S			NOT_EVALUATED							NOT_EVALUATED
457	25038069	7068_7_8	fosfomycin	fosfomycin			NO_ACCESSIONS	R	R			NOT_EVALUATED							NOT_EVALUATED
458	25038069	7068_7_8	daptomycin	daptomycin			NO_ACCESSIONS	S	S			NOT_EVALUATED							NOT_EVALUATED
459	25038069	7068_7_53	oxacillin	oxacillin			NO_ACCESSIONS	R	R			NOT_EVALUATED							NOT_EVALUATED
460	25038069	7068_7_53	vancomycin	vancomycin			NO_ACCESSIONS	S	S			NOT_EVALUATED							NOT_EVALUATED
461	25038069	7068_7_53	linezolid	linezolid			NO_ACCESSIONS	S	S			NOT_EVALUATED							NOT_EVALUATED
462	25038069	7068_7_53	daptomycin	daptomycin			NO_ACCESSIONS	S	S			NOT_EVALUATED							NOT_EVALUATED
463	25038069	7068_7_4	gentamicin	gentamicin			NO_ACCESSIONS	R	R			NOT_EVALUATED							NOT_EVALUATED
464	25038069	7068_7_4	erythromycin	erythromycin			NO_ACCESSIONS	R	R			NOT_EVALUATED							NOT_EVALUATED
465	25038069	7068_7_4	oxacillin	oxacillin			NO_ACCESSIONS	R	R			NOT_EVALUATED							NOT_EVALUATED
466	25038069	7068_7_4	fusidic acid	fusidic acid			NO_ACCESSIONS	R	R			NOT_EVALUATED							NOT_EVALUATED
467	25038069	7068_7_4	tetracycline	tetracycline			NO_ACCESSIONS	R	R			NOT_EVALUATED							NOT_EVALUATED
468	25038069	7068_7_4	ciprofloxacin	ciprofloxacin			NO_ACCESSIONS	R	R			NOT_EVALUATED							NOT_EVALUATED
469	25038069	7068_7_4	rifampin	rifampin			NO_ACCESSIONS	S	S			NOT_EVALUATED							NOT_EVALUATED
470	25038069	7068_7_4	vancomycin	vancomycin			NO_ACCESSIONS	S	S			NOT_EVALUATED							NOT_EVALUATED
471	25038069	7068_7_4	trimethoprim	trimethoprim			NO_ACCESSIONS	S	S			NOT_EVALUATED							NOT_EVALUATED
472	25038069	7068_7_4	mupirocin	mupirocin			NO_ACCESSIONS	S	S			NOT_EVALUATED							NOT_EVALUATED
473	25038069	7068_7_4	linezolid	linezolid			NO_ACCESSIONS	S	S			NOT_EVALUATED							NOT_EVALUATED
474	25038069	7068_7_4	fosfomycin	fosfomycin			NO_ACCESSIONS	S	S			NOT_EVALUATED							NOT_EVALUATED
475	25038069	7068_7_4	daptomycin	daptomycin			NO_ACCESSIONS	S	S			NOT_EVALUATED							NOT_EVALUATED
476	25038069	7067_4_40	gentamicin	gentamicin			NO_ACCESSIONS	R	R			NOT_EVALUATED							NOT_EVALUATED
477	25038069	7067_4_40	erythromycin	erythromycin			NO_ACCESSIONS	R	R			NOT_EVALUATED							NOT_EVALUATED
478	25038069	7067_4_40	oxacillin	oxacillin			NO_ACCESSIONS	I	I			NOT_EVALUATED							NOT_EVALUATED
479	25038069	7067_4_40	fusidic acid	fusidic acid			NO_ACCESSIONS	S	S			NOT_EVALUATED							NOT_EVALUATED
480	25038069	7067_4_40	ciprofloxacin	ciprofloxacin			NO_ACCESSIONS	S	S			NOT_EVALUATED							NOT_EVALUATED
481	25038069	7067_4_40	rifampin	rifampin			NO_ACCESSIONS	S	S			NOT_EVALUATED							NOT_EVALUATED
482	25038069	7067_4_40	vancomycin	vancomycin			NO_ACCESSIONS	S	S			NOT_EVALUATED							NOT_EVALUATED
483	25038069	7067_4_40	mupirocin	mupirocin			NO_ACCESSIONS	S	S			NOT_EVALUATED							NOT_EVALUATED
484	25038069	7067_4_40	linezolid	linezolid			NO_ACCESSIONS	S	S			NOT_EVALUATED							NOT_EVALUATED
485	25038069	7067_4_40	fosfomycin	fosfomycin			NO_ACCESSIONS	S	S			NOT_EVALUATED							NOT_EVALUATED
486	25038069	7067_4_40	daptomycin	daptomycin			NO_ACCESSIONS	S	S			NOT_EVALUATED							NOT_EVALUATED
487	25038069	7068_7_2	gentamicin	gentamicin			NO_ACCESSIONS	R	R			NOT_EVALUATED							NOT_EVALUATED
488	25038069	7068_7_2	erythromycin	erythromycin			NO_ACCESSIONS	R	R			NOT_EVALUATED							NOT_EVALUATED
489	25038069	7068_7_2	oxacillin	oxacillin			NO_ACCESSIONS	R	R			NOT_EVALUATED							NOT_EVALUATED
490	25038069	7068_7_2	fusidic acid	fusidic acid			NO_ACCESSIONS	S	S			NOT_EVALUATED							NOT_EVALUATED
491	25038069	7068_7_2	tetracycline	tetracycline			NO_ACCESSIONS	R	R			NOT_EVALUATED							NOT_EVALUATED
492	25038069	7068_7_2	ciprofloxacin	ciprofloxacin			NO_ACCESSIONS	R	R			NOT_EVALUATED							NOT_EVALUATED
493	25038069	7068_7_2	rifampin	rifampin			NO_ACCESSIONS	S	S			NOT_EVALUATED							NOT_EVALUATED
494	25038069	7068_7_2	vancomycin	vancomycin			NO_ACCESSIONS	S	S			NOT_EVALUATED							NOT_EVALUATED
495	25038069	7068_7_2	trimethoprim	trimethoprim			NO_ACCESSIONS	R	R			NOT_EVALUATED							NOT_EVALUATED
496	25038069	7068_7_2	mupirocin	mupirocin			NO_ACCESSIONS	S	S			NOT_EVALUATED							NOT_EVALUATED
497	25038069	7068_7_2	linezolid	linezolid			NO_ACCESSIONS	S	S			NOT_EVALUATED							NOT_EVALUATED
498	25038069	7068_7_2	daptomycin	daptomycin			NO_ACCESSIONS	S	S			NOT_EVALUATED							NOT_EVALUATED
499	25038069	7067_4_77	gentamicin	gentamicin			NO_ACCESSIONS	R	R			NOT_EVALUATED							NOT_EVALUATED
500	25038069	7067_4_77	erythromycin	erythromycin			NO_ACCESSIONS	R	R			NOT_EVALUATED							NOT_EVALUATED
501	25038069	7067_4_77	oxacillin	oxacillin			NO_ACCESSIONS	R	R			NOT_EVALUATED							NOT_EVALUATED
502	25038069	7067_4_77	fusidic acid	fusidic acid			NO_ACCESSIONS	R	R			NOT_EVALUATED							NOT_EVALUATED
503	25038069	7067_4_77	tetracycline	tetracycline			NO_ACCESSIONS	R	R			NOT_EVALUATED							NOT_EVALUATED
504	25038069	7067_4_77	ciprofloxacin	ciprofloxacin			NO_ACCESSIONS	R	R			NOT_EVALUATED							NOT_EVALUATED
505	25038069	7067_4_77	rifampin	rifampin			NO_ACCESSIONS	S	S			NOT_EVALUATED							NOT_EVALUATED
506	25038069	7067_4_77	vancomycin	vancomycin			NO_ACCESSIONS	S	S			NOT_EVALUATED							NOT_EVALUATED
507	25038069	7067_4_77	mupirocin	mupirocin			NO_ACCESSIONS	S	S			NOT_EVALUATED							NOT_EVALUATED
508	25038069	7067_4_77	linezolid	linezolid			NO_ACCESSIONS	S	S			NOT_EVALUATED							NOT_EVALUATED
509	25038069	7067_4_77	daptomycin	daptomycin			NO_ACCESSIONS	S	S			NOT_EVALUATED							NOT_EVALUATED
510	25038069	7068_7_3	gentamicin	gentamicin			NO_ACCESSIONS	R	R			NOT_EVALUATED							NOT_EVALUATED
511	25038069	7068_7_3	erythromycin	erythromycin			NO_ACCESSIONS	R	R			NOT_EVALUATED							NOT_EVALUATED
512	25038069	7068_7_3	oxacillin	oxacillin			NO_ACCESSIONS	R	R			NOT_EVALUATED							NOT_EVALUATED
513	25038069	7068_7_3	fusidic acid	fusidic acid			NO_ACCESSIONS	R	R			NOT_EVALUATED							NOT_EVALUATED
514	25038069	7068_7_3	tetracycline	tetracycline			NO_ACCESSIONS	R	R			NOT_EVALUATED							NOT_EVALUATED
515	25038069	7068_7_3	ciprofloxacin	ciprofloxacin			NO_ACCESSIONS	R	R			NOT_EVALUATED							NOT_EVALUATED
516	25038069	7068_7_3	rifampin	rifampin			NO_ACCESSIONS	S	S			NOT_EVALUATED							NOT_EVALUATED
517	25038069	7068_7_3	vancomycin	vancomycin			NO_ACCESSIONS	S	S			NOT_EVALUATED							NOT_EVALUATED
518	25038069	7068_7_3	trimethoprim	trimethoprim			NO_ACCESSIONS	R	R			NOT_EVALUATED							NOT_EVALUATED
519	25038069	7068_7_3	linezolid	linezolid			NO_ACCESSIONS	S	S			NOT_EVALUATED							NOT_EVALUATED
520	25038069	7068_7_3	fosfomycin	fosfomycin			NO_ACCESSIONS	R	R			NOT_EVALUATED							NOT_EVALUATED
521	25038069	7068_7_3	daptomycin	daptomycin			NO_ACCESSIONS	S	S			NOT_EVALUATED							NOT_EVALUATED
522	25038069	7068_7_12	gentamicin	gentamicin			NO_ACCESSIONS	R	R			NOT_EVALUATED							NOT_EVALUATED
523	25038069	7068_7_12	erythromycin	erythromycin			NO_ACCESSIONS	S	S			NOT_EVALUATED							NOT_EVALUATED
524	25038069	7068_7_12	oxacillin	oxacillin			NO_ACCESSIONS	R	R			NOT_EVALUATED							NOT_EVALUATED
525	25038069	7068_7_12	tetracycline	tetracycline			NO_ACCESSIONS	S	S			NOT_EVALUATED							NOT_EVALUATED
526	25038069	7068_7_12	rifampin	rifampin			NO_ACCESSIONS	S	S			NOT_EVALUATED							NOT_EVALUATED
527	25038069	7068_7_12	vancomycin	vancomycin			NO_ACCESSIONS	S	S			NOT_EVALUATED							NOT_EVALUATED
528	25038069	7068_7_12	trimethoprim	trimethoprim			NO_ACCESSIONS	R	R			NOT_EVALUATED							NOT_EVALUATED
529	25038069	7068_7_12	mupirocin	mupirocin			NO_ACCESSIONS	S	S			NOT_EVALUATED							NOT_EVALUATED
530	25038069	7068_7_12	linezolid	linezolid			NO_ACCESSIONS	S	S			NOT_EVALUATED							NOT_EVALUATED
531	25038069	7068_7_12	daptomycin	daptomycin			NO_ACCESSIONS	S	S			NOT_EVALUATED							NOT_EVALUATED
532	25038069	7067_4_78	gentamicin	gentamicin			NO_ACCESSIONS	R	R			NOT_EVALUATED							NOT_EVALUATED
533	25038069	7067_4_78	erythromycin	erythromycin			NO_ACCESSIONS	R	R			NOT_EVALUATED							NOT_EVALUATED
534	25038069	7067_4_78	oxacillin	oxacillin			NO_ACCESSIONS	R	R			NOT_EVALUATED							NOT_EVALUATED
535	25038069	7067_4_78	fusidic acid	fusidic acid			NO_ACCESSIONS	R	R			NOT_EVALUATED							NOT_EVALUATED
536	25038069	7067_4_78	tetracycline	tetracycline			NO_ACCESSIONS	R	R			NOT_EVALUATED							NOT_EVALUATED
537	25038069	7067_4_78	ciprofloxacin	ciprofloxacin			NO_ACCESSIONS	R	R			NOT_EVALUATED							NOT_EVALUATED
538	25038069	7067_4_78	rifampin	rifampin			NO_ACCESSIONS	S	S			NOT_EVALUATED							NOT_EVALUATED
539	25038069	7067_4_78	vancomycin	vancomycin			NO_ACCESSIONS	S	S			NOT_EVALUATED							NOT_EVALUATED
540	25038069	7067_4_78	mupirocin	mupirocin			NO_ACCESSIONS	S	S			NOT_EVALUATED							NOT_EVALUATED
541	25038069	7067_4_78	linezolid	linezolid			NO_ACCESSIONS	S	S			NOT_EVALUATED							NOT_EVALUATED
542	25038069	7067_4_78	daptomycin	daptomycin			NO_ACCESSIONS	S	S			NOT_EVALUATED							NOT_EVALUATED
543	25038069	7068_7_48	gentamicin	gentamicin			NO_ACCESSIONS	R	R			NOT_EVALUATED							NOT_EVALUATED
544	25038069	7068_7_48	erythromycin	erythromycin			NO_ACCESSIONS	R	R			NOT_EVALUATED							NOT_EVALUATED
545	25038069	7068_7_48	oxacillin	oxacillin			NO_ACCESSIONS	R	R			NOT_EVALUATED							NOT_EVALUATED
546	25038069	7068_7_48	fusidic acid	fusidic acid			NO_ACCESSIONS	S	S			NOT_EVALUATED							NOT_EVALUATED
547	25038069	7068_7_48	tetracycline	tetracycline			NO_ACCESSIONS	R	R			NOT_EVALUATED							NOT_EVALUATED
548	25038069	7068_7_48	ciprofloxacin	ciprofloxacin			NO_ACCESSIONS	R	R			NOT_EVALUATED							NOT_EVALUATED
549	25038069	7068_7_48	rifampin	rifampin			NO_ACCESSIONS	S	S			NOT_EVALUATED							NOT_EVALUATED
550	25038069	7068_7_48	vancomycin	vancomycin			NO_ACCESSIONS	S	S			NOT_EVALUATED							NOT_EVALUATED
551	25038069	7068_7_48	linezolid	linezolid			NO_ACCESSIONS	S	S			NOT_EVALUATED							NOT_EVALUATED
552	25038069	7067_4_84	gentamicin	gentamicin			NO_ACCESSIONS	R	R			NOT_EVALUATED							NOT_EVALUATED
553	25038069	7067_4_84	erythromycin	erythromycin			NO_ACCESSIONS	R	R			NOT_EVALUATED							NOT_EVALUATED
554	25038069	7067_4_84	oxacillin	oxacillin			NO_ACCESSIONS	R	R			NOT_EVALUATED							NOT_EVALUATED
555	25038069	7067_4_84	fusidic acid	fusidic acid			NO_ACCESSIONS	R	R			NOT_EVALUATED							NOT_EVALUATED
556	25038069	7067_4_84	tetracycline	tetracycline			NO_ACCESSIONS	R	R			NOT_EVALUATED							NOT_EVALUATED
557	25038069	7067_4_84	ciprofloxacin	ciprofloxacin			NO_ACCESSIONS	R	R			NOT_EVALUATED							NOT_EVALUATED
558	25038069	7067_4_84	rifampin	rifampin			NO_ACCESSIONS	R	R			NOT_EVALUATED							NOT_EVALUATED
559	25038069	7067_4_84	vancomycin	vancomycin			NO_ACCESSIONS	S	S			NOT_EVALUATED							NOT_EVALUATED
560	25038069	7067_4_84	trimethoprim	trimethoprim			NO_ACCESSIONS	R	R			NOT_EVALUATED							NOT_EVALUATED
561	25038069	7067_4_84	mupirocin	mupirocin			NO_ACCESSIONS	S	S			NOT_EVALUATED							NOT_EVALUATED
562	25038069	7067_4_84	linezolid	linezolid			NO_ACCESSIONS	S	S			NOT_EVALUATED							NOT_EVALUATED
563	25038069	7067_4_84	daptomycin	daptomycin			NO_ACCESSIONS	S	S			NOT_EVALUATED							NOT_EVALUATED
564	25038069	7067_4_49	gentamicin	gentamicin			NO_ACCESSIONS	R	R			NOT_EVALUATED							NOT_EVALUATED
565	25038069	7067_4_49	erythromycin	erythromycin			NO_ACCESSIONS	R	R			NOT_EVALUATED							NOT_EVALUATED
566	25038069	7067_4_49	oxacillin	oxacillin			NO_ACCESSIONS	R	R			NOT_EVALUATED							NOT_EVALUATED
567	25038069	7067_4_49	fusidic acid	fusidic acid			NO_ACCESSIONS	R	R			NOT_EVALUATED							NOT_EVALUATED
568	25038069	7067_4_49	tetracycline	tetracycline			NO_ACCESSIONS	S	S			NOT_EVALUATED							NOT_EVALUATED
569	25038069	7067_4_49	ciprofloxacin	ciprofloxacin			NO_ACCESSIONS	R	R			NOT_EVALUATED							NOT_EVALUATED
570	25038069	7067_4_49	rifampin	rifampin			NO_ACCESSIONS	S	S			NOT_EVALUATED							NOT_EVALUATED
571	25038069	7067_4_49	vancomycin	vancomycin			NO_ACCESSIONS	S	S			NOT_EVALUATED							NOT_EVALUATED
572	25038069	7067_4_49	mupirocin	mupirocin			NO_ACCESSIONS	S	S			NOT_EVALUATED							NOT_EVALUATED
573	25038069	7067_4_49	linezolid	linezolid			NO_ACCESSIONS	S	S			NOT_EVALUATED							NOT_EVALUATED
574	25038069	7067_4_49	daptomycin	daptomycin			NO_ACCESSIONS	S	S			NOT_EVALUATED							NOT_EVALUATED
575	25038069	7067_4_65	gentamicin	gentamicin			NO_ACCESSIONS	R	R			NOT_EVALUATED							NOT_EVALUATED
576	25038069	7067_4_65	erythromycin	erythromycin			NO_ACCESSIONS	R	R			NOT_EVALUATED							NOT_EVALUATED
577	25038069	7067_4_65	oxacillin	oxacillin			NO_ACCESSIONS	R	R			NOT_EVALUATED							NOT_EVALUATED
578	25038069	7067_4_65	fusidic acid	fusidic acid			NO_ACCESSIONS	S	S			NOT_EVALUATED							NOT_EVALUATED
579	25038069	7067_4_65	tetracycline	tetracycline			NO_ACCESSIONS	S	S			NOT_EVALUATED							NOT_EVALUATED
580	25038069	7067_4_65	ciprofloxacin	ciprofloxacin			NO_ACCESSIONS	R	R			NOT_EVALUATED							NOT_EVALUATED
581	25038069	7067_4_65	rifampin	rifampin			NO_ACCESSIONS	S	S			NOT_EVALUATED							NOT_EVALUATED
582	25038069	7067_4_65	vancomycin	vancomycin			NO_ACCESSIONS	S	S			NOT_EVALUATED							NOT_EVALUATED
583	25038069	7067_4_65	mupirocin	mupirocin			NO_ACCESSIONS	S	S			NOT_EVALUATED							NOT_EVALUATED
584	25038069	7067_4_65	linezolid	linezolid			NO_ACCESSIONS	S	S			NOT_EVALUATED							NOT_EVALUATED
585	25038069	7067_4_65	daptomycin	daptomycin			NO_ACCESSIONS	S	S			NOT_EVALUATED							NOT_EVALUATED
586	25038069	7067_4_70	gentamicin	gentamicin			NO_ACCESSIONS	S	S			NOT_EVALUATED							NOT_EVALUATED
587	25038069	7067_4_70	erythromycin	erythromycin			NO_ACCESSIONS	R	R			NOT_EVALUATED							NOT_EVALUATED
588	25038069	7067_4_70	oxacillin	oxacillin			NO_ACCESSIONS	S	S			NOT_EVALUATED							NOT_EVALUATED
589	25038069	7067_4_70	fusidic acid	fusidic acid			NO_ACCESSIONS	R	R			NOT_EVALUATED							NOT_EVALUATED
590	25038069	7067_4_70	tetracycline	tetracycline			NO_ACCESSIONS	S	S			NOT_EVALUATED							NOT_EVALUATED
591	25038069	7067_4_70	ciprofloxacin	ciprofloxacin			NO_ACCESSIONS	S	S			NOT_EVALUATED							NOT_EVALUATED
592	25038069	7067_4_70	rifampin	rifampin			NO_ACCESSIONS	S	S			NOT_EVALUATED							NOT_EVALUATED
593	25038069	7067_4_70	vancomycin	vancomycin			NO_ACCESSIONS	S	S			NOT_EVALUATED							NOT_EVALUATED
594	25038069	7067_4_70	linezolid	linezolid			NO_ACCESSIONS	S	S			NOT_EVALUATED							NOT_EVALUATED
595	25038069	7068_7_65	gentamicin	gentamicin			NO_ACCESSIONS	R	R			NOT_EVALUATED							NOT_EVALUATED
596	25038069	7068_7_65	erythromycin	erythromycin			NO_ACCESSIONS	R	R			NOT_EVALUATED							NOT_EVALUATED
597	25038069	7068_7_65	oxacillin	oxacillin			NO_ACCESSIONS	R	R			NOT_EVALUATED							NOT_EVALUATED
598	25038069	7068_7_65	fusidic acid	fusidic acid			NO_ACCESSIONS	S	S			NOT_EVALUATED							NOT_EVALUATED
599	25038069	7068_7_65	ciprofloxacin	ciprofloxacin			NO_ACCESSIONS	R	R			NOT_EVALUATED							NOT_EVALUATED
600	25038069	7068_7_65	rifampin	rifampin			NO_ACCESSIONS	S	S			NOT_EVALUATED							NOT_EVALUATED
601	25038069	7068_7_65	vancomycin	vancomycin			NO_ACCESSIONS	S	S			NOT_EVALUATED							NOT_EVALUATED
602	25038069	7068_7_65	linezolid	linezolid			NO_ACCESSIONS	S	S			NOT_EVALUATED							NOT_EVALUATED
603	25038069	7068_7_65	fosfomycin	fosfomycin			NO_ACCESSIONS	R	R			NOT_EVALUATED							NOT_EVALUATED
604	25038069	7068_7_32	gentamicin	gentamicin			NO_ACCESSIONS	R	R			NOT_EVALUATED							NOT_EVALUATED
605	25038069	7068_7_32	erythromycin	erythromycin			NO_ACCESSIONS	R	R			NOT_EVALUATED							NOT_EVALUATED
606	25038069	7068_7_32	oxacillin	oxacillin			NO_ACCESSIONS	R	R			NOT_EVALUATED							NOT_EVALUATED
607	25038069	7068_7_32	fusidic acid	fusidic acid			NO_ACCESSIONS	R	R			NOT_EVALUATED							NOT_EVALUATED
608	25038069	7068_7_32	tetracycline	tetracycline			NO_ACCESSIONS	R	R			NOT_EVALUATED							NOT_EVALUATED
609	25038069	7068_7_32	ciprofloxacin	ciprofloxacin			NO_ACCESSIONS	R	R			NOT_EVALUATED							NOT_EVALUATED
610	25038069	7068_7_32	rifampin	rifampin			NO_ACCESSIONS	S	S			NOT_EVALUATED							NOT_EVALUATED
611	25038069	7068_7_32	vancomycin	vancomycin			NO_ACCESSIONS	S	S			NOT_EVALUATED							NOT_EVALUATED
612	25038069	7068_7_32	mupirocin	mupirocin			NO_ACCESSIONS	S	S			NOT_EVALUATED							NOT_EVALUATED
613	25038069	7068_7_32	linezolid	linezolid			NO_ACCESSIONS	S	S			NOT_EVALUATED							NOT_EVALUATED
614	25038069	7068_7_32	fosfomycin	fosfomycin			NO_ACCESSIONS	S	S			NOT_EVALUATED							NOT_EVALUATED
615	25038069	7068_7_32	daptomycin	daptomycin			NO_ACCESSIONS	S	S			NOT_EVALUATED							NOT_EVALUATED
616	25038069	7068_7_62	gentamicin	gentamicin			NO_ACCESSIONS	R	R			NOT_EVALUATED							NOT_EVALUATED
617	25038069	7068_7_62	erythromycin	erythromycin			NO_ACCESSIONS	R	R			NOT_EVALUATED							NOT_EVALUATED
618	25038069	7068_7_62	oxacillin	oxacillin			NO_ACCESSIONS	R	R			NOT_EVALUATED							NOT_EVALUATED
619	25038069	7068_7_62	fusidic acid	fusidic acid			NO_ACCESSIONS	R	R			NOT_EVALUATED							NOT_EVALUATED
620	25038069	7068_7_62	ciprofloxacin	ciprofloxacin			NO_ACCESSIONS	R	R			NOT_EVALUATED							NOT_EVALUATED
621	25038069	7068_7_62	rifampin	rifampin			NO_ACCESSIONS	S	S			NOT_EVALUATED							NOT_EVALUATED
622	25038069	7068_7_62	vancomycin	vancomycin			NO_ACCESSIONS	S	S			NOT_EVALUATED							NOT_EVALUATED
623	25038069	7068_7_62	mupirocin	mupirocin			NO_ACCESSIONS	S	S			NOT_EVALUATED							NOT_EVALUATED
624	25038069	7068_7_62	linezolid	linezolid			NO_ACCESSIONS	S	S			NOT_EVALUATED							NOT_EVALUATED
625	25038069	7068_7_62	fosfomycin	fosfomycin			NO_ACCESSIONS	S	S			NOT_EVALUATED							NOT_EVALUATED
626	25038069	7068_7_62	daptomycin	daptomycin			NO_ACCESSIONS	S	S			NOT_EVALUATED							NOT_EVALUATED
627	25038069	7068_7_26	gentamicin	gentamicin			NO_ACCESSIONS	R	R			NOT_EVALUATED							NOT_EVALUATED
628	25038069	7068_7_26	erythromycin	erythromycin			NO_ACCESSIONS	R	R			NOT_EVALUATED							NOT_EVALUATED
629	25038069	7068_7_26	oxacillin	oxacillin			NO_ACCESSIONS	R	R			NOT_EVALUATED							NOT_EVALUATED
630	25038069	7068_7_26	fusidic acid	fusidic acid			NO_ACCESSIONS	R	R			NOT_EVALUATED							NOT_EVALUATED
631	25038069	7068_7_26	tetracycline	tetracycline			NO_ACCESSIONS	R	R			NOT_EVALUATED							NOT_EVALUATED
632	25038069	7068_7_26	ciprofloxacin	ciprofloxacin			NO_ACCESSIONS	R	R			NOT_EVALUATED							NOT_EVALUATED
633	25038069	7068_7_26	rifampin	rifampin			NO_ACCESSIONS	S	S			NOT_EVALUATED							NOT_EVALUATED
634	25038069	7068_7_26	vancomycin	vancomycin			NO_ACCESSIONS	S	S			NOT_EVALUATED							NOT_EVALUATED
635	25038069	7068_7_26	linezolid	linezolid			NO_ACCESSIONS	S	S			NOT_EVALUATED							NOT_EVALUATED
636	25038069	7068_7_26	fosfomycin	fosfomycin			NO_ACCESSIONS	S	S			NOT_EVALUATED							NOT_EVALUATED
637	25038069	7068_7_34	gentamicin	gentamicin			NO_ACCESSIONS	R	R			NOT_EVALUATED							NOT_EVALUATED
638	25038069	7068_7_34	erythromycin	erythromycin			NO_ACCESSIONS	R	R			NOT_EVALUATED							NOT_EVALUATED
639	25038069	7068_7_34	oxacillin	oxacillin			NO_ACCESSIONS	R	R			NOT_EVALUATED							NOT_EVALUATED
640	25038069	7068_7_34	fusidic acid	fusidic acid			NO_ACCESSIONS	R	R			NOT_EVALUATED							NOT_EVALUATED
641	25038069	7068_7_34	ciprofloxacin	ciprofloxacin			NO_ACCESSIONS	R	R			NOT_EVALUATED							NOT_EVALUATED
642	25038069	7068_7_34	rifampin	rifampin			NO_ACCESSIONS	S	S			NOT_EVALUATED							NOT_EVALUATED
643	25038069	7068_7_34	vancomycin	vancomycin			NO_ACCESSIONS	S	S			NOT_EVALUATED							NOT_EVALUATED
644	25038069	7068_7_34	mupirocin	mupirocin			NO_ACCESSIONS	S	S			NOT_EVALUATED							NOT_EVALUATED
645	25038069	7068_7_34	linezolid	linezolid			NO_ACCESSIONS	S	S			NOT_EVALUATED							NOT_EVALUATED
646	25038069	7068_7_34	fosfomycin	fosfomycin			NO_ACCESSIONS	S	S			NOT_EVALUATED							NOT_EVALUATED
647	25038069	7068_7_34	daptomycin	daptomycin			NO_ACCESSIONS	S	S			NOT_EVALUATED							NOT_EVALUATED
648	25038069	7068_7_59	gentamicin	gentamicin			NO_ACCESSIONS	R	R			NOT_EVALUATED							NOT_EVALUATED
649	25038069	7068_7_59	erythromycin	erythromycin			NO_ACCESSIONS	R	R			NOT_EVALUATED							NOT_EVALUATED
650	25038069	7068_7_59	oxacillin	oxacillin			NO_ACCESSIONS	R	R			NOT_EVALUATED							NOT_EVALUATED
651	25038069	7068_7_59	fusidic acid	fusidic acid			NO_ACCESSIONS	R	R			NOT_EVALUATED							NOT_EVALUATED
652	25038069	7068_7_59	ciprofloxacin	ciprofloxacin			NO_ACCESSIONS	R	R			NOT_EVALUATED							NOT_EVALUATED
653	25038069	7068_7_59	rifampin	rifampin			NO_ACCESSIONS	S	S			NOT_EVALUATED							NOT_EVALUATED
654	25038069	7068_7_59	vancomycin	vancomycin			NO_ACCESSIONS	S	S			NOT_EVALUATED							NOT_EVALUATED
655	25038069	7068_7_59	linezolid	linezolid			NO_ACCESSIONS	S	S			NOT_EVALUATED							NOT_EVALUATED
656	25038069	7068_7_59	fosfomycin	fosfomycin			NO_ACCESSIONS	S	S			NOT_EVALUATED							NOT_EVALUATED
657	25038069	7068_7_59	daptomycin	daptomycin			NO_ACCESSIONS	S	S			NOT_EVALUATED							NOT_EVALUATED
658	25038069	7067_4_55	gentamicin	gentamicin			NO_ACCESSIONS	R	R			NOT_EVALUATED							NOT_EVALUATED
659	25038069	7067_4_55	erythromycin	erythromycin			NO_ACCESSIONS	R	R			NOT_EVALUATED							NOT_EVALUATED
660	25038069	7067_4_55	oxacillin	oxacillin			NO_ACCESSIONS	R	R			NOT_EVALUATED							NOT_EVALUATED
661	25038069	7067_4_55	fusidic acid	fusidic acid			NO_ACCESSIONS	S	S			NOT_EVALUATED							NOT_EVALUATED
662	25038069	7067_4_55	tetracycline	tetracycline			NO_ACCESSIONS	R	R			NOT_EVALUATED							NOT_EVALUATED
663	25038069	7067_4_55	ciprofloxacin	ciprofloxacin			NO_ACCESSIONS	R	R			NOT_EVALUATED							NOT_EVALUATED
664	25038069	7067_4_55	rifampin	rifampin			NO_ACCESSIONS	S	S			NOT_EVALUATED							NOT_EVALUATED
665	25038069	7067_4_55	vancomycin	vancomycin			NO_ACCESSIONS	S	S			NOT_EVALUATED							NOT_EVALUATED
666	25038069	7067_4_55	linezolid	linezolid			NO_ACCESSIONS	S	S			NOT_EVALUATED							NOT_EVALUATED
667	25038069	7067_4_55	daptomycin	daptomycin			NO_ACCESSIONS	S	S			NOT_EVALUATED							NOT_EVALUATED
668	25038069	7068_7_66	gentamicin	gentamicin			NO_ACCESSIONS	S	S			NOT_EVALUATED							NOT_EVALUATED
669	25038069	7068_7_66	erythromycin	erythromycin			NO_ACCESSIONS	S	S			NOT_EVALUATED							NOT_EVALUATED
670	25038069	7068_7_66	oxacillin	oxacillin			NO_ACCESSIONS	R	R			NOT_EVALUATED							NOT_EVALUATED
671	25038069	7068_7_66	fusidic acid	fusidic acid			NO_ACCESSIONS	R	R			NOT_EVALUATED							NOT_EVALUATED
672	25038069	7068_7_66	ciprofloxacin	ciprofloxacin			NO_ACCESSIONS	S	S			NOT_EVALUATED							NOT_EVALUATED
673	25038069	7068_7_66	rifampin	rifampin			NO_ACCESSIONS	S	S			NOT_EVALUATED							NOT_EVALUATED
674	25038069	7068_7_66	vancomycin	vancomycin			NO_ACCESSIONS	S	S			NOT_EVALUATED							NOT_EVALUATED
675	25038069	7068_7_66	linezolid	linezolid			NO_ACCESSIONS	S	S			NOT_EVALUATED							NOT_EVALUATED
676	25038069	7068_7_66	fosfomycin	fosfomycin			NO_ACCESSIONS	R	R			NOT_EVALUATED							NOT_EVALUATED
677	25038069	7068_7_66	daptomycin	daptomycin			NO_ACCESSIONS	R	R			NOT_EVALUATED							NOT_EVALUATED
678	25038069	7068_7_58	gentamicin	gentamicin			NO_ACCESSIONS	R	R			NOT_EVALUATED							NOT_EVALUATED
679	25038069	7068_7_58	erythromycin	erythromycin			NO_ACCESSIONS	R	R			NOT_EVALUATED							NOT_EVALUATED
680	25038069	7068_7_58	oxacillin	oxacillin			NO_ACCESSIONS	R	R			NOT_EVALUATED							NOT_EVALUATED
681	25038069	7068_7_58	fusidic acid	fusidic acid			NO_ACCESSIONS	R	R			NOT_EVALUATED							NOT_EVALUATED
682	25038069	7068_7_58	ciprofloxacin	ciprofloxacin			NO_ACCESSIONS	R	R			NOT_EVALUATED							NOT_EVALUATED
683	25038069	7068_7_58	rifampin	rifampin			NO_ACCESSIONS	S	S			NOT_EVALUATED							NOT_EVALUATED
684	25038069	7068_7_58	vancomycin	vancomycin			NO_ACCESSIONS	S	S			NOT_EVALUATED							NOT_EVALUATED
685	25038069	7068_7_58	linezolid	linezolid			NO_ACCESSIONS	S	S			NOT_EVALUATED							NOT_EVALUATED
686	25038069	7068_7_58	fosfomycin	fosfomycin			NO_ACCESSIONS	S	S			NOT_EVALUATED							NOT_EVALUATED
687	25038069	7068_7_58	daptomycin	daptomycin			NO_ACCESSIONS	S	S			NOT_EVALUATED							NOT_EVALUATED
688	25038069	7067_4_45	gentamicin	gentamicin			NO_ACCESSIONS	R	R			NOT_EVALUATED							NOT_EVALUATED
689	25038069	7067_4_45	erythromycin	erythromycin			NO_ACCESSIONS	S	S			NOT_EVALUATED							NOT_EVALUATED
690	25038069	7067_4_45	oxacillin	oxacillin			NO_ACCESSIONS	R	R			NOT_EVALUATED							NOT_EVALUATED
691	25038069	7067_4_45	fusidic acid	fusidic acid			NO_ACCESSIONS	S	S			NOT_EVALUATED							NOT_EVALUATED
692	25038069	7067_4_45	tetracycline	tetracycline			NO_ACCESSIONS	R	R			NOT_EVALUATED							NOT_EVALUATED
693	25038069	7067_4_45	ciprofloxacin	ciprofloxacin			NO_ACCESSIONS	R	R			NOT_EVALUATED							NOT_EVALUATED
694	25038069	7067_4_45	rifampin	rifampin			NO_ACCESSIONS	S	S			NOT_EVALUATED							NOT_EVALUATED
695	25038069	7067_4_45	vancomycin	vancomycin			NO_ACCESSIONS	S	S			NOT_EVALUATED							NOT_EVALUATED
696	25038069	7067_4_45	linezolid	linezolid			NO_ACCESSIONS	S	S			NOT_EVALUATED							NOT_EVALUATED
697	25038069	7067_4_45	daptomycin	daptomycin			NO_ACCESSIONS	S	S			NOT_EVALUATED							NOT_EVALUATED
698	25038069	7067_4_56	gentamicin	gentamicin			NO_ACCESSIONS	S	S			NOT_EVALUATED							NOT_EVALUATED
699	25038069	7067_4_56	erythromycin	erythromycin			NO_ACCESSIONS	R	R			NOT_EVALUATED							NOT_EVALUATED
700	25038069	7067_4_56	oxacillin	oxacillin			NO_ACCESSIONS	R	R			NOT_EVALUATED							NOT_EVALUATED
701	25038069	7067_4_56	fusidic acid	fusidic acid			NO_ACCESSIONS	R	R			NOT_EVALUATED							NOT_EVALUATED
702	25038069	7067_4_56	tetracycline	tetracycline			NO_ACCESSIONS	R	R			NOT_EVALUATED							NOT_EVALUATED
703	25038069	7067_4_56	ciprofloxacin	ciprofloxacin			NO_ACCESSIONS	R	R			NOT_EVALUATED							NOT_EVALUATED
704	25038069	7067_4_56	rifampin	rifampin			NO_ACCESSIONS	S	S			NOT_EVALUATED							NOT_EVALUATED
705	25038069	7067_4_56	vancomycin	vancomycin			NO_ACCESSIONS	S	S			NOT_EVALUATED							NOT_EVALUATED
706	25038069	7067_4_56	linezolid	linezolid			NO_ACCESSIONS	S	S			NOT_EVALUATED							NOT_EVALUATED
707	25038069	7067_4_56	daptomycin	daptomycin			NO_ACCESSIONS	S	S			NOT_EVALUATED							NOT_EVALUATED
708	25038069	7067_4_47	gentamicin	gentamicin			NO_ACCESSIONS	R	R			NOT_EVALUATED							NOT_EVALUATED
709	25038069	7067_4_47	erythromycin	erythromycin			NO_ACCESSIONS	R	R			NOT_EVALUATED							NOT_EVALUATED
710	25038069	7067_4_47	oxacillin	oxacillin			NO_ACCESSIONS	R	R			NOT_EVALUATED							NOT_EVALUATED
711	25038069	7067_4_47	fusidic acid	fusidic acid			NO_ACCESSIONS	R	R			NOT_EVALUATED							NOT_EVALUATED
712	25038069	7067_4_47	tetracycline	tetracycline			NO_ACCESSIONS	R	R			NOT_EVALUATED							NOT_EVALUATED
713	25038069	7067_4_47	ciprofloxacin	ciprofloxacin			NO_ACCESSIONS	R	R			NOT_EVALUATED							NOT_EVALUATED
714	25038069	7067_4_47	rifampin	rifampin			NO_ACCESSIONS	S	S			NOT_EVALUATED							NOT_EVALUATED
715	25038069	7067_4_47	vancomycin	vancomycin			NO_ACCESSIONS	S	S			NOT_EVALUATED							NOT_EVALUATED
716	25038069	7067_4_47	linezolid	linezolid			NO_ACCESSIONS	S	S			NOT_EVALUATED							NOT_EVALUATED
717	25038069	7067_4_47	daptomycin	daptomycin			NO_ACCESSIONS	S	S			NOT_EVALUATED							NOT_EVALUATED
718	25038069	7067_4_39	gentamicin	gentamicin			NO_ACCESSIONS	R	R			NOT_EVALUATED							NOT_EVALUATED
719	25038069	7067_4_39	erythromycin	erythromycin			NO_ACCESSIONS	R	R			NOT_EVALUATED							NOT_EVALUATED
720	25038069	7067_4_39	oxacillin	oxacillin			NO_ACCESSIONS	R	R			NOT_EVALUATED							NOT_EVALUATED
721	25038069	7067_4_39	fusidic acid	fusidic acid			NO_ACCESSIONS	R	R			NOT_EVALUATED							NOT_EVALUATED
722	25038069	7067_4_39	tetracycline	tetracycline			NO_ACCESSIONS	S	S			NOT_EVALUATED							NOT_EVALUATED
723	25038069	7067_4_39	ciprofloxacin	ciprofloxacin			NO_ACCESSIONS	R	R			NOT_EVALUATED							NOT_EVALUATED
724	25038069	7067_4_39	rifampin	rifampin			NO_ACCESSIONS	S	S			NOT_EVALUATED							NOT_EVALUATED
725	25038069	7067_4_39	vancomycin	vancomycin			NO_ACCESSIONS	S	S			NOT_EVALUATED							NOT_EVALUATED
726	25038069	7067_4_39	mupirocin	mupirocin			NO_ACCESSIONS	S	S			NOT_EVALUATED							NOT_EVALUATED
727	25038069	7067_4_39	linezolid	linezolid			NO_ACCESSIONS	S	S			NOT_EVALUATED							NOT_EVALUATED
728	25038069	7067_4_39	daptomycin	daptomycin			NO_ACCESSIONS	S	S			NOT_EVALUATED							NOT_EVALUATED
729	25038069	7067_4_72	gentamicin	gentamicin			NO_ACCESSIONS	R	R			NOT_EVALUATED							NOT_EVALUATED
730	25038069	7067_4_72	erythromycin	erythromycin			NO_ACCESSIONS	R	R			NOT_EVALUATED							NOT_EVALUATED
731	25038069	7067_4_72	oxacillin	oxacillin			NO_ACCESSIONS	R	R			NOT_EVALUATED							NOT_EVALUATED
732	25038069	7067_4_72	fusidic acid	fusidic acid			NO_ACCESSIONS	S	S			NOT_EVALUATED							NOT_EVALUATED
733	25038069	7067_4_72	tetracycline	tetracycline			NO_ACCESSIONS	R	R			NOT_EVALUATED							NOT_EVALUATED
734	25038069	7067_4_72	ciprofloxacin	ciprofloxacin			NO_ACCESSIONS	S	S			NOT_EVALUATED							NOT_EVALUATED
735	25038069	7067_4_72	rifampin	rifampin			NO_ACCESSIONS	S	S			NOT_EVALUATED							NOT_EVALUATED
736	25038069	7067_4_72	vancomycin	vancomycin			NO_ACCESSIONS	S	S			NOT_EVALUATED							NOT_EVALUATED
737	25038069	7067_4_72	mupirocin	mupirocin			NO_ACCESSIONS	S	S			NOT_EVALUATED							NOT_EVALUATED
738	25038069	7067_4_63	gentamicin	gentamicin			NO_ACCESSIONS	R	R			NOT_EVALUATED							NOT_EVALUATED
739	25038069	7067_4_63	erythromycin	erythromycin			NO_ACCESSIONS	R	R			NOT_EVALUATED							NOT_EVALUATED
740	25038069	7067_4_63	oxacillin	oxacillin			NO_ACCESSIONS	R	R			NOT_EVALUATED							NOT_EVALUATED
741	25038069	7067_4_63	fusidic acid	fusidic acid			NO_ACCESSIONS	S	S			NOT_EVALUATED							NOT_EVALUATED
742	25038069	7067_4_63	tetracycline	tetracycline			NO_ACCESSIONS	R	R			NOT_EVALUATED							NOT_EVALUATED
743	25038069	7067_4_63	ciprofloxacin	ciprofloxacin			NO_ACCESSIONS	S	S			NOT_EVALUATED							NOT_EVALUATED
744	25038069	7067_4_63	rifampin	rifampin			NO_ACCESSIONS	S	S			NOT_EVALUATED							NOT_EVALUATED
745	25038069	7067_4_63	vancomycin	vancomycin			NO_ACCESSIONS	S	S			NOT_EVALUATED							NOT_EVALUATED
746	25038069	7067_4_63	linezolid	linezolid			NO_ACCESSIONS	S	S			NOT_EVALUATED							NOT_EVALUATED
747	25038069	7067_4_63	daptomycin	daptomycin			NO_ACCESSIONS	S	S			NOT_EVALUATED							NOT_EVALUATED
748	25038069	7067_4_58	gentamicin	gentamicin			NO_ACCESSIONS	R	R			NOT_EVALUATED							NOT_EVALUATED
749	25038069	7067_4_58	erythromycin	erythromycin			NO_ACCESSIONS	S	S			NOT_EVALUATED							NOT_EVALUATED
750	25038069	7067_4_58	oxacillin	oxacillin			NO_ACCESSIONS	R	R			NOT_EVALUATED							NOT_EVALUATED
751	25038069	7067_4_58	fusidic acid	fusidic acid			NO_ACCESSIONS	S	S			NOT_EVALUATED							NOT_EVALUATED
752	25038069	7067_4_58	tetracycline	tetracycline			NO_ACCESSIONS	R	R			NOT_EVALUATED							NOT_EVALUATED
753	25038069	7067_4_58	ciprofloxacin	ciprofloxacin			NO_ACCESSIONS	S	S			NOT_EVALUATED							NOT_EVALUATED
754	25038069	7067_4_58	rifampin	rifampin			NO_ACCESSIONS	S	S			NOT_EVALUATED							NOT_EVALUATED
755	25038069	7067_4_58	vancomycin	vancomycin			NO_ACCESSIONS	S	S			NOT_EVALUATED							NOT_EVALUATED
756	25038069	7067_4_58	linezolid	linezolid			NO_ACCESSIONS	S	S			NOT_EVALUATED							NOT_EVALUATED
757	25038069	7067_4_61	gentamicin	gentamicin			NO_ACCESSIONS	R	R			NOT_EVALUATED							NOT_EVALUATED
758	25038069	7067_4_61	erythromycin	erythromycin			NO_ACCESSIONS	S	S			NOT_EVALUATED							NOT_EVALUATED
759	25038069	7067_4_61	oxacillin	oxacillin			NO_ACCESSIONS	R	R			NOT_EVALUATED							NOT_EVALUATED
760	25038069	7067_4_61	fusidic acid	fusidic acid			NO_ACCESSIONS	S	S			NOT_EVALUATED							NOT_EVALUATED
761	25038069	7067_4_61	tetracycline	tetracycline			NO_ACCESSIONS	R	R			NOT_EVALUATED							NOT_EVALUATED
762	25038069	7067_4_61	ciprofloxacin	ciprofloxacin			NO_ACCESSIONS	S	S			NOT_EVALUATED							NOT_EVALUATED
763	25038069	7067_4_61	rifampin	rifampin			NO_ACCESSIONS	S	S			NOT_EVALUATED							NOT_EVALUATED
764	25038069	7067_4_59	gentamicin	gentamicin			NO_ACCESSIONS	R	R			NOT_EVALUATED							NOT_EVALUATED
765	25038069	7067_4_59	erythromycin	erythromycin			NO_ACCESSIONS	S	S			NOT_EVALUATED							NOT_EVALUATED
766	25038069	7067_4_59	oxacillin	oxacillin			NO_ACCESSIONS	R	R			NOT_EVALUATED							NOT_EVALUATED
767	25038069	7067_4_59	fusidic acid	fusidic acid			NO_ACCESSIONS	S	S			NOT_EVALUATED							NOT_EVALUATED
768	25038069	7067_4_59	tetracycline	tetracycline			NO_ACCESSIONS	R	R			NOT_EVALUATED							NOT_EVALUATED
769	25038069	7067_4_59	ciprofloxacin	ciprofloxacin			NO_ACCESSIONS	S	S			NOT_EVALUATED							NOT_EVALUATED
770	25038069	7067_4_59	rifampin	rifampin			NO_ACCESSIONS	S	S			NOT_EVALUATED							NOT_EVALUATED
771	25038069	7067_4_59	vancomycin	vancomycin			NO_ACCESSIONS	S	S			NOT_EVALUATED							NOT_EVALUATED
772	25038069	7067_4_59	linezolid	linezolid			NO_ACCESSIONS	S	S			NOT_EVALUATED							NOT_EVALUATED
773	25038069	7067_4_32	gentamicin	gentamicin			NO_ACCESSIONS	R	R			NOT_EVALUATED							NOT_EVALUATED
774	25038069	7067_4_32	erythromycin	erythromycin			NO_ACCESSIONS	R	R			NOT_EVALUATED							NOT_EVALUATED
775	25038069	7067_4_32	oxacillin	oxacillin			NO_ACCESSIONS	R	R			NOT_EVALUATED							NOT_EVALUATED
776	25038069	7067_4_32	fusidic acid	fusidic acid			NO_ACCESSIONS	R	R			NOT_EVALUATED							NOT_EVALUATED
777	25038069	7067_4_32	tetracycline	tetracycline			NO_ACCESSIONS	S	S			NOT_EVALUATED							NOT_EVALUATED
778	25038069	7067_4_32	ciprofloxacin	ciprofloxacin			NO_ACCESSIONS	S	S			NOT_EVALUATED							NOT_EVALUATED
779	25038069	7067_4_32	rifampin	rifampin			NO_ACCESSIONS	S	S			NOT_EVALUATED							NOT_EVALUATED
780	25038069	7067_4_32	vancomycin	vancomycin			NO_ACCESSIONS	S	S			NOT_EVALUATED							NOT_EVALUATED
781	25038069	7067_4_32	linezolid	linezolid			NO_ACCESSIONS	S	S			NOT_EVALUATED							NOT_EVALUATED
782	25038069	7067_4_29	gentamicin	gentamicin			NO_ACCESSIONS	R	R			NOT_EVALUATED							NOT_EVALUATED
783	25038069	7067_4_29	erythromycin	erythromycin			NO_ACCESSIONS	R	R			NOT_EVALUATED							NOT_EVALUATED
784	25038069	7067_4_29	oxacillin	oxacillin			NO_ACCESSIONS	R	R			NOT_EVALUATED							NOT_EVALUATED
785	25038069	7067_4_29	fusidic acid	fusidic acid			NO_ACCESSIONS	R	R			NOT_EVALUATED							NOT_EVALUATED
786	25038069	7067_4_29	tetracycline	tetracycline			NO_ACCESSIONS	S	S			NOT_EVALUATED							NOT_EVALUATED
787	25038069	7067_4_29	ciprofloxacin	ciprofloxacin			NO_ACCESSIONS	S	S			NOT_EVALUATED							NOT_EVALUATED
788	25038069	7067_4_29	rifampin	rifampin			NO_ACCESSIONS	S	S			NOT_EVALUATED							NOT_EVALUATED
789	25038069	7067_4_29	vancomycin	vancomycin			NO_ACCESSIONS	S	S			NOT_EVALUATED							NOT_EVALUATED
790	25038069	7067_4_29	linezolid	linezolid			NO_ACCESSIONS	S	S			NOT_EVALUATED							NOT_EVALUATED
791	25038069	7067_4_33	gentamicin	gentamicin			NO_ACCESSIONS	R	R			NOT_EVALUATED							NOT_EVALUATED
792	25038069	7067_4_33	erythromycin	erythromycin			NO_ACCESSIONS	R	R			NOT_EVALUATED							NOT_EVALUATED
793	25038069	7067_4_33	oxacillin	oxacillin			NO_ACCESSIONS	R	R			NOT_EVALUATED							NOT_EVALUATED
794	25038069	7067_4_33	fusidic acid	fusidic acid			NO_ACCESSIONS	R	R			NOT_EVALUATED							NOT_EVALUATED
795	25038069	7067_4_33	tetracycline	tetracycline			NO_ACCESSIONS	S	S			NOT_EVALUATED							NOT_EVALUATED
796	25038069	7067_4_33	ciprofloxacin	ciprofloxacin			NO_ACCESSIONS	S	S			NOT_EVALUATED							NOT_EVALUATED
797	25038069	7067_4_33	rifampin	rifampin			NO_ACCESSIONS	S	S			NOT_EVALUATED							NOT_EVALUATED
798	25038069	7067_4_33	vancomycin	vancomycin			NO_ACCESSIONS	S	S			NOT_EVALUATED							NOT_EVALUATED
799	25038069	7067_4_33	linezolid	linezolid			NO_ACCESSIONS	S	S			NOT_EVALUATED							NOT_EVALUATED
800	25038069	7067_4_34	gentamicin	gentamicin			NO_ACCESSIONS	R	R			NOT_EVALUATED							NOT_EVALUATED
801	25038069	7067_4_34	erythromycin	erythromycin			NO_ACCESSIONS	S	S			NOT_EVALUATED							NOT_EVALUATED
802	25038069	7067_4_34	oxacillin	oxacillin			NO_ACCESSIONS	R	R			NOT_EVALUATED							NOT_EVALUATED
803	25038069	7067_4_34	fusidic acid	fusidic acid			NO_ACCESSIONS	R	R			NOT_EVALUATED							NOT_EVALUATED
804	25038069	7067_4_34	tetracycline	tetracycline			NO_ACCESSIONS	S	S			NOT_EVALUATED							NOT_EVALUATED
805	25038069	7067_4_34	ciprofloxacin	ciprofloxacin			NO_ACCESSIONS	S	S			NOT_EVALUATED							NOT_EVALUATED
806	25038069	7067_4_34	rifampin	rifampin			NO_ACCESSIONS	S	S			NOT_EVALUATED							NOT_EVALUATED
807	25038069	7067_4_34	vancomycin	vancomycin			NO_ACCESSIONS	S	S			NOT_EVALUATED							NOT_EVALUATED
808	25038069	7067_4_34	linezolid	linezolid			NO_ACCESSIONS	S	S			NOT_EVALUATED							NOT_EVALUATED
809	25038069	7067_4_52	gentamicin	gentamicin			NO_ACCESSIONS	R	R			NOT_EVALUATED							NOT_EVALUATED
810	25038069	7067_4_52	erythromycin	erythromycin			NO_ACCESSIONS	S	S			NOT_EVALUATED							NOT_EVALUATED
811	25038069	7067_4_52	oxacillin	oxacillin			NO_ACCESSIONS	R	R			NOT_EVALUATED							NOT_EVALUATED
812	25038069	7067_4_52	fusidic acid	fusidic acid			NO_ACCESSIONS	R	R			NOT_EVALUATED							NOT_EVALUATED
813	25038069	7067_4_52	tetracycline	tetracycline			NO_ACCESSIONS	S	S			NOT_EVALUATED							NOT_EVALUATED
814	25038069	7067_4_52	ciprofloxacin	ciprofloxacin			NO_ACCESSIONS	S	S			NOT_EVALUATED							NOT_EVALUATED
815	25038069	7067_4_52	rifampin	rifampin			NO_ACCESSIONS	S	S			NOT_EVALUATED							NOT_EVALUATED
816	25038069	7067_4_52	vancomycin	vancomycin			NO_ACCESSIONS	S	S			NOT_EVALUATED							NOT_EVALUATED
817	25038069	7067_4_52	linezolid	linezolid			NO_ACCESSIONS	S	S			NOT_EVALUATED							NOT_EVALUATED
818	25038069	7067_4_27	gentamicin	gentamicin			NO_ACCESSIONS	R	R			NOT_EVALUATED							NOT_EVALUATED
819	25038069	7067_4_27	erythromycin	erythromycin			NO_ACCESSIONS	R	R			NOT_EVALUATED							NOT_EVALUATED
820	25038069	7067_4_27	oxacillin	oxacillin			NO_ACCESSIONS	R	R			NOT_EVALUATED							NOT_EVALUATED
821	25038069	7067_4_27	fusidic acid	fusidic acid			NO_ACCESSIONS	R	R			NOT_EVALUATED							NOT_EVALUATED
822	25038069	7067_4_27	tetracycline	tetracycline			NO_ACCESSIONS	S	S			NOT_EVALUATED							NOT_EVALUATED
823	25038069	7067_4_27	ciprofloxacin	ciprofloxacin			NO_ACCESSIONS	S	S			NOT_EVALUATED							NOT_EVALUATED
824	25038069	7067_4_27	rifampin	rifampin			NO_ACCESSIONS	S	S			NOT_EVALUATED							NOT_EVALUATED
825	25038069	7067_4_27	vancomycin	vancomycin			NO_ACCESSIONS	S	S			NOT_EVALUATED							NOT_EVALUATED
826	25038069	7067_4_27	linezolid	linezolid			NO_ACCESSIONS	S	S			NOT_EVALUATED							NOT_EVALUATED
827	25038069	7067_4_30	gentamicin	gentamicin			NO_ACCESSIONS	R	R			NOT_EVALUATED							NOT_EVALUATED
828	25038069	7067_4_30	erythromycin	erythromycin			NO_ACCESSIONS	R	R			NOT_EVALUATED							NOT_EVALUATED
829	25038069	7067_4_30	oxacillin	oxacillin			NO_ACCESSIONS	R	R			NOT_EVALUATED							NOT_EVALUATED
830	25038069	7067_4_30	fusidic acid	fusidic acid			NO_ACCESSIONS	R	R			NOT_EVALUATED							NOT_EVALUATED
831	25038069	7067_4_30	tetracycline	tetracycline			NO_ACCESSIONS	S	S			NOT_EVALUATED							NOT_EVALUATED
832	25038069	7067_4_30	ciprofloxacin	ciprofloxacin			NO_ACCESSIONS	S	S			NOT_EVALUATED							NOT_EVALUATED
833	25038069	7067_4_30	rifampin	rifampin			NO_ACCESSIONS	S	S			NOT_EVALUATED							NOT_EVALUATED
834	25038069	7067_4_30	vancomycin	vancomycin			NO_ACCESSIONS	S	S			NOT_EVALUATED							NOT_EVALUATED
835	25038069	7067_4_30	linezolid	linezolid			NO_ACCESSIONS	S	S			NOT_EVALUATED							NOT_EVALUATED
836	25038069	7067_4_26	gentamicin	gentamicin			NO_ACCESSIONS	R	R			NOT_EVALUATED							NOT_EVALUATED
837	25038069	7067_4_26	erythromycin	erythromycin			NO_ACCESSIONS	R	R			NOT_EVALUATED							NOT_EVALUATED
838	25038069	7067_4_26	oxacillin	oxacillin			NO_ACCESSIONS	R	R			NOT_EVALUATED							NOT_EVALUATED
839	25038069	7067_4_26	fusidic acid	fusidic acid			NO_ACCESSIONS	R	R			NOT_EVALUATED							NOT_EVALUATED
840	25038069	7067_4_26	tetracycline	tetracycline			NO_ACCESSIONS	S	S			NOT_EVALUATED							NOT_EVALUATED
841	25038069	7067_4_26	ciprofloxacin	ciprofloxacin			NO_ACCESSIONS	S	S			NOT_EVALUATED							NOT_EVALUATED
842	25038069	7067_4_26	rifampin	rifampin			NO_ACCESSIONS	S	S			NOT_EVALUATED							NOT_EVALUATED
843	25038069	7067_4_26	vancomycin	vancomycin			NO_ACCESSIONS	S	S			NOT_EVALUATED							NOT_EVALUATED
844	25038069	7067_4_26	linezolid	linezolid			NO_ACCESSIONS	S	S			NOT_EVALUATED							NOT_EVALUATED
845	25038069	7067_4_26	daptomycin	daptomycin			NO_ACCESSIONS	S	S			NOT_EVALUATED							NOT_EVALUATED
846	25038069	7067_4_76	gentamicin	gentamicin			NO_ACCESSIONS	R	R			NOT_EVALUATED							NOT_EVALUATED
847	25038069	7067_4_76	erythromycin	erythromycin			NO_ACCESSIONS	R	R			NOT_EVALUATED							NOT_EVALUATED
848	25038069	7067_4_76	oxacillin	oxacillin			NO_ACCESSIONS	R	R			NOT_EVALUATED							NOT_EVALUATED
849	25038069	7067_4_76	fusidic acid	fusidic acid			NO_ACCESSIONS	S	S			NOT_EVALUATED							NOT_EVALUATED
850	25038069	7067_4_76	tetracycline	tetracycline			NO_ACCESSIONS	S	S			NOT_EVALUATED							NOT_EVALUATED
851	25038069	7067_4_76	ciprofloxacin	ciprofloxacin			NO_ACCESSIONS	S	S			NOT_EVALUATED							NOT_EVALUATED
852	25038069	7067_4_76	rifampin	rifampin			NO_ACCESSIONS	S	S			NOT_EVALUATED							NOT_EVALUATED
853	25038069	7067_4_76	vancomycin	vancomycin			NO_ACCESSIONS	S	S			NOT_EVALUATED							NOT_EVALUATED
854	25038069	7067_4_76	linezolid	linezolid			NO_ACCESSIONS	S	S			NOT_EVALUATED							NOT_EVALUATED
855	25038069	7067_4_25	gentamicin	gentamicin			NO_ACCESSIONS	R	R			NOT_EVALUATED							NOT_EVALUATED
856	25038069	7067_4_25	erythromycin	erythromycin			NO_ACCESSIONS	R	R			NOT_EVALUATED							NOT_EVALUATED
857	25038069	7067_4_25	oxacillin	oxacillin			NO_ACCESSIONS	R	R			NOT_EVALUATED							NOT_EVALUATED
858	25038069	7067_4_25	fusidic acid	fusidic acid			NO_ACCESSIONS	R	R			NOT_EVALUATED							NOT_EVALUATED
859	25038069	7067_4_25	tetracycline	tetracycline			NO_ACCESSIONS	S	S			NOT_EVALUATED							NOT_EVALUATED
860	25038069	7067_4_25	ciprofloxacin	ciprofloxacin			NO_ACCESSIONS	S	S			NOT_EVALUATED							NOT_EVALUATED
861	25038069	7067_4_25	rifampin	rifampin			NO_ACCESSIONS	S	S			NOT_EVALUATED							NOT_EVALUATED
862	25038069	7067_4_25	vancomycin	vancomycin			NO_ACCESSIONS	S	S			NOT_EVALUATED							NOT_EVALUATED
863	25038069	7067_4_25	linezolid	linezolid			NO_ACCESSIONS	S	S			NOT_EVALUATED							NOT_EVALUATED
864	25038069	7067_4_75	gentamicin	gentamicin			NO_ACCESSIONS	R	R			NOT_EVALUATED							NOT_EVALUATED
865	25038069	7067_4_75	erythromycin	erythromycin			NO_ACCESSIONS	R	R			NOT_EVALUATED							NOT_EVALUATED
866	25038069	7067_4_75	oxacillin	oxacillin			NO_ACCESSIONS	R	R			NOT_EVALUATED							NOT_EVALUATED
867	25038069	7067_4_75	fusidic acid	fusidic acid			NO_ACCESSIONS	R	R			NOT_EVALUATED							NOT_EVALUATED
868	25038069	7067_4_75	tetracycline	tetracycline			NO_ACCESSIONS	S	S			NOT_EVALUATED							NOT_EVALUATED
869	25038069	7067_4_75	ciprofloxacin	ciprofloxacin			NO_ACCESSIONS	S	S			NOT_EVALUATED							NOT_EVALUATED
870	25038069	7067_4_75	rifampin	rifampin			NO_ACCESSIONS	S	S			NOT_EVALUATED							NOT_EVALUATED
871	25038069	7067_4_75	vancomycin	vancomycin			NO_ACCESSIONS	S	S			NOT_EVALUATED							NOT_EVALUATED
872	25038069	7067_4_75	linezolid	linezolid			NO_ACCESSIONS	S	S			NOT_EVALUATED							NOT_EVALUATED
873	25038069	7067_4_54	gentamicin	gentamicin			NO_ACCESSIONS	R	R			NOT_EVALUATED							NOT_EVALUATED
874	25038069	7067_4_54	erythromycin	erythromycin			NO_ACCESSIONS	R	R			NOT_EVALUATED							NOT_EVALUATED
875	25038069	7067_4_54	oxacillin	oxacillin			NO_ACCESSIONS	R	R			NOT_EVALUATED							NOT_EVALUATED
876	25038069	7067_4_54	fusidic acid	fusidic acid			NO_ACCESSIONS	S	S			NOT_EVALUATED							NOT_EVALUATED
877	25038069	7067_4_54	tetracycline	tetracycline			NO_ACCESSIONS	S	S			NOT_EVALUATED							NOT_EVALUATED
878	25038069	7067_4_54	ciprofloxacin	ciprofloxacin			NO_ACCESSIONS	S	S			NOT_EVALUATED							NOT_EVALUATED
879	25038069	7067_4_54	rifampin	rifampin			NO_ACCESSIONS	S	S			NOT_EVALUATED							NOT_EVALUATED
880	25038069	7067_4_54	vancomycin	vancomycin			NO_ACCESSIONS	S	S			NOT_EVALUATED							NOT_EVALUATED
881	25038069	7067_4_54	linezolid	linezolid			NO_ACCESSIONS	S	S			NOT_EVALUATED							NOT_EVALUATED
882	25038069	7067_4_31	gentamicin	gentamicin			NO_ACCESSIONS	R	R			NOT_EVALUATED							NOT_EVALUATED
883	25038069	7067_4_31	erythromycin	erythromycin			NO_ACCESSIONS	R	R			NOT_EVALUATED							NOT_EVALUATED
884	25038069	7067_4_31	oxacillin	oxacillin			NO_ACCESSIONS	R	R			NOT_EVALUATED							NOT_EVALUATED
885	25038069	7067_4_31	fusidic acid	fusidic acid			NO_ACCESSIONS	R	R			NOT_EVALUATED							NOT_EVALUATED
886	25038069	7067_4_31	tetracycline	tetracycline			NO_ACCESSIONS	S	S			NOT_EVALUATED							NOT_EVALUATED
887	25038069	7067_4_31	ciprofloxacin	ciprofloxacin			NO_ACCESSIONS	S	S			NOT_EVALUATED							NOT_EVALUATED
888	25038069	7067_4_31	rifampin	rifampin			NO_ACCESSIONS	S	S			NOT_EVALUATED							NOT_EVALUATED
889	25038069	7067_4_31	vancomycin	vancomycin			NO_ACCESSIONS	S	S			NOT_EVALUATED							NOT_EVALUATED
890	25038069	7067_4_31	linezolid	linezolid			NO_ACCESSIONS	S	S			NOT_EVALUATED							NOT_EVALUATED
891	25038069	7067_4_62	gentamicin	gentamicin			NO_ACCESSIONS	R	R			NOT_EVALUATED							NOT_EVALUATED
892	25038069	7067_4_62	erythromycin	erythromycin			NO_ACCESSIONS	R	R			NOT_EVALUATED							NOT_EVALUATED
893	25038069	7067_4_62	oxacillin	oxacillin			NO_ACCESSIONS	R	R			NOT_EVALUATED							NOT_EVALUATED
894	25038069	7067_4_62	fusidic acid	fusidic acid			NO_ACCESSIONS	S	S			NOT_EVALUATED							NOT_EVALUATED
895	25038069	7067_4_62	tetracycline	tetracycline			NO_ACCESSIONS	S	S			NOT_EVALUATED							NOT_EVALUATED
896	25038069	7067_4_62	ciprofloxacin	ciprofloxacin			NO_ACCESSIONS	S	S			NOT_EVALUATED							NOT_EVALUATED
897	25038069	7067_4_62	rifampin	rifampin			NO_ACCESSIONS	S	S			NOT_EVALUATED							NOT_EVALUATED
898	25038069	7067_4_62	vancomycin	vancomycin			NO_ACCESSIONS	S	S			NOT_EVALUATED							NOT_EVALUATED
899	25038069	7067_4_62	linezolid	linezolid			NO_ACCESSIONS	S	S			NOT_EVALUATED							NOT_EVALUATED
900	25038069	7067_4_64	gentamicin	gentamicin			NO_ACCESSIONS	R	R			NOT_EVALUATED							NOT_EVALUATED
901	25038069	7067_4_64	erythromycin	erythromycin			NO_ACCESSIONS	R	R			NOT_EVALUATED							NOT_EVALUATED
902	25038069	7067_4_64	oxacillin	oxacillin			NO_ACCESSIONS	R	R			NOT_EVALUATED							NOT_EVALUATED
903	25038069	7067_4_64	fusidic acid	fusidic acid			NO_ACCESSIONS	S	S			NOT_EVALUATED							NOT_EVALUATED
904	25038069	7067_4_64	tetracycline	tetracycline			NO_ACCESSIONS	S	S			NOT_EVALUATED							NOT_EVALUATED
905	25038069	7067_4_64	ciprofloxacin	ciprofloxacin			NO_ACCESSIONS	S	S			NOT_EVALUATED							NOT_EVALUATED
906	25038069	7067_4_64	rifampin	rifampin			NO_ACCESSIONS	S	S			NOT_EVALUATED							NOT_EVALUATED
907	25038069	7067_4_64	vancomycin	vancomycin			NO_ACCESSIONS	S	S			NOT_EVALUATED							NOT_EVALUATED
908	25038069	7067_4_64	linezolid	linezolid			NO_ACCESSIONS	S	S			NOT_EVALUATED							NOT_EVALUATED
909	25038069	7067_4_74	gentamicin	gentamicin			NO_ACCESSIONS	R	R			NOT_EVALUATED							NOT_EVALUATED
910	25038069	7067_4_74	erythromycin	erythromycin			NO_ACCESSIONS	R	R			NOT_EVALUATED							NOT_EVALUATED
911	25038069	7067_4_74	oxacillin	oxacillin			NO_ACCESSIONS	R	R			NOT_EVALUATED							NOT_EVALUATED
912	25038069	7067_4_74	fusidic acid	fusidic acid			NO_ACCESSIONS	S	S			NOT_EVALUATED							NOT_EVALUATED
913	25038069	7067_4_74	tetracycline	tetracycline			NO_ACCESSIONS	S	S			NOT_EVALUATED							NOT_EVALUATED
914	25038069	7067_4_74	ciprofloxacin	ciprofloxacin			NO_ACCESSIONS	S	S			NOT_EVALUATED							NOT_EVALUATED
915	25038069	7067_4_74	rifampin	rifampin			NO_ACCESSIONS	S	S			NOT_EVALUATED							NOT_EVALUATED
916	25038069	JCSC1435	gentamicin	gentamicin			NO_ACCESSIONS	R	R			NOT_EVALUATED							NOT_EVALUATED
917	25038069	JCSC1435	erythromycin	erythromycin			NO_ACCESSIONS	R	R			NOT_EVALUATED							NOT_EVALUATED
918	25038069	JCSC1435	oxacillin	oxacillin			NO_ACCESSIONS	R	R			NOT_EVALUATED							NOT_EVALUATED
919	25038069	JCSC1435	fusidic acid	fusidic acid			NO_ACCESSIONS	S	S			NOT_EVALUATED							NOT_EVALUATED
920	25038069	JCSC1435	tetracycline	tetracycline			NO_ACCESSIONS	R	R			NOT_EVALUATED							NOT_EVALUATED
921	25038069	JCSC1435	ciprofloxacin	ciprofloxacin			NO_ACCESSIONS	R	R			NOT_EVALUATED							NOT_EVALUATED
922	25038069	JCSC1435	rifampin	rifampin			NO_ACCESSIONS	S	S			NOT_EVALUATED							NOT_EVALUATED
923	25038069	JCSC1435	vancomycin	vancomycin			NO_ACCESSIONS	S	S			NOT_EVALUATED							NOT_EVALUATED
924	25038069	7068_7_18	gentamicin	gentamicin			NO_ACCESSIONS	R	R			NOT_EVALUATED							NOT_EVALUATED
925	25038069	7068_7_18	erythromycin	erythromycin			NO_ACCESSIONS	R	R			NOT_EVALUATED							NOT_EVALUATED
926	25038069	7068_7_18	oxacillin	oxacillin			NO_ACCESSIONS	R	R			NOT_EVALUATED							NOT_EVALUATED
927	25038069	7068_7_18	fusidic acid	fusidic acid			NO_ACCESSIONS	S	S			NOT_EVALUATED							NOT_EVALUATED
928	25038069	7068_7_18	tetracycline	tetracycline			NO_ACCESSIONS	S	S			NOT_EVALUATED							NOT_EVALUATED
929	25038069	7068_7_18	ciprofloxacin	ciprofloxacin			NO_ACCESSIONS	R	R			NOT_EVALUATED							NOT_EVALUATED
930	25038069	7068_7_18	rifampin	rifampin			NO_ACCESSIONS	S	S			NOT_EVALUATED							NOT_EVALUATED
931	25038069	7068_7_18	vancomycin	vancomycin			NO_ACCESSIONS	S	S			NOT_EVALUATED							NOT_EVALUATED
932	25038069	7068_7_18	mupirocin	mupirocin			NO_ACCESSIONS	S	S			NOT_EVALUATED							NOT_EVALUATED
933	25038069	7068_7_25	gentamicin	gentamicin			NO_ACCESSIONS	R	R			NOT_EVALUATED							NOT_EVALUATED
934	25038069	7068_7_25	erythromycin	erythromycin			NO_ACCESSIONS	R	R			NOT_EVALUATED							NOT_EVALUATED
935	25038069	7068_7_25	oxacillin	oxacillin			NO_ACCESSIONS	R	R			NOT_EVALUATED							NOT_EVALUATED
936	25038069	7068_7_25	fusidic acid	fusidic acid			NO_ACCESSIONS	S	S			NOT_EVALUATED							NOT_EVALUATED
937	25038069	7068_7_25	tetracycline	tetracycline			NO_ACCESSIONS	R	R			NOT_EVALUATED							NOT_EVALUATED
938	25038069	7068_7_25	ciprofloxacin	ciprofloxacin			NO_ACCESSIONS	S	S			NOT_EVALUATED							NOT_EVALUATED
939	25038069	7068_7_25	rifampin	rifampin			NO_ACCESSIONS	S	S			NOT_EVALUATED							NOT_EVALUATED
940	25038069	7068_7_25	vancomycin	vancomycin			NO_ACCESSIONS	S	S			NOT_EVALUATED							NOT_EVALUATED
941	25038069	7068_7_25	linezolid	linezolid			NO_ACCESSIONS	S	S			NOT_EVALUATED							NOT_EVALUATED
942	25038069	7068_7_20	gentamicin	gentamicin			NO_ACCESSIONS	R	R			NOT_EVALUATED							NOT_EVALUATED
943	25038069	7068_7_20	erythromycin	erythromycin			NO_ACCESSIONS	R	R			NOT_EVALUATED							NOT_EVALUATED
944	25038069	7068_7_20	oxacillin	oxacillin			NO_ACCESSIONS	R	R			NOT_EVALUATED							NOT_EVALUATED
945	25038069	7068_7_20	fusidic acid	fusidic acid			NO_ACCESSIONS	S	S			NOT_EVALUATED							NOT_EVALUATED
946	25038069	7068_7_20	tetracycline	tetracycline			NO_ACCESSIONS	R	R			NOT_EVALUATED							NOT_EVALUATED
947	25038069	7068_7_20	ciprofloxacin	ciprofloxacin			NO_ACCESSIONS	R	R			NOT_EVALUATED							NOT_EVALUATED
948	25038069	7068_7_20	rifampin	rifampin			NO_ACCESSIONS	S	S			NOT_EVALUATED							NOT_EVALUATED
949	25038069	7068_7_20	vancomycin	vancomycin			NO_ACCESSIONS	S	S			NOT_EVALUATED							NOT_EVALUATED
950	25038069	7068_7_20	linezolid	linezolid			NO_ACCESSIONS	S	S			NOT_EVALUATED							NOT_EVALUATED
951	25038069	7068_7_45	gentamicin	gentamicin			NO_ACCESSIONS	R	R			NOT_EVALUATED							NOT_EVALUATED
952	25038069	7068_7_45	erythromycin	erythromycin			NO_ACCESSIONS	R	R			NOT_EVALUATED							NOT_EVALUATED
953	25038069	7068_7_45	oxacillin	oxacillin			NO_ACCESSIONS	R	R			NOT_EVALUATED							NOT_EVALUATED
954	25038069	7068_7_45	fusidic acid	fusidic acid			NO_ACCESSIONS	I	I			NOT_EVALUATED							NOT_EVALUATED
955	25038069	7068_7_45	ciprofloxacin	ciprofloxacin			NO_ACCESSIONS	R	R			NOT_EVALUATED							NOT_EVALUATED
956	25038069	7068_7_45	rifampin	rifampin			NO_ACCESSIONS	S	S			NOT_EVALUATED							NOT_EVALUATED
957	25038069	7068_7_45	vancomycin	vancomycin			NO_ACCESSIONS	S	S			NOT_EVALUATED							NOT_EVALUATED
958	25038069	7068_7_45	mupirocin	mupirocin			NO_ACCESSIONS	S	S			NOT_EVALUATED							NOT_EVALUATED
959	25038069	7068_7_45	linezolid	linezolid			NO_ACCESSIONS	S	S			NOT_EVALUATED							NOT_EVALUATED
960	25038069	7068_7_45	fosfomycin	fosfomycin			NO_ACCESSIONS	R	R			NOT_EVALUATED							NOT_EVALUATED
961	25038069	7068_7_55	gentamicin	gentamicin			NO_ACCESSIONS	R	R			NOT_EVALUATED							NOT_EVALUATED
962	25038069	7068_7_55	erythromycin	erythromycin			NO_ACCESSIONS	R	R			NOT_EVALUATED							NOT_EVALUATED
963	25038069	7068_7_55	oxacillin	oxacillin			NO_ACCESSIONS	R	R			NOT_EVALUATED							NOT_EVALUATED
964	25038069	7068_7_55	fusidic acid	fusidic acid			NO_ACCESSIONS	S	S			NOT_EVALUATED							NOT_EVALUATED
965	25038069	7068_7_55	ciprofloxacin	ciprofloxacin			NO_ACCESSIONS	R	R			NOT_EVALUATED							NOT_EVALUATED
966	25038069	7068_7_55	rifampin	rifampin			NO_ACCESSIONS	R	R			NOT_EVALUATED							NOT_EVALUATED
967	25038069	7068_7_55	vancomycin	vancomycin			NO_ACCESSIONS	S	S			NOT_EVALUATED							NOT_EVALUATED
968	25038069	7068_7_55	linezolid	linezolid			NO_ACCESSIONS	S	S			NOT_EVALUATED							NOT_EVALUATED
969	25038069	7068_7_55	fosfomycin	fosfomycin			NO_ACCESSIONS	S	S			NOT_EVALUATED							NOT_EVALUATED
970	25038069	7068_7_29	gentamicin	gentamicin			NO_ACCESSIONS	R	R			NOT_EVALUATED							NOT_EVALUATED
971	25038069	7068_7_29	erythromycin	erythromycin			NO_ACCESSIONS	R	R			NOT_EVALUATED							NOT_EVALUATED
972	25038069	7068_7_29	oxacillin	oxacillin			NO_ACCESSIONS	R	R			NOT_EVALUATED							NOT_EVALUATED
973	25038069	7068_7_29	fusidic acid	fusidic acid			NO_ACCESSIONS	R	R			NOT_EVALUATED							NOT_EVALUATED
974	25038069	7068_7_29	ciprofloxacin	ciprofloxacin			NO_ACCESSIONS	R	R			NOT_EVALUATED							NOT_EVALUATED
975	25038069	7068_7_29	rifampin	rifampin			NO_ACCESSIONS	S	S			NOT_EVALUATED							NOT_EVALUATED
976	25038069	7068_7_29	vancomycin	vancomycin			NO_ACCESSIONS	S	S			NOT_EVALUATED							NOT_EVALUATED
977	25038069	7068_7_29	linezolid	linezolid			NO_ACCESSIONS	S	S			NOT_EVALUATED							NOT_EVALUATED
978	25038069	7068_7_29	fosfomycin	fosfomycin			NO_ACCESSIONS	R	R			NOT_EVALUATED							NOT_EVALUATED
979	25038069	7067_4_66	gentamicin	gentamicin			NO_ACCESSIONS	R	R			NOT_EVALUATED							NOT_EVALUATED
980	25038069	7067_4_66	erythromycin	erythromycin			NO_ACCESSIONS	S	S			NOT_EVALUATED							NOT_EVALUATED
981	25038069	7067_4_66	oxacillin	oxacillin			NO_ACCESSIONS	R	R			NOT_EVALUATED							NOT_EVALUATED
982	25038069	7067_4_66	fusidic acid	fusidic acid			NO_ACCESSIONS	S	S			NOT_EVALUATED							NOT_EVALUATED
983	25038069	7067_4_66	tetracycline	tetracycline			NO_ACCESSIONS	R	R			NOT_EVALUATED							NOT_EVALUATED
984	25038069	7067_4_66	ciprofloxacin	ciprofloxacin			NO_ACCESSIONS	R	R			NOT_EVALUATED							NOT_EVALUATED
985	25038069	7067_4_66	rifampin	rifampin			NO_ACCESSIONS	S	S			NOT_EVALUATED							NOT_EVALUATED
986	25038069	7067_4_66	vancomycin	vancomycin			NO_ACCESSIONS	S	S			NOT_EVALUATED							NOT_EVALUATED
987	25038069	7067_4_66	mupirocin	mupirocin			NO_ACCESSIONS	S	S			NOT_EVALUATED							NOT_EVALUATED
988	25038069	7067_4_66	linezolid	linezolid			NO_ACCESSIONS	S	S			NOT_EVALUATED							NOT_EVALUATED
989	25038069	7068_7_15	gentamicin	gentamicin			NO_ACCESSIONS	R	R			NOT_EVALUATED							NOT_EVALUATED
990	25038069	7068_7_15	erythromycin	erythromycin			NO_ACCESSIONS	S	S			NOT_EVALUATED							NOT_EVALUATED
991	25038069	7068_7_15	oxacillin	oxacillin			NO_ACCESSIONS	R	R			NOT_EVALUATED							NOT_EVALUATED
992	25038069	7068_7_15	fusidic acid	fusidic acid			NO_ACCESSIONS	S	S			NOT_EVALUATED							NOT_EVALUATED
993	25038069	7068_7_15	tetracycline	tetracycline			NO_ACCESSIONS	R	R			NOT_EVALUATED							NOT_EVALUATED
994	25038069	7068_7_15	ciprofloxacin	ciprofloxacin			NO_ACCESSIONS	R	R			NOT_EVALUATED							NOT_EVALUATED
995	25038069	7068_7_15	rifampin	rifampin			NO_ACCESSIONS	S	S			NOT_EVALUATED							NOT_EVALUATED
996	25038069	7068_7_15	vancomycin	vancomycin			NO_ACCESSIONS	S	S			NOT_EVALUATED							NOT_EVALUATED
997	25038069	7068_7_15	linezolid	linezolid			NO_ACCESSIONS	S	S			NOT_EVALUATED							NOT_EVALUATED
998	25038069	7068_7_13	gentamicin	gentamicin			NO_ACCESSIONS	R	R			NOT_EVALUATED							NOT_EVALUATED
999	25038069	7068_7_13	erythromycin	erythromycin			NO_ACCESSIONS	S	S			NOT_EVALUATED							NOT_EVALUATED
1000	25038069	7068_7_13	oxacillin	oxacillin			NO_ACCESSIONS	R	R			NOT_EVALUATED							NOT_EVALUATED
1001	25038069	7068_7_13	tetracycline	tetracycline			NO_ACCESSIONS	S	S			NOT_EVALUATED							NOT_EVALUATED
1002	25038069	7068_7_13	rifampin	rifampin			NO_ACCESSIONS	S	S			NOT_EVALUATED							NOT_EVALUATED
1003	25038069	7068_7_13	vancomycin	vancomycin			NO_ACCESSIONS	S	S			NOT_EVALUATED							NOT_EVALUATED
1004	25038069	7068_7_13	trimethoprim	trimethoprim			NO_ACCESSIONS	R	R			NOT_EVALUATED							NOT_EVALUATED
1005	25038069	7068_7_13	linezolid	linezolid			NO_ACCESSIONS	S	S			NOT_EVALUATED							NOT_EVALUATED
1006	25038069	7068_7_27	vancomycin	vancomycin			NO_ACCESSIONS	S	S			NOT_EVALUATED							NOT_EVALUATED
1007	25038069	7068_7_27	mupirocin	mupirocin			NO_ACCESSIONS	S	S			NOT_EVALUATED							NOT_EVALUATED
1008	25038069	7068_7_27	linezolid	linezolid			NO_ACCESSIONS	S	S			NOT_EVALUATED							NOT_EVALUATED
1009	25038069	7067_4_91	gentamicin	gentamicin			NO_ACCESSIONS	S	S			NOT_EVALUATED							NOT_EVALUATED
1010	25038069	7067_4_91	erythromycin	erythromycin			NO_ACCESSIONS	R	R			NOT_EVALUATED							NOT_EVALUATED
1011	25038069	7067_4_91	oxacillin	oxacillin			NO_ACCESSIONS	S	S			NOT_EVALUATED							NOT_EVALUATED
1012	25038069	7067_4_91	fusidic acid	fusidic acid			NO_ACCESSIONS	I	I			NOT_EVALUATED							NOT_EVALUATED
1013	25038069	7067_4_91	ciprofloxacin	ciprofloxacin			NO_ACCESSIONS	S	S			NOT_EVALUATED							NOT_EVALUATED
1014	25038069	7067_4_91	rifampin	rifampin			NO_ACCESSIONS	S	S			NOT_EVALUATED							NOT_EVALUATED
1015	25038069	7067_4_91	vancomycin	vancomycin			NO_ACCESSIONS	S	S			NOT_EVALUATED							NOT_EVALUATED
1016	25038069	7067_4_91	fosfomycin	fosfomycin			NO_ACCESSIONS	R	R			NOT_EVALUATED							NOT_EVALUATED
1017	25038069	7067_4_86	gentamicin	gentamicin			NO_ACCESSIONS	S	S			NOT_EVALUATED							NOT_EVALUATED
1018	25038069	7067_4_86	erythromycin	erythromycin			NO_ACCESSIONS	S	S			NOT_EVALUATED							NOT_EVALUATED
1019	25038069	7067_4_86	oxacillin	oxacillin			NO_ACCESSIONS	S	S			NOT_EVALUATED							NOT_EVALUATED
1020	25038069	7067_4_86	fusidic acid	fusidic acid			NO_ACCESSIONS	R	R			NOT_EVALUATED							NOT_EVALUATED
1021	25038069	7067_4_86	tetracycline	tetracycline			NO_ACCESSIONS	R	R			NOT_EVALUATED							NOT_EVALUATED
1022	25038069	7067_4_86	ciprofloxacin	ciprofloxacin			NO_ACCESSIONS	S	S			NOT_EVALUATED							NOT_EVALUATED
1023	25038069	7067_4_86	rifampin	rifampin			NO_ACCESSIONS	S	S			NOT_EVALUATED							NOT_EVALUATED
1024	25038069	7067_4_86	vancomycin	vancomycin			NO_ACCESSIONS	S	S			NOT_EVALUATED							NOT_EVALUATED
1025	25038069	7067_4_86	trimethoprim	trimethoprim			NO_ACCESSIONS	S	S			NOT_EVALUATED							NOT_EVALUATED
1026	25038069	7067_4_86	mupirocin	mupirocin			NO_ACCESSIONS	S	S			NOT_EVALUATED							NOT_EVALUATED
1027	25038069	7067_4_86	linezolid	linezolid			NO_ACCESSIONS	S	S			NOT_EVALUATED							NOT_EVALUATED
1028	25038069	7068_7_63	gentamicin	gentamicin			NO_ACCESSIONS	R	R			NOT_EVALUATED							NOT_EVALUATED
1029	25038069	7068_7_63	erythromycin	erythromycin			NO_ACCESSIONS	R	R			NOT_EVALUATED							NOT_EVALUATED
1030	25038069	7068_7_63	oxacillin	oxacillin			NO_ACCESSIONS	R	R			NOT_EVALUATED							NOT_EVALUATED
1031	25038069	7068_7_63	fusidic acid	fusidic acid			NO_ACCESSIONS	R	R			NOT_EVALUATED							NOT_EVALUATED
1032	25038069	7068_7_63	tetracycline	tetracycline			NO_ACCESSIONS	R	R			NOT_EVALUATED							NOT_EVALUATED
1033	25038069	7068_7_63	ciprofloxacin	ciprofloxacin			NO_ACCESSIONS	R	R			NOT_EVALUATED							NOT_EVALUATED
1034	25038069	7068_7_63	rifampin	rifampin			NO_ACCESSIONS	S	S			NOT_EVALUATED							NOT_EVALUATED
1035	25038069	7068_7_63	vancomycin	vancomycin			NO_ACCESSIONS	S	S			NOT_EVALUATED							NOT_EVALUATED
1036	25038069	7068_7_63	linezolid	linezolid			NO_ACCESSIONS	S	S			NOT_EVALUATED							NOT_EVALUATED
1037	25038069	7068_7_63	fosfomycin	fosfomycin			NO_ACCESSIONS	R	R			NOT_EVALUATED							NOT_EVALUATED
1038	25038069	7068_7_14	gentamicin	gentamicin			NO_ACCESSIONS	S	S			NOT_EVALUATED							NOT_EVALUATED
1039	25038069	7068_7_14	erythromycin	erythromycin			NO_ACCESSIONS	S	S			NOT_EVALUATED							NOT_EVALUATED
1040	25038069	7068_7_14	oxacillin	oxacillin			NO_ACCESSIONS	R	R			NOT_EVALUATED							NOT_EVALUATED
1041	25038069	7068_7_14	fusidic acid	fusidic acid			NO_ACCESSIONS	S	S			NOT_EVALUATED							NOT_EVALUATED
1042	25038069	7068_7_14	tetracycline	tetracycline			NO_ACCESSIONS	R	R			NOT_EVALUATED							NOT_EVALUATED
1043	25038069	7068_7_14	ciprofloxacin	ciprofloxacin			NO_ACCESSIONS	R	R			NOT_EVALUATED							NOT_EVALUATED
1044	25038069	7068_7_14	rifampin	rifampin			NO_ACCESSIONS	S	S			NOT_EVALUATED							NOT_EVALUATED
1045	25038069	7068_7_14	vancomycin	vancomycin			NO_ACCESSIONS	S	S			NOT_EVALUATED							NOT_EVALUATED
1046	25038069	7068_7_16	gentamicin	gentamicin			NO_ACCESSIONS	S	S			NOT_EVALUATED							NOT_EVALUATED
1047	25038069	7068_7_16	erythromycin	erythromycin			NO_ACCESSIONS	S	S			NOT_EVALUATED							NOT_EVALUATED
1048	25038069	7068_7_16	oxacillin	oxacillin			NO_ACCESSIONS	R	R			NOT_EVALUATED							NOT_EVALUATED
1049	25038069	7068_7_16	fusidic acid	fusidic acid			NO_ACCESSIONS	S	S			NOT_EVALUATED							NOT_EVALUATED
1050	25038069	7068_7_16	tetracycline	tetracycline			NO_ACCESSIONS	R	R			NOT_EVALUATED							NOT_EVALUATED
1051	25038069	7068_7_16	ciprofloxacin	ciprofloxacin			NO_ACCESSIONS	R	R			NOT_EVALUATED							NOT_EVALUATED
1052	25038069	7068_7_16	rifampin	rifampin			NO_ACCESSIONS	S	S			NOT_EVALUATED							NOT_EVALUATED
1053	25038069	7068_7_16	vancomycin	vancomycin			NO_ACCESSIONS	S	S			NOT_EVALUATED							NOT_EVALUATED
1054	25038069	7068_7_16	linezolid	linezolid			NO_ACCESSIONS	S	S			NOT_EVALUATED							NOT_EVALUATED
1055	25038069	7068_7_57	gentamicin	gentamicin			NO_ACCESSIONS	R	R			NOT_EVALUATED							NOT_EVALUATED
1056	25038069	7068_7_57	erythromycin	erythromycin			NO_ACCESSIONS	R	R			NOT_EVALUATED							NOT_EVALUATED
1057	25038069	7068_7_57	oxacillin	oxacillin			NO_ACCESSIONS	R	R			NOT_EVALUATED							NOT_EVALUATED
1058	25038069	7068_7_57	fusidic acid	fusidic acid			NO_ACCESSIONS	I	I			NOT_EVALUATED							NOT_EVALUATED
1059	25038069	7068_7_57	tetracycline	tetracycline			NO_ACCESSIONS	S	S			NOT_EVALUATED							NOT_EVALUATED
1060	25038069	7068_7_57	ciprofloxacin	ciprofloxacin			NO_ACCESSIONS	R	R			NOT_EVALUATED							NOT_EVALUATED
1061	25038069	7068_7_57	rifampin	rifampin			NO_ACCESSIONS	S	S			NOT_EVALUATED							NOT_EVALUATED
1062	25038069	7068_7_57	vancomycin	vancomycin			NO_ACCESSIONS	S	S			NOT_EVALUATED							NOT_EVALUATED
1063	25038069	7068_7_57	fosfomycin	fosfomycin			NO_ACCESSIONS	S	S			NOT_EVALUATED							NOT_EVALUATED
1064	25038069	7067_4_87	gentamicin	gentamicin			NO_ACCESSIONS	R	R			NOT_EVALUATED							NOT_EVALUATED
1065	25038069	7067_4_87	erythromycin	erythromycin			NO_ACCESSIONS	R	R			NOT_EVALUATED							NOT_EVALUATED
1066	25038069	7067_4_87	oxacillin	oxacillin			NO_ACCESSIONS	R	R			NOT_EVALUATED							NOT_EVALUATED
1067	25038069	7067_4_87	fusidic acid	fusidic acid			NO_ACCESSIONS	S	S			NOT_EVALUATED							NOT_EVALUATED
1068	25038069	7067_4_87	tetracycline	tetracycline			NO_ACCESSIONS	S	S			NOT_EVALUATED							NOT_EVALUATED
1069	25038069	7067_4_87	ciprofloxacin	ciprofloxacin			NO_ACCESSIONS	S	S			NOT_EVALUATED							NOT_EVALUATED
1070	25038069	7067_4_87	rifampin	rifampin			NO_ACCESSIONS	S	S			NOT_EVALUATED							NOT_EVALUATED
1071	25038069	7067_4_87	vancomycin	vancomycin			NO_ACCESSIONS	S	S			NOT_EVALUATED							NOT_EVALUATED
1072	25038069	7067_4_87	trimethoprim	trimethoprim			NO_ACCESSIONS	R	R			NOT_EVALUATED							NOT_EVALUATED
1073	25038069	7067_4_87	mupirocin	mupirocin			NO_ACCESSIONS	S	S			NOT_EVALUATED							NOT_EVALUATED
1074	25038069	7067_4_87	linezolid	linezolid			NO_ACCESSIONS	S	S			NOT_EVALUATED							NOT_EVALUATED
1075	25038069	7068_7_64	gentamicin	gentamicin			NO_ACCESSIONS	S	S			NOT_EVALUATED							NOT_EVALUATED
1076	25038069	7068_7_64	erythromycin	erythromycin			NO_ACCESSIONS	R	R			NOT_EVALUATED							NOT_EVALUATED
1077	25038069	7068_7_64	oxacillin	oxacillin			NO_ACCESSIONS	R	R			NOT_EVALUATED							NOT_EVALUATED
1078	25038069	7068_7_64	fusidic acid	fusidic acid			NO_ACCESSIONS	I	I			NOT_EVALUATED							NOT_EVALUATED
1079	25038069	7068_7_64	tetracycline	tetracycline			NO_ACCESSIONS	S	S			NOT_EVALUATED							NOT_EVALUATED
1080	25038069	7068_7_64	ciprofloxacin	ciprofloxacin			NO_ACCESSIONS	S	S			NOT_EVALUATED							NOT_EVALUATED
1081	25038069	7068_7_64	rifampin	rifampin			NO_ACCESSIONS	S	S			NOT_EVALUATED							NOT_EVALUATED
1082	25038069	7068_7_64	vancomycin	vancomycin			NO_ACCESSIONS	S	S			NOT_EVALUATED							NOT_EVALUATED
1083	25038069	7068_7_64	fosfomycin	fosfomycin			NO_ACCESSIONS	R	R			NOT_EVALUATED							NOT_EVALUATED
1084	25038069	7067_4_71	gentamicin	gentamicin			NO_ACCESSIONS	S	S			NOT_EVALUATED							NOT_EVALUATED
1085	25038069	7067_4_71	erythromycin	erythromycin			NO_ACCESSIONS	S	S			NOT_EVALUATED							NOT_EVALUATED
1086	25038069	7067_4_71	oxacillin	oxacillin			NO_ACCESSIONS	S	S			NOT_EVALUATED							NOT_EVALUATED
1087	25038069	7067_4_71	fusidic acid	fusidic acid			NO_ACCESSIONS	S	S			NOT_EVALUATED							NOT_EVALUATED
1088	25038069	7067_4_71	tetracycline	tetracycline			NO_ACCESSIONS	R	R			NOT_EVALUATED							NOT_EVALUATED
1089	25038069	7067_4_71	ciprofloxacin	ciprofloxacin			NO_ACCESSIONS	S	S			NOT_EVALUATED							NOT_EVALUATED
1090	25038069	7067_4_71	rifampin	rifampin			NO_ACCESSIONS	S	S			NOT_EVALUATED							NOT_EVALUATED
1091	25038069	7067_4_71	vancomycin	vancomycin			NO_ACCESSIONS	S	S			NOT_EVALUATED							NOT_EVALUATED
1092	25038069	7068_7_30	gentamicin	gentamicin			NO_ACCESSIONS	S	S			NOT_EVALUATED							NOT_EVALUATED
1093	25038069	7068_7_30	erythromycin	erythromycin			NO_ACCESSIONS	S	S			NOT_EVALUATED							NOT_EVALUATED
1094	25038069	7068_7_30	oxacillin	oxacillin			NO_ACCESSIONS	R	R			NOT_EVALUATED							NOT_EVALUATED
1095	25038069	7068_7_30	fusidic acid	fusidic acid			NO_ACCESSIONS	S	S			NOT_EVALUATED							NOT_EVALUATED
1096	25038069	7068_7_30	tetracycline	tetracycline			NO_ACCESSIONS	S	S			NOT_EVALUATED							NOT_EVALUATED
1097	25038069	7068_7_30	ciprofloxacin	ciprofloxacin			NO_ACCESSIONS	S	S			NOT_EVALUATED							NOT_EVALUATED
1098	25038069	7068_7_30	rifampin	rifampin			NO_ACCESSIONS	S	S			NOT_EVALUATED							NOT_EVALUATED
1099	25038069	7068_7_30	vancomycin	vancomycin			NO_ACCESSIONS	S	S			NOT_EVALUATED							NOT_EVALUATED
1100	25038069	7068_7_30	linezolid	linezolid			NO_ACCESSIONS	S	S			NOT_EVALUATED							NOT_EVALUATED
1101	25038069	7068_7_30	fosfomycin	fosfomycin			NO_ACCESSIONS	S	S			NOT_EVALUATED							NOT_EVALUATED
1102	25038069	7067_4_73	gentamicin	gentamicin			NO_ACCESSIONS	S	S			NOT_EVALUATED							NOT_EVALUATED
1103	25038069	7067_4_73	erythromycin	erythromycin			NO_ACCESSIONS	S	S			NOT_EVALUATED							NOT_EVALUATED
1104	25038069	7067_4_73	oxacillin	oxacillin			NO_ACCESSIONS	S	S			NOT_EVALUATED							NOT_EVALUATED
1105	25038069	7067_4_73	fusidic acid	fusidic acid			NO_ACCESSIONS	R	R			NOT_EVALUATED							NOT_EVALUATED
1106	25038069	7067_4_73	tetracycline	tetracycline			NO_ACCESSIONS	S	S			NOT_EVALUATED							NOT_EVALUATED
1107	25038069	7067_4_73	ciprofloxacin	ciprofloxacin			NO_ACCESSIONS	R	R			NOT_EVALUATED							NOT_EVALUATED
1108	25038069	7067_4_73	rifampin	rifampin			NO_ACCESSIONS	S	S			NOT_EVALUATED							NOT_EVALUATED
1109	25038069	7067_4_73	vancomycin	vancomycin			NO_ACCESSIONS	S	S			NOT_EVALUATED							NOT_EVALUATED
1110	25038069	7067_4_73	linezolid	linezolid			NO_ACCESSIONS	S	S			NOT_EVALUATED							NOT_EVALUATED
1111	25038069	7068_7_44	gentamicin	gentamicin			NO_ACCESSIONS	S	S			NOT_EVALUATED							NOT_EVALUATED
1112	25038069	7068_7_44	erythromycin	erythromycin			NO_ACCESSIONS	R	R			NOT_EVALUATED							NOT_EVALUATED
1113	25038069	7068_7_44	oxacillin	oxacillin			NO_ACCESSIONS	R	R			NOT_EVALUATED							NOT_EVALUATED
1114	25038069	7068_7_44	fusidic acid	fusidic acid			NO_ACCESSIONS	I	I			NOT_EVALUATED							NOT_EVALUATED
1115	25038069	7068_7_44	ciprofloxacin	ciprofloxacin			NO_ACCESSIONS	S	S			NOT_EVALUATED							NOT_EVALUATED
1116	25038069	7068_7_44	rifampin	rifampin			NO_ACCESSIONS	S	S			NOT_EVALUATED							NOT_EVALUATED
1117	25038069	7068_7_44	vancomycin	vancomycin			NO_ACCESSIONS	S	S			NOT_EVALUATED							NOT_EVALUATED
1118	25038069	7068_7_44	fosfomycin	fosfomycin			NO_ACCESSIONS	R	R			NOT_EVALUATED							NOT_EVALUATED
1119	25038069	7067_4_67	gentamicin	gentamicin			NO_ACCESSIONS	S	S			NOT_EVALUATED							NOT_EVALUATED
1120	25038069	7067_4_67	erythromycin	erythromycin			NO_ACCESSIONS	S	S			NOT_EVALUATED							NOT_EVALUATED
1121	25038069	7067_4_67	oxacillin	oxacillin			NO_ACCESSIONS	S	S			NOT_EVALUATED							NOT_EVALUATED
1122	25038069	7067_4_67	fusidic acid	fusidic acid			NO_ACCESSIONS	S	S			NOT_EVALUATED							NOT_EVALUATED
1123	25038069	7067_4_67	tetracycline	tetracycline			NO_ACCESSIONS	S	S			NOT_EVALUATED							NOT_EVALUATED
1124	25038069	7067_4_67	ciprofloxacin	ciprofloxacin			NO_ACCESSIONS	S	S			NOT_EVALUATED							NOT_EVALUATED
1125	25038069	7067_4_67	rifampin	rifampin			NO_ACCESSIONS	S	S			NOT_EVALUATED							NOT_EVALUATED
1126	25038069	7067_4_67	vancomycin	vancomycin			NO_ACCESSIONS	S	S			NOT_EVALUATED							NOT_EVALUATED
1127	25038069	7067_4_67	linezolid	linezolid			NO_ACCESSIONS	S	S			NOT_EVALUATED							NOT_EVALUATED
1128	25038069	7068_7_35	gentamicin	gentamicin			NO_ACCESSIONS	R	R			NOT_EVALUATED							NOT_EVALUATED
1129	25038069	7068_7_35	erythromycin	erythromycin			NO_ACCESSIONS	R	R			NOT_EVALUATED							NOT_EVALUATED
1130	25038069	7068_7_35	oxacillin	oxacillin			NO_ACCESSIONS	S	S			NOT_EVALUATED							NOT_EVALUATED
1131	25038069	7068_7_35	fusidic acid	fusidic acid			NO_ACCESSIONS	S	S			NOT_EVALUATED							NOT_EVALUATED
1132	25038069	7068_7_35	tetracycline	tetracycline			NO_ACCESSIONS	S	S			NOT_EVALUATED							NOT_EVALUATED
1133	25038069	7068_7_35	ciprofloxacin	ciprofloxacin			NO_ACCESSIONS	S	S			NOT_EVALUATED							NOT_EVALUATED
1134	25038069	7068_7_35	rifampin	rifampin			NO_ACCESSIONS	S	S			NOT_EVALUATED							NOT_EVALUATED
1135	25038069	7068_7_35	vancomycin	vancomycin			NO_ACCESSIONS	S	S			NOT_EVALUATED							NOT_EVALUATED
1136	25038069	7068_7_35	linezolid	linezolid			NO_ACCESSIONS	S	S			NOT_EVALUATED							NOT_EVALUATED
1137	25038069	7068_7_35	fosfomycin	fosfomycin			NO_ACCESSIONS	R	R			NOT_EVALUATED							NOT_EVALUATED
1138	25038069	7068_7_40	gentamicin	gentamicin			NO_ACCESSIONS	R	R			NOT_EVALUATED							NOT_EVALUATED
1139	25038069	7068_7_40	erythromycin	erythromycin			NO_ACCESSIONS	R	R			NOT_EVALUATED							NOT_EVALUATED
1140	25038069	7068_7_40	oxacillin	oxacillin			NO_ACCESSIONS	I	I			NOT_EVALUATED							NOT_EVALUATED
1141	25038069	7068_7_40	fusidic acid	fusidic acid			NO_ACCESSIONS	S	S			NOT_EVALUATED							NOT_EVALUATED
1142	25038069	7068_7_40	ciprofloxacin	ciprofloxacin			NO_ACCESSIONS	S	S			NOT_EVALUATED							NOT_EVALUATED
1143	25038069	7068_7_40	rifampin	rifampin			NO_ACCESSIONS	S	S			NOT_EVALUATED							NOT_EVALUATED
1144	25038069	7068_7_40	vancomycin	vancomycin			NO_ACCESSIONS	S	S			NOT_EVALUATED							NOT_EVALUATED
1145	25038069	7068_7_40	linezolid	linezolid			NO_ACCESSIONS	S	S			NOT_EVALUATED							NOT_EVALUATED
1146	25038069	7068_7_40	fosfomycin	fosfomycin			NO_ACCESSIONS	S	S			NOT_EVALUATED							NOT_EVALUATED
1147	25038069	7068_7_47	gentamicin	gentamicin			NO_ACCESSIONS	R	R			NOT_EVALUATED							NOT_EVALUATED
1148	25038069	7068_7_47	erythromycin	erythromycin			NO_ACCESSIONS	R	R			NOT_EVALUATED							NOT_EVALUATED
1149	25038069	7068_7_47	oxacillin	oxacillin			NO_ACCESSIONS	R	R			NOT_EVALUATED							NOT_EVALUATED
1150	25038069	7068_7_47	fusidic acid	fusidic acid			NO_ACCESSIONS	S	S			NOT_EVALUATED							NOT_EVALUATED
1151	25038069	7068_7_47	tetracycline	tetracycline			NO_ACCESSIONS	S	S			NOT_EVALUATED							NOT_EVALUATED
1152	25038069	7068_7_47	ciprofloxacin	ciprofloxacin			NO_ACCESSIONS	R	R			NOT_EVALUATED							NOT_EVALUATED
1153	25038069	7068_7_47	rifampin	rifampin			NO_ACCESSIONS	S	S			NOT_EVALUATED							NOT_EVALUATED
1154	25038069	7068_7_47	vancomycin	vancomycin			NO_ACCESSIONS	S	S			NOT_EVALUATED							NOT_EVALUATED
1155	25038069	7068_7_47	linezolid	linezolid			NO_ACCESSIONS	S	S			NOT_EVALUATED							NOT_EVALUATED
1156	25038069	7068_7_47	fosfomycin	fosfomycin			NO_ACCESSIONS	S	S			NOT_EVALUATED							NOT_EVALUATED
1157	25038069	7068_7_19	gentamicin	gentamicin			NO_ACCESSIONS	R	R			NOT_EVALUATED							NOT_EVALUATED
1158	25038069	7068_7_19	erythromycin	erythromycin			NO_ACCESSIONS	S	S			NOT_EVALUATED							NOT_EVALUATED
1159	25038069	7068_7_19	oxacillin	oxacillin			NO_ACCESSIONS	R	R			NOT_EVALUATED							NOT_EVALUATED
1160	25038069	7068_7_19	fusidic acid	fusidic acid			NO_ACCESSIONS	S	S			NOT_EVALUATED							NOT_EVALUATED
1161	25038069	7068_7_19	tetracycline	tetracycline			NO_ACCESSIONS	S	S			NOT_EVALUATED							NOT_EVALUATED
1162	25038069	7068_7_19	ciprofloxacin	ciprofloxacin			NO_ACCESSIONS	S	S			NOT_EVALUATED							NOT_EVALUATED
1163	25038069	7068_7_19	rifampin	rifampin			NO_ACCESSIONS	S	S			NOT_EVALUATED							NOT_EVALUATED
1164	25038069	7068_7_19	vancomycin	vancomycin			NO_ACCESSIONS	S	S			NOT_EVALUATED							NOT_EVALUATED
1165	25038069	7067_4_81	gentamicin	gentamicin			NO_ACCESSIONS	R	R			NOT_EVALUATED							NOT_EVALUATED
1166	25038069	7067_4_81	erythromycin	erythromycin			NO_ACCESSIONS	S	S			NOT_EVALUATED							NOT_EVALUATED
1167	25038069	7067_4_81	oxacillin	oxacillin			NO_ACCESSIONS	R	R			NOT_EVALUATED							NOT_EVALUATED
1168	25038069	7067_4_81	fusidic acid	fusidic acid			NO_ACCESSIONS	S	S			NOT_EVALUATED							NOT_EVALUATED
1169	25038069	7067_4_81	tetracycline	tetracycline			NO_ACCESSIONS	R	R			NOT_EVALUATED							NOT_EVALUATED
1170	25038069	7067_4_81	ciprofloxacin	ciprofloxacin			NO_ACCESSIONS	S	S			NOT_EVALUATED							NOT_EVALUATED
1171	25038069	7067_4_81	rifampin	rifampin			NO_ACCESSIONS	S	S			NOT_EVALUATED							NOT_EVALUATED
1172	25038069	7067_4_48	gentamicin	gentamicin			NO_ACCESSIONS	R	R			NOT_EVALUATED							NOT_EVALUATED
1173	25038069	7067_4_48	erythromycin	erythromycin			NO_ACCESSIONS	R	R			NOT_EVALUATED							NOT_EVALUATED
1174	25038069	7067_4_48	oxacillin	oxacillin			NO_ACCESSIONS	R	R			NOT_EVALUATED							NOT_EVALUATED
1175	25038069	7067_4_48	fusidic acid	fusidic acid			NO_ACCESSIONS	S	S			NOT_EVALUATED							NOT_EVALUATED
1176	25038069	7067_4_48	tetracycline	tetracycline			NO_ACCESSIONS	R	R			NOT_EVALUATED							NOT_EVALUATED
1177	25038069	7067_4_48	ciprofloxacin	ciprofloxacin			NO_ACCESSIONS	R	R			NOT_EVALUATED							NOT_EVALUATED
1178	25038069	7067_4_48	rifampin	rifampin			NO_ACCESSIONS	S	S			NOT_EVALUATED							NOT_EVALUATED
1179	25038069	7067_4_48	vancomycin	vancomycin			NO_ACCESSIONS	S	S			NOT_EVALUATED							NOT_EVALUATED
1180	25038069	7067_4_48	mupirocin	mupirocin			NO_ACCESSIONS	S	S			NOT_EVALUATED							NOT_EVALUATED
1181	25038069	7067_4_48	linezolid	linezolid			NO_ACCESSIONS	S	S			NOT_EVALUATED							NOT_EVALUATED
1182	25038069	7068_7_28	gentamicin	gentamicin			NO_ACCESSIONS	R	R			NOT_EVALUATED							NOT_EVALUATED
1183	25038069	7068_7_28	erythromycin	erythromycin			NO_ACCESSIONS	S	S			NOT_EVALUATED							NOT_EVALUATED
1184	25038069	7068_7_28	oxacillin	oxacillin			NO_ACCESSIONS	S	S			NOT_EVALUATED							NOT_EVALUATED
1185	25038069	7068_7_28	fusidic acid	fusidic acid			NO_ACCESSIONS	S	S			NOT_EVALUATED							NOT_EVALUATED
1186	25038069	7068_7_28	ciprofloxacin	ciprofloxacin			NO_ACCESSIONS	S	S			NOT_EVALUATED							NOT_EVALUATED
1187	25038069	7068_7_28	rifampin	rifampin			NO_ACCESSIONS	S	S			NOT_EVALUATED							NOT_EVALUATED
1188	25038069	7068_7_28	vancomycin	vancomycin			NO_ACCESSIONS	S	S			NOT_EVALUATED							NOT_EVALUATED
1189	25038069	7068_7_28	fosfomycin	fosfomycin			NO_ACCESSIONS	R	R			NOT_EVALUATED							NOT_EVALUATED
1190	25038069	7068_7_33	gentamicin	gentamicin			NO_ACCESSIONS	R	R			NOT_EVALUATED							NOT_EVALUATED
1191	25038069	7068_7_33	erythromycin	erythromycin			NO_ACCESSIONS	R	R			NOT_EVALUATED							NOT_EVALUATED
1192	25038069	7068_7_33	oxacillin	oxacillin			NO_ACCESSIONS	R	R			NOT_EVALUATED							NOT_EVALUATED
1193	25038069	7068_7_33	fusidic acid	fusidic acid			NO_ACCESSIONS	S	S			NOT_EVALUATED							NOT_EVALUATED
1194	25038069	7068_7_33	tetracycline	tetracycline			NO_ACCESSIONS	R	R			NOT_EVALUATED							NOT_EVALUATED
1195	25038069	7068_7_33	ciprofloxacin	ciprofloxacin			NO_ACCESSIONS	S	S			NOT_EVALUATED							NOT_EVALUATED
1196	25038069	7068_7_33	rifampin	rifampin			NO_ACCESSIONS	S	S			NOT_EVALUATED							NOT_EVALUATED
1197	25038069	7068_7_33	vancomycin	vancomycin			NO_ACCESSIONS	S	S			NOT_EVALUATED							NOT_EVALUATED
1198	25038069	7068_7_33	linezolid	linezolid			NO_ACCESSIONS	S	S			NOT_EVALUATED							NOT_EVALUATED
1199	25038069	7068_7_33	fosfomycin	fosfomycin			NO_ACCESSIONS	S	S			NOT_EVALUATED							NOT_EVALUATED
1200	25038069	7068_7_17	gentamicin	gentamicin			NO_ACCESSIONS	R	R			NOT_EVALUATED							NOT_EVALUATED
1201	25038069	7068_7_17	erythromycin	erythromycin			NO_ACCESSIONS	R	R			NOT_EVALUATED							NOT_EVALUATED
1202	25038069	7068_7_17	oxacillin	oxacillin			NO_ACCESSIONS	R	R			NOT_EVALUATED							NOT_EVALUATED
1203	25038069	7068_7_17	fusidic acid	fusidic acid			NO_ACCESSIONS	S	S			NOT_EVALUATED							NOT_EVALUATED
1204	25038069	7068_7_17	tetracycline	tetracycline			NO_ACCESSIONS	S	S			NOT_EVALUATED							NOT_EVALUATED
1205	25038069	7068_7_17	ciprofloxacin	ciprofloxacin			NO_ACCESSIONS	R	R			NOT_EVALUATED							NOT_EVALUATED
1206	25038069	7068_7_17	rifampin	rifampin			NO_ACCESSIONS	S	S			NOT_EVALUATED							NOT_EVALUATED
1207	25038069	7068_7_17	vancomycin	vancomycin			NO_ACCESSIONS	S	S			NOT_EVALUATED							NOT_EVALUATED
1208	25038069	7068_7_17	mupirocin	mupirocin			NO_ACCESSIONS	S	S			NOT_EVALUATED							NOT_EVALUATED
1209	25038069	7067_4_65	gentamicin	gentamicin			NO_ACCESSIONS	R	R			NOT_EVALUATED							NOT_EVALUATED
1210	25038069	7067_4_65	erythromycin	erythromycin			NO_ACCESSIONS	R	R			NOT_EVALUATED							NOT_EVALUATED
1211	25038069	7067_4_65	oxacillin	oxacillin			NO_ACCESSIONS	R	R			NOT_EVALUATED							NOT_EVALUATED
1212	25038069	7067_4_65	fusidic acid	fusidic acid			NO_ACCESSIONS	S	S			NOT_EVALUATED							NOT_EVALUATED
1213	25038069	7067_4_65	tetracycline	tetracycline			NO_ACCESSIONS	S	S			NOT_EVALUATED							NOT_EVALUATED
1214	25038069	7067_4_65	ciprofloxacin	ciprofloxacin			NO_ACCESSIONS	R	R			NOT_EVALUATED							NOT_EVALUATED
1215	25038069	7067_4_65	rifampin	rifampin			NO_ACCESSIONS	S	S			NOT_EVALUATED							NOT_EVALUATED
1216	25038069	7067_4_65	vancomycin	vancomycin			NO_ACCESSIONS	S	S			NOT_EVALUATED							NOT_EVALUATED
1217	25038069	7067_4_65	mupirocin	mupirocin			NO_ACCESSIONS	S	S			NOT_EVALUATED							NOT_EVALUATED
1218	25038069	7067_4_65	linezolid	linezolid			NO_ACCESSIONS	S	S			NOT_EVALUATED							NOT_EVALUATED
1219	25038069	7068_7_22	gentamicin	gentamicin			NO_ACCESSIONS	R	R			NOT_EVALUATED							NOT_EVALUATED
1220	25038069	7068_7_22	erythromycin	erythromycin			NO_ACCESSIONS	S	S			NOT_EVALUATED							NOT_EVALUATED
1221	25038069	7068_7_22	oxacillin	oxacillin			NO_ACCESSIONS	R	R			NOT_EVALUATED							NOT_EVALUATED
1222	25038069	7068_7_22	fusidic acid	fusidic acid			NO_ACCESSIONS	S	S			NOT_EVALUATED							NOT_EVALUATED
1223	25038069	7068_7_22	tetracycline	tetracycline			NO_ACCESSIONS	R	R			NOT_EVALUATED							NOT_EVALUATED
1224	25038069	7068_7_22	ciprofloxacin	ciprofloxacin			NO_ACCESSIONS	S	S			NOT_EVALUATED							NOT_EVALUATED
1225	25038069	7068_7_22	rifampin	rifampin			NO_ACCESSIONS	S	S			NOT_EVALUATED							NOT_EVALUATED
1226	25038069	7068_7_22	vancomycin	vancomycin			NO_ACCESSIONS	S	S			NOT_EVALUATED							NOT_EVALUATED
1227	25038069	7068_7_22	mupirocin	mupirocin			NO_ACCESSIONS	S	S			NOT_EVALUATED							NOT_EVALUATED
1228	25038069	7068_7_24	gentamicin	gentamicin			NO_ACCESSIONS	S	S			NOT_EVALUATED							NOT_EVALUATED
1229	25038069	7068_7_24	erythromycin	erythromycin			NO_ACCESSIONS	R	R			NOT_EVALUATED							NOT_EVALUATED
1230	25038069	7068_7_24	oxacillin	oxacillin			NO_ACCESSIONS	R	R			NOT_EVALUATED							NOT_EVALUATED
1231	25038069	7068_7_24	fusidic acid	fusidic acid			NO_ACCESSIONS	S	S			NOT_EVALUATED							NOT_EVALUATED
1232	25038069	7068_7_24	tetracycline	tetracycline			NO_ACCESSIONS	S	S			NOT_EVALUATED							NOT_EVALUATED
1233	25038069	7068_7_24	ciprofloxacin	ciprofloxacin			NO_ACCESSIONS	S	S			NOT_EVALUATED							NOT_EVALUATED
1234	25038069	7068_7_24	rifampin	rifampin			NO_ACCESSIONS	S	S			NOT_EVALUATED							NOT_EVALUATED
1235	25038069	7068_7_24	vancomycin	vancomycin			NO_ACCESSIONS	S	S			NOT_EVALUATED							NOT_EVALUATED
1236	25038069	7068_7_24	linezolid	linezolid			NO_ACCESSIONS	S	S			NOT_EVALUATED							NOT_EVALUATED
1237	25038069	7068_7_23	gentamicin	gentamicin			NO_ACCESSIONS	S	S			NOT_EVALUATED							NOT_EVALUATED
1238	25038069	7068_7_23	erythromycin	erythromycin			NO_ACCESSIONS	R	R			NOT_EVALUATED							NOT_EVALUATED
1239	25038069	7068_7_23	oxacillin	oxacillin			NO_ACCESSIONS	R	R			NOT_EVALUATED							NOT_EVALUATED
1240	25038069	7068_7_23	fusidic acid	fusidic acid			NO_ACCESSIONS	S	S			NOT_EVALUATED							NOT_EVALUATED
1241	25038069	7068_7_23	tetracycline	tetracycline			NO_ACCESSIONS	S	S			NOT_EVALUATED							NOT_EVALUATED
1242	25038069	7068_7_23	ciprofloxacin	ciprofloxacin			NO_ACCESSIONS	S	S			NOT_EVALUATED							NOT_EVALUATED
1243	25038069	7068_7_23	rifampin	rifampin			NO_ACCESSIONS	S	S			NOT_EVALUATED							NOT_EVALUATED
1244	25038069	7068_7_23	vancomycin	vancomycin			NO_ACCESSIONS	S	S			NOT_EVALUATED							NOT_EVALUATED
1245	25038069	7068_7_23	linezolid	linezolid			NO_ACCESSIONS	S	S			NOT_EVALUATED							NOT_EVALUATED
1246	25038069	7067_4_68	gentamicin	gentamicin			NO_ACCESSIONS	S	S			NOT_EVALUATED							NOT_EVALUATED
1247	25038069	7067_4_68	erythromycin	erythromycin			NO_ACCESSIONS	S	S			NOT_EVALUATED							NOT_EVALUATED
1248	25038069	7067_4_68	oxacillin	oxacillin			NO_ACCESSIONS	S	S			NOT_EVALUATED							NOT_EVALUATED
1249	25038069	7067_4_68	fusidic acid	fusidic acid			NO_ACCESSIONS	S	S			NOT_EVALUATED							NOT_EVALUATED
1250	25038069	7067_4_68	tetracycline	tetracycline			NO_ACCESSIONS	S	S			NOT_EVALUATED							NOT_EVALUATED
1251	25038069	7067_4_68	ciprofloxacin	ciprofloxacin			NO_ACCESSIONS	S	S			NOT_EVALUATED							NOT_EVALUATED
1252	25038069	7067_4_68	rifampin	rifampin			NO_ACCESSIONS	S	S			NOT_EVALUATED							NOT_EVALUATED
1253	25038069	7067_4_68	vancomycin	vancomycin			NO_ACCESSIONS	S	S			NOT_EVALUATED							NOT_EVALUATED
1254	25038069	7067_4_68	linezolid	linezolid			NO_ACCESSIONS	S	S			NOT_EVALUATED							NOT_EVALUATED
1255	25038069	7067_4_28	gentamicin	gentamicin			NO_ACCESSIONS	R	R			NOT_EVALUATED							NOT_EVALUATED
1256	25038069	7067_4_28	erythromycin	erythromycin			NO_ACCESSIONS	R	R			NOT_EVALUATED							NOT_EVALUATED
1257	25038069	7067_4_28	oxacillin	oxacillin			NO_ACCESSIONS	S	S			NOT_EVALUATED							NOT_EVALUATED
1258	25038069	7067_4_28	fusidic acid	fusidic acid			NO_ACCESSIONS	R	R			NOT_EVALUATED							NOT_EVALUATED
1259	25038069	7067_4_28	tetracycline	tetracycline			NO_ACCESSIONS	R	R			NOT_EVALUATED							NOT_EVALUATED
1260	25038069	7067_4_28	ciprofloxacin	ciprofloxacin			NO_ACCESSIONS	S	S			NOT_EVALUATED							NOT_EVALUATED
1261	25038069	7067_4_28	rifampin	rifampin			NO_ACCESSIONS	S	S			NOT_EVALUATED							NOT_EVALUATED
1262	25038069	7067_4_28	vancomycin	vancomycin			NO_ACCESSIONS	S	S			NOT_EVALUATED							NOT_EVALUATED
1263	25038069	7067_4_28	mupirocin	mupirocin			NO_ACCESSIONS	S	S			NOT_EVALUATED							NOT_EVALUATED
1264	25038069	7067_4_28	linezolid	linezolid			NO_ACCESSIONS	S	S			NOT_EVALUATED							NOT_EVALUATED
