extracted_row	pmid	isolate_id	drug	normalized_drug	genome_id	matched_accessions	genome_match_status	extracted_sir_raw	extracted_sir	ground_truth_sir_raw	ground_truth_sir	sir_result	extracted_mic_sign_raw	extracted_mic_raw	extracted_mic_sign	extracted_mic	ground_truth_mic_sign	ground_truth_mic	mic_result
2	28704546	W01A_051214	penicillin	penicillin			NO_ACCESSIONS	R	R			NOT_EVALUATED	>=	0.5	>=	0.5			NOT_EVALUATED
3	28704546	W01A_051214	oxacillin	oxacillin			NO_ACCESSIONS	R	R			NOT_EVALUATED	>=	4	>=	4			NOT_EVALUATED
4	28704546	W01A_051214	gentamicin	gentamicin			NO_ACCESSIONS	R	R			NOT_EVALUATED	>=	16	>=	16			NOT_EVALUATED
5	28704546	W01A_051214	kanamycin	kanamycin			NO_ACCESSIONS	R	R			NOT_EVALUATED	>=	64	>=	64			NOT_EVALUATED
6	28704546	W01A_051214	tobramycin	tobramycin			NO_ACCESSIONS	R	R			NOT_EVALUATED	>=	16	>=	16			NOT_EVALUATED
7	28704546	W01A_051214	ciprofloxacin	ciprofloxacin			NO_ACCESSIONS	R	R			NOT_EVALUATED	>=	8	>=	8			NOT_EVALUATED
8	28704546	W01A_051214	erythromycin	erythromycin			NO_ACCESSIONS	S	S			NOT_EVALUATED	=	1	=	1			NOT_EVALUATED
9	28704546	W01A_051214	clindamycin	clindamycin			NO_ACCESSIONS	S	S			NOT_EVALUATED	=	0.25	=	0.25			NOT_EVALUATED
10	28704546	W01A_051214	linezolid	linezolid			NO_ACCESSIONS	S	S			NOT_EVALUATED	=	2	=	2			NOT_EVALUATED
11	28704546	W01A_051214	teicoplanin	teicoplanin			NO_ACCESSIONS	S	S			NOT_EVALUATED	<=	0.5	<=	0.5			NOT_EVALUATED
12	28704546	W01A_051214	vancomycin	vancomycin			NO_ACCESSIONS	S	S			NOT_EVALUATED	<=	0.5	<=	0.5			NOT_EVALUATED
13	28704546	W01A_051214	tetracycline	tetracycline			NO_ACCESSIONS	R	R			NOT_EVALUATED	>=	16	>=	16			NOT_EVALUATED
14	28704546	W01A_051214	fosfomycin	fosfomycin			NO_ACCESSIONS	S	S			NOT_EVALUATED	<=	8	<=	8			NOT_EVALUATED
15	28704546	W01A_051214	fusidic acid	fusidic acid			NO_ACCESSIONS	S	S			NOT_EVALUATED	<=	0.5	<=	0.5			NOT_EVALUATED
16	28704546	W01A_051214	mupirocin	mupirocin			NO_ACCESSIONS	S	S			NOT_EVALUATED	<=	2	<=	2			NOT_EVALUATED
17	28704546	W01A_051214	chloramphenicol	chloramphenicol			NO_ACCESSIONS	R	R			NOT_EVALUATED	>=	64	>=	64			NOT_EVALUATED
18	28704546	W01A_051214	rifampin	rifampin			NO_ACCESSIONS	S	S			NOT_EVALUATED	<=	0.03	<=	0.03			NOT_EVALUATED
19	28704546	W01A_051214	trimethoprim/sulfamethoxazole	trimethoprim/sulfamethoxazole			NO_ACCESSIONS	S	S			NOT_EVALUATED	<=	10	<=	10			NOT_EVALUATED
20	28704546	W01_191114	penicillin	penicillin			NO_ACCESSIONS	R	R			NOT_EVALUATED	>=	0.5	>=	0.5			NOT_EVALUATED
21	28704546	W01_191114	oxacillin	oxacillin			NO_ACCESSIONS	R	R			NOT_EVALUATED	>=	4	>=	4			NOT_EVALUATED
22	28704546	W01_191114	gentamicin	gentamicin			NO_ACCESSIONS	R	R			NOT_EVALUATED	>=	16	>=	16			NOT_EVALUATED
23	28704546	W01_191114	kanamycin	kanamycin			NO_ACCESSIONS	R	R			NOT_EVALUATED	>=	64	>=	64			NOT_EVALUATED
24	28704546	W01_191114	tobramycin	tobramycin			NO_ACCESSIONS	R	R			NOT_EVALUATED	=	8	=	8			NOT_EVALUATED
25	28704546	W01_191114	ciprofloxacin	ciprofloxacin			NO_ACCESSIONS	R	R			NOT_EVALUATED	>=	8	>=	8			NOT_EVALUATED
26	28704546	W01_191114	erythromycin	erythromycin			NO_ACCESSIONS	S	S			NOT_EVALUATED	=	1	=	1			NOT_EVALUATED
27	28704546	W01_191114	clindamycin	clindamycin			NO_ACCESSIONS	S	S			NOT_EVALUATED	=	0.25	=	0.25			NOT_EVALUATED
28	28704546	W01_191114	linezolid	linezolid			NO_ACCESSIONS	S	S			NOT_EVALUATED	=	2	=	2			NOT_EVALUATED
29	28704546	W01_191114	teicoplanin	teicoplanin			NO_ACCESSIONS	S	S			NOT_EVALUATED	<=	0.5	<=	0.5			NOT_EVALUATED
30	28704546	W01_191114	vancomycin	vancomycin			NO_ACCESSIONS	S	S			NOT_EVALUATED	<=	0.5	<=	0.5			NOT_EVALUATED
31	28704546	W01_191114	tetracycline	tetracycline			NO_ACCESSIONS	R	R			NOT_EVALUATED	>=	16	>=	16			NOT_EVALUATED
32	28704546	W01_191114	fosfomycin	fosfomycin			NO_ACCESSIONS	S	S			NOT_EVALUATED	<=	8	<=	8			NOT_EVALUATED
33	28704546	W01_191114	fusidic acid	fusidic acid			NO_ACCESSIONS	S	S			NOT_EVALUATED	<=	0.5	<=	0.5			NOT_EVALUATED
34	28704546	W01_191114	mupirocin	mupirocin			NO_ACCESSIONS	S	S			NOT_EVALUATED	<=	2	<=	2			NOT_EVALUATED
35	28704546	W01_191114	chloramphenicol	chloramphenicol			NO_ACCESSIONS	R	R			NOT_EVALUATED	>=	64	>=	64			NOT_EVALUATED
36	28704546	W01_191114	rifampin	rifampin			NO_ACCESSIONS	S	S			NOT_EVALUATED	<=	0.03	<=	0.03			NOT_EVALUATED
37	28704546	W01_191114	trimethoprim/sulfamethoxazole	trimethoprim/sulfamethoxazole			NO_ACCESSIONS	S	S			NOT_EVALUATED	<=	10	<=	10			NOT_EVALUATED
38	28704546	B03_011214	penicillin	penicillin			NO_ACCESSIONS	R	R			NOT_EVALUATED	>=	0.5	>=	0.5			NOT_EVALUATED
39	28704546	B03_011214	oxacillin	oxacillin			NO_ACCESSIONS	R	R			NOT_EVALUATED	>=	4	>=	4			NOT_EVALUATED
40	28704546	B03_011214	gentamicin	gentamicin			NO_ACCESSIONS	R	R			NOT_EVALUATED	>=	16	>=	16			NOT_EVALUATED
41	28704546	B03_011214	kanamycin	kanamycin			NO_ACCESSIONS	R	R			NOT_EVALUATED	>=	64	>=	64			NOT_EVALUATED
42	28704546	B03_011214	tobramycin	tobramycin			NO_ACCESSIONS	R	R			NOT_EVALUATED	>=	16	>=	16			NOT_EVALUATED
43	28704546	B03_011214	ciprofloxacin	ciprofloxacin			NO_ACCESSIONS	R	R			NOT_EVALUATED	>=	8	>=	8			NOT_EVALUATED
44	28704546	B03_011214	erythromycin	erythromycin			NO_ACCESSIONS	S	S			NOT_EVALUATED	=	1	=	1			NOT_EVALUATED
45	28704546	B03_011214	clindamycin	clindamycin			NO_ACCESSIONS	S	S			NOT_EVALUATED	=	0.25	=	0.25			NOT_EVALUATED
46	28704546	B03_011214	linezolid	linezolid			NO_ACCESSIONS	S	S			NOT_EVALUATED	=	2	=	2			NOT_EVALUATED
47	28704546	B03_011214	teicoplanin	teicoplanin			NO_ACCESSIONS	S	S			NOT_EVALUATED	<=	0.5	<=	0.5			NOT_EVALUATED
48	28704546	B03_011214	vancomycin	vancomycin			NO_ACCESSIONS	S	S			NOT_EVALUATED	<=	0.5	<=	0.5			NOT_EVALUATED
49	28704546	B03_011214	tetracycline	tetracycline			NO_ACCESSIONS	R	R			NOT_EVALUATED	>=	16	>=	16			NOT_EVALUATED
50	28704546	B03_011214	fosfomycin	fosfomycin			NO_ACCESSIONS	S	S			NOT_EVALUATED	<=	8	<=	8			NOT_EVALUATED
51	28704546	B03_011214	fusidic acid	fusidic acid			NO_ACCESSIONS	S	S			NOT_EVALUATED	<=	0.5	<=	0.5			NOT_EVALUATED
52	28704546	B03_011214	mupirocin	mupirocin			NO_ACCESSIONS	S	S			NOT_EVALUATED	<=	2	<=	2			NOT_EVALUATED
53	28704546	B03_011214	chloramphenicol	chloramphenicol			NO_ACCESSIONS	R	R			NOT_EVALUATED	>=	64	>=	64			NOT_EVALUATED
54	28704546	B03_011214	rifampin	rifampin			NO_ACCESSIONS	S	S			NOT_EVALUATED	<=	0.03	<=	0.03			NOT_EVALUATED
55	28704546	B03_011214	trimethoprim/sulfamethoxazole	trimethoprim/sulfamethoxazole			NO_ACCESSIONS	S	S			NOT_EVALUATED	<=	10	<=	10			NOT_EVALUATED
56	28704546	N04_011214	penicillin	penicillin			NO_ACCESSIONS	R	R			NOT_EVALUATED	>=	0.5	>=	0.5			NOT_EVALUATED
57	28704546	N04_011214	oxacillin	oxacillin			NO_ACCESSIONS	S	S			NOT_EVALUATED	=	0.5	=	0.5			NOT_EVALUATED
58	28704546	N04_011214	gentamicin	gentamicin			NO_ACCESSIONS	S	S			NOT_EVALUATED	<=	0.5	<=	0.5			NOT_EVALUATED
59	28704546	N04_011214	kanamycin	kanamycin			NO_ACCESSIONS	S	S			NOT_EVALUATED	<=	4	<=	4			NOT_EVALUATED
60	28704546	N04_011214	tobramycin	tobramycin			NO_ACCESSIONS	S	S			NOT_EVALUATED	<=	1	<=	1			NOT_EVALUATED
61	28704546	N04_011214	ciprofloxacin	ciprofloxacin			NO_ACCESSIONS	S	S			NOT_EVALUATED	<=	0.5	<=	0.5			NOT_EVALUATED
62	28704546	N04_011214	erythromycin	erythromycin			NO_ACCESSIONS	S	S			NOT_EVALUATED	=	1	=	1			NOT_EVALUATED
63	28704546	N04_011214	clindamycin	clindamycin			NO_ACCESSIONS	S	S			NOT_EVALUATED	=	0.25	=	0.25			NOT_EVALUATED
64	28704546	N04_011214	linezolid	linezolid			NO_ACCESSIONS	S	S			NOT_EVALUATED	=	2	=	2			NOT_EVALUATED
65	28704546	N04_011214	teicoplanin	teicoplanin			NO_ACCESSIONS	S	S			NOT_EVALUATED	<=	0.5	<=	0.5			NOT_EVALUATED
66	28704546	N04_011214	vancomycin	vancomycin			NO_ACCESSIONS	S	S			NOT_EVALUATED	=	1	=	1			NOT_EVALUATED
67	28704546	N04_011214	tetracycline	tetracycline			NO_ACCESSIONS	R	R			NOT_EVALUATED	>=	16	>=	16			NOT_EVALUATED
68	28704546	N04_011214	fosfomycin	fosfomycin			NO_ACCESSIONS	S	S			NOT_EVALUATED	<=	8	<=	8			NOT_EVALUATED
69	28704546	N04_011214	fusidic acid	fusidic acid			NO_ACCESSIONS	S	S			NOT_EVALUATED	<=	0.5	<=	0.5			NOT_EVALUATED
70	28704546	N04_011214	mupirocin	mupirocin			NO_ACCESSIONS	S	S			NOT_EVALUATED	<=	2	<=	2			NOT_EVALUATED
71	28704546	N04_011214	chloramphenicol	chloramphenicol			NO_ACCESSIONS	S	S			NOT_EVALUATED	=	8	=	8			NOT_EVALUATED
72	28704546	N04_011214	rifampin	rifampin			NO_ACCESSIONS	S	S			NOT_EVALUATED	<=	0.03	<=	0.03			NOT_EVALUATED
73	28704546	N04_011214	trimethoprim/sulfamethoxazole	trimethoprim/sulfamethoxazole			NO_ACCESSIONS	S	S			NOT_EVALUATED	<=	10	<=	10			NOT_EVALUATED
74	28704546	N05A_091214	penicillin	penicillin			NO_ACCESSIONS	R	R			NOT_EVALUATED	>=	0.5	>=	0.5			NOT_EVALUATED
75	28704546	N05A_091214	oxacillin	oxacillin			NO_ACCESSIONS	R	R			NOT_EVALUATED	>=	4	>=	4			NOT_EVALUATED
76	28704546	N05A_091214	gentamicin	gentamicin			NO_ACCESSIONS	R	R			NOT_EVALUATED	>=	16	>=	16			NOT_EVALUATED
77	28704546	N05A_091214	kanamycin	kanamycin			NO_ACCESSIONS	R	R			NOT_EVALUATED	>=	64	>=	64			NOT_EVALUATED
78	28704546	N05A_091214	tobramycin	tobramycin			NO_ACCESSIONS	R	R			NOT_EVALUATED	>=	16	>=	16			NOT_EVALUATED
79	28704546	N05A_091214	ciprofloxacin	ciprofloxacin			NO_ACCESSIONS	R	R			NOT_EVALUATED	>=	8	>=	8			NOT_EVALUATED
80	28704546	N05A_091214	erythromycin	erythromycin			NO_ACCESSIONS	S	S			NOT_EVALUATED	=	1	=	1			NOT_EVALUATED
81	28704546	N05A_091214	clindamycin	clindamycin			NO_ACCESSIONS	S	S			NOT_EVALUATED	=	0.25	=	0.25			NOT_EVALUATED
82	28704546	N05A_091214	linezolid	linezolid			NO_ACCESSIONS	S	S			NOT_EVALUATED	=	2	=	2			NOT_EVALUATED
83	28704546	N05A_091214	teicoplanin	teicoplanin			NO_ACCESSIONS	S	S			NOT_EVALUATED	<=	0.5	<=	0.5			NOT_EVALUATED
84	28704546	N05A_091214	vancomycin	vancomycin			NO_ACCESSIONS	S	S			NOT_EVALUATED	<=	0.5	<=	0.5			NOT_EVALUATED
85	28704546	N05A_091214	tetracycline	tetracycline			NO_ACCESSIONS	R	R			NOT_EVALUATED	>=	16	>=	16			NOT_EVALUATED
86	28704546	N05A_091214	fosfomycin	fosfomycin			NO_ACCESSIONS	S	S			NOT_EVALUATED	<=	8	<=	8			NOT_EVALUATED
87	28704546	N05A_091214	fusidic acid	fusidic acid			NO_ACCESSIONS	S	S			NOT_EVALUATED	<=	0.5	<=	0.5			NOT_EVALUATED
88	28704546	N05A_091214	mupirocin	mupirocin			NO_ACCESSIONS	S	S			NOT_EVALUATED	<=	2	<=	2			NOT_EVALUATED
89	28704546	N05A_091214	chloramphenicol	chloramphenicol			NO_ACCESSIONS	R	R			NOT_EVALUATED	>=	64	>=	64			NOT_EVALUATED
90	28704546	N05A_091214	rifampin	rifampin			NO_ACCESSIONS	S	S			NOT_EVALUATED	<=	0.03	<=	0.03			NOT_EVALUATED
91	28704546	N05A_091214	trimethoprim/sulfamethoxazole	trimethoprim/sulfamethoxazole			NO_ACCESSIONS	S	S			NOT_EVALUATED	<=	10	<=	10			NOT_EVALUATED
92	28704546	N05B_191214	penicillin	penicillin			NO_ACCESSIONS	R	R			NOT_EVALUATED	>=	0.5	>=	0.5			NOT_EVALUATED
93	28704546	N05B_191214	oxacillin	oxacillin			NO_ACCESSIONS	R	R			NOT_EVALUATED	>=	4	>=	4			NOT_EVALUATED
94	28704546	N05B_191214	gentamicin	gentamicin			NO_ACCESSIONS	R	R			NOT_EVALUATED	>=	16	>=	16			NOT_EVALUATED
95	28704546	N05B_191214	kanamycin	kanamycin			NO_ACCESSIONS	R	R			NOT_EVALUATED	>=	64	>=	64			NOT_EVALUATED
96	28704546	N05B_191214	tobramycin	tobramycin			NO_ACCESSIONS	R	R			NOT_EVALUATED	>=	16	>=	16			NOT_EVALUATED
97	28704546	N05B_191214	ciprofloxacin	ciprofloxacin			NO_ACCESSIONS	R	R			NOT_EVALUATED	>=	8	>=	8			NOT_EVALUATED
98	28704546	N05B_191214	erythromycin	erythromycin			NO_ACCESSIONS	S	S			NOT_EVALUATED	=	1	=	1			NOT_EVALUATED
99	28704546	N05B_191214	clindamycin	clindamycin			NO_ACCESSIONS	S	S			NOT_EVALUATED	=	0.25	=	0.25			NOT_EVALUATED
100	28704546	N05B_191214	linezolid	linezolid			NO_ACCESSIONS	S	S			NOT_EVALUATED	=	2	=	2			NOT_EVALUATED
101	28704546	N05B_191214	teicoplanin	teicoplanin			NO_ACCESSIONS	S	S			NOT_EVALUATED	<=	0.5	<=	0.5			NOT_EVALUATED
102	28704546	N05B_191214	vancomycin	vancomycin			NO_ACCESSIONS	S	S			NOT_EVALUATED	<=	0.5	<=	0.5			NOT_EVALUATED
103	28704546	N05B_191214	tetracycline	tetracycline			NO_ACCESSIONS	R	R			NOT_EVALUATED	>=	16	>=	16			NOT_EVALUATED
104	28704546	N05B_191214	fosfomycin	fosfomycin			NO_ACCESSIONS	S	S			NOT_EVALUATED	<=	8	<=	8			NOT_EVALUATED
105	28704546	N05B_191214	fusidic acid	fusidic acid			NO_ACCESSIONS	S	S			NOT_EVALUATED	<=	0.5	<=	0.5			NOT_EVALUATED
106	28704546	N05B_191214	mupirocin	mupirocin			NO_ACCESSIONS	S	S			NOT_EVALUATED	<=	2	<=	2			NOT_EVALUATED
107	28704546	N05B_191214	chloramphenicol	chloramphenicol			NO_ACCESSIONS	R	R			NOT_EVALUATED	>=	64	>=	64			NOT_EVALUATED
108	28704546	N05B_191214	rifampin	rifampin			NO_ACCESSIONS	S	S			NOT_EVALUATED	<=	0.03	<=	0.03			NOT_EVALUATED
109	28704546	N05B_191214	trimethoprim/sulfamethoxazole	trimethoprim/sulfamethoxazole			NO_ACCESSIONS	S	S			NOT_EVALUATED	<=	10	<=	10			NOT_EVALUATED
110	28704546	W08A_161214	penicillin	penicillin			NO_ACCESSIONS	R	R			NOT_EVALUATED	>=	0.5	>=	0.5			NOT_EVALUATED
111	28704546	W08A_161214	oxacillin	oxacillin			NO_ACCESSIONS	S	S			NOT_EVALUATED	=	0.5	=	0.5			NOT_EVALUATED
112	28704546	W08A_161214	gentamicin	gentamicin			NO_ACCESSIONS	S	S			NOT_EVALUATED	<=	0.5	<=	0.5			NOT_EVALUATED
113	28704546	W08A_161214	kanamycin	kanamycin			NO_ACCESSIONS	S	S			NOT_EVALUATED	<=	4	<=	4			NOT_EVALUATED
114	28704546	W08A_161214	tobramycin	tobramycin			NO_ACCESSIONS	S	S			NOT_EVALUATED	<=	1	<=	1			NOT_EVALUATED
115	28704546	W08A_161214	ciprofloxacin	ciprofloxacin			NO_ACCESSIONS	S	S			NOT_EVALUATED	<=	0.5	<=	0.5			NOT_EVALUATED
116	28704546	W08A_161214	erythromycin	erythromycin			NO_ACCESSIONS	S	S			NOT_EVALUATED	=	1	=	1			NOT_EVALUATED
117	28704546	W08A_161214	clindamycin	clindamycin			NO_ACCESSIONS	S	S			NOT_EVALUATED	=	0.25	=	0.25			NOT_EVALUATED
118	28704546	W08A_161214	linezolid	linezolid			NO_ACCESSIONS	S	S			NOT_EVALUATED	=	2	=	2			NOT_EVALUATED
119	28704546	W08A_161214	teicoplanin	teicoplanin			NO_ACCESSIONS	S	S			NOT_EVALUATED	<=	0.5	<=	0.5			NOT_EVALUATED
120	28704546	W08A_161214	vancomycin	vancomycin			NO_ACCESSIONS	S	S			NOT_EVALUATED	<=	0.5	<=	0.5			NOT_EVALUATED
121	28704546	W08A_161214	tetracycline	tetracycline			NO_ACCESSIONS	R	R			NOT_EVALUATED	>=	16	>=	16			NOT_EVALUATED
122	28704546	W08A_161214	fosfomycin	fosfomycin			NO_ACCESSIONS	S	S			NOT_EVALUATED	<=	8	<=	8			NOT_EVALUATED
123	28704546	W08A_161214	fusidic acid	fusidic acid			NO_ACCESSIONS	S	S			NOT_EVALUATED	<=	0.5	<=	0.5			NOT_EVALUATED
124	28704546	W08A_161214	mupirocin	mupirocin			NO_ACCESSIONS	S	S			NOT_EVALUATED	<=	2	<=	2			NOT_EVALUATED
125	28704546	W08A_161214	chloramphenicol	chloramphenicol			NO_ACCESSIONS	S	S			NOT_EVALUATED	=	8	=	8			NOT_EVALUATED
126	28704546	W08A_161214	rifampin	rifampin			NO_ACCESSIONS	S	S			NOT_EVALUATED	<=	0.03	<=	0.03			NOT_EVALUATED
127	28704546	W08A_161214	trimethoprim/sulfamethoxazole	trimethoprim/sulfamethoxazole			NO_ACCESSIONS	R	R			NOT_EVALUATED	>=	320	>=	320			NOT_EVALUATED
128	28704546	W08B_161214	penicillin	penicillin			NO_ACCESSIONS	R	R			NOT_EVALUATED	>=	0.5	>=	0.5			NOT_EVALUATED
129	28704546	W08B_161214	oxacillin	oxacillin			NO_ACCESSIONS	S	S			NOT_EVALUATED	=	0.5	=	0.5			NOT_EVALUATED
130	28704546	W08B_161214	gentamicin	gentamicin			NO_ACCESSIONS	S	S			NOT_EVALUATED	<=	0.5	<=	0.5			NOT_EVALUATED
131	28704546	W08B_161214	kanamycin	kanamycin			NO_ACCESSIONS	S	S			NOT_EVALUATED	<=	4	<=	4			NOT_EVALUATED
132	28704546	W08B_161214	tobramycin	tobramycin			NO_ACCESSIONS	S	S			NOT_EVALUATED	<=	1	<=	1			NOT_EVALUATED
133	28704546	W08B_161214	ciprofloxacin	ciprofloxacin			NO_ACCESSIONS	S	S			NOT_EVALUATED	<=	0.5	<=	0.5			NOT_EVALUATED
134	28704546	W08B_161214	erythromycin	erythromycin			NO_ACCESSIONS	S	S			NOT_EVALUATED	=	1	=	1			NOT_EVALUATED
135	28704546	W08B_161214	clindamycin	clindamycin			NO_ACCESSIONS	S	S			NOT_EVALUATED	=	0.25	=	0.25			NOT_EVALUATED
136	28704546	W08B_161214	linezolid	linezolid			NO_ACCESSIONS	S	S			NOT_EVALUATED	=	2	=	2			NOT_EVALUATED
137	28704546	W08B_161214	teicoplanin	teicoplanin			NO_ACCESSIONS	S	S			NOT_EVALUATED	<=	0.5	<=	0.5			NOT_EVALUATED
138	28704546	W08B_161214	vancomycin	vancomycin			NO_ACCESSIONS	S	S			NOT_EVALUATED	=	1	=	1			NOT_EVALUATED
139	28704546	W08B_161214	tetracycline	tetracycline			NO_ACCESSIONS	R	R			NOT_EVALUATED	>=	16	>=	16			NOT_EVALUATED
140	28704546	W08B_161214	fosfomycin	fosfomycin			NO_ACCESSIONS	S	S			NOT_EVALUATED	<=	8	<=	8			NOT_EVALUATED
141	28704546	W08B_161214	fusidic acid	fusidic acid			NO_ACCESSIONS	S	S			NOT_EVALUATED	<=	0.5	<=	0.5			NOT_EVALUATED
142	28704546	W08B_161214	mupirocin	mupirocin			NO_ACCESSIONS	S	S			NOT_EVALUATED	<=	2	<=	2			NOT_EVALUATED
143	28704546	W08B_161214	chloramphenicol	chloramphenicol			NO_ACCESSIONS	S	S			NOT_EVALUATED	=	8	=	8			NOT_EVALUATED
144	28704546	W08B_161214	rifampin	rifampin			NO_ACCESSIONS	S	S			NOT_EVALUATED	<=	0.03	<=	0.03			NOT_EVALUATED
145	28704546	W08B_161214	trimethoprim/sulfamethoxazole	trimethoprim/sulfamethoxazole			NO_ACCESSIONS	R	R			NOT_EVALUATED	>=	320	>=	320			NOT_EVALUATED
146	28704546	B12A_030115	penicillin	penicillin			NO_ACCESSIONS	R	R			NOT_EVALUATED	>=	0.5	>=	0.5			NOT_EVALUATED
147	28704546	B12A_030115	oxacillin	oxacillin			NO_ACCESSIONS	R	R			NOT_EVALUATED	>=	4	>=	4			NOT_EVALUATED
148	28704546	B12A_030115	gentamicin	gentamicin			NO_ACCESSIONS	R	R			NOT_EVALUATED	>=	16	>=	16			NOT_EVALUATED
149	28704546	B12A_030115	kanamycin	kanamycin			NO_ACCESSIONS	R	R			NOT_EVALUATED	>=	64	>=	64			NOT_EVALUATED
150	28704546	B12A_030115	tobramycin	tobramycin			NO_ACCESSIONS	R	R			NOT_EVALUATED	>=	16	>=	16			NOT_EVALUATED
151	28704546	B12A_030115	ciprofloxacin	ciprofloxacin			NO_ACCESSIONS	R	R			NOT_EVALUATED	>=	8	>=	8			NOT_EVALUATED
152	28704546	B12A_030115	erythromycin	erythromycin			NO_ACCESSIONS	S	S			NOT_EVALUATED	=	1	=	1			NOT_EVALUATED
153	28704546	B12A_030115	clindamycin	clindamycin			NO_ACCESSIONS	S	S			NOT_EVALUATED	=	0.25	=	0.25			NOT_EVALUATED
154	28704546	B12A_030115	linezolid	linezolid			NO_ACCESSIONS	S	S			NOT_EVALUATED	=	2	=	2			NOT_EVALUATED
155	28704546	B12A_030115	teicoplanin	teicoplanin			NO_ACCESSIONS	S	S			NOT_EVALUATED	<=	0.5	<=	0.5			NOT_EVALUATED
156	28704546	B12A_030115	vancomycin	vancomycin			NO_ACCESSIONS	S	S			NOT_EVALUATED	<=	0.5	<=	0.5			NOT_EVALUATED
157	28704546	B12A_030115	tetracycline	tetracycline			NO_ACCESSIONS	R	R			NOT_EVALUATED	>=	16	>=	16			NOT_EVALUATED
158	28704546	B12A_030115	fosfomycin	fosfomycin			NO_ACCESSIONS	S	S			NOT_EVALUATED	<=	8	<=	8			NOT_EVALUATED
159	28704546	B12A_030115	fusidic acid	fusidic acid			NO_ACCESSIONS	S	S			NOT_EVALUATED	<=	0.5	<=	0.5			NOT_EVALUATED
160	28704546	B12A_030115	mupirocin	mupirocin			NO_ACCESSIONS	S	S			NOT_EVALUATED	<=	2	<=	2			NOT_EVALUATED
161	28704546	B12A_030115	chloramphenicol	chloramphenicol			NO_ACCESSIONS	R	R			NOT_EVALUATED	>=	64	>=	64			NOT_EVALUATED
162	28704546	B12A_030115	rifampin	rifampin			NO_ACCESSIONS	S	S			NOT_EVALUATED	<=	0.03	<=	0.03			NOT_EVALUATED
163	28704546	B12A_030115	trimethoprim/sulfamethoxazole	trimethoprim/sulfamethoxazole			NO_ACCESSIONS	S	S			NOT_EVALUATED	<=	10	<=	10			NOT_EVALUATED
164	28704546	N12_291214	penicillin	penicillin			NO_ACCESSIONS	R	R			NOT_EVALUATED	>=	0.5	>=	0.5			NOT_EVALUATED
165	28704546	N12_291214	oxacillin	oxacillin			NO_ACCESSIONS	R	R			NOT_EVALUATED	>=	4	>=	4			NOT_EVALUATED
166	28704546	N12_291214	gentamicin	gentamicin			NO_ACCESSIONS	R	R			NOT_EVALUATED	>=	16	>=	16			NOT_EVALUATED
167	28704546	N12_291214	kanamycin	kanamycin			NO_ACCESSIONS	R	R			NOT_EVALUATED	>=	64	>=	64			NOT_EVALUATED
168	28704546	N12_291214	tobramycin	tobramycin			NO_ACCESSIONS	R	R			NOT_EVALUATED	>=	16	>=	16			NOT_EVALUATED
169	28704546	N12_291214	ciprofloxacin	ciprofloxacin			NO_ACCESSIONS	R	R			NOT_EVALUATED	>=	8	>=	8			NOT_EVALUATED
170	28704546	N12_291214	erythromycin	erythromycin			NO_ACCESSIONS	S	S			NOT_EVALUATED	=	1	=	1			NOT_EVALUATED
171	28704546	N12_291214	clindamycin	clindamycin			NO_ACCESSIONS	S	S			NOT_EVALUATED	=	0.25	=	0.25			NOT_EVALUATED
172	28704546	N12_291214	linezolid	linezolid			NO_ACCESSIONS	S	S			NOT_EVALUATED	=	2	=	2			NOT_EVALUATED
173	28704546	N12_291214	teicoplanin	teicoplanin			NO_ACCESSIONS	S	S			NOT_EVALUATED	<=	0.5	<=	0.5			NOT_EVALUATED
174	28704546	N12_291214	vancomycin	vancomycin			NO_ACCESSIONS	S	S			NOT_EVALUATED	<=	0.5	<=	0.5			NOT_EVALUATED
175	28704546	N12_291214	tetracycline	tetracycline			NO_ACCESSIONS	R	R			NOT_EVALUATED	>=	16	>=	16			NOT_EVALUATED
176	28704546	N12_291214	fosfomycin	fosfomycin			NO_ACCESSIONS	S	S			NOT_EVALUATED	<=	8	<=	8			NOT_EVALUATED
177	28704546	N12_291214	fusidic acid	fusidic acid			NO_ACCESSIONS	S	S			NOT_EVALUATED	<=	0.5	<=	0.5			NOT_EVALUATED
178	28704546	N12_291214	mupirocin	mupirocin			NO_ACCESSIONS	S	S			NOT_EVALUATED	<=	2	<=	2			NOT_EVALUATED
179	28704546	N12_291214	chloramphenicol	chloramphenicol			NO_ACCESSIONS	R	R			NOT_EVALUATED	>=	64	>=	64			NOT_EVALUATED
180	28704546	N12_291214	rifampin	rifampin			NO_ACCESSIONS	S	S			NOT_EVALUATED	<=	0.03	<=	0.03			NOT_EVALUATED
181	28704546	N12_291214	trimethoprim/sulfamethoxazole	trimethoprim/sulfamethoxazole			NO_ACCESSIONS	S	S			NOT_EVALUATED	<=	10	<=	10			NOT_EVALUATED
182	28704546	W12_291214	penicillin	penicillin			NO_ACCESSIONS	R	R			NOT_EVALUATED	>=	0.5	>=	0.5			NOT_EVALUATED
183	28704546	W12_291214	oxacillin	oxacillin			NO_ACCESSIONS	R	R			NOT_EVALUATED	>=	4	>=	4			NOT_EVALUATED
184	28704546	W12_291214	gentamicin	gentamicin			NO_ACCESSIONS	R	R			NOT_EVALUATED	>=	16	>=	16			NOT_EVALUATED
185	28704546	W12_291214	kanamycin	kanamycin			NO_ACCESSIONS	R	R			NOT_EVALUATED	>=	64	>=	64			NOT_EVALUATED
186	28704546	W12_291214	tobramycin	tobramycin			NO_ACCESSIONS	R	R			NOT_EVALUATED	>=	16	>=	16			NOT_EVALUATED
187	28704546	W12_291214	ciprofloxacin	ciprofloxacin			NO_ACCESSIONS	R	R			NOT_EVALUATED	>=	8	>=	8			NOT_EVALUATED
188	28704546	W12_291214	erythromycin	erythromycin			NO_ACCESSIONS	S	S			NOT_EVALUATED	=	1	=	1			NOT_EVALUATED
189	28704546	W12_291214	clindamycin	clindamycin			NO_ACCESSIONS	S	S			NOT_EVALUATED	=	0.25	=	0.25			NOT_EVALUATED
190	28704546	W12_291214	linezolid	linezolid			NO_ACCESSIONS	S	S			NOT_EVALUATED	=	2	=	2			NOT_EVALUATED
191	28704546	W12_291214	teicoplanin	teicoplanin			NO_ACCESSIONS	S	S			NOT_EVALUATED	<=	0.5	<=	0.5			NOT_EVALUATED
192	28704546	W12_291214	vancomycin	vancomycin			NO_ACCESSIONS	S	S			NOT_EVALUATED	<=	0.5	<=	0.5			NOT_EVALUATED
193	28704546	W12_291214	tetracycline	tetracycline			NO_ACCESSIONS	R	R			NOT_EVALUATED	>=	16	>=	16			NOT_EVALUATED
194	28704546	W12_291214	fosfomycin	fosfomycin			NO_ACCESSIONS	S	S			NOT_EVALUATED	<=	8	<=	8			NOT_EVALUATED
195	28704546	W12_291214	fusidic acid	fusidic acid			NO_ACCESSIONS	S	S			NOT_EVALUATED	<=	0.5	<=	0.5			NOT_EVALUATED
196	28704546	W12_291214	mupirocin	mupirocin			NO_ACCESSIONS	S	S			NOT_EVALUATED	<=	2	<=	2			NOT_EVALUATED
197	28704546	W12_291214	chloramphenicol	chloramphenicol			NO_ACCESSIONS	R	R			NOT_EVALUATED	>=	64	>=	64			NOT_EVALUATED
198	28704546	W12_291214	rifampin	rifampin			NO_ACCESSIONS	S	S			NOT_EVALUATED	<=	0.03	<=	0.03			NOT_EVALUATED
199	28704546	W12_291214	trimethoprim/sulfamethoxazole	trimethoprim/sulfamethoxazole			NO_ACCESSIONS	S	S			NOT_EVALUATED	<=	10	<=	10			NOT_EVALUATED
200	28704546	N13A_311214	penicillin	penicillin			NO_ACCESSIONS	R	R			NOT_EVALUATED	>=	0.5	>=	0.5			NOT_EVALUATED
201	28704546	N13A_311214	oxacillin	oxacillin			NO_ACCESSIONS	R	R			NOT_EVALUATED	>=	4	>=	4			NOT_EVALUATED
202	28704546	N13A_311214	gentamicin	gentamicin			NO_ACCESSIONS	R	R			NOT_EVALUATED	>=	16	>=	16			NOT_EVALUATED
203	28704546	N13A_311214	kanamycin	kanamycin			NO_ACCESSIONS	R	R			NOT_EVALUATED	>=	64	>=	64			NOT_EVALUATED
204	28704546	N13A_311214	tobramycin	tobramycin			NO_ACCESSIONS	R	R			NOT_EVALUATED	>=	16	>=	16			NOT_EVALUATED
205	28704546	N13A_311214	ciprofloxacin	ciprofloxacin			NO_ACCESSIONS	R	R			NOT_EVALUATED	>=	8	>=	8			NOT_EVALUATED
206	28704546	N13A_311214	erythromycin	erythromycin			NO_ACCESSIONS	S	S			NOT_EVALUATED	=	1	=	1			NOT_EVALUATED
207	28704546	N13A_311214	clindamycin	clindamycin			NO_ACCESSIONS	S	S			NOT_EVALUATED	=	0.25	=	0.25			NOT_EVALUATED
208	28704546	N13A_311214	linezolid	linezolid			NO_ACCESSIONS	S	S			NOT_EVALUATED	=	2	=	2			NOT_EVALUATED
209	28704546	N13A_311214	teicoplanin	teicoplanin			NO_ACCESSIONS	S	S			NOT_EVALUATED	<=	0.5	<=	0.5			NOT_EVALUATED
210	28704546	N13A_311214	vancomycin	vancomycin			NO_ACCESSIONS	S	S			NOT_EVALUATED	<=	0.5	<=	0.5			NOT_EVALUATED
211	28704546	N13A_311214	tetracycline	tetracycline			NO_ACCESSIONS	R	R			NOT_EVALUATED	>=	16	>=	16			NOT_EVALUATED
212	28704546	N13A_311214	fosfomycin	fosfomycin			NO_ACCESSIONS	S	S			NOT_EVALUATED	<=	8	<=	8			NOT_EVALUATED
213	28704546	N13A_311214	fusidic acid	fusidic acid			NO_ACCESSIONS	S	S			NOT_EVALUATED	<=	0.5	<=	0.5			NOT_EVALUATED
214	28704546	N13A_311214	mupirocin	mupirocin			NO_ACCESSIONS	S	S			NOT_EVALUATED	<=	2	<=	2			NOT_EVALUATED
215	28704546	N13A_311214	chloramphenicol	chloramphenicol			NO_ACCESSIONS	R	R			NOT_EVALUATED	>=	64	>=	64			NOT_EVALUATED
216	28704546	N13A_311214	rifampin	rifampin			NO_ACCESSIONS	S	S			NOT_EVALUATED	<=	0.03	<=	0.03			NOT_EVALUATED
217	28704546	N13A_311214	trimethoprim/sulfamethoxazole	trimethoprim/sulfamethoxazole			NO_ACCESSIONS	S	S			NOT_EVALUATED	<=	10	<=	10			NOT_EVALUATED
218	28704546	W13_311214	penicillin	penicillin			NO_ACCESSIONS	R	R			NOT_EVALUATED	>=	0.5	>=	0.5			NOT_EVALUATED
219	28704546	W13_311214	oxacillin	oxacillin			NO_ACCESSIONS	R	R			NOT_EVALUATED	>=	4	>=	4			NOT_EVALUATED
220	28704546	W13_311214	gentamicin	gentamicin			NO_ACCESSIONS	R	R			NOT_EVALUATED	>=	16	>=	16			NOT_EVALUATED
221	28704546	W13_311214	kanamycin	kanamycin			NO_ACCESSIONS	R	R			NOT_EVALUATED	>=	64	>=	64			NOT_EVALUATED
222	28704546	W13_311214	tobramycin	tobramycin			NO_ACCESSIONS	R	R			NOT_EVALUATED	=	8	=	8			NOT_EVALUATED
223	28704546	W13_311214	ciprofloxacin	ciprofloxacin			NO_ACCESSIONS	R	R			NOT_EVALUATED	>=	8	>=	8			NOT_EVALUATED
224	28704546	W13_311214	erythromycin	erythromycin			NO_ACCESSIONS	S	S			NOT_EVALUATED	=	1	=	1			NOT_EVALUATED
225	28704546	W13_311214	clindamycin	clindamycin			NO_ACCESSIONS	S	S			NOT_EVALUATED	=	0.25	=	0.25			NOT_EVALUATED
226	28704546	W13_311214	linezolid	linezolid			NO_ACCESSIONS	S	S			NOT_EVALUATED	=	2	=	2			NOT_EVALUATED
227	28704546	W13_311214	teicoplanin	teicoplanin			NO_ACCESSIONS	S	S			NOT_EVALUATED	<=	0.5	<=	0.5			NOT_EVALUATED
228	28704546	W13_311214	vancomycin	vancomycin			NO_ACCESSIONS	S	S			NOT_EVALUATED	<=	0.5	<=	0.5			NOT_EVALUATED
229	28704546	W13_311214	tetracycline	tetracycline			NO_ACCESSIONS	R	R			NOT_EVALUATED	>=	16	>=	16			NOT_EVALUATED
230	28704546	W13_311214	fosfomycin	fosfomycin			NO_ACCESSIONS	S	S			NOT_EVALUATED	<=	8	<=	8			NOT_EVALUATED
231	28704546	W13_311214	fusidic acid	fusidic acid			NO_ACCESSIONS	S	S			NOT_EVALUATED	<=	0.5	<=	0.5			NOT_EVALUATED
232	28704546	W13_311214	mupirocin	mupirocin			NO_ACCESSIONS	S	S			NOT_EVALUATED	<=	2	<=	2			NOT_EVALUATED
233	28704546	W13_311214	chloramphenicol	chloramphenicol			NO_ACCESSIONS	R	R			NOT_EVALUATED	>=	64	>=	64			NOT_EVALUATED
234	28704546	W13_311214	rifampin	rifampin			NO_ACCESSIONS	S	S			NOT_EVALUATED	<=	0.03	<=	0.03			NOT_EVALUATED
235	28704546	W13_311214	trimethoprim/sulfamethoxazole	trimethoprim/sulfamethoxazole			NO_ACCESSIONS	S	S			NOT_EVALUATED	<=	10	<=	10			NOT_EVALUATED
236	28704546	B21_100115	penicillin	penicillin			NO_ACCESSIONS	R	R			NOT_EVALUATED	>=	0.5	>=	0.5			NOT_EVALUATED
237	28704546	B21_100115	oxacillin	oxacillin			NO_ACCESSIONS	R	R			NOT_EVALUATED	>=	4	>=	4			NOT_EVALUATED
238	28704546	B21_100115	gentamicin	gentamicin			NO_ACCESSIONS	R	R			NOT_EVALUATED	>=	16	>=	16			NOT_EVALUATED
239	28704546	B21_100115	kanamycin	kanamycin			NO_ACCESSIONS	R	R			NOT_EVALUATED	>=	64	>=	64			NOT_EVALUATED
240	28704546	B21_100115	tobramycin	tobramycin			NO_ACCESSIONS	R	R			NOT_EVALUATED	>=	16	>=	16			NOT_EVALUATED
241	28704546	B21_100115	ciprofloxacin	ciprofloxacin			NO_ACCESSIONS	R	R			NOT_EVALUATED	>=	8	>=	8			NOT_EVALUATED
242	28704546	B21_100115	erythromycin	erythromycin			NO_ACCESSIONS	S	S			NOT_EVALUATED	=	1	=	1			NOT_EVALUATED
243	28704546	B21_100115	clindamycin	clindamycin			NO_ACCESSIONS	S	S			NOT_EVALUATED	=	0.25	=	0.25			NOT_EVALUATED
244	28704546	B21_100115	linezolid	linezolid			NO_ACCESSIONS	S	S			NOT_EVALUATED	=	2	=	2			NOT_EVALUATED
245	28704546	B21_100115	teicoplanin	teicoplanin			NO_ACCESSIONS	S	S			NOT_EVALUATED	<=	0.5	<=	0.5			NOT_EVALUATED
246	28704546	B21_100115	vancomycin	vancomycin			NO_ACCESSIONS	S	S			NOT_EVALUATED	=	1	=	1			NOT_EVALUATED
247	28704546	B21_100115	tetracycline	tetracycline			NO_ACCESSIONS	R	R			NOT_EVALUATED	>=	16	>=	16			NOT_EVALUATED
248	28704546	B21_100115	fosfomycin	fosfomycin			NO_ACCESSIONS	S	S			NOT_EVALUATED	<=	8	<=	8			NOT_EVALUATED
249	28704546	B21_100115	fusidic acid	fusidic acid			NO_ACCESSIONS	S	S			NOT_EVALUATED	<=	0.5	<=	0.5			NOT_EVALUATED
250	28704546	B21_100115	mupirocin	mupirocin			NO_ACCESSIONS	S	S			NOT_EVALUATED	<=	2	<=	2			NOT_EVALUATED
251	28704546	B21_100115	chloramphenicol	chloramphenicol			NO_ACCESSIONS	R	R			NOT_EVALUATED	>=	64	>=	64			NOT_EVALUATED
252	28704546	B21_100115	rifampin	rifampin			NO_ACCESSIONS	S	S			NOT_EVALUATED	<=	0.03	<=	0.03			NOT_EVALUATED
253	28704546	B21_100115	trimethoprim/sulfamethoxazole	trimethoprim/sulfamethoxazole			NO_ACCESSIONS	S	S			NOT_EVALUATED	<=	10	<=	10			NOT_EVALUATED
254	28704546	N21_100115	penicillin	penicillin			NO_ACCESSIONS	R	R			NOT_EVALUATED	>=	0.5	>=	0.5			NOT_EVALUATED
255	28704546	N21_100115	oxacillin	oxacillin			NO_ACCESSIONS	R	R			NOT_EVALUATED	>=	4	>=	4			NOT_EVALUATED
256	28704546	N21_100115	gentamicin	gentamicin			NO_ACCESSIONS	R	R			NOT_EVALUATED	>=	16	>=	16			NOT_EVALUATED
257	28704546	N21_100115	kanamycin	kanamycin			NO_ACCESSIONS	R	R			NOT_EVALUATED	>=	64	>=	64			NOT_EVALUATED
258	28704546	N21_100115	tobramycin	tobramycin			NO_ACCESSIONS	R	R			NOT_EVALUATED	>=	16	>=	16			NOT_EVALUATED
259	28704546	N21_100115	ciprofloxacin	ciprofloxacin			NO_ACCESSIONS	R	R			NOT_EVALUATED	>=	8	>=	8			NOT_EVALUATED
260	28704546	N21_100115	erythromycin	erythromycin			NO_ACCESSIONS	S	S			NOT_EVALUATED	=	1	=	1			NOT_EVALUATED
261	28704546	N21_100115	clindamycin	clindamycin			NO_ACCESSIONS	S	S			NOT_EVALUATED	=	0.25	=	0.25			NOT_EVALUATED
262	28704546	N21_100115	linezolid	linezolid			NO_ACCESSIONS	S	S			NOT_EVALUATED	=	2	=	2			NOT_EVALUATED
263	28704546	N21_100115	teicoplanin	teicoplanin			NO_ACCESSIONS	S	S			NOT_EVALUATED	<=	0.5	<=	0.5			NOT_EVALUATED
264	28704546	N21_100115	vancomycin	vancomycin			NO_ACCESSIONS	S	S			NOT_EVALUATED	<=	0.5	<=	0.5			NOT_EVALUATED
265	28704546	N21_100115	tetracycline	tetracycline			NO_ACCESSIONS	R	R			NOT_EVALUATED	>=	16	>=	16			NOT_EVALUATED
266	28704546	N21_100115	fosfomycin	fosfomycin			NO_ACCESSIONS	S	S			NOT_EVALUATED	<=	8	<=	8			NOT_EVALUATED
267	28704546	N21_100115	fusidic acid	fusidic acid			NO_ACCESSIONS	S	S			NOT_EVALUATED	<=	0.5	<=	0.5			NOT_EVALUATED
268	28704546	N21_100115	mupirocin	mupirocin			NO_ACCESSIONS	S	S			NOT_EVALUATED	<=	2	<=	2			NOT_EVALUATED
269	28704546	N21_100115	chloramphenicol	chloramphenicol			NO_ACCESSIONS	R	R			NOT_EVALUATED	>=	64	>=	64			NOT_EVALUATED
270	28704546	N21_100115	rifampin	rifampin			NO_ACCESSIONS	S	S			NOT_EVALUATED	<=	0.03	<=	0.03			NOT_EVALUATED
271	28704546	N21_100115	trimethoprim/sulfamethoxazole	trimethoprim/sulfamethoxazole			NO_ACCESSIONS	S	S			NOT_EVALUATED	<=	10	<=	10			NOT_EVALUATED
272	28704546	W21A_100115	penicillin	penicillin			NO_ACCESSIONS	R	R			NOT_EVALUATED	>=	0.5	>=	0.5			NOT_EVALUATED
273	28704546	W21A_100115	oxacillin	oxacillin			NO_ACCESSIONS	R	R			NOT_EVALUATED	>=	4	>=	4			NOT_EVALUATED
274	28704546	W21A_100115	gentamicin	gentamicin			NO_ACCESSIONS	R	R			NOT_EVALUATED	>=	16	>=	16			NOT_EVALUATED
275	28704546	W21A_100115	kanamycin	kanamycin			NO_ACCESSIONS	R	R			NOT_EVALUATED	>=	64	>=	64			NOT_EVALUATED
276	28704546	W21A_100115	tobramycin	tobramycin			NO_ACCESSIONS	R	R			NOT_EVALUATED	>=	16	>=	16			NOT_EVALUATED
277	28704546	W21A_100115	ciprofloxacin	ciprofloxacin			NO_ACCESSIONS	R	R			NOT_EVALUATED	>=	8	>=	8			NOT_EVALUATED
278	28704546	W21A_100115	erythromycin	erythromycin			NO_ACCESSIONS	S	S			NOT_EVALUATED	=	1	=	1			NOT_EVALUATED
279	28704546	W21A_100115	clindamycin	clindamycin			NO_ACCESSIONS	S	S			NOT_EVALUATED	=	0.25	=	0.25			NOT_EVALUATED
280	28704546	W21A_100115	linezolid	linezolid			NO_ACCESSIONS	S	S			NOT_EVALUATED	=	2	=	2			NOT_EVALUATED
281	28704546	W21A_100115	teicoplanin	teicoplanin			NO_ACCESSIONS	S	S			NOT_EVALUATED	<=	0.5	<=	0.5			NOT_EVALUATED
282	28704546	W21A_100115	vancomycin	vancomycin			NO_ACCESSIONS	S	S			NOT_EVALUATED	<=	0.5	<=	0.5			NOT_EVALUATED
283	28704546	W21A_100115	tetracycline	tetracycline			NO_ACCESSIONS	R	R			NOT_EVALUATED	>=	16	>=	16			NOT_EVALUATED
284	28704546	W21A_100115	fosfomycin	fosfomycin			NO_ACCESSIONS	S	S			NOT_EVALUATED	<=	8	<=	8			NOT_EVALUATED
285	28704546	W21A_100115	fusidic acid	fusidic acid			NO_ACCESSIONS	S	S			NOT_EVALUATED	<=	0.5	<=	0.5			NOT_EVALUATED
286	28704546	W21A_100115	mupirocin	mupirocin			NO_ACCESSIONS	S	S			NOT_EVALUATED	<=	2	<=	2			NOT_EVALUATED
287	28704546	W21A_100115	chloramphenicol	chloramphenicol			NO_ACCESSIONS	R	R			NOT_EVALUATED	>=	64	>=	64			NOT_EVALUATED
288	28704546	W21A_100115	rifampin	rifampin			NO_ACCESSIONS	S	S			NOT_EVALUATED	<=	0.03	<=	0.03			NOT_EVALUATED
289	28704546	W21A_100115	trimethoprim/sulfamethoxazole	trimethoprim/sulfamethoxazole			NO_ACCESSIONS	S	S			NOT_EVALUATED	<=	10	<=	10			NOT_EVALUATED
290	28704546	W22_020215	penicillin	penicillin			NO_ACCESSIONS	R	R			NOT_EVALUATED	>=	0.5	>=	0.5			NOT_EVALUATED
291	28704546	W22_020215	oxacillin	oxacillin			NO_ACCESSIONS	S	S			NOT_EVALUATED	=	0.5	=	0.5			NOT_EVALUATED
292	28704546	W22_020215	gentamicin	gentamicin			NO_ACCESSIONS	S	S			NOT_EVALUATED	<=	0.5	<=	0.5			NOT_EVALUATED
293	28704546	W22_020215	kanamycin	kanamycin			NO_ACCESSIONS	S	S			NOT_EVALUATED	<=	4	<=	4			NOT_EVALUATED
294	28704546	W22_020215	tobramycin	tobramycin			NO_ACCESSIONS	S	S			NOT_EVALUATED	<=	1	<=	1			NOT_EVALUATED
295	28704546	W22_020215	ciprofloxacin	ciprofloxacin			NO_ACCESSIONS	S	S			NOT_EVALUATED	<=	0.5	<=	0.5			NOT_EVALUATED
296	28704546	W22_020215	erythromycin	erythromycin			NO_ACCESSIONS	S	S			NOT_EVALUATED	=	0.5	=	0.5			NOT_EVALUATED
297	28704546	W22_020215	clindamycin	clindamycin			NO_ACCESSIONS	S	S			NOT_EVALUATED	=	0.25	=	0.25			NOT_EVALUATED
298	28704546	W22_020215	linezolid	linezolid			NO_ACCESSIONS	S	S			NOT_EVALUATED	=	2	=	2			NOT_EVALUATED
299	28704546	W22_020215	teicoplanin	teicoplanin			NO_ACCESSIONS	S	S			NOT_EVALUATED	<=	0.5	<=	0.5			NOT_EVALUATED
300	28704546	W22_020215	vancomycin	vancomycin			NO_ACCESSIONS	S	S			NOT_EVALUATED	<=	0.5	<=	0.5			NOT_EVALUATED
301	28704546	W22_020215	tetracycline	tetracycline			NO_ACCESSIONS	R	R			NOT_EVALUATED	>=	16	>=	16			NOT_EVALUATED
302	28704546	W22_020215	fosfomycin	fosfomycin			NO_ACCESSIONS	S	S			NOT_EVALUATED	<=	8	<=	8			NOT_EVALUATED
303	28704546	W22_020215	fusidic acid	fusidic acid			NO_ACCESSIONS	S	S			NOT_EVALUATED	<=	0.5	<=	0.5			NOT_EVALUATED
304	28704546	W22_020215	mupirocin	mupirocin			NO_ACCESSIONS	S	S			NOT_EVALUATED	<=	2	<=	2			NOT_EVALUATED
305	28704546	W22_020215	chloramphenicol	chloramphenicol			NO_ACCESSIONS	R	R			NOT_EVALUATED	>=	64	>=	64			NOT_EVALUATED
306	28704546	W22_020215	rifampin	rifampin			NO_ACCESSIONS	S	S			NOT_EVALUATED	<=	0.03	<=	0.03			NOT_EVALUATED
307	28704546	W22_020215	trimethoprim/sulfamethoxazole	trimethoprim/sulfamethoxazole			NO_ACCESSIONS	R	R			NOT_EVALUATED	>=	320	>=	320			NOT_EVALUATED
308	28704546	W24A_090215	penicillin	penicillin			NO_ACCESSIONS	R	R			NOT_EVALUATED	>=	0.5	>=	0.5			NOT_EVALUATED
309	28704546	W24A_090215	oxacillin	oxacillin			NO_ACCESSIONS	R	R			NOT_EVALUATED	>=	4	>=	4			NOT_EVALUATED
310	28704546	W24A_090215	gentamicin	gentamicin			NO_ACCESSIONS	S	S			NOT_EVALUATED	<=	0.5	<=	0.5			NOT_EVALUATED
311	28704546	W24A_090215	kanamycin	kanamycin			NO_ACCESSIONS	R	R			NOT_EVALUATED	>=	64	>=	64			NOT_EVALUATED
312	28704546	W24A_090215	tobramycin	tobramycin			NO_ACCESSIONS	S	S			NOT_EVALUATED	<=	1	<=	1			NOT_EVALUATED
313	28704546	W24A_090215	ciprofloxacin	ciprofloxacin			NO_ACCESSIONS	S	S			NOT_EVALUATED	<=	0.5	<=	0.5			NOT_EVALUATED
314	28704546	W24A_090215	erythromycin	erythromycin			NO_ACCESSIONS	R	R			NOT_EVALUATED	>=	8	>=	8			NOT_EVALUATED
315	28704546	W24A_090215	clindamycin	clindamycin			NO_ACCESSIONS	S	S			NOT_EVALUATED	=	0.25	=	0.25			NOT_EVALUATED
316	28704546	W24A_090215	linezolid	linezolid			NO_ACCESSIONS	S	S			NOT_EVALUATED	=	2	=	2			NOT_EVALUATED
317	28704546	W24A_090215	teicoplanin	teicoplanin			NO_ACCESSIONS	S	S			NOT_EVALUATED	<=	0.5	<=	0.5			NOT_EVALUATED
318	28704546	W24A_090215	vancomycin	vancomycin			NO_ACCESSIONS	S	S			NOT_EVALUATED	<=	0.5	<=	0.5			NOT_EVALUATED
319	28704546	W24A_090215	tetracycline	tetracycline			NO_ACCESSIONS	R	R			NOT_EVALUATED	>=	16	>=	16			NOT_EVALUATED
320	28704546	W24A_090215	fosfomycin	fosfomycin			NO_ACCESSIONS	S	S			NOT_EVALUATED	<=	8	<=	8			NOT_EVALUATED
321	28704546	W24A_090215	fusidic acid	fusidic acid			NO_ACCESSIONS	S	S			NOT_EVALUATED	<=	0.5	<=	0.5			NOT_EVALUATED
322	28704546	W24A_090215	mupirocin	mupirocin			NO_ACCESSIONS	S	S			NOT_EVALUATED	<=	2	<=	2			NOT_EVALUATED
323	28704546	W24A_090215	chloramphenicol	chloramphenicol			NO_ACCESSIONS	S	S			NOT_EVALUATED	=	8	=	8			NOT_EVALUATED
324	28704546	W24A_090215	rifampin	rifampin			NO_ACCESSIONS	S	S			NOT_EVALUATED	<=	0.03	<=	0.03			NOT_EVALUATED
325	28704546	W24A_090215	trimethoprim/sulfamethoxazole	trimethoprim/sulfamethoxazole			NO_ACCESSIONS	S	S			NOT_EVALUATED	<=	10	<=	10			NOT_EVALUATED
326	28704546	W24B_090215	penicillin	penicillin			NO_ACCESSIONS	R	R			NOT_EVALUATED	>=	0.5	>=	0.5			NOT_EVALUATED
327	28704546	W24B_090215	oxacillin	oxacillin			NO_ACCESSIONS	S	S			NOT_EVALUATED	=	0.5	=	0.5			NOT_EVALUATED
328	28704546	W24B_090215	gentamicin	gentamicin			NO_ACCESSIONS	S	S			NOT_EVALUATED	<=	0.5	<=	0.5			NOT_EVALUATED
329	28704546	W24B_090215	kanamycin	kanamycin			NO_ACCESSIONS	S	S			NOT_EVALUATED	<=	4	<=	4			NOT_EVALUATED
330	28704546	W24B_090215	tobramycin	tobramycin			NO_ACCESSIONS	S	S			NOT_EVALUATED	<=	1	<=	1			NOT_EVALUATED
331	28704546	W24B_090215	ciprofloxacin	ciprofloxacin			NO_ACCESSIONS	S	S			NOT_EVALUATED	<=	0.5	<=	0.5			NOT_EVALUATED
332	28704546	W24B_090215	erythromycin	erythromycin			NO_ACCESSIONS	S	S			NOT_EVALUATED	=	1	=	1			NOT_EVALUATED
333	28704546	W24B_090215	clindamycin	clindamycin			NO_ACCESSIONS	S	S			NOT_EVALUATED	=	0.25	=	0.25			NOT_EVALUATED
334	28704546	W24B_090215	linezolid	linezolid			NO_ACCESSIONS	S	S			NOT_EVALUATED	=	2	=	2			NOT_EVALUATED
335	28704546	W24B_090215	teicoplanin	teicoplanin			NO_ACCESSIONS	S	S			NOT_EVALUATED	<=	0.5	<=	0.5			NOT_EVALUATED
336	28704546	W24B_090215	vancomycin	vancomycin			NO_ACCESSIONS	S	S			NOT_EVALUATED	=	1	=	1			NOT_EVALUATED
337	28704546	W24B_090215	tetracycline	tetracycline			NO_ACCESSIONS	S	S			NOT_EVALUATED	<=	1	<=	1			NOT_EVALUATED
338	28704546	W24B_090215	fosfomycin	fosfomycin			NO_ACCESSIONS	S	S			NOT_EVALUATED	<=	8	<=	8			NOT_EVALUATED
339	28704546	W24B_090215	fusidic acid	fusidic acid			NO_ACCESSIONS	S	S			NOT_EVALUATED	<=	0.5	<=	0.5			NOT_EVALUATED
340	28704546	W24B_090215	mupirocin	mupirocin			NO_ACCESSIONS	S	S			NOT_EVALUATED	<=	2	<=	2			NOT_EVALUATED
341	28704546	W24B_090215	chloramphenicol	chloramphenicol			NO_ACCESSIONS	R	R			NOT_EVALUATED	>=	64	>=	64			NOT_EVALUATED
342	28704546	W24B_090215	rifampin	rifampin			NO_ACCESSIONS	S	S			NOT_EVALUATED	<=	0.03	<=	0.03			NOT_EVALUATED
343	28704546	W24B_090215	trimethoprim/sulfamethoxazole	trimethoprim/sulfamethoxazole			NO_ACCESSIONS	S	S			NOT_EVALUATED	<=	10	<=	10			NOT_EVALUATED
344	28704546	B26A_160215	penicillin	penicillin			NO_ACCESSIONS	R	R			NOT_EVALUATED	>=	0.5	>=	0.5			NOT_EVALUATED
345	28704546	B26A_160215	oxacillin	oxacillin			NO_ACCESSIONS	S	S			NOT_EVALUATED	<=	0.25	<=	0.25			NOT_EVALUATED
346	28704546	B26A_160215	gentamicin	gentamicin			NO_ACCESSIONS	S	S			NOT_EVALUATED	<=	0.5	<=	0.5			NOT_EVALUATED
347	28704546	B26A_160215	kanamycin	kanamycin			NO_ACCESSIONS	S	S			NOT_EVALUATED	<=	4	<=	4			NOT_EVALUATED
348	28704546	B26A_160215	tobramycin	tobramycin			NO_ACCESSIONS	S	S			NOT_EVALUATED	<=	1	<=	1			NOT_EVALUATED
349	28704546	B26A_160215	ciprofloxacin	ciprofloxacin			NO_ACCESSIONS	S	S			NOT_EVALUATED	<=	0.5	<=	0.5			NOT_EVALUATED
350	28704546	B26A_160215	erythromycin	erythromycin			NO_ACCESSIONS	S	S			NOT_EVALUATED	=	1	=	1			NOT_EVALUATED
351	28704546	B26A_160215	clindamycin	clindamycin			NO_ACCESSIONS	S	S			NOT_EVALUATED	=	0.25	=	0.25			NOT_EVALUATED
352	28704546	B26A_160215	linezolid	linezolid			NO_ACCESSIONS	S	S			NOT_EVALUATED	=	2	=	2			NOT_EVALUATED
353	28704546	B26A_160215	teicoplanin	teicoplanin			NO_ACCESSIONS	S	S			NOT_EVALUATED	<=	0.5	<=	0.5			NOT_EVALUATED
354	28704546	B26A_160215	vancomycin	vancomycin			NO_ACCESSIONS	S	S			NOT_EVALUATED	=	1	=	1			NOT_EVALUATED
355	28704546	B26A_160215	tetracycline	tetracycline			NO_ACCESSIONS	S	S			NOT_EVALUATED	<=	1	<=	1			NOT_EVALUATED
356	28704546	B26A_160215	fosfomycin	fosfomycin			NO_ACCESSIONS	S	S			NOT_EVALUATED	<=	8	<=	8			NOT_EVALUATED
357	28704546	B26A_160215	fusidic acid	fusidic acid			NO_ACCESSIONS	S	S			NOT_EVALUATED	<=	0.5	<=	0.5			NOT_EVALUATED
358	28704546	B26A_160215	mupirocin	mupirocin			NO_ACCESSIONS	S	S			NOT_EVALUATED	<=	2	<=	2			NOT_EVALUATED
359	28704546	B26A_160215	chloramphenicol	chloramphenicol			NO_ACCESSIONS	S	S			NOT_EVALUATED	=	8	=	8			NOT_EVALUATED
360	28704546	B26A_160215	rifampin	rifampin			NO_ACCESSIONS	S	S			NOT_EVALUATED	<=	0.03	<=	0.03			NOT_EVALUATED
361	28704546	B26A_160215	trimethoprim/sulfamethoxazole	trimethoprim/sulfamethoxazole			NO_ACCESSIONS	S	S			NOT_EVALUATED	<=	10	<=	10			NOT_EVALUATED
362	28704546	B26B_160215	penicillin	penicillin			NO_ACCESSIONS	R	R			NOT_EVALUATED	>=	0.5	>=	0.5			NOT_EVALUATED
363	28704546	B26B_160215	oxacillin	oxacillin			NO_ACCESSIONS	S	S			NOT_EVALUATED	=	0.5	=	0.5			NOT_EVALUATED
364	28704546	B26B_160215	gentamicin	gentamicin			NO_ACCESSIONS	S	S			NOT_EVALUATED	<=	0.5	<=	0.5			NOT_EVALUATED
365	28704546	B26B_160215	kanamycin	kanamycin			NO_ACCESSIONS	S	S			NOT_EVALUATED	<=	4	<=	4			NOT_EVALUATED
366	28704546	B26B_160215	tobramycin	tobramycin			NO_ACCESSIONS	S	S			NOT_EVALUATED	<=	1	<=	1			NOT_EVALUATED
367	28704546	B26B_160215	ciprofloxacin	ciprofloxacin			NO_ACCESSIONS	S	S			NOT_EVALUATED	<=	0.5	<=	0.5			NOT_EVALUATED
368	28704546	B26B_160215	erythromycin	erythromycin			NO_ACCESSIONS	S	S			NOT_EVALUATED	=	0.5	=	0.5			NOT_EVALUATED
369	28704546	B26B_160215	clindamycin	clindamycin			NO_ACCESSIONS	S	S			NOT_EVALUATED	=	0.25	=	0.25			NOT_EVALUATED
370	28704546	B26B_160215	linezolid	linezolid			NO_ACCESSIONS	S	S			NOT_EVALUATED	=	2	=	2			NOT_EVALUATED
371	28704546	B26B_160215	teicoplanin	teicoplanin			NO_ACCESSIONS	S	S			NOT_EVALUATED	<=	0.5	<=	0.5			NOT_EVALUATED
372	28704546	B26B_160215	vancomycin	vancomycin			NO_ACCESSIONS	S	S			NOT_EVALUATED	<=	0.5	<=	0.5			NOT_EVALUATED
373	28704546	B26B_160215	tetracycline	tetracycline			NO_ACCESSIONS	R	R			NOT_EVALUATED	>=	16	>=	16			NOT_EVALUATED
374	28704546	B26B_160215	fosfomycin	fosfomycin			NO_ACCESSIONS	S	S			NOT_EVALUATED	<=	8	<=	8			NOT_EVALUATED
375	28704546	B26B_160215	fusidic acid	fusidic acid			NO_ACCESSIONS	S	S			NOT_EVALUATED	<=	0.5	<=	0.5			NOT_EVALUATED
376	28704546	B26B_160215	mupirocin	mupirocin			NO_ACCESSIONS	S	S			NOT_EVALUATED	<=	2	<=	2			NOT_EVALUATED
377	28704546	B26B_160215	chloramphenicol	chloramphenicol			NO_ACCESSIONS	R	R			NOT_EVALUATED	>=	64	>=	64			NOT_EVALUATED
378	28704546	B26B_160215	rifampin	rifampin			NO_ACCESSIONS	S	S			NOT_EVALUATED	<=	0.03	<=	0.03			NOT_EVALUATED
379	28704546	B26B_160215	trimethoprim/sulfamethoxazole	trimethoprim/sulfamethoxazole			NO_ACCESSIONS	S	S			NOT_EVALUATED	<=	10	<=	10			NOT_EVALUATED
380	28704546	W27_050315	penicillin	penicillin			NO_ACCESSIONS	R	R			NOT_EVALUATED	>=	0.5	>=	0.5			NOT_EVALUATED
381	28704546	W27_050315	oxacillin	oxacillin			NO_ACCESSIONS	S	S			NOT_EVALUATED	=	0.5	=	0.5			NOT_EVALUATED
382	28704546	W27_050315	gentamicin	gentamicin			NO_ACCESSIONS	S	S			NOT_EVALUATED	<=	0.5	<=	0.5			NOT_EVALUATED
383	28704546	W27_050315	kanamycin	kanamycin			NO_ACCESSIONS	S	S			NOT_EVALUATED	<=	4	<=	4			NOT_EVALUATED
384	28704546	W27_050315	tobramycin	tobramycin			NO_ACCESSIONS	S	S			NOT_EVALUATED	<=	1	<=	1			NOT_EVALUATED
385	28704546	W27_050315	ciprofloxacin	ciprofloxacin			NO_ACCESSIONS	S	S			NOT_EVALUATED	<=	0.5	<=	0.5			NOT_EVALUATED
386	28704546	W27_050315	erythromycin	erythromycin			NO_ACCESSIONS	S	S			NOT_EVALUATED	=	1	=	1			NOT_EVALUATED
387	28704546	W27_050315	clindamycin	clindamycin			NO_ACCESSIONS	S	S			NOT_EVALUATED	=	0.25	=	0.25			NOT_EVALUATED
388	28704546	W27_050315	linezolid	linezolid			NO_ACCESSIONS	S	S			NOT_EVALUATED	=	2	=	2			NOT_EVALUATED
389	28704546	W27_050315	teicoplanin	teicoplanin			NO_ACCESSIONS	S	S			NOT_EVALUATED	<=	0.5	<=	0.5			NOT_EVALUATED
390	28704546	W27_050315	vancomycin	vancomycin			NO_ACCESSIONS	S	S			NOT_EVALUATED	<=	0.5	<=	0.5			NOT_EVALUATED
391	28704546	W27_050315	tetracycline	tetracycline			NO_ACCESSIONS	S	S			NOT_EVALUATED	<=	1	<=	1			NOT_EVALUATED
392	28704546	W27_050315	fosfomycin	fosfomycin			NO_ACCESSIONS	S	S			NOT_EVALUATED	<=	8	<=	8			NOT_EVALUATED
393	28704546	W27_050315	fusidic acid	fusidic acid			NO_ACCESSIONS	S	S			NOT_EVALUATED	<=	0.5	<=	0.5			NOT_EVALUATED
394	28704546	W27_050315	mupirocin	mupirocin			NO_ACCESSIONS	S	S			NOT_EVALUATED	<=	2	<=	2			NOT_EVALUATED
395	28704546	W27_050315	chloramphenicol	chloramphenicol			NO_ACCESSIONS	S	S			NOT_EVALUATED	<=	4	<=	4			NOT_EVALUATED
396	28704546	W27_050315	rifampin	rifampin			NO_ACCESSIONS	S	S			NOT_EVALUATED	<=	0.03	<=	0.03			NOT_EVALUATED
397	28704546	W27_050315	trimethoprim/sulfamethoxazole	trimethoprim/sulfamethoxazole			NO_ACCESSIONS	R	R			NOT_EVALUATED	>=	320	>=	320			NOT_EVALUATED
398	28704546	B28_120215	penicillin	penicillin			NO_ACCESSIONS	R	R			NOT_EVALUATED	>=	0.5	>=	0.5			NOT_EVALUATED
399	28704546	B28_120215	oxacillin	oxacillin			NO_ACCESSIONS	S	S			NOT_EVALUATED	=	0.5	=	0.5			NOT_EVALUATED
400	28704546	B28_120215	gentamicin	gentamicin			NO_ACCESSIONS	S	S			NOT_EVALUATED	<=	0.5	<=	0.5			NOT_EVALUATED
401	28704546	B28_120215	kanamycin	kanamycin			NO_ACCESSIONS	S	S			NOT_EVALUATED	<=	4	<=	4			NOT_EVALUATED
402	28704546	B28_120215	tobramycin	tobramycin			NO_ACCESSIONS	S	S			NOT_EVALUATED	<=	1	<=	1			NOT_EVALUATED
403	28704546	B28_120215	ciprofloxacin	ciprofloxacin			NO_ACCESSIONS	S	S			NOT_EVALUATED	<=	0.5	<=	0.5			NOT_EVALUATED
404	28704546	B28_120215	erythromycin	erythromycin			NO_ACCESSIONS	S	S			NOT_EVALUATED	=	1	=	1			NOT_EVALUATED
405	28704546	B28_120215	clindamycin	clindamycin			NO_ACCESSIONS	S	S			NOT_EVALUATED	=	0.25	=	0.25			NOT_EVALUATED
406	28704546	B28_120215	linezolid	linezolid			NO_ACCESSIONS	S	S			NOT_EVALUATED	=	2	=	2			NOT_EVALUATED
407	28704546	B28_120215	teicoplanin	teicoplanin			NO_ACCESSIONS	S	S			NOT_EVALUATED	<=	0.5	<=	0.5			NOT_EVALUATED
408	28704546	B28_120215	vancomycin	vancomycin			NO_ACCESSIONS	S	S			NOT_EVALUATED	<=	0.5	<=	0.5			NOT_EVALUATED
409	28704546	B28_120215	tetracycline	tetracycline			NO_ACCESSIONS	S	S			NOT_EVALUATED	<=	1	<=	1			NOT_EVALUATED
410	28704546	B28_120215	fosfomycin	fosfomycin			NO_ACCESSIONS	S	S			NOT_EVALUATED	<=	8	<=	8			NOT_EVALUATED
411	28704546	B28_120215	fusidic acid	fusidic acid			NO_ACCESSIONS	S	S			NOT_EVALUATED	<=	0.5	<=	0.5			NOT_EVALUATED
412	28704546	B28_120215	mupirocin	mupirocin			NO_ACCESSIONS	S	S			NOT_EVALUATED	<=	2	<=	2			NOT_EVALUATED
413	28704546	B28_120215	chloramphenicol	chloramphenicol			NO_ACCESSIONS	S	S			NOT_EVALUATED	=	8	=	8			NOT_EVALUATED
414	28704546	B28_120215	rifampin	rifampin			NO_ACCESSIONS	S	S			NOT_EVALUATED	<=	0.03	<=	0.03			NOT_EVALUATED
415	28704546	B28_120215	trimethoprim/sulfamethoxazole	trimethoprim/sulfamethoxazole			NO_ACCESSIONS	S	S			NOT_EVALUATED	<=	10	<=	10			NOT_EVALUATED
416	28704546	N31_250215	penicillin	penicillin			NO_ACCESSIONS	R	R			NOT_EVALUATED	>=	0.5	>=	0.5			NOT_EVALUATED
417	28704546	N31_250215	oxacillin	oxacillin			NO_ACCESSIONS	S	S			NOT_EVALUATED	=	0.5	=	0.5			NOT_EVALUATED
418	28704546	N31_250215	gentamicin	gentamicin			NO_ACCESSIONS	S	S			NOT_EVALUATED	<=	0.5	<=	0.5			NOT_EVALUATED
419	28704546	N31_250215	kanamycin	kanamycin			NO_ACCESSIONS	S	S			NOT_EVALUATED	<=	4	<=	4			NOT_EVALUATED
420	28704546	N31_250215	tobramycin	tobramycin			NO_ACCESSIONS	S	S			NOT_EVALUATED	<=	1	<=	1			NOT_EVALUATED
421	28704546	N31_250215	ciprofloxacin	ciprofloxacin			NO_ACCESSIONS	S	S			NOT_EVALUATED	<=	0.5	<=	0.5			NOT_EVALUATED
422	28704546	N31_250215	erythromycin	erythromycin			NO_ACCESSIONS	S	S			NOT_EVALUATED	=	1	=	1			NOT_EVALUATED
423	28704546	N31_250215	clindamycin	clindamycin			NO_ACCESSIONS	S	S			NOT_EVALUATED	=	0.25	=	0.25			NOT_EVALUATED
424	28704546	N31_250215	linezolid	linezolid			NO_ACCESSIONS	S	S			NOT_EVALUATED	=	2	=	2			NOT_EVALUATED
425	28704546	N31_250215	teicoplanin	teicoplanin			NO_ACCESSIONS	S	S			NOT_EVALUATED	<=	0.5	<=	0.5			NOT_EVALUATED
426	28704546	N31_250215	vancomycin	vancomycin			NO_ACCESSIONS	S	S			NOT_EVALUATED	<=	0.5	<=	0.5			NOT_EVALUATED
427	28704546	N31_250215	tetracycline	tetracycline			NO_ACCESSIONS	R	R			NOT_EVALUATED	>=	16	>=	16			NOT_EVALUATED
428	28704546	N31_250215	fosfomycin	fosfomycin			NO_ACCESSIONS	S	S			NOT_EVALUATED	<=	8	<=	8			NOT_EVALUATED
429	28704546	N31_250215	fusidic acid	fusidic acid			NO_ACCESSIONS	S	S			NOT_EVALUATED	<=	0.5	<=	0.5			NOT_EVALUATED
430	28704546	N31_250215	mupirocin	mupirocin			NO_ACCESSIONS	S	S			NOT_EVALUATED	<=	2	<=	2			NOT_EVALUATED
431	28704546	N31_250215	chloramphenicol	chloramphenicol			NO_ACCESSIONS	S	S			NOT_EVALUATED	=	8	=	8			NOT_EVALUATED
432	28704546	N31_250215	rifampin	rifampin			NO_ACCESSIONS	S	S			NOT_EVALUATED	<=	0.03	<=	0.03			NOT_EVALUATED
433	28704546	N31_250215	trimethoprim/sulfamethoxazole	trimethoprim/sulfamethoxazole			NO_ACCESSIONS	R	R			NOT_EVALUATED	>=	320	>=	320			NOT_EVALUATED
434	28704546	W31_250215	penicillin	penicillin			NO_ACCESSIONS	R	R			NOT_EVALUATED	>=	0.5	>=	0.5			NOT_EVALUATED
435	28704546	W31_250215	oxacillin	oxacillin			NO_ACCESSIONS	S	S			NOT_EVALUATED	<=	0.25	<=	0.25			NOT_EVALUATED
436	28704546	W31_250215	gentamicin	gentamicin			NO_ACCESSIONS	S	S			NOT_EVALUATED	<=	0.5	<=	0.5			NOT_EVALUATED
437	28704546	W31_250215	kanamycin	kanamycin			NO_ACCESSIONS	S	S			NOT_EVALUATED	<=	4	<=	4			NOT_EVALUATED
438	28704546	W31_250215	tobramycin	tobramycin			NO_ACCESSIONS	S	S			NOT_EVALUATED	<=	1	<=	1			NOT_EVALUATED
439	28704546	W31_250215	ciprofloxacin	ciprofloxacin			NO_ACCESSIONS	S	S			NOT_EVALUATED	<=	0.5	<=	0.5			NOT_EVALUATED
440	28704546	W31_250215	erythromycin	erythromycin			NO_ACCESSIONS	S	S			NOT_EVALUATED	=	1	=	1			NOT_EVALUATED
441	28704546	W31_250215	clindamycin	clindamycin			NO_ACCESSIONS	S	S			NOT_EVALUATED	=	0.25	=	0.25			NOT_EVALUATED
442	28704546	W31_250215	linezolid	linezolid			NO_ACCESSIONS	S	S			NOT_EVALUATED	=	1	=	1			NOT_EVALUATED
443	28704546	W31_250215	teicoplanin	teicoplanin			NO_ACCESSIONS	S	S			NOT_EVALUATED	<=	0.5	<=	0.5			NOT_EVALUATED
444	28704546	W31_250215	vancomycin	vancomycin			NO_ACCESSIONS	S	S			NOT_EVALUATED	<=	0.5	<=	0.5			NOT_EVALUATED
445	28704546	W31_250215	tetracycline	tetracycline			NO_ACCESSIONS	R	R			NOT_EVALUATED	>=	16	>=	16			NOT_EVALUATED
446	28704546	W31_250215	fosfomycin	fosfomycin			NO_ACCESSIONS	S	S			NOT_EVALUATED	<=	8	<=	8			NOT_EVALUATED
447	28704546	W31_250215	fusidic acid	fusidic acid			NO_ACCESSIONS	S	S			NOT_EVALUATED	<=	0.5	<=	0.5			NOT_EVALUATED
448	28704546	W31_250215	mupirocin	mupirocin			NO_ACCESSIONS	S	S			NOT_EVALUATED	<=	2	<=	2			NOT_EVALUATED
449	28704546	W31_250215	chloramphenicol	chloramphenicol			NO_ACCESSIONS	R	R			NOT_EVALUATED	>=	64	>=	64			NOT_EVALUATED
450	28704546	W31_250215	rifampin	rifampin			NO_ACCESSIONS	R	R			NOT_EVALUATED	>=	4	>=	4			NOT_EVALUATED
451	28704546	W31_250215	trimethoprim/sulfamethoxazole	trimethoprim/sulfamethoxazole			NO_ACCESSIONS	R	R			NOT_EVALUATED	=	160	=	160			NOT_EVALUATED
452	28704546	N32_250215	penicillin	penicillin			NO_ACCESSIONS	R	R			NOT_EVALUATED	>=	0.5	>=	0.5			NOT_EVALUATED
453	28704546	N32_250215	oxacillin	oxacillin			NO_ACCESSIONS	S	S			NOT_EVALUATED	=	0.5	=	0.5			NOT_EVALUATED
454	28704546	N32_250215	gentamicin	gentamicin			NO_ACCESSIONS	S	S			NOT_EVALUATED	<=	0.5	<=	0.5			NOT_EVALUATED
455	28704546	N32_250215	kanamycin	kanamycin			NO_ACCESSIONS	S	S			NOT_EVALUATED	<=	4	<=	4			NOT_EVALUATED
456	28704546	N32_250215	tobramycin	tobramycin			NO_ACCESSIONS	S	S			NOT_EVALUATED	<=	1	<=	1			NOT_EVALUATED
457	28704546	N32_250215	ciprofloxacin	ciprofloxacin			NO_ACCESSIONS	S	S			NOT_EVALUATED	<=	0.5	<=	0.5			NOT_EVALUATED
458	28704546	N32_250215	erythromycin	erythromycin			NO_ACCESSIONS	S	S			NOT_EVALUATED	=	1	=	1			NOT_EVALUATED
459	28704546	N32_250215	clindamycin	clindamycin			NO_ACCESSIONS	S	S			NOT_EVALUATED	=	0.25	=	0.25			NOT_EVALUATED
460	28704546	N32_250215	linezolid	linezolid			NO_ACCESSIONS	S	S			NOT_EVALUATED	=	2	=	2			NOT_EVALUATED
461	28704546	N32_250215	teicoplanin	teicoplanin			NO_ACCESSIONS	S	S			NOT_EVALUATED	<=	0.5	<=	0.5			NOT_EVALUATED
462	28704546	N32_250215	vancomycin	vancomycin			NO_ACCESSIONS	S	S			NOT_EVALUATED	=	1	=	1			NOT_EVALUATED
463	28704546	N32_250215	tetracycline	tetracycline			NO_ACCESSIONS	S	S			NOT_EVALUATED	<=	1	<=	1			NOT_EVALUATED
464	28704546	N32_250215	fosfomycin	fosfomycin			NO_ACCESSIONS	S	S			NOT_EVALUATED	<=	8	<=	8			NOT_EVALUATED
465	28704546	N32_250215	fusidic acid	fusidic acid			NO_ACCESSIONS	S	S			NOT_EVALUATED	<=	0.5	<=	0.5			NOT_EVALUATED
466	28704546	N32_250215	mupirocin	mupirocin			NO_ACCESSIONS	S	S			NOT_EVALUATED	<=	2	<=	2			NOT_EVALUATED
467	28704546	N32_250215	chloramphenicol	chloramphenicol			NO_ACCESSIONS	S	S			NOT_EVALUATED	=	8	=	8			NOT_EVALUATED
468	28704546	N32_250215	rifampin	rifampin			NO_ACCESSIONS	S	S			NOT_EVALUATED	<=	0.03	<=	0.03			NOT_EVALUATED
469	28704546	N32_250215	trimethoprim/sulfamethoxazole	trimethoprim/sulfamethoxazole			NO_ACCESSIONS	R	R			NOT_EVALUATED	>=	320	>=	320			NOT_EVALUATED
470	28704546	N34_260215	penicillin	penicillin			NO_ACCESSIONS	R	R			NOT_EVALUATED	>=	0.5	>=	0.5			NOT_EVALUATED
471	28704546	N34_260215	oxacillin	oxacillin			NO_ACCESSIONS	S	S			NOT_EVALUATED	=	0.5	=	0.5			NOT_EVALUATED
472	28704546	N34_260215	gentamicin	gentamicin			NO_ACCESSIONS	S	S			NOT_EVALUATED	<=	0.5	<=	0.5			NOT_EVALUATED
473	28704546	N34_260215	kanamycin	kanamycin			NO_ACCESSIONS	S	S			NOT_EVALUATED	<=	4	<=	4			NOT_EVALUATED
474	28704546	N34_260215	tobramycin	tobramycin			NO_ACCESSIONS	S	S			NOT_EVALUATED	<=	1	<=	1			NOT_EVALUATED
475	28704546	N34_260215	ciprofloxacin	ciprofloxacin			NO_ACCESSIONS	S	S			NOT_EVALUATED	<=	0.5	<=	0.5			NOT_EVALUATED
476	28704546	N34_260215	erythromycin	erythromycin			NO_ACCESSIONS	S	S			NOT_EVALUATED	=	1	=	1			NOT_EVALUATED
477	28704546	N34_260215	clindamycin	clindamycin			NO_ACCESSIONS	S	S			NOT_EVALUATED	=	0.25	=	0.25			NOT_EVALUATED
478	28704546	N34_260215	linezolid	linezolid			NO_ACCESSIONS	S	S			NOT_EVALUATED	=	2	=	2			NOT_EVALUATED
479	28704546	N34_260215	teicoplanin	teicoplanin			NO_ACCESSIONS	S	S			NOT_EVALUATED	<=	0.5	<=	0.5			NOT_EVALUATED
480	28704546	N34_260215	vancomycin	vancomycin			NO_ACCESSIONS	S	S			NOT_EVALUATED	<=	0.5	<=	0.5			NOT_EVALUATED
481	28704546	N34_260215	tetracycline	tetracycline			NO_ACCESSIONS	R	R			NOT_EVALUATED	>=	16	>=	16			NOT_EVALUATED
482	28704546	N34_260215	fosfomycin	fosfomycin			NO_ACCESSIONS	S	S			NOT_EVALUATED	<=	8	<=	8			NOT_EVALUATED
483	28704546	N34_260215	fusidic acid	fusidic acid			NO_ACCESSIONS	S	S			NOT_EVALUATED	<=	0.5	<=	0.5			NOT_EVALUATED
484	28704546	N34_260215	mupirocin	mupirocin			NO_ACCESSIONS	S	S			NOT_EVALUATED	<=	2	<=	2			NOT_EVALUATED
485	28704546	N34_260215	chloramphenicol	chloramphenicol			NO_ACCESSIONS	R	R			NOT_EVALUATED	>=	64	>=	64			NOT_EVALUATED
486	28704546	N34_260215	rifampin	rifampin			NO_ACCESSIONS	S	S			NOT_EVALUATED	<=	0.03	<=	0.03			NOT_EVALUATED
487	28704546	N34_260215	trimethoprim/sulfamethoxazole	trimethoprim/sulfamethoxazole			NO_ACCESSIONS	R	R			NOT_EVALUATED	>=	320	>=	320			NOT_EVALUATED
488	28704546	N35_200515	penicillin	penicillin			NO_ACCESSIONS	R	R			NOT_EVALUATED	>=	0.5	>=	0.5			NOT_EVALUATED
489	28704546	N35_200515	oxacillin	oxacillin			NO_ACCESSIONS	R	R			NOT_EVALUATED	>=	4	>=	4			NOT_EVALUATED
490	28704546	N35_200515	gentamicin	gentamicin			NO_ACCESSIONS	R	R			NOT_EVALUATED	>=	16	>=	16			NOT_EVALUATED
491	28704546	N35_200515	kanamycin	kanamycin			NO_ACCESSIONS	R	R			NOT_EVALUATED	>=	64	>=	64			NOT_EVALUATED
492	28704546	N35_200515	tobramycin	tobramycin			NO_ACCESSIONS	R	R			NOT_EVALUATED	>=	16	>=	16			NOT_EVALUATED
493	28704546	N35_200515	ciprofloxacin	ciprofloxacin			NO_ACCESSIONS	R	R			NOT_EVALUATED	>=	8	>=	8			NOT_EVALUATED
494	28704546	N35_200515	erythromycin	erythromycin			NO_ACCESSIONS	S	S			NOT_EVALUATED	=	1	=	1			NOT_EVALUATED
495	28704546	N35_200515	clindamycin	clindamycin			NO_ACCESSIONS	S	S			NOT_EVALUATED	=	0.25	=	0.25			NOT_EVALUATED
496	28704546	N35_200515	linezolid	linezolid			NO_ACCESSIONS	S	S			NOT_EVALUATED	=	2	=	2			NOT_EVALUATED
497	28704546	N35_200515	teicoplanin	teicoplanin			NO_ACCESSIONS	S	S			NOT_EVALUATED	<=	0.5	<=	0.5			NOT_EVALUATED
498	28704546	N35_200515	vancomycin	vancomycin			NO_ACCESSIONS	S	S			NOT_EVALUATED	<=	0.5	<=	0.5			NOT_EVALUATED
499	28704546	N35_200515	tetracycline	tetracycline			NO_ACCESSIONS	R	R			NOT_EVALUATED	>=	16	>=	16			NOT_EVALUATED
500	28704546	N35_200515	fosfomycin	fosfomycin			NO_ACCESSIONS	S	S			NOT_EVALUATED	<=	8	<=	8			NOT_EVALUATED
501	28704546	N35_200515	fusidic acid	fusidic acid			NO_ACCESSIONS	S	S			NOT_EVALUATED	<=	0.5	<=	0.5			NOT_EVALUATED
502	28704546	N35_200515	mupirocin	mupirocin			NO_ACCESSIONS	S	S			NOT_EVALUATED	<=	2	<=	2			NOT_EVALUATED
503	28704546	N35_200515	chloramphenicol	chloramphenicol			NO_ACCESSIONS	R	R			NOT_EVALUATED	>=	64	>=	64			NOT_EVALUATED
504	28704546	N35_200515	rifampin	rifampin			NO_ACCESSIONS	S	S			NOT_EVALUATED	<=	0.03	<=	0.03			NOT_EVALUATED
505	28704546	N35_200515	trimethoprim/sulfamethoxazole	trimethoprim/sulfamethoxazole			NO_ACCESSIONS	S	S			NOT_EVALUATED	<=	10	<=	10			NOT_EVALUATED
506	28704546	N35_260215	penicillin	penicillin			NO_ACCESSIONS	R	R			NOT_EVALUATED	>=	0.5	>=	0.5			NOT_EVALUATED
507	28704546	N35_260215	oxacillin	oxacillin			NO_ACCESSIONS	S	S			NOT_EVALUATED	=	0.5	=	0.5			NOT_EVALUATED
508	28704546	N35_260215	gentamicin	gentamicin			NO_ACCESSIONS	S	S			NOT_EVALUATED	<=	0.5	<=	0.5			NOT_EVALUATED
509	28704546	N35_260215	kanamycin	kanamycin			NO_ACCESSIONS	S	S			NOT_EVALUATED	<=	4	<=	4			NOT_EVALUATED
510	28704546	N35_260215	tobramycin	tobramycin			NO_ACCESSIONS	S	S			NOT_EVALUATED	<=	1	<=	1			NOT_EVALUATED
511	28704546	N35_260215	ciprofloxacin	ciprofloxacin			NO_ACCESSIONS	S	S			NOT_EVALUATED	<=	0.5	<=	0.5			NOT_EVALUATED
512	28704546	N35_260215	erythromycin	erythromycin			NO_ACCESSIONS	S	S			NOT_EVALUATED	=	1	=	1			NOT_EVALUATED
513	28704546	N35_260215	clindamycin	clindamycin			NO_ACCESSIONS	S	S			NOT_EVALUATED	=	0.25	=	0.25			NOT_EVALUATED
514	28704546	N35_260215	linezolid	linezolid			NO_ACCESSIONS	S	S			NOT_EVALUATED	=	2	=	2			NOT_EVALUATED
515	28704546	N35_260215	teicoplanin	teicoplanin			NO_ACCESSIONS	S	S			NOT_EVALUATED	<=	0.5	<=	0.5			NOT_EVALUATED
516	28704546	N35_260215	vancomycin	vancomycin			NO_ACCESSIONS	S	S			NOT_EVALUATED	<=	0.5	<=	0.5			NOT_EVALUATED
517	28704546	N35_260215	tetracycline	tetracycline			NO_ACCESSIONS	S	S			NOT_EVALUATED	<=	1	<=	1			NOT_EVALUATED
518	28704546	N35_260215	fosfomycin	fosfomycin			NO_ACCESSIONS	S	S			NOT_EVALUATED	<=	8	<=	8			NOT_EVALUATED
519	28704546	N35_260215	fusidic acid	fusidic acid			NO_ACCESSIONS	S	S			NOT_EVALUATED	<=	0.5	<=	0.5			NOT_EVALUATED
520	28704546	N35_260215	mupirocin	mupirocin			NO_ACCESSIONS	S	S			NOT_EVALUATED	<=	2	<=	2			NOT_EVALUATED
521	28704546	N35_260215	chloramphenicol	chloramphenicol			NO_ACCESSIONS	S	S			NOT_EVALUATED	=	8	=	8			NOT_EVALUATED
522	28704546	N35_260215	rifampin	rifampin			NO_ACCESSIONS	S	S			NOT_EVALUATED	<=	0.03	<=	0.03			NOT_EVALUATED
523	28704546	N35_260215	trimethoprim/sulfamethoxazole	trimethoprim/sulfamethoxazole			NO_ACCESSIONS	S	S			NOT_EVALUATED	<=	10	<=	10			NOT_EVALUATED
524	28704546	W35_120315	penicillin	penicillin			NO_ACCESSIONS	R	R			NOT_EVALUATED	>=	0.5	>=	0.5			NOT_EVALUATED
525	28704546	W35_120315	oxacillin	oxacillin			NO_ACCESSIONS	S	S			NOT_EVALUATED	=	1	=	1			NOT_EVALUATED
526	28704546	W35_120315	gentamicin	gentamicin			NO_ACCESSIONS	S	S			NOT_EVALUATED	<=	0.5	<=	0.5			NOT_EVALUATED
527	28704546	W35_120315	kanamycin	kanamycin			NO_ACCESSIONS	S	S			NOT_EVALUATED	<=	4	<=	4			NOT_EVALUATED
528	28704546	W35_120315	tobramycin	tobramycin			NO_ACCESSIONS	S	S			NOT_EVALUATED	<=	1	<=	1			NOT_EVALUATED
529	28704546	W35_120315	ciprofloxacin	ciprofloxacin			NO_ACCESSIONS	S	S			NOT_EVALUATED	<=	0.5	<=	0.5			NOT_EVALUATED
530	28704546	W35_120315	erythromycin	erythromycin			NO_ACCESSIONS	S	S			NOT_EVALUATED	=	1	=	1			NOT_EVALUATED
531	28704546	W35_120315	clindamycin	clindamycin			NO_ACCESSIONS	S	S			NOT_EVALUATED	=	0.25	=	0.25			NOT_EVALUATED
532	28704546	W35_120315	linezolid	linezolid			NO_ACCESSIONS	S	S			NOT_EVALUATED	=	2	=	2			NOT_EVALUATED
533	28704546	W35_120315	teicoplanin	teicoplanin			NO_ACCESSIONS	S	S			NOT_EVALUATED	<=	0.5	<=	0.5			NOT_EVALUATED
534	28704546	W35_120315	vancomycin	vancomycin			NO_ACCESSIONS	S	S			NOT_EVALUATED	<=	0.5	<=	0.5			NOT_EVALUATED
535	28704546	W35_120315	tetracycline	tetracycline			NO_ACCESSIONS	R	R			NOT_EVALUATED	>=	16	>=	16			NOT_EVALUATED
536	28704546	W35_120315	fosfomycin	fosfomycin			NO_ACCESSIONS	S	S			NOT_EVALUATED	<=	8	<=	8			NOT_EVALUATED
537	28704546	W35_120315	fusidic acid	fusidic acid			NO_ACCESSIONS	S	S			NOT_EVALUATED	<=	0.5	<=	0.5			NOT_EVALUATED
538	28704546	W35_120315	mupirocin	mupirocin			NO_ACCESSIONS	S	S			NOT_EVALUATED	<=	2	<=	2			NOT_EVALUATED
539	28704546	W35_120315	chloramphenicol	chloramphenicol			NO_ACCESSIONS	S	S			NOT_EVALUATED	=	8	=	8			NOT_EVALUATED
540	28704546	W35_120315	rifampin	rifampin			NO_ACCESSIONS	S	S			NOT_EVALUATED	<=	0.03	<=	0.03			NOT_EVALUATED
541	28704546	W35_120315	trimethoprim/sulfamethoxazole	trimethoprim/sulfamethoxazole			NO_ACCESSIONS	S	S			NOT_EVALUATED	<=	10	<=	10			NOT_EVALUATED
542	28704546	W35_170415	penicillin	penicillin			NO_ACCESSIONS	R	R			NOT_EVALUATED	>=	0.5	>=	0.5			NOT_EVALUATED
543	28704546	W35_170415	oxacillin	oxacillin			NO_ACCESSIONS	R	R			NOT_EVALUATED	>=	4	>=	4			NOT_EVALUATED
544	28704546	W35_170415	gentamicin	gentamicin			NO_ACCESSIONS	R	R			NOT_EVALUATED	>=	16	>=	16			NOT_EVALUATED
545	28704546	W35_170415	kanamycin	kanamycin			NO_ACCESSIONS	R	R			NOT_EVALUATED	>=	64	>=	64			NOT_EVALUATED
546	28704546	W35_170415	tobramycin	tobramycin			NO_ACCESSIONS	R	R			NOT_EVALUATED	>=	16	>=	16			NOT_EVALUATED
547	28704546	W35_170415	ciprofloxacin	ciprofloxacin			NO_ACCESSIONS	R	R			NOT_EVALUATED	>=	8	>=	8			NOT_EVALUATED
548	28704546	W35_170415	erythromycin	erythromycin			NO_ACCESSIONS	S	S			NOT_EVALUATED	=	1	=	1			NOT_EVALUATED
549	28704546	W35_170415	clindamycin	clindamycin			NO_ACCESSIONS	S	S			NOT_EVALUATED	=	0.25	=	0.25			NOT_EVALUATED
550	28704546	W35_170415	linezolid	linezolid			NO_ACCESSIONS	S	S			NOT_EVALUATED	=	2	=	2			NOT_EVALUATED
551	28704546	W35_170415	teicoplanin	teicoplanin			NO_ACCESSIONS	S	S			NOT_EVALUATED	<=	0.5	<=	0.5			NOT_EVALUATED
552	28704546	W35_170415	vancomycin	vancomycin			NO_ACCESSIONS	S	S			NOT_EVALUATED	<=	0.5	<=	0.5			NOT_EVALUATED
553	28704546	W35_170415	tetracycline	tetracycline			NO_ACCESSIONS	R	R			NOT_EVALUATED	>=	16	>=	16			NOT_EVALUATED
554	28704546	W35_170415	fosfomycin	fosfomycin			NO_ACCESSIONS	S	S			NOT_EVALUATED	<=	8	<=	8			NOT_EVALUATED
555	28704546	W35_170415	fusidic acid	fusidic acid			NO_ACCESSIONS	S	S			NOT_EVALUATED	<=	0.5	<=	0.5			NOT_EVALUATED
556	28704546	W35_170415	mupirocin	mupirocin			NO_ACCESSIONS	S	S			NOT_EVALUATED	<=	2	<=	2			NOT_EVALUATED
557	28704546	W35_170415	chloramphenicol	chloramphenicol			NO_ACCESSIONS	R	R			NOT_EVALUATED	>=	64	>=	64			NOT_EVALUATED
558	28704546	W35_170415	rifampin	rifampin			NO_ACCESSIONS	S	S			NOT_EVALUATED	<=	0.03	<=	0.03			NOT_EVALUATED
559	28704546	W35_170415	trimethoprim/sulfamethoxazole	trimethoprim/sulfamethoxazole			NO_ACCESSIONS	S	S			NOT_EVALUATED	<=	10	<=	10			NOT_EVALUATED
560	28704546	W35_200515	penicillin	penicillin			NO_ACCESSIONS	R	R			NOT_EVALUATED	>=	0.5	>=	0.5			NOT_EVALUATED
561	28704546	W35_200515	oxacillin	oxacillin			NO_ACCESSIONS	R	R			NOT_EVALUATED	>=	4	>=	4			NOT_EVALUATED
562	28704546	W35_200515	gentamicin	gentamicin			NO_ACCESSIONS	R	R			NOT_EVALUATED	>=	16	>=	16			NOT_EVALUATED
563	28704546	W35_200515	kanamycin	kanamycin			NO_ACCESSIONS	R	R			NOT_EVALUATED	>=	64	>=	64			NOT_EVALUATED
564	28704546	W35_200515	tobramycin	tobramycin			NO_ACCESSIONS	R	R			NOT_EVALUATED	>=	16	>=	16			NOT_EVALUATED
565	28704546	W35_200515	ciprofloxacin	ciprofloxacin			NO_ACCESSIONS	R	R			NOT_EVALUATED	>=	8	>=	8			NOT_EVALUATED
566	28704546	W35_200515	erythromycin	erythromycin			NO_ACCESSIONS	S	S			NOT_EVALUATED	=	1	=	1			NOT_EVALUATED
567	28704546	W35_200515	clindamycin	clindamycin			NO_ACCESSIONS	S	S			NOT_EVALUATED	=	0.25	=	0.25			NOT_EVALUATED
568	28704546	W35_200515	linezolid	linezolid			NO_ACCESSIONS	S	S			NOT_EVALUATED	=	2	=	2			NOT_EVALUATED
569	28704546	W35_200515	teicoplanin	teicoplanin			NO_ACCESSIONS	S	S			NOT_EVALUATED	<=	0.5	<=	0.5			NOT_EVALUATED
570	28704546	W35_200515	vancomycin	vancomycin			NO_ACCESSIONS	S	S			NOT_EVALUATED	<=	0.5	<=	0.5			NOT_EVALUATED
571	28704546	W35_200515	tetracycline	tetracycline			NO_ACCESSIONS	R	R			NOT_EVALUATED	>=	16	>=	16			NOT_EVALUATED
572	28704546	W35_200515	fosfomycin	fosfomycin			NO_ACCESSIONS	S	S			NOT_EVALUATED	<=	8	<=	8			NOT_EVALUATED
573	28704546	W35_200515	fusidic acid	fusidic acid			NO_ACCESSIONS	S	S			NOT_EVALUATED	<=	0.5	<=	0.5			NOT_EVALUATED
574	28704546	W35_200515	mupirocin	mupirocin			NO_ACCESSIONS	S	S			NOT_EVALUATED	<=	2	<=	2			NOT_EVALUATED
575	28704546	W35_200515	chloramphenicol	chloramphenicol			NO_ACCESSIONS	R	R			NOT_EVALUATED	>=	64	>=	64			NOT_EVALUATED
576	28704546	W35_200515	rifampin	rifampin			NO_ACCESSIONS	S	S			NOT_EVALUATED	<=	0.03	<=	0.03			NOT_EVALUATED
577	28704546	W35_200515	trimethoprim/sulfamethoxazole	trimethoprim/sulfamethoxazole			NO_ACCESSIONS	S	S			NOT_EVALUATED	<=	10	<=	10			NOT_EVALUATED
578	28704546	N36_040315	penicillin	penicillin			NO_ACCESSIONS	R	R			NOT_EVALUATED	>=	0.5	>=	0.5			NOT_EVALUATED
579	28704546	N36_040315	oxacillin	oxacillin			NO_ACCESSIONS	S	S			NOT_EVALUATED	=	0.5	=	0.5			NOT_EVALUATED
580	28704546	N36_040315	gentamicin	gentamicin			NO_ACCESSIONS	S	S			NOT_EVALUATED	<=	0.5	<=	0.5			NOT_EVALUATED
581	28704546	N36_040315	kanamycin	kanamycin			NO_ACCESSIONS	S	S			NOT_EVALUATED	<=	4	<=	4			NOT_EVALUATED
582	28704546	N36_040315	tobramycin	tobramycin			NO_ACCESSIONS	S	S			NOT_EVALUATED	<=	1	<=	1			NOT_EVALUATED
583	28704546	N36_040315	ciprofloxacin	ciprofloxacin			NO_ACCESSIONS	S	S			NOT_EVALUATED	<=	0.5	<=	0.5			NOT_EVALUATED
584	28704546	N36_040315	erythromycin	erythromycin			NO_ACCESSIONS	S	S			NOT_EVALUATED	=	1	=	1			NOT_EVALUATED
585	28704546	N36_040315	clindamycin	clindamycin			NO_ACCESSIONS	S	S			NOT_EVALUATED	=	0.25	=	0.25			NOT_EVALUATED
586	28704546	N36_040315	linezolid	linezolid			NO_ACCESSIONS	S	S			NOT_EVALUATED	=	2	=	2			NOT_EVALUATED
587	28704546	N36_040315	teicoplanin	teicoplanin			NO_ACCESSIONS	S	S			NOT_EVALUATED	<=	0.5	<=	0.5			NOT_EVALUATED
588	28704546	N36_040315	vancomycin	vancomycin			NO_ACCESSIONS	S	S			NOT_EVALUATED	<=	0.5	<=	0.5			NOT_EVALUATED
589	28704546	N36_040315	tetracycline	tetracycline			NO_ACCESSIONS	R	R			NOT_EVALUATED	>=	16	>=	16			NOT_EVALUATED
590	28704546	N36_040315	fosfomycin	fosfomycin			NO_ACCESSIONS	S	S			NOT_EVALUATED	<=	8	<=	8			NOT_EVALUATED
591	28704546	N36_040315	fusidic acid	fusidic acid			NO_ACCESSIONS	S	S			NOT_EVALUATED	<=	0.5	<=	0.5			NOT_EVALUATED
592	28704546	N36_040315	mupirocin	mupirocin			NO_ACCESSIONS	S	S			NOT_EVALUATED	<=	2	<=	2			NOT_EVALUATED
593	28704546	N36_040315	chloramphenicol	chloramphenicol			NO_ACCESSIONS	S	S			NOT_EVALUATED	=	8	=	8			NOT_EVALUATED
594	28704546	N36_040315	rifampin	rifampin			NO_ACCESSIONS	S	S			NOT_EVALUATED	<=	0.03	<=	0.03			NOT_EVALUATED
595	28704546	N36_040315	trimethoprim/sulfamethoxazole	trimethoprim/sulfamethoxazole			NO_ACCESSIONS	R	R			NOT_EVALUATED	>=	320	>=	320			NOT_EVALUATED
596	28704546	N37_040315	penicillin	penicillin			NO_ACCESSIONS	R	R			NOT_EVALUATED	>=	0.5	>=	0.5			NOT_EVALUATED
597	28704546	N37_040315	oxacillin	oxacillin			NO_ACCESSIONS	S	S			NOT_EVALUATED	=	0.5	=	0.5			NOT_EVALUATED
598	28704546	N37_040315	gentamicin	gentamicin			NO_ACCESSIONS	S	S			NOT_EVALUATED	<=	0.5	<=	0.5			NOT_EVALUATED
599	28704546	N37_040315	kanamycin	kanamycin			NO_ACCESSIONS	S	S			NOT_EVALUATED	<=	4	<=	4			NOT_EVALUATED
600	28704546	N37_040315	tobramycin	tobramycin			NO_ACCESSIONS	S	S			NOT_EVALUATED	<=	1	<=	1			NOT_EVALUATED
601	28704546	N37_040315	ciprofloxacin	ciprofloxacin			NO_ACCESSIONS	S	S			NOT_EVALUATED	<=	0.5	<=	0.5			NOT_EVALUATED
602	28704546	N37_040315	erythromycin	erythromycin			NO_ACCESSIONS	S	S			NOT_EVALUATED	=	1	=	1			NOT_EVALUATED
603	28704546	N37_040315	clindamycin	clindamycin			NO_ACCESSIONS	S	S			NOT_EVALUATED	=	0.25	=	0.25			NOT_EVALUATED
604	28704546	N37_040315	linezolid	linezolid			NO_ACCESSIONS	S	S			NOT_EVALUATED	=	2	=	2			NOT_EVALUATED
605	28704546	N37_040315	teicoplanin	teicoplanin			NO_ACCESSIONS	S	S			NOT_EVALUATED	<=	0.5	<=	0.5			NOT_EVALUATED
606	28704546	N37_040315	vancomycin	vancomycin			NO_ACCESSIONS	S	S			NOT_EVALUATED	=	1	=	1			NOT_EVALUATED
607	28704546	N37_040315	tetracycline	tetracycline			NO_ACCESSIONS	R	R			NOT_EVALUATED	>=	16	>=	16			NOT_EVALUATED
608	28704546	N37_040315	fosfomycin	fosfomycin			NO_ACCESSIONS	S	S			NOT_EVALUATED	<=	8	<=	8			NOT_EVALUATED
609	28704546	N37_040315	fusidic acid	fusidic acid			NO_ACCESSIONS	S	S			NOT_EVALUATED	<=	0.5	<=	0.5			NOT_EVALUATED
610	28704546	N37_040315	mupirocin	mupirocin			NO_ACCESSIONS	S	S			NOT_EVALUATED	<=	2	<=	2			NOT_EVALUATED
611	28704546	N37_040315	chloramphenicol	chloramphenicol			NO_ACCESSIONS	R	R			NOT_EVALUATED	>=	64	>=	64			NOT_EVALUATED
612	28704546	N37_040315	rifampin	rifampin			NO_ACCESSIONS	S	S			NOT_EVALUATED	<=	0.03	<=	0.03			NOT_EVALUATED
613	28704546	N37_040315	trimethoprim/sulfamethoxazole	trimethoprim/sulfamethoxazole			NO_ACCESSIONS	R	R			NOT_EVALUATED	>=	320	>=	320			NOT_EVALUATED
614	28704546	N38_040315	penicillin	penicillin			NO_ACCESSIONS	R	R			NOT_EVALUATED	>=	0.5	>=	0.5			NOT_EVALUATED
615	28704546	N38_040315	oxacillin	oxacillin			NO_ACCESSIONS	S	S			NOT_EVALUATED	=	0.5	=	0.5			NOT_EVALUATED
616	28704546	N38_040315	gentamicin	gentamicin			NO_ACCESSIONS	S	S			NOT_EVALUATED	<=	0.5	<=	0.5			NOT_EVALUATED
617	28704546	N38_040315	kanamycin	kanamycin			NO_ACCESSIONS	S	S			NOT_EVALUATED	<=	4	<=	4			NOT_EVALUATED
618	28704546	N38_040315	tobramycin	tobramycin			NO_ACCESSIONS	S	S			NOT_EVALUATED	<=	1	<=	1			NOT_EVALUATED
619	28704546	N38_040315	ciprofloxacin	ciprofloxacin			NO_ACCESSIONS	S	S			NOT_EVALUATED	<=	0.5	<=	0.5			NOT_EVALUATED
620	28704546	N38_040315	erythromycin	erythromycin			NO_ACCESSIONS	S	S			NOT_EVALUATED	=	1	=	1			NOT_EVALUATED
621	28704546	N38_040315	clindamycin	clindamycin			NO_ACCESSIONS	S	S			NOT_EVALUATED	=	0.25	=	0.25			NOT_EVALUATED
622	28704546	N38_040315	linezolid	linezolid			NO_ACCESSIONS	S	S			NOT_EVALUATED	=	2	=	2			NOT_EVALUATED
623	28704546	N38_040315	teicoplanin	teicoplanin			NO_ACCESSIONS	S	S			NOT_EVALUATED	<=	0.5	<=	0.5			NOT_EVALUATED
624	28704546	N38_040315	vancomycin	vancomycin			NO_ACCESSIONS	S	S			NOT_EVALUATED	<=	0.5	<=	0.5			NOT_EVALUATED
625	28704546	N38_040315	tetracycline	tetracycline			NO_ACCESSIONS	S	S			NOT_EVALUATED	<=	1	<=	1			NOT_EVALUATED
626	28704546	N38_040315	fosfomycin	fosfomycin			NO_ACCESSIONS	S	S			NOT_EVALUATED	<=	8	<=	8			NOT_EVALUATED
627	28704546	N38_040315	fusidic acid	fusidic acid			NO_ACCESSIONS	S	S			NOT_EVALUATED	<=	0.5	<=	0.5			NOT_EVALUATED
628	28704546	N38_040315	mupirocin	mupirocin			NO_ACCESSIONS	S	S			NOT_EVALUATED	<=	2	<=	2			NOT_EVALUATED
629	28704546	N38_040315	chloramphenicol	chloramphenicol			NO_ACCESSIONS	S	S			NOT_EVALUATED	<=	4	<=	4			NOT_EVALUATED
630	28704546	N38_040315	rifampin	rifampin			NO_ACCESSIONS	S	S			NOT_EVALUATED	<=	0.03	<=	0.03			NOT_EVALUATED
631	28704546	N38_040315	trimethoprim/sulfamethoxazole	trimethoprim/sulfamethoxazole			NO_ACCESSIONS	R	R			NOT_EVALUATED	>=	320	>=	320			NOT_EVALUATED
632	28704546	N41_240315	penicillin	penicillin			NO_ACCESSIONS	R	R			NOT_EVALUATED	>=	0.5	>=	0.5			NOT_EVALUATED
633	28704546	N41_240315	oxacillin	oxacillin			NO_ACCESSIONS	S	S			NOT_EVALUATED	<=	0.25	<=	0.25			NOT_EVALUATED
634	28704546	N41_240315	gentamicin	gentamicin			NO_ACCESSIONS	S	S			NOT_EVALUATED	<=	0.5	<=	0.5			NOT_EVALUATED
635	28704546	N41_240315	kanamycin	kanamycin			NO_ACCESSIONS	S	S			NOT_EVALUATED	<=	4	<=	4			NOT_EVALUATED
636	28704546	N41_240315	tobramycin	tobramycin			NO_ACCESSIONS	S	S			NOT_EVALUATED	<=	1	<=	1			NOT_EVALUATED
637	28704546	N41_240315	ciprofloxacin	ciprofloxacin			NO_ACCESSIONS	S	S			NOT_EVALUATED	<=	0.5	<=	0.5			NOT_EVALUATED
638	28704546	N41_240315	erythromycin	erythromycin			NO_ACCESSIONS	S	S			NOT_EVALUATED	=	1	=	1			NOT_EVALUATED
639	28704546	N41_240315	clindamycin	clindamycin			NO_ACCESSIONS	S	S			NOT_EVALUATED	=	0.25	=	0.25			NOT_EVALUATED
640	28704546	N41_240315	linezolid	linezolid			NO_ACCESSIONS	S	S			NOT_EVALUATED	=	2	=	2			NOT_EVALUATED
641	28704546	N41_240315	teicoplanin	teicoplanin			NO_ACCESSIONS	S	S			NOT_EVALUATED	<=	0.5	<=	0.5			NOT_EVALUATED
642	28704546	N41_240315	vancomycin	vancomycin			NO_ACCESSIONS	S	S			NOT_EVALUATED	<=	0.5	<=	0.5			NOT_EVALUATED
643	28704546	N41_240315	tetracycline	tetracycline			NO_ACCESSIONS	S	S			NOT_EVALUATED	<=	1	<=	1			NOT_EVALUATED
644	28704546	N41_240315	fosfomycin	fosfomycin			NO_ACCESSIONS	S	S			NOT_EVALUATED	<=	8	<=	8			NOT_EVALUATED
645	28704546	N41_240315	fusidic acid	fusidic acid			NO_ACCESSIONS	S	S			NOT_EVALUATED	<=	0.5	<=	0.5			NOT_EVALUATED
646	28704546	N41_240315	mupirocin	mupirocin			NO_ACCESSIONS	S	S			NOT_EVALUATED	<=	2	<=	2			NOT_EVALUATED
647	28704546	N41_240315	chloramphenicol	chloramphenicol			NO_ACCESSIONS	S	S			NOT_EVALUATED	=	8	=	8			NOT_EVALUATED
648	28704546	N41_240315	rifampin	rifampin			NO_ACCESSIONS	S	S			NOT_EVALUATED	<=	0.03	<=	0.03			NOT_EVALUATED
649	28704546	N41_240315	trimethoprim/sulfamethoxazole	trimethoprim/sulfamethoxazole			NO_ACCESSIONS	R	R			NOT_EVALUATED	>=	320	>=	320			NOT_EVALUATED
650	28704546	W42_230315	penicillin	penicillin			NO_ACCESSIONS	R	R			NOT_EVALUATED	>=	0.5	>=	0.5			NOT_EVALUATED
651	28704546	W42_230315	oxacillin	oxacillin			NO_ACCESSIONS	S	S			NOT_EVALUATED	=	0.5	=	0.5			NOT_EVALUATED
652	28704546	W42_230315	gentamicin	gentamicin			NO_ACCESSIONS	S	S			NOT_EVALUATED	<=	0.5	<=	0.5			NOT_EVALUATED
653	28704546	W42_230315	kanamycin	kanamycin			NO_ACCESSIONS	S	S			NOT_EVALUATED	<=	4	<=	4			NOT_EVALUATED
654	28704546	W42_230315	tobramycin	tobramycin			NO_ACCESSIONS	S	S			NOT_EVALUATED	<=	1	<=	1			NOT_EVALUATED
655	28704546	W42_230315	ciprofloxacin	ciprofloxacin			NO_ACCESSIONS	S	S			NOT_EVALUATED	<=	0.5	<=	0.5			NOT_EVALUATED
656	28704546	W42_230315	erythromycin	erythromycin			NO_ACCESSIONS	S	S			NOT_EVALUATED	=	1	=	1			NOT_EVALUATED
657	28704546	W42_230315	clindamycin	clindamycin			NO_ACCESSIONS	S	S			NOT_EVALUATED	=	0.25	=	0.25			NOT_EVALUATED
658	28704546	W42_230315	linezolid	linezolid			NO_ACCESSIONS	S	S			NOT_EVALUATED	=	2	=	2			NOT_EVALUATED
659	28704546	W42_230315	teicoplanin	teicoplanin			NO_ACCESSIONS	S	S			NOT_EVALUATED	<=	0.5	<=	0.5			NOT_EVALUATED
660	28704546	W42_230315	vancomycin	vancomycin			NO_ACCESSIONS	S	S			NOT_EVALUATED	<=	0.5	<=	0.5			NOT_EVALUATED
661	28704546	W42_230315	tetracycline	tetracycline			NO_ACCESSIONS	R	R			NOT_EVALUATED	>=	16	>=	16			NOT_EVALUATED
662	28704546	W42_230315	fosfomycin	fosfomycin			NO_ACCESSIONS	S	S			NOT_EVALUATED	<=	8	<=	8			NOT_EVALUATED
663	28704546	W42_230315	fusidic acid	fusidic acid			NO_ACCESSIONS	S	S			NOT_EVALUATED	<=	0.5	<=	0.5			NOT_EVALUATED
664	28704546	W42_230315	mupirocin	mupirocin			NO_ACCESSIONS	S	S			NOT_EVALUATED	<=	2	<=	2			NOT_EVALUATED
665	28704546	W42_230315	chloramphenicol	chloramphenicol			NO_ACCESSIONS	S	S			NOT_EVALUATED	=	8	=	8			NOT_EVALUATED
666	28704546	W42_230315	rifampin	rifampin			NO_ACCESSIONS	S	S			NOT_EVALUATED	<=	0.03	<=	0.03			NOT_EVALUATED
667	28704546	W42_230315	trimethoprim/sulfamethoxazole	trimethoprim/sulfamethoxazole			NO_ACCESSIONS	S	S			NOT_EVALUATED	<=	10	<=	10			NOT_EVALUATED
668	28704546	W43_010415	penicillin	penicillin			NO_ACCESSIONS	R	R			NOT_EVALUATED	>=	0.5	>=	0.5			NOT_EVALUATED
669	28704546	W43_010415	oxacillin	oxacillin			NO_ACCESSIONS	R	R			NOT_EVALUATED	>=	4	>=	4			NOT_EVALUATED
670	28704546	W43_010415	gentamicin	gentamicin			NO_ACCESSIONS	R	R			NOT_EVALUATED	>=	16	>=	16			NOT_EVALUATED
671	28704546	W43_010415	kanamycin	kanamycin			NO_ACCESSIONS	R	R			NOT_EVALUATED	>=	64	>=	64			NOT_EVALUATED
672	28704546	W43_010415	tobramycin	tobramycin			NO_ACCESSIONS	R	R			NOT_EVALUATED	=	8	=	8			NOT_EVALUATED
673	28704546	W43_010415	ciprofloxacin	ciprofloxacin			NO_ACCESSIONS	R	R			NOT_EVALUATED	>=	8	>=	8			NOT_EVALUATED
674	28704546	W43_010415	erythromycin	erythromycin			NO_ACCESSIONS	S	S			NOT_EVALUATED	=	1	=	1			NOT_EVALUATED
675	28704546	W43_010415	clindamycin	clindamycin			NO_ACCESSIONS	S	S			NOT_EVALUATED	=	0.25	=	0.25			NOT_EVALUATED
676	28704546	W43_010415	linezolid	linezolid			NO_ACCESSIONS	S	S			NOT_EVALUATED	=	2	=	2			NOT_EVALUATED
677	28704546	W43_010415	teicoplanin	teicoplanin			NO_ACCESSIONS	S	S			NOT_EVALUATED	<=	0.5	<=	0.5			NOT_EVALUATED
678	28704546	W43_010415	vancomycin	vancomycin			NO_ACCESSIONS	S	S			NOT_EVALUATED	<=	0.5	<=	0.5			NOT_EVALUATED
679	28704546	W43_010415	tetracycline	tetracycline			NO_ACCESSIONS	R	R			NOT_EVALUATED	>=	16	>=	16			NOT_EVALUATED
680	28704546	W43_010415	fosfomycin	fosfomycin			NO_ACCESSIONS	S	S			NOT_EVALUATED	<=	8	<=	8			NOT_EVALUATED
681	28704546	W43_010415	fusidic acid	fusidic acid			NO_ACCESSIONS	S	S			NOT_EVALUATED	<=	0.5	<=	0.5			NOT_EVALUATED
682	28704546	W43_010415	mupirocin	mupirocin			NO_ACCESSIONS	S	S			NOT_EVALUATED	<=	2	<=	2			NOT_EVALUATED
683	28704546	W43_010415	chloramphenicol	chloramphenicol			NO_ACCESSIONS	R	R			NOT_EVALUATED	>=	64	>=	64			NOT_EVALUATED
684	28704546	W43_010415	rifampin	rifampin			NO_ACCESSIONS	S	S			NOT_EVALUATED	<=	0.03	<=	0.03			NOT_EVALUATED
685	28704546	W43_010415	trimethoprim/sulfamethoxazole	trimethoprim/sulfamethoxazole			NO_ACCESSIONS	S	S			NOT_EVALUATED	<=	10	<=	10			NOT_EVALUATED
686	28704546	N44_080415	penicillin	penicillin			NO_ACCESSIONS	R	R			NOT_EVALUATED	>=	0.5	>=	0.5			NOT_EVALUATED
687	28704546	N44_080415	oxacillin	oxacillin			NO_ACCESSIONS	S	S			NOT_EVALUATED	<=	0.25	<=	0.25			NOT_EVALUATED
688	28704546	N44_080415	gentamicin	gentamicin			NO_ACCESSIONS	S	S			NOT_EVALUATED	<=	0.5	<=	0.5			NOT_EVALUATED
689	28704546	N44_080415	kanamycin	kanamycin			NO_ACCESSIONS	S	S			NOT_EVALUATED	<=	4	<=	4			NOT_EVALUATED
690	28704546	N44_080415	tobramycin	tobramycin			NO_ACCESSIONS	S	S			NOT_EVALUATED	<=	1	<=	1			NOT_EVALUATED
691	28704546	N44_080415	ciprofloxacin	ciprofloxacin			NO_ACCESSIONS	S	S			NOT_EVALUATED	<=	0.5	<=	0.5			NOT_EVALUATED
692	28704546	N44_080415	erythromycin	erythromycin			NO_ACCESSIONS	S	S			NOT_EVALUATED	=	1	=	1			NOT_EVALUATED
693	28704546	N44_080415	clindamycin	clindamycin			NO_ACCESSIONS	S	S			NOT_EVALUATED	=	0.25	=	0.25			NOT_EVALUATED
694	28704546	N44_080415	linezolid	linezolid			NO_ACCESSIONS	S	S			NOT_EVALUATED	=	2	=	2			NOT_EVALUATED
695	28704546	N44_080415	teicoplanin	teicoplanin			NO_ACCESSIONS	S	S			NOT_EVALUATED	<=	0.5	<=	0.5			NOT_EVALUATED
696	28704546	N44_080415	vancomycin	vancomycin			NO_ACCESSIONS	S	S			NOT_EVALUATED	<=	0.5	<=	0.5			NOT_EVALUATED
697	28704546	N44_080415	tetracycline	tetracycline			NO_ACCESSIONS	S	S			NOT_EVALUATED	<=	1	<=	1			NOT_EVALUATED
698	28704546	N44_080415	fosfomycin	fosfomycin			NO_ACCESSIONS	S	S			NOT_EVALUATED	=	16	=	16			NOT_EVALUATED
699	28704546	N44_080415	fusidic acid	fusidic acid			NO_ACCESSIONS	S	S			NOT_EVALUATED	<=	0.5	<=	0.5			NOT_EVALUATED
700	28704546	N44_080415	mupirocin	mupirocin			NO_ACCESSIONS	S	S			NOT_EVALUATED	<=	2	<=	2			NOT_EVALUATED
701	28704546	N44_080415	chloramphenicol	chloramphenicol			NO_ACCESSIONS	R	R			NOT_EVALUATED	>=	64	>=	64			NOT_EVALUATED
702	28704546	N44_080415	rifampin	rifampin			NO_ACCESSIONS	S	S			NOT_EVALUATED	<=	0.03	<=	0.03			NOT_EVALUATED
703	28704546	N44_080415	trimethoprim/sulfamethoxazole	trimethoprim/sulfamethoxazole			NO_ACCESSIONS	R	R			NOT_EVALUATED	>=	320	>=	320			NOT_EVALUATED
704	28704546	N45_090415	penicillin	penicillin			NO_ACCESSIONS	R	R			NOT_EVALUATED	>=	0.5	>=	0.5			NOT_EVALUATED
705	28704546	N45_090415	oxacillin	oxacillin			NO_ACCESSIONS	S	S			NOT_EVALUATED	<=	0.25	<=	0.25			NOT_EVALUATED
706	28704546	N45_090415	gentamicin	gentamicin			NO_ACCESSIONS	S	S			NOT_EVALUATED	<=	0.5	<=	0.5			NOT_EVALUATED
707	28704546	N45_090415	kanamycin	kanamycin			NO_ACCESSIONS	S	S			NOT_EVALUATED	<=	4	<=	4			NOT_EVALUATED
708	28704546	N45_090415	tobramycin	tobramycin			NO_ACCESSIONS	S	S			NOT_EVALUATED	<=	1	<=	1			NOT_EVALUATED
709	28704546	N45_090415	ciprofloxacin	ciprofloxacin			NO_ACCESSIONS	S	S			NOT_EVALUATED	<=	0.5	<=	0.5			NOT_EVALUATED
710	28704546	N45_090415	erythromycin	erythromycin			NO_ACCESSIONS	S	S			NOT_EVALUATED	=	1	=	1			NOT_EVALUATED
711	28704546	N45_090415	clindamycin	clindamycin			NO_ACCESSIONS	S	S			NOT_EVALUATED	=	0.25	=	0.25			NOT_EVALUATED
712	28704546	N45_090415	linezolid	linezolid			NO_ACCESSIONS	S	S			NOT_EVALUATED	=	2	=	2			NOT_EVALUATED
713	28704546	N45_090415	teicoplanin	teicoplanin			NO_ACCESSIONS	S	S			NOT_EVALUATED	<=	0.5	<=	0.5			NOT_EVALUATED
714	28704546	N45_090415	vancomycin	vancomycin			NO_ACCESSIONS	S	S			NOT_EVALUATED	=	1	=	1			NOT_EVALUATED
715	28704546	N45_090415	tetracycline	tetracycline			NO_ACCESSIONS	S	S			NOT_EVALUATED	<=	1	<=	1			NOT_EVALUATED
716	28704546	N45_090415	fosfomycin	fosfomycin			NO_ACCESSIONS	S	S			NOT_EVALUATED	<=	8	<=	8			NOT_EVALUATED
717	28704546	N45_090415	fusidic acid	fusidic acid			NO_ACCESSIONS	S	S			NOT_EVALUATED	<=	0.5	<=	0.5			NOT_EVALUATED
718	28704546	N45_090415	mupirocin	mupirocin			NO_ACCESSIONS	S	S			NOT_EVALUATED	<=	2	<=	2			NOT_EVALUATED
719	28704546	N45_090415	chloramphenicol	chloramphenicol			NO_ACCESSIONS	S	S			NOT_EVALUATED	=	8	=	8			NOT_EVALUATED
720	28704546	N45_090415	rifampin	rifampin			NO_ACCESSIONS	S	S			NOT_EVALUATED	<=	0.03	<=	0.03			NOT_EVALUATED
721	28704546	N45_090415	trimethoprim/sulfamethoxazole	trimethoprim/sulfamethoxazole			NO_ACCESSIONS	S	S			NOT_EVALUATED	<=	10	<=	10			NOT_EVALUATED
722	28704546	N46_140415	penicillin	penicillin			NO_ACCESSIONS	R	R			NOT_EVALUATED	>=	0.5	>=	0.5			NOT_EVALUATED
723	28704546	N46_140415	oxacillin	oxacillin			NO_ACCESSIONS	S	S			NOT_EVALUATED	=	0.5	=	0.5			NOT_EVALUATED
724	28704546	N46_140415	gentamicin	gentamicin			NO_ACCESSIONS	S	S			NOT_EVALUATED	<=	0.5	<=	0.5			NOT_EVALUATED
725	28704546	N46_140415	kanamycin	kanamycin			NO_ACCESSIONS	S	S			NOT_EVALUATED	<=	4	<=	4			NOT_EVALUATED
726	28704546	N46_140415	tobramycin	tobramycin			NO_ACCESSIONS	S	S			NOT_EVALUATED	<=	1	<=	1			NOT_EVALUATED
727	28704546	N46_140415	ciprofloxacin	ciprofloxacin			NO_ACCESSIONS	S	S			NOT_EVALUATED	<=	0.5	<=	0.5			NOT_EVALUATED
728	28704546	N46_140415	erythromycin	erythromycin			NO_ACCESSIONS	S	S			NOT_EVALUATED	=	1	=	1			NOT_EVALUATED
729	28704546	N46_140415	clindamycin	clindamycin			NO_ACCESSIONS	S	S			NOT_EVALUATED	=	0.25	=	0.25			NOT_EVALUATED
730	28704546	N46_140415	linezolid	linezolid			NO_ACCESSIONS	S	S			NOT_EVALUATED	=	2	=	2			NOT_EVALUATED
731	28704546	N46_140415	teicoplanin	teicoplanin			NO_ACCESSIONS	S	S			NOT_EVALUATED	<=	0.5	<=	0.5			NOT_EVALUATED
732	28704546	N46_140415	vancomycin	vancomycin			NO_ACCESSIONS	S	S			NOT_EVALUATED	<=	0.5	<=	0.5			NOT_EVALUATED
733	28704546	N46_140415	tetracycline	tetracycline			NO_ACCESSIONS	S	S			NOT_EVALUATED	<=	1	<=	1			NOT_EVALUATED
734	28704546	N46_140415	fosfomycin	fosfomycin			NO_ACCESSIONS	S	S			NOT_EVALUATED	<=	8	<=	8			NOT_EVALUATED
735	28704546	N46_140415	fusidic acid	fusidic acid			NO_ACCESSIONS	S	S			NOT_EVALUATED	<=	0.5	<=	0.5			NOT_EVALUATED
736	28704546	N46_140415	mupirocin	mupirocin			NO_ACCESSIONS	S	S			NOT_EVALUATED	<=	2	<=	2			NOT_EVALUATED
737	28704546	N46_140415	chloramphenicol	chloramphenicol			NO_ACCESSIONS	S	S			NOT_EVALUATED	=	8	=	8			NOT_EVALUATED
738	28704546	N46_140415	rifampin	rifampin			NO_ACCESSIONS	S	S			NOT_EVALUATED	<=	0.03	<=	0.03			NOT_EVALUATED
739	28704546	N46_140415	trimethoprim/sulfamethoxazole	trimethoprim/sulfamethoxazole			NO_ACCESSIONS	S	S			NOT_EVALUATED	<=	10	<=	10			NOT_EVALUATED
740	28704546	W46_140415	penicillin	penicillin			NO_ACCESSIONS	R	R			NOT_EVALUATED	>=	0.5	>=	0.5			NOT_EVALUATED
741	28704546	W46_140415	oxacillin	oxacillin			NO_ACCESSIONS	S	S			NOT_EVALUATED	=	0.5	=	0.5			NOT_EVALUATED
742	28704546	W46_140415	gentamicin	gentamicin			NO_ACCESSIONS	S	S			NOT_EVALUATED	<=	0.5	<=	0.5			NOT_EVALUATED
743	28704546	W46_140415	kanamycin	kanamycin			NO_ACCESSIONS	S	S			NOT_EVALUATED	<=	4	<=	4			NOT_EVALUATED
744	28704546	W46_140415	tobramycin	tobramycin			NO_ACCESSIONS	S	S			NOT_EVALUATED	<=	1	<=	1			NOT_EVALUATED
745	28704546	W46_140415	ciprofloxacin	ciprofloxacin			NO_ACCESSIONS	S	S			NOT_EVALUATED	<=	0.5	<=	0.5			NOT_EVALUATED
746	28704546	W46_140415	erythromycin	erythromycin			NO_ACCESSIONS	S	S			NOT_EVALUATED	=	0.5	=	0.5			NOT_EVALUATED
747	28704546	W46_140415	clindamycin	clindamycin			NO_ACCESSIONS	S	S			NOT_EVALUATED	=	0.25	=	0.25			NOT_EVALUATED
748	28704546	W46_140415	linezolid	linezolid			NO_ACCESSIONS	S	S			NOT_EVALUATED	=	2	=	2			NOT_EVALUATED
749	28704546	W46_140415	teicoplanin	teicoplanin			NO_ACCESSIONS	S	S			NOT_EVALUATED	<=	0.5	<=	0.5			NOT_EVALUATED
750	28704546	W46_140415	vancomycin	vancomycin			NO_ACCESSIONS	S	S			NOT_EVALUATED	<=	0.5	<=	0.5			NOT_EVALUATED
751	28704546	W46_140415	tetracycline	tetracycline			NO_ACCESSIONS	S	S			NOT_EVALUATED	<=	1	<=	1			NOT_EVALUATED
752	28704546	W46_140415	fosfomycin	fosfomycin			NO_ACCESSIONS	S	S			NOT_EVALUATED	<=	8	<=	8			NOT_EVALUATED
753	28704546	W46_140415	fusidic acid	fusidic acid			NO_ACCESSIONS	S	S			NOT_EVALUATED	<=	0.5	<=	0.5			NOT_EVALUATED
754	28704546	W46_140415	mupirocin	mupirocin			NO_ACCESSIONS	S	S			NOT_EVALUATED	<=	2	<=	2			NOT_EVALUATED
755	28704546	W46_140415	chloramphenicol	chloramphenicol			NO_ACCESSIONS	S	S			NOT_EVALUATED	=	8	=	8			NOT_EVALUATED
756	28704546	W46_140415	rifampin	rifampin			NO_ACCESSIONS	S	S			NOT_EVALUATED	<=	0.03	<=	0.03			NOT_EVALUATED
757	28704546	W46_140415	trimethoprim/sulfamethoxazole	trimethoprim/sulfamethoxazole			NO_ACCESSIONS	S	S			NOT_EVALUATED	<=	10	<=	10			NOT_EVALUATED
758	28704546	W47_060515	penicillin	penicillin			NO_ACCESSIONS	R	R			NOT_EVALUATED	>=	0.5	>=	0.5			NOT_EVALUATED
759	28704546	W47_060515	oxacillin	oxacillin			NO_ACCESSIONS	S	S			NOT_EVALUATED	=	0.5	=	0.5			NOT_EVALUATED
760	28704546	W47_060515	gentamicin	gentamicin			NO_ACCESSIONS	S	S			NOT_EVALUATED	<=	0.5	<=	0.5			NOT_EVALUATED
761	28704546	W47_060515	kanamycin	kanamycin			NO_ACCESSIONS	S	S			NOT_EVALUATED	<=	4	<=	4			NOT_EVALUATED
762	28704546	W47_060515	tobramycin	tobramycin			NO_ACCESSIONS	S	S			NOT_EVALUATED	<=	1	<=	1			NOT_EVALUATED
763	28704546	W47_060515	ciprofloxacin	ciprofloxacin			NO_ACCESSIONS	S	S			NOT_EVALUATED	<=	0.5	<=	0.5			NOT_EVALUATED
764	28704546	W47_060515	erythromycin	erythromycin			NO_ACCESSIONS	S	S			NOT_EVALUATED	=	1	=	1			NOT_EVALUATED
765	28704546	W47_060515	clindamycin	clindamycin			NO_ACCESSIONS	S	S			NOT_EVALUATED	=	0.25	=	0.25			NOT_EVALUATED
766	28704546	W47_060515	linezolid	linezolid			NO_ACCESSIONS	S	S			NOT_EVALUATED	=	2	=	2			NOT_EVALUATED
767	28704546	W47_060515	teicoplanin	teicoplanin			NO_ACCESSIONS	S	S			NOT_EVALUATED	<=	0.5	<=	0.5			NOT_EVALUATED
768	28704546	W47_060515	vancomycin	vancomycin			NO_ACCESSIONS	S	S			NOT_EVALUATED	<=	0.5	<=	0.5			NOT_EVALUATED
769	28704546	W47_060515	tetracycline	tetracycline			NO_ACCESSIONS	S	S			NOT_EVALUATED	<=	1	<=	1			NOT_EVALUATED
770	28704546	W47_060515	fosfomycin	fosfomycin			NO_ACCESSIONS	S	S			NOT_EVALUATED	<=	8	<=	8			NOT_EVALUATED
771	28704546	W47_060515	fusidic acid	fusidic acid			NO_ACCESSIONS	S	S			NOT_EVALUATED	<=	0.5	<=	0.5			NOT_EVALUATED
772	28704546	W47_060515	mupirocin	mupirocin			NO_ACCESSIONS	S	S			NOT_EVALUATED	<=	2	<=	2			NOT_EVALUATED
773	28704546	W47_060515	chloramphenicol	chloramphenicol			NO_ACCESSIONS	S	S			NOT_EVALUATED	=	8	=	8			NOT_EVALUATED
774	28704546	W47_060515	rifampin	rifampin			NO_ACCESSIONS	S	S			NOT_EVALUATED	<=	0.03	<=	0.03			NOT_EVALUATED
775	28704546	W47_060515	trimethoprim/sulfamethoxazole	trimethoprim/sulfamethoxazole			NO_ACCESSIONS	S	S			NOT_EVALUATED	<=	10	<=	10			NOT_EVALUATED
776	28704546	W49_290415	penicillin	penicillin			NO_ACCESSIONS	R	R			NOT_EVALUATED	>=	0.5	>=	0.5			NOT_EVALUATED
777	28704546	W49_290415	oxacillin	oxacillin			NO_ACCESSIONS	S	S			NOT_EVALUATED	<=	0.25	<=	0.25			NOT_EVALUATED
778	28704546	W49_290415	gentamicin	gentamicin			NO_ACCESSIONS	S	S			NOT_EVALUATED	<=	0.5	<=	0.5			NOT_EVALUATED
779	28704546	W49_290415	kanamycin	kanamycin			NO_ACCESSIONS	S	S			NOT_EVALUATED	<=	4	<=	4			NOT_EVALUATED
780	28704546	W49_290415	tobramycin	tobramycin			NO_ACCESSIONS	S	S			NOT_EVALUATED	<=	1	<=	1			NOT_EVALUATED
781	28704546	W49_290415	ciprofloxacin	ciprofloxacin			NO_ACCESSIONS	S	S			NOT_EVALUATED	<=	0.5	<=	0.5			NOT_EVALUATED
782	28704546	W49_290415	erythromycin	erythromycin			NO_ACCESSIONS	S	S			NOT_EVALUATED	=	1	=	1			NOT_EVALUATED
783	28704546	W49_290415	clindamycin	clindamycin			NO_ACCESSIONS	S	S			NOT_EVALUATED	=	0.25	=	0.25			NOT_EVALUATED
784	28704546	W49_290415	linezolid	linezolid			NO_ACCESSIONS	S	S			NOT_EVALUATED	=	2	=	2			NOT_EVALUATED
785	28704546	W49_290415	teicoplanin	teicoplanin			NO_ACCESSIONS	S	S			NOT_EVALUATED	<=	0.5	<=	0.5			NOT_EVALUATED
786	28704546	W49_290415	vancomycin	vancomycin			NO_ACCESSIONS	S	S			NOT_EVALUATED	=	1	=	1			NOT_EVALUATED
787	28704546	W49_290415	tetracycline	tetracycline			NO_ACCESSIONS	S	S			NOT_EVALUATED	<=	1	<=	1			NOT_EVALUATED
788	28704546	W49_290415	fosfomycin	fosfomycin			NO_ACCESSIONS	S	S			NOT_EVALUATED	<=	8	<=	8			NOT_EVALUATED
789	28704546	W49_290415	fusidic acid	fusidic acid			NO_ACCESSIONS	S	S			NOT_EVALUATED	<=	0.5	<=	0.5			NOT_EVALUATED
790	28704546	W49_290415	mupirocin	mupirocin			NO_ACCESSIONS	S	S			NOT_EVALUATED	<=	2	<=	2			NOT_EVALUATED
791	28704546	W49_290415	chloramphenicol	chloramphenicol			NO_ACCESSIONS	R	R			NOT_EVALUATED	>=	64	>=	64			NOT_EVALUATED
792	28704546	W49_290415	rifampin	rifampin			NO_ACCESSIONS	S	S			NOT_EVALUATED	<=	0.03	<=	0.03			NOT_EVALUATED
793	28704546	W49_290415	trimethoprim/sulfamethoxazole	trimethoprim/sulfamethoxazole			NO_ACCESSIONS	S	S			NOT_EVALUATED	<=	10	<=	10			NOT_EVALUATED
794	28704546	N51_200515	penicillin	penicillin			NO_ACCESSIONS	R	R			NOT_EVALUATED	>=	0.5	>=	0.5			NOT_EVALUATED
795	28704546	N51_200515	oxacillin	oxacillin			NO_ACCESSIONS	R	R			NOT_EVALUATED	>=	4	>=	4			NOT_EVALUATED
796	28704546	N51_200515	gentamicin	gentamicin			NO_ACCESSIONS	R	R			NOT_EVALUATED	>=	16	>=	16			NOT_EVALUATED
797	28704546	N51_200515	kanamycin	kanamycin			NO_ACCESSIONS	R	R			NOT_EVALUATED	>=	64	>=	64			NOT_EVALUATED
798	28704546	N51_200515	tobramycin	tobramycin			NO_ACCESSIONS	R	R			NOT_EVALUATED	>=	16	>=	16			NOT_EVALUATED
799	28704546	N51_200515	ciprofloxacin	ciprofloxacin			NO_ACCESSIONS	R	R			NOT_EVALUATED	>=	8	>=	8			NOT_EVALUATED
800	28704546	N51_200515	erythromycin	erythromycin			NO_ACCESSIONS	S	S			NOT_EVALUATED	=	1	=	1			NOT_EVALUATED
801	28704546	N51_200515	clindamycin	clindamycin			NO_ACCESSIONS	S	S			NOT_EVALUATED	=	0.25	=	0.25			NOT_EVALUATED
802	28704546	N51_200515	linezolid	linezolid			NO_ACCESSIONS	S	S			NOT_EVALUATED	=	2	=	2			NOT_EVALUATED
803	28704546	N51_200515	teicoplanin	teicoplanin			NO_ACCESSIONS	S	S			NOT_EVALUATED	<=	0.5	<=	0.5			NOT_EVALUATED
804	28704546	N51_200515	vancomycin	vancomycin			NO_ACCESSIONS	S	S			NOT_EVALUATED	<=	0.5	<=	0.5			NOT_EVALUATED
805	28704546	N51_200515	tetracycline	tetracycline			NO_ACCESSIONS	R	R			NOT_EVALUATED	>=	16	>=	16			NOT_EVALUATED
806	28704546	N51_200515	fosfomycin	fosfomycin			NO_ACCESSIONS	S	S			NOT_EVALUATED	<=	8	<=	8			NOT_EVALUATED
807	28704546	N51_200515	fusidic acid	fusidic acid			NO_ACCESSIONS	S	S			NOT_EVALUATED	<=	0.5	<=	0.5			NOT_EVALUATED
808	28704546	N51_200515	mupirocin	mupirocin			NO_ACCESSIONS	S	S			NOT_EVALUATED	<=	2	<=	2			NOT_EVALUATED
809	28704546	N51_200515	chloramphenicol	chloramphenicol			NO_ACCESSIONS	R	R			NOT_EVALUATED	>=	64	>=	64			NOT_EVALUATED
810	28704546	N51_200515	rifampin	rifampin			NO_ACCESSIONS	S	S			NOT_EVALUATED	<=	0.03	<=	0.03			NOT_EVALUATED
811	28704546	N51_200515	trimethoprim/sulfamethoxazole	trimethoprim/sulfamethoxazole			NO_ACCESSIONS	S	S			NOT_EVALUATED	<=	10	<=	10			NOT_EVALUATED
812	28704546	W51_290415	penicillin	penicillin			NO_ACCESSIONS	R	R			NOT_EVALUATED	>=	0.5	>=	0.5			NOT_EVALUATED
813	28704546	W51_290415	oxacillin	oxacillin			NO_ACCESSIONS	S	S			NOT_EVALUATED	=	0.5	=	0.5			NOT_EVALUATED
814	28704546	W51_290415	gentamicin	gentamicin			NO_ACCESSIONS	S	S			NOT_EVALUATED	<=	0.5	<=	0.5			NOT_EVALUATED
815	28704546	W51_290415	kanamycin	kanamycin			NO_ACCESSIONS	S	S			NOT_EVALUATED	<=	4	<=	4			NOT_EVALUATED
816	28704546	W51_290415	tobramycin	tobramycin			NO_ACCESSIONS	S	S			NOT_EVALUATED	<=	1	<=	1			NOT_EVALUATED
817	28704546	W51_290415	ciprofloxacin	ciprofloxacin			NO_ACCESSIONS	S	S			NOT_EVALUATED	<=	0.5	<=	0.5			NOT_EVALUATED
818	28704546	W51_290415	erythromycin	erythromycin			NO_ACCESSIONS	S	S			NOT_EVALUATED	=	1	=	1			NOT_EVALUATED
819	28704546	W51_290415	clindamycin	clindamycin			NO_ACCESSIONS	S	S			NOT_EVALUATED	=	0.25	=	0.25			NOT_EVALUATED
820	28704546	W51_290415	linezolid	linezolid			NO_ACCESSIONS	S	S			NOT_EVALUATED	=	2	=	2			NOT_EVALUATED
821	28704546	W51_290415	teicoplanin	teicoplanin			NO_ACCESSIONS	S	S			NOT_EVALUATED	<=	0.5	<=	0.5			NOT_EVALUATED
822	28704546	W51_290415	vancomycin	vancomycin			NO_ACCESSIONS	S	S			NOT_EVALUATED	<=	0.5	<=	0.5			NOT_EVALUATED
823	28704546	W51_290415	tetracycline	tetracycline			NO_ACCESSIONS	R	R			NOT_EVALUATED	>=	16	>=	16			NOT_EVALUATED
824	28704546	W51_290415	fosfomycin	fosfomycin			NO_ACCESSIONS	S	S			NOT_EVALUATED	<=	8	<=	8			NOT_EVALUATED
825	28704546	W51_290415	fusidic acid	fusidic acid			NO_ACCESSIONS	S	S			NOT_EVALUATED	<=	0.5	<=	0.5			NOT_EVALUATED
826	28704546	W51_290415	mupirocin	mupirocin			NO_ACCESSIONS	S	S			NOT_EVALUATED	<=	2	<=	2			NOT_EVALUATED
827	28704546	W51_290415	chloramphenicol	chloramphenicol			NO_ACCESSIONS	S	S			NOT_EVALUATED	=	8	=	8			NOT_EVALUATED
828	28704546	W51_290415	rifampin	rifampin			NO_ACCESSIONS	S	S			NOT_EVALUATED	<=	0.03	<=	0.03			NOT_EVALUATED
829	28704546	W51_290415	trimethoprim/sulfamethoxazole	trimethoprim/sulfamethoxazole			NO_ACCESSIONS	S	S			NOT_EVALUATED	<=	10	<=	10			NOT_EVALUATED
830	28704546	N53_050515	penicillin	penicillin			NO_ACCESSIONS	R	R			NOT_EVALUATED	>=	0.5	>=	0.5			NOT_EVALUATED
831	28704546	N53_050515	oxacillin	oxacillin			NO_ACCESSIONS	S	S			NOT_EVALUATED	=	0.5	=	0.5			NOT_EVALUATED
832	28704546	N53_050515	gentamicin	gentamicin			NO_ACCESSIONS	S	S			NOT_EVALUATED	<=	0.5	<=	0.5			NOT_EVALUATED
833	28704546	N53_050515	kanamycin	kanamycin			NO_ACCESSIONS	S	S			NOT_EVALUATED	<=	4	<=	4			NOT_EVALUATED
834	28704546	N53_050515	tobramycin	tobramycin			NO_ACCESSIONS	S	S			NOT_EVALUATED	<=	1	<=	1			NOT_EVALUATED
835	28704546	N53_050515	ciprofloxacin	ciprofloxacin			NO_ACCESSIONS	S	S			NOT_EVALUATED	<=	0.5	<=	0.5			NOT_EVALUATED
836	28704546	N53_050515	erythromycin	erythromycin			NO_ACCESSIONS	S	S			NOT_EVALUATED	=	1	=	1			NOT_EVALUATED
837	28704546	N53_050515	clindamycin	clindamycin			NO_ACCESSIONS	S	S			NOT_EVALUATED	=	0.25	=	0.25			NOT_EVALUATED
838	28704546	N53_050515	linezolid	linezolid			NO_ACCESSIONS	S	S			NOT_EVALUATED	=	2	=	2			NOT_EVALUATED
839	28704546	N53_050515	teicoplanin	teicoplanin			NO_ACCESSIONS	S	S			NOT_EVALUATED	<=	0.5	<=	0.5			NOT_EVALUATED
840	28704546	N53_050515	vancomycin	vancomycin			NO_ACCESSIONS	S	S			NOT_EVALUATED	=	1	=	1			NOT_EVALUATED
841	28704546	N53_050515	tetracycline	tetracycline			NO_ACCESSIONS	R	R			NOT_EVALUATED	>=	16	>=	16			NOT_EVALUATED
842	28704546	N53_050515	fosfomycin	fosfomycin			NO_ACCESSIONS	S	S			NOT_EVALUATED	<=	8	<=	8			NOT_EVALUATED
843	28704546	N53_050515	fusidic acid	fusidic acid			NO_ACCESSIONS	S	S			NOT_EVALUATED	<=	0.5	<=	0.5			NOT_EVALUATED
844	28704546	N53_050515	mupirocin	mupirocin			NO_ACCESSIONS	S	S			NOT_EVALUATED	<=	2	<=	2			NOT_EVALUATED
845	28704546	N53_050515	chloramphenicol	chloramphenicol			NO_ACCESSIONS	R	R			NOT_EVALUATED	>=	64	>=	64			NOT_EVALUATED
846	28704546	N53_050515	rifampin	rifampin			NO_ACCESSIONS	S	S			NOT_EVALUATED	<=	0.03	<=	0.03			NOT_EVALUATED
847	28704546	N53_050515	trimethoprim/sulfamethoxazole	trimethoprim/sulfamethoxazole			NO_ACCESSIONS	R	R			NOT_EVALUATED	>=	320	>=	320			NOT_EVALUATED
848	28704546	W54_110515	penicillin	penicillin			NO_ACCESSIONS	R	R			NOT_EVALUATED	>=	0.5	>=	0.5			NOT_EVALUATED
849	28704546	W54_110515	oxacillin	oxacillin			NO_ACCESSIONS	S	S			NOT_EVALUATED	=	0.5	=	0.5			NOT_EVALUATED
850	28704546	W54_110515	gentamicin	gentamicin			NO_ACCESSIONS	S	S			NOT_EVALUATED	<=	0.5	<=	0.5			NOT_EVALUATED
851	28704546	W54_110515	kanamycin	kanamycin			NO_ACCESSIONS	S	S			NOT_EVALUATED	<=	4	<=	4			NOT_EVALUATED
852	28704546	W54_110515	tobramycin	tobramycin			NO_ACCESSIONS	S	S			NOT_EVALUATED	<=	1	<=	1			NOT_EVALUATED
853	28704546	W54_110515	ciprofloxacin	ciprofloxacin			NO_ACCESSIONS	S	S			NOT_EVALUATED	<=	0.5	<=	0.5			NOT_EVALUATED
854	28704546	W54_110515	erythromycin	erythromycin			NO_ACCESSIONS	S	S			NOT_EVALUATED	=	1	=	1			NOT_EVALUATED
855	28704546	W54_110515	clindamycin	clindamycin			NO_ACCESSIONS	S	S			NOT_EVALUATED	=	0.25	=	0.25			NOT_EVALUATED
856	28704546	W54_110515	linezolid	linezolid			NO_ACCESSIONS	S	S			NOT_EVALUATED	=	2	=	2			NOT_EVALUATED
857	28704546	W54_110515	teicoplanin	teicoplanin			NO_ACCESSIONS	S	S			NOT_EVALUATED	<=	0.5	<=	0.5			NOT_EVALUATED
858	28704546	W54_110515	vancomycin	vancomycin			NO_ACCESSIONS	S	S			NOT_EVALUATED	<=	0.5	<=	0.5			NOT_EVALUATED
859	28704546	W54_110515	tetracycline	tetracycline			NO_ACCESSIONS	R	R			NOT_EVALUATED	>=	16	>=	16			NOT_EVALUATED
860	28704546	W54_110515	fosfomycin	fosfomycin			NO_ACCESSIONS	S	S			NOT_EVALUATED	<=	8	<=	8			NOT_EVALUATED
861	28704546	W54_110515	fusidic acid	fusidic acid			NO_ACCESSIONS	S	S			NOT_EVALUATED	<=	0.5	<=	0.5			NOT_EVALUATED
862	28704546	W54_110515	mupirocin	mupirocin			NO_ACCESSIONS	S	S			NOT_EVALUATED	<=	2	<=	2			NOT_EVALUATED
863	28704546	W54_110515	chloramphenicol	chloramphenicol			NO_ACCESSIONS	S	S			NOT_EVALUATED	=	8	=	8			NOT_EVALUATED
864	28704546	W54_110515	rifampin	rifampin			NO_ACCESSIONS	S	S			NOT_EVALUATED	<=	0.03	<=	0.03			NOT_EVALUATED
865	28704546	W54_110515	trimethoprim/sulfamethoxazole	trimethoprim/sulfamethoxazole			NO_ACCESSIONS	S	S			NOT_EVALUATED	<=	10	<=	10			NOT_EVALUATED
866	28704546	N55_130515	penicillin	penicillin			NO_ACCESSIONS	R	R			NOT_EVALUATED	>=	0.5	>=	0.5			NOT_EVALUATED
867	28704546	N55_130515	oxacillin	oxacillin			NO_ACCESSIONS	R	R			NOT_EVALUATED	>=	4	>=	4			NOT_EVALUATED
868	28704546	N55_130515	gentamicin	gentamicin			NO_ACCESSIONS	R	R			NOT_EVALUATED	>=	16	>=	16			NOT_EVALUATED
869	28704546	N55_130515	kanamycin	kanamycin			NO_ACCESSIONS	R	R			NOT_EVALUATED	>=	64	>=	64			NOT_EVALUATED
870	28704546	N55_130515	tobramycin	tobramycin			NO_ACCESSIONS	R	R			NOT_EVALUATED	>=	16	>=	16			NOT_EVALUATED
871	28704546	N55_130515	ciprofloxacin	ciprofloxacin			NO_ACCESSIONS	R	R			NOT_EVALUATED	>=	8	>=	8			NOT_EVALUATED
872	28704546	N55_130515	erythromycin	erythromycin			NO_ACCESSIONS	S	S			NOT_EVALUATED	=	1	=	1			NOT_EVALUATED
873	28704546	N55_130515	clindamycin	clindamycin			NO_ACCESSIONS	S	S			NOT_EVALUATED	=	0.25	=	0.25			NOT_EVALUATED
874	28704546	N55_130515	linezolid	linezolid			NO_ACCESSIONS	S	S			NOT_EVALUATED	=	2	=	2			NOT_EVALUATED
875	28704546	N55_130515	teicoplanin	teicoplanin			NO_ACCESSIONS	S	S			NOT_EVALUATED	<=	0.5	<=	0.5			NOT_EVALUATED
876	28704546	N55_130515	vancomycin	vancomycin			NO_ACCESSIONS	S	S			NOT_EVALUATED	<=	0.5	<=	0.5			NOT_EVALUATED
877	28704546	N55_130515	tetracycline	tetracycline			NO_ACCESSIONS	R	R			NOT_EVALUATED	>=	16	>=	16			NOT_EVALUATED
878	28704546	N55_130515	fosfomycin	fosfomycin			NO_ACCESSIONS	S	S			NOT_EVALUATED	<=	8	<=	8			NOT_EVALUATED
879	28704546	N55_130515	fusidic acid	fusidic acid			NO_ACCESSIONS	S	S			NOT_EVALUATED	<=	0.5	<=	0.5			NOT_EVALUATED
880	28704546	N55_130515	mupirocin	mupirocin			NO_ACCESSIONS	S	S			NOT_EVALUATED	<=	2	<=	2			NOT_EVALUATED
881	28704546	N55_130515	chloramphenicol	chloramphenicol			NO_ACCESSIONS	R	R			NOT_EVALUATED	>=	64	>=	64			NOT_EVALUATED
882	28704546	N55_130515	rifampin	rifampin			NO_ACCESSIONS	S	S			NOT_EVALUATED	<=	0.03	<=	0.03			NOT_EVALUATED
883	28704546	N55_130515	trimethoprim/sulfamethoxazole	trimethoprim/sulfamethoxazole			NO_ACCESSIONS	S	S			NOT_EVALUATED	<=	10	<=	10			NOT_EVALUATED
884	28704546	W55_130515	penicillin	penicillin			NO_ACCESSIONS	R	R			NOT_EVALUATED	>=	0.5	>=	0.5			NOT_EVALUATED
885	28704546	W55_130515	oxacillin	oxacillin			NO_ACCESSIONS	S	S			NOT_EVALUATED	=	0.5	=	0.5			NOT_EVALUATED
886	28704546	W55_130515	gentamicin	gentamicin			NO_ACCESSIONS	S	S			NOT_EVALUATED	<=	0.5	<=	0.5			NOT_EVALUATED
887	28704546	W55_130515	kanamycin	kanamycin			NO_ACCESSIONS	S	S			NOT_EVALUATED	<=	4	<=	4			NOT_EVALUATED
888	28704546	W55_130515	tobramycin	tobramycin			NO_ACCESSIONS	S	S			NOT_EVALUATED	<=	1	<=	1			NOT_EVALUATED
889	28704546	W55_130515	ciprofloxacin	ciprofloxacin			NO_ACCESSIONS	S	S			NOT_EVALUATED	<=	0.5	<=	0.5			NOT_EVALUATED
890	28704546	W55_130515	erythromycin	erythromycin			NO_ACCESSIONS	S	S			NOT_EVALUATED	=	1	=	1			NOT_EVALUATED
891	28704546	W55_130515	clindamycin	clindamycin			NO_ACCESSIONS	S	S			NOT_EVALUATED	=	0.25	=	0.25			NOT_EVALUATED
892	28704546	W55_130515	linezolid	linezolid			NO_ACCESSIONS	S	S			NOT_EVALUATED	=	2	=	2			NOT_EVALUATED
893	28704546	W55_130515	teicoplanin	teicoplanin			NO_ACCESSIONS	S	S			NOT_EVALUATED	<=	0.5	<=	0.5			NOT_EVALUATED
894	28704546	W55_130515	vancomycin	vancomycin			NO_ACCESSIONS	S	S			NOT_EVALUATED	=	1	=	1			NOT_EVALUATED
895	28704546	W55_130515	tetracycline	tetracycline			NO_ACCESSIONS	S	S			NOT_EVALUATED	<=	1	<=	1			NOT_EVALUATED
896	28704546	W55_130515	fosfomycin	fosfomycin			NO_ACCESSIONS	S	S			NOT_EVALUATED	<=	8	<=	8			NOT_EVALUATED
897	28704546	W55_130515	fusidic acid	fusidic acid			NO_ACCESSIONS	S	S			NOT_EVALUATED	<=	0.5	<=	0.5			NOT_EVALUATED
898	28704546	W55_130515	mupirocin	mupirocin			NO_ACCESSIONS	S	S			NOT_EVALUATED	<=	2	<=	2			NOT_EVALUATED
899	28704546	W55_130515	chloramphenicol	chloramphenicol			NO_ACCESSIONS	S	S			NOT_EVALUATED	=	8	=	8			NOT_EVALUATED
900	28704546	W55_130515	rifampin	rifampin			NO_ACCESSIONS	S	S			NOT_EVALUATED	<=	0.03	<=	0.03			NOT_EVALUATED
901	28704546	W55_130515	trimethoprim/sulfamethoxazole	trimethoprim/sulfamethoxazole			NO_ACCESSIONS	S	S			NOT_EVALUATED	<=	10	<=	10			NOT_EVALUATED
902	28704546	N56_130515	penicillin	penicillin			NO_ACCESSIONS	R	R			NOT_EVALUATED	>=	0.5	>=	0.5			NOT_EVALUATED
903	28704546	N56_130515	oxacillin	oxacillin			NO_ACCESSIONS	S	S			NOT_EVALUATED	<=	0.25	<=	0.25			NOT_EVALUATED
904	28704546	N56_130515	gentamicin	gentamicin			NO_ACCESSIONS	S	S			NOT_EVALUATED	<=	0.5	<=	0.5			NOT_EVALUATED
905	28704546	N56_130515	kanamycin	kanamycin			NO_ACCESSIONS	S	S			NOT_EVALUATED	<=	4	<=	4			NOT_EVALUATED
906	28704546	N56_130515	tobramycin	tobramycin			NO_ACCESSIONS	S	S			NOT_EVALUATED	<=	1	<=	1			NOT_EVALUATED
907	28704546	N56_130515	ciprofloxacin	ciprofloxacin			NO_ACCESSIONS	S	S			NOT_EVALUATED	<=	0.5	<=	0.5			NOT_EVALUATED
908	28704546	N56_130515	erythromycin	erythromycin			NO_ACCESSIONS	S	S			NOT_EVALUATED	=	1	=	1			NOT_EVALUATED
909	28704546	N56_130515	clindamycin	clindamycin			NO_ACCESSIONS	S	S			NOT_EVALUATED	=	0.25	=	0.25			NOT_EVALUATED
910	28704546	N56_130515	linezolid	linezolid			NO_ACCESSIONS	S	S			NOT_EVALUATED	=	2	=	2			NOT_EVALUATED
911	28704546	N56_130515	teicoplanin	teicoplanin			NO_ACCESSIONS	S	S			NOT_EVALUATED	<=	0.5	<=	0.5			NOT_EVALUATED
912	28704546	N56_130515	vancomycin	vancomycin			NO_ACCESSIONS	S	S			NOT_EVALUATED	<=	0.5	<=	0.5			NOT_EVALUATED
913	28704546	N56_130515	tetracycline	tetracycline			NO_ACCESSIONS	S	S			NOT_EVALUATED	<=	1	<=	1			NOT_EVALUATED
914	28704546	N56_130515	fosfomycin	fosfomycin			NO_ACCESSIONS	S	S			NOT_EVALUATED	<=	8	<=	8			NOT_EVALUATED
915	28704546	N56_130515	fusidic acid	fusidic acid			NO_ACCESSIONS	S	S			NOT_EVALUATED	<=	0.5	<=	0.5			NOT_EVALUATED
916	28704546	N56_130515	mupirocin	mupirocin			NO_ACCESSIONS	S	S			NOT_EVALUATED	<=	2	<=	2			NOT_EVALUATED
917	28704546	N56_130515	chloramphenicol	chloramphenicol			NO_ACCESSIONS	S	S			NOT_EVALUATED	<=	4	<=	4			NOT_EVALUATED
918	28704546	N56_130515	rifampin	rifampin			NO_ACCESSIONS	S	S			NOT_EVALUATED	<=	0.03	<=	0.03			NOT_EVALUATED
919	28704546	N56_130515	trimethoprim/sulfamethoxazole	trimethoprim/sulfamethoxazole			NO_ACCESSIONS	R	R			NOT_EVALUATED	=	160	=	160			NOT_EVALUATED
920	28704546	W56_130515	penicillin	penicillin			NO_ACCESSIONS	R	R			NOT_EVALUATED	>=	0.5	>=	0.5			NOT_EVALUATED
921	28704546	W56_130515	oxacillin	oxacillin			NO_ACCESSIONS	S	S			NOT_EVALUATED	<=	0.25	<=	0.25			NOT_EVALUATED
922	28704546	W56_130515	gentamicin	gentamicin			NO_ACCESSIONS	S	S			NOT_EVALUATED	<=	0.5	<=	0.5			NOT_EVALUATED
923	28704546	W56_130515	kanamycin	kanamycin			NO_ACCESSIONS	S	S			NOT_EVALUATED	<=	4	<=	4			NOT_EVALUATED
924	28704546	W56_130515	tobramycin	tobramycin			NO_ACCESSIONS	S	S			NOT_EVALUATED	<=	1	<=	1			NOT_EVALUATED
925	28704546	W56_130515	ciprofloxacin	ciprofloxacin			NO_ACCESSIONS	S	S			NOT_EVALUATED	<=	0.5	<=	0.5			NOT_EVALUATED
926	28704546	W56_130515	erythromycin	erythromycin			NO_ACCESSIONS	S	S			NOT_EVALUATED	=	1	=	1			NOT_EVALUATED
927	28704546	W56_130515	clindamycin	clindamycin			NO_ACCESSIONS	S	S			NOT_EVALUATED	=	0.25	=	0.25			NOT_EVALUATED
928	28704546	W56_130515	linezolid	linezolid			NO_ACCESSIONS	S	S			NOT_EVALUATED	=	2	=	2			NOT_EVALUATED
929	28704546	W56_130515	teicoplanin	teicoplanin			NO_ACCESSIONS	S	S			NOT_EVALUATED	<=	0.5	<=	0.5			NOT_EVALUATED
930	28704546	W56_130515	vancomycin	vancomycin			NO_ACCESSIONS	S	S			NOT_EVALUATED	=	1	=	1			NOT_EVALUATED
931	28704546	W56_130515	tetracycline	tetracycline			NO_ACCESSIONS	R	R			NOT_EVALUATED	>=	16	>=	16			NOT_EVALUATED
932	28704546	W56_130515	fosfomycin	fosfomycin			NO_ACCESSIONS	S	S			NOT_EVALUATED	<=	8	<=	8			NOT_EVALUATED
933	28704546	W56_130515	fusidic acid	fusidic acid			NO_ACCESSIONS	S	S			NOT_EVALUATED	<=	0.5	<=	0.5			NOT_EVALUATED
934	28704546	W56_130515	mupirocin	mupirocin			NO_ACCESSIONS	S	S			NOT_EVALUATED	<=	2	<=	2			NOT_EVALUATED
935	28704546	W56_130515	chloramphenicol	chloramphenicol			NO_ACCESSIONS	S	S			NOT_EVALUATED	=	8	=	8			NOT_EVALUATED
936	28704546	W56_130515	rifampin	rifampin			NO_ACCESSIONS	S	S			NOT_EVALUATED	<=	0.03	<=	0.03			NOT_EVALUATED
937	28704546	W56_130515	trimethoprim/sulfamethoxazole	trimethoprim/sulfamethoxazole			NO_ACCESSIONS	S	S			NOT_EVALUATED	<=	10	<=	10			NOT_EVALUATED
938	28704546	N57_130515	penicillin	penicillin			NO_ACCESSIONS	R	R			NOT_EVALUATED	>=	0.5	>=	0.5			NOT_EVALUATED
939	28704546	N57_130515	oxacillin	oxacillin			NO_ACCESSIONS	S	S			NOT_EVALUATED	<=	0.25	<=	0.25			NOT_EVALUATED
940	28704546	N57_130515	gentamicin	gentamicin			NO_ACCESSIONS	S	S			NOT_EVALUATED	<=	0.5	<=	0.5			NOT_EVALUATED
941	28704546	N57_130515	kanamycin	kanamycin			NO_ACCESSIONS	S	S			NOT_EVALUATED	<=	4	<=	4			NOT_EVALUATED
942	28704546	N57_130515	tobramycin	tobramycin			NO_ACCESSIONS	S	S			NOT_EVALUATED	<=	1	<=	1			NOT_EVALUATED
943	28704546	N57_130515	ciprofloxacin	ciprofloxacin			NO_ACCESSIONS	S	S			NOT_EVALUATED	<=	0.5	<=	0.5			NOT_EVALUATED
944	28704546	N57_130515	erythromycin	erythromycin			NO_ACCESSIONS	S	S			NOT_EVALUATED	=	1	=	1			NOT_EVALUATED
945	28704546	N57_130515	clindamycin	clindamycin			NO_ACCESSIONS	S	S			NOT_EVALUATED	=	0.25	=	0.25			NOT_EVALUATED
946	28704546	N57_130515	linezolid	linezolid			NO_ACCESSIONS	S	S			NOT_EVALUATED	=	2	=	2			NOT_EVALUATED
947	28704546	N57_130515	teicoplanin	teicoplanin			NO_ACCESSIONS	S	S			NOT_EVALUATED	<=	0.5	<=	0.5			NOT_EVALUATED
948	28704546	N57_130515	vancomycin	vancomycin			NO_ACCESSIONS	S	S			NOT_EVALUATED	<=	0.5	<=	0.5			NOT_EVALUATED
949	28704546	N57_130515	tetracycline	tetracycline			NO_ACCESSIONS	S	S			NOT_EVALUATED	<=	1	<=	1			NOT_EVALUATED
950	28704546	N57_130515	fosfomycin	fosfomycin			NO_ACCESSIONS	S	S			NOT_EVALUATED	<=	8	<=	8			NOT_EVALUATED
951	28704546	N57_130515	fusidic acid	fusidic acid			NO_ACCESSIONS	S	S			NOT_EVALUATED	<=	0.5	<=	0.5			NOT_EVALUATED
952	28704546	N57_130515	mupirocin	mupirocin			NO_ACCESSIONS	S	S			NOT_EVALUATED	<=	2	<=	2			NOT_EVALUATED
953	28704546	N57_130515	chloramphenicol	chloramphenicol			NO_ACCESSIONS	S	S			NOT_EVALUATED	<=	4	<=	4			NOT_EVALUATED
954	28704546	N57_130515	rifampin	rifampin			NO_ACCESSIONS	S	S			NOT_EVALUATED	<=	0.03	<=	0.03			NOT_EVALUATED
955	28704546	N57_130515	trimethoprim/sulfamethoxazole	trimethoprim/sulfamethoxazole			NO_ACCESSIONS	S	S			NOT_EVALUATED	<=	10	<=	10			NOT_EVALUATED
956	28704546	W57_130515	penicillin	penicillin			NO_ACCESSIONS	R	R			NOT_EVALUATED	>=	0.5	>=	0.5			NOT_EVALUATED
957	28704546	W57_130515	oxacillin	oxacillin			NO_ACCESSIONS	S	S			NOT_EVALUATED	=	0.5	=	0.5			NOT_EVALUATED
958	28704546	W57_130515	gentamicin	gentamicin			NO_ACCESSIONS	S	S			NOT_EVALUATED	<=	0.5	<=	0.5			NOT_EVALUATED
959	28704546	W57_130515	kanamycin	kanamycin			NO_ACCESSIONS	S	S			NOT_EVALUATED	<=	4	<=	4			NOT_EVALUATED
960	28704546	W57_130515	tobramycin	tobramycin			NO_ACCESSIONS	S	S			NOT_EVALUATED	<=	1	<=	1			NOT_EVALUATED
961	28704546	W57_130515	ciprofloxacin	ciprofloxacin			NO_ACCESSIONS	S	S			NOT_EVALUATED	<=	0.5	<=	0.5			NOT_EVALUATED
962	28704546	W57_130515	erythromycin	erythromycin			NO_ACCESSIONS	S	S			NOT_EVALUATED	=	1	=	1			NOT_EVALUATED
963	28704546	W57_130515	clindamycin	clindamycin			NO_ACCESSIONS	S	S			NOT_EVALUATED	=	0.25	=	0.25			NOT_EVALUATED
964	28704546	W57_130515	linezolid	linezolid			NO_ACCESSIONS	S	S			NOT_EVALUATED	=	2	=	2			NOT_EVALUATED
965	28704546	W57_130515	teicoplanin	teicoplanin			NO_ACCESSIONS	S	S			NOT_EVALUATED	<=	0.5	<=	0.5			NOT_EVALUATED
966	28704546	W57_130515	vancomycin	vancomycin			NO_ACCESSIONS	S	S			NOT_EVALUATED	=	1	=	1			NOT_EVALUATED
967	28704546	W57_130515	tetracycline	tetracycline			NO_ACCESSIONS	S	S			NOT_EVALUATED	<=	1	<=	1			NOT_EVALUATED
968	28704546	W57_130515	fosfomycin	fosfomycin			NO_ACCESSIONS	S	S			NOT_EVALUATED	<=	8	<=	8			NOT_EVALUATED
969	28704546	W57_130515	fusidic acid	fusidic acid			NO_ACCESSIONS	S	S			NOT_EVALUATED	<=	0.5	<=	0.5			NOT_EVALUATED
970	28704546	W57_130515	mupirocin	mupirocin			NO_ACCESSIONS	S	S			NOT_EVALUATED	<=	2	<=	2			NOT_EVALUATED
971	28704546	W57_130515	chloramphenicol	chloramphenicol			NO_ACCESSIONS	R	R			NOT_EVALUATED	>=	64	>=	64			NOT_EVALUATED
972	28704546	W57_130515	rifampin	rifampin			NO_ACCESSIONS	S	S			NOT_EVALUATED	<=	0.03	<=	0.03			NOT_EVALUATED
973	28704546	W57_130515	trimethoprim/sulfamethoxazole	trimethoprim/sulfamethoxazole			NO_ACCESSIONS	S	S			NOT_EVALUATED	<=	10	<=	10			NOT_EVALUATED
974	28704546	B58_200515	penicillin	penicillin			NO_ACCESSIONS	R	R			NOT_EVALUATED	>=	0.5	>=	0.5			NOT_EVALUATED
975	28704546	B58_200515	oxacillin	oxacillin			NO_ACCESSIONS	S	S			NOT_EVALUATED	<=	0.25	<=	0.25			NOT_EVALUATED
976	28704546	B58_200515	gentamicin	gentamicin			NO_ACCESSIONS	S	S			NOT_EVALUATED	<=	0.5	<=	0.5			NOT_EVALUATED
977	28704546	B58_200515	kanamycin	kanamycin			NO_ACCESSIONS	S	S			NOT_EVALUATED	<=	4	<=	4			NOT_EVALUATED
978	28704546	B58_200515	tobramycin	tobramycin			NO_ACCESSIONS	S	S			NOT_EVALUATED	<=	1	<=	1			NOT_EVALUATED
979	28704546	B58_200515	ciprofloxacin	ciprofloxacin			NO_ACCESSIONS	S	S			NOT_EVALUATED	<=	0.5	<=	0.5			NOT_EVALUATED
980	28704546	B58_200515	erythromycin	erythromycin			NO_ACCESSIONS	S	S			NOT_EVALUATED	=	1	=	1			NOT_EVALUATED
981	28704546	B58_200515	clindamycin	clindamycin			NO_ACCESSIONS	S	S			NOT_EVALUATED	=	0.25	=	0.25			NOT_EVALUATED
982	28704546	B58_200515	linezolid	linezolid			NO_ACCESSIONS	S	S			NOT_EVALUATED	=	2	=	2			NOT_EVALUATED
983	28704546	B58_200515	teicoplanin	teicoplanin			NO_ACCESSIONS	S	S			NOT_EVALUATED	<=	0.5	<=	0.5			NOT_EVALUATED
984	28704546	B58_200515	vancomycin	vancomycin			NO_ACCESSIONS	S	S			NOT_EVALUATED	=	1	=	1			NOT_EVALUATED
985	28704546	B58_200515	tetracycline	tetracycline			NO_ACCESSIONS	S	S			NOT_EVALUATED	<=	1	<=	1			NOT_EVALUATED
986	28704546	B58_200515	fosfomycin	fosfomycin			NO_ACCESSIONS	S	S			NOT_EVALUATED	<=	8	<=	8			NOT_EVALUATED
987	28704546	B58_200515	fusidic acid	fusidic acid			NO_ACCESSIONS	S	S			NOT_EVALUATED	<=	0.5	<=	0.5			NOT_EVALUATED
988	28704546	B58_200515	mupirocin	mupirocin			NO_ACCESSIONS	S	S			NOT_EVALUATED	<=	2	<=	2			NOT_EVALUATED
989	28704546	B58_200515	chloramphenicol	chloramphenicol			NO_ACCESSIONS	R	R			NOT_EVALUATED	>=	64	>=	64			NOT_EVALUATED
990	28704546	B58_200515	rifampin	rifampin			NO_ACCESSIONS	S	S			NOT_EVALUATED	<=	0.03	<=	0.03			NOT_EVALUATED
991	28704546	B58_200515	trimethoprim/sulfamethoxazole	trimethoprim/sulfamethoxazole			NO_ACCESSIONS	S	S			NOT_EVALUATED	<=	10	<=	10			NOT_EVALUATED
992	28704546	N58_190515	penicillin	penicillin			NO_ACCESSIONS	R	R			NOT_EVALUATED	>=	0.5	>=	0.5			NOT_EVALUATED
993	28704546	N58_190515	oxacillin	oxacillin			NO_ACCESSIONS	S	S			NOT_EVALUATED	=	0.5	=	0.5			NOT_EVALUATED
994	28704546	N58_190515	gentamicin	gentamicin			NO_ACCESSIONS	S	S			NOT_EVALUATED	<=	0.5	<=	0.5			NOT_EVALUATED
995	28704546	N58_190515	kanamycin	kanamycin			NO_ACCESSIONS	S	S			NOT_EVALUATED	<=	4	<=	4			NOT_EVALUATED
996	28704546	N58_190515	tobramycin	tobramycin			NO_ACCESSIONS	S	S			NOT_EVALUATED	<=	1	<=	1			NOT_EVALUATED
997	28704546	N58_190515	ciprofloxacin	ciprofloxacin			NO_ACCESSIONS	S	S			NOT_EVALUATED	<=	0.5	<=	0.5			NOT_EVALUATED
998	28704546	N58_190515	erythromycin	erythromycin			NO_ACCESSIONS	S	S			NOT_EVALUATED	=	1	=	1			NOT_EVALUATED
999	28704546	N58_190515	clindamycin	clindamycin			NO_ACCESSIONS	S	S			NOT_EVALUATED	=	0.25	=	0.25			NOT_EVALUATED
1000	28704546	N58_190515	linezolid	linezolid			NO_ACCESSIONS	S	S			NOT_EVALUATED	=	2	=	2			NOT_EVALUATED
1001	28704546	N58_190515	teicoplanin	teicoplanin			NO_ACCESSIONS	S	S			NOT_EVALUATED	<=	0.5	<=	0.5			NOT_EVALUATED
1002	28704546	N58_190515	vancomycin	vancomycin			NO_ACCESSIONS	S	S			NOT_EVALUATED	<=	0.5	<=	0.5			NOT_EVALUATED
1003	28704546	N58_190515	tetracycline	tetracycline			NO_ACCESSIONS	S	S			NOT_EVALUATED	<=	1	<=	1			NOT_EVALUATED
1004	28704546	N58_190515	fosfomycin	fosfomycin			NO_ACCESSIONS	S	S			NOT_EVALUATED	<=	8	<=	8			NOT_EVALUATED
1005	28704546	N58_190515	fusidic acid	fusidic acid			NO_ACCESSIONS	S	S			NOT_EVALUATED	<=	0.5	<=	0.5			NOT_EVALUATED
1006	28704546	N58_190515	mupirocin	mupirocin			NO_ACCESSIONS	S	S			NOT_EVALUATED	<=	2	<=	2			NOT_EVALUATED
1007	28704546	N58_190515	chloramphenicol	chloramphenicol			NO_ACCESSIONS	S	S			NOT_EVALUATED	=	8	=	8			NOT_EVALUATED
1008	28704546	N58_190515	rifampin	rifampin			NO_ACCESSIONS	S	S			NOT_EVALUATED	<=	0.03	<=	0.03			NOT_EVALUATED
1009	28704546	N58_190515	trimethoprim/sulfamethoxazole	trimethoprim/sulfamethoxazole			NO_ACCESSIONS	S	S			NOT_EVALUATED	<=	10	<=	10			NOT_EVALUATED
1010	28704546	W58_190515	penicillin	penicillin			NO_ACCESSIONS	R	R			NOT_EVALUATED	>=	0.5	>=	0.5			NOT_EVALUATED
1011	28704546	W58_190515	oxacillin	oxacillin			NO_ACCESSIONS	S	S			NOT_EVALUATED	=	0.5	=	0.5			NOT_EVALUATED
1012	28704546	W58_190515	gentamicin	gentamicin			NO_ACCESSIONS	S	S			NOT_EVALUATED	<=	0.5	<=	0.5			NOT_EVALUATED
1013	28704546	W58_190515	kanamycin	kanamycin			NO_ACCESSIONS	S	S			NOT_EVALUATED	<=	4	<=	4			NOT_EVALUATED
1014	28704546	W58_190515	tobramycin	tobramycin			NO_ACCESSIONS	S	S			NOT_EVALUATED	<=	1	<=	1			NOT_EVALUATED
1015	28704546	W58_190515	ciprofloxacin	ciprofloxacin			NO_ACCESSIONS	S	S			NOT_EVALUATED	<=	0.5	<=	0.5			NOT_EVALUATED
1016	28704546	W58_190515	erythromycin	erythromycin			NO_ACCESSIONS	S	S			NOT_EVALUATED	=	1	=	1			NOT_EVALUATED
1017	28704546	W58_190515	clindamycin	clindamycin			NO_ACCESSIONS	S	S			NOT_EVALUATED	=	0.25	=	0.25			NOT_EVALUATED
1018	28704546	W58_190515	linezolid	linezolid			NO_ACCESSIONS	S	S			NOT_EVALUATED	=	2	=	2			NOT_EVALUATED
1019	28704546	W58_190515	teicoplanin	teicoplanin			NO_ACCESSIONS	S	S			NOT_EVALUATED	<=	0.5	<=	0.5			NOT_EVALUATED
1020	28704546	W58_190515	vancomycin	vancomycin			NO_ACCESSIONS	S	S			NOT_EVALUATED	<=	0.5	<=	0.5			NOT_EVALUATED
1021	28704546	W58_190515	tetracycline	tetracycline			NO_ACCESSIONS	S	S			NOT_EVALUATED	<=	1	<=	1			NOT_EVALUATED
1022	28704546	W58_190515	fosfomycin	fosfomycin			NO_ACCESSIONS	S	S			NOT_EVALUATED	<=	8	<=	8			NOT_EVALUATED
1023	28704546	W58_190515	fusidic acid	fusidic acid			NO_ACCESSIONS	S	S			NOT_EVALUATED	<=	0.5	<=	0.5			NOT_EVALUATED
1024	28704546	W58_190515	mupirocin	mupirocin			NO_ACCESSIONS	S	S			NOT_EVALUATED	<=	2	<=	2			NOT_EVALUATED
1025	28704546	W58_190515	chloramphenicol	chloramphenicol			NO_ACCESSIONS	S	S			NOT_EVALUATED	=	8	=	8			NOT_EVALUATED
1026	28704546	W58_190515	rifampin	rifampin			NO_ACCESSIONS	S	S			NOT_EVALUATED	<=	0.03	<=	0.03			NOT_EVALUATED
1027	28704546	W58_190515	trimethoprim/sulfamethoxazole	trimethoprim/sulfamethoxazole			NO_ACCESSIONS	S	S			NOT_EVALUATED	<=	10	<=	10			NOT_EVALUATED
1028	28704546	N60_200515	penicillin	penicillin			NO_ACCESSIONS	R	R			NOT_EVALUATED	>=	0.5	>=	0.5			NOT_EVALUATED
1029	28704546	N60_200515	oxacillin	oxacillin			NO_ACCESSIONS	S	S			NOT_EVALUATED	<=	0.25	<=	0.25			NOT_EVALUATED
1030	28704546	N60_200515	gentamicin	gentamicin			NO_ACCESSIONS	S	S			NOT_EVALUATED	<=	0.5	<=	0.5			NOT_EVALUATED
1031	28704546	N60_200515	kanamycin	kanamycin			NO_ACCESSIONS	S	S			NOT_EVALUATED	<=	4	<=	4			NOT_EVALUATED
1032	28704546	N60_200515	tobramycin	tobramycin			NO_ACCESSIONS	S	S			NOT_EVALUATED	<=	1	<=	1			NOT_EVALUATED
1033	28704546	N60_200515	ciprofloxacin	ciprofloxacin			NO_ACCESSIONS	S	S			NOT_EVALUATED	<=	0.5	<=	0.5			NOT_EVALUATED
1034	28704546	N60_200515	erythromycin	erythromycin			NO_ACCESSIONS	S	S			NOT_EVALUATED	=	0.5	=	0.5			NOT_EVALUATED
1035	28704546	N60_200515	clindamycin	clindamycin			NO_ACCESSIONS	S	S			NOT_EVALUATED	=	0.25	=	0.25			NOT_EVALUATED
1036	28704546	N60_200515	linezolid	linezolid			NO_ACCESSIONS	S	S			NOT_EVALUATED	=	2	=	2			NOT_EVALUATED
1037	28704546	N60_200515	teicoplanin	teicoplanin			NO_ACCESSIONS	S	S			NOT_EVALUATED	<=	0.5	<=	0.5			NOT_EVALUATED
1038	28704546	N60_200515	vancomycin	vancomycin			NO_ACCESSIONS	S	S			NOT_EVALUATED	<=	0.5	<=	0.5			NOT_EVALUATED
1039	28704546	N60_200515	tetracycline	tetracycline			NO_ACCESSIONS	S	S			NOT_EVALUATED	<=	1	<=	1			NOT_EVALUATED
1040	28704546	N60_200515	fosfomycin	fosfomycin			NO_ACCESSIONS	S	S			NOT_EVALUATED	<=	8	<=	8			NOT_EVALUATED
1041	28704546	N60_200515	fusidic acid	fusidic acid			NO_ACCESSIONS	S	S			NOT_EVALUATED	<=	0.5	<=	0.5			NOT_EVALUATED
1042	28704546	N60_200515	mupirocin	mupirocin			NO_ACCESSIONS	S	S			NOT_EVALUATED	<=	2	<=	2			NOT_EVALUATED
1043	28704546	N60_200515	chloramphenicol	chloramphenicol			NO_ACCESSIONS	S	S			NOT_EVALUATED	=	8	=	8			NOT_EVALUATED
1044	28704546	N60_200515	rifampin	rifampin			NO_ACCESSIONS	S	S			NOT_EVALUATED	<=	0.03	<=	0.03			NOT_EVALUATED
1045	28704546	N60_200515	trimethoprim/sulfamethoxazole	trimethoprim/sulfamethoxazole			NO_ACCESSIONS	R	R			NOT_EVALUATED	>=	320	>=	320			NOT_EVALUATED
1046	28704546	N62_270515	penicillin	penicillin			NO_ACCESSIONS	R	R			NOT_EVALUATED	>=	0.5	>=	0.5			NOT_EVALUATED
1047	28704546	N62_270515	oxacillin	oxacillin			NO_ACCESSIONS	R	R			NOT_EVALUATED	>=	4	>=	4			NOT_EVALUATED
1048	28704546	N62_270515	gentamicin	gentamicin			NO_ACCESSIONS	R	R			NOT_EVALUATED	>=	16	>=	16			NOT_EVALUATED
1049	28704546	N62_270515	kanamycin	kanamycin			NO_ACCESSIONS	R	R			NOT_EVALUATED	>=	64	>=	64			NOT_EVALUATED
1050	28704546	N62_270515	tobramycin	tobramycin			NO_ACCESSIONS	R	R			NOT_EVALUATED	>=	16	>=	16			NOT_EVALUATED
1051	28704546	N62_270515	ciprofloxacin	ciprofloxacin			NO_ACCESSIONS	R	R			NOT_EVALUATED	>=	8	>=	8			NOT_EVALUATED
1052	28704546	N62_270515	erythromycin	erythromycin			NO_ACCESSIONS	S	S			NOT_EVALUATED	=	1	=	1			NOT_EVALUATED
1053	28704546	N62_270515	clindamycin	clindamycin			NO_ACCESSIONS	S	S			NOT_EVALUATED	=	0.25	=	0.25			NOT_EVALUATED
1054	28704546	N62_270515	linezolid	linezolid			NO_ACCESSIONS	S	S			NOT_EVALUATED	=	2	=	2			NOT_EVALUATED
1055	28704546	N62_270515	teicoplanin	teicoplanin			NO_ACCESSIONS	S	S			NOT_EVALUATED	<=	0.5	<=	0.5			NOT_EVALUATED
1056	28704546	N62_270515	vancomycin	vancomycin			NO_ACCESSIONS	S	S			NOT_EVALUATED	<=	0.5	<=	0.5			NOT_EVALUATED
1057	28704546	N62_270515	tetracycline	tetracycline			NO_ACCESSIONS	R	R			NOT_EVALUATED	>=	16	>=	16			NOT_EVALUATED
1058	28704546	N62_270515	fosfomycin	fosfomycin			NO_ACCESSIONS	S	S			NOT_EVALUATED	<=	8	<=	8			NOT_EVALUATED
1059	28704546	N62_270515	fusidic acid	fusidic acid			NO_ACCESSIONS	S	S			NOT_EVALUATED	<=	0.5	<=	0.5			NOT_EVALUATED
1060	28704546	N62_270515	mupirocin	mupirocin			NO_ACCESSIONS	S	S			NOT_EVALUATED	<=	2	<=	2			NOT_EVALUATED
1061	28704546	N62_270515	chloramphenicol	chloramphenicol			NO_ACCESSIONS	R	R			NOT_EVALUATED	>=	64	>=	64			NOT_EVALUATED
1062	28704546	N62_270515	rifampin	rifampin			NO_ACCESSIONS	S	S			NOT_EVALUATED	<=	0.03	<=	0.03			NOT_EVALUATED
1063	28704546	N62_270515	trimethoprim/sulfamethoxazole	trimethoprim/sulfamethoxazole			NO_ACCESSIONS	S	S			NOT_EVALUATED	<=	10	<=	10			NOT_EVALUATED
1064	28704546	W62_270515	penicillin	penicillin			NO_ACCESSIONS	R	R			NOT_EVALUATED	>=	0.5	>=	0.5			NOT_EVALUATED
1065	28704546	W62_270515	oxacillin	oxacillin			NO_ACCESSIONS	S	S			NOT_EVALUATED	=	0.5	=	0.5			NOT_EVALUATED
1066	28704546	W62_270515	gentamicin	gentamicin			NO_ACCESSIONS	S	S			NOT_EVALUATED	<=	0.5	<=	0.5			NOT_EVALUATED
1067	28704546	W62_270515	kanamycin	kanamycin			NO_ACCESSIONS	S	S			NOT_EVALUATED	<=	4	<=	4			NOT_EVALUATED
1068	28704546	W62_270515	tobramycin	tobramycin			NO_ACCESSIONS	S	S			NOT_EVALUATED	<=	1	<=	1			NOT_EVALUATED
1069	28704546	W62_270515	ciprofloxacin	ciprofloxacin			NO_ACCESSIONS	S	S			NOT_EVALUATED	<=	0.5	<=	0.5			NOT_EVALUATED
1070	28704546	W62_270515	erythromycin	erythromycin			NO_ACCESSIONS	S	S			NOT_EVALUATED	=	1	=	1			NOT_EVALUATED
1071	28704546	W62_270515	clindamycin	clindamycin			NO_ACCESSIONS	S	S			NOT_EVALUATED	=	0.25	=	0.25			NOT_EVALUATED
1072	28704546	W62_270515	linezolid	linezolid			NO_ACCESSIONS	S	S			NOT_EVALUATED	=	2	=	2			NOT_EVALUATED
1073	28704546	W62_270515	teicoplanin	teicoplanin			NO_ACCESSIONS	S	S			NOT_EVALUATED	<=	0.5	<=	0.5			NOT_EVALUATED
1074	28704546	W62_270515	vancomycin	vancomycin			NO_ACCESSIONS	S	S			NOT_EVALUATED	<=	0.5	<=	0.5			NOT_EVALUATED
1075	28704546	W62_270515	tetracycline	tetracycline			NO_ACCESSIONS	R	R			NOT_EVALUATED	>=	16	>=	16			NOT_EVALUATED
1076	28704546	W62_270515	fosfomycin	fosfomycin			NO_ACCESSIONS	S	S			NOT_EVALUATED	<=	8	<=	8			NOT_EVALUATED
1077	28704546	W62_270515	fusidic acid	fusidic acid			NO_ACCESSIONS	S	S			NOT_EVALUATED	<=	0.5	<=	0.5			NOT_EVALUATED
1078	28704546	W62_270515	mupirocin	mupirocin			NO_ACCESSIONS	S	S			NOT_EVALUATED	<=	2	<=	2			NOT_EVALUATED
1079	28704546	W62_270515	chloramphenicol	chloramphenicol			NO_ACCESSIONS	S	S			NOT_EVALUATED	=	8	=	8			NOT_EVALUATED
1080	28704546	W62_270515	rifampin	rifampin			NO_ACCESSIONS	S	S			NOT_EVALUATED	<=	0.03	<=	0.03			NOT_EVALUATED
1081	28704546	W62_270515	trimethoprim/sulfamethoxazole	trimethoprim/sulfamethoxazole			NO_ACCESSIONS	S	S			NOT_EVALUATED	<=	10	<=	10			NOT_EVALUATED
1082	28704546	HCW01_060515	penicillin	penicillin			NO_ACCESSIONS	R	R			NOT_EVALUATED	>=	0.5	>=	0.5			NOT_EVALUATED
1083	28704546	HCW01_060515	oxacillin	oxacillin			NO_ACCESSIONS	S	S			NOT_EVALUATED	=	0.5	=	0.5			NOT_EVALUATED
1084	28704546	HCW01_060515	gentamicin	gentamicin			NO_ACCESSIONS	S	S			NOT_EVALUATED	<=	0.5	<=	0.5			NOT_EVALUATED
1085	28704546	HCW01_060515	kanamycin	kanamycin			NO_ACCESSIONS	S	S			NOT_EVALUATED	<=	4	<=	4			NOT_EVALUATED
1086	28704546	HCW01_060515	tobramycin	tobramycin			NO_ACCESSIONS	S	S			NOT_EVALUATED	<=	1	<=	1			NOT_EVALUATED
1087	28704546	HCW01_060515	ciprofloxacin	ciprofloxacin			NO_ACCESSIONS	S	S			NOT_EVALUATED	<=	0.5	<=	0.5			NOT_EVALUATED
1088	28704546	HCW01_060515	erythromycin	erythromycin			NO_ACCESSIONS	S	S			NOT_EVALUATED	=	1	=	1			NOT_EVALUATED
1089	28704546	HCW01_060515	clindamycin	clindamycin			NO_ACCESSIONS	S	S			NOT_EVALUATED	=	0.25	=	0.25			NOT_EVALUATED
1090	28704546	HCW01_060515	linezolid	linezolid			NO_ACCESSIONS	S	S			NOT_EVALUATED	=	2	=	2			NOT_EVALUATED
1091	28704546	HCW01_060515	teicoplanin	teicoplanin			NO_ACCESSIONS	S	S			NOT_EVALUATED	<=	0.5	<=	0.5			NOT_EVALUATED
1092	28704546	HCW01_060515	vancomycin	vancomycin			NO_ACCESSIONS	S	S			NOT_EVALUATED	=	1	=	1			NOT_EVALUATED
1093	28704546	HCW01_060515	tetracycline	tetracycline			NO_ACCESSIONS	S	S			NOT_EVALUATED	<=	1	<=	1			NOT_EVALUATED
1094	28704546	HCW01_060515	fosfomycin	fosfomycin			NO_ACCESSIONS	S	S			NOT_EVALUATED	<=	8	<=	8			NOT_EVALUATED
1095	28704546	HCW01_060515	fusidic acid	fusidic acid			NO_ACCESSIONS	S	S			NOT_EVALUATED	<=	0.5	<=	0.5			NOT_EVALUATED
1096	28704546	HCW01_060515	mupirocin	mupirocin			NO_ACCESSIONS	S	S			NOT_EVALUATED	<=	2	<=	2			NOT_EVALUATED
1097	28704546	HCW01_060515	chloramphenicol	chloramphenicol			NO_ACCESSIONS	S	S			NOT_EVALUATED	<=	4	<=	4			NOT_EVALUATED
1098	28704546	HCW01_060515	rifampin	rifampin			NO_ACCESSIONS	S	S			NOT_EVALUATED	<=	0.03	<=	0.03			NOT_EVALUATED
1099	28704546	HCW01_060515	trimethoprim/sulfamethoxazole	trimethoprim/sulfamethoxazole			NO_ACCESSIONS	R	R			NOT_EVALUATED	>=	320	>=	320			NOT_EVALUATED
1100	28704546	HCW01_170215	penicillin	penicillin			NO_ACCESSIONS	R	R			NOT_EVALUATED	>=	0.5	>=	0.5			NOT_EVALUATED
1101	28704546	HCW01_170215	oxacillin	oxacillin			NO_ACCESSIONS	S	S			NOT_EVALUATED	=	0.5	=	0.5			NOT_EVALUATED
1102	28704546	HCW01_170215	gentamicin	gentamicin			NO_ACCESSIONS	S	S			NOT_EVALUATED	<=	0.5	<=	0.5			NOT_EVALUATED
1103	28704546	HCW01_170215	kanamycin	kanamycin			NO_ACCESSIONS	S	S			NOT_EVALUATED	<=	4	<=	4			NOT_EVALUATED
1104	28704546	HCW01_170215	tobramycin	tobramycin			NO_ACCESSIONS	S	S			NOT_EVALUATED	<=	1	<=	1			NOT_EVALUATED
1105	28704546	HCW01_170215	ciprofloxacin	ciprofloxacin			NO_ACCESSIONS	S	S			NOT_EVALUATED	<=	0.5	<=	0.5			NOT_EVALUATED
1106	28704546	HCW01_170215	erythromycin	erythromycin			NO_ACCESSIONS	S	S			NOT_EVALUATED	=	1	=	1			NOT_EVALUATED
1107	28704546	HCW01_170215	clindamycin	clindamycin			NO_ACCESSIONS	S	S			NOT_EVALUATED	=	0.25	=	0.25			NOT_EVALUATED
1108	28704546	HCW01_170215	linezolid	linezolid			NO_ACCESSIONS	S	S			NOT_EVALUATED	=	2	=	2			NOT_EVALUATED
1109	28704546	HCW01_170215	teicoplanin	teicoplanin			NO_ACCESSIONS	S	S			NOT_EVALUATED	<=	0.5	<=	0.5			NOT_EVALUATED
1110	28704546	HCW01_170215	vancomycin	vancomycin			NO_ACCESSIONS	S	S			NOT_EVALUATED	=	1	=	1			NOT_EVALUATED
1111	28704546	HCW01_170215	tetracycline	tetracycline			NO_ACCESSIONS	S	S			NOT_EVALUATED	<=	1	<=	1			NOT_EVALUATED
1112	28704546	HCW01_170215	fosfomycin	fosfomycin			NO_ACCESSIONS	S	S			NOT_EVALUATED	<=	8	<=	8			NOT_EVALUATED
1113	28704546	HCW01_170215	fusidic acid	fusidic acid			NO_ACCESSIONS	S	S			NOT_EVALUATED	<=	0.5	<=	0.5			NOT_EVALUATED
1114	28704546	HCW01_170215	mupirocin	mupirocin			NO_ACCESSIONS	S	S			NOT_EVALUATED	<=	2	<=	2			NOT_EVALUATED
1115	28704546	HCW01_170215	chloramphenicol	chloramphenicol			NO_ACCESSIONS	S	S			NOT_EVALUATED	=	8	=	8			NOT_EVALUATED
1116	28704546	HCW01_170215	rifampin	rifampin			NO_ACCESSIONS	S	S			NOT_EVALUATED	<=	0.03	<=	0.03			NOT_EVALUATED
1117	28704546	HCW01_170215	trimethoprim/sulfamethoxazole	trimethoprim/sulfamethoxazole			NO_ACCESSIONS	R	R			NOT_EVALUATED	>=	320	>=	320			NOT_EVALUATED
1118	28704546	HCW05_031214	penicillin	penicillin			NO_ACCESSIONS	R	R			NOT_EVALUATED	>=	0.5	>=	0.5			NOT_EVALUATED
1119	28704546	HCW05_031214	oxacillin	oxacillin			NO_ACCESSIONS	S	S			NOT_EVALUATED	=	1	=	1			NOT_EVALUATED
1120	28704546	HCW05_031214	gentamicin	gentamicin			NO_ACCESSIONS	S	S			NOT_EVALUATED	<=	0.5	<=	0.5			NOT_EVALUATED
1121	28704546	HCW05_031214	kanamycin	kanamycin			NO_ACCESSIONS	S	S			NOT_EVALUATED	<=	4	<=	4			NOT_EVALUATED
1122	28704546	HCW05_031214	tobramycin	tobramycin			NO_ACCESSIONS	S	S			NOT_EVALUATED	<=	1	<=	1			NOT_EVALUATED
1123	28704546	HCW05_031214	ciprofloxacin	ciprofloxacin			NO_ACCESSIONS	S	S			NOT_EVALUATED	<=	0.5	<=	0.5			NOT_EVALUATED
1124	28704546	HCW05_031214	erythromycin	erythromycin			NO_ACCESSIONS	S	S			NOT_EVALUATED	=	1	=	1			NOT_EVALUATED
1125	28704546	HCW05_031214	clindamycin	clindamycin			NO_ACCESSIONS	S	S			NOT_EVALUATED	=	0.25	=	0.25			NOT_EVALUATED
1126	28704546	HCW05_031214	linezolid	linezolid			NO_ACCESSIONS	S	S			NOT_EVALUATED	=	2	=	2			NOT_EVALUATED
1127	28704546	HCW05_031214	teicoplanin	teicoplanin			NO_ACCESSIONS	S	S			NOT_EVALUATED	<=	0.5	<=	0.5			NOT_EVALUATED
1128	28704546	HCW05_031214	vancomycin	vancomycin			NO_ACCESSIONS	S	S			NOT_EVALUATED	=	1	=	1			NOT_EVALUATED
1129	28704546	HCW05_031214	tetracycline	tetracycline			NO_ACCESSIONS	R	R			NOT_EVALUATED	>=	16	>=	16			NOT_EVALUATED
1130	28704546	HCW05_031214	fosfomycin	fosfomycin			NO_ACCESSIONS	S	S			NOT_EVALUATED	<=	8	<=	8			NOT_EVALUATED
1131	28704546	HCW05_031214	fusidic acid	fusidic acid			NO_ACCESSIONS	S	S			NOT_EVALUATED	<=	0.5	<=	0.5			NOT_EVALUATED
1132	28704546	HCW05_031214	mupirocin	mupirocin			NO_ACCESSIONS	S	S			NOT_EVALUATED	<=	2	<=	2			NOT_EVALUATED
1133	28704546	HCW05_031214	chloramphenicol	chloramphenicol			NO_ACCESSIONS	R	R			NOT_EVALUATED	>=	64	>=	64			NOT_EVALUATED
1134	28704546	HCW05_031214	rifampin	rifampin			NO_ACCESSIONS	S	S			NOT_EVALUATED	<=	0.03	<=	0.03			NOT_EVALUATED
1135	28704546	HCW05_031214	trimethoprim/sulfamethoxazole	trimethoprim/sulfamethoxazole			NO_ACCESSIONS	S	S			NOT_EVALUATED	<=	10	<=	10			NOT_EVALUATED
1136	28704546	HCW05_100415	penicillin	penicillin			NO_ACCESSIONS	R	R			NOT_EVALUATED	>=	0.5	>=	0.5			NOT_EVALUATED
1137	28704546	HCW05_100415	oxacillin	oxacillin			NO_ACCESSIONS	S	S			NOT_EVALUATED	=	0.5	=	0.5			NOT_EVALUATED
1138	28704546	HCW05_100415	gentamicin	gentamicin			NO_ACCESSIONS	S	S			NOT_EVALUATED	<=	0.5	<=	0.5			NOT_EVALUATED
1139	28704546	HCW05_100415	kanamycin	kanamycin			NO_ACCESSIONS	S	S			NOT_EVALUATED	<=	4	<=	4			NOT_EVALUATED
1140	28704546	HCW05_100415	tobramycin	tobramycin			NO_ACCESSIONS	S	S			NOT_EVALUATED	<=	1	<=	1			NOT_EVALUATED
1141	28704546	HCW05_100415	ciprofloxacin	ciprofloxacin			NO_ACCESSIONS	S	S			NOT_EVALUATED	<=	0.5	<=	0.5			NOT_EVALUATED
1142	28704546	HCW05_100415	erythromycin	erythromycin			NO_ACCESSIONS	S	S			NOT_EVALUATED	=	1	=	1			NOT_EVALUATED
1143	28704546	HCW05_100415	clindamycin	clindamycin			NO_ACCESSIONS	S	S			NOT_EVALUATED	=	0.25	=	0.25			NOT_EVALUATED
1144	28704546	HCW05_100415	linezolid	linezolid			NO_ACCESSIONS	S	S			NOT_EVALUATED	=	2	=	2			NOT_EVALUATED
1145	28704546	HCW05_100415	teicoplanin	teicoplanin			NO_ACCESSIONS	S	S			NOT_EVALUATED	<=	0.5	<=	0.5			NOT_EVALUATED
1146	28704546	HCW05_100415	vancomycin	vancomycin			NO_ACCESSIONS	S	S			NOT_EVALUATED	=	1	=	1			NOT_EVALUATED
1147	28704546	HCW05_100415	tetracycline	tetracycline			NO_ACCESSIONS	S	S			NOT_EVALUATED	<=	1	<=	1			NOT_EVALUATED
1148	28704546	HCW05_100415	fosfomycin	fosfomycin			NO_ACCESSIONS	S	S			NOT_EVALUATED	<=	8	<=	8			NOT_EVALUATED
1149	28704546	HCW05_100415	fusidic acid	fusidic acid			NO_ACCESSIONS	S	S			NOT_EVALUATED	<=	0.5	<=	0.5			NOT_EVALUATED
1150	28704546	HCW05_100415	mupirocin	mupirocin			NO_ACCESSIONS	S	S			NOT_EVALUATED	<=	2	<=	2			NOT_EVALUATED
1151	28704546	HCW05_100415	chloramphenicol	chloramphenicol			NO_ACCESSIONS	S	S			NOT_EVALUATED	=	8	=	8			NOT_EVALUATED
1152	28704546	HCW05_100415	rifampin	rifampin			NO_ACCESSIONS	S	S			NOT_EVALUATED	<=	0.03	<=	0.03			NOT_EVALUATED
1153	28704546	HCW05_100415	trimethoprim/sulfamethoxazole	trimethoprim/sulfamethoxazole			NO_ACCESSIONS	S	S			NOT_EVALUATED	<=	10	<=	10			NOT_EVALUATED
1154	28704546	HCW05_140115	penicillin	penicillin			NO_ACCESSIONS	R	R			NOT_EVALUATED	>=	0.5	>=	0.5			NOT_EVALUATED
1155	28704546	HCW05_140115	oxacillin	oxacillin			NO_ACCESSIONS	S	S			NOT_EVALUATED	=	0.5	=	0.5			NOT_EVALUATED
1156	28704546	HCW05_140115	gentamicin	gentamicin			NO_ACCESSIONS	S	S			NOT_EVALUATED	<=	0.5	<=	0.5			NOT_EVALUATED
1157	28704546	HCW05_140115	kanamycin	kanamycin			NO_ACCESSIONS	S	S			NOT_EVALUATED	<=	4	<=	4			NOT_EVALUATED
1158	28704546	HCW05_140115	tobramycin	tobramycin			NO_ACCESSIONS	S	S			NOT_EVALUATED	<=	1	<=	1			NOT_EVALUATED
1159	28704546	HCW05_140115	ciprofloxacin	ciprofloxacin			NO_ACCESSIONS	S	S			NOT_EVALUATED	<=	0.5	<=	0.5			NOT_EVALUATED
1160	28704546	HCW05_140115	erythromycin	erythromycin			NO_ACCESSIONS	S	S			NOT_EVALUATED	=	0.5	=	0.5			NOT_EVALUATED
1161	28704546	HCW05_140115	clindamycin	clindamycin			NO_ACCESSIONS	S	S			NOT_EVALUATED	=	0.25	=	0.25			NOT_EVALUATED
1162	28704546	HCW05_140115	linezolid	linezolid			NO_ACCESSIONS	S	S			NOT_EVALUATED	=	2	=	2			NOT_EVALUATED
1163	28704546	HCW05_140115	teicoplanin	teicoplanin			NO_ACCESSIONS	S	S			NOT_EVALUATED	<=	0.5	<=	0.5			NOT_EVALUATED
1164	28704546	HCW05_140115	vancomycin	vancomycin			NO_ACCESSIONS	S	S			NOT_EVALUATED	=	1	=	1			NOT_EVALUATED
1165	28704546	HCW05_140115	tetracycline	tetracycline			NO_ACCESSIONS	R	R			NOT_EVALUATED	>=	16	>=	16			NOT_EVALUATED
1166	28704546	HCW05_140115	fosfomycin	fosfomycin			NO_ACCESSIONS	S	S			NOT_EVALUATED	<=	8	<=	8			NOT_EVALUATED
1167	28704546	HCW05_140115	fusidic acid	fusidic acid			NO_ACCESSIONS	S	S			NOT_EVALUATED	<=	0.5	<=	0.5			NOT_EVALUATED
1168	28704546	HCW05_140115	mupirocin	mupirocin			NO_ACCESSIONS	S	S			NOT_EVALUATED	<=	2	<=	2			NOT_EVALUATED
1169	28704546	HCW05_140115	chloramphenicol	chloramphenicol			NO_ACCESSIONS	R	R			NOT_EVALUATED	>=	64	>=	64			NOT_EVALUATED
1170	28704546	HCW05_140115	rifampin	rifampin			NO_ACCESSIONS	S	S			NOT_EVALUATED	<=	0.03	<=	0.03			NOT_EVALUATED
1171	28704546	HCW05_140115	trimethoprim/sulfamethoxazole	trimethoprim/sulfamethoxazole			NO_ACCESSIONS	S	S			NOT_EVALUATED	<=	10	<=	10			NOT_EVALUATED
1172	28704546	HCW07_100415	penicillin	penicillin			NO_ACCESSIONS	R	R			NOT_EVALUATED	=	0.25	=	0.25			NOT_EVALUATED
1173	28704546	HCW07_100415	oxacillin	oxacillin			NO_ACCESSIONS	S	S			NOT_EVALUATED	=	0.5	=	0.5			NOT_EVALUATED
1174	28704546	HCW07_100415	gentamicin	gentamicin			NO_ACCESSIONS	S	S			NOT_EVALUATED	<=	0.5	<=	0.5			NOT_EVALUATED
1175	28704546	HCW07_100415	kanamycin	kanamycin			NO_ACCESSIONS	S	S			NOT_EVALUATED	<=	4	<=	4			NOT_EVALUATED
1176	28704546	HCW07_100415	tobramycin	tobramycin			NO_ACCESSIONS	S	S			NOT_EVALUATED	<=	1	<=	1			NOT_EVALUATED
1177	28704546	HCW07_100415	ciprofloxacin	ciprofloxacin			NO_ACCESSIONS	S	S			NOT_EVALUATED	<=	0.5	<=	0.5			NOT_EVALUATED
1178	28704546	HCW07_100415	erythromycin	erythromycin			NO_ACCESSIONS	S	S			NOT_EVALUATED	=	1	=	1			NOT_EVALUATED
1179	28704546	HCW07_100415	clindamycin	clindamycin			NO_ACCESSIONS	S	S			NOT_EVALUATED	=	0.25	=	0.25			NOT_EVALUATED
1180	28704546	HCW07_100415	linezolid	linezolid			NO_ACCESSIONS	S	S			NOT_EVALUATED	=	2	=	2			NOT_EVALUATED
1181	28704546	HCW07_100415	teicoplanin	teicoplanin			NO_ACCESSIONS	S	S			NOT_EVALUATED	<=	0.5	<=	0.5			NOT_EVALUATED
1182	28704546	HCW07_100415	vancomycin	vancomycin			NO_ACCESSIONS	S	S			NOT_EVALUATED	=	1	=	1			NOT_EVALUATED
1183	28704546	HCW07_100415	tetracycline	tetracycline			NO_ACCESSIONS	S	S			NOT_EVALUATED	<=	1	<=	1			NOT_EVALUATED
1184	28704546	HCW07_100415	fosfomycin	fosfomycin			NO_ACCESSIONS	S	S			NOT_EVALUATED	<=	8	<=	8			NOT_EVALUATED
1185	28704546	HCW07_100415	fusidic acid	fusidic acid			NO_ACCESSIONS	S	S			NOT_EVALUATED	<=	0.5	<=	0.5			NOT_EVALUATED
1186	28704546	HCW07_100415	mupirocin	mupirocin			NO_ACCESSIONS	S	S			NOT_EVALUATED	<=	2	<=	2			NOT_EVALUATED
1187	28704546	HCW07_100415	chloramphenicol	chloramphenicol			NO_ACCESSIONS	S	S			NOT_EVALUATED	=	8	=	8			NOT_EVALUATED
1188	28704546	HCW07_100415	rifampin	rifampin			NO_ACCESSIONS	S	S			NOT_EVALUATED	<=	0.03	<=	0.03			NOT_EVALUATED
1189	28704546	HCW07_100415	trimethoprim/sulfamethoxazole	trimethoprim/sulfamethoxazole			NO_ACCESSIONS	S	S			NOT_EVALUATED	<=	10	<=	10			NOT_EVALUATED
1190	28704546	HCW07_130215	penicillin	penicillin			NO_ACCESSIONS	R	R			NOT_EVALUATED	>=	0.5	>=	0.5			NOT_EVALUATED
1191	28704546	HCW07_130215	oxacillin	oxacillin			NO_ACCESSIONS	S	S			NOT_EVALUATED	=	0.5	=	0.5			NOT_EVALUATED
1192	28704546	HCW07_130215	gentamicin	gentamicin			NO_ACCESSIONS	S	S			NOT_EVALUATED	<=	0.5	<=	0.5			NOT_EVALUATED
1193	28704546	HCW07_130215	kanamycin	kanamycin			NO_ACCESSIONS	S	S			NOT_EVALUATED	<=	4	<=	4			NOT_EVALUATED
1194	28704546	HCW07_130215	tobramycin	tobramycin			NO_ACCESSIONS	S	S			NOT_EVALUATED	<=	1	<=	1			NOT_EVALUATED
1195	28704546	HCW07_130215	ciprofloxacin	ciprofloxacin			NO_ACCESSIONS	S	S			NOT_EVALUATED	<=	0.5	<=	0.5			NOT_EVALUATED
1196	28704546	HCW07_130215	erythromycin	erythromycin			NO_ACCESSIONS	S	S			NOT_EVALUATED	=	0.5	=	0.5			NOT_EVALUATED
1197	28704546	HCW07_130215	clindamycin	clindamycin			NO_ACCESSIONS	S	S			NOT_EVALUATED	=	0.25	=	0.25			NOT_EVALUATED
1198	28704546	HCW07_130215	linezolid	linezolid			NO_ACCESSIONS	S	S			NOT_EVALUATED	=	2	=	2			NOT_EVALUATED
1199	28704546	HCW07_130215	teicoplanin	teicoplanin			NO_ACCESSIONS	S	S			NOT_EVALUATED	<=	0.5	<=	0.5			NOT_EVALUATED
1200	28704546	HCW07_130215	vancomycin	vancomycin			NO_ACCESSIONS	S	S			NOT_EVALUATED	<=	0.5	<=	0.5			NOT_EVALUATED
1201	28704546	HCW07_130215	tetracycline	tetracycline			NO_ACCESSIONS	S	S			NOT_EVALUATED	<=	1	<=	1			NOT_EVALUATED
1202	28704546	HCW07_130215	fosfomycin	fosfomycin			NO_ACCESSIONS	S	S			NOT_EVALUATED	<=	8	<=	8			NOT_EVALUATED
1203	28704546	HCW07_130215	fusidic acid	fusidic acid			NO_ACCESSIONS	S	S			NOT_EVALUATED	<=	0.5	<=	0.5			NOT_EVALUATED
1204	28704546	HCW07_130215	mupirocin	mupirocin			NO_ACCESSIONS	S	S			NOT_EVALUATED	<=	2	<=	2			NOT_EVALUATED
1205	28704546	HCW07_130215	chloramphenicol	chloramphenicol			NO_ACCESSIONS	S	S			NOT_EVALUATED	<=	4	<=	4			NOT_EVALUATED
1206	28704546	HCW07_130215	rifampin	rifampin			NO_ACCESSIONS	S	S			NOT_EVALUATED	<=	0.03	<=	0.03			NOT_EVALUATED
1207	28704546	HCW07_130215	trimethoprim/sulfamethoxazole	trimethoprim/sulfamethoxazole			NO_ACCESSIONS	S	S			NOT_EVALUATED	<=	10	<=	10			NOT_EVALUATED
1208	28704546	HCW10_100415	penicillin	penicillin			NO_ACCESSIONS	R	R			NOT_EVALUATED	=	0.25	=	0.25			NOT_EVALUATED
1209	28704546	HCW10_100415	oxacillin	oxacillin			NO_ACCESSIONS	S	S			NOT_EVALUATED	<=	0.25	<=	0.25			NOT_EVALUATED
1210	28704546	HCW10_100415	gentamicin	gentamicin			NO_ACCESSIONS	S	S			NOT_EVALUATED	<=	0.5	<=	0.5			NOT_EVALUATED
1211	28704546	HCW10_100415	kanamycin	kanamycin			NO_ACCESSIONS	S	S			NOT_EVALUATED	<=	4	<=	4			NOT_EVALUATED
1212	28704546	HCW10_100415	tobramycin	tobramycin			NO_ACCESSIONS	S	S			NOT_EVALUATED	<=	1	<=	1			NOT_EVALUATED
1213	28704546	HCW10_100415	ciprofloxacin	ciprofloxacin			NO_ACCESSIONS	S	S			NOT_EVALUATED	<=	0.5	<=	0.5			NOT_EVALUATED
1214	28704546	HCW10_100415	erythromycin	erythromycin			NO_ACCESSIONS	S	S			NOT_EVALUATED	=	1	=	1			NOT_EVALUATED
1215	28704546	HCW10_100415	clindamycin	clindamycin			NO_ACCESSIONS	S	S			NOT_EVALUATED	=	0.25	=	0.25			NOT_EVALUATED
1216	28704546	HCW10_100415	linezolid	linezolid			NO_ACCESSIONS	S	S			NOT_EVALUATED	=	2	=	2			NOT_EVALUATED
1217	28704546	HCW10_100415	teicoplanin	teicoplanin			NO_ACCESSIONS	S	S			NOT_EVALUATED	<=	0.5	<=	0.5			NOT_EVALUATED
1218	28704546	HCW10_100415	vancomycin	vancomycin			NO_ACCESSIONS	S	S			NOT_EVALUATED	=	1	=	1			NOT_EVALUATED
1219	28704546	HCW10_100415	tetracycline	tetracycline			NO_ACCESSIONS	S	S			NOT_EVALUATED	<=	1	<=	1			NOT_EVALUATED
1220	28704546	HCW10_100415	fosfomycin	fosfomycin			NO_ACCESSIONS	S	S			NOT_EVALUATED	<=	8	<=	8			NOT_EVALUATED
1221	28704546	HCW10_100415	fusidic acid	fusidic acid			NO_ACCESSIONS	S	S			NOT_EVALUATED	<=	0.5	<=	0.5			NOT_EVALUATED
1222	28704546	HCW10_100415	mupirocin	mupirocin			NO_ACCESSIONS	S	S			NOT_EVALUATED	<=	2	<=	2			NOT_EVALUATED
1223	28704546	HCW10_100415	chloramphenicol	chloramphenicol			NO_ACCESSIONS	S	S			NOT_EVALUATED	=	8	=	8			NOT_EVALUATED
1224	28704546	HCW10_100415	rifampin	rifampin			NO_ACCESSIONS	S	S			NOT_EVALUATED	<=	0.03	<=	0.03			NOT_EVALUATED
1225	28704546	HCW10_100415	trimethoprim/sulfamethoxazole	trimethoprim/sulfamethoxazole			NO_ACCESSIONS	S	S			NOT_EVALUATED	<=	10	<=	10			NOT_EVALUATED
1226	28704546	HCW11A_151214	penicillin	penicillin			NO_ACCESSIONS	R	R			NOT_EVALUATED	>=	0.5	>=	0.5			NOT_EVALUATED
1227	28704546	HCW11A_151214	oxacillin	oxacillin			NO_ACCESSIONS	S	S			NOT_EVALUATED	=	0.5	=	0.5			NOT_EVALUATED
1228	28704546	HCW11A_151214	gentamicin	gentamicin			NO_ACCESSIONS	S	S			NOT_EVALUATED	<=	0.5	<=	0.5			NOT_EVALUATED
1229	28704546	HCW11A_151214	kanamycin	kanamycin			NO_ACCESSIONS	S	S			NOT_EVALUATED	<=	4	<=	4			NOT_EVALUATED
1230	28704546	HCW11A_151214	tobramycin	tobramycin			NO_ACCESSIONS	S	S			NOT_EVALUATED	<=	1	<=	1			NOT_EVALUATED
1231	28704546	HCW11A_151214	ciprofloxacin	ciprofloxacin			NO_ACCESSIONS	S	S			NOT_EVALUATED	<=	0.5	<=	0.5			NOT_EVALUATED
1232	28704546	HCW11A_151214	erythromycin	erythromycin			NO_ACCESSIONS	S	S			NOT_EVALUATED	=	0.5	=	0.5			NOT_EVALUATED
1233	28704546	HCW11A_151214	clindamycin	clindamycin			NO_ACCESSIONS	S	S			NOT_EVALUATED	=	0.25	=	0.25			NOT_EVALUATED
1234	28704546	HCW11A_151214	linezolid	linezolid			NO_ACCESSIONS	S	S			NOT_EVALUATED	=	2	=	2			NOT_EVALUATED
1235	28704546	HCW11A_151214	teicoplanin	teicoplanin			NO_ACCESSIONS	S	S			NOT_EVALUATED	<=	0.5	<=	0.5			NOT_EVALUATED
1236	28704546	HCW11A_151214	vancomycin	vancomycin			NO_ACCESSIONS	S	S			NOT_EVALUATED	=	1	=	1			NOT_EVALUATED
1237	28704546	HCW11A_151214	tetracycline	tetracycline			NO_ACCESSIONS	S	S			NOT_EVALUATED	<=	1	<=	1			NOT_EVALUATED
1238	28704546	HCW11A_151214	fosfomycin	fosfomycin			NO_ACCESSIONS	S	S			NOT_EVALUATED	<=	8	<=	8			NOT_EVALUATED
1239	28704546	HCW11A_151214	fusidic acid	fusidic acid			NO_ACCESSIONS	S	S			NOT_EVALUATED	<=	0.5	<=	0.5			NOT_EVALUATED
1240	28704546	HCW11A_151214	mupirocin	mupirocin			NO_ACCESSIONS	S	S			NOT_EVALUATED	<=	2	<=	2			NOT_EVALUATED
1241	28704546	HCW11A_151214	chloramphenicol	chloramphenicol			NO_ACCESSIONS	S	S			NOT_EVALUATED	=	8	=	8			NOT_EVALUATED
1242	28704546	HCW11A_151214	rifampin	rifampin			NO_ACCESSIONS	S	S			NOT_EVALUATED	<=	0.03	<=	0.03			NOT_EVALUATED
1243	28704546	HCW11A_151214	trimethoprim/sulfamethoxazole	trimethoprim/sulfamethoxazole			NO_ACCESSIONS	R	R			NOT_EVALUATED	>=	320	>=	320			NOT_EVALUATED
1244	28704546	HCW16_100415	penicillin	penicillin			NO_ACCESSIONS	R	R			NOT_EVALUATED	>=	0.5	>=	0.5			NOT_EVALUATED
1245	28704546	HCW16_100415	oxacillin	oxacillin			NO_ACCESSIONS	R	R			NOT_EVALUATED	>=	4	>=	4			NOT_EVALUATED
1246	28704546	HCW16_100415	gentamicin	gentamicin			NO_ACCESSIONS	R	R			NOT_EVALUATED	>=	16	>=	16			NOT_EVALUATED
1247	28704546	HCW16_100415	kanamycin	kanamycin			NO_ACCESSIONS	R	R			NOT_EVALUATED	>=	64	>=	64			NOT_EVALUATED
1248	28704546	HCW16_100415	tobramycin	tobramycin			NO_ACCESSIONS	R	R			NOT_EVALUATED	>=	16	>=	16			NOT_EVALUATED
1249	28704546	HCW16_100415	ciprofloxacin	ciprofloxacin			NO_ACCESSIONS	R	R			NOT_EVALUATED	>=	8	>=	8			NOT_EVALUATED
1250	28704546	HCW16_100415	erythromycin	erythromycin			NO_ACCESSIONS	S	S			NOT_EVALUATED	=	1	=	1			NOT_EVALUATED
1251	28704546	HCW16_100415	clindamycin	clindamycin			NO_ACCESSIONS	S	S			NOT_EVALUATED	=	0.25	=	0.25			NOT_EVALUATED
1252	28704546	HCW16_100415	linezolid	linezolid			NO_ACCESSIONS	S	S			NOT_EVALUATED	=	2	=	2			NOT_EVALUATED
1253	28704546	HCW16_100415	teicoplanin	teicoplanin			NO_ACCESSIONS	S	S			NOT_EVALUATED	<=	0.5	<=	0.5			NOT_EVALUATED
1254	28704546	HCW16_100415	vancomycin	vancomycin			NO_ACCESSIONS	S	S			NOT_EVALUATED	<=	0.5	<=	0.5			NOT_EVALUATED
1255	28704546	HCW16_100415	tetracycline	tetracycline			NO_ACCESSIONS	R	R			NOT_EVALUATED	>=	16	>=	16			NOT_EVALUATED
1256	28704546	HCW16_100415	fosfomycin	fosfomycin			NO_ACCESSIONS	S	S			NOT_EVALUATED	<=	8	<=	8			NOT_EVALUATED
1257	28704546	HCW16_100415	fusidic acid	fusidic acid			NO_ACCESSIONS	S	S			NOT_EVALUATED	<=	0.5	<=	0.5			NOT_EVALUATED
1258	28704546	HCW16_100415	mupirocin	mupirocin			NO_ACCESSIONS	S	S			NOT_EVALUATED	<=	2	<=	2			NOT_EVALUATED
1259	28704546	HCW16_100415	chloramphenicol	chloramphenicol			NO_ACCESSIONS	R	R			NOT_EVALUATED	>=	64	>=	64			NOT_EVALUATED
1260	28704546	HCW16_100415	rifampin	rifampin			NO_ACCESSIONS	S	S			NOT_EVALUATED	<=	0.03	<=	0.03			NOT_EVALUATED
1261	28704546	HCW16_100415	trimethoprim/sulfamethoxazole	trimethoprim/sulfamethoxazole			NO_ACCESSIONS	S	S			NOT_EVALUATED	<=	10	<=	10			NOT_EVALUATED
1262	28704546	HCW18_130415	penicillin	penicillin			NO_ACCESSIONS	R	R			NOT_EVALUATED	>=	0.5	>=	0.5			NOT_EVALUATED
1263	28704546	HCW18_130415	oxacillin	oxacillin			NO_ACCESSIONS	S	S			NOT_EVALUATED	=	0.5	=	0.5			NOT_EVALUATED
1264	28704546	HCW18_130415	gentamicin	gentamicin			NO_ACCESSIONS	S	S			NOT_EVALUATED	<=	0.5	<=	0.5			NOT_EVALUATED
1265	28704546	HCW18_130415	kanamycin	kanamycin			NO_ACCESSIONS	S	S			NOT_EVALUATED	<=	4	<=	4			NOT_EVALUATED
1266	28704546	HCW18_130415	tobramycin	tobramycin			NO_ACCESSIONS	S	S			NOT_EVALUATED	<=	1	<=	1			NOT_EVALUATED
1267	28704546	HCW18_130415	ciprofloxacin	ciprofloxacin			NO_ACCESSIONS	S	S			NOT_EVALUATED	<=	0.5	<=	0.5			NOT_EVALUATED
1268	28704546	HCW18_130415	erythromycin	erythromycin			NO_ACCESSIONS	S	S			NOT_EVALUATED	=	1	=	1			NOT_EVALUATED
1269	28704546	HCW18_130415	clindamycin	clindamycin			NO_ACCESSIONS	S	S			NOT_EVALUATED	=	0.25	=	0.25			NOT_EVALUATED
1270	28704546	HCW18_130415	linezolid	linezolid			NO_ACCESSIONS	S	S			NOT_EVALUATED	=	2	=	2			NOT_EVALUATED
1271	28704546	HCW18_130415	teicoplanin	teicoplanin			NO_ACCESSIONS	S	S			NOT_EVALUATED	<=	0.5	<=	0.5			NOT_EVALUATED
1272	28704546	HCW18_130415	vancomycin	vancomycin			NO_ACCESSIONS	S	S			NOT_EVALUATED	=	1	=	1			NOT_EVALUATED
1273	28704546	HCW18_130415	tetracycline	tetracycline			NO_ACCESSIONS	S	S			NOT_EVALUATED	<=	1	<=	1			NOT_EVALUATED
1274	28704546	HCW18_130415	fosfomycin	fosfomycin			NO_ACCESSIONS	S	S			NOT_EVALUATED	<=	8	<=	8			NOT_EVALUATED
1275	28704546	HCW18_130415	fusidic acid	fusidic acid			NO_ACCESSIONS	S	S			NOT_EVALUATED	<=	0.5	<=	0.5			NOT_EVALUATED
1276	28704546	HCW18_130415	mupirocin	mupirocin			NO_ACCESSIONS	S	S			NOT_EVALUATED	<=	2	<=	2			NOT_EVALUATED
1277	28704546	HCW18_130415	chloramphenicol	chloramphenicol			NO_ACCESSIONS	S	S			NOT_EVALUATED	=	8	=	8			NOT_EVALUATED
1278	28704546	HCW18_130415	rifampin	rifampin			NO_ACCESSIONS	S	S			NOT_EVALUATED	<=	0.03	<=	0.03			NOT_EVALUATED
1279	28704546	HCW18_130415	trimethoprim/sulfamethoxazole	trimethoprim/sulfamethoxazole			NO_ACCESSIONS	S	S			NOT_EVALUATED	<=	10	<=	10			NOT_EVALUATED
1280	28704546	HCW19_170213	penicillin	penicillin			NO_ACCESSIONS	R	R			NOT_EVALUATED	>=	0.5	>=	0.5			NOT_EVALUATED
1281	28704546	HCW19_170213	oxacillin	oxacillin			NO_ACCESSIONS	S	S			NOT_EVALUATED	=	0.5	=	0.5			NOT_EVALUATED
1282	28704546	HCW19_170213	gentamicin	gentamicin			NO_ACCESSIONS	S	S			NOT_EVALUATED	<=	0.5	<=	0.5			NOT_EVALUATED
1283	28704546	HCW19_170213	kanamycin	kanamycin			NO_ACCESSIONS	S	S			NOT_EVALUATED	<=	4	<=	4			NOT_EVALUATED
1284	28704546	HCW19_170213	tobramycin	tobramycin			NO_ACCESSIONS	S	S			NOT_EVALUATED	<=	1	<=	1			NOT_EVALUATED
1285	28704546	HCW19_170213	ciprofloxacin	ciprofloxacin			NO_ACCESSIONS	S	S			NOT_EVALUATED	<=	0.5	<=	0.5			NOT_EVALUATED
1286	28704546	HCW19_170213	erythromycin	erythromycin			NO_ACCESSIONS	S	S			NOT_EVALUATED	=	1	=	1			NOT_EVALUATED
1287	28704546	HCW19_170213	clindamycin	clindamycin			NO_ACCESSIONS	S	S			NOT_EVALUATED	=	0.25	=	0.25			NOT_EVALUATED
1288	28704546	HCW19_170213	linezolid	linezolid			NO_ACCESSIONS	S	S			NOT_EVALUATED	=	2	=	2			NOT_EVALUATED
1289	28704546	HCW19_170213	teicoplanin	teicoplanin			NO_ACCESSIONS	S	S			NOT_EVALUATED	<=	0.5	<=	0.5			NOT_EVALUATED
1290	28704546	HCW19_170213	vancomycin	vancomycin			NO_ACCESSIONS	S	S			NOT_EVALUATED	=	1	=	1			NOT_EVALUATED
1291	28704546	HCW19_170213	tetracycline	tetracycline			NO_ACCESSIONS	S	S			NOT_EVALUATED	<=	1	<=	1			NOT_EVALUATED
1292	28704546	HCW19_170213	fosfomycin	fosfomycin			NO_ACCESSIONS	S	S			NOT_EVALUATED	<=	8	<=	8			NOT_EVALUATED
1293	28704546	HCW19_170213	fusidic acid	fusidic acid			NO_ACCESSIONS	S	S			NOT_EVALUATED	<=	0.5	<=	0.5			NOT_EVALUATED
1294	28704546	HCW19_170213	mupirocin	mupirocin			NO_ACCESSIONS	S	S			NOT_EVALUATED	<=	2	<=	2			NOT_EVALUATED
1295	28704546	HCW19_170213	chloramphenicol	chloramphenicol			NO_ACCESSIONS	S	S			NOT_EVALUATED	=	8	=	8			NOT_EVALUATED
1296	28704546	HCW19_170213	rifampin	rifampin			NO_ACCESSIONS	S	S			NOT_EVALUATED	<=	0.03	<=	0.03			NOT_EVALUATED
1297	28704546	HCW19_170213	trimethoprim/sulfamethoxazole	trimethoprim/sulfamethoxazole			NO_ACCESSIONS	S	S			NOT_EVALUATED	<=	10	<=	10			NOT_EVALUATED
1298	28704546	HCW19_100415	penicillin	penicillin			NO_ACCESSIONS	R	R			NOT_EVALUATED	>=	0.5	>=	0.5			NOT_EVALUATED
1299	28704546	HCW19_100415	oxacillin	oxacillin			NO_ACCESSIONS	S	S			NOT_EVALUATED	=	0.5	=	0.5			NOT_EVALUATED
1300	28704546	HCW19_100415	gentamicin	gentamicin			NO_ACCESSIONS	S	S			NOT_EVALUATED	<=	0.5	<=	0.5			NOT_EVALUATED
1301	28704546	HCW19_100415	kanamycin	kanamycin			NO_ACCESSIONS	S	S			NOT_EVALUATED	<=	4	<=	4			NOT_EVALUATED
1302	28704546	HCW19_100415	tobramycin	tobramycin			NO_ACCESSIONS	S	S			NOT_EVALUATED	<=	1	<=	1			NOT_EVALUATED
1303	28704546	HCW19_100415	ciprofloxacin	ciprofloxacin			NO_ACCESSIONS	S	S			NOT_EVALUATED	<=	0.5	<=	0.5			NOT_EVALUATED
1304	28704546	HCW19_100415	erythromycin	erythromycin			NO_ACCESSIONS	S	S			NOT_EVALUATED	=	1	=	1			NOT_EVALUATED
1305	28704546	HCW19_100415	clindamycin	clindamycin			NO_ACCESSIONS	S	S			NOT_EVALUATED	=	0.25	=	0.25			NOT_EVALUATED
1306	28704546	HCW19_100415	linezolid	linezolid			NO_ACCESSIONS	S	S			NOT_EVALUATED	=	2	=	2			NOT_EVALUATED
1307	28704546	HCW19_100415	teicoplanin	teicoplanin			NO_ACCESSIONS	S	S			NOT_EVALUATED	<=	0.5	<=	0.5			NOT_EVALUATED
1308	28704546	HCW19_100415	vancomycin	vancomycin			NO_ACCESSIONS	S	S			NOT_EVALUATED	<=	0.5	<=	0.5			NOT_EVALUATED
1309	28704546	HCW19_100415	tetracycline	tetracycline			NO_ACCESSIONS	S	S			NOT_EVALUATED	<=	1	<=	1			NOT_EVALUATED
1310	28704546	HCW19_100415	fosfomycin	fosfomycin			NO_ACCESSIONS	S	S			NOT_EVALUATED	<=	8	<=	8			NOT_EVALUATED
1311	28704546	HCW19_100415	fusidic acid	fusidic acid			NO_ACCESSIONS	S	S			NOT_EVALUATED	<=	0.5	<=	0.5			NOT_EVALUATED
1312	28704546	HCW19_100415	mupirocin	mupirocin			NO_ACCESSIONS	S	S			NOT_EVALUATED	<=	2	<=	2			NOT_EVALUATED
1313	28704546	HCW19_100415	chloramphenicol	chloramphenicol			NO_ACCESSIONS	S	S			NOT_EVALUATED	<=	4	<=	4			NOT_EVALUATED
1314	28704546	HCW19_100415	rifampin	rifampin			NO_ACCESSIONS	S	S			NOT_EVALUATED	<=	0.03	<=	0.03			NOT_EVALUATED
1315	28704546	HCW19_100415	trimethoprim/sulfamethoxazole	trimethoprim/sulfamethoxazole			NO_ACCESSIONS	S	S			NOT_EVALUATED	<=	10	<=	10			NOT_EVALUATED
1316	28704546	HCW21A_160215	penicillin	penicillin			NO_ACCESSIONS	R	R			NOT_EVALUATED	>=	0.5	>=	0.5			NOT_EVALUATED
1317	28704546	HCW21A_160215	oxacillin	oxacillin			NO_ACCESSIONS	S	S			NOT_EVALUATED	=	0.5	=	0.5			NOT_EVALUATED
1318	28704546	HCW21A_160215	gentamicin	gentamicin			NO_ACCESSIONS	S	S			NOT_EVALUATED	<=	0.5	<=	0.5			NOT_EVALUATED
1319	28704546	HCW21A_160215	kanamycin	kanamycin			NO_ACCESSIONS	S	S			NOT_EVALUATED	<=	4	<=	4			NOT_EVALUATED
1320	28704546	HCW21A_160215	tobramycin	tobramycin			NO_ACCESSIONS	S	S			NOT_EVALUATED	<=	1	<=	1			NOT_EVALUATED
1321	28704546	HCW21A_160215	ciprofloxacin	ciprofloxacin			NO_ACCESSIONS	S	S			NOT_EVALUATED	<=	0.5	<=	0.5			NOT_EVALUATED
1322	28704546	HCW21A_160215	erythromycin	erythromycin			NO_ACCESSIONS	S	S			NOT_EVALUATED	=	1	=	1			NOT_EVALUATED
1323	28704546	HCW21A_160215	clindamycin	clindamycin			NO_ACCESSIONS	S	S			NOT_EVALUATED	=	0.25	=	0.25			NOT_EVALUATED
1324	28704546	HCW21A_160215	linezolid	linezolid			NO_ACCESSIONS	S	S			NOT_EVALUATED	=	2	=	2			NOT_EVALUATED
1325	28704546	HCW21A_160215	teicoplanin	teicoplanin			NO_ACCESSIONS	S	S			NOT_EVALUATED	<=	0.5	<=	0.5			NOT_EVALUATED
1326	28704546	HCW21A_160215	vancomycin	vancomycin			NO_ACCESSIONS	S	S			NOT_EVALUATED	<=	0.5	<=	0.5			NOT_EVALUATED
1327	28704546	HCW21A_160215	tetracycline	tetracycline			NO_ACCESSIONS	S	S			NOT_EVALUATED	<=	1	<=	1			NOT_EVALUATED
1328	28704546	HCW21A_160215	fosfomycin	fosfomycin			NO_ACCESSIONS	S	S			NOT_EVALUATED	<=	8	<=	8			NOT_EVALUATED
1329	28704546	HCW21A_160215	fusidic acid	fusidic acid			NO_ACCESSIONS	S	S			NOT_EVALUATED	<=	0.5	<=	0.5			NOT_EVALUATED
1330	28704546	HCW21A_160215	mupirocin	mupirocin			NO_ACCESSIONS	S	S			NOT_EVALUATED	<=	2	<=	2			NOT_EVALUATED
1331	28704546	HCW21A_160215	chloramphenicol	chloramphenicol			NO_ACCESSIONS	S	S			NOT_EVALUATED	=	8	=	8			NOT_EVALUATED
1332	28704546	HCW21A_160215	rifampin	rifampin			NO_ACCESSIONS	S	S			NOT_EVALUATED	<=	0.03	<=	0.03			NOT_EVALUATED
1333	28704546	HCW21A_160215	trimethoprim/sulfamethoxazole	trimethoprim/sulfamethoxazole			NO_ACCESSIONS	S	S			NOT_EVALUATED	<=	10	<=	10			NOT_EVALUATED
1334	28704546	HCW21B_160215	penicillin	penicillin			NO_ACCESSIONS	R	R			NOT_EVALUATED	>=	0.5	>=	0.5			NOT_EVALUATED
1335	28704546	HCW21B_160215	oxacillin	oxacillin			NO_ACCESSIONS	S	S			NOT_EVALUATED	=	0.5	=	0.5			NOT_EVALUATED
1336	28704546	HCW21B_160215	gentamicin	gentamicin			NO_ACCESSIONS	S	S			NOT_EVALUATED	<=	0.5	<=	0.5			NOT_EVALUATED
1337	28704546	HCW21B_160215	kanamycin	kanamycin			NO_ACCESSIONS	S	S			NOT_EVALUATED	<=	4	<=	4			NOT_EVALUATED
1338	28704546	HCW21B_160215	tobramycin	tobramycin			NO_ACCESSIONS	S	S			NOT_EVALUATED	<=	1	<=	1			NOT_EVALUATED
1339	28704546	HCW21B_160215	ciprofloxacin	ciprofloxacin			NO_ACCESSIONS	S	S			NOT_EVALUATED	<=	0.5	<=	0.5			NOT_EVALUATED
1340	28704546	HCW21B_160215	erythromycin	erythromycin			NO_ACCESSIONS	S	S			NOT_EVALUATED	=	1	=	1			NOT_EVALUATED
1341	28704546	HCW21B_160215	clindamycin	clindamycin			NO_ACCESSIONS	S	S			NOT_EVALUATED	=	0.25	=	0.25			NOT_EVALUATED
1342	28704546	HCW21B_160215	linezolid	linezolid			NO_ACCESSIONS	S	S			NOT_EVALUATED	=	2	=	2			NOT_EVALUATED
1343	28704546	HCW21B_160215	teicoplanin	teicoplanin			NO_ACCESSIONS	S	S			NOT_EVALUATED	<=	0.5	<=	0.5			NOT_EVALUATED
1344	28704546	HCW21B_160215	vancomycin	vancomycin			NO_ACCESSIONS	S	S			NOT_EVALUATED	<=	0.5	<=	0.5			NOT_EVALUATED
1345	28704546	HCW21B_160215	tetracycline	tetracycline			NO_ACCESSIONS	S	S			NOT_EVALUATED	<=	1	<=	1			NOT_EVALUATED
1346	28704546	HCW21B_160215	fosfomycin	fosfomycin			NO_ACCESSIONS	S	S			NOT_EVALUATED	<=	8	<=	8			NOT_EVALUATED
1347	28704546	HCW21B_160215	fusidic acid	fusidic acid			NO_ACCESSIONS	S	S			NOT_EVALUATED	<=	0.5	<=	0.5			NOT_EVALUATED
1348	28704546	HCW21B_160215	mupirocin	mupirocin			NO_ACCESSIONS	S	S			NOT_EVALUATED	<=	2	<=	2			NOT_EVALUATED
1349	28704546	HCW21B_160215	chloramphenicol	chloramphenicol			NO_ACCESSIONS	S	S			NOT_EVALUATED	=	8	=	8			NOT_EVALUATED
1350	28704546	HCW21B_160215	rifampin	rifampin			NO_ACCESSIONS	S	S			NOT_EVALUATED	<=	0.03	<=	0.03			NOT_EVALUATED
1351	28704546	HCW21B_160215	trimethoprim/sulfamethoxazole	trimethoprim/sulfamethoxazole			NO_ACCESSIONS	S	S			NOT_EVALUATED	<=	10	<=	10			NOT_EVALUATED
1352	28704546	HCW23_100415	penicillin	penicillin			NO_ACCESSIONS	R	R			NOT_EVALUATED	>=	0.5	>=	0.5			NOT_EVALUATED
1353	28704546	HCW23_100415	oxacillin	oxacillin			NO_ACCESSIONS	S	S			NOT_EVALUATED	=	0.5	=	0.5			NOT_EVALUATED
1354	28704546	HCW23_100415	gentamicin	gentamicin			NO_ACCESSIONS	S	S			NOT_EVALUATED	<=	0.5	<=	0.5			NOT_EVALUATED
1355	28704546	HCW23_100415	kanamycin	kanamycin			NO_ACCESSIONS	S	S			NOT_EVALUATED	<=	4	<=	4			NOT_EVALUATED
1356	28704546	HCW23_100415	tobramycin	tobramycin			NO_ACCESSIONS	S	S			NOT_EVALUATED	<=	1	<=	1			NOT_EVALUATED
1357	28704546	HCW23_100415	ciprofloxacin	ciprofloxacin			NO_ACCESSIONS	S	S			NOT_EVALUATED	<=	0.5	<=	0.5			NOT_EVALUATED
1358	28704546	HCW23_100415	erythromycin	erythromycin			NO_ACCESSIONS	S	S			NOT_EVALUATED	=	1	=	1			NOT_EVALUATED
1359	28704546	HCW23_100415	clindamycin	clindamycin			NO_ACCESSIONS	S	S			NOT_EVALUATED	=	0.25	=	0.25			NOT_EVALUATED
1360	28704546	HCW23_100415	linezolid	linezolid			NO_ACCESSIONS	S	S			NOT_EVALUATED	=	2	=	2			NOT_EVALUATED
1361	28704546	HCW23_100415	teicoplanin	teicoplanin			NO_ACCESSIONS	S	S			NOT_EVALUATED	<=	0.5	<=	0.5			NOT_EVALUATED
1362	28704546	HCW23_100415	vancomycin	vancomycin			NO_ACCESSIONS	S	S			NOT_EVALUATED	=	1	=	1			NOT_EVALUATED
1363	28704546	HCW23_100415	tetracycline	tetracycline			NO_ACCESSIONS	S	S			NOT_EVALUATED	<=	1	<=	1			NOT_EVALUATED
1364	28704546	HCW23_100415	fosfomycin	fosfomycin			NO_ACCESSIONS	S	S			NOT_EVALUATED	<=	8	<=	8			NOT_EVALUATED
1365	28704546	HCW23_100415	fusidic acid	fusidic acid			NO_ACCESSIONS	S	S			NOT_EVALUATED	<=	0.5	<=	0.5			NOT_EVALUATED
1366	28704546	HCW23_100415	mupirocin	mupirocin			NO_ACCESSIONS	S	S			NOT_EVALUATED	<=	2	<=	2			NOT_EVALUATED
1367	28704546	HCW23_100415	chloramphenicol	chloramphenicol			NO_ACCESSIONS	R	R			NOT_EVALUATED	>=	64	>=	64			NOT_EVALUATED
1368	28704546	HCW23_100415	rifampin	rifampin			NO_ACCESSIONS	S	S			NOT_EVALUATED	<=	0.03	<=	0.03			NOT_EVALUATED
1369	28704546	HCW23_100415	trimethoprim/sulfamethoxazole	trimethoprim/sulfamethoxazole			NO_ACCESSIONS	S	S			NOT_EVALUATED	<=	10	<=	10			NOT_EVALUATED
1370	28704546	HCW24_100415	penicillin	penicillin			NO_ACCESSIONS	R	R			NOT_EVALUATED	=	0.25	=	0.25			NOT_EVALUATED
1371	28704546	HCW24_100415	oxacillin	oxacillin			NO_ACCESSIONS	S	S			NOT_EVALUATED	<=	0.25	<=	0.25			NOT_EVALUATED
1372	28704546	HCW24_100415	gentamicin	gentamicin			NO_ACCESSIONS	S	S			NOT_EVALUATED	<=	0.5	<=	0.5			NOT_EVALUATED
1373	28704546	HCW24_100415	kanamycin	kanamycin			NO_ACCESSIONS	S	S			NOT_EVALUATED	<=	4	<=	4			NOT_EVALUATED
1374	28704546	HCW24_100415	tobramycin	tobramycin			NO_ACCESSIONS	S	S			NOT_EVALUATED	<=	1	<=	1			NOT_EVALUATED
1375	28704546	HCW24_100415	ciprofloxacin	ciprofloxacin			NO_ACCESSIONS	S	S			NOT_EVALUATED	<=	0.5	<=	0.5			NOT_EVALUATED
1376	28704546	HCW24_100415	erythromycin	erythromycin			NO_ACCESSIONS	S	S			NOT_EVALUATED	=	0.5	=	0.5			NOT_EVALUATED
1377	28704546	HCW24_100415	clindamycin	clindamycin			NO_ACCESSIONS	S	S			NOT_EVALUATED	=	0.25	=	0.25			NOT_EVALUATED
1378	28704546	HCW24_100415	linezolid	linezolid			NO_ACCESSIONS	S	S			NOT_EVALUATED	=	2	=	2			NOT_EVALUATED
1379	28704546	HCW24_100415	teicoplanin	teicoplanin			NO_ACCESSIONS	S	S			NOT_EVALUATED	<=	0.5	<=	0.5			NOT_EVALUATED
1380	28704546	HCW24_100415	vancomycin	vancomycin			NO_ACCESSIONS	S	S			NOT_EVALUATED	<=	0.5	<=	0.5			NOT_EVALUATED
1381	28704546	HCW24_100415	tetracycline	tetracycline			NO_ACCESSIONS	S	S			NOT_EVALUATED	<=	1	<=	1			NOT_EVALUATED
1382	28704546	HCW24_100415	fosfomycin	fosfomycin			NO_ACCESSIONS	S	S			NOT_EVALUATED	<=	8	<=	8			NOT_EVALUATED
1383	28704546	HCW24_100415	fusidic acid	fusidic acid			NO_ACCESSIONS	S	S			NOT_EVALUATED	<=	0.5	<=	0.5			NOT_EVALUATED
1384	28704546	HCW24_100415	mupirocin	mupirocin			NO_ACCESSIONS	S	S			NOT_EVALUATED	<=	2	<=	2			NOT_EVALUATED
1385	28704546	HCW24_100415	chloramphenicol	chloramphenicol			NO_ACCESSIONS	S	S			NOT_EVALUATED	<=	4	<=	4			NOT_EVALUATED
1386	28704546	HCW24_100415	rifampin	rifampin			NO_ACCESSIONS	S	S			NOT_EVALUATED	<=	0.03	<=	0.03			NOT_EVALUATED
1387	28704546	HCW24_100415	trimethoprim/sulfamethoxazole	trimethoprim/sulfamethoxazole			NO_ACCESSIONS	R	R			NOT_EVALUATED	>=	320	>=	320			NOT_EVALUATED
1388	28704546	HCW26_070515	penicillin	penicillin			NO_ACCESSIONS	R	R			NOT_EVALUATED	>=	0.5	>=	0.5			NOT_EVALUATED
1389	28704546	HCW26_070515	oxacillin	oxacillin			NO_ACCESSIONS	S	S			NOT_EVALUATED	<=	0.25	<=	0.25			NOT_EVALUATED
1390	28704546	HCW26_070515	gentamicin	gentamicin			NO_ACCESSIONS	S	S			NOT_EVALUATED	<=	0.5	<=	0.5			NOT_EVALUATED
1391	28704546	HCW26_070515	kanamycin	kanamycin			NO_ACCESSIONS	S	S			NOT_EVALUATED	<=	4	<=	4			NOT_EVALUATED
1392	28704546	HCW26_070515	tobramycin	tobramycin			NO_ACCESSIONS	S	S			NOT_EVALUATED	<=	1	<=	1			NOT_EVALUATED
1393	28704546	HCW26_070515	ciprofloxacin	ciprofloxacin			NO_ACCESSIONS	S	S			NOT_EVALUATED	<=	0.5	<=	0.5			NOT_EVALUATED
1394	28704546	HCW26_070515	erythromycin	erythromycin			NO_ACCESSIONS	S	S			NOT_EVALUATED	=	0.5	=	0.5			NOT_EVALUATED
1395	28704546	HCW26_070515	clindamycin	clindamycin			NO_ACCESSIONS	S	S			NOT_EVALUATED	=	0.25	=	0.25			NOT_EVALUATED
1396	28704546	HCW26_070515	linezolid	linezolid			NO_ACCESSIONS	S	S			NOT_EVALUATED	=	2	=	2			NOT_EVALUATED
1397	28704546	HCW26_070515	teicoplanin	teicoplanin			NO_ACCESSIONS	S	S			NOT_EVALUATED	<=	0.5	<=	0.5			NOT_EVALUATED
1398	28704546	HCW26_070515	vancomycin	vancomycin			NO_ACCESSIONS	S	S			NOT_EVALUATED	<=	0.5	<=	0.5			NOT_EVALUATED
1399	28704546	HCW26_070515	tetracycline	tetracycline			NO_ACCESSIONS	S	S			NOT_EVALUATED	<=	1	<=	1			NOT_EVALUATED
1400	28704546	HCW26_070515	fosfomycin	fosfomycin			NO_ACCESSIONS	S	S			NOT_EVALUATED	<=	8	<=	8			NOT_EVALUATED
1401	28704546	HCW26_070515	fusidic acid	fusidic acid			NO_ACCESSIONS	S	S			NOT_EVALUATED	<=	0.5	<=	0.5			NOT_EVALUATED
1402	28704546	HCW26_070515	mupirocin	mupirocin			NO_ACCESSIONS	S	S			NOT_EVALUATED	<=	2	<=	2			NOT_EVALUATED
1403	28704546	HCW26_070515	chloramphenicol	chloramphenicol			NO_ACCESSIONS	S	S			NOT_EVALUATED	<=	4	<=	4			NOT_EVALUATED
1404	28704546	HCW26_070515	rifampin	rifampin			NO_ACCESSIONS	S	S			NOT_EVALUATED	<=	0.03	<=	0.03			NOT_EVALUATED
1405	28704546	HCW26_070515	trimethoprim/sulfamethoxazole	trimethoprim/sulfamethoxazole			NO_ACCESSIONS	S	S			NOT_EVALUATED	<=	10	<=	10			NOT_EVALUATED
1406	28704546	HCW26_130415	penicillin	penicillin			NO_ACCESSIONS	R	R			NOT_EVALUATED	>=	0.5	>=	0.5			NOT_EVALUATED
1407	28704546	HCW26_130415	oxacillin	oxacillin			NO_ACCESSIONS	S	S			NOT_EVALUATED	<=	0.25	<=	0.25			NOT_EVALUATED
1408	28704546	HCW26_130415	gentamicin	gentamicin			NO_ACCESSIONS	S	S			NOT_EVALUATED	<=	0.5	<=	0.5			NOT_EVALUATED
1409	28704546	HCW26_130415	kanamycin	kanamycin			NO_ACCESSIONS	S	S			NOT_EVALUATED	<=	4	<=	4			NOT_EVALUATED
1410	28704546	HCW26_130415	tobramycin	tobramycin			NO_ACCESSIONS	S	S			NOT_EVALUATED	<=	1	<=	1			NOT_EVALUATED
1411	28704546	HCW26_130415	ciprofloxacin	ciprofloxacin			NO_ACCESSIONS	S	S			NOT_EVALUATED	<=	0.5	<=	0.5			NOT_EVALUATED
1412	28704546	HCW26_130415	erythromycin	erythromycin			NO_ACCESSIONS	S	S			NOT_EVALUATED	=	0.5	=	0.5			NOT_EVALUATED
1413	28704546	HCW26_130415	clindamycin	clindamycin			NO_ACCESSIONS	S	S			NOT_EVALUATED	=	0.25	=	0.25			NOT_EVALUATED
1414	28704546	HCW26_130415	linezolid	linezolid			NO_ACCESSIONS	S	S			NOT_EVALUATED	=	2	=	2			NOT_EVALUATED
1415	28704546	HCW26_130415	teicoplanin	teicoplanin			NO_ACCESSIONS	S	S			NOT_EVALUATED	<=	0.5	<=	0.5			NOT_EVALUATED
1416	28704546	HCW26_130415	vancomycin	vancomycin			NO_ACCESSIONS	S	S			NOT_EVALUATED	=	1	=	1			NOT_EVALUATED
1417	28704546	HCW26_130415	tetracycline	tetracycline			NO_ACCESSIONS	S	S			NOT_EVALUATED	<=	1	<=	1			NOT_EVALUATED
1418	28704546	HCW26_130415	fosfomycin	fosfomycin			NO_ACCESSIONS	S	S			NOT_EVALUATED	<=	8	<=	8			NOT_EVALUATED
1419	28704546	HCW26_130415	fusidic acid	fusidic acid			NO_ACCESSIONS	S	S			NOT_EVALUATED	<=	0.5	<=	0.5			NOT_EVALUATED
1420	28704546	HCW26_130415	mupirocin	mupirocin			NO_ACCESSIONS	S	S			NOT_EVALUATED	<=	2	<=	2			NOT_EVALUATED
1421	28704546	HCW26_130415	chloramphenicol	chloramphenicol			NO_ACCESSIONS	S	S			NOT_EVALUATED	<=	4	<=	4			NOT_EVALUATED
1422	28704546	HCW26_130415	rifampin	rifampin			NO_ACCESSIONS	S	S			NOT_EVALUATED	<=	0.03	<=	0.03			NOT_EVALUATED
1423	28704546	HCW26_130415	trimethoprim/sulfamethoxazole	trimethoprim/sulfamethoxazole			NO_ACCESSIONS	S	S			NOT_EVALUATED	<=	10	<=	10			NOT_EVALUATED
1424	28704546	HCW28_160415	penicillin	penicillin			NO_ACCESSIONS	R	R			NOT_EVALUATED	>=	0.5	>=	0.5			NOT_EVALUATED
1425	28704546	HCW28_160415	oxacillin	oxacillin			NO_ACCESSIONS	S	S			NOT_EVALUATED	=	0.5	=	0.5			NOT_EVALUATED
1426	28704546	HCW28_160415	gentamicin	gentamicin			NO_ACCESSIONS	S	S			NOT_EVALUATED	<=	0.5	<=	0.5			NOT_EVALUATED
1427	28704546	HCW28_160415	kanamycin	kanamycin			NO_ACCESSIONS	S	S			NOT_EVALUATED	<=	4	<=	4			NOT_EVALUATED
1428	28704546	HCW28_160415	tobramycin	tobramycin			NO_ACCESSIONS	S	S			NOT_EVALUATED	<=	1	<=	1			NOT_EVALUATED
1429	28704546	HCW28_160415	ciprofloxacin	ciprofloxacin			NO_ACCESSIONS	S	S			NOT_EVALUATED	<=	0.5	<=	0.5			NOT_EVALUATED
1430	28704546	HCW28_160415	erythromycin	erythromycin			NO_ACCESSIONS	S	S			NOT_EVALUATED	=	1	=	1			NOT_EVALUATED
1431	28704546	HCW28_160415	clindamycin	clindamycin			NO_ACCESSIONS	S	S			NOT_EVALUATED	=	0.25	=	0.25			NOT_EVALUATED
1432	28704546	HCW28_160415	linezolid	linezolid			NO_ACCESSIONS	S	S			NOT_EVALUATED	=	2	=	2			NOT_EVALUATED
1433	28704546	HCW28_160415	teicoplanin	teicoplanin			NO_ACCESSIONS	S	S			NOT_EVALUATED	<=	0.5	<=	0.5			NOT_EVALUATED
1434	28704546	HCW28_160415	vancomycin	vancomycin			NO_ACCESSIONS	S	S			NOT_EVALUATED	<=	0.5	<=	0.5			NOT_EVALUATED
1435	28704546	HCW28_160415	tetracycline	tetracycline			NO_ACCESSIONS	S	S			NOT_EVALUATED	<=	1	<=	1			NOT_EVALUATED
1436	28704546	HCW28_160415	fosfomycin	fosfomycin			NO_ACCESSIONS	S	S			NOT_EVALUATED	<=	8	<=	8			NOT_EVALUATED
1437	28704546	HCW28_160415	fusidic acid	fusidic acid			NO_ACCESSIONS	S	S			NOT_EVALUATED	<=	0.5	<=	0.5			NOT_EVALUATED
1438	28704546	HCW28_160415	mupirocin	mupirocin			NO_ACCESSIONS	S	S			NOT_EVALUATED	<=	2	<=	2			NOT_EVALUATED
1439	28704546	HCW28_160415	chloramphenicol	chloramphenicol			NO_ACCESSIONS	S	S			NOT_EVALUATED	<=	4	<=	4			NOT_EVALUATED
1440	28704546	HCW28_160415	rifampin	rifampin			NO_ACCESSIONS	S	S			NOT_EVALUATED	<=	0.03	<=	0.03			NOT_EVALUATED
1441	28704546	HCW28_160415	trimethoprim/sulfamethoxazole	trimethoprim/sulfamethoxazole			NO_ACCESSIONS	S	S			NOT_EVALUATED	<=	10	<=	10			NOT_EVALUATED
