extracted_row	pmid	isolate_id	drug	normalized_drug	genome_id	matched_accessions	genome_match_status	extracted_sir_raw	extracted_sir	ground_truth_sir_raw	ground_truth_sir	sir_result	extracted_mic_sign_raw	extracted_mic_raw	extracted_mic_sign	extracted_mic	ground_truth_mic_sign	ground_truth_mic	mic_result
2	34589061	LRKNS080	linezolid	linezolid			NO_GENOME_MATCH	R	R			NOT_EVALUATED							NOT_EVALUATED
3	34589061	Scl31	linezolid	linezolid			NO_GENOME_MATCH	S	S			NOT_EVALUATED							NOT_EVALUATED
4	34589061	Scl25	linezolid	linezolid			NO_GENOME_MATCH	S	S			NOT_EVALUATED							NOT_EVALUATED
5	34589061	KEB09	linezolid	linezolid			NO_GENOME_MATCH	S	S			NOT_EVALUATED							NOT_EVALUATED
6	34589061	VCU105	linezolid	linezolid			NO_GENOME_MATCH	S	S			NOT_EVALUATED							NOT_EVALUATED
7	34589061	JCM 2414	linezolid	linezolid			NO_GENOME_MATCH	S	S			NOT_EVALUATED							NOT_EVALUATED
8	34589061	978_SEPI	linezolid	linezolid			NO_GENOME_MATCH	S	S			NOT_EVALUATED							NOT_EVALUATED
9	34589061	LRKNS081	linezolid	linezolid			NO_GENOME_MATCH	R	R			NOT_EVALUATED							NOT_EVALUATED
10	34589061	949_S8	linezolid	linezolid			NO_GENOME_MATCH	S	S			NOT_EVALUATED							NOT_EVALUATED
11	34589061	ET-024	linezolid	linezolid			NO_GENOME_MATCH	S	S			NOT_EVALUATED							NOT_EVALUATED
12	34589061	UBA4169	linezolid	linezolid			NO_GENOME_MATCH	S	S			NOT_EVALUATED							NOT_EVALUATED
13	34589061	SNUC 1209	linezolid	linezolid			NO_GENOME_MATCH	S	S			NOT_EVALUATED							NOT_EVALUATED
14	34589061	SNUC 4029	linezolid	linezolid			NO_GENOME_MATCH	S	S			NOT_EVALUATED							NOT_EVALUATED
15	34589061	NIHLM020	linezolid	linezolid			NO_GENOME_MATCH	S	S			NOT_EVALUATED							NOT_EVALUATED
16	34589061	VCU081	linezolid	linezolid			NO_GENOME_MATCH	S	S			NOT_EVALUATED							NOT_EVALUATED
17	34589061	Qt1p44	linezolid	linezolid			NO_GENOME_MATCH	S	S			NOT_EVALUATED							NOT_EVALUATED
18	34589061	SNUC 5038	linezolid	linezolid			NO_GENOME_MATCH	S	S			NOT_EVALUATED							NOT_EVALUATED
19	34589061	VCU109	linezolid	linezolid			NO_GENOME_MATCH	S	S			NOT_EVALUATED							NOT_EVALUATED
20	34589061	916_SEPI	linezolid	linezolid			NO_GENOME_MATCH	S	S			NOT_EVALUATED							NOT_EVALUATED
21	34589061	ACEF09	linezolid	linezolid			NO_GENOME_MATCH	S	S			NOT_EVALUATED							NOT_EVALUATED
22	34589061	MTCC 3382	linezolid	linezolid			NO_GENOME_MATCH	S	S			NOT_EVALUATED							NOT_EVALUATED
23	34589061	NIHLM067	linezolid	linezolid			NO_GENOME_MATCH	S	S			NOT_EVALUATED							NOT_EVALUATED
24	34589061	917_2_SEPI	linezolid	linezolid			NO_GENOME_MATCH	S	S			NOT_EVALUATED							NOT_EVALUATED
25	34589061	M26	linezolid	linezolid			NO_GENOME_MATCH	S	S			NOT_EVALUATED							NOT_EVALUATED
26	34589061	695_SEPI	linezolid	linezolid			NO_GENOME_MATCH	S	S			NOT_EVALUATED							NOT_EVALUATED
27	34589061	DAR5153	linezolid	linezolid			NO_GENOME_MATCH	S	S			NOT_EVALUATED							NOT_EVALUATED
28	34589061	237_SEPI	linezolid	linezolid			NO_GENOME_MATCH	S	S			NOT_EVALUATED							NOT_EVALUATED
29	34589061	8400	linezolid	linezolid			NO_GENOME_MATCH	S	S			NOT_EVALUATED							NOT_EVALUATED
30	34589061	643_SEPI	linezolid	linezolid			NO_GENOME_MATCH	S	S			NOT_EVALUATED							NOT_EVALUATED
31	34589061	DAR1301	linezolid	linezolid			NO_GENOME_MATCH	S	S			NOT_EVALUATED							NOT_EVALUATED
32	34589061	SNUC 2569	linezolid	linezolid			NO_GENOME_MATCH	S	S			NOT_EVALUATED							NOT_EVALUATED
33	34589061	I4	linezolid	linezolid			NO_GENOME_MATCH	S	S			NOT_EVALUATED							NOT_EVALUATED
34	34589061	NIH05003	linezolid	linezolid			NO_GENOME_MATCH	S	S			NOT_EVALUATED							NOT_EVALUATED
35	34589061	LRKNS014	linezolid	linezolid			NO_GENOME_MATCH	R	R			NOT_EVALUATED							NOT_EVALUATED
36	34589061	KED12	linezolid	linezolid			NO_GENOME_MATCH	S	S			NOT_EVALUATED							NOT_EVALUATED
37	34589061	M25	linezolid	linezolid			NO_GENOME_MATCH	S	S			NOT_EVALUATED							NOT_EVALUATED
38	34589061	SNUC 75	linezolid	linezolid			NO_GENOME_MATCH	S	S			NOT_EVALUATED							NOT_EVALUATED
39	34589061	VCU050	linezolid	linezolid	904322.3	GCA_000627055,GCA_000627055.1,GCF_000627055,GCF_000627055.1,JHQC00000000,SAMN00116878	MATCHED	S	S			NO_GT_DRUG							NO_GT_DRUG
40	34589061	M01	linezolid	linezolid			NO_GENOME_MATCH	S	S			NOT_EVALUATED							NOT_EVALUATED
41	34589061	AU12-03	linezolid	linezolid			NO_GENOME_MATCH	S	S			NOT_EVALUATED							NOT_EVALUATED
42	34589061	1311_SEPI	linezolid	linezolid			NO_GENOME_MATCH	S	S			NOT_EVALUATED							NOT_EVALUATED
43	34589061	0123W_32_35	linezolid	linezolid			NO_GENOME_MATCH	S	S			NOT_EVALUATED							NOT_EVALUATED
44	34589061	ABKWQ	linezolid	linezolid			NO_GENOME_MATCH	S	S			NOT_EVALUATED							NOT_EVALUATED
45	34589061	E13A	linezolid	linezolid			NO_GENOME_MATCH	S	S			NOT_EVALUATED							NOT_EVALUATED
46	34589061	73_SEPI	linezolid	linezolid			NO_GENOME_MATCH	S	S			NOT_EVALUATED							NOT_EVALUATED
47	34589061	917_SEPI	linezolid	linezolid			NO_GENOME_MATCH	S	S			NOT_EVALUATED							NOT_EVALUATED
48	34589061	161_SEPI	linezolid	linezolid			NO_GENOME_MATCH	S	S			NOT_EVALUATED							NOT_EVALUATED
49	34589061	818_SEPI	linezolid	linezolid			NO_GENOME_MATCH	S	S			NOT_EVALUATED							NOT_EVALUATED
50	34589061	314_SEPI	linezolid	linezolid			NO_GENOME_MATCH	S	S			NOT_EVALUATED							NOT_EVALUATED
51	34589061	M22	linezolid	linezolid			NO_GENOME_MATCH	S	S			NOT_EVALUATED							NOT_EVALUATED
52	34589061	677_SEPI	linezolid	linezolid			NO_GENOME_MATCH	S	S			NOT_EVALUATED							NOT_EVALUATED
53	34589061	248_SEPI	linezolid	linezolid			NO_GENOME_MATCH	S	S			NOT_EVALUATED							NOT_EVALUATED
54	34589061	VCU127	linezolid	linezolid			NO_GENOME_MATCH	S	S			NOT_EVALUATED							NOT_EVALUATED
55	34589061	SNUC 2538	linezolid	linezolid			NO_GENOME_MATCH	S	S			NOT_EVALUATED							NOT_EVALUATED
56	34589061	ICE173	linezolid	linezolid			NO_GENOME_MATCH	S	S			NOT_EVALUATED							NOT_EVALUATED
57	34589061	1457	linezolid	linezolid			NO_GENOME_MATCH	S	S			NOT_EVALUATED							NOT_EVALUATED
58	34589061	ENVL300	linezolid	linezolid			NO_GENOME_MATCH	S	S			NOT_EVALUATED							NOT_EVALUATED
59	34589061	I6	linezolid	linezolid			NO_GENOME_MATCH	S	S			NOT_EVALUATED							NOT_EVALUATED
60	34589061	1306.rep1_SEPI	linezolid	linezolid			NO_GENOME_MATCH	S	S			NOT_EVALUATED							NOT_EVALUATED
61	34589061	AU21	linezolid	linezolid			NO_GENOME_MATCH	S	S			NOT_EVALUATED							NOT_EVALUATED
62	34589061	ICE146	linezolid	linezolid			NO_GENOME_MATCH	S	S			NOT_EVALUATED							NOT_EVALUATED
63	34589061	1144_SEPI	linezolid	linezolid			NO_GENOME_MATCH	S	S			NOT_EVALUATED							NOT_EVALUATED
64	34589061	VCU036	linezolid	linezolid	904318.3	GCA_000697905,GCA_000697905.1,GCF_000697905,GCF_000697905.1,JHUA00000000,SAMN00138235	MATCHED	S	S			NO_GT_DRUG							NO_GT_DRUG
65	34589061	0514Y_32_9	linezolid	linezolid			NO_GENOME_MATCH	S	S			NOT_EVALUATED							NOT_EVALUATED
66	34589061	154_SEPI	linezolid	linezolid			NO_GENOME_MATCH	S	S			NOT_EVALUATED							NOT_EVALUATED
67	34589061	DAR1172	linezolid	linezolid			NO_GENOME_MATCH	S	S			NOT_EVALUATED							NOT_EVALUATED
68	34589061	VCU125	linezolid	linezolid			NO_GENOME_MATCH	S	S			NOT_EVALUATED							NOT_EVALUATED
69	34589061	1306.rep2_SEPI	linezolid	linezolid			NO_GENOME_MATCH	S	S			NOT_EVALUATED							NOT_EVALUATED
70	34589061	1296_SEPI	linezolid	linezolid			NO_GENOME_MATCH	S	S			NOT_EVALUATED							NOT_EVALUATED
71	34589061	1289_SEPI	linezolid	linezolid			NO_GENOME_MATCH	S	S			NOT_EVALUATED							NOT_EVALUATED
72	34589061	LRKNS077	linezolid	linezolid			NO_GENOME_MATCH	R	R			NOT_EVALUATED							NOT_EVALUATED
73	34589061	AU24	linezolid	linezolid			NO_GENOME_MATCH	S	S			NOT_EVALUATED							NOT_EVALUATED
74	34589061	VCU123	linezolid	linezolid			NO_GENOME_MATCH	S	S			NOT_EVALUATED							NOT_EVALUATED
75	34589061	PEI-B-P-06	linezolid	linezolid			NO_GENOME_MATCH	S	S			NOT_EVALUATED							NOT_EVALUATED
76	34589061	134_SEPI	linezolid	linezolid			NO_GENOME_MATCH	S	S			NOT_EVALUATED							NOT_EVALUATED
77	34589061	VCU028	linezolid	linezolid			NO_GENOME_MATCH	S	S			NOT_EVALUATED							NOT_EVALUATED
78	34589061	SNUC 258	linezolid	linezolid			NO_GENOME_MATCH	S	S			NOT_EVALUATED							NOT_EVALUATED
79	34589061	VCU117	linezolid	linezolid			NO_GENOME_MATCH	S	S			NOT_EVALUATED							NOT_EVALUATED
80	34589061	SCH-13	linezolid	linezolid	1282.2270	GCA_002750015,GCA_002750015.1,GCF_002750015,GCF_002750015.1,SAMN07839766	MATCHED	S	S			NO_GT_VALUE					=	28	MISSING_EXTRACTION
81	34589061	971_SEPI	linezolid	linezolid			NO_GENOME_MATCH	S	S			NOT_EVALUATED							NOT_EVALUATED
82	34589061	VCU037	linezolid	linezolid			NO_GENOME_MATCH	S	S			NOT_EVALUATED							NOT_EVALUATED
83	34589061	VCU126	linezolid	linezolid			NO_GENOME_MATCH	S	S			NOT_EVALUATED							NOT_EVALUATED
84	34589061	ICE25	linezolid	linezolid			NO_GENOME_MATCH	S	S			NOT_EVALUATED							NOT_EVALUATED
85	34589061	1115_SEPI	linezolid	linezolid			NO_GENOME_MATCH	S	S			NOT_EVALUATED							NOT_EVALUATED
86	34589061	236_SEPI	linezolid	linezolid			NO_GENOME_MATCH	S	S			NOT_EVALUATED							NOT_EVALUATED
87	34589061	849_SEPI	linezolid	linezolid			NO_GENOME_MATCH	S	S			NOT_EVALUATED							NOT_EVALUATED
88	34589061	1097_SEPI	linezolid	linezolid			NO_GENOME_MATCH	S	S			NOT_EVALUATED							NOT_EVALUATED
89	34589061	654_SEPI	linezolid	linezolid			NO_GENOME_MATCH	S	S			NOT_EVALUATED							NOT_EVALUATED
90	34589061	ENVL_032	linezolid	linezolid			NO_GENOME_MATCH	S	S			NOT_EVALUATED							NOT_EVALUATED
91	34589061	NCTC 11047	linezolid	linezolid			NO_GENOME_MATCH	S	S			NOT_EVALUATED							NOT_EVALUATED
92	34589061	Mt1p16	linezolid	linezolid			NO_GENOME_MATCH	S	S			NOT_EVALUATED							NOT_EVALUATED
93	34589061	I6	linezolid	linezolid			NO_GENOME_MATCH	S	S			NOT_EVALUATED							NOT_EVALUATED
94	34589061	393_SEPI	linezolid	linezolid			NO_GENOME_MATCH	S	S			NOT_EVALUATED							NOT_EVALUATED
95	34589061	I6	linezolid	linezolid			NO_GENOME_MATCH	S	S			NOT_EVALUATED							NOT_EVALUATED
96	34589061	899_SEPI	linezolid	linezolid			NO_GENOME_MATCH	S	S			NOT_EVALUATED							NOT_EVALUATED
97	34589061	246_SEPI	linezolid	linezolid			NO_GENOME_MATCH	S	S			NOT_EVALUATED							NOT_EVALUATED
98	34589061	838_SEPI	linezolid	linezolid			NO_GENOME_MATCH	S	S			NOT_EVALUATED							NOT_EVALUATED
99	34589061	196_SEPI	linezolid	linezolid			NO_GENOME_MATCH	S	S			NOT_EVALUATED							NOT_EVALUATED
100	34589061	655_SEPI	linezolid	linezolid			NO_GENOME_MATCH	S	S			NOT_EVALUATED							NOT_EVALUATED
101	34589061	NIHLM070	linezolid	linezolid			NO_GENOME_MATCH	S	S			NOT_EVALUATED							NOT_EVALUATED
102	34589061	AHKF08	linezolid	linezolid			NO_GENOME_MATCH	S	S			NOT_EVALUATED							NOT_EVALUATED
103	34589061	AEEG06	linezolid	linezolid			NO_GENOME_MATCH	S	S			NOT_EVALUATED							NOT_EVALUATED
104	34589061	125_SEPI	linezolid	linezolid			NO_GENOME_MATCH	S	S			NOT_EVALUATED							NOT_EVALUATED
105	34589061	402_SEPI	linezolid	linezolid			NO_GENOME_MATCH	S	S			NOT_EVALUATED							NOT_EVALUATED
106	34589061	M04	linezolid	linezolid			NO_GENOME_MATCH	S	S			NOT_EVALUATED							NOT_EVALUATED
107	34589061	ATCC 14990	linezolid	linezolid			NO_GENOME_MATCH	S	S			NOT_EVALUATED							NOT_EVALUATED
108	34589061	ENVH350	linezolid	linezolid			NO_GENOME_MATCH	S	S			NOT_EVALUATED							NOT_EVALUATED
109	34589061	SAM-3	linezolid	linezolid			NO_GENOME_MATCH	S	S			NOT_EVALUATED							NOT_EVALUATED
110	34589061	C3	linezolid	linezolid			NO_GENOME_MATCH	S	S			NOT_EVALUATED							NOT_EVALUATED
111	34589061	644_SEPI	linezolid	linezolid			NO_GENOME_MATCH	S	S			NOT_EVALUATED							NOT_EVALUATED
112	34589061	NIHLM018	linezolid	linezolid			NO_GENOME_MATCH	S	S			NOT_EVALUATED							NOT_EVALUATED
113	34589061	919_SEPI	linezolid	linezolid			NO_GENOME_MATCH	S	S			NOT_EVALUATED							NOT_EVALUATED
114	34589061	SNUC 2400	linezolid	linezolid			NO_GENOME_MATCH	S	S			NOT_EVALUATED							NOT_EVALUATED
115	34589061	ALKB06	linezolid	linezolid			NO_GENOME_MATCH	S	S			NOT_EVALUATED							NOT_EVALUATED
116	34589061	Bt1p3	linezolid	linezolid			NO_GENOME_MATCH	S	S			NOT_EVALUATED							NOT_EVALUATED
117	34589061	VCU057	linezolid	linezolid			NO_GENOME_MATCH	S	S			NOT_EVALUATED							NOT_EVALUATED
118	34589061	NIHLM049	linezolid	linezolid			NO_GENOME_MATCH	S	S			NOT_EVALUATED							NOT_EVALUATED
119	34589061	972_SEPI	linezolid	linezolid			NO_GENOME_MATCH	S	S			NOT_EVALUATED							NOT_EVALUATED
120	34589061	MCO7	linezolid	linezolid			NO_GENOME_MATCH	S	S			NOT_EVALUATED							NOT_EVALUATED
121	34589061	ZSC	linezolid	linezolid			NO_GENOME_MATCH	S	S			NOT_EVALUATED							NOT_EVALUATED
122	34589061	920_SEPI	linezolid	linezolid			NO_GENOME_MATCH	S	S			NOT_EVALUATED							NOT_EVALUATED
123	34589061	947_SEPI	linezolid	linezolid			NO_GENOME_MATCH	S	S			NOT_EVALUATED							NOT_EVALUATED
124	34589061	946_SEPI	linezolid	linezolid			NO_GENOME_MATCH	S	S			NOT_EVALUATED							NOT_EVALUATED
125	34589061	VCU045	linezolid	linezolid			NO_GENOME_MATCH	S	S			NOT_EVALUATED							NOT_EVALUATED
126	34589061	SNUC 29	linezolid	linezolid			NO_GENOME_MATCH	S	S			NOT_EVALUATED							NOT_EVALUATED
127	34589061	ESP40	linezolid	linezolid			NO_GENOME_MATCH	S	S			NOT_EVALUATED							NOT_EVALUATED
128	34589061	504_SEPI	linezolid	linezolid			NO_GENOME_MATCH	S	S			NOT_EVALUATED							NOT_EVALUATED
129	34589061	SCH-12	linezolid	linezolid	1282.2274	GCA_002750115,GCA_002750115.1,GCF_002750115,GCF_002750115.1,SAMN07839765	MATCHED	S	S			NO_GT_VALUE					=	27	MISSING_EXTRACTION
130	34589061	1067_SEPI	linezolid	linezolid			NO_GENOME_MATCH	S	S			NOT_EVALUATED							NOT_EVALUATED
131	34589061	Y24	linezolid	linezolid			NO_GENOME_MATCH	S	S			NOT_EVALUATED							NOT_EVALUATED
132	34589061	DAR4892	linezolid	linezolid			NO_GENOME_MATCH	S	S			NOT_EVALUATED							NOT_EVALUATED
133	34589061	DAR5982	linezolid	linezolid			NO_GENOME_MATCH	S	S			NOT_EVALUATED							NOT_EVALUATED
134	34589061	597_SEPI	linezolid	linezolid			NO_GENOME_MATCH	S	S			NOT_EVALUATED							NOT_EVALUATED
135	34589061	A1KF08	linezolid	linezolid			NO_GENOME_MATCH	S	S			NOT_EVALUATED							NOT_EVALUATED
136	34589061	ST14	linezolid	linezolid			NO_GENOME_MATCH	S	S			NOT_EVALUATED							NOT_EVALUATED
137	34589061	SCH-11	linezolid	linezolid	1282.2275	GCA_002750095,GCA_002750095.1,GCF_002750095,GCF_002750095.1,SAMN07839764	MATCHED	S	S			NO_GT_VALUE					=	30	MISSING_EXTRACTION
138	34589061	1284_SEPI	linezolid	linezolid			NO_GENOME_MATCH	S	S			NOT_EVALUATED							NOT_EVALUATED
139	34589061	NIH05005	linezolid	linezolid			NO_GENOME_MATCH	S	S			NOT_EVALUATED							NOT_EVALUATED
140	34589061	1029_SEPI	linezolid	linezolid			NO_GENOME_MATCH	S	S			NOT_EVALUATED							NOT_EVALUATED
141	34589061	SNUC 291	linezolid	linezolid			NO_GENOME_MATCH	S	S			NOT_EVALUATED							NOT_EVALUATED
142	34589061	NIHLM021	linezolid	linezolid			NO_GENOME_MATCH	S	S			NOT_EVALUATED							NOT_EVALUATED
143	34589061	NIHLM088	linezolid	linezolid			NO_GENOME_MATCH	S	S			NOT_EVALUATED							NOT_EVALUATED
144	34589061	MIT 14-1777-C6	linezolid	linezolid			NO_GENOME_MATCH	S	S			NOT_EVALUATED							NOT_EVALUATED
145	34589061	ENVH113	linezolid	linezolid			NO_GENOME_MATCH	S	S			NOT_EVALUATED							NOT_EVALUATED
146	34589061	NIH04003	linezolid	linezolid			NO_GENOME_MATCH	S	S			NOT_EVALUATED							NOT_EVALUATED
147	34589061	ICE181	linezolid	linezolid			NO_GENOME_MATCH	S	S			NOT_EVALUATED							NOT_EVALUATED
148	34589061	1321_SEPI	linezolid	linezolid			NO_GENOME_MATCH	S	S			NOT_EVALUATED							NOT_EVALUATED
149	34589061	312_SEPI	linezolid	linezolid			NO_GENOME_MATCH	S	S			NOT_EVALUATED							NOT_EVALUATED
150	34589061	LRKNS057	linezolid	linezolid			NO_GENOME_MATCH	R	R			NOT_EVALUATED							NOT_EVALUATED
151	34589061	705_SEPI	linezolid	linezolid			NO_GENOME_MATCH	S	S			NOT_EVALUATED							NOT_EVALUATED
152	34589061	1142_SEPI	linezolid	linezolid			NO_GENOME_MATCH	S	S			NOT_EVALUATED							NOT_EVALUATED
153	34589061	LRKNS062	linezolid	linezolid			NO_GENOME_MATCH	R	R			NOT_EVALUATED							NOT_EVALUATED
154	34589061	590_SEPI	linezolid	linezolid			NO_GENOME_MATCH	S	S			NOT_EVALUATED							NOT_EVALUATED
155	34589061	VCU111	linezolid	linezolid	904331.3	GCA_000697805,GCA_000697805.1,GCF_000697805,GCF_000697805.1,JHUB00000000,SAMN00117446	MATCHED	S	S			NO_GT_DRUG							NO_GT_DRUG
156	34589061	SCH-18	linezolid	linezolid	1282.2284	GCA_002750285,GCA_002750285.1,GCF_002750285,GCF_002750285.1,SAMN07839771	MATCHED	S	S			NO_GT_VALUE					=	35	MISSING_EXTRACTION
157	34589061	1028_SEPI	linezolid	linezolid			NO_GENOME_MATCH	S	S			NOT_EVALUATED							NOT_EVALUATED
158	34589061	1143_SEPI	linezolid	linezolid			NO_GENOME_MATCH	S	S			NOT_EVALUATED							NOT_EVALUATED
159	34589061	AU23	linezolid	linezolid			NO_GENOME_MATCH	S	S			NOT_EVALUATED							NOT_EVALUATED
160	34589061	938_SEPI	linezolid	linezolid			NO_GENOME_MATCH	S	S			NOT_EVALUATED							NOT_EVALUATED
161	34589061	HUR103	linezolid	linezolid			NO_GENOME_MATCH	S	S			NOT_EVALUATED							NOT_EVALUATED
162	34589061	MEX104	linezolid	linezolid			NO_GENOME_MATCH	S	S			NOT_EVALUATED							NOT_EVALUATED
163	34589061	1204_SEPI	linezolid	linezolid			NO_GENOME_MATCH	S	S			NOT_EVALUATED							NOT_EVALUATED
164	34589061	NIH051475	linezolid	linezolid			NO_GENOME_MATCH	S	S			NOT_EVALUATED							NOT_EVALUATED
165	34589061	JAP25	linezolid	linezolid			NO_GENOME_MATCH	S	S			NOT_EVALUATED							NOT_EVALUATED
166	34589061	NIH08001	linezolid	linezolid			NO_GENOME_MATCH	S	S			NOT_EVALUATED							NOT_EVALUATED
167	34589061	URU91	linezolid	linezolid			NO_GENOME_MATCH	S	S			NOT_EVALUATED							NOT_EVALUATED
168	34589061	686_SEPI	linezolid	linezolid			NO_GENOME_MATCH	S	S			NOT_EVALUATED							NOT_EVALUATED
169	34589061	935_SEPI	linezolid	linezolid			NO_GENOME_MATCH	S	S			NOT_EVALUATED							NOT_EVALUATED
170	34589061	934_SEPI	linezolid	linezolid			NO_GENOME_MATCH	S	S			NOT_EVALUATED							NOT_EVALUATED
171	34589061	94_SEPI	linezolid	linezolid			NO_GENOME_MATCH	S	S			NOT_EVALUATED							NOT_EVALUATED
172	34589061	SNUC 1357	linezolid	linezolid			NO_GENOME_MATCH	S	S			NOT_EVALUATED							NOT_EVALUATED
173	34589061	XE_C06	linezolid	linezolid			NO_GENOME_MATCH	S	S			NOT_EVALUATED							NOT_EVALUATED
174	34589061	ICE91	linezolid	linezolid			NO_GENOME_MATCH	S	S			NOT_EVALUATED							NOT_EVALUATED
175	34589061	CV94	linezolid	linezolid			NO_GENOME_MATCH	S	S			NOT_EVALUATED							NOT_EVALUATED
176	34589061	91_SEPI	linezolid	linezolid			NO_GENOME_MATCH	S	S			NOT_EVALUATED							NOT_EVALUATED
177	34589061	1057	linezolid	linezolid			NO_GENOME_MATCH	S	S			NOT_EVALUATED							NOT_EVALUATED
178	34589061	GTH12	linezolid	linezolid			NO_GENOME_MATCH	S	S			NOT_EVALUATED							NOT_EVALUATED
179	34589061	551_SEPI	linezolid	linezolid			NO_GENOME_MATCH	S	S			NOT_EVALUATED							NOT_EVALUATED
180	34589061	ENVH144	linezolid	linezolid			NO_GENOME_MATCH	S	S			NOT_EVALUATED							NOT_EVALUATED
181	34589061	1188_SEPI	linezolid	linezolid			NO_GENOME_MATCH	S	S			NOT_EVALUATED							NOT_EVALUATED
182	34589061	SNUC 2473	linezolid	linezolid			NO_GENOME_MATCH	S	S			NOT_EVALUATED							NOT_EVALUATED
183	34589061	ICE34	linezolid	linezolid			NO_GENOME_MATCH	S	S			NOT_EVALUATED							NOT_EVALUATED
184	34589061	Lt3p20	linezolid	linezolid			NO_GENOME_MATCH	S	S			NOT_EVALUATED							NOT_EVALUATED
185	34589061	ENVL_287	linezolid	linezolid			NO_GENOME_MATCH	S	S			NOT_EVALUATED							NOT_EVALUATED
186	34589061	384_SEPI	linezolid	linezolid			NO_GENOME_MATCH	S	S			NOT_EVALUATED							NOT_EVALUATED
187	34589061	C7	linezolid	linezolid			NO_GENOME_MATCH	S	S			NOT_EVALUATED							NOT_EVALUATED
188	34589061	ENVP605	linezolid	linezolid			NO_GENOME_MATCH	S	S			NOT_EVALUATED							NOT_EVALUATED
189	34589061	DAR5910	linezolid	linezolid			NO_GENOME_MATCH	S	S			NOT_EVALUATED							NOT_EVALUATED
190	34589061	178_SEPI	linezolid	linezolid			NO_GENOME_MATCH	S	S			NOT_EVALUATED							NOT_EVALUATED
191	34589061	SK135	linezolid	linezolid			NO_GENOME_MATCH	S	S			NOT_EVALUATED							NOT_EVALUATED
192	34589061	VCU014	linezolid	linezolid	904316.3	GCA_000626815,GCA_000626815.1,GCF_000626815,GCF_000626815.1,JHQB00000000,SAMN00116879	MATCHED	S	S			NO_GT_DRUG							NO_GT_DRUG
193	34589061	MEX54	linezolid	linezolid			NO_GENOME_MATCH	S	S			NOT_EVALUATED							NOT_EVALUATED
194	34589061	BUG123	linezolid	linezolid			NO_GENOME_MATCH	S	S			NOT_EVALUATED							NOT_EVALUATED
195	34589061	Ae-e06	linezolid	linezolid			NO_GENOME_MATCH	S	S			NOT_EVALUATED							NOT_EVALUATED
196	34589061	998_SEPI	linezolid	linezolid			NO_GENOME_MATCH	S	S			NOT_EVALUATED							NOT_EVALUATED
197	34589061	NIHLM039	linezolid	linezolid			NO_GENOME_MATCH	S	S			NOT_EVALUATED							NOT_EVALUATED
198	34589061	1024_SEPI	linezolid	linezolid			NO_GENOME_MATCH	S	S			NOT_EVALUATED							NOT_EVALUATED
199	34589061	DAR5909	linezolid	linezolid			NO_GENOME_MATCH	S	S			NOT_EVALUATED							NOT_EVALUATED
200	34589061	477_SEPI	linezolid	linezolid			NO_GENOME_MATCH	S	S			NOT_EVALUATED							NOT_EVALUATED
201	34589061	1129_SEPI	linezolid	linezolid			NO_GENOME_MATCH	S	S			NOT_EVALUATED							NOT_EVALUATED
202	34589061	DEN167	linezolid	linezolid			NO_GENOME_MATCH	S	S			NOT_EVALUATED							NOT_EVALUATED
203	34589061	M0026	linezolid	linezolid			NO_GENOME_MATCH	S	S			NOT_EVALUATED							NOT_EVALUATED
204	34589061	FDAARGOS_161	linezolid	linezolid			NO_GENOME_MATCH	S	S			NOT_EVALUATED							NOT_EVALUATED
205	34589061	180_SEPI	linezolid	linezolid			NO_GENOME_MATCH	S	S			NOT_EVALUATED							NOT_EVALUATED
206	34589061	IS-K	linezolid	linezolid			NO_GENOME_MATCH	S	S			NOT_EVALUATED							NOT_EVALUATED
207	34589061	M23864:W2(grey)	linezolid	linezolid			NO_GENOME_MATCH	S	S			NOT_EVALUATED							NOT_EVALUATED
208	34589061	DAR5988	linezolid	linezolid			NO_GENOME_MATCH	S	S			NOT_EVALUATED							NOT_EVALUATED
209	34589061	1130_SEPI	linezolid	linezolid			NO_GENOME_MATCH	S	S			NOT_EVALUATED							NOT_EVALUATED
210	34589061	1249_SEPI	linezolid	linezolid			NO_GENOME_MATCH	S	S			NOT_EVALUATED							NOT_EVALUATED
211	34589061	479_SEPI	linezolid	linezolid			NO_GENOME_MATCH	S	S			NOT_EVALUATED							NOT_EVALUATED
212	34589061	1340_SEPI	linezolid	linezolid			NO_GENOME_MATCH	S	S			NOT_EVALUATED							NOT_EVALUATED
213	34589061	749_SEPI	linezolid	linezolid			NO_GENOME_MATCH	S	S			NOT_EVALUATED							NOT_EVALUATED
214	34589061	475_SEPI	linezolid	linezolid			NO_GENOME_MATCH	S	S			NOT_EVALUATED							NOT_EVALUATED
215	34589061	270_SEPI	linezolid	linezolid			NO_GENOME_MATCH	S	S			NOT_EVALUATED							NOT_EVALUATED
216	34589061	1226_SEPI	linezolid	linezolid			NO_GENOME_MATCH	S	S			NOT_EVALUATED							NOT_EVALUATED
217	34589061	281_SEPI	linezolid	linezolid			NO_GENOME_MATCH	S	S			NOT_EVALUATED							NOT_EVALUATED
218	34589061	Kt1p58	linezolid	linezolid			NO_GENOME_MATCH	S	S			NOT_EVALUATED							NOT_EVALUATED
219	34589061	59_SEPI	linezolid	linezolid			NO_GENOME_MATCH	S	S			NOT_EVALUATED							NOT_EVALUATED
220	34589061	ATCC 12228	linezolid	linezolid			NO_GENOME_MATCH	S	S			NOT_EVALUATED							NOT_EVALUATED
221	34589061	604_SEPI	linezolid	linezolid			NO_GENOME_MATCH	S	S			NOT_EVALUATED							NOT_EVALUATED
222	34589061	ABKWR	linezolid	linezolid			NO_GENOME_MATCH	S	S			NOT_EVALUATED							NOT_EVALUATED
223	34589061	pK_B01	linezolid	linezolid			NO_GENOME_MATCH	S	S			NOT_EVALUATED							NOT_EVALUATED
224	34589061	1337_SEPI	linezolid	linezolid			NO_GENOME_MATCH	S	S			NOT_EVALUATED							NOT_EVALUATED
225	34589061	1056_SEPI	linezolid	linezolid			NO_GENOME_MATCH	S	S			NOT_EVALUATED							NOT_EVALUATED
226	34589061	URU81	linezolid	linezolid			NO_GENOME_MATCH	S	S			NOT_EVALUATED							NOT_EVALUATED
227	34589061	IS-250	linezolid	linezolid			NO_GENOME_MATCH	S	S			NOT_EVALUATED							NOT_EVALUATED
228	34589061	SNUC 901.1	linezolid	linezolid			NO_GENOME_MATCH	S	S			NOT_EVALUATED							NOT_EVALUATED
229	34589061	DAR5416	linezolid	linezolid			NO_GENOME_MATCH	S	S			NOT_EVALUATED							NOT_EVALUATED
230	34589061	890_SEPI	linezolid	linezolid			NO_GENOME_MATCH	S	S			NOT_EVALUATED							NOT_EVALUATED
231	34589061	VCU065	linezolid	linezolid			NO_GENOME_MATCH	S	S			NOT_EVALUATED							NOT_EVALUATED
232	34589061	801_SEPI	linezolid	linezolid			NO_GENOME_MATCH	S	S			NOT_EVALUATED							NOT_EVALUATED
233	34589061	596_SEPI	linezolid	linezolid			NO_GENOME_MATCH	S	S			NOT_EVALUATED							NOT_EVALUATED
234	34589061	DAR2037	linezolid	linezolid			NO_GENOME_MATCH	S	S			NOT_EVALUATED							NOT_EVALUATED
235	34589061	1032_SEPI	linezolid	linezolid			NO_GENOME_MATCH	S	S			NOT_EVALUATED							NOT_EVALUATED
236	34589061	PR246B0	linezolid	linezolid			NO_GENOME_MATCH	S	S			NOT_EVALUATED							NOT_EVALUATED
237	34589061	DAR5991	linezolid	linezolid			NO_GENOME_MATCH	S	S			NOT_EVALUATED							NOT_EVALUATED
238	34589061	1023_SEPI	linezolid	linezolid			NO_GENOME_MATCH	S	S			NOT_EVALUATED							NOT_EVALUATED
239	34589061	87_SEPI	linezolid	linezolid			NO_GENOME_MATCH	S	S			NOT_EVALUATED							NOT_EVALUATED
240	34589061	18_SEPI	linezolid	linezolid			NO_GENOME_MATCH	S	S			NOT_EVALUATED							NOT_EVALUATED
241	34589061	165_SEPI	linezolid	linezolid			NO_GENOME_MATCH	S	S			NOT_EVALUATED							NOT_EVALUATED
242	34589061	656_SEPI	linezolid	linezolid			NO_GENOME_MATCH	S	S			NOT_EVALUATED							NOT_EVALUATED
243	34589061	7759	linezolid	linezolid			NO_GENOME_MATCH	S	S			NOT_EVALUATED							NOT_EVALUATED
244	34589061	520_SEPI	linezolid	linezolid			NO_GENOME_MATCH	S	S			NOT_EVALUATED							NOT_EVALUATED
245	34589061	939_SEPI	linezolid	linezolid			NO_GENOME_MATCH	S	S			NOT_EVALUATED							NOT_EVALUATED
246	34589061	DAR5981	linezolid	linezolid			NO_GENOME_MATCH	S	S			NOT_EVALUATED							NOT_EVALUATED
247	34589061	C10C	linezolid	linezolid			NO_GENOME_MATCH	S	S			NOT_EVALUATED							NOT_EVALUATED
248	34589061	ENVL_370	linezolid	linezolid			NO_GENOME_MATCH	S	S			NOT_EVALUATED							NOT_EVALUATED
249	34589061	897_SEPI	linezolid	linezolid			NO_GENOME_MATCH	S	S			NOT_EVALUATED							NOT_EVALUATED
250	34589061	VCU120	linezolid	linezolid			NO_GENOME_MATCH	S	S			NOT_EVALUATED							NOT_EVALUATED
251	34589061	819_SEPI	linezolid	linezolid			NO_GENOME_MATCH	S	S			NOT_EVALUATED							NOT_EVALUATED
252	34589061	DAR4900	linezolid	linezolid			NO_GENOME_MATCH	S	S			NOT_EVALUATED							NOT_EVALUATED
253	34589061	162_SEPI	linezolid	linezolid			NO_GENOME_MATCH	S	S			NOT_EVALUATED							NOT_EVALUATED
254	34589061	158_SEPI	linezolid	linezolid			NO_GENOME_MATCH	S	S			NOT_EVALUATED							NOT_EVALUATED
255	34589061	623_SEPI	linezolid	linezolid			NO_GENOME_MATCH	S	S			NOT_EVALUATED							NOT_EVALUATED
256	34589061	634_SEPI	linezolid	linezolid			NO_GENOME_MATCH	S	S			NOT_EVALUATED							NOT_EVALUATED
257	34589061	B45679-10	linezolid	linezolid			NO_GENOME_MATCH	S	S			NOT_EVALUATED							NOT_EVALUATED
258	34589061	DAR4894	linezolid	linezolid			NO_GENOME_MATCH	S	S			NOT_EVALUATED							NOT_EVALUATED
259	34589061	652_SEPI	linezolid	linezolid			NO_GENOME_MATCH	S	S			NOT_EVALUATED							NOT_EVALUATED
260	34589061	DEN112	linezolid	linezolid			NO_GENOME_MATCH	S	S			NOT_EVALUATED							NOT_EVALUATED
261	34589061	DAR5908	linezolid	linezolid			NO_GENOME_MATCH	S	S			NOT_EVALUATED							NOT_EVALUATED
262	34589061	160_SEPI	linezolid	linezolid			NO_GENOME_MATCH	S	S			NOT_EVALUATED							NOT_EVALUATED
263	34589061	DAR5907	linezolid	linezolid			NO_GENOME_MATCH	S	S			NOT_EVALUATED							NOT_EVALUATED
264	34589061	1026_SEPI	linezolid	linezolid			NO_GENOME_MATCH	S	S			NOT_EVALUATED							NOT_EVALUATED
265	34589061	795_SEPI	linezolid	linezolid			NO_GENOME_MATCH	S	S			NOT_EVALUATED							NOT_EVALUATED
266	34589061	AOKB02	linezolid	linezolid			NO_GENOME_MATCH	S	S			NOT_EVALUATED							NOT_EVALUATED
267	34589061	563_SEPI	linezolid	linezolid			NO_GENOME_MATCH	S	S			NOT_EVALUATED							NOT_EVALUATED
268	34589061	SCH-23	linezolid	linezolid	1282.2290	GCA_002752825,GCA_002752825.1,GCF_002752825,GCF_002752825.1,SAMN07839776	MATCHED	S	S			NO_GT_VALUE					=	35	MISSING_EXTRACTION
269	34589061	1088_SEPI	linezolid	linezolid			NO_GENOME_MATCH	S	S			NOT_EVALUATED							NOT_EVALUATED
270	34589061	764_SEPI	linezolid	linezolid			NO_GENOME_MATCH	S	S			NOT_EVALUATED							NOT_EVALUATED
271	34589061	FDAARGOS_153	linezolid	linezolid			NO_GENOME_MATCH	S	S			NOT_EVALUATED							NOT_EVALUATED
272	34589061	760_SEPI	linezolid	linezolid			NO_GENOME_MATCH	S	S			NOT_EVALUATED							NOT_EVALUATED
273	34589061	DAR5953	linezolid	linezolid			NO_GENOME_MATCH	S	S			NOT_EVALUATED							NOT_EVALUATED
274	34589061	767_SEPI	linezolid	linezolid			NO_GENOME_MATCH	S	S			NOT_EVALUATED							NOT_EVALUATED
275	34589061	LRKNS042	linezolid	linezolid			NO_GENOME_MATCH	R	R			NOT_EVALUATED							NOT_EVALUATED
276	34589061	DAR5954	linezolid	linezolid			NO_GENOME_MATCH	S	S			NOT_EVALUATED							NOT_EVALUATED
277	34589061	DAR5955	linezolid	linezolid			NO_GENOME_MATCH	S	S			NOT_EVALUATED							NOT_EVALUATED
278	34589061	DEN154	linezolid	linezolid			NO_GENOME_MATCH	S	S			NOT_EVALUATED							NOT_EVALUATED
279	34589061	799_SEPI	linezolid	linezolid			NO_GENOME_MATCH	S	S			NOT_EVALUATED							NOT_EVALUATED
280	34589061	365_SEPI	linezolid	linezolid			NO_GENOME_MATCH	S	S			NOT_EVALUATED							NOT_EVALUATED
281	34589061	642_SEPI	linezolid	linezolid			NO_GENOME_MATCH	S	S			NOT_EVALUATED							NOT_EVALUATED
282	34589061	407_SEPI	linezolid	linezolid			NO_GENOME_MATCH	S	S			NOT_EVALUATED							NOT_EVALUATED
283	34589061	DAR5959	linezolid	linezolid			NO_GENOME_MATCH	S	S			NOT_EVALUATED							NOT_EVALUATED
284	34589061	ATCC 12228	linezolid	linezolid			NO_GENOME_MATCH	S	S			NOT_EVALUATED							NOT_EVALUATED
285	34589061	DAR1186	linezolid	linezolid			NO_GENOME_MATCH	S	S			NOT_EVALUATED							NOT_EVALUATED
286	34589061	DAR6049	linezolid	linezolid			NO_GENOME_MATCH	S	S			NOT_EVALUATED							NOT_EVALUATED
287	34589061	AGT127	linezolid	linezolid			NO_GENOME_MATCH	S	S			NOT_EVALUATED							NOT_EVALUATED
288	34589061	422.rep1_SEPI	linezolid	linezolid			NO_GENOME_MATCH	S	S			NOT_EVALUATED							NOT_EVALUATED
289	34589061	AG42	linezolid	linezolid			NO_GENOME_MATCH	S	S			NOT_EVALUATED							NOT_EVALUATED
290	34589061	DAR5958	linezolid	linezolid			NO_GENOME_MATCH	S	S			NOT_EVALUATED							NOT_EVALUATED
291	34589061	422.rep2_SEPI	linezolid	linezolid			NO_GENOME_MATCH	S	S			NOT_EVALUATED							NOT_EVALUATED
292	34589061	SCH-9	linezolid	linezolid	1282.2286	GCA_002750335,GCA_002750335.1,GCF_002750335,GCF_002750335.1,SAMN07839762	MATCHED	S	S			NO_GT_VALUE					=	29	MISSING_EXTRACTION
293	34589061	LRKNS075	linezolid	linezolid			NO_GENOME_MATCH	R	R			NOT_EVALUATED							NOT_EVALUATED
294	34589061	585_SEPI	linezolid	linezolid			NO_GENOME_MATCH	S	S			NOT_EVALUATED							NOT_EVALUATED
295	34589061	460_SEPI	linezolid	linezolid			NO_GENOME_MATCH	S	S			NOT_EVALUATED							NOT_EVALUATED
296	34589061	LRKNS086	linezolid	linezolid			NO_GENOME_MATCH	R	R			NOT_EVALUATED							NOT_EVALUATED
297	34589061	SCH-2	linezolid	linezolid	1282.2281	GCA_002750215,GCA_002750215.1,GCF_002750215,GCF_002750215.1,SAMN07839755	MATCHED	S	S			NO_GT_VALUE					=	31	MISSING_EXTRACTION
298	34589061	1063_SEPI	linezolid	linezolid			NO_GENOME_MATCH	S	S			NOT_EVALUATED							NOT_EVALUATED
299	34589061	VCU041	linezolid	linezolid			NO_GENOME_MATCH	S	S			NOT_EVALUATED							NOT_EVALUATED
300	34589061	1191_SEPI	linezolid	linezolid			NO_GENOME_MATCH	S	S			NOT_EVALUATED							NOT_EVALUATED
301	34589061	FDAARGOS_83	linezolid	linezolid			NO_GENOME_MATCH	S	S			NOT_EVALUATED							NOT_EVALUATED
302	34589061	SCH-5	linezolid	linezolid	1282.2277	GCA_002750145,GCA_002750145.1,GCF_002750145,GCF_002750145.1,SAMN07839758	MATCHED	S	S			NO_GT_VALUE					=	30	MISSING_EXTRACTION
303	34589061	DAR5401	linezolid	linezolid			NO_GENOME_MATCH	S	S			NOT_EVALUATED							NOT_EVALUATED
304	34589061	DEN121	linezolid	linezolid			NO_GENOME_MATCH	S	S			NOT_EVALUATED							NOT_EVALUATED
305	34589061	NIHLM003	linezolid	linezolid			NO_GENOME_MATCH	S	S			NOT_EVALUATED							NOT_EVALUATED
306	34589061	21_SEPI	linezolid	linezolid			NO_GENOME_MATCH	S	S			NOT_EVALUATED							NOT_EVALUATED
307	34589061	386_SEPI	linezolid	linezolid			NO_GENOME_MATCH	S	S			NOT_EVALUATED							NOT_EVALUATED
308	34589061	872_SEPI	linezolid	linezolid			NO_GENOME_MATCH	S	S			NOT_EVALUATED							NOT_EVALUATED
309	34589061	535_SEPI	linezolid	linezolid			NO_GENOME_MATCH	S	S			NOT_EVALUATED							NOT_EVALUATED
310	34589061	ERS1599555	linezolid	linezolid			NO_GENOME_MATCH	S	S			NOT_EVALUATED							NOT_EVALUATED
311	34589061	921_SEPI	linezolid	linezolid			NO_GENOME_MATCH	S	S			NOT_EVALUATED							NOT_EVALUATED
312	34589061	802_SEPI	linezolid	linezolid			NO_GENOME_MATCH	S	S			NOT_EVALUATED							NOT_EVALUATED
313	34589061	803_SEPI	linezolid	linezolid			NO_GENOME_MATCH	S	S			NOT_EVALUATED							NOT_EVALUATED
314	34589061	SCH-14	linezolid	linezolid	1282.2285	GCA_002750305,GCA_002750305.1,GCF_002750305,GCF_002750305.1,SAMN07839767	MATCHED	S	S			NO_GT_VALUE					=	32	MISSING_EXTRACTION
315	34589061	BCM-HMP0060	linezolid	linezolid			NO_GENOME_MATCH	S	S			NOT_EVALUATED							NOT_EVALUATED
316	34589061	1062_SEPI	linezolid	linezolid			NO_GENOME_MATCH	S	S			NOT_EVALUATED							NOT_EVALUATED
317	34589061	SCH-8	linezolid	linezolid	1282.2288	GCA_002750345,GCA_002750345.1,GCF_002750345,GCF_002750345.1,SAMN07839761	MATCHED	S	S			NO_GT_VALUE					=	30	MISSING_EXTRACTION
318	34589061	ITL638	linezolid	linezolid			NO_GENOME_MATCH	S	S			NOT_EVALUATED							NOT_EVALUATED
319	34589061	761_SEPI	linezolid	linezolid			NO_GENOME_MATCH	S	S			NOT_EVALUATED							NOT_EVALUATED
320	34589061	DAR4891	linezolid	linezolid			NO_GENOME_MATCH	R	R			NOT_EVALUATED							NOT_EVALUATED
321	34589061	DAR1888	linezolid	linezolid			NO_GENOME_MATCH	R	R			NOT_EVALUATED							NOT_EVALUATED
322	34589061	SCH-4	linezolid	linezolid	1282.2278	GCA_002750175,GCA_002750175.1,GCF_002750175,GCF_002750175.1,SAMN07839757	MATCHED	S	S			NO_GT_VALUE					=	27	MISSING_EXTRACTION
323	34589061	1013_SEPI	linezolid	linezolid			NO_GENOME_MATCH	S	S			NOT_EVALUATED							NOT_EVALUATED
324	34589061	NIH05001	linezolid	linezolid			NO_GENOME_MATCH	S	S			NOT_EVALUATED							NOT_EVALUATED
325	34589061	PM221	linezolid	linezolid			NO_GENOME_MATCH	S	S			NOT_EVALUATED							NOT_EVALUATED
326	34589061	1021.rep1_SEPI	linezolid	linezolid			NO_GENOME_MATCH	S	S			NOT_EVALUATED							NOT_EVALUATED
327	34589061	FDAARGOS_157	linezolid	linezolid			NO_GENOME_MATCH	S	S			NOT_EVALUATED							NOT_EVALUATED
328	34589061	NIH06004	linezolid	linezolid			NO_GENOME_MATCH	S	S			NOT_EVALUATED							NOT_EVALUATED
329	34589061	DAR5918	linezolid	linezolid			NO_GENOME_MATCH	S	S			NOT_EVALUATED							NOT_EVALUATED
330	34589061	1022_SEPI	linezolid	linezolid			NO_GENOME_MATCH	S	S			NOT_EVALUATED							NOT_EVALUATED
331	34589061	DAR4887	linezolid	linezolid			NO_GENOME_MATCH	S	S			NOT_EVALUATED							NOT_EVALUATED
332	34589061	LRKNS087	linezolid	linezolid			NO_GENOME_MATCH	R	R			NOT_EVALUATED							NOT_EVALUATED
333	34589061	1040_SEPI	linezolid	linezolid			NO_GENOME_MATCH	S	S			NOT_EVALUATED							NOT_EVALUATED
334	34589061	B13258	linezolid	linezolid			NO_GENOME_MATCH	S	S			NOT_EVALUATED							NOT_EVALUATED
335	34589061	bTMA-013	linezolid	linezolid			NO_GENOME_MATCH	S	S			NOT_EVALUATED							NOT_EVALUATED
336	34589061	529_SEPI	linezolid	linezolid			NO_GENOME_MATCH	S	S			NOT_EVALUATED							NOT_EVALUATED
337	34589061	1021.rep2_SEPI	linezolid	linezolid			NO_GENOME_MATCH	S	S			NOT_EVALUATED							NOT_EVALUATED
338	34589061	961_SEPI	linezolid	linezolid			NO_GENOME_MATCH	S	S			NOT_EVALUATED							NOT_EVALUATED
339	34589061	VCU013	linezolid	linezolid	904315.3	GCA_000697825,GCA_000697825.1,GCF_000697825,GCF_000697825.1,JHTZ00000000,SAMN00117453	MATCHED	S	S			NO_GT_DRUG							NO_GT_DRUG
340	34589061	568_SEPI	linezolid	linezolid			NO_GENOME_MATCH	S	S			NOT_EVALUATED							NOT_EVALUATED
341	34589061	DAR5990	linezolid	linezolid			NO_GENOME_MATCH	S	S			NOT_EVALUATED							NOT_EVALUATED
342	34589061	GRE40	linezolid	linezolid			NO_GENOME_MATCH	S	S			NOT_EVALUATED							NOT_EVALUATED
343	34589061	15_SEPI	linezolid	linezolid			NO_GENOME_MATCH	S	S			NOT_EVALUATED							NOT_EVALUATED
344	34589061	MEX130	linezolid	linezolid			NO_GENOME_MATCH	S	S			NOT_EVALUATED							NOT_EVALUATED
345	34589061	16_SEPI	linezolid	linezolid			NO_GENOME_MATCH	S	S			NOT_EVALUATED							NOT_EVALUATED
346	34589061	101_SEPI	linezolid	linezolid			NO_GENOME_MATCH	S	S			NOT_EVALUATED							NOT_EVALUATED
347	34589061	458_SEPI	linezolid	linezolid			NO_GENOME_MATCH	S	S			NOT_EVALUATED							NOT_EVALUATED
348	34589061	SCH-3	linezolid	linezolid	1282.2289	GCA_002750395,GCA_002750395.1,GCF_002750395,GCF_002750395.1,SAMN07839756	MATCHED	S	S			NO_GT_VALUE					=	30	MISSING_EXTRACTION
349	34589061	SCH-1	linezolid	linezolid	1282.2280	GCA_002750225,GCA_002750225.1,GCF_002750225,GCF_002750225.1,SAMN07839754	MATCHED	S	S			NO_GT_VALUE					=	26	MISSING_EXTRACTION
350	34589061	SCH-7	linezolid	linezolid	1282.2276	GCA_002750125,GCA_002750125.1,GCF_002750125,GCF_002750125.1,SAMN07839760	MATCHED	S	S			NO_GT_VALUE					=	35	MISSING_EXTRACTION
351	34589061	450_SEPI	linezolid	linezolid			NO_GENOME_MATCH	S	S			NOT_EVALUATED							NOT_EVALUATED
352	34589061	SCH-10	linezolid	linezolid	1282.2282	GCA_002750255,GCA_002750255.1,GCF_002750255,GCF_002750255.1,SAMN07839763	MATCHED	S	S			NO_GT_VALUE					=	28	MISSING_EXTRACTION
353	34589061	NGS-ED-1118	linezolid	linezolid			NO_GENOME_MATCH	S	S			NOT_EVALUATED							NOT_EVALUATED
354	34589061	1295_SEPI	linezolid	linezolid			NO_GENOME_MATCH	S	S			NOT_EVALUATED							NOT_EVALUATED
355	34589061	NGS-ED-1117	linezolid	linezolid			NO_GENOME_MATCH	S	S			NOT_EVALUATED							NOT_EVALUATED
356	34589061	364_SEPI	linezolid	linezolid			NO_GENOME_MATCH	S	S			NOT_EVALUATED							NOT_EVALUATED
357	34589061	92_SEPI	linezolid	linezolid			NO_GENOME_MATCH	S	S			NOT_EVALUATED							NOT_EVALUATED
358	34589061	439_SEPI	linezolid	linezolid			NO_GENOME_MATCH	S	S			NOT_EVALUATED							NOT_EVALUATED
359	34589061	B12916	linezolid	linezolid			NO_GENOME_MATCH	S	S			NOT_EVALUATED							NOT_EVALUATED
360	34589061	798_SEPI	linezolid	linezolid			NO_GENOME_MATCH	S	S			NOT_EVALUATED							NOT_EVALUATED
361	34589061	MCO13	linezolid	linezolid			NO_GENOME_MATCH	S	S			NOT_EVALUATED							NOT_EVALUATED
362	34589061	366_SEPI	linezolid	linezolid			NO_GENOME_MATCH	S	S			NOT_EVALUATED							NOT_EVALUATED
363	34589061	DEN49	linezolid	linezolid			NO_GENOME_MATCH	S	S			NOT_EVALUATED							NOT_EVALUATED
364	34589061	M0881	linezolid	linezolid			NO_GENOME_MATCH	S	S			NOT_EVALUATED							NOT_EVALUATED
365	34589061	B13587	linezolid	linezolid			NO_GENOME_MATCH	S	S			NOT_EVALUATED							NOT_EVALUATED
366	34589061	8_SEPI	linezolid	linezolid			NO_GENOME_MATCH	S	S			NOT_EVALUATED							NOT_EVALUATED
367	34589061	821_SEPI	linezolid	linezolid			NO_GENOME_MATCH	S	S			NOT_EVALUATED							NOT_EVALUATED
368	34589061	DEN13	linezolid	linezolid			NO_GENOME_MATCH	S	S			NOT_EVALUATED							NOT_EVALUATED
369	34589061	B647	linezolid	linezolid			NO_GENOME_MATCH	S	S			NOT_EVALUATED							NOT_EVALUATED
370	34589061	B16261	linezolid	linezolid			NO_GENOME_MATCH	S	S			NOT_EVALUATED							NOT_EVALUATED
371	34589061	HUR104	linezolid	linezolid			NO_GENOME_MATCH	S	S			NOT_EVALUATED							NOT_EVALUATED
372	34589061	MEX39	linezolid	linezolid			NO_GENOME_MATCH	S	S			NOT_EVALUATED							NOT_EVALUATED
373	34589061	SCH-6	linezolid	linezolid	1282.2287	GCA_002750355,GCA_002750355.1,GCF_002750355,GCF_002750355.1,SAMN07839759	MATCHED	S	S			NO_GT_VALUE					=	29	MISSING_EXTRACTION
374	34589061	RP62A	linezolid	linezolid			NO_GENOME_MATCH	S	S			NOT_EVALUATED							NOT_EVALUATED
375	34589061	ICE117	linezolid	linezolid			NO_GENOME_MATCH	S	S			NOT_EVALUATED							NOT_EVALUATED
376	34589061	663_SEPI	linezolid	linezolid			NO_GENOME_MATCH	S	S			NOT_EVALUATED							NOT_EVALUATED
377	34589061	LRKNS046	linezolid	linezolid			NO_GENOME_MATCH	R	R			NOT_EVALUATED							NOT_EVALUATED
378	34589061	DEN60	linezolid	linezolid			NO_GENOME_MATCH	S	S			NOT_EVALUATED							NOT_EVALUATED
379	34589061	NGS-ED-1110	linezolid	linezolid			NO_GENOME_MATCH	S	S			NOT_EVALUATED							NOT_EVALUATED
380	34589061	B12142	linezolid	linezolid			NO_GENOME_MATCH	S	S			NOT_EVALUATED							NOT_EVALUATED
381	34589061	B59	linezolid	linezolid			NO_GENOME_MATCH	S	S			NOT_EVALUATED							NOT_EVALUATED
382	34589061	MCO4	linezolid	linezolid			NO_GENOME_MATCH	S	S			NOT_EVALUATED							NOT_EVALUATED
383	34589061	DAR2142	linezolid	linezolid			NO_GENOME_MATCH	R	R			NOT_EVALUATED							NOT_EVALUATED
384	34589061	LRKNS079	linezolid	linezolid			NO_GENOME_MATCH	R	R			NOT_EVALUATED							NOT_EVALUATED
385	34589061	MEX28	linezolid	linezolid			NO_GENOME_MATCH	S	S			NOT_EVALUATED							NOT_EVALUATED
386	34589061	41tr	linezolid	linezolid			NO_GENOME_MATCH	S	S			NOT_EVALUATED							NOT_EVALUATED
387	34589061	528m	linezolid	linezolid			NO_GENOME_MATCH	S	S			NOT_EVALUATED							NOT_EVALUATED
388	34589061	B2731	linezolid	linezolid			NO_GENOME_MATCH	S	S			NOT_EVALUATED							NOT_EVALUATED
389	34589061	LRKNS076	linezolid	linezolid			NO_GENOME_MATCH	R	R			NOT_EVALUATED							NOT_EVALUATED
390	34589061	102_SEPI	linezolid	linezolid			NO_GENOME_MATCH	S	S			NOT_EVALUATED							NOT_EVALUATED
391	34589061	36-1	linezolid	linezolid			NO_GENOME_MATCH	R	R			NOT_EVALUATED							NOT_EVALUATED
392	34589061	LRKNS082	linezolid	linezolid			NO_GENOME_MATCH	R	R			NOT_EVALUATED							NOT_EVALUATED
393	34589061	LRKNS117	linezolid	linezolid			NO_GENOME_MATCH	R	R			NOT_EVALUATED							NOT_EVALUATED
394	34589061	NIH051668	linezolid	linezolid			NO_GENOME_MATCH	S	S			NOT_EVALUATED							NOT_EVALUATED
395	34589061	ENVH115	linezolid	linezolid			NO_GENOME_MATCH	S	S			NOT_EVALUATED							NOT_EVALUATED
396	34589061	LRKNS112	linezolid	linezolid			NO_GENOME_MATCH	R	R			NOT_EVALUATED							NOT_EVALUATED
397	34589061	678_SEPI	linezolid	linezolid			NO_GENOME_MATCH	S	S			NOT_EVALUATED							NOT_EVALUATED
398	34589061	936_SEPI	linezolid	linezolid			NO_GENOME_MATCH	S	S			NOT_EVALUATED							NOT_EVALUATED
399	34589061	SH06_17	linezolid	linezolid			NO_GENOME_MATCH	R	R			NOT_EVALUATED							NOT_EVALUATED
400	34589061	SH06_16	linezolid	linezolid			NO_GENOME_MATCH	R	R			NOT_EVALUATED							NOT_EVALUATED
401	34589061	354_SEPI	linezolid	linezolid			NO_GENOME_MATCH	S	S			NOT_EVALUATED							NOT_EVALUATED
402	34589061	LRKNS048	linezolid	linezolid			NO_GENOME_MATCH	R	R			NOT_EVALUATED							NOT_EVALUATED
403	34589061	ITL533	linezolid	linezolid			NO_GENOME_MATCH	S	S			NOT_EVALUATED							NOT_EVALUATED
404	34589061	DAR5986	linezolid	linezolid			NO_GENOME_MATCH	S	S			NOT_EVALUATED							NOT_EVALUATED
405	34589061	NGS-ED-1107	linezolid	linezolid			NO_GENOME_MATCH	S	S			NOT_EVALUATED							NOT_EVALUATED
406	34589061	DAR2143	linezolid	linezolid			NO_GENOME_MATCH	R	R			NOT_EVALUATED							NOT_EVALUATED
407	34589061	DAR5984	linezolid	linezolid			NO_GENOME_MATCH	S	S			NOT_EVALUATED							NOT_EVALUATED
408	34589061	LRKNS059	linezolid	linezolid			NO_GENOME_MATCH	R	R			NOT_EVALUATED							NOT_EVALUATED
409	34589061	LRKNS111	linezolid	linezolid			NO_GENOME_MATCH	R	R			NOT_EVALUATED							NOT_EVALUATED
410	34589061	URU27	linezolid	linezolid			NO_GENOME_MATCH	S	S			NOT_EVALUATED							NOT_EVALUATED
411	34589061	LRKNS017	linezolid	linezolid			NO_GENOME_MATCH	R	R			NOT_EVALUATED							NOT_EVALUATED
412	34589061	LRKNS116	linezolid	linezolid			NO_GENOME_MATCH	R	R			NOT_EVALUATED							NOT_EVALUATED
413	34589061	100_SEPI	linezolid	linezolid			NO_GENOME_MATCH	S	S			NOT_EVALUATED							NOT_EVALUATED
414	34589061	LRKNS118	linezolid	linezolid			NO_GENOME_MATCH	R	R			NOT_EVALUATED							NOT_EVALUATED
415	34589061	973_SEPI	linezolid	linezolid			NO_GENOME_MATCH	S	S			NOT_EVALUATED							NOT_EVALUATED
416	34589061	282_SEPI	linezolid	linezolid			NO_GENOME_MATCH	S	S			NOT_EVALUATED							NOT_EVALUATED
417	34589061	LRKNS115	linezolid	linezolid			NO_GENOME_MATCH	R	R			NOT_EVALUATED							NOT_EVALUATED
418	34589061	NGS-ED-1111	linezolid	linezolid			NO_GENOME_MATCH	S	S			NOT_EVALUATED							NOT_EVALUATED
419	34589061	LRKNS085	linezolid	linezolid			NO_GENOME_MATCH	R	R			NOT_EVALUATED							NOT_EVALUATED
420	34589061	LRKNS084	linezolid	linezolid			NO_GENOME_MATCH	R	R			NOT_EVALUATED							NOT_EVALUATED
421	34589061	LRKNS056	linezolid	linezolid			NO_GENOME_MATCH	R	R			NOT_EVALUATED							NOT_EVALUATED
422	34589061	LRKNS009	linezolid	linezolid			NO_GENOME_MATCH	R	R			NOT_EVALUATED							NOT_EVALUATED
423	34589061	LRKNS037	linezolid	linezolid			NO_GENOME_MATCH	R	R			NOT_EVALUATED							NOT_EVALUATED
424	34589061	LRKNS064	linezolid	linezolid			NO_GENOME_MATCH	R	R			NOT_EVALUATED							NOT_EVALUATED
425	34589061	LRKNS092	linezolid	linezolid			NO_GENOME_MATCH	R	R			NOT_EVALUATED							NOT_EVALUATED
426	34589061	ENVH150	linezolid	linezolid			NO_GENOME_MATCH	S	S			NOT_EVALUATED							NOT_EVALUATED
427	34589061	LRKNS068	linezolid	linezolid			NO_GENOME_MATCH	R	R			NOT_EVALUATED							NOT_EVALUATED
428	34589061	LRKNS072	linezolid	linezolid			NO_GENOME_MATCH	R	R			NOT_EVALUATED							NOT_EVALUATED
429	34589061	LRKNS073	linezolid	linezolid			NO_GENOME_MATCH	R	R			NOT_EVALUATED							NOT_EVALUATED
430	34589061	ENVH131	linezolid	linezolid			NO_GENOME_MATCH	S	S			NOT_EVALUATED							NOT_EVALUATED
431	34589061	LRKNS029	linezolid	linezolid			NO_GENOME_MATCH	R	R			NOT_EVALUATED							NOT_EVALUATED
432	34589061	MEX86	linezolid	linezolid			NO_GENOME_MATCH	S	S			NOT_EVALUATED							NOT_EVALUATED
433	34589061	LRKNS093	linezolid	linezolid			NO_GENOME_MATCH	R	R			NOT_EVALUATED							NOT_EVALUATED
434	34589061	NIH04008	linezolid	linezolid			NO_GENOME_MATCH	S	S			NOT_EVALUATED							NOT_EVALUATED
435	34589061	LRKNS114	linezolid	linezolid			NO_GENOME_MATCH	R	R			NOT_EVALUATED							NOT_EVALUATED
436	34589061	SCH-19	linezolid	linezolid	1282.2272	GCA_002750035,GCA_002750035.1,GCF_002750035,GCF_002750035.1,SAMN07839772	MATCHED	S	S			NO_GT_VALUE					=	33	MISSING_EXTRACTION
437	34589061	SH07_17	linezolid	linezolid			NO_GENOME_MATCH	R	R			NOT_EVALUATED							NOT_EVALUATED
438	34589061	LRKNS026	linezolid	linezolid			NO_GENOME_MATCH	R	R			NOT_EVALUATED							NOT_EVALUATED
439	34589061	LRKNS054	linezolid	linezolid			NO_GENOME_MATCH	R	R			NOT_EVALUATED							NOT_EVALUATED
440	34589061	B2461	linezolid	linezolid			NO_GENOME_MATCH	S	S			NOT_EVALUATED							NOT_EVALUATED
441	34589061	1190_SEPI	linezolid	linezolid			NO_GENOME_MATCH	S	S			NOT_EVALUATED							NOT_EVALUATED
442	34589061	B7234	linezolid	linezolid			NO_GENOME_MATCH	R	R			NOT_EVALUATED							NOT_EVALUATED
443	34589061	SCH-17	linezolid	linezolid	1282.2273	GCA_002750045,GCA_002750045.1,GCF_002750045,GCF_002750045.1,SAMN07839770	MATCHED	S	S			NO_GT_VALUE					=	30	MISSING_EXTRACTION
444	34589061	LRKNS020	linezolid	linezolid			NO_GENOME_MATCH	R	R			NOT_EVALUATED							NOT_EVALUATED
445	34589061	AGT133	linezolid	linezolid			NO_GENOME_MATCH	S	S			NOT_EVALUATED							NOT_EVALUATED
446	34589061	LRKNS039	linezolid	linezolid			NO_GENOME_MATCH	R	R			NOT_EVALUATED							NOT_EVALUATED
447	34589061	LRKNS089	linezolid	linezolid			NO_GENOME_MATCH	R	R			NOT_EVALUATED							NOT_EVALUATED
448	34589061	LRKNS050	linezolid	linezolid			NO_GENOME_MATCH	R	R			NOT_EVALUATED							NOT_EVALUATED
449	34589061	B10873	linezolid	linezolid			NO_GENOME_MATCH	R	R			NOT_EVALUATED							NOT_EVALUATED
450	34589061	SCH-20	linezolid	linezolid	1282.2279	GCA_002750185,GCA_002750185.1,GCF_002750185,GCF_002750185.1,SAMN07839773	MATCHED	S	S			NO_GT_VALUE					=	33	MISSING_EXTRACTION
451	34589061	SH03_17	linezolid	linezolid			NO_GENOME_MATCH	R	R			NOT_EVALUATED							NOT_EVALUATED
452	34589061	SCH-21	linezolid	linezolid	1282.2292	GCA_002752875,GCA_002752875.1,GCF_002752875,GCF_002752875.1,SAMN07839774	MATCHED	S	S			NO_GT_VALUE					=	28	MISSING_EXTRACTION
453	34589061	296_SEPI	linezolid	linezolid			NO_GENOME_MATCH	S	S			NOT_EVALUATED							NOT_EVALUATED
454	34589061	LRKNS113	linezolid	linezolid			NO_GENOME_MATCH	R	R			NOT_EVALUATED							NOT_EVALUATED
455	34589061	BPH0662	linezolid	linezolid			NO_GENOME_MATCH	S	S			NOT_EVALUATED							NOT_EVALUATED
456	34589061	SCH-22	linezolid	linezolid	1282.2291	GCA_002752835,GCA_002752835.1,GCF_002752835,GCF_002752835.1,SAMN07839775	MATCHED	S	S			NO_GT_VALUE					=	29	MISSING_EXTRACTION
457	34589061	1068_SEPI	linezolid	linezolid			NO_GENOME_MATCH	S	S			NOT_EVALUATED							NOT_EVALUATED
458	34589061	926_SEPI	linezolid	linezolid			NO_GENOME_MATCH	S	S			NOT_EVALUATED							NOT_EVALUATED
459	34589061	110_SEPI	linezolid	linezolid			NO_GENOME_MATCH	S	S			NOT_EVALUATED							NOT_EVALUATED
460	34589061	6_SEPI	linezolid	linezolid			NO_GENOME_MATCH	S	S			NOT_EVALUATED							NOT_EVALUATED
461	34589061	1312_SEPI	linezolid	linezolid			NO_GENOME_MATCH	S	S			NOT_EVALUATED							NOT_EVALUATED
462	34589061	S_epi_1B2	linezolid	linezolid			NO_GENOME_MATCH	R	R			NOT_EVALUATED							NOT_EVALUATED
463	34589061	S_epi_1C6	linezolid	linezolid			NO_GENOME_MATCH	R	R			NOT_EVALUATED							NOT_EVALUATED
464	34589061	S_epi_1F2	linezolid	linezolid			NO_GENOME_MATCH	R	R			NOT_EVALUATED							NOT_EVALUATED
465	34589061	S_epi_1F7	linezolid	linezolid			NO_GENOME_MATCH	R	R			NOT_EVALUATED							NOT_EVALUATED
466	34589061	S_epi_1H6	linezolid	linezolid			NO_GENOME_MATCH	R	R			NOT_EVALUATED							NOT_EVALUATED
467	34589061	S_epi_1H8	linezolid	linezolid			NO_GENOME_MATCH	R	R			NOT_EVALUATED							NOT_EVALUATED
468	34589061	S_epi_2A9	linezolid	linezolid			NO_GENOME_MATCH	R	R			NOT_EVALUATED							NOT_EVALUATED
469	34589061	S_epi_2B10	linezolid	linezolid			NO_GENOME_MATCH	R	R			NOT_EVALUATED							NOT_EVALUATED
470	34589061	S_epi_2B2	linezolid	linezolid			NO_GENOME_MATCH	R	R			NOT_EVALUATED							NOT_EVALUATED
471	34589061	S_epi_2B8	linezolid	linezolid			NO_GENOME_MATCH	R	R			NOT_EVALUATED							NOT_EVALUATED
472	34589061	S_epi_2C10	linezolid	linezolid			NO_GENOME_MATCH	R	R			NOT_EVALUATED							NOT_EVALUATED
473	34589061	S_epi_2D5	linezolid	linezolid			NO_GENOME_MATCH	R	R			NOT_EVALUATED							NOT_EVALUATED
474	34589061	S_epi_2E10	linezolid	linezolid			NO_GENOME_MATCH	R	R			NOT_EVALUATED							NOT_EVALUATED
475	34589061	S_epi_2E2	linezolid	linezolid			NO_GENOME_MATCH	R	R			NOT_EVALUATED							NOT_EVALUATED
476	34589061	S_epi_2E5	linezolid	linezolid			NO_GENOME_MATCH	R	R			NOT_EVALUATED							NOT_EVALUATED
477	34589061	S_epi_2E6	linezolid	linezolid			NO_GENOME_MATCH	R	R			NOT_EVALUATED							NOT_EVALUATED
478	34589061	S_epi_2E8	linezolid	linezolid			NO_GENOME_MATCH	R	R			NOT_EVALUATED							NOT_EVALUATED
479	34589061	S_epi_2E9	linezolid	linezolid			NO_GENOME_MATCH	R	R			NOT_EVALUATED							NOT_EVALUATED
480	34589061	S_epi_2F10	linezolid	linezolid			NO_GENOME_MATCH	R	R			NOT_EVALUATED							NOT_EVALUATED
481	34589061	S_epi_2F1	linezolid	linezolid			NO_GENOME_MATCH	R	R			NOT_EVALUATED							NOT_EVALUATED
482	34589061	S_epi_2F5	linezolid	linezolid			NO_GENOME_MATCH	R	R			NOT_EVALUATED							NOT_EVALUATED
483	34589061	S_epi_2F6	linezolid	linezolid			NO_GENOME_MATCH	R	R			NOT_EVALUATED							NOT_EVALUATED
484	34589061	S_epi_2G10	linezolid	linezolid			NO_GENOME_MATCH	R	R			NOT_EVALUATED							NOT_EVALUATED
485	34589061	S_epi_2G1B	linezolid	linezolid			NO_GENOME_MATCH	R	R			NOT_EVALUATED							NOT_EVALUATED
486	34589061	S_epi_2G1	linezolid	linezolid			NO_GENOME_MATCH	R	R			NOT_EVALUATED							NOT_EVALUATED
487	34589061	S_epi_2G2	linezolid	linezolid			NO_GENOME_MATCH	R	R			NOT_EVALUATED							NOT_EVALUATED
488	34589061	S_epi_2G3	linezolid	linezolid			NO_GENOME_MATCH	R	R			NOT_EVALUATED							NOT_EVALUATED
489	34589061	S_epi_2G4	linezolid	linezolid			NO_GENOME_MATCH	R	R			NOT_EVALUATED							NOT_EVALUATED
490	34589061	S_epi_2G5	linezolid	linezolid			NO_GENOME_MATCH	R	R			NOT_EVALUATED							NOT_EVALUATED
491	34589061	S_epi_2G9	linezolid	linezolid			NO_GENOME_MATCH	R	R			NOT_EVALUATED							NOT_EVALUATED
492	34589061	S_epi_2H10	linezolid	linezolid			NO_GENOME_MATCH	R	R			NOT_EVALUATED							NOT_EVALUATED
493	34589061	S_epi_2H2	linezolid	linezolid			NO_GENOME_MATCH	R	R			NOT_EVALUATED							NOT_EVALUATED
494	34589061	S_epi_2H5	linezolid	linezolid			NO_GENOME_MATCH	R	R			NOT_EVALUATED							NOT_EVALUATED
495	34589061	S_epi_2H6	linezolid	linezolid			NO_GENOME_MATCH	R	R			NOT_EVALUATED							NOT_EVALUATED
496	34589061	S_epi_2H7	linezolid	linezolid			NO_GENOME_MATCH	R	R			NOT_EVALUATED							NOT_EVALUATED
497	34589061	S_epi_2H8	linezolid	linezolid			NO_GENOME_MATCH	R	R			NOT_EVALUATED							NOT_EVALUATED
498	34589061	S_epi_2H9	linezolid	linezolid			NO_GENOME_MATCH	R	R			NOT_EVALUATED							NOT_EVALUATED
499	34589061	S_epi_2I10	linezolid	linezolid			NO_GENOME_MATCH	R	R			NOT_EVALUATED							NOT_EVALUATED
500	34589061	S_epi_2I4	linezolid	linezolid			NO_GENOME_MATCH	R	R			NOT_EVALUATED							NOT_EVALUATED
501	34589061	S_epi_2I6	linezolid	linezolid			NO_GENOME_MATCH	R	R			NOT_EVALUATED							NOT_EVALUATED
502	34589061	S_epi_2I8	linezolid	linezolid			NO_GENOME_MATCH	R	R			NOT_EVALUATED							NOT_EVALUATED
503	34589061	S_epi_2I9	linezolid	linezolid			NO_GENOME_MATCH	R	R			NOT_EVALUATED							NOT_EVALUATED
504	34589061	S_epi_2J1	linezolid	linezolid			NO_GENOME_MATCH	R	R			NOT_EVALUATED							NOT_EVALUATED
505	34589061	S_epi_2J2	linezolid	linezolid			NO_GENOME_MATCH	R	R			NOT_EVALUATED							NOT_EVALUATED
506	34589061	S_epi_2J3	linezolid	linezolid			NO_GENOME_MATCH	R	R			NOT_EVALUATED							NOT_EVALUATED
507	34589061	CNS144	linezolid	linezolid	1282.6548	SAMN06829248	MATCHED	R	R			NO_GT_VALUE					=	32	MISSING_EXTRACTION
508	34589061	CNS172	linezolid	linezolid	1282.6549	SAMN06829250	MATCHED	R	R			NO_GT_VALUE					>	32	MISSING_EXTRACTION
509	34589061	CNS178	linezolid	linezolid	1282.6550	SAMN06829253	MATCHED	R	R			NO_GT_VALUE					>	32	MISSING_EXTRACTION
510	34589061	CNS180	linezolid	linezolid	1282.6532	SAMN06829255	MATCHED	R	R			NO_GT_VALUE					>	32	MISSING_EXTRACTION
511	34589061	CNS183	linezolid	linezolid	1282.6534	SAMN06829258	MATCHED	R	R			NO_GT_VALUE					=	32	MISSING_EXTRACTION
512	34589061	CNS184	linezolid	linezolid	1282.6535	SAMN06829259	MATCHED	R	R			NO_GT_VALUE					>	32	MISSING_EXTRACTION
513	34589061	CNS185	linezolid	linezolid	1282.6533	SAMN06829260	MATCHED	R	R			NO_GT_VALUE					>	32	MISSING_EXTRACTION
514	34589061	CNS187	linezolid	linezolid	1282.6542	SAMN06829262	MATCHED	R	R			NO_GT_VALUE					>	32	MISSING_EXTRACTION
515	34589061	CNS188	linezolid	linezolid	1282.6547	SAMN06829263	MATCHED	R	R			NO_GT_VALUE					>	32	MISSING_EXTRACTION
516	34589061	CNS189	linezolid	linezolid	1282.6538	SAMN06829264	MATCHED	R	R			NO_GT_VALUE					>	32	MISSING_EXTRACTION
517	34589061	CNS190	linezolid	linezolid	1282.6543	SAMN06829265	MATCHED	R	R			NO_GT_VALUE					>	32	MISSING_EXTRACTION
518	34589061	CNS191	linezolid	linezolid	1282.6537	SAMN06829266	MATCHED	R	R			NO_GT_VALUE					>	32	MISSING_EXTRACTION
519	34589061	CNS202	linezolid	linezolid	1282.6559	SAMN10717546	MATCHED	R	R			NO_GT_VALUE					>	32	MISSING_EXTRACTION
520	34589061	CNS203	linezolid	linezolid	1282.6558	SAMN10717547	MATCHED	R	R			NO_GT_VALUE					=	32	MISSING_EXTRACTION
521	34589061	CNS204	linezolid	linezolid	1282.6546	SAMN10717548	MATCHED	R	R			NO_GT_VALUE					=	32	MISSING_EXTRACTION
522	34589061	CNS205	linezolid	linezolid	1282.6541	SAMN10717549	MATCHED	R	R			NO_GT_VALUE					>	32	MISSING_EXTRACTION
523	34589061	CNS206	linezolid	linezolid	1282.6536	SAMN10717550	MATCHED	R	R			NO_GT_VALUE					=	32	MISSING_EXTRACTION
524	34589061	CNS207	linezolid	linezolid	1282.6539	SAMN10717551	MATCHED	R	R			NO_GT_VALUE					>	32	MISSING_EXTRACTION
525	34589061	CNS208	linezolid	linezolid	1282.6540	SAMN10717552	MATCHED	R	R			NO_GT_VALUE					>	32	MISSING_EXTRACTION
526	34589061	CNS209	linezolid	linezolid	1282.6545	SAMN10717553	MATCHED	R	R			NO_GT_VALUE					=	32	MISSING_EXTRACTION
527	34589061	CNS210	linezolid	linezolid	1282.6544	SAMN10717554	MATCHED	R	R			NO_GT_VALUE					=	32	MISSING_EXTRACTION
528	34589061	CNS212	linezolid	linezolid	1282.6552	SAMN10717556	MATCHED	R	R			NO_GT_VALUE					>	32	MISSING_EXTRACTION
529	34589061	CNS213	linezolid	linezolid	1282.6551	SAMN10717557	MATCHED	R	R			NO_GT_VALUE					>	32	MISSING_EXTRACTION
530	34589061	CNS216	linezolid	linezolid	1282.6557	SAMN10717558	MATCHED	R	R			NO_GT_VALUE					=	32	MISSING_EXTRACTION
531	34589061	CNS222	linezolid	linezolid	1282.6554	SAMN10717560	MATCHED	R	R			NO_GT_VALUE					>	32	MISSING_EXTRACTION
532	34589061	CNS228	linezolid	linezolid	1282.6553	SAMN10717562	MATCHED	R	R			NO_GT_VALUE					=	32	MISSING_EXTRACTION
533	34589061	CNS235	linezolid	linezolid	1282.6555	SAMN10717563	MATCHED	R	R			NO_GT_VALUE					=	32	MISSING_EXTRACTION
534	34589061	CNS243	linezolid	linezolid	1282.6556	SAMN10717568	MATCHED	R	R			NO_GT_VALUE					>	32	MISSING_EXTRACTION
535	34589061	CNS244	linezolid	linezolid	1282.6560	SAMN10717569	MATCHED	R	R			NO_GT_VALUE					>	32	MISSING_EXTRACTION
536	34589061	SA0658	linezolid	linezolid	1282.6531	SAMN06829247	MATCHED	R	R			NO_GT_VALUE					=	32	MISSING_EXTRACTION
537	34589061	UCLA-Sa-LR-3	linezolid	linezolid			NO_GENOME_MATCH	R	R			NOT_EVALUATED							NOT_EVALUATED
538	34589061	UCLA-Sa-LR-04	linezolid	linezolid			NO_GENOME_MATCH	R	R			NOT_EVALUATED							NOT_EVALUATED
539	34589061	UCLA-Sa-LR-5	linezolid	linezolid			NO_GENOME_MATCH	R	R			NOT_EVALUATED							NOT_EVALUATED
540	34589061	UCLA-Sa-LR-6	linezolid	linezolid			NO_GENOME_MATCH	R	R			NOT_EVALUATED							NOT_EVALUATED
541	34589061	UCLA-Sa-LR-7	linezolid	linezolid			NO_GENOME_MATCH	R	R			NOT_EVALUATED							NOT_EVALUATED
542	34589061	UCLA-Sa-LR-13	linezolid	linezolid			NO_GENOME_MATCH	R	R			NOT_EVALUATED							NOT_EVALUATED
543	34589061	UCLA-Sa-LR-14	linezolid	linezolid			NO_GENOME_MATCH	R	R			NOT_EVALUATED							NOT_EVALUATED
544	34589061	UCLA-Sa-LR-15	linezolid	linezolid			NO_GENOME_MATCH	R	R			NOT_EVALUATED							NOT_EVALUATED
545	34589061	UCLA-Sa-LR-17	linezolid	linezolid			NO_GENOME_MATCH	R	R			NOT_EVALUATED							NOT_EVALUATED
546	34589061	UCLA-Sa-LR-18	linezolid	linezolid			NO_GENOME_MATCH	R	R			NOT_EVALUATED							NOT_EVALUATED
547	34589061	UCLA-Sa-LR-19	linezolid	linezolid			NO_GENOME_MATCH	R	R			NOT_EVALUATED							NOT_EVALUATED
548	34589061	UCLA-Sa-LR-20	linezolid	linezolid			NO_GENOME_MATCH	R	R			NOT_EVALUATED							NOT_EVALUATED
549	34589061	UCLA-Sa-LR-21	linezolid	linezolid			NO_GENOME_MATCH	R	R			NOT_EVALUATED							NOT_EVALUATED
550	34589061	UCLA-Sa-LR-22	linezolid	linezolid			NO_GENOME_MATCH	R	R			NOT_EVALUATED							NOT_EVALUATED
551	34589061	UCLA-Sa-LR-23	linezolid	linezolid			NO_GENOME_MATCH	R	R			NOT_EVALUATED							NOT_EVALUATED
552	34589061	UCLA-Sa-LR-25	linezolid	linezolid			NO_GENOME_MATCH	R	R			NOT_EVALUATED							NOT_EVALUATED
553	34589061	UCLA-Sa-LR-26	linezolid	linezolid			NO_GENOME_MATCH	R	R			NOT_EVALUATED							NOT_EVALUATED
554	34589061	UCLA-Sa-LR-27	linezolid	linezolid			NO_GENOME_MATCH	R	R			NOT_EVALUATED							NOT_EVALUATED
555	34589061	UCLA-Sa-LR-28	linezolid	linezolid			NO_GENOME_MATCH	R	R			NOT_EVALUATED							NOT_EVALUATED
556	34589061	CNS223	linezolid	linezolid	1290.607	SAMN10717561	MATCHED	R	R			NO_GT_VALUE					>	32	MISSING_EXTRACTION
557	34589061	CNS221	linezolid	linezolid	1290.605	SAMN10717559	MATCHED	R	R			NO_GT_VALUE					>	32	MISSING_EXTRACTION
558	34589061	CNS211	linezolid	linezolid	1290.601	SAMN10717555	MATCHED	R	R			NO_GT_VALUE					=	32	MISSING_EXTRACTION
559	34589061	CNS201	linezolid	linezolid	1290.603	SAMN10717545	MATCHED	R	R			NO_GT_VALUE					>	32	MISSING_EXTRACTION
560	34589061	CNS245	linezolid	linezolid	1290.598	SAMN10717570	MATCHED	R	R			NO_GT_VALUE					>	32	MISSING_EXTRACTION
561	34589061	CNS242	linezolid	linezolid	1290.599	SAMN10717567	MATCHED	R	R			NO_GT_VALUE					>	32	MISSING_EXTRACTION
562	34589061	CNS241	linezolid	linezolid	1290.600	SAMN10717566	MATCHED	R	R			NO_GT_VALUE					>	32	MISSING_EXTRACTION
563	34589061	CNS239	linezolid	linezolid	1290.606	SAMN10717565	MATCHED	R	R			NO_GT_VALUE					>	32	MISSING_EXTRACTION
564	34589061	CNS238	linezolid	linezolid	1290.608	SAMN10717564	MATCHED	R	R			NO_GT_VALUE					>	32	MISSING_EXTRACTION
565	34589061	CNS186	linezolid	linezolid	1290.604	SAMN06829261	MATCHED	R	R			NO_GT_VALUE					=	32	MISSING_EXTRACTION
566	34589061	CNS182	linezolid	linezolid	1290.592	SAMN06829257	MATCHED	R	R			NO_GT_VALUE					>	32	MISSING_EXTRACTION
567	34589061	CNS181	linezolid	linezolid	1290.593	SAMN06829256	MATCHED	R	R			NO_GT_VALUE					>	32	MISSING_EXTRACTION
568	34589061	CNS173	linezolid	linezolid	1290.595	SAMN06829251	MATCHED	R	R			NO_GT_VALUE					=	32	MISSING_EXTRACTION
569	34589061	CNS171	linezolid	linezolid	1290.594	SAMN06829249	MATCHED	R	R			NO_GT_VALUE					>	32	MISSING_EXTRACTION
570	34589061	CNS179	linezolid	linezolid	1290.596	SAMN06829254	MATCHED	R	R			NO_GT_VALUE					=	32	MISSING_EXTRACTION
571	34589061	CNS175	linezolid	linezolid	1290.597	SAMN06829252	MATCHED	R	R			NO_GT_VALUE					=	32	MISSING_EXTRACTION
572	34589061	SK119	linezolid	linezolid			NO_GENOME_MATCH	S	S			NOT_EVALUATED							NOT_EVALUATED
573	34589061	C80	linezolid	linezolid			NO_GENOME_MATCH	S	S			NOT_EVALUATED							NOT_EVALUATED
574	34589061	VCU122	linezolid	linezolid			NO_GENOME_MATCH	S	S			NOT_EVALUATED							NOT_EVALUATED
575	34589061	ZBW5	linezolid	linezolid			NO_GENOME_MATCH	S	S			NOT_EVALUATED							NOT_EVALUATED
576	34589061	As3	linezolid	linezolid			NO_GENOME_MATCH	S	S			NOT_EVALUATED							NOT_EVALUATED
577	34589061	As1	linezolid	linezolid			NO_GENOME_MATCH	S	S			NOT_EVALUATED							NOT_EVALUATED
578	34589061	As2	linezolid	linezolid			NO_GENOME_MATCH	S	S			NOT_EVALUATED							NOT_EVALUATED
579	34589061	1288_SEPI	linezolid	linezolid			NO_GENOME_MATCH	S	S			NOT_EVALUATED							NOT_EVALUATED
580	34589061	238_SHAE	linezolid	linezolid			NO_GENOME_MATCH	S	S			NOT_EVALUATED							NOT_EVALUATED
581	34589061	336_SHAE	linezolid	linezolid			NO_GENOME_MATCH	S	S			NOT_EVALUATED							NOT_EVALUATED
582	34589061	515_SHAE	linezolid	linezolid			NO_GENOME_MATCH	S	S			NOT_EVALUATED							NOT_EVALUATED
583	34589061	202_SEPI	linezolid	linezolid			NO_GENOME_MATCH	S	S			NOT_EVALUATED							NOT_EVALUATED
584	34589061	437_SHAE	linezolid	linezolid			NO_GENOME_MATCH	S	S			NOT_EVALUATED							NOT_EVALUATED
585	34589061	438_SHAE	linezolid	linezolid			NO_GENOME_MATCH	S	S			NOT_EVALUATED							NOT_EVALUATED
586	34589061	513_SHAE	linezolid	linezolid			NO_GENOME_MATCH	S	S			NOT_EVALUATED							NOT_EVALUATED
587	34589061	657_SHAE	linezolid	linezolid			NO_GENOME_MATCH	S	S			NOT_EVALUATED							NOT_EVALUATED
588	34589061	692_SHAE	linezolid	linezolid			NO_GENOME_MATCH	S	S			NOT_EVALUATED							NOT_EVALUATED
589	34589061	858_SHAE	linezolid	linezolid			NO_GENOME_MATCH	S	S			NOT_EVALUATED							NOT_EVALUATED
590	34589061	793_SHAE	linezolid	linezolid			NO_GENOME_MATCH	S	S			NOT_EVALUATED							NOT_EVALUATED
591	34589061	794_SEPI	linezolid	linezolid			NO_GENOME_MATCH	S	S			NOT_EVALUATED							NOT_EVALUATED
592	34589061	RIT-PI-k	linezolid	linezolid			NO_GENOME_MATCH	S	S			NOT_EVALUATED							NOT_EVALUATED
593	34589061	H69	linezolid	linezolid			NO_GENOME_MATCH	S	S			NOT_EVALUATED							NOT_EVALUATED
594	34589061	LRKNS031	linezolid	linezolid			NO_GENOME_MATCH	R	R			NOT_EVALUATED							NOT_EVALUATED
595	34589061	Hudgins	linezolid	linezolid			NO_GENOME_MATCH	S	S			NOT_EVALUATED							NOT_EVALUATED
596	34589061	IIF4SC-B9	linezolid	linezolid			NO_GENOME_MATCH	S	S			NOT_EVALUATED							NOT_EVALUATED
597	34589061	RE2.8	linezolid	linezolid			NO_GENOME_MATCH	S	S			NOT_EVALUATED							NOT_EVALUATED
598	34589061	RE2.7	linezolid	linezolid			NO_GENOME_MATCH	S	S			NOT_EVALUATED							NOT_EVALUATED
599	34589061	RE2.10	linezolid	linezolid			NO_GENOME_MATCH	S	S			NOT_EVALUATED							NOT_EVALUATED
600	34589061	BHG17	linezolid	linezolid			NO_GENOME_MATCH	S	S			NOT_EVALUATED							NOT_EVALUATED
601	34589061	MMP2	linezolid	linezolid			NO_GENOME_MATCH	S	S			NOT_EVALUATED							NOT_EVALUATED
602	34589061	K1	linezolid	linezolid			NO_GENOME_MATCH	S	S			NOT_EVALUATED							NOT_EVALUATED
603	34589061	KR	linezolid	linezolid			NO_GENOME_MATCH	S	S			NOT_EVALUATED							NOT_EVALUATED
604	34589061	SH08_17	linezolid	linezolid			NO_GENOME_MATCH	R	R			NOT_EVALUATED							NOT_EVALUATED
605	34589061	SH04_17	linezolid	linezolid			NO_GENOME_MATCH	R	R			NOT_EVALUATED							NOT_EVALUATED
606	34589061	K1	linezolid	linezolid			NO_GENOME_MATCH	S	S			NOT_EVALUATED							NOT_EVALUATED
607	34589061	UMB0272	linezolid	linezolid			NO_GENOME_MATCH	S	S			NOT_EVALUATED							NOT_EVALUATED
608	34589061	NCTC 11320	linezolid	linezolid			NO_GENOME_MATCH	S	S			NOT_EVALUATED							NOT_EVALUATED
609	34589061	CCUG 42399	linezolid	linezolid			NO_GENOME_MATCH	S	S			NOT_EVALUATED							NOT_EVALUATED
610	34589061	FDAARGOS_136	linezolid	linezolid			NO_GENOME_MATCH	S	S			NOT_EVALUATED							NOT_EVALUATED
611	34589061	SNUC 5746	linezolid	linezolid			NO_GENOME_MATCH	S	S			NOT_EVALUATED							NOT_EVALUATED
612	34589061	SNUC 5336	linezolid	linezolid			NO_GENOME_MATCH	S	S			NOT_EVALUATED							NOT_EVALUATED
613	34589061	SNUC 3404	linezolid	linezolid			NO_GENOME_MATCH	S	S			NOT_EVALUATED							NOT_EVALUATED
614	34589061	SNUC 2694	linezolid	linezolid			NO_GENOME_MATCH	S	S			NOT_EVALUATED							NOT_EVALUATED
615	34589061	SNUC 2620	linezolid	linezolid			NO_GENOME_MATCH	S	S			NOT_EVALUATED							NOT_EVALUATED
616	34589061	SNUC 2444	linezolid	linezolid			NO_GENOME_MATCH	S	S			NOT_EVALUATED							NOT_EVALUATED
617	34589061	SNUC 5852	linezolid	linezolid			NO_GENOME_MATCH	S	S			NOT_EVALUATED							NOT_EVALUATED
618	34589061	J31	linezolid	linezolid			NO_GENOME_MATCH	S	S			NOT_EVALUATED							NOT_EVALUATED
619	34589061	J31	linezolid	linezolid			NO_GENOME_MATCH	S	S			NOT_EVALUATED							NOT_EVALUATED
620	34589061	J23	linezolid	linezolid			NO_GENOME_MATCH	S	S			NOT_EVALUATED							NOT_EVALUATED
621	34589061	J27	linezolid	linezolid			NO_GENOME_MATCH	S	S			NOT_EVALUATED							NOT_EVALUATED
622	34589061	J11	linezolid	linezolid			NO_GENOME_MATCH	S	S			NOT_EVALUATED							NOT_EVALUATED
623	34589061	B10	linezolid	linezolid			NO_GENOME_MATCH	S	S			NOT_EVALUATED							NOT_EVALUATED
624	34589061	J6	linezolid	linezolid			NO_GENOME_MATCH	S	S			NOT_EVALUATED							NOT_EVALUATED
625	34589061	I4	linezolid	linezolid			NO_GENOME_MATCH	S	S			NOT_EVALUATED							NOT_EVALUATED
626	34589061	ZBW5	linezolid	linezolid			NO_GENOME_MATCH	S	S			NOT_EVALUATED							NOT_EVALUATED
627	34589061	J11	linezolid	linezolid			NO_GENOME_MATCH	S	S			NOT_EVALUATED							NOT_EVALUATED
628	34589061	J6	linezolid	linezolid			NO_GENOME_MATCH	S	S			NOT_EVALUATED							NOT_EVALUATED
629	34589061	NCTC11320	linezolid	linezolid			NO_GENOME_MATCH	S	S			NOT_EVALUATED							NOT_EVALUATED
630	34589061	1118_SHAE	linezolid	linezolid			NO_GENOME_MATCH	S	S			NOT_EVALUATED							NOT_EVALUATED
631	34589061	1137_SHAE	linezolid	linezolid			NO_GENOME_MATCH	S	S			NOT_EVALUATED							NOT_EVALUATED
632	34589061	JCSC1435	linezolid	linezolid			NO_GENOME_MATCH	S	S			NOT_EVALUATED							NOT_EVALUATED
633	34589061	R1P1	linezolid	linezolid			NO_GENOME_MATCH	S	S			NOT_EVALUATED							NOT_EVALUATED
634	34589061	DNF00585	linezolid	linezolid			NO_GENOME_MATCH	S	S			NOT_EVALUATED							NOT_EVALUATED
635	34589061	C10D	linezolid	linezolid			NO_GENOME_MATCH	S	S			NOT_EVALUATED							NOT_EVALUATED
636	34589061	C10A	linezolid	linezolid			NO_GENOME_MATCH	S	S			NOT_EVALUATED							NOT_EVALUATED
637	34589061	Sh29/312/L2	linezolid	linezolid			NO_GENOME_MATCH	S	S			NOT_EVALUATED							NOT_EVALUATED
638	34589061	1HT3	linezolid	linezolid			NO_GENOME_MATCH	S	S			NOT_EVALUATED							NOT_EVALUATED
639	34589061	96671	linezolid	linezolid			NO_GENOME_MATCH	S	S			NOT_EVALUATED							NOT_EVALUATED
640	34589061	1328_SHAE	linezolid	linezolid			NO_GENOME_MATCH	S	S			NOT_EVALUATED							NOT_EVALUATED
641	34589061	1292_SHAE	linezolid	linezolid			NO_GENOME_MATCH	S	S			NOT_EVALUATED							NOT_EVALUATED
642	34589061	164_SHAE	linezolid	linezolid			NO_GENOME_MATCH	S	S			NOT_EVALUATED							NOT_EVALUATED
643	34589061	235_SHAE	linezolid	linezolid			NO_GENOME_MATCH	S	S			NOT_EVALUATED							NOT_EVALUATED
644	34589061	285_SHAE	linezolid	linezolid			NO_GENOME_MATCH	S	S			NOT_EVALUATED							NOT_EVALUATED
645	34589061	6035	linezolid	linezolid			NO_GENOME_MATCH	S	S			NOT_EVALUATED							NOT_EVALUATED
646	34589061	51-50	linezolid	linezolid			NO_GENOME_MATCH	S	S			NOT_EVALUATED							NOT_EVALUATED
647	34589061	CN1175	linezolid	linezolid			NO_GENOME_MATCH	S	S			NOT_EVALUATED							NOT_EVALUATED
648	34589061	278-10	linezolid	linezolid			NO_GENOME_MATCH	S	S			NOT_EVALUATED							NOT_EVALUATED
649	34589061	6_13	linezolid	linezolid			NO_GENOME_MATCH	S	S			NOT_EVALUATED							NOT_EVALUATED
650	34589061	51-26	linezolid	linezolid			NO_GENOME_MATCH	S	S			NOT_EVALUATED							NOT_EVALUATED
651	34589061	103709	linezolid	linezolid			NO_GENOME_MATCH	S	S			NOT_EVALUATED							NOT_EVALUATED
652	34589061	625	linezolid	linezolid			NO_GENOME_MATCH	S	S			NOT_EVALUATED							NOT_EVALUATED
653	34589061	131776	linezolid	linezolid			NO_GENOME_MATCH	S	S			NOT_EVALUATED							NOT_EVALUATED
654	34589061	115601	linezolid	linezolid			NO_GENOME_MATCH	S	S			NOT_EVALUATED							NOT_EVALUATED
655	34589061	6660	linezolid	linezolid			NO_GENOME_MATCH	S	S			NOT_EVALUATED							NOT_EVALUATED
656	34589061	51-16	linezolid	linezolid			NO_GENOME_MATCH	S	S			NOT_EVALUATED							NOT_EVALUATED
657	34589061	92271	linezolid	linezolid			NO_GENOME_MATCH	S	S			NOT_EVALUATED							NOT_EVALUATED
658	34589061	AB	linezolid	linezolid			NO_GENOME_MATCH	S	S			NOT_EVALUATED							NOT_EVALUATED
659	34589061	140376	linezolid	linezolid			NO_GENOME_MATCH	S	S			NOT_EVALUATED							NOT_EVALUATED
660	34589061	F033	linezolid	linezolid			NO_GENOME_MATCH	S	S			NOT_EVALUATED							NOT_EVALUATED
661	34589061	25-29	linezolid	linezolid			NO_GENOME_MATCH	S	S			NOT_EVALUATED							NOT_EVALUATED
662	34589061	JCSC_1435	linezolid	linezolid			NO_GENOME_MATCH	S	S			NOT_EVALUATED							NOT_EVALUATED
663	34589061	114126	linezolid	linezolid			NO_GENOME_MATCH	S	S			NOT_EVALUATED							NOT_EVALUATED
664	34589061	T_621	linezolid	linezolid			NO_GENOME_MATCH	S	S			NOT_EVALUATED							NOT_EVALUATED
665	34589061	51-07	linezolid	linezolid			NO_GENOME_MATCH	S	S			NOT_EVALUATED							NOT_EVALUATED
666	34589061	51-21	linezolid	linezolid			NO_GENOME_MATCH	S	S			NOT_EVALUATED							NOT_EVALUATED
667	34589061	121875	linezolid	linezolid			NO_GENOME_MATCH	S	S			NOT_EVALUATED							NOT_EVALUATED
668	34589061	127639	linezolid	linezolid			NO_GENOME_MATCH	S	S			NOT_EVALUATED							NOT_EVALUATED
669	34589061	95671	linezolid	linezolid			NO_GENOME_MATCH	S	S			NOT_EVALUATED							NOT_EVALUATED
670	34589061	51-34	linezolid	linezolid			NO_GENOME_MATCH	S	S			NOT_EVALUATED							NOT_EVALUATED
671	34589061	51-18	linezolid	linezolid			NO_GENOME_MATCH	S	S			NOT_EVALUATED							NOT_EVALUATED
672	34589061	26-24	linezolid	linezolid			NO_GENOME_MATCH	S	S			NOT_EVALUATED							NOT_EVALUATED
673	34589061	T_480	linezolid	linezolid			NO_GENOME_MATCH	S	S			NOT_EVALUATED							NOT_EVALUATED
674	34589061	25-12	linezolid	linezolid			NO_GENOME_MATCH	S	S			NOT_EVALUATED							NOT_EVALUATED
675	34589061	51-44	linezolid	linezolid			NO_GENOME_MATCH	S	S			NOT_EVALUATED							NOT_EVALUATED
676	34589061	51-41	linezolid	linezolid			NO_GENOME_MATCH	S	S			NOT_EVALUATED							NOT_EVALUATED
677	34589061	51-20	linezolid	linezolid			NO_GENOME_MATCH	S	S			NOT_EVALUATED							NOT_EVALUATED
678	34589061	25-59	linezolid	linezolid			NO_GENOME_MATCH	S	S			NOT_EVALUATED							NOT_EVALUATED
679	34589061	135665	linezolid	linezolid			NO_GENOME_MATCH	S	S			NOT_EVALUATED							NOT_EVALUATED
680	34589061	127925	linezolid	linezolid			NO_GENOME_MATCH	S	S			NOT_EVALUATED							NOT_EVALUATED
681	34589061	51-45	linezolid	linezolid			NO_GENOME_MATCH	S	S			NOT_EVALUATED							NOT_EVALUATED
682	34589061	51-37	linezolid	linezolid			NO_GENOME_MATCH	S	S			NOT_EVALUATED							NOT_EVALUATED
683	34589061	51-17	linezolid	linezolid			NO_GENOME_MATCH	S	S			NOT_EVALUATED							NOT_EVALUATED
684	34589061	W59	linezolid	linezolid			NO_GENOME_MATCH	S	S			NOT_EVALUATED							NOT_EVALUATED
685	34589061	105731	linezolid	linezolid			NO_GENOME_MATCH	S	S			NOT_EVALUATED							NOT_EVALUATED
686	34589061	51-27	linezolid	linezolid			NO_GENOME_MATCH	S	S			NOT_EVALUATED							NOT_EVALUATED
687	34589061	113101	linezolid	linezolid			NO_GENOME_MATCH	S	S			NOT_EVALUATED							NOT_EVALUATED
688	34589061	643	linezolid	linezolid			NO_GENOME_MATCH	S	S			NOT_EVALUATED							NOT_EVALUATED
689	34589061	115472	linezolid	linezolid			NO_GENOME_MATCH	S	S			NOT_EVALUATED							NOT_EVALUATED
690	34589061	112056	linezolid	linezolid			NO_GENOME_MATCH	S	S			NOT_EVALUATED							NOT_EVALUATED
691	34589061	25-57	linezolid	linezolid			NO_GENOME_MATCH	S	S			NOT_EVALUATED							NOT_EVALUATED
692	34589061	51-24	linezolid	linezolid			NO_GENOME_MATCH	S	S			NOT_EVALUATED							NOT_EVALUATED
693	34589061	137133	linezolid	linezolid			NO_GENOME_MATCH	S	S			NOT_EVALUATED							NOT_EVALUATED
694	34589061	CN1219	linezolid	linezolid			NO_GENOME_MATCH	S	S			NOT_EVALUATED							NOT_EVALUATED
695	34589061	51-08	linezolid	linezolid			NO_GENOME_MATCH	S	S			NOT_EVALUATED							NOT_EVALUATED
696	34589061	8-9	linezolid	linezolid			NO_GENOME_MATCH	S	S			NOT_EVALUATED							NOT_EVALUATED
697	34589061	109919	linezolid	linezolid			NO_GENOME_MATCH	S	S			NOT_EVALUATED							NOT_EVALUATED
698	34589061	CN1138	linezolid	linezolid			NO_GENOME_MATCH	S	S			NOT_EVALUATED							NOT_EVALUATED
699	34589061	51-11	linezolid	linezolid			NO_GENOME_MATCH	S	S			NOT_EVALUATED							NOT_EVALUATED
700	34589061	124304	linezolid	linezolid			NO_GENOME_MATCH	S	S			NOT_EVALUATED							NOT_EVALUATED
701	34589061	51-03	linezolid	linezolid			NO_GENOME_MATCH	S	S			NOT_EVALUATED							NOT_EVALUATED
702	34589061	F06	linezolid	linezolid			NO_GENOME_MATCH	S	S			NOT_EVALUATED							NOT_EVALUATED
703	34589061	51-33	linezolid	linezolid			NO_GENOME_MATCH	S	S			NOT_EVALUATED							NOT_EVALUATED
704	34589061	104658	linezolid	linezolid			NO_GENOME_MATCH	S	S			NOT_EVALUATED							NOT_EVALUATED
705	34589061	W_75	linezolid	linezolid			NO_GENOME_MATCH	S	S			NOT_EVALUATED							NOT_EVALUATED
706	34589061	94759	linezolid	linezolid			NO_GENOME_MATCH	S	S			NOT_EVALUATED							NOT_EVALUATED
707	34589061	124655	linezolid	linezolid			NO_GENOME_MATCH	S	S			NOT_EVALUATED							NOT_EVALUATED
708	34589061	W114	linezolid	linezolid			NO_GENOME_MATCH	S	S			NOT_EVALUATED							NOT_EVALUATED
709	34589061	51-09	linezolid	linezolid			NO_GENOME_MATCH	S	S			NOT_EVALUATED							NOT_EVALUATED
710	34589061	CN1167	linezolid	linezolid			NO_GENOME_MATCH	S	S			NOT_EVALUATED							NOT_EVALUATED
711	34589061	51-39	linezolid	linezolid			NO_GENOME_MATCH	S	S			NOT_EVALUATED							NOT_EVALUATED
712	34589061	135073	linezolid	linezolid			NO_GENOME_MATCH	S	S			NOT_EVALUATED							NOT_EVALUATED
713	34589061	51-55	linezolid	linezolid			NO_GENOME_MATCH	S	S			NOT_EVALUATED							NOT_EVALUATED
714	34589061	51-72	linezolid	linezolid			NO_GENOME_MATCH	S	S			NOT_EVALUATED							NOT_EVALUATED
715	34589061	131974	linezolid	linezolid			NO_GENOME_MATCH	S	S			NOT_EVALUATED							NOT_EVALUATED
716	34589061	89727	linezolid	linezolid			NO_GENOME_MATCH	S	S			NOT_EVALUATED							NOT_EVALUATED
717	34589061	51-52	linezolid	linezolid			NO_GENOME_MATCH	S	S			NOT_EVALUATED							NOT_EVALUATED
718	34589061	102938	linezolid	linezolid			NO_GENOME_MATCH	S	S			NOT_EVALUATED							NOT_EVALUATED
719	34589061	CN1197	linezolid	linezolid			NO_GENOME_MATCH	S	S			NOT_EVALUATED							NOT_EVALUATED
720	34589061	115609	linezolid	linezolid			NO_GENOME_MATCH	S	S			NOT_EVALUATED							NOT_EVALUATED
721	34589061	708075	linezolid	linezolid			NO_GENOME_MATCH	S	S			NOT_EVALUATED							NOT_EVALUATED
722	34589061	136731	linezolid	linezolid			NO_GENOME_MATCH	S	S			NOT_EVALUATED							NOT_EVALUATED
723	34589061	109939	linezolid	linezolid			NO_GENOME_MATCH	S	S			NOT_EVALUATED							NOT_EVALUATED
724	34589061	26-4	linezolid	linezolid			NO_GENOME_MATCH	S	S			NOT_EVALUATED							NOT_EVALUATED
725	34589061	2111	linezolid	linezolid			NO_GENOME_MATCH	S	S			NOT_EVALUATED							NOT_EVALUATED
726	34589061	51-06	linezolid	linezolid			NO_GENOME_MATCH	S	S			NOT_EVALUATED							NOT_EVALUATED
727	34589061	25-38	linezolid	linezolid			NO_GENOME_MATCH	S	S			NOT_EVALUATED							NOT_EVALUATED
728	34589061	CN1234	linezolid	linezolid			NO_GENOME_MATCH	S	S			NOT_EVALUATED							NOT_EVALUATED
729	34589061	133319	linezolid	linezolid			NO_GENOME_MATCH	S	S			NOT_EVALUATED							NOT_EVALUATED
730	34589061	F01	linezolid	linezolid			NO_GENOME_MATCH	S	S			NOT_EVALUATED							NOT_EVALUATED
731	34589061	132337	linezolid	linezolid			NO_GENOME_MATCH	S	S			NOT_EVALUATED							NOT_EVALUATED
732	34589061	F0_34	linezolid	linezolid			NO_GENOME_MATCH	S	S			NOT_EVALUATED							NOT_EVALUATED
733	34589061	137772	linezolid	linezolid			NO_GENOME_MATCH	S	S			NOT_EVALUATED							NOT_EVALUATED
734	34589061	123477	linezolid	linezolid			NO_GENOME_MATCH	S	S			NOT_EVALUATED							NOT_EVALUATED
735	34589061	51-32	linezolid	linezolid			NO_GENOME_MATCH	S	S			NOT_EVALUATED							NOT_EVALUATED
736	34589061	21116	linezolid	linezolid			NO_GENOME_MATCH	S	S			NOT_EVALUATED							NOT_EVALUATED
737	34589061	131062	linezolid	linezolid			NO_GENOME_MATCH	S	S			NOT_EVALUATED							NOT_EVALUATED
738	34589061	F045	linezolid	linezolid			NO_GENOME_MATCH	S	S			NOT_EVALUATED							NOT_EVALUATED
739	34589061	51-13	linezolid	linezolid			NO_GENOME_MATCH	S	S			NOT_EVALUATED							NOT_EVALUATED
740	34589061	112622	linezolid	linezolid			NO_GENOME_MATCH	S	S			NOT_EVALUATED							NOT_EVALUATED
741	34589061	113952	linezolid	linezolid			NO_GENOME_MATCH	S	S			NOT_EVALUATED							NOT_EVALUATED
742	34589061	CN1134	linezolid	linezolid			NO_GENOME_MATCH	S	S			NOT_EVALUATED							NOT_EVALUATED
743	34589061	51-42	linezolid	linezolid			NO_GENOME_MATCH	S	S			NOT_EVALUATED							NOT_EVALUATED
744	34589061	51-47	linezolid	linezolid			NO_GENOME_MATCH	S	S			NOT_EVALUATED							NOT_EVALUATED
745	34589061	123268	linezolid	linezolid			NO_GENOME_MATCH	S	S			NOT_EVALUATED							NOT_EVALUATED
746	34589061	25-60	linezolid	linezolid			NO_GENOME_MATCH	S	S			NOT_EVALUATED							NOT_EVALUATED
747	34589061	51-22	linezolid	linezolid			NO_GENOME_MATCH	S	S			NOT_EVALUATED							NOT_EVALUATED
748	34589061	51-51	linezolid	linezolid			NO_GENOME_MATCH	S	S			NOT_EVALUATED							NOT_EVALUATED
749	34589061	114564	linezolid	linezolid			NO_GENOME_MATCH	S	S			NOT_EVALUATED							NOT_EVALUATED
750	34589061	CN1011	linezolid	linezolid			NO_GENOME_MATCH	S	S			NOT_EVALUATED							NOT_EVALUATED
751	34589061	7532	linezolid	linezolid			NO_GENOME_MATCH	S	S			NOT_EVALUATED							NOT_EVALUATED
752	34589061	134634	linezolid	linezolid			NO_GENOME_MATCH	S	S			NOT_EVALUATED							NOT_EVALUATED
753	34589061	51-15	linezolid	linezolid			NO_GENOME_MATCH	S	S			NOT_EVALUATED							NOT_EVALUATED
754	34589061	6682	linezolid	linezolid			NO_GENOME_MATCH	S	S			NOT_EVALUATED							NOT_EVALUATED
755	34589061	M-176	linezolid	linezolid			NO_GENOME_MATCH	S	S			NOT_EVALUATED							NOT_EVALUATED
756	34589061	144377	linezolid	linezolid			NO_GENOME_MATCH	S	S			NOT_EVALUATED							NOT_EVALUATED
757	34589061	51-30	linezolid	linezolid			NO_GENOME_MATCH	S	S			NOT_EVALUATED							NOT_EVALUATED
758	34589061	51-04	linezolid	linezolid			NO_GENOME_MATCH	S	S			NOT_EVALUATED							NOT_EVALUATED
759	34589061	104626	linezolid	linezolid			NO_GENOME_MATCH	S	S			NOT_EVALUATED							NOT_EVALUATED
760	34589061	6249	linezolid	linezolid			NO_GENOME_MATCH	S	S			NOT_EVALUATED							NOT_EVALUATED
761	34589061	s5	linezolid	linezolid			NO_GENOME_MATCH	S	S			NOT_EVALUATED							NOT_EVALUATED
762	34589061	51-31	linezolid	linezolid			NO_GENOME_MATCH	S	S			NOT_EVALUATED							NOT_EVALUATED
763	34589061	25-44	linezolid	linezolid			NO_GENOME_MATCH	S	S			NOT_EVALUATED							NOT_EVALUATED
764	34589061	51-35	linezolid	linezolid			NO_GENOME_MATCH	S	S			NOT_EVALUATED							NOT_EVALUATED
765	34589061	51-46	linezolid	linezolid			NO_GENOME_MATCH	S	S			NOT_EVALUATED							NOT_EVALUATED
766	34589061	97208	linezolid	linezolid			NO_GENOME_MATCH	S	S			NOT_EVALUATED							NOT_EVALUATED
767	34589061	25-63	linezolid	linezolid			NO_GENOME_MATCH	S	S			NOT_EVALUATED							NOT_EVALUATED
768	34589061	51-29	linezolid	linezolid			NO_GENOME_MATCH	S	S			NOT_EVALUATED							NOT_EVALUATED
769	34589061	8074328	linezolid	linezolid			NO_GENOME_MATCH	S	S			NOT_EVALUATED							NOT_EVALUATED
770	34589061	2263-3461	linezolid	linezolid			NO_GENOME_MATCH	S	S			NOT_EVALUATED							NOT_EVALUATED
771	34589061	51-10	linezolid	linezolid			NO_GENOME_MATCH	S	S			NOT_EVALUATED							NOT_EVALUATED
772	34589061	CN1115	linezolid	linezolid			NO_GENOME_MATCH	S	S			NOT_EVALUATED							NOT_EVALUATED
773	34589061	135814	linezolid	linezolid			NO_GENOME_MATCH	S	S			NOT_EVALUATED							NOT_EVALUATED
774	34589061	51-43	linezolid	linezolid			NO_GENOME_MATCH	S	S			NOT_EVALUATED							NOT_EVALUATED
775	34589061	W_139	linezolid	linezolid			NO_GENOME_MATCH	S	S			NOT_EVALUATED							NOT_EVALUATED
776	34589061	7589	linezolid	linezolid			NO_GENOME_MATCH	S	S			NOT_EVALUATED							NOT_EVALUATED
777	34589061	MTCC 3383	linezolid	linezolid			NO_GENOME_MATCH	S	S			NOT_EVALUATED							NOT_EVALUATED
778	34589061	FDAARGOS_148	linezolid	linezolid			NO_GENOME_MATCH	S	S			NOT_EVALUATED							NOT_EVALUATED
779	34589061	FDAARGOS_130	linezolid	linezolid			NO_GENOME_MATCH	S	S			NOT_EVALUATED							NOT_EVALUATED
780	34589061	SHN36	linezolid	linezolid			NO_GENOME_MATCH	S	S			NOT_EVALUATED							NOT_EVALUATED
781	34589061	SHN65	linezolid	linezolid			NO_GENOME_MATCH	S	S			NOT_EVALUATED							NOT_EVALUATED
782	34589061	SH1752	linezolid	linezolid			NO_GENOME_MATCH	S	S			NOT_EVALUATED							NOT_EVALUATED
783	34589061	SH1574	linezolid	linezolid			NO_GENOME_MATCH	S	S			NOT_EVALUATED							NOT_EVALUATED
784	34589061	SH747	linezolid	linezolid			NO_GENOME_MATCH	S	S			NOT_EVALUATED							NOT_EVALUATED
785	34589061	S167	linezolid	linezolid			NO_GENOME_MATCH	S	S			NOT_EVALUATED							NOT_EVALUATED
786	34589061	421	linezolid	linezolid			NO_GENOME_MATCH	S	S			NOT_EVALUATED							NOT_EVALUATED
787	34589061	864-1	linezolid	linezolid			NO_GENOME_MATCH	S	S			NOT_EVALUATED							NOT_EVALUATED
788	34589061	527	linezolid	linezolid			NO_GENOME_MATCH	S	S			NOT_EVALUATED							NOT_EVALUATED
789	34589061	39	linezolid	linezolid			NO_GENOME_MATCH	S	S			NOT_EVALUATED							NOT_EVALUATED
790	34589061	IIF2SW-P5	linezolid	linezolid			NO_GENOME_MATCH	S	S			NOT_EVALUATED							NOT_EVALUATED
791	34589061	VB31546	linezolid	linezolid			NO_GENOME_MATCH	S	S			NOT_EVALUATED							NOT_EVALUATED
792	34589061	BC05211	linezolid	linezolid			NO_GENOME_MATCH	S	S			NOT_EVALUATED							NOT_EVALUATED
793	34589061	NW19	linezolid	linezolid			NO_GENOME_MATCH	S	S			NOT_EVALUATED							NOT_EVALUATED
794	34589061	SW007	linezolid	linezolid			NO_GENOME_MATCH	S	S			NOT_EVALUATED							NOT_EVALUATED
795	34589061	IPK_TSA25	linezolid	linezolid			NO_GENOME_MATCH	S	S			NOT_EVALUATED							NOT_EVALUATED
796	34589061	SH06	linezolid	linezolid			NO_GENOME_MATCH	S	S			NOT_EVALUATED							NOT_EVALUATED
797	34589061	OG2	linezolid	linezolid			NO_GENOME_MATCH	S	S			NOT_EVALUATED							NOT_EVALUATED
798	34589061	SH05_17	linezolid	linezolid			NO_GENOME_MATCH	S	S			NOT_EVALUATED							NOT_EVALUATED
799	34589061	Z52	linezolid	linezolid			NO_GENOME_MATCH	S	S			NOT_EVALUATED							NOT_EVALUATED
800	34589061	NCTC 11042	linezolid	linezolid			NO_GENOME_MATCH	S	S			NOT_EVALUATED							NOT_EVALUATED
801	34589061	83131A	linezolid	linezolid			NO_GENOME_MATCH	S	S			NOT_EVALUATED							NOT_EVALUATED
802	34589061	B	linezolid	linezolid			NO_GENOME_MATCH	S	S			NOT_EVALUATED							NOT_EVALUATED
803	34589061	A109N1B1	linezolid	linezolid			NO_GENOME_MATCH	S	S			NOT_EVALUATED							NOT_EVALUATED
804	34589061	G811N2B1	linezolid	linezolid			NO_GENOME_MATCH	S	S			NOT_EVALUATED							NOT_EVALUATED
805	34589061	SGAir0252	linezolid	linezolid			NO_GENOME_MATCH	S	S			NOT_EVALUATED							NOT_EVALUATED
806	34589061	SNUC 4966	linezolid	linezolid			NO_GENOME_MATCH	S	S			NOT_EVALUATED							NOT_EVALUATED
807	34589061	SNUC 5782	linezolid	linezolid			NO_GENOME_MATCH	S	S			NOT_EVALUATED							NOT_EVALUATED
808	34589061	SNUC 4488	linezolid	linezolid			NO_GENOME_MATCH	S	S			NOT_EVALUATED							NOT_EVALUATED
809	34589061	SNUC 2814	linezolid	linezolid			NO_GENOME_MATCH	S	S			NOT_EVALUATED							NOT_EVALUATED
810	34589061	SNUC 1361	linezolid	linezolid			NO_GENOME_MATCH	S	S			NOT_EVALUATED							NOT_EVALUATED
811	34589061	SNUC 1317	linezolid	linezolid			NO_GENOME_MATCH	S	S			NOT_EVALUATED							NOT_EVALUATED
812	34589061	SNUC 1584	linezolid	linezolid			NO_GENOME_MATCH	S	S			NOT_EVALUATED							NOT_EVALUATED
813	34589061	SNUC 136	linezolid	linezolid			NO_GENOME_MATCH	S	S			NOT_EVALUATED							NOT_EVALUATED
814	34589061	SNUC 1450	linezolid	linezolid			NO_GENOME_MATCH	S	S			NOT_EVALUATED							NOT_EVALUATED
815	34589061	SNUC 128	linezolid	linezolid			NO_GENOME_MATCH	S	S			NOT_EVALUATED							NOT_EVALUATED
816	34589061	SNUC 127	linezolid	linezolid			NO_GENOME_MATCH	S	S			NOT_EVALUATED							NOT_EVALUATED
817	34589061	SNUC 1114	linezolid	linezolid			NO_GENOME_MATCH	S	S			NOT_EVALUATED							NOT_EVALUATED
818	34589061	SNUC 4637	linezolid	linezolid			NO_GENOME_MATCH	S	S			NOT_EVALUATED							NOT_EVALUATED
819	34589061	SNUC 3825	linezolid	linezolid			NO_GENOME_MATCH	S	S			NOT_EVALUATED							NOT_EVALUATED
820	34589061	SNUC 2139	linezolid	linezolid			NO_GENOME_MATCH	S	S			NOT_EVALUATED							NOT_EVALUATED
821	34589061	SNUC 3453	linezolid	linezolid			NO_GENOME_MATCH	S	S			NOT_EVALUATED							NOT_EVALUATED
822	34589061	SNUC 1408	linezolid	linezolid			NO_GENOME_MATCH	S	S			NOT_EVALUATED							NOT_EVALUATED
823	34589061	SNUC 220	linezolid	linezolid			NO_GENOME_MATCH	S	S			NOT_EVALUATED							NOT_EVALUATED
824	34589061	SNUC 823	linezolid	linezolid			NO_GENOME_MATCH	S	S			NOT_EVALUATED							NOT_EVALUATED
825	34589061	SNUC 203	linezolid	linezolid			NO_GENOME_MATCH	S	S			NOT_EVALUATED							NOT_EVALUATED
826	34589061	SNUC 123	linezolid	linezolid			NO_GENOME_MATCH	S	S			NOT_EVALUATED							NOT_EVALUATED
827	34589061	SNUC 109	linezolid	linezolid			NO_GENOME_MATCH	S	S			NOT_EVALUATED							NOT_EVALUATED
828	34589061	K8	linezolid	linezolid			NO_GENOME_MATCH	S	S			NOT_EVALUATED							NOT_EVALUATED
829	34589061	NCTC11042	linezolid	linezolid			NO_GENOME_MATCH	S	S			NOT_EVALUATED							NOT_EVALUATED
830	34589061	CNS200	linezolid	linezolid	1283.1573	SAMN10717544	MATCHED	R	R			NO_GT_VALUE					>	32	MISSING_EXTRACTION
831	34589061	UCLA-Sh-LR-9	linezolid	linezolid			NO_GENOME_MATCH	R	R			NOT_EVALUATED							NOT_EVALUATED
832	34589061	UCLA-Sh-LR-10	linezolid	linezolid			NO_GENOME_MATCH	R	R			NOT_EVALUATED							NOT_EVALUATED
833	34589061	UCLA-Sh-LR-16	linezolid	linezolid			NO_GENOME_MATCH	R	R			NOT_EVALUATED							NOT_EVALUATED
834	34589061	UCLA-Sh-LR-8	linezolid	linezolid			NO_GENOME_MATCH	R	R			NOT_EVALUATED							NOT_EVALUATED
835	34589061	UCLA-Sh-LR-11	linezolid	linezolid			NO_GENOME_MATCH	R	R			NOT_EVALUATED							NOT_EVALUATED
836	34589061	UCLA-Sh-LR-12	linezolid	linezolid			NO_GENOME_MATCH	R	R			NOT_EVALUATED							NOT_EVALUATED
837	34589061	UCLA-Sh-LR-24	linezolid	linezolid			NO_GENOME_MATCH	R	R			NOT_EVALUATED							NOT_EVALUATED
838	34589061	CNS144	oxacillin	oxacillin	1282.6548	SAMN06829248	MATCHED					NOT_APPLICABLE	=	128	=	128	=	128	CORRECT
839	34589061	CNS144	cefoxitin	cefoxitin	1282.6548	SAMN06829248	MATCHED					NOT_APPLICABLE	=	256	=	256	=	256	CORRECT
840	34589061	CNS144	linezolid	linezolid	1282.6548	SAMN06829248	MATCHED					NOT_APPLICABLE	=	32	=	32	=	32	CORRECT
841	34589061	CNS144	tedizolid	tedizolid	1282.6548	SAMN06829248	MATCHED					NOT_APPLICABLE	=	2	=	2	=	2	CORRECT
842	34589061	CNS144	vancomycin	vancomycin	1282.6548	SAMN06829248	MATCHED					NOT_APPLICABLE	=	4	=	4	=	4	CORRECT
843	34589061	CNS144	oritavancin	oritavancin	1282.6548	SAMN06829248	MATCHED					NOT_APPLICABLE	<	0.03	<	0.03	<	0.03	CORRECT
844	34589061	CNS144	dalbavancin	dalbavancin	1282.6548	SAMN06829248	MATCHED					NOT_APPLICABLE	=	0.03	=	0.03	=	0.03	CORRECT
845	34589061	CNS144	telavancin	telavancin	1282.6548	SAMN06829248	MATCHED					NOT_APPLICABLE	=	0.125	=	0.125	=	0.125	CORRECT
846	34589061	CNS144	teicoplanin	teicoplanin	1282.6548	SAMN06829248	MATCHED					NOT_APPLICABLE	=	2.0	=	2	=	2	CORRECT
847	34589061	CNS144	daptomycin	daptomycin	1282.6548	SAMN06829248	MATCHED					NOT_APPLICABLE	=	0.125	=	0.125	=	0.125	CORRECT
848	34589061	CNS144	tigecycline	tigecycline	1282.6548	SAMN06829248	MATCHED					NOT_APPLICABLE	=	0.125	=	0.125	=	0.125	CORRECT
849	34589061	CNS144	tetracycline	tetracycline	1282.6548	SAMN06829248	MATCHED					NOT_APPLICABLE	=	0.5	=	0.5	=	0.5	CORRECT
850	34589061	CNS144	ceftaroline	ceftaroline	1282.6548	SAMN06829248	MATCHED					NOT_APPLICABLE	=	0.5	=	0.5	=	0.5	CORRECT
851	34589061	CNS144	rifampin	rifampin	1282.6548	SAMN06829248	MATCHED					NOT_APPLICABLE	>	4	>	4	>	4	CORRECT
852	34589061	CNS144	ciprofloxacin	ciprofloxacin	1282.6548	SAMN06829248	MATCHED					NOT_APPLICABLE	=	8	=	8	=	8	CORRECT
853	34589061	CNS144	moxifloxacin	moxifloxacin	1282.6548	SAMN06829248	MATCHED					NOT_APPLICABLE	=	2.0	=	2	=	2	CORRECT
854	34589061	CNS144	gentamicin	gentamicin	1282.6548	SAMN06829248	MATCHED					NOT_APPLICABLE	>	128	>	128	>	128	CORRECT
855	34589061	CNS144	mupirocin	mupirocin	1282.6548	SAMN06829248	MATCHED					NOT_APPLICABLE	>	32	>	32	>	32	CORRECT
856	34589061	CNS144	fusidic acid	fusidic acid	1282.6548	SAMN06829248	MATCHED					NOT_APPLICABLE	=	0.25	=	0.25	=	0.25	CORRECT
857	34589061	CNS144	trimethoprim/sulfamethoxazole	trimethoprim/sulfamethoxazole	1282.6548	SAMN06829248	MATCHED					NOT_APPLICABLE	=	4.0	=	4	=	4	CORRECT
858	34589061	CNS144	erythromycin	erythromycin	1282.6548	SAMN06829248	MATCHED					NOT_APPLICABLE	>	128	>	128	>	128	CORRECT
859	34589061	CNS144	clindamycin	clindamycin	1282.6548	SAMN06829248	MATCHED					NOT_APPLICABLE	=	1	=	1	=	1	CORRECT
860	34589061	CNS171	oxacillin	oxacillin	1290.594	SAMN06829249	MATCHED					NOT_APPLICABLE	=	512	=	512	=	512	CORRECT
861	34589061	CNS171	cefoxitin	cefoxitin	1290.594	SAMN06829249	MATCHED					NOT_APPLICABLE	=	256	=	256	=	256	CORRECT
862	34589061	CNS171	linezolid	linezolid	1290.594	SAMN06829249	MATCHED					NOT_APPLICABLE	>	32	>	32	>	32	CORRECT
863	34589061	CNS171	tedizolid	tedizolid	1290.594	SAMN06829249	MATCHED					NOT_APPLICABLE	=	4	=	4	=	4	CORRECT
864	34589061	CNS171	vancomycin	vancomycin	1290.594	SAMN06829249	MATCHED					NOT_APPLICABLE	=	2	=	2	=	2	CORRECT
865	34589061	CNS171	oritavancin	oritavancin	1290.594	SAMN06829249	MATCHED					NOT_APPLICABLE	<	0.03	<	0.03	<	0.03	CORRECT
866	34589061	CNS171	dalbavancin	dalbavancin	1290.594	SAMN06829249	MATCHED					NOT_APPLICABLE	=	0.06	=	0.06	=	0.06	CORRECT
867	34589061	CNS171	telavancin	telavancin	1290.594	SAMN06829249	MATCHED					NOT_APPLICABLE	=	0.125	=	0.125	=	0.125	CORRECT
868	34589061	CNS171	teicoplanin	teicoplanin	1290.594	SAMN06829249	MATCHED					NOT_APPLICABLE	=	4.0	=	4	=	4	CORRECT
869	34589061	CNS171	daptomycin	daptomycin	1290.594	SAMN06829249	MATCHED					NOT_APPLICABLE	=	0.25	=	0.25	=	0.25	CORRECT
870	34589061	CNS171	tigecycline	tigecycline	1290.594	SAMN06829249	MATCHED					NOT_APPLICABLE	=	0.25	=	0.25	=	0.25	CORRECT
871	34589061	CNS171	tetracycline	tetracycline	1290.594	SAMN06829249	MATCHED					NOT_APPLICABLE	=	32	=	32	=	32	CORRECT
872	34589061	CNS171	ceftaroline	ceftaroline	1290.594	SAMN06829249	MATCHED					NOT_APPLICABLE	=	1.0	=	1	=	1	CORRECT
873	34589061	CNS171	rifampin	rifampin	1290.594	SAMN06829249	MATCHED					NOT_APPLICABLE	=	1	=	1	=	1	CORRECT
874	34589061	CNS171	ciprofloxacin	ciprofloxacin	1290.594	SAMN06829249	MATCHED					NOT_APPLICABLE	=	4	=	4	=	4	CORRECT
875	34589061	CNS171	moxifloxacin	moxifloxacin	1290.594	SAMN06829249	MATCHED					NOT_APPLICABLE	=	1.0	=	1	=	1	CORRECT
876	34589061	CNS171	gentamicin	gentamicin	1290.594	SAMN06829249	MATCHED					NOT_APPLICABLE	=	8	=	8	=	8	CORRECT
877	34589061	CNS171	mupirocin	mupirocin	1290.594	SAMN06829249	MATCHED					NOT_APPLICABLE	=	2	=	2	=	2	CORRECT
878	34589061	CNS171	fusidic acid	fusidic acid	1290.594	SAMN06829249	MATCHED					NOT_APPLICABLE	=	0.06	=	0.06	=	0.06	CORRECT
879	34589061	CNS171	trimethoprim/sulfamethoxazole	trimethoprim/sulfamethoxazole	1290.594	SAMN06829249	MATCHED					NOT_APPLICABLE	=	0.5	=	0.5	=	0.5	CORRECT
880	34589061	CNS171	erythromycin	erythromycin	1290.594	SAMN06829249	MATCHED					NOT_APPLICABLE	=	16	=	16	=	16	CORRECT
881	34589061	CNS171	clindamycin	clindamycin	1290.594	SAMN06829249	MATCHED					NOT_APPLICABLE	=	0.5	=	0.5	=	0.5	CORRECT
882	34589061	CNS172	oxacillin	oxacillin	1282.6549	SAMN06829250	MATCHED					NOT_APPLICABLE	=	128	=	128	=	128	CORRECT
883	34589061	CNS172	cefoxitin	cefoxitin	1282.6549	SAMN06829250	MATCHED					NOT_APPLICABLE	=	64	=	64	=	64	CORRECT
884	34589061	CNS172	linezolid	linezolid	1282.6549	SAMN06829250	MATCHED					NOT_APPLICABLE	>	32	>	32	>	32	CORRECT
885	34589061	CNS172	tedizolid	tedizolid	1282.6549	SAMN06829250	MATCHED					NOT_APPLICABLE	>	32	>	32	>	32	CORRECT
886	34589061	CNS172	vancomycin	vancomycin	1282.6549	SAMN06829250	MATCHED					NOT_APPLICABLE	=	2	=	2	=	2	CORRECT
887	34589061	CNS172	oritavancin	oritavancin	1282.6549	SAMN06829250	MATCHED					NOT_APPLICABLE	<	0.03	<	0.03	<	0.03	CORRECT
888	34589061	CNS172	dalbavancin	dalbavancin	1282.6549	SAMN06829250	MATCHED					NOT_APPLICABLE	=	0.03	=	0.03	=	0.03	CORRECT
889	34589061	CNS172	telavancin	telavancin	1282.6549	SAMN06829250	MATCHED					NOT_APPLICABLE	=	0.125	=	0.125	=	0.125	CORRECT
890	34589061	CNS172	teicoplanin	teicoplanin	1282.6549	SAMN06829250	MATCHED					NOT_APPLICABLE	=	2.0	=	2	=	2	CORRECT
891	34589061	CNS172	daptomycin	daptomycin	1282.6549	SAMN06829250	MATCHED					NOT_APPLICABLE	=	0.125	=	0.125	=	0.125	CORRECT
892	34589061	CNS172	tigecycline	tigecycline	1282.6549	SAMN06829250	MATCHED					NOT_APPLICABLE	=	0.125	=	0.125	=	0.125	CORRECT
893	34589061	CNS172	tetracycline	tetracycline	1282.6549	SAMN06829250	MATCHED					NOT_APPLICABLE	=	1	=	1	=	1	CORRECT
894	34589061	CNS172	ceftaroline	ceftaroline	1282.6549	SAMN06829250	MATCHED					NOT_APPLICABLE	=	0.25	=	0.25	=	0.25	CORRECT
895	34589061	CNS172	rifampin	rifampin	1282.6549	SAMN06829250	MATCHED					NOT_APPLICABLE	=	0.5	=	0.5	=	0.5	CORRECT
896	34589061	CNS172	ciprofloxacin	ciprofloxacin	1282.6549	SAMN06829250	MATCHED					NOT_APPLICABLE	=	32	=	32	=	32	CORRECT
897	34589061	CNS172	moxifloxacin	moxifloxacin	1282.6549	SAMN06829250	MATCHED					NOT_APPLICABLE	=	32.0	=	32	=	32	CORRECT
898	34589061	CNS172	gentamicin	gentamicin	1282.6549	SAMN06829250	MATCHED					NOT_APPLICABLE	=	128	=	128	=	128	CORRECT
899	34589061	CNS172	mupirocin	mupirocin	1282.6549	SAMN06829250	MATCHED					NOT_APPLICABLE	>	32	>	32	>	32	CORRECT
900	34589061	CNS172	fusidic acid	fusidic acid	1282.6549	SAMN06829250	MATCHED					NOT_APPLICABLE	=	8.0	=	8	=	8	CORRECT
901	34589061	CNS172	trimethoprim/sulfamethoxazole	trimethoprim/sulfamethoxazole	1282.6549	SAMN06829250	MATCHED					NOT_APPLICABLE	=	2.0	=	2	=	2	CORRECT
902	34589061	CNS172	erythromycin	erythromycin	1282.6549	SAMN06829250	MATCHED					NOT_APPLICABLE	<	0.125	<	0.125	<	0.125	CORRECT
903	34589061	CNS172	clindamycin	clindamycin	1282.6549	SAMN06829250	MATCHED					NOT_APPLICABLE	=	64	=	64	=	64	CORRECT
904	34589061	CNS173	oxacillin	oxacillin	1290.595	SAMN06829251	MATCHED					NOT_APPLICABLE	=	512	=	512	=	512	CORRECT
905	34589061	CNS173	cefoxitin	cefoxitin	1290.595	SAMN06829251	MATCHED					NOT_APPLICABLE	=	256	=	256	=	256	CORRECT
906	34589061	CNS173	linezolid	linezolid	1290.595	SAMN06829251	MATCHED					NOT_APPLICABLE	=	32	=	32	=	32	CORRECT
907	34589061	CNS173	tedizolid	tedizolid	1290.595	SAMN06829251	MATCHED					NOT_APPLICABLE	=	8	=	8	=	8	CORRECT
908	34589061	CNS173	vancomycin	vancomycin	1290.595	SAMN06829251	MATCHED					NOT_APPLICABLE	=	2	=	2	=	2	CORRECT
909	34589061	CNS173	oritavancin	oritavancin	1290.595	SAMN06829251	MATCHED					NOT_APPLICABLE	<	0.03	<	0.03	<	0.03	CORRECT
910	34589061	CNS173	dalbavancin	dalbavancin	1290.595	SAMN06829251	MATCHED					NOT_APPLICABLE	=	0.06	=	0.06	=	0.06	CORRECT
911	34589061	CNS173	telavancin	telavancin	1290.595	SAMN06829251	MATCHED					NOT_APPLICABLE	=	0.125	=	0.125	=	0.125	CORRECT
912	34589061	CNS173	teicoplanin	teicoplanin	1290.595	SAMN06829251	MATCHED					NOT_APPLICABLE	=	4.0	=	4	=	4	CORRECT
913	34589061	CNS173	daptomycin	daptomycin	1290.595	SAMN06829251	MATCHED					NOT_APPLICABLE	=	0.125	=	0.125	=	0.125	CORRECT
914	34589061	CNS173	tigecycline	tigecycline	1290.595	SAMN06829251	MATCHED					NOT_APPLICABLE	=	0.25	=	0.25	=	0.25	CORRECT
915	34589061	CNS173	tetracycline	tetracycline	1290.595	SAMN06829251	MATCHED					NOT_APPLICABLE	=	32	=	32	=	32	CORRECT
916	34589061	CNS173	ceftaroline	ceftaroline	1290.595	SAMN06829251	MATCHED					NOT_APPLICABLE	=	1.0	=	1	=	1	CORRECT
917	34589061	CNS173	rifampin	rifampin	1290.595	SAMN06829251	MATCHED					NOT_APPLICABLE	=	0.5	=	0.5	=	0.5	CORRECT
918	34589061	CNS173	ciprofloxacin	ciprofloxacin	1290.595	SAMN06829251	MATCHED					NOT_APPLICABLE	=	4	=	4	=	4	CORRECT
919	34589061	CNS173	moxifloxacin	moxifloxacin	1290.595	SAMN06829251	MATCHED					NOT_APPLICABLE	=	1.0	=	1	=	1	CORRECT
920	34589061	CNS173	gentamicin	gentamicin	1290.595	SAMN06829251	MATCHED					NOT_APPLICABLE	=	32	=	32	=	32	CORRECT
921	34589061	CNS173	mupirocin	mupirocin	1290.595	SAMN06829251	MATCHED					NOT_APPLICABLE	=	2	=	2	=	2	CORRECT
922	34589061	CNS173	fusidic acid	fusidic acid	1290.595	SAMN06829251	MATCHED					NOT_APPLICABLE	=	0.06	=	0.06	=	0.06	CORRECT
923	34589061	CNS173	trimethoprim/sulfamethoxazole	trimethoprim/sulfamethoxazole	1290.595	SAMN06829251	MATCHED					NOT_APPLICABLE	=	0.25	=	0.25	=	0.25	CORRECT
924	34589061	CNS173	erythromycin	erythromycin	1290.595	SAMN06829251	MATCHED					NOT_APPLICABLE	=	8	=	8	=	8	CORRECT
925	34589061	CNS173	clindamycin	clindamycin	1290.595	SAMN06829251	MATCHED					NOT_APPLICABLE	=	0.125	=	0.125	=	0.125	CORRECT
926	34589061	CNS175	oxacillin	oxacillin	1290.597	SAMN06829252	MATCHED					NOT_APPLICABLE	=	512	=	512	=	512	CORRECT
927	34589061	CNS175	cefoxitin	cefoxitin	1290.597	SAMN06829252	MATCHED					NOT_APPLICABLE	=	256	=	256	=	256	CORRECT
928	34589061	CNS175	linezolid	linezolid	1290.597	SAMN06829252	MATCHED					NOT_APPLICABLE	=	32	=	32	=	32	CORRECT
929	34589061	CNS175	tedizolid	tedizolid	1290.597	SAMN06829252	MATCHED					NOT_APPLICABLE	=	4	=	4	=	4	CORRECT
930	34589061	CNS175	vancomycin	vancomycin	1290.597	SAMN06829252	MATCHED					NOT_APPLICABLE	=	2	=	2	=	2	CORRECT
931	34589061	CNS175	oritavancin	oritavancin	1290.597	SAMN06829252	MATCHED					NOT_APPLICABLE	<	0.03	<	0.03	<	0.03	CORRECT
932	34589061	CNS175	dalbavancin	dalbavancin	1290.597	SAMN06829252	MATCHED					NOT_APPLICABLE	=	0.125	=	0.125	=	0.125	CORRECT
933	34589061	CNS175	telavancin	telavancin	1290.597	SAMN06829252	MATCHED					NOT_APPLICABLE	=	0.125	=	0.125	=	0.125	CORRECT
934	34589061	CNS175	teicoplanin	teicoplanin	1290.597	SAMN06829252	MATCHED					NOT_APPLICABLE	=	4.0	=	4	=	4	CORRECT
935	34589061	CNS175	daptomycin	daptomycin	1290.597	SAMN06829252	MATCHED					NOT_APPLICABLE	=	0.25	=	0.25	=	0.25	CORRECT
936	34589061	CNS175	tigecycline	tigecycline	1290.597	SAMN06829252	MATCHED					NOT_APPLICABLE	=	0.25	=	0.25	=	0.25	CORRECT
937	34589061	CNS175	tetracycline	tetracycline	1290.597	SAMN06829252	MATCHED					NOT_APPLICABLE	=	32	=	32	=	32	CORRECT
938	34589061	CNS175	ceftaroline	ceftaroline	1290.597	SAMN06829252	MATCHED					NOT_APPLICABLE	=	1.0	=	1	=	1	CORRECT
939	34589061	CNS175	rifampin	rifampin	1290.597	SAMN06829252	MATCHED					NOT_APPLICABLE	=	0.5	=	0.5	=	0.5	CORRECT
940	34589061	CNS175	ciprofloxacin	ciprofloxacin	1290.597	SAMN06829252	MATCHED					NOT_APPLICABLE	=	4	=	4	=	4	CORRECT
941	34589061	CNS175	moxifloxacin	moxifloxacin	1290.597	SAMN06829252	MATCHED					NOT_APPLICABLE	=	1.0	=	1	=	1	CORRECT
942	34589061	CNS175	gentamicin	gentamicin	1290.597	SAMN06829252	MATCHED					NOT_APPLICABLE	=	16	=	16	=	16	CORRECT
943	34589061	CNS175	mupirocin	mupirocin	1290.597	SAMN06829252	MATCHED					NOT_APPLICABLE	=	2	=	2	=	2	CORRECT
944	34589061	CNS175	fusidic acid	fusidic acid	1290.597	SAMN06829252	MATCHED					NOT_APPLICABLE	=	0.06	=	0.06	=	0.06	CORRECT
945	34589061	CNS175	trimethoprim/sulfamethoxazole	trimethoprim/sulfamethoxazole	1290.597	SAMN06829252	MATCHED					NOT_APPLICABLE	=	0.25	=	0.25	=	0.25	CORRECT
946	34589061	CNS175	erythromycin	erythromycin	1290.597	SAMN06829252	MATCHED					NOT_APPLICABLE	=	16	=	16	=	16	CORRECT
947	34589061	CNS175	clindamycin	clindamycin	1290.597	SAMN06829252	MATCHED					NOT_APPLICABLE	=	0.5	=	0.5	=	0.5	CORRECT
948	34589061	CNS178	oxacillin	oxacillin	1282.6550	SAMN06829253	MATCHED					NOT_APPLICABLE	=	64	=	64	=	64	CORRECT
949	34589061	CNS178	cefoxitin	cefoxitin	1282.6550	SAMN06829253	MATCHED					NOT_APPLICABLE	=	32	=	32	=	32	CORRECT
950	34589061	CNS178	linezolid	linezolid	1282.6550	SAMN06829253	MATCHED					NOT_APPLICABLE	>	32	>	32	>	32	CORRECT
951	34589061	CNS178	tedizolid	tedizolid	1282.6550	SAMN06829253	MATCHED					NOT_APPLICABLE	=	16	=	16	=	16	CORRECT
952	34589061	CNS178	vancomycin	vancomycin	1282.6550	SAMN06829253	MATCHED					NOT_APPLICABLE	=	1	=	1	=	1	CORRECT
953	34589061	CNS178	oritavancin	oritavancin	1282.6550	SAMN06829253	MATCHED					NOT_APPLICABLE	<	0.03	<	0.03	<	0.03	CORRECT
954	34589061	CNS178	dalbavancin	dalbavancin	1282.6550	SAMN06829253	MATCHED					NOT_APPLICABLE	<	0.03	<	0.03	<	0.03	CORRECT
955	34589061	CNS178	telavancin	telavancin	1282.6550	SAMN06829253	MATCHED					NOT_APPLICABLE	=	0.06	=	0.06	=	0.06	CORRECT
956	34589061	CNS178	teicoplanin	teicoplanin	1282.6550	SAMN06829253	MATCHED					NOT_APPLICABLE	=	0.125	=	0.125	=	0.125	CORRECT
957	34589061	CNS178	daptomycin	daptomycin	1282.6550	SAMN06829253	MATCHED					NOT_APPLICABLE	=	0.125	=	0.125	=	0.125	CORRECT
958	34589061	CNS178	tigecycline	tigecycline	1282.6550	SAMN06829253	MATCHED					NOT_APPLICABLE	=	0.25	=	0.25	=	0.25	CORRECT
959	34589061	CNS178	tetracycline	tetracycline	1282.6550	SAMN06829253	MATCHED					NOT_APPLICABLE	=	2	=	2	=	2	CORRECT
960	34589061	CNS178	ceftaroline	ceftaroline	1282.6550	SAMN06829253	MATCHED					NOT_APPLICABLE	=	0.125	=	0.125	=	0.125	CORRECT
961	34589061	CNS178	rifampin	rifampin	1282.6550	SAMN06829253	MATCHED					NOT_APPLICABLE	=	0.5	=	0.5	=	0.5	CORRECT
962	34589061	CNS178	ciprofloxacin	ciprofloxacin	1282.6550	SAMN06829253	MATCHED					NOT_APPLICABLE	=	128	=	128	=	128	CORRECT
963	34589061	CNS178	moxifloxacin	moxifloxacin	1282.6550	SAMN06829253	MATCHED					NOT_APPLICABLE	=	64.0	=	64	=	64	CORRECT
964	34589061	CNS178	gentamicin	gentamicin	1282.6550	SAMN06829253	MATCHED					NOT_APPLICABLE	=	128	=	128	=	128	CORRECT
965	34589061	CNS178	mupirocin	mupirocin	1282.6550	SAMN06829253	MATCHED					NOT_APPLICABLE	>	32	>	32	>	32	CORRECT
966	34589061	CNS178	fusidic acid	fusidic acid	1282.6550	SAMN06829253	MATCHED					NOT_APPLICABLE	=	4.0	=	4	=	4	CORRECT
967	34589061	CNS178	trimethoprim/sulfamethoxazole	trimethoprim/sulfamethoxazole	1282.6550	SAMN06829253	MATCHED					NOT_APPLICABLE	=	4.0	=	4	=	4	CORRECT
968	34589061	CNS178	erythromycin	erythromycin	1282.6550	SAMN06829253	MATCHED					NOT_APPLICABLE	<	0.125	<	0.125	<	0.125	CORRECT
969	34589061	CNS178	clindamycin	clindamycin	1282.6550	SAMN06829253	MATCHED					NOT_APPLICABLE	>	64	>	64	>	64	CORRECT
970	34589061	CNS179	oxacillin	oxacillin	1290.596	SAMN06829254	MATCHED					NOT_APPLICABLE	=	512	=	512	=	512	CORRECT
971	34589061	CNS179	cefoxitin	cefoxitin	1290.596	SAMN06829254	MATCHED					NOT_APPLICABLE	=	256	=	256	=	256	CORRECT
972	34589061	CNS179	linezolid	linezolid	1290.596	SAMN06829254	MATCHED					NOT_APPLICABLE	=	32	=	32	=	32	CORRECT
973	34589061	CNS179	tedizolid	tedizolid	1290.596	SAMN06829254	MATCHED					NOT_APPLICABLE	=	8	=	8	=	8	CORRECT
974	34589061	CNS179	vancomycin	vancomycin	1290.596	SAMN06829254	MATCHED					NOT_APPLICABLE	=	2	=	2	=	2	CORRECT
975	34589061	CNS179	oritavancin	oritavancin	1290.596	SAMN06829254	MATCHED					NOT_APPLICABLE	<	0.03	<	0.03	<	0.03	CORRECT
976	34589061	CNS179	dalbavancin	dalbavancin	1290.596	SAMN06829254	MATCHED					NOT_APPLICABLE	=	0.06	=	0.06	=	0.06	CORRECT
977	34589061	CNS179	telavancin	telavancin	1290.596	SAMN06829254	MATCHED					NOT_APPLICABLE	=	0.125	=	0.125	=	0.125	CORRECT
978	34589061	CNS179	teicoplanin	teicoplanin	1290.596	SAMN06829254	MATCHED					NOT_APPLICABLE	=	4.0	=	4	=	4	CORRECT
979	34589061	CNS179	daptomycin	daptomycin	1290.596	SAMN06829254	MATCHED					NOT_APPLICABLE	=	0.125	=	0.125	=	0.125	CORRECT
980	34589061	CNS179	tigecycline	tigecycline	1290.596	SAMN06829254	MATCHED					NOT_APPLICABLE	=	0.5	=	0.5	=	0.5	CORRECT
981	34589061	CNS179	tetracycline	tetracycline	1290.596	SAMN06829254	MATCHED					NOT_APPLICABLE	=	32	=	32	=	32	CORRECT
982	34589061	CNS179	ceftaroline	ceftaroline	1290.596	SAMN06829254	MATCHED					NOT_APPLICABLE	=	1.0	=	1	=	1	CORRECT
983	34589061	CNS179	rifampin	rifampin	1290.596	SAMN06829254	MATCHED					NOT_APPLICABLE	=	1	=	1	=	1	CORRECT
984	34589061	CNS179	ciprofloxacin	ciprofloxacin	1290.596	SAMN06829254	MATCHED					NOT_APPLICABLE	=	8	=	8	=	8	CORRECT
985	34589061	CNS179	moxifloxacin	moxifloxacin	1290.596	SAMN06829254	MATCHED					NOT_APPLICABLE	=	1.0	=	1	=	1	CORRECT
986	34589061	CNS179	gentamicin	gentamicin	1290.596	SAMN06829254	MATCHED					NOT_APPLICABLE	=	32	=	32	=	32	CORRECT
987	34589061	CNS179	mupirocin	mupirocin	1290.596	SAMN06829254	MATCHED					NOT_APPLICABLE	=	4	=	4	=	4	CORRECT
988	34589061	CNS179	fusidic acid	fusidic acid	1290.596	SAMN06829254	MATCHED					NOT_APPLICABLE	=	0.125	=	0.125	=	0.125	CORRECT
989	34589061	CNS179	trimethoprim/sulfamethoxazole	trimethoprim/sulfamethoxazole	1290.596	SAMN06829254	MATCHED					NOT_APPLICABLE	=	0.5	=	0.5	=	0.5	CORRECT
990	34589061	CNS179	erythromycin	erythromycin	1290.596	SAMN06829254	MATCHED					NOT_APPLICABLE	=	16	=	16	=	16	CORRECT
991	34589061	CNS179	clindamycin	clindamycin	1290.596	SAMN06829254	MATCHED					NOT_APPLICABLE	=	0.5	=	0.5	=	0.5	CORRECT
992	34589061	CNS180	oxacillin	oxacillin	1282.6532	SAMN06829255	MATCHED					NOT_APPLICABLE	=	4	=	4	=	4	CORRECT
993	34589061	CNS180	cefoxitin	cefoxitin	1282.6532	SAMN06829255	MATCHED					NOT_APPLICABLE	=	32	=	32	=	32	CORRECT
994	34589061	CNS180	linezolid	linezolid	1282.6532	SAMN06829255	MATCHED					NOT_APPLICABLE	>	32	>	32	>	32	CORRECT
995	34589061	CNS180	tedizolid	tedizolid	1282.6532	SAMN06829255	MATCHED					NOT_APPLICABLE	=	16	=	16	=	16	CORRECT
996	34589061	CNS180	vancomycin	vancomycin	1282.6532	SAMN06829255	MATCHED					NOT_APPLICABLE	=	2	=	2	=	2	CORRECT
997	34589061	CNS180	oritavancin	oritavancin	1282.6532	SAMN06829255	MATCHED					NOT_APPLICABLE	<	0.03	<	0.03	<	0.03	CORRECT
998	34589061	CNS180	dalbavancin	dalbavancin	1282.6532	SAMN06829255	MATCHED					NOT_APPLICABLE	<	0.03	<	0.03	<	0.03	CORRECT
999	34589061	CNS180	telavancin	telavancin	1282.6532	SAMN06829255	MATCHED					NOT_APPLICABLE	=	0.06	=	0.06	=	0.06	CORRECT
1000	34589061	CNS180	teicoplanin	teicoplanin	1282.6532	SAMN06829255	MATCHED					NOT_APPLICABLE	=	1.0	=	1	=	1	CORRECT
1001	34589061	CNS180	daptomycin	daptomycin	1282.6532	SAMN06829255	MATCHED					NOT_APPLICABLE	=	0.25	=	0.25	=	0.25	CORRECT
1002	34589061	CNS180	tigecycline	tigecycline	1282.6532	SAMN06829255	MATCHED					NOT_APPLICABLE	=	0.25	=	0.25	=	0.25	CORRECT
1003	34589061	CNS180	tetracycline	tetracycline	1282.6532	SAMN06829255	MATCHED					NOT_APPLICABLE	=	4	=	4	=	4	CORRECT
1004	34589061	CNS180	ceftaroline	ceftaroline	1282.6532	SAMN06829255	MATCHED					NOT_APPLICABLE	=	0.125	=	0.125	=	0.125	CORRECT
1005	34589061	CNS180	rifampin	rifampin	1282.6532	SAMN06829255	MATCHED					NOT_APPLICABLE	=	0.5	=	0.5	=	0.5	CORRECT
1006	34589061	CNS180	ciprofloxacin	ciprofloxacin	1282.6532	SAMN06829255	MATCHED					NOT_APPLICABLE	>	256	>	256	>	256	CORRECT
1007	34589061	CNS180	moxifloxacin	moxifloxacin	1282.6532	SAMN06829255	MATCHED					NOT_APPLICABLE	=	64.0	=	64	=	64	CORRECT
1008	34589061	CNS180	gentamicin	gentamicin	1282.6532	SAMN06829255	MATCHED					NOT_APPLICABLE	=	128	=	128	=	128	CORRECT
1009	34589061	CNS180	mupirocin	mupirocin	1282.6532	SAMN06829255	MATCHED					NOT_APPLICABLE	>	32	>	32	>	32	CORRECT
1010	34589061	CNS180	fusidic acid	fusidic acid	1282.6532	SAMN06829255	MATCHED					NOT_APPLICABLE	=	8.0	=	8	=	8	CORRECT
1011	34589061	CNS180	trimethoprim/sulfamethoxazole	trimethoprim/sulfamethoxazole	1282.6532	SAMN06829255	MATCHED					NOT_APPLICABLE	=	8.0	=	8	=	8	CORRECT
1012	34589061	CNS180	erythromycin	erythromycin	1282.6532	SAMN06829255	MATCHED					NOT_APPLICABLE	<	0.125	<	0.125	<	0.125	CORRECT
1013	34589061	CNS180	clindamycin	clindamycin	1282.6532	SAMN06829255	MATCHED					NOT_APPLICABLE	>	64	>	64	>	64	CORRECT
1014	34589061	CNS181	oxacillin	oxacillin	1290.593	SAMN06829256	MATCHED					NOT_APPLICABLE	=	512	=	512	=	512	CORRECT
1015	34589061	CNS181	cefoxitin	cefoxitin	1290.593	SAMN06829256	MATCHED					NOT_APPLICABLE	=	256	=	256	=	256	CORRECT
1016	34589061	CNS181	linezolid	linezolid	1290.593	SAMN06829256	MATCHED					NOT_APPLICABLE	>	32	>	32	>	32	CORRECT
1017	34589061	CNS181	tedizolid	tedizolid	1290.593	SAMN06829256	MATCHED					NOT_APPLICABLE	=	4	=	4	=	4	CORRECT
1018	34589061	CNS181	vancomycin	vancomycin	1290.593	SAMN06829256	MATCHED					NOT_APPLICABLE	=	2	=	2	=	2	CORRECT
1019	34589061	CNS181	oritavancin	oritavancin	1290.593	SAMN06829256	MATCHED					NOT_APPLICABLE	<	0.03	<	0.03	<	0.03	CORRECT
1020	34589061	CNS181	dalbavancin	dalbavancin	1290.593	SAMN06829256	MATCHED					NOT_APPLICABLE	=	0.125	=	0.125	=	0.125	CORRECT
1021	34589061	CNS181	telavancin	telavancin	1290.593	SAMN06829256	MATCHED					NOT_APPLICABLE	=	0.125	=	0.125	=	0.125	CORRECT
1022	34589061	CNS181	teicoplanin	teicoplanin	1290.593	SAMN06829256	MATCHED					NOT_APPLICABLE	=	4.0	=	4	=	4	CORRECT
1023	34589061	CNS181	daptomycin	daptomycin	1290.593	SAMN06829256	MATCHED					NOT_APPLICABLE	=	0.125	=	0.125	=	0.125	CORRECT
1024	34589061	CNS181	tigecycline	tigecycline	1290.593	SAMN06829256	MATCHED					NOT_APPLICABLE	=	0.5	=	0.5	=	0.5	CORRECT
1025	34589061	CNS181	tetracycline	tetracycline	1290.593	SAMN06829256	MATCHED					NOT_APPLICABLE	=	64	=	64	=	64	CORRECT
1026	34589061	CNS181	ceftaroline	ceftaroline	1290.593	SAMN06829256	MATCHED					NOT_APPLICABLE	=	1.0	=	1	=	1	CORRECT
1027	34589061	CNS181	rifampin	rifampin	1290.593	SAMN06829256	MATCHED					NOT_APPLICABLE	=	1	=	1	=	1	CORRECT
1028	34589061	CNS181	ciprofloxacin	ciprofloxacin	1290.593	SAMN06829256	MATCHED					NOT_APPLICABLE	=	8	=	8	=	8	CORRECT
1029	34589061	CNS181	moxifloxacin	moxifloxacin	1290.593	SAMN06829256	MATCHED					NOT_APPLICABLE	=	1.0	=	1	=	1	CORRECT
1030	34589061	CNS181	gentamicin	gentamicin	1290.593	SAMN06829256	MATCHED					NOT_APPLICABLE	=	32	=	32	=	32	CORRECT
1031	34589061	CNS181	mupirocin	mupirocin	1290.593	SAMN06829256	MATCHED					NOT_APPLICABLE	=	2	=	2	=	2	CORRECT
1032	34589061	CNS181	fusidic acid	fusidic acid	1290.593	SAMN06829256	MATCHED					NOT_APPLICABLE	=	0.06	=	0.06	=	0.06	CORRECT
1033	34589061	CNS181	trimethoprim/sulfamethoxazole	trimethoprim/sulfamethoxazole	1290.593	SAMN06829256	MATCHED					NOT_APPLICABLE	=	0.5	=	0.5	=	0.5	CORRECT
1034	34589061	CNS181	erythromycin	erythromycin	1290.593	SAMN06829256	MATCHED					NOT_APPLICABLE	=	64	=	64	=	64	CORRECT
1035	34589061	CNS181	clindamycin	clindamycin	1290.593	SAMN06829256	MATCHED					NOT_APPLICABLE	=	1	=	1	=	1	CORRECT
1036	34589061	CNS182	oxacillin	oxacillin	1290.592	SAMN06829257	MATCHED					NOT_APPLICABLE	=	512	=	512	=	512	CORRECT
1037	34589061	CNS182	cefoxitin	cefoxitin	1290.592	SAMN06829257	MATCHED					NOT_APPLICABLE	=	256	=	256	=	256	CORRECT
1038	34589061	CNS182	linezolid	linezolid	1290.592	SAMN06829257	MATCHED					NOT_APPLICABLE	>	32	>	32	>	32	CORRECT
1039	34589061	CNS182	tedizolid	tedizolid	1290.592	SAMN06829257	MATCHED					NOT_APPLICABLE	=	4	=	4	=	4	CORRECT
1040	34589061	CNS182	vancomycin	vancomycin	1290.592	SAMN06829257	MATCHED					NOT_APPLICABLE	=	2	=	2	=	2	CORRECT
1041	34589061	CNS182	oritavancin	oritavancin	1290.592	SAMN06829257	MATCHED					NOT_APPLICABLE	<	0.03	<	0.03	<	0.03	CORRECT
1042	34589061	CNS182	dalbavancin	dalbavancin	1290.592	SAMN06829257	MATCHED					NOT_APPLICABLE	=	0.125	=	0.125	=	0.125	CORRECT
1043	34589061	CNS182	telavancin	telavancin	1290.592	SAMN06829257	MATCHED					NOT_APPLICABLE	=	0.125	=	0.125	=	0.125	CORRECT
1044	34589061	CNS182	teicoplanin	teicoplanin	1290.592	SAMN06829257	MATCHED					NOT_APPLICABLE	=	4.0	=	4	=	4	CORRECT
1045	34589061	CNS182	daptomycin	daptomycin	1290.592	SAMN06829257	MATCHED					NOT_APPLICABLE	=	0.125	=	0.125	=	0.125	CORRECT
1046	34589061	CNS182	tigecycline	tigecycline	1290.592	SAMN06829257	MATCHED					NOT_APPLICABLE	=	0.5	=	0.5	=	0.5	CORRECT
1047	34589061	CNS182	tetracycline	tetracycline	1290.592	SAMN06829257	MATCHED					NOT_APPLICABLE	=	64	=	64	=	64	CORRECT
1048	34589061	CNS182	ceftaroline	ceftaroline	1290.592	SAMN06829257	MATCHED					NOT_APPLICABLE	=	1.0	=	1	=	1	CORRECT
1049	34589061	CNS182	rifampin	rifampin	1290.592	SAMN06829257	MATCHED					NOT_APPLICABLE	=	1	=	1	=	1	CORRECT
1050	34589061	CNS182	ciprofloxacin	ciprofloxacin	1290.592	SAMN06829257	MATCHED					NOT_APPLICABLE	=	8	=	8	=	8	CORRECT
1051	34589061	CNS182	moxifloxacin	moxifloxacin	1290.592	SAMN06829257	MATCHED					NOT_APPLICABLE	=	1.0	=	1	=	1	CORRECT
1052	34589061	CNS182	gentamicin	gentamicin	1290.592	SAMN06829257	MATCHED					NOT_APPLICABLE	=	8	=	8	=	8	CORRECT
1053	34589061	CNS182	mupirocin	mupirocin	1290.592	SAMN06829257	MATCHED					NOT_APPLICABLE	=	2	=	2	=	2	CORRECT
1054	34589061	CNS182	fusidic acid	fusidic acid	1290.592	SAMN06829257	MATCHED					NOT_APPLICABLE	=	0.06	=	0.06	=	0.06	CORRECT
1055	34589061	CNS182	trimethoprim/sulfamethoxazole	trimethoprim/sulfamethoxazole	1290.592	SAMN06829257	MATCHED					NOT_APPLICABLE	=	0.5	=	0.5	=	0.5	CORRECT
1056	34589061	CNS182	erythromycin	erythromycin	1290.592	SAMN06829257	MATCHED					NOT_APPLICABLE	=	32	=	32	=	32	CORRECT
1057	34589061	CNS182	clindamycin	clindamycin	1290.592	SAMN06829257	MATCHED					NOT_APPLICABLE	=	1	=	1	=	1	CORRECT
1058	34589061	CNS183	oxacillin	oxacillin	1282.6534	SAMN06829258	MATCHED					NOT_APPLICABLE	=	128	=	128	=	128	CORRECT
1059	34589061	CNS183	cefoxitin	cefoxitin	1282.6534	SAMN06829258	MATCHED					NOT_APPLICABLE	=	64	=	64	=	64	CORRECT
1060	34589061	CNS183	linezolid	linezolid	1282.6534	SAMN06829258	MATCHED					NOT_APPLICABLE	=	32	=	32	=	32	CORRECT
1061	34589061	CNS183	tedizolid	tedizolid	1282.6534	SAMN06829258	MATCHED					NOT_APPLICABLE	=	32	=	32	=	32	CORRECT
1062	34589061	CNS183	vancomycin	vancomycin	1282.6534	SAMN06829258	MATCHED					NOT_APPLICABLE	=	2	=	2	=	2	CORRECT
1063	34589061	CNS183	oritavancin	oritavancin	1282.6534	SAMN06829258	MATCHED					NOT_APPLICABLE	<	0.03	<	0.03	<	0.03	CORRECT
1064	34589061	CNS183	dalbavancin	dalbavancin	1282.6534	SAMN06829258	MATCHED					NOT_APPLICABLE	<	0.03	<	0.03	<	0.03	CORRECT
1065	34589061	CNS183	telavancin	telavancin	1282.6534	SAMN06829258	MATCHED					NOT_APPLICABLE	=	0.125	=	0.125	=	0.125	CORRECT
1066	34589061	CNS183	teicoplanin	teicoplanin	1282.6534	SAMN06829258	MATCHED					NOT_APPLICABLE	=	1.0	=	1	=	1	CORRECT
1067	34589061	CNS183	daptomycin	daptomycin	1282.6534	SAMN06829258	MATCHED					NOT_APPLICABLE	=	0.125	=	0.125	=	0.125	CORRECT
1068	34589061	CNS183	tigecycline	tigecycline	1282.6534	SAMN06829258	MATCHED					NOT_APPLICABLE	=	0.25	=	0.25	=	0.25	CORRECT
1069	34589061	CNS183	tetracycline	tetracycline	1282.6534	SAMN06829258	MATCHED					NOT_APPLICABLE	=	2	=	2	=	2	CORRECT
1070	34589061	CNS183	ceftaroline	ceftaroline	1282.6534	SAMN06829258	MATCHED					NOT_APPLICABLE	=	0.25	=	0.25	=	0.25	CORRECT
1071	34589061	CNS183	rifampin	rifampin	1282.6534	SAMN06829258	MATCHED					NOT_APPLICABLE	=	0.5	=	0.5	=	0.5	CORRECT
1072	34589061	CNS183	ciprofloxacin	ciprofloxacin	1282.6534	SAMN06829258	MATCHED					NOT_APPLICABLE	=	128	=	128	=	128	CORRECT
1073	34589061	CNS183	moxifloxacin	moxifloxacin	1282.6534	SAMN06829258	MATCHED					NOT_APPLICABLE	=	64.0	=	64	=	64	CORRECT
1074	34589061	CNS183	gentamicin	gentamicin	1282.6534	SAMN06829258	MATCHED					NOT_APPLICABLE	>	128	>	128	>	128	CORRECT
1075	34589061	CNS183	mupirocin	mupirocin	1282.6534	SAMN06829258	MATCHED					NOT_APPLICABLE	=	16	=	16	=	16	CORRECT
1076	34589061	CNS183	fusidic acid	fusidic acid	1282.6534	SAMN06829258	MATCHED					NOT_APPLICABLE	=	8.0	=	8	=	8	CORRECT
1077	34589061	CNS183	trimethoprim/sulfamethoxazole	trimethoprim/sulfamethoxazole	1282.6534	SAMN06829258	MATCHED					NOT_APPLICABLE	=	2.0	=	2	=	2	CORRECT
1078	34589061	CNS183	erythromycin	erythromycin	1282.6534	SAMN06829258	MATCHED					NOT_APPLICABLE	<	0.125	<	0.125	<	0.125	CORRECT
1079	34589061	CNS183	clindamycin	clindamycin	1282.6534	SAMN06829258	MATCHED					NOT_APPLICABLE	=	64	=	64	=	64	CORRECT
1080	34589061	CNS184	oxacillin	oxacillin	1282.6535	SAMN06829259	MATCHED					NOT_APPLICABLE	=	16	=	16	=	16	CORRECT
1081	34589061	CNS184	cefoxitin	cefoxitin	1282.6535	SAMN06829259	MATCHED					NOT_APPLICABLE	=	32	=	32	=	32	CORRECT
1082	34589061	CNS184	linezolid	linezolid	1282.6535	SAMN06829259	MATCHED					NOT_APPLICABLE	>	32	>	32	>	32	CORRECT
1083	34589061	CNS184	tedizolid	tedizolid	1282.6535	SAMN06829259	MATCHED					NOT_APPLICABLE	=	32	=	32	=	32	CORRECT
1084	34589061	CNS184	vancomycin	vancomycin	1282.6535	SAMN06829259	MATCHED					NOT_APPLICABLE	=	2	=	2	=	2	CORRECT
1085	34589061	CNS184	oritavancin	oritavancin	1282.6535	SAMN06829259	MATCHED					NOT_APPLICABLE	<	0.03	<	0.03	<	0.03	CORRECT
1086	34589061	CNS184	dalbavancin	dalbavancin	1282.6535	SAMN06829259	MATCHED					NOT_APPLICABLE	<	0.03	<	0.03	<	0.03	CORRECT
1087	34589061	CNS184	telavancin	telavancin	1282.6535	SAMN06829259	MATCHED					NOT_APPLICABLE	<	0.03	<	0.03	<	0.03	CORRECT
1088	34589061	CNS184	teicoplanin	teicoplanin	1282.6535	SAMN06829259	MATCHED					NOT_APPLICABLE	=	2.0	=	2	=	2	CORRECT
1089	34589061	CNS184	daptomycin	daptomycin	1282.6535	SAMN06829259	MATCHED					NOT_APPLICABLE	=	0.125	=	0.125	=	0.125	CORRECT
1090	34589061	CNS184	tigecycline	tigecycline	1282.6535	SAMN06829259	MATCHED					NOT_APPLICABLE	=	0.25	=	0.25	=	0.25	CORRECT
1091	34589061	CNS184	tetracycline	tetracycline	1282.6535	SAMN06829259	MATCHED					NOT_APPLICABLE	=	4	=	4	=	4	CORRECT
1092	34589061	CNS184	ceftaroline	ceftaroline	1282.6535	SAMN06829259	MATCHED					NOT_APPLICABLE	=	0.25	=	0.25	=	0.25	CORRECT
1093	34589061	CNS184	rifampin	rifampin	1282.6535	SAMN06829259	MATCHED					NOT_APPLICABLE	=	0.5	=	0.5	=	0.5	CORRECT
1094	34589061	CNS184	ciprofloxacin	ciprofloxacin	1282.6535	SAMN06829259	MATCHED					NOT_APPLICABLE	=	64	=	64	=	64	CORRECT
1095	34589061	CNS184	moxifloxacin	moxifloxacin	1282.6535	SAMN06829259	MATCHED					NOT_APPLICABLE	=	64.0	=	64	=	64	CORRECT
1096	34589061	CNS184	gentamicin	gentamicin	1282.6535	SAMN06829259	MATCHED					NOT_APPLICABLE	>	128	>	128	>	128	CORRECT
1097	34589061	CNS184	mupirocin	mupirocin	1282.6535	SAMN06829259	MATCHED					NOT_APPLICABLE	=	16	=	16	=	16	CORRECT
1098	34589061	CNS184	fusidic acid	fusidic acid	1282.6535	SAMN06829259	MATCHED					NOT_APPLICABLE	=	8.0	=	8	=	8	CORRECT
1099	34589061	CNS184	trimethoprim/sulfamethoxazole	trimethoprim/sulfamethoxazole	1282.6535	SAMN06829259	MATCHED					NOT_APPLICABLE	=	4.0	=	4	=	4	CORRECT
1100	34589061	CNS184	erythromycin	erythromycin	1282.6535	SAMN06829259	MATCHED					NOT_APPLICABLE	<	0.125	<	0.125	<	0.125	CORRECT
1101	34589061	CNS184	clindamycin	clindamycin	1282.6535	SAMN06829259	MATCHED					NOT_APPLICABLE	=	64	=	64	=	64	CORRECT
1102	34589061	CNS185	oxacillin	oxacillin	1282.6533	SAMN06829260	MATCHED					NOT_APPLICABLE	=	16	=	16	=	16	CORRECT
1103	34589061	CNS185	cefoxitin	cefoxitin	1282.6533	SAMN06829260	MATCHED					NOT_APPLICABLE	=	16	=	16	=	16	CORRECT
1104	34589061	CNS185	linezolid	linezolid	1282.6533	SAMN06829260	MATCHED					NOT_APPLICABLE	>	32	>	32	>	32	CORRECT
1105	34589061	CNS185	tedizolid	tedizolid	1282.6533	SAMN06829260	MATCHED					NOT_APPLICABLE	=	32	=	32	=	32	CORRECT
1106	34589061	CNS185	vancomycin	vancomycin	1282.6533	SAMN06829260	MATCHED					NOT_APPLICABLE	=	2	=	2	=	2	CORRECT
1107	34589061	CNS185	oritavancin	oritavancin	1282.6533	SAMN06829260	MATCHED					NOT_APPLICABLE	<	0.03	<	0.03	<	0.03	CORRECT
1108	34589061	CNS185	dalbavancin	dalbavancin	1282.6533	SAMN06829260	MATCHED					NOT_APPLICABLE	<	0.03	<	0.03	<	0.03	CORRECT
1109	34589061	CNS185	telavancin	telavancin	1282.6533	SAMN06829260	MATCHED					NOT_APPLICABLE	<	0.03	<	0.03	<	0.03	CORRECT
1110	34589061	CNS185	teicoplanin	teicoplanin	1282.6533	SAMN06829260	MATCHED					NOT_APPLICABLE	=	1.0	=	1	=	1	CORRECT
1111	34589061	CNS185	daptomycin	daptomycin	1282.6533	SAMN06829260	MATCHED					NOT_APPLICABLE	=	0.125	=	0.125	=	0.125	CORRECT
1112	34589061	CNS185	tigecycline	tigecycline	1282.6533	SAMN06829260	MATCHED					NOT_APPLICABLE	=	0.125	=	0.125	=	0.125	CORRECT
1113	34589061	CNS185	tetracycline	tetracycline	1282.6533	SAMN06829260	MATCHED					NOT_APPLICABLE	=	2	=	2	=	2	CORRECT
1114	34589061	CNS185	ceftaroline	ceftaroline	1282.6533	SAMN06829260	MATCHED					NOT_APPLICABLE	=	0.25	=	0.25	=	0.25	CORRECT
1115	34589061	CNS185	rifampin	rifampin	1282.6533	SAMN06829260	MATCHED					NOT_APPLICABLE	=	0.5	=	0.5	=	0.5	CORRECT
1116	34589061	CNS185	ciprofloxacin	ciprofloxacin	1282.6533	SAMN06829260	MATCHED					NOT_APPLICABLE	=	128	=	128	=	128	CORRECT
1117	34589061	CNS185	moxifloxacin	moxifloxacin	1282.6533	SAMN06829260	MATCHED					NOT_APPLICABLE	=	64.0	=	64	=	64	CORRECT
1118	34589061	CNS185	gentamicin	gentamicin	1282.6533	SAMN06829260	MATCHED					NOT_APPLICABLE	>	128	>	128	>	128	CORRECT
1119	34589061	CNS185	mupirocin	mupirocin	1282.6533	SAMN06829260	MATCHED					NOT_APPLICABLE	=	16	=	16	=	16	CORRECT
1120	34589061	CNS185	fusidic acid	fusidic acid	1282.6533	SAMN06829260	MATCHED					NOT_APPLICABLE	=	8.0	=	8	=	8	CORRECT
1121	34589061	CNS185	trimethoprim/sulfamethoxazole	trimethoprim/sulfamethoxazole	1282.6533	SAMN06829260	MATCHED					NOT_APPLICABLE	=	4.0	=	4	=	4	CORRECT
1122	34589061	CNS185	erythromycin	erythromycin	1282.6533	SAMN06829260	MATCHED					NOT_APPLICABLE	<	0.125	<	0.125	<	0.125	CORRECT
1123	34589061	CNS185	clindamycin	clindamycin	1282.6533	SAMN06829260	MATCHED					NOT_APPLICABLE	=	64	=	64	=	64	CORRECT
1124	34589061	CNS186	oxacillin	oxacillin	1290.604	SAMN06829261	MATCHED					NOT_APPLICABLE	>	512	>	512	>	512	CORRECT
1125	34589061	CNS186	cefoxitin	cefoxitin	1290.604	SAMN06829261	MATCHED					NOT_APPLICABLE	=	256	=	256	=	256	CORRECT
1126	34589061	CNS186	linezolid	linezolid	1290.604	SAMN06829261	MATCHED					NOT_APPLICABLE	=	32	=	32	=	32	CORRECT
1127	34589061	CNS186	tedizolid	tedizolid	1290.604	SAMN06829261	MATCHED					NOT_APPLICABLE	=	8	=	8	=	8	CORRECT
1128	34589061	CNS186	vancomycin	vancomycin	1290.604	SAMN06829261	MATCHED					NOT_APPLICABLE	=	2	=	2	=	2	CORRECT
1129	34589061	CNS186	oritavancin	oritavancin	1290.604	SAMN06829261	MATCHED					NOT_APPLICABLE	<	0.03	<	0.03	<	0.03	CORRECT
1130	34589061	CNS186	dalbavancin	dalbavancin	1290.604	SAMN06829261	MATCHED					NOT_APPLICABLE	=	0.125	=	0.125	=	0.125	CORRECT
1131	34589061	CNS186	telavancin	telavancin	1290.604	SAMN06829261	MATCHED					NOT_APPLICABLE	=	0.06	=	0.06	=	0.06	CORRECT
1132	34589061	CNS186	teicoplanin	teicoplanin	1290.604	SAMN06829261	MATCHED					NOT_APPLICABLE	=	2.0	=	2	=	2	CORRECT
1133	34589061	CNS186	daptomycin	daptomycin	1290.604	SAMN06829261	MATCHED					NOT_APPLICABLE	=	0.25	=	0.25	=	0.25	CORRECT
1134	34589061	CNS186	tigecycline	tigecycline	1290.604	SAMN06829261	MATCHED					NOT_APPLICABLE	=	0.25	=	0.25	=	0.25	CORRECT
1135	34589061	CNS186	tetracycline	tetracycline	1290.604	SAMN06829261	MATCHED					NOT_APPLICABLE	=	64	=	64	=	64	CORRECT
1136	34589061	CNS186	ceftaroline	ceftaroline	1290.604	SAMN06829261	MATCHED					NOT_APPLICABLE	=	1.0	=	1	=	1	CORRECT
1137	34589061	CNS186	rifampin	rifampin	1290.604	SAMN06829261	MATCHED					NOT_APPLICABLE	=	0.5	=	0.5	=	0.5	CORRECT
1138	34589061	CNS186	ciprofloxacin	ciprofloxacin	1290.604	SAMN06829261	MATCHED					NOT_APPLICABLE	=	8	=	8	=	8	CORRECT
1139	34589061	CNS186	moxifloxacin	moxifloxacin	1290.604	SAMN06829261	MATCHED					NOT_APPLICABLE	=	1.0	=	1	=	1	CORRECT
1140	34589061	CNS186	gentamicin	gentamicin	1290.604	SAMN06829261	MATCHED					NOT_APPLICABLE	=	64	=	64	=	64	CORRECT
1141	34589061	CNS186	mupirocin	mupirocin	1290.604	SAMN06829261	MATCHED					NOT_APPLICABLE	=	4	=	4	=	4	CORRECT
1142	34589061	CNS186	fusidic acid	fusidic acid	1290.604	SAMN06829261	MATCHED					NOT_APPLICABLE	=	0.125	=	0.125	=	0.125	CORRECT
1143	34589061	CNS186	trimethoprim/sulfamethoxazole	trimethoprim/sulfamethoxazole	1290.604	SAMN06829261	MATCHED					NOT_APPLICABLE	=	0.5	=	0.5	=	0.5	CORRECT
1144	34589061	CNS186	erythromycin	erythromycin	1290.604	SAMN06829261	MATCHED					NOT_APPLICABLE	=	16	=	16	=	16	CORRECT
1145	34589061	CNS186	clindamycin	clindamycin	1290.604	SAMN06829261	MATCHED					NOT_APPLICABLE	=	1	=	1	=	1	CORRECT
1146	34589061	CNS187	oxacillin	oxacillin	1282.6542	SAMN06829262	MATCHED					NOT_APPLICABLE	=	32	=	32	=	32	CORRECT
1147	34589061	CNS187	cefoxitin	cefoxitin	1282.6542	SAMN06829262	MATCHED					NOT_APPLICABLE	=	32	=	32	=	32	CORRECT
1148	34589061	CNS187	linezolid	linezolid	1282.6542	SAMN06829262	MATCHED					NOT_APPLICABLE	>	32	>	32	>	32	CORRECT
1149	34589061	CNS187	tedizolid	tedizolid	1282.6542	SAMN06829262	MATCHED					NOT_APPLICABLE	=	32	=	32	=	32	CORRECT
1150	34589061	CNS187	vancomycin	vancomycin	1282.6542	SAMN06829262	MATCHED					NOT_APPLICABLE	=	1	=	1	=	1	CORRECT
1151	34589061	CNS187	oritavancin	oritavancin	1282.6542	SAMN06829262	MATCHED					NOT_APPLICABLE	<	0.03	<	0.03	<	0.03	CORRECT
1152	34589061	CNS187	dalbavancin	dalbavancin	1282.6542	SAMN06829262	MATCHED					NOT_APPLICABLE	<	0.03	<	0.03	<	0.03	CORRECT
1153	34589061	CNS187	telavancin	telavancin	1282.6542	SAMN06829262	MATCHED					NOT_APPLICABLE	<	0.03	<	0.03	<	0.03	CORRECT
1154	34589061	CNS187	teicoplanin	teicoplanin	1282.6542	SAMN06829262	MATCHED					NOT_APPLICABLE	=	4.0	=	4	=	4	CORRECT
1155	34589061	CNS187	daptomycin	daptomycin	1282.6542	SAMN06829262	MATCHED					NOT_APPLICABLE	=	0.25	=	0.25	=	0.25	CORRECT
1156	34589061	CNS187	tigecycline	tigecycline	1282.6542	SAMN06829262	MATCHED					NOT_APPLICABLE	=	0.06	=	0.06	=	0.06	CORRECT
1157	34589061	CNS187	tetracycline	tetracycline	1282.6542	SAMN06829262	MATCHED					NOT_APPLICABLE	=	2	=	2	=	2	CORRECT
1158	34589061	CNS187	ceftaroline	ceftaroline	1282.6542	SAMN06829262	MATCHED					NOT_APPLICABLE	=	0.25	=	0.25	=	0.25	CORRECT
1159	34589061	CNS187	rifampin	rifampin	1282.6542	SAMN06829262	MATCHED					NOT_APPLICABLE	=	0.25	=	0.25	=	0.25	CORRECT
1160	34589061	CNS187	ciprofloxacin	ciprofloxacin	1282.6542	SAMN06829262	MATCHED					NOT_APPLICABLE	=	128	=	128	=	128	CORRECT
1161	34589061	CNS187	moxifloxacin	moxifloxacin	1282.6542	SAMN06829262	MATCHED					NOT_APPLICABLE	=	64.0	=	64	=	64	CORRECT
1162	34589061	CNS187	gentamicin	gentamicin	1282.6542	SAMN06829262	MATCHED					NOT_APPLICABLE	>	128	>	128	>	128	CORRECT
1163	34589061	CNS187	mupirocin	mupirocin	1282.6542	SAMN06829262	MATCHED					NOT_APPLICABLE	=	32	=	32	=	32	CORRECT
1164	34589061	CNS187	fusidic acid	fusidic acid	1282.6542	SAMN06829262	MATCHED					NOT_APPLICABLE	=	4.0	=	4	=	4	CORRECT
1165	34589061	CNS187	trimethoprim/sulfamethoxazole	trimethoprim/sulfamethoxazole	1282.6542	SAMN06829262	MATCHED					NOT_APPLICABLE	=	4.0	=	4	=	4	CORRECT
1166	34589061	CNS187	erythromycin	erythromycin	1282.6542	SAMN06829262	MATCHED					NOT_APPLICABLE	<	0.125	<	0.125	<	0.125	CORRECT
1167	34589061	CNS187	clindamycin	clindamycin	1282.6542	SAMN06829262	MATCHED					NOT_APPLICABLE	=	64	=	64	=	64	CORRECT
1168	34589061	CNS188	oxacillin	oxacillin	1282.6547	SAMN06829263	MATCHED					NOT_APPLICABLE	=	4	=	4	=	4	CORRECT
1169	34589061	CNS188	cefoxitin	cefoxitin	1282.6547	SAMN06829263	MATCHED					NOT_APPLICABLE	=	16	=	16	=	16	CORRECT
1170	34589061	CNS188	linezolid	linezolid	1282.6547	SAMN06829263	MATCHED					NOT_APPLICABLE	>	32	>	32	>	32	CORRECT
1171	34589061	CNS188	tedizolid	tedizolid	1282.6547	SAMN06829263	MATCHED					NOT_APPLICABLE	=	32	=	32	=	32	CORRECT
1172	34589061	CNS188	vancomycin	vancomycin	1282.6547	SAMN06829263	MATCHED					NOT_APPLICABLE	=	2	=	2	=	2	CORRECT
1173	34589061	CNS188	oritavancin	oritavancin	1282.6547	SAMN06829263	MATCHED					NOT_APPLICABLE	<	0.03	<	0.03	<	0.03	CORRECT
1174	34589061	CNS188	dalbavancin	dalbavancin	1282.6547	SAMN06829263	MATCHED					NOT_APPLICABLE	<	0.03	<	0.03	<	0.03	CORRECT
1175	34589061	CNS188	telavancin	telavancin	1282.6547	SAMN06829263	MATCHED					NOT_APPLICABLE	<	0.03	<	0.03	<	0.03	CORRECT
1176	34589061	CNS188	teicoplanin	teicoplanin	1282.6547	SAMN06829263	MATCHED					NOT_APPLICABLE	=	1.0	=	1	=	1	CORRECT
1177	34589061	CNS188	daptomycin	daptomycin	1282.6547	SAMN06829263	MATCHED					NOT_APPLICABLE	=	0.25	=	0.25	=	0.25	CORRECT
1178	34589061	CNS188	tigecycline	tigecycline	1282.6547	SAMN06829263	MATCHED					NOT_APPLICABLE	=	0.016	=	0.016	=	0.016	CORRECT
1179	34589061	CNS188	tetracycline	tetracycline	1282.6547	SAMN06829263	MATCHED					NOT_APPLICABLE	=	2	=	2	=	2	CORRECT
1180	34589061	CNS188	ceftaroline	ceftaroline	1282.6547	SAMN06829263	MATCHED					NOT_APPLICABLE	=	0.25	=	0.25	=	0.25	CORRECT
1181	34589061	CNS188	rifampin	rifampin	1282.6547	SAMN06829263	MATCHED					NOT_APPLICABLE	=	0.5	=	0.5	=	0.5	CORRECT
1182	34589061	CNS188	ciprofloxacin	ciprofloxacin	1282.6547	SAMN06829263	MATCHED					NOT_APPLICABLE	=	128	=	128	=	128	CORRECT
1183	34589061	CNS188	moxifloxacin	moxifloxacin	1282.6547	SAMN06829263	MATCHED					NOT_APPLICABLE	=	64.0	=	64	=	64	CORRECT
1184	34589061	CNS188	gentamicin	gentamicin	1282.6547	SAMN06829263	MATCHED					NOT_APPLICABLE	>	128	>	128	>	128	CORRECT
1185	34589061	CNS188	mupirocin	mupirocin	1282.6547	SAMN06829263	MATCHED					NOT_APPLICABLE	=	16	=	16	=	16	CORRECT
1186	34589061	CNS188	fusidic acid	fusidic acid	1282.6547	SAMN06829263	MATCHED					NOT_APPLICABLE	=	8.0	=	8	=	8	CORRECT
1187	34589061	CNS188	trimethoprim/sulfamethoxazole	trimethoprim/sulfamethoxazole	1282.6547	SAMN06829263	MATCHED					NOT_APPLICABLE	=	4.0	=	4	=	4	CORRECT
1188	34589061	CNS188	erythromycin	erythromycin	1282.6547	SAMN06829263	MATCHED					NOT_APPLICABLE	<	0.125	<	0.125	<	0.125	CORRECT
1189	34589061	CNS188	clindamycin	clindamycin	1282.6547	SAMN06829263	MATCHED					NOT_APPLICABLE	=	64	=	64	=	64	CORRECT
1190	34589061	CNS189	oxacillin	oxacillin	1282.6538	SAMN06829264	MATCHED					NOT_APPLICABLE	=	8	=	8	=	8	CORRECT
1191	34589061	CNS189	cefoxitin	cefoxitin	1282.6538	SAMN06829264	MATCHED					NOT_APPLICABLE	=	32	=	32	=	32	CORRECT
1192	34589061	CNS189	linezolid	linezolid	1282.6538	SAMN06829264	MATCHED					NOT_APPLICABLE	>	32	>	32	>	32	CORRECT
1193	34589061	CNS189	tedizolid	tedizolid	1282.6538	SAMN06829264	MATCHED					NOT_APPLICABLE	=	32	=	32	=	32	CORRECT
1194	34589061	CNS189	vancomycin	vancomycin	1282.6538	SAMN06829264	MATCHED					NOT_APPLICABLE	=	2	=	2	=	2	CORRECT
1195	34589061	CNS189	oritavancin	oritavancin	1282.6538	SAMN06829264	MATCHED					NOT_APPLICABLE	<	0.03	<	0.03	<	0.03	CORRECT
1196	34589061	CNS189	dalbavancin	dalbavancin	1282.6538	SAMN06829264	MATCHED					NOT_APPLICABLE	<	0.03	<	0.03	<	0.03	CORRECT
1197	34589061	CNS189	telavancin	telavancin	1282.6538	SAMN06829264	MATCHED					NOT_APPLICABLE	<	0.03	<	0.03	<	0.03	CORRECT
1198	34589061	CNS189	teicoplanin	teicoplanin	1282.6538	SAMN06829264	MATCHED					NOT_APPLICABLE	=	1.0	=	1	=	1	CORRECT
1199	34589061	CNS189	daptomycin	daptomycin	1282.6538	SAMN06829264	MATCHED					NOT_APPLICABLE	=	0.25	=	0.25	=	0.25	CORRECT
1200	34589061	CNS189	tigecycline	tigecycline	1282.6538	SAMN06829264	MATCHED					NOT_APPLICABLE	=	0.5	=	0.5	=	0.5	CORRECT
1201	34589061	CNS189	tetracycline	tetracycline	1282.6538	SAMN06829264	MATCHED					NOT_APPLICABLE	=	2	=	2	=	2	CORRECT
1202	34589061	CNS189	ceftaroline	ceftaroline	1282.6538	SAMN06829264	MATCHED					NOT_APPLICABLE	=	0.25	=	0.25	=	0.25	CORRECT
1203	34589061	CNS189	rifampin	rifampin	1282.6538	SAMN06829264	MATCHED					NOT_APPLICABLE	=	0.5	=	0.5	=	0.5	CORRECT
1204	34589061	CNS189	ciprofloxacin	ciprofloxacin	1282.6538	SAMN06829264	MATCHED					NOT_APPLICABLE	=	128	=	128	=	128	CORRECT
1205	34589061	CNS189	moxifloxacin	moxifloxacin	1282.6538	SAMN06829264	MATCHED					NOT_APPLICABLE	=	64.0	=	64	=	64	CORRECT
1206	34589061	CNS189	gentamicin	gentamicin	1282.6538	SAMN06829264	MATCHED					NOT_APPLICABLE	>	128	>	128	>	128	CORRECT
1207	34589061	CNS189	mupirocin	mupirocin	1282.6538	SAMN06829264	MATCHED					NOT_APPLICABLE	=	32	=	32	=	32	CORRECT
1208	34589061	CNS189	fusidic acid	fusidic acid	1282.6538	SAMN06829264	MATCHED					NOT_APPLICABLE	=	16.0	=	16	=	16	CORRECT
1209	34589061	CNS189	trimethoprim/sulfamethoxazole	trimethoprim/sulfamethoxazole	1282.6538	SAMN06829264	MATCHED					NOT_APPLICABLE	=	8.0	=	8	=	8	CORRECT
1210	34589061	CNS189	erythromycin	erythromycin	1282.6538	SAMN06829264	MATCHED					NOT_APPLICABLE	<	0.125	<	0.125	<	0.125	CORRECT
1211	34589061	CNS189	clindamycin	clindamycin	1282.6538	SAMN06829264	MATCHED					NOT_APPLICABLE	=	64	=	64	=	64	CORRECT
1212	34589061	CNS190	oxacillin	oxacillin	1282.6543	SAMN06829265	MATCHED					NOT_APPLICABLE	=	32	=	32	=	32	CORRECT
1213	34589061	CNS190	cefoxitin	cefoxitin	1282.6543	SAMN06829265	MATCHED					NOT_APPLICABLE	=	32	=	32	=	32	CORRECT
1214	34589061	CNS190	linezolid	linezolid	1282.6543	SAMN06829265	MATCHED					NOT_APPLICABLE	>	32	>	32	>	32	CORRECT
1215	34589061	CNS190	tedizolid	tedizolid	1282.6543	SAMN06829265	MATCHED					NOT_APPLICABLE	=	32	=	32	=	32	CORRECT
1216	34589061	CNS190	vancomycin	vancomycin	1282.6543	SAMN06829265	MATCHED					NOT_APPLICABLE	=	2	=	2	=	2	CORRECT
1217	34589061	CNS190	oritavancin	oritavancin	1282.6543	SAMN06829265	MATCHED					NOT_APPLICABLE	<	0.03	<	0.03	<	0.03	CORRECT
1218	34589061	CNS190	dalbavancin	dalbavancin	1282.6543	SAMN06829265	MATCHED					NOT_APPLICABLE	<	0.03	<	0.03	<	0.03	CORRECT
1219	34589061	CNS190	telavancin	telavancin	1282.6543	SAMN06829265	MATCHED					NOT_APPLICABLE	=	0.125	=	0.125	=	0.125	CORRECT
1220	34589061	CNS190	teicoplanin	teicoplanin	1282.6543	SAMN06829265	MATCHED					NOT_APPLICABLE	=	2.0	=	2	=	2	CORRECT
1221	34589061	CNS190	daptomycin	daptomycin	1282.6543	SAMN06829265	MATCHED					NOT_APPLICABLE	=	0.25	=	0.25	=	0.25	CORRECT
1222	34589061	CNS190	tigecycline	tigecycline	1282.6543	SAMN06829265	MATCHED					NOT_APPLICABLE	=	0.125	=	0.125	=	0.125	CORRECT
1223	34589061	CNS190	tetracycline	tetracycline	1282.6543	SAMN06829265	MATCHED					NOT_APPLICABLE	=	4	=	4	=	4	CORRECT
1224	34589061	CNS190	ceftaroline	ceftaroline	1282.6543	SAMN06829265	MATCHED					NOT_APPLICABLE	=	2.0	=	2	=	2	CORRECT
1225	34589061	CNS190	rifampin	rifampin	1282.6543	SAMN06829265	MATCHED					NOT_APPLICABLE	=	0.5	=	0.5	=	0.5	CORRECT
1226	34589061	CNS190	ciprofloxacin	ciprofloxacin	1282.6543	SAMN06829265	MATCHED					NOT_APPLICABLE	=	128	=	128	=	128	CORRECT
1227	34589061	CNS190	moxifloxacin	moxifloxacin	1282.6543	SAMN06829265	MATCHED					NOT_APPLICABLE	=	64.0	=	64	=	64	CORRECT
1228	34589061	CNS190	gentamicin	gentamicin	1282.6543	SAMN06829265	MATCHED					NOT_APPLICABLE	=	128	=	128	=	128	CORRECT
1229	34589061	CNS190	mupirocin	mupirocin	1282.6543	SAMN06829265	MATCHED					NOT_APPLICABLE	=	16	=	16	=	16	CORRECT
1230	34589061	CNS190	fusidic acid	fusidic acid	1282.6543	SAMN06829265	MATCHED					NOT_APPLICABLE	=	8.0	=	8	=	8	CORRECT
1231	34589061	CNS190	trimethoprim/sulfamethoxazole	trimethoprim/sulfamethoxazole	1282.6543	SAMN06829265	MATCHED					NOT_APPLICABLE	=	4.0	=	4	=	4	CORRECT
1232	34589061	CNS190	erythromycin	erythromycin	1282.6543	SAMN06829265	MATCHED					NOT_APPLICABLE	<	0.125	<	0.125	<	0.125	CORRECT
1233	34589061	CNS190	clindamycin	clindamycin	1282.6543	SAMN06829265	MATCHED					NOT_APPLICABLE	=	64	=	64	=	64	CORRECT
1234	34589061	CNS191	oxacillin	oxacillin	1282.6537	SAMN06829266	MATCHED					NOT_APPLICABLE	=	8	=	8	=	8	CORRECT
1235	34589061	CNS191	cefoxitin	cefoxitin	1282.6537	SAMN06829266	MATCHED					NOT_APPLICABLE	=	16	=	16	=	16	CORRECT
1236	34589061	CNS191	linezolid	linezolid	1282.6537	SAMN06829266	MATCHED					NOT_APPLICABLE	>	32	>	32	>	32	CORRECT
1237	34589061	CNS191	tedizolid	tedizolid	1282.6537	SAMN06829266	MATCHED					NOT_APPLICABLE	>	32	>	32	>	32	CORRECT
1238	34589061	CNS191	vancomycin	vancomycin	1282.6537	SAMN06829266	MATCHED					NOT_APPLICABLE	=	2	=	2	=	2	CORRECT
1239	34589061	CNS191	oritavancin	oritavancin	1282.6537	SAMN06829266	MATCHED					NOT_APPLICABLE	<	0.03	<	0.03	<	0.03	CORRECT
1240	34589061	CNS191	dalbavancin	dalbavancin	1282.6537	SAMN06829266	MATCHED					NOT_APPLICABLE	<	0.03	<	0.03	<	0.03	CORRECT
1241	34589061	CNS191	telavancin	telavancin	1282.6537	SAMN06829266	MATCHED					NOT_APPLICABLE	<	0.03	<	0.03	<	0.03	CORRECT
1242	34589061	CNS191	teicoplanin	teicoplanin	1282.6537	SAMN06829266	MATCHED					NOT_APPLICABLE	=	2.0	=	2	=	2	CORRECT
1243	34589061	CNS191	daptomycin	daptomycin	1282.6537	SAMN06829266	MATCHED					NOT_APPLICABLE	=	0.25	=	0.25	=	0.25	CORRECT
1244	34589061	CNS191	tigecycline	tigecycline	1282.6537	SAMN06829266	MATCHED					NOT_APPLICABLE	=	0.125	=	0.125	=	0.125	CORRECT
1245	34589061	CNS191	tetracycline	tetracycline	1282.6537	SAMN06829266	MATCHED					NOT_APPLICABLE	=	2	=	2	=	2	CORRECT
1246	34589061	CNS191	ceftaroline	ceftaroline	1282.6537	SAMN06829266	MATCHED					NOT_APPLICABLE	=	0.125	=	0.125	=	0.125	CORRECT
1247	34589061	CNS191	rifampin	rifampin	1282.6537	SAMN06829266	MATCHED					NOT_APPLICABLE	=	0.5	=	0.5	=	0.5	CORRECT
1248	34589061	CNS191	ciprofloxacin	ciprofloxacin	1282.6537	SAMN06829266	MATCHED					NOT_APPLICABLE	=	128	=	128	=	128	CORRECT
1249	34589061	CNS191	moxifloxacin	moxifloxacin	1282.6537	SAMN06829266	MATCHED					NOT_APPLICABLE	=	64.0	=	64	=	64	CORRECT
1250	34589061	CNS191	gentamicin	gentamicin	1282.6537	SAMN06829266	MATCHED					NOT_APPLICABLE	>	128	>	128	>	128	CORRECT
1251	34589061	CNS191	mupirocin	mupirocin	1282.6537	SAMN06829266	MATCHED					NOT_APPLICABLE	=	16	=	16	=	16	CORRECT
1252	34589061	CNS191	fusidic acid	fusidic acid	1282.6537	SAMN06829266	MATCHED					NOT_APPLICABLE	=	8.0	=	8	=	8	CORRECT
1253	34589061	CNS191	trimethoprim/sulfamethoxazole	trimethoprim/sulfamethoxazole	1282.6537	SAMN06829266	MATCHED					NOT_APPLICABLE	=	4.0	=	4	=	4	CORRECT
1254	34589061	CNS191	erythromycin	erythromycin	1282.6537	SAMN06829266	MATCHED					NOT_APPLICABLE	<	0.125	<	0.125	<	0.125	CORRECT
1255	34589061	CNS191	clindamycin	clindamycin	1282.6537	SAMN06829266	MATCHED					NOT_APPLICABLE	=	64	=	64	=	64	CORRECT
1256	34589061	CNS200	oxacillin	oxacillin	1283.1573	SAMN10717544	MATCHED					NOT_APPLICABLE	=	512	=	512	=	512	CORRECT
1257	34589061	CNS200	cefoxitin	cefoxitin	1283.1573	SAMN10717544	MATCHED					NOT_APPLICABLE	=	128	=	128	=	128	CORRECT
1258	34589061	CNS200	linezolid	linezolid	1283.1573	SAMN10717544	MATCHED					NOT_APPLICABLE	>	32	>	32	>	32	CORRECT
1259	34589061	CNS200	tedizolid	tedizolid	1283.1573	SAMN10717544	MATCHED					NOT_APPLICABLE	=	0.25	=	0.25	=	0.25	CORRECT
1260	34589061	CNS200	vancomycin	vancomycin	1283.1573	SAMN10717544	MATCHED					NOT_APPLICABLE	=	1	=	1	=	1	CORRECT
1261	34589061	CNS200	oritavancin	oritavancin	1283.1573	SAMN10717544	MATCHED					NOT_APPLICABLE	<	0.03	<	0.03	<	0.03	CORRECT
1262	34589061	CNS200	dalbavancin	dalbavancin	1283.1573	SAMN10717544	MATCHED					NOT_APPLICABLE	<	0.03	<	0.03	<	0.03	CORRECT
1263	34589061	CNS200	telavancin	telavancin	1283.1573	SAMN10717544	MATCHED					NOT_APPLICABLE	<	0.03	<	0.03	<	0.03	CORRECT
1264	34589061	CNS200	teicoplanin	teicoplanin	1283.1573	SAMN10717544	MATCHED					NOT_APPLICABLE	=	2.0	=	2	=	2	CORRECT
1265	34589061	CNS200	daptomycin	daptomycin	1283.1573	SAMN10717544	MATCHED					NOT_APPLICABLE	=	0.5	=	0.5	=	0.5	CORRECT
1266	34589061	CNS200	tigecycline	tigecycline	1283.1573	SAMN10717544	MATCHED					NOT_APPLICABLE	=	0.125	=	0.125	=	0.125	CORRECT
1267	34589061	CNS200	tetracycline	tetracycline	1283.1573	SAMN10717544	MATCHED					NOT_APPLICABLE	=	2	=	2	=	2	CORRECT
1268	34589061	CNS200	ceftaroline	ceftaroline	1283.1573	SAMN10717544	MATCHED					NOT_APPLICABLE	=	1.0	=	1	=	1	CORRECT
1269	34589061	CNS200	rifampin	rifampin	1283.1573	SAMN10717544	MATCHED					NOT_APPLICABLE	>	4	>	4	>	4	CORRECT
1270	34589061	CNS200	ciprofloxacin	ciprofloxacin	1283.1573	SAMN10717544	MATCHED					NOT_APPLICABLE	=	64	=	64	=	64	CORRECT
1271	34589061	CNS200	moxifloxacin	moxifloxacin	1283.1573	SAMN10717544	MATCHED					NOT_APPLICABLE	=	4.0	=	4	=	4	CORRECT
1272	34589061	CNS200	gentamicin	gentamicin	1283.1573	SAMN10717544	MATCHED					NOT_APPLICABLE	=	128	=	128	=	128	CORRECT
1273	34589061	CNS200	mupirocin	mupirocin	1283.1573	SAMN10717544	MATCHED					NOT_APPLICABLE	=	1	=	1	=	1	CORRECT
1274	34589061	CNS200	fusidic acid	fusidic acid	1283.1573	SAMN10717544	MATCHED					NOT_APPLICABLE	=	0.06	=	0.06	=	0.06	CORRECT
1275	34589061	CNS200	trimethoprim/sulfamethoxazole	trimethoprim/sulfamethoxazole	1283.1573	SAMN10717544	MATCHED					NOT_APPLICABLE	=	16.0	=	16	=	16	CORRECT
1276	34589061	CNS200	erythromycin	erythromycin	1283.1573	SAMN10717544	MATCHED					NOT_APPLICABLE	=	16	=	16	=	16	CORRECT
1277	34589061	CNS200	clindamycin	clindamycin	1283.1573	SAMN10717544	MATCHED					NOT_APPLICABLE	>	64	>	64	>	64	CORRECT
1278	34589061	CNS201	oxacillin	oxacillin	1290.603	SAMN10717545	MATCHED					NOT_APPLICABLE	=	512	=	512	=	512	CORRECT
1279	34589061	CNS201	cefoxitin	cefoxitin	1290.603	SAMN10717545	MATCHED					NOT_APPLICABLE	=	256	=	256	=	256	CORRECT
1280	34589061	CNS201	linezolid	linezolid	1290.603	SAMN10717545	MATCHED					NOT_APPLICABLE	>	32	>	32	>	32	CORRECT
1281	34589061	CNS201	tedizolid	tedizolid	1290.603	SAMN10717545	MATCHED					NOT_APPLICABLE	=	16	=	16	=	16	CORRECT
1282	34589061	CNS201	vancomycin	vancomycin	1290.603	SAMN10717545	MATCHED					NOT_APPLICABLE	=	2	=	2	=	2	CORRECT
1283	34589061	CNS201	oritavancin	oritavancin	1290.603	SAMN10717545	MATCHED					NOT_APPLICABLE	<	0.03	<	0.03	<	0.03	CORRECT
1284	34589061	CNS201	dalbavancin	dalbavancin	1290.603	SAMN10717545	MATCHED					NOT_APPLICABLE	=	0.125	=	0.125	=	0.125	CORRECT
1285	34589061	CNS201	telavancin	telavancin	1290.603	SAMN10717545	MATCHED					NOT_APPLICABLE	=	0.125	=	0.125	=	0.125	CORRECT
1286	34589061	CNS201	teicoplanin	teicoplanin	1290.603	SAMN10717545	MATCHED					NOT_APPLICABLE	=	4.0	=	4	=	4	CORRECT
1287	34589061	CNS201	daptomycin	daptomycin	1290.603	SAMN10717545	MATCHED					NOT_APPLICABLE	=	0.25	=	0.25	=	0.25	CORRECT
1288	34589061	CNS201	tigecycline	tigecycline	1290.603	SAMN10717545	MATCHED					NOT_APPLICABLE	=	0.5	=	0.5	=	0.5	CORRECT
1289	34589061	CNS201	tetracycline	tetracycline	1290.603	SAMN10717545	MATCHED					NOT_APPLICABLE	=	64	=	64	=	64	CORRECT
1290	34589061	CNS201	ceftaroline	ceftaroline	1290.603	SAMN10717545	MATCHED					NOT_APPLICABLE	=	1.0	=	1	=	1	CORRECT
1291	34589061	CNS201	rifampin	rifampin	1290.603	SAMN10717545	MATCHED					NOT_APPLICABLE	=	4	=	4	=	4	CORRECT
1292	34589061	CNS201	ciprofloxacin	ciprofloxacin	1290.603	SAMN10717545	MATCHED					NOT_APPLICABLE	=	8	=	8	=	8	CORRECT
1293	34589061	CNS201	moxifloxacin	moxifloxacin	1290.603	SAMN10717545	MATCHED					NOT_APPLICABLE	=	1.0	=	1	=	1	CORRECT
1294	34589061	CNS201	gentamicin	gentamicin	1290.603	SAMN10717545	MATCHED					NOT_APPLICABLE	=	32	=	32	=	32	CORRECT
1295	34589061	CNS201	mupirocin	mupirocin	1290.603	SAMN10717545	MATCHED					NOT_APPLICABLE	=	4	=	4	=	4	CORRECT
1296	34589061	CNS201	fusidic acid	fusidic acid	1290.603	SAMN10717545	MATCHED					NOT_APPLICABLE	=	0.25	=	0.25	=	0.25	CORRECT
1297	34589061	CNS201	trimethoprim/sulfamethoxazole	trimethoprim/sulfamethoxazole	1290.603	SAMN10717545	MATCHED					NOT_APPLICABLE	=	0.5	=	0.5	=	0.5	CORRECT
1298	34589061	CNS201	erythromycin	erythromycin	1290.603	SAMN10717545	MATCHED					NOT_APPLICABLE	>	128	>	128	>	128	CORRECT
1299	34589061	CNS201	clindamycin	clindamycin	1290.603	SAMN10717545	MATCHED					NOT_APPLICABLE	=	2	=	2	=	2	CORRECT
1300	34589061	CNS202	oxacillin	oxacillin	1282.6559	SAMN10717546	MATCHED					NOT_APPLICABLE	=	256	=	256	=	256	CORRECT
1301	34589061	CNS202	cefoxitin	cefoxitin	1282.6559	SAMN10717546	MATCHED					NOT_APPLICABLE	=	64	=	64	=	64	CORRECT
1302	34589061	CNS202	linezolid	linezolid	1282.6559	SAMN10717546	MATCHED					NOT_APPLICABLE	>	32	>	32	>	32	CORRECT
1303	34589061	CNS202	tedizolid	tedizolid	1282.6559	SAMN10717546	MATCHED					NOT_APPLICABLE	>	32	>	32	>	32	CORRECT
1304	34589061	CNS202	vancomycin	vancomycin	1282.6559	SAMN10717546	MATCHED					NOT_APPLICABLE	=	1	=	1	=	1	CORRECT
1305	34589061	CNS202	oritavancin	oritavancin	1282.6559	SAMN10717546	MATCHED					NOT_APPLICABLE	<	0.03	<	0.03	<	0.03	CORRECT
1306	34589061	CNS202	dalbavancin	dalbavancin	1282.6559	SAMN10717546	MATCHED					NOT_APPLICABLE	<	0.03	<	0.03	<	0.03	CORRECT
1307	34589061	CNS202	telavancin	telavancin	1282.6559	SAMN10717546	MATCHED					NOT_APPLICABLE	=	0.125	=	0.125	=	0.125	CORRECT
1308	34589061	CNS202	teicoplanin	teicoplanin	1282.6559	SAMN10717546	MATCHED					NOT_APPLICABLE	=	4.0	=	4	=	4	CORRECT
1309	34589061	CNS202	daptomycin	daptomycin	1282.6559	SAMN10717546	MATCHED					NOT_APPLICABLE	=	0.25	=	0.25	=	0.25	CORRECT
1310	34589061	CNS202	tigecycline	tigecycline	1282.6559	SAMN10717546	MATCHED					NOT_APPLICABLE	=	0.25	=	0.25	=	0.25	CORRECT
1311	34589061	CNS202	tetracycline	tetracycline	1282.6559	SAMN10717546	MATCHED					NOT_APPLICABLE	=	4	=	4	=	4	CORRECT
1312	34589061	CNS202	ceftaroline	ceftaroline	1282.6559	SAMN10717546	MATCHED					NOT_APPLICABLE	=	0.25	=	0.25	=	0.25	CORRECT
1313	34589061	CNS202	rifampin	rifampin	1282.6559	SAMN10717546	MATCHED					NOT_APPLICABLE	=	1	=	1	=	1	CORRECT
1314	34589061	CNS202	ciprofloxacin	ciprofloxacin	1282.6559	SAMN10717546	MATCHED					NOT_APPLICABLE	=	256	=	256	=	256	CORRECT
1315	34589061	CNS202	moxifloxacin	moxifloxacin	1282.6559	SAMN10717546	MATCHED					NOT_APPLICABLE	=	64.0	=	64	=	64	CORRECT
1316	34589061	CNS202	gentamicin	gentamicin	1282.6559	SAMN10717546	MATCHED					NOT_APPLICABLE	>	128	>	128	>	128	CORRECT
1317	34589061	CNS202	mupirocin	mupirocin	1282.6559	SAMN10717546	MATCHED					NOT_APPLICABLE	>	32	>	32	>	32	CORRECT
1318	34589061	CNS202	fusidic acid	fusidic acid	1282.6559	SAMN10717546	MATCHED					NOT_APPLICABLE	=	16.0	=	16	=	16	CORRECT
1319	34589061	CNS202	trimethoprim/sulfamethoxazole	trimethoprim/sulfamethoxazole	1282.6559	SAMN10717546	MATCHED					NOT_APPLICABLE	=	4.0	=	4	=	4	CORRECT
1320	34589061	CNS202	erythromycin	erythromycin	1282.6559	SAMN10717546	MATCHED					NOT_APPLICABLE	=	0.5	=	0.5	=	0.5	CORRECT
1321	34589061	CNS202	clindamycin	clindamycin	1282.6559	SAMN10717546	MATCHED					NOT_APPLICABLE	>	64	>	64	>	64	CORRECT
1322	34589061	CNS203	oxacillin	oxacillin	1282.6558	SAMN10717547	MATCHED					NOT_APPLICABLE	=	256	=	256	=	256	CORRECT
1323	34589061	CNS203	cefoxitin	cefoxitin	1282.6558	SAMN10717547	MATCHED					NOT_APPLICABLE	=	64	=	64	=	64	CORRECT
1324	34589061	CNS203	linezolid	linezolid	1282.6558	SAMN10717547	MATCHED					NOT_APPLICABLE	=	32	=	32	=	32	CORRECT
1325	34589061	CNS203	tedizolid	tedizolid	1282.6558	SAMN10717547	MATCHED					NOT_APPLICABLE	=	2	=	2	=	2	CORRECT
1326	34589061	CNS203	vancomycin	vancomycin	1282.6558	SAMN10717547	MATCHED					NOT_APPLICABLE	=	1	=	1	=	1	CORRECT
1327	34589061	CNS203	oritavancin	oritavancin	1282.6558	SAMN10717547	MATCHED					NOT_APPLICABLE	<	0.03	<	0.03	<	0.03	CORRECT
1328	34589061	CNS203	dalbavancin	dalbavancin	1282.6558	SAMN10717547	MATCHED					NOT_APPLICABLE	<	0.03	<	0.03	<	0.03	CORRECT
1329	34589061	CNS203	telavancin	telavancin	1282.6558	SAMN10717547	MATCHED					NOT_APPLICABLE	=	0.06	=	0.06	=	0.06	CORRECT
1330	34589061	CNS203	teicoplanin	teicoplanin	1282.6558	SAMN10717547	MATCHED					NOT_APPLICABLE	=	0.25	=	0.25	=	0.25	CORRECT
1331	34589061	CNS203	daptomycin	daptomycin	1282.6558	SAMN10717547	MATCHED					NOT_APPLICABLE	=	0.25	=	0.25	=	0.25	CORRECT
1332	34589061	CNS203	tigecycline	tigecycline	1282.6558	SAMN10717547	MATCHED					NOT_APPLICABLE	=	0.125	=	0.125	=	0.125	CORRECT
1333	34589061	CNS203	tetracycline	tetracycline	1282.6558	SAMN10717547	MATCHED					NOT_APPLICABLE	=	1	=	1	=	1	CORRECT
1334	34589061	CNS203	ceftaroline	ceftaroline	1282.6558	SAMN10717547	MATCHED					NOT_APPLICABLE	=	0.25	=	0.25	=	0.25	CORRECT
1335	34589061	CNS203	rifampin	rifampin	1282.6558	SAMN10717547	MATCHED					NOT_APPLICABLE	>	4	>	4	>	4	CORRECT
1336	34589061	CNS203	ciprofloxacin	ciprofloxacin	1282.6558	SAMN10717547	MATCHED					NOT_APPLICABLE	=	32	=	32	=	32	CORRECT
1337	34589061	CNS203	moxifloxacin	moxifloxacin	1282.6558	SAMN10717547	MATCHED					NOT_APPLICABLE	=	1.0	=	1	=	1	CORRECT
1338	34589061	CNS203	gentamicin	gentamicin	1282.6558	SAMN10717547	MATCHED					NOT_APPLICABLE	>	128	>	128	>	128	CORRECT
1339	34589061	CNS203	mupirocin	mupirocin	1282.6558	SAMN10717547	MATCHED					NOT_APPLICABLE	=	0.5	=	0.5	=	0.5	CORRECT
1340	34589061	CNS203	fusidic acid	fusidic acid	1282.6558	SAMN10717547	MATCHED					NOT_APPLICABLE	=	16.0	=	16	=	16	CORRECT
1341	34589061	CNS203	trimethoprim/sulfamethoxazole	trimethoprim/sulfamethoxazole	1282.6558	SAMN10717547	MATCHED					NOT_APPLICABLE	=	16.0	=	16	=	16	CORRECT
1342	34589061	CNS203	erythromycin	erythromycin	1282.6558	SAMN10717547	MATCHED					NOT_APPLICABLE	<	0.125	<	0.125	<	0.125	CORRECT
1343	34589061	CNS203	clindamycin	clindamycin	1282.6558	SAMN10717547	MATCHED					NOT_APPLICABLE	=	0.5	=	0.5	=	0.5	CORRECT
1344	34589061	CNS204	oxacillin	oxacillin	1282.6546	SAMN10717548	MATCHED					NOT_APPLICABLE	=	256	=	256	=	256	CORRECT
1345	34589061	CNS204	cefoxitin	cefoxitin	1282.6546	SAMN10717548	MATCHED					NOT_APPLICABLE	=	128	=	128	=	128	CORRECT
1346	34589061	CNS204	linezolid	linezolid	1282.6546	SAMN10717548	MATCHED					NOT_APPLICABLE	=	32	=	32	=	32	CORRECT
1347	34589061	CNS204	tedizolid	tedizolid	1282.6546	SAMN10717548	MATCHED					NOT_APPLICABLE	=	2	=	2	=	2	CORRECT
1348	34589061	CNS204	vancomycin	vancomycin	1282.6546	SAMN10717548	MATCHED					NOT_APPLICABLE	=	1	=	1	=	1	CORRECT
1349	34589061	CNS204	oritavancin	oritavancin	1282.6546	SAMN10717548	MATCHED					NOT_APPLICABLE	<	0.03	<	0.03	<	0.03	CORRECT
1350	34589061	CNS204	dalbavancin	dalbavancin	1282.6546	SAMN10717548	MATCHED					NOT_APPLICABLE	<	0.03	<	0.03	<	0.03	CORRECT
1351	34589061	CNS204	telavancin	telavancin	1282.6546	SAMN10717548	MATCHED					NOT_APPLICABLE	<	0.03	<	0.03	<	0.03	CORRECT
1352	34589061	CNS204	teicoplanin	teicoplanin	1282.6546	SAMN10717548	MATCHED					NOT_APPLICABLE	=	1.0	=	1	=	1	CORRECT
1353	34589061	CNS204	daptomycin	daptomycin	1282.6546	SAMN10717548	MATCHED					NOT_APPLICABLE	=	0.5	=	0.5	=	0.5	CORRECT
1354	34589061	CNS204	tigecycline	tigecycline	1282.6546	SAMN10717548	MATCHED					NOT_APPLICABLE	=	0.125	=	0.125	=	0.125	CORRECT
1355	34589061	CNS204	tetracycline	tetracycline	1282.6546	SAMN10717548	MATCHED					NOT_APPLICABLE	=	0.25	=	0.25	=	0.25	CORRECT
1356	34589061	CNS204	ceftaroline	ceftaroline	1282.6546	SAMN10717548	MATCHED					NOT_APPLICABLE	=	0.25	=	0.25	=	0.25	CORRECT
1357	34589061	CNS204	rifampin	rifampin	1282.6546	SAMN10717548	MATCHED					NOT_APPLICABLE	>	4	>	4	>	4	CORRECT
1358	34589061	CNS204	ciprofloxacin	ciprofloxacin	1282.6546	SAMN10717548	MATCHED					NOT_APPLICABLE	=	64	=	64	=	64	CORRECT
1359	34589061	CNS204	moxifloxacin	moxifloxacin	1282.6546	SAMN10717548	MATCHED					NOT_APPLICABLE	=	1.0	=	1	=	1	CORRECT
1360	34589061	CNS204	gentamicin	gentamicin	1282.6546	SAMN10717548	MATCHED					NOT_APPLICABLE	>	128	>	128	>	128	CORRECT
1361	34589061	CNS204	mupirocin	mupirocin	1282.6546	SAMN10717548	MATCHED					NOT_APPLICABLE	=	0.5	=	0.5	=	0.5	CORRECT
1362	34589061	CNS204	fusidic acid	fusidic acid	1282.6546	SAMN10717548	MATCHED					NOT_APPLICABLE	=	16.0	=	16	=	16	CORRECT
1363	34589061	CNS204	trimethoprim/sulfamethoxazole	trimethoprim/sulfamethoxazole	1282.6546	SAMN10717548	MATCHED					NOT_APPLICABLE	=	16.0	=	16	=	16	CORRECT
1364	34589061	CNS204	erythromycin	erythromycin	1282.6546	SAMN10717548	MATCHED					NOT_APPLICABLE	<	0.125	<	0.125	<	0.125	CORRECT
1365	34589061	CNS204	clindamycin	clindamycin	1282.6546	SAMN10717548	MATCHED					NOT_APPLICABLE	=	0.5	=	0.5	=	0.5	CORRECT
1366	34589061	CNS205	oxacillin	oxacillin	1282.6541	SAMN10717549	MATCHED					NOT_APPLICABLE	=	64	=	64	=	64	CORRECT
1367	34589061	CNS205	cefoxitin	cefoxitin	1282.6541	SAMN10717549	MATCHED					NOT_APPLICABLE	=	32	=	32	=	32	CORRECT
1368	34589061	CNS205	linezolid	linezolid	1282.6541	SAMN10717549	MATCHED					NOT_APPLICABLE	>	32	>	32	>	32	CORRECT
1369	34589061	CNS205	tedizolid	tedizolid	1282.6541	SAMN10717549	MATCHED					NOT_APPLICABLE	>	32	>	32	>	32	CORRECT
1370	34589061	CNS205	vancomycin	vancomycin	1282.6541	SAMN10717549	MATCHED					NOT_APPLICABLE	=	1	=	1	=	1	CORRECT
1371	34589061	CNS205	oritavancin	oritavancin	1282.6541	SAMN10717549	MATCHED					NOT_APPLICABLE	<	0.03	<	0.03	<	0.03	CORRECT
1372	34589061	CNS205	dalbavancin	dalbavancin	1282.6541	SAMN10717549	MATCHED					NOT_APPLICABLE	<	0.03	<	0.03	<	0.03	CORRECT
1373	34589061	CNS205	telavancin	telavancin	1282.6541	SAMN10717549	MATCHED					NOT_APPLICABLE	=	0.06	=	0.06	=	0.06	CORRECT
1374	34589061	CNS205	teicoplanin	teicoplanin	1282.6541	SAMN10717549	MATCHED					NOT_APPLICABLE	=	4.0	=	4	=	4	CORRECT
1375	34589061	CNS205	daptomycin	daptomycin	1282.6541	SAMN10717549	MATCHED					NOT_APPLICABLE	=	0.25	=	0.25	=	0.25	CORRECT
1376	34589061	CNS205	tigecycline	tigecycline	1282.6541	SAMN10717549	MATCHED					NOT_APPLICABLE	=	0.125	=	0.125	=	0.125	CORRECT
1377	34589061	CNS205	tetracycline	tetracycline	1282.6541	SAMN10717549	MATCHED					NOT_APPLICABLE	=	2	=	2	=	2	CORRECT
1378	34589061	CNS205	ceftaroline	ceftaroline	1282.6541	SAMN10717549	MATCHED					NOT_APPLICABLE	=	0.25	=	0.25	=	0.25	CORRECT
1379	34589061	CNS205	rifampin	rifampin	1282.6541	SAMN10717549	MATCHED					NOT_APPLICABLE	<	0.004	<	0.004	<	0.004	CORRECT
1380	34589061	CNS205	ciprofloxacin	ciprofloxacin	1282.6541	SAMN10717549	MATCHED					NOT_APPLICABLE	=	64	=	64	=	64	CORRECT
1381	34589061	CNS205	moxifloxacin	moxifloxacin	1282.6541	SAMN10717549	MATCHED					NOT_APPLICABLE	=	64.0	=	64	=	64	CORRECT
1382	34589061	CNS205	gentamicin	gentamicin	1282.6541	SAMN10717549	MATCHED					NOT_APPLICABLE	>	128	>	128	>	128	CORRECT
1383	34589061	CNS205	mupirocin	mupirocin	1282.6541	SAMN10717549	MATCHED					NOT_APPLICABLE	>	32	>	32	>	32	CORRECT
1384	34589061	CNS205	fusidic acid	fusidic acid	1282.6541	SAMN10717549	MATCHED					NOT_APPLICABLE	=	8.0	=	8	=	8	CORRECT
1385	34589061	CNS205	trimethoprim/sulfamethoxazole	trimethoprim/sulfamethoxazole	1282.6541	SAMN10717549	MATCHED					NOT_APPLICABLE	=	4.0	=	4	=	4	CORRECT
1386	34589061	CNS205	erythromycin	erythromycin	1282.6541	SAMN10717549	MATCHED					NOT_APPLICABLE	<	0.125	<	0.125	<	0.125	CORRECT
1387	34589061	CNS205	clindamycin	clindamycin	1282.6541	SAMN10717549	MATCHED					NOT_APPLICABLE	>	64	>	64	>	64	CORRECT
1388	34589061	CNS206	oxacillin	oxacillin	1282.6536	SAMN10717550	MATCHED					NOT_APPLICABLE	=	128	=	128	=	128	CORRECT
1389	34589061	CNS206	cefoxitin	cefoxitin	1282.6536	SAMN10717550	MATCHED					NOT_APPLICABLE	=	64	=	64	=	64	CORRECT
1390	34589061	CNS206	linezolid	linezolid	1282.6536	SAMN10717550	MATCHED					NOT_APPLICABLE	=	32	=	32	=	32	CORRECT
1391	34589061	CNS206	tedizolid	tedizolid	1282.6536	SAMN10717550	MATCHED					NOT_APPLICABLE	=	2	=	2	=	2	CORRECT
1392	34589061	CNS206	vancomycin	vancomycin	1282.6536	SAMN10717550	MATCHED					NOT_APPLICABLE	=	1	=	1	=	1	CORRECT
1393	34589061	CNS206	oritavancin	oritavancin	1282.6536	SAMN10717550	MATCHED					NOT_APPLICABLE	<	0.03	<	0.03	<	0.03	CORRECT
1394	34589061	CNS206	dalbavancin	dalbavancin	1282.6536	SAMN10717550	MATCHED					NOT_APPLICABLE	<	0.03	<	0.03	<	0.03	CORRECT
1395	34589061	CNS206	telavancin	telavancin	1282.6536	SAMN10717550	MATCHED					NOT_APPLICABLE	<	0.03	<	0.03	<	0.03	CORRECT
1396	34589061	CNS206	teicoplanin	teicoplanin	1282.6536	SAMN10717550	MATCHED					NOT_APPLICABLE	=	1.0	=	1	=	1	CORRECT
1397	34589061	CNS206	daptomycin	daptomycin	1282.6536	SAMN10717550	MATCHED					NOT_APPLICABLE	=	0.5	=	0.5	=	0.5	CORRECT
1398	34589061	CNS206	tigecycline	tigecycline	1282.6536	SAMN10717550	MATCHED					NOT_APPLICABLE	=	0.125	=	0.125	=	0.125	CORRECT
1399	34589061	CNS206	tetracycline	tetracycline	1282.6536	SAMN10717550	MATCHED					NOT_APPLICABLE	=	1	=	1	=	1	CORRECT
1400	34589061	CNS206	ceftaroline	ceftaroline	1282.6536	SAMN10717550	MATCHED					NOT_APPLICABLE	=	0.25	=	0.25	=	0.25	CORRECT
1401	34589061	CNS206	rifampin	rifampin	1282.6536	SAMN10717550	MATCHED					NOT_APPLICABLE	>	4	>	4	>	4	CORRECT
1402	34589061	CNS206	ciprofloxacin	ciprofloxacin	1282.6536	SAMN10717550	MATCHED					NOT_APPLICABLE	=	64	=	64	=	64	CORRECT
1403	34589061	CNS206	moxifloxacin	moxifloxacin	1282.6536	SAMN10717550	MATCHED					NOT_APPLICABLE	=	1.0	=	1	=	1	CORRECT
1404	34589061	CNS206	gentamicin	gentamicin	1282.6536	SAMN10717550	MATCHED					NOT_APPLICABLE	>	128	>	128	>	128	CORRECT
1405	34589061	CNS206	mupirocin	mupirocin	1282.6536	SAMN10717550	MATCHED					NOT_APPLICABLE	=	1	=	1	=	1	CORRECT
1406	34589061	CNS206	fusidic acid	fusidic acid	1282.6536	SAMN10717550	MATCHED					NOT_APPLICABLE	=	16.0	=	16	=	16	CORRECT
1407	34589061	CNS206	trimethoprim/sulfamethoxazole	trimethoprim/sulfamethoxazole	1282.6536	SAMN10717550	MATCHED					NOT_APPLICABLE	=	16.0	=	16	=	16	CORRECT
1408	34589061	CNS206	erythromycin	erythromycin	1282.6536	SAMN10717550	MATCHED					NOT_APPLICABLE	<	0.125	<	0.125	<	0.125	CORRECT
1409	34589061	CNS206	clindamycin	clindamycin	1282.6536	SAMN10717550	MATCHED					NOT_APPLICABLE	=	0.5	=	0.5	=	0.5	CORRECT
1410	34589061	CNS207	oxacillin	oxacillin	1282.6539	SAMN10717551	MATCHED					NOT_APPLICABLE	=	128	=	128	=	128	CORRECT
1411	34589061	CNS207	cefoxitin	cefoxitin	1282.6539	SAMN10717551	MATCHED					NOT_APPLICABLE	=	64	=	64	=	64	CORRECT
1412	34589061	CNS207	linezolid	linezolid	1282.6539	SAMN10717551	MATCHED					NOT_APPLICABLE	>	32	>	32	>	32	CORRECT
1413	34589061	CNS207	tedizolid	tedizolid	1282.6539	SAMN10717551	MATCHED					NOT_APPLICABLE	>	32	>	32	>	32	CORRECT
1414	34589061	CNS207	vancomycin	vancomycin	1282.6539	SAMN10717551	MATCHED					NOT_APPLICABLE	=	1	=	1	=	1	CORRECT
1415	34589061	CNS207	oritavancin	oritavancin	1282.6539	SAMN10717551	MATCHED					NOT_APPLICABLE	<	0.03	<	0.03	<	0.03	CORRECT
1416	34589061	CNS207	dalbavancin	dalbavancin	1282.6539	SAMN10717551	MATCHED					NOT_APPLICABLE	<	0.03	<	0.03	<	0.03	CORRECT
1417	34589061	CNS207	telavancin	telavancin	1282.6539	SAMN10717551	MATCHED					NOT_APPLICABLE	=	0.06	=	0.06	=	0.06	CORRECT
1418	34589061	CNS207	teicoplanin	teicoplanin	1282.6539	SAMN10717551	MATCHED					NOT_APPLICABLE	=	4.0	=	4	=	4	CORRECT
1419	34589061	CNS207	daptomycin	daptomycin	1282.6539	SAMN10717551	MATCHED					NOT_APPLICABLE	=	0.25	=	0.25	=	0.25	CORRECT
1420	34589061	CNS207	tigecycline	tigecycline	1282.6539	SAMN10717551	MATCHED					NOT_APPLICABLE	=	0.125	=	0.125	=	0.125	CORRECT
1421	34589061	CNS207	tetracycline	tetracycline	1282.6539	SAMN10717551	MATCHED					NOT_APPLICABLE	=	2	=	2	=	2	CORRECT
1422	34589061	CNS207	ceftaroline	ceftaroline	1282.6539	SAMN10717551	MATCHED					NOT_APPLICABLE	=	0.25	=	0.25	=	0.25	CORRECT
1423	34589061	CNS207	rifampin	rifampin	1282.6539	SAMN10717551	MATCHED					NOT_APPLICABLE	<	0.004	<	0.004	<	0.004	CORRECT
1424	34589061	CNS207	ciprofloxacin	ciprofloxacin	1282.6539	SAMN10717551	MATCHED					NOT_APPLICABLE	=	64	=	64	=	64	CORRECT
1425	34589061	CNS207	moxifloxacin	moxifloxacin	1282.6539	SAMN10717551	MATCHED					NOT_APPLICABLE	=	64.0	=	64	=	64	CORRECT
1426	34589061	CNS207	gentamicin	gentamicin	1282.6539	SAMN10717551	MATCHED					NOT_APPLICABLE	>	128	>	128	>	128	CORRECT
1427	34589061	CNS207	mupirocin	mupirocin	1282.6539	SAMN10717551	MATCHED					NOT_APPLICABLE	>	32	>	32	>	32	CORRECT
1428	34589061	CNS207	fusidic acid	fusidic acid	1282.6539	SAMN10717551	MATCHED					NOT_APPLICABLE	=	16.0	=	16	=	16	CORRECT
1429	34589061	CNS207	trimethoprim/sulfamethoxazole	trimethoprim/sulfamethoxazole	1282.6539	SAMN10717551	MATCHED					NOT_APPLICABLE	=	4.0	=	4	=	4	CORRECT
1430	34589061	CNS207	erythromycin	erythromycin	1282.6539	SAMN10717551	MATCHED					NOT_APPLICABLE	<	0.125	<	0.125	<	0.125	CORRECT
1431	34589061	CNS207	clindamycin	clindamycin	1282.6539	SAMN10717551	MATCHED					NOT_APPLICABLE	>	64	>	64	>	64	CORRECT
1432	34589061	CNS208	oxacillin	oxacillin	1282.6540	SAMN10717552	MATCHED					NOT_APPLICABLE	=	64	=	64	=	64	CORRECT
1433	34589061	CNS208	cefoxitin	cefoxitin	1282.6540	SAMN10717552	MATCHED					NOT_APPLICABLE	=	64	=	64	=	64	CORRECT
1434	34589061	CNS208	linezolid	linezolid	1282.6540	SAMN10717552	MATCHED					NOT_APPLICABLE	>	32	>	32	>	32	CORRECT
1435	34589061	CNS208	tedizolid	tedizolid	1282.6540	SAMN10717552	MATCHED					NOT_APPLICABLE	>	32	>	32	>	32	CORRECT
1436	34589061	CNS208	vancomycin	vancomycin	1282.6540	SAMN10717552	MATCHED					NOT_APPLICABLE	=	1	=	1	=	1	CORRECT
1437	34589061	CNS208	oritavancin	oritavancin	1282.6540	SAMN10717552	MATCHED					NOT_APPLICABLE	<	0.03	<	0.03	<	0.03	CORRECT
1438	34589061	CNS208	dalbavancin	dalbavancin	1282.6540	SAMN10717552	MATCHED					NOT_APPLICABLE	<	0.03	<	0.03	<	0.03	CORRECT
1439	34589061	CNS208	telavancin	telavancin	1282.6540	SAMN10717552	MATCHED					NOT_APPLICABLE	=	0.06	=	0.06	=	0.06	CORRECT
1440	34589061	CNS208	teicoplanin	teicoplanin	1282.6540	SAMN10717552	MATCHED					NOT_APPLICABLE	=	4.0	=	4	=	4	CORRECT
1441	34589061	CNS208	daptomycin	daptomycin	1282.6540	SAMN10717552	MATCHED					NOT_APPLICABLE	=	0.5	=	0.5	=	0.5	CORRECT
1442	34589061	CNS208	tigecycline	tigecycline	1282.6540	SAMN10717552	MATCHED					NOT_APPLICABLE	=	0.125	=	0.125	=	0.125	CORRECT
1443	34589061	CNS208	tetracycline	tetracycline	1282.6540	SAMN10717552	MATCHED					NOT_APPLICABLE	=	2	=	2	=	2	CORRECT
1444	34589061	CNS208	ceftaroline	ceftaroline	1282.6540	SAMN10717552	MATCHED					NOT_APPLICABLE	=	0.25	=	0.25	=	0.25	CORRECT
1445	34589061	CNS208	rifampin	rifampin	1282.6540	SAMN10717552	MATCHED					NOT_APPLICABLE	<	0.004	<	0.004	<	0.004	CORRECT
1446	34589061	CNS208	ciprofloxacin	ciprofloxacin	1282.6540	SAMN10717552	MATCHED					NOT_APPLICABLE	=	64	=	64	=	64	CORRECT
1447	34589061	CNS208	moxifloxacin	moxifloxacin	1282.6540	SAMN10717552	MATCHED					NOT_APPLICABLE	=	64.0	=	64	=	64	CORRECT
1448	34589061	CNS208	gentamicin	gentamicin	1282.6540	SAMN10717552	MATCHED					NOT_APPLICABLE	>	128	>	128	>	128	CORRECT
1449	34589061	CNS208	mupirocin	mupirocin	1282.6540	SAMN10717552	MATCHED					NOT_APPLICABLE	>	32	>	32	>	32	CORRECT
1450	34589061	CNS208	fusidic acid	fusidic acid	1282.6540	SAMN10717552	MATCHED					NOT_APPLICABLE	=	16.0	=	16	=	16	CORRECT
1451	34589061	CNS208	trimethoprim/sulfamethoxazole	trimethoprim/sulfamethoxazole	1282.6540	SAMN10717552	MATCHED					NOT_APPLICABLE	=	2.0	=	2	=	2	CORRECT
1452	34589061	CNS208	erythromycin	erythromycin	1282.6540	SAMN10717552	MATCHED					NOT_APPLICABLE	<	0.125	<	0.125	<	0.125	CORRECT
1453	34589061	CNS208	clindamycin	clindamycin	1282.6540	SAMN10717552	MATCHED					NOT_APPLICABLE	>	64	>	64	>	64	CORRECT
1454	34589061	CNS209	oxacillin	oxacillin	1282.6545	SAMN10717553	MATCHED					NOT_APPLICABLE	=	32	=	32	=	32	CORRECT
1455	34589061	CNS209	cefoxitin	cefoxitin	1282.6545	SAMN10717553	MATCHED					NOT_APPLICABLE	=	32	=	32	=	32	CORRECT
1456	34589061	CNS209	linezolid	linezolid	1282.6545	SAMN10717553	MATCHED					NOT_APPLICABLE	=	32	=	32	=	32	CORRECT
1457	34589061	CNS209	tedizolid	tedizolid	1282.6545	SAMN10717553	MATCHED					NOT_APPLICABLE	=	32	=	32	=	32	CORRECT
1458	34589061	CNS209	vancomycin	vancomycin	1282.6545	SAMN10717553	MATCHED					NOT_APPLICABLE	=	2	=	2	=	2	CORRECT
1459	34589061	CNS209	oritavancin	oritavancin	1282.6545	SAMN10717553	MATCHED					NOT_APPLICABLE	<	0.03	<	0.03	<	0.03	CORRECT
1460	34589061	CNS209	dalbavancin	dalbavancin	1282.6545	SAMN10717553	MATCHED					NOT_APPLICABLE	<	0.03	<	0.03	<	0.03	CORRECT
1461	34589061	CNS209	telavancin	telavancin	1282.6545	SAMN10717553	MATCHED					NOT_APPLICABLE	=	0.06	=	0.06	=	0.06	CORRECT
1462	34589061	CNS209	teicoplanin	teicoplanin	1282.6545	SAMN10717553	MATCHED					NOT_APPLICABLE	=	1.0	=	1	=	1	CORRECT
1463	34589061	CNS209	daptomycin	daptomycin	1282.6545	SAMN10717553	MATCHED					NOT_APPLICABLE	=	0.25	=	0.25	=	0.25	CORRECT
1464	34589061	CNS209	tigecycline	tigecycline	1282.6545	SAMN10717553	MATCHED					NOT_APPLICABLE	=	0.125	=	0.125	=	0.125	CORRECT
1465	34589061	CNS209	tetracycline	tetracycline	1282.6545	SAMN10717553	MATCHED					NOT_APPLICABLE	=	2	=	2	=	2	CORRECT
1466	34589061	CNS209	ceftaroline	ceftaroline	1282.6545	SAMN10717553	MATCHED					NOT_APPLICABLE	=	0.25	=	0.25	=	0.25	CORRECT
1467	34589061	CNS209	rifampin	rifampin	1282.6545	SAMN10717553	MATCHED					NOT_APPLICABLE	=	0.5	=	0.5	=	0.5	CORRECT
1468	34589061	CNS209	ciprofloxacin	ciprofloxacin	1282.6545	SAMN10717553	MATCHED					NOT_APPLICABLE	=	128	=	128	=	128	CORRECT
1469	34589061	CNS209	moxifloxacin	moxifloxacin	1282.6545	SAMN10717553	MATCHED					NOT_APPLICABLE	=	64.0	=	64	=	64	CORRECT
1470	34589061	CNS209	gentamicin	gentamicin	1282.6545	SAMN10717553	MATCHED					NOT_APPLICABLE	>	128	>	128	>	128	CORRECT
1471	34589061	CNS209	mupirocin	mupirocin	1282.6545	SAMN10717553	MATCHED					NOT_APPLICABLE	>	32	>	32	>	32	CORRECT
1472	34589061	CNS209	fusidic acid	fusidic acid	1282.6545	SAMN10717553	MATCHED					NOT_APPLICABLE	=	16.0	=	16	=	16	CORRECT
1473	34589061	CNS209	trimethoprim/sulfamethoxazole	trimethoprim/sulfamethoxazole	1282.6545	SAMN10717553	MATCHED					NOT_APPLICABLE	=	8.0	=	8	=	8	CORRECT
1474	34589061	CNS209	erythromycin	erythromycin	1282.6545	SAMN10717553	MATCHED					NOT_APPLICABLE	=	0.25	=	0.25	=	0.25	CORRECT
1475	34589061	CNS209	clindamycin	clindamycin	1282.6545	SAMN10717553	MATCHED					NOT_APPLICABLE	=	64	=	64	=	64	CORRECT
1476	34589061	CNS210	oxacillin	oxacillin	1282.6544	SAMN10717554	MATCHED					NOT_APPLICABLE	=	32	=	32	=	32	CORRECT
1477	34589061	CNS210	cefoxitin	cefoxitin	1282.6544	SAMN10717554	MATCHED					NOT_APPLICABLE	=	32	=	32	=	32	CORRECT
1478	34589061	CNS210	linezolid	linezolid	1282.6544	SAMN10717554	MATCHED					NOT_APPLICABLE	=	32	=	32	=	32	CORRECT
1479	34589061	CNS210	tedizolid	tedizolid	1282.6544	SAMN10717554	MATCHED					NOT_APPLICABLE	=	32	=	32	=	32	CORRECT
1480	34589061	CNS210	vancomycin	vancomycin	1282.6544	SAMN10717554	MATCHED					NOT_APPLICABLE	=	1	=	1	=	1	CORRECT
1481	34589061	CNS210	oritavancin	oritavancin	1282.6544	SAMN10717554	MATCHED					NOT_APPLICABLE	<	0.03	<	0.03	<	0.03	CORRECT
1482	34589061	CNS210	dalbavancin	dalbavancin	1282.6544	SAMN10717554	MATCHED					NOT_APPLICABLE	<	0.03	<	0.03	<	0.03	CORRECT
1483	34589061	CNS210	telavancin	telavancin	1282.6544	SAMN10717554	MATCHED					NOT_APPLICABLE	=	0.06	=	0.06	=	0.06	CORRECT
1484	34589061	CNS210	teicoplanin	teicoplanin	1282.6544	SAMN10717554	MATCHED					NOT_APPLICABLE	=	0.5	=	0.5	=	0.5	CORRECT
1485	34589061	CNS210	daptomycin	daptomycin	1282.6544	SAMN10717554	MATCHED					NOT_APPLICABLE	=	0.25	=	0.25	=	0.25	CORRECT
1486	34589061	CNS210	tigecycline	tigecycline	1282.6544	SAMN10717554	MATCHED					NOT_APPLICABLE	=	0.125	=	0.125	=	0.125	CORRECT
1487	34589061	CNS210	tetracycline	tetracycline	1282.6544	SAMN10717554	MATCHED					NOT_APPLICABLE	=	2	=	2	=	2	CORRECT
1488	34589061	CNS210	ceftaroline	ceftaroline	1282.6544	SAMN10717554	MATCHED					NOT_APPLICABLE	=	0.25	=	0.25	=	0.25	CORRECT
1489	34589061	CNS210	rifampin	rifampin	1282.6544	SAMN10717554	MATCHED					NOT_APPLICABLE	=	0.5	=	0.5	=	0.5	CORRECT
1490	34589061	CNS210	ciprofloxacin	ciprofloxacin	1282.6544	SAMN10717554	MATCHED					NOT_APPLICABLE	=	256	=	256	=	256	CORRECT
1491	34589061	CNS210	moxifloxacin	moxifloxacin	1282.6544	SAMN10717554	MATCHED					NOT_APPLICABLE	=	64.0	=	64	=	64	CORRECT
1492	34589061	CNS210	gentamicin	gentamicin	1282.6544	SAMN10717554	MATCHED					NOT_APPLICABLE	>	128	>	128	>	128	CORRECT
1493	34589061	CNS210	mupirocin	mupirocin	1282.6544	SAMN10717554	MATCHED					NOT_APPLICABLE	>	32	>	32	>	32	CORRECT
1494	34589061	CNS210	fusidic acid	fusidic acid	1282.6544	SAMN10717554	MATCHED					NOT_APPLICABLE	=	8.0	=	8	=	8	CORRECT
1495	34589061	CNS210	trimethoprim/sulfamethoxazole	trimethoprim/sulfamethoxazole	1282.6544	SAMN10717554	MATCHED					NOT_APPLICABLE	=	16.0	=	16	=	16	CORRECT
1496	34589061	CNS210	erythromycin	erythromycin	1282.6544	SAMN10717554	MATCHED					NOT_APPLICABLE	=	0.25	=	0.25	=	0.25	CORRECT
1497	34589061	CNS210	clindamycin	clindamycin	1282.6544	SAMN10717554	MATCHED					NOT_APPLICABLE	=	64	=	64	=	64	CORRECT
1498	34589061	CNS211	oxacillin	oxacillin	1290.601	SAMN10717555	MATCHED					NOT_APPLICABLE	=	512	=	512	=	512	CORRECT
1499	34589061	CNS211	cefoxitin	cefoxitin	1290.601	SAMN10717555	MATCHED					NOT_APPLICABLE	=	512	=	512	=	512	CORRECT
1500	34589061	CNS211	linezolid	linezolid	1290.601	SAMN10717555	MATCHED					NOT_APPLICABLE	=	32	=	32	=	32	CORRECT
1501	34589061	CNS211	tedizolid	tedizolid	1290.601	SAMN10717555	MATCHED					NOT_APPLICABLE	=	8	=	8	=	8	CORRECT
1502	34589061	CNS211	vancomycin	vancomycin	1290.601	SAMN10717555	MATCHED					NOT_APPLICABLE	=	2	=	2	=	2	CORRECT
1503	34589061	CNS211	oritavancin	oritavancin	1290.601	SAMN10717555	MATCHED					NOT_APPLICABLE	<	0.03	<	0.03	<	0.03	CORRECT
1504	34589061	CNS211	dalbavancin	dalbavancin	1290.601	SAMN10717555	MATCHED					NOT_APPLICABLE	=	0.06	=	0.06	=	0.06	CORRECT
1505	34589061	CNS211	telavancin	telavancin	1290.601	SAMN10717555	MATCHED					NOT_APPLICABLE	=	0.125	=	0.125	=	0.125	CORRECT
1506	34589061	CNS211	teicoplanin	teicoplanin	1290.601	SAMN10717555	MATCHED					NOT_APPLICABLE	=	8.0	=	8	=	8	CORRECT
1507	34589061	CNS211	daptomycin	daptomycin	1290.601	SAMN10717555	MATCHED					NOT_APPLICABLE	=	0.25	=	0.25	=	0.25	CORRECT
1508	34589061	CNS211	tigecycline	tigecycline	1290.601	SAMN10717555	MATCHED					NOT_APPLICABLE	=	0.25	=	0.25	=	0.25	CORRECT
1509	34589061	CNS211	tetracycline	tetracycline	1290.601	SAMN10717555	MATCHED					NOT_APPLICABLE	=	64	=	64	=	64	CORRECT
1510	34589061	CNS211	ceftaroline	ceftaroline	1290.601	SAMN10717555	MATCHED					NOT_APPLICABLE	=	1.0	=	1	=	1	CORRECT
1511	34589061	CNS211	rifampin	rifampin	1290.601	SAMN10717555	MATCHED					NOT_APPLICABLE	=	1	=	1	=	1	CORRECT
1512	34589061	CNS211	ciprofloxacin	ciprofloxacin	1290.601	SAMN10717555	MATCHED					NOT_APPLICABLE	=	8	=	8	=	8	CORRECT
1513	34589061	CNS211	moxifloxacin	moxifloxacin	1290.601	SAMN10717555	MATCHED					NOT_APPLICABLE	=	0.5	=	0.5	=	0.5	CORRECT
1514	34589061	CNS211	gentamicin	gentamicin	1290.601	SAMN10717555	MATCHED					NOT_APPLICABLE	=	32	=	32	=	32	CORRECT
1515	34589061	CNS211	mupirocin	mupirocin	1290.601	SAMN10717555	MATCHED					NOT_APPLICABLE	=	4	=	4	=	4	CORRECT
1516	34589061	CNS211	fusidic acid	fusidic acid	1290.601	SAMN10717555	MATCHED					NOT_APPLICABLE	=	0.125	=	0.125	=	0.125	CORRECT
1517	34589061	CNS211	trimethoprim/sulfamethoxazole	trimethoprim/sulfamethoxazole	1290.601	SAMN10717555	MATCHED					NOT_APPLICABLE	=	0.5	=	0.5	=	0.5	CORRECT
1518	34589061	CNS211	erythromycin	erythromycin	1290.601	SAMN10717555	MATCHED					NOT_APPLICABLE	=	32	=	32	=	32	CORRECT
1519	34589061	CNS211	clindamycin	clindamycin	1290.601	SAMN10717555	MATCHED					NOT_APPLICABLE	=	32	=	32	=	32	CORRECT
1520	34589061	CNS212	oxacillin	oxacillin	1282.6552	SAMN10717556	MATCHED					NOT_APPLICABLE	=	64	=	64	=	64	CORRECT
1521	34589061	CNS212	cefoxitin	cefoxitin	1282.6552	SAMN10717556	MATCHED					NOT_APPLICABLE	=	32	=	32	=	32	CORRECT
1522	34589061	CNS212	linezolid	linezolid	1282.6552	SAMN10717556	MATCHED					NOT_APPLICABLE	>	32	>	32	>	32	CORRECT
1523	34589061	CNS212	tedizolid	tedizolid	1282.6552	SAMN10717556	MATCHED					NOT_APPLICABLE	>	32	>	32	>	32	CORRECT
1524	34589061	CNS212	vancomycin	vancomycin	1282.6552	SAMN10717556	MATCHED					NOT_APPLICABLE	=	2	=	2	=	2	CORRECT
1525	34589061	CNS212	oritavancin	oritavancin	1282.6552	SAMN10717556	MATCHED					NOT_APPLICABLE	<	0.03	<	0.03	<	0.03	CORRECT
1526	34589061	CNS212	dalbavancin	dalbavancin	1282.6552	SAMN10717556	MATCHED					NOT_APPLICABLE	<	0.03	<	0.03	<	0.03	CORRECT
1527	34589061	CNS212	telavancin	telavancin	1282.6552	SAMN10717556	MATCHED					NOT_APPLICABLE	<	0.03	<	0.03	<	0.03	CORRECT
1528	34589061	CNS212	teicoplanin	teicoplanin	1282.6552	SAMN10717556	MATCHED					NOT_APPLICABLE	=	2.0	=	2	=	2	CORRECT
1529	34589061	CNS212	daptomycin	daptomycin	1282.6552	SAMN10717556	MATCHED					NOT_APPLICABLE	=	0.25	=	0.25	=	0.25	CORRECT
1530	34589061	CNS212	tigecycline	tigecycline	1282.6552	SAMN10717556	MATCHED					NOT_APPLICABLE	=	0.125	=	0.125	=	0.125	CORRECT
1531	34589061	CNS212	tetracycline	tetracycline	1282.6552	SAMN10717556	MATCHED					NOT_APPLICABLE	=	2	=	2	=	2	CORRECT
1532	34589061	CNS212	ceftaroline	ceftaroline	1282.6552	SAMN10717556	MATCHED					NOT_APPLICABLE	=	0.25	=	0.25	=	0.25	CORRECT
1533	34589061	CNS212	rifampin	rifampin	1282.6552	SAMN10717556	MATCHED					NOT_APPLICABLE	=	0.5	=	0.5	=	0.5	CORRECT
1534	34589061	CNS212	ciprofloxacin	ciprofloxacin	1282.6552	SAMN10717556	MATCHED					NOT_APPLICABLE	=	128	=	128	=	128	CORRECT
1535	34589061	CNS212	moxifloxacin	moxifloxacin	1282.6552	SAMN10717556	MATCHED					NOT_APPLICABLE	=	32.0	=	32	=	32	CORRECT
1536	34589061	CNS212	gentamicin	gentamicin	1282.6552	SAMN10717556	MATCHED					NOT_APPLICABLE	>	128	>	128	>	128	CORRECT
1537	34589061	CNS212	mupirocin	mupirocin	1282.6552	SAMN10717556	MATCHED					NOT_APPLICABLE	>	32	>	32	>	32	CORRECT
1538	34589061	CNS212	fusidic acid	fusidic acid	1282.6552	SAMN10717556	MATCHED					NOT_APPLICABLE	=	8.0	=	8	=	8	CORRECT
1539	34589061	CNS212	trimethoprim/sulfamethoxazole	trimethoprim/sulfamethoxazole	1282.6552	SAMN10717556	MATCHED					NOT_APPLICABLE	=	8.0	=	8	=	8	CORRECT
1540	34589061	CNS212	erythromycin	erythromycin	1282.6552	SAMN10717556	MATCHED					NOT_APPLICABLE	=	0.5	=	0.5	=	0.5	CORRECT
1541	34589061	CNS212	clindamycin	clindamycin	1282.6552	SAMN10717556	MATCHED					NOT_APPLICABLE	>	64	>	64	>	64	CORRECT
1542	34589061	CNS213	oxacillin	oxacillin	1282.6551	SAMN10717557	MATCHED					NOT_APPLICABLE	=	32	=	32	=	32	CORRECT
1543	34589061	CNS213	cefoxitin	cefoxitin	1282.6551	SAMN10717557	MATCHED					NOT_APPLICABLE	=	32	=	32	=	32	CORRECT
1544	34589061	CNS213	linezolid	linezolid	1282.6551	SAMN10717557	MATCHED					NOT_APPLICABLE	>	32	>	32	>	32	CORRECT
1545	34589061	CNS213	tedizolid	tedizolid	1282.6551	SAMN10717557	MATCHED					NOT_APPLICABLE	>	32	>	32	>	32	CORRECT
1546	34589061	CNS213	vancomycin	vancomycin	1282.6551	SAMN10717557	MATCHED					NOT_APPLICABLE	=	2	=	2	=	2	CORRECT
1547	34589061	CNS213	oritavancin	oritavancin	1282.6551	SAMN10717557	MATCHED					NOT_APPLICABLE	<	0.03	<	0.03	<	0.03	CORRECT
1548	34589061	CNS213	dalbavancin	dalbavancin	1282.6551	SAMN10717557	MATCHED					NOT_APPLICABLE	<	0.03	<	0.03	<	0.03	CORRECT
1549	34589061	CNS213	telavancin	telavancin	1282.6551	SAMN10717557	MATCHED					NOT_APPLICABLE	<	0.03	<	0.03	<	0.03	CORRECT
1550	34589061	CNS213	teicoplanin	teicoplanin	1282.6551	SAMN10717557	MATCHED					NOT_APPLICABLE	=	1.0	=	1	=	1	CORRECT
1551	34589061	CNS213	daptomycin	daptomycin	1282.6551	SAMN10717557	MATCHED					NOT_APPLICABLE	=	0.25	=	0.25	=	0.25	CORRECT
1552	34589061	CNS213	tigecycline	tigecycline	1282.6551	SAMN10717557	MATCHED					NOT_APPLICABLE	=	0.125	=	0.125	=	0.125	CORRECT
1553	34589061	CNS213	tetracycline	tetracycline	1282.6551	SAMN10717557	MATCHED					NOT_APPLICABLE	=	2	=	2	=	2	CORRECT
1554	34589061	CNS213	ceftaroline	ceftaroline	1282.6551	SAMN10717557	MATCHED					NOT_APPLICABLE	=	0.25	=	0.25	=	0.25	CORRECT
1555	34589061	CNS213	rifampin	rifampin	1282.6551	SAMN10717557	MATCHED					NOT_APPLICABLE	=	0.5	=	0.5	=	0.5	CORRECT
1556	34589061	CNS213	ciprofloxacin	ciprofloxacin	1282.6551	SAMN10717557	MATCHED					NOT_APPLICABLE	>	256	>	256	>	256	CORRECT
1557	34589061	CNS213	moxifloxacin	moxifloxacin	1282.6551	SAMN10717557	MATCHED					NOT_APPLICABLE	=	64.0	=	64	=	64	CORRECT
1558	34589061	CNS213	gentamicin	gentamicin	1282.6551	SAMN10717557	MATCHED					NOT_APPLICABLE	>	128	>	128	>	128	CORRECT
1559	34589061	CNS213	mupirocin	mupirocin	1282.6551	SAMN10717557	MATCHED					NOT_APPLICABLE	>	32	>	32	>	32	CORRECT
1560	34589061	CNS213	fusidic acid	fusidic acid	1282.6551	SAMN10717557	MATCHED					NOT_APPLICABLE	=	16.0	=	16	=	16	CORRECT
1561	34589061	CNS213	trimethoprim/sulfamethoxazole	trimethoprim/sulfamethoxazole	1282.6551	SAMN10717557	MATCHED					NOT_APPLICABLE	=	8.0	=	8	=	8	CORRECT
1562	34589061	CNS213	erythromycin	erythromycin	1282.6551	SAMN10717557	MATCHED					NOT_APPLICABLE	=	0.5	=	0.5	=	0.5	CORRECT
1563	34589061	CNS213	clindamycin	clindamycin	1282.6551	SAMN10717557	MATCHED					NOT_APPLICABLE	>	64	>	64	>	64	CORRECT
1564	34589061	CNS216	oxacillin	oxacillin	1282.6557	SAMN10717558	MATCHED					NOT_APPLICABLE	=	128	=	128	=	128	CORRECT
1565	34589061	CNS216	cefoxitin	cefoxitin	1282.6557	SAMN10717558	MATCHED					NOT_APPLICABLE	=	128	=	128	=	128	CORRECT
1566	34589061	CNS216	linezolid	linezolid	1282.6557	SAMN10717558	MATCHED					NOT_APPLICABLE	=	32	=	32	=	32	CORRECT
1567	34589061	CNS216	tedizolid	tedizolid	1282.6557	SAMN10717558	MATCHED					NOT_APPLICABLE	=	4	=	4	=	4	CORRECT
1568	34589061	CNS216	vancomycin	vancomycin	1282.6557	SAMN10717558	MATCHED					NOT_APPLICABLE	=	2	=	2	=	2	CORRECT
1569	34589061	CNS216	oritavancin	oritavancin	1282.6557	SAMN10717558	MATCHED					NOT_APPLICABLE	<	0.03	<	0.03	<	0.03	CORRECT
1570	34589061	CNS216	dalbavancin	dalbavancin	1282.6557	SAMN10717558	MATCHED					NOT_APPLICABLE	=	0.06	=	0.06	=	0.06	CORRECT
1571	34589061	CNS216	telavancin	telavancin	1282.6557	SAMN10717558	MATCHED					NOT_APPLICABLE	=	0.125	=	0.125	=	0.125	CORRECT
1572	34589061	CNS216	teicoplanin	teicoplanin	1282.6557	SAMN10717558	MATCHED					NOT_APPLICABLE	=	0.25	=	0.25	=	0.25	CORRECT
1573	34589061	CNS216	daptomycin	daptomycin	1282.6557	SAMN10717558	MATCHED					NOT_APPLICABLE	=	0.25	=	0.25	=	0.25	CORRECT
1574	34589061	CNS216	tigecycline	tigecycline	1282.6557	SAMN10717558	MATCHED					NOT_APPLICABLE	=	0.125	=	0.125	=	0.125	CORRECT
1575	34589061	CNS216	tetracycline	tetracycline	1282.6557	SAMN10717558	MATCHED					NOT_APPLICABLE	=	1	=	1	=	1	CORRECT
1576	34589061	CNS216	ceftaroline	ceftaroline	1282.6557	SAMN10717558	MATCHED					NOT_APPLICABLE	=	0.5	=	0.5	=	0.5	CORRECT
1577	34589061	CNS216	rifampin	rifampin	1282.6557	SAMN10717558	MATCHED					NOT_APPLICABLE	>	4	>	4	>	4	CORRECT
1578	34589061	CNS216	ciprofloxacin	ciprofloxacin	1282.6557	SAMN10717558	MATCHED					NOT_APPLICABLE	=	64	=	64	=	64	CORRECT
1579	34589061	CNS216	moxifloxacin	moxifloxacin	1282.6557	SAMN10717558	MATCHED					NOT_APPLICABLE	=	2.0	=	2	=	2	CORRECT
1580	34589061	CNS216	gentamicin	gentamicin	1282.6557	SAMN10717558	MATCHED					NOT_APPLICABLE	>	128	>	128	>	128	CORRECT
1581	34589061	CNS216	mupirocin	mupirocin	1282.6557	SAMN10717558	MATCHED					NOT_APPLICABLE	=	0.25	=	0.25	=	0.25	CORRECT
1582	34589061	CNS216	fusidic acid	fusidic acid	1282.6557	SAMN10717558	MATCHED					NOT_APPLICABLE	=	16.0	=	16	=	16	CORRECT
1583	34589061	CNS216	trimethoprim/sulfamethoxazole	trimethoprim/sulfamethoxazole	1282.6557	SAMN10717558	MATCHED					NOT_APPLICABLE	=	16.0	=	16	=	16	CORRECT
1584	34589061	CNS216	erythromycin	erythromycin	1282.6557	SAMN10717558	MATCHED					NOT_APPLICABLE	=	0.5	=	0.5	=	0.5	CORRECT
1585	34589061	CNS216	clindamycin	clindamycin	1282.6557	SAMN10717558	MATCHED					NOT_APPLICABLE	=	1	=	1	=	1	CORRECT
1586	34589061	CNS221	oxacillin	oxacillin	1290.605	SAMN10717559	MATCHED					NOT_APPLICABLE	>	512	>	512	>	512	CORRECT
1587	34589061	CNS221	cefoxitin	cefoxitin	1290.605	SAMN10717559	MATCHED					NOT_APPLICABLE	=	256	=	256	=	256	CORRECT
1588	34589061	CNS221	linezolid	linezolid	1290.605	SAMN10717559	MATCHED					NOT_APPLICABLE	>	32	>	32	>	32	CORRECT
1589	34589061	CNS221	tedizolid	tedizolid	1290.605	SAMN10717559	MATCHED					NOT_APPLICABLE	=	4	=	4	=	4	CORRECT
1590	34589061	CNS221	vancomycin	vancomycin	1290.605	SAMN10717559	MATCHED					NOT_APPLICABLE	=	2	=	2	=	2	CORRECT
1591	34589061	CNS221	oritavancin	oritavancin	1290.605	SAMN10717559	MATCHED					NOT_APPLICABLE	<	0.03	<	0.03	<	0.03	CORRECT
1592	34589061	CNS221	dalbavancin	dalbavancin	1290.605	SAMN10717559	MATCHED					NOT_APPLICABLE	=	0.125	=	0.125	=	0.125	CORRECT
1593	34589061	CNS221	telavancin	telavancin	1290.605	SAMN10717559	MATCHED					NOT_APPLICABLE	=	0.25	=	0.25	=	0.25	CORRECT
1594	34589061	CNS221	teicoplanin	teicoplanin	1290.605	SAMN10717559	MATCHED					NOT_APPLICABLE	=	16.0	=	16	=	16	CORRECT
1595	34589061	CNS221	daptomycin	daptomycin	1290.605	SAMN10717559	MATCHED					NOT_APPLICABLE	=	0.125	=	0.125	=	0.125	CORRECT
1596	34589061	CNS221	tigecycline	tigecycline	1290.605	SAMN10717559	MATCHED					NOT_APPLICABLE	=	0.25	=	0.25	=	0.25	CORRECT
1597	34589061	CNS221	tetracycline	tetracycline	1290.605	SAMN10717559	MATCHED					NOT_APPLICABLE	=	64	=	64	=	64	CORRECT
1598	34589061	CNS221	ceftaroline	ceftaroline	1290.605	SAMN10717559	MATCHED					NOT_APPLICABLE	=	1.0	=	1	=	1	CORRECT
1599	34589061	CNS221	rifampin	rifampin	1290.605	SAMN10717559	MATCHED					NOT_APPLICABLE	=	2	=	2	=	2	CORRECT
1600	34589061	CNS221	ciprofloxacin	ciprofloxacin	1290.605	SAMN10717559	MATCHED					NOT_APPLICABLE	=	4	=	4	=	4	CORRECT
1601	34589061	CNS221	moxifloxacin	moxifloxacin	1290.605	SAMN10717559	MATCHED					NOT_APPLICABLE	=	1.0	=	1	=	1	CORRECT
1602	34589061	CNS221	gentamicin	gentamicin	1290.605	SAMN10717559	MATCHED					NOT_APPLICABLE	=	8	=	8	=	8	CORRECT
1603	34589061	CNS221	mupirocin	mupirocin	1290.605	SAMN10717559	MATCHED					NOT_APPLICABLE	=	1	=	1	=	1	CORRECT
1604	34589061	CNS221	fusidic acid	fusidic acid	1290.605	SAMN10717559	MATCHED					NOT_APPLICABLE	=	0.06	=	0.06	=	0.06	CORRECT
1605	34589061	CNS221	trimethoprim/sulfamethoxazole	trimethoprim/sulfamethoxazole	1290.605	SAMN10717559	MATCHED					NOT_APPLICABLE	=	0.5	=	0.5	=	0.5	CORRECT
1606	34589061	CNS221	erythromycin	erythromycin	1290.605	SAMN10717559	MATCHED					NOT_APPLICABLE	=	128	=	128	=	128	CORRECT
1607	34589061	CNS221	clindamycin	clindamycin	1290.605	SAMN10717559	MATCHED					NOT_APPLICABLE	=	1	=	1	=	1	CORRECT
1608	34589061	CNS222	oxacillin	oxacillin	1282.6554	SAMN10717560	MATCHED					NOT_APPLICABLE	=	128	=	128	=	128	CORRECT
1609	34589061	CNS222	cefoxitin	cefoxitin	1282.6554	SAMN10717560	MATCHED					NOT_APPLICABLE	=	64	=	64	=	64	CORRECT
1610	34589061	CNS222	linezolid	linezolid	1282.6554	SAMN10717560	MATCHED					NOT_APPLICABLE	>	32	>	32	>	32	CORRECT
1611	34589061	CNS222	tedizolid	tedizolid	1282.6554	SAMN10717560	MATCHED					NOT_APPLICABLE	>	32	>	32	>	32	CORRECT
1612	34589061	CNS222	vancomycin	vancomycin	1282.6554	SAMN10717560	MATCHED					NOT_APPLICABLE	=	2	=	2	=	2	CORRECT
1613	34589061	CNS222	oritavancin	oritavancin	1282.6554	SAMN10717560	MATCHED					NOT_APPLICABLE	=	0.125	=	0.125	=	0.125	CORRECT
1614	34589061	CNS222	dalbavancin	dalbavancin	1282.6554	SAMN10717560	MATCHED					NOT_APPLICABLE	=	0.06	=	0.06	=	0.06	CORRECT
1615	34589061	CNS222	telavancin	telavancin	1282.6554	SAMN10717560	MATCHED					NOT_APPLICABLE	=	0.125	=	0.125	=	0.125	CORRECT
1616	34589061	CNS222	teicoplanin	teicoplanin	1282.6554	SAMN10717560	MATCHED					NOT_APPLICABLE	=	4.0	=	4	=	4	CORRECT
1617	34589061	CNS222	daptomycin	daptomycin	1282.6554	SAMN10717560	MATCHED					NOT_APPLICABLE	=	0.25	=	0.25	=	0.25	CORRECT
1618	34589061	CNS222	tigecycline	tigecycline	1282.6554	SAMN10717560	MATCHED					NOT_APPLICABLE	=	0.06	=	0.06	=	0.06	CORRECT
1619	34589061	CNS222	tetracycline	tetracycline	1282.6554	SAMN10717560	MATCHED					NOT_APPLICABLE	=	1	=	1	=	1	CORRECT
1620	34589061	CNS222	ceftaroline	ceftaroline	1282.6554	SAMN10717560	MATCHED					NOT_APPLICABLE	=	0.5	=	0.5	=	0.5	CORRECT
1621	34589061	CNS222	rifampin	rifampin	1282.6554	SAMN10717560	MATCHED					NOT_APPLICABLE	<	0.004	<	0.004	<	0.004	CORRECT
1622	34589061	CNS222	ciprofloxacin	ciprofloxacin	1282.6554	SAMN10717560	MATCHED					NOT_APPLICABLE	=	64	=	64	=	64	CORRECT
1623	34589061	CNS222	moxifloxacin	moxifloxacin	1282.6554	SAMN10717560	MATCHED					NOT_APPLICABLE	=	64.0	=	64	=	64	CORRECT
1624	34589061	CNS222	gentamicin	gentamicin	1282.6554	SAMN10717560	MATCHED					NOT_APPLICABLE	>	128	>	128	>	128	CORRECT
1625	34589061	CNS222	mupirocin	mupirocin	1282.6554	SAMN10717560	MATCHED					NOT_APPLICABLE	=	16	=	16	=	16	CORRECT
1626	34589061	CNS222	fusidic acid	fusidic acid	1282.6554	SAMN10717560	MATCHED					NOT_APPLICABLE	=	16.0	=	16	=	16	CORRECT
1627	34589061	CNS222	trimethoprim/sulfamethoxazole	trimethoprim/sulfamethoxazole	1282.6554	SAMN10717560	MATCHED					NOT_APPLICABLE	=	4.0	=	4	=	4	CORRECT
1628	34589061	CNS222	erythromycin	erythromycin	1282.6554	SAMN10717560	MATCHED					NOT_APPLICABLE	=	1	=	1	=	1	CORRECT
1629	34589061	CNS222	clindamycin	clindamycin	1282.6554	SAMN10717560	MATCHED					NOT_APPLICABLE	>	64	>	64	>	64	CORRECT
1630	34589061	CNS223	oxacillin	oxacillin	1290.607	SAMN10717561	MATCHED					NOT_APPLICABLE	=	512	=	512	=	512	CORRECT
1631	34589061	CNS223	cefoxitin	cefoxitin	1290.607	SAMN10717561	MATCHED					NOT_APPLICABLE	=	512	=	512	=	512	CORRECT
1632	34589061	CNS223	linezolid	linezolid	1290.607	SAMN10717561	MATCHED					NOT_APPLICABLE	>	32	>	32	>	32	CORRECT
1633	34589061	CNS223	tedizolid	tedizolid	1290.607	SAMN10717561	MATCHED					NOT_APPLICABLE	=	4	=	4	=	4	CORRECT
1634	34589061	CNS223	vancomycin	vancomycin	1290.607	SAMN10717561	MATCHED					NOT_APPLICABLE	=	2	=	2	=	2	CORRECT
1635	34589061	CNS223	oritavancin	oritavancin	1290.607	SAMN10717561	MATCHED					NOT_APPLICABLE	<	0.03	<	0.03	<	0.03	CORRECT
1636	34589061	CNS223	dalbavancin	dalbavancin	1290.607	SAMN10717561	MATCHED					NOT_APPLICABLE	=	0.125	=	0.125	=	0.125	CORRECT
1637	34589061	CNS223	telavancin	telavancin	1290.607	SAMN10717561	MATCHED					NOT_APPLICABLE	=	0.25	=	0.25	=	0.25	CORRECT
1638	34589061	CNS223	teicoplanin	teicoplanin	1290.607	SAMN10717561	MATCHED					NOT_APPLICABLE	=	16.0	=	16	=	16	CORRECT
1639	34589061	CNS223	daptomycin	daptomycin	1290.607	SAMN10717561	MATCHED					NOT_APPLICABLE	=	0.25	=	0.25	=	0.25	CORRECT
1640	34589061	CNS223	tigecycline	tigecycline	1290.607	SAMN10717561	MATCHED					NOT_APPLICABLE	=	0.25	=	0.25	=	0.25	CORRECT
1641	34589061	CNS223	tetracycline	tetracycline	1290.607	SAMN10717561	MATCHED					NOT_APPLICABLE	>	64	>	64	>	64	CORRECT
1642	34589061	CNS223	ceftaroline	ceftaroline	1290.607	SAMN10717561	MATCHED					NOT_APPLICABLE	=	1.0	=	1	=	1	CORRECT
1643	34589061	CNS223	rifampin	rifampin	1290.607	SAMN10717561	MATCHED					NOT_APPLICABLE	=	1	=	1	=	1	CORRECT
1644	34589061	CNS223	ciprofloxacin	ciprofloxacin	1290.607	SAMN10717561	MATCHED					NOT_APPLICABLE	=	16	=	16	=	16	CORRECT
1645	34589061	CNS223	moxifloxacin	moxifloxacin	1290.607	SAMN10717561	MATCHED					NOT_APPLICABLE	=	0.5	=	0.5	=	0.5	CORRECT
1646	34589061	CNS223	gentamicin	gentamicin	1290.607	SAMN10717561	MATCHED					NOT_APPLICABLE	=	16	=	16	=	16	CORRECT
1647	34589061	CNS223	mupirocin	mupirocin	1290.607	SAMN10717561	MATCHED					NOT_APPLICABLE	=	1	=	1	=	1	CORRECT
1648	34589061	CNS223	fusidic acid	fusidic acid	1290.607	SAMN10717561	MATCHED					NOT_APPLICABLE	=	0.125	=	0.125	=	0.125	CORRECT
1649	34589061	CNS223	trimethoprim/sulfamethoxazole	trimethoprim/sulfamethoxazole	1290.607	SAMN10717561	MATCHED					NOT_APPLICABLE	=	0.5	=	0.5	=	0.5	CORRECT
1650	34589061	CNS223	erythromycin	erythromycin	1290.607	SAMN10717561	MATCHED					NOT_APPLICABLE	=	128	=	128	=	128	CORRECT
1651	34589061	CNS223	clindamycin	clindamycin	1290.607	SAMN10717561	MATCHED					NOT_APPLICABLE	=	0.5	=	0.5	=	0.5	CORRECT
1652	34589061	CNS228	oxacillin	oxacillin	1282.6553	SAMN10717562	MATCHED					NOT_APPLICABLE	=	128	=	128	=	128	CORRECT
1653	34589061	CNS228	cefoxitin	cefoxitin	1282.6553	SAMN10717562	MATCHED					NOT_APPLICABLE	=	128	=	128	=	128	CORRECT
1654	34589061	CNS228	linezolid	linezolid	1282.6553	SAMN10717562	MATCHED					NOT_APPLICABLE	=	32	=	32	=	32	CORRECT
1655	34589061	CNS228	tedizolid	tedizolid	1282.6553	SAMN10717562	MATCHED					NOT_APPLICABLE	=	2	=	2	=	2	CORRECT
1656	34589061	CNS228	vancomycin	vancomycin	1282.6553	SAMN10717562	MATCHED					NOT_APPLICABLE	=	2	=	2	=	2	CORRECT
1657	34589061	CNS228	oritavancin	oritavancin	1282.6553	SAMN10717562	MATCHED					NOT_APPLICABLE	<	0.03	<	0.03	<	0.03	CORRECT
1658	34589061	CNS228	dalbavancin	dalbavancin	1282.6553	SAMN10717562	MATCHED					NOT_APPLICABLE	<	0.03	<	0.03	<	0.03	CORRECT
1659	34589061	CNS228	telavancin	telavancin	1282.6553	SAMN10717562	MATCHED					NOT_APPLICABLE	=	0.06	=	0.06	=	0.06	CORRECT
1660	34589061	CNS228	teicoplanin	teicoplanin	1282.6553	SAMN10717562	MATCHED					NOT_APPLICABLE	=	0.25	=	0.25	=	0.25	CORRECT
1661	34589061	CNS228	daptomycin	daptomycin	1282.6553	SAMN10717562	MATCHED					NOT_APPLICABLE	=	0.25	=	0.25	=	0.25	CORRECT
1662	34589061	CNS228	tigecycline	tigecycline	1282.6553	SAMN10717562	MATCHED					NOT_APPLICABLE	=	0.125	=	0.125	=	0.125	CORRECT
1663	34589061	CNS228	tetracycline	tetracycline	1282.6553	SAMN10717562	MATCHED					NOT_APPLICABLE	=	1	=	1	=	1	CORRECT
1664	34589061	CNS228	ceftaroline	ceftaroline	1282.6553	SAMN10717562	MATCHED					NOT_APPLICABLE	=	0.25	=	0.25	=	0.25	CORRECT
1665	34589061	CNS228	rifampin	rifampin	1282.6553	SAMN10717562	MATCHED					NOT_APPLICABLE	>	4	>	4	>	4	CORRECT
1666	34589061	CNS228	ciprofloxacin	ciprofloxacin	1282.6553	SAMN10717562	MATCHED					NOT_APPLICABLE	=	64	=	64	=	64	CORRECT
1667	34589061	CNS228	moxifloxacin	moxifloxacin	1282.6553	SAMN10717562	MATCHED					NOT_APPLICABLE	=	2.0	=	2	=	2	CORRECT
1668	34589061	CNS228	gentamicin	gentamicin	1282.6553	SAMN10717562	MATCHED					NOT_APPLICABLE	>	128	>	128	>	128	CORRECT
1669	34589061	CNS228	mupirocin	mupirocin	1282.6553	SAMN10717562	MATCHED					NOT_APPLICABLE	=	0.25	=	0.25	=	0.25	CORRECT
1670	34589061	CNS228	fusidic acid	fusidic acid	1282.6553	SAMN10717562	MATCHED					NOT_APPLICABLE	=	16.0	=	16	=	16	CORRECT
1671	34589061	CNS228	trimethoprim/sulfamethoxazole	trimethoprim/sulfamethoxazole	1282.6553	SAMN10717562	MATCHED					NOT_APPLICABLE	=	16.0	=	16	=	16	CORRECT
1672	34589061	CNS228	erythromycin	erythromycin	1282.6553	SAMN10717562	MATCHED					NOT_APPLICABLE	=	0.25	=	0.25	=	0.25	CORRECT
1673	34589061	CNS228	clindamycin	clindamycin	1282.6553	SAMN10717562	MATCHED					NOT_APPLICABLE	=	0.5	=	0.5	=	0.5	CORRECT
1674	34589061	CNS235	oxacillin	oxacillin	1282.6555	SAMN10717563	MATCHED					NOT_APPLICABLE	=	128	=	128	=	128	CORRECT
1675	34589061	CNS235	cefoxitin	cefoxitin	1282.6555	SAMN10717563	MATCHED					NOT_APPLICABLE	=	64	=	64	=	64	CORRECT
1676	34589061	CNS235	linezolid	linezolid	1282.6555	SAMN10717563	MATCHED					NOT_APPLICABLE	=	32	=	32	=	32	CORRECT
1677	34589061	CNS235	tedizolid	tedizolid	1282.6555	SAMN10717563	MATCHED					NOT_APPLICABLE	=	4	=	4	=	4	CORRECT
1678	34589061	CNS235	vancomycin	vancomycin	1282.6555	SAMN10717563	MATCHED					NOT_APPLICABLE	=	2	=	2	=	2	CORRECT
1679	34589061	CNS235	oritavancin	oritavancin	1282.6555	SAMN10717563	MATCHED					NOT_APPLICABLE	<	0.03	<	0.03	<	0.03	CORRECT
1680	34589061	CNS235	dalbavancin	dalbavancin	1282.6555	SAMN10717563	MATCHED					NOT_APPLICABLE	<	0.03	<	0.03	<	0.03	CORRECT
1681	34589061	CNS235	telavancin	telavancin	1282.6555	SAMN10717563	MATCHED					NOT_APPLICABLE	<	0.03	<	0.03	<	0.03	CORRECT
1682	34589061	CNS235	teicoplanin	teicoplanin	1282.6555	SAMN10717563	MATCHED					NOT_APPLICABLE	=	1.0	=	1	=	1	CORRECT
1683	34589061	CNS235	daptomycin	daptomycin	1282.6555	SAMN10717563	MATCHED					NOT_APPLICABLE	=	0.5	=	0.5	=	0.5	CORRECT
1684	34589061	CNS235	tigecycline	tigecycline	1282.6555	SAMN10717563	MATCHED					NOT_APPLICABLE	=	0.06	=	0.06	=	0.06	CORRECT
1685	34589061	CNS235	tetracycline	tetracycline	1282.6555	SAMN10717563	MATCHED					NOT_APPLICABLE	=	1	=	1	=	1	CORRECT
1686	34589061	CNS235	ceftaroline	ceftaroline	1282.6555	SAMN10717563	MATCHED					NOT_APPLICABLE	=	0.5	=	0.5	=	0.5	CORRECT
1687	34589061	CNS235	rifampin	rifampin	1282.6555	SAMN10717563	MATCHED					NOT_APPLICABLE	>	4	>	4	>	4	CORRECT
1688	34589061	CNS235	ciprofloxacin	ciprofloxacin	1282.6555	SAMN10717563	MATCHED					NOT_APPLICABLE	=	256	=	256	=	256	CORRECT
1689	34589061	CNS235	moxifloxacin	moxifloxacin	1282.6555	SAMN10717563	MATCHED					NOT_APPLICABLE	=	2.0	=	2	=	2	CORRECT
1690	34589061	CNS235	gentamicin	gentamicin	1282.6555	SAMN10717563	MATCHED					NOT_APPLICABLE	>	128	>	128	>	128	CORRECT
1691	34589061	CNS235	mupirocin	mupirocin	1282.6555	SAMN10717563	MATCHED					NOT_APPLICABLE	=	2	=	2	=	2	CORRECT
1692	34589061	CNS235	fusidic acid	fusidic acid	1282.6555	SAMN10717563	MATCHED					NOT_APPLICABLE	=	16.0	=	16	=	16	CORRECT
1693	34589061	CNS235	trimethoprim/sulfamethoxazole	trimethoprim/sulfamethoxazole	1282.6555	SAMN10717563	MATCHED					NOT_APPLICABLE	=	16.0	=	16	=	16	CORRECT
1694	34589061	CNS235	erythromycin	erythromycin	1282.6555	SAMN10717563	MATCHED					NOT_APPLICABLE	=	0.25	=	0.25	=	0.25	CORRECT
1695	34589061	CNS235	clindamycin	clindamycin	1282.6555	SAMN10717563	MATCHED					NOT_APPLICABLE	=	1	=	1	=	1	CORRECT
1696	34589061	CNS238	oxacillin	oxacillin	1290.608	SAMN10717564	MATCHED					NOT_APPLICABLE	=	512	=	512	=	512	CORRECT
1697	34589061	CNS238	cefoxitin	cefoxitin	1290.608	SAMN10717564	MATCHED					NOT_APPLICABLE	=	256	=	256	=	256	CORRECT
1698	34589061	CNS238	linezolid	linezolid	1290.608	SAMN10717564	MATCHED					NOT_APPLICABLE	>	32	>	32	>	32	CORRECT
1699	34589061	CNS238	tedizolid	tedizolid	1290.608	SAMN10717564	MATCHED					NOT_APPLICABLE	=	4	=	4	=	4	CORRECT
1700	34589061	CNS238	vancomycin	vancomycin	1290.608	SAMN10717564	MATCHED					NOT_APPLICABLE	=	2	=	2	=	2	CORRECT
1701	34589061	CNS238	oritavancin	oritavancin	1290.608	SAMN10717564	MATCHED					NOT_APPLICABLE	<	0.03	<	0.03	<	0.03	CORRECT
1702	34589061	CNS238	dalbavancin	dalbavancin	1290.608	SAMN10717564	MATCHED					NOT_APPLICABLE	=	0.03	=	0.03	=	0.03	CORRECT
1703	34589061	CNS238	telavancin	telavancin	1290.608	SAMN10717564	MATCHED					NOT_APPLICABLE	<	0.03	<	0.03	<	0.03	CORRECT
1704	34589061	CNS238	teicoplanin	teicoplanin	1290.608	SAMN10717564	MATCHED					NOT_APPLICABLE	=	16.0	=	16	=	16	CORRECT
1705	34589061	CNS238	daptomycin	daptomycin	1290.608	SAMN10717564	MATCHED					NOT_APPLICABLE	=	0.25	=	0.25	=	0.25	CORRECT
1706	34589061	CNS238	tigecycline	tigecycline	1290.608	SAMN10717564	MATCHED					NOT_APPLICABLE	=	0.25	=	0.25	=	0.25	CORRECT
1707	34589061	CNS238	tetracycline	tetracycline	1290.608	SAMN10717564	MATCHED					NOT_APPLICABLE	>	64	>	64	>	64	CORRECT
1708	34589061	CNS238	ceftaroline	ceftaroline	1290.608	SAMN10717564	MATCHED					NOT_APPLICABLE	=	1.0	=	1	=	1	CORRECT
1709	34589061	CNS238	rifampin	rifampin	1290.608	SAMN10717564	MATCHED					NOT_APPLICABLE	=	1	=	1	=	1	CORRECT
1710	34589061	CNS238	ciprofloxacin	ciprofloxacin	1290.608	SAMN10717564	MATCHED					NOT_APPLICABLE	=	16	=	16	=	16	CORRECT
1711	34589061	CNS238	moxifloxacin	moxifloxacin	1290.608	SAMN10717564	MATCHED					NOT_APPLICABLE	=	0.5	=	0.5	=	0.5	CORRECT
1712	34589061	CNS238	gentamicin	gentamicin	1290.608	SAMN10717564	MATCHED					NOT_APPLICABLE	=	16	=	16	=	16	CORRECT
1713	34589061	CNS238	mupirocin	mupirocin	1290.608	SAMN10717564	MATCHED					NOT_APPLICABLE	=	1	=	1	=	1	CORRECT
1714	34589061	CNS238	fusidic acid	fusidic acid	1290.608	SAMN10717564	MATCHED					NOT_APPLICABLE	=	0.06	=	0.06	=	0.06	CORRECT
1715	34589061	CNS238	trimethoprim/sulfamethoxazole	trimethoprim/sulfamethoxazole	1290.608	SAMN10717564	MATCHED					NOT_APPLICABLE	=	0.5	=	0.5	=	0.5	CORRECT
1716	34589061	CNS238	erythromycin	erythromycin	1290.608	SAMN10717564	MATCHED					NOT_APPLICABLE	=	32	=	32	=	32	CORRECT
1717	34589061	CNS238	clindamycin	clindamycin	1290.608	SAMN10717564	MATCHED					NOT_APPLICABLE	>	64	>	64	>	64	CORRECT
1718	34589061	CNS239	oxacillin	oxacillin	1290.606	SAMN10717565	MATCHED					NOT_APPLICABLE	=	512	=	512	=	512	CORRECT
1719	34589061	CNS239	cefoxitin	cefoxitin	1290.606	SAMN10717565	MATCHED					NOT_APPLICABLE	=	256	=	256	=	256	CORRECT
1720	34589061	CNS239	linezolid	linezolid	1290.606	SAMN10717565	MATCHED					NOT_APPLICABLE	>	32	>	32	>	32	CORRECT
1721	34589061	CNS239	tedizolid	tedizolid	1290.606	SAMN10717565	MATCHED					NOT_APPLICABLE	=	4	=	4	=	4	CORRECT
1722	34589061	CNS239	vancomycin	vancomycin	1290.606	SAMN10717565	MATCHED					NOT_APPLICABLE	=	2	=	2	=	2	CORRECT
1723	34589061	CNS239	oritavancin	oritavancin	1290.606	SAMN10717565	MATCHED					NOT_APPLICABLE	=	0.125	=	0.125	=	0.125	CORRECT
1724	34589061	CNS239	dalbavancin	dalbavancin	1290.606	SAMN10717565	MATCHED					NOT_APPLICABLE	=	0.03	=	0.03	=	0.03	CORRECT
1725	34589061	CNS239	telavancin	telavancin	1290.606	SAMN10717565	MATCHED					NOT_APPLICABLE	=	0.06	=	0.06	=	0.06	CORRECT
1726	34589061	CNS239	teicoplanin	teicoplanin	1290.606	SAMN10717565	MATCHED					NOT_APPLICABLE	=	16.0	=	16	=	16	CORRECT
1727	34589061	CNS239	daptomycin	daptomycin	1290.606	SAMN10717565	MATCHED					NOT_APPLICABLE	=	0.125	=	0.125	=	0.125	CORRECT
1728	34589061	CNS239	tigecycline	tigecycline	1290.606	SAMN10717565	MATCHED					NOT_APPLICABLE	=	0.25	=	0.25	=	0.25	CORRECT
1729	34589061	CNS239	tetracycline	tetracycline	1290.606	SAMN10717565	MATCHED					NOT_APPLICABLE	>	64	>	64	>	64	CORRECT
1730	34589061	CNS239	ceftaroline	ceftaroline	1290.606	SAMN10717565	MATCHED					NOT_APPLICABLE	=	1.0	=	1	=	1	CORRECT
1731	34589061	CNS239	rifampin	rifampin	1290.606	SAMN10717565	MATCHED					NOT_APPLICABLE	=	1	=	1	=	1	CORRECT
1732	34589061	CNS239	ciprofloxacin	ciprofloxacin	1290.606	SAMN10717565	MATCHED					NOT_APPLICABLE	=	16	=	16	=	16	CORRECT
1733	34589061	CNS239	moxifloxacin	moxifloxacin	1290.606	SAMN10717565	MATCHED					NOT_APPLICABLE	=	0.5	=	0.5	=	0.5	CORRECT
1734	34589061	CNS239	gentamicin	gentamicin	1290.606	SAMN10717565	MATCHED					NOT_APPLICABLE	=	16	=	16	=	16	CORRECT
1735	34589061	CNS239	mupirocin	mupirocin	1290.606	SAMN10717565	MATCHED					NOT_APPLICABLE	=	1	=	1	=	1	CORRECT
1736	34589061	CNS239	fusidic acid	fusidic acid	1290.606	SAMN10717565	MATCHED					NOT_APPLICABLE	=	0.06	=	0.06	=	0.06	CORRECT
1737	34589061	CNS239	trimethoprim/sulfamethoxazole	trimethoprim/sulfamethoxazole	1290.606	SAMN10717565	MATCHED					NOT_APPLICABLE	=	0.5	=	0.5	=	0.5	CORRECT
1738	34589061	CNS239	erythromycin	erythromycin	1290.606	SAMN10717565	MATCHED					NOT_APPLICABLE	=	16	=	16	=	16	CORRECT
1739	34589061	CNS239	clindamycin	clindamycin	1290.606	SAMN10717565	MATCHED					NOT_APPLICABLE	>	64	>	64	>	64	CORRECT
1740	34589061	CNS241	oxacillin	oxacillin	1290.600	SAMN10717566	MATCHED					NOT_APPLICABLE	>	512	>	512	>	512	CORRECT
1741	34589061	CNS241	cefoxitin	cefoxitin	1290.600	SAMN10717566	MATCHED					NOT_APPLICABLE	=	256	=	256	=	256	CORRECT
1742	34589061	CNS241	linezolid	linezolid	1290.600	SAMN10717566	MATCHED					NOT_APPLICABLE	>	32	>	32	>	32	CORRECT
1743	34589061	CNS241	tedizolid	tedizolid	1290.600	SAMN10717566	MATCHED					NOT_APPLICABLE	=	4	=	4	=	4	CORRECT
1744	34589061	CNS241	vancomycin	vancomycin	1290.600	SAMN10717566	MATCHED					NOT_APPLICABLE	=	2	=	2	=	2	CORRECT
1745	34589061	CNS241	oritavancin	oritavancin	1290.600	SAMN10717566	MATCHED					NOT_APPLICABLE	<	0.03	<	0.03	<	0.03	CORRECT
1746	34589061	CNS241	dalbavancin	dalbavancin	1290.600	SAMN10717566	MATCHED					NOT_APPLICABLE	=	0.06	=	0.06	=	0.06	CORRECT
1747	34589061	CNS241	telavancin	telavancin	1290.600	SAMN10717566	MATCHED					NOT_APPLICABLE	=	0.06	=	0.06	=	0.06	CORRECT
1748	34589061	CNS241	teicoplanin	teicoplanin	1290.600	SAMN10717566	MATCHED					NOT_APPLICABLE	=	16.0	=	16	=	16	CORRECT
1749	34589061	CNS241	daptomycin	daptomycin	1290.600	SAMN10717566	MATCHED					NOT_APPLICABLE	=	0.125	=	0.125	=	0.125	CORRECT
1750	34589061	CNS241	tigecycline	tigecycline	1290.600	SAMN10717566	MATCHED					NOT_APPLICABLE	=	0.25	=	0.25	=	0.25	CORRECT
1751	34589061	CNS241	tetracycline	tetracycline	1290.600	SAMN10717566	MATCHED					NOT_APPLICABLE	>	64	>	64	>	64	CORRECT
1752	34589061	CNS241	ceftaroline	ceftaroline	1290.600	SAMN10717566	MATCHED					NOT_APPLICABLE	=	1.0	=	1	=	1	CORRECT
1753	34589061	CNS241	rifampin	rifampin	1290.600	SAMN10717566	MATCHED					NOT_APPLICABLE	=	1	=	1	=	1	CORRECT
1754	34589061	CNS241	ciprofloxacin	ciprofloxacin	1290.600	SAMN10717566	MATCHED					NOT_APPLICABLE	=	16	=	16	=	16	CORRECT
1755	34589061	CNS241	moxifloxacin	moxifloxacin	1290.600	SAMN10717566	MATCHED					NOT_APPLICABLE	=	0.5	=	0.5	=	0.5	CORRECT
1756	34589061	CNS241	gentamicin	gentamicin	1290.600	SAMN10717566	MATCHED					NOT_APPLICABLE	=	16	=	16	=	16	CORRECT
1757	34589061	CNS241	mupirocin	mupirocin	1290.600	SAMN10717566	MATCHED					NOT_APPLICABLE	=	1	=	1	=	1	CORRECT
1758	34589061	CNS241	fusidic acid	fusidic acid	1290.600	SAMN10717566	MATCHED					NOT_APPLICABLE	=	0.06	=	0.06	=	0.06	CORRECT
1759	34589061	CNS241	trimethoprim/sulfamethoxazole	trimethoprim/sulfamethoxazole	1290.600	SAMN10717566	MATCHED					NOT_APPLICABLE	=	0.5	=	0.5	=	0.5	CORRECT
1760	34589061	CNS241	erythromycin	erythromycin	1290.600	SAMN10717566	MATCHED					NOT_APPLICABLE	=	32	=	32	=	32	CORRECT
1761	34589061	CNS241	clindamycin	clindamycin	1290.600	SAMN10717566	MATCHED					NOT_APPLICABLE	>	64	>	64	>	64	CORRECT
1762	34589061	CNS242	oxacillin	oxacillin	1290.599	SAMN10717567	MATCHED					NOT_APPLICABLE	=	512	=	512	=	512	CORRECT
1763	34589061	CNS242	cefoxitin	cefoxitin	1290.599	SAMN10717567	MATCHED					NOT_APPLICABLE	=	512	=	512	=	512	CORRECT
1764	34589061	CNS242	linezolid	linezolid	1290.599	SAMN10717567	MATCHED					NOT_APPLICABLE	>	32	>	32	>	32	CORRECT
1765	34589061	CNS242	tedizolid	tedizolid	1290.599	SAMN10717567	MATCHED					NOT_APPLICABLE	=	8	=	8	=	8	CORRECT
1766	34589061	CNS242	vancomycin	vancomycin	1290.599	SAMN10717567	MATCHED					NOT_APPLICABLE	=	4	=	4	=	4	CORRECT
1767	34589061	CNS242	oritavancin	oritavancin	1290.599	SAMN10717567	MATCHED					NOT_APPLICABLE	=	0.125	=	0.125	=	0.125	CORRECT
1768	34589061	CNS242	dalbavancin	dalbavancin	1290.599	SAMN10717567	MATCHED					NOT_APPLICABLE	=	0.125	=	0.125	=	0.125	CORRECT
1769	34589061	CNS242	telavancin	telavancin	1290.599	SAMN10717567	MATCHED					NOT_APPLICABLE	=	0.125	=	0.125	=	0.125	CORRECT
1770	34589061	CNS242	teicoplanin	teicoplanin	1290.599	SAMN10717567	MATCHED					NOT_APPLICABLE	=	16.0	=	16	=	16	CORRECT
1771	34589061	CNS242	daptomycin	daptomycin	1290.599	SAMN10717567	MATCHED					NOT_APPLICABLE	=	0.25	=	0.25	=	0.25	CORRECT
1772	34589061	CNS242	tigecycline	tigecycline	1290.599	SAMN10717567	MATCHED					NOT_APPLICABLE	=	0.25	=	0.25	=	0.25	CORRECT
1773	34589061	CNS242	tetracycline	tetracycline	1290.599	SAMN10717567	MATCHED					NOT_APPLICABLE	>	64	>	64	>	64	CORRECT
1774	34589061	CNS242	ceftaroline	ceftaroline	1290.599	SAMN10717567	MATCHED					NOT_APPLICABLE	=	1.0	=	1	=	1	CORRECT
1775	34589061	CNS242	rifampin	rifampin	1290.599	SAMN10717567	MATCHED					NOT_APPLICABLE	=	2	=	2	=	2	CORRECT
1776	34589061	CNS242	ciprofloxacin	ciprofloxacin	1290.599	SAMN10717567	MATCHED					NOT_APPLICABLE	=	16	=	16	=	16	CORRECT
1777	34589061	CNS242	moxifloxacin	moxifloxacin	1290.599	SAMN10717567	MATCHED					NOT_APPLICABLE	=	1.0	=	1	=	1	CORRECT
1778	34589061	CNS242	gentamicin	gentamicin	1290.599	SAMN10717567	MATCHED					NOT_APPLICABLE	=	16	=	16	=	16	CORRECT
1779	34589061	CNS242	mupirocin	mupirocin	1290.599	SAMN10717567	MATCHED					NOT_APPLICABLE	=	1	=	1	=	1	CORRECT
1780	34589061	CNS242	fusidic acid	fusidic acid	1290.599	SAMN10717567	MATCHED					NOT_APPLICABLE	=	0.125	=	0.125	=	0.125	CORRECT
1781	34589061	CNS242	trimethoprim/sulfamethoxazole	trimethoprim/sulfamethoxazole	1290.599	SAMN10717567	MATCHED					NOT_APPLICABLE	=	1.0	=	1	=	1	CORRECT
1782	34589061	CNS242	erythromycin	erythromycin	1290.599	SAMN10717567	MATCHED					NOT_APPLICABLE	=	32	=	32	=	32	CORRECT
1783	34589061	CNS242	clindamycin	clindamycin	1290.599	SAMN10717567	MATCHED					NOT_APPLICABLE	>	64	>	64	>	64	CORRECT
1784	34589061	CNS243	oxacillin	oxacillin	1282.6556	SAMN10717568	MATCHED					NOT_APPLICABLE	=	64	=	64	=	64	CORRECT
1785	34589061	CNS243	cefoxitin	cefoxitin	1282.6556	SAMN10717568	MATCHED					NOT_APPLICABLE	=	64	=	64	=	64	CORRECT
1786	34589061	CNS243	linezolid	linezolid	1282.6556	SAMN10717568	MATCHED					NOT_APPLICABLE	>	32	>	32	>	32	CORRECT
1787	34589061	CNS243	tedizolid	tedizolid	1282.6556	SAMN10717568	MATCHED					NOT_APPLICABLE	=	16	=	16	=	16	CORRECT
1788	34589061	CNS243	vancomycin	vancomycin	1282.6556	SAMN10717568	MATCHED					NOT_APPLICABLE	=	2	=	2	=	2	CORRECT
1789	34589061	CNS243	oritavancin	oritavancin	1282.6556	SAMN10717568	MATCHED					NOT_APPLICABLE	=	0.125	=	0.125	=	0.125	CORRECT
1790	34589061	CNS243	dalbavancin	dalbavancin	1282.6556	SAMN10717568	MATCHED					NOT_APPLICABLE	<	0.03	<	0.03	<	0.03	CORRECT
1791	34589061	CNS243	telavancin	telavancin	1282.6556	SAMN10717568	MATCHED					NOT_APPLICABLE	=	0.06	=	0.06	=	0.06	CORRECT
1792	34589061	CNS243	teicoplanin	teicoplanin	1282.6556	SAMN10717568	MATCHED					NOT_APPLICABLE	=	2.0	=	2	=	2	CORRECT
1793	34589061	CNS243	daptomycin	daptomycin	1282.6556	SAMN10717568	MATCHED					NOT_APPLICABLE	=	0.25	=	0.25	=	0.25	CORRECT
1794	34589061	CNS243	tigecycline	tigecycline	1282.6556	SAMN10717568	MATCHED					NOT_APPLICABLE	=	0.25	=	0.25	=	0.25	CORRECT
1795	34589061	CNS243	tetracycline	tetracycline	1282.6556	SAMN10717568	MATCHED					NOT_APPLICABLE	=	2	=	2	=	2	CORRECT
1796	34589061	CNS243	ceftaroline	ceftaroline	1282.6556	SAMN10717568	MATCHED					NOT_APPLICABLE	=	0.25	=	0.25	=	0.25	CORRECT
1797	34589061	CNS243	rifampin	rifampin	1282.6556	SAMN10717568	MATCHED					NOT_APPLICABLE	>	4	>	4	>	4	CORRECT
1798	34589061	CNS243	ciprofloxacin	ciprofloxacin	1282.6556	SAMN10717568	MATCHED					NOT_APPLICABLE	=	256	=	256	=	256	CORRECT
1799	34589061	CNS243	moxifloxacin	moxifloxacin	1282.6556	SAMN10717568	MATCHED					NOT_APPLICABLE	=	2.0	=	2	=	2	CORRECT
1800	34589061	CNS243	gentamicin	gentamicin	1282.6556	SAMN10717568	MATCHED					NOT_APPLICABLE	>	128	>	128	>	128	CORRECT
1801	34589061	CNS243	mupirocin	mupirocin	1282.6556	SAMN10717568	MATCHED					NOT_APPLICABLE	=	16	=	16	=	16	CORRECT
1802	34589061	CNS243	fusidic acid	fusidic acid	1282.6556	SAMN10717568	MATCHED					NOT_APPLICABLE	=	16.0	=	16	=	16	CORRECT
1803	34589061	CNS243	trimethoprim/sulfamethoxazole	trimethoprim/sulfamethoxazole	1282.6556	SAMN10717568	MATCHED					NOT_APPLICABLE	=	16.0	=	16	=	16	CORRECT
1804	34589061	CNS243	erythromycin	erythromycin	1282.6556	SAMN10717568	MATCHED					NOT_APPLICABLE	=	8	=	8	=	8	CORRECT
1805	34589061	CNS243	clindamycin	clindamycin	1282.6556	SAMN10717568	MATCHED					NOT_APPLICABLE	=	4	=	4	=	4	CORRECT
1806	34589061	CNS244	oxacillin	oxacillin	1282.6560	SAMN10717569	MATCHED					NOT_APPLICABLE	=	64	=	64	=	64	CORRECT
1807	34589061	CNS244	cefoxitin	cefoxitin	1282.6560	SAMN10717569	MATCHED					NOT_APPLICABLE	=	64	=	64	=	64	CORRECT
1808	34589061	CNS244	linezolid	linezolid	1282.6560	SAMN10717569	MATCHED					NOT_APPLICABLE	>	32	>	32	>	32	CORRECT
1809	34589061	CNS244	tedizolid	tedizolid	1282.6560	SAMN10717569	MATCHED					NOT_APPLICABLE	=	16	=	16	=	16	CORRECT
1810	34589061	CNS244	vancomycin	vancomycin	1282.6560	SAMN10717569	MATCHED					NOT_APPLICABLE	=	2	=	2	=	2	CORRECT
1811	34589061	CNS244	oritavancin	oritavancin	1282.6560	SAMN10717569	MATCHED					NOT_APPLICABLE	<	0.03	<	0.03	<	0.03	CORRECT
1812	34589061	CNS244	dalbavancin	dalbavancin	1282.6560	SAMN10717569	MATCHED					NOT_APPLICABLE	=	0.03	=	0.03	=	0.03	CORRECT
1813	34589061	CNS244	telavancin	telavancin	1282.6560	SAMN10717569	MATCHED					NOT_APPLICABLE	=	0.06	=	0.06	=	0.06	CORRECT
1814	34589061	CNS244	teicoplanin	teicoplanin	1282.6560	SAMN10717569	MATCHED					NOT_APPLICABLE	=	4.0	=	4	=	4	CORRECT
1815	34589061	CNS244	daptomycin	daptomycin	1282.6560	SAMN10717569	MATCHED					NOT_APPLICABLE	=	0.25	=	0.25	=	0.25	CORRECT
1816	34589061	CNS244	tigecycline	tigecycline	1282.6560	SAMN10717569	MATCHED					NOT_APPLICABLE	=	0.125	=	0.125	=	0.125	CORRECT
1817	34589061	CNS244	tetracycline	tetracycline	1282.6560	SAMN10717569	MATCHED					NOT_APPLICABLE	=	0.5	=	0.5	=	0.5	CORRECT
1818	34589061	CNS244	ceftaroline	ceftaroline	1282.6560	SAMN10717569	MATCHED					NOT_APPLICABLE	=	0.25	=	0.25	=	0.25	CORRECT
1819	34589061	CNS244	rifampin	rifampin	1282.6560	SAMN10717569	MATCHED					NOT_APPLICABLE	>	4	>	4	>	4	CORRECT
1820	34589061	CNS244	ciprofloxacin	ciprofloxacin	1282.6560	SAMN10717569	MATCHED					NOT_APPLICABLE	=	64	=	64	=	64	CORRECT
1821	34589061	CNS244	moxifloxacin	moxifloxacin	1282.6560	SAMN10717569	MATCHED					NOT_APPLICABLE	=	2.0	=	2	=	2	CORRECT
1822	34589061	CNS244	gentamicin	gentamicin	1282.6560	SAMN10717569	MATCHED					NOT_APPLICABLE	>	128	>	128	>	128	CORRECT
1823	34589061	CNS244	mupirocin	mupirocin	1282.6560	SAMN10717569	MATCHED					NOT_APPLICABLE	=	16	=	16	=	16	CORRECT
1824	34589061	CNS244	fusidic acid	fusidic acid	1282.6560	SAMN10717569	MATCHED					NOT_APPLICABLE	=	8.0	=	8	=	8	CORRECT
1825	34589061	CNS244	trimethoprim/sulfamethoxazole	trimethoprim/sulfamethoxazole	1282.6560	SAMN10717569	MATCHED					NOT_APPLICABLE	=	16.0	=	16	=	16	CORRECT
1826	34589061	CNS244	erythromycin	erythromycin	1282.6560	SAMN10717569	MATCHED					NOT_APPLICABLE	=	8	=	8	=	8	CORRECT
1827	34589061	CNS244	clindamycin	clindamycin	1282.6560	SAMN10717569	MATCHED					NOT_APPLICABLE	=	2	=	2	=	2	CORRECT
1828	34589061	CNS245	oxacillin	oxacillin	1290.598	SAMN10717570	MATCHED					NOT_APPLICABLE	>	512	>	512	>	512	CORRECT
1829	34589061	CNS245	cefoxitin	cefoxitin	1290.598	SAMN10717570	MATCHED					NOT_APPLICABLE	=	512	=	512	=	512	CORRECT
1830	34589061	CNS245	linezolid	linezolid	1290.598	SAMN10717570	MATCHED					NOT_APPLICABLE	>	32	>	32	>	32	CORRECT
1831	34589061	CNS245	tedizolid	tedizolid	1290.598	SAMN10717570	MATCHED					NOT_APPLICABLE	=	8	=	8	=	8	CORRECT
1832	34589061	CNS245	vancomycin	vancomycin	1290.598	SAMN10717570	MATCHED					NOT_APPLICABLE	=	2	=	2	=	2	CORRECT
1833	34589061	CNS245	oritavancin	oritavancin	1290.598	SAMN10717570	MATCHED					NOT_APPLICABLE	=	0.125	=	0.125	=	0.125	CORRECT
1834	34589061	CNS245	dalbavancin	dalbavancin	1290.598	SAMN10717570	MATCHED					NOT_APPLICABLE	=	0.125	=	0.125	=	0.125	CORRECT
1835	34589061	CNS245	telavancin	telavancin	1290.598	SAMN10717570	MATCHED					NOT_APPLICABLE	=	0.125	=	0.125	=	0.125	CORRECT
1836	34589061	CNS245	teicoplanin	teicoplanin	1290.598	SAMN10717570	MATCHED					NOT_APPLICABLE	=	16.0	=	16	=	16	CORRECT
1837	34589061	CNS245	daptomycin	daptomycin	1290.598	SAMN10717570	MATCHED					NOT_APPLICABLE	=	0.25	=	0.25	=	0.25	CORRECT
1838	34589061	CNS245	tigecycline	tigecycline	1290.598	SAMN10717570	MATCHED					NOT_APPLICABLE	=	0.25	=	0.25	=	0.25	CORRECT
1839	34589061	CNS245	tetracycline	tetracycline	1290.598	SAMN10717570	MATCHED					NOT_APPLICABLE	>	64	>	64	>	64	CORRECT
1840	34589061	CNS245	ceftaroline	ceftaroline	1290.598	SAMN10717570	MATCHED					NOT_APPLICABLE	=	1.0	=	1	=	1	CORRECT
1841	34589061	CNS245	rifampin	rifampin	1290.598	SAMN10717570	MATCHED					NOT_APPLICABLE	=	1	=	1	=	1	CORRECT
1842	34589061	CNS245	ciprofloxacin	ciprofloxacin	1290.598	SAMN10717570	MATCHED					NOT_APPLICABLE	=	16	=	16	=	16	CORRECT
1843	34589061	CNS245	moxifloxacin	moxifloxacin	1290.598	SAMN10717570	MATCHED					NOT_APPLICABLE	=	0.5	=	0.5	=	0.5	CORRECT
1844	34589061	CNS245	gentamicin	gentamicin	1290.598	SAMN10717570	MATCHED					NOT_APPLICABLE	=	16	=	16	=	16	CORRECT
1845	34589061	CNS245	mupirocin	mupirocin	1290.598	SAMN10717570	MATCHED					NOT_APPLICABLE	=	1	=	1	=	1	CORRECT
1846	34589061	CNS245	fusidic acid	fusidic acid	1290.598	SAMN10717570	MATCHED					NOT_APPLICABLE	=	0.125	=	0.125	=	0.125	CORRECT
1847	34589061	CNS245	trimethoprim/sulfamethoxazole	trimethoprim/sulfamethoxazole	1290.598	SAMN10717570	MATCHED					NOT_APPLICABLE	=	0.5	=	0.5	=	0.5	CORRECT
1848	34589061	CNS245	erythromycin	erythromycin	1290.598	SAMN10717570	MATCHED					NOT_APPLICABLE	=	32	=	32	=	32	CORRECT
1849	34589061	CNS245	clindamycin	clindamycin	1290.598	SAMN10717570	MATCHED					NOT_APPLICABLE	>	64	>	64	>	64	CORRECT
1850	34589061	SA0658	oxacillin	oxacillin	1282.6531	SAMN06829247	MATCHED					NOT_APPLICABLE	=	256	=	256	=	256	CORRECT
1851	34589061	SA0658	cefoxitin	cefoxitin	1282.6531	SAMN06829247	MATCHED					NOT_APPLICABLE	=	256	=	256	=	256	CORRECT
1852	34589061	SA0658	linezolid	linezolid	1282.6531	SAMN06829247	MATCHED					NOT_APPLICABLE	=	32	=	32	=	32	CORRECT
1853	34589061	SA0658	tedizolid	tedizolid	1282.6531	SAMN06829247	MATCHED					NOT_APPLICABLE	=	4	=	4	=	4	CORRECT
1854	34589061	SA0658	vancomycin	vancomycin	1282.6531	SAMN06829247	MATCHED					NOT_APPLICABLE	=	2	=	2	=	2	CORRECT
1855	34589061	SA0658	oritavancin	oritavancin	1282.6531	SAMN06829247	MATCHED					NOT_APPLICABLE	=	0.125	=	0.125	=	0.125	CORRECT
1856	34589061	SA0658	dalbavancin	dalbavancin	1282.6531	SAMN06829247	MATCHED					NOT_APPLICABLE	=	0.06	=	0.06	=	0.06	CORRECT
1857	34589061	SA0658	telavancin	telavancin	1282.6531	SAMN06829247	MATCHED					NOT_APPLICABLE	=	0.125	=	0.125	=	0.125	CORRECT
1858	34589061	SA0658	teicoplanin	teicoplanin	1282.6531	SAMN06829247	MATCHED					NOT_APPLICABLE	=	16.0	=	16	=	16	CORRECT
1859	34589061	SA0658	daptomycin	daptomycin	1282.6531	SAMN06829247	MATCHED					NOT_APPLICABLE	=	0.125	=	0.125	=	0.125	CORRECT
1860	34589061	SA0658	tigecycline	tigecycline	1282.6531	SAMN06829247	MATCHED					NOT_APPLICABLE	=	0.25	=	0.25	=	0.25	CORRECT
1861	34589061	SA0658	tetracycline	tetracycline	1282.6531	SAMN06829247	MATCHED					NOT_APPLICABLE	=	2	=	2	=	2	CORRECT
1862	34589061	SA0658	ceftaroline	ceftaroline	1282.6531	SAMN06829247	MATCHED					NOT_APPLICABLE	=	0.5	=	0.5	=	0.5	CORRECT
1863	34589061	SA0658	rifampin	rifampin	1282.6531	SAMN06829247	MATCHED					NOT_APPLICABLE	>	4	>	4	>	4	CORRECT
1864	34589061	SA0658	ciprofloxacin	ciprofloxacin	1282.6531	SAMN06829247	MATCHED					NOT_APPLICABLE	=	8	=	8	=	8	CORRECT
1865	34589061	SA0658	moxifloxacin	moxifloxacin	1282.6531	SAMN06829247	MATCHED					NOT_APPLICABLE	=	2.0	=	2	=	2	CORRECT
1866	34589061	SA0658	gentamicin	gentamicin	1282.6531	SAMN06829247	MATCHED					NOT_APPLICABLE	=	128	=	128	=	128	CORRECT
1867	34589061	SA0658	mupirocin	mupirocin	1282.6531	SAMN06829247	MATCHED					NOT_APPLICABLE	=	16	=	16	=	16	CORRECT
1868	34589061	SA0658	fusidic acid	fusidic acid	1282.6531	SAMN06829247	MATCHED					NOT_APPLICABLE	=	2.0	=	2	=	2	CORRECT
1869	34589061	SA0658	trimethoprim/sulfamethoxazole	trimethoprim/sulfamethoxazole	1282.6531	SAMN06829247	MATCHED					NOT_APPLICABLE	=	4.0	=	4	=	4	CORRECT
1870	34589061	SA0658	erythromycin	erythromycin	1282.6531	SAMN06829247	MATCHED					NOT_APPLICABLE	=	128	=	128	=	128	CORRECT
1871	34589061	SA0658	clindamycin	clindamycin	1282.6531	SAMN06829247	MATCHED					NOT_APPLICABLE	=	2	=	2	=	2	CORRECT
