extracted_row	pmid	isolate_id	drug	normalized_drug	genome_id	matched_accessions	genome_match_status	extracted_sir_raw	extracted_sir	ground_truth_sir_raw	ground_truth_sir	sir_result	extracted_mic_sign_raw	extracted_mic_raw	extracted_mic_sign	extracted_mic	ground_truth_mic_sign	ground_truth_mic	mic_result
2	35756053	1D-001	ampicillin	ampicillin			NO_GENOME_MATCH					NOT_EVALUATED	>	32	>	32			NOT_EVALUATED
3	35756053	1D-001	cefazolin	cefazolin			NO_GENOME_MATCH					NOT_EVALUATED	<=	4	<=	4			NOT_EVALUATED
4	35756053	1D-001	meropenem	meropenem			NO_GENOME_MATCH					NOT_EVALUATED	<=	1	<=	1			NOT_EVALUATED
5	35756053	1D-001	gentamicin	gentamicin			NO_GENOME_MATCH					NOT_EVALUATED	<=	2	<=	2			NOT_EVALUATED
6	35756053	1D-001	ciprofloxacin	ciprofloxacin			NO_GENOME_MATCH					NOT_EVALUATED	<=	0.5	<=	0.5			NOT_EVALUATED
7	35756053	1D-001	cefoxitin	cefoxitin			NO_GENOME_MATCH					NOT_EVALUATED	<=	4	<=	4			NOT_EVALUATED
8	35756053	1D-001	trimethoprim	trimethoprim			NO_GENOME_MATCH					NOT_EVALUATED	<=	0.5/9.5	<=	0.5/9.5			NOT_EVALUATED
9	35756053	1D-001	tobramycin	tobramycin			NO_GENOME_MATCH					NOT_EVALUATED	<=	4	<=	4			NOT_EVALUATED
10	35756053	1D-001	tigecycline	tigecycline			NO_GENOME_MATCH					NOT_EVALUATED	<=	1	<=	1			NOT_EVALUATED
11	35756053	1D-001	tetracycline	tetracycline			NO_GENOME_MATCH					NOT_EVALUATED	>	16	>	16			NOT_EVALUATED
12	35756053	1D-002	ampicillin	ampicillin			NO_GENOME_MATCH					NOT_EVALUATED	<=	4	<=	4			NOT_EVALUATED
13	35756053	1D-002	cefazolin	cefazolin			NO_GENOME_MATCH					NOT_EVALUATED	<=	4	<=	4			NOT_EVALUATED
14	35756053	1D-002	meropenem	meropenem			NO_GENOME_MATCH					NOT_EVALUATED	<=	1	<=	1			NOT_EVALUATED
15	35756053	1D-002	gentamicin	gentamicin			NO_GENOME_MATCH					NOT_EVALUATED	<=	2	<=	2			NOT_EVALUATED
16	35756053	1D-002	ciprofloxacin	ciprofloxacin			NO_GENOME_MATCH					NOT_EVALUATED	<=	0.5	<=	0.5			NOT_EVALUATED
17	35756053	1D-002	cefoxitin	cefoxitin			NO_GENOME_MATCH					NOT_EVALUATED	<=	4	<=	4			NOT_EVALUATED
18	35756053	1D-002	trimethoprim	trimethoprim			NO_GENOME_MATCH					NOT_EVALUATED	<=	0.5/9.5	<=	0.5/9.5			NOT_EVALUATED
19	35756053	1D-002	tobramycin	tobramycin			NO_GENOME_MATCH					NOT_EVALUATED	<=	4	<=	4			NOT_EVALUATED
20	35756053	1D-002	tigecycline	tigecycline			NO_GENOME_MATCH					NOT_EVALUATED	<=	1	<=	1			NOT_EVALUATED
21	35756053	1D-002	tetracycline	tetracycline			NO_GENOME_MATCH					NOT_EVALUATED	=	1	=	1			NOT_EVALUATED
22	35756053	1D-003	ampicillin	ampicillin			NO_GENOME_MATCH					NOT_EVALUATED	>	32	>	32			NOT_EVALUATED
23	35756053	1D-003	cefazolin	cefazolin			NO_GENOME_MATCH					NOT_EVALUATED	<=	4	<=	4			NOT_EVALUATED
24	35756053	1D-003	meropenem	meropenem			NO_GENOME_MATCH					NOT_EVALUATED	<=	1	<=	1			NOT_EVALUATED
25	35756053	1D-003	gentamicin	gentamicin			NO_GENOME_MATCH					NOT_EVALUATED	>	16	>	16			NOT_EVALUATED
26	35756053	1D-003	ciprofloxacin	ciprofloxacin			NO_GENOME_MATCH					NOT_EVALUATED	<=	0.5	<=	0.5			NOT_EVALUATED
27	35756053	1D-003	cefoxitin	cefoxitin			NO_GENOME_MATCH					NOT_EVALUATED	<=	4	<=	4			NOT_EVALUATED
28	35756053	1D-003	trimethoprim	trimethoprim			NO_GENOME_MATCH					NOT_EVALUATED	<=	0.5/9.5	<=	0.5/9.5			NOT_EVALUATED
29	35756053	1D-003	tobramycin	tobramycin			NO_GENOME_MATCH					NOT_EVALUATED	>	8	>	8			NOT_EVALUATED
30	35756053	1D-003	tigecycline	tigecycline			NO_GENOME_MATCH					NOT_EVALUATED	<=	1	<=	1			NOT_EVALUATED
31	35756053	1D-003	tetracycline	tetracycline			NO_GENOME_MATCH					NOT_EVALUATED	=	2	=	2			NOT_EVALUATED
32	35756053	1D-004	ampicillin	ampicillin			NO_GENOME_MATCH					NOT_EVALUATED	>	32	>	32			NOT_EVALUATED
33	35756053	1D-004	cefazolin	cefazolin			NO_GENOME_MATCH					NOT_EVALUATED	<=	4	<=	4			NOT_EVALUATED
34	35756053	1D-004	meropenem	meropenem			NO_GENOME_MATCH					NOT_EVALUATED	<=	1	<=	1			NOT_EVALUATED
35	35756053	1D-004	gentamicin	gentamicin			NO_GENOME_MATCH					NOT_EVALUATED	<=	2	<=	2			NOT_EVALUATED
36	35756053	1D-004	ciprofloxacin	ciprofloxacin			NO_GENOME_MATCH					NOT_EVALUATED	>	4	>	4			NOT_EVALUATED
37	35756053	1D-004	cefoxitin	cefoxitin			NO_GENOME_MATCH					NOT_EVALUATED	<=	4	<=	4			NOT_EVALUATED
38	35756053	1D-004	trimethoprim	trimethoprim			NO_GENOME_MATCH					NOT_EVALUATED	<=	0.5/9.5	<=	0.5/9.5			NOT_EVALUATED
39	35756053	1D-004	tobramycin	tobramycin			NO_GENOME_MATCH					NOT_EVALUATED	<=	4	<=	4			NOT_EVALUATED
40	35756053	1D-004	tigecycline	tigecycline			NO_GENOME_MATCH					NOT_EVALUATED	<=	1	<=	1			NOT_EVALUATED
41	35756053	1D-004	tetracycline	tetracycline			NO_GENOME_MATCH					NOT_EVALUATED	=	1	=	1			NOT_EVALUATED
42	35756053	1D-005	ampicillin	ampicillin			NO_GENOME_MATCH					NOT_EVALUATED	>	32	>	32			NOT_EVALUATED
43	35756053	1D-005	cefazolin	cefazolin			NO_GENOME_MATCH					NOT_EVALUATED	>	32	>	32			NOT_EVALUATED
44	35756053	1D-005	meropenem	meropenem			NO_GENOME_MATCH					NOT_EVALUATED	<=	1	<=	1			NOT_EVALUATED
45	35756053	1D-005	gentamicin	gentamicin			NO_GENOME_MATCH					NOT_EVALUATED	<=	2	<=	2			NOT_EVALUATED
46	35756053	1D-005	ciprofloxacin	ciprofloxacin			NO_GENOME_MATCH					NOT_EVALUATED	>	4	>	4			NOT_EVALUATED
47	35756053	1D-005	cefoxitin	cefoxitin			NO_GENOME_MATCH					NOT_EVALUATED	=	8	=	8			NOT_EVALUATED
48	35756053	1D-005	trimethoprim	trimethoprim			NO_GENOME_MATCH					NOT_EVALUATED	>	4/76	>	4/76			NOT_EVALUATED
49	35756053	1D-005	tobramycin	tobramycin			NO_GENOME_MATCH					NOT_EVALUATED	<=	4	<=	4			NOT_EVALUATED
50	35756053	1D-005	tigecycline	tigecycline			NO_GENOME_MATCH					NOT_EVALUATED	<=	1	<=	1			NOT_EVALUATED
51	35756053	1D-005	tetracycline	tetracycline			NO_GENOME_MATCH					NOT_EVALUATED	=	2	=	2			NOT_EVALUATED
52	35756053	1D-006	ampicillin	ampicillin			NO_GENOME_MATCH					NOT_EVALUATED	<=	4	<=	4			NOT_EVALUATED
53	35756053	1D-006	cefazolin	cefazolin			NO_GENOME_MATCH					NOT_EVALUATED	<=	4	<=	4			NOT_EVALUATED
54	35756053	1D-006	meropenem	meropenem			NO_GENOME_MATCH					NOT_EVALUATED	<=	1	<=	1			NOT_EVALUATED
55	35756053	1D-006	gentamicin	gentamicin			NO_GENOME_MATCH					NOT_EVALUATED	<=	2	<=	2			NOT_EVALUATED
56	35756053	1D-006	ciprofloxacin	ciprofloxacin			NO_GENOME_MATCH					NOT_EVALUATED	<=	0.5	<=	0.5			NOT_EVALUATED
57	35756053	1D-006	cefoxitin	cefoxitin			NO_GENOME_MATCH					NOT_EVALUATED	<=	4	<=	4			NOT_EVALUATED
58	35756053	1D-006	trimethoprim	trimethoprim			NO_GENOME_MATCH					NOT_EVALUATED	<=	0.5/9.5	<=	0.5/9.5			NOT_EVALUATED
59	35756053	1D-006	tobramycin	tobramycin			NO_GENOME_MATCH					NOT_EVALUATED	<=	4	<=	4			NOT_EVALUATED
60	35756053	1D-006	tigecycline	tigecycline			NO_GENOME_MATCH					NOT_EVALUATED	<=	1	<=	1			NOT_EVALUATED
61	35756053	1D-006	tetracycline	tetracycline			NO_GENOME_MATCH					NOT_EVALUATED	=	1	=	1			NOT_EVALUATED
62	35756053	1D-007	ampicillin	ampicillin			NO_GENOME_MATCH					NOT_EVALUATED	<=	4	<=	4			NOT_EVALUATED
63	35756053	1D-007	cefazolin	cefazolin			NO_GENOME_MATCH					NOT_EVALUATED	<=	4	<=	4			NOT_EVALUATED
64	35756053	1D-007	meropenem	meropenem			NO_GENOME_MATCH					NOT_EVALUATED	<=	1	<=	1			NOT_EVALUATED
65	35756053	1D-007	gentamicin	gentamicin			NO_GENOME_MATCH					NOT_EVALUATED	<=	2	<=	2			NOT_EVALUATED
66	35756053	1D-007	ciprofloxacin	ciprofloxacin			NO_GENOME_MATCH					NOT_EVALUATED	<=	0.5	<=	0.5			NOT_EVALUATED
67	35756053	1D-007	cefoxitin	cefoxitin			NO_GENOME_MATCH					NOT_EVALUATED	<=	4	<=	4			NOT_EVALUATED
68	35756053	1D-007	trimethoprim	trimethoprim			NO_GENOME_MATCH					NOT_EVALUATED	<=	0.5/9.5	<=	0.5/9.5			NOT_EVALUATED
69	35756053	1D-007	tobramycin	tobramycin			NO_GENOME_MATCH					NOT_EVALUATED	<=	4	<=	4			NOT_EVALUATED
70	35756053	1D-007	tigecycline	tigecycline			NO_GENOME_MATCH					NOT_EVALUATED	<=	1	<=	1			NOT_EVALUATED
71	35756053	1D-007	tetracycline	tetracycline			NO_GENOME_MATCH					NOT_EVALUATED	=	2	=	2			NOT_EVALUATED
72	35756053	1D-008	ampicillin	ampicillin			NO_GENOME_MATCH					NOT_EVALUATED	<=	4	<=	4			NOT_EVALUATED
73	35756053	1D-008	cefazolin	cefazolin			NO_GENOME_MATCH					NOT_EVALUATED	<=	4	<=	4			NOT_EVALUATED
74	35756053	1D-008	meropenem	meropenem			NO_GENOME_MATCH					NOT_EVALUATED	<=	1	<=	1			NOT_EVALUATED
75	35756053	1D-008	gentamicin	gentamicin			NO_GENOME_MATCH					NOT_EVALUATED	<=	2	<=	2			NOT_EVALUATED
76	35756053	1D-008	ciprofloxacin	ciprofloxacin			NO_GENOME_MATCH					NOT_EVALUATED	<=	0.5	<=	0.5			NOT_EVALUATED
77	35756053	1D-008	cefoxitin	cefoxitin			NO_GENOME_MATCH					NOT_EVALUATED	=	8	=	8			NOT_EVALUATED
78	35756053	1D-008	trimethoprim	trimethoprim			NO_GENOME_MATCH					NOT_EVALUATED	<=	0.5/9.5	<=	0.5/9.5			NOT_EVALUATED
79	35756053	1D-008	tobramycin	tobramycin			NO_GENOME_MATCH					NOT_EVALUATED	<=	4	<=	4			NOT_EVALUATED
80	35756053	1D-008	tigecycline	tigecycline			NO_GENOME_MATCH					NOT_EVALUATED	<=	1	<=	1			NOT_EVALUATED
81	35756053	1D-008	tetracycline	tetracycline			NO_GENOME_MATCH					NOT_EVALUATED	=	2	=	2			NOT_EVALUATED
82	35756053	1D-009	ampicillin	ampicillin			NO_GENOME_MATCH					NOT_EVALUATED	>	32	>	32			NOT_EVALUATED
83	35756053	1D-009	cefazolin	cefazolin			NO_GENOME_MATCH					NOT_EVALUATED	<=	4	<=	4			NOT_EVALUATED
84	35756053	1D-009	meropenem	meropenem			NO_GENOME_MATCH					NOT_EVALUATED	<=	1	<=	1			NOT_EVALUATED
85	35756053	1D-009	gentamicin	gentamicin			NO_GENOME_MATCH					NOT_EVALUATED	<=	2	<=	2			NOT_EVALUATED
86	35756053	1D-009	ciprofloxacin	ciprofloxacin			NO_GENOME_MATCH					NOT_EVALUATED	<=	0.5	<=	0.5			NOT_EVALUATED
87	35756053	1D-009	cefoxitin	cefoxitin			NO_GENOME_MATCH					NOT_EVALUATED	<=	4	<=	4			NOT_EVALUATED
88	35756053	1D-009	trimethoprim	trimethoprim			NO_GENOME_MATCH					NOT_EVALUATED	<=	0.5/9.5	<=	0.5/9.5			NOT_EVALUATED
89	35756053	1D-009	tobramycin	tobramycin			NO_GENOME_MATCH					NOT_EVALUATED	<=	4	<=	4			NOT_EVALUATED
90	35756053	1D-009	tigecycline	tigecycline			NO_GENOME_MATCH					NOT_EVALUATED	<=	1	<=	1			NOT_EVALUATED
91	35756053	1D-009	tetracycline	tetracycline			NO_GENOME_MATCH					NOT_EVALUATED	>	16	>	16			NOT_EVALUATED
92	35756053	1D-010	ampicillin	ampicillin			NO_GENOME_MATCH					NOT_EVALUATED	<=	4	<=	4			NOT_EVALUATED
93	35756053	1D-010	cefazolin	cefazolin			NO_GENOME_MATCH					NOT_EVALUATED	<=	4	<=	4			NOT_EVALUATED
94	35756053	1D-010	meropenem	meropenem			NO_GENOME_MATCH					NOT_EVALUATED	<=	1	<=	1			NOT_EVALUATED
95	35756053	1D-010	gentamicin	gentamicin			NO_GENOME_MATCH					NOT_EVALUATED	<=	2	<=	2			NOT_EVALUATED
96	35756053	1D-010	ciprofloxacin	ciprofloxacin			NO_GENOME_MATCH					NOT_EVALUATED	<=	0.5	<=	0.5			NOT_EVALUATED
97	35756053	1D-010	cefoxitin	cefoxitin			NO_GENOME_MATCH					NOT_EVALUATED	<=	4	<=	4			NOT_EVALUATED
98	35756053	1D-010	trimethoprim	trimethoprim			NO_GENOME_MATCH					NOT_EVALUATED	<=	0.5/9.5	<=	0.5/9.5			NOT_EVALUATED
99	35756053	1D-010	tobramycin	tobramycin			NO_GENOME_MATCH					NOT_EVALUATED	<=	4	<=	4			NOT_EVALUATED
100	35756053	1D-010	tigecycline	tigecycline			NO_GENOME_MATCH					NOT_EVALUATED	<=	1	<=	1			NOT_EVALUATED
101	35756053	1D-010	tetracycline	tetracycline			NO_GENOME_MATCH					NOT_EVALUATED	=	1	=	1			NOT_EVALUATED
102	35756053	1D-011	ampicillin	ampicillin			NO_GENOME_MATCH					NOT_EVALUATED	=	8	=	8			NOT_EVALUATED
103	35756053	1D-011	cefazolin	cefazolin			NO_GENOME_MATCH					NOT_EVALUATED	<=	4	<=	4			NOT_EVALUATED
104	35756053	1D-011	meropenem	meropenem			NO_GENOME_MATCH					NOT_EVALUATED	<=	1	<=	1			NOT_EVALUATED
105	35756053	1D-011	gentamicin	gentamicin			NO_GENOME_MATCH					NOT_EVALUATED	<=	2	<=	2			NOT_EVALUATED
106	35756053	1D-011	ciprofloxacin	ciprofloxacin			NO_GENOME_MATCH					NOT_EVALUATED	>	4	>	4			NOT_EVALUATED
107	35756053	1D-011	cefoxitin	cefoxitin			NO_GENOME_MATCH					NOT_EVALUATED	=	8	=	8			NOT_EVALUATED
108	35756053	1D-011	trimethoprim	trimethoprim			NO_GENOME_MATCH					NOT_EVALUATED	<=	0.5/9.5	<=	0.5/9.5			NOT_EVALUATED
109	35756053	1D-011	tobramycin	tobramycin			NO_GENOME_MATCH					NOT_EVALUATED	<=	4	<=	4			NOT_EVALUATED
110	35756053	1D-011	tigecycline	tigecycline			NO_GENOME_MATCH					NOT_EVALUATED	<=	1	<=	1			NOT_EVALUATED
111	35756053	1D-011	tetracycline	tetracycline			NO_GENOME_MATCH					NOT_EVALUATED	>	16	>	16			NOT_EVALUATED
112	35756053	1D-012	ampicillin	ampicillin			NO_GENOME_MATCH					NOT_EVALUATED	<=	4	<=	4			NOT_EVALUATED
113	35756053	1D-012	cefazolin	cefazolin			NO_GENOME_MATCH					NOT_EVALUATED	<=	4	<=	4			NOT_EVALUATED
114	35756053	1D-012	meropenem	meropenem			NO_GENOME_MATCH					NOT_EVALUATED	<=	1	<=	1			NOT_EVALUATED
115	35756053	1D-012	gentamicin	gentamicin			NO_GENOME_MATCH					NOT_EVALUATED	<=	2	<=	2			NOT_EVALUATED
116	35756053	1D-012	ciprofloxacin	ciprofloxacin			NO_GENOME_MATCH					NOT_EVALUATED	<=	0.5	<=	0.5			NOT_EVALUATED
117	35756053	1D-012	cefoxitin	cefoxitin			NO_GENOME_MATCH					NOT_EVALUATED	=	8	=	8			NOT_EVALUATED
118	35756053	1D-012	trimethoprim	trimethoprim			NO_GENOME_MATCH					NOT_EVALUATED	<=	0.5/9.5	<=	0.5/9.5			NOT_EVALUATED
119	35756053	1D-012	tobramycin	tobramycin			NO_GENOME_MATCH					NOT_EVALUATED	<=	4	<=	4			NOT_EVALUATED
120	35756053	1D-012	tigecycline	tigecycline			NO_GENOME_MATCH					NOT_EVALUATED	<=	1	<=	1			NOT_EVALUATED
121	35756053	1D-012	tetracycline	tetracycline			NO_GENOME_MATCH					NOT_EVALUATED	=	2	=	2			NOT_EVALUATED
122	35756053	1D-014	ampicillin	ampicillin			NO_GENOME_MATCH					NOT_EVALUATED	>	32	>	32			NOT_EVALUATED
123	35756053	1D-014	cefazolin	cefazolin			NO_GENOME_MATCH					NOT_EVALUATED	<=	4	<=	4			NOT_EVALUATED
124	35756053	1D-014	meropenem	meropenem			NO_GENOME_MATCH					NOT_EVALUATED	<=	1	<=	1			NOT_EVALUATED
125	35756053	1D-014	gentamicin	gentamicin			NO_GENOME_MATCH					NOT_EVALUATED	<=	2	<=	2			NOT_EVALUATED
126	35756053	1D-014	ciprofloxacin	ciprofloxacin			NO_GENOME_MATCH					NOT_EVALUATED	<=	0.5	<=	0.5			NOT_EVALUATED
127	35756053	1D-014	cefoxitin	cefoxitin			NO_GENOME_MATCH					NOT_EVALUATED	<=	4	<=	4			NOT_EVALUATED
128	35756053	1D-014	trimethoprim	trimethoprim			NO_GENOME_MATCH					NOT_EVALUATED	<=	0.5/9.5	<=	0.5/9.5			NOT_EVALUATED
129	35756053	1D-014	tobramycin	tobramycin			NO_GENOME_MATCH					NOT_EVALUATED	<=	4	<=	4			NOT_EVALUATED
130	35756053	1D-014	tigecycline	tigecycline			NO_GENOME_MATCH					NOT_EVALUATED	<=	1	<=	1			NOT_EVALUATED
131	35756053	1D-014	tetracycline	tetracycline			NO_GENOME_MATCH					NOT_EVALUATED	>	16	>	16			NOT_EVALUATED
132	35756053	1D-015	ampicillin	ampicillin			NO_GENOME_MATCH					NOT_EVALUATED	<=	4	<=	4			NOT_EVALUATED
133	35756053	1D-015	cefazolin	cefazolin			NO_GENOME_MATCH					NOT_EVALUATED	<=	4	<=	4			NOT_EVALUATED
134	35756053	1D-015	meropenem	meropenem			NO_GENOME_MATCH					NOT_EVALUATED	<=	1	<=	1			NOT_EVALUATED
135	35756053	1D-015	gentamicin	gentamicin			NO_GENOME_MATCH					NOT_EVALUATED	<=	2	<=	2			NOT_EVALUATED
136	35756053	1D-015	ciprofloxacin	ciprofloxacin			NO_GENOME_MATCH					NOT_EVALUATED	<=	0.5	<=	0.5			NOT_EVALUATED
137	35756053	1D-015	cefoxitin	cefoxitin			NO_GENOME_MATCH					NOT_EVALUATED	=	8	=	8			NOT_EVALUATED
138	35756053	1D-015	trimethoprim	trimethoprim			NO_GENOME_MATCH					NOT_EVALUATED	<=	0.5/9.5	<=	0.5/9.5			NOT_EVALUATED
139	35756053	1D-015	tobramycin	tobramycin			NO_GENOME_MATCH					NOT_EVALUATED	<=	4	<=	4			NOT_EVALUATED
140	35756053	1D-015	tigecycline	tigecycline			NO_GENOME_MATCH					NOT_EVALUATED	<=	1	<=	1			NOT_EVALUATED
141	35756053	1D-015	tetracycline	tetracycline			NO_GENOME_MATCH					NOT_EVALUATED	=	2	=	2			NOT_EVALUATED
142	35756053	1D-017	ampicillin	ampicillin			NO_GENOME_MATCH					NOT_EVALUATED	<=	4	<=	4			NOT_EVALUATED
143	35756053	1D-017	cefazolin	cefazolin			NO_GENOME_MATCH					NOT_EVALUATED	<=	4	<=	4			NOT_EVALUATED
144	35756053	1D-017	meropenem	meropenem			NO_GENOME_MATCH					NOT_EVALUATED	<=	1	<=	1			NOT_EVALUATED
145	35756053	1D-017	gentamicin	gentamicin			NO_GENOME_MATCH					NOT_EVALUATED	<=	2	<=	2			NOT_EVALUATED
146	35756053	1D-017	ciprofloxacin	ciprofloxacin			NO_GENOME_MATCH					NOT_EVALUATED	<=	0.5	<=	0.5			NOT_EVALUATED
147	35756053	1D-017	cefoxitin	cefoxitin			NO_GENOME_MATCH					NOT_EVALUATED	<=	4	<=	4			NOT_EVALUATED
148	35756053	1D-017	trimethoprim	trimethoprim			NO_GENOME_MATCH					NOT_EVALUATED	<=	0.5/9.5	<=	0.5/9.5			NOT_EVALUATED
149	35756053	1D-017	tobramycin	tobramycin			NO_GENOME_MATCH					NOT_EVALUATED	<=	4	<=	4			NOT_EVALUATED
150	35756053	1D-017	tigecycline	tigecycline			NO_GENOME_MATCH					NOT_EVALUATED	<=	1	<=	1			NOT_EVALUATED
151	35756053	1D-017	tetracycline	tetracycline			NO_GENOME_MATCH					NOT_EVALUATED	=	1	=	1			NOT_EVALUATED
152	35756053	1D-018	ampicillin	ampicillin			NO_GENOME_MATCH					NOT_EVALUATED	<=	4	<=	4			NOT_EVALUATED
153	35756053	1D-018	cefazolin	cefazolin			NO_GENOME_MATCH					NOT_EVALUATED	<=	4	<=	4			NOT_EVALUATED
154	35756053	1D-018	meropenem	meropenem			NO_GENOME_MATCH					NOT_EVALUATED	<=	1	<=	1			NOT_EVALUATED
155	35756053	1D-018	gentamicin	gentamicin			NO_GENOME_MATCH					NOT_EVALUATED	<=	2	<=	2			NOT_EVALUATED
156	35756053	1D-018	ciprofloxacin	ciprofloxacin			NO_GENOME_MATCH					NOT_EVALUATED	<=	0.5	<=	0.5			NOT_EVALUATED
157	35756053	1D-018	cefoxitin	cefoxitin			NO_GENOME_MATCH					NOT_EVALUATED	<=	4	<=	4			NOT_EVALUATED
158	35756053	1D-018	trimethoprim	trimethoprim			NO_GENOME_MATCH					NOT_EVALUATED	<=	0.5/9.5	<=	0.5/9.5			NOT_EVALUATED
159	35756053	1D-018	tobramycin	tobramycin			NO_GENOME_MATCH					NOT_EVALUATED	<=	4	<=	4			NOT_EVALUATED
160	35756053	1D-018	tigecycline	tigecycline			NO_GENOME_MATCH					NOT_EVALUATED	<=	1	<=	1			NOT_EVALUATED
161	35756053	1D-018	tetracycline	tetracycline			NO_GENOME_MATCH					NOT_EVALUATED	=	1	=	1			NOT_EVALUATED
162	35756053	1D-019	ampicillin	ampicillin			NO_GENOME_MATCH					NOT_EVALUATED	>	32	>	32			NOT_EVALUATED
163	35756053	1D-019	cefazolin	cefazolin			NO_GENOME_MATCH					NOT_EVALUATED	>	32	>	32			NOT_EVALUATED
164	35756053	1D-019	meropenem	meropenem			NO_GENOME_MATCH					NOT_EVALUATED	<=	1	<=	1			NOT_EVALUATED
165	35756053	1D-019	gentamicin	gentamicin			NO_GENOME_MATCH					NOT_EVALUATED	<=	2	<=	2			NOT_EVALUATED
166	35756053	1D-019	ciprofloxacin	ciprofloxacin			NO_GENOME_MATCH					NOT_EVALUATED	<=	0.5	<=	0.5			NOT_EVALUATED
167	35756053	1D-019	cefoxitin	cefoxitin			NO_GENOME_MATCH					NOT_EVALUATED	<=	4	<=	4			NOT_EVALUATED
168	35756053	1D-019	trimethoprim	trimethoprim			NO_GENOME_MATCH					NOT_EVALUATED	<=	0.5/9.5	<=	0.5/9.5			NOT_EVALUATED
169	35756053	1D-019	tobramycin	tobramycin			NO_GENOME_MATCH					NOT_EVALUATED	<=	4	<=	4			NOT_EVALUATED
170	35756053	1D-019	tigecycline	tigecycline			NO_GENOME_MATCH					NOT_EVALUATED	<=	1	<=	1			NOT_EVALUATED
171	35756053	1D-019	tetracycline	tetracycline			NO_GENOME_MATCH					NOT_EVALUATED	>	16	>	16			NOT_EVALUATED
172	35756053	1D-020	ampicillin	ampicillin			NO_GENOME_MATCH					NOT_EVALUATED	>	32	>	32			NOT_EVALUATED
173	35756053	1D-020	cefazolin	cefazolin			NO_GENOME_MATCH					NOT_EVALUATED	=	32	=	32			NOT_EVALUATED
174	35756053	1D-020	meropenem	meropenem			NO_GENOME_MATCH					NOT_EVALUATED	<=	1	<=	1			NOT_EVALUATED
175	35756053	1D-020	gentamicin	gentamicin			NO_GENOME_MATCH					NOT_EVALUATED	<=	2	<=	2			NOT_EVALUATED
176	35756053	1D-020	ciprofloxacin	ciprofloxacin			NO_GENOME_MATCH					NOT_EVALUATED	<=	0.5	<=	0.5			NOT_EVALUATED
177	35756053	1D-020	cefoxitin	cefoxitin			NO_GENOME_MATCH					NOT_EVALUATED	<=	4	<=	4			NOT_EVALUATED
178	35756053	1D-020	trimethoprim	trimethoprim			NO_GENOME_MATCH					NOT_EVALUATED	<=	0.5/9.5	<=	0.5/9.5			NOT_EVALUATED
179	35756053	1D-020	tobramycin	tobramycin			NO_GENOME_MATCH					NOT_EVALUATED	<=	4	<=	4			NOT_EVALUATED
180	35756053	1D-020	tigecycline	tigecycline			NO_GENOME_MATCH					NOT_EVALUATED	<=	1	<=	1			NOT_EVALUATED
181	35756053	1D-020	tetracycline	tetracycline			NO_GENOME_MATCH					NOT_EVALUATED	>	16	>	16			NOT_EVALUATED
182	35756053	1D-021	ampicillin	ampicillin			NO_GENOME_MATCH					NOT_EVALUATED	<=	4	<=	4			NOT_EVALUATED
183	35756053	1D-021	cefazolin	cefazolin			NO_GENOME_MATCH					NOT_EVALUATED	<=	4	<=	4			NOT_EVALUATED
184	35756053	1D-021	meropenem	meropenem			NO_GENOME_MATCH					NOT_EVALUATED	<=	1	<=	1			NOT_EVALUATED
185	35756053	1D-021	gentamicin	gentamicin			NO_GENOME_MATCH					NOT_EVALUATED	<=	2	<=	2			NOT_EVALUATED
186	35756053	1D-021	ciprofloxacin	ciprofloxacin			NO_GENOME_MATCH					NOT_EVALUATED	<=	0.5	<=	0.5			NOT_EVALUATED
187	35756053	1D-021	cefoxitin	cefoxitin			NO_GENOME_MATCH					NOT_EVALUATED	=	8	=	8			NOT_EVALUATED
188	35756053	1D-021	trimethoprim	trimethoprim			NO_GENOME_MATCH					NOT_EVALUATED	<=	0.5/9.5	<=	0.5/9.5			NOT_EVALUATED
189	35756053	1D-021	tobramycin	tobramycin			NO_GENOME_MATCH					NOT_EVALUATED	<=	4	<=	4			NOT_EVALUATED
190	35756053	1D-021	tigecycline	tigecycline			NO_GENOME_MATCH					NOT_EVALUATED	<=	1	<=	1			NOT_EVALUATED
191	35756053	1D-021	tetracycline	tetracycline			NO_GENOME_MATCH					NOT_EVALUATED	=	2	=	2			NOT_EVALUATED
192	35756053	1D-022	ampicillin	ampicillin			NO_GENOME_MATCH					NOT_EVALUATED	>	32	>	32			NOT_EVALUATED
193	35756053	1D-022	cefazolin	cefazolin			NO_GENOME_MATCH					NOT_EVALUATED	<=	4	<=	4			NOT_EVALUATED
194	35756053	1D-022	meropenem	meropenem			NO_GENOME_MATCH					NOT_EVALUATED	<=	1	<=	1			NOT_EVALUATED
195	35756053	1D-022	gentamicin	gentamicin			NO_GENOME_MATCH					NOT_EVALUATED	<=	2	<=	2			NOT_EVALUATED
196	35756053	1D-022	ciprofloxacin	ciprofloxacin			NO_GENOME_MATCH					NOT_EVALUATED	<=	0.5	<=	0.5			NOT_EVALUATED
197	35756053	1D-022	cefoxitin	cefoxitin			NO_GENOME_MATCH					NOT_EVALUATED	<=	4	<=	4			NOT_EVALUATED
198	35756053	1D-022	trimethoprim	trimethoprim			NO_GENOME_MATCH					NOT_EVALUATED	>	4/76	>	4/76			NOT_EVALUATED
199	35756053	1D-022	tobramycin	tobramycin			NO_GENOME_MATCH					NOT_EVALUATED	<=	4	<=	4			NOT_EVALUATED
200	35756053	1D-022	tigecycline	tigecycline			NO_GENOME_MATCH					NOT_EVALUATED	<=	1	<=	1			NOT_EVALUATED
201	35756053	1D-022	tetracycline	tetracycline			NO_GENOME_MATCH					NOT_EVALUATED	=	2	=	2			NOT_EVALUATED
202	35756053	1D-023	ampicillin	ampicillin			NO_GENOME_MATCH					NOT_EVALUATED	>	32	>	32			NOT_EVALUATED
203	35756053	1D-023	cefazolin	cefazolin			NO_GENOME_MATCH					NOT_EVALUATED	=	16	=	16			NOT_EVALUATED
204	35756053	1D-023	meropenem	meropenem			NO_GENOME_MATCH					NOT_EVALUATED	<=	1	<=	1			NOT_EVALUATED
205	35756053	1D-023	gentamicin	gentamicin			NO_GENOME_MATCH					NOT_EVALUATED	<=	2	<=	2			NOT_EVALUATED
206	35756053	1D-023	ciprofloxacin	ciprofloxacin			NO_GENOME_MATCH					NOT_EVALUATED	<=	0.5	<=	0.5			NOT_EVALUATED
207	35756053	1D-023	cefoxitin	cefoxitin			NO_GENOME_MATCH					NOT_EVALUATED	=	8	=	8			NOT_EVALUATED
208	35756053	1D-023	trimethoprim	trimethoprim			NO_GENOME_MATCH					NOT_EVALUATED	>	4/76	>	4/76			NOT_EVALUATED
209	35756053	1D-023	tobramycin	tobramycin			NO_GENOME_MATCH					NOT_EVALUATED	<=	4	<=	4			NOT_EVALUATED
210	35756053	1D-023	tigecycline	tigecycline			NO_GENOME_MATCH					NOT_EVALUATED	<=	1	<=	1			NOT_EVALUATED
211	35756053	1D-023	tetracycline	tetracycline			NO_GENOME_MATCH					NOT_EVALUATED	=	2	=	2			NOT_EVALUATED
212	35756053	1D-024	ampicillin	ampicillin			NO_GENOME_MATCH					NOT_EVALUATED	>	32	>	32			NOT_EVALUATED
213	35756053	1D-024	cefazolin	cefazolin			NO_GENOME_MATCH					NOT_EVALUATED	=	8	=	8			NOT_EVALUATED
214	35756053	1D-024	meropenem	meropenem			NO_GENOME_MATCH					NOT_EVALUATED	<=	1	<=	1			NOT_EVALUATED
215	35756053	1D-024	gentamicin	gentamicin			NO_GENOME_MATCH					NOT_EVALUATED	<=	2	<=	2			NOT_EVALUATED
216	35756053	1D-024	ciprofloxacin	ciprofloxacin			NO_GENOME_MATCH					NOT_EVALUATED	<=	0.5	<=	0.5			NOT_EVALUATED
217	35756053	1D-024	cefoxitin	cefoxitin			NO_GENOME_MATCH					NOT_EVALUATED	<=	4	<=	4			NOT_EVALUATED
218	35756053	1D-024	trimethoprim	trimethoprim			NO_GENOME_MATCH					NOT_EVALUATED	<=	0.5/9.5	<=	0.5/9.5			NOT_EVALUATED
219	35756053	1D-024	tobramycin	tobramycin			NO_GENOME_MATCH					NOT_EVALUATED	<=	4	<=	4			NOT_EVALUATED
220	35756053	1D-024	tigecycline	tigecycline			NO_GENOME_MATCH					NOT_EVALUATED	<=	1	<=	1			NOT_EVALUATED
221	35756053	1D-024	tetracycline	tetracycline			NO_GENOME_MATCH					NOT_EVALUATED	>	16	>	16			NOT_EVALUATED
222	35756053	1D-025	ampicillin	ampicillin			NO_GENOME_MATCH					NOT_EVALUATED	<=	4	<=	4			NOT_EVALUATED
223	35756053	1D-025	cefazolin	cefazolin			NO_GENOME_MATCH					NOT_EVALUATED	<=	4	<=	4			NOT_EVALUATED
224	35756053	1D-025	meropenem	meropenem			NO_GENOME_MATCH					NOT_EVALUATED	<=	1	<=	1			NOT_EVALUATED
225	35756053	1D-025	gentamicin	gentamicin			NO_GENOME_MATCH					NOT_EVALUATED	<=	2	<=	2			NOT_EVALUATED
226	35756053	1D-025	ciprofloxacin	ciprofloxacin			NO_GENOME_MATCH					NOT_EVALUATED	<=	0.5	<=	0.5			NOT_EVALUATED
227	35756053	1D-025	cefoxitin	cefoxitin			NO_GENOME_MATCH					NOT_EVALUATED	<=	4	<=	4			NOT_EVALUATED
228	35756053	1D-025	trimethoprim	trimethoprim			NO_GENOME_MATCH					NOT_EVALUATED	<=	0.5/9.5	<=	0.5/9.5			NOT_EVALUATED
229	35756053	1D-025	tobramycin	tobramycin			NO_GENOME_MATCH					NOT_EVALUATED	<=	4	<=	4			NOT_EVALUATED
230	35756053	1D-025	tigecycline	tigecycline			NO_GENOME_MATCH					NOT_EVALUATED	<=	1	<=	1			NOT_EVALUATED
231	35756053	1D-025	tetracycline	tetracycline			NO_GENOME_MATCH					NOT_EVALUATED	=	1	=	1			NOT_EVALUATED
232	35756053	1D-026	ampicillin	ampicillin			NO_GENOME_MATCH					NOT_EVALUATED	<=	4	<=	4			NOT_EVALUATED
233	35756053	1D-026	cefazolin	cefazolin			NO_GENOME_MATCH					NOT_EVALUATED	<=	4	<=	4			NOT_EVALUATED
234	35756053	1D-026	meropenem	meropenem			NO_GENOME_MATCH					NOT_EVALUATED	<=	1	<=	1			NOT_EVALUATED
235	35756053	1D-026	gentamicin	gentamicin			NO_GENOME_MATCH					NOT_EVALUATED	<=	2	<=	2			NOT_EVALUATED
236	35756053	1D-026	ciprofloxacin	ciprofloxacin			NO_GENOME_MATCH					NOT_EVALUATED	<=	0.5	<=	0.5			NOT_EVALUATED
237	35756053	1D-026	cefoxitin	cefoxitin			NO_GENOME_MATCH					NOT_EVALUATED	<=	4	<=	4			NOT_EVALUATED
238	35756053	1D-026	trimethoprim	trimethoprim			NO_GENOME_MATCH					NOT_EVALUATED	<=	0.5/9.5	<=	0.5/9.5			NOT_EVALUATED
239	35756053	1D-026	tobramycin	tobramycin			NO_GENOME_MATCH					NOT_EVALUATED	<=	4	<=	4			NOT_EVALUATED
240	35756053	1D-026	tigecycline	tigecycline			NO_GENOME_MATCH					NOT_EVALUATED	<=	1	<=	1			NOT_EVALUATED
241	35756053	1D-026	tetracycline	tetracycline			NO_GENOME_MATCH					NOT_EVALUATED	=	2	=	2			NOT_EVALUATED
242	35756053	1D-027	ampicillin	ampicillin			NO_GENOME_MATCH					NOT_EVALUATED	>	32	>	32			NOT_EVALUATED
243	35756053	1D-027	cefazolin	cefazolin			NO_GENOME_MATCH					NOT_EVALUATED	=	32	=	32			NOT_EVALUATED
244	35756053	1D-027	meropenem	meropenem			NO_GENOME_MATCH					NOT_EVALUATED	<=	1	<=	1			NOT_EVALUATED
245	35756053	1D-027	gentamicin	gentamicin			NO_GENOME_MATCH					NOT_EVALUATED	<=	2	<=	2			NOT_EVALUATED
246	35756053	1D-027	ciprofloxacin	ciprofloxacin			NO_GENOME_MATCH					NOT_EVALUATED	<=	0.5	<=	0.5			NOT_EVALUATED
247	35756053	1D-027	cefoxitin	cefoxitin			NO_GENOME_MATCH					NOT_EVALUATED	=	8	=	8			NOT_EVALUATED
248	35756053	1D-027	trimethoprim	trimethoprim			NO_GENOME_MATCH					NOT_EVALUATED	<=	0.5/9.5	<=	0.5/9.5			NOT_EVALUATED
249	35756053	1D-027	tobramycin	tobramycin			NO_GENOME_MATCH					NOT_EVALUATED	<=	4	<=	4			NOT_EVALUATED
250	35756053	1D-027	tigecycline	tigecycline			NO_GENOME_MATCH					NOT_EVALUATED	<=	1	<=	1			NOT_EVALUATED
251	35756053	1D-027	tetracycline	tetracycline			NO_GENOME_MATCH					NOT_EVALUATED	>	16	>	16			NOT_EVALUATED
252	35756053	1D-028	ampicillin	ampicillin			NO_GENOME_MATCH					NOT_EVALUATED	<=	4	<=	4			NOT_EVALUATED
253	35756053	1D-028	cefazolin	cefazolin			NO_GENOME_MATCH					NOT_EVALUATED	<=	4	<=	4			NOT_EVALUATED
254	35756053	1D-028	meropenem	meropenem			NO_GENOME_MATCH					NOT_EVALUATED	<=	1	<=	1			NOT_EVALUATED
255	35756053	1D-028	gentamicin	gentamicin			NO_GENOME_MATCH					NOT_EVALUATED	<=	2	<=	2			NOT_EVALUATED
256	35756053	1D-028	ciprofloxacin	ciprofloxacin			NO_GENOME_MATCH					NOT_EVALUATED	<=	0.5	<=	0.5			NOT_EVALUATED
257	35756053	1D-028	cefoxitin	cefoxitin			NO_GENOME_MATCH					NOT_EVALUATED	<=	4	<=	4			NOT_EVALUATED
258	35756053	1D-028	trimethoprim	trimethoprim			NO_GENOME_MATCH					NOT_EVALUATED	<=	0.5/9.5	<=	0.5/9.5			NOT_EVALUATED
259	35756053	1D-028	tobramycin	tobramycin			NO_GENOME_MATCH					NOT_EVALUATED	<=	4	<=	4			NOT_EVALUATED
260	35756053	1D-028	tigecycline	tigecycline			NO_GENOME_MATCH					NOT_EVALUATED	<=	1	<=	1			NOT_EVALUATED
261	35756053	1D-028	tetracycline	tetracycline			NO_GENOME_MATCH					NOT_EVALUATED	=	1	=	1			NOT_EVALUATED
262	35756053	1D-029	ampicillin	ampicillin			NO_GENOME_MATCH					NOT_EVALUATED	>	32	>	32			NOT_EVALUATED
263	35756053	1D-029	cefazolin	cefazolin			NO_GENOME_MATCH					NOT_EVALUATED	<=	4	<=	4			NOT_EVALUATED
264	35756053	1D-029	meropenem	meropenem			NO_GENOME_MATCH					NOT_EVALUATED	<=	1	<=	1			NOT_EVALUATED
265	35756053	1D-029	gentamicin	gentamicin			NO_GENOME_MATCH					NOT_EVALUATED	<=	2	<=	2			NOT_EVALUATED
266	35756053	1D-029	ciprofloxacin	ciprofloxacin			NO_GENOME_MATCH					NOT_EVALUATED	<=	0.5	<=	0.5			NOT_EVALUATED
267	35756053	1D-029	cefoxitin	cefoxitin			NO_GENOME_MATCH					NOT_EVALUATED	<=	4	<=	4			NOT_EVALUATED
268	35756053	1D-029	trimethoprim	trimethoprim			NO_GENOME_MATCH					NOT_EVALUATED	>	4/76	>	4/76			NOT_EVALUATED
269	35756053	1D-029	tobramycin	tobramycin			NO_GENOME_MATCH					NOT_EVALUATED	<=	4	<=	4			NOT_EVALUATED
270	35756053	1D-029	tigecycline	tigecycline			NO_GENOME_MATCH					NOT_EVALUATED	<=	1	<=	1			NOT_EVALUATED
271	35756053	1D-029	tetracycline	tetracycline			NO_GENOME_MATCH					NOT_EVALUATED	=	2	=	2			NOT_EVALUATED
272	35756053	1D-030	ampicillin	ampicillin			NO_GENOME_MATCH					NOT_EVALUATED	<=	4	<=	4			NOT_EVALUATED
273	35756053	1D-030	cefazolin	cefazolin			NO_GENOME_MATCH					NOT_EVALUATED	<=	4	<=	4			NOT_EVALUATED
274	35756053	1D-030	meropenem	meropenem			NO_GENOME_MATCH					NOT_EVALUATED	<=	1	<=	1			NOT_EVALUATED
275	35756053	1D-030	gentamicin	gentamicin			NO_GENOME_MATCH					NOT_EVALUATED	<=	2	<=	2			NOT_EVALUATED
276	35756053	1D-030	ciprofloxacin	ciprofloxacin			NO_GENOME_MATCH					NOT_EVALUATED	<=	0.5	<=	0.5			NOT_EVALUATED
277	35756053	1D-030	cefoxitin	cefoxitin			NO_GENOME_MATCH					NOT_EVALUATED	<=	4	<=	4			NOT_EVALUATED
278	35756053	1D-030	trimethoprim	trimethoprim			NO_GENOME_MATCH					NOT_EVALUATED	<=	0.5/9.5	<=	0.5/9.5			NOT_EVALUATED
279	35756053	1D-030	tobramycin	tobramycin			NO_GENOME_MATCH					NOT_EVALUATED	<=	4	<=	4			NOT_EVALUATED
280	35756053	1D-030	tigecycline	tigecycline			NO_GENOME_MATCH					NOT_EVALUATED	<=	1	<=	1			NOT_EVALUATED
281	35756053	1D-030	tetracycline	tetracycline			NO_GENOME_MATCH					NOT_EVALUATED	=	1	=	1			NOT_EVALUATED
282	35756053	1D-031	ampicillin	ampicillin			NO_GENOME_MATCH					NOT_EVALUATED	>	32	>	32			NOT_EVALUATED
283	35756053	1D-031	cefazolin	cefazolin			NO_GENOME_MATCH					NOT_EVALUATED	<=	4	<=	4			NOT_EVALUATED
284	35756053	1D-031	meropenem	meropenem			NO_GENOME_MATCH					NOT_EVALUATED	<=	1	<=	1			NOT_EVALUATED
285	35756053	1D-031	gentamicin	gentamicin			NO_GENOME_MATCH					NOT_EVALUATED	<=	2	<=	2			NOT_EVALUATED
286	35756053	1D-031	ciprofloxacin	ciprofloxacin			NO_GENOME_MATCH					NOT_EVALUATED	<=	0.5	<=	0.5			NOT_EVALUATED
287	35756053	1D-031	cefoxitin	cefoxitin			NO_GENOME_MATCH					NOT_EVALUATED	=	8	=	8			NOT_EVALUATED
288	35756053	1D-031	trimethoprim	trimethoprim			NO_GENOME_MATCH					NOT_EVALUATED	>	4/76	>	4/76			NOT_EVALUATED
289	35756053	1D-031	tobramycin	tobramycin			NO_GENOME_MATCH					NOT_EVALUATED	<=	4	<=	4			NOT_EVALUATED
290	35756053	1D-031	tigecycline	tigecycline			NO_GENOME_MATCH					NOT_EVALUATED	<=	1	<=	1			NOT_EVALUATED
291	35756053	1D-031	tetracycline	tetracycline			NO_GENOME_MATCH					NOT_EVALUATED	>	16	>	16			NOT_EVALUATED
292	35756053	1D-032	ampicillin	ampicillin			NO_GENOME_MATCH					NOT_EVALUATED	>	32	>	32			NOT_EVALUATED
293	35756053	1D-032	cefazolin	cefazolin			NO_GENOME_MATCH					NOT_EVALUATED	<=	4	<=	4			NOT_EVALUATED
294	35756053	1D-032	meropenem	meropenem			NO_GENOME_MATCH					NOT_EVALUATED	<=	1	<=	1			NOT_EVALUATED
295	35756053	1D-032	gentamicin	gentamicin			NO_GENOME_MATCH					NOT_EVALUATED	<=	2	<=	2			NOT_EVALUATED
296	35756053	1D-032	ciprofloxacin	ciprofloxacin			NO_GENOME_MATCH					NOT_EVALUATED	<=	0.5	<=	0.5			NOT_EVALUATED
297	35756053	1D-032	cefoxitin	cefoxitin			NO_GENOME_MATCH					NOT_EVALUATED	<=	4	<=	4			NOT_EVALUATED
298	35756053	1D-032	trimethoprim	trimethoprim			NO_GENOME_MATCH					NOT_EVALUATED	>	4/76	>	4/76			NOT_EVALUATED
299	35756053	1D-032	tobramycin	tobramycin			NO_GENOME_MATCH					NOT_EVALUATED	<=	4	<=	4			NOT_EVALUATED
300	35756053	1D-032	tigecycline	tigecycline			NO_GENOME_MATCH					NOT_EVALUATED	<=	1	<=	1			NOT_EVALUATED
301	35756053	1D-032	tetracycline	tetracycline			NO_GENOME_MATCH					NOT_EVALUATED	>	16	>	16			NOT_EVALUATED
302	35756053	1D-033	ampicillin	ampicillin			NO_GENOME_MATCH					NOT_EVALUATED	>	32	>	32			NOT_EVALUATED
303	35756053	1D-033	cefazolin	cefazolin			NO_GENOME_MATCH					NOT_EVALUATED	<=	4	<=	4			NOT_EVALUATED
304	35756053	1D-033	meropenem	meropenem			NO_GENOME_MATCH					NOT_EVALUATED	<=	1	<=	1			NOT_EVALUATED
305	35756053	1D-033	gentamicin	gentamicin			NO_GENOME_MATCH					NOT_EVALUATED	=	4	=	4			NOT_EVALUATED
306	35756053	1D-033	ciprofloxacin	ciprofloxacin			NO_GENOME_MATCH					NOT_EVALUATED	>	4	>	4			NOT_EVALUATED
307	35756053	1D-033	cefoxitin	cefoxitin			NO_GENOME_MATCH					NOT_EVALUATED	=	16	=	16			NOT_EVALUATED
308	35756053	1D-033	trimethoprim	trimethoprim			NO_GENOME_MATCH					NOT_EVALUATED	>	4/76	>	4/76			NOT_EVALUATED
309	35756053	1D-033	tobramycin	tobramycin			NO_GENOME_MATCH					NOT_EVALUATED	>	8	>	8			NOT_EVALUATED
310	35756053	1D-033	tigecycline	tigecycline			NO_GENOME_MATCH					NOT_EVALUATED	<=	1	<=	1			NOT_EVALUATED
311	35756053	1D-033	tetracycline	tetracycline			NO_GENOME_MATCH					NOT_EVALUATED	>	16	>	16			NOT_EVALUATED
312	35756053	1D-034	ampicillin	ampicillin			NO_GENOME_MATCH					NOT_EVALUATED	<=	4	<=	4			NOT_EVALUATED
313	35756053	1D-034	cefazolin	cefazolin			NO_GENOME_MATCH					NOT_EVALUATED	<=	4	<=	4			NOT_EVALUATED
314	35756053	1D-034	meropenem	meropenem			NO_GENOME_MATCH					NOT_EVALUATED	<=	1	<=	1			NOT_EVALUATED
315	35756053	1D-034	gentamicin	gentamicin			NO_GENOME_MATCH					NOT_EVALUATED	<=	2	<=	2			NOT_EVALUATED
316	35756053	1D-034	ciprofloxacin	ciprofloxacin			NO_GENOME_MATCH					NOT_EVALUATED	<=	0.5	<=	0.5			NOT_EVALUATED
317	35756053	1D-034	cefoxitin	cefoxitin			NO_GENOME_MATCH					NOT_EVALUATED	<=	4	<=	4			NOT_EVALUATED
318	35756053	1D-034	trimethoprim	trimethoprim			NO_GENOME_MATCH					NOT_EVALUATED	<=	0.5/9.5	<=	0.5/9.5			NOT_EVALUATED
319	35756053	1D-034	tobramycin	tobramycin			NO_GENOME_MATCH					NOT_EVALUATED	<=	4	<=	4			NOT_EVALUATED
320	35756053	1D-034	tigecycline	tigecycline			NO_GENOME_MATCH					NOT_EVALUATED	<=	1	<=	1			NOT_EVALUATED
321	35756053	1D-034	tetracycline	tetracycline			NO_GENOME_MATCH					NOT_EVALUATED	=	1	=	1			NOT_EVALUATED
322	35756053	1D-035	ampicillin	ampicillin			NO_GENOME_MATCH					NOT_EVALUATED	>	32	>	32			NOT_EVALUATED
323	35756053	1D-035	cefazolin	cefazolin			NO_GENOME_MATCH					NOT_EVALUATED	>	32	>	32			NOT_EVALUATED
324	35756053	1D-035	meropenem	meropenem			NO_GENOME_MATCH					NOT_EVALUATED	<=	1	<=	1			NOT_EVALUATED
325	35756053	1D-035	gentamicin	gentamicin			NO_GENOME_MATCH					NOT_EVALUATED	<=	2	<=	2			NOT_EVALUATED
326	35756053	1D-035	ciprofloxacin	ciprofloxacin			NO_GENOME_MATCH					NOT_EVALUATED	<=	0.5	<=	0.5			NOT_EVALUATED
327	35756053	1D-035	cefoxitin	cefoxitin			NO_GENOME_MATCH					NOT_EVALUATED	>	32	>	32			NOT_EVALUATED
328	35756053	1D-035	trimethoprim	trimethoprim			NO_GENOME_MATCH					NOT_EVALUATED	<=	0.5/9.5	<=	0.5/9.5			NOT_EVALUATED
329	35756053	1D-035	tobramycin	tobramycin			NO_GENOME_MATCH					NOT_EVALUATED	<=	4	<=	4			NOT_EVALUATED
330	35756053	1D-035	tigecycline	tigecycline			NO_GENOME_MATCH					NOT_EVALUATED	<=	1	<=	1			NOT_EVALUATED
331	35756053	1D-035	tetracycline	tetracycline			NO_GENOME_MATCH					NOT_EVALUATED	=	1	=	1			NOT_EVALUATED
332	35756053	1D-036	ampicillin	ampicillin			NO_GENOME_MATCH					NOT_EVALUATED	>	32	>	32			NOT_EVALUATED
333	35756053	1D-036	cefazolin	cefazolin			NO_GENOME_MATCH					NOT_EVALUATED	>	32	>	32			NOT_EVALUATED
334	35756053	1D-036	meropenem	meropenem			NO_GENOME_MATCH					NOT_EVALUATED	<=	1	<=	1			NOT_EVALUATED
335	35756053	1D-036	gentamicin	gentamicin			NO_GENOME_MATCH					NOT_EVALUATED	>	16	>	16			NOT_EVALUATED
336	35756053	1D-036	ciprofloxacin	ciprofloxacin			NO_GENOME_MATCH					NOT_EVALUATED	>	4	>	4			NOT_EVALUATED
337	35756053	1D-036	cefoxitin	cefoxitin			NO_GENOME_MATCH					NOT_EVALUATED	=	8	=	8			NOT_EVALUATED
338	35756053	1D-036	trimethoprim	trimethoprim			NO_GENOME_MATCH					NOT_EVALUATED	>	4/76	>	4/76			NOT_EVALUATED
339	35756053	1D-036	tobramycin	tobramycin			NO_GENOME_MATCH					NOT_EVALUATED	>	8	>	8			NOT_EVALUATED
340	35756053	1D-036	tigecycline	tigecycline			NO_GENOME_MATCH					NOT_EVALUATED	<=	1	<=	1			NOT_EVALUATED
341	35756053	1D-036	tetracycline	tetracycline			NO_GENOME_MATCH					NOT_EVALUATED	>	16	>	16			NOT_EVALUATED
342	35756053	1D-037	ampicillin	ampicillin			NO_GENOME_MATCH					NOT_EVALUATED	<=	4	<=	4			NOT_EVALUATED
343	35756053	1D-037	cefazolin	cefazolin			NO_GENOME_MATCH					NOT_EVALUATED	<=	4	<=	4			NOT_EVALUATED
344	35756053	1D-037	meropenem	meropenem			NO_GENOME_MATCH					NOT_EVALUATED	<=	1	<=	1			NOT_EVALUATED
345	35756053	1D-037	gentamicin	gentamicin			NO_GENOME_MATCH					NOT_EVALUATED	<=	2	<=	2			NOT_EVALUATED
346	35756053	1D-037	ciprofloxacin	ciprofloxacin			NO_GENOME_MATCH					NOT_EVALUATED	<=	0.5	<=	0.5			NOT_EVALUATED
347	35756053	1D-037	cefoxitin	cefoxitin			NO_GENOME_MATCH					NOT_EVALUATED	<=	4	<=	4			NOT_EVALUATED
348	35756053	1D-037	trimethoprim	trimethoprim			NO_GENOME_MATCH					NOT_EVALUATED	=	1/19	=	1/19			NOT_EVALUATED
349	35756053	1D-037	tobramycin	tobramycin			NO_GENOME_MATCH					NOT_EVALUATED	<=	4	<=	4			NOT_EVALUATED
350	35756053	1D-037	tigecycline	tigecycline			NO_GENOME_MATCH					NOT_EVALUATED	<=	1	<=	1			NOT_EVALUATED
351	35756053	1D-037	tetracycline	tetracycline			NO_GENOME_MATCH					NOT_EVALUATED	=	1	=	1			NOT_EVALUATED
352	35756053	1D-038	ampicillin	ampicillin			NO_GENOME_MATCH					NOT_EVALUATED	>	32	>	32			NOT_EVALUATED
353	35756053	1D-038	cefazolin	cefazolin			NO_GENOME_MATCH					NOT_EVALUATED	=	16	=	16			NOT_EVALUATED
354	35756053	1D-038	meropenem	meropenem			NO_GENOME_MATCH					NOT_EVALUATED	<=	1	<=	1			NOT_EVALUATED
355	35756053	1D-038	gentamicin	gentamicin			NO_GENOME_MATCH					NOT_EVALUATED	<=	2	<=	2			NOT_EVALUATED
356	35756053	1D-038	ciprofloxacin	ciprofloxacin			NO_GENOME_MATCH					NOT_EVALUATED	>	4	>	4			NOT_EVALUATED
357	35756053	1D-038	cefoxitin	cefoxitin			NO_GENOME_MATCH					NOT_EVALUATED	=	8	=	8			NOT_EVALUATED
358	35756053	1D-038	trimethoprim	trimethoprim			NO_GENOME_MATCH					NOT_EVALUATED	>	4/76	>	4/76			NOT_EVALUATED
359	35756053	1D-038	tobramycin	tobramycin			NO_GENOME_MATCH					NOT_EVALUATED	<=	4	<=	4			NOT_EVALUATED
360	35756053	1D-038	tigecycline	tigecycline			NO_GENOME_MATCH					NOT_EVALUATED	<=	1	<=	1			NOT_EVALUATED
361	35756053	1D-038	tetracycline	tetracycline			NO_GENOME_MATCH					NOT_EVALUATED	>	16	>	16			NOT_EVALUATED
362	35756053	1D-039	ampicillin	ampicillin			NO_GENOME_MATCH					NOT_EVALUATED	<=	4	<=	4			NOT_EVALUATED
363	35756053	1D-039	cefazolin	cefazolin			NO_GENOME_MATCH					NOT_EVALUATED	<=	4	<=	4			NOT_EVALUATED
364	35756053	1D-039	meropenem	meropenem			NO_GENOME_MATCH					NOT_EVALUATED	<=	1	<=	1			NOT_EVALUATED
365	35756053	1D-039	gentamicin	gentamicin			NO_GENOME_MATCH					NOT_EVALUATED	<=	2	<=	2			NOT_EVALUATED
366	35756053	1D-039	ciprofloxacin	ciprofloxacin			NO_GENOME_MATCH					NOT_EVALUATED	<=	0.5	<=	0.5			NOT_EVALUATED
367	35756053	1D-039	cefoxitin	cefoxitin			NO_GENOME_MATCH					NOT_EVALUATED	=	8	=	8			NOT_EVALUATED
368	35756053	1D-039	trimethoprim	trimethoprim			NO_GENOME_MATCH					NOT_EVALUATED	<=	0.5/9.5	<=	0.5/9.5			NOT_EVALUATED
369	35756053	1D-039	tobramycin	tobramycin			NO_GENOME_MATCH					NOT_EVALUATED	<=	4	<=	4			NOT_EVALUATED
370	35756053	1D-039	tigecycline	tigecycline			NO_GENOME_MATCH					NOT_EVALUATED	<=	1	<=	1			NOT_EVALUATED
371	35756053	1D-039	tetracycline	tetracycline			NO_GENOME_MATCH					NOT_EVALUATED	=	2	=	2			NOT_EVALUATED
372	35756053	1D-040	ampicillin	ampicillin			NO_GENOME_MATCH					NOT_EVALUATED	>	32	>	32			NOT_EVALUATED
373	35756053	1D-040	cefazolin	cefazolin			NO_GENOME_MATCH					NOT_EVALUATED	<=	4	<=	4			NOT_EVALUATED
374	35756053	1D-040	meropenem	meropenem			NO_GENOME_MATCH					NOT_EVALUATED	<=	1	<=	1			NOT_EVALUATED
375	35756053	1D-040	gentamicin	gentamicin			NO_GENOME_MATCH					NOT_EVALUATED	=	16	=	16			NOT_EVALUATED
376	35756053	1D-040	ciprofloxacin	ciprofloxacin			NO_GENOME_MATCH					NOT_EVALUATED	<=	0.5	<=	0.5			NOT_EVALUATED
377	35756053	1D-040	cefoxitin	cefoxitin			NO_GENOME_MATCH					NOT_EVALUATED	<=	4	<=	4			NOT_EVALUATED
378	35756053	1D-040	trimethoprim	trimethoprim			NO_GENOME_MATCH					NOT_EVALUATED	>	4/76	>	4/76			NOT_EVALUATED
379	35756053	1D-040	tobramycin	tobramycin			NO_GENOME_MATCH					NOT_EVALUATED	>	8	>	8			NOT_EVALUATED
380	35756053	1D-040	tigecycline	tigecycline			NO_GENOME_MATCH					NOT_EVALUATED	<=	1	<=	1			NOT_EVALUATED
381	35756053	1D-040	tetracycline	tetracycline			NO_GENOME_MATCH					NOT_EVALUATED	>	16	>	16			NOT_EVALUATED
382	35756053	1D-041	ampicillin	ampicillin			NO_GENOME_MATCH					NOT_EVALUATED	<=	4	<=	4			NOT_EVALUATED
383	35756053	1D-041	cefazolin	cefazolin			NO_GENOME_MATCH					NOT_EVALUATED	<=	4	<=	4			NOT_EVALUATED
384	35756053	1D-041	meropenem	meropenem			NO_GENOME_MATCH					NOT_EVALUATED	<=	1	<=	1			NOT_EVALUATED
385	35756053	1D-041	gentamicin	gentamicin			NO_GENOME_MATCH					NOT_EVALUATED	<=	2	<=	2			NOT_EVALUATED
386	35756053	1D-041	ciprofloxacin	ciprofloxacin			NO_GENOME_MATCH					NOT_EVALUATED	<=	0.5	<=	0.5			NOT_EVALUATED
387	35756053	1D-041	cefoxitin	cefoxitin			NO_GENOME_MATCH					NOT_EVALUATED	=	8	=	8			NOT_EVALUATED
388	35756053	1D-041	trimethoprim	trimethoprim			NO_GENOME_MATCH					NOT_EVALUATED	<=	0.5/9.5	<=	0.5/9.5			NOT_EVALUATED
389	35756053	1D-041	tobramycin	tobramycin			NO_GENOME_MATCH					NOT_EVALUATED	<=	4	<=	4			NOT_EVALUATED
390	35756053	1D-041	tigecycline	tigecycline			NO_GENOME_MATCH					NOT_EVALUATED	<=	1	<=	1			NOT_EVALUATED
391	35756053	1D-041	tetracycline	tetracycline			NO_GENOME_MATCH					NOT_EVALUATED	=	1	=	1			NOT_EVALUATED
392	35756053	1D-042	ampicillin	ampicillin			NO_GENOME_MATCH					NOT_EVALUATED	>	32	>	32			NOT_EVALUATED
393	35756053	1D-042	cefazolin	cefazolin			NO_GENOME_MATCH					NOT_EVALUATED	<=	4	<=	4			NOT_EVALUATED
394	35756053	1D-042	meropenem	meropenem			NO_GENOME_MATCH					NOT_EVALUATED	<=	1	<=	1			NOT_EVALUATED
395	35756053	1D-042	gentamicin	gentamicin			NO_GENOME_MATCH					NOT_EVALUATED	<=	2	<=	2			NOT_EVALUATED
396	35756053	1D-042	ciprofloxacin	ciprofloxacin			NO_GENOME_MATCH					NOT_EVALUATED	>	4	>	4			NOT_EVALUATED
397	35756053	1D-042	cefoxitin	cefoxitin			NO_GENOME_MATCH					NOT_EVALUATED	=	16	=	16			NOT_EVALUATED
398	35756053	1D-042	trimethoprim	trimethoprim			NO_GENOME_MATCH					NOT_EVALUATED	>	4/76	>	4/76			NOT_EVALUATED
399	35756053	1D-042	tobramycin	tobramycin			NO_GENOME_MATCH					NOT_EVALUATED	>	8	>	8			NOT_EVALUATED
400	35756053	1D-042	tigecycline	tigecycline			NO_GENOME_MATCH					NOT_EVALUATED	<=	1	<=	1			NOT_EVALUATED
401	35756053	1D-042	tetracycline	tetracycline			NO_GENOME_MATCH					NOT_EVALUATED	>	16	>	16			NOT_EVALUATED
402	35756053	1D-043	ampicillin	ampicillin			NO_GENOME_MATCH					NOT_EVALUATED	<=	4	<=	4			NOT_EVALUATED
403	35756053	1D-043	cefazolin	cefazolin			NO_GENOME_MATCH					NOT_EVALUATED	<=	4	<=	4			NOT_EVALUATED
404	35756053	1D-043	meropenem	meropenem			NO_GENOME_MATCH					NOT_EVALUATED	<=	1	<=	1			NOT_EVALUATED
405	35756053	1D-043	gentamicin	gentamicin			NO_GENOME_MATCH					NOT_EVALUATED	<=	2	<=	2			NOT_EVALUATED
406	35756053	1D-043	ciprofloxacin	ciprofloxacin			NO_GENOME_MATCH					NOT_EVALUATED	<=	0.5	<=	0.5			NOT_EVALUATED
407	35756053	1D-043	cefoxitin	cefoxitin			NO_GENOME_MATCH					NOT_EVALUATED	<=	4	<=	4			NOT_EVALUATED
408	35756053	1D-043	trimethoprim	trimethoprim			NO_GENOME_MATCH					NOT_EVALUATED	<=	0.5/9.5	<=	0.5/9.5			NOT_EVALUATED
409	35756053	1D-043	tobramycin	tobramycin			NO_GENOME_MATCH					NOT_EVALUATED	<=	4	<=	4			NOT_EVALUATED
410	35756053	1D-043	tigecycline	tigecycline			NO_GENOME_MATCH					NOT_EVALUATED	<=	1	<=	1			NOT_EVALUATED
411	35756053	1D-043	tetracycline	tetracycline			NO_GENOME_MATCH					NOT_EVALUATED	<=	0.5	<=	0.5			NOT_EVALUATED
412	35756053	1D-044	ampicillin	ampicillin			NO_GENOME_MATCH					NOT_EVALUATED	<=	4	<=	4			NOT_EVALUATED
413	35756053	1D-044	cefazolin	cefazolin			NO_GENOME_MATCH					NOT_EVALUATED	<=	4	<=	4			NOT_EVALUATED
414	35756053	1D-044	meropenem	meropenem			NO_GENOME_MATCH					NOT_EVALUATED	<=	1	<=	1			NOT_EVALUATED
415	35756053	1D-044	gentamicin	gentamicin			NO_GENOME_MATCH					NOT_EVALUATED	<=	2	<=	2			NOT_EVALUATED
416	35756053	1D-044	ciprofloxacin	ciprofloxacin			NO_GENOME_MATCH					NOT_EVALUATED	<=	0.5	<=	0.5			NOT_EVALUATED
417	35756053	1D-044	cefoxitin	cefoxitin			NO_GENOME_MATCH					NOT_EVALUATED	<=	4	<=	4			NOT_EVALUATED
418	35756053	1D-044	trimethoprim	trimethoprim			NO_GENOME_MATCH					NOT_EVALUATED	<=	0.5/9.5	<=	0.5/9.5			NOT_EVALUATED
419	35756053	1D-044	tobramycin	tobramycin			NO_GENOME_MATCH					NOT_EVALUATED	<=	4	<=	4			NOT_EVALUATED
420	35756053	1D-044	tigecycline	tigecycline			NO_GENOME_MATCH					NOT_EVALUATED	<=	1	<=	1			NOT_EVALUATED
421	35756053	1D-044	tetracycline	tetracycline			NO_GENOME_MATCH					NOT_EVALUATED	=	1	=	1			NOT_EVALUATED
422	35756053	1D-045	ampicillin	ampicillin			NO_GENOME_MATCH					NOT_EVALUATED	<=	4	<=	4			NOT_EVALUATED
423	35756053	1D-045	cefazolin	cefazolin			NO_GENOME_MATCH					NOT_EVALUATED	<=	4	<=	4			NOT_EVALUATED
424	35756053	1D-045	meropenem	meropenem			NO_GENOME_MATCH					NOT_EVALUATED	<=	1	<=	1			NOT_EVALUATED
425	35756053	1D-045	gentamicin	gentamicin			NO_GENOME_MATCH					NOT_EVALUATED	<=	2	<=	2			NOT_EVALUATED
426	35756053	1D-045	ciprofloxacin	ciprofloxacin			NO_GENOME_MATCH					NOT_EVALUATED	<=	0.5	<=	0.5			NOT_EVALUATED
427	35756053	1D-045	cefoxitin	cefoxitin			NO_GENOME_MATCH					NOT_EVALUATED	<=	4	<=	4			NOT_EVALUATED
428	35756053	1D-045	trimethoprim	trimethoprim			NO_GENOME_MATCH					NOT_EVALUATED	<=	0.5/9.5	<=	0.5/9.5			NOT_EVALUATED
429	35756053	1D-045	tobramycin	tobramycin			NO_GENOME_MATCH					NOT_EVALUATED	<=	4	<=	4			NOT_EVALUATED
430	35756053	1D-045	tigecycline	tigecycline			NO_GENOME_MATCH					NOT_EVALUATED	<=	1	<=	1			NOT_EVALUATED
431	35756053	1D-045	tetracycline	tetracycline			NO_GENOME_MATCH					NOT_EVALUATED	=	2	=	2			NOT_EVALUATED
432	35756053	1D-046	ampicillin	ampicillin			NO_GENOME_MATCH					NOT_EVALUATED	<=	4	<=	4			NOT_EVALUATED
433	35756053	1D-046	cefazolin	cefazolin			NO_GENOME_MATCH					NOT_EVALUATED	<=	4	<=	4			NOT_EVALUATED
434	35756053	1D-046	meropenem	meropenem			NO_GENOME_MATCH					NOT_EVALUATED	<=	1	<=	1			NOT_EVALUATED
435	35756053	1D-046	gentamicin	gentamicin			NO_GENOME_MATCH					NOT_EVALUATED	<=	2	<=	2			NOT_EVALUATED
436	35756053	1D-046	ciprofloxacin	ciprofloxacin			NO_GENOME_MATCH					NOT_EVALUATED	<=	0.5	<=	0.5			NOT_EVALUATED
437	35756053	1D-046	cefoxitin	cefoxitin			NO_GENOME_MATCH					NOT_EVALUATED	<=	4	<=	4			NOT_EVALUATED
438	35756053	1D-046	trimethoprim	trimethoprim			NO_GENOME_MATCH					NOT_EVALUATED	<=	0.5/9.5	<=	0.5/9.5			NOT_EVALUATED
439	35756053	1D-046	tobramycin	tobramycin			NO_GENOME_MATCH					NOT_EVALUATED	<=	4	<=	4			NOT_EVALUATED
440	35756053	1D-046	tigecycline	tigecycline			NO_GENOME_MATCH					NOT_EVALUATED	<=	1	<=	1			NOT_EVALUATED
441	35756053	1D-046	tetracycline	tetracycline			NO_GENOME_MATCH					NOT_EVALUATED	=	1	=	1			NOT_EVALUATED
442	35756053	1D-047	ampicillin	ampicillin			NO_GENOME_MATCH					NOT_EVALUATED	<=	4	<=	4			NOT_EVALUATED
443	35756053	1D-047	cefazolin	cefazolin			NO_GENOME_MATCH					NOT_EVALUATED	<=	4	<=	4			NOT_EVALUATED
444	35756053	1D-047	meropenem	meropenem			NO_GENOME_MATCH					NOT_EVALUATED	<=	1	<=	1			NOT_EVALUATED
445	35756053	1D-047	gentamicin	gentamicin			NO_GENOME_MATCH					NOT_EVALUATED	<=	2	<=	2			NOT_EVALUATED
446	35756053	1D-047	ciprofloxacin	ciprofloxacin			NO_GENOME_MATCH					NOT_EVALUATED	>	4	>	4			NOT_EVALUATED
447	35756053	1D-047	cefoxitin	cefoxitin			NO_GENOME_MATCH					NOT_EVALUATED	=	8	=	8			NOT_EVALUATED
448	35756053	1D-047	trimethoprim	trimethoprim			NO_GENOME_MATCH					NOT_EVALUATED	<=	0.5/9.5	<=	0.5/9.5			NOT_EVALUATED
449	35756053	1D-047	tobramycin	tobramycin			NO_GENOME_MATCH					NOT_EVALUATED	<=	4	<=	4			NOT_EVALUATED
450	35756053	1D-047	tigecycline	tigecycline			NO_GENOME_MATCH					NOT_EVALUATED	<=	1	<=	1			NOT_EVALUATED
451	35756053	1D-047	tetracycline	tetracycline			NO_GENOME_MATCH					NOT_EVALUATED	>	16	>	16			NOT_EVALUATED
452	35756053	1D-048	ampicillin	ampicillin			NO_GENOME_MATCH					NOT_EVALUATED	>	32	>	32			NOT_EVALUATED
453	35756053	1D-048	cefazolin	cefazolin			NO_GENOME_MATCH					NOT_EVALUATED	<=	4	<=	4			NOT_EVALUATED
454	35756053	1D-048	meropenem	meropenem			NO_GENOME_MATCH					NOT_EVALUATED	<=	1	<=	1			NOT_EVALUATED
455	35756053	1D-048	gentamicin	gentamicin			NO_GENOME_MATCH					NOT_EVALUATED	<=	2	<=	2			NOT_EVALUATED
456	35756053	1D-048	ciprofloxacin	ciprofloxacin			NO_GENOME_MATCH					NOT_EVALUATED	<=	0.5	<=	0.5			NOT_EVALUATED
457	35756053	1D-048	cefoxitin	cefoxitin			NO_GENOME_MATCH					NOT_EVALUATED	<=	4	<=	4			NOT_EVALUATED
458	35756053	1D-048	trimethoprim	trimethoprim			NO_GENOME_MATCH					NOT_EVALUATED	>	4/76	>	4/76			NOT_EVALUATED
459	35756053	1D-048	tobramycin	tobramycin			NO_GENOME_MATCH					NOT_EVALUATED	<=	4	<=	4			NOT_EVALUATED
460	35756053	1D-048	tigecycline	tigecycline			NO_GENOME_MATCH					NOT_EVALUATED	<=	1	<=	1			NOT_EVALUATED
461	35756053	1D-048	tetracycline	tetracycline			NO_GENOME_MATCH					NOT_EVALUATED	>	16	>	16			NOT_EVALUATED
462	35756053	1D-049	ampicillin	ampicillin			NO_GENOME_MATCH					NOT_EVALUATED	>	32	>	32			NOT_EVALUATED
463	35756053	1D-049	cefazolin	cefazolin			NO_GENOME_MATCH					NOT_EVALUATED	>	32	>	32			NOT_EVALUATED
464	35756053	1D-049	meropenem	meropenem			NO_GENOME_MATCH					NOT_EVALUATED	<=	1	<=	1			NOT_EVALUATED
465	35756053	1D-049	gentamicin	gentamicin			NO_GENOME_MATCH					NOT_EVALUATED	<=	2	<=	2			NOT_EVALUATED
466	35756053	1D-049	ciprofloxacin	ciprofloxacin			NO_GENOME_MATCH					NOT_EVALUATED	>	4	>	4			NOT_EVALUATED
467	35756053	1D-049	cefoxitin	cefoxitin			NO_GENOME_MATCH					NOT_EVALUATED	=	32	=	32			NOT_EVALUATED
468	35756053	1D-049	trimethoprim	trimethoprim			NO_GENOME_MATCH					NOT_EVALUATED	<=	0.5/9.5	<=	0.5/9.5			NOT_EVALUATED
469	35756053	1D-049	tobramycin	tobramycin			NO_GENOME_MATCH					NOT_EVALUATED	<=	4	<=	4			NOT_EVALUATED
470	35756053	1D-049	tigecycline	tigecycline			NO_GENOME_MATCH					NOT_EVALUATED	<=	1	<=	1			NOT_EVALUATED
471	35756053	1D-049	tetracycline	tetracycline			NO_GENOME_MATCH					NOT_EVALUATED	>	16	>	16			NOT_EVALUATED
472	35756053	1D-050	ampicillin	ampicillin			NO_GENOME_MATCH					NOT_EVALUATED	>	32	>	32			NOT_EVALUATED
473	35756053	1D-050	cefazolin	cefazolin			NO_GENOME_MATCH					NOT_EVALUATED	>	32	>	32			NOT_EVALUATED
474	35756053	1D-050	meropenem	meropenem			NO_GENOME_MATCH					NOT_EVALUATED	<=	1	<=	1			NOT_EVALUATED
475	35756053	1D-050	gentamicin	gentamicin			NO_GENOME_MATCH					NOT_EVALUATED	<=	2	<=	2			NOT_EVALUATED
476	35756053	1D-050	ciprofloxacin	ciprofloxacin			NO_GENOME_MATCH					NOT_EVALUATED	<=	0.5	<=	0.5			NOT_EVALUATED
477	35756053	1D-050	cefoxitin	cefoxitin			NO_GENOME_MATCH					NOT_EVALUATED	<=	4	<=	4			NOT_EVALUATED
478	35756053	1D-050	trimethoprim	trimethoprim			NO_GENOME_MATCH					NOT_EVALUATED	<=	0.5/9.5	<=	0.5/9.5			NOT_EVALUATED
479	35756053	1D-050	tobramycin	tobramycin			NO_GENOME_MATCH					NOT_EVALUATED	<=	4	<=	4			NOT_EVALUATED
480	35756053	1D-050	tigecycline	tigecycline			NO_GENOME_MATCH					NOT_EVALUATED	<=	1	<=	1			NOT_EVALUATED
481	35756053	1D-050	tetracycline	tetracycline			NO_GENOME_MATCH					NOT_EVALUATED	=	1	=	1			NOT_EVALUATED
482	35756053	1D-051	ampicillin	ampicillin			NO_GENOME_MATCH					NOT_EVALUATED	<=	4	<=	4			NOT_EVALUATED
483	35756053	1D-051	cefazolin	cefazolin			NO_GENOME_MATCH					NOT_EVALUATED	<=	4	<=	4			NOT_EVALUATED
484	35756053	1D-051	meropenem	meropenem			NO_GENOME_MATCH					NOT_EVALUATED	<=	1	<=	1			NOT_EVALUATED
485	35756053	1D-051	gentamicin	gentamicin			NO_GENOME_MATCH					NOT_EVALUATED	<=	2	<=	2			NOT_EVALUATED
486	35756053	1D-051	ciprofloxacin	ciprofloxacin			NO_GENOME_MATCH					NOT_EVALUATED	<=	0.5	<=	0.5			NOT_EVALUATED
487	35756053	1D-051	cefoxitin	cefoxitin			NO_GENOME_MATCH					NOT_EVALUATED	<=	4	<=	4			NOT_EVALUATED
488	35756053	1D-051	trimethoprim	trimethoprim			NO_GENOME_MATCH					NOT_EVALUATED	<=	0.5/9.5	<=	0.5/9.5			NOT_EVALUATED
489	35756053	1D-051	tobramycin	tobramycin			NO_GENOME_MATCH					NOT_EVALUATED	<=	4	<=	4			NOT_EVALUATED
490	35756053	1D-051	tigecycline	tigecycline			NO_GENOME_MATCH					NOT_EVALUATED	<=	1	<=	1			NOT_EVALUATED
491	35756053	1D-051	tetracycline	tetracycline			NO_GENOME_MATCH					NOT_EVALUATED	=	2	=	2			NOT_EVALUATED
492	35756053	1D-052	ampicillin	ampicillin			NO_GENOME_MATCH					NOT_EVALUATED	<=	4	<=	4			NOT_EVALUATED
493	35756053	1D-052	cefazolin	cefazolin			NO_GENOME_MATCH					NOT_EVALUATED	<=	4	<=	4			NOT_EVALUATED
494	35756053	1D-052	meropenem	meropenem			NO_GENOME_MATCH					NOT_EVALUATED	<=	1	<=	1			NOT_EVALUATED
495	35756053	1D-052	gentamicin	gentamicin			NO_GENOME_MATCH					NOT_EVALUATED	<=	2	<=	2			NOT_EVALUATED
496	35756053	1D-052	ciprofloxacin	ciprofloxacin			NO_GENOME_MATCH					NOT_EVALUATED	>	4	>	4			NOT_EVALUATED
497	35756053	1D-052	cefoxitin	cefoxitin			NO_GENOME_MATCH					NOT_EVALUATED	=	8	=	8			NOT_EVALUATED
498	35756053	1D-052	trimethoprim	trimethoprim			NO_GENOME_MATCH					NOT_EVALUATED	<=	0.5/9.5	<=	0.5/9.5			NOT_EVALUATED
499	35756053	1D-052	tobramycin	tobramycin			NO_GENOME_MATCH					NOT_EVALUATED	<=	4	<=	4			NOT_EVALUATED
500	35756053	1D-052	tigecycline	tigecycline			NO_GENOME_MATCH					NOT_EVALUATED	<=	1	<=	1			NOT_EVALUATED
501	35756053	1D-052	tetracycline	tetracycline			NO_GENOME_MATCH					NOT_EVALUATED	>	16	>	16			NOT_EVALUATED
502	35756053	1D-053	ampicillin	ampicillin			NO_GENOME_MATCH					NOT_EVALUATED	<=	4	<=	4			NOT_EVALUATED
503	35756053	1D-053	cefazolin	cefazolin			NO_GENOME_MATCH					NOT_EVALUATED	<=	4	<=	4			NOT_EVALUATED
504	35756053	1D-053	meropenem	meropenem			NO_GENOME_MATCH					NOT_EVALUATED	<=	1	<=	1			NOT_EVALUATED
505	35756053	1D-053	gentamicin	gentamicin			NO_GENOME_MATCH					NOT_EVALUATED	<=	2	<=	2			NOT_EVALUATED
506	35756053	1D-053	ciprofloxacin	ciprofloxacin			NO_GENOME_MATCH					NOT_EVALUATED	<=	0.5	<=	0.5			NOT_EVALUATED
507	35756053	1D-053	cefoxitin	cefoxitin			NO_GENOME_MATCH					NOT_EVALUATED	<=	4	<=	4			NOT_EVALUATED
508	35756053	1D-053	trimethoprim	trimethoprim			NO_GENOME_MATCH					NOT_EVALUATED	>	4/76	>	4/76			NOT_EVALUATED
509	35756053	1D-053	tobramycin	tobramycin			NO_GENOME_MATCH					NOT_EVALUATED	<=	4	<=	4			NOT_EVALUATED
510	35756053	1D-053	tigecycline	tigecycline			NO_GENOME_MATCH					NOT_EVALUATED	<=	1	<=	1			NOT_EVALUATED
511	35756053	1D-053	tetracycline	tetracycline			NO_GENOME_MATCH					NOT_EVALUATED	=	2	=	2			NOT_EVALUATED
512	35756053	1D-054	ampicillin	ampicillin			NO_GENOME_MATCH					NOT_EVALUATED	>	32	>	32			NOT_EVALUATED
513	35756053	1D-054	cefazolin	cefazolin			NO_GENOME_MATCH					NOT_EVALUATED	>	32	>	32			NOT_EVALUATED
514	35756053	1D-054	meropenem	meropenem			NO_GENOME_MATCH					NOT_EVALUATED	<=	1	<=	1			NOT_EVALUATED
515	35756053	1D-054	gentamicin	gentamicin			NO_GENOME_MATCH					NOT_EVALUATED	<=	2	<=	2			NOT_EVALUATED
516	35756053	1D-054	ciprofloxacin	ciprofloxacin			NO_GENOME_MATCH					NOT_EVALUATED	<=	0.5	<=	0.5			NOT_EVALUATED
517	35756053	1D-054	cefoxitin	cefoxitin			NO_GENOME_MATCH					NOT_EVALUATED	<=	4	<=	4			NOT_EVALUATED
518	35756053	1D-054	trimethoprim	trimethoprim			NO_GENOME_MATCH					NOT_EVALUATED	>	4/76	>	4/76			NOT_EVALUATED
519	35756053	1D-054	tobramycin	tobramycin			NO_GENOME_MATCH					NOT_EVALUATED	>	8	>	8			NOT_EVALUATED
520	35756053	1D-054	tigecycline	tigecycline			NO_GENOME_MATCH					NOT_EVALUATED	<=	1	<=	1			NOT_EVALUATED
521	35756053	1D-054	tetracycline	tetracycline			NO_GENOME_MATCH					NOT_EVALUATED	>	16	>	16			NOT_EVALUATED
522	35756053	1D-055	ampicillin	ampicillin			NO_GENOME_MATCH					NOT_EVALUATED	<=	4	<=	4			NOT_EVALUATED
523	35756053	1D-055	cefazolin	cefazolin			NO_GENOME_MATCH					NOT_EVALUATED	<=	4	<=	4			NOT_EVALUATED
524	35756053	1D-055	meropenem	meropenem			NO_GENOME_MATCH					NOT_EVALUATED	<=	1	<=	1			NOT_EVALUATED
525	35756053	1D-055	gentamicin	gentamicin			NO_GENOME_MATCH					NOT_EVALUATED	<=	2	<=	2			NOT_EVALUATED
526	35756053	1D-055	ciprofloxacin	ciprofloxacin			NO_GENOME_MATCH					NOT_EVALUATED	<=	0.5	<=	0.5			NOT_EVALUATED
527	35756053	1D-055	cefoxitin	cefoxitin			NO_GENOME_MATCH					NOT_EVALUATED	<=	4	<=	4			NOT_EVALUATED
528	35756053	1D-055	trimethoprim	trimethoprim			NO_GENOME_MATCH					NOT_EVALUATED	<=	0.5/9.5	<=	0.5/9.5			NOT_EVALUATED
529	35756053	1D-055	tobramycin	tobramycin			NO_GENOME_MATCH					NOT_EVALUATED	<=	4	<=	4			NOT_EVALUATED
530	35756053	1D-055	tigecycline	tigecycline			NO_GENOME_MATCH					NOT_EVALUATED	<=	1	<=	1			NOT_EVALUATED
531	35756053	1D-055	tetracycline	tetracycline			NO_GENOME_MATCH					NOT_EVALUATED	=	1	=	1			NOT_EVALUATED
532	35756053	1D-056	ampicillin	ampicillin			NO_GENOME_MATCH					NOT_EVALUATED	<=	4	<=	4			NOT_EVALUATED
533	35756053	1D-056	cefazolin	cefazolin			NO_GENOME_MATCH					NOT_EVALUATED	<=	4	<=	4			NOT_EVALUATED
534	35756053	1D-056	meropenem	meropenem			NO_GENOME_MATCH					NOT_EVALUATED	<=	1	<=	1			NOT_EVALUATED
535	35756053	1D-056	gentamicin	gentamicin			NO_GENOME_MATCH					NOT_EVALUATED	<=	2	<=	2			NOT_EVALUATED
536	35756053	1D-056	ciprofloxacin	ciprofloxacin			NO_GENOME_MATCH					NOT_EVALUATED	<=	0.5	<=	0.5			NOT_EVALUATED
537	35756053	1D-056	cefoxitin	cefoxitin			NO_GENOME_MATCH					NOT_EVALUATED	<=	4	<=	4			NOT_EVALUATED
538	35756053	1D-056	trimethoprim	trimethoprim			NO_GENOME_MATCH					NOT_EVALUATED	<=	0.5/9.5	<=	0.5/9.5			NOT_EVALUATED
539	35756053	1D-056	tobramycin	tobramycin			NO_GENOME_MATCH					NOT_EVALUATED	<=	4	<=	4			NOT_EVALUATED
540	35756053	1D-056	tigecycline	tigecycline			NO_GENOME_MATCH					NOT_EVALUATED	<=	1	<=	1			NOT_EVALUATED
541	35756053	1D-056	tetracycline	tetracycline			NO_GENOME_MATCH					NOT_EVALUATED	=	1	=	1			NOT_EVALUATED
542	35756053	1D-057	ampicillin	ampicillin			NO_GENOME_MATCH					NOT_EVALUATED	<=	4	<=	4			NOT_EVALUATED
543	35756053	1D-057	cefazolin	cefazolin			NO_GENOME_MATCH					NOT_EVALUATED	<=	4	<=	4			NOT_EVALUATED
544	35756053	1D-057	meropenem	meropenem			NO_GENOME_MATCH					NOT_EVALUATED	<=	1	<=	1			NOT_EVALUATED
545	35756053	1D-057	gentamicin	gentamicin			NO_GENOME_MATCH					NOT_EVALUATED	<=	2	<=	2			NOT_EVALUATED
546	35756053	1D-057	ciprofloxacin	ciprofloxacin			NO_GENOME_MATCH					NOT_EVALUATED	<=	0.5	<=	0.5			NOT_EVALUATED
547	35756053	1D-057	cefoxitin	cefoxitin			NO_GENOME_MATCH					NOT_EVALUATED	<=	4	<=	4			NOT_EVALUATED
548	35756053	1D-057	trimethoprim	trimethoprim			NO_GENOME_MATCH					NOT_EVALUATED	<=	0.5/9.5	<=	0.5/9.5			NOT_EVALUATED
549	35756053	1D-057	tobramycin	tobramycin			NO_GENOME_MATCH					NOT_EVALUATED	<=	4	<=	4			NOT_EVALUATED
550	35756053	1D-057	tigecycline	tigecycline			NO_GENOME_MATCH					NOT_EVALUATED	<=	1	<=	1			NOT_EVALUATED
551	35756053	1D-057	tetracycline	tetracycline			NO_GENOME_MATCH					NOT_EVALUATED	=	2	=	2			NOT_EVALUATED
552	35756053	1D-058	ampicillin	ampicillin			NO_GENOME_MATCH					NOT_EVALUATED	<=	4	<=	4			NOT_EVALUATED
553	35756053	1D-058	cefazolin	cefazolin			NO_GENOME_MATCH					NOT_EVALUATED	<=	4	<=	4			NOT_EVALUATED
554	35756053	1D-058	meropenem	meropenem			NO_GENOME_MATCH					NOT_EVALUATED	<=	1	<=	1			NOT_EVALUATED
555	35756053	1D-058	gentamicin	gentamicin			NO_GENOME_MATCH					NOT_EVALUATED	<=	2	<=	2			NOT_EVALUATED
556	35756053	1D-058	ciprofloxacin	ciprofloxacin			NO_GENOME_MATCH					NOT_EVALUATED	<=	0.5	<=	0.5			NOT_EVALUATED
557	35756053	1D-058	cefoxitin	cefoxitin			NO_GENOME_MATCH					NOT_EVALUATED	<=	4	<=	4			NOT_EVALUATED
558	35756053	1D-058	trimethoprim	trimethoprim			NO_GENOME_MATCH					NOT_EVALUATED	<=	0.5/9.5	<=	0.5/9.5			NOT_EVALUATED
559	35756053	1D-058	tobramycin	tobramycin			NO_GENOME_MATCH					NOT_EVALUATED	<=	4	<=	4			NOT_EVALUATED
560	35756053	1D-058	tigecycline	tigecycline			NO_GENOME_MATCH					NOT_EVALUATED	<=	1	<=	1			NOT_EVALUATED
561	35756053	1D-058	tetracycline	tetracycline			NO_GENOME_MATCH					NOT_EVALUATED	=	2	=	2			NOT_EVALUATED
562	35756053	1D-059	ampicillin	ampicillin			NO_GENOME_MATCH					NOT_EVALUATED	<=	4	<=	4			NOT_EVALUATED
563	35756053	1D-059	cefazolin	cefazolin			NO_GENOME_MATCH					NOT_EVALUATED	<=	4	<=	4			NOT_EVALUATED
564	35756053	1D-059	meropenem	meropenem			NO_GENOME_MATCH					NOT_EVALUATED	<=	1	<=	1			NOT_EVALUATED
565	35756053	1D-059	gentamicin	gentamicin			NO_GENOME_MATCH					NOT_EVALUATED	<=	2	<=	2			NOT_EVALUATED
566	35756053	1D-059	ciprofloxacin	ciprofloxacin			NO_GENOME_MATCH					NOT_EVALUATED	<=	0.5	<=	0.5			NOT_EVALUATED
567	35756053	1D-059	cefoxitin	cefoxitin			NO_GENOME_MATCH					NOT_EVALUATED	<=	4	<=	4			NOT_EVALUATED
568	35756053	1D-059	trimethoprim	trimethoprim			NO_GENOME_MATCH					NOT_EVALUATED	<=	0.5/9.5	<=	0.5/9.5			NOT_EVALUATED
569	35756053	1D-059	tobramycin	tobramycin			NO_GENOME_MATCH					NOT_EVALUATED	<=	4	<=	4			NOT_EVALUATED
570	35756053	1D-059	tigecycline	tigecycline			NO_GENOME_MATCH					NOT_EVALUATED	<=	1	<=	1			NOT_EVALUATED
571	35756053	1D-059	tetracycline	tetracycline			NO_GENOME_MATCH					NOT_EVALUATED	>	16	>	16			NOT_EVALUATED
572	35756053	1D-060	ampicillin	ampicillin			NO_GENOME_MATCH					NOT_EVALUATED	<=	4	<=	4			NOT_EVALUATED
573	35756053	1D-060	cefazolin	cefazolin			NO_GENOME_MATCH					NOT_EVALUATED	<=	4	<=	4			NOT_EVALUATED
574	35756053	1D-060	meropenem	meropenem			NO_GENOME_MATCH					NOT_EVALUATED	<=	1	<=	1			NOT_EVALUATED
575	35756053	1D-060	gentamicin	gentamicin			NO_GENOME_MATCH					NOT_EVALUATED	<=	2	<=	2			NOT_EVALUATED
576	35756053	1D-060	ciprofloxacin	ciprofloxacin			NO_GENOME_MATCH					NOT_EVALUATED	<=	0.5	<=	0.5			NOT_EVALUATED
577	35756053	1D-060	cefoxitin	cefoxitin			NO_GENOME_MATCH					NOT_EVALUATED	<=	4	<=	4			NOT_EVALUATED
578	35756053	1D-060	trimethoprim	trimethoprim			NO_GENOME_MATCH					NOT_EVALUATED	=	1/19	=	1/19			NOT_EVALUATED
579	35756053	1D-060	tobramycin	tobramycin			NO_GENOME_MATCH					NOT_EVALUATED	<=	4	<=	4			NOT_EVALUATED
580	35756053	1D-060	tigecycline	tigecycline			NO_GENOME_MATCH					NOT_EVALUATED	<=	1	<=	1			NOT_EVALUATED
581	35756053	1D-060	tetracycline	tetracycline			NO_GENOME_MATCH					NOT_EVALUATED	>	16	>	16			NOT_EVALUATED
582	35756053	1D-061	ampicillin	ampicillin			NO_GENOME_MATCH					NOT_EVALUATED	<=	4	<=	4			NOT_EVALUATED
583	35756053	1D-061	cefazolin	cefazolin			NO_GENOME_MATCH					NOT_EVALUATED	<=	4	<=	4			NOT_EVALUATED
584	35756053	1D-061	meropenem	meropenem			NO_GENOME_MATCH					NOT_EVALUATED	<=	1	<=	1			NOT_EVALUATED
585	35756053	1D-061	gentamicin	gentamicin			NO_GENOME_MATCH					NOT_EVALUATED	<=	2	<=	2			NOT_EVALUATED
586	35756053	1D-061	ciprofloxacin	ciprofloxacin			NO_GENOME_MATCH					NOT_EVALUATED	<=	0.5	<=	0.5			NOT_EVALUATED
587	35756053	1D-061	cefoxitin	cefoxitin			NO_GENOME_MATCH					NOT_EVALUATED	=	8	=	8			NOT_EVALUATED
588	35756053	1D-061	trimethoprim	trimethoprim			NO_GENOME_MATCH					NOT_EVALUATED	<=	0.5/9.5	<=	0.5/9.5			NOT_EVALUATED
589	35756053	1D-061	tobramycin	tobramycin			NO_GENOME_MATCH					NOT_EVALUATED	<=	4	<=	4			NOT_EVALUATED
590	35756053	1D-061	tigecycline	tigecycline			NO_GENOME_MATCH					NOT_EVALUATED	<=	1	<=	1			NOT_EVALUATED
591	35756053	1D-061	tetracycline	tetracycline			NO_GENOME_MATCH					NOT_EVALUATED	=	2	=	2			NOT_EVALUATED
592	35756053	1D-062	ampicillin	ampicillin			NO_GENOME_MATCH					NOT_EVALUATED	<=	4	<=	4			NOT_EVALUATED
593	35756053	1D-062	cefazolin	cefazolin			NO_GENOME_MATCH					NOT_EVALUATED	<=	4	<=	4			NOT_EVALUATED
594	35756053	1D-062	meropenem	meropenem			NO_GENOME_MATCH					NOT_EVALUATED	<=	1	<=	1			NOT_EVALUATED
595	35756053	1D-062	gentamicin	gentamicin			NO_GENOME_MATCH					NOT_EVALUATED	<=	2	<=	2			NOT_EVALUATED
596	35756053	1D-062	ciprofloxacin	ciprofloxacin			NO_GENOME_MATCH					NOT_EVALUATED	<=	0.5	<=	0.5			NOT_EVALUATED
597	35756053	1D-062	cefoxitin	cefoxitin			NO_GENOME_MATCH					NOT_EVALUATED	<=	4	<=	4			NOT_EVALUATED
598	35756053	1D-062	trimethoprim	trimethoprim			NO_GENOME_MATCH					NOT_EVALUATED	<=	0.5/9.5	<=	0.5/9.5			NOT_EVALUATED
599	35756053	1D-062	tobramycin	tobramycin			NO_GENOME_MATCH					NOT_EVALUATED	<=	4	<=	4			NOT_EVALUATED
600	35756053	1D-062	tigecycline	tigecycline			NO_GENOME_MATCH					NOT_EVALUATED	<=	1	<=	1			NOT_EVALUATED
601	35756053	1D-062	tetracycline	tetracycline			NO_GENOME_MATCH					NOT_EVALUATED	=	2	=	2			NOT_EVALUATED
602	35756053	1D-063	ampicillin	ampicillin			NO_GENOME_MATCH					NOT_EVALUATED	<=	4	<=	4			NOT_EVALUATED
603	35756053	1D-063	cefazolin	cefazolin			NO_GENOME_MATCH					NOT_EVALUATED	<=	4	<=	4			NOT_EVALUATED
604	35756053	1D-063	meropenem	meropenem			NO_GENOME_MATCH					NOT_EVALUATED	<=	1	<=	1			NOT_EVALUATED
605	35756053	1D-063	gentamicin	gentamicin			NO_GENOME_MATCH					NOT_EVALUATED	<=	2	<=	2			NOT_EVALUATED
606	35756053	1D-063	ciprofloxacin	ciprofloxacin			NO_GENOME_MATCH					NOT_EVALUATED	<=	0.5	<=	0.5			NOT_EVALUATED
607	35756053	1D-063	cefoxitin	cefoxitin			NO_GENOME_MATCH					NOT_EVALUATED	<=	4	<=	4			NOT_EVALUATED
608	35756053	1D-063	trimethoprim	trimethoprim			NO_GENOME_MATCH					NOT_EVALUATED	<=	0.5/9.5	<=	0.5/9.5			NOT_EVALUATED
609	35756053	1D-063	tobramycin	tobramycin			NO_GENOME_MATCH					NOT_EVALUATED	<=	4	<=	4			NOT_EVALUATED
610	35756053	1D-063	tigecycline	tigecycline			NO_GENOME_MATCH					NOT_EVALUATED	<=	1	<=	1			NOT_EVALUATED
611	35756053	1D-063	tetracycline	tetracycline			NO_GENOME_MATCH					NOT_EVALUATED	=	1	=	1			NOT_EVALUATED
612	35756053	1D-064	ampicillin	ampicillin			NO_GENOME_MATCH					NOT_EVALUATED	>	32	>	32			NOT_EVALUATED
613	35756053	1D-064	cefazolin	cefazolin			NO_GENOME_MATCH					NOT_EVALUATED	<=	4	<=	4			NOT_EVALUATED
614	35756053	1D-064	meropenem	meropenem			NO_GENOME_MATCH					NOT_EVALUATED	<=	1	<=	1			NOT_EVALUATED
615	35756053	1D-064	gentamicin	gentamicin			NO_GENOME_MATCH					NOT_EVALUATED	<=	2	<=	2			NOT_EVALUATED
616	35756053	1D-064	ciprofloxacin	ciprofloxacin			NO_GENOME_MATCH					NOT_EVALUATED	<=	0.5	<=	0.5			NOT_EVALUATED
617	35756053	1D-064	cefoxitin	cefoxitin			NO_GENOME_MATCH					NOT_EVALUATED	<=	4	<=	4			NOT_EVALUATED
618	35756053	1D-064	trimethoprim	trimethoprim			NO_GENOME_MATCH					NOT_EVALUATED	<=	0.5/9.5	<=	0.5/9.5			NOT_EVALUATED
619	35756053	1D-064	tobramycin	tobramycin			NO_GENOME_MATCH					NOT_EVALUATED	<=	4	<=	4			NOT_EVALUATED
620	35756053	1D-064	tigecycline	tigecycline			NO_GENOME_MATCH					NOT_EVALUATED	<=	1	<=	1			NOT_EVALUATED
621	35756053	1D-064	tetracycline	tetracycline			NO_GENOME_MATCH					NOT_EVALUATED	>	16	>	16			NOT_EVALUATED
622	35756053	1D-065	ampicillin	ampicillin			NO_GENOME_MATCH					NOT_EVALUATED	<=	4	<=	4			NOT_EVALUATED
623	35756053	1D-065	cefazolin	cefazolin			NO_GENOME_MATCH					NOT_EVALUATED	<=	4	<=	4			NOT_EVALUATED
624	35756053	1D-065	meropenem	meropenem			NO_GENOME_MATCH					NOT_EVALUATED	<=	1	<=	1			NOT_EVALUATED
625	35756053	1D-065	gentamicin	gentamicin			NO_GENOME_MATCH					NOT_EVALUATED	<=	2	<=	2			NOT_EVALUATED
626	35756053	1D-065	ciprofloxacin	ciprofloxacin			NO_GENOME_MATCH					NOT_EVALUATED	<=	0.5	<=	0.5			NOT_EVALUATED
627	35756053	1D-065	cefoxitin	cefoxitin			NO_GENOME_MATCH					NOT_EVALUATED	<=	4	<=	4			NOT_EVALUATED
628	35756053	1D-065	trimethoprim	trimethoprim			NO_GENOME_MATCH					NOT_EVALUATED	<=	0.5/9.5	<=	0.5/9.5			NOT_EVALUATED
629	35756053	1D-065	tobramycin	tobramycin			NO_GENOME_MATCH					NOT_EVALUATED	<=	4	<=	4			NOT_EVALUATED
630	35756053	1D-065	tigecycline	tigecycline			NO_GENOME_MATCH					NOT_EVALUATED	<=	1	<=	1			NOT_EVALUATED
631	35756053	1D-065	tetracycline	tetracycline			NO_GENOME_MATCH					NOT_EVALUATED	=	2	=	2			NOT_EVALUATED
632	35756053	1D-066	ampicillin	ampicillin			NO_GENOME_MATCH					NOT_EVALUATED	<=	4	<=	4			NOT_EVALUATED
633	35756053	1D-066	cefazolin	cefazolin			NO_GENOME_MATCH					NOT_EVALUATED	<=	4	<=	4			NOT_EVALUATED
634	35756053	1D-066	meropenem	meropenem			NO_GENOME_MATCH					NOT_EVALUATED	<=	1	<=	1			NOT_EVALUATED
635	35756053	1D-066	gentamicin	gentamicin			NO_GENOME_MATCH					NOT_EVALUATED	<=	2	<=	2			NOT_EVALUATED
636	35756053	1D-066	ciprofloxacin	ciprofloxacin			NO_GENOME_MATCH					NOT_EVALUATED	<=	0.5	<=	0.5			NOT_EVALUATED
637	35756053	1D-066	cefoxitin	cefoxitin			NO_GENOME_MATCH					NOT_EVALUATED	=	8	=	8			NOT_EVALUATED
638	35756053	1D-066	trimethoprim	trimethoprim			NO_GENOME_MATCH					NOT_EVALUATED	<=	0.5/9.5	<=	0.5/9.5			NOT_EVALUATED
639	35756053	1D-066	tobramycin	tobramycin			NO_GENOME_MATCH					NOT_EVALUATED	<=	4	<=	4			NOT_EVALUATED
640	35756053	1D-066	tigecycline	tigecycline			NO_GENOME_MATCH					NOT_EVALUATED	<=	1	<=	1			NOT_EVALUATED
641	35756053	1D-066	tetracycline	tetracycline			NO_GENOME_MATCH					NOT_EVALUATED	=	1	=	1			NOT_EVALUATED
642	35756053	1D-067	ampicillin	ampicillin			NO_GENOME_MATCH					NOT_EVALUATED	<=	4	<=	4			NOT_EVALUATED
643	35756053	1D-067	cefazolin	cefazolin			NO_GENOME_MATCH					NOT_EVALUATED	<=	4	<=	4			NOT_EVALUATED
644	35756053	1D-067	meropenem	meropenem			NO_GENOME_MATCH					NOT_EVALUATED	<=	1	<=	1			NOT_EVALUATED
645	35756053	1D-067	gentamicin	gentamicin			NO_GENOME_MATCH					NOT_EVALUATED	<=	2	<=	2			NOT_EVALUATED
646	35756053	1D-067	ciprofloxacin	ciprofloxacin			NO_GENOME_MATCH					NOT_EVALUATED	<=	0.5	<=	0.5			NOT_EVALUATED
647	35756053	1D-067	cefoxitin	cefoxitin			NO_GENOME_MATCH					NOT_EVALUATED	<=	4	<=	4			NOT_EVALUATED
648	35756053	1D-067	trimethoprim	trimethoprim			NO_GENOME_MATCH					NOT_EVALUATED	<=	0.5/9.5	<=	0.5/9.5			NOT_EVALUATED
649	35756053	1D-067	tobramycin	tobramycin			NO_GENOME_MATCH					NOT_EVALUATED	<=	4	<=	4			NOT_EVALUATED
650	35756053	1D-067	tigecycline	tigecycline			NO_GENOME_MATCH					NOT_EVALUATED	<=	1	<=	1			NOT_EVALUATED
651	35756053	1D-067	tetracycline	tetracycline			NO_GENOME_MATCH					NOT_EVALUATED	=	1	=	1			NOT_EVALUATED
652	35756053	1D-068	ampicillin	ampicillin			NO_GENOME_MATCH					NOT_EVALUATED	<=	4	<=	4			NOT_EVALUATED
653	35756053	1D-068	cefazolin	cefazolin			NO_GENOME_MATCH					NOT_EVALUATED	<=	4	<=	4			NOT_EVALUATED
654	35756053	1D-068	meropenem	meropenem			NO_GENOME_MATCH					NOT_EVALUATED	<=	1	<=	1			NOT_EVALUATED
655	35756053	1D-068	gentamicin	gentamicin			NO_GENOME_MATCH					NOT_EVALUATED	<=	2	<=	2			NOT_EVALUATED
656	35756053	1D-068	ciprofloxacin	ciprofloxacin			NO_GENOME_MATCH					NOT_EVALUATED	<=	0.5	<=	0.5			NOT_EVALUATED
657	35756053	1D-068	cefoxitin	cefoxitin			NO_GENOME_MATCH					NOT_EVALUATED	<=	4	<=	4			NOT_EVALUATED
658	35756053	1D-068	trimethoprim	trimethoprim			NO_GENOME_MATCH					NOT_EVALUATED	<=	0.5/9.5	<=	0.5/9.5			NOT_EVALUATED
659	35756053	1D-068	tobramycin	tobramycin			NO_GENOME_MATCH					NOT_EVALUATED	<=	4	<=	4			NOT_EVALUATED
660	35756053	1D-068	tigecycline	tigecycline			NO_GENOME_MATCH					NOT_EVALUATED	<=	1	<=	1			NOT_EVALUATED
661	35756053	1D-068	tetracycline	tetracycline			NO_GENOME_MATCH					NOT_EVALUATED	=	1	=	1			NOT_EVALUATED
662	35756053	1D-069	ampicillin	ampicillin			NO_GENOME_MATCH					NOT_EVALUATED	<=	4	<=	4			NOT_EVALUATED
663	35756053	1D-069	cefazolin	cefazolin			NO_GENOME_MATCH					NOT_EVALUATED	<=	4	<=	4			NOT_EVALUATED
664	35756053	1D-069	meropenem	meropenem			NO_GENOME_MATCH					NOT_EVALUATED	<=	1	<=	1			NOT_EVALUATED
665	35756053	1D-069	gentamicin	gentamicin			NO_GENOME_MATCH					NOT_EVALUATED	<=	2	<=	2			NOT_EVALUATED
666	35756053	1D-069	ciprofloxacin	ciprofloxacin			NO_GENOME_MATCH					NOT_EVALUATED	<=	0.5	<=	0.5			NOT_EVALUATED
667	35756053	1D-069	cefoxitin	cefoxitin			NO_GENOME_MATCH					NOT_EVALUATED	<=	4	<=	4			NOT_EVALUATED
668	35756053	1D-069	trimethoprim	trimethoprim			NO_GENOME_MATCH					NOT_EVALUATED	<=	0.5/9.5	<=	0.5/9.5			NOT_EVALUATED
669	35756053	1D-069	tobramycin	tobramycin			NO_GENOME_MATCH					NOT_EVALUATED	<=	4	<=	4			NOT_EVALUATED
670	35756053	1D-069	tigecycline	tigecycline			NO_GENOME_MATCH					NOT_EVALUATED	<=	1	<=	1			NOT_EVALUATED
671	35756053	1D-069	tetracycline	tetracycline			NO_GENOME_MATCH					NOT_EVALUATED	=	1	=	1			NOT_EVALUATED
672	35756053	1D-070	ampicillin	ampicillin			NO_GENOME_MATCH					NOT_EVALUATED	<=	4	<=	4			NOT_EVALUATED
673	35756053	1D-070	cefazolin	cefazolin			NO_GENOME_MATCH					NOT_EVALUATED	<=	4	<=	4			NOT_EVALUATED
674	35756053	1D-070	meropenem	meropenem			NO_GENOME_MATCH					NOT_EVALUATED	<=	1	<=	1			NOT_EVALUATED
675	35756053	1D-070	gentamicin	gentamicin			NO_GENOME_MATCH					NOT_EVALUATED	<=	2	<=	2			NOT_EVALUATED
676	35756053	1D-070	ciprofloxacin	ciprofloxacin			NO_GENOME_MATCH					NOT_EVALUATED	<=	0.5	<=	0.5			NOT_EVALUATED
677	35756053	1D-070	cefoxitin	cefoxitin			NO_GENOME_MATCH					NOT_EVALUATED	<=	4	<=	4			NOT_EVALUATED
678	35756053	1D-070	trimethoprim	trimethoprim			NO_GENOME_MATCH					NOT_EVALUATED	<=	0.5/9.5	<=	0.5/9.5			NOT_EVALUATED
679	35756053	1D-070	tobramycin	tobramycin			NO_GENOME_MATCH					NOT_EVALUATED	<=	4	<=	4			NOT_EVALUATED
680	35756053	1D-070	tigecycline	tigecycline			NO_GENOME_MATCH					NOT_EVALUATED	<=	1	<=	1			NOT_EVALUATED
681	35756053	1D-070	tetracycline	tetracycline			NO_GENOME_MATCH					NOT_EVALUATED	=	2	=	2			NOT_EVALUATED
682	35756053	1D-071	ampicillin	ampicillin			NO_GENOME_MATCH					NOT_EVALUATED	>	32	>	32			NOT_EVALUATED
683	35756053	1D-071	cefazolin	cefazolin			NO_GENOME_MATCH					NOT_EVALUATED	=	8	=	8			NOT_EVALUATED
684	35756053	1D-071	meropenem	meropenem			NO_GENOME_MATCH					NOT_EVALUATED	<=	1	<=	1			NOT_EVALUATED
685	35756053	1D-071	gentamicin	gentamicin			NO_GENOME_MATCH					NOT_EVALUATED	<=	2	<=	2			NOT_EVALUATED
686	35756053	1D-071	ciprofloxacin	ciprofloxacin			NO_GENOME_MATCH					NOT_EVALUATED	<=	0.5	<=	0.5			NOT_EVALUATED
687	35756053	1D-071	cefoxitin	cefoxitin			NO_GENOME_MATCH					NOT_EVALUATED	=	8	=	8			NOT_EVALUATED
688	35756053	1D-071	trimethoprim	trimethoprim			NO_GENOME_MATCH					NOT_EVALUATED	<=	0.5/9.5	<=	0.5/9.5			NOT_EVALUATED
689	35756053	1D-071	tobramycin	tobramycin			NO_GENOME_MATCH					NOT_EVALUATED	<=	4	<=	4			NOT_EVALUATED
690	35756053	1D-071	tigecycline	tigecycline			NO_GENOME_MATCH					NOT_EVALUATED	<=	1	<=	1			NOT_EVALUATED
691	35756053	1D-071	tetracycline	tetracycline			NO_GENOME_MATCH					NOT_EVALUATED	=	2	=	2			NOT_EVALUATED
692	35756053	1D-072	ampicillin	ampicillin			NO_GENOME_MATCH					NOT_EVALUATED	<=	4	<=	4			NOT_EVALUATED
693	35756053	1D-072	cefazolin	cefazolin			NO_GENOME_MATCH					NOT_EVALUATED	<=	4	<=	4			NOT_EVALUATED
694	35756053	1D-072	meropenem	meropenem			NO_GENOME_MATCH					NOT_EVALUATED	<=	1	<=	1			NOT_EVALUATED
695	35756053	1D-072	gentamicin	gentamicin			NO_GENOME_MATCH					NOT_EVALUATED	<=	2	<=	2			NOT_EVALUATED
696	35756053	1D-072	ciprofloxacin	ciprofloxacin			NO_GENOME_MATCH					NOT_EVALUATED	>	4	>	4			NOT_EVALUATED
697	35756053	1D-072	cefoxitin	cefoxitin			NO_GENOME_MATCH					NOT_EVALUATED	<=	4	<=	4			NOT_EVALUATED
698	35756053	1D-072	trimethoprim	trimethoprim			NO_GENOME_MATCH					NOT_EVALUATED	<=	0.5/9.5	<=	0.5/9.5			NOT_EVALUATED
699	35756053	1D-072	tobramycin	tobramycin			NO_GENOME_MATCH					NOT_EVALUATED	<=	4	<=	4			NOT_EVALUATED
700	35756053	1D-072	tigecycline	tigecycline			NO_GENOME_MATCH					NOT_EVALUATED	<=	1	<=	1			NOT_EVALUATED
701	35756053	1D-072	tetracycline	tetracycline			NO_GENOME_MATCH					NOT_EVALUATED	=	1	=	1			NOT_EVALUATED
702	35756053	1D-073	ampicillin	ampicillin			NO_GENOME_MATCH					NOT_EVALUATED	>	32	>	32			NOT_EVALUATED
703	35756053	1D-073	cefazolin	cefazolin			NO_GENOME_MATCH					NOT_EVALUATED	<=	4	<=	4			NOT_EVALUATED
704	35756053	1D-073	meropenem	meropenem			NO_GENOME_MATCH					NOT_EVALUATED	<=	1	<=	1			NOT_EVALUATED
705	35756053	1D-073	gentamicin	gentamicin			NO_GENOME_MATCH					NOT_EVALUATED	>	16	>	16			NOT_EVALUATED
706	35756053	1D-073	ciprofloxacin	ciprofloxacin			NO_GENOME_MATCH					NOT_EVALUATED	>	4	>	4			NOT_EVALUATED
707	35756053	1D-073	cefoxitin	cefoxitin			NO_GENOME_MATCH					NOT_EVALUATED	<=	4	<=	4			NOT_EVALUATED
708	35756053	1D-073	trimethoprim	trimethoprim			NO_GENOME_MATCH					NOT_EVALUATED	<=	0.5/9.5	<=	0.5/9.5			NOT_EVALUATED
709	35756053	1D-073	tobramycin	tobramycin			NO_GENOME_MATCH					NOT_EVALUATED	=	8	=	8			NOT_EVALUATED
710	35756053	1D-073	tigecycline	tigecycline			NO_GENOME_MATCH					NOT_EVALUATED	<=	1	<=	1			NOT_EVALUATED
711	35756053	1D-073	tetracycline	tetracycline			NO_GENOME_MATCH					NOT_EVALUATED	=	1	=	1			NOT_EVALUATED
712	35756053	1D-074	ampicillin	ampicillin			NO_GENOME_MATCH					NOT_EVALUATED	>	32	>	32			NOT_EVALUATED
713	35756053	1D-074	cefazolin	cefazolin			NO_GENOME_MATCH					NOT_EVALUATED	<=	4	<=	4			NOT_EVALUATED
714	35756053	1D-074	meropenem	meropenem			NO_GENOME_MATCH					NOT_EVALUATED	<=	1	<=	1			NOT_EVALUATED
715	35756053	1D-074	gentamicin	gentamicin			NO_GENOME_MATCH					NOT_EVALUATED	<=	2	<=	2			NOT_EVALUATED
716	35756053	1D-074	ciprofloxacin	ciprofloxacin			NO_GENOME_MATCH					NOT_EVALUATED	<=	0.5	<=	0.5			NOT_EVALUATED
717	35756053	1D-074	cefoxitin	cefoxitin			NO_GENOME_MATCH					NOT_EVALUATED	<=	4	<=	4			NOT_EVALUATED
718	35756053	1D-074	trimethoprim	trimethoprim			NO_GENOME_MATCH					NOT_EVALUATED	>	4/76	>	4/76			NOT_EVALUATED
719	35756053	1D-074	tobramycin	tobramycin			NO_GENOME_MATCH					NOT_EVALUATED	<=	4	<=	4			NOT_EVALUATED
720	35756053	1D-074	tigecycline	tigecycline			NO_GENOME_MATCH					NOT_EVALUATED	<=	1	<=	1			NOT_EVALUATED
721	35756053	1D-074	tetracycline	tetracycline			NO_GENOME_MATCH					NOT_EVALUATED	=	2	=	2			NOT_EVALUATED
722	35756053	1D-075	ampicillin	ampicillin			NO_GENOME_MATCH					NOT_EVALUATED	>	32	>	32			NOT_EVALUATED
723	35756053	1D-075	cefazolin	cefazolin			NO_GENOME_MATCH					NOT_EVALUATED	<=	4	<=	4			NOT_EVALUATED
724	35756053	1D-075	meropenem	meropenem			NO_GENOME_MATCH					NOT_EVALUATED	<=	1	<=	1			NOT_EVALUATED
725	35756053	1D-075	gentamicin	gentamicin			NO_GENOME_MATCH					NOT_EVALUATED	<=	2	<=	2			NOT_EVALUATED
726	35756053	1D-075	ciprofloxacin	ciprofloxacin			NO_GENOME_MATCH					NOT_EVALUATED	<=	0.5	<=	0.5			NOT_EVALUATED
727	35756053	1D-075	cefoxitin	cefoxitin			NO_GENOME_MATCH					NOT_EVALUATED	<=	4	<=	4			NOT_EVALUATED
728	35756053	1D-075	trimethoprim	trimethoprim			NO_GENOME_MATCH					NOT_EVALUATED	>	4/76	>	4/76			NOT_EVALUATED
729	35756053	1D-075	tobramycin	tobramycin			NO_GENOME_MATCH					NOT_EVALUATED	<=	4	<=	4			NOT_EVALUATED
730	35756053	1D-075	tigecycline	tigecycline			NO_GENOME_MATCH					NOT_EVALUATED	<=	1	<=	1			NOT_EVALUATED
731	35756053	1D-075	tetracycline	tetracycline			NO_GENOME_MATCH					NOT_EVALUATED	>	16	>	16			NOT_EVALUATED
732	35756053	1D-076	ampicillin	ampicillin			NO_GENOME_MATCH					NOT_EVALUATED	<=	4	<=	4			NOT_EVALUATED
733	35756053	1D-076	cefazolin	cefazolin			NO_GENOME_MATCH					NOT_EVALUATED	<=	4	<=	4			NOT_EVALUATED
734	35756053	1D-076	meropenem	meropenem			NO_GENOME_MATCH					NOT_EVALUATED	<=	1	<=	1			NOT_EVALUATED
735	35756053	1D-076	gentamicin	gentamicin			NO_GENOME_MATCH					NOT_EVALUATED	<=	2	<=	2			NOT_EVALUATED
736	35756053	1D-076	ciprofloxacin	ciprofloxacin			NO_GENOME_MATCH					NOT_EVALUATED	<=	0.5	<=	0.5			NOT_EVALUATED
737	35756053	1D-076	cefoxitin	cefoxitin			NO_GENOME_MATCH					NOT_EVALUATED	<=	4	<=	4			NOT_EVALUATED
738	35756053	1D-076	trimethoprim	trimethoprim			NO_GENOME_MATCH					NOT_EVALUATED	<=	0.5/9.5	<=	0.5/9.5			NOT_EVALUATED
739	35756053	1D-076	tobramycin	tobramycin			NO_GENOME_MATCH					NOT_EVALUATED	<=	4	<=	4			NOT_EVALUATED
740	35756053	1D-076	tigecycline	tigecycline			NO_GENOME_MATCH					NOT_EVALUATED	<=	1	<=	1			NOT_EVALUATED
741	35756053	1D-076	tetracycline	tetracycline			NO_GENOME_MATCH					NOT_EVALUATED	=	1	=	1			NOT_EVALUATED
742	35756053	1D-077	ampicillin	ampicillin			NO_GENOME_MATCH					NOT_EVALUATED	<=	4	<=	4			NOT_EVALUATED
743	35756053	1D-077	cefazolin	cefazolin			NO_GENOME_MATCH					NOT_EVALUATED	<=	4	<=	4			NOT_EVALUATED
744	35756053	1D-077	meropenem	meropenem			NO_GENOME_MATCH					NOT_EVALUATED	<=	1	<=	1			NOT_EVALUATED
745	35756053	1D-077	gentamicin	gentamicin			NO_GENOME_MATCH					NOT_EVALUATED	<=	2	<=	2			NOT_EVALUATED
746	35756053	1D-077	ciprofloxacin	ciprofloxacin			NO_GENOME_MATCH					NOT_EVALUATED	<=	0.5	<=	0.5			NOT_EVALUATED
747	35756053	1D-077	cefoxitin	cefoxitin			NO_GENOME_MATCH					NOT_EVALUATED	<=	4	<=	4			NOT_EVALUATED
748	35756053	1D-077	trimethoprim	trimethoprim			NO_GENOME_MATCH					NOT_EVALUATED	<=	0.5/9.5	<=	0.5/9.5			NOT_EVALUATED
749	35756053	1D-077	tobramycin	tobramycin			NO_GENOME_MATCH					NOT_EVALUATED	<=	4	<=	4			NOT_EVALUATED
750	35756053	1D-077	tigecycline	tigecycline			NO_GENOME_MATCH					NOT_EVALUATED	<=	1	<=	1			NOT_EVALUATED
751	35756053	1D-077	tetracycline	tetracycline			NO_GENOME_MATCH					NOT_EVALUATED	=	2	=	2			NOT_EVALUATED
752	35756053	1D-078	ampicillin	ampicillin			NO_GENOME_MATCH					NOT_EVALUATED	>	32	>	32			NOT_EVALUATED
753	35756053	1D-078	cefazolin	cefazolin			NO_GENOME_MATCH					NOT_EVALUATED	=	8	=	8			NOT_EVALUATED
754	35756053	1D-078	meropenem	meropenem			NO_GENOME_MATCH					NOT_EVALUATED	<=	1	<=	1			NOT_EVALUATED
755	35756053	1D-078	gentamicin	gentamicin			NO_GENOME_MATCH					NOT_EVALUATED	=	4	=	4			NOT_EVALUATED
756	35756053	1D-078	ciprofloxacin	ciprofloxacin			NO_GENOME_MATCH					NOT_EVALUATED	>	4	>	4			NOT_EVALUATED
757	35756053	1D-078	cefoxitin	cefoxitin			NO_GENOME_MATCH					NOT_EVALUATED	<=	4	<=	4			NOT_EVALUATED
758	35756053	1D-078	trimethoprim	trimethoprim			NO_GENOME_MATCH					NOT_EVALUATED	>	4/76	>	4/76			NOT_EVALUATED
759	35756053	1D-078	tobramycin	tobramycin			NO_GENOME_MATCH					NOT_EVALUATED	<=	4	<=	4			NOT_EVALUATED
760	35756053	1D-078	tigecycline	tigecycline			NO_GENOME_MATCH					NOT_EVALUATED	<=	1	<=	1			NOT_EVALUATED
761	35756053	1D-078	tetracycline	tetracycline			NO_GENOME_MATCH					NOT_EVALUATED	>	16	>	16			NOT_EVALUATED
762	35756053	1D-079	ampicillin	ampicillin			NO_GENOME_MATCH					NOT_EVALUATED	>	32	>	32			NOT_EVALUATED
763	35756053	1D-079	cefazolin	cefazolin			NO_GENOME_MATCH					NOT_EVALUATED	<=	4	<=	4			NOT_EVALUATED
764	35756053	1D-079	meropenem	meropenem			NO_GENOME_MATCH					NOT_EVALUATED	<=	1	<=	1			NOT_EVALUATED
765	35756053	1D-079	gentamicin	gentamicin			NO_GENOME_MATCH					NOT_EVALUATED	<=	2	<=	2			NOT_EVALUATED
766	35756053	1D-079	ciprofloxacin	ciprofloxacin			NO_GENOME_MATCH					NOT_EVALUATED	<=	0.5	<=	0.5			NOT_EVALUATED
767	35756053	1D-079	cefoxitin	cefoxitin			NO_GENOME_MATCH					NOT_EVALUATED	<=	4	<=	4			NOT_EVALUATED
768	35756053	1D-079	trimethoprim	trimethoprim			NO_GENOME_MATCH					NOT_EVALUATED	>	4/76	>	4/76			NOT_EVALUATED
769	35756053	1D-079	tobramycin	tobramycin			NO_GENOME_MATCH					NOT_EVALUATED	<=	4	<=	4			NOT_EVALUATED
770	35756053	1D-079	tigecycline	tigecycline			NO_GENOME_MATCH					NOT_EVALUATED	<=	1	<=	1			NOT_EVALUATED
771	35756053	1D-079	tetracycline	tetracycline			NO_GENOME_MATCH					NOT_EVALUATED	>	16	>	16			NOT_EVALUATED
772	35756053	1D-080	ampicillin	ampicillin			NO_GENOME_MATCH					NOT_EVALUATED	>	32	>	32			NOT_EVALUATED
773	35756053	1D-080	cefazolin	cefazolin			NO_GENOME_MATCH					NOT_EVALUATED	<=	4	<=	4			NOT_EVALUATED
774	35756053	1D-080	meropenem	meropenem			NO_GENOME_MATCH					NOT_EVALUATED	<=	1	<=	1			NOT_EVALUATED
775	35756053	1D-080	gentamicin	gentamicin			NO_GENOME_MATCH					NOT_EVALUATED	<=	2	<=	2			NOT_EVALUATED
776	35756053	1D-080	ciprofloxacin	ciprofloxacin			NO_GENOME_MATCH					NOT_EVALUATED	<=	0.5	<=	0.5			NOT_EVALUATED
777	35756053	1D-080	cefoxitin	cefoxitin			NO_GENOME_MATCH					NOT_EVALUATED	<=	4	<=	4			NOT_EVALUATED
778	35756053	1D-080	trimethoprim	trimethoprim			NO_GENOME_MATCH					NOT_EVALUATED	<=	0.5/9.5	<=	0.5/9.5			NOT_EVALUATED
779	35756053	1D-080	tobramycin	tobramycin			NO_GENOME_MATCH					NOT_EVALUATED	<=	4	<=	4			NOT_EVALUATED
780	35756053	1D-080	tigecycline	tigecycline			NO_GENOME_MATCH					NOT_EVALUATED	<=	1	<=	1			NOT_EVALUATED
781	35756053	1D-080	tetracycline	tetracycline			NO_GENOME_MATCH					NOT_EVALUATED	>	16	>	16			NOT_EVALUATED
782	35756053	1D-081	ampicillin	ampicillin			NO_GENOME_MATCH					NOT_EVALUATED	<=	4	<=	4			NOT_EVALUATED
783	35756053	1D-081	cefazolin	cefazolin			NO_GENOME_MATCH					NOT_EVALUATED	<=	4	<=	4			NOT_EVALUATED
784	35756053	1D-081	meropenem	meropenem			NO_GENOME_MATCH					NOT_EVALUATED	<=	1	<=	1			NOT_EVALUATED
785	35756053	1D-081	gentamicin	gentamicin			NO_GENOME_MATCH					NOT_EVALUATED	<=	2	<=	2			NOT_EVALUATED
786	35756053	1D-081	ciprofloxacin	ciprofloxacin			NO_GENOME_MATCH					NOT_EVALUATED	<=	0.5	<=	0.5			NOT_EVALUATED
787	35756053	1D-081	cefoxitin	cefoxitin			NO_GENOME_MATCH					NOT_EVALUATED	<=	4	<=	4			NOT_EVALUATED
788	35756053	1D-081	trimethoprim	trimethoprim			NO_GENOME_MATCH					NOT_EVALUATED	<=	0.5/9.5	<=	0.5/9.5			NOT_EVALUATED
789	35756053	1D-081	tobramycin	tobramycin			NO_GENOME_MATCH					NOT_EVALUATED	<=	4	<=	4			NOT_EVALUATED
790	35756053	1D-081	tigecycline	tigecycline			NO_GENOME_MATCH					NOT_EVALUATED	<=	1	<=	1			NOT_EVALUATED
791	35756053	1D-081	tetracycline	tetracycline			NO_GENOME_MATCH					NOT_EVALUATED	=	1	=	1			NOT_EVALUATED
792	35756053	1D-082	ampicillin	ampicillin			NO_GENOME_MATCH					NOT_EVALUATED	<=	4	<=	4			NOT_EVALUATED
793	35756053	1D-082	cefazolin	cefazolin			NO_GENOME_MATCH					NOT_EVALUATED	<=	4	<=	4			NOT_EVALUATED
794	35756053	1D-082	meropenem	meropenem			NO_GENOME_MATCH					NOT_EVALUATED	<=	1	<=	1			NOT_EVALUATED
795	35756053	1D-082	gentamicin	gentamicin			NO_GENOME_MATCH					NOT_EVALUATED	<=	2	<=	2			NOT_EVALUATED
796	35756053	1D-082	ciprofloxacin	ciprofloxacin			NO_GENOME_MATCH					NOT_EVALUATED	<=	0.5	<=	0.5			NOT_EVALUATED
797	35756053	1D-082	cefoxitin	cefoxitin			NO_GENOME_MATCH					NOT_EVALUATED	=	8	=	8			NOT_EVALUATED
798	35756053	1D-082	trimethoprim	trimethoprim			NO_GENOME_MATCH					NOT_EVALUATED	<=	0.5/9.5	<=	0.5/9.5			NOT_EVALUATED
799	35756053	1D-082	tobramycin	tobramycin			NO_GENOME_MATCH					NOT_EVALUATED	<=	4	<=	4			NOT_EVALUATED
800	35756053	1D-082	tigecycline	tigecycline			NO_GENOME_MATCH					NOT_EVALUATED	<=	1	<=	1			NOT_EVALUATED
801	35756053	1D-082	tetracycline	tetracycline			NO_GENOME_MATCH					NOT_EVALUATED	=	1	=	1			NOT_EVALUATED
802	35756053	1D-083	ampicillin	ampicillin			NO_GENOME_MATCH					NOT_EVALUATED	>	32	>	32			NOT_EVALUATED
803	35756053	1D-083	cefazolin	cefazolin			NO_GENOME_MATCH					NOT_EVALUATED	<=	4	<=	4			NOT_EVALUATED
804	35756053	1D-083	meropenem	meropenem			NO_GENOME_MATCH					NOT_EVALUATED	<=	1	<=	1			NOT_EVALUATED
805	35756053	1D-083	gentamicin	gentamicin			NO_GENOME_MATCH					NOT_EVALUATED	<=	2	<=	2			NOT_EVALUATED
806	35756053	1D-083	ciprofloxacin	ciprofloxacin			NO_GENOME_MATCH					NOT_EVALUATED	<=	0.5	<=	0.5			NOT_EVALUATED
807	35756053	1D-083	cefoxitin	cefoxitin			NO_GENOME_MATCH					NOT_EVALUATED	<=	4	<=	4			NOT_EVALUATED
808	35756053	1D-083	trimethoprim	trimethoprim			NO_GENOME_MATCH					NOT_EVALUATED	<=	0.5/9.5	<=	0.5/9.5			NOT_EVALUATED
809	35756053	1D-083	tobramycin	tobramycin			NO_GENOME_MATCH					NOT_EVALUATED	<=	4	<=	4			NOT_EVALUATED
810	35756053	1D-083	tigecycline	tigecycline			NO_GENOME_MATCH					NOT_EVALUATED	<=	1	<=	1			NOT_EVALUATED
811	35756053	1D-083	tetracycline	tetracycline			NO_GENOME_MATCH					NOT_EVALUATED	>	16	>	16			NOT_EVALUATED
812	35756053	1D-084	ampicillin	ampicillin			NO_GENOME_MATCH					NOT_EVALUATED	<=	4	<=	4			NOT_EVALUATED
813	35756053	1D-084	cefazolin	cefazolin			NO_GENOME_MATCH					NOT_EVALUATED	<=	4	<=	4			NOT_EVALUATED
814	35756053	1D-084	meropenem	meropenem			NO_GENOME_MATCH					NOT_EVALUATED	<=	1	<=	1			NOT_EVALUATED
815	35756053	1D-084	gentamicin	gentamicin			NO_GENOME_MATCH					NOT_EVALUATED	<=	2	<=	2			NOT_EVALUATED
816	35756053	1D-084	ciprofloxacin	ciprofloxacin			NO_GENOME_MATCH					NOT_EVALUATED	<=	0.5	<=	0.5			NOT_EVALUATED
817	35756053	1D-084	cefoxitin	cefoxitin			NO_GENOME_MATCH					NOT_EVALUATED	<=	4	<=	4			NOT_EVALUATED
818	35756053	1D-084	trimethoprim	trimethoprim			NO_GENOME_MATCH					NOT_EVALUATED	<=	0.5/9.5	<=	0.5/9.5			NOT_EVALUATED
819	35756053	1D-084	tobramycin	tobramycin			NO_GENOME_MATCH					NOT_EVALUATED	<=	4	<=	4			NOT_EVALUATED
820	35756053	1D-084	tigecycline	tigecycline			NO_GENOME_MATCH					NOT_EVALUATED	<=	1	<=	1			NOT_EVALUATED
821	35756053	1D-084	tetracycline	tetracycline			NO_GENOME_MATCH					NOT_EVALUATED	=	2	=	2			NOT_EVALUATED
822	35756053	1D-085	ampicillin	ampicillin			NO_GENOME_MATCH					NOT_EVALUATED	>	32	>	32			NOT_EVALUATED
823	35756053	1D-085	cefazolin	cefazolin			NO_GENOME_MATCH					NOT_EVALUATED	<=	4	<=	4			NOT_EVALUATED
824	35756053	1D-085	meropenem	meropenem			NO_GENOME_MATCH					NOT_EVALUATED	<=	1	<=	1			NOT_EVALUATED
825	35756053	1D-085	gentamicin	gentamicin			NO_GENOME_MATCH					NOT_EVALUATED	<=	2	<=	2			NOT_EVALUATED
826	35756053	1D-085	ciprofloxacin	ciprofloxacin			NO_GENOME_MATCH					NOT_EVALUATED	<=	0.5	<=	0.5			NOT_EVALUATED
827	35756053	1D-085	cefoxitin	cefoxitin			NO_GENOME_MATCH					NOT_EVALUATED	<=	4	<=	4			NOT_EVALUATED
828	35756053	1D-085	trimethoprim	trimethoprim			NO_GENOME_MATCH					NOT_EVALUATED	>	4/76	>	4/76			NOT_EVALUATED
829	35756053	1D-085	tobramycin	tobramycin			NO_GENOME_MATCH					NOT_EVALUATED	<=	4	<=	4			NOT_EVALUATED
830	35756053	1D-085	tigecycline	tigecycline			NO_GENOME_MATCH					NOT_EVALUATED	<=	1	<=	1			NOT_EVALUATED
831	35756053	1D-085	tetracycline	tetracycline			NO_GENOME_MATCH					NOT_EVALUATED	>	16	>	16			NOT_EVALUATED
832	35756053	1D-086	ampicillin	ampicillin			NO_GENOME_MATCH					NOT_EVALUATED	>	32	>	32			NOT_EVALUATED
833	35756053	1D-086	cefazolin	cefazolin			NO_GENOME_MATCH					NOT_EVALUATED	<=	4	<=	4			NOT_EVALUATED
834	35756053	1D-086	meropenem	meropenem			NO_GENOME_MATCH					NOT_EVALUATED	<=	1	<=	1			NOT_EVALUATED
835	35756053	1D-086	gentamicin	gentamicin			NO_GENOME_MATCH					NOT_EVALUATED	=	8	=	8			NOT_EVALUATED
836	35756053	1D-086	ciprofloxacin	ciprofloxacin			NO_GENOME_MATCH					NOT_EVALUATED	<=	0.5	<=	0.5			NOT_EVALUATED
837	35756053	1D-086	cefoxitin	cefoxitin			NO_GENOME_MATCH					NOT_EVALUATED	<=	4	<=	4			NOT_EVALUATED
838	35756053	1D-086	trimethoprim	trimethoprim			NO_GENOME_MATCH					NOT_EVALUATED	>	4/76	>	4/76			NOT_EVALUATED
839	35756053	1D-086	tobramycin	tobramycin			NO_GENOME_MATCH					NOT_EVALUATED	=	8	=	8			NOT_EVALUATED
840	35756053	1D-086	tigecycline	tigecycline			NO_GENOME_MATCH					NOT_EVALUATED	<=	1	<=	1			NOT_EVALUATED
841	35756053	1D-086	tetracycline	tetracycline			NO_GENOME_MATCH					NOT_EVALUATED	>	16	>	16			NOT_EVALUATED
842	35756053	1D-087	ampicillin	ampicillin			NO_GENOME_MATCH					NOT_EVALUATED	<=	4	<=	4			NOT_EVALUATED
843	35756053	1D-087	cefazolin	cefazolin			NO_GENOME_MATCH					NOT_EVALUATED	<=	4	<=	4			NOT_EVALUATED
844	35756053	1D-087	meropenem	meropenem			NO_GENOME_MATCH					NOT_EVALUATED	<=	1	<=	1			NOT_EVALUATED
845	35756053	1D-087	gentamicin	gentamicin			NO_GENOME_MATCH					NOT_EVALUATED	<=	2	<=	2			NOT_EVALUATED
846	35756053	1D-087	ciprofloxacin	ciprofloxacin			NO_GENOME_MATCH					NOT_EVALUATED	<=	0.5	<=	0.5			NOT_EVALUATED
847	35756053	1D-087	cefoxitin	cefoxitin			NO_GENOME_MATCH					NOT_EVALUATED	<=	4	<=	4			NOT_EVALUATED
848	35756053	1D-087	trimethoprim	trimethoprim			NO_GENOME_MATCH					NOT_EVALUATED	<=	0.5/9.5	<=	0.5/9.5			NOT_EVALUATED
849	35756053	1D-087	tobramycin	tobramycin			NO_GENOME_MATCH					NOT_EVALUATED	<=	4	<=	4			NOT_EVALUATED
850	35756053	1D-087	tigecycline	tigecycline			NO_GENOME_MATCH					NOT_EVALUATED	<=	1	<=	1			NOT_EVALUATED
851	35756053	1D-087	tetracycline	tetracycline			NO_GENOME_MATCH					NOT_EVALUATED	=	1	=	1			NOT_EVALUATED
852	35756053	1D-088	ampicillin	ampicillin			NO_GENOME_MATCH					NOT_EVALUATED	>	32	>	32			NOT_EVALUATED
853	35756053	1D-088	cefazolin	cefazolin			NO_GENOME_MATCH					NOT_EVALUATED	=	8	=	8			NOT_EVALUATED
854	35756053	1D-088	meropenem	meropenem			NO_GENOME_MATCH					NOT_EVALUATED	<=	1	<=	1			NOT_EVALUATED
855	35756053	1D-088	gentamicin	gentamicin			NO_GENOME_MATCH					NOT_EVALUATED	<=	2	<=	2			NOT_EVALUATED
856	35756053	1D-088	ciprofloxacin	ciprofloxacin			NO_GENOME_MATCH					NOT_EVALUATED	<=	0.5	<=	0.5			NOT_EVALUATED
857	35756053	1D-088	cefoxitin	cefoxitin			NO_GENOME_MATCH					NOT_EVALUATED	<=	4	<=	4			NOT_EVALUATED
858	35756053	1D-088	trimethoprim	trimethoprim			NO_GENOME_MATCH					NOT_EVALUATED	<=	0.5/9.5	<=	0.5/9.5			NOT_EVALUATED
859	35756053	1D-088	tobramycin	tobramycin			NO_GENOME_MATCH					NOT_EVALUATED	<=	4	<=	4			NOT_EVALUATED
860	35756053	1D-088	tigecycline	tigecycline			NO_GENOME_MATCH					NOT_EVALUATED	<=	1	<=	1			NOT_EVALUATED
861	35756053	1D-088	tetracycline	tetracycline			NO_GENOME_MATCH					NOT_EVALUATED	=	1	=	1			NOT_EVALUATED
862	35756053	1D-089	ampicillin	ampicillin			NO_GENOME_MATCH					NOT_EVALUATED	>	32	>	32			NOT_EVALUATED
863	35756053	1D-089	cefazolin	cefazolin			NO_GENOME_MATCH					NOT_EVALUATED	>	32	>	32			NOT_EVALUATED
864	35756053	1D-089	meropenem	meropenem			NO_GENOME_MATCH					NOT_EVALUATED	<=	1	<=	1			NOT_EVALUATED
865	35756053	1D-089	gentamicin	gentamicin			NO_GENOME_MATCH					NOT_EVALUATED	<=	2	<=	2			NOT_EVALUATED
866	35756053	1D-089	ciprofloxacin	ciprofloxacin			NO_GENOME_MATCH					NOT_EVALUATED	>	4	>	4			NOT_EVALUATED
867	35756053	1D-089	cefoxitin	cefoxitin			NO_GENOME_MATCH					NOT_EVALUATED	=	16	=	16			NOT_EVALUATED
868	35756053	1D-089	trimethoprim	trimethoprim			NO_GENOME_MATCH					NOT_EVALUATED	<=	0.5/9.5	<=	0.5/9.5			NOT_EVALUATED
869	35756053	1D-089	tobramycin	tobramycin			NO_GENOME_MATCH					NOT_EVALUATED	<=	4	<=	4			NOT_EVALUATED
870	35756053	1D-089	tigecycline	tigecycline			NO_GENOME_MATCH					NOT_EVALUATED	<=	1	<=	1			NOT_EVALUATED
871	35756053	1D-089	tetracycline	tetracycline			NO_GENOME_MATCH					NOT_EVALUATED	=	2	=	2			NOT_EVALUATED
872	35756053	1D-090	ampicillin	ampicillin			NO_GENOME_MATCH					NOT_EVALUATED	<=	4	<=	4			NOT_EVALUATED
873	35756053	1D-090	cefazolin	cefazolin			NO_GENOME_MATCH					NOT_EVALUATED	<=	4	<=	4			NOT_EVALUATED
874	35756053	1D-090	meropenem	meropenem			NO_GENOME_MATCH					NOT_EVALUATED	<=	1	<=	1			NOT_EVALUATED
875	35756053	1D-090	gentamicin	gentamicin			NO_GENOME_MATCH					NOT_EVALUATED	<=	2	<=	2			NOT_EVALUATED
876	35756053	1D-090	ciprofloxacin	ciprofloxacin			NO_GENOME_MATCH					NOT_EVALUATED	<=	0.5	<=	0.5			NOT_EVALUATED
877	35756053	1D-090	cefoxitin	cefoxitin			NO_GENOME_MATCH					NOT_EVALUATED	=	8	=	8			NOT_EVALUATED
878	35756053	1D-090	trimethoprim	trimethoprim			NO_GENOME_MATCH					NOT_EVALUATED	<=	0.5/9.5	<=	0.5/9.5			NOT_EVALUATED
879	35756053	1D-090	tobramycin	tobramycin			NO_GENOME_MATCH					NOT_EVALUATED	<=	4	<=	4			NOT_EVALUATED
880	35756053	1D-090	tigecycline	tigecycline			NO_GENOME_MATCH					NOT_EVALUATED	<=	1	<=	1			NOT_EVALUATED
881	35756053	1D-090	tetracycline	tetracycline			NO_GENOME_MATCH					NOT_EVALUATED	=	1	=	1			NOT_EVALUATED
882	35756053	1D-091	ampicillin	ampicillin			NO_GENOME_MATCH					NOT_EVALUATED	<=	4	<=	4			NOT_EVALUATED
883	35756053	1D-091	cefazolin	cefazolin			NO_GENOME_MATCH					NOT_EVALUATED	<=	4	<=	4			NOT_EVALUATED
884	35756053	1D-091	meropenem	meropenem			NO_GENOME_MATCH					NOT_EVALUATED	<=	1	<=	1			NOT_EVALUATED
885	35756053	1D-091	gentamicin	gentamicin			NO_GENOME_MATCH					NOT_EVALUATED	<=	2	<=	2			NOT_EVALUATED
886	35756053	1D-091	ciprofloxacin	ciprofloxacin			NO_GENOME_MATCH					NOT_EVALUATED	<=	0.5	<=	0.5			NOT_EVALUATED
887	35756053	1D-091	cefoxitin	cefoxitin			NO_GENOME_MATCH					NOT_EVALUATED	<=	4	<=	4			NOT_EVALUATED
888	35756053	1D-091	trimethoprim	trimethoprim			NO_GENOME_MATCH					NOT_EVALUATED	<=	0.5/9.5	<=	0.5/9.5			NOT_EVALUATED
889	35756053	1D-091	tobramycin	tobramycin			NO_GENOME_MATCH					NOT_EVALUATED	<=	4	<=	4			NOT_EVALUATED
890	35756053	1D-091	tigecycline	tigecycline			NO_GENOME_MATCH					NOT_EVALUATED	<=	1	<=	1			NOT_EVALUATED
891	35756053	1D-091	tetracycline	tetracycline			NO_GENOME_MATCH					NOT_EVALUATED	=	1	=	1			NOT_EVALUATED
892	35756053	1D-092	ampicillin	ampicillin			NO_GENOME_MATCH					NOT_EVALUATED	>	32	>	32			NOT_EVALUATED
893	35756053	1D-092	cefazolin	cefazolin			NO_GENOME_MATCH					NOT_EVALUATED	<=	4	<=	4			NOT_EVALUATED
894	35756053	1D-092	meropenem	meropenem			NO_GENOME_MATCH					NOT_EVALUATED	<=	1	<=	1			NOT_EVALUATED
895	35756053	1D-092	gentamicin	gentamicin			NO_GENOME_MATCH					NOT_EVALUATED	<=	2	<=	2			NOT_EVALUATED
896	35756053	1D-092	ciprofloxacin	ciprofloxacin			NO_GENOME_MATCH					NOT_EVALUATED	<=	0.5	<=	0.5			NOT_EVALUATED
897	35756053	1D-092	cefoxitin	cefoxitin			NO_GENOME_MATCH					NOT_EVALUATED	<=	4	<=	4			NOT_EVALUATED
898	35756053	1D-092	trimethoprim	trimethoprim			NO_GENOME_MATCH					NOT_EVALUATED	>	4/76	>	4/76			NOT_EVALUATED
899	35756053	1D-092	tobramycin	tobramycin			NO_GENOME_MATCH					NOT_EVALUATED	<=	4	<=	4			NOT_EVALUATED
900	35756053	1D-092	tigecycline	tigecycline			NO_GENOME_MATCH					NOT_EVALUATED	<=	1	<=	1			NOT_EVALUATED
901	35756053	1D-092	tetracycline	tetracycline			NO_GENOME_MATCH					NOT_EVALUATED	=	2	=	2			NOT_EVALUATED
902	35756053	1D-093	ampicillin	ampicillin			NO_GENOME_MATCH					NOT_EVALUATED	<=	4	<=	4			NOT_EVALUATED
903	35756053	1D-093	cefazolin	cefazolin			NO_GENOME_MATCH					NOT_EVALUATED	<=	4	<=	4			NOT_EVALUATED
904	35756053	1D-093	meropenem	meropenem			NO_GENOME_MATCH					NOT_EVALUATED	<=	1	<=	1			NOT_EVALUATED
905	35756053	1D-093	gentamicin	gentamicin			NO_GENOME_MATCH					NOT_EVALUATED	<=	2	<=	2			NOT_EVALUATED
906	35756053	1D-093	ciprofloxacin	ciprofloxacin			NO_GENOME_MATCH					NOT_EVALUATED	<=	0.5	<=	0.5			NOT_EVALUATED
907	35756053	1D-093	cefoxitin	cefoxitin			NO_GENOME_MATCH					NOT_EVALUATED	<=	4	<=	4			NOT_EVALUATED
908	35756053	1D-093	trimethoprim	trimethoprim			NO_GENOME_MATCH					NOT_EVALUATED	<=	0.5/9.5	<=	0.5/9.5			NOT_EVALUATED
909	35756053	1D-093	tobramycin	tobramycin			NO_GENOME_MATCH					NOT_EVALUATED	<=	4	<=	4			NOT_EVALUATED
910	35756053	1D-093	tigecycline	tigecycline			NO_GENOME_MATCH					NOT_EVALUATED	<=	1	<=	1			NOT_EVALUATED
911	35756053	1D-093	tetracycline	tetracycline			NO_GENOME_MATCH					NOT_EVALUATED	=	1	=	1			NOT_EVALUATED
912	35756053	1D-094	ampicillin	ampicillin			NO_GENOME_MATCH					NOT_EVALUATED	<=	4	<=	4			NOT_EVALUATED
913	35756053	1D-094	cefazolin	cefazolin			NO_GENOME_MATCH					NOT_EVALUATED	<=	4	<=	4			NOT_EVALUATED
914	35756053	1D-094	meropenem	meropenem			NO_GENOME_MATCH					NOT_EVALUATED	<=	1	<=	1			NOT_EVALUATED
915	35756053	1D-094	gentamicin	gentamicin			NO_GENOME_MATCH					NOT_EVALUATED	<=	2	<=	2			NOT_EVALUATED
916	35756053	1D-094	ciprofloxacin	ciprofloxacin			NO_GENOME_MATCH					NOT_EVALUATED	<=	0.5	<=	0.5			NOT_EVALUATED
917	35756053	1D-094	cefoxitin	cefoxitin			NO_GENOME_MATCH					NOT_EVALUATED	<=	4	<=	4			NOT_EVALUATED
918	35756053	1D-094	trimethoprim	trimethoprim			NO_GENOME_MATCH					NOT_EVALUATED	<=	0.5/9.5	<=	0.5/9.5			NOT_EVALUATED
919	35756053	1D-094	tobramycin	tobramycin			NO_GENOME_MATCH					NOT_EVALUATED	<=	4	<=	4			NOT_EVALUATED
920	35756053	1D-094	tigecycline	tigecycline			NO_GENOME_MATCH					NOT_EVALUATED	<=	1	<=	1			NOT_EVALUATED
921	35756053	1D-094	tetracycline	tetracycline			NO_GENOME_MATCH					NOT_EVALUATED	=	2	=	2			NOT_EVALUATED
922	35756053	1D-095	ampicillin	ampicillin			NO_GENOME_MATCH					NOT_EVALUATED	<=	4	<=	4			NOT_EVALUATED
923	35756053	1D-095	cefazolin	cefazolin			NO_GENOME_MATCH					NOT_EVALUATED	<=	4	<=	4			NOT_EVALUATED
924	35756053	1D-095	meropenem	meropenem			NO_GENOME_MATCH					NOT_EVALUATED	<=	1	<=	1			NOT_EVALUATED
925	35756053	1D-095	gentamicin	gentamicin			NO_GENOME_MATCH					NOT_EVALUATED	<=	2	<=	2			NOT_EVALUATED
926	35756053	1D-095	ciprofloxacin	ciprofloxacin			NO_GENOME_MATCH					NOT_EVALUATED	<=	0.5	<=	0.5			NOT_EVALUATED
927	35756053	1D-095	cefoxitin	cefoxitin			NO_GENOME_MATCH					NOT_EVALUATED	=	8	=	8			NOT_EVALUATED
928	35756053	1D-095	trimethoprim	trimethoprim			NO_GENOME_MATCH					NOT_EVALUATED	<=	0.5/9.5	<=	0.5/9.5			NOT_EVALUATED
929	35756053	1D-095	tobramycin	tobramycin			NO_GENOME_MATCH					NOT_EVALUATED	<=	4	<=	4			NOT_EVALUATED
930	35756053	1D-095	tigecycline	tigecycline			NO_GENOME_MATCH					NOT_EVALUATED	<=	1	<=	1			NOT_EVALUATED
931	35756053	1D-095	tetracycline	tetracycline			NO_GENOME_MATCH					NOT_EVALUATED	=	2	=	2			NOT_EVALUATED
932	35756053	1D-096	ampicillin	ampicillin			NO_GENOME_MATCH					NOT_EVALUATED	<=	4	<=	4			NOT_EVALUATED
933	35756053	1D-096	cefazolin	cefazolin			NO_GENOME_MATCH					NOT_EVALUATED	<=	4	<=	4			NOT_EVALUATED
934	35756053	1D-096	meropenem	meropenem			NO_GENOME_MATCH					NOT_EVALUATED	<=	1	<=	1			NOT_EVALUATED
935	35756053	1D-096	gentamicin	gentamicin			NO_GENOME_MATCH					NOT_EVALUATED	<=	2	<=	2			NOT_EVALUATED
936	35756053	1D-096	ciprofloxacin	ciprofloxacin			NO_GENOME_MATCH					NOT_EVALUATED	<=	0.5	<=	0.5			NOT_EVALUATED
937	35756053	1D-096	cefoxitin	cefoxitin			NO_GENOME_MATCH					NOT_EVALUATED	<=	4	<=	4			NOT_EVALUATED
938	35756053	1D-096	trimethoprim	trimethoprim			NO_GENOME_MATCH					NOT_EVALUATED	<=	0.5/9.5	<=	0.5/9.5			NOT_EVALUATED
939	35756053	1D-096	tobramycin	tobramycin			NO_GENOME_MATCH					NOT_EVALUATED	<=	4	<=	4			NOT_EVALUATED
940	35756053	1D-096	tigecycline	tigecycline			NO_GENOME_MATCH					NOT_EVALUATED	<=	1	<=	1			NOT_EVALUATED
941	35756053	1D-096	tetracycline	tetracycline			NO_GENOME_MATCH					NOT_EVALUATED	=	1	=	1			NOT_EVALUATED
942	35756053	1D-097	ampicillin	ampicillin			NO_GENOME_MATCH					NOT_EVALUATED	<=	4	<=	4			NOT_EVALUATED
943	35756053	1D-097	cefazolin	cefazolin			NO_GENOME_MATCH					NOT_EVALUATED	<=	4	<=	4			NOT_EVALUATED
944	35756053	1D-097	meropenem	meropenem			NO_GENOME_MATCH					NOT_EVALUATED	<=	1	<=	1			NOT_EVALUATED
945	35756053	1D-097	gentamicin	gentamicin			NO_GENOME_MATCH					NOT_EVALUATED	<=	2	<=	2			NOT_EVALUATED
946	35756053	1D-097	ciprofloxacin	ciprofloxacin			NO_GENOME_MATCH					NOT_EVALUATED	<=	0.5	<=	0.5			NOT_EVALUATED
947	35756053	1D-097	cefoxitin	cefoxitin			NO_GENOME_MATCH					NOT_EVALUATED	<=	4	<=	4			NOT_EVALUATED
948	35756053	1D-097	trimethoprim	trimethoprim			NO_GENOME_MATCH					NOT_EVALUATED	<=	0.5/9.5	<=	0.5/9.5			NOT_EVALUATED
949	35756053	1D-097	tobramycin	tobramycin			NO_GENOME_MATCH					NOT_EVALUATED	<=	4	<=	4			NOT_EVALUATED
950	35756053	1D-097	tigecycline	tigecycline			NO_GENOME_MATCH					NOT_EVALUATED	<=	1	<=	1			NOT_EVALUATED
951	35756053	1D-097	tetracycline	tetracycline			NO_GENOME_MATCH					NOT_EVALUATED	=	1	=	1			NOT_EVALUATED
952	35756053	1D-098	ampicillin	ampicillin			NO_GENOME_MATCH					NOT_EVALUATED	<=	4	<=	4			NOT_EVALUATED
953	35756053	1D-098	cefazolin	cefazolin			NO_GENOME_MATCH					NOT_EVALUATED	<=	4	<=	4			NOT_EVALUATED
954	35756053	1D-098	meropenem	meropenem			NO_GENOME_MATCH					NOT_EVALUATED	<=	1	<=	1			NOT_EVALUATED
955	35756053	1D-098	gentamicin	gentamicin			NO_GENOME_MATCH					NOT_EVALUATED	<=	2	<=	2			NOT_EVALUATED
956	35756053	1D-098	ciprofloxacin	ciprofloxacin			NO_GENOME_MATCH					NOT_EVALUATED	<=	0.5	<=	0.5			NOT_EVALUATED
957	35756053	1D-098	cefoxitin	cefoxitin			NO_GENOME_MATCH					NOT_EVALUATED	=	8	=	8			NOT_EVALUATED
958	35756053	1D-098	trimethoprim	trimethoprim			NO_GENOME_MATCH					NOT_EVALUATED	<=	0.5/9.5	<=	0.5/9.5			NOT_EVALUATED
959	35756053	1D-098	tobramycin	tobramycin			NO_GENOME_MATCH					NOT_EVALUATED	<=	4	<=	4			NOT_EVALUATED
960	35756053	1D-098	tigecycline	tigecycline			NO_GENOME_MATCH					NOT_EVALUATED	<=	1	<=	1			NOT_EVALUATED
961	35756053	1D-098	tetracycline	tetracycline			NO_GENOME_MATCH					NOT_EVALUATED	=	2	=	2			NOT_EVALUATED
962	35756053	1D-099	ampicillin	ampicillin			NO_GENOME_MATCH					NOT_EVALUATED	<=	4	<=	4			NOT_EVALUATED
963	35756053	1D-099	cefazolin	cefazolin			NO_GENOME_MATCH					NOT_EVALUATED	<=	4	<=	4			NOT_EVALUATED
964	35756053	1D-099	meropenem	meropenem			NO_GENOME_MATCH					NOT_EVALUATED	<=	1	<=	1			NOT_EVALUATED
965	35756053	1D-099	gentamicin	gentamicin			NO_GENOME_MATCH					NOT_EVALUATED	<=	2	<=	2			NOT_EVALUATED
966	35756053	1D-099	ciprofloxacin	ciprofloxacin			NO_GENOME_MATCH					NOT_EVALUATED	<=	0.5	<=	0.5			NOT_EVALUATED
967	35756053	1D-099	cefoxitin	cefoxitin			NO_GENOME_MATCH					NOT_EVALUATED	=	8	=	8			NOT_EVALUATED
968	35756053	1D-099	trimethoprim	trimethoprim			NO_GENOME_MATCH					NOT_EVALUATED	<=	0.5/9.5	<=	0.5/9.5			NOT_EVALUATED
969	35756053	1D-099	tobramycin	tobramycin			NO_GENOME_MATCH					NOT_EVALUATED	<=	4	<=	4			NOT_EVALUATED
970	35756053	1D-099	tigecycline	tigecycline			NO_GENOME_MATCH					NOT_EVALUATED	<=	1	<=	1			NOT_EVALUATED
971	35756053	1D-099	tetracycline	tetracycline			NO_GENOME_MATCH					NOT_EVALUATED	=	2	=	2			NOT_EVALUATED
972	35756053	1D-100	ampicillin	ampicillin			NO_GENOME_MATCH					NOT_EVALUATED	<=	4	<=	4			NOT_EVALUATED
973	35756053	1D-100	cefazolin	cefazolin			NO_GENOME_MATCH					NOT_EVALUATED	<=	4	<=	4			NOT_EVALUATED
974	35756053	1D-100	meropenem	meropenem			NO_GENOME_MATCH					NOT_EVALUATED	<=	1	<=	1			NOT_EVALUATED
975	35756053	1D-100	gentamicin	gentamicin			NO_GENOME_MATCH					NOT_EVALUATED	<=	2	<=	2			NOT_EVALUATED
976	35756053	1D-100	ciprofloxacin	ciprofloxacin			NO_GENOME_MATCH					NOT_EVALUATED	<=	0.5	<=	0.5			NOT_EVALUATED
977	35756053	1D-100	cefoxitin	cefoxitin			NO_GENOME_MATCH					NOT_EVALUATED	<=	4	<=	4			NOT_EVALUATED
978	35756053	1D-100	trimethoprim	trimethoprim			NO_GENOME_MATCH					NOT_EVALUATED	<=	0.5/9.5	<=	0.5/9.5			NOT_EVALUATED
979	35756053	1D-100	tobramycin	tobramycin			NO_GENOME_MATCH					NOT_EVALUATED	<=	4	<=	4			NOT_EVALUATED
980	35756053	1D-100	tigecycline	tigecycline			NO_GENOME_MATCH					NOT_EVALUATED	<=	1	<=	1			NOT_EVALUATED
981	35756053	1D-100	tetracycline	tetracycline			NO_GENOME_MATCH					NOT_EVALUATED	=	1	=	1			NOT_EVALUATED
982	35756053	1D-101	ampicillin	ampicillin			NO_GENOME_MATCH					NOT_EVALUATED	<=	4	<=	4			NOT_EVALUATED
983	35756053	1D-101	cefazolin	cefazolin			NO_GENOME_MATCH					NOT_EVALUATED	<=	4	<=	4			NOT_EVALUATED
984	35756053	1D-101	meropenem	meropenem			NO_GENOME_MATCH					NOT_EVALUATED	<=	1	<=	1			NOT_EVALUATED
985	35756053	1D-101	gentamicin	gentamicin			NO_GENOME_MATCH					NOT_EVALUATED	<=	2	<=	2			NOT_EVALUATED
986	35756053	1D-101	ciprofloxacin	ciprofloxacin			NO_GENOME_MATCH					NOT_EVALUATED	<=	0.5	<=	0.5			NOT_EVALUATED
987	35756053	1D-101	cefoxitin	cefoxitin			NO_GENOME_MATCH					NOT_EVALUATED	<=	4	<=	4			NOT_EVALUATED
988	35756053	1D-101	trimethoprim	trimethoprim			NO_GENOME_MATCH					NOT_EVALUATED	<=	0.5/9.5	<=	0.5/9.5			NOT_EVALUATED
989	35756053	1D-101	tobramycin	tobramycin			NO_GENOME_MATCH					NOT_EVALUATED	<=	4	<=	4			NOT_EVALUATED
990	35756053	1D-101	tigecycline	tigecycline			NO_GENOME_MATCH					NOT_EVALUATED	<=	1	<=	1			NOT_EVALUATED
991	35756053	1D-101	tetracycline	tetracycline			NO_GENOME_MATCH					NOT_EVALUATED	<=	0.5	<=	0.5			NOT_EVALUATED
992	35756053	1D-102	ampicillin	ampicillin			NO_GENOME_MATCH					NOT_EVALUATED	>	32	>	32			NOT_EVALUATED
993	35756053	1D-102	cefazolin	cefazolin			NO_GENOME_MATCH					NOT_EVALUATED	<=	4	<=	4			NOT_EVALUATED
994	35756053	1D-102	meropenem	meropenem			NO_GENOME_MATCH					NOT_EVALUATED	<=	1	<=	1			NOT_EVALUATED
995	35756053	1D-102	gentamicin	gentamicin			NO_GENOME_MATCH					NOT_EVALUATED	<=	2	<=	2			NOT_EVALUATED
996	35756053	1D-102	ciprofloxacin	ciprofloxacin			NO_GENOME_MATCH					NOT_EVALUATED	<=	0.5	<=	0.5			NOT_EVALUATED
997	35756053	1D-102	cefoxitin	cefoxitin			NO_GENOME_MATCH					NOT_EVALUATED	<=	4	<=	4			NOT_EVALUATED
998	35756053	1D-102	trimethoprim	trimethoprim			NO_GENOME_MATCH					NOT_EVALUATED	>	4/76	>	4/76			NOT_EVALUATED
999	35756053	1D-102	tobramycin	tobramycin			NO_GENOME_MATCH					NOT_EVALUATED	<=	4	<=	4			NOT_EVALUATED
1000	35756053	1D-102	tigecycline	tigecycline			NO_GENOME_MATCH					NOT_EVALUATED	<=	1	<=	1			NOT_EVALUATED
1001	35756053	1D-102	tetracycline	tetracycline			NO_GENOME_MATCH					NOT_EVALUATED	>	16	>	16			NOT_EVALUATED
1002	35756053	1D-103	ampicillin	ampicillin			NO_GENOME_MATCH					NOT_EVALUATED	<=	4	<=	4			NOT_EVALUATED
1003	35756053	1D-103	cefazolin	cefazolin			NO_GENOME_MATCH					NOT_EVALUATED	<=	4	<=	4			NOT_EVALUATED
1004	35756053	1D-103	meropenem	meropenem			NO_GENOME_MATCH					NOT_EVALUATED	<=	1	<=	1			NOT_EVALUATED
1005	35756053	1D-103	gentamicin	gentamicin			NO_GENOME_MATCH					NOT_EVALUATED	<=	2	<=	2			NOT_EVALUATED
1006	35756053	1D-103	ciprofloxacin	ciprofloxacin			NO_GENOME_MATCH					NOT_EVALUATED	<=	0.5	<=	0.5			NOT_EVALUATED
1007	35756053	1D-103	cefoxitin	cefoxitin			NO_GENOME_MATCH					NOT_EVALUATED	=	8	=	8			NOT_EVALUATED
1008	35756053	1D-103	trimethoprim	trimethoprim			NO_GENOME_MATCH					NOT_EVALUATED	<=	0.5/9.5	<=	0.5/9.5			NOT_EVALUATED
1009	35756053	1D-103	tobramycin	tobramycin			NO_GENOME_MATCH					NOT_EVALUATED	<=	4	<=	4			NOT_EVALUATED
1010	35756053	1D-103	tigecycline	tigecycline			NO_GENOME_MATCH					NOT_EVALUATED	<=	1	<=	1			NOT_EVALUATED
1011	35756053	1D-103	tetracycline	tetracycline			NO_GENOME_MATCH					NOT_EVALUATED	=	2	=	2			NOT_EVALUATED
1012	35756053	1D-104	ampicillin	ampicillin			NO_GENOME_MATCH					NOT_EVALUATED	<=	4	<=	4			NOT_EVALUATED
1013	35756053	1D-104	cefazolin	cefazolin			NO_GENOME_MATCH					NOT_EVALUATED	<=	4	<=	4			NOT_EVALUATED
1014	35756053	1D-104	meropenem	meropenem			NO_GENOME_MATCH					NOT_EVALUATED	<=	1	<=	1			NOT_EVALUATED
1015	35756053	1D-104	gentamicin	gentamicin			NO_GENOME_MATCH					NOT_EVALUATED	<=	2	<=	2			NOT_EVALUATED
1016	35756053	1D-104	ciprofloxacin	ciprofloxacin			NO_GENOME_MATCH					NOT_EVALUATED	<=	0.5	<=	0.5			NOT_EVALUATED
1017	35756053	1D-104	cefoxitin	cefoxitin			NO_GENOME_MATCH					NOT_EVALUATED	<=	4	<=	4			NOT_EVALUATED
1018	35756053	1D-104	trimethoprim	trimethoprim			NO_GENOME_MATCH					NOT_EVALUATED	<=	0.5/9.5	<=	0.5/9.5			NOT_EVALUATED
1019	35756053	1D-104	tobramycin	tobramycin			NO_GENOME_MATCH					NOT_EVALUATED	<=	4	<=	4			NOT_EVALUATED
1020	35756053	1D-104	tigecycline	tigecycline			NO_GENOME_MATCH					NOT_EVALUATED	<=	1	<=	1			NOT_EVALUATED
1021	35756053	1D-104	tetracycline	tetracycline			NO_GENOME_MATCH					NOT_EVALUATED	>	16	>	16			NOT_EVALUATED
1022	35756053	1D-105	ampicillin	ampicillin			NO_GENOME_MATCH					NOT_EVALUATED	=	8	=	8			NOT_EVALUATED
1023	35756053	1D-105	cefazolin	cefazolin			NO_GENOME_MATCH					NOT_EVALUATED	<=	4	<=	4			NOT_EVALUATED
1024	35756053	1D-105	meropenem	meropenem			NO_GENOME_MATCH					NOT_EVALUATED	<=	1	<=	1			NOT_EVALUATED
1025	35756053	1D-105	gentamicin	gentamicin			NO_GENOME_MATCH					NOT_EVALUATED	<=	2	<=	2			NOT_EVALUATED
1026	35756053	1D-105	ciprofloxacin	ciprofloxacin			NO_GENOME_MATCH					NOT_EVALUATED	<=	0.5	<=	0.5			NOT_EVALUATED
1027	35756053	1D-105	cefoxitin	cefoxitin			NO_GENOME_MATCH					NOT_EVALUATED	=	8	=	8			NOT_EVALUATED
1028	35756053	1D-105	trimethoprim	trimethoprim			NO_GENOME_MATCH					NOT_EVALUATED	<=	0.5/9.5	<=	0.5/9.5			NOT_EVALUATED
1029	35756053	1D-105	tobramycin	tobramycin			NO_GENOME_MATCH					NOT_EVALUATED	<=	4	<=	4			NOT_EVALUATED
1030	35756053	1D-105	tigecycline	tigecycline			NO_GENOME_MATCH					NOT_EVALUATED	<=	1	<=	1			NOT_EVALUATED
1031	35756053	1D-105	tetracycline	tetracycline			NO_GENOME_MATCH					NOT_EVALUATED	=	2	=	2			NOT_EVALUATED
1032	35756053	1D-106	ampicillin	ampicillin			NO_GENOME_MATCH					NOT_EVALUATED	>	32	>	32			NOT_EVALUATED
1033	35756053	1D-106	cefazolin	cefazolin			NO_GENOME_MATCH					NOT_EVALUATED	=	8	=	8			NOT_EVALUATED
1034	35756053	1D-106	meropenem	meropenem			NO_GENOME_MATCH					NOT_EVALUATED	<=	1	<=	1			NOT_EVALUATED
1035	35756053	1D-106	gentamicin	gentamicin			NO_GENOME_MATCH					NOT_EVALUATED	<=	2	<=	2			NOT_EVALUATED
1036	35756053	1D-106	ciprofloxacin	ciprofloxacin			NO_GENOME_MATCH					NOT_EVALUATED	<=	0.5	<=	0.5			NOT_EVALUATED
1037	35756053	1D-106	cefoxitin	cefoxitin			NO_GENOME_MATCH					NOT_EVALUATED	=	8	=	8			NOT_EVALUATED
1038	35756053	1D-106	trimethoprim	trimethoprim			NO_GENOME_MATCH					NOT_EVALUATED	>	4/76	>	4/76			NOT_EVALUATED
1039	35756053	1D-106	tobramycin	tobramycin			NO_GENOME_MATCH					NOT_EVALUATED	<=	4	<=	4			NOT_EVALUATED
1040	35756053	1D-106	tigecycline	tigecycline			NO_GENOME_MATCH					NOT_EVALUATED	<=	1	<=	1			NOT_EVALUATED
1041	35756053	1D-106	tetracycline	tetracycline			NO_GENOME_MATCH					NOT_EVALUATED	=	1	=	1			NOT_EVALUATED
1042	35756053	1D-107	ampicillin	ampicillin			NO_GENOME_MATCH					NOT_EVALUATED	<=	4	<=	4			NOT_EVALUATED
1043	35756053	1D-107	cefazolin	cefazolin			NO_GENOME_MATCH					NOT_EVALUATED	<=	4	<=	4			NOT_EVALUATED
1044	35756053	1D-107	meropenem	meropenem			NO_GENOME_MATCH					NOT_EVALUATED	<=	1	<=	1			NOT_EVALUATED
1045	35756053	1D-107	gentamicin	gentamicin			NO_GENOME_MATCH					NOT_EVALUATED	<=	2	<=	2			NOT_EVALUATED
1046	35756053	1D-107	ciprofloxacin	ciprofloxacin			NO_GENOME_MATCH					NOT_EVALUATED	<=	0.5	<=	0.5			NOT_EVALUATED
1047	35756053	1D-107	cefoxitin	cefoxitin			NO_GENOME_MATCH					NOT_EVALUATED	<=	4	<=	4			NOT_EVALUATED
1048	35756053	1D-107	trimethoprim	trimethoprim			NO_GENOME_MATCH					NOT_EVALUATED	<=	0.5/9.5	<=	0.5/9.5			NOT_EVALUATED
1049	35756053	1D-107	tobramycin	tobramycin			NO_GENOME_MATCH					NOT_EVALUATED	<=	4	<=	4			NOT_EVALUATED
1050	35756053	1D-107	tigecycline	tigecycline			NO_GENOME_MATCH					NOT_EVALUATED	<=	1	<=	1			NOT_EVALUATED
1051	35756053	1D-107	tetracycline	tetracycline			NO_GENOME_MATCH					NOT_EVALUATED	=	1	=	1			NOT_EVALUATED
1052	35756053	1D-108	ampicillin	ampicillin			NO_GENOME_MATCH					NOT_EVALUATED	<=	4	<=	4			NOT_EVALUATED
1053	35756053	1D-108	cefazolin	cefazolin			NO_GENOME_MATCH					NOT_EVALUATED	<=	4	<=	4			NOT_EVALUATED
1054	35756053	1D-108	meropenem	meropenem			NO_GENOME_MATCH					NOT_EVALUATED	<=	1	<=	1			NOT_EVALUATED
1055	35756053	1D-108	gentamicin	gentamicin			NO_GENOME_MATCH					NOT_EVALUATED	<=	2	<=	2			NOT_EVALUATED
1056	35756053	1D-108	ciprofloxacin	ciprofloxacin			NO_GENOME_MATCH					NOT_EVALUATED	<=	0.5	<=	0.5			NOT_EVALUATED
1057	35756053	1D-108	cefoxitin	cefoxitin			NO_GENOME_MATCH					NOT_EVALUATED	<=	4	<=	4			NOT_EVALUATED
1058	35756053	1D-108	trimethoprim	trimethoprim			NO_GENOME_MATCH					NOT_EVALUATED	<=	0.5/9.5	<=	0.5/9.5			NOT_EVALUATED
1059	35756053	1D-108	tobramycin	tobramycin			NO_GENOME_MATCH					NOT_EVALUATED	<=	4	<=	4			NOT_EVALUATED
1060	35756053	1D-108	tigecycline	tigecycline			NO_GENOME_MATCH					NOT_EVALUATED	<=	1	<=	1			NOT_EVALUATED
1061	35756053	1D-108	tetracycline	tetracycline			NO_GENOME_MATCH					NOT_EVALUATED	=	2	=	2			NOT_EVALUATED
1062	35756053	1D-109	ampicillin	ampicillin			NO_GENOME_MATCH					NOT_EVALUATED	>	32	>	32			NOT_EVALUATED
1063	35756053	1D-109	cefazolin	cefazolin			NO_GENOME_MATCH					NOT_EVALUATED	<=	4	<=	4			NOT_EVALUATED
1064	35756053	1D-109	meropenem	meropenem			NO_GENOME_MATCH					NOT_EVALUATED	<=	1	<=	1			NOT_EVALUATED
1065	35756053	1D-109	gentamicin	gentamicin			NO_GENOME_MATCH					NOT_EVALUATED	>	16	>	16			NOT_EVALUATED
1066	35756053	1D-109	ciprofloxacin	ciprofloxacin			NO_GENOME_MATCH					NOT_EVALUATED	<=	0.5	<=	0.5			NOT_EVALUATED
1067	35756053	1D-109	cefoxitin	cefoxitin			NO_GENOME_MATCH					NOT_EVALUATED	<=	4	<=	4			NOT_EVALUATED
1068	35756053	1D-109	trimethoprim	trimethoprim			NO_GENOME_MATCH					NOT_EVALUATED	>	4/76	>	4/76			NOT_EVALUATED
1069	35756053	1D-109	tobramycin	tobramycin			NO_GENOME_MATCH					NOT_EVALUATED	<=	4	<=	4			NOT_EVALUATED
1070	35756053	1D-109	tigecycline	tigecycline			NO_GENOME_MATCH					NOT_EVALUATED	<=	1	<=	1			NOT_EVALUATED
1071	35756053	1D-109	tetracycline	tetracycline			NO_GENOME_MATCH					NOT_EVALUATED	=	1	=	1			NOT_EVALUATED
1072	35756053	1D-110	ampicillin	ampicillin			NO_GENOME_MATCH					NOT_EVALUATED	<=	4	<=	4			NOT_EVALUATED
1073	35756053	1D-110	cefazolin	cefazolin			NO_GENOME_MATCH					NOT_EVALUATED	<=	4	<=	4			NOT_EVALUATED
1074	35756053	1D-110	meropenem	meropenem			NO_GENOME_MATCH					NOT_EVALUATED	<=	1	<=	1			NOT_EVALUATED
1075	35756053	1D-110	gentamicin	gentamicin			NO_GENOME_MATCH					NOT_EVALUATED	>	16	>	16			NOT_EVALUATED
1076	35756053	1D-110	ciprofloxacin	ciprofloxacin			NO_GENOME_MATCH					NOT_EVALUATED	>	4	>	4			NOT_EVALUATED
1077	35756053	1D-110	cefoxitin	cefoxitin			NO_GENOME_MATCH					NOT_EVALUATED	=	8	=	8			NOT_EVALUATED
1078	35756053	1D-110	trimethoprim	trimethoprim			NO_GENOME_MATCH					NOT_EVALUATED	>	4/76	>	4/76			NOT_EVALUATED
1079	35756053	1D-110	tobramycin	tobramycin			NO_GENOME_MATCH					NOT_EVALUATED	>	8	>	8			NOT_EVALUATED
1080	35756053	1D-110	tigecycline	tigecycline			NO_GENOME_MATCH					NOT_EVALUATED	<=	1	<=	1			NOT_EVALUATED
1081	35756053	1D-110	tetracycline	tetracycline			NO_GENOME_MATCH					NOT_EVALUATED	>	16	>	16			NOT_EVALUATED
1082	35756053	1D-111	ampicillin	ampicillin			NO_GENOME_MATCH					NOT_EVALUATED	<=	4	<=	4			NOT_EVALUATED
1083	35756053	1D-111	cefazolin	cefazolin			NO_GENOME_MATCH					NOT_EVALUATED	<=	4	<=	4			NOT_EVALUATED
1084	35756053	1D-111	meropenem	meropenem			NO_GENOME_MATCH					NOT_EVALUATED	<=	1	<=	1			NOT_EVALUATED
1085	35756053	1D-111	gentamicin	gentamicin			NO_GENOME_MATCH					NOT_EVALUATED	<=	2	<=	2			NOT_EVALUATED
1086	35756053	1D-111	ciprofloxacin	ciprofloxacin			NO_GENOME_MATCH					NOT_EVALUATED	<=	0.5	<=	0.5			NOT_EVALUATED
1087	35756053	1D-111	cefoxitin	cefoxitin			NO_GENOME_MATCH					NOT_EVALUATED	<=	4	<=	4			NOT_EVALUATED
1088	35756053	1D-111	trimethoprim	trimethoprim			NO_GENOME_MATCH					NOT_EVALUATED	<=	0.5/9.5	<=	0.5/9.5			NOT_EVALUATED
1089	35756053	1D-111	tobramycin	tobramycin			NO_GENOME_MATCH					NOT_EVALUATED	<=	4	<=	4			NOT_EVALUATED
1090	35756053	1D-111	tigecycline	tigecycline			NO_GENOME_MATCH					NOT_EVALUATED	<=	1	<=	1			NOT_EVALUATED
1091	35756053	1D-111	tetracycline	tetracycline			NO_GENOME_MATCH					NOT_EVALUATED	=	1	=	1			NOT_EVALUATED
1092	35756053	1D-112	ampicillin	ampicillin			NO_GENOME_MATCH					NOT_EVALUATED	>	32	>	32			NOT_EVALUATED
1093	35756053	1D-112	cefazolin	cefazolin			NO_GENOME_MATCH					NOT_EVALUATED	<=	4	<=	4			NOT_EVALUATED
1094	35756053	1D-112	meropenem	meropenem			NO_GENOME_MATCH					NOT_EVALUATED	<=	1	<=	1			NOT_EVALUATED
1095	35756053	1D-112	gentamicin	gentamicin			NO_GENOME_MATCH					NOT_EVALUATED	<=	2	<=	2			NOT_EVALUATED
1096	35756053	1D-112	ciprofloxacin	ciprofloxacin			NO_GENOME_MATCH					NOT_EVALUATED	<=	0.5	<=	0.5			NOT_EVALUATED
1097	35756053	1D-112	cefoxitin	cefoxitin			NO_GENOME_MATCH					NOT_EVALUATED	<=	4	<=	4			NOT_EVALUATED
1098	35756053	1D-112	trimethoprim	trimethoprim			NO_GENOME_MATCH					NOT_EVALUATED	>	4/76	>	4/76			NOT_EVALUATED
1099	35756053	1D-112	tobramycin	tobramycin			NO_GENOME_MATCH					NOT_EVALUATED	<=	4	<=	4			NOT_EVALUATED
1100	35756053	1D-112	tigecycline	tigecycline			NO_GENOME_MATCH					NOT_EVALUATED	<=	1	<=	1			NOT_EVALUATED
1101	35756053	1D-112	tetracycline	tetracycline			NO_GENOME_MATCH					NOT_EVALUATED	=	1	=	1			NOT_EVALUATED
1102	35756053	1D-113	ampicillin	ampicillin			NO_GENOME_MATCH					NOT_EVALUATED	<=	4	<=	4			NOT_EVALUATED
1103	35756053	1D-113	cefazolin	cefazolin			NO_GENOME_MATCH					NOT_EVALUATED	<=	4	<=	4			NOT_EVALUATED
1104	35756053	1D-113	meropenem	meropenem			NO_GENOME_MATCH					NOT_EVALUATED	<=	1	<=	1			NOT_EVALUATED
1105	35756053	1D-113	gentamicin	gentamicin			NO_GENOME_MATCH					NOT_EVALUATED	<=	2	<=	2			NOT_EVALUATED
1106	35756053	1D-113	ciprofloxacin	ciprofloxacin			NO_GENOME_MATCH					NOT_EVALUATED	<=	0.5	<=	0.5			NOT_EVALUATED
1107	35756053	1D-113	cefoxitin	cefoxitin			NO_GENOME_MATCH					NOT_EVALUATED	=	8	=	8			NOT_EVALUATED
1108	35756053	1D-113	trimethoprim	trimethoprim			NO_GENOME_MATCH					NOT_EVALUATED	<=	0.5/9.5	<=	0.5/9.5			NOT_EVALUATED
1109	35756053	1D-113	tobramycin	tobramycin			NO_GENOME_MATCH					NOT_EVALUATED	<=	4	<=	4			NOT_EVALUATED
1110	35756053	1D-113	tigecycline	tigecycline			NO_GENOME_MATCH					NOT_EVALUATED	<=	1	<=	1			NOT_EVALUATED
1111	35756053	1D-113	tetracycline	tetracycline			NO_GENOME_MATCH					NOT_EVALUATED	=	1	=	1			NOT_EVALUATED
1112	35756053	1D-114	ampicillin	ampicillin			NO_GENOME_MATCH					NOT_EVALUATED	<=	4	<=	4			NOT_EVALUATED
1113	35756053	1D-114	cefazolin	cefazolin			NO_GENOME_MATCH					NOT_EVALUATED	<=	4	<=	4			NOT_EVALUATED
1114	35756053	1D-114	meropenem	meropenem			NO_GENOME_MATCH					NOT_EVALUATED	<=	1	<=	1			NOT_EVALUATED
1115	35756053	1D-114	gentamicin	gentamicin			NO_GENOME_MATCH					NOT_EVALUATED	<=	2	<=	2			NOT_EVALUATED
1116	35756053	1D-114	ciprofloxacin	ciprofloxacin			NO_GENOME_MATCH					NOT_EVALUATED	<=	0.5	<=	0.5			NOT_EVALUATED
1117	35756053	1D-114	cefoxitin	cefoxitin			NO_GENOME_MATCH					NOT_EVALUATED	=	8	=	8			NOT_EVALUATED
1118	35756053	1D-114	trimethoprim	trimethoprim			NO_GENOME_MATCH					NOT_EVALUATED	<=	0.5/9.5	<=	0.5/9.5			NOT_EVALUATED
1119	35756053	1D-114	tobramycin	tobramycin			NO_GENOME_MATCH					NOT_EVALUATED	<=	4	<=	4			NOT_EVALUATED
1120	35756053	1D-114	tigecycline	tigecycline			NO_GENOME_MATCH					NOT_EVALUATED	<=	1	<=	1			NOT_EVALUATED
1121	35756053	1D-114	tetracycline	tetracycline			NO_GENOME_MATCH					NOT_EVALUATED	=	2	=	2			NOT_EVALUATED
1122	35756053	1D-115	ampicillin	ampicillin			NO_GENOME_MATCH					NOT_EVALUATED	<=	4	<=	4			NOT_EVALUATED
1123	35756053	1D-115	cefazolin	cefazolin			NO_GENOME_MATCH					NOT_EVALUATED	<=	4	<=	4			NOT_EVALUATED
1124	35756053	1D-115	meropenem	meropenem			NO_GENOME_MATCH					NOT_EVALUATED	<=	1	<=	1			NOT_EVALUATED
1125	35756053	1D-115	gentamicin	gentamicin			NO_GENOME_MATCH					NOT_EVALUATED	<=	2	<=	2			NOT_EVALUATED
1126	35756053	1D-115	ciprofloxacin	ciprofloxacin			NO_GENOME_MATCH					NOT_EVALUATED	<=	0.5	<=	0.5			NOT_EVALUATED
1127	35756053	1D-115	cefoxitin	cefoxitin			NO_GENOME_MATCH					NOT_EVALUATED	<=	4	<=	4			NOT_EVALUATED
1128	35756053	1D-115	trimethoprim	trimethoprim			NO_GENOME_MATCH					NOT_EVALUATED	<=	0.5/9.5	<=	0.5/9.5			NOT_EVALUATED
1129	35756053	1D-115	tobramycin	tobramycin			NO_GENOME_MATCH					NOT_EVALUATED	<=	4	<=	4			NOT_EVALUATED
1130	35756053	1D-115	tigecycline	tigecycline			NO_GENOME_MATCH					NOT_EVALUATED	<=	1	<=	1			NOT_EVALUATED
1131	35756053	1D-115	tetracycline	tetracycline			NO_GENOME_MATCH					NOT_EVALUATED	=	1	=	1			NOT_EVALUATED
1132	35756053	1D-116	ampicillin	ampicillin			NO_GENOME_MATCH					NOT_EVALUATED	<=	4	<=	4			NOT_EVALUATED
1133	35756053	1D-116	cefazolin	cefazolin			NO_GENOME_MATCH					NOT_EVALUATED	<=	4	<=	4			NOT_EVALUATED
1134	35756053	1D-116	meropenem	meropenem			NO_GENOME_MATCH					NOT_EVALUATED	<=	1	<=	1			NOT_EVALUATED
1135	35756053	1D-116	gentamicin	gentamicin			NO_GENOME_MATCH					NOT_EVALUATED	<=	2	<=	2			NOT_EVALUATED
1136	35756053	1D-116	ciprofloxacin	ciprofloxacin			NO_GENOME_MATCH					NOT_EVALUATED	<=	0.5	<=	0.5			NOT_EVALUATED
1137	35756053	1D-116	cefoxitin	cefoxitin			NO_GENOME_MATCH					NOT_EVALUATED	<=	4	<=	4			NOT_EVALUATED
1138	35756053	1D-116	trimethoprim	trimethoprim			NO_GENOME_MATCH					NOT_EVALUATED	<=	0.5/9.5	<=	0.5/9.5			NOT_EVALUATED
1139	35756053	1D-116	tobramycin	tobramycin			NO_GENOME_MATCH					NOT_EVALUATED	<=	4	<=	4			NOT_EVALUATED
1140	35756053	1D-116	tigecycline	tigecycline			NO_GENOME_MATCH					NOT_EVALUATED	<=	1	<=	1			NOT_EVALUATED
1141	35756053	1D-116	tetracycline	tetracycline			NO_GENOME_MATCH					NOT_EVALUATED	=	1	=	1			NOT_EVALUATED
1142	35756053	1D-117	ampicillin	ampicillin			NO_GENOME_MATCH					NOT_EVALUATED	<=	4	<=	4			NOT_EVALUATED
1143	35756053	1D-117	cefazolin	cefazolin			NO_GENOME_MATCH					NOT_EVALUATED	<=	4	<=	4			NOT_EVALUATED
1144	35756053	1D-117	meropenem	meropenem			NO_GENOME_MATCH					NOT_EVALUATED	<=	1	<=	1			NOT_EVALUATED
1145	35756053	1D-117	gentamicin	gentamicin			NO_GENOME_MATCH					NOT_EVALUATED	<=	2	<=	2			NOT_EVALUATED
1146	35756053	1D-117	ciprofloxacin	ciprofloxacin			NO_GENOME_MATCH					NOT_EVALUATED	<=	0.5	<=	0.5			NOT_EVALUATED
1147	35756053	1D-117	cefoxitin	cefoxitin			NO_GENOME_MATCH					NOT_EVALUATED	<=	4	<=	4			NOT_EVALUATED
1148	35756053	1D-117	trimethoprim	trimethoprim			NO_GENOME_MATCH					NOT_EVALUATED	<=	0.5/9.5	<=	0.5/9.5			NOT_EVALUATED
1149	35756053	1D-117	tobramycin	tobramycin			NO_GENOME_MATCH					NOT_EVALUATED	<=	4	<=	4			NOT_EVALUATED
1150	35756053	1D-117	tigecycline	tigecycline			NO_GENOME_MATCH					NOT_EVALUATED	<=	1	<=	1			NOT_EVALUATED
1151	35756053	1D-117	tetracycline	tetracycline			NO_GENOME_MATCH					NOT_EVALUATED	=	1	=	1			NOT_EVALUATED
1152	35756053	1D-118	ampicillin	ampicillin			NO_GENOME_MATCH					NOT_EVALUATED	<=	4	<=	4			NOT_EVALUATED
1153	35756053	1D-118	cefazolin	cefazolin			NO_GENOME_MATCH					NOT_EVALUATED	<=	4	<=	4			NOT_EVALUATED
1154	35756053	1D-118	meropenem	meropenem			NO_GENOME_MATCH					NOT_EVALUATED	<=	1	<=	1			NOT_EVALUATED
1155	35756053	1D-118	gentamicin	gentamicin			NO_GENOME_MATCH					NOT_EVALUATED	<=	2	<=	2			NOT_EVALUATED
1156	35756053	1D-118	ciprofloxacin	ciprofloxacin			NO_GENOME_MATCH					NOT_EVALUATED	<=	0.5	<=	0.5			NOT_EVALUATED
1157	35756053	1D-118	cefoxitin	cefoxitin			NO_GENOME_MATCH					NOT_EVALUATED	<=	4	<=	4			NOT_EVALUATED
1158	35756053	1D-118	trimethoprim	trimethoprim			NO_GENOME_MATCH					NOT_EVALUATED	<=	0.5/9.5	<=	0.5/9.5			NOT_EVALUATED
1159	35756053	1D-118	tobramycin	tobramycin			NO_GENOME_MATCH					NOT_EVALUATED	<=	4	<=	4			NOT_EVALUATED
1160	35756053	1D-118	tigecycline	tigecycline			NO_GENOME_MATCH					NOT_EVALUATED	<=	1	<=	1			NOT_EVALUATED
1161	35756053	1D-118	tetracycline	tetracycline			NO_GENOME_MATCH					NOT_EVALUATED	=	1	=	1			NOT_EVALUATED
1162	35756053	1D-119	ampicillin	ampicillin			NO_GENOME_MATCH					NOT_EVALUATED	>	32	>	32			NOT_EVALUATED
1163	35756053	1D-119	cefazolin	cefazolin			NO_GENOME_MATCH					NOT_EVALUATED	<=	4	<=	4			NOT_EVALUATED
1164	35756053	1D-119	meropenem	meropenem			NO_GENOME_MATCH					NOT_EVALUATED	<=	1	<=	1			NOT_EVALUATED
1165	35756053	1D-119	gentamicin	gentamicin			NO_GENOME_MATCH					NOT_EVALUATED	<=	2	<=	2			NOT_EVALUATED
1166	35756053	1D-119	ciprofloxacin	ciprofloxacin			NO_GENOME_MATCH					NOT_EVALUATED	>	4	>	4			NOT_EVALUATED
1167	35756053	1D-119	cefoxitin	cefoxitin			NO_GENOME_MATCH					NOT_EVALUATED	<=	4	<=	4			NOT_EVALUATED
1168	35756053	1D-119	trimethoprim	trimethoprim			NO_GENOME_MATCH					NOT_EVALUATED	>	4/76	>	4/76			NOT_EVALUATED
1169	35756053	1D-119	tobramycin	tobramycin			NO_GENOME_MATCH					NOT_EVALUATED	<=	4	<=	4			NOT_EVALUATED
1170	35756053	1D-119	tigecycline	tigecycline			NO_GENOME_MATCH					NOT_EVALUATED	<=	1	<=	1			NOT_EVALUATED
1171	35756053	1D-119	tetracycline	tetracycline			NO_GENOME_MATCH					NOT_EVALUATED	>	16	>	16			NOT_EVALUATED
1172	35756053	1D-120	ampicillin	ampicillin			NO_GENOME_MATCH					NOT_EVALUATED	<=	4	<=	4			NOT_EVALUATED
1173	35756053	1D-120	cefazolin	cefazolin			NO_GENOME_MATCH					NOT_EVALUATED	<=	4	<=	4			NOT_EVALUATED
1174	35756053	1D-120	meropenem	meropenem			NO_GENOME_MATCH					NOT_EVALUATED	<=	1	<=	1			NOT_EVALUATED
1175	35756053	1D-120	gentamicin	gentamicin			NO_GENOME_MATCH					NOT_EVALUATED	<=	2	<=	2			NOT_EVALUATED
1176	35756053	1D-120	ciprofloxacin	ciprofloxacin			NO_GENOME_MATCH					NOT_EVALUATED	<=	0.5	<=	0.5			NOT_EVALUATED
1177	35756053	1D-120	cefoxitin	cefoxitin			NO_GENOME_MATCH					NOT_EVALUATED	=	8	=	8			NOT_EVALUATED
1178	35756053	1D-120	trimethoprim	trimethoprim			NO_GENOME_MATCH					NOT_EVALUATED	<=	0.5/9.5	<=	0.5/9.5			NOT_EVALUATED
1179	35756053	1D-120	tobramycin	tobramycin			NO_GENOME_MATCH					NOT_EVALUATED	<=	4	<=	4			NOT_EVALUATED
1180	35756053	1D-120	tigecycline	tigecycline			NO_GENOME_MATCH					NOT_EVALUATED	<=	1	<=	1			NOT_EVALUATED
1181	35756053	1D-120	tetracycline	tetracycline			NO_GENOME_MATCH					NOT_EVALUATED	=	1	=	1			NOT_EVALUATED
1182	35756053	1D-121	ampicillin	ampicillin			NO_GENOME_MATCH					NOT_EVALUATED	<=	4	<=	4			NOT_EVALUATED
1183	35756053	1D-121	cefazolin	cefazolin			NO_GENOME_MATCH					NOT_EVALUATED	<=	4	<=	4			NOT_EVALUATED
1184	35756053	1D-121	meropenem	meropenem			NO_GENOME_MATCH					NOT_EVALUATED	<=	1	<=	1			NOT_EVALUATED
1185	35756053	1D-121	gentamicin	gentamicin			NO_GENOME_MATCH					NOT_EVALUATED	<=	2	<=	2			NOT_EVALUATED
1186	35756053	1D-121	ciprofloxacin	ciprofloxacin			NO_GENOME_MATCH					NOT_EVALUATED	<=	0.5	<=	0.5			NOT_EVALUATED
1187	35756053	1D-121	cefoxitin	cefoxitin			NO_GENOME_MATCH					NOT_EVALUATED	<=	4	<=	4			NOT_EVALUATED
1188	35756053	1D-121	trimethoprim	trimethoprim			NO_GENOME_MATCH					NOT_EVALUATED	<=	0.5/9.5	<=	0.5/9.5			NOT_EVALUATED
1189	35756053	1D-121	tobramycin	tobramycin			NO_GENOME_MATCH					NOT_EVALUATED	<=	4	<=	4			NOT_EVALUATED
1190	35756053	1D-121	tigecycline	tigecycline			NO_GENOME_MATCH					NOT_EVALUATED	<=	1	<=	1			NOT_EVALUATED
1191	35756053	1D-121	tetracycline	tetracycline			NO_GENOME_MATCH					NOT_EVALUATED	=	1	=	1			NOT_EVALUATED
1192	35756053	1D-122	ampicillin	ampicillin			NO_GENOME_MATCH					NOT_EVALUATED	<=	4	<=	4			NOT_EVALUATED
1193	35756053	1D-122	cefazolin	cefazolin			NO_GENOME_MATCH					NOT_EVALUATED	<=	4	<=	4			NOT_EVALUATED
1194	35756053	1D-122	meropenem	meropenem			NO_GENOME_MATCH					NOT_EVALUATED	<=	1	<=	1			NOT_EVALUATED
1195	35756053	1D-122	gentamicin	gentamicin			NO_GENOME_MATCH					NOT_EVALUATED	<=	2	<=	2			NOT_EVALUATED
1196	35756053	1D-122	ciprofloxacin	ciprofloxacin			NO_GENOME_MATCH					NOT_EVALUATED	<=	0.5	<=	0.5			NOT_EVALUATED
1197	35756053	1D-122	cefoxitin	cefoxitin			NO_GENOME_MATCH					NOT_EVALUATED	<=	4	<=	4			NOT_EVALUATED
1198	35756053	1D-122	trimethoprim	trimethoprim			NO_GENOME_MATCH					NOT_EVALUATED	<=	0.5/9.5	<=	0.5/9.5			NOT_EVALUATED
1199	35756053	1D-122	tobramycin	tobramycin			NO_GENOME_MATCH					NOT_EVALUATED	<=	4	<=	4			NOT_EVALUATED
1200	35756053	1D-122	tigecycline	tigecycline			NO_GENOME_MATCH					NOT_EVALUATED	<=	1	<=	1			NOT_EVALUATED
1201	35756053	1D-122	tetracycline	tetracycline			NO_GENOME_MATCH					NOT_EVALUATED	=	1	=	1			NOT_EVALUATED
1202	35756053	1D-123	ampicillin	ampicillin			NO_GENOME_MATCH					NOT_EVALUATED	<=	4	<=	4			NOT_EVALUATED
1203	35756053	1D-123	cefazolin	cefazolin			NO_GENOME_MATCH					NOT_EVALUATED	<=	4	<=	4			NOT_EVALUATED
1204	35756053	1D-123	meropenem	meropenem			NO_GENOME_MATCH					NOT_EVALUATED	<=	1	<=	1			NOT_EVALUATED
1205	35756053	1D-123	gentamicin	gentamicin			NO_GENOME_MATCH					NOT_EVALUATED	<=	2	<=	2			NOT_EVALUATED
1206	35756053	1D-123	ciprofloxacin	ciprofloxacin			NO_GENOME_MATCH					NOT_EVALUATED	<=	0.5	<=	0.5			NOT_EVALUATED
1207	35756053	1D-123	cefoxitin	cefoxitin			NO_GENOME_MATCH					NOT_EVALUATED	<=	4	<=	4			NOT_EVALUATED
1208	35756053	1D-123	trimethoprim	trimethoprim			NO_GENOME_MATCH					NOT_EVALUATED	<=	0.5/9.5	<=	0.5/9.5			NOT_EVALUATED
1209	35756053	1D-123	tobramycin	tobramycin			NO_GENOME_MATCH					NOT_EVALUATED	<=	4	<=	4			NOT_EVALUATED
1210	35756053	1D-123	tigecycline	tigecycline			NO_GENOME_MATCH					NOT_EVALUATED	<=	1	<=	1			NOT_EVALUATED
1211	35756053	1D-123	tetracycline	tetracycline			NO_GENOME_MATCH					NOT_EVALUATED	=	1	=	1			NOT_EVALUATED
1212	35756053	1D-124	ampicillin	ampicillin			NO_GENOME_MATCH					NOT_EVALUATED	<=	4	<=	4			NOT_EVALUATED
1213	35756053	1D-124	cefazolin	cefazolin			NO_GENOME_MATCH					NOT_EVALUATED	<=	4	<=	4			NOT_EVALUATED
1214	35756053	1D-124	meropenem	meropenem			NO_GENOME_MATCH					NOT_EVALUATED	<=	1	<=	1			NOT_EVALUATED
1215	35756053	1D-124	gentamicin	gentamicin			NO_GENOME_MATCH					NOT_EVALUATED	<=	2	<=	2			NOT_EVALUATED
1216	35756053	1D-124	ciprofloxacin	ciprofloxacin			NO_GENOME_MATCH					NOT_EVALUATED	<=	0.5	<=	0.5			NOT_EVALUATED
1217	35756053	1D-124	cefoxitin	cefoxitin			NO_GENOME_MATCH					NOT_EVALUATED	<=	4	<=	4			NOT_EVALUATED
1218	35756053	1D-124	trimethoprim	trimethoprim			NO_GENOME_MATCH					NOT_EVALUATED	<=	0.5/9.5	<=	0.5/9.5			NOT_EVALUATED
1219	35756053	1D-124	tobramycin	tobramycin			NO_GENOME_MATCH					NOT_EVALUATED	<=	4	<=	4			NOT_EVALUATED
1220	35756053	1D-124	tigecycline	tigecycline			NO_GENOME_MATCH					NOT_EVALUATED	<=	1	<=	1			NOT_EVALUATED
1221	35756053	1D-124	tetracycline	tetracycline			NO_GENOME_MATCH					NOT_EVALUATED	=	1	=	1			NOT_EVALUATED
1222	35756053	1D-125	ampicillin	ampicillin			NO_GENOME_MATCH					NOT_EVALUATED	>	32	>	32			NOT_EVALUATED
1223	35756053	1D-125	cefazolin	cefazolin			NO_GENOME_MATCH					NOT_EVALUATED	>	32	>	32			NOT_EVALUATED
1224	35756053	1D-125	meropenem	meropenem			NO_GENOME_MATCH					NOT_EVALUATED	<=	1	<=	1			NOT_EVALUATED
1225	35756053	1D-125	gentamicin	gentamicin			NO_GENOME_MATCH					NOT_EVALUATED	<=	2	<=	2			NOT_EVALUATED
1226	35756053	1D-125	ciprofloxacin	ciprofloxacin			NO_GENOME_MATCH					NOT_EVALUATED	>	4	>	4			NOT_EVALUATED
1227	35756053	1D-125	cefoxitin	cefoxitin			NO_GENOME_MATCH					NOT_EVALUATED	=	8	=	8			NOT_EVALUATED
1228	35756053	1D-125	trimethoprim	trimethoprim			NO_GENOME_MATCH					NOT_EVALUATED	<=	0.5/9.5	<=	0.5/9.5			NOT_EVALUATED
1229	35756053	1D-125	tobramycin	tobramycin			NO_GENOME_MATCH					NOT_EVALUATED	<=	4	<=	4			NOT_EVALUATED
1230	35756053	1D-125	tigecycline	tigecycline			NO_GENOME_MATCH					NOT_EVALUATED	<=	1	<=	1			NOT_EVALUATED
1231	35756053	1D-125	tetracycline	tetracycline			NO_GENOME_MATCH					NOT_EVALUATED	=	1	=	1			NOT_EVALUATED
1232	35756053	1D-126	ampicillin	ampicillin			NO_GENOME_MATCH					NOT_EVALUATED	<=	4	<=	4			NOT_EVALUATED
1233	35756053	1D-126	cefazolin	cefazolin			NO_GENOME_MATCH					NOT_EVALUATED	<=	4	<=	4			NOT_EVALUATED
1234	35756053	1D-126	meropenem	meropenem			NO_GENOME_MATCH					NOT_EVALUATED	<=	1	<=	1			NOT_EVALUATED
1235	35756053	1D-126	gentamicin	gentamicin			NO_GENOME_MATCH					NOT_EVALUATED	<=	2	<=	2			NOT_EVALUATED
1236	35756053	1D-126	ciprofloxacin	ciprofloxacin			NO_GENOME_MATCH					NOT_EVALUATED	<=	0.5	<=	0.5			NOT_EVALUATED
1237	35756053	1D-126	cefoxitin	cefoxitin			NO_GENOME_MATCH					NOT_EVALUATED	<=	4	<=	4			NOT_EVALUATED
1238	35756053	1D-126	trimethoprim	trimethoprim			NO_GENOME_MATCH					NOT_EVALUATED	<=	0.5/9.5	<=	0.5/9.5			NOT_EVALUATED
1239	35756053	1D-126	tobramycin	tobramycin			NO_GENOME_MATCH					NOT_EVALUATED	<=	4	<=	4			NOT_EVALUATED
1240	35756053	1D-126	tigecycline	tigecycline			NO_GENOME_MATCH					NOT_EVALUATED	<=	1	<=	1			NOT_EVALUATED
1241	35756053	1D-126	tetracycline	tetracycline			NO_GENOME_MATCH					NOT_EVALUATED	>	16	>	16			NOT_EVALUATED
1242	35756053	1D-127	ampicillin	ampicillin			NO_GENOME_MATCH					NOT_EVALUATED	<=	4	<=	4			NOT_EVALUATED
1243	35756053	1D-127	cefazolin	cefazolin			NO_GENOME_MATCH					NOT_EVALUATED	<=	4	<=	4			NOT_EVALUATED
1244	35756053	1D-127	meropenem	meropenem			NO_GENOME_MATCH					NOT_EVALUATED	<=	1	<=	1			NOT_EVALUATED
1245	35756053	1D-127	gentamicin	gentamicin			NO_GENOME_MATCH					NOT_EVALUATED	<=	2	<=	2			NOT_EVALUATED
1246	35756053	1D-127	ciprofloxacin	ciprofloxacin			NO_GENOME_MATCH					NOT_EVALUATED	<=	0.5	<=	0.5			NOT_EVALUATED
1247	35756053	1D-127	cefoxitin	cefoxitin			NO_GENOME_MATCH					NOT_EVALUATED	<=	4	<=	4			NOT_EVALUATED
1248	35756053	1D-127	trimethoprim	trimethoprim			NO_GENOME_MATCH					NOT_EVALUATED	<=	0.5/9.5	<=	0.5/9.5			NOT_EVALUATED
1249	35756053	1D-127	tobramycin	tobramycin			NO_GENOME_MATCH					NOT_EVALUATED	<=	4	<=	4			NOT_EVALUATED
1250	35756053	1D-127	tigecycline	tigecycline			NO_GENOME_MATCH					NOT_EVALUATED	<=	1	<=	1			NOT_EVALUATED
1251	35756053	1D-127	tetracycline	tetracycline			NO_GENOME_MATCH					NOT_EVALUATED	=	1	=	1			NOT_EVALUATED
1252	35756053	1D-128	ampicillin	ampicillin			NO_GENOME_MATCH					NOT_EVALUATED	<=	4	<=	4			NOT_EVALUATED
1253	35756053	1D-128	cefazolin	cefazolin			NO_GENOME_MATCH					NOT_EVALUATED	<=	4	<=	4			NOT_EVALUATED
1254	35756053	1D-128	meropenem	meropenem			NO_GENOME_MATCH					NOT_EVALUATED	<=	1	<=	1			NOT_EVALUATED
1255	35756053	1D-128	gentamicin	gentamicin			NO_GENOME_MATCH					NOT_EVALUATED	<=	2	<=	2			NOT_EVALUATED
1256	35756053	1D-128	ciprofloxacin	ciprofloxacin			NO_GENOME_MATCH					NOT_EVALUATED	<=	0.5	<=	0.5			NOT_EVALUATED
1257	35756053	1D-128	cefoxitin	cefoxitin			NO_GENOME_MATCH					NOT_EVALUATED	<=	4	<=	4			NOT_EVALUATED
1258	35756053	1D-128	trimethoprim	trimethoprim			NO_GENOME_MATCH					NOT_EVALUATED	<=	0.5/9.5	<=	0.5/9.5			NOT_EVALUATED
1259	35756053	1D-128	tobramycin	tobramycin			NO_GENOME_MATCH					NOT_EVALUATED	<=	4	<=	4			NOT_EVALUATED
1260	35756053	1D-128	tigecycline	tigecycline			NO_GENOME_MATCH					NOT_EVALUATED	<=	1	<=	1			NOT_EVALUATED
1261	35756053	1D-128	tetracycline	tetracycline			NO_GENOME_MATCH					NOT_EVALUATED	=	1	=	1			NOT_EVALUATED
1262	35756053	1D-129	ampicillin	ampicillin			NO_GENOME_MATCH					NOT_EVALUATED	<=	4	<=	4			NOT_EVALUATED
1263	35756053	1D-129	cefazolin	cefazolin			NO_GENOME_MATCH					NOT_EVALUATED	<=	4	<=	4			NOT_EVALUATED
1264	35756053	1D-129	meropenem	meropenem			NO_GENOME_MATCH					NOT_EVALUATED	<=	1	<=	1			NOT_EVALUATED
1265	35756053	1D-129	gentamicin	gentamicin			NO_GENOME_MATCH					NOT_EVALUATED	<=	2	<=	2			NOT_EVALUATED
1266	35756053	1D-129	ciprofloxacin	ciprofloxacin			NO_GENOME_MATCH					NOT_EVALUATED	<=	0.5	<=	0.5			NOT_EVALUATED
1267	35756053	1D-129	cefoxitin	cefoxitin			NO_GENOME_MATCH					NOT_EVALUATED	<=	4	<=	4			NOT_EVALUATED
1268	35756053	1D-129	trimethoprim	trimethoprim			NO_GENOME_MATCH					NOT_EVALUATED	<=	0.5/9.5	<=	0.5/9.5			NOT_EVALUATED
1269	35756053	1D-129	tobramycin	tobramycin			NO_GENOME_MATCH					NOT_EVALUATED	<=	4	<=	4			NOT_EVALUATED
1270	35756053	1D-129	tigecycline	tigecycline			NO_GENOME_MATCH					NOT_EVALUATED	<=	1	<=	1			NOT_EVALUATED
1271	35756053	1D-129	tetracycline	tetracycline			NO_GENOME_MATCH					NOT_EVALUATED	=	2	=	2			NOT_EVALUATED
1272	35756053	1D-130	ampicillin	ampicillin			NO_GENOME_MATCH					NOT_EVALUATED	<=	4	<=	4			NOT_EVALUATED
1273	35756053	1D-130	cefazolin	cefazolin			NO_GENOME_MATCH					NOT_EVALUATED	<=	4	<=	4			NOT_EVALUATED
1274	35756053	1D-130	meropenem	meropenem			NO_GENOME_MATCH					NOT_EVALUATED	<=	1	<=	1			NOT_EVALUATED
1275	35756053	1D-130	gentamicin	gentamicin			NO_GENOME_MATCH					NOT_EVALUATED	<=	2	<=	2			NOT_EVALUATED
1276	35756053	1D-130	ciprofloxacin	ciprofloxacin			NO_GENOME_MATCH					NOT_EVALUATED	<=	0.5	<=	0.5			NOT_EVALUATED
1277	35756053	1D-130	cefoxitin	cefoxitin			NO_GENOME_MATCH					NOT_EVALUATED	<=	4	<=	4			NOT_EVALUATED
1278	35756053	1D-130	trimethoprim	trimethoprim			NO_GENOME_MATCH					NOT_EVALUATED	<=	0.5/9.5	<=	0.5/9.5			NOT_EVALUATED
1279	35756053	1D-130	tobramycin	tobramycin			NO_GENOME_MATCH					NOT_EVALUATED	<=	4	<=	4			NOT_EVALUATED
1280	35756053	1D-130	tigecycline	tigecycline			NO_GENOME_MATCH					NOT_EVALUATED	<=	1	<=	1			NOT_EVALUATED
1281	35756053	1D-130	tetracycline	tetracycline			NO_GENOME_MATCH					NOT_EVALUATED	=	1	=	1			NOT_EVALUATED
1282	35756053	1D-131	ampicillin	ampicillin			NO_GENOME_MATCH					NOT_EVALUATED	<=	4	<=	4			NOT_EVALUATED
1283	35756053	1D-131	cefazolin	cefazolin			NO_GENOME_MATCH					NOT_EVALUATED	<=	4	<=	4			NOT_EVALUATED
1284	35756053	1D-131	meropenem	meropenem			NO_GENOME_MATCH					NOT_EVALUATED	<=	1	<=	1			NOT_EVALUATED
1285	35756053	1D-131	gentamicin	gentamicin			NO_GENOME_MATCH					NOT_EVALUATED	<=	2	<=	2			NOT_EVALUATED
1286	35756053	1D-131	ciprofloxacin	ciprofloxacin			NO_GENOME_MATCH					NOT_EVALUATED	<=	0.5	<=	0.5			NOT_EVALUATED
1287	35756053	1D-131	cefoxitin	cefoxitin			NO_GENOME_MATCH					NOT_EVALUATED	=	8	=	8			NOT_EVALUATED
1288	35756053	1D-131	trimethoprim	trimethoprim			NO_GENOME_MATCH					NOT_EVALUATED	<=	0.5/9.5	<=	0.5/9.5			NOT_EVALUATED
1289	35756053	1D-131	tobramycin	tobramycin			NO_GENOME_MATCH					NOT_EVALUATED	<=	4	<=	4			NOT_EVALUATED
1290	35756053	1D-131	tigecycline	tigecycline			NO_GENOME_MATCH					NOT_EVALUATED	<=	1	<=	1			NOT_EVALUATED
1291	35756053	1D-131	tetracycline	tetracycline			NO_GENOME_MATCH					NOT_EVALUATED	=	2	=	2			NOT_EVALUATED
1292	35756053	1D-132	ampicillin	ampicillin			NO_GENOME_MATCH					NOT_EVALUATED	<=	4	<=	4			NOT_EVALUATED
1293	35756053	1D-132	cefazolin	cefazolin			NO_GENOME_MATCH					NOT_EVALUATED	<=	4	<=	4			NOT_EVALUATED
1294	35756053	1D-132	meropenem	meropenem			NO_GENOME_MATCH					NOT_EVALUATED	<=	1	<=	1			NOT_EVALUATED
1295	35756053	1D-132	gentamicin	gentamicin			NO_GENOME_MATCH					NOT_EVALUATED	<=	2	<=	2			NOT_EVALUATED
1296	35756053	1D-132	ciprofloxacin	ciprofloxacin			NO_GENOME_MATCH					NOT_EVALUATED	<=	0.5	<=	0.5			NOT_EVALUATED
1297	35756053	1D-132	cefoxitin	cefoxitin			NO_GENOME_MATCH					NOT_EVALUATED	<=	4	<=	4			NOT_EVALUATED
1298	35756053	1D-132	trimethoprim	trimethoprim			NO_GENOME_MATCH					NOT_EVALUATED	<=	0.5/9.5	<=	0.5/9.5			NOT_EVALUATED
1299	35756053	1D-132	tobramycin	tobramycin			NO_GENOME_MATCH					NOT_EVALUATED	<=	4	<=	4			NOT_EVALUATED
1300	35756053	1D-132	tigecycline	tigecycline			NO_GENOME_MATCH					NOT_EVALUATED	<=	1	<=	1			NOT_EVALUATED
1301	35756053	1D-132	tetracycline	tetracycline			NO_GENOME_MATCH					NOT_EVALUATED	=	2	=	2			NOT_EVALUATED
1302	35756053	1D-133	ampicillin	ampicillin			NO_GENOME_MATCH					NOT_EVALUATED	<=	4	<=	4			NOT_EVALUATED
1303	35756053	1D-133	cefazolin	cefazolin			NO_GENOME_MATCH					NOT_EVALUATED	<=	4	<=	4			NOT_EVALUATED
1304	35756053	1D-133	meropenem	meropenem			NO_GENOME_MATCH					NOT_EVALUATED	<=	1	<=	1			NOT_EVALUATED
1305	35756053	1D-133	gentamicin	gentamicin			NO_GENOME_MATCH					NOT_EVALUATED	<=	2	<=	2			NOT_EVALUATED
1306	35756053	1D-133	ciprofloxacin	ciprofloxacin			NO_GENOME_MATCH					NOT_EVALUATED	<=	0.5	<=	0.5			NOT_EVALUATED
1307	35756053	1D-133	cefoxitin	cefoxitin			NO_GENOME_MATCH					NOT_EVALUATED	<=	4	<=	4			NOT_EVALUATED
1308	35756053	1D-133	trimethoprim	trimethoprim			NO_GENOME_MATCH					NOT_EVALUATED	<=	0.5/9.5	<=	0.5/9.5			NOT_EVALUATED
1309	35756053	1D-133	tobramycin	tobramycin			NO_GENOME_MATCH					NOT_EVALUATED	<=	4	<=	4			NOT_EVALUATED
1310	35756053	1D-133	tigecycline	tigecycline			NO_GENOME_MATCH					NOT_EVALUATED	<=	1	<=	1			NOT_EVALUATED
1311	35756053	1D-133	tetracycline	tetracycline			NO_GENOME_MATCH					NOT_EVALUATED	=	1	=	1			NOT_EVALUATED
1312	35756053	1D-134	ampicillin	ampicillin			NO_GENOME_MATCH					NOT_EVALUATED	<=	4	<=	4			NOT_EVALUATED
1313	35756053	1D-134	cefazolin	cefazolin			NO_GENOME_MATCH					NOT_EVALUATED	<=	4	<=	4			NOT_EVALUATED
1314	35756053	1D-134	meropenem	meropenem			NO_GENOME_MATCH					NOT_EVALUATED	<=	1	<=	1			NOT_EVALUATED
1315	35756053	1D-134	gentamicin	gentamicin			NO_GENOME_MATCH					NOT_EVALUATED	<=	2	<=	2			NOT_EVALUATED
1316	35756053	1D-134	ciprofloxacin	ciprofloxacin			NO_GENOME_MATCH					NOT_EVALUATED	<=	0.5	<=	0.5			NOT_EVALUATED
1317	35756053	1D-134	cefoxitin	cefoxitin			NO_GENOME_MATCH					NOT_EVALUATED	=	8	=	8			NOT_EVALUATED
1318	35756053	1D-134	trimethoprim	trimethoprim			NO_GENOME_MATCH					NOT_EVALUATED	<=	0.5/9.5	<=	0.5/9.5			NOT_EVALUATED
1319	35756053	1D-134	tobramycin	tobramycin			NO_GENOME_MATCH					NOT_EVALUATED	<=	4	<=	4			NOT_EVALUATED
1320	35756053	1D-134	tigecycline	tigecycline			NO_GENOME_MATCH					NOT_EVALUATED	<=	1	<=	1			NOT_EVALUATED
1321	35756053	1D-134	tetracycline	tetracycline			NO_GENOME_MATCH					NOT_EVALUATED	=	2	=	2			NOT_EVALUATED
1322	35756053	1D-135	ampicillin	ampicillin			NO_GENOME_MATCH					NOT_EVALUATED	>	32	>	32			NOT_EVALUATED
1323	35756053	1D-135	cefazolin	cefazolin			NO_GENOME_MATCH					NOT_EVALUATED	<=	4	<=	4			NOT_EVALUATED
1324	35756053	1D-135	meropenem	meropenem			NO_GENOME_MATCH					NOT_EVALUATED	<=	1	<=	1			NOT_EVALUATED
1325	35756053	1D-135	gentamicin	gentamicin			NO_GENOME_MATCH					NOT_EVALUATED	<=	2	<=	2			NOT_EVALUATED
1326	35756053	1D-135	ciprofloxacin	ciprofloxacin			NO_GENOME_MATCH					NOT_EVALUATED	<=	0.5	<=	0.5			NOT_EVALUATED
1327	35756053	1D-135	cefoxitin	cefoxitin			NO_GENOME_MATCH					NOT_EVALUATED	<=	4	<=	4			NOT_EVALUATED
1328	35756053	1D-135	trimethoprim	trimethoprim			NO_GENOME_MATCH					NOT_EVALUATED	>	4/76	>	4/76			NOT_EVALUATED
1329	35756053	1D-135	tobramycin	tobramycin			NO_GENOME_MATCH					NOT_EVALUATED	<=	4	<=	4			NOT_EVALUATED
1330	35756053	1D-135	tigecycline	tigecycline			NO_GENOME_MATCH					NOT_EVALUATED	<=	1	<=	1			NOT_EVALUATED
1331	35756053	1D-135	tetracycline	tetracycline			NO_GENOME_MATCH					NOT_EVALUATED	>	16	>	16			NOT_EVALUATED
1332	35756053	1D-136	ampicillin	ampicillin			NO_GENOME_MATCH					NOT_EVALUATED	>	32	>	32			NOT_EVALUATED
1333	35756053	1D-136	cefazolin	cefazolin			NO_GENOME_MATCH					NOT_EVALUATED	<=	4	<=	4			NOT_EVALUATED
1334	35756053	1D-136	meropenem	meropenem			NO_GENOME_MATCH					NOT_EVALUATED	<=	1	<=	1			NOT_EVALUATED
1335	35756053	1D-136	gentamicin	gentamicin			NO_GENOME_MATCH					NOT_EVALUATED	<=	2	<=	2			NOT_EVALUATED
1336	35756053	1D-136	ciprofloxacin	ciprofloxacin			NO_GENOME_MATCH					NOT_EVALUATED	<=	0.5	<=	0.5			NOT_EVALUATED
1337	35756053	1D-136	cefoxitin	cefoxitin			NO_GENOME_MATCH					NOT_EVALUATED	<=	4	<=	4			NOT_EVALUATED
1338	35756053	1D-136	trimethoprim	trimethoprim			NO_GENOME_MATCH					NOT_EVALUATED	<=	0.5/9.5	<=	0.5/9.5			NOT_EVALUATED
1339	35756053	1D-136	tobramycin	tobramycin			NO_GENOME_MATCH					NOT_EVALUATED	<=	4	<=	4			NOT_EVALUATED
1340	35756053	1D-136	tigecycline	tigecycline			NO_GENOME_MATCH					NOT_EVALUATED	<=	1	<=	1			NOT_EVALUATED
1341	35756053	1D-136	tetracycline	tetracycline			NO_GENOME_MATCH					NOT_EVALUATED	=	2	=	2			NOT_EVALUATED
1342	35756053	1D-137	ampicillin	ampicillin			NO_GENOME_MATCH					NOT_EVALUATED	>	32	>	32			NOT_EVALUATED
1343	35756053	1D-137	cefazolin	cefazolin			NO_GENOME_MATCH					NOT_EVALUATED	=	8	=	8			NOT_EVALUATED
1344	35756053	1D-137	meropenem	meropenem			NO_GENOME_MATCH					NOT_EVALUATED	<=	1	<=	1			NOT_EVALUATED
1345	35756053	1D-137	gentamicin	gentamicin			NO_GENOME_MATCH					NOT_EVALUATED	<=	2	<=	2			NOT_EVALUATED
1346	35756053	1D-137	ciprofloxacin	ciprofloxacin			NO_GENOME_MATCH					NOT_EVALUATED	<=	0.5	<=	0.5			NOT_EVALUATED
1347	35756053	1D-137	cefoxitin	cefoxitin			NO_GENOME_MATCH					NOT_EVALUATED	<=	4	<=	4			NOT_EVALUATED
1348	35756053	1D-137	trimethoprim	trimethoprim			NO_GENOME_MATCH					NOT_EVALUATED	<=	0.5/9.5	<=	0.5/9.5			NOT_EVALUATED
1349	35756053	1D-137	tobramycin	tobramycin			NO_GENOME_MATCH					NOT_EVALUATED	<=	4	<=	4			NOT_EVALUATED
1350	35756053	1D-137	tigecycline	tigecycline			NO_GENOME_MATCH					NOT_EVALUATED	<=	1	<=	1			NOT_EVALUATED
1351	35756053	1D-137	tetracycline	tetracycline			NO_GENOME_MATCH					NOT_EVALUATED	=	1	=	1			NOT_EVALUATED
1352	35756053	1D-138	ampicillin	ampicillin			NO_GENOME_MATCH					NOT_EVALUATED	>	32	>	32			NOT_EVALUATED
1353	35756053	1D-138	cefazolin	cefazolin			NO_GENOME_MATCH					NOT_EVALUATED	>	32	>	32			NOT_EVALUATED
1354	35756053	1D-138	meropenem	meropenem			NO_GENOME_MATCH					NOT_EVALUATED	<=	1	<=	1			NOT_EVALUATED
1355	35756053	1D-138	gentamicin	gentamicin			NO_GENOME_MATCH					NOT_EVALUATED	<=	2	<=	2			NOT_EVALUATED
1356	35756053	1D-138	ciprofloxacin	ciprofloxacin			NO_GENOME_MATCH					NOT_EVALUATED	>	4	>	4			NOT_EVALUATED
1357	35756053	1D-138	cefoxitin	cefoxitin			NO_GENOME_MATCH					NOT_EVALUATED	=	8	=	8			NOT_EVALUATED
1358	35756053	1D-138	trimethoprim	trimethoprim			NO_GENOME_MATCH					NOT_EVALUATED	>	4/76	>	4/76			NOT_EVALUATED
1359	35756053	1D-138	tobramycin	tobramycin			NO_GENOME_MATCH					NOT_EVALUATED	>	8	>	8			NOT_EVALUATED
1360	35756053	1D-138	tigecycline	tigecycline			NO_GENOME_MATCH					NOT_EVALUATED	<=	1	<=	1			NOT_EVALUATED
1361	35756053	1D-138	tetracycline	tetracycline			NO_GENOME_MATCH					NOT_EVALUATED	=	4	=	4			NOT_EVALUATED
1362	35756053	1D-139	ampicillin	ampicillin			NO_GENOME_MATCH					NOT_EVALUATED	<=	4	<=	4			NOT_EVALUATED
1363	35756053	1D-139	cefazolin	cefazolin			NO_GENOME_MATCH					NOT_EVALUATED	<=	4	<=	4			NOT_EVALUATED
1364	35756053	1D-139	meropenem	meropenem			NO_GENOME_MATCH					NOT_EVALUATED	<=	1	<=	1			NOT_EVALUATED
1365	35756053	1D-139	gentamicin	gentamicin			NO_GENOME_MATCH					NOT_EVALUATED	<=	2	<=	2			NOT_EVALUATED
1366	35756053	1D-139	ciprofloxacin	ciprofloxacin			NO_GENOME_MATCH					NOT_EVALUATED	<=	0.5	<=	0.5			NOT_EVALUATED
1367	35756053	1D-139	cefoxitin	cefoxitin			NO_GENOME_MATCH					NOT_EVALUATED	<=	4	<=	4			NOT_EVALUATED
1368	35756053	1D-139	trimethoprim	trimethoprim			NO_GENOME_MATCH					NOT_EVALUATED	<=	0.5/9.5	<=	0.5/9.5			NOT_EVALUATED
1369	35756053	1D-139	tobramycin	tobramycin			NO_GENOME_MATCH					NOT_EVALUATED	<=	4	<=	4			NOT_EVALUATED
1370	35756053	1D-139	tigecycline	tigecycline			NO_GENOME_MATCH					NOT_EVALUATED	<=	1	<=	1			NOT_EVALUATED
1371	35756053	1D-139	tetracycline	tetracycline			NO_GENOME_MATCH					NOT_EVALUATED	=	2	=	2			NOT_EVALUATED
1372	35756053	1D-140	ampicillin	ampicillin			NO_GENOME_MATCH					NOT_EVALUATED	>	32	>	32			NOT_EVALUATED
1373	35756053	1D-140	cefazolin	cefazolin			NO_GENOME_MATCH					NOT_EVALUATED	<=	4	<=	4			NOT_EVALUATED
1374	35756053	1D-140	meropenem	meropenem			NO_GENOME_MATCH					NOT_EVALUATED	<=	1	<=	1			NOT_EVALUATED
1375	35756053	1D-140	gentamicin	gentamicin			NO_GENOME_MATCH					NOT_EVALUATED	<=	2	<=	2			NOT_EVALUATED
1376	35756053	1D-140	ciprofloxacin	ciprofloxacin			NO_GENOME_MATCH					NOT_EVALUATED	<=	0.5	<=	0.5			NOT_EVALUATED
1377	35756053	1D-140	cefoxitin	cefoxitin			NO_GENOME_MATCH					NOT_EVALUATED	<=	4	<=	4			NOT_EVALUATED
1378	35756053	1D-140	trimethoprim	trimethoprim			NO_GENOME_MATCH					NOT_EVALUATED	<=	0.5/9.5	<=	0.5/9.5			NOT_EVALUATED
1379	35756053	1D-140	tobramycin	tobramycin			NO_GENOME_MATCH					NOT_EVALUATED	<=	4	<=	4			NOT_EVALUATED
1380	35756053	1D-140	tigecycline	tigecycline			NO_GENOME_MATCH					NOT_EVALUATED	<=	1	<=	1			NOT_EVALUATED
1381	35756053	1D-140	tetracycline	tetracycline			NO_GENOME_MATCH					NOT_EVALUATED	>	16	>	16			NOT_EVALUATED
1382	35756053	1D-141	ampicillin	ampicillin			NO_GENOME_MATCH					NOT_EVALUATED	<=	4	<=	4			NOT_EVALUATED
1383	35756053	1D-141	cefazolin	cefazolin			NO_GENOME_MATCH					NOT_EVALUATED	<=	4	<=	4			NOT_EVALUATED
1384	35756053	1D-141	meropenem	meropenem			NO_GENOME_MATCH					NOT_EVALUATED	<=	1	<=	1			NOT_EVALUATED
1385	35756053	1D-141	gentamicin	gentamicin			NO_GENOME_MATCH					NOT_EVALUATED	<=	2	<=	2			NOT_EVALUATED
1386	35756053	1D-141	ciprofloxacin	ciprofloxacin			NO_GENOME_MATCH					NOT_EVALUATED	<=	0.5	<=	0.5			NOT_EVALUATED
1387	35756053	1D-141	cefoxitin	cefoxitin			NO_GENOME_MATCH					NOT_EVALUATED	<=	4	<=	4			NOT_EVALUATED
1388	35756053	1D-141	trimethoprim	trimethoprim			NO_GENOME_MATCH					NOT_EVALUATED	<=	0.5/9.5	<=	0.5/9.5			NOT_EVALUATED
1389	35756053	1D-141	tobramycin	tobramycin			NO_GENOME_MATCH					NOT_EVALUATED	<=	4	<=	4			NOT_EVALUATED
1390	35756053	1D-141	tigecycline	tigecycline			NO_GENOME_MATCH					NOT_EVALUATED	<=	1	<=	1			NOT_EVALUATED
1391	35756053	1D-141	tetracycline	tetracycline			NO_GENOME_MATCH					NOT_EVALUATED	=	1	=	1			NOT_EVALUATED
1392	35756053	1D-142	ampicillin	ampicillin			NO_GENOME_MATCH					NOT_EVALUATED	<=	4	<=	4			NOT_EVALUATED
1393	35756053	1D-142	cefazolin	cefazolin			NO_GENOME_MATCH					NOT_EVALUATED	<=	4	<=	4			NOT_EVALUATED
1394	35756053	1D-142	meropenem	meropenem			NO_GENOME_MATCH					NOT_EVALUATED	<=	1	<=	1			NOT_EVALUATED
1395	35756053	1D-142	gentamicin	gentamicin			NO_GENOME_MATCH					NOT_EVALUATED	<=	2	<=	2			NOT_EVALUATED
1396	35756053	1D-142	ciprofloxacin	ciprofloxacin			NO_GENOME_MATCH					NOT_EVALUATED	<=	0.5	<=	0.5			NOT_EVALUATED
1397	35756053	1D-142	cefoxitin	cefoxitin			NO_GENOME_MATCH					NOT_EVALUATED	=	8	=	8			NOT_EVALUATED
1398	35756053	1D-142	trimethoprim	trimethoprim			NO_GENOME_MATCH					NOT_EVALUATED	<=	0.5/9.5	<=	0.5/9.5			NOT_EVALUATED
1399	35756053	1D-142	tobramycin	tobramycin			NO_GENOME_MATCH					NOT_EVALUATED	<=	4	<=	4			NOT_EVALUATED
1400	35756053	1D-142	tigecycline	tigecycline			NO_GENOME_MATCH					NOT_EVALUATED	<=	1	<=	1			NOT_EVALUATED
1401	35756053	1D-142	tetracycline	tetracycline			NO_GENOME_MATCH					NOT_EVALUATED	=	2	=	2			NOT_EVALUATED
1402	35756053	1D-143	ampicillin	ampicillin			NO_GENOME_MATCH					NOT_EVALUATED	<=	4	<=	4			NOT_EVALUATED
1403	35756053	1D-143	cefazolin	cefazolin			NO_GENOME_MATCH					NOT_EVALUATED	<=	4	<=	4			NOT_EVALUATED
1404	35756053	1D-143	meropenem	meropenem			NO_GENOME_MATCH					NOT_EVALUATED	<=	1	<=	1			NOT_EVALUATED
1405	35756053	1D-143	gentamicin	gentamicin			NO_GENOME_MATCH					NOT_EVALUATED	<=	2	<=	2			NOT_EVALUATED
1406	35756053	1D-143	ciprofloxacin	ciprofloxacin			NO_GENOME_MATCH					NOT_EVALUATED	<=	0.5	<=	0.5			NOT_EVALUATED
1407	35756053	1D-143	cefoxitin	cefoxitin			NO_GENOME_MATCH					NOT_EVALUATED	=	8	=	8			NOT_EVALUATED
1408	35756053	1D-143	trimethoprim	trimethoprim			NO_GENOME_MATCH					NOT_EVALUATED	<=	0.5/9.5	<=	0.5/9.5			NOT_EVALUATED
1409	35756053	1D-143	tobramycin	tobramycin			NO_GENOME_MATCH					NOT_EVALUATED	<=	4	<=	4			NOT_EVALUATED
1410	35756053	1D-143	tigecycline	tigecycline			NO_GENOME_MATCH					NOT_EVALUATED	<=	1	<=	1			NOT_EVALUATED
1411	35756053	1D-143	tetracycline	tetracycline			NO_GENOME_MATCH					NOT_EVALUATED	=	2	=	2			NOT_EVALUATED
1412	35756053	1D-144	ampicillin	ampicillin			NO_GENOME_MATCH					NOT_EVALUATED	<=	4	<=	4			NOT_EVALUATED
1413	35756053	1D-144	cefazolin	cefazolin			NO_GENOME_MATCH					NOT_EVALUATED	<=	4	<=	4			NOT_EVALUATED
1414	35756053	1D-144	meropenem	meropenem			NO_GENOME_MATCH					NOT_EVALUATED	<=	1	<=	1			NOT_EVALUATED
1415	35756053	1D-144	gentamicin	gentamicin			NO_GENOME_MATCH					NOT_EVALUATED	<=	2	<=	2			NOT_EVALUATED
1416	35756053	1D-144	ciprofloxacin	ciprofloxacin			NO_GENOME_MATCH					NOT_EVALUATED	<=	0.5	<=	0.5			NOT_EVALUATED
1417	35756053	1D-144	cefoxitin	cefoxitin			NO_GENOME_MATCH					NOT_EVALUATED	<=	4	<=	4			NOT_EVALUATED
1418	35756053	1D-144	trimethoprim	trimethoprim			NO_GENOME_MATCH					NOT_EVALUATED	<=	0.5/9.5	<=	0.5/9.5			NOT_EVALUATED
1419	35756053	1D-144	tobramycin	tobramycin			NO_GENOME_MATCH					NOT_EVALUATED	<=	4	<=	4			NOT_EVALUATED
1420	35756053	1D-144	tigecycline	tigecycline			NO_GENOME_MATCH					NOT_EVALUATED	<=	1	<=	1			NOT_EVALUATED
1421	35756053	1D-144	tetracycline	tetracycline			NO_GENOME_MATCH					NOT_EVALUATED	=	2	=	2			NOT_EVALUATED
1422	35756053	1D-145	ampicillin	ampicillin			NO_GENOME_MATCH					NOT_EVALUATED	<=	4	<=	4			NOT_EVALUATED
1423	35756053	1D-145	cefazolin	cefazolin			NO_GENOME_MATCH					NOT_EVALUATED	<=	4	<=	4			NOT_EVALUATED
1424	35756053	1D-145	meropenem	meropenem			NO_GENOME_MATCH					NOT_EVALUATED	<=	1	<=	1			NOT_EVALUATED
1425	35756053	1D-145	gentamicin	gentamicin			NO_GENOME_MATCH					NOT_EVALUATED	<=	2	<=	2			NOT_EVALUATED
1426	35756053	1D-145	ciprofloxacin	ciprofloxacin			NO_GENOME_MATCH					NOT_EVALUATED	<=	0.5	<=	0.5			NOT_EVALUATED
1427	35756053	1D-145	cefoxitin	cefoxitin			NO_GENOME_MATCH					NOT_EVALUATED	<=	4	<=	4			NOT_EVALUATED
1428	35756053	1D-145	trimethoprim	trimethoprim			NO_GENOME_MATCH					NOT_EVALUATED	<=	0.5/9.5	<=	0.5/9.5			NOT_EVALUATED
1429	35756053	1D-145	tobramycin	tobramycin			NO_GENOME_MATCH					NOT_EVALUATED	<=	4	<=	4			NOT_EVALUATED
1430	35756053	1D-145	tigecycline	tigecycline			NO_GENOME_MATCH					NOT_EVALUATED	<=	1	<=	1			NOT_EVALUATED
1431	35756053	1D-145	tetracycline	tetracycline			NO_GENOME_MATCH					NOT_EVALUATED	=	2	=	2			NOT_EVALUATED
1432	35756053	1D-146	ampicillin	ampicillin			NO_GENOME_MATCH					NOT_EVALUATED	>	32	>	32			NOT_EVALUATED
1433	35756053	1D-146	cefazolin	cefazolin			NO_GENOME_MATCH					NOT_EVALUATED	<=	4	<=	4			NOT_EVALUATED
1434	35756053	1D-146	meropenem	meropenem			NO_GENOME_MATCH					NOT_EVALUATED	<=	1	<=	1			NOT_EVALUATED
1435	35756053	1D-146	gentamicin	gentamicin			NO_GENOME_MATCH					NOT_EVALUATED	<=	2	<=	2			NOT_EVALUATED
1436	35756053	1D-146	ciprofloxacin	ciprofloxacin			NO_GENOME_MATCH					NOT_EVALUATED	<=	0.5	<=	0.5			NOT_EVALUATED
1437	35756053	1D-146	cefoxitin	cefoxitin			NO_GENOME_MATCH					NOT_EVALUATED	<=	4	<=	4			NOT_EVALUATED
1438	35756053	1D-146	trimethoprim	trimethoprim			NO_GENOME_MATCH					NOT_EVALUATED	<=	0.5/9.5	<=	0.5/9.5			NOT_EVALUATED
1439	35756053	1D-146	tobramycin	tobramycin			NO_GENOME_MATCH					NOT_EVALUATED	<=	4	<=	4			NOT_EVALUATED
1440	35756053	1D-146	tigecycline	tigecycline			NO_GENOME_MATCH					NOT_EVALUATED	<=	1	<=	1			NOT_EVALUATED
1441	35756053	1D-146	tetracycline	tetracycline			NO_GENOME_MATCH					NOT_EVALUATED	=	2	=	2			NOT_EVALUATED
1442	35756053	1D-147	ampicillin	ampicillin			NO_GENOME_MATCH					NOT_EVALUATED	>	32	>	32			NOT_EVALUATED
1443	35756053	1D-147	cefazolin	cefazolin			NO_GENOME_MATCH					NOT_EVALUATED	<=	4	<=	4			NOT_EVALUATED
1444	35756053	1D-147	meropenem	meropenem			NO_GENOME_MATCH					NOT_EVALUATED	<=	1	<=	1			NOT_EVALUATED
1445	35756053	1D-147	gentamicin	gentamicin			NO_GENOME_MATCH					NOT_EVALUATED	<=	2	<=	2			NOT_EVALUATED
1446	35756053	1D-147	ciprofloxacin	ciprofloxacin			NO_GENOME_MATCH					NOT_EVALUATED	=	2	=	2			NOT_EVALUATED
1447	35756053	1D-147	cefoxitin	cefoxitin			NO_GENOME_MATCH					NOT_EVALUATED	<=	4	<=	4			NOT_EVALUATED
1448	35756053	1D-147	trimethoprim	trimethoprim			NO_GENOME_MATCH					NOT_EVALUATED	<=	0.5/9.5	<=	0.5/9.5			NOT_EVALUATED
1449	35756053	1D-147	tobramycin	tobramycin			NO_GENOME_MATCH					NOT_EVALUATED	<=	4	<=	4			NOT_EVALUATED
1450	35756053	1D-147	tigecycline	tigecycline			NO_GENOME_MATCH					NOT_EVALUATED	<=	1	<=	1			NOT_EVALUATED
1451	35756053	1D-147	tetracycline	tetracycline			NO_GENOME_MATCH					NOT_EVALUATED	=	2	=	2			NOT_EVALUATED
1452	35756053	1D-148	ampicillin	ampicillin			NO_GENOME_MATCH					NOT_EVALUATED	>	32	>	32			NOT_EVALUATED
1453	35756053	1D-148	cefazolin	cefazolin			NO_GENOME_MATCH					NOT_EVALUATED	<=	4	<=	4			NOT_EVALUATED
1454	35756053	1D-148	meropenem	meropenem			NO_GENOME_MATCH					NOT_EVALUATED	<=	1	<=	1			NOT_EVALUATED
1455	35756053	1D-148	gentamicin	gentamicin			NO_GENOME_MATCH					NOT_EVALUATED	<=	2	<=	2			NOT_EVALUATED
1456	35756053	1D-148	ciprofloxacin	ciprofloxacin			NO_GENOME_MATCH					NOT_EVALUATED	<=	0.5	<=	0.5			NOT_EVALUATED
1457	35756053	1D-148	cefoxitin	cefoxitin			NO_GENOME_MATCH					NOT_EVALUATED	<=	4	<=	4			NOT_EVALUATED
1458	35756053	1D-148	trimethoprim	trimethoprim			NO_GENOME_MATCH					NOT_EVALUATED	<=	0.5/9.5	<=	0.5/9.5			NOT_EVALUATED
1459	35756053	1D-148	tobramycin	tobramycin			NO_GENOME_MATCH					NOT_EVALUATED	<=	4	<=	4			NOT_EVALUATED
1460	35756053	1D-148	tigecycline	tigecycline			NO_GENOME_MATCH					NOT_EVALUATED	<=	1	<=	1			NOT_EVALUATED
1461	35756053	1D-148	tetracycline	tetracycline			NO_GENOME_MATCH					NOT_EVALUATED	>	16	>	16			NOT_EVALUATED
1462	35756053	1D-149	ampicillin	ampicillin			NO_GENOME_MATCH					NOT_EVALUATED	>	32	>	32			NOT_EVALUATED
1463	35756053	1D-149	cefazolin	cefazolin			NO_GENOME_MATCH					NOT_EVALUATED	<=	4	<=	4			NOT_EVALUATED
1464	35756053	1D-149	meropenem	meropenem			NO_GENOME_MATCH					NOT_EVALUATED	<=	1	<=	1			NOT_EVALUATED
1465	35756053	1D-149	gentamicin	gentamicin			NO_GENOME_MATCH					NOT_EVALUATED	<=	2	<=	2			NOT_EVALUATED
1466	35756053	1D-149	ciprofloxacin	ciprofloxacin			NO_GENOME_MATCH					NOT_EVALUATED	<=	0.5	<=	0.5			NOT_EVALUATED
1467	35756053	1D-149	cefoxitin	cefoxitin			NO_GENOME_MATCH					NOT_EVALUATED	<=	4	<=	4			NOT_EVALUATED
1468	35756053	1D-149	trimethoprim	trimethoprim			NO_GENOME_MATCH					NOT_EVALUATED	>	4/76	>	4/76			NOT_EVALUATED
1469	35756053	1D-149	tobramycin	tobramycin			NO_GENOME_MATCH					NOT_EVALUATED	<=	4	<=	4			NOT_EVALUATED
1470	35756053	1D-149	tigecycline	tigecycline			NO_GENOME_MATCH					NOT_EVALUATED	<=	1	<=	1			NOT_EVALUATED
1471	35756053	1D-149	tetracycline	tetracycline			NO_GENOME_MATCH					NOT_EVALUATED	>	16	>	16			NOT_EVALUATED
1472	35756053	1D-150	ampicillin	ampicillin			NO_GENOME_MATCH					NOT_EVALUATED	>	32	>	32			NOT_EVALUATED
1473	35756053	1D-150	cefazolin	cefazolin			NO_GENOME_MATCH					NOT_EVALUATED	=	16	=	16			NOT_EVALUATED
1474	35756053	1D-150	meropenem	meropenem			NO_GENOME_MATCH					NOT_EVALUATED	<=	1	<=	1			NOT_EVALUATED
1475	35756053	1D-150	gentamicin	gentamicin			NO_GENOME_MATCH					NOT_EVALUATED	<=	2	<=	2			NOT_EVALUATED
1476	35756053	1D-150	ciprofloxacin	ciprofloxacin			NO_GENOME_MATCH					NOT_EVALUATED	>	4	>	4			NOT_EVALUATED
1477	35756053	1D-150	cefoxitin	cefoxitin			NO_GENOME_MATCH					NOT_EVALUATED	<=	4	<=	4			NOT_EVALUATED
1478	35756053	1D-150	trimethoprim	trimethoprim			NO_GENOME_MATCH					NOT_EVALUATED	>	4/76	>	4/76			NOT_EVALUATED
1479	35756053	1D-150	tobramycin	tobramycin			NO_GENOME_MATCH					NOT_EVALUATED	<=	4	<=	4			NOT_EVALUATED
1480	35756053	1D-150	tigecycline	tigecycline			NO_GENOME_MATCH					NOT_EVALUATED	<=	1	<=	1			NOT_EVALUATED
1481	35756053	1D-150	tetracycline	tetracycline			NO_GENOME_MATCH					NOT_EVALUATED	=	2	=	2			NOT_EVALUATED
1482	35756053	1D-151	ampicillin	ampicillin			NO_GENOME_MATCH					NOT_EVALUATED	>	32	>	32			NOT_EVALUATED
1483	35756053	1D-151	cefazolin	cefazolin			NO_GENOME_MATCH					NOT_EVALUATED	<=	4	<=	4			NOT_EVALUATED
1484	35756053	1D-151	meropenem	meropenem			NO_GENOME_MATCH					NOT_EVALUATED	<=	1	<=	1			NOT_EVALUATED
1485	35756053	1D-151	gentamicin	gentamicin			NO_GENOME_MATCH					NOT_EVALUATED	<=	2	<=	2			NOT_EVALUATED
1486	35756053	1D-151	ciprofloxacin	ciprofloxacin			NO_GENOME_MATCH					NOT_EVALUATED	>	4	>	4			NOT_EVALUATED
1487	35756053	1D-151	cefoxitin	cefoxitin			NO_GENOME_MATCH					NOT_EVALUATED	<=	4	<=	4			NOT_EVALUATED
1488	35756053	1D-151	trimethoprim	trimethoprim			NO_GENOME_MATCH					NOT_EVALUATED	>	4/76	>	4/76			NOT_EVALUATED
1489	35756053	1D-151	tobramycin	tobramycin			NO_GENOME_MATCH					NOT_EVALUATED	<=	4	<=	4			NOT_EVALUATED
1490	35756053	1D-151	tigecycline	tigecycline			NO_GENOME_MATCH					NOT_EVALUATED	<=	1	<=	1			NOT_EVALUATED
1491	35756053	1D-151	tetracycline	tetracycline			NO_GENOME_MATCH					NOT_EVALUATED	>	16	>	16			NOT_EVALUATED
1492	35756053	1D-152	ampicillin	ampicillin			NO_GENOME_MATCH					NOT_EVALUATED	<=	4	<=	4			NOT_EVALUATED
1493	35756053	1D-152	cefazolin	cefazolin			NO_GENOME_MATCH					NOT_EVALUATED	<=	4	<=	4			NOT_EVALUATED
1494	35756053	1D-152	meropenem	meropenem			NO_GENOME_MATCH					NOT_EVALUATED	<=	1	<=	1			NOT_EVALUATED
1495	35756053	1D-152	gentamicin	gentamicin			NO_GENOME_MATCH					NOT_EVALUATED	<=	2	<=	2			NOT_EVALUATED
1496	35756053	1D-152	ciprofloxacin	ciprofloxacin			NO_GENOME_MATCH					NOT_EVALUATED	<=	0.5	<=	0.5			NOT_EVALUATED
1497	35756053	1D-152	cefoxitin	cefoxitin			NO_GENOME_MATCH					NOT_EVALUATED	<=	4	<=	4			NOT_EVALUATED
1498	35756053	1D-152	trimethoprim	trimethoprim			NO_GENOME_MATCH					NOT_EVALUATED	<=	0.5/9.5	<=	0.5/9.5			NOT_EVALUATED
1499	35756053	1D-152	tobramycin	tobramycin			NO_GENOME_MATCH					NOT_EVALUATED	<=	4	<=	4			NOT_EVALUATED
1500	35756053	1D-152	tigecycline	tigecycline			NO_GENOME_MATCH					NOT_EVALUATED	<=	1	<=	1			NOT_EVALUATED
1501	35756053	1D-152	tetracycline	tetracycline			NO_GENOME_MATCH					NOT_EVALUATED	=	2	=	2			NOT_EVALUATED
1502	35756053	1D-153	ampicillin	ampicillin			NO_GENOME_MATCH					NOT_EVALUATED	=	8	=	8			NOT_EVALUATED
1503	35756053	1D-153	cefazolin	cefazolin			NO_GENOME_MATCH					NOT_EVALUATED	<=	4	<=	4			NOT_EVALUATED
1504	35756053	1D-153	meropenem	meropenem			NO_GENOME_MATCH					NOT_EVALUATED	<=	1	<=	1			NOT_EVALUATED
1505	35756053	1D-153	gentamicin	gentamicin			NO_GENOME_MATCH					NOT_EVALUATED	<=	2	<=	2			NOT_EVALUATED
1506	35756053	1D-153	ciprofloxacin	ciprofloxacin			NO_GENOME_MATCH					NOT_EVALUATED	>	4	>	4			NOT_EVALUATED
1507	35756053	1D-153	cefoxitin	cefoxitin			NO_GENOME_MATCH					NOT_EVALUATED	=	16	=	16			NOT_EVALUATED
1508	35756053	1D-153	trimethoprim	trimethoprim			NO_GENOME_MATCH					NOT_EVALUATED	<=	0.5/9.5	<=	0.5/9.5			NOT_EVALUATED
1509	35756053	1D-153	tobramycin	tobramycin			NO_GENOME_MATCH					NOT_EVALUATED	<=	4	<=	4			NOT_EVALUATED
1510	35756053	1D-153	tigecycline	tigecycline			NO_GENOME_MATCH					NOT_EVALUATED	<=	1	<=	1			NOT_EVALUATED
1511	35756053	1D-153	tetracycline	tetracycline			NO_GENOME_MATCH					NOT_EVALUATED	=	4	=	4			NOT_EVALUATED
1512	35756053	1D-154	ampicillin	ampicillin			NO_GENOME_MATCH					NOT_EVALUATED	<=	4	<=	4			NOT_EVALUATED
1513	35756053	1D-154	cefazolin	cefazolin			NO_GENOME_MATCH					NOT_EVALUATED	<=	4	<=	4			NOT_EVALUATED
1514	35756053	1D-154	meropenem	meropenem			NO_GENOME_MATCH					NOT_EVALUATED	<=	1	<=	1			NOT_EVALUATED
1515	35756053	1D-154	gentamicin	gentamicin			NO_GENOME_MATCH					NOT_EVALUATED	<=	2	<=	2			NOT_EVALUATED
1516	35756053	1D-154	ciprofloxacin	ciprofloxacin			NO_GENOME_MATCH					NOT_EVALUATED	<=	0.5	<=	0.5			NOT_EVALUATED
1517	35756053	1D-154	cefoxitin	cefoxitin			NO_GENOME_MATCH					NOT_EVALUATED	<=	4	<=	4			NOT_EVALUATED
1518	35756053	1D-154	trimethoprim	trimethoprim			NO_GENOME_MATCH					NOT_EVALUATED	<=	0.5/9.5	<=	0.5/9.5			NOT_EVALUATED
1519	35756053	1D-154	tobramycin	tobramycin			NO_GENOME_MATCH					NOT_EVALUATED	<=	4	<=	4			NOT_EVALUATED
1520	35756053	1D-154	tigecycline	tigecycline			NO_GENOME_MATCH					NOT_EVALUATED	<=	1	<=	1			NOT_EVALUATED
1521	35756053	1D-154	tetracycline	tetracycline			NO_GENOME_MATCH					NOT_EVALUATED	=	2	=	2			NOT_EVALUATED
1522	35756053	1D-155	ampicillin	ampicillin			NO_GENOME_MATCH					NOT_EVALUATED	<=	4	<=	4			NOT_EVALUATED
1523	35756053	1D-155	cefazolin	cefazolin			NO_GENOME_MATCH					NOT_EVALUATED	<=	4	<=	4			NOT_EVALUATED
1524	35756053	1D-155	meropenem	meropenem			NO_GENOME_MATCH					NOT_EVALUATED	<=	1	<=	1			NOT_EVALUATED
1525	35756053	1D-155	gentamicin	gentamicin			NO_GENOME_MATCH					NOT_EVALUATED	<=	2	<=	2			NOT_EVALUATED
1526	35756053	1D-155	ciprofloxacin	ciprofloxacin			NO_GENOME_MATCH					NOT_EVALUATED	<=	0.5	<=	0.5			NOT_EVALUATED
1527	35756053	1D-155	cefoxitin	cefoxitin			NO_GENOME_MATCH					NOT_EVALUATED	<=	4	<=	4			NOT_EVALUATED
1528	35756053	1D-155	trimethoprim	trimethoprim			NO_GENOME_MATCH					NOT_EVALUATED	<=	0.5/9.5	<=	0.5/9.5			NOT_EVALUATED
1529	35756053	1D-155	tobramycin	tobramycin			NO_GENOME_MATCH					NOT_EVALUATED	<=	4	<=	4			NOT_EVALUATED
1530	35756053	1D-155	tigecycline	tigecycline			NO_GENOME_MATCH					NOT_EVALUATED	<=	1	<=	1			NOT_EVALUATED
1531	35756053	1D-155	tetracycline	tetracycline			NO_GENOME_MATCH					NOT_EVALUATED	=	2	=	2			NOT_EVALUATED
1532	35756053	1D-156	ampicillin	ampicillin			NO_GENOME_MATCH					NOT_EVALUATED	<=	4	<=	4			NOT_EVALUATED
1533	35756053	1D-156	cefazolin	cefazolin			NO_GENOME_MATCH					NOT_EVALUATED	<=	4	<=	4			NOT_EVALUATED
1534	35756053	1D-156	meropenem	meropenem			NO_GENOME_MATCH					NOT_EVALUATED	<=	1	<=	1			NOT_EVALUATED
1535	35756053	1D-156	gentamicin	gentamicin			NO_GENOME_MATCH					NOT_EVALUATED	<=	2	<=	2			NOT_EVALUATED
1536	35756053	1D-156	ciprofloxacin	ciprofloxacin			NO_GENOME_MATCH					NOT_EVALUATED	<=	0.5	<=	0.5			NOT_EVALUATED
1537	35756053	1D-156	cefoxitin	cefoxitin			NO_GENOME_MATCH					NOT_EVALUATED	<=	4	<=	4			NOT_EVALUATED
1538	35756053	1D-156	trimethoprim	trimethoprim			NO_GENOME_MATCH					NOT_EVALUATED	<=	0.5/9.5	<=	0.5/9.5			NOT_EVALUATED
1539	35756053	1D-156	tobramycin	tobramycin			NO_GENOME_MATCH					NOT_EVALUATED	<=	4	<=	4			NOT_EVALUATED
1540	35756053	1D-156	tigecycline	tigecycline			NO_GENOME_MATCH					NOT_EVALUATED	<=	1	<=	1			NOT_EVALUATED
1541	35756053	1D-156	tetracycline	tetracycline			NO_GENOME_MATCH					NOT_EVALUATED	>	16	>	16			NOT_EVALUATED
1542	35756053	1D-157	ampicillin	ampicillin			NO_GENOME_MATCH					NOT_EVALUATED	<=	4	<=	4			NOT_EVALUATED
1543	35756053	1D-157	cefazolin	cefazolin			NO_GENOME_MATCH					NOT_EVALUATED	<=	4	<=	4			NOT_EVALUATED
1544	35756053	1D-157	meropenem	meropenem			NO_GENOME_MATCH					NOT_EVALUATED	<=	1	<=	1			NOT_EVALUATED
1545	35756053	1D-157	gentamicin	gentamicin			NO_GENOME_MATCH					NOT_EVALUATED	<=	2	<=	2			NOT_EVALUATED
1546	35756053	1D-157	ciprofloxacin	ciprofloxacin			NO_GENOME_MATCH					NOT_EVALUATED	<=	0.5	<=	0.5			NOT_EVALUATED
1547	35756053	1D-157	cefoxitin	cefoxitin			NO_GENOME_MATCH					NOT_EVALUATED	<=	4	<=	4			NOT_EVALUATED
1548	35756053	1D-157	trimethoprim	trimethoprim			NO_GENOME_MATCH					NOT_EVALUATED	<=	0.5/9.5	<=	0.5/9.5			NOT_EVALUATED
1549	35756053	1D-157	tobramycin	tobramycin			NO_GENOME_MATCH					NOT_EVALUATED	<=	4	<=	4			NOT_EVALUATED
1550	35756053	1D-157	tigecycline	tigecycline			NO_GENOME_MATCH					NOT_EVALUATED	<=	1	<=	1			NOT_EVALUATED
1551	35756053	1D-157	tetracycline	tetracycline			NO_GENOME_MATCH					NOT_EVALUATED	=	2	=	2			NOT_EVALUATED
1552	35756053	1D-158	ampicillin	ampicillin			NO_GENOME_MATCH					NOT_EVALUATED	>	32	>	32			NOT_EVALUATED
1553	35756053	1D-158	cefazolin	cefazolin			NO_GENOME_MATCH					NOT_EVALUATED	>	32	>	32			NOT_EVALUATED
1554	35756053	1D-158	meropenem	meropenem			NO_GENOME_MATCH					NOT_EVALUATED	<=	1	<=	1			NOT_EVALUATED
1555	35756053	1D-158	gentamicin	gentamicin			NO_GENOME_MATCH					NOT_EVALUATED	<=	2	<=	2			NOT_EVALUATED
1556	35756053	1D-158	ciprofloxacin	ciprofloxacin			NO_GENOME_MATCH					NOT_EVALUATED	<=	0.5	<=	0.5			NOT_EVALUATED
1557	35756053	1D-158	cefoxitin	cefoxitin			NO_GENOME_MATCH					NOT_EVALUATED	<=	4	<=	4			NOT_EVALUATED
1558	35756053	1D-158	trimethoprim	trimethoprim			NO_GENOME_MATCH					NOT_EVALUATED	<=	0.5/9.5	<=	0.5/9.5			NOT_EVALUATED
1559	35756053	1D-158	tobramycin	tobramycin			NO_GENOME_MATCH					NOT_EVALUATED	<=	4	<=	4			NOT_EVALUATED
1560	35756053	1D-158	tigecycline	tigecycline			NO_GENOME_MATCH					NOT_EVALUATED	<=	1	<=	1			NOT_EVALUATED
1561	35756053	1D-158	tetracycline	tetracycline			NO_GENOME_MATCH					NOT_EVALUATED	=	2	=	2			NOT_EVALUATED
1562	35756053	1D-159	ampicillin	ampicillin			NO_GENOME_MATCH					NOT_EVALUATED	>	32	>	32			NOT_EVALUATED
1563	35756053	1D-159	cefazolin	cefazolin			NO_GENOME_MATCH					NOT_EVALUATED	<=	4	<=	4			NOT_EVALUATED
1564	35756053	1D-159	meropenem	meropenem			NO_GENOME_MATCH					NOT_EVALUATED	<=	1	<=	1			NOT_EVALUATED
1565	35756053	1D-159	gentamicin	gentamicin			NO_GENOME_MATCH					NOT_EVALUATED	<=	2	<=	2			NOT_EVALUATED
1566	35756053	1D-159	ciprofloxacin	ciprofloxacin			NO_GENOME_MATCH					NOT_EVALUATED	<=	0.5	<=	0.5			NOT_EVALUATED
1567	35756053	1D-159	cefoxitin	cefoxitin			NO_GENOME_MATCH					NOT_EVALUATED	<=	4	<=	4			NOT_EVALUATED
1568	35756053	1D-159	trimethoprim	trimethoprim			NO_GENOME_MATCH					NOT_EVALUATED	<=	0.5/9.5	<=	0.5/9.5			NOT_EVALUATED
1569	35756053	1D-159	tobramycin	tobramycin			NO_GENOME_MATCH					NOT_EVALUATED	<=	4	<=	4			NOT_EVALUATED
1570	35756053	1D-159	tigecycline	tigecycline			NO_GENOME_MATCH					NOT_EVALUATED	<=	1	<=	1			NOT_EVALUATED
1571	35756053	1D-159	tetracycline	tetracycline			NO_GENOME_MATCH					NOT_EVALUATED	=	2	=	2			NOT_EVALUATED
1572	35756053	1D-160	ampicillin	ampicillin			NO_GENOME_MATCH					NOT_EVALUATED	>	32	>	32			NOT_EVALUATED
1573	35756053	1D-160	cefazolin	cefazolin			NO_GENOME_MATCH					NOT_EVALUATED	<=	4	<=	4			NOT_EVALUATED
1574	35756053	1D-160	meropenem	meropenem			NO_GENOME_MATCH					NOT_EVALUATED	<=	1	<=	1			NOT_EVALUATED
1575	35756053	1D-160	gentamicin	gentamicin			NO_GENOME_MATCH					NOT_EVALUATED	<=	2	<=	2			NOT_EVALUATED
1576	35756053	1D-160	ciprofloxacin	ciprofloxacin			NO_GENOME_MATCH					NOT_EVALUATED	<=	0.5	<=	0.5			NOT_EVALUATED
1577	35756053	1D-160	cefoxitin	cefoxitin			NO_GENOME_MATCH					NOT_EVALUATED	=	8	=	8			NOT_EVALUATED
1578	35756053	1D-160	trimethoprim	trimethoprim			NO_GENOME_MATCH					NOT_EVALUATED	>	4/76	>	4/76			NOT_EVALUATED
1579	35756053	1D-160	tobramycin	tobramycin			NO_GENOME_MATCH					NOT_EVALUATED	<=	4	<=	4			NOT_EVALUATED
1580	35756053	1D-160	tigecycline	tigecycline			NO_GENOME_MATCH					NOT_EVALUATED	<=	1	<=	1			NOT_EVALUATED
1581	35756053	1D-160	tetracycline	tetracycline			NO_GENOME_MATCH					NOT_EVALUATED	=	2	=	2			NOT_EVALUATED
1582	35756053	1D-161	ampicillin	ampicillin			NO_GENOME_MATCH					NOT_EVALUATED	>	32	>	32			NOT_EVALUATED
1583	35756053	1D-161	cefazolin	cefazolin			NO_GENOME_MATCH					NOT_EVALUATED	<=	4	<=	4			NOT_EVALUATED
1584	35756053	1D-161	meropenem	meropenem			NO_GENOME_MATCH					NOT_EVALUATED	<=	1	<=	1			NOT_EVALUATED
1585	35756053	1D-161	gentamicin	gentamicin			NO_GENOME_MATCH					NOT_EVALUATED	<=	2	<=	2			NOT_EVALUATED
1586	35756053	1D-161	ciprofloxacin	ciprofloxacin			NO_GENOME_MATCH					NOT_EVALUATED	<=	0.5	<=	0.5			NOT_EVALUATED
1587	35756053	1D-161	cefoxitin	cefoxitin			NO_GENOME_MATCH					NOT_EVALUATED	<=	4	<=	4			NOT_EVALUATED
1588	35756053	1D-161	trimethoprim	trimethoprim			NO_GENOME_MATCH					NOT_EVALUATED	<=	0.5/9.5	<=	0.5/9.5			NOT_EVALUATED
1589	35756053	1D-161	tobramycin	tobramycin			NO_GENOME_MATCH					NOT_EVALUATED	<=	4	<=	4			NOT_EVALUATED
1590	35756053	1D-161	tigecycline	tigecycline			NO_GENOME_MATCH					NOT_EVALUATED	<=	1	<=	1			NOT_EVALUATED
1591	35756053	1D-161	tetracycline	tetracycline			NO_GENOME_MATCH					NOT_EVALUATED	>	16	>	16			NOT_EVALUATED
1592	35756053	1D-162	ampicillin	ampicillin			NO_GENOME_MATCH					NOT_EVALUATED	>	32	>	32			NOT_EVALUATED
1593	35756053	1D-162	cefazolin	cefazolin			NO_GENOME_MATCH					NOT_EVALUATED	<=	4	<=	4			NOT_EVALUATED
1594	35756053	1D-162	meropenem	meropenem			NO_GENOME_MATCH					NOT_EVALUATED	<=	1	<=	1			NOT_EVALUATED
1595	35756053	1D-162	gentamicin	gentamicin			NO_GENOME_MATCH					NOT_EVALUATED	<=	2	<=	2			NOT_EVALUATED
1596	35756053	1D-162	ciprofloxacin	ciprofloxacin			NO_GENOME_MATCH					NOT_EVALUATED	<=	0.5	<=	0.5			NOT_EVALUATED
1597	35756053	1D-162	cefoxitin	cefoxitin			NO_GENOME_MATCH					NOT_EVALUATED	<=	4	<=	4			NOT_EVALUATED
1598	35756053	1D-162	trimethoprim	trimethoprim			NO_GENOME_MATCH					NOT_EVALUATED	<=	0.5/9.5	<=	0.5/9.5			NOT_EVALUATED
1599	35756053	1D-162	tobramycin	tobramycin			NO_GENOME_MATCH					NOT_EVALUATED	<=	4	<=	4			NOT_EVALUATED
1600	35756053	1D-162	tigecycline	tigecycline			NO_GENOME_MATCH					NOT_EVALUATED	<=	1	<=	1			NOT_EVALUATED
1601	35756053	1D-162	tetracycline	tetracycline			NO_GENOME_MATCH					NOT_EVALUATED	>	16	>	16			NOT_EVALUATED
1602	35756053	1D-163	ampicillin	ampicillin			NO_GENOME_MATCH					NOT_EVALUATED	<=	4	<=	4			NOT_EVALUATED
1603	35756053	1D-163	cefazolin	cefazolin			NO_GENOME_MATCH					NOT_EVALUATED	<=	4	<=	4			NOT_EVALUATED
1604	35756053	1D-163	meropenem	meropenem			NO_GENOME_MATCH					NOT_EVALUATED	<=	1	<=	1			NOT_EVALUATED
1605	35756053	1D-163	gentamicin	gentamicin			NO_GENOME_MATCH					NOT_EVALUATED	<=	2	<=	2			NOT_EVALUATED
1606	35756053	1D-163	ciprofloxacin	ciprofloxacin			NO_GENOME_MATCH					NOT_EVALUATED	<=	0.5	<=	0.5			NOT_EVALUATED
1607	35756053	1D-163	cefoxitin	cefoxitin			NO_GENOME_MATCH					NOT_EVALUATED	<=	4	<=	4			NOT_EVALUATED
1608	35756053	1D-163	trimethoprim	trimethoprim			NO_GENOME_MATCH					NOT_EVALUATED	<=	0.5/9.5	<=	0.5/9.5			NOT_EVALUATED
1609	35756053	1D-163	tobramycin	tobramycin			NO_GENOME_MATCH					NOT_EVALUATED	<=	4	<=	4			NOT_EVALUATED
1610	35756053	1D-163	tigecycline	tigecycline			NO_GENOME_MATCH					NOT_EVALUATED	<=	1	<=	1			NOT_EVALUATED
1611	35756053	1D-163	tetracycline	tetracycline			NO_GENOME_MATCH					NOT_EVALUATED	=	2	=	2			NOT_EVALUATED
1612	35756053	1D-164	ampicillin	ampicillin			NO_GENOME_MATCH					NOT_EVALUATED	<=	4	<=	4			NOT_EVALUATED
1613	35756053	1D-164	cefazolin	cefazolin			NO_GENOME_MATCH					NOT_EVALUATED	<=	4	<=	4			NOT_EVALUATED
1614	35756053	1D-164	meropenem	meropenem			NO_GENOME_MATCH					NOT_EVALUATED	<=	1	<=	1			NOT_EVALUATED
1615	35756053	1D-164	gentamicin	gentamicin			NO_GENOME_MATCH					NOT_EVALUATED	<=	2	<=	2			NOT_EVALUATED
1616	35756053	1D-164	ciprofloxacin	ciprofloxacin			NO_GENOME_MATCH					NOT_EVALUATED	<=	0.5	<=	0.5			NOT_EVALUATED
1617	35756053	1D-164	cefoxitin	cefoxitin			NO_GENOME_MATCH					NOT_EVALUATED	<=	4	<=	4			NOT_EVALUATED
1618	35756053	1D-164	trimethoprim	trimethoprim			NO_GENOME_MATCH					NOT_EVALUATED	<=	0.5/9.5	<=	0.5/9.5			NOT_EVALUATED
1619	35756053	1D-164	tobramycin	tobramycin			NO_GENOME_MATCH					NOT_EVALUATED	<=	4	<=	4			NOT_EVALUATED
1620	35756053	1D-164	tigecycline	tigecycline			NO_GENOME_MATCH					NOT_EVALUATED	<=	1	<=	1			NOT_EVALUATED
1621	35756053	1D-164	tetracycline	tetracycline			NO_GENOME_MATCH					NOT_EVALUATED	=	4	=	4			NOT_EVALUATED
1622	35756053	1D-165	ampicillin	ampicillin			NO_GENOME_MATCH					NOT_EVALUATED	>	32	>	32			NOT_EVALUATED
1623	35756053	1D-165	cefazolin	cefazolin			NO_GENOME_MATCH					NOT_EVALUATED	<=	4	<=	4			NOT_EVALUATED
1624	35756053	1D-165	meropenem	meropenem			NO_GENOME_MATCH					NOT_EVALUATED	<=	1	<=	1			NOT_EVALUATED
1625	35756053	1D-165	gentamicin	gentamicin			NO_GENOME_MATCH					NOT_EVALUATED	<=	2	<=	2			NOT_EVALUATED
1626	35756053	1D-165	ciprofloxacin	ciprofloxacin			NO_GENOME_MATCH					NOT_EVALUATED	<=	0.5	<=	0.5			NOT_EVALUATED
1627	35756053	1D-165	cefoxitin	cefoxitin			NO_GENOME_MATCH					NOT_EVALUATED	<=	4	<=	4			NOT_EVALUATED
1628	35756053	1D-165	trimethoprim	trimethoprim			NO_GENOME_MATCH					NOT_EVALUATED	>	4/76	>	4/76			NOT_EVALUATED
1629	35756053	1D-165	tobramycin	tobramycin			NO_GENOME_MATCH					NOT_EVALUATED	<=	4	<=	4			NOT_EVALUATED
1630	35756053	1D-165	tigecycline	tigecycline			NO_GENOME_MATCH					NOT_EVALUATED	<=	1	<=	1			NOT_EVALUATED
1631	35756053	1D-165	tetracycline	tetracycline			NO_GENOME_MATCH					NOT_EVALUATED	>	16	>	16			NOT_EVALUATED
1632	35756053	1D-166	ampicillin	ampicillin			NO_GENOME_MATCH					NOT_EVALUATED	<=	4	<=	4			NOT_EVALUATED
1633	35756053	1D-166	cefazolin	cefazolin			NO_GENOME_MATCH					NOT_EVALUATED	<=	4	<=	4			NOT_EVALUATED
1634	35756053	1D-166	meropenem	meropenem			NO_GENOME_MATCH					NOT_EVALUATED	<=	1	<=	1			NOT_EVALUATED
1635	35756053	1D-166	gentamicin	gentamicin			NO_GENOME_MATCH					NOT_EVALUATED	<=	2	<=	2			NOT_EVALUATED
1636	35756053	1D-166	ciprofloxacin	ciprofloxacin			NO_GENOME_MATCH					NOT_EVALUATED	<=	0.5	<=	0.5			NOT_EVALUATED
1637	35756053	1D-166	cefoxitin	cefoxitin			NO_GENOME_MATCH					NOT_EVALUATED	<=	4	<=	4			NOT_EVALUATED
1638	35756053	1D-166	trimethoprim	trimethoprim			NO_GENOME_MATCH					NOT_EVALUATED	<=	0.5/9.5	<=	0.5/9.5			NOT_EVALUATED
1639	35756053	1D-166	tobramycin	tobramycin			NO_GENOME_MATCH					NOT_EVALUATED	<=	4	<=	4			NOT_EVALUATED
1640	35756053	1D-166	tigecycline	tigecycline			NO_GENOME_MATCH					NOT_EVALUATED	<=	1	<=	1			NOT_EVALUATED
1641	35756053	1D-166	tetracycline	tetracycline			NO_GENOME_MATCH					NOT_EVALUATED	>	16	>	16			NOT_EVALUATED
1642	35756053	1D-167	ampicillin	ampicillin			NO_GENOME_MATCH					NOT_EVALUATED	>	32	>	32			NOT_EVALUATED
1643	35756053	1D-167	cefazolin	cefazolin			NO_GENOME_MATCH					NOT_EVALUATED	<=	4	<=	4			NOT_EVALUATED
1644	35756053	1D-167	meropenem	meropenem			NO_GENOME_MATCH					NOT_EVALUATED	<=	1	<=	1			NOT_EVALUATED
1645	35756053	1D-167	gentamicin	gentamicin			NO_GENOME_MATCH					NOT_EVALUATED	<=	2	<=	2			NOT_EVALUATED
1646	35756053	1D-167	ciprofloxacin	ciprofloxacin			NO_GENOME_MATCH					NOT_EVALUATED	<=	0.5	<=	0.5			NOT_EVALUATED
1647	35756053	1D-167	cefoxitin	cefoxitin			NO_GENOME_MATCH					NOT_EVALUATED	<=	4	<=	4			NOT_EVALUATED
1648	35756053	1D-167	trimethoprim	trimethoprim			NO_GENOME_MATCH					NOT_EVALUATED	<=	0.5/9.5	<=	0.5/9.5			NOT_EVALUATED
1649	35756053	1D-167	tobramycin	tobramycin			NO_GENOME_MATCH					NOT_EVALUATED	<=	4	<=	4			NOT_EVALUATED
1650	35756053	1D-167	tigecycline	tigecycline			NO_GENOME_MATCH					NOT_EVALUATED	<=	1	<=	1			NOT_EVALUATED
1651	35756053	1D-167	tetracycline	tetracycline			NO_GENOME_MATCH					NOT_EVALUATED	=	2	=	2			NOT_EVALUATED
1652	35756053	1D-168	ampicillin	ampicillin			NO_GENOME_MATCH					NOT_EVALUATED	<=	4	<=	4			NOT_EVALUATED
1653	35756053	1D-168	cefazolin	cefazolin			NO_GENOME_MATCH					NOT_EVALUATED	<=	4	<=	4			NOT_EVALUATED
1654	35756053	1D-168	meropenem	meropenem			NO_GENOME_MATCH					NOT_EVALUATED	<=	1	<=	1			NOT_EVALUATED
1655	35756053	1D-168	gentamicin	gentamicin			NO_GENOME_MATCH					NOT_EVALUATED	<=	2	<=	2			NOT_EVALUATED
1656	35756053	1D-168	ciprofloxacin	ciprofloxacin			NO_GENOME_MATCH					NOT_EVALUATED	<=	0.5	<=	0.5			NOT_EVALUATED
1657	35756053	1D-168	cefoxitin	cefoxitin			NO_GENOME_MATCH					NOT_EVALUATED	<=	4	<=	4			NOT_EVALUATED
1658	35756053	1D-168	trimethoprim	trimethoprim			NO_GENOME_MATCH					NOT_EVALUATED	<=	0.5/9.5	<=	0.5/9.5			NOT_EVALUATED
1659	35756053	1D-168	tobramycin	tobramycin			NO_GENOME_MATCH					NOT_EVALUATED	<=	4	<=	4			NOT_EVALUATED
1660	35756053	1D-168	tigecycline	tigecycline			NO_GENOME_MATCH					NOT_EVALUATED	<=	1	<=	1			NOT_EVALUATED
1661	35756053	1D-168	tetracycline	tetracycline			NO_GENOME_MATCH					NOT_EVALUATED	=	2	=	2			NOT_EVALUATED
1662	35756053	1D-169	ampicillin	ampicillin			NO_GENOME_MATCH					NOT_EVALUATED	>	32	>	32			NOT_EVALUATED
1663	35756053	1D-169	cefazolin	cefazolin			NO_GENOME_MATCH					NOT_EVALUATED	>	32	>	32			NOT_EVALUATED
1664	35756053	1D-169	meropenem	meropenem			NO_GENOME_MATCH					NOT_EVALUATED	<=	1	<=	1			NOT_EVALUATED
1665	35756053	1D-169	gentamicin	gentamicin			NO_GENOME_MATCH					NOT_EVALUATED	<=	2	<=	2			NOT_EVALUATED
1666	35756053	1D-169	ciprofloxacin	ciprofloxacin			NO_GENOME_MATCH					NOT_EVALUATED	>	4	>	4			NOT_EVALUATED
1667	35756053	1D-169	cefoxitin	cefoxitin			NO_GENOME_MATCH					NOT_EVALUATED	=	8	=	8			NOT_EVALUATED
1668	35756053	1D-169	trimethoprim	trimethoprim			NO_GENOME_MATCH					NOT_EVALUATED	>	4/76	>	4/76			NOT_EVALUATED
1669	35756053	1D-169	tobramycin	tobramycin			NO_GENOME_MATCH					NOT_EVALUATED	>	8	>	8			NOT_EVALUATED
1670	35756053	1D-169	tigecycline	tigecycline			NO_GENOME_MATCH					NOT_EVALUATED	<=	1	<=	1			NOT_EVALUATED
1671	35756053	1D-169	tetracycline	tetracycline			NO_GENOME_MATCH					NOT_EVALUATED	=	4	=	4			NOT_EVALUATED
1672	35756053	1D-170	ampicillin	ampicillin			NO_GENOME_MATCH					NOT_EVALUATED	<=	4	<=	4			NOT_EVALUATED
1673	35756053	1D-170	cefazolin	cefazolin			NO_GENOME_MATCH					NOT_EVALUATED	<=	4	<=	4			NOT_EVALUATED
1674	35756053	1D-170	meropenem	meropenem			NO_GENOME_MATCH					NOT_EVALUATED	<=	1	<=	1			NOT_EVALUATED
1675	35756053	1D-170	gentamicin	gentamicin			NO_GENOME_MATCH					NOT_EVALUATED	<=	2	<=	2			NOT_EVALUATED
1676	35756053	1D-170	ciprofloxacin	ciprofloxacin			NO_GENOME_MATCH					NOT_EVALUATED	<=	0.5	<=	0.5			NOT_EVALUATED
1677	35756053	1D-170	cefoxitin	cefoxitin			NO_GENOME_MATCH					NOT_EVALUATED	<=	4	<=	4			NOT_EVALUATED
1678	35756053	1D-170	trimethoprim	trimethoprim			NO_GENOME_MATCH					NOT_EVALUATED	<=	0.5/9.5	<=	0.5/9.5			NOT_EVALUATED
1679	35756053	1D-170	tobramycin	tobramycin			NO_GENOME_MATCH					NOT_EVALUATED	<=	4	<=	4			NOT_EVALUATED
1680	35756053	1D-170	tigecycline	tigecycline			NO_GENOME_MATCH					NOT_EVALUATED	<=	1	<=	1			NOT_EVALUATED
1681	35756053	1D-170	tetracycline	tetracycline			NO_GENOME_MATCH					NOT_EVALUATED	=	4	=	4			NOT_EVALUATED
1682	35756053	1D-171	ampicillin	ampicillin			NO_GENOME_MATCH					NOT_EVALUATED	<=	4	<=	4			NOT_EVALUATED
1683	35756053	1D-171	cefazolin	cefazolin			NO_GENOME_MATCH					NOT_EVALUATED	<=	4	<=	4			NOT_EVALUATED
1684	35756053	1D-171	meropenem	meropenem			NO_GENOME_MATCH					NOT_EVALUATED	<=	1	<=	1			NOT_EVALUATED
1685	35756053	1D-171	gentamicin	gentamicin			NO_GENOME_MATCH					NOT_EVALUATED	<=	2	<=	2			NOT_EVALUATED
1686	35756053	1D-171	ciprofloxacin	ciprofloxacin			NO_GENOME_MATCH					NOT_EVALUATED	<=	0.5	<=	0.5			NOT_EVALUATED
1687	35756053	1D-171	cefoxitin	cefoxitin			NO_GENOME_MATCH					NOT_EVALUATED	=	8	=	8			NOT_EVALUATED
1688	35756053	1D-171	trimethoprim	trimethoprim			NO_GENOME_MATCH					NOT_EVALUATED	<=	0.5/9.5	<=	0.5/9.5			NOT_EVALUATED
1689	35756053	1D-171	tobramycin	tobramycin			NO_GENOME_MATCH					NOT_EVALUATED	<=	4	<=	4			NOT_EVALUATED
1690	35756053	1D-171	tigecycline	tigecycline			NO_GENOME_MATCH					NOT_EVALUATED	<=	1	<=	1			NOT_EVALUATED
1691	35756053	1D-171	tetracycline	tetracycline			NO_GENOME_MATCH					NOT_EVALUATED	=	4	=	4			NOT_EVALUATED
1692	35756053	1D-267	ampicillin	ampicillin			NO_GENOME_MATCH					NOT_EVALUATED	>	32	>	32			NOT_EVALUATED
1693	35756053	1D-267	cefazolin	cefazolin			NO_GENOME_MATCH					NOT_EVALUATED	<=	4	<=	4			NOT_EVALUATED
1694	35756053	1D-267	meropenem	meropenem			NO_GENOME_MATCH					NOT_EVALUATED	<=	1	<=	1			NOT_EVALUATED
1695	35756053	1D-267	gentamicin	gentamicin			NO_GENOME_MATCH					NOT_EVALUATED	<=	2	<=	2			NOT_EVALUATED
1696	35756053	1D-267	ciprofloxacin	ciprofloxacin			NO_GENOME_MATCH					NOT_EVALUATED	<=	0.5	<=	0.5			NOT_EVALUATED
1697	35756053	1D-267	cefoxitin	cefoxitin			NO_GENOME_MATCH					NOT_EVALUATED	<=	4	<=	4			NOT_EVALUATED
1698	35756053	1D-267	trimethoprim	trimethoprim			NO_GENOME_MATCH					NOT_EVALUATED	>	4/76	>	4/76			NOT_EVALUATED
1699	35756053	1D-267	tobramycin	tobramycin			NO_GENOME_MATCH					NOT_EVALUATED	<=	4	<=	4			NOT_EVALUATED
1700	35756053	1D-267	tigecycline	tigecycline			NO_GENOME_MATCH					NOT_EVALUATED	<=	1	<=	1			NOT_EVALUATED
1701	35756053	1D-267	tetracycline	tetracycline			NO_GENOME_MATCH					NOT_EVALUATED	=	2	=	2			NOT_EVALUATED
1702	35756053	1D-460	ampicillin	ampicillin			NO_GENOME_MATCH					NOT_EVALUATED	>	32	>	32			NOT_EVALUATED
1703	35756053	1D-460	cefazolin	cefazolin			NO_GENOME_MATCH					NOT_EVALUATED	<=	4	<=	4			NOT_EVALUATED
1704	35756053	1D-460	meropenem	meropenem			NO_GENOME_MATCH					NOT_EVALUATED	<=	1	<=	1			NOT_EVALUATED
1705	35756053	1D-460	gentamicin	gentamicin			NO_GENOME_MATCH					NOT_EVALUATED	<=	2	<=	2			NOT_EVALUATED
1706	35756053	1D-460	ciprofloxacin	ciprofloxacin			NO_GENOME_MATCH					NOT_EVALUATED	<=	0.5	<=	0.5			NOT_EVALUATED
1707	35756053	1D-460	cefoxitin	cefoxitin			NO_GENOME_MATCH					NOT_EVALUATED	<=	4	<=	4			NOT_EVALUATED
1708	35756053	1D-460	trimethoprim	trimethoprim			NO_GENOME_MATCH					NOT_EVALUATED	>	4/76	>	4/76			NOT_EVALUATED
1709	35756053	1D-460	tobramycin	tobramycin			NO_GENOME_MATCH					NOT_EVALUATED	<=	4	<=	4			NOT_EVALUATED
1710	35756053	1D-460	tigecycline	tigecycline			NO_GENOME_MATCH					NOT_EVALUATED	<=	1	<=	1			NOT_EVALUATED
1711	35756053	1D-460	tetracycline	tetracycline			NO_GENOME_MATCH					NOT_EVALUATED	=	2	=	2			NOT_EVALUATED
1712	35756053	1D-173	ampicillin	ampicillin			NO_GENOME_MATCH					NOT_EVALUATED	>	32	>	32			NOT_EVALUATED
1713	35756053	1D-173	cefazolin	cefazolin			NO_GENOME_MATCH					NOT_EVALUATED	=	8	=	8			NOT_EVALUATED
1714	35756053	1D-173	meropenem	meropenem			NO_GENOME_MATCH					NOT_EVALUATED	<=	1	<=	1			NOT_EVALUATED
1715	35756053	1D-173	gentamicin	gentamicin			NO_GENOME_MATCH					NOT_EVALUATED	<=	2	<=	2			NOT_EVALUATED
1716	35756053	1D-173	ciprofloxacin	ciprofloxacin			NO_GENOME_MATCH					NOT_EVALUATED	<=	0.5	<=	0.5			NOT_EVALUATED
1717	35756053	1D-173	cefoxitin	cefoxitin			NO_GENOME_MATCH					NOT_EVALUATED	<=	4	<=	4			NOT_EVALUATED
1718	35756053	1D-173	trimethoprim	trimethoprim			NO_GENOME_MATCH					NOT_EVALUATED	<=	0.5/9.5	<=	0.5/9.5			NOT_EVALUATED
1719	35756053	1D-173	tobramycin	tobramycin			NO_GENOME_MATCH					NOT_EVALUATED	<=	4	<=	4			NOT_EVALUATED
1720	35756053	1D-173	tigecycline	tigecycline			NO_GENOME_MATCH					NOT_EVALUATED	<=	1	<=	1			NOT_EVALUATED
1721	35756053	1D-173	tetracycline	tetracycline			NO_GENOME_MATCH					NOT_EVALUATED	=	1	=	1			NOT_EVALUATED
1722	35756053	1D-174	ampicillin	ampicillin			NO_GENOME_MATCH					NOT_EVALUATED	>	32	>	32			NOT_EVALUATED
1723	35756053	1D-174	cefazolin	cefazolin			NO_GENOME_MATCH					NOT_EVALUATED	=	32	=	32			NOT_EVALUATED
1724	35756053	1D-174	meropenem	meropenem			NO_GENOME_MATCH					NOT_EVALUATED	<=	1	<=	1			NOT_EVALUATED
1725	35756053	1D-174	gentamicin	gentamicin			NO_GENOME_MATCH					NOT_EVALUATED	<=	2	<=	2			NOT_EVALUATED
1726	35756053	1D-174	ciprofloxacin	ciprofloxacin			NO_GENOME_MATCH					NOT_EVALUATED	<=	0.5	<=	0.5			NOT_EVALUATED
1727	35756053	1D-174	cefoxitin	cefoxitin			NO_GENOME_MATCH					NOT_EVALUATED	<=	4	<=	4			NOT_EVALUATED
1728	35756053	1D-174	trimethoprim	trimethoprim			NO_GENOME_MATCH					NOT_EVALUATED	<=	0.5/9.5	<=	0.5/9.5			NOT_EVALUATED
1729	35756053	1D-174	tobramycin	tobramycin			NO_GENOME_MATCH					NOT_EVALUATED	<=	4	<=	4			NOT_EVALUATED
1730	35756053	1D-174	tigecycline	tigecycline			NO_GENOME_MATCH					NOT_EVALUATED	<=	1	<=	1			NOT_EVALUATED
1731	35756053	1D-174	tetracycline	tetracycline			NO_GENOME_MATCH					NOT_EVALUATED	=	1	=	1			NOT_EVALUATED
1732	35756053	1D-175	ampicillin	ampicillin			NO_GENOME_MATCH					NOT_EVALUATED	>	32	>	32			NOT_EVALUATED
1733	35756053	1D-175	cefazolin	cefazolin			NO_GENOME_MATCH					NOT_EVALUATED	>	32	>	32			NOT_EVALUATED
1734	35756053	1D-175	meropenem	meropenem			NO_GENOME_MATCH					NOT_EVALUATED	<=	1	<=	1			NOT_EVALUATED
1735	35756053	1D-175	gentamicin	gentamicin			NO_GENOME_MATCH					NOT_EVALUATED	<=	2	<=	2			NOT_EVALUATED
1736	35756053	1D-175	ciprofloxacin	ciprofloxacin			NO_GENOME_MATCH					NOT_EVALUATED	>	4	>	4			NOT_EVALUATED
1737	35756053	1D-175	cefoxitin	cefoxitin			NO_GENOME_MATCH					NOT_EVALUATED	<=	4	<=	4			NOT_EVALUATED
1738	35756053	1D-175	trimethoprim	trimethoprim			NO_GENOME_MATCH					NOT_EVALUATED	>	4/76	>	4/76			NOT_EVALUATED
1739	35756053	1D-175	tobramycin	tobramycin			NO_GENOME_MATCH					NOT_EVALUATED	<=	4	<=	4			NOT_EVALUATED
1740	35756053	1D-175	tigecycline	tigecycline			NO_GENOME_MATCH					NOT_EVALUATED	<=	1	<=	1			NOT_EVALUATED
1741	35756053	1D-175	tetracycline	tetracycline			NO_GENOME_MATCH					NOT_EVALUATED	=	1	=	1			NOT_EVALUATED
1742	35756053	1D-176	ampicillin	ampicillin			NO_GENOME_MATCH					NOT_EVALUATED	>	32	>	32			NOT_EVALUATED
1743	35756053	1D-176	cefazolin	cefazolin			NO_GENOME_MATCH					NOT_EVALUATED	>	32	>	32			NOT_EVALUATED
1744	35756053	1D-176	meropenem	meropenem			NO_GENOME_MATCH					NOT_EVALUATED	<=	1	<=	1			NOT_EVALUATED
1745	35756053	1D-176	gentamicin	gentamicin			NO_GENOME_MATCH					NOT_EVALUATED	<=	2	<=	2			NOT_EVALUATED
1746	35756053	1D-176	ciprofloxacin	ciprofloxacin			NO_GENOME_MATCH					NOT_EVALUATED	<=	0.5	<=	0.5			NOT_EVALUATED
1747	35756053	1D-176	cefoxitin	cefoxitin			NO_GENOME_MATCH					NOT_EVALUATED	<=	4	<=	4			NOT_EVALUATED
1748	35756053	1D-176	trimethoprim	trimethoprim			NO_GENOME_MATCH					NOT_EVALUATED	<=	0.5/9.5	<=	0.5/9.5			NOT_EVALUATED
1749	35756053	1D-176	tobramycin	tobramycin			NO_GENOME_MATCH					NOT_EVALUATED	<=	4	<=	4			NOT_EVALUATED
1750	35756053	1D-176	tigecycline	tigecycline			NO_GENOME_MATCH					NOT_EVALUATED	<=	1	<=	1			NOT_EVALUATED
1751	35756053	1D-176	tetracycline	tetracycline			NO_GENOME_MATCH					NOT_EVALUATED	=	1	=	1			NOT_EVALUATED
1752	35756053	1D-177	ampicillin	ampicillin			NO_GENOME_MATCH					NOT_EVALUATED	>	32	>	32			NOT_EVALUATED
1753	35756053	1D-177	cefazolin	cefazolin			NO_GENOME_MATCH					NOT_EVALUATED	=	32	=	32			NOT_EVALUATED
1754	35756053	1D-177	meropenem	meropenem			NO_GENOME_MATCH					NOT_EVALUATED	<=	1	<=	1			NOT_EVALUATED
1755	35756053	1D-177	gentamicin	gentamicin			NO_GENOME_MATCH					NOT_EVALUATED	<=	2	<=	2			NOT_EVALUATED
1756	35756053	1D-177	ciprofloxacin	ciprofloxacin			NO_GENOME_MATCH					NOT_EVALUATED	<=	0.5	<=	0.5			NOT_EVALUATED
1757	35756053	1D-177	cefoxitin	cefoxitin			NO_GENOME_MATCH					NOT_EVALUATED	<=	4	<=	4			NOT_EVALUATED
1758	35756053	1D-177	trimethoprim	trimethoprim			NO_GENOME_MATCH					NOT_EVALUATED	<=	0.5/9.5	<=	0.5/9.5			NOT_EVALUATED
1759	35756053	1D-177	tobramycin	tobramycin			NO_GENOME_MATCH					NOT_EVALUATED	<=	4	<=	4			NOT_EVALUATED
1760	35756053	1D-177	tigecycline	tigecycline			NO_GENOME_MATCH					NOT_EVALUATED	<=	1	<=	1			NOT_EVALUATED
1761	35756053	1D-177	tetracycline	tetracycline			NO_GENOME_MATCH					NOT_EVALUATED	=	1	=	1			NOT_EVALUATED
1762	35756053	1D-178	ampicillin	ampicillin			NO_GENOME_MATCH					NOT_EVALUATED	>	32	>	32			NOT_EVALUATED
1763	35756053	1D-178	cefazolin	cefazolin			NO_GENOME_MATCH					NOT_EVALUATED	=	16	=	16			NOT_EVALUATED
1764	35756053	1D-178	meropenem	meropenem			NO_GENOME_MATCH					NOT_EVALUATED	<=	1	<=	1			NOT_EVALUATED
1765	35756053	1D-178	gentamicin	gentamicin			NO_GENOME_MATCH					NOT_EVALUATED	<=	2	<=	2			NOT_EVALUATED
1766	35756053	1D-178	ciprofloxacin	ciprofloxacin			NO_GENOME_MATCH					NOT_EVALUATED	<=	0.5	<=	0.5			NOT_EVALUATED
1767	35756053	1D-178	cefoxitin	cefoxitin			NO_GENOME_MATCH					NOT_EVALUATED	<=	4	<=	4			NOT_EVALUATED
1768	35756053	1D-178	trimethoprim	trimethoprim			NO_GENOME_MATCH					NOT_EVALUATED	<=	0.5/9.5	<=	0.5/9.5			NOT_EVALUATED
1769	35756053	1D-178	tobramycin	tobramycin			NO_GENOME_MATCH					NOT_EVALUATED	<=	4	<=	4			NOT_EVALUATED
1770	35756053	1D-178	tigecycline	tigecycline			NO_GENOME_MATCH					NOT_EVALUATED	<=	1	<=	1			NOT_EVALUATED
1771	35756053	1D-178	tetracycline	tetracycline			NO_GENOME_MATCH					NOT_EVALUATED	=	1	=	1			NOT_EVALUATED
1772	35756053	1D-179	ampicillin	ampicillin			NO_GENOME_MATCH					NOT_EVALUATED	>	32	>	32			NOT_EVALUATED
1773	35756053	1D-179	cefazolin	cefazolin			NO_GENOME_MATCH					NOT_EVALUATED	<=	4	<=	4			NOT_EVALUATED
1774	35756053	1D-179	meropenem	meropenem			NO_GENOME_MATCH					NOT_EVALUATED	<=	1	<=	1			NOT_EVALUATED
1775	35756053	1D-179	gentamicin	gentamicin			NO_GENOME_MATCH					NOT_EVALUATED	<=	2	<=	2			NOT_EVALUATED
1776	35756053	1D-179	ciprofloxacin	ciprofloxacin			NO_GENOME_MATCH					NOT_EVALUATED	<=	0.5	<=	0.5			NOT_EVALUATED
1777	35756053	1D-179	cefoxitin	cefoxitin			NO_GENOME_MATCH					NOT_EVALUATED	<=	4	<=	4			NOT_EVALUATED
1778	35756053	1D-179	trimethoprim	trimethoprim			NO_GENOME_MATCH					NOT_EVALUATED	>	4/76	>	4/76			NOT_EVALUATED
1779	35756053	1D-179	tobramycin	tobramycin			NO_GENOME_MATCH					NOT_EVALUATED	<=	4	<=	4			NOT_EVALUATED
1780	35756053	1D-179	tigecycline	tigecycline			NO_GENOME_MATCH					NOT_EVALUATED	<=	1	<=	1			NOT_EVALUATED
1781	35756053	1D-179	tetracycline	tetracycline			NO_GENOME_MATCH					NOT_EVALUATED	>	16	>	16			NOT_EVALUATED
1782	35756053	1D-180	ampicillin	ampicillin			NO_GENOME_MATCH					NOT_EVALUATED	>	32	>	32			NOT_EVALUATED
1783	35756053	1D-180	cefazolin	cefazolin			NO_GENOME_MATCH					NOT_EVALUATED	=	16	=	16			NOT_EVALUATED
1784	35756053	1D-180	meropenem	meropenem			NO_GENOME_MATCH					NOT_EVALUATED	<=	1	<=	1			NOT_EVALUATED
1785	35756053	1D-180	gentamicin	gentamicin			NO_GENOME_MATCH					NOT_EVALUATED	<=	2	<=	2			NOT_EVALUATED
1786	35756053	1D-180	ciprofloxacin	ciprofloxacin			NO_GENOME_MATCH					NOT_EVALUATED	<=	0.5	<=	0.5			NOT_EVALUATED
1787	35756053	1D-180	cefoxitin	cefoxitin			NO_GENOME_MATCH					NOT_EVALUATED	<=	4	<=	4			NOT_EVALUATED
1788	35756053	1D-180	trimethoprim	trimethoprim			NO_GENOME_MATCH					NOT_EVALUATED	<=	0.5/9.5	<=	0.5/9.5			NOT_EVALUATED
1789	35756053	1D-180	tobramycin	tobramycin			NO_GENOME_MATCH					NOT_EVALUATED	<=	4	<=	4			NOT_EVALUATED
1790	35756053	1D-180	tigecycline	tigecycline			NO_GENOME_MATCH					NOT_EVALUATED	<=	1	<=	1			NOT_EVALUATED
1791	35756053	1D-180	tetracycline	tetracycline			NO_GENOME_MATCH					NOT_EVALUATED	=	2	=	2			NOT_EVALUATED
1792	35756053	1D-181	ampicillin	ampicillin			NO_GENOME_MATCH					NOT_EVALUATED	>	32	>	32			NOT_EVALUATED
1793	35756053	1D-181	cefazolin	cefazolin			NO_GENOME_MATCH					NOT_EVALUATED	=	16	=	16			NOT_EVALUATED
1794	35756053	1D-181	meropenem	meropenem			NO_GENOME_MATCH					NOT_EVALUATED	<=	1	<=	1			NOT_EVALUATED
1795	35756053	1D-181	gentamicin	gentamicin			NO_GENOME_MATCH					NOT_EVALUATED	<=	2	<=	2			NOT_EVALUATED
1796	35756053	1D-181	ciprofloxacin	ciprofloxacin			NO_GENOME_MATCH					NOT_EVALUATED	<=	0.5	<=	0.5			NOT_EVALUATED
1797	35756053	1D-181	cefoxitin	cefoxitin			NO_GENOME_MATCH					NOT_EVALUATED	<=	4	<=	4			NOT_EVALUATED
1798	35756053	1D-181	trimethoprim	trimethoprim			NO_GENOME_MATCH					NOT_EVALUATED	<=	0.5/9.5	<=	0.5/9.5			NOT_EVALUATED
1799	35756053	1D-181	tobramycin	tobramycin			NO_GENOME_MATCH					NOT_EVALUATED	<=	4	<=	4			NOT_EVALUATED
1800	35756053	1D-181	tigecycline	tigecycline			NO_GENOME_MATCH					NOT_EVALUATED	<=	1	<=	1			NOT_EVALUATED
1801	35756053	1D-181	tetracycline	tetracycline			NO_GENOME_MATCH					NOT_EVALUATED	=	1	=	1			NOT_EVALUATED
1802	35756053	1D-202	ampicillin	ampicillin			NO_GENOME_MATCH					NOT_EVALUATED	=	32	=	32			NOT_EVALUATED
1803	35756053	1D-202	cefazolin	cefazolin			NO_GENOME_MATCH					NOT_EVALUATED	=	16	=	16			NOT_EVALUATED
1804	35756053	1D-202	meropenem	meropenem			NO_GENOME_MATCH					NOT_EVALUATED	<=	1	<=	1			NOT_EVALUATED
1805	35756053	1D-202	gentamicin	gentamicin			NO_GENOME_MATCH					NOT_EVALUATED	<=	2	<=	2			NOT_EVALUATED
1806	35756053	1D-202	ciprofloxacin	ciprofloxacin			NO_GENOME_MATCH					NOT_EVALUATED	<=	0.5	<=	0.5			NOT_EVALUATED
1807	35756053	1D-202	cefoxitin	cefoxitin			NO_GENOME_MATCH					NOT_EVALUATED	<=	4	<=	4			NOT_EVALUATED
1808	35756053	1D-202	trimethoprim	trimethoprim			NO_GENOME_MATCH					NOT_EVALUATED	<=	0.5/9.5	<=	0.5/9.5			NOT_EVALUATED
1809	35756053	1D-202	tobramycin	tobramycin			NO_GENOME_MATCH					NOT_EVALUATED	<=	4	<=	4			NOT_EVALUATED
1810	35756053	1D-202	tigecycline	tigecycline			NO_GENOME_MATCH					NOT_EVALUATED	<=	1	<=	1			NOT_EVALUATED
1811	35756053	1D-202	tetracycline	tetracycline			NO_GENOME_MATCH					NOT_EVALUATED	=	1	=	1			NOT_EVALUATED
1812	35756053	1D-183	ampicillin	ampicillin			NO_GENOME_MATCH					NOT_EVALUATED	=	32	=	32			NOT_EVALUATED
1813	35756053	1D-183	cefazolin	cefazolin			NO_GENOME_MATCH					NOT_EVALUATED	<=	4	<=	4			NOT_EVALUATED
1814	35756053	1D-183	meropenem	meropenem			NO_GENOME_MATCH					NOT_EVALUATED	<=	1	<=	1			NOT_EVALUATED
1815	35756053	1D-183	gentamicin	gentamicin			NO_GENOME_MATCH					NOT_EVALUATED	<=	2	<=	2			NOT_EVALUATED
1816	35756053	1D-183	ciprofloxacin	ciprofloxacin			NO_GENOME_MATCH					NOT_EVALUATED	<=	0.5	<=	0.5			NOT_EVALUATED
1817	35756053	1D-183	cefoxitin	cefoxitin			NO_GENOME_MATCH					NOT_EVALUATED	<=	4	<=	4			NOT_EVALUATED
1818	35756053	1D-183	trimethoprim	trimethoprim			NO_GENOME_MATCH					NOT_EVALUATED	<=	0.5/9.5	<=	0.5/9.5			NOT_EVALUATED
1819	35756053	1D-183	tobramycin	tobramycin			NO_GENOME_MATCH					NOT_EVALUATED	<=	4	<=	4			NOT_EVALUATED
1820	35756053	1D-183	tigecycline	tigecycline			NO_GENOME_MATCH					NOT_EVALUATED	<=	1	<=	1			NOT_EVALUATED
1821	35756053	1D-183	tetracycline	tetracycline			NO_GENOME_MATCH					NOT_EVALUATED	=	2	=	2			NOT_EVALUATED
1822	35756053	1D-184	ampicillin	ampicillin			NO_GENOME_MATCH					NOT_EVALUATED	=	32	=	32			NOT_EVALUATED
1823	35756053	1D-184	cefazolin	cefazolin			NO_GENOME_MATCH					NOT_EVALUATED	<=	4	<=	4			NOT_EVALUATED
1824	35756053	1D-184	meropenem	meropenem			NO_GENOME_MATCH					NOT_EVALUATED	<=	1	<=	1			NOT_EVALUATED
1825	35756053	1D-184	gentamicin	gentamicin			NO_GENOME_MATCH					NOT_EVALUATED	<=	2	<=	2			NOT_EVALUATED
1826	35756053	1D-184	ciprofloxacin	ciprofloxacin			NO_GENOME_MATCH					NOT_EVALUATED	<=	0.5	<=	0.5			NOT_EVALUATED
1827	35756053	1D-184	cefoxitin	cefoxitin			NO_GENOME_MATCH					NOT_EVALUATED	<=	4	<=	4			NOT_EVALUATED
1828	35756053	1D-184	trimethoprim	trimethoprim			NO_GENOME_MATCH					NOT_EVALUATED	<=	0.5/9.5	<=	0.5/9.5			NOT_EVALUATED
1829	35756053	1D-184	tobramycin	tobramycin			NO_GENOME_MATCH					NOT_EVALUATED	<=	4	<=	4			NOT_EVALUATED
1830	35756053	1D-184	tigecycline	tigecycline			NO_GENOME_MATCH					NOT_EVALUATED	<=	1	<=	1			NOT_EVALUATED
1831	35756053	1D-184	tetracycline	tetracycline			NO_GENOME_MATCH					NOT_EVALUATED	=	2	=	2			NOT_EVALUATED
1832	35756053	1D-185	ampicillin	ampicillin			NO_GENOME_MATCH					NOT_EVALUATED	=	32	=	32			NOT_EVALUATED
1833	35756053	1D-185	cefazolin	cefazolin			NO_GENOME_MATCH					NOT_EVALUATED	<=	4	<=	4			NOT_EVALUATED
1834	35756053	1D-185	meropenem	meropenem			NO_GENOME_MATCH					NOT_EVALUATED	<=	1	<=	1			NOT_EVALUATED
1835	35756053	1D-185	gentamicin	gentamicin			NO_GENOME_MATCH					NOT_EVALUATED	<=	2	<=	2			NOT_EVALUATED
1836	35756053	1D-185	ciprofloxacin	ciprofloxacin			NO_GENOME_MATCH					NOT_EVALUATED	<=	0.5	<=	0.5			NOT_EVALUATED
1837	35756053	1D-185	cefoxitin	cefoxitin			NO_GENOME_MATCH					NOT_EVALUATED	<=	4	<=	4			NOT_EVALUATED
1838	35756053	1D-185	trimethoprim	trimethoprim			NO_GENOME_MATCH					NOT_EVALUATED	<=	0.5/9.5	<=	0.5/9.5			NOT_EVALUATED
1839	35756053	1D-185	tobramycin	tobramycin			NO_GENOME_MATCH					NOT_EVALUATED	<=	4	<=	4			NOT_EVALUATED
1840	35756053	1D-185	tigecycline	tigecycline			NO_GENOME_MATCH					NOT_EVALUATED	<=	1	<=	1			NOT_EVALUATED
1841	35756053	1D-185	tetracycline	tetracycline			NO_GENOME_MATCH					NOT_EVALUATED	=	2	=	2			NOT_EVALUATED
1842	35756053	1D-186	ampicillin	ampicillin			NO_GENOME_MATCH					NOT_EVALUATED	>	32	>	32			NOT_EVALUATED
1843	35756053	1D-186	cefazolin	cefazolin			NO_GENOME_MATCH					NOT_EVALUATED	<=	4	<=	4			NOT_EVALUATED
1844	35756053	1D-186	meropenem	meropenem			NO_GENOME_MATCH					NOT_EVALUATED	<=	1	<=	1			NOT_EVALUATED
1845	35756053	1D-186	gentamicin	gentamicin			NO_GENOME_MATCH					NOT_EVALUATED	<=	2	<=	2			NOT_EVALUATED
1846	35756053	1D-186	ciprofloxacin	ciprofloxacin			NO_GENOME_MATCH					NOT_EVALUATED	<=	0.5	<=	0.5			NOT_EVALUATED
1847	35756053	1D-186	cefoxitin	cefoxitin			NO_GENOME_MATCH					NOT_EVALUATED	<=	4	<=	4			NOT_EVALUATED
1848	35756053	1D-186	trimethoprim	trimethoprim			NO_GENOME_MATCH					NOT_EVALUATED	<=	0.5/9.5	<=	0.5/9.5			NOT_EVALUATED
1849	35756053	1D-186	tobramycin	tobramycin			NO_GENOME_MATCH					NOT_EVALUATED	<=	4	<=	4			NOT_EVALUATED
1850	35756053	1D-186	tigecycline	tigecycline			NO_GENOME_MATCH					NOT_EVALUATED	<=	1	<=	1			NOT_EVALUATED
1851	35756053	1D-186	tetracycline	tetracycline			NO_GENOME_MATCH					NOT_EVALUATED	=	4	=	4			NOT_EVALUATED
1852	35756053	1D-187	ampicillin	ampicillin			NO_GENOME_MATCH					NOT_EVALUATED	=	32	=	32			NOT_EVALUATED
1853	35756053	1D-187	cefazolin	cefazolin			NO_GENOME_MATCH					NOT_EVALUATED	<=	4	<=	4			NOT_EVALUATED
1854	35756053	1D-187	meropenem	meropenem			NO_GENOME_MATCH					NOT_EVALUATED	<=	1	<=	1			NOT_EVALUATED
1855	35756053	1D-187	gentamicin	gentamicin			NO_GENOME_MATCH					NOT_EVALUATED	<=	2	<=	2			NOT_EVALUATED
1856	35756053	1D-187	ciprofloxacin	ciprofloxacin			NO_GENOME_MATCH					NOT_EVALUATED	<=	0.5	<=	0.5			NOT_EVALUATED
1857	35756053	1D-187	cefoxitin	cefoxitin			NO_GENOME_MATCH					NOT_EVALUATED	<=	4	<=	4			NOT_EVALUATED
1858	35756053	1D-187	trimethoprim	trimethoprim			NO_GENOME_MATCH					NOT_EVALUATED	<=	0.5/9.5	<=	0.5/9.5			NOT_EVALUATED
1859	35756053	1D-187	tobramycin	tobramycin			NO_GENOME_MATCH					NOT_EVALUATED	<=	4	<=	4			NOT_EVALUATED
1860	35756053	1D-187	tigecycline	tigecycline			NO_GENOME_MATCH					NOT_EVALUATED	<=	1	<=	1			NOT_EVALUATED
1861	35756053	1D-187	tetracycline	tetracycline			NO_GENOME_MATCH					NOT_EVALUATED	=	2	=	2			NOT_EVALUATED
1862	35756053	1D-188	ampicillin	ampicillin			NO_GENOME_MATCH					NOT_EVALUATED	=	32	=	32			NOT_EVALUATED
1863	35756053	1D-188	cefazolin	cefazolin			NO_GENOME_MATCH					NOT_EVALUATED	<=	4	<=	4			NOT_EVALUATED
1864	35756053	1D-188	meropenem	meropenem			NO_GENOME_MATCH					NOT_EVALUATED	<=	1	<=	1			NOT_EVALUATED
1865	35756053	1D-188	gentamicin	gentamicin			NO_GENOME_MATCH					NOT_EVALUATED	<=	2	<=	2			NOT_EVALUATED
1866	35756053	1D-188	ciprofloxacin	ciprofloxacin			NO_GENOME_MATCH					NOT_EVALUATED	<=	0.5	<=	0.5			NOT_EVALUATED
1867	35756053	1D-188	cefoxitin	cefoxitin			NO_GENOME_MATCH					NOT_EVALUATED	<=	4	<=	4			NOT_EVALUATED
1868	35756053	1D-188	trimethoprim	trimethoprim			NO_GENOME_MATCH					NOT_EVALUATED	<=	0.5/9.5	<=	0.5/9.5			NOT_EVALUATED
1869	35756053	1D-188	tobramycin	tobramycin			NO_GENOME_MATCH					NOT_EVALUATED	<=	4	<=	4			NOT_EVALUATED
1870	35756053	1D-188	tigecycline	tigecycline			NO_GENOME_MATCH					NOT_EVALUATED	<=	1	<=	1			NOT_EVALUATED
1871	35756053	1D-188	tetracycline	tetracycline			NO_GENOME_MATCH					NOT_EVALUATED	=	2	=	2			NOT_EVALUATED
1872	35756053	1D-189	ampicillin	ampicillin			NO_GENOME_MATCH					NOT_EVALUATED	=	32	=	32			NOT_EVALUATED
1873	35756053	1D-189	cefazolin	cefazolin			NO_GENOME_MATCH					NOT_EVALUATED	<=	4	<=	4			NOT_EVALUATED
1874	35756053	1D-189	meropenem	meropenem			NO_GENOME_MATCH					NOT_EVALUATED	<=	1	<=	1			NOT_EVALUATED
1875	35756053	1D-189	gentamicin	gentamicin			NO_GENOME_MATCH					NOT_EVALUATED	<=	2	<=	2			NOT_EVALUATED
1876	35756053	1D-189	ciprofloxacin	ciprofloxacin			NO_GENOME_MATCH					NOT_EVALUATED	<=	0.5	<=	0.5			NOT_EVALUATED
1877	35756053	1D-189	cefoxitin	cefoxitin			NO_GENOME_MATCH					NOT_EVALUATED	<=	4	<=	4			NOT_EVALUATED
1878	35756053	1D-189	trimethoprim	trimethoprim			NO_GENOME_MATCH					NOT_EVALUATED	<=	0.5/9.5	<=	0.5/9.5			NOT_EVALUATED
1879	35756053	1D-189	tobramycin	tobramycin			NO_GENOME_MATCH					NOT_EVALUATED	<=	4	<=	4			NOT_EVALUATED
1880	35756053	1D-189	tigecycline	tigecycline			NO_GENOME_MATCH					NOT_EVALUATED	<=	1	<=	1			NOT_EVALUATED
1881	35756053	1D-189	tetracycline	tetracycline			NO_GENOME_MATCH					NOT_EVALUATED	=	2	=	2			NOT_EVALUATED
1882	35756053	1D-190	ampicillin	ampicillin			NO_GENOME_MATCH					NOT_EVALUATED	>	32	>	32			NOT_EVALUATED
1883	35756053	1D-190	cefazolin	cefazolin			NO_GENOME_MATCH					NOT_EVALUATED	>	32	>	32			NOT_EVALUATED
1884	35756053	1D-190	meropenem	meropenem			NO_GENOME_MATCH					NOT_EVALUATED	<=	1	<=	1			NOT_EVALUATED
1885	35756053	1D-190	gentamicin	gentamicin			NO_GENOME_MATCH					NOT_EVALUATED	>	16	>	16			NOT_EVALUATED
1886	35756053	1D-190	ciprofloxacin	ciprofloxacin			NO_GENOME_MATCH					NOT_EVALUATED	<=	0.5	<=	0.5			NOT_EVALUATED
1887	35756053	1D-190	cefoxitin	cefoxitin			NO_GENOME_MATCH					NOT_EVALUATED	<=	4	<=	4			NOT_EVALUATED
1888	35756053	1D-190	trimethoprim	trimethoprim			NO_GENOME_MATCH					NOT_EVALUATED	>	4/76	>	4/76			NOT_EVALUATED
1889	35756053	1D-190	tobramycin	tobramycin			NO_GENOME_MATCH					NOT_EVALUATED	<=	4	<=	4			NOT_EVALUATED
1890	35756053	1D-190	tigecycline	tigecycline			NO_GENOME_MATCH					NOT_EVALUATED	<=	1	<=	1			NOT_EVALUATED
1891	35756053	1D-190	tetracycline	tetracycline			NO_GENOME_MATCH					NOT_EVALUATED	>	16	>	16			NOT_EVALUATED
1892	35756053	1D-191	ampicillin	ampicillin			NO_GENOME_MATCH					NOT_EVALUATED	>	32	>	32			NOT_EVALUATED
1893	35756053	1D-191	cefazolin	cefazolin			NO_GENOME_MATCH					NOT_EVALUATED	=	16	=	16			NOT_EVALUATED
1894	35756053	1D-191	meropenem	meropenem			NO_GENOME_MATCH					NOT_EVALUATED	<=	1	<=	1			NOT_EVALUATED
1895	35756053	1D-191	gentamicin	gentamicin			NO_GENOME_MATCH					NOT_EVALUATED	<=	2	<=	2			NOT_EVALUATED
1896	35756053	1D-191	ciprofloxacin	ciprofloxacin			NO_GENOME_MATCH					NOT_EVALUATED	<=	0.5	<=	0.5			NOT_EVALUATED
1897	35756053	1D-191	cefoxitin	cefoxitin			NO_GENOME_MATCH					NOT_EVALUATED	<=	4	<=	4			NOT_EVALUATED
1898	35756053	1D-191	trimethoprim	trimethoprim			NO_GENOME_MATCH					NOT_EVALUATED	>	4/76	>	4/76			NOT_EVALUATED
1899	35756053	1D-191	tobramycin	tobramycin			NO_GENOME_MATCH					NOT_EVALUATED	<=	4	<=	4			NOT_EVALUATED
1900	35756053	1D-191	tigecycline	tigecycline			NO_GENOME_MATCH					NOT_EVALUATED	<=	1	<=	1			NOT_EVALUATED
1901	35756053	1D-191	tetracycline	tetracycline			NO_GENOME_MATCH					NOT_EVALUATED	=	2	=	2			NOT_EVALUATED
1902	35756053	1D-192	ampicillin	ampicillin			NO_GENOME_MATCH					NOT_EVALUATED	=	32	=	32			NOT_EVALUATED
1903	35756053	1D-192	cefazolin	cefazolin			NO_GENOME_MATCH					NOT_EVALUATED	<=	4	<=	4			NOT_EVALUATED
1904	35756053	1D-192	meropenem	meropenem			NO_GENOME_MATCH					NOT_EVALUATED	<=	1	<=	1			NOT_EVALUATED
1905	35756053	1D-192	gentamicin	gentamicin			NO_GENOME_MATCH					NOT_EVALUATED	<=	2	<=	2			NOT_EVALUATED
1906	35756053	1D-192	ciprofloxacin	ciprofloxacin			NO_GENOME_MATCH					NOT_EVALUATED	<=	0.5	<=	0.5			NOT_EVALUATED
1907	35756053	1D-192	cefoxitin	cefoxitin			NO_GENOME_MATCH					NOT_EVALUATED	<=	4	<=	4			NOT_EVALUATED
1908	35756053	1D-192	trimethoprim	trimethoprim			NO_GENOME_MATCH					NOT_EVALUATED	<=	0.5/9.5	<=	0.5/9.5			NOT_EVALUATED
1909	35756053	1D-192	tobramycin	tobramycin			NO_GENOME_MATCH					NOT_EVALUATED	<=	4	<=	4			NOT_EVALUATED
1910	35756053	1D-192	tigecycline	tigecycline			NO_GENOME_MATCH					NOT_EVALUATED	<=	1	<=	1			NOT_EVALUATED
1911	35756053	1D-192	tetracycline	tetracycline			NO_GENOME_MATCH					NOT_EVALUATED	=	2	=	2			NOT_EVALUATED
1912	35756053	1D-193	ampicillin	ampicillin			NO_GENOME_MATCH					NOT_EVALUATED	=	32	=	32			NOT_EVALUATED
1913	35756053	1D-193	cefazolin	cefazolin			NO_GENOME_MATCH					NOT_EVALUATED	<=	4	<=	4			NOT_EVALUATED
1914	35756053	1D-193	meropenem	meropenem			NO_GENOME_MATCH					NOT_EVALUATED	<=	1	<=	1			NOT_EVALUATED
1915	35756053	1D-193	gentamicin	gentamicin			NO_GENOME_MATCH					NOT_EVALUATED	<=	2	<=	2			NOT_EVALUATED
1916	35756053	1D-193	ciprofloxacin	ciprofloxacin			NO_GENOME_MATCH					NOT_EVALUATED	<=	0.5	<=	0.5			NOT_EVALUATED
1917	35756053	1D-193	cefoxitin	cefoxitin			NO_GENOME_MATCH					NOT_EVALUATED	<=	4	<=	4			NOT_EVALUATED
1918	35756053	1D-193	trimethoprim	trimethoprim			NO_GENOME_MATCH					NOT_EVALUATED	<=	0.5/9.5	<=	0.5/9.5			NOT_EVALUATED
1919	35756053	1D-193	tobramycin	tobramycin			NO_GENOME_MATCH					NOT_EVALUATED	<=	4	<=	4			NOT_EVALUATED
1920	35756053	1D-193	tigecycline	tigecycline			NO_GENOME_MATCH					NOT_EVALUATED	<=	1	<=	1			NOT_EVALUATED
1921	35756053	1D-193	tetracycline	tetracycline			NO_GENOME_MATCH					NOT_EVALUATED	=	2	=	2			NOT_EVALUATED
1922	35756053	1D-195	ampicillin	ampicillin			NO_GENOME_MATCH					NOT_EVALUATED	=	32	=	32			NOT_EVALUATED
1923	35756053	1D-195	cefazolin	cefazolin			NO_GENOME_MATCH					NOT_EVALUATED	<=	4	<=	4			NOT_EVALUATED
1924	35756053	1D-195	meropenem	meropenem			NO_GENOME_MATCH					NOT_EVALUATED	<=	1	<=	1			NOT_EVALUATED
1925	35756053	1D-195	gentamicin	gentamicin			NO_GENOME_MATCH					NOT_EVALUATED	<=	2	<=	2			NOT_EVALUATED
1926	35756053	1D-195	ciprofloxacin	ciprofloxacin			NO_GENOME_MATCH					NOT_EVALUATED	<=	0.5	<=	0.5			NOT_EVALUATED
1927	35756053	1D-195	cefoxitin	cefoxitin			NO_GENOME_MATCH					NOT_EVALUATED	<=	4	<=	4			NOT_EVALUATED
1928	35756053	1D-195	trimethoprim	trimethoprim			NO_GENOME_MATCH					NOT_EVALUATED	<=	0.5/9.5	<=	0.5/9.5			NOT_EVALUATED
1929	35756053	1D-195	tobramycin	tobramycin			NO_GENOME_MATCH					NOT_EVALUATED	<=	4	<=	4			NOT_EVALUATED
1930	35756053	1D-195	tigecycline	tigecycline			NO_GENOME_MATCH					NOT_EVALUATED	<=	1	<=	1			NOT_EVALUATED
1931	35756053	1D-195	tetracycline	tetracycline			NO_GENOME_MATCH					NOT_EVALUATED	=	2	=	2			NOT_EVALUATED
1932	35756053	1D-197	ampicillin	ampicillin			NO_GENOME_MATCH					NOT_EVALUATED	=	32	=	32			NOT_EVALUATED
1933	35756053	1D-197	cefazolin	cefazolin			NO_GENOME_MATCH					NOT_EVALUATED	<=	4	<=	4			NOT_EVALUATED
1934	35756053	1D-197	meropenem	meropenem			NO_GENOME_MATCH					NOT_EVALUATED	<=	1	<=	1			NOT_EVALUATED
1935	35756053	1D-197	gentamicin	gentamicin			NO_GENOME_MATCH					NOT_EVALUATED	<=	2	<=	2			NOT_EVALUATED
1936	35756053	1D-197	ciprofloxacin	ciprofloxacin			NO_GENOME_MATCH					NOT_EVALUATED	<=	0.5	<=	0.5			NOT_EVALUATED
1937	35756053	1D-197	cefoxitin	cefoxitin			NO_GENOME_MATCH					NOT_EVALUATED	<=	4	<=	4			NOT_EVALUATED
1938	35756053	1D-197	trimethoprim	trimethoprim			NO_GENOME_MATCH					NOT_EVALUATED	<=	0.5/9.5	<=	0.5/9.5			NOT_EVALUATED
1939	35756053	1D-197	tobramycin	tobramycin			NO_GENOME_MATCH					NOT_EVALUATED	<=	4	<=	4			NOT_EVALUATED
1940	35756053	1D-197	tigecycline	tigecycline			NO_GENOME_MATCH					NOT_EVALUATED	<=	1	<=	1			NOT_EVALUATED
1941	35756053	1D-197	tetracycline	tetracycline			NO_GENOME_MATCH					NOT_EVALUATED	=	2	=	2			NOT_EVALUATED
1942	35756053	1D-198	ampicillin	ampicillin			NO_GENOME_MATCH					NOT_EVALUATED	>	32	>	32			NOT_EVALUATED
1943	35756053	1D-198	cefazolin	cefazolin			NO_GENOME_MATCH					NOT_EVALUATED	<=	4	<=	4			NOT_EVALUATED
1944	35756053	1D-198	meropenem	meropenem			NO_GENOME_MATCH					NOT_EVALUATED	<=	1	<=	1			NOT_EVALUATED
1945	35756053	1D-198	gentamicin	gentamicin			NO_GENOME_MATCH					NOT_EVALUATED	<=	2	<=	2			NOT_EVALUATED
1946	35756053	1D-198	ciprofloxacin	ciprofloxacin			NO_GENOME_MATCH					NOT_EVALUATED	<=	0.5	<=	0.5			NOT_EVALUATED
1947	35756053	1D-198	cefoxitin	cefoxitin			NO_GENOME_MATCH					NOT_EVALUATED	<=	4	<=	4			NOT_EVALUATED
1948	35756053	1D-198	trimethoprim	trimethoprim			NO_GENOME_MATCH					NOT_EVALUATED	<=	0.5/9.5	<=	0.5/9.5			NOT_EVALUATED
1949	35756053	1D-198	tobramycin	tobramycin			NO_GENOME_MATCH					NOT_EVALUATED	<=	4	<=	4			NOT_EVALUATED
1950	35756053	1D-198	tigecycline	tigecycline			NO_GENOME_MATCH					NOT_EVALUATED	<=	1	<=	1			NOT_EVALUATED
1951	35756053	1D-198	tetracycline	tetracycline			NO_GENOME_MATCH					NOT_EVALUATED	=	2	=	2			NOT_EVALUATED
1952	35756053	1D-199	ampicillin	ampicillin			NO_GENOME_MATCH					NOT_EVALUATED	=	32	=	32			NOT_EVALUATED
1953	35756053	1D-199	cefazolin	cefazolin			NO_GENOME_MATCH					NOT_EVALUATED	<=	4	<=	4			NOT_EVALUATED
1954	35756053	1D-199	meropenem	meropenem			NO_GENOME_MATCH					NOT_EVALUATED	<=	1	<=	1			NOT_EVALUATED
1955	35756053	1D-199	gentamicin	gentamicin			NO_GENOME_MATCH					NOT_EVALUATED	<=	2	<=	2			NOT_EVALUATED
1956	35756053	1D-199	ciprofloxacin	ciprofloxacin			NO_GENOME_MATCH					NOT_EVALUATED	<=	0.5	<=	0.5			NOT_EVALUATED
1957	35756053	1D-199	cefoxitin	cefoxitin			NO_GENOME_MATCH					NOT_EVALUATED	<=	4	<=	4			NOT_EVALUATED
1958	35756053	1D-199	trimethoprim	trimethoprim			NO_GENOME_MATCH					NOT_EVALUATED	<=	0.5/9.5	<=	0.5/9.5			NOT_EVALUATED
1959	35756053	1D-199	tobramycin	tobramycin			NO_GENOME_MATCH					NOT_EVALUATED	<=	4	<=	4			NOT_EVALUATED
1960	35756053	1D-199	tigecycline	tigecycline			NO_GENOME_MATCH					NOT_EVALUATED	<=	1	<=	1			NOT_EVALUATED
1961	35756053	1D-199	tetracycline	tetracycline			NO_GENOME_MATCH					NOT_EVALUATED	=	2	=	2			NOT_EVALUATED
1962	35756053	1D-200	ampicillin	ampicillin			NO_GENOME_MATCH					NOT_EVALUATED	>	32	>	32			NOT_EVALUATED
1963	35756053	1D-200	cefazolin	cefazolin			NO_GENOME_MATCH					NOT_EVALUATED	>	32	>	32			NOT_EVALUATED
1964	35756053	1D-200	meropenem	meropenem			NO_GENOME_MATCH					NOT_EVALUATED	<=	1	<=	1			NOT_EVALUATED
1965	35756053	1D-200	gentamicin	gentamicin			NO_GENOME_MATCH					NOT_EVALUATED	<=	2	<=	2			NOT_EVALUATED
1966	35756053	1D-200	ciprofloxacin	ciprofloxacin			NO_GENOME_MATCH					NOT_EVALUATED	=	1	=	1			NOT_EVALUATED
1967	35756053	1D-200	cefoxitin	cefoxitin			NO_GENOME_MATCH					NOT_EVALUATED	=	32	=	32			NOT_EVALUATED
1968	35756053	1D-200	trimethoprim	trimethoprim			NO_GENOME_MATCH					NOT_EVALUATED	>	4/76	>	4/76			NOT_EVALUATED
1969	35756053	1D-200	tobramycin	tobramycin			NO_GENOME_MATCH					NOT_EVALUATED	<=	4	<=	4			NOT_EVALUATED
1970	35756053	1D-200	tigecycline	tigecycline			NO_GENOME_MATCH					NOT_EVALUATED	<=	1	<=	1			NOT_EVALUATED
1971	35756053	1D-200	tetracycline	tetracycline			NO_GENOME_MATCH					NOT_EVALUATED	=	4	=	4			NOT_EVALUATED
1972	35756053	1D-201	ampicillin	ampicillin			NO_GENOME_MATCH					NOT_EVALUATED	>	32	>	32			NOT_EVALUATED
1973	35756053	1D-201	cefazolin	cefazolin			NO_GENOME_MATCH					NOT_EVALUATED	<=	4	<=	4			NOT_EVALUATED
1974	35756053	1D-201	meropenem	meropenem			NO_GENOME_MATCH					NOT_EVALUATED	<=	1	<=	1			NOT_EVALUATED
1975	35756053	1D-201	gentamicin	gentamicin			NO_GENOME_MATCH					NOT_EVALUATED	<=	2	<=	2			NOT_EVALUATED
1976	35756053	1D-201	ciprofloxacin	ciprofloxacin			NO_GENOME_MATCH					NOT_EVALUATED	>	4	>	4			NOT_EVALUATED
1977	35756053	1D-201	cefoxitin	cefoxitin			NO_GENOME_MATCH					NOT_EVALUATED	=	8	=	8			NOT_EVALUATED
1978	35756053	1D-201	trimethoprim	trimethoprim			NO_GENOME_MATCH					NOT_EVALUATED	<=	0.5/9.5	<=	0.5/9.5			NOT_EVALUATED
1979	35756053	1D-201	tobramycin	tobramycin			NO_GENOME_MATCH					NOT_EVALUATED	<=	4	<=	4			NOT_EVALUATED
1980	35756053	1D-201	tigecycline	tigecycline			NO_GENOME_MATCH					NOT_EVALUATED	<=	1	<=	1			NOT_EVALUATED
1981	35756053	1D-201	tetracycline	tetracycline			NO_GENOME_MATCH					NOT_EVALUATED	=	8	=	8			NOT_EVALUATED
1982	35756053	1D-204	ampicillin	ampicillin			NO_GENOME_MATCH					NOT_EVALUATED	=	32	=	32			NOT_EVALUATED
1983	35756053	1D-204	cefazolin	cefazolin			NO_GENOME_MATCH					NOT_EVALUATED	<=	4	<=	4			NOT_EVALUATED
1984	35756053	1D-204	meropenem	meropenem			NO_GENOME_MATCH					NOT_EVALUATED	<=	1	<=	1			NOT_EVALUATED
1985	35756053	1D-204	gentamicin	gentamicin			NO_GENOME_MATCH					NOT_EVALUATED	<=	2	<=	2			NOT_EVALUATED
1986	35756053	1D-204	ciprofloxacin	ciprofloxacin			NO_GENOME_MATCH					NOT_EVALUATED	<=	0.5	<=	0.5			NOT_EVALUATED
1987	35756053	1D-204	cefoxitin	cefoxitin			NO_GENOME_MATCH					NOT_EVALUATED	<=	4	<=	4			NOT_EVALUATED
1988	35756053	1D-204	trimethoprim	trimethoprim			NO_GENOME_MATCH					NOT_EVALUATED	<=	0.5/9.5	<=	0.5/9.5			NOT_EVALUATED
1989	35756053	1D-204	tobramycin	tobramycin			NO_GENOME_MATCH					NOT_EVALUATED	<=	4	<=	4			NOT_EVALUATED
1990	35756053	1D-204	tigecycline	tigecycline			NO_GENOME_MATCH					NOT_EVALUATED	<=	1	<=	1			NOT_EVALUATED
1991	35756053	1D-204	tetracycline	tetracycline			NO_GENOME_MATCH					NOT_EVALUATED	=	1	=	1			NOT_EVALUATED
1992	35756053	1D-205	ampicillin	ampicillin			NO_GENOME_MATCH					NOT_EVALUATED	=	32	=	32			NOT_EVALUATED
1993	35756053	1D-205	cefazolin	cefazolin			NO_GENOME_MATCH					NOT_EVALUATED	<=	4	<=	4			NOT_EVALUATED
1994	35756053	1D-205	meropenem	meropenem			NO_GENOME_MATCH					NOT_EVALUATED	<=	1	<=	1			NOT_EVALUATED
1995	35756053	1D-205	gentamicin	gentamicin			NO_GENOME_MATCH					NOT_EVALUATED	<=	2	<=	2			NOT_EVALUATED
1996	35756053	1D-205	ciprofloxacin	ciprofloxacin			NO_GENOME_MATCH					NOT_EVALUATED	<=	0.5	<=	0.5			NOT_EVALUATED
1997	35756053	1D-205	cefoxitin	cefoxitin			NO_GENOME_MATCH					NOT_EVALUATED	<=	4	<=	4			NOT_EVALUATED
1998	35756053	1D-205	trimethoprim	trimethoprim			NO_GENOME_MATCH					NOT_EVALUATED	<=	0.5/9.5	<=	0.5/9.5			NOT_EVALUATED
1999	35756053	1D-205	tobramycin	tobramycin			NO_GENOME_MATCH					NOT_EVALUATED	<=	4	<=	4			NOT_EVALUATED
2000	35756053	1D-205	tigecycline	tigecycline			NO_GENOME_MATCH					NOT_EVALUATED	<=	1	<=	1			NOT_EVALUATED
2001	35756053	1D-205	tetracycline	tetracycline			NO_GENOME_MATCH					NOT_EVALUATED	=	2	=	2			NOT_EVALUATED
2002	35756053	1D-206	ampicillin	ampicillin			NO_GENOME_MATCH					NOT_EVALUATED	>	32	>	32			NOT_EVALUATED
2003	35756053	1D-206	cefazolin	cefazolin			NO_GENOME_MATCH					NOT_EVALUATED	=	16	=	16			NOT_EVALUATED
2004	35756053	1D-206	meropenem	meropenem			NO_GENOME_MATCH					NOT_EVALUATED	<=	1	<=	1			NOT_EVALUATED
2005	35756053	1D-206	gentamicin	gentamicin			NO_GENOME_MATCH					NOT_EVALUATED	<=	2	<=	2			NOT_EVALUATED
2006	35756053	1D-206	ciprofloxacin	ciprofloxacin			NO_GENOME_MATCH					NOT_EVALUATED	<=	0.5	<=	0.5			NOT_EVALUATED
2007	35756053	1D-206	cefoxitin	cefoxitin			NO_GENOME_MATCH					NOT_EVALUATED	<=	4	<=	4			NOT_EVALUATED
2008	35756053	1D-206	trimethoprim	trimethoprim			NO_GENOME_MATCH					NOT_EVALUATED	>	4/76	>	4/76			NOT_EVALUATED
2009	35756053	1D-206	tobramycin	tobramycin			NO_GENOME_MATCH					NOT_EVALUATED	<=	4	<=	4			NOT_EVALUATED
2010	35756053	1D-206	tigecycline	tigecycline			NO_GENOME_MATCH					NOT_EVALUATED	<=	1	<=	1			NOT_EVALUATED
2011	35756053	1D-206	tetracycline	tetracycline			NO_GENOME_MATCH					NOT_EVALUATED	=	2	=	2			NOT_EVALUATED
2012	35756053	1D-194	ampicillin	ampicillin			NO_GENOME_MATCH					NOT_EVALUATED	=	16	=	16			NOT_EVALUATED
2013	35756053	1D-194	cefazolin	cefazolin			NO_GENOME_MATCH					NOT_EVALUATED	<=	4	<=	4			NOT_EVALUATED
2014	35756053	1D-194	meropenem	meropenem			NO_GENOME_MATCH					NOT_EVALUATED	<=	1	<=	1			NOT_EVALUATED
2015	35756053	1D-194	gentamicin	gentamicin			NO_GENOME_MATCH					NOT_EVALUATED	<=	2	<=	2			NOT_EVALUATED
2016	35756053	1D-194	ciprofloxacin	ciprofloxacin			NO_GENOME_MATCH					NOT_EVALUATED	<=	0.5	<=	0.5			NOT_EVALUATED
2017	35756053	1D-194	cefoxitin	cefoxitin			NO_GENOME_MATCH					NOT_EVALUATED	<=	4	<=	4			NOT_EVALUATED
2018	35756053	1D-194	trimethoprim	trimethoprim			NO_GENOME_MATCH					NOT_EVALUATED	<=	0.5/9.5	<=	0.5/9.5			NOT_EVALUATED
2019	35756053	1D-194	tobramycin	tobramycin			NO_GENOME_MATCH					NOT_EVALUATED	<=	4	<=	4			NOT_EVALUATED
2020	35756053	1D-194	tigecycline	tigecycline			NO_GENOME_MATCH					NOT_EVALUATED	<=	1	<=	1			NOT_EVALUATED
2021	35756053	1D-194	tetracycline	tetracycline			NO_GENOME_MATCH					NOT_EVALUATED	=	2	=	2			NOT_EVALUATED
2022	35756053	1D-182	ampicillin	ampicillin			NO_GENOME_MATCH					NOT_EVALUATED	>	32	>	32			NOT_EVALUATED
2023	35756053	1D-182	cefazolin	cefazolin			NO_GENOME_MATCH					NOT_EVALUATED	=	16	=	16			NOT_EVALUATED
2024	35756053	1D-182	meropenem	meropenem			NO_GENOME_MATCH					NOT_EVALUATED	<=	1	<=	1			NOT_EVALUATED
2025	35756053	1D-182	gentamicin	gentamicin			NO_GENOME_MATCH					NOT_EVALUATED	<=	2	<=	2			NOT_EVALUATED
2026	35756053	1D-182	ciprofloxacin	ciprofloxacin			NO_GENOME_MATCH					NOT_EVALUATED	<=	0.5	<=	0.5			NOT_EVALUATED
2027	35756053	1D-182	cefoxitin	cefoxitin			NO_GENOME_MATCH					NOT_EVALUATED	<=	4	<=	4			NOT_EVALUATED
2028	35756053	1D-182	trimethoprim	trimethoprim			NO_GENOME_MATCH					NOT_EVALUATED	<=	0.5/9.5	<=	0.5/9.5			NOT_EVALUATED
2029	35756053	1D-182	tobramycin	tobramycin			NO_GENOME_MATCH					NOT_EVALUATED	<=	4	<=	4			NOT_EVALUATED
2030	35756053	1D-182	tigecycline	tigecycline			NO_GENOME_MATCH					NOT_EVALUATED	<=	1	<=	1			NOT_EVALUATED
2031	35756053	1D-182	tetracycline	tetracycline			NO_GENOME_MATCH					NOT_EVALUATED	=	4	=	4			NOT_EVALUATED
2032	35756053	1D-196	ampicillin	ampicillin			NO_GENOME_MATCH					NOT_EVALUATED	>	32	>	32			NOT_EVALUATED
2033	35756053	1D-196	cefazolin	cefazolin			NO_GENOME_MATCH					NOT_EVALUATED	<=	4	<=	4			NOT_EVALUATED
2034	35756053	1D-196	meropenem	meropenem			NO_GENOME_MATCH					NOT_EVALUATED	<=	1	<=	1			NOT_EVALUATED
2035	35756053	1D-196	gentamicin	gentamicin			NO_GENOME_MATCH					NOT_EVALUATED	<=	2	<=	2			NOT_EVALUATED
2036	35756053	1D-196	ciprofloxacin	ciprofloxacin			NO_GENOME_MATCH					NOT_EVALUATED	<=	0.5	<=	0.5			NOT_EVALUATED
2037	35756053	1D-196	cefoxitin	cefoxitin			NO_GENOME_MATCH					NOT_EVALUATED	<=	4	<=	4			NOT_EVALUATED
2038	35756053	1D-196	trimethoprim	trimethoprim			NO_GENOME_MATCH					NOT_EVALUATED	<=	0.5/9.5	<=	0.5/9.5			NOT_EVALUATED
2039	35756053	1D-196	tobramycin	tobramycin			NO_GENOME_MATCH					NOT_EVALUATED	<=	4	<=	4			NOT_EVALUATED
2040	35756053	1D-196	tigecycline	tigecycline			NO_GENOME_MATCH					NOT_EVALUATED	<=	1	<=	1			NOT_EVALUATED
2041	35756053	1D-196	tetracycline	tetracycline			NO_GENOME_MATCH					NOT_EVALUATED	=	2	=	2			NOT_EVALUATED
2042	35756053	1D-203	ampicillin	ampicillin			NO_GENOME_MATCH					NOT_EVALUATED	>	32	>	32			NOT_EVALUATED
2043	35756053	1D-203	cefazolin	cefazolin			NO_GENOME_MATCH					NOT_EVALUATED	<=	4	<=	4			NOT_EVALUATED
2044	35756053	1D-203	meropenem	meropenem			NO_GENOME_MATCH					NOT_EVALUATED	<=	1	<=	1			NOT_EVALUATED
2045	35756053	1D-203	gentamicin	gentamicin			NO_GENOME_MATCH					NOT_EVALUATED	<=	2	<=	2			NOT_EVALUATED
2046	35756053	1D-203	ciprofloxacin	ciprofloxacin			NO_GENOME_MATCH					NOT_EVALUATED	<=	0.5	<=	0.5			NOT_EVALUATED
2047	35756053	1D-203	cefoxitin	cefoxitin			NO_GENOME_MATCH					NOT_EVALUATED	<=	4	<=	4			NOT_EVALUATED
2048	35756053	1D-203	trimethoprim	trimethoprim			NO_GENOME_MATCH					NOT_EVALUATED	<=	0.5/9.5	<=	0.5/9.5			NOT_EVALUATED
2049	35756053	1D-203	tobramycin	tobramycin			NO_GENOME_MATCH					NOT_EVALUATED	<=	4	<=	4			NOT_EVALUATED
2050	35756053	1D-203	tigecycline	tigecycline			NO_GENOME_MATCH					NOT_EVALUATED	<=	1	<=	1			NOT_EVALUATED
2051	35756053	1D-203	tetracycline	tetracycline			NO_GENOME_MATCH					NOT_EVALUATED	=	2	=	2			NOT_EVALUATED
2052	35756053	1D-227	ampicillin	ampicillin			NO_GENOME_MATCH					NOT_EVALUATED	>	32	>	32			NOT_EVALUATED
2053	35756053	1D-227	cefazolin	cefazolin			NO_GENOME_MATCH					NOT_EVALUATED	>	32	>	32			NOT_EVALUATED
2054	35756053	1D-227	meropenem	meropenem			NO_GENOME_MATCH					NOT_EVALUATED	<=	1	<=	1			NOT_EVALUATED
2055	35756053	1D-227	gentamicin	gentamicin			NO_GENOME_MATCH					NOT_EVALUATED	<=	2	<=	2			NOT_EVALUATED
2056	35756053	1D-227	ciprofloxacin	ciprofloxacin			NO_GENOME_MATCH					NOT_EVALUATED	<=	0.5	<=	0.5			NOT_EVALUATED
2057	35756053	1D-227	cefoxitin	cefoxitin			NO_GENOME_MATCH					NOT_EVALUATED	>	32	>	32			NOT_EVALUATED
2058	35756053	1D-227	trimethoprim	trimethoprim			NO_GENOME_MATCH					NOT_EVALUATED	<=	0.5/9.5	<=	0.5/9.5			NOT_EVALUATED
2059	35756053	1D-227	tobramycin	tobramycin			NO_GENOME_MATCH					NOT_EVALUATED	<=	4	<=	4			NOT_EVALUATED
2060	35756053	1D-227	tigecycline	tigecycline			NO_GENOME_MATCH					NOT_EVALUATED	=	2	=	2			NOT_EVALUATED
2061	35756053	1D-227	tetracycline	tetracycline			NO_GENOME_MATCH					NOT_EVALUATED	=	16	=	16			NOT_EVALUATED
2062	35756053	1D-228	ampicillin	ampicillin			NO_GENOME_MATCH					NOT_EVALUATED	>	32	>	32			NOT_EVALUATED
2063	35756053	1D-228	cefazolin	cefazolin			NO_GENOME_MATCH					NOT_EVALUATED	>	32	>	32			NOT_EVALUATED
2064	35756053	1D-228	meropenem	meropenem			NO_GENOME_MATCH					NOT_EVALUATED	<=	1	<=	1			NOT_EVALUATED
2065	35756053	1D-228	gentamicin	gentamicin			NO_GENOME_MATCH					NOT_EVALUATED	<=	2	<=	2			NOT_EVALUATED
2066	35756053	1D-228	ciprofloxacin	ciprofloxacin			NO_GENOME_MATCH					NOT_EVALUATED	<=	0.5	<=	0.5			NOT_EVALUATED
2067	35756053	1D-228	cefoxitin	cefoxitin			NO_GENOME_MATCH					NOT_EVALUATED	>	32	>	32			NOT_EVALUATED
2068	35756053	1D-228	trimethoprim	trimethoprim			NO_GENOME_MATCH					NOT_EVALUATED	<=	0.5/9.5	<=	0.5/9.5			NOT_EVALUATED
2069	35756053	1D-228	tobramycin	tobramycin			NO_GENOME_MATCH					NOT_EVALUATED	<=	4	<=	4			NOT_EVALUATED
2070	35756053	1D-228	tigecycline	tigecycline			NO_GENOME_MATCH					NOT_EVALUATED	<=	1	<=	1			NOT_EVALUATED
2071	35756053	1D-228	tetracycline	tetracycline			NO_GENOME_MATCH					NOT_EVALUATED	=	2	=	2			NOT_EVALUATED
2072	35756053	1D-219	ampicillin	ampicillin			NO_GENOME_MATCH					NOT_EVALUATED	>	32	>	32			NOT_EVALUATED
2073	35756053	1D-219	cefazolin	cefazolin			NO_GENOME_MATCH					NOT_EVALUATED	>	32	>	32			NOT_EVALUATED
2074	35756053	1D-219	meropenem	meropenem			NO_GENOME_MATCH					NOT_EVALUATED	<=	1	<=	1			NOT_EVALUATED
2075	35756053	1D-219	gentamicin	gentamicin			NO_GENOME_MATCH					NOT_EVALUATED	<=	2	<=	2			NOT_EVALUATED
2076	35756053	1D-219	ciprofloxacin	ciprofloxacin			NO_GENOME_MATCH					NOT_EVALUATED	<=	0.5	<=	0.5			NOT_EVALUATED
2077	35756053	1D-219	cefoxitin	cefoxitin			NO_GENOME_MATCH					NOT_EVALUATED	>	32	>	32			NOT_EVALUATED
2078	35756053	1D-219	trimethoprim	trimethoprim			NO_GENOME_MATCH					NOT_EVALUATED	<=	0.5/9.5	<=	0.5/9.5			NOT_EVALUATED
2079	35756053	1D-219	tobramycin	tobramycin			NO_GENOME_MATCH					NOT_EVALUATED	<=	4	<=	4			NOT_EVALUATED
2080	35756053	1D-219	tigecycline	tigecycline			NO_GENOME_MATCH					NOT_EVALUATED	<=	1	<=	1			NOT_EVALUATED
2081	35756053	1D-219	tetracycline	tetracycline			NO_GENOME_MATCH					NOT_EVALUATED	=	2	=	2			NOT_EVALUATED
2082	35756053	1D-229	ampicillin	ampicillin			NO_GENOME_MATCH					NOT_EVALUATED	>	32	>	32			NOT_EVALUATED
2083	35756053	1D-229	cefazolin	cefazolin			NO_GENOME_MATCH					NOT_EVALUATED	>	32	>	32			NOT_EVALUATED
2084	35756053	1D-229	meropenem	meropenem			NO_GENOME_MATCH					NOT_EVALUATED	<=	1	<=	1			NOT_EVALUATED
2085	35756053	1D-229	gentamicin	gentamicin			NO_GENOME_MATCH					NOT_EVALUATED	<=	2	<=	2			NOT_EVALUATED
2086	35756053	1D-229	ciprofloxacin	ciprofloxacin			NO_GENOME_MATCH					NOT_EVALUATED	<=	0.5	<=	0.5			NOT_EVALUATED
2087	35756053	1D-229	cefoxitin	cefoxitin			NO_GENOME_MATCH					NOT_EVALUATED	>	32	>	32			NOT_EVALUATED
2088	35756053	1D-229	trimethoprim	trimethoprim			NO_GENOME_MATCH					NOT_EVALUATED	<=	0.5/9.5	<=	0.5/9.5			NOT_EVALUATED
2089	35756053	1D-229	tobramycin	tobramycin			NO_GENOME_MATCH					NOT_EVALUATED	<=	4	<=	4			NOT_EVALUATED
2090	35756053	1D-229	tigecycline	tigecycline			NO_GENOME_MATCH					NOT_EVALUATED	<=	1	<=	1			NOT_EVALUATED
2091	35756053	1D-229	tetracycline	tetracycline			NO_GENOME_MATCH					NOT_EVALUATED	=	2	=	2			NOT_EVALUATED
2092	35756053	1D-230	ampicillin	ampicillin			NO_GENOME_MATCH					NOT_EVALUATED	>	32	>	32			NOT_EVALUATED
2093	35756053	1D-230	cefazolin	cefazolin			NO_GENOME_MATCH					NOT_EVALUATED	>	32	>	32			NOT_EVALUATED
2094	35756053	1D-230	meropenem	meropenem			NO_GENOME_MATCH					NOT_EVALUATED	<=	1	<=	1			NOT_EVALUATED
2095	35756053	1D-230	gentamicin	gentamicin			NO_GENOME_MATCH					NOT_EVALUATED	<=	2	<=	2			NOT_EVALUATED
2096	35756053	1D-230	ciprofloxacin	ciprofloxacin			NO_GENOME_MATCH					NOT_EVALUATED	<=	0.5	<=	0.5			NOT_EVALUATED
2097	35756053	1D-230	cefoxitin	cefoxitin			NO_GENOME_MATCH					NOT_EVALUATED	>	32	>	32			NOT_EVALUATED
2098	35756053	1D-230	trimethoprim	trimethoprim			NO_GENOME_MATCH					NOT_EVALUATED	<=	0.5/9.5	<=	0.5/9.5			NOT_EVALUATED
2099	35756053	1D-230	tobramycin	tobramycin			NO_GENOME_MATCH					NOT_EVALUATED	<=	4	<=	4			NOT_EVALUATED
2100	35756053	1D-230	tigecycline	tigecycline			NO_GENOME_MATCH					NOT_EVALUATED	<=	1	<=	1			NOT_EVALUATED
2101	35756053	1D-230	tetracycline	tetracycline			NO_GENOME_MATCH					NOT_EVALUATED	=	2	=	2			NOT_EVALUATED
2102	35756053	1D-231	ampicillin	ampicillin			NO_GENOME_MATCH					NOT_EVALUATED	>	32	>	32			NOT_EVALUATED
2103	35756053	1D-231	cefazolin	cefazolin			NO_GENOME_MATCH					NOT_EVALUATED	>	32	>	32			NOT_EVALUATED
2104	35756053	1D-231	meropenem	meropenem			NO_GENOME_MATCH					NOT_EVALUATED	<=	1	<=	1			NOT_EVALUATED
2105	35756053	1D-231	gentamicin	gentamicin			NO_GENOME_MATCH					NOT_EVALUATED	<=	2	<=	2			NOT_EVALUATED
2106	35756053	1D-231	ciprofloxacin	ciprofloxacin			NO_GENOME_MATCH					NOT_EVALUATED	<=	0.5	<=	0.5			NOT_EVALUATED
2107	35756053	1D-231	cefoxitin	cefoxitin			NO_GENOME_MATCH					NOT_EVALUATED	>	32	>	32			NOT_EVALUATED
2108	35756053	1D-231	trimethoprim	trimethoprim			NO_GENOME_MATCH					NOT_EVALUATED	<=	0.5/9.5	<=	0.5/9.5			NOT_EVALUATED
2109	35756053	1D-231	tobramycin	tobramycin			NO_GENOME_MATCH					NOT_EVALUATED	<=	4	<=	4			NOT_EVALUATED
2110	35756053	1D-231	tigecycline	tigecycline			NO_GENOME_MATCH					NOT_EVALUATED	<=	1	<=	1			NOT_EVALUATED
2111	35756053	1D-231	tetracycline	tetracycline			NO_GENOME_MATCH					NOT_EVALUATED	=	2	=	2			NOT_EVALUATED
2112	35756053	1D-232	ampicillin	ampicillin			NO_GENOME_MATCH					NOT_EVALUATED	>	32	>	32			NOT_EVALUATED
2113	35756053	1D-232	cefazolin	cefazolin			NO_GENOME_MATCH					NOT_EVALUATED	>	32	>	32			NOT_EVALUATED
2114	35756053	1D-232	meropenem	meropenem			NO_GENOME_MATCH					NOT_EVALUATED	<=	1	<=	1			NOT_EVALUATED
2115	35756053	1D-232	gentamicin	gentamicin			NO_GENOME_MATCH					NOT_EVALUATED	<=	2	<=	2			NOT_EVALUATED
2116	35756053	1D-232	ciprofloxacin	ciprofloxacin			NO_GENOME_MATCH					NOT_EVALUATED	<=	0.5	<=	0.5			NOT_EVALUATED
2117	35756053	1D-232	cefoxitin	cefoxitin			NO_GENOME_MATCH					NOT_EVALUATED	>	32	>	32			NOT_EVALUATED
2118	35756053	1D-232	trimethoprim	trimethoprim			NO_GENOME_MATCH					NOT_EVALUATED	=	1/19	=	1/19			NOT_EVALUATED
2119	35756053	1D-232	tobramycin	tobramycin			NO_GENOME_MATCH					NOT_EVALUATED	<=	4	<=	4			NOT_EVALUATED
2120	35756053	1D-232	tigecycline	tigecycline			NO_GENOME_MATCH					NOT_EVALUATED	<=	1	<=	1			NOT_EVALUATED
2121	35756053	1D-232	tetracycline	tetracycline			NO_GENOME_MATCH					NOT_EVALUATED	=	2	=	2			NOT_EVALUATED
2122	35756053	1D-235	ampicillin	ampicillin			NO_GENOME_MATCH					NOT_EVALUATED	>	32	>	32			NOT_EVALUATED
2123	35756053	1D-235	cefazolin	cefazolin			NO_GENOME_MATCH					NOT_EVALUATED	>	32	>	32			NOT_EVALUATED
2124	35756053	1D-235	meropenem	meropenem			NO_GENOME_MATCH					NOT_EVALUATED	<=	1	<=	1			NOT_EVALUATED
2125	35756053	1D-235	gentamicin	gentamicin			NO_GENOME_MATCH					NOT_EVALUATED	<=	2	<=	2			NOT_EVALUATED
2126	35756053	1D-235	ciprofloxacin	ciprofloxacin			NO_GENOME_MATCH					NOT_EVALUATED	<=	0.5	<=	0.5			NOT_EVALUATED
2127	35756053	1D-235	cefoxitin	cefoxitin			NO_GENOME_MATCH					NOT_EVALUATED	>	32	>	32			NOT_EVALUATED
2128	35756053	1D-235	trimethoprim	trimethoprim			NO_GENOME_MATCH					NOT_EVALUATED	<=	0.5/9.5	<=	0.5/9.5			NOT_EVALUATED
2129	35756053	1D-235	tobramycin	tobramycin			NO_GENOME_MATCH					NOT_EVALUATED	<=	4	<=	4			NOT_EVALUATED
2130	35756053	1D-235	tigecycline	tigecycline			NO_GENOME_MATCH					NOT_EVALUATED	<=	1	<=	1			NOT_EVALUATED
2131	35756053	1D-235	tetracycline	tetracycline			NO_GENOME_MATCH					NOT_EVALUATED	=	4	=	4			NOT_EVALUATED
2132	35756053	1D-237	ampicillin	ampicillin			NO_GENOME_MATCH					NOT_EVALUATED	=	8	=	8			NOT_EVALUATED
2133	35756053	1D-237	cefazolin	cefazolin			NO_GENOME_MATCH					NOT_EVALUATED	=	32	=	32			NOT_EVALUATED
2134	35756053	1D-237	meropenem	meropenem			NO_GENOME_MATCH					NOT_EVALUATED	<=	1	<=	1			NOT_EVALUATED
2135	35756053	1D-237	gentamicin	gentamicin			NO_GENOME_MATCH					NOT_EVALUATED	<=	2	<=	2			NOT_EVALUATED
2136	35756053	1D-237	ciprofloxacin	ciprofloxacin			NO_GENOME_MATCH					NOT_EVALUATED	<=	0.5	<=	0.5			NOT_EVALUATED
2137	35756053	1D-237	cefoxitin	cefoxitin			NO_GENOME_MATCH					NOT_EVALUATED	<=	4	<=	4			NOT_EVALUATED
2138	35756053	1D-237	trimethoprim	trimethoprim			NO_GENOME_MATCH					NOT_EVALUATED	<=	0.5/9.5	<=	0.5/9.5			NOT_EVALUATED
2139	35756053	1D-237	tobramycin	tobramycin			NO_GENOME_MATCH					NOT_EVALUATED	<=	4	<=	4			NOT_EVALUATED
2140	35756053	1D-237	tigecycline	tigecycline			NO_GENOME_MATCH					NOT_EVALUATED	<=	1	<=	1			NOT_EVALUATED
2141	35756053	1D-237	tetracycline	tetracycline			NO_GENOME_MATCH					NOT_EVALUATED	=	2	=	2			NOT_EVALUATED
2142	35756053	1D-236	ampicillin	ampicillin			NO_GENOME_MATCH					NOT_EVALUATED	>	32	>	32			NOT_EVALUATED
2143	35756053	1D-236	cefazolin	cefazolin			NO_GENOME_MATCH					NOT_EVALUATED	>	32	>	32			NOT_EVALUATED
2144	35756053	1D-236	meropenem	meropenem			NO_GENOME_MATCH					NOT_EVALUATED	<=	1	<=	1			NOT_EVALUATED
2145	35756053	1D-236	gentamicin	gentamicin			NO_GENOME_MATCH					NOT_EVALUATED	<=	2	<=	2			NOT_EVALUATED
2146	35756053	1D-236	ciprofloxacin	ciprofloxacin			NO_GENOME_MATCH					NOT_EVALUATED	<=	0.5	<=	0.5			NOT_EVALUATED
2147	35756053	1D-236	cefoxitin	cefoxitin			NO_GENOME_MATCH					NOT_EVALUATED	>	32	>	32			NOT_EVALUATED
2148	35756053	1D-236	trimethoprim	trimethoprim			NO_GENOME_MATCH					NOT_EVALUATED	<=	0.5/9.5	<=	0.5/9.5			NOT_EVALUATED
2149	35756053	1D-236	tobramycin	tobramycin			NO_GENOME_MATCH					NOT_EVALUATED	<=	4	<=	4			NOT_EVALUATED
2150	35756053	1D-236	tigecycline	tigecycline			NO_GENOME_MATCH					NOT_EVALUATED	<=	1	<=	1			NOT_EVALUATED
2151	35756053	1D-236	tetracycline	tetracycline			NO_GENOME_MATCH					NOT_EVALUATED	=	4	=	4			NOT_EVALUATED
2152	35756053	1D-218	ampicillin	ampicillin			NO_GENOME_MATCH					NOT_EVALUATED	>	32	>	32			NOT_EVALUATED
2153	35756053	1D-218	cefazolin	cefazolin			NO_GENOME_MATCH					NOT_EVALUATED	>	32	>	32			NOT_EVALUATED
2154	35756053	1D-218	meropenem	meropenem			NO_GENOME_MATCH					NOT_EVALUATED	<=	1	<=	1			NOT_EVALUATED
2155	35756053	1D-218	gentamicin	gentamicin			NO_GENOME_MATCH					NOT_EVALUATED	<=	2	<=	2			NOT_EVALUATED
2156	35756053	1D-218	ciprofloxacin	ciprofloxacin			NO_GENOME_MATCH					NOT_EVALUATED	<=	0.5	<=	0.5			NOT_EVALUATED
2157	35756053	1D-218	cefoxitin	cefoxitin			NO_GENOME_MATCH					NOT_EVALUATED	>	32	>	32			NOT_EVALUATED
2158	35756053	1D-218	trimethoprim	trimethoprim			NO_GENOME_MATCH					NOT_EVALUATED	<=	0.5/9.5	<=	0.5/9.5			NOT_EVALUATED
2159	35756053	1D-218	tobramycin	tobramycin			NO_GENOME_MATCH					NOT_EVALUATED	<=	4	<=	4			NOT_EVALUATED
2160	35756053	1D-218	tigecycline	tigecycline			NO_GENOME_MATCH					NOT_EVALUATED	<=	1	<=	1			NOT_EVALUATED
2161	35756053	1D-218	tetracycline	tetracycline			NO_GENOME_MATCH					NOT_EVALUATED	=	2	=	2			NOT_EVALUATED
2162	35756053	1D-220	ampicillin	ampicillin			NO_GENOME_MATCH					NOT_EVALUATED	>	32	>	32			NOT_EVALUATED
2163	35756053	1D-220	cefazolin	cefazolin			NO_GENOME_MATCH					NOT_EVALUATED	>	32	>	32			NOT_EVALUATED
2164	35756053	1D-220	meropenem	meropenem			NO_GENOME_MATCH					NOT_EVALUATED	<=	1	<=	1			NOT_EVALUATED
2165	35756053	1D-220	gentamicin	gentamicin			NO_GENOME_MATCH					NOT_EVALUATED	<=	2	<=	2			NOT_EVALUATED
2166	35756053	1D-220	ciprofloxacin	ciprofloxacin			NO_GENOME_MATCH					NOT_EVALUATED	<=	0.5	<=	0.5			NOT_EVALUATED
2167	35756053	1D-220	cefoxitin	cefoxitin			NO_GENOME_MATCH					NOT_EVALUATED	>	32	>	32			NOT_EVALUATED
2168	35756053	1D-220	trimethoprim	trimethoprim			NO_GENOME_MATCH					NOT_EVALUATED	<=	0.5/9.5	<=	0.5/9.5			NOT_EVALUATED
2169	35756053	1D-220	tobramycin	tobramycin			NO_GENOME_MATCH					NOT_EVALUATED	<=	4	<=	4			NOT_EVALUATED
2170	35756053	1D-220	tigecycline	tigecycline			NO_GENOME_MATCH					NOT_EVALUATED	<=	1	<=	1			NOT_EVALUATED
2171	35756053	1D-220	tetracycline	tetracycline			NO_GENOME_MATCH					NOT_EVALUATED	=	1	=	1			NOT_EVALUATED
2172	35756053	1D-221	ampicillin	ampicillin			NO_GENOME_MATCH					NOT_EVALUATED	=	32	=	32			NOT_EVALUATED
2173	35756053	1D-221	cefazolin	cefazolin			NO_GENOME_MATCH					NOT_EVALUATED	>	32	>	32			NOT_EVALUATED
2174	35756053	1D-221	meropenem	meropenem			NO_GENOME_MATCH					NOT_EVALUATED	<=	1	<=	1			NOT_EVALUATED
2175	35756053	1D-221	gentamicin	gentamicin			NO_GENOME_MATCH					NOT_EVALUATED	<=	2	<=	2			NOT_EVALUATED
2176	35756053	1D-221	ciprofloxacin	ciprofloxacin			NO_GENOME_MATCH					NOT_EVALUATED	<=	0.5	<=	0.5			NOT_EVALUATED
2177	35756053	1D-221	cefoxitin	cefoxitin			NO_GENOME_MATCH					NOT_EVALUATED	>	32	>	32			NOT_EVALUATED
2178	35756053	1D-221	trimethoprim	trimethoprim			NO_GENOME_MATCH					NOT_EVALUATED	<=	0.5/9.5	<=	0.5/9.5			NOT_EVALUATED
2179	35756053	1D-221	tobramycin	tobramycin			NO_GENOME_MATCH					NOT_EVALUATED	<=	4	<=	4			NOT_EVALUATED
2180	35756053	1D-221	tigecycline	tigecycline			NO_GENOME_MATCH					NOT_EVALUATED	<=	1	<=	1			NOT_EVALUATED
2181	35756053	1D-221	tetracycline	tetracycline			NO_GENOME_MATCH					NOT_EVALUATED	=	2	=	2			NOT_EVALUATED
2182	35756053	1D-234	ampicillin	ampicillin			NO_GENOME_MATCH					NOT_EVALUATED	<=	4	<=	4			NOT_EVALUATED
2183	35756053	1D-234	cefazolin	cefazolin			NO_GENOME_MATCH					NOT_EVALUATED	=	16	=	16			NOT_EVALUATED
2184	35756053	1D-234	meropenem	meropenem			NO_GENOME_MATCH					NOT_EVALUATED	<=	1	<=	1			NOT_EVALUATED
2185	35756053	1D-234	gentamicin	gentamicin			NO_GENOME_MATCH					NOT_EVALUATED	<=	2	<=	2			NOT_EVALUATED
2186	35756053	1D-234	ciprofloxacin	ciprofloxacin			NO_GENOME_MATCH					NOT_EVALUATED	<=	0.5	<=	0.5			NOT_EVALUATED
2187	35756053	1D-234	cefoxitin	cefoxitin			NO_GENOME_MATCH					NOT_EVALUATED	=	8	=	8			NOT_EVALUATED
2188	35756053	1D-234	trimethoprim	trimethoprim			NO_GENOME_MATCH					NOT_EVALUATED	<=	0.5/9.5	<=	0.5/9.5			NOT_EVALUATED
2189	35756053	1D-234	tobramycin	tobramycin			NO_GENOME_MATCH					NOT_EVALUATED	<=	4	<=	4			NOT_EVALUATED
2190	35756053	1D-234	tigecycline	tigecycline			NO_GENOME_MATCH					NOT_EVALUATED	<=	1	<=	1			NOT_EVALUATED
2191	35756053	1D-234	tetracycline	tetracycline			NO_GENOME_MATCH					NOT_EVALUATED	=	1	=	1			NOT_EVALUATED
2192	35756053	1D-233	ampicillin	ampicillin			NO_GENOME_MATCH					NOT_EVALUATED	=	16	=	16			NOT_EVALUATED
2193	35756053	1D-233	cefazolin	cefazolin			NO_GENOME_MATCH					NOT_EVALUATED	>	32	>	32			NOT_EVALUATED
2194	35756053	1D-233	meropenem	meropenem			NO_GENOME_MATCH					NOT_EVALUATED	<=	1	<=	1			NOT_EVALUATED
2195	35756053	1D-233	gentamicin	gentamicin			NO_GENOME_MATCH					NOT_EVALUATED	<=	2	<=	2			NOT_EVALUATED
2196	35756053	1D-233	ciprofloxacin	ciprofloxacin			NO_GENOME_MATCH					NOT_EVALUATED	<=	0.5	<=	0.5			NOT_EVALUATED
2197	35756053	1D-233	cefoxitin	cefoxitin			NO_GENOME_MATCH					NOT_EVALUATED	>	32	>	32			NOT_EVALUATED
2198	35756053	1D-233	trimethoprim	trimethoprim			NO_GENOME_MATCH					NOT_EVALUATED	<=	0.5/9.5	<=	0.5/9.5			NOT_EVALUATED
2199	35756053	1D-233	tobramycin	tobramycin			NO_GENOME_MATCH					NOT_EVALUATED	<=	4	<=	4			NOT_EVALUATED
2200	35756053	1D-233	tigecycline	tigecycline			NO_GENOME_MATCH					NOT_EVALUATED	<=	1	<=	1			NOT_EVALUATED
2201	35756053	1D-233	tetracycline	tetracycline			NO_GENOME_MATCH					NOT_EVALUATED	=	2	=	2			NOT_EVALUATED
2202	35756053	1D-222_B	ampicillin	ampicillin			NO_GENOME_MATCH					NOT_EVALUATED	=	32	=	32			NOT_EVALUATED
2203	35756053	1D-222_B	cefazolin	cefazolin			NO_GENOME_MATCH					NOT_EVALUATED	<=	4	<=	4			NOT_EVALUATED
2204	35756053	1D-222_B	meropenem	meropenem			NO_GENOME_MATCH					NOT_EVALUATED	<=	1	<=	1			NOT_EVALUATED
2205	35756053	1D-222_B	gentamicin	gentamicin			NO_GENOME_MATCH					NOT_EVALUATED	<=	2	<=	2			NOT_EVALUATED
2206	35756053	1D-222_B	ciprofloxacin	ciprofloxacin			NO_GENOME_MATCH					NOT_EVALUATED	<=	0.5	<=	0.5			NOT_EVALUATED
2207	35756053	1D-222_B	cefoxitin	cefoxitin			NO_GENOME_MATCH					NOT_EVALUATED	<=	4	<=	4			NOT_EVALUATED
2208	35756053	1D-222_B	trimethoprim	trimethoprim			NO_GENOME_MATCH					NOT_EVALUATED	<=	0.5/9.5	<=	0.5/9.5			NOT_EVALUATED
2209	35756053	1D-222_B	tobramycin	tobramycin			NO_GENOME_MATCH					NOT_EVALUATED	<=	4	<=	4			NOT_EVALUATED
2210	35756053	1D-222_B	tigecycline	tigecycline			NO_GENOME_MATCH					NOT_EVALUATED	<=	1	<=	1			NOT_EVALUATED
2211	35756053	1D-222_B	tetracycline	tetracycline			NO_GENOME_MATCH					NOT_EVALUATED	=	2	=	2			NOT_EVALUATED
2212	35756053	1D-223	ampicillin	ampicillin			NO_GENOME_MATCH					NOT_EVALUATED	=	32	=	32			NOT_EVALUATED
2213	35756053	1D-223	cefazolin	cefazolin			NO_GENOME_MATCH					NOT_EVALUATED	<=	4	<=	4			NOT_EVALUATED
2214	35756053	1D-223	meropenem	meropenem			NO_GENOME_MATCH					NOT_EVALUATED	<=	1	<=	1			NOT_EVALUATED
2215	35756053	1D-223	gentamicin	gentamicin			NO_GENOME_MATCH					NOT_EVALUATED	<=	2	<=	2			NOT_EVALUATED
2216	35756053	1D-223	ciprofloxacin	ciprofloxacin			NO_GENOME_MATCH					NOT_EVALUATED	<=	0.5	<=	0.5			NOT_EVALUATED
2217	35756053	1D-223	cefoxitin	cefoxitin			NO_GENOME_MATCH					NOT_EVALUATED	<=	4	<=	4			NOT_EVALUATED
2218	35756053	1D-223	trimethoprim	trimethoprim			NO_GENOME_MATCH					NOT_EVALUATED	<=	0.5/9.5	<=	0.5/9.5			NOT_EVALUATED
2219	35756053	1D-223	tobramycin	tobramycin			NO_GENOME_MATCH					NOT_EVALUATED	<=	4	<=	4			NOT_EVALUATED
2220	35756053	1D-223	tigecycline	tigecycline			NO_GENOME_MATCH					NOT_EVALUATED	<=	1	<=	1			NOT_EVALUATED
2221	35756053	1D-223	tetracycline	tetracycline			NO_GENOME_MATCH					NOT_EVALUATED	=	2	=	2			NOT_EVALUATED
2222	35756053	1D-224	ampicillin	ampicillin			NO_GENOME_MATCH					NOT_EVALUATED	>	32	>	32			NOT_EVALUATED
2223	35756053	1D-224	cefazolin	cefazolin			NO_GENOME_MATCH					NOT_EVALUATED	<=	4	<=	4			NOT_EVALUATED
2224	35756053	1D-224	meropenem	meropenem			NO_GENOME_MATCH					NOT_EVALUATED	<=	1	<=	1			NOT_EVALUATED
2225	35756053	1D-224	gentamicin	gentamicin			NO_GENOME_MATCH					NOT_EVALUATED	<=	2	<=	2			NOT_EVALUATED
2226	35756053	1D-224	ciprofloxacin	ciprofloxacin			NO_GENOME_MATCH					NOT_EVALUATED	<=	0.5	<=	0.5			NOT_EVALUATED
2227	35756053	1D-224	cefoxitin	cefoxitin			NO_GENOME_MATCH					NOT_EVALUATED	<=	4	<=	4			NOT_EVALUATED
2228	35756053	1D-224	trimethoprim	trimethoprim			NO_GENOME_MATCH					NOT_EVALUATED	<=	0.5/9.5	<=	0.5/9.5			NOT_EVALUATED
2229	35756053	1D-224	tobramycin	tobramycin			NO_GENOME_MATCH					NOT_EVALUATED	<=	4	<=	4			NOT_EVALUATED
2230	35756053	1D-224	tigecycline	tigecycline			NO_GENOME_MATCH					NOT_EVALUATED	<=	1	<=	1			NOT_EVALUATED
2231	35756053	1D-224	tetracycline	tetracycline			NO_GENOME_MATCH					NOT_EVALUATED	=	2	=	2			NOT_EVALUATED
2232	35756053	1D-225	ampicillin	ampicillin			NO_GENOME_MATCH					NOT_EVALUATED	=	32	=	32			NOT_EVALUATED
2233	35756053	1D-225	cefazolin	cefazolin			NO_GENOME_MATCH					NOT_EVALUATED	<=	4	<=	4			NOT_EVALUATED
2234	35756053	1D-225	meropenem	meropenem			NO_GENOME_MATCH					NOT_EVALUATED	<=	1	<=	1			NOT_EVALUATED
2235	35756053	1D-225	gentamicin	gentamicin			NO_GENOME_MATCH					NOT_EVALUATED	<=	2	<=	2			NOT_EVALUATED
2236	35756053	1D-225	ciprofloxacin	ciprofloxacin			NO_GENOME_MATCH					NOT_EVALUATED	<=	0.5	<=	0.5			NOT_EVALUATED
2237	35756053	1D-225	cefoxitin	cefoxitin			NO_GENOME_MATCH					NOT_EVALUATED	<=	4	<=	4			NOT_EVALUATED
2238	35756053	1D-225	trimethoprim	trimethoprim			NO_GENOME_MATCH					NOT_EVALUATED	<=	0.5/9.5	<=	0.5/9.5			NOT_EVALUATED
2239	35756053	1D-225	tobramycin	tobramycin			NO_GENOME_MATCH					NOT_EVALUATED	<=	4	<=	4			NOT_EVALUATED
2240	35756053	1D-225	tigecycline	tigecycline			NO_GENOME_MATCH					NOT_EVALUATED	<=	1	<=	1			NOT_EVALUATED
2241	35756053	1D-225	tetracycline	tetracycline			NO_GENOME_MATCH					NOT_EVALUATED	=	2	=	2			NOT_EVALUATED
2242	35756053	1D-226	ampicillin	ampicillin			NO_GENOME_MATCH					NOT_EVALUATED	>	32	>	32			NOT_EVALUATED
2243	35756053	1D-226	cefazolin	cefazolin			NO_GENOME_MATCH					NOT_EVALUATED	<=	4	<=	4			NOT_EVALUATED
2244	35756053	1D-226	meropenem	meropenem			NO_GENOME_MATCH					NOT_EVALUATED	<=	1	<=	1			NOT_EVALUATED
2245	35756053	1D-226	gentamicin	gentamicin			NO_GENOME_MATCH					NOT_EVALUATED	<=	2	<=	2			NOT_EVALUATED
2246	35756053	1D-226	ciprofloxacin	ciprofloxacin			NO_GENOME_MATCH					NOT_EVALUATED	<=	0.5	<=	0.5			NOT_EVALUATED
2247	35756053	1D-226	cefoxitin	cefoxitin			NO_GENOME_MATCH					NOT_EVALUATED	<=	4	<=	4			NOT_EVALUATED
2248	35756053	1D-226	trimethoprim	trimethoprim			NO_GENOME_MATCH					NOT_EVALUATED	<=	0.5/9.5	<=	0.5/9.5			NOT_EVALUATED
2249	35756053	1D-226	tobramycin	tobramycin			NO_GENOME_MATCH					NOT_EVALUATED	<=	4	<=	4			NOT_EVALUATED
2250	35756053	1D-226	tigecycline	tigecycline			NO_GENOME_MATCH					NOT_EVALUATED	<=	1	<=	1			NOT_EVALUATED
2251	35756053	1D-226	tetracycline	tetracycline			NO_GENOME_MATCH					NOT_EVALUATED	=	2	=	2			NOT_EVALUATED
2252	35756053	1D-207	ampicillin	ampicillin			NO_GENOME_MATCH					NOT_EVALUATED	<=	4	<=	4			NOT_EVALUATED
2253	35756053	1D-207	cefazolin	cefazolin			NO_GENOME_MATCH					NOT_EVALUATED	<=	4	<=	4			NOT_EVALUATED
2254	35756053	1D-207	meropenem	meropenem			NO_GENOME_MATCH					NOT_EVALUATED	<=	1	<=	1			NOT_EVALUATED
2255	35756053	1D-207	gentamicin	gentamicin			NO_GENOME_MATCH					NOT_EVALUATED	<=	2	<=	2			NOT_EVALUATED
2256	35756053	1D-207	ciprofloxacin	ciprofloxacin			NO_GENOME_MATCH					NOT_EVALUATED	<=	0.5	<=	0.5			NOT_EVALUATED
2257	35756053	1D-207	cefoxitin	cefoxitin			NO_GENOME_MATCH					NOT_EVALUATED	<=	4	<=	4			NOT_EVALUATED
2258	35756053	1D-207	trimethoprim	trimethoprim			NO_GENOME_MATCH					NOT_EVALUATED	<=	0.5/9.5	<=	0.5/9.5			NOT_EVALUATED
2259	35756053	1D-207	tobramycin	tobramycin			NO_GENOME_MATCH					NOT_EVALUATED	<=	4	<=	4			NOT_EVALUATED
2260	35756053	1D-207	tigecycline	tigecycline			NO_GENOME_MATCH					NOT_EVALUATED	<=	1	<=	1			NOT_EVALUATED
2261	35756053	1D-207	tetracycline	tetracycline			NO_GENOME_MATCH					NOT_EVALUATED	>	16	>	16			NOT_EVALUATED
2262	35756053	1D-208	ampicillin	ampicillin			NO_GENOME_MATCH					NOT_EVALUATED	<=	4	<=	4			NOT_EVALUATED
2263	35756053	1D-208	cefazolin	cefazolin			NO_GENOME_MATCH					NOT_EVALUATED	=	8	=	8			NOT_EVALUATED
2264	35756053	1D-208	meropenem	meropenem			NO_GENOME_MATCH					NOT_EVALUATED	<=	1	<=	1			NOT_EVALUATED
2265	35756053	1D-208	gentamicin	gentamicin			NO_GENOME_MATCH					NOT_EVALUATED	<=	2	<=	2			NOT_EVALUATED
2266	35756053	1D-208	ciprofloxacin	ciprofloxacin			NO_GENOME_MATCH					NOT_EVALUATED	<=	0.5	<=	0.5			NOT_EVALUATED
2267	35756053	1D-208	cefoxitin	cefoxitin			NO_GENOME_MATCH					NOT_EVALUATED	=	8	=	8			NOT_EVALUATED
2268	35756053	1D-208	trimethoprim	trimethoprim			NO_GENOME_MATCH					NOT_EVALUATED	<=	0.5/9.5	<=	0.5/9.5			NOT_EVALUATED
2269	35756053	1D-208	tobramycin	tobramycin			NO_GENOME_MATCH					NOT_EVALUATED	<=	4	<=	4			NOT_EVALUATED
2270	35756053	1D-208	tigecycline	tigecycline			NO_GENOME_MATCH					NOT_EVALUATED	=	4	=	4			NOT_EVALUATED
2271	35756053	1D-208	tetracycline	tetracycline			NO_GENOME_MATCH					NOT_EVALUATED	>	16	>	16			NOT_EVALUATED
2272	35756053	1D-209	ampicillin	ampicillin			NO_GENOME_MATCH					NOT_EVALUATED	<=	4	<=	4			NOT_EVALUATED
2273	35756053	1D-209	cefazolin	cefazolin			NO_GENOME_MATCH					NOT_EVALUATED	<=	4	<=	4			NOT_EVALUATED
2274	35756053	1D-209	meropenem	meropenem			NO_GENOME_MATCH					NOT_EVALUATED	<=	1	<=	1			NOT_EVALUATED
2275	35756053	1D-209	gentamicin	gentamicin			NO_GENOME_MATCH					NOT_EVALUATED	<=	2	<=	2			NOT_EVALUATED
2276	35756053	1D-209	ciprofloxacin	ciprofloxacin			NO_GENOME_MATCH					NOT_EVALUATED	<=	0.5	<=	0.5			NOT_EVALUATED
2277	35756053	1D-209	cefoxitin	cefoxitin			NO_GENOME_MATCH					NOT_EVALUATED	<=	4	<=	4			NOT_EVALUATED
2278	35756053	1D-209	trimethoprim	trimethoprim			NO_GENOME_MATCH					NOT_EVALUATED	=	2/38	=	2/38			NOT_EVALUATED
2279	35756053	1D-209	tobramycin	tobramycin			NO_GENOME_MATCH					NOT_EVALUATED	<=	4	<=	4			NOT_EVALUATED
2280	35756053	1D-209	tigecycline	tigecycline			NO_GENOME_MATCH					NOT_EVALUATED	=	2	=	2			NOT_EVALUATED
2281	35756053	1D-209	tetracycline	tetracycline			NO_GENOME_MATCH					NOT_EVALUATED	>	16	>	16			NOT_EVALUATED
2282	35756053	1D-210	ampicillin	ampicillin			NO_GENOME_MATCH					NOT_EVALUATED	<=	4	<=	4			NOT_EVALUATED
2283	35756053	1D-210	cefazolin	cefazolin			NO_GENOME_MATCH					NOT_EVALUATED	<=	4	<=	4			NOT_EVALUATED
2284	35756053	1D-210	meropenem	meropenem			NO_GENOME_MATCH					NOT_EVALUATED	<=	1	<=	1			NOT_EVALUATED
2285	35756053	1D-210	gentamicin	gentamicin			NO_GENOME_MATCH					NOT_EVALUATED	<=	2	<=	2			NOT_EVALUATED
2286	35756053	1D-210	ciprofloxacin	ciprofloxacin			NO_GENOME_MATCH					NOT_EVALUATED	<=	0.5	<=	0.5			NOT_EVALUATED
2287	35756053	1D-210	cefoxitin	cefoxitin			NO_GENOME_MATCH					NOT_EVALUATED	<=	4	<=	4			NOT_EVALUATED
2288	35756053	1D-210	trimethoprim	trimethoprim			NO_GENOME_MATCH					NOT_EVALUATED	<=	0.5/9.5	<=	0.5/9.5			NOT_EVALUATED
2289	35756053	1D-210	tobramycin	tobramycin			NO_GENOME_MATCH					NOT_EVALUATED	<=	4	<=	4			NOT_EVALUATED
2290	35756053	1D-210	tigecycline	tigecycline			NO_GENOME_MATCH					NOT_EVALUATED	=	4	=	4			NOT_EVALUATED
2291	35756053	1D-210	tetracycline	tetracycline			NO_GENOME_MATCH					NOT_EVALUATED	=	8	=	8			NOT_EVALUATED
2292	35756053	1D-211	ampicillin	ampicillin			NO_GENOME_MATCH					NOT_EVALUATED	<=	4	<=	4			NOT_EVALUATED
2293	35756053	1D-211	cefazolin	cefazolin			NO_GENOME_MATCH					NOT_EVALUATED	<=	4	<=	4			NOT_EVALUATED
2294	35756053	1D-211	meropenem	meropenem			NO_GENOME_MATCH					NOT_EVALUATED	<=	1	<=	1			NOT_EVALUATED
2295	35756053	1D-211	gentamicin	gentamicin			NO_GENOME_MATCH					NOT_EVALUATED	<=	2	<=	2			NOT_EVALUATED
2296	35756053	1D-211	ciprofloxacin	ciprofloxacin			NO_GENOME_MATCH					NOT_EVALUATED	<=	0.5	<=	0.5			NOT_EVALUATED
2297	35756053	1D-211	cefoxitin	cefoxitin			NO_GENOME_MATCH					NOT_EVALUATED	<=	4	<=	4			NOT_EVALUATED
2298	35756053	1D-211	trimethoprim	trimethoprim			NO_GENOME_MATCH					NOT_EVALUATED	<=	0.5/9.5	<=	0.5/9.5			NOT_EVALUATED
2299	35756053	1D-211	tobramycin	tobramycin			NO_GENOME_MATCH					NOT_EVALUATED	<=	4	<=	4			NOT_EVALUATED
2300	35756053	1D-211	tigecycline	tigecycline			NO_GENOME_MATCH					NOT_EVALUATED	=	4	=	4			NOT_EVALUATED
2301	35756053	1D-211	tetracycline	tetracycline			NO_GENOME_MATCH					NOT_EVALUATED	>	16	>	16			NOT_EVALUATED
2302	35756053	1D-212	ampicillin	ampicillin			NO_GENOME_MATCH					NOT_EVALUATED	<=	4	<=	4			NOT_EVALUATED
2303	35756053	1D-212	cefazolin	cefazolin			NO_GENOME_MATCH					NOT_EVALUATED	<=	4	<=	4			NOT_EVALUATED
2304	35756053	1D-212	meropenem	meropenem			NO_GENOME_MATCH					NOT_EVALUATED	<=	1	<=	1			NOT_EVALUATED
2305	35756053	1D-212	gentamicin	gentamicin			NO_GENOME_MATCH					NOT_EVALUATED	<=	2	<=	2			NOT_EVALUATED
2306	35756053	1D-212	ciprofloxacin	ciprofloxacin			NO_GENOME_MATCH					NOT_EVALUATED	<=	0.5	<=	0.5			NOT_EVALUATED
2307	35756053	1D-212	cefoxitin	cefoxitin			NO_GENOME_MATCH					NOT_EVALUATED	<=	4	<=	4			NOT_EVALUATED
2308	35756053	1D-212	trimethoprim	trimethoprim			NO_GENOME_MATCH					NOT_EVALUATED	<=	0.5/9.5	<=	0.5/9.5			NOT_EVALUATED
2309	35756053	1D-212	tobramycin	tobramycin			NO_GENOME_MATCH					NOT_EVALUATED	<=	4	<=	4			NOT_EVALUATED
2310	35756053	1D-212	tigecycline	tigecycline			NO_GENOME_MATCH					NOT_EVALUATED	=	4	=	4			NOT_EVALUATED
2311	35756053	1D-212	tetracycline	tetracycline			NO_GENOME_MATCH					NOT_EVALUATED	>	16	>	16			NOT_EVALUATED
2312	35756053	1D-213	ampicillin	ampicillin			NO_GENOME_MATCH					NOT_EVALUATED	>	32	>	32			NOT_EVALUATED
2313	35756053	1D-213	cefazolin	cefazolin			NO_GENOME_MATCH					NOT_EVALUATED	=	8	=	8			NOT_EVALUATED
2314	35756053	1D-213	meropenem	meropenem			NO_GENOME_MATCH					NOT_EVALUATED	<=	1	<=	1			NOT_EVALUATED
2315	35756053	1D-213	gentamicin	gentamicin			NO_GENOME_MATCH					NOT_EVALUATED	=	8	=	8			NOT_EVALUATED
2316	35756053	1D-213	ciprofloxacin	ciprofloxacin			NO_GENOME_MATCH					NOT_EVALUATED	=	2	=	2			NOT_EVALUATED
2317	35756053	1D-213	cefoxitin	cefoxitin			NO_GENOME_MATCH					NOT_EVALUATED	<=	4	<=	4			NOT_EVALUATED
2318	35756053	1D-213	trimethoprim	trimethoprim			NO_GENOME_MATCH					NOT_EVALUATED	>	4/76	>	4/76			NOT_EVALUATED
2319	35756053	1D-213	tobramycin	tobramycin			NO_GENOME_MATCH					NOT_EVALUATED	<=	4	<=	4			NOT_EVALUATED
2320	35756053	1D-213	tigecycline	tigecycline			NO_GENOME_MATCH					NOT_EVALUATED	=	2	=	2			NOT_EVALUATED
2321	35756053	1D-213	tetracycline	tetracycline			NO_GENOME_MATCH					NOT_EVALUATED	>	16	>	16			NOT_EVALUATED
2322	35756053	1D-214	ampicillin	ampicillin			NO_GENOME_MATCH					NOT_EVALUATED	>	32	>	32			NOT_EVALUATED
2323	35756053	1D-214	cefazolin	cefazolin			NO_GENOME_MATCH					NOT_EVALUATED	<=	4	<=	4			NOT_EVALUATED
2324	35756053	1D-214	meropenem	meropenem			NO_GENOME_MATCH					NOT_EVALUATED	=	4	=	4			NOT_EVALUATED
2325	35756053	1D-214	gentamicin	gentamicin			NO_GENOME_MATCH					NOT_EVALUATED	<=	2	<=	2			NOT_EVALUATED
2326	35756053	1D-214	ciprofloxacin	ciprofloxacin			NO_GENOME_MATCH					NOT_EVALUATED	=	4	=	4			NOT_EVALUATED
2327	35756053	1D-214	cefoxitin	cefoxitin			NO_GENOME_MATCH					NOT_EVALUATED	<=	4	<=	4			NOT_EVALUATED
2328	35756053	1D-214	trimethoprim	trimethoprim			NO_GENOME_MATCH					NOT_EVALUATED	>	4/76	>	4/76			NOT_EVALUATED
2329	35756053	1D-214	tobramycin	tobramycin			NO_GENOME_MATCH					NOT_EVALUATED	<=	4	<=	4			NOT_EVALUATED
2330	35756053	1D-214	tigecycline	tigecycline			NO_GENOME_MATCH					NOT_EVALUATED	=	4	=	4			NOT_EVALUATED
2331	35756053	1D-214	tetracycline	tetracycline			NO_GENOME_MATCH					NOT_EVALUATED	>	16	>	16			NOT_EVALUATED
2332	35756053	1D-215	ampicillin	ampicillin			NO_GENOME_MATCH					NOT_EVALUATED	<=	4	<=	4			NOT_EVALUATED
2333	35756053	1D-215	cefazolin	cefazolin			NO_GENOME_MATCH					NOT_EVALUATED	<=	4	<=	4			NOT_EVALUATED
2334	35756053	1D-215	meropenem	meropenem			NO_GENOME_MATCH					NOT_EVALUATED	<=	1	<=	1			NOT_EVALUATED
2335	35756053	1D-215	gentamicin	gentamicin			NO_GENOME_MATCH					NOT_EVALUATED	<=	2	<=	2			NOT_EVALUATED
2336	35756053	1D-215	ciprofloxacin	ciprofloxacin			NO_GENOME_MATCH					NOT_EVALUATED	<=	0.5	<=	0.5			NOT_EVALUATED
2337	35756053	1D-215	cefoxitin	cefoxitin			NO_GENOME_MATCH					NOT_EVALUATED	<=	4	<=	4			NOT_EVALUATED
2338	35756053	1D-215	trimethoprim	trimethoprim			NO_GENOME_MATCH					NOT_EVALUATED	<=	0.5/9.5	<=	0.5/9.5			NOT_EVALUATED
2339	35756053	1D-215	tobramycin	tobramycin			NO_GENOME_MATCH					NOT_EVALUATED	<=	4	<=	4			NOT_EVALUATED
2340	35756053	1D-215	tigecycline	tigecycline			NO_GENOME_MATCH					NOT_EVALUATED	=	4	=	4			NOT_EVALUATED
2341	35756053	1D-215	tetracycline	tetracycline			NO_GENOME_MATCH					NOT_EVALUATED	>	16	>	16			NOT_EVALUATED
2342	35756053	1D-216	ampicillin	ampicillin			NO_GENOME_MATCH					NOT_EVALUATED	<=	4	<=	4			NOT_EVALUATED
2343	35756053	1D-216	cefazolin	cefazolin			NO_GENOME_MATCH					NOT_EVALUATED	=	8	=	8			NOT_EVALUATED
2344	35756053	1D-216	meropenem	meropenem			NO_GENOME_MATCH					NOT_EVALUATED	<=	1	<=	1			NOT_EVALUATED
2345	35756053	1D-216	gentamicin	gentamicin			NO_GENOME_MATCH					NOT_EVALUATED	<=	2	<=	2			NOT_EVALUATED
2346	35756053	1D-216	ciprofloxacin	ciprofloxacin			NO_GENOME_MATCH					NOT_EVALUATED	<=	0.5	<=	0.5			NOT_EVALUATED
2347	35756053	1D-216	cefoxitin	cefoxitin			NO_GENOME_MATCH					NOT_EVALUATED	<=	4	<=	4			NOT_EVALUATED
2348	35756053	1D-216	trimethoprim	trimethoprim			NO_GENOME_MATCH					NOT_EVALUATED	<=	0.5/9.5	<=	0.5/9.5			NOT_EVALUATED
2349	35756053	1D-216	tobramycin	tobramycin			NO_GENOME_MATCH					NOT_EVALUATED	<=	4	<=	4			NOT_EVALUATED
2350	35756053	1D-216	tigecycline	tigecycline			NO_GENOME_MATCH					NOT_EVALUATED	=	4	=	4			NOT_EVALUATED
2351	35756053	1D-216	tetracycline	tetracycline			NO_GENOME_MATCH					NOT_EVALUATED	=	8	=	8			NOT_EVALUATED
2352	35756053	1D-172	ampicillin	ampicillin			NO_GENOME_MATCH					NOT_EVALUATED	>	32	>	32			NOT_EVALUATED
2353	35756053	1D-172	cefazolin	cefazolin			NO_GENOME_MATCH					NOT_EVALUATED	<=	4	<=	4			NOT_EVALUATED
2354	35756053	1D-172	meropenem	meropenem			NO_GENOME_MATCH					NOT_EVALUATED	<=	1	<=	1			NOT_EVALUATED
2355	35756053	1D-172	gentamicin	gentamicin			NO_GENOME_MATCH					NOT_EVALUATED	<=	2	<=	2			NOT_EVALUATED
2356	35756053	1D-172	ciprofloxacin	ciprofloxacin			NO_GENOME_MATCH					NOT_EVALUATED	<=	0.5	<=	0.5			NOT_EVALUATED
2357	35756053	1D-172	cefoxitin	cefoxitin			NO_GENOME_MATCH					NOT_EVALUATED	<=	4	<=	4			NOT_EVALUATED
2358	35756053	1D-172	trimethoprim	trimethoprim			NO_GENOME_MATCH					NOT_EVALUATED	<=	0.5/9.5	<=	0.5/9.5			NOT_EVALUATED
2359	35756053	1D-172	tobramycin	tobramycin			NO_GENOME_MATCH					NOT_EVALUATED	<=	4	<=	4			NOT_EVALUATED
2360	35756053	1D-172	tigecycline	tigecycline			NO_GENOME_MATCH					NOT_EVALUATED	<=	1	<=	1			NOT_EVALUATED
2361	35756053	1D-172	tetracycline	tetracycline			NO_GENOME_MATCH					NOT_EVALUATED	=	1	=	1			NOT_EVALUATED
2362	35756053	1D-239	ampicillin	ampicillin			NO_GENOME_MATCH					NOT_EVALUATED	>	32	>	32			NOT_EVALUATED
2363	35756053	1D-239	cefazolin	cefazolin			NO_GENOME_MATCH					NOT_EVALUATED	>	32	>	32			NOT_EVALUATED
2364	35756053	1D-239	meropenem	meropenem			NO_GENOME_MATCH					NOT_EVALUATED	<=	1	<=	1			NOT_EVALUATED
2365	35756053	1D-239	gentamicin	gentamicin			NO_GENOME_MATCH					NOT_EVALUATED	<=	2	<=	2			NOT_EVALUATED
2366	35756053	1D-239	ciprofloxacin	ciprofloxacin			NO_GENOME_MATCH					NOT_EVALUATED	<=	0.5	<=	0.5			NOT_EVALUATED
2367	35756053	1D-239	cefoxitin	cefoxitin			NO_GENOME_MATCH					NOT_EVALUATED	<=	4	<=	4			NOT_EVALUATED
2368	35756053	1D-239	trimethoprim	trimethoprim			NO_GENOME_MATCH					NOT_EVALUATED	<=	0.5/9.5	<=	0.5/9.5			NOT_EVALUATED
2369	35756053	1D-239	tobramycin	tobramycin			NO_GENOME_MATCH					NOT_EVALUATED	<=	4	<=	4			NOT_EVALUATED
2370	35756053	1D-239	tigecycline	tigecycline			NO_GENOME_MATCH					NOT_EVALUATED	<=	1	<=	1			NOT_EVALUATED
2371	35756053	1D-239	tetracycline	tetracycline			NO_GENOME_MATCH					NOT_EVALUATED	<=	0.5	<=	0.5			NOT_EVALUATED
2372	35756053	1D-217	ampicillin	ampicillin			NO_GENOME_MATCH					NOT_EVALUATED	>	32	>	32			NOT_EVALUATED
2373	35756053	1D-217	cefazolin	cefazolin			NO_GENOME_MATCH					NOT_EVALUATED	>	32	>	32			NOT_EVALUATED
2374	35756053	1D-217	meropenem	meropenem			NO_GENOME_MATCH					NOT_EVALUATED	<=	1	<=	1			NOT_EVALUATED
2375	35756053	1D-217	gentamicin	gentamicin			NO_GENOME_MATCH					NOT_EVALUATED	<=	2	<=	2			NOT_EVALUATED
2376	35756053	1D-217	ciprofloxacin	ciprofloxacin			NO_GENOME_MATCH					NOT_EVALUATED	<=	0.5	<=	0.5			NOT_EVALUATED
2377	35756053	1D-217	cefoxitin	cefoxitin			NO_GENOME_MATCH					NOT_EVALUATED	=	8	=	8			NOT_EVALUATED
2378	35756053	1D-217	trimethoprim	trimethoprim			NO_GENOME_MATCH					NOT_EVALUATED	<=	0.5/9.5	<=	0.5/9.5			NOT_EVALUATED
2379	35756053	1D-217	tobramycin	tobramycin			NO_GENOME_MATCH					NOT_EVALUATED	<=	4	<=	4			NOT_EVALUATED
2380	35756053	1D-217	tigecycline	tigecycline			NO_GENOME_MATCH					NOT_EVALUATED	<=	1	<=	1			NOT_EVALUATED
2381	35756053	1D-217	tetracycline	tetracycline			NO_GENOME_MATCH					NOT_EVALUATED	=	2	=	2			NOT_EVALUATED
2382	35756053	1D-260	ampicillin	ampicillin			NO_GENOME_MATCH					NOT_EVALUATED	>	32	>	32			NOT_EVALUATED
2383	35756053	1D-260	cefazolin	cefazolin			NO_GENOME_MATCH					NOT_EVALUATED	>	32	>	32			NOT_EVALUATED
2384	35756053	1D-260	meropenem	meropenem			NO_GENOME_MATCH					NOT_EVALUATED	<=	1	<=	1			NOT_EVALUATED
2385	35756053	1D-260	gentamicin	gentamicin			NO_GENOME_MATCH					NOT_EVALUATED	<=	2	<=	2			NOT_EVALUATED
2386	35756053	1D-260	ciprofloxacin	ciprofloxacin			NO_GENOME_MATCH					NOT_EVALUATED	<=	0.5	<=	0.5			NOT_EVALUATED
2387	35756053	1D-260	cefoxitin	cefoxitin			NO_GENOME_MATCH					NOT_EVALUATED	<=	4	<=	4			NOT_EVALUATED
2388	35756053	1D-260	trimethoprim	trimethoprim			NO_GENOME_MATCH					NOT_EVALUATED	<=	0.5/9.5	<=	0.5/9.5			NOT_EVALUATED
2389	35756053	1D-260	tobramycin	tobramycin			NO_GENOME_MATCH					NOT_EVALUATED	<=	4	<=	4			NOT_EVALUATED
2390	35756053	1D-260	tigecycline	tigecycline			NO_GENOME_MATCH					NOT_EVALUATED	<=	1	<=	1			NOT_EVALUATED
2391	35756053	1D-260	tetracycline	tetracycline			NO_GENOME_MATCH					NOT_EVALUATED	>	16	>	16			NOT_EVALUATED
2392	35756053	1D-263	ampicillin	ampicillin			NO_GENOME_MATCH					NOT_EVALUATED	>	32	>	32			NOT_EVALUATED
2393	35756053	1D-263	cefazolin	cefazolin			NO_GENOME_MATCH					NOT_EVALUATED	>	32	>	32			NOT_EVALUATED
2394	35756053	1D-263	meropenem	meropenem			NO_GENOME_MATCH					NOT_EVALUATED	<=	1	<=	1			NOT_EVALUATED
2395	35756053	1D-263	gentamicin	gentamicin			NO_GENOME_MATCH					NOT_EVALUATED	<=	2	<=	2			NOT_EVALUATED
2396	35756053	1D-263	ciprofloxacin	ciprofloxacin			NO_GENOME_MATCH					NOT_EVALUATED	<=	0.5	<=	0.5			NOT_EVALUATED
2397	35756053	1D-263	cefoxitin	cefoxitin			NO_GENOME_MATCH					NOT_EVALUATED	>	32	>	32			NOT_EVALUATED
2398	35756053	1D-263	trimethoprim	trimethoprim			NO_GENOME_MATCH					NOT_EVALUATED	=	1/19	=	1/19			NOT_EVALUATED
2399	35756053	1D-263	tobramycin	tobramycin			NO_GENOME_MATCH					NOT_EVALUATED	<=	4	<=	4			NOT_EVALUATED
2400	35756053	1D-263	tigecycline	tigecycline			NO_GENOME_MATCH					NOT_EVALUATED	<=	1	<=	1			NOT_EVALUATED
2401	35756053	1D-263	tetracycline	tetracycline			NO_GENOME_MATCH					NOT_EVALUATED	>	16	>	16			NOT_EVALUATED
2402	35756053	1D-264	ampicillin	ampicillin			NO_GENOME_MATCH					NOT_EVALUATED	=	8	=	8			NOT_EVALUATED
2403	35756053	1D-264	cefazolin	cefazolin			NO_GENOME_MATCH					NOT_EVALUATED	>	32	>	32			NOT_EVALUATED
2404	35756053	1D-264	meropenem	meropenem			NO_GENOME_MATCH					NOT_EVALUATED	<=	1	<=	1			NOT_EVALUATED
2405	35756053	1D-264	gentamicin	gentamicin			NO_GENOME_MATCH					NOT_EVALUATED	<=	2	<=	2			NOT_EVALUATED
2406	35756053	1D-264	ciprofloxacin	ciprofloxacin			NO_GENOME_MATCH					NOT_EVALUATED	<=	0.5	<=	0.5			NOT_EVALUATED
2407	35756053	1D-264	cefoxitin	cefoxitin			NO_GENOME_MATCH					NOT_EVALUATED	=	8	=	8			NOT_EVALUATED
2408	35756053	1D-264	trimethoprim	trimethoprim			NO_GENOME_MATCH					NOT_EVALUATED	<=	0.5/9.5	<=	0.5/9.5			NOT_EVALUATED
2409	35756053	1D-264	tobramycin	tobramycin			NO_GENOME_MATCH					NOT_EVALUATED	<=	4	<=	4			NOT_EVALUATED
2410	35756053	1D-264	tigecycline	tigecycline			NO_GENOME_MATCH					NOT_EVALUATED	<=	1	<=	1			NOT_EVALUATED
2411	35756053	1D-264	tetracycline	tetracycline			NO_GENOME_MATCH					NOT_EVALUATED	>	16	>	16			NOT_EVALUATED
2412	35756053	1D-265	ampicillin	ampicillin			NO_GENOME_MATCH					NOT_EVALUATED	>	32	>	32			NOT_EVALUATED
2413	35756053	1D-265	cefazolin	cefazolin			NO_GENOME_MATCH					NOT_EVALUATED	>	32	>	32			NOT_EVALUATED
2414	35756053	1D-265	meropenem	meropenem			NO_GENOME_MATCH					NOT_EVALUATED	<=	1	<=	1			NOT_EVALUATED
2415	35756053	1D-265	gentamicin	gentamicin			NO_GENOME_MATCH					NOT_EVALUATED	<=	2	<=	2			NOT_EVALUATED
2416	35756053	1D-265	ciprofloxacin	ciprofloxacin			NO_GENOME_MATCH					NOT_EVALUATED	<=	0.5	<=	0.5			NOT_EVALUATED
2417	35756053	1D-265	cefoxitin	cefoxitin			NO_GENOME_MATCH					NOT_EVALUATED	=	32	=	32			NOT_EVALUATED
2418	35756053	1D-265	trimethoprim	trimethoprim			NO_GENOME_MATCH					NOT_EVALUATED	<=	0.5/9.5	<=	0.5/9.5			NOT_EVALUATED
2419	35756053	1D-265	tobramycin	tobramycin			NO_GENOME_MATCH					NOT_EVALUATED	<=	4	<=	4			NOT_EVALUATED
2420	35756053	1D-265	tigecycline	tigecycline			NO_GENOME_MATCH					NOT_EVALUATED	<=	1	<=	1			NOT_EVALUATED
2421	35756053	1D-265	tetracycline	tetracycline			NO_GENOME_MATCH					NOT_EVALUATED	=	2	=	2			NOT_EVALUATED
2422	35756053	1D-238	ampicillin	ampicillin			NO_GENOME_MATCH					NOT_EVALUATED	>	32	>	32			NOT_EVALUATED
2423	35756053	1D-238	cefazolin	cefazolin			NO_GENOME_MATCH					NOT_EVALUATED	<=	4	<=	4			NOT_EVALUATED
2424	35756053	1D-238	meropenem	meropenem			NO_GENOME_MATCH					NOT_EVALUATED	<=	1	<=	1			NOT_EVALUATED
2425	35756053	1D-238	gentamicin	gentamicin			NO_GENOME_MATCH					NOT_EVALUATED	<=	2	<=	2			NOT_EVALUATED
2426	35756053	1D-238	ciprofloxacin	ciprofloxacin			NO_GENOME_MATCH					NOT_EVALUATED	<=	0.5	<=	0.5			NOT_EVALUATED
2427	35756053	1D-238	cefoxitin	cefoxitin			NO_GENOME_MATCH					NOT_EVALUATED	<=	4	<=	4			NOT_EVALUATED
2428	35756053	1D-238	trimethoprim	trimethoprim			NO_GENOME_MATCH					NOT_EVALUATED	<=	0.5/9.5	<=	0.5/9.5			NOT_EVALUATED
2429	35756053	1D-238	tobramycin	tobramycin			NO_GENOME_MATCH					NOT_EVALUATED	<=	4	<=	4			NOT_EVALUATED
2430	35756053	1D-238	tigecycline	tigecycline			NO_GENOME_MATCH					NOT_EVALUATED	<=	1	<=	1			NOT_EVALUATED
2431	35756053	1D-238	tetracycline	tetracycline			NO_GENOME_MATCH					NOT_EVALUATED	>	16	>	16			NOT_EVALUATED
2432	35756053	1D-240	ampicillin	ampicillin			NO_GENOME_MATCH					NOT_EVALUATED	>	32	>	32			NOT_EVALUATED
2433	35756053	1D-240	cefazolin	cefazolin			NO_GENOME_MATCH					NOT_EVALUATED	>	32	>	32			NOT_EVALUATED
2434	35756053	1D-240	meropenem	meropenem			NO_GENOME_MATCH					NOT_EVALUATED	=	2	=	2			NOT_EVALUATED
2435	35756053	1D-240	gentamicin	gentamicin			NO_GENOME_MATCH					NOT_EVALUATED	<=	2	<=	2			NOT_EVALUATED
2436	35756053	1D-240	ciprofloxacin	ciprofloxacin			NO_GENOME_MATCH					NOT_EVALUATED	<=	0.5	<=	0.5			NOT_EVALUATED
2437	35756053	1D-240	cefoxitin	cefoxitin			NO_GENOME_MATCH					NOT_EVALUATED	>	32	>	32			NOT_EVALUATED
2438	35756053	1D-240	trimethoprim	trimethoprim			NO_GENOME_MATCH					NOT_EVALUATED	>	4/76	>	4/76			NOT_EVALUATED
2439	35756053	1D-240	tobramycin	tobramycin			NO_GENOME_MATCH					NOT_EVALUATED	<=	4	<=	4			NOT_EVALUATED
2440	35756053	1D-240	tigecycline	tigecycline			NO_GENOME_MATCH					NOT_EVALUATED	=	8	=	8			NOT_EVALUATED
2441	35756053	1D-240	tetracycline	tetracycline			NO_GENOME_MATCH					NOT_EVALUATED	>	16	>	16			NOT_EVALUATED
2442	35756053	1D-241	ampicillin	ampicillin			NO_GENOME_MATCH					NOT_EVALUATED	>	32	>	32			NOT_EVALUATED
2443	35756053	1D-241	cefazolin	cefazolin			NO_GENOME_MATCH					NOT_EVALUATED	>	32	>	32			NOT_EVALUATED
2444	35756053	1D-241	meropenem	meropenem			NO_GENOME_MATCH					NOT_EVALUATED	<=	1	<=	1			NOT_EVALUATED
2445	35756053	1D-241	gentamicin	gentamicin			NO_GENOME_MATCH					NOT_EVALUATED	<=	2	<=	2			NOT_EVALUATED
2446	35756053	1D-241	ciprofloxacin	ciprofloxacin			NO_GENOME_MATCH					NOT_EVALUATED	<=	0.5	<=	0.5			NOT_EVALUATED
2447	35756053	1D-241	cefoxitin	cefoxitin			NO_GENOME_MATCH					NOT_EVALUATED	>	32	>	32			NOT_EVALUATED
2448	35756053	1D-241	trimethoprim	trimethoprim			NO_GENOME_MATCH					NOT_EVALUATED	>	4/76	>	4/76			NOT_EVALUATED
2449	35756053	1D-241	tobramycin	tobramycin			NO_GENOME_MATCH					NOT_EVALUATED	<=	4	<=	4			NOT_EVALUATED
2450	35756053	1D-241	tigecycline	tigecycline			NO_GENOME_MATCH					NOT_EVALUATED	=	8	=	8			NOT_EVALUATED
2451	35756053	1D-241	tetracycline	tetracycline			NO_GENOME_MATCH					NOT_EVALUATED	>	16	>	16			NOT_EVALUATED
2452	35756053	1D-242	ampicillin	ampicillin			NO_GENOME_MATCH					NOT_EVALUATED	>	32	>	32			NOT_EVALUATED
2453	35756053	1D-242	cefazolin	cefazolin			NO_GENOME_MATCH					NOT_EVALUATED	>	32	>	32			NOT_EVALUATED
2454	35756053	1D-242	meropenem	meropenem			NO_GENOME_MATCH					NOT_EVALUATED	=	8	=	8			NOT_EVALUATED
2455	35756053	1D-242	gentamicin	gentamicin			NO_GENOME_MATCH					NOT_EVALUATED	<=	2	<=	2			NOT_EVALUATED
2456	35756053	1D-242	ciprofloxacin	ciprofloxacin			NO_GENOME_MATCH					NOT_EVALUATED	=	1	=	1			NOT_EVALUATED
2457	35756053	1D-242	cefoxitin	cefoxitin			NO_GENOME_MATCH					NOT_EVALUATED	>	32	>	32			NOT_EVALUATED
2458	35756053	1D-242	trimethoprim	trimethoprim			NO_GENOME_MATCH					NOT_EVALUATED	>	4/76	>	4/76			NOT_EVALUATED
2459	35756053	1D-242	tobramycin	tobramycin			NO_GENOME_MATCH					NOT_EVALUATED	<=	4	<=	4			NOT_EVALUATED
2460	35756053	1D-242	tigecycline	tigecycline			NO_GENOME_MATCH					NOT_EVALUATED	>	8	>	8			NOT_EVALUATED
2461	35756053	1D-242	tetracycline	tetracycline			NO_GENOME_MATCH					NOT_EVALUATED	>	16	>	16			NOT_EVALUATED
2462	35756053	1D-243	ampicillin	ampicillin			NO_GENOME_MATCH					NOT_EVALUATED	>	32	>	32			NOT_EVALUATED
2463	35756053	1D-243	cefazolin	cefazolin			NO_GENOME_MATCH					NOT_EVALUATED	>	32	>	32			NOT_EVALUATED
2464	35756053	1D-243	meropenem	meropenem			NO_GENOME_MATCH					NOT_EVALUATED	<=	1	<=	1			NOT_EVALUATED
2465	35756053	1D-243	gentamicin	gentamicin			NO_GENOME_MATCH					NOT_EVALUATED	<=	2	<=	2			NOT_EVALUATED
2466	35756053	1D-243	ciprofloxacin	ciprofloxacin			NO_GENOME_MATCH					NOT_EVALUATED	<=	0.5	<=	0.5			NOT_EVALUATED
2467	35756053	1D-243	cefoxitin	cefoxitin			NO_GENOME_MATCH					NOT_EVALUATED	>	32	>	32			NOT_EVALUATED
2468	35756053	1D-243	trimethoprim	trimethoprim			NO_GENOME_MATCH					NOT_EVALUATED	>	4/76	>	4/76			NOT_EVALUATED
2469	35756053	1D-243	tobramycin	tobramycin			NO_GENOME_MATCH					NOT_EVALUATED	<=	4	<=	4			NOT_EVALUATED
2470	35756053	1D-243	tigecycline	tigecycline			NO_GENOME_MATCH					NOT_EVALUATED	=	8	=	8			NOT_EVALUATED
2471	35756053	1D-243	tetracycline	tetracycline			NO_GENOME_MATCH					NOT_EVALUATED	>	16	>	16			NOT_EVALUATED
2472	35756053	1D-244	ampicillin	ampicillin			NO_GENOME_MATCH					NOT_EVALUATED	>	32	>	32			NOT_EVALUATED
2473	35756053	1D-244	cefazolin	cefazolin			NO_GENOME_MATCH					NOT_EVALUATED	>	32	>	32			NOT_EVALUATED
2474	35756053	1D-244	meropenem	meropenem			NO_GENOME_MATCH					NOT_EVALUATED	<=	1	<=	1			NOT_EVALUATED
2475	35756053	1D-244	gentamicin	gentamicin			NO_GENOME_MATCH					NOT_EVALUATED	<=	2	<=	2			NOT_EVALUATED
2476	35756053	1D-244	ciprofloxacin	ciprofloxacin			NO_GENOME_MATCH					NOT_EVALUATED	<=	0.5	<=	0.5			NOT_EVALUATED
2477	35756053	1D-244	cefoxitin	cefoxitin			NO_GENOME_MATCH					NOT_EVALUATED	>	32	>	32			NOT_EVALUATED
2478	35756053	1D-244	trimethoprim	trimethoprim			NO_GENOME_MATCH					NOT_EVALUATED	>	4/76	>	4/76			NOT_EVALUATED
2479	35756053	1D-244	tobramycin	tobramycin			NO_GENOME_MATCH					NOT_EVALUATED	<=	4	<=	4			NOT_EVALUATED
2480	35756053	1D-244	tigecycline	tigecycline			NO_GENOME_MATCH					NOT_EVALUATED	=	8	=	8			NOT_EVALUATED
2481	35756053	1D-244	tetracycline	tetracycline			NO_GENOME_MATCH					NOT_EVALUATED	=	16	=	16			NOT_EVALUATED
2482	35756053	1D-245	ampicillin	ampicillin			NO_GENOME_MATCH					NOT_EVALUATED	>	32	>	32			NOT_EVALUATED
2483	35756053	1D-245	cefazolin	cefazolin			NO_GENOME_MATCH					NOT_EVALUATED	>	32	>	32			NOT_EVALUATED
2484	35756053	1D-245	meropenem	meropenem			NO_GENOME_MATCH					NOT_EVALUATED	=	4	=	4			NOT_EVALUATED
2485	35756053	1D-245	gentamicin	gentamicin			NO_GENOME_MATCH					NOT_EVALUATED	<=	2	<=	2			NOT_EVALUATED
2486	35756053	1D-245	ciprofloxacin	ciprofloxacin			NO_GENOME_MATCH					NOT_EVALUATED	>	4	>	4			NOT_EVALUATED
2487	35756053	1D-245	cefoxitin	cefoxitin			NO_GENOME_MATCH					NOT_EVALUATED	>	32	>	32			NOT_EVALUATED
2488	35756053	1D-245	trimethoprim	trimethoprim			NO_GENOME_MATCH					NOT_EVALUATED	>	4/76	>	4/76			NOT_EVALUATED
2489	35756053	1D-245	tobramycin	tobramycin			NO_GENOME_MATCH					NOT_EVALUATED	<=	4	<=	4			NOT_EVALUATED
2490	35756053	1D-245	tigecycline	tigecycline			NO_GENOME_MATCH					NOT_EVALUATED	>	8	>	8			NOT_EVALUATED
2491	35756053	1D-245	tetracycline	tetracycline			NO_GENOME_MATCH					NOT_EVALUATED	>	16	>	16			NOT_EVALUATED
2492	35756053	1D-246	ampicillin	ampicillin			NO_GENOME_MATCH					NOT_EVALUATED	>	32	>	32			NOT_EVALUATED
2493	35756053	1D-246	cefazolin	cefazolin			NO_GENOME_MATCH					NOT_EVALUATED	>	32	>	32			NOT_EVALUATED
2494	35756053	1D-246	meropenem	meropenem			NO_GENOME_MATCH					NOT_EVALUATED	<=	1	<=	1			NOT_EVALUATED
2495	35756053	1D-246	gentamicin	gentamicin			NO_GENOME_MATCH					NOT_EVALUATED	<=	2	<=	2			NOT_EVALUATED
2496	35756053	1D-246	ciprofloxacin	ciprofloxacin			NO_GENOME_MATCH					NOT_EVALUATED	<=	0.5	<=	0.5			NOT_EVALUATED
2497	35756053	1D-246	cefoxitin	cefoxitin			NO_GENOME_MATCH					NOT_EVALUATED	>	32	>	32			NOT_EVALUATED
2498	35756053	1D-246	trimethoprim	trimethoprim			NO_GENOME_MATCH					NOT_EVALUATED	>	4/76	>	4/76			NOT_EVALUATED
2499	35756053	1D-246	tobramycin	tobramycin			NO_GENOME_MATCH					NOT_EVALUATED	<=	4	<=	4			NOT_EVALUATED
2500	35756053	1D-246	tigecycline	tigecycline			NO_GENOME_MATCH					NOT_EVALUATED	=	8	=	8			NOT_EVALUATED
2501	35756053	1D-246	tetracycline	tetracycline			NO_GENOME_MATCH					NOT_EVALUATED	=	16	=	16			NOT_EVALUATED
2502	35756053	1D-247	ampicillin	ampicillin			NO_GENOME_MATCH					NOT_EVALUATED	>	32	>	32			NOT_EVALUATED
2503	35756053	1D-247	cefazolin	cefazolin			NO_GENOME_MATCH					NOT_EVALUATED	>	32	>	32			NOT_EVALUATED
2504	35756053	1D-247	meropenem	meropenem			NO_GENOME_MATCH					NOT_EVALUATED	<=	1	<=	1			NOT_EVALUATED
2505	35756053	1D-247	gentamicin	gentamicin			NO_GENOME_MATCH					NOT_EVALUATED	=	4	=	4			NOT_EVALUATED
2506	35756053	1D-247	ciprofloxacin	ciprofloxacin			NO_GENOME_MATCH					NOT_EVALUATED	<=	0.5	<=	0.5			NOT_EVALUATED
2507	35756053	1D-247	cefoxitin	cefoxitin			NO_GENOME_MATCH					NOT_EVALUATED	>	32	>	32			NOT_EVALUATED
2508	35756053	1D-247	trimethoprim	trimethoprim			NO_GENOME_MATCH					NOT_EVALUATED	<=	0.5/9.5	<=	0.5/9.5			NOT_EVALUATED
2509	35756053	1D-247	tobramycin	tobramycin			NO_GENOME_MATCH					NOT_EVALUATED	<=	4	<=	4			NOT_EVALUATED
2510	35756053	1D-247	tigecycline	tigecycline			NO_GENOME_MATCH					NOT_EVALUATED	=	4	=	4			NOT_EVALUATED
2511	35756053	1D-247	tetracycline	tetracycline			NO_GENOME_MATCH					NOT_EVALUATED	=	8	=	8			NOT_EVALUATED
2512	35756053	1D-248	ampicillin	ampicillin			NO_GENOME_MATCH					NOT_EVALUATED	>	32	>	32			NOT_EVALUATED
2513	35756053	1D-248	cefazolin	cefazolin			NO_GENOME_MATCH					NOT_EVALUATED	>	32	>	32			NOT_EVALUATED
2514	35756053	1D-248	meropenem	meropenem			NO_GENOME_MATCH					NOT_EVALUATED	<=	1	<=	1			NOT_EVALUATED
2515	35756053	1D-248	gentamicin	gentamicin			NO_GENOME_MATCH					NOT_EVALUATED	=	4	=	4			NOT_EVALUATED
2516	35756053	1D-248	ciprofloxacin	ciprofloxacin			NO_GENOME_MATCH					NOT_EVALUATED	<=	0.5	<=	0.5			NOT_EVALUATED
2517	35756053	1D-248	cefoxitin	cefoxitin			NO_GENOME_MATCH					NOT_EVALUATED	>	32	>	32			NOT_EVALUATED
2518	35756053	1D-248	trimethoprim	trimethoprim			NO_GENOME_MATCH					NOT_EVALUATED	>	4/76	>	4/76			NOT_EVALUATED
2519	35756053	1D-248	tobramycin	tobramycin			NO_GENOME_MATCH					NOT_EVALUATED	<=	4	<=	4			NOT_EVALUATED
2520	35756053	1D-248	tigecycline	tigecycline			NO_GENOME_MATCH					NOT_EVALUATED	>	8	>	8			NOT_EVALUATED
2521	35756053	1D-248	tetracycline	tetracycline			NO_GENOME_MATCH					NOT_EVALUATED	>	16	>	16			NOT_EVALUATED
2522	35756053	1D-249	ampicillin	ampicillin			NO_GENOME_MATCH					NOT_EVALUATED	>	32	>	32			NOT_EVALUATED
2523	35756053	1D-249	cefazolin	cefazolin			NO_GENOME_MATCH					NOT_EVALUATED	>	32	>	32			NOT_EVALUATED
2524	35756053	1D-249	meropenem	meropenem			NO_GENOME_MATCH					NOT_EVALUATED	<=	1	<=	1			NOT_EVALUATED
2525	35756053	1D-249	gentamicin	gentamicin			NO_GENOME_MATCH					NOT_EVALUATED	<=	2	<=	2			NOT_EVALUATED
2526	35756053	1D-249	ciprofloxacin	ciprofloxacin			NO_GENOME_MATCH					NOT_EVALUATED	=	2	=	2			NOT_EVALUATED
2527	35756053	1D-249	cefoxitin	cefoxitin			NO_GENOME_MATCH					NOT_EVALUATED	>	32	>	32			NOT_EVALUATED
2528	35756053	1D-249	trimethoprim	trimethoprim			NO_GENOME_MATCH					NOT_EVALUATED	>	4/76	>	4/76			NOT_EVALUATED
2529	35756053	1D-249	tobramycin	tobramycin			NO_GENOME_MATCH					NOT_EVALUATED	<=	4	<=	4			NOT_EVALUATED
2530	35756053	1D-249	tigecycline	tigecycline			NO_GENOME_MATCH					NOT_EVALUATED	=	4	=	4			NOT_EVALUATED
2531	35756053	1D-249	tetracycline	tetracycline			NO_GENOME_MATCH					NOT_EVALUATED	>	16	>	16			NOT_EVALUATED
2532	35756053	1D-250	ampicillin	ampicillin			NO_GENOME_MATCH					NOT_EVALUATED	>	32	>	32			NOT_EVALUATED
2533	35756053	1D-250	cefazolin	cefazolin			NO_GENOME_MATCH					NOT_EVALUATED	>	32	>	32			NOT_EVALUATED
2534	35756053	1D-250	meropenem	meropenem			NO_GENOME_MATCH					NOT_EVALUATED	<=	1	<=	1			NOT_EVALUATED
2535	35756053	1D-250	gentamicin	gentamicin			NO_GENOME_MATCH					NOT_EVALUATED	<=	2	<=	2			NOT_EVALUATED
2536	35756053	1D-250	ciprofloxacin	ciprofloxacin			NO_GENOME_MATCH					NOT_EVALUATED	<=	0.5	<=	0.5			NOT_EVALUATED
2537	35756053	1D-250	cefoxitin	cefoxitin			NO_GENOME_MATCH					NOT_EVALUATED	>	32	>	32			NOT_EVALUATED
2538	35756053	1D-250	trimethoprim	trimethoprim			NO_GENOME_MATCH					NOT_EVALUATED	>	4/76	>	4/76			NOT_EVALUATED
2539	35756053	1D-250	tobramycin	tobramycin			NO_GENOME_MATCH					NOT_EVALUATED	<=	4	<=	4			NOT_EVALUATED
2540	35756053	1D-250	tigecycline	tigecycline			NO_GENOME_MATCH					NOT_EVALUATED	<=	1	<=	1			NOT_EVALUATED
2541	35756053	1D-250	tetracycline	tetracycline			NO_GENOME_MATCH					NOT_EVALUATED	=	4	=	4			NOT_EVALUATED
2542	35756053	1D-251	ampicillin	ampicillin			NO_GENOME_MATCH					NOT_EVALUATED	>	32	>	32			NOT_EVALUATED
2543	35756053	1D-251	cefazolin	cefazolin			NO_GENOME_MATCH					NOT_EVALUATED	>	32	>	32			NOT_EVALUATED
2544	35756053	1D-251	meropenem	meropenem			NO_GENOME_MATCH					NOT_EVALUATED	<=	1	<=	1			NOT_EVALUATED
2545	35756053	1D-251	gentamicin	gentamicin			NO_GENOME_MATCH					NOT_EVALUATED	<=	2	<=	2			NOT_EVALUATED
2546	35756053	1D-251	ciprofloxacin	ciprofloxacin			NO_GENOME_MATCH					NOT_EVALUATED	<=	0.5	<=	0.5			NOT_EVALUATED
2547	35756053	1D-251	cefoxitin	cefoxitin			NO_GENOME_MATCH					NOT_EVALUATED	>	32	>	32			NOT_EVALUATED
2548	35756053	1D-251	trimethoprim	trimethoprim			NO_GENOME_MATCH					NOT_EVALUATED	>	4/76	>	4/76			NOT_EVALUATED
2549	35756053	1D-251	tobramycin	tobramycin			NO_GENOME_MATCH					NOT_EVALUATED	<=	4	<=	4			NOT_EVALUATED
2550	35756053	1D-251	tigecycline	tigecycline			NO_GENOME_MATCH					NOT_EVALUATED	>	8	>	8			NOT_EVALUATED
2551	35756053	1D-251	tetracycline	tetracycline			NO_GENOME_MATCH					NOT_EVALUATED	>	16	>	16			NOT_EVALUATED
2552	35756053	1D-252	ampicillin	ampicillin			NO_GENOME_MATCH					NOT_EVALUATED	>	32	>	32			NOT_EVALUATED
2553	35756053	1D-252	cefazolin	cefazolin			NO_GENOME_MATCH					NOT_EVALUATED	>	32	>	32			NOT_EVALUATED
2554	35756053	1D-252	meropenem	meropenem			NO_GENOME_MATCH					NOT_EVALUATED	<=	1	<=	1			NOT_EVALUATED
2555	35756053	1D-252	gentamicin	gentamicin			NO_GENOME_MATCH					NOT_EVALUATED	<=	2	<=	2			NOT_EVALUATED
2556	35756053	1D-252	ciprofloxacin	ciprofloxacin			NO_GENOME_MATCH					NOT_EVALUATED	<=	0.5	<=	0.5			NOT_EVALUATED
2557	35756053	1D-252	cefoxitin	cefoxitin			NO_GENOME_MATCH					NOT_EVALUATED	>	32	>	32			NOT_EVALUATED
2558	35756053	1D-252	trimethoprim	trimethoprim			NO_GENOME_MATCH					NOT_EVALUATED	>	4/76	>	4/76			NOT_EVALUATED
2559	35756053	1D-252	tobramycin	tobramycin			NO_GENOME_MATCH					NOT_EVALUATED	<=	4	<=	4			NOT_EVALUATED
2560	35756053	1D-252	tigecycline	tigecycline			NO_GENOME_MATCH					NOT_EVALUATED	=	8	=	8			NOT_EVALUATED
2561	35756053	1D-252	tetracycline	tetracycline			NO_GENOME_MATCH					NOT_EVALUATED	>	16	>	16			NOT_EVALUATED
2562	35756053	1D-253	ampicillin	ampicillin			NO_GENOME_MATCH					NOT_EVALUATED	>	32	>	32			NOT_EVALUATED
2563	35756053	1D-253	cefazolin	cefazolin			NO_GENOME_MATCH					NOT_EVALUATED	>	32	>	32			NOT_EVALUATED
2564	35756053	1D-253	meropenem	meropenem			NO_GENOME_MATCH					NOT_EVALUATED	<=	1	<=	1			NOT_EVALUATED
2565	35756053	1D-253	gentamicin	gentamicin			NO_GENOME_MATCH					NOT_EVALUATED	<=	2	<=	2			NOT_EVALUATED
2566	35756053	1D-253	ciprofloxacin	ciprofloxacin			NO_GENOME_MATCH					NOT_EVALUATED	<=	0.5	<=	0.5			NOT_EVALUATED
2567	35756053	1D-253	cefoxitin	cefoxitin			NO_GENOME_MATCH					NOT_EVALUATED	>	32	>	32			NOT_EVALUATED
2568	35756053	1D-253	trimethoprim	trimethoprim			NO_GENOME_MATCH					NOT_EVALUATED	=	4/76	=	4/76			NOT_EVALUATED
2569	35756053	1D-253	tobramycin	tobramycin			NO_GENOME_MATCH					NOT_EVALUATED	<=	4	<=	4			NOT_EVALUATED
2570	35756053	1D-253	tigecycline	tigecycline			NO_GENOME_MATCH					NOT_EVALUATED	=	4	=	4			NOT_EVALUATED
2571	35756053	1D-253	tetracycline	tetracycline			NO_GENOME_MATCH					NOT_EVALUATED	>	16	>	16			NOT_EVALUATED
2572	35756053	1D-254	ampicillin	ampicillin			NO_GENOME_MATCH					NOT_EVALUATED	>	32	>	32			NOT_EVALUATED
2573	35756053	1D-254	cefazolin	cefazolin			NO_GENOME_MATCH					NOT_EVALUATED	>	32	>	32			NOT_EVALUATED
2574	35756053	1D-254	meropenem	meropenem			NO_GENOME_MATCH					NOT_EVALUATED	<=	1	<=	1			NOT_EVALUATED
2575	35756053	1D-254	gentamicin	gentamicin			NO_GENOME_MATCH					NOT_EVALUATED	<=	2	<=	2			NOT_EVALUATED
2576	35756053	1D-254	ciprofloxacin	ciprofloxacin			NO_GENOME_MATCH					NOT_EVALUATED	<=	0.5	<=	0.5			NOT_EVALUATED
2577	35756053	1D-254	cefoxitin	cefoxitin			NO_GENOME_MATCH					NOT_EVALUATED	>	32	>	32			NOT_EVALUATED
2578	35756053	1D-254	trimethoprim	trimethoprim			NO_GENOME_MATCH					NOT_EVALUATED	=	2/38	=	2/38			NOT_EVALUATED
2579	35756053	1D-254	tobramycin	tobramycin			NO_GENOME_MATCH					NOT_EVALUATED	<=	4	<=	4			NOT_EVALUATED
2580	35756053	1D-254	tigecycline	tigecycline			NO_GENOME_MATCH					NOT_EVALUATED	=	4	=	4			NOT_EVALUATED
2581	35756053	1D-254	tetracycline	tetracycline			NO_GENOME_MATCH					NOT_EVALUATED	=	8	=	8			NOT_EVALUATED
2582	35756053	1D-255	ampicillin	ampicillin			NO_GENOME_MATCH					NOT_EVALUATED	>	32	>	32			NOT_EVALUATED
2583	35756053	1D-255	cefazolin	cefazolin			NO_GENOME_MATCH					NOT_EVALUATED	>	32	>	32			NOT_EVALUATED
2584	35756053	1D-255	meropenem	meropenem			NO_GENOME_MATCH					NOT_EVALUATED	<=	1	<=	1			NOT_EVALUATED
2585	35756053	1D-255	gentamicin	gentamicin			NO_GENOME_MATCH					NOT_EVALUATED	<=	2	<=	2			NOT_EVALUATED
2586	35756053	1D-255	ciprofloxacin	ciprofloxacin			NO_GENOME_MATCH					NOT_EVALUATED	=	1	=	1			NOT_EVALUATED
2587	35756053	1D-255	cefoxitin	cefoxitin			NO_GENOME_MATCH					NOT_EVALUATED	>	32	>	32			NOT_EVALUATED
2588	35756053	1D-255	trimethoprim	trimethoprim			NO_GENOME_MATCH					NOT_EVALUATED	>	4/76	>	4/76			NOT_EVALUATED
2589	35756053	1D-255	tobramycin	tobramycin			NO_GENOME_MATCH					NOT_EVALUATED	<=	4	<=	4			NOT_EVALUATED
2590	35756053	1D-255	tigecycline	tigecycline			NO_GENOME_MATCH					NOT_EVALUATED	=	8	=	8			NOT_EVALUATED
2591	35756053	1D-255	tetracycline	tetracycline			NO_GENOME_MATCH					NOT_EVALUATED	>	16	>	16			NOT_EVALUATED
2592	35756053	1D-256	ampicillin	ampicillin			NO_GENOME_MATCH					NOT_EVALUATED	>	32	>	32			NOT_EVALUATED
2593	35756053	1D-256	cefazolin	cefazolin			NO_GENOME_MATCH					NOT_EVALUATED	>	32	>	32			NOT_EVALUATED
2594	35756053	1D-256	meropenem	meropenem			NO_GENOME_MATCH					NOT_EVALUATED	<=	1	<=	1			NOT_EVALUATED
2595	35756053	1D-256	gentamicin	gentamicin			NO_GENOME_MATCH					NOT_EVALUATED	<=	2	<=	2			NOT_EVALUATED
2596	35756053	1D-256	ciprofloxacin	ciprofloxacin			NO_GENOME_MATCH					NOT_EVALUATED	<=	0.5	<=	0.5			NOT_EVALUATED
2597	35756053	1D-256	cefoxitin	cefoxitin			NO_GENOME_MATCH					NOT_EVALUATED	>	32	>	32			NOT_EVALUATED
2598	35756053	1D-256	trimethoprim	trimethoprim			NO_GENOME_MATCH					NOT_EVALUATED	<=	0.5/9.5	<=	0.5/9.5			NOT_EVALUATED
2599	35756053	1D-256	tobramycin	tobramycin			NO_GENOME_MATCH					NOT_EVALUATED	<=	4	<=	4			NOT_EVALUATED
2600	35756053	1D-256	tigecycline	tigecycline			NO_GENOME_MATCH					NOT_EVALUATED	<=	1	<=	1			NOT_EVALUATED
2601	35756053	1D-256	tetracycline	tetracycline			NO_GENOME_MATCH					NOT_EVALUATED	=	1	=	1			NOT_EVALUATED
2602	35756053	1D-257	ampicillin	ampicillin			NO_GENOME_MATCH					NOT_EVALUATED	>	32	>	32			NOT_EVALUATED
2603	35756053	1D-257	cefazolin	cefazolin			NO_GENOME_MATCH					NOT_EVALUATED	>	32	>	32			NOT_EVALUATED
2604	35756053	1D-257	meropenem	meropenem			NO_GENOME_MATCH					NOT_EVALUATED	<=	1	<=	1			NOT_EVALUATED
2605	35756053	1D-257	gentamicin	gentamicin			NO_GENOME_MATCH					NOT_EVALUATED	<=	2	<=	2			NOT_EVALUATED
2606	35756053	1D-257	ciprofloxacin	ciprofloxacin			NO_GENOME_MATCH					NOT_EVALUATED	<=	0.5	<=	0.5			NOT_EVALUATED
2607	35756053	1D-257	cefoxitin	cefoxitin			NO_GENOME_MATCH					NOT_EVALUATED	>	32	>	32			NOT_EVALUATED
2608	35756053	1D-257	trimethoprim	trimethoprim			NO_GENOME_MATCH					NOT_EVALUATED	>	4/76	>	4/76			NOT_EVALUATED
2609	35756053	1D-257	tobramycin	tobramycin			NO_GENOME_MATCH					NOT_EVALUATED	<=	4	<=	4			NOT_EVALUATED
2610	35756053	1D-257	tigecycline	tigecycline			NO_GENOME_MATCH					NOT_EVALUATED	=	8	=	8			NOT_EVALUATED
2611	35756053	1D-257	tetracycline	tetracycline			NO_GENOME_MATCH					NOT_EVALUATED	>	16	>	16			NOT_EVALUATED
2612	35756053	1D-258	ampicillin	ampicillin			NO_GENOME_MATCH					NOT_EVALUATED	>	32	>	32			NOT_EVALUATED
2613	35756053	1D-258	cefazolin	cefazolin			NO_GENOME_MATCH					NOT_EVALUATED	>	32	>	32			NOT_EVALUATED
2614	35756053	1D-258	meropenem	meropenem			NO_GENOME_MATCH					NOT_EVALUATED	<=	1	<=	1			NOT_EVALUATED
2615	35756053	1D-258	gentamicin	gentamicin			NO_GENOME_MATCH					NOT_EVALUATED	<=	2	<=	2			NOT_EVALUATED
2616	35756053	1D-258	ciprofloxacin	ciprofloxacin			NO_GENOME_MATCH					NOT_EVALUATED	<=	0.5	<=	0.5			NOT_EVALUATED
2617	35756053	1D-258	cefoxitin	cefoxitin			NO_GENOME_MATCH					NOT_EVALUATED	>	32	>	32			NOT_EVALUATED
2618	35756053	1D-258	trimethoprim	trimethoprim			NO_GENOME_MATCH					NOT_EVALUATED	>	4/76	>	4/76			NOT_EVALUATED
2619	35756053	1D-258	tobramycin	tobramycin			NO_GENOME_MATCH					NOT_EVALUATED	<=	4	<=	4			NOT_EVALUATED
2620	35756053	1D-258	tigecycline	tigecycline			NO_GENOME_MATCH					NOT_EVALUATED	=	4	=	4			NOT_EVALUATED
2621	35756053	1D-258	tetracycline	tetracycline			NO_GENOME_MATCH					NOT_EVALUATED	=	16	=	16			NOT_EVALUATED
2622	35756053	1D-259	ampicillin	ampicillin			NO_GENOME_MATCH					NOT_EVALUATED	>	32	>	32			NOT_EVALUATED
2623	35756053	1D-259	cefazolin	cefazolin			NO_GENOME_MATCH					NOT_EVALUATED	>	32	>	32			NOT_EVALUATED
2624	35756053	1D-259	meropenem	meropenem			NO_GENOME_MATCH					NOT_EVALUATED	<=	1	<=	1			NOT_EVALUATED
2625	35756053	1D-259	gentamicin	gentamicin			NO_GENOME_MATCH					NOT_EVALUATED	<=	2	<=	2			NOT_EVALUATED
2626	35756053	1D-259	ciprofloxacin	ciprofloxacin			NO_GENOME_MATCH					NOT_EVALUATED	<=	0.5	<=	0.5			NOT_EVALUATED
2627	35756053	1D-259	cefoxitin	cefoxitin			NO_GENOME_MATCH					NOT_EVALUATED	>	32	>	32			NOT_EVALUATED
2628	35756053	1D-259	trimethoprim	trimethoprim			NO_GENOME_MATCH					NOT_EVALUATED	>	4/76	>	4/76			NOT_EVALUATED
2629	35756053	1D-259	tobramycin	tobramycin			NO_GENOME_MATCH					NOT_EVALUATED	<=	4	<=	4			NOT_EVALUATED
2630	35756053	1D-259	tigecycline	tigecycline			NO_GENOME_MATCH					NOT_EVALUATED	=	8	=	8			NOT_EVALUATED
2631	35756053	1D-259	tetracycline	tetracycline			NO_GENOME_MATCH					NOT_EVALUATED	>	16	>	16			NOT_EVALUATED
2632	35756053	1D-492	ampicillin	ampicillin			NO_GENOME_MATCH					NOT_EVALUATED	>	32	>	32			NOT_EVALUATED
2633	35756053	1D-492	cefazolin	cefazolin			NO_GENOME_MATCH					NOT_EVALUATED	>	32	>	32			NOT_EVALUATED
2634	35756053	1D-492	meropenem	meropenem			NO_GENOME_MATCH					NOT_EVALUATED	<=	1	<=	1			NOT_EVALUATED
2635	35756053	1D-492	gentamicin	gentamicin			NO_GENOME_MATCH					NOT_EVALUATED	<=	2	<=	2			NOT_EVALUATED
2636	35756053	1D-492	ciprofloxacin	ciprofloxacin			NO_GENOME_MATCH					NOT_EVALUATED	<=	0.5	<=	0.5			NOT_EVALUATED
2637	35756053	1D-492	cefoxitin	cefoxitin			NO_GENOME_MATCH					NOT_EVALUATED	>	32	>	32			NOT_EVALUATED
2638	35756053	1D-492	trimethoprim	trimethoprim			NO_GENOME_MATCH					NOT_EVALUATED	>	4/76	>	4/76			NOT_EVALUATED
2639	35756053	1D-492	tobramycin	tobramycin			NO_GENOME_MATCH					NOT_EVALUATED	<=	4	<=	4			NOT_EVALUATED
2640	35756053	1D-492	tigecycline	tigecycline			NO_GENOME_MATCH					NOT_EVALUATED	=	8	=	8			NOT_EVALUATED
2641	35756053	1D-492	tetracycline	tetracycline			NO_GENOME_MATCH					NOT_EVALUATED	=	16	=	16			NOT_EVALUATED
2642	35756053	1D-261	ampicillin	ampicillin			NO_GENOME_MATCH					NOT_EVALUATED	>	32	>	32			NOT_EVALUATED
2643	35756053	1D-261	cefazolin	cefazolin			NO_GENOME_MATCH					NOT_EVALUATED	>	32	>	32			NOT_EVALUATED
2644	35756053	1D-261	meropenem	meropenem			NO_GENOME_MATCH					NOT_EVALUATED	>	8	>	8			NOT_EVALUATED
2645	35756053	1D-261	gentamicin	gentamicin			NO_GENOME_MATCH					NOT_EVALUATED	>	16	>	16			NOT_EVALUATED
2646	35756053	1D-261	ciprofloxacin	ciprofloxacin			NO_GENOME_MATCH					NOT_EVALUATED	=	2	=	2			NOT_EVALUATED
2647	35756053	1D-261	cefoxitin	cefoxitin			NO_GENOME_MATCH					NOT_EVALUATED	>	32	>	32			NOT_EVALUATED
2648	35756053	1D-261	trimethoprim	trimethoprim			NO_GENOME_MATCH					NOT_EVALUATED	<=	0.5/9.5	<=	0.5/9.5			NOT_EVALUATED
2649	35756053	1D-261	tobramycin	tobramycin			NO_GENOME_MATCH					NOT_EVALUATED	>	8	>	8			NOT_EVALUATED
2650	35756053	1D-261	tigecycline	tigecycline			NO_GENOME_MATCH					NOT_EVALUATED	<=	1	<=	1			NOT_EVALUATED
2651	35756053	1D-261	tetracycline	tetracycline			NO_GENOME_MATCH					NOT_EVALUATED	=	16	=	16			NOT_EVALUATED
2652	35756053	1D-262	ampicillin	ampicillin			NO_GENOME_MATCH					NOT_EVALUATED	>	32	>	32			NOT_EVALUATED
2653	35756053	1D-262	cefazolin	cefazolin			NO_GENOME_MATCH					NOT_EVALUATED	>	32	>	32			NOT_EVALUATED
2654	35756053	1D-262	meropenem	meropenem			NO_GENOME_MATCH					NOT_EVALUATED	>	8	>	8			NOT_EVALUATED
2655	35756053	1D-262	gentamicin	gentamicin			NO_GENOME_MATCH					NOT_EVALUATED	<=	2	<=	2			NOT_EVALUATED
2656	35756053	1D-262	ciprofloxacin	ciprofloxacin			NO_GENOME_MATCH					NOT_EVALUATED	=	1	=	1			NOT_EVALUATED
2657	35756053	1D-262	cefoxitin	cefoxitin			NO_GENOME_MATCH					NOT_EVALUATED	>	32	>	32			NOT_EVALUATED
2658	35756053	1D-262	trimethoprim	trimethoprim			NO_GENOME_MATCH					NOT_EVALUATED	=	4/76	=	4/76			NOT_EVALUATED
2659	35756053	1D-262	tobramycin	tobramycin			NO_GENOME_MATCH					NOT_EVALUATED	<=	4	<=	4			NOT_EVALUATED
2660	35756053	1D-262	tigecycline	tigecycline			NO_GENOME_MATCH					NOT_EVALUATED	<=	1	<=	1			NOT_EVALUATED
2661	35756053	1D-262	tetracycline	tetracycline			NO_GENOME_MATCH					NOT_EVALUATED	=	4	=	4			NOT_EVALUATED
2662	35756053	1D-473	ampicillin	ampicillin			NO_GENOME_MATCH					NOT_EVALUATED	=	8	=	8			NOT_EVALUATED
2663	35756053	1D-473	cefazolin	cefazolin			NO_GENOME_MATCH					NOT_EVALUATED	=	1	=	1			NOT_EVALUATED
2664	35756053	1D-473	gentamicin	gentamicin			NO_GENOME_MATCH					NOT_EVALUATED	=	1	=	1			NOT_EVALUATED
2665	35756053	1D-473	ciprofloxacin	ciprofloxacin			NO_GENOME_MATCH					NOT_EVALUATED	<=	0.5	<=	0.5			NOT_EVALUATED
2666	35756053	1D-473	cefoxitin	cefoxitin			NO_GENOME_MATCH					NOT_EVALUATED	>	0.5	>	0.5			NOT_EVALUATED
2667	35756053	1D-473	trimethoprim	trimethoprim			NO_GENOME_MATCH					NOT_EVALUATED	<=	0.12	<=	0.12			NOT_EVALUATED
2668	35756053	1D-473	tobramycin	tobramycin			NO_GENOME_MATCH					NOT_EVALUATED	=	1	=	1			NOT_EVALUATED
2669	35756053	1D-473	tigecycline	tigecycline			NO_GENOME_MATCH					NOT_EVALUATED	=	0.5	=	0.5			NOT_EVALUATED
2670	35756053	1D-474	ampicillin	ampicillin			NO_GENOME_MATCH					NOT_EVALUATED	=	4	=	4			NOT_EVALUATED
2671	35756053	1D-474	cefazolin	cefazolin			NO_GENOME_MATCH					NOT_EVALUATED	<=	0.12	<=	0.12			NOT_EVALUATED
2672	35756053	1D-474	gentamicin	gentamicin			NO_GENOME_MATCH					NOT_EVALUATED	=	0.5	=	0.5			NOT_EVALUATED
2673	35756053	1D-474	ciprofloxacin	ciprofloxacin			NO_GENOME_MATCH					NOT_EVALUATED	<=	0.5	<=	0.5			NOT_EVALUATED
2674	35756053	1D-474	cefoxitin	cefoxitin			NO_GENOME_MATCH					NOT_EVALUATED	>	0.5	>	0.5			NOT_EVALUATED
2675	35756053	1D-474	trimethoprim	trimethoprim			NO_GENOME_MATCH					NOT_EVALUATED	<=	0.12	<=	0.12			NOT_EVALUATED
2676	35756053	1D-474	tobramycin	tobramycin			NO_GENOME_MATCH					NOT_EVALUATED	<=	0.5	<=	0.5			NOT_EVALUATED
2677	35756053	1D-474	tigecycline	tigecycline			NO_GENOME_MATCH					NOT_EVALUATED	=	0.5	=	0.5			NOT_EVALUATED
2678	35756053	1D-475	ampicillin	ampicillin			NO_GENOME_MATCH					NOT_EVALUATED	=	4	=	4			NOT_EVALUATED
2679	35756053	1D-475	cefazolin	cefazolin			NO_GENOME_MATCH					NOT_EVALUATED	>	4	>	4			NOT_EVALUATED
2680	35756053	1D-475	gentamicin	gentamicin			NO_GENOME_MATCH					NOT_EVALUATED	=	0.5	=	0.5			NOT_EVALUATED
2681	35756053	1D-475	ciprofloxacin	ciprofloxacin			NO_GENOME_MATCH					NOT_EVALUATED	<=	0.5	<=	0.5			NOT_EVALUATED
2682	35756053	1D-475	cefoxitin	cefoxitin			NO_GENOME_MATCH					NOT_EVALUATED	>	0.5	>	0.5			NOT_EVALUATED
2683	35756053	1D-475	trimethoprim	trimethoprim			NO_GENOME_MATCH					NOT_EVALUATED	<=	0.12	<=	0.12			NOT_EVALUATED
2684	35756053	1D-475	tobramycin	tobramycin			NO_GENOME_MATCH					NOT_EVALUATED	<=	0.5	<=	0.5			NOT_EVALUATED
2685	35756053	1D-475	tigecycline	tigecycline			NO_GENOME_MATCH					NOT_EVALUATED	=	0.5	=	0.5			NOT_EVALUATED
2686	35756053	1D-476	ampicillin	ampicillin			NO_GENOME_MATCH					NOT_EVALUATED	=	8	=	8			NOT_EVALUATED
2687	35756053	1D-476	cefazolin	cefazolin			NO_GENOME_MATCH					NOT_EVALUATED	>	4	>	4			NOT_EVALUATED
2688	35756053	1D-476	gentamicin	gentamicin			NO_GENOME_MATCH					NOT_EVALUATED	=	1	=	1			NOT_EVALUATED
2689	35756053	1D-476	ciprofloxacin	ciprofloxacin			NO_GENOME_MATCH					NOT_EVALUATED	<=	0.5	<=	0.5			NOT_EVALUATED
2690	35756053	1D-476	cefoxitin	cefoxitin			NO_GENOME_MATCH					NOT_EVALUATED	>	0.5	>	0.5			NOT_EVALUATED
2691	35756053	1D-476	trimethoprim	trimethoprim			NO_GENOME_MATCH					NOT_EVALUATED	<=	0.12	<=	0.12			NOT_EVALUATED
2692	35756053	1D-476	tobramycin	tobramycin			NO_GENOME_MATCH					NOT_EVALUATED	=	1	=	1			NOT_EVALUATED
2693	35756053	1D-476	tigecycline	tigecycline			NO_GENOME_MATCH					NOT_EVALUATED	=	0.5	=	0.5			NOT_EVALUATED
2694	35756053	1D-477	ampicillin	ampicillin			NO_GENOME_MATCH					NOT_EVALUATED	=	8	=	8			NOT_EVALUATED
2695	35756053	1D-477	cefazolin	cefazolin			NO_GENOME_MATCH					NOT_EVALUATED	>	4	>	4			NOT_EVALUATED
2696	35756053	1D-477	gentamicin	gentamicin			NO_GENOME_MATCH					NOT_EVALUATED	=	1	=	1			NOT_EVALUATED
2697	35756053	1D-477	ciprofloxacin	ciprofloxacin			NO_GENOME_MATCH					NOT_EVALUATED	<=	0.5	<=	0.5			NOT_EVALUATED
2698	35756053	1D-477	cefoxitin	cefoxitin			NO_GENOME_MATCH					NOT_EVALUATED	>	0.5	>	0.5			NOT_EVALUATED
2699	35756053	1D-477	trimethoprim	trimethoprim			NO_GENOME_MATCH					NOT_EVALUATED	<=	0.12	<=	0.12			NOT_EVALUATED
2700	35756053	1D-477	tobramycin	tobramycin			NO_GENOME_MATCH					NOT_EVALUATED	=	1	=	1			NOT_EVALUATED
2701	35756053	1D-477	tigecycline	tigecycline			NO_GENOME_MATCH					NOT_EVALUATED	=	0.5	=	0.5			NOT_EVALUATED
2702	35756053	1D-478	ampicillin	ampicillin			NO_GENOME_MATCH					NOT_EVALUATED	=	8	=	8			NOT_EVALUATED
2703	35756053	1D-478	cefazolin	cefazolin			NO_GENOME_MATCH					NOT_EVALUATED	<=	0.12	<=	0.12			NOT_EVALUATED
2704	35756053	1D-478	gentamicin	gentamicin			NO_GENOME_MATCH					NOT_EVALUATED	=	1	=	1			NOT_EVALUATED
2705	35756053	1D-478	ciprofloxacin	ciprofloxacin			NO_GENOME_MATCH					NOT_EVALUATED	<=	0.5	<=	0.5			NOT_EVALUATED
2706	35756053	1D-478	cefoxitin	cefoxitin			NO_GENOME_MATCH					NOT_EVALUATED	>	0.5	>	0.5			NOT_EVALUATED
2707	35756053	1D-478	trimethoprim	trimethoprim			NO_GENOME_MATCH					NOT_EVALUATED	<=	0.12	<=	0.12			NOT_EVALUATED
2708	35756053	1D-478	tobramycin	tobramycin			NO_GENOME_MATCH					NOT_EVALUATED	<=	0.5	<=	0.5			NOT_EVALUATED
2709	35756053	1D-478	tigecycline	tigecycline			NO_GENOME_MATCH					NOT_EVALUATED	=	0.5	=	0.5			NOT_EVALUATED
2710	35756053	1D-479	ampicillin	ampicillin			NO_GENOME_MATCH					NOT_EVALUATED	=	4	=	4			NOT_EVALUATED
2711	35756053	1D-479	cefazolin	cefazolin			NO_GENOME_MATCH					NOT_EVALUATED	=	0.25	=	0.25			NOT_EVALUATED
2712	35756053	1D-479	gentamicin	gentamicin			NO_GENOME_MATCH					NOT_EVALUATED	=	0.5	=	0.5			NOT_EVALUATED
2713	35756053	1D-479	ciprofloxacin	ciprofloxacin			NO_GENOME_MATCH					NOT_EVALUATED	=	1	=	1			NOT_EVALUATED
2714	35756053	1D-479	cefoxitin	cefoxitin			NO_GENOME_MATCH					NOT_EVALUATED	>	0.5	>	0.5			NOT_EVALUATED
2715	35756053	1D-479	trimethoprim	trimethoprim			NO_GENOME_MATCH					NOT_EVALUATED	<=	0.12	<=	0.12			NOT_EVALUATED
2716	35756053	1D-479	tobramycin	tobramycin			NO_GENOME_MATCH					NOT_EVALUATED	<=	0.5	<=	0.5			NOT_EVALUATED
2717	35756053	1D-479	tigecycline	tigecycline			NO_GENOME_MATCH					NOT_EVALUATED	=	0.5	=	0.5			NOT_EVALUATED
2718	35756053	1D-480	ampicillin	ampicillin			NO_GENOME_MATCH					NOT_EVALUATED	=	8	=	8			NOT_EVALUATED
2719	35756053	1D-480	cefazolin	cefazolin			NO_GENOME_MATCH					NOT_EVALUATED	>	4	>	4			NOT_EVALUATED
2720	35756053	1D-480	gentamicin	gentamicin			NO_GENOME_MATCH					NOT_EVALUATED	=	0.5	=	0.5			NOT_EVALUATED
2721	35756053	1D-480	ciprofloxacin	ciprofloxacin			NO_GENOME_MATCH					NOT_EVALUATED	=	1	=	1			NOT_EVALUATED
2722	35756053	1D-480	cefoxitin	cefoxitin			NO_GENOME_MATCH					NOT_EVALUATED	>	0.5	>	0.5			NOT_EVALUATED
2723	35756053	1D-480	trimethoprim	trimethoprim			NO_GENOME_MATCH					NOT_EVALUATED	<=	0.12	<=	0.12			NOT_EVALUATED
2724	35756053	1D-480	tobramycin	tobramycin			NO_GENOME_MATCH					NOT_EVALUATED	=	0.5	=	0.5			NOT_EVALUATED
2725	35756053	1D-480	tigecycline	tigecycline			NO_GENOME_MATCH					NOT_EVALUATED	=	0.5	=	0.5			NOT_EVALUATED
2726	35756053	1D-481	ampicillin	ampicillin			NO_GENOME_MATCH					NOT_EVALUATED	=	8	=	8			NOT_EVALUATED
2727	35756053	1D-481	cefazolin	cefazolin			NO_GENOME_MATCH					NOT_EVALUATED	=	0.25	=	0.25			NOT_EVALUATED
2728	35756053	1D-481	gentamicin	gentamicin			NO_GENOME_MATCH					NOT_EVALUATED	=	1	=	1			NOT_EVALUATED
2729	35756053	1D-481	ciprofloxacin	ciprofloxacin			NO_GENOME_MATCH					NOT_EVALUATED	<=	0.5	<=	0.5			NOT_EVALUATED
2730	35756053	1D-481	cefoxitin	cefoxitin			NO_GENOME_MATCH					NOT_EVALUATED	>	0.5	>	0.5			NOT_EVALUATED
2731	35756053	1D-481	trimethoprim	trimethoprim			NO_GENOME_MATCH					NOT_EVALUATED	<=	0.12	<=	0.12			NOT_EVALUATED
2732	35756053	1D-481	tobramycin	tobramycin			NO_GENOME_MATCH					NOT_EVALUATED	<=	0.5	<=	0.5			NOT_EVALUATED
2733	35756053	1D-481	tigecycline	tigecycline			NO_GENOME_MATCH					NOT_EVALUATED	=	0.5	=	0.5			NOT_EVALUATED
2734	35756053	1D-482	ampicillin	ampicillin			NO_GENOME_MATCH					NOT_EVALUATED	=	4	=	4			NOT_EVALUATED
2735	35756053	1D-482	cefazolin	cefazolin			NO_GENOME_MATCH					NOT_EVALUATED	<=	0.12	<=	0.12			NOT_EVALUATED
2736	35756053	1D-482	gentamicin	gentamicin			NO_GENOME_MATCH					NOT_EVALUATED	=	0.5	=	0.5			NOT_EVALUATED
2737	35756053	1D-482	ciprofloxacin	ciprofloxacin			NO_GENOME_MATCH					NOT_EVALUATED	<=	0.5	<=	0.5			NOT_EVALUATED
2738	35756053	1D-482	cefoxitin	cefoxitin			NO_GENOME_MATCH					NOT_EVALUATED	>	0.5	>	0.5			NOT_EVALUATED
2739	35756053	1D-482	trimethoprim	trimethoprim			NO_GENOME_MATCH					NOT_EVALUATED	<=	0.12	<=	0.12			NOT_EVALUATED
2740	35756053	1D-482	tobramycin	tobramycin			NO_GENOME_MATCH					NOT_EVALUATED	<=	0.5	<=	0.5			NOT_EVALUATED
2741	35756053	1D-482	tigecycline	tigecycline			NO_GENOME_MATCH					NOT_EVALUATED	=	0.5	=	0.5			NOT_EVALUATED
2742	35756053	1D-483	ampicillin	ampicillin			NO_GENOME_MATCH					NOT_EVALUATED	=	16	=	16			NOT_EVALUATED
2743	35756053	1D-483	cefazolin	cefazolin			NO_GENOME_MATCH					NOT_EVALUATED	=	0.25	=	0.25			NOT_EVALUATED
2744	35756053	1D-483	gentamicin	gentamicin			NO_GENOME_MATCH					NOT_EVALUATED	=	0.5	=	0.5			NOT_EVALUATED
2745	35756053	1D-483	ciprofloxacin	ciprofloxacin			NO_GENOME_MATCH					NOT_EVALUATED	<=	0.5	<=	0.5			NOT_EVALUATED
2746	35756053	1D-483	cefoxitin	cefoxitin			NO_GENOME_MATCH					NOT_EVALUATED	>	0.5	>	0.5			NOT_EVALUATED
2747	35756053	1D-483	trimethoprim	trimethoprim			NO_GENOME_MATCH					NOT_EVALUATED	<=	0.12	<=	0.12			NOT_EVALUATED
2748	35756053	1D-483	tobramycin	tobramycin			NO_GENOME_MATCH					NOT_EVALUATED	=	1	=	1			NOT_EVALUATED
2749	35756053	1D-483	tigecycline	tigecycline			NO_GENOME_MATCH					NOT_EVALUATED	=	0.5	=	0.5			NOT_EVALUATED
2750	35756053	1D-484	ampicillin	ampicillin			NO_GENOME_MATCH					NOT_EVALUATED	=	4	=	4			NOT_EVALUATED
2751	35756053	1D-484	cefazolin	cefazolin			NO_GENOME_MATCH					NOT_EVALUATED	=	0.25	=	0.25			NOT_EVALUATED
2752	35756053	1D-484	gentamicin	gentamicin			NO_GENOME_MATCH					NOT_EVALUATED	=	0.5	=	0.5			NOT_EVALUATED
2753	35756053	1D-484	ciprofloxacin	ciprofloxacin			NO_GENOME_MATCH					NOT_EVALUATED	<=	0.5	<=	0.5			NOT_EVALUATED
2754	35756053	1D-484	cefoxitin	cefoxitin			NO_GENOME_MATCH					NOT_EVALUATED	>	0.5	>	0.5			NOT_EVALUATED
2755	35756053	1D-484	trimethoprim	trimethoprim			NO_GENOME_MATCH					NOT_EVALUATED	<=	0.12	<=	0.12			NOT_EVALUATED
2756	35756053	1D-484	tobramycin	tobramycin			NO_GENOME_MATCH					NOT_EVALUATED	<=	0.5	<=	0.5			NOT_EVALUATED
2757	35756053	1D-484	tigecycline	tigecycline			NO_GENOME_MATCH					NOT_EVALUATED	=	0.5	=	0.5			NOT_EVALUATED
2758	35756053	1D-485	ampicillin	ampicillin			NO_GENOME_MATCH					NOT_EVALUATED	=	8	=	8			NOT_EVALUATED
2759	35756053	1D-485	cefazolin	cefazolin			NO_GENOME_MATCH					NOT_EVALUATED	=	1	=	1			NOT_EVALUATED
2760	35756053	1D-485	gentamicin	gentamicin			NO_GENOME_MATCH					NOT_EVALUATED	=	1	=	1			NOT_EVALUATED
2761	35756053	1D-485	ciprofloxacin	ciprofloxacin			NO_GENOME_MATCH					NOT_EVALUATED	<=	0.5	<=	0.5			NOT_EVALUATED
2762	35756053	1D-485	cefoxitin	cefoxitin			NO_GENOME_MATCH					NOT_EVALUATED	>	0.5	>	0.5			NOT_EVALUATED
2763	35756053	1D-485	trimethoprim	trimethoprim			NO_GENOME_MATCH					NOT_EVALUATED	<=	0.12	<=	0.12			NOT_EVALUATED
2764	35756053	1D-485	tobramycin	tobramycin			NO_GENOME_MATCH					NOT_EVALUATED	<=	0.5	<=	0.5			NOT_EVALUATED
2765	35756053	1D-485	tigecycline	tigecycline			NO_GENOME_MATCH					NOT_EVALUATED	=	0.5	=	0.5			NOT_EVALUATED
2766	35756053	1D-486	ampicillin	ampicillin			NO_GENOME_MATCH					NOT_EVALUATED	=	8	=	8			NOT_EVALUATED
2767	35756053	1D-486	cefazolin	cefazolin			NO_GENOME_MATCH					NOT_EVALUATED	>	4	>	4			NOT_EVALUATED
2768	35756053	1D-486	gentamicin	gentamicin			NO_GENOME_MATCH					NOT_EVALUATED	=	0.5	=	0.5			NOT_EVALUATED
2769	35756053	1D-486	ciprofloxacin	ciprofloxacin			NO_GENOME_MATCH					NOT_EVALUATED	<=	0.5	<=	0.5			NOT_EVALUATED
2770	35756053	1D-486	cefoxitin	cefoxitin			NO_GENOME_MATCH					NOT_EVALUATED	>	0.5	>	0.5			NOT_EVALUATED
2771	35756053	1D-486	trimethoprim	trimethoprim			NO_GENOME_MATCH					NOT_EVALUATED	<=	0.12	<=	0.12			NOT_EVALUATED
2772	35756053	1D-486	tobramycin	tobramycin			NO_GENOME_MATCH					NOT_EVALUATED	<=	0.5	<=	0.5			NOT_EVALUATED
2773	35756053	1D-486	tigecycline	tigecycline			NO_GENOME_MATCH					NOT_EVALUATED	=	0.5	=	0.5			NOT_EVALUATED
2774	35756053	1D-464	ampicillin	ampicillin			NO_GENOME_MATCH					NOT_EVALUATED	>	4	>	4			NOT_EVALUATED
2775	35756053	1D-464	cefazolin	cefazolin			NO_GENOME_MATCH					NOT_EVALUATED	<=	0.25	<=	0.25			NOT_EVALUATED
2776	35756053	1D-464	meropenem	meropenem			NO_GENOME_MATCH					NOT_EVALUATED	<=	0.25	<=	0.25			NOT_EVALUATED
2777	35756053	1D-464	gentamicin	gentamicin			NO_GENOME_MATCH					NOT_EVALUATED	<=	0.5/9.5	<=	0.5/9.5			NOT_EVALUATED
2778	35756053	1D-464	cefoxitin	cefoxitin			NO_GENOME_MATCH					NOT_EVALUATED	=	4	=	4			NOT_EVALUATED
2779	35756053	1D-464	trimethoprim	trimethoprim			NO_GENOME_MATCH					NOT_EVALUATED	>	4	>	4			NOT_EVALUATED
2780	35756053	1D-464	tobramycin	tobramycin			NO_GENOME_MATCH					NOT_EVALUATED	<=	0.5	<=	0.5			NOT_EVALUATED
2781	35756053	1D-464	tigecycline	tigecycline			NO_GENOME_MATCH					NOT_EVALUATED	<=	1	<=	1			NOT_EVALUATED
2782	35756053	1D-465	ampicillin	ampicillin			NO_GENOME_MATCH					NOT_EVALUATED	>	4	>	4			NOT_EVALUATED
2783	35756053	1D-465	cefazolin	cefazolin			NO_GENOME_MATCH					NOT_EVALUATED	<=	0.25	<=	0.25			NOT_EVALUATED
2784	35756053	1D-465	meropenem	meropenem			NO_GENOME_MATCH					NOT_EVALUATED	<=	0.25	<=	0.25			NOT_EVALUATED
2785	35756053	1D-465	gentamicin	gentamicin			NO_GENOME_MATCH					NOT_EVALUATED	<=	0.5/9.5	<=	0.5/9.5			NOT_EVALUATED
2786	35756053	1D-465	cefoxitin	cefoxitin			NO_GENOME_MATCH					NOT_EVALUATED	=	4	=	4			NOT_EVALUATED
2787	35756053	1D-465	trimethoprim	trimethoprim			NO_GENOME_MATCH					NOT_EVALUATED	>	4	>	4			NOT_EVALUATED
2788	35756053	1D-465	tobramycin	tobramycin			NO_GENOME_MATCH					NOT_EVALUATED	=	4	=	4			NOT_EVALUATED
2789	35756053	1D-465	tigecycline	tigecycline			NO_GENOME_MATCH					NOT_EVALUATED	<=	1	<=	1			NOT_EVALUATED
2790	35756053	1D-466	ampicillin	ampicillin			NO_GENOME_MATCH					NOT_EVALUATED	>	4	>	4			NOT_EVALUATED
2791	35756053	1D-466	cefazolin	cefazolin			NO_GENOME_MATCH					NOT_EVALUATED	<=	0.25	<=	0.25			NOT_EVALUATED
2792	35756053	1D-466	meropenem	meropenem			NO_GENOME_MATCH					NOT_EVALUATED	<=	0.25	<=	0.25			NOT_EVALUATED
2793	35756053	1D-466	gentamicin	gentamicin			NO_GENOME_MATCH					NOT_EVALUATED	<=	0.5/9.5	<=	0.5/9.5			NOT_EVALUATED
2794	35756053	1D-466	cefoxitin	cefoxitin			NO_GENOME_MATCH					NOT_EVALUATED	=	4	=	4			NOT_EVALUATED
2795	35756053	1D-466	trimethoprim	trimethoprim			NO_GENOME_MATCH					NOT_EVALUATED	>	4	>	4			NOT_EVALUATED
2796	35756053	1D-466	tobramycin	tobramycin			NO_GENOME_MATCH					NOT_EVALUATED	=	1	=	1			NOT_EVALUATED
2797	35756053	1D-466	tigecycline	tigecycline			NO_GENOME_MATCH					NOT_EVALUATED	<=	1	<=	1			NOT_EVALUATED
2798	35756053	1D-467	ampicillin	ampicillin			NO_GENOME_MATCH					NOT_EVALUATED	=	2	=	2			NOT_EVALUATED
2799	35756053	1D-467	cefazolin	cefazolin			NO_GENOME_MATCH					NOT_EVALUATED	<=	0.25	<=	0.25			NOT_EVALUATED
2800	35756053	1D-467	meropenem	meropenem			NO_GENOME_MATCH					NOT_EVALUATED	<=	0.25	<=	0.25			NOT_EVALUATED
2801	35756053	1D-467	gentamicin	gentamicin			NO_GENOME_MATCH					NOT_EVALUATED	<=	0.5/9.5	<=	0.5/9.5			NOT_EVALUATED
2802	35756053	1D-467	cefoxitin	cefoxitin			NO_GENOME_MATCH					NOT_EVALUATED	=	4	=	4			NOT_EVALUATED
2803	35756053	1D-467	trimethoprim	trimethoprim			NO_GENOME_MATCH					NOT_EVALUATED	>	4	>	4			NOT_EVALUATED
2804	35756053	1D-467	tobramycin	tobramycin			NO_GENOME_MATCH					NOT_EVALUATED	<=	0.5	<=	0.5			NOT_EVALUATED
2805	35756053	1D-467	tigecycline	tigecycline			NO_GENOME_MATCH					NOT_EVALUATED	<=	1	<=	1			NOT_EVALUATED
2806	35756053	1D-468	ampicillin	ampicillin			NO_GENOME_MATCH					NOT_EVALUATED	=	1	=	1			NOT_EVALUATED
2807	35756053	1D-468	cefazolin	cefazolin			NO_GENOME_MATCH					NOT_EVALUATED	<=	0.25	<=	0.25			NOT_EVALUATED
2808	35756053	1D-468	meropenem	meropenem			NO_GENOME_MATCH					NOT_EVALUATED	<=	0.25	<=	0.25			NOT_EVALUATED
2809	35756053	1D-468	gentamicin	gentamicin			NO_GENOME_MATCH					NOT_EVALUATED	<=	0.5/9.5	<=	0.5/9.5			NOT_EVALUATED
2810	35756053	1D-468	cefoxitin	cefoxitin			NO_GENOME_MATCH					NOT_EVALUATED	=	4	=	4			NOT_EVALUATED
2811	35756053	1D-468	trimethoprim	trimethoprim			NO_GENOME_MATCH					NOT_EVALUATED	>	4	>	4			NOT_EVALUATED
2812	35756053	1D-468	tobramycin	tobramycin			NO_GENOME_MATCH					NOT_EVALUATED	<=	0.5	<=	0.5			NOT_EVALUATED
2813	35756053	1D-468	tigecycline	tigecycline			NO_GENOME_MATCH					NOT_EVALUATED	<=	1	<=	1			NOT_EVALUATED
2814	35756053	1D-469	ampicillin	ampicillin			NO_GENOME_MATCH					NOT_EVALUATED	>	4	>	4			NOT_EVALUATED
2815	35756053	1D-469	cefazolin	cefazolin			NO_GENOME_MATCH					NOT_EVALUATED	<=	0.25	<=	0.25			NOT_EVALUATED
2816	35756053	1D-469	meropenem	meropenem			NO_GENOME_MATCH					NOT_EVALUATED	<=	0.25	<=	0.25			NOT_EVALUATED
2817	35756053	1D-469	gentamicin	gentamicin			NO_GENOME_MATCH					NOT_EVALUATED	<=	0.5/9.5	<=	0.5/9.5			NOT_EVALUATED
2818	35756053	1D-469	cefoxitin	cefoxitin			NO_GENOME_MATCH					NOT_EVALUATED	>	4	>	4			NOT_EVALUATED
2819	35756053	1D-469	trimethoprim	trimethoprim			NO_GENOME_MATCH					NOT_EVALUATED	>	4	>	4			NOT_EVALUATED
2820	35756053	1D-469	tobramycin	tobramycin			NO_GENOME_MATCH					NOT_EVALUATED	<=	0.5	<=	0.5			NOT_EVALUATED
2821	35756053	1D-469	tigecycline	tigecycline			NO_GENOME_MATCH					NOT_EVALUATED	<=	1	<=	1			NOT_EVALUATED
2822	35756053	1D-470	ampicillin	ampicillin			NO_GENOME_MATCH					NOT_EVALUATED	>	4	>	4			NOT_EVALUATED
2823	35756053	1D-470	cefazolin	cefazolin			NO_GENOME_MATCH					NOT_EVALUATED	<=	0.25	<=	0.25			NOT_EVALUATED
2824	35756053	1D-470	meropenem	meropenem			NO_GENOME_MATCH					NOT_EVALUATED	<=	0.25	<=	0.25			NOT_EVALUATED
2825	35756053	1D-470	gentamicin	gentamicin			NO_GENOME_MATCH					NOT_EVALUATED	<=	0.5/9.5	<=	0.5/9.5			NOT_EVALUATED
2826	35756053	1D-470	cefoxitin	cefoxitin			NO_GENOME_MATCH					NOT_EVALUATED	=	4	=	4			NOT_EVALUATED
2827	35756053	1D-470	trimethoprim	trimethoprim			NO_GENOME_MATCH					NOT_EVALUATED	>	4	>	4			NOT_EVALUATED
2828	35756053	1D-470	tobramycin	tobramycin			NO_GENOME_MATCH					NOT_EVALUATED	<=	0.5	<=	0.5			NOT_EVALUATED
2829	35756053	1D-470	tigecycline	tigecycline			NO_GENOME_MATCH					NOT_EVALUATED	<=	1	<=	1			NOT_EVALUATED
2830	35756053	1D-471	ampicillin	ampicillin			NO_GENOME_MATCH					NOT_EVALUATED	>	4	>	4			NOT_EVALUATED
2831	35756053	1D-471	cefazolin	cefazolin			NO_GENOME_MATCH					NOT_EVALUATED	<=	0.25	<=	0.25			NOT_EVALUATED
2832	35756053	1D-471	meropenem	meropenem			NO_GENOME_MATCH					NOT_EVALUATED	<=	0.25	<=	0.25			NOT_EVALUATED
2833	35756053	1D-471	gentamicin	gentamicin			NO_GENOME_MATCH					NOT_EVALUATED	<=	0.5/9.5	<=	0.5/9.5			NOT_EVALUATED
2834	35756053	1D-471	cefoxitin	cefoxitin			NO_GENOME_MATCH					NOT_EVALUATED	=	4	=	4			NOT_EVALUATED
2835	35756053	1D-471	trimethoprim	trimethoprim			NO_GENOME_MATCH					NOT_EVALUATED	>	4	>	4			NOT_EVALUATED
2836	35756053	1D-471	tobramycin	tobramycin			NO_GENOME_MATCH					NOT_EVALUATED	=	1	=	1			NOT_EVALUATED
2837	35756053	1D-471	tigecycline	tigecycline			NO_GENOME_MATCH					NOT_EVALUATED	<=	1	<=	1			NOT_EVALUATED
2838	35756053	1D-472	ampicillin	ampicillin			NO_GENOME_MATCH					NOT_EVALUATED	=	2	=	2			NOT_EVALUATED
2839	35756053	1D-472	cefazolin	cefazolin			NO_GENOME_MATCH					NOT_EVALUATED	<=	0.25	<=	0.25			NOT_EVALUATED
2840	35756053	1D-472	meropenem	meropenem			NO_GENOME_MATCH					NOT_EVALUATED	<=	0.25	<=	0.25			NOT_EVALUATED
2841	35756053	1D-472	gentamicin	gentamicin			NO_GENOME_MATCH					NOT_EVALUATED	<=	0.5/9.5	<=	0.5/9.5			NOT_EVALUATED
2842	35756053	1D-472	cefoxitin	cefoxitin			NO_GENOME_MATCH					NOT_EVALUATED	=	4	=	4			NOT_EVALUATED
2843	35756053	1D-472	trimethoprim	trimethoprim			NO_GENOME_MATCH					NOT_EVALUATED	>	4	>	4			NOT_EVALUATED
2844	35756053	1D-472	tobramycin	tobramycin			NO_GENOME_MATCH					NOT_EVALUATED	<=	0.5	<=	0.5			NOT_EVALUATED
2845	35756053	1D-472	tigecycline	tigecycline			NO_GENOME_MATCH					NOT_EVALUATED	<=	1	<=	1			NOT_EVALUATED
2846	35756053	1D-487	ampicillin	ampicillin			NO_GENOME_MATCH					NOT_EVALUATED	>	4	>	4			NOT_EVALUATED
2847	35756053	1D-487	cefazolin	cefazolin			NO_GENOME_MATCH					NOT_EVALUATED	<=	0.25	<=	0.25			NOT_EVALUATED
2848	35756053	1D-487	meropenem	meropenem			NO_GENOME_MATCH					NOT_EVALUATED	<=	0.25	<=	0.25			NOT_EVALUATED
2849	35756053	1D-487	gentamicin	gentamicin			NO_GENOME_MATCH					NOT_EVALUATED	<=	0.5/9.5	<=	0.5/9.5			NOT_EVALUATED
2850	35756053	1D-487	cefoxitin	cefoxitin			NO_GENOME_MATCH					NOT_EVALUATED	=	4	=	4			NOT_EVALUATED
2851	35756053	1D-487	trimethoprim	trimethoprim			NO_GENOME_MATCH					NOT_EVALUATED	>	4	>	4			NOT_EVALUATED
2852	35756053	1D-487	tobramycin	tobramycin			NO_GENOME_MATCH					NOT_EVALUATED	<=	0.5	<=	0.5			NOT_EVALUATED
2853	35756053	1D-487	tigecycline	tigecycline			NO_GENOME_MATCH					NOT_EVALUATED	<=	1	<=	1			NOT_EVALUATED
2854	35756053	1D-459	ampicillin	ampicillin			NO_GENOME_MATCH					NOT_EVALUATED	=	0.06	=	0.06			NOT_EVALUATED
2855	35756053	1D-459	cefazolin	cefazolin			NO_GENOME_MATCH					NOT_EVALUATED	<=	0.25	<=	0.25			NOT_EVALUATED
2856	35756053	1D-459	meropenem	meropenem			NO_GENOME_MATCH					NOT_EVALUATED	<=	0.25	<=	0.25			NOT_EVALUATED
2857	35756053	1D-459	gentamicin	gentamicin			NO_GENOME_MATCH					NOT_EVALUATED	=	4/76	=	4/76			NOT_EVALUATED
2858	35756053	1D-459	cefoxitin	cefoxitin			NO_GENOME_MATCH					NOT_EVALUATED	=	1	=	1			NOT_EVALUATED
2859	35756053	1D-459	trimethoprim	trimethoprim			NO_GENOME_MATCH					NOT_EVALUATED	<=	0.5	<=	0.5			NOT_EVALUATED
2860	35756053	1D-459	tobramycin	tobramycin			NO_GENOME_MATCH					NOT_EVALUATED	=	1	=	1			NOT_EVALUATED
2861	35756053	1D-459	tigecycline	tigecycline			NO_GENOME_MATCH					NOT_EVALUATED	=	4	=	4			NOT_EVALUATED
2862	35756053	1D-013	ampicillin	ampicillin			NO_GENOME_MATCH					NOT_EVALUATED	<=	0.03	<=	0.03			NOT_EVALUATED
2863	35756053	1D-013	cefazolin	cefazolin			NO_GENOME_MATCH					NOT_EVALUATED	<=	0.25	<=	0.25			NOT_EVALUATED
2864	35756053	1D-013	meropenem	meropenem			NO_GENOME_MATCH					NOT_EVALUATED	<=	0.25	<=	0.25			NOT_EVALUATED
2865	35756053	1D-013	gentamicin	gentamicin			NO_GENOME_MATCH					NOT_EVALUATED	<=	0.5/9.5	<=	0.5/9.5			NOT_EVALUATED
2866	35756053	1D-013	cefoxitin	cefoxitin			NO_GENOME_MATCH					NOT_EVALUATED	=	1	=	1			NOT_EVALUATED
2867	35756053	1D-013	trimethoprim	trimethoprim			NO_GENOME_MATCH					NOT_EVALUATED	<=	0.5	<=	0.5			NOT_EVALUATED
2868	35756053	1D-013	tobramycin	tobramycin			NO_GENOME_MATCH					NOT_EVALUATED	<=	0.5	<=	0.5			NOT_EVALUATED
2869	35756053	1D-013	tigecycline	tigecycline			NO_GENOME_MATCH					NOT_EVALUATED	=	8	=	8			NOT_EVALUATED
2870	35756053	1D-461_B	ampicillin	ampicillin			NO_GENOME_MATCH					NOT_EVALUATED	<=	0.03	<=	0.03			NOT_EVALUATED
2871	35756053	1D-461_B	cefazolin	cefazolin			NO_GENOME_MATCH					NOT_EVALUATED	<=	0.25	<=	0.25			NOT_EVALUATED
2872	35756053	1D-461_B	meropenem	meropenem			NO_GENOME_MATCH					NOT_EVALUATED	<=	0.25	<=	0.25			NOT_EVALUATED
2873	35756053	1D-461_B	gentamicin	gentamicin			NO_GENOME_MATCH					NOT_EVALUATED	<=	0.5/9.5	<=	0.5/9.5			NOT_EVALUATED
2874	35756053	1D-461_B	cefoxitin	cefoxitin			NO_GENOME_MATCH					NOT_EVALUATED	=	0.5	=	0.5			NOT_EVALUATED
2875	35756053	1D-461_B	trimethoprim	trimethoprim			NO_GENOME_MATCH					NOT_EVALUATED	<=	0.5	<=	0.5			NOT_EVALUATED
2876	35756053	1D-461_B	tobramycin	tobramycin			NO_GENOME_MATCH					NOT_EVALUATED	<=	0.5	<=	0.5			NOT_EVALUATED
2877	35756053	1D-461_B	tigecycline	tigecycline			NO_GENOME_MATCH					NOT_EVALUATED	=	4	=	4			NOT_EVALUATED
2878	35756053	1D-462_B	ampicillin	ampicillin			NO_GENOME_MATCH					NOT_EVALUATED	<=	0.03	<=	0.03			NOT_EVALUATED
2879	35756053	1D-462_B	cefazolin	cefazolin			NO_GENOME_MATCH					NOT_EVALUATED	<=	0.25	<=	0.25			NOT_EVALUATED
2880	35756053	1D-462_B	meropenem	meropenem			NO_GENOME_MATCH					NOT_EVALUATED	<=	0.25	<=	0.25			NOT_EVALUATED
2881	35756053	1D-462_B	gentamicin	gentamicin			NO_GENOME_MATCH					NOT_EVALUATED	<=	0.5/9.5	<=	0.5/9.5			NOT_EVALUATED
2882	35756053	1D-462_B	cefoxitin	cefoxitin			NO_GENOME_MATCH					NOT_EVALUATED	=	1	=	1			NOT_EVALUATED
2883	35756053	1D-462_B	trimethoprim	trimethoprim			NO_GENOME_MATCH					NOT_EVALUATED	<=	0.5	<=	0.5			NOT_EVALUATED
2884	35756053	1D-462_B	tobramycin	tobramycin			NO_GENOME_MATCH					NOT_EVALUATED	<=	0.5	<=	0.5			NOT_EVALUATED
2885	35756053	1D-462_B	tigecycline	tigecycline			NO_GENOME_MATCH					NOT_EVALUATED	=	4	=	4			NOT_EVALUATED
2886	35756053	1D-463 SUB 2	ampicillin	ampicillin			NO_ACCESSIONS					NOT_EVALUATED	<=	0.03	<=	0.03			NOT_EVALUATED
2887	35756053	1D-463 SUB 2	cefazolin	cefazolin			NO_ACCESSIONS					NOT_EVALUATED	<=	0.25	<=	0.25			NOT_EVALUATED
2888	35756053	1D-463 SUB 2	meropenem	meropenem			NO_ACCESSIONS					NOT_EVALUATED	<=	0.25	<=	0.25			NOT_EVALUATED
2889	35756053	1D-463 SUB 2	gentamicin	gentamicin			NO_ACCESSIONS					NOT_EVALUATED	<=	0.5/9.5	<=	0.5/9.5			NOT_EVALUATED
2890	35756053	1D-463 SUB 2	cefoxitin	cefoxitin			NO_ACCESSIONS					NOT_EVALUATED	=	0.5	=	0.5			NOT_EVALUATED
2891	35756053	1D-463 SUB 2	trimethoprim	trimethoprim			NO_ACCESSIONS					NOT_EVALUATED	<=	0.5	<=	0.5			NOT_EVALUATED
2892	35756053	1D-463 SUB 2	tobramycin	tobramycin			NO_ACCESSIONS					NOT_EVALUATED	<=	0.5	<=	0.5			NOT_EVALUATED
2893	35756053	1D-463 SUB 2	tigecycline	tigecycline			NO_ACCESSIONS					NOT_EVALUATED	=	4	=	4			NOT_EVALUATED
2894	35756053	1D-369	ampicillin	ampicillin			NO_GENOME_MATCH					NOT_EVALUATED	<=	0.25	<=	0.25			NOT_EVALUATED
2895	35756053	1D-369	cefazolin	cefazolin			NO_GENOME_MATCH					NOT_EVALUATED	=	4	=	4			NOT_EVALUATED
2896	35756053	1D-369	meropenem	meropenem			NO_GENOME_MATCH					NOT_EVALUATED	<=	1	<=	1			NOT_EVALUATED
2897	35756053	1D-369	gentamicin	gentamicin			NO_GENOME_MATCH					NOT_EVALUATED	=	0.5	=	0.5			NOT_EVALUATED
2898	35756053	1D-369	ciprofloxacin	ciprofloxacin			NO_GENOME_MATCH					NOT_EVALUATED	<=	0.5/9.5	<=	0.5/9.5			NOT_EVALUATED
2899	35756053	1D-369	cefoxitin	cefoxitin			NO_GENOME_MATCH					NOT_EVALUATED	<=	0.25	<=	0.25			NOT_EVALUATED
2900	35756053	1D-369	trimethoprim	trimethoprim			NO_GENOME_MATCH					NOT_EVALUATED	<=	1	<=	1			NOT_EVALUATED
2901	35756053	1D-369	tobramycin	tobramycin			NO_GENOME_MATCH					NOT_EVALUATED	<=	0.03	<=	0.03			NOT_EVALUATED
2902	35756053	1D-369	tigecycline	tigecycline			NO_GENOME_MATCH					NOT_EVALUATED	>	64	>	64			NOT_EVALUATED
2903	35756053	1D-419	ampicillin	ampicillin			NO_GENOME_MATCH					NOT_EVALUATED	<=	0.25	<=	0.25			NOT_EVALUATED
2904	35756053	1D-419	cefazolin	cefazolin			NO_GENOME_MATCH					NOT_EVALUATED	=	4	=	4			NOT_EVALUATED
2905	35756053	1D-419	meropenem	meropenem			NO_GENOME_MATCH					NOT_EVALUATED	<=	1	<=	1			NOT_EVALUATED
2906	35756053	1D-419	gentamicin	gentamicin			NO_GENOME_MATCH					NOT_EVALUATED	=	0.5	=	0.5			NOT_EVALUATED
2907	35756053	1D-419	ciprofloxacin	ciprofloxacin			NO_GENOME_MATCH					NOT_EVALUATED	<=	0.5/9.5	<=	0.5/9.5			NOT_EVALUATED
2908	35756053	1D-419	cefoxitin	cefoxitin			NO_GENOME_MATCH					NOT_EVALUATED	<=	0.25	<=	0.25			NOT_EVALUATED
2909	35756053	1D-419	trimethoprim	trimethoprim			NO_GENOME_MATCH					NOT_EVALUATED	<=	1	<=	1			NOT_EVALUATED
2910	35756053	1D-419	tobramycin	tobramycin			NO_GENOME_MATCH					NOT_EVALUATED	<=	0.03	<=	0.03			NOT_EVALUATED
2911	35756053	1D-419	tigecycline	tigecycline			NO_GENOME_MATCH					NOT_EVALUATED	>	64	>	64			NOT_EVALUATED
2912	35756053	1D-458	ampicillin	ampicillin			NO_GENOME_MATCH					NOT_EVALUATED	>	4	>	4			NOT_EVALUATED
2913	35756053	1D-458	cefazolin	cefazolin			NO_GENOME_MATCH					NOT_EVALUATED	>	4	>	4			NOT_EVALUATED
2914	35756053	1D-458	meropenem	meropenem			NO_GENOME_MATCH					NOT_EVALUATED	<=	1	<=	1			NOT_EVALUATED
2915	35756053	1D-458	gentamicin	gentamicin			NO_GENOME_MATCH					NOT_EVALUATED	=	0.5	=	0.5			NOT_EVALUATED
2916	35756053	1D-458	ciprofloxacin	ciprofloxacin			NO_GENOME_MATCH					NOT_EVALUATED	>	4/76	>	4/76			NOT_EVALUATED
2917	35756053	1D-458	cefoxitin	cefoxitin			NO_GENOME_MATCH					NOT_EVALUATED	=	4	=	4			NOT_EVALUATED
2918	35756053	1D-458	trimethoprim	trimethoprim			NO_GENOME_MATCH					NOT_EVALUATED	>	2	>	2			NOT_EVALUATED
2919	35756053	1D-458	tobramycin	tobramycin			NO_GENOME_MATCH					NOT_EVALUATED	=	0.25	=	0.25			NOT_EVALUATED
2920	35756053	1D-458	tigecycline	tigecycline			NO_GENOME_MATCH					NOT_EVALUATED	>	64	>	64			NOT_EVALUATED
2921	35756053	1D-266	ampicillin	ampicillin			NO_GENOME_MATCH					NOT_EVALUATED	<=	0.5	<=	0.5			NOT_EVALUATED
2922	35756053	1D-266	cefazolin	cefazolin			NO_GENOME_MATCH					NOT_EVALUATED	<=	0.5	<=	0.5			NOT_EVALUATED
2923	35756053	1D-266	meropenem	meropenem			NO_GENOME_MATCH					NOT_EVALUATED	<=	0.5	<=	0.5			NOT_EVALUATED
2924	35756053	1D-266	gentamicin	gentamicin			NO_GENOME_MATCH					NOT_EVALUATED	<=	4	<=	4			NOT_EVALUATED
2925	35756053	1D-266	ciprofloxacin	ciprofloxacin			NO_GENOME_MATCH					NOT_EVALUATED	=	0.5	=	0.5			NOT_EVALUATED
2926	35756053	1D-266	cefoxitin	cefoxitin			NO_GENOME_MATCH					NOT_EVALUATED	<=	0.25	<=	0.25			NOT_EVALUATED
2927	35756053	1D-266	trimethoprim	trimethoprim			NO_GENOME_MATCH					NOT_EVALUATED	<=	0.25	<=	0.25			NOT_EVALUATED
2928	35756053	1D-266	tobramycin	tobramycin			NO_GENOME_MATCH					NOT_EVALUATED	<=	0.25	<=	0.25			NOT_EVALUATED
2929	35756053	1D-266	tigecycline	tigecycline			NO_GENOME_MATCH					NOT_EVALUATED	=	4	=	4			NOT_EVALUATED
2930	35756053	1D-268	ampicillin	ampicillin	1280.51614	ERS4416052	MATCHED					NO_GT_DRUG	<=	0.5	<=	0.5			NO_GT_DRUG
2931	35756053	1D-268	cefazolin	cefazolin	1280.51614	ERS4416052	MATCHED					NO_GT_DRUG	<=	0.5	<=	0.5			NO_GT_DRUG
2932	35756053	1D-268	meropenem	meropenem	1280.51614	ERS4416052	MATCHED					NO_GT_DRUG	<=	0.5	<=	0.5			NO_GT_DRUG
2933	35756053	1D-268	gentamicin	gentamicin	1280.51614	ERS4416052	MATCHED					NOT_APPLICABLE	<=	4	<=	4	<=	0.25	INCORRECT
2934	35756053	1D-268	ciprofloxacin	ciprofloxacin	1280.51614	ERS4416052	MATCHED					NO_GT_DRUG	=	0.5	=	0.5			NO_GT_DRUG
2935	35756053	1D-268	cefoxitin	cefoxitin	1280.51614	ERS4416052	MATCHED					NOT_APPLICABLE	<=	0.25	<=	0.25	=	4	INCORRECT
2936	35756053	1D-268	trimethoprim	trimethoprim	1280.51614	ERS4416052	MATCHED					NO_GT_DRUG	<=	0.25	<=	0.25			NO_GT_DRUG
2937	35756053	1D-268	tobramycin	tobramycin	1280.51614	ERS4416052	MATCHED					NOT_APPLICABLE	<=	0.25	<=	0.25	<=	0.25	CORRECT
2938	35756053	1D-268	tigecycline	tigecycline	1280.51614	ERS4416052	MATCHED					NO_GT_DRUG	=	4	=	4			NO_GT_DRUG
2939	35756053	1D-269	ampicillin	ampicillin	1280.51613	ERS4416053	MATCHED					NO_GT_DRUG	>	4	>	4			NO_GT_DRUG
2940	35756053	1D-269	cefazolin	cefazolin	1280.51613	ERS4416053	MATCHED					NO_GT_DRUG	<=	0.5	<=	0.5			NO_GT_DRUG
2941	35756053	1D-269	meropenem	meropenem	1280.51613	ERS4416053	MATCHED					NO_GT_DRUG	<=	0.5	<=	0.5			NO_GT_DRUG
2942	35756053	1D-269	gentamicin	gentamicin	1280.51613	ERS4416053	MATCHED					NOT_APPLICABLE	<=	4	<=	4	=	0.5	INCORRECT
2943	35756053	1D-269	ciprofloxacin	ciprofloxacin	1280.51613	ERS4416053	MATCHED					NO_GT_DRUG	=	0.5	=	0.5			NO_GT_DRUG
2944	35756053	1D-269	cefoxitin	cefoxitin	1280.51613	ERS4416053	MATCHED					NOT_APPLICABLE	<=	0.25	<=	0.25	=	2	INCORRECT
2945	35756053	1D-269	trimethoprim	trimethoprim	1280.51613	ERS4416053	MATCHED					NO_GT_DRUG	=	0.5	=	0.5			NO_GT_DRUG
2946	35756053	1D-269	tobramycin	tobramycin	1280.51613	ERS4416053	MATCHED					NOT_APPLICABLE	<=	0.25	<=	0.25	<=	0.25	CORRECT
2947	35756053	1D-269	tigecycline	tigecycline	1280.51613	ERS4416053	MATCHED					NO_GT_DRUG	=	2	=	2			NO_GT_DRUG
2948	35756053	1D-270	ampicillin	ampicillin			NO_GENOME_MATCH					NOT_EVALUATED	<=	0.5	<=	0.5			NOT_EVALUATED
2949	35756053	1D-270	cefazolin	cefazolin			NO_GENOME_MATCH					NOT_EVALUATED	<=	0.5	<=	0.5			NOT_EVALUATED
2950	35756053	1D-270	meropenem	meropenem			NO_GENOME_MATCH					NOT_EVALUATED	<=	0.5	<=	0.5			NOT_EVALUATED
2951	35756053	1D-270	gentamicin	gentamicin			NO_GENOME_MATCH					NOT_EVALUATED	<=	4	<=	4			NOT_EVALUATED
2952	35756053	1D-270	ciprofloxacin	ciprofloxacin			NO_GENOME_MATCH					NOT_EVALUATED	=	0.5	=	0.5			NOT_EVALUATED
2953	35756053	1D-270	cefoxitin	cefoxitin			NO_GENOME_MATCH					NOT_EVALUATED	<=	0.25	<=	0.25			NOT_EVALUATED
2954	35756053	1D-270	trimethoprim	trimethoprim			NO_GENOME_MATCH					NOT_EVALUATED	<=	0.25	<=	0.25			NOT_EVALUATED
2955	35756053	1D-270	tobramycin	tobramycin			NO_GENOME_MATCH					NOT_EVALUATED	<=	0.25	<=	0.25			NOT_EVALUATED
2956	35756053	1D-270	tigecycline	tigecycline			NO_GENOME_MATCH					NOT_EVALUATED	=	2	=	2			NOT_EVALUATED
2957	35756053	1D-271	ampicillin	ampicillin	1280.51612	ERS4416055	MATCHED					NO_GT_DRUG	<=	0.5	<=	0.5			NO_GT_DRUG
2958	35756053	1D-271	cefazolin	cefazolin	1280.51612	ERS4416055	MATCHED					NO_GT_DRUG	<=	0.5	<=	0.5			NO_GT_DRUG
2959	35756053	1D-271	meropenem	meropenem	1280.51612	ERS4416055	MATCHED					NO_GT_DRUG	<=	0.5	<=	0.5			NO_GT_DRUG
2960	35756053	1D-271	gentamicin	gentamicin	1280.51612	ERS4416055	MATCHED					NOT_APPLICABLE	<=	4	<=	4	<=	0.25	INCORRECT
2961	35756053	1D-271	ciprofloxacin	ciprofloxacin	1280.51612	ERS4416055	MATCHED					NO_GT_DRUG	=	0.5	=	0.5			NO_GT_DRUG
2962	35756053	1D-271	cefoxitin	cefoxitin	1280.51612	ERS4416055	MATCHED					NOT_APPLICABLE	<=	0.25	<=	0.25	=	2	INCORRECT
2963	35756053	1D-271	trimethoprim	trimethoprim	1280.51612	ERS4416055	MATCHED					NO_GT_DRUG	<=	0.25	<=	0.25			NO_GT_DRUG
2964	35756053	1D-271	tobramycin	tobramycin	1280.51612	ERS4416055	MATCHED					NOT_APPLICABLE	<=	0.25	<=	0.25	<=	0.25	CORRECT
2965	35756053	1D-271	tigecycline	tigecycline	1280.51612	ERS4416055	MATCHED					NO_GT_DRUG	=	2	=	2			NO_GT_DRUG
2966	35756053	1D-272	ampicillin	ampicillin			NO_GENOME_MATCH					NOT_EVALUATED	=	4	=	4			NOT_EVALUATED
2967	35756053	1D-272	cefazolin	cefazolin			NO_GENOME_MATCH					NOT_EVALUATED	<=	0.5	<=	0.5			NOT_EVALUATED
2968	35756053	1D-272	meropenem	meropenem			NO_GENOME_MATCH					NOT_EVALUATED	<=	0.5	<=	0.5			NOT_EVALUATED
2969	35756053	1D-272	gentamicin	gentamicin			NO_GENOME_MATCH					NOT_EVALUATED	<=	4	<=	4			NOT_EVALUATED
2970	35756053	1D-272	ciprofloxacin	ciprofloxacin			NO_GENOME_MATCH					NOT_EVALUATED	=	0.5	=	0.5			NOT_EVALUATED
2971	35756053	1D-272	cefoxitin	cefoxitin			NO_GENOME_MATCH					NOT_EVALUATED	<=	0.25	<=	0.25			NOT_EVALUATED
2972	35756053	1D-272	trimethoprim	trimethoprim			NO_GENOME_MATCH					NOT_EVALUATED	<=	0.25	<=	0.25			NOT_EVALUATED
2973	35756053	1D-272	tobramycin	tobramycin			NO_GENOME_MATCH					NOT_EVALUATED	<=	0.25	<=	0.25			NOT_EVALUATED
2974	35756053	1D-272	tigecycline	tigecycline			NO_GENOME_MATCH					NOT_EVALUATED	=	2	=	2			NOT_EVALUATED
2975	35756053	1D-273	ampicillin	ampicillin	1280.51615	ERS4416057	MATCHED					NO_GT_DRUG	>	4	>	4			NO_GT_DRUG
2976	35756053	1D-273	cefazolin	cefazolin	1280.51615	ERS4416057	MATCHED					NO_GT_DRUG	<=	0.5	<=	0.5			NO_GT_DRUG
2977	35756053	1D-273	meropenem	meropenem	1280.51615	ERS4416057	MATCHED					NO_GT_DRUG	<=	0.5	<=	0.5			NO_GT_DRUG
2978	35756053	1D-273	gentamicin	gentamicin	1280.51615	ERS4416057	MATCHED					NOT_APPLICABLE	<=	4	<=	4	<=	0.25	INCORRECT
2979	35756053	1D-273	ciprofloxacin	ciprofloxacin	1280.51615	ERS4416057	MATCHED					NO_GT_DRUG	=	0.5	=	0.5			NO_GT_DRUG
2980	35756053	1D-273	cefoxitin	cefoxitin	1280.51615	ERS4416057	MATCHED					NOT_APPLICABLE	<=	0.25	<=	0.25	=	2	INCORRECT
2981	35756053	1D-273	trimethoprim	trimethoprim	1280.51615	ERS4416057	MATCHED					NO_GT_DRUG	<=	0.25	<=	0.25			NO_GT_DRUG
2982	35756053	1D-273	tobramycin	tobramycin	1280.51615	ERS4416057	MATCHED					NOT_APPLICABLE	<=	0.25	<=	0.25	<=	0.25	CORRECT
2983	35756053	1D-273	tigecycline	tigecycline	1280.51615	ERS4416057	MATCHED					NO_GT_DRUG	=	2	=	2			NO_GT_DRUG
2984	35756053	1D-274	ampicillin	ampicillin			NO_GENOME_MATCH					NOT_EVALUATED	>	4	>	4			NOT_EVALUATED
2985	35756053	1D-274	cefazolin	cefazolin			NO_GENOME_MATCH					NOT_EVALUATED	<=	0.5	<=	0.5			NOT_EVALUATED
2986	35756053	1D-274	meropenem	meropenem			NO_GENOME_MATCH					NOT_EVALUATED	<=	0.5	<=	0.5			NOT_EVALUATED
2987	35756053	1D-274	gentamicin	gentamicin			NO_GENOME_MATCH					NOT_EVALUATED	<=	4	<=	4			NOT_EVALUATED
2988	35756053	1D-274	ciprofloxacin	ciprofloxacin			NO_GENOME_MATCH					NOT_EVALUATED	=	0.5	=	0.5			NOT_EVALUATED
2989	35756053	1D-274	cefoxitin	cefoxitin			NO_GENOME_MATCH					NOT_EVALUATED	<=	0.25	<=	0.25			NOT_EVALUATED
2990	35756053	1D-274	trimethoprim	trimethoprim			NO_GENOME_MATCH					NOT_EVALUATED	=	0.5	=	0.5			NOT_EVALUATED
2991	35756053	1D-274	tobramycin	tobramycin			NO_GENOME_MATCH					NOT_EVALUATED	<=	0.25	<=	0.25			NOT_EVALUATED
2992	35756053	1D-274	tigecycline	tigecycline			NO_GENOME_MATCH					NOT_EVALUATED	=	4	=	4			NOT_EVALUATED
2993	35756053	1D-275	ampicillin	ampicillin	1280.51616	ERS4416059	MATCHED					NO_GT_DRUG	<=	0.5	<=	0.5			NO_GT_DRUG
2994	35756053	1D-275	cefazolin	cefazolin	1280.51616	ERS4416059	MATCHED					NO_GT_DRUG	<=	0.5	<=	0.5			NO_GT_DRUG
2995	35756053	1D-275	meropenem	meropenem	1280.51616	ERS4416059	MATCHED					NO_GT_DRUG	<=	0.5	<=	0.5			NO_GT_DRUG
2996	35756053	1D-275	gentamicin	gentamicin	1280.51616	ERS4416059	MATCHED					NOT_APPLICABLE	<=	4	<=	4	=	0.5	INCORRECT
2997	35756053	1D-275	ciprofloxacin	ciprofloxacin	1280.51616	ERS4416059	MATCHED					NO_GT_DRUG	=	0.5	=	0.5			NO_GT_DRUG
2998	35756053	1D-275	cefoxitin	cefoxitin	1280.51616	ERS4416059	MATCHED					NOT_APPLICABLE	=	0.5	=	0.5	=	4	INCORRECT
2999	35756053	1D-275	trimethoprim	trimethoprim	1280.51616	ERS4416059	MATCHED					NO_GT_DRUG	=	0.5	=	0.5			NO_GT_DRUG
3000	35756053	1D-275	tobramycin	tobramycin	1280.51616	ERS4416059	MATCHED					NOT_APPLICABLE	<=	0.25	<=	0.25	=	0.5	INCORRECT
3001	35756053	1D-275	tigecycline	tigecycline	1280.51616	ERS4416059	MATCHED					NO_GT_DRUG	=	4	=	4			NO_GT_DRUG
3002	35756053	1D-276	ampicillin	ampicillin			NO_GENOME_MATCH					NOT_EVALUATED	<=	0.5	<=	0.5			NOT_EVALUATED
3003	35756053	1D-276	cefazolin	cefazolin			NO_GENOME_MATCH					NOT_EVALUATED	<=	0.5	<=	0.5			NOT_EVALUATED
3004	35756053	1D-276	meropenem	meropenem			NO_GENOME_MATCH					NOT_EVALUATED	<=	0.5	<=	0.5			NOT_EVALUATED
3005	35756053	1D-276	gentamicin	gentamicin			NO_GENOME_MATCH					NOT_EVALUATED	<=	4	<=	4			NOT_EVALUATED
3006	35756053	1D-276	ciprofloxacin	ciprofloxacin			NO_GENOME_MATCH					NOT_EVALUATED	=	0.5	=	0.5			NOT_EVALUATED
3007	35756053	1D-276	cefoxitin	cefoxitin			NO_GENOME_MATCH					NOT_EVALUATED	<=	0.25	<=	0.25			NOT_EVALUATED
3008	35756053	1D-276	trimethoprim	trimethoprim			NO_GENOME_MATCH					NOT_EVALUATED	<=	0.25	<=	0.25			NOT_EVALUATED
3009	35756053	1D-276	tobramycin	tobramycin			NO_GENOME_MATCH					NOT_EVALUATED	<=	0.25	<=	0.25			NOT_EVALUATED
3010	35756053	1D-276	tigecycline	tigecycline			NO_GENOME_MATCH					NOT_EVALUATED	=	2	=	2			NOT_EVALUATED
3011	35756053	1D-277	ampicillin	ampicillin			NO_GENOME_MATCH					NOT_EVALUATED	>	4	>	4			NOT_EVALUATED
3012	35756053	1D-277	cefazolin	cefazolin			NO_GENOME_MATCH					NOT_EVALUATED	<=	0.5	<=	0.5			NOT_EVALUATED
3013	35756053	1D-277	meropenem	meropenem			NO_GENOME_MATCH					NOT_EVALUATED	<=	0.5	<=	0.5			NOT_EVALUATED
3014	35756053	1D-277	gentamicin	gentamicin			NO_GENOME_MATCH					NOT_EVALUATED	<=	4	<=	4			NOT_EVALUATED
3015	35756053	1D-277	ciprofloxacin	ciprofloxacin			NO_GENOME_MATCH					NOT_EVALUATED	=	0.5	=	0.5			NOT_EVALUATED
3016	35756053	1D-277	cefoxitin	cefoxitin			NO_GENOME_MATCH					NOT_EVALUATED	<=	0.25	<=	0.25			NOT_EVALUATED
3017	35756053	1D-277	trimethoprim	trimethoprim			NO_GENOME_MATCH					NOT_EVALUATED	<=	0.25	<=	0.25			NOT_EVALUATED
3018	35756053	1D-277	tobramycin	tobramycin			NO_GENOME_MATCH					NOT_EVALUATED	<=	0.25	<=	0.25			NOT_EVALUATED
3019	35756053	1D-277	tigecycline	tigecycline			NO_GENOME_MATCH					NOT_EVALUATED	=	4	=	4			NOT_EVALUATED
3020	35756053	1D-278	ampicillin	ampicillin			NO_GENOME_MATCH					NOT_EVALUATED	<=	0.5	<=	0.5			NOT_EVALUATED
3021	35756053	1D-278	cefazolin	cefazolin			NO_GENOME_MATCH					NOT_EVALUATED	<=	0.5	<=	0.5			NOT_EVALUATED
3022	35756053	1D-278	meropenem	meropenem			NO_GENOME_MATCH					NOT_EVALUATED	<=	0.5	<=	0.5			NOT_EVALUATED
3023	35756053	1D-278	gentamicin	gentamicin			NO_GENOME_MATCH					NOT_EVALUATED	<=	4	<=	4			NOT_EVALUATED
3024	35756053	1D-278	ciprofloxacin	ciprofloxacin			NO_GENOME_MATCH					NOT_EVALUATED	=	0.5	=	0.5			NOT_EVALUATED
3025	35756053	1D-278	cefoxitin	cefoxitin			NO_GENOME_MATCH					NOT_EVALUATED	<=	0.25	<=	0.25			NOT_EVALUATED
3026	35756053	1D-278	trimethoprim	trimethoprim			NO_GENOME_MATCH					NOT_EVALUATED	<=	0.25	<=	0.25			NOT_EVALUATED
3027	35756053	1D-278	tobramycin	tobramycin			NO_GENOME_MATCH					NOT_EVALUATED	<=	0.25	<=	0.25			NOT_EVALUATED
3028	35756053	1D-278	tigecycline	tigecycline			NO_GENOME_MATCH					NOT_EVALUATED	=	4	=	4			NOT_EVALUATED
3029	35756053	1D-279	ampicillin	ampicillin			NO_GENOME_MATCH					NOT_EVALUATED	=	2	=	2			NOT_EVALUATED
3030	35756053	1D-279	cefazolin	cefazolin			NO_GENOME_MATCH					NOT_EVALUATED	<=	0.5	<=	0.5			NOT_EVALUATED
3031	35756053	1D-279	meropenem	meropenem			NO_GENOME_MATCH					NOT_EVALUATED	<=	0.5	<=	0.5			NOT_EVALUATED
3032	35756053	1D-279	gentamicin	gentamicin			NO_GENOME_MATCH					NOT_EVALUATED	<=	4	<=	4			NOT_EVALUATED
3033	35756053	1D-279	ciprofloxacin	ciprofloxacin			NO_GENOME_MATCH					NOT_EVALUATED	<=	0.25	<=	0.25			NOT_EVALUATED
3034	35756053	1D-279	cefoxitin	cefoxitin			NO_GENOME_MATCH					NOT_EVALUATED	<=	0.25	<=	0.25			NOT_EVALUATED
3035	35756053	1D-279	trimethoprim	trimethoprim			NO_GENOME_MATCH					NOT_EVALUATED	<=	0.25	<=	0.25			NOT_EVALUATED
3036	35756053	1D-279	tobramycin	tobramycin			NO_GENOME_MATCH					NOT_EVALUATED	<=	0.25	<=	0.25			NOT_EVALUATED
3037	35756053	1D-279	tigecycline	tigecycline			NO_GENOME_MATCH					NOT_EVALUATED	=	4	=	4			NOT_EVALUATED
3038	35756053	1D-280	ampicillin	ampicillin	1280.51611	ERS4416064	MATCHED					NO_GT_DRUG	<=	0.5	<=	0.5			NO_GT_DRUG
3039	35756053	1D-280	cefazolin	cefazolin	1280.51611	ERS4416064	MATCHED					NO_GT_DRUG	<=	0.5	<=	0.5			NO_GT_DRUG
3040	35756053	1D-280	meropenem	meropenem	1280.51611	ERS4416064	MATCHED					NO_GT_DRUG	<=	0.5	<=	0.5			NO_GT_DRUG
3041	35756053	1D-280	gentamicin	gentamicin	1280.51611	ERS4416064	MATCHED					NOT_APPLICABLE	<=	4	<=	4	<=	0.25	INCORRECT
3042	35756053	1D-280	ciprofloxacin	ciprofloxacin	1280.51611	ERS4416064	MATCHED					NO_GT_DRUG	=	0.5	=	0.5			NO_GT_DRUG
3043	35756053	1D-280	cefoxitin	cefoxitin	1280.51611	ERS4416064	MATCHED					NOT_APPLICABLE	<=	0.25	<=	0.25	=	2	INCORRECT
3044	35756053	1D-280	trimethoprim	trimethoprim	1280.51611	ERS4416064	MATCHED					NO_GT_DRUG	<=	0.25	<=	0.25			NO_GT_DRUG
3045	35756053	1D-280	tobramycin	tobramycin	1280.51611	ERS4416064	MATCHED					NOT_APPLICABLE	<=	0.25	<=	0.25	<=	0.25	CORRECT
3046	35756053	1D-280	tigecycline	tigecycline	1280.51611	ERS4416064	MATCHED					NO_GT_DRUG	=	2	=	2			NO_GT_DRUG
3047	35756053	1D-281	ampicillin	ampicillin	1280.51610	ERS4416065	MATCHED					NO_GT_DRUG	>	4	>	4			NO_GT_DRUG
3048	35756053	1D-281	cefazolin	cefazolin	1280.51610	ERS4416065	MATCHED					NO_GT_DRUG	<=	0.5	<=	0.5			NO_GT_DRUG
3049	35756053	1D-281	meropenem	meropenem	1280.51610	ERS4416065	MATCHED					NO_GT_DRUG	<=	0.5	<=	0.5			NO_GT_DRUG
3050	35756053	1D-281	gentamicin	gentamicin	1280.51610	ERS4416065	MATCHED					NOT_APPLICABLE	=	16	=	16	<=	0.25	INCORRECT
3051	35756053	1D-281	ciprofloxacin	ciprofloxacin	1280.51610	ERS4416065	MATCHED					NO_GT_DRUG	=	0.5	=	0.5			NO_GT_DRUG
3052	35756053	1D-281	cefoxitin	cefoxitin	1280.51610	ERS4416065	MATCHED					NOT_APPLICABLE	<=	0.25	<=	0.25	=	2	INCORRECT
3053	35756053	1D-281	trimethoprim	trimethoprim	1280.51610	ERS4416065	MATCHED					NO_GT_DRUG	<=	0.25	<=	0.25			NO_GT_DRUG
3054	35756053	1D-281	tobramycin	tobramycin	1280.51610	ERS4416065	MATCHED					NOT_APPLICABLE	<=	0.25	<=	0.25	<=	0.25	CORRECT
3055	35756053	1D-281	tigecycline	tigecycline	1280.51610	ERS4416065	MATCHED					NO_GT_DRUG	=	2	=	2			NO_GT_DRUG
3056	35756053	1D-282	ampicillin	ampicillin			NO_GENOME_MATCH					NOT_EVALUATED	<=	0.5	<=	0.5			NOT_EVALUATED
3057	35756053	1D-282	cefazolin	cefazolin			NO_GENOME_MATCH					NOT_EVALUATED	<=	0.5	<=	0.5			NOT_EVALUATED
3058	35756053	1D-282	meropenem	meropenem			NO_GENOME_MATCH					NOT_EVALUATED	<=	0.5	<=	0.5			NOT_EVALUATED
3059	35756053	1D-282	gentamicin	gentamicin			NO_GENOME_MATCH					NOT_EVALUATED	<=	4	<=	4			NOT_EVALUATED
3060	35756053	1D-282	ciprofloxacin	ciprofloxacin			NO_GENOME_MATCH					NOT_EVALUATED	<=	0.25	<=	0.25			NOT_EVALUATED
3061	35756053	1D-282	cefoxitin	cefoxitin			NO_GENOME_MATCH					NOT_EVALUATED	<=	0.25	<=	0.25			NOT_EVALUATED
3062	35756053	1D-282	trimethoprim	trimethoprim			NO_GENOME_MATCH					NOT_EVALUATED	<=	0.25	<=	0.25			NOT_EVALUATED
3063	35756053	1D-282	tobramycin	tobramycin			NO_GENOME_MATCH					NOT_EVALUATED	<=	0.25	<=	0.25			NOT_EVALUATED
3064	35756053	1D-282	tigecycline	tigecycline			NO_GENOME_MATCH					NOT_EVALUATED	=	4	=	4			NOT_EVALUATED
3065	35756053	1D-283	ampicillin	ampicillin	1280.51620	ERS4416067	MATCHED					NO_GT_DRUG	<=	0.5	<=	0.5			NO_GT_DRUG
3066	35756053	1D-283	cefazolin	cefazolin	1280.51620	ERS4416067	MATCHED					NO_GT_DRUG	<=	0.5	<=	0.5			NO_GT_DRUG
3067	35756053	1D-283	meropenem	meropenem	1280.51620	ERS4416067	MATCHED					NO_GT_DRUG	<=	0.5	<=	0.5			NO_GT_DRUG
3068	35756053	1D-283	gentamicin	gentamicin	1280.51620	ERS4416067	MATCHED					NOT_APPLICABLE	<=	4	<=	4	<=	0.25	INCORRECT
3069	35756053	1D-283	ciprofloxacin	ciprofloxacin	1280.51620	ERS4416067	MATCHED					NO_GT_DRUG	=	0.5	=	0.5			NO_GT_DRUG
3070	35756053	1D-283	cefoxitin	cefoxitin	1280.51620	ERS4416067	MATCHED					NOT_APPLICABLE	<=	0.25	<=	0.25	=	2	INCORRECT
3071	35756053	1D-283	trimethoprim	trimethoprim	1280.51620	ERS4416067	MATCHED					NO_GT_DRUG	<=	0.25	<=	0.25			NO_GT_DRUG
3072	35756053	1D-283	tobramycin	tobramycin	1280.51620	ERS4416067	MATCHED					NOT_APPLICABLE	<=	0.25	<=	0.25	<=	0.25	CORRECT
3073	35756053	1D-283	tigecycline	tigecycline	1280.51620	ERS4416067	MATCHED					NO_GT_DRUG	=	2	=	2			NO_GT_DRUG
3074	35756053	1D-284	ampicillin	ampicillin			NO_GENOME_MATCH					NOT_EVALUATED	<=	0.5	<=	0.5			NOT_EVALUATED
3075	35756053	1D-284	cefazolin	cefazolin			NO_GENOME_MATCH					NOT_EVALUATED	<=	0.5	<=	0.5			NOT_EVALUATED
3076	35756053	1D-284	meropenem	meropenem			NO_GENOME_MATCH					NOT_EVALUATED	<=	0.5	<=	0.5			NOT_EVALUATED
3077	35756053	1D-284	gentamicin	gentamicin			NO_GENOME_MATCH					NOT_EVALUATED	<=	4	<=	4			NOT_EVALUATED
3078	35756053	1D-284	ciprofloxacin	ciprofloxacin			NO_GENOME_MATCH					NOT_EVALUATED	=	0.5	=	0.5			NOT_EVALUATED
3079	35756053	1D-284	cefoxitin	cefoxitin			NO_GENOME_MATCH					NOT_EVALUATED	<=	0.25	<=	0.25			NOT_EVALUATED
3080	35756053	1D-284	trimethoprim	trimethoprim			NO_GENOME_MATCH					NOT_EVALUATED	<=	0.25	<=	0.25			NOT_EVALUATED
3081	35756053	1D-284	tobramycin	tobramycin			NO_GENOME_MATCH					NOT_EVALUATED	<=	0.25	<=	0.25			NOT_EVALUATED
3082	35756053	1D-284	tigecycline	tigecycline			NO_GENOME_MATCH					NOT_EVALUATED	>	8	>	8			NOT_EVALUATED
3083	35756053	1D-285	ampicillin	ampicillin	1280.51621	ERS4416069	MATCHED					NO_GT_DRUG	<=	0.5	<=	0.5			NO_GT_DRUG
3084	35756053	1D-285	cefazolin	cefazolin	1280.51621	ERS4416069	MATCHED					NO_GT_DRUG	<=	0.5	<=	0.5			NO_GT_DRUG
3085	35756053	1D-285	meropenem	meropenem	1280.51621	ERS4416069	MATCHED					NO_GT_DRUG	<=	0.5	<=	0.5			NO_GT_DRUG
3086	35756053	1D-285	gentamicin	gentamicin	1280.51621	ERS4416069	MATCHED					NOT_APPLICABLE	<=	4	<=	4	<=	0.25	INCORRECT
3087	35756053	1D-285	ciprofloxacin	ciprofloxacin	1280.51621	ERS4416069	MATCHED					NO_GT_DRUG	=	0.5	=	0.5			NO_GT_DRUG
3088	35756053	1D-285	cefoxitin	cefoxitin	1280.51621	ERS4416069	MATCHED					NOT_APPLICABLE	<=	0.25	<=	0.25	=	2	INCORRECT
3089	35756053	1D-285	trimethoprim	trimethoprim	1280.51621	ERS4416069	MATCHED					NO_GT_DRUG	<=	0.25	<=	0.25			NO_GT_DRUG
3090	35756053	1D-285	tobramycin	tobramycin	1280.51621	ERS4416069	MATCHED					NOT_APPLICABLE	<=	0.25	<=	0.25	<=	0.25	CORRECT
3091	35756053	1D-285	tigecycline	tigecycline	1280.51621	ERS4416069	MATCHED					NO_GT_DRUG	=	2	=	2			NO_GT_DRUG
3092	35756053	1D-286	ampicillin	ampicillin			NO_GENOME_MATCH					NOT_EVALUATED	<=	0.5	<=	0.5			NOT_EVALUATED
3093	35756053	1D-286	cefazolin	cefazolin			NO_GENOME_MATCH					NOT_EVALUATED	<=	0.5	<=	0.5			NOT_EVALUATED
3094	35756053	1D-286	meropenem	meropenem			NO_GENOME_MATCH					NOT_EVALUATED	<=	0.5	<=	0.5			NOT_EVALUATED
3095	35756053	1D-286	gentamicin	gentamicin			NO_GENOME_MATCH					NOT_EVALUATED	<=	4	<=	4			NOT_EVALUATED
3096	35756053	1D-286	ciprofloxacin	ciprofloxacin			NO_GENOME_MATCH					NOT_EVALUATED	=	0.5	=	0.5			NOT_EVALUATED
3097	35756053	1D-286	cefoxitin	cefoxitin			NO_GENOME_MATCH					NOT_EVALUATED	<=	0.25	<=	0.25			NOT_EVALUATED
3098	35756053	1D-286	trimethoprim	trimethoprim			NO_GENOME_MATCH					NOT_EVALUATED	<=	0.25	<=	0.25			NOT_EVALUATED
3099	35756053	1D-286	tobramycin	tobramycin			NO_GENOME_MATCH					NOT_EVALUATED	<=	0.25	<=	0.25			NOT_EVALUATED
3100	35756053	1D-286	tigecycline	tigecycline			NO_GENOME_MATCH					NOT_EVALUATED	=	2	=	2			NOT_EVALUATED
3101	35756053	1D-287	ampicillin	ampicillin			NO_GENOME_MATCH					NOT_EVALUATED	<=	0.5	<=	0.5			NOT_EVALUATED
3102	35756053	1D-287	cefazolin	cefazolin			NO_GENOME_MATCH					NOT_EVALUATED	<=	0.5	<=	0.5			NOT_EVALUATED
3103	35756053	1D-287	meropenem	meropenem			NO_GENOME_MATCH					NOT_EVALUATED	<=	0.5	<=	0.5			NOT_EVALUATED
3104	35756053	1D-287	gentamicin	gentamicin			NO_GENOME_MATCH					NOT_EVALUATED	<=	4	<=	4			NOT_EVALUATED
3105	35756053	1D-287	ciprofloxacin	ciprofloxacin			NO_GENOME_MATCH					NOT_EVALUATED	=	0.5	=	0.5			NOT_EVALUATED
3106	35756053	1D-287	cefoxitin	cefoxitin			NO_GENOME_MATCH					NOT_EVALUATED	<=	0.25	<=	0.25			NOT_EVALUATED
3107	35756053	1D-287	trimethoprim	trimethoprim			NO_GENOME_MATCH					NOT_EVALUATED	<=	0.25	<=	0.25			NOT_EVALUATED
3108	35756053	1D-287	tobramycin	tobramycin			NO_GENOME_MATCH					NOT_EVALUATED	<=	0.25	<=	0.25			NOT_EVALUATED
3109	35756053	1D-287	tigecycline	tigecycline			NO_GENOME_MATCH					NOT_EVALUATED	=	4	=	4			NOT_EVALUATED
3110	35756053	1D-288	ampicillin	ampicillin	1280.51623	ERS4416072	MATCHED					NO_GT_DRUG	<=	0.5	<=	0.5			NO_GT_DRUG
3111	35756053	1D-288	cefazolin	cefazolin	1280.51623	ERS4416072	MATCHED					NO_GT_DRUG	<=	0.5	<=	0.5			NO_GT_DRUG
3112	35756053	1D-288	meropenem	meropenem	1280.51623	ERS4416072	MATCHED					NO_GT_DRUG	<=	0.5	<=	0.5			NO_GT_DRUG
3113	35756053	1D-288	gentamicin	gentamicin	1280.51623	ERS4416072	MATCHED					NOT_APPLICABLE	<=	4	<=	4	<=	0.25	INCORRECT
3114	35756053	1D-288	ciprofloxacin	ciprofloxacin	1280.51623	ERS4416072	MATCHED					NO_GT_DRUG	=	0.5	=	0.5			NO_GT_DRUG
3115	35756053	1D-288	cefoxitin	cefoxitin	1280.51623	ERS4416072	MATCHED					NOT_APPLICABLE	<=	0.25	<=	0.25	=	4	INCORRECT
3116	35756053	1D-288	trimethoprim	trimethoprim	1280.51623	ERS4416072	MATCHED					NO_GT_DRUG	<=	0.25	<=	0.25			NO_GT_DRUG
3117	35756053	1D-288	tobramycin	tobramycin	1280.51623	ERS4416072	MATCHED					NOT_APPLICABLE	<=	0.25	<=	0.25	<=	0.25	CORRECT
3118	35756053	1D-288	tigecycline	tigecycline	1280.51623	ERS4416072	MATCHED					NO_GT_DRUG	=	4	=	4			NO_GT_DRUG
3119	35756053	1D-289	ampicillin	ampicillin			NO_GENOME_MATCH					NOT_EVALUATED	<=	0.5	<=	0.5			NOT_EVALUATED
3120	35756053	1D-289	cefazolin	cefazolin			NO_GENOME_MATCH					NOT_EVALUATED	<=	0.5	<=	0.5			NOT_EVALUATED
3121	35756053	1D-289	meropenem	meropenem			NO_GENOME_MATCH					NOT_EVALUATED	<=	0.5	<=	0.5			NOT_EVALUATED
3122	35756053	1D-289	gentamicin	gentamicin			NO_GENOME_MATCH					NOT_EVALUATED	<=	4	<=	4			NOT_EVALUATED
3123	35756053	1D-289	ciprofloxacin	ciprofloxacin			NO_GENOME_MATCH					NOT_EVALUATED	=	0.5	=	0.5			NOT_EVALUATED
3124	35756053	1D-289	cefoxitin	cefoxitin			NO_GENOME_MATCH					NOT_EVALUATED	<=	0.25	<=	0.25			NOT_EVALUATED
3125	35756053	1D-289	trimethoprim	trimethoprim			NO_GENOME_MATCH					NOT_EVALUATED	<=	0.25	<=	0.25			NOT_EVALUATED
3126	35756053	1D-289	tobramycin	tobramycin			NO_GENOME_MATCH					NOT_EVALUATED	<=	0.25	<=	0.25			NOT_EVALUATED
3127	35756053	1D-289	tigecycline	tigecycline			NO_GENOME_MATCH					NOT_EVALUATED	=	2	=	2			NOT_EVALUATED
3128	35756053	1D-290	ampicillin	ampicillin			NO_GENOME_MATCH					NOT_EVALUATED	<=	0.5	<=	0.5			NOT_EVALUATED
3129	35756053	1D-290	cefazolin	cefazolin			NO_GENOME_MATCH					NOT_EVALUATED	<=	0.5	<=	0.5			NOT_EVALUATED
3130	35756053	1D-290	meropenem	meropenem			NO_GENOME_MATCH					NOT_EVALUATED	<=	0.5	<=	0.5			NOT_EVALUATED
3131	35756053	1D-290	gentamicin	gentamicin			NO_GENOME_MATCH					NOT_EVALUATED	<=	4	<=	4			NOT_EVALUATED
3132	35756053	1D-290	ciprofloxacin	ciprofloxacin			NO_GENOME_MATCH					NOT_EVALUATED	=	0.5	=	0.5			NOT_EVALUATED
3133	35756053	1D-290	cefoxitin	cefoxitin			NO_GENOME_MATCH					NOT_EVALUATED	<=	0.25	<=	0.25			NOT_EVALUATED
3134	35756053	1D-290	trimethoprim	trimethoprim			NO_GENOME_MATCH					NOT_EVALUATED	=	0.5	=	0.5			NOT_EVALUATED
3135	35756053	1D-290	tobramycin	tobramycin			NO_GENOME_MATCH					NOT_EVALUATED	<=	0.25	<=	0.25			NOT_EVALUATED
3136	35756053	1D-290	tigecycline	tigecycline			NO_GENOME_MATCH					NOT_EVALUATED	=	4	=	4			NOT_EVALUATED
3137	35756053	1D-291	ampicillin	ampicillin			NO_GENOME_MATCH					NOT_EVALUATED	<=	0.5	<=	0.5			NOT_EVALUATED
3138	35756053	1D-291	cefazolin	cefazolin			NO_GENOME_MATCH					NOT_EVALUATED	<=	0.5	<=	0.5			NOT_EVALUATED
3139	35756053	1D-291	meropenem	meropenem			NO_GENOME_MATCH					NOT_EVALUATED	<=	0.5	<=	0.5			NOT_EVALUATED
3140	35756053	1D-291	gentamicin	gentamicin			NO_GENOME_MATCH					NOT_EVALUATED	<=	4	<=	4			NOT_EVALUATED
3141	35756053	1D-291	ciprofloxacin	ciprofloxacin			NO_GENOME_MATCH					NOT_EVALUATED	=	0.5	=	0.5			NOT_EVALUATED
3142	35756053	1D-291	cefoxitin	cefoxitin			NO_GENOME_MATCH					NOT_EVALUATED	=	1	=	1			NOT_EVALUATED
3143	35756053	1D-291	trimethoprim	trimethoprim			NO_GENOME_MATCH					NOT_EVALUATED	=	1	=	1			NOT_EVALUATED
3144	35756053	1D-291	tobramycin	tobramycin			NO_GENOME_MATCH					NOT_EVALUATED	<=	0.25	<=	0.25			NOT_EVALUATED
3145	35756053	1D-291	tigecycline	tigecycline			NO_GENOME_MATCH					NOT_EVALUATED	=	4	=	4			NOT_EVALUATED
3146	35756053	1D-292	ampicillin	ampicillin	1280.51619	ERS4416076	MATCHED					NO_GT_DRUG	<=	0.5	<=	0.5			NO_GT_DRUG
3147	35756053	1D-292	cefazolin	cefazolin	1280.51619	ERS4416076	MATCHED					NO_GT_DRUG	<=	0.5	<=	0.5			NO_GT_DRUG
3148	35756053	1D-292	meropenem	meropenem	1280.51619	ERS4416076	MATCHED					NO_GT_DRUG	<=	0.5	<=	0.5			NO_GT_DRUG
3149	35756053	1D-292	gentamicin	gentamicin	1280.51619	ERS4416076	MATCHED					NOT_APPLICABLE	<=	4	<=	4	<=	0.25	INCORRECT
3150	35756053	1D-292	ciprofloxacin	ciprofloxacin	1280.51619	ERS4416076	MATCHED					NO_GT_DRUG	=	0.5	=	0.5			NO_GT_DRUG
3151	35756053	1D-292	cefoxitin	cefoxitin	1280.51619	ERS4416076	MATCHED					NOT_APPLICABLE	<=	0.25	<=	0.25	=	4	INCORRECT
3152	35756053	1D-292	trimethoprim	trimethoprim	1280.51619	ERS4416076	MATCHED					NO_GT_DRUG	<=	0.25	<=	0.25			NO_GT_DRUG
3153	35756053	1D-292	tobramycin	tobramycin	1280.51619	ERS4416076	MATCHED					NOT_APPLICABLE	<=	0.25	<=	0.25	<=	0.25	CORRECT
3154	35756053	1D-292	tigecycline	tigecycline	1280.51619	ERS4416076	MATCHED					NO_GT_DRUG	=	4	=	4			NO_GT_DRUG
3155	35756053	1D-293	ampicillin	ampicillin			NO_GENOME_MATCH					NOT_EVALUATED	<=	0.5	<=	0.5			NOT_EVALUATED
3156	35756053	1D-293	cefazolin	cefazolin			NO_GENOME_MATCH					NOT_EVALUATED	<=	0.5	<=	0.5			NOT_EVALUATED
3157	35756053	1D-293	meropenem	meropenem			NO_GENOME_MATCH					NOT_EVALUATED	<=	0.5	<=	0.5			NOT_EVALUATED
3158	35756053	1D-293	gentamicin	gentamicin			NO_GENOME_MATCH					NOT_EVALUATED	<=	4	<=	4			NOT_EVALUATED
3159	35756053	1D-293	ciprofloxacin	ciprofloxacin			NO_GENOME_MATCH					NOT_EVALUATED	=	0.5	=	0.5			NOT_EVALUATED
3160	35756053	1D-293	cefoxitin	cefoxitin			NO_GENOME_MATCH					NOT_EVALUATED	=	0.5	=	0.5			NOT_EVALUATED
3161	35756053	1D-293	trimethoprim	trimethoprim			NO_GENOME_MATCH					NOT_EVALUATED	=	0.5	=	0.5			NOT_EVALUATED
3162	35756053	1D-293	tobramycin	tobramycin			NO_GENOME_MATCH					NOT_EVALUATED	<=	0.25	<=	0.25			NOT_EVALUATED
3163	35756053	1D-293	tigecycline	tigecycline			NO_GENOME_MATCH					NOT_EVALUATED	=	4	=	4			NOT_EVALUATED
3164	35756053	1D-294	ampicillin	ampicillin			NO_GENOME_MATCH					NOT_EVALUATED	>	4	>	4			NOT_EVALUATED
3165	35756053	1D-294	cefazolin	cefazolin			NO_GENOME_MATCH					NOT_EVALUATED	<=	0.5	<=	0.5			NOT_EVALUATED
3166	35756053	1D-294	meropenem	meropenem			NO_GENOME_MATCH					NOT_EVALUATED	<=	0.5	<=	0.5			NOT_EVALUATED
3167	35756053	1D-294	gentamicin	gentamicin			NO_GENOME_MATCH					NOT_EVALUATED	<=	4	<=	4			NOT_EVALUATED
3168	35756053	1D-294	ciprofloxacin	ciprofloxacin			NO_GENOME_MATCH					NOT_EVALUATED	=	0.5	=	0.5			NOT_EVALUATED
3169	35756053	1D-294	cefoxitin	cefoxitin			NO_GENOME_MATCH					NOT_EVALUATED	<=	0.25	<=	0.25			NOT_EVALUATED
3170	35756053	1D-294	trimethoprim	trimethoprim			NO_GENOME_MATCH					NOT_EVALUATED	<=	0.25	<=	0.25			NOT_EVALUATED
3171	35756053	1D-294	tobramycin	tobramycin			NO_GENOME_MATCH					NOT_EVALUATED	<=	0.25	<=	0.25			NOT_EVALUATED
3172	35756053	1D-294	tigecycline	tigecycline			NO_GENOME_MATCH					NOT_EVALUATED	=	2	=	2			NOT_EVALUATED
3173	35756053	1D-295	ampicillin	ampicillin			NO_GENOME_MATCH					NOT_EVALUATED	<=	0.5	<=	0.5			NOT_EVALUATED
3174	35756053	1D-295	cefazolin	cefazolin			NO_GENOME_MATCH					NOT_EVALUATED	<=	0.5	<=	0.5			NOT_EVALUATED
3175	35756053	1D-295	meropenem	meropenem			NO_GENOME_MATCH					NOT_EVALUATED	<=	0.5	<=	0.5			NOT_EVALUATED
3176	35756053	1D-295	gentamicin	gentamicin			NO_GENOME_MATCH					NOT_EVALUATED	<=	4	<=	4			NOT_EVALUATED
3177	35756053	1D-295	ciprofloxacin	ciprofloxacin			NO_GENOME_MATCH					NOT_EVALUATED	=	0.5	=	0.5			NOT_EVALUATED
3178	35756053	1D-295	cefoxitin	cefoxitin			NO_GENOME_MATCH					NOT_EVALUATED	<=	0.25	<=	0.25			NOT_EVALUATED
3179	35756053	1D-295	trimethoprim	trimethoprim			NO_GENOME_MATCH					NOT_EVALUATED	=	0.5	=	0.5			NOT_EVALUATED
3180	35756053	1D-295	tobramycin	tobramycin			NO_GENOME_MATCH					NOT_EVALUATED	<=	0.25	<=	0.25			NOT_EVALUATED
3181	35756053	1D-295	tigecycline	tigecycline			NO_GENOME_MATCH					NOT_EVALUATED	=	4	=	4			NOT_EVALUATED
3182	35756053	1D-296	ampicillin	ampicillin			NO_GENOME_MATCH					NOT_EVALUATED	<=	0.5	<=	0.5			NOT_EVALUATED
3183	35756053	1D-296	cefazolin	cefazolin			NO_GENOME_MATCH					NOT_EVALUATED	<=	0.5	<=	0.5			NOT_EVALUATED
3184	35756053	1D-296	meropenem	meropenem			NO_GENOME_MATCH					NOT_EVALUATED	<=	0.5	<=	0.5			NOT_EVALUATED
3185	35756053	1D-296	gentamicin	gentamicin			NO_GENOME_MATCH					NOT_EVALUATED	<=	4	<=	4			NOT_EVALUATED
3186	35756053	1D-296	ciprofloxacin	ciprofloxacin			NO_GENOME_MATCH					NOT_EVALUATED	=	0.5	=	0.5			NOT_EVALUATED
3187	35756053	1D-296	cefoxitin	cefoxitin			NO_GENOME_MATCH					NOT_EVALUATED	<=	0.25	<=	0.25			NOT_EVALUATED
3188	35756053	1D-296	trimethoprim	trimethoprim			NO_GENOME_MATCH					NOT_EVALUATED	<=	0.25	<=	0.25			NOT_EVALUATED
3189	35756053	1D-296	tobramycin	tobramycin			NO_GENOME_MATCH					NOT_EVALUATED	<=	0.25	<=	0.25			NOT_EVALUATED
3190	35756053	1D-296	tigecycline	tigecycline			NO_GENOME_MATCH					NOT_EVALUATED	=	4	=	4			NOT_EVALUATED
3191	35756053	1D-297	ampicillin	ampicillin			NO_GENOME_MATCH					NOT_EVALUATED	<=	0.5	<=	0.5			NOT_EVALUATED
3192	35756053	1D-297	cefazolin	cefazolin			NO_GENOME_MATCH					NOT_EVALUATED	<=	0.5	<=	0.5			NOT_EVALUATED
3193	35756053	1D-297	meropenem	meropenem			NO_GENOME_MATCH					NOT_EVALUATED	<=	0.5	<=	0.5			NOT_EVALUATED
3194	35756053	1D-297	gentamicin	gentamicin			NO_GENOME_MATCH					NOT_EVALUATED	<=	4	<=	4			NOT_EVALUATED
3195	35756053	1D-297	ciprofloxacin	ciprofloxacin			NO_GENOME_MATCH					NOT_EVALUATED	=	0.5	=	0.5			NOT_EVALUATED
3196	35756053	1D-297	cefoxitin	cefoxitin			NO_GENOME_MATCH					NOT_EVALUATED	<=	0.25	<=	0.25			NOT_EVALUATED
3197	35756053	1D-297	trimethoprim	trimethoprim			NO_GENOME_MATCH					NOT_EVALUATED	<=	0.25	<=	0.25			NOT_EVALUATED
3198	35756053	1D-297	tobramycin	tobramycin			NO_GENOME_MATCH					NOT_EVALUATED	<=	0.25	<=	0.25			NOT_EVALUATED
3199	35756053	1D-297	tigecycline	tigecycline			NO_GENOME_MATCH					NOT_EVALUATED	=	4	=	4			NOT_EVALUATED
3200	35756053	1D-298	ampicillin	ampicillin			NO_GENOME_MATCH					NOT_EVALUATED	>	4	>	4			NOT_EVALUATED
3201	35756053	1D-298	cefazolin	cefazolin			NO_GENOME_MATCH					NOT_EVALUATED	<=	0.5	<=	0.5			NOT_EVALUATED
3202	35756053	1D-298	meropenem	meropenem			NO_GENOME_MATCH					NOT_EVALUATED	<=	0.5	<=	0.5			NOT_EVALUATED
3203	35756053	1D-298	gentamicin	gentamicin			NO_GENOME_MATCH					NOT_EVALUATED	<=	4	<=	4			NOT_EVALUATED
3204	35756053	1D-298	ciprofloxacin	ciprofloxacin			NO_GENOME_MATCH					NOT_EVALUATED	<=	0.25	<=	0.25			NOT_EVALUATED
3205	35756053	1D-298	cefoxitin	cefoxitin			NO_GENOME_MATCH					NOT_EVALUATED	=	0.5	=	0.5			NOT_EVALUATED
3206	35756053	1D-298	trimethoprim	trimethoprim			NO_GENOME_MATCH					NOT_EVALUATED	=	0.5	=	0.5			NOT_EVALUATED
3207	35756053	1D-298	tobramycin	tobramycin			NO_GENOME_MATCH					NOT_EVALUATED	<=	0.25	<=	0.25			NOT_EVALUATED
3208	35756053	1D-298	tigecycline	tigecycline			NO_GENOME_MATCH					NOT_EVALUATED	=	2	=	2			NOT_EVALUATED
3209	35756053	1D-299	ampicillin	ampicillin			NO_GENOME_MATCH					NOT_EVALUATED	<=	0.5	<=	0.5			NOT_EVALUATED
3210	35756053	1D-299	cefazolin	cefazolin			NO_GENOME_MATCH					NOT_EVALUATED	<=	0.5	<=	0.5			NOT_EVALUATED
3211	35756053	1D-299	meropenem	meropenem			NO_GENOME_MATCH					NOT_EVALUATED	<=	0.5	<=	0.5			NOT_EVALUATED
3212	35756053	1D-299	gentamicin	gentamicin			NO_GENOME_MATCH					NOT_EVALUATED	<=	4	<=	4			NOT_EVALUATED
3213	35756053	1D-299	ciprofloxacin	ciprofloxacin			NO_GENOME_MATCH					NOT_EVALUATED	=	0.5	=	0.5			NOT_EVALUATED
3214	35756053	1D-299	cefoxitin	cefoxitin			NO_GENOME_MATCH					NOT_EVALUATED	<=	0.25	<=	0.25			NOT_EVALUATED
3215	35756053	1D-299	trimethoprim	trimethoprim			NO_GENOME_MATCH					NOT_EVALUATED	<=	0.25	<=	0.25			NOT_EVALUATED
3216	35756053	1D-299	tobramycin	tobramycin			NO_GENOME_MATCH					NOT_EVALUATED	<=	0.25	<=	0.25			NOT_EVALUATED
3217	35756053	1D-299	tigecycline	tigecycline			NO_GENOME_MATCH					NOT_EVALUATED	=	2	=	2			NOT_EVALUATED
3218	35756053	1D-300	ampicillin	ampicillin			NO_GENOME_MATCH					NOT_EVALUATED	>	4	>	4			NOT_EVALUATED
3219	35756053	1D-300	cefazolin	cefazolin			NO_GENOME_MATCH					NOT_EVALUATED	<=	0.5	<=	0.5			NOT_EVALUATED
3220	35756053	1D-300	meropenem	meropenem			NO_GENOME_MATCH					NOT_EVALUATED	>	4	>	4			NOT_EVALUATED
3221	35756053	1D-300	gentamicin	gentamicin			NO_GENOME_MATCH					NOT_EVALUATED	=	16	=	16			NOT_EVALUATED
3222	35756053	1D-300	ciprofloxacin	ciprofloxacin			NO_GENOME_MATCH					NOT_EVALUATED	>	4	>	4			NOT_EVALUATED
3223	35756053	1D-300	cefoxitin	cefoxitin			NO_GENOME_MATCH					NOT_EVALUATED	=	4	=	4			NOT_EVALUATED
3224	35756053	1D-300	trimethoprim	trimethoprim			NO_GENOME_MATCH					NOT_EVALUATED	=	0.5	=	0.5			NOT_EVALUATED
3225	35756053	1D-300	tobramycin	tobramycin			NO_GENOME_MATCH					NOT_EVALUATED	<=	0.25	<=	0.25			NOT_EVALUATED
3226	35756053	1D-300	tigecycline	tigecycline			NO_GENOME_MATCH					NOT_EVALUATED	=	4	=	4			NOT_EVALUATED
3227	35756053	1D-301	ampicillin	ampicillin			NO_GENOME_MATCH					NOT_EVALUATED	<=	0.5	<=	0.5			NOT_EVALUATED
3228	35756053	1D-301	cefazolin	cefazolin			NO_GENOME_MATCH					NOT_EVALUATED	<=	0.5	<=	0.5			NOT_EVALUATED
3229	35756053	1D-301	meropenem	meropenem			NO_GENOME_MATCH					NOT_EVALUATED	<=	0.5	<=	0.5			NOT_EVALUATED
3230	35756053	1D-301	gentamicin	gentamicin			NO_GENOME_MATCH					NOT_EVALUATED	<=	4	<=	4			NOT_EVALUATED
3231	35756053	1D-301	ciprofloxacin	ciprofloxacin			NO_GENOME_MATCH					NOT_EVALUATED	=	0.5	=	0.5			NOT_EVALUATED
3232	35756053	1D-301	cefoxitin	cefoxitin			NO_GENOME_MATCH					NOT_EVALUATED	>	8	>	8			NOT_EVALUATED
3233	35756053	1D-301	trimethoprim	trimethoprim			NO_GENOME_MATCH					NOT_EVALUATED	<=	0.25	<=	0.25			NOT_EVALUATED
3234	35756053	1D-301	tobramycin	tobramycin			NO_GENOME_MATCH					NOT_EVALUATED	<=	0.25	<=	0.25			NOT_EVALUATED
3235	35756053	1D-301	tigecycline	tigecycline			NO_GENOME_MATCH					NOT_EVALUATED	=	4	=	4			NOT_EVALUATED
3236	35756053	1D-302	ampicillin	ampicillin			NO_GENOME_MATCH					NOT_EVALUATED	=	4	=	4			NOT_EVALUATED
3237	35756053	1D-302	cefazolin	cefazolin			NO_GENOME_MATCH					NOT_EVALUATED	<=	0.5	<=	0.5			NOT_EVALUATED
3238	35756053	1D-302	meropenem	meropenem			NO_GENOME_MATCH					NOT_EVALUATED	<=	0.5	<=	0.5			NOT_EVALUATED
3239	35756053	1D-302	gentamicin	gentamicin			NO_GENOME_MATCH					NOT_EVALUATED	=	16	=	16			NOT_EVALUATED
3240	35756053	1D-302	ciprofloxacin	ciprofloxacin			NO_GENOME_MATCH					NOT_EVALUATED	<=	0.25	<=	0.25			NOT_EVALUATED
3241	35756053	1D-302	cefoxitin	cefoxitin			NO_GENOME_MATCH					NOT_EVALUATED	=	0.5	=	0.5			NOT_EVALUATED
3242	35756053	1D-302	trimethoprim	trimethoprim			NO_GENOME_MATCH					NOT_EVALUATED	=	2	=	2			NOT_EVALUATED
3243	35756053	1D-302	tobramycin	tobramycin			NO_GENOME_MATCH					NOT_EVALUATED	=	0.5	=	0.5			NOT_EVALUATED
3244	35756053	1D-302	tigecycline	tigecycline			NO_GENOME_MATCH					NOT_EVALUATED	=	4	=	4			NOT_EVALUATED
3245	35756053	1D-303	ampicillin	ampicillin	1280.51622	ERS4416087	MATCHED					NO_GT_DRUG	=	4	=	4			NO_GT_DRUG
3246	35756053	1D-303	cefazolin	cefazolin	1280.51622	ERS4416087	MATCHED					NO_GT_DRUG	<=	0.5	<=	0.5			NO_GT_DRUG
3247	35756053	1D-303	meropenem	meropenem	1280.51622	ERS4416087	MATCHED					NO_GT_DRUG	<=	0.5	<=	0.5			NO_GT_DRUG
3248	35756053	1D-303	gentamicin	gentamicin	1280.51622	ERS4416087	MATCHED					NOT_APPLICABLE	<=	4	<=	4	<=	0.25	INCORRECT
3249	35756053	1D-303	ciprofloxacin	ciprofloxacin	1280.51622	ERS4416087	MATCHED					NO_GT_DRUG	<=	0.25	<=	0.25			NO_GT_DRUG
3250	35756053	1D-303	cefoxitin	cefoxitin	1280.51622	ERS4416087	MATCHED					NOT_APPLICABLE	<=	0.25	<=	0.25	=	2	INCORRECT
3251	35756053	1D-303	trimethoprim	trimethoprim	1280.51622	ERS4416087	MATCHED					NO_GT_DRUG	<=	0.25	<=	0.25			NO_GT_DRUG
3252	35756053	1D-303	tobramycin	tobramycin	1280.51622	ERS4416087	MATCHED					NOT_APPLICABLE	<=	0.25	<=	0.25	<=	0.25	CORRECT
3253	35756053	1D-303	tigecycline	tigecycline	1280.51622	ERS4416087	MATCHED					NO_GT_DRUG	=	2	=	2			NO_GT_DRUG
3254	35756053	1D-305	ampicillin	ampicillin			NO_GENOME_MATCH					NOT_EVALUATED	<=	0.5	<=	0.5			NOT_EVALUATED
3255	35756053	1D-305	cefazolin	cefazolin			NO_GENOME_MATCH					NOT_EVALUATED	<=	0.5	<=	0.5			NOT_EVALUATED
3256	35756053	1D-305	meropenem	meropenem			NO_GENOME_MATCH					NOT_EVALUATED	<=	0.5	<=	0.5			NOT_EVALUATED
3257	35756053	1D-305	gentamicin	gentamicin			NO_GENOME_MATCH					NOT_EVALUATED	>	16	>	16			NOT_EVALUATED
3258	35756053	1D-305	ciprofloxacin	ciprofloxacin			NO_GENOME_MATCH					NOT_EVALUATED	=	0.5	=	0.5			NOT_EVALUATED
3259	35756053	1D-305	cefoxitin	cefoxitin			NO_GENOME_MATCH					NOT_EVALUATED	=	0.5	=	0.5			NOT_EVALUATED
3260	35756053	1D-305	trimethoprim	trimethoprim			NO_GENOME_MATCH					NOT_EVALUATED	=	0.5	=	0.5			NOT_EVALUATED
3261	35756053	1D-305	tobramycin	tobramycin			NO_GENOME_MATCH					NOT_EVALUATED	=	2	=	2			NOT_EVALUATED
3262	35756053	1D-305	tigecycline	tigecycline			NO_GENOME_MATCH					NOT_EVALUATED	=	2	=	2			NOT_EVALUATED
3263	35756053	1D-306	ampicillin	ampicillin			NO_GENOME_MATCH					NOT_EVALUATED	<=	0.5	<=	0.5			NOT_EVALUATED
3264	35756053	1D-306	cefazolin	cefazolin			NO_GENOME_MATCH					NOT_EVALUATED	<=	0.5	<=	0.5			NOT_EVALUATED
3265	35756053	1D-306	meropenem	meropenem			NO_GENOME_MATCH					NOT_EVALUATED	<=	0.5	<=	0.5			NOT_EVALUATED
3266	35756053	1D-306	gentamicin	gentamicin			NO_GENOME_MATCH					NOT_EVALUATED	<=	4	<=	4			NOT_EVALUATED
3267	35756053	1D-306	ciprofloxacin	ciprofloxacin			NO_GENOME_MATCH					NOT_EVALUATED	=	0.5	=	0.5			NOT_EVALUATED
3268	35756053	1D-306	cefoxitin	cefoxitin			NO_GENOME_MATCH					NOT_EVALUATED	<=	0.25	<=	0.25			NOT_EVALUATED
3269	35756053	1D-306	trimethoprim	trimethoprim			NO_GENOME_MATCH					NOT_EVALUATED	<=	0.25	<=	0.25			NOT_EVALUATED
3270	35756053	1D-306	tobramycin	tobramycin			NO_GENOME_MATCH					NOT_EVALUATED	<=	0.25	<=	0.25			NOT_EVALUATED
3271	35756053	1D-306	tigecycline	tigecycline			NO_GENOME_MATCH					NOT_EVALUATED	=	4	=	4			NOT_EVALUATED
3272	35756053	1D-307	ampicillin	ampicillin			NO_GENOME_MATCH					NOT_EVALUATED	<=	0.5	<=	0.5			NOT_EVALUATED
3273	35756053	1D-307	cefazolin	cefazolin			NO_GENOME_MATCH					NOT_EVALUATED	<=	0.5	<=	0.5			NOT_EVALUATED
3274	35756053	1D-307	meropenem	meropenem			NO_GENOME_MATCH					NOT_EVALUATED	<=	0.5	<=	0.5			NOT_EVALUATED
3275	35756053	1D-307	gentamicin	gentamicin			NO_GENOME_MATCH					NOT_EVALUATED	<=	4	<=	4			NOT_EVALUATED
3276	35756053	1D-307	ciprofloxacin	ciprofloxacin			NO_GENOME_MATCH					NOT_EVALUATED	=	0.5	=	0.5			NOT_EVALUATED
3277	35756053	1D-307	cefoxitin	cefoxitin			NO_GENOME_MATCH					NOT_EVALUATED	<=	0.25	<=	0.25			NOT_EVALUATED
3278	35756053	1D-307	trimethoprim	trimethoprim			NO_GENOME_MATCH					NOT_EVALUATED	<=	0.25	<=	0.25			NOT_EVALUATED
3279	35756053	1D-307	tobramycin	tobramycin			NO_GENOME_MATCH					NOT_EVALUATED	<=	0.25	<=	0.25			NOT_EVALUATED
3280	35756053	1D-307	tigecycline	tigecycline			NO_GENOME_MATCH					NOT_EVALUATED	=	2	=	2			NOT_EVALUATED
3281	35756053	1D-308	ampicillin	ampicillin			NO_GENOME_MATCH					NOT_EVALUATED	<=	0.5	<=	0.5			NOT_EVALUATED
3282	35756053	1D-308	cefazolin	cefazolin			NO_GENOME_MATCH					NOT_EVALUATED	<=	0.5	<=	0.5			NOT_EVALUATED
3283	35756053	1D-308	meropenem	meropenem			NO_GENOME_MATCH					NOT_EVALUATED	<=	0.5	<=	0.5			NOT_EVALUATED
3284	35756053	1D-308	gentamicin	gentamicin			NO_GENOME_MATCH					NOT_EVALUATED	<=	4	<=	4			NOT_EVALUATED
3285	35756053	1D-308	ciprofloxacin	ciprofloxacin			NO_GENOME_MATCH					NOT_EVALUATED	<=	0.25	<=	0.25			NOT_EVALUATED
3286	35756053	1D-308	cefoxitin	cefoxitin			NO_GENOME_MATCH					NOT_EVALUATED	=	0.5	=	0.5			NOT_EVALUATED
3287	35756053	1D-308	trimethoprim	trimethoprim			NO_GENOME_MATCH					NOT_EVALUATED	=	0.5	=	0.5			NOT_EVALUATED
3288	35756053	1D-308	tobramycin	tobramycin			NO_GENOME_MATCH					NOT_EVALUATED	<=	0.25	<=	0.25			NOT_EVALUATED
3289	35756053	1D-308	tigecycline	tigecycline			NO_GENOME_MATCH					NOT_EVALUATED	=	4	=	4			NOT_EVALUATED
3290	35756053	1D-309	ampicillin	ampicillin			NO_GENOME_MATCH					NOT_EVALUATED	<=	0.5	<=	0.5			NOT_EVALUATED
3291	35756053	1D-309	cefazolin	cefazolin			NO_GENOME_MATCH					NOT_EVALUATED	<=	0.5	<=	0.5			NOT_EVALUATED
3292	35756053	1D-309	meropenem	meropenem			NO_GENOME_MATCH					NOT_EVALUATED	<=	0.5	<=	0.5			NOT_EVALUATED
3293	35756053	1D-309	gentamicin	gentamicin			NO_GENOME_MATCH					NOT_EVALUATED	>	16	>	16			NOT_EVALUATED
3294	35756053	1D-309	ciprofloxacin	ciprofloxacin			NO_GENOME_MATCH					NOT_EVALUATED	=	0.5	=	0.5			NOT_EVALUATED
3295	35756053	1D-309	cefoxitin	cefoxitin			NO_GENOME_MATCH					NOT_EVALUATED	<=	0.25	<=	0.25			NOT_EVALUATED
3296	35756053	1D-309	trimethoprim	trimethoprim			NO_GENOME_MATCH					NOT_EVALUATED	<=	0.25	<=	0.25			NOT_EVALUATED
3297	35756053	1D-309	tobramycin	tobramycin			NO_GENOME_MATCH					NOT_EVALUATED	>	2	>	2			NOT_EVALUATED
3298	35756053	1D-309	tigecycline	tigecycline			NO_GENOME_MATCH					NOT_EVALUATED	=	4	=	4			NOT_EVALUATED
3299	35756053	1D-310	ampicillin	ampicillin	1280.51618	ERS4416094	MATCHED					NO_GT_DRUG	<=	0.5	<=	0.5			NO_GT_DRUG
3300	35756053	1D-310	cefazolin	cefazolin	1280.51618	ERS4416094	MATCHED					NO_GT_DRUG	<=	0.5	<=	0.5			NO_GT_DRUG
3301	35756053	1D-310	meropenem	meropenem	1280.51618	ERS4416094	MATCHED					NO_GT_DRUG	<=	0.5	<=	0.5			NO_GT_DRUG
3302	35756053	1D-310	gentamicin	gentamicin	1280.51618	ERS4416094	MATCHED					NOT_APPLICABLE	<=	4	<=	4	=	0.5	INCORRECT
3303	35756053	1D-310	ciprofloxacin	ciprofloxacin	1280.51618	ERS4416094	MATCHED					NO_GT_DRUG	=	0.5	=	0.5			NO_GT_DRUG
3304	35756053	1D-310	cefoxitin	cefoxitin	1280.51618	ERS4416094	MATCHED					NOT_APPLICABLE	=	0.5	=	0.5	=	4	INCORRECT
3305	35756053	1D-310	trimethoprim	trimethoprim	1280.51618	ERS4416094	MATCHED					NO_GT_DRUG	=	0.5	=	0.5			NO_GT_DRUG
3306	35756053	1D-310	tobramycin	tobramycin	1280.51618	ERS4416094	MATCHED					NOT_APPLICABLE	<=	0.25	<=	0.25	=	0.5	INCORRECT
3307	35756053	1D-310	tigecycline	tigecycline	1280.51618	ERS4416094	MATCHED					NO_GT_DRUG	=	4	=	4			NO_GT_DRUG
3308	35756053	1D-311	ampicillin	ampicillin			NO_GENOME_MATCH					NOT_EVALUATED	<=	0.5	<=	0.5			NOT_EVALUATED
3309	35756053	1D-311	cefazolin	cefazolin			NO_GENOME_MATCH					NOT_EVALUATED	<=	0.5	<=	0.5			NOT_EVALUATED
3310	35756053	1D-311	meropenem	meropenem			NO_GENOME_MATCH					NOT_EVALUATED	<=	0.5	<=	0.5			NOT_EVALUATED
3311	35756053	1D-311	gentamicin	gentamicin			NO_GENOME_MATCH					NOT_EVALUATED	<=	4	<=	4			NOT_EVALUATED
3312	35756053	1D-311	ciprofloxacin	ciprofloxacin			NO_GENOME_MATCH					NOT_EVALUATED	=	0.5	=	0.5			NOT_EVALUATED
3313	35756053	1D-311	cefoxitin	cefoxitin			NO_GENOME_MATCH					NOT_EVALUATED	=	0.5	=	0.5			NOT_EVALUATED
3314	35756053	1D-311	trimethoprim	trimethoprim			NO_GENOME_MATCH					NOT_EVALUATED	=	0.5	=	0.5			NOT_EVALUATED
3315	35756053	1D-311	tobramycin	tobramycin			NO_GENOME_MATCH					NOT_EVALUATED	<=	0.25	<=	0.25			NOT_EVALUATED
3316	35756053	1D-311	tigecycline	tigecycline			NO_GENOME_MATCH					NOT_EVALUATED	=	2	=	2			NOT_EVALUATED
3317	35756053	1D-312	ampicillin	ampicillin			NO_GENOME_MATCH					NOT_EVALUATED	<=	0.5	<=	0.5			NOT_EVALUATED
3318	35756053	1D-312	cefazolin	cefazolin			NO_GENOME_MATCH					NOT_EVALUATED	<=	0.5	<=	0.5			NOT_EVALUATED
3319	35756053	1D-312	meropenem	meropenem			NO_GENOME_MATCH					NOT_EVALUATED	<=	0.5	<=	0.5			NOT_EVALUATED
3320	35756053	1D-312	gentamicin	gentamicin			NO_GENOME_MATCH					NOT_EVALUATED	<=	4	<=	4			NOT_EVALUATED
3321	35756053	1D-312	ciprofloxacin	ciprofloxacin			NO_GENOME_MATCH					NOT_EVALUATED	=	0.5	=	0.5			NOT_EVALUATED
3322	35756053	1D-312	cefoxitin	cefoxitin			NO_GENOME_MATCH					NOT_EVALUATED	<=	0.25	<=	0.25			NOT_EVALUATED
3323	35756053	1D-312	trimethoprim	trimethoprim			NO_GENOME_MATCH					NOT_EVALUATED	<=	0.25	<=	0.25			NOT_EVALUATED
3324	35756053	1D-312	tobramycin	tobramycin			NO_GENOME_MATCH					NOT_EVALUATED	<=	0.25	<=	0.25			NOT_EVALUATED
3325	35756053	1D-312	tigecycline	tigecycline			NO_GENOME_MATCH					NOT_EVALUATED	=	2	=	2			NOT_EVALUATED
3326	35756053	1D-313	ampicillin	ampicillin	1280.51617	ERS4416097	MATCHED					NO_GT_DRUG	<=	0.5	<=	0.5			NO_GT_DRUG
3327	35756053	1D-313	cefazolin	cefazolin	1280.51617	ERS4416097	MATCHED					NO_GT_DRUG	<=	0.5	<=	0.5			NO_GT_DRUG
3328	35756053	1D-313	meropenem	meropenem	1280.51617	ERS4416097	MATCHED					NO_GT_DRUG	<=	0.5	<=	0.5			NO_GT_DRUG
3329	35756053	1D-313	gentamicin	gentamicin	1280.51617	ERS4416097	MATCHED					NOT_APPLICABLE	<=	4	<=	4	<=	0.25	INCORRECT
3330	35756053	1D-313	ciprofloxacin	ciprofloxacin	1280.51617	ERS4416097	MATCHED					NO_GT_DRUG	<=	0.25	<=	0.25			NO_GT_DRUG
3331	35756053	1D-313	cefoxitin	cefoxitin	1280.51617	ERS4416097	MATCHED					NOT_APPLICABLE	<=	0.25	<=	0.25	=	2	INCORRECT
3332	35756053	1D-313	trimethoprim	trimethoprim	1280.51617	ERS4416097	MATCHED					NO_GT_DRUG	<=	0.25	<=	0.25			NO_GT_DRUG
3333	35756053	1D-313	tobramycin	tobramycin	1280.51617	ERS4416097	MATCHED					NOT_APPLICABLE	<=	0.25	<=	0.25	<=	0.25	CORRECT
3334	35756053	1D-313	tigecycline	tigecycline	1280.51617	ERS4416097	MATCHED					NO_GT_DRUG	=	2	=	2			NO_GT_DRUG
3335	35756053	1D-314	ampicillin	ampicillin			NO_GENOME_MATCH					NOT_EVALUATED	<=	0.5	<=	0.5			NOT_EVALUATED
3336	35756053	1D-314	cefazolin	cefazolin			NO_GENOME_MATCH					NOT_EVALUATED	<=	0.5	<=	0.5			NOT_EVALUATED
3337	35756053	1D-314	meropenem	meropenem			NO_GENOME_MATCH					NOT_EVALUATED	<=	0.5	<=	0.5			NOT_EVALUATED
3338	35756053	1D-314	gentamicin	gentamicin			NO_GENOME_MATCH					NOT_EVALUATED	<=	4	<=	4			NOT_EVALUATED
3339	35756053	1D-314	ciprofloxacin	ciprofloxacin			NO_GENOME_MATCH					NOT_EVALUATED	<=	0.25	<=	0.25			NOT_EVALUATED
3340	35756053	1D-314	cefoxitin	cefoxitin			NO_GENOME_MATCH					NOT_EVALUATED	<=	0.25	<=	0.25			NOT_EVALUATED
3341	35756053	1D-314	trimethoprim	trimethoprim			NO_GENOME_MATCH					NOT_EVALUATED	<=	0.25	<=	0.25			NOT_EVALUATED
3342	35756053	1D-314	tobramycin	tobramycin			NO_GENOME_MATCH					NOT_EVALUATED	<=	0.25	<=	0.25			NOT_EVALUATED
3343	35756053	1D-314	tigecycline	tigecycline			NO_GENOME_MATCH					NOT_EVALUATED	=	4	=	4			NOT_EVALUATED
3344	35756053	1D-315	ampicillin	ampicillin			NO_GENOME_MATCH					NOT_EVALUATED	<=	0.5	<=	0.5			NOT_EVALUATED
3345	35756053	1D-315	cefazolin	cefazolin			NO_GENOME_MATCH					NOT_EVALUATED	<=	0.5	<=	0.5			NOT_EVALUATED
3346	35756053	1D-315	meropenem	meropenem			NO_GENOME_MATCH					NOT_EVALUATED	<=	0.5	<=	0.5			NOT_EVALUATED
3347	35756053	1D-315	gentamicin	gentamicin			NO_GENOME_MATCH					NOT_EVALUATED	<=	4	<=	4			NOT_EVALUATED
3348	35756053	1D-315	ciprofloxacin	ciprofloxacin			NO_GENOME_MATCH					NOT_EVALUATED	=	0.5	=	0.5			NOT_EVALUATED
3349	35756053	1D-315	cefoxitin	cefoxitin			NO_GENOME_MATCH					NOT_EVALUATED	<=	0.25	<=	0.25			NOT_EVALUATED
3350	35756053	1D-315	trimethoprim	trimethoprim			NO_GENOME_MATCH					NOT_EVALUATED	<=	0.25	<=	0.25			NOT_EVALUATED
3351	35756053	1D-315	tobramycin	tobramycin			NO_GENOME_MATCH					NOT_EVALUATED	<=	0.25	<=	0.25			NOT_EVALUATED
3352	35756053	1D-315	tigecycline	tigecycline			NO_GENOME_MATCH					NOT_EVALUATED	=	2	=	2			NOT_EVALUATED
3353	35756053	1D-317	ampicillin	ampicillin			NO_GENOME_MATCH					NOT_EVALUATED	>	4	>	4			NOT_EVALUATED
3354	35756053	1D-317	cefazolin	cefazolin			NO_GENOME_MATCH					NOT_EVALUATED	<=	0.5	<=	0.5			NOT_EVALUATED
3355	35756053	1D-317	meropenem	meropenem			NO_GENOME_MATCH					NOT_EVALUATED	<=	0.5	<=	0.5			NOT_EVALUATED
3356	35756053	1D-317	gentamicin	gentamicin			NO_GENOME_MATCH					NOT_EVALUATED	<=	4	<=	4			NOT_EVALUATED
3357	35756053	1D-317	ciprofloxacin	ciprofloxacin			NO_GENOME_MATCH					NOT_EVALUATED	=	0.5	=	0.5			NOT_EVALUATED
3358	35756053	1D-317	cefoxitin	cefoxitin			NO_GENOME_MATCH					NOT_EVALUATED	<=	0.25	<=	0.25			NOT_EVALUATED
3359	35756053	1D-317	trimethoprim	trimethoprim			NO_GENOME_MATCH					NOT_EVALUATED	<=	0.25	<=	0.25			NOT_EVALUATED
3360	35756053	1D-317	tobramycin	tobramycin			NO_GENOME_MATCH					NOT_EVALUATED	<=	0.25	<=	0.25			NOT_EVALUATED
3361	35756053	1D-317	tigecycline	tigecycline			NO_GENOME_MATCH					NOT_EVALUATED	=	4	=	4			NOT_EVALUATED
3362	35756053	1D-318	ampicillin	ampicillin	1280.51624	ERS4416102	MATCHED					NO_GT_DRUG	>	4	>	4			NO_GT_DRUG
3363	35756053	1D-318	cefazolin	cefazolin	1280.51624	ERS4416102	MATCHED					NO_GT_DRUG	<=	0.5	<=	0.5			NO_GT_DRUG
3364	35756053	1D-318	meropenem	meropenem	1280.51624	ERS4416102	MATCHED					NO_GT_DRUG	<=	0.5	<=	0.5			NO_GT_DRUG
3365	35756053	1D-318	gentamicin	gentamicin	1280.51624	ERS4416102	MATCHED					NOT_APPLICABLE	<=	4	<=	4	<=	0.25	INCORRECT
3366	35756053	1D-318	ciprofloxacin	ciprofloxacin	1280.51624	ERS4416102	MATCHED					NO_GT_DRUG	<=	0.25	<=	0.25			NO_GT_DRUG
3367	35756053	1D-318	cefoxitin	cefoxitin	1280.51624	ERS4416102	MATCHED					NOT_APPLICABLE	<=	0.25	<=	0.25	=	2	INCORRECT
3368	35756053	1D-318	trimethoprim	trimethoprim	1280.51624	ERS4416102	MATCHED					NO_GT_DRUG	<=	0.25	<=	0.25			NO_GT_DRUG
3369	35756053	1D-318	tobramycin	tobramycin	1280.51624	ERS4416102	MATCHED					NOT_APPLICABLE	<=	0.25	<=	0.25	<=	0.25	CORRECT
3370	35756053	1D-318	tigecycline	tigecycline	1280.51624	ERS4416102	MATCHED					NO_GT_DRUG	=	2	=	2			NO_GT_DRUG
3371	35756053	1D-319	ampicillin	ampicillin	1280.51633	ERS4416103	MATCHED					NO_GT_DRUG	<=	0.5	<=	0.5			NO_GT_DRUG
3372	35756053	1D-319	cefazolin	cefazolin	1280.51633	ERS4416103	MATCHED					NO_GT_DRUG	<=	0.5	<=	0.5			NO_GT_DRUG
3373	35756053	1D-319	meropenem	meropenem	1280.51633	ERS4416103	MATCHED					NO_GT_DRUG	>	4	>	4			NO_GT_DRUG
3374	35756053	1D-319	gentamicin	gentamicin	1280.51633	ERS4416103	MATCHED					NOT_APPLICABLE	<=	4	<=	4	<=	0.25	INCORRECT
3375	35756053	1D-319	ciprofloxacin	ciprofloxacin	1280.51633	ERS4416103	MATCHED					NO_GT_DRUG	=	0.5	=	0.5			NO_GT_DRUG
3376	35756053	1D-319	cefoxitin	cefoxitin	1280.51633	ERS4416103	MATCHED					NOT_APPLICABLE	>	8	>	8	=	4	INCORRECT
3377	35756053	1D-319	trimethoprim	trimethoprim	1280.51633	ERS4416103	MATCHED					NO_GT_DRUG	<=	0.25	<=	0.25			NO_GT_DRUG
3378	35756053	1D-319	tobramycin	tobramycin	1280.51633	ERS4416103	MATCHED					NOT_APPLICABLE	<=	0.25	<=	0.25	>	8	INCORRECT
3379	35756053	1D-319	tigecycline	tigecycline	1280.51633	ERS4416103	MATCHED					NO_GT_DRUG	=	4	=	4			NO_GT_DRUG
3380	35756053	1D-320	ampicillin	ampicillin	1280.51631	ERS4416104	MATCHED					NO_GT_DRUG	<=	0.5	<=	0.5			NO_GT_DRUG
3381	35756053	1D-320	cefazolin	cefazolin	1280.51631	ERS4416104	MATCHED					NO_GT_DRUG	<=	0.5	<=	0.5			NO_GT_DRUG
3382	35756053	1D-320	meropenem	meropenem	1280.51631	ERS4416104	MATCHED					NO_GT_DRUG	<=	0.5	<=	0.5			NO_GT_DRUG
3383	35756053	1D-320	gentamicin	gentamicin	1280.51631	ERS4416104	MATCHED					NOT_APPLICABLE	<=	4	<=	4	<=	0.25	INCORRECT
3384	35756053	1D-320	ciprofloxacin	ciprofloxacin	1280.51631	ERS4416104	MATCHED					NO_GT_DRUG	=	0.5	=	0.5			NO_GT_DRUG
3385	35756053	1D-320	cefoxitin	cefoxitin	1280.51631	ERS4416104	MATCHED					NOT_APPLICABLE	<=	0.25	<=	0.25	=	2	INCORRECT
3386	35756053	1D-320	trimethoprim	trimethoprim	1280.51631	ERS4416104	MATCHED					NO_GT_DRUG	<=	0.25	<=	0.25			NO_GT_DRUG
3387	35756053	1D-320	tobramycin	tobramycin	1280.51631	ERS4416104	MATCHED					NOT_APPLICABLE	<=	0.25	<=	0.25	<=	0.25	CORRECT
3388	35756053	1D-320	tigecycline	tigecycline	1280.51631	ERS4416104	MATCHED					NO_GT_DRUG	=	2	=	2			NO_GT_DRUG
3389	35756053	1D-321	ampicillin	ampicillin	1280.51634	ERS4416105	MATCHED					NO_GT_DRUG	<=	0.5	<=	0.5			NO_GT_DRUG
3390	35756053	1D-321	cefazolin	cefazolin	1280.51634	ERS4416105	MATCHED					NO_GT_DRUG	<=	0.5	<=	0.5			NO_GT_DRUG
3391	35756053	1D-321	meropenem	meropenem	1280.51634	ERS4416105	MATCHED					NO_GT_DRUG	<=	0.5	<=	0.5			NO_GT_DRUG
3392	35756053	1D-321	gentamicin	gentamicin	1280.51634	ERS4416105	MATCHED					NOT_APPLICABLE	=	8	=	8	=	0.5	INCORRECT
3393	35756053	1D-321	ciprofloxacin	ciprofloxacin	1280.51634	ERS4416105	MATCHED					NO_GT_DRUG	=	0.5	=	0.5			NO_GT_DRUG
3394	35756053	1D-321	cefoxitin	cefoxitin	1280.51634	ERS4416105	MATCHED					NOT_APPLICABLE	=	0.5	=	0.5	=	2	INCORRECT
3395	35756053	1D-321	trimethoprim	trimethoprim	1280.51634	ERS4416105	MATCHED					NO_GT_DRUG	=	0.5	=	0.5			NO_GT_DRUG
3396	35756053	1D-321	tobramycin	tobramycin	1280.51634	ERS4416105	MATCHED					NOT_APPLICABLE	<=	0.25	<=	0.25	=	0.5	INCORRECT
3397	35756053	1D-321	tigecycline	tigecycline	1280.51634	ERS4416105	MATCHED					NO_GT_DRUG	=	2	=	2			NO_GT_DRUG
3398	35756053	1D-322	ampicillin	ampicillin	1280.51658	ERS4416106	MATCHED					NO_GT_DRUG	<=	0.5	<=	0.5			NO_GT_DRUG
3399	35756053	1D-322	cefazolin	cefazolin	1280.51658	ERS4416106	MATCHED					NO_GT_DRUG	=	1	=	1			NO_GT_DRUG
3400	35756053	1D-322	meropenem	meropenem	1280.51658	ERS4416106	MATCHED					NO_GT_DRUG	<=	0.5	<=	0.5			NO_GT_DRUG
3401	35756053	1D-322	gentamicin	gentamicin	1280.51658	ERS4416106	MATCHED					NOT_APPLICABLE	<=	4	<=	4	<=	0.25	INCORRECT
3402	35756053	1D-322	ciprofloxacin	ciprofloxacin	1280.51658	ERS4416106	MATCHED					NO_GT_DRUG	=	0.5	=	0.5			NO_GT_DRUG
3403	35756053	1D-322	cefoxitin	cefoxitin	1280.51658	ERS4416106	MATCHED					NOT_APPLICABLE	<=	0.25	<=	0.25	=	2	INCORRECT
3404	35756053	1D-322	trimethoprim	trimethoprim	1280.51658	ERS4416106	MATCHED					NO_GT_DRUG	<=	0.25	<=	0.25			NO_GT_DRUG
3405	35756053	1D-322	tobramycin	tobramycin	1280.51658	ERS4416106	MATCHED					NOT_APPLICABLE	<=	0.25	<=	0.25	<=	0.25	CORRECT
3406	35756053	1D-322	tigecycline	tigecycline	1280.51658	ERS4416106	MATCHED					NO_GT_DRUG	=	2	=	2			NO_GT_DRUG
3407	35756053	1D-323	ampicillin	ampicillin	1280.51637	ERS4416107	MATCHED					NO_GT_DRUG	=	1	=	1			NO_GT_DRUG
3408	35756053	1D-323	cefazolin	cefazolin	1280.51637	ERS4416107	MATCHED					NO_GT_DRUG	<=	0.5	<=	0.5			NO_GT_DRUG
3409	35756053	1D-323	meropenem	meropenem	1280.51637	ERS4416107	MATCHED					NO_GT_DRUG	<=	0.5	<=	0.5			NO_GT_DRUG
3410	35756053	1D-323	gentamicin	gentamicin	1280.51637	ERS4416107	MATCHED					NOT_APPLICABLE	<=	4	<=	4	<=	0.25	INCORRECT
3411	35756053	1D-323	ciprofloxacin	ciprofloxacin	1280.51637	ERS4416107	MATCHED					NO_GT_DRUG	=	0.5	=	0.5			NO_GT_DRUG
3412	35756053	1D-323	cefoxitin	cefoxitin	1280.51637	ERS4416107	MATCHED					NOT_APPLICABLE	<=	0.25	<=	0.25	=	2	INCORRECT
3413	35756053	1D-323	trimethoprim	trimethoprim	1280.51637	ERS4416107	MATCHED					NO_GT_DRUG	<=	0.25	<=	0.25			NO_GT_DRUG
3414	35756053	1D-323	tobramycin	tobramycin	1280.51637	ERS4416107	MATCHED					NOT_APPLICABLE	<=	0.25	<=	0.25	<=	0.25	CORRECT
3415	35756053	1D-323	tigecycline	tigecycline	1280.51637	ERS4416107	MATCHED					NO_GT_DRUG	=	2	=	2			NO_GT_DRUG
3416	35756053	1D-324	ampicillin	ampicillin	1280.51638	ERS4416108	MATCHED					NO_GT_DRUG	<=	0.5	<=	0.5			NO_GT_DRUG
3417	35756053	1D-324	cefazolin	cefazolin	1280.51638	ERS4416108	MATCHED					NO_GT_DRUG	<=	0.5	<=	0.5			NO_GT_DRUG
3418	35756053	1D-324	meropenem	meropenem	1280.51638	ERS4416108	MATCHED					NO_GT_DRUG	<=	0.5	<=	0.5			NO_GT_DRUG
3419	35756053	1D-324	gentamicin	gentamicin	1280.51638	ERS4416108	MATCHED					NOT_APPLICABLE	<=	4	<=	4	<=	0.25	INCORRECT
3420	35756053	1D-324	ciprofloxacin	ciprofloxacin	1280.51638	ERS4416108	MATCHED					NO_GT_DRUG	=	0.5	=	0.5			NO_GT_DRUG
3421	35756053	1D-324	cefoxitin	cefoxitin	1280.51638	ERS4416108	MATCHED					NOT_APPLICABLE	<=	0.25	<=	0.25	=	4	INCORRECT
3422	35756053	1D-324	trimethoprim	trimethoprim	1280.51638	ERS4416108	MATCHED					NO_GT_DRUG	<=	0.25	<=	0.25			NO_GT_DRUG
3423	35756053	1D-324	tobramycin	tobramycin	1280.51638	ERS4416108	MATCHED					NOT_APPLICABLE	<=	0.25	<=	0.25	<=	0.25	CORRECT
3424	35756053	1D-324	tigecycline	tigecycline	1280.51638	ERS4416108	MATCHED					NO_GT_DRUG	=	4	=	4			NO_GT_DRUG
3425	35756053	1D-325	ampicillin	ampicillin	1280.51636	ERS4416109	MATCHED					NO_GT_DRUG	<=	0.5	<=	0.5			NO_GT_DRUG
3426	35756053	1D-325	cefazolin	cefazolin	1280.51636	ERS4416109	MATCHED					NO_GT_DRUG	<=	0.5	<=	0.5			NO_GT_DRUG
3427	35756053	1D-325	meropenem	meropenem	1280.51636	ERS4416109	MATCHED					NO_GT_DRUG	<=	0.5	<=	0.5			NO_GT_DRUG
3428	35756053	1D-325	gentamicin	gentamicin	1280.51636	ERS4416109	MATCHED					NOT_APPLICABLE	<=	4	<=	4	<=	0.25	INCORRECT
3429	35756053	1D-325	ciprofloxacin	ciprofloxacin	1280.51636	ERS4416109	MATCHED					NO_GT_DRUG	=	0.5	=	0.5			NO_GT_DRUG
3430	35756053	1D-325	cefoxitin	cefoxitin	1280.51636	ERS4416109	MATCHED					NOT_APPLICABLE	<=	0.25	<=	0.25	=	2	INCORRECT
3431	35756053	1D-325	trimethoprim	trimethoprim	1280.51636	ERS4416109	MATCHED					NO_GT_DRUG	<=	0.25	<=	0.25			NO_GT_DRUG
3432	35756053	1D-325	tobramycin	tobramycin	1280.51636	ERS4416109	MATCHED					NOT_APPLICABLE	<=	0.25	<=	0.25	<=	0.25	CORRECT
3433	35756053	1D-325	tigecycline	tigecycline	1280.51636	ERS4416109	MATCHED					NO_GT_DRUG	=	2	=	2			NO_GT_DRUG
3434	35756053	1D-326	ampicillin	ampicillin	1280.51641	ERS4416110	MATCHED					NO_GT_DRUG	<=	0.5	<=	0.5			NO_GT_DRUG
3435	35756053	1D-326	cefazolin	cefazolin	1280.51641	ERS4416110	MATCHED					NO_GT_DRUG	<=	0.5	<=	0.5			NO_GT_DRUG
3436	35756053	1D-326	meropenem	meropenem	1280.51641	ERS4416110	MATCHED					NO_GT_DRUG	<=	0.5	<=	0.5			NO_GT_DRUG
3437	35756053	1D-326	gentamicin	gentamicin	1280.51641	ERS4416110	MATCHED					NOT_APPLICABLE	<=	4	<=	4	<=	0.25	INCORRECT
3438	35756053	1D-326	ciprofloxacin	ciprofloxacin	1280.51641	ERS4416110	MATCHED					NO_GT_DRUG	=	0.5	=	0.5			NO_GT_DRUG
3439	35756053	1D-326	cefoxitin	cefoxitin	1280.51641	ERS4416110	MATCHED					NOT_APPLICABLE	<=	0.25	<=	0.25	=	2	INCORRECT
3440	35756053	1D-326	trimethoprim	trimethoprim	1280.51641	ERS4416110	MATCHED					NO_GT_DRUG	<=	0.25	<=	0.25			NO_GT_DRUG
3441	35756053	1D-326	tobramycin	tobramycin	1280.51641	ERS4416110	MATCHED					NOT_APPLICABLE	<=	0.25	<=	0.25	<=	0.25	CORRECT
3442	35756053	1D-326	tigecycline	tigecycline	1280.51641	ERS4416110	MATCHED					NO_GT_DRUG	=	2	=	2			NO_GT_DRUG
3443	35756053	1D-327	ampicillin	ampicillin	1280.51661	ERS4416111	MATCHED					NO_GT_DRUG	<=	0.5	<=	0.5			NO_GT_DRUG
3444	35756053	1D-327	cefazolin	cefazolin	1280.51661	ERS4416111	MATCHED					NO_GT_DRUG	<=	0.5	<=	0.5			NO_GT_DRUG
3445	35756053	1D-327	meropenem	meropenem	1280.51661	ERS4416111	MATCHED					NO_GT_DRUG	<=	0.5	<=	0.5			NO_GT_DRUG
3446	35756053	1D-327	gentamicin	gentamicin	1280.51661	ERS4416111	MATCHED					NOT_APPLICABLE	<=	4	<=	4	<=	0.25	INCORRECT
3447	35756053	1D-327	ciprofloxacin	ciprofloxacin	1280.51661	ERS4416111	MATCHED					NO_GT_DRUG	=	0.5	=	0.5			NO_GT_DRUG
3448	35756053	1D-327	cefoxitin	cefoxitin	1280.51661	ERS4416111	MATCHED					NOT_APPLICABLE	=	0.5	=	0.5	=	2	INCORRECT
3449	35756053	1D-327	trimethoprim	trimethoprim	1280.51661	ERS4416111	MATCHED					NO_GT_DRUG	<=	0.25	<=	0.25			NO_GT_DRUG
3450	35756053	1D-327	tobramycin	tobramycin	1280.51661	ERS4416111	MATCHED					NOT_APPLICABLE	<=	0.25	<=	0.25	=	0.5	INCORRECT
3451	35756053	1D-327	tigecycline	tigecycline	1280.51661	ERS4416111	MATCHED					NO_GT_DRUG	=	2	=	2			NO_GT_DRUG
3452	35756053	1D-328	ampicillin	ampicillin	1280.51659	ERS4416112	MATCHED					NO_GT_DRUG	<=	0.5	<=	0.5			NO_GT_DRUG
3453	35756053	1D-328	cefazolin	cefazolin	1280.51659	ERS4416112	MATCHED					NO_GT_DRUG	<=	0.5	<=	0.5			NO_GT_DRUG
3454	35756053	1D-328	meropenem	meropenem	1280.51659	ERS4416112	MATCHED					NO_GT_DRUG	=	4	=	4			NO_GT_DRUG
3455	35756053	1D-328	gentamicin	gentamicin	1280.51659	ERS4416112	MATCHED					NOT_APPLICABLE	<=	4	<=	4	<=	0.25	INCORRECT
3456	35756053	1D-328	ciprofloxacin	ciprofloxacin	1280.51659	ERS4416112	MATCHED					NO_GT_DRUG	=	0.5	=	0.5			NO_GT_DRUG
3457	35756053	1D-328	cefoxitin	cefoxitin	1280.51659	ERS4416112	MATCHED					NOT_APPLICABLE	<=	0.25	<=	0.25	=	2	INCORRECT
3458	35756053	1D-328	trimethoprim	trimethoprim	1280.51659	ERS4416112	MATCHED					NO_GT_DRUG	<=	0.25	<=	0.25			NO_GT_DRUG
3459	35756053	1D-328	tobramycin	tobramycin	1280.51659	ERS4416112	MATCHED					NOT_APPLICABLE	<=	0.25	<=	0.25	<=	0.25	CORRECT
3460	35756053	1D-328	tigecycline	tigecycline	1280.51659	ERS4416112	MATCHED					NO_GT_DRUG	=	2	=	2			NO_GT_DRUG
3461	35756053	1D-329	ampicillin	ampicillin	1280.51660	ERS4416113	MATCHED					NO_GT_DRUG	<=	0.5	<=	0.5			NO_GT_DRUG
3462	35756053	1D-329	cefazolin	cefazolin	1280.51660	ERS4416113	MATCHED					NO_GT_DRUG	<=	0.5	<=	0.5			NO_GT_DRUG
3463	35756053	1D-329	meropenem	meropenem	1280.51660	ERS4416113	MATCHED					NO_GT_DRUG	<=	0.5	<=	0.5			NO_GT_DRUG
3464	35756053	1D-329	gentamicin	gentamicin	1280.51660	ERS4416113	MATCHED					NOT_APPLICABLE	<=	4	<=	4	<=	0.25	INCORRECT
3465	35756053	1D-329	ciprofloxacin	ciprofloxacin	1280.51660	ERS4416113	MATCHED					NO_GT_DRUG	<=	0.25	<=	0.25			NO_GT_DRUG
3466	35756053	1D-329	cefoxitin	cefoxitin	1280.51660	ERS4416113	MATCHED					NOT_APPLICABLE	<=	0.25	<=	0.25	=	2	INCORRECT
3467	35756053	1D-329	trimethoprim	trimethoprim	1280.51660	ERS4416113	MATCHED					NO_GT_DRUG	<=	0.25	<=	0.25			NO_GT_DRUG
3468	35756053	1D-329	tobramycin	tobramycin	1280.51660	ERS4416113	MATCHED					NOT_APPLICABLE	<=	0.25	<=	0.25	<=	0.25	CORRECT
3469	35756053	1D-329	tigecycline	tigecycline	1280.51660	ERS4416113	MATCHED					NO_GT_DRUG	=	2	=	2			NO_GT_DRUG
3470	35756053	1D-330	ampicillin	ampicillin	1280.51635	ERS4416114	MATCHED					NO_GT_DRUG	<=	0.5	<=	0.5			NO_GT_DRUG
3471	35756053	1D-330	cefazolin	cefazolin	1280.51635	ERS4416114	MATCHED					NO_GT_DRUG	<=	0.5	<=	0.5			NO_GT_DRUG
3472	35756053	1D-330	meropenem	meropenem	1280.51635	ERS4416114	MATCHED					NO_GT_DRUG	<=	0.5	<=	0.5			NO_GT_DRUG
3473	35756053	1D-330	gentamicin	gentamicin	1280.51635	ERS4416114	MATCHED					NOT_APPLICABLE	<=	4	<=	4	<=	0.25	INCORRECT
3474	35756053	1D-330	ciprofloxacin	ciprofloxacin	1280.51635	ERS4416114	MATCHED					NO_GT_DRUG	=	0.5	=	0.5			NO_GT_DRUG
3475	35756053	1D-330	cefoxitin	cefoxitin	1280.51635	ERS4416114	MATCHED					NOT_APPLICABLE	<=	0.25	<=	0.25	=	2	INCORRECT
3476	35756053	1D-330	trimethoprim	trimethoprim	1280.51635	ERS4416114	MATCHED					NO_GT_DRUG	<=	0.25	<=	0.25			NO_GT_DRUG
3477	35756053	1D-330	tobramycin	tobramycin	1280.51635	ERS4416114	MATCHED					NOT_APPLICABLE	<=	0.25	<=	0.25	<=	0.25	CORRECT
3478	35756053	1D-330	tigecycline	tigecycline	1280.51635	ERS4416114	MATCHED					NO_GT_DRUG	=	2	=	2			NO_GT_DRUG
3479	35756053	1D-331	ampicillin	ampicillin	1280.51632	ERS4416115	MATCHED					NO_GT_DRUG	<=	0.5	<=	0.5			NO_GT_DRUG
3480	35756053	1D-331	cefazolin	cefazolin	1280.51632	ERS4416115	MATCHED					NO_GT_DRUG	<=	0.5	<=	0.5			NO_GT_DRUG
3481	35756053	1D-331	meropenem	meropenem	1280.51632	ERS4416115	MATCHED					NO_GT_DRUG	<=	0.5	<=	0.5			NO_GT_DRUG
3482	35756053	1D-331	gentamicin	gentamicin	1280.51632	ERS4416115	MATCHED					NOT_APPLICABLE	<=	4	<=	4	<=	0.25	INCORRECT
3483	35756053	1D-331	ciprofloxacin	ciprofloxacin	1280.51632	ERS4416115	MATCHED					NO_GT_DRUG	<=	0.25	<=	0.25			NO_GT_DRUG
3484	35756053	1D-331	cefoxitin	cefoxitin	1280.51632	ERS4416115	MATCHED					NOT_APPLICABLE	<=	0.25	<=	0.25	>	8	INCORRECT
3485	35756053	1D-331	trimethoprim	trimethoprim	1280.51632	ERS4416115	MATCHED					NO_GT_DRUG	<=	0.25	<=	0.25			NO_GT_DRUG
3486	35756053	1D-331	tobramycin	tobramycin	1280.51632	ERS4416115	MATCHED					NOT_APPLICABLE	<=	0.25	<=	0.25	<=	0.25	CORRECT
3487	35756053	1D-331	tigecycline	tigecycline	1280.51632	ERS4416115	MATCHED					NO_GT_DRUG	>	8	>	8			NO_GT_DRUG
3488	35756053	1D-332	ampicillin	ampicillin	1280.51629	ERS4416116	MATCHED					NO_GT_DRUG	<=	0.5	<=	0.5			NO_GT_DRUG
3489	35756053	1D-332	cefazolin	cefazolin	1280.51629	ERS4416116	MATCHED					NO_GT_DRUG	<=	0.5	<=	0.5			NO_GT_DRUG
3490	35756053	1D-332	meropenem	meropenem	1280.51629	ERS4416116	MATCHED					NO_GT_DRUG	<=	0.5	<=	0.5			NO_GT_DRUG
3491	35756053	1D-332	gentamicin	gentamicin	1280.51629	ERS4416116	MATCHED					NOT_APPLICABLE	=	16	=	16	<=	0.25	INCORRECT
3492	35756053	1D-332	ciprofloxacin	ciprofloxacin	1280.51629	ERS4416116	MATCHED					NO_GT_DRUG	=	0.5	=	0.5			NO_GT_DRUG
3493	35756053	1D-332	cefoxitin	cefoxitin	1280.51629	ERS4416116	MATCHED					NOT_APPLICABLE	<=	0.25	<=	0.25	=	2	INCORRECT
3494	35756053	1D-332	trimethoprim	trimethoprim	1280.51629	ERS4416116	MATCHED					NO_GT_DRUG	<=	0.25	<=	0.25			NO_GT_DRUG
3495	35756053	1D-332	tobramycin	tobramycin	1280.51629	ERS4416116	MATCHED					NOT_APPLICABLE	=	0.5	=	0.5	<=	0.25	INCORRECT
3496	35756053	1D-332	tigecycline	tigecycline	1280.51629	ERS4416116	MATCHED					NO_GT_DRUG	=	2	=	2			NO_GT_DRUG
3497	35756053	1D-333	ampicillin	ampicillin	1280.51630	ERS4416117	MATCHED					NO_GT_DRUG	<=	0.5	<=	0.5			NO_GT_DRUG
3498	35756053	1D-333	cefazolin	cefazolin	1280.51630	ERS4416117	MATCHED					NO_GT_DRUG	<=	0.5	<=	0.5			NO_GT_DRUG
3499	35756053	1D-333	meropenem	meropenem	1280.51630	ERS4416117	MATCHED					NO_GT_DRUG	<=	0.5	<=	0.5			NO_GT_DRUG
3500	35756053	1D-333	gentamicin	gentamicin	1280.51630	ERS4416117	MATCHED					NOT_APPLICABLE	<=	4	<=	4	<=	0.25	INCORRECT
3501	35756053	1D-333	ciprofloxacin	ciprofloxacin	1280.51630	ERS4416117	MATCHED					NO_GT_DRUG	=	0.5	=	0.5			NO_GT_DRUG
3502	35756053	1D-333	cefoxitin	cefoxitin	1280.51630	ERS4416117	MATCHED					NOT_APPLICABLE	<=	0.25	<=	0.25	=	2	INCORRECT
3503	35756053	1D-333	trimethoprim	trimethoprim	1280.51630	ERS4416117	MATCHED					NO_GT_DRUG	<=	0.25	<=	0.25			NO_GT_DRUG
3504	35756053	1D-333	tobramycin	tobramycin	1280.51630	ERS4416117	MATCHED					NOT_APPLICABLE	<=	0.25	<=	0.25	<=	0.25	CORRECT
3505	35756053	1D-333	tigecycline	tigecycline	1280.51630	ERS4416117	MATCHED					NO_GT_DRUG	=	2	=	2			NO_GT_DRUG
3506	35756053	1D-334	ampicillin	ampicillin	1280.51657	ERS4416118	MATCHED					NO_GT_DRUG	<=	0.5	<=	0.5			NO_GT_DRUG
3507	35756053	1D-334	cefazolin	cefazolin	1280.51657	ERS4416118	MATCHED					NO_GT_DRUG	<=	0.5	<=	0.5			NO_GT_DRUG
3508	35756053	1D-334	meropenem	meropenem	1280.51657	ERS4416118	MATCHED					NO_GT_DRUG	<=	0.5	<=	0.5			NO_GT_DRUG
3509	35756053	1D-334	gentamicin	gentamicin	1280.51657	ERS4416118	MATCHED					NOT_APPLICABLE	<=	4	<=	4	=	0.5	INCORRECT
3510	35756053	1D-334	ciprofloxacin	ciprofloxacin	1280.51657	ERS4416118	MATCHED					NO_GT_DRUG	=	0.5	=	0.5			NO_GT_DRUG
3511	35756053	1D-334	cefoxitin	cefoxitin	1280.51657	ERS4416118	MATCHED					NOT_APPLICABLE	<=	0.25	<=	0.25	=	2	INCORRECT
3512	35756053	1D-334	trimethoprim	trimethoprim	1280.51657	ERS4416118	MATCHED					NO_GT_DRUG	=	0.5	=	0.5			NO_GT_DRUG
3513	35756053	1D-334	tobramycin	tobramycin	1280.51657	ERS4416118	MATCHED					NOT_APPLICABLE	<=	0.25	<=	0.25	<=	0.25	CORRECT
3514	35756053	1D-334	tigecycline	tigecycline	1280.51657	ERS4416118	MATCHED					NO_GT_DRUG	=	2	=	2			NO_GT_DRUG
3515	35756053	1D-335	ampicillin	ampicillin	1280.51656	ERS4416119	MATCHED					NO_GT_DRUG	<=	0.5	<=	0.5			NO_GT_DRUG
3516	35756053	1D-335	cefazolin	cefazolin	1280.51656	ERS4416119	MATCHED					NO_GT_DRUG	<=	0.5	<=	0.5			NO_GT_DRUG
3517	35756053	1D-335	meropenem	meropenem	1280.51656	ERS4416119	MATCHED					NO_GT_DRUG	>	4	>	4			NO_GT_DRUG
3518	35756053	1D-335	gentamicin	gentamicin	1280.51656	ERS4416119	MATCHED					NOT_APPLICABLE	<=	4	<=	4	<=	0.25	INCORRECT
3519	35756053	1D-335	ciprofloxacin	ciprofloxacin	1280.51656	ERS4416119	MATCHED					NO_GT_DRUG	=	0.5	=	0.5			NO_GT_DRUG
3520	35756053	1D-335	cefoxitin	cefoxitin	1280.51656	ERS4416119	MATCHED					NOT_APPLICABLE	<=	0.25	<=	0.25	=	2	INCORRECT
3521	35756053	1D-335	trimethoprim	trimethoprim	1280.51656	ERS4416119	MATCHED					NO_GT_DRUG	<=	0.25	<=	0.25			NO_GT_DRUG
3522	35756053	1D-335	tobramycin	tobramycin	1280.51656	ERS4416119	MATCHED					NOT_APPLICABLE	<=	0.25	<=	0.25	<=	0.25	CORRECT
3523	35756053	1D-335	tigecycline	tigecycline	1280.51656	ERS4416119	MATCHED					NO_GT_DRUG	=	2	=	2			NO_GT_DRUG
3524	35756053	1D-336	ampicillin	ampicillin	1280.51628	ERS4416120	MATCHED					NO_GT_DRUG	<=	0.5	<=	0.5			NO_GT_DRUG
3525	35756053	1D-336	cefazolin	cefazolin	1280.51628	ERS4416120	MATCHED					NO_GT_DRUG	<=	0.5	<=	0.5			NO_GT_DRUG
3526	35756053	1D-336	meropenem	meropenem	1280.51628	ERS4416120	MATCHED					NO_GT_DRUG	<=	0.5	<=	0.5			NO_GT_DRUG
3527	35756053	1D-336	gentamicin	gentamicin	1280.51628	ERS4416120	MATCHED					NOT_APPLICABLE	<=	4	<=	4	<=	0.25	INCORRECT
3528	35756053	1D-336	ciprofloxacin	ciprofloxacin	1280.51628	ERS4416120	MATCHED					NO_GT_DRUG	=	0.5	=	0.5			NO_GT_DRUG
3529	35756053	1D-336	cefoxitin	cefoxitin	1280.51628	ERS4416120	MATCHED					NOT_APPLICABLE	<=	0.25	<=	0.25	=	4	INCORRECT
3530	35756053	1D-336	trimethoprim	trimethoprim	1280.51628	ERS4416120	MATCHED					NO_GT_DRUG	<=	0.25	<=	0.25			NO_GT_DRUG
3531	35756053	1D-336	tobramycin	tobramycin	1280.51628	ERS4416120	MATCHED					NOT_APPLICABLE	<=	0.25	<=	0.25	<=	0.25	CORRECT
3532	35756053	1D-336	tigecycline	tigecycline	1280.51628	ERS4416120	MATCHED					NO_GT_DRUG	=	4	=	4			NO_GT_DRUG
3533	35756053	1D-337	ampicillin	ampicillin	1280.51626	ERS4416121	MATCHED					NO_GT_DRUG	<=	0.5	<=	0.5			NO_GT_DRUG
3534	35756053	1D-337	cefazolin	cefazolin	1280.51626	ERS4416121	MATCHED					NO_GT_DRUG	<=	0.5	<=	0.5			NO_GT_DRUG
3535	35756053	1D-337	meropenem	meropenem	1280.51626	ERS4416121	MATCHED					NO_GT_DRUG	<=	0.5	<=	0.5			NO_GT_DRUG
3536	35756053	1D-337	gentamicin	gentamicin	1280.51626	ERS4416121	MATCHED					NOT_APPLICABLE	<=	4	<=	4	<=	0.25	INCORRECT
3537	35756053	1D-337	ciprofloxacin	ciprofloxacin	1280.51626	ERS4416121	MATCHED					NO_GT_DRUG	=	0.5	=	0.5			NO_GT_DRUG
3538	35756053	1D-337	cefoxitin	cefoxitin	1280.51626	ERS4416121	MATCHED					NOT_APPLICABLE	<=	0.25	<=	0.25	=	4	INCORRECT
3539	35756053	1D-337	trimethoprim	trimethoprim	1280.51626	ERS4416121	MATCHED					NO_GT_DRUG	<=	0.25	<=	0.25			NO_GT_DRUG
3540	35756053	1D-337	tobramycin	tobramycin	1280.51626	ERS4416121	MATCHED					NOT_APPLICABLE	<=	0.25	<=	0.25	<=	0.25	CORRECT
3541	35756053	1D-337	tigecycline	tigecycline	1280.51626	ERS4416121	MATCHED					NO_GT_DRUG	=	4	=	4			NO_GT_DRUG
3542	35756053	1D-338	ampicillin	ampicillin	1280.51627	ERS4416122	MATCHED					NO_GT_DRUG	<=	0.5	<=	0.5			NO_GT_DRUG
3543	35756053	1D-338	cefazolin	cefazolin	1280.51627	ERS4416122	MATCHED					NO_GT_DRUG	<=	0.5	<=	0.5			NO_GT_DRUG
3544	35756053	1D-338	meropenem	meropenem	1280.51627	ERS4416122	MATCHED					NO_GT_DRUG	<=	0.5	<=	0.5			NO_GT_DRUG
3545	35756053	1D-338	gentamicin	gentamicin	1280.51627	ERS4416122	MATCHED					NOT_APPLICABLE	<=	4	<=	4	=	0.5	INCORRECT
3546	35756053	1D-338	ciprofloxacin	ciprofloxacin	1280.51627	ERS4416122	MATCHED					NO_GT_DRUG	=	0.5	=	0.5			NO_GT_DRUG
3547	35756053	1D-338	cefoxitin	cefoxitin	1280.51627	ERS4416122	MATCHED					NOT_APPLICABLE	<=	0.25	<=	0.25	=	2	INCORRECT
3548	35756053	1D-338	trimethoprim	trimethoprim	1280.51627	ERS4416122	MATCHED					NO_GT_DRUG	=	0.5	=	0.5			NO_GT_DRUG
3549	35756053	1D-338	tobramycin	tobramycin	1280.51627	ERS4416122	MATCHED					NOT_APPLICABLE	<=	0.25	<=	0.25	<=	0.25	CORRECT
3550	35756053	1D-338	tigecycline	tigecycline	1280.51627	ERS4416122	MATCHED					NO_GT_DRUG	=	2	=	2			NO_GT_DRUG
3551	35756053	1D-339	ampicillin	ampicillin	1280.51640	ERS4416123	MATCHED					NO_GT_DRUG	<=	0.5	<=	0.5			NO_GT_DRUG
3552	35756053	1D-339	cefazolin	cefazolin	1280.51640	ERS4416123	MATCHED					NO_GT_DRUG	<=	0.5	<=	0.5			NO_GT_DRUG
3553	35756053	1D-339	meropenem	meropenem	1280.51640	ERS4416123	MATCHED					NO_GT_DRUG	<=	0.5	<=	0.5			NO_GT_DRUG
3554	35756053	1D-339	gentamicin	gentamicin	1280.51640	ERS4416123	MATCHED					NOT_APPLICABLE	<=	4	<=	4	<=	0.25	INCORRECT
3555	35756053	1D-339	ciprofloxacin	ciprofloxacin	1280.51640	ERS4416123	MATCHED					NO_GT_DRUG	=	0.5	=	0.5			NO_GT_DRUG
3556	35756053	1D-339	cefoxitin	cefoxitin	1280.51640	ERS4416123	MATCHED					NOT_APPLICABLE	<=	0.25	<=	0.25	=	4	INCORRECT
3557	35756053	1D-339	trimethoprim	trimethoprim	1280.51640	ERS4416123	MATCHED					NO_GT_DRUG	<=	0.25	<=	0.25			NO_GT_DRUG
3558	35756053	1D-339	tobramycin	tobramycin	1280.51640	ERS4416123	MATCHED					NOT_APPLICABLE	<=	0.25	<=	0.25	<=	0.25	CORRECT
3559	35756053	1D-339	tigecycline	tigecycline	1280.51640	ERS4416123	MATCHED					NO_GT_DRUG	=	4	=	4			NO_GT_DRUG
3560	35756053	1D-340	ampicillin	ampicillin	1280.51639	ERS4416124	MATCHED					NO_GT_DRUG	<=	0.5	<=	0.5			NO_GT_DRUG
3561	35756053	1D-340	cefazolin	cefazolin	1280.51639	ERS4416124	MATCHED					NO_GT_DRUG	<=	0.5	<=	0.5			NO_GT_DRUG
3562	35756053	1D-340	meropenem	meropenem	1280.51639	ERS4416124	MATCHED					NO_GT_DRUG	<=	0.5	<=	0.5			NO_GT_DRUG
3563	35756053	1D-340	gentamicin	gentamicin	1280.51639	ERS4416124	MATCHED					NOT_APPLICABLE	<=	4	<=	4	<=	0.25	INCORRECT
3564	35756053	1D-340	ciprofloxacin	ciprofloxacin	1280.51639	ERS4416124	MATCHED					NO_GT_DRUG	=	0.5	=	0.5			NO_GT_DRUG
3565	35756053	1D-340	cefoxitin	cefoxitin	1280.51639	ERS4416124	MATCHED					NOT_APPLICABLE	<=	0.25	<=	0.25	=	2	INCORRECT
3566	35756053	1D-340	trimethoprim	trimethoprim	1280.51639	ERS4416124	MATCHED					NO_GT_DRUG	<=	0.25	<=	0.25			NO_GT_DRUG
3567	35756053	1D-340	tobramycin	tobramycin	1280.51639	ERS4416124	MATCHED					NOT_APPLICABLE	<=	0.25	<=	0.25	<=	0.25	CORRECT
3568	35756053	1D-340	tigecycline	tigecycline	1280.51639	ERS4416124	MATCHED					NO_GT_DRUG	=	2	=	2			NO_GT_DRUG
3569	35756053	1D-341	ampicillin	ampicillin	1280.51644	ERS4416125	MATCHED					NO_GT_DRUG	<=	0.5	<=	0.5			NO_GT_DRUG
3570	35756053	1D-341	cefazolin	cefazolin	1280.51644	ERS4416125	MATCHED					NO_GT_DRUG	<=	0.5	<=	0.5			NO_GT_DRUG
3571	35756053	1D-341	meropenem	meropenem	1280.51644	ERS4416125	MATCHED					NO_GT_DRUG	=	1	=	1			NO_GT_DRUG
3572	35756053	1D-341	gentamicin	gentamicin	1280.51644	ERS4416125	MATCHED					NOT_APPLICABLE	<=	4	<=	4	<=	0.25	INCORRECT
3573	35756053	1D-341	ciprofloxacin	ciprofloxacin	1280.51644	ERS4416125	MATCHED					NO_GT_DRUG	=	0.5	=	0.5			NO_GT_DRUG
3574	35756053	1D-341	cefoxitin	cefoxitin	1280.51644	ERS4416125	MATCHED					NOT_APPLICABLE	<=	0.25	<=	0.25	=	2	INCORRECT
3575	35756053	1D-341	trimethoprim	trimethoprim	1280.51644	ERS4416125	MATCHED					NO_GT_DRUG	<=	0.25	<=	0.25			NO_GT_DRUG
3576	35756053	1D-341	tobramycin	tobramycin	1280.51644	ERS4416125	MATCHED					NOT_APPLICABLE	<=	0.25	<=	0.25	<=	0.25	CORRECT
3577	35756053	1D-341	tigecycline	tigecycline	1280.51644	ERS4416125	MATCHED					NO_GT_DRUG	=	2	=	2			NO_GT_DRUG
3578	35756053	1D-342	ampicillin	ampicillin	1280.51642	ERS4416126	MATCHED					NO_GT_DRUG	<=	0.5	<=	0.5			NO_GT_DRUG
3579	35756053	1D-342	cefazolin	cefazolin	1280.51642	ERS4416126	MATCHED					NO_GT_DRUG	<=	0.5	<=	0.5			NO_GT_DRUG
3580	35756053	1D-342	meropenem	meropenem	1280.51642	ERS4416126	MATCHED					NO_GT_DRUG	<=	0.5	<=	0.5			NO_GT_DRUG
3581	35756053	1D-342	gentamicin	gentamicin	1280.51642	ERS4416126	MATCHED					NOT_APPLICABLE	<=	4	<=	4	<=	0.25	INCORRECT
3582	35756053	1D-342	ciprofloxacin	ciprofloxacin	1280.51642	ERS4416126	MATCHED					NO_GT_DRUG	=	0.5	=	0.5			NO_GT_DRUG
3583	35756053	1D-342	cefoxitin	cefoxitin	1280.51642	ERS4416126	MATCHED					NOT_APPLICABLE	<=	0.25	<=	0.25	=	2	INCORRECT
3584	35756053	1D-342	trimethoprim	trimethoprim	1280.51642	ERS4416126	MATCHED					NO_GT_DRUG	<=	0.25	<=	0.25			NO_GT_DRUG
3585	35756053	1D-342	tobramycin	tobramycin	1280.51642	ERS4416126	MATCHED					NOT_APPLICABLE	<=	0.25	<=	0.25	<=	0.25	CORRECT
3586	35756053	1D-342	tigecycline	tigecycline	1280.51642	ERS4416126	MATCHED					NO_GT_DRUG	=	2	=	2			NO_GT_DRUG
3587	35756053	1D-343	ampicillin	ampicillin	1280.51643	ERS4416127	MATCHED					NO_GT_DRUG	<=	0.5	<=	0.5			NO_GT_DRUG
3588	35756053	1D-343	cefazolin	cefazolin	1280.51643	ERS4416127	MATCHED					NO_GT_DRUG	<=	0.5	<=	0.5			NO_GT_DRUG
3589	35756053	1D-343	meropenem	meropenem	1280.51643	ERS4416127	MATCHED					NO_GT_DRUG	<=	0.5	<=	0.5			NO_GT_DRUG
3590	35756053	1D-343	gentamicin	gentamicin	1280.51643	ERS4416127	MATCHED					NOT_APPLICABLE	<=	4	<=	4	<=	0.25	INCORRECT
3591	35756053	1D-343	ciprofloxacin	ciprofloxacin	1280.51643	ERS4416127	MATCHED					NO_GT_DRUG	=	0.5	=	0.5			NO_GT_DRUG
3592	35756053	1D-343	cefoxitin	cefoxitin	1280.51643	ERS4416127	MATCHED					NOT_APPLICABLE	<=	0.25	<=	0.25	=	4	INCORRECT
3593	35756053	1D-343	trimethoprim	trimethoprim	1280.51643	ERS4416127	MATCHED					NO_GT_DRUG	<=	0.25	<=	0.25			NO_GT_DRUG
3594	35756053	1D-343	tobramycin	tobramycin	1280.51643	ERS4416127	MATCHED					NOT_APPLICABLE	<=	0.25	<=	0.25	<=	0.25	CORRECT
3595	35756053	1D-343	tigecycline	tigecycline	1280.51643	ERS4416127	MATCHED					NO_GT_DRUG	=	4	=	4			NO_GT_DRUG
3596	35756053	1D-344	ampicillin	ampicillin	1280.51649	ERS4416128	MATCHED					NO_GT_DRUG	<=	0.5	<=	0.5			NO_GT_DRUG
3597	35756053	1D-344	cefazolin	cefazolin	1280.51649	ERS4416128	MATCHED					NO_GT_DRUG	<=	0.5	<=	0.5			NO_GT_DRUG
3598	35756053	1D-344	meropenem	meropenem	1280.51649	ERS4416128	MATCHED					NO_GT_DRUG	<=	0.5	<=	0.5			NO_GT_DRUG
3599	35756053	1D-344	gentamicin	gentamicin	1280.51649	ERS4416128	MATCHED					NOT_APPLICABLE	<=	4	<=	4	=	1	INCORRECT
3600	35756053	1D-344	ciprofloxacin	ciprofloxacin	1280.51649	ERS4416128	MATCHED					NO_GT_DRUG	=	0.5	=	0.5			NO_GT_DRUG
3601	35756053	1D-344	cefoxitin	cefoxitin	1280.51649	ERS4416128	MATCHED					NOT_APPLICABLE	<=	0.25	<=	0.25	=	4	INCORRECT
3602	35756053	1D-344	trimethoprim	trimethoprim	1280.51649	ERS4416128	MATCHED					NO_GT_DRUG	=	1	=	1			NO_GT_DRUG
3603	35756053	1D-344	tobramycin	tobramycin	1280.51649	ERS4416128	MATCHED					NOT_APPLICABLE	<=	0.25	<=	0.25	<=	0.25	CORRECT
3604	35756053	1D-344	tigecycline	tigecycline	1280.51649	ERS4416128	MATCHED					NO_GT_DRUG	=	4	=	4			NO_GT_DRUG
3605	35756053	1D-345	ampicillin	ampicillin	1280.51650	ERS4416129	MATCHED					NO_GT_DRUG	<=	0.5	<=	0.5			NO_GT_DRUG
3606	35756053	1D-345	cefazolin	cefazolin	1280.51650	ERS4416129	MATCHED					NO_GT_DRUG	<=	0.5	<=	0.5			NO_GT_DRUG
3607	35756053	1D-345	meropenem	meropenem	1280.51650	ERS4416129	MATCHED					NO_GT_DRUG	<=	0.5	<=	0.5			NO_GT_DRUG
3608	35756053	1D-345	gentamicin	gentamicin	1280.51650	ERS4416129	MATCHED					NOT_APPLICABLE	<=	4	<=	4	=	0.5	INCORRECT
3609	35756053	1D-345	ciprofloxacin	ciprofloxacin	1280.51650	ERS4416129	MATCHED					NO_GT_DRUG	=	0.5	=	0.5			NO_GT_DRUG
3610	35756053	1D-345	cefoxitin	cefoxitin	1280.51650	ERS4416129	MATCHED					NOT_APPLICABLE	<=	0.25	<=	0.25	=	2	INCORRECT
3611	35756053	1D-345	trimethoprim	trimethoprim	1280.51650	ERS4416129	MATCHED					NO_GT_DRUG	=	0.5	=	0.5			NO_GT_DRUG
3612	35756053	1D-345	tobramycin	tobramycin	1280.51650	ERS4416129	MATCHED					NOT_APPLICABLE	<=	0.25	<=	0.25	<=	0.25	CORRECT
3613	35756053	1D-345	tigecycline	tigecycline	1280.51650	ERS4416129	MATCHED					NO_GT_DRUG	=	2	=	2			NO_GT_DRUG
3614	35756053	1D-346	ampicillin	ampicillin	1280.51648	ERS4416130	MATCHED					NO_GT_DRUG	<=	0.5	<=	0.5			NO_GT_DRUG
3615	35756053	1D-346	cefazolin	cefazolin	1280.51648	ERS4416130	MATCHED					NO_GT_DRUG	<=	0.5	<=	0.5			NO_GT_DRUG
3616	35756053	1D-346	meropenem	meropenem	1280.51648	ERS4416130	MATCHED					NO_GT_DRUG	<=	0.5	<=	0.5			NO_GT_DRUG
3617	35756053	1D-346	gentamicin	gentamicin	1280.51648	ERS4416130	MATCHED					NOT_APPLICABLE	<=	4	<=	4	<=	0.25	INCORRECT
3618	35756053	1D-346	ciprofloxacin	ciprofloxacin	1280.51648	ERS4416130	MATCHED					NO_GT_DRUG	=	0.5	=	0.5			NO_GT_DRUG
3619	35756053	1D-346	cefoxitin	cefoxitin	1280.51648	ERS4416130	MATCHED					NOT_APPLICABLE	<=	0.25	<=	0.25	=	4	INCORRECT
3620	35756053	1D-346	trimethoprim	trimethoprim	1280.51648	ERS4416130	MATCHED					NO_GT_DRUG	<=	0.25	<=	0.25			NO_GT_DRUG
3621	35756053	1D-346	tobramycin	tobramycin	1280.51648	ERS4416130	MATCHED					NOT_APPLICABLE	<=	0.25	<=	0.25	<=	0.25	CORRECT
3622	35756053	1D-346	tigecycline	tigecycline	1280.51648	ERS4416130	MATCHED					NO_GT_DRUG	=	4	=	4			NO_GT_DRUG
3623	35756053	1D-347	ampicillin	ampicillin	1280.51645	ERS4416131	MATCHED					NO_GT_DRUG	<=	0.5	<=	0.5			NO_GT_DRUG
3624	35756053	1D-347	cefazolin	cefazolin	1280.51645	ERS4416131	MATCHED					NO_GT_DRUG	<=	0.5	<=	0.5			NO_GT_DRUG
3625	35756053	1D-347	meropenem	meropenem	1280.51645	ERS4416131	MATCHED					NO_GT_DRUG	<=	0.5	<=	0.5			NO_GT_DRUG
3626	35756053	1D-347	gentamicin	gentamicin	1280.51645	ERS4416131	MATCHED					NOT_APPLICABLE	<=	4	<=	4	<=	0.25	INCORRECT
3627	35756053	1D-347	ciprofloxacin	ciprofloxacin	1280.51645	ERS4416131	MATCHED					NO_GT_DRUG	=	0.5	=	0.5			NO_GT_DRUG
3628	35756053	1D-347	cefoxitin	cefoxitin	1280.51645	ERS4416131	MATCHED					NOT_APPLICABLE	<=	0.25	<=	0.25	=	4	INCORRECT
3629	35756053	1D-347	trimethoprim	trimethoprim	1280.51645	ERS4416131	MATCHED					NO_GT_DRUG	<=	0.25	<=	0.25			NO_GT_DRUG
3630	35756053	1D-347	tobramycin	tobramycin	1280.51645	ERS4416131	MATCHED					NOT_APPLICABLE	<=	0.25	<=	0.25	<=	0.25	CORRECT
3631	35756053	1D-347	tigecycline	tigecycline	1280.51645	ERS4416131	MATCHED					NO_GT_DRUG	=	4	=	4			NO_GT_DRUG
3632	35756053	1D-348	ampicillin	ampicillin	1280.51663	ERS4416132	MATCHED					NO_GT_DRUG	<=	0.5	<=	0.5			NO_GT_DRUG
3633	35756053	1D-348	cefazolin	cefazolin	1280.51663	ERS4416132	MATCHED					NO_GT_DRUG	<=	0.5	<=	0.5			NO_GT_DRUG
3634	35756053	1D-348	meropenem	meropenem	1280.51663	ERS4416132	MATCHED					NO_GT_DRUG	<=	0.5	<=	0.5			NO_GT_DRUG
3635	35756053	1D-348	gentamicin	gentamicin	1280.51663	ERS4416132	MATCHED					NOT_APPLICABLE	<=	4	<=	4	=	0.5	INCORRECT
3636	35756053	1D-348	ciprofloxacin	ciprofloxacin	1280.51663	ERS4416132	MATCHED					NO_GT_DRUG	=	0.5	=	0.5			NO_GT_DRUG
3637	35756053	1D-348	cefoxitin	cefoxitin	1280.51663	ERS4416132	MATCHED					NOT_APPLICABLE	<=	0.25	<=	0.25	=	4	INCORRECT
3638	35756053	1D-348	trimethoprim	trimethoprim	1280.51663	ERS4416132	MATCHED					NO_GT_DRUG	=	0.5	=	0.5			NO_GT_DRUG
3639	35756053	1D-348	tobramycin	tobramycin	1280.51663	ERS4416132	MATCHED					NOT_APPLICABLE	<=	0.25	<=	0.25	<=	0.25	CORRECT
3640	35756053	1D-348	tigecycline	tigecycline	1280.51663	ERS4416132	MATCHED					NO_GT_DRUG	=	4	=	4			NO_GT_DRUG
3641	35756053	1D-349	ampicillin	ampicillin	1280.51662	ERS4416133	MATCHED					NO_GT_DRUG	<=	0.5	<=	0.5			NO_GT_DRUG
3642	35756053	1D-349	cefazolin	cefazolin	1280.51662	ERS4416133	MATCHED					NO_GT_DRUG	<=	0.5	<=	0.5			NO_GT_DRUG
3643	35756053	1D-349	meropenem	meropenem	1280.51662	ERS4416133	MATCHED					NO_GT_DRUG	<=	0.5	<=	0.5			NO_GT_DRUG
3644	35756053	1D-349	gentamicin	gentamicin	1280.51662	ERS4416133	MATCHED					NOT_APPLICABLE	<=	4	<=	4	=	0.5	INCORRECT
3645	35756053	1D-349	ciprofloxacin	ciprofloxacin	1280.51662	ERS4416133	MATCHED					NO_GT_DRUG	=	0.5	=	0.5			NO_GT_DRUG
3646	35756053	1D-349	cefoxitin	cefoxitin	1280.51662	ERS4416133	MATCHED					NOT_APPLICABLE	=	0.5	=	0.5	=	4	INCORRECT
3647	35756053	1D-349	trimethoprim	trimethoprim	1280.51662	ERS4416133	MATCHED					NO_GT_DRUG	=	0.5	=	0.5			NO_GT_DRUG
3648	35756053	1D-349	tobramycin	tobramycin	1280.51662	ERS4416133	MATCHED					NOT_APPLICABLE	<=	0.25	<=	0.25	=	0.5	INCORRECT
3649	35756053	1D-349	tigecycline	tigecycline	1280.51662	ERS4416133	MATCHED					NO_GT_DRUG	=	4	=	4			NO_GT_DRUG
3650	35756053	1D-350	ampicillin	ampicillin	1280.51664	ERS4416134	MATCHED					NO_GT_DRUG	<=	0.5	<=	0.5			NO_GT_DRUG
3651	35756053	1D-350	cefazolin	cefazolin	1280.51664	ERS4416134	MATCHED					NO_GT_DRUG	<=	0.5	<=	0.5			NO_GT_DRUG
3652	35756053	1D-350	meropenem	meropenem	1280.51664	ERS4416134	MATCHED					NO_GT_DRUG	<=	0.5	<=	0.5			NO_GT_DRUG
3653	35756053	1D-350	gentamicin	gentamicin	1280.51664	ERS4416134	MATCHED					NOT_APPLICABLE	<=	4	<=	4	<=	0.25	INCORRECT
3654	35756053	1D-350	ciprofloxacin	ciprofloxacin	1280.51664	ERS4416134	MATCHED					NO_GT_DRUG	=	0.5	=	0.5			NO_GT_DRUG
3655	35756053	1D-350	cefoxitin	cefoxitin	1280.51664	ERS4416134	MATCHED					NOT_APPLICABLE	<=	0.25	<=	0.25	=	4	INCORRECT
3656	35756053	1D-350	trimethoprim	trimethoprim	1280.51664	ERS4416134	MATCHED					NO_GT_DRUG	<=	0.25	<=	0.25			NO_GT_DRUG
3657	35756053	1D-350	tobramycin	tobramycin	1280.51664	ERS4416134	MATCHED					NOT_APPLICABLE	<=	0.25	<=	0.25	<=	0.25	CORRECT
3658	35756053	1D-350	tigecycline	tigecycline	1280.51664	ERS4416134	MATCHED					NO_GT_DRUG	=	4	=	4			NO_GT_DRUG
3659	35756053	1D-351	ampicillin	ampicillin	1280.51653	ERS4416135	MATCHED					NO_GT_DRUG	<=	0.5	<=	0.5			NO_GT_DRUG
3660	35756053	1D-351	cefazolin	cefazolin	1280.51653	ERS4416135	MATCHED					NO_GT_DRUG	<=	0.5	<=	0.5			NO_GT_DRUG
3661	35756053	1D-351	meropenem	meropenem	1280.51653	ERS4416135	MATCHED					NO_GT_DRUG	<=	0.5	<=	0.5			NO_GT_DRUG
3662	35756053	1D-351	gentamicin	gentamicin	1280.51653	ERS4416135	MATCHED					NOT_APPLICABLE	<=	4	<=	4	<=	0.25	INCORRECT
3663	35756053	1D-351	ciprofloxacin	ciprofloxacin	1280.51653	ERS4416135	MATCHED					NO_GT_DRUG	=	0.5	=	0.5			NO_GT_DRUG
3664	35756053	1D-351	cefoxitin	cefoxitin	1280.51653	ERS4416135	MATCHED					NOT_APPLICABLE	<=	0.25	<=	0.25	=	4	INCORRECT
3665	35756053	1D-351	trimethoprim	trimethoprim	1280.51653	ERS4416135	MATCHED					NO_GT_DRUG	<=	0.25	<=	0.25			NO_GT_DRUG
3666	35756053	1D-351	tobramycin	tobramycin	1280.51653	ERS4416135	MATCHED					NOT_APPLICABLE	<=	0.25	<=	0.25	<=	0.25	CORRECT
3667	35756053	1D-351	tigecycline	tigecycline	1280.51653	ERS4416135	MATCHED					NO_GT_DRUG	=	4	=	4			NO_GT_DRUG
3668	35756053	1D-352	ampicillin	ampicillin	1280.51651	ERS4416136	MATCHED					NO_GT_DRUG	<=	0.5	<=	0.5			NO_GT_DRUG
3669	35756053	1D-352	cefazolin	cefazolin	1280.51651	ERS4416136	MATCHED					NO_GT_DRUG	<=	0.5	<=	0.5			NO_GT_DRUG
3670	35756053	1D-352	meropenem	meropenem	1280.51651	ERS4416136	MATCHED					NO_GT_DRUG	<=	0.5	<=	0.5			NO_GT_DRUG
3671	35756053	1D-352	gentamicin	gentamicin	1280.51651	ERS4416136	MATCHED					NOT_APPLICABLE	<=	4	<=	4	<=	0.25	INCORRECT
3672	35756053	1D-352	ciprofloxacin	ciprofloxacin	1280.51651	ERS4416136	MATCHED					NO_GT_DRUG	>	4	>	4			NO_GT_DRUG
3673	35756053	1D-352	cefoxitin	cefoxitin	1280.51651	ERS4416136	MATCHED					NOT_APPLICABLE	<=	0.25	<=	0.25	=	2	INCORRECT
3674	35756053	1D-352	trimethoprim	trimethoprim	1280.51651	ERS4416136	MATCHED					NO_GT_DRUG	<=	0.25	<=	0.25			NO_GT_DRUG
3675	35756053	1D-352	tobramycin	tobramycin	1280.51651	ERS4416136	MATCHED					NOT_APPLICABLE	<=	0.25	<=	0.25	<=	0.25	CORRECT
3676	35756053	1D-352	tigecycline	tigecycline	1280.51651	ERS4416136	MATCHED					NO_GT_DRUG	=	2	=	2			NO_GT_DRUG
3677	35756053	1D-353	ampicillin	ampicillin	1280.51646	ERS4416137	MATCHED					NO_GT_DRUG	<=	0.5	<=	0.5			NO_GT_DRUG
3678	35756053	1D-353	cefazolin	cefazolin	1280.51646	ERS4416137	MATCHED					NO_GT_DRUG	<=	0.5	<=	0.5			NO_GT_DRUG
3679	35756053	1D-353	meropenem	meropenem	1280.51646	ERS4416137	MATCHED					NO_GT_DRUG	<=	0.5	<=	0.5			NO_GT_DRUG
3680	35756053	1D-353	gentamicin	gentamicin	1280.51646	ERS4416137	MATCHED					NOT_APPLICABLE	<=	4	<=	4	=	0.5	INCORRECT
3681	35756053	1D-353	ciprofloxacin	ciprofloxacin	1280.51646	ERS4416137	MATCHED					NO_GT_DRUG	=	0.5	=	0.5			NO_GT_DRUG
3682	35756053	1D-353	cefoxitin	cefoxitin	1280.51646	ERS4416137	MATCHED					NOT_APPLICABLE	=	0.5	=	0.5	=	4	INCORRECT
3683	35756053	1D-353	trimethoprim	trimethoprim	1280.51646	ERS4416137	MATCHED					NO_GT_DRUG	=	0.5	=	0.5			NO_GT_DRUG
3684	35756053	1D-353	tobramycin	tobramycin	1280.51646	ERS4416137	MATCHED					NOT_APPLICABLE	<=	0.25	<=	0.25	=	0.5	INCORRECT
3685	35756053	1D-353	tigecycline	tigecycline	1280.51646	ERS4416137	MATCHED					NO_GT_DRUG	=	4	=	4			NO_GT_DRUG
3686	35756053	1D-354	ampicillin	ampicillin	1280.51647	ERS4416138	MATCHED					NO_GT_DRUG	<=	0.5	<=	0.5			NO_GT_DRUG
3687	35756053	1D-354	cefazolin	cefazolin	1280.51647	ERS4416138	MATCHED					NO_GT_DRUG	<=	0.5	<=	0.5			NO_GT_DRUG
3688	35756053	1D-354	meropenem	meropenem	1280.51647	ERS4416138	MATCHED					NO_GT_DRUG	<=	0.5	<=	0.5			NO_GT_DRUG
3689	35756053	1D-354	gentamicin	gentamicin	1280.51647	ERS4416138	MATCHED					NOT_APPLICABLE	<=	4	<=	4	<=	0.25	INCORRECT
3690	35756053	1D-354	ciprofloxacin	ciprofloxacin	1280.51647	ERS4416138	MATCHED					NO_GT_DRUG	=	0.5	=	0.5			NO_GT_DRUG
3691	35756053	1D-354	cefoxitin	cefoxitin	1280.51647	ERS4416138	MATCHED					NOT_APPLICABLE	<=	0.25	<=	0.25	=	2	INCORRECT
3692	35756053	1D-354	trimethoprim	trimethoprim	1280.51647	ERS4416138	MATCHED					NO_GT_DRUG	<=	0.25	<=	0.25			NO_GT_DRUG
3693	35756053	1D-354	tobramycin	tobramycin	1280.51647	ERS4416138	MATCHED					NOT_APPLICABLE	<=	0.25	<=	0.25	<=	0.25	CORRECT
3694	35756053	1D-354	tigecycline	tigecycline	1280.51647	ERS4416138	MATCHED					NO_GT_DRUG	=	2	=	2			NO_GT_DRUG
3695	35756053	1D-424	ampicillin	ampicillin	1280.51654	ERS4416207	MATCHED					NO_GT_DRUG	<=	0.5	<=	0.5			NO_GT_DRUG
3696	35756053	1D-424	cefazolin	cefazolin	1280.51654	ERS4416207	MATCHED					NO_GT_DRUG	<=	0.5	<=	0.5			NO_GT_DRUG
3697	35756053	1D-424	meropenem	meropenem	1280.51654	ERS4416207	MATCHED					NO_GT_DRUG	<=	0.5	<=	0.5			NO_GT_DRUG
3698	35756053	1D-424	gentamicin	gentamicin	1280.51654	ERS4416207	MATCHED					NOT_APPLICABLE	<=	4	<=	4	<=	0.25	INCORRECT
3699	35756053	1D-424	ciprofloxacin	ciprofloxacin	1280.51654	ERS4416207	MATCHED					NO_GT_DRUG	=	0.5	=	0.5			NO_GT_DRUG
3700	35756053	1D-424	cefoxitin	cefoxitin	1280.51654	ERS4416207	MATCHED					NOT_APPLICABLE	<=	0.25	<=	0.25	=	4	INCORRECT
3701	35756053	1D-424	trimethoprim	trimethoprim	1280.51654	ERS4416207	MATCHED					NO_GT_DRUG	<=	0.25	<=	0.25			NO_GT_DRUG
3702	35756053	1D-424	tobramycin	tobramycin	1280.51654	ERS4416207	MATCHED					NOT_APPLICABLE	<=	0.25	<=	0.25	<=	0.25	CORRECT
3703	35756053	1D-424	tigecycline	tigecycline	1280.51654	ERS4416207	MATCHED					NO_GT_DRUG	=	4	=	4			NO_GT_DRUG
3704	35756053	1D-425	ampicillin	ampicillin	1280.51655	ERS4416208	MATCHED					NO_GT_DRUG	<=	0.5	<=	0.5			NO_GT_DRUG
3705	35756053	1D-425	cefazolin	cefazolin	1280.51655	ERS4416208	MATCHED					NO_GT_DRUG	<=	0.5	<=	0.5			NO_GT_DRUG
3706	35756053	1D-425	meropenem	meropenem	1280.51655	ERS4416208	MATCHED					NO_GT_DRUG	<=	0.5	<=	0.5			NO_GT_DRUG
3707	35756053	1D-425	gentamicin	gentamicin	1280.51655	ERS4416208	MATCHED					NOT_APPLICABLE	<=	4	<=	4	<=	0.25	INCORRECT
3708	35756053	1D-425	ciprofloxacin	ciprofloxacin	1280.51655	ERS4416208	MATCHED					NO_GT_DRUG	=	0.5	=	0.5			NO_GT_DRUG
3709	35756053	1D-425	cefoxitin	cefoxitin	1280.51655	ERS4416208	MATCHED					NOT_APPLICABLE	<=	0.25	<=	0.25	=	2	INCORRECT
3710	35756053	1D-425	trimethoprim	trimethoprim	1280.51655	ERS4416208	MATCHED					NO_GT_DRUG	<=	0.25	<=	0.25			NO_GT_DRUG
3711	35756053	1D-425	tobramycin	tobramycin	1280.51655	ERS4416208	MATCHED					NOT_APPLICABLE	<=	0.25	<=	0.25	<=	0.25	CORRECT
3712	35756053	1D-425	tigecycline	tigecycline	1280.51655	ERS4416208	MATCHED					NO_GT_DRUG	=	2	=	2			NO_GT_DRUG
3713	35756053	1D-373	ampicillin	ampicillin	1280.51652	ERS4416157	MATCHED					NO_GT_DRUG	<=	0.5	<=	0.5			NO_GT_DRUG
3714	35756053	1D-373	cefazolin	cefazolin	1280.51652	ERS4416157	MATCHED					NO_GT_DRUG	<=	0.5	<=	0.5			NO_GT_DRUG
3715	35756053	1D-373	meropenem	meropenem	1280.51652	ERS4416157	MATCHED					NO_GT_DRUG	<=	0.5	<=	0.5			NO_GT_DRUG
3716	35756053	1D-373	gentamicin	gentamicin	1280.51652	ERS4416157	MATCHED					NOT_APPLICABLE	<=	4	<=	4	<=	0.25	INCORRECT
3717	35756053	1D-373	ciprofloxacin	ciprofloxacin	1280.51652	ERS4416157	MATCHED					NO_GT_DRUG	=	0.5	=	0.5			NO_GT_DRUG
3718	35756053	1D-373	cefoxitin	cefoxitin	1280.51652	ERS4416157	MATCHED					NOT_APPLICABLE	<=	0.25	<=	0.25	=	4	INCORRECT
3719	35756053	1D-373	trimethoprim	trimethoprim	1280.51652	ERS4416157	MATCHED					NO_GT_DRUG	<=	0.25	<=	0.25			NO_GT_DRUG
3720	35756053	1D-373	tobramycin	tobramycin	1280.51652	ERS4416157	MATCHED					NOT_APPLICABLE	<=	0.25	<=	0.25	<=	0.25	CORRECT
3721	35756053	1D-373	tigecycline	tigecycline	1280.51652	ERS4416157	MATCHED					NO_GT_DRUG	=	4	=	4			NO_GT_DRUG
3722	35756053	1D-304	ampicillin	ampicillin	985002.485	ERS4416088	MATCHED					NO_GT_DRUG	<=	0.5	<=	0.5			NO_GT_DRUG
3723	35756053	1D-304	cefazolin	cefazolin	985002.485	ERS4416088	MATCHED					NO_GT_DRUG	<=	0.5	<=	0.5			NO_GT_DRUG
3724	35756053	1D-304	meropenem	meropenem	985002.485	ERS4416088	MATCHED					NO_GT_DRUG	<=	0.5	<=	0.5			NO_GT_DRUG
3725	35756053	1D-304	gentamicin	gentamicin	985002.485	ERS4416088	MATCHED					NOT_APPLICABLE	<=	4	<=	4	<=	0.25	INCORRECT
3726	35756053	1D-304	ciprofloxacin	ciprofloxacin	985002.485	ERS4416088	MATCHED					NO_GT_DRUG	<=	0.25	<=	0.25			NO_GT_DRUG
3727	35756053	1D-304	cefoxitin	cefoxitin	985002.485	ERS4416088	MATCHED					NOT_APPLICABLE	<=	0.25	<=	0.25	=	2	INCORRECT
3728	35756053	1D-304	trimethoprim	trimethoprim	985002.485	ERS4416088	MATCHED					NO_GT_DRUG	<=	0.25	<=	0.25			NO_GT_DRUG
3729	35756053	1D-304	tobramycin	tobramycin	985002.485	ERS4416088	MATCHED					NOT_APPLICABLE	<=	0.25	<=	0.25	<=	0.25	CORRECT
3730	35756053	1D-304	tigecycline	tigecycline	985002.485	ERS4416088	MATCHED					NO_GT_DRUG	=	2	=	2			NO_GT_DRUG
3731	35756053	1D-355	ampicillin	ampicillin	1282.6561	ERS4416139	MATCHED					NO_GT_DRUG	>	4	>	4			NO_GT_DRUG
3732	35756053	1D-355	cefazolin	cefazolin	1282.6561	ERS4416139	MATCHED					NO_GT_DRUG	<=	0.5	<=	0.5			NO_GT_DRUG
3733	35756053	1D-355	meropenem	meropenem	1282.6561	ERS4416139	MATCHED					NO_GT_DRUG	<=	0.5	<=	0.5			NO_GT_DRUG
3734	35756053	1D-355	gentamicin	gentamicin	1282.6561	ERS4416139	MATCHED					NOT_APPLICABLE	>	16	>	16	>	8	INCORRECT
3735	35756053	1D-355	ciprofloxacin	ciprofloxacin	1282.6561	ERS4416139	MATCHED					NO_GT_DRUG	<=	0.25	<=	0.25			NO_GT_DRUG
3736	35756053	1D-355	cefoxitin	cefoxitin	1282.6561	ERS4416139	MATCHED					NOT_APPLICABLE	=	8	=	8	=	4	INCORRECT
3737	35756053	1D-355	trimethoprim	trimethoprim	1282.6561	ERS4416139	MATCHED					NO_GT_DRUG	>	8	>	8			NO_GT_DRUG
3738	35756053	1D-355	tobramycin	tobramycin	1282.6561	ERS4416139	MATCHED					NOT_APPLICABLE	=	1	=	1	=	8	INCORRECT
3739	35756053	1D-355	tigecycline	tigecycline	1282.6561	ERS4416139	MATCHED					NO_GT_DRUG	=	4	=	4			NO_GT_DRUG
3740	35756053	1D-356	ampicillin	ampicillin	1282.6567	ERS4416140	MATCHED					NO_GT_DRUG	>	4	>	4			NO_GT_DRUG
3741	35756053	1D-356	cefazolin	cefazolin	1282.6567	ERS4416140	MATCHED					NO_GT_DRUG	<=	0.5	<=	0.5			NO_GT_DRUG
3742	35756053	1D-356	meropenem	meropenem	1282.6567	ERS4416140	MATCHED					NO_GT_DRUG	=	4	=	4			NO_GT_DRUG
3743	35756053	1D-356	gentamicin	gentamicin	1282.6567	ERS4416140	MATCHED					NOT_APPLICABLE	<=	4	<=	4	<=	0.25	INCORRECT
3744	35756053	1D-356	ciprofloxacin	ciprofloxacin	1282.6567	ERS4416140	MATCHED					NO_GT_DRUG	<=	0.25	<=	0.25			NO_GT_DRUG
3745	35756053	1D-356	cefoxitin	cefoxitin	1282.6567	ERS4416140	MATCHED					NOT_APPLICABLE	<=	0.25	<=	0.25	=	1	INCORRECT
3746	35756053	1D-356	trimethoprim	trimethoprim	1282.6567	ERS4416140	MATCHED					NO_GT_DRUG	<=	0.25	<=	0.25			NO_GT_DRUG
3747	35756053	1D-356	tobramycin	tobramycin	1282.6567	ERS4416140	MATCHED					NOT_APPLICABLE	<=	0.25	<=	0.25	<=	0.25	CORRECT
3748	35756053	1D-356	tigecycline	tigecycline	1282.6567	ERS4416140	MATCHED					NO_GT_DRUG	=	1	=	1			NO_GT_DRUG
3749	35756053	1D-358	ampicillin	ampicillin	1282.6568	ERS4416142	MATCHED					NO_GT_DRUG	<=	0.5	<=	0.5			NO_GT_DRUG
3750	35756053	1D-358	cefazolin	cefazolin	1282.6568	ERS4416142	MATCHED					NO_GT_DRUG	=	1	=	1			NO_GT_DRUG
3751	35756053	1D-358	meropenem	meropenem	1282.6568	ERS4416142	MATCHED					NO_GT_DRUG	<=	0.5	<=	0.5			NO_GT_DRUG
3752	35756053	1D-358	gentamicin	gentamicin	1282.6568	ERS4416142	MATCHED					NOT_APPLICABLE	<=	4	<=	4	<=	0.25	INCORRECT
3753	35756053	1D-358	ciprofloxacin	ciprofloxacin	1282.6568	ERS4416142	MATCHED					NO_GT_DRUG	<=	0.25	<=	0.25			NO_GT_DRUG
3754	35756053	1D-358	cefoxitin	cefoxitin	1282.6568	ERS4416142	MATCHED					NOT_APPLICABLE	<=	0.25	<=	0.25	=	1	INCORRECT
3755	35756053	1D-358	trimethoprim	trimethoprim	1282.6568	ERS4416142	MATCHED					NO_GT_DRUG	<=	0.25	<=	0.25			NO_GT_DRUG
3756	35756053	1D-358	tobramycin	tobramycin	1282.6568	ERS4416142	MATCHED					NOT_APPLICABLE	<=	0.25	<=	0.25	<=	0.25	CORRECT
3757	35756053	1D-358	tigecycline	tigecycline	1282.6568	ERS4416142	MATCHED					NO_GT_DRUG	=	1	=	1			NO_GT_DRUG
3758	35756053	1D-359	ampicillin	ampicillin	1282.6562	ERS4416143	MATCHED					NO_GT_DRUG	>	4	>	4			NO_GT_DRUG
3759	35756053	1D-359	cefazolin	cefazolin	1282.6562	ERS4416143	MATCHED					NO_GT_DRUG	<=	0.5	<=	0.5			NO_GT_DRUG
3760	35756053	1D-359	meropenem	meropenem	1282.6562	ERS4416143	MATCHED					NO_GT_DRUG	=	2	=	2			NO_GT_DRUG
3761	35756053	1D-359	gentamicin	gentamicin	1282.6562	ERS4416143	MATCHED					NOT_APPLICABLE	<=	4	<=	4	<=	0.25	INCORRECT
3762	35756053	1D-359	ciprofloxacin	ciprofloxacin	1282.6562	ERS4416143	MATCHED					NO_GT_DRUG	>	4	>	4			NO_GT_DRUG
3763	35756053	1D-359	cefoxitin	cefoxitin	1282.6562	ERS4416143	MATCHED					NOT_APPLICABLE	<=	0.25	<=	0.25	=	2	INCORRECT
3764	35756053	1D-359	trimethoprim	trimethoprim	1282.6562	ERS4416143	MATCHED					NO_GT_DRUG	<=	0.25	<=	0.25			NO_GT_DRUG
3765	35756053	1D-359	tobramycin	tobramycin	1282.6562	ERS4416143	MATCHED					NOT_APPLICABLE	<=	0.25	<=	0.25	<=	0.25	CORRECT
3766	35756053	1D-359	tigecycline	tigecycline	1282.6562	ERS4416143	MATCHED					NO_GT_DRUG	=	2	=	2			NO_GT_DRUG
3767	35756053	1D-360	ampicillin	ampicillin	1282.6565	ERS4416144	MATCHED					NO_GT_DRUG	>	4	>	4			NO_GT_DRUG
3768	35756053	1D-360	cefazolin	cefazolin	1282.6565	ERS4416144	MATCHED					NO_GT_DRUG	<=	0.5	<=	0.5			NO_GT_DRUG
3769	35756053	1D-360	meropenem	meropenem	1282.6565	ERS4416144	MATCHED					NO_GT_DRUG	=	2	=	2			NO_GT_DRUG
3770	35756053	1D-360	gentamicin	gentamicin	1282.6565	ERS4416144	MATCHED					NOT_APPLICABLE	>	16	>	16	>	8	INCORRECT
3771	35756053	1D-360	ciprofloxacin	ciprofloxacin	1282.6565	ERS4416144	MATCHED					NO_GT_DRUG	>	4	>	4			NO_GT_DRUG
3772	35756053	1D-360	cefoxitin	cefoxitin	1282.6565	ERS4416144	MATCHED					NOT_APPLICABLE	>	8	>	8	>	8	CORRECT
3773	35756053	1D-360	trimethoprim	trimethoprim	1282.6565	ERS4416144	MATCHED					NO_GT_DRUG	>	8	>	8			NO_GT_DRUG
3774	35756053	1D-360	tobramycin	tobramycin	1282.6565	ERS4416144	MATCHED					NOT_APPLICABLE	>	2	>	2	>	8	INCORRECT
3775	35756053	1D-360	tigecycline	tigecycline	1282.6565	ERS4416144	MATCHED					NO_GT_DRUG	>	8	>	8			NO_GT_DRUG
3776	35756053	1D-361	ampicillin	ampicillin	1282.6563	ERS4416145	MATCHED					NO_GT_DRUG	>	4	>	4			NO_GT_DRUG
3777	35756053	1D-361	cefazolin	cefazolin	1282.6563	ERS4416145	MATCHED					NO_GT_DRUG	>	4	>	4			NO_GT_DRUG
3778	35756053	1D-361	meropenem	meropenem	1282.6563	ERS4416145	MATCHED					NO_GT_DRUG	=	2	=	2			NO_GT_DRUG
3779	35756053	1D-361	gentamicin	gentamicin	1282.6563	ERS4416145	MATCHED					NOT_APPLICABLE	<=	4	<=	4	=	1	INCORRECT
3780	35756053	1D-361	ciprofloxacin	ciprofloxacin	1282.6563	ERS4416145	MATCHED					NO_GT_DRUG	>	4	>	4			NO_GT_DRUG
3781	35756053	1D-361	cefoxitin	cefoxitin	1282.6563	ERS4416145	MATCHED					NOT_APPLICABLE	=	0.5	=	0.5	>	8	INCORRECT
3782	35756053	1D-361	trimethoprim	trimethoprim	1282.6563	ERS4416145	MATCHED					NO_GT_DRUG	=	1	=	1			NO_GT_DRUG
3783	35756053	1D-361	tobramycin	tobramycin	1282.6563	ERS4416145	MATCHED					NOT_APPLICABLE	=	1	=	1	=	0.5	INCORRECT
3784	35756053	1D-361	tigecycline	tigecycline	1282.6563	ERS4416145	MATCHED					NO_GT_DRUG	>	8	>	8			NO_GT_DRUG
3785	35756053	1D-362	ampicillin	ampicillin	1282.6566	ERS4416146	MATCHED					NO_GT_DRUG	>	4	>	4			NO_GT_DRUG
3786	35756053	1D-362	cefazolin	cefazolin	1282.6566	ERS4416146	MATCHED					NO_GT_DRUG	<=	0.5	<=	0.5			NO_GT_DRUG
3787	35756053	1D-362	meropenem	meropenem	1282.6566	ERS4416146	MATCHED					NO_GT_DRUG	<=	0.5	<=	0.5			NO_GT_DRUG
3788	35756053	1D-362	gentamicin	gentamicin	1282.6566	ERS4416146	MATCHED					NOT_APPLICABLE	=	16	=	16	>	8	INCORRECT
3789	35756053	1D-362	ciprofloxacin	ciprofloxacin	1282.6566	ERS4416146	MATCHED					NO_GT_DRUG	<=	0.25	<=	0.25			NO_GT_DRUG
3790	35756053	1D-362	cefoxitin	cefoxitin	1282.6566	ERS4416146	MATCHED					NOT_APPLICABLE	=	8	=	8	=	8	CORRECT
3791	35756053	1D-362	trimethoprim	trimethoprim	1282.6566	ERS4416146	MATCHED					NO_GT_DRUG	>	8	>	8			NO_GT_DRUG
3792	35756053	1D-362	tobramycin	tobramycin	1282.6566	ERS4416146	MATCHED					NOT_APPLICABLE	=	1	=	1	=	8	INCORRECT
3793	35756053	1D-362	tigecycline	tigecycline	1282.6566	ERS4416146	MATCHED					NO_GT_DRUG	=	8	=	8			NO_GT_DRUG
3794	35756053	1D-363	ampicillin	ampicillin	1282.6564	ERS4416147	MATCHED					NO_GT_DRUG	>	4	>	4			NO_GT_DRUG
3795	35756053	1D-363	cefazolin	cefazolin	1282.6564	ERS4416147	MATCHED					NO_GT_DRUG	<=	0.5	<=	0.5			NO_GT_DRUG
3796	35756053	1D-363	meropenem	meropenem	1282.6564	ERS4416147	MATCHED					NO_GT_DRUG	=	4	=	4			NO_GT_DRUG
3797	35756053	1D-363	gentamicin	gentamicin	1282.6564	ERS4416147	MATCHED					NOT_APPLICABLE	>	16	>	16	>	8	INCORRECT
3798	35756053	1D-363	ciprofloxacin	ciprofloxacin	1282.6564	ERS4416147	MATCHED					NO_GT_DRUG	>	4	>	4			NO_GT_DRUG
3799	35756053	1D-363	cefoxitin	cefoxitin	1282.6564	ERS4416147	MATCHED					NOT_APPLICABLE	=	8	=	8	>	8	INCORRECT
3800	35756053	1D-363	trimethoprim	trimethoprim	1282.6564	ERS4416147	MATCHED					NO_GT_DRUG	>	8	>	8			NO_GT_DRUG
3801	35756053	1D-363	tobramycin	tobramycin	1282.6564	ERS4416147	MATCHED					NOT_APPLICABLE	>	2	>	2	=	8	INCORRECT
3802	35756053	1D-363	tigecycline	tigecycline	1282.6564	ERS4416147	MATCHED					NO_GT_DRUG	>	8	>	8			NO_GT_DRUG
3803	35756053	1D-364	ampicillin	ampicillin	1290.602	ERS4416148	MATCHED					NO_GT_DRUG	>	4	>	4			NO_GT_DRUG
3804	35756053	1D-364	cefazolin	cefazolin	1290.602	ERS4416148	MATCHED					NO_GT_DRUG	<=	0.5	<=	0.5			NO_GT_DRUG
3805	35756053	1D-364	meropenem	meropenem	1290.602	ERS4416148	MATCHED					NO_GT_DRUG	>	4	>	4			NO_GT_DRUG
3806	35756053	1D-364	gentamicin	gentamicin	1290.602	ERS4416148	MATCHED					NOT_APPLICABLE	<=	4	<=	4	<=	0.25	INCORRECT
3807	35756053	1D-364	ciprofloxacin	ciprofloxacin	1290.602	ERS4416148	MATCHED					NO_GT_DRUG	<=	0.25	<=	0.25			NO_GT_DRUG
3808	35756053	1D-364	cefoxitin	cefoxitin	1290.602	ERS4416148	MATCHED					NOT_APPLICABLE	<=	0.25	<=	0.25	=	4	INCORRECT
3809	35756053	1D-364	trimethoprim	trimethoprim	1290.602	ERS4416148	MATCHED					NO_GT_DRUG	<=	0.25	<=	0.25			NO_GT_DRUG
3810	35756053	1D-364	tobramycin	tobramycin	1290.602	ERS4416148	MATCHED					NOT_APPLICABLE	<=	0.25	<=	0.25	<=	0.25	CORRECT
3811	35756053	1D-364	tigecycline	tigecycline	1290.602	ERS4416148	MATCHED					NO_GT_DRUG	=	4	=	4			NO_GT_DRUG
3812	35756053	1D-365	ampicillin	ampicillin	29385.538	ERS4416149	MATCHED					NO_GT_DRUG	>	4	>	4			NO_GT_DRUG
3813	35756053	1D-365	cefazolin	cefazolin	29385.538	ERS4416149	MATCHED					NO_GT_DRUG	<=	0.5	<=	0.5			NO_GT_DRUG
3814	35756053	1D-365	meropenem	meropenem	29385.538	ERS4416149	MATCHED					NO_GT_DRUG	<=	0.5	<=	0.5			NO_GT_DRUG
3815	35756053	1D-365	gentamicin	gentamicin	29385.538	ERS4416149	MATCHED					NOT_APPLICABLE	<=	4	<=	4	<=	0.25	INCORRECT
3816	35756053	1D-365	ciprofloxacin	ciprofloxacin	29385.538	ERS4416149	MATCHED					NO_GT_DRUG	<=	0.25	<=	0.25			NO_GT_DRUG
3817	35756053	1D-365	cefoxitin	cefoxitin	29385.538	ERS4416149	MATCHED					NOT_APPLICABLE	<=	0.25	<=	0.25	=	2	INCORRECT
3818	35756053	1D-365	trimethoprim	trimethoprim	29385.538	ERS4416149	MATCHED					NO_GT_DRUG	<=	0.25	<=	0.25			NO_GT_DRUG
3819	35756053	1D-365	tobramycin	tobramycin	29385.538	ERS4416149	MATCHED					NOT_APPLICABLE	<=	0.25	<=	0.25	<=	0.25	CORRECT
3820	35756053	1D-365	tigecycline	tigecycline	29385.538	ERS4416149	MATCHED					NO_GT_DRUG	=	2	=	2			NO_GT_DRUG
3821	35756053	1D-366	ampicillin	ampicillin	28035.369	ERS4416150	MATCHED					NO_GT_DRUG	<=	0.5	<=	0.5			NO_GT_DRUG
3822	35756053	1D-366	cefazolin	cefazolin	28035.369	ERS4416150	MATCHED					NO_GT_DRUG	<=	0.5	<=	0.5			NO_GT_DRUG
3823	35756053	1D-366	meropenem	meropenem	28035.369	ERS4416150	MATCHED					NO_GT_DRUG	<=	0.5	<=	0.5			NO_GT_DRUG
3824	35756053	1D-366	gentamicin	gentamicin	28035.369	ERS4416150	MATCHED					NOT_APPLICABLE	<=	4	<=	4	<=	0.25	INCORRECT
3825	35756053	1D-366	ciprofloxacin	ciprofloxacin	28035.369	ERS4416150	MATCHED					NO_GT_DRUG	<=	0.25	<=	0.25			NO_GT_DRUG
3826	35756053	1D-366	cefoxitin	cefoxitin	28035.369	ERS4416150	MATCHED					NOT_APPLICABLE	<=	0.25	<=	0.25	=	2	INCORRECT
3827	35756053	1D-366	trimethoprim	trimethoprim	28035.369	ERS4416150	MATCHED					NO_GT_DRUG	<=	0.25	<=	0.25			NO_GT_DRUG
3828	35756053	1D-366	tobramycin	tobramycin	28035.369	ERS4416150	MATCHED					NOT_APPLICABLE	<=	0.25	<=	0.25	<=	0.25	CORRECT
3829	35756053	1D-366	tigecycline	tigecycline	28035.369	ERS4416150	MATCHED					NO_GT_DRUG	=	2	=	2			NO_GT_DRUG
3830	35756053	1D-367	ampicillin	ampicillin	28035.371	ERS4416151	MATCHED					NO_GT_DRUG	<=	0.5	<=	0.5			NO_GT_DRUG
3831	35756053	1D-367	cefazolin	cefazolin	28035.371	ERS4416151	MATCHED					NO_GT_DRUG	<=	0.5	<=	0.5			NO_GT_DRUG
3832	35756053	1D-367	meropenem	meropenem	28035.371	ERS4416151	MATCHED					NO_GT_DRUG	<=	0.5	<=	0.5			NO_GT_DRUG
3833	35756053	1D-367	gentamicin	gentamicin	28035.371	ERS4416151	MATCHED					NOT_APPLICABLE	<=	4	<=	4	<=	0.25	INCORRECT
3834	35756053	1D-367	ciprofloxacin	ciprofloxacin	28035.371	ERS4416151	MATCHED					NO_GT_DRUG	<=	0.25	<=	0.25			NO_GT_DRUG
3835	35756053	1D-367	cefoxitin	cefoxitin	28035.371	ERS4416151	MATCHED					NOT_APPLICABLE	<=	0.25	<=	0.25	=	2	INCORRECT
3836	35756053	1D-367	trimethoprim	trimethoprim	28035.371	ERS4416151	MATCHED					NO_GT_DRUG	<=	0.25	<=	0.25			NO_GT_DRUG
3837	35756053	1D-367	tobramycin	tobramycin	28035.371	ERS4416151	MATCHED					NOT_APPLICABLE	<=	0.25	<=	0.25	<=	0.25	CORRECT
3838	35756053	1D-367	tigecycline	tigecycline	28035.371	ERS4416151	MATCHED					NO_GT_DRUG	=	2	=	2			NO_GT_DRUG
3839	35756053	1D-368	ampicillin	ampicillin	28035.370	ERS4416152	MATCHED					NO_GT_DRUG	<=	0.5	<=	0.5			NO_GT_DRUG
3840	35756053	1D-368	cefazolin	cefazolin	28035.370	ERS4416152	MATCHED					NO_GT_DRUG	<=	0.5	<=	0.5			NO_GT_DRUG
3841	35756053	1D-368	meropenem	meropenem	28035.370	ERS4416152	MATCHED					NO_GT_DRUG	<=	0.5	<=	0.5			NO_GT_DRUG
3842	35756053	1D-368	gentamicin	gentamicin	28035.370	ERS4416152	MATCHED					NOT_APPLICABLE	<=	4	<=	4	<=	0.25	INCORRECT
3843	35756053	1D-368	ciprofloxacin	ciprofloxacin	28035.370	ERS4416152	MATCHED					NO_GT_DRUG	<=	0.25	<=	0.25			NO_GT_DRUG
3844	35756053	1D-368	cefoxitin	cefoxitin	28035.370	ERS4416152	MATCHED					NOT_APPLICABLE	<=	0.25	<=	0.25	=	2	INCORRECT
3845	35756053	1D-368	trimethoprim	trimethoprim	28035.370	ERS4416152	MATCHED					NO_GT_DRUG	<=	0.25	<=	0.25			NO_GT_DRUG
3846	35756053	1D-368	tobramycin	tobramycin	28035.370	ERS4416152	MATCHED					NOT_APPLICABLE	<=	0.25	<=	0.25	<=	0.25	CORRECT
3847	35756053	1D-368	tigecycline	tigecycline	28035.370	ERS4416152	MATCHED					NO_GT_DRUG	=	2	=	2			NO_GT_DRUG
3848	35756053	1D-370	ampicillin	ampicillin			NO_GENOME_MATCH					NOT_EVALUATED	=	0.06	=	0.06			NOT_EVALUATED
3849	35756053	1D-370	cefazolin	cefazolin			NO_GENOME_MATCH					NOT_EVALUATED	<=	0.25	<=	0.25			NOT_EVALUATED
3850	35756053	1D-370	meropenem	meropenem			NO_GENOME_MATCH					NOT_EVALUATED	<=	0.25	<=	0.25			NOT_EVALUATED
3851	35756053	1D-370	gentamicin	gentamicin			NO_GENOME_MATCH					NOT_EVALUATED	<=	0.5/9.5	<=	0.5/9.5			NOT_EVALUATED
3852	35756053	1D-370	cefoxitin	cefoxitin			NO_GENOME_MATCH					NOT_EVALUATED	=	1	=	1			NOT_EVALUATED
3853	35756053	1D-370	trimethoprim	trimethoprim			NO_GENOME_MATCH					NOT_EVALUATED	<=	0.5	<=	0.5			NOT_EVALUATED
3854	35756053	1D-370	tobramycin	tobramycin			NO_GENOME_MATCH					NOT_EVALUATED	<=	0.5	<=	0.5			NOT_EVALUATED
3855	35756053	1D-370	tigecycline	tigecycline			NO_GENOME_MATCH					NOT_EVALUATED	=	4	=	4			NOT_EVALUATED
3856	35756053	1D-371	ampicillin	ampicillin			NO_GENOME_MATCH					NOT_EVALUATED	=	0.06	=	0.06			NOT_EVALUATED
3857	35756053	1D-371	cefazolin	cefazolin			NO_GENOME_MATCH					NOT_EVALUATED	<=	0.25	<=	0.25			NOT_EVALUATED
3858	35756053	1D-371	meropenem	meropenem			NO_GENOME_MATCH					NOT_EVALUATED	<=	0.25	<=	0.25			NOT_EVALUATED
3859	35756053	1D-371	gentamicin	gentamicin			NO_GENOME_MATCH					NOT_EVALUATED	<=	0.5/9.5	<=	0.5/9.5			NOT_EVALUATED
3860	35756053	1D-371	cefoxitin	cefoxitin			NO_GENOME_MATCH					NOT_EVALUATED	=	1	=	1			NOT_EVALUATED
3861	35756053	1D-371	trimethoprim	trimethoprim			NO_GENOME_MATCH					NOT_EVALUATED	<=	0.5	<=	0.5			NOT_EVALUATED
3862	35756053	1D-371	tobramycin	tobramycin			NO_GENOME_MATCH					NOT_EVALUATED	<=	0.5	<=	0.5			NOT_EVALUATED
3863	35756053	1D-371	tigecycline	tigecycline			NO_GENOME_MATCH					NOT_EVALUATED	=	2	=	2			NOT_EVALUATED
3864	35756053	1D-372	ampicillin	ampicillin			NO_GENOME_MATCH					NOT_EVALUATED	=	0.06	=	0.06			NOT_EVALUATED
3865	35756053	1D-372	cefazolin	cefazolin			NO_GENOME_MATCH					NOT_EVALUATED	<=	0.25	<=	0.25			NOT_EVALUATED
3866	35756053	1D-372	meropenem	meropenem			NO_GENOME_MATCH					NOT_EVALUATED	<=	0.25	<=	0.25			NOT_EVALUATED
3867	35756053	1D-372	gentamicin	gentamicin			NO_GENOME_MATCH					NOT_EVALUATED	<=	0.5/9.5	<=	0.5/9.5			NOT_EVALUATED
3868	35756053	1D-372	cefoxitin	cefoxitin			NO_GENOME_MATCH					NOT_EVALUATED	=	1	=	1			NOT_EVALUATED
3869	35756053	1D-372	trimethoprim	trimethoprim			NO_GENOME_MATCH					NOT_EVALUATED	<=	0.5	<=	0.5			NOT_EVALUATED
3870	35756053	1D-372	tobramycin	tobramycin			NO_GENOME_MATCH					NOT_EVALUATED	<=	0.5	<=	0.5			NOT_EVALUATED
3871	35756053	1D-372	tigecycline	tigecycline			NO_GENOME_MATCH					NOT_EVALUATED	=	2	=	2			NOT_EVALUATED
3872	35756053	1D-374	ampicillin	ampicillin			NO_GENOME_MATCH					NOT_EVALUATED	=	0.06	=	0.06			NOT_EVALUATED
3873	35756053	1D-374	cefazolin	cefazolin			NO_GENOME_MATCH					NOT_EVALUATED	>	2	>	2			NOT_EVALUATED
3874	35756053	1D-374	meropenem	meropenem			NO_GENOME_MATCH					NOT_EVALUATED	>	2	>	2			NOT_EVALUATED
3875	35756053	1D-374	gentamicin	gentamicin			NO_GENOME_MATCH					NOT_EVALUATED	<=	0.5/9.5	<=	0.5/9.5			NOT_EVALUATED
3876	35756053	1D-374	cefoxitin	cefoxitin			NO_GENOME_MATCH					NOT_EVALUATED	=	1	=	1			NOT_EVALUATED
3877	35756053	1D-374	trimethoprim	trimethoprim			NO_GENOME_MATCH					NOT_EVALUATED	<=	0.5	<=	0.5			NOT_EVALUATED
3878	35756053	1D-374	tobramycin	tobramycin			NO_GENOME_MATCH					NOT_EVALUATED	<=	0.5	<=	0.5			NOT_EVALUATED
3879	35756053	1D-374	tigecycline	tigecycline			NO_GENOME_MATCH					NOT_EVALUATED	=	8	=	8			NOT_EVALUATED
3880	35756053	1D-375	ampicillin	ampicillin			NO_GENOME_MATCH					NOT_EVALUATED	=	0.06	=	0.06			NOT_EVALUATED
3881	35756053	1D-375	cefazolin	cefazolin			NO_GENOME_MATCH					NOT_EVALUATED	<=	0.25	<=	0.25			NOT_EVALUATED
3882	35756053	1D-375	meropenem	meropenem			NO_GENOME_MATCH					NOT_EVALUATED	<=	0.25	<=	0.25			NOT_EVALUATED
3883	35756053	1D-375	gentamicin	gentamicin			NO_GENOME_MATCH					NOT_EVALUATED	<=	0.5/9.5	<=	0.5/9.5			NOT_EVALUATED
3884	35756053	1D-375	cefoxitin	cefoxitin			NO_GENOME_MATCH					NOT_EVALUATED	=	1	=	1			NOT_EVALUATED
3885	35756053	1D-375	trimethoprim	trimethoprim			NO_GENOME_MATCH					NOT_EVALUATED	<=	0.5	<=	0.5			NOT_EVALUATED
3886	35756053	1D-375	tobramycin	tobramycin			NO_GENOME_MATCH					NOT_EVALUATED	<=	0.5	<=	0.5			NOT_EVALUATED
3887	35756053	1D-375	tigecycline	tigecycline			NO_GENOME_MATCH					NOT_EVALUATED	=	4	=	4			NOT_EVALUATED
3888	35756053	1D-376	ampicillin	ampicillin			NO_GENOME_MATCH					NOT_EVALUATED	=	0.06	=	0.06			NOT_EVALUATED
3889	35756053	1D-376	cefazolin	cefazolin			NO_GENOME_MATCH					NOT_EVALUATED	>	2	>	2			NOT_EVALUATED
3890	35756053	1D-376	meropenem	meropenem			NO_GENOME_MATCH					NOT_EVALUATED	>	2	>	2			NOT_EVALUATED
3891	35756053	1D-376	gentamicin	gentamicin			NO_GENOME_MATCH					NOT_EVALUATED	<=	0.5/9.5	<=	0.5/9.5			NOT_EVALUATED
3892	35756053	1D-376	cefoxitin	cefoxitin			NO_GENOME_MATCH					NOT_EVALUATED	=	1	=	1			NOT_EVALUATED
3893	35756053	1D-376	trimethoprim	trimethoprim			NO_GENOME_MATCH					NOT_EVALUATED	<=	0.5	<=	0.5			NOT_EVALUATED
3894	35756053	1D-376	tobramycin	tobramycin			NO_GENOME_MATCH					NOT_EVALUATED	<=	0.5	<=	0.5			NOT_EVALUATED
3895	35756053	1D-376	tigecycline	tigecycline			NO_GENOME_MATCH					NOT_EVALUATED	=	2	=	2			NOT_EVALUATED
3896	35756053	1D-377	ampicillin	ampicillin			NO_GENOME_MATCH					NOT_EVALUATED	=	0.06	=	0.06			NOT_EVALUATED
3897	35756053	1D-377	cefazolin	cefazolin			NO_GENOME_MATCH					NOT_EVALUATED	>	2	>	2			NOT_EVALUATED
3898	35756053	1D-377	meropenem	meropenem			NO_GENOME_MATCH					NOT_EVALUATED	>	2	>	2			NOT_EVALUATED
3899	35756053	1D-377	gentamicin	gentamicin			NO_GENOME_MATCH					NOT_EVALUATED	<=	0.5/9.5	<=	0.5/9.5			NOT_EVALUATED
3900	35756053	1D-377	cefoxitin	cefoxitin			NO_GENOME_MATCH					NOT_EVALUATED	=	1	=	1			NOT_EVALUATED
3901	35756053	1D-377	trimethoprim	trimethoprim			NO_GENOME_MATCH					NOT_EVALUATED	<=	0.5	<=	0.5			NOT_EVALUATED
3902	35756053	1D-377	tobramycin	tobramycin			NO_GENOME_MATCH					NOT_EVALUATED	<=	0.5	<=	0.5			NOT_EVALUATED
3903	35756053	1D-377	tigecycline	tigecycline			NO_GENOME_MATCH					NOT_EVALUATED	=	4	=	4			NOT_EVALUATED
3904	35756053	1D-378_B	ampicillin	ampicillin			NO_GENOME_MATCH					NOT_EVALUATED	<=	0.03	<=	0.03			NOT_EVALUATED
3905	35756053	1D-378_B	cefazolin	cefazolin			NO_GENOME_MATCH					NOT_EVALUATED	<=	0.25	<=	0.25			NOT_EVALUATED
3906	35756053	1D-378_B	meropenem	meropenem			NO_GENOME_MATCH					NOT_EVALUATED	<=	0.25	<=	0.25			NOT_EVALUATED
3907	35756053	1D-378_B	gentamicin	gentamicin			NO_GENOME_MATCH					NOT_EVALUATED	<=	0.5/9.5	<=	0.5/9.5			NOT_EVALUATED
3908	35756053	1D-378_B	cefoxitin	cefoxitin			NO_GENOME_MATCH					NOT_EVALUATED	=	2	=	2			NOT_EVALUATED
3909	35756053	1D-378_B	trimethoprim	trimethoprim			NO_GENOME_MATCH					NOT_EVALUATED	<=	0.5	<=	0.5			NOT_EVALUATED
3910	35756053	1D-378_B	tobramycin	tobramycin			NO_GENOME_MATCH					NOT_EVALUATED	<=	0.5	<=	0.5			NOT_EVALUATED
3911	35756053	1D-378_B	tigecycline	tigecycline			NO_GENOME_MATCH					NOT_EVALUATED	=	4	=	4			NOT_EVALUATED
3912	35756053	1D-379	ampicillin	ampicillin			NO_GENOME_MATCH					NOT_EVALUATED	=	0.06	=	0.06			NOT_EVALUATED
3913	35756053	1D-379	cefazolin	cefazolin			NO_GENOME_MATCH					NOT_EVALUATED	<=	0.25	<=	0.25			NOT_EVALUATED
3914	35756053	1D-379	meropenem	meropenem			NO_GENOME_MATCH					NOT_EVALUATED	<=	0.25	<=	0.25			NOT_EVALUATED
3915	35756053	1D-379	gentamicin	gentamicin			NO_GENOME_MATCH					NOT_EVALUATED	<=	0.5/9.5	<=	0.5/9.5			NOT_EVALUATED
3916	35756053	1D-379	cefoxitin	cefoxitin			NO_GENOME_MATCH					NOT_EVALUATED	=	1	=	1			NOT_EVALUATED
3917	35756053	1D-379	trimethoprim	trimethoprim			NO_GENOME_MATCH					NOT_EVALUATED	<=	0.5	<=	0.5			NOT_EVALUATED
3918	35756053	1D-379	tobramycin	tobramycin			NO_GENOME_MATCH					NOT_EVALUATED	<=	0.5	<=	0.5			NOT_EVALUATED
3919	35756053	1D-379	tigecycline	tigecycline			NO_GENOME_MATCH					NOT_EVALUATED	=	2	=	2			NOT_EVALUATED
3920	35756053	1D-380	ampicillin	ampicillin			NO_GENOME_MATCH					NOT_EVALUATED	=	0.06	=	0.06			NOT_EVALUATED
3921	35756053	1D-380	cefazolin	cefazolin			NO_GENOME_MATCH					NOT_EVALUATED	<=	0.25	<=	0.25			NOT_EVALUATED
3922	35756053	1D-380	meropenem	meropenem			NO_GENOME_MATCH					NOT_EVALUATED	<=	0.25	<=	0.25			NOT_EVALUATED
3923	35756053	1D-380	gentamicin	gentamicin			NO_GENOME_MATCH					NOT_EVALUATED	<=	0.5/9.5	<=	0.5/9.5			NOT_EVALUATED
3924	35756053	1D-380	cefoxitin	cefoxitin			NO_GENOME_MATCH					NOT_EVALUATED	=	1	=	1			NOT_EVALUATED
3925	35756053	1D-380	trimethoprim	trimethoprim			NO_GENOME_MATCH					NOT_EVALUATED	<=	0.5	<=	0.5			NOT_EVALUATED
3926	35756053	1D-380	tobramycin	tobramycin			NO_GENOME_MATCH					NOT_EVALUATED	<=	0.5	<=	0.5			NOT_EVALUATED
3927	35756053	1D-380	tigecycline	tigecycline			NO_GENOME_MATCH					NOT_EVALUATED	=	2	=	2			NOT_EVALUATED
3928	35756053	1D-381	ampicillin	ampicillin			NO_GENOME_MATCH					NOT_EVALUATED	=	0.06	=	0.06			NOT_EVALUATED
3929	35756053	1D-381	cefazolin	cefazolin			NO_GENOME_MATCH					NOT_EVALUATED	<=	0.25	<=	0.25			NOT_EVALUATED
3930	35756053	1D-381	meropenem	meropenem			NO_GENOME_MATCH					NOT_EVALUATED	<=	0.25	<=	0.25			NOT_EVALUATED
3931	35756053	1D-381	gentamicin	gentamicin			NO_GENOME_MATCH					NOT_EVALUATED	<=	0.5/9.5	<=	0.5/9.5			NOT_EVALUATED
3932	35756053	1D-381	cefoxitin	cefoxitin			NO_GENOME_MATCH					NOT_EVALUATED	=	1	=	1			NOT_EVALUATED
3933	35756053	1D-381	trimethoprim	trimethoprim			NO_GENOME_MATCH					NOT_EVALUATED	<=	0.5	<=	0.5			NOT_EVALUATED
3934	35756053	1D-381	tobramycin	tobramycin			NO_GENOME_MATCH					NOT_EVALUATED	<=	0.5	<=	0.5			NOT_EVALUATED
3935	35756053	1D-381	tigecycline	tigecycline			NO_GENOME_MATCH					NOT_EVALUATED	=	4	=	4			NOT_EVALUATED
3936	35756053	1D-382	ampicillin	ampicillin			NO_GENOME_MATCH					NOT_EVALUATED	=	0.06	=	0.06			NOT_EVALUATED
3937	35756053	1D-382	cefazolin	cefazolin			NO_GENOME_MATCH					NOT_EVALUATED	<=	0.25	<=	0.25			NOT_EVALUATED
3938	35756053	1D-382	meropenem	meropenem			NO_GENOME_MATCH					NOT_EVALUATED	<=	0.25	<=	0.25			NOT_EVALUATED
3939	35756053	1D-382	gentamicin	gentamicin			NO_GENOME_MATCH					NOT_EVALUATED	<=	0.5/9.5	<=	0.5/9.5			NOT_EVALUATED
3940	35756053	1D-382	cefoxitin	cefoxitin			NO_GENOME_MATCH					NOT_EVALUATED	=	1	=	1			NOT_EVALUATED
3941	35756053	1D-382	trimethoprim	trimethoprim			NO_GENOME_MATCH					NOT_EVALUATED	<=	0.5	<=	0.5			NOT_EVALUATED
3942	35756053	1D-382	tobramycin	tobramycin			NO_GENOME_MATCH					NOT_EVALUATED	<=	0.5	<=	0.5			NOT_EVALUATED
3943	35756053	1D-382	tigecycline	tigecycline			NO_GENOME_MATCH					NOT_EVALUATED	=	4	=	4			NOT_EVALUATED
3944	35756053	1D-383	ampicillin	ampicillin			NO_GENOME_MATCH					NOT_EVALUATED	=	0.06	=	0.06			NOT_EVALUATED
3945	35756053	1D-383	cefazolin	cefazolin			NO_GENOME_MATCH					NOT_EVALUATED	<=	0.25	<=	0.25			NOT_EVALUATED
3946	35756053	1D-383	meropenem	meropenem			NO_GENOME_MATCH					NOT_EVALUATED	<=	0.25	<=	0.25			NOT_EVALUATED
3947	35756053	1D-383	gentamicin	gentamicin			NO_GENOME_MATCH					NOT_EVALUATED	<=	0.5/9.5	<=	0.5/9.5			NOT_EVALUATED
3948	35756053	1D-383	cefoxitin	cefoxitin			NO_GENOME_MATCH					NOT_EVALUATED	=	1	=	1			NOT_EVALUATED
3949	35756053	1D-383	trimethoprim	trimethoprim			NO_GENOME_MATCH					NOT_EVALUATED	<=	0.5	<=	0.5			NOT_EVALUATED
3950	35756053	1D-383	tobramycin	tobramycin			NO_GENOME_MATCH					NOT_EVALUATED	<=	0.5	<=	0.5			NOT_EVALUATED
3951	35756053	1D-383	tigecycline	tigecycline			NO_GENOME_MATCH					NOT_EVALUATED	=	4	=	4			NOT_EVALUATED
3952	35756053	1D-384	ampicillin	ampicillin			NO_GENOME_MATCH					NOT_EVALUATED	=	0.06	=	0.06			NOT_EVALUATED
3953	35756053	1D-384	cefazolin	cefazolin			NO_GENOME_MATCH					NOT_EVALUATED	>	2	>	2			NOT_EVALUATED
3954	35756053	1D-384	meropenem	meropenem			NO_GENOME_MATCH					NOT_EVALUATED	>	2	>	2			NOT_EVALUATED
3955	35756053	1D-384	gentamicin	gentamicin			NO_GENOME_MATCH					NOT_EVALUATED	<=	0.5/9.5	<=	0.5/9.5			NOT_EVALUATED
3956	35756053	1D-384	cefoxitin	cefoxitin			NO_GENOME_MATCH					NOT_EVALUATED	=	1	=	1			NOT_EVALUATED
3957	35756053	1D-384	trimethoprim	trimethoprim			NO_GENOME_MATCH					NOT_EVALUATED	<=	0.5	<=	0.5			NOT_EVALUATED
3958	35756053	1D-384	tobramycin	tobramycin			NO_GENOME_MATCH					NOT_EVALUATED	<=	0.5	<=	0.5			NOT_EVALUATED
3959	35756053	1D-384	tigecycline	tigecycline			NO_GENOME_MATCH					NOT_EVALUATED	=	4	=	4			NOT_EVALUATED
3960	35756053	1D-385	ampicillin	ampicillin			NO_GENOME_MATCH					NOT_EVALUATED	<=	0.03	<=	0.03			NOT_EVALUATED
3961	35756053	1D-385	cefazolin	cefazolin			NO_GENOME_MATCH					NOT_EVALUATED	>	2	>	2			NOT_EVALUATED
3962	35756053	1D-385	meropenem	meropenem			NO_GENOME_MATCH					NOT_EVALUATED	>	2	>	2			NOT_EVALUATED
3963	35756053	1D-385	gentamicin	gentamicin			NO_GENOME_MATCH					NOT_EVALUATED	<=	0.5/9.5	<=	0.5/9.5			NOT_EVALUATED
3964	35756053	1D-385	cefoxitin	cefoxitin			NO_GENOME_MATCH					NOT_EVALUATED	=	1	=	1			NOT_EVALUATED
3965	35756053	1D-385	trimethoprim	trimethoprim			NO_GENOME_MATCH					NOT_EVALUATED	<=	0.5	<=	0.5			NOT_EVALUATED
3966	35756053	1D-385	tobramycin	tobramycin			NO_GENOME_MATCH					NOT_EVALUATED	<=	0.5	<=	0.5			NOT_EVALUATED
3967	35756053	1D-385	tigecycline	tigecycline			NO_GENOME_MATCH					NOT_EVALUATED	=	4	=	4			NOT_EVALUATED
3968	35756053	1D-386	ampicillin	ampicillin			NO_GENOME_MATCH					NOT_EVALUATED	=	0.06	=	0.06			NOT_EVALUATED
3969	35756053	1D-386	cefazolin	cefazolin			NO_GENOME_MATCH					NOT_EVALUATED	>	2	>	2			NOT_EVALUATED
3970	35756053	1D-386	meropenem	meropenem			NO_GENOME_MATCH					NOT_EVALUATED	=	2	=	2			NOT_EVALUATED
3971	35756053	1D-386	gentamicin	gentamicin			NO_GENOME_MATCH					NOT_EVALUATED	<=	0.5/9.5	<=	0.5/9.5			NOT_EVALUATED
3972	35756053	1D-386	cefoxitin	cefoxitin			NO_GENOME_MATCH					NOT_EVALUATED	=	1	=	1			NOT_EVALUATED
3973	35756053	1D-386	trimethoprim	trimethoprim			NO_GENOME_MATCH					NOT_EVALUATED	<=	0.5	<=	0.5			NOT_EVALUATED
3974	35756053	1D-386	tobramycin	tobramycin			NO_GENOME_MATCH					NOT_EVALUATED	<=	0.5	<=	0.5			NOT_EVALUATED
3975	35756053	1D-386	tigecycline	tigecycline			NO_GENOME_MATCH					NOT_EVALUATED	=	4	=	4			NOT_EVALUATED
3976	35756053	1D-387	ampicillin	ampicillin			NO_GENOME_MATCH					NOT_EVALUATED	=	0.06	=	0.06			NOT_EVALUATED
3977	35756053	1D-387	cefazolin	cefazolin			NO_GENOME_MATCH					NOT_EVALUATED	<=	0.25	<=	0.25			NOT_EVALUATED
3978	35756053	1D-387	meropenem	meropenem			NO_GENOME_MATCH					NOT_EVALUATED	<=	0.25	<=	0.25			NOT_EVALUATED
3979	35756053	1D-387	gentamicin	gentamicin			NO_GENOME_MATCH					NOT_EVALUATED	<=	0.5/9.5	<=	0.5/9.5			NOT_EVALUATED
3980	35756053	1D-387	cefoxitin	cefoxitin			NO_GENOME_MATCH					NOT_EVALUATED	=	1	=	1			NOT_EVALUATED
3981	35756053	1D-387	trimethoprim	trimethoprim			NO_GENOME_MATCH					NOT_EVALUATED	<=	0.5	<=	0.5			NOT_EVALUATED
3982	35756053	1D-387	tobramycin	tobramycin			NO_GENOME_MATCH					NOT_EVALUATED	<=	0.5	<=	0.5			NOT_EVALUATED
3983	35756053	1D-387	tigecycline	tigecycline			NO_GENOME_MATCH					NOT_EVALUATED	=	4	=	4			NOT_EVALUATED
3984	35756053	1D-388	ampicillin	ampicillin			NO_GENOME_MATCH					NOT_EVALUATED	=	0.06	=	0.06			NOT_EVALUATED
3985	35756053	1D-388	cefazolin	cefazolin			NO_GENOME_MATCH					NOT_EVALUATED	<=	0.25	<=	0.25			NOT_EVALUATED
3986	35756053	1D-388	meropenem	meropenem			NO_GENOME_MATCH					NOT_EVALUATED	<=	0.25	<=	0.25			NOT_EVALUATED
3987	35756053	1D-388	gentamicin	gentamicin			NO_GENOME_MATCH					NOT_EVALUATED	<=	0.5/9.5	<=	0.5/9.5			NOT_EVALUATED
3988	35756053	1D-388	cefoxitin	cefoxitin			NO_GENOME_MATCH					NOT_EVALUATED	=	1	=	1			NOT_EVALUATED
3989	35756053	1D-388	trimethoprim	trimethoprim			NO_GENOME_MATCH					NOT_EVALUATED	<=	0.5	<=	0.5			NOT_EVALUATED
3990	35756053	1D-388	tobramycin	tobramycin			NO_GENOME_MATCH					NOT_EVALUATED	<=	0.5	<=	0.5			NOT_EVALUATED
3991	35756053	1D-388	tigecycline	tigecycline			NO_GENOME_MATCH					NOT_EVALUATED	=	4	=	4			NOT_EVALUATED
3992	35756053	1D-389	ampicillin	ampicillin			NO_GENOME_MATCH					NOT_EVALUATED	=	0.06	=	0.06			NOT_EVALUATED
3993	35756053	1D-389	cefazolin	cefazolin			NO_GENOME_MATCH					NOT_EVALUATED	>	2	>	2			NOT_EVALUATED
3994	35756053	1D-389	meropenem	meropenem			NO_GENOME_MATCH					NOT_EVALUATED	=	2	=	2			NOT_EVALUATED
3995	35756053	1D-389	gentamicin	gentamicin			NO_GENOME_MATCH					NOT_EVALUATED	<=	0.5/9.5	<=	0.5/9.5			NOT_EVALUATED
3996	35756053	1D-389	cefoxitin	cefoxitin			NO_GENOME_MATCH					NOT_EVALUATED	=	1	=	1			NOT_EVALUATED
3997	35756053	1D-389	trimethoprim	trimethoprim			NO_GENOME_MATCH					NOT_EVALUATED	<=	0.5	<=	0.5			NOT_EVALUATED
3998	35756053	1D-389	tobramycin	tobramycin			NO_GENOME_MATCH					NOT_EVALUATED	<=	0.5	<=	0.5			NOT_EVALUATED
3999	35756053	1D-389	tigecycline	tigecycline			NO_GENOME_MATCH					NOT_EVALUATED	=	2	=	2			NOT_EVALUATED
4000	35756053	1D-390	ampicillin	ampicillin			NO_GENOME_MATCH					NOT_EVALUATED	=	0.06	=	0.06			NOT_EVALUATED
4001	35756053	1D-390	cefazolin	cefazolin			NO_GENOME_MATCH					NOT_EVALUATED	<=	0.25	<=	0.25			NOT_EVALUATED
4002	35756053	1D-390	meropenem	meropenem			NO_GENOME_MATCH					NOT_EVALUATED	<=	0.25	<=	0.25			NOT_EVALUATED
4003	35756053	1D-390	gentamicin	gentamicin			NO_GENOME_MATCH					NOT_EVALUATED	<=	0.5/9.5	<=	0.5/9.5			NOT_EVALUATED
4004	35756053	1D-390	cefoxitin	cefoxitin			NO_GENOME_MATCH					NOT_EVALUATED	=	1	=	1			NOT_EVALUATED
4005	35756053	1D-390	trimethoprim	trimethoprim			NO_GENOME_MATCH					NOT_EVALUATED	<=	0.5	<=	0.5			NOT_EVALUATED
4006	35756053	1D-390	tobramycin	tobramycin			NO_GENOME_MATCH					NOT_EVALUATED	<=	0.5	<=	0.5			NOT_EVALUATED
4007	35756053	1D-390	tigecycline	tigecycline			NO_GENOME_MATCH					NOT_EVALUATED	=	4	=	4			NOT_EVALUATED
4008	35756053	1D-391	ampicillin	ampicillin			NO_GENOME_MATCH					NOT_EVALUATED	=	0.06	=	0.06			NOT_EVALUATED
4009	35756053	1D-391	cefazolin	cefazolin			NO_GENOME_MATCH					NOT_EVALUATED	>	2	>	2			NOT_EVALUATED
4010	35756053	1D-391	meropenem	meropenem			NO_GENOME_MATCH					NOT_EVALUATED	>	2	>	2			NOT_EVALUATED
4011	35756053	1D-391	gentamicin	gentamicin			NO_GENOME_MATCH					NOT_EVALUATED	<=	0.5/9.5	<=	0.5/9.5			NOT_EVALUATED
4012	35756053	1D-391	cefoxitin	cefoxitin			NO_GENOME_MATCH					NOT_EVALUATED	=	1	=	1			NOT_EVALUATED
4013	35756053	1D-391	trimethoprim	trimethoprim			NO_GENOME_MATCH					NOT_EVALUATED	<=	0.5	<=	0.5			NOT_EVALUATED
4014	35756053	1D-391	tobramycin	tobramycin			NO_GENOME_MATCH					NOT_EVALUATED	<=	0.5	<=	0.5			NOT_EVALUATED
4015	35756053	1D-391	tigecycline	tigecycline			NO_GENOME_MATCH					NOT_EVALUATED	=	4	=	4			NOT_EVALUATED
4016	35756053	1D-392	ampicillin	ampicillin			NO_GENOME_MATCH					NOT_EVALUATED	=	0.06	=	0.06			NOT_EVALUATED
4017	35756053	1D-392	cefazolin	cefazolin			NO_GENOME_MATCH					NOT_EVALUATED	<=	0.25	<=	0.25			NOT_EVALUATED
4018	35756053	1D-392	meropenem	meropenem			NO_GENOME_MATCH					NOT_EVALUATED	<=	0.25	<=	0.25			NOT_EVALUATED
4019	35756053	1D-392	gentamicin	gentamicin			NO_GENOME_MATCH					NOT_EVALUATED	<=	0.5/9.5	<=	0.5/9.5			NOT_EVALUATED
4020	35756053	1D-392	cefoxitin	cefoxitin			NO_GENOME_MATCH					NOT_EVALUATED	=	1	=	1			NOT_EVALUATED
4021	35756053	1D-392	trimethoprim	trimethoprim			NO_GENOME_MATCH					NOT_EVALUATED	<=	0.5	<=	0.5			NOT_EVALUATED
4022	35756053	1D-392	tobramycin	tobramycin			NO_GENOME_MATCH					NOT_EVALUATED	<=	0.5	<=	0.5			NOT_EVALUATED
4023	35756053	1D-392	tigecycline	tigecycline			NO_GENOME_MATCH					NOT_EVALUATED	=	2	=	2			NOT_EVALUATED
4024	35756053	1D-393	ampicillin	ampicillin			NO_GENOME_MATCH					NOT_EVALUATED	=	0.06	=	0.06			NOT_EVALUATED
4025	35756053	1D-393	cefazolin	cefazolin			NO_GENOME_MATCH					NOT_EVALUATED	<=	0.25	<=	0.25			NOT_EVALUATED
4026	35756053	1D-393	meropenem	meropenem			NO_GENOME_MATCH					NOT_EVALUATED	<=	0.25	<=	0.25			NOT_EVALUATED
4027	35756053	1D-393	gentamicin	gentamicin			NO_GENOME_MATCH					NOT_EVALUATED	<=	0.5/9.5	<=	0.5/9.5			NOT_EVALUATED
4028	35756053	1D-393	cefoxitin	cefoxitin			NO_GENOME_MATCH					NOT_EVALUATED	=	2	=	2			NOT_EVALUATED
4029	35756053	1D-393	trimethoprim	trimethoprim			NO_GENOME_MATCH					NOT_EVALUATED	<=	0.5	<=	0.5			NOT_EVALUATED
4030	35756053	1D-393	tobramycin	tobramycin			NO_GENOME_MATCH					NOT_EVALUATED	<=	0.5	<=	0.5			NOT_EVALUATED
4031	35756053	1D-393	tigecycline	tigecycline			NO_GENOME_MATCH					NOT_EVALUATED	=	4	=	4			NOT_EVALUATED
4032	35756053	1D-316	ampicillin	ampicillin			NO_GENOME_MATCH					NOT_EVALUATED	<=	0.03	<=	0.03			NOT_EVALUATED
4033	35756053	1D-316	cefazolin	cefazolin			NO_GENOME_MATCH					NOT_EVALUATED	<=	0.25	<=	0.25			NOT_EVALUATED
4034	35756053	1D-316	meropenem	meropenem			NO_GENOME_MATCH					NOT_EVALUATED	<=	0.25	<=	0.25			NOT_EVALUATED
4035	35756053	1D-316	gentamicin	gentamicin			NO_GENOME_MATCH					NOT_EVALUATED	<=	0.5/9.5	<=	0.5/9.5			NOT_EVALUATED
4036	35756053	1D-316	cefoxitin	cefoxitin			NO_GENOME_MATCH					NOT_EVALUATED	=	2	=	2			NOT_EVALUATED
4037	35756053	1D-316	trimethoprim	trimethoprim			NO_GENOME_MATCH					NOT_EVALUATED	<=	0.5	<=	0.5			NOT_EVALUATED
4038	35756053	1D-316	tobramycin	tobramycin			NO_GENOME_MATCH					NOT_EVALUATED	<=	0.5	<=	0.5			NOT_EVALUATED
4039	35756053	1D-316	tigecycline	tigecycline			NO_GENOME_MATCH					NOT_EVALUATED	=	4	=	4			NOT_EVALUATED
4040	35756053	1D-395	ampicillin	ampicillin			NO_GENOME_MATCH					NOT_EVALUATED	<=	0.03	<=	0.03			NOT_EVALUATED
4041	35756053	1D-395	cefazolin	cefazolin			NO_GENOME_MATCH					NOT_EVALUATED	>	2	>	2			NOT_EVALUATED
4042	35756053	1D-395	meropenem	meropenem			NO_GENOME_MATCH					NOT_EVALUATED	>	2	>	2			NOT_EVALUATED
4043	35756053	1D-395	gentamicin	gentamicin			NO_GENOME_MATCH					NOT_EVALUATED	<=	0.5/9.5	<=	0.5/9.5			NOT_EVALUATED
4044	35756053	1D-395	cefoxitin	cefoxitin			NO_GENOME_MATCH					NOT_EVALUATED	=	1	=	1			NOT_EVALUATED
4045	35756053	1D-395	trimethoprim	trimethoprim			NO_GENOME_MATCH					NOT_EVALUATED	<=	0.5	<=	0.5			NOT_EVALUATED
4046	35756053	1D-395	tobramycin	tobramycin			NO_GENOME_MATCH					NOT_EVALUATED	<=	0.5	<=	0.5			NOT_EVALUATED
4047	35756053	1D-395	tigecycline	tigecycline			NO_GENOME_MATCH					NOT_EVALUATED	=	4	=	4			NOT_EVALUATED
4048	35756053	1D-396	ampicillin	ampicillin			NO_GENOME_MATCH					NOT_EVALUATED	<=	0.03	<=	0.03			NOT_EVALUATED
4049	35756053	1D-396	cefazolin	cefazolin			NO_GENOME_MATCH					NOT_EVALUATED	<=	0.25	<=	0.25			NOT_EVALUATED
4050	35756053	1D-396	meropenem	meropenem			NO_GENOME_MATCH					NOT_EVALUATED	<=	0.25	<=	0.25			NOT_EVALUATED
4051	35756053	1D-396	gentamicin	gentamicin			NO_GENOME_MATCH					NOT_EVALUATED	<=	0.5/9.5	<=	0.5/9.5			NOT_EVALUATED
4052	35756053	1D-396	cefoxitin	cefoxitin			NO_GENOME_MATCH					NOT_EVALUATED	=	1	=	1			NOT_EVALUATED
4053	35756053	1D-396	trimethoprim	trimethoprim			NO_GENOME_MATCH					NOT_EVALUATED	<=	0.5	<=	0.5			NOT_EVALUATED
4054	35756053	1D-396	tobramycin	tobramycin			NO_GENOME_MATCH					NOT_EVALUATED	<=	0.5	<=	0.5			NOT_EVALUATED
4055	35756053	1D-396	tigecycline	tigecycline			NO_GENOME_MATCH					NOT_EVALUATED	=	4	=	4			NOT_EVALUATED
4056	35756053	1D-397	ampicillin	ampicillin			NO_GENOME_MATCH					NOT_EVALUATED	<=	0.03	<=	0.03			NOT_EVALUATED
4057	35756053	1D-397	cefazolin	cefazolin			NO_GENOME_MATCH					NOT_EVALUATED	<=	0.25	<=	0.25			NOT_EVALUATED
4058	35756053	1D-397	meropenem	meropenem			NO_GENOME_MATCH					NOT_EVALUATED	<=	0.25	<=	0.25			NOT_EVALUATED
4059	35756053	1D-397	gentamicin	gentamicin			NO_GENOME_MATCH					NOT_EVALUATED	<=	0.5/9.5	<=	0.5/9.5			NOT_EVALUATED
4060	35756053	1D-397	cefoxitin	cefoxitin			NO_GENOME_MATCH					NOT_EVALUATED	=	2	=	2			NOT_EVALUATED
4061	35756053	1D-397	trimethoprim	trimethoprim			NO_GENOME_MATCH					NOT_EVALUATED	<=	0.5	<=	0.5			NOT_EVALUATED
4062	35756053	1D-397	tobramycin	tobramycin			NO_GENOME_MATCH					NOT_EVALUATED	<=	0.5	<=	0.5			NOT_EVALUATED
4063	35756053	1D-397	tigecycline	tigecycline			NO_GENOME_MATCH					NOT_EVALUATED	=	4	=	4			NOT_EVALUATED
4064	35756053	1D-398	ampicillin	ampicillin			NO_GENOME_MATCH					NOT_EVALUATED	<=	0.03	<=	0.03			NOT_EVALUATED
4065	35756053	1D-398	cefazolin	cefazolin			NO_GENOME_MATCH					NOT_EVALUATED	<=	0.25	<=	0.25			NOT_EVALUATED
4066	35756053	1D-398	meropenem	meropenem			NO_GENOME_MATCH					NOT_EVALUATED	<=	0.25	<=	0.25			NOT_EVALUATED
4067	35756053	1D-398	gentamicin	gentamicin			NO_GENOME_MATCH					NOT_EVALUATED	<=	0.5/9.5	<=	0.5/9.5			NOT_EVALUATED
4068	35756053	1D-398	cefoxitin	cefoxitin			NO_GENOME_MATCH					NOT_EVALUATED	=	1	=	1			NOT_EVALUATED
4069	35756053	1D-398	trimethoprim	trimethoprim			NO_GENOME_MATCH					NOT_EVALUATED	<=	0.5	<=	0.5			NOT_EVALUATED
4070	35756053	1D-398	tobramycin	tobramycin			NO_GENOME_MATCH					NOT_EVALUATED	<=	0.5	<=	0.5			NOT_EVALUATED
4071	35756053	1D-398	tigecycline	tigecycline			NO_GENOME_MATCH					NOT_EVALUATED	=	4	=	4			NOT_EVALUATED
4072	35756053	1D-400	ampicillin	ampicillin			NO_GENOME_MATCH					NOT_EVALUATED	<=	0.03	<=	0.03			NOT_EVALUATED
4073	35756053	1D-400	cefazolin	cefazolin			NO_GENOME_MATCH					NOT_EVALUATED	<=	0.25	<=	0.25			NOT_EVALUATED
4074	35756053	1D-400	meropenem	meropenem			NO_GENOME_MATCH					NOT_EVALUATED	<=	0.25	<=	0.25			NOT_EVALUATED
4075	35756053	1D-400	gentamicin	gentamicin			NO_GENOME_MATCH					NOT_EVALUATED	<=	0.5/9.5	<=	0.5/9.5			NOT_EVALUATED
4076	35756053	1D-400	cefoxitin	cefoxitin			NO_GENOME_MATCH					NOT_EVALUATED	=	1	=	1			NOT_EVALUATED
4077	35756053	1D-400	trimethoprim	trimethoprim			NO_GENOME_MATCH					NOT_EVALUATED	<=	0.5	<=	0.5			NOT_EVALUATED
4078	35756053	1D-400	tobramycin	tobramycin			NO_GENOME_MATCH					NOT_EVALUATED	<=	0.5	<=	0.5			NOT_EVALUATED
4079	35756053	1D-400	tigecycline	tigecycline			NO_GENOME_MATCH					NOT_EVALUATED	=	4	=	4			NOT_EVALUATED
4080	35756053	1D-401	ampicillin	ampicillin			NO_GENOME_MATCH					NOT_EVALUATED	<=	0.03	<=	0.03			NOT_EVALUATED
4081	35756053	1D-401	cefazolin	cefazolin			NO_GENOME_MATCH					NOT_EVALUATED	<=	0.25	<=	0.25			NOT_EVALUATED
4082	35756053	1D-401	meropenem	meropenem			NO_GENOME_MATCH					NOT_EVALUATED	<=	0.25	<=	0.25			NOT_EVALUATED
4083	35756053	1D-401	gentamicin	gentamicin			NO_GENOME_MATCH					NOT_EVALUATED	<=	0.5/9.5	<=	0.5/9.5			NOT_EVALUATED
4084	35756053	1D-401	cefoxitin	cefoxitin			NO_GENOME_MATCH					NOT_EVALUATED	=	1	=	1			NOT_EVALUATED
4085	35756053	1D-401	trimethoprim	trimethoprim			NO_GENOME_MATCH					NOT_EVALUATED	<=	0.5	<=	0.5			NOT_EVALUATED
4086	35756053	1D-401	tobramycin	tobramycin			NO_GENOME_MATCH					NOT_EVALUATED	<=	0.5	<=	0.5			NOT_EVALUATED
4087	35756053	1D-401	tigecycline	tigecycline			NO_GENOME_MATCH					NOT_EVALUATED	=	4	=	4			NOT_EVALUATED
4088	35756053	1D-402	ampicillin	ampicillin			NO_GENOME_MATCH					NOT_EVALUATED	<=	0.03	<=	0.03			NOT_EVALUATED
4089	35756053	1D-402	cefazolin	cefazolin			NO_GENOME_MATCH					NOT_EVALUATED	<=	0.25	<=	0.25			NOT_EVALUATED
4090	35756053	1D-402	meropenem	meropenem			NO_GENOME_MATCH					NOT_EVALUATED	<=	0.25	<=	0.25			NOT_EVALUATED
4091	35756053	1D-402	gentamicin	gentamicin			NO_GENOME_MATCH					NOT_EVALUATED	<=	0.5/9.5	<=	0.5/9.5			NOT_EVALUATED
4092	35756053	1D-402	cefoxitin	cefoxitin			NO_GENOME_MATCH					NOT_EVALUATED	=	1	=	1			NOT_EVALUATED
4093	35756053	1D-402	trimethoprim	trimethoprim			NO_GENOME_MATCH					NOT_EVALUATED	<=	0.5	<=	0.5			NOT_EVALUATED
4094	35756053	1D-402	tobramycin	tobramycin			NO_GENOME_MATCH					NOT_EVALUATED	<=	0.5	<=	0.5			NOT_EVALUATED
4095	35756053	1D-402	tigecycline	tigecycline			NO_GENOME_MATCH					NOT_EVALUATED	=	2	=	2			NOT_EVALUATED
4096	35756053	1D-403	ampicillin	ampicillin			NO_GENOME_MATCH					NOT_EVALUATED	<=	0.03	<=	0.03			NOT_EVALUATED
4097	35756053	1D-403	cefazolin	cefazolin			NO_GENOME_MATCH					NOT_EVALUATED	<=	0.25	<=	0.25			NOT_EVALUATED
4098	35756053	1D-403	meropenem	meropenem			NO_GENOME_MATCH					NOT_EVALUATED	<=	0.25	<=	0.25			NOT_EVALUATED
4099	35756053	1D-403	gentamicin	gentamicin			NO_GENOME_MATCH					NOT_EVALUATED	<=	0.5/9.5	<=	0.5/9.5			NOT_EVALUATED
4100	35756053	1D-403	cefoxitin	cefoxitin			NO_GENOME_MATCH					NOT_EVALUATED	=	1	=	1			NOT_EVALUATED
4101	35756053	1D-403	trimethoprim	trimethoprim			NO_GENOME_MATCH					NOT_EVALUATED	<=	0.5	<=	0.5			NOT_EVALUATED
4102	35756053	1D-403	tobramycin	tobramycin			NO_GENOME_MATCH					NOT_EVALUATED	<=	0.5	<=	0.5			NOT_EVALUATED
4103	35756053	1D-403	tigecycline	tigecycline			NO_GENOME_MATCH					NOT_EVALUATED	=	4	=	4			NOT_EVALUATED
4104	35756053	1D-404	ampicillin	ampicillin			NO_GENOME_MATCH					NOT_EVALUATED	<=	0.03	<=	0.03			NOT_EVALUATED
4105	35756053	1D-404	cefazolin	cefazolin			NO_GENOME_MATCH					NOT_EVALUATED	<=	0.25	<=	0.25			NOT_EVALUATED
4106	35756053	1D-404	meropenem	meropenem			NO_GENOME_MATCH					NOT_EVALUATED	<=	0.25	<=	0.25			NOT_EVALUATED
4107	35756053	1D-404	gentamicin	gentamicin			NO_GENOME_MATCH					NOT_EVALUATED	<=	0.5/9.5	<=	0.5/9.5			NOT_EVALUATED
4108	35756053	1D-404	cefoxitin	cefoxitin			NO_GENOME_MATCH					NOT_EVALUATED	=	1	=	1			NOT_EVALUATED
4109	35756053	1D-404	trimethoprim	trimethoprim			NO_GENOME_MATCH					NOT_EVALUATED	<=	0.5	<=	0.5			NOT_EVALUATED
4110	35756053	1D-404	tobramycin	tobramycin			NO_GENOME_MATCH					NOT_EVALUATED	<=	0.5	<=	0.5			NOT_EVALUATED
4111	35756053	1D-404	tigecycline	tigecycline			NO_GENOME_MATCH					NOT_EVALUATED	=	4	=	4			NOT_EVALUATED
4112	35756053	1D-405	ampicillin	ampicillin			NO_GENOME_MATCH					NOT_EVALUATED	<=	0.03	<=	0.03			NOT_EVALUATED
4113	35756053	1D-405	cefazolin	cefazolin			NO_GENOME_MATCH					NOT_EVALUATED	<=	0.25	<=	0.25			NOT_EVALUATED
4114	35756053	1D-405	meropenem	meropenem			NO_GENOME_MATCH					NOT_EVALUATED	<=	0.25	<=	0.25			NOT_EVALUATED
4115	35756053	1D-405	gentamicin	gentamicin			NO_GENOME_MATCH					NOT_EVALUATED	<=	0.5/9.5	<=	0.5/9.5			NOT_EVALUATED
4116	35756053	1D-405	cefoxitin	cefoxitin			NO_GENOME_MATCH					NOT_EVALUATED	=	1	=	1			NOT_EVALUATED
4117	35756053	1D-405	trimethoprim	trimethoprim			NO_GENOME_MATCH					NOT_EVALUATED	<=	0.5	<=	0.5			NOT_EVALUATED
4118	35756053	1D-405	tobramycin	tobramycin			NO_GENOME_MATCH					NOT_EVALUATED	<=	0.5	<=	0.5			NOT_EVALUATED
4119	35756053	1D-405	tigecycline	tigecycline			NO_GENOME_MATCH					NOT_EVALUATED	=	4	=	4			NOT_EVALUATED
4120	35756053	1D-406	ampicillin	ampicillin			NO_GENOME_MATCH					NOT_EVALUATED	<=	0.03	<=	0.03			NOT_EVALUATED
4121	35756053	1D-406	cefazolin	cefazolin			NO_GENOME_MATCH					NOT_EVALUATED	<=	0.25	<=	0.25			NOT_EVALUATED
4122	35756053	1D-406	meropenem	meropenem			NO_GENOME_MATCH					NOT_EVALUATED	<=	0.25	<=	0.25			NOT_EVALUATED
4123	35756053	1D-406	gentamicin	gentamicin			NO_GENOME_MATCH					NOT_EVALUATED	<=	0.5/9.5	<=	0.5/9.5			NOT_EVALUATED
4124	35756053	1D-406	cefoxitin	cefoxitin			NO_GENOME_MATCH					NOT_EVALUATED	=	1	=	1			NOT_EVALUATED
4125	35756053	1D-406	trimethoprim	trimethoprim			NO_GENOME_MATCH					NOT_EVALUATED	<=	0.5	<=	0.5			NOT_EVALUATED
4126	35756053	1D-406	tobramycin	tobramycin			NO_GENOME_MATCH					NOT_EVALUATED	<=	0.5	<=	0.5			NOT_EVALUATED
4127	35756053	1D-406	tigecycline	tigecycline			NO_GENOME_MATCH					NOT_EVALUATED	=	4	=	4			NOT_EVALUATED
4128	35756053	1D-415	ampicillin	ampicillin			NO_GENOME_MATCH					NOT_EVALUATED	<=	0.03	<=	0.03			NOT_EVALUATED
4129	35756053	1D-415	cefazolin	cefazolin			NO_GENOME_MATCH					NOT_EVALUATED	<=	0.25	<=	0.25			NOT_EVALUATED
4130	35756053	1D-415	meropenem	meropenem			NO_GENOME_MATCH					NOT_EVALUATED	<=	0.25	<=	0.25			NOT_EVALUATED
4131	35756053	1D-415	gentamicin	gentamicin			NO_GENOME_MATCH					NOT_EVALUATED	<=	0.5/9.5	<=	0.5/9.5			NOT_EVALUATED
4132	35756053	1D-415	cefoxitin	cefoxitin			NO_GENOME_MATCH					NOT_EVALUATED	=	1	=	1			NOT_EVALUATED
4133	35756053	1D-415	trimethoprim	trimethoprim			NO_GENOME_MATCH					NOT_EVALUATED	<=	0.5	<=	0.5			NOT_EVALUATED
4134	35756053	1D-415	tobramycin	tobramycin			NO_GENOME_MATCH					NOT_EVALUATED	<=	0.5	<=	0.5			NOT_EVALUATED
4135	35756053	1D-415	tigecycline	tigecycline			NO_GENOME_MATCH					NOT_EVALUATED	=	4	=	4			NOT_EVALUATED
4136	35756053	1D-416	ampicillin	ampicillin			NO_GENOME_MATCH					NOT_EVALUATED	<=	0.03	<=	0.03			NOT_EVALUATED
4137	35756053	1D-416	cefazolin	cefazolin			NO_GENOME_MATCH					NOT_EVALUATED	<=	0.25	<=	0.25			NOT_EVALUATED
4138	35756053	1D-416	meropenem	meropenem			NO_GENOME_MATCH					NOT_EVALUATED	<=	0.25	<=	0.25			NOT_EVALUATED
4139	35756053	1D-416	gentamicin	gentamicin			NO_GENOME_MATCH					NOT_EVALUATED	<=	0.5/9.5	<=	0.5/9.5			NOT_EVALUATED
4140	35756053	1D-416	cefoxitin	cefoxitin			NO_GENOME_MATCH					NOT_EVALUATED	=	0.5	=	0.5			NOT_EVALUATED
4141	35756053	1D-416	trimethoprim	trimethoprim			NO_GENOME_MATCH					NOT_EVALUATED	<=	0.5	<=	0.5			NOT_EVALUATED
4142	35756053	1D-416	tobramycin	tobramycin			NO_GENOME_MATCH					NOT_EVALUATED	<=	0.5	<=	0.5			NOT_EVALUATED
4143	35756053	1D-416	tigecycline	tigecycline			NO_GENOME_MATCH					NOT_EVALUATED	=	2	=	2			NOT_EVALUATED
4144	35756053	1D-417	ampicillin	ampicillin			NO_GENOME_MATCH					NOT_EVALUATED	<=	0.03	<=	0.03			NOT_EVALUATED
4145	35756053	1D-417	cefazolin	cefazolin			NO_GENOME_MATCH					NOT_EVALUATED	<=	0.25	<=	0.25			NOT_EVALUATED
4146	35756053	1D-417	meropenem	meropenem			NO_GENOME_MATCH					NOT_EVALUATED	<=	0.25	<=	0.25			NOT_EVALUATED
4147	35756053	1D-417	gentamicin	gentamicin			NO_GENOME_MATCH					NOT_EVALUATED	<=	0.5/9.5	<=	0.5/9.5			NOT_EVALUATED
4148	35756053	1D-417	cefoxitin	cefoxitin			NO_GENOME_MATCH					NOT_EVALUATED	=	1	=	1			NOT_EVALUATED
4149	35756053	1D-417	trimethoprim	trimethoprim			NO_GENOME_MATCH					NOT_EVALUATED	<=	0.5	<=	0.5			NOT_EVALUATED
4150	35756053	1D-417	tobramycin	tobramycin			NO_GENOME_MATCH					NOT_EVALUATED	<=	0.5	<=	0.5			NOT_EVALUATED
4151	35756053	1D-417	tigecycline	tigecycline			NO_GENOME_MATCH					NOT_EVALUATED	=	8	=	8			NOT_EVALUATED
4152	35756053	1D-418	ampicillin	ampicillin			NO_GENOME_MATCH					NOT_EVALUATED	<=	0.03	<=	0.03			NOT_EVALUATED
4153	35756053	1D-418	cefazolin	cefazolin			NO_GENOME_MATCH					NOT_EVALUATED	<=	0.25	<=	0.25			NOT_EVALUATED
4154	35756053	1D-418	meropenem	meropenem			NO_GENOME_MATCH					NOT_EVALUATED	<=	0.25	<=	0.25			NOT_EVALUATED
4155	35756053	1D-418	gentamicin	gentamicin			NO_GENOME_MATCH					NOT_EVALUATED	<=	0.5/9.5	<=	0.5/9.5			NOT_EVALUATED
4156	35756053	1D-418	cefoxitin	cefoxitin			NO_GENOME_MATCH					NOT_EVALUATED	=	1	=	1			NOT_EVALUATED
4157	35756053	1D-418	trimethoprim	trimethoprim			NO_GENOME_MATCH					NOT_EVALUATED	<=	0.5	<=	0.5			NOT_EVALUATED
4158	35756053	1D-418	tobramycin	tobramycin			NO_GENOME_MATCH					NOT_EVALUATED	<=	0.5	<=	0.5			NOT_EVALUATED
4159	35756053	1D-418	tigecycline	tigecycline			NO_GENOME_MATCH					NOT_EVALUATED	=	4	=	4			NOT_EVALUATED
4160	35756053	1D-420	ampicillin	ampicillin			NO_GENOME_MATCH					NOT_EVALUATED	<=	0.03	<=	0.03			NOT_EVALUATED
4161	35756053	1D-420	cefazolin	cefazolin			NO_GENOME_MATCH					NOT_EVALUATED	<=	0.25	<=	0.25			NOT_EVALUATED
4162	35756053	1D-420	meropenem	meropenem			NO_GENOME_MATCH					NOT_EVALUATED	=	1	=	1			NOT_EVALUATED
4163	35756053	1D-420	gentamicin	gentamicin			NO_GENOME_MATCH					NOT_EVALUATED	<=	0.5/9.5	<=	0.5/9.5			NOT_EVALUATED
4164	35756053	1D-420	cefoxitin	cefoxitin			NO_GENOME_MATCH					NOT_EVALUATED	=	1	=	1			NOT_EVALUATED
4165	35756053	1D-420	trimethoprim	trimethoprim			NO_GENOME_MATCH					NOT_EVALUATED	<=	0.5	<=	0.5			NOT_EVALUATED
4166	35756053	1D-420	tobramycin	tobramycin			NO_GENOME_MATCH					NOT_EVALUATED	<=	0.5	<=	0.5			NOT_EVALUATED
4167	35756053	1D-420	tigecycline	tigecycline			NO_GENOME_MATCH					NOT_EVALUATED	=	16	=	16			NOT_EVALUATED
4168	35756053	1D-421	ampicillin	ampicillin			NO_GENOME_MATCH					NOT_EVALUATED	<=	0.03	<=	0.03			NOT_EVALUATED
4169	35756053	1D-421	cefazolin	cefazolin			NO_GENOME_MATCH					NOT_EVALUATED	<=	0.25	<=	0.25			NOT_EVALUATED
4170	35756053	1D-421	meropenem	meropenem			NO_GENOME_MATCH					NOT_EVALUATED	<=	0.25	<=	0.25			NOT_EVALUATED
4171	35756053	1D-421	gentamicin	gentamicin			NO_GENOME_MATCH					NOT_EVALUATED	<=	0.5/9.5	<=	0.5/9.5			NOT_EVALUATED
4172	35756053	1D-421	cefoxitin	cefoxitin			NO_GENOME_MATCH					NOT_EVALUATED	=	1	=	1			NOT_EVALUATED
4173	35756053	1D-421	trimethoprim	trimethoprim			NO_GENOME_MATCH					NOT_EVALUATED	<=	0.5	<=	0.5			NOT_EVALUATED
4174	35756053	1D-421	tobramycin	tobramycin			NO_GENOME_MATCH					NOT_EVALUATED	<=	0.5	<=	0.5			NOT_EVALUATED
4175	35756053	1D-421	tigecycline	tigecycline			NO_GENOME_MATCH					NOT_EVALUATED	=	4	=	4			NOT_EVALUATED
4176	35756053	1D-422	ampicillin	ampicillin			NO_GENOME_MATCH					NOT_EVALUATED	<=	0.03	<=	0.03			NOT_EVALUATED
4177	35756053	1D-422	cefazolin	cefazolin			NO_GENOME_MATCH					NOT_EVALUATED	<=	0.25	<=	0.25			NOT_EVALUATED
4178	35756053	1D-422	meropenem	meropenem			NO_GENOME_MATCH					NOT_EVALUATED	<=	0.25	<=	0.25			NOT_EVALUATED
4179	35756053	1D-422	gentamicin	gentamicin			NO_GENOME_MATCH					NOT_EVALUATED	<=	0.5/9.5	<=	0.5/9.5			NOT_EVALUATED
4180	35756053	1D-422	cefoxitin	cefoxitin			NO_GENOME_MATCH					NOT_EVALUATED	=	2	=	2			NOT_EVALUATED
4181	35756053	1D-422	trimethoprim	trimethoprim			NO_GENOME_MATCH					NOT_EVALUATED	<=	0.5	<=	0.5			NOT_EVALUATED
4182	35756053	1D-422	tobramycin	tobramycin			NO_GENOME_MATCH					NOT_EVALUATED	<=	0.5	<=	0.5			NOT_EVALUATED
4183	35756053	1D-422	tigecycline	tigecycline			NO_GENOME_MATCH					NOT_EVALUATED	=	4	=	4			NOT_EVALUATED
4184	35756053	1D-423_B	ampicillin	ampicillin			NO_GENOME_MATCH					NOT_EVALUATED	<=	0.03	<=	0.03			NOT_EVALUATED
4185	35756053	1D-423_B	cefazolin	cefazolin			NO_GENOME_MATCH					NOT_EVALUATED	<=	0.25	<=	0.25			NOT_EVALUATED
4186	35756053	1D-423_B	meropenem	meropenem			NO_GENOME_MATCH					NOT_EVALUATED	<=	0.25	<=	0.25			NOT_EVALUATED
4187	35756053	1D-423_B	gentamicin	gentamicin			NO_GENOME_MATCH					NOT_EVALUATED	<=	0.5/9.5	<=	0.5/9.5			NOT_EVALUATED
4188	35756053	1D-423_B	cefoxitin	cefoxitin			NO_GENOME_MATCH					NOT_EVALUATED	=	1	=	1			NOT_EVALUATED
4189	35756053	1D-423_B	trimethoprim	trimethoprim			NO_GENOME_MATCH					NOT_EVALUATED	<=	0.5	<=	0.5			NOT_EVALUATED
4190	35756053	1D-423_B	tobramycin	tobramycin			NO_GENOME_MATCH					NOT_EVALUATED	<=	0.5	<=	0.5			NOT_EVALUATED
4191	35756053	1D-423_B	tigecycline	tigecycline			NO_GENOME_MATCH					NOT_EVALUATED	=	2	=	2			NOT_EVALUATED
4192	35756053	1D-426	ampicillin	ampicillin			NO_GENOME_MATCH					NOT_EVALUATED	<=	0.03	<=	0.03			NOT_EVALUATED
4193	35756053	1D-426	cefazolin	cefazolin			NO_GENOME_MATCH					NOT_EVALUATED	<=	0.25	<=	0.25			NOT_EVALUATED
4194	35756053	1D-426	meropenem	meropenem			NO_GENOME_MATCH					NOT_EVALUATED	<=	0.25	<=	0.25			NOT_EVALUATED
4195	35756053	1D-426	gentamicin	gentamicin			NO_GENOME_MATCH					NOT_EVALUATED	<=	0.5/9.5	<=	0.5/9.5			NOT_EVALUATED
4196	35756053	1D-426	cefoxitin	cefoxitin			NO_GENOME_MATCH					NOT_EVALUATED	=	1	=	1			NOT_EVALUATED
4197	35756053	1D-426	trimethoprim	trimethoprim			NO_GENOME_MATCH					NOT_EVALUATED	<=	0.5	<=	0.5			NOT_EVALUATED
4198	35756053	1D-426	tobramycin	tobramycin			NO_GENOME_MATCH					NOT_EVALUATED	<=	0.5	<=	0.5			NOT_EVALUATED
4199	35756053	1D-426	tigecycline	tigecycline			NO_GENOME_MATCH					NOT_EVALUATED	=	4	=	4			NOT_EVALUATED
4200	35756053	1D-408	ampicillin	ampicillin			NO_GENOME_MATCH					NOT_EVALUATED	<=	0.03	<=	0.03			NOT_EVALUATED
4201	35756053	1D-408	cefazolin	cefazolin			NO_GENOME_MATCH					NOT_EVALUATED	=	1	=	1			NOT_EVALUATED
4202	35756053	1D-408	meropenem	meropenem			NO_GENOME_MATCH					NOT_EVALUATED	=	1	=	1			NOT_EVALUATED
4203	35756053	1D-408	gentamicin	gentamicin			NO_GENOME_MATCH					NOT_EVALUATED	<=	0.5/9.5	<=	0.5/9.5			NOT_EVALUATED
4204	35756053	1D-408	cefoxitin	cefoxitin			NO_GENOME_MATCH					NOT_EVALUATED	=	1	=	1			NOT_EVALUATED
4205	35756053	1D-408	trimethoprim	trimethoprim			NO_GENOME_MATCH					NOT_EVALUATED	<=	0.5	<=	0.5			NOT_EVALUATED
4206	35756053	1D-408	tobramycin	tobramycin			NO_GENOME_MATCH					NOT_EVALUATED	<=	0.5	<=	0.5			NOT_EVALUATED
4207	35756053	1D-408	tigecycline	tigecycline			NO_GENOME_MATCH					NOT_EVALUATED	=	8	=	8			NOT_EVALUATED
4208	35756053	1D-409	ampicillin	ampicillin			NO_GENOME_MATCH					NOT_EVALUATED	=	0.06	=	0.06			NOT_EVALUATED
4209	35756053	1D-409	cefazolin	cefazolin			NO_GENOME_MATCH					NOT_EVALUATED	=	1	=	1			NOT_EVALUATED
4210	35756053	1D-409	meropenem	meropenem			NO_GENOME_MATCH					NOT_EVALUATED	=	2	=	2			NOT_EVALUATED
4211	35756053	1D-409	gentamicin	gentamicin			NO_GENOME_MATCH					NOT_EVALUATED	<=	0.5/9.5	<=	0.5/9.5			NOT_EVALUATED
4212	35756053	1D-409	cefoxitin	cefoxitin			NO_GENOME_MATCH					NOT_EVALUATED	=	0.5	=	0.5			NOT_EVALUATED
4213	35756053	1D-409	trimethoprim	trimethoprim			NO_GENOME_MATCH					NOT_EVALUATED	<=	0.5	<=	0.5			NOT_EVALUATED
4214	35756053	1D-409	tobramycin	tobramycin			NO_GENOME_MATCH					NOT_EVALUATED	<=	0.5	<=	0.5			NOT_EVALUATED
4215	35756053	1D-409	tigecycline	tigecycline			NO_GENOME_MATCH					NOT_EVALUATED	=	2	=	2			NOT_EVALUATED
4216	35756053	1D-410	ampicillin	ampicillin			NO_GENOME_MATCH					NOT_EVALUATED	<=	0.03	<=	0.03			NOT_EVALUATED
4217	35756053	1D-410	cefazolin	cefazolin			NO_GENOME_MATCH					NOT_EVALUATED	<=	0.25	<=	0.25			NOT_EVALUATED
4218	35756053	1D-410	meropenem	meropenem			NO_GENOME_MATCH					NOT_EVALUATED	<=	0.25	<=	0.25			NOT_EVALUATED
4219	35756053	1D-410	gentamicin	gentamicin			NO_GENOME_MATCH					NOT_EVALUATED	<=	0.5/9.5	<=	0.5/9.5			NOT_EVALUATED
4220	35756053	1D-410	cefoxitin	cefoxitin			NO_GENOME_MATCH					NOT_EVALUATED	=	1	=	1			NOT_EVALUATED
4221	35756053	1D-410	trimethoprim	trimethoprim			NO_GENOME_MATCH					NOT_EVALUATED	<=	0.5	<=	0.5			NOT_EVALUATED
4222	35756053	1D-410	tobramycin	tobramycin			NO_GENOME_MATCH					NOT_EVALUATED	<=	0.5	<=	0.5			NOT_EVALUATED
4223	35756053	1D-410	tigecycline	tigecycline			NO_GENOME_MATCH					NOT_EVALUATED	=	2	=	2			NOT_EVALUATED
4224	35756053	1D-411	ampicillin	ampicillin			NO_GENOME_MATCH					NOT_EVALUATED	=	0.06	=	0.06			NOT_EVALUATED
4225	35756053	1D-411	cefazolin	cefazolin			NO_GENOME_MATCH					NOT_EVALUATED	<=	0.25	<=	0.25			NOT_EVALUATED
4226	35756053	1D-411	meropenem	meropenem			NO_GENOME_MATCH					NOT_EVALUATED	<=	0.25	<=	0.25			NOT_EVALUATED
4227	35756053	1D-411	gentamicin	gentamicin			NO_GENOME_MATCH					NOT_EVALUATED	<=	0.5/9.5	<=	0.5/9.5			NOT_EVALUATED
4228	35756053	1D-411	cefoxitin	cefoxitin			NO_GENOME_MATCH					NOT_EVALUATED	=	0.5	=	0.5			NOT_EVALUATED
4229	35756053	1D-411	trimethoprim	trimethoprim			NO_GENOME_MATCH					NOT_EVALUATED	<=	0.5	<=	0.5			NOT_EVALUATED
4230	35756053	1D-411	tobramycin	tobramycin			NO_GENOME_MATCH					NOT_EVALUATED	<=	0.5	<=	0.5			NOT_EVALUATED
4231	35756053	1D-411	tigecycline	tigecycline			NO_GENOME_MATCH					NOT_EVALUATED	=	2	=	2			NOT_EVALUATED
4232	35756053	1D-412	ampicillin	ampicillin			NO_GENOME_MATCH					NOT_EVALUATED	=	0.25	=	0.25			NOT_EVALUATED
4233	35756053	1D-412	cefazolin	cefazolin			NO_GENOME_MATCH					NOT_EVALUATED	=	0.5	=	0.5			NOT_EVALUATED
4234	35756053	1D-412	meropenem	meropenem			NO_GENOME_MATCH					NOT_EVALUATED	<=	0.25	<=	0.25			NOT_EVALUATED
4235	35756053	1D-412	gentamicin	gentamicin			NO_GENOME_MATCH					NOT_EVALUATED	=	2/38	=	2/38			NOT_EVALUATED
4236	35756053	1D-412	cefoxitin	cefoxitin			NO_GENOME_MATCH					NOT_EVALUATED	=	2	=	2			NOT_EVALUATED
4237	35756053	1D-412	trimethoprim	trimethoprim			NO_GENOME_MATCH					NOT_EVALUATED	<=	0.5	<=	0.5			NOT_EVALUATED
4238	35756053	1D-412	tobramycin	tobramycin			NO_GENOME_MATCH					NOT_EVALUATED	<=	0.5	<=	0.5			NOT_EVALUATED
4239	35756053	1D-412	tigecycline	tigecycline			NO_GENOME_MATCH					NOT_EVALUATED	=	4	=	4			NOT_EVALUATED
4240	35756053	1D-413	ampicillin	ampicillin			NO_GENOME_MATCH					NOT_EVALUATED	<=	0.03	<=	0.03			NOT_EVALUATED
4241	35756053	1D-413	cefazolin	cefazolin			NO_GENOME_MATCH					NOT_EVALUATED	<=	0.25	<=	0.25			NOT_EVALUATED
4242	35756053	1D-413	meropenem	meropenem			NO_GENOME_MATCH					NOT_EVALUATED	=	0.5	=	0.5			NOT_EVALUATED
4243	35756053	1D-413	gentamicin	gentamicin			NO_GENOME_MATCH					NOT_EVALUATED	<=	0.5/9.5	<=	0.5/9.5			NOT_EVALUATED
4244	35756053	1D-413	cefoxitin	cefoxitin			NO_GENOME_MATCH					NOT_EVALUATED	=	1	=	1			NOT_EVALUATED
4245	35756053	1D-413	trimethoprim	trimethoprim			NO_GENOME_MATCH					NOT_EVALUATED	<=	0.5	<=	0.5			NOT_EVALUATED
4246	35756053	1D-413	tobramycin	tobramycin			NO_GENOME_MATCH					NOT_EVALUATED	<=	0.5	<=	0.5			NOT_EVALUATED
4247	35756053	1D-413	tigecycline	tigecycline			NO_GENOME_MATCH					NOT_EVALUATED	=	2	=	2			NOT_EVALUATED
4248	35756053	1D-414	ampicillin	ampicillin			NO_GENOME_MATCH					NOT_EVALUATED	<=	0.03	<=	0.03			NOT_EVALUATED
4249	35756053	1D-414	cefazolin	cefazolin			NO_GENOME_MATCH					NOT_EVALUATED	<=	0.25	<=	0.25			NOT_EVALUATED
4250	35756053	1D-414	meropenem	meropenem			NO_GENOME_MATCH					NOT_EVALUATED	<=	0.25	<=	0.25			NOT_EVALUATED
4251	35756053	1D-414	gentamicin	gentamicin			NO_GENOME_MATCH					NOT_EVALUATED	<=	0.5/9.5	<=	0.5/9.5			NOT_EVALUATED
4252	35756053	1D-414	cefoxitin	cefoxitin			NO_GENOME_MATCH					NOT_EVALUATED	=	0.5	=	0.5			NOT_EVALUATED
4253	35756053	1D-414	trimethoprim	trimethoprim			NO_GENOME_MATCH					NOT_EVALUATED	<=	0.5	<=	0.5			NOT_EVALUATED
4254	35756053	1D-414	tobramycin	tobramycin			NO_GENOME_MATCH					NOT_EVALUATED	<=	0.5	<=	0.5			NOT_EVALUATED
4255	35756053	1D-414	tigecycline	tigecycline			NO_GENOME_MATCH					NOT_EVALUATED	<=	1	<=	1			NOT_EVALUATED
4256	35756053	1D-427	ampicillin	ampicillin			NO_GENOME_MATCH					NOT_EVALUATED	<=	0.03	<=	0.03			NOT_EVALUATED
4257	35756053	1D-427	cefazolin	cefazolin			NO_GENOME_MATCH					NOT_EVALUATED	<=	0.25	<=	0.25			NOT_EVALUATED
4258	35756053	1D-427	meropenem	meropenem			NO_GENOME_MATCH					NOT_EVALUATED	<=	0.25	<=	0.25			NOT_EVALUATED
4259	35756053	1D-427	gentamicin	gentamicin			NO_GENOME_MATCH					NOT_EVALUATED	=	2/38	=	2/38			NOT_EVALUATED
4260	35756053	1D-427	cefoxitin	cefoxitin			NO_GENOME_MATCH					NOT_EVALUATED	=	1	=	1			NOT_EVALUATED
4261	35756053	1D-427	trimethoprim	trimethoprim			NO_GENOME_MATCH					NOT_EVALUATED	=	1	=	1			NOT_EVALUATED
4262	35756053	1D-427	tobramycin	tobramycin			NO_GENOME_MATCH					NOT_EVALUATED	<=	0.5	<=	0.5			NOT_EVALUATED
4263	35756053	1D-427	tigecycline	tigecycline			NO_GENOME_MATCH					NOT_EVALUATED	=	2	=	2			NOT_EVALUATED
4264	35756053	1D-428	ampicillin	ampicillin			NO_GENOME_MATCH					NOT_EVALUATED	<=	0.03	<=	0.03			NOT_EVALUATED
4265	35756053	1D-428	cefazolin	cefazolin			NO_GENOME_MATCH					NOT_EVALUATED	>	2	>	2			NOT_EVALUATED
4266	35756053	1D-428	meropenem	meropenem			NO_GENOME_MATCH					NOT_EVALUATED	>	2	>	2			NOT_EVALUATED
4267	35756053	1D-428	gentamicin	gentamicin			NO_GENOME_MATCH					NOT_EVALUATED	<=	0.5/9.5	<=	0.5/9.5			NOT_EVALUATED
4268	35756053	1D-428	cefoxitin	cefoxitin			NO_GENOME_MATCH					NOT_EVALUATED	=	1	=	1			NOT_EVALUATED
4269	35756053	1D-428	trimethoprim	trimethoprim			NO_GENOME_MATCH					NOT_EVALUATED	<=	0.5	<=	0.5			NOT_EVALUATED
4270	35756053	1D-428	tobramycin	tobramycin			NO_GENOME_MATCH					NOT_EVALUATED	<=	0.5	<=	0.5			NOT_EVALUATED
4271	35756053	1D-428	tigecycline	tigecycline			NO_GENOME_MATCH					NOT_EVALUATED	=	2	=	2			NOT_EVALUATED
4272	35756053	1D-407	ampicillin	ampicillin			NO_GENOME_MATCH					NOT_EVALUATED	=	0.25	=	0.25			NOT_EVALUATED
4273	35756053	1D-407	cefazolin	cefazolin			NO_GENOME_MATCH					NOT_EVALUATED	=	1	=	1			NOT_EVALUATED
4274	35756053	1D-407	meropenem	meropenem			NO_GENOME_MATCH					NOT_EVALUATED	=	2	=	2			NOT_EVALUATED
4275	35756053	1D-407	gentamicin	gentamicin			NO_GENOME_MATCH					NOT_EVALUATED	<=	0.5/9.5	<=	0.5/9.5			NOT_EVALUATED
4276	35756053	1D-407	cefoxitin	cefoxitin			NO_GENOME_MATCH					NOT_EVALUATED	=	1	=	1			NOT_EVALUATED
4277	35756053	1D-407	trimethoprim	trimethoprim			NO_GENOME_MATCH					NOT_EVALUATED	=	1	=	1			NOT_EVALUATED
4278	35756053	1D-407	tobramycin	tobramycin			NO_GENOME_MATCH					NOT_EVALUATED	<=	0.5	<=	0.5			NOT_EVALUATED
4279	35756053	1D-407	tigecycline	tigecycline			NO_GENOME_MATCH					NOT_EVALUATED	=	4	=	4			NOT_EVALUATED
4280	35756053	1D-394	ampicillin	ampicillin			NO_GENOME_MATCH					NOT_EVALUATED	=	0.06	=	0.06			NOT_EVALUATED
4281	35756053	1D-394	cefazolin	cefazolin			NO_GENOME_MATCH					NOT_EVALUATED	<=	0.25	<=	0.25			NOT_EVALUATED
4282	35756053	1D-394	meropenem	meropenem			NO_GENOME_MATCH					NOT_EVALUATED	<=	0.25	<=	0.25			NOT_EVALUATED
4283	35756053	1D-394	gentamicin	gentamicin			NO_GENOME_MATCH					NOT_EVALUATED	<=	0.5/9.5	<=	0.5/9.5			NOT_EVALUATED
4284	35756053	1D-394	cefoxitin	cefoxitin			NO_GENOME_MATCH					NOT_EVALUATED	=	0.5	=	0.5			NOT_EVALUATED
4285	35756053	1D-394	trimethoprim	trimethoprim			NO_GENOME_MATCH					NOT_EVALUATED	=	1	=	1			NOT_EVALUATED
4286	35756053	1D-394	tobramycin	tobramycin			NO_GENOME_MATCH					NOT_EVALUATED	<=	0.5	<=	0.5			NOT_EVALUATED
4287	35756053	1D-394	tigecycline	tigecycline			NO_GENOME_MATCH					NOT_EVALUATED	=	2	=	2			NOT_EVALUATED
4288	35756053	1D-016	ampicillin	ampicillin			NO_GENOME_MATCH					NOT_EVALUATED	=	2	=	2			NOT_EVALUATED
4289	35756053	1D-016	cefazolin	cefazolin			NO_GENOME_MATCH					NOT_EVALUATED	>	4	>	4			NOT_EVALUATED
4290	35756053	1D-016	meropenem	meropenem			NO_GENOME_MATCH					NOT_EVALUATED	=	2	=	2			NOT_EVALUATED
4291	35756053	1D-016	gentamicin	gentamicin			NO_GENOME_MATCH					NOT_EVALUATED	=	1	=	1			NOT_EVALUATED
4292	35756053	1D-016	ciprofloxacin	ciprofloxacin			NO_GENOME_MATCH					NOT_EVALUATED	<=	0.5/9.5	<=	0.5/9.5			NOT_EVALUATED
4293	35756053	1D-016	cefoxitin	cefoxitin			NO_GENOME_MATCH					NOT_EVALUATED	=	2	=	2			NOT_EVALUATED
4294	35756053	1D-016	trimethoprim	trimethoprim			NO_GENOME_MATCH					NOT_EVALUATED	=	2	=	2			NOT_EVALUATED
4295	35756053	1D-016	tobramycin	tobramycin			NO_GENOME_MATCH					NOT_EVALUATED	=	0.25	=	0.25			NOT_EVALUATED
4296	35756053	1D-016	tigecycline	tigecycline			NO_GENOME_MATCH					NOT_EVALUATED	<=	32	<=	32			NOT_EVALUATED
4297	35756053	1D-399	ampicillin	ampicillin			NO_GENOME_MATCH					NOT_EVALUATED	=	1	=	1			NOT_EVALUATED
4298	35756053	1D-399	cefazolin	cefazolin			NO_GENOME_MATCH					NOT_EVALUATED	>	4	>	4			NOT_EVALUATED
4299	35756053	1D-399	meropenem	meropenem			NO_GENOME_MATCH					NOT_EVALUATED	=	2	=	2			NOT_EVALUATED
4300	35756053	1D-399	gentamicin	gentamicin			NO_GENOME_MATCH					NOT_EVALUATED	=	1	=	1			NOT_EVALUATED
4301	35756053	1D-399	ciprofloxacin	ciprofloxacin			NO_GENOME_MATCH					NOT_EVALUATED	<=	0.5/9.5	<=	0.5/9.5			NOT_EVALUATED
4302	35756053	1D-399	cefoxitin	cefoxitin			NO_GENOME_MATCH					NOT_EVALUATED	=	1	=	1			NOT_EVALUATED
4303	35756053	1D-399	trimethoprim	trimethoprim			NO_GENOME_MATCH					NOT_EVALUATED	<=	1	<=	1			NOT_EVALUATED
4304	35756053	1D-399	tobramycin	tobramycin			NO_GENOME_MATCH					NOT_EVALUATED	=	0.25	=	0.25			NOT_EVALUATED
4305	35756053	1D-399	tigecycline	tigecycline			NO_GENOME_MATCH					NOT_EVALUATED	<=	32	<=	32			NOT_EVALUATED
4306	35756053	1D-429	ampicillin	ampicillin			NO_GENOME_MATCH					NOT_EVALUATED	>	4	>	4			NOT_EVALUATED
4307	35756053	1D-429	cefazolin	cefazolin			NO_GENOME_MATCH					NOT_EVALUATED	>	4	>	4			NOT_EVALUATED
4308	35756053	1D-429	meropenem	meropenem			NO_GENOME_MATCH					NOT_EVALUATED	=	2	=	2			NOT_EVALUATED
4309	35756053	1D-429	gentamicin	gentamicin			NO_GENOME_MATCH					NOT_EVALUATED	=	1	=	1			NOT_EVALUATED
4310	35756053	1D-429	ciprofloxacin	ciprofloxacin			NO_GENOME_MATCH					NOT_EVALUATED	<=	0.5/9.5	<=	0.5/9.5			NOT_EVALUATED
4311	35756053	1D-429	cefoxitin	cefoxitin			NO_GENOME_MATCH					NOT_EVALUATED	=	2	=	2			NOT_EVALUATED
4312	35756053	1D-429	trimethoprim	trimethoprim			NO_GENOME_MATCH					NOT_EVALUATED	=	2	=	2			NOT_EVALUATED
4313	35756053	1D-429	tobramycin	tobramycin			NO_GENOME_MATCH					NOT_EVALUATED	=	0.12	=	0.12			NOT_EVALUATED
4314	35756053	1D-429	tigecycline	tigecycline			NO_GENOME_MATCH					NOT_EVALUATED	<=	32	<=	32			NOT_EVALUATED
4315	35756053	1D-430	ampicillin	ampicillin			NO_GENOME_MATCH					NOT_EVALUATED	=	2	=	2			NOT_EVALUATED
4316	35756053	1D-430	cefazolin	cefazolin			NO_GENOME_MATCH					NOT_EVALUATED	>	4	>	4			NOT_EVALUATED
4317	35756053	1D-430	meropenem	meropenem			NO_GENOME_MATCH					NOT_EVALUATED	=	2	=	2			NOT_EVALUATED
4318	35756053	1D-430	gentamicin	gentamicin			NO_GENOME_MATCH					NOT_EVALUATED	=	1	=	1			NOT_EVALUATED
4319	35756053	1D-430	ciprofloxacin	ciprofloxacin			NO_GENOME_MATCH					NOT_EVALUATED	<=	0.5/9.5	<=	0.5/9.5			NOT_EVALUATED
4320	35756053	1D-430	cefoxitin	cefoxitin			NO_GENOME_MATCH					NOT_EVALUATED	=	2	=	2			NOT_EVALUATED
4321	35756053	1D-430	trimethoprim	trimethoprim			NO_GENOME_MATCH					NOT_EVALUATED	=	2	=	2			NOT_EVALUATED
4322	35756053	1D-430	tobramycin	tobramycin			NO_GENOME_MATCH					NOT_EVALUATED	=	0.25	=	0.25			NOT_EVALUATED
4323	35756053	1D-430	tigecycline	tigecycline			NO_GENOME_MATCH					NOT_EVALUATED	<=	32	<=	32			NOT_EVALUATED
4324	35756053	1D-431	ampicillin	ampicillin			NO_GENOME_MATCH					NOT_EVALUATED	=	2	=	2			NOT_EVALUATED
4325	35756053	1D-431	cefazolin	cefazolin			NO_GENOME_MATCH					NOT_EVALUATED	>	4	>	4			NOT_EVALUATED
4326	35756053	1D-431	meropenem	meropenem			NO_GENOME_MATCH					NOT_EVALUATED	=	2	=	2			NOT_EVALUATED
4327	35756053	1D-431	gentamicin	gentamicin			NO_GENOME_MATCH					NOT_EVALUATED	=	1	=	1			NOT_EVALUATED
4328	35756053	1D-431	ciprofloxacin	ciprofloxacin			NO_GENOME_MATCH					NOT_EVALUATED	<=	0.5/9.5	<=	0.5/9.5			NOT_EVALUATED
4329	35756053	1D-431	cefoxitin	cefoxitin			NO_GENOME_MATCH					NOT_EVALUATED	=	2	=	2			NOT_EVALUATED
4330	35756053	1D-431	trimethoprim	trimethoprim			NO_GENOME_MATCH					NOT_EVALUATED	>	2	>	2			NOT_EVALUATED
4331	35756053	1D-431	tobramycin	tobramycin			NO_GENOME_MATCH					NOT_EVALUATED	=	0.06	=	0.06			NOT_EVALUATED
4332	35756053	1D-431	tigecycline	tigecycline			NO_GENOME_MATCH					NOT_EVALUATED	<=	32	<=	32			NOT_EVALUATED
4333	35756053	1D-432	ampicillin	ampicillin			NO_GENOME_MATCH					NOT_EVALUATED	=	1	=	1			NOT_EVALUATED
4334	35756053	1D-432	cefazolin	cefazolin			NO_GENOME_MATCH					NOT_EVALUATED	>	4	>	4			NOT_EVALUATED
4335	35756053	1D-432	meropenem	meropenem			NO_GENOME_MATCH					NOT_EVALUATED	=	2	=	2			NOT_EVALUATED
4336	35756053	1D-432	gentamicin	gentamicin			NO_GENOME_MATCH					NOT_EVALUATED	=	2	=	2			NOT_EVALUATED
4337	35756053	1D-432	ciprofloxacin	ciprofloxacin			NO_GENOME_MATCH					NOT_EVALUATED	<=	0.5/9.5	<=	0.5/9.5			NOT_EVALUATED
4338	35756053	1D-432	cefoxitin	cefoxitin			NO_GENOME_MATCH					NOT_EVALUATED	=	1	=	1			NOT_EVALUATED
4339	35756053	1D-432	trimethoprim	trimethoprim			NO_GENOME_MATCH					NOT_EVALUATED	<=	1	<=	1			NOT_EVALUATED
4340	35756053	1D-432	tobramycin	tobramycin			NO_GENOME_MATCH					NOT_EVALUATED	=	0.12	=	0.12			NOT_EVALUATED
4341	35756053	1D-432	tigecycline	tigecycline			NO_GENOME_MATCH					NOT_EVALUATED	<=	32	<=	32			NOT_EVALUATED
4342	35756053	1D-433	ampicillin	ampicillin			NO_GENOME_MATCH					NOT_EVALUATED	=	2	=	2			NOT_EVALUATED
4343	35756053	1D-433	cefazolin	cefazolin			NO_GENOME_MATCH					NOT_EVALUATED	>	4	>	4			NOT_EVALUATED
4344	35756053	1D-433	meropenem	meropenem			NO_GENOME_MATCH					NOT_EVALUATED	=	2	=	2			NOT_EVALUATED
4345	35756053	1D-433	gentamicin	gentamicin			NO_GENOME_MATCH					NOT_EVALUATED	=	2	=	2			NOT_EVALUATED
4346	35756053	1D-433	ciprofloxacin	ciprofloxacin			NO_GENOME_MATCH					NOT_EVALUATED	<=	0.5/9.5	<=	0.5/9.5			NOT_EVALUATED
4347	35756053	1D-433	cefoxitin	cefoxitin			NO_GENOME_MATCH					NOT_EVALUATED	=	1	=	1			NOT_EVALUATED
4348	35756053	1D-433	trimethoprim	trimethoprim			NO_GENOME_MATCH					NOT_EVALUATED	=	2	=	2			NOT_EVALUATED
4349	35756053	1D-433	tobramycin	tobramycin			NO_GENOME_MATCH					NOT_EVALUATED	=	0.25	=	0.25			NOT_EVALUATED
4350	35756053	1D-433	tigecycline	tigecycline			NO_GENOME_MATCH					NOT_EVALUATED	<=	32	<=	32			NOT_EVALUATED
4351	35756053	1D-434	ampicillin	ampicillin			NO_GENOME_MATCH					NOT_EVALUATED	>	4	>	4			NOT_EVALUATED
4352	35756053	1D-434	cefazolin	cefazolin			NO_GENOME_MATCH					NOT_EVALUATED	>	4	>	4			NOT_EVALUATED
4353	35756053	1D-434	meropenem	meropenem			NO_GENOME_MATCH					NOT_EVALUATED	=	2	=	2			NOT_EVALUATED
4354	35756053	1D-434	gentamicin	gentamicin			NO_GENOME_MATCH					NOT_EVALUATED	=	2	=	2			NOT_EVALUATED
4355	35756053	1D-434	ciprofloxacin	ciprofloxacin			NO_GENOME_MATCH					NOT_EVALUATED	<=	0.5/9.5	<=	0.5/9.5			NOT_EVALUATED
4356	35756053	1D-434	cefoxitin	cefoxitin			NO_GENOME_MATCH					NOT_EVALUATED	=	1	=	1			NOT_EVALUATED
4357	35756053	1D-434	trimethoprim	trimethoprim			NO_GENOME_MATCH					NOT_EVALUATED	<=	1	<=	1			NOT_EVALUATED
4358	35756053	1D-434	tobramycin	tobramycin			NO_GENOME_MATCH					NOT_EVALUATED	=	0.06	=	0.06			NOT_EVALUATED
4359	35756053	1D-434	tigecycline	tigecycline			NO_GENOME_MATCH					NOT_EVALUATED	<=	32	<=	32			NOT_EVALUATED
4360	35756053	1D-435	ampicillin	ampicillin			NO_GENOME_MATCH					NOT_EVALUATED	=	2	=	2			NOT_EVALUATED
4361	35756053	1D-435	cefazolin	cefazolin			NO_GENOME_MATCH					NOT_EVALUATED	>	4	>	4			NOT_EVALUATED
4362	35756053	1D-435	meropenem	meropenem			NO_GENOME_MATCH					NOT_EVALUATED	=	2	=	2			NOT_EVALUATED
4363	35756053	1D-435	gentamicin	gentamicin			NO_GENOME_MATCH					NOT_EVALUATED	=	2	=	2			NOT_EVALUATED
4364	35756053	1D-435	ciprofloxacin	ciprofloxacin			NO_GENOME_MATCH					NOT_EVALUATED	<=	0.5/9.5	<=	0.5/9.5			NOT_EVALUATED
4365	35756053	1D-435	cefoxitin	cefoxitin			NO_GENOME_MATCH					NOT_EVALUATED	=	2	=	2			NOT_EVALUATED
4366	35756053	1D-435	trimethoprim	trimethoprim			NO_GENOME_MATCH					NOT_EVALUATED	=	2	=	2			NOT_EVALUATED
4367	35756053	1D-435	tobramycin	tobramycin			NO_GENOME_MATCH					NOT_EVALUATED	=	0.06	=	0.06			NOT_EVALUATED
4368	35756053	1D-435	tigecycline	tigecycline			NO_GENOME_MATCH					NOT_EVALUATED	<=	32	<=	32			NOT_EVALUATED
4369	35756053	1D-436	ampicillin	ampicillin			NO_GENOME_MATCH					NOT_EVALUATED	>	4	>	4			NOT_EVALUATED
4370	35756053	1D-436	cefazolin	cefazolin			NO_GENOME_MATCH					NOT_EVALUATED	>	4	>	4			NOT_EVALUATED
4371	35756053	1D-436	meropenem	meropenem			NO_GENOME_MATCH					NOT_EVALUATED	=	2	=	2			NOT_EVALUATED
4372	35756053	1D-436	gentamicin	gentamicin			NO_GENOME_MATCH					NOT_EVALUATED	=	2	=	2			NOT_EVALUATED
4373	35756053	1D-436	ciprofloxacin	ciprofloxacin			NO_GENOME_MATCH					NOT_EVALUATED	>	4/76	>	4/76			NOT_EVALUATED
4374	35756053	1D-436	cefoxitin	cefoxitin			NO_GENOME_MATCH					NOT_EVALUATED	>	4	>	4			NOT_EVALUATED
4375	35756053	1D-436	trimethoprim	trimethoprim			NO_GENOME_MATCH					NOT_EVALUATED	>	2	>	2			NOT_EVALUATED
4376	35756053	1D-436	tobramycin	tobramycin			NO_GENOME_MATCH					NOT_EVALUATED	=	0.12	=	0.12			NOT_EVALUATED
4377	35756053	1D-436	tigecycline	tigecycline			NO_GENOME_MATCH					NOT_EVALUATED	<=	32	<=	32			NOT_EVALUATED
4378	35756053	1D-437	ampicillin	ampicillin			NO_GENOME_MATCH					NOT_EVALUATED	=	1	=	1			NOT_EVALUATED
4379	35756053	1D-437	cefazolin	cefazolin			NO_GENOME_MATCH					NOT_EVALUATED	>	4	>	4			NOT_EVALUATED
4380	35756053	1D-437	meropenem	meropenem			NO_GENOME_MATCH					NOT_EVALUATED	=	2	=	2			NOT_EVALUATED
4381	35756053	1D-437	gentamicin	gentamicin			NO_GENOME_MATCH					NOT_EVALUATED	=	2	=	2			NOT_EVALUATED
4382	35756053	1D-437	ciprofloxacin	ciprofloxacin			NO_GENOME_MATCH					NOT_EVALUATED	<=	0.5/9.5	<=	0.5/9.5			NOT_EVALUATED
4383	35756053	1D-437	cefoxitin	cefoxitin			NO_GENOME_MATCH					NOT_EVALUATED	=	1	=	1			NOT_EVALUATED
4384	35756053	1D-437	trimethoprim	trimethoprim			NO_GENOME_MATCH					NOT_EVALUATED	<=	1	<=	1			NOT_EVALUATED
4385	35756053	1D-437	tobramycin	tobramycin			NO_GENOME_MATCH					NOT_EVALUATED	=	0.12	=	0.12			NOT_EVALUATED
4386	35756053	1D-437	tigecycline	tigecycline			NO_GENOME_MATCH					NOT_EVALUATED	<=	32	<=	32			NOT_EVALUATED
4387	35756053	1D-438	ampicillin	ampicillin			NO_GENOME_MATCH					NOT_EVALUATED	=	2	=	2			NOT_EVALUATED
4388	35756053	1D-438	cefazolin	cefazolin			NO_GENOME_MATCH					NOT_EVALUATED	>	4	>	4			NOT_EVALUATED
4389	35756053	1D-438	meropenem	meropenem			NO_GENOME_MATCH					NOT_EVALUATED	=	2	=	2			NOT_EVALUATED
4390	35756053	1D-438	gentamicin	gentamicin			NO_GENOME_MATCH					NOT_EVALUATED	=	2	=	2			NOT_EVALUATED
4391	35756053	1D-438	ciprofloxacin	ciprofloxacin			NO_GENOME_MATCH					NOT_EVALUATED	<=	0.5/9.5	<=	0.5/9.5			NOT_EVALUATED
4392	35756053	1D-438	cefoxitin	cefoxitin			NO_GENOME_MATCH					NOT_EVALUATED	=	2	=	2			NOT_EVALUATED
4393	35756053	1D-438	trimethoprim	trimethoprim			NO_GENOME_MATCH					NOT_EVALUATED	=	2	=	2			NOT_EVALUATED
4394	35756053	1D-438	tobramycin	tobramycin			NO_GENOME_MATCH					NOT_EVALUATED	=	0.12	=	0.12			NOT_EVALUATED
4395	35756053	1D-438	tigecycline	tigecycline			NO_GENOME_MATCH					NOT_EVALUATED	<=	32	<=	32			NOT_EVALUATED
4396	35756053	1D-439	ampicillin	ampicillin			NO_GENOME_MATCH					NOT_EVALUATED	=	0.5	=	0.5			NOT_EVALUATED
4397	35756053	1D-439	cefazolin	cefazolin			NO_GENOME_MATCH					NOT_EVALUATED	>	4	>	4			NOT_EVALUATED
4398	35756053	1D-439	meropenem	meropenem			NO_GENOME_MATCH					NOT_EVALUATED	=	2	=	2			NOT_EVALUATED
4399	35756053	1D-439	gentamicin	gentamicin			NO_GENOME_MATCH					NOT_EVALUATED	=	2	=	2			NOT_EVALUATED
4400	35756053	1D-439	ciprofloxacin	ciprofloxacin			NO_GENOME_MATCH					NOT_EVALUATED	<=	0.5/9.5	<=	0.5/9.5			NOT_EVALUATED
4401	35756053	1D-439	cefoxitin	cefoxitin			NO_GENOME_MATCH					NOT_EVALUATED	=	1	=	1			NOT_EVALUATED
4402	35756053	1D-439	trimethoprim	trimethoprim			NO_GENOME_MATCH					NOT_EVALUATED	<=	1	<=	1			NOT_EVALUATED
4403	35756053	1D-439	tobramycin	tobramycin			NO_GENOME_MATCH					NOT_EVALUATED	=	0.12	=	0.12			NOT_EVALUATED
4404	35756053	1D-439	tigecycline	tigecycline			NO_GENOME_MATCH					NOT_EVALUATED	<=	32	<=	32			NOT_EVALUATED
4405	35756053	1D-440	ampicillin	ampicillin			NO_GENOME_MATCH					NOT_EVALUATED	>	4	>	4			NOT_EVALUATED
4406	35756053	1D-440	cefazolin	cefazolin			NO_GENOME_MATCH					NOT_EVALUATED	>	4	>	4			NOT_EVALUATED
4407	35756053	1D-440	meropenem	meropenem			NO_GENOME_MATCH					NOT_EVALUATED	=	2	=	2			NOT_EVALUATED
4408	35756053	1D-440	gentamicin	gentamicin			NO_GENOME_MATCH					NOT_EVALUATED	=	1	=	1			NOT_EVALUATED
4409	35756053	1D-440	ciprofloxacin	ciprofloxacin			NO_GENOME_MATCH					NOT_EVALUATED	>	4/76	>	4/76			NOT_EVALUATED
4410	35756053	1D-440	cefoxitin	cefoxitin			NO_GENOME_MATCH					NOT_EVALUATED	=	2	=	2			NOT_EVALUATED
4411	35756053	1D-440	trimethoprim	trimethoprim			NO_GENOME_MATCH					NOT_EVALUATED	=	2	=	2			NOT_EVALUATED
4412	35756053	1D-440	tobramycin	tobramycin			NO_GENOME_MATCH					NOT_EVALUATED	=	0.12	=	0.12			NOT_EVALUATED
4413	35756053	1D-440	tigecycline	tigecycline			NO_GENOME_MATCH					NOT_EVALUATED	<=	32	<=	32			NOT_EVALUATED
4414	35756053	1D-441	ampicillin	ampicillin			NO_GENOME_MATCH					NOT_EVALUATED	=	2	=	2			NOT_EVALUATED
4415	35756053	1D-441	cefazolin	cefazolin			NO_GENOME_MATCH					NOT_EVALUATED	>	4	>	4			NOT_EVALUATED
4416	35756053	1D-441	meropenem	meropenem			NO_GENOME_MATCH					NOT_EVALUATED	=	2	=	2			NOT_EVALUATED
4417	35756053	1D-441	gentamicin	gentamicin			NO_GENOME_MATCH					NOT_EVALUATED	=	2	=	2			NOT_EVALUATED
4418	35756053	1D-441	ciprofloxacin	ciprofloxacin			NO_GENOME_MATCH					NOT_EVALUATED	<=	0.5/9.5	<=	0.5/9.5			NOT_EVALUATED
4419	35756053	1D-441	cefoxitin	cefoxitin			NO_GENOME_MATCH					NOT_EVALUATED	=	2	=	2			NOT_EVALUATED
4420	35756053	1D-441	trimethoprim	trimethoprim			NO_GENOME_MATCH					NOT_EVALUATED	=	2	=	2			NOT_EVALUATED
4421	35756053	1D-441	tobramycin	tobramycin			NO_GENOME_MATCH					NOT_EVALUATED	=	0.12	=	0.12			NOT_EVALUATED
4422	35756053	1D-441	tigecycline	tigecycline			NO_GENOME_MATCH					NOT_EVALUATED	<=	32	<=	32			NOT_EVALUATED
4423	35756053	1D-442	ampicillin	ampicillin			NO_GENOME_MATCH					NOT_EVALUATED	=	0.5	=	0.5			NOT_EVALUATED
4424	35756053	1D-442	cefazolin	cefazolin			NO_GENOME_MATCH					NOT_EVALUATED	>	4	>	4			NOT_EVALUATED
4425	35756053	1D-442	meropenem	meropenem			NO_GENOME_MATCH					NOT_EVALUATED	=	2	=	2			NOT_EVALUATED
4426	35756053	1D-442	gentamicin	gentamicin			NO_GENOME_MATCH					NOT_EVALUATED	=	1	=	1			NOT_EVALUATED
4427	35756053	1D-442	ciprofloxacin	ciprofloxacin			NO_GENOME_MATCH					NOT_EVALUATED	<=	0.5/9.5	<=	0.5/9.5			NOT_EVALUATED
4428	35756053	1D-442	cefoxitin	cefoxitin			NO_GENOME_MATCH					NOT_EVALUATED	=	1	=	1			NOT_EVALUATED
4429	35756053	1D-442	trimethoprim	trimethoprim			NO_GENOME_MATCH					NOT_EVALUATED	<=	1	<=	1			NOT_EVALUATED
4430	35756053	1D-442	tobramycin	tobramycin			NO_GENOME_MATCH					NOT_EVALUATED	=	0.12	=	0.12			NOT_EVALUATED
4431	35756053	1D-442	tigecycline	tigecycline			NO_GENOME_MATCH					NOT_EVALUATED	<=	32	<=	32			NOT_EVALUATED
4432	35756053	1D-443	ampicillin	ampicillin			NO_GENOME_MATCH					NOT_EVALUATED	=	2	=	2			NOT_EVALUATED
4433	35756053	1D-443	cefazolin	cefazolin			NO_GENOME_MATCH					NOT_EVALUATED	>	4	>	4			NOT_EVALUATED
4434	35756053	1D-443	meropenem	meropenem			NO_GENOME_MATCH					NOT_EVALUATED	=	2	=	2			NOT_EVALUATED
4435	35756053	1D-443	gentamicin	gentamicin			NO_GENOME_MATCH					NOT_EVALUATED	=	2	=	2			NOT_EVALUATED
4436	35756053	1D-443	ciprofloxacin	ciprofloxacin			NO_GENOME_MATCH					NOT_EVALUATED	<=	0.5/9.5	<=	0.5/9.5			NOT_EVALUATED
4437	35756053	1D-443	cefoxitin	cefoxitin			NO_GENOME_MATCH					NOT_EVALUATED	=	2	=	2			NOT_EVALUATED
4438	35756053	1D-443	trimethoprim	trimethoprim			NO_GENOME_MATCH					NOT_EVALUATED	=	2	=	2			NOT_EVALUATED
4439	35756053	1D-443	tobramycin	tobramycin			NO_GENOME_MATCH					NOT_EVALUATED	=	0.25	=	0.25			NOT_EVALUATED
4440	35756053	1D-443	tigecycline	tigecycline			NO_GENOME_MATCH					NOT_EVALUATED	<=	32	<=	32			NOT_EVALUATED
4441	35756053	1D-450	ampicillin	ampicillin			NO_GENOME_MATCH					NOT_EVALUATED	>	4	>	4			NOT_EVALUATED
4442	35756053	1D-450	cefazolin	cefazolin			NO_GENOME_MATCH					NOT_EVALUATED	>	4	>	4			NOT_EVALUATED
4443	35756053	1D-450	meropenem	meropenem			NO_GENOME_MATCH					NOT_EVALUATED	=	2	=	2			NOT_EVALUATED
4444	35756053	1D-450	gentamicin	gentamicin			NO_GENOME_MATCH					NOT_EVALUATED	=	1	=	1			NOT_EVALUATED
4445	35756053	1D-450	ciprofloxacin	ciprofloxacin			NO_GENOME_MATCH					NOT_EVALUATED	<=	0.5/9.5	<=	0.5/9.5			NOT_EVALUATED
4446	35756053	1D-450	cefoxitin	cefoxitin			NO_GENOME_MATCH					NOT_EVALUATED	=	1	=	1			NOT_EVALUATED
4447	35756053	1D-450	trimethoprim	trimethoprim			NO_GENOME_MATCH					NOT_EVALUATED	<=	1	<=	1			NOT_EVALUATED
4448	35756053	1D-450	tobramycin	tobramycin			NO_GENOME_MATCH					NOT_EVALUATED	=	0.12	=	0.12			NOT_EVALUATED
4449	35756053	1D-450	tigecycline	tigecycline			NO_GENOME_MATCH					NOT_EVALUATED	<=	32	<=	32			NOT_EVALUATED
4450	35756053	1D-451	ampicillin	ampicillin			NO_GENOME_MATCH					NOT_EVALUATED	<=	0.25	<=	0.25			NOT_EVALUATED
4451	35756053	1D-451	cefazolin	cefazolin			NO_GENOME_MATCH					NOT_EVALUATED	>	4	>	4			NOT_EVALUATED
4452	35756053	1D-451	meropenem	meropenem			NO_GENOME_MATCH					NOT_EVALUATED	=	2	=	2			NOT_EVALUATED
4453	35756053	1D-451	gentamicin	gentamicin			NO_GENOME_MATCH					NOT_EVALUATED	=	2	=	2			NOT_EVALUATED
4454	35756053	1D-451	ciprofloxacin	ciprofloxacin			NO_GENOME_MATCH					NOT_EVALUATED	<=	0.5/9.5	<=	0.5/9.5			NOT_EVALUATED
4455	35756053	1D-451	cefoxitin	cefoxitin			NO_GENOME_MATCH					NOT_EVALUATED	=	1	=	1			NOT_EVALUATED
4456	35756053	1D-451	trimethoprim	trimethoprim			NO_GENOME_MATCH					NOT_EVALUATED	<=	1	<=	1			NOT_EVALUATED
4457	35756053	1D-451	tobramycin	tobramycin			NO_GENOME_MATCH					NOT_EVALUATED	=	0.25	=	0.25			NOT_EVALUATED
4458	35756053	1D-451	tigecycline	tigecycline			NO_GENOME_MATCH					NOT_EVALUATED	<=	32	<=	32			NOT_EVALUATED
4459	35756053	1D-452	ampicillin	ampicillin			NO_GENOME_MATCH					NOT_EVALUATED	=	1	=	1			NOT_EVALUATED
4460	35756053	1D-452	cefazolin	cefazolin			NO_GENOME_MATCH					NOT_EVALUATED	>	4	>	4			NOT_EVALUATED
4461	35756053	1D-452	meropenem	meropenem			NO_GENOME_MATCH					NOT_EVALUATED	=	2	=	2			NOT_EVALUATED
4462	35756053	1D-452	gentamicin	gentamicin			NO_GENOME_MATCH					NOT_EVALUATED	=	1	=	1			NOT_EVALUATED
4463	35756053	1D-452	ciprofloxacin	ciprofloxacin			NO_GENOME_MATCH					NOT_EVALUATED	>	4/76	>	4/76			NOT_EVALUATED
4464	35756053	1D-452	cefoxitin	cefoxitin			NO_GENOME_MATCH					NOT_EVALUATED	=	1	=	1			NOT_EVALUATED
4465	35756053	1D-452	trimethoprim	trimethoprim			NO_GENOME_MATCH					NOT_EVALUATED	<=	1	<=	1			NOT_EVALUATED
4466	35756053	1D-452	tobramycin	tobramycin			NO_GENOME_MATCH					NOT_EVALUATED	=	0.12	=	0.12			NOT_EVALUATED
4467	35756053	1D-452	tigecycline	tigecycline			NO_GENOME_MATCH					NOT_EVALUATED	<=	32	<=	32			NOT_EVALUATED
4468	35756053	1D-453	ampicillin	ampicillin			NO_GENOME_MATCH					NOT_EVALUATED	>	4	>	4			NOT_EVALUATED
4469	35756053	1D-453	cefazolin	cefazolin			NO_GENOME_MATCH					NOT_EVALUATED	>	4	>	4			NOT_EVALUATED
4470	35756053	1D-453	meropenem	meropenem			NO_GENOME_MATCH					NOT_EVALUATED	=	2	=	2			NOT_EVALUATED
4471	35756053	1D-453	gentamicin	gentamicin			NO_GENOME_MATCH					NOT_EVALUATED	=	1	=	1			NOT_EVALUATED
4472	35756053	1D-453	ciprofloxacin	ciprofloxacin			NO_GENOME_MATCH					NOT_EVALUATED	<=	0.5/9.5	<=	0.5/9.5			NOT_EVALUATED
4473	35756053	1D-453	cefoxitin	cefoxitin			NO_GENOME_MATCH					NOT_EVALUATED	=	1	=	1			NOT_EVALUATED
4474	35756053	1D-453	trimethoprim	trimethoprim			NO_GENOME_MATCH					NOT_EVALUATED	<=	1	<=	1			NOT_EVALUATED
4475	35756053	1D-453	tobramycin	tobramycin			NO_GENOME_MATCH					NOT_EVALUATED	=	0.12	=	0.12			NOT_EVALUATED
4476	35756053	1D-453	tigecycline	tigecycline			NO_GENOME_MATCH					NOT_EVALUATED	<=	32	<=	32			NOT_EVALUATED
4477	35756053	1D-455	ampicillin	ampicillin			NO_GENOME_MATCH					NOT_EVALUATED	>	4	>	4			NOT_EVALUATED
4478	35756053	1D-455	cefazolin	cefazolin			NO_GENOME_MATCH					NOT_EVALUATED	>	4	>	4			NOT_EVALUATED
4479	35756053	1D-455	meropenem	meropenem			NO_GENOME_MATCH					NOT_EVALUATED	=	2	=	2			NOT_EVALUATED
4480	35756053	1D-455	gentamicin	gentamicin			NO_GENOME_MATCH					NOT_EVALUATED	=	2	=	2			NOT_EVALUATED
4481	35756053	1D-455	ciprofloxacin	ciprofloxacin			NO_GENOME_MATCH					NOT_EVALUATED	>	4/76	>	4/76			NOT_EVALUATED
4482	35756053	1D-455	cefoxitin	cefoxitin			NO_GENOME_MATCH					NOT_EVALUATED	>	4	>	4			NOT_EVALUATED
4483	35756053	1D-455	trimethoprim	trimethoprim			NO_GENOME_MATCH					NOT_EVALUATED	>	2	>	2			NOT_EVALUATED
4484	35756053	1D-455	tobramycin	tobramycin			NO_GENOME_MATCH					NOT_EVALUATED	=	0.12	=	0.12			NOT_EVALUATED
4485	35756053	1D-455	tigecycline	tigecycline			NO_GENOME_MATCH					NOT_EVALUATED	<=	32	<=	32			NOT_EVALUATED
4486	35756053	1D-456	ampicillin	ampicillin			NO_GENOME_MATCH					NOT_EVALUATED	=	1	=	1			NOT_EVALUATED
4487	35756053	1D-456	cefazolin	cefazolin			NO_GENOME_MATCH					NOT_EVALUATED	>	4	>	4			NOT_EVALUATED
4488	35756053	1D-456	meropenem	meropenem			NO_GENOME_MATCH					NOT_EVALUATED	=	2	=	2			NOT_EVALUATED
4489	35756053	1D-456	gentamicin	gentamicin			NO_GENOME_MATCH					NOT_EVALUATED	=	0.5	=	0.5			NOT_EVALUATED
4490	35756053	1D-456	ciprofloxacin	ciprofloxacin			NO_GENOME_MATCH					NOT_EVALUATED	<=	0.5/9.5	<=	0.5/9.5			NOT_EVALUATED
4491	35756053	1D-456	cefoxitin	cefoxitin			NO_GENOME_MATCH					NOT_EVALUATED	=	2	=	2			NOT_EVALUATED
4492	35756053	1D-456	trimethoprim	trimethoprim			NO_GENOME_MATCH					NOT_EVALUATED	<=	1	<=	1			NOT_EVALUATED
4493	35756053	1D-456	tobramycin	tobramycin			NO_GENOME_MATCH					NOT_EVALUATED	=	0.12	=	0.12			NOT_EVALUATED
4494	35756053	1D-456	tigecycline	tigecycline			NO_GENOME_MATCH					NOT_EVALUATED	<=	32	<=	32			NOT_EVALUATED
4495	35756053	1D-357	ampicillin	ampicillin			NO_GENOME_MATCH					NOT_EVALUATED	>	4	>	4			NOT_EVALUATED
4496	35756053	1D-357	cefazolin	cefazolin			NO_GENOME_MATCH					NOT_EVALUATED	>	4	>	4			NOT_EVALUATED
4497	35756053	1D-357	meropenem	meropenem			NO_GENOME_MATCH					NOT_EVALUATED	=	2	=	2			NOT_EVALUATED
4498	35756053	1D-357	gentamicin	gentamicin			NO_GENOME_MATCH					NOT_EVALUATED	=	0.5	=	0.5			NOT_EVALUATED
4499	35756053	1D-357	ciprofloxacin	ciprofloxacin			NO_GENOME_MATCH					NOT_EVALUATED	>	4/76	>	4/76			NOT_EVALUATED
4500	35756053	1D-357	cefoxitin	cefoxitin			NO_GENOME_MATCH					NOT_EVALUATED	>	4	>	4			NOT_EVALUATED
4501	35756053	1D-357	trimethoprim	trimethoprim			NO_GENOME_MATCH					NOT_EVALUATED	>	2	>	2			NOT_EVALUATED
4502	35756053	1D-357	tobramycin	tobramycin			NO_GENOME_MATCH					NOT_EVALUATED	=	0.06	=	0.06			NOT_EVALUATED
4503	35756053	1D-357	tigecycline	tigecycline			NO_GENOME_MATCH					NOT_EVALUATED	<=	32	<=	32			NOT_EVALUATED
4504	35756053	1D-444	ampicillin	ampicillin			NO_GENOME_MATCH					NOT_EVALUATED	>	4	>	4			NOT_EVALUATED
4505	35756053	1D-444	cefazolin	cefazolin			NO_GENOME_MATCH					NOT_EVALUATED	>	4	>	4			NOT_EVALUATED
4506	35756053	1D-444	meropenem	meropenem			NO_GENOME_MATCH					NOT_EVALUATED	=	2	=	2			NOT_EVALUATED
4507	35756053	1D-444	gentamicin	gentamicin			NO_GENOME_MATCH					NOT_EVALUATED	=	0.5	=	0.5			NOT_EVALUATED
4508	35756053	1D-444	ciprofloxacin	ciprofloxacin			NO_GENOME_MATCH					NOT_EVALUATED	>	4/76	>	4/76			NOT_EVALUATED
4509	35756053	1D-444	cefoxitin	cefoxitin			NO_GENOME_MATCH					NOT_EVALUATED	>	4	>	4			NOT_EVALUATED
4510	35756053	1D-444	trimethoprim	trimethoprim			NO_GENOME_MATCH					NOT_EVALUATED	>	2	>	2			NOT_EVALUATED
4511	35756053	1D-444	tobramycin	tobramycin			NO_GENOME_MATCH					NOT_EVALUATED	=	0.12	=	0.12			NOT_EVALUATED
4512	35756053	1D-444	tigecycline	tigecycline			NO_GENOME_MATCH					NOT_EVALUATED	=	64	=	64			NOT_EVALUATED
4513	35756053	1D-445	ampicillin	ampicillin			NO_GENOME_MATCH					NOT_EVALUATED	>	4	>	4			NOT_EVALUATED
4514	35756053	1D-445	cefazolin	cefazolin			NO_GENOME_MATCH					NOT_EVALUATED	>	4	>	4			NOT_EVALUATED
4515	35756053	1D-445	meropenem	meropenem			NO_GENOME_MATCH					NOT_EVALUATED	=	2	=	2			NOT_EVALUATED
4516	35756053	1D-445	gentamicin	gentamicin			NO_GENOME_MATCH					NOT_EVALUATED	=	1	=	1			NOT_EVALUATED
4517	35756053	1D-445	ciprofloxacin	ciprofloxacin			NO_GENOME_MATCH					NOT_EVALUATED	>	4/76	>	4/76			NOT_EVALUATED
4518	35756053	1D-445	cefoxitin	cefoxitin			NO_GENOME_MATCH					NOT_EVALUATED	>	4	>	4			NOT_EVALUATED
4519	35756053	1D-445	trimethoprim	trimethoprim			NO_GENOME_MATCH					NOT_EVALUATED	>	2	>	2			NOT_EVALUATED
4520	35756053	1D-445	tobramycin	tobramycin			NO_GENOME_MATCH					NOT_EVALUATED	=	0.12	=	0.12			NOT_EVALUATED
4521	35756053	1D-445	tigecycline	tigecycline			NO_GENOME_MATCH					NOT_EVALUATED	=	64	=	64			NOT_EVALUATED
4522	35756053	1D-446	ampicillin	ampicillin			NO_GENOME_MATCH					NOT_EVALUATED	<=	0.25	<=	0.25			NOT_EVALUATED
4523	35756053	1D-446	cefazolin	cefazolin			NO_GENOME_MATCH					NOT_EVALUATED	>	4	>	4			NOT_EVALUATED
4524	35756053	1D-446	meropenem	meropenem			NO_GENOME_MATCH					NOT_EVALUATED	=	2	=	2			NOT_EVALUATED
4525	35756053	1D-446	gentamicin	gentamicin			NO_GENOME_MATCH					NOT_EVALUATED	=	1	=	1			NOT_EVALUATED
4526	35756053	1D-446	ciprofloxacin	ciprofloxacin			NO_GENOME_MATCH					NOT_EVALUATED	=	4/76	=	4/76			NOT_EVALUATED
4527	35756053	1D-446	cefoxitin	cefoxitin			NO_GENOME_MATCH					NOT_EVALUATED	>	4	>	4			NOT_EVALUATED
4528	35756053	1D-446	trimethoprim	trimethoprim			NO_GENOME_MATCH					NOT_EVALUATED	>	2	>	2			NOT_EVALUATED
4529	35756053	1D-446	tobramycin	tobramycin			NO_GENOME_MATCH					NOT_EVALUATED	=	0.12	=	0.12			NOT_EVALUATED
4530	35756053	1D-446	tigecycline	tigecycline			NO_GENOME_MATCH					NOT_EVALUATED	<=	32	<=	32			NOT_EVALUATED
4531	35756053	1D-447	ampicillin	ampicillin			NO_GENOME_MATCH					NOT_EVALUATED	>	4	>	4			NOT_EVALUATED
4532	35756053	1D-447	cefazolin	cefazolin			NO_GENOME_MATCH					NOT_EVALUATED	>	4	>	4			NOT_EVALUATED
4533	35756053	1D-447	meropenem	meropenem			NO_GENOME_MATCH					NOT_EVALUATED	=	2	=	2			NOT_EVALUATED
4534	35756053	1D-447	gentamicin	gentamicin			NO_GENOME_MATCH					NOT_EVALUATED	=	1	=	1			NOT_EVALUATED
4535	35756053	1D-447	ciprofloxacin	ciprofloxacin			NO_GENOME_MATCH					NOT_EVALUATED	>	4/76	>	4/76			NOT_EVALUATED
4536	35756053	1D-447	cefoxitin	cefoxitin			NO_GENOME_MATCH					NOT_EVALUATED	>	4	>	4			NOT_EVALUATED
4537	35756053	1D-447	trimethoprim	trimethoprim			NO_GENOME_MATCH					NOT_EVALUATED	>	2	>	2			NOT_EVALUATED
4538	35756053	1D-447	tobramycin	tobramycin			NO_GENOME_MATCH					NOT_EVALUATED	=	0.06	=	0.06			NOT_EVALUATED
4539	35756053	1D-447	tigecycline	tigecycline			NO_GENOME_MATCH					NOT_EVALUATED	=	64	=	64			NOT_EVALUATED
4540	35756053	1D-448	ampicillin	ampicillin			NO_GENOME_MATCH					NOT_EVALUATED	>	4	>	4			NOT_EVALUATED
4541	35756053	1D-448	cefazolin	cefazolin			NO_GENOME_MATCH					NOT_EVALUATED	>	4	>	4			NOT_EVALUATED
4542	35756053	1D-448	meropenem	meropenem			NO_GENOME_MATCH					NOT_EVALUATED	=	2	=	2			NOT_EVALUATED
4543	35756053	1D-448	gentamicin	gentamicin			NO_GENOME_MATCH					NOT_EVALUATED	=	1	=	1			NOT_EVALUATED
4544	35756053	1D-448	ciprofloxacin	ciprofloxacin			NO_GENOME_MATCH					NOT_EVALUATED	>	4/76	>	4/76			NOT_EVALUATED
4545	35756053	1D-448	cefoxitin	cefoxitin			NO_GENOME_MATCH					NOT_EVALUATED	>	4	>	4			NOT_EVALUATED
4546	35756053	1D-448	trimethoprim	trimethoprim			NO_GENOME_MATCH					NOT_EVALUATED	>	2	>	2			NOT_EVALUATED
4547	35756053	1D-448	tobramycin	tobramycin			NO_GENOME_MATCH					NOT_EVALUATED	=	0.12	=	0.12			NOT_EVALUATED
4548	35756053	1D-448	tigecycline	tigecycline			NO_GENOME_MATCH					NOT_EVALUATED	=	64	=	64			NOT_EVALUATED
4549	35756053	1D-449	ampicillin	ampicillin			NO_GENOME_MATCH					NOT_EVALUATED	>	4	>	4			NOT_EVALUATED
4550	35756053	1D-449	cefazolin	cefazolin			NO_GENOME_MATCH					NOT_EVALUATED	>	4	>	4			NOT_EVALUATED
4551	35756053	1D-449	meropenem	meropenem			NO_GENOME_MATCH					NOT_EVALUATED	=	2	=	2			NOT_EVALUATED
4552	35756053	1D-449	gentamicin	gentamicin			NO_GENOME_MATCH					NOT_EVALUATED	=	1	=	1			NOT_EVALUATED
4553	35756053	1D-449	ciprofloxacin	ciprofloxacin			NO_GENOME_MATCH					NOT_EVALUATED	>	4/76	>	4/76			NOT_EVALUATED
4554	35756053	1D-449	cefoxitin	cefoxitin			NO_GENOME_MATCH					NOT_EVALUATED	>	4	>	4			NOT_EVALUATED
4555	35756053	1D-449	trimethoprim	trimethoprim			NO_GENOME_MATCH					NOT_EVALUATED	>	2	>	2			NOT_EVALUATED
4556	35756053	1D-449	tobramycin	tobramycin			NO_GENOME_MATCH					NOT_EVALUATED	=	0.12	=	0.12			NOT_EVALUATED
4557	35756053	1D-449	tigecycline	tigecycline			NO_GENOME_MATCH					NOT_EVALUATED	=	64	=	64			NOT_EVALUATED
4558	35756053	1D-454	ampicillin	ampicillin			NO_GENOME_MATCH					NOT_EVALUATED	>	4	>	4			NOT_EVALUATED
4559	35756053	1D-454	cefazolin	cefazolin			NO_GENOME_MATCH					NOT_EVALUATED	>	4	>	4			NOT_EVALUATED
4560	35756053	1D-454	meropenem	meropenem			NO_GENOME_MATCH					NOT_EVALUATED	=	2	=	2			NOT_EVALUATED
4561	35756053	1D-454	gentamicin	gentamicin			NO_GENOME_MATCH					NOT_EVALUATED	=	1	=	1			NOT_EVALUATED
4562	35756053	1D-454	ciprofloxacin	ciprofloxacin			NO_GENOME_MATCH					NOT_EVALUATED	>	4/76	>	4/76			NOT_EVALUATED
4563	35756053	1D-454	cefoxitin	cefoxitin			NO_GENOME_MATCH					NOT_EVALUATED	>	4	>	4			NOT_EVALUATED
4564	35756053	1D-454	trimethoprim	trimethoprim			NO_GENOME_MATCH					NOT_EVALUATED	>	2	>	2			NOT_EVALUATED
4565	35756053	1D-454	tobramycin	tobramycin			NO_GENOME_MATCH					NOT_EVALUATED	=	0.12	=	0.12			NOT_EVALUATED
4566	35756053	1D-454	tigecycline	tigecycline			NO_GENOME_MATCH					NOT_EVALUATED	=	64	=	64			NOT_EVALUATED
4567	35756053	1D-457	ampicillin	ampicillin			NO_GENOME_MATCH					NOT_EVALUATED	>	4	>	4			NOT_EVALUATED
4568	35756053	1D-457	cefazolin	cefazolin			NO_GENOME_MATCH					NOT_EVALUATED	>	4	>	4			NOT_EVALUATED
4569	35756053	1D-457	meropenem	meropenem			NO_GENOME_MATCH					NOT_EVALUATED	=	2	=	2			NOT_EVALUATED
4570	35756053	1D-457	gentamicin	gentamicin			NO_GENOME_MATCH					NOT_EVALUATED	=	1	=	1			NOT_EVALUATED
4571	35756053	1D-457	ciprofloxacin	ciprofloxacin			NO_GENOME_MATCH					NOT_EVALUATED	>	4/76	>	4/76			NOT_EVALUATED
4572	35756053	1D-457	cefoxitin	cefoxitin			NO_GENOME_MATCH					NOT_EVALUATED	>	4	>	4			NOT_EVALUATED
4573	35756053	1D-457	trimethoprim	trimethoprim			NO_GENOME_MATCH					NOT_EVALUATED	>	2	>	2			NOT_EVALUATED
4574	35756053	1D-457	tobramycin	tobramycin			NO_GENOME_MATCH					NOT_EVALUATED	=	0.12	=	0.12			NOT_EVALUATED
4575	35756053	1D-457	tigecycline	tigecycline			NO_GENOME_MATCH					NOT_EVALUATED	>	64	>	64			NOT_EVALUATED
