pubmed_id	isolate_name	accession	accession_type	organism	drug_standardized	drug_raw	mic_operator	mic_value	mic_units	sir_call	breakpoint_standard	laboratory_typing_method	source_location	confidence
27381390	CVM N44704	SAMN03894121	BioSample	Salmonella enterica	amoxicillin-clavulanic_acid	amoxicillin/clavulanic acid	<=	1.0	mg/L	Susceptible	CLSI	Broth dilution	bv_brc_genome_amr	high
27381390	CVM 43834	SAMN02912003	BioSample	Salmonella enterica	ceftriaxone	ceftriaxone	<=	0.25	mg/L	Susceptible	CLSI	Broth dilution	bv_brc_genome_amr	high
27381390	CVM N47727	SAMN03894257	BioSample	Salmonella enterica	amoxicillin-clavulanic_acid	amoxicillin/clavulanic acid	=	8.0	mg/L	Susceptible	CLSI	Broth dilution	bv_brc_genome_amr	high
27381390	CVM N48685	SAMN03894272	BioSample	Salmonella enterica	ceftriaxone	ceftriaxone	<=	0.25	mg/L	Susceptible	CLSI	Broth dilution	bv_brc_genome_amr	high
27381390	CVM N46826	SAMN03894205	BioSample	Salmonella enterica	ciprofloxacin	ciprofloxacin	<=	0.015	mg/L	Susceptible	CLSI	Broth dilution	bv_brc_genome_amr	high
27381390	CVM 43805	SAMN02911974	BioSample	Salmonella enterica	ampicillin	ampicillin	>	32.0	mg/L	Resistant	CLSI	Broth dilution	bv_brc_genome_amr	high
27381390	CVM N32788	SAMN02699263	BioSample	Salmonella enterica	azithromycin	azithromycin	=	2.0	mg/L	Susceptible	CLSI	Broth dilution	bv_brc_genome_amr	high
27381390	CVM N45943	SAMN03894177	BioSample	Salmonella enterica	azithromycin	azithromycin	=	8.0	mg/L	Susceptible	CLSI	Broth dilution	bv_brc_genome_amr	high
27381390	CVM 43788	SAMN02911957	BioSample	Salmonella enterica	ciprofloxacin	ciprofloxacin	<=	0.015	mg/L	Susceptible	CLSI	Broth dilution	bv_brc_genome_amr	high
27381390	CVM N38917	SAMN02699302	BioSample	Salmonella enterica	ciprofloxacin	ciprofloxacin	<=	0.015	mg/L	Susceptible	CLSI	Broth dilution	bv_brc_genome_amr	high
27381390	CVM N43470	SAMN03894079	BioSample	Salmonella enterica	amoxicillin-clavulanic_acid	amoxicillin/clavulanic acid	<=	1.0	mg/L	Susceptible	CLSI	Broth dilution	bv_brc_genome_amr	high
27381390	CVM 43842	SAMN02912011	BioSample	Salmonella enterica	azithromycin	azithromycin	=	8.0	mg/L	Susceptible	CLSI	Broth dilution	bv_brc_genome_amr	high
27381390	CVM 43775	SAMN02911944	BioSample	Salmonella enterica	ampicillin	ampicillin	>	32.0	mg/L	Resistant	CLSI	Broth dilution	bv_brc_genome_amr	high
27381390	CVM N38870	SAMN02699288	BioSample	Salmonella enterica	amoxicillin-clavulanic_acid	amoxicillin/clavulanic acid	=	4.0	mg/L	Susceptible	CLSI	Broth dilution	bv_brc_genome_amr	high
27381390	CVM N38943	SAMN02699306	BioSample	Salmonella enterica	ceftriaxone	ceftriaxone	=	16.0	mg/L	Resistant	CLSI	Broth dilution	bv_brc_genome_amr	high
27381390	CVM 43765	SAMN02911934	BioSample	Salmonella enterica	azithromycin	azithromycin	=	2.0	mg/L	Susceptible	CLSI	Broth dilution	bv_brc_genome_amr	high
27381390	CVM N41747	SAMN02699328	BioSample	Salmonella enterica	ampicillin	ampicillin	<=	1.0	mg/L	Susceptible	CLSI	Broth dilution	bv_brc_genome_amr	high
27381390	CVM N42521	SAMN02699364	BioSample	Salmonella enterica	azithromycin	azithromycin	=	2.0	mg/L	Susceptible	CLSI	Broth dilution	bv_brc_genome_amr	high
27381390	CVM 43745	SAMN02911914	BioSample	Salmonella enterica	ceftriaxone	ceftriaxone	<=	0.25	mg/L	Susceptible	CLSI	Broth dilution	bv_brc_genome_amr	high
27381390	CVM 43753	SAMN02911922	BioSample	Salmonella enterica	ciprofloxacin	ciprofloxacin	<=	0.015	mg/L	Susceptible	CLSI	Broth dilution	bv_brc_genome_amr	high
27381390	CVM N48702	SAMN03894289	BioSample	Salmonella enterica	azithromycin	azithromycin	=	4.0	mg/L	Susceptible	CLSI	Broth dilution	bv_brc_genome_amr	high
27381390	CVM N48685	SAMN03894272	BioSample	Salmonella enterica	amoxicillin-clavulanic_acid	amoxicillin/clavulanic acid	<=	1.0	mg/L	Susceptible	CLSI	Broth dilution	bv_brc_genome_amr	high
27381390	CVM N40386	SAMN02699316	BioSample	Salmonella enterica	ceftriaxone	ceftriaxone	<=	0.25	mg/L	Susceptible	CLSI	Broth dilution	bv_brc_genome_amr	high
27381390	CVM N44698	SAMN03894115	BioSample	Salmonella enterica	ceftriaxone	ceftriaxone	<=	0.25	mg/L	Susceptible	CLSI	Broth dilution	bv_brc_genome_amr	high
27381390	CVM N51311	SAMN03894402	BioSample	Salmonella enterica	ampicillin	ampicillin	=	2.0	mg/L	Susceptible	CLSI	Broth dilution	bv_brc_genome_amr	high
27381390	CVM N45931	SAMN03894165	BioSample	Salmonella enterica	amoxicillin-clavulanic_acid	amoxicillin/clavulanic acid	<=	1.0	mg/L	Susceptible	CLSI	Broth dilution	bv_brc_genome_amr	high
27381390	CVM N46858	SAMN03894237	BioSample	Salmonella enterica	ampicillin	ampicillin	<=	1.0	mg/L	Susceptible	CLSI	Broth dilution	bv_brc_genome_amr	high
27381390	CVM N42507	SAMN02699360	BioSample	Salmonella enterica	ciprofloxacin	ciprofloxacin	<=	0.015	mg/L	Susceptible	CLSI	Broth dilution	bv_brc_genome_amr	high
27381390	CVM N31844	SAMN02699244	BioSample	Salmonella enterica	azithromycin	azithromycin	=	4.0	mg/L	Susceptible	CLSI	Broth dilution	bv_brc_genome_amr	high
27381390	CVM N51261	SAMN03894352	BioSample	Salmonella enterica	azithromycin	azithromycin	=	4.0	mg/L	Susceptible	CLSI	Broth dilution	bv_brc_genome_amr	high
27381390	CVM N46823	SAMN03894202	BioSample	Salmonella enterica	ampicillin	ampicillin	>	32.0	mg/L	Resistant	CLSI	Broth dilution	bv_brc_genome_amr	high
27381390	CVM N43458	SAMN03894067	BioSample	Salmonella enterica	ciprofloxacin	ciprofloxacin	=	0.03	mg/L	Susceptible	CLSI	Broth dilution	bv_brc_genome_amr	high
27381390	CVM N51241	SAMN03894332	BioSample	Salmonella enterica	amoxicillin-clavulanic_acid	amoxicillin/clavulanic acid	<=	1.0	mg/L	Susceptible	CLSI	Broth dilution	bv_brc_genome_amr	high
27381390	CVM N31395	SAMN02699233	BioSample	Salmonella enterica	ampicillin	ampicillin	>	32.0	mg/L	Resistant	CLSI	Broth dilution	bv_brc_genome_amr	high
27381390	CVM N45390	SAMN03894135	BioSample	Salmonella enterica	ciprofloxacin	ciprofloxacin	<=	0.015	mg/L	Susceptible	CLSI	Broth dilution	bv_brc_genome_amr	high
27381390	CVM N45938	SAMN03894172	BioSample	Salmonella enterica	amoxicillin-clavulanic_acid	amoxicillin/clavulanic acid	>	32.0	mg/L	Resistant	CLSI	Broth dilution	bv_brc_genome_amr	high
27381390	CVM N46833	SAMN03894212	BioSample	Salmonella enterica	ceftriaxone	ceftriaxone	<=	0.25	mg/L	Susceptible	CLSI	Broth dilution	bv_brc_genome_amr	high
27381390	CVM N48687	SAMN03894274	BioSample	Salmonella enterica	azithromycin	azithromycin	=	2.0	mg/L	Susceptible	CLSI	Broth dilution	bv_brc_genome_amr	high
27381390	CVM 43783	SAMN02911952	BioSample	Salmonella enterica	azithromycin	azithromycin	=	4.0	mg/L	Susceptible	CLSI	Broth dilution	bv_brc_genome_amr	high
27381390	CVM N32055	SAMN02699252	BioSample	Salmonella enterica	azithromycin	azithromycin	=	4.0	mg/L	Susceptible	CLSI	Broth dilution	bv_brc_genome_amr	high
27381390	CVM 43755	SAMN02911924	BioSample	Salmonella enterica	amoxicillin-clavulanic_acid	amoxicillin/clavulanic acid	=	8.0	mg/L	Susceptible	CLSI	Broth dilution	bv_brc_genome_amr	high
27381390	CVM N50439	SAMN03894319	BioSample	Salmonella enterica	azithromycin	azithromycin	=	4.0	mg/L	Susceptible	CLSI	Broth dilution	bv_brc_genome_amr	high
27381390	CVM 43748	SAMN02911917	BioSample	Salmonella enterica	ampicillin	ampicillin	<=	1.0	mg/L	Susceptible	CLSI	Broth dilution	bv_brc_genome_amr	high
27381390	CVM N41913	SAMN02699334	BioSample	Salmonella enterica	azithromycin	azithromycin	=	4.0	mg/L	Susceptible	CLSI	Broth dilution	bv_brc_genome_amr	high
27381390	CVM N47713	SAMN03894243	BioSample	Salmonella enterica	azithromycin	azithromycin	=	4.0	mg/L	Susceptible	CLSI	Broth dilution	bv_brc_genome_amr	high
27381390	CVM N45952	SAMN03894183	BioSample	Salmonella enterica	ciprofloxacin	ciprofloxacin	<=	0.015	mg/L	Susceptible	CLSI	Broth dilution	bv_brc_genome_amr	high
27381390	CVM N38238	SAMN02699277	BioSample	Salmonella enterica	ceftriaxone	ceftriaxone	<=	0.25	mg/L	Susceptible	CLSI	Broth dilution	bv_brc_genome_amr	high
27381390	CVM N47717	SAMN03894247	BioSample	Salmonella enterica	azithromycin	azithromycin	=	4.0	mg/L	Susceptible	CLSI	Broth dilution	bv_brc_genome_amr	high
27381390	CVM 43767	SAMN02911936	BioSample	Salmonella enterica	azithromycin	azithromycin	=	4.0	mg/L	Susceptible	CLSI	Broth dilution	bv_brc_genome_amr	high
27381390	CVM N41909	SAMN02699333	BioSample	Salmonella enterica	ciprofloxacin	ciprofloxacin	<=	0.015	mg/L	Susceptible	CLSI	Broth dilution	bv_brc_genome_amr	high
27381390	CVM 43811	SAMN02911980	BioSample	Salmonella enterica	ciprofloxacin	ciprofloxacin	<=	0.015	mg/L	Susceptible	CLSI	Broth dilution	bv_brc_genome_amr	high
27381390	CVM N42468	SAMN02699348	BioSample	Salmonella enterica	amoxicillin-clavulanic_acid	amoxicillin/clavulanic acid	=	16.0	mg/L	Susceptible	CLSI	Broth dilution	bv_brc_genome_amr	high
27381390	CVM N51282	SAMN03894373	BioSample	Salmonella enterica	ciprofloxacin	ciprofloxacin	<=	0.015	mg/L	Susceptible	CLSI	Broth dilution	bv_brc_genome_amr	high
27381390	CVM 43773	SAMN02911942	BioSample	Salmonella enterica	ciprofloxacin	ciprofloxacin	=	0.12	mg/L	Susceptible	CLSI	Broth dilution	bv_brc_genome_amr	high
27381390	CVM N51280	SAMN03894371	BioSample	Salmonella enterica	azithromycin	azithromycin	=	4.0	mg/L	Susceptible	CLSI	Broth dilution	bv_brc_genome_amr	high
27381390	CVM 43843	SAMN02912012	BioSample	Salmonella enterica	azithromycin	azithromycin	=	4.0	mg/L	Susceptible	CLSI	Broth dilution	bv_brc_genome_amr	high
27381390	CVM N50444	SAMN03894324	BioSample	Salmonella enterica	amoxicillin-clavulanic_acid	amoxicillin/clavulanic acid	<=	1.0	mg/L	Susceptible	CLSI	Broth dilution	bv_brc_genome_amr	high
27381390	CVM N46829	SAMN03894208	BioSample	Salmonella enterica	azithromycin	azithromycin	=	4.0	mg/L	Susceptible	CLSI	Broth dilution	bv_brc_genome_amr	high
27381390	CVM N46810	SAMN03894190	BioSample	Salmonella enterica	ciprofloxacin	ciprofloxacin	=	0.03	mg/L	Susceptible	CLSI	Broth dilution	bv_brc_genome_amr	high
27381390	CVM N40416	SAMN02699321	BioSample	Salmonella enterica	ampicillin	ampicillin	>	32.0	mg/L	Resistant	CLSI	Broth dilution	bv_brc_genome_amr	high
27381390	CVM N44707	SAMN03894124	BioSample	Salmonella enterica	ampicillin	ampicillin	>	32.0	mg/L	Resistant	CLSI	Broth dilution	bv_brc_genome_amr	high
27381390	CVM 43789	SAMN02911958	BioSample	Salmonella enterica	amoxicillin-clavulanic_acid	amoxicillin/clavulanic acid	=	32.0	mg/L	Resistant	CLSI	Broth dilution	bv_brc_genome_amr	high
27381390	CVM N48699	SAMN03894286	BioSample	Salmonella enterica	azithromycin	azithromycin	=	4.0	mg/L	Susceptible	CLSI	Broth dilution	bv_brc_genome_amr	high
27381390	CVM 43790	SAMN02911959	BioSample	Salmonella enterica	amoxicillin-clavulanic_acid	amoxicillin/clavulanic acid	>	32.0	mg/L	Resistant	CLSI	Broth dilution	bv_brc_genome_amr	high
27381390	CVM N40408	SAMN02699319	BioSample	Salmonella enterica	ceftriaxone	ceftriaxone	=	64.0	mg/L	Resistant	CLSI	Broth dilution	bv_brc_genome_amr	high
27381390	CVM N51253	SAMN03894344	BioSample	Salmonella enterica	ceftriaxone	ceftriaxone	=	32.0	mg/L	Resistant	CLSI	Broth dilution	bv_brc_genome_amr	high
27381390	CVM N31597	SAMN02699243	BioSample	Salmonella enterica	ampicillin	ampicillin	<=	1.0	mg/L	Susceptible	CLSI	Broth dilution	bv_brc_genome_amr	high
27381390	CVM N31411	SAMN02699238	BioSample	Salmonella enterica	amoxicillin-clavulanic_acid	amoxicillin/clavulanic acid	<=	1.0	mg/L	Susceptible	CLSI	Broth dilution	bv_brc_genome_amr	high
27381390	CVM N51981	SAMN03894407	BioSample	Salmonella enterica	ciprofloxacin	ciprofloxacin	<=	0.015	mg/L	Susceptible	CLSI	Broth dilution	bv_brc_genome_amr	high
27381390	CVM 43789	SAMN02911958	BioSample	Salmonella enterica	ceftriaxone	ceftriaxone	=	8.0	mg/L	Resistant	CLSI	Broth dilution	bv_brc_genome_amr	high
27381390	CVM N40416	SAMN02699321	BioSample	Salmonella enterica	amoxicillin-clavulanic_acid	amoxicillin/clavulanic acid	>	32.0	mg/L	Resistant	CLSI	Broth dilution	bv_brc_genome_amr	high
27381390	CVM 43831	SAMN02912000	BioSample	Salmonella enterica	azithromycin	azithromycin	=	4.0	mg/L	Susceptible	CLSI	Broth dilution	bv_brc_genome_amr	high
27381390	CVM N38860	SAMN02699283	BioSample	Salmonella enterica	ceftriaxone	ceftriaxone	=	32.0	mg/L	Resistant	CLSI	Broth dilution	bv_brc_genome_amr	high
27381390	CVM 43843	SAMN02912012	BioSample	Salmonella enterica	ciprofloxacin	ciprofloxacin	<=	0.015	mg/L	Susceptible	CLSI	Broth dilution	bv_brc_genome_amr	high
27381390	CVM 43780	SAMN02911949	BioSample	Salmonella enterica	amoxicillin-clavulanic_acid	amoxicillin/clavulanic acid	=	16.0	mg/L	Susceptible	CLSI	Broth dilution	bv_brc_genome_amr	high
27381390	CVM N51259	SAMN03894350	BioSample	Salmonella enterica	amoxicillin-clavulanic_acid	amoxicillin/clavulanic acid	<=	1.0	mg/L	Susceptible	CLSI	Broth dilution	bv_brc_genome_amr	high
27381390	CVM 43795	SAMN02911964	BioSample	Salmonella enterica	ampicillin	ampicillin	>	32.0	mg/L	Resistant	CLSI	Broth dilution	bv_brc_genome_amr	high
27381390	CVM N51306	SAMN03894397	BioSample	Salmonella enterica	ceftriaxone	ceftriaxone	<=	0.25	mg/L	Susceptible	CLSI	Broth dilution	bv_brc_genome_amr	high
27381390	CVM N42480	SAMN02699354	BioSample	Salmonella enterica	ceftriaxone	ceftriaxone	<=	0.25	mg/L	Susceptible	CLSI	Broth dilution	bv_brc_genome_amr	high
27381390	CVM N38234	SAMN02699275	BioSample	Salmonella enterica	ampicillin	ampicillin	>	32.0	mg/L	Resistant	CLSI	Broth dilution	bv_brc_genome_amr	high
27381390	CVM N42482	SAMN02699355	BioSample	Salmonella enterica	ampicillin	ampicillin	>	32.0	mg/L	Resistant	CLSI	Broth dilution	bv_brc_genome_amr	high
27381390	CVM 43830	SAMN02911999	BioSample	Salmonella enterica	ampicillin	ampicillin	<=	1.0	mg/L	Susceptible	CLSI	Broth dilution	bv_brc_genome_amr	high
27381390	CVM N51298	SAMN03894389	BioSample	Salmonella enterica	ciprofloxacin	ciprofloxacin	<=	0.015	mg/L	Susceptible	CLSI	Broth dilution	bv_brc_genome_amr	high
27381390	CVM N45402	SAMN03894147	BioSample	Salmonella enterica	ceftriaxone	ceftriaxone	<=	0.25	mg/L	Susceptible	CLSI	Broth dilution	bv_brc_genome_amr	high
27381390	CVM N29339	SAMN02699196	BioSample	Salmonella enterica	amoxicillin-clavulanic_acid	amoxicillin/clavulanic acid	=	16.0	mg/L	Susceptible	CLSI	Broth dilution	bv_brc_genome_amr	high
27381390	CVM N45944	SAMN03894178	BioSample	Salmonella enterica	azithromycin	azithromycin	=	2.0	mg/L	Susceptible	CLSI	Broth dilution	bv_brc_genome_amr	high
27381390	CVM N46815	SAMN03894195	BioSample	Salmonella enterica	ampicillin	ampicillin	<=	1.0	mg/L	Susceptible	CLSI	Broth dilution	bv_brc_genome_amr	high
27381390	CVM 43753	SAMN02911922	BioSample	Salmonella enterica	ampicillin	ampicillin	<=	1.0	mg/L	Susceptible	CLSI	Broth dilution	bv_brc_genome_amr	high
27381390	CVM N41906	SAMN02699332	BioSample	Salmonella enterica	amoxicillin-clavulanic_acid	amoxicillin/clavulanic acid	>	32.0	mg/L	Resistant	CLSI	Broth dilution	bv_brc_genome_amr	high
27381390	CVM N45929	SAMN03894163	BioSample	Salmonella enterica	ciprofloxacin	ciprofloxacin	<=	0.015	mg/L	Susceptible	CLSI	Broth dilution	bv_brc_genome_amr	high
27381390	CVM N39863	SAMN02699308	BioSample	Salmonella enterica	amoxicillin-clavulanic_acid	amoxicillin/clavulanic acid	=	32.0	mg/L	Resistant	CLSI	Broth dilution	bv_brc_genome_amr	high
27381390	CVM N50423	SAMN03894303	BioSample	Salmonella enterica	azithromycin	azithromycin	=	4.0	mg/L	Susceptible	CLSI	Broth dilution	bv_brc_genome_amr	high
27381390	CVM N37931	SAMN02699269	BioSample	Salmonella enterica	ampicillin	ampicillin	<=	1.0	mg/L	Susceptible	CLSI	Broth dilution	bv_brc_genome_amr	high
27381390	CVM N51279	SAMN03894370	BioSample	Salmonella enterica	ampicillin	ampicillin	>	32.0	mg/L	Resistant	CLSI	Broth dilution	bv_brc_genome_amr	high
27381390	CVM N42337	SAMN02699342	BioSample	Salmonella enterica	azithromycin	azithromycin	=	8.0	mg/L	Susceptible	CLSI	Broth dilution	bv_brc_genome_amr	high
27381390	CVM 43797	SAMN02911966	BioSample	Salmonella enterica	ciprofloxacin	ciprofloxacin	<=	0.015	mg/L	Susceptible	CLSI	Broth dilution	bv_brc_genome_amr	high
27381390	CVM N46828	SAMN03894207	BioSample	Salmonella enterica	ceftriaxone	ceftriaxone	<=	0.25	mg/L	Susceptible	CLSI	Broth dilution	bv_brc_genome_amr	high
27381390	CVM N50432	SAMN03894312	BioSample	Salmonella enterica	azithromycin	azithromycin	=	4.0	mg/L	Susceptible	CLSI	Broth dilution	bv_brc_genome_amr	high
27381390	CVM N43475	SAMN03894084	BioSample	Salmonella enterica	amoxicillin-clavulanic_acid	amoxicillin/clavulanic acid	<=	1.0	mg/L	Susceptible	CLSI	Broth dilution	bv_brc_genome_amr	high
27381390	CVM N46847	SAMN03894226	BioSample	Salmonella enterica	azithromycin	azithromycin	=	4.0	mg/L	Susceptible	CLSI	Broth dilution	bv_brc_genome_amr	high
27381390	CVM N45945	SAMN03894179	BioSample	Salmonella enterica	amoxicillin-clavulanic_acid	amoxicillin/clavulanic acid	<=	1.0	mg/L	Susceptible	CLSI	Broth dilution	bv_brc_genome_amr	high
27381390	CVM N50424	SAMN03894304	BioSample	Salmonella enterica	ceftriaxone	ceftriaxone	<=	0.25	mg/L	Susceptible	CLSI	Broth dilution	bv_brc_genome_amr	high
27381390	CVM N44710	SAMN03894127	BioSample	Salmonella enterica	ceftriaxone	ceftriaxone	<=	0.25	mg/L	Susceptible	CLSI	Broth dilution	bv_brc_genome_amr	high
27381390	CVM N29317	SAMN02699192	BioSample	Salmonella enterica	ciprofloxacin	ciprofloxacin	<=	0.015	mg/L	Susceptible	CLSI	Broth dilution	bv_brc_genome_amr	high
27381390	CVM N47718	SAMN03894248	BioSample	Salmonella enterica	ciprofloxacin	ciprofloxacin	<=	0.015	mg/L	Susceptible	CLSI	Broth dilution	bv_brc_genome_amr	high
27381390	CVM N46833	SAMN03894212	BioSample	Salmonella enterica	ciprofloxacin	ciprofloxacin	<=	0.015	mg/L	Susceptible	CLSI	Broth dilution	bv_brc_genome_amr	high
27381390	CVM N29379	SAMN02699209	BioSample	Salmonella enterica	ampicillin	ampicillin	>	32.0	mg/L	Resistant	CLSI	Broth dilution	bv_brc_genome_amr	high
27381390	CVM N32051	SAMN02699249	BioSample	Salmonella enterica	ciprofloxacin	ciprofloxacin	<=	0.015	mg/L	Susceptible	CLSI	Broth dilution	bv_brc_genome_amr	high
27381390	CVM N42482	SAMN02699355	BioSample	Salmonella enterica	ciprofloxacin	ciprofloxacin	<=	0.015	mg/L	Susceptible	CLSI	Broth dilution	bv_brc_genome_amr	high
27381390	CVM 43840	SAMN02912009	BioSample	Salmonella enterica	amoxicillin-clavulanic_acid	amoxicillin/clavulanic acid	>	32.0	mg/L	Resistant	CLSI	Broth dilution	bv_brc_genome_amr	high
27381390	CVM 43811	SAMN02911980	BioSample	Salmonella enterica	ceftriaxone	ceftriaxone	<=	0.25	mg/L	Susceptible	CLSI	Broth dilution	bv_brc_genome_amr	high
27381390	CVM 43777	SAMN02911946	BioSample	Salmonella enterica	amoxicillin-clavulanic_acid	amoxicillin/clavulanic acid	=	16.0	mg/L	Susceptible	CLSI	Broth dilution	bv_brc_genome_amr	high
27381390	CVM 43783	SAMN02911952	BioSample	Salmonella enterica	ciprofloxacin	ciprofloxacin	=	0.5	mg/L	Susceptible	CLSI	Broth dilution	bv_brc_genome_amr	high
27381390	CVM N38903	SAMN02699298	BioSample	Salmonella enterica	ceftriaxone	ceftriaxone	<=	0.25	mg/L	Susceptible	CLSI	Broth dilution	bv_brc_genome_amr	high
27381390	CVM 43790	SAMN02911959	BioSample	Salmonella enterica	ciprofloxacin	ciprofloxacin	<=	0.015	mg/L	Susceptible	CLSI	Broth dilution	bv_brc_genome_amr	high
27381390	CVM N50439	SAMN03894319	BioSample	Salmonella enterica	ceftriaxone	ceftriaxone	<=	0.25	mg/L	Susceptible	CLSI	Broth dilution	bv_brc_genome_amr	high
27381390	CVM 43786	SAMN02911955	BioSample	Salmonella enterica	ciprofloxacin	ciprofloxacin	<=	0.015	mg/L	Susceptible	CLSI	Broth dilution	bv_brc_genome_amr	high
27381390	CVM N44708	SAMN03894125	BioSample	Salmonella enterica	amoxicillin-clavulanic_acid	amoxicillin/clavulanic acid	>	32.0	mg/L	Resistant	CLSI	Broth dilution	bv_brc_genome_amr	high
27381390	CVM N32755	SAMN02699257	BioSample	Salmonella enterica	ciprofloxacin	ciprofloxacin	<=	0.015	mg/L	Susceptible	CLSI	Broth dilution	bv_brc_genome_amr	high
27381390	CVM N37950	SAMN02699272	BioSample	Salmonella enterica	ceftriaxone	ceftriaxone	<=	0.25	mg/L	Susceptible	CLSI	Broth dilution	bv_brc_genome_amr	high
27381390	CVM N43467	SAMN03894076	BioSample	Salmonella enterica	ciprofloxacin	ciprofloxacin	<=	0.015	mg/L	Susceptible	CLSI	Broth dilution	bv_brc_genome_amr	high
27381390	CVM N43829	SAMN03894101	BioSample	Salmonella enterica	ampicillin	ampicillin	>	32.0	mg/L	Resistant	CLSI	Broth dilution	bv_brc_genome_amr	high
27381390	CVM N32045	SAMN02699247	BioSample	Salmonella enterica	amoxicillin-clavulanic_acid	amoxicillin/clavulanic acid	>	32.0	mg/L	Resistant	CLSI	Broth dilution	bv_brc_genome_amr	high
27381390	CVM N29369	SAMN02699206	BioSample	Salmonella enterica	ampicillin	ampicillin	>	32.0	mg/L	Resistant	CLSI	Broth dilution	bv_brc_genome_amr	high
27381390	CVM N51265	SAMN03894356	BioSample	Salmonella enterica	azithromycin	azithromycin	=	4.0	mg/L	Susceptible	CLSI	Broth dilution	bv_brc_genome_amr	high
27381390	CVM N38870	SAMN02699288	BioSample	Salmonella enterica	azithromycin	azithromycin	=	4.0	mg/L	Susceptible	CLSI	Broth dilution	bv_brc_genome_amr	high
27381390	CVM N43461	SAMN03894070	BioSample	Salmonella enterica	ceftriaxone	ceftriaxone	<=	0.25	mg/L	Susceptible	CLSI	Broth dilution	bv_brc_genome_amr	high
27381390	CVM N43836	SAMN03894108	BioSample	Salmonella enterica	ceftriaxone	ceftriaxone	<=	0.25	mg/L	Susceptible	CLSI	Broth dilution	bv_brc_genome_amr	high
27381390	CVM 43800	SAMN02911969	BioSample	Salmonella enterica	azithromycin	azithromycin	=	4.0	mg/L	Susceptible	CLSI	Broth dilution	bv_brc_genome_amr	high
27381390	CVM 43749	SAMN02911918	BioSample	Salmonella enterica	ampicillin	ampicillin	>	32.0	mg/L	Resistant	CLSI	Broth dilution	bv_brc_genome_amr	high
27381390	CVM 43751	SAMN02911920	BioSample	Salmonella enterica	azithromycin	azithromycin	=	2.0	mg/L	Susceptible	CLSI	Broth dilution	bv_brc_genome_amr	high
27381390	CVM 43775	SAMN02911944	BioSample	Salmonella enterica	ceftriaxone	ceftriaxone	<=	0.25	mg/L	Susceptible	CLSI	Broth dilution	bv_brc_genome_amr	high
27381390	CVM 43831	SAMN02912000	BioSample	Salmonella enterica	ceftriaxone	ceftriaxone	<=	0.25	mg/L	Susceptible	CLSI	Broth dilution	bv_brc_genome_amr	high
27381390	CVM 43796	SAMN02911965	BioSample	Salmonella enterica	amoxicillin-clavulanic_acid	amoxicillin/clavulanic acid	<=	1.0	mg/L	Susceptible	CLSI	Broth dilution	bv_brc_genome_amr	high
27381390	CVM N51273	SAMN03894364	BioSample	Salmonella enterica	amoxicillin-clavulanic_acid	amoxicillin/clavulanic acid	>	32.0	mg/L	Resistant	CLSI	Broth dilution	bv_brc_genome_amr	high
27381390	CVM N51286	SAMN03894377	BioSample	Salmonella enterica	ampicillin	ampicillin	<=	1.0	mg/L	Susceptible	CLSI	Broth dilution	bv_brc_genome_amr	high
27381390	CVM N51241	SAMN03894332	BioSample	Salmonella enterica	azithromycin	azithromycin	=	4.0	mg/L	Susceptible	CLSI	Broth dilution	bv_brc_genome_amr	high
27381390	CVM N51240	SAMN03894331	BioSample	Salmonella enterica	ceftriaxone	ceftriaxone	<=	0.25	mg/L	Susceptible	CLSI	Broth dilution	bv_brc_genome_amr	high
27381390	CVM N47726	SAMN03894256	BioSample	Salmonella enterica	ceftriaxone	ceftriaxone	<=	0.25	mg/L	Susceptible	CLSI	Broth dilution	bv_brc_genome_amr	high
27381390	CVM N43831	SAMN03894103	BioSample	Salmonella enterica	ampicillin	ampicillin	>	32.0	mg/L	Resistant	CLSI	Broth dilution	bv_brc_genome_amr	high
27381390	CVM N46858	SAMN03894237	BioSample	Salmonella enterica	azithromycin	azithromycin	=	1.0	mg/L	Susceptible	CLSI	Broth dilution	bv_brc_genome_amr	high
27381390	CVM N50430	SAMN03894310	BioSample	Salmonella enterica	ciprofloxacin	ciprofloxacin	<=	0.015	mg/L	Susceptible	CLSI	Broth dilution	bv_brc_genome_amr	high
27381390	CVM N48706	SAMN03894293	BioSample	Salmonella enterica	ciprofloxacin	ciprofloxacin	<=	0.015	mg/L	Susceptible	CLSI	Broth dilution	bv_brc_genome_amr	high
27381390	CVM N42492	SAMN02699357	BioSample	Salmonella enterica	amoxicillin-clavulanic_acid	amoxicillin/clavulanic acid	<=	1.0	mg/L	Susceptible	CLSI	Broth dilution	bv_brc_genome_amr	high
27381390	CVM N48700	SAMN03894287	BioSample	Salmonella enterica	ceftriaxone	ceftriaxone	<=	0.25	mg/L	Susceptible	CLSI	Broth dilution	bv_brc_genome_amr	high
27381390	CVM N51302	SAMN03894393	BioSample	Salmonella enterica	ceftriaxone	ceftriaxone	<=	0.25	mg/L	Susceptible	CLSI	Broth dilution	bv_brc_genome_amr	high
27381390	CVM N43478	SAMN03894087	BioSample	Salmonella enterica	ceftriaxone	ceftriaxone	<=	0.25	mg/L	Susceptible	CLSI	Broth dilution	bv_brc_genome_amr	high
27381390	CVM N42512	SAMN02699362	BioSample	Salmonella enterica	ciprofloxacin	ciprofloxacin	=	0.03	mg/L	Susceptible	CLSI	Broth dilution	bv_brc_genome_amr	high
27381390	CVM N48690	SAMN03894277	BioSample	Salmonella enterica	amoxicillin-clavulanic_acid	amoxicillin/clavulanic acid	<=	1.0	mg/L	Susceptible	CLSI	Broth dilution	bv_brc_genome_amr	high
27381390	CVM N45401	SAMN03894146	BioSample	Salmonella enterica	ampicillin	ampicillin	>	32.0	mg/L	Resistant	CLSI	Broth dilution	bv_brc_genome_amr	high
27381390	CVM N46861	SAMN03894240	BioSample	Salmonella enterica	azithromycin	azithromycin	=	4.0	mg/L	Susceptible	CLSI	Broth dilution	bv_brc_genome_amr	high
27381390	CVM N43825	SAMN03894097	BioSample	Salmonella enterica	amoxicillin-clavulanic_acid	amoxicillin/clavulanic acid	<=	1.0	mg/L	Susceptible	CLSI	Broth dilution	bv_brc_genome_amr	high
27381390	CVM N51299	SAMN03894390	BioSample	Salmonella enterica	ciprofloxacin	ciprofloxacin	<=	0.015	mg/L	Susceptible	CLSI	Broth dilution	bv_brc_genome_amr	high
27381390	CVM N31846	SAMN02699245	BioSample	Salmonella enterica	ceftriaxone	ceftriaxone	=	2.0	mg/L	Susceptible	CLSI	Broth dilution	bv_brc_genome_amr	high
27381390	CVM N43820	SAMN03894092	BioSample	Salmonella enterica	ciprofloxacin	ciprofloxacin	<=	0.015	mg/L	Susceptible	CLSI	Broth dilution	bv_brc_genome_amr	high
27381390	CVM N42521	SAMN02699364	BioSample	Salmonella enterica	amoxicillin-clavulanic_acid	amoxicillin/clavulanic acid	=	8.0	mg/L	Susceptible	CLSI	Broth dilution	bv_brc_genome_amr	high
27381390	CVM N51251	SAMN03894342	BioSample	Salmonella enterica	ceftriaxone	ceftriaxone	=	16.0	mg/L	Resistant	CLSI	Broth dilution	bv_brc_genome_amr	high
27381390	CVM 43808	SAMN02911977	BioSample	Salmonella enterica	amoxicillin-clavulanic_acid	amoxicillin/clavulanic acid	<=	1.0	mg/L	Susceptible	CLSI	Broth dilution	bv_brc_genome_amr	high
27381390	CVM N29351	SAMN02699199	BioSample	Salmonella enterica	ampicillin	ampicillin	>	32.0	mg/L	Resistant	CLSI	Broth dilution	bv_brc_genome_amr	high
27381390	CVM N46854	SAMN03894233	BioSample	Salmonella enterica	azithromycin	azithromycin	=	4.0	mg/L	Susceptible	CLSI	Broth dilution	bv_brc_genome_amr	high
27381390	CVM 43750	SAMN02911919	BioSample	Salmonella enterica	ceftriaxone	ceftriaxone	<=	0.25	mg/L	Susceptible	CLSI	Broth dilution	bv_brc_genome_amr	high
27381390	CVM N51261	SAMN03894352	BioSample	Salmonella enterica	ceftriaxone	ceftriaxone	<=	0.25	mg/L	Susceptible	CLSI	Broth dilution	bv_brc_genome_amr	high
27381390	CVM N50444	SAMN03894324	BioSample	Salmonella enterica	azithromycin	azithromycin	=	4.0	mg/L	Susceptible	CLSI	Broth dilution	bv_brc_genome_amr	high
27381390	CVM N45926	SAMN03894160	BioSample	Salmonella enterica	ceftriaxone	ceftriaxone	<=	0.25	mg/L	Susceptible	CLSI	Broth dilution	bv_brc_genome_amr	high
27381390	CVM 43750	SAMN02911919	BioSample	Salmonella enterica	ampicillin	ampicillin	<=	1.0	mg/L	Susceptible	CLSI	Broth dilution	bv_brc_genome_amr	high
27381390	CVM N51275	SAMN03894366	BioSample	Salmonella enterica	ampicillin	ampicillin	>	32.0	mg/L	Resistant	CLSI	Broth dilution	bv_brc_genome_amr	high
27381390	CVM N38851	SAMN02699280	BioSample	Salmonella enterica	ciprofloxacin	ciprofloxacin	<=	0.015	mg/L	Susceptible	CLSI	Broth dilution	bv_brc_genome_amr	high
27381390	CVM N45400	SAMN03894145	BioSample	Salmonella enterica	amoxicillin-clavulanic_acid	amoxicillin/clavulanic acid	<=	1.0	mg/L	Susceptible	CLSI	Broth dilution	bv_brc_genome_amr	high
27381390	CVM N45939	SAMN03894173	BioSample	Salmonella enterica	azithromycin	azithromycin	=	2.0	mg/L	Susceptible	CLSI	Broth dilution	bv_brc_genome_amr	high
27381390	CVM N39866	SAMN02699309	BioSample	Salmonella enterica	ceftriaxone	ceftriaxone	=	16.0	mg/L	Resistant	CLSI	Broth dilution	bv_brc_genome_amr	high
27381390	CVM N43481	SAMN03894090	BioSample	Salmonella enterica	ciprofloxacin	ciprofloxacin	<=	0.015	mg/L	Susceptible	CLSI	Broth dilution	bv_brc_genome_amr	high
27381390	CVM N46855	SAMN03894234	BioSample	Salmonella enterica	ceftriaxone	ceftriaxone	<=	0.25	mg/L	Susceptible	CLSI	Broth dilution	bv_brc_genome_amr	high
27381390	CVM 43749	SAMN02911918	BioSample	Salmonella enterica	ceftriaxone	ceftriaxone	<=	0.25	mg/L	Susceptible	CLSI	Broth dilution	bv_brc_genome_amr	high
27381390	CVM 43794	SAMN02911963	BioSample	Salmonella enterica	ciprofloxacin	ciprofloxacin	<=	0.015	mg/L	Susceptible	CLSI	Broth dilution	bv_brc_genome_amr	high
27381390	CVM N38929	SAMN02699305	BioSample	Salmonella enterica	ampicillin	ampicillin	<=	1.0	mg/L	Susceptible	CLSI	Broth dilution	bv_brc_genome_amr	high
27381390	CVM N30645	SAMN02699214	BioSample	Salmonella enterica	ampicillin	ampicillin	<=	1.0	mg/L	Susceptible	CLSI	Broth dilution	bv_brc_genome_amr	high
27381390	CVM 43821	SAMN02911990	BioSample	Salmonella enterica	amoxicillin-clavulanic_acid	amoxicillin/clavulanic acid	=	16.0	mg/L	Susceptible	CLSI	Broth dilution	bv_brc_genome_amr	high
27381390	CVM N51311	SAMN03894402	BioSample	Salmonella enterica	azithromycin	azithromycin	=	8.0	mg/L	Susceptible	CLSI	Broth dilution	bv_brc_genome_amr	high
27381390	CVM N51279	SAMN03894370	BioSample	Salmonella enterica	ciprofloxacin	ciprofloxacin	<=	0.015	mg/L	Susceptible	CLSI	Broth dilution	bv_brc_genome_amr	high
27381390	CVM 43830	SAMN02911999	BioSample	Salmonella enterica	amoxicillin-clavulanic_acid	amoxicillin/clavulanic acid	<=	1.0	mg/L	Susceptible	CLSI	Broth dilution	bv_brc_genome_amr	high
27381390	CVM 43803	SAMN02911972	BioSample	Salmonella enterica	ampicillin	ampicillin	<=	1.0	mg/L	Susceptible	CLSI	Broth dilution	bv_brc_genome_amr	high
27381390	CVM 43746	SAMN02911915	BioSample	Salmonella enterica	ciprofloxacin	ciprofloxacin	<=	0.015	mg/L	Susceptible	CLSI	Broth dilution	bv_brc_genome_amr	high
27381390	CVM N46844	SAMN03894223	BioSample	Salmonella enterica	azithromycin	azithromycin	=	4.0	mg/L	Susceptible	CLSI	Broth dilution	bv_brc_genome_amr	high
27381390	CVM N50449	SAMN03894329	BioSample	Salmonella enterica	ampicillin	ampicillin	<=	1.0	mg/L	Susceptible	CLSI	Broth dilution	bv_brc_genome_amr	high
27381390	CVM N41733	SAMN02699325	BioSample	Salmonella enterica	ampicillin	ampicillin	<=	1.0	mg/L	Susceptible	CLSI	Broth dilution	bv_brc_genome_amr	high
27381390	CVM N51299	SAMN03894390	BioSample	Salmonella enterica	ceftriaxone	ceftriaxone	=	8.0	mg/L	Resistant	CLSI	Broth dilution	bv_brc_genome_amr	high
27381390	CVM N42473	SAMN02699351	BioSample	Salmonella enterica	ciprofloxacin	ciprofloxacin	<=	0.015	mg/L	Susceptible	CLSI	Broth dilution	bv_brc_genome_amr	high
27381390	CVM N37907	SAMN02699264	BioSample	Salmonella enterica	azithromycin	azithromycin	=	4.0	mg/L	Susceptible	CLSI	Broth dilution	bv_brc_genome_amr	high
27381390	CVM N48684	SAMN03894271	BioSample	Salmonella enterica	ampicillin	ampicillin	<=	1.0	mg/L	Susceptible	CLSI	Broth dilution	bv_brc_genome_amr	high
27381390	CVM N45939	SAMN03894173	BioSample	Salmonella enterica	amoxicillin-clavulanic_acid	amoxicillin/clavulanic acid	<=	1.0	mg/L	Susceptible	CLSI	Broth dilution	bv_brc_genome_amr	high
27381390	CVM N45949	SAMN03894180	BioSample	Salmonella enterica	ciprofloxacin	ciprofloxacin	<=	0.015	mg/L	Susceptible	CLSI	Broth dilution	bv_brc_genome_amr	high
27381390	CVM N51286	SAMN03894377	BioSample	Salmonella enterica	azithromycin	azithromycin	=	4.0	mg/L	Susceptible	CLSI	Broth dilution	bv_brc_genome_amr	high
27381390	CVM N38882	SAMN02699292	BioSample	Salmonella enterica	ceftriaxone	ceftriaxone	<=	0.25	mg/L	Susceptible	CLSI	Broth dilution	bv_brc_genome_amr	high
27381390	CVM N42450	SAMN02699343	BioSample	Salmonella enterica	ciprofloxacin	ciprofloxacin	<=	0.015	mg/L	Susceptible	CLSI	Broth dilution	bv_brc_genome_amr	high
27381390	CVM N50423	SAMN03894303	BioSample	Salmonella enterica	ampicillin	ampicillin	>	32.0	mg/L	Resistant	CLSI	Broth dilution	bv_brc_genome_amr	high
27381390	CVM 43801	SAMN02911970	BioSample	Salmonella enterica	amoxicillin-clavulanic_acid	amoxicillin/clavulanic acid	<=	1.0	mg/L	Susceptible	CLSI	Broth dilution	bv_brc_genome_amr	high
27381390	CVM N46822	SAMN03894201	BioSample	Salmonella enterica	ceftriaxone	ceftriaxone	<=	0.25	mg/L	Susceptible	CLSI	Broth dilution	bv_brc_genome_amr	high
27381390	CVM N40386	SAMN02699316	BioSample	Salmonella enterica	amoxicillin-clavulanic_acid	amoxicillin/clavulanic acid	<=	1.0	mg/L	Susceptible	CLSI	Broth dilution	bv_brc_genome_amr	high
27381390	CVM N50440	SAMN03894320	BioSample	Salmonella enterica	amoxicillin-clavulanic_acid	amoxicillin/clavulanic acid	<=	1.0	mg/L	Susceptible	CLSI	Broth dilution	bv_brc_genome_amr	high
27381390	CVM N51286	SAMN03894377	BioSample	Salmonella enterica	amoxicillin-clavulanic_acid	amoxicillin/clavulanic acid	<=	1.0	mg/L	Susceptible	CLSI	Broth dilution	bv_brc_genome_amr	high
27381390	CVM N46822	SAMN03894201	BioSample	Salmonella enterica	azithromycin	azithromycin	=	4.0	mg/L	Susceptible	CLSI	Broth dilution	bv_brc_genome_amr	high
27381390	CVM N50419	SAMN03894299	BioSample	Salmonella enterica	amoxicillin-clavulanic_acid	amoxicillin/clavulanic acid	=	2.0	mg/L	Susceptible	CLSI	Broth dilution	bv_brc_genome_amr	high
27381390	CVM N40413	SAMN02699320	BioSample	Salmonella enterica	ampicillin	ampicillin	>	32.0	mg/L	Resistant	CLSI	Broth dilution	bv_brc_genome_amr	high
27381390	CVM 43761	SAMN02911930	BioSample	Salmonella enterica	ciprofloxacin	ciprofloxacin	=	0.12	mg/L	Susceptible	CLSI	Broth dilution	bv_brc_genome_amr	high
27381390	CVM N46828	SAMN03894207	BioSample	Salmonella enterica	ciprofloxacin	ciprofloxacin	<=	0.015	mg/L	Susceptible	CLSI	Broth dilution	bv_brc_genome_amr	high
27381390	CVM N44706	SAMN03894123	BioSample	Salmonella enterica	ciprofloxacin	ciprofloxacin	<=	0.015	mg/L	Susceptible	CLSI	Broth dilution	bv_brc_genome_amr	high
27381390	CVM N46840	SAMN03894219	BioSample	Salmonella enterica	azithromycin	azithromycin	=	4.0	mg/L	Susceptible	CLSI	Broth dilution	bv_brc_genome_amr	high
27381390	CVM N40935	SAMN02699323	BioSample	Salmonella enterica	ampicillin	ampicillin	=	32.0	mg/L	Resistant	CLSI	Broth dilution	bv_brc_genome_amr	high
27381390	CVM N40374	SAMN02699312	BioSample	Salmonella enterica	ampicillin	ampicillin	=	2.0	mg/L	Susceptible	CLSI	Broth dilution	bv_brc_genome_amr	high
27381390	CVM N29351	SAMN02699199	BioSample	Salmonella enterica	ciprofloxacin	ciprofloxacin	<=	0.015	mg/L	Susceptible	CLSI	Broth dilution	bv_brc_genome_amr	high
27381390	CVM N51246	SAMN03894337	BioSample	Salmonella enterica	amoxicillin-clavulanic_acid	amoxicillin/clavulanic acid	<=	1.0	mg/L	Susceptible	CLSI	Broth dilution	bv_brc_genome_amr	high
27381390	CVM N42467	SAMN02699347	BioSample	Salmonella enterica	amoxicillin-clavulanic_acid	amoxicillin/clavulanic acid	=	8.0	mg/L	Susceptible	CLSI	Broth dilution	bv_brc_genome_amr	high
27381390	CVM 43755	SAMN02911924	BioSample	Salmonella enterica	ceftriaxone	ceftriaxone	<=	0.25	mg/L	Susceptible	CLSI	Broth dilution	bv_brc_genome_amr	high
27381390	CVM N32788	SAMN02699263	BioSample	Salmonella enterica	ceftriaxone	ceftriaxone	<=	0.25	mg/L	Susceptible	CLSI	Broth dilution	bv_brc_genome_amr	high
27381390	CVM N44711	SAMN03894128	BioSample	Salmonella enterica	ciprofloxacin	ciprofloxacin	<=	0.015	mg/L	Susceptible	CLSI	Broth dilution	bv_brc_genome_amr	high
27381390	CVM N46815	SAMN03894195	BioSample	Salmonella enterica	ciprofloxacin	ciprofloxacin	=	0.03	mg/L	Susceptible	CLSI	Broth dilution	bv_brc_genome_amr	high
27381390	CVM N48682	SAMN03894269	BioSample	Salmonella enterica	ceftriaxone	ceftriaxone	<=	0.25	mg/L	Susceptible	CLSI	Broth dilution	bv_brc_genome_amr	high
27381390	CVM N42502	SAMN02699359	BioSample	Salmonella enterica	azithromycin	azithromycin	=	4.0	mg/L	Susceptible	CLSI	Broth dilution	bv_brc_genome_amr	high
27381390	CVM N45955	SAMN03894186	BioSample	Salmonella enterica	amoxicillin-clavulanic_acid	amoxicillin/clavulanic acid	>	32.0	mg/L	Resistant	CLSI	Broth dilution	bv_brc_genome_amr	high
27381390	CVM N51244	SAMN03894335	BioSample	Salmonella enterica	amoxicillin-clavulanic_acid	amoxicillin/clavulanic acid	<=	1.0	mg/L	Susceptible	CLSI	Broth dilution	bv_brc_genome_amr	high
27381390	CVM N51312	SAMN03894403	BioSample	Salmonella enterica	amoxicillin-clavulanic_acid	amoxicillin/clavulanic acid	=	16.0	mg/L	Susceptible	CLSI	Broth dilution	bv_brc_genome_amr	high
27381390	CVM 43755	SAMN02911924	BioSample	Salmonella enterica	ciprofloxacin	ciprofloxacin	=	0.12	mg/L	Susceptible	CLSI	Broth dilution	bv_brc_genome_amr	high
27381390	CVM 43750	SAMN02911919	BioSample	Salmonella enterica	ciprofloxacin	ciprofloxacin	<=	0.015	mg/L	Susceptible	CLSI	Broth dilution	bv_brc_genome_amr	high
27381390	CVM 43745	SAMN02911914	BioSample	Salmonella enterica	ciprofloxacin	ciprofloxacin	<=	0.015	mg/L	Susceptible	CLSI	Broth dilution	bv_brc_genome_amr	high
27381390	CVM N37938	SAMN02699270	BioSample	Salmonella enterica	ciprofloxacin	ciprofloxacin	<=	0.015	mg/L	Susceptible	CLSI	Broth dilution	bv_brc_genome_amr	high
27381390	CVM 43746	SAMN02911915	BioSample	Salmonella enterica	amoxicillin-clavulanic_acid	amoxicillin/clavulanic acid	=	8.0	mg/L	Susceptible	CLSI	Broth dilution	bv_brc_genome_amr	high
27381390	CVM 43760	SAMN02911929	BioSample	Salmonella enterica	ceftriaxone	ceftriaxone	<=	0.25	mg/L	Susceptible	CLSI	Broth dilution	bv_brc_genome_amr	high
27381390	CVM N43834	SAMN03894106	BioSample	Salmonella enterica	ceftriaxone	ceftriaxone	<=	0.25	mg/L	Susceptible	CLSI	Broth dilution	bv_brc_genome_amr	high
27381390	CVM 43744	SAMN02911913	BioSample	Salmonella enterica	ceftriaxone	ceftriaxone	<=	0.25	mg/L	Susceptible	CLSI	Broth dilution	bv_brc_genome_amr	high
27381390	CVM N46860	SAMN03894239	BioSample	Salmonella enterica	amoxicillin-clavulanic_acid	amoxicillin/clavulanic acid	<=	1.0	mg/L	Susceptible	CLSI	Broth dilution	bv_brc_genome_amr	high
27381390	CVM N48697	SAMN03894284	BioSample	Salmonella enterica	ciprofloxacin	ciprofloxacin	<=	0.015	mg/L	Susceptible	CLSI	Broth dilution	bv_brc_genome_amr	high
27381390	CVM N31846	SAMN02699245	BioSample	Salmonella enterica	amoxicillin-clavulanic_acid	amoxicillin/clavulanic acid	=	8.0	mg/L	Susceptible	CLSI	Broth dilution	bv_brc_genome_amr	high
27381390	CVM N43468	SAMN03894077	BioSample	Salmonella enterica	azithromycin	azithromycin	=	4.0	mg/L	Susceptible	CLSI	Broth dilution	bv_brc_genome_amr	high
27381390	CVM N38873	SAMN02699289	BioSample	Salmonella enterica	ciprofloxacin	ciprofloxacin	<=	0.015	mg/L	Susceptible	CLSI	Broth dilution	bv_brc_genome_amr	high
27381390	CVM N51283	SAMN03894374	BioSample	Salmonella enterica	azithromycin	azithromycin	=	2.0	mg/L	Susceptible	CLSI	Broth dilution	bv_brc_genome_amr	high
27381390	CVM N46861	SAMN03894240	BioSample	Salmonella enterica	amoxicillin-clavulanic_acid	amoxicillin/clavulanic acid	<=	1.0	mg/L	Susceptible	CLSI	Broth dilution	bv_brc_genome_amr	high
27381390	CVM N48578	SAMN03894262	BioSample	Salmonella enterica	ceftriaxone	ceftriaxone	<=	0.25	mg/L	Susceptible	CLSI	Broth dilution	bv_brc_genome_amr	high
27381390	CVM N42336	SAMN02699341	BioSample	Salmonella enterica	azithromycin	azithromycin	=	4.0	mg/L	Susceptible	CLSI	Broth dilution	bv_brc_genome_amr	high
27381390	CVM N38861	SAMN02699284	BioSample	Salmonella enterica	ampicillin	ampicillin	<=	1.0	mg/L	Susceptible	CLSI	Broth dilution	bv_brc_genome_amr	high
27381390	CVM 43818	SAMN02911987	BioSample	Salmonella enterica	ceftriaxone	ceftriaxone	=	64.0	mg/L	Resistant	CLSI	Broth dilution	bv_brc_genome_amr	high
27381390	CVM N51284	SAMN03894375	BioSample	Salmonella enterica	ampicillin	ampicillin	<=	1.0	mg/L	Susceptible	CLSI	Broth dilution	bv_brc_genome_amr	high
27381390	CVM N38873	SAMN02699289	BioSample	Salmonella enterica	ampicillin	ampicillin	>	32.0	mg/L	Resistant	CLSI	Broth dilution	bv_brc_genome_amr	high
27381390	CVM N51244	SAMN03894335	BioSample	Salmonella enterica	ciprofloxacin	ciprofloxacin	<=	0.015	mg/L	Susceptible	CLSI	Broth dilution	bv_brc_genome_amr	high
27381390	CVM 43795	SAMN02911964	BioSample	Salmonella enterica	azithromycin	azithromycin	=	4.0	mg/L	Susceptible	CLSI	Broth dilution	bv_brc_genome_amr	high
27381390	CVM 43801	SAMN02911970	BioSample	Salmonella enterica	ampicillin	ampicillin	<=	1.0	mg/L	Susceptible	CLSI	Broth dilution	bv_brc_genome_amr	high
27381390	CVM N46824	SAMN03894203	BioSample	Salmonella enterica	ampicillin	ampicillin	>	32.0	mg/L	Resistant	CLSI	Broth dilution	bv_brc_genome_amr	high
27381390	CVM N51262	SAMN03894353	BioSample	Salmonella enterica	amoxicillin-clavulanic_acid	amoxicillin/clavulanic acid	<=	1.0	mg/L	Susceptible	CLSI	Broth dilution	bv_brc_genome_amr	high
27381390	CVM N47712	SAMN03894242	BioSample	Salmonella enterica	amoxicillin-clavulanic_acid	amoxicillin/clavulanic acid	<=	1.0	mg/L	Susceptible	CLSI	Broth dilution	bv_brc_genome_amr	high
27381390	CVM N30693	SAMN02699225	BioSample	Salmonella enterica	ceftriaxone	ceftriaxone	<=	0.25	mg/L	Susceptible	CLSI	Broth dilution	bv_brc_genome_amr	high
27381390	CVM 43787	SAMN02911956	BioSample	Salmonella enterica	amoxicillin-clavulanic_acid	amoxicillin/clavulanic acid	=	8.0	mg/L	Susceptible	CLSI	Broth dilution	bv_brc_genome_amr	high
27381390	CVM N51270	SAMN03894361	BioSample	Salmonella enterica	ampicillin	ampicillin	>	32.0	mg/L	Resistant	CLSI	Broth dilution	bv_brc_genome_amr	high
27381390	CVM N51260	SAMN03894351	BioSample	Salmonella enterica	ceftriaxone	ceftriaxone	<=	0.25	mg/L	Susceptible	CLSI	Broth dilution	bv_brc_genome_amr	high
27381390	CVM N43461	SAMN03894070	BioSample	Salmonella enterica	ciprofloxacin	ciprofloxacin	<=	0.015	mg/L	Susceptible	CLSI	Broth dilution	bv_brc_genome_amr	high
27381390	CVM 43845	SAMN02912014	BioSample	Salmonella enterica	ampicillin	ampicillin	<=	1.0	mg/L	Susceptible	CLSI	Broth dilution	bv_brc_genome_amr	high
27381390	CVM 43833	SAMN02912002	BioSample	Salmonella enterica	ampicillin	ampicillin	>	32.0	mg/L	Resistant	CLSI	Broth dilution	bv_brc_genome_amr	high
27381390	CVM N51983	SAMN03894409	BioSample	Salmonella enterica	ceftriaxone	ceftriaxone	<=	0.25	mg/L	Susceptible	CLSI	Broth dilution	bv_brc_genome_amr	high
27381390	CVM N45402	SAMN03894147	BioSample	Salmonella enterica	ampicillin	ampicillin	<=	1.0	mg/L	Susceptible	CLSI	Broth dilution	bv_brc_genome_amr	high
27381390	CVM N38855	SAMN02699281	BioSample	Salmonella enterica	amoxicillin-clavulanic_acid	amoxicillin/clavulanic acid	<=	1.0	mg/L	Susceptible	CLSI	Broth dilution	bv_brc_genome_amr	high
27381390	CVM N44702	SAMN03894119	BioSample	Salmonella enterica	ciprofloxacin	ciprofloxacin	<=	0.015	mg/L	Susceptible	CLSI	Broth dilution	bv_brc_genome_amr	high
27381390	CVM N42528	SAMN02699365	BioSample	Salmonella enterica	amoxicillin-clavulanic_acid	amoxicillin/clavulanic acid	<=	1.0	mg/L	Susceptible	CLSI	Broth dilution	bv_brc_genome_amr	high
27381390	CVM N45938	SAMN03894172	BioSample	Salmonella enterica	ampicillin	ampicillin	>	32.0	mg/L	Resistant	CLSI	Broth dilution	bv_brc_genome_amr	high
27381390	CVM N51302	SAMN03894393	BioSample	Salmonella enterica	amoxicillin-clavulanic_acid	amoxicillin/clavulanic acid	<=	1.0	mg/L	Susceptible	CLSI	Broth dilution	bv_brc_genome_amr	high
27381390	CVM N48705	SAMN03894292	BioSample	Salmonella enterica	azithromycin	azithromycin	=	1.0	mg/L	Susceptible	CLSI	Broth dilution	bv_brc_genome_amr	high
27381390	CVM N43450	SAMN03894059	BioSample	Salmonella enterica	ceftriaxone	ceftriaxone	=	16.0	mg/L	Resistant	CLSI	Broth dilution	bv_brc_genome_amr	high
27381390	CVM N45411	SAMN03894156	BioSample	Salmonella enterica	amoxicillin-clavulanic_acid	amoxicillin/clavulanic acid	<=	1.0	mg/L	Susceptible	CLSI	Broth dilution	bv_brc_genome_amr	high
27381390	CVM 43792	SAMN02911961	BioSample	Salmonella enterica	ciprofloxacin	ciprofloxacin	=	0.5	mg/L	Susceptible	CLSI	Broth dilution	bv_brc_genome_amr	high
27381390	CVM N43480	SAMN03894089	BioSample	Salmonella enterica	ampicillin	ampicillin	>	32.0	mg/L	Resistant	CLSI	Broth dilution	bv_brc_genome_amr	high
27381390	CVM N51292	SAMN03894383	BioSample	Salmonella enterica	ampicillin	ampicillin	<=	1.0	mg/L	Susceptible	CLSI	Broth dilution	bv_brc_genome_amr	high
27381390	CVM N40925	SAMN02699322	BioSample	Salmonella enterica	amoxicillin-clavulanic_acid	amoxicillin/clavulanic acid	=	32.0	mg/L	Resistant	CLSI	Broth dilution	bv_brc_genome_amr	high
27381390	CVM N44693	SAMN03894110	BioSample	Salmonella enterica	ciprofloxacin	ciprofloxacin	<=	0.015	mg/L	Susceptible	CLSI	Broth dilution	bv_brc_genome_amr	high
27381390	CVM N45927	SAMN03894161	BioSample	Salmonella enterica	ampicillin	ampicillin	<=	1.0	mg/L	Susceptible	CLSI	Broth dilution	bv_brc_genome_amr	high
27381390	CVM N44712	SAMN03894129	BioSample	Salmonella enterica	ciprofloxacin	ciprofloxacin	<=	0.015	mg/L	Susceptible	CLSI	Broth dilution	bv_brc_genome_amr	high
27381390	CVM N50435	SAMN03894315	BioSample	Salmonella enterica	amoxicillin-clavulanic_acid	amoxicillin/clavulanic acid	<=	1.0	mg/L	Susceptible	CLSI	Broth dilution	bv_brc_genome_amr	high
27381390	CVM N43832	SAMN03894104	BioSample	Salmonella enterica	amoxicillin-clavulanic_acid	amoxicillin/clavulanic acid	>	32.0	mg/L	Resistant	CLSI	Broth dilution	bv_brc_genome_amr	high
27381390	CVM N45925	SAMN03894159	BioSample	Salmonella enterica	azithromycin	azithromycin	=	4.0	mg/L	Susceptible	CLSI	Broth dilution	bv_brc_genome_amr	high
27381390	CVM N32772	SAMN02699259	BioSample	Salmonella enterica	ceftriaxone	ceftriaxone	<=	0.25	mg/L	Susceptible	CLSI	Broth dilution	bv_brc_genome_amr	high
27381390	CVM 43815	SAMN02911984	BioSample	Salmonella enterica	ampicillin	ampicillin	>	32.0	mg/L	Resistant	CLSI	Broth dilution	bv_brc_genome_amr	high
27381390	CVM 43807	SAMN02911976	BioSample	Salmonella enterica	ampicillin	ampicillin	>	32.0	mg/L	Resistant	CLSI	Broth dilution	bv_brc_genome_amr	high
27381390	CVM 43841	SAMN02912010	BioSample	Salmonella enterica	ciprofloxacin	ciprofloxacin	<=	0.015	mg/L	Susceptible	CLSI	Broth dilution	bv_brc_genome_amr	high
27381390	CVM N43455	SAMN03894064	BioSample	Salmonella enterica	azithromycin	azithromycin	=	4.0	mg/L	Susceptible	CLSI	Broth dilution	bv_brc_genome_amr	high
27381390	CVM N29351	SAMN02699199	BioSample	Salmonella enterica	amoxicillin-clavulanic_acid	amoxicillin/clavulanic acid	=	32.0	mg/L	Resistant	CLSI	Broth dilution	bv_brc_genome_amr	high
27381390	CVM N51249	SAMN03894340	BioSample	Salmonella enterica	ceftriaxone	ceftriaxone	<=	0.25	mg/L	Susceptible	CLSI	Broth dilution	bv_brc_genome_amr	high
27381390	CVM 43753	SAMN02911922	BioSample	Salmonella enterica	azithromycin	azithromycin	=	4.0	mg/L	Susceptible	CLSI	Broth dilution	bv_brc_genome_amr	high
27381390	CVM N45408	SAMN03894153	BioSample	Salmonella enterica	amoxicillin-clavulanic_acid	amoxicillin/clavulanic acid	>	32.0	mg/L	Resistant	CLSI	Broth dilution	bv_brc_genome_amr	high
27381390	CVM N38870	SAMN02699288	BioSample	Salmonella enterica	ampicillin	ampicillin	>	32.0	mg/L	Resistant	CLSI	Broth dilution	bv_brc_genome_amr	high
27381390	CVM N48700	SAMN03894287	BioSample	Salmonella enterica	ciprofloxacin	ciprofloxacin	<=	0.015	mg/L	Susceptible	CLSI	Broth dilution	bv_brc_genome_amr	high
27381390	CVM 43814	SAMN02911983	BioSample	Salmonella enterica	ampicillin	ampicillin	>	32.0	mg/L	Resistant	CLSI	Broth dilution	bv_brc_genome_amr	high
27381390	CVM N51272	SAMN03894363	BioSample	Salmonella enterica	ceftriaxone	ceftriaxone	=	8.0	mg/L	Resistant	CLSI	Broth dilution	bv_brc_genome_amr	high
27381390	CVM N43472	SAMN03894081	BioSample	Salmonella enterica	azithromycin	azithromycin	=	4.0	mg/L	Susceptible	CLSI	Broth dilution	bv_brc_genome_amr	high
27381390	CVM N38229	SAMN02699273	BioSample	Salmonella enterica	ciprofloxacin	ciprofloxacin	<=	0.015	mg/L	Susceptible	CLSI	Broth dilution	bv_brc_genome_amr	high
27381390	CVM N41733	SAMN02699325	BioSample	Salmonella enterica	ceftriaxone	ceftriaxone	<=	0.25	mg/L	Susceptible	CLSI	Broth dilution	bv_brc_genome_amr	high
27381390	CVM N45925	SAMN03894159	BioSample	Salmonella enterica	ciprofloxacin	ciprofloxacin	<=	0.015	mg/L	Susceptible	CLSI	Broth dilution	bv_brc_genome_amr	high
27381390	CVM N51264	SAMN03894355	BioSample	Salmonella enterica	ampicillin	ampicillin	<=	1.0	mg/L	Susceptible	CLSI	Broth dilution	bv_brc_genome_amr	high
27381390	CVM N42508	SAMN02699361	BioSample	Salmonella enterica	amoxicillin-clavulanic_acid	amoxicillin/clavulanic acid	<=	1.0	mg/L	Susceptible	CLSI	Broth dilution	bv_brc_genome_amr	high
27381390	CVM N46841	SAMN03894220	BioSample	Salmonella enterica	ceftriaxone	ceftriaxone	=	8.0	mg/L	Resistant	CLSI	Broth dilution	bv_brc_genome_amr	high
27381390	CVM N38944	SAMN02699307	BioSample	Salmonella enterica	azithromycin	azithromycin	=	4.0	mg/L	Susceptible	CLSI	Broth dilution	bv_brc_genome_amr	high
27381390	CVM N50438	SAMN03894318	BioSample	Salmonella enterica	ampicillin	ampicillin	>	32.0	mg/L	Resistant	CLSI	Broth dilution	bv_brc_genome_amr	high
27381390	CVM N29317	SAMN02699192	BioSample	Salmonella enterica	ampicillin	ampicillin	>	32.0	mg/L	Resistant	CLSI	Broth dilution	bv_brc_genome_amr	high
27381390	CVM N43463	SAMN03894072	BioSample	Salmonella enterica	ceftriaxone	ceftriaxone	<=	0.25	mg/L	Susceptible	CLSI	Broth dilution	bv_brc_genome_amr	high
27381390	CVM N47712	SAMN03894242	BioSample	Salmonella enterica	ceftriaxone	ceftriaxone	<=	0.25	mg/L	Susceptible	CLSI	Broth dilution	bv_brc_genome_amr	high
27381390	CVM N43472	SAMN03894081	BioSample	Salmonella enterica	ampicillin	ampicillin	<=	1.0	mg/L	Susceptible	CLSI	Broth dilution	bv_brc_genome_amr	high
27381390	CVM N46851	SAMN03894230	BioSample	Salmonella enterica	azithromycin	azithromycin	=	4.0	mg/L	Susceptible	CLSI	Broth dilution	bv_brc_genome_amr	high
27381390	CVM N51263	SAMN03894354	BioSample	Salmonella enterica	amoxicillin-clavulanic_acid	amoxicillin/clavulanic acid	<=	1.0	mg/L	Susceptible	CLSI	Broth dilution	bv_brc_genome_amr	high
27381390	CVM N47712	SAMN03894242	BioSample	Salmonella enterica	ampicillin	ampicillin	<=	1.0	mg/L	Susceptible	CLSI	Broth dilution	bv_brc_genome_amr	high
27381390	CVM N32763	SAMN02699258	BioSample	Salmonella enterica	ciprofloxacin	ciprofloxacin	<=	0.015	mg/L	Susceptible	CLSI	Broth dilution	bv_brc_genome_amr	high
27381390	CVM N29321	SAMN02699193	BioSample	Salmonella enterica	amoxicillin-clavulanic_acid	amoxicillin/clavulanic acid	=	16.0	mg/L	Susceptible	CLSI	Broth dilution	bv_brc_genome_amr	high
27381390	CVM N38229	SAMN02699273	BioSample	Salmonella enterica	ampicillin	ampicillin	<=	1.0	mg/L	Susceptible	CLSI	Broth dilution	bv_brc_genome_amr	high
27381390	CVM 43814	SAMN02911983	BioSample	Salmonella enterica	ciprofloxacin	ciprofloxacin	<=	0.015	mg/L	Susceptible	CLSI	Broth dilution	bv_brc_genome_amr	high
27381390	CVM N31414	SAMN02699240	BioSample	Salmonella enterica	ceftriaxone	ceftriaxone	=	0.5	mg/L	Susceptible	CLSI	Broth dilution	bv_brc_genome_amr	high
27381390	CVM N51246	SAMN03894337	BioSample	Salmonella enterica	ciprofloxacin	ciprofloxacin	<=	0.015	mg/L	Susceptible	CLSI	Broth dilution	bv_brc_genome_amr	high
27381390	CVM 43757	SAMN02911926	BioSample	Salmonella enterica	ciprofloxacin	ciprofloxacin	<=	0.015	mg/L	Susceptible	CLSI	Broth dilution	bv_brc_genome_amr	high
27381390	CVM 43816	SAMN02911985	BioSample	Salmonella enterica	amoxicillin-clavulanic_acid	amoxicillin/clavulanic acid	<=	1.0	mg/L	Susceptible	CLSI	Broth dilution	bv_brc_genome_amr	high
27381390	CVM N51252	SAMN03894343	BioSample	Salmonella enterica	ciprofloxacin	ciprofloxacin	<=	0.015	mg/L	Susceptible	CLSI	Broth dilution	bv_brc_genome_amr	high
27381390	CVM N43830	SAMN03894102	BioSample	Salmonella enterica	amoxicillin-clavulanic_acid	amoxicillin/clavulanic acid	<=	1.0	mg/L	Susceptible	CLSI	Broth dilution	bv_brc_genome_amr	high
27381390	CVM 43823	SAMN02911992	BioSample	Salmonella enterica	amoxicillin-clavulanic_acid	amoxicillin/clavulanic acid	<=	1.0	mg/L	Susceptible	CLSI	Broth dilution	bv_brc_genome_amr	high
27381390	CVM N42473	SAMN02699351	BioSample	Salmonella enterica	azithromycin	azithromycin	=	4.0	mg/L	Susceptible	CLSI	Broth dilution	bv_brc_genome_amr	high
27381390	CVM N37941	SAMN02699271	BioSample	Salmonella enterica	ampicillin	ampicillin	>	32.0	mg/L	Resistant	CLSI	Broth dilution	bv_brc_genome_amr	high
27381390	CVM N38910	SAMN02699300	BioSample	Salmonella enterica	ceftriaxone	ceftriaxone	<=	0.25	mg/L	Susceptible	CLSI	Broth dilution	bv_brc_genome_amr	high
27381390	CVM 43838	SAMN02912007	BioSample	Salmonella enterica	ceftriaxone	ceftriaxone	=	16.0	mg/L	Resistant	CLSI	Broth dilution	bv_brc_genome_amr	high
27381390	CVM N45399	SAMN03894144	BioSample	Salmonella enterica	ciprofloxacin	ciprofloxacin	<=	0.015	mg/L	Susceptible	CLSI	Broth dilution	bv_brc_genome_amr	high
27381390	CVM N51983	SAMN03894409	BioSample	Salmonella enterica	ciprofloxacin	ciprofloxacin	<=	0.015	mg/L	Susceptible	CLSI	Broth dilution	bv_brc_genome_amr	high
27381390	CVM N46845	SAMN03894224	BioSample	Salmonella enterica	azithromycin	azithromycin	=	4.0	mg/L	Susceptible	CLSI	Broth dilution	bv_brc_genome_amr	high
27381390	CVM N51306	SAMN03894397	BioSample	Salmonella enterica	azithromycin	azithromycin	=	4.0	mg/L	Susceptible	CLSI	Broth dilution	bv_brc_genome_amr	high
27381390	CVM N46852	SAMN03894231	BioSample	Salmonella enterica	ampicillin	ampicillin	>	32.0	mg/L	Resistant	CLSI	Broth dilution	bv_brc_genome_amr	high
27381390	CVM N48702	SAMN03894289	BioSample	Salmonella enterica	ciprofloxacin	ciprofloxacin	<=	0.015	mg/L	Susceptible	CLSI	Broth dilution	bv_brc_genome_amr	high
27381390	CVM N29315	SAMN02699191	BioSample	Salmonella enterica	ampicillin	ampicillin	>	32.0	mg/L	Resistant	CLSI	Broth dilution	bv_brc_genome_amr	high
27381390	CVM N51289	SAMN03894380	BioSample	Salmonella enterica	ceftriaxone	ceftriaxone	<=	0.25	mg/L	Susceptible	CLSI	Broth dilution	bv_brc_genome_amr	high
27381390	CVM N47714	SAMN03894244	BioSample	Salmonella enterica	amoxicillin-clavulanic_acid	amoxicillin/clavulanic acid	<=	1.0	mg/L	Susceptible	CLSI	Broth dilution	bv_brc_genome_amr	high
27381390	CVM N42482	SAMN02699355	BioSample	Salmonella enterica	amoxicillin-clavulanic_acid	amoxicillin/clavulanic acid	>	32.0	mg/L	Resistant	CLSI	Broth dilution	bv_brc_genome_amr	high
27381390	CVM N43466	SAMN03894075	BioSample	Salmonella enterica	ciprofloxacin	ciprofloxacin	<=	0.015	mg/L	Susceptible	CLSI	Broth dilution	bv_brc_genome_amr	high
27381390	CVM N48710	SAMN03894296	BioSample	Salmonella enterica	ampicillin	ampicillin	<=	1.0	mg/L	Susceptible	CLSI	Broth dilution	bv_brc_genome_amr	high
27381390	CVM N38234	SAMN02699275	BioSample	Salmonella enterica	amoxicillin-clavulanic_acid	amoxicillin/clavulanic acid	=	32.0	mg/L	Resistant	CLSI	Broth dilution	bv_brc_genome_amr	high
27381390	CVM N43469	SAMN03894078	BioSample	Salmonella enterica	ciprofloxacin	ciprofloxacin	<=	0.015	mg/L	Susceptible	CLSI	Broth dilution	bv_brc_genome_amr	high
27381390	CVM N43457	SAMN03894066	BioSample	Salmonella enterica	ceftriaxone	ceftriaxone	<=	0.25	mg/L	Susceptible	CLSI	Broth dilution	bv_brc_genome_amr	high
27381390	CVM N45412	SAMN03894157	BioSample	Salmonella enterica	ampicillin	ampicillin	<=	1.0	mg/L	Susceptible	CLSI	Broth dilution	bv_brc_genome_amr	high
27381390	CVM N39866	SAMN02699309	BioSample	Salmonella enterica	ciprofloxacin	ciprofloxacin	<=	0.015	mg/L	Susceptible	CLSI	Broth dilution	bv_brc_genome_amr	high
27381390	CVM N29343	SAMN02699197	BioSample	Salmonella enterica	ampicillin	ampicillin	<=	1.0	mg/L	Susceptible	CLSI	Broth dilution	bv_brc_genome_amr	high
27381390	CVM N32052	SAMN02699250	BioSample	Salmonella enterica	amoxicillin-clavulanic_acid	amoxicillin/clavulanic acid	=	8.0	mg/L	Susceptible	CLSI	Broth dilution	bv_brc_genome_amr	high
27381390	CVM 43837	SAMN02912006	BioSample	Salmonella enterica	azithromycin	azithromycin	=	4.0	mg/L	Susceptible	CLSI	Broth dilution	bv_brc_genome_amr	high
27381390	CVM N45395	SAMN03894140	BioSample	Salmonella enterica	ampicillin	ampicillin	<=	1.0	mg/L	Susceptible	CLSI	Broth dilution	bv_brc_genome_amr	high
27381390	CVM 43778	SAMN02911947	BioSample	Salmonella enterica	amoxicillin-clavulanic_acid	amoxicillin/clavulanic acid	=	8.0	mg/L	Susceptible	CLSI	Broth dilution	bv_brc_genome_amr	high
27381390	CVM N46830	SAMN03894209	BioSample	Salmonella enterica	azithromycin	azithromycin	=	4.0	mg/L	Susceptible	CLSI	Broth dilution	bv_brc_genome_amr	high
27381390	CVM N32055	SAMN02699252	BioSample	Salmonella enterica	ampicillin	ampicillin	<=	1.0	mg/L	Susceptible	CLSI	Broth dilution	bv_brc_genome_amr	high
27381390	CVM N45396	SAMN03894141	BioSample	Salmonella enterica	ampicillin	ampicillin	<=	1.0	mg/L	Susceptible	CLSI	Broth dilution	bv_brc_genome_amr	high
27381390	CVM N38903	SAMN02699298	BioSample	Salmonella enterica	azithromycin	azithromycin	=	4.0	mg/L	Susceptible	CLSI	Broth dilution	bv_brc_genome_amr	high
27381390	CVM N38861	SAMN02699284	BioSample	Salmonella enterica	ceftriaxone	ceftriaxone	<=	0.25	mg/L	Susceptible	CLSI	Broth dilution	bv_brc_genome_amr	high
27381390	CVM N44713	SAMN03894130	BioSample	Salmonella enterica	amoxicillin-clavulanic_acid	amoxicillin/clavulanic acid	<=	1.0	mg/L	Susceptible	CLSI	Broth dilution	bv_brc_genome_amr	high
27381390	CVM N47719	SAMN03894249	BioSample	Salmonella enterica	ampicillin	ampicillin	>	32.0	mg/L	Resistant	CLSI	Broth dilution	bv_brc_genome_amr	high
27381390	CVM 43786	SAMN02911955	BioSample	Salmonella enterica	ampicillin	ampicillin	>	32.0	mg/L	Resistant	CLSI	Broth dilution	bv_brc_genome_amr	high
27381390	CVM N32773	SAMN02699260	BioSample	Salmonella enterica	ampicillin	ampicillin	<=	1.0	mg/L	Susceptible	CLSI	Broth dilution	bv_brc_genome_amr	high
27381390	CVM N41747	SAMN02699328	BioSample	Salmonella enterica	azithromycin	azithromycin	=	4.0	mg/L	Susceptible	CLSI	Broth dilution	bv_brc_genome_amr	high
27381390	CVM N50449	SAMN03894329	BioSample	Salmonella enterica	ciprofloxacin	ciprofloxacin	<=	0.015	mg/L	Susceptible	CLSI	Broth dilution	bv_brc_genome_amr	high
27381390	CVM 43752	SAMN02911921	BioSample	Salmonella enterica	ampicillin	ampicillin	<=	1.0	mg/L	Susceptible	CLSI	Broth dilution	bv_brc_genome_amr	high
27381390	CVM N45931	SAMN03894165	BioSample	Salmonella enterica	azithromycin	azithromycin	=	4.0	mg/L	Susceptible	CLSI	Broth dilution	bv_brc_genome_amr	high
27381390	CVM N48699	SAMN03894286	BioSample	Salmonella enterica	ceftriaxone	ceftriaxone	<=	0.25	mg/L	Susceptible	CLSI	Broth dilution	bv_brc_genome_amr	high
27381390	CVM N43451	SAMN03894060	BioSample	Salmonella enterica	ciprofloxacin	ciprofloxacin	<=	0.015	mg/L	Susceptible	CLSI	Broth dilution	bv_brc_genome_amr	high
27381390	CVM N29360	SAMN02699202	BioSample	Salmonella enterica	azithromycin	azithromycin	=	4.0	mg/L	Susceptible	CLSI	Broth dilution	bv_brc_genome_amr	high
27381390	CVM N45954	SAMN03894185	BioSample	Salmonella enterica	amoxicillin-clavulanic_acid	amoxicillin/clavulanic acid	=	8.0	mg/L	Susceptible	CLSI	Broth dilution	bv_brc_genome_amr	high
27381390	CVM N43478	SAMN03894087	BioSample	Salmonella enterica	amoxicillin-clavulanic_acid	amoxicillin/clavulanic acid	<=	1.0	mg/L	Susceptible	CLSI	Broth dilution	bv_brc_genome_amr	high
27381390	CVM N43834	SAMN03894106	BioSample	Salmonella enterica	ampicillin	ampicillin	<=	1.0	mg/L	Susceptible	CLSI	Broth dilution	bv_brc_genome_amr	high
27381390	CVM N31395	SAMN02699233	BioSample	Salmonella enterica	ciprofloxacin	ciprofloxacin	<=	0.015	mg/L	Susceptible	CLSI	Broth dilution	bv_brc_genome_amr	high
27381390	CVM N51256	SAMN03894347	BioSample	Salmonella enterica	azithromycin	azithromycin	=	4.0	mg/L	Susceptible	CLSI	Broth dilution	bv_brc_genome_amr	high
27381390	CVM N44693	SAMN03894110	BioSample	Salmonella enterica	ampicillin	ampicillin	>	32.0	mg/L	Resistant	CLSI	Broth dilution	bv_brc_genome_amr	high
27381390	CVM N46850	SAMN03894229	BioSample	Salmonella enterica	azithromycin	azithromycin	=	4.0	mg/L	Susceptible	CLSI	Broth dilution	bv_brc_genome_amr	high
27381390	CVM N51300	SAMN03894391	BioSample	Salmonella enterica	ciprofloxacin	ciprofloxacin	<=	0.015	mg/L	Susceptible	CLSI	Broth dilution	bv_brc_genome_amr	high
27381390	CVM 43749	SAMN02911918	BioSample	Salmonella enterica	amoxicillin-clavulanic_acid	amoxicillin/clavulanic acid	=	8.0	mg/L	Susceptible	CLSI	Broth dilution	bv_brc_genome_amr	high
27381390	CVM N48676	SAMN03894263	BioSample	Salmonella enterica	amoxicillin-clavulanic_acid	amoxicillin/clavulanic acid	>	32.0	mg/L	Resistant	CLSI	Broth dilution	bv_brc_genome_amr	high
27381390	CVM N45950	SAMN03894181	BioSample	Salmonella enterica	ampicillin	ampicillin	<=	1.0	mg/L	Susceptible	CLSI	Broth dilution	bv_brc_genome_amr	high
27381390	CVM N48703	SAMN03894290	BioSample	Salmonella enterica	azithromycin	azithromycin	=	2.0	mg/L	Susceptible	CLSI	Broth dilution	bv_brc_genome_amr	high
27381390	CVM N51275	SAMN03894366	BioSample	Salmonella enterica	ciprofloxacin	ciprofloxacin	<=	0.015	mg/L	Susceptible	CLSI	Broth dilution	bv_brc_genome_amr	high
27381390	CVM N47726	SAMN03894256	BioSample	Salmonella enterica	azithromycin	azithromycin	=	8.0	mg/L	Susceptible	CLSI	Broth dilution	bv_brc_genome_amr	high
27381390	CVM N51256	SAMN03894347	BioSample	Salmonella enterica	amoxicillin-clavulanic_acid	amoxicillin/clavulanic acid	<=	1.0	mg/L	Susceptible	CLSI	Broth dilution	bv_brc_genome_amr	high
27381390	CVM N51241	SAMN03894332	BioSample	Salmonella enterica	ciprofloxacin	ciprofloxacin	<=	0.015	mg/L	Susceptible	CLSI	Broth dilution	bv_brc_genome_amr	high
27381390	CVM N51273	SAMN03894364	BioSample	Salmonella enterica	azithromycin	azithromycin	=	4.0	mg/L	Susceptible	CLSI	Broth dilution	bv_brc_genome_amr	high
27381390	CVM N48678	SAMN03894265	BioSample	Salmonella enterica	ceftriaxone	ceftriaxone	<=	0.25	mg/L	Susceptible	CLSI	Broth dilution	bv_brc_genome_amr	high
27381390	CVM N50433	SAMN03894313	BioSample	Salmonella enterica	ciprofloxacin	ciprofloxacin	<=	0.015	mg/L	Susceptible	CLSI	Broth dilution	bv_brc_genome_amr	high
27381390	CVM N46810	SAMN03894190	BioSample	Salmonella enterica	ampicillin	ampicillin	<=	1.0	mg/L	Susceptible	CLSI	Broth dilution	bv_brc_genome_amr	high
27381390	CVM N43466	SAMN03894075	BioSample	Salmonella enterica	ceftriaxone	ceftriaxone	<=	0.25	mg/L	Susceptible	CLSI	Broth dilution	bv_brc_genome_amr	high
27381390	CVM N46826	SAMN03894205	BioSample	Salmonella enterica	amoxicillin-clavulanic_acid	amoxicillin/clavulanic acid	=	16.0	mg/L	Susceptible	CLSI	Broth dilution	bv_brc_genome_amr	high
27381390	CVM N38921	SAMN02699303	BioSample	Salmonella enterica	azithromycin	azithromycin	=	4.0	mg/L	Susceptible	CLSI	Broth dilution	bv_brc_genome_amr	high
27381390	CVM 43824	SAMN02911993	BioSample	Salmonella enterica	ampicillin	ampicillin	>	32.0	mg/L	Resistant	CLSI	Broth dilution	bv_brc_genome_amr	high
27381390	CVM 43785	SAMN02911954	BioSample	Salmonella enterica	amoxicillin-clavulanic_acid	amoxicillin/clavulanic acid	=	16.0	mg/L	Susceptible	CLSI	Broth dilution	bv_brc_genome_amr	high
27381390	CVM N48687	SAMN03894274	BioSample	Salmonella enterica	ciprofloxacin	ciprofloxacin	<=	0.015	mg/L	Susceptible	CLSI	Broth dilution	bv_brc_genome_amr	high
27381390	CVM N32053	SAMN02699251	BioSample	Salmonella enterica	azithromycin	azithromycin	=	4.0	mg/L	Susceptible	CLSI	Broth dilution	bv_brc_genome_amr	high
27381390	CVM N46838	SAMN03894217	BioSample	Salmonella enterica	ciprofloxacin	ciprofloxacin	=	0.03	mg/L	Susceptible	CLSI	Broth dilution	bv_brc_genome_amr	high
27381390	CVM N38886	SAMN02699294	BioSample	Salmonella enterica	amoxicillin-clavulanic_acid	amoxicillin/clavulanic acid	<=	1.0	mg/L	Susceptible	CLSI	Broth dilution	bv_brc_genome_amr	high
27381390	CVM N45391	SAMN03894136	BioSample	Salmonella enterica	ampicillin	ampicillin	>	32.0	mg/L	Resistant	CLSI	Broth dilution	bv_brc_genome_amr	high
27381390	CVM N40395	SAMN02699318	BioSample	Salmonella enterica	azithromycin	azithromycin	=	4.0	mg/L	Susceptible	CLSI	Broth dilution	bv_brc_genome_amr	high
27381390	CVM N29383	SAMN02699211	BioSample	Salmonella enterica	azithromycin	azithromycin	=	4.0	mg/L	Susceptible	CLSI	Broth dilution	bv_brc_genome_amr	high
27381390	CVM N46818	SAMN03894197	BioSample	Salmonella enterica	azithromycin	azithromycin	=	4.0	mg/L	Susceptible	CLSI	Broth dilution	bv_brc_genome_amr	high
27381390	CVM N47714	SAMN03894244	BioSample	Salmonella enterica	ceftriaxone	ceftriaxone	<=	0.25	mg/L	Susceptible	CLSI	Broth dilution	bv_brc_genome_amr	high
27381390	CVM N44698	SAMN03894115	BioSample	Salmonella enterica	ampicillin	ampicillin	<=	1.0	mg/L	Susceptible	CLSI	Broth dilution	bv_brc_genome_amr	high
27381390	CVM N51313	SAMN03894404	BioSample	Salmonella enterica	ceftriaxone	ceftriaxone	<=	0.25	mg/L	Susceptible	CLSI	Broth dilution	bv_brc_genome_amr	high
27381390	CVM N44694	SAMN03894111	BioSample	Salmonella enterica	ceftriaxone	ceftriaxone	<=	0.25	mg/L	Susceptible	CLSI	Broth dilution	bv_brc_genome_amr	high
27381390	CVM N32045	SAMN02699247	BioSample	Salmonella enterica	ceftriaxone	ceftriaxone	=	32.0	mg/L	Resistant	CLSI	Broth dilution	bv_brc_genome_amr	high
27381390	CVM N46861	SAMN03894240	BioSample	Salmonella enterica	ceftriaxone	ceftriaxone	<=	0.25	mg/L	Susceptible	CLSI	Broth dilution	bv_brc_genome_amr	high
27381390	CVM N29383	SAMN02699211	BioSample	Salmonella enterica	ceftriaxone	ceftriaxone	<=	0.25	mg/L	Susceptible	CLSI	Broth dilution	bv_brc_genome_amr	high
27381390	CVM N42477	SAMN02699352	BioSample	Salmonella enterica	ceftriaxone	ceftriaxone	<=	0.25	mg/L	Susceptible	CLSI	Broth dilution	bv_brc_genome_amr	high
27381390	CVM N45406	SAMN03894151	BioSample	Salmonella enterica	ciprofloxacin	ciprofloxacin	<=	0.015	mg/L	Susceptible	CLSI	Broth dilution	bv_brc_genome_amr	high
27381390	CVM N40384	SAMN02699315	BioSample	Salmonella enterica	amoxicillin-clavulanic_acid	amoxicillin/clavulanic acid	>	32.0	mg/L	Resistant	CLSI	Broth dilution	bv_brc_genome_amr	high
27381390	CVM 43817	SAMN02911986	BioSample	Salmonella enterica	amoxicillin-clavulanic_acid	amoxicillin/clavulanic acid	=	8.0	mg/L	Susceptible	CLSI	Broth dilution	bv_brc_genome_amr	high
27381390	CVM N51243	SAMN03894334	BioSample	Salmonella enterica	ciprofloxacin	ciprofloxacin	<=	0.015	mg/L	Susceptible	CLSI	Broth dilution	bv_brc_genome_amr	high
27381390	CVM N38232	SAMN02699274	BioSample	Salmonella enterica	azithromycin	azithromycin	=	4.0	mg/L	Susceptible	CLSI	Broth dilution	bv_brc_genome_amr	high
27381390	CVM N50423	SAMN03894303	BioSample	Salmonella enterica	ceftriaxone	ceftriaxone	<=	0.25	mg/L	Susceptible	CLSI	Broth dilution	bv_brc_genome_amr	high
27381390	CVM N39863	SAMN02699308	BioSample	Salmonella enterica	ceftriaxone	ceftriaxone	=	32.0	mg/L	Resistant	CLSI	Broth dilution	bv_brc_genome_amr	high
27381390	CVM N51306	SAMN03894397	BioSample	Salmonella enterica	ciprofloxacin	ciprofloxacin	=	0.03	mg/L	Susceptible	CLSI	Broth dilution	bv_brc_genome_amr	high
27381390	CVM N51276	SAMN03894367	BioSample	Salmonella enterica	ampicillin	ampicillin	>	32.0	mg/L	Resistant	CLSI	Broth dilution	bv_brc_genome_amr	high
27381390	CVM N31411	SAMN02699238	BioSample	Salmonella enterica	ciprofloxacin	ciprofloxacin	<=	0.015	mg/L	Susceptible	CLSI	Broth dilution	bv_brc_genome_amr	high
27381390	CVM N31384	SAMN02699230	BioSample	Salmonella enterica	ceftriaxone	ceftriaxone	=	16.0	mg/L	Resistant	CLSI	Broth dilution	bv_brc_genome_amr	high
27381390	CVM N30669	SAMN02699218	BioSample	Salmonella enterica	ampicillin	ampicillin	<=	1.0	mg/L	Susceptible	CLSI	Broth dilution	bv_brc_genome_amr	high
27381390	CVM 43759	SAMN02911928	BioSample	Salmonella enterica	azithromycin	azithromycin	=	4.0	mg/L	Susceptible	CLSI	Broth dilution	bv_brc_genome_amr	high
27381390	CVM N48680	SAMN03894267	BioSample	Salmonella enterica	ampicillin	ampicillin	<=	1.0	mg/L	Susceptible	CLSI	Broth dilution	bv_brc_genome_amr	high
27381390	CVM N46842	SAMN03894221	BioSample	Salmonella enterica	ciprofloxacin	ciprofloxacin	<=	0.015	mg/L	Susceptible	CLSI	Broth dilution	bv_brc_genome_amr	high
27381390	CVM N51283	SAMN03894374	BioSample	Salmonella enterica	ceftriaxone	ceftriaxone	<=	0.25	mg/L	Susceptible	CLSI	Broth dilution	bv_brc_genome_amr	high
27381390	CVM N40925	SAMN02699322	BioSample	Salmonella enterica	ciprofloxacin	ciprofloxacin	<=	0.015	mg/L	Susceptible	CLSI	Broth dilution	bv_brc_genome_amr	high
27381390	CVM N45957	SAMN03894188	BioSample	Salmonella enterica	amoxicillin-clavulanic_acid	amoxicillin/clavulanic acid	<=	1.0	mg/L	Susceptible	CLSI	Broth dilution	bv_brc_genome_amr	high
27381390	CVM 43836	SAMN02912005	BioSample	Salmonella enterica	amoxicillin-clavulanic_acid	amoxicillin/clavulanic acid	=	16.0	mg/L	Susceptible	CLSI	Broth dilution	bv_brc_genome_amr	high
27381390	CVM N29362	SAMN02699203	BioSample	Salmonella enterica	amoxicillin-clavulanic_acid	amoxicillin/clavulanic acid	=	8.0	mg/L	Susceptible	CLSI	Broth dilution	bv_brc_genome_amr	high
27381390	CVM N44700	SAMN03894117	BioSample	Salmonella enterica	ceftriaxone	ceftriaxone	<=	0.25	mg/L	Susceptible	CLSI	Broth dilution	bv_brc_genome_amr	high
27381390	CVM N43465	SAMN03894074	BioSample	Salmonella enterica	azithromycin	azithromycin	=	4.0	mg/L	Susceptible	CLSI	Broth dilution	bv_brc_genome_amr	high
27381390	CVM N43477	SAMN03894086	BioSample	Salmonella enterica	amoxicillin-clavulanic_acid	amoxicillin/clavulanic acid	<=	1.0	mg/L	Susceptible	CLSI	Broth dilution	bv_brc_genome_amr	high
27381390	CVM N45402	SAMN03894147	BioSample	Salmonella enterica	amoxicillin-clavulanic_acid	amoxicillin/clavulanic acid	<=	1.0	mg/L	Susceptible	CLSI	Broth dilution	bv_brc_genome_amr	high
27381390	CVM N42477	SAMN02699352	BioSample	Salmonella enterica	amoxicillin-clavulanic_acid	amoxicillin/clavulanic acid	<=	1.0	mg/L	Susceptible	CLSI	Broth dilution	bv_brc_genome_amr	high
27381390	CVM N31846	SAMN02699245	BioSample	Salmonella enterica	ampicillin	ampicillin	>	32.0	mg/L	Resistant	CLSI	Broth dilution	bv_brc_genome_amr	high
27381390	CVM N43835	SAMN03894107	BioSample	Salmonella enterica	azithromycin	azithromycin	=	4.0	mg/L	Susceptible	CLSI	Broth dilution	bv_brc_genome_amr	high
27381390	CVM N47716	SAMN03894246	BioSample	Salmonella enterica	ceftriaxone	ceftriaxone	<=	0.25	mg/L	Susceptible	CLSI	Broth dilution	bv_brc_genome_amr	high
27381390	CVM N44712	SAMN03894129	BioSample	Salmonella enterica	amoxicillin-clavulanic_acid	amoxicillin/clavulanic acid	=	8.0	mg/L	Susceptible	CLSI	Broth dilution	bv_brc_genome_amr	high
27381390	CVM 43747	SAMN02911916	BioSample	Salmonella enterica	ceftriaxone	ceftriaxone	<=	0.25	mg/L	Susceptible	CLSI	Broth dilution	bv_brc_genome_amr	high
27381390	CVM N43453	SAMN03894062	BioSample	Salmonella enterica	ceftriaxone	ceftriaxone	<=	0.25	mg/L	Susceptible	CLSI	Broth dilution	bv_brc_genome_amr	high
27381390	CVM N50434	SAMN03894314	BioSample	Salmonella enterica	ceftriaxone	ceftriaxone	<=	0.25	mg/L	Susceptible	CLSI	Broth dilution	bv_brc_genome_amr	high
27381390	CVM N42502	SAMN02699359	BioSample	Salmonella enterica	ceftriaxone	ceftriaxone	=	8.0	mg/L	Resistant	CLSI	Broth dilution	bv_brc_genome_amr	high
27381390	CVM N31846	SAMN02699245	BioSample	Salmonella enterica	ciprofloxacin	ciprofloxacin	<=	0.015	mg/L	Susceptible	CLSI	Broth dilution	bv_brc_genome_amr	high
27381390	CVM 43750	SAMN02911919	BioSample	Salmonella enterica	azithromycin	azithromycin	=	4.0	mg/L	Susceptible	CLSI	Broth dilution	bv_brc_genome_amr	high
27381390	CVM N40925	SAMN02699322	BioSample	Salmonella enterica	azithromycin	azithromycin	=	2.0	mg/L	Susceptible	CLSI	Broth dilution	bv_brc_genome_amr	high
27381390	CVM 43820	SAMN02911989	BioSample	Salmonella enterica	amoxicillin-clavulanic_acid	amoxicillin/clavulanic acid	<=	1.0	mg/L	Susceptible	CLSI	Broth dilution	bv_brc_genome_amr	high
27381390	CVM N42508	SAMN02699361	BioSample	Salmonella enterica	ceftriaxone	ceftriaxone	<=	0.25	mg/L	Susceptible	CLSI	Broth dilution	bv_brc_genome_amr	high
27381390	CVM N41906	SAMN02699332	BioSample	Salmonella enterica	ciprofloxacin	ciprofloxacin	<=	0.015	mg/L	Susceptible	CLSI	Broth dilution	bv_brc_genome_amr	high
27381390	CVM N51265	SAMN03894356	BioSample	Salmonella enterica	amoxicillin-clavulanic_acid	amoxicillin/clavulanic acid	<=	1.0	mg/L	Susceptible	CLSI	Broth dilution	bv_brc_genome_amr	high
27381390	CVM N32064	SAMN02699254	BioSample	Salmonella enterica	amoxicillin-clavulanic_acid	amoxicillin/clavulanic acid	<=	1.0	mg/L	Susceptible	CLSI	Broth dilution	bv_brc_genome_amr	high
27381390	CVM N46817	SAMN03894196	BioSample	Salmonella enterica	azithromycin	azithromycin	=	4.0	mg/L	Susceptible	CLSI	Broth dilution	bv_brc_genome_amr	high
27381390	CVM N46842	SAMN03894221	BioSample	Salmonella enterica	azithromycin	azithromycin	=	2.0	mg/L	Susceptible	CLSI	Broth dilution	bv_brc_genome_amr	high
27381390	CVM N46852	SAMN03894231	BioSample	Salmonella enterica	azithromycin	azithromycin	=	2.0	mg/L	Susceptible	CLSI	Broth dilution	bv_brc_genome_amr	high
27381390	CVM N45398	SAMN03894143	BioSample	Salmonella enterica	ciprofloxacin	ciprofloxacin	<=	0.015	mg/L	Susceptible	CLSI	Broth dilution	bv_brc_genome_amr	high
27381390	CVM 43771	SAMN02911940	BioSample	Salmonella enterica	ciprofloxacin	ciprofloxacin	<=	0.015	mg/L	Susceptible	CLSI	Broth dilution	bv_brc_genome_amr	high
27381390	CVM N50425	SAMN03894305	BioSample	Salmonella enterica	ceftriaxone	ceftriaxone	=	8.0	mg/L	Resistant	CLSI	Broth dilution	bv_brc_genome_amr	high
27381390	CVM 43804	SAMN02911973	BioSample	Salmonella enterica	amoxicillin-clavulanic_acid	amoxicillin/clavulanic acid	<=	1.0	mg/L	Susceptible	CLSI	Broth dilution	bv_brc_genome_amr	high
27381390	CVM N46818	SAMN03894197	BioSample	Salmonella enterica	ciprofloxacin	ciprofloxacin	=	0.03	mg/L	Susceptible	CLSI	Broth dilution	bv_brc_genome_amr	high
27381390	CVM N50437	SAMN03894317	BioSample	Salmonella enterica	ciprofloxacin	ciprofloxacin	=	0.03	mg/L	Susceptible	CLSI	Broth dilution	bv_brc_genome_amr	high
27381390	CVM N29367	SAMN02699205	BioSample	Salmonella enterica	azithromycin	azithromycin	=	4.0	mg/L	Susceptible	CLSI	Broth dilution	bv_brc_genome_amr	high
27381390	CVM N46832	SAMN03894211	BioSample	Salmonella enterica	ceftriaxone	ceftriaxone	<=	0.25	mg/L	Susceptible	CLSI	Broth dilution	bv_brc_genome_amr	high
27381390	CVM N46817	SAMN03894196	BioSample	Salmonella enterica	amoxicillin-clavulanic_acid	amoxicillin/clavulanic acid	<=	1.0	mg/L	Susceptible	CLSI	Broth dilution	bv_brc_genome_amr	high
27381390	CVM N45926	SAMN03894160	BioSample	Salmonella enterica	ampicillin	ampicillin	>	32.0	mg/L	Resistant	CLSI	Broth dilution	bv_brc_genome_amr	high
27381390	CVM N43464	SAMN03894073	BioSample	Salmonella enterica	amoxicillin-clavulanic_acid	amoxicillin/clavulanic acid	<=	1.0	mg/L	Susceptible	CLSI	Broth dilution	bv_brc_genome_amr	high
27381390	CVM N32750	SAMN02699255	BioSample	Salmonella enterica	amoxicillin-clavulanic_acid	amoxicillin/clavulanic acid	<=	1.0	mg/L	Susceptible	CLSI	Broth dilution	bv_brc_genome_amr	high
27381390	CVM N29379	SAMN02699209	BioSample	Salmonella enterica	amoxicillin-clavulanic_acid	amoxicillin/clavulanic acid	>	32.0	mg/L	Resistant	CLSI	Broth dilution	bv_brc_genome_amr	high
27381390	CVM N47711	SAMN03894241	BioSample	Salmonella enterica	ciprofloxacin	ciprofloxacin	<=	0.015	mg/L	Susceptible	CLSI	Broth dilution	bv_brc_genome_amr	high
27381390	CVM N46833	SAMN03894212	BioSample	Salmonella enterica	azithromycin	azithromycin	=	2.0	mg/L	Susceptible	CLSI	Broth dilution	bv_brc_genome_amr	high
27381390	CVM N46835	SAMN03894214	BioSample	Salmonella enterica	ceftriaxone	ceftriaxone	<=	0.25	mg/L	Susceptible	CLSI	Broth dilution	bv_brc_genome_amr	high
27381390	CVM N44709	SAMN03894126	BioSample	Salmonella enterica	azithromycin	azithromycin	=	4.0	mg/L	Susceptible	CLSI	Broth dilution	bv_brc_genome_amr	high
27381390	CVM N50435	SAMN03894315	BioSample	Salmonella enterica	ciprofloxacin	ciprofloxacin	<=	0.015	mg/L	Susceptible	CLSI	Broth dilution	bv_brc_genome_amr	high
27381390	CVM 43759	SAMN02911928	BioSample	Salmonella enterica	amoxicillin-clavulanic_acid	amoxicillin/clavulanic acid	=	16.0	mg/L	Susceptible	CLSI	Broth dilution	bv_brc_genome_amr	high
27381390	CVM N51982	SAMN03894408	BioSample	Salmonella enterica	azithromycin	azithromycin	=	2.0	mg/L	Susceptible	CLSI	Broth dilution	bv_brc_genome_amr	high
27381390	CVM N38873	SAMN02699289	BioSample	Salmonella enterica	azithromycin	azithromycin	=	4.0	mg/L	Susceptible	CLSI	Broth dilution	bv_brc_genome_amr	high
27381390	CVM N41904	SAMN02699331	BioSample	Salmonella enterica	azithromycin	azithromycin	=	4.0	mg/L	Susceptible	CLSI	Broth dilution	bv_brc_genome_amr	high
27381390	CVM 43829	SAMN02911998	BioSample	Salmonella enterica	amoxicillin-clavulanic_acid	amoxicillin/clavulanic acid	=	8.0	mg/L	Susceptible	CLSI	Broth dilution	bv_brc_genome_amr	high
27381390	CVM N29355	SAMN02699200	BioSample	Salmonella enterica	azithromycin	azithromycin	=	4.0	mg/L	Susceptible	CLSI	Broth dilution	bv_brc_genome_amr	high
27381390	CVM N48686	SAMN03894273	BioSample	Salmonella enterica	amoxicillin-clavulanic_acid	amoxicillin/clavulanic acid	<=	1.0	mg/L	Susceptible	CLSI	Broth dilution	bv_brc_genome_amr	high
27381390	CVM N45409	SAMN03894154	BioSample	Salmonella enterica	ampicillin	ampicillin	=	4.0	mg/L	Susceptible	CLSI	Broth dilution	bv_brc_genome_amr	high
27381390	CVM 43806	SAMN02911975	BioSample	Salmonella enterica	amoxicillin-clavulanic_acid	amoxicillin/clavulanic acid	<=	1.0	mg/L	Susceptible	CLSI	Broth dilution	bv_brc_genome_amr	high
27381390	CVM N48684	SAMN03894271	BioSample	Salmonella enterica	ciprofloxacin	ciprofloxacin	=	0.03	mg/L	Susceptible	CLSI	Broth dilution	bv_brc_genome_amr	high
27381390	CVM N51306	SAMN03894397	BioSample	Salmonella enterica	ampicillin	ampicillin	>	32.0	mg/L	Resistant	CLSI	Broth dilution	bv_brc_genome_amr	high
27381390	CVM N38885	SAMN02699293	BioSample	Salmonella enterica	ceftriaxone	ceftriaxone	<=	0.25	mg/L	Susceptible	CLSI	Broth dilution	bv_brc_genome_amr	high
27381390	CVM N42477	SAMN02699352	BioSample	Salmonella enterica	azithromycin	azithromycin	=	4.0	mg/L	Susceptible	CLSI	Broth dilution	bv_brc_genome_amr	high
27381390	CVM N51287	SAMN03894378	BioSample	Salmonella enterica	azithromycin	azithromycin	=	4.0	mg/L	Susceptible	CLSI	Broth dilution	bv_brc_genome_amr	high
27381390	CVM 43818	SAMN02911987	BioSample	Salmonella enterica	amoxicillin-clavulanic_acid	amoxicillin/clavulanic acid	>	32.0	mg/L	Resistant	CLSI	Broth dilution	bv_brc_genome_amr	high
27381390	CVM N31392	SAMN02699231	BioSample	Salmonella enterica	ciprofloxacin	ciprofloxacin	<=	0.015	mg/L	Susceptible	CLSI	Broth dilution	bv_brc_genome_amr	high
27381390	CVM N51261	SAMN03894352	BioSample	Salmonella enterica	ciprofloxacin	ciprofloxacin	=	0.03	mg/L	Susceptible	CLSI	Broth dilution	bv_brc_genome_amr	high
27381390	CVM N43448	SAMN03894057	BioSample	Salmonella enterica	ciprofloxacin	ciprofloxacin	<=	0.015	mg/L	Susceptible	CLSI	Broth dilution	bv_brc_genome_amr	high
27381390	CVM N45955	SAMN03894186	BioSample	Salmonella enterica	ampicillin	ampicillin	>	32.0	mg/L	Resistant	CLSI	Broth dilution	bv_brc_genome_amr	high
27381390	CVM N44702	SAMN03894119	BioSample	Salmonella enterica	ceftriaxone	ceftriaxone	<=	0.25	mg/L	Susceptible	CLSI	Broth dilution	bv_brc_genome_amr	high
27381390	CVM N32772	SAMN02699259	BioSample	Salmonella enterica	ampicillin	ampicillin	<=	1.0	mg/L	Susceptible	CLSI	Broth dilution	bv_brc_genome_amr	high
27381390	CVM N43454	SAMN03894063	BioSample	Salmonella enterica	ciprofloxacin	ciprofloxacin	<=	0.015	mg/L	Susceptible	CLSI	Broth dilution	bv_brc_genome_amr	high
27381390	CVM N31593	SAMN02699242	BioSample	Salmonella enterica	ceftriaxone	ceftriaxone	<=	0.25	mg/L	Susceptible	CLSI	Broth dilution	bv_brc_genome_amr	high
27381390	CVM N37938	SAMN02699270	BioSample	Salmonella enterica	azithromycin	azithromycin	=	4.0	mg/L	Susceptible	CLSI	Broth dilution	bv_brc_genome_amr	high
27381390	CVM N31409	SAMN02699236	BioSample	Salmonella enterica	ampicillin	ampicillin	>	32.0	mg/L	Resistant	CLSI	Broth dilution	bv_brc_genome_amr	high
27381390	CVM N42239	SAMN02699340	BioSample	Salmonella enterica	ciprofloxacin	ciprofloxacin	<=	0.015	mg/L	Susceptible	CLSI	Broth dilution	bv_brc_genome_amr	high
27381390	CVM 43806	SAMN02911975	BioSample	Salmonella enterica	ampicillin	ampicillin	<=	1.0	mg/L	Susceptible	CLSI	Broth dilution	bv_brc_genome_amr	high
27381390	CVM N41906	SAMN02699332	BioSample	Salmonella enterica	azithromycin	azithromycin	=	4.0	mg/L	Susceptible	CLSI	Broth dilution	bv_brc_genome_amr	high
27381390	CVM N51256	SAMN03894347	BioSample	Salmonella enterica	ampicillin	ampicillin	<=	1.0	mg/L	Susceptible	CLSI	Broth dilution	bv_brc_genome_amr	high
27381390	CVM N45939	SAMN03894173	BioSample	Salmonella enterica	ciprofloxacin	ciprofloxacin	<=	0.015	mg/L	Susceptible	CLSI	Broth dilution	bv_brc_genome_amr	high
27381390	CVM N42468	SAMN02699348	BioSample	Salmonella enterica	ceftriaxone	ceftriaxone	<=	0.25	mg/L	Susceptible	CLSI	Broth dilution	bv_brc_genome_amr	high
27381390	CVM N44713	SAMN03894130	BioSample	Salmonella enterica	ciprofloxacin	ciprofloxacin	<=	0.015	mg/L	Susceptible	CLSI	Broth dilution	bv_brc_genome_amr	high
27381390	CVM N45927	SAMN03894161	BioSample	Salmonella enterica	azithromycin	azithromycin	=	2.0	mg/L	Susceptible	CLSI	Broth dilution	bv_brc_genome_amr	high
27381390	CVM 43791	SAMN02911960	BioSample	Salmonella enterica	ciprofloxacin	ciprofloxacin	=	0.03	mg/L	Susceptible	CLSI	Broth dilution	bv_brc_genome_amr	high
27381390	CVM N30701	SAMN02699227	BioSample	Salmonella enterica	azithromycin	azithromycin	=	4.0	mg/L	Susceptible	CLSI	Broth dilution	bv_brc_genome_amr	high
27381390	CVM N50448	SAMN03894328	BioSample	Salmonella enterica	ampicillin	ampicillin	=	2.0	mg/L	Susceptible	CLSI	Broth dilution	bv_brc_genome_amr	high
27381390	CVM N41909	SAMN02699333	BioSample	Salmonella enterica	ceftriaxone	ceftriaxone	<=	0.25	mg/L	Susceptible	CLSI	Broth dilution	bv_brc_genome_amr	high
27381390	CVM N38848	SAMN02699279	BioSample	Salmonella enterica	amoxicillin-clavulanic_acid	amoxicillin/clavulanic acid	<=	1.0	mg/L	Susceptible	CLSI	Broth dilution	bv_brc_genome_amr	high
27381390	CVM N51982	SAMN03894408	BioSample	Salmonella enterica	ampicillin	ampicillin	<=	1.0	mg/L	Susceptible	CLSI	Broth dilution	bv_brc_genome_amr	high
27381390	CVM N38891	SAMN02699295	BioSample	Salmonella enterica	ampicillin	ampicillin	<=	1.0	mg/L	Susceptible	CLSI	Broth dilution	bv_brc_genome_amr	high
27381390	CVM N43825	SAMN03894097	BioSample	Salmonella enterica	ciprofloxacin	ciprofloxacin	<=	0.015	mg/L	Susceptible	CLSI	Broth dilution	bv_brc_genome_amr	high
27381390	CVM N38855	SAMN02699281	BioSample	Salmonella enterica	ceftriaxone	ceftriaxone	<=	0.25	mg/L	Susceptible	CLSI	Broth dilution	bv_brc_genome_amr	high
27381390	CVM N46823	SAMN03894202	BioSample	Salmonella enterica	ceftriaxone	ceftriaxone	<=	0.25	mg/L	Susceptible	CLSI	Broth dilution	bv_brc_genome_amr	high
27381390	CVM 43804	SAMN02911973	BioSample	Salmonella enterica	ceftriaxone	ceftriaxone	<=	0.25	mg/L	Susceptible	CLSI	Broth dilution	bv_brc_genome_amr	high
27381390	CVM N43465	SAMN03894074	BioSample	Salmonella enterica	ampicillin	ampicillin	<=	1.0	mg/L	Susceptible	CLSI	Broth dilution	bv_brc_genome_amr	high
27381390	CVM N44699	SAMN03894116	BioSample	Salmonella enterica	amoxicillin-clavulanic_acid	amoxicillin/clavulanic acid	<=	1.0	mg/L	Susceptible	CLSI	Broth dilution	bv_brc_genome_amr	high
27381390	CVM N44714	SAMN03894131	BioSample	Salmonella enterica	ampicillin	ampicillin	>	32.0	mg/L	Resistant	CLSI	Broth dilution	bv_brc_genome_amr	high
27381390	CVM 43766	SAMN02911935	BioSample	Salmonella enterica	azithromycin	azithromycin	=	4.0	mg/L	Susceptible	CLSI	Broth dilution	bv_brc_genome_amr	high
27381390	CVM 43785	SAMN02911954	BioSample	Salmonella enterica	ceftriaxone	ceftriaxone	<=	0.25	mg/L	Susceptible	CLSI	Broth dilution	bv_brc_genome_amr	high
27381390	CVM N48682	SAMN03894269	BioSample	Salmonella enterica	amoxicillin-clavulanic_acid	amoxicillin/clavulanic acid	<=	1.0	mg/L	Susceptible	CLSI	Broth dilution	bv_brc_genome_amr	high
27381390	CVM N50448	SAMN03894328	BioSample	Salmonella enterica	ciprofloxacin	ciprofloxacin	=	0.03	mg/L	Susceptible	CLSI	Broth dilution	bv_brc_genome_amr	high
27381390	CVM N46852	SAMN03894231	BioSample	Salmonella enterica	amoxicillin-clavulanic_acid	amoxicillin/clavulanic acid	>	32.0	mg/L	Resistant	CLSI	Broth dilution	bv_brc_genome_amr	high
27381390	CVM 43836	SAMN02912005	BioSample	Salmonella enterica	ceftriaxone	ceftriaxone	<=	0.25	mg/L	Susceptible	CLSI	Broth dilution	bv_brc_genome_amr	high
27381390	CVM N50431	SAMN03894311	BioSample	Salmonella enterica	ciprofloxacin	ciprofloxacin	=	0.03	mg/L	Susceptible	CLSI	Broth dilution	bv_brc_genome_amr	high
27381390	CVM N38851	SAMN02699280	BioSample	Salmonella enterica	ampicillin	ampicillin	<=	1.0	mg/L	Susceptible	CLSI	Broth dilution	bv_brc_genome_amr	high
27381390	CVM N42233	SAMN02699337	BioSample	Salmonella enterica	ciprofloxacin	ciprofloxacin	<=	0.015	mg/L	Susceptible	CLSI	Broth dilution	bv_brc_genome_amr	high
27381390	CVM N48688	SAMN03894275	BioSample	Salmonella enterica	amoxicillin-clavulanic_acid	amoxicillin/clavulanic acid	<=	1.0	mg/L	Susceptible	CLSI	Broth dilution	bv_brc_genome_amr	high
27381390	CVM N43460	SAMN03894069	BioSample	Salmonella enterica	azithromycin	azithromycin	=	4.0	mg/L	Susceptible	CLSI	Broth dilution	bv_brc_genome_amr	high
27381390	CVM N31397	SAMN02699234	BioSample	Salmonella enterica	amoxicillin-clavulanic_acid	amoxicillin/clavulanic acid	<=	1.0	mg/L	Susceptible	CLSI	Broth dilution	bv_brc_genome_amr	high
27381390	CVM N32052	SAMN02699250	BioSample	Salmonella enterica	ceftriaxone	ceftriaxone	<=	0.25	mg/L	Susceptible	CLSI	Broth dilution	bv_brc_genome_amr	high
27381390	CVM N40384	SAMN02699315	BioSample	Salmonella enterica	azithromycin	azithromycin	=	4.0	mg/L	Susceptible	CLSI	Broth dilution	bv_brc_genome_amr	high
27381390	CVM 43812	SAMN02911981	BioSample	Salmonella enterica	amoxicillin-clavulanic_acid	amoxicillin/clavulanic acid	<=	1.0	mg/L	Susceptible	CLSI	Broth dilution	bv_brc_genome_amr	high
27381390	CVM N45400	SAMN03894145	BioSample	Salmonella enterica	ciprofloxacin	ciprofloxacin	<=	0.015	mg/L	Susceptible	CLSI	Broth dilution	bv_brc_genome_amr	high
27381390	CVM N32781	SAMN02699262	BioSample	Salmonella enterica	ciprofloxacin	ciprofloxacin	<=	0.015	mg/L	Susceptible	CLSI	Broth dilution	bv_brc_genome_amr	high
27381390	CVM N50426	SAMN03894306	BioSample	Salmonella enterica	azithromycin	azithromycin	=	4.0	mg/L	Susceptible	CLSI	Broth dilution	bv_brc_genome_amr	high
27381390	CVM 43836	SAMN02912005	BioSample	Salmonella enterica	ciprofloxacin	ciprofloxacin	<=	0.015	mg/L	Susceptible	CLSI	Broth dilution	bv_brc_genome_amr	high
27381390	CVM N44711	SAMN03894128	BioSample	Salmonella enterica	ampicillin	ampicillin	<=	1.0	mg/L	Susceptible	CLSI	Broth dilution	bv_brc_genome_amr	high
27381390	CVM N42336	SAMN02699341	BioSample	Salmonella enterica	ampicillin	ampicillin	>	32.0	mg/L	Resistant	CLSI	Broth dilution	bv_brc_genome_amr	high
27381390	CVM N42480	SAMN02699354	BioSample	Salmonella enterica	amoxicillin-clavulanic_acid	amoxicillin/clavulanic acid	<=	1.0	mg/L	Susceptible	CLSI	Broth dilution	bv_brc_genome_amr	high
27381390	CVM N51277	SAMN03894368	BioSample	Salmonella enterica	amoxicillin-clavulanic_acid	amoxicillin/clavulanic acid	<=	1.0	mg/L	Susceptible	CLSI	Broth dilution	bv_brc_genome_amr	high
27381390	CVM N32781	SAMN02699262	BioSample	Salmonella enterica	ampicillin	ampicillin	<=	1.0	mg/L	Susceptible	CLSI	Broth dilution	bv_brc_genome_amr	high
27381390	CVM 43810	SAMN02911979	BioSample	Salmonella enterica	ciprofloxacin	ciprofloxacin	<=	0.015	mg/L	Susceptible	CLSI	Broth dilution	bv_brc_genome_amr	high
27381390	CVM 43771	SAMN02911940	BioSample	Salmonella enterica	amoxicillin-clavulanic_acid	amoxicillin/clavulanic acid	<=	1.0	mg/L	Susceptible	CLSI	Broth dilution	bv_brc_genome_amr	high
27381390	CVM N29362	SAMN02699203	BioSample	Salmonella enterica	ciprofloxacin	ciprofloxacin	<=	0.015	mg/L	Susceptible	CLSI	Broth dilution	bv_brc_genome_amr	high
27381390	CVM N45401	SAMN03894146	BioSample	Salmonella enterica	ciprofloxacin	ciprofloxacin	<=	0.015	mg/L	Susceptible	CLSI	Broth dilution	bv_brc_genome_amr	high
27381390	CVM N51267	SAMN03894358	BioSample	Salmonella enterica	ceftriaxone	ceftriaxone	<=	0.25	mg/L	Susceptible	CLSI	Broth dilution	bv_brc_genome_amr	high
27381390	CVM 43770	SAMN02911939	BioSample	Salmonella enterica	azithromycin	azithromycin	=	4.0	mg/L	Susceptible	CLSI	Broth dilution	bv_brc_genome_amr	high
27381390	CVM N48676	SAMN03894263	BioSample	Salmonella enterica	ceftriaxone	ceftriaxone	=	8.0	mg/L	Resistant	CLSI	Broth dilution	bv_brc_genome_amr	high
27381390	CVM N32781	SAMN02699262	BioSample	Salmonella enterica	amoxicillin-clavulanic_acid	amoxicillin/clavulanic acid	<=	1.0	mg/L	Susceptible	CLSI	Broth dilution	bv_brc_genome_amr	high
27381390	CVM N48681	SAMN03894268	BioSample	Salmonella enterica	ceftriaxone	ceftriaxone	<=	0.25	mg/L	Susceptible	CLSI	Broth dilution	bv_brc_genome_amr	high
27381390	CVM N48708	SAMN03894295	BioSample	Salmonella enterica	ampicillin	ampicillin	<=	1.0	mg/L	Susceptible	CLSI	Broth dilution	bv_brc_genome_amr	high
27381390	CVM N30677	SAMN02699221	BioSample	Salmonella enterica	ceftriaxone	ceftriaxone	<=	0.25	mg/L	Susceptible	CLSI	Broth dilution	bv_brc_genome_amr	high
27381390	CVM 43813	SAMN02911982	BioSample	Salmonella enterica	ampicillin	ampicillin	>	32.0	mg/L	Resistant	CLSI	Broth dilution	bv_brc_genome_amr	high
27381390	CVM N42508	SAMN02699361	BioSample	Salmonella enterica	azithromycin	azithromycin	=	4.0	mg/L	Susceptible	CLSI	Broth dilution	bv_brc_genome_amr	high
27381390	CVM N30663	SAMN02699217	BioSample	Salmonella enterica	ceftriaxone	ceftriaxone	=	16.0	mg/L	Resistant	CLSI	Broth dilution	bv_brc_genome_amr	high
27381390	CVM 43810	SAMN02911979	BioSample	Salmonella enterica	ampicillin	ampicillin	>	32.0	mg/L	Resistant	CLSI	Broth dilution	bv_brc_genome_amr	high
27381390	CVM N40387	SAMN02699317	BioSample	Salmonella enterica	amoxicillin-clavulanic_acid	amoxicillin/clavulanic acid	=	4.0	mg/L	Susceptible	CLSI	Broth dilution	bv_brc_genome_amr	high
27381390	CVM N51272	SAMN03894363	BioSample	Salmonella enterica	ampicillin	ampicillin	>	32.0	mg/L	Resistant	CLSI	Broth dilution	bv_brc_genome_amr	high
27381390	CVM N43822	SAMN03894094	BioSample	Salmonella enterica	amoxicillin-clavulanic_acid	amoxicillin/clavulanic acid	<=	1.0	mg/L	Susceptible	CLSI	Broth dilution	bv_brc_genome_amr	high
27381390	CVM N51269	SAMN03894360	BioSample	Salmonella enterica	amoxicillin-clavulanic_acid	amoxicillin/clavulanic acid	<=	1.0	mg/L	Susceptible	CLSI	Broth dilution	bv_brc_genome_amr	high
27381390	CVM N50441	SAMN03894321	BioSample	Salmonella enterica	ciprofloxacin	ciprofloxacin	<=	0.015	mg/L	Susceptible	CLSI	Broth dilution	bv_brc_genome_amr	high
27381390	CVM N46839	SAMN03894218	BioSample	Salmonella enterica	azithromycin	azithromycin	=	4.0	mg/L	Susceptible	CLSI	Broth dilution	bv_brc_genome_amr	high
27381390	CVM N45409	SAMN03894154	BioSample	Salmonella enterica	ciprofloxacin	ciprofloxacin	=	0.03	mg/L	Susceptible	CLSI	Broth dilution	bv_brc_genome_amr	high
27381390	CVM N51249	SAMN03894340	BioSample	Salmonella enterica	amoxicillin-clavulanic_acid	amoxicillin/clavulanic acid	<=	1.0	mg/L	Susceptible	CLSI	Broth dilution	bv_brc_genome_amr	high
27381390	CVM N47715	SAMN03894245	BioSample	Salmonella enterica	ceftriaxone	ceftriaxone	<=	0.25	mg/L	Susceptible	CLSI	Broth dilution	bv_brc_genome_amr	high
27381390	CVM N38873	SAMN02699289	BioSample	Salmonella enterica	ceftriaxone	ceftriaxone	=	4.0	mg/L	Resistant	CLSI	Broth dilution	bv_brc_genome_amr	high
27381390	CVM N42453	SAMN02699345	BioSample	Salmonella enterica	ampicillin	ampicillin	<=	1.0	mg/L	Susceptible	CLSI	Broth dilution	bv_brc_genome_amr	high
27381390	CVM N43468	SAMN03894077	BioSample	Salmonella enterica	ciprofloxacin	ciprofloxacin	=	0.03	mg/L	Susceptible	CLSI	Broth dilution	bv_brc_genome_amr	high
27381390	CVM N38240	SAMN02699278	BioSample	Salmonella enterica	ampicillin	ampicillin	<=	1.0	mg/L	Susceptible	CLSI	Broth dilution	bv_brc_genome_amr	high
27381390	CVM N30669	SAMN02699218	BioSample	Salmonella enterica	amoxicillin-clavulanic_acid	amoxicillin/clavulanic acid	<=	1.0	mg/L	Susceptible	CLSI	Broth dilution	bv_brc_genome_amr	high
27381390	CVM N38869	SAMN02699287	BioSample	Salmonella enterica	ampicillin	ampicillin	<=	1.0	mg/L	Susceptible	CLSI	Broth dilution	bv_brc_genome_amr	high
27381390	CVM N40368	SAMN02699311	BioSample	Salmonella enterica	amoxicillin-clavulanic_acid	amoxicillin/clavulanic acid	=	4.0	mg/L	Susceptible	CLSI	Broth dilution	bv_brc_genome_amr	high
27381390	CVM N44702	SAMN03894119	BioSample	Salmonella enterica	amoxicillin-clavulanic_acid	amoxicillin/clavulanic acid	<=	1.0	mg/L	Susceptible	CLSI	Broth dilution	bv_brc_genome_amr	high
27381390	CVM N50425	SAMN03894305	BioSample	Salmonella enterica	amoxicillin-clavulanic_acid	amoxicillin/clavulanic acid	>	32.0	mg/L	Resistant	CLSI	Broth dilution	bv_brc_genome_amr	high
27381390	CVM 43784	SAMN02911953	BioSample	Salmonella enterica	azithromycin	azithromycin	=	2.0	mg/L	Susceptible	CLSI	Broth dilution	bv_brc_genome_amr	high
27381390	CVM N46825	SAMN03894204	BioSample	Salmonella enterica	amoxicillin-clavulanic_acid	amoxicillin/clavulanic acid	<=	1.0	mg/L	Susceptible	CLSI	Broth dilution	bv_brc_genome_amr	high
27381390	CVM N46858	SAMN03894237	BioSample	Salmonella enterica	amoxicillin-clavulanic_acid	amoxicillin/clavulanic acid	<=	1.0	mg/L	Susceptible	CLSI	Broth dilution	bv_brc_genome_amr	high
27381390	CVM N50449	SAMN03894329	BioSample	Salmonella enterica	ceftriaxone	ceftriaxone	<=	0.25	mg/L	Susceptible	CLSI	Broth dilution	bv_brc_genome_amr	high
27381390	CVM N42237	SAMN02699339	BioSample	Salmonella enterica	amoxicillin-clavulanic_acid	amoxicillin/clavulanic acid	>	32.0	mg/L	Resistant	CLSI	Broth dilution	bv_brc_genome_amr	high
27381390	CVM 43761	SAMN02911930	BioSample	Salmonella enterica	ceftriaxone	ceftriaxone	<=	0.25	mg/L	Susceptible	CLSI	Broth dilution	bv_brc_genome_amr	high
27381390	CVM N42450	SAMN02699343	BioSample	Salmonella enterica	amoxicillin-clavulanic_acid	amoxicillin/clavulanic acid	<=	1.0	mg/L	Susceptible	CLSI	Broth dilution	bv_brc_genome_amr	high
27381390	CVM N32051	SAMN02699249	BioSample	Salmonella enterica	ampicillin	ampicillin	>	32.0	mg/L	Resistant	CLSI	Broth dilution	bv_brc_genome_amr	high
27381390	CVM N42479	SAMN02699353	BioSample	Salmonella enterica	azithromycin	azithromycin	=	2.0	mg/L	Susceptible	CLSI	Broth dilution	bv_brc_genome_amr	high
27381390	CVM 43745	SAMN02911914	BioSample	Salmonella enterica	amoxicillin-clavulanic_acid	amoxicillin/clavulanic acid	=	4.0	mg/L	Susceptible	CLSI	Broth dilution	bv_brc_genome_amr	high
27381390	CVM N46856	SAMN03894235	BioSample	Salmonella enterica	ampicillin	ampicillin	<=	1.0	mg/L	Susceptible	CLSI	Broth dilution	bv_brc_genome_amr	high
27381390	CVM N38921	SAMN02699303	BioSample	Salmonella enterica	ampicillin	ampicillin	<=	1.0	mg/L	Susceptible	CLSI	Broth dilution	bv_brc_genome_amr	high
27381390	CVM N43476	SAMN03894085	BioSample	Salmonella enterica	ampicillin	ampicillin	<=	1.0	mg/L	Susceptible	CLSI	Broth dilution	bv_brc_genome_amr	high
27381390	CVM N38868	SAMN02699286	BioSample	Salmonella enterica	ciprofloxacin	ciprofloxacin	<=	0.015	mg/L	Susceptible	CLSI	Broth dilution	bv_brc_genome_amr	high
27381390	CVM N44695	SAMN03894112	BioSample	Salmonella enterica	ciprofloxacin	ciprofloxacin	<=	0.015	mg/L	Susceptible	CLSI	Broth dilution	bv_brc_genome_amr	high
27381390	CVM 43768	SAMN02911937	BioSample	Salmonella enterica	ampicillin	ampicillin	<=	1.0	mg/L	Susceptible	CLSI	Broth dilution	bv_brc_genome_amr	high
27381390	CVM 43785	SAMN02911954	BioSample	Salmonella enterica	azithromycin	azithromycin	=	4.0	mg/L	Susceptible	CLSI	Broth dilution	bv_brc_genome_amr	high
27381390	CVM N47727	SAMN03894257	BioSample	Salmonella enterica	ciprofloxacin	ciprofloxacin	=	0.03	mg/L	Susceptible	CLSI	Broth dilution	bv_brc_genome_amr	high
27381390	CVM 43764	SAMN02911933	BioSample	Salmonella enterica	amoxicillin-clavulanic_acid	amoxicillin/clavulanic acid	>	32.0	mg/L	Resistant	CLSI	Broth dilution	bv_brc_genome_amr	high
27381390	CVM N44698	SAMN03894115	BioSample	Salmonella enterica	ciprofloxacin	ciprofloxacin	<=	0.015	mg/L	Susceptible	CLSI	Broth dilution	bv_brc_genome_amr	high
27381390	CVM N38921	SAMN02699303	BioSample	Salmonella enterica	amoxicillin-clavulanic_acid	amoxicillin/clavulanic acid	<=	1.0	mg/L	Susceptible	CLSI	Broth dilution	bv_brc_genome_amr	high
27381390	CVM 43760	SAMN02911929	BioSample	Salmonella enterica	amoxicillin-clavulanic_acid	amoxicillin/clavulanic acid	<=	1.0	mg/L	Susceptible	CLSI	Broth dilution	bv_brc_genome_amr	high
27381390	CVM N50433	SAMN03894313	BioSample	Salmonella enterica	ceftriaxone	ceftriaxone	<=	0.25	mg/L	Susceptible	CLSI	Broth dilution	bv_brc_genome_amr	high
27381390	CVM 43843	SAMN02912012	BioSample	Salmonella enterica	ceftriaxone	ceftriaxone	=	16.0	mg/L	Resistant	CLSI	Broth dilution	bv_brc_genome_amr	high
27381390	CVM N46846	SAMN03894225	BioSample	Salmonella enterica	ceftriaxone	ceftriaxone	<=	0.25	mg/L	Susceptible	CLSI	Broth dilution	bv_brc_genome_amr	high
27381390	CVM N51257	SAMN03894348	BioSample	Salmonella enterica	azithromycin	azithromycin	=	4.0	mg/L	Susceptible	CLSI	Broth dilution	bv_brc_genome_amr	high
27381390	CVM N44703	SAMN03894120	BioSample	Salmonella enterica	ciprofloxacin	ciprofloxacin	<=	0.015	mg/L	Susceptible	CLSI	Broth dilution	bv_brc_genome_amr	high
27381390	CVM N51271	SAMN03894362	BioSample	Salmonella enterica	ampicillin	ampicillin	>	32.0	mg/L	Resistant	CLSI	Broth dilution	bv_brc_genome_amr	high
27381390	CVM N31395	SAMN02699233	BioSample	Salmonella enterica	azithromycin	azithromycin	=	4.0	mg/L	Susceptible	CLSI	Broth dilution	bv_brc_genome_amr	high
27381390	CVM 43769	SAMN02911938	BioSample	Salmonella enterica	azithromycin	azithromycin	=	4.0	mg/L	Susceptible	CLSI	Broth dilution	bv_brc_genome_amr	high
27381390	CVM 43833	SAMN02912002	BioSample	Salmonella enterica	ceftriaxone	ceftriaxone	<=	0.25	mg/L	Susceptible	CLSI	Broth dilution	bv_brc_genome_amr	high
27381390	CVM 43800	SAMN02911969	BioSample	Salmonella enterica	ampicillin	ampicillin	<=	1.0	mg/L	Susceptible	CLSI	Broth dilution	bv_brc_genome_amr	high
27381390	CVM N47729	SAMN03894259	BioSample	Salmonella enterica	ciprofloxacin	ciprofloxacin	<=	0.015	mg/L	Susceptible	CLSI	Broth dilution	bv_brc_genome_amr	high
27381390	CVM N48694	SAMN03894281	BioSample	Salmonella enterica	azithromycin	azithromycin	=	4.0	mg/L	Susceptible	CLSI	Broth dilution	bv_brc_genome_amr	high
27381390	CVM N30645	SAMN02699214	BioSample	Salmonella enterica	ciprofloxacin	ciprofloxacin	<=	0.015	mg/L	Susceptible	CLSI	Broth dilution	bv_brc_genome_amr	high
27381390	CVM 43827	SAMN02911996	BioSample	Salmonella enterica	azithromycin	azithromycin	=	4.0	mg/L	Susceptible	CLSI	Broth dilution	bv_brc_genome_amr	high
27381390	CVM 43793	SAMN02911962	BioSample	Salmonella enterica	amoxicillin-clavulanic_acid	amoxicillin/clavulanic acid	=	4.0	mg/L	Susceptible	CLSI	Broth dilution	bv_brc_genome_amr	high
27381390	CVM N45944	SAMN03894178	BioSample	Salmonella enterica	ampicillin	ampicillin	<=	1.0	mg/L	Susceptible	CLSI	Broth dilution	bv_brc_genome_amr	high
27381390	CVM 43842	SAMN02912011	BioSample	Salmonella enterica	ampicillin	ampicillin	<=	1.0	mg/L	Susceptible	CLSI	Broth dilution	bv_brc_genome_amr	high
27381390	CVM 43747	SAMN02911916	BioSample	Salmonella enterica	ciprofloxacin	ciprofloxacin	<=	0.015	mg/L	Susceptible	CLSI	Broth dilution	bv_brc_genome_amr	high
27381390	CVM N43470	SAMN03894079	BioSample	Salmonella enterica	azithromycin	azithromycin	=	4.0	mg/L	Susceptible	CLSI	Broth dilution	bv_brc_genome_amr	high
27381390	CVM N50419	SAMN03894299	BioSample	Salmonella enterica	ampicillin	ampicillin	<=	1.0	mg/L	Susceptible	CLSI	Broth dilution	bv_brc_genome_amr	high
27381390	CVM N48577	SAMN03894261	BioSample	Salmonella enterica	ceftriaxone	ceftriaxone	<=	0.25	mg/L	Susceptible	CLSI	Broth dilution	bv_brc_genome_amr	high
27381390	CVM N32755	SAMN02699257	BioSample	Salmonella enterica	ampicillin	ampicillin	>	32.0	mg/L	Resistant	CLSI	Broth dilution	bv_brc_genome_amr	high
27381390	CVM N45943	SAMN03894177	BioSample	Salmonella enterica	amoxicillin-clavulanic_acid	amoxicillin/clavulanic acid	<=	1.0	mg/L	Susceptible	CLSI	Broth dilution	bv_brc_genome_amr	high
27381390	CVM N51260	SAMN03894351	BioSample	Salmonella enterica	ciprofloxacin	ciprofloxacin	<=	0.015	mg/L	Susceptible	CLSI	Broth dilution	bv_brc_genome_amr	high
27381390	CVM 43843	SAMN02912012	BioSample	Salmonella enterica	ampicillin	ampicillin	>	32.0	mg/L	Resistant	CLSI	Broth dilution	bv_brc_genome_amr	high
27381390	CVM N32042	SAMN02699246	BioSample	Salmonella enterica	ampicillin	ampicillin	<=	1.0	mg/L	Susceptible	CLSI	Broth dilution	bv_brc_genome_amr	high
27381390	CVM N43457	SAMN03894066	BioSample	Salmonella enterica	ciprofloxacin	ciprofloxacin	=	0.03	mg/L	Susceptible	CLSI	Broth dilution	bv_brc_genome_amr	high
27381390	CVM N38240	SAMN02699278	BioSample	Salmonella enterica	azithromycin	azithromycin	=	4.0	mg/L	Susceptible	CLSI	Broth dilution	bv_brc_genome_amr	high
27381390	CVM N48704	SAMN03894291	BioSample	Salmonella enterica	ciprofloxacin	ciprofloxacin	<=	0.015	mg/L	Susceptible	CLSI	Broth dilution	bv_brc_genome_amr	high
27381390	CVM N51295	SAMN03894386	BioSample	Salmonella enterica	ceftriaxone	ceftriaxone	<=	0.25	mg/L	Susceptible	CLSI	Broth dilution	bv_brc_genome_amr	high
27381390	CVM N51258	SAMN03894349	BioSample	Salmonella enterica	ampicillin	ampicillin	<=	1.0	mg/L	Susceptible	CLSI	Broth dilution	bv_brc_genome_amr	high
27381390	CVM N46814	SAMN03894194	BioSample	Salmonella enterica	ceftriaxone	ceftriaxone	<=	0.25	mg/L	Susceptible	CLSI	Broth dilution	bv_brc_genome_amr	high
27381390	CVM N47720	SAMN03894250	BioSample	Salmonella enterica	azithromycin	azithromycin	=	4.0	mg/L	Susceptible	CLSI	Broth dilution	bv_brc_genome_amr	high
27381390	CVM N43828	SAMN03894100	BioSample	Salmonella enterica	ciprofloxacin	ciprofloxacin	<=	0.015	mg/L	Susceptible	CLSI	Broth dilution	bv_brc_genome_amr	high
27381390	CVM N38858	SAMN02699282	BioSample	Salmonella enterica	ampicillin	ampicillin	<=	1.0	mg/L	Susceptible	CLSI	Broth dilution	bv_brc_genome_amr	high
27381390	CVM N51984	SAMN03894410	BioSample	Salmonella enterica	ampicillin	ampicillin	<=	1.0	mg/L	Susceptible	CLSI	Broth dilution	bv_brc_genome_amr	high
27381390	CVM 43792	SAMN02911961	BioSample	Salmonella enterica	ampicillin	ampicillin	>	32.0	mg/L	Resistant	CLSI	Broth dilution	bv_brc_genome_amr	high
27381390	CVM N43829	SAMN03894101	BioSample	Salmonella enterica	ceftriaxone	ceftriaxone	=	8.0	mg/L	Resistant	CLSI	Broth dilution	bv_brc_genome_amr	high
27381390	CVM 43832	SAMN02912001	BioSample	Salmonella enterica	azithromycin	azithromycin	=	4.0	mg/L	Susceptible	CLSI	Broth dilution	bv_brc_genome_amr	high
27381390	CVM N46852	SAMN03894231	BioSample	Salmonella enterica	ceftriaxone	ceftriaxone	=	16.0	mg/L	Resistant	CLSI	Broth dilution	bv_brc_genome_amr	high
27381390	CVM N50434	SAMN03894314	BioSample	Salmonella enterica	azithromycin	azithromycin	=	4.0	mg/L	Susceptible	CLSI	Broth dilution	bv_brc_genome_amr	high
27381390	CVM N50443	SAMN03894323	BioSample	Salmonella enterica	ampicillin	ampicillin	>	32.0	mg/L	Resistant	CLSI	Broth dilution	bv_brc_genome_amr	high
27381390	CVM 43838	SAMN02912007	BioSample	Salmonella enterica	amoxicillin-clavulanic_acid	amoxicillin/clavulanic acid	>	32.0	mg/L	Resistant	CLSI	Broth dilution	bv_brc_genome_amr	high
27381390	CVM 43747	SAMN02911916	BioSample	Salmonella enterica	ampicillin	ampicillin	<=	1.0	mg/L	Susceptible	CLSI	Broth dilution	bv_brc_genome_amr	high
27381390	CVM N51265	SAMN03894356	BioSample	Salmonella enterica	ampicillin	ampicillin	<=	1.0	mg/L	Susceptible	CLSI	Broth dilution	bv_brc_genome_amr	high
27381390	CVM N43455	SAMN03894064	BioSample	Salmonella enterica	ciprofloxacin	ciprofloxacin	=	0.03	mg/L	Susceptible	CLSI	Broth dilution	bv_brc_genome_amr	high
27381390	CVM N29315	SAMN02699191	BioSample	Salmonella enterica	ciprofloxacin	ciprofloxacin	<=	0.015	mg/L	Susceptible	CLSI	Broth dilution	bv_brc_genome_amr	high
27381390	CVM N51285	SAMN03894376	BioSample	Salmonella enterica	ceftriaxone	ceftriaxone	<=	0.25	mg/L	Susceptible	CLSI	Broth dilution	bv_brc_genome_amr	high
27381390	CVM N42467	SAMN02699347	BioSample	Salmonella enterica	ciprofloxacin	ciprofloxacin	=	0.03	mg/L	Susceptible	CLSI	Broth dilution	bv_brc_genome_amr	high
27381390	CVM N46844	SAMN03894223	BioSample	Salmonella enterica	ampicillin	ampicillin	>	32.0	mg/L	Resistant	CLSI	Broth dilution	bv_brc_genome_amr	high
27381390	CVM N43470	SAMN03894079	BioSample	Salmonella enterica	ceftriaxone	ceftriaxone	<=	0.25	mg/L	Susceptible	CLSI	Broth dilution	bv_brc_genome_amr	high
27381390	CVM N50443	SAMN03894323	BioSample	Salmonella enterica	ciprofloxacin	ciprofloxacin	=	0.03	mg/L	Susceptible	CLSI	Broth dilution	bv_brc_genome_amr	high
27381390	CVM N42232	SAMN02699336	BioSample	Salmonella enterica	ceftriaxone	ceftriaxone	<=	0.25	mg/L	Susceptible	CLSI	Broth dilution	bv_brc_genome_amr	high
27381390	CVM 43803	SAMN02911972	BioSample	Salmonella enterica	ceftriaxone	ceftriaxone	<=	0.25	mg/L	Susceptible	CLSI	Broth dilution	bv_brc_genome_amr	high
27381390	CVM N30701	SAMN02699227	BioSample	Salmonella enterica	amoxicillin-clavulanic_acid	amoxicillin/clavulanic acid	<=	1.0	mg/L	Susceptible	CLSI	Broth dilution	bv_brc_genome_amr	high
27381390	CVM N29385	SAMN02699212	BioSample	Salmonella enterica	amoxicillin-clavulanic_acid	amoxicillin/clavulanic acid	<=	1.0	mg/L	Susceptible	CLSI	Broth dilution	bv_brc_genome_amr	high
27381390	CVM N41913	SAMN02699334	BioSample	Salmonella enterica	ampicillin	ampicillin	<=	1.0	mg/L	Susceptible	CLSI	Broth dilution	bv_brc_genome_amr	high
27381390	CVM N42518	SAMN02699363	BioSample	Salmonella enterica	amoxicillin-clavulanic_acid	amoxicillin/clavulanic acid	<=	1.0	mg/L	Susceptible	CLSI	Broth dilution	bv_brc_genome_amr	high
27381390	CVM N45936	SAMN03894170	BioSample	Salmonella enterica	ampicillin	ampicillin	<=	1.0	mg/L	Susceptible	CLSI	Broth dilution	bv_brc_genome_amr	high
27381390	CVM N51290	SAMN03894381	BioSample	Salmonella enterica	ceftriaxone	ceftriaxone	<=	0.25	mg/L	Susceptible	CLSI	Broth dilution	bv_brc_genome_amr	high
27381390	CVM N43825	SAMN03894097	BioSample	Salmonella enterica	ampicillin	ampicillin	<=	1.0	mg/L	Susceptible	CLSI	Broth dilution	bv_brc_genome_amr	high
27381390	CVM N45937	SAMN03894171	BioSample	Salmonella enterica	ceftriaxone	ceftriaxone	<=	0.25	mg/L	Susceptible	CLSI	Broth dilution	bv_brc_genome_amr	high
27381390	CVM N37918	SAMN02699267	BioSample	Salmonella enterica	ciprofloxacin	ciprofloxacin	<=	0.015	mg/L	Susceptible	CLSI	Broth dilution	bv_brc_genome_amr	high
27381390	CVM N51301	SAMN03894392	BioSample	Salmonella enterica	azithromycin	azithromycin	=	4.0	mg/L	Susceptible	CLSI	Broth dilution	bv_brc_genome_amr	high
27381390	CVM N48681	SAMN03894268	BioSample	Salmonella enterica	amoxicillin-clavulanic_acid	amoxicillin/clavulanic acid	<=	1.0	mg/L	Susceptible	CLSI	Broth dilution	bv_brc_genome_amr	high
27381390	CVM N51272	SAMN03894363	BioSample	Salmonella enterica	amoxicillin-clavulanic_acid	amoxicillin/clavulanic acid	=	32.0	mg/L	Resistant	CLSI	Broth dilution	bv_brc_genome_amr	high
27381390	CVM N32045	SAMN02699247	BioSample	Salmonella enterica	ciprofloxacin	ciprofloxacin	<=	0.015	mg/L	Susceptible	CLSI	Broth dilution	bv_brc_genome_amr	high
27381390	CVM N42518	SAMN02699363	BioSample	Salmonella enterica	azithromycin	azithromycin	=	4.0	mg/L	Susceptible	CLSI	Broth dilution	bv_brc_genome_amr	high
27381390	CVM N51315	SAMN03894406	BioSample	Salmonella enterica	azithromycin	azithromycin	=	4.0	mg/L	Susceptible	CLSI	Broth dilution	bv_brc_genome_amr	high
27381390	CVM N32763	SAMN02699258	BioSample	Salmonella enterica	ceftriaxone	ceftriaxone	=	32.0	mg/L	Resistant	CLSI	Broth dilution	bv_brc_genome_amr	high
27381390	CVM N51308	SAMN03894399	BioSample	Salmonella enterica	azithromycin	azithromycin	=	2.0	mg/L	Susceptible	CLSI	Broth dilution	bv_brc_genome_amr	high
27381390	CVM N38917	SAMN02699302	BioSample	Salmonella enterica	ceftriaxone	ceftriaxone	<=	0.25	mg/L	Susceptible	CLSI	Broth dilution	bv_brc_genome_amr	high
27381390	CVM N30669	SAMN02699218	BioSample	Salmonella enterica	ceftriaxone	ceftriaxone	<=	0.25	mg/L	Susceptible	CLSI	Broth dilution	bv_brc_genome_amr	high
27381390	CVM N31415	SAMN02699241	BioSample	Salmonella enterica	ceftriaxone	ceftriaxone	<=	0.25	mg/L	Susceptible	CLSI	Broth dilution	bv_brc_genome_amr	high
27381390	CVM N43462	SAMN03894071	BioSample	Salmonella enterica	amoxicillin-clavulanic_acid	amoxicillin/clavulanic acid	<=	1.0	mg/L	Susceptible	CLSI	Broth dilution	bv_brc_genome_amr	high
27381390	CVM N42479	SAMN02699353	BioSample	Salmonella enterica	ampicillin	ampicillin	<=	1.0	mg/L	Susceptible	CLSI	Broth dilution	bv_brc_genome_amr	high
27381390	CVM 43760	SAMN02911929	BioSample	Salmonella enterica	azithromycin	azithromycin	=	2.0	mg/L	Susceptible	CLSI	Broth dilution	bv_brc_genome_amr	high
27381390	CVM N42482	SAMN02699355	BioSample	Salmonella enterica	ceftriaxone	ceftriaxone	=	64.0	mg/L	Resistant	CLSI	Broth dilution	bv_brc_genome_amr	high
27381390	CVM N51279	SAMN03894370	BioSample	Salmonella enterica	azithromycin	azithromycin	=	2.0	mg/L	Susceptible	CLSI	Broth dilution	bv_brc_genome_amr	high
27381390	CVM N43826	SAMN03894098	BioSample	Salmonella enterica	ampicillin	ampicillin	<=	1.0	mg/L	Susceptible	CLSI	Broth dilution	bv_brc_genome_amr	high
27381390	CVM N51298	SAMN03894389	BioSample	Salmonella enterica	ampicillin	ampicillin	>	32.0	mg/L	Resistant	CLSI	Broth dilution	bv_brc_genome_amr	high
27381390	CVM N42469	SAMN02699349	BioSample	Salmonella enterica	amoxicillin-clavulanic_acid	amoxicillin/clavulanic acid	=	8.0	mg/L	Susceptible	CLSI	Broth dilution	bv_brc_genome_amr	high
27381390	CVM N46837	SAMN03894216	BioSample	Salmonella enterica	amoxicillin-clavulanic_acid	amoxicillin/clavulanic acid	<=	1.0	mg/L	Susceptible	CLSI	Broth dilution	bv_brc_genome_amr	high
27381390	CVM N45952	SAMN03894183	BioSample	Salmonella enterica	amoxicillin-clavulanic_acid	amoxicillin/clavulanic acid	<=	1.0	mg/L	Susceptible	CLSI	Broth dilution	bv_brc_genome_amr	high
27381390	CVM N37907	SAMN02699264	BioSample	Salmonella enterica	ampicillin	ampicillin	>	32.0	mg/L	Resistant	CLSI	Broth dilution	bv_brc_genome_amr	high
27381390	CVM N42232	SAMN02699336	BioSample	Salmonella enterica	amoxicillin-clavulanic_acid	amoxicillin/clavulanic acid	=	8.0	mg/L	Susceptible	CLSI	Broth dilution	bv_brc_genome_amr	high
27381390	CVM N42237	SAMN02699339	BioSample	Salmonella enterica	ciprofloxacin	ciprofloxacin	<=	0.015	mg/L	Susceptible	CLSI	Broth dilution	bv_brc_genome_amr	high
27381390	CVM 43826	SAMN02911995	BioSample	Salmonella enterica	amoxicillin-clavulanic_acid	amoxicillin/clavulanic acid	<=	1.0	mg/L	Susceptible	CLSI	Broth dilution	bv_brc_genome_amr	high
27381390	CVM N40413	SAMN02699320	BioSample	Salmonella enterica	ciprofloxacin	ciprofloxacin	<=	0.015	mg/L	Susceptible	CLSI	Broth dilution	bv_brc_genome_amr	high
27381390	CVM 43818	SAMN02911987	BioSample	Salmonella enterica	ampicillin	ampicillin	>	32.0	mg/L	Resistant	CLSI	Broth dilution	bv_brc_genome_amr	high
27381390	CVM N50425	SAMN03894305	BioSample	Salmonella enterica	ampicillin	ampicillin	>	32.0	mg/L	Resistant	CLSI	Broth dilution	bv_brc_genome_amr	high
27381390	CVM 43822	SAMN02911991	BioSample	Salmonella enterica	ciprofloxacin	ciprofloxacin	<=	0.015	mg/L	Susceptible	CLSI	Broth dilution	bv_brc_genome_amr	high
27381390	CVM N29310	SAMN02699189	BioSample	Salmonella enterica	ciprofloxacin	ciprofloxacin	<=	0.015	mg/L	Susceptible	CLSI	Broth dilution	bv_brc_genome_amr	high
27381390	CVM N48695	SAMN03894282	BioSample	Salmonella enterica	ampicillin	ampicillin	<=	1.0	mg/L	Susceptible	CLSI	Broth dilution	bv_brc_genome_amr	high
27381390	CVM N42235	SAMN02699338	BioSample	Salmonella enterica	amoxicillin-clavulanic_acid	amoxicillin/clavulanic acid	<=	1.0	mg/L	Susceptible	CLSI	Broth dilution	bv_brc_genome_amr	high
27381390	CVM N42500	SAMN02699358	BioSample	Salmonella enterica	amoxicillin-clavulanic_acid	amoxicillin/clavulanic acid	>	32.0	mg/L	Resistant	CLSI	Broth dilution	bv_brc_genome_amr	high
27381390	CVM N43473	SAMN03894082	BioSample	Salmonella enterica	ampicillin	ampicillin	<=	1.0	mg/L	Susceptible	CLSI	Broth dilution	bv_brc_genome_amr	high
27381390	CVM N48687	SAMN03894274	BioSample	Salmonella enterica	ampicillin	ampicillin	<=	1.0	mg/L	Susceptible	CLSI	Broth dilution	bv_brc_genome_amr	high
27381390	CVM N40408	SAMN02699319	BioSample	Salmonella enterica	amoxicillin-clavulanic_acid	amoxicillin/clavulanic acid	>	32.0	mg/L	Resistant	CLSI	Broth dilution	bv_brc_genome_amr	high
27381390	CVM N38238	SAMN02699277	BioSample	Salmonella enterica	ampicillin	ampicillin	<=	1.0	mg/L	Susceptible	CLSI	Broth dilution	bv_brc_genome_amr	high
27381390	CVM 43804	SAMN02911973	BioSample	Salmonella enterica	ciprofloxacin	ciprofloxacin	<=	0.015	mg/L	Susceptible	CLSI	Broth dilution	bv_brc_genome_amr	high
27381390	CVM 43826	SAMN02911995	BioSample	Salmonella enterica	ampicillin	ampicillin	<=	1.0	mg/L	Susceptible	CLSI	Broth dilution	bv_brc_genome_amr	high
27381390	CVM N37918	SAMN02699267	BioSample	Salmonella enterica	ceftriaxone	ceftriaxone	<=	0.25	mg/L	Susceptible	CLSI	Broth dilution	bv_brc_genome_amr	high
27381390	CVM N40408	SAMN02699319	BioSample	Salmonella enterica	ciprofloxacin	ciprofloxacin	<=	0.015	mg/L	Susceptible	CLSI	Broth dilution	bv_brc_genome_amr	high
27381390	CVM N42237	SAMN02699339	BioSample	Salmonella enterica	ceftriaxone	ceftriaxone	=	32.0	mg/L	Resistant	CLSI	Broth dilution	bv_brc_genome_amr	high
27381390	CVM N42336	SAMN02699341	BioSample	Salmonella enterica	amoxicillin-clavulanic_acid	amoxicillin/clavulanic acid	>	32.0	mg/L	Resistant	CLSI	Broth dilution	bv_brc_genome_amr	high
27381390	CVM N45935	SAMN03894169	BioSample	Salmonella enterica	amoxicillin-clavulanic_acid	amoxicillin/clavulanic acid	>	32.0	mg/L	Resistant	CLSI	Broth dilution	bv_brc_genome_amr	high
27381390	CVM N44697	SAMN03894114	BioSample	Salmonella enterica	ampicillin	ampicillin	>	32.0	mg/L	Resistant	CLSI	Broth dilution	bv_brc_genome_amr	high
27381390	CVM N48698	SAMN03894285	BioSample	Salmonella enterica	azithromycin	azithromycin	=	2.0	mg/L	Susceptible	CLSI	Broth dilution	bv_brc_genome_amr	high
27381390	CVM N51266	SAMN03894357	BioSample	Salmonella enterica	azithromycin	azithromycin	=	4.0	mg/L	Susceptible	CLSI	Broth dilution	bv_brc_genome_amr	high
27381390	CVM N43475	SAMN03894084	BioSample	Salmonella enterica	azithromycin	azithromycin	=	4.0	mg/L	Susceptible	CLSI	Broth dilution	bv_brc_genome_amr	high
27381390	CVM N48703	SAMN03894290	BioSample	Salmonella enterica	ampicillin	ampicillin	<=	1.0	mg/L	Susceptible	CLSI	Broth dilution	bv_brc_genome_amr	high
27381390	CVM N42453	SAMN02699345	BioSample	Salmonella enterica	amoxicillin-clavulanic_acid	amoxicillin/clavulanic acid	<=	1.0	mg/L	Susceptible	CLSI	Broth dilution	bv_brc_genome_amr	high
27381390	CVM N50426	SAMN03894306	BioSample	Salmonella enterica	ampicillin	ampicillin	=	2.0	mg/L	Susceptible	CLSI	Broth dilution	bv_brc_genome_amr	high
27381390	CVM N51282	SAMN03894373	BioSample	Salmonella enterica	amoxicillin-clavulanic_acid	amoxicillin/clavulanic acid	<=	1.0	mg/L	Susceptible	CLSI	Broth dilution	bv_brc_genome_amr	high
27381390	CVM 43822	SAMN02911991	BioSample	Salmonella enterica	ampicillin	ampicillin	>	32.0	mg/L	Resistant	CLSI	Broth dilution	bv_brc_genome_amr	high
27381390	CVM N29369	SAMN02699206	BioSample	Salmonella enterica	ceftriaxone	ceftriaxone	<=	0.25	mg/L	Susceptible	CLSI	Broth dilution	bv_brc_genome_amr	high
27381390	CVM N38869	SAMN02699287	BioSample	Salmonella enterica	ciprofloxacin	ciprofloxacin	<=	0.015	mg/L	Susceptible	CLSI	Broth dilution	bv_brc_genome_amr	high
27381390	CVM N31411	SAMN02699238	BioSample	Salmonella enterica	azithromycin	azithromycin	=	4.0	mg/L	Susceptible	CLSI	Broth dilution	bv_brc_genome_amr	high
27381390	CVM 43832	SAMN02912001	BioSample	Salmonella enterica	ampicillin	ampicillin	<=	1.0	mg/L	Susceptible	CLSI	Broth dilution	bv_brc_genome_amr	high
27381390	CVM N38886	SAMN02699294	BioSample	Salmonella enterica	ciprofloxacin	ciprofloxacin	<=	0.015	mg/L	Susceptible	CLSI	Broth dilution	bv_brc_genome_amr	high
27381390	CVM N43821	SAMN03894093	BioSample	Salmonella enterica	ceftriaxone	ceftriaxone	<=	0.25	mg/L	Susceptible	CLSI	Broth dilution	bv_brc_genome_amr	high
27381390	CVM N31409	SAMN02699236	BioSample	Salmonella enterica	ciprofloxacin	ciprofloxacin	<=	0.015	mg/L	Susceptible	CLSI	Broth dilution	bv_brc_genome_amr	high
27381390	CVM N51263	SAMN03894354	BioSample	Salmonella enterica	ciprofloxacin	ciprofloxacin	<=	0.015	mg/L	Susceptible	CLSI	Broth dilution	bv_brc_genome_amr	high
27381390	CVM 43781	SAMN02911950	BioSample	Salmonella enterica	amoxicillin-clavulanic_acid	amoxicillin/clavulanic acid	<=	1.0	mg/L	Susceptible	CLSI	Broth dilution	bv_brc_genome_amr	high
27381390	CVM N51264	SAMN03894355	BioSample	Salmonella enterica	ceftriaxone	ceftriaxone	<=	0.25	mg/L	Susceptible	CLSI	Broth dilution	bv_brc_genome_amr	high
27381390	CVM N45928	SAMN03894162	BioSample	Salmonella enterica	ampicillin	ampicillin	<=	1.0	mg/L	Susceptible	CLSI	Broth dilution	bv_brc_genome_amr	high
27381390	CVM N45404	SAMN03894149	BioSample	Salmonella enterica	azithromycin	azithromycin	=	4.0	mg/L	Susceptible	CLSI	Broth dilution	bv_brc_genome_amr	high
27381390	CVM N45931	SAMN03894165	BioSample	Salmonella enterica	ciprofloxacin	ciprofloxacin	<=	0.015	mg/L	Susceptible	CLSI	Broth dilution	bv_brc_genome_amr	high
27381390	CVM N51253	SAMN03894344	BioSample	Salmonella enterica	ciprofloxacin	ciprofloxacin	<=	0.015	mg/L	Susceptible	CLSI	Broth dilution	bv_brc_genome_amr	high
27381390	CVM N51242	SAMN03894333	BioSample	Salmonella enterica	azithromycin	azithromycin	=	2.0	mg/L	Susceptible	CLSI	Broth dilution	bv_brc_genome_amr	high
27381390	CVM N42233	SAMN02699337	BioSample	Salmonella enterica	ceftriaxone	ceftriaxone	=	16.0	mg/L	Resistant	CLSI	Broth dilution	bv_brc_genome_amr	high
27381390	CVM 43780	SAMN02911949	BioSample	Salmonella enterica	azithromycin	azithromycin	=	4.0	mg/L	Susceptible	CLSI	Broth dilution	bv_brc_genome_amr	high
27381390	CVM N50422	SAMN03894302	BioSample	Salmonella enterica	ciprofloxacin	ciprofloxacin	=	0.03	mg/L	Susceptible	CLSI	Broth dilution	bv_brc_genome_amr	high
27381390	CVM N45408	SAMN03894153	BioSample	Salmonella enterica	ciprofloxacin	ciprofloxacin	<=	0.015	mg/L	Susceptible	CLSI	Broth dilution	bv_brc_genome_amr	high
27381390	CVM N43481	SAMN03894090	BioSample	Salmonella enterica	azithromycin	azithromycin	=	4.0	mg/L	Susceptible	CLSI	Broth dilution	bv_brc_genome_amr	high
27381390	CVM N38925	SAMN02699304	BioSample	Salmonella enterica	ciprofloxacin	ciprofloxacin	<=	0.015	mg/L	Susceptible	CLSI	Broth dilution	bv_brc_genome_amr	high
27381390	CVM N50419	SAMN03894299	BioSample	Salmonella enterica	ciprofloxacin	ciprofloxacin	=	0.03	mg/L	Susceptible	CLSI	Broth dilution	bv_brc_genome_amr	high
27381390	CVM N43449	SAMN03894058	BioSample	Salmonella enterica	ciprofloxacin	ciprofloxacin	=	0.03	mg/L	Susceptible	CLSI	Broth dilution	bv_brc_genome_amr	high
27381390	CVM N51312	SAMN03894403	BioSample	Salmonella enterica	ciprofloxacin	ciprofloxacin	<=	0.015	mg/L	Susceptible	CLSI	Broth dilution	bv_brc_genome_amr	high
27381390	CVM N46826	SAMN03894205	BioSample	Salmonella enterica	ampicillin	ampicillin	>	32.0	mg/L	Resistant	CLSI	Broth dilution	bv_brc_genome_amr	high
27381390	CVM N40408	SAMN02699319	BioSample	Salmonella enterica	ampicillin	ampicillin	>	32.0	mg/L	Resistant	CLSI	Broth dilution	bv_brc_genome_amr	high
27381390	CVM 43827	SAMN02911996	BioSample	Salmonella enterica	ciprofloxacin	ciprofloxacin	=	0.12	mg/L	Susceptible	CLSI	Broth dilution	bv_brc_genome_amr	high
27381390	CVM N44705	SAMN03894122	BioSample	Salmonella enterica	ceftriaxone	ceftriaxone	<=	0.25	mg/L	Susceptible	CLSI	Broth dilution	bv_brc_genome_amr	high
27381390	CVM N30671	SAMN02699219	BioSample	Salmonella enterica	amoxicillin-clavulanic_acid	amoxicillin/clavulanic acid	>	32.0	mg/L	Resistant	CLSI	Broth dilution	bv_brc_genome_amr	high
27381390	CVM 43769	SAMN02911938	BioSample	Salmonella enterica	amoxicillin-clavulanic_acid	amoxicillin/clavulanic acid	>	32.0	mg/L	Resistant	CLSI	Broth dilution	bv_brc_genome_amr	high
27381390	CVM 43752	SAMN02911921	BioSample	Salmonella enterica	azithromycin	azithromycin	=	4.0	mg/L	Susceptible	CLSI	Broth dilution	bv_brc_genome_amr	high
27381390	CVM N47724	SAMN03894254	BioSample	Salmonella enterica	amoxicillin-clavulanic_acid	amoxicillin/clavulanic acid	=	8.0	mg/L	Susceptible	CLSI	Broth dilution	bv_brc_genome_amr	high
27381390	CVM N47718	SAMN03894248	BioSample	Salmonella enterica	ampicillin	ampicillin	<=	1.0	mg/L	Susceptible	CLSI	Broth dilution	bv_brc_genome_amr	high
27381390	CVM N48686	SAMN03894273	BioSample	Salmonella enterica	azithromycin	azithromycin	=	8.0	mg/L	Susceptible	CLSI	Broth dilution	bv_brc_genome_amr	high
27381390	CVM N43241	SAMN02699366	BioSample	Salmonella enterica	azithromycin	azithromycin	=	4.0	mg/L	Susceptible	CLSI	Broth dilution	bv_brc_genome_amr	high
27381390	CVM N31409	SAMN02699236	BioSample	Salmonella enterica	azithromycin	azithromycin	=	4.0	mg/L	Susceptible	CLSI	Broth dilution	bv_brc_genome_amr	high
27381390	CVM 43767	SAMN02911936	BioSample	Salmonella enterica	ceftriaxone	ceftriaxone	<=	0.25	mg/L	Susceptible	CLSI	Broth dilution	bv_brc_genome_amr	high
27381390	CVM N50436	SAMN03894316	BioSample	Salmonella enterica	azithromycin	azithromycin	=	2.0	mg/L	Susceptible	CLSI	Broth dilution	bv_brc_genome_amr	high
27381390	CVM N43449	SAMN03894058	BioSample	Salmonella enterica	azithromycin	azithromycin	=	4.0	mg/L	Susceptible	CLSI	Broth dilution	bv_brc_genome_amr	high
27381390	CVM N46819	SAMN03894198	BioSample	Salmonella enterica	ciprofloxacin	ciprofloxacin	<=	0.015	mg/L	Susceptible	CLSI	Broth dilution	bv_brc_genome_amr	high
27381390	CVM N51314	SAMN03894405	BioSample	Salmonella enterica	ciprofloxacin	ciprofloxacin	<=	0.015	mg/L	Susceptible	CLSI	Broth dilution	bv_brc_genome_amr	high
27381390	CVM N51294	SAMN03894385	BioSample	Salmonella enterica	ampicillin	ampicillin	<=	1.0	mg/L	Susceptible	CLSI	Broth dilution	bv_brc_genome_amr	high
27381390	CVM N51298	SAMN03894389	BioSample	Salmonella enterica	amoxicillin-clavulanic_acid	amoxicillin/clavulanic acid	>	32.0	mg/L	Resistant	CLSI	Broth dilution	bv_brc_genome_amr	high
27381390	CVM N46830	SAMN03894209	BioSample	Salmonella enterica	ciprofloxacin	ciprofloxacin	<=	0.015	mg/L	Susceptible	CLSI	Broth dilution	bv_brc_genome_amr	high
27381390	CVM 43846	SAMN02912015	BioSample	Salmonella enterica	ampicillin	ampicillin	<=	1.0	mg/L	Susceptible	CLSI	Broth dilution	bv_brc_genome_amr	high
27381390	CVM N47728	SAMN03894258	BioSample	Salmonella enterica	ampicillin	ampicillin	<=	1.0	mg/L	Susceptible	CLSI	Broth dilution	bv_brc_genome_amr	high
27381390	CVM N51301	SAMN03894392	BioSample	Salmonella enterica	ciprofloxacin	ciprofloxacin	<=	0.015	mg/L	Susceptible	CLSI	Broth dilution	bv_brc_genome_amr	high
27381390	CVM 43827	SAMN02911996	BioSample	Salmonella enterica	ceftriaxone	ceftriaxone	<=	0.25	mg/L	Susceptible	CLSI	Broth dilution	bv_brc_genome_amr	high
27381390	CVM N31415	SAMN02699241	BioSample	Salmonella enterica	ampicillin	ampicillin	>	32.0	mg/L	Resistant	CLSI	Broth dilution	bv_brc_genome_amr	high
27381390	CVM N42500	SAMN02699358	BioSample	Salmonella enterica	ceftriaxone	ceftriaxone	=	16.0	mg/L	Resistant	CLSI	Broth dilution	bv_brc_genome_amr	high
27381390	CVM N44704	SAMN03894121	BioSample	Salmonella enterica	ampicillin	ampicillin	<=	1.0	mg/L	Susceptible	CLSI	Broth dilution	bv_brc_genome_amr	high
27381390	CVM N51243	SAMN03894334	BioSample	Salmonella enterica	ampicillin	ampicillin	<=	1.0	mg/L	Susceptible	CLSI	Broth dilution	bv_brc_genome_amr	high
27381390	CVM N30685	SAMN02699224	BioSample	Salmonella enterica	azithromycin	azithromycin	=	4.0	mg/L	Susceptible	CLSI	Broth dilution	bv_brc_genome_amr	high
27381390	CVM N32755	SAMN02699257	BioSample	Salmonella enterica	ceftriaxone	ceftriaxone	<=	0.25	mg/L	Susceptible	CLSI	Broth dilution	bv_brc_genome_amr	high
27381390	CVM N41895	SAMN02699329	BioSample	Salmonella enterica	azithromycin	azithromycin	=	4.0	mg/L	Susceptible	CLSI	Broth dilution	bv_brc_genome_amr	high
27381390	CVM N47726	SAMN03894256	BioSample	Salmonella enterica	amoxicillin-clavulanic_acid	amoxicillin/clavulanic acid	<=	1.0	mg/L	Susceptible	CLSI	Broth dilution	bv_brc_genome_amr	high
27381390	CVM N43474	SAMN03894083	BioSample	Salmonella enterica	ceftriaxone	ceftriaxone	<=	0.25	mg/L	Susceptible	CLSI	Broth dilution	bv_brc_genome_amr	high
27381390	CVM N30663	SAMN02699217	BioSample	Salmonella enterica	ciprofloxacin	ciprofloxacin	<=	0.015	mg/L	Susceptible	CLSI	Broth dilution	bv_brc_genome_amr	high
27381390	CVM N30645	SAMN02699214	BioSample	Salmonella enterica	azithromycin	azithromycin	=	2.0	mg/L	Susceptible	CLSI	Broth dilution	bv_brc_genome_amr	high
27381390	CVM N46836	SAMN03894215	BioSample	Salmonella enterica	azithromycin	azithromycin	=	4.0	mg/L	Susceptible	CLSI	Broth dilution	bv_brc_genome_amr	high
27381390	CVM N46835	SAMN03894214	BioSample	Salmonella enterica	ciprofloxacin	ciprofloxacin	<=	0.015	mg/L	Susceptible	CLSI	Broth dilution	bv_brc_genome_amr	high
27381390	CVM N42239	SAMN02699340	BioSample	Salmonella enterica	azithromycin	azithromycin	=	4.0	mg/L	Susceptible	CLSI	Broth dilution	bv_brc_genome_amr	high
27381390	CVM N48693	SAMN03894280	BioSample	Salmonella enterica	ciprofloxacin	ciprofloxacin	=	0.03	mg/L	Susceptible	CLSI	Broth dilution	bv_brc_genome_amr	high
27381390	CVM N51296	SAMN03894387	BioSample	Salmonella enterica	ciprofloxacin	ciprofloxacin	<=	0.015	mg/L	Susceptible	CLSI	Broth dilution	bv_brc_genome_amr	high
27381390	CVM N42233	SAMN02699337	BioSample	Salmonella enterica	ampicillin	ampicillin	>	32.0	mg/L	Resistant	CLSI	Broth dilution	bv_brc_genome_amr	high
27381390	CVM N48689	SAMN03894276	BioSample	Salmonella enterica	ampicillin	ampicillin	>	32.0	mg/L	Resistant	CLSI	Broth dilution	bv_brc_genome_amr	high
27381390	CVM 43781	SAMN02911950	BioSample	Salmonella enterica	azithromycin	azithromycin	=	4.0	mg/L	Susceptible	CLSI	Broth dilution	bv_brc_genome_amr	high
27381390	CVM N51300	SAMN03894391	BioSample	Salmonella enterica	azithromycin	azithromycin	=	4.0	mg/L	Susceptible	CLSI	Broth dilution	bv_brc_genome_amr	high
27381390	CVM N45400	SAMN03894145	BioSample	Salmonella enterica	ampicillin	ampicillin	<=	1.0	mg/L	Susceptible	CLSI	Broth dilution	bv_brc_genome_amr	high
27381390	CVM N51287	SAMN03894378	BioSample	Salmonella enterica	ciprofloxacin	ciprofloxacin	<=	0.015	mg/L	Susceptible	CLSI	Broth dilution	bv_brc_genome_amr	high
27381390	CVM 43822	SAMN02911991	BioSample	Salmonella enterica	ceftriaxone	ceftriaxone	=	8.0	mg/L	Resistant	CLSI	Broth dilution	bv_brc_genome_amr	high
27381390	CVM N45410	SAMN03894155	BioSample	Salmonella enterica	azithromycin	azithromycin	=	8.0	mg/L	Susceptible	CLSI	Broth dilution	bv_brc_genome_amr	high
27381390	CVM N51247	SAMN03894338	BioSample	Salmonella enterica	ampicillin	ampicillin	<=	1.0	mg/L	Susceptible	CLSI	Broth dilution	bv_brc_genome_amr	high
27381390	CVM 43820	SAMN02911989	BioSample	Salmonella enterica	ceftriaxone	ceftriaxone	<=	0.25	mg/L	Susceptible	CLSI	Broth dilution	bv_brc_genome_amr	high
27381390	CVM N43472	SAMN03894081	BioSample	Salmonella enterica	amoxicillin-clavulanic_acid	amoxicillin/clavulanic acid	<=	1.0	mg/L	Susceptible	CLSI	Broth dilution	bv_brc_genome_amr	high
27381390	CVM N43461	SAMN03894070	BioSample	Salmonella enterica	ampicillin	ampicillin	>	32.0	mg/L	Resistant	CLSI	Broth dilution	bv_brc_genome_amr	high
27381390	CVM N48683	SAMN03894270	BioSample	Salmonella enterica	ampicillin	ampicillin	>	32.0	mg/L	Resistant	CLSI	Broth dilution	bv_brc_genome_amr	high
27381390	CVM 43808	SAMN02911977	BioSample	Salmonella enterica	ciprofloxacin	ciprofloxacin	<=	0.015	mg/L	Susceptible	CLSI	Broth dilution	bv_brc_genome_amr	high
27381390	CVM 43768	SAMN02911937	BioSample	Salmonella enterica	ciprofloxacin	ciprofloxacin	<=	0.015	mg/L	Susceptible	CLSI	Broth dilution	bv_brc_genome_amr	high
27381390	CVM N45399	SAMN03894144	BioSample	Salmonella enterica	ampicillin	ampicillin	<=	1.0	mg/L	Susceptible	CLSI	Broth dilution	bv_brc_genome_amr	high
27381390	CVM N38864	SAMN02699285	BioSample	Salmonella enterica	ciprofloxacin	ciprofloxacin	<=	0.015	mg/L	Susceptible	CLSI	Broth dilution	bv_brc_genome_amr	high
27381390	CVM N51294	SAMN03894385	BioSample	Salmonella enterica	ciprofloxacin	ciprofloxacin	<=	0.015	mg/L	Susceptible	CLSI	Broth dilution	bv_brc_genome_amr	high
27381390	CVM N31402	SAMN02699235	BioSample	Salmonella enterica	ampicillin	ampicillin	<=	1.0	mg/L	Susceptible	CLSI	Broth dilution	bv_brc_genome_amr	high
27381390	CVM N48578	SAMN03894262	BioSample	Salmonella enterica	ciprofloxacin	ciprofloxacin	<=	0.015	mg/L	Susceptible	CLSI	Broth dilution	bv_brc_genome_amr	high
27381390	CVM N41904	SAMN02699331	BioSample	Salmonella enterica	amoxicillin-clavulanic_acid	amoxicillin/clavulanic acid	=	32.0	mg/L	Resistant	CLSI	Broth dilution	bv_brc_genome_amr	high
27381390	CVM N32052	SAMN02699250	BioSample	Salmonella enterica	ampicillin	ampicillin	>	32.0	mg/L	Resistant	CLSI	Broth dilution	bv_brc_genome_amr	high
27381390	CVM N46827	SAMN03894206	BioSample	Salmonella enterica	ciprofloxacin	ciprofloxacin	<=	0.015	mg/L	Susceptible	CLSI	Broth dilution	bv_brc_genome_amr	high
27381390	CVM N46813	SAMN03894193	BioSample	Salmonella enterica	ceftriaxone	ceftriaxone	<=	0.25	mg/L	Susceptible	CLSI	Broth dilution	bv_brc_genome_amr	high
27381390	CVM N29338	SAMN02699195	BioSample	Salmonella enterica	ampicillin	ampicillin	>	32.0	mg/L	Resistant	CLSI	Broth dilution	bv_brc_genome_amr	high
27381390	CVM N29315	SAMN02699191	BioSample	Salmonella enterica	azithromycin	azithromycin	=	4.0	mg/L	Susceptible	CLSI	Broth dilution	bv_brc_genome_amr	high
27381390	CVM N51262	SAMN03894353	BioSample	Salmonella enterica	ciprofloxacin	ciprofloxacin	=	0.03	mg/L	Susceptible	CLSI	Broth dilution	bv_brc_genome_amr	high
27381390	CVM 43770	SAMN02911939	BioSample	Salmonella enterica	ciprofloxacin	ciprofloxacin	=	0.25	mg/L	Susceptible	CLSI	Broth dilution	bv_brc_genome_amr	high
27381390	CVM N38909	SAMN02699299	BioSample	Salmonella enterica	ampicillin	ampicillin	<=	1.0	mg/L	Susceptible	CLSI	Broth dilution	bv_brc_genome_amr	high
27381390	CVM N45404	SAMN03894149	BioSample	Salmonella enterica	ciprofloxacin	ciprofloxacin	<=	0.015	mg/L	Susceptible	CLSI	Broth dilution	bv_brc_genome_amr	high
27381390	CVM N48702	SAMN03894289	BioSample	Salmonella enterica	ampicillin	ampicillin	<=	1.0	mg/L	Susceptible	CLSI	Broth dilution	bv_brc_genome_amr	high
27381390	CVM N46822	SAMN03894201	BioSample	Salmonella enterica	amoxicillin-clavulanic_acid	amoxicillin/clavulanic acid	<=	1.0	mg/L	Susceptible	CLSI	Broth dilution	bv_brc_genome_amr	high
27381390	CVM N46845	SAMN03894224	BioSample	Salmonella enterica	amoxicillin-clavulanic_acid	amoxicillin/clavulanic acid	>	32.0	mg/L	Resistant	CLSI	Broth dilution	bv_brc_genome_amr	high
27381390	CVM N45945	SAMN03894179	BioSample	Salmonella enterica	ampicillin	ampicillin	<=	1.0	mg/L	Susceptible	CLSI	Broth dilution	bv_brc_genome_amr	high
27381390	CVM 43815	SAMN02911984	BioSample	Salmonella enterica	ciprofloxacin	ciprofloxacin	=	0.25	mg/L	Susceptible	CLSI	Broth dilution	bv_brc_genome_amr	high
27381390	CVM N46813	SAMN03894193	BioSample	Salmonella enterica	ciprofloxacin	ciprofloxacin	=	0.03	mg/L	Susceptible	CLSI	Broth dilution	bv_brc_genome_amr	high
27381390	CVM N47725	SAMN03894255	BioSample	Salmonella enterica	amoxicillin-clavulanic_acid	amoxicillin/clavulanic acid	=	8.0	mg/L	Susceptible	CLSI	Broth dilution	bv_brc_genome_amr	high
27381390	CVM N46812	SAMN03894192	BioSample	Salmonella enterica	amoxicillin-clavulanic_acid	amoxicillin/clavulanic acid	<=	1.0	mg/L	Susceptible	CLSI	Broth dilution	bv_brc_genome_amr	high
27381390	CVM N51312	SAMN03894403	BioSample	Salmonella enterica	azithromycin	azithromycin	=	4.0	mg/L	Susceptible	CLSI	Broth dilution	bv_brc_genome_amr	high
27381390	CVM N43477	SAMN03894086	BioSample	Salmonella enterica	ampicillin	ampicillin	<=	1.0	mg/L	Susceptible	CLSI	Broth dilution	bv_brc_genome_amr	high
27381390	CVM N46824	SAMN03894203	BioSample	Salmonella enterica	ceftriaxone	ceftriaxone	=	8.0	mg/L	Resistant	CLSI	Broth dilution	bv_brc_genome_amr	high
27381390	CVM N29369	SAMN02699206	BioSample	Salmonella enterica	azithromycin	azithromycin	=	4.0	mg/L	Susceptible	CLSI	Broth dilution	bv_brc_genome_amr	high
27381390	CVM N51245	SAMN03894336	BioSample	Salmonella enterica	amoxicillin-clavulanic_acid	amoxicillin/clavulanic acid	<=	1.0	mg/L	Susceptible	CLSI	Broth dilution	bv_brc_genome_amr	high
27381390	CVM N51274	SAMN03894365	BioSample	Salmonella enterica	ceftriaxone	ceftriaxone	<=	0.25	mg/L	Susceptible	CLSI	Broth dilution	bv_brc_genome_amr	high
27381390	CVM N46828	SAMN03894207	BioSample	Salmonella enterica	azithromycin	azithromycin	=	4.0	mg/L	Susceptible	CLSI	Broth dilution	bv_brc_genome_amr	high
27381390	CVM 43841	SAMN02912010	BioSample	Salmonella enterica	azithromycin	azithromycin	=	2.0	mg/L	Susceptible	CLSI	Broth dilution	bv_brc_genome_amr	high
27381390	CVM N42472	SAMN02699350	BioSample	Salmonella enterica	ceftriaxone	ceftriaxone	<=	0.25	mg/L	Susceptible	CLSI	Broth dilution	bv_brc_genome_amr	high
27381390	CVM N29382	SAMN02699210	BioSample	Salmonella enterica	ceftriaxone	ceftriaxone	<=	0.25	mg/L	Susceptible	CLSI	Broth dilution	bv_brc_genome_amr	high
27381390	CVM N51270	SAMN03894361	BioSample	Salmonella enterica	amoxicillin-clavulanic_acid	amoxicillin/clavulanic acid	=	8.0	mg/L	Susceptible	CLSI	Broth dilution	bv_brc_genome_amr	high
27381390	CVM 43832	SAMN02912001	BioSample	Salmonella enterica	amoxicillin-clavulanic_acid	amoxicillin/clavulanic acid	<=	1.0	mg/L	Susceptible	CLSI	Broth dilution	bv_brc_genome_amr	high
27381390	CVM N46831	SAMN03894210	BioSample	Salmonella enterica	ampicillin	ampicillin	>	32.0	mg/L	Resistant	CLSI	Broth dilution	bv_brc_genome_amr	high
27381390	CVM N40375	SAMN02699313	BioSample	Salmonella enterica	ciprofloxacin	ciprofloxacin	=	0.03	mg/L	Susceptible	CLSI	Broth dilution	bv_brc_genome_amr	high
27381390	CVM N51280	SAMN03894371	BioSample	Salmonella enterica	amoxicillin-clavulanic_acid	amoxicillin/clavulanic acid	<=	1.0	mg/L	Susceptible	CLSI	Broth dilution	bv_brc_genome_amr	high
27381390	CVM N46831	SAMN03894210	BioSample	Salmonella enterica	ciprofloxacin	ciprofloxacin	<=	0.015	mg/L	Susceptible	CLSI	Broth dilution	bv_brc_genome_amr	high
27381390	CVM N50445	SAMN03894325	BioSample	Salmonella enterica	azithromycin	azithromycin	=	4.0	mg/L	Susceptible	CLSI	Broth dilution	bv_brc_genome_amr	high
27381390	CVM N48701	SAMN03894288	BioSample	Salmonella enterica	amoxicillin-clavulanic_acid	amoxicillin/clavulanic acid	<=	1.0	mg/L	Susceptible	CLSI	Broth dilution	bv_brc_genome_amr	high
27381390	CVM N51247	SAMN03894338	BioSample	Salmonella enterica	ceftriaxone	ceftriaxone	<=	0.25	mg/L	Susceptible	CLSI	Broth dilution	bv_brc_genome_amr	high
27381390	CVM N45949	SAMN03894180	BioSample	Salmonella enterica	ceftriaxone	ceftriaxone	<=	0.25	mg/L	Susceptible	CLSI	Broth dilution	bv_brc_genome_amr	high
27381390	CVM N51315	SAMN03894406	BioSample	Salmonella enterica	amoxicillin-clavulanic_acid	amoxicillin/clavulanic acid	<=	1.0	mg/L	Susceptible	CLSI	Broth dilution	bv_brc_genome_amr	high
27381390	CVM N48680	SAMN03894267	BioSample	Salmonella enterica	azithromycin	azithromycin	=	4.0	mg/L	Susceptible	CLSI	Broth dilution	bv_brc_genome_amr	high
27381390	CVM N51305	SAMN03894396	BioSample	Salmonella enterica	azithromycin	azithromycin	=	8.0	mg/L	Susceptible	CLSI	Broth dilution	bv_brc_genome_amr	high
27381390	CVM 43828	SAMN02911997	BioSample	Salmonella enterica	azithromycin	azithromycin	=	4.0	mg/L	Susceptible	CLSI	Broth dilution	bv_brc_genome_amr	high
27381390	CVM N41904	SAMN02699331	BioSample	Salmonella enterica	ciprofloxacin	ciprofloxacin	<=	0.015	mg/L	Susceptible	CLSI	Broth dilution	bv_brc_genome_amr	high
27381390	CVM N29355	SAMN02699200	BioSample	Salmonella enterica	ampicillin	ampicillin	<=	1.0	mg/L	Susceptible	CLSI	Broth dilution	bv_brc_genome_amr	high
27381390	CVM N44695	SAMN03894112	BioSample	Salmonella enterica	azithromycin	azithromycin	=	4.0	mg/L	Susceptible	CLSI	Broth dilution	bv_brc_genome_amr	high
27381390	CVM N30677	SAMN02699221	BioSample	Salmonella enterica	ampicillin	ampicillin	>	32.0	mg/L	Resistant	CLSI	Broth dilution	bv_brc_genome_amr	high
27381390	CVM N46829	SAMN03894208	BioSample	Salmonella enterica	ampicillin	ampicillin	<=	1.0	mg/L	Susceptible	CLSI	Broth dilution	bv_brc_genome_amr	high
27381390	CVM N47718	SAMN03894248	BioSample	Salmonella enterica	azithromycin	azithromycin	=	4.0	mg/L	Susceptible	CLSI	Broth dilution	bv_brc_genome_amr	high
27381390	CVM 43776	SAMN02911945	BioSample	Salmonella enterica	ceftriaxone	ceftriaxone	<=	0.25	mg/L	Susceptible	CLSI	Broth dilution	bv_brc_genome_amr	high
27381390	CVM N45932	SAMN03894166	BioSample	Salmonella enterica	ampicillin	ampicillin	>	32.0	mg/L	Resistant	CLSI	Broth dilution	bv_brc_genome_amr	high
27381390	CVM N42239	SAMN02699340	BioSample	Salmonella enterica	amoxicillin-clavulanic_acid	amoxicillin/clavulanic acid	<=	1.0	mg/L	Susceptible	CLSI	Broth dilution	bv_brc_genome_amr	high
27381390	CVM N43834	SAMN03894106	BioSample	Salmonella enterica	amoxicillin-clavulanic_acid	amoxicillin/clavulanic acid	<=	1.0	mg/L	Susceptible	CLSI	Broth dilution	bv_brc_genome_amr	high
27381390	CVM N45928	SAMN03894162	BioSample	Salmonella enterica	ceftriaxone	ceftriaxone	<=	0.25	mg/L	Susceptible	CLSI	Broth dilution	bv_brc_genome_amr	high
27381390	CVM N38917	SAMN02699302	BioSample	Salmonella enterica	azithromycin	azithromycin	=	4.0	mg/L	Susceptible	CLSI	Broth dilution	bv_brc_genome_amr	high
27381390	CVM N47716	SAMN03894246	BioSample	Salmonella enterica	azithromycin	azithromycin	=	8.0	mg/L	Susceptible	CLSI	Broth dilution	bv_brc_genome_amr	high
27381390	CVM N43241	SAMN02699366	BioSample	Salmonella enterica	ceftriaxone	ceftriaxone	<=	0.25	mg/L	Susceptible	CLSI	Broth dilution	bv_brc_genome_amr	high
27381390	CVM N45940	SAMN03894174	BioSample	Salmonella enterica	amoxicillin-clavulanic_acid	amoxicillin/clavulanic acid	<=	1.0	mg/L	Susceptible	CLSI	Broth dilution	bv_brc_genome_amr	high
27381390	CVM N48690	SAMN03894277	BioSample	Salmonella enterica	ciprofloxacin	ciprofloxacin	<=	0.015	mg/L	Susceptible	CLSI	Broth dilution	bv_brc_genome_amr	high
27381390	CVM N47725	SAMN03894255	BioSample	Salmonella enterica	ampicillin	ampicillin	>	32.0	mg/L	Resistant	CLSI	Broth dilution	bv_brc_genome_amr	high
27381390	CVM N46837	SAMN03894216	BioSample	Salmonella enterica	ampicillin	ampicillin	<=	1.0	mg/L	Susceptible	CLSI	Broth dilution	bv_brc_genome_amr	high
27381390	CVM N37941	SAMN02699271	BioSample	Salmonella enterica	azithromycin	azithromycin	=	4.0	mg/L	Susceptible	CLSI	Broth dilution	bv_brc_genome_amr	high
27381390	CVM N51309	SAMN03894400	BioSample	Salmonella enterica	ceftriaxone	ceftriaxone	<=	0.25	mg/L	Susceptible	CLSI	Broth dilution	bv_brc_genome_amr	high
27381390	CVM N45944	SAMN03894178	BioSample	Salmonella enterica	ceftriaxone	ceftriaxone	<=	0.25	mg/L	Susceptible	CLSI	Broth dilution	bv_brc_genome_amr	high
27381390	CVM N31380	SAMN02699229	BioSample	Salmonella enterica	ciprofloxacin	ciprofloxacin	<=	0.015	mg/L	Susceptible	CLSI	Broth dilution	bv_brc_genome_amr	high
27381390	CVM N38874	SAMN02699290	BioSample	Salmonella enterica	azithromycin	azithromycin	=	4.0	mg/L	Susceptible	CLSI	Broth dilution	bv_brc_genome_amr	high
27381390	CVM N47715	SAMN03894245	BioSample	Salmonella enterica	amoxicillin-clavulanic_acid	amoxicillin/clavulanic acid	<=	1.0	mg/L	Susceptible	CLSI	Broth dilution	bv_brc_genome_amr	high
27381390	CVM N31411	SAMN02699238	BioSample	Salmonella enterica	ceftriaxone	ceftriaxone	<=	0.25	mg/L	Susceptible	CLSI	Broth dilution	bv_brc_genome_amr	high
27381390	CVM N51315	SAMN03894406	BioSample	Salmonella enterica	ciprofloxacin	ciprofloxacin	<=	0.015	mg/L	Susceptible	CLSI	Broth dilution	bv_brc_genome_amr	high
27381390	CVM N29367	SAMN02699205	BioSample	Salmonella enterica	ampicillin	ampicillin	<=	1.0	mg/L	Susceptible	CLSI	Broth dilution	bv_brc_genome_amr	high
27381390	CVM N31380	SAMN02699229	BioSample	Salmonella enterica	ceftriaxone	ceftriaxone	<=	0.25	mg/L	Susceptible	CLSI	Broth dilution	bv_brc_genome_amr	high
27381390	CVM N44710	SAMN03894127	BioSample	Salmonella enterica	amoxicillin-clavulanic_acid	amoxicillin/clavulanic acid	=	8.0	mg/L	Susceptible	CLSI	Broth dilution	bv_brc_genome_amr	high
27381390	CVM N48704	SAMN03894291	BioSample	Salmonella enterica	amoxicillin-clavulanic_acid	amoxicillin/clavulanic acid	<=	1.0	mg/L	Susceptible	CLSI	Broth dilution	bv_brc_genome_amr	high
27381390	CVM N45958	SAMN03894189	BioSample	Salmonella enterica	ceftriaxone	ceftriaxone	<=	0.25	mg/L	Susceptible	CLSI	Broth dilution	bv_brc_genome_amr	high
27381390	CVM N51255	SAMN03894346	BioSample	Salmonella enterica	ciprofloxacin	ciprofloxacin	<=	0.015	mg/L	Susceptible	CLSI	Broth dilution	bv_brc_genome_amr	high
27381390	CVM N43832	SAMN03894104	BioSample	Salmonella enterica	ceftriaxone	ceftriaxone	=	16.0	mg/L	Resistant	CLSI	Broth dilution	bv_brc_genome_amr	high
27381390	CVM N30677	SAMN02699221	BioSample	Salmonella enterica	azithromycin	azithromycin	=	4.0	mg/L	Susceptible	CLSI	Broth dilution	bv_brc_genome_amr	high
27381390	CVM N43475	SAMN03894084	BioSample	Salmonella enterica	ampicillin	ampicillin	<=	1.0	mg/L	Susceptible	CLSI	Broth dilution	bv_brc_genome_amr	high
27381390	CVM 43771	SAMN02911940	BioSample	Salmonella enterica	azithromycin	azithromycin	=	4.0	mg/L	Susceptible	CLSI	Broth dilution	bv_brc_genome_amr	high
27381390	CVM 43846	SAMN02912015	BioSample	Salmonella enterica	amoxicillin-clavulanic_acid	amoxicillin/clavulanic acid	<=	1.0	mg/L	Susceptible	CLSI	Broth dilution	bv_brc_genome_amr	high
27381390	CVM 43808	SAMN02911977	BioSample	Salmonella enterica	azithromycin	azithromycin	=	4.0	mg/L	Susceptible	CLSI	Broth dilution	bv_brc_genome_amr	high
27381390	CVM N32055	SAMN02699252	BioSample	Salmonella enterica	ciprofloxacin	ciprofloxacin	<=	0.015	mg/L	Susceptible	CLSI	Broth dilution	bv_brc_genome_amr	high
27381390	CVM 43814	SAMN02911983	BioSample	Salmonella enterica	ceftriaxone	ceftriaxone	=	32.0	mg/L	Resistant	CLSI	Broth dilution	bv_brc_genome_amr	high
27381390	CVM N43460	SAMN03894069	BioSample	Salmonella enterica	amoxicillin-clavulanic_acid	amoxicillin/clavulanic acid	<=	1.0	mg/L	Susceptible	CLSI	Broth dilution	bv_brc_genome_amr	high
27381390	CVM 43831	SAMN02912000	BioSample	Salmonella enterica	ciprofloxacin	ciprofloxacin	<=	0.015	mg/L	Susceptible	CLSI	Broth dilution	bv_brc_genome_amr	high
27381390	CVM N42500	SAMN02699358	BioSample	Salmonella enterica	azithromycin	azithromycin	=	4.0	mg/L	Susceptible	CLSI	Broth dilution	bv_brc_genome_amr	high
27381390	CVM N47724	SAMN03894254	BioSample	Salmonella enterica	ampicillin	ampicillin	>	32.0	mg/L	Resistant	CLSI	Broth dilution	bv_brc_genome_amr	high
27381390	CVM N46831	SAMN03894210	BioSample	Salmonella enterica	azithromycin	azithromycin	=	4.0	mg/L	Susceptible	CLSI	Broth dilution	bv_brc_genome_amr	high
27381390	CVM N46848	SAMN03894227	BioSample	Salmonella enterica	ampicillin	ampicillin	>	32.0	mg/L	Resistant	CLSI	Broth dilution	bv_brc_genome_amr	high
27381390	CVM N45393	SAMN03894138	BioSample	Salmonella enterica	amoxicillin-clavulanic_acid	amoxicillin/clavulanic acid	=	8.0	mg/L	Susceptible	CLSI	Broth dilution	bv_brc_genome_amr	high
27381390	CVM N31414	SAMN02699240	BioSample	Salmonella enterica	amoxicillin-clavulanic_acid	amoxicillin/clavulanic acid	=	16.0	mg/L	Susceptible	CLSI	Broth dilution	bv_brc_genome_amr	high
27381390	CVM N43462	SAMN03894071	BioSample	Salmonella enterica	azithromycin	azithromycin	=	4.0	mg/L	Susceptible	CLSI	Broth dilution	bv_brc_genome_amr	high
27381390	CVM N30663	SAMN02699217	BioSample	Salmonella enterica	azithromycin	azithromycin	=	4.0	mg/L	Susceptible	CLSI	Broth dilution	bv_brc_genome_amr	high
27381390	CVM 43791	SAMN02911960	BioSample	Salmonella enterica	ceftriaxone	ceftriaxone	<=	0.25	mg/L	Susceptible	CLSI	Broth dilution	bv_brc_genome_amr	high
27381390	CVM 43765	SAMN02911934	BioSample	Salmonella enterica	ceftriaxone	ceftriaxone	<=	0.25	mg/L	Susceptible	CLSI	Broth dilution	bv_brc_genome_amr	high
27381390	CVM N43480	SAMN03894089	BioSample	Salmonella enterica	ciprofloxacin	ciprofloxacin	<=	0.015	mg/L	Susceptible	CLSI	Broth dilution	bv_brc_genome_amr	high
27381390	CVM N45950	SAMN03894181	BioSample	Salmonella enterica	ciprofloxacin	ciprofloxacin	=	0.03	mg/L	Susceptible	CLSI	Broth dilution	bv_brc_genome_amr	high
27381390	CVM N43474	SAMN03894083	BioSample	Salmonella enterica	ciprofloxacin	ciprofloxacin	<=	0.015	mg/L	Susceptible	CLSI	Broth dilution	bv_brc_genome_amr	high
27381390	CVM N46845	SAMN03894224	BioSample	Salmonella enterica	ampicillin	ampicillin	>	32.0	mg/L	Resistant	CLSI	Broth dilution	bv_brc_genome_amr	high
27381390	CVM N43835	SAMN03894107	BioSample	Salmonella enterica	ciprofloxacin	ciprofloxacin	<=	0.015	mg/L	Susceptible	CLSI	Broth dilution	bv_brc_genome_amr	high
27381390	CVM N38929	SAMN02699305	BioSample	Salmonella enterica	azithromycin	azithromycin	=	2.0	mg/L	Susceptible	CLSI	Broth dilution	bv_brc_genome_amr	high
27381390	CVM N31395	SAMN02699233	BioSample	Salmonella enterica	ceftriaxone	ceftriaxone	=	32.0	mg/L	Resistant	CLSI	Broth dilution	bv_brc_genome_amr	high
27381390	CVM N40368	SAMN02699311	BioSample	Salmonella enterica	azithromycin	azithromycin	=	4.0	mg/L	Susceptible	CLSI	Broth dilution	bv_brc_genome_amr	high
27381390	CVM 43789	SAMN02911958	BioSample	Salmonella enterica	azithromycin	azithromycin	=	8.0	mg/L	Susceptible	CLSI	Broth dilution	bv_brc_genome_amr	high
27381390	CVM 43808	SAMN02911977	BioSample	Salmonella enterica	ampicillin	ampicillin	<=	1.0	mg/L	Susceptible	CLSI	Broth dilution	bv_brc_genome_amr	high
27381390	CVM N32750	SAMN02699255	BioSample	Salmonella enterica	ceftriaxone	ceftriaxone	<=	0.25	mg/L	Susceptible	CLSI	Broth dilution	bv_brc_genome_amr	high
27381390	CVM N32754	SAMN02699256	BioSample	Salmonella enterica	ampicillin	ampicillin	>	32.0	mg/L	Resistant	CLSI	Broth dilution	bv_brc_genome_amr	high
27381390	CVM N43482	SAMN03894091	BioSample	Salmonella enterica	amoxicillin-clavulanic_acid	amoxicillin/clavulanic acid	<=	1.0	mg/L	Susceptible	CLSI	Broth dilution	bv_brc_genome_amr	high
27381390	CVM N45404	SAMN03894149	BioSample	Salmonella enterica	ampicillin	ampicillin	>	32.0	mg/L	Resistant	CLSI	Broth dilution	bv_brc_genome_amr	high
27381390	CVM N38925	SAMN02699304	BioSample	Salmonella enterica	azithromycin	azithromycin	=	4.0	mg/L	Susceptible	CLSI	Broth dilution	bv_brc_genome_amr	high
27381390	CVM N40413	SAMN02699320	BioSample	Salmonella enterica	amoxicillin-clavulanic_acid	amoxicillin/clavulanic acid	>	32.0	mg/L	Resistant	CLSI	Broth dilution	bv_brc_genome_amr	high
27381390	CVM N46823	SAMN03894202	BioSample	Salmonella enterica	azithromycin	azithromycin	=	4.0	mg/L	Susceptible	CLSI	Broth dilution	bv_brc_genome_amr	high
27381390	CVM N51302	SAMN03894393	BioSample	Salmonella enterica	ampicillin	ampicillin	<=	1.0	mg/L	Susceptible	CLSI	Broth dilution	bv_brc_genome_amr	high
27381390	CVM N46831	SAMN03894210	BioSample	Salmonella enterica	ceftriaxone	ceftriaxone	<=	0.25	mg/L	Susceptible	CLSI	Broth dilution	bv_brc_genome_amr	high
27381390	CVM N51305	SAMN03894396	BioSample	Salmonella enterica	ciprofloxacin	ciprofloxacin	<=	0.015	mg/L	Susceptible	CLSI	Broth dilution	bv_brc_genome_amr	high
27381390	CVM N48695	SAMN03894282	BioSample	Salmonella enterica	azithromycin	azithromycin	=	4.0	mg/L	Susceptible	CLSI	Broth dilution	bv_brc_genome_amr	high
27381390	CVM N47723	SAMN03894253	BioSample	Salmonella enterica	ceftriaxone	ceftriaxone	<=	0.25	mg/L	Susceptible	CLSI	Broth dilution	bv_brc_genome_amr	high
27381390	CVM N51299	SAMN03894390	BioSample	Salmonella enterica	ampicillin	ampicillin	>	32.0	mg/L	Resistant	CLSI	Broth dilution	bv_brc_genome_amr	high
27381390	CVM 43821	SAMN02911990	BioSample	Salmonella enterica	ampicillin	ampicillin	>	32.0	mg/L	Resistant	CLSI	Broth dilution	bv_brc_genome_amr	high
27381390	CVM N47722	SAMN03894252	BioSample	Salmonella enterica	amoxicillin-clavulanic_acid	amoxicillin/clavulanic acid	<=	1.0	mg/L	Susceptible	CLSI	Broth dilution	bv_brc_genome_amr	high
27381390	CVM N31412	SAMN02699239	BioSample	Salmonella enterica	ciprofloxacin	ciprofloxacin	<=	0.015	mg/L	Susceptible	CLSI	Broth dilution	bv_brc_genome_amr	high
27381390	CVM 43790	SAMN02911959	BioSample	Salmonella enterica	azithromycin	azithromycin	=	4.0	mg/L	Susceptible	CLSI	Broth dilution	bv_brc_genome_amr	high
27381390	CVM N30650	SAMN02699215	BioSample	Salmonella enterica	ampicillin	ampicillin	<=	1.0	mg/L	Susceptible	CLSI	Broth dilution	bv_brc_genome_amr	high
27381390	CVM N46819	SAMN03894198	BioSample	Salmonella enterica	amoxicillin-clavulanic_acid	amoxicillin/clavulanic acid	>	32.0	mg/L	Resistant	CLSI	Broth dilution	bv_brc_genome_amr	high
27381390	CVM N46811	SAMN03894191	BioSample	Salmonella enterica	ceftriaxone	ceftriaxone	<=	0.25	mg/L	Susceptible	CLSI	Broth dilution	bv_brc_genome_amr	high
27381390	CVM N43475	SAMN03894084	BioSample	Salmonella enterica	ciprofloxacin	ciprofloxacin	<=	0.015	mg/L	Susceptible	CLSI	Broth dilution	bv_brc_genome_amr	high
27381390	CVM N44714	SAMN03894131	BioSample	Salmonella enterica	ciprofloxacin	ciprofloxacin	<=	0.015	mg/L	Susceptible	CLSI	Broth dilution	bv_brc_genome_amr	high
27381390	CVM 43753	SAMN02911922	BioSample	Salmonella enterica	amoxicillin-clavulanic_acid	amoxicillin/clavulanic acid	<=	1.0	mg/L	Susceptible	CLSI	Broth dilution	bv_brc_genome_amr	high
27381390	CVM N51982	SAMN03894408	BioSample	Salmonella enterica	ceftriaxone	ceftriaxone	<=	0.25	mg/L	Susceptible	CLSI	Broth dilution	bv_brc_genome_amr	high
27381390	CVM N38893	SAMN02699296	BioSample	Salmonella enterica	azithromycin	azithromycin	=	4.0	mg/L	Susceptible	CLSI	Broth dilution	bv_brc_genome_amr	high
27381390	CVM N47717	SAMN03894247	BioSample	Salmonella enterica	ceftriaxone	ceftriaxone	<=	0.25	mg/L	Susceptible	CLSI	Broth dilution	bv_brc_genome_amr	high
27381390	CVM N38860	SAMN02699283	BioSample	Salmonella enterica	azithromycin	azithromycin	=	4.0	mg/L	Susceptible	CLSI	Broth dilution	bv_brc_genome_amr	high
27381390	CVM N46822	SAMN03894201	BioSample	Salmonella enterica	ciprofloxacin	ciprofloxacin	=	0.03	mg/L	Susceptible	CLSI	Broth dilution	bv_brc_genome_amr	high
27381390	CVM 43796	SAMN02911965	BioSample	Salmonella enterica	ciprofloxacin	ciprofloxacin	<=	0.015	mg/L	Susceptible	CLSI	Broth dilution	bv_brc_genome_amr	high
27381390	CVM N30696	SAMN02699226	BioSample	Salmonella enterica	ceftriaxone	ceftriaxone	=	16.0	mg/L	Resistant	CLSI	Broth dilution	bv_brc_genome_amr	high
27381390	CVM N46841	SAMN03894220	BioSample	Salmonella enterica	amoxicillin-clavulanic_acid	amoxicillin/clavulanic acid	>	32.0	mg/L	Resistant	CLSI	Broth dilution	bv_brc_genome_amr	high
27381390	CVM 43846	SAMN02912015	BioSample	Salmonella enterica	azithromycin	azithromycin	=	4.0	mg/L	Susceptible	CLSI	Broth dilution	bv_brc_genome_amr	high
27381390	CVM N44698	SAMN03894115	BioSample	Salmonella enterica	azithromycin	azithromycin	=	4.0	mg/L	Susceptible	CLSI	Broth dilution	bv_brc_genome_amr	high
27381390	CVM 43799	SAMN02911968	BioSample	Salmonella enterica	amoxicillin-clavulanic_acid	amoxicillin/clavulanic acid	>	32.0	mg/L	Resistant	CLSI	Broth dilution	bv_brc_genome_amr	high
27381390	CVM N46857	SAMN03894236	BioSample	Salmonella enterica	azithromycin	azithromycin	=	4.0	mg/L	Susceptible	CLSI	Broth dilution	bv_brc_genome_amr	high
27381390	CVM N37925	SAMN02699268	BioSample	Salmonella enterica	ceftriaxone	ceftriaxone	<=	0.25	mg/L	Susceptible	CLSI	Broth dilution	bv_brc_genome_amr	high
27381390	CVM 43802	SAMN02911971	BioSample	Salmonella enterica	amoxicillin-clavulanic_acid	amoxicillin/clavulanic acid	<=	1.0	mg/L	Susceptible	CLSI	Broth dilution	bv_brc_genome_amr	high
27381390	CVM N40379	SAMN02699314	BioSample	Salmonella enterica	ceftriaxone	ceftriaxone	=	8.0	mg/L	Resistant	CLSI	Broth dilution	bv_brc_genome_amr	high
27381390	CVM N51983	SAMN03894409	BioSample	Salmonella enterica	amoxicillin-clavulanic_acid	amoxicillin/clavulanic acid	<=	1.0	mg/L	Susceptible	CLSI	Broth dilution	bv_brc_genome_amr	high
27381390	CVM N45397	SAMN03894142	BioSample	Salmonella enterica	ampicillin	ampicillin	>	32.0	mg/L	Resistant	CLSI	Broth dilution	bv_brc_genome_amr	high
27381390	CVM N29362	SAMN02699203	BioSample	Salmonella enterica	azithromycin	azithromycin	=	8.0	mg/L	Susceptible	CLSI	Broth dilution	bv_brc_genome_amr	high
27381390	CVM 43838	SAMN02912007	BioSample	Salmonella enterica	azithromycin	azithromycin	=	4.0	mg/L	Susceptible	CLSI	Broth dilution	bv_brc_genome_amr	high
27381390	CVM N50426	SAMN03894306	BioSample	Salmonella enterica	ciprofloxacin	ciprofloxacin	=	0.03	mg/L	Susceptible	CLSI	Broth dilution	bv_brc_genome_amr	high
27381390	CVM N43836	SAMN03894108	BioSample	Salmonella enterica	ampicillin	ampicillin	<=	1.0	mg/L	Susceptible	CLSI	Broth dilution	bv_brc_genome_amr	high
27381390	CVM N45924	SAMN03894158	BioSample	Salmonella enterica	azithromycin	azithromycin	=	4.0	mg/L	Susceptible	CLSI	Broth dilution	bv_brc_genome_amr	high
27381390	CVM N46859	SAMN03894238	BioSample	Salmonella enterica	azithromycin	azithromycin	=	4.0	mg/L	Susceptible	CLSI	Broth dilution	bv_brc_genome_amr	high
27381390	CVM 43839	SAMN02912008	BioSample	Salmonella enterica	ceftriaxone	ceftriaxone	<=	0.25	mg/L	Susceptible	CLSI	Broth dilution	bv_brc_genome_amr	high
27381390	CVM N37925	SAMN02699268	BioSample	Salmonella enterica	ciprofloxacin	ciprofloxacin	<=	0.015	mg/L	Susceptible	CLSI	Broth dilution	bv_brc_genome_amr	high
27381390	CVM 43766	SAMN02911935	BioSample	Salmonella enterica	amoxicillin-clavulanic_acid	amoxicillin/clavulanic acid	>	32.0	mg/L	Resistant	CLSI	Broth dilution	bv_brc_genome_amr	high
27381390	CVM N31412	SAMN02699239	BioSample	Salmonella enterica	amoxicillin-clavulanic_acid	amoxicillin/clavulanic acid	<=	1.0	mg/L	Susceptible	CLSI	Broth dilution	bv_brc_genome_amr	high
27381390	CVM N32048	SAMN02699248	BioSample	Salmonella enterica	ampicillin	ampicillin	>	32.0	mg/L	Resistant	CLSI	Broth dilution	bv_brc_genome_amr	high
27381390	CVM N48698	SAMN03894285	BioSample	Salmonella enterica	ampicillin	ampicillin	<=	1.0	mg/L	Susceptible	CLSI	Broth dilution	bv_brc_genome_amr	high
27381390	CVM N44694	SAMN03894111	BioSample	Salmonella enterica	ampicillin	ampicillin	<=	1.0	mg/L	Susceptible	CLSI	Broth dilution	bv_brc_genome_amr	high
27381390	CVM N44699	SAMN03894116	BioSample	Salmonella enterica	ampicillin	ampicillin	=	2.0	mg/L	Susceptible	CLSI	Broth dilution	bv_brc_genome_amr	high
27381390	CVM N51984	SAMN03894410	BioSample	Salmonella enterica	ciprofloxacin	ciprofloxacin	<=	0.015	mg/L	Susceptible	CLSI	Broth dilution	bv_brc_genome_amr	high
27381390	CVM N44703	SAMN03894120	BioSample	Salmonella enterica	azithromycin	azithromycin	=	8.0	mg/L	Susceptible	CLSI	Broth dilution	bv_brc_genome_amr	high
27381390	CVM N50421	SAMN03894301	BioSample	Salmonella enterica	ceftriaxone	ceftriaxone	<=	0.25	mg/L	Susceptible	CLSI	Broth dilution	bv_brc_genome_amr	high
27381390	CVM N50448	SAMN03894328	BioSample	Salmonella enterica	ceftriaxone	ceftriaxone	<=	0.25	mg/L	Susceptible	CLSI	Broth dilution	bv_brc_genome_amr	high
27381390	CVM N51277	SAMN03894368	BioSample	Salmonella enterica	ampicillin	ampicillin	<=	1.0	mg/L	Susceptible	CLSI	Broth dilution	bv_brc_genome_amr	high
27381390	CVM 43815	SAMN02911984	BioSample	Salmonella enterica	azithromycin	azithromycin	=	4.0	mg/L	Susceptible	CLSI	Broth dilution	bv_brc_genome_amr	high
27381390	CVM N44705	SAMN03894122	BioSample	Salmonella enterica	ciprofloxacin	ciprofloxacin	<=	0.015	mg/L	Susceptible	CLSI	Broth dilution	bv_brc_genome_amr	high
27381390	CVM N44706	SAMN03894123	BioSample	Salmonella enterica	amoxicillin-clavulanic_acid	amoxicillin/clavulanic acid	<=	1.0	mg/L	Susceptible	CLSI	Broth dilution	bv_brc_genome_amr	high
27381390	CVM N51294	SAMN03894385	BioSample	Salmonella enterica	ceftriaxone	ceftriaxone	<=	0.25	mg/L	Susceptible	CLSI	Broth dilution	bv_brc_genome_amr	high
27381390	CVM N42518	SAMN02699363	BioSample	Salmonella enterica	ceftriaxone	ceftriaxone	<=	0.25	mg/L	Susceptible	CLSI	Broth dilution	bv_brc_genome_amr	high
27381390	CVM N41746	SAMN02699327	BioSample	Salmonella enterica	ceftriaxone	ceftriaxone	<=	0.25	mg/L	Susceptible	CLSI	Broth dilution	bv_brc_genome_amr	high
27381390	CVM 43791	SAMN02911960	BioSample	Salmonella enterica	amoxicillin-clavulanic_acid	amoxicillin/clavulanic acid	=	2.0	mg/L	Susceptible	CLSI	Broth dilution	bv_brc_genome_amr	high
27381390	CVM N38894	SAMN02699297	BioSample	Salmonella enterica	ampicillin	ampicillin	=	2.0	mg/L	Susceptible	CLSI	Broth dilution	bv_brc_genome_amr	high
27381390	CVM N50444	SAMN03894324	BioSample	Salmonella enterica	ciprofloxacin	ciprofloxacin	=	0.03	mg/L	Susceptible	CLSI	Broth dilution	bv_brc_genome_amr	high
27381390	CVM N48683	SAMN03894270	BioSample	Salmonella enterica	ceftriaxone	ceftriaxone	<=	0.25	mg/L	Susceptible	CLSI	Broth dilution	bv_brc_genome_amr	high
27381390	CVM N32056	SAMN02699253	BioSample	Salmonella enterica	ceftriaxone	ceftriaxone	<=	0.25	mg/L	Susceptible	CLSI	Broth dilution	bv_brc_genome_amr	high
27381390	CVM 43825	SAMN02911994	BioSample	Salmonella enterica	amoxicillin-clavulanic_acid	amoxicillin/clavulanic acid	<=	1.0	mg/L	Susceptible	CLSI	Broth dilution	bv_brc_genome_amr	high
27381390	CVM N38855	SAMN02699281	BioSample	Salmonella enterica	azithromycin	azithromycin	=	4.0	mg/L	Susceptible	CLSI	Broth dilution	bv_brc_genome_amr	high
27381390	CVM N42521	SAMN02699364	BioSample	Salmonella enterica	ceftriaxone	ceftriaxone	<=	0.25	mg/L	Susceptible	CLSI	Broth dilution	bv_brc_genome_amr	high
27381390	CVM N31392	SAMN02699231	BioSample	Salmonella enterica	ceftriaxone	ceftriaxone	=	8.0	mg/L	Resistant	CLSI	Broth dilution	bv_brc_genome_amr	high
27381390	CVM N30655	SAMN02699216	BioSample	Salmonella enterica	ciprofloxacin	ciprofloxacin	<=	0.015	mg/L	Susceptible	CLSI	Broth dilution	bv_brc_genome_amr	high
27381390	CVM N44694	SAMN03894111	BioSample	Salmonella enterica	amoxicillin-clavulanic_acid	amoxicillin/clavulanic acid	<=	1.0	mg/L	Susceptible	CLSI	Broth dilution	bv_brc_genome_amr	high
27381390	CVM N31415	SAMN02699241	BioSample	Salmonella enterica	azithromycin	azithromycin	=	2.0	mg/L	Susceptible	CLSI	Broth dilution	bv_brc_genome_amr	high
27381390	CVM 43839	SAMN02912008	BioSample	Salmonella enterica	azithromycin	azithromycin	=	8.0	mg/L	Susceptible	CLSI	Broth dilution	bv_brc_genome_amr	high
27381390	CVM N38869	SAMN02699287	BioSample	Salmonella enterica	ceftriaxone	ceftriaxone	<=	0.25	mg/L	Susceptible	CLSI	Broth dilution	bv_brc_genome_amr	high
27381390	CVM N43467	SAMN03894076	BioSample	Salmonella enterica	amoxicillin-clavulanic_acid	amoxicillin/clavulanic acid	<=	1.0	mg/L	Susceptible	CLSI	Broth dilution	bv_brc_genome_amr	high
27381390	CVM N44711	SAMN03894128	BioSample	Salmonella enterica	azithromycin	azithromycin	=	4.0	mg/L	Susceptible	CLSI	Broth dilution	bv_brc_genome_amr	high
27381390	CVM N51266	SAMN03894357	BioSample	Salmonella enterica	ciprofloxacin	ciprofloxacin	<=	0.015	mg/L	Susceptible	CLSI	Broth dilution	bv_brc_genome_amr	high
27381390	CVM N42472	SAMN02699350	BioSample	Salmonella enterica	amoxicillin-clavulanic_acid	amoxicillin/clavulanic acid	=	8.0	mg/L	Susceptible	CLSI	Broth dilution	bv_brc_genome_amr	high
27381390	CVM 43753	SAMN02911922	BioSample	Salmonella enterica	ceftriaxone	ceftriaxone	<=	0.25	mg/L	Susceptible	CLSI	Broth dilution	bv_brc_genome_amr	high
27381390	CVM N51255	SAMN03894346	BioSample	Salmonella enterica	ampicillin	ampicillin	<=	1.0	mg/L	Susceptible	CLSI	Broth dilution	bv_brc_genome_amr	high
27381390	CVM N51282	SAMN03894373	BioSample	Salmonella enterica	ceftriaxone	ceftriaxone	<=	0.25	mg/L	Susceptible	CLSI	Broth dilution	bv_brc_genome_amr	high
27381390	CVM N45925	SAMN03894159	BioSample	Salmonella enterica	ceftriaxone	ceftriaxone	<=	0.25	mg/L	Susceptible	CLSI	Broth dilution	bv_brc_genome_amr	high
27381390	CVM N47728	SAMN03894258	BioSample	Salmonella enterica	amoxicillin-clavulanic_acid	amoxicillin/clavulanic acid	<=	1.0	mg/L	Susceptible	CLSI	Broth dilution	bv_brc_genome_amr	high
27381390	CVM N45956	SAMN03894187	BioSample	Salmonella enterica	ceftriaxone	ceftriaxone	<=	0.25	mg/L	Susceptible	CLSI	Broth dilution	bv_brc_genome_amr	high
27381390	CVM N41895	SAMN02699329	BioSample	Salmonella enterica	ceftriaxone	ceftriaxone	=	16.0	mg/L	Resistant	CLSI	Broth dilution	bv_brc_genome_amr	high
27381390	CVM N31410	SAMN02699237	BioSample	Salmonella enterica	ceftriaxone	ceftriaxone	<=	0.25	mg/L	Susceptible	CLSI	Broth dilution	bv_brc_genome_amr	high
27381390	CVM 43839	SAMN02912008	BioSample	Salmonella enterica	ciprofloxacin	ciprofloxacin	=	0.25	mg/L	Susceptible	CLSI	Broth dilution	bv_brc_genome_amr	high
27381390	CVM N48686	SAMN03894273	BioSample	Salmonella enterica	ciprofloxacin	ciprofloxacin	<=	0.015	mg/L	Susceptible	CLSI	Broth dilution	bv_brc_genome_amr	high
27381390	CVM 43746	SAMN02911915	BioSample	Salmonella enterica	ampicillin	ampicillin	>	32.0	mg/L	Resistant	CLSI	Broth dilution	bv_brc_genome_amr	high
27381390	CVM N46851	SAMN03894230	BioSample	Salmonella enterica	amoxicillin-clavulanic_acid	amoxicillin/clavulanic acid	<=	1.0	mg/L	Susceptible	CLSI	Broth dilution	bv_brc_genome_amr	high
27381390	CVM N48680	SAMN03894267	BioSample	Salmonella enterica	ceftriaxone	ceftriaxone	<=	0.25	mg/L	Susceptible	CLSI	Broth dilution	bv_brc_genome_amr	high
27381390	CVM N30673	SAMN02699220	BioSample	Salmonella enterica	ciprofloxacin	ciprofloxacin	<=	0.015	mg/L	Susceptible	CLSI	Broth dilution	bv_brc_genome_amr	high
27381390	CVM N32051	SAMN02699249	BioSample	Salmonella enterica	ceftriaxone	ceftriaxone	=	16.0	mg/L	Resistant	CLSI	Broth dilution	bv_brc_genome_amr	high
27381390	CVM N50429	SAMN03894309	BioSample	Salmonella enterica	ceftriaxone	ceftriaxone	<=	0.25	mg/L	Susceptible	CLSI	Broth dilution	bv_brc_genome_amr	high
27381390	CVM N32048	SAMN02699248	BioSample	Salmonella enterica	amoxicillin-clavulanic_acid	amoxicillin/clavulanic acid	=	8.0	mg/L	Susceptible	CLSI	Broth dilution	bv_brc_genome_amr	high
27381390	CVM N46834	SAMN03894213	BioSample	Salmonella enterica	azithromycin	azithromycin	=	4.0	mg/L	Susceptible	CLSI	Broth dilution	bv_brc_genome_amr	high
27381390	CVM N48696	SAMN03894283	BioSample	Salmonella enterica	ceftriaxone	ceftriaxone	<=	0.25	mg/L	Susceptible	CLSI	Broth dilution	bv_brc_genome_amr	high
27381390	CVM N46825	SAMN03894204	BioSample	Salmonella enterica	ceftriaxone	ceftriaxone	<=	0.25	mg/L	Susceptible	CLSI	Broth dilution	bv_brc_genome_amr	high
27381390	CVM N41734	SAMN02699326	BioSample	Salmonella enterica	ciprofloxacin	ciprofloxacin	<=	0.015	mg/L	Susceptible	CLSI	Broth dilution	bv_brc_genome_amr	high
27381390	CVM N46836	SAMN03894215	BioSample	Salmonella enterica	ceftriaxone	ceftriaxone	<=	0.25	mg/L	Susceptible	CLSI	Broth dilution	bv_brc_genome_amr	high
27381390	CVM N29355	SAMN02699200	BioSample	Salmonella enterica	ciprofloxacin	ciprofloxacin	<=	0.015	mg/L	Susceptible	CLSI	Broth dilution	bv_brc_genome_amr	high
27381390	CVM N51296	SAMN03894387	BioSample	Salmonella enterica	azithromycin	azithromycin	=	4.0	mg/L	Susceptible	CLSI	Broth dilution	bv_brc_genome_amr	high
27381390	CVM 43776	SAMN02911945	BioSample	Salmonella enterica	amoxicillin-clavulanic_acid	amoxicillin/clavulanic acid	=	4.0	mg/L	Susceptible	CLSI	Broth dilution	bv_brc_genome_amr	high
27381390	CVM N37950	SAMN02699272	BioSample	Salmonella enterica	amoxicillin-clavulanic_acid	amoxicillin/clavulanic acid	=	2.0	mg/L	Susceptible	CLSI	Broth dilution	bv_brc_genome_amr	high
27381390	CVM N44693	SAMN03894110	BioSample	Salmonella enterica	azithromycin	azithromycin	=	2.0	mg/L	Susceptible	CLSI	Broth dilution	bv_brc_genome_amr	high
27381390	CVM N30642	SAMN02699213	BioSample	Salmonella enterica	ceftriaxone	ceftriaxone	<=	0.25	mg/L	Susceptible	CLSI	Broth dilution	bv_brc_genome_amr	high
27381390	CVM N43835	SAMN03894107	BioSample	Salmonella enterica	ampicillin	ampicillin	<=	1.0	mg/L	Susceptible	CLSI	Broth dilution	bv_brc_genome_amr	high
27381390	CVM N32052	SAMN02699250	BioSample	Salmonella enterica	azithromycin	azithromycin	=	4.0	mg/L	Susceptible	CLSI	Broth dilution	bv_brc_genome_amr	high
27381390	CVM N51306	SAMN03894397	BioSample	Salmonella enterica	amoxicillin-clavulanic_acid	amoxicillin/clavulanic acid	=	8.0	mg/L	Susceptible	CLSI	Broth dilution	bv_brc_genome_amr	high
27381390	CVM N44710	SAMN03894127	BioSample	Salmonella enterica	ciprofloxacin	ciprofloxacin	=	0.06	mg/L	Susceptible	CLSI	Broth dilution	bv_brc_genome_amr	high
27381390	CVM N32788	SAMN02699263	BioSample	Salmonella enterica	amoxicillin-clavulanic_acid	amoxicillin/clavulanic acid	=	16.0	mg/L	Susceptible	CLSI	Broth dilution	bv_brc_genome_amr	high
27381390	CVM N48712	SAMN03894298	BioSample	Salmonella enterica	azithromycin	azithromycin	=	2.0	mg/L	Susceptible	CLSI	Broth dilution	bv_brc_genome_amr	high
27381390	CVM N48681	SAMN03894268	BioSample	Salmonella enterica	ciprofloxacin	ciprofloxacin	=	0.03	mg/L	Susceptible	CLSI	Broth dilution	bv_brc_genome_amr	high
27381390	CVM N43469	SAMN03894078	BioSample	Salmonella enterica	ampicillin	ampicillin	>	32.0	mg/L	Resistant	CLSI	Broth dilution	bv_brc_genome_amr	high
27381390	CVM N51269	SAMN03894360	BioSample	Salmonella enterica	ciprofloxacin	ciprofloxacin	<=	0.015	mg/L	Susceptible	CLSI	Broth dilution	bv_brc_genome_amr	high
27381390	CVM N50442	SAMN03894322	BioSample	Salmonella enterica	azithromycin	azithromycin	=	4.0	mg/L	Susceptible	CLSI	Broth dilution	bv_brc_genome_amr	high
27381390	CVM N31412	SAMN02699239	BioSample	Salmonella enterica	ceftriaxone	ceftriaxone	<=	0.25	mg/L	Susceptible	CLSI	Broth dilution	bv_brc_genome_amr	high
27381390	CVM N42472	SAMN02699350	BioSample	Salmonella enterica	ciprofloxacin	ciprofloxacin	<=	0.015	mg/L	Susceptible	CLSI	Broth dilution	bv_brc_genome_amr	high
27381390	CVM N31412	SAMN02699239	BioSample	Salmonella enterica	azithromycin	azithromycin	=	2.0	mg/L	Susceptible	CLSI	Broth dilution	bv_brc_genome_amr	high
27381390	CVM N51982	SAMN03894408	BioSample	Salmonella enterica	amoxicillin-clavulanic_acid	amoxicillin/clavulanic acid	<=	1.0	mg/L	Susceptible	CLSI	Broth dilution	bv_brc_genome_amr	high
27381390	CVM N51981	SAMN03894407	BioSample	Salmonella enterica	azithromycin	azithromycin	=	2.0	mg/L	Susceptible	CLSI	Broth dilution	bv_brc_genome_amr	high
27381390	CVM N43822	SAMN03894094	BioSample	Salmonella enterica	azithromycin	azithromycin	=	4.0	mg/L	Susceptible	CLSI	Broth dilution	bv_brc_genome_amr	high
27381390	CVM N42458	SAMN02699346	BioSample	Salmonella enterica	ceftriaxone	ceftriaxone	=	16.0	mg/L	Resistant	CLSI	Broth dilution	bv_brc_genome_amr	high
27381390	CVM N45394	SAMN03894139	BioSample	Salmonella enterica	ceftriaxone	ceftriaxone	<=	0.25	mg/L	Susceptible	CLSI	Broth dilution	bv_brc_genome_amr	high
27381390	CVM N46814	SAMN03894194	BioSample	Salmonella enterica	ciprofloxacin	ciprofloxacin	<=	0.015	mg/L	Susceptible	CLSI	Broth dilution	bv_brc_genome_amr	high
27381390	CVM N46860	SAMN03894239	BioSample	Salmonella enterica	azithromycin	azithromycin	=	4.0	mg/L	Susceptible	CLSI	Broth dilution	bv_brc_genome_amr	high
27381390	CVM N45398	SAMN03894143	BioSample	Salmonella enterica	ampicillin	ampicillin	<=	1.0	mg/L	Susceptible	CLSI	Broth dilution	bv_brc_genome_amr	high
27381390	CVM 43747	SAMN02911916	BioSample	Salmonella enterica	amoxicillin-clavulanic_acid	amoxicillin/clavulanic acid	<=	1.0	mg/L	Susceptible	CLSI	Broth dilution	bv_brc_genome_amr	high
27381390	CVM N29383	SAMN02699211	BioSample	Salmonella enterica	ciprofloxacin	ciprofloxacin	<=	0.015	mg/L	Susceptible	CLSI	Broth dilution	bv_brc_genome_amr	high
27381390	CVM N50435	SAMN03894315	BioSample	Salmonella enterica	azithromycin	azithromycin	=	2.0	mg/L	Susceptible	CLSI	Broth dilution	bv_brc_genome_amr	high
27381390	CVM N37931	SAMN02699269	BioSample	Salmonella enterica	ciprofloxacin	ciprofloxacin	<=	0.015	mg/L	Susceptible	CLSI	Broth dilution	bv_brc_genome_amr	high
27381390	CVM N38882	SAMN02699292	BioSample	Salmonella enterica	amoxicillin-clavulanic_acid	amoxicillin/clavulanic acid	<=	1.0	mg/L	Susceptible	CLSI	Broth dilution	bv_brc_genome_amr	high
27381390	CVM N46818	SAMN03894197	BioSample	Salmonella enterica	amoxicillin-clavulanic_acid	amoxicillin/clavulanic acid	<=	1.0	mg/L	Susceptible	CLSI	Broth dilution	bv_brc_genome_amr	high
27381390	CVM N51254	SAMN03894345	BioSample	Salmonella enterica	amoxicillin-clavulanic_acid	amoxicillin/clavulanic acid	=	32.0	mg/L	Resistant	CLSI	Broth dilution	bv_brc_genome_amr	high
27381390	CVM N29310	SAMN02699189	BioSample	Salmonella enterica	ceftriaxone	ceftriaxone	<=	0.25	mg/L	Susceptible	CLSI	Broth dilution	bv_brc_genome_amr	high
27381390	CVM N46841	SAMN03894220	BioSample	Salmonella enterica	ciprofloxacin	ciprofloxacin	<=	0.015	mg/L	Susceptible	CLSI	Broth dilution	bv_brc_genome_amr	high
27381390	CVM N41904	SAMN02699331	BioSample	Salmonella enterica	ceftriaxone	ceftriaxone	=	4.0	mg/L	Resistant	CLSI	Broth dilution	bv_brc_genome_amr	high
27381390	CVM N51240	SAMN03894331	BioSample	Salmonella enterica	ciprofloxacin	ciprofloxacin	=	0.03	mg/L	Susceptible	CLSI	Broth dilution	bv_brc_genome_amr	high
27381390	CVM N43462	SAMN03894071	BioSample	Salmonella enterica	ampicillin	ampicillin	<=	1.0	mg/L	Susceptible	CLSI	Broth dilution	bv_brc_genome_amr	high
27381390	CVM N29377	SAMN02699207	BioSample	Salmonella enterica	ampicillin	ampicillin	>	32.0	mg/L	Resistant	CLSI	Broth dilution	bv_brc_genome_amr	high
27381390	CVM N43473	SAMN03894082	BioSample	Salmonella enterica	azithromycin	azithromycin	=	4.0	mg/L	Susceptible	CLSI	Broth dilution	bv_brc_genome_amr	high
27381390	CVM 43806	SAMN02911975	BioSample	Salmonella enterica	azithromycin	azithromycin	=	4.0	mg/L	Susceptible	CLSI	Broth dilution	bv_brc_genome_amr	high
27381390	CVM N51284	SAMN03894375	BioSample	Salmonella enterica	amoxicillin-clavulanic_acid	amoxicillin/clavulanic acid	<=	1.0	mg/L	Susceptible	CLSI	Broth dilution	bv_brc_genome_amr	high
27381390	CVM N46848	SAMN03894227	BioSample	Salmonella enterica	ciprofloxacin	ciprofloxacin	=	0.03	mg/L	Susceptible	CLSI	Broth dilution	bv_brc_genome_amr	high
27381390	CVM 43756	SAMN02911925	BioSample	Salmonella enterica	ciprofloxacin	ciprofloxacin	>	4.0	mg/L	Resistant	CLSI	Broth dilution	bv_brc_genome_amr	high
27381390	CVM N31394	SAMN02699232	BioSample	Salmonella enterica	amoxicillin-clavulanic_acid	amoxicillin/clavulanic acid	=	8.0	mg/L	Susceptible	CLSI	Broth dilution	bv_brc_genome_amr	high
27381390	CVM 43807	SAMN02911976	BioSample	Salmonella enterica	azithromycin	azithromycin	=	4.0	mg/L	Susceptible	CLSI	Broth dilution	bv_brc_genome_amr	high
27381390	CVM N30645	SAMN02699214	BioSample	Salmonella enterica	ceftriaxone	ceftriaxone	<=	0.25	mg/L	Susceptible	CLSI	Broth dilution	bv_brc_genome_amr	high
27381390	CVM N38874	SAMN02699290	BioSample	Salmonella enterica	amoxicillin-clavulanic_acid	amoxicillin/clavulanic acid	<=	1.0	mg/L	Susceptible	CLSI	Broth dilution	bv_brc_genome_amr	high
27381390	CVM N38232	SAMN02699274	BioSample	Salmonella enterica	ceftriaxone	ceftriaxone	<=	0.25	mg/L	Susceptible	CLSI	Broth dilution	bv_brc_genome_amr	high
27381390	CVM N31597	SAMN02699243	BioSample	Salmonella enterica	ceftriaxone	ceftriaxone	<=	0.25	mg/L	Susceptible	CLSI	Broth dilution	bv_brc_genome_amr	high
27381390	CVM N45924	SAMN03894158	BioSample	Salmonella enterica	ceftriaxone	ceftriaxone	<=	0.25	mg/L	Susceptible	CLSI	Broth dilution	bv_brc_genome_amr	high
27381390	CVM 43799	SAMN02911968	BioSample	Salmonella enterica	azithromycin	azithromycin	=	4.0	mg/L	Susceptible	CLSI	Broth dilution	bv_brc_genome_amr	high
27381390	CVM N37910	SAMN02699265	BioSample	Salmonella enterica	azithromycin	azithromycin	=	2.0	mg/L	Susceptible	CLSI	Broth dilution	bv_brc_genome_amr	high
27381390	CVM N48682	SAMN03894269	BioSample	Salmonella enterica	ampicillin	ampicillin	<=	1.0	mg/L	Susceptible	CLSI	Broth dilution	bv_brc_genome_amr	high
27381390	CVM N40366	SAMN02950159	BioSample	Salmonella enterica	azithromycin	azithromycin	=	4.0	mg/L	Susceptible	CLSI	Broth dilution	bv_brc_genome_amr	high
27381390	CVM 43793	SAMN02911962	BioSample	Salmonella enterica	ciprofloxacin	ciprofloxacin	<=	0.015	mg/L	Susceptible	CLSI	Broth dilution	bv_brc_genome_amr	high
27381390	CVM 43833	SAMN02912002	BioSample	Salmonella enterica	ciprofloxacin	ciprofloxacin	<=	0.015	mg/L	Susceptible	CLSI	Broth dilution	bv_brc_genome_amr	high
27381390	CVM N45956	SAMN03894187	BioSample	Salmonella enterica	azithromycin	azithromycin	=	4.0	mg/L	Susceptible	CLSI	Broth dilution	bv_brc_genome_amr	high
27381390	CVM N45932	SAMN03894166	BioSample	Salmonella enterica	amoxicillin-clavulanic_acid	amoxicillin/clavulanic acid	=	8.0	mg/L	Susceptible	CLSI	Broth dilution	bv_brc_genome_amr	high
27381390	CVM N44700	SAMN03894117	BioSample	Salmonella enterica	ampicillin	ampicillin	<=	1.0	mg/L	Susceptible	CLSI	Broth dilution	bv_brc_genome_amr	high
27381390	CVM N45951	SAMN03894182	BioSample	Salmonella enterica	ampicillin	ampicillin	<=	1.0	mg/L	Susceptible	CLSI	Broth dilution	bv_brc_genome_amr	high
27381390	CVM N45407	SAMN03894152	BioSample	Salmonella enterica	ceftriaxone	ceftriaxone	<=	0.25	mg/L	Susceptible	CLSI	Broth dilution	bv_brc_genome_amr	high
27381390	CVM 43832	SAMN02912001	BioSample	Salmonella enterica	ciprofloxacin	ciprofloxacin	<=	0.015	mg/L	Susceptible	CLSI	Broth dilution	bv_brc_genome_amr	high
27381390	CVM N48689	SAMN03894276	BioSample	Salmonella enterica	ceftriaxone	ceftriaxone	<=	0.25	mg/L	Susceptible	CLSI	Broth dilution	bv_brc_genome_amr	high
27381390	CVM N46821	SAMN03894200	BioSample	Salmonella enterica	azithromycin	azithromycin	=	4.0	mg/L	Susceptible	CLSI	Broth dilution	bv_brc_genome_amr	high
27381390	CVM N45955	SAMN03894186	BioSample	Salmonella enterica	ceftriaxone	ceftriaxone	=	16.0	mg/L	Resistant	CLSI	Broth dilution	bv_brc_genome_amr	high
27381390	CVM N43820	SAMN03894092	BioSample	Salmonella enterica	azithromycin	azithromycin	=	4.0	mg/L	Susceptible	CLSI	Broth dilution	bv_brc_genome_amr	high
27381390	CVM N44693	SAMN03894110	BioSample	Salmonella enterica	amoxicillin-clavulanic_acid	amoxicillin/clavulanic acid	=	32.0	mg/L	Resistant	CLSI	Broth dilution	bv_brc_genome_amr	high
27381390	CVM 43819	SAMN02911988	BioSample	Salmonella enterica	ampicillin	ampicillin	<=	1.0	mg/L	Susceptible	CLSI	Broth dilution	bv_brc_genome_amr	high
27381390	CVM N43482	SAMN03894091	BioSample	Salmonella enterica	ceftriaxone	ceftriaxone	<=	0.25	mg/L	Susceptible	CLSI	Broth dilution	bv_brc_genome_amr	high
27381390	CVM N38864	SAMN02699285	BioSample	Salmonella enterica	ceftriaxone	ceftriaxone	<=	0.25	mg/L	Susceptible	CLSI	Broth dilution	bv_brc_genome_amr	high
27381390	CVM N30669	SAMN02699218	BioSample	Salmonella enterica	azithromycin	azithromycin	=	4.0	mg/L	Susceptible	CLSI	Broth dilution	bv_brc_genome_amr	high
27381390	CVM N38860	SAMN02699283	BioSample	Salmonella enterica	ciprofloxacin	ciprofloxacin	<=	0.015	mg/L	Susceptible	CLSI	Broth dilution	bv_brc_genome_amr	high
27381390	CVM N38909	SAMN02699299	BioSample	Salmonella enterica	ceftriaxone	ceftriaxone	<=	0.25	mg/L	Susceptible	CLSI	Broth dilution	bv_brc_genome_amr	high
27381390	CVM N45390	SAMN03894135	BioSample	Salmonella enterica	ceftriaxone	ceftriaxone	<=	0.25	mg/L	Susceptible	CLSI	Broth dilution	bv_brc_genome_amr	high
27381390	CVM N41906	SAMN02699332	BioSample	Salmonella enterica	ampicillin	ampicillin	>	32.0	mg/L	Resistant	CLSI	Broth dilution	bv_brc_genome_amr	high
27381390	CVM N31597	SAMN02699243	BioSample	Salmonella enterica	ciprofloxacin	ciprofloxacin	<=	0.015	mg/L	Susceptible	CLSI	Broth dilution	bv_brc_genome_amr	high
27381390	CVM N45397	SAMN03894142	BioSample	Salmonella enterica	azithromycin	azithromycin	=	4.0	mg/L	Susceptible	CLSI	Broth dilution	bv_brc_genome_amr	high
27381390	CVM N43479	SAMN03894088	BioSample	Salmonella enterica	ceftriaxone	ceftriaxone	<=	0.25	mg/L	Susceptible	CLSI	Broth dilution	bv_brc_genome_amr	high
27381390	CVM N42508	SAMN02699361	BioSample	Salmonella enterica	ciprofloxacin	ciprofloxacin	<=	0.015	mg/L	Susceptible	CLSI	Broth dilution	bv_brc_genome_amr	high
27381390	CVM N38855	SAMN02699281	BioSample	Salmonella enterica	ampicillin	ampicillin	<=	1.0	mg/L	Susceptible	CLSI	Broth dilution	bv_brc_genome_amr	high
27381390	CVM N30683	SAMN02699223	BioSample	Salmonella enterica	ciprofloxacin	ciprofloxacin	=	0.03	mg/L	Susceptible	CLSI	Broth dilution	bv_brc_genome_amr	high
27381390	CVM N46819	SAMN03894198	BioSample	Salmonella enterica	azithromycin	azithromycin	=	4.0	mg/L	Susceptible	CLSI	Broth dilution	bv_brc_genome_amr	high
27381390	CVM N44694	SAMN03894111	BioSample	Salmonella enterica	ciprofloxacin	ciprofloxacin	=	0.03	mg/L	Susceptible	CLSI	Broth dilution	bv_brc_genome_amr	high
27381390	CVM N45930	SAMN03894164	BioSample	Salmonella enterica	ceftriaxone	ceftriaxone	<=	0.25	mg/L	Susceptible	CLSI	Broth dilution	bv_brc_genome_amr	high
27381390	CVM 43798	SAMN02911967	BioSample	Salmonella enterica	amoxicillin-clavulanic_acid	amoxicillin/clavulanic acid	<=	1.0	mg/L	Susceptible	CLSI	Broth dilution	bv_brc_genome_amr	high
27381390	CVM N45943	SAMN03894177	BioSample	Salmonella enterica	ceftriaxone	ceftriaxone	<=	0.25	mg/L	Susceptible	CLSI	Broth dilution	bv_brc_genome_amr	high
27381390	CVM N29350	SAMN02699198	BioSample	Salmonella enterica	azithromycin	azithromycin	=	8.0	mg/L	Susceptible	CLSI	Broth dilution	bv_brc_genome_amr	high
27381390	CVM N40939	SAMN02699324	BioSample	Salmonella enterica	ceftriaxone	ceftriaxone	<=	0.25	mg/L	Susceptible	CLSI	Broth dilution	bv_brc_genome_amr	high
27381390	CVM N48698	SAMN03894285	BioSample	Salmonella enterica	ciprofloxacin	ciprofloxacin	<=	0.015	mg/L	Susceptible	CLSI	Broth dilution	bv_brc_genome_amr	high
27381390	CVM N51310	SAMN03894401	BioSample	Salmonella enterica	amoxicillin-clavulanic_acid	amoxicillin/clavulanic acid	=	2.0	mg/L	Susceptible	CLSI	Broth dilution	bv_brc_genome_amr	high
27381390	CVM N29307	SAMN02699187	BioSample	Salmonella enterica	ciprofloxacin	ciprofloxacin	=	0.03	mg/L	Susceptible	CLSI	Broth dilution	bv_brc_genome_amr	high
27381390	CVM N51257	SAMN03894348	BioSample	Salmonella enterica	ciprofloxacin	ciprofloxacin	<=	0.015	mg/L	Susceptible	CLSI	Broth dilution	bv_brc_genome_amr	high
27381390	CVM 43754	SAMN02911923	BioSample	Salmonella enterica	ceftriaxone	ceftriaxone	<=	0.25	mg/L	Susceptible	CLSI	Broth dilution	bv_brc_genome_amr	high
27381390	CVM N38864	SAMN02699285	BioSample	Salmonella enterica	ampicillin	ampicillin	<=	1.0	mg/L	Susceptible	CLSI	Broth dilution	bv_brc_genome_amr	high
27381390	CVM N38921	SAMN02699303	BioSample	Salmonella enterica	ciprofloxacin	ciprofloxacin	<=	0.015	mg/L	Susceptible	CLSI	Broth dilution	bv_brc_genome_amr	high
27381390	CVM N50441	SAMN03894321	BioSample	Salmonella enterica	azithromycin	azithromycin	=	2.0	mg/L	Susceptible	CLSI	Broth dilution	bv_brc_genome_amr	high
27381390	CVM N31394	SAMN02699232	BioSample	Salmonella enterica	ampicillin	ampicillin	>	32.0	mg/L	Resistant	CLSI	Broth dilution	bv_brc_genome_amr	high
27381390	CVM N32754	SAMN02699256	BioSample	Salmonella enterica	ciprofloxacin	ciprofloxacin	<=	0.015	mg/L	Susceptible	CLSI	Broth dilution	bv_brc_genome_amr	high
27381390	CVM N51260	SAMN03894351	BioSample	Salmonella enterica	ampicillin	ampicillin	<=	1.0	mg/L	Susceptible	CLSI	Broth dilution	bv_brc_genome_amr	high
27381390	CVM N44700	SAMN03894117	BioSample	Salmonella enterica	ciprofloxacin	ciprofloxacin	<=	0.015	mg/L	Susceptible	CLSI	Broth dilution	bv_brc_genome_amr	high
27381390	CVM N46845	SAMN03894224	BioSample	Salmonella enterica	ceftriaxone	ceftriaxone	=	8.0	mg/L	Resistant	CLSI	Broth dilution	bv_brc_genome_amr	high
27381390	CVM N43459	SAMN03894068	BioSample	Salmonella enterica	ceftriaxone	ceftriaxone	<=	0.25	mg/L	Susceptible	CLSI	Broth dilution	bv_brc_genome_amr	high
27381390	CVM N43448	SAMN03894057	BioSample	Salmonella enterica	azithromycin	azithromycin	=	2.0	mg/L	Susceptible	CLSI	Broth dilution	bv_brc_genome_amr	high
27381390	CVM N29339	SAMN02699196	BioSample	Salmonella enterica	ceftriaxone	ceftriaxone	<=	0.25	mg/L	Susceptible	CLSI	Broth dilution	bv_brc_genome_amr	high
27381390	CVM N50439	SAMN03894319	BioSample	Salmonella enterica	ciprofloxacin	ciprofloxacin	<=	0.015	mg/L	Susceptible	CLSI	Broth dilution	bv_brc_genome_amr	high
27381390	CVM N51258	SAMN03894349	BioSample	Salmonella enterica	ceftriaxone	ceftriaxone	<=	0.25	mg/L	Susceptible	CLSI	Broth dilution	bv_brc_genome_amr	high
27381390	CVM N48676	SAMN03894263	BioSample	Salmonella enterica	ampicillin	ampicillin	>	32.0	mg/L	Resistant	CLSI	Broth dilution	bv_brc_genome_amr	high
27381390	CVM N38910	SAMN02699300	BioSample	Salmonella enterica	amoxicillin-clavulanic_acid	amoxicillin/clavulanic acid	<=	1.0	mg/L	Susceptible	CLSI	Broth dilution	bv_brc_genome_amr	high
27381390	CVM N44704	SAMN03894121	BioSample	Salmonella enterica	azithromycin	azithromycin	=	4.0	mg/L	Susceptible	CLSI	Broth dilution	bv_brc_genome_amr	high
27381390	CVM N45407	SAMN03894152	BioSample	Salmonella enterica	ampicillin	ampicillin	=	2.0	mg/L	Susceptible	CLSI	Broth dilution	bv_brc_genome_amr	high
27381390	CVM N42492	SAMN02699357	BioSample	Salmonella enterica	azithromycin	azithromycin	=	4.0	mg/L	Susceptible	CLSI	Broth dilution	bv_brc_genome_amr	high
27381390	CVM N50420	SAMN03894300	BioSample	Salmonella enterica	ampicillin	ampicillin	>	32.0	mg/L	Resistant	CLSI	Broth dilution	bv_brc_genome_amr	high
27381390	CVM 43824	SAMN02911993	BioSample	Salmonella enterica	amoxicillin-clavulanic_acid	amoxicillin/clavulanic acid	=	32.0	mg/L	Resistant	CLSI	Broth dilution	bv_brc_genome_amr	high
27381390	CVM 43767	SAMN02911936	BioSample	Salmonella enterica	ciprofloxacin	ciprofloxacin	<=	0.015	mg/L	Susceptible	CLSI	Broth dilution	bv_brc_genome_amr	high
27381390	CVM N42512	SAMN02699362	BioSample	Salmonella enterica	amoxicillin-clavulanic_acid	amoxicillin/clavulanic acid	>	32.0	mg/L	Resistant	CLSI	Broth dilution	bv_brc_genome_amr	high
27381390	CVM N46847	SAMN03894226	BioSample	Salmonella enterica	ampicillin	ampicillin	>	32.0	mg/L	Resistant	CLSI	Broth dilution	bv_brc_genome_amr	high
27381390	CVM N40395	SAMN02699318	BioSample	Salmonella enterica	amoxicillin-clavulanic_acid	amoxicillin/clavulanic acid	>	32.0	mg/L	Resistant	CLSI	Broth dilution	bv_brc_genome_amr	high
27381390	CVM N37918	SAMN02699267	BioSample	Salmonella enterica	amoxicillin-clavulanic_acid	amoxicillin/clavulanic acid	<=	1.0	mg/L	Susceptible	CLSI	Broth dilution	bv_brc_genome_amr	high
27381390	CVM N51311	SAMN03894402	BioSample	Salmonella enterica	ciprofloxacin	ciprofloxacin	<=	0.015	mg/L	Susceptible	CLSI	Broth dilution	bv_brc_genome_amr	high
27381390	CVM 43844	SAMN02912013	BioSample	Salmonella enterica	amoxicillin-clavulanic_acid	amoxicillin/clavulanic acid	<=	1.0	mg/L	Susceptible	CLSI	Broth dilution	bv_brc_genome_amr	high
27381390	CVM N42235	SAMN02699338	BioSample	Salmonella enterica	ciprofloxacin	ciprofloxacin	<=	0.015	mg/L	Susceptible	CLSI	Broth dilution	bv_brc_genome_amr	high
27381390	CVM N50439	SAMN03894319	BioSample	Salmonella enterica	amoxicillin-clavulanic_acid	amoxicillin/clavulanic acid	<=	1.0	mg/L	Susceptible	CLSI	Broth dilution	bv_brc_genome_amr	high
27381390	CVM N43455	SAMN03894064	BioSample	Salmonella enterica	ceftriaxone	ceftriaxone	=	32.0	mg/L	Resistant	CLSI	Broth dilution	bv_brc_genome_amr	high
27381390	CVM N51243	SAMN03894334	BioSample	Salmonella enterica	ceftriaxone	ceftriaxone	<=	0.25	mg/L	Susceptible	CLSI	Broth dilution	bv_brc_genome_amr	high
27381390	CVM 43766	SAMN02911935	BioSample	Salmonella enterica	ciprofloxacin	ciprofloxacin	<=	0.015	mg/L	Susceptible	CLSI	Broth dilution	bv_brc_genome_amr	high
27381390	CVM N30696	SAMN02699226	BioSample	Salmonella enterica	ciprofloxacin	ciprofloxacin	<=	0.015	mg/L	Susceptible	CLSI	Broth dilution	bv_brc_genome_amr	high
27381390	CVM 43758	SAMN02911927	BioSample	Salmonella enterica	ciprofloxacin	ciprofloxacin	<=	0.015	mg/L	Susceptible	CLSI	Broth dilution	bv_brc_genome_amr	high
27381390	CVM N43459	SAMN03894068	BioSample	Salmonella enterica	azithromycin	azithromycin	=	2.0	mg/L	Susceptible	CLSI	Broth dilution	bv_brc_genome_amr	high
27381390	CVM N51310	SAMN03894401	BioSample	Salmonella enterica	ciprofloxacin	ciprofloxacin	=	0.03	mg/L	Susceptible	CLSI	Broth dilution	bv_brc_genome_amr	high
27381390	CVM N45412	SAMN03894157	BioSample	Salmonella enterica	ceftriaxone	ceftriaxone	<=	0.25	mg/L	Susceptible	CLSI	Broth dilution	bv_brc_genome_amr	high
27381390	CVM N50420	SAMN03894300	BioSample	Salmonella enterica	ciprofloxacin	ciprofloxacin	<=	0.015	mg/L	Susceptible	CLSI	Broth dilution	bv_brc_genome_amr	high
27381390	CVM N45942	SAMN03894176	BioSample	Salmonella enterica	ciprofloxacin	ciprofloxacin	<=	0.015	mg/L	Susceptible	CLSI	Broth dilution	bv_brc_genome_amr	high
27381390	CVM N37917	SAMN02699266	BioSample	Salmonella enterica	amoxicillin-clavulanic_acid	amoxicillin/clavulanic acid	=	4.0	mg/L	Susceptible	CLSI	Broth dilution	bv_brc_genome_amr	high
27381390	CVM N51244	SAMN03894335	BioSample	Salmonella enterica	ampicillin	ampicillin	<=	1.0	mg/L	Susceptible	CLSI	Broth dilution	bv_brc_genome_amr	high
27381390	CVM 43744	SAMN02911913	BioSample	Salmonella enterica	ciprofloxacin	ciprofloxacin	=	0.03	mg/L	Susceptible	CLSI	Broth dilution	bv_brc_genome_amr	high
27381390	CVM N45949	SAMN03894180	BioSample	Salmonella enterica	amoxicillin-clavulanic_acid	amoxicillin/clavulanic acid	<=	1.0	mg/L	Susceptible	CLSI	Broth dilution	bv_brc_genome_amr	high
27381390	CVM N43821	SAMN03894093	BioSample	Salmonella enterica	amoxicillin-clavulanic_acid	amoxicillin/clavulanic acid	<=	1.0	mg/L	Susceptible	CLSI	Broth dilution	bv_brc_genome_amr	high
27381390	CVM N42453	SAMN02699345	BioSample	Salmonella enterica	azithromycin	azithromycin	=	2.0	mg/L	Susceptible	CLSI	Broth dilution	bv_brc_genome_amr	high
27381390	CVM N47719	SAMN03894249	BioSample	Salmonella enterica	azithromycin	azithromycin	=	4.0	mg/L	Susceptible	CLSI	Broth dilution	bv_brc_genome_amr	high
27381390	CVM N40395	SAMN02699318	BioSample	Salmonella enterica	ceftriaxone	ceftriaxone	=	32.0	mg/L	Resistant	CLSI	Broth dilution	bv_brc_genome_amr	high
27381390	CVM 43805	SAMN02911974	BioSample	Salmonella enterica	amoxicillin-clavulanic_acid	amoxicillin/clavulanic acid	>	32.0	mg/L	Resistant	CLSI	Broth dilution	bv_brc_genome_amr	high
27381390	CVM 43834	SAMN02912003	BioSample	Salmonella enterica	amoxicillin-clavulanic_acid	amoxicillin/clavulanic acid	<=	1.0	mg/L	Susceptible	CLSI	Broth dilution	bv_brc_genome_amr	high
27381390	CVM N48691	SAMN03894278	BioSample	Salmonella enterica	amoxicillin-clavulanic_acid	amoxicillin/clavulanic acid	=	8.0	mg/L	Susceptible	CLSI	Broth dilution	bv_brc_genome_amr	high
27381390	CVM N31397	SAMN02699234	BioSample	Salmonella enterica	ampicillin	ampicillin	<=	1.0	mg/L	Susceptible	CLSI	Broth dilution	bv_brc_genome_amr	high
27381390	CVM N42487	SAMN02699356	BioSample	Salmonella enterica	azithromycin	azithromycin	=	4.0	mg/L	Susceptible	CLSI	Broth dilution	bv_brc_genome_amr	high
27381390	CVM 43774	SAMN02911943	BioSample	Salmonella enterica	amoxicillin-clavulanic_acid	amoxicillin/clavulanic acid	<=	1.0	mg/L	Susceptible	CLSI	Broth dilution	bv_brc_genome_amr	high
27381390	CVM N43820	SAMN03894092	BioSample	Salmonella enterica	amoxicillin-clavulanic_acid	amoxicillin/clavulanic acid	<=	1.0	mg/L	Susceptible	CLSI	Broth dilution	bv_brc_genome_amr	high
27381390	CVM N29360	SAMN02699202	BioSample	Salmonella enterica	ampicillin	ampicillin	<=	1.0	mg/L	Susceptible	CLSI	Broth dilution	bv_brc_genome_amr	high
27381390	CVM N43471	SAMN03894080	BioSample	Salmonella enterica	ceftriaxone	ceftriaxone	<=	0.25	mg/L	Susceptible	CLSI	Broth dilution	bv_brc_genome_amr	high
27381390	CVM N43831	SAMN03894103	BioSample	Salmonella enterica	amoxicillin-clavulanic_acid	amoxicillin/clavulanic acid	=	8.0	mg/L	Susceptible	CLSI	Broth dilution	bv_brc_genome_amr	high
27381390	CVM N51302	SAMN03894393	BioSample	Salmonella enterica	ciprofloxacin	ciprofloxacin	<=	0.015	mg/L	Susceptible	CLSI	Broth dilution	bv_brc_genome_amr	high
27381390	CVM N48682	SAMN03894269	BioSample	Salmonella enterica	ciprofloxacin	ciprofloxacin	<=	0.015	mg/L	Susceptible	CLSI	Broth dilution	bv_brc_genome_amr	high
27381390	CVM N29382	SAMN02699210	BioSample	Salmonella enterica	ciprofloxacin	ciprofloxacin	=	0.03	mg/L	Susceptible	CLSI	Broth dilution	bv_brc_genome_amr	high
27381390	CVM N45935	SAMN03894169	BioSample	Salmonella enterica	ciprofloxacin	ciprofloxacin	<=	0.015	mg/L	Susceptible	CLSI	Broth dilution	bv_brc_genome_amr	high
27381390	CVM N44716	SAMN03894133	BioSample	Salmonella enterica	ampicillin	ampicillin	>	32.0	mg/L	Resistant	CLSI	Broth dilution	bv_brc_genome_amr	high
27381390	CVM N50427	SAMN03894307	BioSample	Salmonella enterica	amoxicillin-clavulanic_acid	amoxicillin/clavulanic acid	<=	1.0	mg/L	Susceptible	CLSI	Broth dilution	bv_brc_genome_amr	high
27381390	CVM 43836	SAMN02912005	BioSample	Salmonella enterica	ampicillin	ampicillin	>	32.0	mg/L	Resistant	CLSI	Broth dilution	bv_brc_genome_amr	high
27381390	CVM N45956	SAMN03894187	BioSample	Salmonella enterica	ampicillin	ampicillin	<=	1.0	mg/L	Susceptible	CLSI	Broth dilution	bv_brc_genome_amr	high
27381390	CVM N48707	SAMN03894294	BioSample	Salmonella enterica	ampicillin	ampicillin	>	32.0	mg/L	Resistant	CLSI	Broth dilution	bv_brc_genome_amr	high
27381390	CVM 43835	SAMN02912004	BioSample	Salmonella enterica	ciprofloxacin	ciprofloxacin	<=	0.015	mg/L	Susceptible	CLSI	Broth dilution	bv_brc_genome_amr	high
27381390	CVM N43827	SAMN03894099	BioSample	Salmonella enterica	ciprofloxacin	ciprofloxacin	<=	0.015	mg/L	Susceptible	CLSI	Broth dilution	bv_brc_genome_amr	high
27381390	CVM N51285	SAMN03894376	BioSample	Salmonella enterica	azithromycin	azithromycin	=	4.0	mg/L	Susceptible	CLSI	Broth dilution	bv_brc_genome_amr	high
27381390	CVM N45407	SAMN03894152	BioSample	Salmonella enterica	azithromycin	azithromycin	=	4.0	mg/L	Susceptible	CLSI	Broth dilution	bv_brc_genome_amr	high
27381390	CVM 43797	SAMN02911966	BioSample	Salmonella enterica	amoxicillin-clavulanic_acid	amoxicillin/clavulanic acid	<=	1.0	mg/L	Susceptible	CLSI	Broth dilution	bv_brc_genome_amr	high
27381390	CVM N51300	SAMN03894391	BioSample	Salmonella enterica	amoxicillin-clavulanic_acid	amoxicillin/clavulanic acid	>	32.0	mg/L	Resistant	CLSI	Broth dilution	bv_brc_genome_amr	high
27381390	CVM N38891	SAMN02699295	BioSample	Salmonella enterica	ceftriaxone	ceftriaxone	<=	0.25	mg/L	Susceptible	CLSI	Broth dilution	bv_brc_genome_amr	high
27381390	CVM N47729	SAMN03894259	BioSample	Salmonella enterica	ceftriaxone	ceftriaxone	<=	0.25	mg/L	Susceptible	CLSI	Broth dilution	bv_brc_genome_amr	high
27381390	CVM 43836	SAMN02912005	BioSample	Salmonella enterica	azithromycin	azithromycin	=	4.0	mg/L	Susceptible	CLSI	Broth dilution	bv_brc_genome_amr	high
27381390	CVM N38229	SAMN02699273	BioSample	Salmonella enterica	amoxicillin-clavulanic_acid	amoxicillin/clavulanic acid	<=	1.0	mg/L	Susceptible	CLSI	Broth dilution	bv_brc_genome_amr	high
27381390	CVM N50429	SAMN03894309	BioSample	Salmonella enterica	ampicillin	ampicillin	<=	1.0	mg/L	Susceptible	CLSI	Broth dilution	bv_brc_genome_amr	high
27381390	CVM N46846	SAMN03894225	BioSample	Salmonella enterica	ampicillin	ampicillin	>	32.0	mg/L	Resistant	CLSI	Broth dilution	bv_brc_genome_amr	high
27381390	CVM N51304	SAMN03894395	BioSample	Salmonella enterica	azithromycin	azithromycin	=	4.0	mg/L	Susceptible	CLSI	Broth dilution	bv_brc_genome_amr	high
27381390	CVM N51261	SAMN03894352	BioSample	Salmonella enterica	ampicillin	ampicillin	<=	1.0	mg/L	Susceptible	CLSI	Broth dilution	bv_brc_genome_amr	high
27381390	CVM N31593	SAMN02699242	BioSample	Salmonella enterica	ciprofloxacin	ciprofloxacin	<=	0.015	mg/L	Susceptible	CLSI	Broth dilution	bv_brc_genome_amr	high
27381390	CVM N45406	SAMN03894151	BioSample	Salmonella enterica	ceftriaxone	ceftriaxone	<=	0.25	mg/L	Susceptible	CLSI	Broth dilution	bv_brc_genome_amr	high
27381390	CVM 43754	SAMN02911923	BioSample	Salmonella enterica	azithromycin	azithromycin	=	4.0	mg/L	Susceptible	CLSI	Broth dilution	bv_brc_genome_amr	high
27381390	CVM 43817	SAMN02911986	BioSample	Salmonella enterica	ciprofloxacin	ciprofloxacin	=	0.5	mg/L	Susceptible	CLSI	Broth dilution	bv_brc_genome_amr	high
27381390	CVM 43766	SAMN02911935	BioSample	Salmonella enterica	ceftriaxone	ceftriaxone	=	2.0	mg/L	Susceptible	CLSI	Broth dilution	bv_brc_genome_amr	high
27381390	CVM N42458	SAMN02699346	BioSample	Salmonella enterica	ampicillin	ampicillin	>	32.0	mg/L	Resistant	CLSI	Broth dilution	bv_brc_genome_amr	high
27381390	CVM N45942	SAMN03894176	BioSample	Salmonella enterica	ceftriaxone	ceftriaxone	<=	0.25	mg/L	Susceptible	CLSI	Broth dilution	bv_brc_genome_amr	high
27381390	CVM N32064	SAMN02699254	BioSample	Salmonella enterica	azithromycin	azithromycin	=	2.0	mg/L	Susceptible	CLSI	Broth dilution	bv_brc_genome_amr	high
27381390	CVM N29338	SAMN02699195	BioSample	Salmonella enterica	ciprofloxacin	ciprofloxacin	<=	0.015	mg/L	Susceptible	CLSI	Broth dilution	bv_brc_genome_amr	high
27381390	CVM N37907	SAMN02699264	BioSample	Salmonella enterica	ciprofloxacin	ciprofloxacin	<=	0.015	mg/L	Susceptible	CLSI	Broth dilution	bv_brc_genome_amr	high
27381390	CVM N51307	SAMN03894398	BioSample	Salmonella enterica	amoxicillin-clavulanic_acid	amoxicillin/clavulanic acid	<=	1.0	mg/L	Susceptible	CLSI	Broth dilution	bv_brc_genome_amr	high
27381390	CVM N45937	SAMN03894171	BioSample	Salmonella enterica	azithromycin	azithromycin	=	2.0	mg/L	Susceptible	CLSI	Broth dilution	bv_brc_genome_amr	high
27381390	CVM N51281	SAMN03894372	BioSample	Salmonella enterica	azithromycin	azithromycin	=	8.0	mg/L	Susceptible	CLSI	Broth dilution	bv_brc_genome_amr	high
27381390	CVM N51281	SAMN03894372	BioSample	Salmonella enterica	ceftriaxone	ceftriaxone	=	64.0	mg/L	Resistant	CLSI	Broth dilution	bv_brc_genome_amr	high
27381390	CVM N48677	SAMN03894264	BioSample	Salmonella enterica	ciprofloxacin	ciprofloxacin	=	0.03	mg/L	Susceptible	CLSI	Broth dilution	bv_brc_genome_amr	high
27381390	CVM N43476	SAMN03894085	BioSample	Salmonella enterica	amoxicillin-clavulanic_acid	amoxicillin/clavulanic acid	<=	1.0	mg/L	Susceptible	CLSI	Broth dilution	bv_brc_genome_amr	high
27381390	CVM N46850	SAMN03894229	BioSample	Salmonella enterica	ciprofloxacin	ciprofloxacin	<=	0.015	mg/L	Susceptible	CLSI	Broth dilution	bv_brc_genome_amr	high
27381390	CVM N31410	SAMN02699237	BioSample	Salmonella enterica	azithromycin	azithromycin	=	2.0	mg/L	Susceptible	CLSI	Broth dilution	bv_brc_genome_amr	high
27381390	CVM N45400	SAMN03894145	BioSample	Salmonella enterica	azithromycin	azithromycin	=	4.0	mg/L	Susceptible	CLSI	Broth dilution	bv_brc_genome_amr	high
27381390	CVM N41734	SAMN02699326	BioSample	Salmonella enterica	amoxicillin-clavulanic_acid	amoxicillin/clavulanic acid	=	2.0	mg/L	Susceptible	CLSI	Broth dilution	bv_brc_genome_amr	high
27381390	CVM N38929	SAMN02699305	BioSample	Salmonella enterica	ceftriaxone	ceftriaxone	<=	0.25	mg/L	Susceptible	CLSI	Broth dilution	bv_brc_genome_amr	high
27381390	CVM N48706	SAMN03894293	BioSample	Salmonella enterica	azithromycin	azithromycin	=	8.0	mg/L	Susceptible	CLSI	Broth dilution	bv_brc_genome_amr	high
27381390	CVM 43807	SAMN02911976	BioSample	Salmonella enterica	amoxicillin-clavulanic_acid	amoxicillin/clavulanic acid	=	8.0	mg/L	Susceptible	CLSI	Broth dilution	bv_brc_genome_amr	high
27381390	CVM N29307	SAMN02699187	BioSample	Salmonella enterica	azithromycin	azithromycin	=	4.0	mg/L	Susceptible	CLSI	Broth dilution	bv_brc_genome_amr	high
27381390	CVM N32779	SAMN02699261	BioSample	Salmonella enterica	azithromycin	azithromycin	=	4.0	mg/L	Susceptible	CLSI	Broth dilution	bv_brc_genome_amr	high
27381390	CVM N32052	SAMN02699250	BioSample	Salmonella enterica	ciprofloxacin	ciprofloxacin	<=	0.015	mg/L	Susceptible	CLSI	Broth dilution	bv_brc_genome_amr	high
27381390	CVM N46855	SAMN03894234	BioSample	Salmonella enterica	ciprofloxacin	ciprofloxacin	<=	0.015	mg/L	Susceptible	CLSI	Broth dilution	bv_brc_genome_amr	high
27381390	CVM N32056	SAMN02699253	BioSample	Salmonella enterica	azithromycin	azithromycin	=	4.0	mg/L	Susceptible	CLSI	Broth dilution	bv_brc_genome_amr	high
27381390	CVM 43829	SAMN02911998	BioSample	Salmonella enterica	ampicillin	ampicillin	>	32.0	mg/L	Resistant	CLSI	Broth dilution	bv_brc_genome_amr	high
27381390	CVM N45939	SAMN03894173	BioSample	Salmonella enterica	ceftriaxone	ceftriaxone	<=	0.25	mg/L	Susceptible	CLSI	Broth dilution	bv_brc_genome_amr	high
27381390	CVM N44696	SAMN03894113	BioSample	Salmonella enterica	azithromycin	azithromycin	=	4.0	mg/L	Susceptible	CLSI	Broth dilution	bv_brc_genome_amr	high
27381390	CVM N29382	SAMN02699210	BioSample	Salmonella enterica	ampicillin	ampicillin	=	4.0	mg/L	Susceptible	CLSI	Broth dilution	bv_brc_genome_amr	high
27381390	CVM N42469	SAMN02699349	BioSample	Salmonella enterica	ciprofloxacin	ciprofloxacin	<=	0.015	mg/L	Susceptible	CLSI	Broth dilution	bv_brc_genome_amr	high
27381390	CVM 43769	SAMN02911938	BioSample	Salmonella enterica	ceftriaxone	ceftriaxone	=	16.0	mg/L	Resistant	CLSI	Broth dilution	bv_brc_genome_amr	high
27381390	CVM N44703	SAMN03894120	BioSample	Salmonella enterica	ceftriaxone	ceftriaxone	<=	0.25	mg/L	Susceptible	CLSI	Broth dilution	bv_brc_genome_amr	high
27381390	CVM N47730	SAMN03894260	BioSample	Salmonella enterica	azithromycin	azithromycin	=	4.0	mg/L	Susceptible	CLSI	Broth dilution	bv_brc_genome_amr	high
27381390	CVM N38238	SAMN02699277	BioSample	Salmonella enterica	azithromycin	azithromycin	=	4.0	mg/L	Susceptible	CLSI	Broth dilution	bv_brc_genome_amr	high
27381390	CVM N46825	SAMN03894204	BioSample	Salmonella enterica	ampicillin	ampicillin	<=	1.0	mg/L	Susceptible	CLSI	Broth dilution	bv_brc_genome_amr	high
27381390	CVM N45395	SAMN03894140	BioSample	Salmonella enterica	ceftriaxone	ceftriaxone	<=	0.25	mg/L	Susceptible	CLSI	Broth dilution	bv_brc_genome_amr	high
27381390	CVM N45405	SAMN03894150	BioSample	Salmonella enterica	ampicillin	ampicillin	>	32.0	mg/L	Resistant	CLSI	Broth dilution	bv_brc_genome_amr	high
27381390	CVM N42336	SAMN02699341	BioSample	Salmonella enterica	ceftriaxone	ceftriaxone	=	16.0	mg/L	Resistant	CLSI	Broth dilution	bv_brc_genome_amr	high
27381390	CVM N41747	SAMN02699328	BioSample	Salmonella enterica	amoxicillin-clavulanic_acid	amoxicillin/clavulanic acid	<=	1.0	mg/L	Susceptible	CLSI	Broth dilution	bv_brc_genome_amr	high
27381390	CVM N45397	SAMN03894142	BioSample	Salmonella enterica	ciprofloxacin	ciprofloxacin	<=	0.015	mg/L	Susceptible	CLSI	Broth dilution	bv_brc_genome_amr	high
27381390	CVM N38917	SAMN02699302	BioSample	Salmonella enterica	ampicillin	ampicillin	<=	1.0	mg/L	Susceptible	CLSI	Broth dilution	bv_brc_genome_amr	high
27381390	CVM N42500	SAMN02699358	BioSample	Salmonella enterica	ampicillin	ampicillin	>	32.0	mg/L	Resistant	CLSI	Broth dilution	bv_brc_genome_amr	high
27381390	CVM N46839	SAMN03894218	BioSample	Salmonella enterica	ciprofloxacin	ciprofloxacin	=	0.03	mg/L	Susceptible	CLSI	Broth dilution	bv_brc_genome_amr	high
27381390	CVM N30677	SAMN02699221	BioSample	Salmonella enterica	amoxicillin-clavulanic_acid	amoxicillin/clavulanic acid	=	8.0	mg/L	Susceptible	CLSI	Broth dilution	bv_brc_genome_amr	high
27381390	CVM N50421	SAMN03894301	BioSample	Salmonella enterica	ciprofloxacin	ciprofloxacin	<=	0.015	mg/L	Susceptible	CLSI	Broth dilution	bv_brc_genome_amr	high
27381390	CVM 43759	SAMN02911928	BioSample	Salmonella enterica	ciprofloxacin	ciprofloxacin	<=	0.015	mg/L	Susceptible	CLSI	Broth dilution	bv_brc_genome_amr	high
27381390	CVM N50421	SAMN03894301	BioSample	Salmonella enterica	amoxicillin-clavulanic_acid	amoxicillin/clavulanic acid	<=	1.0	mg/L	Susceptible	CLSI	Broth dilution	bv_brc_genome_amr	high
27381390	CVM N43472	SAMN03894081	BioSample	Salmonella enterica	ceftriaxone	ceftriaxone	<=	0.25	mg/L	Susceptible	CLSI	Broth dilution	bv_brc_genome_amr	high
27381390	CVM N43455	SAMN03894064	BioSample	Salmonella enterica	amoxicillin-clavulanic_acid	amoxicillin/clavulanic acid	>	32.0	mg/L	Resistant	CLSI	Broth dilution	bv_brc_genome_amr	high
27381390	CVM N48696	SAMN03894283	BioSample	Salmonella enterica	ampicillin	ampicillin	<=	1.0	mg/L	Susceptible	CLSI	Broth dilution	bv_brc_genome_amr	high
27381390	CVM N47729	SAMN03894259	BioSample	Salmonella enterica	amoxicillin-clavulanic_acid	amoxicillin/clavulanic acid	<=	1.0	mg/L	Susceptible	CLSI	Broth dilution	bv_brc_genome_amr	high
27381390	CVM 43755	SAMN02911924	BioSample	Salmonella enterica	azithromycin	azithromycin	=	4.0	mg/L	Susceptible	CLSI	Broth dilution	bv_brc_genome_amr	high
27381390	CVM N46850	SAMN03894229	BioSample	Salmonella enterica	amoxicillin-clavulanic_acid	amoxicillin/clavulanic acid	<=	1.0	mg/L	Susceptible	CLSI	Broth dilution	bv_brc_genome_amr	high
27381390	CVM N40379	SAMN02699314	BioSample	Salmonella enterica	ampicillin	ampicillin	>	32.0	mg/L	Resistant	CLSI	Broth dilution	bv_brc_genome_amr	high
27381390	CVM N48687	SAMN03894274	BioSample	Salmonella enterica	ceftriaxone	ceftriaxone	<=	0.25	mg/L	Susceptible	CLSI	Broth dilution	bv_brc_genome_amr	high
27381390	CVM N45944	SAMN03894178	BioSample	Salmonella enterica	amoxicillin-clavulanic_acid	amoxicillin/clavulanic acid	<=	1.0	mg/L	Susceptible	CLSI	Broth dilution	bv_brc_genome_amr	high
27381390	CVM N43458	SAMN03894067	BioSample	Salmonella enterica	amoxicillin-clavulanic_acid	amoxicillin/clavulanic acid	<=	1.0	mg/L	Susceptible	CLSI	Broth dilution	bv_brc_genome_amr	high
27381390	CVM N43452	SAMN03894061	BioSample	Salmonella enterica	azithromycin	azithromycin	=	4.0	mg/L	Susceptible	CLSI	Broth dilution	bv_brc_genome_amr	high
27381390	CVM N51276	SAMN03894367	BioSample	Salmonella enterica	azithromycin	azithromycin	=	4.0	mg/L	Susceptible	CLSI	Broth dilution	bv_brc_genome_amr	high
27381390	CVM N29378	SAMN02699208	BioSample	Salmonella enterica	amoxicillin-clavulanic_acid	amoxicillin/clavulanic acid	=	4.0	mg/L	Susceptible	CLSI	Broth dilution	bv_brc_genome_amr	high
27381390	CVM N51284	SAMN03894375	BioSample	Salmonella enterica	ceftriaxone	ceftriaxone	<=	0.25	mg/L	Susceptible	CLSI	Broth dilution	bv_brc_genome_amr	high
27381390	CVM N37907	SAMN02699264	BioSample	Salmonella enterica	amoxicillin-clavulanic_acid	amoxicillin/clavulanic acid	=	8.0	mg/L	Susceptible	CLSI	Broth dilution	bv_brc_genome_amr	high
27381390	CVM N30671	SAMN02699219	BioSample	Salmonella enterica	ampicillin	ampicillin	>	32.0	mg/L	Resistant	CLSI	Broth dilution	bv_brc_genome_amr	high
27381390	CVM N51303	SAMN03894394	BioSample	Salmonella enterica	azithromycin	azithromycin	=	4.0	mg/L	Susceptible	CLSI	Broth dilution	bv_brc_genome_amr	high
27381390	CVM N29385	SAMN02699212	BioSample	Salmonella enterica	azithromycin	azithromycin	=	4.0	mg/L	Susceptible	CLSI	Broth dilution	bv_brc_genome_amr	high
27381390	CVM N29323	SAMN02699194	BioSample	Salmonella enterica	azithromycin	azithromycin	=	4.0	mg/L	Susceptible	CLSI	Broth dilution	bv_brc_genome_amr	high
27381390	CVM N30642	SAMN02699213	BioSample	Salmonella enterica	amoxicillin-clavulanic_acid	amoxicillin/clavulanic acid	=	16.0	mg/L	Susceptible	CLSI	Broth dilution	bv_brc_genome_amr	high
27381390	CVM N45951	SAMN03894182	BioSample	Salmonella enterica	ciprofloxacin	ciprofloxacin	<=	0.015	mg/L	Susceptible	CLSI	Broth dilution	bv_brc_genome_amr	high
27381390	CVM N37917	SAMN02699266	BioSample	Salmonella enterica	ceftriaxone	ceftriaxone	<=	0.25	mg/L	Susceptible	CLSI	Broth dilution	bv_brc_genome_amr	high
27381390	CVM N41909	SAMN02699333	BioSample	Salmonella enterica	ampicillin	ampicillin	<=	1.0	mg/L	Susceptible	CLSI	Broth dilution	bv_brc_genome_amr	high
27381390	CVM N31397	SAMN02699234	BioSample	Salmonella enterica	azithromycin	azithromycin	=	4.0	mg/L	Susceptible	CLSI	Broth dilution	bv_brc_genome_amr	high
27381390	CVM N48688	SAMN03894275	BioSample	Salmonella enterica	azithromycin	azithromycin	=	2.0	mg/L	Susceptible	CLSI	Broth dilution	bv_brc_genome_amr	high
27381390	CVM N37917	SAMN02699266	BioSample	Salmonella enterica	ciprofloxacin	ciprofloxacin	<=	0.015	mg/L	Susceptible	CLSI	Broth dilution	bv_brc_genome_amr	high
27381390	CVM N32781	SAMN02699262	BioSample	Salmonella enterica	azithromycin	azithromycin	=	4.0	mg/L	Susceptible	CLSI	Broth dilution	bv_brc_genome_amr	high
27381390	CVM N40387	SAMN02699317	BioSample	Salmonella enterica	ceftriaxone	ceftriaxone	<=	0.25	mg/L	Susceptible	CLSI	Broth dilution	bv_brc_genome_amr	high
27381390	CVM N50442	SAMN03894322	BioSample	Salmonella enterica	ciprofloxacin	ciprofloxacin	<=	0.015	mg/L	Susceptible	CLSI	Broth dilution	bv_brc_genome_amr	high
27381390	CVM N38861	SAMN02699284	BioSample	Salmonella enterica	amoxicillin-clavulanic_acid	amoxicillin/clavulanic acid	<=	1.0	mg/L	Susceptible	CLSI	Broth dilution	bv_brc_genome_amr	high
27381390	CVM N38864	SAMN02699285	BioSample	Salmonella enterica	azithromycin	azithromycin	=	4.0	mg/L	Susceptible	CLSI	Broth dilution	bv_brc_genome_amr	high
27381390	CVM N48692	SAMN03894279	BioSample	Salmonella enterica	ampicillin	ampicillin	>	32.0	mg/L	Resistant	CLSI	Broth dilution	bv_brc_genome_amr	high
27381390	CVM N46856	SAMN03894235	BioSample	Salmonella enterica	ciprofloxacin	ciprofloxacin	<=	0.015	mg/L	Susceptible	CLSI	Broth dilution	bv_brc_genome_amr	high
27381390	CVM N42479	SAMN02699353	BioSample	Salmonella enterica	amoxicillin-clavulanic_acid	amoxicillin/clavulanic acid	<=	1.0	mg/L	Susceptible	CLSI	Broth dilution	bv_brc_genome_amr	high
27381390	CVM 43827	SAMN02911996	BioSample	Salmonella enterica	amoxicillin-clavulanic_acid	amoxicillin/clavulanic acid	=	8.0	mg/L	Susceptible	CLSI	Broth dilution	bv_brc_genome_amr	high
27381390	CVM N50440	SAMN03894320	BioSample	Salmonella enterica	azithromycin	azithromycin	=	4.0	mg/L	Susceptible	CLSI	Broth dilution	bv_brc_genome_amr	high
27381390	CVM N45933	SAMN03894167	BioSample	Salmonella enterica	amoxicillin-clavulanic_acid	amoxicillin/clavulanic acid	<=	1.0	mg/L	Susceptible	CLSI	Broth dilution	bv_brc_genome_amr	high
27381390	CVM N46853	SAMN03894232	BioSample	Salmonella enterica	ampicillin	ampicillin	>	32.0	mg/L	Resistant	CLSI	Broth dilution	bv_brc_genome_amr	high
27381390	CVM N47711	SAMN03894241	BioSample	Salmonella enterica	ceftriaxone	ceftriaxone	<=	0.25	mg/L	Susceptible	CLSI	Broth dilution	bv_brc_genome_amr	high
27381390	CVM N48711	SAMN03894297	BioSample	Salmonella enterica	ampicillin	ampicillin	<=	1.0	mg/L	Susceptible	CLSI	Broth dilution	bv_brc_genome_amr	high
27381390	CVM N46819	SAMN03894198	BioSample	Salmonella enterica	ampicillin	ampicillin	>	32.0	mg/L	Resistant	CLSI	Broth dilution	bv_brc_genome_amr	high
27381390	CVM N44696	SAMN03894113	BioSample	Salmonella enterica	amoxicillin-clavulanic_acid	amoxicillin/clavulanic acid	=	8.0	mg/L	Susceptible	CLSI	Broth dilution	bv_brc_genome_amr	high
27381390	CVM N51284	SAMN03894375	BioSample	Salmonella enterica	ciprofloxacin	ciprofloxacin	<=	0.015	mg/L	Susceptible	CLSI	Broth dilution	bv_brc_genome_amr	high
27381390	CVM N46844	SAMN03894223	BioSample	Salmonella enterica	ciprofloxacin	ciprofloxacin	=	0.03	mg/L	Susceptible	CLSI	Broth dilution	bv_brc_genome_amr	high
27381390	CVM N48710	SAMN03894296	BioSample	Salmonella enterica	amoxicillin-clavulanic_acid	amoxicillin/clavulanic acid	<=	1.0	mg/L	Susceptible	CLSI	Broth dilution	bv_brc_genome_amr	high
27381390	CVM 43829	SAMN02911998	BioSample	Salmonella enterica	ciprofloxacin	ciprofloxacin	<=	0.015	mg/L	Susceptible	CLSI	Broth dilution	bv_brc_genome_amr	high
27381390	CVM 43802	SAMN02911971	BioSample	Salmonella enterica	ampicillin	ampicillin	<=	1.0	mg/L	Susceptible	CLSI	Broth dilution	bv_brc_genome_amr	high
27381390	CVM 43763	SAMN02911932	BioSample	Salmonella enterica	azithromycin	azithromycin	=	4.0	mg/L	Susceptible	CLSI	Broth dilution	bv_brc_genome_amr	high
27381390	CVM N40374	SAMN02699312	BioSample	Salmonella enterica	azithromycin	azithromycin	=	8.0	mg/L	Susceptible	CLSI	Broth dilution	bv_brc_genome_amr	high
27381390	CVM N29351	SAMN02699199	BioSample	Salmonella enterica	azithromycin	azithromycin	=	4.0	mg/L	Susceptible	CLSI	Broth dilution	bv_brc_genome_amr	high
27381390	CVM N29363	SAMN02699204	BioSample	Salmonella enterica	ampicillin	ampicillin	<=	1.0	mg/L	Susceptible	CLSI	Broth dilution	bv_brc_genome_amr	high
27381390	CVM N41924	SAMN02699335	BioSample	Salmonella enterica	azithromycin	azithromycin	=	2.0	mg/L	Susceptible	CLSI	Broth dilution	bv_brc_genome_amr	high
27381390	CVM 43794	SAMN02911963	BioSample	Salmonella enterica	ampicillin	ampicillin	<=	1.0	mg/L	Susceptible	CLSI	Broth dilution	bv_brc_genome_amr	high
27381390	CVM N43476	SAMN03894085	BioSample	Salmonella enterica	azithromycin	azithromycin	=	4.0	mg/L	Susceptible	CLSI	Broth dilution	bv_brc_genome_amr	high
27381390	CVM N29323	SAMN02699194	BioSample	Salmonella enterica	amoxicillin-clavulanic_acid	amoxicillin/clavulanic acid	>	32.0	mg/L	Resistant	CLSI	Broth dilution	bv_brc_genome_amr	high
27381390	CVM N43823	SAMN03894095	BioSample	Salmonella enterica	ciprofloxacin	ciprofloxacin	<=	0.015	mg/L	Susceptible	CLSI	Broth dilution	bv_brc_genome_amr	high
27381390	CVM N43477	SAMN03894086	BioSample	Salmonella enterica	ceftriaxone	ceftriaxone	<=	0.25	mg/L	Susceptible	CLSI	Broth dilution	bv_brc_genome_amr	high
27381390	CVM N46823	SAMN03894202	BioSample	Salmonella enterica	amoxicillin-clavulanic_acid	amoxicillin/clavulanic acid	=	8.0	mg/L	Susceptible	CLSI	Broth dilution	bv_brc_genome_amr	high
27381390	CVM N46829	SAMN03894208	BioSample	Salmonella enterica	ciprofloxacin	ciprofloxacin	<=	0.015	mg/L	Susceptible	CLSI	Broth dilution	bv_brc_genome_amr	high
27381390	CVM 43787	SAMN02911956	BioSample	Salmonella enterica	ciprofloxacin	ciprofloxacin	<=	0.015	mg/L	Susceptible	CLSI	Broth dilution	bv_brc_genome_amr	high
27381390	CVM N51270	SAMN03894361	BioSample	Salmonella enterica	ceftriaxone	ceftriaxone	<=	0.25	mg/L	Susceptible	CLSI	Broth dilution	bv_brc_genome_amr	high
27381390	CVM N41895	SAMN02699329	BioSample	Salmonella enterica	ciprofloxacin	ciprofloxacin	=	0.03	mg/L	Susceptible	CLSI	Broth dilution	bv_brc_genome_amr	high
27381390	CVM N29317	SAMN02699192	BioSample	Salmonella enterica	amoxicillin-clavulanic_acid	amoxicillin/clavulanic acid	=	8.0	mg/L	Susceptible	CLSI	Broth dilution	bv_brc_genome_amr	high
27381390	CVM N51299	SAMN03894390	BioSample	Salmonella enterica	azithromycin	azithromycin	=	4.0	mg/L	Susceptible	CLSI	Broth dilution	bv_brc_genome_amr	high
27381390	CVM N48694	SAMN03894281	BioSample	Salmonella enterica	ampicillin	ampicillin	<=	1.0	mg/L	Susceptible	CLSI	Broth dilution	bv_brc_genome_amr	high
27381390	CVM N43827	SAMN03894099	BioSample	Salmonella enterica	ceftriaxone	ceftriaxone	<=	0.25	mg/L	Susceptible	CLSI	Broth dilution	bv_brc_genome_amr	high
27381390	CVM N45396	SAMN03894141	BioSample	Salmonella enterica	azithromycin	azithromycin	=	4.0	mg/L	Susceptible	CLSI	Broth dilution	bv_brc_genome_amr	high
27381390	CVM 43797	SAMN02911966	BioSample	Salmonella enterica	ampicillin	ampicillin	<=	1.0	mg/L	Susceptible	CLSI	Broth dilution	bv_brc_genome_amr	high
27381390	CVM 43820	SAMN02911989	BioSample	Salmonella enterica	ciprofloxacin	ciprofloxacin	<=	0.015	mg/L	Susceptible	CLSI	Broth dilution	bv_brc_genome_amr	high
27381390	CVM N42528	SAMN02699365	BioSample	Salmonella enterica	ceftriaxone	ceftriaxone	<=	0.25	mg/L	Susceptible	CLSI	Broth dilution	bv_brc_genome_amr	high
27381390	CVM N29309	SAMN02699188	BioSample	Salmonella enterica	ampicillin	ampicillin	<=	1.0	mg/L	Susceptible	CLSI	Broth dilution	bv_brc_genome_amr	high
27381390	CVM 43805	SAMN02911974	BioSample	Salmonella enterica	ceftriaxone	ceftriaxone	=	32.0	mg/L	Resistant	CLSI	Broth dilution	bv_brc_genome_amr	high
27381390	CVM N46853	SAMN03894232	BioSample	Salmonella enterica	amoxicillin-clavulanic_acid	amoxicillin/clavulanic acid	=	8.0	mg/L	Susceptible	CLSI	Broth dilution	bv_brc_genome_amr	high
27381390	CVM N43822	SAMN03894094	BioSample	Salmonella enterica	ampicillin	ampicillin	<=	1.0	mg/L	Susceptible	CLSI	Broth dilution	bv_brc_genome_amr	high
27381390	CVM N45400	SAMN03894145	BioSample	Salmonella enterica	ceftriaxone	ceftriaxone	<=	0.25	mg/L	Susceptible	CLSI	Broth dilution	bv_brc_genome_amr	high
27381390	CVM N41913	SAMN02699334	BioSample	Salmonella enterica	amoxicillin-clavulanic_acid	amoxicillin/clavulanic acid	<=	1.0	mg/L	Susceptible	CLSI	Broth dilution	bv_brc_genome_amr	high
27381390	CVM N44709	SAMN03894126	BioSample	Salmonella enterica	amoxicillin-clavulanic_acid	amoxicillin/clavulanic acid	>	32.0	mg/L	Resistant	CLSI	Broth dilution	bv_brc_genome_amr	high
27381390	CVM N44709	SAMN03894126	BioSample	Salmonella enterica	ceftriaxone	ceftriaxone	=	8.0	mg/L	Resistant	CLSI	Broth dilution	bv_brc_genome_amr	high
27381390	CVM N45952	SAMN03894183	BioSample	Salmonella enterica	ceftriaxone	ceftriaxone	<=	0.25	mg/L	Susceptible	CLSI	Broth dilution	bv_brc_genome_amr	high
27381390	CVM N45926	SAMN03894160	BioSample	Salmonella enterica	azithromycin	azithromycin	=	4.0	mg/L	Susceptible	CLSI	Broth dilution	bv_brc_genome_amr	high
27381390	CVM N29339	SAMN02699196	BioSample	Salmonella enterica	azithromycin	azithromycin	=	4.0	mg/L	Susceptible	CLSI	Broth dilution	bv_brc_genome_amr	high
27381390	CVM N46846	SAMN03894225	BioSample	Salmonella enterica	amoxicillin-clavulanic_acid	amoxicillin/clavulanic acid	=	8.0	mg/L	Susceptible	CLSI	Broth dilution	bv_brc_genome_amr	high
27381390	CVM N46854	SAMN03894233	BioSample	Salmonella enterica	ampicillin	ampicillin	<=	1.0	mg/L	Susceptible	CLSI	Broth dilution	bv_brc_genome_amr	high
27381390	CVM N32042	SAMN02699246	BioSample	Salmonella enterica	azithromycin	azithromycin	=	4.0	mg/L	Susceptible	CLSI	Broth dilution	bv_brc_genome_amr	high
27381390	CVM N43458	SAMN03894067	BioSample	Salmonella enterica	azithromycin	azithromycin	=	4.0	mg/L	Susceptible	CLSI	Broth dilution	bv_brc_genome_amr	high
27381390	CVM N32750	SAMN02699255	BioSample	Salmonella enterica	azithromycin	azithromycin	=	4.0	mg/L	Susceptible	CLSI	Broth dilution	bv_brc_genome_amr	high
27381390	CVM N42458	SAMN02699346	BioSample	Salmonella enterica	amoxicillin-clavulanic_acid	amoxicillin/clavulanic acid	>	32.0	mg/L	Resistant	CLSI	Broth dilution	bv_brc_genome_amr	high
27381390	CVM N44715	SAMN03894132	BioSample	Salmonella enterica	ceftriaxone	ceftriaxone	<=	0.25	mg/L	Susceptible	CLSI	Broth dilution	bv_brc_genome_amr	high
27381390	CVM N38914	SAMN02699301	BioSample	Salmonella enterica	azithromycin	azithromycin	=	4.0	mg/L	Susceptible	CLSI	Broth dilution	bv_brc_genome_amr	high
27381390	CVM N46811	SAMN03894191	BioSample	Salmonella enterica	amoxicillin-clavulanic_acid	amoxicillin/clavulanic acid	<=	1.0	mg/L	Susceptible	CLSI	Broth dilution	bv_brc_genome_amr	high
27381390	CVM N43825	SAMN03894097	BioSample	Salmonella enterica	ceftriaxone	ceftriaxone	<=	0.25	mg/L	Susceptible	CLSI	Broth dilution	bv_brc_genome_amr	high
27381390	CVM N42451	SAMN02699344	BioSample	Salmonella enterica	azithromycin	azithromycin	=	4.0	mg/L	Susceptible	CLSI	Broth dilution	bv_brc_genome_amr	high
27381390	CVM N41913	SAMN02699334	BioSample	Salmonella enterica	ceftriaxone	ceftriaxone	<=	0.25	mg/L	Susceptible	CLSI	Broth dilution	bv_brc_genome_amr	high
27381390	CVM 43842	SAMN02912011	BioSample	Salmonella enterica	amoxicillin-clavulanic_acid	amoxicillin/clavulanic acid	<=	1.0	mg/L	Susceptible	CLSI	Broth dilution	bv_brc_genome_amr	high
27381390	CVM N31384	SAMN02699230	BioSample	Salmonella enterica	ciprofloxacin	ciprofloxacin	<=	0.015	mg/L	Susceptible	CLSI	Broth dilution	bv_brc_genome_amr	high
27381390	CVM N45943	SAMN03894177	BioSample	Salmonella enterica	ciprofloxacin	ciprofloxacin	=	0.03	mg/L	Susceptible	CLSI	Broth dilution	bv_brc_genome_amr	high
27381390	CVM N30663	SAMN02699217	BioSample	Salmonella enterica	amoxicillin-clavulanic_acid	amoxicillin/clavulanic acid	=	32.0	mg/L	Resistant	CLSI	Broth dilution	bv_brc_genome_amr	high
27381390	CVM 43776	SAMN02911945	BioSample	Salmonella enterica	ampicillin	ampicillin	>	32.0	mg/L	Resistant	CLSI	Broth dilution	bv_brc_genome_amr	high
27381390	CVM N45958	SAMN03894189	BioSample	Salmonella enterica	azithromycin	azithromycin	=	4.0	mg/L	Susceptible	CLSI	Broth dilution	bv_brc_genome_amr	high
27381390	CVM 43760	SAMN02911929	BioSample	Salmonella enterica	ampicillin	ampicillin	<=	1.0	mg/L	Susceptible	CLSI	Broth dilution	bv_brc_genome_amr	high
27381390	CVM N31394	SAMN02699232	BioSample	Salmonella enterica	azithromycin	azithromycin	=	4.0	mg/L	Susceptible	CLSI	Broth dilution	bv_brc_genome_amr	high
27381390	CVM 43783	SAMN02911952	BioSample	Salmonella enterica	ceftriaxone	ceftriaxone	<=	0.25	mg/L	Susceptible	CLSI	Broth dilution	bv_brc_genome_amr	high
27381390	CVM N38864	SAMN02699285	BioSample	Salmonella enterica	amoxicillin-clavulanic_acid	amoxicillin/clavulanic acid	<=	1.0	mg/L	Susceptible	CLSI	Broth dilution	bv_brc_genome_amr	high
27381390	CVM N31412	SAMN02699239	BioSample	Salmonella enterica	ampicillin	ampicillin	<=	1.0	mg/L	Susceptible	CLSI	Broth dilution	bv_brc_genome_amr	high
27381390	CVM N31414	SAMN02699240	BioSample	Salmonella enterica	azithromycin	azithromycin	=	4.0	mg/L	Susceptible	CLSI	Broth dilution	bv_brc_genome_amr	high
27381390	CVM 43756	SAMN02911925	BioSample	Salmonella enterica	ceftriaxone	ceftriaxone	<=	0.25	mg/L	Susceptible	CLSI	Broth dilution	bv_brc_genome_amr	high
27381390	CVM N43480	SAMN03894089	BioSample	Salmonella enterica	azithromycin	azithromycin	=	4.0	mg/L	Susceptible	CLSI	Broth dilution	bv_brc_genome_amr	high
27381390	CVM N30705	SAMN02699228	BioSample	Salmonella enterica	ampicillin	ampicillin	=	2.0	mg/L	Susceptible	CLSI	Broth dilution	bv_brc_genome_amr	high
27381390	CVM N29378	SAMN02699208	BioSample	Salmonella enterica	ampicillin	ampicillin	<=	1.0	mg/L	Susceptible	CLSI	Broth dilution	bv_brc_genome_amr	high
27381390	CVM N47725	SAMN03894255	BioSample	Salmonella enterica	azithromycin	azithromycin	=	4.0	mg/L	Susceptible	CLSI	Broth dilution	bv_brc_genome_amr	high
27381390	CVM N51257	SAMN03894348	BioSample	Salmonella enterica	amoxicillin-clavulanic_acid	amoxicillin/clavulanic acid	<=	1.0	mg/L	Susceptible	CLSI	Broth dilution	bv_brc_genome_amr	high
27381390	CVM N39866	SAMN02699309	BioSample	Salmonella enterica	amoxicillin-clavulanic_acid	amoxicillin/clavulanic acid	>	32.0	mg/L	Resistant	CLSI	Broth dilution	bv_brc_genome_amr	high
27381390	CVM N37910	SAMN02699265	BioSample	Salmonella enterica	ampicillin	ampicillin	<=	1.0	mg/L	Susceptible	CLSI	Broth dilution	bv_brc_genome_amr	high
27381390	CVM N43471	SAMN03894080	BioSample	Salmonella enterica	amoxicillin-clavulanic_acid	amoxicillin/clavulanic acid	<=	1.0	mg/L	Susceptible	CLSI	Broth dilution	bv_brc_genome_amr	high
27381390	CVM N48680	SAMN03894267	BioSample	Salmonella enterica	ciprofloxacin	ciprofloxacin	<=	0.015	mg/L	Susceptible	CLSI	Broth dilution	bv_brc_genome_amr	high
27381390	CVM N50439	SAMN03894319	BioSample	Salmonella enterica	ampicillin	ampicillin	<=	1.0	mg/L	Susceptible	CLSI	Broth dilution	bv_brc_genome_amr	high
27381390	CVM 43748	SAMN02911917	BioSample	Salmonella enterica	amoxicillin-clavulanic_acid	amoxicillin/clavulanic acid	<=	1.0	mg/L	Susceptible	CLSI	Broth dilution	bv_brc_genome_amr	high
27381390	CVM N51289	SAMN03894380	BioSample	Salmonella enterica	ampicillin	ampicillin	=	2.0	mg/L	Susceptible	CLSI	Broth dilution	bv_brc_genome_amr	high
27381390	CVM N51291	SAMN03894382	BioSample	Salmonella enterica	ceftriaxone	ceftriaxone	<=	0.25	mg/L	Susceptible	CLSI	Broth dilution	bv_brc_genome_amr	high
27381390	CVM N46844	SAMN03894223	BioSample	Salmonella enterica	ceftriaxone	ceftriaxone	=	16.0	mg/L	Resistant	CLSI	Broth dilution	bv_brc_genome_amr	high
27381390	CVM N43834	SAMN03894106	BioSample	Salmonella enterica	ciprofloxacin	ciprofloxacin	=	0.03	mg/L	Susceptible	CLSI	Broth dilution	bv_brc_genome_amr	high
27381390	CVM N38891	SAMN02699295	BioSample	Salmonella enterica	ciprofloxacin	ciprofloxacin	<=	0.015	mg/L	Susceptible	CLSI	Broth dilution	bv_brc_genome_amr	high
27381390	CVM N46842	SAMN03894221	BioSample	Salmonella enterica	ampicillin	ampicillin	<=	1.0	mg/L	Susceptible	CLSI	Broth dilution	bv_brc_genome_amr	high
27381390	CVM N50436	SAMN03894316	BioSample	Salmonella enterica	amoxicillin-clavulanic_acid	amoxicillin/clavulanic acid	<=	1.0	mg/L	Susceptible	CLSI	Broth dilution	bv_brc_genome_amr	high
27381390	CVM N45402	SAMN03894147	BioSample	Salmonella enterica	ciprofloxacin	ciprofloxacin	<=	0.015	mg/L	Susceptible	CLSI	Broth dilution	bv_brc_genome_amr	high
27381390	CVM N46837	SAMN03894216	BioSample	Salmonella enterica	ceftriaxone	ceftriaxone	<=	0.25	mg/L	Susceptible	CLSI	Broth dilution	bv_brc_genome_amr	high
27381390	CVM N46824	SAMN03894203	BioSample	Salmonella enterica	azithromycin	azithromycin	=	4.0	mg/L	Susceptible	CLSI	Broth dilution	bv_brc_genome_amr	high
27381390	CVM 43787	SAMN02911956	BioSample	Salmonella enterica	ceftriaxone	ceftriaxone	<=	0.25	mg/L	Susceptible	CLSI	Broth dilution	bv_brc_genome_amr	high
27381390	CVM N47720	SAMN03894250	BioSample	Salmonella enterica	amoxicillin-clavulanic_acid	amoxicillin/clavulanic acid	<=	1.0	mg/L	Susceptible	CLSI	Broth dilution	bv_brc_genome_amr	high
27381390	CVM N43449	SAMN03894058	BioSample	Salmonella enterica	ceftriaxone	ceftriaxone	<=	0.25	mg/L	Susceptible	CLSI	Broth dilution	bv_brc_genome_amr	high
27381390	CVM N43481	SAMN03894090	BioSample	Salmonella enterica	ceftriaxone	ceftriaxone	<=	0.25	mg/L	Susceptible	CLSI	Broth dilution	bv_brc_genome_amr	high
27381390	CVM N48692	SAMN03894279	BioSample	Salmonella enterica	amoxicillin-clavulanic_acid	amoxicillin/clavulanic acid	>	32.0	mg/L	Resistant	CLSI	Broth dilution	bv_brc_genome_amr	high
27381390	CVM N48703	SAMN03894290	BioSample	Salmonella enterica	ciprofloxacin	ciprofloxacin	<=	0.015	mg/L	Susceptible	CLSI	Broth dilution	bv_brc_genome_amr	high
27381390	CVM N50447	SAMN03894327	BioSample	Salmonella enterica	ceftriaxone	ceftriaxone	<=	0.25	mg/L	Susceptible	CLSI	Broth dilution	bv_brc_genome_amr	high
27381390	CVM N45931	SAMN03894165	BioSample	Salmonella enterica	ampicillin	ampicillin	<=	1.0	mg/L	Susceptible	CLSI	Broth dilution	bv_brc_genome_amr	high
27381390	CVM N48577	SAMN03894261	BioSample	Salmonella enterica	ampicillin	ampicillin	<=	1.0	mg/L	Susceptible	CLSI	Broth dilution	bv_brc_genome_amr	high
27381390	CVM N41909	SAMN02699333	BioSample	Salmonella enterica	azithromycin	azithromycin	=	2.0	mg/L	Susceptible	CLSI	Broth dilution	bv_brc_genome_amr	high
27381390	CVM N48706	SAMN03894293	BioSample	Salmonella enterica	ceftriaxone	ceftriaxone	<=	0.25	mg/L	Susceptible	CLSI	Broth dilution	bv_brc_genome_amr	high
27381390	CVM 43743	SAMN02911912	BioSample	Salmonella enterica	azithromycin	azithromycin	=	4.0	mg/L	Susceptible	CLSI	Broth dilution	bv_brc_genome_amr	high
27381390	CVM N50450	SAMN03894330	BioSample	Salmonella enterica	ceftriaxone	ceftriaxone	<=	0.25	mg/L	Susceptible	CLSI	Broth dilution	bv_brc_genome_amr	high
27381390	CVM N48710	SAMN03894296	BioSample	Salmonella enterica	ciprofloxacin	ciprofloxacin	<=	0.015	mg/L	Susceptible	CLSI	Broth dilution	bv_brc_genome_amr	high
27381390	CVM 43834	SAMN02912003	BioSample	Salmonella enterica	ciprofloxacin	ciprofloxacin	<=	0.015	mg/L	Susceptible	CLSI	Broth dilution	bv_brc_genome_amr	high
27381390	CVM N43826	SAMN03894098	BioSample	Salmonella enterica	amoxicillin-clavulanic_acid	amoxicillin/clavulanic acid	<=	1.0	mg/L	Susceptible	CLSI	Broth dilution	bv_brc_genome_amr	high
27381390	CVM 43792	SAMN02911961	BioSample	Salmonella enterica	amoxicillin-clavulanic_acid	amoxicillin/clavulanic acid	=	32.0	mg/L	Resistant	CLSI	Broth dilution	bv_brc_genome_amr	high
27381390	CVM N46859	SAMN03894238	BioSample	Salmonella enterica	amoxicillin-clavulanic_acid	amoxicillin/clavulanic acid	<=	1.0	mg/L	Susceptible	CLSI	Broth dilution	bv_brc_genome_amr	high
27381390	CVM 43834	SAMN02912003	BioSample	Salmonella enterica	azithromycin	azithromycin	=	4.0	mg/L	Susceptible	CLSI	Broth dilution	bv_brc_genome_amr	high
27381390	CVM N46812	SAMN03894192	BioSample	Salmonella enterica	azithromycin	azithromycin	=	4.0	mg/L	Susceptible	CLSI	Broth dilution	bv_brc_genome_amr	high
27381390	CVM N51245	SAMN03894336	BioSample	Salmonella enterica	azithromycin	azithromycin	=	4.0	mg/L	Susceptible	CLSI	Broth dilution	bv_brc_genome_amr	high
27381390	CVM N31593	SAMN02699242	BioSample	Salmonella enterica	ampicillin	ampicillin	<=	1.0	mg/L	Susceptible	CLSI	Broth dilution	bv_brc_genome_amr	high
27381390	CVM N51267	SAMN03894358	BioSample	Salmonella enterica	ampicillin	ampicillin	=	2.0	mg/L	Susceptible	CLSI	Broth dilution	bv_brc_genome_amr	high
27381390	CVM N43453	SAMN03894062	BioSample	Salmonella enterica	ampicillin	ampicillin	>	32.0	mg/L	Resistant	CLSI	Broth dilution	bv_brc_genome_amr	high
27381390	CVM 43842	SAMN02912011	BioSample	Salmonella enterica	ciprofloxacin	ciprofloxacin	<=	0.015	mg/L	Susceptible	CLSI	Broth dilution	bv_brc_genome_amr	high
27381390	CVM N48701	SAMN03894288	BioSample	Salmonella enterica	ampicillin	ampicillin	<=	1.0	mg/L	Susceptible	CLSI	Broth dilution	bv_brc_genome_amr	high
27381390	CVM N46812	SAMN03894192	BioSample	Salmonella enterica	ciprofloxacin	ciprofloxacin	<=	0.015	mg/L	Susceptible	CLSI	Broth dilution	bv_brc_genome_amr	high
27381390	CVM N46859	SAMN03894238	BioSample	Salmonella enterica	ampicillin	ampicillin	<=	1.0	mg/L	Susceptible	CLSI	Broth dilution	bv_brc_genome_amr	high
27381390	CVM N42502	SAMN02699359	BioSample	Salmonella enterica	ciprofloxacin	ciprofloxacin	=	0.03	mg/L	Susceptible	CLSI	Broth dilution	bv_brc_genome_amr	high
27381390	CVM N31380	SAMN02699229	BioSample	Salmonella enterica	ampicillin	ampicillin	>	32.0	mg/L	Resistant	CLSI	Broth dilution	bv_brc_genome_amr	high
27381390	CVM N48698	SAMN03894285	BioSample	Salmonella enterica	ceftriaxone	ceftriaxone	<=	0.25	mg/L	Susceptible	CLSI	Broth dilution	bv_brc_genome_amr	high
27381390	CVM N45926	SAMN03894160	BioSample	Salmonella enterica	ciprofloxacin	ciprofloxacin	<=	0.015	mg/L	Susceptible	CLSI	Broth dilution	bv_brc_genome_amr	high
27381390	CVM N47727	SAMN03894257	BioSample	Salmonella enterica	ceftriaxone	ceftriaxone	<=	0.25	mg/L	Susceptible	CLSI	Broth dilution	bv_brc_genome_amr	high
27381390	CVM N50441	SAMN03894321	BioSample	Salmonella enterica	ampicillin	ampicillin	=	2.0	mg/L	Susceptible	CLSI	Broth dilution	bv_brc_genome_amr	high
27381390	CVM N46832	SAMN03894211	BioSample	Salmonella enterica	azithromycin	azithromycin	=	4.0	mg/L	Susceptible	CLSI	Broth dilution	bv_brc_genome_amr	high
27381390	CVM N51279	SAMN03894370	BioSample	Salmonella enterica	ceftriaxone	ceftriaxone	<=	0.25	mg/L	Susceptible	CLSI	Broth dilution	bv_brc_genome_amr	high
27381390	CVM 43837	SAMN02912006	BioSample	Salmonella enterica	ampicillin	ampicillin	=	2.0	mg/L	Susceptible	CLSI	Broth dilution	bv_brc_genome_amr	high
27381390	CVM N38240	SAMN02699278	BioSample	Salmonella enterica	ciprofloxacin	ciprofloxacin	<=	0.015	mg/L	Susceptible	CLSI	Broth dilution	bv_brc_genome_amr	high
27381390	CVM 43790	SAMN02911959	BioSample	Salmonella enterica	ceftriaxone	ceftriaxone	=	32.0	mg/L	Resistant	CLSI	Broth dilution	bv_brc_genome_amr	high
27381390	CVM N44698	SAMN03894115	BioSample	Salmonella enterica	amoxicillin-clavulanic_acid	amoxicillin/clavulanic acid	<=	1.0	mg/L	Susceptible	CLSI	Broth dilution	bv_brc_genome_amr	high
27381390	CVM N38858	SAMN02699282	BioSample	Salmonella enterica	amoxicillin-clavulanic_acid	amoxicillin/clavulanic acid	<=	1.0	mg/L	Susceptible	CLSI	Broth dilution	bv_brc_genome_amr	high
27381390	CVM N43462	SAMN03894071	BioSample	Salmonella enterica	ceftriaxone	ceftriaxone	<=	0.25	mg/L	Susceptible	CLSI	Broth dilution	bv_brc_genome_amr	high
27381390	CVM N42507	SAMN02699360	BioSample	Salmonella enterica	ceftriaxone	ceftriaxone	<=	0.25	mg/L	Susceptible	CLSI	Broth dilution	bv_brc_genome_amr	high
27381390	CVM 43803	SAMN02911972	BioSample	Salmonella enterica	ciprofloxacin	ciprofloxacin	<=	0.015	mg/L	Susceptible	CLSI	Broth dilution	bv_brc_genome_amr	high
27381390	CVM N31593	SAMN02699242	BioSample	Salmonella enterica	azithromycin	azithromycin	=	4.0	mg/L	Susceptible	CLSI	Broth dilution	bv_brc_genome_amr	high
27381390	CVM N51314	SAMN03894405	BioSample	Salmonella enterica	ceftriaxone	ceftriaxone	<=	0.25	mg/L	Susceptible	CLSI	Broth dilution	bv_brc_genome_amr	high
27381390	CVM N51275	SAMN03894366	BioSample	Salmonella enterica	amoxicillin-clavulanic_acid	amoxicillin/clavulanic acid	=	32.0	mg/L	Resistant	CLSI	Broth dilution	bv_brc_genome_amr	high
27381390	CVM 43796	SAMN02911965	BioSample	Salmonella enterica	azithromycin	azithromycin	=	4.0	mg/L	Susceptible	CLSI	Broth dilution	bv_brc_genome_amr	high
27381390	CVM N45924	SAMN03894158	BioSample	Salmonella enterica	ampicillin	ampicillin	<=	1.0	mg/L	Susceptible	CLSI	Broth dilution	bv_brc_genome_amr	high
27381390	CVM N51314	SAMN03894405	BioSample	Salmonella enterica	azithromycin	azithromycin	=	4.0	mg/L	Susceptible	CLSI	Broth dilution	bv_brc_genome_amr	high
27381390	CVM N48696	SAMN03894283	BioSample	Salmonella enterica	ciprofloxacin	ciprofloxacin	<=	0.015	mg/L	Susceptible	CLSI	Broth dilution	bv_brc_genome_amr	high
27381390	CVM N44715	SAMN03894132	BioSample	Salmonella enterica	ampicillin	ampicillin	<=	1.0	mg/L	Susceptible	CLSI	Broth dilution	bv_brc_genome_amr	high
27381390	CVM N44713	SAMN03894130	BioSample	Salmonella enterica	ampicillin	ampicillin	<=	1.0	mg/L	Susceptible	CLSI	Broth dilution	bv_brc_genome_amr	high
27381390	CVM N45410	SAMN03894155	BioSample	Salmonella enterica	amoxicillin-clavulanic_acid	amoxicillin/clavulanic acid	=	16.0	mg/L	Susceptible	CLSI	Broth dilution	bv_brc_genome_amr	high
27381390	CVM N47711	SAMN03894241	BioSample	Salmonella enterica	amoxicillin-clavulanic_acid	amoxicillin/clavulanic acid	<=	1.0	mg/L	Susceptible	CLSI	Broth dilution	bv_brc_genome_amr	high
27381390	CVM N50427	SAMN03894307	BioSample	Salmonella enterica	ceftriaxone	ceftriaxone	<=	0.25	mg/L	Susceptible	CLSI	Broth dilution	bv_brc_genome_amr	high
27381390	CVM N37950	SAMN02699272	BioSample	Salmonella enterica	ciprofloxacin	ciprofloxacin	=	0.03	mg/L	Susceptible	CLSI	Broth dilution	bv_brc_genome_amr	high
27381390	CVM N38876	SAMN02699291	BioSample	Salmonella enterica	azithromycin	azithromycin	=	4.0	mg/L	Susceptible	CLSI	Broth dilution	bv_brc_genome_amr	high
27381390	CVM N42237	SAMN02699339	BioSample	Salmonella enterica	ampicillin	ampicillin	>	32.0	mg/L	Resistant	CLSI	Broth dilution	bv_brc_genome_amr	high
27381390	CVM N43473	SAMN03894082	BioSample	Salmonella enterica	ciprofloxacin	ciprofloxacin	<=	0.015	mg/L	Susceptible	CLSI	Broth dilution	bv_brc_genome_amr	high
27381390	CVM N45933	SAMN03894167	BioSample	Salmonella enterica	azithromycin	azithromycin	=	8.0	mg/L	Susceptible	CLSI	Broth dilution	bv_brc_genome_amr	high
27381390	CVM N42458	SAMN02699346	BioSample	Salmonella enterica	azithromycin	azithromycin	=	4.0	mg/L	Susceptible	CLSI	Broth dilution	bv_brc_genome_amr	high
27381390	CVM N45951	SAMN03894182	BioSample	Salmonella enterica	amoxicillin-clavulanic_acid	amoxicillin/clavulanic acid	<=	1.0	mg/L	Susceptible	CLSI	Broth dilution	bv_brc_genome_amr	high
27381390	CVM N46840	SAMN03894219	BioSample	Salmonella enterica	ceftriaxone	ceftriaxone	=	32.0	mg/L	Resistant	CLSI	Broth dilution	bv_brc_genome_amr	high
27381390	CVM 43822	SAMN02911991	BioSample	Salmonella enterica	azithromycin	azithromycin	=	4.0	mg/L	Susceptible	CLSI	Broth dilution	bv_brc_genome_amr	high
27381390	CVM N40939	SAMN02699324	BioSample	Salmonella enterica	ampicillin	ampicillin	<=	1.0	mg/L	Susceptible	CLSI	Broth dilution	bv_brc_genome_amr	high
27381390	CVM N40416	SAMN02699321	BioSample	Salmonella enterica	ceftriaxone	ceftriaxone	=	8.0	mg/L	Resistant	CLSI	Broth dilution	bv_brc_genome_amr	high
27381390	CVM N45950	SAMN03894181	BioSample	Salmonella enterica	ceftriaxone	ceftriaxone	<=	0.25	mg/L	Susceptible	CLSI	Broth dilution	bv_brc_genome_amr	high
27381390	CVM N45401	SAMN03894146	BioSample	Salmonella enterica	ceftriaxone	ceftriaxone	<=	0.25	mg/L	Susceptible	CLSI	Broth dilution	bv_brc_genome_amr	high
27381390	CVM 43846	SAMN02912015	BioSample	Salmonella enterica	ceftriaxone	ceftriaxone	<=	0.25	mg/L	Susceptible	CLSI	Broth dilution	bv_brc_genome_amr	high
27381390	CVM N37917	SAMN02699266	BioSample	Salmonella enterica	azithromycin	azithromycin	=	4.0	mg/L	Susceptible	CLSI	Broth dilution	bv_brc_genome_amr	high
27381390	CVM N45393	SAMN03894138	BioSample	Salmonella enterica	ampicillin	ampicillin	>	32.0	mg/L	Resistant	CLSI	Broth dilution	bv_brc_genome_amr	high
27381390	CVM 43766	SAMN02911935	BioSample	Salmonella enterica	ampicillin	ampicillin	>	32.0	mg/L	Resistant	CLSI	Broth dilution	bv_brc_genome_amr	high
27381390	CVM 43779	SAMN02911948	BioSample	Salmonella enterica	amoxicillin-clavulanic_acid	amoxicillin/clavulanic acid	<=	1.0	mg/L	Susceptible	CLSI	Broth dilution	bv_brc_genome_amr	high
27381390	CVM N42500	SAMN02699358	BioSample	Salmonella enterica	ciprofloxacin	ciprofloxacin	<=	0.015	mg/L	Susceptible	CLSI	Broth dilution	bv_brc_genome_amr	high
27381390	CVM N45957	SAMN03894188	BioSample	Salmonella enterica	ceftriaxone	ceftriaxone	<=	0.25	mg/L	Susceptible	CLSI	Broth dilution	bv_brc_genome_amr	high
27381390	CVM N50427	SAMN03894307	BioSample	Salmonella enterica	azithromycin	azithromycin	=	4.0	mg/L	Susceptible	CLSI	Broth dilution	bv_brc_genome_amr	high
27381390	CVM 43761	SAMN02911930	BioSample	Salmonella enterica	amoxicillin-clavulanic_acid	amoxicillin/clavulanic acid	=	16.0	mg/L	Susceptible	CLSI	Broth dilution	bv_brc_genome_amr	high
27381390	CVM 43752	SAMN02911921	BioSample	Salmonella enterica	amoxicillin-clavulanic_acid	amoxicillin/clavulanic acid	<=	1.0	mg/L	Susceptible	CLSI	Broth dilution	bv_brc_genome_amr	high
27381390	CVM N43453	SAMN03894062	BioSample	Salmonella enterica	ciprofloxacin	ciprofloxacin	<=	0.015	mg/L	Susceptible	CLSI	Broth dilution	bv_brc_genome_amr	high
27381390	CVM 43772	SAMN02911941	BioSample	Salmonella enterica	ampicillin	ampicillin	<=	1.0	mg/L	Susceptible	CLSI	Broth dilution	bv_brc_genome_amr	high
27381390	CVM 43844	SAMN02912013	BioSample	Salmonella enterica	ampicillin	ampicillin	<=	1.0	mg/L	Susceptible	CLSI	Broth dilution	bv_brc_genome_amr	high
27381390	CVM N47718	SAMN03894248	BioSample	Salmonella enterica	amoxicillin-clavulanic_acid	amoxicillin/clavulanic acid	<=	1.0	mg/L	Susceptible	CLSI	Broth dilution	bv_brc_genome_amr	high
27381390	CVM 43816	SAMN02911985	BioSample	Salmonella enterica	ampicillin	ampicillin	<=	1.0	mg/L	Susceptible	CLSI	Broth dilution	bv_brc_genome_amr	high
27381390	CVM 43823	SAMN02911992	BioSample	Salmonella enterica	ceftriaxone	ceftriaxone	<=	0.25	mg/L	Susceptible	CLSI	Broth dilution	bv_brc_genome_amr	high
27381390	CVM N41733	SAMN02699325	BioSample	Salmonella enterica	azithromycin	azithromycin	=	4.0	mg/L	Susceptible	CLSI	Broth dilution	bv_brc_genome_amr	high
27381390	CVM N46846	SAMN03894225	BioSample	Salmonella enterica	ciprofloxacin	ciprofloxacin	<=	0.015	mg/L	Susceptible	CLSI	Broth dilution	bv_brc_genome_amr	high
27381390	CVM N45403	SAMN03894148	BioSample	Salmonella enterica	ceftriaxone	ceftriaxone	=	8.0	mg/L	Resistant	CLSI	Broth dilution	bv_brc_genome_amr	high
27381390	CVM N45924	SAMN03894158	BioSample	Salmonella enterica	ciprofloxacin	ciprofloxacin	<=	0.015	mg/L	Susceptible	CLSI	Broth dilution	bv_brc_genome_amr	high
27381390	CVM N51252	SAMN03894343	BioSample	Salmonella enterica	ampicillin	ampicillin	<=	1.0	mg/L	Susceptible	CLSI	Broth dilution	bv_brc_genome_amr	high
27381390	CVM N51243	SAMN03894334	BioSample	Salmonella enterica	amoxicillin-clavulanic_acid	amoxicillin/clavulanic acid	<=	1.0	mg/L	Susceptible	CLSI	Broth dilution	bv_brc_genome_amr	high
27381390	CVM N46837	SAMN03894216	BioSample	Salmonella enterica	ciprofloxacin	ciprofloxacin	<=	0.015	mg/L	Susceptible	CLSI	Broth dilution	bv_brc_genome_amr	high
27381390	CVM N40375	SAMN02699313	BioSample	Salmonella enterica	ampicillin	ampicillin	>	32.0	mg/L	Resistant	CLSI	Broth dilution	bv_brc_genome_amr	high
27381390	CVM N46835	SAMN03894214	BioSample	Salmonella enterica	ampicillin	ampicillin	<=	1.0	mg/L	Susceptible	CLSI	Broth dilution	bv_brc_genome_amr	high
27381390	CVM 43798	SAMN02911967	BioSample	Salmonella enterica	azithromycin	azithromycin	=	4.0	mg/L	Susceptible	CLSI	Broth dilution	bv_brc_genome_amr	high
27381390	CVM N43829	SAMN03894101	BioSample	Salmonella enterica	amoxicillin-clavulanic_acid	amoxicillin/clavulanic acid	>	32.0	mg/L	Resistant	CLSI	Broth dilution	bv_brc_genome_amr	high
27381390	CVM N47730	SAMN03894260	BioSample	Salmonella enterica	ciprofloxacin	ciprofloxacin	<=	0.015	mg/L	Susceptible	CLSI	Broth dilution	bv_brc_genome_amr	high
27381390	CVM N45410	SAMN03894155	BioSample	Salmonella enterica	ceftriaxone	ceftriaxone	<=	0.25	mg/L	Susceptible	CLSI	Broth dilution	bv_brc_genome_amr	high
27381390	CVM 43774	SAMN02911943	BioSample	Salmonella enterica	ciprofloxacin	ciprofloxacin	<=	0.015	mg/L	Susceptible	CLSI	Broth dilution	bv_brc_genome_amr	high
27381390	CVM N38232	SAMN02699274	BioSample	Salmonella enterica	ciprofloxacin	ciprofloxacin	<=	0.015	mg/L	Susceptible	CLSI	Broth dilution	bv_brc_genome_amr	high
27381390	CVM N32045	SAMN02699247	BioSample	Salmonella enterica	ampicillin	ampicillin	>	32.0	mg/L	Resistant	CLSI	Broth dilution	bv_brc_genome_amr	high
27381390	CVM N47713	SAMN03894243	BioSample	Salmonella enterica	ampicillin	ampicillin	<=	1.0	mg/L	Susceptible	CLSI	Broth dilution	bv_brc_genome_amr	high
27381390	CVM N51308	SAMN03894399	BioSample	Salmonella enterica	ampicillin	ampicillin	<=	1.0	mg/L	Susceptible	CLSI	Broth dilution	bv_brc_genome_amr	high
27381390	CVM N50447	SAMN03894327	BioSample	Salmonella enterica	ciprofloxacin	ciprofloxacin	=	0.03	mg/L	Susceptible	CLSI	Broth dilution	bv_brc_genome_amr	high
27381390	CVM 43769	SAMN02911938	BioSample	Salmonella enterica	ampicillin	ampicillin	>	32.0	mg/L	Resistant	CLSI	Broth dilution	bv_brc_genome_amr	high
27381390	CVM 43818	SAMN02911987	BioSample	Salmonella enterica	azithromycin	azithromycin	=	4.0	mg/L	Susceptible	CLSI	Broth dilution	bv_brc_genome_amr	high
27381390	CVM 43757	SAMN02911926	BioSample	Salmonella enterica	ampicillin	ampicillin	<=	1.0	mg/L	Susceptible	CLSI	Broth dilution	bv_brc_genome_amr	high
27381390	CVM N50442	SAMN03894322	BioSample	Salmonella enterica	ceftriaxone	ceftriaxone	<=	0.25	mg/L	Susceptible	CLSI	Broth dilution	bv_brc_genome_amr	high
27381390	CVM N48699	SAMN03894286	BioSample	Salmonella enterica	ampicillin	ampicillin	>	32.0	mg/L	Resistant	CLSI	Broth dilution	bv_brc_genome_amr	high
27381390	CVM N47726	SAMN03894256	BioSample	Salmonella enterica	ampicillin	ampicillin	=	2.0	mg/L	Susceptible	CLSI	Broth dilution	bv_brc_genome_amr	high
27381390	CVM N32750	SAMN02699255	BioSample	Salmonella enterica	ciprofloxacin	ciprofloxacin	<=	0.015	mg/L	Susceptible	CLSI	Broth dilution	bv_brc_genome_amr	high
27381390	CVM N30650	SAMN02699215	BioSample	Salmonella enterica	amoxicillin-clavulanic_acid	amoxicillin/clavulanic acid	<=	1.0	mg/L	Susceptible	CLSI	Broth dilution	bv_brc_genome_amr	high
27381390	CVM N51250	SAMN03894341	BioSample	Salmonella enterica	ampicillin	ampicillin	<=	1.0	mg/L	Susceptible	CLSI	Broth dilution	bv_brc_genome_amr	high
27381390	CVM N46830	SAMN03894209	BioSample	Salmonella enterica	ampicillin	ampicillin	>	32.0	mg/L	Resistant	CLSI	Broth dilution	bv_brc_genome_amr	high
27381390	CVM N43821	SAMN03894093	BioSample	Salmonella enterica	ampicillin	ampicillin	<=	1.0	mg/L	Susceptible	CLSI	Broth dilution	bv_brc_genome_amr	high
27381390	CVM N51278	SAMN03894369	BioSample	Salmonella enterica	ampicillin	ampicillin	<=	1.0	mg/L	Susceptible	CLSI	Broth dilution	bv_brc_genome_amr	high
27381390	CVM N42451	SAMN02699344	BioSample	Salmonella enterica	ampicillin	ampicillin	<=	1.0	mg/L	Susceptible	CLSI	Broth dilution	bv_brc_genome_amr	high
27381390	CVM N48683	SAMN03894270	BioSample	Salmonella enterica	azithromycin	azithromycin	=	4.0	mg/L	Susceptible	CLSI	Broth dilution	bv_brc_genome_amr	high
27381390	CVM N43830	SAMN03894102	BioSample	Salmonella enterica	ciprofloxacin	ciprofloxacin	=	0.03	mg/L	Susceptible	CLSI	Broth dilution	bv_brc_genome_amr	high
27381390	CVM N30683	SAMN02699223	BioSample	Salmonella enterica	ceftriaxone	ceftriaxone	=	64.0	mg/L	Resistant	CLSI	Broth dilution	bv_brc_genome_amr	high
27381390	CVM N38870	SAMN02699288	BioSample	Salmonella enterica	ceftriaxone	ceftriaxone	<=	0.25	mg/L	Susceptible	CLSI	Broth dilution	bv_brc_genome_amr	high
27381390	CVM 43813	SAMN02911982	BioSample	Salmonella enterica	ceftriaxone	ceftriaxone	<=	0.25	mg/L	Susceptible	CLSI	Broth dilution	bv_brc_genome_amr	high
27381390	CVM N43828	SAMN03894100	BioSample	Salmonella enterica	ceftriaxone	ceftriaxone	<=	0.25	mg/L	Susceptible	CLSI	Broth dilution	bv_brc_genome_amr	high
27381390	CVM N45392	SAMN03894137	BioSample	Salmonella enterica	ceftriaxone	ceftriaxone	<=	0.25	mg/L	Susceptible	CLSI	Broth dilution	bv_brc_genome_amr	high
27381390	CVM N29321	SAMN02699193	BioSample	Salmonella enterica	ceftriaxone	ceftriaxone	<=	0.25	mg/L	Susceptible	CLSI	Broth dilution	bv_brc_genome_amr	high
27381390	CVM N40395	SAMN02699318	BioSample	Salmonella enterica	ciprofloxacin	ciprofloxacin	<=	0.015	mg/L	Susceptible	CLSI	Broth dilution	bv_brc_genome_amr	high
27381390	CVM N46840	SAMN03894219	BioSample	Salmonella enterica	ampicillin	ampicillin	>	32.0	mg/L	Resistant	CLSI	Broth dilution	bv_brc_genome_amr	high
27381390	CVM N44713	SAMN03894130	BioSample	Salmonella enterica	ceftriaxone	ceftriaxone	<=	0.25	mg/L	Susceptible	CLSI	Broth dilution	bv_brc_genome_amr	high
27381390	CVM N47719	SAMN03894249	BioSample	Salmonella enterica	amoxicillin-clavulanic_acid	amoxicillin/clavulanic acid	=	16.0	mg/L	Susceptible	CLSI	Broth dilution	bv_brc_genome_amr	high
27381390	CVM N44707	SAMN03894124	BioSample	Salmonella enterica	azithromycin	azithromycin	=	4.0	mg/L	Susceptible	CLSI	Broth dilution	bv_brc_genome_amr	high
27381390	CVM N51251	SAMN03894342	BioSample	Salmonella enterica	amoxicillin-clavulanic_acid	amoxicillin/clavulanic acid	>	32.0	mg/L	Resistant	CLSI	Broth dilution	bv_brc_genome_amr	high
27381390	CVM N43459	SAMN03894068	BioSample	Salmonella enterica	amoxicillin-clavulanic_acid	amoxicillin/clavulanic acid	<=	1.0	mg/L	Susceptible	CLSI	Broth dilution	bv_brc_genome_amr	high
27381390	CVM N45937	SAMN03894171	BioSample	Salmonella enterica	ampicillin	ampicillin	<=	1.0	mg/L	Susceptible	CLSI	Broth dilution	bv_brc_genome_amr	high
27381390	CVM N50437	SAMN03894317	BioSample	Salmonella enterica	ampicillin	ampicillin	=	2.0	mg/L	Susceptible	CLSI	Broth dilution	bv_brc_genome_amr	high
27381390	CVM 43812	SAMN02911981	BioSample	Salmonella enterica	ceftriaxone	ceftriaxone	<=	0.25	mg/L	Susceptible	CLSI	Broth dilution	bv_brc_genome_amr	high
27381390	CVM N45395	SAMN03894140	BioSample	Salmonella enterica	amoxicillin-clavulanic_acid	amoxicillin/clavulanic acid	<=	1.0	mg/L	Susceptible	CLSI	Broth dilution	bv_brc_genome_amr	high
27381390	CVM N44700	SAMN03894117	BioSample	Salmonella enterica	amoxicillin-clavulanic_acid	amoxicillin/clavulanic acid	=	2.0	mg/L	Susceptible	CLSI	Broth dilution	bv_brc_genome_amr	high
27381390	CVM N45929	SAMN03894163	BioSample	Salmonella enterica	ceftriaxone	ceftriaxone	<=	0.25	mg/L	Susceptible	CLSI	Broth dilution	bv_brc_genome_amr	high
27381390	CVM N32754	SAMN02699256	BioSample	Salmonella enterica	amoxicillin-clavulanic_acid	amoxicillin/clavulanic acid	=	8.0	mg/L	Susceptible	CLSI	Broth dilution	bv_brc_genome_amr	high
27381390	CVM N51305	SAMN03894396	BioSample	Salmonella enterica	amoxicillin-clavulanic_acid	amoxicillin/clavulanic acid	<=	1.0	mg/L	Susceptible	CLSI	Broth dilution	bv_brc_genome_amr	high
27381390	CVM N51981	SAMN03894407	BioSample	Salmonella enterica	ceftriaxone	ceftriaxone	<=	0.25	mg/L	Susceptible	CLSI	Broth dilution	bv_brc_genome_amr	high
27381390	CVM N45405	SAMN03894150	BioSample	Salmonella enterica	ciprofloxacin	ciprofloxacin	<=	0.015	mg/L	Susceptible	CLSI	Broth dilution	bv_brc_genome_amr	high
27381390	CVM N47717	SAMN03894247	BioSample	Salmonella enterica	amoxicillin-clavulanic_acid	amoxicillin/clavulanic acid	<=	1.0	mg/L	Susceptible	CLSI	Broth dilution	bv_brc_genome_amr	high
27381390	CVM N51313	SAMN03894404	BioSample	Salmonella enterica	ciprofloxacin	ciprofloxacin	<=	0.015	mg/L	Susceptible	CLSI	Broth dilution	bv_brc_genome_amr	high
27381390	CVM N51296	SAMN03894387	BioSample	Salmonella enterica	ampicillin	ampicillin	<=	1.0	mg/L	Susceptible	CLSI	Broth dilution	bv_brc_genome_amr	high
27381390	CVM 43776	SAMN02911945	BioSample	Salmonella enterica	ciprofloxacin	ciprofloxacin	=	0.25	mg/L	Susceptible	CLSI	Broth dilution	bv_brc_genome_amr	high
27381390	CVM N45933	SAMN03894167	BioSample	Salmonella enterica	ceftriaxone	ceftriaxone	<=	0.25	mg/L	Susceptible	CLSI	Broth dilution	bv_brc_genome_amr	high
27381390	CVM N29307	SAMN02699187	BioSample	Salmonella enterica	amoxicillin-clavulanic_acid	amoxicillin/clavulanic acid	<=	1.0	mg/L	Susceptible	CLSI	Broth dilution	bv_brc_genome_amr	high
27381390	CVM N43241	SAMN02699366	BioSample	Salmonella enterica	amoxicillin-clavulanic_acid	amoxicillin/clavulanic acid	<=	1.0	mg/L	Susceptible	CLSI	Broth dilution	bv_brc_genome_amr	high
27381390	CVM N40384	SAMN02699315	BioSample	Salmonella enterica	ciprofloxacin	ciprofloxacin	<=	0.015	mg/L	Susceptible	CLSI	Broth dilution	bv_brc_genome_amr	high
27381390	CVM N38910	SAMN02699300	BioSample	Salmonella enterica	ciprofloxacin	ciprofloxacin	<=	0.015	mg/L	Susceptible	CLSI	Broth dilution	bv_brc_genome_amr	high
27381390	CVM N51283	SAMN03894374	BioSample	Salmonella enterica	ciprofloxacin	ciprofloxacin	<=	0.015	mg/L	Susceptible	CLSI	Broth dilution	bv_brc_genome_amr	high
27381390	CVM N51261	SAMN03894352	BioSample	Salmonella enterica	amoxicillin-clavulanic_acid	amoxicillin/clavulanic acid	<=	1.0	mg/L	Susceptible	CLSI	Broth dilution	bv_brc_genome_amr	high
27381390	CVM N38886	SAMN02699294	BioSample	Salmonella enterica	ceftriaxone	ceftriaxone	<=	0.25	mg/L	Susceptible	CLSI	Broth dilution	bv_brc_genome_amr	high
27381390	CVM N51264	SAMN03894355	BioSample	Salmonella enterica	amoxicillin-clavulanic_acid	amoxicillin/clavulanic acid	<=	1.0	mg/L	Susceptible	CLSI	Broth dilution	bv_brc_genome_amr	high
27381390	CVM N48697	SAMN03894284	BioSample	Salmonella enterica	azithromycin	azithromycin	=	2.0	mg/L	Susceptible	CLSI	Broth dilution	bv_brc_genome_amr	high
27381390	CVM N45938	SAMN03894172	BioSample	Salmonella enterica	ciprofloxacin	ciprofloxacin	<=	0.015	mg/L	Susceptible	CLSI	Broth dilution	bv_brc_genome_amr	high
27381390	CVM N47717	SAMN03894247	BioSample	Salmonella enterica	ciprofloxacin	ciprofloxacin	=	0.03	mg/L	Susceptible	CLSI	Broth dilution	bv_brc_genome_amr	high
27381390	CVM N45937	SAMN03894171	BioSample	Salmonella enterica	amoxicillin-clavulanic_acid	amoxicillin/clavulanic acid	<=	1.0	mg/L	Susceptible	CLSI	Broth dilution	bv_brc_genome_amr	high
27381390	CVM N42479	SAMN02699353	BioSample	Salmonella enterica	ceftriaxone	ceftriaxone	<=	0.25	mg/L	Susceptible	CLSI	Broth dilution	bv_brc_genome_amr	high
27381390	CVM N51270	SAMN03894361	BioSample	Salmonella enterica	ciprofloxacin	ciprofloxacin	<=	0.015	mg/L	Susceptible	CLSI	Broth dilution	bv_brc_genome_amr	high
27381390	CVM N46811	SAMN03894191	BioSample	Salmonella enterica	azithromycin	azithromycin	=	4.0	mg/L	Susceptible	CLSI	Broth dilution	bv_brc_genome_amr	high
27381390	CVM N46824	SAMN03894203	BioSample	Salmonella enterica	ciprofloxacin	ciprofloxacin	<=	0.015	mg/L	Susceptible	CLSI	Broth dilution	bv_brc_genome_amr	high
27381390	CVM N42451	SAMN02699344	BioSample	Salmonella enterica	ciprofloxacin	ciprofloxacin	<=	0.015	mg/L	Susceptible	CLSI	Broth dilution	bv_brc_genome_amr	high
27381390	CVM N46840	SAMN03894219	BioSample	Salmonella enterica	amoxicillin-clavulanic_acid	amoxicillin/clavulanic acid	>	32.0	mg/L	Resistant	CLSI	Broth dilution	bv_brc_genome_amr	high
27381390	CVM N51257	SAMN03894348	BioSample	Salmonella enterica	ceftriaxone	ceftriaxone	<=	0.25	mg/L	Susceptible	CLSI	Broth dilution	bv_brc_genome_amr	high
27381390	CVM N42492	SAMN02699357	BioSample	Salmonella enterica	ampicillin	ampicillin	=	2.0	mg/L	Susceptible	CLSI	Broth dilution	bv_brc_genome_amr	high
27381390	CVM N46840	SAMN03894219	BioSample	Salmonella enterica	ciprofloxacin	ciprofloxacin	<=	0.015	mg/L	Susceptible	CLSI	Broth dilution	bv_brc_genome_amr	high
27381390	CVM N30645	SAMN02699214	BioSample	Salmonella enterica	amoxicillin-clavulanic_acid	amoxicillin/clavulanic acid	<=	1.0	mg/L	Susceptible	CLSI	Broth dilution	bv_brc_genome_amr	high
27381390	CVM 43823	SAMN02911992	BioSample	Salmonella enterica	ciprofloxacin	ciprofloxacin	=	0.5	mg/L	Susceptible	CLSI	Broth dilution	bv_brc_genome_amr	high
27381390	CVM 43786	SAMN02911955	BioSample	Salmonella enterica	azithromycin	azithromycin	=	4.0	mg/L	Susceptible	CLSI	Broth dilution	bv_brc_genome_amr	high
27381390	CVM N48700	SAMN03894287	BioSample	Salmonella enterica	ampicillin	ampicillin	<=	1.0	mg/L	Susceptible	CLSI	Broth dilution	bv_brc_genome_amr	high
27381390	CVM N31394	SAMN02699232	BioSample	Salmonella enterica	ceftriaxone	ceftriaxone	<=	0.25	mg/L	Susceptible	CLSI	Broth dilution	bv_brc_genome_amr	high
27381390	CVM N43476	SAMN03894085	BioSample	Salmonella enterica	ceftriaxone	ceftriaxone	<=	0.25	mg/L	Susceptible	CLSI	Broth dilution	bv_brc_genome_amr	high
27381390	CVM N29385	SAMN02699212	BioSample	Salmonella enterica	ciprofloxacin	ciprofloxacin	=	0.03	mg/L	Susceptible	CLSI	Broth dilution	bv_brc_genome_amr	high
27381390	CVM N51248	SAMN03894339	BioSample	Salmonella enterica	ciprofloxacin	ciprofloxacin	<=	0.015	mg/L	Susceptible	CLSI	Broth dilution	bv_brc_genome_amr	high
27381390	CVM N50444	SAMN03894324	BioSample	Salmonella enterica	ceftriaxone	ceftriaxone	<=	0.25	mg/L	Susceptible	CLSI	Broth dilution	bv_brc_genome_amr	high
27381390	CVM N32042	SAMN02699246	BioSample	Salmonella enterica	ceftriaxone	ceftriaxone	<=	0.25	mg/L	Susceptible	CLSI	Broth dilution	bv_brc_genome_amr	high
27381390	CVM N45398	SAMN03894143	BioSample	Salmonella enterica	azithromycin	azithromycin	=	4.0	mg/L	Susceptible	CLSI	Broth dilution	bv_brc_genome_amr	high
27381390	CVM N47715	SAMN03894245	BioSample	Salmonella enterica	azithromycin	azithromycin	=	4.0	mg/L	Susceptible	CLSI	Broth dilution	bv_brc_genome_amr	high
27381390	CVM N40384	SAMN02699315	BioSample	Salmonella enterica	ceftriaxone	ceftriaxone	=	32.0	mg/L	Resistant	CLSI	Broth dilution	bv_brc_genome_amr	high
27381390	CVM N43466	SAMN03894075	BioSample	Salmonella enterica	amoxicillin-clavulanic_acid	amoxicillin/clavulanic acid	<=	1.0	mg/L	Susceptible	CLSI	Broth dilution	bv_brc_genome_amr	high
27381390	CVM N45954	SAMN03894185	BioSample	Salmonella enterica	azithromycin	azithromycin	=	8.0	mg/L	Susceptible	CLSI	Broth dilution	bv_brc_genome_amr	high
27381390	CVM N45945	SAMN03894179	BioSample	Salmonella enterica	ciprofloxacin	ciprofloxacin	<=	0.015	mg/L	Susceptible	CLSI	Broth dilution	bv_brc_genome_amr	high
27381390	CVM N48578	SAMN03894262	BioSample	Salmonella enterica	amoxicillin-clavulanic_acid	amoxicillin/clavulanic acid	<=	1.0	mg/L	Susceptible	CLSI	Broth dilution	bv_brc_genome_amr	high
27381390	CVM N43473	SAMN03894082	BioSample	Salmonella enterica	amoxicillin-clavulanic_acid	amoxicillin/clavulanic acid	<=	1.0	mg/L	Susceptible	CLSI	Broth dilution	bv_brc_genome_amr	high
27381390	CVM 43775	SAMN02911944	BioSample	Salmonella enterica	ciprofloxacin	ciprofloxacin	<=	0.015	mg/L	Susceptible	CLSI	Broth dilution	bv_brc_genome_amr	high
27381390	CVM N42467	SAMN02699347	BioSample	Salmonella enterica	ampicillin	ampicillin	>	32.0	mg/L	Resistant	CLSI	Broth dilution	bv_brc_genome_amr	high
27381390	CVM N48681	SAMN03894268	BioSample	Salmonella enterica	azithromycin	azithromycin	=	4.0	mg/L	Susceptible	CLSI	Broth dilution	bv_brc_genome_amr	high
27381390	CVM N48682	SAMN03894269	BioSample	Salmonella enterica	azithromycin	azithromycin	=	4.0	mg/L	Susceptible	CLSI	Broth dilution	bv_brc_genome_amr	high
27381390	CVM N44717	SAMN03894134	BioSample	Salmonella enterica	ceftriaxone	ceftriaxone	<=	0.25	mg/L	Susceptible	CLSI	Broth dilution	bv_brc_genome_amr	high
27381390	CVM N51278	SAMN03894369	BioSample	Salmonella enterica	ceftriaxone	ceftriaxone	<=	0.25	mg/L	Susceptible	CLSI	Broth dilution	bv_brc_genome_amr	high
27381390	CVM 43769	SAMN02911938	BioSample	Salmonella enterica	ciprofloxacin	ciprofloxacin	=	0.03	mg/L	Susceptible	CLSI	Broth dilution	bv_brc_genome_amr	high
27381390	CVM N42473	SAMN02699351	BioSample	Salmonella enterica	amoxicillin-clavulanic_acid	amoxicillin/clavulanic acid	<=	1.0	mg/L	Susceptible	CLSI	Broth dilution	bv_brc_genome_amr	high
27381390	CVM N45407	SAMN03894152	BioSample	Salmonella enterica	ciprofloxacin	ciprofloxacin	=	0.03	mg/L	Susceptible	CLSI	Broth dilution	bv_brc_genome_amr	high
27381390	CVM 43793	SAMN02911962	BioSample	Salmonella enterica	ampicillin	ampicillin	=	32.0	mg/L	Resistant	CLSI	Broth dilution	bv_brc_genome_amr	high
27381390	CVM N51267	SAMN03894358	BioSample	Salmonella enterica	azithromycin	azithromycin	=	4.0	mg/L	Susceptible	CLSI	Broth dilution	bv_brc_genome_amr	high
27381390	CVM N51280	SAMN03894371	BioSample	Salmonella enterica	ampicillin	ampicillin	<=	1.0	mg/L	Susceptible	CLSI	Broth dilution	bv_brc_genome_amr	high
27381390	CVM 43745	SAMN02911914	BioSample	Salmonella enterica	ampicillin	ampicillin	>	32.0	mg/L	Resistant	CLSI	Broth dilution	bv_brc_genome_amr	high
27381390	CVM N42487	SAMN02699356	BioSample	Salmonella enterica	ciprofloxacin	ciprofloxacin	<=	0.015	mg/L	Susceptible	CLSI	Broth dilution	bv_brc_genome_amr	high
27381390	CVM N45411	SAMN03894156	BioSample	Salmonella enterica	ciprofloxacin	ciprofloxacin	<=	0.015	mg/L	Susceptible	CLSI	Broth dilution	bv_brc_genome_amr	high
27381390	CVM N51259	SAMN03894350	BioSample	Salmonella enterica	ampicillin	ampicillin	<=	1.0	mg/L	Susceptible	CLSI	Broth dilution	bv_brc_genome_amr	high
27381390	CVM N51292	SAMN03894383	BioSample	Salmonella enterica	ceftriaxone	ceftriaxone	<=	0.25	mg/L	Susceptible	CLSI	Broth dilution	bv_brc_genome_amr	high
27381390	CVM N51249	SAMN03894340	BioSample	Salmonella enterica	azithromycin	azithromycin	=	4.0	mg/L	Susceptible	CLSI	Broth dilution	bv_brc_genome_amr	high
27381390	CVM N48689	SAMN03894276	BioSample	Salmonella enterica	amoxicillin-clavulanic_acid	amoxicillin/clavulanic acid	=	8.0	mg/L	Susceptible	CLSI	Broth dilution	bv_brc_genome_amr	high
27381390	CVM N51312	SAMN03894403	BioSample	Salmonella enterica	ampicillin	ampicillin	>	32.0	mg/L	Resistant	CLSI	Broth dilution	bv_brc_genome_amr	high
27381390	CVM N40374	SAMN02699312	BioSample	Salmonella enterica	ciprofloxacin	ciprofloxacin	=	0.06	mg/L	Susceptible	CLSI	Broth dilution	bv_brc_genome_amr	high
27381390	CVM N37918	SAMN02699267	BioSample	Salmonella enterica	ampicillin	ampicillin	<=	1.0	mg/L	Susceptible	CLSI	Broth dilution	bv_brc_genome_amr	high
27381390	CVM N51298	SAMN03894389	BioSample	Salmonella enterica	azithromycin	azithromycin	=	4.0	mg/L	Susceptible	CLSI	Broth dilution	bv_brc_genome_amr	high
27381390	CVM N46818	SAMN03894197	BioSample	Salmonella enterica	ceftriaxone	ceftriaxone	<=	0.25	mg/L	Susceptible	CLSI	Broth dilution	bv_brc_genome_amr	high
27381390	CVM 43772	SAMN02911941	BioSample	Salmonella enterica	azithromycin	azithromycin	=	4.0	mg/L	Susceptible	CLSI	Broth dilution	bv_brc_genome_amr	high
27381390	CVM N46815	SAMN03894195	BioSample	Salmonella enterica	ceftriaxone	ceftriaxone	<=	0.25	mg/L	Susceptible	CLSI	Broth dilution	bv_brc_genome_amr	high
27381390	CVM N38869	SAMN02699287	BioSample	Salmonella enterica	azithromycin	azithromycin	=	2.0	mg/L	Susceptible	CLSI	Broth dilution	bv_brc_genome_amr	high
27381390	CVM N47723	SAMN03894253	BioSample	Salmonella enterica	azithromycin	azithromycin	=	1.0	mg/L	Susceptible	CLSI	Broth dilution	bv_brc_genome_amr	high
27381390	CVM N43826	SAMN03894098	BioSample	Salmonella enterica	ciprofloxacin	ciprofloxacin	<=	0.015	mg/L	Susceptible	CLSI	Broth dilution	bv_brc_genome_amr	high
27381390	CVM 43782	SAMN02911951	BioSample	Salmonella enterica	ciprofloxacin	ciprofloxacin	<=	0.015	mg/L	Susceptible	CLSI	Broth dilution	bv_brc_genome_amr	high
27381390	CVM N42492	SAMN02699357	BioSample	Salmonella enterica	ceftriaxone	ceftriaxone	<=	0.25	mg/L	Susceptible	CLSI	Broth dilution	bv_brc_genome_amr	high
27381390	CVM N45397	SAMN03894142	BioSample	Salmonella enterica	ceftriaxone	ceftriaxone	=	16.0	mg/L	Resistant	CLSI	Broth dilution	bv_brc_genome_amr	high
27381390	CVM N40935	SAMN02699323	BioSample	Salmonella enterica	amoxicillin-clavulanic_acid	amoxicillin/clavulanic acid	=	32.0	mg/L	Resistant	CLSI	Broth dilution	bv_brc_genome_amr	high
27381390	CVM 43837	SAMN02912006	BioSample	Salmonella enterica	ciprofloxacin	ciprofloxacin	<=	0.015	mg/L	Susceptible	CLSI	Broth dilution	bv_brc_genome_amr	high
27381390	CVM N39866	SAMN02699309	BioSample	Salmonella enterica	azithromycin	azithromycin	=	4.0	mg/L	Susceptible	CLSI	Broth dilution	bv_brc_genome_amr	high
27381390	CVM N46860	SAMN03894239	BioSample	Salmonella enterica	ampicillin	ampicillin	<=	1.0	mg/L	Susceptible	CLSI	Broth dilution	bv_brc_genome_amr	high
27381390	CVM N29350	SAMN02699198	BioSample	Salmonella enterica	ceftriaxone	ceftriaxone	<=	0.25	mg/L	Susceptible	CLSI	Broth dilution	bv_brc_genome_amr	high
27381390	CVM N47730	SAMN03894260	BioSample	Salmonella enterica	ampicillin	ampicillin	<=	1.0	mg/L	Susceptible	CLSI	Broth dilution	bv_brc_genome_amr	high
27381390	CVM 43799	SAMN02911968	BioSample	Salmonella enterica	ceftriaxone	ceftriaxone	=	16.0	mg/L	Resistant	CLSI	Broth dilution	bv_brc_genome_amr	high
27381390	CVM N44701	SAMN03894118	BioSample	Salmonella enterica	ampicillin	ampicillin	<=	1.0	mg/L	Susceptible	CLSI	Broth dilution	bv_brc_genome_amr	high
27381390	CVM N45937	SAMN03894171	BioSample	Salmonella enterica	ciprofloxacin	ciprofloxacin	<=	0.015	mg/L	Susceptible	CLSI	Broth dilution	bv_brc_genome_amr	high
27381390	CVM N46853	SAMN03894232	BioSample	Salmonella enterica	azithromycin	azithromycin	=	4.0	mg/L	Susceptible	CLSI	Broth dilution	bv_brc_genome_amr	high
27381390	CVM N32055	SAMN02699252	BioSample	Salmonella enterica	ceftriaxone	ceftriaxone	<=	0.25	mg/L	Susceptible	CLSI	Broth dilution	bv_brc_genome_amr	high
27381390	CVM N51255	SAMN03894346	BioSample	Salmonella enterica	azithromycin	azithromycin	=	2.0	mg/L	Susceptible	CLSI	Broth dilution	bv_brc_genome_amr	high
27381390	CVM 43822	SAMN02911991	BioSample	Salmonella enterica	amoxicillin-clavulanic_acid	amoxicillin/clavulanic acid	>	32.0	mg/L	Resistant	CLSI	Broth dilution	bv_brc_genome_amr	high
27381390	CVM 43763	SAMN02911932	BioSample	Salmonella enterica	amoxicillin-clavulanic_acid	amoxicillin/clavulanic acid	<=	1.0	mg/L	Susceptible	CLSI	Broth dilution	bv_brc_genome_amr	high
27381390	CVM N46834	SAMN03894213	BioSample	Salmonella enterica	ampicillin	ampicillin	>	32.0	mg/L	Resistant	CLSI	Broth dilution	bv_brc_genome_amr	high
27381390	CVM N30650	SAMN02699215	BioSample	Salmonella enterica	ciprofloxacin	ciprofloxacin	<=	0.015	mg/L	Susceptible	CLSI	Broth dilution	bv_brc_genome_amr	high
27381390	CVM N48691	SAMN03894278	BioSample	Salmonella enterica	ceftriaxone	ceftriaxone	<=	0.25	mg/L	Susceptible	CLSI	Broth dilution	bv_brc_genome_amr	high
27381390	CVM N45936	SAMN03894170	BioSample	Salmonella enterica	azithromycin	azithromycin	=	2.0	mg/L	Susceptible	CLSI	Broth dilution	bv_brc_genome_amr	high
27381390	CVM N48678	SAMN03894265	BioSample	Salmonella enterica	amoxicillin-clavulanic_acid	amoxicillin/clavulanic acid	=	8.0	mg/L	Susceptible	CLSI	Broth dilution	bv_brc_genome_amr	high
27381390	CVM N42337	SAMN02699342	BioSample	Salmonella enterica	ampicillin	ampicillin	<=	1.0	mg/L	Susceptible	CLSI	Broth dilution	bv_brc_genome_amr	high
27381390	CVM N51272	SAMN03894363	BioSample	Salmonella enterica	azithromycin	azithromycin	=	4.0	mg/L	Susceptible	CLSI	Broth dilution	bv_brc_genome_amr	high
27381390	CVM N45942	SAMN03894176	BioSample	Salmonella enterica	ampicillin	ampicillin	<=	1.0	mg/L	Susceptible	CLSI	Broth dilution	bv_brc_genome_amr	high
27381390	CVM 43751	SAMN02911920	BioSample	Salmonella enterica	ciprofloxacin	ciprofloxacin	<=	0.015	mg/L	Susceptible	CLSI	Broth dilution	bv_brc_genome_amr	high
27381390	CVM N30679	SAMN02699222	BioSample	Salmonella enterica	amoxicillin-clavulanic_acid	amoxicillin/clavulanic acid	<=	1.0	mg/L	Susceptible	CLSI	Broth dilution	bv_brc_genome_amr	high
27381390	CVM N43832	SAMN03894104	BioSample	Salmonella enterica	ciprofloxacin	ciprofloxacin	<=	0.015	mg/L	Susceptible	CLSI	Broth dilution	bv_brc_genome_amr	high
27381390	CVM 43776	SAMN02911945	BioSample	Salmonella enterica	azithromycin	azithromycin	=	8.0	mg/L	Susceptible	CLSI	Broth dilution	bv_brc_genome_amr	high
27381390	CVM N51314	SAMN03894405	BioSample	Salmonella enterica	ampicillin	ampicillin	<=	1.0	mg/L	Susceptible	CLSI	Broth dilution	bv_brc_genome_amr	high
27381390	CVM N46830	SAMN03894209	BioSample	Salmonella enterica	amoxicillin-clavulanic_acid	amoxicillin/clavulanic acid	=	8.0	mg/L	Susceptible	CLSI	Broth dilution	bv_brc_genome_amr	high
27381390	CVM N37950	SAMN02699272	BioSample	Salmonella enterica	ampicillin	ampicillin	=	2.0	mg/L	Susceptible	CLSI	Broth dilution	bv_brc_genome_amr	high
27381390	CVM N38860	SAMN02699283	BioSample	Salmonella enterica	amoxicillin-clavulanic_acid	amoxicillin/clavulanic acid	>	32.0	mg/L	Resistant	CLSI	Broth dilution	bv_brc_genome_amr	high
27381390	CVM N32053	SAMN02699251	BioSample	Salmonella enterica	ciprofloxacin	ciprofloxacin	<=	0.015	mg/L	Susceptible	CLSI	Broth dilution	bv_brc_genome_amr	high
27381390	CVM N29383	SAMN02699211	BioSample	Salmonella enterica	ampicillin	ampicillin	<=	1.0	mg/L	Susceptible	CLSI	Broth dilution	bv_brc_genome_amr	high
27381390	CVM N43478	SAMN03894087	BioSample	Salmonella enterica	ciprofloxacin	ciprofloxacin	<=	0.015	mg/L	Susceptible	CLSI	Broth dilution	bv_brc_genome_amr	high
27381390	CVM N48696	SAMN03894283	BioSample	Salmonella enterica	amoxicillin-clavulanic_acid	amoxicillin/clavulanic acid	<=	1.0	mg/L	Susceptible	CLSI	Broth dilution	bv_brc_genome_amr	high
27381390	CVM 43798	SAMN02911967	BioSample	Salmonella enterica	ceftriaxone	ceftriaxone	<=	0.25	mg/L	Susceptible	CLSI	Broth dilution	bv_brc_genome_amr	high
27381390	CVM 43833	SAMN02912002	BioSample	Salmonella enterica	azithromycin	azithromycin	=	2.0	mg/L	Susceptible	CLSI	Broth dilution	bv_brc_genome_amr	high
27381390	CVM N38893	SAMN02699296	BioSample	Salmonella enterica	ampicillin	ampicillin	>	32.0	mg/L	Resistant	CLSI	Broth dilution	bv_brc_genome_amr	high
27381390	CVM 43758	SAMN02911927	BioSample	Salmonella enterica	azithromycin	azithromycin	=	4.0	mg/L	Susceptible	CLSI	Broth dilution	bv_brc_genome_amr	high
27381390	CVM N43461	SAMN03894070	BioSample	Salmonella enterica	amoxicillin-clavulanic_acid	amoxicillin/clavulanic acid	=	8.0	mg/L	Susceptible	CLSI	Broth dilution	bv_brc_genome_amr	high
27381390	CVM N44703	SAMN03894120	BioSample	Salmonella enterica	amoxicillin-clavulanic_acid	amoxicillin/clavulanic acid	<=	1.0	mg/L	Susceptible	CLSI	Broth dilution	bv_brc_genome_amr	high
27381390	CVM N44714	SAMN03894131	BioSample	Salmonella enterica	azithromycin	azithromycin	=	4.0	mg/L	Susceptible	CLSI	Broth dilution	bv_brc_genome_amr	high
27381390	CVM N45398	SAMN03894143	BioSample	Salmonella enterica	amoxicillin-clavulanic_acid	amoxicillin/clavulanic acid	<=	1.0	mg/L	Susceptible	CLSI	Broth dilution	bv_brc_genome_amr	high
27381390	CVM N43459	SAMN03894068	BioSample	Salmonella enterica	ampicillin	ampicillin	=	2.0	mg/L	Susceptible	CLSI	Broth dilution	bv_brc_genome_amr	high
27381390	CVM N44696	SAMN03894113	BioSample	Salmonella enterica	ampicillin	ampicillin	>	32.0	mg/L	Resistant	CLSI	Broth dilution	bv_brc_genome_amr	high
27381390	CVM 43830	SAMN02911999	BioSample	Salmonella enterica	azithromycin	azithromycin	=	2.0	mg/L	Susceptible	CLSI	Broth dilution	bv_brc_genome_amr	high
27381390	CVM N48691	SAMN03894278	BioSample	Salmonella enterica	ciprofloxacin	ciprofloxacin	=	0.03	mg/L	Susceptible	CLSI	Broth dilution	bv_brc_genome_amr	high
27381390	CVM N51285	SAMN03894376	BioSample	Salmonella enterica	amoxicillin-clavulanic_acid	amoxicillin/clavulanic acid	<=	1.0	mg/L	Susceptible	CLSI	Broth dilution	bv_brc_genome_amr	high
27381390	CVM N38909	SAMN02699299	BioSample	Salmonella enterica	ciprofloxacin	ciprofloxacin	<=	0.015	mg/L	Susceptible	CLSI	Broth dilution	bv_brc_genome_amr	high
27381390	CVM 43793	SAMN02911962	BioSample	Salmonella enterica	azithromycin	azithromycin	=	8.0	mg/L	Susceptible	CLSI	Broth dilution	bv_brc_genome_amr	high
27381390	CVM N51277	SAMN03894368	BioSample	Salmonella enterica	ciprofloxacin	ciprofloxacin	=	0.03	mg/L	Susceptible	CLSI	Broth dilution	bv_brc_genome_amr	high
27381390	CVM N46852	SAMN03894231	BioSample	Salmonella enterica	ciprofloxacin	ciprofloxacin	<=	0.015	mg/L	Susceptible	CLSI	Broth dilution	bv_brc_genome_amr	high
27381390	CVM N44708	SAMN03894125	BioSample	Salmonella enterica	azithromycin	azithromycin	=	4.0	mg/L	Susceptible	CLSI	Broth dilution	bv_brc_genome_amr	high
27381390	CVM N45940	SAMN03894174	BioSample	Salmonella enterica	azithromycin	azithromycin	=	2.0	mg/L	Susceptible	CLSI	Broth dilution	bv_brc_genome_amr	high
27381390	CVM N46855	SAMN03894234	BioSample	Salmonella enterica	amoxicillin-clavulanic_acid	amoxicillin/clavulanic acid	<=	1.0	mg/L	Susceptible	CLSI	Broth dilution	bv_brc_genome_amr	high
27381390	CVM N51294	SAMN03894385	BioSample	Salmonella enterica	amoxicillin-clavulanic_acid	amoxicillin/clavulanic acid	<=	1.0	mg/L	Susceptible	CLSI	Broth dilution	bv_brc_genome_amr	high
27381390	CVM N51297	SAMN03894388	BioSample	Salmonella enterica	amoxicillin-clavulanic_acid	amoxicillin/clavulanic acid	<=	1.0	mg/L	Susceptible	CLSI	Broth dilution	bv_brc_genome_amr	high
27381390	CVM 43816	SAMN02911985	BioSample	Salmonella enterica	ceftriaxone	ceftriaxone	<=	0.25	mg/L	Susceptible	CLSI	Broth dilution	bv_brc_genome_amr	high
27381390	CVM N42507	SAMN02699360	BioSample	Salmonella enterica	ampicillin	ampicillin	<=	1.0	mg/L	Susceptible	CLSI	Broth dilution	bv_brc_genome_amr	high
27381390	CVM N44706	SAMN03894123	BioSample	Salmonella enterica	ampicillin	ampicillin	<=	1.0	mg/L	Susceptible	CLSI	Broth dilution	bv_brc_genome_amr	high
27381390	CVM N50447	SAMN03894327	BioSample	Salmonella enterica	ampicillin	ampicillin	=	2.0	mg/L	Susceptible	CLSI	Broth dilution	bv_brc_genome_amr	high
27381390	CVM N51250	SAMN03894341	BioSample	Salmonella enterica	azithromycin	azithromycin	=	4.0	mg/L	Susceptible	CLSI	Broth dilution	bv_brc_genome_amr	high
27381390	CVM N29378	SAMN02699208	BioSample	Salmonella enterica	azithromycin	azithromycin	=	4.0	mg/L	Susceptible	CLSI	Broth dilution	bv_brc_genome_amr	high
27381390	CVM 43825	SAMN02911994	BioSample	Salmonella enterica	ciprofloxacin	ciprofloxacin	<=	0.015	mg/L	Susceptible	CLSI	Broth dilution	bv_brc_genome_amr	high
27381390	CVM 43830	SAMN02911999	BioSample	Salmonella enterica	ciprofloxacin	ciprofloxacin	=	0.25	mg/L	Susceptible	CLSI	Broth dilution	bv_brc_genome_amr	high
27381390	CVM N44695	SAMN03894112	BioSample	Salmonella enterica	ceftriaxone	ceftriaxone	<=	0.25	mg/L	Susceptible	CLSI	Broth dilution	bv_brc_genome_amr	high
27381390	CVM N43824	SAMN03894096	BioSample	Salmonella enterica	ampicillin	ampicillin	<=	1.0	mg/L	Susceptible	CLSI	Broth dilution	bv_brc_genome_amr	high
27381390	CVM 43754	SAMN02911923	BioSample	Salmonella enterica	ciprofloxacin	ciprofloxacin	<=	0.015	mg/L	Susceptible	CLSI	Broth dilution	bv_brc_genome_amr	high
27381390	CVM 43827	SAMN02911996	BioSample	Salmonella enterica	ampicillin	ampicillin	>	32.0	mg/L	Resistant	CLSI	Broth dilution	bv_brc_genome_amr	high
27381390	CVM 43755	SAMN02911924	BioSample	Salmonella enterica	ampicillin	ampicillin	>	32.0	mg/L	Resistant	CLSI	Broth dilution	bv_brc_genome_amr	high
27381390	CVM N42482	SAMN02699355	BioSample	Salmonella enterica	azithromycin	azithromycin	=	4.0	mg/L	Susceptible	CLSI	Broth dilution	bv_brc_genome_amr	high
27381390	CVM N30701	SAMN02699227	BioSample	Salmonella enterica	ciprofloxacin	ciprofloxacin	<=	0.015	mg/L	Susceptible	CLSI	Broth dilution	bv_brc_genome_amr	high
27381390	CVM N41904	SAMN02699331	BioSample	Salmonella enterica	ampicillin	ampicillin	>	32.0	mg/L	Resistant	CLSI	Broth dilution	bv_brc_genome_amr	high
27381390	CVM N50446	SAMN03894326	BioSample	Salmonella enterica	amoxicillin-clavulanic_acid	amoxicillin/clavulanic acid	>	32.0	mg/L	Resistant	CLSI	Broth dilution	bv_brc_genome_amr	high
27381390	CVM N29355	SAMN02699200	BioSample	Salmonella enterica	amoxicillin-clavulanic_acid	amoxicillin/clavulanic acid	<=	1.0	mg/L	Susceptible	CLSI	Broth dilution	bv_brc_genome_amr	high
27381390	CVM 43784	SAMN02911953	BioSample	Salmonella enterica	ampicillin	ampicillin	>	32.0	mg/L	Resistant	CLSI	Broth dilution	bv_brc_genome_amr	high
27381390	CVM N51313	SAMN03894404	BioSample	Salmonella enterica	ampicillin	ampicillin	<=	1.0	mg/L	Susceptible	CLSI	Broth dilution	bv_brc_genome_amr	high
27381390	CVM N43465	SAMN03894074	BioSample	Salmonella enterica	ciprofloxacin	ciprofloxacin	<=	0.015	mg/L	Susceptible	CLSI	Broth dilution	bv_brc_genome_amr	high
27381390	CVM N42468	SAMN02699348	BioSample	Salmonella enterica	azithromycin	azithromycin	=	2.0	mg/L	Susceptible	CLSI	Broth dilution	bv_brc_genome_amr	high
27381390	CVM N51308	SAMN03894399	BioSample	Salmonella enterica	ciprofloxacin	ciprofloxacin	<=	0.015	mg/L	Susceptible	CLSI	Broth dilution	bv_brc_genome_amr	high
27381390	CVM N42502	SAMN02699359	BioSample	Salmonella enterica	ampicillin	ampicillin	>	32.0	mg/L	Resistant	CLSI	Broth dilution	bv_brc_genome_amr	high
27381390	CVM N51297	SAMN03894388	BioSample	Salmonella enterica	ceftriaxone	ceftriaxone	<=	0.25	mg/L	Susceptible	CLSI	Broth dilution	bv_brc_genome_amr	high
27381390	CVM N42453	SAMN02699345	BioSample	Salmonella enterica	ciprofloxacin	ciprofloxacin	<=	0.015	mg/L	Susceptible	CLSI	Broth dilution	bv_brc_genome_amr	high
27381390	CVM 43758	SAMN02911927	BioSample	Salmonella enterica	amoxicillin-clavulanic_acid	amoxicillin/clavulanic acid	=	16.0	mg/L	Susceptible	CLSI	Broth dilution	bv_brc_genome_amr	high
27381390	CVM N41734	SAMN02699326	BioSample	Salmonella enterica	ceftriaxone	ceftriaxone	<=	0.25	mg/L	Susceptible	CLSI	Broth dilution	bv_brc_genome_amr	high
27381390	CVM N46823	SAMN03894202	BioSample	Salmonella enterica	ciprofloxacin	ciprofloxacin	<=	0.015	mg/L	Susceptible	CLSI	Broth dilution	bv_brc_genome_amr	high
27381390	CVM N29385	SAMN02699212	BioSample	Salmonella enterica	ceftriaxone	ceftriaxone	<=	0.25	mg/L	Susceptible	CLSI	Broth dilution	bv_brc_genome_amr	high
27381390	CVM N48685	SAMN03894272	BioSample	Salmonella enterica	ciprofloxacin	ciprofloxacin	<=	0.015	mg/L	Susceptible	CLSI	Broth dilution	bv_brc_genome_amr	high
27381390	CVM 43824	SAMN02911993	BioSample	Salmonella enterica	ceftriaxone	ceftriaxone	<=	0.25	mg/L	Susceptible	CLSI	Broth dilution	bv_brc_genome_amr	high
27381390	CVM N45934	SAMN03894168	BioSample	Salmonella enterica	azithromycin	azithromycin	=	1.0	mg/L	Susceptible	CLSI	Broth dilution	bv_brc_genome_amr	high
27381390	CVM N46856	SAMN03894235	BioSample	Salmonella enterica	azithromycin	azithromycin	=	4.0	mg/L	Susceptible	CLSI	Broth dilution	bv_brc_genome_amr	high
27381390	CVM N51303	SAMN03894394	BioSample	Salmonella enterica	amoxicillin-clavulanic_acid	amoxicillin/clavulanic acid	>	32.0	mg/L	Resistant	CLSI	Broth dilution	bv_brc_genome_amr	high
27381390	CVM N51252	SAMN03894343	BioSample	Salmonella enterica	amoxicillin-clavulanic_acid	amoxicillin/clavulanic acid	<=	1.0	mg/L	Susceptible	CLSI	Broth dilution	bv_brc_genome_amr	high
27381390	CVM N46828	SAMN03894207	BioSample	Salmonella enterica	amoxicillin-clavulanic_acid	amoxicillin/clavulanic acid	=	16.0	mg/L	Susceptible	CLSI	Broth dilution	bv_brc_genome_amr	high
27381390	CVM N37941	SAMN02699271	BioSample	Salmonella enterica	amoxicillin-clavulanic_acid	amoxicillin/clavulanic acid	=	8.0	mg/L	Susceptible	CLSI	Broth dilution	bv_brc_genome_amr	high
27381390	CVM N40367	SAMN02699310	BioSample	Salmonella enterica	azithromycin	azithromycin	=	4.0	mg/L	Susceptible	CLSI	Broth dilution	bv_brc_genome_amr	high
27381390	CVM N40408	SAMN02699319	BioSample	Salmonella enterica	azithromycin	azithromycin	=	4.0	mg/L	Susceptible	CLSI	Broth dilution	bv_brc_genome_amr	high
27381390	CVM N30679	SAMN02699222	BioSample	Salmonella enterica	ampicillin	ampicillin	<=	1.0	mg/L	Susceptible	CLSI	Broth dilution	bv_brc_genome_amr	high
27381390	CVM N44699	SAMN03894116	BioSample	Salmonella enterica	ciprofloxacin	ciprofloxacin	<=	0.015	mg/L	Susceptible	CLSI	Broth dilution	bv_brc_genome_amr	high
27381390	CVM N51266	SAMN03894357	BioSample	Salmonella enterica	ampicillin	ampicillin	<=	1.0	mg/L	Susceptible	CLSI	Broth dilution	bv_brc_genome_amr	high
27381390	CVM N37938	SAMN02699270	BioSample	Salmonella enterica	ceftriaxone	ceftriaxone	<=	0.25	mg/L	Susceptible	CLSI	Broth dilution	bv_brc_genome_amr	high
27381390	CVM N30685	SAMN02699224	BioSample	Salmonella enterica	ampicillin	ampicillin	>	32.0	mg/L	Resistant	CLSI	Broth dilution	bv_brc_genome_amr	high
27381390	CVM N29343	SAMN02699197	BioSample	Salmonella enterica	azithromycin	azithromycin	=	4.0	mg/L	Susceptible	CLSI	Broth dilution	bv_brc_genome_amr	high
27381390	CVM N43824	SAMN03894096	BioSample	Salmonella enterica	azithromycin	azithromycin	=	4.0	mg/L	Susceptible	CLSI	Broth dilution	bv_brc_genome_amr	high
27381390	CVM N45408	SAMN03894153	BioSample	Salmonella enterica	azithromycin	azithromycin	=	4.0	mg/L	Susceptible	CLSI	Broth dilution	bv_brc_genome_amr	high
27381390	CVM N43469	SAMN03894078	BioSample	Salmonella enterica	ceftriaxone	ceftriaxone	=	8.0	mg/L	Resistant	CLSI	Broth dilution	bv_brc_genome_amr	high
27381390	CVM N32755	SAMN02699257	BioSample	Salmonella enterica	amoxicillin-clavulanic_acid	amoxicillin/clavulanic acid	=	16.0	mg/L	Susceptible	CLSI	Broth dilution	bv_brc_genome_amr	high
27381390	CVM 43831	SAMN02912000	BioSample	Salmonella enterica	amoxicillin-clavulanic_acid	amoxicillin/clavulanic acid	<=	1.0	mg/L	Susceptible	CLSI	Broth dilution	bv_brc_genome_amr	high
27381390	CVM N29357	SAMN02699201	BioSample	Salmonella enterica	ciprofloxacin	ciprofloxacin	<=	0.015	mg/L	Susceptible	CLSI	Broth dilution	bv_brc_genome_amr	high
27381390	CVM 43763	SAMN02911932	BioSample	Salmonella enterica	ceftriaxone	ceftriaxone	<=	0.25	mg/L	Susceptible	CLSI	Broth dilution	bv_brc_genome_amr	high
27381390	CVM N48705	SAMN03894292	BioSample	Salmonella enterica	ampicillin	ampicillin	<=	1.0	mg/L	Susceptible	CLSI	Broth dilution	bv_brc_genome_amr	high
27381390	CVM 43826	SAMN02911995	BioSample	Salmonella enterica	azithromycin	azithromycin	=	4.0	mg/L	Susceptible	CLSI	Broth dilution	bv_brc_genome_amr	high
27381390	CVM N48693	SAMN03894280	BioSample	Salmonella enterica	amoxicillin-clavulanic_acid	amoxicillin/clavulanic acid	<=	1.0	mg/L	Susceptible	CLSI	Broth dilution	bv_brc_genome_amr	high
27381390	CVM N51266	SAMN03894357	BioSample	Salmonella enterica	amoxicillin-clavulanic_acid	amoxicillin/clavulanic acid	<=	1.0	mg/L	Susceptible	CLSI	Broth dilution	bv_brc_genome_amr	high
27381390	CVM N42528	SAMN02699365	BioSample	Salmonella enterica	azithromycin	azithromycin	=	4.0	mg/L	Susceptible	CLSI	Broth dilution	bv_brc_genome_amr	high
27381390	CVM N51256	SAMN03894347	BioSample	Salmonella enterica	ceftriaxone	ceftriaxone	<=	0.25	mg/L	Susceptible	CLSI	Broth dilution	bv_brc_genome_amr	high
27381390	CVM N43833	SAMN03894105	BioSample	Salmonella enterica	ceftriaxone	ceftriaxone	<=	0.25	mg/L	Susceptible	CLSI	Broth dilution	bv_brc_genome_amr	high
27381390	CVM N45956	SAMN03894187	BioSample	Salmonella enterica	amoxicillin-clavulanic_acid	amoxicillin/clavulanic acid	<=	1.0	mg/L	Susceptible	CLSI	Broth dilution	bv_brc_genome_amr	high
27381390	CVM N51307	SAMN03894398	BioSample	Salmonella enterica	ciprofloxacin	ciprofloxacin	<=	0.015	mg/L	Susceptible	CLSI	Broth dilution	bv_brc_genome_amr	high
27381390	CVM N37950	SAMN02699272	BioSample	Salmonella enterica	azithromycin	azithromycin	=	8.0	mg/L	Susceptible	CLSI	Broth dilution	bv_brc_genome_amr	high
27381390	CVM N46832	SAMN03894211	BioSample	Salmonella enterica	ciprofloxacin	ciprofloxacin	<=	0.015	mg/L	Susceptible	CLSI	Broth dilution	bv_brc_genome_amr	high
27381390	CVM N29317	SAMN02699192	BioSample	Salmonella enterica	ceftriaxone	ceftriaxone	<=	0.25	mg/L	Susceptible	CLSI	Broth dilution	bv_brc_genome_amr	high
27381390	CVM N45944	SAMN03894178	BioSample	Salmonella enterica	ciprofloxacin	ciprofloxacin	<=	0.015	mg/L	Susceptible	CLSI	Broth dilution	bv_brc_genome_amr	high
27381390	CVM N51275	SAMN03894366	BioSample	Salmonella enterica	ceftriaxone	ceftriaxone	=	8.0	mg/L	Resistant	CLSI	Broth dilution	bv_brc_genome_amr	high
27381390	CVM 43810	SAMN02911979	BioSample	Salmonella enterica	amoxicillin-clavulanic_acid	amoxicillin/clavulanic acid	>	32.0	mg/L	Resistant	CLSI	Broth dilution	bv_brc_genome_amr	high
27381390	CVM N40375	SAMN02699313	BioSample	Salmonella enterica	azithromycin	azithromycin	=	4.0	mg/L	Susceptible	CLSI	Broth dilution	bv_brc_genome_amr	high
27381390	CVM 43782	SAMN02911951	BioSample	Salmonella enterica	ceftriaxone	ceftriaxone	<=	0.25	mg/L	Susceptible	CLSI	Broth dilution	bv_brc_genome_amr	high
27381390	CVM N32053	SAMN02699251	BioSample	Salmonella enterica	amoxicillin-clavulanic_acid	amoxicillin/clavulanic acid	=	8.0	mg/L	Susceptible	CLSI	Broth dilution	bv_brc_genome_amr	high
27381390	CVM N38944	SAMN02699307	BioSample	Salmonella enterica	ceftriaxone	ceftriaxone	<=	0.25	mg/L	Susceptible	CLSI	Broth dilution	bv_brc_genome_amr	high
27381390	CVM N38925	SAMN02699304	BioSample	Salmonella enterica	ceftriaxone	ceftriaxone	<=	0.25	mg/L	Susceptible	CLSI	Broth dilution	bv_brc_genome_amr	high
27381390	CVM N45942	SAMN03894176	BioSample	Salmonella enterica	amoxicillin-clavulanic_acid	amoxicillin/clavulanic acid	<=	1.0	mg/L	Susceptible	CLSI	Broth dilution	bv_brc_genome_amr	high
27381390	CVM N50431	SAMN03894311	BioSample	Salmonella enterica	ceftriaxone	ceftriaxone	<=	0.25	mg/L	Susceptible	CLSI	Broth dilution	bv_brc_genome_amr	high
27381390	CVM N43820	SAMN03894092	BioSample	Salmonella enterica	ampicillin	ampicillin	<=	1.0	mg/L	Susceptible	CLSI	Broth dilution	bv_brc_genome_amr	high
27381390	CVM N30650	SAMN02699215	BioSample	Salmonella enterica	ceftriaxone	ceftriaxone	<=	0.25	mg/L	Susceptible	CLSI	Broth dilution	bv_brc_genome_amr	high
27381390	CVM N51292	SAMN03894383	BioSample	Salmonella enterica	azithromycin	azithromycin	=	4.0	mg/L	Susceptible	CLSI	Broth dilution	bv_brc_genome_amr	high
27381390	CVM N43475	SAMN03894084	BioSample	Salmonella enterica	ceftriaxone	ceftriaxone	<=	0.25	mg/L	Susceptible	CLSI	Broth dilution	bv_brc_genome_amr	high
27381390	CVM N47715	SAMN03894245	BioSample	Salmonella enterica	ciprofloxacin	ciprofloxacin	=	0.03	mg/L	Susceptible	CLSI	Broth dilution	bv_brc_genome_amr	high
27381390	CVM N39863	SAMN02699308	BioSample	Salmonella enterica	ampicillin	ampicillin	>	32.0	mg/L	Resistant	CLSI	Broth dilution	bv_brc_genome_amr	high
27381390	CVM N43457	SAMN03894066	BioSample	Salmonella enterica	amoxicillin-clavulanic_acid	amoxicillin/clavulanic acid	<=	1.0	mg/L	Susceptible	CLSI	Broth dilution	bv_brc_genome_amr	high
27381390	CVM 43819	SAMN02911988	BioSample	Salmonella enterica	amoxicillin-clavulanic_acid	amoxicillin/clavulanic acid	<=	1.0	mg/L	Susceptible	CLSI	Broth dilution	bv_brc_genome_amr	high
27381390	CVM 43812	SAMN02911981	BioSample	Salmonella enterica	ciprofloxacin	ciprofloxacin	<=	0.015	mg/L	Susceptible	CLSI	Broth dilution	bv_brc_genome_amr	high
27381390	CVM N45397	SAMN03894142	BioSample	Salmonella enterica	amoxicillin-clavulanic_acid	amoxicillin/clavulanic acid	>	32.0	mg/L	Resistant	CLSI	Broth dilution	bv_brc_genome_amr	high
27381390	CVM N48699	SAMN03894286	BioSample	Salmonella enterica	ciprofloxacin	ciprofloxacin	<=	0.015	mg/L	Susceptible	CLSI	Broth dilution	bv_brc_genome_amr	high
27381390	CVM N50446	SAMN03894326	BioSample	Salmonella enterica	ciprofloxacin	ciprofloxacin	=	0.03	mg/L	Susceptible	CLSI	Broth dilution	bv_brc_genome_amr	high
27381390	CVM N51301	SAMN03894392	BioSample	Salmonella enterica	amoxicillin-clavulanic_acid	amoxicillin/clavulanic acid	>	32.0	mg/L	Resistant	CLSI	Broth dilution	bv_brc_genome_amr	high
27381390	CVM N48701	SAMN03894288	BioSample	Salmonella enterica	ciprofloxacin	ciprofloxacin	<=	0.015	mg/L	Susceptible	CLSI	Broth dilution	bv_brc_genome_amr	high
27381390	CVM N31397	SAMN02699234	BioSample	Salmonella enterica	ciprofloxacin	ciprofloxacin	=	0.03	mg/L	Susceptible	CLSI	Broth dilution	bv_brc_genome_amr	high
27381390	CVM N32750	SAMN02699255	BioSample	Salmonella enterica	ampicillin	ampicillin	=	2.0	mg/L	Susceptible	CLSI	Broth dilution	bv_brc_genome_amr	high
27381390	CVM N51303	SAMN03894394	BioSample	Salmonella enterica	ciprofloxacin	ciprofloxacin	<=	0.015	mg/L	Susceptible	CLSI	Broth dilution	bv_brc_genome_amr	high
27381390	CVM N47713	SAMN03894243	BioSample	Salmonella enterica	ciprofloxacin	ciprofloxacin	<=	0.015	mg/L	Susceptible	CLSI	Broth dilution	bv_brc_genome_amr	high
27381390	CVM 43768	SAMN02911937	BioSample	Salmonella enterica	azithromycin	azithromycin	=	4.0	mg/L	Susceptible	CLSI	Broth dilution	bv_brc_genome_amr	high
27381390	CVM N51310	SAMN03894401	BioSample	Salmonella enterica	ampicillin	ampicillin	=	2.0	mg/L	Susceptible	CLSI	Broth dilution	bv_brc_genome_amr	high
27381390	CVM N51307	SAMN03894398	BioSample	Salmonella enterica	ampicillin	ampicillin	<=	1.0	mg/L	Susceptible	CLSI	Broth dilution	bv_brc_genome_amr	high
27381390	CVM N51310	SAMN03894401	BioSample	Salmonella enterica	azithromycin	azithromycin	=	4.0	mg/L	Susceptible	CLSI	Broth dilution	bv_brc_genome_amr	high
27381390	CVM N43823	SAMN03894095	BioSample	Salmonella enterica	ampicillin	ampicillin	<=	1.0	mg/L	Susceptible	CLSI	Broth dilution	bv_brc_genome_amr	high
27381390	CVM N48704	SAMN03894291	BioSample	Salmonella enterica	ceftriaxone	ceftriaxone	<=	0.25	mg/L	Susceptible	CLSI	Broth dilution	bv_brc_genome_amr	high
27381390	CVM N50450	SAMN03894330	BioSample	Salmonella enterica	amoxicillin-clavulanic_acid	amoxicillin/clavulanic acid	<=	1.0	mg/L	Susceptible	CLSI	Broth dilution	bv_brc_genome_amr	high
27381390	CVM 43796	SAMN02911965	BioSample	Salmonella enterica	ceftriaxone	ceftriaxone	<=	0.25	mg/L	Susceptible	CLSI	Broth dilution	bv_brc_genome_amr	high
27381390	CVM N48694	SAMN03894281	BioSample	Salmonella enterica	ciprofloxacin	ciprofloxacin	<=	0.015	mg/L	Susceptible	CLSI	Broth dilution	bv_brc_genome_amr	high
27381390	CVM N43827	SAMN03894099	BioSample	Salmonella enterica	azithromycin	azithromycin	=	4.0	mg/L	Susceptible	CLSI	Broth dilution	bv_brc_genome_amr	high
27381390	CVM 43756	SAMN02911925	BioSample	Salmonella enterica	azithromycin	azithromycin	=	4.0	mg/L	Susceptible	CLSI	Broth dilution	bv_brc_genome_amr	high
27381390	CVM N48707	SAMN03894294	BioSample	Salmonella enterica	ceftriaxone	ceftriaxone	=	16.0	mg/L	Resistant	CLSI	Broth dilution	bv_brc_genome_amr	high
27381390	CVM N38925	SAMN02699304	BioSample	Salmonella enterica	amoxicillin-clavulanic_acid	amoxicillin/clavulanic acid	<=	1.0	mg/L	Susceptible	CLSI	Broth dilution	bv_brc_genome_amr	high
27381390	CVM N45954	SAMN03894185	BioSample	Salmonella enterica	ampicillin	ampicillin	>	32.0	mg/L	Resistant	CLSI	Broth dilution	bv_brc_genome_amr	high
27381390	CVM 43779	SAMN02911948	BioSample	Salmonella enterica	ceftriaxone	ceftriaxone	<=	0.25	mg/L	Susceptible	CLSI	Broth dilution	bv_brc_genome_amr	high
27381390	CVM N45391	SAMN03894136	BioSample	Salmonella enterica	azithromycin	azithromycin	=	2.0	mg/L	Susceptible	CLSI	Broth dilution	bv_brc_genome_amr	high
27381390	CVM N45396	SAMN03894141	BioSample	Salmonella enterica	amoxicillin-clavulanic_acid	amoxicillin/clavulanic acid	<=	1.0	mg/L	Susceptible	CLSI	Broth dilution	bv_brc_genome_amr	high
27381390	CVM N45391	SAMN03894136	BioSample	Salmonella enterica	amoxicillin-clavulanic_acid	amoxicillin/clavulanic acid	=	8.0	mg/L	Susceptible	CLSI	Broth dilution	bv_brc_genome_amr	high
27381390	CVM N48691	SAMN03894278	BioSample	Salmonella enterica	ampicillin	ampicillin	>	32.0	mg/L	Resistant	CLSI	Broth dilution	bv_brc_genome_amr	high
27381390	CVM N46859	SAMN03894238	BioSample	Salmonella enterica	ceftriaxone	ceftriaxone	<=	0.25	mg/L	Susceptible	CLSI	Broth dilution	bv_brc_genome_amr	high
27381390	CVM N29350	SAMN02699198	BioSample	Salmonella enterica	amoxicillin-clavulanic_acid	amoxicillin/clavulanic acid	=	16.0	mg/L	Susceptible	CLSI	Broth dilution	bv_brc_genome_amr	high
27381390	CVM N45404	SAMN03894149	BioSample	Salmonella enterica	amoxicillin-clavulanic_acid	amoxicillin/clavulanic acid	>	32.0	mg/L	Resistant	CLSI	Broth dilution	bv_brc_genome_amr	high
27381390	CVM N48695	SAMN03894282	BioSample	Salmonella enterica	amoxicillin-clavulanic_acid	amoxicillin/clavulanic acid	=	2.0	mg/L	Susceptible	CLSI	Broth dilution	bv_brc_genome_amr	high
27381390	CVM N29339	SAMN02699196	BioSample	Salmonella enterica	ampicillin	ampicillin	>	32.0	mg/L	Resistant	CLSI	Broth dilution	bv_brc_genome_amr	high
27381390	CVM N38886	SAMN02699294	BioSample	Salmonella enterica	azithromycin	azithromycin	=	4.0	mg/L	Susceptible	CLSI	Broth dilution	bv_brc_genome_amr	high
27381390	CVM N44704	SAMN03894121	BioSample	Salmonella enterica	ciprofloxacin	ciprofloxacin	<=	0.015	mg/L	Susceptible	CLSI	Broth dilution	bv_brc_genome_amr	high
27381390	CVM N51257	SAMN03894348	BioSample	Salmonella enterica	ampicillin	ampicillin	<=	1.0	mg/L	Susceptible	CLSI	Broth dilution	bv_brc_genome_amr	high
27381390	CVM N51307	SAMN03894398	BioSample	Salmonella enterica	ceftriaxone	ceftriaxone	<=	0.25	mg/L	Susceptible	CLSI	Broth dilution	bv_brc_genome_amr	high
27381390	CVM N43825	SAMN03894097	BioSample	Salmonella enterica	azithromycin	azithromycin	=	4.0	mg/L	Susceptible	CLSI	Broth dilution	bv_brc_genome_amr	high
27381390	CVM N51297	SAMN03894388	BioSample	Salmonella enterica	ampicillin	ampicillin	<=	1.0	mg/L	Susceptible	CLSI	Broth dilution	bv_brc_genome_amr	high
27381390	CVM N51274	SAMN03894365	BioSample	Salmonella enterica	ampicillin	ampicillin	>	32.0	mg/L	Resistant	CLSI	Broth dilution	bv_brc_genome_amr	high
27381390	CVM N50440	SAMN03894320	BioSample	Salmonella enterica	ceftriaxone	ceftriaxone	<=	0.25	mg/L	Susceptible	CLSI	Broth dilution	bv_brc_genome_amr	high
27381390	CVM N45952	SAMN03894183	BioSample	Salmonella enterica	ampicillin	ampicillin	<=	1.0	mg/L	Susceptible	CLSI	Broth dilution	bv_brc_genome_amr	high
27381390	CVM N41746	SAMN02699327	BioSample	Salmonella enterica	azithromycin	azithromycin	=	4.0	mg/L	Susceptible	CLSI	Broth dilution	bv_brc_genome_amr	high
27381390	CVM N40367	SAMN02699310	BioSample	Salmonella enterica	amoxicillin-clavulanic_acid	amoxicillin/clavulanic acid	<=	1.0	mg/L	Susceptible	CLSI	Broth dilution	bv_brc_genome_amr	high
27381390	CVM N48705	SAMN03894292	BioSample	Salmonella enterica	ciprofloxacin	ciprofloxacin	<=	0.015	mg/L	Susceptible	CLSI	Broth dilution	bv_brc_genome_amr	high
27381390	CVM N45399	SAMN03894144	BioSample	Salmonella enterica	azithromycin	azithromycin	=	4.0	mg/L	Susceptible	CLSI	Broth dilution	bv_brc_genome_amr	high
27381390	CVM 43788	SAMN02911957	BioSample	Salmonella enterica	ceftriaxone	ceftriaxone	=	16.0	mg/L	Resistant	CLSI	Broth dilution	bv_brc_genome_amr	high
27381390	CVM N43452	SAMN03894061	BioSample	Salmonella enterica	ceftriaxone	ceftriaxone	<=	0.25	mg/L	Susceptible	CLSI	Broth dilution	bv_brc_genome_amr	high
27381390	CVM N46861	SAMN03894240	BioSample	Salmonella enterica	ciprofloxacin	ciprofloxacin	=	0.03	mg/L	Susceptible	CLSI	Broth dilution	bv_brc_genome_amr	high
27381390	CVM N46827	SAMN03894206	BioSample	Salmonella enterica	azithromycin	azithromycin	=	4.0	mg/L	Susceptible	CLSI	Broth dilution	bv_brc_genome_amr	high
27381390	CVM 43744	SAMN02911913	BioSample	Salmonella enterica	amoxicillin-clavulanic_acid	amoxicillin/clavulanic acid	=	8.0	mg/L	Susceptible	CLSI	Broth dilution	bv_brc_genome_amr	high
27381390	CVM N32051	SAMN02699249	BioSample	Salmonella enterica	azithromycin	azithromycin	=	4.0	mg/L	Susceptible	CLSI	Broth dilution	bv_brc_genome_amr	high
27381390	CVM N51288	SAMN03894379	BioSample	Salmonella enterica	ceftriaxone	ceftriaxone	<=	0.25	mg/L	Susceptible	CLSI	Broth dilution	bv_brc_genome_amr	high
27381390	CVM 43806	SAMN02911975	BioSample	Salmonella enterica	ceftriaxone	ceftriaxone	<=	0.25	mg/L	Susceptible	CLSI	Broth dilution	bv_brc_genome_amr	high
27381390	CVM 43811	SAMN02911980	BioSample	Salmonella enterica	ampicillin	ampicillin	>	32.0	mg/L	Resistant	CLSI	Broth dilution	bv_brc_genome_amr	high
27381390	CVM N38876	SAMN02699291	BioSample	Salmonella enterica	ciprofloxacin	ciprofloxacin	<=	0.015	mg/L	Susceptible	CLSI	Broth dilution	bv_brc_genome_amr	high
27381390	CVM N48689	SAMN03894276	BioSample	Salmonella enterica	ciprofloxacin	ciprofloxacin	<=	0.015	mg/L	Susceptible	CLSI	Broth dilution	bv_brc_genome_amr	high
27381390	CVM N50438	SAMN03894318	BioSample	Salmonella enterica	ceftriaxone	ceftriaxone	=	32.0	mg/L	Resistant	CLSI	Broth dilution	bv_brc_genome_amr	high
27381390	CVM N38929	SAMN02699305	BioSample	Salmonella enterica	amoxicillin-clavulanic_acid	amoxicillin/clavulanic acid	<=	1.0	mg/L	Susceptible	CLSI	Broth dilution	bv_brc_genome_amr	high
27381390	CVM N51299	SAMN03894390	BioSample	Salmonella enterica	amoxicillin-clavulanic_acid	amoxicillin/clavulanic acid	>	32.0	mg/L	Resistant	CLSI	Broth dilution	bv_brc_genome_amr	high
27381390	CVM N48676	SAMN03894263	BioSample	Salmonella enterica	azithromycin	azithromycin	=	2.0	mg/L	Susceptible	CLSI	Broth dilution	bv_brc_genome_amr	high
27381390	CVM 43754	SAMN02911923	BioSample	Salmonella enterica	ampicillin	ampicillin	>	32.0	mg/L	Resistant	CLSI	Broth dilution	bv_brc_genome_amr	high
27381390	CVM N48697	SAMN03894284	BioSample	Salmonella enterica	amoxicillin-clavulanic_acid	amoxicillin/clavulanic acid	<=	1.0	mg/L	Susceptible	CLSI	Broth dilution	bv_brc_genome_amr	high
27381390	CVM N51308	SAMN03894399	BioSample	Salmonella enterica	ceftriaxone	ceftriaxone	<=	0.25	mg/L	Susceptible	CLSI	Broth dilution	bv_brc_genome_amr	high
27381390	CVM N51273	SAMN03894364	BioSample	Salmonella enterica	ciprofloxacin	ciprofloxacin	<=	0.015	mg/L	Susceptible	CLSI	Broth dilution	bv_brc_genome_amr	high
27381390	CVM 43841	SAMN02912010	BioSample	Salmonella enterica	ampicillin	ampicillin	>	32.0	mg/L	Resistant	CLSI	Broth dilution	bv_brc_genome_amr	high
27381390	CVM N30696	SAMN02699226	BioSample	Salmonella enterica	ampicillin	ampicillin	>	32.0	mg/L	Resistant	CLSI	Broth dilution	bv_brc_genome_amr	high
27381390	CVM N29343	SAMN02699197	BioSample	Salmonella enterica	ceftriaxone	ceftriaxone	<=	0.25	mg/L	Susceptible	CLSI	Broth dilution	bv_brc_genome_amr	high
27381390	CVM N38858	SAMN02699282	BioSample	Salmonella enterica	ciprofloxacin	ciprofloxacin	<=	0.015	mg/L	Susceptible	CLSI	Broth dilution	bv_brc_genome_amr	high
27381390	CVM N29367	SAMN02699205	BioSample	Salmonella enterica	ciprofloxacin	ciprofloxacin	<=	0.015	mg/L	Susceptible	CLSI	Broth dilution	bv_brc_genome_amr	high
27381390	CVM N38893	SAMN02699296	BioSample	Salmonella enterica	amoxicillin-clavulanic_acid	amoxicillin/clavulanic acid	>	32.0	mg/L	Resistant	CLSI	Broth dilution	bv_brc_genome_amr	high
27381390	CVM N51293	SAMN03894384	BioSample	Salmonella enterica	ciprofloxacin	ciprofloxacin	<=	0.015	mg/L	Susceptible	CLSI	Broth dilution	bv_brc_genome_amr	high
27381390	CVM N51309	SAMN03894400	BioSample	Salmonella enterica	ampicillin	ampicillin	=	2.0	mg/L	Susceptible	CLSI	Broth dilution	bv_brc_genome_amr	high
27381390	CVM N40366	SAMN02950159	BioSample	Salmonella enterica	ciprofloxacin	ciprofloxacin	<=	0.015	mg/L	Susceptible	CLSI	Broth dilution	bv_brc_genome_amr	high
27381390	CVM N48695	SAMN03894282	BioSample	Salmonella enterica	ceftriaxone	ceftriaxone	<=	0.25	mg/L	Susceptible	CLSI	Broth dilution	bv_brc_genome_amr	high
27381390	CVM N41895	SAMN02699329	BioSample	Salmonella enterica	ampicillin	ampicillin	>	32.0	mg/L	Resistant	CLSI	Broth dilution	bv_brc_genome_amr	high
27381390	CVM N51258	SAMN03894349	BioSample	Salmonella enterica	ciprofloxacin	ciprofloxacin	<=	0.015	mg/L	Susceptible	CLSI	Broth dilution	bv_brc_genome_amr	high
27381390	CVM N51304	SAMN03894395	BioSample	Salmonella enterica	ciprofloxacin	ciprofloxacin	<=	0.015	mg/L	Susceptible	CLSI	Broth dilution	bv_brc_genome_amr	high
27381390	CVM N43828	SAMN03894100	BioSample	Salmonella enterica	ampicillin	ampicillin	<=	1.0	mg/L	Susceptible	CLSI	Broth dilution	bv_brc_genome_amr	high
27381390	CVM N43477	SAMN03894086	BioSample	Salmonella enterica	azithromycin	azithromycin	=	4.0	mg/L	Susceptible	CLSI	Broth dilution	bv_brc_genome_amr	high
27381390	CVM 43782	SAMN02911951	BioSample	Salmonella enterica	azithromycin	azithromycin	=	4.0	mg/L	Susceptible	CLSI	Broth dilution	bv_brc_genome_amr	high
27381390	CVM N41747	SAMN02699328	BioSample	Salmonella enterica	ceftriaxone	ceftriaxone	<=	0.25	mg/L	Susceptible	CLSI	Broth dilution	bv_brc_genome_amr	high
27381390	CVM 43805	SAMN02911974	BioSample	Salmonella enterica	ciprofloxacin	ciprofloxacin	<=	0.015	mg/L	Susceptible	CLSI	Broth dilution	bv_brc_genome_amr	high
27381390	CVM N46820	SAMN03894199	BioSample	Salmonella enterica	amoxicillin-clavulanic_acid	amoxicillin/clavulanic acid	<=	1.0	mg/L	Susceptible	CLSI	Broth dilution	bv_brc_genome_amr	high
27381390	CVM 43770	SAMN02911939	BioSample	Salmonella enterica	ceftriaxone	ceftriaxone	<=	0.25	mg/L	Susceptible	CLSI	Broth dilution	bv_brc_genome_amr	high
27381390	CVM N38893	SAMN02699296	BioSample	Salmonella enterica	ciprofloxacin	ciprofloxacin	<=	0.015	mg/L	Susceptible	CLSI	Broth dilution	bv_brc_genome_amr	high
27381390	CVM N38909	SAMN02699299	BioSample	Salmonella enterica	amoxicillin-clavulanic_acid	amoxicillin/clavulanic acid	<=	1.0	mg/L	Susceptible	CLSI	Broth dilution	bv_brc_genome_amr	high
27381390	CVM N51289	SAMN03894380	BioSample	Salmonella enterica	amoxicillin-clavulanic_acid	amoxicillin/clavulanic acid	<=	1.0	mg/L	Susceptible	CLSI	Broth dilution	bv_brc_genome_amr	high
27381390	CVM N51251	SAMN03894342	BioSample	Salmonella enterica	ampicillin	ampicillin	>	32.0	mg/L	Resistant	CLSI	Broth dilution	bv_brc_genome_amr	high
27381390	CVM N40386	SAMN02699316	BioSample	Salmonella enterica	ampicillin	ampicillin	<=	1.0	mg/L	Susceptible	CLSI	Broth dilution	bv_brc_genome_amr	high
27381390	CVM N29309	SAMN02699188	BioSample	Salmonella enterica	ceftriaxone	ceftriaxone	<=	0.25	mg/L	Susceptible	CLSI	Broth dilution	bv_brc_genome_amr	high
27381390	CVM N46851	SAMN03894230	BioSample	Salmonella enterica	ciprofloxacin	ciprofloxacin	<=	0.015	mg/L	Susceptible	CLSI	Broth dilution	bv_brc_genome_amr	high
27381390	CVM N50420	SAMN03894300	BioSample	Salmonella enterica	ceftriaxone	ceftriaxone	<=	0.25	mg/L	Susceptible	CLSI	Broth dilution	bv_brc_genome_amr	high
27381390	CVM N42237	SAMN02699339	BioSample	Salmonella enterica	azithromycin	azithromycin	=	8.0	mg/L	Susceptible	CLSI	Broth dilution	bv_brc_genome_amr	high
27381390	CVM N51984	SAMN03894410	BioSample	Salmonella enterica	amoxicillin-clavulanic_acid	amoxicillin/clavulanic acid	<=	1.0	mg/L	Susceptible	CLSI	Broth dilution	bv_brc_genome_amr	high
27381390	CVM N45394	SAMN03894139	BioSample	Salmonella enterica	ciprofloxacin	ciprofloxacin	<=	0.015	mg/L	Susceptible	CLSI	Broth dilution	bv_brc_genome_amr	high
27381390	CVM N46836	SAMN03894215	BioSample	Salmonella enterica	ampicillin	ampicillin	<=	1.0	mg/L	Susceptible	CLSI	Broth dilution	bv_brc_genome_amr	high
27381390	CVM N45936	SAMN03894170	BioSample	Salmonella enterica	ceftriaxone	ceftriaxone	<=	0.25	mg/L	Susceptible	CLSI	Broth dilution	bv_brc_genome_amr	high
27381390	CVM N29309	SAMN02699188	BioSample	Salmonella enterica	amoxicillin-clavulanic_acid	amoxicillin/clavulanic acid	<=	1.0	mg/L	Susceptible	CLSI	Broth dilution	bv_brc_genome_amr	high
27381390	CVM N51310	SAMN03894401	BioSample	Salmonella enterica	ceftriaxone	ceftriaxone	<=	0.25	mg/L	Susceptible	CLSI	Broth dilution	bv_brc_genome_amr	high
27381390	CVM N38238	SAMN02699277	BioSample	Salmonella enterica	amoxicillin-clavulanic_acid	amoxicillin/clavulanic acid	<=	1.0	mg/L	Susceptible	CLSI	Broth dilution	bv_brc_genome_amr	high
27381390	CVM N38858	SAMN02699282	BioSample	Salmonella enterica	ceftriaxone	ceftriaxone	<=	0.25	mg/L	Susceptible	CLSI	Broth dilution	bv_brc_genome_amr	high
27381390	CVM N51276	SAMN03894367	BioSample	Salmonella enterica	ceftriaxone	ceftriaxone	=	16.0	mg/L	Resistant	CLSI	Broth dilution	bv_brc_genome_amr	high
27381390	CVM 43811	SAMN02911980	BioSample	Salmonella enterica	azithromycin	azithromycin	=	4.0	mg/L	Susceptible	CLSI	Broth dilution	bv_brc_genome_amr	high
27381390	CVM N43459	SAMN03894068	BioSample	Salmonella enterica	ciprofloxacin	ciprofloxacin	<=	0.015	mg/L	Susceptible	CLSI	Broth dilution	bv_brc_genome_amr	high
27381390	CVM N50438	SAMN03894318	BioSample	Salmonella enterica	azithromycin	azithromycin	=	4.0	mg/L	Susceptible	CLSI	Broth dilution	bv_brc_genome_amr	high
27381390	CVM N46839	SAMN03894218	BioSample	Salmonella enterica	ampicillin	ampicillin	=	2.0	mg/L	Susceptible	CLSI	Broth dilution	bv_brc_genome_amr	high
27381390	CVM N29385	SAMN02699212	BioSample	Salmonella enterica	ampicillin	ampicillin	=	2.0	mg/L	Susceptible	CLSI	Broth dilution	bv_brc_genome_amr	high
27381390	CVM N51269	SAMN03894360	BioSample	Salmonella enterica	azithromycin	azithromycin	=	4.0	mg/L	Susceptible	CLSI	Broth dilution	bv_brc_genome_amr	high
27381390	CVM N42239	SAMN02699340	BioSample	Salmonella enterica	ampicillin	ampicillin	<=	1.0	mg/L	Susceptible	CLSI	Broth dilution	bv_brc_genome_amr	high
27381390	CVM N38861	SAMN02699284	BioSample	Salmonella enterica	ciprofloxacin	ciprofloxacin	<=	0.015	mg/L	Susceptible	CLSI	Broth dilution	bv_brc_genome_amr	high
27381390	CVM N43470	SAMN03894079	BioSample	Salmonella enterica	ampicillin	ampicillin	=	2.0	mg/L	Susceptible	CLSI	Broth dilution	bv_brc_genome_amr	high
27381390	CVM N43464	SAMN03894073	BioSample	Salmonella enterica	ampicillin	ampicillin	<=	1.0	mg/L	Susceptible	CLSI	Broth dilution	bv_brc_genome_amr	high
27381390	CVM 43819	SAMN02911988	BioSample	Salmonella enterica	ceftriaxone	ceftriaxone	<=	0.25	mg/L	Susceptible	CLSI	Broth dilution	bv_brc_genome_amr	high
27381390	CVM N50434	SAMN03894314	BioSample	Salmonella enterica	ciprofloxacin	ciprofloxacin	<=	0.015	mg/L	Susceptible	CLSI	Broth dilution	bv_brc_genome_amr	high
27381390	CVM N51290	SAMN03894381	BioSample	Salmonella enterica	amoxicillin-clavulanic_acid	amoxicillin/clavulanic acid	<=	1.0	mg/L	Susceptible	CLSI	Broth dilution	bv_brc_genome_amr	high
27381390	CVM N42512	SAMN02699362	BioSample	Salmonella enterica	azithromycin	azithromycin	=	4.0	mg/L	Susceptible	CLSI	Broth dilution	bv_brc_genome_amr	high
27381390	CVM N51984	SAMN03894410	BioSample	Salmonella enterica	ceftriaxone	ceftriaxone	<=	0.25	mg/L	Susceptible	CLSI	Broth dilution	bv_brc_genome_amr	high
27381390	CVM N51309	SAMN03894400	BioSample	Salmonella enterica	amoxicillin-clavulanic_acid	amoxicillin/clavulanic acid	<=	1.0	mg/L	Susceptible	CLSI	Broth dilution	bv_brc_genome_amr	high
27381390	CVM 43813	SAMN02911982	BioSample	Salmonella enterica	azithromycin	azithromycin	=	4.0	mg/L	Susceptible	CLSI	Broth dilution	bv_brc_genome_amr	high
27381390	CVM N46821	SAMN03894200	BioSample	Salmonella enterica	ciprofloxacin	ciprofloxacin	=	0.03	mg/L	Susceptible	CLSI	Broth dilution	bv_brc_genome_amr	high
27381390	CVM N50433	SAMN03894313	BioSample	Salmonella enterica	ampicillin	ampicillin	<=	1.0	mg/L	Susceptible	CLSI	Broth dilution	bv_brc_genome_amr	high
27381390	CVM N29377	SAMN02699207	BioSample	Salmonella enterica	ciprofloxacin	ciprofloxacin	<=	0.015	mg/L	Susceptible	CLSI	Broth dilution	bv_brc_genome_amr	high
27381390	CVM 43814	SAMN02911983	BioSample	Salmonella enterica	amoxicillin-clavulanic_acid	amoxicillin/clavulanic acid	>	32.0	mg/L	Resistant	CLSI	Broth dilution	bv_brc_genome_amr	high
27381390	CVM 43780	SAMN02911949	BioSample	Salmonella enterica	ciprofloxacin	ciprofloxacin	>	4.0	mg/L	Resistant	CLSI	Broth dilution	bv_brc_genome_amr	high
27381390	CVM N48708	SAMN03894295	BioSample	Salmonella enterica	amoxicillin-clavulanic_acid	amoxicillin/clavulanic acid	<=	1.0	mg/L	Susceptible	CLSI	Broth dilution	bv_brc_genome_amr	high
27381390	CVM N51268	SAMN03894359	BioSample	Salmonella enterica	azithromycin	azithromycin	=	4.0	mg/L	Susceptible	CLSI	Broth dilution	bv_brc_genome_amr	high
27381390	CVM N45408	SAMN03894153	BioSample	Salmonella enterica	ceftriaxone	ceftriaxone	=	32.0	mg/L	Resistant	CLSI	Broth dilution	bv_brc_genome_amr	high
27381390	CVM 43779	SAMN02911948	BioSample	Salmonella enterica	ampicillin	ampicillin	<=	1.0	mg/L	Susceptible	CLSI	Broth dilution	bv_brc_genome_amr	high
27381390	CVM N43450	SAMN03894059	BioSample	Salmonella enterica	amoxicillin-clavulanic_acid	amoxicillin/clavulanic acid	>	32.0	mg/L	Resistant	CLSI	Broth dilution	bv_brc_genome_amr	high
27381390	CVM N46817	SAMN03894196	BioSample	Salmonella enterica	ciprofloxacin	ciprofloxacin	<=	0.015	mg/L	Susceptible	CLSI	Broth dilution	bv_brc_genome_amr	high
27381390	CVM N43461	SAMN03894070	BioSample	Salmonella enterica	azithromycin	azithromycin	=	4.0	mg/L	Susceptible	CLSI	Broth dilution	bv_brc_genome_amr	high
27381390	CVM N30696	SAMN02699226	BioSample	Salmonella enterica	azithromycin	azithromycin	=	4.0	mg/L	Susceptible	CLSI	Broth dilution	bv_brc_genome_amr	high
27381390	CVM N46838	SAMN03894217	BioSample	Salmonella enterica	ceftriaxone	ceftriaxone	<=	0.25	mg/L	Susceptible	CLSI	Broth dilution	bv_brc_genome_amr	high
27381390	CVM N51301	SAMN03894392	BioSample	Salmonella enterica	ampicillin	ampicillin	>	32.0	mg/L	Resistant	CLSI	Broth dilution	bv_brc_genome_amr	high
27381390	CVM N40375	SAMN02699313	BioSample	Salmonella enterica	amoxicillin-clavulanic_acid	amoxicillin/clavulanic acid	=	4.0	mg/L	Susceptible	CLSI	Broth dilution	bv_brc_genome_amr	high
27381390	CVM N43473	SAMN03894082	BioSample	Salmonella enterica	ceftriaxone	ceftriaxone	<=	0.25	mg/L	Susceptible	CLSI	Broth dilution	bv_brc_genome_amr	high
27381390	CVM N32773	SAMN02699260	BioSample	Salmonella enterica	amoxicillin-clavulanic_acid	amoxicillin/clavulanic acid	<=	1.0	mg/L	Susceptible	CLSI	Broth dilution	bv_brc_genome_amr	high
27381390	CVM N29338	SAMN02699195	BioSample	Salmonella enterica	azithromycin	azithromycin	=	4.0	mg/L	Susceptible	CLSI	Broth dilution	bv_brc_genome_amr	high
27381390	CVM N51263	SAMN03894354	BioSample	Salmonella enterica	ampicillin	ampicillin	<=	1.0	mg/L	Susceptible	CLSI	Broth dilution	bv_brc_genome_amr	high
27381390	CVM 43808	SAMN02911977	BioSample	Salmonella enterica	ceftriaxone	ceftriaxone	<=	0.25	mg/L	Susceptible	CLSI	Broth dilution	bv_brc_genome_amr	high
27381390	CVM N50442	SAMN03894322	BioSample	Salmonella enterica	ampicillin	ampicillin	>	32.0	mg/L	Resistant	CLSI	Broth dilution	bv_brc_genome_amr	high
27381390	CVM N30705	SAMN02699228	BioSample	Salmonella enterica	ceftriaxone	ceftriaxone	<=	0.25	mg/L	Susceptible	CLSI	Broth dilution	bv_brc_genome_amr	high
27381390	CVM N46824	SAMN03894203	BioSample	Salmonella enterica	amoxicillin-clavulanic_acid	amoxicillin/clavulanic acid	>	32.0	mg/L	Resistant	CLSI	Broth dilution	bv_brc_genome_amr	high
27381390	CVM N38848	SAMN02699279	BioSample	Salmonella enterica	ampicillin	ampicillin	<=	1.0	mg/L	Susceptible	CLSI	Broth dilution	bv_brc_genome_amr	high
27381390	CVM N45394	SAMN03894139	BioSample	Salmonella enterica	azithromycin	azithromycin	=	4.0	mg/L	Susceptible	CLSI	Broth dilution	bv_brc_genome_amr	high
27381390	CVM N51307	SAMN03894398	BioSample	Salmonella enterica	azithromycin	azithromycin	=	4.0	mg/L	Susceptible	CLSI	Broth dilution	bv_brc_genome_amr	high
27381390	CVM N51287	SAMN03894378	BioSample	Salmonella enterica	ampicillin	ampicillin	>	32.0	mg/L	Resistant	CLSI	Broth dilution	bv_brc_genome_amr	high
27381390	CVM N45412	SAMN03894157	BioSample	Salmonella enterica	azithromycin	azithromycin	=	4.0	mg/L	Susceptible	CLSI	Broth dilution	bv_brc_genome_amr	high
27381390	CVM N46810	SAMN03894190	BioSample	Salmonella enterica	ceftriaxone	ceftriaxone	<=	0.25	mg/L	Susceptible	CLSI	Broth dilution	bv_brc_genome_amr	high
27381390	CVM N51290	SAMN03894381	BioSample	Salmonella enterica	azithromycin	azithromycin	=	4.0	mg/L	Susceptible	CLSI	Broth dilution	bv_brc_genome_amr	high
27381390	CVM N45951	SAMN03894182	BioSample	Salmonella enterica	azithromycin	azithromycin	=	4.0	mg/L	Susceptible	CLSI	Broth dilution	bv_brc_genome_amr	high
27381390	CVM N46834	SAMN03894213	BioSample	Salmonella enterica	amoxicillin-clavulanic_acid	amoxicillin/clavulanic acid	>	32.0	mg/L	Resistant	CLSI	Broth dilution	bv_brc_genome_amr	high
27381390	CVM 43795	SAMN02911964	BioSample	Salmonella enterica	ceftriaxone	ceftriaxone	=	4.0	mg/L	Resistant	CLSI	Broth dilution	bv_brc_genome_amr	high
27381390	CVM 43809	SAMN02911978	BioSample	Salmonella enterica	amoxicillin-clavulanic_acid	amoxicillin/clavulanic acid	=	32.0	mg/L	Resistant	CLSI	Broth dilution	bv_brc_genome_amr	high
27381390	CVM 43752	SAMN02911921	BioSample	Salmonella enterica	ceftriaxone	ceftriaxone	<=	0.25	mg/L	Susceptible	CLSI	Broth dilution	bv_brc_genome_amr	high
27381390	CVM N51304	SAMN03894395	BioSample	Salmonella enterica	ceftriaxone	ceftriaxone	<=	0.25	mg/L	Susceptible	CLSI	Broth dilution	bv_brc_genome_amr	high
27381390	CVM N50437	SAMN03894317	BioSample	Salmonella enterica	ceftriaxone	ceftriaxone	<=	0.25	mg/L	Susceptible	CLSI	Broth dilution	bv_brc_genome_amr	high
27381390	CVM N30693	SAMN02699225	BioSample	Salmonella enterica	ampicillin	ampicillin	>	32.0	mg/L	Resistant	CLSI	Broth dilution	bv_brc_genome_amr	high
27381390	CVM N30685	SAMN02699224	BioSample	Salmonella enterica	ceftriaxone	ceftriaxone	=	16.0	mg/L	Resistant	CLSI	Broth dilution	bv_brc_genome_amr	high
27381390	CVM N43464	SAMN03894073	BioSample	Salmonella enterica	ciprofloxacin	ciprofloxacin	<=	0.015	mg/L	Susceptible	CLSI	Broth dilution	bv_brc_genome_amr	high
27381390	CVM N29313	SAMN02699190	BioSample	Salmonella enterica	ceftriaxone	ceftriaxone	=	8.0	mg/L	Resistant	CLSI	Broth dilution	bv_brc_genome_amr	high
27381390	CVM N51303	SAMN03894394	BioSample	Salmonella enterica	ceftriaxone	ceftriaxone	=	16.0	mg/L	Resistant	CLSI	Broth dilution	bv_brc_genome_amr	high
27381390	CVM 43841	SAMN02912010	BioSample	Salmonella enterica	amoxicillin-clavulanic_acid	amoxicillin/clavulanic acid	=	16.0	mg/L	Susceptible	CLSI	Broth dilution	bv_brc_genome_amr	high
27381390	CVM N46831	SAMN03894210	BioSample	Salmonella enterica	amoxicillin-clavulanic_acid	amoxicillin/clavulanic acid	=	8.0	mg/L	Susceptible	CLSI	Broth dilution	bv_brc_genome_amr	high
27381390	CVM N29383	SAMN02699211	BioSample	Salmonella enterica	amoxicillin-clavulanic_acid	amoxicillin/clavulanic acid	<=	1.0	mg/L	Susceptible	CLSI	Broth dilution	bv_brc_genome_amr	high
27381390	CVM N51293	SAMN03894384	BioSample	Salmonella enterica	amoxicillin-clavulanic_acid	amoxicillin/clavulanic acid	<=	1.0	mg/L	Susceptible	CLSI	Broth dilution	bv_brc_genome_amr	high
27381390	CVM N42467	SAMN02699347	BioSample	Salmonella enterica	ceftriaxone	ceftriaxone	<=	0.25	mg/L	Susceptible	CLSI	Broth dilution	bv_brc_genome_amr	high
27381390	CVM 43797	SAMN02911966	BioSample	Salmonella enterica	azithromycin	azithromycin	=	4.0	mg/L	Susceptible	CLSI	Broth dilution	bv_brc_genome_amr	high
27381390	CVM 43801	SAMN02911970	BioSample	Salmonella enterica	azithromycin	azithromycin	=	4.0	mg/L	Susceptible	CLSI	Broth dilution	bv_brc_genome_amr	high
27381390	CVM N46839	SAMN03894218	BioSample	Salmonella enterica	ceftriaxone	ceftriaxone	<=	0.25	mg/L	Susceptible	CLSI	Broth dilution	bv_brc_genome_amr	high
27381390	CVM N37925	SAMN02699268	BioSample	Salmonella enterica	azithromycin	azithromycin	=	4.0	mg/L	Susceptible	CLSI	Broth dilution	bv_brc_genome_amr	high
27381390	CVM 43845	SAMN02912014	BioSample	Salmonella enterica	ceftriaxone	ceftriaxone	<=	0.25	mg/L	Susceptible	CLSI	Broth dilution	bv_brc_genome_amr	high
27381390	CVM N47728	SAMN03894258	BioSample	Salmonella enterica	azithromycin	azithromycin	=	4.0	mg/L	Susceptible	CLSI	Broth dilution	bv_brc_genome_amr	high
27381390	CVM N48687	SAMN03894274	BioSample	Salmonella enterica	amoxicillin-clavulanic_acid	amoxicillin/clavulanic acid	<=	1.0	mg/L	Susceptible	CLSI	Broth dilution	bv_brc_genome_amr	high
27381390	CVM N44697	SAMN03894114	BioSample	Salmonella enterica	azithromycin	azithromycin	=	4.0	mg/L	Susceptible	CLSI	Broth dilution	bv_brc_genome_amr	high
27381390	CVM N44703	SAMN03894120	BioSample	Salmonella enterica	ampicillin	ampicillin	<=	1.0	mg/L	Susceptible	CLSI	Broth dilution	bv_brc_genome_amr	high
27381390	CVM 43824	SAMN02911993	BioSample	Salmonella enterica	ciprofloxacin	ciprofloxacin	>	4.0	mg/L	Resistant	CLSI	Broth dilution	bv_brc_genome_amr	high
27381390	CVM N43821	SAMN03894093	BioSample	Salmonella enterica	ciprofloxacin	ciprofloxacin	=	0.03	mg/L	Susceptible	CLSI	Broth dilution	bv_brc_genome_amr	high
27381390	CVM N43448	SAMN03894057	BioSample	Salmonella enterica	ampicillin	ampicillin	>	32.0	mg/L	Resistant	CLSI	Broth dilution	bv_brc_genome_amr	high
27381390	CVM N51271	SAMN03894362	BioSample	Salmonella enterica	ciprofloxacin	ciprofloxacin	<=	0.015	mg/L	Susceptible	CLSI	Broth dilution	bv_brc_genome_amr	high
27381390	CVM 43842	SAMN02912011	BioSample	Salmonella enterica	ceftriaxone	ceftriaxone	<=	0.25	mg/L	Susceptible	CLSI	Broth dilution	bv_brc_genome_amr	high
27381390	CVM N30673	SAMN02699220	BioSample	Salmonella enterica	amoxicillin-clavulanic_acid	amoxicillin/clavulanic acid	=	16.0	mg/L	Susceptible	CLSI	Broth dilution	bv_brc_genome_amr	high
27381390	CVM N46825	SAMN03894204	BioSample	Salmonella enterica	azithromycin	azithromycin	=	4.0	mg/L	Susceptible	CLSI	Broth dilution	bv_brc_genome_amr	high
27381390	CVM N38861	SAMN02699284	BioSample	Salmonella enterica	azithromycin	azithromycin	=	2.0	mg/L	Susceptible	CLSI	Broth dilution	bv_brc_genome_amr	high
27381390	CVM N47725	SAMN03894255	BioSample	Salmonella enterica	ciprofloxacin	ciprofloxacin	=	0.03	mg/L	Susceptible	CLSI	Broth dilution	bv_brc_genome_amr	high
27381390	CVM N44702	SAMN03894119	BioSample	Salmonella enterica	azithromycin	azithromycin	=	8.0	mg/L	Susceptible	CLSI	Broth dilution	bv_brc_genome_amr	high
27381390	CVM N47717	SAMN03894247	BioSample	Salmonella enterica	ampicillin	ampicillin	<=	1.0	mg/L	Susceptible	CLSI	Broth dilution	bv_brc_genome_amr	high
27381390	CVM N50440	SAMN03894320	BioSample	Salmonella enterica	ampicillin	ampicillin	<=	1.0	mg/L	Susceptible	CLSI	Broth dilution	bv_brc_genome_amr	high
27381390	CVM 43817	SAMN02911986	BioSample	Salmonella enterica	ampicillin	ampicillin	>	32.0	mg/L	Resistant	CLSI	Broth dilution	bv_brc_genome_amr	high
27381390	CVM N30655	SAMN02699216	BioSample	Salmonella enterica	ceftriaxone	ceftriaxone	<=	0.25	mg/L	Susceptible	CLSI	Broth dilution	bv_brc_genome_amr	high
27381390	CVM N50429	SAMN03894309	BioSample	Salmonella enterica	azithromycin	azithromycin	=	4.0	mg/L	Susceptible	CLSI	Broth dilution	bv_brc_genome_amr	high
27381390	CVM N48711	SAMN03894297	BioSample	Salmonella enterica	ceftriaxone	ceftriaxone	<=	0.25	mg/L	Susceptible	CLSI	Broth dilution	bv_brc_genome_amr	high
27381390	CVM N46813	SAMN03894193	BioSample	Salmonella enterica	ampicillin	ampicillin	<=	1.0	mg/L	Susceptible	CLSI	Broth dilution	bv_brc_genome_amr	high
27381390	CVM N51285	SAMN03894376	BioSample	Salmonella enterica	ampicillin	ampicillin	<=	1.0	mg/L	Susceptible	CLSI	Broth dilution	bv_brc_genome_amr	high
27381390	CVM N30655	SAMN02699216	BioSample	Salmonella enterica	azithromycin	azithromycin	=	4.0	mg/L	Susceptible	CLSI	Broth dilution	bv_brc_genome_amr	high
27381390	CVM N50446	SAMN03894326	BioSample	Salmonella enterica	ampicillin	ampicillin	>	32.0	mg/L	Resistant	CLSI	Broth dilution	bv_brc_genome_amr	high
27381390	CVM N46838	SAMN03894217	BioSample	Salmonella enterica	azithromycin	azithromycin	=	4.0	mg/L	Susceptible	CLSI	Broth dilution	bv_brc_genome_amr	high
27381390	CVM N45403	SAMN03894148	BioSample	Salmonella enterica	amoxicillin-clavulanic_acid	amoxicillin/clavulanic acid	>	32.0	mg/L	Resistant	CLSI	Broth dilution	bv_brc_genome_amr	high
27381390	CVM N45411	SAMN03894156	BioSample	Salmonella enterica	ceftriaxone	ceftriaxone	<=	0.25	mg/L	Susceptible	CLSI	Broth dilution	bv_brc_genome_amr	high
27381390	CVM N38929	SAMN02699305	BioSample	Salmonella enterica	ciprofloxacin	ciprofloxacin	<=	0.015	mg/L	Susceptible	CLSI	Broth dilution	bv_brc_genome_amr	high
27381390	CVM N51292	SAMN03894383	BioSample	Salmonella enterica	ciprofloxacin	ciprofloxacin	<=	0.015	mg/L	Susceptible	CLSI	Broth dilution	bv_brc_genome_amr	high
27381390	CVM N46843	SAMN03894222	BioSample	Salmonella enterica	azithromycin	azithromycin	=	2.0	mg/L	Susceptible	CLSI	Broth dilution	bv_brc_genome_amr	high
27381390	CVM N31397	SAMN02699234	BioSample	Salmonella enterica	ceftriaxone	ceftriaxone	<=	0.25	mg/L	Susceptible	CLSI	Broth dilution	bv_brc_genome_amr	high
27381390	CVM N45410	SAMN03894155	BioSample	Salmonella enterica	ciprofloxacin	ciprofloxacin	=	0.03	mg/L	Susceptible	CLSI	Broth dilution	bv_brc_genome_amr	high
27381390	CVM N51271	SAMN03894362	BioSample	Salmonella enterica	ceftriaxone	ceftriaxone	=	16.0	mg/L	Resistant	CLSI	Broth dilution	bv_brc_genome_amr	high
27381390	CVM 43764	SAMN02911933	BioSample	Salmonella enterica	ceftriaxone	ceftriaxone	=	16.0	mg/L	Resistant	CLSI	Broth dilution	bv_brc_genome_amr	high
27381390	CVM N29362	SAMN02699203	BioSample	Salmonella enterica	ampicillin	ampicillin	>	32.0	mg/L	Resistant	CLSI	Broth dilution	bv_brc_genome_amr	high
27381390	CVM N45954	SAMN03894185	BioSample	Salmonella enterica	ceftriaxone	ceftriaxone	<=	0.25	mg/L	Susceptible	CLSI	Broth dilution	bv_brc_genome_amr	high
27381390	CVM N46820	SAMN03894199	BioSample	Salmonella enterica	ciprofloxacin	ciprofloxacin	<=	0.015	mg/L	Susceptible	CLSI	Broth dilution	bv_brc_genome_amr	high
27381390	CVM N44699	SAMN03894116	BioSample	Salmonella enterica	ceftriaxone	ceftriaxone	<=	0.25	mg/L	Susceptible	CLSI	Broth dilution	bv_brc_genome_amr	high
27381390	CVM N43479	SAMN03894088	BioSample	Salmonella enterica	amoxicillin-clavulanic_acid	amoxicillin/clavulanic acid	<=	1.0	mg/L	Susceptible	CLSI	Broth dilution	bv_brc_genome_amr	high
27381390	CVM N51259	SAMN03894350	BioSample	Salmonella enterica	azithromycin	azithromycin	=	4.0	mg/L	Susceptible	CLSI	Broth dilution	bv_brc_genome_amr	high
27381390	CVM N43468	SAMN03894077	BioSample	Salmonella enterica	ampicillin	ampicillin	=	2.0	mg/L	Susceptible	CLSI	Broth dilution	bv_brc_genome_amr	high
27381390	CVM N51254	SAMN03894345	BioSample	Salmonella enterica	ciprofloxacin	ciprofloxacin	<=	0.015	mg/L	Susceptible	CLSI	Broth dilution	bv_brc_genome_amr	high
27381390	CVM 43764	SAMN02911933	BioSample	Salmonella enterica	ciprofloxacin	ciprofloxacin	<=	0.015	mg/L	Susceptible	CLSI	Broth dilution	bv_brc_genome_amr	high
27381390	CVM N51284	SAMN03894375	BioSample	Salmonella enterica	azithromycin	azithromycin	=	2.0	mg/L	Susceptible	CLSI	Broth dilution	bv_brc_genome_amr	high
27381390	CVM N29377	SAMN02699207	BioSample	Salmonella enterica	amoxicillin-clavulanic_acid	amoxicillin/clavulanic acid	=	8.0	mg/L	Susceptible	CLSI	Broth dilution	bv_brc_genome_amr	high
27381390	CVM N46843	SAMN03894222	BioSample	Salmonella enterica	ceftriaxone	ceftriaxone	=	8.0	mg/L	Resistant	CLSI	Broth dilution	bv_brc_genome_amr	high
27381390	CVM N45409	SAMN03894154	BioSample	Salmonella enterica	amoxicillin-clavulanic_acid	amoxicillin/clavulanic acid	<=	1.0	mg/L	Susceptible	CLSI	Broth dilution	bv_brc_genome_amr	high
27381390	CVM N37918	SAMN02699267	BioSample	Salmonella enterica	azithromycin	azithromycin	=	4.0	mg/L	Susceptible	CLSI	Broth dilution	bv_brc_genome_amr	high
27381390	CVM N42480	SAMN02699354	BioSample	Salmonella enterica	ciprofloxacin	ciprofloxacin	<=	0.015	mg/L	Susceptible	CLSI	Broth dilution	bv_brc_genome_amr	high
27381390	CVM 43844	SAMN02912013	BioSample	Salmonella enterica	azithromycin	azithromycin	=	4.0	mg/L	Susceptible	CLSI	Broth dilution	bv_brc_genome_amr	high
27381390	CVM N38874	SAMN02699290	BioSample	Salmonella enterica	ceftriaxone	ceftriaxone	<=	0.25	mg/L	Susceptible	CLSI	Broth dilution	bv_brc_genome_amr	high
27381390	CVM N51309	SAMN03894400	BioSample	Salmonella enterica	ciprofloxacin	ciprofloxacin	=	0.03	mg/L	Susceptible	CLSI	Broth dilution	bv_brc_genome_amr	high
27381390	CVM 43792	SAMN02911961	BioSample	Salmonella enterica	azithromycin	azithromycin	=	8.0	mg/L	Susceptible	CLSI	Broth dilution	bv_brc_genome_amr	high
27381390	CVM N47722	SAMN03894252	BioSample	Salmonella enterica	ampicillin	ampicillin	<=	1.0	mg/L	Susceptible	CLSI	Broth dilution	bv_brc_genome_amr	high
27381390	CVM N29369	SAMN02699206	BioSample	Salmonella enterica	amoxicillin-clavulanic_acid	amoxicillin/clavulanic acid	=	8.0	mg/L	Susceptible	CLSI	Broth dilution	bv_brc_genome_amr	high
27381390	CVM 43762	SAMN02911931	BioSample	Salmonella enterica	azithromycin	azithromycin	=	4.0	mg/L	Susceptible	CLSI	Broth dilution	bv_brc_genome_amr	high
27381390	CVM N43456	SAMN03894065	BioSample	Salmonella enterica	ciprofloxacin	ciprofloxacin	<=	0.015	mg/L	Susceptible	CLSI	Broth dilution	bv_brc_genome_amr	high
27381390	CVM N40367	SAMN02699310	BioSample	Salmonella enterica	ampicillin	ampicillin	=	2.0	mg/L	Susceptible	CLSI	Broth dilution	bv_brc_genome_amr	high
27381390	CVM N46821	SAMN03894200	BioSample	Salmonella enterica	ceftriaxone	ceftriaxone	<=	0.25	mg/L	Susceptible	CLSI	Broth dilution	bv_brc_genome_amr	high
27381390	CVM N31384	SAMN02699230	BioSample	Salmonella enterica	azithromycin	azithromycin	=	4.0	mg/L	Susceptible	CLSI	Broth dilution	bv_brc_genome_amr	high
27381390	CVM N51276	SAMN03894367	BioSample	Salmonella enterica	ciprofloxacin	ciprofloxacin	<=	0.015	mg/L	Susceptible	CLSI	Broth dilution	bv_brc_genome_amr	high
27381390	CVM N48702	SAMN03894289	BioSample	Salmonella enterica	amoxicillin-clavulanic_acid	amoxicillin/clavulanic acid	<=	1.0	mg/L	Susceptible	CLSI	Broth dilution	bv_brc_genome_amr	high
27381390	CVM N43450	SAMN03894059	BioSample	Salmonella enterica	azithromycin	azithromycin	=	4.0	mg/L	Susceptible	CLSI	Broth dilution	bv_brc_genome_amr	high
27381390	CVM N46861	SAMN03894240	BioSample	Salmonella enterica	ampicillin	ampicillin	<=	1.0	mg/L	Susceptible	CLSI	Broth dilution	bv_brc_genome_amr	high
27381390	CVM N29350	SAMN02699198	BioSample	Salmonella enterica	ampicillin	ampicillin	>	32.0	mg/L	Resistant	CLSI	Broth dilution	bv_brc_genome_amr	high
27381390	CVM N48677	SAMN03894264	BioSample	Salmonella enterica	azithromycin	azithromycin	=	4.0	mg/L	Susceptible	CLSI	Broth dilution	bv_brc_genome_amr	high
27381390	CVM N46834	SAMN03894213	BioSample	Salmonella enterica	ciprofloxacin	ciprofloxacin	<=	0.015	mg/L	Susceptible	CLSI	Broth dilution	bv_brc_genome_amr	high
27381390	CVM N40939	SAMN02699324	BioSample	Salmonella enterica	amoxicillin-clavulanic_acid	amoxicillin/clavulanic acid	<=	1.0	mg/L	Susceptible	CLSI	Broth dilution	bv_brc_genome_amr	high
27381390	CVM N51241	SAMN03894332	BioSample	Salmonella enterica	ceftriaxone	ceftriaxone	<=	0.25	mg/L	Susceptible	CLSI	Broth dilution	bv_brc_genome_amr	high
27381390	CVM N44701	SAMN03894118	BioSample	Salmonella enterica	ceftriaxone	ceftriaxone	<=	0.25	mg/L	Susceptible	CLSI	Broth dilution	bv_brc_genome_amr	high
27381390	CVM N45953	SAMN03894184	BioSample	Salmonella enterica	amoxicillin-clavulanic_acid	amoxicillin/clavulanic acid	=	8.0	mg/L	Susceptible	CLSI	Broth dilution	bv_brc_genome_amr	high
27381390	CVM N50440	SAMN03894320	BioSample	Salmonella enterica	ciprofloxacin	ciprofloxacin	<=	0.015	mg/L	Susceptible	CLSI	Broth dilution	bv_brc_genome_amr	high
27381390	CVM N38944	SAMN02699307	BioSample	Salmonella enterica	ciprofloxacin	ciprofloxacin	<=	0.015	mg/L	Susceptible	CLSI	Broth dilution	bv_brc_genome_amr	high
27381390	CVM N51252	SAMN03894343	BioSample	Salmonella enterica	ceftriaxone	ceftriaxone	<=	0.25	mg/L	Susceptible	CLSI	Broth dilution	bv_brc_genome_amr	high
27381390	CVM 43828	SAMN02911997	BioSample	Salmonella enterica	ampicillin	ampicillin	>	32.0	mg/L	Resistant	CLSI	Broth dilution	bv_brc_genome_amr	high
27381390	CVM N43460	SAMN03894069	BioSample	Salmonella enterica	ceftriaxone	ceftriaxone	<=	0.25	mg/L	Susceptible	CLSI	Broth dilution	bv_brc_genome_amr	high
27381390	CVM N42451	SAMN02699344	BioSample	Salmonella enterica	amoxicillin-clavulanic_acid	amoxicillin/clavulanic acid	<=	1.0	mg/L	Susceptible	CLSI	Broth dilution	bv_brc_genome_amr	high
27381390	CVM N51268	SAMN03894359	BioSample	Salmonella enterica	ceftriaxone	ceftriaxone	=	8.0	mg/L	Resistant	CLSI	Broth dilution	bv_brc_genome_amr	high
27381390	CVM N46834	SAMN03894213	BioSample	Salmonella enterica	ceftriaxone	ceftriaxone	=	8.0	mg/L	Resistant	CLSI	Broth dilution	bv_brc_genome_amr	high
27381390	CVM N38909	SAMN02699299	BioSample	Salmonella enterica	azithromycin	azithromycin	=	4.0	mg/L	Susceptible	CLSI	Broth dilution	bv_brc_genome_amr	high
27381390	CVM N32064	SAMN02699254	BioSample	Salmonella enterica	ampicillin	ampicillin	<=	1.0	mg/L	Susceptible	CLSI	Broth dilution	bv_brc_genome_amr	high
27381390	CVM N45390	SAMN03894135	BioSample	Salmonella enterica	azithromycin	azithromycin	=	4.0	mg/L	Susceptible	CLSI	Broth dilution	bv_brc_genome_amr	high
27381390	CVM 43772	SAMN02911941	BioSample	Salmonella enterica	amoxicillin-clavulanic_acid	amoxicillin/clavulanic acid	<=	1.0	mg/L	Susceptible	CLSI	Broth dilution	bv_brc_genome_amr	high
27381390	CVM N30663	SAMN02699217	BioSample	Salmonella enterica	ampicillin	ampicillin	>	32.0	mg/L	Resistant	CLSI	Broth dilution	bv_brc_genome_amr	high
27381390	CVM N41924	SAMN02699335	BioSample	Salmonella enterica	ampicillin	ampicillin	<=	1.0	mg/L	Susceptible	CLSI	Broth dilution	bv_brc_genome_amr	high
27381390	CVM 43818	SAMN02911987	BioSample	Salmonella enterica	ciprofloxacin	ciprofloxacin	<=	0.015	mg/L	Susceptible	CLSI	Broth dilution	bv_brc_genome_amr	high
27381390	CVM N38944	SAMN02699307	BioSample	Salmonella enterica	ampicillin	ampicillin	<=	1.0	mg/L	Susceptible	CLSI	Broth dilution	bv_brc_genome_amr	high
27381390	CVM N43474	SAMN03894083	BioSample	Salmonella enterica	ampicillin	ampicillin	<=	1.0	mg/L	Susceptible	CLSI	Broth dilution	bv_brc_genome_amr	high
27381390	CVM N30650	SAMN02699215	BioSample	Salmonella enterica	azithromycin	azithromycin	=	4.0	mg/L	Susceptible	CLSI	Broth dilution	bv_brc_genome_amr	high
27381390	CVM N42508	SAMN02699361	BioSample	Salmonella enterica	ampicillin	ampicillin	<=	1.0	mg/L	Susceptible	CLSI	Broth dilution	bv_brc_genome_amr	high
27381390	CVM N48684	SAMN03894271	BioSample	Salmonella enterica	amoxicillin-clavulanic_acid	amoxicillin/clavulanic acid	<=	1.0	mg/L	Susceptible	CLSI	Broth dilution	bv_brc_genome_amr	high
27381390	CVM 43743	SAMN02911912	BioSample	Salmonella enterica	ampicillin	ampicillin	>	32.0	mg/L	Resistant	CLSI	Broth dilution	bv_brc_genome_amr	high
27381390	CVM N30696	SAMN02699226	BioSample	Salmonella enterica	amoxicillin-clavulanic_acid	amoxicillin/clavulanic acid	>	32.0	mg/L	Resistant	CLSI	Broth dilution	bv_brc_genome_amr	high
27381390	CVM N40375	SAMN02699313	BioSample	Salmonella enterica	ceftriaxone	ceftriaxone	<=	0.25	mg/L	Susceptible	CLSI	Broth dilution	bv_brc_genome_amr	high
27381390	CVM N48577	SAMN03894261	BioSample	Salmonella enterica	ciprofloxacin	ciprofloxacin	<=	0.015	mg/L	Susceptible	CLSI	Broth dilution	bv_brc_genome_amr	high
27381390	CVM N51242	SAMN03894333	BioSample	Salmonella enterica	ciprofloxacin	ciprofloxacin	<=	0.015	mg/L	Susceptible	CLSI	Broth dilution	bv_brc_genome_amr	high
27381390	CVM N44708	SAMN03894125	BioSample	Salmonella enterica	ceftriaxone	ceftriaxone	=	16.0	mg/L	Resistant	CLSI	Broth dilution	bv_brc_genome_amr	high
27381390	CVM N46858	SAMN03894237	BioSample	Salmonella enterica	ceftriaxone	ceftriaxone	<=	0.25	mg/L	Susceptible	CLSI	Broth dilution	bv_brc_genome_amr	high
27381390	CVM N48703	SAMN03894290	BioSample	Salmonella enterica	amoxicillin-clavulanic_acid	amoxicillin/clavulanic acid	<=	1.0	mg/L	Susceptible	CLSI	Broth dilution	bv_brc_genome_amr	high
27381390	CVM N51247	SAMN03894338	BioSample	Salmonella enterica	azithromycin	azithromycin	=	4.0	mg/L	Susceptible	CLSI	Broth dilution	bv_brc_genome_amr	high
27381390	CVM N44717	SAMN03894134	BioSample	Salmonella enterica	amoxicillin-clavulanic_acid	amoxicillin/clavulanic acid	<=	1.0	mg/L	Susceptible	CLSI	Broth dilution	bv_brc_genome_amr	high
27381390	CVM N30655	SAMN02699216	BioSample	Salmonella enterica	amoxicillin-clavulanic_acid	amoxicillin/clavulanic acid	<=	1.0	mg/L	Susceptible	CLSI	Broth dilution	bv_brc_genome_amr	high
27381390	CVM N47727	SAMN03894257	BioSample	Salmonella enterica	ampicillin	ampicillin	>	32.0	mg/L	Resistant	CLSI	Broth dilution	bv_brc_genome_amr	high
27381390	CVM N46838	SAMN03894217	BioSample	Salmonella enterica	ampicillin	ampicillin	=	2.0	mg/L	Susceptible	CLSI	Broth dilution	bv_brc_genome_amr	high
27381390	CVM N32056	SAMN02699253	BioSample	Salmonella enterica	ampicillin	ampicillin	>	32.0	mg/L	Resistant	CLSI	Broth dilution	bv_brc_genome_amr	high
27381390	CVM N29307	SAMN02699187	BioSample	Salmonella enterica	ceftriaxone	ceftriaxone	<=	0.25	mg/L	Susceptible	CLSI	Broth dilution	bv_brc_genome_amr	high
27381390	CVM N48678	SAMN03894265	BioSample	Salmonella enterica	ampicillin	ampicillin	>	32.0	mg/L	Resistant	CLSI	Broth dilution	bv_brc_genome_amr	high
27381390	CVM 43750	SAMN02911919	BioSample	Salmonella enterica	amoxicillin-clavulanic_acid	amoxicillin/clavulanic acid	<=	1.0	mg/L	Susceptible	CLSI	Broth dilution	bv_brc_genome_amr	high
27381390	CVM N46847	SAMN03894226	BioSample	Salmonella enterica	ciprofloxacin	ciprofloxacin	<=	0.015	mg/L	Susceptible	CLSI	Broth dilution	bv_brc_genome_amr	high
27381390	CVM N43471	SAMN03894080	BioSample	Salmonella enterica	ciprofloxacin	ciprofloxacin	<=	0.015	mg/L	Susceptible	CLSI	Broth dilution	bv_brc_genome_amr	high
27381390	CVM N42453	SAMN02699345	BioSample	Salmonella enterica	ceftriaxone	ceftriaxone	<=	0.25	mg/L	Susceptible	CLSI	Broth dilution	bv_brc_genome_amr	high
27381390	CVM N38236	SAMN02699276	BioSample	Salmonella enterica	ciprofloxacin	ciprofloxacin	<=	0.015	mg/L	Susceptible	CLSI	Broth dilution	bv_brc_genome_amr	high
27381390	CVM N51285	SAMN03894376	BioSample	Salmonella enterica	ciprofloxacin	ciprofloxacin	<=	0.015	mg/L	Susceptible	CLSI	Broth dilution	bv_brc_genome_amr	high
27381390	CVM N46853	SAMN03894232	BioSample	Salmonella enterica	ceftriaxone	ceftriaxone	<=	0.25	mg/L	Susceptible	CLSI	Broth dilution	bv_brc_genome_amr	high
27381390	CVM N46857	SAMN03894236	BioSample	Salmonella enterica	ceftriaxone	ceftriaxone	<=	0.25	mg/L	Susceptible	CLSI	Broth dilution	bv_brc_genome_amr	high
27381390	CVM N50434	SAMN03894314	BioSample	Salmonella enterica	amoxicillin-clavulanic_acid	amoxicillin/clavulanic acid	<=	1.0	mg/L	Susceptible	CLSI	Broth dilution	bv_brc_genome_amr	high
27381390	CVM N43454	SAMN03894063	BioSample	Salmonella enterica	ampicillin	ampicillin	<=	1.0	mg/L	Susceptible	CLSI	Broth dilution	bv_brc_genome_amr	high
27381390	CVM N45936	SAMN03894170	BioSample	Salmonella enterica	ciprofloxacin	ciprofloxacin	<=	0.015	mg/L	Susceptible	CLSI	Broth dilution	bv_brc_genome_amr	high
27381390	CVM N31402	SAMN02699235	BioSample	Salmonella enterica	azithromycin	azithromycin	=	2.0	mg/L	Susceptible	CLSI	Broth dilution	bv_brc_genome_amr	high
27381390	CVM N43468	SAMN03894077	BioSample	Salmonella enterica	amoxicillin-clavulanic_acid	amoxicillin/clavulanic acid	<=	1.0	mg/L	Susceptible	CLSI	Broth dilution	bv_brc_genome_amr	high
27381390	CVM N46854	SAMN03894233	BioSample	Salmonella enterica	ceftriaxone	ceftriaxone	<=	0.25	mg/L	Susceptible	CLSI	Broth dilution	bv_brc_genome_amr	high
27381390	CVM N45932	SAMN03894166	BioSample	Salmonella enterica	ceftriaxone	ceftriaxone	<=	0.25	mg/L	Susceptible	CLSI	Broth dilution	bv_brc_genome_amr	high
27381390	CVM 43784	SAMN02911953	BioSample	Salmonella enterica	ciprofloxacin	ciprofloxacin	<=	0.015	mg/L	Susceptible	CLSI	Broth dilution	bv_brc_genome_amr	high
27381390	CVM N51251	SAMN03894342	BioSample	Salmonella enterica	azithromycin	azithromycin	=	4.0	mg/L	Susceptible	CLSI	Broth dilution	bv_brc_genome_amr	high
27381390	CVM N48705	SAMN03894292	BioSample	Salmonella enterica	ceftriaxone	ceftriaxone	<=	0.25	mg/L	Susceptible	CLSI	Broth dilution	bv_brc_genome_amr	high
27381390	CVM N47722	SAMN03894252	BioSample	Salmonella enterica	azithromycin	azithromycin	=	2.0	mg/L	Susceptible	CLSI	Broth dilution	bv_brc_genome_amr	high
27381390	CVM N29357	SAMN02699201	BioSample	Salmonella enterica	ceftriaxone	ceftriaxone	<=	0.25	mg/L	Susceptible	CLSI	Broth dilution	bv_brc_genome_amr	high
27381390	CVM N48679	SAMN03894266	BioSample	Salmonella enterica	amoxicillin-clavulanic_acid	amoxicillin/clavulanic acid	<=	1.0	mg/L	Susceptible	CLSI	Broth dilution	bv_brc_genome_amr	high
27381390	CVM N46842	SAMN03894221	BioSample	Salmonella enterica	ceftriaxone	ceftriaxone	<=	0.25	mg/L	Susceptible	CLSI	Broth dilution	bv_brc_genome_amr	high
27381390	CVM N51242	SAMN03894333	BioSample	Salmonella enterica	ceftriaxone	ceftriaxone	<=	0.25	mg/L	Susceptible	CLSI	Broth dilution	bv_brc_genome_amr	high
27381390	CVM N51242	SAMN03894333	BioSample	Salmonella enterica	ampicillin	ampicillin	<=	1.0	mg/L	Susceptible	CLSI	Broth dilution	bv_brc_genome_amr	high
27381390	CVM N50435	SAMN03894315	BioSample	Salmonella enterica	ceftriaxone	ceftriaxone	<=	0.25	mg/L	Susceptible	CLSI	Broth dilution	bv_brc_genome_amr	high
27381390	CVM N51288	SAMN03894379	BioSample	Salmonella enterica	ampicillin	ampicillin	<=	1.0	mg/L	Susceptible	CLSI	Broth dilution	bv_brc_genome_amr	high
27381390	CVM N30679	SAMN02699222	BioSample	Salmonella enterica	azithromycin	azithromycin	=	4.0	mg/L	Susceptible	CLSI	Broth dilution	bv_brc_genome_amr	high
27381390	CVM N45934	SAMN03894168	BioSample	Salmonella enterica	amoxicillin-clavulanic_acid	amoxicillin/clavulanic acid	<=	1.0	mg/L	Susceptible	CLSI	Broth dilution	bv_brc_genome_amr	high
27381390	CVM N46819	SAMN03894198	BioSample	Salmonella enterica	ceftriaxone	ceftriaxone	=	16.0	mg/L	Resistant	CLSI	Broth dilution	bv_brc_genome_amr	high
27381390	CVM N46848	SAMN03894227	BioSample	Salmonella enterica	azithromycin	azithromycin	=	4.0	mg/L	Susceptible	CLSI	Broth dilution	bv_brc_genome_amr	high
27381390	CVM 43744	SAMN02911913	BioSample	Salmonella enterica	azithromycin	azithromycin	=	4.0	mg/L	Susceptible	CLSI	Broth dilution	bv_brc_genome_amr	high
27381390	CVM N44699	SAMN03894116	BioSample	Salmonella enterica	azithromycin	azithromycin	=	8.0	mg/L	Susceptible	CLSI	Broth dilution	bv_brc_genome_amr	high
27381390	CVM N40416	SAMN02699321	BioSample	Salmonella enterica	azithromycin	azithromycin	=	4.0	mg/L	Susceptible	CLSI	Broth dilution	bv_brc_genome_amr	high
27381390	CVM N37910	SAMN02699265	BioSample	Salmonella enterica	ciprofloxacin	ciprofloxacin	=	0.03	mg/L	Susceptible	CLSI	Broth dilution	bv_brc_genome_amr	high
27381390	CVM N45401	SAMN03894146	BioSample	Salmonella enterica	amoxicillin-clavulanic_acid	amoxicillin/clavulanic acid	=	8.0	mg/L	Susceptible	CLSI	Broth dilution	bv_brc_genome_amr	high
27381390	CVM N38851	SAMN02699280	BioSample	Salmonella enterica	amoxicillin-clavulanic_acid	amoxicillin/clavulanic acid	<=	1.0	mg/L	Susceptible	CLSI	Broth dilution	bv_brc_genome_amr	high
27381390	CVM 43759	SAMN02911928	BioSample	Salmonella enterica	ceftriaxone	ceftriaxone	<=	0.25	mg/L	Susceptible	CLSI	Broth dilution	bv_brc_genome_amr	high
27381390	CVM N40367	SAMN02699310	BioSample	Salmonella enterica	ceftriaxone	ceftriaxone	<=	0.25	mg/L	Susceptible	CLSI	Broth dilution	bv_brc_genome_amr	high
27381390	CVM N41906	SAMN02699332	BioSample	Salmonella enterica	ceftriaxone	ceftriaxone	=	8.0	mg/L	Resistant	CLSI	Broth dilution	bv_brc_genome_amr	high
27381390	CVM N43452	SAMN03894061	BioSample	Salmonella enterica	amoxicillin-clavulanic_acid	amoxicillin/clavulanic acid	<=	1.0	mg/L	Susceptible	CLSI	Broth dilution	bv_brc_genome_amr	high
27381390	CVM 43771	SAMN02911940	BioSample	Salmonella enterica	ampicillin	ampicillin	<=	1.0	mg/L	Susceptible	CLSI	Broth dilution	bv_brc_genome_amr	high
27381390	CVM N45938	SAMN03894172	BioSample	Salmonella enterica	azithromycin	azithromycin	=	4.0	mg/L	Susceptible	CLSI	Broth dilution	bv_brc_genome_amr	high
27381390	CVM N48704	SAMN03894291	BioSample	Salmonella enterica	ampicillin	ampicillin	<=	1.0	mg/L	Susceptible	CLSI	Broth dilution	bv_brc_genome_amr	high
27381390	CVM N51258	SAMN03894349	BioSample	Salmonella enterica	amoxicillin-clavulanic_acid	amoxicillin/clavulanic acid	<=	1.0	mg/L	Susceptible	CLSI	Broth dilution	bv_brc_genome_amr	high
27381390	CVM 43762	SAMN02911931	BioSample	Salmonella enterica	amoxicillin-clavulanic_acid	amoxicillin/clavulanic acid	<=	1.0	mg/L	Susceptible	CLSI	Broth dilution	bv_brc_genome_amr	high
27381390	CVM N51286	SAMN03894377	BioSample	Salmonella enterica	ceftriaxone	ceftriaxone	<=	0.25	mg/L	Susceptible	CLSI	Broth dilution	bv_brc_genome_amr	high
27381390	CVM N51260	SAMN03894351	BioSample	Salmonella enterica	amoxicillin-clavulanic_acid	amoxicillin/clavulanic acid	<=	1.0	mg/L	Susceptible	CLSI	Broth dilution	bv_brc_genome_amr	high
27381390	CVM N38229	SAMN02699273	BioSample	Salmonella enterica	azithromycin	azithromycin	=	4.0	mg/L	Susceptible	CLSI	Broth dilution	bv_brc_genome_amr	high
27381390	CVM N30642	SAMN02699213	BioSample	Salmonella enterica	azithromycin	azithromycin	=	4.0	mg/L	Susceptible	CLSI	Broth dilution	bv_brc_genome_amr	high
27381390	CVM N43836	SAMN03894108	BioSample	Salmonella enterica	azithromycin	azithromycin	=	2.0	mg/L	Susceptible	CLSI	Broth dilution	bv_brc_genome_amr	high
27381390	CVM N48685	SAMN03894272	BioSample	Salmonella enterica	ampicillin	ampicillin	<=	1.0	mg/L	Susceptible	CLSI	Broth dilution	bv_brc_genome_amr	high
27381390	CVM N29343	SAMN02699197	BioSample	Salmonella enterica	amoxicillin-clavulanic_acid	amoxicillin/clavulanic acid	<=	1.0	mg/L	Susceptible	CLSI	Broth dilution	bv_brc_genome_amr	high
27381390	CVM N43833	SAMN03894105	BioSample	Salmonella enterica	ciprofloxacin	ciprofloxacin	=	0.03	mg/L	Susceptible	CLSI	Broth dilution	bv_brc_genome_amr	high
27381390	CVM 43795	SAMN02911964	BioSample	Salmonella enterica	ciprofloxacin	ciprofloxacin	<=	0.015	mg/L	Susceptible	CLSI	Broth dilution	bv_brc_genome_amr	high
27381390	CVM N43829	SAMN03894101	BioSample	Salmonella enterica	ciprofloxacin	ciprofloxacin	<=	0.015	mg/L	Susceptible	CLSI	Broth dilution	bv_brc_genome_amr	high
27381390	CVM N48678	SAMN03894265	BioSample	Salmonella enterica	ciprofloxacin	ciprofloxacin	<=	0.015	mg/L	Susceptible	CLSI	Broth dilution	bv_brc_genome_amr	high
27381390	CVM N48689	SAMN03894276	BioSample	Salmonella enterica	azithromycin	azithromycin	=	4.0	mg/L	Susceptible	CLSI	Broth dilution	bv_brc_genome_amr	high
27381390	CVM N43453	SAMN03894062	BioSample	Salmonella enterica	amoxicillin-clavulanic_acid	amoxicillin/clavulanic acid	=	8.0	mg/L	Susceptible	CLSI	Broth dilution	bv_brc_genome_amr	high
27381390	CVM 43777	SAMN02911946	BioSample	Salmonella enterica	ampicillin	ampicillin	>	32.0	mg/L	Resistant	CLSI	Broth dilution	bv_brc_genome_amr	high
27381390	CVM N45934	SAMN03894168	BioSample	Salmonella enterica	ceftriaxone	ceftriaxone	<=	0.25	mg/L	Susceptible	CLSI	Broth dilution	bv_brc_genome_amr	high
27381390	CVM 43778	SAMN02911947	BioSample	Salmonella enterica	ceftriaxone	ceftriaxone	<=	0.25	mg/L	Susceptible	CLSI	Broth dilution	bv_brc_genome_amr	high
27381390	CVM 43834	SAMN02912003	BioSample	Salmonella enterica	ampicillin	ampicillin	<=	1.0	mg/L	Susceptible	CLSI	Broth dilution	bv_brc_genome_amr	high
27381390	CVM N45950	SAMN03894181	BioSample	Salmonella enterica	azithromycin	azithromycin	=	4.0	mg/L	Susceptible	CLSI	Broth dilution	bv_brc_genome_amr	high
27381390	CVM N32053	SAMN02699251	BioSample	Salmonella enterica	ampicillin	ampicillin	>	32.0	mg/L	Resistant	CLSI	Broth dilution	bv_brc_genome_amr	high
27381390	CVM N43464	SAMN03894073	BioSample	Salmonella enterica	azithromycin	azithromycin	=	4.0	mg/L	Susceptible	CLSI	Broth dilution	bv_brc_genome_amr	high
27381390	CVM N47720	SAMN03894250	BioSample	Salmonella enterica	ampicillin	ampicillin	<=	1.0	mg/L	Susceptible	CLSI	Broth dilution	bv_brc_genome_amr	high
27381390	CVM N45412	SAMN03894157	BioSample	Salmonella enterica	amoxicillin-clavulanic_acid	amoxicillin/clavulanic acid	<=	1.0	mg/L	Susceptible	CLSI	Broth dilution	bv_brc_genome_amr	high
27381390	CVM N45406	SAMN03894151	BioSample	Salmonella enterica	ampicillin	ampicillin	<=	1.0	mg/L	Susceptible	CLSI	Broth dilution	bv_brc_genome_amr	high
27381390	CVM N51283	SAMN03894374	BioSample	Salmonella enterica	amoxicillin-clavulanic_acid	amoxicillin/clavulanic acid	<=	1.0	mg/L	Susceptible	CLSI	Broth dilution	bv_brc_genome_amr	high
27381390	CVM N45394	SAMN03894139	BioSample	Salmonella enterica	ampicillin	ampicillin	>	32.0	mg/L	Resistant	CLSI	Broth dilution	bv_brc_genome_amr	high
27381390	CVM N43823	SAMN03894095	BioSample	Salmonella enterica	ceftriaxone	ceftriaxone	<=	0.25	mg/L	Susceptible	CLSI	Broth dilution	bv_brc_genome_amr	high
27381390	CVM N51300	SAMN03894391	BioSample	Salmonella enterica	ceftriaxone	ceftriaxone	=	8.0	mg/L	Resistant	CLSI	Broth dilution	bv_brc_genome_amr	high
27381390	CVM 43840	SAMN02912009	BioSample	Salmonella enterica	ciprofloxacin	ciprofloxacin	<=	0.015	mg/L	Susceptible	CLSI	Broth dilution	bv_brc_genome_amr	high
27381390	CVM N48695	SAMN03894282	BioSample	Salmonella enterica	ciprofloxacin	ciprofloxacin	<=	0.015	mg/L	Susceptible	CLSI	Broth dilution	bv_brc_genome_amr	high
27381390	CVM 43793	SAMN02911962	BioSample	Salmonella enterica	ceftriaxone	ceftriaxone	<=	0.25	mg/L	Susceptible	CLSI	Broth dilution	bv_brc_genome_amr	high
27381390	CVM N46828	SAMN03894207	BioSample	Salmonella enterica	ampicillin	ampicillin	>	32.0	mg/L	Resistant	CLSI	Broth dilution	bv_brc_genome_amr	high
27381390	CVM N50424	SAMN03894304	BioSample	Salmonella enterica	amoxicillin-clavulanic_acid	amoxicillin/clavulanic acid	<=	1.0	mg/L	Susceptible	CLSI	Broth dilution	bv_brc_genome_amr	high
27381390	CVM N43470	SAMN03894079	BioSample	Salmonella enterica	ciprofloxacin	ciprofloxacin	<=	0.015	mg/L	Susceptible	CLSI	Broth dilution	bv_brc_genome_amr	high
27381390	CVM N45392	SAMN03894137	BioSample	Salmonella enterica	ampicillin	ampicillin	>	32.0	mg/L	Resistant	CLSI	Broth dilution	bv_brc_genome_amr	high
27381390	CVM N43831	SAMN03894103	BioSample	Salmonella enterica	ceftriaxone	ceftriaxone	<=	0.25	mg/L	Susceptible	CLSI	Broth dilution	bv_brc_genome_amr	high
27381390	CVM N38943	SAMN02699306	BioSample	Salmonella enterica	amoxicillin-clavulanic_acid	amoxicillin/clavulanic acid	=	32.0	mg/L	Resistant	CLSI	Broth dilution	bv_brc_genome_amr	high
27381390	CVM N44707	SAMN03894124	BioSample	Salmonella enterica	amoxicillin-clavulanic_acid	amoxicillin/clavulanic acid	>	32.0	mg/L	Resistant	CLSI	Broth dilution	bv_brc_genome_amr	high
27381390	CVM N47714	SAMN03894244	BioSample	Salmonella enterica	azithromycin	azithromycin	=	4.0	mg/L	Susceptible	CLSI	Broth dilution	bv_brc_genome_amr	high
27381390	CVM N48694	SAMN03894281	BioSample	Salmonella enterica	ceftriaxone	ceftriaxone	<=	0.25	mg/L	Susceptible	CLSI	Broth dilution	bv_brc_genome_amr	high
27381390	CVM N42492	SAMN02699357	BioSample	Salmonella enterica	ciprofloxacin	ciprofloxacin	<=	0.015	mg/L	Susceptible	CLSI	Broth dilution	bv_brc_genome_amr	high
27381390	CVM 43837	SAMN02912006	BioSample	Salmonella enterica	amoxicillin-clavulanic_acid	amoxicillin/clavulanic acid	<=	1.0	mg/L	Susceptible	CLSI	Broth dilution	bv_brc_genome_amr	high
27381390	CVM N51288	SAMN03894379	BioSample	Salmonella enterica	ciprofloxacin	ciprofloxacin	<=	0.015	mg/L	Susceptible	CLSI	Broth dilution	bv_brc_genome_amr	high
27381390	CVM N41900	SAMN02699330	BioSample	Salmonella enterica	azithromycin	azithromycin	=	4.0	mg/L	Susceptible	CLSI	Broth dilution	bv_brc_genome_amr	high
27381390	CVM N30669	SAMN02699218	BioSample	Salmonella enterica	ciprofloxacin	ciprofloxacin	<=	0.015	mg/L	Susceptible	CLSI	Broth dilution	bv_brc_genome_amr	high
27381390	CVM N51254	SAMN03894345	BioSample	Salmonella enterica	azithromycin	azithromycin	=	8.0	mg/L	Susceptible	CLSI	Broth dilution	bv_brc_genome_amr	high
27381390	CVM N46855	SAMN03894234	BioSample	Salmonella enterica	azithromycin	azithromycin	=	2.0	mg/L	Susceptible	CLSI	Broth dilution	bv_brc_genome_amr	high
27381390	CVM N43457	SAMN03894066	BioSample	Salmonella enterica	azithromycin	azithromycin	=	4.0	mg/L	Susceptible	CLSI	Broth dilution	bv_brc_genome_amr	high
27381390	CVM N48699	SAMN03894286	BioSample	Salmonella enterica	amoxicillin-clavulanic_acid	amoxicillin/clavulanic acid	=	4.0	mg/L	Susceptible	CLSI	Broth dilution	bv_brc_genome_amr	high
27381390	CVM N48688	SAMN03894275	BioSample	Salmonella enterica	ciprofloxacin	ciprofloxacin	<=	0.015	mg/L	Susceptible	CLSI	Broth dilution	bv_brc_genome_amr	high
27381390	CVM N45403	SAMN03894148	BioSample	Salmonella enterica	azithromycin	azithromycin	=	4.0	mg/L	Susceptible	CLSI	Broth dilution	bv_brc_genome_amr	high
27381390	CVM N50423	SAMN03894303	BioSample	Salmonella enterica	amoxicillin-clavulanic_acid	amoxicillin/clavulanic acid	=	8.0	mg/L	Susceptible	CLSI	Broth dilution	bv_brc_genome_amr	high
27381390	CVM 43757	SAMN02911926	BioSample	Salmonella enterica	azithromycin	azithromycin	=	4.0	mg/L	Susceptible	CLSI	Broth dilution	bv_brc_genome_amr	high
27381390	CVM N47723	SAMN03894253	BioSample	Salmonella enterica	ciprofloxacin	ciprofloxacin	<=	0.015	mg/L	Susceptible	CLSI	Broth dilution	bv_brc_genome_amr	high
27381390	CVM N29309	SAMN02699188	BioSample	Salmonella enterica	azithromycin	azithromycin	=	4.0	mg/L	Susceptible	CLSI	Broth dilution	bv_brc_genome_amr	high
27381390	CVM N43463	SAMN03894072	BioSample	Salmonella enterica	ampicillin	ampicillin	<=	1.0	mg/L	Susceptible	CLSI	Broth dilution	bv_brc_genome_amr	high
27381390	CVM N45406	SAMN03894151	BioSample	Salmonella enterica	azithromycin	azithromycin	=	4.0	mg/L	Susceptible	CLSI	Broth dilution	bv_brc_genome_amr	high
27381390	CVM N29378	SAMN02699208	BioSample	Salmonella enterica	ceftriaxone	ceftriaxone	<=	0.25	mg/L	Susceptible	CLSI	Broth dilution	bv_brc_genome_amr	high
27381390	CVM 43745	SAMN02911914	BioSample	Salmonella enterica	azithromycin	azithromycin	=	2.0	mg/L	Susceptible	CLSI	Broth dilution	bv_brc_genome_amr	high
27381390	CVM N43834	SAMN03894106	BioSample	Salmonella enterica	azithromycin	azithromycin	=	4.0	mg/L	Susceptible	CLSI	Broth dilution	bv_brc_genome_amr	high
27381390	CVM 43744	SAMN02911913	BioSample	Salmonella enterica	ampicillin	ampicillin	>	32.0	mg/L	Resistant	CLSI	Broth dilution	bv_brc_genome_amr	high
27381390	CVM N45405	SAMN03894150	BioSample	Salmonella enterica	ceftriaxone	ceftriaxone	=	8.0	mg/L	Resistant	CLSI	Broth dilution	bv_brc_genome_amr	high
27381390	CVM N47726	SAMN03894256	BioSample	Salmonella enterica	ciprofloxacin	ciprofloxacin	=	0.03	mg/L	Susceptible	CLSI	Broth dilution	bv_brc_genome_amr	high
27381390	CVM N42472	SAMN02699350	BioSample	Salmonella enterica	azithromycin	azithromycin	=	4.0	mg/L	Susceptible	CLSI	Broth dilution	bv_brc_genome_amr	high
27381390	CVM N46822	SAMN03894201	BioSample	Salmonella enterica	ampicillin	ampicillin	=	2.0	mg/L	Susceptible	CLSI	Broth dilution	bv_brc_genome_amr	high
27381390	CVM N51290	SAMN03894381	BioSample	Salmonella enterica	ciprofloxacin	ciprofloxacin	<=	0.015	mg/L	Susceptible	CLSI	Broth dilution	bv_brc_genome_amr	high
27381390	CVM 43845	SAMN02912014	BioSample	Salmonella enterica	amoxicillin-clavulanic_acid	amoxicillin/clavulanic acid	<=	1.0	mg/L	Susceptible	CLSI	Broth dilution	bv_brc_genome_amr	high
27381390	CVM 43812	SAMN02911981	BioSample	Salmonella enterica	azithromycin	azithromycin	=	4.0	mg/L	Susceptible	CLSI	Broth dilution	bv_brc_genome_amr	high
27381390	CVM 43779	SAMN02911948	BioSample	Salmonella enterica	azithromycin	azithromycin	=	4.0	mg/L	Susceptible	CLSI	Broth dilution	bv_brc_genome_amr	high
27381390	CVM N37931	SAMN02699269	BioSample	Salmonella enterica	azithromycin	azithromycin	=	2.0	mg/L	Susceptible	CLSI	Broth dilution	bv_brc_genome_amr	high
27381390	CVM N45401	SAMN03894146	BioSample	Salmonella enterica	azithromycin	azithromycin	=	4.0	mg/L	Susceptible	CLSI	Broth dilution	bv_brc_genome_amr	high
27381390	CVM 43778	SAMN02911947	BioSample	Salmonella enterica	ampicillin	ampicillin	>	32.0	mg/L	Resistant	CLSI	Broth dilution	bv_brc_genome_amr	high
27381390	CVM N29343	SAMN02699197	BioSample	Salmonella enterica	ciprofloxacin	ciprofloxacin	<=	0.015	mg/L	Susceptible	CLSI	Broth dilution	bv_brc_genome_amr	high
27381390	CVM N48676	SAMN03894263	BioSample	Salmonella enterica	ciprofloxacin	ciprofloxacin	<=	0.015	mg/L	Susceptible	CLSI	Broth dilution	bv_brc_genome_amr	high
27381390	CVM 43835	SAMN02912004	BioSample	Salmonella enterica	ampicillin	ampicillin	<=	1.0	mg/L	Susceptible	CLSI	Broth dilution	bv_brc_genome_amr	high
27381390	CVM N48698	SAMN03894285	BioSample	Salmonella enterica	amoxicillin-clavulanic_acid	amoxicillin/clavulanic acid	<=	1.0	mg/L	Susceptible	CLSI	Broth dilution	bv_brc_genome_amr	high
27381390	CVM 43743	SAMN02911912	BioSample	Salmonella enterica	amoxicillin-clavulanic_acid	amoxicillin/clavulanic acid	=	8.0	mg/L	Susceptible	CLSI	Broth dilution	bv_brc_genome_amr	high
27381390	CVM N48711	SAMN03894297	BioSample	Salmonella enterica	amoxicillin-clavulanic_acid	amoxicillin/clavulanic acid	<=	1.0	mg/L	Susceptible	CLSI	Broth dilution	bv_brc_genome_amr	high
27381390	CVM 43823	SAMN02911992	BioSample	Salmonella enterica	azithromycin	azithromycin	=	4.0	mg/L	Susceptible	CLSI	Broth dilution	bv_brc_genome_amr	high
27381390	CVM N48703	SAMN03894290	BioSample	Salmonella enterica	ceftriaxone	ceftriaxone	<=	0.25	mg/L	Susceptible	CLSI	Broth dilution	bv_brc_genome_amr	high
27381390	CVM N48706	SAMN03894293	BioSample	Salmonella enterica	ampicillin	ampicillin	<=	1.0	mg/L	Susceptible	CLSI	Broth dilution	bv_brc_genome_amr	high
27381390	CVM N48696	SAMN03894283	BioSample	Salmonella enterica	azithromycin	azithromycin	=	2.0	mg/L	Susceptible	CLSI	Broth dilution	bv_brc_genome_amr	high
27381390	CVM N43480	SAMN03894089	BioSample	Salmonella enterica	amoxicillin-clavulanic_acid	amoxicillin/clavulanic acid	=	8.0	mg/L	Susceptible	CLSI	Broth dilution	bv_brc_genome_amr	high
27381390	CVM N50428	SAMN03894308	BioSample	Salmonella enterica	ceftriaxone	ceftriaxone	<=	0.25	mg/L	Susceptible	CLSI	Broth dilution	bv_brc_genome_amr	high
27381390	CVM N46855	SAMN03894234	BioSample	Salmonella enterica	ampicillin	ampicillin	<=	1.0	mg/L	Susceptible	CLSI	Broth dilution	bv_brc_genome_amr	high
27381390	CVM N38885	SAMN02699293	BioSample	Salmonella enterica	ciprofloxacin	ciprofloxacin	<=	0.015	mg/L	Susceptible	CLSI	Broth dilution	bv_brc_genome_amr	high
27381390	CVM N47721	SAMN03894251	BioSample	Salmonella enterica	amoxicillin-clavulanic_acid	amoxicillin/clavulanic acid	<=	1.0	mg/L	Susceptible	CLSI	Broth dilution	bv_brc_genome_amr	high
27381390	CVM N46837	SAMN03894216	BioSample	Salmonella enterica	azithromycin	azithromycin	=	4.0	mg/L	Susceptible	CLSI	Broth dilution	bv_brc_genome_amr	high
27381390	CVM N51269	SAMN03894360	BioSample	Salmonella enterica	ampicillin	ampicillin	<=	1.0	mg/L	Susceptible	CLSI	Broth dilution	bv_brc_genome_amr	high
27381390	CVM 43846	SAMN02912015	BioSample	Salmonella enterica	ciprofloxacin	ciprofloxacin	<=	0.015	mg/L	Susceptible	CLSI	Broth dilution	bv_brc_genome_amr	high
27381390	CVM N48708	SAMN03894295	BioSample	Salmonella enterica	ciprofloxacin	ciprofloxacin	<=	0.015	mg/L	Susceptible	CLSI	Broth dilution	bv_brc_genome_amr	high
27381390	CVM N37941	SAMN02699271	BioSample	Salmonella enterica	ciprofloxacin	ciprofloxacin	<=	0.015	mg/L	Susceptible	CLSI	Broth dilution	bv_brc_genome_amr	high
27381390	CVM N42450	SAMN02699343	BioSample	Salmonella enterica	ampicillin	ampicillin	<=	1.0	mg/L	Susceptible	CLSI	Broth dilution	bv_brc_genome_amr	high
27381390	CVM N45928	SAMN03894162	BioSample	Salmonella enterica	azithromycin	azithromycin	=	4.0	mg/L	Susceptible	CLSI	Broth dilution	bv_brc_genome_amr	high
27381390	CVM N45935	SAMN03894169	BioSample	Salmonella enterica	ceftriaxone	ceftriaxone	=	16.0	mg/L	Resistant	CLSI	Broth dilution	bv_brc_genome_amr	high
27381390	CVM N38885	SAMN02699293	BioSample	Salmonella enterica	ampicillin	ampicillin	=	2.0	mg/L	Susceptible	CLSI	Broth dilution	bv_brc_genome_amr	high
27381390	CVM N29310	SAMN02699189	BioSample	Salmonella enterica	amoxicillin-clavulanic_acid	amoxicillin/clavulanic acid	=	8.0	mg/L	Susceptible	CLSI	Broth dilution	bv_brc_genome_amr	high
27381390	CVM N43467	SAMN03894076	BioSample	Salmonella enterica	ceftriaxone	ceftriaxone	<=	0.25	mg/L	Susceptible	CLSI	Broth dilution	bv_brc_genome_amr	high
27381390	CVM 43800	SAMN02911969	BioSample	Salmonella enterica	amoxicillin-clavulanic_acid	amoxicillin/clavulanic acid	<=	1.0	mg/L	Susceptible	CLSI	Broth dilution	bv_brc_genome_amr	high
27381390	CVM N43463	SAMN03894072	BioSample	Salmonella enterica	ciprofloxacin	ciprofloxacin	<=	0.015	mg/L	Susceptible	CLSI	Broth dilution	bv_brc_genome_amr	high
27381390	CVM N43467	SAMN03894076	BioSample	Salmonella enterica	ampicillin	ampicillin	<=	1.0	mg/L	Susceptible	CLSI	Broth dilution	bv_brc_genome_amr	high
27381390	CVM 43819	SAMN02911988	BioSample	Salmonella enterica	ciprofloxacin	ciprofloxacin	=	0.12	mg/L	Susceptible	CLSI	Broth dilution	bv_brc_genome_amr	high
27381390	CVM N31380	SAMN02699229	BioSample	Salmonella enterica	azithromycin	azithromycin	=	4.0	mg/L	Susceptible	CLSI	Broth dilution	bv_brc_genome_amr	high
27381390	CVM N47721	SAMN03894251	BioSample	Salmonella enterica	azithromycin	azithromycin	=	2.0	mg/L	Susceptible	CLSI	Broth dilution	bv_brc_genome_amr	high
27381390	CVM N46817	SAMN03894196	BioSample	Salmonella enterica	ceftriaxone	ceftriaxone	<=	0.25	mg/L	Susceptible	CLSI	Broth dilution	bv_brc_genome_amr	high
27381390	CVM N45953	SAMN03894184	BioSample	Salmonella enterica	ampicillin	ampicillin	>	32.0	mg/L	Resistant	CLSI	Broth dilution	bv_brc_genome_amr	high
27381390	CVM N42521	SAMN02699364	BioSample	Salmonella enterica	ciprofloxacin	ciprofloxacin	<=	0.015	mg/L	Susceptible	CLSI	Broth dilution	bv_brc_genome_amr	high
27381390	CVM N42337	SAMN02699342	BioSample	Salmonella enterica	ciprofloxacin	ciprofloxacin	=	0.03	mg/L	Susceptible	CLSI	Broth dilution	bv_brc_genome_amr	high
27381390	CVM N43474	SAMN03894083	BioSample	Salmonella enterica	amoxicillin-clavulanic_acid	amoxicillin/clavulanic acid	<=	1.0	mg/L	Susceptible	CLSI	Broth dilution	bv_brc_genome_amr	high
27381390	CVM N48712	SAMN03894298	BioSample	Salmonella enterica	ceftriaxone	ceftriaxone	<=	0.25	mg/L	Susceptible	CLSI	Broth dilution	bv_brc_genome_amr	high
27381390	CVM N46848	SAMN03894227	BioSample	Salmonella enterica	ceftriaxone	ceftriaxone	<=	0.25	mg/L	Susceptible	CLSI	Broth dilution	bv_brc_genome_amr	high
27381390	CVM N44712	SAMN03894129	BioSample	Salmonella enterica	ceftriaxone	ceftriaxone	<=	0.25	mg/L	Susceptible	CLSI	Broth dilution	bv_brc_genome_amr	high
27381390	CVM N50437	SAMN03894317	BioSample	Salmonella enterica	amoxicillin-clavulanic_acid	amoxicillin/clavulanic acid	=	2.0	mg/L	Susceptible	CLSI	Broth dilution	bv_brc_genome_amr	high
27381390	CVM N48692	SAMN03894279	BioSample	Salmonella enterica	azithromycin	azithromycin	=	4.0	mg/L	Susceptible	CLSI	Broth dilution	bv_brc_genome_amr	high
27381390	CVM N50450	SAMN03894330	BioSample	Salmonella enterica	azithromycin	azithromycin	=	4.0	mg/L	Susceptible	CLSI	Broth dilution	bv_brc_genome_amr	high
27381390	CVM 43829	SAMN02911998	BioSample	Salmonella enterica	azithromycin	azithromycin	=	4.0	mg/L	Susceptible	CLSI	Broth dilution	bv_brc_genome_amr	high
27381390	CVM N42450	SAMN02699343	BioSample	Salmonella enterica	ceftriaxone	ceftriaxone	<=	0.25	mg/L	Susceptible	CLSI	Broth dilution	bv_brc_genome_amr	high
27381390	CVM N47723	SAMN03894253	BioSample	Salmonella enterica	amoxicillin-clavulanic_acid	amoxicillin/clavulanic acid	<=	1.0	mg/L	Susceptible	CLSI	Broth dilution	bv_brc_genome_amr	high
27381390	CVM N38860	SAMN02699283	BioSample	Salmonella enterica	ampicillin	ampicillin	>	32.0	mg/L	Resistant	CLSI	Broth dilution	bv_brc_genome_amr	high
27381390	CVM N40368	SAMN02699311	BioSample	Salmonella enterica	ceftriaxone	ceftriaxone	<=	0.25	mg/L	Susceptible	CLSI	Broth dilution	bv_brc_genome_amr	high
27381390	CVM 43794	SAMN02911963	BioSample	Salmonella enterica	ceftriaxone	ceftriaxone	<=	0.25	mg/L	Susceptible	CLSI	Broth dilution	bv_brc_genome_amr	high
27381390	CVM N43832	SAMN03894104	BioSample	Salmonella enterica	ampicillin	ampicillin	>	32.0	mg/L	Resistant	CLSI	Broth dilution	bv_brc_genome_amr	high
27381390	CVM N44705	SAMN03894122	BioSample	Salmonella enterica	amoxicillin-clavulanic_acid	amoxicillin/clavulanic acid	<=	1.0	mg/L	Susceptible	CLSI	Broth dilution	bv_brc_genome_amr	high
27381390	CVM 43809	SAMN02911978	BioSample	Salmonella enterica	ciprofloxacin	ciprofloxacin	<=	0.015	mg/L	Susceptible	CLSI	Broth dilution	bv_brc_genome_amr	high
27381390	CVM N29351	SAMN02699199	BioSample	Salmonella enterica	ceftriaxone	ceftriaxone	=	8.0	mg/L	Resistant	CLSI	Broth dilution	bv_brc_genome_amr	high
27381390	CVM N44693	SAMN03894110	BioSample	Salmonella enterica	ceftriaxone	ceftriaxone	=	4.0	mg/L	Resistant	CLSI	Broth dilution	bv_brc_genome_amr	high
27381390	CVM N41900	SAMN02699330	BioSample	Salmonella enterica	ampicillin	ampicillin	<=	1.0	mg/L	Susceptible	CLSI	Broth dilution	bv_brc_genome_amr	high
27381390	CVM N38943	SAMN02699306	BioSample	Salmonella enterica	ciprofloxacin	ciprofloxacin	<=	0.015	mg/L	Susceptible	CLSI	Broth dilution	bv_brc_genome_amr	high
27381390	CVM N30673	SAMN02699220	BioSample	Salmonella enterica	ampicillin	ampicillin	>	32.0	mg/L	Resistant	CLSI	Broth dilution	bv_brc_genome_amr	high
27381390	CVM N46815	SAMN03894195	BioSample	Salmonella enterica	amoxicillin-clavulanic_acid	amoxicillin/clavulanic acid	<=	1.0	mg/L	Susceptible	CLSI	Broth dilution	bv_brc_genome_amr	high
27381390	CVM 43743	SAMN02911912	BioSample	Salmonella enterica	ceftriaxone	ceftriaxone	<=	0.25	mg/L	Susceptible	CLSI	Broth dilution	bv_brc_genome_amr	high
27381390	CVM N47716	SAMN03894246	BioSample	Salmonella enterica	amoxicillin-clavulanic_acid	amoxicillin/clavulanic acid	<=	1.0	mg/L	Susceptible	CLSI	Broth dilution	bv_brc_genome_amr	high
27381390	CVM N50445	SAMN03894325	BioSample	Salmonella enterica	ampicillin	ampicillin	>	32.0	mg/L	Resistant	CLSI	Broth dilution	bv_brc_genome_amr	high
27381390	CVM N40935	SAMN02699323	BioSample	Salmonella enterica	ceftriaxone	ceftriaxone	=	4.0	mg/L	Resistant	CLSI	Broth dilution	bv_brc_genome_amr	high
27381390	CVM N31402	SAMN02699235	BioSample	Salmonella enterica	ciprofloxacin	ciprofloxacin	<=	0.015	mg/L	Susceptible	CLSI	Broth dilution	bv_brc_genome_amr	high
27381390	CVM N29321	SAMN02699193	BioSample	Salmonella enterica	ciprofloxacin	ciprofloxacin	<=	0.015	mg/L	Susceptible	CLSI	Broth dilution	bv_brc_genome_amr	high
27381390	CVM 43797	SAMN02911966	BioSample	Salmonella enterica	ceftriaxone	ceftriaxone	<=	0.25	mg/L	Susceptible	CLSI	Broth dilution	bv_brc_genome_amr	high
27381390	CVM N45405	SAMN03894150	BioSample	Salmonella enterica	azithromycin	azithromycin	=	2.0	mg/L	Susceptible	CLSI	Broth dilution	bv_brc_genome_amr	high
27381390	CVM N38914	SAMN02699301	BioSample	Salmonella enterica	ceftriaxone	ceftriaxone	<=	0.25	mg/L	Susceptible	CLSI	Broth dilution	bv_brc_genome_amr	high
27381390	CVM N51259	SAMN03894350	BioSample	Salmonella enterica	ceftriaxone	ceftriaxone	<=	0.25	mg/L	Susceptible	CLSI	Broth dilution	bv_brc_genome_amr	high
27381390	CVM N48692	SAMN03894279	BioSample	Salmonella enterica	ceftriaxone	ceftriaxone	=	32.0	mg/L	Resistant	CLSI	Broth dilution	bv_brc_genome_amr	high
27381390	CVM N46832	SAMN03894211	BioSample	Salmonella enterica	ampicillin	ampicillin	>	32.0	mg/L	Resistant	CLSI	Broth dilution	bv_brc_genome_amr	high
27381390	CVM N29360	SAMN02699202	BioSample	Salmonella enterica	amoxicillin-clavulanic_acid	amoxicillin/clavulanic acid	<=	1.0	mg/L	Susceptible	CLSI	Broth dilution	bv_brc_genome_amr	high
27381390	CVM N48693	SAMN03894280	BioSample	Salmonella enterica	ampicillin	ampicillin	<=	1.0	mg/L	Susceptible	CLSI	Broth dilution	bv_brc_genome_amr	high
27381390	CVM N30671	SAMN02699219	BioSample	Salmonella enterica	azithromycin	azithromycin	=	8.0	mg/L	Susceptible	CLSI	Broth dilution	bv_brc_genome_amr	high
27381390	CVM 43761	SAMN02911930	BioSample	Salmonella enterica	azithromycin	azithromycin	=	4.0	mg/L	Susceptible	CLSI	Broth dilution	bv_brc_genome_amr	high
27381390	CVM N44704	SAMN03894121	BioSample	Salmonella enterica	ceftriaxone	ceftriaxone	<=	0.25	mg/L	Susceptible	CLSI	Broth dilution	bv_brc_genome_amr	high
27381390	CVM N46826	SAMN03894205	BioSample	Salmonella enterica	ceftriaxone	ceftriaxone	<=	0.25	mg/L	Susceptible	CLSI	Broth dilution	bv_brc_genome_amr	high
27381390	CVM N29379	SAMN02699209	BioSample	Salmonella enterica	azithromycin	azithromycin	=	8.0	mg/L	Susceptible	CLSI	Broth dilution	bv_brc_genome_amr	high
27381390	CVM N45951	SAMN03894182	BioSample	Salmonella enterica	ceftriaxone	ceftriaxone	<=	0.25	mg/L	Susceptible	CLSI	Broth dilution	bv_brc_genome_amr	high
27381390	CVM N44708	SAMN03894125	BioSample	Salmonella enterica	ampicillin	ampicillin	>	32.0	mg/L	Resistant	CLSI	Broth dilution	bv_brc_genome_amr	high
27381390	CVM N43449	SAMN03894058	BioSample	Salmonella enterica	ampicillin	ampicillin	<=	1.0	mg/L	Susceptible	CLSI	Broth dilution	bv_brc_genome_amr	high
27381390	CVM N48697	SAMN03894284	BioSample	Salmonella enterica	ceftriaxone	ceftriaxone	<=	0.25	mg/L	Susceptible	CLSI	Broth dilution	bv_brc_genome_amr	high
27381390	CVM N51264	SAMN03894355	BioSample	Salmonella enterica	azithromycin	azithromycin	=	2.0	mg/L	Susceptible	CLSI	Broth dilution	bv_brc_genome_amr	high
27381390	CVM N38240	SAMN02699278	BioSample	Salmonella enterica	ceftriaxone	ceftriaxone	<=	0.25	mg/L	Susceptible	CLSI	Broth dilution	bv_brc_genome_amr	high
27381390	CVM N32056	SAMN02699253	BioSample	Salmonella enterica	ciprofloxacin	ciprofloxacin	<=	0.015	mg/L	Susceptible	CLSI	Broth dilution	bv_brc_genome_amr	high
27381390	CVM 43796	SAMN02911965	BioSample	Salmonella enterica	ampicillin	ampicillin	<=	1.0	mg/L	Susceptible	CLSI	Broth dilution	bv_brc_genome_amr	high
27381390	CVM N46814	SAMN03894194	BioSample	Salmonella enterica	amoxicillin-clavulanic_acid	amoxicillin/clavulanic acid	<=	1.0	mg/L	Susceptible	CLSI	Broth dilution	bv_brc_genome_amr	high
27381390	CVM N40935	SAMN02699323	BioSample	Salmonella enterica	azithromycin	azithromycin	=	2.0	mg/L	Susceptible	CLSI	Broth dilution	bv_brc_genome_amr	high
27381390	CVM N43835	SAMN03894107	BioSample	Salmonella enterica	ceftriaxone	ceftriaxone	<=	0.25	mg/L	Susceptible	CLSI	Broth dilution	bv_brc_genome_amr	high
27381390	CVM N50432	SAMN03894312	BioSample	Salmonella enterica	ciprofloxacin	ciprofloxacin	<=	0.015	mg/L	Susceptible	CLSI	Broth dilution	bv_brc_genome_amr	high
27381390	CVM N43471	SAMN03894080	BioSample	Salmonella enterica	azithromycin	azithromycin	=	4.0	mg/L	Susceptible	CLSI	Broth dilution	bv_brc_genome_amr	high
27381390	CVM 43772	SAMN02911941	BioSample	Salmonella enterica	ceftriaxone	ceftriaxone	<=	0.25	mg/L	Susceptible	CLSI	Broth dilution	bv_brc_genome_amr	high
27381390	CVM N51263	SAMN03894354	BioSample	Salmonella enterica	ceftriaxone	ceftriaxone	<=	0.25	mg/L	Susceptible	CLSI	Broth dilution	bv_brc_genome_amr	high
27381390	CVM N50437	SAMN03894317	BioSample	Salmonella enterica	azithromycin	azithromycin	=	8.0	mg/L	Susceptible	CLSI	Broth dilution	bv_brc_genome_amr	high
27381390	CVM N43463	SAMN03894072	BioSample	Salmonella enterica	azithromycin	azithromycin	=	2.0	mg/L	Susceptible	CLSI	Broth dilution	bv_brc_genome_amr	high
27381390	CVM N45406	SAMN03894151	BioSample	Salmonella enterica	amoxicillin-clavulanic_acid	amoxicillin/clavulanic acid	<=	1.0	mg/L	Susceptible	CLSI	Broth dilution	bv_brc_genome_amr	high
27381390	CVM N44710	SAMN03894127	BioSample	Salmonella enterica	ampicillin	ampicillin	>	32.0	mg/L	Resistant	CLSI	Broth dilution	bv_brc_genome_amr	high
27381390	CVM N29355	SAMN02699200	BioSample	Salmonella enterica	ceftriaxone	ceftriaxone	<=	0.25	mg/L	Susceptible	CLSI	Broth dilution	bv_brc_genome_amr	high
27381390	CVM N46829	SAMN03894208	BioSample	Salmonella enterica	ceftriaxone	ceftriaxone	<=	0.25	mg/L	Susceptible	CLSI	Broth dilution	bv_brc_genome_amr	high
27381390	CVM N42480	SAMN02699354	BioSample	Salmonella enterica	azithromycin	azithromycin	=	2.0	mg/L	Susceptible	CLSI	Broth dilution	bv_brc_genome_amr	high
27381390	CVM N38903	SAMN02699298	BioSample	Salmonella enterica	ampicillin	ampicillin	<=	1.0	mg/L	Susceptible	CLSI	Broth dilution	bv_brc_genome_amr	high
27381390	CVM N38868	SAMN02699286	BioSample	Salmonella enterica	ceftriaxone	ceftriaxone	<=	0.25	mg/L	Susceptible	CLSI	Broth dilution	bv_brc_genome_amr	high
27381390	CVM N44716	SAMN03894133	BioSample	Salmonella enterica	amoxicillin-clavulanic_acid	amoxicillin/clavulanic acid	>	32.0	mg/L	Resistant	CLSI	Broth dilution	bv_brc_genome_amr	high
27381390	CVM N32053	SAMN02699251	BioSample	Salmonella enterica	ceftriaxone	ceftriaxone	<=	0.25	mg/L	Susceptible	CLSI	Broth dilution	bv_brc_genome_amr	high
27381390	CVM N29357	SAMN02699201	BioSample	Salmonella enterica	amoxicillin-clavulanic_acid	amoxicillin/clavulanic acid	<=	1.0	mg/L	Susceptible	CLSI	Broth dilution	bv_brc_genome_amr	high
27381390	CVM N42337	SAMN02699342	BioSample	Salmonella enterica	amoxicillin-clavulanic_acid	amoxicillin/clavulanic acid	<=	1.0	mg/L	Susceptible	CLSI	Broth dilution	bv_brc_genome_amr	high
27381390	CVM 43790	SAMN02911959	BioSample	Salmonella enterica	ampicillin	ampicillin	>	32.0	mg/L	Resistant	CLSI	Broth dilution	bv_brc_genome_amr	high
27381390	CVM 43801	SAMN02911970	BioSample	Salmonella enterica	ciprofloxacin	ciprofloxacin	<=	0.015	mg/L	Susceptible	CLSI	Broth dilution	bv_brc_genome_amr	high
27381390	CVM N40925	SAMN02699322	BioSample	Salmonella enterica	ceftriaxone	ceftriaxone	=	4.0	mg/L	Resistant	CLSI	Broth dilution	bv_brc_genome_amr	high
27381390	CVM N43458	SAMN03894067	BioSample	Salmonella enterica	ceftriaxone	ceftriaxone	<=	0.25	mg/L	Susceptible	CLSI	Broth dilution	bv_brc_genome_amr	high
27381390	CVM N47713	SAMN03894243	BioSample	Salmonella enterica	amoxicillin-clavulanic_acid	amoxicillin/clavulanic acid	<=	1.0	mg/L	Susceptible	CLSI	Broth dilution	bv_brc_genome_amr	high
27381390	CVM N44701	SAMN03894118	BioSample	Salmonella enterica	ciprofloxacin	ciprofloxacin	<=	0.015	mg/L	Susceptible	CLSI	Broth dilution	bv_brc_genome_amr	high
27381390	CVM N32772	SAMN02699259	BioSample	Salmonella enterica	ciprofloxacin	ciprofloxacin	<=	0.015	mg/L	Susceptible	CLSI	Broth dilution	bv_brc_genome_amr	high
27381390	CVM N42233	SAMN02699337	BioSample	Salmonella enterica	amoxicillin-clavulanic_acid	amoxicillin/clavulanic acid	>	32.0	mg/L	Resistant	CLSI	Broth dilution	bv_brc_genome_amr	high
27381390	CVM N50424	SAMN03894304	BioSample	Salmonella enterica	ampicillin	ampicillin	=	2.0	mg/L	Susceptible	CLSI	Broth dilution	bv_brc_genome_amr	high
27381390	CVM 43799	SAMN02911968	BioSample	Salmonella enterica	ciprofloxacin	ciprofloxacin	<=	0.015	mg/L	Susceptible	CLSI	Broth dilution	bv_brc_genome_amr	high
27381390	CVM N51267	SAMN03894358	BioSample	Salmonella enterica	amoxicillin-clavulanic_acid	amoxicillin/clavulanic acid	=	2.0	mg/L	Susceptible	CLSI	Broth dilution	bv_brc_genome_amr	high
27381390	CVM N44711	SAMN03894128	BioSample	Salmonella enterica	amoxicillin-clavulanic_acid	amoxicillin/clavulanic acid	<=	1.0	mg/L	Susceptible	CLSI	Broth dilution	bv_brc_genome_amr	high
27381390	CVM N45955	SAMN03894186	BioSample	Salmonella enterica	azithromycin	azithromycin	=	4.0	mg/L	Susceptible	CLSI	Broth dilution	bv_brc_genome_amr	high
27381390	CVM N45398	SAMN03894143	BioSample	Salmonella enterica	ceftriaxone	ceftriaxone	<=	0.25	mg/L	Susceptible	CLSI	Broth dilution	bv_brc_genome_amr	high
27381390	CVM N46833	SAMN03894212	BioSample	Salmonella enterica	amoxicillin-clavulanic_acid	amoxicillin/clavulanic acid	<=	1.0	mg/L	Susceptible	CLSI	Broth dilution	bv_brc_genome_amr	high
27381390	CVM N32763	SAMN02699258	BioSample	Salmonella enterica	amoxicillin-clavulanic_acid	amoxicillin/clavulanic acid	>	32.0	mg/L	Resistant	CLSI	Broth dilution	bv_brc_genome_amr	high
27381390	CVM N30685	SAMN02699224	BioSample	Salmonella enterica	ciprofloxacin	ciprofloxacin	=	0.03	mg/L	Susceptible	CLSI	Broth dilution	bv_brc_genome_amr	high
27381390	CVM N47729	SAMN03894259	BioSample	Salmonella enterica	ampicillin	ampicillin	<=	1.0	mg/L	Susceptible	CLSI	Broth dilution	bv_brc_genome_amr	high
27381390	CVM N46860	SAMN03894239	BioSample	Salmonella enterica	ciprofloxacin	ciprofloxacin	=	0.03	mg/L	Susceptible	CLSI	Broth dilution	bv_brc_genome_amr	high
27381390	CVM 43772	SAMN02911941	BioSample	Salmonella enterica	ciprofloxacin	ciprofloxacin	<=	0.015	mg/L	Susceptible	CLSI	Broth dilution	bv_brc_genome_amr	high
27381390	CVM N32779	SAMN02699261	BioSample	Salmonella enterica	ciprofloxacin	ciprofloxacin	<=	0.015	mg/L	Susceptible	CLSI	Broth dilution	bv_brc_genome_amr	high
27381390	CVM N51250	SAMN03894341	BioSample	Salmonella enterica	ciprofloxacin	ciprofloxacin	<=	0.015	mg/L	Susceptible	CLSI	Broth dilution	bv_brc_genome_amr	high
27381390	CVM N51277	SAMN03894368	BioSample	Salmonella enterica	azithromycin	azithromycin	=	2.0	mg/L	Susceptible	CLSI	Broth dilution	bv_brc_genome_amr	high
27381390	CVM N43460	SAMN03894069	BioSample	Salmonella enterica	ampicillin	ampicillin	=	2.0	mg/L	Susceptible	CLSI	Broth dilution	bv_brc_genome_amr	high
27381390	CVM N38882	SAMN02699292	BioSample	Salmonella enterica	ampicillin	ampicillin	<=	1.0	mg/L	Susceptible	CLSI	Broth dilution	bv_brc_genome_amr	high
27381390	CVM N44692	SAMN03894109	BioSample	Salmonella enterica	azithromycin	azithromycin	=	4.0	mg/L	Susceptible	CLSI	Broth dilution	bv_brc_genome_amr	high
27381390	CVM N45956	SAMN03894187	BioSample	Salmonella enterica	ciprofloxacin	ciprofloxacin	<=	0.015	mg/L	Susceptible	CLSI	Broth dilution	bv_brc_genome_amr	high
27381390	CVM N50428	SAMN03894308	BioSample	Salmonella enterica	azithromycin	azithromycin	=	4.0	mg/L	Susceptible	CLSI	Broth dilution	bv_brc_genome_amr	high
27381390	CVM N43476	SAMN03894085	BioSample	Salmonella enterica	ciprofloxacin	ciprofloxacin	=	0.03	mg/L	Susceptible	CLSI	Broth dilution	bv_brc_genome_amr	high
27381390	CVM N51291	SAMN03894382	BioSample	Salmonella enterica	azithromycin	azithromycin	=	4.0	mg/L	Susceptible	CLSI	Broth dilution	bv_brc_genome_amr	high
27381390	CVM N43831	SAMN03894103	BioSample	Salmonella enterica	ciprofloxacin	ciprofloxacin	<=	0.015	mg/L	Susceptible	CLSI	Broth dilution	bv_brc_genome_amr	high
27381390	CVM N50436	SAMN03894316	BioSample	Salmonella enterica	ciprofloxacin	ciprofloxacin	<=	0.015	mg/L	Susceptible	CLSI	Broth dilution	bv_brc_genome_amr	high
27381390	CVM 43840	SAMN02912009	BioSample	Salmonella enterica	azithromycin	azithromycin	=	4.0	mg/L	Susceptible	CLSI	Broth dilution	bv_brc_genome_amr	high
27381390	CVM N51252	SAMN03894343	BioSample	Salmonella enterica	azithromycin	azithromycin	=	2.0	mg/L	Susceptible	CLSI	Broth dilution	bv_brc_genome_amr	high
27381390	CVM N44714	SAMN03894131	BioSample	Salmonella enterica	amoxicillin-clavulanic_acid	amoxicillin/clavulanic acid	>	32.0	mg/L	Resistant	CLSI	Broth dilution	bv_brc_genome_amr	high
27381390	CVM N43456	SAMN03894065	BioSample	Salmonella enterica	amoxicillin-clavulanic_acid	amoxicillin/clavulanic acid	=	8.0	mg/L	Susceptible	CLSI	Broth dilution	bv_brc_genome_amr	high
27381390	CVM 43770	SAMN02911939	BioSample	Salmonella enterica	amoxicillin-clavulanic_acid	amoxicillin/clavulanic acid	<=	1.0	mg/L	Susceptible	CLSI	Broth dilution	bv_brc_genome_amr	high
27381390	CVM N48679	SAMN03894266	BioSample	Salmonella enterica	ceftriaxone	ceftriaxone	<=	0.25	mg/L	Susceptible	CLSI	Broth dilution	bv_brc_genome_amr	high
27381390	CVM N45941	SAMN03894175	BioSample	Salmonella enterica	azithromycin	azithromycin	=	4.0	mg/L	Susceptible	CLSI	Broth dilution	bv_brc_genome_amr	high
27381390	CVM 43761	SAMN02911930	BioSample	Salmonella enterica	ampicillin	ampicillin	>	32.0	mg/L	Resistant	CLSI	Broth dilution	bv_brc_genome_amr	high
27381390	CVM N45957	SAMN03894188	BioSample	Salmonella enterica	azithromycin	azithromycin	=	4.0	mg/L	Susceptible	CLSI	Broth dilution	bv_brc_genome_amr	high
27381390	CVM 43802	SAMN02911971	BioSample	Salmonella enterica	ciprofloxacin	ciprofloxacin	<=	0.015	mg/L	Susceptible	CLSI	Broth dilution	bv_brc_genome_amr	high
27381390	CVM 43807	SAMN02911976	BioSample	Salmonella enterica	ceftriaxone	ceftriaxone	<=	0.25	mg/L	Susceptible	CLSI	Broth dilution	bv_brc_genome_amr	high
27381390	CVM 43820	SAMN02911989	BioSample	Salmonella enterica	azithromycin	azithromycin	=	4.0	mg/L	Susceptible	CLSI	Broth dilution	bv_brc_genome_amr	high
27381390	CVM N46830	SAMN03894209	BioSample	Salmonella enterica	ceftriaxone	ceftriaxone	<=	0.25	mg/L	Susceptible	CLSI	Broth dilution	bv_brc_genome_amr	high
27381390	CVM N42477	SAMN02699352	BioSample	Salmonella enterica	ciprofloxacin	ciprofloxacin	<=	0.015	mg/L	Susceptible	CLSI	Broth dilution	bv_brc_genome_amr	high
27381390	CVM N44692	SAMN03894109	BioSample	Salmonella enterica	amoxicillin-clavulanic_acid	amoxicillin/clavulanic acid	<=	1.0	mg/L	Susceptible	CLSI	Broth dilution	bv_brc_genome_amr	high
27381390	CVM N45392	SAMN03894137	BioSample	Salmonella enterica	ciprofloxacin	ciprofloxacin	<=	0.015	mg/L	Susceptible	CLSI	Broth dilution	bv_brc_genome_amr	high
27381390	CVM N45934	SAMN03894168	BioSample	Salmonella enterica	ciprofloxacin	ciprofloxacin	<=	0.015	mg/L	Susceptible	CLSI	Broth dilution	bv_brc_genome_amr	high
27381390	CVM N45958	SAMN03894189	BioSample	Salmonella enterica	ampicillin	ampicillin	<=	1.0	mg/L	Susceptible	CLSI	Broth dilution	bv_brc_genome_amr	high
27381390	CVM N50434	SAMN03894314	BioSample	Salmonella enterica	ampicillin	ampicillin	=	2.0	mg/L	Susceptible	CLSI	Broth dilution	bv_brc_genome_amr	high
27381390	CVM N45405	SAMN03894150	BioSample	Salmonella enterica	amoxicillin-clavulanic_acid	amoxicillin/clavulanic acid	>	32.0	mg/L	Resistant	CLSI	Broth dilution	bv_brc_genome_amr	high
27381390	CVM N45929	SAMN03894163	BioSample	Salmonella enterica	amoxicillin-clavulanic_acid	amoxicillin/clavulanic acid	<=	1.0	mg/L	Susceptible	CLSI	Broth dilution	bv_brc_genome_amr	high
27381390	CVM N51295	SAMN03894386	BioSample	Salmonella enterica	amoxicillin-clavulanic_acid	amoxicillin/clavulanic acid	<=	1.0	mg/L	Susceptible	CLSI	Broth dilution	bv_brc_genome_amr	high
27381390	CVM N45396	SAMN03894141	BioSample	Salmonella enterica	ceftriaxone	ceftriaxone	<=	0.25	mg/L	Susceptible	CLSI	Broth dilution	bv_brc_genome_amr	high
27381390	CVM N51311	SAMN03894402	BioSample	Salmonella enterica	amoxicillin-clavulanic_acid	amoxicillin/clavulanic acid	=	2.0	mg/L	Susceptible	CLSI	Broth dilution	bv_brc_genome_amr	high
27381390	CVM N29357	SAMN02699201	BioSample	Salmonella enterica	azithromycin	azithromycin	=	4.0	mg/L	Susceptible	CLSI	Broth dilution	bv_brc_genome_amr	high
27381390	CVM N47724	SAMN03894254	BioSample	Salmonella enterica	ciprofloxacin	ciprofloxacin	=	0.03	mg/L	Susceptible	CLSI	Broth dilution	bv_brc_genome_amr	high
27381390	CVM N38894	SAMN02699297	BioSample	Salmonella enterica	ceftriaxone	ceftriaxone	<=	0.25	mg/L	Susceptible	CLSI	Broth dilution	bv_brc_genome_amr	high
27381390	CVM N43477	SAMN03894086	BioSample	Salmonella enterica	ciprofloxacin	ciprofloxacin	<=	0.015	mg/L	Susceptible	CLSI	Broth dilution	bv_brc_genome_amr	high
27381390	CVM N32048	SAMN02699248	BioSample	Salmonella enterica	ceftriaxone	ceftriaxone	<=	0.25	mg/L	Susceptible	CLSI	Broth dilution	bv_brc_genome_amr	high
27381390	CVM N51265	SAMN03894356	BioSample	Salmonella enterica	ceftriaxone	ceftriaxone	<=	0.25	mg/L	Susceptible	CLSI	Broth dilution	bv_brc_genome_amr	high
27381390	CVM N41734	SAMN02699326	BioSample	Salmonella enterica	azithromycin	azithromycin	=	4.0	mg/L	Susceptible	CLSI	Broth dilution	bv_brc_genome_amr	high
27381390	CVM N46827	SAMN03894206	BioSample	Salmonella enterica	ampicillin	ampicillin	>	32.0	mg/L	Resistant	CLSI	Broth dilution	bv_brc_genome_amr	high
27381390	CVM N32763	SAMN02699258	BioSample	Salmonella enterica	ampicillin	ampicillin	>	32.0	mg/L	Resistant	CLSI	Broth dilution	bv_brc_genome_amr	high
27381390	CVM 43826	SAMN02911995	BioSample	Salmonella enterica	ciprofloxacin	ciprofloxacin	<=	0.015	mg/L	Susceptible	CLSI	Broth dilution	bv_brc_genome_amr	high
27381390	CVM N43466	SAMN03894075	BioSample	Salmonella enterica	ampicillin	ampicillin	<=	1.0	mg/L	Susceptible	CLSI	Broth dilution	bv_brc_genome_amr	high
27381390	CVM N44701	SAMN03894118	BioSample	Salmonella enterica	azithromycin	azithromycin	=	4.0	mg/L	Susceptible	CLSI	Broth dilution	bv_brc_genome_amr	high
27381390	CVM N38234	SAMN02699275	BioSample	Salmonella enterica	ceftriaxone	ceftriaxone	=	8.0	mg/L	Resistant	CLSI	Broth dilution	bv_brc_genome_amr	high
27381390	CVM 43777	SAMN02911946	BioSample	Salmonella enterica	azithromycin	azithromycin	=	8.0	mg/L	Susceptible	CLSI	Broth dilution	bv_brc_genome_amr	high
27381390	CVM N50425	SAMN03894305	BioSample	Salmonella enterica	ciprofloxacin	ciprofloxacin	<=	0.015	mg/L	Susceptible	CLSI	Broth dilution	bv_brc_genome_amr	high
27381390	CVM N42232	SAMN02699336	BioSample	Salmonella enterica	ampicillin	ampicillin	>	32.0	mg/L	Resistant	CLSI	Broth dilution	bv_brc_genome_amr	high
27381390	CVM N48708	SAMN03894295	BioSample	Salmonella enterica	ceftriaxone	ceftriaxone	<=	0.25	mg/L	Susceptible	CLSI	Broth dilution	bv_brc_genome_amr	high
27381390	CVM 43752	SAMN02911921	BioSample	Salmonella enterica	ciprofloxacin	ciprofloxacin	<=	0.015	mg/L	Susceptible	CLSI	Broth dilution	bv_brc_genome_amr	high
27381390	CVM N38885	SAMN02699293	BioSample	Salmonella enterica	amoxicillin-clavulanic_acid	amoxicillin/clavulanic acid	<=	1.0	mg/L	Susceptible	CLSI	Broth dilution	bv_brc_genome_amr	high
27381390	CVM N45949	SAMN03894180	BioSample	Salmonella enterica	azithromycin	azithromycin	=	8.0	mg/L	Susceptible	CLSI	Broth dilution	bv_brc_genome_amr	high
27381390	CVM N45958	SAMN03894189	BioSample	Salmonella enterica	ciprofloxacin	ciprofloxacin	<=	0.015	mg/L	Susceptible	CLSI	Broth dilution	bv_brc_genome_amr	high
27381390	CVM N46842	SAMN03894221	BioSample	Salmonella enterica	amoxicillin-clavulanic_acid	amoxicillin/clavulanic acid	<=	1.0	mg/L	Susceptible	CLSI	Broth dilution	bv_brc_genome_amr	high
27381390	CVM N31593	SAMN02699242	BioSample	Salmonella enterica	amoxicillin-clavulanic_acid	amoxicillin/clavulanic acid	<=	1.0	mg/L	Susceptible	CLSI	Broth dilution	bv_brc_genome_amr	high
27381390	CVM N51258	SAMN03894349	BioSample	Salmonella enterica	azithromycin	azithromycin	=	4.0	mg/L	Susceptible	CLSI	Broth dilution	bv_brc_genome_amr	high
27381390	CVM N50422	SAMN03894302	BioSample	Salmonella enterica	ceftriaxone	ceftriaxone	<=	0.25	mg/L	Susceptible	CLSI	Broth dilution	bv_brc_genome_amr	high
27381390	CVM N48693	SAMN03894280	BioSample	Salmonella enterica	ceftriaxone	ceftriaxone	<=	0.25	mg/L	Susceptible	CLSI	Broth dilution	bv_brc_genome_amr	high
27381390	CVM N30673	SAMN02699220	BioSample	Salmonella enterica	ceftriaxone	ceftriaxone	=	8.0	mg/L	Resistant	CLSI	Broth dilution	bv_brc_genome_amr	high
27381390	CVM N41909	SAMN02699333	BioSample	Salmonella enterica	amoxicillin-clavulanic_acid	amoxicillin/clavulanic acid	<=	1.0	mg/L	Susceptible	CLSI	Broth dilution	bv_brc_genome_amr	high
27381390	CVM 43799	SAMN02911968	BioSample	Salmonella enterica	ampicillin	ampicillin	>	32.0	mg/L	Resistant	CLSI	Broth dilution	bv_brc_genome_amr	high
27381390	CVM N45392	SAMN03894137	BioSample	Salmonella enterica	amoxicillin-clavulanic_acid	amoxicillin/clavulanic acid	=	8.0	mg/L	Susceptible	CLSI	Broth dilution	bv_brc_genome_amr	high
27381390	CVM N51251	SAMN03894342	BioSample	Salmonella enterica	ciprofloxacin	ciprofloxacin	=	0.03	mg/L	Susceptible	CLSI	Broth dilution	bv_brc_genome_amr	high
27381390	CVM N47711	SAMN03894241	BioSample	Salmonella enterica	ampicillin	ampicillin	<=	1.0	mg/L	Susceptible	CLSI	Broth dilution	bv_brc_genome_amr	high
27381390	CVM N47720	SAMN03894250	BioSample	Salmonella enterica	ceftriaxone	ceftriaxone	<=	0.25	mg/L	Susceptible	CLSI	Broth dilution	bv_brc_genome_amr	high
27381390	CVM N51254	SAMN03894345	BioSample	Salmonella enterica	ampicillin	ampicillin	>	32.0	mg/L	Resistant	CLSI	Broth dilution	bv_brc_genome_amr	high
27381390	CVM N46854	SAMN03894233	BioSample	Salmonella enterica	amoxicillin-clavulanic_acid	amoxicillin/clavulanic acid	<=	1.0	mg/L	Susceptible	CLSI	Broth dilution	bv_brc_genome_amr	high
27381390	CVM N51246	SAMN03894337	BioSample	Salmonella enterica	azithromycin	azithromycin	=	4.0	mg/L	Susceptible	CLSI	Broth dilution	bv_brc_genome_amr	high
27381390	CVM N51269	SAMN03894360	BioSample	Salmonella enterica	ceftriaxone	ceftriaxone	<=	0.25	mg/L	Susceptible	CLSI	Broth dilution	bv_brc_genome_amr	high
27381390	CVM N47720	SAMN03894250	BioSample	Salmonella enterica	ciprofloxacin	ciprofloxacin	<=	0.015	mg/L	Susceptible	CLSI	Broth dilution	bv_brc_genome_amr	high
27381390	CVM N43466	SAMN03894075	BioSample	Salmonella enterica	azithromycin	azithromycin	=	4.0	mg/L	Susceptible	CLSI	Broth dilution	bv_brc_genome_amr	high
27381390	CVM 43763	SAMN02911932	BioSample	Salmonella enterica	ciprofloxacin	ciprofloxacin	=	0.25	mg/L	Susceptible	CLSI	Broth dilution	bv_brc_genome_amr	high
27381390	CVM N38848	SAMN02699279	BioSample	Salmonella enterica	azithromycin	azithromycin	=	4.0	mg/L	Susceptible	CLSI	Broth dilution	bv_brc_genome_amr	high
27381390	CVM N46820	SAMN03894199	BioSample	Salmonella enterica	azithromycin	azithromycin	=	4.0	mg/L	Susceptible	CLSI	Broth dilution	bv_brc_genome_amr	high
27381390	CVM N51273	SAMN03894364	BioSample	Salmonella enterica	ceftriaxone	ceftriaxone	=	16.0	mg/L	Resistant	CLSI	Broth dilution	bv_brc_genome_amr	high
27381390	CVM N47724	SAMN03894254	BioSample	Salmonella enterica	azithromycin	azithromycin	=	4.0	mg/L	Susceptible	CLSI	Broth dilution	bv_brc_genome_amr	high
27381390	CVM N43451	SAMN03894060	BioSample	Salmonella enterica	ampicillin	ampicillin	=	2.0	mg/L	Susceptible	CLSI	Broth dilution	bv_brc_genome_amr	high
27381390	CVM N46827	SAMN03894206	BioSample	Salmonella enterica	amoxicillin-clavulanic_acid	amoxicillin/clavulanic acid	=	8.0	mg/L	Susceptible	CLSI	Broth dilution	bv_brc_genome_amr	high
27381390	CVM N44714	SAMN03894131	BioSample	Salmonella enterica	ceftriaxone	ceftriaxone	=	8.0	mg/L	Resistant	CLSI	Broth dilution	bv_brc_genome_amr	high
27381390	CVM N29378	SAMN02699208	BioSample	Salmonella enterica	ciprofloxacin	ciprofloxacin	=	0.03	mg/L	Susceptible	CLSI	Broth dilution	bv_brc_genome_amr	high
27381390	CVM N47725	SAMN03894255	BioSample	Salmonella enterica	ceftriaxone	ceftriaxone	<=	0.25	mg/L	Susceptible	CLSI	Broth dilution	bv_brc_genome_amr	high
27381390	CVM N47714	SAMN03894244	BioSample	Salmonella enterica	ampicillin	ampicillin	<=	1.0	mg/L	Susceptible	CLSI	Broth dilution	bv_brc_genome_amr	high
27381390	CVM 43747	SAMN02911916	BioSample	Salmonella enterica	azithromycin	azithromycin	=	4.0	mg/L	Susceptible	CLSI	Broth dilution	bv_brc_genome_amr	high
27381390	CVM N51276	SAMN03894367	BioSample	Salmonella enterica	amoxicillin-clavulanic_acid	amoxicillin/clavulanic acid	>	32.0	mg/L	Resistant	CLSI	Broth dilution	bv_brc_genome_amr	high
27381390	CVM N46838	SAMN03894217	BioSample	Salmonella enterica	amoxicillin-clavulanic_acid	amoxicillin/clavulanic acid	<=	1.0	mg/L	Susceptible	CLSI	Broth dilution	bv_brc_genome_amr	high
27381390	CVM 43816	SAMN02911985	BioSample	Salmonella enterica	azithromycin	azithromycin	=	4.0	mg/L	Susceptible	CLSI	Broth dilution	bv_brc_genome_amr	high
27381390	CVM N50443	SAMN03894323	BioSample	Salmonella enterica	ceftriaxone	ceftriaxone	=	32.0	mg/L	Resistant	CLSI	Broth dilution	bv_brc_genome_amr	high
27381390	CVM 43844	SAMN02912013	BioSample	Salmonella enterica	ceftriaxone	ceftriaxone	<=	0.25	mg/L	Susceptible	CLSI	Broth dilution	bv_brc_genome_amr	high
27381390	CVM N48705	SAMN03894292	BioSample	Salmonella enterica	amoxicillin-clavulanic_acid	amoxicillin/clavulanic acid	<=	1.0	mg/L	Susceptible	CLSI	Broth dilution	bv_brc_genome_amr	high
27381390	CVM N45411	SAMN03894156	BioSample	Salmonella enterica	ampicillin	ampicillin	<=	1.0	mg/L	Susceptible	CLSI	Broth dilution	bv_brc_genome_amr	high
27381390	CVM N43824	SAMN03894096	BioSample	Salmonella enterica	amoxicillin-clavulanic_acid	amoxicillin/clavulanic acid	<=	1.0	mg/L	Susceptible	CLSI	Broth dilution	bv_brc_genome_amr	high
27381390	CVM N45393	SAMN03894138	BioSample	Salmonella enterica	ceftriaxone	ceftriaxone	<=	0.25	mg/L	Susceptible	CLSI	Broth dilution	bv_brc_genome_amr	high
27381390	CVM N51282	SAMN03894373	BioSample	Salmonella enterica	ampicillin	ampicillin	<=	1.0	mg/L	Susceptible	CLSI	Broth dilution	bv_brc_genome_amr	high
27381390	CVM N29350	SAMN02699198	BioSample	Salmonella enterica	ciprofloxacin	ciprofloxacin	<=	0.015	mg/L	Susceptible	CLSI	Broth dilution	bv_brc_genome_amr	high
27381390	CVM N45409	SAMN03894154	BioSample	Salmonella enterica	azithromycin	azithromycin	=	4.0	mg/L	Susceptible	CLSI	Broth dilution	bv_brc_genome_amr	high
27381390	CVM 43794	SAMN02911963	BioSample	Salmonella enterica	azithromycin	azithromycin	=	4.0	mg/L	Susceptible	CLSI	Broth dilution	bv_brc_genome_amr	high
27381390	CVM N45936	SAMN03894170	BioSample	Salmonella enterica	amoxicillin-clavulanic_acid	amoxicillin/clavulanic acid	<=	1.0	mg/L	Susceptible	CLSI	Broth dilution	bv_brc_genome_amr	high
27381390	CVM N43456	SAMN03894065	BioSample	Salmonella enterica	ampicillin	ampicillin	>	32.0	mg/L	Resistant	CLSI	Broth dilution	bv_brc_genome_amr	high
27381390	CVM N46811	SAMN03894191	BioSample	Salmonella enterica	ciprofloxacin	ciprofloxacin	<=	0.015	mg/L	Susceptible	CLSI	Broth dilution	bv_brc_genome_amr	high
27381390	CVM N44705	SAMN03894122	BioSample	Salmonella enterica	ampicillin	ampicillin	<=	1.0	mg/L	Susceptible	CLSI	Broth dilution	bv_brc_genome_amr	high
27381390	CVM N50419	SAMN03894299	BioSample	Salmonella enterica	ceftriaxone	ceftriaxone	=	0.5	mg/L	Susceptible	CLSI	Broth dilution	bv_brc_genome_amr	high
27381390	CVM N48710	SAMN03894296	BioSample	Salmonella enterica	azithromycin	azithromycin	=	2.0	mg/L	Susceptible	CLSI	Broth dilution	bv_brc_genome_amr	high
27381390	CVM N47721	SAMN03894251	BioSample	Salmonella enterica	ampicillin	ampicillin	<=	1.0	mg/L	Susceptible	CLSI	Broth dilution	bv_brc_genome_amr	high
27381390	CVM N51243	SAMN03894334	BioSample	Salmonella enterica	azithromycin	azithromycin	=	4.0	mg/L	Susceptible	CLSI	Broth dilution	bv_brc_genome_amr	high
27381390	CVM 43782	SAMN02911951	BioSample	Salmonella enterica	amoxicillin-clavulanic_acid	amoxicillin/clavulanic acid	<=	1.0	mg/L	Susceptible	CLSI	Broth dilution	bv_brc_genome_amr	high
27381390	CVM N29313	SAMN02699190	BioSample	Salmonella enterica	amoxicillin-clavulanic_acid	amoxicillin/clavulanic acid	>	32.0	mg/L	Resistant	CLSI	Broth dilution	bv_brc_genome_amr	high
27381390	CVM N43482	SAMN03894091	BioSample	Salmonella enterica	ciprofloxacin	ciprofloxacin	<=	0.015	mg/L	Susceptible	CLSI	Broth dilution	bv_brc_genome_amr	high
27381390	CVM N48701	SAMN03894288	BioSample	Salmonella enterica	ceftriaxone	ceftriaxone	<=	0.25	mg/L	Susceptible	CLSI	Broth dilution	bv_brc_genome_amr	high
27381390	CVM 43773	SAMN02911942	BioSample	Salmonella enterica	azithromycin	azithromycin	=	4.0	mg/L	Susceptible	CLSI	Broth dilution	bv_brc_genome_amr	high
27381390	CVM N45394	SAMN03894139	BioSample	Salmonella enterica	amoxicillin-clavulanic_acid	amoxicillin/clavulanic acid	=	8.0	mg/L	Susceptible	CLSI	Broth dilution	bv_brc_genome_amr	high
27381390	CVM N43468	SAMN03894077	BioSample	Salmonella enterica	ceftriaxone	ceftriaxone	<=	0.25	mg/L	Susceptible	CLSI	Broth dilution	bv_brc_genome_amr	high
27381390	CVM N40939	SAMN02699324	BioSample	Salmonella enterica	ciprofloxacin	ciprofloxacin	<=	0.015	mg/L	Susceptible	CLSI	Broth dilution	bv_brc_genome_amr	high
27381390	CVM N45934	SAMN03894168	BioSample	Salmonella enterica	ampicillin	ampicillin	<=	1.0	mg/L	Susceptible	CLSI	Broth dilution	bv_brc_genome_amr	high
27381390	CVM 43840	SAMN02912009	BioSample	Salmonella enterica	ampicillin	ampicillin	>	32.0	mg/L	Resistant	CLSI	Broth dilution	bv_brc_genome_amr	high
27381390	CVM N45393	SAMN03894138	BioSample	Salmonella enterica	azithromycin	azithromycin	=	4.0	mg/L	Susceptible	CLSI	Broth dilution	bv_brc_genome_amr	high
27381390	CVM N51983	SAMN03894409	BioSample	Salmonella enterica	ampicillin	ampicillin	<=	1.0	mg/L	Susceptible	CLSI	Broth dilution	bv_brc_genome_amr	high
27381390	CVM N48684	SAMN03894271	BioSample	Salmonella enterica	azithromycin	azithromycin	=	4.0	mg/L	Susceptible	CLSI	Broth dilution	bv_brc_genome_amr	high
27381390	CVM 43843	SAMN02912012	BioSample	Salmonella enterica	amoxicillin-clavulanic_acid	amoxicillin/clavulanic acid	>	32.0	mg/L	Resistant	CLSI	Broth dilution	bv_brc_genome_amr	high
27381390	CVM 43773	SAMN02911942	BioSample	Salmonella enterica	amoxicillin-clavulanic_acid	amoxicillin/clavulanic acid	<=	1.0	mg/L	Susceptible	CLSI	Broth dilution	bv_brc_genome_amr	high
27381390	CVM N51315	SAMN03894406	BioSample	Salmonella enterica	ceftriaxone	ceftriaxone	<=	0.25	mg/L	Susceptible	CLSI	Broth dilution	bv_brc_genome_amr	high
27381390	CVM N46847	SAMN03894226	BioSample	Salmonella enterica	amoxicillin-clavulanic_acid	amoxicillin/clavulanic acid	=	8.0	mg/L	Susceptible	CLSI	Broth dilution	bv_brc_genome_amr	high
27381390	CVM 43758	SAMN02911927	BioSample	Salmonella enterica	ampicillin	ampicillin	>	32.0	mg/L	Resistant	CLSI	Broth dilution	bv_brc_genome_amr	high
27381390	CVM N43482	SAMN03894091	BioSample	Salmonella enterica	ampicillin	ampicillin	<=	1.0	mg/L	Susceptible	CLSI	Broth dilution	bv_brc_genome_amr	high
27381390	CVM N44713	SAMN03894130	BioSample	Salmonella enterica	azithromycin	azithromycin	=	4.0	mg/L	Susceptible	CLSI	Broth dilution	bv_brc_genome_amr	high
27381390	CVM N30679	SAMN02699222	BioSample	Salmonella enterica	ciprofloxacin	ciprofloxacin	<=	0.015	mg/L	Susceptible	CLSI	Broth dilution	bv_brc_genome_amr	high
27381390	CVM N48704	SAMN03894291	BioSample	Salmonella enterica	azithromycin	azithromycin	=	4.0	mg/L	Susceptible	CLSI	Broth dilution	bv_brc_genome_amr	high
27381390	CVM N50446	SAMN03894326	BioSample	Salmonella enterica	ceftriaxone	ceftriaxone	=	16.0	mg/L	Resistant	CLSI	Broth dilution	bv_brc_genome_amr	high
27381390	CVM N42512	SAMN02699362	BioSample	Salmonella enterica	ampicillin	ampicillin	>	32.0	mg/L	Resistant	CLSI	Broth dilution	bv_brc_genome_amr	high
27381390	CVM 43845	SAMN02912014	BioSample	Salmonella enterica	azithromycin	azithromycin	=	4.0	mg/L	Susceptible	CLSI	Broth dilution	bv_brc_genome_amr	high
27381390	CVM N29357	SAMN02699201	BioSample	Salmonella enterica	ampicillin	ampicillin	<=	1.0	mg/L	Susceptible	CLSI	Broth dilution	bv_brc_genome_amr	high
27381390	CVM N30693	SAMN02699225	BioSample	Salmonella enterica	azithromycin	azithromycin	=	4.0	mg/L	Susceptible	CLSI	Broth dilution	bv_brc_genome_amr	high
27381390	CVM N51304	SAMN03894395	BioSample	Salmonella enterica	ampicillin	ampicillin	<=	1.0	mg/L	Susceptible	CLSI	Broth dilution	bv_brc_genome_amr	high
27381390	CVM N46845	SAMN03894224	BioSample	Salmonella enterica	ciprofloxacin	ciprofloxacin	<=	0.015	mg/L	Susceptible	CLSI	Broth dilution	bv_brc_genome_amr	high
27381390	CVM N43826	SAMN03894098	BioSample	Salmonella enterica	ceftriaxone	ceftriaxone	<=	0.25	mg/L	Susceptible	CLSI	Broth dilution	bv_brc_genome_amr	high
27381390	CVM N51249	SAMN03894340	BioSample	Salmonella enterica	ampicillin	ampicillin	<=	1.0	mg/L	Susceptible	CLSI	Broth dilution	bv_brc_genome_amr	high
27381390	CVM N50430	SAMN03894310	BioSample	Salmonella enterica	ceftriaxone	ceftriaxone	<=	0.25	mg/L	Susceptible	CLSI	Broth dilution	bv_brc_genome_amr	high
27381390	CVM N43829	SAMN03894101	BioSample	Salmonella enterica	azithromycin	azithromycin	=	4.0	mg/L	Susceptible	CLSI	Broth dilution	bv_brc_genome_amr	high
27381390	CVM N43822	SAMN03894094	BioSample	Salmonella enterica	ceftriaxone	ceftriaxone	<=	0.25	mg/L	Susceptible	CLSI	Broth dilution	bv_brc_genome_amr	high
27381390	CVM N44696	SAMN03894113	BioSample	Salmonella enterica	ceftriaxone	ceftriaxone	<=	0.25	mg/L	Susceptible	CLSI	Broth dilution	bv_brc_genome_amr	high
27381390	CVM N47712	SAMN03894242	BioSample	Salmonella enterica	ciprofloxacin	ciprofloxacin	<=	0.015	mg/L	Susceptible	CLSI	Broth dilution	bv_brc_genome_amr	high
27381390	CVM 43825	SAMN02911994	BioSample	Salmonella enterica	azithromycin	azithromycin	=	4.0	mg/L	Susceptible	CLSI	Broth dilution	bv_brc_genome_amr	high
27381390	CVM 43840	SAMN02912009	BioSample	Salmonella enterica	ceftriaxone	ceftriaxone	=	32.0	mg/L	Resistant	CLSI	Broth dilution	bv_brc_genome_amr	high
27381390	CVM 43844	SAMN02912013	BioSample	Salmonella enterica	ciprofloxacin	ciprofloxacin	<=	0.015	mg/L	Susceptible	CLSI	Broth dilution	bv_brc_genome_amr	high
27381390	CVM N48700	SAMN03894287	BioSample	Salmonella enterica	amoxicillin-clavulanic_acid	amoxicillin/clavulanic acid	<=	1.0	mg/L	Susceptible	CLSI	Broth dilution	bv_brc_genome_amr	high
27381390	CVM N45390	SAMN03894135	BioSample	Salmonella enterica	ampicillin	ampicillin	<=	1.0	mg/L	Susceptible	CLSI	Broth dilution	bv_brc_genome_amr	high
27381390	CVM N29363	SAMN02699204	BioSample	Salmonella enterica	ciprofloxacin	ciprofloxacin	<=	0.015	mg/L	Susceptible	CLSI	Broth dilution	bv_brc_genome_amr	high
27381390	CVM 43787	SAMN02911956	BioSample	Salmonella enterica	azithromycin	azithromycin	>	16.0	mg/L	Resistant	CLSI	Broth dilution	bv_brc_genome_amr	high
27381390	CVM N43481	SAMN03894090	BioSample	Salmonella enterica	amoxicillin-clavulanic_acid	amoxicillin/clavulanic acid	=	16.0	mg/L	Susceptible	CLSI	Broth dilution	bv_brc_genome_amr	high
27381390	CVM 43751	SAMN02911920	BioSample	Salmonella enterica	ampicillin	ampicillin	<=	1.0	mg/L	Susceptible	CLSI	Broth dilution	bv_brc_genome_amr	high
27381390	CVM N46833	SAMN03894212	BioSample	Salmonella enterica	ampicillin	ampicillin	<=	1.0	mg/L	Susceptible	CLSI	Broth dilution	bv_brc_genome_amr	high
27381390	CVM N51262	SAMN03894353	BioSample	Salmonella enterica	ampicillin	ampicillin	<=	1.0	mg/L	Susceptible	CLSI	Broth dilution	bv_brc_genome_amr	high
27381390	CVM N44697	SAMN03894114	BioSample	Salmonella enterica	amoxicillin-clavulanic_acid	amoxicillin/clavulanic acid	>	32.0	mg/L	Resistant	CLSI	Broth dilution	bv_brc_genome_amr	high
27381390	CVM N51274	SAMN03894365	BioSample	Salmonella enterica	amoxicillin-clavulanic_acid	amoxicillin/clavulanic acid	=	16.0	mg/L	Susceptible	CLSI	Broth dilution	bv_brc_genome_amr	high
27381390	CVM N48710	SAMN03894296	BioSample	Salmonella enterica	ceftriaxone	ceftriaxone	<=	0.25	mg/L	Susceptible	CLSI	Broth dilution	bv_brc_genome_amr	high
27381390	CVM N46857	SAMN03894236	BioSample	Salmonella enterica	ampicillin	ampicillin	<=	1.0	mg/L	Susceptible	CLSI	Broth dilution	bv_brc_genome_amr	high
27381390	CVM N46814	SAMN03894194	BioSample	Salmonella enterica	ampicillin	ampicillin	<=	1.0	mg/L	Susceptible	CLSI	Broth dilution	bv_brc_genome_amr	high
27381390	CVM N30683	SAMN02699223	BioSample	Salmonella enterica	azithromycin	azithromycin	=	8.0	mg/L	Susceptible	CLSI	Broth dilution	bv_brc_genome_amr	high
27381390	CVM N38876	SAMN02699291	BioSample	Salmonella enterica	amoxicillin-clavulanic_acid	amoxicillin/clavulanic acid	=	8.0	mg/L	Susceptible	CLSI	Broth dilution	bv_brc_genome_amr	high
27381390	CVM N50445	SAMN03894325	BioSample	Salmonella enterica	amoxicillin-clavulanic_acid	amoxicillin/clavulanic acid	=	8.0	mg/L	Susceptible	CLSI	Broth dilution	bv_brc_genome_amr	high
27381390	CVM N47723	SAMN03894253	BioSample	Salmonella enterica	ampicillin	ampicillin	<=	1.0	mg/L	Susceptible	CLSI	Broth dilution	bv_brc_genome_amr	high
27381390	CVM N51287	SAMN03894378	BioSample	Salmonella enterica	amoxicillin-clavulanic_acid	amoxicillin/clavulanic acid	=	8.0	mg/L	Susceptible	CLSI	Broth dilution	bv_brc_genome_amr	high
27381390	CVM N48683	SAMN03894270	BioSample	Salmonella enterica	amoxicillin-clavulanic_acid	amoxicillin/clavulanic acid	=	8.0	mg/L	Susceptible	CLSI	Broth dilution	bv_brc_genome_amr	high
27381390	CVM 43807	SAMN02911976	BioSample	Salmonella enterica	ciprofloxacin	ciprofloxacin	<=	0.015	mg/L	Susceptible	CLSI	Broth dilution	bv_brc_genome_amr	high
27381390	CVM N45940	SAMN03894174	BioSample	Salmonella enterica	ceftriaxone	ceftriaxone	<=	0.25	mg/L	Susceptible	CLSI	Broth dilution	bv_brc_genome_amr	high
27381390	CVM N51262	SAMN03894353	BioSample	Salmonella enterica	ceftriaxone	ceftriaxone	<=	0.25	mg/L	Susceptible	CLSI	Broth dilution	bv_brc_genome_amr	high
27381390	CVM N46857	SAMN03894236	BioSample	Salmonella enterica	amoxicillin-clavulanic_acid	amoxicillin/clavulanic acid	<=	1.0	mg/L	Susceptible	CLSI	Broth dilution	bv_brc_genome_amr	high
27381390	CVM 43804	SAMN02911973	BioSample	Salmonella enterica	azithromycin	azithromycin	=	4.0	mg/L	Susceptible	CLSI	Broth dilution	bv_brc_genome_amr	high
27381390	CVM N44692	SAMN03894109	BioSample	Salmonella enterica	ceftriaxone	ceftriaxone	<=	0.25	mg/L	Susceptible	CLSI	Broth dilution	bv_brc_genome_amr	high
27381390	CVM N46846	SAMN03894225	BioSample	Salmonella enterica	azithromycin	azithromycin	=	4.0	mg/L	Susceptible	CLSI	Broth dilution	bv_brc_genome_amr	high
27381390	CVM N44708	SAMN03894125	BioSample	Salmonella enterica	ciprofloxacin	ciprofloxacin	<=	0.015	mg/L	Susceptible	CLSI	Broth dilution	bv_brc_genome_amr	high
27381390	CVM N31380	SAMN02699229	BioSample	Salmonella enterica	amoxicillin-clavulanic_acid	amoxicillin/clavulanic acid	>	32.0	mg/L	Susceptible	CLSI	Broth dilution	bv_brc_genome_amr	high
27381390	CVM N44701	SAMN03894118	BioSample	Salmonella enterica	amoxicillin-clavulanic_acid	amoxicillin/clavulanic acid	<=	1.0	mg/L	Susceptible	CLSI	Broth dilution	bv_brc_genome_amr	high
27381390	CVM N32788	SAMN02699263	BioSample	Salmonella enterica	ciprofloxacin	ciprofloxacin	<=	0.015	mg/L	Susceptible	CLSI	Broth dilution	bv_brc_genome_amr	high
27381390	CVM N45396	SAMN03894141	BioSample	Salmonella enterica	ciprofloxacin	ciprofloxacin	<=	0.015	mg/L	Susceptible	CLSI	Broth dilution	bv_brc_genome_amr	high
27381390	CVM N46810	SAMN03894190	BioSample	Salmonella enterica	amoxicillin-clavulanic_acid	amoxicillin/clavulanic acid	<=	1.0	mg/L	Susceptible	CLSI	Broth dilution	bv_brc_genome_amr	high
27381390	CVM N46826	SAMN03894205	BioSample	Salmonella enterica	azithromycin	azithromycin	=	4.0	mg/L	Susceptible	CLSI	Broth dilution	bv_brc_genome_amr	high
27381390	CVM N50424	SAMN03894304	BioSample	Salmonella enterica	azithromycin	azithromycin	=	4.0	mg/L	Susceptible	CLSI	Broth dilution	bv_brc_genome_amr	high
27381390	CVM N43457	SAMN03894066	BioSample	Salmonella enterica	ampicillin	ampicillin	<=	1.0	mg/L	Susceptible	CLSI	Broth dilution	bv_brc_genome_amr	high
27381390	CVM N44696	SAMN03894113	BioSample	Salmonella enterica	ciprofloxacin	ciprofloxacin	<=	0.015	mg/L	Susceptible	CLSI	Broth dilution	bv_brc_genome_amr	high
27381390	CVM N29362	SAMN02699203	BioSample	Salmonella enterica	ceftriaxone	ceftriaxone	<=	0.25	mg/L	Susceptible	CLSI	Broth dilution	bv_brc_genome_amr	high
27381390	CVM 43780	SAMN02911949	BioSample	Salmonella enterica	ampicillin	ampicillin	>	32.0	mg/L	Resistant	CLSI	Broth dilution	bv_brc_genome_amr	high
27381390	CVM N43447	SAMN03894056	BioSample	Salmonella enterica	ampicillin	ampicillin	<=	1.0	mg/L	Susceptible	CLSI	Broth dilution	bv_brc_genome_amr	high
27381390	CVM N51245	SAMN03894336	BioSample	Salmonella enterica	ceftriaxone	ceftriaxone	<=	0.25	mg/L	Susceptible	CLSI	Broth dilution	bv_brc_genome_amr	high
27381390	CVM N42451	SAMN02699344	BioSample	Salmonella enterica	ceftriaxone	ceftriaxone	<=	0.25	mg/L	Susceptible	CLSI	Broth dilution	bv_brc_genome_amr	high
27381390	CVM N32048	SAMN02699248	BioSample	Salmonella enterica	azithromycin	azithromycin	=	4.0	mg/L	Susceptible	CLSI	Broth dilution	bv_brc_genome_amr	high
27381390	CVM 43783	SAMN02911952	BioSample	Salmonella enterica	ampicillin	ampicillin	<=	1.0	mg/L	Susceptible	CLSI	Broth dilution	bv_brc_genome_amr	high
27381390	CVM N42469	SAMN02699349	BioSample	Salmonella enterica	ampicillin	ampicillin	>	32.0	mg/L	Resistant	CLSI	Broth dilution	bv_brc_genome_amr	high
27381390	CVM 43811	SAMN02911980	BioSample	Salmonella enterica	amoxicillin-clavulanic_acid	amoxicillin/clavulanic acid	=	8.0	mg/L	Susceptible	CLSI	Broth dilution	bv_brc_genome_amr	high
27381390	CVM N45955	SAMN03894186	BioSample	Salmonella enterica	ciprofloxacin	ciprofloxacin	=	0.06	mg/L	Susceptible	CLSI	Broth dilution	bv_brc_genome_amr	high
27381390	CVM N50427	SAMN03894307	BioSample	Salmonella enterica	ciprofloxacin	ciprofloxacin	<=	0.015	mg/L	Susceptible	CLSI	Broth dilution	bv_brc_genome_amr	high
27381390	CVM 43825	SAMN02911994	BioSample	Salmonella enterica	ceftriaxone	ceftriaxone	<=	0.25	mg/L	Susceptible	CLSI	Broth dilution	bv_brc_genome_amr	high
27381390	CVM N48686	SAMN03894273	BioSample	Salmonella enterica	ceftriaxone	ceftriaxone	<=	0.25	mg/L	Susceptible	CLSI	Broth dilution	bv_brc_genome_amr	high
27381390	CVM N45941	SAMN03894175	BioSample	Salmonella enterica	ceftriaxone	ceftriaxone	<=	0.25	mg/L	Susceptible	CLSI	Broth dilution	bv_brc_genome_amr	high
27381390	CVM N29309	SAMN02699188	BioSample	Salmonella enterica	ciprofloxacin	ciprofloxacin	<=	0.015	mg/L	Susceptible	CLSI	Broth dilution	bv_brc_genome_amr	high
27381390	CVM N51253	SAMN03894344	BioSample	Salmonella enterica	azithromycin	azithromycin	=	8.0	mg/L	Susceptible	CLSI	Broth dilution	bv_brc_genome_amr	high
27381390	CVM 43809	SAMN02911978	BioSample	Salmonella enterica	ampicillin	ampicillin	>	32.0	mg/L	Resistant	CLSI	Broth dilution	bv_brc_genome_amr	high
27381390	CVM N41924	SAMN02699335	BioSample	Salmonella enterica	ceftriaxone	ceftriaxone	<=	0.25	mg/L	Susceptible	CLSI	Broth dilution	bv_brc_genome_amr	high
27381390	CVM N46841	SAMN03894220	BioSample	Salmonella enterica	ampicillin	ampicillin	>	32.0	mg/L	Resistant	CLSI	Broth dilution	bv_brc_genome_amr	high
27381390	CVM N37941	SAMN02699271	BioSample	Salmonella enterica	ceftriaxone	ceftriaxone	<=	0.25	mg/L	Susceptible	CLSI	Broth dilution	bv_brc_genome_amr	high
27381390	CVM N38848	SAMN02699279	BioSample	Salmonella enterica	ciprofloxacin	ciprofloxacin	=	0.03	mg/L	Susceptible	CLSI	Broth dilution	bv_brc_genome_amr	high
27381390	CVM N44707	SAMN03894124	BioSample	Salmonella enterica	ciprofloxacin	ciprofloxacin	<=	0.015	mg/L	Susceptible	CLSI	Broth dilution	bv_brc_genome_amr	high
27381390	CVM N50448	SAMN03894328	BioSample	Salmonella enterica	azithromycin	azithromycin	=	4.0	mg/L	Susceptible	CLSI	Broth dilution	bv_brc_genome_amr	high
27381390	CVM N38858	SAMN02699282	BioSample	Salmonella enterica	azithromycin	azithromycin	=	4.0	mg/L	Susceptible	CLSI	Broth dilution	bv_brc_genome_amr	high
27381390	CVM 43765	SAMN02911934	BioSample	Salmonella enterica	ampicillin	ampicillin	<=	1.0	mg/L	Susceptible	CLSI	Broth dilution	bv_brc_genome_amr	high
27381390	CVM N30693	SAMN02699225	BioSample	Salmonella enterica	ciprofloxacin	ciprofloxacin	<=	0.015	mg/L	Susceptible	CLSI	Broth dilution	bv_brc_genome_amr	high
27381390	CVM N45404	SAMN03894149	BioSample	Salmonella enterica	ceftriaxone	ceftriaxone	=	8.0	mg/L	Resistant	CLSI	Broth dilution	bv_brc_genome_amr	high
27381390	CVM N44715	SAMN03894132	BioSample	Salmonella enterica	amoxicillin-clavulanic_acid	amoxicillin/clavulanic acid	<=	1.0	mg/L	Susceptible	CLSI	Broth dilution	bv_brc_genome_amr	high
27381390	CVM N38851	SAMN02699280	BioSample	Salmonella enterica	ceftriaxone	ceftriaxone	<=	0.25	mg/L	Susceptible	CLSI	Broth dilution	bv_brc_genome_amr	high
27381390	CVM N43820	SAMN03894092	BioSample	Salmonella enterica	ceftriaxone	ceftriaxone	<=	0.25	mg/L	Susceptible	CLSI	Broth dilution	bv_brc_genome_amr	high
27381390	CVM N48693	SAMN03894280	BioSample	Salmonella enterica	azithromycin	azithromycin	=	4.0	mg/L	Susceptible	CLSI	Broth dilution	bv_brc_genome_amr	high
27381390	CVM N51305	SAMN03894396	BioSample	Salmonella enterica	ceftriaxone	ceftriaxone	<=	0.25	mg/L	Susceptible	CLSI	Broth dilution	bv_brc_genome_amr	high
27381390	CVM N51277	SAMN03894368	BioSample	Salmonella enterica	ceftriaxone	ceftriaxone	<=	0.25	mg/L	Susceptible	CLSI	Broth dilution	bv_brc_genome_amr	high
27381390	CVM 43837	SAMN02912006	BioSample	Salmonella enterica	ceftriaxone	ceftriaxone	<=	0.25	mg/L	Susceptible	CLSI	Broth dilution	bv_brc_genome_amr	high
27381390	CVM 43819	SAMN02911988	BioSample	Salmonella enterica	azithromycin	azithromycin	=	4.0	mg/L	Susceptible	CLSI	Broth dilution	bv_brc_genome_amr	high
27381390	CVM N31597	SAMN02699243	BioSample	Salmonella enterica	amoxicillin-clavulanic_acid	amoxicillin/clavulanic acid	<=	1.0	mg/L	Susceptible	CLSI	Broth dilution	bv_brc_genome_amr	high
27381390	CVM N30683	SAMN02699223	BioSample	Salmonella enterica	ampicillin	ampicillin	>	32.0	mg/L	Resistant	CLSI	Broth dilution	bv_brc_genome_amr	high
27381390	CVM 43765	SAMN02911934	BioSample	Salmonella enterica	ciprofloxacin	ciprofloxacin	=	0.12	mg/L	Susceptible	CLSI	Broth dilution	bv_brc_genome_amr	high
27381390	CVM N29323	SAMN02699194	BioSample	Salmonella enterica	ceftriaxone	ceftriaxone	=	8.0	mg/L	Resistant	CLSI	Broth dilution	bv_brc_genome_amr	high
27381390	CVM N40384	SAMN02699315	BioSample	Salmonella enterica	ampicillin	ampicillin	>	32.0	mg/L	Resistant	CLSI	Broth dilution	bv_brc_genome_amr	high
27381390	CVM N46857	SAMN03894236	BioSample	Salmonella enterica	ciprofloxacin	ciprofloxacin	<=	0.015	mg/L	Susceptible	CLSI	Broth dilution	bv_brc_genome_amr	high
27381390	CVM N48680	SAMN03894267	BioSample	Salmonella enterica	amoxicillin-clavulanic_acid	amoxicillin/clavulanic acid	<=	1.0	mg/L	Susceptible	CLSI	Broth dilution	bv_brc_genome_amr	high
27381390	CVM N42235	SAMN02699338	BioSample	Salmonella enterica	ceftriaxone	ceftriaxone	=	0.5	mg/L	Susceptible	CLSI	Broth dilution	bv_brc_genome_amr	high
27381390	CVM N50435	SAMN03894315	BioSample	Salmonella enterica	ampicillin	ampicillin	<=	1.0	mg/L	Susceptible	CLSI	Broth dilution	bv_brc_genome_amr	high
27381390	CVM N50423	SAMN03894303	BioSample	Salmonella enterica	ciprofloxacin	ciprofloxacin	<=	0.015	mg/L	Susceptible	CLSI	Broth dilution	bv_brc_genome_amr	high
27381390	CVM N44700	SAMN03894117	BioSample	Salmonella enterica	azithromycin	azithromycin	=	4.0	mg/L	Susceptible	CLSI	Broth dilution	bv_brc_genome_amr	high
27381390	CVM N51246	SAMN03894337	BioSample	Salmonella enterica	ampicillin	ampicillin	<=	1.0	mg/L	Susceptible	CLSI	Broth dilution	bv_brc_genome_amr	high
27381390	CVM N30671	SAMN02699219	BioSample	Salmonella enterica	ceftriaxone	ceftriaxone	=	16.0	mg/L	Resistant	CLSI	Broth dilution	bv_brc_genome_amr	high
27381390	CVM N42467	SAMN02699347	BioSample	Salmonella enterica	azithromycin	azithromycin	=	4.0	mg/L	Susceptible	CLSI	Broth dilution	bv_brc_genome_amr	high
27381390	CVM N42235	SAMN02699338	BioSample	Salmonella enterica	azithromycin	azithromycin	=	4.0	mg/L	Susceptible	CLSI	Broth dilution	bv_brc_genome_amr	high
27381390	CVM N50444	SAMN03894324	BioSample	Salmonella enterica	ampicillin	ampicillin	<=	1.0	mg/L	Susceptible	CLSI	Broth dilution	bv_brc_genome_amr	high
27381390	CVM N30701	SAMN02699227	BioSample	Salmonella enterica	ampicillin	ampicillin	<=	1.0	mg/L	Susceptible	CLSI	Broth dilution	bv_brc_genome_amr	high
27381390	CVM N43469	SAMN03894078	BioSample	Salmonella enterica	azithromycin	azithromycin	=	4.0	mg/L	Susceptible	CLSI	Broth dilution	bv_brc_genome_amr	high
27381390	CVM N43472	SAMN03894081	BioSample	Salmonella enterica	ciprofloxacin	ciprofloxacin	<=	0.015	mg/L	Susceptible	CLSI	Broth dilution	bv_brc_genome_amr	high
27381390	CVM N38868	SAMN02699286	BioSample	Salmonella enterica	ampicillin	ampicillin	=	2.0	mg/L	Susceptible	CLSI	Broth dilution	bv_brc_genome_amr	high
27381390	CVM N42337	SAMN02699342	BioSample	Salmonella enterica	ceftriaxone	ceftriaxone	<=	0.25	mg/L	Susceptible	CLSI	Broth dilution	bv_brc_genome_amr	high
27381390	CVM N41924	SAMN02699335	BioSample	Salmonella enterica	amoxicillin-clavulanic_acid	amoxicillin/clavulanic acid	<=	1.0	mg/L	Susceptible	CLSI	Broth dilution	bv_brc_genome_amr	high
27381390	CVM N51248	SAMN03894339	BioSample	Salmonella enterica	azithromycin	azithromycin	=	4.0	mg/L	Susceptible	CLSI	Broth dilution	bv_brc_genome_amr	high
27381390	CVM N45957	SAMN03894188	BioSample	Salmonella enterica	ciprofloxacin	ciprofloxacin	<=	0.015	mg/L	Susceptible	CLSI	Broth dilution	bv_brc_genome_amr	high
27381390	CVM 43810	SAMN02911979	BioSample	Salmonella enterica	ceftriaxone	ceftriaxone	=	16.0	mg/L	Resistant	CLSI	Broth dilution	bv_brc_genome_amr	high
27381390	CVM N51274	SAMN03894365	BioSample	Salmonella enterica	azithromycin	azithromycin	=	2.0	mg/L	Susceptible	CLSI	Broth dilution	bv_brc_genome_amr	high
27381390	CVM N38873	SAMN02699289	BioSample	Salmonella enterica	amoxicillin-clavulanic_acid	amoxicillin/clavulanic acid	=	32.0	mg/L	Resistant	CLSI	Broth dilution	bv_brc_genome_amr	high
27381390	CVM 43779	SAMN02911948	BioSample	Salmonella enterica	ciprofloxacin	ciprofloxacin	<=	0.015	mg/L	Susceptible	CLSI	Broth dilution	bv_brc_genome_amr	high
27381390	CVM N37917	SAMN02699266	BioSample	Salmonella enterica	ampicillin	ampicillin	<=	1.0	mg/L	Susceptible	CLSI	Broth dilution	bv_brc_genome_amr	high
27381390	CVM N47724	SAMN03894254	BioSample	Salmonella enterica	ceftriaxone	ceftriaxone	<=	0.25	mg/L	Susceptible	CLSI	Broth dilution	bv_brc_genome_amr	high
27381390	CVM N42528	SAMN02699365	BioSample	Salmonella enterica	ciprofloxacin	ciprofloxacin	<=	0.015	mg/L	Susceptible	CLSI	Broth dilution	bv_brc_genome_amr	high
27381390	CVM N31414	SAMN02699240	BioSample	Salmonella enterica	ampicillin	ampicillin	>	32.0	mg/L	Resistant	CLSI	Broth dilution	bv_brc_genome_amr	high
27381390	CVM N43836	SAMN03894108	BioSample	Salmonella enterica	ciprofloxacin	ciprofloxacin	<=	0.015	mg/L	Susceptible	CLSI	Broth dilution	bv_brc_genome_amr	high
27381390	CVM N46843	SAMN03894222	BioSample	Salmonella enterica	ampicillin	ampicillin	>	32.0	mg/L	Resistant	CLSI	Broth dilution	bv_brc_genome_amr	high
27381390	CVM N46827	SAMN03894206	BioSample	Salmonella enterica	ceftriaxone	ceftriaxone	>	64.0	mg/L	Resistant	CLSI	Broth dilution	bv_brc_genome_amr	high
27381390	CVM N38894	SAMN02699297	BioSample	Salmonella enterica	amoxicillin-clavulanic_acid	amoxicillin/clavulanic acid	=	2.0	mg/L	Susceptible	CLSI	Broth dilution	bv_brc_genome_amr	high
27381390	CVM N46815	SAMN03894195	BioSample	Salmonella enterica	azithromycin	azithromycin	=	8.0	mg/L	Susceptible	CLSI	Broth dilution	bv_brc_genome_amr	high
27381390	CVM N50427	SAMN03894307	BioSample	Salmonella enterica	ampicillin	ampicillin	<=	1.0	mg/L	Susceptible	CLSI	Broth dilution	bv_brc_genome_amr	high
27381390	CVM N43828	SAMN03894100	BioSample	Salmonella enterica	amoxicillin-clavulanic_acid	amoxicillin/clavulanic acid	<=	1.0	mg/L	Susceptible	CLSI	Broth dilution	bv_brc_genome_amr	high
27381390	CVM N30705	SAMN02699228	BioSample	Salmonella enterica	ciprofloxacin	ciprofloxacin	<=	0.015	mg/L	Susceptible	CLSI	Broth dilution	bv_brc_genome_amr	high
27381390	CVM N43465	SAMN03894074	BioSample	Salmonella enterica	ceftriaxone	ceftriaxone	<=	0.25	mg/L	Susceptible	CLSI	Broth dilution	bv_brc_genome_amr	high
27381390	CVM N43448	SAMN03894057	BioSample	Salmonella enterica	ceftriaxone	ceftriaxone	=	16.0	mg/L	Resistant	CLSI	Broth dilution	bv_brc_genome_amr	high
27381390	CVM N51241	SAMN03894332	BioSample	Salmonella enterica	ampicillin	ampicillin	<=	1.0	mg/L	Susceptible	CLSI	Broth dilution	bv_brc_genome_amr	high
27381390	CVM N40368	SAMN02699311	BioSample	Salmonella enterica	ampicillin	ampicillin	>	32.0	mg/L	Resistant	CLSI	Broth dilution	bv_brc_genome_amr	high
27381390	CVM N47729	SAMN03894259	BioSample	Salmonella enterica	azithromycin	azithromycin	=	4.0	mg/L	Susceptible	CLSI	Broth dilution	bv_brc_genome_amr	high
27381390	CVM N38234	SAMN02699275	BioSample	Salmonella enterica	azithromycin	azithromycin	=	4.0	mg/L	Susceptible	CLSI	Broth dilution	bv_brc_genome_amr	high
27381390	CVM N46851	SAMN03894230	BioSample	Salmonella enterica	ampicillin	ampicillin	<=	1.0	mg/L	Susceptible	CLSI	Broth dilution	bv_brc_genome_amr	high
27381390	CVM N45945	SAMN03894179	BioSample	Salmonella enterica	azithromycin	azithromycin	=	4.0	mg/L	Susceptible	CLSI	Broth dilution	bv_brc_genome_amr	high
27381390	CVM N43833	SAMN03894105	BioSample	Salmonella enterica	amoxicillin-clavulanic_acid	amoxicillin/clavulanic acid	<=	1.0	mg/L	Susceptible	CLSI	Broth dilution	bv_brc_genome_amr	high
27381390	CVM N40413	SAMN02699320	BioSample	Salmonella enterica	azithromycin	azithromycin	=	4.0	mg/L	Susceptible	CLSI	Broth dilution	bv_brc_genome_amr	high
27381390	CVM N48679	SAMN03894266	BioSample	Salmonella enterica	ciprofloxacin	ciprofloxacin	<=	0.015	mg/L	Susceptible	CLSI	Broth dilution	bv_brc_genome_amr	high
27381390	CVM 43803	SAMN02911972	BioSample	Salmonella enterica	amoxicillin-clavulanic_acid	amoxicillin/clavulanic acid	<=	1.0	mg/L	Susceptible	CLSI	Broth dilution	bv_brc_genome_amr	high
27381390	CVM N51247	SAMN03894338	BioSample	Salmonella enterica	amoxicillin-clavulanic_acid	amoxicillin/clavulanic acid	<=	1.0	mg/L	Susceptible	CLSI	Broth dilution	bv_brc_genome_amr	high
27381390	CVM N45941	SAMN03894175	BioSample	Salmonella enterica	amoxicillin-clavulanic_acid	amoxicillin/clavulanic acid	<=	1.0	mg/L	Susceptible	CLSI	Broth dilution	bv_brc_genome_amr	high
27381390	CVM N51296	SAMN03894387	BioSample	Salmonella enterica	ceftriaxone	ceftriaxone	<=	0.25	mg/L	Susceptible	CLSI	Broth dilution	bv_brc_genome_amr	high
27381390	CVM N45930	SAMN03894164	BioSample	Salmonella enterica	azithromycin	azithromycin	=	4.0	mg/L	Susceptible	CLSI	Broth dilution	bv_brc_genome_amr	high
27381390	CVM N51259	SAMN03894350	BioSample	Salmonella enterica	ciprofloxacin	ciprofloxacin	<=	0.015	mg/L	Susceptible	CLSI	Broth dilution	bv_brc_genome_amr	high
27381390	CVM N38236	SAMN02699276	BioSample	Salmonella enterica	amoxicillin-clavulanic_acid	amoxicillin/clavulanic acid	<=	1.0	mg/L	Susceptible	CLSI	Broth dilution	bv_brc_genome_amr	high
27381390	CVM N40366	SAMN02950159	BioSample	Salmonella enterica	amoxicillin-clavulanic_acid	amoxicillin/clavulanic acid	<=	1.0	mg/L	Susceptible	CLSI	Broth dilution	bv_brc_genome_amr	high
27381390	CVM N45930	SAMN03894164	BioSample	Salmonella enterica	ciprofloxacin	ciprofloxacin	<=	0.015	mg/L	Susceptible	CLSI	Broth dilution	bv_brc_genome_amr	high
27381390	CVM N44716	SAMN03894133	BioSample	Salmonella enterica	azithromycin	azithromycin	=	2.0	mg/L	Susceptible	CLSI	Broth dilution	bv_brc_genome_amr	high
27381390	CVM N50428	SAMN03894308	BioSample	Salmonella enterica	ciprofloxacin	ciprofloxacin	<=	0.015	mg/L	Susceptible	CLSI	Broth dilution	bv_brc_genome_amr	high
27381390	CVM N38236	SAMN02699276	BioSample	Salmonella enterica	ceftriaxone	ceftriaxone	<=	0.25	mg/L	Susceptible	CLSI	Broth dilution	bv_brc_genome_amr	high
27381390	CVM N48708	SAMN03894295	BioSample	Salmonella enterica	azithromycin	azithromycin	=	4.0	mg/L	Susceptible	CLSI	Broth dilution	bv_brc_genome_amr	high
27381390	CVM N43454	SAMN03894063	BioSample	Salmonella enterica	azithromycin	azithromycin	=	2.0	mg/L	Susceptible	CLSI	Broth dilution	bv_brc_genome_amr	high
27381390	CVM N45953	SAMN03894184	BioSample	Salmonella enterica	azithromycin	azithromycin	=	4.0	mg/L	Susceptible	CLSI	Broth dilution	bv_brc_genome_amr	high
27381390	CVM N40387	SAMN02699317	BioSample	Salmonella enterica	ampicillin	ampicillin	>	32.0	mg/L	Resistant	CLSI	Broth dilution	bv_brc_genome_amr	high
27381390	CVM N47730	SAMN03894260	BioSample	Salmonella enterica	ceftriaxone	ceftriaxone	<=	0.25	mg/L	Susceptible	CLSI	Broth dilution	bv_brc_genome_amr	high
27381390	CVM N51273	SAMN03894364	BioSample	Salmonella enterica	ampicillin	ampicillin	>	32.0	mg/L	Resistant	CLSI	Broth dilution	bv_brc_genome_amr	high
27381390	CVM N51311	SAMN03894402	BioSample	Salmonella enterica	ceftriaxone	ceftriaxone	<=	0.25	mg/L	Susceptible	CLSI	Broth dilution	bv_brc_genome_amr	high
27381390	CVM N51263	SAMN03894354	BioSample	Salmonella enterica	azithromycin	azithromycin	=	2.0	mg/L	Susceptible	CLSI	Broth dilution	bv_brc_genome_amr	high
27381390	CVM N46821	SAMN03894200	BioSample	Salmonella enterica	amoxicillin-clavulanic_acid	amoxicillin/clavulanic acid	<=	1.0	mg/L	Susceptible	CLSI	Broth dilution	bv_brc_genome_amr	high
27381390	CVM N50431	SAMN03894311	BioSample	Salmonella enterica	azithromycin	azithromycin	=	4.0	mg/L	Susceptible	CLSI	Broth dilution	bv_brc_genome_amr	high
27381390	CVM N45940	SAMN03894174	BioSample	Salmonella enterica	ampicillin	ampicillin	=	2.0	mg/L	Susceptible	CLSI	Broth dilution	bv_brc_genome_amr	high
27381390	CVM N31414	SAMN02699240	BioSample	Salmonella enterica	ciprofloxacin	ciprofloxacin	<=	0.015	mg/L	Susceptible	CLSI	Broth dilution	bv_brc_genome_amr	high
27381390	CVM N43823	SAMN03894095	BioSample	Salmonella enterica	amoxicillin-clavulanic_acid	amoxicillin/clavulanic acid	<=	1.0	mg/L	Susceptible	CLSI	Broth dilution	bv_brc_genome_amr	high
27381390	CVM 43748	SAMN02911917	BioSample	Salmonella enterica	ciprofloxacin	ciprofloxacin	<=	0.015	mg/L	Susceptible	CLSI	Broth dilution	bv_brc_genome_amr	high
27381390	CVM N38914	SAMN02699301	BioSample	Salmonella enterica	ampicillin	ampicillin	<=	1.0	mg/L	Susceptible	CLSI	Broth dilution	bv_brc_genome_amr	high
27381390	CVM N51266	SAMN03894357	BioSample	Salmonella enterica	ceftriaxone	ceftriaxone	<=	0.25	mg/L	Susceptible	CLSI	Broth dilution	bv_brc_genome_amr	high
27381390	CVM N30701	SAMN02699227	BioSample	Salmonella enterica	ceftriaxone	ceftriaxone	<=	0.25	mg/L	Susceptible	CLSI	Broth dilution	bv_brc_genome_amr	high
27381390	CVM N51268	SAMN03894359	BioSample	Salmonella enterica	ampicillin	ampicillin	>	32.0	mg/L	Resistant	CLSI	Broth dilution	bv_brc_genome_amr	high
27381390	CVM N38868	SAMN02699286	BioSample	Salmonella enterica	azithromycin	azithromycin	=	4.0	mg/L	Susceptible	CLSI	Broth dilution	bv_brc_genome_amr	high
27381390	CVM N38885	SAMN02699293	BioSample	Salmonella enterica	azithromycin	azithromycin	=	2.0	mg/L	Susceptible	CLSI	Broth dilution	bv_brc_genome_amr	high
27381390	CVM N51303	SAMN03894394	BioSample	Salmonella enterica	ampicillin	ampicillin	>	32.0	mg/L	Resistant	CLSI	Broth dilution	bv_brc_genome_amr	high
27381390	CVM 43798	SAMN02911967	BioSample	Salmonella enterica	ciprofloxacin	ciprofloxacin	<=	0.015	mg/L	Susceptible	CLSI	Broth dilution	bv_brc_genome_amr	high
27381390	CVM N50426	SAMN03894306	BioSample	Salmonella enterica	ceftriaxone	ceftriaxone	<=	0.25	mg/L	Susceptible	CLSI	Broth dilution	bv_brc_genome_amr	high
27381390	CVM 43749	SAMN02911918	BioSample	Salmonella enterica	azithromycin	azithromycin	=	4.0	mg/L	Susceptible	CLSI	Broth dilution	bv_brc_genome_amr	high
27381390	CVM N50421	SAMN03894301	BioSample	Salmonella enterica	ampicillin	ampicillin	<=	1.0	mg/L	Susceptible	CLSI	Broth dilution	bv_brc_genome_amr	high
27381390	CVM N37907	SAMN02699264	BioSample	Salmonella enterica	ceftriaxone	ceftriaxone	<=	0.25	mg/L	Susceptible	CLSI	Broth dilution	bv_brc_genome_amr	high
27381390	CVM N42518	SAMN02699363	BioSample	Salmonella enterica	ampicillin	ampicillin	<=	1.0	mg/L	Susceptible	CLSI	Broth dilution	bv_brc_genome_amr	high
27381390	CVM N43821	SAMN03894093	BioSample	Salmonella enterica	azithromycin	azithromycin	=	4.0	mg/L	Susceptible	CLSI	Broth dilution	bv_brc_genome_amr	high
27381390	CVM N38236	SAMN02699276	BioSample	Salmonella enterica	ampicillin	ampicillin	<=	1.0	mg/L	Susceptible	CLSI	Broth dilution	bv_brc_genome_amr	high
27381390	CVM N50420	SAMN03894300	BioSample	Salmonella enterica	azithromycin	azithromycin	=	2.0	mg/L	Susceptible	CLSI	Broth dilution	bv_brc_genome_amr	high
27381390	CVM N45411	SAMN03894156	BioSample	Salmonella enterica	azithromycin	azithromycin	=	2.0	mg/L	Susceptible	CLSI	Broth dilution	bv_brc_genome_amr	high
27381390	CVM N45927	SAMN03894161	BioSample	Salmonella enterica	ciprofloxacin	ciprofloxacin	<=	0.015	mg/L	Susceptible	CLSI	Broth dilution	bv_brc_genome_amr	high
27381390	CVM 43828	SAMN02911997	BioSample	Salmonella enterica	ciprofloxacin	ciprofloxacin	=	0.12	mg/L	Susceptible	CLSI	Broth dilution	bv_brc_genome_amr	high
27381390	CVM N43471	SAMN03894080	BioSample	Salmonella enterica	ampicillin	ampicillin	<=	1.0	mg/L	Susceptible	CLSI	Broth dilution	bv_brc_genome_amr	high
27381390	CVM N45931	SAMN03894165	BioSample	Salmonella enterica	ceftriaxone	ceftriaxone	<=	0.25	mg/L	Susceptible	CLSI	Broth dilution	bv_brc_genome_amr	high
27381390	CVM N50432	SAMN03894312	BioSample	Salmonella enterica	ceftriaxone	ceftriaxone	<=	0.25	mg/L	Susceptible	CLSI	Broth dilution	bv_brc_genome_amr	high
27381390	CVM N38232	SAMN02699274	BioSample	Salmonella enterica	amoxicillin-clavulanic_acid	amoxicillin/clavulanic acid	<=	1.0	mg/L	Susceptible	CLSI	Broth dilution	bv_brc_genome_amr	high
27381390	CVM N32779	SAMN02699261	BioSample	Salmonella enterica	ampicillin	ampicillin	>	32.0	mg/L	Resistant	CLSI	Broth dilution	bv_brc_genome_amr	high
27381390	CVM 43784	SAMN02911953	BioSample	Salmonella enterica	amoxicillin-clavulanic_acid	amoxicillin/clavulanic acid	=	8.0	mg/L	Susceptible	CLSI	Broth dilution	bv_brc_genome_amr	high
27381390	CVM N42232	SAMN02699336	BioSample	Salmonella enterica	ciprofloxacin	ciprofloxacin	<=	0.015	mg/L	Susceptible	CLSI	Broth dilution	bv_brc_genome_amr	high
27381390	CVM N45933	SAMN03894167	BioSample	Salmonella enterica	ampicillin	ampicillin	<=	1.0	mg/L	Susceptible	CLSI	Broth dilution	bv_brc_genome_amr	high
27381390	CVM N46812	SAMN03894192	BioSample	Salmonella enterica	ceftriaxone	ceftriaxone	<=	0.25	mg/L	Susceptible	CLSI	Broth dilution	bv_brc_genome_amr	high
27381390	CVM N51295	SAMN03894386	BioSample	Salmonella enterica	ampicillin	ampicillin	<=	1.0	mg/L	Susceptible	CLSI	Broth dilution	bv_brc_genome_amr	high
27381390	CVM N43453	SAMN03894062	BioSample	Salmonella enterica	azithromycin	azithromycin	=	4.0	mg/L	Susceptible	CLSI	Broth dilution	bv_brc_genome_amr	high
27381390	CVM N43447	SAMN03894056	BioSample	Salmonella enterica	ciprofloxacin	ciprofloxacin	<=	0.015	mg/L	Susceptible	CLSI	Broth dilution	bv_brc_genome_amr	high
27381390	CVM N48712	SAMN03894298	BioSample	Salmonella enterica	amoxicillin-clavulanic_acid	amoxicillin/clavulanic acid	=	16.0	mg/L	Susceptible	CLSI	Broth dilution	bv_brc_genome_amr	high
27381390	CVM N44717	SAMN03894134	BioSample	Salmonella enterica	ciprofloxacin	ciprofloxacin	<=	0.015	mg/L	Susceptible	CLSI	Broth dilution	bv_brc_genome_amr	high
27381390	CVM N51296	SAMN03894387	BioSample	Salmonella enterica	amoxicillin-clavulanic_acid	amoxicillin/clavulanic acid	<=	1.0	mg/L	Susceptible	CLSI	Broth dilution	bv_brc_genome_amr	high
27381390	CVM N38232	SAMN02699274	BioSample	Salmonella enterica	ampicillin	ampicillin	<=	1.0	mg/L	Susceptible	CLSI	Broth dilution	bv_brc_genome_amr	high
27381390	CVM 43804	SAMN02911973	BioSample	Salmonella enterica	ampicillin	ampicillin	<=	1.0	mg/L	Susceptible	CLSI	Broth dilution	bv_brc_genome_amr	high
27381390	CVM N51289	SAMN03894380	BioSample	Salmonella enterica	azithromycin	azithromycin	=	4.0	mg/L	Susceptible	CLSI	Broth dilution	bv_brc_genome_amr	high
27381390	CVM 43802	SAMN02911971	BioSample	Salmonella enterica	azithromycin	azithromycin	=	4.0	mg/L	Susceptible	CLSI	Broth dilution	bv_brc_genome_amr	high
27381390	CVM N50443	SAMN03894323	BioSample	Salmonella enterica	amoxicillin-clavulanic_acid	amoxicillin/clavulanic acid	>	32.0	mg/L	Resistant	CLSI	Broth dilution	bv_brc_genome_amr	high
27381390	CVM N50422	SAMN03894302	BioSample	Salmonella enterica	ampicillin	ampicillin	<=	1.0	mg/L	Susceptible	CLSI	Broth dilution	bv_brc_genome_amr	high
27381390	CVM N40386	SAMN02699316	BioSample	Salmonella enterica	ciprofloxacin	ciprofloxacin	<=	0.015	mg/L	Susceptible	CLSI	Broth dilution	bv_brc_genome_amr	high
27381390	CVM N51275	SAMN03894366	BioSample	Salmonella enterica	azithromycin	azithromycin	=	4.0	mg/L	Susceptible	CLSI	Broth dilution	bv_brc_genome_amr	high
27381390	CVM 43762	SAMN02911931	BioSample	Salmonella enterica	ceftriaxone	ceftriaxone	<=	0.25	mg/L	Susceptible	CLSI	Broth dilution	bv_brc_genome_amr	high
27381390	CVM 43756	SAMN02911925	BioSample	Salmonella enterica	ampicillin	ampicillin	>	32.0	mg/L	Resistant	CLSI	Broth dilution	bv_brc_genome_amr	high
27381390	CVM N40379	SAMN02699314	BioSample	Salmonella enterica	ciprofloxacin	ciprofloxacin	<=	0.015	mg/L	Susceptible	CLSI	Broth dilution	bv_brc_genome_amr	high
27381390	CVM N48686	SAMN03894273	BioSample	Salmonella enterica	ampicillin	ampicillin	<=	1.0	mg/L	Susceptible	CLSI	Broth dilution	bv_brc_genome_amr	high
27381390	CVM N42450	SAMN02699343	BioSample	Salmonella enterica	azithromycin	azithromycin	=	4.0	mg/L	Susceptible	CLSI	Broth dilution	bv_brc_genome_amr	high
27381390	CVM N44692	SAMN03894109	BioSample	Salmonella enterica	ciprofloxacin	ciprofloxacin	<=	0.015	mg/L	Susceptible	CLSI	Broth dilution	bv_brc_genome_amr	high
27381390	CVM 43781	SAMN02911950	BioSample	Salmonella enterica	ceftriaxone	ceftriaxone	<=	0.25	mg/L	Susceptible	CLSI	Broth dilution	bv_brc_genome_amr	high
27381390	CVM N51305	SAMN03894396	BioSample	Salmonella enterica	ampicillin	ampicillin	<=	1.0	mg/L	Susceptible	CLSI	Broth dilution	bv_brc_genome_amr	high
27381390	CVM N29367	SAMN02699205	BioSample	Salmonella enterica	ceftriaxone	ceftriaxone	<=	0.25	mg/L	Susceptible	CLSI	Broth dilution	bv_brc_genome_amr	high
27381390	CVM 43826	SAMN02911995	BioSample	Salmonella enterica	ceftriaxone	ceftriaxone	<=	0.25	mg/L	Susceptible	CLSI	Broth dilution	bv_brc_genome_amr	high
27381390	CVM N50449	SAMN03894329	BioSample	Salmonella enterica	amoxicillin-clavulanic_acid	amoxicillin/clavulanic acid	<=	1.0	mg/L	Susceptible	CLSI	Broth dilution	bv_brc_genome_amr	high
27381390	CVM N42479	SAMN02699353	BioSample	Salmonella enterica	ciprofloxacin	ciprofloxacin	<=	0.015	mg/L	Susceptible	CLSI	Broth dilution	bv_brc_genome_amr	high
27381390	CVM N42507	SAMN02699360	BioSample	Salmonella enterica	amoxicillin-clavulanic_acid	amoxicillin/clavulanic acid	<=	1.0	mg/L	Susceptible	CLSI	Broth dilution	bv_brc_genome_amr	high
27381390	CVM N38869	SAMN02699287	BioSample	Salmonella enterica	amoxicillin-clavulanic_acid	amoxicillin/clavulanic acid	<=	1.0	mg/L	Susceptible	CLSI	Broth dilution	bv_brc_genome_amr	high
27381390	CVM N30642	SAMN02699213	BioSample	Salmonella enterica	ampicillin	ampicillin	>	32.0	mg/L	Resistant	CLSI	Broth dilution	bv_brc_genome_amr	high
27381390	CVM N48688	SAMN03894275	BioSample	Salmonella enterica	ampicillin	ampicillin	<=	1.0	mg/L	Susceptible	CLSI	Broth dilution	bv_brc_genome_amr	high
27381390	CVM N38903	SAMN02699298	BioSample	Salmonella enterica	amoxicillin-clavulanic_acid	amoxicillin/clavulanic acid	<=	1.0	mg/L	Susceptible	CLSI	Broth dilution	bv_brc_genome_amr	high
27381390	CVM N50424	SAMN03894304	BioSample	Salmonella enterica	ciprofloxacin	ciprofloxacin	=	0.03	mg/L	Susceptible	CLSI	Broth dilution	bv_brc_genome_amr	high
27381390	CVM N50422	SAMN03894302	BioSample	Salmonella enterica	azithromycin	azithromycin	=	4.0	mg/L	Susceptible	CLSI	Broth dilution	bv_brc_genome_amr	high
27381390	CVM N32042	SAMN02699246	BioSample	Salmonella enterica	ciprofloxacin	ciprofloxacin	<=	0.015	mg/L	Susceptible	CLSI	Broth dilution	bv_brc_genome_amr	high
27381390	CVM N51282	SAMN03894373	BioSample	Salmonella enterica	azithromycin	azithromycin	=	8.0	mg/L	Susceptible	CLSI	Broth dilution	bv_brc_genome_amr	high
27381390	CVM 43838	SAMN02912007	BioSample	Salmonella enterica	ciprofloxacin	ciprofloxacin	=	1.0	mg/L	Resistant	CLSI	Broth dilution	bv_brc_genome_amr	high
27381390	CVM N32754	SAMN02699256	BioSample	Salmonella enterica	azithromycin	azithromycin	=	4.0	mg/L	Susceptible	CLSI	Broth dilution	bv_brc_genome_amr	high
27381390	CVM 43762	SAMN02911931	BioSample	Salmonella enterica	ampicillin	ampicillin	<=	1.0	mg/L	Susceptible	CLSI	Broth dilution	bv_brc_genome_amr	high
27381390	CVM N45958	SAMN03894189	BioSample	Salmonella enterica	amoxicillin-clavulanic_acid	amoxicillin/clavulanic acid	<=	1.0	mg/L	Susceptible	CLSI	Broth dilution	bv_brc_genome_amr	high
27381390	CVM N51297	SAMN03894388	BioSample	Salmonella enterica	azithromycin	azithromycin	=	4.0	mg/L	Susceptible	CLSI	Broth dilution	bv_brc_genome_amr	high
27381390	CVM N38234	SAMN02699275	BioSample	Salmonella enterica	ciprofloxacin	ciprofloxacin	<=	0.015	mg/L	Susceptible	CLSI	Broth dilution	bv_brc_genome_amr	high
27381390	CVM N29315	SAMN02699191	BioSample	Salmonella enterica	amoxicillin-clavulanic_acid	amoxicillin/clavulanic acid	>	32.0	mg/L	Resistant	CLSI	Broth dilution	bv_brc_genome_amr	high
27381390	CVM N51280	SAMN03894371	BioSample	Salmonella enterica	ciprofloxacin	ciprofloxacin	<=	0.015	mg/L	Susceptible	CLSI	Broth dilution	bv_brc_genome_amr	high
27381390	CVM N48707	SAMN03894294	BioSample	Salmonella enterica	amoxicillin-clavulanic_acid	amoxicillin/clavulanic acid	>	32.0	mg/L	Resistant	CLSI	Broth dilution	bv_brc_genome_amr	high
27381390	CVM 43788	SAMN02911957	BioSample	Salmonella enterica	ampicillin	ampicillin	>	32.0	mg/L	Resistant	CLSI	Broth dilution	bv_brc_genome_amr	high
27381390	CVM N51240	SAMN03894331	BioSample	Salmonella enterica	azithromycin	azithromycin	=	4.0	mg/L	Susceptible	CLSI	Broth dilution	bv_brc_genome_amr	high
27381390	CVM N51268	SAMN03894359	BioSample	Salmonella enterica	amoxicillin-clavulanic_acid	amoxicillin/clavulanic acid	=	32.0	mg/L	Resistant	CLSI	Broth dilution	bv_brc_genome_amr	high
27381390	CVM N45395	SAMN03894140	BioSample	Salmonella enterica	azithromycin	azithromycin	=	2.0	mg/L	Susceptible	CLSI	Broth dilution	bv_brc_genome_amr	high
27381390	CVM N38240	SAMN02699278	BioSample	Salmonella enterica	amoxicillin-clavulanic_acid	amoxicillin/clavulanic acid	<=	1.0	mg/L	Susceptible	CLSI	Broth dilution	bv_brc_genome_amr	high
27381390	CVM N39863	SAMN02699308	BioSample	Salmonella enterica	ciprofloxacin	ciprofloxacin	<=	0.015	mg/L	Susceptible	CLSI	Broth dilution	bv_brc_genome_amr	high
27381390	CVM N51304	SAMN03894395	BioSample	Salmonella enterica	amoxicillin-clavulanic_acid	amoxicillin/clavulanic acid	<=	1.0	mg/L	Susceptible	CLSI	Broth dilution	bv_brc_genome_amr	high
27381390	CVM N48677	SAMN03894264	BioSample	Salmonella enterica	amoxicillin-clavulanic_acid	amoxicillin/clavulanic acid	>	32.0	mg/L	Resistant	CLSI	Broth dilution	bv_brc_genome_amr	high
27381390	CVM N51271	SAMN03894362	BioSample	Salmonella enterica	azithromycin	azithromycin	=	4.0	mg/L	Susceptible	CLSI	Broth dilution	bv_brc_genome_amr	high
27381390	CVM N29369	SAMN02699206	BioSample	Salmonella enterica	ciprofloxacin	ciprofloxacin	<=	0.015	mg/L	Susceptible	CLSI	Broth dilution	bv_brc_genome_amr	high
27381390	CVM 43831	SAMN02912000	BioSample	Salmonella enterica	ampicillin	ampicillin	<=	1.0	mg/L	Susceptible	CLSI	Broth dilution	bv_brc_genome_amr	high
27381390	CVM N50429	SAMN03894309	BioSample	Salmonella enterica	amoxicillin-clavulanic_acid	amoxicillin/clavulanic acid	<=	1.0	mg/L	Susceptible	CLSI	Broth dilution	bv_brc_genome_amr	high
27381390	CVM N38882	SAMN02699292	BioSample	Salmonella enterica	azithromycin	azithromycin	=	4.0	mg/L	Susceptible	CLSI	Broth dilution	bv_brc_genome_amr	high
27381390	CVM N44715	SAMN03894132	BioSample	Salmonella enterica	azithromycin	azithromycin	=	4.0	mg/L	Susceptible	CLSI	Broth dilution	bv_brc_genome_amr	high
27381390	CVM 43812	SAMN02911981	BioSample	Salmonella enterica	ampicillin	ampicillin	<=	1.0	mg/L	Susceptible	CLSI	Broth dilution	bv_brc_genome_amr	high
27381390	CVM N48707	SAMN03894294	BioSample	Salmonella enterica	azithromycin	azithromycin	=	4.0	mg/L	Susceptible	CLSI	Broth dilution	bv_brc_genome_amr	high
27381390	CVM N31409	SAMN02699236	BioSample	Salmonella enterica	amoxicillin-clavulanic_acid	amoxicillin/clavulanic acid	=	32.0	mg/L	Resistant	CLSI	Broth dilution	bv_brc_genome_amr	high
27381390	CVM 43800	SAMN02911969	BioSample	Salmonella enterica	ciprofloxacin	ciprofloxacin	<=	0.015	mg/L	Susceptible	CLSI	Broth dilution	bv_brc_genome_amr	high
27381390	CVM 43783	SAMN02911952	BioSample	Salmonella enterica	amoxicillin-clavulanic_acid	amoxicillin/clavulanic acid	<=	1.0	mg/L	Susceptible	CLSI	Broth dilution	bv_brc_genome_amr	high
27381390	CVM N46829	SAMN03894208	BioSample	Salmonella enterica	amoxicillin-clavulanic_acid	amoxicillin/clavulanic acid	<=	1.0	mg/L	Susceptible	CLSI	Broth dilution	bv_brc_genome_amr	high
27381390	CVM N45930	SAMN03894164	BioSample	Salmonella enterica	ampicillin	ampicillin	>	32.0	mg/L	Resistant	CLSI	Broth dilution	bv_brc_genome_amr	high
27381390	CVM 43758	SAMN02911927	BioSample	Salmonella enterica	ceftriaxone	ceftriaxone	<=	0.25	mg/L	Susceptible	CLSI	Broth dilution	bv_brc_genome_amr	high
27381390	CVM N37938	SAMN02699270	BioSample	Salmonella enterica	amoxicillin-clavulanic_acid	amoxicillin/clavulanic acid	<=	1.0	mg/L	Susceptible	CLSI	Broth dilution	bv_brc_genome_amr	high
27381390	CVM N48688	SAMN03894275	BioSample	Salmonella enterica	ceftriaxone	ceftriaxone	<=	0.25	mg/L	Susceptible	CLSI	Broth dilution	bv_brc_genome_amr	high
27381390	CVM N48578	SAMN03894262	BioSample	Salmonella enterica	ampicillin	ampicillin	<=	1.0	mg/L	Susceptible	CLSI	Broth dilution	bv_brc_genome_amr	high
27381390	CVM N29379	SAMN02699209	BioSample	Salmonella enterica	ciprofloxacin	ciprofloxacin	<=	0.015	mg/L	Susceptible	CLSI	Broth dilution	bv_brc_genome_amr	high
27381390	CVM N46820	SAMN03894199	BioSample	Salmonella enterica	ceftriaxone	ceftriaxone	<=	0.25	mg/L	Susceptible	CLSI	Broth dilution	bv_brc_genome_amr	high
27381390	CVM N29379	SAMN02699209	BioSample	Salmonella enterica	ceftriaxone	ceftriaxone	=	32.0	mg/L	Resistant	CLSI	Broth dilution	bv_brc_genome_amr	high
27381390	CVM N42518	SAMN02699363	BioSample	Salmonella enterica	ciprofloxacin	ciprofloxacin	<=	0.015	mg/L	Susceptible	CLSI	Broth dilution	bv_brc_genome_amr	high
27381390	CVM N50450	SAMN03894330	BioSample	Salmonella enterica	ciprofloxacin	ciprofloxacin	<=	0.015	mg/L	Susceptible	CLSI	Broth dilution	bv_brc_genome_amr	high
27381390	CVM 43839	SAMN02912008	BioSample	Salmonella enterica	ampicillin	ampicillin	>	32.0	mg/L	Resistant	CLSI	Broth dilution	bv_brc_genome_amr	high
27381390	CVM N51287	SAMN03894378	BioSample	Salmonella enterica	ceftriaxone	ceftriaxone	<=	0.25	mg/L	Susceptible	CLSI	Broth dilution	bv_brc_genome_amr	high
27381390	CVM N51295	SAMN03894386	BioSample	Salmonella enterica	azithromycin	azithromycin	=	4.0	mg/L	Susceptible	CLSI	Broth dilution	bv_brc_genome_amr	high
27381390	CVM N45391	SAMN03894136	BioSample	Salmonella enterica	ceftriaxone	ceftriaxone	<=	0.25	mg/L	Susceptible	CLSI	Broth dilution	bv_brc_genome_amr	high
27381390	CVM 43768	SAMN02911937	BioSample	Salmonella enterica	amoxicillin-clavulanic_acid	amoxicillin/clavulanic acid	<=	1.0	mg/L	Susceptible	CLSI	Broth dilution	bv_brc_genome_amr	high
27381390	CVM N45392	SAMN03894137	BioSample	Salmonella enterica	azithromycin	azithromycin	=	4.0	mg/L	Susceptible	CLSI	Broth dilution	bv_brc_genome_amr	high
27381390	CVM N40379	SAMN02699314	BioSample	Salmonella enterica	amoxicillin-clavulanic_acid	amoxicillin/clavulanic acid	>	32.0	mg/L	Resistant	CLSI	Broth dilution	bv_brc_genome_amr	high
27381390	CVM N30693	SAMN02699225	BioSample	Salmonella enterica	amoxicillin-clavulanic_acid	amoxicillin/clavulanic acid	=	8.0	mg/L	Susceptible	CLSI	Broth dilution	bv_brc_genome_amr	high
27381390	CVM N42472	SAMN02699350	BioSample	Salmonella enterica	ampicillin	ampicillin	>	32.0	mg/L	Resistant	CLSI	Broth dilution	bv_brc_genome_amr	high
27381390	CVM N32788	SAMN02699263	BioSample	Salmonella enterica	ampicillin	ampicillin	>	32.0	mg/L	Resistant	CLSI	Broth dilution	bv_brc_genome_amr	high
27381390	CVM N47716	SAMN03894246	BioSample	Salmonella enterica	ciprofloxacin	ciprofloxacin	=	0.03	mg/L	Susceptible	CLSI	Broth dilution	bv_brc_genome_amr	high
27381390	CVM N47712	SAMN03894242	BioSample	Salmonella enterica	azithromycin	azithromycin	=	4.0	mg/L	Susceptible	CLSI	Broth dilution	bv_brc_genome_amr	high
27381390	CVM 43760	SAMN02911929	BioSample	Salmonella enterica	ciprofloxacin	ciprofloxacin	<=	0.015	mg/L	Susceptible	CLSI	Broth dilution	bv_brc_genome_amr	high
27381390	CVM N51267	SAMN03894358	BioSample	Salmonella enterica	ciprofloxacin	ciprofloxacin	<=	0.015	mg/L	Susceptible	CLSI	Broth dilution	bv_brc_genome_amr	high
27381390	CVM N38894	SAMN02699297	BioSample	Salmonella enterica	azithromycin	azithromycin	=	4.0	mg/L	Susceptible	CLSI	Broth dilution	bv_brc_genome_amr	high
27381390	CVM 43795	SAMN02911964	BioSample	Salmonella enterica	amoxicillin-clavulanic_acid	amoxicillin/clavulanic acid	=	32.0	mg/L	Resistant	CLSI	Broth dilution	bv_brc_genome_amr	high
27381390	CVM N48677	SAMN03894264	BioSample	Salmonella enterica	ampicillin	ampicillin	>	32.0	mg/L	Resistant	CLSI	Broth dilution	bv_brc_genome_amr	high
27381390	CVM N30705	SAMN02699228	BioSample	Salmonella enterica	azithromycin	azithromycin	=	4.0	mg/L	Susceptible	CLSI	Broth dilution	bv_brc_genome_amr	high
27381390	CVM N42521	SAMN02699364	BioSample	Salmonella enterica	ampicillin	ampicillin	>	32.0	mg/L	Resistant	CLSI	Broth dilution	bv_brc_genome_amr	high
27381390	CVM N51308	SAMN03894399	BioSample	Salmonella enterica	amoxicillin-clavulanic_acid	amoxicillin/clavulanic acid	<=	1.0	mg/L	Susceptible	CLSI	Broth dilution	bv_brc_genome_amr	high
27381390	CVM 43754	SAMN02911923	BioSample	Salmonella enterica	amoxicillin-clavulanic_acid	amoxicillin/clavulanic acid	=	8.0	mg/L	Susceptible	CLSI	Broth dilution	bv_brc_genome_amr	high
27381390	CVM 43794	SAMN02911963	BioSample	Salmonella enterica	amoxicillin-clavulanic_acid	amoxicillin/clavulanic acid	<=	1.0	mg/L	Susceptible	CLSI	Broth dilution	bv_brc_genome_amr	high
27381390	CVM N41734	SAMN02699326	BioSample	Salmonella enterica	ampicillin	ampicillin	=	2.0	mg/L	Susceptible	CLSI	Broth dilution	bv_brc_genome_amr	high
27381390	CVM N29323	SAMN02699194	BioSample	Salmonella enterica	ciprofloxacin	ciprofloxacin	<=	0.015	mg/L	Susceptible	CLSI	Broth dilution	bv_brc_genome_amr	high
27381390	CVM N43454	SAMN03894063	BioSample	Salmonella enterica	ceftriaxone	ceftriaxone	<=	0.25	mg/L	Susceptible	CLSI	Broth dilution	bv_brc_genome_amr	high
27381390	CVM N50443	SAMN03894323	BioSample	Salmonella enterica	azithromycin	azithromycin	=	4.0	mg/L	Susceptible	CLSI	Broth dilution	bv_brc_genome_amr	high
27381390	CVM N42468	SAMN02699348	BioSample	Salmonella enterica	ampicillin	ampicillin	>	32.0	mg/L	Resistant	CLSI	Broth dilution	bv_brc_genome_amr	high
27381390	CVM N44717	SAMN03894134	BioSample	Salmonella enterica	ampicillin	ampicillin	<=	1.0	mg/L	Susceptible	CLSI	Broth dilution	bv_brc_genome_amr	high
27381390	CVM N51293	SAMN03894384	BioSample	Salmonella enterica	ampicillin	ampicillin	<=	1.0	mg/L	Susceptible	CLSI	Broth dilution	bv_brc_genome_amr	high
27381390	CVM N47711	SAMN03894241	BioSample	Salmonella enterica	azithromycin	azithromycin	=	4.0	mg/L	Susceptible	CLSI	Broth dilution	bv_brc_genome_amr	high
27381390	CVM N51982	SAMN03894408	BioSample	Salmonella enterica	ciprofloxacin	ciprofloxacin	<=	0.015	mg/L	Susceptible	CLSI	Broth dilution	bv_brc_genome_amr	high
27381390	CVM 43788	SAMN02911957	BioSample	Salmonella enterica	azithromycin	azithromycin	=	4.0	mg/L	Susceptible	CLSI	Broth dilution	bv_brc_genome_amr	high
27381390	CVM N51255	SAMN03894346	BioSample	Salmonella enterica	amoxicillin-clavulanic_acid	amoxicillin/clavulanic acid	<=	1.0	mg/L	Susceptible	CLSI	Broth dilution	bv_brc_genome_amr	high
27381390	CVM N44697	SAMN03894114	BioSample	Salmonella enterica	ceftriaxone	ceftriaxone	=	8.0	mg/L	Resistant	CLSI	Broth dilution	bv_brc_genome_amr	high
27381390	CVM N38925	SAMN02699304	BioSample	Salmonella enterica	ampicillin	ampicillin	<=	1.0	mg/L	Susceptible	CLSI	Broth dilution	bv_brc_genome_amr	high
27381390	CVM N43447	SAMN03894056	BioSample	Salmonella enterica	ceftriaxone	ceftriaxone	<=	0.25	mg/L	Susceptible	CLSI	Broth dilution	bv_brc_genome_amr	high
27381390	CVM N31844	SAMN02699244	BioSample	Salmonella enterica	amoxicillin-clavulanic_acid	amoxicillin/clavulanic acid	<=	1.0	mg/L	Susceptible	CLSI	Broth dilution	bv_brc_genome_amr	high
27381390	CVM N31409	SAMN02699236	BioSample	Salmonella enterica	ceftriaxone	ceftriaxone	=	4.0	mg/L	Resistant	CLSI	Broth dilution	bv_brc_genome_amr	high
27381390	CVM N31384	SAMN02699230	BioSample	Salmonella enterica	ampicillin	ampicillin	>	32.0	mg/L	Resistant	CLSI	Broth dilution	bv_brc_genome_amr	high
27381390	CVM N38893	SAMN02699296	BioSample	Salmonella enterica	ceftriaxone	ceftriaxone	=	16.0	mg/L	Resistant	CLSI	Broth dilution	bv_brc_genome_amr	high
27381390	CVM N43456	SAMN03894065	BioSample	Salmonella enterica	ceftriaxone	ceftriaxone	<=	0.25	mg/L	Susceptible	CLSI	Broth dilution	bv_brc_genome_amr	high
27381390	CVM 43773	SAMN02911942	BioSample	Salmonella enterica	ampicillin	ampicillin	<=	1.0	mg/L	Susceptible	CLSI	Broth dilution	bv_brc_genome_amr	high
27381390	CVM N46849	SAMN03894228	BioSample	Salmonella enterica	ampicillin	ampicillin	<=	1.0	mg/L	Susceptible	CLSI	Broth dilution	bv_brc_genome_amr	high
27381390	CVM 43817	SAMN02911986	BioSample	Salmonella enterica	ceftriaxone	ceftriaxone	<=	0.25	mg/L	Susceptible	CLSI	Broth dilution	bv_brc_genome_amr	high
27381390	CVM N46820	SAMN03894199	BioSample	Salmonella enterica	ampicillin	ampicillin	<=	1.0	mg/L	Susceptible	CLSI	Broth dilution	bv_brc_genome_amr	high
27381390	CVM N48690	SAMN03894277	BioSample	Salmonella enterica	ampicillin	ampicillin	<=	1.0	mg/L	Susceptible	CLSI	Broth dilution	bv_brc_genome_amr	high
27381390	CVM N50445	SAMN03894325	BioSample	Salmonella enterica	ceftriaxone	ceftriaxone	<=	0.25	mg/L	Susceptible	CLSI	Broth dilution	bv_brc_genome_amr	high
27381390	CVM N39866	SAMN02699309	BioSample	Salmonella enterica	ampicillin	ampicillin	>	32.0	mg/L	Resistant	CLSI	Broth dilution	bv_brc_genome_amr	high
27381390	CVM N38891	SAMN02699295	BioSample	Salmonella enterica	amoxicillin-clavulanic_acid	amoxicillin/clavulanic acid	<=	1.0	mg/L	Susceptible	CLSI	Broth dilution	bv_brc_genome_amr	high
27381390	CVM N43836	SAMN03894108	BioSample	Salmonella enterica	amoxicillin-clavulanic_acid	amoxicillin/clavulanic acid	<=	1.0	mg/L	Susceptible	CLSI	Broth dilution	bv_brc_genome_amr	high
27381390	CVM N46853	SAMN03894232	BioSample	Salmonella enterica	ciprofloxacin	ciprofloxacin	<=	0.015	mg/L	Susceptible	CLSI	Broth dilution	bv_brc_genome_amr	high
27381390	CVM N43465	SAMN03894074	BioSample	Salmonella enterica	amoxicillin-clavulanic_acid	amoxicillin/clavulanic acid	<=	1.0	mg/L	Susceptible	CLSI	Broth dilution	bv_brc_genome_amr	high
27381390	CVM 43781	SAMN02911950	BioSample	Salmonella enterica	ampicillin	ampicillin	=	2.0	mg/L	Susceptible	CLSI	Broth dilution	bv_brc_genome_amr	high
27381390	CVM N31844	SAMN02699244	BioSample	Salmonella enterica	ciprofloxacin	ciprofloxacin	<=	0.015	mg/L	Susceptible	CLSI	Broth dilution	bv_brc_genome_amr	high
27381390	CVM 43791	SAMN02911960	BioSample	Salmonella enterica	azithromycin	azithromycin	=	4.0	mg/L	Susceptible	CLSI	Broth dilution	bv_brc_genome_amr	high
27381390	CVM N45930	SAMN03894164	BioSample	Salmonella enterica	amoxicillin-clavulanic_acid	amoxicillin/clavulanic acid	=	8.0	mg/L	Susceptible	CLSI	Broth dilution	bv_brc_genome_amr	high
27381390	CVM 43833	SAMN02912002	BioSample	Salmonella enterica	amoxicillin-clavulanic_acid	amoxicillin/clavulanic acid	=	16.0	mg/L	Susceptible	CLSI	Broth dilution	bv_brc_genome_amr	high
27381390	CVM 43798	SAMN02911967	BioSample	Salmonella enterica	ampicillin	ampicillin	<=	1.0	mg/L	Susceptible	CLSI	Broth dilution	bv_brc_genome_amr	high
27381390	CVM 43838	SAMN02912007	BioSample	Salmonella enterica	ampicillin	ampicillin	>	32.0	mg/L	Resistant	CLSI	Broth dilution	bv_brc_genome_amr	high
27381390	CVM N43452	SAMN03894061	BioSample	Salmonella enterica	ampicillin	ampicillin	<=	1.0	mg/L	Susceptible	CLSI	Broth dilution	bv_brc_genome_amr	high
27381390	CVM N31384	SAMN02699230	BioSample	Salmonella enterica	amoxicillin-clavulanic_acid	amoxicillin/clavulanic acid	=	32.0	mg/L	Resistant	CLSI	Broth dilution	bv_brc_genome_amr	high
27381390	CVM N50448	SAMN03894328	BioSample	Salmonella enterica	amoxicillin-clavulanic_acid	amoxicillin/clavulanic acid	<=	1.0	mg/L	Susceptible	CLSI	Broth dilution	bv_brc_genome_amr	high
27381390	CVM 43773	SAMN02911942	BioSample	Salmonella enterica	ceftriaxone	ceftriaxone	<=	0.25	mg/L	Susceptible	CLSI	Broth dilution	bv_brc_genome_amr	high
27381390	CVM N43241	SAMN02699366	BioSample	Salmonella enterica	ampicillin	ampicillin	<=	1.0	mg/L	Susceptible	CLSI	Broth dilution	bv_brc_genome_amr	high
27381390	CVM N51981	SAMN03894407	BioSample	Salmonella enterica	amoxicillin-clavulanic_acid	amoxicillin/clavulanic acid	<=	1.0	mg/L	Susceptible	CLSI	Broth dilution	bv_brc_genome_amr	high
27381390	CVM N45390	SAMN03894135	BioSample	Salmonella enterica	amoxicillin-clavulanic_acid	amoxicillin/clavulanic acid	<=	1.0	mg/L	Susceptible	CLSI	Broth dilution	bv_brc_genome_amr	high
27381390	CVM N47716	SAMN03894246	BioSample	Salmonella enterica	ampicillin	ampicillin	=	2.0	mg/L	Susceptible	CLSI	Broth dilution	bv_brc_genome_amr	high
27381390	CVM N51309	SAMN03894400	BioSample	Salmonella enterica	azithromycin	azithromycin	=	4.0	mg/L	Susceptible	CLSI	Broth dilution	bv_brc_genome_amr	high
27381390	CVM N40366	SAMN02950159	BioSample	Salmonella enterica	ampicillin	ampicillin	=	2.0	mg/L	Susceptible	CLSI	Broth dilution	bv_brc_genome_amr	high
27381390	CVM N43454	SAMN03894063	BioSample	Salmonella enterica	amoxicillin-clavulanic_acid	amoxicillin/clavulanic acid	<=	1.0	mg/L	Susceptible	CLSI	Broth dilution	bv_brc_genome_amr	high
27381390	CVM 43824	SAMN02911993	BioSample	Salmonella enterica	azithromycin	azithromycin	=	4.0	mg/L	Susceptible	CLSI	Broth dilution	bv_brc_genome_amr	high
27381390	CVM 43791	SAMN02911960	BioSample	Salmonella enterica	ampicillin	ampicillin	=	2.0	mg/L	Susceptible	CLSI	Broth dilution	bv_brc_genome_amr	high
27381390	CVM N44707	SAMN03894124	BioSample	Salmonella enterica	ceftriaxone	ceftriaxone	=	16.0	mg/L	Resistant	CLSI	Broth dilution	bv_brc_genome_amr	high
27381390	CVM 43775	SAMN02911944	BioSample	Salmonella enterica	azithromycin	azithromycin	=	4.0	mg/L	Susceptible	CLSI	Broth dilution	bv_brc_genome_amr	high
27381390	CVM N51315	SAMN03894406	BioSample	Salmonella enterica	ampicillin	ampicillin	<=	1.0	mg/L	Susceptible	CLSI	Broth dilution	bv_brc_genome_amr	high
27381390	CVM N41733	SAMN02699325	BioSample	Salmonella enterica	amoxicillin-clavulanic_acid	amoxicillin/clavulanic acid	<=	1.0	mg/L	Susceptible	CLSI	Broth dilution	bv_brc_genome_amr	high
27381390	CVM N51291	SAMN03894382	BioSample	Salmonella enterica	ampicillin	ampicillin	>	32.0	mg/L	Resistant	CLSI	Broth dilution	bv_brc_genome_amr	high
27381390	CVM N46818	SAMN03894197	BioSample	Salmonella enterica	ampicillin	ampicillin	<=	1.0	mg/L	Susceptible	CLSI	Broth dilution	bv_brc_genome_amr	high
27381390	CVM N51240	SAMN03894331	BioSample	Salmonella enterica	ampicillin	ampicillin	>	32.0	mg/L	Resistant	CLSI	Broth dilution	bv_brc_genome_amr	high
27381390	CVM 43746	SAMN02911915	BioSample	Salmonella enterica	ceftriaxone	ceftriaxone	<=	0.25	mg/L	Susceptible	CLSI	Broth dilution	bv_brc_genome_amr	high
27381390	CVM N38914	SAMN02699301	BioSample	Salmonella enterica	amoxicillin-clavulanic_acid	amoxicillin/clavulanic acid	<=	1.0	mg/L	Susceptible	CLSI	Broth dilution	bv_brc_genome_amr	high
27381390	CVM N46812	SAMN03894192	BioSample	Salmonella enterica	ampicillin	ampicillin	<=	1.0	mg/L	Susceptible	CLSI	Broth dilution	bv_brc_genome_amr	high
27381390	CVM N43830	SAMN03894102	BioSample	Salmonella enterica	ampicillin	ampicillin	<=	1.0	mg/L	Susceptible	CLSI	Broth dilution	bv_brc_genome_amr	high
27381390	CVM N50433	SAMN03894313	BioSample	Salmonella enterica	azithromycin	azithromycin	=	2.0	mg/L	Susceptible	CLSI	Broth dilution	bv_brc_genome_amr	high
27381390	CVM N50447	SAMN03894327	BioSample	Salmonella enterica	amoxicillin-clavulanic_acid	amoxicillin/clavulanic acid	<=	1.0	mg/L	Susceptible	CLSI	Broth dilution	bv_brc_genome_amr	high
27381390	CVM 43816	SAMN02911985	BioSample	Salmonella enterica	ciprofloxacin	ciprofloxacin	<=	0.015	mg/L	Susceptible	CLSI	Broth dilution	bv_brc_genome_amr	high
27381390	CVM N51314	SAMN03894405	BioSample	Salmonella enterica	amoxicillin-clavulanic_acid	amoxicillin/clavulanic acid	<=	1.0	mg/L	Susceptible	CLSI	Broth dilution	bv_brc_genome_amr	high
27381390	CVM 43802	SAMN02911971	BioSample	Salmonella enterica	ceftriaxone	ceftriaxone	<=	0.25	mg/L	Susceptible	CLSI	Broth dilution	bv_brc_genome_amr	high
27381390	CVM N31402	SAMN02699235	BioSample	Salmonella enterica	amoxicillin-clavulanic_acid	amoxicillin/clavulanic acid	<=	1.0	mg/L	Susceptible	CLSI	Broth dilution	bv_brc_genome_amr	high
27381390	CVM N42528	SAMN02699365	BioSample	Salmonella enterica	ampicillin	ampicillin	<=	1.0	mg/L	Susceptible	CLSI	Broth dilution	bv_brc_genome_amr	high
27381390	CVM 43767	SAMN02911936	BioSample	Salmonella enterica	ampicillin	ampicillin	<=	1.0	mg/L	Susceptible	CLSI	Broth dilution	bv_brc_genome_amr	high
27381390	CVM N46835	SAMN03894214	BioSample	Salmonella enterica	azithromycin	azithromycin	=	4.0	mg/L	Susceptible	CLSI	Broth dilution	bv_brc_genome_amr	high
27381390	CVM N46856	SAMN03894235	BioSample	Salmonella enterica	amoxicillin-clavulanic_acid	amoxicillin/clavulanic acid	<=	1.0	mg/L	Susceptible	CLSI	Broth dilution	bv_brc_genome_amr	high
27381390	CVM N37931	SAMN02699269	BioSample	Salmonella enterica	amoxicillin-clavulanic_acid	amoxicillin/clavulanic acid	<=	1.0	mg/L	Susceptible	CLSI	Broth dilution	bv_brc_genome_amr	high
27381390	CVM N43827	SAMN03894099	BioSample	Salmonella enterica	amoxicillin-clavulanic_acid	amoxicillin/clavulanic acid	<=	1.0	mg/L	Susceptible	CLSI	Broth dilution	bv_brc_genome_amr	high
27381390	CVM N51250	SAMN03894341	BioSample	Salmonella enterica	ceftriaxone	ceftriaxone	<=	0.25	mg/L	Susceptible	CLSI	Broth dilution	bv_brc_genome_amr	high
27381390	CVM N46851	SAMN03894230	BioSample	Salmonella enterica	ceftriaxone	ceftriaxone	<=	0.25	mg/L	Susceptible	CLSI	Broth dilution	bv_brc_genome_amr	high
27381390	CVM N50441	SAMN03894321	BioSample	Salmonella enterica	ceftriaxone	ceftriaxone	<=	0.25	mg/L	Susceptible	CLSI	Broth dilution	bv_brc_genome_amr	high
27381390	CVM N45403	SAMN03894148	BioSample	Salmonella enterica	ampicillin	ampicillin	>	32.0	mg/L	Resistant	CLSI	Broth dilution	bv_brc_genome_amr	high
27381390	CVM 43825	SAMN02911994	BioSample	Salmonella enterica	ampicillin	ampicillin	<=	1.0	mg/L	Susceptible	CLSI	Broth dilution	bv_brc_genome_amr	high
27381390	CVM N51240	SAMN03894331	BioSample	Salmonella enterica	amoxicillin-clavulanic_acid	amoxicillin/clavulanic acid	=	8.0	mg/L	Susceptible	CLSI	Broth dilution	bv_brc_genome_amr	high
27381390	CVM N42473	SAMN02699351	BioSample	Salmonella enterica	ampicillin	ampicillin	<=	1.0	mg/L	Susceptible	CLSI	Broth dilution	bv_brc_genome_amr	high
27381390	CVM N43451	SAMN03894060	BioSample	Salmonella enterica	azithromycin	azithromycin	=	4.0	mg/L	Susceptible	CLSI	Broth dilution	bv_brc_genome_amr	high
27381390	CVM 43828	SAMN02911997	BioSample	Salmonella enterica	ceftriaxone	ceftriaxone	=	32.0	mg/L	Resistant	CLSI	Broth dilution	bv_brc_genome_amr	high
27381390	CVM N48679	SAMN03894266	BioSample	Salmonella enterica	ampicillin	ampicillin	<=	1.0	mg/L	Susceptible	CLSI	Broth dilution	bv_brc_genome_amr	high
27381390	CVM N44694	SAMN03894111	BioSample	Salmonella enterica	azithromycin	azithromycin	=	2.0	mg/L	Susceptible	CLSI	Broth dilution	bv_brc_genome_amr	high
27381390	CVM N41900	SAMN02699330	BioSample	Salmonella enterica	ciprofloxacin	ciprofloxacin	<=	0.015	mg/L	Susceptible	CLSI	Broth dilution	bv_brc_genome_amr	high
27381390	CVM N47714	SAMN03894244	BioSample	Salmonella enterica	ciprofloxacin	ciprofloxacin	<=	0.015	mg/L	Susceptible	CLSI	Broth dilution	bv_brc_genome_amr	high
27381390	CVM N44717	SAMN03894134	BioSample	Salmonella enterica	azithromycin	azithromycin	=	4.0	mg/L	Susceptible	CLSI	Broth dilution	bv_brc_genome_amr	high
27381390	CVM N38874	SAMN02699290	BioSample	Salmonella enterica	ampicillin	ampicillin	<=	1.0	mg/L	Susceptible	CLSI	Broth dilution	bv_brc_genome_amr	high
27381390	CVM N45950	SAMN03894181	BioSample	Salmonella enterica	amoxicillin-clavulanic_acid	amoxicillin/clavulanic acid	<=	1.0	mg/L	Susceptible	CLSI	Broth dilution	bv_brc_genome_amr	high
27381390	CVM N50431	SAMN03894311	BioSample	Salmonella enterica	ampicillin	ampicillin	=	2.0	mg/L	Susceptible	CLSI	Broth dilution	bv_brc_genome_amr	high
27381390	CVM N47713	SAMN03894243	BioSample	Salmonella enterica	ceftriaxone	ceftriaxone	<=	0.25	mg/L	Susceptible	CLSI	Broth dilution	bv_brc_genome_amr	high
27381390	CVM N42469	SAMN02699349	BioSample	Salmonella enterica	azithromycin	azithromycin	=	4.0	mg/L	Susceptible	CLSI	Broth dilution	bv_brc_genome_amr	high
27381390	CVM N46850	SAMN03894229	BioSample	Salmonella enterica	ampicillin	ampicillin	<=	1.0	mg/L	Susceptible	CLSI	Broth dilution	bv_brc_genome_amr	high
27381390	CVM 43785	SAMN02911954	BioSample	Salmonella enterica	ampicillin	ampicillin	>	32.0	mg/L	Resistant	CLSI	Broth dilution	bv_brc_genome_amr	high
27381390	CVM N32045	SAMN02699247	BioSample	Salmonella enterica	azithromycin	azithromycin	=	4.0	mg/L	Susceptible	CLSI	Broth dilution	bv_brc_genome_amr	high
27381390	CVM N41895	SAMN02699329	BioSample	Salmonella enterica	amoxicillin-clavulanic_acid	amoxicillin/clavulanic acid	>	32.0	mg/L	Resistant	CLSI	Broth dilution	bv_brc_genome_amr	high
27381390	CVM N38894	SAMN02699297	BioSample	Salmonella enterica	ciprofloxacin	ciprofloxacin	=	0.03	mg/L	Susceptible	CLSI	Broth dilution	bv_brc_genome_amr	high
27381390	CVM N46858	SAMN03894237	BioSample	Salmonella enterica	ciprofloxacin	ciprofloxacin	<=	0.015	mg/L	Susceptible	CLSI	Broth dilution	bv_brc_genome_amr	high
27381390	CVM N38891	SAMN02699295	BioSample	Salmonella enterica	azithromycin	azithromycin	=	4.0	mg/L	Susceptible	CLSI	Broth dilution	bv_brc_genome_amr	high
27381390	CVM N37925	SAMN02699268	BioSample	Salmonella enterica	ampicillin	ampicillin	<=	1.0	mg/L	Susceptible	CLSI	Broth dilution	bv_brc_genome_amr	high
27381390	CVM 43781	SAMN02911950	BioSample	Salmonella enterica	ciprofloxacin	ciprofloxacin	=	0.03	mg/L	Susceptible	CLSI	Broth dilution	bv_brc_genome_amr	high
27381390	CVM N50449	SAMN03894329	BioSample	Salmonella enterica	azithromycin	azithromycin	=	4.0	mg/L	Susceptible	CLSI	Broth dilution	bv_brc_genome_amr	high
27381390	CVM N47719	SAMN03894249	BioSample	Salmonella enterica	ciprofloxacin	ciprofloxacin	<=	0.015	mg/L	Susceptible	CLSI	Broth dilution	bv_brc_genome_amr	high
27381390	CVM N48707	SAMN03894294	BioSample	Salmonella enterica	ciprofloxacin	ciprofloxacin	<=	0.015	mg/L	Susceptible	CLSI	Broth dilution	bv_brc_genome_amr	high
27381390	CVM N46850	SAMN03894229	BioSample	Salmonella enterica	ceftriaxone	ceftriaxone	<=	0.25	mg/L	Susceptible	CLSI	Broth dilution	bv_brc_genome_amr	high
27381390	CVM 43841	SAMN02912010	BioSample	Salmonella enterica	ceftriaxone	ceftriaxone	<=	0.25	mg/L	Susceptible	CLSI	Broth dilution	bv_brc_genome_amr	high
27381390	CVM N38921	SAMN02699303	BioSample	Salmonella enterica	ceftriaxone	ceftriaxone	<=	0.25	mg/L	Susceptible	CLSI	Broth dilution	bv_brc_genome_amr	high
27381390	CVM N42468	SAMN02699348	BioSample	Salmonella enterica	ciprofloxacin	ciprofloxacin	<=	0.015	mg/L	Susceptible	CLSI	Broth dilution	bv_brc_genome_amr	high
27381390	CVM N51245	SAMN03894336	BioSample	Salmonella enterica	ciprofloxacin	ciprofloxacin	=	0.03	mg/L	Susceptible	CLSI	Broth dilution	bv_brc_genome_amr	high
27381390	CVM 43805	SAMN02911974	BioSample	Salmonella enterica	azithromycin	azithromycin	=	4.0	mg/L	Susceptible	CLSI	Broth dilution	bv_brc_genome_amr	high
27381390	CVM N32763	SAMN02699258	BioSample	Salmonella enterica	azithromycin	azithromycin	=	4.0	mg/L	Susceptible	CLSI	Broth dilution	bv_brc_genome_amr	high
27381390	CVM N45927	SAMN03894161	BioSample	Salmonella enterica	ceftriaxone	ceftriaxone	<=	0.25	mg/L	Susceptible	CLSI	Broth dilution	bv_brc_genome_amr	high
27381390	CVM 43823	SAMN02911992	BioSample	Salmonella enterica	ampicillin	ampicillin	<=	1.0	mg/L	Susceptible	CLSI	Broth dilution	bv_brc_genome_amr	high
27381390	CVM N45929	SAMN03894163	BioSample	Salmonella enterica	ampicillin	ampicillin	<=	1.0	mg/L	Susceptible	CLSI	Broth dilution	bv_brc_genome_amr	high
27381390	CVM N29382	SAMN02699210	BioSample	Salmonella enterica	azithromycin	azithromycin	=	8.0	mg/L	Susceptible	CLSI	Broth dilution	bv_brc_genome_amr	high
27381390	CVM N29363	SAMN02699204	BioSample	Salmonella enterica	azithromycin	azithromycin	=	4.0	mg/L	Susceptible	CLSI	Broth dilution	bv_brc_genome_amr	high
27381390	CVM N43835	SAMN03894107	BioSample	Salmonella enterica	amoxicillin-clavulanic_acid	amoxicillin/clavulanic acid	<=	1.0	mg/L	Susceptible	CLSI	Broth dilution	bv_brc_genome_amr	high
27381390	CVM N44716	SAMN03894133	BioSample	Salmonella enterica	ciprofloxacin	ciprofloxacin	<=	0.015	mg/L	Susceptible	CLSI	Broth dilution	bv_brc_genome_amr	high
27381390	CVM N47719	SAMN03894249	BioSample	Salmonella enterica	ceftriaxone	ceftriaxone	<=	0.25	mg/L	Susceptible	CLSI	Broth dilution	bv_brc_genome_amr	high
27381390	CVM N51295	SAMN03894386	BioSample	Salmonella enterica	ciprofloxacin	ciprofloxacin	<=	0.015	mg/L	Susceptible	CLSI	Broth dilution	bv_brc_genome_amr	high
27381390	CVM N50436	SAMN03894316	BioSample	Salmonella enterica	ceftriaxone	ceftriaxone	<=	0.25	mg/L	Susceptible	CLSI	Broth dilution	bv_brc_genome_amr	high
27381390	CVM N47728	SAMN03894258	BioSample	Salmonella enterica	ciprofloxacin	ciprofloxacin	<=	0.015	mg/L	Susceptible	CLSI	Broth dilution	bv_brc_genome_amr	high
27381390	CVM N38236	SAMN02699276	BioSample	Salmonella enterica	azithromycin	azithromycin	=	4.0	mg/L	Susceptible	CLSI	Broth dilution	bv_brc_genome_amr	high
27381390	CVM N43447	SAMN03894056	BioSample	Salmonella enterica	azithromycin	azithromycin	=	2.0	mg/L	Susceptible	CLSI	Broth dilution	bv_brc_genome_amr	high
27381390	CVM 43810	SAMN02911979	BioSample	Salmonella enterica	azithromycin	azithromycin	=	4.0	mg/L	Susceptible	CLSI	Broth dilution	bv_brc_genome_amr	high
27381390	CVM N51288	SAMN03894379	BioSample	Salmonella enterica	azithromycin	azithromycin	=	4.0	mg/L	Susceptible	CLSI	Broth dilution	bv_brc_genome_amr	high
27381390	CVM N43831	SAMN03894103	BioSample	Salmonella enterica	azithromycin	azithromycin	=	2.0	mg/L	Susceptible	CLSI	Broth dilution	bv_brc_genome_amr	high
27381390	CVM N51984	SAMN03894410	BioSample	Salmonella enterica	azithromycin	azithromycin	=	4.0	mg/L	Susceptible	CLSI	Broth dilution	bv_brc_genome_amr	high
27381390	CVM N51290	SAMN03894381	BioSample	Salmonella enterica	ampicillin	ampicillin	<=	1.0	mg/L	Susceptible	CLSI	Broth dilution	bv_brc_genome_amr	high
27381390	CVM N43450	SAMN03894059	BioSample	Salmonella enterica	ciprofloxacin	ciprofloxacin	<=	0.015	mg/L	Susceptible	CLSI	Broth dilution	bv_brc_genome_amr	high
27381390	CVM 43815	SAMN02911984	BioSample	Salmonella enterica	amoxicillin-clavulanic_acid	amoxicillin/clavulanic acid	>	32.0	mg/L	Resistant	CLSI	Broth dilution	bv_brc_genome_amr	high
27381390	CVM N43450	SAMN03894059	BioSample	Salmonella enterica	ampicillin	ampicillin	>	32.0	mg/L	Resistant	CLSI	Broth dilution	bv_brc_genome_amr	high
27381390	CVM N43479	SAMN03894088	BioSample	Salmonella enterica	ciprofloxacin	ciprofloxacin	<=	0.015	mg/L	Susceptible	CLSI	Broth dilution	bv_brc_genome_amr	high
27381390	CVM N44712	SAMN03894129	BioSample	Salmonella enterica	azithromycin	azithromycin	=	2.0	mg/L	Susceptible	CLSI	Broth dilution	bv_brc_genome_amr	high
27381390	CVM N30679	SAMN02699222	BioSample	Salmonella enterica	ceftriaxone	ceftriaxone	<=	0.25	mg/L	Susceptible	CLSI	Broth dilution	bv_brc_genome_amr	high
27381390	CVM N32779	SAMN02699261	BioSample	Salmonella enterica	amoxicillin-clavulanic_acid	amoxicillin/clavulanic acid	=	16.0	mg/L	Susceptible	CLSI	Broth dilution	bv_brc_genome_amr	high
27381390	CVM N31846	SAMN02699245	BioSample	Salmonella enterica	azithromycin	azithromycin	=	4.0	mg/L	Susceptible	CLSI	Broth dilution	bv_brc_genome_amr	high
27381390	CVM N46848	SAMN03894227	BioSample	Salmonella enterica	amoxicillin-clavulanic_acid	amoxicillin/clavulanic acid	=	8.0	mg/L	Susceptible	CLSI	Broth dilution	bv_brc_genome_amr	high
27381390	CVM N30671	SAMN02699219	BioSample	Salmonella enterica	ciprofloxacin	ciprofloxacin	<=	0.015	mg/L	Susceptible	CLSI	Broth dilution	bv_brc_genome_amr	high
27381390	CVM N31394	SAMN02699232	BioSample	Salmonella enterica	ciprofloxacin	ciprofloxacin	=	0.03	mg/L	Susceptible	CLSI	Broth dilution	bv_brc_genome_amr	high
27381390	CVM 43768	SAMN02911937	BioSample	Salmonella enterica	ceftriaxone	ceftriaxone	<=	0.25	mg/L	Susceptible	CLSI	Broth dilution	bv_brc_genome_amr	high
27381390	CVM N50441	SAMN03894321	BioSample	Salmonella enterica	amoxicillin-clavulanic_acid	amoxicillin/clavulanic acid	<=	1.0	mg/L	Susceptible	CLSI	Broth dilution	bv_brc_genome_amr	high
27381390	CVM N45941	SAMN03894175	BioSample	Salmonella enterica	ciprofloxacin	ciprofloxacin	<=	0.015	mg/L	Susceptible	CLSI	Broth dilution	bv_brc_genome_amr	high
27381390	CVM N48683	SAMN03894270	BioSample	Salmonella enterica	ciprofloxacin	ciprofloxacin	<=	0.015	mg/L	Susceptible	CLSI	Broth dilution	bv_brc_genome_amr	high
27381390	CVM 43835	SAMN02912004	BioSample	Salmonella enterica	ceftriaxone	ceftriaxone	<=	0.25	mg/L	Susceptible	CLSI	Broth dilution	bv_brc_genome_amr	high
27381390	CVM 43821	SAMN02911990	BioSample	Salmonella enterica	ceftriaxone	ceftriaxone	<=	0.25	mg/L	Susceptible	CLSI	Broth dilution	bv_brc_genome_amr	high
27381390	CVM N45929	SAMN03894163	BioSample	Salmonella enterica	azithromycin	azithromycin	=	4.0	mg/L	Susceptible	CLSI	Broth dilution	bv_brc_genome_amr	high
27381390	CVM N51279	SAMN03894370	BioSample	Salmonella enterica	amoxicillin-clavulanic_acid	amoxicillin/clavulanic acid	=	8.0	mg/L	Susceptible	CLSI	Broth dilution	bv_brc_genome_amr	high
27381390	CVM 43777	SAMN02911946	BioSample	Salmonella enterica	ceftriaxone	ceftriaxone	<=	0.25	mg/L	Susceptible	CLSI	Broth dilution	bv_brc_genome_amr	high
27381390	CVM N38870	SAMN02699288	BioSample	Salmonella enterica	ciprofloxacin	ciprofloxacin	<=	0.015	mg/L	Susceptible	CLSI	Broth dilution	bv_brc_genome_amr	high
27381390	CVM N31410	SAMN02699237	BioSample	Salmonella enterica	ampicillin	ampicillin	=	2.0	mg/L	Susceptible	CLSI	Broth dilution	bv_brc_genome_amr	high
27381390	CVM 43809	SAMN02911978	BioSample	Salmonella enterica	azithromycin	azithromycin	=	8.0	mg/L	Susceptible	CLSI	Broth dilution	bv_brc_genome_amr	high
27381390	CVM N44711	SAMN03894128	BioSample	Salmonella enterica	ceftriaxone	ceftriaxone	<=	0.25	mg/L	Susceptible	CLSI	Broth dilution	bv_brc_genome_amr	high
27381390	CVM N50433	SAMN03894313	BioSample	Salmonella enterica	amoxicillin-clavulanic_acid	amoxicillin/clavulanic acid	<=	1.0	mg/L	Susceptible	CLSI	Broth dilution	bv_brc_genome_amr	high
27381390	CVM N48694	SAMN03894281	BioSample	Salmonella enterica	amoxicillin-clavulanic_acid	amoxicillin/clavulanic acid	<=	1.0	mg/L	Susceptible	CLSI	Broth dilution	bv_brc_genome_amr	high
27381390	CVM N38943	SAMN02699306	BioSample	Salmonella enterica	ampicillin	ampicillin	>	32.0	mg/L	Resistant	CLSI	Broth dilution	bv_brc_genome_amr	high
27381390	CVM 43763	SAMN02911932	BioSample	Salmonella enterica	ampicillin	ampicillin	=	16.0	mg/L	Susceptible	CLSI	Broth dilution	bv_brc_genome_amr	high
27381390	CVM N42480	SAMN02699354	BioSample	Salmonella enterica	ampicillin	ampicillin	<=	1.0	mg/L	Susceptible	CLSI	Broth dilution	bv_brc_genome_amr	high
27381390	CVM N29363	SAMN02699204	BioSample	Salmonella enterica	ceftriaxone	ceftriaxone	<=	0.25	mg/L	Susceptible	CLSI	Broth dilution	bv_brc_genome_amr	high
27381390	CVM N50429	SAMN03894309	BioSample	Salmonella enterica	ciprofloxacin	ciprofloxacin	<=	0.015	mg/L	Susceptible	CLSI	Broth dilution	bv_brc_genome_amr	high
27381390	CVM N50432	SAMN03894312	BioSample	Salmonella enterica	ampicillin	ampicillin	<=	1.0	mg/L	Susceptible	CLSI	Broth dilution	bv_brc_genome_amr	high
27381390	CVM N45409	SAMN03894154	BioSample	Salmonella enterica	ceftriaxone	ceftriaxone	<=	0.25	mg/L	Susceptible	CLSI	Broth dilution	bv_brc_genome_amr	high
27381390	CVM N46854	SAMN03894233	BioSample	Salmonella enterica	ciprofloxacin	ciprofloxacin	<=	0.015	mg/L	Susceptible	CLSI	Broth dilution	bv_brc_genome_amr	high
27381390	CVM N31410	SAMN02699237	BioSample	Salmonella enterica	ciprofloxacin	ciprofloxacin	<=	0.015	mg/L	Susceptible	CLSI	Broth dilution	bv_brc_genome_amr	high
27381390	CVM N51264	SAMN03894355	BioSample	Salmonella enterica	ciprofloxacin	ciprofloxacin	<=	0.015	mg/L	Susceptible	CLSI	Broth dilution	bv_brc_genome_amr	high
27381390	CVM N42336	SAMN02699341	BioSample	Salmonella enterica	ciprofloxacin	ciprofloxacin	=	0.03	mg/L	Susceptible	CLSI	Broth dilution	bv_brc_genome_amr	high
27381390	CVM N44692	SAMN03894109	BioSample	Salmonella enterica	ampicillin	ampicillin	<=	1.0	mg/L	Susceptible	CLSI	Broth dilution	bv_brc_genome_amr	high
27381390	CVM N46811	SAMN03894191	BioSample	Salmonella enterica	ampicillin	ampicillin	<=	1.0	mg/L	Susceptible	CLSI	Broth dilution	bv_brc_genome_amr	high
27381390	CVM N47727	SAMN03894257	BioSample	Salmonella enterica	azithromycin	azithromycin	=	4.0	mg/L	Susceptible	CLSI	Broth dilution	bv_brc_genome_amr	high
27381390	CVM N30705	SAMN02699228	BioSample	Salmonella enterica	amoxicillin-clavulanic_acid	amoxicillin/clavulanic acid	<=	1.0	mg/L	Susceptible	CLSI	Broth dilution	bv_brc_genome_amr	high
27381390	CVM N40387	SAMN02699317	BioSample	Salmonella enterica	ciprofloxacin	ciprofloxacin	<=	0.015	mg/L	Susceptible	CLSI	Broth dilution	bv_brc_genome_amr	high
27381390	CVM N45924	SAMN03894158	BioSample	Salmonella enterica	amoxicillin-clavulanic_acid	amoxicillin/clavulanic acid	<=	1.0	mg/L	Susceptible	CLSI	Broth dilution	bv_brc_genome_amr	high
27381390	CVM 43778	SAMN02911947	BioSample	Salmonella enterica	azithromycin	azithromycin	=	2.0	mg/L	Susceptible	CLSI	Broth dilution	bv_brc_genome_amr	high
27381390	CVM N50430	SAMN03894310	BioSample	Salmonella enterica	ampicillin	ampicillin	<=	1.0	mg/L	Susceptible	CLSI	Broth dilution	bv_brc_genome_amr	high
27381390	CVM N48701	SAMN03894288	BioSample	Salmonella enterica	azithromycin	azithromycin	=	4.0	mg/L	Susceptible	CLSI	Broth dilution	bv_brc_genome_amr	high
27381390	CVM N40413	SAMN02699320	BioSample	Salmonella enterica	ceftriaxone	ceftriaxone	=	16.0	mg/L	Resistant	CLSI	Broth dilution	bv_brc_genome_amr	high
27381390	CVM 43789	SAMN02911958	BioSample	Salmonella enterica	ampicillin	ampicillin	>	32.0	mg/L	Resistant	CLSI	Broth dilution	bv_brc_genome_amr	high
27381390	CVM N46813	SAMN03894193	BioSample	Salmonella enterica	azithromycin	azithromycin	=	4.0	mg/L	Susceptible	CLSI	Broth dilution	bv_brc_genome_amr	high
27381390	CVM N32773	SAMN02699260	BioSample	Salmonella enterica	ceftriaxone	ceftriaxone	<=	0.25	mg/L	Susceptible	CLSI	Broth dilution	bv_brc_genome_amr	high
27381390	CVM N45943	SAMN03894177	BioSample	Salmonella enterica	ampicillin	ampicillin	<=	1.0	mg/L	Susceptible	CLSI	Broth dilution	bv_brc_genome_amr	high
27381390	CVM N51312	SAMN03894403	BioSample	Salmonella enterica	ceftriaxone	ceftriaxone	<=	0.25	mg/L	Susceptible	CLSI	Broth dilution	bv_brc_genome_amr	high
27381390	CVM N51292	SAMN03894383	BioSample	Salmonella enterica	amoxicillin-clavulanic_acid	amoxicillin/clavulanic acid	<=	1.0	mg/L	Susceptible	CLSI	Broth dilution	bv_brc_genome_amr	high
27381390	CVM N45952	SAMN03894183	BioSample	Salmonella enterica	azithromycin	azithromycin	=	4.0	mg/L	Susceptible	CLSI	Broth dilution	bv_brc_genome_amr	high
27381390	CVM N51313	SAMN03894404	BioSample	Salmonella enterica	amoxicillin-clavulanic_acid	amoxicillin/clavulanic acid	<=	1.0	mg/L	Susceptible	CLSI	Broth dilution	bv_brc_genome_amr	high
27381390	CVM N43458	SAMN03894067	BioSample	Salmonella enterica	ampicillin	ampicillin	<=	1.0	mg/L	Susceptible	CLSI	Broth dilution	bv_brc_genome_amr	high
27381390	CVM N40366	SAMN02950159	BioSample	Salmonella enterica	ceftriaxone	ceftriaxone	<=	0.25	mg/L	Susceptible	CLSI	Broth dilution	bv_brc_genome_amr	high
27381390	CVM N44716	SAMN03894133	BioSample	Salmonella enterica	ceftriaxone	ceftriaxone	=	8.0	mg/L	Resistant	CLSI	Broth dilution	bv_brc_genome_amr	high
27381390	CVM N45407	SAMN03894152	BioSample	Salmonella enterica	amoxicillin-clavulanic_acid	amoxicillin/clavulanic acid	<=	1.0	mg/L	Susceptible	CLSI	Broth dilution	bv_brc_genome_amr	high
27381390	CVM N37910	SAMN02699265	BioSample	Salmonella enterica	ceftriaxone	ceftriaxone	<=	0.25	mg/L	Susceptible	CLSI	Broth dilution	bv_brc_genome_amr	high
27381390	CVM N50445	SAMN03894325	BioSample	Salmonella enterica	ciprofloxacin	ciprofloxacin	<=	0.015	mg/L	Susceptible	CLSI	Broth dilution	bv_brc_genome_amr	high
27381390	CVM N50430	SAMN03894310	BioSample	Salmonella enterica	azithromycin	azithromycin	=	2.0	mg/L	Susceptible	CLSI	Broth dilution	bv_brc_genome_amr	high
27381390	CVM N48690	SAMN03894277	BioSample	Salmonella enterica	azithromycin	azithromycin	=	4.0	mg/L	Susceptible	CLSI	Broth dilution	bv_brc_genome_amr	high
27381390	CVM N46813	SAMN03894193	BioSample	Salmonella enterica	amoxicillin-clavulanic_acid	amoxicillin/clavulanic acid	<=	1.0	mg/L	Susceptible	CLSI	Broth dilution	bv_brc_genome_amr	high
27381390	CVM N31392	SAMN02699231	BioSample	Salmonella enterica	azithromycin	azithromycin	=	4.0	mg/L	Susceptible	CLSI	Broth dilution	bv_brc_genome_amr	high
27381390	CVM N45949	SAMN03894180	BioSample	Salmonella enterica	ampicillin	ampicillin	<=	1.0	mg/L	Susceptible	CLSI	Broth dilution	bv_brc_genome_amr	high
27381390	CVM N39863	SAMN02699308	BioSample	Salmonella enterica	azithromycin	azithromycin	=	2.0	mg/L	Susceptible	CLSI	Broth dilution	bv_brc_genome_amr	high
27381390	CVM N48577	SAMN03894261	BioSample	Salmonella enterica	azithromycin	azithromycin	=	4.0	mg/L	Susceptible	CLSI	Broth dilution	bv_brc_genome_amr	high
27381390	CVM N40374	SAMN02699312	BioSample	Salmonella enterica	amoxicillin-clavulanic_acid	amoxicillin/clavulanic acid	<=	1.0	mg/L	Susceptible	CLSI	Broth dilution	bv_brc_genome_amr	high
27381390	CVM N46817	SAMN03894196	BioSample	Salmonella enterica	ampicillin	ampicillin	<=	1.0	mg/L	Susceptible	CLSI	Broth dilution	bv_brc_genome_amr	high
27381390	CVM N51274	SAMN03894365	BioSample	Salmonella enterica	ciprofloxacin	ciprofloxacin	=	0.06	mg/L	Susceptible	CLSI	Broth dilution	bv_brc_genome_amr	high
27381390	CVM N43447	SAMN03894056	BioSample	Salmonella enterica	amoxicillin-clavulanic_acid	amoxicillin/clavulanic acid	<=	1.0	mg/L	Susceptible	CLSI	Broth dilution	bv_brc_genome_amr	high
27381390	CVM 43762	SAMN02911931	BioSample	Salmonella enterica	ciprofloxacin	ciprofloxacin	<=	0.015	mg/L	Susceptible	CLSI	Broth dilution	bv_brc_genome_amr	high
27381390	CVM N43478	SAMN03894087	BioSample	Salmonella enterica	azithromycin	azithromycin	=	8.0	mg/L	Susceptible	CLSI	Broth dilution	bv_brc_genome_amr	high
27381390	CVM N31392	SAMN02699231	BioSample	Salmonella enterica	ampicillin	ampicillin	>	32.0	mg/L	Resistant	CLSI	Broth dilution	bv_brc_genome_amr	high
27381390	CVM N41747	SAMN02699328	BioSample	Salmonella enterica	ciprofloxacin	ciprofloxacin	<=	0.015	mg/L	Susceptible	CLSI	Broth dilution	bv_brc_genome_amr	high
27381390	CVM N43241	SAMN02699366	BioSample	Salmonella enterica	ciprofloxacin	ciprofloxacin	<=	0.015	mg/L	Susceptible	CLSI	Broth dilution	bv_brc_genome_amr	high
27381390	CVM N32772	SAMN02699259	BioSample	Salmonella enterica	azithromycin	azithromycin	=	4.0	mg/L	Susceptible	CLSI	Broth dilution	bv_brc_genome_amr	high
27381390	CVM N51289	SAMN03894380	BioSample	Salmonella enterica	ciprofloxacin	ciprofloxacin	<=	0.015	mg/L	Susceptible	CLSI	Broth dilution	bv_brc_genome_amr	high
27381390	CVM N51271	SAMN03894362	BioSample	Salmonella enterica	amoxicillin-clavulanic_acid	amoxicillin/clavulanic acid	>	32.0	mg/L	Resistant	CLSI	Broth dilution	bv_brc_genome_amr	high
27381390	CVM N40387	SAMN02699317	BioSample	Salmonella enterica	azithromycin	azithromycin	=	2.0	mg/L	Susceptible	CLSI	Broth dilution	bv_brc_genome_amr	high
27381390	CVM N46835	SAMN03894214	BioSample	Salmonella enterica	amoxicillin-clavulanic_acid	amoxicillin/clavulanic acid	<=	1.0	mg/L	Susceptible	CLSI	Broth dilution	bv_brc_genome_amr	high
27381390	CVM N46810	SAMN03894190	BioSample	Salmonella enterica	azithromycin	azithromycin	=	4.0	mg/L	Susceptible	CLSI	Broth dilution	bv_brc_genome_amr	high
27381390	CVM 43813	SAMN02911982	BioSample	Salmonella enterica	amoxicillin-clavulanic_acid	amoxicillin/clavulanic acid	=	8.0	mg/L	Susceptible	CLSI	Broth dilution	bv_brc_genome_amr	high
27381390	CVM 43815	SAMN02911984	BioSample	Salmonella enterica	ceftriaxone	ceftriaxone	=	32.0	mg/L	Resistant	CLSI	Broth dilution	bv_brc_genome_amr	high
27381390	CVM 43806	SAMN02911975	BioSample	Salmonella enterica	ciprofloxacin	ciprofloxacin	<=	0.015	mg/L	Susceptible	CLSI	Broth dilution	bv_brc_genome_amr	high
27381390	CVM N51254	SAMN03894345	BioSample	Salmonella enterica	ceftriaxone	ceftriaxone	=	16.0	mg/L	Resistant	CLSI	Broth dilution	bv_brc_genome_amr	high
27381390	CVM N32772	SAMN02699259	BioSample	Salmonella enterica	amoxicillin-clavulanic_acid	amoxicillin/clavulanic acid	<=	1.0	mg/L	Susceptible	CLSI	Broth dilution	bv_brc_genome_amr	high
27381390	CVM N48692	SAMN03894279	BioSample	Salmonella enterica	ciprofloxacin	ciprofloxacin	<=	0.015	mg/L	Susceptible	CLSI	Broth dilution	bv_brc_genome_amr	high
27381390	CVM N47728	SAMN03894258	BioSample	Salmonella enterica	ceftriaxone	ceftriaxone	<=	0.25	mg/L	Susceptible	CLSI	Broth dilution	bv_brc_genome_amr	high
27381390	CVM N51280	SAMN03894371	BioSample	Salmonella enterica	ceftriaxone	ceftriaxone	<=	0.25	mg/L	Susceptible	CLSI	Broth dilution	bv_brc_genome_amr	high
27381390	CVM N46860	SAMN03894239	BioSample	Salmonella enterica	ceftriaxone	ceftriaxone	<=	0.25	mg/L	Susceptible	CLSI	Broth dilution	bv_brc_genome_amr	high
27381390	CVM N31410	SAMN02699237	BioSample	Salmonella enterica	amoxicillin-clavulanic_acid	amoxicillin/clavulanic acid	=	2.0	mg/L	Susceptible	CLSI	Broth dilution	bv_brc_genome_amr	high
27381390	CVM N32055	SAMN02699252	BioSample	Salmonella enterica	amoxicillin-clavulanic_acid	amoxicillin/clavulanic acid	<=	1.0	mg/L	Susceptible	CLSI	Broth dilution	bv_brc_genome_amr	high
27381390	CVM N48679	SAMN03894266	BioSample	Salmonella enterica	azithromycin	azithromycin	=	4.0	mg/L	Susceptible	CLSI	Broth dilution	bv_brc_genome_amr	high
27381390	CVM N41924	SAMN02699335	BioSample	Salmonella enterica	ciprofloxacin	ciprofloxacin	<=	0.015	mg/L	Susceptible	CLSI	Broth dilution	bv_brc_genome_amr	high
27381390	CVM N43456	SAMN03894065	BioSample	Salmonella enterica	azithromycin	azithromycin	=	4.0	mg/L	Susceptible	CLSI	Broth dilution	bv_brc_genome_amr	high
27381390	CVM 43809	SAMN02911978	BioSample	Salmonella enterica	ceftriaxone	ceftriaxone	<=	0.25	mg/L	Susceptible	CLSI	Broth dilution	bv_brc_genome_amr	high
27381390	CVM N51312	SAMN03894403	BioSample	Salmonella enterica	ceftriaxone	ceftriaxone	<=	0.25	mg/L		CLSI	Broth dilution	bv_brc_genome_amr	high
27381390	CVM N45392	SAMN03894137	BioSample	Salmonella enterica	ceftriaxone	ceftriaxone	<=	0.25	mg/L		CLSI	Broth dilution	bv_brc_genome_amr	high
27381390	CVM N48687	SAMN03894274	BioSample	Salmonella enterica	ampicillin	ampicillin	<=	1.0	mg/L		CLSI	Broth dilution	bv_brc_genome_amr	high
27381390	CVM 43751	SAMN02911920	BioSample	Salmonella enterica	ciprofloxacin	ciprofloxacin	<=	0.015	mg/L		CLSI	Broth dilution	bv_brc_genome_amr	high
27381390	CVM N51289	SAMN03894380	BioSample	Salmonella enterica	ampicillin	ampicillin	=	2.0	mg/L		CLSI	Broth dilution	bv_brc_genome_amr	high
27381390	CVM N48677	SAMN03894264	BioSample	Salmonella enterica	azithromycin	azithromycin	=	4.0	mg/L		CLSI	Broth dilution	bv_brc_genome_amr	high
27381390	CVM N46839	SAMN03894218	BioSample	Salmonella enterica	ceftriaxone	ceftriaxone	<=	0.25	mg/L		CLSI	Broth dilution	bv_brc_genome_amr	high
27381390	CVM N47720	SAMN03894250	BioSample	Salmonella enterica	azithromycin	azithromycin	=	4.0	mg/L		CLSI	Broth dilution	bv_brc_genome_amr	high
27381390	CVM N30663	SAMN02699217	BioSample	Salmonella enterica	amoxicillin-clavulanic_acid	amoxicillin/clavulanic acid	=	32.0	mg/L		CLSI	Broth dilution	bv_brc_genome_amr	high
27381390	CVM N45401	SAMN03894146	BioSample	Salmonella enterica	ceftriaxone	ceftriaxone	<=	0.25	mg/L		CLSI	Broth dilution	bv_brc_genome_amr	high
27381390	CVM N32772	SAMN02699259	BioSample	Salmonella enterica	ampicillin	ampicillin	<=	1.0	mg/L		CLSI	Broth dilution	bv_brc_genome_amr	high
27381390	CVM N42233	SAMN02699337	BioSample	Salmonella enterica	ceftriaxone	ceftriaxone	=	16.0	mg/L		CLSI	Broth dilution	bv_brc_genome_amr	high
27381390	CVM N29379	SAMN02699209	BioSample	Salmonella enterica	amoxicillin-clavulanic_acid	amoxicillin/clavulanic acid	>	32.0	mg/L		CLSI	Broth dilution	bv_brc_genome_amr	high
27381390	CVM N51307	SAMN03894398	BioSample	Salmonella enterica	ampicillin	ampicillin	<=	1.0	mg/L		CLSI	Broth dilution	bv_brc_genome_amr	high
27381390	CVM N32772	SAMN02699259	BioSample	Salmonella enterica	ciprofloxacin	ciprofloxacin	<=	0.015	mg/L		CLSI	Broth dilution	bv_brc_genome_amr	high
27381390	CVM N43482	SAMN03894091	BioSample	Salmonella enterica	ciprofloxacin	ciprofloxacin	<=	0.015	mg/L		CLSI	Broth dilution	bv_brc_genome_amr	high
27381390	CVM N45411	SAMN03894156	BioSample	Salmonella enterica	ciprofloxacin	ciprofloxacin	<=	0.015	mg/L		CLSI	Broth dilution	bv_brc_genome_amr	high
27381390	CVM N51314	SAMN03894405	BioSample	Salmonella enterica	amoxicillin-clavulanic_acid	amoxicillin/clavulanic acid	<=	1.0	mg/L		CLSI	Broth dilution	bv_brc_genome_amr	high
27381390	CVM N42492	SAMN02699357	BioSample	Salmonella enterica	azithromycin	azithromycin	=	4.0	mg/L		CLSI	Broth dilution	bv_brc_genome_amr	high
27381390	CVM N50427	SAMN03894307	BioSample	Salmonella enterica	amoxicillin-clavulanic_acid	amoxicillin/clavulanic acid	<=	1.0	mg/L		CLSI	Broth dilution	bv_brc_genome_amr	high
27381390	CVM 43840	SAMN02912009	BioSample	Salmonella enterica	amoxicillin-clavulanic_acid	amoxicillin/clavulanic acid	>	32.0	mg/L		CLSI	Broth dilution	bv_brc_genome_amr	high
27381390	CVM N51248	SAMN03894339	BioSample	Salmonella enterica	ceftriaxone	ceftriaxone	<=	0.25	mg/L		CLSI	Broth dilution	bv_brc_genome_amr	high
27381390	CVM N46821	SAMN03894200	BioSample	Salmonella enterica	ciprofloxacin	ciprofloxacin	=	0.03	mg/L		CLSI	Broth dilution	bv_brc_genome_amr	high
27381390	CVM N51256	SAMN03894347	BioSample	Salmonella enterica	ceftriaxone	ceftriaxone	<=	0.25	mg/L		CLSI	Broth dilution	bv_brc_genome_amr	high
27381390	CVM 43789	SAMN02911958	BioSample	Salmonella enterica	ampicillin	ampicillin	>	32.0	mg/L		CLSI	Broth dilution	bv_brc_genome_amr	high
27381390	CVM N45953	SAMN03894184	BioSample	Salmonella enterica	amoxicillin-clavulanic_acid	amoxicillin/clavulanic acid	=	8.0	mg/L		CLSI	Broth dilution	bv_brc_genome_amr	high
27381390	CVM N38943	SAMN02699306	BioSample	Salmonella enterica	azithromycin	azithromycin	=	4.0	mg/L		CLSI	Broth dilution	bv_brc_genome_amr	high
27381390	CVM N46845	SAMN03894224	BioSample	Salmonella enterica	azithromycin	azithromycin	=	4.0	mg/L		CLSI	Broth dilution	bv_brc_genome_amr	high
27381390	CVM N46819	SAMN03894198	BioSample	Salmonella enterica	amoxicillin-clavulanic_acid	amoxicillin/clavulanic acid	>	32.0	mg/L		CLSI	Broth dilution	bv_brc_genome_amr	high
27381390	CVM 43814	SAMN02911983	BioSample	Salmonella enterica	ceftriaxone	ceftriaxone	=	32.0	mg/L		CLSI	Broth dilution	bv_brc_genome_amr	high
27381390	CVM N46854	SAMN03894233	BioSample	Salmonella enterica	ceftriaxone	ceftriaxone	<=	0.25	mg/L		CLSI	Broth dilution	bv_brc_genome_amr	high
27381390	CVM N29383	SAMN02699211	BioSample	Salmonella enterica	ciprofloxacin	ciprofloxacin	<=	0.015	mg/L		CLSI	Broth dilution	bv_brc_genome_amr	high
27381390	CVM N43461	SAMN03894070	BioSample	Salmonella enterica	amoxicillin-clavulanic_acid	amoxicillin/clavulanic acid	=	8.0	mg/L		CLSI	Broth dilution	bv_brc_genome_amr	high
27381390	CVM N50446	SAMN03894326	BioSample	Salmonella enterica	ciprofloxacin	ciprofloxacin	=	0.03	mg/L		CLSI	Broth dilution	bv_brc_genome_amr	high
27381390	CVM N43462	SAMN03894071	BioSample	Salmonella enterica	ceftriaxone	ceftriaxone	<=	0.25	mg/L		CLSI	Broth dilution	bv_brc_genome_amr	high
27381390	CVM N31392	SAMN02699231	BioSample	Salmonella enterica	ampicillin	ampicillin	>	32.0	mg/L		CLSI	Broth dilution	bv_brc_genome_amr	high
27381390	CVM N42458	SAMN02699346	BioSample	Salmonella enterica	amoxicillin-clavulanic_acid	amoxicillin/clavulanic acid	>	32.0	mg/L		CLSI	Broth dilution	bv_brc_genome_amr	high
27381390	CVM N47730	SAMN03894260	BioSample	Salmonella enterica	ceftriaxone	ceftriaxone	<=	0.25	mg/L		CLSI	Broth dilution	bv_brc_genome_amr	high
27381390	CVM 43768	SAMN02911937	BioSample	Salmonella enterica	ciprofloxacin	ciprofloxacin	<=	0.015	mg/L		CLSI	Broth dilution	bv_brc_genome_amr	high
27381390	CVM N50432	SAMN03894312	BioSample	Salmonella enterica	ampicillin	ampicillin	<=	1.0	mg/L		CLSI	Broth dilution	bv_brc_genome_amr	high
27381390	CVM 43777	SAMN02911946	BioSample	Salmonella enterica	azithromycin	azithromycin	=	8.0	mg/L		CLSI	Broth dilution	bv_brc_genome_amr	high
27381390	CVM N48691	SAMN03894278	BioSample	Salmonella enterica	ciprofloxacin	ciprofloxacin	=	0.03	mg/L		CLSI	Broth dilution	bv_brc_genome_amr	high
27381390	CVM N43455	SAMN03894064	BioSample	Salmonella enterica	ceftriaxone	ceftriaxone	=	32.0	mg/L		CLSI	Broth dilution	bv_brc_genome_amr	high
27381390	CVM N43822	SAMN03894094	BioSample	Salmonella enterica	ciprofloxacin	ciprofloxacin	<=	0.015	mg/L		CLSI	Broth dilution	bv_brc_genome_amr	high
27381390	CVM N44706	SAMN03894123	BioSample	Salmonella enterica	ampicillin	ampicillin	<=	1.0	mg/L		CLSI	Broth dilution	bv_brc_genome_amr	high
27381390	CVM 43746	SAMN02911915	BioSample	Salmonella enterica	ciprofloxacin	ciprofloxacin	<=	0.015	mg/L		CLSI	Broth dilution	bv_brc_genome_amr	high
27381390	CVM N39866	SAMN02699309	BioSample	Salmonella enterica	ceftriaxone	ceftriaxone	=	16.0	mg/L		CLSI	Broth dilution	bv_brc_genome_amr	high
27381390	CVM N42518	SAMN02699363	BioSample	Salmonella enterica	ciprofloxacin	ciprofloxacin	<=	0.015	mg/L		CLSI	Broth dilution	bv_brc_genome_amr	high
27381390	CVM N43470	SAMN03894079	BioSample	Salmonella enterica	azithromycin	azithromycin	=	4.0	mg/L		CLSI	Broth dilution	bv_brc_genome_amr	high
27381390	CVM N47722	SAMN03894252	BioSample	Salmonella enterica	ceftriaxone	ceftriaxone	<=	0.25	mg/L		CLSI	Broth dilution	bv_brc_genome_amr	high
27381390	CVM N51268	SAMN03894359	BioSample	Salmonella enterica	amoxicillin-clavulanic_acid	amoxicillin/clavulanic acid	=	32.0	mg/L		CLSI	Broth dilution	bv_brc_genome_amr	high
27381390	CVM N51296	SAMN03894387	BioSample	Salmonella enterica	ampicillin	ampicillin	<=	1.0	mg/L		CLSI	Broth dilution	bv_brc_genome_amr	high
27381390	CVM N32754	SAMN02699256	BioSample	Salmonella enterica	ceftriaxone	ceftriaxone	<=	0.25	mg/L		CLSI	Broth dilution	bv_brc_genome_amr	high
27381390	CVM N32056	SAMN02699253	BioSample	Salmonella enterica	amoxicillin-clavulanic_acid	amoxicillin/clavulanic acid	=	8.0	mg/L		CLSI	Broth dilution	bv_brc_genome_amr	high
27381390	CVM N50421	SAMN03894301	BioSample	Salmonella enterica	ceftriaxone	ceftriaxone	<=	0.25	mg/L		CLSI	Broth dilution	bv_brc_genome_amr	high
27381390	CVM N51261	SAMN03894352	BioSample	Salmonella enterica	ceftriaxone	ceftriaxone	<=	0.25	mg/L		CLSI	Broth dilution	bv_brc_genome_amr	high
27381390	CVM N44715	SAMN03894132	BioSample	Salmonella enterica	ampicillin	ampicillin	<=	1.0	mg/L		CLSI	Broth dilution	bv_brc_genome_amr	high
27381390	CVM N43824	SAMN03894096	BioSample	Salmonella enterica	azithromycin	azithromycin	=	4.0	mg/L		CLSI	Broth dilution	bv_brc_genome_amr	high
27381390	CVM N46822	SAMN03894201	BioSample	Salmonella enterica	ciprofloxacin	ciprofloxacin	=	0.03	mg/L		CLSI	Broth dilution	bv_brc_genome_amr	high
27381390	CVM N40366	SAMN02950159	BioSample	Salmonella enterica	azithromycin	azithromycin	=	4.0	mg/L		CLSI	Broth dilution	bv_brc_genome_amr	high
27381390	CVM N32755	SAMN02699257	BioSample	Salmonella enterica	ampicillin	ampicillin	>	32.0	mg/L		CLSI	Broth dilution	bv_brc_genome_amr	high
27381390	CVM N51271	SAMN03894362	BioSample	Salmonella enterica	ciprofloxacin	ciprofloxacin	<=	0.015	mg/L		CLSI	Broth dilution	bv_brc_genome_amr	high
27381390	CVM N48577	SAMN03894261	BioSample	Salmonella enterica	ciprofloxacin	ciprofloxacin	<=	0.015	mg/L		CLSI	Broth dilution	bv_brc_genome_amr	high
27381390	CVM N38874	SAMN02699290	BioSample	Salmonella enterica	ciprofloxacin	ciprofloxacin	<=	0.015	mg/L		CLSI	Broth dilution	bv_brc_genome_amr	high
27381390	CVM N38861	SAMN02699284	BioSample	Salmonella enterica	ciprofloxacin	ciprofloxacin	<=	0.015	mg/L		CLSI	Broth dilution	bv_brc_genome_amr	high
27381390	CVM 43822	SAMN02911991	BioSample	Salmonella enterica	amoxicillin-clavulanic_acid	amoxicillin/clavulanic acid	>	32.0	mg/L		CLSI	Broth dilution	bv_brc_genome_amr	high
27381390	CVM N30683	SAMN02699223	BioSample	Salmonella enterica	amoxicillin-clavulanic_acid	amoxicillin/clavulanic acid	>	32.0	mg/L		CLSI	Broth dilution	bv_brc_genome_amr	high
27381390	CVM N38903	SAMN02699298	BioSample	Salmonella enterica	azithromycin	azithromycin	=	4.0	mg/L		CLSI	Broth dilution	bv_brc_genome_amr	high
27381390	CVM N44703	SAMN03894120	BioSample	Salmonella enterica	ceftriaxone	ceftriaxone	<=	0.25	mg/L		CLSI	Broth dilution	bv_brc_genome_amr	high
27381390	CVM 43763	SAMN02911932	BioSample	Salmonella enterica	ampicillin	ampicillin	=	16.0	mg/L		CLSI	Broth dilution	bv_brc_genome_amr	high
27381390	CVM N38851	SAMN02699280	BioSample	Salmonella enterica	ciprofloxacin	ciprofloxacin	<=	0.015	mg/L		CLSI	Broth dilution	bv_brc_genome_amr	high
27381390	CVM N51296	SAMN03894387	BioSample	Salmonella enterica	azithromycin	azithromycin	=	4.0	mg/L		CLSI	Broth dilution	bv_brc_genome_amr	high
27381390	CVM N46856	SAMN03894235	BioSample	Salmonella enterica	ampicillin	ampicillin	<=	1.0	mg/L		CLSI	Broth dilution	bv_brc_genome_amr	high
27381390	CVM N45950	SAMN03894181	BioSample	Salmonella enterica	azithromycin	azithromycin	=	4.0	mg/L		CLSI	Broth dilution	bv_brc_genome_amr	high
27381390	CVM N48696	SAMN03894283	BioSample	Salmonella enterica	amoxicillin-clavulanic_acid	amoxicillin/clavulanic acid	<=	1.0	mg/L		CLSI	Broth dilution	bv_brc_genome_amr	high
27381390	CVM N43459	SAMN03894068	BioSample	Salmonella enterica	ampicillin	ampicillin	=	2.0	mg/L		CLSI	Broth dilution	bv_brc_genome_amr	high
27381390	CVM N51249	SAMN03894340	BioSample	Salmonella enterica	ciprofloxacin	ciprofloxacin	=	0.03	mg/L		CLSI	Broth dilution	bv_brc_genome_amr	high
27381390	CVM N40939	SAMN02699324	BioSample	Salmonella enterica	azithromycin	azithromycin	=	4.0	mg/L		CLSI	Broth dilution	bv_brc_genome_amr	high
27381390	CVM N45958	SAMN03894189	BioSample	Salmonella enterica	azithromycin	azithromycin	=	4.0	mg/L		CLSI	Broth dilution	bv_brc_genome_amr	high
27381390	CVM N43448	SAMN03894057	BioSample	Salmonella enterica	ceftriaxone	ceftriaxone	=	16.0	mg/L		CLSI	Broth dilution	bv_brc_genome_amr	high
27381390	CVM 43811	SAMN02911980	BioSample	Salmonella enterica	ampicillin	ampicillin	>	32.0	mg/L		CLSI	Broth dilution	bv_brc_genome_amr	high
27381390	CVM N42468	SAMN02699348	BioSample	Salmonella enterica	ciprofloxacin	ciprofloxacin	<=	0.015	mg/L		CLSI	Broth dilution	bv_brc_genome_amr	high
27381390	CVM N43465	SAMN03894074	BioSample	Salmonella enterica	ciprofloxacin	ciprofloxacin	<=	0.015	mg/L		CLSI	Broth dilution	bv_brc_genome_amr	high
27381390	CVM N38864	SAMN02699285	BioSample	Salmonella enterica	amoxicillin-clavulanic_acid	amoxicillin/clavulanic acid	<=	1.0	mg/L		CLSI	Broth dilution	bv_brc_genome_amr	high
27381390	CVM N42239	SAMN02699340	BioSample	Salmonella enterica	ceftriaxone	ceftriaxone	<=	0.25	mg/L		CLSI	Broth dilution	bv_brc_genome_amr	high
27381390	CVM 43757	SAMN02911926	BioSample	Salmonella enterica	azithromycin	azithromycin	=	4.0	mg/L		CLSI	Broth dilution	bv_brc_genome_amr	high
27381390	CVM N31414	SAMN02699240	BioSample	Salmonella enterica	azithromycin	azithromycin	=	4.0	mg/L		CLSI	Broth dilution	bv_brc_genome_amr	high
27381390	CVM N45935	SAMN03894169	BioSample	Salmonella enterica	ampicillin	ampicillin	>	32.0	mg/L		CLSI	Broth dilution	bv_brc_genome_amr	high
27381390	CVM 43773	SAMN02911942	BioSample	Salmonella enterica	ceftriaxone	ceftriaxone	<=	0.25	mg/L		CLSI	Broth dilution	bv_brc_genome_amr	high
27381390	CVM N44717	SAMN03894134	BioSample	Salmonella enterica	ceftriaxone	ceftriaxone	<=	0.25	mg/L		CLSI	Broth dilution	bv_brc_genome_amr	high
27381390	CVM 43818	SAMN02911987	BioSample	Salmonella enterica	ampicillin	ampicillin	>	32.0	mg/L		CLSI	Broth dilution	bv_brc_genome_amr	high
27381390	CVM N43451	SAMN03894060	BioSample	Salmonella enterica	amoxicillin-clavulanic_acid	amoxicillin/clavulanic acid	<=	1.0	mg/L		CLSI	Broth dilution	bv_brc_genome_amr	high
27381390	CVM N43833	SAMN03894105	BioSample	Salmonella enterica	amoxicillin-clavulanic_acid	amoxicillin/clavulanic acid	<=	1.0	mg/L		CLSI	Broth dilution	bv_brc_genome_amr	high
27381390	CVM N32788	SAMN02699263	BioSample	Salmonella enterica	ceftriaxone	ceftriaxone	<=	0.25	mg/L		CLSI	Broth dilution	bv_brc_genome_amr	high
27381390	CVM 43766	SAMN02911935	BioSample	Salmonella enterica	ceftriaxone	ceftriaxone	=	2.0	mg/L		CLSI	Broth dilution	bv_brc_genome_amr	high
27381390	CVM N42451	SAMN02699344	BioSample	Salmonella enterica	amoxicillin-clavulanic_acid	amoxicillin/clavulanic acid	<=	1.0	mg/L		CLSI	Broth dilution	bv_brc_genome_amr	high
27381390	CVM N30705	SAMN02699228	BioSample	Salmonella enterica	ampicillin	ampicillin	=	2.0	mg/L		CLSI	Broth dilution	bv_brc_genome_amr	high
27381390	CVM N45926	SAMN03894160	BioSample	Salmonella enterica	ampicillin	ampicillin	>	32.0	mg/L		CLSI	Broth dilution	bv_brc_genome_amr	high
27381390	CVM N44713	SAMN03894130	BioSample	Salmonella enterica	amoxicillin-clavulanic_acid	amoxicillin/clavulanic acid	<=	1.0	mg/L		CLSI	Broth dilution	bv_brc_genome_amr	high
27381390	CVM N48689	SAMN03894276	BioSample	Salmonella enterica	azithromycin	azithromycin	=	4.0	mg/L		CLSI	Broth dilution	bv_brc_genome_amr	high
27381390	CVM N31597	SAMN02699243	BioSample	Salmonella enterica	ceftriaxone	ceftriaxone	<=	0.25	mg/L		CLSI	Broth dilution	bv_brc_genome_amr	high
27381390	CVM N45397	SAMN03894142	BioSample	Salmonella enterica	amoxicillin-clavulanic_acid	amoxicillin/clavulanic acid	>	32.0	mg/L		CLSI	Broth dilution	bv_brc_genome_amr	high
27381390	CVM N51299	SAMN03894390	BioSample	Salmonella enterica	azithromycin	azithromycin	=	4.0	mg/L		CLSI	Broth dilution	bv_brc_genome_amr	high
27381390	CVM N29309	SAMN02699188	BioSample	Salmonella enterica	amoxicillin-clavulanic_acid	amoxicillin/clavulanic acid	<=	1.0	mg/L		CLSI	Broth dilution	bv_brc_genome_amr	high
27381390	CVM N32779	SAMN02699261	BioSample	Salmonella enterica	ceftriaxone	ceftriaxone	<=	0.25	mg/L		CLSI	Broth dilution	bv_brc_genome_amr	high
27381390	CVM N29383	SAMN02699211	BioSample	Salmonella enterica	azithromycin	azithromycin	=	4.0	mg/L		CLSI	Broth dilution	bv_brc_genome_amr	high
27381390	CVM N46838	SAMN03894217	BioSample	Salmonella enterica	amoxicillin-clavulanic_acid	amoxicillin/clavulanic acid	<=	1.0	mg/L		CLSI	Broth dilution	bv_brc_genome_amr	high
27381390	CVM N38893	SAMN02699296	BioSample	Salmonella enterica	azithromycin	azithromycin	=	4.0	mg/L		CLSI	Broth dilution	bv_brc_genome_amr	high
27381390	CVM N40416	SAMN02699321	BioSample	Salmonella enterica	ampicillin	ampicillin	>	32.0	mg/L		CLSI	Broth dilution	bv_brc_genome_amr	high
27381390	CVM N48676	SAMN03894263	BioSample	Salmonella enterica	ciprofloxacin	ciprofloxacin	<=	0.015	mg/L		CLSI	Broth dilution	bv_brc_genome_amr	high
27381390	CVM N45958	SAMN03894189	BioSample	Salmonella enterica	ciprofloxacin	ciprofloxacin	<=	0.015	mg/L		CLSI	Broth dilution	bv_brc_genome_amr	high
27381390	CVM N43459	SAMN03894068	BioSample	Salmonella enterica	ciprofloxacin	ciprofloxacin	<=	0.015	mg/L		CLSI	Broth dilution	bv_brc_genome_amr	high
27381390	CVM N47730	SAMN03894260	BioSample	Salmonella enterica	amoxicillin-clavulanic_acid	amoxicillin/clavulanic acid	<=	1.0	mg/L		CLSI	Broth dilution	bv_brc_genome_amr	high
27381390	CVM 43772	SAMN02911941	BioSample	Salmonella enterica	amoxicillin-clavulanic_acid	amoxicillin/clavulanic acid	<=	1.0	mg/L		CLSI	Broth dilution	bv_brc_genome_amr	high
27381390	CVM N31397	SAMN02699234	BioSample	Salmonella enterica	ciprofloxacin	ciprofloxacin	=	0.03	mg/L		CLSI	Broth dilution	bv_brc_genome_amr	high
27381390	CVM 43789	SAMN02911958	BioSample	Salmonella enterica	amoxicillin-clavulanic_acid	amoxicillin/clavulanic acid	=	32.0	mg/L		CLSI	Broth dilution	bv_brc_genome_amr	high
27381390	CVM N42518	SAMN02699363	BioSample	Salmonella enterica	ceftriaxone	ceftriaxone	<=	0.25	mg/L		CLSI	Broth dilution	bv_brc_genome_amr	high
27381390	CVM N44707	SAMN03894124	BioSample	Salmonella enterica	amoxicillin-clavulanic_acid	amoxicillin/clavulanic acid	>	32.0	mg/L		CLSI	Broth dilution	bv_brc_genome_amr	high
27381390	CVM N45411	SAMN03894156	BioSample	Salmonella enterica	amoxicillin-clavulanic_acid	amoxicillin/clavulanic acid	<=	1.0	mg/L		CLSI	Broth dilution	bv_brc_genome_amr	high
27381390	CVM N47715	SAMN03894245	BioSample	Salmonella enterica	ciprofloxacin	ciprofloxacin	=	0.03	mg/L		CLSI	Broth dilution	bv_brc_genome_amr	high
27381390	CVM 43774	SAMN02911943	BioSample	Salmonella enterica	amoxicillin-clavulanic_acid	amoxicillin/clavulanic acid	<=	1.0	mg/L		CLSI	Broth dilution	bv_brc_genome_amr	high
27381390	CVM N50427	SAMN03894307	BioSample	Salmonella enterica	ciprofloxacin	ciprofloxacin	<=	0.015	mg/L		CLSI	Broth dilution	bv_brc_genome_amr	high
27381390	CVM N42239	SAMN02699340	BioSample	Salmonella enterica	azithromycin	azithromycin	=	4.0	mg/L		CLSI	Broth dilution	bv_brc_genome_amr	high
27381390	CVM 43772	SAMN02911941	BioSample	Salmonella enterica	ampicillin	ampicillin	<=	1.0	mg/L		CLSI	Broth dilution	bv_brc_genome_amr	high
27381390	CVM N44711	SAMN03894128	BioSample	Salmonella enterica	azithromycin	azithromycin	=	4.0	mg/L		CLSI	Broth dilution	bv_brc_genome_amr	high
27381390	CVM N43448	SAMN03894057	BioSample	Salmonella enterica	amoxicillin-clavulanic_acid	amoxicillin/clavulanic acid	>	32.0	mg/L		CLSI	Broth dilution	bv_brc_genome_amr	high
27381390	CVM 43792	SAMN02911961	BioSample	Salmonella enterica	ampicillin	ampicillin	>	32.0	mg/L		CLSI	Broth dilution	bv_brc_genome_amr	high
27381390	CVM N48698	SAMN03894285	BioSample	Salmonella enterica	ciprofloxacin	ciprofloxacin	<=	0.015	mg/L		CLSI	Broth dilution	bv_brc_genome_amr	high
27381390	CVM N38903	SAMN02699298	BioSample	Salmonella enterica	amoxicillin-clavulanic_acid	amoxicillin/clavulanic acid	<=	1.0	mg/L		CLSI	Broth dilution	bv_brc_genome_amr	high
27381390	CVM N31384	SAMN02699230	BioSample	Salmonella enterica	amoxicillin-clavulanic_acid	amoxicillin/clavulanic acid	=	32.0	mg/L		CLSI	Broth dilution	bv_brc_genome_amr	high
27381390	CVM N51282	SAMN03894373	BioSample	Salmonella enterica	ampicillin	ampicillin	<=	1.0	mg/L		CLSI	Broth dilution	bv_brc_genome_amr	high
27381390	CVM N51290	SAMN03894381	BioSample	Salmonella enterica	amoxicillin-clavulanic_acid	amoxicillin/clavulanic acid	<=	1.0	mg/L		CLSI	Broth dilution	bv_brc_genome_amr	high
27381390	CVM N41924	SAMN02699335	BioSample	Salmonella enterica	ciprofloxacin	ciprofloxacin	<=	0.015	mg/L		CLSI	Broth dilution	bv_brc_genome_amr	high
27381390	CVM N51307	SAMN03894398	BioSample	Salmonella enterica	amoxicillin-clavulanic_acid	amoxicillin/clavulanic acid	<=	1.0	mg/L		CLSI	Broth dilution	bv_brc_genome_amr	high
27381390	CVM N51982	SAMN03894408	BioSample	Salmonella enterica	ampicillin	ampicillin	<=	1.0	mg/L		CLSI	Broth dilution	bv_brc_genome_amr	high
27381390	CVM N45393	SAMN03894138	BioSample	Salmonella enterica	azithromycin	azithromycin	=	4.0	mg/L		CLSI	Broth dilution	bv_brc_genome_amr	high
27381390	CVM N47711	SAMN03894241	BioSample	Salmonella enterica	ceftriaxone	ceftriaxone	<=	0.25	mg/L		CLSI	Broth dilution	bv_brc_genome_amr	high
27381390	CVM N48691	SAMN03894278	BioSample	Salmonella enterica	azithromycin	azithromycin	=	4.0	mg/L		CLSI	Broth dilution	bv_brc_genome_amr	high
27381390	CVM N48712	SAMN03894298	BioSample	Salmonella enterica	ceftriaxone	ceftriaxone	<=	0.25	mg/L		CLSI	Broth dilution	bv_brc_genome_amr	high
27381390	CVM N45927	SAMN03894161	BioSample	Salmonella enterica	ampicillin	ampicillin	<=	1.0	mg/L		CLSI	Broth dilution	bv_brc_genome_amr	high
27381390	CVM N46827	SAMN03894206	BioSample	Salmonella enterica	ceftriaxone	ceftriaxone	>	64.0	mg/L		CLSI	Broth dilution	bv_brc_genome_amr	high
27381390	CVM N40374	SAMN02699312	BioSample	Salmonella enterica	ciprofloxacin	ciprofloxacin	=	0.06	mg/L		CLSI	Broth dilution	bv_brc_genome_amr	high
27381390	CVM N30671	SAMN02699219	BioSample	Salmonella enterica	ciprofloxacin	ciprofloxacin	<=	0.015	mg/L		CLSI	Broth dilution	bv_brc_genome_amr	high
27381390	CVM N43476	SAMN03894085	BioSample	Salmonella enterica	ceftriaxone	ceftriaxone	<=	0.25	mg/L		CLSI	Broth dilution	bv_brc_genome_amr	high
27381390	CVM N46844	SAMN03894223	BioSample	Salmonella enterica	ampicillin	ampicillin	>	32.0	mg/L		CLSI	Broth dilution	bv_brc_genome_amr	high
27381390	CVM N43824	SAMN03894096	BioSample	Salmonella enterica	ceftriaxone	ceftriaxone	<=	0.25	mg/L		CLSI	Broth dilution	bv_brc_genome_amr	high
27381390	CVM N43829	SAMN03894101	BioSample	Salmonella enterica	azithromycin	azithromycin	=	4.0	mg/L		CLSI	Broth dilution	bv_brc_genome_amr	high
27381390	CVM N51274	SAMN03894365	BioSample	Salmonella enterica	ampicillin	ampicillin	>	32.0	mg/L		CLSI	Broth dilution	bv_brc_genome_amr	high
27381390	CVM N50419	SAMN03894299	BioSample	Salmonella enterica	azithromycin	azithromycin	=	4.0	mg/L		CLSI	Broth dilution	bv_brc_genome_amr	high
27381390	CVM N46844	SAMN03894223	BioSample	Salmonella enterica	ceftriaxone	ceftriaxone	=	16.0	mg/L		CLSI	Broth dilution	bv_brc_genome_amr	high
27381390	CVM N44710	SAMN03894127	BioSample	Salmonella enterica	ceftriaxone	ceftriaxone	<=	0.25	mg/L		CLSI	Broth dilution	bv_brc_genome_amr	high
27381390	CVM 43842	SAMN02912011	BioSample	Salmonella enterica	azithromycin	azithromycin	=	8.0	mg/L		CLSI	Broth dilution	bv_brc_genome_amr	high
27381390	CVM N45394	SAMN03894139	BioSample	Salmonella enterica	azithromycin	azithromycin	=	4.0	mg/L		CLSI	Broth dilution	bv_brc_genome_amr	high
27381390	CVM N42237	SAMN02699339	BioSample	Salmonella enterica	ampicillin	ampicillin	>	32.0	mg/L		CLSI	Broth dilution	bv_brc_genome_amr	high
27381390	CVM N48703	SAMN03894290	BioSample	Salmonella enterica	amoxicillin-clavulanic_acid	amoxicillin/clavulanic acid	<=	1.0	mg/L		CLSI	Broth dilution	bv_brc_genome_amr	high
27381390	CVM N43454	SAMN03894063	BioSample	Salmonella enterica	ceftriaxone	ceftriaxone	<=	0.25	mg/L		CLSI	Broth dilution	bv_brc_genome_amr	high
27381390	CVM N44695	SAMN03894112	BioSample	Salmonella enterica	ciprofloxacin	ciprofloxacin	<=	0.015	mg/L		CLSI	Broth dilution	bv_brc_genome_amr	high
27381390	CVM N45403	SAMN03894148	BioSample	Salmonella enterica	ampicillin	ampicillin	>	32.0	mg/L		CLSI	Broth dilution	bv_brc_genome_amr	high
27381390	CVM N30663	SAMN02699217	BioSample	Salmonella enterica	azithromycin	azithromycin	=	4.0	mg/L		CLSI	Broth dilution	bv_brc_genome_amr	high
27381390	CVM N45942	SAMN03894176	BioSample	Salmonella enterica	azithromycin	azithromycin	=	2.0	mg/L		CLSI	Broth dilution	bv_brc_genome_amr	high
27381390	CVM N48707	SAMN03894294	BioSample	Salmonella enterica	ciprofloxacin	ciprofloxacin	<=	0.015	mg/L		CLSI	Broth dilution	bv_brc_genome_amr	high
27381390	CVM N47714	SAMN03894244	BioSample	Salmonella enterica	amoxicillin-clavulanic_acid	amoxicillin/clavulanic acid	<=	1.0	mg/L		CLSI	Broth dilution	bv_brc_genome_amr	high
27381390	CVM N51293	SAMN03894384	BioSample	Salmonella enterica	azithromycin	azithromycin	=	4.0	mg/L		CLSI	Broth dilution	bv_brc_genome_amr	high
27381390	CVM N45944	SAMN03894178	BioSample	Salmonella enterica	ampicillin	ampicillin	<=	1.0	mg/L		CLSI	Broth dilution	bv_brc_genome_amr	high
27381390	CVM N43456	SAMN03894065	BioSample	Salmonella enterica	ciprofloxacin	ciprofloxacin	<=	0.015	mg/L		CLSI	Broth dilution	bv_brc_genome_amr	high
27381390	CVM 43776	SAMN02911945	BioSample	Salmonella enterica	ceftriaxone	ceftriaxone	<=	0.25	mg/L		CLSI	Broth dilution	bv_brc_genome_amr	high
27381390	CVM 43773	SAMN02911942	BioSample	Salmonella enterica	ampicillin	ampicillin	<=	1.0	mg/L		CLSI	Broth dilution	bv_brc_genome_amr	high
27381390	CVM N41904	SAMN02699331	BioSample	Salmonella enterica	ceftriaxone	ceftriaxone	=	4.0	mg/L		CLSI	Broth dilution	bv_brc_genome_amr	high
27381390	CVM N48702	SAMN03894289	BioSample	Salmonella enterica	amoxicillin-clavulanic_acid	amoxicillin/clavulanic acid	<=	1.0	mg/L		CLSI	Broth dilution	bv_brc_genome_amr	high
27381390	CVM 43843	SAMN02912012	BioSample	Salmonella enterica	ciprofloxacin	ciprofloxacin	<=	0.015	mg/L		CLSI	Broth dilution	bv_brc_genome_amr	high
27381390	CVM N48703	SAMN03894290	BioSample	Salmonella enterica	ciprofloxacin	ciprofloxacin	<=	0.015	mg/L		CLSI	Broth dilution	bv_brc_genome_amr	high
27381390	CVM N43824	SAMN03894096	BioSample	Salmonella enterica	ciprofloxacin	ciprofloxacin	<=	0.015	mg/L		CLSI	Broth dilution	bv_brc_genome_amr	high
27381390	CVM N29385	SAMN02699212	BioSample	Salmonella enterica	ceftriaxone	ceftriaxone	<=	0.25	mg/L		CLSI	Broth dilution	bv_brc_genome_amr	high
27381390	CVM N37925	SAMN02699268	BioSample	Salmonella enterica	ceftriaxone	ceftriaxone	<=	0.25	mg/L		CLSI	Broth dilution	bv_brc_genome_amr	high
27381390	CVM 43775	SAMN02911944	BioSample	Salmonella enterica	ciprofloxacin	ciprofloxacin	<=	0.015	mg/L		CLSI	Broth dilution	bv_brc_genome_amr	high
27381390	CVM N48699	SAMN03894286	BioSample	Salmonella enterica	ceftriaxone	ceftriaxone	<=	0.25	mg/L		CLSI	Broth dilution	bv_brc_genome_amr	high
27381390	CVM N38909	SAMN02699299	BioSample	Salmonella enterica	azithromycin	azithromycin	=	4.0	mg/L		CLSI	Broth dilution	bv_brc_genome_amr	high
27381390	CVM N43447	SAMN03894056	BioSample	Salmonella enterica	ampicillin	ampicillin	<=	1.0	mg/L		CLSI	Broth dilution	bv_brc_genome_amr	high
27381390	CVM N51264	SAMN03894355	BioSample	Salmonella enterica	azithromycin	azithromycin	=	2.0	mg/L		CLSI	Broth dilution	bv_brc_genome_amr	high
27381390	CVM N44695	SAMN03894112	BioSample	Salmonella enterica	ampicillin	ampicillin	<=	1.0	mg/L		CLSI	Broth dilution	bv_brc_genome_amr	high
27381390	CVM N46841	SAMN03894220	BioSample	Salmonella enterica	amoxicillin-clavulanic_acid	amoxicillin/clavulanic acid	>	32.0	mg/L		CLSI	Broth dilution	bv_brc_genome_amr	high
27381390	CVM N50441	SAMN03894321	BioSample	Salmonella enterica	ceftriaxone	ceftriaxone	<=	0.25	mg/L		CLSI	Broth dilution	bv_brc_genome_amr	high
27381390	CVM N38882	SAMN02699292	BioSample	Salmonella enterica	ampicillin	ampicillin	<=	1.0	mg/L		CLSI	Broth dilution	bv_brc_genome_amr	high
27381390	CVM N46820	SAMN03894199	BioSample	Salmonella enterica	ampicillin	ampicillin	<=	1.0	mg/L		CLSI	Broth dilution	bv_brc_genome_amr	high
27381390	CVM N48693	SAMN03894280	BioSample	Salmonella enterica	azithromycin	azithromycin	=	4.0	mg/L		CLSI	Broth dilution	bv_brc_genome_amr	high
27381390	CVM N46833	SAMN03894212	BioSample	Salmonella enterica	ciprofloxacin	ciprofloxacin	<=	0.015	mg/L		CLSI	Broth dilution	bv_brc_genome_amr	high
27381390	CVM N32042	SAMN02699246	BioSample	Salmonella enterica	azithromycin	azithromycin	=	4.0	mg/L		CLSI	Broth dilution	bv_brc_genome_amr	high
27381390	CVM N44693	SAMN03894110	BioSample	Salmonella enterica	ampicillin	ampicillin	>	32.0	mg/L		CLSI	Broth dilution	bv_brc_genome_amr	high
27381390	CVM N38903	SAMN02699298	BioSample	Salmonella enterica	ciprofloxacin	ciprofloxacin	<=	0.015	mg/L		CLSI	Broth dilution	bv_brc_genome_amr	high
27381390	CVM N32781	SAMN02699262	BioSample	Salmonella enterica	azithromycin	azithromycin	=	4.0	mg/L		CLSI	Broth dilution	bv_brc_genome_amr	high
27381390	CVM N46843	SAMN03894222	BioSample	Salmonella enterica	ampicillin	ampicillin	>	32.0	mg/L		CLSI	Broth dilution	bv_brc_genome_amr	high
27381390	CVM N51258	SAMN03894349	BioSample	Salmonella enterica	ciprofloxacin	ciprofloxacin	<=	0.015	mg/L		CLSI	Broth dilution	bv_brc_genome_amr	high
27381390	CVM N46832	SAMN03894211	BioSample	Salmonella enterica	amoxicillin-clavulanic_acid	amoxicillin/clavulanic acid	=	8.0	mg/L		CLSI	Broth dilution	bv_brc_genome_amr	high
27381390	CVM N46848	SAMN03894227	BioSample	Salmonella enterica	amoxicillin-clavulanic_acid	amoxicillin/clavulanic acid	=	8.0	mg/L		CLSI	Broth dilution	bv_brc_genome_amr	high
27381390	CVM N43822	SAMN03894094	BioSample	Salmonella enterica	ceftriaxone	ceftriaxone	<=	0.25	mg/L		CLSI	Broth dilution	bv_brc_genome_amr	high
27381390	CVM N40375	SAMN02699313	BioSample	Salmonella enterica	ciprofloxacin	ciprofloxacin	=	0.03	mg/L		CLSI	Broth dilution	bv_brc_genome_amr	high
27381390	CVM N51308	SAMN03894399	BioSample	Salmonella enterica	amoxicillin-clavulanic_acid	amoxicillin/clavulanic acid	<=	1.0	mg/L		CLSI	Broth dilution	bv_brc_genome_amr	high
27381390	CVM N30683	SAMN02699223	BioSample	Salmonella enterica	ceftriaxone	ceftriaxone	=	64.0	mg/L		CLSI	Broth dilution	bv_brc_genome_amr	high
27381390	CVM N45945	SAMN03894179	BioSample	Salmonella enterica	ciprofloxacin	ciprofloxacin	<=	0.015	mg/L		CLSI	Broth dilution	bv_brc_genome_amr	high
27381390	CVM 43836	SAMN02912005	BioSample	Salmonella enterica	azithromycin	azithromycin	=	4.0	mg/L		CLSI	Broth dilution	bv_brc_genome_amr	high
27381390	CVM N51278	SAMN03894369	BioSample	Salmonella enterica	ceftriaxone	ceftriaxone	<=	0.25	mg/L		CLSI	Broth dilution	bv_brc_genome_amr	high
27381390	CVM N46846	SAMN03894225	BioSample	Salmonella enterica	ampicillin	ampicillin	>	32.0	mg/L		CLSI	Broth dilution	bv_brc_genome_amr	high
27381390	CVM N37938	SAMN02699270	BioSample	Salmonella enterica	ciprofloxacin	ciprofloxacin	<=	0.015	mg/L		CLSI	Broth dilution	bv_brc_genome_amr	high
27381390	CVM N51981	SAMN03894407	BioSample	Salmonella enterica	ciprofloxacin	ciprofloxacin	<=	0.015	mg/L		CLSI	Broth dilution	bv_brc_genome_amr	high
27381390	CVM N51265	SAMN03894356	BioSample	Salmonella enterica	azithromycin	azithromycin	=	4.0	mg/L		CLSI	Broth dilution	bv_brc_genome_amr	high
27381390	CVM N41906	SAMN02699332	BioSample	Salmonella enterica	ceftriaxone	ceftriaxone	=	8.0	mg/L		CLSI	Broth dilution	bv_brc_genome_amr	high
27381390	CVM N47724	SAMN03894254	BioSample	Salmonella enterica	ampicillin	ampicillin	>	32.0	mg/L		CLSI	Broth dilution	bv_brc_genome_amr	high
27381390	CVM N51279	SAMN03894370	BioSample	Salmonella enterica	ciprofloxacin	ciprofloxacin	<=	0.015	mg/L		CLSI	Broth dilution	bv_brc_genome_amr	high
27381390	CVM 43839	SAMN02912008	BioSample	Salmonella enterica	amoxicillin-clavulanic_acid	amoxicillin/clavulanic acid	=	4.0	mg/L		CLSI	Broth dilution	bv_brc_genome_amr	high
27381390	CVM N46858	SAMN03894237	BioSample	Salmonella enterica	azithromycin	azithromycin	=	1.0	mg/L		CLSI	Broth dilution	bv_brc_genome_amr	high
27381390	CVM N40386	SAMN02699316	BioSample	Salmonella enterica	ciprofloxacin	ciprofloxacin	<=	0.015	mg/L		CLSI	Broth dilution	bv_brc_genome_amr	high
27381390	CVM N43827	SAMN03894099	BioSample	Salmonella enterica	azithromycin	azithromycin	=	4.0	mg/L		CLSI	Broth dilution	bv_brc_genome_amr	high
27381390	CVM N42472	SAMN02699350	BioSample	Salmonella enterica	ampicillin	ampicillin	>	32.0	mg/L		CLSI	Broth dilution	bv_brc_genome_amr	high
27381390	CVM N29315	SAMN02699191	BioSample	Salmonella enterica	amoxicillin-clavulanic_acid	amoxicillin/clavulanic acid	>	32.0	mg/L		CLSI	Broth dilution	bv_brc_genome_amr	high
27381390	CVM N48679	SAMN03894266	BioSample	Salmonella enterica	amoxicillin-clavulanic_acid	amoxicillin/clavulanic acid	<=	1.0	mg/L		CLSI	Broth dilution	bv_brc_genome_amr	high
27381390	CVM N45931	SAMN03894165	BioSample	Salmonella enterica	ceftriaxone	ceftriaxone	<=	0.25	mg/L		CLSI	Broth dilution	bv_brc_genome_amr	high
27381390	CVM N51290	SAMN03894381	BioSample	Salmonella enterica	ciprofloxacin	ciprofloxacin	<=	0.015	mg/L		CLSI	Broth dilution	bv_brc_genome_amr	high
27381390	CVM N42477	SAMN02699352	BioSample	Salmonella enterica	ampicillin	ampicillin	<=	1.0	mg/L		CLSI	Broth dilution	bv_brc_genome_amr	high
27381390	CVM N32052	SAMN02699250	BioSample	Salmonella enterica	azithromycin	azithromycin	=	4.0	mg/L		CLSI	Broth dilution	bv_brc_genome_amr	high
27381390	CVM N43829	SAMN03894101	BioSample	Salmonella enterica	ceftriaxone	ceftriaxone	=	8.0	mg/L		CLSI	Broth dilution	bv_brc_genome_amr	high
27381390	CVM N40375	SAMN02699313	BioSample	Salmonella enterica	azithromycin	azithromycin	=	4.0	mg/L		CLSI	Broth dilution	bv_brc_genome_amr	high
27381390	CVM N38240	SAMN02699278	BioSample	Salmonella enterica	ciprofloxacin	ciprofloxacin	<=	0.015	mg/L		CLSI	Broth dilution	bv_brc_genome_amr	high
27381390	CVM N45942	SAMN03894176	BioSample	Salmonella enterica	ampicillin	ampicillin	<=	1.0	mg/L		CLSI	Broth dilution	bv_brc_genome_amr	high
27381390	CVM N31380	SAMN02699229	BioSample	Salmonella enterica	azithromycin	azithromycin	=	4.0	mg/L		CLSI	Broth dilution	bv_brc_genome_amr	high
27381390	CVM N43453	SAMN03894062	BioSample	Salmonella enterica	ampicillin	ampicillin	>	32.0	mg/L		CLSI	Broth dilution	bv_brc_genome_amr	high
27381390	CVM N51984	SAMN03894410	BioSample	Salmonella enterica	ampicillin	ampicillin	<=	1.0	mg/L		CLSI	Broth dilution	bv_brc_genome_amr	high
27381390	CVM N46814	SAMN03894194	BioSample	Salmonella enterica	ceftriaxone	ceftriaxone	<=	0.25	mg/L		CLSI	Broth dilution	bv_brc_genome_amr	high
27381390	CVM N50421	SAMN03894301	BioSample	Salmonella enterica	ciprofloxacin	ciprofloxacin	<=	0.015	mg/L		CLSI	Broth dilution	bv_brc_genome_amr	high
27381390	CVM N43452	SAMN03894061	BioSample	Salmonella enterica	ciprofloxacin	ciprofloxacin	<=	0.015	mg/L		CLSI	Broth dilution	bv_brc_genome_amr	high
27381390	CVM N37925	SAMN02699268	BioSample	Salmonella enterica	amoxicillin-clavulanic_acid	amoxicillin/clavulanic acid	<=	1.0	mg/L		CLSI	Broth dilution	bv_brc_genome_amr	high
27381390	CVM N30677	SAMN02699221	BioSample	Salmonella enterica	azithromycin	azithromycin	=	4.0	mg/L		CLSI	Broth dilution	bv_brc_genome_amr	high
27381390	CVM N43834	SAMN03894106	BioSample	Salmonella enterica	ampicillin	ampicillin	<=	1.0	mg/L		CLSI	Broth dilution	bv_brc_genome_amr	high
27381390	CVM N29367	SAMN02699205	BioSample	Salmonella enterica	amoxicillin-clavulanic_acid	amoxicillin/clavulanic acid	<=	1.0	mg/L		CLSI	Broth dilution	bv_brc_genome_amr	high
27381390	CVM 43759	SAMN02911928	BioSample	Salmonella enterica	azithromycin	azithromycin	=	4.0	mg/L		CLSI	Broth dilution	bv_brc_genome_amr	high
27381390	CVM N43473	SAMN03894082	BioSample	Salmonella enterica	amoxicillin-clavulanic_acid	amoxicillin/clavulanic acid	<=	1.0	mg/L		CLSI	Broth dilution	bv_brc_genome_amr	high
27381390	CVM N29351	SAMN02699199	BioSample	Salmonella enterica	amoxicillin-clavulanic_acid	amoxicillin/clavulanic acid	=	32.0	mg/L		CLSI	Broth dilution	bv_brc_genome_amr	high
27381390	CVM N32048	SAMN02699248	BioSample	Salmonella enterica	ceftriaxone	ceftriaxone	<=	0.25	mg/L		CLSI	Broth dilution	bv_brc_genome_amr	high
27381390	CVM N38925	SAMN02699304	BioSample	Salmonella enterica	ciprofloxacin	ciprofloxacin	<=	0.015	mg/L		CLSI	Broth dilution	bv_brc_genome_amr	high
27381390	CVM N47729	SAMN03894259	BioSample	Salmonella enterica	ceftriaxone	ceftriaxone	<=	0.25	mg/L		CLSI	Broth dilution	bv_brc_genome_amr	high
27381390	CVM N51301	SAMN03894392	BioSample	Salmonella enterica	amoxicillin-clavulanic_acid	amoxicillin/clavulanic acid	>	32.0	mg/L		CLSI	Broth dilution	bv_brc_genome_amr	high
27381390	CVM N47717	SAMN03894247	BioSample	Salmonella enterica	ampicillin	ampicillin	<=	1.0	mg/L		CLSI	Broth dilution	bv_brc_genome_amr	high
27381390	CVM N40386	SAMN02699316	BioSample	Salmonella enterica	azithromycin	azithromycin	=	4.0	mg/L		CLSI	Broth dilution	bv_brc_genome_amr	high
27381390	CVM 43835	SAMN02912004	BioSample	Salmonella enterica	ampicillin	ampicillin	<=	1.0	mg/L		CLSI	Broth dilution	bv_brc_genome_amr	high
27381390	CVM 43751	SAMN02911920	BioSample	Salmonella enterica	ampicillin	ampicillin	<=	1.0	mg/L		CLSI	Broth dilution	bv_brc_genome_amr	high
27381390	CVM 43823	SAMN02911992	BioSample	Salmonella enterica	ciprofloxacin	ciprofloxacin	=	0.5	mg/L		CLSI	Broth dilution	bv_brc_genome_amr	high
27381390	CVM N40408	SAMN02699319	BioSample	Salmonella enterica	ampicillin	ampicillin	>	32.0	mg/L		CLSI	Broth dilution	bv_brc_genome_amr	high
27381390	CVM N45943	SAMN03894177	BioSample	Salmonella enterica	ciprofloxacin	ciprofloxacin	=	0.03	mg/L		CLSI	Broth dilution	bv_brc_genome_amr	high
27381390	CVM N50435	SAMN03894315	BioSample	Salmonella enterica	azithromycin	azithromycin	=	2.0	mg/L		CLSI	Broth dilution	bv_brc_genome_amr	high
27381390	CVM N48690	SAMN03894277	BioSample	Salmonella enterica	amoxicillin-clavulanic_acid	amoxicillin/clavulanic acid	<=	1.0	mg/L		CLSI	Broth dilution	bv_brc_genome_amr	high
27381390	CVM N45407	SAMN03894152	BioSample	Salmonella enterica	ciprofloxacin	ciprofloxacin	=	0.03	mg/L		CLSI	Broth dilution	bv_brc_genome_amr	high
27381390	CVM N31395	SAMN02699233	BioSample	Salmonella enterica	ceftriaxone	ceftriaxone	=	32.0	mg/L		CLSI	Broth dilution	bv_brc_genome_amr	high
27381390	CVM N46861	SAMN03894240	BioSample	Salmonella enterica	azithromycin	azithromycin	=	4.0	mg/L		CLSI	Broth dilution	bv_brc_genome_amr	high
27381390	CVM N29315	SAMN02699191	BioSample	Salmonella enterica	ciprofloxacin	ciprofloxacin	<=	0.015	mg/L		CLSI	Broth dilution	bv_brc_genome_amr	high
27381390	CVM 43818	SAMN02911987	BioSample	Salmonella enterica	azithromycin	azithromycin	=	4.0	mg/L		CLSI	Broth dilution	bv_brc_genome_amr	high
27381390	CVM N45949	SAMN03894180	BioSample	Salmonella enterica	azithromycin	azithromycin	=	8.0	mg/L		CLSI	Broth dilution	bv_brc_genome_amr	high
27381390	CVM 43755	SAMN02911924	BioSample	Salmonella enterica	amoxicillin-clavulanic_acid	amoxicillin/clavulanic acid	=	8.0	mg/L		CLSI	Broth dilution	bv_brc_genome_amr	high
27381390	CVM 43835	SAMN02912004	BioSample	Salmonella enterica	ciprofloxacin	ciprofloxacin	<=	0.015	mg/L		CLSI	Broth dilution	bv_brc_genome_amr	high
27381390	CVM N32048	SAMN02699248	BioSample	Salmonella enterica	ampicillin	ampicillin	>	32.0	mg/L		CLSI	Broth dilution	bv_brc_genome_amr	high
27381390	CVM N37931	SAMN02699269	BioSample	Salmonella enterica	ampicillin	ampicillin	<=	1.0	mg/L		CLSI	Broth dilution	bv_brc_genome_amr	high
27381390	CVM 43761	SAMN02911930	BioSample	Salmonella enterica	azithromycin	azithromycin	=	4.0	mg/L		CLSI	Broth dilution	bv_brc_genome_amr	high
27381390	CVM N29383	SAMN02699211	BioSample	Salmonella enterica	ceftriaxone	ceftriaxone	<=	0.25	mg/L		CLSI	Broth dilution	bv_brc_genome_amr	high
27381390	CVM N38873	SAMN02699289	BioSample	Salmonella enterica	ciprofloxacin	ciprofloxacin	<=	0.015	mg/L		CLSI	Broth dilution	bv_brc_genome_amr	high
27381390	CVM N46851	SAMN03894230	BioSample	Salmonella enterica	amoxicillin-clavulanic_acid	amoxicillin/clavulanic acid	<=	1.0	mg/L		CLSI	Broth dilution	bv_brc_genome_amr	high
27381390	CVM N43449	SAMN03894058	BioSample	Salmonella enterica	amoxicillin-clavulanic_acid	amoxicillin/clavulanic acid	<=	1.0	mg/L		CLSI	Broth dilution	bv_brc_genome_amr	high
27381390	CVM N38914	SAMN02699301	BioSample	Salmonella enterica	ampicillin	ampicillin	<=	1.0	mg/L		CLSI	Broth dilution	bv_brc_genome_amr	high
27381390	CVM N51241	SAMN03894332	BioSample	Salmonella enterica	ceftriaxone	ceftriaxone	<=	0.25	mg/L		CLSI	Broth dilution	bv_brc_genome_amr	high
27381390	CVM 43788	SAMN02911957	BioSample	Salmonella enterica	amoxicillin-clavulanic_acid	amoxicillin/clavulanic acid	=	32.0	mg/L		CLSI	Broth dilution	bv_brc_genome_amr	high
27381390	CVM N30685	SAMN02699224	BioSample	Salmonella enterica	ceftriaxone	ceftriaxone	=	16.0	mg/L		CLSI	Broth dilution	bv_brc_genome_amr	high
27381390	CVM N51308	SAMN03894399	BioSample	Salmonella enterica	ceftriaxone	ceftriaxone	<=	0.25	mg/L		CLSI	Broth dilution	bv_brc_genome_amr	high
27381390	CVM N43820	SAMN03894092	BioSample	Salmonella enterica	ceftriaxone	ceftriaxone	<=	0.25	mg/L		CLSI	Broth dilution	bv_brc_genome_amr	high
27381390	CVM N51278	SAMN03894369	BioSample	Salmonella enterica	amoxicillin-clavulanic_acid	amoxicillin/clavulanic acid	<=	1.0	mg/L		CLSI	Broth dilution	bv_brc_genome_amr	high
27381390	CVM N51268	SAMN03894359	BioSample	Salmonella enterica	ceftriaxone	ceftriaxone	=	8.0	mg/L		CLSI	Broth dilution	bv_brc_genome_amr	high
27381390	CVM N50440	SAMN03894320	BioSample	Salmonella enterica	azithromycin	azithromycin	=	4.0	mg/L		CLSI	Broth dilution	bv_brc_genome_amr	high
27381390	CVM N44700	SAMN03894117	BioSample	Salmonella enterica	ciprofloxacin	ciprofloxacin	<=	0.015	mg/L		CLSI	Broth dilution	bv_brc_genome_amr	high
27381390	CVM N50420	SAMN03894300	BioSample	Salmonella enterica	azithromycin	azithromycin	=	2.0	mg/L		CLSI	Broth dilution	bv_brc_genome_amr	high
27381390	CVM N31415	SAMN02699241	BioSample	Salmonella enterica	ciprofloxacin	ciprofloxacin	<=	0.015	mg/L		CLSI	Broth dilution	bv_brc_genome_amr	high
27381390	CVM N45390	SAMN03894135	BioSample	Salmonella enterica	ciprofloxacin	ciprofloxacin	<=	0.015	mg/L		CLSI	Broth dilution	bv_brc_genome_amr	high
27381390	CVM N51308	SAMN03894399	BioSample	Salmonella enterica	ciprofloxacin	ciprofloxacin	<=	0.015	mg/L		CLSI	Broth dilution	bv_brc_genome_amr	high
27381390	CVM N48699	SAMN03894286	BioSample	Salmonella enterica	ampicillin	ampicillin	>	32.0	mg/L		CLSI	Broth dilution	bv_brc_genome_amr	high
27381390	CVM N51251	SAMN03894342	BioSample	Salmonella enterica	amoxicillin-clavulanic_acid	amoxicillin/clavulanic acid	>	32.0	mg/L		CLSI	Broth dilution	bv_brc_genome_amr	high
27381390	CVM N46850	SAMN03894229	BioSample	Salmonella enterica	ciprofloxacin	ciprofloxacin	<=	0.015	mg/L		CLSI	Broth dilution	bv_brc_genome_amr	high
27381390	CVM N38234	SAMN02699275	BioSample	Salmonella enterica	amoxicillin-clavulanic_acid	amoxicillin/clavulanic acid	=	32.0	mg/L		CLSI	Broth dilution	bv_brc_genome_amr	high
27381390	CVM N37917	SAMN02699266	BioSample	Salmonella enterica	amoxicillin-clavulanic_acid	amoxicillin/clavulanic acid	=	4.0	mg/L		CLSI	Broth dilution	bv_brc_genome_amr	high
27381390	CVM N39863	SAMN02699308	BioSample	Salmonella enterica	amoxicillin-clavulanic_acid	amoxicillin/clavulanic acid	=	32.0	mg/L		CLSI	Broth dilution	bv_brc_genome_amr	high
27381390	CVM 43833	SAMN02912002	BioSample	Salmonella enterica	ampicillin	ampicillin	>	32.0	mg/L		CLSI	Broth dilution	bv_brc_genome_amr	high
27381390	CVM N51278	SAMN03894369	BioSample	Salmonella enterica	ciprofloxacin	ciprofloxacin	<=	0.015	mg/L		CLSI	Broth dilution	bv_brc_genome_amr	high
27381390	CVM N48694	SAMN03894281	BioSample	Salmonella enterica	amoxicillin-clavulanic_acid	amoxicillin/clavulanic acid	<=	1.0	mg/L		CLSI	Broth dilution	bv_brc_genome_amr	high
27381390	CVM 43819	SAMN02911988	BioSample	Salmonella enterica	azithromycin	azithromycin	=	4.0	mg/L		CLSI	Broth dilution	bv_brc_genome_amr	high
27381390	CVM N29377	SAMN02699207	BioSample	Salmonella enterica	azithromycin	azithromycin	=	4.0	mg/L		CLSI	Broth dilution	bv_brc_genome_amr	high
27381390	CVM N43450	SAMN03894059	BioSample	Salmonella enterica	azithromycin	azithromycin	=	4.0	mg/L		CLSI	Broth dilution	bv_brc_genome_amr	high
27381390	CVM N38868	SAMN02699286	BioSample	Salmonella enterica	ciprofloxacin	ciprofloxacin	<=	0.015	mg/L		CLSI	Broth dilution	bv_brc_genome_amr	high
27381390	CVM N42487	SAMN02699356	BioSample	Salmonella enterica	ciprofloxacin	ciprofloxacin	<=	0.015	mg/L		CLSI	Broth dilution	bv_brc_genome_amr	high
27381390	CVM N47719	SAMN03894249	BioSample	Salmonella enterica	azithromycin	azithromycin	=	4.0	mg/L		CLSI	Broth dilution	bv_brc_genome_amr	high
27381390	CVM N51250	SAMN03894341	BioSample	Salmonella enterica	ceftriaxone	ceftriaxone	<=	0.25	mg/L		CLSI	Broth dilution	bv_brc_genome_amr	high
27381390	CVM N51297	SAMN03894388	BioSample	Salmonella enterica	ciprofloxacin	ciprofloxacin	<=	0.015	mg/L		CLSI	Broth dilution	bv_brc_genome_amr	high
27381390	CVM N45928	SAMN03894162	BioSample	Salmonella enterica	ceftriaxone	ceftriaxone	<=	0.25	mg/L		CLSI	Broth dilution	bv_brc_genome_amr	high
27381390	CVM 43825	SAMN02911994	BioSample	Salmonella enterica	azithromycin	azithromycin	=	4.0	mg/L		CLSI	Broth dilution	bv_brc_genome_amr	high
27381390	CVM N29369	SAMN02699206	BioSample	Salmonella enterica	ceftriaxone	ceftriaxone	<=	0.25	mg/L		CLSI	Broth dilution	bv_brc_genome_amr	high
27381390	CVM 43781	SAMN02911950	BioSample	Salmonella enterica	amoxicillin-clavulanic_acid	amoxicillin/clavulanic acid	<=	1.0	mg/L		CLSI	Broth dilution	bv_brc_genome_amr	high
27381390	CVM N29363	SAMN02699204	BioSample	Salmonella enterica	ciprofloxacin	ciprofloxacin	<=	0.015	mg/L		CLSI	Broth dilution	bv_brc_genome_amr	high
27381390	CVM N42518	SAMN02699363	BioSample	Salmonella enterica	ampicillin	ampicillin	<=	1.0	mg/L		CLSI	Broth dilution	bv_brc_genome_amr	high
27381390	CVM N42528	SAMN02699365	BioSample	Salmonella enterica	amoxicillin-clavulanic_acid	amoxicillin/clavulanic acid	<=	1.0	mg/L		CLSI	Broth dilution	bv_brc_genome_amr	high
27381390	CVM N45395	SAMN03894140	BioSample	Salmonella enterica	ceftriaxone	ceftriaxone	<=	0.25	mg/L		CLSI	Broth dilution	bv_brc_genome_amr	high
27381390	CVM N42237	SAMN02699339	BioSample	Salmonella enterica	ceftriaxone	ceftriaxone	=	32.0	mg/L		CLSI	Broth dilution	bv_brc_genome_amr	high
27381390	CVM N38874	SAMN02699290	BioSample	Salmonella enterica	amoxicillin-clavulanic_acid	amoxicillin/clavulanic acid	<=	1.0	mg/L		CLSI	Broth dilution	bv_brc_genome_amr	high
27381390	CVM N51272	SAMN03894363	BioSample	Salmonella enterica	ampicillin	ampicillin	>	32.0	mg/L		CLSI	Broth dilution	bv_brc_genome_amr	high
27381390	CVM N45953	SAMN03894184	BioSample	Salmonella enterica	ampicillin	ampicillin	>	32.0	mg/L		CLSI	Broth dilution	bv_brc_genome_amr	high
27381390	CVM N43826	SAMN03894098	BioSample	Salmonella enterica	ceftriaxone	ceftriaxone	<=	0.25	mg/L		CLSI	Broth dilution	bv_brc_genome_amr	high
27381390	CVM N43832	SAMN03894104	BioSample	Salmonella enterica	amoxicillin-clavulanic_acid	amoxicillin/clavulanic acid	>	32.0	mg/L		CLSI	Broth dilution	bv_brc_genome_amr	high
27381390	CVM 43805	SAMN02911974	BioSample	Salmonella enterica	ampicillin	ampicillin	>	32.0	mg/L		CLSI	Broth dilution	bv_brc_genome_amr	high
27381390	CVM N47729	SAMN03894259	BioSample	Salmonella enterica	amoxicillin-clavulanic_acid	amoxicillin/clavulanic acid	<=	1.0	mg/L		CLSI	Broth dilution	bv_brc_genome_amr	high
27381390	CVM N43827	SAMN03894099	BioSample	Salmonella enterica	ampicillin	ampicillin	<=	1.0	mg/L		CLSI	Broth dilution	bv_brc_genome_amr	high
27381390	CVM 43754	SAMN02911923	BioSample	Salmonella enterica	ciprofloxacin	ciprofloxacin	<=	0.015	mg/L		CLSI	Broth dilution	bv_brc_genome_amr	high
27381390	CVM N47730	SAMN03894260	BioSample	Salmonella enterica	ciprofloxacin	ciprofloxacin	<=	0.015	mg/L		CLSI	Broth dilution	bv_brc_genome_amr	high
27381390	CVM 43746	SAMN02911915	BioSample	Salmonella enterica	ampicillin	ampicillin	>	32.0	mg/L		CLSI	Broth dilution	bv_brc_genome_amr	high
27381390	CVM N32048	SAMN02699248	BioSample	Salmonella enterica	amoxicillin-clavulanic_acid	amoxicillin/clavulanic acid	=	8.0	mg/L		CLSI	Broth dilution	bv_brc_genome_amr	high
27381390	CVM N45930	SAMN03894164	BioSample	Salmonella enterica	ciprofloxacin	ciprofloxacin	<=	0.015	mg/L		CLSI	Broth dilution	bv_brc_genome_amr	high
27381390	CVM 43764	SAMN02911933	BioSample	Salmonella enterica	ceftriaxone	ceftriaxone	=	16.0	mg/L		CLSI	Broth dilution	bv_brc_genome_amr	high
27381390	CVM N40368	SAMN02699311	BioSample	Salmonella enterica	ampicillin	ampicillin	>	32.0	mg/L		CLSI	Broth dilution	bv_brc_genome_amr	high
27381390	CVM N38894	SAMN02699297	BioSample	Salmonella enterica	ceftriaxone	ceftriaxone	<=	0.25	mg/L		CLSI	Broth dilution	bv_brc_genome_amr	high
27381390	CVM 43778	SAMN02911947	BioSample	Salmonella enterica	azithromycin	azithromycin	=	2.0	mg/L		CLSI	Broth dilution	bv_brc_genome_amr	high
27381390	CVM N45945	SAMN03894179	BioSample	Salmonella enterica	amoxicillin-clavulanic_acid	amoxicillin/clavulanic acid	<=	1.0	mg/L		CLSI	Broth dilution	bv_brc_genome_amr	high
27381390	CVM N51283	SAMN03894374	BioSample	Salmonella enterica	ciprofloxacin	ciprofloxacin	<=	0.015	mg/L		CLSI	Broth dilution	bv_brc_genome_amr	high
27381390	CVM N29338	SAMN02699195	BioSample	Salmonella enterica	ceftriaxone	ceftriaxone	<=	0.25	mg/L		CLSI	Broth dilution	bv_brc_genome_amr	high
27381390	CVM N46837	SAMN03894216	BioSample	Salmonella enterica	amoxicillin-clavulanic_acid	amoxicillin/clavulanic acid	<=	1.0	mg/L		CLSI	Broth dilution	bv_brc_genome_amr	high
27381390	CVM 43820	SAMN02911989	BioSample	Salmonella enterica	ciprofloxacin	ciprofloxacin	<=	0.015	mg/L		CLSI	Broth dilution	bv_brc_genome_amr	high
27381390	CVM N51315	SAMN03894406	BioSample	Salmonella enterica	amoxicillin-clavulanic_acid	amoxicillin/clavulanic acid	<=	1.0	mg/L		CLSI	Broth dilution	bv_brc_genome_amr	high
27381390	CVM N30673	SAMN02699220	BioSample	Salmonella enterica	ciprofloxacin	ciprofloxacin	<=	0.015	mg/L		CLSI	Broth dilution	bv_brc_genome_amr	high
27381390	CVM N51981	SAMN03894407	BioSample	Salmonella enterica	azithromycin	azithromycin	=	2.0	mg/L		CLSI	Broth dilution	bv_brc_genome_amr	high
27381390	CVM N51305	SAMN03894396	BioSample	Salmonella enterica	ceftriaxone	ceftriaxone	<=	0.25	mg/L		CLSI	Broth dilution	bv_brc_genome_amr	high
27381390	CVM N38236	SAMN02699276	BioSample	Salmonella enterica	ampicillin	ampicillin	<=	1.0	mg/L		CLSI	Broth dilution	bv_brc_genome_amr	high
27381390	CVM N41895	SAMN02699329	BioSample	Salmonella enterica	amoxicillin-clavulanic_acid	amoxicillin/clavulanic acid	>	32.0	mg/L		CLSI	Broth dilution	bv_brc_genome_amr	high
27381390	CVM N51304	SAMN03894395	BioSample	Salmonella enterica	ceftriaxone	ceftriaxone	<=	0.25	mg/L		CLSI	Broth dilution	bv_brc_genome_amr	high
27381390	CVM N51291	SAMN03894382	BioSample	Salmonella enterica	ciprofloxacin	ciprofloxacin	<=	0.015	mg/L		CLSI	Broth dilution	bv_brc_genome_amr	high
27381390	CVM N46815	SAMN03894195	BioSample	Salmonella enterica	ampicillin	ampicillin	<=	1.0	mg/L		CLSI	Broth dilution	bv_brc_genome_amr	high
27381390	CVM N48691	SAMN03894278	BioSample	Salmonella enterica	ceftriaxone	ceftriaxone	<=	0.25	mg/L		CLSI	Broth dilution	bv_brc_genome_amr	high
27381390	CVM 43809	SAMN02911978	BioSample	Salmonella enterica	ciprofloxacin	ciprofloxacin	<=	0.015	mg/L		CLSI	Broth dilution	bv_brc_genome_amr	high
27381390	CVM N30645	SAMN02699214	BioSample	Salmonella enterica	ampicillin	ampicillin	<=	1.0	mg/L		CLSI	Broth dilution	bv_brc_genome_amr	high
27381390	CVM 43780	SAMN02911949	BioSample	Salmonella enterica	ampicillin	ampicillin	>	32.0	mg/L		CLSI	Broth dilution	bv_brc_genome_amr	high
27381390	CVM 43770	SAMN02911939	BioSample	Salmonella enterica	ciprofloxacin	ciprofloxacin	=	0.25	mg/L		CLSI	Broth dilution	bv_brc_genome_amr	high
27381390	CVM N45928	SAMN03894162	BioSample	Salmonella enterica	ampicillin	ampicillin	<=	1.0	mg/L		CLSI	Broth dilution	bv_brc_genome_amr	high
27381390	CVM 43821	SAMN02911990	BioSample	Salmonella enterica	ciprofloxacin	ciprofloxacin	<=	0.015	mg/L		CLSI	Broth dilution	bv_brc_genome_amr	high
27381390	CVM 43839	SAMN02912008	BioSample	Salmonella enterica	ceftriaxone	ceftriaxone	<=	0.25	mg/L		CLSI	Broth dilution	bv_brc_genome_amr	high
27381390	CVM N48699	SAMN03894286	BioSample	Salmonella enterica	amoxicillin-clavulanic_acid	amoxicillin/clavulanic acid	=	4.0	mg/L		CLSI	Broth dilution	bv_brc_genome_amr	high
27381390	CVM N46852	SAMN03894231	BioSample	Salmonella enterica	azithromycin	azithromycin	=	2.0	mg/L		CLSI	Broth dilution	bv_brc_genome_amr	high
27381390	CVM 43775	SAMN02911944	BioSample	Salmonella enterica	amoxicillin-clavulanic_acid	amoxicillin/clavulanic acid	=	16.0	mg/L		CLSI	Broth dilution	bv_brc_genome_amr	high
27381390	CVM N50450	SAMN03894330	BioSample	Salmonella enterica	amoxicillin-clavulanic_acid	amoxicillin/clavulanic acid	<=	1.0	mg/L		CLSI	Broth dilution	bv_brc_genome_amr	high
27381390	CVM N30673	SAMN02699220	BioSample	Salmonella enterica	amoxicillin-clavulanic_acid	amoxicillin/clavulanic acid	=	16.0	mg/L		CLSI	Broth dilution	bv_brc_genome_amr	high
27381390	CVM N42521	SAMN02699364	BioSample	Salmonella enterica	ceftriaxone	ceftriaxone	<=	0.25	mg/L		CLSI	Broth dilution	bv_brc_genome_amr	high
27381390	CVM N45958	SAMN03894189	BioSample	Salmonella enterica	ampicillin	ampicillin	<=	1.0	mg/L		CLSI	Broth dilution	bv_brc_genome_amr	high
27381390	CVM N42468	SAMN02699348	BioSample	Salmonella enterica	amoxicillin-clavulanic_acid	amoxicillin/clavulanic acid	=	16.0	mg/L		CLSI	Broth dilution	bv_brc_genome_amr	high
27381390	CVM N43831	SAMN03894103	BioSample	Salmonella enterica	ampicillin	ampicillin	>	32.0	mg/L		CLSI	Broth dilution	bv_brc_genome_amr	high
27381390	CVM N43467	SAMN03894076	BioSample	Salmonella enterica	amoxicillin-clavulanic_acid	amoxicillin/clavulanic acid	<=	1.0	mg/L		CLSI	Broth dilution	bv_brc_genome_amr	high
27381390	CVM N45952	SAMN03894183	BioSample	Salmonella enterica	ceftriaxone	ceftriaxone	<=	0.25	mg/L		CLSI	Broth dilution	bv_brc_genome_amr	high
27381390	CVM 43770	SAMN02911939	BioSample	Salmonella enterica	amoxicillin-clavulanic_acid	amoxicillin/clavulanic acid	<=	1.0	mg/L		CLSI	Broth dilution	bv_brc_genome_amr	high
27381390	CVM N44701	SAMN03894118	BioSample	Salmonella enterica	amoxicillin-clavulanic_acid	amoxicillin/clavulanic acid	<=	1.0	mg/L		CLSI	Broth dilution	bv_brc_genome_amr	high
27381390	CVM N43464	SAMN03894073	BioSample	Salmonella enterica	ciprofloxacin	ciprofloxacin	<=	0.015	mg/L		CLSI	Broth dilution	bv_brc_genome_amr	high
27381390	CVM N42450	SAMN02699343	BioSample	Salmonella enterica	ceftriaxone	ceftriaxone	<=	0.25	mg/L		CLSI	Broth dilution	bv_brc_genome_amr	high
27381390	CVM 43818	SAMN02911987	BioSample	Salmonella enterica	ceftriaxone	ceftriaxone	=	64.0	mg/L		CLSI	Broth dilution	bv_brc_genome_amr	high
27381390	CVM N42500	SAMN02699358	BioSample	Salmonella enterica	amoxicillin-clavulanic_acid	amoxicillin/clavulanic acid	>	32.0	mg/L		CLSI	Broth dilution	bv_brc_genome_amr	high
27381390	CVM N46839	SAMN03894218	BioSample	Salmonella enterica	azithromycin	azithromycin	=	4.0	mg/L		CLSI	Broth dilution	bv_brc_genome_amr	high
27381390	CVM N47715	SAMN03894245	BioSample	Salmonella enterica	ceftriaxone	ceftriaxone	<=	0.25	mg/L		CLSI	Broth dilution	bv_brc_genome_amr	high
27381390	CVM 43766	SAMN02911935	BioSample	Salmonella enterica	ciprofloxacin	ciprofloxacin	<=	0.015	mg/L		CLSI	Broth dilution	bv_brc_genome_amr	high
27381390	CVM N46836	SAMN03894215	BioSample	Salmonella enterica	ciprofloxacin	ciprofloxacin	<=	0.015	mg/L		CLSI	Broth dilution	bv_brc_genome_amr	high
27381390	CVM N45954	SAMN03894185	BioSample	Salmonella enterica	ceftriaxone	ceftriaxone	<=	0.25	mg/L		CLSI	Broth dilution	bv_brc_genome_amr	high
27381390	CVM N37918	SAMN02699267	BioSample	Salmonella enterica	ceftriaxone	ceftriaxone	<=	0.25	mg/L		CLSI	Broth dilution	bv_brc_genome_amr	high
27381390	CVM N46853	SAMN03894232	BioSample	Salmonella enterica	ampicillin	ampicillin	>	32.0	mg/L		CLSI	Broth dilution	bv_brc_genome_amr	high
27381390	CVM N48686	SAMN03894273	BioSample	Salmonella enterica	amoxicillin-clavulanic_acid	amoxicillin/clavulanic acid	<=	1.0	mg/L		CLSI	Broth dilution	bv_brc_genome_amr	high
27381390	CVM N47715	SAMN03894245	BioSample	Salmonella enterica	azithromycin	azithromycin	=	4.0	mg/L		CLSI	Broth dilution	bv_brc_genome_amr	high
27381390	CVM N45925	SAMN03894159	BioSample	Salmonella enterica	ciprofloxacin	ciprofloxacin	<=	0.015	mg/L		CLSI	Broth dilution	bv_brc_genome_amr	high
27381390	CVM N43456	SAMN03894065	BioSample	Salmonella enterica	amoxicillin-clavulanic_acid	amoxicillin/clavulanic acid	=	8.0	mg/L		CLSI	Broth dilution	bv_brc_genome_amr	high
27381390	CVM N50433	SAMN03894313	BioSample	Salmonella enterica	ceftriaxone	ceftriaxone	<=	0.25	mg/L		CLSI	Broth dilution	bv_brc_genome_amr	high
27381390	CVM 43846	SAMN02912015	BioSample	Salmonella enterica	azithromycin	azithromycin	=	4.0	mg/L		CLSI	Broth dilution	bv_brc_genome_amr	high
27381390	CVM N45954	SAMN03894185	BioSample	Salmonella enterica	azithromycin	azithromycin	=	8.0	mg/L		CLSI	Broth dilution	bv_brc_genome_amr	high
27381390	CVM N45924	SAMN03894158	BioSample	Salmonella enterica	ciprofloxacin	ciprofloxacin	<=	0.015	mg/L		CLSI	Broth dilution	bv_brc_genome_amr	high
27381390	CVM N30671	SAMN02699219	BioSample	Salmonella enterica	ceftriaxone	ceftriaxone	=	16.0	mg/L		CLSI	Broth dilution	bv_brc_genome_amr	high
27381390	CVM N44699	SAMN03894116	BioSample	Salmonella enterica	ampicillin	ampicillin	=	2.0	mg/L		CLSI	Broth dilution	bv_brc_genome_amr	high
27381390	CVM N45408	SAMN03894153	BioSample	Salmonella enterica	ampicillin	ampicillin	>	32.0	mg/L		CLSI	Broth dilution	bv_brc_genome_amr	high
27381390	CVM N46825	SAMN03894204	BioSample	Salmonella enterica	ceftriaxone	ceftriaxone	<=	0.25	mg/L		CLSI	Broth dilution	bv_brc_genome_amr	high
27381390	CVM N50450	SAMN03894330	BioSample	Salmonella enterica	ampicillin	ampicillin	<=	1.0	mg/L		CLSI	Broth dilution	bv_brc_genome_amr	high
27381390	CVM N31411	SAMN02699238	BioSample	Salmonella enterica	amoxicillin-clavulanic_acid	amoxicillin/clavulanic acid	<=	1.0	mg/L		CLSI	Broth dilution	bv_brc_genome_amr	high
27381390	CVM N50443	SAMN03894323	BioSample	Salmonella enterica	ceftriaxone	ceftriaxone	=	32.0	mg/L		CLSI	Broth dilution	bv_brc_genome_amr	high
27381390	CVM N48686	SAMN03894273	BioSample	Salmonella enterica	ciprofloxacin	ciprofloxacin	<=	0.015	mg/L		CLSI	Broth dilution	bv_brc_genome_amr	high
27381390	CVM N44704	SAMN03894121	BioSample	Salmonella enterica	ciprofloxacin	ciprofloxacin	<=	0.015	mg/L		CLSI	Broth dilution	bv_brc_genome_amr	high
27381390	CVM N31410	SAMN02699237	BioSample	Salmonella enterica	ampicillin	ampicillin	=	2.0	mg/L		CLSI	Broth dilution	bv_brc_genome_amr	high
27381390	CVM N43455	SAMN03894064	BioSample	Salmonella enterica	ciprofloxacin	ciprofloxacin	=	0.03	mg/L		CLSI	Broth dilution	bv_brc_genome_amr	high
27381390	CVM N43480	SAMN03894089	BioSample	Salmonella enterica	amoxicillin-clavulanic_acid	amoxicillin/clavulanic acid	=	8.0	mg/L		CLSI	Broth dilution	bv_brc_genome_amr	high
27381390	CVM N32055	SAMN02699252	BioSample	Salmonella enterica	ampicillin	ampicillin	<=	1.0	mg/L		CLSI	Broth dilution	bv_brc_genome_amr	high
27381390	CVM N29363	SAMN02699204	BioSample	Salmonella enterica	azithromycin	azithromycin	=	4.0	mg/L		CLSI	Broth dilution	bv_brc_genome_amr	high
27381390	CVM N48700	SAMN03894287	BioSample	Salmonella enterica	azithromycin	azithromycin	=	4.0	mg/L		CLSI	Broth dilution	bv_brc_genome_amr	high
27381390	CVM N43831	SAMN03894103	BioSample	Salmonella enterica	amoxicillin-clavulanic_acid	amoxicillin/clavulanic acid	=	8.0	mg/L		CLSI	Broth dilution	bv_brc_genome_amr	high
27381390	CVM N46850	SAMN03894229	BioSample	Salmonella enterica	ampicillin	ampicillin	<=	1.0	mg/L		CLSI	Broth dilution	bv_brc_genome_amr	high
27381390	CVM N46849	SAMN03894228	BioSample	Salmonella enterica	amoxicillin-clavulanic_acid	amoxicillin/clavulanic acid	<=	1.0	mg/L		CLSI	Broth dilution	bv_brc_genome_amr	high
27381390	CVM 43750	SAMN02911919	BioSample	Salmonella enterica	ampicillin	ampicillin	<=	1.0	mg/L		CLSI	Broth dilution	bv_brc_genome_amr	high
27381390	CVM 43818	SAMN02911987	BioSample	Salmonella enterica	amoxicillin-clavulanic_acid	amoxicillin/clavulanic acid	>	32.0	mg/L		CLSI	Broth dilution	bv_brc_genome_amr	high
27381390	CVM N43828	SAMN03894100	BioSample	Salmonella enterica	ciprofloxacin	ciprofloxacin	<=	0.015	mg/L		CLSI	Broth dilution	bv_brc_genome_amr	high
27381390	CVM N32773	SAMN02699260	BioSample	Salmonella enterica	ciprofloxacin	ciprofloxacin	<=	0.015	mg/L		CLSI	Broth dilution	bv_brc_genome_amr	high
27381390	CVM N43824	SAMN03894096	BioSample	Salmonella enterica	amoxicillin-clavulanic_acid	amoxicillin/clavulanic acid	<=	1.0	mg/L		CLSI	Broth dilution	bv_brc_genome_amr	high
27381390	CVM N47726	SAMN03894256	BioSample	Salmonella enterica	azithromycin	azithromycin	=	8.0	mg/L		CLSI	Broth dilution	bv_brc_genome_amr	high
27381390	CVM 43784	SAMN02911953	BioSample	Salmonella enterica	amoxicillin-clavulanic_acid	amoxicillin/clavulanic acid	=	8.0	mg/L		CLSI	Broth dilution	bv_brc_genome_amr	high
27381390	CVM N51311	SAMN03894402	BioSample	Salmonella enterica	azithromycin	azithromycin	=	8.0	mg/L		CLSI	Broth dilution	bv_brc_genome_amr	high
27381390	CVM N51253	SAMN03894344	BioSample	Salmonella enterica	ceftriaxone	ceftriaxone	=	32.0	mg/L		CLSI	Broth dilution	bv_brc_genome_amr	high
27381390	CVM 43846	SAMN02912015	BioSample	Salmonella enterica	ceftriaxone	ceftriaxone	<=	0.25	mg/L		CLSI	Broth dilution	bv_brc_genome_amr	high
27381390	CVM N48708	SAMN03894295	BioSample	Salmonella enterica	azithromycin	azithromycin	=	4.0	mg/L		CLSI	Broth dilution	bv_brc_genome_amr	high
27381390	CVM N38885	SAMN02699293	BioSample	Salmonella enterica	amoxicillin-clavulanic_acid	amoxicillin/clavulanic acid	<=	1.0	mg/L		CLSI	Broth dilution	bv_brc_genome_amr	high
27381390	CVM N46817	SAMN03894196	BioSample	Salmonella enterica	azithromycin	azithromycin	=	4.0	mg/L		CLSI	Broth dilution	bv_brc_genome_amr	high
27381390	CVM 43814	SAMN02911983	BioSample	Salmonella enterica	azithromycin	azithromycin	=	4.0	mg/L		CLSI	Broth dilution	bv_brc_genome_amr	high
27381390	CVM N45939	SAMN03894173	BioSample	Salmonella enterica	ceftriaxone	ceftriaxone	<=	0.25	mg/L		CLSI	Broth dilution	bv_brc_genome_amr	high
27381390	CVM N45932	SAMN03894166	BioSample	Salmonella enterica	ampicillin	ampicillin	>	32.0	mg/L		CLSI	Broth dilution	bv_brc_genome_amr	high
27381390	CVM N46826	SAMN03894205	BioSample	Salmonella enterica	ampicillin	ampicillin	>	32.0	mg/L		CLSI	Broth dilution	bv_brc_genome_amr	high
27381390	CVM N51269	SAMN03894360	BioSample	Salmonella enterica	azithromycin	azithromycin	=	4.0	mg/L		CLSI	Broth dilution	bv_brc_genome_amr	high
27381390	CVM 43777	SAMN02911946	BioSample	Salmonella enterica	ceftriaxone	ceftriaxone	<=	0.25	mg/L		CLSI	Broth dilution	bv_brc_genome_amr	high
27381390	CVM N30685	SAMN02699224	BioSample	Salmonella enterica	ampicillin	ampicillin	>	32.0	mg/L		CLSI	Broth dilution	bv_brc_genome_amr	high
27381390	CVM N44707	SAMN03894124	BioSample	Salmonella enterica	azithromycin	azithromycin	=	4.0	mg/L		CLSI	Broth dilution	bv_brc_genome_amr	high
27381390	CVM N42477	SAMN02699352	BioSample	Salmonella enterica	azithromycin	azithromycin	=	4.0	mg/L		CLSI	Broth dilution	bv_brc_genome_amr	high
27381390	CVM N31409	SAMN02699236	BioSample	Salmonella enterica	ceftriaxone	ceftriaxone	=	4.0	mg/L		CLSI	Broth dilution	bv_brc_genome_amr	high
27381390	CVM N50424	SAMN03894304	BioSample	Salmonella enterica	ampicillin	ampicillin	=	2.0	mg/L		CLSI	Broth dilution	bv_brc_genome_amr	high
27381390	CVM N45390	SAMN03894135	BioSample	Salmonella enterica	azithromycin	azithromycin	=	4.0	mg/L		CLSI	Broth dilution	bv_brc_genome_amr	high
27381390	CVM N40387	SAMN02699317	BioSample	Salmonella enterica	ceftriaxone	ceftriaxone	<=	0.25	mg/L		CLSI	Broth dilution	bv_brc_genome_amr	high
27381390	CVM 43841	SAMN02912010	BioSample	Salmonella enterica	amoxicillin-clavulanic_acid	amoxicillin/clavulanic acid	=	16.0	mg/L		CLSI	Broth dilution	bv_brc_genome_amr	high
27381390	CVM N51271	SAMN03894362	BioSample	Salmonella enterica	ceftriaxone	ceftriaxone	=	16.0	mg/L		CLSI	Broth dilution	bv_brc_genome_amr	high
27381390	CVM N44712	SAMN03894129	BioSample	Salmonella enterica	ciprofloxacin	ciprofloxacin	<=	0.015	mg/L		CLSI	Broth dilution	bv_brc_genome_amr	high
27381390	CVM 43837	SAMN02912006	BioSample	Salmonella enterica	amoxicillin-clavulanic_acid	amoxicillin/clavulanic acid	<=	1.0	mg/L		CLSI	Broth dilution	bv_brc_genome_amr	high
27381390	CVM N42508	SAMN02699361	BioSample	Salmonella enterica	ceftriaxone	ceftriaxone	<=	0.25	mg/L		CLSI	Broth dilution	bv_brc_genome_amr	high
27381390	CVM N50449	SAMN03894329	BioSample	Salmonella enterica	amoxicillin-clavulanic_acid	amoxicillin/clavulanic acid	<=	1.0	mg/L		CLSI	Broth dilution	bv_brc_genome_amr	high
27381390	CVM N38870	SAMN02699288	BioSample	Salmonella enterica	azithromycin	azithromycin	=	4.0	mg/L		CLSI	Broth dilution	bv_brc_genome_amr	high
27381390	CVM 43807	SAMN02911976	BioSample	Salmonella enterica	ampicillin	ampicillin	>	32.0	mg/L		CLSI	Broth dilution	bv_brc_genome_amr	high
27381390	CVM N44695	SAMN03894112	BioSample	Salmonella enterica	amoxicillin-clavulanic_acid	amoxicillin/clavulanic acid	<=	1.0	mg/L		CLSI	Broth dilution	bv_brc_genome_amr	high
27381390	CVM N46855	SAMN03894234	BioSample	Salmonella enterica	ampicillin	ampicillin	<=	1.0	mg/L		CLSI	Broth dilution	bv_brc_genome_amr	high
27381390	CVM N51293	SAMN03894384	BioSample	Salmonella enterica	amoxicillin-clavulanic_acid	amoxicillin/clavulanic acid	<=	1.0	mg/L		CLSI	Broth dilution	bv_brc_genome_amr	high
27381390	CVM N29323	SAMN02699194	BioSample	Salmonella enterica	ceftriaxone	ceftriaxone	=	8.0	mg/L		CLSI	Broth dilution	bv_brc_genome_amr	high
27381390	CVM N48678	SAMN03894265	BioSample	Salmonella enterica	amoxicillin-clavulanic_acid	amoxicillin/clavulanic acid	=	8.0	mg/L		CLSI	Broth dilution	bv_brc_genome_amr	high
27381390	CVM N51293	SAMN03894384	BioSample	Salmonella enterica	ampicillin	ampicillin	<=	1.0	mg/L		CLSI	Broth dilution	bv_brc_genome_amr	high
27381390	CVM N51302	SAMN03894393	BioSample	Salmonella enterica	ceftriaxone	ceftriaxone	<=	0.25	mg/L		CLSI	Broth dilution	bv_brc_genome_amr	high
27381390	CVM 43822	SAMN02911991	BioSample	Salmonella enterica	ceftriaxone	ceftriaxone	=	8.0	mg/L		CLSI	Broth dilution	bv_brc_genome_amr	high
27381390	CVM N43458	SAMN03894067	BioSample	Salmonella enterica	ampicillin	ampicillin	<=	1.0	mg/L		CLSI	Broth dilution	bv_brc_genome_amr	high
27381390	CVM N29310	SAMN02699189	BioSample	Salmonella enterica	ampicillin	ampicillin	>	32.0	mg/L		CLSI	Broth dilution	bv_brc_genome_amr	high
27381390	CVM 43828	SAMN02911997	BioSample	Salmonella enterica	azithromycin	azithromycin	=	4.0	mg/L		CLSI	Broth dilution	bv_brc_genome_amr	high
27381390	CVM 43816	SAMN02911985	BioSample	Salmonella enterica	ceftriaxone	ceftriaxone	<=	0.25	mg/L		CLSI	Broth dilution	bv_brc_genome_amr	high
27381390	CVM N42480	SAMN02699354	BioSample	Salmonella enterica	ampicillin	ampicillin	<=	1.0	mg/L		CLSI	Broth dilution	bv_brc_genome_amr	high
27381390	CVM N38861	SAMN02699284	BioSample	Salmonella enterica	ampicillin	ampicillin	<=	1.0	mg/L		CLSI	Broth dilution	bv_brc_genome_amr	high
27381390	CVM N46819	SAMN03894198	BioSample	Salmonella enterica	ampicillin	ampicillin	>	32.0	mg/L		CLSI	Broth dilution	bv_brc_genome_amr	high
27381390	CVM N47727	SAMN03894257	BioSample	Salmonella enterica	ceftriaxone	ceftriaxone	<=	0.25	mg/L		CLSI	Broth dilution	bv_brc_genome_amr	high
27381390	CVM N51287	SAMN03894378	BioSample	Salmonella enterica	ampicillin	ampicillin	>	32.0	mg/L		CLSI	Broth dilution	bv_brc_genome_amr	high
27381390	CVM N51253	SAMN03894344	BioSample	Salmonella enterica	ciprofloxacin	ciprofloxacin	<=	0.015	mg/L		CLSI	Broth dilution	bv_brc_genome_amr	high
27381390	CVM 43756	SAMN02911925	BioSample	Salmonella enterica	ceftriaxone	ceftriaxone	<=	0.25	mg/L		CLSI	Broth dilution	bv_brc_genome_amr	high
27381390	CVM N45403	SAMN03894148	BioSample	Salmonella enterica	amoxicillin-clavulanic_acid	amoxicillin/clavulanic acid	>	32.0	mg/L		CLSI	Broth dilution	bv_brc_genome_amr	high
27381390	CVM N38234	SAMN02699275	BioSample	Salmonella enterica	ampicillin	ampicillin	>	32.0	mg/L		CLSI	Broth dilution	bv_brc_genome_amr	high
27381390	CVM 43808	SAMN02911977	BioSample	Salmonella enterica	ampicillin	ampicillin	<=	1.0	mg/L		CLSI	Broth dilution	bv_brc_genome_amr	high
27381390	CVM N37910	SAMN02699265	BioSample	Salmonella enterica	amoxicillin-clavulanic_acid	amoxicillin/clavulanic acid	<=	1.0	mg/L		CLSI	Broth dilution	bv_brc_genome_amr	high
27381390	CVM N50448	SAMN03894328	BioSample	Salmonella enterica	ceftriaxone	ceftriaxone	<=	0.25	mg/L		CLSI	Broth dilution	bv_brc_genome_amr	high
27381390	CVM N47711	SAMN03894241	BioSample	Salmonella enterica	ciprofloxacin	ciprofloxacin	<=	0.015	mg/L		CLSI	Broth dilution	bv_brc_genome_amr	high
27381390	CVM N29360	SAMN02699202	BioSample	Salmonella enterica	amoxicillin-clavulanic_acid	amoxicillin/clavulanic acid	<=	1.0	mg/L		CLSI	Broth dilution	bv_brc_genome_amr	high
27381390	CVM 43747	SAMN02911916	BioSample	Salmonella enterica	ceftriaxone	ceftriaxone	<=	0.25	mg/L		CLSI	Broth dilution	bv_brc_genome_amr	high
27381390	CVM 43845	SAMN02912014	BioSample	Salmonella enterica	amoxicillin-clavulanic_acid	amoxicillin/clavulanic acid	<=	1.0	mg/L		CLSI	Broth dilution	bv_brc_genome_amr	high
27381390	CVM N43450	SAMN03894059	BioSample	Salmonella enterica	ceftriaxone	ceftriaxone	=	16.0	mg/L		CLSI	Broth dilution	bv_brc_genome_amr	high
27381390	CVM N40925	SAMN02699322	BioSample	Salmonella enterica	azithromycin	azithromycin	=	2.0	mg/L		CLSI	Broth dilution	bv_brc_genome_amr	high
27381390	CVM N48681	SAMN03894268	BioSample	Salmonella enterica	ampicillin	ampicillin	<=	1.0	mg/L		CLSI	Broth dilution	bv_brc_genome_amr	high
27381390	CVM N29338	SAMN02699195	BioSample	Salmonella enterica	ciprofloxacin	ciprofloxacin	<=	0.015	mg/L		CLSI	Broth dilution	bv_brc_genome_amr	high
27381390	CVM 43835	SAMN02912004	BioSample	Salmonella enterica	azithromycin	azithromycin	=	8.0	mg/L		CLSI	Broth dilution	bv_brc_genome_amr	high
27381390	CVM N48702	SAMN03894289	BioSample	Salmonella enterica	azithromycin	azithromycin	=	4.0	mg/L		CLSI	Broth dilution	bv_brc_genome_amr	high
27381390	CVM N51243	SAMN03894334	BioSample	Salmonella enterica	ceftriaxone	ceftriaxone	<=	0.25	mg/L		CLSI	Broth dilution	bv_brc_genome_amr	high
27381390	CVM N42453	SAMN02699345	BioSample	Salmonella enterica	ampicillin	ampicillin	<=	1.0	mg/L		CLSI	Broth dilution	bv_brc_genome_amr	high
27381390	CVM N42521	SAMN02699364	BioSample	Salmonella enterica	azithromycin	azithromycin	=	2.0	mg/L		CLSI	Broth dilution	bv_brc_genome_amr	high
27381390	CVM N44717	SAMN03894134	BioSample	Salmonella enterica	ampicillin	ampicillin	<=	1.0	mg/L		CLSI	Broth dilution	bv_brc_genome_amr	high
27381390	CVM N51245	SAMN03894336	BioSample	Salmonella enterica	ampicillin	ampicillin	<=	1.0	mg/L		CLSI	Broth dilution	bv_brc_genome_amr	high
27381390	CVM 43745	SAMN02911914	BioSample	Salmonella enterica	amoxicillin-clavulanic_acid	amoxicillin/clavulanic acid	=	4.0	mg/L		CLSI	Broth dilution	bv_brc_genome_amr	high
27381390	CVM N43474	SAMN03894083	BioSample	Salmonella enterica	ceftriaxone	ceftriaxone	<=	0.25	mg/L		CLSI	Broth dilution	bv_brc_genome_amr	high
27381390	CVM N32772	SAMN02699259	BioSample	Salmonella enterica	azithromycin	azithromycin	=	4.0	mg/L		CLSI	Broth dilution	bv_brc_genome_amr	high
27381390	CVM N38944	SAMN02699307	BioSample	Salmonella enterica	amoxicillin-clavulanic_acid	amoxicillin/clavulanic acid	<=	1.0	mg/L		CLSI	Broth dilution	bv_brc_genome_amr	high
27381390	CVM 43749	SAMN02911918	BioSample	Salmonella enterica	ciprofloxacin	ciprofloxacin	=	0.25	mg/L		CLSI	Broth dilution	bv_brc_genome_amr	high
27381390	CVM N30679	SAMN02699222	BioSample	Salmonella enterica	ciprofloxacin	ciprofloxacin	<=	0.015	mg/L		CLSI	Broth dilution	bv_brc_genome_amr	high
27381390	CVM N48684	SAMN03894271	BioSample	Salmonella enterica	amoxicillin-clavulanic_acid	amoxicillin/clavulanic acid	<=	1.0	mg/L		CLSI	Broth dilution	bv_brc_genome_amr	high
27381390	CVM N47719	SAMN03894249	BioSample	Salmonella enterica	ciprofloxacin	ciprofloxacin	<=	0.015	mg/L		CLSI	Broth dilution	bv_brc_genome_amr	high
27381390	CVM N46812	SAMN03894192	BioSample	Salmonella enterica	azithromycin	azithromycin	=	4.0	mg/L		CLSI	Broth dilution	bv_brc_genome_amr	high
27381390	CVM N47727	SAMN03894257	BioSample	Salmonella enterica	amoxicillin-clavulanic_acid	amoxicillin/clavulanic acid	=	8.0	mg/L		CLSI	Broth dilution	bv_brc_genome_amr	high
27381390	CVM N38858	SAMN02699282	BioSample	Salmonella enterica	ampicillin	ampicillin	<=	1.0	mg/L		CLSI	Broth dilution	bv_brc_genome_amr	high
27381390	CVM N51279	SAMN03894370	BioSample	Salmonella enterica	ceftriaxone	ceftriaxone	<=	0.25	mg/L		CLSI	Broth dilution	bv_brc_genome_amr	high
27381390	CVM 43775	SAMN02911944	BioSample	Salmonella enterica	azithromycin	azithromycin	=	4.0	mg/L		CLSI	Broth dilution	bv_brc_genome_amr	high
27381390	CVM N45412	SAMN03894157	BioSample	Salmonella enterica	ceftriaxone	ceftriaxone	<=	0.25	mg/L		CLSI	Broth dilution	bv_brc_genome_amr	high
27381390	CVM N38886	SAMN02699294	BioSample	Salmonella enterica	ceftriaxone	ceftriaxone	<=	0.25	mg/L		CLSI	Broth dilution	bv_brc_genome_amr	high
27381390	CVM N45926	SAMN03894160	BioSample	Salmonella enterica	amoxicillin-clavulanic_acid	amoxicillin/clavulanic acid	=	8.0	mg/L		CLSI	Broth dilution	bv_brc_genome_amr	high
27381390	CVM N51260	SAMN03894351	BioSample	Salmonella enterica	ceftriaxone	ceftriaxone	<=	0.25	mg/L		CLSI	Broth dilution	bv_brc_genome_amr	high
27381390	CVM 43833	SAMN02912002	BioSample	Salmonella enterica	ciprofloxacin	ciprofloxacin	<=	0.015	mg/L		CLSI	Broth dilution	bv_brc_genome_amr	high
27381390	CVM 43755	SAMN02911924	BioSample	Salmonella enterica	ciprofloxacin	ciprofloxacin	=	0.12	mg/L		CLSI	Broth dilution	bv_brc_genome_amr	high
27381390	CVM N44704	SAMN03894121	BioSample	Salmonella enterica	amoxicillin-clavulanic_acid	amoxicillin/clavulanic acid	<=	1.0	mg/L		CLSI	Broth dilution	bv_brc_genome_amr	high
27381390	CVM N43241	SAMN02699366	BioSample	Salmonella enterica	ceftriaxone	ceftriaxone	<=	0.25	mg/L		CLSI	Broth dilution	bv_brc_genome_amr	high
27381390	CVM N31593	SAMN02699242	BioSample	Salmonella enterica	ampicillin	ampicillin	<=	1.0	mg/L		CLSI	Broth dilution	bv_brc_genome_amr	high
27381390	CVM N44692	SAMN03894109	BioSample	Salmonella enterica	amoxicillin-clavulanic_acid	amoxicillin/clavulanic acid	<=	1.0	mg/L		CLSI	Broth dilution	bv_brc_genome_amr	high
27381390	CVM 43771	SAMN02911940	BioSample	Salmonella enterica	ampicillin	ampicillin	<=	1.0	mg/L		CLSI	Broth dilution	bv_brc_genome_amr	high
27381390	CVM N45937	SAMN03894171	BioSample	Salmonella enterica	azithromycin	azithromycin	=	2.0	mg/L		CLSI	Broth dilution	bv_brc_genome_amr	high
27381390	CVM N45404	SAMN03894149	BioSample	Salmonella enterica	ampicillin	ampicillin	>	32.0	mg/L		CLSI	Broth dilution	bv_brc_genome_amr	high
27381390	CVM N45956	SAMN03894187	BioSample	Salmonella enterica	ampicillin	ampicillin	<=	1.0	mg/L		CLSI	Broth dilution	bv_brc_genome_amr	high
27381390	CVM N42473	SAMN02699351	BioSample	Salmonella enterica	ciprofloxacin	ciprofloxacin	<=	0.015	mg/L		CLSI	Broth dilution	bv_brc_genome_amr	high
27381390	CVM N46822	SAMN03894201	BioSample	Salmonella enterica	amoxicillin-clavulanic_acid	amoxicillin/clavulanic acid	<=	1.0	mg/L		CLSI	Broth dilution	bv_brc_genome_amr	high
27381390	CVM N46817	SAMN03894196	BioSample	Salmonella enterica	ciprofloxacin	ciprofloxacin	<=	0.015	mg/L		CLSI	Broth dilution	bv_brc_genome_amr	high
27381390	CVM N41734	SAMN02699326	BioSample	Salmonella enterica	ciprofloxacin	ciprofloxacin	<=	0.015	mg/L		CLSI	Broth dilution	bv_brc_genome_amr	high
27381390	CVM N45398	SAMN03894143	BioSample	Salmonella enterica	amoxicillin-clavulanic_acid	amoxicillin/clavulanic acid	<=	1.0	mg/L		CLSI	Broth dilution	bv_brc_genome_amr	high
27381390	CVM N43478	SAMN03894087	BioSample	Salmonella enterica	ceftriaxone	ceftriaxone	<=	0.25	mg/L		CLSI	Broth dilution	bv_brc_genome_amr	high
27381390	CVM N50428	SAMN03894308	BioSample	Salmonella enterica	ceftriaxone	ceftriaxone	<=	0.25	mg/L		CLSI	Broth dilution	bv_brc_genome_amr	high
27381390	CVM N45394	SAMN03894139	BioSample	Salmonella enterica	ceftriaxone	ceftriaxone	<=	0.25	mg/L		CLSI	Broth dilution	bv_brc_genome_amr	high
27381390	CVM N40366	SAMN02950159	BioSample	Salmonella enterica	ceftriaxone	ceftriaxone	<=	0.25	mg/L		CLSI	Broth dilution	bv_brc_genome_amr	high
27381390	CVM 43795	SAMN02911964	BioSample	Salmonella enterica	ciprofloxacin	ciprofloxacin	<=	0.015	mg/L		CLSI	Broth dilution	bv_brc_genome_amr	high
27381390	CVM N42450	SAMN02699343	BioSample	Salmonella enterica	ampicillin	ampicillin	<=	1.0	mg/L		CLSI	Broth dilution	bv_brc_genome_amr	high
27381390	CVM N41746	SAMN02699327	BioSample	Salmonella enterica	ciprofloxacin	ciprofloxacin	<=	0.015	mg/L		CLSI	Broth dilution	bv_brc_genome_amr	high
27381390	CVM N44696	SAMN03894113	BioSample	Salmonella enterica	azithromycin	azithromycin	=	4.0	mg/L		CLSI	Broth dilution	bv_brc_genome_amr	high
27381390	CVM N38891	SAMN02699295	BioSample	Salmonella enterica	azithromycin	azithromycin	=	4.0	mg/L		CLSI	Broth dilution	bv_brc_genome_amr	high
27381390	CVM N51266	SAMN03894357	BioSample	Salmonella enterica	azithromycin	azithromycin	=	4.0	mg/L		CLSI	Broth dilution	bv_brc_genome_amr	high
27381390	CVM N51281	SAMN03894372	BioSample	Salmonella enterica	ciprofloxacin	ciprofloxacin	=	0.03	mg/L		CLSI	Broth dilution	bv_brc_genome_amr	high
27381390	CVM N51257	SAMN03894348	BioSample	Salmonella enterica	ampicillin	ampicillin	<=	1.0	mg/L		CLSI	Broth dilution	bv_brc_genome_amr	high
27381390	CVM N46822	SAMN03894201	BioSample	Salmonella enterica	azithromycin	azithromycin	=	4.0	mg/L		CLSI	Broth dilution	bv_brc_genome_amr	high
27381390	CVM N29369	SAMN02699206	BioSample	Salmonella enterica	amoxicillin-clavulanic_acid	amoxicillin/clavulanic acid	=	8.0	mg/L		CLSI	Broth dilution	bv_brc_genome_amr	high
27381390	CVM N46833	SAMN03894212	BioSample	Salmonella enterica	azithromycin	azithromycin	=	2.0	mg/L		CLSI	Broth dilution	bv_brc_genome_amr	high
27381390	CVM N42502	SAMN02699359	BioSample	Salmonella enterica	azithromycin	azithromycin	=	4.0	mg/L		CLSI	Broth dilution	bv_brc_genome_amr	high
27381390	CVM N48685	SAMN03894272	BioSample	Salmonella enterica	ciprofloxacin	ciprofloxacin	<=	0.015	mg/L		CLSI	Broth dilution	bv_brc_genome_amr	high
27381390	CVM N45401	SAMN03894146	BioSample	Salmonella enterica	amoxicillin-clavulanic_acid	amoxicillin/clavulanic acid	=	8.0	mg/L		CLSI	Broth dilution	bv_brc_genome_amr	high
27381390	CVM N43830	SAMN03894102	BioSample	Salmonella enterica	ampicillin	ampicillin	<=	1.0	mg/L		CLSI	Broth dilution	bv_brc_genome_amr	high
27381390	CVM N38914	SAMN02699301	BioSample	Salmonella enterica	amoxicillin-clavulanic_acid	amoxicillin/clavulanic acid	<=	1.0	mg/L		CLSI	Broth dilution	bv_brc_genome_amr	high
27381390	CVM N48685	SAMN03894272	BioSample	Salmonella enterica	ampicillin	ampicillin	<=	1.0	mg/L		CLSI	Broth dilution	bv_brc_genome_amr	high
27381390	CVM N51249	SAMN03894340	BioSample	Salmonella enterica	ceftriaxone	ceftriaxone	<=	0.25	mg/L		CLSI	Broth dilution	bv_brc_genome_amr	high
27381390	CVM N43447	SAMN03894056	BioSample	Salmonella enterica	azithromycin	azithromycin	=	2.0	mg/L		CLSI	Broth dilution	bv_brc_genome_amr	high
27381390	CVM N43467	SAMN03894076	BioSample	Salmonella enterica	ceftriaxone	ceftriaxone	<=	0.25	mg/L		CLSI	Broth dilution	bv_brc_genome_amr	high
27381390	CVM N31415	SAMN02699241	BioSample	Salmonella enterica	ampicillin	ampicillin	>	32.0	mg/L		CLSI	Broth dilution	bv_brc_genome_amr	high
27381390	CVM N45410	SAMN03894155	BioSample	Salmonella enterica	azithromycin	azithromycin	=	8.0	mg/L		CLSI	Broth dilution	bv_brc_genome_amr	high
27381390	CVM N51254	SAMN03894345	BioSample	Salmonella enterica	azithromycin	azithromycin	=	8.0	mg/L		CLSI	Broth dilution	bv_brc_genome_amr	high
27381390	CVM N46836	SAMN03894215	BioSample	Salmonella enterica	azithromycin	azithromycin	=	4.0	mg/L		CLSI	Broth dilution	bv_brc_genome_amr	high
27381390	CVM N42502	SAMN02699359	BioSample	Salmonella enterica	ampicillin	ampicillin	>	32.0	mg/L		CLSI	Broth dilution	bv_brc_genome_amr	high
27381390	CVM 43795	SAMN02911964	BioSample	Salmonella enterica	ceftriaxone	ceftriaxone	=	4.0	mg/L		CLSI	Broth dilution	bv_brc_genome_amr	high
27381390	CVM N43821	SAMN03894093	BioSample	Salmonella enterica	azithromycin	azithromycin	=	4.0	mg/L		CLSI	Broth dilution	bv_brc_genome_amr	high
27381390	CVM N30669	SAMN02699218	BioSample	Salmonella enterica	ampicillin	ampicillin	<=	1.0	mg/L		CLSI	Broth dilution	bv_brc_genome_amr	high
27381390	CVM N51259	SAMN03894350	BioSample	Salmonella enterica	azithromycin	azithromycin	=	4.0	mg/L		CLSI	Broth dilution	bv_brc_genome_amr	high
27381390	CVM N29351	SAMN02699199	BioSample	Salmonella enterica	ciprofloxacin	ciprofloxacin	<=	0.015	mg/L		CLSI	Broth dilution	bv_brc_genome_amr	high
27381390	CVM N48706	SAMN03894293	BioSample	Salmonella enterica	azithromycin	azithromycin	=	8.0	mg/L		CLSI	Broth dilution	bv_brc_genome_amr	high
27381390	CVM N44694	SAMN03894111	BioSample	Salmonella enterica	azithromycin	azithromycin	=	2.0	mg/L		CLSI	Broth dilution	bv_brc_genome_amr	high
27381390	CVM N43481	SAMN03894090	BioSample	Salmonella enterica	ciprofloxacin	ciprofloxacin	<=	0.015	mg/L		CLSI	Broth dilution	bv_brc_genome_amr	high
27381390	CVM N45405	SAMN03894150	BioSample	Salmonella enterica	ceftriaxone	ceftriaxone	=	8.0	mg/L		CLSI	Broth dilution	bv_brc_genome_amr	high
27381390	CVM 43785	SAMN02911954	BioSample	Salmonella enterica	ceftriaxone	ceftriaxone	<=	0.25	mg/L		CLSI	Broth dilution	bv_brc_genome_amr	high
27381390	CVM N51272	SAMN03894363	BioSample	Salmonella enterica	amoxicillin-clavulanic_acid	amoxicillin/clavulanic acid	=	32.0	mg/L		CLSI	Broth dilution	bv_brc_genome_amr	high
27381390	CVM N45397	SAMN03894142	BioSample	Salmonella enterica	ciprofloxacin	ciprofloxacin	<=	0.015	mg/L		CLSI	Broth dilution	bv_brc_genome_amr	high
27381390	CVM N47725	SAMN03894255	BioSample	Salmonella enterica	ampicillin	ampicillin	>	32.0	mg/L		CLSI	Broth dilution	bv_brc_genome_amr	high
27381390	CVM 43792	SAMN02911961	BioSample	Salmonella enterica	ciprofloxacin	ciprofloxacin	=	0.5	mg/L		CLSI	Broth dilution	bv_brc_genome_amr	high
27381390	CVM N50439	SAMN03894319	BioSample	Salmonella enterica	amoxicillin-clavulanic_acid	amoxicillin/clavulanic acid	<=	1.0	mg/L		CLSI	Broth dilution	bv_brc_genome_amr	high
27381390	CVM 43782	SAMN02911951	BioSample	Salmonella enterica	ciprofloxacin	ciprofloxacin	<=	0.015	mg/L		CLSI	Broth dilution	bv_brc_genome_amr	high
27381390	CVM N48694	SAMN03894281	BioSample	Salmonella enterica	azithromycin	azithromycin	=	4.0	mg/L		CLSI	Broth dilution	bv_brc_genome_amr	high
27381390	CVM N32781	SAMN02699262	BioSample	Salmonella enterica	ceftriaxone	ceftriaxone	<=	0.25	mg/L		CLSI	Broth dilution	bv_brc_genome_amr	high
27381390	CVM N43463	SAMN03894072	BioSample	Salmonella enterica	ceftriaxone	ceftriaxone	<=	0.25	mg/L		CLSI	Broth dilution	bv_brc_genome_amr	high
27381390	CVM N46854	SAMN03894233	BioSample	Salmonella enterica	azithromycin	azithromycin	=	4.0	mg/L		CLSI	Broth dilution	bv_brc_genome_amr	high
27381390	CVM N48712	SAMN03894298	BioSample	Salmonella enterica	azithromycin	azithromycin	=	2.0	mg/L		CLSI	Broth dilution	bv_brc_genome_amr	high
27381390	CVM N51269	SAMN03894360	BioSample	Salmonella enterica	ampicillin	ampicillin	<=	1.0	mg/L		CLSI	Broth dilution	bv_brc_genome_amr	high
27381390	CVM N43822	SAMN03894094	BioSample	Salmonella enterica	amoxicillin-clavulanic_acid	amoxicillin/clavulanic acid	<=	1.0	mg/L		CLSI	Broth dilution	bv_brc_genome_amr	high
27381390	CVM N45398	SAMN03894143	BioSample	Salmonella enterica	ampicillin	ampicillin	<=	1.0	mg/L		CLSI	Broth dilution	bv_brc_genome_amr	high
27381390	CVM N46853	SAMN03894232	BioSample	Salmonella enterica	azithromycin	azithromycin	=	4.0	mg/L		CLSI	Broth dilution	bv_brc_genome_amr	high
27381390	CVM N30693	SAMN02699225	BioSample	Salmonella enterica	ceftriaxone	ceftriaxone	<=	0.25	mg/L		CLSI	Broth dilution	bv_brc_genome_amr	high
27381390	CVM N30671	SAMN02699219	BioSample	Salmonella enterica	ampicillin	ampicillin	>	32.0	mg/L		CLSI	Broth dilution	bv_brc_genome_amr	high
27381390	CVM N42337	SAMN02699342	BioSample	Salmonella enterica	ciprofloxacin	ciprofloxacin	=	0.03	mg/L		CLSI	Broth dilution	bv_brc_genome_amr	high
27381390	CVM 43769	SAMN02911938	BioSample	Salmonella enterica	ceftriaxone	ceftriaxone	=	16.0	mg/L		CLSI	Broth dilution	bv_brc_genome_amr	high
27381390	CVM N43827	SAMN03894099	BioSample	Salmonella enterica	ceftriaxone	ceftriaxone	<=	0.25	mg/L		CLSI	Broth dilution	bv_brc_genome_amr	high
27381390	CVM N50427	SAMN03894307	BioSample	Salmonella enterica	ceftriaxone	ceftriaxone	<=	0.25	mg/L		CLSI	Broth dilution	bv_brc_genome_amr	high
27381390	CVM N46810	SAMN03894190	BioSample	Salmonella enterica	amoxicillin-clavulanic_acid	amoxicillin/clavulanic acid	<=	1.0	mg/L		CLSI	Broth dilution	bv_brc_genome_amr	high
27381390	CVM N38914	SAMN02699301	BioSample	Salmonella enterica	azithromycin	azithromycin	=	4.0	mg/L		CLSI	Broth dilution	bv_brc_genome_amr	high
27381390	CVM 43805	SAMN02911974	BioSample	Salmonella enterica	amoxicillin-clavulanic_acid	amoxicillin/clavulanic acid	>	32.0	mg/L		CLSI	Broth dilution	bv_brc_genome_amr	high
27381390	CVM N46810	SAMN03894190	BioSample	Salmonella enterica	azithromycin	azithromycin	=	4.0	mg/L		CLSI	Broth dilution	bv_brc_genome_amr	high
27381390	CVM N44712	SAMN03894129	BioSample	Salmonella enterica	ceftriaxone	ceftriaxone	<=	0.25	mg/L		CLSI	Broth dilution	bv_brc_genome_amr	high
27381390	CVM N46857	SAMN03894236	BioSample	Salmonella enterica	ampicillin	ampicillin	<=	1.0	mg/L		CLSI	Broth dilution	bv_brc_genome_amr	high
27381390	CVM N38929	SAMN02699305	BioSample	Salmonella enterica	amoxicillin-clavulanic_acid	amoxicillin/clavulanic acid	<=	1.0	mg/L		CLSI	Broth dilution	bv_brc_genome_amr	high
27381390	CVM 43767	SAMN02911936	BioSample	Salmonella enterica	amoxicillin-clavulanic_acid	amoxicillin/clavulanic acid	<=	1.0	mg/L		CLSI	Broth dilution	bv_brc_genome_amr	high
27381390	CVM N48690	SAMN03894277	BioSample	Salmonella enterica	ciprofloxacin	ciprofloxacin	<=	0.015	mg/L		CLSI	Broth dilution	bv_brc_genome_amr	high
27381390	CVM N51301	SAMN03894392	BioSample	Salmonella enterica	azithromycin	azithromycin	=	4.0	mg/L		CLSI	Broth dilution	bv_brc_genome_amr	high
27381390	CVM N50430	SAMN03894310	BioSample	Salmonella enterica	ampicillin	ampicillin	<=	1.0	mg/L		CLSI	Broth dilution	bv_brc_genome_amr	high
27381390	CVM N45935	SAMN03894169	BioSample	Salmonella enterica	ceftriaxone	ceftriaxone	=	16.0	mg/L		CLSI	Broth dilution	bv_brc_genome_amr	high
27381390	CVM N48700	SAMN03894287	BioSample	Salmonella enterica	ceftriaxone	ceftriaxone	<=	0.25	mg/L		CLSI	Broth dilution	bv_brc_genome_amr	high
27381390	CVM N40368	SAMN02699311	BioSample	Salmonella enterica	azithromycin	azithromycin	=	4.0	mg/L		CLSI	Broth dilution	bv_brc_genome_amr	high
27381390	CVM 43844	SAMN02912013	BioSample	Salmonella enterica	ciprofloxacin	ciprofloxacin	<=	0.015	mg/L		CLSI	Broth dilution	bv_brc_genome_amr	high
27381390	CVM N50428	SAMN03894308	BioSample	Salmonella enterica	azithromycin	azithromycin	=	4.0	mg/L		CLSI	Broth dilution	bv_brc_genome_amr	high
27381390	CVM N51249	SAMN03894340	BioSample	Salmonella enterica	amoxicillin-clavulanic_acid	amoxicillin/clavulanic acid	<=	1.0	mg/L		CLSI	Broth dilution	bv_brc_genome_amr	high
27381390	CVM N46845	SAMN03894224	BioSample	Salmonella enterica	ciprofloxacin	ciprofloxacin	<=	0.015	mg/L		CLSI	Broth dilution	bv_brc_genome_amr	high
27381390	CVM 43812	SAMN02911981	BioSample	Salmonella enterica	amoxicillin-clavulanic_acid	amoxicillin/clavulanic acid	<=	1.0	mg/L		CLSI	Broth dilution	bv_brc_genome_amr	high
27381390	CVM N29323	SAMN02699194	BioSample	Salmonella enterica	ciprofloxacin	ciprofloxacin	<=	0.015	mg/L		CLSI	Broth dilution	bv_brc_genome_amr	high
27381390	CVM N51270	SAMN03894361	BioSample	Salmonella enterica	ciprofloxacin	ciprofloxacin	<=	0.015	mg/L		CLSI	Broth dilution	bv_brc_genome_amr	high
27381390	CVM N51282	SAMN03894373	BioSample	Salmonella enterica	ciprofloxacin	ciprofloxacin	<=	0.015	mg/L		CLSI	Broth dilution	bv_brc_genome_amr	high
27381390	CVM N32779	SAMN02699261	BioSample	Salmonella enterica	azithromycin	azithromycin	=	4.0	mg/L		CLSI	Broth dilution	bv_brc_genome_amr	high
27381390	CVM N43451	SAMN03894060	BioSample	Salmonella enterica	azithromycin	azithromycin	=	4.0	mg/L		CLSI	Broth dilution	bv_brc_genome_amr	high
27381390	CVM 43834	SAMN02912003	BioSample	Salmonella enterica	ceftriaxone	ceftriaxone	<=	0.25	mg/L		CLSI	Broth dilution	bv_brc_genome_amr	high
27381390	CVM 43792	SAMN02911961	BioSample	Salmonella enterica	azithromycin	azithromycin	=	8.0	mg/L		CLSI	Broth dilution	bv_brc_genome_amr	high
27381390	CVM N32763	SAMN02699258	BioSample	Salmonella enterica	ciprofloxacin	ciprofloxacin	<=	0.015	mg/L		CLSI	Broth dilution	bv_brc_genome_amr	high
27381390	CVM N48578	SAMN03894262	BioSample	Salmonella enterica	azithromycin	azithromycin	=	4.0	mg/L		CLSI	Broth dilution	bv_brc_genome_amr	high
27381390	CVM N43822	SAMN03894094	BioSample	Salmonella enterica	ampicillin	ampicillin	<=	1.0	mg/L		CLSI	Broth dilution	bv_brc_genome_amr	high
27381390	CVM N48678	SAMN03894265	BioSample	Salmonella enterica	azithromycin	azithromycin	=	4.0	mg/L		CLSI	Broth dilution	bv_brc_genome_amr	high
27381390	CVM N40413	SAMN02699320	BioSample	Salmonella enterica	azithromycin	azithromycin	=	4.0	mg/L		CLSI	Broth dilution	bv_brc_genome_amr	high
27381390	CVM N46812	SAMN03894192	BioSample	Salmonella enterica	amoxicillin-clavulanic_acid	amoxicillin/clavulanic acid	<=	1.0	mg/L		CLSI	Broth dilution	bv_brc_genome_amr	high
27381390	CVM N38240	SAMN02699278	BioSample	Salmonella enterica	ampicillin	ampicillin	<=	1.0	mg/L		CLSI	Broth dilution	bv_brc_genome_amr	high
27381390	CVM 43799	SAMN02911968	BioSample	Salmonella enterica	ampicillin	ampicillin	>	32.0	mg/L		CLSI	Broth dilution	bv_brc_genome_amr	high
27381390	CVM 43753	SAMN02911922	BioSample	Salmonella enterica	azithromycin	azithromycin	=	4.0	mg/L		CLSI	Broth dilution	bv_brc_genome_amr	high
27381390	CVM N32772	SAMN02699259	BioSample	Salmonella enterica	amoxicillin-clavulanic_acid	amoxicillin/clavulanic acid	<=	1.0	mg/L		CLSI	Broth dilution	bv_brc_genome_amr	high
27381390	CVM 43752	SAMN02911921	BioSample	Salmonella enterica	ceftriaxone	ceftriaxone	<=	0.25	mg/L		CLSI	Broth dilution	bv_brc_genome_amr	high
27381390	CVM N51309	SAMN03894400	BioSample	Salmonella enterica	ciprofloxacin	ciprofloxacin	=	0.03	mg/L		CLSI	Broth dilution	bv_brc_genome_amr	high
27381390	CVM 43823	SAMN02911992	BioSample	Salmonella enterica	amoxicillin-clavulanic_acid	amoxicillin/clavulanic acid	<=	1.0	mg/L		CLSI	Broth dilution	bv_brc_genome_amr	high
27381390	CVM N47722	SAMN03894252	BioSample	Salmonella enterica	azithromycin	azithromycin	=	2.0	mg/L		CLSI	Broth dilution	bv_brc_genome_amr	high
27381390	CVM N48712	SAMN03894298	BioSample	Salmonella enterica	ampicillin	ampicillin	>	32.0	mg/L		CLSI	Broth dilution	bv_brc_genome_amr	high
27381390	CVM N50426	SAMN03894306	BioSample	Salmonella enterica	ciprofloxacin	ciprofloxacin	=	0.03	mg/L		CLSI	Broth dilution	bv_brc_genome_amr	high
27381390	CVM N51274	SAMN03894365	BioSample	Salmonella enterica	ciprofloxacin	ciprofloxacin	=	0.06	mg/L		CLSI	Broth dilution	bv_brc_genome_amr	high
27381390	CVM N46861	SAMN03894240	BioSample	Salmonella enterica	amoxicillin-clavulanic_acid	amoxicillin/clavulanic acid	<=	1.0	mg/L		CLSI	Broth dilution	bv_brc_genome_amr	high
27381390	CVM N48578	SAMN03894262	BioSample	Salmonella enterica	ceftriaxone	ceftriaxone	<=	0.25	mg/L		CLSI	Broth dilution	bv_brc_genome_amr	high
27381390	CVM N46825	SAMN03894204	BioSample	Salmonella enterica	ciprofloxacin	ciprofloxacin	<=	0.015	mg/L		CLSI	Broth dilution	bv_brc_genome_amr	high
27381390	CVM N43451	SAMN03894060	BioSample	Salmonella enterica	ciprofloxacin	ciprofloxacin	<=	0.015	mg/L		CLSI	Broth dilution	bv_brc_genome_amr	high
27381390	CVM 43815	SAMN02911984	BioSample	Salmonella enterica	azithromycin	azithromycin	=	4.0	mg/L		CLSI	Broth dilution	bv_brc_genome_amr	high
27381390	CVM N40367	SAMN02699310	BioSample	Salmonella enterica	ciprofloxacin	ciprofloxacin	<=	0.015	mg/L		CLSI	Broth dilution	bv_brc_genome_amr	high
27381390	CVM N42482	SAMN02699355	BioSample	Salmonella enterica	azithromycin	azithromycin	=	4.0	mg/L		CLSI	Broth dilution	bv_brc_genome_amr	high
27381390	CVM N50419	SAMN03894299	BioSample	Salmonella enterica	ampicillin	ampicillin	<=	1.0	mg/L		CLSI	Broth dilution	bv_brc_genome_amr	high
27381390	CVM N41904	SAMN02699331	BioSample	Salmonella enterica	ciprofloxacin	ciprofloxacin	<=	0.015	mg/L		CLSI	Broth dilution	bv_brc_genome_amr	high
27381390	CVM N45406	SAMN03894151	BioSample	Salmonella enterica	azithromycin	azithromycin	=	4.0	mg/L		CLSI	Broth dilution	bv_brc_genome_amr	high
27381390	CVM N43466	SAMN03894075	BioSample	Salmonella enterica	ceftriaxone	ceftriaxone	<=	0.25	mg/L		CLSI	Broth dilution	bv_brc_genome_amr	high
27381390	CVM N50449	SAMN03894329	BioSample	Salmonella enterica	azithromycin	azithromycin	=	4.0	mg/L		CLSI	Broth dilution	bv_brc_genome_amr	high
27381390	CVM 43825	SAMN02911994	BioSample	Salmonella enterica	ceftriaxone	ceftriaxone	<=	0.25	mg/L		CLSI	Broth dilution	bv_brc_genome_amr	high
27381390	CVM N48710	SAMN03894296	BioSample	Salmonella enterica	ampicillin	ampicillin	<=	1.0	mg/L		CLSI	Broth dilution	bv_brc_genome_amr	high
27381390	CVM N31410	SAMN02699237	BioSample	Salmonella enterica	ciprofloxacin	ciprofloxacin	<=	0.015	mg/L		CLSI	Broth dilution	bv_brc_genome_amr	high
27381390	CVM N51274	SAMN03894365	BioSample	Salmonella enterica	azithromycin	azithromycin	=	2.0	mg/L		CLSI	Broth dilution	bv_brc_genome_amr	high
27381390	CVM N37931	SAMN02699269	BioSample	Salmonella enterica	ciprofloxacin	ciprofloxacin	<=	0.015	mg/L		CLSI	Broth dilution	bv_brc_genome_amr	high
27381390	CVM N32053	SAMN02699251	BioSample	Salmonella enterica	amoxicillin-clavulanic_acid	amoxicillin/clavulanic acid	=	8.0	mg/L		CLSI	Broth dilution	bv_brc_genome_amr	high
27381390	CVM 43828	SAMN02911997	BioSample	Salmonella enterica	ciprofloxacin	ciprofloxacin	=	0.12	mg/L		CLSI	Broth dilution	bv_brc_genome_amr	high
27381390	CVM N38910	SAMN02699300	BioSample	Salmonella enterica	ampicillin	ampicillin	<=	1.0	mg/L		CLSI	Broth dilution	bv_brc_genome_amr	high
27381390	CVM N32045	SAMN02699247	BioSample	Salmonella enterica	ceftriaxone	ceftriaxone	=	32.0	mg/L		CLSI	Broth dilution	bv_brc_genome_amr	high
27381390	CVM N46833	SAMN03894212	BioSample	Salmonella enterica	ampicillin	ampicillin	<=	1.0	mg/L		CLSI	Broth dilution	bv_brc_genome_amr	high
27381390	CVM N31411	SAMN02699238	BioSample	Salmonella enterica	azithromycin	azithromycin	=	4.0	mg/L		CLSI	Broth dilution	bv_brc_genome_amr	high
27381390	CVM N51297	SAMN03894388	BioSample	Salmonella enterica	amoxicillin-clavulanic_acid	amoxicillin/clavulanic acid	<=	1.0	mg/L		CLSI	Broth dilution	bv_brc_genome_amr	high
27381390	CVM N42507	SAMN02699360	BioSample	Salmonella enterica	ciprofloxacin	ciprofloxacin	<=	0.015	mg/L		CLSI	Broth dilution	bv_brc_genome_amr	high
27381390	CVM N45930	SAMN03894164	BioSample	Salmonella enterica	amoxicillin-clavulanic_acid	amoxicillin/clavulanic acid	=	8.0	mg/L		CLSI	Broth dilution	bv_brc_genome_amr	high
27381390	CVM N37907	SAMN02699264	BioSample	Salmonella enterica	ampicillin	ampicillin	>	32.0	mg/L		CLSI	Broth dilution	bv_brc_genome_amr	high
27381390	CVM N51248	SAMN03894339	BioSample	Salmonella enterica	ampicillin	ampicillin	<=	1.0	mg/L		CLSI	Broth dilution	bv_brc_genome_amr	high
27381390	CVM N48700	SAMN03894287	BioSample	Salmonella enterica	ampicillin	ampicillin	<=	1.0	mg/L		CLSI	Broth dilution	bv_brc_genome_amr	high
27381390	CVM N50442	SAMN03894322	BioSample	Salmonella enterica	azithromycin	azithromycin	=	4.0	mg/L		CLSI	Broth dilution	bv_brc_genome_amr	high
27381390	CVM N29378	SAMN02699208	BioSample	Salmonella enterica	ciprofloxacin	ciprofloxacin	=	0.03	mg/L		CLSI	Broth dilution	bv_brc_genome_amr	high
27381390	CVM N44710	SAMN03894127	BioSample	Salmonella enterica	amoxicillin-clavulanic_acid	amoxicillin/clavulanic acid	=	8.0	mg/L		CLSI	Broth dilution	bv_brc_genome_amr	high
27381390	CVM N38914	SAMN02699301	BioSample	Salmonella enterica	ciprofloxacin	ciprofloxacin	<=	0.015	mg/L		CLSI	Broth dilution	bv_brc_genome_amr	high
27381390	CVM 43798	SAMN02911967	BioSample	Salmonella enterica	ciprofloxacin	ciprofloxacin	<=	0.015	mg/L		CLSI	Broth dilution	bv_brc_genome_amr	high
27381390	CVM 43808	SAMN02911977	BioSample	Salmonella enterica	ceftriaxone	ceftriaxone	<=	0.25	mg/L		CLSI	Broth dilution	bv_brc_genome_amr	high
27381390	CVM N31380	SAMN02699229	BioSample	Salmonella enterica	amoxicillin-clavulanic_acid	amoxicillin/clavulanic acid	>	32.0	mg/L		CLSI	Broth dilution	bv_brc_genome_amr	high
27381390	CVM N51242	SAMN03894333	BioSample	Salmonella enterica	ampicillin	ampicillin	<=	1.0	mg/L		CLSI	Broth dilution	bv_brc_genome_amr	high
27381390	CVM N31394	SAMN02699232	BioSample	Salmonella enterica	amoxicillin-clavulanic_acid	amoxicillin/clavulanic acid	=	8.0	mg/L		CLSI	Broth dilution	bv_brc_genome_amr	high
27381390	CVM N45936	SAMN03894170	BioSample	Salmonella enterica	ciprofloxacin	ciprofloxacin	<=	0.015	mg/L		CLSI	Broth dilution	bv_brc_genome_amr	high
27381390	CVM N38914	SAMN02699301	BioSample	Salmonella enterica	ceftriaxone	ceftriaxone	<=	0.25	mg/L		CLSI	Broth dilution	bv_brc_genome_amr	high
27381390	CVM N38229	SAMN02699273	BioSample	Salmonella enterica	ceftriaxone	ceftriaxone	<=	0.25	mg/L		CLSI	Broth dilution	bv_brc_genome_amr	high
27381390	CVM N51303	SAMN03894394	BioSample	Salmonella enterica	ceftriaxone	ceftriaxone	=	16.0	mg/L		CLSI	Broth dilution	bv_brc_genome_amr	high
27381390	CVM N32750	SAMN02699255	BioSample	Salmonella enterica	amoxicillin-clavulanic_acid	amoxicillin/clavulanic acid	<=	1.0	mg/L		CLSI	Broth dilution	bv_brc_genome_amr	high
27381390	CVM N42237	SAMN02699339	BioSample	Salmonella enterica	azithromycin	azithromycin	=	8.0	mg/L		CLSI	Broth dilution	bv_brc_genome_amr	high
27381390	CVM 43745	SAMN02911914	BioSample	Salmonella enterica	ciprofloxacin	ciprofloxacin	<=	0.015	mg/L		CLSI	Broth dilution	bv_brc_genome_amr	high
27381390	CVM N38929	SAMN02699305	BioSample	Salmonella enterica	azithromycin	azithromycin	=	2.0	mg/L		CLSI	Broth dilution	bv_brc_genome_amr	high
27381390	CVM N48676	SAMN03894263	BioSample	Salmonella enterica	amoxicillin-clavulanic_acid	amoxicillin/clavulanic acid	>	32.0	mg/L		CLSI	Broth dilution	bv_brc_genome_amr	high
27381390	CVM N45924	SAMN03894158	BioSample	Salmonella enterica	azithromycin	azithromycin	=	4.0	mg/L		CLSI	Broth dilution	bv_brc_genome_amr	high
27381390	CVM N41904	SAMN02699331	BioSample	Salmonella enterica	ampicillin	ampicillin	>	32.0	mg/L		CLSI	Broth dilution	bv_brc_genome_amr	high
27381390	CVM N50449	SAMN03894329	BioSample	Salmonella enterica	ciprofloxacin	ciprofloxacin	<=	0.015	mg/L		CLSI	Broth dilution	bv_brc_genome_amr	high
27381390	CVM 43745	SAMN02911914	BioSample	Salmonella enterica	ampicillin	ampicillin	>	32.0	mg/L		CLSI	Broth dilution	bv_brc_genome_amr	high
27381390	CVM N31593	SAMN02699242	BioSample	Salmonella enterica	azithromycin	azithromycin	=	4.0	mg/L		CLSI	Broth dilution	bv_brc_genome_amr	high
27381390	CVM N50429	SAMN03894309	BioSample	Salmonella enterica	ciprofloxacin	ciprofloxacin	<=	0.015	mg/L		CLSI	Broth dilution	bv_brc_genome_amr	high
27381390	CVM N50426	SAMN03894306	BioSample	Salmonella enterica	ceftriaxone	ceftriaxone	<=	0.25	mg/L		CLSI	Broth dilution	bv_brc_genome_amr	high
27381390	CVM N45395	SAMN03894140	BioSample	Salmonella enterica	ciprofloxacin	ciprofloxacin	=	0.03	mg/L		CLSI	Broth dilution	bv_brc_genome_amr	high
27381390	CVM N47723	SAMN03894253	BioSample	Salmonella enterica	ceftriaxone	ceftriaxone	<=	0.25	mg/L		CLSI	Broth dilution	bv_brc_genome_amr	high
27381390	CVM N42482	SAMN02699355	BioSample	Salmonella enterica	amoxicillin-clavulanic_acid	amoxicillin/clavulanic acid	>	32.0	mg/L		CLSI	Broth dilution	bv_brc_genome_amr	high
27381390	CVM N43468	SAMN03894077	BioSample	Salmonella enterica	ampicillin	ampicillin	=	2.0	mg/L		CLSI	Broth dilution	bv_brc_genome_amr	high
27381390	CVM N44712	SAMN03894129	BioSample	Salmonella enterica	azithromycin	azithromycin	=	2.0	mg/L		CLSI	Broth dilution	bv_brc_genome_amr	high
27381390	CVM N46855	SAMN03894234	BioSample	Salmonella enterica	azithromycin	azithromycin	=	2.0	mg/L		CLSI	Broth dilution	bv_brc_genome_amr	high
27381390	CVM N51273	SAMN03894364	BioSample	Salmonella enterica	azithromycin	azithromycin	=	4.0	mg/L		CLSI	Broth dilution	bv_brc_genome_amr	high
27381390	CVM N51276	SAMN03894367	BioSample	Salmonella enterica	azithromycin	azithromycin	=	4.0	mg/L		CLSI	Broth dilution	bv_brc_genome_amr	high
27381390	CVM N51310	SAMN03894401	BioSample	Salmonella enterica	ampicillin	ampicillin	=	2.0	mg/L		CLSI	Broth dilution	bv_brc_genome_amr	high
27381390	CVM N48682	SAMN03894269	BioSample	Salmonella enterica	amoxicillin-clavulanic_acid	amoxicillin/clavulanic acid	<=	1.0	mg/L		CLSI	Broth dilution	bv_brc_genome_amr	high
27381390	CVM N51306	SAMN03894397	BioSample	Salmonella enterica	ampicillin	ampicillin	>	32.0	mg/L		CLSI	Broth dilution	bv_brc_genome_amr	high
27381390	CVM N40939	SAMN02699324	BioSample	Salmonella enterica	amoxicillin-clavulanic_acid	amoxicillin/clavulanic acid	<=	1.0	mg/L		CLSI	Broth dilution	bv_brc_genome_amr	high
27381390	CVM N42502	SAMN02699359	BioSample	Salmonella enterica	ceftriaxone	ceftriaxone	=	8.0	mg/L		CLSI	Broth dilution	bv_brc_genome_amr	high
27381390	CVM 43837	SAMN02912006	BioSample	Salmonella enterica	ampicillin	ampicillin	=	2.0	mg/L		CLSI	Broth dilution	bv_brc_genome_amr	high
27381390	CVM N45409	SAMN03894154	BioSample	Salmonella enterica	ciprofloxacin	ciprofloxacin	=	0.03	mg/L		CLSI	Broth dilution	bv_brc_genome_amr	high
27381390	CVM N38893	SAMN02699296	BioSample	Salmonella enterica	ceftriaxone	ceftriaxone	=	16.0	mg/L		CLSI	Broth dilution	bv_brc_genome_amr	high
27381390	CVM N50438	SAMN03894318	BioSample	Salmonella enterica	azithromycin	azithromycin	=	4.0	mg/L		CLSI	Broth dilution	bv_brc_genome_amr	high
27381390	CVM N29310	SAMN02699189	BioSample	Salmonella enterica	ceftriaxone	ceftriaxone	<=	0.25	mg/L		CLSI	Broth dilution	bv_brc_genome_amr	high
27381390	CVM N38903	SAMN02699298	BioSample	Salmonella enterica	ampicillin	ampicillin	<=	1.0	mg/L		CLSI	Broth dilution	bv_brc_genome_amr	high
27381390	CVM N45394	SAMN03894139	BioSample	Salmonella enterica	amoxicillin-clavulanic_acid	amoxicillin/clavulanic acid	=	8.0	mg/L		CLSI	Broth dilution	bv_brc_genome_amr	high
27381390	CVM N45396	SAMN03894141	BioSample	Salmonella enterica	ceftriaxone	ceftriaxone	<=	0.25	mg/L		CLSI	Broth dilution	bv_brc_genome_amr	high
27381390	CVM N43454	SAMN03894063	BioSample	Salmonella enterica	azithromycin	azithromycin	=	2.0	mg/L		CLSI	Broth dilution	bv_brc_genome_amr	high
27381390	CVM N45402	SAMN03894147	BioSample	Salmonella enterica	ciprofloxacin	ciprofloxacin	<=	0.015	mg/L		CLSI	Broth dilution	bv_brc_genome_amr	high
27381390	CVM N48711	SAMN03894297	BioSample	Salmonella enterica	ceftriaxone	ceftriaxone	<=	0.25	mg/L		CLSI	Broth dilution	bv_brc_genome_amr	high
27381390	CVM N48691	SAMN03894278	BioSample	Salmonella enterica	ampicillin	ampicillin	>	32.0	mg/L		CLSI	Broth dilution	bv_brc_genome_amr	high
27381390	CVM N48692	SAMN03894279	BioSample	Salmonella enterica	ciprofloxacin	ciprofloxacin	<=	0.015	mg/L		CLSI	Broth dilution	bv_brc_genome_amr	high
27381390	CVM N30696	SAMN02699226	BioSample	Salmonella enterica	ciprofloxacin	ciprofloxacin	<=	0.015	mg/L		CLSI	Broth dilution	bv_brc_genome_amr	high
27381390	CVM N51267	SAMN03894358	BioSample	Salmonella enterica	ampicillin	ampicillin	=	2.0	mg/L		CLSI	Broth dilution	bv_brc_genome_amr	high
27381390	CVM N46830	SAMN03894209	BioSample	Salmonella enterica	ampicillin	ampicillin	>	32.0	mg/L		CLSI	Broth dilution	bv_brc_genome_amr	high
27381390	CVM N46845	SAMN03894224	BioSample	Salmonella enterica	ceftriaxone	ceftriaxone	=	8.0	mg/L		CLSI	Broth dilution	bv_brc_genome_amr	high
27381390	CVM N45933	SAMN03894167	BioSample	Salmonella enterica	ciprofloxacin	ciprofloxacin	<=	0.015	mg/L		CLSI	Broth dilution	bv_brc_genome_amr	high
27381390	CVM N48677	SAMN03894264	BioSample	Salmonella enterica	ciprofloxacin	ciprofloxacin	=	0.03	mg/L		CLSI	Broth dilution	bv_brc_genome_amr	high
27381390	CVM N51315	SAMN03894406	BioSample	Salmonella enterica	ceftriaxone	ceftriaxone	<=	0.25	mg/L		CLSI	Broth dilution	bv_brc_genome_amr	high
27381390	CVM N48697	SAMN03894284	BioSample	Salmonella enterica	azithromycin	azithromycin	=	2.0	mg/L		CLSI	Broth dilution	bv_brc_genome_amr	high
27381390	CVM N43463	SAMN03894072	BioSample	Salmonella enterica	amoxicillin-clavulanic_acid	amoxicillin/clavulanic acid	<=	1.0	mg/L		CLSI	Broth dilution	bv_brc_genome_amr	high
27381390	CVM N46826	SAMN03894205	BioSample	Salmonella enterica	ciprofloxacin	ciprofloxacin	<=	0.015	mg/L		CLSI	Broth dilution	bv_brc_genome_amr	high
27381390	CVM N32064	SAMN02699254	BioSample	Salmonella enterica	amoxicillin-clavulanic_acid	amoxicillin/clavulanic acid	<=	1.0	mg/L		CLSI	Broth dilution	bv_brc_genome_amr	high
27381390	CVM N51313	SAMN03894404	BioSample	Salmonella enterica	ceftriaxone	ceftriaxone	<=	0.25	mg/L		CLSI	Broth dilution	bv_brc_genome_amr	high
27381390	CVM N43473	SAMN03894082	BioSample	Salmonella enterica	ciprofloxacin	ciprofloxacin	<=	0.015	mg/L		CLSI	Broth dilution	bv_brc_genome_amr	high
27381390	CVM 43748	SAMN02911917	BioSample	Salmonella enterica	ciprofloxacin	ciprofloxacin	<=	0.015	mg/L		CLSI	Broth dilution	bv_brc_genome_amr	high
27381390	CVM N44714	SAMN03894131	BioSample	Salmonella enterica	ampicillin	ampicillin	>	32.0	mg/L		CLSI	Broth dilution	bv_brc_genome_amr	high
27381390	CVM N42512	SAMN02699362	BioSample	Salmonella enterica	amoxicillin-clavulanic_acid	amoxicillin/clavulanic acid	>	32.0	mg/L		CLSI	Broth dilution	bv_brc_genome_amr	high
27381390	CVM N50443	SAMN03894323	BioSample	Salmonella enterica	ampicillin	ampicillin	>	32.0	mg/L		CLSI	Broth dilution	bv_brc_genome_amr	high
27381390	CVM N38873	SAMN02699289	BioSample	Salmonella enterica	azithromycin	azithromycin	=	4.0	mg/L		CLSI	Broth dilution	bv_brc_genome_amr	high
27381390	CVM N43455	SAMN03894064	BioSample	Salmonella enterica	azithromycin	azithromycin	=	4.0	mg/L		CLSI	Broth dilution	bv_brc_genome_amr	high
27381390	CVM N48688	SAMN03894275	BioSample	Salmonella enterica	ampicillin	ampicillin	<=	1.0	mg/L		CLSI	Broth dilution	bv_brc_genome_amr	high
27381390	CVM 43798	SAMN02911967	BioSample	Salmonella enterica	ceftriaxone	ceftriaxone	<=	0.25	mg/L		CLSI	Broth dilution	bv_brc_genome_amr	high
27381390	CVM N51258	SAMN03894349	BioSample	Salmonella enterica	azithromycin	azithromycin	=	4.0	mg/L		CLSI	Broth dilution	bv_brc_genome_amr	high
27381390	CVM N31414	SAMN02699240	BioSample	Salmonella enterica	amoxicillin-clavulanic_acid	amoxicillin/clavulanic acid	=	16.0	mg/L		CLSI	Broth dilution	bv_brc_genome_amr	high
27381390	CVM N38869	SAMN02699287	BioSample	Salmonella enterica	azithromycin	azithromycin	=	2.0	mg/L		CLSI	Broth dilution	bv_brc_genome_amr	high
27381390	CVM N46828	SAMN03894207	BioSample	Salmonella enterica	ciprofloxacin	ciprofloxacin	<=	0.015	mg/L		CLSI	Broth dilution	bv_brc_genome_amr	high
27381390	CVM 43815	SAMN02911984	BioSample	Salmonella enterica	ceftriaxone	ceftriaxone	=	32.0	mg/L		CLSI	Broth dilution	bv_brc_genome_amr	high
27381390	CVM N43454	SAMN03894063	BioSample	Salmonella enterica	ciprofloxacin	ciprofloxacin	<=	0.015	mg/L		CLSI	Broth dilution	bv_brc_genome_amr	high
27381390	CVM N30677	SAMN02699221	BioSample	Salmonella enterica	amoxicillin-clavulanic_acid	amoxicillin/clavulanic acid	=	8.0	mg/L		CLSI	Broth dilution	bv_brc_genome_amr	high
27381390	CVM N45927	SAMN03894161	BioSample	Salmonella enterica	amoxicillin-clavulanic_acid	amoxicillin/clavulanic acid	<=	1.0	mg/L		CLSI	Broth dilution	bv_brc_genome_amr	high
27381390	CVM N45955	SAMN03894186	BioSample	Salmonella enterica	ampicillin	ampicillin	>	32.0	mg/L		CLSI	Broth dilution	bv_brc_genome_amr	high
27381390	CVM N40379	SAMN02699314	BioSample	Salmonella enterica	ceftriaxone	ceftriaxone	=	8.0	mg/L		CLSI	Broth dilution	bv_brc_genome_amr	high
27381390	CVM N51298	SAMN03894389	BioSample	Salmonella enterica	ampicillin	ampicillin	>	32.0	mg/L		CLSI	Broth dilution	bv_brc_genome_amr	high
27381390	CVM N43472	SAMN03894081	BioSample	Salmonella enterica	ciprofloxacin	ciprofloxacin	<=	0.015	mg/L		CLSI	Broth dilution	bv_brc_genome_amr	high
27381390	CVM 43755	SAMN02911924	BioSample	Salmonella enterica	ceftriaxone	ceftriaxone	<=	0.25	mg/L		CLSI	Broth dilution	bv_brc_genome_amr	high
27381390	CVM N45929	SAMN03894163	BioSample	Salmonella enterica	ceftriaxone	ceftriaxone	<=	0.25	mg/L		CLSI	Broth dilution	bv_brc_genome_amr	high
27381390	CVM N29321	SAMN02699193	BioSample	Salmonella enterica	ciprofloxacin	ciprofloxacin	<=	0.015	mg/L		CLSI	Broth dilution	bv_brc_genome_amr	high
27381390	CVM N51255	SAMN03894346	BioSample	Salmonella enterica	ampicillin	ampicillin	<=	1.0	mg/L		CLSI	Broth dilution	bv_brc_genome_amr	high
27381390	CVM N50431	SAMN03894311	BioSample	Salmonella enterica	ceftriaxone	ceftriaxone	<=	0.25	mg/L		CLSI	Broth dilution	bv_brc_genome_amr	high
27381390	CVM 43757	SAMN02911926	BioSample	Salmonella enterica	ampicillin	ampicillin	<=	1.0	mg/L		CLSI	Broth dilution	bv_brc_genome_amr	high
27381390	CVM N29350	SAMN02699198	BioSample	Salmonella enterica	ciprofloxacin	ciprofloxacin	<=	0.015	mg/L		CLSI	Broth dilution	bv_brc_genome_amr	high
27381390	CVM 43754	SAMN02911923	BioSample	Salmonella enterica	amoxicillin-clavulanic_acid	amoxicillin/clavulanic acid	=	8.0	mg/L		CLSI	Broth dilution	bv_brc_genome_amr	high
27381390	CVM N42235	SAMN02699338	BioSample	Salmonella enterica	azithromycin	azithromycin	=	4.0	mg/L		CLSI	Broth dilution	bv_brc_genome_amr	high
27381390	CVM N29339	SAMN02699196	BioSample	Salmonella enterica	ampicillin	ampicillin	>	32.0	mg/L		CLSI	Broth dilution	bv_brc_genome_amr	high
27381390	CVM 43829	SAMN02911998	BioSample	Salmonella enterica	azithromycin	azithromycin	=	4.0	mg/L		CLSI	Broth dilution	bv_brc_genome_amr	high
27381390	CVM N43469	SAMN03894078	BioSample	Salmonella enterica	ciprofloxacin	ciprofloxacin	<=	0.015	mg/L		CLSI	Broth dilution	bv_brc_genome_amr	high
27381390	CVM 43782	SAMN02911951	BioSample	Salmonella enterica	amoxicillin-clavulanic_acid	amoxicillin/clavulanic acid	<=	1.0	mg/L		CLSI	Broth dilution	bv_brc_genome_amr	high
27381390	CVM N31409	SAMN02699236	BioSample	Salmonella enterica	ciprofloxacin	ciprofloxacin	<=	0.015	mg/L		CLSI	Broth dilution	bv_brc_genome_amr	high
27381390	CVM N47722	SAMN03894252	BioSample	Salmonella enterica	ampicillin	ampicillin	<=	1.0	mg/L		CLSI	Broth dilution	bv_brc_genome_amr	high
27381390	CVM N45930	SAMN03894164	BioSample	Salmonella enterica	ampicillin	ampicillin	>	32.0	mg/L		CLSI	Broth dilution	bv_brc_genome_amr	high
27381390	CVM N38236	SAMN02699276	BioSample	Salmonella enterica	ceftriaxone	ceftriaxone	<=	0.25	mg/L		CLSI	Broth dilution	bv_brc_genome_amr	high
27381390	CVM N41909	SAMN02699333	BioSample	Salmonella enterica	amoxicillin-clavulanic_acid	amoxicillin/clavulanic acid	<=	1.0	mg/L		CLSI	Broth dilution	bv_brc_genome_amr	high
27381390	CVM N31397	SAMN02699234	BioSample	Salmonella enterica	azithromycin	azithromycin	=	4.0	mg/L		CLSI	Broth dilution	bv_brc_genome_amr	high
27381390	CVM N48711	SAMN03894297	BioSample	Salmonella enterica	azithromycin	azithromycin	=	4.0	mg/L		CLSI	Broth dilution	bv_brc_genome_amr	high
27381390	CVM 43776	SAMN02911945	BioSample	Salmonella enterica	amoxicillin-clavulanic_acid	amoxicillin/clavulanic acid	=	4.0	mg/L		CLSI	Broth dilution	bv_brc_genome_amr	high
27381390	CVM N30677	SAMN02699221	BioSample	Salmonella enterica	ceftriaxone	ceftriaxone	<=	0.25	mg/L		CLSI	Broth dilution	bv_brc_genome_amr	high
27381390	CVM N30696	SAMN02699226	BioSample	Salmonella enterica	azithromycin	azithromycin	=	4.0	mg/L		CLSI	Broth dilution	bv_brc_genome_amr	high
27381390	CVM N38909	SAMN02699299	BioSample	Salmonella enterica	amoxicillin-clavulanic_acid	amoxicillin/clavulanic acid	<=	1.0	mg/L		CLSI	Broth dilution	bv_brc_genome_amr	high
27381390	CVM N44702	SAMN03894119	BioSample	Salmonella enterica	ciprofloxacin	ciprofloxacin	<=	0.015	mg/L		CLSI	Broth dilution	bv_brc_genome_amr	high
27381390	CVM N32051	SAMN02699249	BioSample	Salmonella enterica	amoxicillin-clavulanic_acid	amoxicillin/clavulanic acid	>	32.0	mg/L		CLSI	Broth dilution	bv_brc_genome_amr	high
27381390	CVM 43796	SAMN02911965	BioSample	Salmonella enterica	azithromycin	azithromycin	=	4.0	mg/L		CLSI	Broth dilution	bv_brc_genome_amr	high
27381390	CVM N44713	SAMN03894130	BioSample	Salmonella enterica	ceftriaxone	ceftriaxone	<=	0.25	mg/L		CLSI	Broth dilution	bv_brc_genome_amr	high
27381390	CVM N42507	SAMN02699360	BioSample	Salmonella enterica	ampicillin	ampicillin	<=	1.0	mg/L		CLSI	Broth dilution	bv_brc_genome_amr	high
27381390	CVM N51295	SAMN03894386	BioSample	Salmonella enterica	ciprofloxacin	ciprofloxacin	<=	0.015	mg/L		CLSI	Broth dilution	bv_brc_genome_amr	high
27381390	CVM N43449	SAMN03894058	BioSample	Salmonella enterica	ciprofloxacin	ciprofloxacin	=	0.03	mg/L		CLSI	Broth dilution	bv_brc_genome_amr	high
27381390	CVM N37907	SAMN02699264	BioSample	Salmonella enterica	ceftriaxone	ceftriaxone	<=	0.25	mg/L		CLSI	Broth dilution	bv_brc_genome_amr	high
27381390	CVM 43745	SAMN02911914	BioSample	Salmonella enterica	azithromycin	azithromycin	=	2.0	mg/L		CLSI	Broth dilution	bv_brc_genome_amr	high
27381390	CVM N51274	SAMN03894365	BioSample	Salmonella enterica	ceftriaxone	ceftriaxone	<=	0.25	mg/L		CLSI	Broth dilution	bv_brc_genome_amr	high
27381390	CVM N51275	SAMN03894366	BioSample	Salmonella enterica	ceftriaxone	ceftriaxone	=	8.0	mg/L		CLSI	Broth dilution	bv_brc_genome_amr	high
27381390	CVM N38848	SAMN02699279	BioSample	Salmonella enterica	ceftriaxone	ceftriaxone	<=	0.25	mg/L		CLSI	Broth dilution	bv_brc_genome_amr	high
27381390	CVM N50433	SAMN03894313	BioSample	Salmonella enterica	ampicillin	ampicillin	<=	1.0	mg/L		CLSI	Broth dilution	bv_brc_genome_amr	high
27381390	CVM N45955	SAMN03894186	BioSample	Salmonella enterica	ciprofloxacin	ciprofloxacin	=	0.06	mg/L		CLSI	Broth dilution	bv_brc_genome_amr	high
27381390	CVM N46846	SAMN03894225	BioSample	Salmonella enterica	ceftriaxone	ceftriaxone	<=	0.25	mg/L		CLSI	Broth dilution	bv_brc_genome_amr	high
27381390	CVM N42337	SAMN02699342	BioSample	Salmonella enterica	azithromycin	azithromycin	=	8.0	mg/L		CLSI	Broth dilution	bv_brc_genome_amr	high
27381390	CVM N51268	SAMN03894359	BioSample	Salmonella enterica	ampicillin	ampicillin	>	32.0	mg/L		CLSI	Broth dilution	bv_brc_genome_amr	high
27381390	CVM N29307	SAMN02699187	BioSample	Salmonella enterica	ampicillin	ampicillin	<=	1.0	mg/L		CLSI	Broth dilution	bv_brc_genome_amr	high
27381390	CVM N50448	SAMN03894328	BioSample	Salmonella enterica	ampicillin	ampicillin	=	2.0	mg/L		CLSI	Broth dilution	bv_brc_genome_amr	high
27381390	CVM N51266	SAMN03894357	BioSample	Salmonella enterica	ampicillin	ampicillin	<=	1.0	mg/L		CLSI	Broth dilution	bv_brc_genome_amr	high
27381390	CVM N45937	SAMN03894171	BioSample	Salmonella enterica	ampicillin	ampicillin	<=	1.0	mg/L		CLSI	Broth dilution	bv_brc_genome_amr	high
27381390	CVM N32056	SAMN02699253	BioSample	Salmonella enterica	ceftriaxone	ceftriaxone	<=	0.25	mg/L		CLSI	Broth dilution	bv_brc_genome_amr	high
27381390	CVM 43788	SAMN02911957	BioSample	Salmonella enterica	ampicillin	ampicillin	>	32.0	mg/L		CLSI	Broth dilution	bv_brc_genome_amr	high
27381390	CVM N38229	SAMN02699273	BioSample	Salmonella enterica	ampicillin	ampicillin	<=	1.0	mg/L		CLSI	Broth dilution	bv_brc_genome_amr	high
27381390	CVM N40939	SAMN02699324	BioSample	Salmonella enterica	ciprofloxacin	ciprofloxacin	<=	0.015	mg/L		CLSI	Broth dilution	bv_brc_genome_amr	high
27381390	CVM N38234	SAMN02699275	BioSample	Salmonella enterica	ciprofloxacin	ciprofloxacin	<=	0.015	mg/L		CLSI	Broth dilution	bv_brc_genome_amr	high
27381390	CVM N43472	SAMN03894081	BioSample	Salmonella enterica	amoxicillin-clavulanic_acid	amoxicillin/clavulanic acid	<=	1.0	mg/L		CLSI	Broth dilution	bv_brc_genome_amr	high
27381390	CVM N51247	SAMN03894338	BioSample	Salmonella enterica	azithromycin	azithromycin	=	4.0	mg/L		CLSI	Broth dilution	bv_brc_genome_amr	high
27381390	CVM 43760	SAMN02911929	BioSample	Salmonella enterica	azithromycin	azithromycin	=	2.0	mg/L		CLSI	Broth dilution	bv_brc_genome_amr	high
27381390	CVM N45392	SAMN03894137	BioSample	Salmonella enterica	ampicillin	ampicillin	>	32.0	mg/L		CLSI	Broth dilution	bv_brc_genome_amr	high
27381390	CVM N44708	SAMN03894125	BioSample	Salmonella enterica	ceftriaxone	ceftriaxone	=	16.0	mg/L		CLSI	Broth dilution	bv_brc_genome_amr	high
27381390	CVM N29317	SAMN02699192	BioSample	Salmonella enterica	amoxicillin-clavulanic_acid	amoxicillin/clavulanic acid	=	8.0	mg/L		CLSI	Broth dilution	bv_brc_genome_amr	high
27381390	CVM N29362	SAMN02699203	BioSample	Salmonella enterica	amoxicillin-clavulanic_acid	amoxicillin/clavulanic acid	=	8.0	mg/L		CLSI	Broth dilution	bv_brc_genome_amr	high
27381390	CVM 43749	SAMN02911918	BioSample	Salmonella enterica	ceftriaxone	ceftriaxone	<=	0.25	mg/L		CLSI	Broth dilution	bv_brc_genome_amr	high
27381390	CVM N46814	SAMN03894194	BioSample	Salmonella enterica	ampicillin	ampicillin	<=	1.0	mg/L		CLSI	Broth dilution	bv_brc_genome_amr	high
27381390	CVM N30701	SAMN02699227	BioSample	Salmonella enterica	ciprofloxacin	ciprofloxacin	<=	0.015	mg/L		CLSI	Broth dilution	bv_brc_genome_amr	high
27381390	CVM N46854	SAMN03894233	BioSample	Salmonella enterica	ciprofloxacin	ciprofloxacin	<=	0.015	mg/L		CLSI	Broth dilution	bv_brc_genome_amr	high
27381390	CVM N42239	SAMN02699340	BioSample	Salmonella enterica	ampicillin	ampicillin	<=	1.0	mg/L		CLSI	Broth dilution	bv_brc_genome_amr	high
