file_name	sheet_name	isolate_id	accession	drug	mic_sign	mic	sir_call	notes
AAC.01030-16_zac009165488sd2.xlsx	Table S2	2012AM-0018	JYPM00000000	AMP	>	32		
AAC.01030-16_zac009165488sd2.xlsx	Table S2	2012AM-0018	JYPM00000000	AMC	=	8		
AAC.01030-16_zac009165488sd2.xlsx	Table S2	2012AM-0018	JYPM00000000	CRO	<=	0.25		
AAC.01030-16_zac009165488sd2.xlsx	Table S2	2012AM-0018	JYPM00000000	AZM	=	4		
AAC.01030-16_zac009165488sd2.xlsx	Table S2	2012AM-0018	JYPM00000000	CHL	=	4		
AAC.01030-16_zac009165488sd2.xlsx	Table S2	2012AM-0018	JYPM00000000	CIP	<=	0.015		
AAC.01030-16_zac009165488sd2.xlsx	Table S2	2012AM-0018	JYPM00000000	SXT	<=	0.12		
AAC.01030-16_zac009165488sd2.xlsx	Table S2	2012AM-0018	JYPM00000000	FIS	>	256		
AAC.01030-16_zac009165488sd2.xlsx	Table S2	2012AM-0018	JYPM00000000	FOX	=	2		
AAC.01030-16_zac009165488sd2.xlsx	Table S2	2012AM-0018	JYPM00000000	GEN	=	0.5		
AAC.01030-16_zac009165488sd2.xlsx	Table S2	2012AM-0018	JYPM00000000	NAL	=	2		
AAC.01030-16_zac009165488sd2.xlsx	Table S2	2012AM-0018	JYPM00000000	STR	>	64		
AAC.01030-16_zac009165488sd2.xlsx	Table S2	2012AM-0018	JYPM00000000	TET	<=	4		
AAC.01030-16_zac009165488sd2.xlsx	Table S2	2012AM-0018	JYPM00000000	TIO	=	1		
AAC.01030-16_zac009165488sd2.xlsx	Table S2	2012AM-0159	JYPN00000000	AMP	>	32		
AAC.01030-16_zac009165488sd2.xlsx	Table S2	2012AM-0159	JYPN00000000	AMC	=	8		
AAC.01030-16_zac009165488sd2.xlsx	Table S2	2012AM-0159	JYPN00000000	CRO	<=	0.25		
AAC.01030-16_zac009165488sd2.xlsx	Table S2	2012AM-0159	JYPN00000000	AZM	=	4		
AAC.01030-16_zac009165488sd2.xlsx	Table S2	2012AM-0159	JYPN00000000	CHL	=	8		
AAC.01030-16_zac009165488sd2.xlsx	Table S2	2012AM-0159	JYPN00000000	CIP	=	0.03		
AAC.01030-16_zac009165488sd2.xlsx	Table S2	2012AM-0159	JYPN00000000	SXT	<=	0.12		
AAC.01030-16_zac009165488sd2.xlsx	Table S2	2012AM-0159	JYPN00000000	FIS	>	256		
AAC.01030-16_zac009165488sd2.xlsx	Table S2	2012AM-0159	JYPN00000000	FOX	=	2		
AAC.01030-16_zac009165488sd2.xlsx	Table S2	2012AM-0159	JYPN00000000	GEN	<=	0.25		
AAC.01030-16_zac009165488sd2.xlsx	Table S2	2012AM-0159	JYPN00000000	NAL	=	4		
AAC.01030-16_zac009165488sd2.xlsx	Table S2	2012AM-0159	JYPN00000000	STR	=	64		
AAC.01030-16_zac009165488sd2.xlsx	Table S2	2012AM-0159	JYPN00000000	TET	>	32		
AAC.01030-16_zac009165488sd2.xlsx	Table S2	2012AM-0159	JYPN00000000	TIO	=	1		
AAC.01030-16_zac009165488sd2.xlsx	Table S2	2012AM-0175	JYPO00000000	AMP	>	32		
AAC.01030-16_zac009165488sd2.xlsx	Table S2	2012AM-0175	JYPO00000000	AMC	=	4		
AAC.01030-16_zac009165488sd2.xlsx	Table S2	2012AM-0175	JYPO00000000	CRO	<=	0.25		
AAC.01030-16_zac009165488sd2.xlsx	Table S2	2012AM-0175	JYPO00000000	AZM	=	2		
AAC.01030-16_zac009165488sd2.xlsx	Table S2	2012AM-0175	JYPO00000000	CHL	>	32		
AAC.01030-16_zac009165488sd2.xlsx	Table S2	2012AM-0175	JYPO00000000	CIP	<=	0.015		
AAC.01030-16_zac009165488sd2.xlsx	Table S2	2012AM-0175	JYPO00000000	SXT	<=	0.12		
AAC.01030-16_zac009165488sd2.xlsx	Table S2	2012AM-0175	JYPO00000000	FIS	>	256		
AAC.01030-16_zac009165488sd2.xlsx	Table S2	2012AM-0175	JYPO00000000	FOX	=	1		
AAC.01030-16_zac009165488sd2.xlsx	Table S2	2012AM-0175	JYPO00000000	GEN	=	16		
AAC.01030-16_zac009165488sd2.xlsx	Table S2	2012AM-0175	JYPO00000000	NAL	=	1		
AAC.01030-16_zac009165488sd2.xlsx	Table S2	2012AM-0175	JYPO00000000	STR	>	64		
AAC.01030-16_zac009165488sd2.xlsx	Table S2	2012AM-0175	JYPO00000000	TET	=	16		
AAC.01030-16_zac009165488sd2.xlsx	Table S2	2012AM-0175	JYPO00000000	TIO	=	0.5		
AAC.01030-16_zac009165488sd2.xlsx	Table S2	2012AM-0176	JYPP00000000	AMP	>	32		
AAC.01030-16_zac009165488sd2.xlsx	Table S2	2012AM-0176	JYPP00000000	AMC	=	8		
AAC.01030-16_zac009165488sd2.xlsx	Table S2	2012AM-0176	JYPP00000000	CRO	<=	0.25		
AAC.01030-16_zac009165488sd2.xlsx	Table S2	2012AM-0176	JYPP00000000	AZM	=	4		
AAC.01030-16_zac009165488sd2.xlsx	Table S2	2012AM-0176	JYPP00000000	CHL	=	8		
AAC.01030-16_zac009165488sd2.xlsx	Table S2	2012AM-0176	JYPP00000000	CIP	<=	0.015		
AAC.01030-16_zac009165488sd2.xlsx	Table S2	2012AM-0176	JYPP00000000	SXT	=	0.25		
AAC.01030-16_zac009165488sd2.xlsx	Table S2	2012AM-0176	JYPP00000000	FIS	>	256		
AAC.01030-16_zac009165488sd2.xlsx	Table S2	2012AM-0176	JYPP00000000	FOX	=	2		
AAC.01030-16_zac009165488sd2.xlsx	Table S2	2012AM-0176	JYPP00000000	GEN	=	0.5		
AAC.01030-16_zac009165488sd2.xlsx	Table S2	2012AM-0176	JYPP00000000	NAL	=	4		
AAC.01030-16_zac009165488sd2.xlsx	Table S2	2012AM-0176	JYPP00000000	STR	>	64		
AAC.01030-16_zac009165488sd2.xlsx	Table S2	2012AM-0176	JYPP00000000	TET	>	32		
AAC.01030-16_zac009165488sd2.xlsx	Table S2	2012AM-0176	JYPP00000000	TIO	=	1		
AAC.01030-16_zac009165488sd2.xlsx	Table S2	2012AM-0380	JYPQ00000000	AMP	<=	1		
AAC.01030-16_zac009165488sd2.xlsx	Table S2	2012AM-0380	JYPQ00000000	AMC	<=	1		
AAC.01030-16_zac009165488sd2.xlsx	Table S2	2012AM-0380	JYPQ00000000	CRO	<=	0.25		
AAC.01030-16_zac009165488sd2.xlsx	Table S2	2012AM-0380	JYPQ00000000	AZM	=	4		
AAC.01030-16_zac009165488sd2.xlsx	Table S2	2012AM-0380	JYPQ00000000	CHL	>	32		
AAC.01030-16_zac009165488sd2.xlsx	Table S2	2012AM-0380	JYPQ00000000	CIP	<=	0.015		
AAC.01030-16_zac009165488sd2.xlsx	Table S2	2012AM-0380	JYPQ00000000	SXT	<=	0.12		
AAC.01030-16_zac009165488sd2.xlsx	Table S2	2012AM-0380	JYPQ00000000	FIS	=	32		
AAC.01030-16_zac009165488sd2.xlsx	Table S2	2012AM-0380	JYPQ00000000	FOX	=	1		
AAC.01030-16_zac009165488sd2.xlsx	Table S2	2012AM-0380	JYPQ00000000	GEN	=	0.5		
AAC.01030-16_zac009165488sd2.xlsx	Table S2	2012AM-0380	JYPQ00000000	NAL	=	2		
AAC.01030-16_zac009165488sd2.xlsx	Table S2	2012AM-0380	JYPQ00000000	STR	<=	32		
AAC.01030-16_zac009165488sd2.xlsx	Table S2	2012AM-0380	JYPQ00000000	TET	>	32		
AAC.01030-16_zac009165488sd2.xlsx	Table S2	2012AM-0380	JYPQ00000000	TIO	=	0.5		
AAC.01030-16_zac009165488sd2.xlsx	Table S2	2012AM-0583	JYPR00000000	AMP	<=	1		
AAC.01030-16_zac009165488sd2.xlsx	Table S2	2012AM-0583	JYPR00000000	AMC	<=	1		
AAC.01030-16_zac009165488sd2.xlsx	Table S2	2012AM-0583	JYPR00000000	CRO	<=	0.25		
AAC.01030-16_zac009165488sd2.xlsx	Table S2	2012AM-0583	JYPR00000000	AZM	=	4		
AAC.01030-16_zac009165488sd2.xlsx	Table S2	2012AM-0583	JYPR00000000	CHL	=	4		
AAC.01030-16_zac009165488sd2.xlsx	Table S2	2012AM-0583	JYPR00000000	CIP	<=	0.015		
AAC.01030-16_zac009165488sd2.xlsx	Table S2	2012AM-0583	JYPR00000000	SXT	<=	0.12		
AAC.01030-16_zac009165488sd2.xlsx	Table S2	2012AM-0583	JYPR00000000	FIS	=	64		
AAC.01030-16_zac009165488sd2.xlsx	Table S2	2012AM-0583	JYPR00000000	FOX	=	1		
AAC.01030-16_zac009165488sd2.xlsx	Table S2	2012AM-0583	JYPR00000000	GEN	=	0.5		
AAC.01030-16_zac009165488sd2.xlsx	Table S2	2012AM-0583	JYPR00000000	NAL	=	2		
AAC.01030-16_zac009165488sd2.xlsx	Table S2	2012AM-0583	JYPR00000000	STR	<=	32		
AAC.01030-16_zac009165488sd2.xlsx	Table S2	2012AM-0583	JYPR00000000	TET	<=	4		
AAC.01030-16_zac009165488sd2.xlsx	Table S2	2012AM-0583	JYPR00000000	TIO	=	0.5		
AAC.01030-16_zac009165488sd2.xlsx	Table S2	2012AM-0658	JYPS00000000	AMP	>	32		
AAC.01030-16_zac009165488sd2.xlsx	Table S2	2012AM-0658	JYPS00000000	AMC	=	8		
AAC.01030-16_zac009165488sd2.xlsx	Table S2	2012AM-0658	JYPS00000000	CRO	<=	0.25		
AAC.01030-16_zac009165488sd2.xlsx	Table S2	2012AM-0658	JYPS00000000	AZM	=	4		
AAC.01030-16_zac009165488sd2.xlsx	Table S2	2012AM-0658	JYPS00000000	CHL	=	8		
AAC.01030-16_zac009165488sd2.xlsx	Table S2	2012AM-0658	JYPS00000000	CIP	=	0.25		
AAC.01030-16_zac009165488sd2.xlsx	Table S2	2012AM-0658	JYPS00000000	SXT	=	0.25		
AAC.01030-16_zac009165488sd2.xlsx	Table S2	2012AM-0658	JYPS00000000	FIS	>	256		
AAC.01030-16_zac009165488sd2.xlsx	Table S2	2012AM-0658	JYPS00000000	FOX	=	2		
AAC.01030-16_zac009165488sd2.xlsx	Table S2	2012AM-0658	JYPS00000000	GEN	<=	0.25		
AAC.01030-16_zac009165488sd2.xlsx	Table S2	2012AM-0658	JYPS00000000	NAL	>	32		
AAC.01030-16_zac009165488sd2.xlsx	Table S2	2012AM-0658	JYPS00000000	STR	>	64		
AAC.01030-16_zac009165488sd2.xlsx	Table S2	2012AM-0658	JYPS00000000	TET	>	32		
AAC.01030-16_zac009165488sd2.xlsx	Table S2	2012AM-0658	JYPS00000000	TIO	=	1		
AAC.01030-16_zac009165488sd2.xlsx	Table S2	2012AM-0660	JYPT00000000	AMP	<=	1		
AAC.01030-16_zac009165488sd2.xlsx	Table S2	2012AM-0660	JYPT00000000	AMC	<=	1		
AAC.01030-16_zac009165488sd2.xlsx	Table S2	2012AM-0660	JYPT00000000	CRO	<=	0.25		
AAC.01030-16_zac009165488sd2.xlsx	Table S2	2012AM-0660	JYPT00000000	AZM	=	4		
AAC.01030-16_zac009165488sd2.xlsx	Table S2	2012AM-0660	JYPT00000000	CHL	=	4		
AAC.01030-16_zac009165488sd2.xlsx	Table S2	2012AM-0660	JYPT00000000	CIP	<=	0.015		
AAC.01030-16_zac009165488sd2.xlsx	Table S2	2012AM-0660	JYPT00000000	SXT	<=	0.12		
AAC.01030-16_zac009165488sd2.xlsx	Table S2	2012AM-0660	JYPT00000000	FIS	>	256		
AAC.01030-16_zac009165488sd2.xlsx	Table S2	2012AM-0660	JYPT00000000	FOX	=	2		
AAC.01030-16_zac009165488sd2.xlsx	Table S2	2012AM-0660	JYPT00000000	GEN	=	16		
AAC.01030-16_zac009165488sd2.xlsx	Table S2	2012AM-0660	JYPT00000000	NAL	=	2		
AAC.01030-16_zac009165488sd2.xlsx	Table S2	2012AM-0660	JYPT00000000	STR	<=	32		
AAC.01030-16_zac009165488sd2.xlsx	Table S2	2012AM-0660	JYPT00000000	TET	<=	4		
AAC.01030-16_zac009165488sd2.xlsx	Table S2	2012AM-0660	JYPT00000000	TIO	=	1		
AAC.01030-16_zac009165488sd2.xlsx	Table S2	2012AM-0699	JYPU00000000	AMP	<=	1		
AAC.01030-16_zac009165488sd2.xlsx	Table S2	2012AM-0699	JYPU00000000	AMC	<=	1		
AAC.01030-16_zac009165488sd2.xlsx	Table S2	2012AM-0699	JYPU00000000	CRO	<=	0.25		
AAC.01030-16_zac009165488sd2.xlsx	Table S2	2012AM-0699	JYPU00000000	AZM	=	2		
AAC.01030-16_zac009165488sd2.xlsx	Table S2	2012AM-0699	JYPU00000000	CHL	<=	2		
AAC.01030-16_zac009165488sd2.xlsx	Table S2	2012AM-0699	JYPU00000000	CIP	<=	0.015		
AAC.01030-16_zac009165488sd2.xlsx	Table S2	2012AM-0699	JYPU00000000	SXT	<=	0.12		
AAC.01030-16_zac009165488sd2.xlsx	Table S2	2012AM-0699	JYPU00000000	FIS	=	32		
AAC.01030-16_zac009165488sd2.xlsx	Table S2	2012AM-0699	JYPU00000000	FOX	=	2		
AAC.01030-16_zac009165488sd2.xlsx	Table S2	2012AM-0699	JYPU00000000	GEN	=	0.5		
AAC.01030-16_zac009165488sd2.xlsx	Table S2	2012AM-0699	JYPU00000000	NAL	=	2		
AAC.01030-16_zac009165488sd2.xlsx	Table S2	2012AM-0699	JYPU00000000	STR	<=	32		
AAC.01030-16_zac009165488sd2.xlsx	Table S2	2012AM-0699	JYPU00000000	TET	<=	4		
AAC.01030-16_zac009165488sd2.xlsx	Table S2	2012AM-0699	JYPU00000000	TIO	=	1		
AAC.01030-16_zac009165488sd2.xlsx	Table S2	2012AM-0706	JYPV00000000	AMP	<=	1		
AAC.01030-16_zac009165488sd2.xlsx	Table S2	2012AM-0706	JYPV00000000	AMC	<=	1		
AAC.01030-16_zac009165488sd2.xlsx	Table S2	2012AM-0706	JYPV00000000	CRO	<=	0.25		
AAC.01030-16_zac009165488sd2.xlsx	Table S2	2012AM-0706	JYPV00000000	AZM	=	4		
AAC.01030-16_zac009165488sd2.xlsx	Table S2	2012AM-0706	JYPV00000000	CHL	=	8		
AAC.01030-16_zac009165488sd2.xlsx	Table S2	2012AM-0706	JYPV00000000	CIP	<=	0.015		
AAC.01030-16_zac009165488sd2.xlsx	Table S2	2012AM-0706	JYPV00000000	SXT	<=	0.12		
AAC.01030-16_zac009165488sd2.xlsx	Table S2	2012AM-0706	JYPV00000000	FIS	=	32		
AAC.01030-16_zac009165488sd2.xlsx	Table S2	2012AM-0706	JYPV00000000	FOX	=	2		
AAC.01030-16_zac009165488sd2.xlsx	Table S2	2012AM-0706	JYPV00000000	GEN	=	0.5		
AAC.01030-16_zac009165488sd2.xlsx	Table S2	2012AM-0706	JYPV00000000	NAL	=	4		
AAC.01030-16_zac009165488sd2.xlsx	Table S2	2012AM-0706	JYPV00000000	STR	=	64		
AAC.01030-16_zac009165488sd2.xlsx	Table S2	2012AM-0706	JYPV00000000	TET	>	32		
AAC.01030-16_zac009165488sd2.xlsx	Table S2	2012AM-0706	JYPV00000000	TIO	=	1		
AAC.01030-16_zac009165488sd2.xlsx	Table S2	2012AM-0802	JYPW00000000	AMP	<=	1		
AAC.01030-16_zac009165488sd2.xlsx	Table S2	2012AM-0802	JYPW00000000	AMC	<=	1		
AAC.01030-16_zac009165488sd2.xlsx	Table S2	2012AM-0802	JYPW00000000	CRO	<=	0.25		
AAC.01030-16_zac009165488sd2.xlsx	Table S2	2012AM-0802	JYPW00000000	AZM	=	4		
AAC.01030-16_zac009165488sd2.xlsx	Table S2	2012AM-0802	JYPW00000000	CHL	=	8		
AAC.01030-16_zac009165488sd2.xlsx	Table S2	2012AM-0802	JYPW00000000	CIP	<=	0.015		
AAC.01030-16_zac009165488sd2.xlsx	Table S2	2012AM-0802	JYPW00000000	SXT	<=	0.12		
AAC.01030-16_zac009165488sd2.xlsx	Table S2	2012AM-0802	JYPW00000000	FIS	=	32		
AAC.01030-16_zac009165488sd2.xlsx	Table S2	2012AM-0802	JYPW00000000	FOX	=	2		
AAC.01030-16_zac009165488sd2.xlsx	Table S2	2012AM-0802	JYPW00000000	GEN	<=	0.25		
AAC.01030-16_zac009165488sd2.xlsx	Table S2	2012AM-0802	JYPW00000000	NAL	=	2		
AAC.01030-16_zac009165488sd2.xlsx	Table S2	2012AM-0802	JYPW00000000	STR	<=	32		
AAC.01030-16_zac009165488sd2.xlsx	Table S2	2012AM-0802	JYPW00000000	TET	<=	4		
AAC.01030-16_zac009165488sd2.xlsx	Table S2	2012AM-0802	JYPW00000000	TIO	=	0.5		
AAC.01030-16_zac009165488sd2.xlsx	Table S2	2012AM-1058	JYPX00000000	AMP	>	32		
AAC.01030-16_zac009165488sd2.xlsx	Table S2	2012AM-1058	JYPX00000000	AMC	=	8		
AAC.01030-16_zac009165488sd2.xlsx	Table S2	2012AM-1058	JYPX00000000	CRO	<=	0.25		
AAC.01030-16_zac009165488sd2.xlsx	Table S2	2012AM-1058	JYPX00000000	AZM	=	4		
AAC.01030-16_zac009165488sd2.xlsx	Table S2	2012AM-1058	JYPX00000000	CHL	=	8		
AAC.01030-16_zac009165488sd2.xlsx	Table S2	2012AM-1058	JYPX00000000	CIP	<=	0.015		
AAC.01030-16_zac009165488sd2.xlsx	Table S2	2012AM-1058	JYPX00000000	SXT	>	4		
AAC.01030-16_zac009165488sd2.xlsx	Table S2	2012AM-1058	JYPX00000000	FIS	>	256		
AAC.01030-16_zac009165488sd2.xlsx	Table S2	2012AM-1058	JYPX00000000	FOX	=	2		
AAC.01030-16_zac009165488sd2.xlsx	Table S2	2012AM-1058	JYPX00000000	GEN	=	0.5		
AAC.01030-16_zac009165488sd2.xlsx	Table S2	2012AM-1058	JYPX00000000	NAL	=	4		
AAC.01030-16_zac009165488sd2.xlsx	Table S2	2012AM-1058	JYPX00000000	STR	>	64		
AAC.01030-16_zac009165488sd2.xlsx	Table S2	2012AM-1058	JYPX00000000	TET	<=	4		
AAC.01030-16_zac009165488sd2.xlsx	Table S2	2012AM-1058	JYPX00000000	TIO	=	1		
AAC.01030-16_zac009165488sd2.xlsx	Table S2	2012AM-1063	JYPY00000000	AMP	>	32		
AAC.01030-16_zac009165488sd2.xlsx	Table S2	2012AM-1063	JYPY00000000	AMC	=	8		
AAC.01030-16_zac009165488sd2.xlsx	Table S2	2012AM-1063	JYPY00000000	CRO	<=	0.25		
AAC.01030-16_zac009165488sd2.xlsx	Table S2	2012AM-1063	JYPY00000000	AZM	=	4		
AAC.01030-16_zac009165488sd2.xlsx	Table S2	2012AM-1063	JYPY00000000	CHL	=	4		
AAC.01030-16_zac009165488sd2.xlsx	Table S2	2012AM-1063	JYPY00000000	CIP	=	0.12		
AAC.01030-16_zac009165488sd2.xlsx	Table S2	2012AM-1063	JYPY00000000	SXT	<=	0.12		
AAC.01030-16_zac009165488sd2.xlsx	Table S2	2012AM-1063	JYPY00000000	FIS	>	256		
AAC.01030-16_zac009165488sd2.xlsx	Table S2	2012AM-1063	JYPY00000000	FOX	=	1		
AAC.01030-16_zac009165488sd2.xlsx	Table S2	2012AM-1063	JYPY00000000	GEN	=	0.5		
AAC.01030-16_zac009165488sd2.xlsx	Table S2	2012AM-1063	JYPY00000000	NAL	>	32		
AAC.01030-16_zac009165488sd2.xlsx	Table S2	2012AM-1063	JYPY00000000	STR	>	64		
AAC.01030-16_zac009165488sd2.xlsx	Table S2	2012AM-1063	JYPY00000000	TET	<=	4		
AAC.01030-16_zac009165488sd2.xlsx	Table S2	2012AM-1063	JYPY00000000	TIO	=	1		
AAC.01030-16_zac009165488sd2.xlsx	Table S2	2012AM-1081	JYPZ00000000	AMP	>	32		
AAC.01030-16_zac009165488sd2.xlsx	Table S2	2012AM-1081	JYPZ00000000	AMC	=	16		
AAC.01030-16_zac009165488sd2.xlsx	Table S2	2012AM-1081	JYPZ00000000	CRO	<=	0.25		
AAC.01030-16_zac009165488sd2.xlsx	Table S2	2012AM-1081	JYPZ00000000	AZM	=	4		
AAC.01030-16_zac009165488sd2.xlsx	Table S2	2012AM-1081	JYPZ00000000	CHL	=	4		
AAC.01030-16_zac009165488sd2.xlsx	Table S2	2012AM-1081	JYPZ00000000	CIP	>	4		
AAC.01030-16_zac009165488sd2.xlsx	Table S2	2012AM-1081	JYPZ00000000	SXT	<=	0.12		
AAC.01030-16_zac009165488sd2.xlsx	Table S2	2012AM-1081	JYPZ00000000	FIS	=	32		
AAC.01030-16_zac009165488sd2.xlsx	Table S2	2012AM-1081	JYPZ00000000	FOX	=	4		
AAC.01030-16_zac009165488sd2.xlsx	Table S2	2012AM-1081	JYPZ00000000	GEN	=	0.5		
AAC.01030-16_zac009165488sd2.xlsx	Table S2	2012AM-1081	JYPZ00000000	NAL	>	32		
AAC.01030-16_zac009165488sd2.xlsx	Table S2	2012AM-1081	JYPZ00000000	STR	<=	32		
AAC.01030-16_zac009165488sd2.xlsx	Table S2	2012AM-1081	JYPZ00000000	TET	<=	4		
AAC.01030-16_zac009165488sd2.xlsx	Table S2	2012AM-1081	JYPZ00000000	TIO	=	1		
AAC.01030-16_zac009165488sd2.xlsx	Table S2	2012AM-1096	JYQA00000000	AMP	<=	1		
AAC.01030-16_zac009165488sd2.xlsx	Table S2	2012AM-1096	JYQA00000000	AMC	<=	1		
AAC.01030-16_zac009165488sd2.xlsx	Table S2	2012AM-1096	JYQA00000000	CRO	<=	0.25		
AAC.01030-16_zac009165488sd2.xlsx	Table S2	2012AM-1096	JYQA00000000	AZM	=	4		
AAC.01030-16_zac009165488sd2.xlsx	Table S2	2012AM-1096	JYQA00000000	CHL	=	4		
AAC.01030-16_zac009165488sd2.xlsx	Table S2	2012AM-1096	JYQA00000000	CIP	<=	0.015		
AAC.01030-16_zac009165488sd2.xlsx	Table S2	2012AM-1096	JYQA00000000	SXT	=	4		
AAC.01030-16_zac009165488sd2.xlsx	Table S2	2012AM-1096	JYQA00000000	FIS	=	32		
AAC.01030-16_zac009165488sd2.xlsx	Table S2	2012AM-1096	JYQA00000000	FOX	=	2		
AAC.01030-16_zac009165488sd2.xlsx	Table S2	2012AM-1096	JYQA00000000	GEN	=	4		
AAC.01030-16_zac009165488sd2.xlsx	Table S2	2012AM-1096	JYQA00000000	NAL	=	2		
AAC.01030-16_zac009165488sd2.xlsx	Table S2	2012AM-1096	JYQA00000000	STR	<=	32		
AAC.01030-16_zac009165488sd2.xlsx	Table S2	2012AM-1096	JYQA00000000	TET	<=	4		
AAC.01030-16_zac009165488sd2.xlsx	Table S2	2012AM-1096	JYQA00000000	TIO	=	1		
AAC.01030-16_zac009165488sd2.xlsx	Table S2	2012AM-1118	JYQB00000000	AMP	>	32		
AAC.01030-16_zac009165488sd2.xlsx	Table S2	2012AM-1118	JYQB00000000	AMC	=	16		
AAC.01030-16_zac009165488sd2.xlsx	Table S2	2012AM-1118	JYQB00000000	CRO	<=	0.25		
AAC.01030-16_zac009165488sd2.xlsx	Table S2	2012AM-1118	JYQB00000000	AZM	=	4		
AAC.01030-16_zac009165488sd2.xlsx	Table S2	2012AM-1118	JYQB00000000	CHL	=	8		
AAC.01030-16_zac009165488sd2.xlsx	Table S2	2012AM-1118	JYQB00000000	CIP	<=	0.015		
AAC.01030-16_zac009165488sd2.xlsx	Table S2	2012AM-1118	JYQB00000000	SXT	<=	0.12		
AAC.01030-16_zac009165488sd2.xlsx	Table S2	2012AM-1118	JYQB00000000	FIS	>	256		
AAC.01030-16_zac009165488sd2.xlsx	Table S2	2012AM-1118	JYQB00000000	FOX	=	4		
AAC.01030-16_zac009165488sd2.xlsx	Table S2	2012AM-1118	JYQB00000000	GEN	=	16		
AAC.01030-16_zac009165488sd2.xlsx	Table S2	2012AM-1118	JYQB00000000	NAL	=	4		
AAC.01030-16_zac009165488sd2.xlsx	Table S2	2012AM-1118	JYQB00000000	STR	<=	32		
AAC.01030-16_zac009165488sd2.xlsx	Table S2	2012AM-1118	JYQB00000000	TET	<=	4		
AAC.01030-16_zac009165488sd2.xlsx	Table S2	2012AM-1118	JYQB00000000	TIO	=	1		
AAC.01030-16_zac009165488sd2.xlsx	Table S2	2012AM-1385	JYQC00000000	AMP	>	32		
AAC.01030-16_zac009165488sd2.xlsx	Table S2	2012AM-1385	JYQC00000000	AMC	=	16		
AAC.01030-16_zac009165488sd2.xlsx	Table S2	2012AM-1385	JYQC00000000	CRO	<=	0.25		
AAC.01030-16_zac009165488sd2.xlsx	Table S2	2012AM-1385	JYQC00000000	AZM	=	4		
AAC.01030-16_zac009165488sd2.xlsx	Table S2	2012AM-1385	JYQC00000000	CHL	>	32		
AAC.01030-16_zac009165488sd2.xlsx	Table S2	2012AM-1385	JYQC00000000	CIP	<=	0.015		
AAC.01030-16_zac009165488sd2.xlsx	Table S2	2012AM-1385	JYQC00000000	SXT	<=	0.12		
AAC.01030-16_zac009165488sd2.xlsx	Table S2	2012AM-1385	JYQC00000000	FIS	>	256		
AAC.01030-16_zac009165488sd2.xlsx	Table S2	2012AM-1385	JYQC00000000	FOX	=	4		
AAC.01030-16_zac009165488sd2.xlsx	Table S2	2012AM-1385	JYQC00000000	GEN	=	0.5		
AAC.01030-16_zac009165488sd2.xlsx	Table S2	2012AM-1385	JYQC00000000	NAL	=	4		
AAC.01030-16_zac009165488sd2.xlsx	Table S2	2012AM-1385	JYQC00000000	STR	=	64		
AAC.01030-16_zac009165488sd2.xlsx	Table S2	2012AM-1385	JYQC00000000	TET	=	32		
AAC.01030-16_zac009165488sd2.xlsx	Table S2	2012AM-1385	JYQC00000000	TIO	=	1		
AAC.01030-16_zac009165488sd2.xlsx	Table S2	2012AM-1608	JYQD00000000	AMP	<=	1		
AAC.01030-16_zac009165488sd2.xlsx	Table S2	2012AM-1608	JYQD00000000	AMC	<=	1		
AAC.01030-16_zac009165488sd2.xlsx	Table S2	2012AM-1608	JYQD00000000	CRO	<=	0.25		
AAC.01030-16_zac009165488sd2.xlsx	Table S2	2012AM-1608	JYQD00000000	AZM	=	2		
AAC.01030-16_zac009165488sd2.xlsx	Table S2	2012AM-1608	JYQD00000000	CHL	=	4		
AAC.01030-16_zac009165488sd2.xlsx	Table S2	2012AM-1608	JYQD00000000	CIP	<=	0.015		
AAC.01030-16_zac009165488sd2.xlsx	Table S2	2012AM-1608	JYQD00000000	SXT	<=	0.12		
AAC.01030-16_zac009165488sd2.xlsx	Table S2	2012AM-1608	JYQD00000000	FIS	=	64		
AAC.01030-16_zac009165488sd2.xlsx	Table S2	2012AM-1608	JYQD00000000	FOX	=	2		
AAC.01030-16_zac009165488sd2.xlsx	Table S2	2012AM-1608	JYQD00000000	GEN	=	0.5		
AAC.01030-16_zac009165488sd2.xlsx	Table S2	2012AM-1608	JYQD00000000	NAL	=	4		
AAC.01030-16_zac009165488sd2.xlsx	Table S2	2012AM-1608	JYQD00000000	STR	<=	32		
AAC.01030-16_zac009165488sd2.xlsx	Table S2	2012AM-1608	JYQD00000000	TET	<=	4		
AAC.01030-16_zac009165488sd2.xlsx	Table S2	2012AM-1608	JYQD00000000	TIO	=	1		
AAC.01030-16_zac009165488sd2.xlsx	Table S2	2012AM-1614	JYQE00000000	AMP	>	32		
AAC.01030-16_zac009165488sd2.xlsx	Table S2	2012AM-1614	JYQE00000000	AMC	=	16		
AAC.01030-16_zac009165488sd2.xlsx	Table S2	2012AM-1614	JYQE00000000	CRO	<=	0.25		
AAC.01030-16_zac009165488sd2.xlsx	Table S2	2012AM-1614	JYQE00000000	AZM	=	4		
AAC.01030-16_zac009165488sd2.xlsx	Table S2	2012AM-1614	JYQE00000000	CHL	=	4		
AAC.01030-16_zac009165488sd2.xlsx	Table S2	2012AM-1614	JYQE00000000	CIP	=	0.12		
AAC.01030-16_zac009165488sd2.xlsx	Table S2	2012AM-1614	JYQE00000000	SXT	>	4		
AAC.01030-16_zac009165488sd2.xlsx	Table S2	2012AM-1614	JYQE00000000	FIS	>	256		
AAC.01030-16_zac009165488sd2.xlsx	Table S2	2012AM-1614	JYQE00000000	FOX	=	2		
AAC.01030-16_zac009165488sd2.xlsx	Table S2	2012AM-1614	JYQE00000000	GEN	=	0.5		
AAC.01030-16_zac009165488sd2.xlsx	Table S2	2012AM-1614	JYQE00000000	NAL	>	32		
AAC.01030-16_zac009165488sd2.xlsx	Table S2	2012AM-1614	JYQE00000000	STR	>	64		
AAC.01030-16_zac009165488sd2.xlsx	Table S2	2012AM-1614	JYQE00000000	TET	>	32		
AAC.01030-16_zac009165488sd2.xlsx	Table S2	2012AM-1614	JYQE00000000	TIO	=	1		
AAC.01030-16_zac009165488sd2.xlsx	Table S2	2012AM-1771	JYQF00000000	AMP	<=	1		
AAC.01030-16_zac009165488sd2.xlsx	Table S2	2012AM-1771	JYQF00000000	AMC	<=	1		
AAC.01030-16_zac009165488sd2.xlsx	Table S2	2012AM-1771	JYQF00000000	CRO	<=	0.25		
AAC.01030-16_zac009165488sd2.xlsx	Table S2	2012AM-1771	JYQF00000000	AZM	=	4		
AAC.01030-16_zac009165488sd2.xlsx	Table S2	2012AM-1771	JYQF00000000	CHL	>	32		
AAC.01030-16_zac009165488sd2.xlsx	Table S2	2012AM-1771	JYQF00000000	CIP	<=	0.015		
AAC.01030-16_zac009165488sd2.xlsx	Table S2	2012AM-1771	JYQF00000000	SXT	=	0.25		
AAC.01030-16_zac009165488sd2.xlsx	Table S2	2012AM-1771	JYQF00000000	FIS	>	256		
AAC.01030-16_zac009165488sd2.xlsx	Table S2	2012AM-1771	JYQF00000000	FOX	=	2		
AAC.01030-16_zac009165488sd2.xlsx	Table S2	2012AM-1771	JYQF00000000	GEN	=	0.5		
AAC.01030-16_zac009165488sd2.xlsx	Table S2	2012AM-1771	JYQF00000000	NAL	=	4		
AAC.01030-16_zac009165488sd2.xlsx	Table S2	2012AM-1771	JYQF00000000	STR	>	64		
AAC.01030-16_zac009165488sd2.xlsx	Table S2	2012AM-1771	JYQF00000000	TET	>	32		
AAC.01030-16_zac009165488sd2.xlsx	Table S2	2012AM-1771	JYQF00000000	TIO	=	1		
AAC.01030-16_zac009165488sd2.xlsx	Table S2	2012AM-1808	JYQG00000000	AMP	=	16		
AAC.01030-16_zac009165488sd2.xlsx	Table S2	2012AM-1808	JYQG00000000	AMC	<=	1		
AAC.01030-16_zac009165488sd2.xlsx	Table S2	2012AM-1808	JYQG00000000	CRO	<=	0.25		
AAC.01030-16_zac009165488sd2.xlsx	Table S2	2012AM-1808	JYQG00000000	AZM	=	4		
AAC.01030-16_zac009165488sd2.xlsx	Table S2	2012AM-1808	JYQG00000000	CHL	=	8		
AAC.01030-16_zac009165488sd2.xlsx	Table S2	2012AM-1808	JYQG00000000	CIP	=	0.25		
AAC.01030-16_zac009165488sd2.xlsx	Table S2	2012AM-1808	JYQG00000000	SXT	>	4		
AAC.01030-16_zac009165488sd2.xlsx	Table S2	2012AM-1808	JYQG00000000	FIS	>	256		
AAC.01030-16_zac009165488sd2.xlsx	Table S2	2012AM-1808	JYQG00000000	FOX	=	2		
AAC.01030-16_zac009165488sd2.xlsx	Table S2	2012AM-1808	JYQG00000000	GEN	=	0.5		
AAC.01030-16_zac009165488sd2.xlsx	Table S2	2012AM-1808	JYQG00000000	NAL	=	8		
AAC.01030-16_zac009165488sd2.xlsx	Table S2	2012AM-1808	JYQG00000000	STR	<=	32		
AAC.01030-16_zac009165488sd2.xlsx	Table S2	2012AM-1808	JYQG00000000	TET	>	32		
AAC.01030-16_zac009165488sd2.xlsx	Table S2	2012AM-1808	JYQG00000000	TIO	=	1		
AAC.01030-16_zac009165488sd2.xlsx	Table S2	2012AM-1899	JYQH00000000	AMP	>	32		
AAC.01030-16_zac009165488sd2.xlsx	Table S2	2012AM-1899	JYQH00000000	AMC	>	32		
AAC.01030-16_zac009165488sd2.xlsx	Table S2	2012AM-1899	JYQH00000000	CRO	=	16		
AAC.01030-16_zac009165488sd2.xlsx	Table S2	2012AM-1899	JYQH00000000	AZM	=	4		
AAC.01030-16_zac009165488sd2.xlsx	Table S2	2012AM-1899	JYQH00000000	CHL	=	4		
AAC.01030-16_zac009165488sd2.xlsx	Table S2	2012AM-1899	JYQH00000000	CIP	<=	0.015		
AAC.01030-16_zac009165488sd2.xlsx	Table S2	2012AM-1899	JYQH00000000	SXT	<=	0.12		
AAC.01030-16_zac009165488sd2.xlsx	Table S2	2012AM-1899	JYQH00000000	FIS	<=	16		
AAC.01030-16_zac009165488sd2.xlsx	Table S2	2012AM-1899	JYQH00000000	FOX	=	32		
AAC.01030-16_zac009165488sd2.xlsx	Table S2	2012AM-1899	JYQH00000000	GEN	=	0.5		
AAC.01030-16_zac009165488sd2.xlsx	Table S2	2012AM-1899	JYQH00000000	NAL	=	2		
AAC.01030-16_zac009165488sd2.xlsx	Table S2	2012AM-1899	JYQH00000000	STR	<=	32		
AAC.01030-16_zac009165488sd2.xlsx	Table S2	2012AM-1899	JYQH00000000	TET	<=	4		
AAC.01030-16_zac009165488sd2.xlsx	Table S2	2012AM-1899	JYQH00000000	TIO	>	8		
AAC.01030-16_zac009165488sd2.xlsx	Table S2	2012AM-1914	JYQI00000000	AMP	<=	1		
AAC.01030-16_zac009165488sd2.xlsx	Table S2	2012AM-1914	JYQI00000000	AMC	<=	1		
AAC.01030-16_zac009165488sd2.xlsx	Table S2	2012AM-1914	JYQI00000000	CRO	<=	0.25		
AAC.01030-16_zac009165488sd2.xlsx	Table S2	2012AM-1914	JYQI00000000	AZM	=	2		
AAC.01030-16_zac009165488sd2.xlsx	Table S2	2012AM-1914	JYQI00000000	CHL	>	32		
AAC.01030-16_zac009165488sd2.xlsx	Table S2	2012AM-1914	JYQI00000000	CIP	=	0.12		
AAC.01030-16_zac009165488sd2.xlsx	Table S2	2012AM-1914	JYQI00000000	SXT	>	4		
AAC.01030-16_zac009165488sd2.xlsx	Table S2	2012AM-1914	JYQI00000000	FIS	>	256		
AAC.01030-16_zac009165488sd2.xlsx	Table S2	2012AM-1914	JYQI00000000	FOX	=	4		
AAC.01030-16_zac009165488sd2.xlsx	Table S2	2012AM-1914	JYQI00000000	GEN	=	8		
AAC.01030-16_zac009165488sd2.xlsx	Table S2	2012AM-1914	JYQI00000000	NAL	>	32		
AAC.01030-16_zac009165488sd2.xlsx	Table S2	2012AM-1914	JYQI00000000	STR	<=	32		
AAC.01030-16_zac009165488sd2.xlsx	Table S2	2012AM-1914	JYQI00000000	TET	=	32		
AAC.01030-16_zac009165488sd2.xlsx	Table S2	2012AM-1914	JYQI00000000	TIO	=	1		
AAC.01030-16_zac009165488sd2.xlsx	Table S2	2012AM-1931	JYQJ00000000	AMP	>	32		
AAC.01030-16_zac009165488sd2.xlsx	Table S2	2012AM-1931	JYQJ00000000	AMC	>	32		
AAC.01030-16_zac009165488sd2.xlsx	Table S2	2012AM-1931	JYQJ00000000	CRO	=	2		
AAC.01030-16_zac009165488sd2.xlsx	Table S2	2012AM-1931	JYQJ00000000	AZM	=	4		
AAC.01030-16_zac009165488sd2.xlsx	Table S2	2012AM-1931	JYQJ00000000	CHL	>	32		
AAC.01030-16_zac009165488sd2.xlsx	Table S2	2012AM-1931	JYQJ00000000	CIP	<=	0.015		
AAC.01030-16_zac009165488sd2.xlsx	Table S2	2012AM-1931	JYQJ00000000	SXT	=	0.25		
AAC.01030-16_zac009165488sd2.xlsx	Table S2	2012AM-1931	JYQJ00000000	FIS	>	256		
AAC.01030-16_zac009165488sd2.xlsx	Table S2	2012AM-1931	JYQJ00000000	FOX	=	16		
AAC.01030-16_zac009165488sd2.xlsx	Table S2	2012AM-1931	JYQJ00000000	GEN	=	1		
AAC.01030-16_zac009165488sd2.xlsx	Table S2	2012AM-1931	JYQJ00000000	NAL	=	4		
AAC.01030-16_zac009165488sd2.xlsx	Table S2	2012AM-1931	JYQJ00000000	STR	>	64		
AAC.01030-16_zac009165488sd2.xlsx	Table S2	2012AM-1931	JYQJ00000000	TET	>	32		
AAC.01030-16_zac009165488sd2.xlsx	Table S2	2012AM-1931	JYQJ00000000	TIO	=	4		
AAC.01030-16_zac009165488sd2.xlsx	Table S2	2012AM-1937	JYQK00000000	AMP	<=	1		
AAC.01030-16_zac009165488sd2.xlsx	Table S2	2012AM-1937	JYQK00000000	AMC	<=	1		
AAC.01030-16_zac009165488sd2.xlsx	Table S2	2012AM-1937	JYQK00000000	CRO	<=	0.25		
AAC.01030-16_zac009165488sd2.xlsx	Table S2	2012AM-1937	JYQK00000000	AZM	=	4		
AAC.01030-16_zac009165488sd2.xlsx	Table S2	2012AM-1937	JYQK00000000	CHL	=	8		
AAC.01030-16_zac009165488sd2.xlsx	Table S2	2012AM-1937	JYQK00000000	CIP	<=	0.015		
AAC.01030-16_zac009165488sd2.xlsx	Table S2	2012AM-1937	JYQK00000000	SXT	<=	0.12		
AAC.01030-16_zac009165488sd2.xlsx	Table S2	2012AM-1937	JYQK00000000	FIS	=	64		
AAC.01030-16_zac009165488sd2.xlsx	Table S2	2012AM-1937	JYQK00000000	FOX	=	2		
AAC.01030-16_zac009165488sd2.xlsx	Table S2	2012AM-1937	JYQK00000000	GEN	=	0.5		
AAC.01030-16_zac009165488sd2.xlsx	Table S2	2012AM-1937	JYQK00000000	NAL	=	2		
AAC.01030-16_zac009165488sd2.xlsx	Table S2	2012AM-1937	JYQK00000000	STR	<=	32		
AAC.01030-16_zac009165488sd2.xlsx	Table S2	2012AM-1937	JYQK00000000	TET	<=	4		
AAC.01030-16_zac009165488sd2.xlsx	Table S2	2012AM-1937	JYQK00000000	TIO	=	1		
AAC.01030-16_zac009165488sd2.xlsx	Table S2	2012AM-1981	JYQL00000000	AMP	<=	1		
AAC.01030-16_zac009165488sd2.xlsx	Table S2	2012AM-1981	JYQL00000000	AMC	<=	1		
AAC.01030-16_zac009165488sd2.xlsx	Table S2	2012AM-1981	JYQL00000000	CRO	<=	0.25		
AAC.01030-16_zac009165488sd2.xlsx	Table S2	2012AM-1981	JYQL00000000	AZM	=	4		
AAC.01030-16_zac009165488sd2.xlsx	Table S2	2012AM-1981	JYQL00000000	CHL	=	16		
AAC.01030-16_zac009165488sd2.xlsx	Table S2	2012AM-1981	JYQL00000000	CIP	<=	0.015		
AAC.01030-16_zac009165488sd2.xlsx	Table S2	2012AM-1981	JYQL00000000	SXT	=	0.25		
AAC.01030-16_zac009165488sd2.xlsx	Table S2	2012AM-1981	JYQL00000000	FIS	>	256		
AAC.01030-16_zac009165488sd2.xlsx	Table S2	2012AM-1981	JYQL00000000	FOX	=	1		
AAC.01030-16_zac009165488sd2.xlsx	Table S2	2012AM-1981	JYQL00000000	GEN	=	0.5		
AAC.01030-16_zac009165488sd2.xlsx	Table S2	2012AM-1981	JYQL00000000	NAL	=	2		
AAC.01030-16_zac009165488sd2.xlsx	Table S2	2012AM-1981	JYQL00000000	STR	=	64		
AAC.01030-16_zac009165488sd2.xlsx	Table S2	2012AM-1981	JYQL00000000	TET	<=	4		
AAC.01030-16_zac009165488sd2.xlsx	Table S2	2012AM-1981	JYQL00000000	TIO	=	0.5		
AAC.01030-16_zac009165488sd2.xlsx	Table S2	2012AM-1998	JYQM00000000	AMP	>	32		
AAC.01030-16_zac009165488sd2.xlsx	Table S2	2012AM-1998	JYQM00000000	AMC	>	32		
AAC.01030-16_zac009165488sd2.xlsx	Table S2	2012AM-1998	JYQM00000000	CRO	=	16		
AAC.01030-16_zac009165488sd2.xlsx	Table S2	2012AM-1998	JYQM00000000	AZM	=	4		
AAC.01030-16_zac009165488sd2.xlsx	Table S2	2012AM-1998	JYQM00000000	CHL	=	8		
AAC.01030-16_zac009165488sd2.xlsx	Table S2	2012AM-1998	JYQM00000000	CIP	=	0.03		
AAC.01030-16_zac009165488sd2.xlsx	Table S2	2012AM-1998	JYQM00000000	SXT	<=	0.12		
AAC.01030-16_zac009165488sd2.xlsx	Table S2	2012AM-1998	JYQM00000000	FIS	=	32		
AAC.01030-16_zac009165488sd2.xlsx	Table S2	2012AM-1998	JYQM00000000	FOX	=	32		
AAC.01030-16_zac009165488sd2.xlsx	Table S2	2012AM-1998	JYQM00000000	GEN	=	0.5		
AAC.01030-16_zac009165488sd2.xlsx	Table S2	2012AM-1998	JYQM00000000	NAL	=	4		
AAC.01030-16_zac009165488sd2.xlsx	Table S2	2012AM-1998	JYQM00000000	STR	>	64		
AAC.01030-16_zac009165488sd2.xlsx	Table S2	2012AM-1998	JYQM00000000	TET	=	32		
AAC.01030-16_zac009165488sd2.xlsx	Table S2	2012AM-1998	JYQM00000000	TIO	>	8		
AAC.01030-16_zac009165488sd2.xlsx	Table S2	2012AM-2130	JYQN00000000	AMP	<=	1		
AAC.01030-16_zac009165488sd2.xlsx	Table S2	2012AM-2130	JYQN00000000	AMC	<=	1		
AAC.01030-16_zac009165488sd2.xlsx	Table S2	2012AM-2130	JYQN00000000	CRO	<=	0.25		
AAC.01030-16_zac009165488sd2.xlsx	Table S2	2012AM-2130	JYQN00000000	AZM	=	4		
AAC.01030-16_zac009165488sd2.xlsx	Table S2	2012AM-2130	JYQN00000000	CHL	=	8		
AAC.01030-16_zac009165488sd2.xlsx	Table S2	2012AM-2130	JYQN00000000	CIP	=	0.25		
AAC.01030-16_zac009165488sd2.xlsx	Table S2	2012AM-2130	JYQN00000000	SXT	>	4		
AAC.01030-16_zac009165488sd2.xlsx	Table S2	2012AM-2130	JYQN00000000	FIS	>	256		
AAC.01030-16_zac009165488sd2.xlsx	Table S2	2012AM-2130	JYQN00000000	FOX	=	2		
AAC.01030-16_zac009165488sd2.xlsx	Table S2	2012AM-2130	JYQN00000000	GEN	=	0.5		
AAC.01030-16_zac009165488sd2.xlsx	Table S2	2012AM-2130	JYQN00000000	NAL	=	16		
AAC.01030-16_zac009165488sd2.xlsx	Table S2	2012AM-2130	JYQN00000000	STR	=	64		
AAC.01030-16_zac009165488sd2.xlsx	Table S2	2012AM-2130	JYQN00000000	TET	>	32		
AAC.01030-16_zac009165488sd2.xlsx	Table S2	2012AM-2130	JYQN00000000	TIO	=	1		
AAC.01030-16_zac009165488sd2.xlsx	Table S2	2012AM-2168	JYQO00000000	AMP	<=	1		
AAC.01030-16_zac009165488sd2.xlsx	Table S2	2012AM-2168	JYQO00000000	AMC	<=	1		
AAC.01030-16_zac009165488sd2.xlsx	Table S2	2012AM-2168	JYQO00000000	CRO	<=	0.25		
AAC.01030-16_zac009165488sd2.xlsx	Table S2	2012AM-2168	JYQO00000000	AZM	=	4		
AAC.01030-16_zac009165488sd2.xlsx	Table S2	2012AM-2168	JYQO00000000	CHL	=	8		
AAC.01030-16_zac009165488sd2.xlsx	Table S2	2012AM-2168	JYQO00000000	CIP	<=	0.015		
AAC.01030-16_zac009165488sd2.xlsx	Table S2	2012AM-2168	JYQO00000000	SXT	<=	0.12		
AAC.01030-16_zac009165488sd2.xlsx	Table S2	2012AM-2168	JYQO00000000	FIS	>	256		
AAC.01030-16_zac009165488sd2.xlsx	Table S2	2012AM-2168	JYQO00000000	FOX	=	8		
AAC.01030-16_zac009165488sd2.xlsx	Table S2	2012AM-2168	JYQO00000000	GEN	>	16		
AAC.01030-16_zac009165488sd2.xlsx	Table S2	2012AM-2168	JYQO00000000	NAL	=	2		
AAC.01030-16_zac009165488sd2.xlsx	Table S2	2012AM-2168	JYQO00000000	STR	=	64		
AAC.01030-16_zac009165488sd2.xlsx	Table S2	2012AM-2168	JYQO00000000	TET	>	32		
AAC.01030-16_zac009165488sd2.xlsx	Table S2	2012AM-2168	JYQO00000000	TIO	=	1		
AAC.01030-16_zac009165488sd2.xlsx	Table S2	2012AM-2174	JYQP00000000	AMP	<=	1		
AAC.01030-16_zac009165488sd2.xlsx	Table S2	2012AM-2174	JYQP00000000	AMC	<=	1		
AAC.01030-16_zac009165488sd2.xlsx	Table S2	2012AM-2174	JYQP00000000	CRO	<=	0.25		
AAC.01030-16_zac009165488sd2.xlsx	Table S2	2012AM-2174	JYQP00000000	AZM	=	4		
AAC.01030-16_zac009165488sd2.xlsx	Table S2	2012AM-2174	JYQP00000000	CHL	=	4		
AAC.01030-16_zac009165488sd2.xlsx	Table S2	2012AM-2174	JYQP00000000	CIP	<=	0.015		
AAC.01030-16_zac009165488sd2.xlsx	Table S2	2012AM-2174	JYQP00000000	SXT	<=	0.12		
AAC.01030-16_zac009165488sd2.xlsx	Table S2	2012AM-2174	JYQP00000000	FIS	=	32		
AAC.01030-16_zac009165488sd2.xlsx	Table S2	2012AM-2174	JYQP00000000	FOX	=	2		
AAC.01030-16_zac009165488sd2.xlsx	Table S2	2012AM-2174	JYQP00000000	GEN	=	0.5		
AAC.01030-16_zac009165488sd2.xlsx	Table S2	2012AM-2174	JYQP00000000	NAL	=	2		
AAC.01030-16_zac009165488sd2.xlsx	Table S2	2012AM-2174	JYQP00000000	STR	<=	32		
AAC.01030-16_zac009165488sd2.xlsx	Table S2	2012AM-2174	JYQP00000000	TET	<=	4		
AAC.01030-16_zac009165488sd2.xlsx	Table S2	2012AM-2174	JYQP00000000	TIO	=	0.5		
AAC.01030-16_zac009165488sd2.xlsx	Table S2	2012AM-2179	JYQQ00000000	AMP	<=	1		
AAC.01030-16_zac009165488sd2.xlsx	Table S2	2012AM-2179	JYQQ00000000	AMC	<=	1		
AAC.01030-16_zac009165488sd2.xlsx	Table S2	2012AM-2179	JYQQ00000000	CRO	<=	0.25		
AAC.01030-16_zac009165488sd2.xlsx	Table S2	2012AM-2179	JYQQ00000000	AZM	=	4		
AAC.01030-16_zac009165488sd2.xlsx	Table S2	2012AM-2179	JYQQ00000000	CHL	=	4		
AAC.01030-16_zac009165488sd2.xlsx	Table S2	2012AM-2179	JYQQ00000000	CIP	=	0.12		
AAC.01030-16_zac009165488sd2.xlsx	Table S2	2012AM-2179	JYQQ00000000	SXT	>	4		
AAC.01030-16_zac009165488sd2.xlsx	Table S2	2012AM-2179	JYQQ00000000	FIS	>	256		
AAC.01030-16_zac009165488sd2.xlsx	Table S2	2012AM-2179	JYQQ00000000	FOX	=	4		
AAC.01030-16_zac009165488sd2.xlsx	Table S2	2012AM-2179	JYQQ00000000	GEN	<=	0.25		
AAC.01030-16_zac009165488sd2.xlsx	Table S2	2012AM-2179	JYQQ00000000	NAL	>	32		
AAC.01030-16_zac009165488sd2.xlsx	Table S2	2012AM-2179	JYQQ00000000	STR	<=	32		
AAC.01030-16_zac009165488sd2.xlsx	Table S2	2012AM-2179	JYQQ00000000	TET	>	32		
AAC.01030-16_zac009165488sd2.xlsx	Table S2	2012AM-2179	JYQQ00000000	TIO	=	1		
AAC.01030-16_zac009165488sd2.xlsx	Table S2	2012AM-2185	JYQR00000000	AMP	<=	1		
AAC.01030-16_zac009165488sd2.xlsx	Table S2	2012AM-2185	JYQR00000000	AMC	<=	1		
AAC.01030-16_zac009165488sd2.xlsx	Table S2	2012AM-2185	JYQR00000000	CRO	<=	0.25		
AAC.01030-16_zac009165488sd2.xlsx	Table S2	2012AM-2185	JYQR00000000	AZM	=	4		
AAC.01030-16_zac009165488sd2.xlsx	Table S2	2012AM-2185	JYQR00000000	CHL	=	8		
AAC.01030-16_zac009165488sd2.xlsx	Table S2	2012AM-2185	JYQR00000000	CIP	<=	0.015		
AAC.01030-16_zac009165488sd2.xlsx	Table S2	2012AM-2185	JYQR00000000	SXT	<=	0.12		
AAC.01030-16_zac009165488sd2.xlsx	Table S2	2012AM-2185	JYQR00000000	FIS	=	32		
AAC.01030-16_zac009165488sd2.xlsx	Table S2	2012AM-2185	JYQR00000000	FOX	=	4		
AAC.01030-16_zac009165488sd2.xlsx	Table S2	2012AM-2185	JYQR00000000	GEN	=	0.5		
AAC.01030-16_zac009165488sd2.xlsx	Table S2	2012AM-2185	JYQR00000000	NAL	=	4		
AAC.01030-16_zac009165488sd2.xlsx	Table S2	2012AM-2185	JYQR00000000	STR	<=	32		
AAC.01030-16_zac009165488sd2.xlsx	Table S2	2012AM-2185	JYQR00000000	TET	<=	4		
AAC.01030-16_zac009165488sd2.xlsx	Table S2	2012AM-2185	JYQR00000000	TIO	=	1		
AAC.01030-16_zac009165488sd2.xlsx	Table S2	2012AM-2217	JYQS00000000	AMP	>	32		
AAC.01030-16_zac009165488sd2.xlsx	Table S2	2012AM-2217	JYQS00000000	AMC	=	16		
AAC.01030-16_zac009165488sd2.xlsx	Table S2	2012AM-2217	JYQS00000000	CRO	<=	0.25		
AAC.01030-16_zac009165488sd2.xlsx	Table S2	2012AM-2217	JYQS00000000	AZM	=	4		
AAC.01030-16_zac009165488sd2.xlsx	Table S2	2012AM-2217	JYQS00000000	CHL	=	4		
AAC.01030-16_zac009165488sd2.xlsx	Table S2	2012AM-2217	JYQS00000000	CIP	<=	0.015		
AAC.01030-16_zac009165488sd2.xlsx	Table S2	2012AM-2217	JYQS00000000	SXT	<=	0.12		
AAC.01030-16_zac009165488sd2.xlsx	Table S2	2012AM-2217	JYQS00000000	FIS	=	32		
AAC.01030-16_zac009165488sd2.xlsx	Table S2	2012AM-2217	JYQS00000000	FOX	=	2		
AAC.01030-16_zac009165488sd2.xlsx	Table S2	2012AM-2217	JYQS00000000	GEN	=	0.5		
AAC.01030-16_zac009165488sd2.xlsx	Table S2	2012AM-2217	JYQS00000000	NAL	=	4		
AAC.01030-16_zac009165488sd2.xlsx	Table S2	2012AM-2217	JYQS00000000	STR	<=	32		
AAC.01030-16_zac009165488sd2.xlsx	Table S2	2012AM-2217	JYQS00000000	TET	>	32		
AAC.01030-16_zac009165488sd2.xlsx	Table S2	2012AM-2217	JYQS00000000	TIO	=	1		
AAC.01030-16_zac009165488sd2.xlsx	Table S2	2012AM-2262	JYQT00000000	AMP	>	32		
AAC.01030-16_zac009165488sd2.xlsx	Table S2	2012AM-2262	JYQT00000000	AMC	=	4		
AAC.01030-16_zac009165488sd2.xlsx	Table S2	2012AM-2262	JYQT00000000	CRO	<=	0.25		
AAC.01030-16_zac009165488sd2.xlsx	Table S2	2012AM-2262	JYQT00000000	AZM	=	8		
AAC.01030-16_zac009165488sd2.xlsx	Table S2	2012AM-2262	JYQT00000000	CHL	=	8		
AAC.01030-16_zac009165488sd2.xlsx	Table S2	2012AM-2262	JYQT00000000	CIP	=	0.25		
AAC.01030-16_zac009165488sd2.xlsx	Table S2	2012AM-2262	JYQT00000000	SXT	<=	0.12		
AAC.01030-16_zac009165488sd2.xlsx	Table S2	2012AM-2262	JYQT00000000	FIS	>	256		
AAC.01030-16_zac009165488sd2.xlsx	Table S2	2012AM-2262	JYQT00000000	FOX	=	4		
AAC.01030-16_zac009165488sd2.xlsx	Table S2	2012AM-2262	JYQT00000000	GEN	=	0.5		
AAC.01030-16_zac009165488sd2.xlsx	Table S2	2012AM-2262	JYQT00000000	NAL	>	32		
AAC.01030-16_zac009165488sd2.xlsx	Table S2	2012AM-2262	JYQT00000000	STR	<=	32		
AAC.01030-16_zac009165488sd2.xlsx	Table S2	2012AM-2262	JYQT00000000	TET	>	32		
AAC.01030-16_zac009165488sd2.xlsx	Table S2	2012AM-2262	JYQT00000000	TIO	=	1		
AAC.01030-16_zac009165488sd2.xlsx	Table S2	AM46144	JYQU00000000	AMP	>	32		
AAC.01030-16_zac009165488sd2.xlsx	Table S2	AM46144	JYQU00000000	AMC	=	16		
AAC.01030-16_zac009165488sd2.xlsx	Table S2	AM46144	JYQU00000000	CRO	<=	0.25		
AAC.01030-16_zac009165488sd2.xlsx	Table S2	AM46144	JYQU00000000	AZM	=	8		
AAC.01030-16_zac009165488sd2.xlsx	Table S2	AM46144	JYQU00000000	CHL	>	32		
AAC.01030-16_zac009165488sd2.xlsx	Table S2	AM46144	JYQU00000000	CIP	=	0.03		
AAC.01030-16_zac009165488sd2.xlsx	Table S2	AM46144	JYQU00000000	SXT	=	0.5		
AAC.01030-16_zac009165488sd2.xlsx	Table S2	AM46144	JYQU00000000	FIS	>	256		
AAC.01030-16_zac009165488sd2.xlsx	Table S2	AM46144	JYQU00000000	FOX	>	32		
AAC.01030-16_zac009165488sd2.xlsx	Table S2	AM46144	JYQU00000000	GEN	>	16		
AAC.01030-16_zac009165488sd2.xlsx	Table S2	AM46144	JYQU00000000	NAL	=	8		
AAC.01030-16_zac009165488sd2.xlsx	Table S2	AM46144	JYQU00000000	STR	>	64		
AAC.01030-16_zac009165488sd2.xlsx	Table S2	AM46144	JYQU00000000	TET	>	32		
AAC.01030-16_zac009165488sd2.xlsx	Table S2	AM46144	JYQU00000000	TIO	=	1		
AAC.01030-16_zac009165488sd2.xlsx	Table S2	AM46768	JYQV00000000	AMP	>	32		
AAC.01030-16_zac009165488sd2.xlsx	Table S2	AM46768	JYQV00000000	AMC	=	8		
AAC.01030-16_zac009165488sd2.xlsx	Table S2	AM46768	JYQV00000000	CRO	<=	0.25		
AAC.01030-16_zac009165488sd2.xlsx	Table S2	AM46768	JYQV00000000	AZM	=	2		
AAC.01030-16_zac009165488sd2.xlsx	Table S2	AM46768	JYQV00000000	CHL	=	4		
AAC.01030-16_zac009165488sd2.xlsx	Table S2	AM46768	JYQV00000000	CIP	<=	0.015		
AAC.01030-16_zac009165488sd2.xlsx	Table S2	AM46768	JYQV00000000	SXT	>	4		
AAC.01030-16_zac009165488sd2.xlsx	Table S2	AM46768	JYQV00000000	FIS	>	256		
AAC.01030-16_zac009165488sd2.xlsx	Table S2	AM46768	JYQV00000000	FOX	=	1		
AAC.01030-16_zac009165488sd2.xlsx	Table S2	AM46768	JYQV00000000	GEN	=	1		
AAC.01030-16_zac009165488sd2.xlsx	Table S2	AM46768	JYQV00000000	NAL	=	2		
AAC.01030-16_zac009165488sd2.xlsx	Table S2	AM46768	JYQV00000000	STR	>	64		
AAC.01030-16_zac009165488sd2.xlsx	Table S2	AM46768	JYQV00000000	TET	=	16		
AAC.01030-16_zac009165488sd2.xlsx	Table S2	AM46768	JYQV00000000	TIO	=	1		
AAC.01030-16_zac009165488sd2.xlsx	Table S2	AM46797	JYQW00000000	AMP	<=	1		
AAC.01030-16_zac009165488sd2.xlsx	Table S2	AM46797	JYQW00000000	AMC	<=	1		
AAC.01030-16_zac009165488sd2.xlsx	Table S2	AM46797	JYQW00000000	CRO	<=	0.25		
AAC.01030-16_zac009165488sd2.xlsx	Table S2	AM46797	JYQW00000000	AZM	=	4		
AAC.01030-16_zac009165488sd2.xlsx	Table S2	AM46797	JYQW00000000	CHL	=	8		
AAC.01030-16_zac009165488sd2.xlsx	Table S2	AM46797	JYQW00000000	CIP	<=	0.015		
AAC.01030-16_zac009165488sd2.xlsx	Table S2	AM46797	JYQW00000000	SXT	=	0.25		
AAC.01030-16_zac009165488sd2.xlsx	Table S2	AM46797	JYQW00000000	FIS	>	256		
AAC.01030-16_zac009165488sd2.xlsx	Table S2	AM46797	JYQW00000000	FOX	=	4		
AAC.01030-16_zac009165488sd2.xlsx	Table S2	AM46797	JYQW00000000	GEN	=	0.5		
AAC.01030-16_zac009165488sd2.xlsx	Table S2	AM46797	JYQW00000000	NAL	=	2		
AAC.01030-16_zac009165488sd2.xlsx	Table S2	AM46797	JYQW00000000	STR	>	64		
AAC.01030-16_zac009165488sd2.xlsx	Table S2	AM46797	JYQW00000000	TET	>	32		
AAC.01030-16_zac009165488sd2.xlsx	Table S2	AM46797	JYQW00000000	TIO	=	1		
AAC.01030-16_zac009165488sd2.xlsx	Table S2	AM47052	JYQX00000000	AMP	>	32		
AAC.01030-16_zac009165488sd2.xlsx	Table S2	AM47052	JYQX00000000	AMC	=	16		
AAC.01030-16_zac009165488sd2.xlsx	Table S2	AM47052	JYQX00000000	CRO	<=	0.25		
AAC.01030-16_zac009165488sd2.xlsx	Table S2	AM47052	JYQX00000000	AZM	=	4		
AAC.01030-16_zac009165488sd2.xlsx	Table S2	AM47052	JYQX00000000	CHL	=	8		
AAC.01030-16_zac009165488sd2.xlsx	Table S2	AM47052	JYQX00000000	CIP	>	4		
AAC.01030-16_zac009165488sd2.xlsx	Table S2	AM47052	JYQX00000000	SXT	=	0.25		
AAC.01030-16_zac009165488sd2.xlsx	Table S2	AM47052	JYQX00000000	FIS	>	256		
AAC.01030-16_zac009165488sd2.xlsx	Table S2	AM47052	JYQX00000000	FOX	=	4		
AAC.01030-16_zac009165488sd2.xlsx	Table S2	AM47052	JYQX00000000	GEN	>	16		
AAC.01030-16_zac009165488sd2.xlsx	Table S2	AM47052	JYQX00000000	NAL	>	32		
AAC.01030-16_zac009165488sd2.xlsx	Table S2	AM47052	JYQX00000000	STR	=	64		
AAC.01030-16_zac009165488sd2.xlsx	Table S2	AM47052	JYQX00000000	TET	>	32		
AAC.01030-16_zac009165488sd2.xlsx	Table S2	AM47052	JYQX00000000	TIO	=	1		
AAC.01030-16_zac009165488sd2.xlsx	Table S2	AM47193	JYQY00000000	AMP	=	2		
AAC.01030-16_zac009165488sd2.xlsx	Table S2	AM47193	JYQY00000000	AMC	<=	1		
AAC.01030-16_zac009165488sd2.xlsx	Table S2	AM47193	JYQY00000000	CRO	<=	0.25		
AAC.01030-16_zac009165488sd2.xlsx	Table S2	AM47193	JYQY00000000	AZM	=	4		
AAC.01030-16_zac009165488sd2.xlsx	Table S2	AM47193	JYQY00000000	CHL	=	8		
AAC.01030-16_zac009165488sd2.xlsx	Table S2	AM47193	JYQY00000000	CIP	=	0.03		
AAC.01030-16_zac009165488sd2.xlsx	Table S2	AM47193	JYQY00000000	SXT	=	0.25		
AAC.01030-16_zac009165488sd2.xlsx	Table S2	AM47193	JYQY00000000	FIS	=	64		
AAC.01030-16_zac009165488sd2.xlsx	Table S2	AM47193	JYQY00000000	FOX	=	2		
AAC.01030-16_zac009165488sd2.xlsx	Table S2	AM47193	JYQY00000000	GEN	=	0.5		
AAC.01030-16_zac009165488sd2.xlsx	Table S2	AM47193	JYQY00000000	NAL	=	4		
AAC.01030-16_zac009165488sd2.xlsx	Table S2	AM47193	JYQY00000000	STR	=	64		
AAC.01030-16_zac009165488sd2.xlsx	Table S2	AM47193	JYQY00000000	TET	<=	4		
AAC.01030-16_zac009165488sd2.xlsx	Table S2	AM47193	JYQY00000000	TIO	=	1		
AAC.01030-16_zac009165488sd2.xlsx	Table S2	AM47271	JYQZ00000000	AMP	<=	1		
AAC.01030-16_zac009165488sd2.xlsx	Table S2	AM47271	JYQZ00000000	AMC	<=	1		
AAC.01030-16_zac009165488sd2.xlsx	Table S2	AM47271	JYQZ00000000	CRO	<=	0.25		
AAC.01030-16_zac009165488sd2.xlsx	Table S2	AM47271	JYQZ00000000	AZM	=	4		
AAC.01030-16_zac009165488sd2.xlsx	Table S2	AM47271	JYQZ00000000	CHL	=	4		
AAC.01030-16_zac009165488sd2.xlsx	Table S2	AM47271	JYQZ00000000	CIP	<=	0.015		
AAC.01030-16_zac009165488sd2.xlsx	Table S2	AM47271	JYQZ00000000	SXT	<=	0.12		
AAC.01030-16_zac009165488sd2.xlsx	Table S2	AM47271	JYQZ00000000	FIS	=	32		
AAC.01030-16_zac009165488sd2.xlsx	Table S2	AM47271	JYQZ00000000	FOX	=	1		
AAC.01030-16_zac009165488sd2.xlsx	Table S2	AM47271	JYQZ00000000	GEN	=	0.5		
AAC.01030-16_zac009165488sd2.xlsx	Table S2	AM47271	JYQZ00000000	NAL	=	2		
AAC.01030-16_zac009165488sd2.xlsx	Table S2	AM47271	JYQZ00000000	STR	<=	32		
AAC.01030-16_zac009165488sd2.xlsx	Table S2	AM47271	JYQZ00000000	TET	>	32		
AAC.01030-16_zac009165488sd2.xlsx	Table S2	AM47271	JYQZ00000000	TIO	=	0.25		
AAC.01030-16_zac009165488sd2.xlsx	Table S2	AM47434	JYRA00000000	AMP	<=	1		
AAC.01030-16_zac009165488sd2.xlsx	Table S2	AM47434	JYRA00000000	AMC	<=	1		
AAC.01030-16_zac009165488sd2.xlsx	Table S2	AM47434	JYRA00000000	CRO	<=	0.25		
AAC.01030-16_zac009165488sd2.xlsx	Table S2	AM47434	JYRA00000000	AZM	=	4		
AAC.01030-16_zac009165488sd2.xlsx	Table S2	AM47434	JYRA00000000	CHL	=	4		
AAC.01030-16_zac009165488sd2.xlsx	Table S2	AM47434	JYRA00000000	CIP	=	0.5		
AAC.01030-16_zac009165488sd2.xlsx	Table S2	AM47434	JYRA00000000	SXT	<=	0.12		
AAC.01030-16_zac009165488sd2.xlsx	Table S2	AM47434	JYRA00000000	FIS	=	64		
AAC.01030-16_zac009165488sd2.xlsx	Table S2	AM47434	JYRA00000000	FOX	=	2		
AAC.01030-16_zac009165488sd2.xlsx	Table S2	AM47434	JYRA00000000	GEN	=	1		
AAC.01030-16_zac009165488sd2.xlsx	Table S2	AM47434	JYRA00000000	NAL	=	16		
AAC.01030-16_zac009165488sd2.xlsx	Table S2	AM47434	JYRA00000000	STR	<=	32		
AAC.01030-16_zac009165488sd2.xlsx	Table S2	AM47434	JYRA00000000	TET	<=	4		
AAC.01030-16_zac009165488sd2.xlsx	Table S2	AM47434	JYRA00000000	TIO	=	0.5		
AAC.01030-16_zac009165488sd2.xlsx	Table S2	AM47525	JYRB00000000	AMP	>	32		
AAC.01030-16_zac009165488sd2.xlsx	Table S2	AM47525	JYRB00000000	AMC	=	8		
AAC.01030-16_zac009165488sd2.xlsx	Table S2	AM47525	JYRB00000000	CRO	<=	0.25		
AAC.01030-16_zac009165488sd2.xlsx	Table S2	AM47525	JYRB00000000	AZM	=	2		
AAC.01030-16_zac009165488sd2.xlsx	Table S2	AM47525	JYRB00000000	CHL	=	4		
AAC.01030-16_zac009165488sd2.xlsx	Table S2	AM47525	JYRB00000000	CIP	<=	0.015		
AAC.01030-16_zac009165488sd2.xlsx	Table S2	AM47525	JYRB00000000	SXT	<=	0.12		
AAC.01030-16_zac009165488sd2.xlsx	Table S2	AM47525	JYRB00000000	FIS	=	64		
AAC.01030-16_zac009165488sd2.xlsx	Table S2	AM47525	JYRB00000000	FOX	=	2		
AAC.01030-16_zac009165488sd2.xlsx	Table S2	AM47525	JYRB00000000	GEN	=	0.5		
AAC.01030-16_zac009165488sd2.xlsx	Table S2	AM47525	JYRB00000000	NAL	=	4		
AAC.01030-16_zac009165488sd2.xlsx	Table S2	AM47525	JYRB00000000	STR	<=	32		
AAC.01030-16_zac009165488sd2.xlsx	Table S2	AM47525	JYRB00000000	TET	<=	4		
AAC.01030-16_zac009165488sd2.xlsx	Table S2	AM47525	JYRB00000000	TIO	=	1		
AAC.01030-16_zac009165488sd2.xlsx	Table S2	AM47574	JYRC00000000	AMP	>	32		
AAC.01030-16_zac009165488sd2.xlsx	Table S2	AM47574	JYRC00000000	AMC	=	16		
AAC.01030-16_zac009165488sd2.xlsx	Table S2	AM47574	JYRC00000000	CRO	<=	0.25		
AAC.01030-16_zac009165488sd2.xlsx	Table S2	AM47574	JYRC00000000	AZM	=	4		
AAC.01030-16_zac009165488sd2.xlsx	Table S2	AM47574	JYRC00000000	CHL	=	8		
AAC.01030-16_zac009165488sd2.xlsx	Table S2	AM47574	JYRC00000000	CIP	<=	0.015		
AAC.01030-16_zac009165488sd2.xlsx	Table S2	AM47574	JYRC00000000	SXT	<=	0.12		
AAC.01030-16_zac009165488sd2.xlsx	Table S2	AM47574	JYRC00000000	FIS	>	256		
AAC.01030-16_zac009165488sd2.xlsx	Table S2	AM47574	JYRC00000000	FOX	=	2		
AAC.01030-16_zac009165488sd2.xlsx	Table S2	AM47574	JYRC00000000	GEN	=	0.5		
AAC.01030-16_zac009165488sd2.xlsx	Table S2	AM47574	JYRC00000000	NAL	=	2		
AAC.01030-16_zac009165488sd2.xlsx	Table S2	AM47574	JYRC00000000	STR	<=	32		
AAC.01030-16_zac009165488sd2.xlsx	Table S2	AM47574	JYRC00000000	TET	<=	4		
AAC.01030-16_zac009165488sd2.xlsx	Table S2	AM47574	JYRC00000000	TIO	=	1		
AAC.01030-16_zac009165488sd2.xlsx	Table S2	AM47739	JYRD00000000	AMP	>	32		
AAC.01030-16_zac009165488sd2.xlsx	Table S2	AM47739	JYRD00000000	AMC	=	8		
AAC.01030-16_zac009165488sd2.xlsx	Table S2	AM47739	JYRD00000000	CRO	<=	0.25		
AAC.01030-16_zac009165488sd2.xlsx	Table S2	AM47739	JYRD00000000	AZM	=	4		
AAC.01030-16_zac009165488sd2.xlsx	Table S2	AM47739	JYRD00000000	CHL	=	4		
AAC.01030-16_zac009165488sd2.xlsx	Table S2	AM47739	JYRD00000000	CIP	<=	0.015		
AAC.01030-16_zac009165488sd2.xlsx	Table S2	AM47739	JYRD00000000	SXT	<=	0.12		
AAC.01030-16_zac009165488sd2.xlsx	Table S2	AM47739	JYRD00000000	FIS	>	256		
AAC.01030-16_zac009165488sd2.xlsx	Table S2	AM47739	JYRD00000000	FOX	=	1		
AAC.01030-16_zac009165488sd2.xlsx	Table S2	AM47739	JYRD00000000	GEN	=	0.5		
AAC.01030-16_zac009165488sd2.xlsx	Table S2	AM47739	JYRD00000000	NAL	=	2		
AAC.01030-16_zac009165488sd2.xlsx	Table S2	AM47739	JYRD00000000	STR	>	64		
AAC.01030-16_zac009165488sd2.xlsx	Table S2	AM47739	JYRD00000000	TET	<=	4		
AAC.01030-16_zac009165488sd2.xlsx	Table S2	AM47739	JYRD00000000	TIO	=	0.5		
AAC.01030-16_zac009165488sd2.xlsx	Table S2	AM47783	JYRE00000000	AMP	>	32		
AAC.01030-16_zac009165488sd2.xlsx	Table S2	AM47783	JYRE00000000	AMC	=	8		
AAC.01030-16_zac009165488sd2.xlsx	Table S2	AM47783	JYRE00000000	CRO	<=	0.25		
AAC.01030-16_zac009165488sd2.xlsx	Table S2	AM47783	JYRE00000000	AZM	>	16		
AAC.01030-16_zac009165488sd2.xlsx	Table S2	AM47783	JYRE00000000	CHL	=	4		
AAC.01030-16_zac009165488sd2.xlsx	Table S2	AM47783	JYRE00000000	CIP	<=	0.015		
AAC.01030-16_zac009165488sd2.xlsx	Table S2	AM47783	JYRE00000000	SXT	>	4		
AAC.01030-16_zac009165488sd2.xlsx	Table S2	AM47783	JYRE00000000	FIS	>	256		
AAC.01030-16_zac009165488sd2.xlsx	Table S2	AM47783	JYRE00000000	FOX	=	1		
AAC.01030-16_zac009165488sd2.xlsx	Table S2	AM47783	JYRE00000000	GEN	=	1		
AAC.01030-16_zac009165488sd2.xlsx	Table S2	AM47783	JYRE00000000	NAL	=	2		
AAC.01030-16_zac009165488sd2.xlsx	Table S2	AM47783	JYRE00000000	STR	>	64		
AAC.01030-16_zac009165488sd2.xlsx	Table S2	AM47783	JYRE00000000	TET	>	32		
AAC.01030-16_zac009165488sd2.xlsx	Table S2	AM47783	JYRE00000000	TIO	=	0.5		
AAC.01030-16_zac009165488sd2.xlsx	Table S2	AM47795	JYRF00000000	AMP	>	32		
AAC.01030-16_zac009165488sd2.xlsx	Table S2	AM47795	JYRF00000000	AMC	=	32		
AAC.01030-16_zac009165488sd2.xlsx	Table S2	AM47795	JYRF00000000	CRO	=	16		
AAC.01030-16_zac009165488sd2.xlsx	Table S2	AM47795	JYRF00000000	AZM	=	4		
AAC.01030-16_zac009165488sd2.xlsx	Table S2	AM47795	JYRF00000000	CHL	>	32		
AAC.01030-16_zac009165488sd2.xlsx	Table S2	AM47795	JYRF00000000	CIP	<=	0.015		
AAC.01030-16_zac009165488sd2.xlsx	Table S2	AM47795	JYRF00000000	SXT	>	4		
AAC.01030-16_zac009165488sd2.xlsx	Table S2	AM47795	JYRF00000000	FIS	>	256		
AAC.01030-16_zac009165488sd2.xlsx	Table S2	AM47795	JYRF00000000	FOX	=	32		
AAC.01030-16_zac009165488sd2.xlsx	Table S2	AM47795	JYRF00000000	GEN	=	0.5		
AAC.01030-16_zac009165488sd2.xlsx	Table S2	AM47795	JYRF00000000	NAL	=	2		
AAC.01030-16_zac009165488sd2.xlsx	Table S2	AM47795	JYRF00000000	STR	>	64		
AAC.01030-16_zac009165488sd2.xlsx	Table S2	AM47795	JYRF00000000	TET	>	32		
AAC.01030-16_zac009165488sd2.xlsx	Table S2	AM47795	JYRF00000000	TIO	>	8		
AAC.01030-16_zac009165488sd2.xlsx	Table S2	AM48046	JYRG00000000	AMP	>	32		
AAC.01030-16_zac009165488sd2.xlsx	Table S2	AM48046	JYRG00000000	AMC	=	32		
AAC.01030-16_zac009165488sd2.xlsx	Table S2	AM48046	JYRG00000000	CRO	=	8		
AAC.01030-16_zac009165488sd2.xlsx	Table S2	AM48046	JYRG00000000	AZM	=	8		
AAC.01030-16_zac009165488sd2.xlsx	Table S2	AM48046	JYRG00000000	CHL	=	4		
AAC.01030-16_zac009165488sd2.xlsx	Table S2	AM48046	JYRG00000000	CIP	<=	0.015		
AAC.01030-16_zac009165488sd2.xlsx	Table S2	AM48046	JYRG00000000	SXT	<=	0.12		
AAC.01030-16_zac009165488sd2.xlsx	Table S2	AM48046	JYRG00000000	FIS	>	256		
AAC.01030-16_zac009165488sd2.xlsx	Table S2	AM48046	JYRG00000000	FOX	>	32		
AAC.01030-16_zac009165488sd2.xlsx	Table S2	AM48046	JYRG00000000	GEN	=	0.5		
AAC.01030-16_zac009165488sd2.xlsx	Table S2	AM48046	JYRG00000000	NAL	=	4		
AAC.01030-16_zac009165488sd2.xlsx	Table S2	AM48046	JYRG00000000	STR	<=	32		
AAC.01030-16_zac009165488sd2.xlsx	Table S2	AM48046	JYRG00000000	TET	<=	4		
AAC.01030-16_zac009165488sd2.xlsx	Table S2	AM48046	JYRG00000000	TIO	>	8		
AAC.01030-16_zac009165488sd2.xlsx	Table S2	AM48258	JYRH00000000	AMP	>	32		
AAC.01030-16_zac009165488sd2.xlsx	Table S2	AM48258	JYRH00000000	AMC	>	32		
AAC.01030-16_zac009165488sd2.xlsx	Table S2	AM48258	JYRH00000000	CRO	=	32		
AAC.01030-16_zac009165488sd2.xlsx	Table S2	AM48258	JYRH00000000	AZM	=	4		
AAC.01030-16_zac009165488sd2.xlsx	Table S2	AM48258	JYRH00000000	CHL	=	32		
AAC.01030-16_zac009165488sd2.xlsx	Table S2	AM48258	JYRH00000000	CIP	<=	0.015		
AAC.01030-16_zac009165488sd2.xlsx	Table S2	AM48258	JYRH00000000	SXT	<=	0.12		
AAC.01030-16_zac009165488sd2.xlsx	Table S2	AM48258	JYRH00000000	FIS	>	256		
AAC.01030-16_zac009165488sd2.xlsx	Table S2	AM48258	JYRH00000000	FOX	>	32		
AAC.01030-16_zac009165488sd2.xlsx	Table S2	AM48258	JYRH00000000	GEN	>	16		
AAC.01030-16_zac009165488sd2.xlsx	Table S2	AM48258	JYRH00000000	NAL	=	4		
AAC.01030-16_zac009165488sd2.xlsx	Table S2	AM48258	JYRH00000000	STR	>	64		
AAC.01030-16_zac009165488sd2.xlsx	Table S2	AM48258	JYRH00000000	TET	<=	4		
AAC.01030-16_zac009165488sd2.xlsx	Table S2	AM48258	JYRH00000000	TIO	>	8		
AAC.01030-16_zac009165488sd2.xlsx	Table S2	AM48344	JYRI00000000	AMP	=	2		
AAC.01030-16_zac009165488sd2.xlsx	Table S2	AM48344	JYRI00000000	AMC	=	2		
AAC.01030-16_zac009165488sd2.xlsx	Table S2	AM48344	JYRI00000000	CRO	<=	0.25		
AAC.01030-16_zac009165488sd2.xlsx	Table S2	AM48344	JYRI00000000	AZM	=	4		
AAC.01030-16_zac009165488sd2.xlsx	Table S2	AM48344	JYRI00000000	CHL	>	32		
AAC.01030-16_zac009165488sd2.xlsx	Table S2	AM48344	JYRI00000000	CIP	=	0.03		
AAC.01030-16_zac009165488sd2.xlsx	Table S2	AM48344	JYRI00000000	SXT	=	4		
AAC.01030-16_zac009165488sd2.xlsx	Table S2	AM48344	JYRI00000000	FIS	>	256		
AAC.01030-16_zac009165488sd2.xlsx	Table S2	AM48344	JYRI00000000	FOX	=	8		
AAC.01030-16_zac009165488sd2.xlsx	Table S2	AM48344	JYRI00000000	GEN	=	1		
AAC.01030-16_zac009165488sd2.xlsx	Table S2	AM48344	JYRI00000000	NAL	=	4		
AAC.01030-16_zac009165488sd2.xlsx	Table S2	AM48344	JYRI00000000	STR	>	64		
AAC.01030-16_zac009165488sd2.xlsx	Table S2	AM48344	JYRI00000000	TET	>	32		
AAC.01030-16_zac009165488sd2.xlsx	Table S2	AM48344	JYRI00000000	TIO	=	0.5		
AAC.01030-16_zac009165488sd2.xlsx	Table S2	AM48381	JYRJ00000000	AMP	>	32		
AAC.01030-16_zac009165488sd2.xlsx	Table S2	AM48381	JYRJ00000000	AMC	=	32		
AAC.01030-16_zac009165488sd2.xlsx	Table S2	AM48381	JYRJ00000000	CRO	=	32		
AAC.01030-16_zac009165488sd2.xlsx	Table S2	AM48381	JYRJ00000000	AZM	=	8		
AAC.01030-16_zac009165488sd2.xlsx	Table S2	AM48381	JYRJ00000000	CHL	>	32		
AAC.01030-16_zac009165488sd2.xlsx	Table S2	AM48381	JYRJ00000000	CIP	=	0.5		
AAC.01030-16_zac009165488sd2.xlsx	Table S2	AM48381	JYRJ00000000	SXT	=	0.25		
AAC.01030-16_zac009165488sd2.xlsx	Table S2	AM48381	JYRJ00000000	FIS	>	256		
AAC.01030-16_zac009165488sd2.xlsx	Table S2	AM48381	JYRJ00000000	FOX	>	32		
AAC.01030-16_zac009165488sd2.xlsx	Table S2	AM48381	JYRJ00000000	GEN	=	0.5		
AAC.01030-16_zac009165488sd2.xlsx	Table S2	AM48381	JYRJ00000000	NAL	=	32		
AAC.01030-16_zac009165488sd2.xlsx	Table S2	AM48381	JYRJ00000000	STR	>	64		
AAC.01030-16_zac009165488sd2.xlsx	Table S2	AM48381	JYRJ00000000	TET	>	32		
AAC.01030-16_zac009165488sd2.xlsx	Table S2	AM48381	JYRJ00000000	TIO	>	8		
AAC.01030-16_zac009165488sd2.xlsx	Table S2	AM48418	JYRK00000000	AMP	=	32		
AAC.01030-16_zac009165488sd2.xlsx	Table S2	AM48418	JYRK00000000	AMC	=	4		
AAC.01030-16_zac009165488sd2.xlsx	Table S2	AM48418	JYRK00000000	CRO	<=	0.25		
AAC.01030-16_zac009165488sd2.xlsx	Table S2	AM48418	JYRK00000000	AZM	=	8		
AAC.01030-16_zac009165488sd2.xlsx	Table S2	AM48418	JYRK00000000	CHL	=	8		
AAC.01030-16_zac009165488sd2.xlsx	Table S2	AM48418	JYRK00000000	CIP	<=	0.015		
AAC.01030-16_zac009165488sd2.xlsx	Table S2	AM48418	JYRK00000000	SXT	>	4		
AAC.01030-16_zac009165488sd2.xlsx	Table S2	AM48418	JYRK00000000	FIS	>	256		
AAC.01030-16_zac009165488sd2.xlsx	Table S2	AM48418	JYRK00000000	FOX	=	2		
AAC.01030-16_zac009165488sd2.xlsx	Table S2	AM48418	JYRK00000000	GEN	=	0.5		
AAC.01030-16_zac009165488sd2.xlsx	Table S2	AM48418	JYRK00000000	NAL	=	4		
AAC.01030-16_zac009165488sd2.xlsx	Table S2	AM48418	JYRK00000000	STR	<=	32		
AAC.01030-16_zac009165488sd2.xlsx	Table S2	AM48418	JYRK00000000	TET	>	32		
AAC.01030-16_zac009165488sd2.xlsx	Table S2	AM48418	JYRK00000000	TIO	=	1		
AAC.01030-16_zac009165488sd2.xlsx	Table S2	AM48522	JYRL00000000	AMP	<=	1		
AAC.01030-16_zac009165488sd2.xlsx	Table S2	AM48522	JYRL00000000	AMC	<=	1		
AAC.01030-16_zac009165488sd2.xlsx	Table S2	AM48522	JYRL00000000	CRO	<=	0.25		
AAC.01030-16_zac009165488sd2.xlsx	Table S2	AM48522	JYRL00000000	AZM	=	4		
AAC.01030-16_zac009165488sd2.xlsx	Table S2	AM48522	JYRL00000000	CHL	=	4		
AAC.01030-16_zac009165488sd2.xlsx	Table S2	AM48522	JYRL00000000	CIP	<=	0.015		
AAC.01030-16_zac009165488sd2.xlsx	Table S2	AM48522	JYRL00000000	SXT	<=	0.12		
AAC.01030-16_zac009165488sd2.xlsx	Table S2	AM48522	JYRL00000000	FIS	=	64		
AAC.01030-16_zac009165488sd2.xlsx	Table S2	AM48522	JYRL00000000	FOX	=	2		
AAC.01030-16_zac009165488sd2.xlsx	Table S2	AM48522	JYRL00000000	GEN	=	0.5		
AAC.01030-16_zac009165488sd2.xlsx	Table S2	AM48522	JYRL00000000	NAL	=	4		
AAC.01030-16_zac009165488sd2.xlsx	Table S2	AM48522	JYRL00000000	STR	<=	32		
AAC.01030-16_zac009165488sd2.xlsx	Table S2	AM48522	JYRL00000000	TET	<=	4		
AAC.01030-16_zac009165488sd2.xlsx	Table S2	AM48522	JYRL00000000	TIO	=	1		
AAC.01030-16_zac009165488sd2.xlsx	Table S2	AM48608	JYRM00000000	AMP	>	32		
AAC.01030-16_zac009165488sd2.xlsx	Table S2	AM48608	JYRM00000000	AMC	=	32		
AAC.01030-16_zac009165488sd2.xlsx	Table S2	AM48608	JYRM00000000	CRO	=	4		
AAC.01030-16_zac009165488sd2.xlsx	Table S2	AM48608	JYRM00000000	AZM	=	4		
AAC.01030-16_zac009165488sd2.xlsx	Table S2	AM48608	JYRM00000000	CHL	>	32		
AAC.01030-16_zac009165488sd2.xlsx	Table S2	AM48608	JYRM00000000	CIP	<=	0.015		
AAC.01030-16_zac009165488sd2.xlsx	Table S2	AM48608	JYRM00000000	SXT	=	0.25		
AAC.01030-16_zac009165488sd2.xlsx	Table S2	AM48608	JYRM00000000	FIS	>	256		
AAC.01030-16_zac009165488sd2.xlsx	Table S2	AM48608	JYRM00000000	FOX	=	16		
AAC.01030-16_zac009165488sd2.xlsx	Table S2	AM48608	JYRM00000000	GEN	=	0.5		
AAC.01030-16_zac009165488sd2.xlsx	Table S2	AM48608	JYRM00000000	NAL	=	4		
AAC.01030-16_zac009165488sd2.xlsx	Table S2	AM48608	JYRM00000000	STR	>	64		
AAC.01030-16_zac009165488sd2.xlsx	Table S2	AM48608	JYRM00000000	TET	>	32		
AAC.01030-16_zac009165488sd2.xlsx	Table S2	AM48608	JYRM00000000	TIO	=	8		
AAC.01030-16_zac009165488sd2.xlsx	Table S2	AM48708	JYRN00000000	AMP	<=	1		
AAC.01030-16_zac009165488sd2.xlsx	Table S2	AM48708	JYRN00000000	AMC	<=	1		
AAC.01030-16_zac009165488sd2.xlsx	Table S2	AM48708	JYRN00000000	CRO	<=	0.25		
AAC.01030-16_zac009165488sd2.xlsx	Table S2	AM48708	JYRN00000000	AZM	=	4		
AAC.01030-16_zac009165488sd2.xlsx	Table S2	AM48708	JYRN00000000	CHL	=	8		
AAC.01030-16_zac009165488sd2.xlsx	Table S2	AM48708	JYRN00000000	CIP	<=	0.015		
AAC.01030-16_zac009165488sd2.xlsx	Table S2	AM48708	JYRN00000000	SXT	<=	0.12		
AAC.01030-16_zac009165488sd2.xlsx	Table S2	AM48708	JYRN00000000	FIS	=	32		
AAC.01030-16_zac009165488sd2.xlsx	Table S2	AM48708	JYRN00000000	FOX	=	2		
AAC.01030-16_zac009165488sd2.xlsx	Table S2	AM48708	JYRN00000000	GEN	=	0.5		
AAC.01030-16_zac009165488sd2.xlsx	Table S2	AM48708	JYRN00000000	NAL	=	4		
AAC.01030-16_zac009165488sd2.xlsx	Table S2	AM48708	JYRN00000000	STR	<=	32		
AAC.01030-16_zac009165488sd2.xlsx	Table S2	AM48708	JYRN00000000	TET	<=	4		
AAC.01030-16_zac009165488sd2.xlsx	Table S2	AM48708	JYRN00000000	TIO	=	1		
AAC.01030-16_zac009165488sd2.xlsx	Table S2	AM48744	JYRO00000000	AMP	<=	1		
AAC.01030-16_zac009165488sd2.xlsx	Table S2	AM48744	JYRO00000000	AMC	<=	1		
AAC.01030-16_zac009165488sd2.xlsx	Table S2	AM48744	JYRO00000000	CRO	<=	0.25		
AAC.01030-16_zac009165488sd2.xlsx	Table S2	AM48744	JYRO00000000	AZM	=	4		
AAC.01030-16_zac009165488sd2.xlsx	Table S2	AM48744	JYRO00000000	CHL	=	4		
AAC.01030-16_zac009165488sd2.xlsx	Table S2	AM48744	JYRO00000000	CIP	<=	0.015		
AAC.01030-16_zac009165488sd2.xlsx	Table S2	AM48744	JYRO00000000	SXT	<=	0.12		
AAC.01030-16_zac009165488sd2.xlsx	Table S2	AM48744	JYRO00000000	FIS	=	64		
AAC.01030-16_zac009165488sd2.xlsx	Table S2	AM48744	JYRO00000000	FOX	=	2		
AAC.01030-16_zac009165488sd2.xlsx	Table S2	AM48744	JYRO00000000	GEN	<=	0.25		
AAC.01030-16_zac009165488sd2.xlsx	Table S2	AM48744	JYRO00000000	NAL	=	4		
AAC.01030-16_zac009165488sd2.xlsx	Table S2	AM48744	JYRO00000000	STR	<=	32		
AAC.01030-16_zac009165488sd2.xlsx	Table S2	AM48744	JYRO00000000	TET	<=	4		
AAC.01030-16_zac009165488sd2.xlsx	Table S2	AM48744	JYRO00000000	TIO	=	1		
AAC.01030-16_zac009165488sd2.xlsx	Table S2	AM48752	JYRP00000000	AMP	<=	1		
AAC.01030-16_zac009165488sd2.xlsx	Table S2	AM48752	JYRP00000000	AMC	<=	1		
AAC.01030-16_zac009165488sd2.xlsx	Table S2	AM48752	JYRP00000000	CRO	<=	0.25		
AAC.01030-16_zac009165488sd2.xlsx	Table S2	AM48752	JYRP00000000	AZM	=	4		
AAC.01030-16_zac009165488sd2.xlsx	Table S2	AM48752	JYRP00000000	CHL	=	8		
AAC.01030-16_zac009165488sd2.xlsx	Table S2	AM48752	JYRP00000000	CIP	<=	0.015		
AAC.01030-16_zac009165488sd2.xlsx	Table S2	AM48752	JYRP00000000	SXT	<=	0.12		
AAC.01030-16_zac009165488sd2.xlsx	Table S2	AM48752	JYRP00000000	FIS	=	128		
AAC.01030-16_zac009165488sd2.xlsx	Table S2	AM48752	JYRP00000000	FOX	=	2		
AAC.01030-16_zac009165488sd2.xlsx	Table S2	AM48752	JYRP00000000	GEN	=	0.5		
AAC.01030-16_zac009165488sd2.xlsx	Table S2	AM48752	JYRP00000000	NAL	=	4		
AAC.01030-16_zac009165488sd2.xlsx	Table S2	AM48752	JYRP00000000	STR	<=	32		
AAC.01030-16_zac009165488sd2.xlsx	Table S2	AM48752	JYRP00000000	TET	<=	4		
AAC.01030-16_zac009165488sd2.xlsx	Table S2	AM48752	JYRP00000000	TIO	=	1		
AAC.01030-16_zac009165488sd2.xlsx	Table S2	AM48764	JYRQ00000000	AMP	>	32		
AAC.01030-16_zac009165488sd2.xlsx	Table S2	AM48764	JYRQ00000000	AMC	>	32		
AAC.01030-16_zac009165488sd2.xlsx	Table S2	AM48764	JYRQ00000000	CRO	=	16		
AAC.01030-16_zac009165488sd2.xlsx	Table S2	AM48764	JYRQ00000000	AZM	=	4		
AAC.01030-16_zac009165488sd2.xlsx	Table S2	AM48764	JYRQ00000000	CHL	=	4		
AAC.01030-16_zac009165488sd2.xlsx	Table S2	AM48764	JYRQ00000000	CIP	<=	0.015		
AAC.01030-16_zac009165488sd2.xlsx	Table S2	AM48764	JYRQ00000000	SXT	<=	0.12		
AAC.01030-16_zac009165488sd2.xlsx	Table S2	AM48764	JYRQ00000000	FIS	>	256		
AAC.01030-16_zac009165488sd2.xlsx	Table S2	AM48764	JYRQ00000000	FOX	>	32		
AAC.01030-16_zac009165488sd2.xlsx	Table S2	AM48764	JYRQ00000000	GEN	<=	0.25		
AAC.01030-16_zac009165488sd2.xlsx	Table S2	AM48764	JYRQ00000000	NAL	=	2		
AAC.01030-16_zac009165488sd2.xlsx	Table S2	AM48764	JYRQ00000000	STR	<=	32		
AAC.01030-16_zac009165488sd2.xlsx	Table S2	AM48764	JYRQ00000000	TET	>	32		
AAC.01030-16_zac009165488sd2.xlsx	Table S2	AM48764	JYRQ00000000	TIO	>	8		
AAC.01030-16_zac009165488sd2.xlsx	Table S2	AM48793	JYRR00000000	AMP	<=	1		
AAC.01030-16_zac009165488sd2.xlsx	Table S2	AM48793	JYRR00000000	AMC	<=	1		
AAC.01030-16_zac009165488sd2.xlsx	Table S2	AM48793	JYRR00000000	CRO	<=	0.25		
AAC.01030-16_zac009165488sd2.xlsx	Table S2	AM48793	JYRR00000000	AZM	=	4		
AAC.01030-16_zac009165488sd2.xlsx	Table S2	AM48793	JYRR00000000	CHL	=	8		
AAC.01030-16_zac009165488sd2.xlsx	Table S2	AM48793	JYRR00000000	CIP	<=	0.015		
AAC.01030-16_zac009165488sd2.xlsx	Table S2	AM48793	JYRR00000000	SXT	<=	0.12		
AAC.01030-16_zac009165488sd2.xlsx	Table S2	AM48793	JYRR00000000	FIS	<=	16		
AAC.01030-16_zac009165488sd2.xlsx	Table S2	AM48793	JYRR00000000	FOX	=	4		
AAC.01030-16_zac009165488sd2.xlsx	Table S2	AM48793	JYRR00000000	GEN	=	0.5		
AAC.01030-16_zac009165488sd2.xlsx	Table S2	AM48793	JYRR00000000	NAL	=	2		
AAC.01030-16_zac009165488sd2.xlsx	Table S2	AM48793	JYRR00000000	STR	<=	32		
AAC.01030-16_zac009165488sd2.xlsx	Table S2	AM48793	JYRR00000000	TET	<=	4		
AAC.01030-16_zac009165488sd2.xlsx	Table S2	AM48793	JYRR00000000	TIO	=	0.5		
AAC.01030-16_zac009165488sd2.xlsx	Table S2	AM48902	JYRS00000000	AMP	<=	1		
AAC.01030-16_zac009165488sd2.xlsx	Table S2	AM48902	JYRS00000000	AMC	<=	1		
AAC.01030-16_zac009165488sd2.xlsx	Table S2	AM48902	JYRS00000000	CRO	<=	0.25		
AAC.01030-16_zac009165488sd2.xlsx	Table S2	AM48902	JYRS00000000	AZM	=	4		
AAC.01030-16_zac009165488sd2.xlsx	Table S2	AM48902	JYRS00000000	CHL	=	4		
AAC.01030-16_zac009165488sd2.xlsx	Table S2	AM48902	JYRS00000000	CIP	<=	0.015		
AAC.01030-16_zac009165488sd2.xlsx	Table S2	AM48902	JYRS00000000	SXT	<=	0.12		
AAC.01030-16_zac009165488sd2.xlsx	Table S2	AM48902	JYRS00000000	FIS	=	64		
AAC.01030-16_zac009165488sd2.xlsx	Table S2	AM48902	JYRS00000000	FOX	=	2		
AAC.01030-16_zac009165488sd2.xlsx	Table S2	AM48902	JYRS00000000	GEN	=	0.5		
AAC.01030-16_zac009165488sd2.xlsx	Table S2	AM48902	JYRS00000000	NAL	=	4		
AAC.01030-16_zac009165488sd2.xlsx	Table S2	AM48902	JYRS00000000	STR	<=	32		
AAC.01030-16_zac009165488sd2.xlsx	Table S2	AM48902	JYRS00000000	TET	<=	4		
AAC.01030-16_zac009165488sd2.xlsx	Table S2	AM48902	JYRS00000000	TIO	=	1		
AAC.01030-16_zac009165488sd2.xlsx	Table S2	AM48969	JYRT00000000	AMP	<=	1		
AAC.01030-16_zac009165488sd2.xlsx	Table S2	AM48969	JYRT00000000	AMC	<=	1		
AAC.01030-16_zac009165488sd2.xlsx	Table S2	AM48969	JYRT00000000	CRO	<=	0.25		
AAC.01030-16_zac009165488sd2.xlsx	Table S2	AM48969	JYRT00000000	AZM	=	4		
AAC.01030-16_zac009165488sd2.xlsx	Table S2	AM48969	JYRT00000000	CHL	=	4		
AAC.01030-16_zac009165488sd2.xlsx	Table S2	AM48969	JYRT00000000	CIP	<=	0.015		
AAC.01030-16_zac009165488sd2.xlsx	Table S2	AM48969	JYRT00000000	SXT	>	4		
AAC.01030-16_zac009165488sd2.xlsx	Table S2	AM48969	JYRT00000000	FIS	>	256		
AAC.01030-16_zac009165488sd2.xlsx	Table S2	AM48969	JYRT00000000	FOX	=	1		
AAC.01030-16_zac009165488sd2.xlsx	Table S2	AM48969	JYRT00000000	GEN	=	0.5		
AAC.01030-16_zac009165488sd2.xlsx	Table S2	AM48969	JYRT00000000	NAL	=	2		
AAC.01030-16_zac009165488sd2.xlsx	Table S2	AM48969	JYRT00000000	STR	>	64		
AAC.01030-16_zac009165488sd2.xlsx	Table S2	AM48969	JYRT00000000	TET	<=	4		
AAC.01030-16_zac009165488sd2.xlsx	Table S2	AM48969	JYRT00000000	TIO	=	1		
AAC.01030-16_zac009165488sd2.xlsx	Table S2	AM49029	JYRU00000000	AMP	<=	1		
AAC.01030-16_zac009165488sd2.xlsx	Table S2	AM49029	JYRU00000000	AMC	<=	1		
AAC.01030-16_zac009165488sd2.xlsx	Table S2	AM49029	JYRU00000000	CRO	<=	0.25		
AAC.01030-16_zac009165488sd2.xlsx	Table S2	AM49029	JYRU00000000	AZM	=	4		
AAC.01030-16_zac009165488sd2.xlsx	Table S2	AM49029	JYRU00000000	CHL	=	4		
AAC.01030-16_zac009165488sd2.xlsx	Table S2	AM49029	JYRU00000000	CIP	<=	0.015		
AAC.01030-16_zac009165488sd2.xlsx	Table S2	AM49029	JYRU00000000	SXT	<=	0.12		
AAC.01030-16_zac009165488sd2.xlsx	Table S2	AM49029	JYRU00000000	FIS	=	32		
AAC.01030-16_zac009165488sd2.xlsx	Table S2	AM49029	JYRU00000000	FOX	=	8		
AAC.01030-16_zac009165488sd2.xlsx	Table S2	AM49029	JYRU00000000	GEN	=	1		
AAC.01030-16_zac009165488sd2.xlsx	Table S2	AM49029	JYRU00000000	NAL	=	4		
AAC.01030-16_zac009165488sd2.xlsx	Table S2	AM49029	JYRU00000000	STR	<=	32		
AAC.01030-16_zac009165488sd2.xlsx	Table S2	AM49029	JYRU00000000	TET	<=	4		
AAC.01030-16_zac009165488sd2.xlsx	Table S2	AM49029	JYRU00000000	TIO	=	0.5		
AAC.01030-16_zac009165488sd2.xlsx	Table S2	AM49109	JYRV00000000	AMP	<=	1		
AAC.01030-16_zac009165488sd2.xlsx	Table S2	AM49109	JYRV00000000	AMC	<=	1		
AAC.01030-16_zac009165488sd2.xlsx	Table S2	AM49109	JYRV00000000	CRO	<=	0.25		
AAC.01030-16_zac009165488sd2.xlsx	Table S2	AM49109	JYRV00000000	AZM	=	4		
AAC.01030-16_zac009165488sd2.xlsx	Table S2	AM49109	JYRV00000000	CHL	=	4		
AAC.01030-16_zac009165488sd2.xlsx	Table S2	AM49109	JYRV00000000	CIP	<=	0.015		
AAC.01030-16_zac009165488sd2.xlsx	Table S2	AM49109	JYRV00000000	SXT	<=	0.12		
AAC.01030-16_zac009165488sd2.xlsx	Table S2	AM49109	JYRV00000000	FIS	=	32		
AAC.01030-16_zac009165488sd2.xlsx	Table S2	AM49109	JYRV00000000	FOX	=	2		
AAC.01030-16_zac009165488sd2.xlsx	Table S2	AM49109	JYRV00000000	GEN	=	0.5		
AAC.01030-16_zac009165488sd2.xlsx	Table S2	AM49109	JYRV00000000	NAL	=	4		
AAC.01030-16_zac009165488sd2.xlsx	Table S2	AM49109	JYRV00000000	STR	<=	32		
AAC.01030-16_zac009165488sd2.xlsx	Table S2	AM49109	JYRV00000000	TET	<=	4		
AAC.01030-16_zac009165488sd2.xlsx	Table S2	AM49109	JYRV00000000	TIO	=	0.5		
AAC.01030-16_zac009165488sd2.xlsx	Table S2	AM49153	JYRW00000000	AMP	>	32		
AAC.01030-16_zac009165488sd2.xlsx	Table S2	AM49153	JYRW00000000	AMC	>	32		
AAC.01030-16_zac009165488sd2.xlsx	Table S2	AM49153	JYRW00000000	CRO	=	32		
AAC.01030-16_zac009165488sd2.xlsx	Table S2	AM49153	JYRW00000000	AZM	=	4		
AAC.01030-16_zac009165488sd2.xlsx	Table S2	AM49153	JYRW00000000	CHL	>	32		
AAC.01030-16_zac009165488sd2.xlsx	Table S2	AM49153	JYRW00000000	CIP	<=	0.015		
AAC.01030-16_zac009165488sd2.xlsx	Table S2	AM49153	JYRW00000000	SXT	<=	0.12		
AAC.01030-16_zac009165488sd2.xlsx	Table S2	AM49153	JYRW00000000	FIS	>	256		
AAC.01030-16_zac009165488sd2.xlsx	Table S2	AM49153	JYRW00000000	FOX	>	32		
AAC.01030-16_zac009165488sd2.xlsx	Table S2	AM49153	JYRW00000000	GEN	>	16		
AAC.01030-16_zac009165488sd2.xlsx	Table S2	AM49153	JYRW00000000	NAL	=	2		
AAC.01030-16_zac009165488sd2.xlsx	Table S2	AM49153	JYRW00000000	STR	>	64		
AAC.01030-16_zac009165488sd2.xlsx	Table S2	AM49153	JYRW00000000	TET	>	32		
AAC.01030-16_zac009165488sd2.xlsx	Table S2	AM49153	JYRW00000000	TIO	>	8		
AAC.01030-16_zac009165488sd2.xlsx	Table S2	AM49162	JYRX00000000	AMP	<=	1		
AAC.01030-16_zac009165488sd2.xlsx	Table S2	AM49162	JYRX00000000	AMC	<=	1		
AAC.01030-16_zac009165488sd2.xlsx	Table S2	AM49162	JYRX00000000	CRO	<=	0.25		
AAC.01030-16_zac009165488sd2.xlsx	Table S2	AM49162	JYRX00000000	AZM	=	4		
AAC.01030-16_zac009165488sd2.xlsx	Table S2	AM49162	JYRX00000000	CHL	=	4		
AAC.01030-16_zac009165488sd2.xlsx	Table S2	AM49162	JYRX00000000	CIP	<=	0.015		
AAC.01030-16_zac009165488sd2.xlsx	Table S2	AM49162	JYRX00000000	SXT	<=	0.12		
AAC.01030-16_zac009165488sd2.xlsx	Table S2	AM49162	JYRX00000000	FIS	=	32		
AAC.01030-16_zac009165488sd2.xlsx	Table S2	AM49162	JYRX00000000	FOX	=	1		
AAC.01030-16_zac009165488sd2.xlsx	Table S2	AM49162	JYRX00000000	GEN	=	0.5		
AAC.01030-16_zac009165488sd2.xlsx	Table S2	AM49162	JYRX00000000	NAL	=	2		
AAC.01030-16_zac009165488sd2.xlsx	Table S2	AM49162	JYRX00000000	STR	<=	32		
AAC.01030-16_zac009165488sd2.xlsx	Table S2	AM49162	JYRX00000000	TET	<=	4		
AAC.01030-16_zac009165488sd2.xlsx	Table S2	AM49162	JYRX00000000	TIO	=	0.5		
AAC.01030-16_zac009165488sd2.xlsx	Table S2	AM49279	JYRY00000000	AMP	>	32		
AAC.01030-16_zac009165488sd2.xlsx	Table S2	AM49279	JYRY00000000	AMC	=	8		
AAC.01030-16_zac009165488sd2.xlsx	Table S2	AM49279	JYRY00000000	CRO	<=	0.25		
AAC.01030-16_zac009165488sd2.xlsx	Table S2	AM49279	JYRY00000000	AZM	=	4		
AAC.01030-16_zac009165488sd2.xlsx	Table S2	AM49279	JYRY00000000	CHL	=	4		
AAC.01030-16_zac009165488sd2.xlsx	Table S2	AM49279	JYRY00000000	CIP	<=	0.015		
AAC.01030-16_zac009165488sd2.xlsx	Table S2	AM49279	JYRY00000000	SXT	<=	0.12		
AAC.01030-16_zac009165488sd2.xlsx	Table S2	AM49279	JYRY00000000	FIS	=	32		
AAC.01030-16_zac009165488sd2.xlsx	Table S2	AM49279	JYRY00000000	FOX	=	1		
AAC.01030-16_zac009165488sd2.xlsx	Table S2	AM49279	JYRY00000000	GEN	>	16		
AAC.01030-16_zac009165488sd2.xlsx	Table S2	AM49279	JYRY00000000	NAL	=	2		
AAC.01030-16_zac009165488sd2.xlsx	Table S2	AM49279	JYRY00000000	STR	=	64		
AAC.01030-16_zac009165488sd2.xlsx	Table S2	AM49279	JYRY00000000	TET	>	32		
AAC.01030-16_zac009165488sd2.xlsx	Table S2	AM49279	JYRY00000000	TIO	=	0.5		
AAC.01030-16_zac009165488sd2.xlsx	Table S2	AM49414	JYRZ00000000	AMP	<=	1		
AAC.01030-16_zac009165488sd2.xlsx	Table S2	AM49414	JYRZ00000000	AMC	<=	1		
AAC.01030-16_zac009165488sd2.xlsx	Table S2	AM49414	JYRZ00000000	CRO	<=	0.25		
AAC.01030-16_zac009165488sd2.xlsx	Table S2	AM49414	JYRZ00000000	AZM	=	4		
AAC.01030-16_zac009165488sd2.xlsx	Table S2	AM49414	JYRZ00000000	CHL	=	8		
AAC.01030-16_zac009165488sd2.xlsx	Table S2	AM49414	JYRZ00000000	CIP	<=	0.015		
AAC.01030-16_zac009165488sd2.xlsx	Table S2	AM49414	JYRZ00000000	SXT	<=	0.12		
AAC.01030-16_zac009165488sd2.xlsx	Table S2	AM49414	JYRZ00000000	FIS	=	32		
AAC.01030-16_zac009165488sd2.xlsx	Table S2	AM49414	JYRZ00000000	FOX	=	4		
AAC.01030-16_zac009165488sd2.xlsx	Table S2	AM49414	JYRZ00000000	GEN	=	0.5		
AAC.01030-16_zac009165488sd2.xlsx	Table S2	AM49414	JYRZ00000000	NAL	=	4		
AAC.01030-16_zac009165488sd2.xlsx	Table S2	AM49414	JYRZ00000000	STR	<=	32		
AAC.01030-16_zac009165488sd2.xlsx	Table S2	AM49414	JYRZ00000000	TET	<=	4		
AAC.01030-16_zac009165488sd2.xlsx	Table S2	AM49414	JYRZ00000000	TIO	=	1		
AAC.01030-16_zac009165488sd2.xlsx	Table S2	AM49434	JYSA00000000	AMP	>	32		
AAC.01030-16_zac009165488sd2.xlsx	Table S2	AM49434	JYSA00000000	AMC	=	32		
AAC.01030-16_zac009165488sd2.xlsx	Table S2	AM49434	JYSA00000000	CRO	<=	0.25		
AAC.01030-16_zac009165488sd2.xlsx	Table S2	AM49434	JYSA00000000	AZM	=	8		
AAC.01030-16_zac009165488sd2.xlsx	Table S2	AM49434	JYSA00000000	CHL	>	32		
AAC.01030-16_zac009165488sd2.xlsx	Table S2	AM49434	JYSA00000000	CIP	<=	0.015		
AAC.01030-16_zac009165488sd2.xlsx	Table S2	AM49434	JYSA00000000	SXT	<=	0.12		
AAC.01030-16_zac009165488sd2.xlsx	Table S2	AM49434	JYSA00000000	FIS	>	256		
AAC.01030-16_zac009165488sd2.xlsx	Table S2	AM49434	JYSA00000000	FOX	=	2		
AAC.01030-16_zac009165488sd2.xlsx	Table S2	AM49434	JYSA00000000	GEN	=	0.5		
AAC.01030-16_zac009165488sd2.xlsx	Table S2	AM49434	JYSA00000000	NAL	=	2		
AAC.01030-16_zac009165488sd2.xlsx	Table S2	AM49434	JYSA00000000	STR	>	64		
AAC.01030-16_zac009165488sd2.xlsx	Table S2	AM49434	JYSA00000000	TET	>	32		
AAC.01030-16_zac009165488sd2.xlsx	Table S2	AM49434	JYSA00000000	TIO	=	1		
AAC.01030-16_zac009165488sd2.xlsx	Table S2	AM49584	JYSB00000000	AMP	>	32		
AAC.01030-16_zac009165488sd2.xlsx	Table S2	AM49584	JYSB00000000	AMC	>	32		
AAC.01030-16_zac009165488sd2.xlsx	Table S2	AM49584	JYSB00000000	CRO	=	16		
AAC.01030-16_zac009165488sd2.xlsx	Table S2	AM49584	JYSB00000000	AZM	=	4		
AAC.01030-16_zac009165488sd2.xlsx	Table S2	AM49584	JYSB00000000	CHL	=	4		
AAC.01030-16_zac009165488sd2.xlsx	Table S2	AM49584	JYSB00000000	CIP	<=	0.015		
AAC.01030-16_zac009165488sd2.xlsx	Table S2	AM49584	JYSB00000000	SXT	<=	0.12		
AAC.01030-16_zac009165488sd2.xlsx	Table S2	AM49584	JYSB00000000	FIS	>	256		
AAC.01030-16_zac009165488sd2.xlsx	Table S2	AM49584	JYSB00000000	FOX	=	32		
AAC.01030-16_zac009165488sd2.xlsx	Table S2	AM49584	JYSB00000000	GEN	=	0.5		
AAC.01030-16_zac009165488sd2.xlsx	Table S2	AM49584	JYSB00000000	NAL	=	2		
AAC.01030-16_zac009165488sd2.xlsx	Table S2	AM49584	JYSB00000000	STR	>	64		
AAC.01030-16_zac009165488sd2.xlsx	Table S2	AM49584	JYSB00000000	TET	<=	4		
AAC.01030-16_zac009165488sd2.xlsx	Table S2	AM49584	JYSB00000000	TIO	>	8		
AAC.01030-16_zac009165488sd2.xlsx	Table S2	AM49688	JYSC00000000	AMP	>	32		
AAC.01030-16_zac009165488sd2.xlsx	Table S2	AM49688	JYSC00000000	AMC	=	8		
AAC.01030-16_zac009165488sd2.xlsx	Table S2	AM49688	JYSC00000000	CRO	<=	0.25		
AAC.01030-16_zac009165488sd2.xlsx	Table S2	AM49688	JYSC00000000	AZM	=	4		
AAC.01030-16_zac009165488sd2.xlsx	Table S2	AM49688	JYSC00000000	CHL	=	8		
AAC.01030-16_zac009165488sd2.xlsx	Table S2	AM49688	JYSC00000000	CIP	<=	0.015		
AAC.01030-16_zac009165488sd2.xlsx	Table S2	AM49688	JYSC00000000	SXT	<=	0.12		
AAC.01030-16_zac009165488sd2.xlsx	Table S2	AM49688	JYSC00000000	FIS	=	32		
AAC.01030-16_zac009165488sd2.xlsx	Table S2	AM49688	JYSC00000000	FOX	=	1		
AAC.01030-16_zac009165488sd2.xlsx	Table S2	AM49688	JYSC00000000	GEN	>	16		
AAC.01030-16_zac009165488sd2.xlsx	Table S2	AM49688	JYSC00000000	NAL	=	2		
AAC.01030-16_zac009165488sd2.xlsx	Table S2	AM49688	JYSC00000000	STR	<=	32		
AAC.01030-16_zac009165488sd2.xlsx	Table S2	AM49688	JYSC00000000	TET	>	32		
AAC.01030-16_zac009165488sd2.xlsx	Table S2	AM49688	JYSC00000000	TIO	=	0.5		
AAC.01030-16_zac009165488sd2.xlsx	Table S2	AM49832	JYSD00000000	AMP	<=	1		
AAC.01030-16_zac009165488sd2.xlsx	Table S2	AM49832	JYSD00000000	AMC	<=	1		
AAC.01030-16_zac009165488sd2.xlsx	Table S2	AM49832	JYSD00000000	CRO	<=	0.25		
AAC.01030-16_zac009165488sd2.xlsx	Table S2	AM49832	JYSD00000000	AZM	=	4		
AAC.01030-16_zac009165488sd2.xlsx	Table S2	AM49832	JYSD00000000	CHL	=	4		
AAC.01030-16_zac009165488sd2.xlsx	Table S2	AM49832	JYSD00000000	CIP	<=	0.015		
AAC.01030-16_zac009165488sd2.xlsx	Table S2	AM49832	JYSD00000000	SXT	<=	0.12		
AAC.01030-16_zac009165488sd2.xlsx	Table S2	AM49832	JYSD00000000	FIS	=	32		
AAC.01030-16_zac009165488sd2.xlsx	Table S2	AM49832	JYSD00000000	FOX	=	1		
AAC.01030-16_zac009165488sd2.xlsx	Table S2	AM49832	JYSD00000000	GEN	=	0.5		
AAC.01030-16_zac009165488sd2.xlsx	Table S2	AM49832	JYSD00000000	NAL	=	2		
AAC.01030-16_zac009165488sd2.xlsx	Table S2	AM49832	JYSD00000000	STR	<=	32		
AAC.01030-16_zac009165488sd2.xlsx	Table S2	AM49832	JYSD00000000	TET	<=	4		
AAC.01030-16_zac009165488sd2.xlsx	Table S2	AM49832	JYSD00000000	TIO	=	0.5		
AAC.01030-16_zac009165488sd2.xlsx	Table S2	AM49943	JYSE00000000	AMP	>	32		
AAC.01030-16_zac009165488sd2.xlsx	Table S2	AM49943	JYSE00000000	AMC	=	8		
AAC.01030-16_zac009165488sd2.xlsx	Table S2	AM49943	JYSE00000000	CRO	<=	0.25		
AAC.01030-16_zac009165488sd2.xlsx	Table S2	AM49943	JYSE00000000	AZM	=	4		
AAC.01030-16_zac009165488sd2.xlsx	Table S2	AM49943	JYSE00000000	CHL	=	4		
AAC.01030-16_zac009165488sd2.xlsx	Table S2	AM49943	JYSE00000000	CIP	<=	0.015		
AAC.01030-16_zac009165488sd2.xlsx	Table S2	AM49943	JYSE00000000	SXT	<=	0.12		
AAC.01030-16_zac009165488sd2.xlsx	Table S2	AM49943	JYSE00000000	FIS	>	256		
AAC.01030-16_zac009165488sd2.xlsx	Table S2	AM49943	JYSE00000000	FOX	=	2		
AAC.01030-16_zac009165488sd2.xlsx	Table S2	AM49943	JYSE00000000	GEN	>	16		
AAC.01030-16_zac009165488sd2.xlsx	Table S2	AM49943	JYSE00000000	NAL	=	2		
AAC.01030-16_zac009165488sd2.xlsx	Table S2	AM49943	JYSE00000000	STR	=	64		
AAC.01030-16_zac009165488sd2.xlsx	Table S2	AM49943	JYSE00000000	TET	<=	4		
AAC.01030-16_zac009165488sd2.xlsx	Table S2	AM49943	JYSE00000000	TIO	=	1		
AAC.01030-16_zac009165488sd2.xlsx	Table S2	AM50087	JYSF00000000	AMP	>	32		
AAC.01030-16_zac009165488sd2.xlsx	Table S2	AM50087	JYSF00000000	AMC	>	32		
AAC.01030-16_zac009165488sd2.xlsx	Table S2	AM50087	JYSF00000000	CRO	=	32		
AAC.01030-16_zac009165488sd2.xlsx	Table S2	AM50087	JYSF00000000	AZM	=	4		
AAC.01030-16_zac009165488sd2.xlsx	Table S2	AM50087	JYSF00000000	CHL	=	8		
AAC.01030-16_zac009165488sd2.xlsx	Table S2	AM50087	JYSF00000000	CIP	<=	0.015		
AAC.01030-16_zac009165488sd2.xlsx	Table S2	AM50087	JYSF00000000	SXT	<=	0.12		
AAC.01030-16_zac009165488sd2.xlsx	Table S2	AM50087	JYSF00000000	FIS	>	256		
AAC.01030-16_zac009165488sd2.xlsx	Table S2	AM50087	JYSF00000000	FOX	>	32		
AAC.01030-16_zac009165488sd2.xlsx	Table S2	AM50087	JYSF00000000	GEN	=	1		
AAC.01030-16_zac009165488sd2.xlsx	Table S2	AM50087	JYSF00000000	NAL	=	4		
AAC.01030-16_zac009165488sd2.xlsx	Table S2	AM50087	JYSF00000000	STR	=	64		
AAC.01030-16_zac009165488sd2.xlsx	Table S2	AM50087	JYSF00000000	TET	>	32		
AAC.01030-16_zac009165488sd2.xlsx	Table S2	AM50087	JYSF00000000	TIO	>	8		
AAC.01030-16_zac009165488sd2.xlsx	Table S2	AM50124	JYSG00000000	AMP	>	32		
AAC.01030-16_zac009165488sd2.xlsx	Table S2	AM50124	JYSG00000000	AMC	>	32		
AAC.01030-16_zac009165488sd2.xlsx	Table S2	AM50124	JYSG00000000	CRO	=	32		
AAC.01030-16_zac009165488sd2.xlsx	Table S2	AM50124	JYSG00000000	AZM	=	4		
AAC.01030-16_zac009165488sd2.xlsx	Table S2	AM50124	JYSG00000000	CHL	>	32		
AAC.01030-16_zac009165488sd2.xlsx	Table S2	AM50124	JYSG00000000	CIP	=	0.25		
AAC.01030-16_zac009165488sd2.xlsx	Table S2	AM50124	JYSG00000000	SXT	<=	0.12		
AAC.01030-16_zac009165488sd2.xlsx	Table S2	AM50124	JYSG00000000	FIS	>	256		
AAC.01030-16_zac009165488sd2.xlsx	Table S2	AM50124	JYSG00000000	FOX	>	32		
AAC.01030-16_zac009165488sd2.xlsx	Table S2	AM50124	JYSG00000000	GEN	>	16		
AAC.01030-16_zac009165488sd2.xlsx	Table S2	AM50124	JYSG00000000	NAL	>	32		
AAC.01030-16_zac009165488sd2.xlsx	Table S2	AM50124	JYSG00000000	STR	>	64		
AAC.01030-16_zac009165488sd2.xlsx	Table S2	AM50124	JYSG00000000	TET	>	32		
AAC.01030-16_zac009165488sd2.xlsx	Table S2	AM50124	JYSG00000000	TIO	>	8		
AAC.01030-16_zac009165488sd2.xlsx	Table S2	AM50320	JYSH00000000	AMP	<=	1		
AAC.01030-16_zac009165488sd2.xlsx	Table S2	AM50320	JYSH00000000	AMC	<=	1		
AAC.01030-16_zac009165488sd2.xlsx	Table S2	AM50320	JYSH00000000	CRO	<=	0.25		
AAC.01030-16_zac009165488sd2.xlsx	Table S2	AM50320	JYSH00000000	AZM	=	4		
AAC.01030-16_zac009165488sd2.xlsx	Table S2	AM50320	JYSH00000000	CHL	=	8		
AAC.01030-16_zac009165488sd2.xlsx	Table S2	AM50320	JYSH00000000	CIP	<=	0.015		
AAC.01030-16_zac009165488sd2.xlsx	Table S2	AM50320	JYSH00000000	SXT	<=	0.12		
AAC.01030-16_zac009165488sd2.xlsx	Table S2	AM50320	JYSH00000000	FIS	=	64		
AAC.01030-16_zac009165488sd2.xlsx	Table S2	AM50320	JYSH00000000	FOX	=	2		
AAC.01030-16_zac009165488sd2.xlsx	Table S2	AM50320	JYSH00000000	GEN	=	1		
AAC.01030-16_zac009165488sd2.xlsx	Table S2	AM50320	JYSH00000000	NAL	=	4		
AAC.01030-16_zac009165488sd2.xlsx	Table S2	AM50320	JYSH00000000	STR	>	64		
AAC.01030-16_zac009165488sd2.xlsx	Table S2	AM50320	JYSH00000000	TET	>	32		
AAC.01030-16_zac009165488sd2.xlsx	Table S2	AM50320	JYSH00000000	TIO	=	2		
AAC.01030-16_zac009165488sd2.xlsx	Table S2	AM50398	JYSI00000000	AMP	>	32		
AAC.01030-16_zac009165488sd2.xlsx	Table S2	AM50398	JYSI00000000	AMC	=	8		
AAC.01030-16_zac009165488sd2.xlsx	Table S2	AM50398	JYSI00000000	CRO	<=	0.25		
AAC.01030-16_zac009165488sd2.xlsx	Table S2	AM50398	JYSI00000000	AZM	=	2		
AAC.01030-16_zac009165488sd2.xlsx	Table S2	AM50398	JYSI00000000	CHL	>	32		
AAC.01030-16_zac009165488sd2.xlsx	Table S2	AM50398	JYSI00000000	CIP	=	0.5		
AAC.01030-16_zac009165488sd2.xlsx	Table S2	AM50398	JYSI00000000	SXT	>	4		
AAC.01030-16_zac009165488sd2.xlsx	Table S2	AM50398	JYSI00000000	FIS	>	256		
AAC.01030-16_zac009165488sd2.xlsx	Table S2	AM50398	JYSI00000000	FOX	=	2		
AAC.01030-16_zac009165488sd2.xlsx	Table S2	AM50398	JYSI00000000	GEN	=	0.5		
AAC.01030-16_zac009165488sd2.xlsx	Table S2	AM50398	JYSI00000000	NAL	=	16		
AAC.01030-16_zac009165488sd2.xlsx	Table S2	AM50398	JYSI00000000	STR	>	64		
AAC.01030-16_zac009165488sd2.xlsx	Table S2	AM50398	JYSI00000000	TET	>	32		
AAC.01030-16_zac009165488sd2.xlsx	Table S2	AM50398	JYSI00000000	TIO	=	1		
AAC.01030-16_zac009165488sd2.xlsx	Table S2	AM50399	JYSJ00000000	AMP	>	32		
AAC.01030-16_zac009165488sd2.xlsx	Table S2	AM50399	JYSJ00000000	AMC	>	32		
AAC.01030-16_zac009165488sd2.xlsx	Table S2	AM50399	JYSJ00000000	CRO	=	64		
AAC.01030-16_zac009165488sd2.xlsx	Table S2	AM50399	JYSJ00000000	AZM	=	4		
AAC.01030-16_zac009165488sd2.xlsx	Table S2	AM50399	JYSJ00000000	CHL	>	32		
AAC.01030-16_zac009165488sd2.xlsx	Table S2	AM50399	JYSJ00000000	CIP	<=	0.015		
AAC.01030-16_zac009165488sd2.xlsx	Table S2	AM50399	JYSJ00000000	SXT	>	4		
AAC.01030-16_zac009165488sd2.xlsx	Table S2	AM50399	JYSJ00000000	FIS	>	256		
AAC.01030-16_zac009165488sd2.xlsx	Table S2	AM50399	JYSJ00000000	FOX	>	32		
AAC.01030-16_zac009165488sd2.xlsx	Table S2	AM50399	JYSJ00000000	GEN	=	0.5		
AAC.01030-16_zac009165488sd2.xlsx	Table S2	AM50399	JYSJ00000000	NAL	=	2		
AAC.01030-16_zac009165488sd2.xlsx	Table S2	AM50399	JYSJ00000000	STR	>	64		
AAC.01030-16_zac009165488sd2.xlsx	Table S2	AM50399	JYSJ00000000	TET	>	32		
AAC.01030-16_zac009165488sd2.xlsx	Table S2	AM50399	JYSJ00000000	TIO	>	8		
AAC.01030-16_zac009165488sd2.xlsx	Table S2	AM50406	JYSK00000000	AMP	<=	1		
AAC.01030-16_zac009165488sd2.xlsx	Table S2	AM50406	JYSK00000000	AMC	<=	1		
AAC.01030-16_zac009165488sd2.xlsx	Table S2	AM50406	JYSK00000000	CRO	<=	0.25		
AAC.01030-16_zac009165488sd2.xlsx	Table S2	AM50406	JYSK00000000	AZM	=	4		
AAC.01030-16_zac009165488sd2.xlsx	Table S2	AM50406	JYSK00000000	CHL	>	32		
AAC.01030-16_zac009165488sd2.xlsx	Table S2	AM50406	JYSK00000000	CIP	=	0.12		
AAC.01030-16_zac009165488sd2.xlsx	Table S2	AM50406	JYSK00000000	SXT	<=	0.12		
AAC.01030-16_zac009165488sd2.xlsx	Table S2	AM50406	JYSK00000000	FIS	=	32		
AAC.01030-16_zac009165488sd2.xlsx	Table S2	AM50406	JYSK00000000	FOX	=	2		
AAC.01030-16_zac009165488sd2.xlsx	Table S2	AM50406	JYSK00000000	GEN	=	0.5		
AAC.01030-16_zac009165488sd2.xlsx	Table S2	AM50406	JYSK00000000	NAL	>	32		
AAC.01030-16_zac009165488sd2.xlsx	Table S2	AM50406	JYSK00000000	STR	<=	32		
AAC.01030-16_zac009165488sd2.xlsx	Table S2	AM50406	JYSK00000000	TET	>	32		
AAC.01030-16_zac009165488sd2.xlsx	Table S2	AM50406	JYSK00000000	TIO	=	1		
AAC.01030-16_zac009165488sd2.xlsx	Table S2	AM50411	JYSL00000000	AMP	<=	1		
AAC.01030-16_zac009165488sd2.xlsx	Table S2	AM50411	JYSL00000000	AMC	<=	1		
AAC.01030-16_zac009165488sd2.xlsx	Table S2	AM50411	JYSL00000000	CRO	<=	0.25		
AAC.01030-16_zac009165488sd2.xlsx	Table S2	AM50411	JYSL00000000	AZM	=	4		
AAC.01030-16_zac009165488sd2.xlsx	Table S2	AM50411	JYSL00000000	CHL	=	4		
AAC.01030-16_zac009165488sd2.xlsx	Table S2	AM50411	JYSL00000000	CIP	<=	0.015		
AAC.01030-16_zac009165488sd2.xlsx	Table S2	AM50411	JYSL00000000	SXT	<=	0.12		
AAC.01030-16_zac009165488sd2.xlsx	Table S2	AM50411	JYSL00000000	FIS	=	32		
AAC.01030-16_zac009165488sd2.xlsx	Table S2	AM50411	JYSL00000000	FOX	=	2		
AAC.01030-16_zac009165488sd2.xlsx	Table S2	AM50411	JYSL00000000	GEN	>	16		
AAC.01030-16_zac009165488sd2.xlsx	Table S2	AM50411	JYSL00000000	NAL	=	2		
AAC.01030-16_zac009165488sd2.xlsx	Table S2	AM50411	JYSL00000000	STR	<=	32		
AAC.01030-16_zac009165488sd2.xlsx	Table S2	AM50411	JYSL00000000	TET	<=	4		
AAC.01030-16_zac009165488sd2.xlsx	Table S2	AM50411	JYSL00000000	TIO	=	1		
AAC.01030-16_zac009165488sd2.xlsx	Table S2	AM50439	JYSM00000000	AMP	>	32		
AAC.01030-16_zac009165488sd2.xlsx	Table S2	AM50439	JYSM00000000	AMC	=	16		
AAC.01030-16_zac009165488sd2.xlsx	Table S2	AM50439	JYSM00000000	CRO	<=	0.25		
AAC.01030-16_zac009165488sd2.xlsx	Table S2	AM50439	JYSM00000000	AZM	=	4		
AAC.01030-16_zac009165488sd2.xlsx	Table S2	AM50439	JYSM00000000	CHL	>	32		
AAC.01030-16_zac009165488sd2.xlsx	Table S2	AM50439	JYSM00000000	CIP	<=	0.015		
AAC.01030-16_zac009165488sd2.xlsx	Table S2	AM50439	JYSM00000000	SXT	<=	0.12		
AAC.01030-16_zac009165488sd2.xlsx	Table S2	AM50439	JYSM00000000	FIS	>	256		
AAC.01030-16_zac009165488sd2.xlsx	Table S2	AM50439	JYSM00000000	FOX	=	2		
AAC.01030-16_zac009165488sd2.xlsx	Table S2	AM50439	JYSM00000000	GEN	=	1		
AAC.01030-16_zac009165488sd2.xlsx	Table S2	AM50439	JYSM00000000	NAL	=	4		
AAC.01030-16_zac009165488sd2.xlsx	Table S2	AM50439	JYSM00000000	STR	=	64		
AAC.01030-16_zac009165488sd2.xlsx	Table S2	AM50439	JYSM00000000	TET	>	32		
AAC.01030-16_zac009165488sd2.xlsx	Table S2	AM50439	JYSM00000000	TIO	=	1		
AAC.01030-16_zac009165488sd2.xlsx	Table S2	AM50480	JYSN00000000	AMP	>	32		
AAC.01030-16_zac009165488sd2.xlsx	Table S2	AM50480	JYSN00000000	AMC	>	32		
AAC.01030-16_zac009165488sd2.xlsx	Table S2	AM50480	JYSN00000000	CRO	=	8		
AAC.01030-16_zac009165488sd2.xlsx	Table S2	AM50480	JYSN00000000	AZM	=	4		
AAC.01030-16_zac009165488sd2.xlsx	Table S2	AM50480	JYSN00000000	CHL	=	4		
AAC.01030-16_zac009165488sd2.xlsx	Table S2	AM50480	JYSN00000000	CIP	<=	0.015		
AAC.01030-16_zac009165488sd2.xlsx	Table S2	AM50480	JYSN00000000	SXT	<=	0.12		
AAC.01030-16_zac009165488sd2.xlsx	Table S2	AM50480	JYSN00000000	FIS	>	256		
AAC.01030-16_zac009165488sd2.xlsx	Table S2	AM50480	JYSN00000000	FOX	=	16		
AAC.01030-16_zac009165488sd2.xlsx	Table S2	AM50480	JYSN00000000	GEN	<=	0.25		
AAC.01030-16_zac009165488sd2.xlsx	Table S2	AM50480	JYSN00000000	NAL	=	2		
AAC.01030-16_zac009165488sd2.xlsx	Table S2	AM50480	JYSN00000000	STR	<=	32		
AAC.01030-16_zac009165488sd2.xlsx	Table S2	AM50480	JYSN00000000	TET	>	32		
AAC.01030-16_zac009165488sd2.xlsx	Table S2	AM50480	JYSN00000000	TIO	=	8		
AAC.01030-16_zac009165488sd2.xlsx	Table S2	AM50681	JYSO00000000	AMP	<=	1		
AAC.01030-16_zac009165488sd2.xlsx	Table S2	AM50681	JYSO00000000	AMC	<=	1		
AAC.01030-16_zac009165488sd2.xlsx	Table S2	AM50681	JYSO00000000	CRO	<=	0.25		
AAC.01030-16_zac009165488sd2.xlsx	Table S2	AM50681	JYSO00000000	AZM	=	4		
AAC.01030-16_zac009165488sd2.xlsx	Table S2	AM50681	JYSO00000000	CHL	=	8		
AAC.01030-16_zac009165488sd2.xlsx	Table S2	AM50681	JYSO00000000	CIP	=	0.5		
AAC.01030-16_zac009165488sd2.xlsx	Table S2	AM50681	JYSO00000000	SXT	<=	0.12		
AAC.01030-16_zac009165488sd2.xlsx	Table S2	AM50681	JYSO00000000	FIS	=	32		
AAC.01030-16_zac009165488sd2.xlsx	Table S2	AM50681	JYSO00000000	FOX	=	2		
AAC.01030-16_zac009165488sd2.xlsx	Table S2	AM50681	JYSO00000000	GEN	=	0.5		
AAC.01030-16_zac009165488sd2.xlsx	Table S2	AM50681	JYSO00000000	NAL	=	32		
AAC.01030-16_zac009165488sd2.xlsx	Table S2	AM50681	JYSO00000000	STR	<=	32		
AAC.01030-16_zac009165488sd2.xlsx	Table S2	AM50681	JYSO00000000	TET	>	32		
AAC.01030-16_zac009165488sd2.xlsx	Table S2	AM50681	JYSO00000000	TIO	=	1		
AAC.01030-16_zac009165488sd2.xlsx	Table S2	AM50773	JYSP00000000	AMP	>	32		
AAC.01030-16_zac009165488sd2.xlsx	Table S2	AM50773	JYSP00000000	AMC	=	32		
AAC.01030-16_zac009165488sd2.xlsx	Table S2	AM50773	JYSP00000000	CRO	<=	0.25		
AAC.01030-16_zac009165488sd2.xlsx	Table S2	AM50773	JYSP00000000	AZM	=	4		
AAC.01030-16_zac009165488sd2.xlsx	Table S2	AM50773	JYSP00000000	CHL	=	4		
AAC.01030-16_zac009165488sd2.xlsx	Table S2	AM50773	JYSP00000000	CIP	>	4		
AAC.01030-16_zac009165488sd2.xlsx	Table S2	AM50773	JYSP00000000	SXT	<=	0.12		
AAC.01030-16_zac009165488sd2.xlsx	Table S2	AM50773	JYSP00000000	FIS	>	256		
AAC.01030-16_zac009165488sd2.xlsx	Table S2	AM50773	JYSP00000000	FOX	=	2		
AAC.01030-16_zac009165488sd2.xlsx	Table S2	AM50773	JYSP00000000	GEN	=	16		
AAC.01030-16_zac009165488sd2.xlsx	Table S2	AM50773	JYSP00000000	NAL	>	32		
AAC.01030-16_zac009165488sd2.xlsx	Table S2	AM50773	JYSP00000000	STR	=	64		
AAC.01030-16_zac009165488sd2.xlsx	Table S2	AM50773	JYSP00000000	TET	>	32		
AAC.01030-16_zac009165488sd2.xlsx	Table S2	AM50773	JYSP00000000	TIO	=	1		
AAC.01030-16_zac009165488sd2.xlsx	Table S2	AM50921	JYSQ00000000	AMP	<=	1		
AAC.01030-16_zac009165488sd2.xlsx	Table S2	AM50921	JYSQ00000000	AMC	<=	1		
AAC.01030-16_zac009165488sd2.xlsx	Table S2	AM50921	JYSQ00000000	CRO	<=	0.25		
AAC.01030-16_zac009165488sd2.xlsx	Table S2	AM50921	JYSQ00000000	AZM	=	4		
AAC.01030-16_zac009165488sd2.xlsx	Table S2	AM50921	JYSQ00000000	CHL	=	8		
AAC.01030-16_zac009165488sd2.xlsx	Table S2	AM50921	JYSQ00000000	CIP	<=	0.015		
AAC.01030-16_zac009165488sd2.xlsx	Table S2	AM50921	JYSQ00000000	SXT	<=	0.12		
AAC.01030-16_zac009165488sd2.xlsx	Table S2	AM50921	JYSQ00000000	FIS	=	64		
AAC.01030-16_zac009165488sd2.xlsx	Table S2	AM50921	JYSQ00000000	FOX	=	2		
AAC.01030-16_zac009165488sd2.xlsx	Table S2	AM50921	JYSQ00000000	GEN	=	0.5		
AAC.01030-16_zac009165488sd2.xlsx	Table S2	AM50921	JYSQ00000000	NAL	=	4		
AAC.01030-16_zac009165488sd2.xlsx	Table S2	AM50921	JYSQ00000000	STR	<=	32		
AAC.01030-16_zac009165488sd2.xlsx	Table S2	AM50921	JYSQ00000000	TET	>	32		
AAC.01030-16_zac009165488sd2.xlsx	Table S2	AM50921	JYSQ00000000	TIO	=	1		
AAC.01030-16_zac009165488sd2.xlsx	Table S2	AM51015	JYSR00000000	AMP	<=	1		
AAC.01030-16_zac009165488sd2.xlsx	Table S2	AM51015	JYSR00000000	AMC	<=	1		
AAC.01030-16_zac009165488sd2.xlsx	Table S2	AM51015	JYSR00000000	CRO	<=	0.25		
AAC.01030-16_zac009165488sd2.xlsx	Table S2	AM51015	JYSR00000000	AZM	=	4		
AAC.01030-16_zac009165488sd2.xlsx	Table S2	AM51015	JYSR00000000	CHL	=	4		
AAC.01030-16_zac009165488sd2.xlsx	Table S2	AM51015	JYSR00000000	CIP	<=	0.015		
AAC.01030-16_zac009165488sd2.xlsx	Table S2	AM51015	JYSR00000000	SXT	<=	0.12		
AAC.01030-16_zac009165488sd2.xlsx	Table S2	AM51015	JYSR00000000	FIS	=	32		
AAC.01030-16_zac009165488sd2.xlsx	Table S2	AM51015	JYSR00000000	FOX	=	2		
AAC.01030-16_zac009165488sd2.xlsx	Table S2	AM51015	JYSR00000000	GEN	=	0.5		
AAC.01030-16_zac009165488sd2.xlsx	Table S2	AM51015	JYSR00000000	NAL	=	4		
AAC.01030-16_zac009165488sd2.xlsx	Table S2	AM51015	JYSR00000000	STR	<=	32		
AAC.01030-16_zac009165488sd2.xlsx	Table S2	AM51015	JYSR00000000	TET	<=	4		
AAC.01030-16_zac009165488sd2.xlsx	Table S2	AM51015	JYSR00000000	TIO	=	0.5		
AAC.01030-16_zac009165488sd2.xlsx	Table S2	AM51074	JYSS00000000	AMP	>	32		
AAC.01030-16_zac009165488sd2.xlsx	Table S2	AM51074	JYSS00000000	AMC	=	8		
AAC.01030-16_zac009165488sd2.xlsx	Table S2	AM51074	JYSS00000000	CRO	<=	0.25		
AAC.01030-16_zac009165488sd2.xlsx	Table S2	AM51074	JYSS00000000	AZM	=	4		
AAC.01030-16_zac009165488sd2.xlsx	Table S2	AM51074	JYSS00000000	CHL	=	4		
AAC.01030-16_zac009165488sd2.xlsx	Table S2	AM51074	JYSS00000000	CIP	=	0.12		
AAC.01030-16_zac009165488sd2.xlsx	Table S2	AM51074	JYSS00000000	SXT	<=	0.12		
AAC.01030-16_zac009165488sd2.xlsx	Table S2	AM51074	JYSS00000000	FIS	=	32		
AAC.01030-16_zac009165488sd2.xlsx	Table S2	AM51074	JYSS00000000	FOX	=	2		
AAC.01030-16_zac009165488sd2.xlsx	Table S2	AM51074	JYSS00000000	GEN	=	0.5		
AAC.01030-16_zac009165488sd2.xlsx	Table S2	AM51074	JYSS00000000	NAL	>	32		
AAC.01030-16_zac009165488sd2.xlsx	Table S2	AM51074	JYSS00000000	STR	<=	32		
AAC.01030-16_zac009165488sd2.xlsx	Table S2	AM51074	JYSS00000000	TET	<=	4		
AAC.01030-16_zac009165488sd2.xlsx	Table S2	AM51074	JYSS00000000	TIO	=	1		
AAC.01030-16_zac009165488sd2.xlsx	Table S2	AM51075	JYST00000000	AMP	>	32		
AAC.01030-16_zac009165488sd2.xlsx	Table S2	AM51075	JYST00000000	AMC	=	8		
AAC.01030-16_zac009165488sd2.xlsx	Table S2	AM51075	JYST00000000	CRO	=	32		
AAC.01030-16_zac009165488sd2.xlsx	Table S2	AM51075	JYST00000000	AZM	=	4		
AAC.01030-16_zac009165488sd2.xlsx	Table S2	AM51075	JYST00000000	CHL	>	32		
AAC.01030-16_zac009165488sd2.xlsx	Table S2	AM51075	JYST00000000	CIP	=	0.12		
AAC.01030-16_zac009165488sd2.xlsx	Table S2	AM51075	JYST00000000	SXT	=	0.25		
AAC.01030-16_zac009165488sd2.xlsx	Table S2	AM51075	JYST00000000	FIS	>	256		
AAC.01030-16_zac009165488sd2.xlsx	Table S2	AM51075	JYST00000000	FOX	=	2		
AAC.01030-16_zac009165488sd2.xlsx	Table S2	AM51075	JYST00000000	GEN	>	16		
AAC.01030-16_zac009165488sd2.xlsx	Table S2	AM51075	JYST00000000	NAL	=	8		
AAC.01030-16_zac009165488sd2.xlsx	Table S2	AM51075	JYST00000000	STR	<=	32		
AAC.01030-16_zac009165488sd2.xlsx	Table S2	AM51075	JYST00000000	TET	>	32		
AAC.01030-16_zac009165488sd2.xlsx	Table S2	AM51075	JYST00000000	TIO	>	8		
AAC.01030-16_zac009165488sd2.xlsx	Table S2	AM51093	JYSU00000000	AMP	>	32		
AAC.01030-16_zac009165488sd2.xlsx	Table S2	AM51093	JYSU00000000	AMC	=	8		
AAC.01030-16_zac009165488sd2.xlsx	Table S2	AM51093	JYSU00000000	CRO	<=	0.25		
AAC.01030-16_zac009165488sd2.xlsx	Table S2	AM51093	JYSU00000000	AZM	=	4		
AAC.01030-16_zac009165488sd2.xlsx	Table S2	AM51093	JYSU00000000	CHL	=	4		
AAC.01030-16_zac009165488sd2.xlsx	Table S2	AM51093	JYSU00000000	CIP	<=	0.015		
AAC.01030-16_zac009165488sd2.xlsx	Table S2	AM51093	JYSU00000000	SXT	<=	0.12		
AAC.01030-16_zac009165488sd2.xlsx	Table S2	AM51093	JYSU00000000	FIS	>	256		
AAC.01030-16_zac009165488sd2.xlsx	Table S2	AM51093	JYSU00000000	FOX	=	2		
AAC.01030-16_zac009165488sd2.xlsx	Table S2	AM51093	JYSU00000000	GEN	>	16		
AAC.01030-16_zac009165488sd2.xlsx	Table S2	AM51093	JYSU00000000	NAL	=	2		
AAC.01030-16_zac009165488sd2.xlsx	Table S2	AM51093	JYSU00000000	STR	=	64		
AAC.01030-16_zac009165488sd2.xlsx	Table S2	AM51093	JYSU00000000	TET	>	32		
AAC.01030-16_zac009165488sd2.xlsx	Table S2	AM51093	JYSU00000000	TIO	=	1		
AAC.01030-16_zac009165488sd2.xlsx	Table S2	AM51173	JYSV00000000	AMP	<=	1		
AAC.01030-16_zac009165488sd2.xlsx	Table S2	AM51173	JYSV00000000	AMC	<=	1		
AAC.01030-16_zac009165488sd2.xlsx	Table S2	AM51173	JYSV00000000	CRO	<=	0.25		
AAC.01030-16_zac009165488sd2.xlsx	Table S2	AM51173	JYSV00000000	AZM	=	2		
AAC.01030-16_zac009165488sd2.xlsx	Table S2	AM51173	JYSV00000000	CHL	=	4		
AAC.01030-16_zac009165488sd2.xlsx	Table S2	AM51173	JYSV00000000	CIP	=	0.25		
AAC.01030-16_zac009165488sd2.xlsx	Table S2	AM51173	JYSV00000000	SXT	=	4		
AAC.01030-16_zac009165488sd2.xlsx	Table S2	AM51173	JYSV00000000	FIS	=	64		
AAC.01030-16_zac009165488sd2.xlsx	Table S2	AM51173	JYSV00000000	FOX	=	1		
AAC.01030-16_zac009165488sd2.xlsx	Table S2	AM51173	JYSV00000000	GEN	=	0.5		
AAC.01030-16_zac009165488sd2.xlsx	Table S2	AM51173	JYSV00000000	NAL	=	8		
AAC.01030-16_zac009165488sd2.xlsx	Table S2	AM51173	JYSV00000000	STR	<=	32		
AAC.01030-16_zac009165488sd2.xlsx	Table S2	AM51173	JYSV00000000	TET	>	32		
AAC.01030-16_zac009165488sd2.xlsx	Table S2	AM51173	JYSV00000000	TIO	=	0.5		
AAC.01030-16_zac009165488sd2.xlsx	Table S2	AM51232	JYSW00000000	AMP	<=	1		
AAC.01030-16_zac009165488sd2.xlsx	Table S2	AM51232	JYSW00000000	AMC	<=	1		
AAC.01030-16_zac009165488sd2.xlsx	Table S2	AM51232	JYSW00000000	CRO	<=	0.25		
AAC.01030-16_zac009165488sd2.xlsx	Table S2	AM51232	JYSW00000000	AZM	=	4		
AAC.01030-16_zac009165488sd2.xlsx	Table S2	AM51232	JYSW00000000	CHL	=	4		
AAC.01030-16_zac009165488sd2.xlsx	Table S2	AM51232	JYSW00000000	CIP	<=	0.015		
AAC.01030-16_zac009165488sd2.xlsx	Table S2	AM51232	JYSW00000000	SXT	<=	0.12		
AAC.01030-16_zac009165488sd2.xlsx	Table S2	AM51232	JYSW00000000	FIS	=	64		
AAC.01030-16_zac009165488sd2.xlsx	Table S2	AM51232	JYSW00000000	FOX	=	2		
AAC.01030-16_zac009165488sd2.xlsx	Table S2	AM51232	JYSW00000000	GEN	=	0.5		
AAC.01030-16_zac009165488sd2.xlsx	Table S2	AM51232	JYSW00000000	NAL	=	2		
AAC.01030-16_zac009165488sd2.xlsx	Table S2	AM51232	JYSW00000000	STR	<=	32		
AAC.01030-16_zac009165488sd2.xlsx	Table S2	AM51232	JYSW00000000	TET	<=	4		
AAC.01030-16_zac009165488sd2.xlsx	Table S2	AM51232	JYSW00000000	TIO	=	0.5		
AAC.01030-16_zac009165488sd2.xlsx	Table S2	AM51233	JYSX00000000	AMP	<=	1		
AAC.01030-16_zac009165488sd2.xlsx	Table S2	AM51233	JYSX00000000	AMC	<=	1		
AAC.01030-16_zac009165488sd2.xlsx	Table S2	AM51233	JYSX00000000	CRO	<=	0.25		
AAC.01030-16_zac009165488sd2.xlsx	Table S2	AM51233	JYSX00000000	AZM	=	4		
AAC.01030-16_zac009165488sd2.xlsx	Table S2	AM51233	JYSX00000000	CHL	=	8		
AAC.01030-16_zac009165488sd2.xlsx	Table S2	AM51233	JYSX00000000	CIP	<=	0.015		
AAC.01030-16_zac009165488sd2.xlsx	Table S2	AM51233	JYSX00000000	SXT	<=	0.12		
AAC.01030-16_zac009165488sd2.xlsx	Table S2	AM51233	JYSX00000000	FIS	>	256		
AAC.01030-16_zac009165488sd2.xlsx	Table S2	AM51233	JYSX00000000	FOX	=	2		
AAC.01030-16_zac009165488sd2.xlsx	Table S2	AM51233	JYSX00000000	GEN	>	16		
AAC.01030-16_zac009165488sd2.xlsx	Table S2	AM51233	JYSX00000000	NAL	=	2		
AAC.01030-16_zac009165488sd2.xlsx	Table S2	AM51233	JYSX00000000	STR	=	64		
AAC.01030-16_zac009165488sd2.xlsx	Table S2	AM51233	JYSX00000000	TET	<=	4		
AAC.01030-16_zac009165488sd2.xlsx	Table S2	AM51233	JYSX00000000	TIO	=	1		
AAC.01030-16_zac009165488sd2.xlsx	Table S2	AM51324	JYSY00000000	AMP	>	32		
AAC.01030-16_zac009165488sd2.xlsx	Table S2	AM51324	JYSY00000000	AMC	=	16		
AAC.01030-16_zac009165488sd2.xlsx	Table S2	AM51324	JYSY00000000	CRO	<=	0.25		
AAC.01030-16_zac009165488sd2.xlsx	Table S2	AM51324	JYSY00000000	AZM	=	2		
AAC.01030-16_zac009165488sd2.xlsx	Table S2	AM51324	JYSY00000000	CHL	>	32		
AAC.01030-16_zac009165488sd2.xlsx	Table S2	AM51324	JYSY00000000	CIP	<=	0.015		
AAC.01030-16_zac009165488sd2.xlsx	Table S2	AM51324	JYSY00000000	SXT	<=	0.12		
AAC.01030-16_zac009165488sd2.xlsx	Table S2	AM51324	JYSY00000000	FIS	>	256		
AAC.01030-16_zac009165488sd2.xlsx	Table S2	AM51324	JYSY00000000	FOX	=	2		
AAC.01030-16_zac009165488sd2.xlsx	Table S2	AM51324	JYSY00000000	GEN	<=	0.25		
AAC.01030-16_zac009165488sd2.xlsx	Table S2	AM51324	JYSY00000000	NAL	=	2		
AAC.01030-16_zac009165488sd2.xlsx	Table S2	AM51324	JYSY00000000	STR	<=	32		
AAC.01030-16_zac009165488sd2.xlsx	Table S2	AM51324	JYSY00000000	TET	=	16		
AAC.01030-16_zac009165488sd2.xlsx	Table S2	AM51324	JYSY00000000	TIO	=	1		
AAC.01030-16_zac009165488sd2.xlsx	Table S2	AM51329	JYSZ00000000	AMP	<=	1		
AAC.01030-16_zac009165488sd2.xlsx	Table S2	AM51329	JYSZ00000000	AMC	<=	1		
AAC.01030-16_zac009165488sd2.xlsx	Table S2	AM51329	JYSZ00000000	CRO	<=	0.25		
AAC.01030-16_zac009165488sd2.xlsx	Table S2	AM51329	JYSZ00000000	AZM	=	4		
AAC.01030-16_zac009165488sd2.xlsx	Table S2	AM51329	JYSZ00000000	CHL	<=	2		
AAC.01030-16_zac009165488sd2.xlsx	Table S2	AM51329	JYSZ00000000	CIP	<=	0.015		
AAC.01030-16_zac009165488sd2.xlsx	Table S2	AM51329	JYSZ00000000	SXT	<=	0.12		
AAC.01030-16_zac009165488sd2.xlsx	Table S2	AM51329	JYSZ00000000	FIS	=	32		
AAC.01030-16_zac009165488sd2.xlsx	Table S2	AM51329	JYSZ00000000	FOX	=	1		
AAC.01030-16_zac009165488sd2.xlsx	Table S2	AM51329	JYSZ00000000	GEN	=	0.5		
AAC.01030-16_zac009165488sd2.xlsx	Table S2	AM51329	JYSZ00000000	NAL	=	2		
AAC.01030-16_zac009165488sd2.xlsx	Table S2	AM51329	JYSZ00000000	STR	<=	32		
AAC.01030-16_zac009165488sd2.xlsx	Table S2	AM51329	JYSZ00000000	TET	<=	4		
AAC.01030-16_zac009165488sd2.xlsx	Table S2	AM51329	JYSZ00000000	TIO	=	0.5		
AAC.01030-16_zac009165488sd2.xlsx	Table S2	AM51330	JYTA00000000	AMP	<=	1		
AAC.01030-16_zac009165488sd2.xlsx	Table S2	AM51330	JYTA00000000	AMC	<=	1		
AAC.01030-16_zac009165488sd2.xlsx	Table S2	AM51330	JYTA00000000	CRO	<=	0.25		
AAC.01030-16_zac009165488sd2.xlsx	Table S2	AM51330	JYTA00000000	AZM	=	8		
AAC.01030-16_zac009165488sd2.xlsx	Table S2	AM51330	JYTA00000000	CHL	=	8		
AAC.01030-16_zac009165488sd2.xlsx	Table S2	AM51330	JYTA00000000	CIP	<=	0.015		
AAC.01030-16_zac009165488sd2.xlsx	Table S2	AM51330	JYTA00000000	SXT	<=	0.12		
AAC.01030-16_zac009165488sd2.xlsx	Table S2	AM51330	JYTA00000000	FIS	=	64		
AAC.01030-16_zac009165488sd2.xlsx	Table S2	AM51330	JYTA00000000	FOX	=	2		
AAC.01030-16_zac009165488sd2.xlsx	Table S2	AM51330	JYTA00000000	GEN	=	0.5		
AAC.01030-16_zac009165488sd2.xlsx	Table S2	AM51330	JYTA00000000	NAL	=	2		
AAC.01030-16_zac009165488sd2.xlsx	Table S2	AM51330	JYTA00000000	STR	<=	32		
AAC.01030-16_zac009165488sd2.xlsx	Table S2	AM51330	JYTA00000000	TET	<=	4		
AAC.01030-16_zac009165488sd2.xlsx	Table S2	AM51330	JYTA00000000	TIO	=	0.5		
AAC.01030-16_zac009165488sd2.xlsx	Table S2	AM51363	JYTB00000000	AMP	>	32		
AAC.01030-16_zac009165488sd2.xlsx	Table S2	AM51363	JYTB00000000	AMC	=	16		
AAC.01030-16_zac009165488sd2.xlsx	Table S2	AM51363	JYTB00000000	CRO	<=	0.25		
AAC.01030-16_zac009165488sd2.xlsx	Table S2	AM51363	JYTB00000000	AZM	=	4		
AAC.01030-16_zac009165488sd2.xlsx	Table S2	AM51363	JYTB00000000	CHL	=	8		
AAC.01030-16_zac009165488sd2.xlsx	Table S2	AM51363	JYTB00000000	CIP	<=	0.015		
AAC.01030-16_zac009165488sd2.xlsx	Table S2	AM51363	JYTB00000000	SXT	<=	0.12		
AAC.01030-16_zac009165488sd2.xlsx	Table S2	AM51363	JYTB00000000	FIS	>	256		
AAC.01030-16_zac009165488sd2.xlsx	Table S2	AM51363	JYTB00000000	FOX	=	4		
AAC.01030-16_zac009165488sd2.xlsx	Table S2	AM51363	JYTB00000000	GEN	=	1		
AAC.01030-16_zac009165488sd2.xlsx	Table S2	AM51363	JYTB00000000	NAL	=	4		
AAC.01030-16_zac009165488sd2.xlsx	Table S2	AM51363	JYTB00000000	STR	<=	32		
AAC.01030-16_zac009165488sd2.xlsx	Table S2	AM51363	JYTB00000000	TET	>	32		
AAC.01030-16_zac009165488sd2.xlsx	Table S2	AM51363	JYTB00000000	TIO	=	1		
AAC.01030-16_zac009165488sd2.xlsx	Table S2	AM51386	JYTC00000000	AMP	=	2		
AAC.01030-16_zac009165488sd2.xlsx	Table S2	AM51386	JYTC00000000	AMC	<=	1		
AAC.01030-16_zac009165488sd2.xlsx	Table S2	AM51386	JYTC00000000	CRO	<=	0.25		
AAC.01030-16_zac009165488sd2.xlsx	Table S2	AM51386	JYTC00000000	AZM	=	4		
AAC.01030-16_zac009165488sd2.xlsx	Table S2	AM51386	JYTC00000000	CHL	=	8		
AAC.01030-16_zac009165488sd2.xlsx	Table S2	AM51386	JYTC00000000	CIP	<=	0.015		
AAC.01030-16_zac009165488sd2.xlsx	Table S2	AM51386	JYTC00000000	SXT	>	4		
AAC.01030-16_zac009165488sd2.xlsx	Table S2	AM51386	JYTC00000000	FIS	>	256		
AAC.01030-16_zac009165488sd2.xlsx	Table S2	AM51386	JYTC00000000	FOX	=	2		
AAC.01030-16_zac009165488sd2.xlsx	Table S2	AM51386	JYTC00000000	GEN	=	0.5		
AAC.01030-16_zac009165488sd2.xlsx	Table S2	AM51386	JYTC00000000	NAL	=	4		
AAC.01030-16_zac009165488sd2.xlsx	Table S2	AM51386	JYTC00000000	STR	<=	32		
AAC.01030-16_zac009165488sd2.xlsx	Table S2	AM51386	JYTC00000000	TET	<=	4		
AAC.01030-16_zac009165488sd2.xlsx	Table S2	AM51386	JYTC00000000	TIO	=	1		
AAC.01030-16_zac009165488sd2.xlsx	Table S2	AM51410	JYTD00000000	AMP	>	32		
AAC.01030-16_zac009165488sd2.xlsx	Table S2	AM51410	JYTD00000000	AMC	>	32		
AAC.01030-16_zac009165488sd2.xlsx	Table S2	AM51410	JYTD00000000	CRO	=	16		
AAC.01030-16_zac009165488sd2.xlsx	Table S2	AM51410	JYTD00000000	AZM	=	4		
AAC.01030-16_zac009165488sd2.xlsx	Table S2	AM51410	JYTD00000000	CHL	>	32		
AAC.01030-16_zac009165488sd2.xlsx	Table S2	AM51410	JYTD00000000	CIP	=	1		
AAC.01030-16_zac009165488sd2.xlsx	Table S2	AM51410	JYTD00000000	SXT	>	4		
AAC.01030-16_zac009165488sd2.xlsx	Table S2	AM51410	JYTD00000000	FIS	>	256		
AAC.01030-16_zac009165488sd2.xlsx	Table S2	AM51410	JYTD00000000	FOX	>	32		
AAC.01030-16_zac009165488sd2.xlsx	Table S2	AM51410	JYTD00000000	GEN	=	0.5		
AAC.01030-16_zac009165488sd2.xlsx	Table S2	AM51410	JYTD00000000	NAL	>	32		
AAC.01030-16_zac009165488sd2.xlsx	Table S2	AM51410	JYTD00000000	STR	>	64		
AAC.01030-16_zac009165488sd2.xlsx	Table S2	AM51410	JYTD00000000	TET	>	32		
AAC.01030-16_zac009165488sd2.xlsx	Table S2	AM51410	JYTD00000000	TIO	>	8		
AAC.01030-16_zac009165488sd2.xlsx	Table S2	AM51411	JYTE00000000	AMP	>	32		
AAC.01030-16_zac009165488sd2.xlsx	Table S2	AM51411	JYTE00000000	AMC	=	4		
AAC.01030-16_zac009165488sd2.xlsx	Table S2	AM51411	JYTE00000000	CRO	<=	0.25		
AAC.01030-16_zac009165488sd2.xlsx	Table S2	AM51411	JYTE00000000	AZM	=	8		
AAC.01030-16_zac009165488sd2.xlsx	Table S2	AM51411	JYTE00000000	CHL	>	32		
AAC.01030-16_zac009165488sd2.xlsx	Table S2	AM51411	JYTE00000000	CIP	=	0.25		
AAC.01030-16_zac009165488sd2.xlsx	Table S2	AM51411	JYTE00000000	SXT	>	4		
AAC.01030-16_zac009165488sd2.xlsx	Table S2	AM51411	JYTE00000000	FIS	>	256		
AAC.01030-16_zac009165488sd2.xlsx	Table S2	AM51411	JYTE00000000	FOX	=	2		
AAC.01030-16_zac009165488sd2.xlsx	Table S2	AM51411	JYTE00000000	GEN	=	0.5		
AAC.01030-16_zac009165488sd2.xlsx	Table S2	AM51411	JYTE00000000	NAL	=	8		
AAC.01030-16_zac009165488sd2.xlsx	Table S2	AM51411	JYTE00000000	STR	=	32		
AAC.01030-16_zac009165488sd2.xlsx	Table S2	AM51411	JYTE00000000	TET	=	16		
AAC.01030-16_zac009165488sd2.xlsx	Table S2	AM51411	JYTE00000000	TIO	=	0.5		
AAC.01030-16_zac009165488sd2.xlsx	Table S2	AM51428	JYTF00000000	AMP	>	32		
AAC.01030-16_zac009165488sd2.xlsx	Table S2	AM51428	JYTF00000000	AMC	>	32		
AAC.01030-16_zac009165488sd2.xlsx	Table S2	AM51428	JYTF00000000	CRO	=	32		
AAC.01030-16_zac009165488sd2.xlsx	Table S2	AM51428	JYTF00000000	AZM	=	4		
AAC.01030-16_zac009165488sd2.xlsx	Table S2	AM51428	JYTF00000000	CHL	>	32		
AAC.01030-16_zac009165488sd2.xlsx	Table S2	AM51428	JYTF00000000	CIP	<=	0.015		
AAC.01030-16_zac009165488sd2.xlsx	Table S2	AM51428	JYTF00000000	SXT	=	0.25		
AAC.01030-16_zac009165488sd2.xlsx	Table S2	AM51428	JYTF00000000	FIS	>	256		
AAC.01030-16_zac009165488sd2.xlsx	Table S2	AM51428	JYTF00000000	FOX	>	32		
AAC.01030-16_zac009165488sd2.xlsx	Table S2	AM51428	JYTF00000000	GEN	=	1		
AAC.01030-16_zac009165488sd2.xlsx	Table S2	AM51428	JYTF00000000	NAL	=	4		
AAC.01030-16_zac009165488sd2.xlsx	Table S2	AM51428	JYTF00000000	STR	>	64		
AAC.01030-16_zac009165488sd2.xlsx	Table S2	AM51428	JYTF00000000	TET	>	32		
AAC.01030-16_zac009165488sd2.xlsx	Table S2	AM51428	JYTF00000000	TIO	>	8		
AAC.01030-16_zac009165488sd2.xlsx	Table S2	AM51457	JYTG00000000	AMP	>	32		
AAC.01030-16_zac009165488sd2.xlsx	Table S2	AM51457	JYTG00000000	AMC	=	16		
AAC.01030-16_zac009165488sd2.xlsx	Table S2	AM51457	JYTG00000000	CRO	<=	0.25		
AAC.01030-16_zac009165488sd2.xlsx	Table S2	AM51457	JYTG00000000	AZM	=	2		
AAC.01030-16_zac009165488sd2.xlsx	Table S2	AM51457	JYTG00000000	CHL	=	4		
AAC.01030-16_zac009165488sd2.xlsx	Table S2	AM51457	JYTG00000000	CIP	<=	0.015		
AAC.01030-16_zac009165488sd2.xlsx	Table S2	AM51457	JYTG00000000	SXT	<=	0.12		
AAC.01030-16_zac009165488sd2.xlsx	Table S2	AM51457	JYTG00000000	FIS	<=	16		
AAC.01030-16_zac009165488sd2.xlsx	Table S2	AM51457	JYTG00000000	FOX	=	2		
AAC.01030-16_zac009165488sd2.xlsx	Table S2	AM51457	JYTG00000000	GEN	=	1		
AAC.01030-16_zac009165488sd2.xlsx	Table S2	AM51457	JYTG00000000	NAL	=	4		
AAC.01030-16_zac009165488sd2.xlsx	Table S2	AM51457	JYTG00000000	STR	=	64		
AAC.01030-16_zac009165488sd2.xlsx	Table S2	AM51457	JYTG00000000	TET	>	32		
AAC.01030-16_zac009165488sd2.xlsx	Table S2	AM51457	JYTG00000000	TIO	=	1		
AAC.01030-16_zac009165488sd2.xlsx	Table S2	AM51518	JYTH00000000	AMP	<=	1		
AAC.01030-16_zac009165488sd2.xlsx	Table S2	AM51518	JYTH00000000	AMC	<=	1		
AAC.01030-16_zac009165488sd2.xlsx	Table S2	AM51518	JYTH00000000	CRO	<=	0.25		
AAC.01030-16_zac009165488sd2.xlsx	Table S2	AM51518	JYTH00000000	AZM	=	8		
AAC.01030-16_zac009165488sd2.xlsx	Table S2	AM51518	JYTH00000000	CHL	=	8		
AAC.01030-16_zac009165488sd2.xlsx	Table S2	AM51518	JYTH00000000	CIP	<=	0.015		
AAC.01030-16_zac009165488sd2.xlsx	Table S2	AM51518	JYTH00000000	SXT	<=	0.12		
AAC.01030-16_zac009165488sd2.xlsx	Table S2	AM51518	JYTH00000000	FIS	<=	16		
AAC.01030-16_zac009165488sd2.xlsx	Table S2	AM51518	JYTH00000000	FOX	=	4		
AAC.01030-16_zac009165488sd2.xlsx	Table S2	AM51518	JYTH00000000	GEN	<=	0.25		
AAC.01030-16_zac009165488sd2.xlsx	Table S2	AM51518	JYTH00000000	NAL	=	4		
AAC.01030-16_zac009165488sd2.xlsx	Table S2	AM51518	JYTH00000000	STR	<=	32		
AAC.01030-16_zac009165488sd2.xlsx	Table S2	AM51518	JYTH00000000	TET	<=	4		
AAC.01030-16_zac009165488sd2.xlsx	Table S2	AM51518	JYTH00000000	TIO	=	1		
AAC.01030-16_zac009165488sd2.xlsx	Table S2	AM51592	JYTI00000000	AMP	>	32		
AAC.01030-16_zac009165488sd2.xlsx	Table S2	AM51592	JYTI00000000	AMC	>	32		
AAC.01030-16_zac009165488sd2.xlsx	Table S2	AM51592	JYTI00000000	CRO	=	16		
AAC.01030-16_zac009165488sd2.xlsx	Table S2	AM51592	JYTI00000000	AZM	=	4		
AAC.01030-16_zac009165488sd2.xlsx	Table S2	AM51592	JYTI00000000	CHL	>	32		
AAC.01030-16_zac009165488sd2.xlsx	Table S2	AM51592	JYTI00000000	CIP	<=	0.015		
AAC.01030-16_zac009165488sd2.xlsx	Table S2	AM51592	JYTI00000000	SXT	<=	0.12		
AAC.01030-16_zac009165488sd2.xlsx	Table S2	AM51592	JYTI00000000	FIS	>	256		
AAC.01030-16_zac009165488sd2.xlsx	Table S2	AM51592	JYTI00000000	FOX	=	32		
AAC.01030-16_zac009165488sd2.xlsx	Table S2	AM51592	JYTI00000000	GEN	=	0.5		
AAC.01030-16_zac009165488sd2.xlsx	Table S2	AM51592	JYTI00000000	NAL	=	2		
AAC.01030-16_zac009165488sd2.xlsx	Table S2	AM51592	JYTI00000000	STR	>	64		
AAC.01030-16_zac009165488sd2.xlsx	Table S2	AM51592	JYTI00000000	TET	>	32		
AAC.01030-16_zac009165488sd2.xlsx	Table S2	AM51592	JYTI00000000	TIO	>	8		
AAC.01030-16_zac009165488sd2.xlsx	Table S2	AM51624	JYTJ00000000	AMP	<=	1		
AAC.01030-16_zac009165488sd2.xlsx	Table S2	AM51624	JYTJ00000000	AMC	<=	1		
AAC.01030-16_zac009165488sd2.xlsx	Table S2	AM51624	JYTJ00000000	CRO	<=	0.25		
AAC.01030-16_zac009165488sd2.xlsx	Table S2	AM51624	JYTJ00000000	AZM	=	4		
AAC.01030-16_zac009165488sd2.xlsx	Table S2	AM51624	JYTJ00000000	CHL	=	8		
AAC.01030-16_zac009165488sd2.xlsx	Table S2	AM51624	JYTJ00000000	CIP	<=	0.015		
AAC.01030-16_zac009165488sd2.xlsx	Table S2	AM51624	JYTJ00000000	SXT	=	0.25		
AAC.01030-16_zac009165488sd2.xlsx	Table S2	AM51624	JYTJ00000000	FIS	>	256		
AAC.01030-16_zac009165488sd2.xlsx	Table S2	AM51624	JYTJ00000000	FOX	=	4		
AAC.01030-16_zac009165488sd2.xlsx	Table S2	AM51624	JYTJ00000000	GEN	=	0.5		
AAC.01030-16_zac009165488sd2.xlsx	Table S2	AM51624	JYTJ00000000	NAL	=	4		
AAC.01030-16_zac009165488sd2.xlsx	Table S2	AM51624	JYTJ00000000	STR	<=	32		
AAC.01030-16_zac009165488sd2.xlsx	Table S2	AM51624	JYTJ00000000	TET	=	32		
AAC.01030-16_zac009165488sd2.xlsx	Table S2	AM51624	JYTJ00000000	TIO	=	1		
AAC.01030-16_zac009165488sd2.xlsx	Table S2	AM50034	JYTK00000000	AMP	<=	1		
AAC.01030-16_zac009165488sd2.xlsx	Table S2	AM50034	JYTK00000000	AMC	<=	1		
AAC.01030-16_zac009165488sd2.xlsx	Table S2	AM50034	JYTK00000000	CRO	<=	0.25		
AAC.01030-16_zac009165488sd2.xlsx	Table S2	AM50034	JYTK00000000	AZM	=	4		
AAC.01030-16_zac009165488sd2.xlsx	Table S2	AM50034	JYTK00000000	CHL	=	8		
AAC.01030-16_zac009165488sd2.xlsx	Table S2	AM50034	JYTK00000000	CIP	<=	0.015		
AAC.01030-16_zac009165488sd2.xlsx	Table S2	AM50034	JYTK00000000	SXT	<=	0.12		
AAC.01030-16_zac009165488sd2.xlsx	Table S2	AM50034	JYTK00000000	FIS	>	256		
AAC.01030-16_zac009165488sd2.xlsx	Table S2	AM50034	JYTK00000000	FOX	=	2		
AAC.01030-16_zac009165488sd2.xlsx	Table S2	AM50034	JYTK00000000	GEN	>	16		
AAC.01030-16_zac009165488sd2.xlsx	Table S2	AM50034	JYTK00000000	NAL	=	4		
AAC.01030-16_zac009165488sd2.xlsx	Table S2	AM50034	JYTK00000000	STR	=	64		
AAC.01030-16_zac009165488sd2.xlsx	Table S2	AM50034	JYTK00000000	TET	>	32		
AAC.01030-16_zac009165488sd2.xlsx	Table S2	AM50034	JYTK00000000	TIO	=	0.5		
AAC.01030-16_zac009165488sd2.xlsx	Table S2	AM46834	JYTL00000000	AMP	<=	1		
AAC.01030-16_zac009165488sd2.xlsx	Table S2	AM46834	JYTL00000000	AMC	<=	1		
AAC.01030-16_zac009165488sd2.xlsx	Table S2	AM46834	JYTL00000000	CRO	<=	0.25		
AAC.01030-16_zac009165488sd2.xlsx	Table S2	AM46834	JYTL00000000	AZM	=	4		
AAC.01030-16_zac009165488sd2.xlsx	Table S2	AM46834	JYTL00000000	CHL	=	8		
AAC.01030-16_zac009165488sd2.xlsx	Table S2	AM46834	JYTL00000000	CIP	<=	0.015		
AAC.01030-16_zac009165488sd2.xlsx	Table S2	AM46834	JYTL00000000	SXT	<=	0.12		
AAC.01030-16_zac009165488sd2.xlsx	Table S2	AM46834	JYTL00000000	FIS	>	256		
AAC.01030-16_zac009165488sd2.xlsx	Table S2	AM46834	JYTL00000000	FOX	=	2		
AAC.01030-16_zac009165488sd2.xlsx	Table S2	AM46834	JYTL00000000	GEN	>	16		
AAC.01030-16_zac009165488sd2.xlsx	Table S2	AM46834	JYTL00000000	NAL	=	2		
AAC.01030-16_zac009165488sd2.xlsx	Table S2	AM46834	JYTL00000000	STR	=	64		
AAC.01030-16_zac009165488sd2.xlsx	Table S2	AM46834	JYTL00000000	TET	>	32		
AAC.01030-16_zac009165488sd2.xlsx	Table S2	AM46834	JYTL00000000	TIO	=	1		
