file_name	sheet_name	isolate_id	accession	drug	mic_sign	mic	sir_call	notes
Table_3.XLSX	Sheet1	JL043916201400063	SAMN26764332	AMP	>	64	R	
Table_3.XLSX	Sheet1	JL043916201400063	SAMN26764332	CAZ	<	1	S	
Table_3.XLSX	Sheet1	JL043916201400063	SAMN26764332	AMS	=	32/16	R	mic_sign '=' inferred
Table_3.XLSX	Sheet1	JL043916201400063	SAMN26764332	CFX	<	2	S	
Table_3.XLSX	Sheet1	JL043916201400063	SAMN26764332	CTX	=	0.5	S	mic_sign '=' inferred
Table_3.XLSX	Sheet1	JL043916201400063	SAMN26764332	CFZ	=	4	I	mic_sign '=' inferred
Table_3.XLSX	Sheet1	JL043916201400063	SAMN26764332	IMP	<	0.25	S	
Table_3.XLSX	Sheet1	JL043916201400063	SAMN26764332	TET	=	4	S	mic_sign '=' inferred
Table_3.XLSX	Sheet1	JL043916201400063	SAMN26764332	NAL	>	64	R	
Table_3.XLSX	Sheet1	JL043916201400063	SAMN26764332	CIP	=	0.25	I	mic_sign '=' inferred
Table_3.XLSX	Sheet1	JL043916201400063	SAMN26764332	AZM	<	4	S	
Table_3.XLSX	Sheet1	JL043916201400063	SAMN26764332	CHL	=	4	S	mic_sign '=' inferred
Table_3.XLSX	Sheet1	JL043916201400063	SAMN26764332	GEN	<	1	S	
Table_3.XLSX	Sheet1	JL043916201400063	SAMN26764332	SXT	<	0.25/4.75	S	
Table_3.XLSX	Sheet1	JL043916201400062	SAMN26764333	AMP	<	2	S	
Table_3.XLSX	Sheet1	JL043916201400062	SAMN26764333	CAZ	<	1	S	
Table_3.XLSX	Sheet1	JL043916201400062	SAMN26764333	AMS	<	2/1	S	
Table_3.XLSX	Sheet1	JL043916201400062	SAMN26764333	CFX	<	2	S	
Table_3.XLSX	Sheet1	JL043916201400062	SAMN26764333	CTX	<	0.25	S	
Table_3.XLSX	Sheet1	JL043916201400062	SAMN26764333	CFZ	=	4	I	mic_sign '=' inferred
Table_3.XLSX	Sheet1	JL043916201400062	SAMN26764333	IMP	=	0.5	S	mic_sign '=' inferred
Table_3.XLSX	Sheet1	JL043916201400062	SAMN26764333	TET	>	32	R	
Table_3.XLSX	Sheet1	JL043916201400062	SAMN26764333	NAL	=	4	S	mic_sign '=' inferred
Table_3.XLSX	Sheet1	JL043916201400062	SAMN26764333	CIP	=	0.125	I	mic_sign '=' inferred
Table_3.XLSX	Sheet1	JL043916201400062	SAMN26764333	AZM	=	8	S	mic_sign '=' inferred
Table_3.XLSX	Sheet1	JL043916201400062	SAMN26764333	CHL	>	64	R	
Table_3.XLSX	Sheet1	JL043916201400062	SAMN26764333	GEN	<	1	S	
Table_3.XLSX	Sheet1	JL043916201400062	SAMN26764333	SXT	>	8/152	R	
Table_3.XLSX	Sheet1	JL043915201700158	SAMN26764334	AMP	>	64	R	
Table_3.XLSX	Sheet1	JL043915201700158	SAMN26764334	CAZ	<	1	S	
Table_3.XLSX	Sheet1	JL043915201700158	SAMN26764334	AMS	=	32/16	R	mic_sign '=' inferred
Table_3.XLSX	Sheet1	JL043915201700158	SAMN26764334	CFX	<	2	S	
Table_3.XLSX	Sheet1	JL043915201700158	SAMN26764334	CTX	>	8	R	
Table_3.XLSX	Sheet1	JL043915201700158	SAMN26764334	CFZ	>	16	R	
Table_3.XLSX	Sheet1	JL043915201700158	SAMN26764334	IMP	<	0.25	S	
Table_3.XLSX	Sheet1	JL043915201700158	SAMN26764334	TET	>	32	R	
Table_3.XLSX	Sheet1	JL043915201700158	SAMN26764334	NAL	=	8	S	mic_sign '=' inferred
Table_3.XLSX	Sheet1	JL043915201700158	SAMN26764334	CIP	=	0.5	I	mic_sign '=' inferred
Table_3.XLSX	Sheet1	JL043915201700158	SAMN26764334	AZM	=	16	S	mic_sign '=' inferred
Table_3.XLSX	Sheet1	JL043915201700158	SAMN26764334	CHL	<	2	S	
Table_3.XLSX	Sheet1	JL043915201700158	SAMN26764334	GEN	<	1	S	
Table_3.XLSX	Sheet1	JL043915201700158	SAMN26764334	SXT	=	2/38	S	mic_sign '=' inferred
Table_3.XLSX	Sheet1	JL043915201600024	SAMN26764335	AMP	>	64	R	
Table_3.XLSX	Sheet1	JL043915201600024	SAMN26764335	CAZ	<	1	S	
Table_3.XLSX	Sheet1	JL043915201600024	SAMN26764335	AMS	=	64/32	R	mic_sign '=' inferred
Table_3.XLSX	Sheet1	JL043915201600024	SAMN26764335	CFX	<	2	S	
Table_3.XLSX	Sheet1	JL043915201600024	SAMN26764335	CTX	>	8	R	
Table_3.XLSX	Sheet1	JL043915201600024	SAMN26764335	CFZ	>	16	R	
Table_3.XLSX	Sheet1	JL043915201600024	SAMN26764335	IMP	<	0.25	S	
Table_3.XLSX	Sheet1	JL043915201600024	SAMN26764335	TET	>	32	R	
Table_3.XLSX	Sheet1	JL043915201600024	SAMN26764335	NAL	=	4	S	mic_sign '=' inferred
Table_3.XLSX	Sheet1	JL043915201600024	SAMN26764335	CIP	=	8	R	mic_sign '=' inferred
Table_3.XLSX	Sheet1	JL043915201600024	SAMN26764335	AZM	>	64	R	
Table_3.XLSX	Sheet1	JL043915201600024	SAMN26764335	CHL	>	64	R	
Table_3.XLSX	Sheet1	JL043915201600024	SAMN26764335	GEN	=	2	S	mic_sign '=' inferred
Table_3.XLSX	Sheet1	JL043915201600024	SAMN26764335	SXT	>	8/152	R	
Table_3.XLSX	Sheet1	JL043915201500085	SAMN26764336	AMP	<	2	S	
Table_3.XLSX	Sheet1	JL043915201500085	SAMN26764336	CAZ	<	1	S	
Table_3.XLSX	Sheet1	JL043915201500085	SAMN26764336	AMS	<	2/1	S	
Table_3.XLSX	Sheet1	JL043915201500085	SAMN26764336	CFX	=	4	S	mic_sign '=' inferred
Table_3.XLSX	Sheet1	JL043915201500085	SAMN26764336	CTX	=	0.5	S	mic_sign '=' inferred
Table_3.XLSX	Sheet1	JL043915201500085	SAMN26764336	CFZ	=	2	S	mic_sign '=' inferred
Table_3.XLSX	Sheet1	JL043915201500085	SAMN26764336	IMP	<	0.25	S	
Table_3.XLSX	Sheet1	JL043915201500085	SAMN26764336	TET	<	1	S	
Table_3.XLSX	Sheet1	JL043915201500085	SAMN26764336	NAL	=	4	S	mic_sign '=' inferred
Table_3.XLSX	Sheet1	JL043915201500085	SAMN26764336	CIP	<	0.03	S	
Table_3.XLSX	Sheet1	JL043915201500085	SAMN26764336	AZM	<	4	S	
Table_3.XLSX	Sheet1	JL043915201500085	SAMN26764336	CHL	=	8	S	mic_sign '=' inferred
Table_3.XLSX	Sheet1	JL043915201500085	SAMN26764336	GEN	<	1	S	
Table_3.XLSX	Sheet1	JL043915201500085	SAMN26764336	SXT	<	0.25/4.75	S	
Table_3.XLSX	Sheet1	JL043915201500080	SAMN26764337	AMP	>	64	R	
Table_3.XLSX	Sheet1	JL043915201500080	SAMN26764337	CAZ	<	1	S	
Table_3.XLSX	Sheet1	JL043915201500080	SAMN26764337	AMS	=	64/32	R	mic_sign '=' inferred
Table_3.XLSX	Sheet1	JL043915201500080	SAMN26764337	CFX	<	2	S	
Table_3.XLSX	Sheet1	JL043915201500080	SAMN26764337	CTX	<	0.25	S	
Table_3.XLSX	Sheet1	JL043915201500080	SAMN26764337	CFZ	=	8	R	mic_sign '=' inferred
Table_3.XLSX	Sheet1	JL043915201500080	SAMN26764337	IMP	<	0.25	S	
Table_3.XLSX	Sheet1	JL043915201500080	SAMN26764337	TET	<	1	S	
Table_3.XLSX	Sheet1	JL043915201500080	SAMN26764337	NAL	>	64	R	
Table_3.XLSX	Sheet1	JL043915201500080	SAMN26764337	CIP	=	0.25	I	mic_sign '=' inferred
Table_3.XLSX	Sheet1	JL043915201500080	SAMN26764337	AZM	<	64	R	
Table_3.XLSX	Sheet1	JL043915201500080	SAMN26764337	CHL	=	4	S	mic_sign '=' inferred
Table_3.XLSX	Sheet1	JL043915201500080	SAMN26764337	GEN	<	1	S	
Table_3.XLSX	Sheet1	JL043915201500080	SAMN26764337	SXT	<	0.25/4.75	S	
Table_3.XLSX	Sheet1	JL043915201500079	SAMN26764338	AMP	>	64	R	
Table_3.XLSX	Sheet1	JL043915201500079	SAMN26764338	CAZ	<	1	S	
Table_3.XLSX	Sheet1	JL043915201500079	SAMN26764338	AMS	=	16/8	I	mic_sign '=' inferred
Table_3.XLSX	Sheet1	JL043915201500079	SAMN26764338	CFX	=	4	S	mic_sign '=' inferred
Table_3.XLSX	Sheet1	JL043915201500079	SAMN26764338	CTX	<	0.25	S	
Table_3.XLSX	Sheet1	JL043915201500079	SAMN26764338	CFZ	=	8	R	mic_sign '=' inferred
Table_3.XLSX	Sheet1	JL043915201500079	SAMN26764338	IMP	<	0.25	S	
Table_3.XLSX	Sheet1	JL043915201500079	SAMN26764338	TET	>	32	R	
Table_3.XLSX	Sheet1	JL043915201500079	SAMN26764338	NAL	=	4	S	mic_sign '=' inferred
Table_3.XLSX	Sheet1	JL043915201500079	SAMN26764338	CIP	=	0.5	I	mic_sign '=' inferred
Table_3.XLSX	Sheet1	JL043915201500079	SAMN26764338	AZM	<	4	S	
Table_3.XLSX	Sheet1	JL043915201500079	SAMN26764338	CHL	=	16	I	mic_sign '=' inferred
Table_3.XLSX	Sheet1	JL043915201500079	SAMN26764338	GEN	<	1	S	
Table_3.XLSX	Sheet1	JL043915201500079	SAMN26764338	SXT	>	8/152	R	
Table_3.XLSX	Sheet1	JL043915201500076	SAMN26764339	AMP	>	64	R	
Table_3.XLSX	Sheet1	JL043915201500076	SAMN26764339	CAZ	=	32	R	mic_sign '=' inferred
Table_3.XLSX	Sheet1	JL043915201500076	SAMN26764339	AMS	=	64/32	R	mic_sign '=' inferred
Table_3.XLSX	Sheet1	JL043915201500076	SAMN26764339	CFX	<	2	S	
Table_3.XLSX	Sheet1	JL043915201500076	SAMN26764339	CTX	<	0.25	S	
Table_3.XLSX	Sheet1	JL043915201500076	SAMN26764339	CFZ	=	8	R	mic_sign '=' inferred
Table_3.XLSX	Sheet1	JL043915201500076	SAMN26764339	IMP	<	0.25	S	
Table_3.XLSX	Sheet1	JL043915201500076	SAMN26764339	TET	=	2	S	mic_sign '=' inferred
Table_3.XLSX	Sheet1	JL043915201500076	SAMN26764339	NAL	>	64	R	
Table_3.XLSX	Sheet1	JL043915201500076	SAMN26764339	CIP	=	0.5	I	mic_sign '=' inferred
Table_3.XLSX	Sheet1	JL043915201500076	SAMN26764339	AZM	=	64	R	mic_sign '=' inferred
Table_3.XLSX	Sheet1	JL043915201500076	SAMN26764339	CHL	>	64	R	
Table_3.XLSX	Sheet1	JL043915201500076	SAMN26764339	GEN	=	32	R	mic_sign '=' inferred
Table_3.XLSX	Sheet1	JL043915201500076	SAMN26764339	SXT	>	8/152	R	
Table_3.XLSX	Sheet1	JL043915201500075	SAMN26764340	AMP	<	2	S	
Table_3.XLSX	Sheet1	JL043915201500075	SAMN26764340	CAZ	<	1	S	
Table_3.XLSX	Sheet1	JL043915201500075	SAMN26764340	AMS	<	2/1	S	
Table_3.XLSX	Sheet1	JL043915201500075	SAMN26764340	CFX	<	2	S	
Table_3.XLSX	Sheet1	JL043915201500075	SAMN26764340	CTX	=	0.5	S	mic_sign '=' inferred
Table_3.XLSX	Sheet1	JL043915201500075	SAMN26764340	CFZ	=	1	S	mic_sign '=' inferred
Table_3.XLSX	Sheet1	JL043915201500075	SAMN26764340	IMP	<	0.25	S	
Table_3.XLSX	Sheet1	JL043915201500075	SAMN26764340	TET	>	32	R	
Table_3.XLSX	Sheet1	JL043915201500075	SAMN26764340	NAL	>	64	R	
Table_3.XLSX	Sheet1	JL043915201500075	SAMN26764340	CIP	=	0.25	I	mic_sign '=' inferred
Table_3.XLSX	Sheet1	JL043915201500075	SAMN26764340	AZM	<	4	S	
Table_3.XLSX	Sheet1	JL043915201500075	SAMN26764340	CHL	<	2	S	
Table_3.XLSX	Sheet1	JL043915201500075	SAMN26764340	GEN	<	1	S	
Table_3.XLSX	Sheet1	JL043915201500075	SAMN26764340	SXT	<	0.25/4.75	S	
Table_3.XLSX	Sheet1	JL043814201900286	SAMN26764341	AMP	>	64	R	
Table_3.XLSX	Sheet1	JL043814201900286	SAMN26764341	CAZ	<	1	S	
Table_3.XLSX	Sheet1	JL043814201900286	SAMN26764341	AMS	=	32/16	R	mic_sign '=' inferred
Table_3.XLSX	Sheet1	JL043814201900286	SAMN26764341	CFX	<	2	S	
Table_3.XLSX	Sheet1	JL043814201900286	SAMN26764341	CTX	<	0.25	S	
Table_3.XLSX	Sheet1	JL043814201900286	SAMN26764341	CFZ	=	2	S	mic_sign '=' inferred
Table_3.XLSX	Sheet1	JL043814201900286	SAMN26764341	IMP	<	0.25	S	
Table_3.XLSX	Sheet1	JL043814201900286	SAMN26764341	TET	=	4	S	mic_sign '=' inferred
Table_3.XLSX	Sheet1	JL043814201900286	SAMN26764341	NAL	>	64	R	
Table_3.XLSX	Sheet1	JL043814201900286	SAMN26764341	CIP	=	0.25	I	mic_sign '=' inferred
Table_3.XLSX	Sheet1	JL043814201900286	SAMN26764341	AZM	<	4	S	
Table_3.XLSX	Sheet1	JL043814201900286	SAMN26764341	CHL	=	8	S	mic_sign '=' inferred
Table_3.XLSX	Sheet1	JL043814201900286	SAMN26764341	GEN	<	1	S	
Table_3.XLSX	Sheet1	JL043814201900286	SAMN26764341	SXT	<	0.25/4.75	S	
Table_3.XLSX	Sheet1	JL043814201900278	SAMN26764342	AMP	<	2	S	
Table_3.XLSX	Sheet1	JL043814201900278	SAMN26764342	CAZ	<	1	S	
Table_3.XLSX	Sheet1	JL043814201900278	SAMN26764342	AMS	<	2/1	S	
Table_3.XLSX	Sheet1	JL043814201900278	SAMN26764342	CFX	=	8	S	mic_sign '=' inferred
Table_3.XLSX	Sheet1	JL043814201900278	SAMN26764342	CTX	<	0.25	S	
Table_3.XLSX	Sheet1	JL043814201900278	SAMN26764342	CFZ	=	4	I	mic_sign '=' inferred
Table_3.XLSX	Sheet1	JL043814201900278	SAMN26764342	IMP	<	0.25	S	
Table_3.XLSX	Sheet1	JL043814201900278	SAMN26764342	TET	>	32	R	
Table_3.XLSX	Sheet1	JL043814201900278	SAMN26764342	NAL	>	64	R	
Table_3.XLSX	Sheet1	JL043814201900278	SAMN26764342	CIP	<	0.03	S	
Table_3.XLSX	Sheet1	JL043814201900278	SAMN26764342	AZM	<	4	S	
Table_3.XLSX	Sheet1	JL043814201900278	SAMN26764342	CHL	=	4	S	mic_sign '=' inferred
Table_3.XLSX	Sheet1	JL043814201900278	SAMN26764342	GEN	<	1	S	
Table_3.XLSX	Sheet1	JL043814201900278	SAMN26764342	SXT	<	0.25/4.75	S	
Table_3.XLSX	Sheet1	JL043814201900251	SAMN26764343	AMP	>	64	R	
Table_3.XLSX	Sheet1	JL043814201900251	SAMN26764343	CAZ	=	2	S	mic_sign '=' inferred
Table_3.XLSX	Sheet1	JL043814201900251	SAMN26764343	AMS	=	64/32	R	mic_sign '=' inferred
Table_3.XLSX	Sheet1	JL043814201900251	SAMN26764343	CFX	=	4	S	mic_sign '=' inferred
Table_3.XLSX	Sheet1	JL043814201900251	SAMN26764343	CTX	<	0.25	S	
Table_3.XLSX	Sheet1	JL043814201900251	SAMN26764343	CFZ	=	8	R	mic_sign '=' inferred
Table_3.XLSX	Sheet1	JL043814201900251	SAMN26764343	IMP	<	0.25	S	
Table_3.XLSX	Sheet1	JL043814201900251	SAMN26764343	TET	>	32	R	
Table_3.XLSX	Sheet1	JL043814201900251	SAMN26764343	NAL	=	64	S	mic_sign '=' inferred
Table_3.XLSX	Sheet1	JL043814201900251	SAMN26764343	CIP	<	0.25	I	
Table_3.XLSX	Sheet1	JL043814201900251	SAMN26764343	AZM	<	4	S	
Table_3.XLSX	Sheet1	JL043814201900251	SAMN26764343	CHL	=	8	S	mic_sign '=' inferred
Table_3.XLSX	Sheet1	JL043814201900251	SAMN26764343	GEN	<	1	S	
Table_3.XLSX	Sheet1	JL043814201900251	SAMN26764343	SXT	<	0.25/4.75	S	
Table_3.XLSX	Sheet1	JL043814201900249	SAMN26764344	AMP	>	64	R	
Table_3.XLSX	Sheet1	JL043814201900249	SAMN26764344	CAZ	<	1	S	
Table_3.XLSX	Sheet1	JL043814201900249	SAMN26764344	AMS	=	16/8	I	mic_sign '=' inferred
Table_3.XLSX	Sheet1	JL043814201900249	SAMN26764344	CFX	<	2	S	
Table_3.XLSX	Sheet1	JL043814201900249	SAMN26764344	CTX	<	0.25	S	
Table_3.XLSX	Sheet1	JL043814201900249	SAMN26764344	CFZ	>	16	R	
Table_3.XLSX	Sheet1	JL043814201900249	SAMN26764344	IMP	<	0.25	S	
Table_3.XLSX	Sheet1	JL043814201900249	SAMN26764344	TET	=	4	S	mic_sign '=' inferred
Table_3.XLSX	Sheet1	JL043814201900249	SAMN26764344	NAL	>	64	R	
Table_3.XLSX	Sheet1	JL043814201900249	SAMN26764344	CIP	=	0.125	I	mic_sign '=' inferred
Table_3.XLSX	Sheet1	JL043814201900249	SAMN26764344	AZM	=	8	S	mic_sign '=' inferred
Table_3.XLSX	Sheet1	JL043814201900249	SAMN26764344	CHL	<	2	S	
Table_3.XLSX	Sheet1	JL043814201900249	SAMN26764344	GEN	<	1	S	
Table_3.XLSX	Sheet1	JL043814201900249	SAMN26764344	SXT	>	8/152	R	
Table_3.XLSX	Sheet1	JL043814201700140	SAMN26764345	AMP	>	64	R	
Table_3.XLSX	Sheet1	JL043814201700140	SAMN26764345	CAZ	=	4	S	mic_sign '=' inferred
Table_3.XLSX	Sheet1	JL043814201700140	SAMN26764345	AMS	=	64/32	R	mic_sign '=' inferred
Table_3.XLSX	Sheet1	JL043814201700140	SAMN26764345	CFX	<	2	S	
Table_3.XLSX	Sheet1	JL043814201700140	SAMN26764345	CTX	<	0.25	S	
Table_3.XLSX	Sheet1	JL043814201700140	SAMN26764345	CFZ	=	4	I	mic_sign '=' inferred
Table_3.XLSX	Sheet1	JL043814201700140	SAMN26764345	IMP	<	0.25	S	
Table_3.XLSX	Sheet1	JL043814201700140	SAMN26764345	TET	>	32	R	
Table_3.XLSX	Sheet1	JL043814201700140	SAMN26764345	NAL	>	64	R	
Table_3.XLSX	Sheet1	JL043814201700140	SAMN26764345	CIP	<	0.03	S	
Table_3.XLSX	Sheet1	JL043814201700140	SAMN26764345	AZM	<	4	S	
Table_3.XLSX	Sheet1	JL043814201700140	SAMN26764345	CHL	=	8	S	mic_sign '=' inferred
Table_3.XLSX	Sheet1	JL043814201700140	SAMN26764345	GEN	<	1	S	
Table_3.XLSX	Sheet1	JL043814201700140	SAMN26764345	SXT	<	0.25/4.75	S	
Table_3.XLSX	Sheet1	JL043771201900068	SAMN26764346	AMP	<	2	S	
Table_3.XLSX	Sheet1	JL043771201900068	SAMN26764346	CAZ	<	1	S	
Table_3.XLSX	Sheet1	JL043771201900068	SAMN26764346	AMS	<	2/1	S	
Table_3.XLSX	Sheet1	JL043771201900068	SAMN26764346	CFX	<	2	S	
Table_3.XLSX	Sheet1	JL043771201900068	SAMN26764346	CTX	=	0.5	S	mic_sign '=' inferred
Table_3.XLSX	Sheet1	JL043771201900068	SAMN26764346	CFZ	=	4	I	mic_sign '=' inferred
Table_3.XLSX	Sheet1	JL043771201900068	SAMN26764346	IMP	<	0.25	S	
Table_3.XLSX	Sheet1	JL043771201900068	SAMN26764346	TET	=	4	S	mic_sign '=' inferred
Table_3.XLSX	Sheet1	JL043771201900068	SAMN26764346	NAL	=	4	S	mic_sign '=' inferred
Table_3.XLSX	Sheet1	JL043771201900068	SAMN26764346	CIP	=	0.125	I	mic_sign '=' inferred
Table_3.XLSX	Sheet1	JL043771201900068	SAMN26764346	AZM	<	4	S	
Table_3.XLSX	Sheet1	JL043771201900068	SAMN26764346	CHL	<	2	S	
Table_3.XLSX	Sheet1	JL043771201900068	SAMN26764346	GEN	<	1	S	
Table_3.XLSX	Sheet1	JL043771201900068	SAMN26764346	SXT	<	0.25/4.75	S	
Table_3.XLSX	Sheet1	JL043771201900043	SAMN26764347	AMP	>	64	R	
Table_3.XLSX	Sheet1	JL043771201900043	SAMN26764347	CAZ	<	1	S	
Table_3.XLSX	Sheet1	JL043771201900043	SAMN26764347	AMS	=	16/8	I	mic_sign '=' inferred
Table_3.XLSX	Sheet1	JL043771201900043	SAMN26764347	CFX	<	2	S	
Table_3.XLSX	Sheet1	JL043771201900043	SAMN26764347	CTX	=	0.5	S	mic_sign '=' inferred
Table_3.XLSX	Sheet1	JL043771201900043	SAMN26764347	CFZ	=	4	I	mic_sign '=' inferred
Table_3.XLSX	Sheet1	JL043771201900043	SAMN26764347	IMP	<	0.25	S	
Table_3.XLSX	Sheet1	JL043771201900043	SAMN26764347	TET	=	4	S	mic_sign '=' inferred
Table_3.XLSX	Sheet1	JL043771201900043	SAMN26764347	NAL	=	4	S	mic_sign '=' inferred
Table_3.XLSX	Sheet1	JL043771201900043	SAMN26764347	CIP	<	0.03	S	
Table_3.XLSX	Sheet1	JL043771201900043	SAMN26764347	AZM	<	4	S	
Table_3.XLSX	Sheet1	JL043771201900043	SAMN26764347	CHL	=	8	S	mic_sign '=' inferred
Table_3.XLSX	Sheet1	JL043771201900043	SAMN26764347	GEN	<	1	S	
Table_3.XLSX	Sheet1	JL043771201900043	SAMN26764347	SXT	<	0.25/4.75	S	
Table_3.XLSX	Sheet1	JL043771201800115	SAMN26764348	AMP	>	64	R	
Table_3.XLSX	Sheet1	JL043771201800115	SAMN26764348	CAZ	<	1	S	
Table_3.XLSX	Sheet1	JL043771201800115	SAMN26764348	AMS	=	32/16	R	mic_sign '=' inferred
Table_3.XLSX	Sheet1	JL043771201800115	SAMN26764348	CFX	<	2	S	
Table_3.XLSX	Sheet1	JL043771201800115	SAMN26764348	CTX	=	2	I	mic_sign '=' inferred
Table_3.XLSX	Sheet1	JL043771201800115	SAMN26764348	CFZ	>	16	R	
Table_3.XLSX	Sheet1	JL043771201800115	SAMN26764348	IMP	<	0.25	S	
Table_3.XLSX	Sheet1	JL043771201800115	SAMN26764348	TET	=	2	S	mic_sign '=' inferred
Table_3.XLSX	Sheet1	JL043771201800115	SAMN26764348	NAL	>	64	R	
Table_3.XLSX	Sheet1	JL043771201800115	SAMN26764348	CIP	=	0.5	I	mic_sign '=' inferred
Table_3.XLSX	Sheet1	JL043771201800115	SAMN26764348	AZM	=	16	S	mic_sign '=' inferred
Table_3.XLSX	Sheet1	JL043771201800115	SAMN26764348	CHL	=	4	S	mic_sign '=' inferred
Table_3.XLSX	Sheet1	JL043771201800115	SAMN26764348	GEN	=	2	S	mic_sign '=' inferred
Table_3.XLSX	Sheet1	JL043771201800115	SAMN26764348	SXT	>	8/152	R	
Table_3.XLSX	Sheet1	JL043771201800114	SAMN26764349	AMP	<	2	S	
Table_3.XLSX	Sheet1	JL043771201800114	SAMN26764349	CAZ	<	1	S	
Table_3.XLSX	Sheet1	JL043771201800114	SAMN26764349	AMS	<	2/1	S	
Table_3.XLSX	Sheet1	JL043771201800114	SAMN26764349	CFX	<	2	S	
Table_3.XLSX	Sheet1	JL043771201800114	SAMN26764349	CTX	=	0.5	S	mic_sign '=' inferred
Table_3.XLSX	Sheet1	JL043771201800114	SAMN26764349	CFZ	=	8	R	mic_sign '=' inferred
Table_3.XLSX	Sheet1	JL043771201800114	SAMN26764349	IMP	<	0.25	S	
Table_3.XLSX	Sheet1	JL043771201800114	SAMN26764349	TET	<	1	S	
Table_3.XLSX	Sheet1	JL043771201800114	SAMN26764349	NAL	>	64	R	
Table_3.XLSX	Sheet1	JL043771201800114	SAMN26764349	CIP	=	0.25	I	mic_sign '=' inferred
Table_3.XLSX	Sheet1	JL043771201800114	SAMN26764349	AZM	<	4	S	
Table_3.XLSX	Sheet1	JL043771201800114	SAMN26764349	CHL	=	4	S	mic_sign '=' inferred
Table_3.XLSX	Sheet1	JL043771201800114	SAMN26764349	GEN	<	1	S	
Table_3.XLSX	Sheet1	JL043771201800114	SAMN26764349	SXT	<	0.25/4.75	S	
Table_3.XLSX	Sheet1	JL043771201800084	SAMN26764350	AMP	>	64	R	
Table_3.XLSX	Sheet1	JL043771201800084	SAMN26764350	CAZ	=	8	I	mic_sign '=' inferred
Table_3.XLSX	Sheet1	JL043771201800084	SAMN26764350	AMS	=	16/8	I	mic_sign '=' inferred
Table_3.XLSX	Sheet1	JL043771201800084	SAMN26764350	CFX	=	4	S	mic_sign '=' inferred
Table_3.XLSX	Sheet1	JL043771201800084	SAMN26764350	CTX	<	0.25	S	
Table_3.XLSX	Sheet1	JL043771201800084	SAMN26764350	CFZ	=	16	R	mic_sign '=' inferred
Table_3.XLSX	Sheet1	JL043771201800084	SAMN26764350	IMP	<	0.25	S	
Table_3.XLSX	Sheet1	JL043771201800084	SAMN26764350	TET	>	32	R	
Table_3.XLSX	Sheet1	JL043771201800084	SAMN26764350	NAL	=	4	S	mic_sign '=' inferred
Table_3.XLSX	Sheet1	JL043771201800084	SAMN26764350	CIP	=	0.25	I	mic_sign '=' inferred
Table_3.XLSX	Sheet1	JL043771201800084	SAMN26764350	AZM	<	4	S	
Table_3.XLSX	Sheet1	JL043771201800084	SAMN26764350	CHL	=	4	S	mic_sign '=' inferred
Table_3.XLSX	Sheet1	JL043771201800084	SAMN26764350	GEN	<	1	S	
Table_3.XLSX	Sheet1	JL043771201800084	SAMN26764350	SXT	=	0.5/9.5	S	mic_sign '=' inferred
Table_3.XLSX	Sheet1	JL043771201800083	SAMN26764351	AMP	<	2	S	
Table_3.XLSX	Sheet1	JL043771201800083	SAMN26764351	CAZ	<	1	S	
Table_3.XLSX	Sheet1	JL043771201800083	SAMN26764351	AMS	<	2/1	S	
Table_3.XLSX	Sheet1	JL043771201800083	SAMN26764351	CFX	=	8	S	mic_sign '=' inferred
Table_3.XLSX	Sheet1	JL043771201800083	SAMN26764351	CTX	=	1	S	mic_sign '=' inferred
Table_3.XLSX	Sheet1	JL043771201800083	SAMN26764351	CFZ	=	4	I	mic_sign '=' inferred
Table_3.XLSX	Sheet1	JL043771201800083	SAMN26764351	IMP	<	0.25	S	
Table_3.XLSX	Sheet1	JL043771201800083	SAMN26764351	TET	>	32	R	
Table_3.XLSX	Sheet1	JL043771201800083	SAMN26764351	NAL	=	16	S	mic_sign '=' inferred
Table_3.XLSX	Sheet1	JL043771201800083	SAMN26764351	CIP	<	0.03	S	
Table_3.XLSX	Sheet1	JL043771201800083	SAMN26764351	AZM	<	4	S	
Table_3.XLSX	Sheet1	JL043771201800083	SAMN26764351	CHL	=	8	S	mic_sign '=' inferred
Table_3.XLSX	Sheet1	JL043771201800083	SAMN26764351	GEN	<	1	S	
Table_3.XLSX	Sheet1	JL043771201800083	SAMN26764351	SXT	<	0.25/4.75	S	
Table_3.XLSX	Sheet1	JL043771201800054	SAMN26764352	AMP	>	64	R	
Table_3.XLSX	Sheet1	JL043771201800054	SAMN26764352	CAZ	<	1	S	
Table_3.XLSX	Sheet1	JL043771201800054	SAMN26764352	AMS	=	32/16	R	mic_sign '=' inferred
Table_3.XLSX	Sheet1	JL043771201800054	SAMN26764352	CFX	<	2	S	
Table_3.XLSX	Sheet1	JL043771201800054	SAMN26764352	CTX	<	0.25	S	
Table_3.XLSX	Sheet1	JL043771201800054	SAMN26764352	CFZ	=	4	I	mic_sign '=' inferred
Table_3.XLSX	Sheet1	JL043771201800054	SAMN26764352	IMP	<	0.25	S	
Table_3.XLSX	Sheet1	JL043771201800054	SAMN26764352	TET	=	32	R	mic_sign '=' inferred
Table_3.XLSX	Sheet1	JL043771201800054	SAMN26764352	NAL	>	64	R	
Table_3.XLSX	Sheet1	JL043771201800054	SAMN26764352	CIP	<	0.03	S	
Table_3.XLSX	Sheet1	JL043771201800054	SAMN26764352	AZM	<	4	S	
Table_3.XLSX	Sheet1	JL043771201800054	SAMN26764352	CHL	=	8	S	mic_sign '=' inferred
Table_3.XLSX	Sheet1	JL043771201800054	SAMN26764352	GEN	<	1	S	
Table_3.XLSX	Sheet1	JL043771201800054	SAMN26764352	SXT	<	0.25/4.75	S	
Table_3.XLSX	Sheet1	JL043771201800052	SAMN26764353	AMP	>	64	R	
Table_3.XLSX	Sheet1	JL043771201800052	SAMN26764353	CAZ	=	32	R	mic_sign '=' inferred
Table_3.XLSX	Sheet1	JL043771201800052	SAMN26764353	AMS	=	64/32	R	mic_sign '=' inferred
Table_3.XLSX	Sheet1	JL043771201800052	SAMN26764353	CFX	=	4	S	mic_sign '=' inferred
Table_3.XLSX	Sheet1	JL043771201800052	SAMN26764353	CTX	<	0.25	S	
Table_3.XLSX	Sheet1	JL043771201800052	SAMN26764353	CFZ	=	4	I	mic_sign '=' inferred
Table_3.XLSX	Sheet1	JL043771201800052	SAMN26764353	IMP	=	0.5	S	mic_sign '=' inferred
Table_3.XLSX	Sheet1	JL043771201800052	SAMN26764353	TET	>	32	R	
Table_3.XLSX	Sheet1	JL043771201800052	SAMN26764353	NAL	=	8	S	mic_sign '=' inferred
Table_3.XLSX	Sheet1	JL043771201800052	SAMN26764353	CIP	<	0.03	S	
Table_3.XLSX	Sheet1	JL043771201800052	SAMN26764353	AZM	<	4	S	
Table_3.XLSX	Sheet1	JL043771201800052	SAMN26764353	CHL	=	4	S	mic_sign '=' inferred
Table_3.XLSX	Sheet1	JL043771201800052	SAMN26764353	GEN	<	1	S	
Table_3.XLSX	Sheet1	JL043771201800052	SAMN26764353	SXT	<	0.25/4.75	S	
Table_3.XLSX	Sheet1	JL043771201700086	SAMN26764354	AMP	>	64	R	
Table_3.XLSX	Sheet1	JL043771201700086	SAMN26764354	CAZ	=	2	S	mic_sign '=' inferred
Table_3.XLSX	Sheet1	JL043771201700086	SAMN26764354	AMS	=	16/8	I	mic_sign '=' inferred
Table_3.XLSX	Sheet1	JL043771201700086	SAMN26764354	CFX	=	4	S	mic_sign '=' inferred
Table_3.XLSX	Sheet1	JL043771201700086	SAMN26764354	CTX	=	1	S	mic_sign '=' inferred
Table_3.XLSX	Sheet1	JL043771201700086	SAMN26764354	CFZ	=	8	R	mic_sign '=' inferred
Table_3.XLSX	Sheet1	JL043771201700086	SAMN26764354	IMP	<	0.25	S	
Table_3.XLSX	Sheet1	JL043771201700086	SAMN26764354	TET	=	4	S	mic_sign '=' inferred
Table_3.XLSX	Sheet1	JL043771201700086	SAMN26764354	NAL	>	64	R	
Table_3.XLSX	Sheet1	JL043771201700086	SAMN26764354	CIP	=	0.5	I	mic_sign '=' inferred
Table_3.XLSX	Sheet1	JL043771201700086	SAMN26764354	AZM	<	4	S	
Table_3.XLSX	Sheet1	JL043771201700086	SAMN26764354	CHL	>	64	R	
Table_3.XLSX	Sheet1	JL043771201700086	SAMN26764354	GEN	<	1	S	
Table_3.XLSX	Sheet1	JL043771201700086	SAMN26764354	SXT	<	0.25/4.75	S	
Table_3.XLSX	Sheet1	JL043771201700084	SAMN26764355	AMP	<	2	S	
Table_3.XLSX	Sheet1	JL043771201700084	SAMN26764355	CAZ	<	1	S	
Table_3.XLSX	Sheet1	JL043771201700084	SAMN26764355	AMS	<	2/1	S	
Table_3.XLSX	Sheet1	JL043771201700084	SAMN26764355	CFX	=	16	I	mic_sign '=' inferred
Table_3.XLSX	Sheet1	JL043771201700084	SAMN26764355	CTX	>	8	R	
Table_3.XLSX	Sheet1	JL043771201700084	SAMN26764355	CFZ	>	16	R	
Table_3.XLSX	Sheet1	JL043771201700084	SAMN26764355	IMP	<	0.25	S	
Table_3.XLSX	Sheet1	JL043771201700084	SAMN26764355	TET	<	1	S	
Table_3.XLSX	Sheet1	JL043771201700084	SAMN26764355	NAL	<	2	S	
Table_3.XLSX	Sheet1	JL043771201700084	SAMN26764355	CIP	>	32	R	
Table_3.XLSX	Sheet1	JL043771201700084	SAMN26764355	AZM	=	32	R	mic_sign '=' inferred
Table_3.XLSX	Sheet1	JL043771201700084	SAMN26764355	CHL	=	32	R	mic_sign '=' inferred
Table_3.XLSX	Sheet1	JL043771201700084	SAMN26764355	GEN	=	8	I	mic_sign '=' inferred
Table_3.XLSX	Sheet1	JL043771201700084	SAMN26764355	SXT	>	8/152	R	
Table_3.XLSX	Sheet1	JL043771201700048	SAMN26764356	AMP	>	64	R	
Table_3.XLSX	Sheet1	JL043771201700048	SAMN26764356	CAZ	<	1	S	
Table_3.XLSX	Sheet1	JL043771201700048	SAMN26764356	AMS	=	16/8	I	mic_sign '=' inferred
Table_3.XLSX	Sheet1	JL043771201700048	SAMN26764356	CFX	<	2	S	
Table_3.XLSX	Sheet1	JL043771201700048	SAMN26764356	CTX	<	0.25	S	
Table_3.XLSX	Sheet1	JL043771201700048	SAMN26764356	CFZ	=	2	S	mic_sign '=' inferred
Table_3.XLSX	Sheet1	JL043771201700048	SAMN26764356	IMP	<	0.25	S	
Table_3.XLSX	Sheet1	JL043771201700048	SAMN26764356	TET	>	32	R	
Table_3.XLSX	Sheet1	JL043771201700048	SAMN26764356	NAL	>	64	R	
Table_3.XLSX	Sheet1	JL043771201700048	SAMN26764356	CIP	<	0.03	S	
Table_3.XLSX	Sheet1	JL043771201700048	SAMN26764356	AZM	<	4	S	
Table_3.XLSX	Sheet1	JL043771201700048	SAMN26764356	CHL	=	8	S	mic_sign '=' inferred
Table_3.XLSX	Sheet1	JL043771201700048	SAMN26764356	GEN	<	1	S	
Table_3.XLSX	Sheet1	JL043771201700048	SAMN26764356	SXT	<	0.25/4.75	S	
Table_3.XLSX	Sheet1	JL043771201700036	SAMN26764357	AMP	>	64	R	
Table_3.XLSX	Sheet1	JL043771201700036	SAMN26764357	CAZ	=	4	S	mic_sign '=' inferred
Table_3.XLSX	Sheet1	JL043771201700036	SAMN26764357	AMS	=	16/8	I	mic_sign '=' inferred
Table_3.XLSX	Sheet1	JL043771201700036	SAMN26764357	CFX	<	2	S	
Table_3.XLSX	Sheet1	JL043771201700036	SAMN26764357	CTX	<	0.25	S	
Table_3.XLSX	Sheet1	JL043771201700036	SAMN26764357	CFZ	=	2	S	mic_sign '=' inferred
Table_3.XLSX	Sheet1	JL043771201700036	SAMN26764357	IMP	<	0.25	S	
Table_3.XLSX	Sheet1	JL043771201700036	SAMN26764357	TET	=	2	S	mic_sign '=' inferred
Table_3.XLSX	Sheet1	JL043771201700036	SAMN26764357	NAL	>	64	R	
Table_3.XLSX	Sheet1	JL043771201700036	SAMN26764357	CIP	=	0.25	I	mic_sign '=' inferred
Table_3.XLSX	Sheet1	JL043771201700036	SAMN26764357	AZM	<	4	S	
Table_3.XLSX	Sheet1	JL043771201700036	SAMN26764357	CHL	=	32	R	mic_sign '=' inferred
Table_3.XLSX	Sheet1	JL043771201700036	SAMN26764357	GEN	<	1	S	
Table_3.XLSX	Sheet1	JL043771201700036	SAMN26764357	SXT	=	2/38	S	mic_sign '=' inferred
Table_3.XLSX	Sheet1	JL043771201700015	SAMN26764358	AMP	>	64	R	
Table_3.XLSX	Sheet1	JL043771201700015	SAMN26764358	CAZ	=	2	S	mic_sign '=' inferred
Table_3.XLSX	Sheet1	JL043771201700015	SAMN26764358	AMS	=	32/16	R	mic_sign '=' inferred
Table_3.XLSX	Sheet1	JL043771201700015	SAMN26764358	CFX	<	2	S	
Table_3.XLSX	Sheet1	JL043771201700015	SAMN26764358	CTX	<	0.25	S	
Table_3.XLSX	Sheet1	JL043771201700015	SAMN26764358	CFZ	=	2	S	mic_sign '=' inferred
Table_3.XLSX	Sheet1	JL043771201700015	SAMN26764358	IMP	=	0.5	S	mic_sign '=' inferred
Table_3.XLSX	Sheet1	JL043771201700015	SAMN26764358	TET	=	4	S	mic_sign '=' inferred
Table_3.XLSX	Sheet1	JL043771201700015	SAMN26764358	NAL	>	64	R	
Table_3.XLSX	Sheet1	JL043771201700015	SAMN26764358	CIP	=	0.125	I	mic_sign '=' inferred
Table_3.XLSX	Sheet1	JL043771201700015	SAMN26764358	AZM	<	4	S	
Table_3.XLSX	Sheet1	JL043771201700015	SAMN26764358	CHL	=	8	S	mic_sign '=' inferred
Table_3.XLSX	Sheet1	JL043771201700015	SAMN26764358	GEN	<	1	S	
Table_3.XLSX	Sheet1	JL043771201700015	SAMN26764358	SXT	<	0.25/4.75	S	
Table_3.XLSX	Sheet1	JL043771201700007	SAMN26764359	AMP	>	64	R	
Table_3.XLSX	Sheet1	JL043771201700007	SAMN26764359	CAZ	<	1	S	
Table_3.XLSX	Sheet1	JL043771201700007	SAMN26764359	AMS	=	8/4	S	mic_sign '=' inferred
Table_3.XLSX	Sheet1	JL043771201700007	SAMN26764359	CFX	<	2	S	
Table_3.XLSX	Sheet1	JL043771201700007	SAMN26764359	CTX	>	8	R	
Table_3.XLSX	Sheet1	JL043771201700007	SAMN26764359	CFZ	>	16	R	
Table_3.XLSX	Sheet1	JL043771201700007	SAMN26764359	IMP	<	0.25	S	
Table_3.XLSX	Sheet1	JL043771201700007	SAMN26764359	TET	<	1	S	
Table_3.XLSX	Sheet1	JL043771201700007	SAMN26764359	NAL	>	64	R	
Table_3.XLSX	Sheet1	JL043771201700007	SAMN26764359	CIP	=	0.5	I	mic_sign '=' inferred
Table_3.XLSX	Sheet1	JL043771201700007	SAMN26764359	AZM	<	4	S	
Table_3.XLSX	Sheet1	JL043771201700007	SAMN26764359	CHL	=	8	S	mic_sign '=' inferred
Table_3.XLSX	Sheet1	JL043771201700007	SAMN26764359	GEN	<	1	S	
Table_3.XLSX	Sheet1	JL043771201700007	SAMN26764359	SXT	<	0.25/4.75	S	
Table_3.XLSX	Sheet1	JL043771201600068	SAMN26764360	AMP	>	64	R	
Table_3.XLSX	Sheet1	JL043771201600068	SAMN26764360	CAZ	=	4	S	mic_sign '=' inferred
Table_3.XLSX	Sheet1	JL043771201600068	SAMN26764360	AMS	>	64/32	R	
Table_3.XLSX	Sheet1	JL043771201600068	SAMN26764360	CFX	=	4	S	mic_sign '=' inferred
Table_3.XLSX	Sheet1	JL043771201600068	SAMN26764360	CTX	<	0.25	S	
Table_3.XLSX	Sheet1	JL043771201600068	SAMN26764360	CFZ	=	4	I	mic_sign '=' inferred
Table_3.XLSX	Sheet1	JL043771201600068	SAMN26764360	IMP	<	0.25	S	
Table_3.XLSX	Sheet1	JL043771201600068	SAMN26764360	TET	>	32	R	
Table_3.XLSX	Sheet1	JL043771201600068	SAMN26764360	NAL	>	64	R	
Table_3.XLSX	Sheet1	JL043771201600068	SAMN26764360	CIP	<	0.03	S	
Table_3.XLSX	Sheet1	JL043771201600068	SAMN26764360	AZM	<	4	S	
Table_3.XLSX	Sheet1	JL043771201600068	SAMN26764360	CHL	=	4	S	mic_sign '=' inferred
Table_3.XLSX	Sheet1	JL043771201600068	SAMN26764360	GEN	<	1	S	
Table_3.XLSX	Sheet1	JL043771201600068	SAMN26764360	SXT	<	0.25/4.75	S	
Table_3.XLSX	Sheet1	JL043771201600067	SAMN26764361	AMP	>	64	R	
Table_3.XLSX	Sheet1	JL043771201600067	SAMN26764361	CAZ	<	1	S	
Table_3.XLSX	Sheet1	JL043771201600067	SAMN26764361	AMS	=	16/8	I	mic_sign '=' inferred
Table_3.XLSX	Sheet1	JL043771201600067	SAMN26764361	CFX	<	2	S	
Table_3.XLSX	Sheet1	JL043771201600067	SAMN26764361	CTX	<	0.25	S	
Table_3.XLSX	Sheet1	JL043771201600067	SAMN26764361	CFZ	=	4	I	mic_sign '=' inferred
Table_3.XLSX	Sheet1	JL043771201600067	SAMN26764361	IMP	<	0.25	S	
Table_3.XLSX	Sheet1	JL043771201600067	SAMN26764361	TET	=	8	I	mic_sign '=' inferred
Table_3.XLSX	Sheet1	JL043771201600067	SAMN26764361	NAL	>	64	R	
Table_3.XLSX	Sheet1	JL043771201600067	SAMN26764361	CIP	=	0.125	I	mic_sign '=' inferred
Table_3.XLSX	Sheet1	JL043771201600067	SAMN26764361	AZM	<	4	S	
Table_3.XLSX	Sheet1	JL043771201600067	SAMN26764361	CHL	<	2	S	
Table_3.XLSX	Sheet1	JL043771201600067	SAMN26764361	GEN	<	1	S	
Table_3.XLSX	Sheet1	JL043771201600067	SAMN26764361	SXT	<	0.25/4.75	S	
Table_3.XLSX	Sheet1	JL043771201600056	SAMN26764362	AMP	<	2	S	
Table_3.XLSX	Sheet1	JL043771201600056	SAMN26764362	CAZ	<	1	S	
Table_3.XLSX	Sheet1	JL043771201600056	SAMN26764362	AMS	<	2/1	S	
Table_3.XLSX	Sheet1	JL043771201600056	SAMN26764362	CFX	<	2	S	
Table_3.XLSX	Sheet1	JL043771201600056	SAMN26764362	CTX	=	0.5	S	mic_sign '=' inferred
Table_3.XLSX	Sheet1	JL043771201600056	SAMN26764362	CFZ	=	8	R	mic_sign '=' inferred
Table_3.XLSX	Sheet1	JL043771201600056	SAMN26764362	IMP	<	0.25	S	
Table_3.XLSX	Sheet1	JL043771201600056	SAMN26764362	TET	<	1	S	
Table_3.XLSX	Sheet1	JL043771201600056	SAMN26764362	NAL	<	2	S	
Table_3.XLSX	Sheet1	JL043771201600056	SAMN26764362	CIP	=	0.25	I	mic_sign '=' inferred
Table_3.XLSX	Sheet1	JL043771201600056	SAMN26764362	AZM	=	64	R	mic_sign '=' inferred
Table_3.XLSX	Sheet1	JL043771201600056	SAMN26764362	CHL	>	64	R	
Table_3.XLSX	Sheet1	JL043771201600056	SAMN26764362	GEN	<	1	S	
Table_3.XLSX	Sheet1	JL043771201600056	SAMN26764362	SXT	>	8/152	R	
Table_3.XLSX	Sheet1	JL043771201600046	SAMN26764363	AMP	>	64	R	
Table_3.XLSX	Sheet1	JL043771201600046	SAMN26764363	CAZ	<	1	S	
Table_3.XLSX	Sheet1	JL043771201600046	SAMN26764363	AMS	=	32/16	R	mic_sign '=' inferred
Table_3.XLSX	Sheet1	JL043771201600046	SAMN26764363	CFX	=	4	S	mic_sign '=' inferred
Table_3.XLSX	Sheet1	JL043771201600046	SAMN26764363	CTX	>	8	R	
Table_3.XLSX	Sheet1	JL043771201600046	SAMN26764363	CFZ	>	16	R	
Table_3.XLSX	Sheet1	JL043771201600046	SAMN26764363	IMP	<	0.25	S	
Table_3.XLSX	Sheet1	JL043771201600046	SAMN26764363	TET	>	32	R	
Table_3.XLSX	Sheet1	JL043771201600046	SAMN26764363	NAL	>	64	R	
Table_3.XLSX	Sheet1	JL043771201600046	SAMN26764363	CIP	=	0.5	I	mic_sign '=' inferred
Table_3.XLSX	Sheet1	JL043771201600046	SAMN26764363	AZM	<	4	S	
Table_3.XLSX	Sheet1	JL043771201600046	SAMN26764363	CHL	>	64	R	
Table_3.XLSX	Sheet1	JL043771201600046	SAMN26764363	GEN	<	1	S	
Table_3.XLSX	Sheet1	JL043771201600046	SAMN26764363	SXT	<	0.25/4.75	S	
Table_3.XLSX	Sheet1	JL043771201500026	SAMN26764364	AMP	>	64	R	
Table_3.XLSX	Sheet1	JL043771201500026	SAMN26764364	CAZ	<	1	S	
Table_3.XLSX	Sheet1	JL043771201500026	SAMN26764364	AMS	=	32/16	R	mic_sign '=' inferred
Table_3.XLSX	Sheet1	JL043771201500026	SAMN26764364	CFX	<	2	S	
Table_3.XLSX	Sheet1	JL043771201500026	SAMN26764364	CTX	=	0.5	S	mic_sign '=' inferred
Table_3.XLSX	Sheet1	JL043771201500026	SAMN26764364	CFZ	=	4	I	mic_sign '=' inferred
Table_3.XLSX	Sheet1	JL043771201500026	SAMN26764364	IMP	<	0.25	S	
Table_3.XLSX	Sheet1	JL043771201500026	SAMN26764364	TET	>	32	R	
Table_3.XLSX	Sheet1	JL043771201500026	SAMN26764364	NAL	>	64	R	
Table_3.XLSX	Sheet1	JL043771201500026	SAMN26764364	CIP	<	0.03	S	
Table_3.XLSX	Sheet1	JL043771201500026	SAMN26764364	AZM	<	4	S	
Table_3.XLSX	Sheet1	JL043771201500026	SAMN26764364	CHL	=	4	S	mic_sign '=' inferred
Table_3.XLSX	Sheet1	JL043771201500026	SAMN26764364	GEN	<	1	S	
Table_3.XLSX	Sheet1	JL043771201500026	SAMN26764364	SXT	<	0.25/4.75	S	
Table_3.XLSX	Sheet1	JL043713201900113	SAMN26764365	AMP	=	16	I	mic_sign '=' inferred
Table_3.XLSX	Sheet1	JL043713201900113	SAMN26764365	CAZ	<	1	S	
Table_3.XLSX	Sheet1	JL043713201900113	SAMN26764365	AMS	=	16/8	I	mic_sign '=' inferred
Table_3.XLSX	Sheet1	JL043713201900113	SAMN26764365	CFX	<	2	S	
Table_3.XLSX	Sheet1	JL043713201900113	SAMN26764365	CTX	<	0.25	S	
Table_3.XLSX	Sheet1	JL043713201900113	SAMN26764365	CFZ	=	1	S	mic_sign '=' inferred
Table_3.XLSX	Sheet1	JL043713201900113	SAMN26764365	IMP	<	0.25	S	
Table_3.XLSX	Sheet1	JL043713201900113	SAMN26764365	TET	=	16	R	mic_sign '=' inferred
Table_3.XLSX	Sheet1	JL043713201900113	SAMN26764365	NAL	=	32	R	mic_sign '=' inferred
Table_3.XLSX	Sheet1	JL043713201900113	SAMN26764365	CIP	=	1	R	mic_sign '=' inferred
Table_3.XLSX	Sheet1	JL043713201900113	SAMN26764365	AZM	<	4	S	
Table_3.XLSX	Sheet1	JL043713201900113	SAMN26764365	CHL	>	64	R	
Table_3.XLSX	Sheet1	JL043713201900113	SAMN26764365	GEN	=	16	R	mic_sign '=' inferred
Table_3.XLSX	Sheet1	JL043713201900113	SAMN26764365	SXT	>	8/152	R	
Table_3.XLSX	Sheet1	JL043612201900079	SAMN26764366	AMP	=	4	S	mic_sign '=' inferred
Table_3.XLSX	Sheet1	JL043612201900079	SAMN26764366	CAZ	=	2	S	mic_sign '=' inferred
Table_3.XLSX	Sheet1	JL043612201900079	SAMN26764366	AMS	=	4/2	S	mic_sign '=' inferred
Table_3.XLSX	Sheet1	JL043612201900079	SAMN26764366	CFX	<	2	S	
Table_3.XLSX	Sheet1	JL043612201900079	SAMN26764366	CTX	=	0.5	S	mic_sign '=' inferred
Table_3.XLSX	Sheet1	JL043612201900079	SAMN26764366	CFZ	=	4	I	mic_sign '=' inferred
Table_3.XLSX	Sheet1	JL043612201900079	SAMN26764366	IMP	=	0.5	S	mic_sign '=' inferred
Table_3.XLSX	Sheet1	JL043612201900079	SAMN26764366	TET	=	4	S	mic_sign '=' inferred
Table_3.XLSX	Sheet1	JL043612201900079	SAMN26764366	NAL	=	4	S	mic_sign '=' inferred
Table_3.XLSX	Sheet1	JL043612201900079	SAMN26764366	CIP	=	0.06	S	mic_sign '=' inferred
Table_3.XLSX	Sheet1	JL043612201900079	SAMN26764366	AZM	<	4	S	
Table_3.XLSX	Sheet1	JL043612201900079	SAMN26764366	CHL	=	32	R	mic_sign '=' inferred
Table_3.XLSX	Sheet1	JL043612201900079	SAMN26764366	GEN	<	1	S	
Table_3.XLSX	Sheet1	JL043612201900079	SAMN26764366	SXT	<	0.25/4.75	S	
Table_3.XLSX	Sheet1	JL043611201900395	SAMN26764367	AMP	>	64	R	
Table_3.XLSX	Sheet1	JL043611201900395	SAMN26764367	CAZ	=	2	S	mic_sign '=' inferred
Table_3.XLSX	Sheet1	JL043611201900395	SAMN26764367	AMS	=	4/2	S	mic_sign '=' inferred
Table_3.XLSX	Sheet1	JL043611201900395	SAMN26764367	CFX	<	2	S	
Table_3.XLSX	Sheet1	JL043611201900395	SAMN26764367	CTX	=	0.5	S	mic_sign '=' inferred
Table_3.XLSX	Sheet1	JL043611201900395	SAMN26764367	CFZ	=	4	I	mic_sign '=' inferred
Table_3.XLSX	Sheet1	JL043611201900395	SAMN26764367	IMP	<	0.25	S	
Table_3.XLSX	Sheet1	JL043611201900395	SAMN26764367	TET	<	1	S	
Table_3.XLSX	Sheet1	JL043611201900395	SAMN26764367	NAL	=	2	S	mic_sign '=' inferred
Table_3.XLSX	Sheet1	JL043611201900395	SAMN26764367	CIP	=	16	R	mic_sign '=' inferred
Table_3.XLSX	Sheet1	JL043611201900395	SAMN26764367	AZM	=	16	S	mic_sign '=' inferred
Table_3.XLSX	Sheet1	JL043611201900395	SAMN26764367	CHL	>	64	R	
Table_3.XLSX	Sheet1	JL043611201900395	SAMN26764367	GEN	<	1	S	
Table_3.XLSX	Sheet1	JL043611201900395	SAMN26764367	SXT	>	8/152	R	
Table_3.XLSX	Sheet1	JL043611201700172	SAMN26764368	AMP	>	64	R	
Table_3.XLSX	Sheet1	JL043611201700172	SAMN26764368	CAZ	<	1	S	
Table_3.XLSX	Sheet1	JL043611201700172	SAMN26764368	AMS	=	16/8	I	mic_sign '=' inferred
Table_3.XLSX	Sheet1	JL043611201700172	SAMN26764368	CFX	<	2	S	
Table_3.XLSX	Sheet1	JL043611201700172	SAMN26764368	CTX	<	0.25	S	
Table_3.XLSX	Sheet1	JL043611201700172	SAMN26764368	CFZ	=	2	S	mic_sign '=' inferred
Table_3.XLSX	Sheet1	JL043611201700172	SAMN26764368	IMP	<	0.25	S	
Table_3.XLSX	Sheet1	JL043611201700172	SAMN26764368	TET	<	1	S	
Table_3.XLSX	Sheet1	JL043611201700172	SAMN26764368	NAL	>	64	R	
Table_3.XLSX	Sheet1	JL043611201700172	SAMN26764368	CIP	<	0.25	I	
Table_3.XLSX	Sheet1	JL043611201700172	SAMN26764368	AZM	<	4	S	
Table_3.XLSX	Sheet1	JL043611201700172	SAMN26764368	CHL	=	4	S	mic_sign '=' inferred
Table_3.XLSX	Sheet1	JL043611201700172	SAMN26764368	GEN	<	1	S	
Table_3.XLSX	Sheet1	JL043611201700172	SAMN26764368	SXT	<	0.25/4.75	S	
Table_3.XLSX	Sheet1	JL043611201500181	SAMN26764369	AMP	>	64	R	
Table_3.XLSX	Sheet1	JL043611201500181	SAMN26764369	CAZ	=	2	S	mic_sign '=' inferred
Table_3.XLSX	Sheet1	JL043611201500181	SAMN26764369	AMS	=	16/8	I	mic_sign '=' inferred
Table_3.XLSX	Sheet1	JL043611201500181	SAMN26764369	CFX	=	8	S	mic_sign '=' inferred
Table_3.XLSX	Sheet1	JL043611201500181	SAMN26764369	CTX	<	0.25	S	
Table_3.XLSX	Sheet1	JL043611201500181	SAMN26764369	CFZ	=	4	I	mic_sign '=' inferred
Table_3.XLSX	Sheet1	JL043611201500181	SAMN26764369	IMP	<	0.25	S	
Table_3.XLSX	Sheet1	JL043611201500181	SAMN26764369	TET	>	32	R	
Table_3.XLSX	Sheet1	JL043611201500181	SAMN26764369	NAL	>	64	R	
Table_3.XLSX	Sheet1	JL043611201500181	SAMN26764369	CIP	<	0.25	I	
Table_3.XLSX	Sheet1	JL043611201500181	SAMN26764369	AZM	<	4	S	
Table_3.XLSX	Sheet1	JL043611201500181	SAMN26764369	CHL	=	16	I	mic_sign '=' inferred
Table_3.XLSX	Sheet1	JL043611201500181	SAMN26764369	GEN	<	1	S	
Table_3.XLSX	Sheet1	JL043611201500181	SAMN26764369	SXT	<	0.25/4.75	S	
Table_3.XLSX	Sheet1	JL043611201500173	SAMN26764370	AMP	>	64	R	
Table_3.XLSX	Sheet1	JL043611201500173	SAMN26764370	CAZ	<	1	S	
Table_3.XLSX	Sheet1	JL043611201500173	SAMN26764370	AMS	=	16/8	I	mic_sign '=' inferred
Table_3.XLSX	Sheet1	JL043611201500173	SAMN26764370	CFX	=	4	S	mic_sign '=' inferred
Table_3.XLSX	Sheet1	JL043611201500173	SAMN26764370	CTX	<	0.25	S	
Table_3.XLSX	Sheet1	JL043611201500173	SAMN26764370	CFZ	=	4	I	mic_sign '=' inferred
Table_3.XLSX	Sheet1	JL043611201500173	SAMN26764370	IMP	<	0.25	S	
Table_3.XLSX	Sheet1	JL043611201500173	SAMN26764370	TET	=	4	S	mic_sign '=' inferred
Table_3.XLSX	Sheet1	JL043611201500173	SAMN26764370	NAL	=	32	R	mic_sign '=' inferred
Table_3.XLSX	Sheet1	JL043611201500173	SAMN26764370	CIP	=	2	R	mic_sign '=' inferred
Table_3.XLSX	Sheet1	JL043611201500173	SAMN26764370	AZM	<	4	S	
Table_3.XLSX	Sheet1	JL043611201500173	SAMN26764370	CHL	>	64	R	
Table_3.XLSX	Sheet1	JL043611201500173	SAMN26764370	GEN	=	32	R	mic_sign '=' inferred
Table_3.XLSX	Sheet1	JL043611201500173	SAMN26764370	SXT	>	8/152	R	
Table_3.XLSX	Sheet1	JL043611201500171	SAMN26764371	AMP	<	2	S	
Table_3.XLSX	Sheet1	JL043611201500171	SAMN26764371	CAZ	<	1	S	
Table_3.XLSX	Sheet1	JL043611201500171	SAMN26764371	AMS	<	2/1	S	
Table_3.XLSX	Sheet1	JL043611201500171	SAMN26764371	CFX	=	4	S	mic_sign '=' inferred
Table_3.XLSX	Sheet1	JL043611201500171	SAMN26764371	CTX	=	2	I	mic_sign '=' inferred
Table_3.XLSX	Sheet1	JL043611201500171	SAMN26764371	CFZ	=	4	I	mic_sign '=' inferred
Table_3.XLSX	Sheet1	JL043611201500171	SAMN26764371	IMP	<	0.25	S	
Table_3.XLSX	Sheet1	JL043611201500171	SAMN26764371	TET	>	32	R	
Table_3.XLSX	Sheet1	JL043611201500171	SAMN26764371	NAL	=	4	S	mic_sign '=' inferred
Table_3.XLSX	Sheet1	JL043611201500171	SAMN26764371	CIP	=	4	R	mic_sign '=' inferred
Table_3.XLSX	Sheet1	JL043611201500171	SAMN26764371	AZM	<	4	S	
Table_3.XLSX	Sheet1	JL043611201500171	SAMN26764371	CHL	>	64	R	
Table_3.XLSX	Sheet1	JL043611201500171	SAMN26764371	GEN	=	32	R	mic_sign '=' inferred
Table_3.XLSX	Sheet1	JL043611201500171	SAMN26764371	SXT	=	0.5/9.5	S	mic_sign '=' inferred
Table_3.XLSX	Sheet1	JL043611201500133	SAMN26764372	AMP	=	4	S	mic_sign '=' inferred
Table_3.XLSX	Sheet1	JL043611201500133	SAMN26764372	CAZ	<	1	S	
Table_3.XLSX	Sheet1	JL043611201500133	SAMN26764372	AMS	=	4/2	S	mic_sign '=' inferred
Table_3.XLSX	Sheet1	JL043611201500133	SAMN26764372	CFX	<	2	S	
Table_3.XLSX	Sheet1	JL043611201500133	SAMN26764372	CTX	<	0.25	S	
Table_3.XLSX	Sheet1	JL043611201500133	SAMN26764372	CFZ	=	4	I	mic_sign '=' inferred
Table_3.XLSX	Sheet1	JL043611201500133	SAMN26764372	IMP	=	1	S	mic_sign '=' inferred
Table_3.XLSX	Sheet1	JL043611201500133	SAMN26764372	TET	>	32	R	
Table_3.XLSX	Sheet1	JL043611201500133	SAMN26764372	NAL	=	4	S	mic_sign '=' inferred
Table_3.XLSX	Sheet1	JL043611201500133	SAMN26764372	CIP	<	0.03	S	
Table_3.XLSX	Sheet1	JL043611201500133	SAMN26764372	AZM	<	4	S	
Table_3.XLSX	Sheet1	JL043611201500133	SAMN26764372	CHL	=	4	S	mic_sign '=' inferred
Table_3.XLSX	Sheet1	JL043611201500133	SAMN26764372	GEN	<	1	S	
Table_3.XLSX	Sheet1	JL043611201500133	SAMN26764372	SXT	<	0.25/4.75	S	
Table_3.XLSX	Sheet1	JL04361120140128	SAMN26764373	AMP	=	4	S	mic_sign '=' inferred
Table_3.XLSX	Sheet1	JL04361120140128	SAMN26764373	CAZ	<	1	S	
Table_3.XLSX	Sheet1	JL04361120140128	SAMN26764373	AMS	=	4/2	S	mic_sign '=' inferred
Table_3.XLSX	Sheet1	JL04361120140128	SAMN26764373	CFX	<	2	S	
Table_3.XLSX	Sheet1	JL04361120140128	SAMN26764373	CTX	<	0.25	S	
Table_3.XLSX	Sheet1	JL04361120140128	SAMN26764373	CFZ	=	4	I	mic_sign '=' inferred
Table_3.XLSX	Sheet1	JL04361120140128	SAMN26764373	IMP	=	1	S	mic_sign '=' inferred
Table_3.XLSX	Sheet1	JL04361120140128	SAMN26764373	TET	>	32	R	
Table_3.XLSX	Sheet1	JL04361120140128	SAMN26764373	NAL	=	4	S	mic_sign '=' inferred
Table_3.XLSX	Sheet1	JL04361120140128	SAMN26764373	CIP	=	1	R	mic_sign '=' inferred
Table_3.XLSX	Sheet1	JL04361120140128	SAMN26764373	AZM	=	32	R	mic_sign '=' inferred
Table_3.XLSX	Sheet1	JL04361120140128	SAMN26764373	CHL	=	16	I	mic_sign '=' inferred
Table_3.XLSX	Sheet1	JL04361120140128	SAMN26764373	GEN	=	32	R	mic_sign '=' inferred
Table_3.XLSX	Sheet1	JL04361120140128	SAMN26764373	SXT	>	8/152	R	
Table_3.XLSX	Sheet1	JL043611201400107	SAMN26764374	AMP	>	64	R	
Table_3.XLSX	Sheet1	JL043611201400107	SAMN26764374	CAZ	=	2	S	mic_sign '=' inferred
Table_3.XLSX	Sheet1	JL043611201400107	SAMN26764374	AMS	=	16/8	I	mic_sign '=' inferred
Table_3.XLSX	Sheet1	JL043611201400107	SAMN26764374	CFX	<	2	S	
Table_3.XLSX	Sheet1	JL043611201400107	SAMN26764374	CTX	>	8	R	
Table_3.XLSX	Sheet1	JL043611201400107	SAMN26764374	CFZ	>	16	R	
Table_3.XLSX	Sheet1	JL043611201400107	SAMN26764374	IMP	<	0.25	S	
Table_3.XLSX	Sheet1	JL043611201400107	SAMN26764374	TET	>	32	R	
Table_3.XLSX	Sheet1	JL043611201400107	SAMN26764374	NAL	=	4	S	mic_sign '=' inferred
Table_3.XLSX	Sheet1	JL043611201400107	SAMN26764374	CIP	=	0.5	I	mic_sign '=' inferred
Table_3.XLSX	Sheet1	JL043611201400107	SAMN26764374	AZM	<	4	S	
Table_3.XLSX	Sheet1	JL043611201400107	SAMN26764374	CHL	>	64	R	
Table_3.XLSX	Sheet1	JL043611201400107	SAMN26764374	GEN	<	1	S	
Table_3.XLSX	Sheet1	JL043611201400107	SAMN26764374	SXT	>	8/152	R	
Table_3.XLSX	Sheet1	JL043611201400093	SAMN26764375	AMP	>	64	R	
Table_3.XLSX	Sheet1	JL043611201400093	SAMN26764375	CAZ	<	1	S	
Table_3.XLSX	Sheet1	JL043611201400093	SAMN26764375	AMS	=	32/16	R	mic_sign '=' inferred
Table_3.XLSX	Sheet1	JL043611201400093	SAMN26764375	CFX	<	2	S	
Table_3.XLSX	Sheet1	JL043611201400093	SAMN26764375	CTX	<	0.25	S	
Table_3.XLSX	Sheet1	JL043611201400093	SAMN26764375	CFZ	=	8	R	mic_sign '=' inferred
Table_3.XLSX	Sheet1	JL043611201400093	SAMN26764375	IMP	<	0.25	S	
Table_3.XLSX	Sheet1	JL043611201400093	SAMN26764375	TET	>	32	R	
Table_3.XLSX	Sheet1	JL043611201400093	SAMN26764375	NAL	>	64	R	
Table_3.XLSX	Sheet1	JL043611201400093	SAMN26764375	CIP	<	0.03	S	
Table_3.XLSX	Sheet1	JL043611201400093	SAMN26764375	AZM	<	4	S	
Table_3.XLSX	Sheet1	JL043611201400093	SAMN26764375	CHL	=	8	S	mic_sign '=' inferred
Table_3.XLSX	Sheet1	JL043611201400093	SAMN26764375	GEN	<	1	S	
Table_3.XLSX	Sheet1	JL043611201400093	SAMN26764375	SXT	<	0.25/4.75	S	
Table_3.XLSX	Sheet1	JL043518201800010	SAMN26764376	AMP	>	64	R	
Table_3.XLSX	Sheet1	JL043518201800010	SAMN26764376	CAZ	=	2	S	mic_sign '=' inferred
Table_3.XLSX	Sheet1	JL043518201800010	SAMN26764376	AMS	=	32/16	R	mic_sign '=' inferred
Table_3.XLSX	Sheet1	JL043518201800010	SAMN26764376	CFX	<	2	S	
Table_3.XLSX	Sheet1	JL043518201800010	SAMN26764376	CTX	=	0.5	S	mic_sign '=' inferred
Table_3.XLSX	Sheet1	JL043518201800010	SAMN26764376	CFZ	=	4	I	mic_sign '=' inferred
Table_3.XLSX	Sheet1	JL043518201800010	SAMN26764376	IMP	<	0.25	S	
Table_3.XLSX	Sheet1	JL043518201800010	SAMN26764376	TET	>	32	R	
Table_3.XLSX	Sheet1	JL043518201800010	SAMN26764376	NAL	=	64	R	mic_sign '=' inferred
Table_3.XLSX	Sheet1	JL043518201800010	SAMN26764376	CIP	=	0.125	I	mic_sign '=' inferred
Table_3.XLSX	Sheet1	JL043518201800010	SAMN26764376	AZM	<	4	S	
Table_3.XLSX	Sheet1	JL043518201800010	SAMN26764376	CHL	=	4	S	mic_sign '=' inferred
Table_3.XLSX	Sheet1	JL043518201800010	SAMN26764376	GEN	>	32	R	
Table_3.XLSX	Sheet1	JL043518201800010	SAMN26764376	SXT	<	0.25/4.75	S	
Table_3.XLSX	Sheet1	JL043518201500171	SAMN26764377	AMP	>	64	R	
Table_3.XLSX	Sheet1	JL043518201500171	SAMN26764377	CAZ	=	2	S	mic_sign '=' inferred
Table_3.XLSX	Sheet1	JL043518201500171	SAMN26764377	AMS	=	32/16	R	mic_sign '=' inferred
Table_3.XLSX	Sheet1	JL043518201500171	SAMN26764377	CFX	=	4	S	mic_sign '=' inferred
Table_3.XLSX	Sheet1	JL043518201500171	SAMN26764377	CTX	<	0.25	S	
Table_3.XLSX	Sheet1	JL043518201500171	SAMN26764377	CFZ	=	4	I	mic_sign '=' inferred
Table_3.XLSX	Sheet1	JL043518201500171	SAMN26764377	IMP	=	0.5	S	mic_sign '=' inferred
Table_3.XLSX	Sheet1	JL043518201500171	SAMN26764377	TET	>	32	R	
Table_3.XLSX	Sheet1	JL043518201500171	SAMN26764377	NAL	=	8	S	mic_sign '=' inferred
Table_3.XLSX	Sheet1	JL043518201500171	SAMN26764377	CIP	=	0.5	I	mic_sign '=' inferred
Table_3.XLSX	Sheet1	JL043518201500171	SAMN26764377	AZM	<	4	S	
Table_3.XLSX	Sheet1	JL043518201500171	SAMN26764377	CHL	=	4	S	mic_sign '=' inferred
Table_3.XLSX	Sheet1	JL043518201500171	SAMN26764377	GEN	<	1	S	
Table_3.XLSX	Sheet1	JL043518201500171	SAMN26764377	SXT	<	0.25/4.75	S	
Table_3.XLSX	Sheet1	JL043518201400097	SAMN26764378	AMP	=	4	S	mic_sign '=' inferred
Table_3.XLSX	Sheet1	JL043518201400097	SAMN26764378	CAZ	<	1	S	
Table_3.XLSX	Sheet1	JL043518201400097	SAMN26764378	AMS	<	2/1	S	
Table_3.XLSX	Sheet1	JL043518201400097	SAMN26764378	CFX	<	2	S	
Table_3.XLSX	Sheet1	JL043518201400097	SAMN26764378	CTX	=	0.5	S	mic_sign '=' inferred
Table_3.XLSX	Sheet1	JL043518201400097	SAMN26764378	CFZ	=	8	R	mic_sign '=' inferred
Table_3.XLSX	Sheet1	JL043518201400097	SAMN26764378	IMP	<	1	S	
Table_3.XLSX	Sheet1	JL043518201400097	SAMN26764378	TET	=	4	S	mic_sign '=' inferred
Table_3.XLSX	Sheet1	JL043518201400097	SAMN26764378	NAL	>	64	R	
Table_3.XLSX	Sheet1	JL043518201400097	SAMN26764378	CIP	=	0.25	I	mic_sign '=' inferred
Table_3.XLSX	Sheet1	JL043518201400097	SAMN26764378	AZM	<	4	S	
Table_3.XLSX	Sheet1	JL043518201400097	SAMN26764378	CHL	=	4	S	mic_sign '=' inferred
Table_3.XLSX	Sheet1	JL043518201400097	SAMN26764378	GEN	<	1	S	
Table_3.XLSX	Sheet1	JL043518201400097	SAMN26764378	SXT	=	0.5/9.5	S	mic_sign '=' inferred
Table_3.XLSX	Sheet1	JL04351820140087	SAMN26764379	AMP	>	64	R	
Table_3.XLSX	Sheet1	JL04351820140087	SAMN26764379	CAZ	<	1	S	
Table_3.XLSX	Sheet1	JL04351820140087	SAMN26764379	AMS	=	32/16	R	mic_sign '=' inferred
Table_3.XLSX	Sheet1	JL04351820140087	SAMN26764379	CFX	<	2	S	
Table_3.XLSX	Sheet1	JL04351820140087	SAMN26764379	CTX	<	0.25	S	
Table_3.XLSX	Sheet1	JL04351820140087	SAMN26764379	CFZ	=	8	R	mic_sign '=' inferred
Table_3.XLSX	Sheet1	JL04351820140087	SAMN26764379	IMP	=	0.5	S	mic_sign '=' inferred
Table_3.XLSX	Sheet1	JL04351820140087	SAMN26764379	TET	>	32	R	
Table_3.XLSX	Sheet1	JL04351820140087	SAMN26764379	NAL	>	64	R	
Table_3.XLSX	Sheet1	JL04351820140087	SAMN26764379	CIP	=	0.25	I	mic_sign '=' inferred
Table_3.XLSX	Sheet1	JL04351820140087	SAMN26764379	AZM	<	4	S	
Table_3.XLSX	Sheet1	JL04351820140087	SAMN26764379	CHL	=	4	S	mic_sign '=' inferred
Table_3.XLSX	Sheet1	JL04351820140087	SAMN26764379	GEN	<	1	S	
Table_3.XLSX	Sheet1	JL04351820140087	SAMN26764379	SXT	<	0.25/4.75	S	
Table_3.XLSX	Sheet1	JL043518201400040	SAMN26764380	AMP	>	64	R	
Table_3.XLSX	Sheet1	JL043518201400040	SAMN26764380	CAZ	=	8	I	mic_sign '=' inferred
Table_3.XLSX	Sheet1	JL043518201400040	SAMN26764380	AMS	=	64/32	R	mic_sign '=' inferred
Table_3.XLSX	Sheet1	JL043518201400040	SAMN26764380	CFX	=	4	S	mic_sign '=' inferred
Table_3.XLSX	Sheet1	JL043518201400040	SAMN26764380	CTX	>	8	R	
Table_3.XLSX	Sheet1	JL043518201400040	SAMN26764380	CFZ	>	16	R	
Table_3.XLSX	Sheet1	JL043518201400040	SAMN26764380	IMP	=	2	I	mic_sign '=' inferred
Table_3.XLSX	Sheet1	JL043518201400040	SAMN26764380	TET	=	16	R	mic_sign '=' inferred
Table_3.XLSX	Sheet1	JL043518201400040	SAMN26764380	NAL	>	64	R	
Table_3.XLSX	Sheet1	JL043518201400040	SAMN26764380	CIP	=	1	R	mic_sign '=' inferred
Table_3.XLSX	Sheet1	JL043518201400040	SAMN26764380	AZM	<	4	S	
Table_3.XLSX	Sheet1	JL043518201400040	SAMN26764380	CHL	>	64	R	
Table_3.XLSX	Sheet1	JL043518201400040	SAMN26764380	GEN	<	1	S	
Table_3.XLSX	Sheet1	JL043518201400040	SAMN26764380	SXT	>	8/152	R	
Table_3.XLSX	Sheet1	JL043518201400016	SAMN26764381	AMP	>	64	R	
Table_3.XLSX	Sheet1	JL043518201400016	SAMN26764381	CAZ	=	2	S	mic_sign '=' inferred
Table_3.XLSX	Sheet1	JL043518201400016	SAMN26764381	AMS	=	16/8	I	mic_sign '=' inferred
Table_3.XLSX	Sheet1	JL043518201400016	SAMN26764381	CFX	<	2	S	
Table_3.XLSX	Sheet1	JL043518201400016	SAMN26764381	CTX	<	0.25	S	
Table_3.XLSX	Sheet1	JL043518201400016	SAMN26764381	CFZ	=	8	R	mic_sign '=' inferred
Table_3.XLSX	Sheet1	JL043518201400016	SAMN26764381	IMP	=	0.5	S	mic_sign '=' inferred
Table_3.XLSX	Sheet1	JL043518201400016	SAMN26764381	TET	>	32	R	
Table_3.XLSX	Sheet1	JL043518201400016	SAMN26764381	NAL	=	4	S	mic_sign '=' inferred
Table_3.XLSX	Sheet1	JL043518201400016	SAMN26764381	CIP	=	0.25	I	mic_sign '=' inferred
Table_3.XLSX	Sheet1	JL043518201400016	SAMN26764381	AZM	<	4	S	
Table_3.XLSX	Sheet1	JL043518201400016	SAMN26764381	CHL	>	64	R	
Table_3.XLSX	Sheet1	JL043518201400016	SAMN26764381	GEN	<	1	S	
Table_3.XLSX	Sheet1	JL043518201400016	SAMN26764381	SXT	>	8/152	R	
Table_3.XLSX	Sheet1	JL043510201900129	SAMN26764382	AMP	>	64	R	
Table_3.XLSX	Sheet1	JL043510201900129	SAMN26764382	CAZ	=	2	S	mic_sign '=' inferred
Table_3.XLSX	Sheet1	JL043510201900129	SAMN26764382	AMS	=	32/16	R	mic_sign '=' inferred
Table_3.XLSX	Sheet1	JL043510201900129	SAMN26764382	CFX	=	8	S	mic_sign '=' inferred
Table_3.XLSX	Sheet1	JL043510201900129	SAMN26764382	CTX	=	0.5	S	mic_sign '=' inferred
Table_3.XLSX	Sheet1	JL043510201900129	SAMN26764382	CFZ	=	8	R	mic_sign '=' inferred
Table_3.XLSX	Sheet1	JL043510201900129	SAMN26764382	IMP	=	0.5	S	mic_sign '=' inferred
Table_3.XLSX	Sheet1	JL043510201900129	SAMN26764382	TET	>	32	R	
Table_3.XLSX	Sheet1	JL043510201900129	SAMN26764382	NAL	=	4	S	mic_sign '=' inferred
Table_3.XLSX	Sheet1	JL043510201900129	SAMN26764382	CIP	=	1	R	mic_sign '=' inferred
Table_3.XLSX	Sheet1	JL043510201900129	SAMN26764382	AZM	<	4	S	
Table_3.XLSX	Sheet1	JL043510201900129	SAMN26764382	CHL	=	4	S	mic_sign '=' inferred
Table_3.XLSX	Sheet1	JL043510201900129	SAMN26764382	GEN	<	1	S	
Table_3.XLSX	Sheet1	JL043510201900129	SAMN26764382	SXT	<	0.25/4.75	S	
Table_3.XLSX	Sheet1	JL043510201900124	SAMN26764383	AMP	>	64	R	
Table_3.XLSX	Sheet1	JL043510201900124	SAMN26764383	CAZ	=	2	S	mic_sign '=' inferred
Table_3.XLSX	Sheet1	JL043510201900124	SAMN26764383	AMS	=	32/16	R	mic_sign '=' inferred
Table_3.XLSX	Sheet1	JL043510201900124	SAMN26764383	CFX	<	2	S	
Table_3.XLSX	Sheet1	JL043510201900124	SAMN26764383	CTX	<	0.25	S	
Table_3.XLSX	Sheet1	JL043510201900124	SAMN26764383	CFZ	=	1	S	mic_sign '=' inferred
Table_3.XLSX	Sheet1	JL043510201900124	SAMN26764383	IMP	<	0.25	S	
Table_3.XLSX	Sheet1	JL043510201900124	SAMN26764383	TET	>	32	R	
Table_3.XLSX	Sheet1	JL043510201900124	SAMN26764383	NAL	=	8	S	mic_sign '=' inferred
Table_3.XLSX	Sheet1	JL043510201900124	SAMN26764383	CIP	=	0.125	I	mic_sign '=' inferred
Table_3.XLSX	Sheet1	JL043510201900124	SAMN26764383	AZM	=	8	S	mic_sign '=' inferred
Table_3.XLSX	Sheet1	JL043510201900124	SAMN26764383	CHL	<	2	S	
Table_3.XLSX	Sheet1	JL043510201900124	SAMN26764383	GEN	<	1	S	
Table_3.XLSX	Sheet1	JL043510201900124	SAMN26764383	SXT	<	0.25/4.75	S	
Table_3.XLSX	Sheet1	JL043510201900082	SAMN26764384	AMP	>	64	R	
Table_3.XLSX	Sheet1	JL043510201900082	SAMN26764384	CAZ	<	1	S	
Table_3.XLSX	Sheet1	JL043510201900082	SAMN26764384	AMS	=	16/8	I	mic_sign '=' inferred
Table_3.XLSX	Sheet1	JL043510201900082	SAMN26764384	CFX	<	2	S	
Table_3.XLSX	Sheet1	JL043510201900082	SAMN26764384	CTX	<	0.25	S	
Table_3.XLSX	Sheet1	JL043510201900082	SAMN26764384	CFZ	=	2	S	mic_sign '=' inferred
Table_3.XLSX	Sheet1	JL043510201900082	SAMN26764384	IMP	=	0.5	S	mic_sign '=' inferred
Table_3.XLSX	Sheet1	JL043510201900082	SAMN26764384	TET	=	2	S	mic_sign '=' inferred
Table_3.XLSX	Sheet1	JL043510201900082	SAMN26764384	NAL	>	64	R	
Table_3.XLSX	Sheet1	JL043510201900082	SAMN26764384	CIP	=	0.06	S	mic_sign '=' inferred
Table_3.XLSX	Sheet1	JL043510201900082	SAMN26764384	AZM	<	4	S	
Table_3.XLSX	Sheet1	JL043510201900082	SAMN26764384	CHL	<	2	S	
Table_3.XLSX	Sheet1	JL043510201900082	SAMN26764384	GEN	<	1	S	
Table_3.XLSX	Sheet1	JL043510201900082	SAMN26764384	SXT	<	0.25/4.75	S	
Table_3.XLSX	Sheet1	JL043510201800216	SAMN26764385	AMP	<	2	S	
Table_3.XLSX	Sheet1	JL043510201800216	SAMN26764385	CAZ	<	1	S	
Table_3.XLSX	Sheet1	JL043510201800216	SAMN26764385	AMS	<	2/1	S	
Table_3.XLSX	Sheet1	JL043510201800216	SAMN26764385	CFX	=	4	S	mic_sign '=' inferred
Table_3.XLSX	Sheet1	JL043510201800216	SAMN26764385	CTX	=	0.5	S	mic_sign '=' inferred
Table_3.XLSX	Sheet1	JL043510201800216	SAMN26764385	CFZ	=	4	I	mic_sign '=' inferred
Table_3.XLSX	Sheet1	JL043510201800216	SAMN26764385	IMP	=	0.5	S	mic_sign '=' inferred
Table_3.XLSX	Sheet1	JL043510201800216	SAMN26764385	TET	=	2	S	mic_sign '=' inferred
Table_3.XLSX	Sheet1	JL043510201800216	SAMN26764385	NAL	=	4	S	mic_sign '=' inferred
Table_3.XLSX	Sheet1	JL043510201800216	SAMN26764385	CIP	<	0.03	S	
Table_3.XLSX	Sheet1	JL043510201800216	SAMN26764385	AZM	<	4	S	
Table_3.XLSX	Sheet1	JL043510201800216	SAMN26764385	CHL	=	8	S	mic_sign '=' inferred
Table_3.XLSX	Sheet1	JL043510201800216	SAMN26764385	GEN	<	1	S	
Table_3.XLSX	Sheet1	JL043510201800216	SAMN26764385	SXT	<	0.25/4.75	S	
Table_3.XLSX	Sheet1	JL043510201700116	SAMN26764386	AMP	=	4	S	mic_sign '=' inferred
Table_3.XLSX	Sheet1	JL043510201700116	SAMN26764386	CAZ	<	1	S	
Table_3.XLSX	Sheet1	JL043510201700116	SAMN26764386	AMS	<	2/1	S	
Table_3.XLSX	Sheet1	JL043510201700116	SAMN26764386	CFX	<	2	S	
Table_3.XLSX	Sheet1	JL043510201700116	SAMN26764386	CTX	<	0.25	S	
Table_3.XLSX	Sheet1	JL043510201700116	SAMN26764386	CFZ	=	8	R	mic_sign '=' inferred
Table_3.XLSX	Sheet1	JL043510201700116	SAMN26764386	IMP	=	0.5	S	mic_sign '=' inferred
Table_3.XLSX	Sheet1	JL043510201700116	SAMN26764386	TET	=	4	S	mic_sign '=' inferred
Table_3.XLSX	Sheet1	JL043510201700116	SAMN26764386	NAL	>	64	R	
Table_3.XLSX	Sheet1	JL043510201700116	SAMN26764386	CIP	=	0.25	I	mic_sign '=' inferred
Table_3.XLSX	Sheet1	JL043510201700116	SAMN26764386	AZM	<	4	S	
Table_3.XLSX	Sheet1	JL043510201700116	SAMN26764386	CHL	=	4	S	mic_sign '=' inferred
Table_3.XLSX	Sheet1	JL043510201700116	SAMN26764386	GEN	<	1	S	
Table_3.XLSX	Sheet1	JL043510201700116	SAMN26764386	SXT	<	0.25/4.75	S	
Table_3.XLSX	Sheet1	JL043510201700110	SAMN26764387	AMP	<	2	S	
Table_3.XLSX	Sheet1	JL043510201700110	SAMN26764387	CAZ	<	1	S	
Table_3.XLSX	Sheet1	JL043510201700110	SAMN26764387	AMS	<	2/1	S	
Table_3.XLSX	Sheet1	JL043510201700110	SAMN26764387	CFX	<	2	S	
Table_3.XLSX	Sheet1	JL043510201700110	SAMN26764387	CTX	<	0.25	S	
Table_3.XLSX	Sheet1	JL043510201700110	SAMN26764387	CFZ	=	8	R	mic_sign '=' inferred
Table_3.XLSX	Sheet1	JL043510201700110	SAMN26764387	IMP	=	0.5	S	mic_sign '=' inferred
Table_3.XLSX	Sheet1	JL043510201700110	SAMN26764387	TET	=	2	S	mic_sign '=' inferred
Table_3.XLSX	Sheet1	JL043510201700110	SAMN26764387	NAL	=	4	S	mic_sign '=' inferred
Table_3.XLSX	Sheet1	JL043510201700110	SAMN26764387	CIP	=	0.125	I	mic_sign '=' inferred
Table_3.XLSX	Sheet1	JL043510201700110	SAMN26764387	AZM	<	4	S	
Table_3.XLSX	Sheet1	JL043510201700110	SAMN26764387	CHL	=	4	S	mic_sign '=' inferred
Table_3.XLSX	Sheet1	JL043510201700110	SAMN26764387	GEN	<	1	S	
Table_3.XLSX	Sheet1	JL043510201700110	SAMN26764387	SXT	<	0.25/4.75	S	
Table_3.XLSX	Sheet1	JL043510201700106	SAMN26764388	AMP	>	64	R	
Table_3.XLSX	Sheet1	JL043510201700106	SAMN26764388	CAZ	<	1	S	
Table_3.XLSX	Sheet1	JL043510201700106	SAMN26764388	AMS	=	32/16	R	mic_sign '=' inferred
Table_3.XLSX	Sheet1	JL043510201700106	SAMN26764388	CFX	<	2	S	
Table_3.XLSX	Sheet1	JL043510201700106	SAMN26764388	CTX	=	0.5	S	mic_sign '=' inferred
Table_3.XLSX	Sheet1	JL043510201700106	SAMN26764388	CFZ	=	8	R	mic_sign '=' inferred
Table_3.XLSX	Sheet1	JL043510201700106	SAMN26764388	IMP	<	0.25	S	
Table_3.XLSX	Sheet1	JL043510201700106	SAMN26764388	TET	>	32	R	
Table_3.XLSX	Sheet1	JL043510201700106	SAMN26764388	NAL	>	64	R	
Table_3.XLSX	Sheet1	JL043510201700106	SAMN26764388	CIP	=	0.25	I	mic_sign '=' inferred
Table_3.XLSX	Sheet1	JL043510201700106	SAMN26764388	AZM	<	4	S	
Table_3.XLSX	Sheet1	JL043510201700106	SAMN26764388	CHL	=	4	S	mic_sign '=' inferred
Table_3.XLSX	Sheet1	JL043510201700106	SAMN26764388	GEN	<	1	S	
Table_3.XLSX	Sheet1	JL043510201700106	SAMN26764388	SXT	<	0.25/4.75	S	
Table_3.XLSX	Sheet1	JL043510201700100	SAMN26764389	AMP	>	64	R	
Table_3.XLSX	Sheet1	JL043510201700100	SAMN26764389	CAZ	<	1	S	
Table_3.XLSX	Sheet1	JL043510201700100	SAMN26764389	AMS	=	32/16	R	mic_sign '=' inferred
Table_3.XLSX	Sheet1	JL043510201700100	SAMN26764389	CFX	=	4	S	mic_sign '=' inferred
Table_3.XLSX	Sheet1	JL043510201700100	SAMN26764389	CTX	<	0.25	S	
Table_3.XLSX	Sheet1	JL043510201700100	SAMN26764389	CFZ	=	4	I	mic_sign '=' inferred
Table_3.XLSX	Sheet1	JL043510201700100	SAMN26764389	IMP	<	0.25	S	
Table_3.XLSX	Sheet1	JL043510201700100	SAMN26764389	TET	>	32	R	
Table_3.XLSX	Sheet1	JL043510201700100	SAMN26764389	NAL	>	64	R	
Table_3.XLSX	Sheet1	JL043510201700100	SAMN26764389	CIP	<	0.03	S	
Table_3.XLSX	Sheet1	JL043510201700100	SAMN26764389	AZM	<	4	S	
Table_3.XLSX	Sheet1	JL043510201700100	SAMN26764389	CHL	=	4	S	mic_sign '=' inferred
Table_3.XLSX	Sheet1	JL043510201700100	SAMN26764389	GEN	<	1	S	
Table_3.XLSX	Sheet1	JL043510201700100	SAMN26764389	SXT	<	0.25/4.75	S	
Table_3.XLSX	Sheet1	JL043510201700095	SAMN26764390	AMP	>	64	R	
Table_3.XLSX	Sheet1	JL043510201700095	SAMN26764390	CAZ	=	2	S	mic_sign '=' inferred
Table_3.XLSX	Sheet1	JL043510201700095	SAMN26764390	AMS	=	32/16	R	mic_sign '=' inferred
Table_3.XLSX	Sheet1	JL043510201700095	SAMN26764390	CFX	=	16	I	mic_sign '=' inferred
Table_3.XLSX	Sheet1	JL043510201700095	SAMN26764390	CTX	=	1	S	mic_sign '=' inferred
Table_3.XLSX	Sheet1	JL043510201700095	SAMN26764390	CFZ	=	4	I	mic_sign '=' inferred
Table_3.XLSX	Sheet1	JL043510201700095	SAMN26764390	IMP	<	0.25	S	
Table_3.XLSX	Sheet1	JL043510201700095	SAMN26764390	TET	>	32	R	
Table_3.XLSX	Sheet1	JL043510201700095	SAMN26764390	NAL	=	4	S	mic_sign '=' inferred
Table_3.XLSX	Sheet1	JL043510201700095	SAMN26764390	CIP	=	1	R	mic_sign '=' inferred
Table_3.XLSX	Sheet1	JL043510201700095	SAMN26764390	AZM	<	4	S	
Table_3.XLSX	Sheet1	JL043510201700095	SAMN26764390	CHL	>	64	R	
Table_3.XLSX	Sheet1	JL043510201700095	SAMN26764390	GEN	=	32	R	mic_sign '=' inferred
Table_3.XLSX	Sheet1	JL043510201700095	SAMN26764390	SXT	=	0.5/9.5	S	mic_sign '=' inferred
Table_3.XLSX	Sheet1	JL043510201700002	SAMN26764391	AMP	>	64	R	
Table_3.XLSX	Sheet1	JL043510201700002	SAMN26764391	CAZ	=	2	S	mic_sign '=' inferred
Table_3.XLSX	Sheet1	JL043510201700002	SAMN26764391	AMS	=	32/16	R	mic_sign '=' inferred
Table_3.XLSX	Sheet1	JL043510201700002	SAMN26764391	CFX	=	4	S	mic_sign '=' inferred
Table_3.XLSX	Sheet1	JL043510201700002	SAMN26764391	CTX	=	0.5	S	mic_sign '=' inferred
Table_3.XLSX	Sheet1	JL043510201700002	SAMN26764391	CFZ	=	8	R	mic_sign '=' inferred
Table_3.XLSX	Sheet1	JL043510201700002	SAMN26764391	IMP	<	0.25	S	
Table_3.XLSX	Sheet1	JL043510201700002	SAMN26764391	TET	=	8	I	mic_sign '=' inferred
Table_3.XLSX	Sheet1	JL043510201700002	SAMN26764391	NAL	>	64	R	
Table_3.XLSX	Sheet1	JL043510201700002	SAMN26764391	CIP	=	0.25	I	mic_sign '=' inferred
Table_3.XLSX	Sheet1	JL043510201700002	SAMN26764391	AZM	<	4	S	
Table_3.XLSX	Sheet1	JL043510201700002	SAMN26764391	CHL	=	8	S	mic_sign '=' inferred
Table_3.XLSX	Sheet1	JL043510201700002	SAMN26764391	GEN	<	1	S	
Table_3.XLSX	Sheet1	JL043510201700002	SAMN26764391	SXT	=	0.5/9.5	S	mic_sign '=' inferred
Table_3.XLSX	Sheet1	JL043510201600247	SAMN26764392	AMP	>	64	R	
Table_3.XLSX	Sheet1	JL043510201600247	SAMN26764392	CAZ	>	32	R	
Table_3.XLSX	Sheet1	JL043510201600247	SAMN26764392	AMS	=	32/16	R	mic_sign '=' inferred
Table_3.XLSX	Sheet1	JL043510201600247	SAMN26764392	CFX	=	4	S	mic_sign '=' inferred
Table_3.XLSX	Sheet1	JL043510201600247	SAMN26764392	CTX	=	1	S	mic_sign '=' inferred
Table_3.XLSX	Sheet1	JL043510201600247	SAMN26764392	CFZ	=	4	I	mic_sign '=' inferred
Table_3.XLSX	Sheet1	JL043510201600247	SAMN26764392	IMP	<	0.25	S	
Table_3.XLSX	Sheet1	JL043510201600247	SAMN26764392	TET	>	32	R	
Table_3.XLSX	Sheet1	JL043510201600247	SAMN26764392	NAL	=	64	R	mic_sign '=' inferred
Table_3.XLSX	Sheet1	JL043510201600247	SAMN26764392	CIP	=	0.25	I	mic_sign '=' inferred
Table_3.XLSX	Sheet1	JL043510201600247	SAMN26764392	AZM	<	4	S	
Table_3.XLSX	Sheet1	JL043510201600247	SAMN26764392	CHL	=	4	S	mic_sign '=' inferred
Table_3.XLSX	Sheet1	JL043510201600247	SAMN26764392	GEN	<	1	S	
Table_3.XLSX	Sheet1	JL043510201600247	SAMN26764392	SXT	<	0.25/4.75	S	
Table_3.XLSX	Sheet1	JL043510201600161	SAMN26764393	AMP	>	64	R	
Table_3.XLSX	Sheet1	JL043510201600161	SAMN26764393	CAZ	<	1	S	
Table_3.XLSX	Sheet1	JL043510201600161	SAMN26764393	AMS	=	32/16	R	mic_sign '=' inferred
Table_3.XLSX	Sheet1	JL043510201600161	SAMN26764393	CFX	=	8	S	mic_sign '=' inferred
Table_3.XLSX	Sheet1	JL043510201600161	SAMN26764393	CTX	=	0.5	S	mic_sign '=' inferred
Table_3.XLSX	Sheet1	JL043510201600161	SAMN26764393	CFZ	=	4	I	mic_sign '=' inferred
Table_3.XLSX	Sheet1	JL043510201600161	SAMN26764393	IMP	=	0.5	S	mic_sign '=' inferred
Table_3.XLSX	Sheet1	JL043510201600161	SAMN26764393	TET	>	32	R	
Table_3.XLSX	Sheet1	JL043510201600161	SAMN26764393	NAL	=	4	S	mic_sign '=' inferred
Table_3.XLSX	Sheet1	JL043510201600161	SAMN26764393	CIP	=	0.06	S	mic_sign '=' inferred
Table_3.XLSX	Sheet1	JL043510201600161	SAMN26764393	AZM	<	4	S	
Table_3.XLSX	Sheet1	JL043510201600161	SAMN26764393	CHL	=	4	S	mic_sign '=' inferred
Table_3.XLSX	Sheet1	JL043510201600161	SAMN26764393	GEN	<	1	S	
Table_3.XLSX	Sheet1	JL043510201600161	SAMN26764393	SXT	<	0.25/4.75	S	
Table_3.XLSX	Sheet1	JL043510201600130	SAMN26764394	AMP	>	64	R	
Table_3.XLSX	Sheet1	JL043510201600130	SAMN26764394	CAZ	=	2	S	mic_sign '=' inferred
Table_3.XLSX	Sheet1	JL043510201600130	SAMN26764394	AMS	=	16/8	I	mic_sign '=' inferred
Table_3.XLSX	Sheet1	JL043510201600130	SAMN26764394	CFX	>	64	R	
Table_3.XLSX	Sheet1	JL043510201600130	SAMN26764394	CTX	>	8	R	
Table_3.XLSX	Sheet1	JL043510201600130	SAMN26764394	CFZ	>	16	R	
Table_3.XLSX	Sheet1	JL043510201600130	SAMN26764394	IMP	=	0.5	S	mic_sign '=' inferred
Table_3.XLSX	Sheet1	JL043510201600130	SAMN26764394	TET	>	32	R	
Table_3.XLSX	Sheet1	JL043510201600130	SAMN26764394	NAL	=	8	S	mic_sign '=' inferred
Table_3.XLSX	Sheet1	JL043510201600130	SAMN26764394	CIP	=	0.25	I	mic_sign '=' inferred
Table_3.XLSX	Sheet1	JL043510201600130	SAMN26764394	AZM	<	4	S	
Table_3.XLSX	Sheet1	JL043510201600130	SAMN26764394	CHL	=	4	S	mic_sign '=' inferred
Table_3.XLSX	Sheet1	JL043510201600130	SAMN26764394	GEN	<	1	S	
Table_3.XLSX	Sheet1	JL043510201600130	SAMN26764394	SXT	>	1/19	S	
Table_3.XLSX	Sheet1	JL043510201600114	SAMN26764395	AMP	>	64	R	
Table_3.XLSX	Sheet1	JL043510201600114	SAMN26764395	CAZ	<	1	S	
Table_3.XLSX	Sheet1	JL043510201600114	SAMN26764395	AMS	=	16/8	I	mic_sign '=' inferred
Table_3.XLSX	Sheet1	JL043510201600114	SAMN26764395	CFX	<	2	S	
Table_3.XLSX	Sheet1	JL043510201600114	SAMN26764395	CTX	<	0.25	S	
Table_3.XLSX	Sheet1	JL043510201600114	SAMN26764395	CFZ	=	1	S	mic_sign '=' inferred
Table_3.XLSX	Sheet1	JL043510201600114	SAMN26764395	IMP	<	0.25	S	
Table_3.XLSX	Sheet1	JL043510201600114	SAMN26764395	TET	>	32	R	
Table_3.XLSX	Sheet1	JL043510201600114	SAMN26764395	NAL	>	64	R	
Table_3.XLSX	Sheet1	JL043510201600114	SAMN26764395	CIP	=	0.125	I	mic_sign '=' inferred
Table_3.XLSX	Sheet1	JL043510201600114	SAMN26764395	AZM	<	4	S	
Table_3.XLSX	Sheet1	JL043510201600114	SAMN26764395	CHL	<	2	S	
Table_3.XLSX	Sheet1	JL043510201600114	SAMN26764395	GEN	=	2	S	mic_sign '=' inferred
Table_3.XLSX	Sheet1	JL043510201600114	SAMN26764395	SXT	<	0.25/4.75	S	
Table_3.XLSX	Sheet1	JL043510201600102	SAMN26764396	AMP	>	64	R	
Table_3.XLSX	Sheet1	JL043510201600102	SAMN26764396	CAZ	<	1	S	
Table_3.XLSX	Sheet1	JL043510201600102	SAMN26764396	AMS	=	16/8	I	mic_sign '=' inferred
Table_3.XLSX	Sheet1	JL043510201600102	SAMN26764396	CFX	=	4	S	mic_sign '=' inferred
Table_3.XLSX	Sheet1	JL043510201600102	SAMN26764396	CTX	<	0.25	S	
Table_3.XLSX	Sheet1	JL043510201600102	SAMN26764396	CFZ	=	4	I	mic_sign '=' inferred
Table_3.XLSX	Sheet1	JL043510201600102	SAMN26764396	IMP	<	0.25	S	
Table_3.XLSX	Sheet1	JL043510201600102	SAMN26764396	TET	=	4	S	mic_sign '=' inferred
Table_3.XLSX	Sheet1	JL043510201600102	SAMN26764396	NAL	>	64	R	
Table_3.XLSX	Sheet1	JL043510201600102	SAMN26764396	CIP	<	0.25	I	
Table_3.XLSX	Sheet1	JL043510201600102	SAMN26764396	AZM	<	4	S	
Table_3.XLSX	Sheet1	JL043510201600102	SAMN26764396	CHL	=	8	S	mic_sign '=' inferred
Table_3.XLSX	Sheet1	JL043510201600102	SAMN26764396	GEN	<	1	S	
Table_3.XLSX	Sheet1	JL043510201600102	SAMN26764396	SXT	<	0.25/4.75	S	
Table_3.XLSX	Sheet1	JL043510201500155	SAMN26764397	AMP	>	64	R	
Table_3.XLSX	Sheet1	JL043510201500155	SAMN26764397	CAZ	>	32	R	
Table_3.XLSX	Sheet1	JL043510201500155	SAMN26764397	AMS	>	64/32	R	
Table_3.XLSX	Sheet1	JL043510201500155	SAMN26764397	CFX	=	4	S	mic_sign '=' inferred
Table_3.XLSX	Sheet1	JL043510201500155	SAMN26764397	CTX	=	0.5	S	mic_sign '=' inferred
Table_3.XLSX	Sheet1	JL043510201500155	SAMN26764397	CFZ	=	8	R	mic_sign '=' inferred
Table_3.XLSX	Sheet1	JL043510201500155	SAMN26764397	IMP	=	0.5	S	mic_sign '=' inferred
Table_3.XLSX	Sheet1	JL043510201500155	SAMN26764397	TET	>	32	R	
Table_3.XLSX	Sheet1	JL043510201500155	SAMN26764397	NAL	=	64	R	mic_sign '=' inferred
Table_3.XLSX	Sheet1	JL043510201500155	SAMN26764397	CIP	=	0.25	I	mic_sign '=' inferred
Table_3.XLSX	Sheet1	JL043510201500155	SAMN26764397	AZM	<	4	S	
Table_3.XLSX	Sheet1	JL043510201500155	SAMN26764397	CHL	>	64	R	
Table_3.XLSX	Sheet1	JL043510201500155	SAMN26764397	GEN	<	1	S	
Table_3.XLSX	Sheet1	JL043510201500155	SAMN26764397	SXT	>	8/152	R	
Table_3.XLSX	Sheet1	JL043510201500128	SAMN26764398	AMP	>	64	R	
Table_3.XLSX	Sheet1	JL043510201500128	SAMN26764398	CAZ	<	1	S	
Table_3.XLSX	Sheet1	JL043510201500128	SAMN26764398	AMS	=	16/8	I	mic_sign '=' inferred
Table_3.XLSX	Sheet1	JL043510201500128	SAMN26764398	CFX	<	2	S	
Table_3.XLSX	Sheet1	JL043510201500128	SAMN26764398	CTX	<	0.25	S	
Table_3.XLSX	Sheet1	JL043510201500128	SAMN26764398	CFZ	=	8	R	mic_sign '=' inferred
Table_3.XLSX	Sheet1	JL043510201500128	SAMN26764398	IMP	<	0.25	S	
Table_3.XLSX	Sheet1	JL043510201500128	SAMN26764398	TET	>	32	R	
Table_3.XLSX	Sheet1	JL043510201500128	SAMN26764398	NAL	=	8	S	mic_sign '=' inferred
Table_3.XLSX	Sheet1	JL043510201500128	SAMN26764398	CIP	=	0.25	I	mic_sign '=' inferred
Table_3.XLSX	Sheet1	JL043510201500128	SAMN26764398	AZM	<	4	S	
Table_3.XLSX	Sheet1	JL043510201500128	SAMN26764398	CHL	=	4	S	mic_sign '=' inferred
Table_3.XLSX	Sheet1	JL043510201500128	SAMN26764398	GEN	<	1	S	
Table_3.XLSX	Sheet1	JL043510201500128	SAMN26764398	SXT	<	0.25/4.75	S	
Table_3.XLSX	Sheet1	JL043510201500120	SAMN26764399	AMP	<	2	S	
Table_3.XLSX	Sheet1	JL043510201500120	SAMN26764399	CAZ	<	1	S	
Table_3.XLSX	Sheet1	JL043510201500120	SAMN26764399	AMS	<	2/1	S	
Table_3.XLSX	Sheet1	JL043510201500120	SAMN26764399	CFX	<	2	S	
Table_3.XLSX	Sheet1	JL043510201500120	SAMN26764399	CTX	<	0.25	S	
Table_3.XLSX	Sheet1	JL043510201500120	SAMN26764399	CFZ	=	2	S	mic_sign '=' inferred
Table_3.XLSX	Sheet1	JL043510201500120	SAMN26764399	IMP	=	0.5	S	mic_sign '=' inferred
Table_3.XLSX	Sheet1	JL043510201500120	SAMN26764399	TET	=	4	S	mic_sign '=' inferred
Table_3.XLSX	Sheet1	JL043510201500120	SAMN26764399	NAL	=	4	S	mic_sign '=' inferred
Table_3.XLSX	Sheet1	JL043510201500120	SAMN26764399	CIP	<	0.03	S	
Table_3.XLSX	Sheet1	JL043510201500120	SAMN26764399	AZM	<	4	S	
Table_3.XLSX	Sheet1	JL043510201500120	SAMN26764399	CHL	=	4	S	mic_sign '=' inferred
Table_3.XLSX	Sheet1	JL043510201500120	SAMN26764399	GEN	<	1	S	
Table_3.XLSX	Sheet1	JL043510201500120	SAMN26764399	SXT	<	0.25/4.75	S	
Table_3.XLSX	Sheet1	JL043510201500105	SAMN26764400	AMP	>	64	R	
Table_3.XLSX	Sheet1	JL043510201500105	SAMN26764400	CAZ	=	2	S	mic_sign '=' inferred
Table_3.XLSX	Sheet1	JL043510201500105	SAMN26764400	AMS	=	32/16	R	mic_sign '=' inferred
Table_3.XLSX	Sheet1	JL043510201500105	SAMN26764400	CFX	<	2	S	
Table_3.XLSX	Sheet1	JL043510201500105	SAMN26764400	CTX	=	1	S	mic_sign '=' inferred
Table_3.XLSX	Sheet1	JL043510201500105	SAMN26764400	CFZ	>	16	R	
Table_3.XLSX	Sheet1	JL043510201500105	SAMN26764400	IMP	<	0.25	S	
Table_3.XLSX	Sheet1	JL043510201500105	SAMN26764400	TET	>	32	R	
Table_3.XLSX	Sheet1	JL043510201500105	SAMN26764400	NAL	=	8	S	mic_sign '=' inferred
Table_3.XLSX	Sheet1	JL043510201500105	SAMN26764400	CIP	=	0.25	I	mic_sign '=' inferred
Table_3.XLSX	Sheet1	JL043510201500105	SAMN26764400	AZM	>	64	R	
Table_3.XLSX	Sheet1	JL043510201500105	SAMN26764400	CHL	<	2	S	
Table_3.XLSX	Sheet1	JL043510201500105	SAMN26764400	GEN	<	1	S	
Table_3.XLSX	Sheet1	JL043510201500105	SAMN26764400	SXT	<	0.25/4.75	S	
Table_3.XLSX	Sheet1	JL043510201500096	SAMN26764401	AMP	<	2	S	
Table_3.XLSX	Sheet1	JL043510201500096	SAMN26764401	CAZ	<	1	S	
Table_3.XLSX	Sheet1	JL043510201500096	SAMN26764401	AMS	<	2/1	S	
Table_3.XLSX	Sheet1	JL043510201500096	SAMN26764401	CFX	<	2	S	
Table_3.XLSX	Sheet1	JL043510201500096	SAMN26764401	CTX	<	0.25	S	
Table_3.XLSX	Sheet1	JL043510201500096	SAMN26764401	CFZ	=	1	S	mic_sign '=' inferred
Table_3.XLSX	Sheet1	JL043510201500096	SAMN26764401	IMP	<	0.25	S	
Table_3.XLSX	Sheet1	JL043510201500096	SAMN26764401	TET	=	4	S	mic_sign '=' inferred
Table_3.XLSX	Sheet1	JL043510201500096	SAMN26764401	NAL	=	4	S	mic_sign '=' inferred
Table_3.XLSX	Sheet1	JL043510201500096	SAMN26764401	CIP	=	2	R	mic_sign '=' inferred
Table_3.XLSX	Sheet1	JL043510201500096	SAMN26764401	AZM	=	8	S	mic_sign '=' inferred
Table_3.XLSX	Sheet1	JL043510201500096	SAMN26764401	CHL	>	64	R	
Table_3.XLSX	Sheet1	JL043510201500096	SAMN26764401	GEN	>	32	R	
Table_3.XLSX	Sheet1	JL043510201500096	SAMN26764401	SXT	>	8/152	R	
Table_3.XLSX	Sheet1	JL043510201500095	SAMN26764402	AMP	=	4	S	mic_sign '=' inferred
Table_3.XLSX	Sheet1	JL043510201500095	SAMN26764402	CAZ	=	2	S	mic_sign '=' inferred
Table_3.XLSX	Sheet1	JL043510201500095	SAMN26764402	AMS	=	4/2	S	mic_sign '=' inferred
Table_3.XLSX	Sheet1	JL043510201500095	SAMN26764402	CFX	<	2	S	
Table_3.XLSX	Sheet1	JL043510201500095	SAMN26764402	CTX	=	0.5	S	mic_sign '=' inferred
Table_3.XLSX	Sheet1	JL043510201500095	SAMN26764402	CFZ	=	4	I	mic_sign '=' inferred
Table_3.XLSX	Sheet1	JL043510201500095	SAMN26764402	IMP	<	0.25	S	
Table_3.XLSX	Sheet1	JL043510201500095	SAMN26764402	TET	>	32	R	
Table_3.XLSX	Sheet1	JL043510201500095	SAMN26764402	NAL	=	4	S	mic_sign '=' inferred
Table_3.XLSX	Sheet1	JL043510201500095	SAMN26764402	CIP	=	0.06	S	mic_sign '=' inferred
Table_3.XLSX	Sheet1	JL043510201500095	SAMN26764402	AZM	<	4	S	
Table_3.XLSX	Sheet1	JL043510201500095	SAMN26764402	CHL	=	4	S	mic_sign '=' inferred
Table_3.XLSX	Sheet1	JL043510201500095	SAMN26764402	GEN	<	1	S	
Table_3.XLSX	Sheet1	JL043510201500095	SAMN26764402	SXT	<	0.25/4.75	S	
Table_3.XLSX	Sheet1	JL043510201500088	SAMN26764403	AMP	>	64	R	
Table_3.XLSX	Sheet1	JL043510201500088	SAMN26764403	CAZ	<	1	S	
Table_3.XLSX	Sheet1	JL043510201500088	SAMN26764403	AMS	=	32/16	R	mic_sign '=' inferred
Table_3.XLSX	Sheet1	JL043510201500088	SAMN26764403	CFX	=	4	S	mic_sign '=' inferred
Table_3.XLSX	Sheet1	JL043510201500088	SAMN26764403	CTX	=	0.5	S	mic_sign '=' inferred
Table_3.XLSX	Sheet1	JL043510201500088	SAMN26764403	CFZ	=	2	S	mic_sign '=' inferred
Table_3.XLSX	Sheet1	JL043510201500088	SAMN26764403	IMP	<	0.25	S	
Table_3.XLSX	Sheet1	JL043510201500088	SAMN26764403	TET	=	8	I	mic_sign '=' inferred
Table_3.XLSX	Sheet1	JL043510201500088	SAMN26764403	NAL	>	64	R	
Table_3.XLSX	Sheet1	JL043510201500088	SAMN26764403	CIP	=	0.125	I	mic_sign '=' inferred
Table_3.XLSX	Sheet1	JL043510201500088	SAMN26764403	AZM	=	8	S	mic_sign '=' inferred
Table_3.XLSX	Sheet1	JL043510201500088	SAMN26764403	CHL	=	8	S	mic_sign '=' inferred
Table_3.XLSX	Sheet1	JL043510201500088	SAMN26764403	GEN	<	1	S	
Table_3.XLSX	Sheet1	JL043510201500088	SAMN26764403	SXT	<	0.25/4.75	S	
Table_3.XLSX	Sheet1	JL043510201400122	SAMN26764404	AMP	>	64	R	
Table_3.XLSX	Sheet1	JL043510201400122	SAMN26764404	CAZ	<	1	S	
Table_3.XLSX	Sheet1	JL043510201400122	SAMN26764404	AMS	=	32/16	R	mic_sign '=' inferred
Table_3.XLSX	Sheet1	JL043510201400122	SAMN26764404	CFX	<	2	S	
Table_3.XLSX	Sheet1	JL043510201400122	SAMN26764404	CTX	>	8	R	
Table_3.XLSX	Sheet1	JL043510201400122	SAMN26764404	CFZ	>	16	R	
Table_3.XLSX	Sheet1	JL043510201400122	SAMN26764404	IMP	=	1	S	mic_sign '=' inferred
Table_3.XLSX	Sheet1	JL043510201400122	SAMN26764404	TET	>	32	R	
Table_3.XLSX	Sheet1	JL043510201400122	SAMN26764404	NAL	=	16	S	mic_sign '=' inferred
Table_3.XLSX	Sheet1	JL043510201400122	SAMN26764404	CIP	=	0.125	I	mic_sign '=' inferred
Table_3.XLSX	Sheet1	JL043510201400122	SAMN26764404	AZM	=	64	R	mic_sign '=' inferred
Table_3.XLSX	Sheet1	JL043510201400122	SAMN26764404	CHL	=	4	S	mic_sign '=' inferred
Table_3.XLSX	Sheet1	JL043510201400122	SAMN26764404	GEN	<	1	S	
Table_3.XLSX	Sheet1	JL043510201400122	SAMN26764404	SXT	<	0.25/4.75	S	
Table_3.XLSX	Sheet1	JL043510201400119	SAMN26764405	AMP	>	64	R	
Table_3.XLSX	Sheet1	JL043510201400119	SAMN26764405	CAZ	<	1	S	
Table_3.XLSX	Sheet1	JL043510201400119	SAMN26764405	AMS	=	32/16	R	mic_sign '=' inferred
Table_3.XLSX	Sheet1	JL043510201400119	SAMN26764405	CFX	<	2	S	
Table_3.XLSX	Sheet1	JL043510201400119	SAMN26764405	CTX	<	0.25	S	
Table_3.XLSX	Sheet1	JL043510201400119	SAMN26764405	CFZ	=	8	R	mic_sign '=' inferred
Table_3.XLSX	Sheet1	JL043510201400119	SAMN26764405	IMP	=	1	S	mic_sign '=' inferred
Table_3.XLSX	Sheet1	JL043510201400119	SAMN26764405	TET	>	32	R	
Table_3.XLSX	Sheet1	JL043510201400119	SAMN26764405	NAL	=	16	S	mic_sign '=' inferred
Table_3.XLSX	Sheet1	JL043510201400119	SAMN26764405	CIP	=	0.25	I	mic_sign '=' inferred
Table_3.XLSX	Sheet1	JL043510201400119	SAMN26764405	AZM	<	4	S	
Table_3.XLSX	Sheet1	JL043510201400119	SAMN26764405	CHL	=	4	S	mic_sign '=' inferred
Table_3.XLSX	Sheet1	JL043510201400119	SAMN26764405	GEN	<	1	S	
Table_3.XLSX	Sheet1	JL043510201400119	SAMN26764405	SXT	<	0.25/4.75	S	
Table_3.XLSX	Sheet1	JL043510201400058	SAMN26764406	AMP	>	64	R	
Table_3.XLSX	Sheet1	JL043510201400058	SAMN26764406	CAZ	=	4	S	mic_sign '=' inferred
Table_3.XLSX	Sheet1	JL043510201400058	SAMN26764406	AMS	=	16/8	I	mic_sign '=' inferred
Table_3.XLSX	Sheet1	JL043510201400058	SAMN26764406	CFX	=	16	I	mic_sign '=' inferred
Table_3.XLSX	Sheet1	JL043510201400058	SAMN26764406	CTX	<	0.25	S	
Table_3.XLSX	Sheet1	JL043510201400058	SAMN26764406	CFZ	=	2	S	mic_sign '=' inferred
Table_3.XLSX	Sheet1	JL043510201400058	SAMN26764406	IMP	<	0.25	S	
Table_3.XLSX	Sheet1	JL043510201400058	SAMN26764406	TET	>	32	R	
Table_3.XLSX	Sheet1	JL043510201400058	SAMN26764406	NAL	>	64	R	
Table_3.XLSX	Sheet1	JL043510201400058	SAMN26764406	CIP	<	0.25	I	
Table_3.XLSX	Sheet1	JL043510201400058	SAMN26764406	AZM	<	4	S	
Table_3.XLSX	Sheet1	JL043510201400058	SAMN26764406	CHL	=	8	S	mic_sign '=' inferred
Table_3.XLSX	Sheet1	JL043510201400058	SAMN26764406	GEN	<	1	S	
Table_3.XLSX	Sheet1	JL043510201400058	SAMN26764406	SXT	<	0.25/4.75	S	
Table_3.XLSX	Sheet1	JL04351020140057	SAMN26764407	AMP	>	64	R	
Table_3.XLSX	Sheet1	JL04351020140057	SAMN26764407	CAZ	=	4	S	mic_sign '=' inferred
Table_3.XLSX	Sheet1	JL04351020140057	SAMN26764407	AMS	=	32/16	R	mic_sign '=' inferred
Table_3.XLSX	Sheet1	JL04351020140057	SAMN26764407	CFX	<	2	S	
Table_3.XLSX	Sheet1	JL04351020140057	SAMN26764407	CTX	<	0.25	S	
Table_3.XLSX	Sheet1	JL04351020140057	SAMN26764407	CFZ	=	1	S	mic_sign '=' inferred
Table_3.XLSX	Sheet1	JL04351020140057	SAMN26764407	IMP	<	0.25	S	
Table_3.XLSX	Sheet1	JL04351020140057	SAMN26764407	TET	>	32	R	
Table_3.XLSX	Sheet1	JL04351020140057	SAMN26764407	NAL	>	64	R	
Table_3.XLSX	Sheet1	JL04351020140057	SAMN26764407	CIP	=	0.125	I	mic_sign '=' inferred
Table_3.XLSX	Sheet1	JL04351020140057	SAMN26764407	AZM	=	8	S	mic_sign '=' inferred
Table_3.XLSX	Sheet1	JL04351020140057	SAMN26764407	CHL	<	2	S	
Table_3.XLSX	Sheet1	JL04351020140057	SAMN26764407	GEN	<	1	S	
Table_3.XLSX	Sheet1	JL04351020140057	SAMN26764407	SXT	<	0.25/4.75	S	
Table_3.XLSX	Sheet1	JL04351020140056	SAMN26764408	AMP	>	64	R	
Table_3.XLSX	Sheet1	JL04351020140056	SAMN26764408	CAZ	<	1	S	
Table_3.XLSX	Sheet1	JL04351020140056	SAMN26764408	AMS	=	32/16	R	mic_sign '=' inferred
Table_3.XLSX	Sheet1	JL04351020140056	SAMN26764408	CFX	=	4	S	mic_sign '=' inferred
Table_3.XLSX	Sheet1	JL04351020140056	SAMN26764408	CTX	=	8	R	mic_sign '=' inferred
Table_3.XLSX	Sheet1	JL04351020140056	SAMN26764408	CFZ	>	16	R	
Table_3.XLSX	Sheet1	JL04351020140056	SAMN26764408	IMP	<	0.25	S	
Table_3.XLSX	Sheet1	JL04351020140056	SAMN26764408	TET	=	4	S	mic_sign '=' inferred
Table_3.XLSX	Sheet1	JL04351020140056	SAMN26764408	NAL	>	64	R	
Table_3.XLSX	Sheet1	JL04351020140056	SAMN26764408	CIP	=	0.125	I	mic_sign '=' inferred
Table_3.XLSX	Sheet1	JL04351020140056	SAMN26764408	AZM	<	4	S	
Table_3.XLSX	Sheet1	JL04351020140056	SAMN26764408	CHL	=	16	I	mic_sign '=' inferred
Table_3.XLSX	Sheet1	JL04351020140056	SAMN26764408	GEN	<	1	S	
Table_3.XLSX	Sheet1	JL04351020140056	SAMN26764408	SXT	=	4/76	R	mic_sign '=' inferred
Table_3.XLSX	Sheet1	JL043417201900107	SAMN26764409	AMP	>	64	R	
Table_3.XLSX	Sheet1	JL043417201900107	SAMN26764409	CAZ	<	1	S	
Table_3.XLSX	Sheet1	JL043417201900107	SAMN26764409	AMS	=	16/8	I	mic_sign '=' inferred
Table_3.XLSX	Sheet1	JL043417201900107	SAMN26764409	CFX	=	4	S	mic_sign '=' inferred
Table_3.XLSX	Sheet1	JL043417201900107	SAMN26764409	CTX	=	0.5	S	mic_sign '=' inferred
Table_3.XLSX	Sheet1	JL043417201900107	SAMN26764409	CFZ	=	8	R	mic_sign '=' inferred
Table_3.XLSX	Sheet1	JL043417201900107	SAMN26764409	IMP	<	0.25	S	
Table_3.XLSX	Sheet1	JL043417201900107	SAMN26764409	TET	=	4	S	mic_sign '=' inferred
Table_3.XLSX	Sheet1	JL043417201900107	SAMN26764409	NAL	>	64	R	
Table_3.XLSX	Sheet1	JL043417201900107	SAMN26764409	CIP	=	0.125	I	mic_sign '=' inferred
Table_3.XLSX	Sheet1	JL043417201900107	SAMN26764409	AZM	<	4	S	
Table_3.XLSX	Sheet1	JL043417201900107	SAMN26764409	CHL	=	4	S	mic_sign '=' inferred
Table_3.XLSX	Sheet1	JL043417201900107	SAMN26764409	GEN	<	1	S	
Table_3.XLSX	Sheet1	JL043417201900107	SAMN26764409	SXT	>	8/152	R	
Table_3.XLSX	Sheet1	JL043417201900101	SAMN26764410	AMP	>	64	R	
Table_3.XLSX	Sheet1	JL043417201900101	SAMN26764410	CAZ	<	1	S	
Table_3.XLSX	Sheet1	JL043417201900101	SAMN26764410	AMS	=	32/16	R	mic_sign '=' inferred
Table_3.XLSX	Sheet1	JL043417201900101	SAMN26764410	CFX	<	2	S	
Table_3.XLSX	Sheet1	JL043417201900101	SAMN26764410	CTX	<	0.25	S	
Table_3.XLSX	Sheet1	JL043417201900101	SAMN26764410	CFZ	=	2	S	mic_sign '=' inferred
Table_3.XLSX	Sheet1	JL043417201900101	SAMN26764410	IMP	<	0.25	S	
Table_3.XLSX	Sheet1	JL043417201900101	SAMN26764410	TET	=	4	S	mic_sign '=' inferred
Table_3.XLSX	Sheet1	JL043417201900101	SAMN26764410	NAL	>	64	R	
Table_3.XLSX	Sheet1	JL043417201900101	SAMN26764410	CIP	=	0.125	I	mic_sign '=' inferred
Table_3.XLSX	Sheet1	JL043417201900101	SAMN26764410	AZM	<	4	S	
Table_3.XLSX	Sheet1	JL043417201900101	SAMN26764410	CHL	=	4	S	mic_sign '=' inferred
Table_3.XLSX	Sheet1	JL043417201900101	SAMN26764410	GEN	<	1	S	
Table_3.XLSX	Sheet1	JL043417201900101	SAMN26764410	SXT	<	0.25/4.75	S	
Table_3.XLSX	Sheet1	JL043417201800188	SAMN26764411	AMP	>	64	R	
Table_3.XLSX	Sheet1	JL043417201800188	SAMN26764411	CAZ	=	8	I	mic_sign '=' inferred
Table_3.XLSX	Sheet1	JL043417201800188	SAMN26764411	AMS	>	64/32	R	
Table_3.XLSX	Sheet1	JL043417201800188	SAMN26764411	CFX	<	2	S	
Table_3.XLSX	Sheet1	JL043417201800188	SAMN26764411	CTX	=	0.5	S	mic_sign '=' inferred
Table_3.XLSX	Sheet1	JL043417201800188	SAMN26764411	CFZ	=	1	S	mic_sign '=' inferred
Table_3.XLSX	Sheet1	JL043417201800188	SAMN26764411	IMP	<	0.25	S	
Table_3.XLSX	Sheet1	JL043417201800188	SAMN26764411	TET	>	32	R	
Table_3.XLSX	Sheet1	JL043417201800188	SAMN26764411	NAL	=	16	S	mic_sign '=' inferred
Table_3.XLSX	Sheet1	JL043417201800188	SAMN26764411	CIP	=	0.125	I	mic_sign '=' inferred
Table_3.XLSX	Sheet1	JL043417201800188	SAMN26764411	AZM	=	8	S	mic_sign '=' inferred
Table_3.XLSX	Sheet1	JL043417201800188	SAMN26764411	CHL	=	4	S	mic_sign '=' inferred
Table_3.XLSX	Sheet1	JL043417201800188	SAMN26764411	GEN	<	1	S	
Table_3.XLSX	Sheet1	JL043417201800188	SAMN26764411	SXT	<	0.25/4.75	S	
Table_3.XLSX	Sheet1	JL043417201800165	SAMN26764412	AMP	>	64	R	
Table_3.XLSX	Sheet1	JL043417201800165	SAMN26764412	CAZ	<	1	S	
Table_3.XLSX	Sheet1	JL043417201800165	SAMN26764412	AMS	=	8/4	S	mic_sign '=' inferred
Table_3.XLSX	Sheet1	JL043417201800165	SAMN26764412	CFX	<	2	S	
Table_3.XLSX	Sheet1	JL043417201800165	SAMN26764412	CTX	=	2	I	mic_sign '=' inferred
Table_3.XLSX	Sheet1	JL043417201800165	SAMN26764412	CFZ	>	16	R	
Table_3.XLSX	Sheet1	JL043417201800165	SAMN26764412	IMP	<	0.25	S	
Table_3.XLSX	Sheet1	JL043417201800165	SAMN26764412	TET	=	16	R	mic_sign '=' inferred
Table_3.XLSX	Sheet1	JL043417201800165	SAMN26764412	NAL	>	64	R	
Table_3.XLSX	Sheet1	JL043417201800165	SAMN26764412	CIP	=	2	R	mic_sign '=' inferred
Table_3.XLSX	Sheet1	JL043417201800165	SAMN26764412	AZM	>	64	R	
Table_3.XLSX	Sheet1	JL043417201800165	SAMN26764412	CHL	=	4	S	mic_sign '=' inferred
Table_3.XLSX	Sheet1	JL043417201800165	SAMN26764412	GEN	<	1	S	
Table_3.XLSX	Sheet1	JL043417201800165	SAMN26764412	SXT	=	2/38	S	mic_sign '=' inferred
Table_3.XLSX	Sheet1	JL043417201800135	SAMN26764413	AMP	>	64	R	
Table_3.XLSX	Sheet1	JL043417201800135	SAMN26764413	CAZ	<	1	S	
Table_3.XLSX	Sheet1	JL043417201800135	SAMN26764413	AMS	=	16/8	I	mic_sign '=' inferred
Table_3.XLSX	Sheet1	JL043417201800135	SAMN26764413	CFX	=	4	S	mic_sign '=' inferred
Table_3.XLSX	Sheet1	JL043417201800135	SAMN26764413	CTX	<	0.25	S	
Table_3.XLSX	Sheet1	JL043417201800135	SAMN26764413	CFZ	=	16	R	mic_sign '=' inferred
Table_3.XLSX	Sheet1	JL043417201800135	SAMN26764413	IMP	=	0.5	S	mic_sign '=' inferred
Table_3.XLSX	Sheet1	JL043417201800135	SAMN26764413	TET	=	8	I	mic_sign '=' inferred
Table_3.XLSX	Sheet1	JL043417201800135	SAMN26764413	NAL	>	64	R	
Table_3.XLSX	Sheet1	JL043417201800135	SAMN26764413	CIP	<	0.25	I	
Table_3.XLSX	Sheet1	JL043417201800135	SAMN26764413	AZM	<	4	S	
Table_3.XLSX	Sheet1	JL043417201800135	SAMN26764413	CHL	=	8	S	mic_sign '=' inferred
Table_3.XLSX	Sheet1	JL043417201800135	SAMN26764413	GEN	<	1	S	
Table_3.XLSX	Sheet1	JL043417201800135	SAMN26764413	SXT	<	0.25/4.75	S	
Table_3.XLSX	Sheet1	JL043417201800119	SAMN26764414	AMP	<	2	S	
Table_3.XLSX	Sheet1	JL043417201800119	SAMN26764414	CAZ	<	1	S	
Table_3.XLSX	Sheet1	JL043417201800119	SAMN26764414	AMS	<	2/1	S	
Table_3.XLSX	Sheet1	JL043417201800119	SAMN26764414	CFX	=	8	S	mic_sign '=' inferred
Table_3.XLSX	Sheet1	JL043417201800119	SAMN26764414	CTX	<	0.25	S	
Table_3.XLSX	Sheet1	JL043417201800119	SAMN26764414	CFZ	=	8	R	mic_sign '=' inferred
Table_3.XLSX	Sheet1	JL043417201800119	SAMN26764414	IMP	=	0.5	S	mic_sign '=' inferred
Table_3.XLSX	Sheet1	JL043417201800119	SAMN26764414	TET	=	4	S	mic_sign '=' inferred
Table_3.XLSX	Sheet1	JL043417201800119	SAMN26764414	NAL	=	4	S	mic_sign '=' inferred
Table_3.XLSX	Sheet1	JL043417201800119	SAMN26764414	CIP	<	0.25	I	
Table_3.XLSX	Sheet1	JL043417201800119	SAMN26764414	AZM	=	8	S	mic_sign '=' inferred
Table_3.XLSX	Sheet1	JL043417201800119	SAMN26764414	CHL	=	8	S	mic_sign '=' inferred
Table_3.XLSX	Sheet1	JL043417201800119	SAMN26764414	GEN	<	1	S	
Table_3.XLSX	Sheet1	JL043417201800119	SAMN26764414	SXT	=	4/76	R	mic_sign '=' inferred
Table_3.XLSX	Sheet1	JL043417201800115	SAMN26764415	AMP	>	64	R	
Table_3.XLSX	Sheet1	JL043417201800115	SAMN26764415	CAZ	<	1	S	
Table_3.XLSX	Sheet1	JL043417201800115	SAMN26764415	AMS	=	16/8	I	mic_sign '=' inferred
Table_3.XLSX	Sheet1	JL043417201800115	SAMN26764415	CFX	=	4	S	mic_sign '=' inferred
Table_3.XLSX	Sheet1	JL043417201800115	SAMN26764415	CTX	<	0.25	S	
Table_3.XLSX	Sheet1	JL043417201800115	SAMN26764415	CFZ	=	4	I	mic_sign '=' inferred
Table_3.XLSX	Sheet1	JL043417201800115	SAMN26764415	IMP	<	0.25	S	
Table_3.XLSX	Sheet1	JL043417201800115	SAMN26764415	TET	>	32	R	
Table_3.XLSX	Sheet1	JL043417201800115	SAMN26764415	NAL	=	4	S	mic_sign '=' inferred
Table_3.XLSX	Sheet1	JL043417201800115	SAMN26764415	CIP	=	0.25	I	mic_sign '=' inferred
Table_3.XLSX	Sheet1	JL043417201800115	SAMN26764415	AZM	<	4	S	
Table_3.XLSX	Sheet1	JL043417201800115	SAMN26764415	CHL	>	64	R	
Table_3.XLSX	Sheet1	JL043417201800115	SAMN26764415	GEN	<	1	S	
Table_3.XLSX	Sheet1	JL043417201800115	SAMN26764415	SXT	>	8/152	R	
Table_3.XLSX	Sheet1	JL043417201800110	SAMN26764416	AMP	=	4	S	mic_sign '=' inferred
Table_3.XLSX	Sheet1	JL043417201800110	SAMN26764416	CAZ	<	1	S	
Table_3.XLSX	Sheet1	JL043417201800110	SAMN26764416	AMS	<	2/1	S	
Table_3.XLSX	Sheet1	JL043417201800110	SAMN26764416	CFX	<	2	S	
Table_3.XLSX	Sheet1	JL043417201800110	SAMN26764416	CTX	<	0.25	S	
Table_3.XLSX	Sheet1	JL043417201800110	SAMN26764416	CFZ	=	4	I	mic_sign '=' inferred
Table_3.XLSX	Sheet1	JL043417201800110	SAMN26764416	IMP	<	0.25	S	
Table_3.XLSX	Sheet1	JL043417201800110	SAMN26764416	TET	>	32	R	
Table_3.XLSX	Sheet1	JL043417201800110	SAMN26764416	NAL	=	16	S	mic_sign '=' inferred
Table_3.XLSX	Sheet1	JL043417201800110	SAMN26764416	CIP	<	0.03	S	
Table_3.XLSX	Sheet1	JL043417201800110	SAMN26764416	AZM	<	4	S	
Table_3.XLSX	Sheet1	JL043417201800110	SAMN26764416	CHL	>	64	R	
Table_3.XLSX	Sheet1	JL043417201800110	SAMN26764416	GEN	<	1	S	
Table_3.XLSX	Sheet1	JL043417201800110	SAMN26764416	SXT	>	8/152	R	
Table_3.XLSX	Sheet1	JL043417201800109	SAMN26764417	AMP	>	64	R	
Table_3.XLSX	Sheet1	JL043417201800109	SAMN26764417	CAZ	=	8	I	mic_sign '=' inferred
Table_3.XLSX	Sheet1	JL043417201800109	SAMN26764417	AMS	=	16/8	I	mic_sign '=' inferred
Table_3.XLSX	Sheet1	JL043417201800109	SAMN26764417	CFX	<	2	S	
Table_3.XLSX	Sheet1	JL043417201800109	SAMN26764417	CTX	<	0.25	S	
Table_3.XLSX	Sheet1	JL043417201800109	SAMN26764417	CFZ	=	8	R	mic_sign '=' inferred
Table_3.XLSX	Sheet1	JL043417201800109	SAMN26764417	IMP	<	0.25	S	
Table_3.XLSX	Sheet1	JL043417201800109	SAMN26764417	TET	>	32	R	
Table_3.XLSX	Sheet1	JL043417201800109	SAMN26764417	NAL	>	64	R	
Table_3.XLSX	Sheet1	JL043417201800109	SAMN26764417	CIP	=	0.25	I	mic_sign '=' inferred
Table_3.XLSX	Sheet1	JL043417201800109	SAMN26764417	AZM	<	4	S	
Table_3.XLSX	Sheet1	JL043417201800109	SAMN26764417	CHL	=	4	S	mic_sign '=' inferred
Table_3.XLSX	Sheet1	JL043417201800109	SAMN26764417	GEN	<	1	S	
Table_3.XLSX	Sheet1	JL043417201800109	SAMN26764417	SXT	<	0.25/4.75	S	
Table_3.XLSX	Sheet1	JL043417201700170	SAMN26764418	AMP	<	2	S	
Table_3.XLSX	Sheet1	JL043417201700170	SAMN26764418	CAZ	<	1	S	
Table_3.XLSX	Sheet1	JL043417201700170	SAMN26764418	AMS	<	2/1	S	
Table_3.XLSX	Sheet1	JL043417201700170	SAMN26764418	CFX	<	2	S	
Table_3.XLSX	Sheet1	JL043417201700170	SAMN26764418	CTX	<	0.25	S	
Table_3.XLSX	Sheet1	JL043417201700170	SAMN26764418	CFZ	=	2	S	mic_sign '=' inferred
Table_3.XLSX	Sheet1	JL043417201700170	SAMN26764418	IMP	<	0.25	S	
Table_3.XLSX	Sheet1	JL043417201700170	SAMN26764418	TET	=	4	S	mic_sign '=' inferred
Table_3.XLSX	Sheet1	JL043417201700170	SAMN26764418	NAL	>	64	R	
Table_3.XLSX	Sheet1	JL043417201700170	SAMN26764418	CIP	=	0.125	I	mic_sign '=' inferred
Table_3.XLSX	Sheet1	JL043417201700170	SAMN26764418	AZM	>	64	R	
Table_3.XLSX	Sheet1	JL043417201700170	SAMN26764418	CHL	<	2	S	
Table_3.XLSX	Sheet1	JL043417201700170	SAMN26764418	GEN	<	1	S	
Table_3.XLSX	Sheet1	JL043417201700170	SAMN26764418	SXT	<	0.25/4.75	S	
Table_3.XLSX	Sheet1	JL043417201700148	SAMN26764419	AMP	>	64	R	
Table_3.XLSX	Sheet1	JL043417201700148	SAMN26764419	CAZ	<	1	S	
Table_3.XLSX	Sheet1	JL043417201700148	SAMN26764419	AMS	=	32/16	R	mic_sign '=' inferred
Table_3.XLSX	Sheet1	JL043417201700148	SAMN26764419	CFX	<	2	S	
Table_3.XLSX	Sheet1	JL043417201700148	SAMN26764419	CTX	<	0.25	S	
Table_3.XLSX	Sheet1	JL043417201700148	SAMN26764419	CFZ	=	4	I	mic_sign '=' inferred
Table_3.XLSX	Sheet1	JL043417201700148	SAMN26764419	IMP	<	0.25	S	
Table_3.XLSX	Sheet1	JL043417201700148	SAMN26764419	TET	>	32	R	
Table_3.XLSX	Sheet1	JL043417201700148	SAMN26764419	NAL	>	64	R	
Table_3.XLSX	Sheet1	JL043417201700148	SAMN26764419	CIP	=	0.25	I	mic_sign '=' inferred
Table_3.XLSX	Sheet1	JL043417201700148	SAMN26764419	AZM	<	4	S	
Table_3.XLSX	Sheet1	JL043417201700148	SAMN26764419	CHL	=	8	S	mic_sign '=' inferred
Table_3.XLSX	Sheet1	JL043417201700148	SAMN26764419	GEN	<	1	S	
Table_3.XLSX	Sheet1	JL043417201700148	SAMN26764419	SXT	=	0.5/9.5	S	mic_sign '=' inferred
Table_3.XLSX	Sheet1	JL043417201600208	SAMN26764420	AMP	<	2	S	
Table_3.XLSX	Sheet1	JL043417201600208	SAMN26764420	CAZ	<	1	S	
Table_3.XLSX	Sheet1	JL043417201600208	SAMN26764420	AMS	<	2/1	S	
Table_3.XLSX	Sheet1	JL043417201600208	SAMN26764420	CFX	=	8	S	mic_sign '=' inferred
Table_3.XLSX	Sheet1	JL043417201600208	SAMN26764420	CTX	=	0.5	S	mic_sign '=' inferred
Table_3.XLSX	Sheet1	JL043417201600208	SAMN26764420	CFZ	=	4	I	mic_sign '=' inferred
Table_3.XLSX	Sheet1	JL043417201600208	SAMN26764420	IMP	<	0.25	S	
Table_3.XLSX	Sheet1	JL043417201600208	SAMN26764420	TET	=	4	S	mic_sign '=' inferred
Table_3.XLSX	Sheet1	JL043417201600208	SAMN26764420	NAL	>	64	R	
Table_3.XLSX	Sheet1	JL043417201600208	SAMN26764420	CIP	<	0.03	S	
Table_3.XLSX	Sheet1	JL043417201600208	SAMN26764420	AZM	<	4	S	
Table_3.XLSX	Sheet1	JL043417201600208	SAMN26764420	CHL	>	64	R	
Table_3.XLSX	Sheet1	JL043417201600208	SAMN26764420	GEN	<	1	S	
Table_3.XLSX	Sheet1	JL043417201600208	SAMN26764420	SXT	>	8/152	R	
Table_3.XLSX	Sheet1	JL043417201600199	SAMN26764421	AMP	>	64	R	
Table_3.XLSX	Sheet1	JL043417201600199	SAMN26764421	CAZ	<	1	S	
Table_3.XLSX	Sheet1	JL043417201600199	SAMN26764421	AMS	=	32/16	R	mic_sign '=' inferred
Table_3.XLSX	Sheet1	JL043417201600199	SAMN26764421	CFX	<	2	S	
Table_3.XLSX	Sheet1	JL043417201600199	SAMN26764421	CTX	=	1	S	mic_sign '=' inferred
Table_3.XLSX	Sheet1	JL043417201600199	SAMN26764421	CFZ	=	4	I	mic_sign '=' inferred
Table_3.XLSX	Sheet1	JL043417201600199	SAMN26764421	IMP	<	0.25	S	
Table_3.XLSX	Sheet1	JL043417201600199	SAMN26764421	TET	=	4	S	mic_sign '=' inferred
Table_3.XLSX	Sheet1	JL043417201600199	SAMN26764421	NAL	>	64	R	
Table_3.XLSX	Sheet1	JL043417201600199	SAMN26764421	CIP	<	0.03	S	
Table_3.XLSX	Sheet1	JL043417201600199	SAMN26764421	AZM	<	4	S	
Table_3.XLSX	Sheet1	JL043417201600199	SAMN26764421	CHL	=	4	S	mic_sign '=' inferred
Table_3.XLSX	Sheet1	JL043417201600199	SAMN26764421	GEN	<	1	S	
Table_3.XLSX	Sheet1	JL043417201600199	SAMN26764421	SXT	>	8/152	R	
Table_3.XLSX	Sheet1	JL043417201600079	SAMN26764422	AMP	>	64	R	
Table_3.XLSX	Sheet1	JL043417201600079	SAMN26764422	CAZ	<	1	S	
Table_3.XLSX	Sheet1	JL043417201600079	SAMN26764422	AMS	=	32/16	R	mic_sign '=' inferred
Table_3.XLSX	Sheet1	JL043417201600079	SAMN26764422	CFX	<	2	S	
Table_3.XLSX	Sheet1	JL043417201600079	SAMN26764422	CTX	<	0.25	S	
Table_3.XLSX	Sheet1	JL043417201600079	SAMN26764422	CFZ	=	2	S	mic_sign '=' inferred
Table_3.XLSX	Sheet1	JL043417201600079	SAMN26764422	IMP	<	0.25	S	
Table_3.XLSX	Sheet1	JL043417201600079	SAMN26764422	TET	>	32	R	
Table_3.XLSX	Sheet1	JL043417201600079	SAMN26764422	NAL	>	64	R	
Table_3.XLSX	Sheet1	JL043417201600079	SAMN26764422	CIP	=	0.25	I	mic_sign '=' inferred
Table_3.XLSX	Sheet1	JL043417201600079	SAMN26764422	AZM	<	4	S	
Table_3.XLSX	Sheet1	JL043417201600079	SAMN26764422	CHL	<	2	S	
Table_3.XLSX	Sheet1	JL043417201600079	SAMN26764422	GEN	<	1	S	
Table_3.XLSX	Sheet1	JL043417201600079	SAMN26764422	SXT	<	0.25/4.75	S	
Table_3.XLSX	Sheet1	JL043417201600005	SAMN26764423	AMP	=	4	S	mic_sign '=' inferred
Table_3.XLSX	Sheet1	JL043417201600005	SAMN26764423	CAZ	<	1	S	
Table_3.XLSX	Sheet1	JL043417201600005	SAMN26764423	AMS	<	2/1	S	
Table_3.XLSX	Sheet1	JL043417201600005	SAMN26764423	CFX	=	16	I	mic_sign '=' inferred
Table_3.XLSX	Sheet1	JL043417201600005	SAMN26764423	CTX	<	0.25	S	
Table_3.XLSX	Sheet1	JL043417201600005	SAMN26764423	CFZ	=	8	R	mic_sign '=' inferred
Table_3.XLSX	Sheet1	JL043417201600005	SAMN26764423	IMP	<	0.25	S	
Table_3.XLSX	Sheet1	JL043417201600005	SAMN26764423	TET	=	4	S	mic_sign '=' inferred
Table_3.XLSX	Sheet1	JL043417201600005	SAMN26764423	NAL	=	4	S	mic_sign '=' inferred
Table_3.XLSX	Sheet1	JL043417201600005	SAMN26764423	CIP	=	0.25	I	mic_sign '=' inferred
Table_3.XLSX	Sheet1	JL043417201600005	SAMN26764423	AZM	<	4	S	
Table_3.XLSX	Sheet1	JL043417201600005	SAMN26764423	CHL	=	4	S	mic_sign '=' inferred
Table_3.XLSX	Sheet1	JL043417201600005	SAMN26764423	GEN	<	1	S	
Table_3.XLSX	Sheet1	JL043417201600005	SAMN26764423	SXT	<	0.25/4.75	S	
Table_3.XLSX	Sheet1	JL043417201500163	SAMN26764424	AMP	>	64	R	
Table_3.XLSX	Sheet1	JL043417201500163	SAMN26764424	CAZ	=	4	S	mic_sign '=' inferred
Table_3.XLSX	Sheet1	JL043417201500163	SAMN26764424	AMS	=	32/16	R	mic_sign '=' inferred
Table_3.XLSX	Sheet1	JL043417201500163	SAMN26764424	CFX	=	8	S	mic_sign '=' inferred
Table_3.XLSX	Sheet1	JL043417201500163	SAMN26764424	CTX	<	0.25	S	
Table_3.XLSX	Sheet1	JL043417201500163	SAMN26764424	CFZ	=	4	I	mic_sign '=' inferred
Table_3.XLSX	Sheet1	JL043417201500163	SAMN26764424	IMP	<	0.25	S	
Table_3.XLSX	Sheet1	JL043417201500163	SAMN26764424	TET	>	32	R	
Table_3.XLSX	Sheet1	JL043417201500163	SAMN26764424	NAL	=	16	S	mic_sign '=' inferred
Table_3.XLSX	Sheet1	JL043417201500163	SAMN26764424	CIP	<	0.25	I	
Table_3.XLSX	Sheet1	JL043417201500163	SAMN26764424	AZM	<	4	S	
Table_3.XLSX	Sheet1	JL043417201500163	SAMN26764424	CHL	=	8	S	mic_sign '=' inferred
Table_3.XLSX	Sheet1	JL043417201500163	SAMN26764424	GEN	<	1	S	
Table_3.XLSX	Sheet1	JL043417201500163	SAMN26764424	SXT	<	0.25/4.75	S	
Table_3.XLSX	Sheet1	JL043417201500154	SAMN26764425	AMP	>	64	R	
Table_3.XLSX	Sheet1	JL043417201500154	SAMN26764425	CAZ	<	1	S	
Table_3.XLSX	Sheet1	JL043417201500154	SAMN26764425	AMS	=	32/16	R	mic_sign '=' inferred
Table_3.XLSX	Sheet1	JL043417201500154	SAMN26764425	CFX	<	2	S	
Table_3.XLSX	Sheet1	JL043417201500154	SAMN26764425	CTX	<	0.25	S	
Table_3.XLSX	Sheet1	JL043417201500154	SAMN26764425	CFZ	=	2	S	mic_sign '=' inferred
Table_3.XLSX	Sheet1	JL043417201500154	SAMN26764425	IMP	<	0.25	S	
Table_3.XLSX	Sheet1	JL043417201500154	SAMN26764425	TET	>	32	R	
Table_3.XLSX	Sheet1	JL043417201500154	SAMN26764425	NAL	=	32	R	mic_sign '=' inferred
Table_3.XLSX	Sheet1	JL043417201500154	SAMN26764425	CIP	=	0.25	I	mic_sign '=' inferred
Table_3.XLSX	Sheet1	JL043417201500154	SAMN26764425	AZM	<	4	S	
Table_3.XLSX	Sheet1	JL043417201500154	SAMN26764425	CHL	=	8	S	mic_sign '=' inferred
Table_3.XLSX	Sheet1	JL043417201500154	SAMN26764425	GEN	<	1	S	
Table_3.XLSX	Sheet1	JL043417201500154	SAMN26764425	SXT	<	0.25/4.75	S	
Table_3.XLSX	Sheet1	JL043417201500153	SAMN26764426	AMP	=	4	S	mic_sign '=' inferred
Table_3.XLSX	Sheet1	JL043417201500153	SAMN26764426	CAZ	<	1	S	
Table_3.XLSX	Sheet1	JL043417201500153	SAMN26764426	AMS	<	2/1	S	
Table_3.XLSX	Sheet1	JL043417201500153	SAMN26764426	CFX	<	2	S	
Table_3.XLSX	Sheet1	JL043417201500153	SAMN26764426	CTX	<	0.25	S	
Table_3.XLSX	Sheet1	JL043417201500153	SAMN26764426	CFZ	=	8	R	mic_sign '=' inferred
Table_3.XLSX	Sheet1	JL043417201500153	SAMN26764426	IMP	<	0.25	S	
Table_3.XLSX	Sheet1	JL043417201500153	SAMN26764426	TET	=	4	S	mic_sign '=' inferred
Table_3.XLSX	Sheet1	JL043417201500153	SAMN26764426	NAL	>	64	R	
Table_3.XLSX	Sheet1	JL043417201500153	SAMN26764426	CIP	=	0.25	I	mic_sign '=' inferred
Table_3.XLSX	Sheet1	JL043417201500153	SAMN26764426	AZM	<	4	S	
Table_3.XLSX	Sheet1	JL043417201500153	SAMN26764426	CHL	=	4	S	mic_sign '=' inferred
Table_3.XLSX	Sheet1	JL043417201500153	SAMN26764426	GEN	<	1	S	
Table_3.XLSX	Sheet1	JL043417201500153	SAMN26764426	SXT	<	0.25/4.75	S	
Table_3.XLSX	Sheet1	JL043417201500143	SAMN26764427	AMP	>	64	R	
Table_3.XLSX	Sheet1	JL043417201500143	SAMN26764427	CAZ	<	1	S	
Table_3.XLSX	Sheet1	JL043417201500143	SAMN26764427	AMS	=	16/8	I	mic_sign '=' inferred
Table_3.XLSX	Sheet1	JL043417201500143	SAMN26764427	CFX	=	8	S	mic_sign '=' inferred
Table_3.XLSX	Sheet1	JL043417201500143	SAMN26764427	CTX	=	0.5	S	mic_sign '=' inferred
Table_3.XLSX	Sheet1	JL043417201500143	SAMN26764427	CFZ	=	4	I	mic_sign '=' inferred
Table_3.XLSX	Sheet1	JL043417201500143	SAMN26764427	IMP	=	1	S	mic_sign '=' inferred
Table_3.XLSX	Sheet1	JL043417201500143	SAMN26764427	TET	=	8	I	mic_sign '=' inferred
Table_3.XLSX	Sheet1	JL043417201500143	SAMN26764427	NAL	>	64	R	
Table_3.XLSX	Sheet1	JL043417201500143	SAMN26764427	CIP	<	0.03	S	
Table_3.XLSX	Sheet1	JL043417201500143	SAMN26764427	AZM	<	4	S	
Table_3.XLSX	Sheet1	JL043417201500143	SAMN26764427	CHL	=	8	S	mic_sign '=' inferred
Table_3.XLSX	Sheet1	JL043417201500143	SAMN26764427	GEN	<	1	S	
Table_3.XLSX	Sheet1	JL043417201500143	SAMN26764427	SXT	<	0.25/4.75	S	
Table_3.XLSX	Sheet1	JL043417201500131	SAMN26764428	AMP	>	64	R	
Table_3.XLSX	Sheet1	JL043417201500131	SAMN26764428	CAZ	<	1	S	
Table_3.XLSX	Sheet1	JL043417201500131	SAMN26764428	AMS	=	16/8	I	mic_sign '=' inferred
Table_3.XLSX	Sheet1	JL043417201500131	SAMN26764428	CFX	=	4	S	mic_sign '=' inferred
Table_3.XLSX	Sheet1	JL043417201500131	SAMN26764428	CTX	=	0.5	S	mic_sign '=' inferred
Table_3.XLSX	Sheet1	JL043417201500131	SAMN26764428	CFZ	=	2	S	mic_sign '=' inferred
Table_3.XLSX	Sheet1	JL043417201500131	SAMN26764428	IMP	<	0.25	S	
Table_3.XLSX	Sheet1	JL043417201500131	SAMN26764428	TET	=	4	S	mic_sign '=' inferred
Table_3.XLSX	Sheet1	JL043417201500131	SAMN26764428	NAL	>	64	R	
Table_3.XLSX	Sheet1	JL043417201500131	SAMN26764428	CIP	=	0.25	I	mic_sign '=' inferred
Table_3.XLSX	Sheet1	JL043417201500131	SAMN26764428	AZM	<	4	S	
Table_3.XLSX	Sheet1	JL043417201500131	SAMN26764428	CHL	=	4	S	mic_sign '=' inferred
Table_3.XLSX	Sheet1	JL043417201500131	SAMN26764428	GEN	<	1	S	
Table_3.XLSX	Sheet1	JL043417201500131	SAMN26764428	SXT	<	0.25/4.75	S	
Table_3.XLSX	Sheet1	JL043417201500113	SAMN26764429	AMP	>	64	R	
Table_3.XLSX	Sheet1	JL043417201500113	SAMN26764429	CAZ	<	1	S	
Table_3.XLSX	Sheet1	JL043417201500113	SAMN26764429	AMS	=	32/16	R	mic_sign '=' inferred
Table_3.XLSX	Sheet1	JL043417201500113	SAMN26764429	CFX	=	4	S	mic_sign '=' inferred
Table_3.XLSX	Sheet1	JL043417201500113	SAMN26764429	CTX	=	1	S	mic_sign '=' inferred
Table_3.XLSX	Sheet1	JL043417201500113	SAMN26764429	CFZ	=	8	R	mic_sign '=' inferred
Table_3.XLSX	Sheet1	JL043417201500113	SAMN26764429	IMP	<	0.25	S	
Table_3.XLSX	Sheet1	JL043417201500113	SAMN26764429	TET	=	4	S	mic_sign '=' inferred
Table_3.XLSX	Sheet1	JL043417201500113	SAMN26764429	NAL	>	64	R	
Table_3.XLSX	Sheet1	JL043417201500113	SAMN26764429	CIP	=	0.06	S	mic_sign '=' inferred
Table_3.XLSX	Sheet1	JL043417201500113	SAMN26764429	AZM	<	4	S	
Table_3.XLSX	Sheet1	JL043417201500113	SAMN26764429	CHL	=	8	S	mic_sign '=' inferred
Table_3.XLSX	Sheet1	JL043417201500113	SAMN26764429	GEN	<	1	S	
Table_3.XLSX	Sheet1	JL043417201500113	SAMN26764429	SXT	<	0.25/4.75	S	
Table_3.XLSX	Sheet1	JL043417201500092	SAMN26764430	AMP	>	64	R	
Table_3.XLSX	Sheet1	JL043417201500092	SAMN26764430	CAZ	=	2	S	mic_sign '=' inferred
Table_3.XLSX	Sheet1	JL043417201500092	SAMN26764430	AMS	=	32/16	R	mic_sign '=' inferred
Table_3.XLSX	Sheet1	JL043417201500092	SAMN26764430	CFX	<	2	S	
Table_3.XLSX	Sheet1	JL043417201500092	SAMN26764430	CTX	=	0.5	S	mic_sign '=' inferred
Table_3.XLSX	Sheet1	JL043417201500092	SAMN26764430	CFZ	=	4	I	mic_sign '=' inferred
Table_3.XLSX	Sheet1	JL043417201500092	SAMN26764430	IMP	<	0.25	S	
Table_3.XLSX	Sheet1	JL043417201500092	SAMN26764430	TET	>	32	R	
Table_3.XLSX	Sheet1	JL043417201500092	SAMN26764430	NAL	>	64	R	
Table_3.XLSX	Sheet1	JL043417201500092	SAMN26764430	CIP	<	0.03	S	
Table_3.XLSX	Sheet1	JL043417201500092	SAMN26764430	AZM	<	4	S	
Table_3.XLSX	Sheet1	JL043417201500092	SAMN26764430	CHL	=	8	S	mic_sign '=' inferred
Table_3.XLSX	Sheet1	JL043417201500092	SAMN26764430	GEN	<	1	S	
Table_3.XLSX	Sheet1	JL043417201500092	SAMN26764430	SXT	<	0.25/4.75	S	
Table_3.XLSX	Sheet1	JL043417201500075	SAMN26764431	AMP	>	64	R	
Table_3.XLSX	Sheet1	JL043417201500075	SAMN26764431	CAZ	<	1	S	
Table_3.XLSX	Sheet1	JL043417201500075	SAMN26764431	AMS	=	16/8	I	mic_sign '=' inferred
Table_3.XLSX	Sheet1	JL043417201500075	SAMN26764431	CFX	>	64	R	
Table_3.XLSX	Sheet1	JL043417201500075	SAMN26764431	CTX	>	8	R	
Table_3.XLSX	Sheet1	JL043417201500075	SAMN26764431	CFZ	>	16	R	
Table_3.XLSX	Sheet1	JL043417201500075	SAMN26764431	IMP	<	0.25	S	
Table_3.XLSX	Sheet1	JL043417201500075	SAMN26764431	TET	>	32	R	
Table_3.XLSX	Sheet1	JL043417201500075	SAMN26764431	NAL	=	8	S	mic_sign '=' inferred
Table_3.XLSX	Sheet1	JL043417201500075	SAMN26764431	CIP	>	32	R	
Table_3.XLSX	Sheet1	JL043417201500075	SAMN26764431	AZM	>	64	R	
Table_3.XLSX	Sheet1	JL043417201500075	SAMN26764431	CHL	>	64	R	
Table_3.XLSX	Sheet1	JL043417201500075	SAMN26764431	GEN	>	32	R	
Table_3.XLSX	Sheet1	JL043417201500075	SAMN26764431	SXT	>	8/152	R	
Table_3.XLSX	Sheet1	JL043417201500072	SAMN26764432	AMP	>	64	R	
Table_3.XLSX	Sheet1	JL043417201500072	SAMN26764432	CAZ	<	1	S	
Table_3.XLSX	Sheet1	JL043417201500072	SAMN26764432	AMS	=	16/8	I	mic_sign '=' inferred
Table_3.XLSX	Sheet1	JL043417201500072	SAMN26764432	CFX	<	2	S	
Table_3.XLSX	Sheet1	JL043417201500072	SAMN26764432	CTX	=	0.5	S	mic_sign '=' inferred
Table_3.XLSX	Sheet1	JL043417201500072	SAMN26764432	CFZ	=	4	I	mic_sign '=' inferred
Table_3.XLSX	Sheet1	JL043417201500072	SAMN26764432	IMP	<	0.25	S	
Table_3.XLSX	Sheet1	JL043417201500072	SAMN26764432	TET	>	32	R	
Table_3.XLSX	Sheet1	JL043417201500072	SAMN26764432	NAL	=	4	S	mic_sign '=' inferred
Table_3.XLSX	Sheet1	JL043417201500072	SAMN26764432	CIP	<	0.03	S	
Table_3.XLSX	Sheet1	JL043417201500072	SAMN26764432	AZM	<	4	S	
Table_3.XLSX	Sheet1	JL043417201500072	SAMN26764432	CHL	=	4	S	mic_sign '=' inferred
Table_3.XLSX	Sheet1	JL043417201500072	SAMN26764432	GEN	<	1	S	
Table_3.XLSX	Sheet1	JL043417201500072	SAMN26764432	SXT	>	8/152	R	
Table_3.XLSX	Sheet1	JL043417201500070	SAMN26764433	AMP	>	64	R	
Table_3.XLSX	Sheet1	JL043417201500070	SAMN26764433	CAZ	<	1	S	
Table_3.XLSX	Sheet1	JL043417201500070	SAMN26764433	AMS	=	16/8	I	mic_sign '=' inferred
Table_3.XLSX	Sheet1	JL043417201500070	SAMN26764433	CFX	=	8	S	mic_sign '=' inferred
Table_3.XLSX	Sheet1	JL043417201500070	SAMN26764433	CTX	>	8	R	
Table_3.XLSX	Sheet1	JL043417201500070	SAMN26764433	CFZ	>	16	R	
Table_3.XLSX	Sheet1	JL043417201500070	SAMN26764433	IMP	<	0.25	S	
Table_3.XLSX	Sheet1	JL043417201500070	SAMN26764433	TET	>	32	R	
Table_3.XLSX	Sheet1	JL043417201500070	SAMN26764433	NAL	=	8	S	mic_sign '=' inferred
Table_3.XLSX	Sheet1	JL043417201500070	SAMN26764433	CIP	=	1	R	mic_sign '=' inferred
Table_3.XLSX	Sheet1	JL043417201500070	SAMN26764433	AZM	<	4	S	
Table_3.XLSX	Sheet1	JL043417201500070	SAMN26764433	CHL	>	64	R	
Table_3.XLSX	Sheet1	JL043417201500070	SAMN26764433	GEN	=	8	I	mic_sign '=' inferred
Table_3.XLSX	Sheet1	JL043417201500070	SAMN26764433	SXT	>	8/152	R	
Table_3.XLSX	Sheet1	JL043417201500051	SAMN26764434	AMP	>	64	R	
Table_3.XLSX	Sheet1	JL043417201500051	SAMN26764434	CAZ	<	1	S	
Table_3.XLSX	Sheet1	JL043417201500051	SAMN26764434	AMS	=	32/16	R	mic_sign '=' inferred
Table_3.XLSX	Sheet1	JL043417201500051	SAMN26764434	CFX	<	2	S	
Table_3.XLSX	Sheet1	JL043417201500051	SAMN26764434	CTX	<	0.25	S	
Table_3.XLSX	Sheet1	JL043417201500051	SAMN26764434	CFZ	=	4	I	mic_sign '=' inferred
Table_3.XLSX	Sheet1	JL043417201500051	SAMN26764434	IMP	=	0.5	S	mic_sign '=' inferred
Table_3.XLSX	Sheet1	JL043417201500051	SAMN26764434	TET	>	32	R	
Table_3.XLSX	Sheet1	JL043417201500051	SAMN26764434	NAL	=	4	S	mic_sign '=' inferred
Table_3.XLSX	Sheet1	JL043417201500051	SAMN26764434	CIP	=	0.125	I	mic_sign '=' inferred
Table_3.XLSX	Sheet1	JL043417201500051	SAMN26764434	AZM	<	4	S	
Table_3.XLSX	Sheet1	JL043417201500051	SAMN26764434	CHL	=	8	S	mic_sign '=' inferred
Table_3.XLSX	Sheet1	JL043417201500051	SAMN26764434	GEN	<	1	S	
Table_3.XLSX	Sheet1	JL043417201500051	SAMN26764434	SXT	>	8/152	R	
Table_3.XLSX	Sheet1	JL043417201500034	SAMN26764435	AMP	>	64	R	
Table_3.XLSX	Sheet1	JL043417201500034	SAMN26764435	CAZ	<	1	S	
Table_3.XLSX	Sheet1	JL043417201500034	SAMN26764435	AMS	=	32/16	R	mic_sign '=' inferred
Table_3.XLSX	Sheet1	JL043417201500034	SAMN26764435	CFX	=	4	S	mic_sign '=' inferred
Table_3.XLSX	Sheet1	JL043417201500034	SAMN26764435	CTX	=	1	S	mic_sign '=' inferred
Table_3.XLSX	Sheet1	JL043417201500034	SAMN26764435	CFZ	=	8	R	mic_sign '=' inferred
Table_3.XLSX	Sheet1	JL043417201500034	SAMN26764435	IMP	=	0.5	S	mic_sign '=' inferred
Table_3.XLSX	Sheet1	JL043417201500034	SAMN26764435	TET	>	32	R	
Table_3.XLSX	Sheet1	JL043417201500034	SAMN26764435	NAL	=	4	S	mic_sign '=' inferred
Table_3.XLSX	Sheet1	JL043417201500034	SAMN26764435	CIP	=	1	R	mic_sign '=' inferred
Table_3.XLSX	Sheet1	JL043417201500034	SAMN26764435	AZM	=	16	S	mic_sign '=' inferred
Table_3.XLSX	Sheet1	JL043417201500034	SAMN26764435	CHL	=	8	S	mic_sign '=' inferred
Table_3.XLSX	Sheet1	JL043417201500034	SAMN26764435	GEN	=	16	R	mic_sign '=' inferred
Table_3.XLSX	Sheet1	JL043417201500034	SAMN26764435	SXT	>	8/152	R	
Table_3.XLSX	Sheet1	JL043417201400013	SAMN26764436	AMP	>	64	R	
Table_3.XLSX	Sheet1	JL043417201400013	SAMN26764436	CAZ	<	1	S	
Table_3.XLSX	Sheet1	JL043417201400013	SAMN26764436	AMS	=	16/8	I	mic_sign '=' inferred
Table_3.XLSX	Sheet1	JL043417201400013	SAMN26764436	CFX	=	8	S	mic_sign '=' inferred
Table_3.XLSX	Sheet1	JL043417201400013	SAMN26764436	CTX	<	0.25	S	
Table_3.XLSX	Sheet1	JL043417201400013	SAMN26764436	CFZ	=	2	S	mic_sign '=' inferred
Table_3.XLSX	Sheet1	JL043417201400013	SAMN26764436	IMP	=	0.5	S	mic_sign '=' inferred
Table_3.XLSX	Sheet1	JL043417201400013	SAMN26764436	TET	=	8	I	mic_sign '=' inferred
Table_3.XLSX	Sheet1	JL043417201400013	SAMN26764436	NAL	>	64	R	
Table_3.XLSX	Sheet1	JL043417201400013	SAMN26764436	CIP	<	0.03	S	
Table_3.XLSX	Sheet1	JL043417201400013	SAMN26764436	AZM	<	4	S	
Table_3.XLSX	Sheet1	JL043417201400013	SAMN26764436	CHL	=	4	S	mic_sign '=' inferred
Table_3.XLSX	Sheet1	JL043417201400013	SAMN26764436	GEN	<	1	S	
Table_3.XLSX	Sheet1	JL043417201400013	SAMN26764436	SXT	<	0.25/4.75	S	
Table_3.XLSX	Sheet1	JL043409201400005	SAMN26764437	AMP	>	64	R	
Table_3.XLSX	Sheet1	JL043409201400005	SAMN26764437	CAZ	<	1	S	
Table_3.XLSX	Sheet1	JL043409201400005	SAMN26764437	AMS	=	32/16	R	mic_sign '=' inferred
Table_3.XLSX	Sheet1	JL043409201400005	SAMN26764437	CFX	<	2	S	
Table_3.XLSX	Sheet1	JL043409201400005	SAMN26764437	CTX	<	0.25	S	
Table_3.XLSX	Sheet1	JL043409201400005	SAMN26764437	CFZ	=	4	I	mic_sign '=' inferred
Table_3.XLSX	Sheet1	JL043409201400005	SAMN26764437	IMP	=	1	S	mic_sign '=' inferred
Table_3.XLSX	Sheet1	JL043409201400005	SAMN26764437	TET	>	32	R	
Table_3.XLSX	Sheet1	JL043409201400005	SAMN26764437	NAL	=	4	S	mic_sign '=' inferred
Table_3.XLSX	Sheet1	JL043409201400005	SAMN26764437	CIP	=	0.125	I	mic_sign '=' inferred
Table_3.XLSX	Sheet1	JL043409201400005	SAMN26764437	AZM	<	4	S	
Table_3.XLSX	Sheet1	JL043409201400005	SAMN26764437	CHL	=	4	S	mic_sign '=' inferred
Table_3.XLSX	Sheet1	JL043409201400005	SAMN26764437	GEN	<	1	S	
Table_3.XLSX	Sheet1	JL043409201400005	SAMN26764437	SXT	<	0.25/4.75	S	
Table_3.XLSX	Sheet1	JL043308201900153	SAMN26764438	AMP	>	64	R	
Table_3.XLSX	Sheet1	JL043308201900153	SAMN26764438	CAZ	=	8	I	mic_sign '=' inferred
Table_3.XLSX	Sheet1	JL043308201900153	SAMN26764438	AMS	=	32/16	R	mic_sign '=' inferred
Table_3.XLSX	Sheet1	JL043308201900153	SAMN26764438	CFX	=	4	S	mic_sign '=' inferred
Table_3.XLSX	Sheet1	JL043308201900153	SAMN26764438	CTX	=	0.5	S	mic_sign '=' inferred
Table_3.XLSX	Sheet1	JL043308201900153	SAMN26764438	CFZ	=	4	I	mic_sign '=' inferred
Table_3.XLSX	Sheet1	JL043308201900153	SAMN26764438	IMP	<	0.25	S	
Table_3.XLSX	Sheet1	JL043308201900153	SAMN26764438	TET	>	32	R	
Table_3.XLSX	Sheet1	JL043308201900153	SAMN26764438	NAL	=	16	S	mic_sign '=' inferred
Table_3.XLSX	Sheet1	JL043308201900153	SAMN26764438	CIP	<	0.03	S	
Table_3.XLSX	Sheet1	JL043308201900153	SAMN26764438	AZM	<	4	S	
Table_3.XLSX	Sheet1	JL043308201900153	SAMN26764438	CHL	=	8	S	mic_sign '=' inferred
Table_3.XLSX	Sheet1	JL043308201900153	SAMN26764438	GEN	<	1	S	
Table_3.XLSX	Sheet1	JL043308201900153	SAMN26764438	SXT	<	0.25/4.75	S	
Table_3.XLSX	Sheet1	JL043308201900111	SAMN26764439	AMP	>	64	R	
Table_3.XLSX	Sheet1	JL043308201900111	SAMN26764439	CAZ	<	1	S	
Table_3.XLSX	Sheet1	JL043308201900111	SAMN26764439	AMS	=	32/16	R	mic_sign '=' inferred
Table_3.XLSX	Sheet1	JL043308201900111	SAMN26764439	CFX	=	4	S	mic_sign '=' inferred
Table_3.XLSX	Sheet1	JL043308201900111	SAMN26764439	CTX	=	0.5	S	mic_sign '=' inferred
Table_3.XLSX	Sheet1	JL043308201900111	SAMN26764439	CFZ	=	4	I	mic_sign '=' inferred
Table_3.XLSX	Sheet1	JL043308201900111	SAMN26764439	IMP	=	0.5	S	mic_sign '=' inferred
Table_3.XLSX	Sheet1	JL043308201900111	SAMN26764439	TET	=	4	S	mic_sign '=' inferred
Table_3.XLSX	Sheet1	JL043308201900111	SAMN26764439	NAL	>	64	R	
Table_3.XLSX	Sheet1	JL043308201900111	SAMN26764439	CIP	=	0.125	I	mic_sign '=' inferred
Table_3.XLSX	Sheet1	JL043308201900111	SAMN26764439	AZM	<	4	S	
Table_3.XLSX	Sheet1	JL043308201900111	SAMN26764439	CHL	=	8	S	mic_sign '=' inferred
Table_3.XLSX	Sheet1	JL043308201900111	SAMN26764439	GEN	<	1	S	
Table_3.XLSX	Sheet1	JL043308201900111	SAMN26764439	SXT	<	0.25/4.75	S	
Table_3.XLSX	Sheet1	JL043308201900107	SAMN26764440	AMP	>	64	R	
Table_3.XLSX	Sheet1	JL043308201900107	SAMN26764440	CAZ	<	1	S	
Table_3.XLSX	Sheet1	JL043308201900107	SAMN26764440	AMS	=	32/16	R	mic_sign '=' inferred
Table_3.XLSX	Sheet1	JL043308201900107	SAMN26764440	CFX	<	2	S	
Table_3.XLSX	Sheet1	JL043308201900107	SAMN26764440	CTX	>	8	R	
Table_3.XLSX	Sheet1	JL043308201900107	SAMN26764440	CFZ	>	16	R	
Table_3.XLSX	Sheet1	JL043308201900107	SAMN26764440	IMP	<	0.25	S	
Table_3.XLSX	Sheet1	JL043308201900107	SAMN26764440	TET	=	32	R	mic_sign '=' inferred
Table_3.XLSX	Sheet1	JL043308201900107	SAMN26764440	NAL	>	64	R	
Table_3.XLSX	Sheet1	JL043308201900107	SAMN26764440	CIP	=	0.125	I	mic_sign '=' inferred
Table_3.XLSX	Sheet1	JL043308201900107	SAMN26764440	AZM	=	16	S	mic_sign '=' inferred
Table_3.XLSX	Sheet1	JL043308201900107	SAMN26764440	CHL	>	64	R	
Table_3.XLSX	Sheet1	JL043308201900107	SAMN26764440	GEN	=	16	R	mic_sign '=' inferred
Table_3.XLSX	Sheet1	JL043308201900107	SAMN26764440	SXT	>	8/152	R	
Table_3.XLSX	Sheet1	JL043308201900104	SAMN26764441	AMP	>	64	R	
Table_3.XLSX	Sheet1	JL043308201900104	SAMN26764441	CAZ	<	1	S	
Table_3.XLSX	Sheet1	JL043308201900104	SAMN26764441	AMS	=	32/16	R	mic_sign '=' inferred
Table_3.XLSX	Sheet1	JL043308201900104	SAMN26764441	CFX	<	2	S	
Table_3.XLSX	Sheet1	JL043308201900104	SAMN26764441	CTX	=	0.5	S	mic_sign '=' inferred
Table_3.XLSX	Sheet1	JL043308201900104	SAMN26764441	CFZ	=	8	R	mic_sign '=' inferred
Table_3.XLSX	Sheet1	JL043308201900104	SAMN26764441	IMP	<	0.25	S	
Table_3.XLSX	Sheet1	JL043308201900104	SAMN26764441	TET	>	32	R	
Table_3.XLSX	Sheet1	JL043308201900104	SAMN26764441	NAL	=	8	S	mic_sign '=' inferred
Table_3.XLSX	Sheet1	JL043308201900104	SAMN26764441	CIP	=	0.25	I	mic_sign '=' inferred
Table_3.XLSX	Sheet1	JL043308201900104	SAMN26764441	AZM	<	4	S	
Table_3.XLSX	Sheet1	JL043308201900104	SAMN26764441	CHL	=	4	S	mic_sign '=' inferred
Table_3.XLSX	Sheet1	JL043308201900104	SAMN26764441	GEN	<	1	S	
Table_3.XLSX	Sheet1	JL043308201900104	SAMN26764441	SXT	<	0.25/4.75	S	
Table_3.XLSX	Sheet1	JL043308201900098	SAMN26764442	AMP	>	64	R	
Table_3.XLSX	Sheet1	JL043308201900098	SAMN26764442	CAZ	<	1	S	
Table_3.XLSX	Sheet1	JL043308201900098	SAMN26764442	AMS	=	32/16	R	mic_sign '=' inferred
Table_3.XLSX	Sheet1	JL043308201900098	SAMN26764442	CFX	<	2	S	
Table_3.XLSX	Sheet1	JL043308201900098	SAMN26764442	CTX	=	0.5	S	mic_sign '=' inferred
Table_3.XLSX	Sheet1	JL043308201900098	SAMN26764442	CFZ	=	16	R	mic_sign '=' inferred
Table_3.XLSX	Sheet1	JL043308201900098	SAMN26764442	IMP	=	1	S	mic_sign '=' inferred
Table_3.XLSX	Sheet1	JL043308201900098	SAMN26764442	TET	>	32	R	
Table_3.XLSX	Sheet1	JL043308201900098	SAMN26764442	NAL	=	8	S	mic_sign '=' inferred
Table_3.XLSX	Sheet1	JL043308201900098	SAMN26764442	CIP	=	0.25	I	mic_sign '=' inferred
Table_3.XLSX	Sheet1	JL043308201900098	SAMN26764442	AZM	<	4	S	
Table_3.XLSX	Sheet1	JL043308201900098	SAMN26764442	CHL	=	4	S	mic_sign '=' inferred
Table_3.XLSX	Sheet1	JL043308201900098	SAMN26764442	GEN	<	1	S	
Table_3.XLSX	Sheet1	JL043308201900098	SAMN26764442	SXT	<	0.25/4.75	S	
Table_3.XLSX	Sheet1	JL043308201900048	SAMN26764443	AMP	>	64	R	
Table_3.XLSX	Sheet1	JL043308201900048	SAMN26764443	CAZ	<	1	S	
Table_3.XLSX	Sheet1	JL043308201900048	SAMN26764443	AMS	=	16/8	I	mic_sign '=' inferred
Table_3.XLSX	Sheet1	JL043308201900048	SAMN26764443	CFX	<	2	S	
Table_3.XLSX	Sheet1	JL043308201900048	SAMN26764443	CTX	=	0.5	S	mic_sign '=' inferred
Table_3.XLSX	Sheet1	JL043308201900048	SAMN26764443	CFZ	=	2	S	mic_sign '=' inferred
Table_3.XLSX	Sheet1	JL043308201900048	SAMN26764443	IMP	<	0.25	S	
Table_3.XLSX	Sheet1	JL043308201900048	SAMN26764443	TET	>	32	R	
Table_3.XLSX	Sheet1	JL043308201900048	SAMN26764443	NAL	=	4	S	mic_sign '=' inferred
Table_3.XLSX	Sheet1	JL043308201900048	SAMN26764443	CIP	=	0.125	I	mic_sign '=' inferred
Table_3.XLSX	Sheet1	JL043308201900048	SAMN26764443	AZM	<	4	S	
Table_3.XLSX	Sheet1	JL043308201900048	SAMN26764443	CHL	=	8	S	mic_sign '=' inferred
Table_3.XLSX	Sheet1	JL043308201900048	SAMN26764443	GEN	<	1	S	
Table_3.XLSX	Sheet1	JL043308201900048	SAMN26764443	SXT	<	0.25/4.75	S	
Table_3.XLSX	Sheet1	JL043308201800155	SAMN26764444	AMP	=	8	S	mic_sign '=' inferred
Table_3.XLSX	Sheet1	JL043308201800155	SAMN26764444	CAZ	<	1	S	
Table_3.XLSX	Sheet1	JL043308201800155	SAMN26764444	AMS	=	4/2	S	mic_sign '=' inferred
Table_3.XLSX	Sheet1	JL043308201800155	SAMN26764444	CFX	<	2	S	
Table_3.XLSX	Sheet1	JL043308201800155	SAMN26764444	CTX	>	8	R	
Table_3.XLSX	Sheet1	JL043308201800155	SAMN26764444	CFZ	>	16	R	
Table_3.XLSX	Sheet1	JL043308201800155	SAMN26764444	IMP	<	0.25	S	
Table_3.XLSX	Sheet1	JL043308201800155	SAMN26764444	TET	>	32	R	
Table_3.XLSX	Sheet1	JL043308201800155	SAMN26764444	NAL	=	8	S	mic_sign '=' inferred
Table_3.XLSX	Sheet1	JL043308201800155	SAMN26764444	CIP	=	0.25	I	mic_sign '=' inferred
Table_3.XLSX	Sheet1	JL043308201800155	SAMN26764444	AZM	<	4	S	
Table_3.XLSX	Sheet1	JL043308201800155	SAMN26764444	CHL	<	2	S	
Table_3.XLSX	Sheet1	JL043308201800155	SAMN26764444	GEN	<	1	S	
Table_3.XLSX	Sheet1	JL043308201800155	SAMN26764444	SXT	>	8/152	R	
Table_3.XLSX	Sheet1	JL043308201800145	SAMN26764445	AMP	>	64	R	
Table_3.XLSX	Sheet1	JL043308201800145	SAMN26764445	CAZ	<	1	S	
Table_3.XLSX	Sheet1	JL043308201800145	SAMN26764445	AMS	=	16/8	I	mic_sign '=' inferred
Table_3.XLSX	Sheet1	JL043308201800145	SAMN26764445	CFX	<	2	S	
Table_3.XLSX	Sheet1	JL043308201800145	SAMN26764445	CTX	<	0.25	S	
Table_3.XLSX	Sheet1	JL043308201800145	SAMN26764445	CFZ	=	4	I	mic_sign '=' inferred
Table_3.XLSX	Sheet1	JL043308201800145	SAMN26764445	IMP	<	0.25	S	
Table_3.XLSX	Sheet1	JL043308201800145	SAMN26764445	TET	>	32	R	
Table_3.XLSX	Sheet1	JL043308201800145	SAMN26764445	NAL	=	8	S	mic_sign '=' inferred
Table_3.XLSX	Sheet1	JL043308201800145	SAMN26764445	CIP	=	0.25	I	mic_sign '=' inferred
Table_3.XLSX	Sheet1	JL043308201800145	SAMN26764445	AZM	<	4	S	
Table_3.XLSX	Sheet1	JL043308201800145	SAMN26764445	CHL	=	4	S	mic_sign '=' inferred
Table_3.XLSX	Sheet1	JL043308201800145	SAMN26764445	GEN	<	1	S	
Table_3.XLSX	Sheet1	JL043308201800145	SAMN26764445	SXT	<	0.25/4.75	S	
Table_3.XLSX	Sheet1	JL043308201800142	SAMN26764446	AMP	>	64	R	
Table_3.XLSX	Sheet1	JL043308201800142	SAMN26764446	CAZ	=	8	I	mic_sign '=' inferred
Table_3.XLSX	Sheet1	JL043308201800142	SAMN26764446	AMS	=	32/16	R	mic_sign '=' inferred
Table_3.XLSX	Sheet1	JL043308201800142	SAMN26764446	CFX	=	4	S	mic_sign '=' inferred
Table_3.XLSX	Sheet1	JL043308201800142	SAMN26764446	CTX	=	0.5	S	mic_sign '=' inferred
Table_3.XLSX	Sheet1	JL043308201800142	SAMN26764446	CFZ	=	8	R	mic_sign '=' inferred
Table_3.XLSX	Sheet1	JL043308201800142	SAMN26764446	IMP	<	0.25	S	
Table_3.XLSX	Sheet1	JL043308201800142	SAMN26764446	TET	>	32	R	
Table_3.XLSX	Sheet1	JL043308201800142	SAMN26764446	NAL	=	16	S	mic_sign '=' inferred
Table_3.XLSX	Sheet1	JL043308201800142	SAMN26764446	CIP	=	0.25	I	mic_sign '=' inferred
Table_3.XLSX	Sheet1	JL043308201800142	SAMN26764446	AZM	<	4	S	
Table_3.XLSX	Sheet1	JL043308201800142	SAMN26764446	CHL	=	8	S	mic_sign '=' inferred
Table_3.XLSX	Sheet1	JL043308201800142	SAMN26764446	GEN	<	1	S	
Table_3.XLSX	Sheet1	JL043308201800142	SAMN26764446	SXT	=	0.5/9.5	S	mic_sign '=' inferred
Table_3.XLSX	Sheet1	JL043308201700024	SAMN26764447	AMP	>	64	R	
Table_3.XLSX	Sheet1	JL043308201700024	SAMN26764447	CAZ	<	1	S	
Table_3.XLSX	Sheet1	JL043308201700024	SAMN26764447	AMS	=	16/8	I	mic_sign '=' inferred
Table_3.XLSX	Sheet1	JL043308201700024	SAMN26764447	CFX	<	2	S	
Table_3.XLSX	Sheet1	JL043308201700024	SAMN26764447	CTX	<	0.25	S	
Table_3.XLSX	Sheet1	JL043308201700024	SAMN26764447	CFZ	=	4	I	mic_sign '=' inferred
Table_3.XLSX	Sheet1	JL043308201700024	SAMN26764447	IMP	<	0.25	S	
Table_3.XLSX	Sheet1	JL043308201700024	SAMN26764447	TET	>	32	R	
Table_3.XLSX	Sheet1	JL043308201700024	SAMN26764447	NAL	=	4	S	mic_sign '=' inferred
Table_3.XLSX	Sheet1	JL043308201700024	SAMN26764447	CIP	<	0.03	S	
Table_3.XLSX	Sheet1	JL043308201700024	SAMN26764447	AZM	<	4	S	
Table_3.XLSX	Sheet1	JL043308201700024	SAMN26764447	CHL	=	8	S	mic_sign '=' inferred
Table_3.XLSX	Sheet1	JL043308201700024	SAMN26764447	GEN	<	1	S	
Table_3.XLSX	Sheet1	JL043308201700024	SAMN26764447	SXT	<	0.25/4.75	S	
Table_3.XLSX	Sheet1	JL043308201600088	SAMN26764448	AMP	>	64	R	
Table_3.XLSX	Sheet1	JL043308201600088	SAMN26764448	CAZ	<	1	S	
Table_3.XLSX	Sheet1	JL043308201600088	SAMN26764448	AMS	=	32/16	R	mic_sign '=' inferred
Table_3.XLSX	Sheet1	JL043308201600088	SAMN26764448	CFX	<	2	S	
Table_3.XLSX	Sheet1	JL043308201600088	SAMN26764448	CTX	<	0.25	S	
Table_3.XLSX	Sheet1	JL043308201600088	SAMN26764448	CFZ	=	2	S	mic_sign '=' inferred
Table_3.XLSX	Sheet1	JL043308201600088	SAMN26764448	IMP	<	0.25	S	
Table_3.XLSX	Sheet1	JL043308201600088	SAMN26764448	TET	=	2	S	mic_sign '=' inferred
Table_3.XLSX	Sheet1	JL043308201600088	SAMN26764448	NAL	>	64	R	
Table_3.XLSX	Sheet1	JL043308201600088	SAMN26764448	CIP	=	0.25	I	mic_sign '=' inferred
Table_3.XLSX	Sheet1	JL043308201600088	SAMN26764448	AZM	<	4	S	
Table_3.XLSX	Sheet1	JL043308201600088	SAMN26764448	CHL	=	4	S	mic_sign '=' inferred
Table_3.XLSX	Sheet1	JL043308201600088	SAMN26764448	GEN	<	1	S	
Table_3.XLSX	Sheet1	JL043308201600088	SAMN26764448	SXT	<	0.25/4.75	S	
Table_3.XLSX	Sheet1	JL043308201600078	SAMN26764449	AMP	>	64	R	
Table_3.XLSX	Sheet1	JL043308201600078	SAMN26764449	CAZ	<	1	S	
Table_3.XLSX	Sheet1	JL043308201600078	SAMN26764449	AMS	=	32/16	S	mic_sign '=' inferred
Table_3.XLSX	Sheet1	JL043308201600078	SAMN26764449	CFX	<	2	S	
Table_3.XLSX	Sheet1	JL043308201600078	SAMN26764449	CTX	<	0.25	S	
Table_3.XLSX	Sheet1	JL043308201600078	SAMN26764449	CFZ	=	2	S	mic_sign '=' inferred
Table_3.XLSX	Sheet1	JL043308201600078	SAMN26764449	IMP	<	0.25	S	
Table_3.XLSX	Sheet1	JL043308201600078	SAMN26764449	TET	=	4	S	mic_sign '=' inferred
Table_3.XLSX	Sheet1	JL043308201600078	SAMN26764449	NAL	>	64	R	
Table_3.XLSX	Sheet1	JL043308201600078	SAMN26764449	CIP	<	0.03	S	
Table_3.XLSX	Sheet1	JL043308201600078	SAMN26764449	AZM	<	4	S	
Table_3.XLSX	Sheet1	JL043308201600078	SAMN26764449	CHL	=	8	S	mic_sign '=' inferred
Table_3.XLSX	Sheet1	JL043308201600078	SAMN26764449	GEN	<	1	S	
Table_3.XLSX	Sheet1	JL043308201600078	SAMN26764449	SXT	<	0.25/4.75	S	
Table_3.XLSX	Sheet1	JL043308201600059	SAMN26764450	AMP	>	64	R	
Table_3.XLSX	Sheet1	JL043308201600059	SAMN26764450	CAZ	<	1	S	
Table_3.XLSX	Sheet1	JL043308201600059	SAMN26764450	AMS	=	32/16	R	mic_sign '=' inferred
Table_3.XLSX	Sheet1	JL043308201600059	SAMN26764450	CFX	<	2	S	
Table_3.XLSX	Sheet1	JL043308201600059	SAMN26764450	CTX	<	0.25	S	
Table_3.XLSX	Sheet1	JL043308201600059	SAMN26764450	CFZ	=	8	R	mic_sign '=' inferred
Table_3.XLSX	Sheet1	JL043308201600059	SAMN26764450	IMP	<	0.25	S	
Table_3.XLSX	Sheet1	JL043308201600059	SAMN26764450	TET	=	4	S	mic_sign '=' inferred
Table_3.XLSX	Sheet1	JL043308201600059	SAMN26764450	NAL	>	64	R	
Table_3.XLSX	Sheet1	JL043308201600059	SAMN26764450	CIP	=	0.25	I	mic_sign '=' inferred
Table_3.XLSX	Sheet1	JL043308201600059	SAMN26764450	AZM	<	4	S	
Table_3.XLSX	Sheet1	JL043308201600059	SAMN26764450	CHL	=	4	S	mic_sign '=' inferred
Table_3.XLSX	Sheet1	JL043308201600059	SAMN26764450	GEN	<	1	S	
Table_3.XLSX	Sheet1	JL043308201600059	SAMN26764450	SXT	<	0.25/4.75	S	
Table_3.XLSX	Sheet1	JL043308201500071	SAMN26764451	AMP	>	64	R	
Table_3.XLSX	Sheet1	JL043308201500071	SAMN26764451	CAZ	<	1	S	
Table_3.XLSX	Sheet1	JL043308201500071	SAMN26764451	AMS	=	4/2	S	mic_sign '=' inferred
Table_3.XLSX	Sheet1	JL043308201500071	SAMN26764451	CFX	<	2	S	
Table_3.XLSX	Sheet1	JL043308201500071	SAMN26764451	CTX	<	0.25	S	
Table_3.XLSX	Sheet1	JL043308201500071	SAMN26764451	CFZ	=	8	R	mic_sign '=' inferred
Table_3.XLSX	Sheet1	JL043308201500071	SAMN26764451	IMP	=	0.5	S	mic_sign '=' inferred
Table_3.XLSX	Sheet1	JL043308201500071	SAMN26764451	TET	=	4	S	mic_sign '=' inferred
Table_3.XLSX	Sheet1	JL043308201500071	SAMN26764451	NAL	>	64	R	
Table_3.XLSX	Sheet1	JL043308201500071	SAMN26764451	CIP	<	0.03	S	
Table_3.XLSX	Sheet1	JL043308201500071	SAMN26764451	AZM	<	4	S	
Table_3.XLSX	Sheet1	JL043308201500071	SAMN26764451	CHL	=	8	S	mic_sign '=' inferred
Table_3.XLSX	Sheet1	JL043308201500071	SAMN26764451	GEN	<	1	S	
Table_3.XLSX	Sheet1	JL043308201500071	SAMN26764451	SXT	<	0.25/4.75	S	
Table_3.XLSX	Sheet1	JL043308201500046	SAMN26764452	AMP	>	64	R	
Table_3.XLSX	Sheet1	JL043308201500046	SAMN26764452	CAZ	=	2	S	mic_sign '=' inferred
Table_3.XLSX	Sheet1	JL043308201500046	SAMN26764452	AMS	=	32/16	R	mic_sign '=' inferred
Table_3.XLSX	Sheet1	JL043308201500046	SAMN26764452	CFX	=	4	S	mic_sign '=' inferred
Table_3.XLSX	Sheet1	JL043308201500046	SAMN26764452	CTX	<	0.25	S	
Table_3.XLSX	Sheet1	JL043308201500046	SAMN26764452	CFZ	=	2	S	mic_sign '=' inferred
Table_3.XLSX	Sheet1	JL043308201500046	SAMN26764452	IMP	<	1	S	
Table_3.XLSX	Sheet1	JL043308201500046	SAMN26764452	TET	>	32	R	
Table_3.XLSX	Sheet1	JL043308201500046	SAMN26764452	NAL	>	64	R	
Table_3.XLSX	Sheet1	JL043308201500046	SAMN26764452	CIP	=	0.125	I	mic_sign '=' inferred
Table_3.XLSX	Sheet1	JL043308201500046	SAMN26764452	AZM	<	4	S	
Table_3.XLSX	Sheet1	JL043308201500046	SAMN26764452	CHL	=	8	S	mic_sign '=' inferred
Table_3.XLSX	Sheet1	JL043308201500046	SAMN26764452	GEN	<	1	S	
Table_3.XLSX	Sheet1	JL043308201500046	SAMN26764452	SXT	<	0.25/4.75	S	
Table_3.XLSX	Sheet1	JL043308201400082	SAMN26764453	AMP	>	64	R	
Table_3.XLSX	Sheet1	JL043308201400082	SAMN26764453	CAZ	=	2	S	mic_sign '=' inferred
Table_3.XLSX	Sheet1	JL043308201400082	SAMN26764453	AMS	>	64/32	R	
Table_3.XLSX	Sheet1	JL043308201400082	SAMN26764453	CFX	<	2	S	
Table_3.XLSX	Sheet1	JL043308201400082	SAMN26764453	CTX	<	0.25	S	
Table_3.XLSX	Sheet1	JL043308201400082	SAMN26764453	CFZ	=	2	S	mic_sign '=' inferred
Table_3.XLSX	Sheet1	JL043308201400082	SAMN26764453	IMP	<	0.25	S	
Table_3.XLSX	Sheet1	JL043308201400082	SAMN26764453	TET	>	32	R	
Table_3.XLSX	Sheet1	JL043308201400082	SAMN26764453	NAL	>	64	R	
Table_3.XLSX	Sheet1	JL043308201400082	SAMN26764453	CIP	<	0.03	S	
Table_3.XLSX	Sheet1	JL043308201400082	SAMN26764453	AZM	<	4	S	
Table_3.XLSX	Sheet1	JL043308201400082	SAMN26764453	CHL	=	4	S	mic_sign '=' inferred
Table_3.XLSX	Sheet1	JL043308201400082	SAMN26764453	GEN	<	1	S	
Table_3.XLSX	Sheet1	JL043308201400082	SAMN26764453	SXT	<	0.25/4.75	S	
Table_3.XLSX	Sheet1	JL043306201900028	SAMN26764454	AMP	>	64	R	
Table_3.XLSX	Sheet1	JL043306201900028	SAMN26764454	CAZ	=	4	S	mic_sign '=' inferred
Table_3.XLSX	Sheet1	JL043306201900028	SAMN26764454	AMS	=	32/16	R	mic_sign '=' inferred
Table_3.XLSX	Sheet1	JL043306201900028	SAMN26764454	CFX	=	4	S	mic_sign '=' inferred
Table_3.XLSX	Sheet1	JL043306201900028	SAMN26764454	CTX	=	1	S	mic_sign '=' inferred
Table_3.XLSX	Sheet1	JL043306201900028	SAMN26764454	CFZ	=	8	R	mic_sign '=' inferred
Table_3.XLSX	Sheet1	JL043306201900028	SAMN26764454	IMP	=	0.5	S	mic_sign '=' inferred
Table_3.XLSX	Sheet1	JL043306201900028	SAMN26764454	TET	>	32	R	
Table_3.XLSX	Sheet1	JL043306201900028	SAMN26764454	NAL	>	64	R	
Table_3.XLSX	Sheet1	JL043306201900028	SAMN26764454	CIP	<	0.03	S	
Table_3.XLSX	Sheet1	JL043306201900028	SAMN26764454	AZM	<	4	S	
Table_3.XLSX	Sheet1	JL043306201900028	SAMN26764454	CHL	=	4	S	mic_sign '=' inferred
Table_3.XLSX	Sheet1	JL043306201900028	SAMN26764454	GEN	<	1	S	
Table_3.XLSX	Sheet1	JL043306201900028	SAMN26764454	SXT	<	0.25/4.75	S	
Table_3.XLSX	Sheet1	JL043306201800067	SAMN26764455	AMP	=	4	S	mic_sign '=' inferred
Table_3.XLSX	Sheet1	JL043306201800067	SAMN26764455	CAZ	<	1	S	
Table_3.XLSX	Sheet1	JL043306201800067	SAMN26764455	AMS	<	2/1	S	
Table_3.XLSX	Sheet1	JL043306201800067	SAMN26764455	CFX	<	2	S	
Table_3.XLSX	Sheet1	JL043306201800067	SAMN26764455	CTX	=	0.5	S	mic_sign '=' inferred
Table_3.XLSX	Sheet1	JL043306201800067	SAMN26764455	CFZ	=	4	I	mic_sign '=' inferred
Table_3.XLSX	Sheet1	JL043306201800067	SAMN26764455	IMP	=	0.5	S	mic_sign '=' inferred
Table_3.XLSX	Sheet1	JL043306201800067	SAMN26764455	TET	=	4	S	mic_sign '=' inferred
Table_3.XLSX	Sheet1	JL043306201800067	SAMN26764455	NAL	>	64	R	
Table_3.XLSX	Sheet1	JL043306201800067	SAMN26764455	CIP	=	0.5	I	mic_sign '=' inferred
Table_3.XLSX	Sheet1	JL043306201800067	SAMN26764455	AZM	<	4	S	
Table_3.XLSX	Sheet1	JL043306201800067	SAMN26764455	CHL	=	8	S	mic_sign '=' inferred
Table_3.XLSX	Sheet1	JL043306201800067	SAMN26764455	GEN	<	1	S	
Table_3.XLSX	Sheet1	JL043306201800067	SAMN26764455	SXT	<	0.25/4.75	S	
Table_3.XLSX	Sheet1	JL043306201700100	SAMN26764456	AMP	>	64	R	
Table_3.XLSX	Sheet1	JL043306201700100	SAMN26764456	CAZ	<	1	S	
Table_3.XLSX	Sheet1	JL043306201700100	SAMN26764456	AMS	=	32/16	R	mic_sign '=' inferred
Table_3.XLSX	Sheet1	JL043306201700100	SAMN26764456	CFX	<	2	S	
Table_3.XLSX	Sheet1	JL043306201700100	SAMN26764456	CTX	=	0.5	S	mic_sign '=' inferred
Table_3.XLSX	Sheet1	JL043306201700100	SAMN26764456	CFZ	=	2	S	mic_sign '=' inferred
Table_3.XLSX	Sheet1	JL043306201700100	SAMN26764456	IMP	=	0.5	S	mic_sign '=' inferred
Table_3.XLSX	Sheet1	JL043306201700100	SAMN26764456	TET	=	4	S	mic_sign '=' inferred
Table_3.XLSX	Sheet1	JL043306201700100	SAMN26764456	NAL	>	64	R	
Table_3.XLSX	Sheet1	JL043306201700100	SAMN26764456	CIP	=	0.25	I	mic_sign '=' inferred
Table_3.XLSX	Sheet1	JL043306201700100	SAMN26764456	AZM	<	4	S	
Table_3.XLSX	Sheet1	JL043306201700100	SAMN26764456	CHL	=	4	S	mic_sign '=' inferred
Table_3.XLSX	Sheet1	JL043306201700100	SAMN26764456	GEN	<	1	S	
Table_3.XLSX	Sheet1	JL043306201700100	SAMN26764456	SXT	<	0.25/4.75	S	
Table_3.XLSX	Sheet1	JL043306201700099	SAMN26764457	AMP	=	4	S	mic_sign '=' inferred
Table_3.XLSX	Sheet1	JL043306201700099	SAMN26764457	CAZ	<	1	S	
Table_3.XLSX	Sheet1	JL043306201700099	SAMN26764457	AMS	=	4/2	S	mic_sign '=' inferred
Table_3.XLSX	Sheet1	JL043306201700099	SAMN26764457	CFX	<	2	S	
Table_3.XLSX	Sheet1	JL043306201700099	SAMN26764457	CTX	<	0.25	S	
Table_3.XLSX	Sheet1	JL043306201700099	SAMN26764457	CFZ	=	4	I	mic_sign '=' inferred
Table_3.XLSX	Sheet1	JL043306201700099	SAMN26764457	IMP	=	2	I	mic_sign '=' inferred
Table_3.XLSX	Sheet1	JL043306201700099	SAMN26764457	TET	=	2	S	mic_sign '=' inferred
Table_3.XLSX	Sheet1	JL043306201700099	SAMN26764457	NAL	=	8	S	mic_sign '=' inferred
Table_3.XLSX	Sheet1	JL043306201700099	SAMN26764457	CIP	=	0.25	I	mic_sign '=' inferred
Table_3.XLSX	Sheet1	JL043306201700099	SAMN26764457	AZM	<	4	S	
Table_3.XLSX	Sheet1	JL043306201700099	SAMN26764457	CHL	=	4	S	mic_sign '=' inferred
Table_3.XLSX	Sheet1	JL043306201700099	SAMN26764457	GEN	<	1	S	
Table_3.XLSX	Sheet1	JL043306201700099	SAMN26764457	SXT	<	0.25/4.75	S	
Table_3.XLSX	Sheet1	JL043306201700043	SAMN26764458	AMP	>	64	R	
Table_3.XLSX	Sheet1	JL043306201700043	SAMN26764458	CAZ	<	1	S	
Table_3.XLSX	Sheet1	JL043306201700043	SAMN26764458	AMS	=	16/8	I	mic_sign '=' inferred
Table_3.XLSX	Sheet1	JL043306201700043	SAMN26764458	CFX	=	4	S	mic_sign '=' inferred
Table_3.XLSX	Sheet1	JL043306201700043	SAMN26764458	CTX	=	0.5	S	mic_sign '=' inferred
Table_3.XLSX	Sheet1	JL043306201700043	SAMN26764458	CFZ	=	2	S	mic_sign '=' inferred
Table_3.XLSX	Sheet1	JL043306201700043	SAMN26764458	IMP	=	0.5	S	mic_sign '=' inferred
Table_3.XLSX	Sheet1	JL043306201700043	SAMN26764458	TET	>	32	R	
Table_3.XLSX	Sheet1	JL043306201700043	SAMN26764458	NAL	=	4	S	mic_sign '=' inferred
Table_3.XLSX	Sheet1	JL043306201700043	SAMN26764458	CIP	<	0.03	S	
Table_3.XLSX	Sheet1	JL043306201700043	SAMN26764458	AZM	<	4	S	
Table_3.XLSX	Sheet1	JL043306201700043	SAMN26764458	CHL	=	4	S	mic_sign '=' inferred
Table_3.XLSX	Sheet1	JL043306201700043	SAMN26764458	GEN	<	1	S	
Table_3.XLSX	Sheet1	JL043306201700043	SAMN26764458	SXT	<	0.25/4.75	S	
Table_3.XLSX	Sheet1	JL043306201600151	SAMN26764459	AMP	>	64	R	
Table_3.XLSX	Sheet1	JL043306201600151	SAMN26764459	CAZ	<	1	S	
Table_3.XLSX	Sheet1	JL043306201600151	SAMN26764459	AMS	=	16/8	I	mic_sign '=' inferred
Table_3.XLSX	Sheet1	JL043306201600151	SAMN26764459	CFX	<	2	S	
Table_3.XLSX	Sheet1	JL043306201600151	SAMN26764459	CTX	<	0.25	S	
Table_3.XLSX	Sheet1	JL043306201600151	SAMN26764459	CFZ	=	2	S	mic_sign '=' inferred
Table_3.XLSX	Sheet1	JL043306201600151	SAMN26764459	IMP	=	0.5	S	mic_sign '=' inferred
Table_3.XLSX	Sheet1	JL043306201600151	SAMN26764459	TET	>	32	R	
Table_3.XLSX	Sheet1	JL043306201600151	SAMN26764459	NAL	>	64	R	
Table_3.XLSX	Sheet1	JL043306201600151	SAMN26764459	CIP	=	0.125	I	mic_sign '=' inferred
Table_3.XLSX	Sheet1	JL043306201600151	SAMN26764459	AZM	<	4	S	
Table_3.XLSX	Sheet1	JL043306201600151	SAMN26764459	CHL	=	4	S	mic_sign '=' inferred
Table_3.XLSX	Sheet1	JL043306201600151	SAMN26764459	GEN	<	1	S	
Table_3.XLSX	Sheet1	JL043306201600151	SAMN26764459	SXT	=	2/38	S	mic_sign '=' inferred
Table_3.XLSX	Sheet1	JL043306201600142	SAMN26764460	AMP	>	64	R	
Table_3.XLSX	Sheet1	JL043306201600142	SAMN26764460	CAZ	<	1	S	
Table_3.XLSX	Sheet1	JL043306201600142	SAMN26764460	AMS	=	32/16	R	mic_sign '=' inferred
Table_3.XLSX	Sheet1	JL043306201600142	SAMN26764460	CFX	<	2	S	
Table_3.XLSX	Sheet1	JL043306201600142	SAMN26764460	CTX	<	0.25	S	
Table_3.XLSX	Sheet1	JL043306201600142	SAMN26764460	CFZ	=	2	S	mic_sign '=' inferred
Table_3.XLSX	Sheet1	JL043306201600142	SAMN26764460	IMP	<	0.25	S	
Table_3.XLSX	Sheet1	JL043306201600142	SAMN26764460	TET	>	32	R	
Table_3.XLSX	Sheet1	JL043306201600142	SAMN26764460	NAL	=	4	S	mic_sign '=' inferred
Table_3.XLSX	Sheet1	JL043306201600142	SAMN26764460	CIP	=	0.125	I	mic_sign '=' inferred
Table_3.XLSX	Sheet1	JL043306201600142	SAMN26764460	AZM	>	64	R	
Table_3.XLSX	Sheet1	JL043306201600142	SAMN26764460	CHL	<	2	S	
Table_3.XLSX	Sheet1	JL043306201600142	SAMN26764460	GEN	=	16	R	mic_sign '=' inferred
Table_3.XLSX	Sheet1	JL043306201600142	SAMN26764460	SXT	>	8/152	R	
Table_3.XLSX	Sheet1	JL043306201600140	SAMN26764461	AMP	>	64	R	
Table_3.XLSX	Sheet1	JL043306201600140	SAMN26764461	CAZ	<	1	S	
Table_3.XLSX	Sheet1	JL043306201600140	SAMN26764461	AMS	=	32/16	R	mic_sign '=' inferred
Table_3.XLSX	Sheet1	JL043306201600140	SAMN26764461	CFX	<	2	S	
Table_3.XLSX	Sheet1	JL043306201600140	SAMN26764461	CTX	=	0.5	S	mic_sign '=' inferred
Table_3.XLSX	Sheet1	JL043306201600140	SAMN26764461	CFZ	=	1	S	mic_sign '=' inferred
Table_3.XLSX	Sheet1	JL043306201600140	SAMN26764461	IMP	<	0.25	S	
Table_3.XLSX	Sheet1	JL043306201600140	SAMN26764461	TET	=	2	S	mic_sign '=' inferred
Table_3.XLSX	Sheet1	JL043306201600140	SAMN26764461	NAL	>	64	R	
Table_3.XLSX	Sheet1	JL043306201600140	SAMN26764461	CIP	=	0.25	I	mic_sign '=' inferred
Table_3.XLSX	Sheet1	JL043306201600140	SAMN26764461	AZM	>	64	R	
Table_3.XLSX	Sheet1	JL043306201600140	SAMN26764461	CHL	=	4	S	mic_sign '=' inferred
Table_3.XLSX	Sheet1	JL043306201600140	SAMN26764461	GEN	<	1	S	
Table_3.XLSX	Sheet1	JL043306201600140	SAMN26764461	SXT	<	0.25/4.75	S	
Table_3.XLSX	Sheet1	JL043306201600064	SAMN26764462	AMP	>	64	R	
Table_3.XLSX	Sheet1	JL043306201600064	SAMN26764462	CAZ	<	1	S	
Table_3.XLSX	Sheet1	JL043306201600064	SAMN26764462	AMS	=	16/8	I	mic_sign '=' inferred
Table_3.XLSX	Sheet1	JL043306201600064	SAMN26764462	CFX	<	2	S	
Table_3.XLSX	Sheet1	JL043306201600064	SAMN26764462	CTX	<	0.25	S	
Table_3.XLSX	Sheet1	JL043306201600064	SAMN26764462	CFZ	=	1	S	mic_sign '=' inferred
Table_3.XLSX	Sheet1	JL043306201600064	SAMN26764462	IMP	<	0.25	S	
Table_3.XLSX	Sheet1	JL043306201600064	SAMN26764462	TET	>	32	R	
Table_3.XLSX	Sheet1	JL043306201600064	SAMN26764462	NAL	=	4	S	mic_sign '=' inferred
Table_3.XLSX	Sheet1	JL043306201600064	SAMN26764462	CIP	=	4	R	mic_sign '=' inferred
Table_3.XLSX	Sheet1	JL043306201600064	SAMN26764462	AZM	<	4	S	
Table_3.XLSX	Sheet1	JL043306201600064	SAMN26764462	CHL	>	64	R	
Table_3.XLSX	Sheet1	JL043306201600064	SAMN26764462	GEN	>	32	R	
Table_3.XLSX	Sheet1	JL043306201600064	SAMN26764462	SXT	>	8/152	R	
Table_3.XLSX	Sheet1	JL043306201500154	SAMN26764463	AMP	>	64	R	
Table_3.XLSX	Sheet1	JL043306201500154	SAMN26764463	CAZ	<	1	S	
Table_3.XLSX	Sheet1	JL043306201500154	SAMN26764463	AMS	=	64/32	R	mic_sign '=' inferred
Table_3.XLSX	Sheet1	JL043306201500154	SAMN26764463	CFX	<	2	S	
Table_3.XLSX	Sheet1	JL043306201500154	SAMN26764463	CTX	>	8	R	
Table_3.XLSX	Sheet1	JL043306201500154	SAMN26764463	CFZ	>	16	R	
Table_3.XLSX	Sheet1	JL043306201500154	SAMN26764463	IMP	<	0.25	S	
Table_3.XLSX	Sheet1	JL043306201500154	SAMN26764463	TET	=	2	S	mic_sign '=' inferred
Table_3.XLSX	Sheet1	JL043306201500154	SAMN26764463	NAL	>	64	R	
Table_3.XLSX	Sheet1	JL043306201500154	SAMN26764463	CIP	=	0.5	I	mic_sign '=' inferred
Table_3.XLSX	Sheet1	JL043306201500154	SAMN26764463	AZM	=	32	R	mic_sign '=' inferred
Table_3.XLSX	Sheet1	JL043306201500154	SAMN26764463	CHL	>	64	R	
Table_3.XLSX	Sheet1	JL043306201500154	SAMN26764463	GEN	>	32	R	
Table_3.XLSX	Sheet1	JL043306201500154	SAMN26764463	SXT	>	8/152	R	
Table_3.XLSX	Sheet1	JL043306201500144	SAMN26764464	AMP	>	64	R	
Table_3.XLSX	Sheet1	JL043306201500144	SAMN26764464	CAZ	<	1	S	
Table_3.XLSX	Sheet1	JL043306201500144	SAMN26764464	AMS	=	32/16	R	mic_sign '=' inferred
Table_3.XLSX	Sheet1	JL043306201500144	SAMN26764464	CFX	<	2	S	
Table_3.XLSX	Sheet1	JL043306201500144	SAMN26764464	CTX	<	0.25	S	
Table_3.XLSX	Sheet1	JL043306201500144	SAMN26764464	CFZ	=	4	I	mic_sign '=' inferred
Table_3.XLSX	Sheet1	JL043306201500144	SAMN26764464	IMP	=	1	S	mic_sign '=' inferred
Table_3.XLSX	Sheet1	JL043306201500144	SAMN26764464	TET	=	2	S	mic_sign '=' inferred
Table_3.XLSX	Sheet1	JL043306201500144	SAMN26764464	NAL	>	64	R	
Table_3.XLSX	Sheet1	JL043306201500144	SAMN26764464	CIP	=	0.5	I	mic_sign '=' inferred
Table_3.XLSX	Sheet1	JL043306201500144	SAMN26764464	AZM	<	4	S	
Table_3.XLSX	Sheet1	JL043306201500144	SAMN26764464	CHL	>	64	R	
Table_3.XLSX	Sheet1	JL043306201500144	SAMN26764464	GEN	<	1	S	
Table_3.XLSX	Sheet1	JL043306201500144	SAMN26764464	SXT	>	8/152	R	
Table_3.XLSX	Sheet1	JL043916201800040	SAMN26764331	AMP	>	64	R	
Table_3.XLSX	Sheet1	JL043916201800040	SAMN26764331	CAZ	<	1	S	
Table_3.XLSX	Sheet1	JL043916201800040	SAMN26764331	AMS	=	16/8	I	mic_sign '=' inferred
Table_3.XLSX	Sheet1	JL043916201800040	SAMN26764331	CFX	<	2	S	
Table_3.XLSX	Sheet1	JL043916201800040	SAMN26764331	CTX	=	0.5	S	mic_sign '=' inferred
Table_3.XLSX	Sheet1	JL043916201800040	SAMN26764331	CFZ	=	8	R	mic_sign '=' inferred
Table_3.XLSX	Sheet1	JL043916201800040	SAMN26764331	IMP	<	0.25	S	
Table_3.XLSX	Sheet1	JL043916201800040	SAMN26764331	TET	=	2	S	mic_sign '=' inferred
Table_3.XLSX	Sheet1	JL043916201800040	SAMN26764331	NAL	>	64	R	
Table_3.XLSX	Sheet1	JL043916201800040	SAMN26764331	CIP	<	0.03	S	
Table_3.XLSX	Sheet1	JL043916201800040	SAMN26764331	AZM	<	4	S	
Table_3.XLSX	Sheet1	JL043916201800040	SAMN26764331	CHL	=	8	S	mic_sign '=' inferred
Table_3.XLSX	Sheet1	JL043916201800040	SAMN26764331	GEN	<	1	S	
Table_3.XLSX	Sheet1	JL043916201800040	SAMN26764331	SXT	<	0.25/4.75	S	
Table_3.XLSX	Sheet1	JL043306201500103	SAMN26764465	AMP	>	64	R	
Table_3.XLSX	Sheet1	JL043306201500103	SAMN26764465	CAZ	<	1	S	
Table_3.XLSX	Sheet1	JL043306201500103	SAMN26764465	AMS	=	16/8	I	mic_sign '=' inferred
Table_3.XLSX	Sheet1	JL043306201500103	SAMN26764465	CFX	=	4	S	mic_sign '=' inferred
Table_3.XLSX	Sheet1	JL043306201500103	SAMN26764465	CTX	=	0.5	S	mic_sign '=' inferred
Table_3.XLSX	Sheet1	JL043306201500103	SAMN26764465	CFZ	=	8	R	mic_sign '=' inferred
Table_3.XLSX	Sheet1	JL043306201500103	SAMN26764465	IMP	<	0.25	S	
Table_3.XLSX	Sheet1	JL043306201500103	SAMN26764465	TET	>	32	R	
Table_3.XLSX	Sheet1	JL043306201500103	SAMN26764465	NAL	>	64	R	
Table_3.XLSX	Sheet1	JL043306201500103	SAMN26764465	CIP	=	1	R	mic_sign '=' inferred
Table_3.XLSX	Sheet1	JL043306201500103	SAMN26764465	AZM	=	8	S	mic_sign '=' inferred
Table_3.XLSX	Sheet1	JL043306201500103	SAMN26764465	CHL	=	8	S	mic_sign '=' inferred
Table_3.XLSX	Sheet1	JL043306201500103	SAMN26764465	GEN	=	4	S	mic_sign '=' inferred
Table_3.XLSX	Sheet1	JL043306201500103	SAMN26764465	SXT	<	0.25/4.75	S	
Table_3.XLSX	Sheet1	JL043306201500101	SAMN26764466	AMP	>	64	R	
Table_3.XLSX	Sheet1	JL043306201500101	SAMN26764466	CAZ	=	2	S	mic_sign '=' inferred
Table_3.XLSX	Sheet1	JL043306201500101	SAMN26764466	AMS	=	8/4	S	mic_sign '=' inferred
Table_3.XLSX	Sheet1	JL043306201500101	SAMN26764466	CFX	=	8	S	mic_sign '=' inferred
Table_3.XLSX	Sheet1	JL043306201500101	SAMN26764466	CTX	=	1	S	mic_sign '=' inferred
Table_3.XLSX	Sheet1	JL043306201500101	SAMN26764466	CFZ	>	16	R	
Table_3.XLSX	Sheet1	JL043306201500101	SAMN26764466	IMP	<	0.25	S	
Table_3.XLSX	Sheet1	JL043306201500101	SAMN26764466	TET	>	32	R	
Table_3.XLSX	Sheet1	JL043306201500101	SAMN26764466	NAL	=	64	R	mic_sign '=' inferred
Table_3.XLSX	Sheet1	JL043306201500101	SAMN26764466	CIP	=	0.06	S	mic_sign '=' inferred
Table_3.XLSX	Sheet1	JL043306201500101	SAMN26764466	AZM	<	4	S	
Table_3.XLSX	Sheet1	JL043306201500101	SAMN26764466	CHL	=	4	S	mic_sign '=' inferred
Table_3.XLSX	Sheet1	JL043306201500101	SAMN26764466	GEN	=	2	S	mic_sign '=' inferred
Table_3.XLSX	Sheet1	JL043306201500101	SAMN26764466	SXT	=	0.5/9.5	S	mic_sign '=' inferred
Table_3.XLSX	Sheet1	JL043306201500046	SAMN26764467	AMP	>	64	R	
Table_3.XLSX	Sheet1	JL043306201500046	SAMN26764467	CAZ	=	2	S	mic_sign '=' inferred
Table_3.XLSX	Sheet1	JL043306201500046	SAMN26764467	AMS	=	32/16	R	mic_sign '=' inferred
Table_3.XLSX	Sheet1	JL043306201500046	SAMN26764467	CFX	<	2	S	
Table_3.XLSX	Sheet1	JL043306201500046	SAMN26764467	CTX	=	0.5	S	mic_sign '=' inferred
Table_3.XLSX	Sheet1	JL043306201500046	SAMN26764467	CFZ	=	4	I	mic_sign '=' inferred
Table_3.XLSX	Sheet1	JL043306201500046	SAMN26764467	IMP	<	0.25	S	
Table_3.XLSX	Sheet1	JL043306201500046	SAMN26764467	TET	>	32	R	
Table_3.XLSX	Sheet1	JL043306201500046	SAMN26764467	NAL	>	64	R	
Table_3.XLSX	Sheet1	JL043306201500046	SAMN26764467	CIP	<	0.03	S	
Table_3.XLSX	Sheet1	JL043306201500046	SAMN26764467	AZM	<	4	S	
Table_3.XLSX	Sheet1	JL043306201500046	SAMN26764467	CHL	=	8	S	mic_sign '=' inferred
Table_3.XLSX	Sheet1	JL043306201500046	SAMN26764467	GEN	<	1	S	
Table_3.XLSX	Sheet1	JL043306201500046	SAMN26764467	SXT	<	0.25/4.75	S	
Table_3.XLSX	Sheet1	JL043306201500006	SAMN26764468	AMP	<	2	S	
Table_3.XLSX	Sheet1	JL043306201500006	SAMN26764468	CAZ	<	1	S	
Table_3.XLSX	Sheet1	JL043306201500006	SAMN26764468	AMS	<	2/1	S	
Table_3.XLSX	Sheet1	JL043306201500006	SAMN26764468	CFX	=	8	S	mic_sign '=' inferred
Table_3.XLSX	Sheet1	JL043306201500006	SAMN26764468	CTX	<	0.25	S	
Table_3.XLSX	Sheet1	JL043306201500006	SAMN26764468	CFZ	=	4	I	mic_sign '=' inferred
Table_3.XLSX	Sheet1	JL043306201500006	SAMN26764468	IMP	<	0.25	S	
Table_3.XLSX	Sheet1	JL043306201500006	SAMN26764468	TET	=	4	S	mic_sign '=' inferred
Table_3.XLSX	Sheet1	JL043306201500006	SAMN26764468	NAL	>	64	R	
Table_3.XLSX	Sheet1	JL043306201500006	SAMN26764468	CIP	<	0.25	I	
Table_3.XLSX	Sheet1	JL043306201500006	SAMN26764468	AZM	<	4	S	
Table_3.XLSX	Sheet1	JL043306201500006	SAMN26764468	CHL	=	16	I	mic_sign '=' inferred
Table_3.XLSX	Sheet1	JL043306201500006	SAMN26764468	GEN	<	1	S	
Table_3.XLSX	Sheet1	JL043306201500006	SAMN26764468	SXT	<	0.25/4.75	S	
Table_3.XLSX	Sheet1	JL0432A2201900286	SAMN26764469	AMP	>	64	R	
Table_3.XLSX	Sheet1	JL0432A2201900286	SAMN26764469	CAZ	<	1	S	
Table_3.XLSX	Sheet1	JL0432A2201900286	SAMN26764469	AMS	=	16/8	I	mic_sign '=' inferred
Table_3.XLSX	Sheet1	JL0432A2201900286	SAMN26764469	CFX	=	16	I	mic_sign '=' inferred
Table_3.XLSX	Sheet1	JL0432A2201900286	SAMN26764469	CTX	>	8	R	
Table_3.XLSX	Sheet1	JL0432A2201900286	SAMN26764469	CFZ	>	16	R	
Table_3.XLSX	Sheet1	JL0432A2201900286	SAMN26764469	IMP	=	0.5	S	mic_sign '=' inferred
Table_3.XLSX	Sheet1	JL0432A2201900286	SAMN26764469	TET	>	32	R	
Table_3.XLSX	Sheet1	JL0432A2201900286	SAMN26764469	NAL	=	8	S	mic_sign '=' inferred
Table_3.XLSX	Sheet1	JL0432A2201900286	SAMN26764469	CIP	>	32	R	
Table_3.XLSX	Sheet1	JL0432A2201900286	SAMN26764469	AZM	>	64	R	
Table_3.XLSX	Sheet1	JL0432A2201900286	SAMN26764469	CHL	>	64	R	
Table_3.XLSX	Sheet1	JL0432A2201900286	SAMN26764469	GEN	>	32	R	
Table_3.XLSX	Sheet1	JL0432A2201900286	SAMN26764469	SXT	>	8/152	R	
Table_3.XLSX	Sheet1	JL0432A2201900215	SAMN26764470	AMP	>	64	R	
Table_3.XLSX	Sheet1	JL0432A2201900215	SAMN26764470	CAZ	<	1	S	
Table_3.XLSX	Sheet1	JL0432A2201900215	SAMN26764470	AMS	=	16/8	I	mic_sign '=' inferred
Table_3.XLSX	Sheet1	JL0432A2201900215	SAMN26764470	CFX	<	2	S	
Table_3.XLSX	Sheet1	JL0432A2201900215	SAMN26764470	CTX	<	0.25	S	
Table_3.XLSX	Sheet1	JL0432A2201900215	SAMN26764470	CFZ	=	1	S	mic_sign '=' inferred
Table_3.XLSX	Sheet1	JL0432A2201900215	SAMN26764470	IMP	<	0.25	S	
Table_3.XLSX	Sheet1	JL0432A2201900215	SAMN26764470	TET	>	32	R	
Table_3.XLSX	Sheet1	JL0432A2201900215	SAMN26764470	NAL	>	64	R	
Table_3.XLSX	Sheet1	JL0432A2201900215	SAMN26764470	CIP	=	0.25	I	mic_sign '=' inferred
Table_3.XLSX	Sheet1	JL0432A2201900215	SAMN26764470	AZM	=	16	S	mic_sign '=' inferred
Table_3.XLSX	Sheet1	JL0432A2201900215	SAMN26764470	CHL	<	2	S	
Table_3.XLSX	Sheet1	JL0432A2201900215	SAMN26764470	GEN	=	8	I	mic_sign '=' inferred
Table_3.XLSX	Sheet1	JL0432A2201900215	SAMN26764470	SXT	>	8/152	R	
Table_3.XLSX	Sheet1	JL0432A2201900212	SAMN26764471	AMP	>	64	R	
Table_3.XLSX	Sheet1	JL0432A2201900212	SAMN26764471	CAZ	<	1	S	
Table_3.XLSX	Sheet1	JL0432A2201900212	SAMN26764471	AMS	=	64/32	R	mic_sign '=' inferred
Table_3.XLSX	Sheet1	JL0432A2201900212	SAMN26764471	CFX	<	2	S	
Table_3.XLSX	Sheet1	JL0432A2201900212	SAMN26764471	CTX	>	8	R	
Table_3.XLSX	Sheet1	JL0432A2201900212	SAMN26764471	CFZ	=	8	R	mic_sign '=' inferred
Table_3.XLSX	Sheet1	JL0432A2201900212	SAMN26764471	IMP	=	1	S	mic_sign '=' inferred
Table_3.XLSX	Sheet1	JL0432A2201900212	SAMN26764471	TET	=	4	S	mic_sign '=' inferred
Table_3.XLSX	Sheet1	JL0432A2201900212	SAMN26764471	NAL	>	64	R	
Table_3.XLSX	Sheet1	JL0432A2201900212	SAMN26764471	CIP	=	0.25	I	mic_sign '=' inferred
Table_3.XLSX	Sheet1	JL0432A2201900212	SAMN26764471	AZM	=	8	S	mic_sign '=' inferred
Table_3.XLSX	Sheet1	JL0432A2201900212	SAMN26764471	CHL	=	8	S	mic_sign '=' inferred
Table_3.XLSX	Sheet1	JL0432A2201900212	SAMN26764471	GEN	<	1	S	
Table_3.XLSX	Sheet1	JL0432A2201900212	SAMN26764471	SXT	>	8/152	R	
Table_3.XLSX	Sheet1	JL0432A2201900194	SAMN26764472	AMP	<	2	S	
Table_3.XLSX	Sheet1	JL0432A2201900194	SAMN26764472	CAZ	<	1	S	
Table_3.XLSX	Sheet1	JL0432A2201900194	SAMN26764472	AMS	<	2/1	S	
Table_3.XLSX	Sheet1	JL0432A2201900194	SAMN26764472	CFX	<	2	S	
Table_3.XLSX	Sheet1	JL0432A2201900194	SAMN26764472	CTX	<	0.25	S	
Table_3.XLSX	Sheet1	JL0432A2201900194	SAMN26764472	CFZ	=	1	S	mic_sign '=' inferred
Table_3.XLSX	Sheet1	JL0432A2201900194	SAMN26764472	IMP	<	0.25	S	
Table_3.XLSX	Sheet1	JL0432A2201900194	SAMN26764472	TET	=	2	S	mic_sign '=' inferred
Table_3.XLSX	Sheet1	JL0432A2201900194	SAMN26764472	NAL	>	64	R	
Table_3.XLSX	Sheet1	JL0432A2201900194	SAMN26764472	CIP	=	0.125	I	mic_sign '=' inferred
Table_3.XLSX	Sheet1	JL0432A2201900194	SAMN26764472	AZM	<	4	S	
Table_3.XLSX	Sheet1	JL0432A2201900194	SAMN26764472	CHL	>	64	R	
Table_3.XLSX	Sheet1	JL0432A2201900194	SAMN26764472	GEN	<	1	S	
Table_3.XLSX	Sheet1	JL0432A2201900194	SAMN26764472	SXT	>	8/152	R	
Table_3.XLSX	Sheet1	JL0432A2201900103	SAMN26764473	AMP	>	64	R	
Table_3.XLSX	Sheet1	JL0432A2201900103	SAMN26764473	CAZ	<	1	S	
Table_3.XLSX	Sheet1	JL0432A2201900103	SAMN26764473	AMS	=	16/8	I	mic_sign '=' inferred
Table_3.XLSX	Sheet1	JL0432A2201900103	SAMN26764473	CFX	<	2	S	
Table_3.XLSX	Sheet1	JL0432A2201900103	SAMN26764473	CTX	>	8	R	
Table_3.XLSX	Sheet1	JL0432A2201900103	SAMN26764473	CFZ	>	16	R	
Table_3.XLSX	Sheet1	JL0432A2201900103	SAMN26764473	IMP	<	0.25	S	
Table_3.XLSX	Sheet1	JL0432A2201900103	SAMN26764473	TET	>	32	R	
Table_3.XLSX	Sheet1	JL0432A2201900103	SAMN26764473	NAL	=	4	S	mic_sign '=' inferred
Table_3.XLSX	Sheet1	JL0432A2201900103	SAMN26764473	CIP	=	0.5	I	mic_sign '=' inferred
Table_3.XLSX	Sheet1	JL0432A2201900103	SAMN26764473	AZM	=	8	S	mic_sign '=' inferred
Table_3.XLSX	Sheet1	JL0432A2201900103	SAMN26764473	CHL	<	2	S	
Table_3.XLSX	Sheet1	JL0432A2201900103	SAMN26764473	GEN	=	2	S	mic_sign '=' inferred
Table_3.XLSX	Sheet1	JL0432A2201900103	SAMN26764473	SXT	>	8/152	R	
Table_3.XLSX	Sheet1	JL0432A2201900075	SAMN26764474	AMP	>	64	R	
Table_3.XLSX	Sheet1	JL0432A2201900075	SAMN26764474	CAZ	<	1	S	
Table_3.XLSX	Sheet1	JL0432A2201900075	SAMN26764474	AMS	=	16/8	I	mic_sign '=' inferred
Table_3.XLSX	Sheet1	JL0432A2201900075	SAMN26764474	CFX	<	2	S	
Table_3.XLSX	Sheet1	JL0432A2201900075	SAMN26764474	CTX	=	0.5	S	mic_sign '=' inferred
Table_3.XLSX	Sheet1	JL0432A2201900075	SAMN26764474	CFZ	>	16	R	
Table_3.XLSX	Sheet1	JL0432A2201900075	SAMN26764474	IMP	<	0.25	S	
Table_3.XLSX	Sheet1	JL0432A2201900075	SAMN26764474	TET	>	32	R	
Table_3.XLSX	Sheet1	JL0432A2201900075	SAMN26764474	NAL	=	4	S	mic_sign '=' inferred
Table_3.XLSX	Sheet1	JL0432A2201900075	SAMN26764474	CIP	=	0.125	I	mic_sign '=' inferred
Table_3.XLSX	Sheet1	JL0432A2201900075	SAMN26764474	AZM	<	4	S	
Table_3.XLSX	Sheet1	JL0432A2201900075	SAMN26764474	CHL	=	4	S	mic_sign '=' inferred
Table_3.XLSX	Sheet1	JL0432A2201900075	SAMN26764474	GEN	<	1	S	
Table_3.XLSX	Sheet1	JL0432A2201900075	SAMN26764474	SXT	>	1/19	S	
Table_3.XLSX	Sheet1	JL0432A2201900058	SAMN26764475	AMP	>	64	R	
Table_3.XLSX	Sheet1	JL0432A2201900058	SAMN26764475	CAZ	<	1	S	
Table_3.XLSX	Sheet1	JL0432A2201900058	SAMN26764475	AMS	=	32/16	R	mic_sign '=' inferred
Table_3.XLSX	Sheet1	JL0432A2201900058	SAMN26764475	CFX	<	2	S	
Table_3.XLSX	Sheet1	JL0432A2201900058	SAMN26764475	CTX	<	0.25	S	
Table_3.XLSX	Sheet1	JL0432A2201900058	SAMN26764475	CFZ	=	16	R	mic_sign '=' inferred
Table_3.XLSX	Sheet1	JL0432A2201900058	SAMN26764475	IMP	<	0.25	S	
Table_3.XLSX	Sheet1	JL0432A2201900058	SAMN26764475	TET	=	2	S	mic_sign '=' inferred
Table_3.XLSX	Sheet1	JL0432A2201900058	SAMN26764475	NAL	>	64	R	
Table_3.XLSX	Sheet1	JL0432A2201900058	SAMN26764475	CIP	=	0.25	I	mic_sign '=' inferred
Table_3.XLSX	Sheet1	JL0432A2201900058	SAMN26764475	AZM	<	4	S	
Table_3.XLSX	Sheet1	JL0432A2201900058	SAMN26764475	CHL	=	8	S	mic_sign '=' inferred
Table_3.XLSX	Sheet1	JL0432A2201900058	SAMN26764475	GEN	<	1	S	
Table_3.XLSX	Sheet1	JL0432A2201900058	SAMN26764475	SXT	<	0.25/4.75	S	
Table_3.XLSX	Sheet1	JL0432A2201900038	SAMN26764476	AMP	>	64	R	
Table_3.XLSX	Sheet1	JL0432A2201900038	SAMN26764476	CAZ	<	1	S	
Table_3.XLSX	Sheet1	JL0432A2201900038	SAMN26764476	AMS	=	16/8	I	mic_sign '=' inferred
Table_3.XLSX	Sheet1	JL0432A2201900038	SAMN26764476	CFX	<	2	S	
Table_3.XLSX	Sheet1	JL0432A2201900038	SAMN26764476	CTX	=	0.5	S	mic_sign '=' inferred
Table_3.XLSX	Sheet1	JL0432A2201900038	SAMN26764476	CFZ	=	2	S	mic_sign '=' inferred
Table_3.XLSX	Sheet1	JL0432A2201900038	SAMN26764476	IMP	<	0.25	S	
Table_3.XLSX	Sheet1	JL0432A2201900038	SAMN26764476	TET	>	32	R	
Table_3.XLSX	Sheet1	JL0432A2201900038	SAMN26764476	NAL	=	4	S	mic_sign '=' inferred
Table_3.XLSX	Sheet1	JL0432A2201900038	SAMN26764476	CIP	=	0.125	I	mic_sign '=' inferred
Table_3.XLSX	Sheet1	JL0432A2201900038	SAMN26764476	AZM	<	4	S	
Table_3.XLSX	Sheet1	JL0432A2201900038	SAMN26764476	CHL	<	2	S	
Table_3.XLSX	Sheet1	JL0432A2201900038	SAMN26764476	GEN	<	1	S	
Table_3.XLSX	Sheet1	JL0432A2201900038	SAMN26764476	SXT	<	0.25/4.75	S	
Table_3.XLSX	Sheet1	JL0432A2201800285	SAMN26764477	AMP	>	64	R	
Table_3.XLSX	Sheet1	JL0432A2201800285	SAMN26764477	CAZ	<	1	S	
Table_3.XLSX	Sheet1	JL0432A2201800285	SAMN26764477	AMS	=	16/8	I	mic_sign '=' inferred
Table_3.XLSX	Sheet1	JL0432A2201800285	SAMN26764477	CFX	<	2	S	
Table_3.XLSX	Sheet1	JL0432A2201800285	SAMN26764477	CTX	<	0.25	S	
Table_3.XLSX	Sheet1	JL0432A2201800285	SAMN26764477	CFZ	=	1	S	mic_sign '=' inferred
Table_3.XLSX	Sheet1	JL0432A2201800285	SAMN26764477	IMP	<	0.25	S	
Table_3.XLSX	Sheet1	JL0432A2201800285	SAMN26764477	TET	>	32	R	
Table_3.XLSX	Sheet1	JL0432A2201800285	SAMN26764477	NAL	=	8	S	mic_sign '=' inferred
Table_3.XLSX	Sheet1	JL0432A2201800285	SAMN26764477	CIP	=	0.06	S	mic_sign '=' inferred
Table_3.XLSX	Sheet1	JL0432A2201800285	SAMN26764477	AZM	<	4	S	
Table_3.XLSX	Sheet1	JL0432A2201800285	SAMN26764477	CHL	<	2	S	
Table_3.XLSX	Sheet1	JL0432A2201800285	SAMN26764477	GEN	<	1	S	
Table_3.XLSX	Sheet1	JL0432A2201800285	SAMN26764477	SXT	<	0.25/4.75	S	
Table_3.XLSX	Sheet1	JL0432A2201800258	SAMN26764478	AMP	>	64	R	
Table_3.XLSX	Sheet1	JL0432A2201800258	SAMN26764478	CAZ	<	1	S	
Table_3.XLSX	Sheet1	JL0432A2201800258	SAMN26764478	AMS	=	64/32	R	mic_sign '=' inferred
Table_3.XLSX	Sheet1	JL0432A2201800258	SAMN26764478	CFX	<	2	S	
Table_3.XLSX	Sheet1	JL0432A2201800258	SAMN26764478	CTX	=	0.5	S	mic_sign '=' inferred
Table_3.XLSX	Sheet1	JL0432A2201800258	SAMN26764478	CFZ	=	1	S	mic_sign '=' inferred
Table_3.XLSX	Sheet1	JL0432A2201800258	SAMN26764478	IMP	<	0.25	S	
Table_3.XLSX	Sheet1	JL0432A2201800258	SAMN26764478	TET	>	32	R	
Table_3.XLSX	Sheet1	JL0432A2201800258	SAMN26764478	NAL	=	4	S	mic_sign '=' inferred
Table_3.XLSX	Sheet1	JL0432A2201800258	SAMN26764478	CIP	=	0.125	I	mic_sign '=' inferred
Table_3.XLSX	Sheet1	JL0432A2201800258	SAMN26764478	AZM	<	4	S	
Table_3.XLSX	Sheet1	JL0432A2201800258	SAMN26764478	CHL	<	2	S	
Table_3.XLSX	Sheet1	JL0432A2201800258	SAMN26764478	GEN	<	1	S	
Table_3.XLSX	Sheet1	JL0432A2201800258	SAMN26764478	SXT	<	0.25/4.75	S	
Table_3.XLSX	Sheet1	JL0432A2201800204	SAMN26764479	AMP	>	64	R	
Table_3.XLSX	Sheet1	JL0432A2201800204	SAMN26764479	CAZ	<	1	S	
Table_3.XLSX	Sheet1	JL0432A2201800204	SAMN26764479	AMS	=	32/16	R	mic_sign '=' inferred
Table_3.XLSX	Sheet1	JL0432A2201800204	SAMN26764479	CFX	<	2	S	
Table_3.XLSX	Sheet1	JL0432A2201800204	SAMN26764479	CTX	<	0.25	S	
Table_3.XLSX	Sheet1	JL0432A2201800204	SAMN26764479	CFZ	=	1	S	mic_sign '=' inferred
Table_3.XLSX	Sheet1	JL0432A2201800204	SAMN26764479	IMP	<	0.25	S	
Table_3.XLSX	Sheet1	JL0432A2201800204	SAMN26764479	TET	>	32	R	
Table_3.XLSX	Sheet1	JL0432A2201800204	SAMN26764479	NAL	=	4	S	mic_sign '=' inferred
Table_3.XLSX	Sheet1	JL0432A2201800204	SAMN26764479	CIP	=	0.25	I	mic_sign '=' inferred
Table_3.XLSX	Sheet1	JL0432A2201800204	SAMN26764479	AZM	<	4	S	
Table_3.XLSX	Sheet1	JL0432A2201800204	SAMN26764479	CHL	<	2	S	
Table_3.XLSX	Sheet1	JL0432A2201800204	SAMN26764479	GEN	<	1	S	
Table_3.XLSX	Sheet1	JL0432A2201800204	SAMN26764479	SXT	<	0.25/4.75	S	
Table_3.XLSX	Sheet1	JL0432A2201800191	SAMN26764480	AMP	>	64	R	
Table_3.XLSX	Sheet1	JL0432A2201800191	SAMN26764480	CAZ	<	1	S	
Table_3.XLSX	Sheet1	JL0432A2201800191	SAMN26764480	AMS	=	64/32	R	mic_sign '=' inferred
Table_3.XLSX	Sheet1	JL0432A2201800191	SAMN26764480	CFX	=	8	S	mic_sign '=' inferred
Table_3.XLSX	Sheet1	JL0432A2201800191	SAMN26764480	CTX	>	8	R	
Table_3.XLSX	Sheet1	JL0432A2201800191	SAMN26764480	CFZ	>	16	R	
Table_3.XLSX	Sheet1	JL0432A2201800191	SAMN26764480	IMP	<	0.25	S	
Table_3.XLSX	Sheet1	JL0432A2201800191	SAMN26764480	TET	>	32	R	
Table_3.XLSX	Sheet1	JL0432A2201800191	SAMN26764480	NAL	=	8	S	mic_sign '=' inferred
Table_3.XLSX	Sheet1	JL0432A2201800191	SAMN26764480	CIP	<	0.25	I	
Table_3.XLSX	Sheet1	JL0432A2201800191	SAMN26764480	AZM	<	4	S	
Table_3.XLSX	Sheet1	JL0432A2201800191	SAMN26764480	CHL	=	16	I	mic_sign '=' inferred
Table_3.XLSX	Sheet1	JL0432A2201800191	SAMN26764480	GEN	<	1	S	
Table_3.XLSX	Sheet1	JL0432A2201800191	SAMN26764480	SXT	<	0.25/4.75	S	
Table_3.XLSX	Sheet1	JL0432A2201800162	SAMN26764481	AMP	>	64	R	
Table_3.XLSX	Sheet1	JL0432A2201800162	SAMN26764481	CAZ	<	1	S	
Table_3.XLSX	Sheet1	JL0432A2201800162	SAMN26764481	AMS	=	32/16	R	mic_sign '=' inferred
Table_3.XLSX	Sheet1	JL0432A2201800162	SAMN26764481	CFX	<	2	S	
Table_3.XLSX	Sheet1	JL0432A2201800162	SAMN26764481	CTX	<	0.25	S	
Table_3.XLSX	Sheet1	JL0432A2201800162	SAMN26764481	CFZ	=	4	I	mic_sign '=' inferred
Table_3.XLSX	Sheet1	JL0432A2201800162	SAMN26764481	IMP	<	0.25	S	
Table_3.XLSX	Sheet1	JL0432A2201800162	SAMN26764481	TET	>	32	R	
Table_3.XLSX	Sheet1	JL0432A2201800162	SAMN26764481	NAL	>	64	R	
Table_3.XLSX	Sheet1	JL0432A2201800162	SAMN26764481	CIP	<	0.03	S	
Table_3.XLSX	Sheet1	JL0432A2201800162	SAMN26764481	AZM	=	8	S	mic_sign '=' inferred
Table_3.XLSX	Sheet1	JL0432A2201800162	SAMN26764481	CHL	<	2	S	
Table_3.XLSX	Sheet1	JL0432A2201800162	SAMN26764481	GEN	<	1	S	
Table_3.XLSX	Sheet1	JL0432A2201800162	SAMN26764481	SXT	<	0.25/4.75	S	
Table_3.XLSX	Sheet1	JL0432A2201800138	SAMN26764482	AMP	>	64	R	
Table_3.XLSX	Sheet1	JL0432A2201800138	SAMN26764482	CAZ	=	2	S	mic_sign '=' inferred
Table_3.XLSX	Sheet1	JL0432A2201800138	SAMN26764482	AMS	=	64/32	R	mic_sign '=' inferred
Table_3.XLSX	Sheet1	JL0432A2201800138	SAMN26764482	CFX	<	2	S	
Table_3.XLSX	Sheet1	JL0432A2201800138	SAMN26764482	CTX	<	0.25	S	
Table_3.XLSX	Sheet1	JL0432A2201800138	SAMN26764482	CFZ	=	8	R	mic_sign '=' inferred
Table_3.XLSX	Sheet1	JL0432A2201800138	SAMN26764482	IMP	<	0.25	S	
Table_3.XLSX	Sheet1	JL0432A2201800138	SAMN26764482	TET	>	32	R	
Table_3.XLSX	Sheet1	JL0432A2201800138	SAMN26764482	NAL	=	32	R	mic_sign '=' inferred
Table_3.XLSX	Sheet1	JL0432A2201800138	SAMN26764482	CIP	=	0.25	I	mic_sign '=' inferred
Table_3.XLSX	Sheet1	JL0432A2201800138	SAMN26764482	AZM	<	4	S	
Table_3.XLSX	Sheet1	JL0432A2201800138	SAMN26764482	CHL	=	8	S	mic_sign '=' inferred
Table_3.XLSX	Sheet1	JL0432A2201800138	SAMN26764482	GEN	<	1	S	
Table_3.XLSX	Sheet1	JL0432A2201800138	SAMN26764482	SXT	=	0.5/9.5	S	mic_sign '=' inferred
Table_3.XLSX	Sheet1	JL0432A2201800133	SAMN26764483	AMP	>	64	R	
Table_3.XLSX	Sheet1	JL0432A2201800133	SAMN26764483	CAZ	<	1	S	
Table_3.XLSX	Sheet1	JL0432A2201800133	SAMN26764483	AMS	=	16/8	I	mic_sign '=' inferred
Table_3.XLSX	Sheet1	JL0432A2201800133	SAMN26764483	CFX	=	4	S	mic_sign '=' inferred
Table_3.XLSX	Sheet1	JL0432A2201800133	SAMN26764483	CTX	=	1	S	mic_sign '=' inferred
Table_3.XLSX	Sheet1	JL0432A2201800133	SAMN26764483	CFZ	=	8	R	mic_sign '=' inferred
Table_3.XLSX	Sheet1	JL0432A2201800133	SAMN26764483	IMP	<	0.25	S	
Table_3.XLSX	Sheet1	JL0432A2201800133	SAMN26764483	TET	=	16	R	mic_sign '=' inferred
Table_3.XLSX	Sheet1	JL0432A2201800133	SAMN26764483	NAL	=	8	S	mic_sign '=' inferred
Table_3.XLSX	Sheet1	JL0432A2201800133	SAMN26764483	CIP	=	0.125	I	mic_sign '=' inferred
Table_3.XLSX	Sheet1	JL0432A2201800133	SAMN26764483	AZM	<	4	S	
Table_3.XLSX	Sheet1	JL0432A2201800133	SAMN26764483	CHL	=	4	S	mic_sign '=' inferred
Table_3.XLSX	Sheet1	JL0432A2201800133	SAMN26764483	GEN	<	1	S	
Table_3.XLSX	Sheet1	JL0432A2201800133	SAMN26764483	SXT	>	8/152	R	
Table_3.XLSX	Sheet1	JL0432A2201800131	SAMN26764484	AMP	>	64	R	
Table_3.XLSX	Sheet1	JL0432A2201800131	SAMN26764484	CAZ	<	1	S	
Table_3.XLSX	Sheet1	JL0432A2201800131	SAMN26764484	AMS	=	16/8	I	mic_sign '=' inferred
Table_3.XLSX	Sheet1	JL0432A2201800131	SAMN26764484	CFX	=	4	S	mic_sign '=' inferred
Table_3.XLSX	Sheet1	JL0432A2201800131	SAMN26764484	CTX	<	0.25	S	
Table_3.XLSX	Sheet1	JL0432A2201800131	SAMN26764484	CFZ	=	8	R	mic_sign '=' inferred
Table_3.XLSX	Sheet1	JL0432A2201800131	SAMN26764484	IMP	<	0.25	S	
Table_3.XLSX	Sheet1	JL0432A2201800131	SAMN26764484	TET	>	32	R	
Table_3.XLSX	Sheet1	JL0432A2201800131	SAMN26764484	NAL	=	4	S	mic_sign '=' inferred
Table_3.XLSX	Sheet1	JL0432A2201800131	SAMN26764484	CIP	<	0.25	I	
Table_3.XLSX	Sheet1	JL0432A2201800131	SAMN26764484	AZM	=	8	S	mic_sign '=' inferred
Table_3.XLSX	Sheet1	JL0432A2201800131	SAMN26764484	CHL	=	16	I	mic_sign '=' inferred
Table_3.XLSX	Sheet1	JL0432A2201800131	SAMN26764484	GEN	<	1	S	
Table_3.XLSX	Sheet1	JL0432A2201800131	SAMN26764484	SXT	<	0.25/4.75	S	
Table_3.XLSX	Sheet1	JL0432A2201800125	SAMN26764485	AMP	>	64	R	
Table_3.XLSX	Sheet1	JL0432A2201800125	SAMN26764485	CAZ	<	1	S	
Table_3.XLSX	Sheet1	JL0432A2201800125	SAMN26764485	AMS	=	16/8	I	mic_sign '=' inferred
Table_3.XLSX	Sheet1	JL0432A2201800125	SAMN26764485	CFX	=	8	S	mic_sign '=' inferred
Table_3.XLSX	Sheet1	JL0432A2201800125	SAMN26764485	CTX	<	0.25	S	
Table_3.XLSX	Sheet1	JL0432A2201800125	SAMN26764485	CFZ	=	8	R	mic_sign '=' inferred
Table_3.XLSX	Sheet1	JL0432A2201800125	SAMN26764485	IMP	<	0.25	S	
Table_3.XLSX	Sheet1	JL0432A2201800125	SAMN26764485	TET	>	32	R	
Table_3.XLSX	Sheet1	JL0432A2201800125	SAMN26764485	NAL	=	4	S	mic_sign '=' inferred
Table_3.XLSX	Sheet1	JL0432A2201800125	SAMN26764485	CIP	<	0.03	S	
Table_3.XLSX	Sheet1	JL0432A2201800125	SAMN26764485	AZM	<	4	S	
Table_3.XLSX	Sheet1	JL0432A2201800125	SAMN26764485	CHL	=	4	S	mic_sign '=' inferred
Table_3.XLSX	Sheet1	JL0432A2201800125	SAMN26764485	GEN	<	1	S	
Table_3.XLSX	Sheet1	JL0432A2201800125	SAMN26764485	SXT	<	0.25/4.75	S	
Table_3.XLSX	Sheet1	JL0432A2201800071	SAMN26764486	AMP	>	64	R	
Table_3.XLSX	Sheet1	JL0432A2201800071	SAMN26764486	CAZ	<	1	S	
Table_3.XLSX	Sheet1	JL0432A2201800071	SAMN26764486	AMS	=	32/16	R	mic_sign '=' inferred
Table_3.XLSX	Sheet1	JL0432A2201800071	SAMN26764486	CFX	<	2	S	
Table_3.XLSX	Sheet1	JL0432A2201800071	SAMN26764486	CTX	<	0.25	S	
Table_3.XLSX	Sheet1	JL0432A2201800071	SAMN26764486	CFZ	=	2	S	mic_sign '=' inferred
Table_3.XLSX	Sheet1	JL0432A2201800071	SAMN26764486	IMP	<	0.25	S	
Table_3.XLSX	Sheet1	JL0432A2201800071	SAMN26764486	TET	=	2	S	mic_sign '=' inferred
Table_3.XLSX	Sheet1	JL0432A2201800071	SAMN26764486	NAL	>	64	R	
Table_3.XLSX	Sheet1	JL0432A2201800071	SAMN26764486	CIP	=	0.5	I	mic_sign '=' inferred
Table_3.XLSX	Sheet1	JL0432A2201800071	SAMN26764486	AZM	<	4	S	
Table_3.XLSX	Sheet1	JL0432A2201800071	SAMN26764486	CHL	=	8	S	mic_sign '=' inferred
Table_3.XLSX	Sheet1	JL0432A2201800071	SAMN26764486	GEN	<	1	S	
Table_3.XLSX	Sheet1	JL0432A2201800071	SAMN26764486	SXT	<	0.25/4.75	S	
Table_3.XLSX	Sheet1	JL0432A2201700280	SAMN26764487	AMP	<	2	S	
Table_3.XLSX	Sheet1	JL0432A2201700280	SAMN26764487	CAZ	<	1	S	
Table_3.XLSX	Sheet1	JL0432A2201700280	SAMN26764487	AMS	<	2/1	S	
Table_3.XLSX	Sheet1	JL0432A2201700280	SAMN26764487	CFX	=	4	S	mic_sign '=' inferred
Table_3.XLSX	Sheet1	JL0432A2201700280	SAMN26764487	CTX	<	0.25	S	
Table_3.XLSX	Sheet1	JL0432A2201700280	SAMN26764487	CFZ	=	2	S	mic_sign '=' inferred
Table_3.XLSX	Sheet1	JL0432A2201700280	SAMN26764487	IMP	<	0.25	S	
Table_3.XLSX	Sheet1	JL0432A2201700280	SAMN26764487	TET	=	2	S	mic_sign '=' inferred
Table_3.XLSX	Sheet1	JL0432A2201700280	SAMN26764487	NAL	>	64	R	
Table_3.XLSX	Sheet1	JL0432A2201700280	SAMN26764487	CIP	<	0.25	I	
Table_3.XLSX	Sheet1	JL0432A2201700280	SAMN26764487	AZM	<	4	S	
Table_3.XLSX	Sheet1	JL0432A2201700280	SAMN26764487	CHL	=	8	S	mic_sign '=' inferred
Table_3.XLSX	Sheet1	JL0432A2201700280	SAMN26764487	GEN	<	1	S	
Table_3.XLSX	Sheet1	JL0432A2201700280	SAMN26764487	SXT	<	0.25/4.75	S	
Table_3.XLSX	Sheet1	JL0432A2201700279	SAMN26764488	AMP	<	2	S	
Table_3.XLSX	Sheet1	JL0432A2201700279	SAMN26764488	CAZ	<	1	S	
Table_3.XLSX	Sheet1	JL0432A2201700279	SAMN26764488	AMS	=	8/4	S	mic_sign '=' inferred
Table_3.XLSX	Sheet1	JL0432A2201700279	SAMN26764488	CFX	=	4	S	mic_sign '=' inferred
Table_3.XLSX	Sheet1	JL0432A2201700279	SAMN26764488	CTX	<	0.25	S	
Table_3.XLSX	Sheet1	JL0432A2201700279	SAMN26764488	CFZ	=	2	S	mic_sign '=' inferred
Table_3.XLSX	Sheet1	JL0432A2201700279	SAMN26764488	IMP	<	0.25	S	
Table_3.XLSX	Sheet1	JL0432A2201700279	SAMN26764488	TET	=	4	S	mic_sign '=' inferred
Table_3.XLSX	Sheet1	JL0432A2201700279	SAMN26764488	NAL	>	64	R	
Table_3.XLSX	Sheet1	JL0432A2201700279	SAMN26764488	CIP	=	2	R	mic_sign '=' inferred
Table_3.XLSX	Sheet1	JL0432A2201700279	SAMN26764488	AZM	<	4	S	
Table_3.XLSX	Sheet1	JL0432A2201700279	SAMN26764488	CHL	>	64	R	
Table_3.XLSX	Sheet1	JL0432A2201700279	SAMN26764488	GEN	=	32	R	mic_sign '=' inferred
Table_3.XLSX	Sheet1	JL0432A2201700279	SAMN26764488	SXT	>	8/152	R	
Table_3.XLSX	Sheet1	JL0432A2201700277	SAMN26764489	AMP	>	64	R	
Table_3.XLSX	Sheet1	JL0432A2201700277	SAMN26764489	CAZ	<	1	S	
Table_3.XLSX	Sheet1	JL0432A2201700277	SAMN26764489	AMS	=	32/16	R	mic_sign '=' inferred
Table_3.XLSX	Sheet1	JL0432A2201700277	SAMN26764489	CFX	<	2	S	
Table_3.XLSX	Sheet1	JL0432A2201700277	SAMN26764489	CTX	<	0.25	S	
Table_3.XLSX	Sheet1	JL0432A2201700277	SAMN26764489	CFZ	=	2	S	mic_sign '=' inferred
Table_3.XLSX	Sheet1	JL0432A2201700277	SAMN26764489	IMP	<	0.25	S	
Table_3.XLSX	Sheet1	JL0432A2201700277	SAMN26764489	TET	>	32	R	
Table_3.XLSX	Sheet1	JL0432A2201700277	SAMN26764489	NAL	>	64	R	
Table_3.XLSX	Sheet1	JL0432A2201700277	SAMN26764489	CIP	<	0.03	S	
Table_3.XLSX	Sheet1	JL0432A2201700277	SAMN26764489	AZM	<	4	S	
Table_3.XLSX	Sheet1	JL0432A2201700277	SAMN26764489	CHL	=	8	S	mic_sign '=' inferred
Table_3.XLSX	Sheet1	JL0432A2201700277	SAMN26764489	GEN	=	2	S	mic_sign '=' inferred
Table_3.XLSX	Sheet1	JL0432A2201700277	SAMN26764489	SXT	<	0.25/4.75	S	
Table_3.XLSX	Sheet1	JL0432A2201700267	SAMN26764490	AMP	<	2	S	
Table_3.XLSX	Sheet1	JL0432A2201700267	SAMN26764490	CAZ	<	1	S	
Table_3.XLSX	Sheet1	JL0432A2201700267	SAMN26764490	AMS	<	2/1	S	
Table_3.XLSX	Sheet1	JL0432A2201700267	SAMN26764490	CFX	<	2	S	
Table_3.XLSX	Sheet1	JL0432A2201700267	SAMN26764490	CTX	<	0.25	S	
Table_3.XLSX	Sheet1	JL0432A2201700267	SAMN26764490	CFZ	=	4	I	mic_sign '=' inferred
Table_3.XLSX	Sheet1	JL0432A2201700267	SAMN26764490	IMP	<	0.25	S	
Table_3.XLSX	Sheet1	JL0432A2201700267	SAMN26764490	TET	=	2	S	mic_sign '=' inferred
Table_3.XLSX	Sheet1	JL0432A2201700267	SAMN26764490	NAL	>	64	R	
Table_3.XLSX	Sheet1	JL0432A2201700267	SAMN26764490	CIP	=	0.25	I	mic_sign '=' inferred
Table_3.XLSX	Sheet1	JL0432A2201700267	SAMN26764490	AZM	<	4	S	
Table_3.XLSX	Sheet1	JL0432A2201700267	SAMN26764490	CHL	>	64	R	
Table_3.XLSX	Sheet1	JL0432A2201700267	SAMN26764490	GEN	=	32	R	mic_sign '=' inferred
Table_3.XLSX	Sheet1	JL0432A2201700267	SAMN26764490	SXT	>	8/152	R	
Table_3.XLSX	Sheet1	JL0432A2201700131	SAMN26764491	AMP	>	64	R	
Table_3.XLSX	Sheet1	JL0432A2201700131	SAMN26764491	CAZ	<	1	S	
Table_3.XLSX	Sheet1	JL0432A2201700131	SAMN26764491	AMS	=	32/16	R	mic_sign '=' inferred
Table_3.XLSX	Sheet1	JL0432A2201700131	SAMN26764491	CFX	<	2	S	
Table_3.XLSX	Sheet1	JL0432A2201700131	SAMN26764491	CTX	=	0.5	S	mic_sign '=' inferred
Table_3.XLSX	Sheet1	JL0432A2201700131	SAMN26764491	CFZ	=	4	I	mic_sign '=' inferred
Table_3.XLSX	Sheet1	JL0432A2201700131	SAMN26764491	IMP	=	1	S	mic_sign '=' inferred
Table_3.XLSX	Sheet1	JL0432A2201700131	SAMN26764491	TET	=	4	S	mic_sign '=' inferred
Table_3.XLSX	Sheet1	JL0432A2201700131	SAMN26764491	NAL	>	64	R	
Table_3.XLSX	Sheet1	JL0432A2201700131	SAMN26764491	CIP	<	0.03	S	
Table_3.XLSX	Sheet1	JL0432A2201700131	SAMN26764491	AZM	<	4	S	
Table_3.XLSX	Sheet1	JL0432A2201700131	SAMN26764491	CHL	=	4	S	mic_sign '=' inferred
Table_3.XLSX	Sheet1	JL0432A2201700131	SAMN26764491	GEN	<	1	S	
Table_3.XLSX	Sheet1	JL0432A2201700131	SAMN26764491	SXT	<	0.25/4.75	S	
Table_3.XLSX	Sheet1	JL0432A1201900199	SAMN26764492	AMP	>	64	R	
Table_3.XLSX	Sheet1	JL0432A1201900199	SAMN26764492	CAZ	<	1	S	
Table_3.XLSX	Sheet1	JL0432A1201900199	SAMN26764492	AMS	=	32/16	R	mic_sign '=' inferred
Table_3.XLSX	Sheet1	JL0432A1201900199	SAMN26764492	CFX	<	2	S	
Table_3.XLSX	Sheet1	JL0432A1201900199	SAMN26764492	CTX	<	0.25	S	
Table_3.XLSX	Sheet1	JL0432A1201900199	SAMN26764492	CFZ	=	4	I	mic_sign '=' inferred
Table_3.XLSX	Sheet1	JL0432A1201900199	SAMN26764492	IMP	<	0.25	S	
Table_3.XLSX	Sheet1	JL0432A1201900199	SAMN26764492	TET	=	4	S	mic_sign '=' inferred
Table_3.XLSX	Sheet1	JL0432A1201900199	SAMN26764492	NAL	>	64	R	
Table_3.XLSX	Sheet1	JL0432A1201900199	SAMN26764492	CIP	=	0.25	I	mic_sign '=' inferred
Table_3.XLSX	Sheet1	JL0432A1201900199	SAMN26764492	AZM	<	4	S	
Table_3.XLSX	Sheet1	JL0432A1201900199	SAMN26764492	CHL	=	4	S	mic_sign '=' inferred
Table_3.XLSX	Sheet1	JL0432A1201900199	SAMN26764492	GEN	<	1	S	
Table_3.XLSX	Sheet1	JL0432A1201900199	SAMN26764492	SXT	<	0.25/4.75	S	
Table_3.XLSX	Sheet1	JL0432A1201900196	SAMN26764493	AMP	>	64	R	
Table_3.XLSX	Sheet1	JL0432A1201900196	SAMN26764493	CAZ	<	1	S	
Table_3.XLSX	Sheet1	JL0432A1201900196	SAMN26764493	AMS	=	32/16	R	mic_sign '=' inferred
Table_3.XLSX	Sheet1	JL0432A1201900196	SAMN26764493	CFX	<	2	S	
Table_3.XLSX	Sheet1	JL0432A1201900196	SAMN26764493	CTX	=	0.5	S	mic_sign '=' inferred
Table_3.XLSX	Sheet1	JL0432A1201900196	SAMN26764493	CFZ	=	8	R	mic_sign '=' inferred
Table_3.XLSX	Sheet1	JL0432A1201900196	SAMN26764493	IMP	<	0.25	S	
Table_3.XLSX	Sheet1	JL0432A1201900196	SAMN26764493	TET	=	2	S	mic_sign '=' inferred
Table_3.XLSX	Sheet1	JL0432A1201900196	SAMN26764493	NAL	>	64	R	
Table_3.XLSX	Sheet1	JL0432A1201900196	SAMN26764493	CIP	=	0.25	I	mic_sign '=' inferred
Table_3.XLSX	Sheet1	JL0432A1201900196	SAMN26764493	AZM	<	4	S	
Table_3.XLSX	Sheet1	JL0432A1201900196	SAMN26764493	CHL	=	4	S	mic_sign '=' inferred
Table_3.XLSX	Sheet1	JL0432A1201900196	SAMN26764493	GEN	<	1	S	
Table_3.XLSX	Sheet1	JL0432A1201900196	SAMN26764493	SXT	>	8/152	R	
Table_3.XLSX	Sheet1	JL0432A1201900191	SAMN26764494	AMP	>	64	R	
Table_3.XLSX	Sheet1	JL0432A1201900191	SAMN26764494	CAZ	<	1	S	
Table_3.XLSX	Sheet1	JL0432A1201900191	SAMN26764494	AMS	=	32/16	R	mic_sign '=' inferred
Table_3.XLSX	Sheet1	JL0432A1201900191	SAMN26764494	CFX	<	2	S	
Table_3.XLSX	Sheet1	JL0432A1201900191	SAMN26764494	CTX	<	0.25	S	
Table_3.XLSX	Sheet1	JL0432A1201900191	SAMN26764494	CFZ	=	16	R	mic_sign '=' inferred
Table_3.XLSX	Sheet1	JL0432A1201900191	SAMN26764494	IMP	<	0.25	S	
Table_3.XLSX	Sheet1	JL0432A1201900191	SAMN26764494	TET	=	2	S	mic_sign '=' inferred
Table_3.XLSX	Sheet1	JL0432A1201900191	SAMN26764494	NAL	>	64	R	
Table_3.XLSX	Sheet1	JL0432A1201900191	SAMN26764494	CIP	=	0.25	I	mic_sign '=' inferred
Table_3.XLSX	Sheet1	JL0432A1201900191	SAMN26764494	AZM	<	4	S	
Table_3.XLSX	Sheet1	JL0432A1201900191	SAMN26764494	CHL	=	4	S	mic_sign '=' inferred
Table_3.XLSX	Sheet1	JL0432A1201900191	SAMN26764494	GEN	<	1	S	
Table_3.XLSX	Sheet1	JL0432A1201900191	SAMN26764494	SXT	<	0.25/4.75	S	
Table_3.XLSX	Sheet1	JL0432A1201900153	SAMN26764495	AMP	>	64	R	
Table_3.XLSX	Sheet1	JL0432A1201900153	SAMN26764495	CAZ	<	1	S	
Table_3.XLSX	Sheet1	JL0432A1201900153	SAMN26764495	AMS	=	16/8	I	mic_sign '=' inferred
Table_3.XLSX	Sheet1	JL0432A1201900153	SAMN26764495	CFX	=	8	S	mic_sign '=' inferred
Table_3.XLSX	Sheet1	JL0432A1201900153	SAMN26764495	CTX	<	0.25	S	
Table_3.XLSX	Sheet1	JL0432A1201900153	SAMN26764495	CFZ	=	8	R	mic_sign '=' inferred
Table_3.XLSX	Sheet1	JL0432A1201900153	SAMN26764495	IMP	<	0.25	S	
Table_3.XLSX	Sheet1	JL0432A1201900153	SAMN26764495	TET	=	2	S	mic_sign '=' inferred
Table_3.XLSX	Sheet1	JL0432A1201900153	SAMN26764495	NAL	>	64	R	
Table_3.XLSX	Sheet1	JL0432A1201900153	SAMN26764495	CIP	<	0.25	I	
Table_3.XLSX	Sheet1	JL0432A1201900153	SAMN26764495	AZM	<	4	S	
Table_3.XLSX	Sheet1	JL0432A1201900153	SAMN26764495	CHL	=	8	S	mic_sign '=' inferred
Table_3.XLSX	Sheet1	JL0432A1201900153	SAMN26764495	GEN	<	1	S	
Table_3.XLSX	Sheet1	JL0432A1201900153	SAMN26764495	SXT	=	0.5/9.5	S	mic_sign '=' inferred
Table_3.XLSX	Sheet1	JL0432A1201900134	SAMN26764496	AMP	>	64	R	
Table_3.XLSX	Sheet1	JL0432A1201900134	SAMN26764496	CAZ	<	1	S	
Table_3.XLSX	Sheet1	JL0432A1201900134	SAMN26764496	AMS	=	32/16	R	mic_sign '=' inferred
Table_3.XLSX	Sheet1	JL0432A1201900134	SAMN26764496	CFX	<	2	S	
Table_3.XLSX	Sheet1	JL0432A1201900134	SAMN26764496	CTX	>	8	R	
Table_3.XLSX	Sheet1	JL0432A1201900134	SAMN26764496	CFZ	>	16	R	
Table_3.XLSX	Sheet1	JL0432A1201900134	SAMN26764496	IMP	<	0.25	S	
Table_3.XLSX	Sheet1	JL0432A1201900134	SAMN26764496	TET	=	2	S	mic_sign '=' inferred
Table_3.XLSX	Sheet1	JL0432A1201900134	SAMN26764496	NAL	>	64	R	
Table_3.XLSX	Sheet1	JL0432A1201900134	SAMN26764496	CIP	<	0.03	S	
Table_3.XLSX	Sheet1	JL0432A1201900134	SAMN26764496	AZM	<	4	S	
Table_3.XLSX	Sheet1	JL0432A1201900134	SAMN26764496	CHL	<	2	S	
Table_3.XLSX	Sheet1	JL0432A1201900134	SAMN26764496	GEN	<	1	S	
Table_3.XLSX	Sheet1	JL0432A1201900134	SAMN26764496	SXT	<	0.25/4.75	S	
Table_3.XLSX	Sheet1	JL0432A1201900097	SAMN26764497	AMP	>	64	R	
Table_3.XLSX	Sheet1	JL0432A1201900097	SAMN26764497	CAZ	<	1	S	
Table_3.XLSX	Sheet1	JL0432A1201900097	SAMN26764497	AMS	=	32/16	R	mic_sign '=' inferred
Table_3.XLSX	Sheet1	JL0432A1201900097	SAMN26764497	CFX	<	2	S	
Table_3.XLSX	Sheet1	JL0432A1201900097	SAMN26764497	CTX	>	8	R	
Table_3.XLSX	Sheet1	JL0432A1201900097	SAMN26764497	CFZ	>	16	R	
Table_3.XLSX	Sheet1	JL0432A1201900097	SAMN26764497	IMP	<	0.25	S	
Table_3.XLSX	Sheet1	JL0432A1201900097	SAMN26764497	TET	>	32	R	
Table_3.XLSX	Sheet1	JL0432A1201900097	SAMN26764497	NAL	>	64	R	
Table_3.XLSX	Sheet1	JL0432A1201900097	SAMN26764497	CIP	<	0.03	S	
Table_3.XLSX	Sheet1	JL0432A1201900097	SAMN26764497	AZM	<	4	S	
Table_3.XLSX	Sheet1	JL0432A1201900097	SAMN26764497	CHL	=	4	S	mic_sign '=' inferred
Table_3.XLSX	Sheet1	JL0432A1201900097	SAMN26764497	GEN	<	1	S	
Table_3.XLSX	Sheet1	JL0432A1201900097	SAMN26764497	SXT	<	0.25/4.75	S	
Table_3.XLSX	Sheet1	JL0432A1201900069	SAMN26764498	AMP	>	64	R	
Table_3.XLSX	Sheet1	JL0432A1201900069	SAMN26764498	CAZ	<	1	S	
Table_3.XLSX	Sheet1	JL0432A1201900069	SAMN26764498	AMS	=	32/16	R	mic_sign '=' inferred
Table_3.XLSX	Sheet1	JL0432A1201900069	SAMN26764498	CFX	=	16	I	mic_sign '=' inferred
Table_3.XLSX	Sheet1	JL0432A1201900069	SAMN26764498	CTX	<	0.25	S	
Table_3.XLSX	Sheet1	JL0432A1201900069	SAMN26764498	CFZ	=	8	R	mic_sign '=' inferred
Table_3.XLSX	Sheet1	JL0432A1201900069	SAMN26764498	IMP	=	0.5	S	mic_sign '=' inferred
Table_3.XLSX	Sheet1	JL0432A1201900069	SAMN26764498	TET	>	32	R	
Table_3.XLSX	Sheet1	JL0432A1201900069	SAMN26764498	NAL	=	4	S	mic_sign '=' inferred
Table_3.XLSX	Sheet1	JL0432A1201900069	SAMN26764498	CIP	=	0.5	I	mic_sign '=' inferred
Table_3.XLSX	Sheet1	JL0432A1201900069	SAMN26764498	AZM	<	4	S	
Table_3.XLSX	Sheet1	JL0432A1201900069	SAMN26764498	CHL	=	16	I	mic_sign '=' inferred
Table_3.XLSX	Sheet1	JL0432A1201900069	SAMN26764498	GEN	<	1	S	
Table_3.XLSX	Sheet1	JL0432A1201900069	SAMN26764498	SXT	<	0.25/4.75	S	
Table_3.XLSX	Sheet1	JL0432A1201900062	SAMN26764499	AMP	>	64	R	
Table_3.XLSX	Sheet1	JL0432A1201900062	SAMN26764499	CAZ	<	1	S	
Table_3.XLSX	Sheet1	JL0432A1201900062	SAMN26764499	AMS	=	16/8	I	mic_sign '=' inferred
Table_3.XLSX	Sheet1	JL0432A1201900062	SAMN26764499	CFX	<	2	S	
Table_3.XLSX	Sheet1	JL0432A1201900062	SAMN26764499	CTX	=	0.5	S	mic_sign '=' inferred
Table_3.XLSX	Sheet1	JL0432A1201900062	SAMN26764499	CFZ	=	4	I	mic_sign '=' inferred
Table_3.XLSX	Sheet1	JL0432A1201900062	SAMN26764499	IMP	<	0.25	S	
Table_3.XLSX	Sheet1	JL0432A1201900062	SAMN26764499	TET	>	32	R	
Table_3.XLSX	Sheet1	JL0432A1201900062	SAMN26764499	NAL	=	4	S	mic_sign '=' inferred
Table_3.XLSX	Sheet1	JL0432A1201900062	SAMN26764499	CIP	=	0.25	I	mic_sign '=' inferred
Table_3.XLSX	Sheet1	JL0432A1201900062	SAMN26764499	AZM	<	4	S	
Table_3.XLSX	Sheet1	JL0432A1201900062	SAMN26764499	CHL	=	4	S	mic_sign '=' inferred
Table_3.XLSX	Sheet1	JL0432A1201900062	SAMN26764499	GEN	<	1	S	
Table_3.XLSX	Sheet1	JL0432A1201900062	SAMN26764499	SXT	<	0.25/4.75	S	
Table_3.XLSX	Sheet1	JL0432A1201900032	SAMN26764500	AMP	>	64	R	
Table_3.XLSX	Sheet1	JL0432A1201900032	SAMN26764500	CAZ	<	1	S	
Table_3.XLSX	Sheet1	JL0432A1201900032	SAMN26764500	AMS	=	16/8	I	mic_sign '=' inferred
Table_3.XLSX	Sheet1	JL0432A1201900032	SAMN26764500	CFX	=	4	S	mic_sign '=' inferred
Table_3.XLSX	Sheet1	JL0432A1201900032	SAMN26764500	CTX	<	0.25	S	
Table_3.XLSX	Sheet1	JL0432A1201900032	SAMN26764500	CFZ	=	16	R	mic_sign '=' inferred
Table_3.XLSX	Sheet1	JL0432A1201900032	SAMN26764500	IMP	<	0.25	S	
Table_3.XLSX	Sheet1	JL0432A1201900032	SAMN26764500	TET	>	32	R	
Table_3.XLSX	Sheet1	JL0432A1201900032	SAMN26764500	NAL	>	64	R	
Table_3.XLSX	Sheet1	JL0432A1201900032	SAMN26764500	CIP	=	0.25	I	mic_sign '=' inferred
Table_3.XLSX	Sheet1	JL0432A1201900032	SAMN26764500	AZM	<	4	S	
Table_3.XLSX	Sheet1	JL0432A1201900032	SAMN26764500	CHL	=	4	S	mic_sign '=' inferred
Table_3.XLSX	Sheet1	JL0432A1201900032	SAMN26764500	GEN	<	1	S	
Table_3.XLSX	Sheet1	JL0432A1201900032	SAMN26764500	SXT	=	0.5/9.5	S	mic_sign '=' inferred
Table_3.XLSX	Sheet1	JL0432A1201900003	SAMN26764501	AMP	>	64	R	
Table_3.XLSX	Sheet1	JL0432A1201900003	SAMN26764501	CAZ	=	16	R	mic_sign '=' inferred
Table_3.XLSX	Sheet1	JL0432A1201900003	SAMN26764501	AMS	=	32/16	R	mic_sign '=' inferred
Table_3.XLSX	Sheet1	JL0432A1201900003	SAMN26764501	CFX	<	2	S	
Table_3.XLSX	Sheet1	JL0432A1201900003	SAMN26764501	CTX	<	0.25	S	
Table_3.XLSX	Sheet1	JL0432A1201900003	SAMN26764501	CFZ	=	4	I	mic_sign '=' inferred
Table_3.XLSX	Sheet1	JL0432A1201900003	SAMN26764501	IMP	<	0.25	S	
Table_3.XLSX	Sheet1	JL0432A1201900003	SAMN26764501	TET	>	32	R	
Table_3.XLSX	Sheet1	JL0432A1201900003	SAMN26764501	NAL	=	4	S	mic_sign '=' inferred
Table_3.XLSX	Sheet1	JL0432A1201900003	SAMN26764501	CIP	=	0.25	I	mic_sign '=' inferred
Table_3.XLSX	Sheet1	JL0432A1201900003	SAMN26764501	AZM	<	4	S	
Table_3.XLSX	Sheet1	JL0432A1201900003	SAMN26764501	CHL	=	4	S	mic_sign '=' inferred
Table_3.XLSX	Sheet1	JL0432A1201900003	SAMN26764501	GEN	<	1	S	
Table_3.XLSX	Sheet1	JL0432A1201900003	SAMN26764501	SXT	>	8/152	R	
Table_3.XLSX	Sheet1	JL0432A1201800185	SAMN26764502	AMP	<	2	S	
Table_3.XLSX	Sheet1	JL0432A1201800185	SAMN26764502	CAZ	<	1	S	
Table_3.XLSX	Sheet1	JL0432A1201800185	SAMN26764502	AMS	<	2/1	S	
Table_3.XLSX	Sheet1	JL0432A1201800185	SAMN26764502	CFX	<	2	S	
Table_3.XLSX	Sheet1	JL0432A1201800185	SAMN26764502	CTX	=	0.5	S	mic_sign '=' inferred
Table_3.XLSX	Sheet1	JL0432A1201800185	SAMN26764502	CFZ	=	8	R	mic_sign '=' inferred
Table_3.XLSX	Sheet1	JL0432A1201800185	SAMN26764502	IMP	<	0.25	S	
Table_3.XLSX	Sheet1	JL0432A1201800185	SAMN26764502	TET	>	32	R	
Table_3.XLSX	Sheet1	JL0432A1201800185	SAMN26764502	NAL	=	4	S	mic_sign '=' inferred
Table_3.XLSX	Sheet1	JL0432A1201800185	SAMN26764502	CIP	=	0.25	I	mic_sign '=' inferred
Table_3.XLSX	Sheet1	JL0432A1201800185	SAMN26764502	AZM	<	4	S	
Table_3.XLSX	Sheet1	JL0432A1201800185	SAMN26764502	CHL	=	4	S	mic_sign '=' inferred
Table_3.XLSX	Sheet1	JL0432A1201800185	SAMN26764502	GEN	<	1	S	
Table_3.XLSX	Sheet1	JL0432A1201800185	SAMN26764502	SXT	=	0.5/9.5	S	mic_sign '=' inferred
Table_3.XLSX	Sheet1	JL0432A1201800179	SAMN26764503	AMP	<	2	S	
Table_3.XLSX	Sheet1	JL0432A1201800179	SAMN26764503	CAZ	<	1	S	
Table_3.XLSX	Sheet1	JL0432A1201800179	SAMN26764503	AMS	<	2/1	S	
Table_3.XLSX	Sheet1	JL0432A1201800179	SAMN26764503	CFX	<	2	S	
Table_3.XLSX	Sheet1	JL0432A1201800179	SAMN26764503	CTX	<	0.25	S	
Table_3.XLSX	Sheet1	JL0432A1201800179	SAMN26764503	CFZ	=	2	S	mic_sign '=' inferred
Table_3.XLSX	Sheet1	JL0432A1201800179	SAMN26764503	IMP	<	0.25	S	
Table_3.XLSX	Sheet1	JL0432A1201800179	SAMN26764503	TET	<	1	S	
Table_3.XLSX	Sheet1	JL0432A1201800179	SAMN26764503	NAL	>	64	R	
Table_3.XLSX	Sheet1	JL0432A1201800179	SAMN26764503	CIP	=	0.25	I	mic_sign '=' inferred
Table_3.XLSX	Sheet1	JL0432A1201800179	SAMN26764503	AZM	<	4	S	
Table_3.XLSX	Sheet1	JL0432A1201800179	SAMN26764503	CHL	=	4	S	mic_sign '=' inferred
Table_3.XLSX	Sheet1	JL0432A1201800179	SAMN26764503	GEN	<	1	S	
Table_3.XLSX	Sheet1	JL0432A1201800179	SAMN26764503	SXT	<	0.25/4.75	S	
Table_3.XLSX	Sheet1	JL0432A1201800165	SAMN26764504	AMP	>	64	R	
Table_3.XLSX	Sheet1	JL0432A1201800165	SAMN26764504	CAZ	<	1	S	
Table_3.XLSX	Sheet1	JL0432A1201800165	SAMN26764504	AMS	=	32/16	R	mic_sign '=' inferred
Table_3.XLSX	Sheet1	JL0432A1201800165	SAMN26764504	CFX	<	2	S	
Table_3.XLSX	Sheet1	JL0432A1201800165	SAMN26764504	CTX	=	0.5	S	mic_sign '=' inferred
Table_3.XLSX	Sheet1	JL0432A1201800165	SAMN26764504	CFZ	=	4	I	mic_sign '=' inferred
Table_3.XLSX	Sheet1	JL0432A1201800165	SAMN26764504	IMP	<	0.25	S	
Table_3.XLSX	Sheet1	JL0432A1201800165	SAMN26764504	TET	>	32	R	
Table_3.XLSX	Sheet1	JL0432A1201800165	SAMN26764504	NAL	=	8	S	mic_sign '=' inferred
Table_3.XLSX	Sheet1	JL0432A1201800165	SAMN26764504	CIP	=	0.06	S	mic_sign '=' inferred
Table_3.XLSX	Sheet1	JL0432A1201800165	SAMN26764504	AZM	<	4	S	
Table_3.XLSX	Sheet1	JL0432A1201800165	SAMN26764504	CHL	=	8	S	mic_sign '=' inferred
Table_3.XLSX	Sheet1	JL0432A1201800165	SAMN26764504	GEN	<	1	S	
Table_3.XLSX	Sheet1	JL0432A1201800165	SAMN26764504	SXT	<	0.25/4.75	S	
Table_3.XLSX	Sheet1	JL0432A1201800158	SAMN26764505	AMP	>	64	R	
Table_3.XLSX	Sheet1	JL0432A1201800158	SAMN26764505	CAZ	<	1	S	
Table_3.XLSX	Sheet1	JL0432A1201800158	SAMN26764505	AMS	=	64/32	R	mic_sign '=' inferred
Table_3.XLSX	Sheet1	JL0432A1201800158	SAMN26764505	CFX	=	4	S	mic_sign '=' inferred
Table_3.XLSX	Sheet1	JL0432A1201800158	SAMN26764505	CTX	=	0.5	S	mic_sign '=' inferred
Table_3.XLSX	Sheet1	JL0432A1201800158	SAMN26764505	CFZ	=	8	R	mic_sign '=' inferred
Table_3.XLSX	Sheet1	JL0432A1201800158	SAMN26764505	IMP	=	0.5	S	mic_sign '=' inferred
Table_3.XLSX	Sheet1	JL0432A1201800158	SAMN26764505	TET	=	2	S	mic_sign '=' inferred
Table_3.XLSX	Sheet1	JL0432A1201800158	SAMN26764505	NAL	>	64	R	
Table_3.XLSX	Sheet1	JL0432A1201800158	SAMN26764505	CIP	=	0.25	I	mic_sign '=' inferred
Table_3.XLSX	Sheet1	JL0432A1201800158	SAMN26764505	AZM	<	4	S	
Table_3.XLSX	Sheet1	JL0432A1201800158	SAMN26764505	CHL	=	4	S	mic_sign '=' inferred
Table_3.XLSX	Sheet1	JL0432A1201800158	SAMN26764505	GEN	<	1	S	
Table_3.XLSX	Sheet1	JL0432A1201800158	SAMN26764505	SXT	=	0.5/9.5	S	mic_sign '=' inferred
Table_3.XLSX	Sheet1	JL0432A1201800157	SAMN26764506	AMP	>	64	R	
Table_3.XLSX	Sheet1	JL0432A1201800157	SAMN26764506	CAZ	<	1	S	
Table_3.XLSX	Sheet1	JL0432A1201800157	SAMN26764506	AMS	=	32/16	R	mic_sign '=' inferred
Table_3.XLSX	Sheet1	JL0432A1201800157	SAMN26764506	CFX	=	4	S	mic_sign '=' inferred
Table_3.XLSX	Sheet1	JL0432A1201800157	SAMN26764506	CTX	>	8	R	
Table_3.XLSX	Sheet1	JL0432A1201800157	SAMN26764506	CFZ	>	16	R	
Table_3.XLSX	Sheet1	JL0432A1201800157	SAMN26764506	IMP	<	0.25	S	
Table_3.XLSX	Sheet1	JL0432A1201800157	SAMN26764506	TET	>	32	R	
Table_3.XLSX	Sheet1	JL0432A1201800157	SAMN26764506	NAL	=	4	S	mic_sign '=' inferred
Table_3.XLSX	Sheet1	JL0432A1201800157	SAMN26764506	CIP	=	4	R	mic_sign '=' inferred
Table_3.XLSX	Sheet1	JL0432A1201800157	SAMN26764506	AZM	<	4	S	
Table_3.XLSX	Sheet1	JL0432A1201800157	SAMN26764506	CHL	=	64	R	mic_sign '=' inferred
Table_3.XLSX	Sheet1	JL0432A1201800157	SAMN26764506	GEN	=	8	I	mic_sign '=' inferred
Table_3.XLSX	Sheet1	JL0432A1201800157	SAMN26764506	SXT	>	8/152	R	
Table_3.XLSX	Sheet1	JL0432A1201800143	SAMN26764507	AMP	>	64	R	
Table_3.XLSX	Sheet1	JL0432A1201800143	SAMN26764507	CAZ	<	1	S	
Table_3.XLSX	Sheet1	JL0432A1201800143	SAMN26764507	AMS	=	16/8	I	mic_sign '=' inferred
Table_3.XLSX	Sheet1	JL0432A1201800143	SAMN26764507	CFX	<	2	S	
Table_3.XLSX	Sheet1	JL0432A1201800143	SAMN26764507	CTX	<	0.25	S	
Table_3.XLSX	Sheet1	JL0432A1201800143	SAMN26764507	CFZ	=	4	I	mic_sign '=' inferred
Table_3.XLSX	Sheet1	JL0432A1201800143	SAMN26764507	IMP	=	0.5	S	mic_sign '=' inferred
Table_3.XLSX	Sheet1	JL0432A1201800143	SAMN26764507	TET	>	32	R	
Table_3.XLSX	Sheet1	JL0432A1201800143	SAMN26764507	NAL	=	4	S	mic_sign '=' inferred
Table_3.XLSX	Sheet1	JL0432A1201800143	SAMN26764507	CIP	<	0.03	S	
Table_3.XLSX	Sheet1	JL0432A1201800143	SAMN26764507	AZM	<	4	S	
Table_3.XLSX	Sheet1	JL0432A1201800143	SAMN26764507	CHL	=	8	S	mic_sign '=' inferred
Table_3.XLSX	Sheet1	JL0432A1201800143	SAMN26764507	GEN	<	1	S	
Table_3.XLSX	Sheet1	JL0432A1201800143	SAMN26764507	SXT	<	0.25/4.75	S	
Table_3.XLSX	Sheet1	JL0432A1201800142	SAMN26764508	AMP	>	64	R	
Table_3.XLSX	Sheet1	JL0432A1201800142	SAMN26764508	CAZ	<	1	S	
Table_3.XLSX	Sheet1	JL0432A1201800142	SAMN26764508	AMS	=	16/8	I	mic_sign '=' inferred
Table_3.XLSX	Sheet1	JL0432A1201800142	SAMN26764508	CFX	<	2	S	
Table_3.XLSX	Sheet1	JL0432A1201800142	SAMN26764508	CTX	<	0.25	S	
Table_3.XLSX	Sheet1	JL0432A1201800142	SAMN26764508	CFZ	=	8	R	mic_sign '=' inferred
Table_3.XLSX	Sheet1	JL0432A1201800142	SAMN26764508	IMP	<	0.25	S	
Table_3.XLSX	Sheet1	JL0432A1201800142	SAMN26764508	TET	>	32	R	
Table_3.XLSX	Sheet1	JL0432A1201800142	SAMN26764508	NAL	=	4	S	mic_sign '=' inferred
Table_3.XLSX	Sheet1	JL0432A1201800142	SAMN26764508	CIP	=	0.25	I	mic_sign '=' inferred
Table_3.XLSX	Sheet1	JL0432A1201800142	SAMN26764508	AZM	<	4	S	
Table_3.XLSX	Sheet1	JL0432A1201800142	SAMN26764508	CHL	=	4	S	mic_sign '=' inferred
Table_3.XLSX	Sheet1	JL0432A1201800142	SAMN26764508	GEN	<	1	S	
Table_3.XLSX	Sheet1	JL0432A1201800142	SAMN26764508	SXT	<	0.25/4.75	S	
Table_3.XLSX	Sheet1	JL0432A1201800141	SAMN26764509	AMP	>	64	R	
Table_3.XLSX	Sheet1	JL0432A1201800141	SAMN26764509	CAZ	<	1	S	
Table_3.XLSX	Sheet1	JL0432A1201800141	SAMN26764509	AMS	=	16/8	I	mic_sign '=' inferred
Table_3.XLSX	Sheet1	JL0432A1201800141	SAMN26764509	CFX	=	4	S	mic_sign '=' inferred
Table_3.XLSX	Sheet1	JL0432A1201800141	SAMN26764509	CTX	=	0.5	S	mic_sign '=' inferred
Table_3.XLSX	Sheet1	JL0432A1201800141	SAMN26764509	CFZ	=	8	R	mic_sign '=' inferred
Table_3.XLSX	Sheet1	JL0432A1201800141	SAMN26764509	IMP	<	0.25	S	
Table_3.XLSX	Sheet1	JL0432A1201800141	SAMN26764509	TET	>	32	R	
Table_3.XLSX	Sheet1	JL0432A1201800141	SAMN26764509	NAL	=	8	S	mic_sign '=' inferred
Table_3.XLSX	Sheet1	JL0432A1201800141	SAMN26764509	CIP	=	0.125	I	mic_sign '=' inferred
Table_3.XLSX	Sheet1	JL0432A1201800141	SAMN26764509	AZM	<	4	S	
Table_3.XLSX	Sheet1	JL0432A1201800141	SAMN26764509	CHL	=	4	S	mic_sign '=' inferred
Table_3.XLSX	Sheet1	JL0432A1201800141	SAMN26764509	GEN	<	1	S	
Table_3.XLSX	Sheet1	JL0432A1201800141	SAMN26764509	SXT	<	0.25/4.75	S	
Table_3.XLSX	Sheet1	JL0432A1201800137	SAMN26764510	AMP	>	64	R	
Table_3.XLSX	Sheet1	JL0432A1201800137	SAMN26764510	CAZ	<	1	S	
Table_3.XLSX	Sheet1	JL0432A1201800137	SAMN26764510	AMS	=	16/8	I	mic_sign '=' inferred
Table_3.XLSX	Sheet1	JL0432A1201800137	SAMN26764510	CFX	<	2	S	
Table_3.XLSX	Sheet1	JL0432A1201800137	SAMN26764510	CTX	<	0.25	S	
Table_3.XLSX	Sheet1	JL0432A1201800137	SAMN26764510	CFZ	=	4	I	mic_sign '=' inferred
Table_3.XLSX	Sheet1	JL0432A1201800137	SAMN26764510	IMP	=	1	S	mic_sign '=' inferred
Table_3.XLSX	Sheet1	JL0432A1201800137	SAMN26764510	TET	>	32	R	
Table_3.XLSX	Sheet1	JL0432A1201800137	SAMN26764510	NAL	=	4	S	mic_sign '=' inferred
Table_3.XLSX	Sheet1	JL0432A1201800137	SAMN26764510	CIP	=	0.125	I	mic_sign '=' inferred
Table_3.XLSX	Sheet1	JL0432A1201800137	SAMN26764510	AZM	<	4	S	
Table_3.XLSX	Sheet1	JL0432A1201800137	SAMN26764510	CHL	=	4	S	mic_sign '=' inferred
Table_3.XLSX	Sheet1	JL0432A1201800137	SAMN26764510	GEN	<	1	S	
Table_3.XLSX	Sheet1	JL0432A1201800137	SAMN26764510	SXT	>	8/152	R	
Table_3.XLSX	Sheet1	JL0432A1201800124	SAMN26764511	AMP	>	64	R	
Table_3.XLSX	Sheet1	JL0432A1201800124	SAMN26764511	CAZ	<	1	S	
Table_3.XLSX	Sheet1	JL0432A1201800124	SAMN26764511	AMS	=	32/16	R	mic_sign '=' inferred
Table_3.XLSX	Sheet1	JL0432A1201800124	SAMN26764511	CFX	=	16	I	mic_sign '=' inferred
Table_3.XLSX	Sheet1	JL0432A1201800124	SAMN26764511	CTX	=	2	I	mic_sign '=' inferred
Table_3.XLSX	Sheet1	JL0432A1201800124	SAMN26764511	CFZ	>	16	R	
Table_3.XLSX	Sheet1	JL0432A1201800124	SAMN26764511	IMP	<	0.25	S	
Table_3.XLSX	Sheet1	JL0432A1201800124	SAMN26764511	TET	>	32	R	
Table_3.XLSX	Sheet1	JL0432A1201800124	SAMN26764511	NAL	>	64	R	
Table_3.XLSX	Sheet1	JL0432A1201800124	SAMN26764511	CIP	>	32	R	
Table_3.XLSX	Sheet1	JL0432A1201800124	SAMN26764511	AZM	=	32	R	mic_sign '=' inferred
Table_3.XLSX	Sheet1	JL0432A1201800124	SAMN26764511	CHL	>	64	R	
Table_3.XLSX	Sheet1	JL0432A1201800124	SAMN26764511	GEN	=	16	R	mic_sign '=' inferred
Table_3.XLSX	Sheet1	JL0432A1201800124	SAMN26764511	SXT	>	8/152	R	
Table_3.XLSX	Sheet1	JL0432A1201800060	SAMN26764512	AMP	>	64	R	
Table_3.XLSX	Sheet1	JL0432A1201800060	SAMN26764512	CAZ	<	1	S	
Table_3.XLSX	Sheet1	JL0432A1201800060	SAMN26764512	AMS	=	32/16	R	mic_sign '=' inferred
Table_3.XLSX	Sheet1	JL0432A1201800060	SAMN26764512	CFX	<	2	S	
Table_3.XLSX	Sheet1	JL0432A1201800060	SAMN26764512	CTX	=	0.5	S	mic_sign '=' inferred
Table_3.XLSX	Sheet1	JL0432A1201800060	SAMN26764512	CFZ	=	8	R	mic_sign '=' inferred
Table_3.XLSX	Sheet1	JL0432A1201800060	SAMN26764512	IMP	<	0.25	S	
Table_3.XLSX	Sheet1	JL0432A1201800060	SAMN26764512	TET	>	32	R	
Table_3.XLSX	Sheet1	JL0432A1201800060	SAMN26764512	NAL	=	8	S	mic_sign '=' inferred
Table_3.XLSX	Sheet1	JL0432A1201800060	SAMN26764512	CIP	=	0.25	I	mic_sign '=' inferred
Table_3.XLSX	Sheet1	JL0432A1201800060	SAMN26764512	AZM	<	4	S	
Table_3.XLSX	Sheet1	JL0432A1201800060	SAMN26764512	CHL	=	4	S	mic_sign '=' inferred
Table_3.XLSX	Sheet1	JL0432A1201800060	SAMN26764512	GEN	<	1	S	
Table_3.XLSX	Sheet1	JL0432A1201800060	SAMN26764512	SXT	<	0.25/4.75	S	
Table_3.XLSX	Sheet1	JL0432A1201800059	SAMN26764513	AMP	>	64	R	
Table_3.XLSX	Sheet1	JL0432A1201800059	SAMN26764513	CAZ	<	1	S	
Table_3.XLSX	Sheet1	JL0432A1201800059	SAMN26764513	AMS	>	64/32	R	
Table_3.XLSX	Sheet1	JL0432A1201800059	SAMN26764513	CFX	<	2	S	
Table_3.XLSX	Sheet1	JL0432A1201800059	SAMN26764513	CTX	<	0.25	S	
Table_3.XLSX	Sheet1	JL0432A1201800059	SAMN26764513	CFZ	=	2	S	mic_sign '=' inferred
Table_3.XLSX	Sheet1	JL0432A1201800059	SAMN26764513	IMP	=	1	S	mic_sign '=' inferred
Table_3.XLSX	Sheet1	JL0432A1201800059	SAMN26764513	TET	=	2	S	mic_sign '=' inferred
Table_3.XLSX	Sheet1	JL0432A1201800059	SAMN26764513	NAL	>	64	R	
Table_3.XLSX	Sheet1	JL0432A1201800059	SAMN26764513	CIP	<	0.03	S	
Table_3.XLSX	Sheet1	JL0432A1201800059	SAMN26764513	AZM	<	4	S	
Table_3.XLSX	Sheet1	JL0432A1201800059	SAMN26764513	CHL	=	4	S	mic_sign '=' inferred
Table_3.XLSX	Sheet1	JL0432A1201800059	SAMN26764513	GEN	<	1	S	
Table_3.XLSX	Sheet1	JL0432A1201800059	SAMN26764513	SXT	<	0.25/4.75	S	
Table_3.XLSX	Sheet1	JL0432A1201800038	SAMN26764514	AMP	<	2	S	
Table_3.XLSX	Sheet1	JL0432A1201800038	SAMN26764514	CAZ	<	1	S	
Table_3.XLSX	Sheet1	JL0432A1201800038	SAMN26764514	AMS	<	2/1	S	
Table_3.XLSX	Sheet1	JL0432A1201800038	SAMN26764514	CFX	=	8	S	mic_sign '=' inferred
Table_3.XLSX	Sheet1	JL0432A1201800038	SAMN26764514	CTX	>	8	R	
Table_3.XLSX	Sheet1	JL0432A1201800038	SAMN26764514	CFZ	>	16	R	
Table_3.XLSX	Sheet1	JL0432A1201800038	SAMN26764514	IMP	<	0.25	S	
Table_3.XLSX	Sheet1	JL0432A1201800038	SAMN26764514	TET	=	2	S	mic_sign '=' inferred
Table_3.XLSX	Sheet1	JL0432A1201800038	SAMN26764514	NAL	>	64	R	
Table_3.XLSX	Sheet1	JL0432A1201800038	SAMN26764514	CIP	=	1	R	mic_sign '=' inferred
Table_3.XLSX	Sheet1	JL0432A1201800038	SAMN26764514	AZM	<	4	S	
Table_3.XLSX	Sheet1	JL0432A1201800038	SAMN26764514	CHL	>	64	R	
Table_3.XLSX	Sheet1	JL0432A1201800038	SAMN26764514	GEN	<	1	S	
Table_3.XLSX	Sheet1	JL0432A1201800038	SAMN26764514	SXT	<	0.25/4.75	S	
Table_3.XLSX	Sheet1	JL0432A1201800015	SAMN26764515	AMP	>	64	R	
Table_3.XLSX	Sheet1	JL0432A1201800015	SAMN26764515	CAZ	<	1	S	
Table_3.XLSX	Sheet1	JL0432A1201800015	SAMN26764515	AMS	=	32/16	R	mic_sign '=' inferred
Table_3.XLSX	Sheet1	JL0432A1201800015	SAMN26764515	CFX	=	16	I	mic_sign '=' inferred
Table_3.XLSX	Sheet1	JL0432A1201800015	SAMN26764515	CTX	=	4	R	mic_sign '=' inferred
Table_3.XLSX	Sheet1	JL0432A1201800015	SAMN26764515	CFZ	>	16	R	
Table_3.XLSX	Sheet1	JL0432A1201800015	SAMN26764515	IMP	=	0.5	S	mic_sign '=' inferred
Table_3.XLSX	Sheet1	JL0432A1201800015	SAMN26764515	TET	>	32	R	
Table_3.XLSX	Sheet1	JL0432A1201800015	SAMN26764515	NAL	>	64	R	
Table_3.XLSX	Sheet1	JL0432A1201800015	SAMN26764515	CIP	>	32	R	
Table_3.XLSX	Sheet1	JL0432A1201800015	SAMN26764515	AZM	>	64	R	
Table_3.XLSX	Sheet1	JL0432A1201800015	SAMN26764515	CHL	>	64	R	
Table_3.XLSX	Sheet1	JL0432A1201800015	SAMN26764515	GEN	>	32	R	
Table_3.XLSX	Sheet1	JL0432A1201800015	SAMN26764515	SXT	>	8/152	R	
Table_3.XLSX	Sheet1	JL0432A1201700195	SAMN26764516	AMP	>	64	R	
Table_3.XLSX	Sheet1	JL0432A1201700195	SAMN26764516	CAZ	<	1	S	
Table_3.XLSX	Sheet1	JL0432A1201700195	SAMN26764516	AMS	=	32/16	R	mic_sign '=' inferred
Table_3.XLSX	Sheet1	JL0432A1201700195	SAMN26764516	CFX	=	4	S	mic_sign '=' inferred
Table_3.XLSX	Sheet1	JL0432A1201700195	SAMN26764516	CTX	<	0.25	S	
Table_3.XLSX	Sheet1	JL0432A1201700195	SAMN26764516	CFZ	=	2	S	mic_sign '=' inferred
Table_3.XLSX	Sheet1	JL0432A1201700195	SAMN26764516	IMP	<	0.25	S	
Table_3.XLSX	Sheet1	JL0432A1201700195	SAMN26764516	TET	>	32	R	
Table_3.XLSX	Sheet1	JL0432A1201700195	SAMN26764516	NAL	>	32	R	
Table_3.XLSX	Sheet1	JL0432A1201700195	SAMN26764516	CIP	<	0.03	S	
Table_3.XLSX	Sheet1	JL0432A1201700195	SAMN26764516	AZM	<	4	S	
Table_3.XLSX	Sheet1	JL0432A1201700195	SAMN26764516	CHL	=	8	S	mic_sign '=' inferred
Table_3.XLSX	Sheet1	JL0432A1201700195	SAMN26764516	GEN	<	1	S	
Table_3.XLSX	Sheet1	JL0432A1201700195	SAMN26764516	SXT	<	0.25/4.75	S	
Table_3.XLSX	Sheet1	JL0432A1201700187	SAMN26764517	AMP	<	2	S	
Table_3.XLSX	Sheet1	JL0432A1201700187	SAMN26764517	CAZ	<	1	S	
Table_3.XLSX	Sheet1	JL0432A1201700187	SAMN26764517	AMS	<	2/1	S	
Table_3.XLSX	Sheet1	JL0432A1201700187	SAMN26764517	CFX	<	2	S	
Table_3.XLSX	Sheet1	JL0432A1201700187	SAMN26764517	CTX	<	0.25	S	
Table_3.XLSX	Sheet1	JL0432A1201700187	SAMN26764517	CFZ	=	1	S	mic_sign '=' inferred
Table_3.XLSX	Sheet1	JL0432A1201700187	SAMN26764517	IMP	<	0.25	S	
Table_3.XLSX	Sheet1	JL0432A1201700187	SAMN26764517	TET	<	1	S	
Table_3.XLSX	Sheet1	JL0432A1201700187	SAMN26764517	NAL	>	64	R	
Table_3.XLSX	Sheet1	JL0432A1201700187	SAMN26764517	CIP	=	0.125	I	mic_sign '=' inferred
Table_3.XLSX	Sheet1	JL0432A1201700187	SAMN26764517	AZM	=	16	S	mic_sign '=' inferred
Table_3.XLSX	Sheet1	JL0432A1201700187	SAMN26764517	CHL	<	2	S	
Table_3.XLSX	Sheet1	JL0432A1201700187	SAMN26764517	GEN	<	1	S	
Table_3.XLSX	Sheet1	JL0432A1201700187	SAMN26764517	SXT	<	0.25/4.75	S	
Table_3.XLSX	Sheet1	JL0432A1201700185	SAMN26764518	AMP	<	2	S	
Table_3.XLSX	Sheet1	JL0432A1201700185	SAMN26764518	CAZ	<	1	S	
Table_3.XLSX	Sheet1	JL0432A1201700185	SAMN26764518	AMS	<	2/1	S	
Table_3.XLSX	Sheet1	JL0432A1201700185	SAMN26764518	CFX	<	2	S	
Table_3.XLSX	Sheet1	JL0432A1201700185	SAMN26764518	CTX	<	0.25	S	
Table_3.XLSX	Sheet1	JL0432A1201700185	SAMN26764518	CFZ	=	2	S	mic_sign '=' inferred
Table_3.XLSX	Sheet1	JL0432A1201700185	SAMN26764518	IMP	=	0.5	S	mic_sign '=' inferred
Table_3.XLSX	Sheet1	JL0432A1201700185	SAMN26764518	TET	>	32	R	
Table_3.XLSX	Sheet1	JL0432A1201700185	SAMN26764518	NAL	=	4	S	mic_sign '=' inferred
Table_3.XLSX	Sheet1	JL0432A1201700185	SAMN26764518	CIP	=	0.25	I	mic_sign '=' inferred
Table_3.XLSX	Sheet1	JL0432A1201700185	SAMN26764518	AZM	<	4	S	
Table_3.XLSX	Sheet1	JL0432A1201700185	SAMN26764518	CHL	<	2	S	
Table_3.XLSX	Sheet1	JL0432A1201700185	SAMN26764518	GEN	<	1	S	
Table_3.XLSX	Sheet1	JL0432A1201700185	SAMN26764518	SXT	<	0.25/4.75	S	
Table_3.XLSX	Sheet1	JL0432A1201700173	SAMN26764519	AMP	<	2	S	
Table_3.XLSX	Sheet1	JL0432A1201700173	SAMN26764519	CAZ	<	1	S	
Table_3.XLSX	Sheet1	JL0432A1201700173	SAMN26764519	AMS	<	2/1	S	
Table_3.XLSX	Sheet1	JL0432A1201700173	SAMN26764519	CFX	<	2	S	
Table_3.XLSX	Sheet1	JL0432A1201700173	SAMN26764519	CTX	>	8	R	
Table_3.XLSX	Sheet1	JL0432A1201700173	SAMN26764519	CFZ	>	16	R	
Table_3.XLSX	Sheet1	JL0432A1201700173	SAMN26764519	IMP	<	0.25	S	
Table_3.XLSX	Sheet1	JL0432A1201700173	SAMN26764519	TET	>	32	R	
Table_3.XLSX	Sheet1	JL0432A1201700173	SAMN26764519	NAL	=	4	S	mic_sign '=' inferred
Table_3.XLSX	Sheet1	JL0432A1201700173	SAMN26764519	CIP	=	0.125	I	mic_sign '=' inferred
Table_3.XLSX	Sheet1	JL0432A1201700173	SAMN26764519	AZM	=	8	S	mic_sign '=' inferred
Table_3.XLSX	Sheet1	JL0432A1201700173	SAMN26764519	CHL	>	64	R	
Table_3.XLSX	Sheet1	JL0432A1201700173	SAMN26764519	GEN	<	1	S	
Table_3.XLSX	Sheet1	JL0432A1201700173	SAMN26764519	SXT	>	8/152	R	
Table_3.XLSX	Sheet1	JL0432A1201700161	SAMN26764520	AMP	>	64	R	
Table_3.XLSX	Sheet1	JL0432A1201700161	SAMN26764520	CAZ	<	1	S	
Table_3.XLSX	Sheet1	JL0432A1201700161	SAMN26764520	AMS	=	32/16	R	mic_sign '=' inferred
Table_3.XLSX	Sheet1	JL0432A1201700161	SAMN26764520	CFX	<	2	S	
Table_3.XLSX	Sheet1	JL0432A1201700161	SAMN26764520	CTX	<	0.25	S	
Table_3.XLSX	Sheet1	JL0432A1201700161	SAMN26764520	CFZ	=	8	R	mic_sign '=' inferred
Table_3.XLSX	Sheet1	JL0432A1201700161	SAMN26764520	IMP	<	0.25	S	
Table_3.XLSX	Sheet1	JL0432A1201700161	SAMN26764520	TET	>	32	R	
Table_3.XLSX	Sheet1	JL0432A1201700161	SAMN26764520	NAL	>	64	R	
Table_3.XLSX	Sheet1	JL0432A1201700161	SAMN26764520	CIP	=	0.25	I	mic_sign '=' inferred
Table_3.XLSX	Sheet1	JL0432A1201700161	SAMN26764520	AZM	<	4	S	
Table_3.XLSX	Sheet1	JL0432A1201700161	SAMN26764520	CHL	=	8	S	mic_sign '=' inferred
Table_3.XLSX	Sheet1	JL0432A1201700161	SAMN26764520	GEN	<	1	S	
Table_3.XLSX	Sheet1	JL0432A1201700161	SAMN26764520	SXT	<	0.25/4.75	S	
Table_3.XLSX	Sheet1	JL0432A1201700142	SAMN26764521	AMP	>	64	R	
Table_3.XLSX	Sheet1	JL0432A1201700142	SAMN26764521	CAZ	<	1	S	
Table_3.XLSX	Sheet1	JL0432A1201700142	SAMN26764521	AMS	=	64/32	R	mic_sign '=' inferred
Table_3.XLSX	Sheet1	JL0432A1201700142	SAMN26764521	CFX	=	4	S	mic_sign '=' inferred
Table_3.XLSX	Sheet1	JL0432A1201700142	SAMN26764521	CTX	<	0.25	S	
Table_3.XLSX	Sheet1	JL0432A1201700142	SAMN26764521	CFZ	=	16	R	mic_sign '=' inferred
Table_3.XLSX	Sheet1	JL0432A1201700142	SAMN26764521	IMP	<	0.25	S	
Table_3.XLSX	Sheet1	JL0432A1201700142	SAMN26764521	TET	=	2	S	mic_sign '=' inferred
Table_3.XLSX	Sheet1	JL0432A1201700142	SAMN26764521	NAL	>	64	R	
Table_3.XLSX	Sheet1	JL0432A1201700142	SAMN26764521	CIP	<	0.03	S	
Table_3.XLSX	Sheet1	JL0432A1201700142	SAMN26764521	AZM	<	4	S	
Table_3.XLSX	Sheet1	JL0432A1201700142	SAMN26764521	CHL	=	4	S	mic_sign '=' inferred
Table_3.XLSX	Sheet1	JL0432A1201700142	SAMN26764521	GEN	<	1	S	
Table_3.XLSX	Sheet1	JL0432A1201700142	SAMN26764521	SXT	<	0.25/4.75	S	
Table_3.XLSX	Sheet1	JL0432A1201700109	SAMN26764522	AMP	>	64	R	
Table_3.XLSX	Sheet1	JL0432A1201700109	SAMN26764522	CAZ	<	1	S	
Table_3.XLSX	Sheet1	JL0432A1201700109	SAMN26764522	AMS	=	32/16	R	mic_sign '=' inferred
Table_3.XLSX	Sheet1	JL0432A1201700109	SAMN26764522	CFX	<	2	S	
Table_3.XLSX	Sheet1	JL0432A1201700109	SAMN26764522	CTX	<	0.25	S	
Table_3.XLSX	Sheet1	JL0432A1201700109	SAMN26764522	CFZ	=	8	R	mic_sign '=' inferred
Table_3.XLSX	Sheet1	JL0432A1201700109	SAMN26764522	IMP	<	0.25	S	
Table_3.XLSX	Sheet1	JL0432A1201700109	SAMN26764522	TET	>	32	R	
Table_3.XLSX	Sheet1	JL0432A1201700109	SAMN26764522	NAL	>	64	R	
Table_3.XLSX	Sheet1	JL0432A1201700109	SAMN26764522	CIP	=	0.25	I	mic_sign '=' inferred
Table_3.XLSX	Sheet1	JL0432A1201700109	SAMN26764522	AZM	<	4	S	
Table_3.XLSX	Sheet1	JL0432A1201700109	SAMN26764522	CHL	=	4	S	mic_sign '=' inferred
Table_3.XLSX	Sheet1	JL0432A1201700109	SAMN26764522	GEN	<	1	S	
Table_3.XLSX	Sheet1	JL0432A1201700109	SAMN26764522	SXT	<	0.25/4.75	S	
Table_3.XLSX	Sheet1	JL0432A1201700103	SAMN26764523	AMP	>	64	R	
Table_3.XLSX	Sheet1	JL0432A1201700103	SAMN26764523	CAZ	<	1	S	
Table_3.XLSX	Sheet1	JL0432A1201700103	SAMN26764523	AMS	=	16/8	I	mic_sign '=' inferred
Table_3.XLSX	Sheet1	JL0432A1201700103	SAMN26764523	CFX	<	2	S	
Table_3.XLSX	Sheet1	JL0432A1201700103	SAMN26764523	CTX	=	0.5	S	mic_sign '=' inferred
Table_3.XLSX	Sheet1	JL0432A1201700103	SAMN26764523	CFZ	=	4	I	mic_sign '=' inferred
Table_3.XLSX	Sheet1	JL0432A1201700103	SAMN26764523	IMP	<	0.25	S	
Table_3.XLSX	Sheet1	JL0432A1201700103	SAMN26764523	TET	>	32	R	
Table_3.XLSX	Sheet1	JL0432A1201700103	SAMN26764523	NAL	<	2	S	
Table_3.XLSX	Sheet1	JL0432A1201700103	SAMN26764523	CIP	<	0.03	S	
Table_3.XLSX	Sheet1	JL0432A1201700103	SAMN26764523	AZM	<	4	S	
Table_3.XLSX	Sheet1	JL0432A1201700103	SAMN26764523	CHL	=	4	S	mic_sign '=' inferred
Table_3.XLSX	Sheet1	JL0432A1201700103	SAMN26764523	GEN	<	1	S	
Table_3.XLSX	Sheet1	JL0432A1201700103	SAMN26764523	SXT	<	0.25/4.75	S	
Table_3.XLSX	Sheet1	JL0432A1201700093	SAMN26764524	AMP	>	64	R	
Table_3.XLSX	Sheet1	JL0432A1201700093	SAMN26764524	CAZ	<	1	S	
Table_3.XLSX	Sheet1	JL0432A1201700093	SAMN26764524	AMS	=	32/16	R	mic_sign '=' inferred
Table_3.XLSX	Sheet1	JL0432A1201700093	SAMN26764524	CFX	=	8	S	mic_sign '=' inferred
Table_3.XLSX	Sheet1	JL0432A1201700093	SAMN26764524	CTX	>	8	R	
Table_3.XLSX	Sheet1	JL0432A1201700093	SAMN26764524	CFZ	>	16	R	
Table_3.XLSX	Sheet1	JL0432A1201700093	SAMN26764524	IMP	<	0.25	S	
Table_3.XLSX	Sheet1	JL0432A1201700093	SAMN26764524	TET	>	32	R	
Table_3.XLSX	Sheet1	JL0432A1201700093	SAMN26764524	NAL	>	64	R	
Table_3.XLSX	Sheet1	JL0432A1201700093	SAMN26764524	CIP	>	32	R	
Table_3.XLSX	Sheet1	JL0432A1201700093	SAMN26764524	AZM	>	64	R	
Table_3.XLSX	Sheet1	JL0432A1201700093	SAMN26764524	CHL	>	64	R	
Table_3.XLSX	Sheet1	JL0432A1201700093	SAMN26764524	GEN	=	8	I	mic_sign '=' inferred
Table_3.XLSX	Sheet1	JL0432A1201700093	SAMN26764524	SXT	>	8/152	R	
Table_3.XLSX	Sheet1	JL0432A1201700091	SAMN26764525	AMP	>	64	R	
Table_3.XLSX	Sheet1	JL0432A1201700091	SAMN26764525	CAZ	<	1	S	
Table_3.XLSX	Sheet1	JL0432A1201700091	SAMN26764525	AMS	=	16/8	I	mic_sign '=' inferred
Table_3.XLSX	Sheet1	JL0432A1201700091	SAMN26764525	CFX	<	2	S	
Table_3.XLSX	Sheet1	JL0432A1201700091	SAMN26764525	CTX	=	0.5	S	mic_sign '=' inferred
Table_3.XLSX	Sheet1	JL0432A1201700091	SAMN26764525	CFZ	=	1	S	mic_sign '=' inferred
Table_3.XLSX	Sheet1	JL0432A1201700091	SAMN26764525	IMP	<	0.25	S	
Table_3.XLSX	Sheet1	JL0432A1201700091	SAMN26764525	TET	>	32	R	
Table_3.XLSX	Sheet1	JL0432A1201700091	SAMN26764525	NAL	>	64	R	
Table_3.XLSX	Sheet1	JL0432A1201700091	SAMN26764525	CIP	=	0.125	I	mic_sign '=' inferred
Table_3.XLSX	Sheet1	JL0432A1201700091	SAMN26764525	AZM	<	4	S	
Table_3.XLSX	Sheet1	JL0432A1201700091	SAMN26764525	CHL	=	4	S	mic_sign '=' inferred
Table_3.XLSX	Sheet1	JL0432A1201700091	SAMN26764525	GEN	<	1	S	
Table_3.XLSX	Sheet1	JL0432A1201700091	SAMN26764525	SXT	<	0.25/4.75	S	
Table_3.XLSX	Sheet1	JL0432A1201700088	SAMN26764526	AMP	=	4	S	mic_sign '=' inferred
Table_3.XLSX	Sheet1	JL0432A1201700088	SAMN26764526	CAZ	<	1	S	
Table_3.XLSX	Sheet1	JL0432A1201700088	SAMN26764526	AMS	=	4/2	S	mic_sign '=' inferred
Table_3.XLSX	Sheet1	JL0432A1201700088	SAMN26764526	CFX	<	2	S	
Table_3.XLSX	Sheet1	JL0432A1201700088	SAMN26764526	CTX	<	0.25	S	
Table_3.XLSX	Sheet1	JL0432A1201700088	SAMN26764526	CFZ	=	4	I	mic_sign '=' inferred
Table_3.XLSX	Sheet1	JL0432A1201700088	SAMN26764526	IMP	<	0.25	S	
Table_3.XLSX	Sheet1	JL0432A1201700088	SAMN26764526	TET	<	1	S	
Table_3.XLSX	Sheet1	JL0432A1201700088	SAMN26764526	NAL	>	64	R	
Table_3.XLSX	Sheet1	JL0432A1201700088	SAMN26764526	CIP	=	0.25	I	mic_sign '=' inferred
Table_3.XLSX	Sheet1	JL0432A1201700088	SAMN26764526	AZM	=	16	S	mic_sign '=' inferred
Table_3.XLSX	Sheet1	JL0432A1201700088	SAMN26764526	CHL	=	4	S	mic_sign '=' inferred
Table_3.XLSX	Sheet1	JL0432A1201700088	SAMN26764526	GEN	<	1	S	
Table_3.XLSX	Sheet1	JL0432A1201700088	SAMN26764526	SXT	<	0.25/4.75	S	
Table_3.XLSX	Sheet1	JL0432A1201700045	SAMN26764527	AMP	>	64	R	
Table_3.XLSX	Sheet1	JL0432A1201700045	SAMN26764527	CAZ	<	1	S	
Table_3.XLSX	Sheet1	JL0432A1201700045	SAMN26764527	AMS	=	16/8	I	mic_sign '=' inferred
Table_3.XLSX	Sheet1	JL0432A1201700045	SAMN26764527	CFX	=	16	I	mic_sign '=' inferred
Table_3.XLSX	Sheet1	JL0432A1201700045	SAMN26764527	CTX	>	8	R	
Table_3.XLSX	Sheet1	JL0432A1201700045	SAMN26764527	CFZ	>	16	R	
Table_3.XLSX	Sheet1	JL0432A1201700045	SAMN26764527	IMP	<	0.25	S	
Table_3.XLSX	Sheet1	JL0432A1201700045	SAMN26764527	TET	>	32	R	
Table_3.XLSX	Sheet1	JL0432A1201700045	SAMN26764527	NAL	>	64	R	
Table_3.XLSX	Sheet1	JL0432A1201700045	SAMN26764527	CIP	>	32	R	
Table_3.XLSX	Sheet1	JL0432A1201700045	SAMN26764527	AZM	=	32	R	mic_sign '=' inferred
Table_3.XLSX	Sheet1	JL0432A1201700045	SAMN26764527	CHL	>	64	R	
Table_3.XLSX	Sheet1	JL0432A1201700045	SAMN26764527	GEN	=	16	R	mic_sign '=' inferred
Table_3.XLSX	Sheet1	JL0432A1201700045	SAMN26764527	SXT	>	8/152	R	
Table_3.XLSX	Sheet1	JL043205201500197	SAMN26764528	AMP	>	64	R	
Table_3.XLSX	Sheet1	JL043205201500197	SAMN26764528	CAZ	=	2	S	mic_sign '=' inferred
Table_3.XLSX	Sheet1	JL043205201500197	SAMN26764528	AMS	=	16/8	I	mic_sign '=' inferred
Table_3.XLSX	Sheet1	JL043205201500197	SAMN26764528	CFX	<	2	S	
Table_3.XLSX	Sheet1	JL043205201500197	SAMN26764528	CTX	=	1	S	mic_sign '=' inferred
Table_3.XLSX	Sheet1	JL043205201500197	SAMN26764528	CFZ	=	4	I	mic_sign '=' inferred
Table_3.XLSX	Sheet1	JL043205201500197	SAMN26764528	IMP	<	0.25	S	
Table_3.XLSX	Sheet1	JL043205201500197	SAMN26764528	TET	>	32	R	
Table_3.XLSX	Sheet1	JL043205201500197	SAMN26764528	NAL	>	64	R	
Table_3.XLSX	Sheet1	JL043205201500197	SAMN26764528	CIP	=	0.125	I	mic_sign '=' inferred
Table_3.XLSX	Sheet1	JL043205201500197	SAMN26764528	AZM	<	4	S	
Table_3.XLSX	Sheet1	JL043205201500197	SAMN26764528	CHL	=	4	S	mic_sign '=' inferred
Table_3.XLSX	Sheet1	JL043205201500197	SAMN26764528	GEN	<	1	S	
Table_3.XLSX	Sheet1	JL043205201500197	SAMN26764528	SXT	<	0.25/4.75	S	
Table_3.XLSX	Sheet1	JL043205201400164	SAMN26764529	AMP	>	64	R	
Table_3.XLSX	Sheet1	JL043205201400164	SAMN26764529	CAZ	=	2	S	mic_sign '=' inferred
Table_3.XLSX	Sheet1	JL043205201400164	SAMN26764529	AMS	=	16/8	I	mic_sign '=' inferred
Table_3.XLSX	Sheet1	JL043205201400164	SAMN26764529	CFX	<	2	S	
Table_3.XLSX	Sheet1	JL043205201400164	SAMN26764529	CTX	=	0.5	S	mic_sign '=' inferred
Table_3.XLSX	Sheet1	JL043205201400164	SAMN26764529	CFZ	=	4	I	mic_sign '=' inferred
Table_3.XLSX	Sheet1	JL043205201400164	SAMN26764529	IMP	<	0.25	S	
Table_3.XLSX	Sheet1	JL043205201400164	SAMN26764529	TET	>	32	R	
Table_3.XLSX	Sheet1	JL043205201400164	SAMN26764529	NAL	>	64	R	
Table_3.XLSX	Sheet1	JL043205201400164	SAMN26764529	CIP	<	0.03	S	
Table_3.XLSX	Sheet1	JL043205201400164	SAMN26764529	AZM	<	4	S	
Table_3.XLSX	Sheet1	JL043205201400164	SAMN26764529	CHL	=	4	S	mic_sign '=' inferred
Table_3.XLSX	Sheet1	JL043205201400164	SAMN26764529	GEN	<	1	S	
Table_3.XLSX	Sheet1	JL043205201400164	SAMN26764529	SXT	<	0.25/4.75	S	
Table_3.XLSX	Sheet1	JL043205201400098	SAMN26764530	AMP	>	64	R	
Table_3.XLSX	Sheet1	JL043205201400098	SAMN26764530	CAZ	=	4	S	mic_sign '=' inferred
Table_3.XLSX	Sheet1	JL043205201400098	SAMN26764530	AMS	=	16/8	I	mic_sign '=' inferred
Table_3.XLSX	Sheet1	JL043205201400098	SAMN26764530	CFX	=	4	S	mic_sign '=' inferred
Table_3.XLSX	Sheet1	JL043205201400098	SAMN26764530	CTX	=	0.5	S	mic_sign '=' inferred
Table_3.XLSX	Sheet1	JL043205201400098	SAMN26764530	CFZ	=	8	R	mic_sign '=' inferred
Table_3.XLSX	Sheet1	JL043205201400098	SAMN26764530	IMP	<	0.25	S	
Table_3.XLSX	Sheet1	JL043205201400098	SAMN26764530	TET	>	32	R	
Table_3.XLSX	Sheet1	JL043205201400098	SAMN26764530	NAL	>	64	R	
Table_3.XLSX	Sheet1	JL043205201400098	SAMN26764530	CIP	<	0.03	S	
Table_3.XLSX	Sheet1	JL043205201400098	SAMN26764530	AZM	<	4	S	
Table_3.XLSX	Sheet1	JL043205201400098	SAMN26764530	CHL	=	4	S	mic_sign '=' inferred
Table_3.XLSX	Sheet1	JL043205201400098	SAMN26764530	GEN	<	1	S	
Table_3.XLSX	Sheet1	JL043205201400098	SAMN26764530	SXT	<	0.25/4.75	S	
Table_3.XLSX	Sheet1	JL043205201400067	SAMN26764531	AMP	>	64	R	
Table_3.XLSX	Sheet1	JL043205201400067	SAMN26764531	CAZ	=	16	R	mic_sign '=' inferred
Table_3.XLSX	Sheet1	JL043205201400067	SAMN26764531	AMS	>	64/32	R	
Table_3.XLSX	Sheet1	JL043205201400067	SAMN26764531	CFX	=	4	S	mic_sign '=' inferred
Table_3.XLSX	Sheet1	JL043205201400067	SAMN26764531	CTX	=	0.5	S	mic_sign '=' inferred
Table_3.XLSX	Sheet1	JL043205201400067	SAMN26764531	CFZ	=	4	I	mic_sign '=' inferred
Table_3.XLSX	Sheet1	JL043205201400067	SAMN26764531	IMP	<	0.25	S	
Table_3.XLSX	Sheet1	JL043205201400067	SAMN26764531	TET	>	32	R	
Table_3.XLSX	Sheet1	JL043205201400067	SAMN26764531	NAL	>	64	R	
Table_3.XLSX	Sheet1	JL043205201400067	SAMN26764531	CIP	=	0.25	I	mic_sign '=' inferred
Table_3.XLSX	Sheet1	JL043205201400067	SAMN26764531	AZM	<	4	S	
Table_3.XLSX	Sheet1	JL043205201400067	SAMN26764531	CHL	=	4	S	mic_sign '=' inferred
Table_3.XLSX	Sheet1	JL043205201400067	SAMN26764531	GEN	<	1	S	
Table_3.XLSX	Sheet1	JL043205201400067	SAMN26764531	SXT	<	0.25/4.75	S	
Table_3.XLSX	Sheet1	JL043204201600055	SAMN26764532	AMP	>	64	R	
Table_3.XLSX	Sheet1	JL043204201600055	SAMN26764532	CAZ	<	1	S	
Table_3.XLSX	Sheet1	JL043204201600055	SAMN26764532	AMS	=	32/16	R	mic_sign '=' inferred
Table_3.XLSX	Sheet1	JL043204201600055	SAMN26764532	CFX	=	4	S	mic_sign '=' inferred
Table_3.XLSX	Sheet1	JL043204201600055	SAMN26764532	CTX	<	0.25	S	
Table_3.XLSX	Sheet1	JL043204201600055	SAMN26764532	CFZ	=	4	I	mic_sign '=' inferred
Table_3.XLSX	Sheet1	JL043204201600055	SAMN26764532	IMP	<	0.25	S	
Table_3.XLSX	Sheet1	JL043204201600055	SAMN26764532	TET	>	32	R	
Table_3.XLSX	Sheet1	JL043204201600055	SAMN26764532	NAL	>	64	R	
Table_3.XLSX	Sheet1	JL043204201600055	SAMN26764532	CIP	<	0.03	S	
Table_3.XLSX	Sheet1	JL043204201600055	SAMN26764532	AZM	<	4	S	
Table_3.XLSX	Sheet1	JL043204201600055	SAMN26764532	CHL	=	8	S	mic_sign '=' inferred
Table_3.XLSX	Sheet1	JL043204201600055	SAMN26764532	GEN	<	1	S	
Table_3.XLSX	Sheet1	JL043204201600055	SAMN26764532	SXT	<	0.25/4.75	S	
Table_3.XLSX	Sheet1	JL043204201600040	SAMN26764533	AMP	>	64	R	
Table_3.XLSX	Sheet1	JL043204201600040	SAMN26764533	CAZ	<	1	S	
Table_3.XLSX	Sheet1	JL043204201600040	SAMN26764533	AMS	=	16/8	I	mic_sign '=' inferred
Table_3.XLSX	Sheet1	JL043204201600040	SAMN26764533	CFX	=	4	S	mic_sign '=' inferred
Table_3.XLSX	Sheet1	JL043204201600040	SAMN26764533	CTX	<	0.25	S	
Table_3.XLSX	Sheet1	JL043204201600040	SAMN26764533	CFZ	=	4	I	mic_sign '=' inferred
Table_3.XLSX	Sheet1	JL043204201600040	SAMN26764533	IMP	<	0.25	S	
Table_3.XLSX	Sheet1	JL043204201600040	SAMN26764533	TET	>	32	R	
Table_3.XLSX	Sheet1	JL043204201600040	SAMN26764533	NAL	>	64	R	
Table_3.XLSX	Sheet1	JL043204201600040	SAMN26764533	CIP	=	0.125	I	mic_sign '=' inferred
Table_3.XLSX	Sheet1	JL043204201600040	SAMN26764533	AZM	<	4	S	
Table_3.XLSX	Sheet1	JL043204201600040	SAMN26764533	CHL	=	4	S	mic_sign '=' inferred
Table_3.XLSX	Sheet1	JL043204201600040	SAMN26764533	GEN	<	1	S	
Table_3.XLSX	Sheet1	JL043204201600040	SAMN26764533	SXT	<	0.25/4.75	S	
Table_3.XLSX	Sheet1	JL043204201500149	SAMN26764534	AMP	>	64	R	
Table_3.XLSX	Sheet1	JL043204201500149	SAMN26764534	CAZ	<	1	S	
Table_3.XLSX	Sheet1	JL043204201500149	SAMN26764534	AMS	=	16/8	I	mic_sign '=' inferred
Table_3.XLSX	Sheet1	JL043204201500149	SAMN26764534	CFX	<	2	S	
Table_3.XLSX	Sheet1	JL043204201500149	SAMN26764534	CTX	<	0.25	S	
Table_3.XLSX	Sheet1	JL043204201500149	SAMN26764534	CFZ	=	4	I	mic_sign '=' inferred
Table_3.XLSX	Sheet1	JL043204201500149	SAMN26764534	IMP	<	0.25	S	
Table_3.XLSX	Sheet1	JL043204201500149	SAMN26764534	TET	=	8	I	mic_sign '=' inferred
Table_3.XLSX	Sheet1	JL043204201500149	SAMN26764534	NAL	>	64	R	
Table_3.XLSX	Sheet1	JL043204201500149	SAMN26764534	CIP	<	0.03	S	
Table_3.XLSX	Sheet1	JL043204201500149	SAMN26764534	AZM	<	4	S	
Table_3.XLSX	Sheet1	JL043204201500149	SAMN26764534	CHL	=	4	S	mic_sign '=' inferred
Table_3.XLSX	Sheet1	JL043204201500149	SAMN26764534	GEN	<	1	S	
Table_3.XLSX	Sheet1	JL043204201500149	SAMN26764534	SXT	<	0.25/4.75	S	
Table_3.XLSX	Sheet1	JL043204201500117	SAMN26764535	AMP	>	64	R	
Table_3.XLSX	Sheet1	JL043204201500117	SAMN26764535	CAZ	<	1	S	
Table_3.XLSX	Sheet1	JL043204201500117	SAMN26764535	AMS	=	16/8	I	mic_sign '=' inferred
Table_3.XLSX	Sheet1	JL043204201500117	SAMN26764535	CFX	<	2	S	
Table_3.XLSX	Sheet1	JL043204201500117	SAMN26764535	CTX	<	0.25	S	
Table_3.XLSX	Sheet1	JL043204201500117	SAMN26764535	CFZ	=	2	S	mic_sign '=' inferred
Table_3.XLSX	Sheet1	JL043204201500117	SAMN26764535	IMP	<	0.25	S	
Table_3.XLSX	Sheet1	JL043204201500117	SAMN26764535	TET	>	32	R	
Table_3.XLSX	Sheet1	JL043204201500117	SAMN26764535	NAL	>	64	R	
Table_3.XLSX	Sheet1	JL043204201500117	SAMN26764535	CIP	<	0.03	S	
Table_3.XLSX	Sheet1	JL043204201500117	SAMN26764535	AZM	<	4	S	
Table_3.XLSX	Sheet1	JL043204201500117	SAMN26764535	CHL	=	4	S	mic_sign '=' inferred
Table_3.XLSX	Sheet1	JL043204201500117	SAMN26764535	GEN	<	1	S	
Table_3.XLSX	Sheet1	JL043204201500117	SAMN26764535	SXT	<	0.25/4.75	S	
Table_3.XLSX	Sheet1	JL043204201500063	SAMN26764536	AMP	>	64	R	
Table_3.XLSX	Sheet1	JL043204201500063	SAMN26764536	CAZ	=	2	S	mic_sign '=' inferred
Table_3.XLSX	Sheet1	JL043204201500063	SAMN26764536	AMS	=	32/16	R	mic_sign '=' inferred
Table_3.XLSX	Sheet1	JL043204201500063	SAMN26764536	CFX	<	2	S	
Table_3.XLSX	Sheet1	JL043204201500063	SAMN26764536	CTX	=	0.5	S	mic_sign '=' inferred
Table_3.XLSX	Sheet1	JL043204201500063	SAMN26764536	CFZ	=	8	R	mic_sign '=' inferred
Table_3.XLSX	Sheet1	JL043204201500063	SAMN26764536	IMP	<	0.25	S	
Table_3.XLSX	Sheet1	JL043204201500063	SAMN26764536	TET	=	8	I	mic_sign '=' inferred
Table_3.XLSX	Sheet1	JL043204201500063	SAMN26764536	NAL	<	2	S	
Table_3.XLSX	Sheet1	JL043204201500063	SAMN26764536	CIP	=	0.25	I	mic_sign '=' inferred
Table_3.XLSX	Sheet1	JL043204201500063	SAMN26764536	AZM	<	4	S	
Table_3.XLSX	Sheet1	JL043204201500063	SAMN26764536	CHL	>	64	R	
Table_3.XLSX	Sheet1	JL043204201500063	SAMN26764536	GEN	<	1	S	
Table_3.XLSX	Sheet1	JL043204201500063	SAMN26764536	SXT	>	8/152	R	
Table_3.XLSX	Sheet1	JL043204201500058	SAMN26764537	AMP	>	64	R	
Table_3.XLSX	Sheet1	JL043204201500058	SAMN26764537	CAZ	<	1	S	
Table_3.XLSX	Sheet1	JL043204201500058	SAMN26764537	AMS	=	32/16	R	mic_sign '=' inferred
Table_3.XLSX	Sheet1	JL043204201500058	SAMN26764537	CFX	=	4	S	mic_sign '=' inferred
Table_3.XLSX	Sheet1	JL043204201500058	SAMN26764537	CTX	=	0.5	S	mic_sign '=' inferred
Table_3.XLSX	Sheet1	JL043204201500058	SAMN26764537	CFZ	=	16	R	mic_sign '=' inferred
Table_3.XLSX	Sheet1	JL043204201500058	SAMN26764537	IMP	<	0.25	S	
Table_3.XLSX	Sheet1	JL043204201500058	SAMN26764537	TET	>	32	R	
Table_3.XLSX	Sheet1	JL043204201500058	SAMN26764537	NAL	>	64	R	
Table_3.XLSX	Sheet1	JL043204201500058	SAMN26764537	CIP	=	0.25	I	mic_sign '=' inferred
Table_3.XLSX	Sheet1	JL043204201500058	SAMN26764537	AZM	<	4	S	
Table_3.XLSX	Sheet1	JL043204201500058	SAMN26764537	CHL	=	4	S	mic_sign '=' inferred
Table_3.XLSX	Sheet1	JL043204201500058	SAMN26764537	GEN	<	1	S	
Table_3.XLSX	Sheet1	JL043204201500058	SAMN26764537	SXT	>	8/152	R	
Table_3.XLSX	Sheet1	JL043204201500057	SAMN26764538	AMP	>	64	R	
Table_3.XLSX	Sheet1	JL043204201500057	SAMN26764538	CAZ	<	1	S	
Table_3.XLSX	Sheet1	JL043204201500057	SAMN26764538	AMS	=	32/16	R	mic_sign '=' inferred
Table_3.XLSX	Sheet1	JL043204201500057	SAMN26764538	CFX	=	4	S	mic_sign '=' inferred
Table_3.XLSX	Sheet1	JL043204201500057	SAMN26764538	CTX	>	8	R	
Table_3.XLSX	Sheet1	JL043204201500057	SAMN26764538	CFZ	>	16	R	
Table_3.XLSX	Sheet1	JL043204201500057	SAMN26764538	IMP	<	0.25	S	
Table_3.XLSX	Sheet1	JL043204201500057	SAMN26764538	TET	=	16	R	mic_sign '=' inferred
Table_3.XLSX	Sheet1	JL043204201500057	SAMN26764538	NAL	>	64	R	
Table_3.XLSX	Sheet1	JL043204201500057	SAMN26764538	CIP	=	1	R	mic_sign '=' inferred
Table_3.XLSX	Sheet1	JL043204201500057	SAMN26764538	AZM	=	64	R	mic_sign '=' inferred
Table_3.XLSX	Sheet1	JL043204201500057	SAMN26764538	CHL	>	64	R	
Table_3.XLSX	Sheet1	JL043204201500057	SAMN26764538	GEN	=	32	R	mic_sign '=' inferred
Table_3.XLSX	Sheet1	JL043204201500057	SAMN26764538	SXT	>	8/152	R	
Table_3.XLSX	Sheet1	JL043204201500048	SAMN26764539	AMP	<	2	S	
Table_3.XLSX	Sheet1	JL043204201500048	SAMN26764539	CAZ	<	1	S	
Table_3.XLSX	Sheet1	JL043204201500048	SAMN26764539	AMS	<	2/1	S	
Table_3.XLSX	Sheet1	JL043204201500048	SAMN26764539	CFX	<	2	S	
Table_3.XLSX	Sheet1	JL043204201500048	SAMN26764539	CTX	<	0.25	S	
Table_3.XLSX	Sheet1	JL043204201500048	SAMN26764539	CFZ	=	4	I	mic_sign '=' inferred
Table_3.XLSX	Sheet1	JL043204201500048	SAMN26764539	IMP	<	0.25	S	
Table_3.XLSX	Sheet1	JL043204201500048	SAMN26764539	TET	<	1	S	
Table_3.XLSX	Sheet1	JL043204201500048	SAMN26764539	NAL	>	64	R	
Table_3.XLSX	Sheet1	JL043204201500048	SAMN26764539	CIP	<	0.03	S	
Table_3.XLSX	Sheet1	JL043204201500048	SAMN26764539	AZM	<	4	S	
Table_3.XLSX	Sheet1	JL043204201500048	SAMN26764539	CHL	=	8	S	mic_sign '=' inferred
Table_3.XLSX	Sheet1	JL043204201500048	SAMN26764539	GEN	<	1	S	
Table_3.XLSX	Sheet1	JL043204201500048	SAMN26764539	SXT	<	0.25/4.75	S	
Table_3.XLSX	Sheet1	JL043204201400192	SAMN26764540	AMP	>	64	R	
Table_3.XLSX	Sheet1	JL043204201400192	SAMN26764540	CAZ	<	1	S	
Table_3.XLSX	Sheet1	JL043204201400192	SAMN26764540	AMS	=	16/8	I	mic_sign '=' inferred
Table_3.XLSX	Sheet1	JL043204201400192	SAMN26764540	CFX	<	2	S	
Table_3.XLSX	Sheet1	JL043204201400192	SAMN26764540	CTX	<	0.25	S	
Table_3.XLSX	Sheet1	JL043204201400192	SAMN26764540	CFZ	=	8	R	mic_sign '=' inferred
Table_3.XLSX	Sheet1	JL043204201400192	SAMN26764540	IMP	<	0.25	S	
Table_3.XLSX	Sheet1	JL043204201400192	SAMN26764540	TET	=	16	R	mic_sign '=' inferred
Table_3.XLSX	Sheet1	JL043204201400192	SAMN26764540	NAL	>	64	R	
Table_3.XLSX	Sheet1	JL043204201400192	SAMN26764540	CIP	=	0.125	I	mic_sign '=' inferred
Table_3.XLSX	Sheet1	JL043204201400192	SAMN26764540	AZM	<	4	S	
Table_3.XLSX	Sheet1	JL043204201400192	SAMN26764540	CHL	=	4	S	mic_sign '=' inferred
Table_3.XLSX	Sheet1	JL043204201400192	SAMN26764540	GEN	<	1	S	
Table_3.XLSX	Sheet1	JL043204201400192	SAMN26764540	SXT	<	0.25/4.75	S	
Table_3.XLSX	Sheet1	JL043204201400182	SAMN26764541	AMP	<	2	S	
Table_3.XLSX	Sheet1	JL043204201400182	SAMN26764541	CAZ	<	1	S	
Table_3.XLSX	Sheet1	JL043204201400182	SAMN26764541	AMS	<	2/1	S	
Table_3.XLSX	Sheet1	JL043204201400182	SAMN26764541	CFX	=	4	S	mic_sign '=' inferred
Table_3.XLSX	Sheet1	JL043204201400182	SAMN26764541	CTX	<	0.25	S	
Table_3.XLSX	Sheet1	JL043204201400182	SAMN26764541	CFZ	=	2	S	mic_sign '=' inferred
Table_3.XLSX	Sheet1	JL043204201400182	SAMN26764541	IMP	<	0.25	S	
Table_3.XLSX	Sheet1	JL043204201400182	SAMN26764541	TET	<	1	S	
Table_3.XLSX	Sheet1	JL043204201400182	SAMN26764541	NAL	>	64	R	
Table_3.XLSX	Sheet1	JL043204201400182	SAMN26764541	CIP	=	0.125	I	mic_sign '=' inferred
Table_3.XLSX	Sheet1	JL043204201400182	SAMN26764541	AZM	<	4	S	
Table_3.XLSX	Sheet1	JL043204201400182	SAMN26764541	CHL	=	8	S	mic_sign '=' inferred
Table_3.XLSX	Sheet1	JL043204201400182	SAMN26764541	GEN	<	1	S	
Table_3.XLSX	Sheet1	JL043204201400182	SAMN26764541	SXT	<	0.25/4.75	S	
Table_3.XLSX	Sheet1	JL043204201400179	SAMN26764542	AMP	>	64	R	
Table_3.XLSX	Sheet1	JL043204201400179	SAMN26764542	CAZ	<	1	S	
Table_3.XLSX	Sheet1	JL043204201400179	SAMN26764542	AMS	=	16/8	I	mic_sign '=' inferred
Table_3.XLSX	Sheet1	JL043204201400179	SAMN26764542	CFX	<	2	S	
Table_3.XLSX	Sheet1	JL043204201400179	SAMN26764542	CTX	<	0.25	S	
Table_3.XLSX	Sheet1	JL043204201400179	SAMN26764542	CFZ	=	2	S	mic_sign '=' inferred
Table_3.XLSX	Sheet1	JL043204201400179	SAMN26764542	IMP	<	0.25	S	
Table_3.XLSX	Sheet1	JL043204201400179	SAMN26764542	TET	>	32	R	
Table_3.XLSX	Sheet1	JL043204201400179	SAMN26764542	NAL	>	64	R	
Table_3.XLSX	Sheet1	JL043204201400179	SAMN26764542	CIP	<	0.03	S	
Table_3.XLSX	Sheet1	JL043204201400179	SAMN26764542	AZM	<	4	S	
Table_3.XLSX	Sheet1	JL043204201400179	SAMN26764542	CHL	=	8	S	mic_sign '=' inferred
Table_3.XLSX	Sheet1	JL043204201400179	SAMN26764542	GEN	<	1	S	
Table_3.XLSX	Sheet1	JL043204201400179	SAMN26764542	SXT	<	0.25/4.75	S	
Table_3.XLSX	Sheet1	JL043204201400177	SAMN26764543	AMP	>	64	R	
Table_3.XLSX	Sheet1	JL043204201400177	SAMN26764543	CAZ	<	1	S	
Table_3.XLSX	Sheet1	JL043204201400177	SAMN26764543	AMS	>	64/32	R	
Table_3.XLSX	Sheet1	JL043204201400177	SAMN26764543	CFX	<	2	S	
Table_3.XLSX	Sheet1	JL043204201400177	SAMN26764543	CTX	=	0.5	S	mic_sign '=' inferred
Table_3.XLSX	Sheet1	JL043204201400177	SAMN26764543	CFZ	=	4	I	mic_sign '=' inferred
Table_3.XLSX	Sheet1	JL043204201400177	SAMN26764543	IMP	<	0.25	S	
Table_3.XLSX	Sheet1	JL043204201400177	SAMN26764543	TET	>	32	R	
Table_3.XLSX	Sheet1	JL043204201400177	SAMN26764543	NAL	>	64	R	
Table_3.XLSX	Sheet1	JL043204201400177	SAMN26764543	CIP	=	0.25	I	mic_sign '=' inferred
Table_3.XLSX	Sheet1	JL043204201400177	SAMN26764543	AZM	<	4	S	
Table_3.XLSX	Sheet1	JL043204201400177	SAMN26764543	CHL	=	4	S	mic_sign '=' inferred
Table_3.XLSX	Sheet1	JL043204201400177	SAMN26764543	GEN	<	1	S	
Table_3.XLSX	Sheet1	JL043204201400177	SAMN26764543	SXT	<	0.25/4.75	S	
Table_3.XLSX	Sheet1	JL043204201400167	SAMN26764544	AMP	>	64	R	
Table_3.XLSX	Sheet1	JL043204201400167	SAMN26764544	CAZ	<	1	S	
Table_3.XLSX	Sheet1	JL043204201400167	SAMN26764544	AMS	=	16/8	I	mic_sign '=' inferred
Table_3.XLSX	Sheet1	JL043204201400167	SAMN26764544	CFX	<	2	S	
Table_3.XLSX	Sheet1	JL043204201400167	SAMN26764544	CTX	=	0.5	S	mic_sign '=' inferred
Table_3.XLSX	Sheet1	JL043204201400167	SAMN26764544	CFZ	=	8	R	mic_sign '=' inferred
Table_3.XLSX	Sheet1	JL043204201400167	SAMN26764544	IMP	<	0.25	S	
Table_3.XLSX	Sheet1	JL043204201400167	SAMN26764544	TET	>	32	R	
Table_3.XLSX	Sheet1	JL043204201400167	SAMN26764544	NAL	>	64	R	
Table_3.XLSX	Sheet1	JL043204201400167	SAMN26764544	CIP	=	0.25	I	mic_sign '=' inferred
Table_3.XLSX	Sheet1	JL043204201400167	SAMN26764544	AZM	<	4	S	
Table_3.XLSX	Sheet1	JL043204201400167	SAMN26764544	CHL	=	4	S	mic_sign '=' inferred
Table_3.XLSX	Sheet1	JL043204201400167	SAMN26764544	GEN	<	1	S	
Table_3.XLSX	Sheet1	JL043204201400167	SAMN26764544	SXT	<	0.25/4.75	S	
Table_3.XLSX	Sheet1	JL043204201400157	SAMN26764545	AMP	>	64	R	
Table_3.XLSX	Sheet1	JL043204201400157	SAMN26764545	CAZ	=	2	S	mic_sign '=' inferred
Table_3.XLSX	Sheet1	JL043204201400157	SAMN26764545	AMS	=	16/8	I	mic_sign '=' inferred
Table_3.XLSX	Sheet1	JL043204201400157	SAMN26764545	CFX	<	2	S	
Table_3.XLSX	Sheet1	JL043204201400157	SAMN26764545	CTX	<	0.25	S	
Table_3.XLSX	Sheet1	JL043204201400157	SAMN26764545	CFZ	=	4	I	mic_sign '=' inferred
Table_3.XLSX	Sheet1	JL043204201400157	SAMN26764545	IMP	<	0.25	S	
Table_3.XLSX	Sheet1	JL043204201400157	SAMN26764545	TET	>	32	R	
Table_3.XLSX	Sheet1	JL043204201400157	SAMN26764545	NAL	=	16	S	mic_sign '=' inferred
Table_3.XLSX	Sheet1	JL043204201400157	SAMN26764545	CIP	=	0.25	I	mic_sign '=' inferred
Table_3.XLSX	Sheet1	JL043204201400157	SAMN26764545	AZM	<	4	S	
Table_3.XLSX	Sheet1	JL043204201400157	SAMN26764545	CHL	=	4	S	mic_sign '=' inferred
Table_3.XLSX	Sheet1	JL043204201400157	SAMN26764545	GEN	<	1	S	
Table_3.XLSX	Sheet1	JL043204201400157	SAMN26764545	SXT	<	0.25/4.75	S	
Table_3.XLSX	Sheet1	JL043204201400095	SAMN26764546	AMP	>	64	R	
Table_3.XLSX	Sheet1	JL043204201400095	SAMN26764546	CAZ	<	1	S	
Table_3.XLSX	Sheet1	JL043204201400095	SAMN26764546	AMS	=	32/16	R	mic_sign '=' inferred
Table_3.XLSX	Sheet1	JL043204201400095	SAMN26764546	CFX	<	2	S	
Table_3.XLSX	Sheet1	JL043204201400095	SAMN26764546	CTX	<	0.25	S	
Table_3.XLSX	Sheet1	JL043204201400095	SAMN26764546	CFZ	=	2	S	mic_sign '=' inferred
Table_3.XLSX	Sheet1	JL043204201400095	SAMN26764546	IMP	<	0.25	S	
Table_3.XLSX	Sheet1	JL043204201400095	SAMN26764546	TET	>	32	R	
Table_3.XLSX	Sheet1	JL043204201400095	SAMN26764546	NAL	<	2	S	
Table_3.XLSX	Sheet1	JL043204201400095	SAMN26764546	CIP	=	0.125	I	mic_sign '=' inferred
Table_3.XLSX	Sheet1	JL043204201400095	SAMN26764546	AZM	<	4	S	
Table_3.XLSX	Sheet1	JL043204201400095	SAMN26764546	CHL	=	4	S	mic_sign '=' inferred
Table_3.XLSX	Sheet1	JL043204201400095	SAMN26764546	GEN	<	1	S	
Table_3.XLSX	Sheet1	JL043204201400095	SAMN26764546	SXT	<	0.25/4.75	S	
Table_3.XLSX	Sheet1	JL04320420140093	SAMN26764547	AMP	>	64	R	
Table_3.XLSX	Sheet1	JL04320420140093	SAMN26764547	CAZ	<	1	S	
Table_3.XLSX	Sheet1	JL04320420140093	SAMN26764547	AMS	=	32/16	R	mic_sign '=' inferred
Table_3.XLSX	Sheet1	JL04320420140093	SAMN26764547	CFX	<	2	S	
Table_3.XLSX	Sheet1	JL04320420140093	SAMN26764547	CTX	<	0.25	S	
Table_3.XLSX	Sheet1	JL04320420140093	SAMN26764547	CFZ	=	8	R	mic_sign '=' inferred
Table_3.XLSX	Sheet1	JL04320420140093	SAMN26764547	IMP	<	0.25	S	
Table_3.XLSX	Sheet1	JL04320420140093	SAMN26764547	TET	=	4	S	mic_sign '=' inferred
Table_3.XLSX	Sheet1	JL04320420140093	SAMN26764547	NAL	>	64	R	
Table_3.XLSX	Sheet1	JL04320420140093	SAMN26764547	CIP	=	0.5	I	mic_sign '=' inferred
Table_3.XLSX	Sheet1	JL04320420140093	SAMN26764547	AZM	<	4	S	
Table_3.XLSX	Sheet1	JL04320420140093	SAMN26764547	CHL	>	64	R	
Table_3.XLSX	Sheet1	JL04320420140093	SAMN26764547	GEN	<	1	S	
Table_3.XLSX	Sheet1	JL04320420140093	SAMN26764547	SXT	>	8/152	R	
Table_3.XLSX	Sheet1	JL043204201400088	SAMN26764548	AMP	>	64	R	
Table_3.XLSX	Sheet1	JL043204201400088	SAMN26764548	CAZ	<	1	S	
Table_3.XLSX	Sheet1	JL043204201400088	SAMN26764548	AMS	=	32/16	R	mic_sign '=' inferred
Table_3.XLSX	Sheet1	JL043204201400088	SAMN26764548	CFX	<	2	S	
Table_3.XLSX	Sheet1	JL043204201400088	SAMN26764548	CTX	<	0.25	S	
Table_3.XLSX	Sheet1	JL043204201400088	SAMN26764548	CFZ	=	8	R	mic_sign '=' inferred
Table_3.XLSX	Sheet1	JL043204201400088	SAMN26764548	IMP	<	0.25	S	
Table_3.XLSX	Sheet1	JL043204201400088	SAMN26764548	TET	>	32	R	
Table_3.XLSX	Sheet1	JL043204201400088	SAMN26764548	NAL	=	32	R	mic_sign '=' inferred
Table_3.XLSX	Sheet1	JL043204201400088	SAMN26764548	CIP	=	0.25	I	mic_sign '=' inferred
Table_3.XLSX	Sheet1	JL043204201400088	SAMN26764548	AZM	<	4	S	
Table_3.XLSX	Sheet1	JL043204201400088	SAMN26764548	CHL	=	4	S	mic_sign '=' inferred
Table_3.XLSX	Sheet1	JL043204201400088	SAMN26764548	GEN	<	1	S	
Table_3.XLSX	Sheet1	JL043204201400088	SAMN26764548	SXT	<	0.25/4.75	S	
Table_3.XLSX	Sheet1	JL043204201400078	SAMN26764549	AMP	>	64	R	
Table_3.XLSX	Sheet1	JL043204201400078	SAMN26764549	CAZ	<	1	S	
Table_3.XLSX	Sheet1	JL043204201400078	SAMN26764549	AMS	=	32/16	R	mic_sign '=' inferred
Table_3.XLSX	Sheet1	JL043204201400078	SAMN26764549	CFX	<	2	S	
Table_3.XLSX	Sheet1	JL043204201400078	SAMN26764549	CTX	<	0.25	S	
Table_3.XLSX	Sheet1	JL043204201400078	SAMN26764549	CFZ	=	2	S	mic_sign '=' inferred
Table_3.XLSX	Sheet1	JL043204201400078	SAMN26764549	IMP	<	0.25	S	
Table_3.XLSX	Sheet1	JL043204201400078	SAMN26764549	TET	<	1	S	
Table_3.XLSX	Sheet1	JL043204201400078	SAMN26764549	NAL	>	64	R	
Table_3.XLSX	Sheet1	JL043204201400078	SAMN26764549	CIP	=	0.125	I	mic_sign '=' inferred
Table_3.XLSX	Sheet1	JL043204201400078	SAMN26764549	AZM	<	4	S	
Table_3.XLSX	Sheet1	JL043204201400078	SAMN26764549	CHL	=	8	S	mic_sign '=' inferred
Table_3.XLSX	Sheet1	JL043204201400078	SAMN26764549	GEN	<	1	S	
Table_3.XLSX	Sheet1	JL043204201400078	SAMN26764549	SXT	<	0.25/4.75	S	
Table_3.XLSX	Sheet1	JL043204201400046	SAMN26764550	AMP	>	64	R	
Table_3.XLSX	Sheet1	JL043204201400046	SAMN26764550	CAZ	<	1	S	
Table_3.XLSX	Sheet1	JL043204201400046	SAMN26764550	AMS	=	32/16	R	mic_sign '=' inferred
Table_3.XLSX	Sheet1	JL043204201400046	SAMN26764550	CFX	=	4	S	mic_sign '=' inferred
Table_3.XLSX	Sheet1	JL043204201400046	SAMN26764550	CTX	<	0.25	S	
Table_3.XLSX	Sheet1	JL043204201400046	SAMN26764550	CFZ	=	2	S	mic_sign '=' inferred
Table_3.XLSX	Sheet1	JL043204201400046	SAMN26764550	IMP	<	0.25	S	
Table_3.XLSX	Sheet1	JL043204201400046	SAMN26764550	TET	<	1	S	
Table_3.XLSX	Sheet1	JL043204201400046	SAMN26764550	NAL	>	64	R	
Table_3.XLSX	Sheet1	JL043204201400046	SAMN26764550	CIP	<	0.25	I	
Table_3.XLSX	Sheet1	JL043204201400046	SAMN26764550	AZM	<	4	S	
Table_3.XLSX	Sheet1	JL043204201400046	SAMN26764550	CHL	=	8	S	mic_sign '=' inferred
Table_3.XLSX	Sheet1	JL043204201400046	SAMN26764550	GEN	<	1	S	
Table_3.XLSX	Sheet1	JL043204201400046	SAMN26764550	SXT	<	0.25/4.75	S	
Table_3.XLSX	Sheet1	JL043103201900189	SAMN26764551	AMP	>	64	R	
Table_3.XLSX	Sheet1	JL043103201900189	SAMN26764551	CAZ	=	2	S	mic_sign '=' inferred
Table_3.XLSX	Sheet1	JL043103201900189	SAMN26764551	AMS	=	16/8	I	mic_sign '=' inferred
Table_3.XLSX	Sheet1	JL043103201900189	SAMN26764551	CFX	=	8	S	mic_sign '=' inferred
Table_3.XLSX	Sheet1	JL043103201900189	SAMN26764551	CTX	<	0.25	S	
Table_3.XLSX	Sheet1	JL043103201900189	SAMN26764551	CFZ	=	2	S	mic_sign '=' inferred
Table_3.XLSX	Sheet1	JL043103201900189	SAMN26764551	IMP	<	0.25	S	
Table_3.XLSX	Sheet1	JL043103201900189	SAMN26764551	TET	>	32	R	
Table_3.XLSX	Sheet1	JL043103201900189	SAMN26764551	NAL	>	64	R	
Table_3.XLSX	Sheet1	JL043103201900189	SAMN26764551	CIP	=	0.25	I	mic_sign '=' inferred
Table_3.XLSX	Sheet1	JL043103201900189	SAMN26764551	AZM	<	4	S	
Table_3.XLSX	Sheet1	JL043103201900189	SAMN26764551	CHL	=	8	S	mic_sign '=' inferred
Table_3.XLSX	Sheet1	JL043103201900189	SAMN26764551	GEN	<	1	S	
Table_3.XLSX	Sheet1	JL043103201900189	SAMN26764551	SXT	=	1/19	S	mic_sign '=' inferred
Table_3.XLSX	Sheet1	JL043103201800163	SAMN26764552	AMP	>	64	R	
Table_3.XLSX	Sheet1	JL043103201800163	SAMN26764552	CAZ	<	1	S	
Table_3.XLSX	Sheet1	JL043103201800163	SAMN26764552	AMS	=	32/16	R	mic_sign '=' inferred
Table_3.XLSX	Sheet1	JL043103201800163	SAMN26764552	CFX	<	2	S	
Table_3.XLSX	Sheet1	JL043103201800163	SAMN26764552	CTX	<	0.25	S	
Table_3.XLSX	Sheet1	JL043103201800163	SAMN26764552	CFZ	=	1	S	mic_sign '=' inferred
Table_3.XLSX	Sheet1	JL043103201800163	SAMN26764552	IMP	<	0.25	S	
Table_3.XLSX	Sheet1	JL043103201800163	SAMN26764552	TET	>	32	R	
Table_3.XLSX	Sheet1	JL043103201800163	SAMN26764552	NAL	>	64	R	
Table_3.XLSX	Sheet1	JL043103201800163	SAMN26764552	CIP	=	0.125	I	mic_sign '=' inferred
Table_3.XLSX	Sheet1	JL043103201800163	SAMN26764552	AZM	<	4	S	
Table_3.XLSX	Sheet1	JL043103201800163	SAMN26764552	CHL	=	8	S	mic_sign '=' inferred
Table_3.XLSX	Sheet1	JL043103201800163	SAMN26764552	GEN	<	1	S	
Table_3.XLSX	Sheet1	JL043103201800163	SAMN26764552	SXT	<	0.25/4.75	S	
Table_3.XLSX	Sheet1	JL043102201900162	SAMN26764553	AMP	>	64	R	
Table_3.XLSX	Sheet1	JL043102201900162	SAMN26764553	CAZ	<	1	S	
Table_3.XLSX	Sheet1	JL043102201900162	SAMN26764553	AMS	=	16/8	I	mic_sign '=' inferred
Table_3.XLSX	Sheet1	JL043102201900162	SAMN26764553	CFX	=	8	S	mic_sign '=' inferred
Table_3.XLSX	Sheet1	JL043102201900162	SAMN26764553	CTX	=	0.5	S	mic_sign '=' inferred
Table_3.XLSX	Sheet1	JL043102201900162	SAMN26764553	CFZ	=	4	I	mic_sign '=' inferred
Table_3.XLSX	Sheet1	JL043102201900162	SAMN26764553	IMP	=	1	S	mic_sign '=' inferred
Table_3.XLSX	Sheet1	JL043102201900162	SAMN26764553	TET	=	8	I	mic_sign '=' inferred
Table_3.XLSX	Sheet1	JL043102201900162	SAMN26764553	NAL	=	8	S	mic_sign '=' inferred
Table_3.XLSX	Sheet1	JL043102201900162	SAMN26764553	CIP	<	0.03	S	
Table_3.XLSX	Sheet1	JL043102201900162	SAMN26764553	AZM	<	4	S	
Table_3.XLSX	Sheet1	JL043102201900162	SAMN26764553	CHL	=	8	S	mic_sign '=' inferred
Table_3.XLSX	Sheet1	JL043102201900162	SAMN26764553	GEN	<	1	S	
Table_3.XLSX	Sheet1	JL043102201900162	SAMN26764553	SXT	<	0.25/4.75	S	
Table_3.XLSX	Sheet1	JL043102201900123	SAMN26764554	AMP	>	64	R	
Table_3.XLSX	Sheet1	JL043102201900123	SAMN26764554	CAZ	<	1	S	
Table_3.XLSX	Sheet1	JL043102201900123	SAMN26764554	AMS	=	16/8	I	mic_sign '=' inferred
Table_3.XLSX	Sheet1	JL043102201900123	SAMN26764554	CFX	<	2	S	
Table_3.XLSX	Sheet1	JL043102201900123	SAMN26764554	CTX	<	0.25	S	
Table_3.XLSX	Sheet1	JL043102201900123	SAMN26764554	CFZ	=	2	S	mic_sign '=' inferred
Table_3.XLSX	Sheet1	JL043102201900123	SAMN26764554	IMP	<	0.25	S	
Table_3.XLSX	Sheet1	JL043102201900123	SAMN26764554	TET	=	16	R	mic_sign '=' inferred
Table_3.XLSX	Sheet1	JL043102201900123	SAMN26764554	NAL	>	64	R	
Table_3.XLSX	Sheet1	JL043102201900123	SAMN26764554	CIP	=	0.06	S	mic_sign '=' inferred
Table_3.XLSX	Sheet1	JL043102201900123	SAMN26764554	AZM	<	4	S	
Table_3.XLSX	Sheet1	JL043102201900123	SAMN26764554	CHL	<	2	S	
Table_3.XLSX	Sheet1	JL043102201900123	SAMN26764554	GEN	<	1	S	
Table_3.XLSX	Sheet1	JL043102201900123	SAMN26764554	SXT	<	0.25/4.75	S	
Table_3.XLSX	Sheet1	JL043102201900038	SAMN26764555	AMP	>	64	R	
Table_3.XLSX	Sheet1	JL043102201900038	SAMN26764555	CAZ	<	1	S	
Table_3.XLSX	Sheet1	JL043102201900038	SAMN26764555	AMS	=	32/16	R	mic_sign '=' inferred
Table_3.XLSX	Sheet1	JL043102201900038	SAMN26764555	CFX	=	4	S	mic_sign '=' inferred
Table_3.XLSX	Sheet1	JL043102201900038	SAMN26764555	CTX	=	1	S	mic_sign '=' inferred
Table_3.XLSX	Sheet1	JL043102201900038	SAMN26764555	CFZ	=	8	R	mic_sign '=' inferred
Table_3.XLSX	Sheet1	JL043102201900038	SAMN26764555	IMP	<	0.25	S	
Table_3.XLSX	Sheet1	JL043102201900038	SAMN26764555	TET	>	32	R	
Table_3.XLSX	Sheet1	JL043102201900038	SAMN26764555	NAL	=	64	R	mic_sign '=' inferred
Table_3.XLSX	Sheet1	JL043102201900038	SAMN26764555	CIP	=	0.06	S	mic_sign '=' inferred
Table_3.XLSX	Sheet1	JL043102201900038	SAMN26764555	AZM	<	4	S	
Table_3.XLSX	Sheet1	JL043102201900038	SAMN26764555	CHL	=	4	S	mic_sign '=' inferred
Table_3.XLSX	Sheet1	JL043102201900038	SAMN26764555	GEN	=	2	S	mic_sign '=' inferred
Table_3.XLSX	Sheet1	JL043102201900038	SAMN26764555	SXT	<	0.25/4.75	S	
Table_3.XLSX	Sheet1	JL043102201800085	SAMN26764556	AMP	>	64	R	
Table_3.XLSX	Sheet1	JL043102201800085	SAMN26764556	CAZ	<	1	S	
Table_3.XLSX	Sheet1	JL043102201800085	SAMN26764556	AMS	=	32/16	R	mic_sign '=' inferred
Table_3.XLSX	Sheet1	JL043102201800085	SAMN26764556	CFX	<	2	S	
Table_3.XLSX	Sheet1	JL043102201800085	SAMN26764556	CTX	<	0.25	S	
Table_3.XLSX	Sheet1	JL043102201800085	SAMN26764556	CFZ	=	8	R	mic_sign '=' inferred
Table_3.XLSX	Sheet1	JL043102201800085	SAMN26764556	IMP	<	0.25	S	
Table_3.XLSX	Sheet1	JL043102201800085	SAMN26764556	TET	=	4	S	mic_sign '=' inferred
Table_3.XLSX	Sheet1	JL043102201800085	SAMN26764556	NAL	>	64	R	
Table_3.XLSX	Sheet1	JL043102201800085	SAMN26764556	CIP	=	0.25	I	mic_sign '=' inferred
Table_3.XLSX	Sheet1	JL043102201800085	SAMN26764556	AZM	<	4	S	
Table_3.XLSX	Sheet1	JL043102201800085	SAMN26764556	CHL	=	8	S	mic_sign '=' inferred
Table_3.XLSX	Sheet1	JL043102201800085	SAMN26764556	GEN	<	1	S	
Table_3.XLSX	Sheet1	JL043102201800085	SAMN26764556	SXT	<	0.25/4.75	S	
Table_3.XLSX	Sheet1	JL043102201700188	SAMN26764557	AMP	>	64	R	
Table_3.XLSX	Sheet1	JL043102201700188	SAMN26764557	CAZ	=	2	S	mic_sign '=' inferred
Table_3.XLSX	Sheet1	JL043102201700188	SAMN26764557	AMS	=	32/16	R	mic_sign '=' inferred
Table_3.XLSX	Sheet1	JL043102201700188	SAMN26764557	CFX	<	2	S	
Table_3.XLSX	Sheet1	JL043102201700188	SAMN26764557	CTX	<	0.25	S	
Table_3.XLSX	Sheet1	JL043102201700188	SAMN26764557	CFZ	=	1	S	mic_sign '=' inferred
Table_3.XLSX	Sheet1	JL043102201700188	SAMN26764557	IMP	<	0.25	S	
Table_3.XLSX	Sheet1	JL043102201700188	SAMN26764557	TET	=	8	I	mic_sign '=' inferred
Table_3.XLSX	Sheet1	JL043102201700188	SAMN26764557	NAL	>	64	R	
Table_3.XLSX	Sheet1	JL043102201700188	SAMN26764557	CIP	=	0.125	I	mic_sign '=' inferred
Table_3.XLSX	Sheet1	JL043102201700188	SAMN26764557	AZM	<	4	S	
Table_3.XLSX	Sheet1	JL043102201700188	SAMN26764557	CHL	<	2	S	
Table_3.XLSX	Sheet1	JL043102201700188	SAMN26764557	GEN	<	1	S	
Table_3.XLSX	Sheet1	JL043102201700188	SAMN26764557	SXT	<	0.25/4.75	S	
Table_3.XLSX	Sheet1	JL043102201500124	SAMN26764558	AMP	>	64	R	
Table_3.XLSX	Sheet1	JL043102201500124	SAMN26764558	CAZ	<	1	S	
Table_3.XLSX	Sheet1	JL043102201500124	SAMN26764558	AMS	=	32/16	R	mic_sign '=' inferred
Table_3.XLSX	Sheet1	JL043102201500124	SAMN26764558	CFX	<	2	S	
Table_3.XLSX	Sheet1	JL043102201500124	SAMN26764558	CTX	<	0.25	S	
Table_3.XLSX	Sheet1	JL043102201500124	SAMN26764558	CFZ	=	2	S	mic_sign '=' inferred
Table_3.XLSX	Sheet1	JL043102201500124	SAMN26764558	IMP	<	0.25	S	
Table_3.XLSX	Sheet1	JL043102201500124	SAMN26764558	TET	>	32	R	
Table_3.XLSX	Sheet1	JL043102201500124	SAMN26764558	NAL	>	64	R	
Table_3.XLSX	Sheet1	JL043102201500124	SAMN26764558	CIP	=	0.125	I	mic_sign '=' inferred
Table_3.XLSX	Sheet1	JL043102201500124	SAMN26764558	AZM	=	8	S	mic_sign '=' inferred
Table_3.XLSX	Sheet1	JL043102201500124	SAMN26764558	CHL	<	2	S	
Table_3.XLSX	Sheet1	JL043102201500124	SAMN26764558	GEN	<	1	S	
Table_3.XLSX	Sheet1	JL043102201500124	SAMN26764558	SXT	<	0.25/4.75	S	
Table_3.XLSX	Sheet1	JL043102201500117	SAMN26764559	AMP	>	64	R	
Table_3.XLSX	Sheet1	JL043102201500117	SAMN26764559	CAZ	=	4	S	mic_sign '=' inferred
Table_3.XLSX	Sheet1	JL043102201500117	SAMN26764559	AMS	=	16/8	I	mic_sign '=' inferred
Table_3.XLSX	Sheet1	JL043102201500117	SAMN26764559	CFX	<	2	S	
Table_3.XLSX	Sheet1	JL043102201500117	SAMN26764559	CTX	<	0.25	S	
Table_3.XLSX	Sheet1	JL043102201500117	SAMN26764559	CFZ	=	1	S	mic_sign '=' inferred
Table_3.XLSX	Sheet1	JL043102201500117	SAMN26764559	IMP	<	0.25	S	
Table_3.XLSX	Sheet1	JL043102201500117	SAMN26764559	TET	>	32	R	
Table_3.XLSX	Sheet1	JL043102201500117	SAMN26764559	NAL	>	64	R	
Table_3.XLSX	Sheet1	JL043102201500117	SAMN26764559	CIP	<	0.03	S	
Table_3.XLSX	Sheet1	JL043102201500117	SAMN26764559	AZM	>	64	R	
Table_3.XLSX	Sheet1	JL043102201500117	SAMN26764559	CHL	<	2	S	
Table_3.XLSX	Sheet1	JL043102201500117	SAMN26764559	GEN	<	1	S	
Table_3.XLSX	Sheet1	JL043102201500117	SAMN26764559	SXT	<	0.25/4.75	S	
Table_3.XLSX	Sheet1	JL04310220140190	SAMN26764560	AMP	>	64	R	
Table_3.XLSX	Sheet1	JL04310220140190	SAMN26764560	CAZ	=	2	S	mic_sign '=' inferred
Table_3.XLSX	Sheet1	JL04310220140190	SAMN26764560	AMS	=	32/16	R	mic_sign '=' inferred
Table_3.XLSX	Sheet1	JL04310220140190	SAMN26764560	CFX	=	4	S	mic_sign '=' inferred
Table_3.XLSX	Sheet1	JL04310220140190	SAMN26764560	CTX	<	0.25	S	
Table_3.XLSX	Sheet1	JL04310220140190	SAMN26764560	CFZ	=	8	R	mic_sign '=' inferred
Table_3.XLSX	Sheet1	JL04310220140190	SAMN26764560	IMP	<	0.25	S	
Table_3.XLSX	Sheet1	JL04310220140190	SAMN26764560	TET	>	32	R	
Table_3.XLSX	Sheet1	JL04310220140190	SAMN26764560	NAL	>	64	R	
Table_3.XLSX	Sheet1	JL04310220140190	SAMN26764560	CIP	<	0.25	I	
Table_3.XLSX	Sheet1	JL04310220140190	SAMN26764560	AZM	<	4	S	
Table_3.XLSX	Sheet1	JL04310220140190	SAMN26764560	CHL	=	16	I	mic_sign '=' inferred
Table_3.XLSX	Sheet1	JL04310220140190	SAMN26764560	GEN	<	1	S	
Table_3.XLSX	Sheet1	JL04310220140190	SAMN26764560	SXT	>	8/152	R	
Table_3.XLSX	Sheet1	JL043102201400180	SAMN26764561	AMP	=	4	S	mic_sign '=' inferred
Table_3.XLSX	Sheet1	JL043102201400180	SAMN26764561	CAZ	<	1	S	
Table_3.XLSX	Sheet1	JL043102201400180	SAMN26764561	AMS	=	4/2	S	mic_sign '=' inferred
Table_3.XLSX	Sheet1	JL043102201400180	SAMN26764561	CFX	<	2	S	
Table_3.XLSX	Sheet1	JL043102201400180	SAMN26764561	CTX	<	0.25	S	
Table_3.XLSX	Sheet1	JL043102201400180	SAMN26764561	CFZ	=	8	R	mic_sign '=' inferred
Table_3.XLSX	Sheet1	JL043102201400180	SAMN26764561	IMP	=	0.5	S	mic_sign '=' inferred
Table_3.XLSX	Sheet1	JL043102201400180	SAMN26764561	TET	>	32	R	
Table_3.XLSX	Sheet1	JL043102201400180	SAMN26764561	NAL	=	4	S	mic_sign '=' inferred
Table_3.XLSX	Sheet1	JL043102201400180	SAMN26764561	CIP	=	0.25	I	mic_sign '=' inferred
Table_3.XLSX	Sheet1	JL043102201400180	SAMN26764561	AZM	<	4	S	
Table_3.XLSX	Sheet1	JL043102201400180	SAMN26764561	CHL	=	4	S	mic_sign '=' inferred
Table_3.XLSX	Sheet1	JL043102201400180	SAMN26764561	GEN	<	1	S	
Table_3.XLSX	Sheet1	JL043102201400180	SAMN26764561	SXT	=	0.5/9.5	S	mic_sign '=' inferred
Table_3.XLSX	Sheet1	JL043102201400122	SAMN26764562	AMP	>	64	R	
Table_3.XLSX	Sheet1	JL043102201400122	SAMN26764562	CAZ	=	2	S	mic_sign '=' inferred
Table_3.XLSX	Sheet1	JL043102201400122	SAMN26764562	AMS	=	32/16	R	mic_sign '=' inferred
Table_3.XLSX	Sheet1	JL043102201400122	SAMN26764562	CFX	<	2	S	
Table_3.XLSX	Sheet1	JL043102201400122	SAMN26764562	CTX	<	0.25	S	
Table_3.XLSX	Sheet1	JL043102201400122	SAMN26764562	CFZ	=	4	I	mic_sign '=' inferred
Table_3.XLSX	Sheet1	JL043102201400122	SAMN26764562	IMP	<	0.25	S	
Table_3.XLSX	Sheet1	JL043102201400122	SAMN26764562	TET	=	16	R	mic_sign '=' inferred
Table_3.XLSX	Sheet1	JL043102201400122	SAMN26764562	NAL	>	64	R	
Table_3.XLSX	Sheet1	JL043102201400122	SAMN26764562	CIP	<	0.03	S	
Table_3.XLSX	Sheet1	JL043102201400122	SAMN26764562	AZM	<	4	S	
Table_3.XLSX	Sheet1	JL043102201400122	SAMN26764562	CHL	=	4	S	mic_sign '=' inferred
Table_3.XLSX	Sheet1	JL043102201400122	SAMN26764562	GEN	<	1	S	
Table_3.XLSX	Sheet1	JL043102201400122	SAMN26764562	SXT	<	0.25/4.75	S	
Table_3.XLSX	Sheet1	JL04310220140085	SAMN26764563	AMP	>	64	R	
Table_3.XLSX	Sheet1	JL04310220140085	SAMN26764563	CAZ	<	1	S	
Table_3.XLSX	Sheet1	JL04310220140085	SAMN26764563	AMS	=	32/16	R	mic_sign '=' inferred
Table_3.XLSX	Sheet1	JL04310220140085	SAMN26764563	CFX	<	2	S	
Table_3.XLSX	Sheet1	JL04310220140085	SAMN26764563	CTX	>	8	R	
Table_3.XLSX	Sheet1	JL04310220140085	SAMN26764563	CFZ	>	16	R	
Table_3.XLSX	Sheet1	JL04310220140085	SAMN26764563	IMP	=	1	S	mic_sign '=' inferred
Table_3.XLSX	Sheet1	JL04310220140085	SAMN26764563	TET	=	4	S	mic_sign '=' inferred
Table_3.XLSX	Sheet1	JL04310220140085	SAMN26764563	NAL	>	64	R	
Table_3.XLSX	Sheet1	JL04310220140085	SAMN26764563	CIP	=	8	R	mic_sign '=' inferred
Table_3.XLSX	Sheet1	JL04310220140085	SAMN26764563	AZM	>	64	R	
Table_3.XLSX	Sheet1	JL04310220140085	SAMN26764563	CHL	<	2	S	
Table_3.XLSX	Sheet1	JL04310220140085	SAMN26764563	GEN	=	8	I	mic_sign '=' inferred
Table_3.XLSX	Sheet1	JL04310220140085	SAMN26764563	SXT	>	8/152	R	
Table_3.XLSX	Sheet1	JL043101201900457	SAMN26764564	AMP	>	64	R	
Table_3.XLSX	Sheet1	JL043101201900457	SAMN26764564	CAZ	<	1	S	
Table_3.XLSX	Sheet1	JL043101201900457	SAMN26764564	AMS	=	32/16	R	mic_sign '=' inferred
Table_3.XLSX	Sheet1	JL043101201900457	SAMN26764564	CFX	<	2	S	
Table_3.XLSX	Sheet1	JL043101201900457	SAMN26764564	CTX	<	0.25	S	
Table_3.XLSX	Sheet1	JL043101201900457	SAMN26764564	CFZ	=	4	I	mic_sign '=' inferred
Table_3.XLSX	Sheet1	JL043101201900457	SAMN26764564	IMP	<	0.25	S	
Table_3.XLSX	Sheet1	JL043101201900457	SAMN26764564	TET	>	32	R	
Table_3.XLSX	Sheet1	JL043101201900457	SAMN26764564	NAL	=	8	S	mic_sign '=' inferred
Table_3.XLSX	Sheet1	JL043101201900457	SAMN26764564	CIP	<	0.03	S	
Table_3.XLSX	Sheet1	JL043101201900457	SAMN26764564	AZM	<	4	S	
Table_3.XLSX	Sheet1	JL043101201900457	SAMN26764564	CHL	=	8	S	mic_sign '=' inferred
Table_3.XLSX	Sheet1	JL043101201900457	SAMN26764564	GEN	<	1	S	
Table_3.XLSX	Sheet1	JL043101201900457	SAMN26764564	SXT	<	0.25/4.75	S	
Table_3.XLSX	Sheet1	JL043101201900454	SAMN26764565	AMP	>	64	R	
Table_3.XLSX	Sheet1	JL043101201900454	SAMN26764565	CAZ	=	32	R	mic_sign '=' inferred
Table_3.XLSX	Sheet1	JL043101201900454	SAMN26764565	AMS	=	64/32	R	mic_sign '=' inferred
Table_3.XLSX	Sheet1	JL043101201900454	SAMN26764565	CFX	=	16	I	mic_sign '=' inferred
Table_3.XLSX	Sheet1	JL043101201900454	SAMN26764565	CTX	<	0.25	S	
Table_3.XLSX	Sheet1	JL043101201900454	SAMN26764565	CFZ	=	8	R	mic_sign '=' inferred
Table_3.XLSX	Sheet1	JL043101201900454	SAMN26764565	IMP	<	0.25	S	
Table_3.XLSX	Sheet1	JL043101201900454	SAMN26764565	TET	=	16	R	mic_sign '=' inferred
Table_3.XLSX	Sheet1	JL043101201900454	SAMN26764565	NAL	=	4	S	mic_sign '=' inferred
Table_3.XLSX	Sheet1	JL043101201900454	SAMN26764565	CIP	=	0.125	I	mic_sign '=' inferred
Table_3.XLSX	Sheet1	JL043101201900454	SAMN26764565	AZM	<	4	S	
Table_3.XLSX	Sheet1	JL043101201900454	SAMN26764565	CHL	=	4	S	mic_sign '=' inferred
Table_3.XLSX	Sheet1	JL043101201900454	SAMN26764565	GEN	=	2	S	mic_sign '=' inferred
Table_3.XLSX	Sheet1	JL043101201900454	SAMN26764565	SXT	=	0.5/9.5	S	mic_sign '=' inferred
Table_3.XLSX	Sheet1	JL043101201900450	SAMN26764566	AMP	>	64	R	
Table_3.XLSX	Sheet1	JL043101201900450	SAMN26764566	CAZ	<	1	S	
Table_3.XLSX	Sheet1	JL043101201900450	SAMN26764566	AMS	=	32/16	R	mic_sign '=' inferred
Table_3.XLSX	Sheet1	JL043101201900450	SAMN26764566	CFX	=	4	S	mic_sign '=' inferred
Table_3.XLSX	Sheet1	JL043101201900450	SAMN26764566	CTX	=	0.5	S	mic_sign '=' inferred
Table_3.XLSX	Sheet1	JL043101201900450	SAMN26764566	CFZ	=	8	R	mic_sign '=' inferred
Table_3.XLSX	Sheet1	JL043101201900450	SAMN26764566	IMP	<	0.25	S	
Table_3.XLSX	Sheet1	JL043101201900450	SAMN26764566	TET	>	32	R	
Table_3.XLSX	Sheet1	JL043101201900450	SAMN26764566	NAL	=	8	S	mic_sign '=' inferred
Table_3.XLSX	Sheet1	JL043101201900450	SAMN26764566	CIP	=	0.25	I	mic_sign '=' inferred
Table_3.XLSX	Sheet1	JL043101201900450	SAMN26764566	AZM	<	4	S	
Table_3.XLSX	Sheet1	JL043101201900450	SAMN26764566	CHL	=	4	S	mic_sign '=' inferred
Table_3.XLSX	Sheet1	JL043101201900450	SAMN26764566	GEN	<	1	S	
Table_3.XLSX	Sheet1	JL043101201900450	SAMN26764566	SXT	<	0.25/4.75	S	
Table_3.XLSX	Sheet1	JL043101201900399	SAMN26764567	AMP	>	64	R	
Table_3.XLSX	Sheet1	JL043101201900399	SAMN26764567	CAZ	<	1	S	
Table_3.XLSX	Sheet1	JL043101201900399	SAMN26764567	AMS	=	16/8	I	mic_sign '=' inferred
Table_3.XLSX	Sheet1	JL043101201900399	SAMN26764567	CFX	=	4	S	mic_sign '=' inferred
Table_3.XLSX	Sheet1	JL043101201900399	SAMN26764567	CTX	=	0.5	S	mic_sign '=' inferred
Table_3.XLSX	Sheet1	JL043101201900399	SAMN26764567	CFZ	=	4	I	mic_sign '=' inferred
Table_3.XLSX	Sheet1	JL043101201900399	SAMN26764567	IMP	<	0.25	S	
Table_3.XLSX	Sheet1	JL043101201900399	SAMN26764567	TET	>	32	R	
Table_3.XLSX	Sheet1	JL043101201900399	SAMN26764567	NAL	=	4	S	mic_sign '=' inferred
Table_3.XLSX	Sheet1	JL043101201900399	SAMN26764567	CIP	=	1	R	mic_sign '=' inferred
Table_3.XLSX	Sheet1	JL043101201900399	SAMN26764567	AZM	<	4	S	
Table_3.XLSX	Sheet1	JL043101201900399	SAMN26764567	CHL	>	64	R	
Table_3.XLSX	Sheet1	JL043101201900399	SAMN26764567	GEN	=	16	R	mic_sign '=' inferred
Table_3.XLSX	Sheet1	JL043101201900399	SAMN26764567	SXT	>	8/152	R	
Table_3.XLSX	Sheet1	JL043101201800148	SAMN26764568	AMP	>	64	R	
Table_3.XLSX	Sheet1	JL043101201800148	SAMN26764568	CAZ	<	1	S	
Table_3.XLSX	Sheet1	JL043101201800148	SAMN26764568	AMS	=	16/8	I	mic_sign '=' inferred
Table_3.XLSX	Sheet1	JL043101201800148	SAMN26764568	CFX	<	2	S	
Table_3.XLSX	Sheet1	JL043101201800148	SAMN26764568	CTX	>	8	R	
Table_3.XLSX	Sheet1	JL043101201800148	SAMN26764568	CFZ	>	16	R	
Table_3.XLSX	Sheet1	JL043101201800148	SAMN26764568	IMP	<	0.25	S	
Table_3.XLSX	Sheet1	JL043101201800148	SAMN26764568	TET	=	4	S	mic_sign '=' inferred
Table_3.XLSX	Sheet1	JL043101201800148	SAMN26764568	NAL	>	64	R	
Table_3.XLSX	Sheet1	JL043101201800148	SAMN26764568	CIP	=	0.125	I	mic_sign '=' inferred
Table_3.XLSX	Sheet1	JL043101201800148	SAMN26764568	AZM	<	4	S	
Table_3.XLSX	Sheet1	JL043101201800148	SAMN26764568	CHL	<	2	S	
Table_3.XLSX	Sheet1	JL043101201800148	SAMN26764568	GEN	<	1	S	
Table_3.XLSX	Sheet1	JL043101201800148	SAMN26764568	SXT	<	0.25/4.75	S	
Table_3.XLSX	Sheet1	JL043101201800147	SAMN26764569	AMP	=	4	S	mic_sign '=' inferred
Table_3.XLSX	Sheet1	JL043101201800147	SAMN26764569	CAZ	<	1	S	
Table_3.XLSX	Sheet1	JL043101201800147	SAMN26764569	AMS	=	4/2	S	mic_sign '=' inferred
Table_3.XLSX	Sheet1	JL043101201800147	SAMN26764569	CFX	=	4	S	mic_sign '=' inferred
Table_3.XLSX	Sheet1	JL043101201800147	SAMN26764569	CTX	>	8	R	
Table_3.XLSX	Sheet1	JL043101201800147	SAMN26764569	CFZ	>	16	R	
Table_3.XLSX	Sheet1	JL043101201800147	SAMN26764569	IMP	<	0.25	S	
Table_3.XLSX	Sheet1	JL043101201800147	SAMN26764569	TET	=	4	S	mic_sign '=' inferred
Table_3.XLSX	Sheet1	JL043101201800147	SAMN26764569	NAL	>	64	R	
Table_3.XLSX	Sheet1	JL043101201800147	SAMN26764569	CIP	=	0.25	I	mic_sign '=' inferred
Table_3.XLSX	Sheet1	JL043101201800147	SAMN26764569	AZM	<	4	S	
Table_3.XLSX	Sheet1	JL043101201800147	SAMN26764569	CHL	=	4	S	mic_sign '=' inferred
Table_3.XLSX	Sheet1	JL043101201800147	SAMN26764569	GEN	<	1	S	
Table_3.XLSX	Sheet1	JL043101201800147	SAMN26764569	SXT	<	0.25/4.75	S	
Table_3.XLSX	Sheet1	JL043101201800146	SAMN26764570	AMP	>	64	R	
Table_3.XLSX	Sheet1	JL043101201800146	SAMN26764570	CAZ	<	1	S	
Table_3.XLSX	Sheet1	JL043101201800146	SAMN26764570	AMS	=	32/16	R	mic_sign '=' inferred
Table_3.XLSX	Sheet1	JL043101201800146	SAMN26764570	CFX	<	2	S	
Table_3.XLSX	Sheet1	JL043101201800146	SAMN26764570	CTX	>	8	R	
Table_3.XLSX	Sheet1	JL043101201800146	SAMN26764570	CFZ	>	16	R	
Table_3.XLSX	Sheet1	JL043101201800146	SAMN26764570	IMP	<	0.25	S	
Table_3.XLSX	Sheet1	JL043101201800146	SAMN26764570	TET	=	4	S	mic_sign '=' inferred
Table_3.XLSX	Sheet1	JL043101201800146	SAMN26764570	NAL	>	64	R	
Table_3.XLSX	Sheet1	JL043101201800146	SAMN26764570	CIP	=	1	R	mic_sign '=' inferred
Table_3.XLSX	Sheet1	JL043101201800146	SAMN26764570	AZM	<	4	S	
Table_3.XLSX	Sheet1	JL043101201800146	SAMN26764570	CHL	>	64	R	
Table_3.XLSX	Sheet1	JL043101201800146	SAMN26764570	GEN	=	32	R	mic_sign '=' inferred
Table_3.XLSX	Sheet1	JL043101201800146	SAMN26764570	SXT	=	2/38	S	mic_sign '=' inferred
Table_3.XLSX	Sheet1	JL043101201800144	SAMN26764571	AMP	>	64	R	
Table_3.XLSX	Sheet1	JL043101201800144	SAMN26764571	CAZ	=	2	S	mic_sign '=' inferred
Table_3.XLSX	Sheet1	JL043101201800144	SAMN26764571	AMS	=	32/16	R	mic_sign '=' inferred
Table_3.XLSX	Sheet1	JL043101201800144	SAMN26764571	CFX	=	8	S	mic_sign '=' inferred
Table_3.XLSX	Sheet1	JL043101201800144	SAMN26764571	CTX	=	1	S	mic_sign '=' inferred
Table_3.XLSX	Sheet1	JL043101201800144	SAMN26764571	CFZ	=	8	R	mic_sign '=' inferred
Table_3.XLSX	Sheet1	JL043101201800144	SAMN26764571	IMP	<	0.25	S	
Table_3.XLSX	Sheet1	JL043101201800144	SAMN26764571	TET	=	4	S	mic_sign '=' inferred
Table_3.XLSX	Sheet1	JL043101201800144	SAMN26764571	NAL	>	64	R	
Table_3.XLSX	Sheet1	JL043101201800144	SAMN26764571	CIP	<	0.03	S	
Table_3.XLSX	Sheet1	JL043101201800144	SAMN26764571	AZM	<	4	S	
Table_3.XLSX	Sheet1	JL043101201800144	SAMN26764571	CHL	=	4	S	mic_sign '=' inferred
Table_3.XLSX	Sheet1	JL043101201800144	SAMN26764571	GEN	<	1	S	
Table_3.XLSX	Sheet1	JL043101201800144	SAMN26764571	SXT	<	0.25/4.75	S	
Table_3.XLSX	Sheet1	JL043101201800133	SAMN26764572	AMP	>	64	R	
Table_3.XLSX	Sheet1	JL043101201800133	SAMN26764572	CAZ	<	1	S	
Table_3.XLSX	Sheet1	JL043101201800133	SAMN26764572	AMS	=	32/16	R	mic_sign '=' inferred
Table_3.XLSX	Sheet1	JL043101201800133	SAMN26764572	CFX	<	2	S	
Table_3.XLSX	Sheet1	JL043101201800133	SAMN26764572	CTX	<	0.25	S	
Table_3.XLSX	Sheet1	JL043101201800133	SAMN26764572	CFZ	=	2	S	mic_sign '=' inferred
Table_3.XLSX	Sheet1	JL043101201800133	SAMN26764572	IMP	=	0.5	S	mic_sign '=' inferred
Table_3.XLSX	Sheet1	JL043101201800133	SAMN26764572	TET	>	32	R	
Table_3.XLSX	Sheet1	JL043101201800133	SAMN26764572	NAL	>	64	R	
Table_3.XLSX	Sheet1	JL043101201800133	SAMN26764572	CIP	<	0.03	S	
Table_3.XLSX	Sheet1	JL043101201800133	SAMN26764572	AZM	<	4	S	
Table_3.XLSX	Sheet1	JL043101201800133	SAMN26764572	CHL	=	4	S	mic_sign '=' inferred
Table_3.XLSX	Sheet1	JL043101201800133	SAMN26764572	GEN	<	1	S	
Table_3.XLSX	Sheet1	JL043101201800133	SAMN26764572	SXT	<	0.25/4.75	S	
Table_3.XLSX	Sheet1	JL043101201800131	SAMN26764573	AMP	>	64	R	
Table_3.XLSX	Sheet1	JL043101201800131	SAMN26764573	CAZ	<	1	S	
Table_3.XLSX	Sheet1	JL043101201800131	SAMN26764573	AMS	=	32/16	R	mic_sign '=' inferred
Table_3.XLSX	Sheet1	JL043101201800131	SAMN26764573	CFX	<	2	S	
Table_3.XLSX	Sheet1	JL043101201800131	SAMN26764573	CTX	=	0.5	S	mic_sign '=' inferred
Table_3.XLSX	Sheet1	JL043101201800131	SAMN26764573	CFZ	=	8	R	mic_sign '=' inferred
Table_3.XLSX	Sheet1	JL043101201800131	SAMN26764573	IMP	<	0.25	S	
Table_3.XLSX	Sheet1	JL043101201800131	SAMN26764573	TET	>	32	R	
Table_3.XLSX	Sheet1	JL043101201800131	SAMN26764573	NAL	=	8	S	mic_sign '=' inferred
Table_3.XLSX	Sheet1	JL043101201800131	SAMN26764573	CIP	=	0.25	I	mic_sign '=' inferred
Table_3.XLSX	Sheet1	JL043101201800131	SAMN26764573	AZM	<	4	S	
Table_3.XLSX	Sheet1	JL043101201800131	SAMN26764573	CHL	=	4	S	mic_sign '=' inferred
Table_3.XLSX	Sheet1	JL043101201800131	SAMN26764573	GEN	<	1	S	
Table_3.XLSX	Sheet1	JL043101201800131	SAMN26764573	SXT	<	0.25/4.75	S	
Table_3.XLSX	Sheet1	JL043101201800124	SAMN26764574	AMP	<	2	S	
Table_3.XLSX	Sheet1	JL043101201800124	SAMN26764574	CAZ	<	1	S	
Table_3.XLSX	Sheet1	JL043101201800124	SAMN26764574	AMS	<	2/1	S	
Table_3.XLSX	Sheet1	JL043101201800124	SAMN26764574	CFX	<	2	S	
Table_3.XLSX	Sheet1	JL043101201800124	SAMN26764574	CTX	<	0.25	S	
Table_3.XLSX	Sheet1	JL043101201800124	SAMN26764574	CFZ	=	8	R	mic_sign '=' inferred
Table_3.XLSX	Sheet1	JL043101201800124	SAMN26764574	IMP	<	0.25	S	
Table_3.XLSX	Sheet1	JL043101201800124	SAMN26764574	TET	=	4	S	mic_sign '=' inferred
Table_3.XLSX	Sheet1	JL043101201800124	SAMN26764574	NAL	>	64	R	
Table_3.XLSX	Sheet1	JL043101201800124	SAMN26764574	CIP	=	0.25	I	mic_sign '=' inferred
Table_3.XLSX	Sheet1	JL043101201800124	SAMN26764574	AZM	<	4	S	
Table_3.XLSX	Sheet1	JL043101201800124	SAMN26764574	CHL	=	4	S	mic_sign '=' inferred
Table_3.XLSX	Sheet1	JL043101201800124	SAMN26764574	GEN	<	1	S	
Table_3.XLSX	Sheet1	JL043101201800124	SAMN26764574	SXT	<	0.25/4.75	S	
Table_3.XLSX	Sheet1	JL043101201700320	SAMN26764575	AMP	>	64	R	
Table_3.XLSX	Sheet1	JL043101201700320	SAMN26764575	CAZ	<	1	S	
Table_3.XLSX	Sheet1	JL043101201700320	SAMN26764575	AMS	=	16/8	I	mic_sign '=' inferred
Table_3.XLSX	Sheet1	JL043101201700320	SAMN26764575	CFX	<	8	S	
Table_3.XLSX	Sheet1	JL043101201700320	SAMN26764575	CTX	>	8	R	
Table_3.XLSX	Sheet1	JL043101201700320	SAMN26764575	CFZ	>	16	R	
Table_3.XLSX	Sheet1	JL043101201700320	SAMN26764575	IMP	<	0.25	S	
Table_3.XLSX	Sheet1	JL043101201700320	SAMN26764575	TET	>	32	R	
Table_3.XLSX	Sheet1	JL043101201700320	SAMN26764575	NAL	=	4	S	mic_sign '=' inferred
Table_3.XLSX	Sheet1	JL043101201700320	SAMN26764575	CIP	=	0.5	I	mic_sign '=' inferred
Table_3.XLSX	Sheet1	JL043101201700320	SAMN26764575	AZM	<	4	S	
Table_3.XLSX	Sheet1	JL043101201700320	SAMN26764575	CHL	>	64	R	
Table_3.XLSX	Sheet1	JL043101201700320	SAMN26764575	GEN	=	16	R	mic_sign '=' inferred
Table_3.XLSX	Sheet1	JL043101201700320	SAMN26764575	SXT	>	8/152	R	
Table_3.XLSX	Sheet1	JL043101201700319	SAMN26764576	AMP	>	64	R	
Table_3.XLSX	Sheet1	JL043101201700319	SAMN26764576	CAZ	<	1	S	
Table_3.XLSX	Sheet1	JL043101201700319	SAMN26764576	AMS	=	32/16	R	mic_sign '=' inferred
Table_3.XLSX	Sheet1	JL043101201700319	SAMN26764576	CFX	<	2	S	
Table_3.XLSX	Sheet1	JL043101201700319	SAMN26764576	CTX	<	0.25	S	
Table_3.XLSX	Sheet1	JL043101201700319	SAMN26764576	CFZ	=	2	S	mic_sign '=' inferred
Table_3.XLSX	Sheet1	JL043101201700319	SAMN26764576	IMP	<	0.25	S	
Table_3.XLSX	Sheet1	JL043101201700319	SAMN26764576	TET	>	32	R	
Table_3.XLSX	Sheet1	JL043101201700319	SAMN26764576	NAL	=	4	S	mic_sign '=' inferred
Table_3.XLSX	Sheet1	JL043101201700319	SAMN26764576	CIP	=	0.25	I	mic_sign '=' inferred
Table_3.XLSX	Sheet1	JL043101201700319	SAMN26764576	AZM	<	4	S	
Table_3.XLSX	Sheet1	JL043101201700319	SAMN26764576	CHL	=	4	S	mic_sign '=' inferred
Table_3.XLSX	Sheet1	JL043101201700319	SAMN26764576	GEN	<	1	S	
Table_3.XLSX	Sheet1	JL043101201700319	SAMN26764576	SXT	<	0.25/4.75	S	
Table_3.XLSX	Sheet1	JL043101201700205	SAMN26764577	AMP	>	64	R	
Table_3.XLSX	Sheet1	JL043101201700205	SAMN26764577	CAZ	=	2	S	mic_sign '=' inferred
Table_3.XLSX	Sheet1	JL043101201700205	SAMN26764577	AMS	=	32/16	R	mic_sign '=' inferred
Table_3.XLSX	Sheet1	JL043101201700205	SAMN26764577	CFX	=	4	S	mic_sign '=' inferred
Table_3.XLSX	Sheet1	JL043101201700205	SAMN26764577	CTX	<	0.25	S	
Table_3.XLSX	Sheet1	JL043101201700205	SAMN26764577	CFZ	>	16	R	
Table_3.XLSX	Sheet1	JL043101201700205	SAMN26764577	IMP	<	0.25	S	
Table_3.XLSX	Sheet1	JL043101201700205	SAMN26764577	TET	>	32	R	
Table_3.XLSX	Sheet1	JL043101201700205	SAMN26764577	NAL	=	8	S	mic_sign '=' inferred
Table_3.XLSX	Sheet1	JL043101201700205	SAMN26764577	CIP	=	0.25	I	mic_sign '=' inferred
Table_3.XLSX	Sheet1	JL043101201700205	SAMN26764577	AZM	<	4	S	
Table_3.XLSX	Sheet1	JL043101201700205	SAMN26764577	CHL	=	4	S	mic_sign '=' inferred
Table_3.XLSX	Sheet1	JL043101201700205	SAMN26764577	GEN	<	1	S	
Table_3.XLSX	Sheet1	JL043101201700205	SAMN26764577	SXT	<	0.25/4.75	S	
Table_3.XLSX	Sheet1	JL043101201700139	SAMN26764578	AMP	=	4	S	mic_sign '=' inferred
Table_3.XLSX	Sheet1	JL043101201700139	SAMN26764578	CAZ	=	2	S	mic_sign '=' inferred
Table_3.XLSX	Sheet1	JL043101201700139	SAMN26764578	AMS	=	4/2	S	mic_sign '=' inferred
Table_3.XLSX	Sheet1	JL043101201700139	SAMN26764578	CFX	<	2	S	
Table_3.XLSX	Sheet1	JL043101201700139	SAMN26764578	CTX	=	0.5	S	mic_sign '=' inferred
Table_3.XLSX	Sheet1	JL043101201700139	SAMN26764578	CFZ	=	8	R	mic_sign '=' inferred
Table_3.XLSX	Sheet1	JL043101201700139	SAMN26764578	IMP	=	0.5	S	mic_sign '=' inferred
Table_3.XLSX	Sheet1	JL043101201700139	SAMN26764578	TET	=	4	S	mic_sign '=' inferred
Table_3.XLSX	Sheet1	JL043101201700139	SAMN26764578	NAL	=	4	S	mic_sign '=' inferred
Table_3.XLSX	Sheet1	JL043101201700139	SAMN26764578	CIP	=	0.25	I	mic_sign '=' inferred
Table_3.XLSX	Sheet1	JL043101201700139	SAMN26764578	AZM	<	4	S	
Table_3.XLSX	Sheet1	JL043101201700139	SAMN26764578	CHL	=	4	S	mic_sign '=' inferred
Table_3.XLSX	Sheet1	JL043101201700139	SAMN26764578	GEN	<	1	S	
Table_3.XLSX	Sheet1	JL043101201700139	SAMN26764578	SXT	<	0.25/4.75	S	
Table_3.XLSX	Sheet1	JL043101201700121	SAMN26764579	AMP	>	64	R	
Table_3.XLSX	Sheet1	JL043101201700121	SAMN26764579	CAZ	=	2	S	mic_sign '=' inferred
Table_3.XLSX	Sheet1	JL043101201700121	SAMN26764579	AMS	=	16/8	I	mic_sign '=' inferred
Table_3.XLSX	Sheet1	JL043101201700121	SAMN26764579	CFX	<	2	S	
Table_3.XLSX	Sheet1	JL043101201700121	SAMN26764579	CTX	<	0.25	S	
Table_3.XLSX	Sheet1	JL043101201700121	SAMN26764579	CFZ	=	1	S	mic_sign '=' inferred
Table_3.XLSX	Sheet1	JL043101201700121	SAMN26764579	IMP	<	0.25	S	
Table_3.XLSX	Sheet1	JL043101201700121	SAMN26764579	TET	>	32	R	
Table_3.XLSX	Sheet1	JL043101201700121	SAMN26764579	NAL	=	4	S	mic_sign '=' inferred
Table_3.XLSX	Sheet1	JL043101201700121	SAMN26764579	CIP	<	0.03	S	
Table_3.XLSX	Sheet1	JL043101201700121	SAMN26764579	AZM	<	4	S	
Table_3.XLSX	Sheet1	JL043101201700121	SAMN26764579	CHL	<	2	S	
Table_3.XLSX	Sheet1	JL043101201700121	SAMN26764579	GEN	=	2	S	mic_sign '=' inferred
Table_3.XLSX	Sheet1	JL043101201700121	SAMN26764579	SXT	<	0.25/4.75	S	
Table_3.XLSX	Sheet1	JL043101201700120	SAMN26764580	AMP	=	4	S	mic_sign '=' inferred
Table_3.XLSX	Sheet1	JL043101201700120	SAMN26764580	CAZ	<	1	S	
Table_3.XLSX	Sheet1	JL043101201700120	SAMN26764580	AMS	=	4/2	S	mic_sign '=' inferred
Table_3.XLSX	Sheet1	JL043101201700120	SAMN26764580	CFX	<	2	S	
Table_3.XLSX	Sheet1	JL043101201700120	SAMN26764580	CTX	=	4	R	mic_sign '=' inferred
Table_3.XLSX	Sheet1	JL043101201700120	SAMN26764580	CFZ	>	16	R	
Table_3.XLSX	Sheet1	JL043101201700120	SAMN26764580	IMP	<	0.25	S	
Table_3.XLSX	Sheet1	JL043101201700120	SAMN26764580	TET	>	32	R	
Table_3.XLSX	Sheet1	JL043101201700120	SAMN26764580	NAL	=	8	S	mic_sign '=' inferred
Table_3.XLSX	Sheet1	JL043101201700120	SAMN26764580	CIP	=	4	R	mic_sign '=' inferred
Table_3.XLSX	Sheet1	JL043101201700120	SAMN26764580	AZM	>	64	R	
Table_3.XLSX	Sheet1	JL043101201700120	SAMN26764580	CHL	<	2	S	
Table_3.XLSX	Sheet1	JL043101201700120	SAMN26764580	GEN	=	16	R	mic_sign '=' inferred
Table_3.XLSX	Sheet1	JL043101201700120	SAMN26764580	SXT	>	8/152	R	
Table_3.XLSX	Sheet1	JL043101201600140	SAMN26764581	AMP	=	4	S	mic_sign '=' inferred
Table_3.XLSX	Sheet1	JL043101201600140	SAMN26764581	CAZ	=	2	S	mic_sign '=' inferred
Table_3.XLSX	Sheet1	JL043101201600140	SAMN26764581	AMS	=	4/2	S	mic_sign '=' inferred
Table_3.XLSX	Sheet1	JL043101201600140	SAMN26764581	CFX	<	2	S	
Table_3.XLSX	Sheet1	JL043101201600140	SAMN26764581	CTX	>	8	R	
Table_3.XLSX	Sheet1	JL043101201600140	SAMN26764581	CFZ	>	16	R	
Table_3.XLSX	Sheet1	JL043101201600140	SAMN26764581	IMP	<	0.25	S	
Table_3.XLSX	Sheet1	JL043101201600140	SAMN26764581	TET	>	32	R	
Table_3.XLSX	Sheet1	JL043101201600140	SAMN26764581	NAL	=	4	S	mic_sign '=' inferred
Table_3.XLSX	Sheet1	JL043101201600140	SAMN26764581	CIP	=	8	R	mic_sign '=' inferred
Table_3.XLSX	Sheet1	JL043101201600140	SAMN26764581	AZM	>	64	R	
Table_3.XLSX	Sheet1	JL043101201600140	SAMN26764581	CHL	<	2	S	
Table_3.XLSX	Sheet1	JL043101201600140	SAMN26764581	GEN	=	16	R	mic_sign '=' inferred
Table_3.XLSX	Sheet1	JL043101201600140	SAMN26764581	SXT	>	8/152	R	
Table_3.XLSX	Sheet1	JL043101201500178	SAMN26764582	AMP	=	4	S	mic_sign '=' inferred
Table_3.XLSX	Sheet1	JL043101201500178	SAMN26764582	CAZ	=	2	S	mic_sign '=' inferred
Table_3.XLSX	Sheet1	JL043101201500178	SAMN26764582	AMS	=	4/2	S	mic_sign '=' inferred
Table_3.XLSX	Sheet1	JL043101201500178	SAMN26764582	CFX	<	2	S	
Table_3.XLSX	Sheet1	JL043101201500178	SAMN26764582	CTX	<	0.25	S	
Table_3.XLSX	Sheet1	JL043101201500178	SAMN26764582	CFZ	=	8	R	mic_sign '=' inferred
Table_3.XLSX	Sheet1	JL043101201500178	SAMN26764582	IMP	<	0.25	S	
Table_3.XLSX	Sheet1	JL043101201500178	SAMN26764582	TET	=	8	I	mic_sign '=' inferred
Table_3.XLSX	Sheet1	JL043101201500178	SAMN26764582	NAL	>	64	R	
Table_3.XLSX	Sheet1	JL043101201500178	SAMN26764582	CIP	=	0.125	I	mic_sign '=' inferred
Table_3.XLSX	Sheet1	JL043101201500178	SAMN26764582	AZM	<	4	S	
Table_3.XLSX	Sheet1	JL043101201500178	SAMN26764582	CHL	=	4	S	mic_sign '=' inferred
Table_3.XLSX	Sheet1	JL043101201500178	SAMN26764582	GEN	<	1	S	
Table_3.XLSX	Sheet1	JL043101201500178	SAMN26764582	SXT	<	0.25/4.75	S	
Table_3.XLSX	Sheet1	JL043101201500177	SAMN26764583	AMP	=	4	S	mic_sign '=' inferred
Table_3.XLSX	Sheet1	JL043101201500177	SAMN26764583	CAZ	=	2	S	mic_sign '=' inferred
Table_3.XLSX	Sheet1	JL043101201500177	SAMN26764583	AMS	=	4/2	S	mic_sign '=' inferred
Table_3.XLSX	Sheet1	JL043101201500177	SAMN26764583	CFX	<	2	S	
Table_3.XLSX	Sheet1	JL043101201500177	SAMN26764583	CTX	>	8	R	
Table_3.XLSX	Sheet1	JL043101201500177	SAMN26764583	CFZ	>	16	R	
Table_3.XLSX	Sheet1	JL043101201500177	SAMN26764583	IMP	<	0.25	S	
Table_3.XLSX	Sheet1	JL043101201500177	SAMN26764583	TET	=	4	S	mic_sign '=' inferred
Table_3.XLSX	Sheet1	JL043101201500177	SAMN26764583	NAL	>	64	R	
Table_3.XLSX	Sheet1	JL043101201500177	SAMN26764583	CIP	=	16	R	mic_sign '=' inferred
Table_3.XLSX	Sheet1	JL043101201500177	SAMN26764583	AZM	>	64	R	
Table_3.XLSX	Sheet1	JL043101201500177	SAMN26764583	CHL	=	4	S	mic_sign '=' inferred
Table_3.XLSX	Sheet1	JL043101201500177	SAMN26764583	GEN	=	16	R	mic_sign '=' inferred
Table_3.XLSX	Sheet1	JL043101201500177	SAMN26764583	SXT	>	8/152	R	
Table_3.XLSX	Sheet1	JL043101201500141	SAMN26764584	AMP	=	4	S	mic_sign '=' inferred
Table_3.XLSX	Sheet1	JL043101201500141	SAMN26764584	CAZ	<	1	S	
Table_3.XLSX	Sheet1	JL043101201500141	SAMN26764584	AMS	=	4/2	S	mic_sign '=' inferred
Table_3.XLSX	Sheet1	JL043101201500141	SAMN26764584	CFX	<	2	S	
Table_3.XLSX	Sheet1	JL043101201500141	SAMN26764584	CTX	>	8	R	
Table_3.XLSX	Sheet1	JL043101201500141	SAMN26764584	CFZ	>	16	R	
Table_3.XLSX	Sheet1	JL043101201500141	SAMN26764584	IMP	<	0.25	S	
Table_3.XLSX	Sheet1	JL043101201500141	SAMN26764584	TET	=	4	S	mic_sign '=' inferred
Table_3.XLSX	Sheet1	JL043101201500141	SAMN26764584	NAL	>	64	R	
Table_3.XLSX	Sheet1	JL043101201500141	SAMN26764584	CIP	=	0.5	I	mic_sign '=' inferred
Table_3.XLSX	Sheet1	JL043101201500141	SAMN26764584	AZM	<	4	S	
Table_3.XLSX	Sheet1	JL043101201500141	SAMN26764584	CHL	>	64	R	
Table_3.XLSX	Sheet1	JL043101201500141	SAMN26764584	GEN	=	8	I	mic_sign '=' inferred
Table_3.XLSX	Sheet1	JL043101201500141	SAMN26764584	SXT	>	8/152	R	
Table_3.XLSX	Sheet1	JL043101201500139	SAMN26764585	AMP	>	64	R	
Table_3.XLSX	Sheet1	JL043101201500139	SAMN26764585	CAZ	=	2	S	mic_sign '=' inferred
Table_3.XLSX	Sheet1	JL043101201500139	SAMN26764585	AMS	=	32/16	R	mic_sign '=' inferred
Table_3.XLSX	Sheet1	JL043101201500139	SAMN26764585	CFX	<	2	S	
Table_3.XLSX	Sheet1	JL043101201500139	SAMN26764585	CTX	<	0.25	S	
Table_3.XLSX	Sheet1	JL043101201500139	SAMN26764585	CFZ	=	4	I	mic_sign '=' inferred
Table_3.XLSX	Sheet1	JL043101201500139	SAMN26764585	IMP	<	0.25	S	
Table_3.XLSX	Sheet1	JL043101201500139	SAMN26764585	TET	=	4	S	mic_sign '=' inferred
Table_3.XLSX	Sheet1	JL043101201500139	SAMN26764585	NAL	>	64	R	
Table_3.XLSX	Sheet1	JL043101201500139	SAMN26764585	CIP	<	0.03	S	
Table_3.XLSX	Sheet1	JL043101201500139	SAMN26764585	AZM	<	4	S	
Table_3.XLSX	Sheet1	JL043101201500139	SAMN26764585	CHL	=	8	S	mic_sign '=' inferred
Table_3.XLSX	Sheet1	JL043101201500139	SAMN26764585	GEN	<	1	S	
Table_3.XLSX	Sheet1	JL043101201500139	SAMN26764585	SXT	<	0.25/4.75	S	
Table_3.XLSX	Sheet1	JL043101201500097	SAMN26764586	AMP	>	64	R	
Table_3.XLSX	Sheet1	JL043101201500097	SAMN26764586	CAZ	<	1	S	
Table_3.XLSX	Sheet1	JL043101201500097	SAMN26764586	AMS	=	32/16	R	mic_sign '=' inferred
Table_3.XLSX	Sheet1	JL043101201500097	SAMN26764586	CFX	=	8	S	mic_sign '=' inferred
Table_3.XLSX	Sheet1	JL043101201500097	SAMN26764586	CTX	<	0.25	S	
Table_3.XLSX	Sheet1	JL043101201500097	SAMN26764586	CFZ	=	8	R	mic_sign '=' inferred
Table_3.XLSX	Sheet1	JL043101201500097	SAMN26764586	IMP	<	0.25	S	
Table_3.XLSX	Sheet1	JL043101201500097	SAMN26764586	TET	=	4	S	mic_sign '=' inferred
Table_3.XLSX	Sheet1	JL043101201500097	SAMN26764586	NAL	>	64	R	
Table_3.XLSX	Sheet1	JL043101201500097	SAMN26764586	CIP	<	0.25	I	
Table_3.XLSX	Sheet1	JL043101201500097	SAMN26764586	AZM	<	4	S	
Table_3.XLSX	Sheet1	JL043101201500097	SAMN26764586	CHL	=	8	S	mic_sign '=' inferred
Table_3.XLSX	Sheet1	JL043101201500097	SAMN26764586	GEN	<	1	S	
Table_3.XLSX	Sheet1	JL043101201500097	SAMN26764586	SXT	<	0.25/4.75	S	
Table_3.XLSX	Sheet1	JL043101201500089	SAMN26764587	AMP	>	64	R	
Table_3.XLSX	Sheet1	JL043101201500089	SAMN26764587	CAZ	=	2	S	mic_sign '=' inferred
Table_3.XLSX	Sheet1	JL043101201500089	SAMN26764587	AMS	=	16/8	I	mic_sign '=' inferred
Table_3.XLSX	Sheet1	JL043101201500089	SAMN26764587	CFX	<	2	S	
Table_3.XLSX	Sheet1	JL043101201500089	SAMN26764587	CTX	<	0.25	S	
Table_3.XLSX	Sheet1	JL043101201500089	SAMN26764587	CFZ	=	4	I	mic_sign '=' inferred
Table_3.XLSX	Sheet1	JL043101201500089	SAMN26764587	IMP	<	0.25	S	
Table_3.XLSX	Sheet1	JL043101201500089	SAMN26764587	TET	>	32	R	
Table_3.XLSX	Sheet1	JL043101201500089	SAMN26764587	NAL	=	4	S	mic_sign '=' inferred
Table_3.XLSX	Sheet1	JL043101201500089	SAMN26764587	CIP	<	0.03	S	
Table_3.XLSX	Sheet1	JL043101201500089	SAMN26764587	AZM	<	4	S	
Table_3.XLSX	Sheet1	JL043101201500089	SAMN26764587	CHL	=	4	S	mic_sign '=' inferred
Table_3.XLSX	Sheet1	JL043101201500089	SAMN26764587	GEN	<	1	S	
Table_3.XLSX	Sheet1	JL043101201500089	SAMN26764587	SXT	<	0.25/4.75	S	
Table_3.XLSX	Sheet1	JL04310120140304	SAMN26764588	AMP	>	64	R	
Table_3.XLSX	Sheet1	JL04310120140304	SAMN26764588	CAZ	=	2	S	mic_sign '=' inferred
Table_3.XLSX	Sheet1	JL04310120140304	SAMN26764588	AMS	=	32/16	R	mic_sign '=' inferred
Table_3.XLSX	Sheet1	JL04310120140304	SAMN26764588	CFX	=	4	S	mic_sign '=' inferred
Table_3.XLSX	Sheet1	JL04310120140304	SAMN26764588	CTX	<	0.25	S	
Table_3.XLSX	Sheet1	JL04310120140304	SAMN26764588	CFZ	>	16	R	
Table_3.XLSX	Sheet1	JL04310120140304	SAMN26764588	IMP	<	0.25	S	
Table_3.XLSX	Sheet1	JL04310120140304	SAMN26764588	TET	=	4	S	mic_sign '=' inferred
Table_3.XLSX	Sheet1	JL04310120140304	SAMN26764588	NAL	>	64	R	
Table_3.XLSX	Sheet1	JL04310120140304	SAMN26764588	CIP	<	0.25	I	
Table_3.XLSX	Sheet1	JL04310120140304	SAMN26764588	AZM	<	4	S	
Table_3.XLSX	Sheet1	JL04310120140304	SAMN26764588	CHL	=	8	S	mic_sign '=' inferred
Table_3.XLSX	Sheet1	JL04310120140304	SAMN26764588	GEN	<	1	S	
Table_3.XLSX	Sheet1	JL04310120140304	SAMN26764588	SXT	>	8/152	R	
Table_3.XLSX	Sheet1	JL04310120140296	SAMN26764589	AMP	>	64	R	
Table_3.XLSX	Sheet1	JL04310120140296	SAMN26764589	CAZ	=	2	S	mic_sign '=' inferred
Table_3.XLSX	Sheet1	JL04310120140296	SAMN26764589	AMS	=	16/8	I	mic_sign '=' inferred
Table_3.XLSX	Sheet1	JL04310120140296	SAMN26764589	CFX	=	4	S	mic_sign '=' inferred
Table_3.XLSX	Sheet1	JL04310120140296	SAMN26764589	CTX	<	0.25	S	
Table_3.XLSX	Sheet1	JL04310120140296	SAMN26764589	CFZ	=	4	I	mic_sign '=' inferred
Table_3.XLSX	Sheet1	JL04310120140296	SAMN26764589	IMP	<	0.25	S	
Table_3.XLSX	Sheet1	JL04310120140296	SAMN26764589	TET	=	4	S	mic_sign '=' inferred
Table_3.XLSX	Sheet1	JL04310120140296	SAMN26764589	NAL	>	64	R	
Table_3.XLSX	Sheet1	JL04310120140296	SAMN26764589	CIP	=	0.125	I	mic_sign '=' inferred
Table_3.XLSX	Sheet1	JL04310120140296	SAMN26764589	AZM	<	4	S	
Table_3.XLSX	Sheet1	JL04310120140296	SAMN26764589	CHL	=	4	S	mic_sign '=' inferred
Table_3.XLSX	Sheet1	JL04310120140296	SAMN26764589	GEN	<	1	S	
Table_3.XLSX	Sheet1	JL04310120140296	SAMN26764589	SXT	>	8/152	R	
Table_3.XLSX	Sheet1	JL043101201400225	SAMN26764590	AMP	>	64	R	
Table_3.XLSX	Sheet1	JL043101201400225	SAMN26764590	CAZ	<	1	S	
Table_3.XLSX	Sheet1	JL043101201400225	SAMN26764590	AMS	=	16/8	I	mic_sign '=' inferred
Table_3.XLSX	Sheet1	JL043101201400225	SAMN26764590	CFX	<	2	S	
Table_3.XLSX	Sheet1	JL043101201400225	SAMN26764590	CTX	<	0.25	S	
Table_3.XLSX	Sheet1	JL043101201400225	SAMN26764590	CFZ	=	4	I	mic_sign '=' inferred
Table_3.XLSX	Sheet1	JL043101201400225	SAMN26764590	IMP	<	0.25	S	
Table_3.XLSX	Sheet1	JL043101201400225	SAMN26764590	TET	>	32	R	
Table_3.XLSX	Sheet1	JL043101201400225	SAMN26764590	NAL	>	64	R	
Table_3.XLSX	Sheet1	JL043101201400225	SAMN26764590	CIP	<	0.03	S	
Table_3.XLSX	Sheet1	JL043101201400225	SAMN26764590	AZM	<	4	S	
Table_3.XLSX	Sheet1	JL043101201400225	SAMN26764590	CHL	=	4	S	mic_sign '=' inferred
Table_3.XLSX	Sheet1	JL043101201400225	SAMN26764590	GEN	<	1	S	
Table_3.XLSX	Sheet1	JL043101201400225	SAMN26764590	SXT	<	0.25/4.75	S	
