pubmed_id	isolate_name	accession	accession_type	organism	drug_standardized	drug_raw	mic_operator	mic_value	mic_units	sir_call	breakpoint_standard	laboratory_typing_method	source_location	confidence
29678910	160	SAMN08514374	BioSample	Salmonella enterica	ceftriaxone	ceftriaxone	=		µg/mL	Susceptible	CLSI, NARMS	Broth dilution	bv_brc_genome_amr	high
29678910	112	SAMN08514326	BioSample	Salmonella enterica	ciprofloxacin	ciprofloxacin	=		µg/mL	Susceptible	CLSI, NARMS	Broth dilution	bv_brc_genome_amr	high
29678910	227	SAMN08514441	BioSample	Salmonella enterica	amoxicillin-clavulanic_acid	amoxicillin/clavulanic acid	=		µg/mL	Susceptible	CLSI, NARMS	Broth dilution	bv_brc_genome_amr	high
29678910	210	SAMN08514424	BioSample	Salmonella enterica	ampicillin	ampicillin	=		µg/mL	Susceptible	CLSI, NARMS	Broth dilution	bv_brc_genome_amr	high
29678910	156	SAMN08514370	BioSample	Salmonella enterica	ceftriaxone	ceftriaxone	=		µg/mL	Susceptible	CLSI, NARMS	Broth dilution	bv_brc_genome_amr	high
29678910	90	SAMN08514304	BioSample	Salmonella enterica	ciprofloxacin	ciprofloxacin	=		µg/mL	Susceptible	CLSI, NARMS	Broth dilution	bv_brc_genome_amr	high
29678910	58	SAMN08514272	BioSample	Salmonella enterica	ciprofloxacin	ciprofloxacin	=		µg/mL	Susceptible	CLSI, NARMS	Broth dilution	bv_brc_genome_amr	high
29678910	176	SAMN08514390	BioSample	Salmonella enterica	ceftriaxone	ceftriaxone	=		µg/mL	Susceptible	CLSI, NARMS	Broth dilution	bv_brc_genome_amr	high
29678910	54	SAMN08514268	BioSample	Salmonella enterica	ceftriaxone	ceftriaxone	=		µg/mL	Susceptible	CLSI, NARMS	Broth dilution	bv_brc_genome_amr	high
29678910	118	SAMN08514332	BioSample	Salmonella enterica	amoxicillin-clavulanic_acid	amoxicillin/clavulanic acid	=		µg/mL	Susceptible	CLSI, NARMS	Broth dilution	bv_brc_genome_amr	high
29678910	196	SAMN08514410	BioSample	Salmonella enterica	ampicillin	ampicillin	=		µg/mL	Susceptible	CLSI, NARMS	Broth dilution	bv_brc_genome_amr	high
29678910	24	SAMN08514238	BioSample	Salmonella enterica	amoxicillin-clavulanic_acid	amoxicillin/clavulanic acid	=		µg/mL	Susceptible	CLSI, NARMS	Broth dilution	bv_brc_genome_amr	high
29678910	103	SAMN08514317	BioSample	Salmonella enterica	ceftriaxone	ceftriaxone	=		µg/mL	Susceptible	CLSI, NARMS	Broth dilution	bv_brc_genome_amr	high
29678910	107	SAMN08514321	BioSample	Salmonella enterica	azithromycin	azithromycin	=		µg/mL	Susceptible	CLSI, NARMS	Broth dilution	bv_brc_genome_amr	high
29678910	204	SAMN08514418	BioSample	Salmonella enterica	azithromycin	azithromycin	=		µg/mL	Susceptible	CLSI, NARMS	Broth dilution	bv_brc_genome_amr	high
29678910	138	SAMN08514352	BioSample	Salmonella enterica	azithromycin	azithromycin	=		µg/mL	Susceptible	CLSI, NARMS	Broth dilution	bv_brc_genome_amr	high
29678910	30	SAMN08514244	BioSample	Salmonella enterica	ampicillin	ampicillin	=		µg/mL	Resistant	CLSI, NARMS	Broth dilution	bv_brc_genome_amr	high
29678910	88	SAMN08514302	BioSample	Salmonella enterica	azithromycin	azithromycin	=		µg/mL	Susceptible	CLSI, NARMS	Broth dilution	bv_brc_genome_amr	high
29678910	54	SAMN08514268	BioSample	Salmonella enterica	ampicillin	ampicillin	=		µg/mL	Susceptible	CLSI, NARMS	Broth dilution	bv_brc_genome_amr	high
29678910	169	SAMN08514383	BioSample	Salmonella enterica	azithromycin	azithromycin	=		µg/mL	Susceptible	CLSI, NARMS	Broth dilution	bv_brc_genome_amr	high
29678910	242	SAMN08514456	BioSample	Salmonella enterica	ampicillin	ampicillin	=		µg/mL	Susceptible	CLSI, NARMS	Broth dilution	bv_brc_genome_amr	high
29678910	249	SAMN08514463	BioSample	Salmonella enterica	ceftriaxone	ceftriaxone	=		µg/mL	Susceptible	CLSI, NARMS	Broth dilution	bv_brc_genome_amr	high
29678910	251	SAMN08514465	BioSample	Salmonella enterica	ceftriaxone	ceftriaxone	=		µg/mL	Resistant	CLSI, NARMS	Broth dilution	bv_brc_genome_amr	high
29678910	151	SAMN08514365	BioSample	Salmonella enterica	ceftriaxone	ceftriaxone	=		µg/mL	Susceptible	CLSI, NARMS	Broth dilution	bv_brc_genome_amr	high
29678910	105	SAMN08514319	BioSample	Salmonella enterica	ceftriaxone	ceftriaxone	=		µg/mL	Susceptible	CLSI, NARMS	Broth dilution	bv_brc_genome_amr	high
29678910	14	SAMN08514228	BioSample	Salmonella enterica	ciprofloxacin	ciprofloxacin	=		µg/mL	Susceptible	CLSI, NARMS	Broth dilution	bv_brc_genome_amr	high
29678910	7	SAMN08514221	BioSample	Salmonella enterica	ciprofloxacin	ciprofloxacin	=		µg/mL	Susceptible	CLSI, NARMS	Broth dilution	bv_brc_genome_amr	high
29678910	160	SAMN08514374	BioSample	Salmonella enterica	azithromycin	azithromycin	=		µg/mL	Susceptible	CLSI, NARMS	Broth dilution	bv_brc_genome_amr	high
29678910	182	SAMN08514396	BioSample	Salmonella enterica	ciprofloxacin	ciprofloxacin	=		µg/mL	Susceptible	CLSI, NARMS	Broth dilution	bv_brc_genome_amr	high
29678910	60	SAMN08514274	BioSample	Salmonella enterica	ceftriaxone	ceftriaxone	=		µg/mL	Susceptible	CLSI, NARMS	Broth dilution	bv_brc_genome_amr	high
29678910	80	SAMN08514294	BioSample	Salmonella enterica	ceftriaxone	ceftriaxone	=		µg/mL	Susceptible	CLSI, NARMS	Broth dilution	bv_brc_genome_amr	high
29678910	20	SAMN08514234	BioSample	Salmonella enterica	amoxicillin-clavulanic_acid	amoxicillin/clavulanic acid	=		µg/mL	Susceptible	CLSI, NARMS	Broth dilution	bv_brc_genome_amr	high
29678910	75	SAMN08514289	BioSample	Salmonella enterica	amoxicillin-clavulanic_acid	amoxicillin/clavulanic acid	=		µg/mL	Susceptible	CLSI, NARMS	Broth dilution	bv_brc_genome_amr	high
29678910	146	SAMN08514360	BioSample	Salmonella enterica	ampicillin	ampicillin	=		µg/mL	Resistant	CLSI, NARMS	Broth dilution	bv_brc_genome_amr	high
29678910	210	SAMN08514424	BioSample	Salmonella enterica	azithromycin	azithromycin	=		µg/mL	Susceptible	CLSI, NARMS	Broth dilution	bv_brc_genome_amr	high
29678910	146	SAMN08514360	BioSample	Salmonella enterica	azithromycin	azithromycin	=		µg/mL	Susceptible	CLSI, NARMS	Broth dilution	bv_brc_genome_amr	high
29678910	245	SAMN08514459	BioSample	Salmonella enterica	ampicillin	ampicillin	=		µg/mL	Susceptible	CLSI, NARMS	Broth dilution	bv_brc_genome_amr	high
29678910	33	SAMN08514247	BioSample	Salmonella enterica	azithromycin	azithromycin	=		µg/mL	Susceptible	CLSI, NARMS	Broth dilution	bv_brc_genome_amr	high
29678910	119	SAMN08514333	BioSample	Salmonella enterica	ampicillin	ampicillin	=		µg/mL	Susceptible	CLSI, NARMS	Broth dilution	bv_brc_genome_amr	high
29678910	250	SAMN08514464	BioSample	Salmonella enterica	azithromycin	azithromycin	=		µg/mL	Susceptible	CLSI, NARMS	Broth dilution	bv_brc_genome_amr	high
29678910	223	SAMN08514437	BioSample	Salmonella enterica	ceftriaxone	ceftriaxone	=		µg/mL	Susceptible	CLSI, NARMS	Broth dilution	bv_brc_genome_amr	high
29678910	117	SAMN08514331	BioSample	Salmonella enterica	ciprofloxacin	ciprofloxacin	=		µg/mL	Susceptible	CLSI, NARMS	Broth dilution	bv_brc_genome_amr	high
29678910	133	SAMN08514347	BioSample	Salmonella enterica	ceftriaxone	ceftriaxone	=		µg/mL	Susceptible	CLSI, NARMS	Broth dilution	bv_brc_genome_amr	high
29678910	165	SAMN08514379	BioSample	Salmonella enterica	ciprofloxacin	ciprofloxacin	=		µg/mL	Susceptible	CLSI, NARMS	Broth dilution	bv_brc_genome_amr	high
29678910	67	SAMN08514281	BioSample	Salmonella enterica	ceftriaxone	ceftriaxone	=		µg/mL	Susceptible	CLSI, NARMS	Broth dilution	bv_brc_genome_amr	high
29678910	52	SAMN08514266	BioSample	Salmonella enterica	ceftriaxone	ceftriaxone	=		µg/mL	Susceptible	CLSI, NARMS	Broth dilution	bv_brc_genome_amr	high
29678910	137	SAMN08514351	BioSample	Salmonella enterica	ciprofloxacin	ciprofloxacin	=		µg/mL	Susceptible	CLSI, NARMS	Broth dilution	bv_brc_genome_amr	high
29678910	52	SAMN08514266	BioSample	Salmonella enterica	ampicillin	ampicillin	=		µg/mL	Susceptible	CLSI, NARMS	Broth dilution	bv_brc_genome_amr	high
29678910	92	SAMN08514306	BioSample	Salmonella enterica	ciprofloxacin	ciprofloxacin	=		µg/mL	Susceptible	CLSI, NARMS	Broth dilution	bv_brc_genome_amr	high
29678910	95	SAMN08514309	BioSample	Salmonella enterica	azithromycin	azithromycin	=		µg/mL	Susceptible	CLSI, NARMS	Broth dilution	bv_brc_genome_amr	high
29678910	199	SAMN08514413	BioSample	Salmonella enterica	ceftriaxone	ceftriaxone	=		µg/mL	Susceptible	CLSI, NARMS	Broth dilution	bv_brc_genome_amr	high
29678910	72	SAMN08514286	BioSample	Salmonella enterica	ampicillin	ampicillin	=		µg/mL	Susceptible	CLSI, NARMS	Broth dilution	bv_brc_genome_amr	high
29678910	30	SAMN08514244	BioSample	Salmonella enterica	ciprofloxacin	ciprofloxacin	=		µg/mL	Susceptible	CLSI, NARMS	Broth dilution	bv_brc_genome_amr	high
29678910	185	SAMN08514399	BioSample	Salmonella enterica	azithromycin	azithromycin	=		µg/mL	Susceptible	CLSI, NARMS	Broth dilution	bv_brc_genome_amr	high
29678910	70	SAMN08514284	BioSample	Salmonella enterica	ciprofloxacin	ciprofloxacin	=		µg/mL	Susceptible	CLSI, NARMS	Broth dilution	bv_brc_genome_amr	high
29678910	174	SAMN08514388	BioSample	Salmonella enterica	ampicillin	ampicillin	=		µg/mL	Susceptible	CLSI, NARMS	Broth dilution	bv_brc_genome_amr	high
29678910	101	SAMN08514315	BioSample	Salmonella enterica	ceftriaxone	ceftriaxone	=		µg/mL	Susceptible	CLSI, NARMS	Broth dilution	bv_brc_genome_amr	high
29678910	115	SAMN08514329	BioSample	Salmonella enterica	amoxicillin-clavulanic_acid	amoxicillin/clavulanic acid	=		µg/mL	Susceptible	CLSI, NARMS	Broth dilution	bv_brc_genome_amr	high
29678910	224	SAMN08514438	BioSample	Salmonella enterica	ciprofloxacin	ciprofloxacin	=		µg/mL	Susceptible	CLSI, NARMS	Broth dilution	bv_brc_genome_amr	high
29678910	94	SAMN08514308	BioSample	Salmonella enterica	azithromycin	azithromycin	=		µg/mL	Susceptible	CLSI, NARMS	Broth dilution	bv_brc_genome_amr	high
29678910	49	SAMN08514263	BioSample	Salmonella enterica	ciprofloxacin	ciprofloxacin	=		µg/mL	Susceptible	CLSI, NARMS	Broth dilution	bv_brc_genome_amr	high
29678910	215	SAMN08514429	BioSample	Salmonella enterica	ciprofloxacin	ciprofloxacin	=		µg/mL	Susceptible	CLSI, NARMS	Broth dilution	bv_brc_genome_amr	high
29678910	234	SAMN08514448	BioSample	Salmonella enterica	amoxicillin-clavulanic_acid	amoxicillin/clavulanic acid	=		µg/mL	Susceptible	CLSI, NARMS	Broth dilution	bv_brc_genome_amr	high
29678910	57	SAMN08514271	BioSample	Salmonella enterica	ciprofloxacin	ciprofloxacin	=		µg/mL	Susceptible	CLSI, NARMS	Broth dilution	bv_brc_genome_amr	high
29678910	110	SAMN08514324	BioSample	Salmonella enterica	ceftriaxone	ceftriaxone	=		µg/mL	Susceptible	CLSI, NARMS	Broth dilution	bv_brc_genome_amr	high
29678910	55	SAMN08514269	BioSample	Salmonella enterica	ceftriaxone	ceftriaxone	=		µg/mL	Susceptible	CLSI, NARMS	Broth dilution	bv_brc_genome_amr	high
29678910	21	SAMN08514235	BioSample	Salmonella enterica	amoxicillin-clavulanic_acid	amoxicillin/clavulanic acid	=		µg/mL	Resistant	CLSI, NARMS	Broth dilution	bv_brc_genome_amr	high
29678910	17	SAMN08514231	BioSample	Salmonella enterica	ampicillin	ampicillin	=		µg/mL	Susceptible	CLSI, NARMS	Broth dilution	bv_brc_genome_amr	high
29678910	235	SAMN08514449	BioSample	Salmonella enterica	ceftriaxone	ceftriaxone	=		µg/mL	Susceptible	CLSI, NARMS	Broth dilution	bv_brc_genome_amr	high
29678910	191	SAMN08514405	BioSample	Salmonella enterica	ciprofloxacin	ciprofloxacin	=		µg/mL	Susceptible	CLSI, NARMS	Broth dilution	bv_brc_genome_amr	high
29678910	22	SAMN08514236	BioSample	Salmonella enterica	ampicillin	ampicillin	=		µg/mL	Susceptible	CLSI, NARMS	Broth dilution	bv_brc_genome_amr	high
29678910	145	SAMN08514359	BioSample	Salmonella enterica	ampicillin	ampicillin	=		µg/mL	Susceptible	CLSI, NARMS	Broth dilution	bv_brc_genome_amr	high
29678910	3	SAMN08514217	BioSample	Salmonella enterica	ceftriaxone	ceftriaxone	=		µg/mL	Susceptible	CLSI, NARMS	Broth dilution	bv_brc_genome_amr	high
29678910	222	SAMN08514436	BioSample	Salmonella enterica	ciprofloxacin	ciprofloxacin	=		µg/mL	Susceptible	CLSI, NARMS	Broth dilution	bv_brc_genome_amr	high
29678910	165	SAMN08514379	BioSample	Salmonella enterica	ampicillin	ampicillin	=		µg/mL	Resistant	CLSI, NARMS	Broth dilution	bv_brc_genome_amr	high
29678910	192	SAMN08514406	BioSample	Salmonella enterica	ciprofloxacin	ciprofloxacin	=		µg/mL	Susceptible	CLSI, NARMS	Broth dilution	bv_brc_genome_amr	high
29678910	142	SAMN08514356	BioSample	Salmonella enterica	ceftriaxone	ceftriaxone	=		µg/mL	Susceptible	CLSI, NARMS	Broth dilution	bv_brc_genome_amr	high
29678910	126	SAMN08514340	BioSample	Salmonella enterica	ciprofloxacin	ciprofloxacin	=		µg/mL	Susceptible	CLSI, NARMS	Broth dilution	bv_brc_genome_amr	high
29678910	127	SAMN08514341	BioSample	Salmonella enterica	ampicillin	ampicillin	=		µg/mL	Susceptible	CLSI, NARMS	Broth dilution	bv_brc_genome_amr	high
29678910	249	SAMN08514463	BioSample	Salmonella enterica	azithromycin	azithromycin	=		µg/mL	Susceptible	CLSI, NARMS	Broth dilution	bv_brc_genome_amr	high
29678910	48	SAMN08514262	BioSample	Salmonella enterica	azithromycin	azithromycin	=		µg/mL	Susceptible	CLSI, NARMS	Broth dilution	bv_brc_genome_amr	high
29678910	124	SAMN08514338	BioSample	Salmonella enterica	ampicillin	ampicillin	=		µg/mL	Susceptible	CLSI, NARMS	Broth dilution	bv_brc_genome_amr	high
29678910	236	SAMN08514450	BioSample	Salmonella enterica	ciprofloxacin	ciprofloxacin	=		µg/mL	Susceptible	CLSI, NARMS	Broth dilution	bv_brc_genome_amr	high
29678910	216	SAMN08514430	BioSample	Salmonella enterica	amoxicillin-clavulanic_acid	amoxicillin/clavulanic acid	=		µg/mL	Susceptible	CLSI, NARMS	Broth dilution	bv_brc_genome_amr	high
29678910	65	SAMN08514279	BioSample	Salmonella enterica	ciprofloxacin	ciprofloxacin	=		µg/mL	Susceptible	CLSI, NARMS	Broth dilution	bv_brc_genome_amr	high
29678910	182	SAMN08514396	BioSample	Salmonella enterica	amoxicillin-clavulanic_acid	amoxicillin/clavulanic acid	=		µg/mL	Susceptible	CLSI, NARMS	Broth dilution	bv_brc_genome_amr	high
29678910	139	SAMN08514353	BioSample	Salmonella enterica	amoxicillin-clavulanic_acid	amoxicillin/clavulanic acid	=		µg/mL	Susceptible	CLSI, NARMS	Broth dilution	bv_brc_genome_amr	high
29678910	137	SAMN08514351	BioSample	Salmonella enterica	ceftriaxone	ceftriaxone	=		µg/mL	Susceptible	CLSI, NARMS	Broth dilution	bv_brc_genome_amr	high
29678910	182	SAMN08514396	BioSample	Salmonella enterica	ampicillin	ampicillin	=		µg/mL	Susceptible	CLSI, NARMS	Broth dilution	bv_brc_genome_amr	high
29678910	19	SAMN08514233	BioSample	Salmonella enterica	azithromycin	azithromycin	=		µg/mL	Susceptible	CLSI, NARMS	Broth dilution	bv_brc_genome_amr	high
29678910	70	SAMN08514284	BioSample	Salmonella enterica	ampicillin	ampicillin	=		µg/mL	Susceptible	CLSI, NARMS	Broth dilution	bv_brc_genome_amr	high
29678910	85	SAMN08514299	BioSample	Salmonella enterica	ceftriaxone	ceftriaxone	=		µg/mL	Susceptible	CLSI, NARMS	Broth dilution	bv_brc_genome_amr	high
29678910	28	SAMN08514242	BioSample	Salmonella enterica	ciprofloxacin	ciprofloxacin	=		µg/mL	Susceptible	CLSI, NARMS	Broth dilution	bv_brc_genome_amr	high
29678910	106	SAMN08514320	BioSample	Salmonella enterica	ampicillin	ampicillin	=		µg/mL	Susceptible	CLSI, NARMS	Broth dilution	bv_brc_genome_amr	high
29678910	5	SAMN08514219	BioSample	Salmonella enterica	amoxicillin-clavulanic_acid	amoxicillin/clavulanic acid	=		µg/mL	Susceptible	CLSI, NARMS	Broth dilution	bv_brc_genome_amr	high
29678910	114	SAMN08514328	BioSample	Salmonella enterica	amoxicillin-clavulanic_acid	amoxicillin/clavulanic acid	=		µg/mL	Susceptible	CLSI, NARMS	Broth dilution	bv_brc_genome_amr	high
29678910	228	SAMN08514442	BioSample	Salmonella enterica	azithromycin	azithromycin	=		µg/mL	Susceptible	CLSI, NARMS	Broth dilution	bv_brc_genome_amr	high
29678910	109	SAMN08514323	BioSample	Salmonella enterica	ciprofloxacin	ciprofloxacin	=		µg/mL	Susceptible	CLSI, NARMS	Broth dilution	bv_brc_genome_amr	high
29678910	130	SAMN08514344	BioSample	Salmonella enterica	amoxicillin-clavulanic_acid	amoxicillin/clavulanic acid	=		µg/mL	Susceptible	CLSI, NARMS	Broth dilution	bv_brc_genome_amr	high
29678910	15	SAMN08514229	BioSample	Salmonella enterica	azithromycin	azithromycin	=		µg/mL	Susceptible	CLSI, NARMS	Broth dilution	bv_brc_genome_amr	high
29678910	123	SAMN08514337	BioSample	Salmonella enterica	ceftriaxone	ceftriaxone	=		µg/mL	Susceptible	CLSI, NARMS	Broth dilution	bv_brc_genome_amr	high
29678910	251	SAMN08514465	BioSample	Salmonella enterica	ampicillin	ampicillin	=		µg/mL	Resistant	CLSI, NARMS	Broth dilution	bv_brc_genome_amr	high
29678910	157	SAMN08514371	BioSample	Salmonella enterica	ampicillin	ampicillin	=		µg/mL	Susceptible	CLSI, NARMS	Broth dilution	bv_brc_genome_amr	high
29678910	91	SAMN08514305	BioSample	Salmonella enterica	amoxicillin-clavulanic_acid	amoxicillin/clavulanic acid	=		µg/mL	Susceptible	CLSI, NARMS	Broth dilution	bv_brc_genome_amr	high
29678910	132	SAMN08514346	BioSample	Salmonella enterica	ceftriaxone	ceftriaxone	=		µg/mL	Susceptible	CLSI, NARMS	Broth dilution	bv_brc_genome_amr	high
29678910	132	SAMN08514346	BioSample	Salmonella enterica	ampicillin	ampicillin	=		µg/mL	Susceptible	CLSI, NARMS	Broth dilution	bv_brc_genome_amr	high
29678910	56	SAMN08514270	BioSample	Salmonella enterica	amoxicillin-clavulanic_acid	amoxicillin/clavulanic acid	=		µg/mL	Susceptible	CLSI, NARMS	Broth dilution	bv_brc_genome_amr	high
29678910	220	SAMN08514434	BioSample	Salmonella enterica	ciprofloxacin	ciprofloxacin	=		µg/mL	Susceptible	CLSI, NARMS	Broth dilution	bv_brc_genome_amr	high
29678910	134	SAMN08514348	BioSample	Salmonella enterica	ceftriaxone	ceftriaxone	=		µg/mL	Susceptible	CLSI, NARMS	Broth dilution	bv_brc_genome_amr	high
29678910	123	SAMN08514337	BioSample	Salmonella enterica	amoxicillin-clavulanic_acid	amoxicillin/clavulanic acid	=		µg/mL	Susceptible	CLSI, NARMS	Broth dilution	bv_brc_genome_amr	high
29678910	226	SAMN08514440	BioSample	Salmonella enterica	ciprofloxacin	ciprofloxacin	=		µg/mL	Susceptible	CLSI, NARMS	Broth dilution	bv_brc_genome_amr	high
29678910	45	SAMN08514259	BioSample	Salmonella enterica	amoxicillin-clavulanic_acid	amoxicillin/clavulanic acid	=		µg/mL	Susceptible	CLSI, NARMS	Broth dilution	bv_brc_genome_amr	high
29678910	58	SAMN08514272	BioSample	Salmonella enterica	amoxicillin-clavulanic_acid	amoxicillin/clavulanic acid	=		µg/mL	Susceptible	CLSI, NARMS	Broth dilution	bv_brc_genome_amr	high
29678910	219	SAMN08514433	BioSample	Salmonella enterica	amoxicillin-clavulanic_acid	amoxicillin/clavulanic acid	=		µg/mL	Susceptible	CLSI, NARMS	Broth dilution	bv_brc_genome_amr	high
29678910	141	SAMN08514355	BioSample	Salmonella enterica	azithromycin	azithromycin	=		µg/mL	Susceptible	CLSI, NARMS	Broth dilution	bv_brc_genome_amr	high
29678910	69	SAMN08514283	BioSample	Salmonella enterica	amoxicillin-clavulanic_acid	amoxicillin/clavulanic acid	=		µg/mL	Susceptible	CLSI, NARMS	Broth dilution	bv_brc_genome_amr	high
29678910	138	SAMN08514352	BioSample	Salmonella enterica	amoxicillin-clavulanic_acid	amoxicillin/clavulanic acid	=		µg/mL	Susceptible	CLSI, NARMS	Broth dilution	bv_brc_genome_amr	high
29678910	82	SAMN08514296	BioSample	Salmonella enterica	ampicillin	ampicillin	=		µg/mL	Susceptible	CLSI, NARMS	Broth dilution	bv_brc_genome_amr	high
29678910	218	SAMN08514432	BioSample	Salmonella enterica	ciprofloxacin	ciprofloxacin	=		µg/mL	Susceptible	CLSI, NARMS	Broth dilution	bv_brc_genome_amr	high
29678910	253	SAMN08514467	BioSample	Salmonella enterica	azithromycin	azithromycin	=		µg/mL	Susceptible	CLSI, NARMS	Broth dilution	bv_brc_genome_amr	high
29678910	115	SAMN08514329	BioSample	Salmonella enterica	ciprofloxacin	ciprofloxacin	=		µg/mL	Susceptible	CLSI, NARMS	Broth dilution	bv_brc_genome_amr	high
29678910	70	SAMN08514284	BioSample	Salmonella enterica	ceftriaxone	ceftriaxone	=		µg/mL	Susceptible	CLSI, NARMS	Broth dilution	bv_brc_genome_amr	high
29678910	147	SAMN08514361	BioSample	Salmonella enterica	ampicillin	ampicillin	=		µg/mL	Susceptible	CLSI, NARMS	Broth dilution	bv_brc_genome_amr	high
29678910	173	SAMN08514387	BioSample	Salmonella enterica	ceftriaxone	ceftriaxone	=		µg/mL	Susceptible	CLSI, NARMS	Broth dilution	bv_brc_genome_amr	high
29678910	183	SAMN08514397	BioSample	Salmonella enterica	amoxicillin-clavulanic_acid	amoxicillin/clavulanic acid	=		µg/mL	Susceptible	CLSI, NARMS	Broth dilution	bv_brc_genome_amr	high
29678910	136	SAMN08514350	BioSample	Salmonella enterica	azithromycin	azithromycin	=		µg/mL	Susceptible	CLSI, NARMS	Broth dilution	bv_brc_genome_amr	high
29678910	84	SAMN08514298	BioSample	Salmonella enterica	ceftriaxone	ceftriaxone	=		µg/mL	Susceptible	CLSI, NARMS	Broth dilution	bv_brc_genome_amr	high
29678910	198	SAMN08514412	BioSample	Salmonella enterica	ceftriaxone	ceftriaxone	=		µg/mL	Susceptible	CLSI, NARMS	Broth dilution	bv_brc_genome_amr	high
29678910	79	SAMN08514293	BioSample	Salmonella enterica	amoxicillin-clavulanic_acid	amoxicillin/clavulanic acid	=		µg/mL	Susceptible	CLSI, NARMS	Broth dilution	bv_brc_genome_amr	high
29678910	189	SAMN08514403	BioSample	Salmonella enterica	amoxicillin-clavulanic_acid	amoxicillin/clavulanic acid	=		µg/mL	Susceptible	CLSI, NARMS	Broth dilution	bv_brc_genome_amr	high
29678910	33	SAMN08514247	BioSample	Salmonella enterica	ceftriaxone	ceftriaxone	=		µg/mL	Susceptible	CLSI, NARMS	Broth dilution	bv_brc_genome_amr	high
29678910	56	SAMN08514270	BioSample	Salmonella enterica	ciprofloxacin	ciprofloxacin	=		µg/mL	Susceptible	CLSI, NARMS	Broth dilution	bv_brc_genome_amr	high
29678910	94	SAMN08514308	BioSample	Salmonella enterica	ciprofloxacin	ciprofloxacin	=		µg/mL	Susceptible	CLSI, NARMS	Broth dilution	bv_brc_genome_amr	high
29678910	86	SAMN08514300	BioSample	Salmonella enterica	amoxicillin-clavulanic_acid	amoxicillin/clavulanic acid	=		µg/mL	Susceptible	CLSI, NARMS	Broth dilution	bv_brc_genome_amr	high
29678910	204	SAMN08514418	BioSample	Salmonella enterica	ampicillin	ampicillin	=		µg/mL	Susceptible	CLSI, NARMS	Broth dilution	bv_brc_genome_amr	high
29678910	53	SAMN08514267	BioSample	Salmonella enterica	ceftriaxone	ceftriaxone	=		µg/mL	Susceptible	CLSI, NARMS	Broth dilution	bv_brc_genome_amr	high
29678910	32	SAMN08514246	BioSample	Salmonella enterica	ampicillin	ampicillin	=		µg/mL	Susceptible	CLSI, NARMS	Broth dilution	bv_brc_genome_amr	high
29678910	154	SAMN08514368	BioSample	Salmonella enterica	azithromycin	azithromycin	=		µg/mL	Susceptible	CLSI, NARMS	Broth dilution	bv_brc_genome_amr	high
29678910	144	SAMN08514358	BioSample	Salmonella enterica	ceftriaxone	ceftriaxone	=		µg/mL	Susceptible	CLSI, NARMS	Broth dilution	bv_brc_genome_amr	high
29678910	205	SAMN08514419	BioSample	Salmonella enterica	ampicillin	ampicillin	=		µg/mL	Susceptible	CLSI, NARMS	Broth dilution	bv_brc_genome_amr	high
29678910	166	SAMN08514380	BioSample	Salmonella enterica	azithromycin	azithromycin	=		µg/mL	Susceptible	CLSI, NARMS	Broth dilution	bv_brc_genome_amr	high
29678910	27	SAMN08514241	BioSample	Salmonella enterica	ciprofloxacin	ciprofloxacin	=		µg/mL	Susceptible	CLSI, NARMS	Broth dilution	bv_brc_genome_amr	high
29678910	163	SAMN08514377	BioSample	Salmonella enterica	ampicillin	ampicillin	=		µg/mL	Susceptible	CLSI, NARMS	Broth dilution	bv_brc_genome_amr	high
29678910	4	SAMN08514218	BioSample	Salmonella enterica	ampicillin	ampicillin	=		µg/mL	Resistant	CLSI, NARMS	Broth dilution	bv_brc_genome_amr	high
29678910	98	SAMN08514312	BioSample	Salmonella enterica	azithromycin	azithromycin	=		µg/mL	Susceptible	CLSI, NARMS	Broth dilution	bv_brc_genome_amr	high
29678910	246	SAMN08514460	BioSample	Salmonella enterica	ampicillin	ampicillin	=		µg/mL	Susceptible	CLSI, NARMS	Broth dilution	bv_brc_genome_amr	high
29678910	43	SAMN08514257	BioSample	Salmonella enterica	ampicillin	ampicillin	=		µg/mL	Susceptible	CLSI, NARMS	Broth dilution	bv_brc_genome_amr	high
29678910	105	SAMN08514319	BioSample	Salmonella enterica	ampicillin	ampicillin	=		µg/mL	Susceptible	CLSI, NARMS	Broth dilution	bv_brc_genome_amr	high
29678910	81	SAMN08514295	BioSample	Salmonella enterica	ciprofloxacin	ciprofloxacin	=		µg/mL	Susceptible	CLSI, NARMS	Broth dilution	bv_brc_genome_amr	high
29678910	23	SAMN08514237	BioSample	Salmonella enterica	azithromycin	azithromycin	=		µg/mL	Susceptible	CLSI, NARMS	Broth dilution	bv_brc_genome_amr	high
29678910	75	SAMN08514289	BioSample	Salmonella enterica	azithromycin	azithromycin	=		µg/mL	Susceptible	CLSI, NARMS	Broth dilution	bv_brc_genome_amr	high
29678910	250	SAMN08514464	BioSample	Salmonella enterica	amoxicillin-clavulanic_acid	amoxicillin/clavulanic acid	=		µg/mL	Susceptible	CLSI, NARMS	Broth dilution	bv_brc_genome_amr	high
29678910	217	SAMN08514431	BioSample	Salmonella enterica	amoxicillin-clavulanic_acid	amoxicillin/clavulanic acid	=		µg/mL	Susceptible	CLSI, NARMS	Broth dilution	bv_brc_genome_amr	high
29678910	39	SAMN08514253	BioSample	Salmonella enterica	azithromycin	azithromycin	=		µg/mL	Susceptible	CLSI, NARMS	Broth dilution	bv_brc_genome_amr	high
29678910	113	SAMN08514327	BioSample	Salmonella enterica	azithromycin	azithromycin	=		µg/mL	Susceptible	CLSI, NARMS	Broth dilution	bv_brc_genome_amr	high
29678910	45	SAMN08514259	BioSample	Salmonella enterica	ceftriaxone	ceftriaxone	=		µg/mL	Susceptible	CLSI, NARMS	Broth dilution	bv_brc_genome_amr	high
29678910	171	SAMN08514385	BioSample	Salmonella enterica	ampicillin	ampicillin	=		µg/mL	Susceptible	CLSI, NARMS	Broth dilution	bv_brc_genome_amr	high
29678910	93	SAMN08514307	BioSample	Salmonella enterica	ceftriaxone	ceftriaxone	=		µg/mL	Susceptible	CLSI, NARMS	Broth dilution	bv_brc_genome_amr	high
29678910	47	SAMN08514261	BioSample	Salmonella enterica	ceftriaxone	ceftriaxone	=		µg/mL	Susceptible	CLSI, NARMS	Broth dilution	bv_brc_genome_amr	high
29678910	217	SAMN08514431	BioSample	Salmonella enterica	ampicillin	ampicillin	=		µg/mL	Susceptible	CLSI, NARMS	Broth dilution	bv_brc_genome_amr	high
29678910	96	SAMN08514310	BioSample	Salmonella enterica	amoxicillin-clavulanic_acid	amoxicillin/clavulanic acid	=		µg/mL	Susceptible	CLSI, NARMS	Broth dilution	bv_brc_genome_amr	high
29678910	148	SAMN08514362	BioSample	Salmonella enterica	ampicillin	ampicillin	=		µg/mL	Susceptible	CLSI, NARMS	Broth dilution	bv_brc_genome_amr	high
29678910	203	SAMN08514417	BioSample	Salmonella enterica	azithromycin	azithromycin	=		µg/mL	Susceptible	CLSI, NARMS	Broth dilution	bv_brc_genome_amr	high
29678910	122	SAMN08514336	BioSample	Salmonella enterica	amoxicillin-clavulanic_acid	amoxicillin/clavulanic acid	=		µg/mL	Susceptible	CLSI, NARMS	Broth dilution	bv_brc_genome_amr	high
29678910	195	SAMN08514409	BioSample	Salmonella enterica	ciprofloxacin	ciprofloxacin	=		µg/mL	Susceptible	CLSI, NARMS	Broth dilution	bv_brc_genome_amr	high
29678910	188	SAMN08514402	BioSample	Salmonella enterica	azithromycin	azithromycin	=		µg/mL	Susceptible	CLSI, NARMS	Broth dilution	bv_brc_genome_amr	high
29678910	163	SAMN08514377	BioSample	Salmonella enterica	azithromycin	azithromycin	=		µg/mL	Susceptible	CLSI, NARMS	Broth dilution	bv_brc_genome_amr	high
29678910	34	SAMN08514248	BioSample	Salmonella enterica	amoxicillin-clavulanic_acid	amoxicillin/clavulanic acid	=		µg/mL	Susceptible	CLSI, NARMS	Broth dilution	bv_brc_genome_amr	high
29678910	227	SAMN08514441	BioSample	Salmonella enterica	ampicillin	ampicillin	=		µg/mL	Resistant	CLSI, NARMS	Broth dilution	bv_brc_genome_amr	high
29678910	35	SAMN08514249	BioSample	Salmonella enterica	ampicillin	ampicillin	=		µg/mL	Resistant	CLSI, NARMS	Broth dilution	bv_brc_genome_amr	high
29678910	40	SAMN08514254	BioSample	Salmonella enterica	azithromycin	azithromycin	=		µg/mL	Susceptible	CLSI, NARMS	Broth dilution	bv_brc_genome_amr	high
29678910	182	SAMN08514396	BioSample	Salmonella enterica	ceftriaxone	ceftriaxone	=		µg/mL	Susceptible	CLSI, NARMS	Broth dilution	bv_brc_genome_amr	high
29678910	232	SAMN08514446	BioSample	Salmonella enterica	ampicillin	ampicillin	=		µg/mL	Susceptible	CLSI, NARMS	Broth dilution	bv_brc_genome_amr	high
29678910	238	SAMN08514452	BioSample	Salmonella enterica	ciprofloxacin	ciprofloxacin	=		µg/mL	Susceptible	CLSI, NARMS	Broth dilution	bv_brc_genome_amr	high
29678910	148	SAMN08514362	BioSample	Salmonella enterica	ciprofloxacin	ciprofloxacin	=		µg/mL	Susceptible	CLSI, NARMS	Broth dilution	bv_brc_genome_amr	high
29678910	145	SAMN08514359	BioSample	Salmonella enterica	ceftriaxone	ceftriaxone	=		µg/mL	Susceptible	CLSI, NARMS	Broth dilution	bv_brc_genome_amr	high
29678910	140	SAMN08514354	BioSample	Salmonella enterica	ampicillin	ampicillin	=		µg/mL	Susceptible	CLSI, NARMS	Broth dilution	bv_brc_genome_amr	high
29678910	120	SAMN08514334	BioSample	Salmonella enterica	ceftriaxone	ceftriaxone	=		µg/mL	Susceptible	CLSI, NARMS	Broth dilution	bv_brc_genome_amr	high
29678910	221	SAMN08514435	BioSample	Salmonella enterica	ciprofloxacin	ciprofloxacin	=		µg/mL	Susceptible	CLSI, NARMS	Broth dilution	bv_brc_genome_amr	high
29678910	235	SAMN08514449	BioSample	Salmonella enterica	amoxicillin-clavulanic_acid	amoxicillin/clavulanic acid	=		µg/mL	Susceptible	CLSI, NARMS	Broth dilution	bv_brc_genome_amr	high
29678910	121	SAMN08514335	BioSample	Salmonella enterica	ampicillin	ampicillin	=		µg/mL	Susceptible	CLSI, NARMS	Broth dilution	bv_brc_genome_amr	high
29678910	215	SAMN08514429	BioSample	Salmonella enterica	amoxicillin-clavulanic_acid	amoxicillin/clavulanic acid	=		µg/mL	Susceptible	CLSI, NARMS	Broth dilution	bv_brc_genome_amr	high
29678910	31	SAMN08514245	BioSample	Salmonella enterica	ampicillin	ampicillin	=		µg/mL	Susceptible	CLSI, NARMS	Broth dilution	bv_brc_genome_amr	high
29678910	63	SAMN08514277	BioSample	Salmonella enterica	amoxicillin-clavulanic_acid	amoxicillin/clavulanic acid	=		µg/mL	Susceptible	CLSI, NARMS	Broth dilution	bv_brc_genome_amr	high
29678910	174	SAMN08514388	BioSample	Salmonella enterica	amoxicillin-clavulanic_acid	amoxicillin/clavulanic acid	=		µg/mL	Susceptible	CLSI, NARMS	Broth dilution	bv_brc_genome_amr	high
29678910	239	SAMN08514453	BioSample	Salmonella enterica	ampicillin	ampicillin	=		µg/mL	Susceptible	CLSI, NARMS	Broth dilution	bv_brc_genome_amr	high
29678910	41	SAMN08514255	BioSample	Salmonella enterica	ceftriaxone	ceftriaxone	=		µg/mL	Susceptible	CLSI, NARMS	Broth dilution	bv_brc_genome_amr	high
29678910	42	SAMN08514256	BioSample	Salmonella enterica	ceftriaxone	ceftriaxone	=		µg/mL	Susceptible	CLSI, NARMS	Broth dilution	bv_brc_genome_amr	high
29678910	146	SAMN08514360	BioSample	Salmonella enterica	ciprofloxacin	ciprofloxacin	=		µg/mL	Susceptible	CLSI, NARMS	Broth dilution	bv_brc_genome_amr	high
29678910	238	SAMN08514452	BioSample	Salmonella enterica	ceftriaxone	ceftriaxone	=		µg/mL	Susceptible	CLSI, NARMS	Broth dilution	bv_brc_genome_amr	high
29678910	164	SAMN08514378	BioSample	Salmonella enterica	ceftriaxone	ceftriaxone	=		µg/mL	Susceptible	CLSI, NARMS	Broth dilution	bv_brc_genome_amr	high
29678910	77	SAMN08514291	BioSample	Salmonella enterica	amoxicillin-clavulanic_acid	amoxicillin/clavulanic acid	=		µg/mL	Susceptible	CLSI, NARMS	Broth dilution	bv_brc_genome_amr	high
29678910	117	SAMN08514331	BioSample	Salmonella enterica	amoxicillin-clavulanic_acid	amoxicillin/clavulanic acid	=		µg/mL	Susceptible	CLSI, NARMS	Broth dilution	bv_brc_genome_amr	high
29678910	125	SAMN08514339	BioSample	Salmonella enterica	ceftriaxone	ceftriaxone	=		µg/mL	Susceptible	CLSI, NARMS	Broth dilution	bv_brc_genome_amr	high
29678910	55	SAMN08514269	BioSample	Salmonella enterica	ciprofloxacin	ciprofloxacin	=		µg/mL	Susceptible	CLSI, NARMS	Broth dilution	bv_brc_genome_amr	high
29678910	92	SAMN08514306	BioSample	Salmonella enterica	azithromycin	azithromycin	=		µg/mL	Susceptible	CLSI, NARMS	Broth dilution	bv_brc_genome_amr	high
29678910	115	SAMN08514329	BioSample	Salmonella enterica	ceftriaxone	ceftriaxone	=		µg/mL	Susceptible	CLSI, NARMS	Broth dilution	bv_brc_genome_amr	high
29678910	62	SAMN08514276	BioSample	Salmonella enterica	ciprofloxacin	ciprofloxacin	=		µg/mL	Susceptible	CLSI, NARMS	Broth dilution	bv_brc_genome_amr	high
29678910	10	SAMN08514224	BioSample	Salmonella enterica	ceftriaxone	ceftriaxone	=		µg/mL	Susceptible	CLSI, NARMS	Broth dilution	bv_brc_genome_amr	high
29678910	5	SAMN08514219	BioSample	Salmonella enterica	azithromycin	azithromycin	=		µg/mL	Susceptible	CLSI, NARMS	Broth dilution	bv_brc_genome_amr	high
29678910	240	SAMN08514454	BioSample	Salmonella enterica	azithromycin	azithromycin	=		µg/mL	Susceptible	CLSI, NARMS	Broth dilution	bv_brc_genome_amr	high
29678910	135	SAMN08514349	BioSample	Salmonella enterica	amoxicillin-clavulanic_acid	amoxicillin/clavulanic acid	=		µg/mL	Susceptible	CLSI, NARMS	Broth dilution	bv_brc_genome_amr	high
29678910	154	SAMN08514368	BioSample	Salmonella enterica	ampicillin	ampicillin	=		µg/mL	Susceptible	CLSI, NARMS	Broth dilution	bv_brc_genome_amr	high
29678910	149	SAMN08514363	BioSample	Salmonella enterica	azithromycin	azithromycin	=		µg/mL	Susceptible	CLSI, NARMS	Broth dilution	bv_brc_genome_amr	high
29678910	16	SAMN08514230	BioSample	Salmonella enterica	ampicillin	ampicillin	=		µg/mL	Susceptible	CLSI, NARMS	Broth dilution	bv_brc_genome_amr	high
29678910	231	SAMN08514445	BioSample	Salmonella enterica	azithromycin	azithromycin	=		µg/mL	Susceptible	CLSI, NARMS	Broth dilution	bv_brc_genome_amr	high
29678910	126	SAMN08514340	BioSample	Salmonella enterica	ampicillin	ampicillin	=		µg/mL	Susceptible	CLSI, NARMS	Broth dilution	bv_brc_genome_amr	high
29678910	45	SAMN08514259	BioSample	Salmonella enterica	ampicillin	ampicillin	=		µg/mL	Susceptible	CLSI, NARMS	Broth dilution	bv_brc_genome_amr	high
29678910	82	SAMN08514296	BioSample	Salmonella enterica	ciprofloxacin	ciprofloxacin	=		µg/mL	Susceptible	CLSI, NARMS	Broth dilution	bv_brc_genome_amr	high
29678910	169	SAMN08514383	BioSample	Salmonella enterica	amoxicillin-clavulanic_acid	amoxicillin/clavulanic acid	=		µg/mL	Susceptible	CLSI, NARMS	Broth dilution	bv_brc_genome_amr	high
29678910	232	SAMN08514446	BioSample	Salmonella enterica	amoxicillin-clavulanic_acid	amoxicillin/clavulanic acid	=		µg/mL	Susceptible	CLSI, NARMS	Broth dilution	bv_brc_genome_amr	high
29678910	105	SAMN08514319	BioSample	Salmonella enterica	azithromycin	azithromycin	=		µg/mL	Susceptible	CLSI, NARMS	Broth dilution	bv_brc_genome_amr	high
29678910	133	SAMN08514347	BioSample	Salmonella enterica	ciprofloxacin	ciprofloxacin	=		µg/mL	Susceptible	CLSI, NARMS	Broth dilution	bv_brc_genome_amr	high
29678910	45	SAMN08514259	BioSample	Salmonella enterica	ciprofloxacin	ciprofloxacin	=		µg/mL	Susceptible	CLSI, NARMS	Broth dilution	bv_brc_genome_amr	high
29678910	84	SAMN08514298	BioSample	Salmonella enterica	amoxicillin-clavulanic_acid	amoxicillin/clavulanic acid	=		µg/mL	Susceptible	CLSI, NARMS	Broth dilution	bv_brc_genome_amr	high
29678910	154	SAMN08514368	BioSample	Salmonella enterica	ciprofloxacin	ciprofloxacin	=		µg/mL	Susceptible	CLSI, NARMS	Broth dilution	bv_brc_genome_amr	high
29678910	164	SAMN08514378	BioSample	Salmonella enterica	azithromycin	azithromycin	=		µg/mL	Susceptible	CLSI, NARMS	Broth dilution	bv_brc_genome_amr	high
29678910	177	SAMN08514391	BioSample	Salmonella enterica	azithromycin	azithromycin	=		µg/mL	Susceptible	CLSI, NARMS	Broth dilution	bv_brc_genome_amr	high
29678910	189	SAMN08514403	BioSample	Salmonella enterica	ciprofloxacin	ciprofloxacin	=		µg/mL	Susceptible	CLSI, NARMS	Broth dilution	bv_brc_genome_amr	high
29678910	241	SAMN08514455	BioSample	Salmonella enterica	ciprofloxacin	ciprofloxacin	=		µg/mL	Susceptible	CLSI, NARMS	Broth dilution	bv_brc_genome_amr	high
29678910	249	SAMN08514463	BioSample	Salmonella enterica	amoxicillin-clavulanic_acid	amoxicillin/clavulanic acid	=		µg/mL	Susceptible	CLSI, NARMS	Broth dilution	bv_brc_genome_amr	high
29678910	153	SAMN08514367	BioSample	Salmonella enterica	ciprofloxacin	ciprofloxacin	=		µg/mL	Susceptible	CLSI, NARMS	Broth dilution	bv_brc_genome_amr	high
29678910	80	SAMN08514294	BioSample	Salmonella enterica	ciprofloxacin	ciprofloxacin	=		µg/mL	Susceptible	CLSI, NARMS	Broth dilution	bv_brc_genome_amr	high
29678910	253	SAMN08514467	BioSample	Salmonella enterica	ampicillin	ampicillin	=		µg/mL	Susceptible	CLSI, NARMS	Broth dilution	bv_brc_genome_amr	high
29678910	54	SAMN08514268	BioSample	Salmonella enterica	amoxicillin-clavulanic_acid	amoxicillin/clavulanic acid	=		µg/mL	Susceptible	CLSI, NARMS	Broth dilution	bv_brc_genome_amr	high
29678910	157	SAMN08514371	BioSample	Salmonella enterica	azithromycin	azithromycin	=		µg/mL	Susceptible	CLSI, NARMS	Broth dilution	bv_brc_genome_amr	high
29678910	197	SAMN08514411	BioSample	Salmonella enterica	ceftriaxone	ceftriaxone	=		µg/mL	Susceptible	CLSI, NARMS	Broth dilution	bv_brc_genome_amr	high
29678910	253	SAMN08514467	BioSample	Salmonella enterica	amoxicillin-clavulanic_acid	amoxicillin/clavulanic acid	=		µg/mL	Susceptible	CLSI, NARMS	Broth dilution	bv_brc_genome_amr	high
29678910	45	SAMN08514259	BioSample	Salmonella enterica	azithromycin	azithromycin	=		µg/mL	Susceptible	CLSI, NARMS	Broth dilution	bv_brc_genome_amr	high
29678910	80	SAMN08514294	BioSample	Salmonella enterica	amoxicillin-clavulanic_acid	amoxicillin/clavulanic acid	=		µg/mL	Susceptible	CLSI, NARMS	Broth dilution	bv_brc_genome_amr	high
29678910	19	SAMN08514233	BioSample	Salmonella enterica	ampicillin	ampicillin	=		µg/mL	Susceptible	CLSI, NARMS	Broth dilution	bv_brc_genome_amr	high
29678910	42	SAMN08514256	BioSample	Salmonella enterica	ampicillin	ampicillin	=		µg/mL	Susceptible	CLSI, NARMS	Broth dilution	bv_brc_genome_amr	high
29678910	44	SAMN08514258	BioSample	Salmonella enterica	ceftriaxone	ceftriaxone	=		µg/mL	Susceptible	CLSI, NARMS	Broth dilution	bv_brc_genome_amr	high
29678910	24	SAMN08514238	BioSample	Salmonella enterica	ampicillin	ampicillin	=		µg/mL	Susceptible	CLSI, NARMS	Broth dilution	bv_brc_genome_amr	high
29678910	51	SAMN08514265	BioSample	Salmonella enterica	ampicillin	ampicillin	=		µg/mL	Resistant	CLSI, NARMS	Broth dilution	bv_brc_genome_amr	high
29678910	153	SAMN08514367	BioSample	Salmonella enterica	ceftriaxone	ceftriaxone	=		µg/mL	Susceptible	CLSI, NARMS	Broth dilution	bv_brc_genome_amr	high
29678910	14	SAMN08514228	BioSample	Salmonella enterica	amoxicillin-clavulanic_acid	amoxicillin/clavulanic acid	=		µg/mL	Susceptible	CLSI, NARMS	Broth dilution	bv_brc_genome_amr	high
29678910	96	SAMN08514310	BioSample	Salmonella enterica	ciprofloxacin	ciprofloxacin	=		µg/mL	Susceptible	CLSI, NARMS	Broth dilution	bv_brc_genome_amr	high
29678910	227	SAMN08514441	BioSample	Salmonella enterica	ciprofloxacin	ciprofloxacin	=		µg/mL	Susceptible	CLSI, NARMS	Broth dilution	bv_brc_genome_amr	high
29678910	125	SAMN08514339	BioSample	Salmonella enterica	ciprofloxacin	ciprofloxacin	=		µg/mL	Susceptible	CLSI, NARMS	Broth dilution	bv_brc_genome_amr	high
29678910	231	SAMN08514445	BioSample	Salmonella enterica	ampicillin	ampicillin	=		µg/mL	Susceptible	CLSI, NARMS	Broth dilution	bv_brc_genome_amr	high
29678910	133	SAMN08514347	BioSample	Salmonella enterica	azithromycin	azithromycin	=		µg/mL	Susceptible	CLSI, NARMS	Broth dilution	bv_brc_genome_amr	high
29678910	66	SAMN08514280	BioSample	Salmonella enterica	azithromycin	azithromycin	=		µg/mL	Susceptible	CLSI, NARMS	Broth dilution	bv_brc_genome_amr	high
29678910	243	SAMN08514457	BioSample	Salmonella enterica	ampicillin	ampicillin	=		µg/mL	Susceptible	CLSI, NARMS	Broth dilution	bv_brc_genome_amr	high
29678910	74	SAMN08514288	BioSample	Salmonella enterica	azithromycin	azithromycin	=		µg/mL	Resistant	CLSI, NARMS	Broth dilution	bv_brc_genome_amr	high
29678910	8	SAMN08514222	BioSample	Salmonella enterica	amoxicillin-clavulanic_acid	amoxicillin/clavulanic acid	=		µg/mL	Susceptible	CLSI, NARMS	Broth dilution	bv_brc_genome_amr	high
29678910	100	SAMN08514314	BioSample	Salmonella enterica	ciprofloxacin	ciprofloxacin	=		µg/mL	Susceptible	CLSI, NARMS	Broth dilution	bv_brc_genome_amr	high
29678910	51	SAMN08514265	BioSample	Salmonella enterica	azithromycin	azithromycin	=		µg/mL	Resistant	CLSI, NARMS	Broth dilution	bv_brc_genome_amr	high
29678910	206	SAMN08514420	BioSample	Salmonella enterica	ceftriaxone	ceftriaxone	=		µg/mL	Susceptible	CLSI, NARMS	Broth dilution	bv_brc_genome_amr	high
29678910	35	SAMN08514249	BioSample	Salmonella enterica	azithromycin	azithromycin	=		µg/mL	Resistant	CLSI, NARMS	Broth dilution	bv_brc_genome_amr	high
29678910	138	SAMN08514352	BioSample	Salmonella enterica	ciprofloxacin	ciprofloxacin	=		µg/mL	Susceptible	CLSI, NARMS	Broth dilution	bv_brc_genome_amr	high
29678910	12	SAMN08514226	BioSample	Salmonella enterica	ampicillin	ampicillin	=		µg/mL	Resistant	CLSI, NARMS	Broth dilution	bv_brc_genome_amr	high
29678910	8	SAMN08514222	BioSample	Salmonella enterica	ampicillin	ampicillin	=		µg/mL	Susceptible	CLSI, NARMS	Broth dilution	bv_brc_genome_amr	high
29678910	72	SAMN08514286	BioSample	Salmonella enterica	ceftriaxone	ceftriaxone	=		µg/mL	Susceptible	CLSI, NARMS	Broth dilution	bv_brc_genome_amr	high
29678910	198	SAMN08514412	BioSample	Salmonella enterica	amoxicillin-clavulanic_acid	amoxicillin/clavulanic acid	=		µg/mL	Susceptible	CLSI, NARMS	Broth dilution	bv_brc_genome_amr	high
29678910	123	SAMN08514337	BioSample	Salmonella enterica	ampicillin	ampicillin	=		µg/mL	Susceptible	CLSI, NARMS	Broth dilution	bv_brc_genome_amr	high
29678910	225	SAMN08514439	BioSample	Salmonella enterica	ceftriaxone	ceftriaxone	=		µg/mL	Susceptible	CLSI, NARMS	Broth dilution	bv_brc_genome_amr	high
29678910	66	SAMN08514280	BioSample	Salmonella enterica	ampicillin	ampicillin	=		µg/mL	Susceptible	CLSI, NARMS	Broth dilution	bv_brc_genome_amr	high
29678910	150	SAMN08514364	BioSample	Salmonella enterica	ceftriaxone	ceftriaxone	=		µg/mL	Resistant	CLSI, NARMS	Broth dilution	bv_brc_genome_amr	high
29678910	106	SAMN08514320	BioSample	Salmonella enterica	ciprofloxacin	ciprofloxacin	=		µg/mL	Susceptible	CLSI, NARMS	Broth dilution	bv_brc_genome_amr	high
29678910	216	SAMN08514430	BioSample	Salmonella enterica	azithromycin	azithromycin	=		µg/mL	Susceptible	CLSI, NARMS	Broth dilution	bv_brc_genome_amr	high
29678910	183	SAMN08514397	BioSample	Salmonella enterica	ciprofloxacin	ciprofloxacin	=		µg/mL	Susceptible	CLSI, NARMS	Broth dilution	bv_brc_genome_amr	high
29678910	137	SAMN08514351	BioSample	Salmonella enterica	ampicillin	ampicillin	=		µg/mL	Susceptible	CLSI, NARMS	Broth dilution	bv_brc_genome_amr	high
29678910	219	SAMN08514433	BioSample	Salmonella enterica	ciprofloxacin	ciprofloxacin	=		µg/mL	Susceptible	CLSI, NARMS	Broth dilution	bv_brc_genome_amr	high
29678910	71	SAMN08514285	BioSample	Salmonella enterica	azithromycin	azithromycin	=		µg/mL	Susceptible	CLSI, NARMS	Broth dilution	bv_brc_genome_amr	high
29678910	13	SAMN08514227	BioSample	Salmonella enterica	ceftriaxone	ceftriaxone	=		µg/mL	Resistant	CLSI, NARMS	Broth dilution	bv_brc_genome_amr	high
29678910	79	SAMN08514293	BioSample	Salmonella enterica	ceftriaxone	ceftriaxone	=		µg/mL	Susceptible	CLSI, NARMS	Broth dilution	bv_brc_genome_amr	high
29678910	124	SAMN08514338	BioSample	Salmonella enterica	ciprofloxacin	ciprofloxacin	=		µg/mL	Susceptible	CLSI, NARMS	Broth dilution	bv_brc_genome_amr	high
29678910	7	SAMN08514221	BioSample	Salmonella enterica	ceftriaxone	ceftriaxone	=		µg/mL	Susceptible	CLSI, NARMS	Broth dilution	bv_brc_genome_amr	high
29678910	98	SAMN08514312	BioSample	Salmonella enterica	ceftriaxone	ceftriaxone	=		µg/mL	Susceptible	CLSI, NARMS	Broth dilution	bv_brc_genome_amr	high
29678910	5	SAMN08514219	BioSample	Salmonella enterica	ciprofloxacin	ciprofloxacin	=		µg/mL	Susceptible	CLSI, NARMS	Broth dilution	bv_brc_genome_amr	high
29678910	205	SAMN08514419	BioSample	Salmonella enterica	azithromycin	azithromycin	=		µg/mL	Susceptible	CLSI, NARMS	Broth dilution	bv_brc_genome_amr	high
29678910	50	SAMN08514264	BioSample	Salmonella enterica	amoxicillin-clavulanic_acid	amoxicillin/clavulanic acid	=		µg/mL	Susceptible	CLSI, NARMS	Broth dilution	bv_brc_genome_amr	high
29678910	11	SAMN08514225	BioSample	Salmonella enterica	ceftriaxone	ceftriaxone	=		µg/mL	Susceptible	CLSI, NARMS	Broth dilution	bv_brc_genome_amr	high
29678910	52	SAMN08514266	BioSample	Salmonella enterica	amoxicillin-clavulanic_acid	amoxicillin/clavulanic acid	=		µg/mL	Susceptible	CLSI, NARMS	Broth dilution	bv_brc_genome_amr	high
29678910	101	SAMN08514315	BioSample	Salmonella enterica	ampicillin	ampicillin	=		µg/mL	Susceptible	CLSI, NARMS	Broth dilution	bv_brc_genome_amr	high
29678910	197	SAMN08514411	BioSample	Salmonella enterica	amoxicillin-clavulanic_acid	amoxicillin/clavulanic acid	=		µg/mL	Susceptible	CLSI, NARMS	Broth dilution	bv_brc_genome_amr	high
29678910	74	SAMN08514288	BioSample	Salmonella enterica	amoxicillin-clavulanic_acid	amoxicillin/clavulanic acid	=		µg/mL	Susceptible	CLSI, NARMS	Broth dilution	bv_brc_genome_amr	high
29678910	33	SAMN08514247	BioSample	Salmonella enterica	ciprofloxacin	ciprofloxacin	=		µg/mL	Susceptible	CLSI, NARMS	Broth dilution	bv_brc_genome_amr	high
29678910	25	SAMN08514239	BioSample	Salmonella enterica	ceftriaxone	ceftriaxone	=		µg/mL	Susceptible	CLSI, NARMS	Broth dilution	bv_brc_genome_amr	high
29678910	149	SAMN08514363	BioSample	Salmonella enterica	ampicillin	ampicillin	=		µg/mL	Susceptible	CLSI, NARMS	Broth dilution	bv_brc_genome_amr	high
29678910	116	SAMN08514330	BioSample	Salmonella enterica	ampicillin	ampicillin	=		µg/mL	Susceptible	CLSI, NARMS	Broth dilution	bv_brc_genome_amr	high
29678910	146	SAMN08514360	BioSample	Salmonella enterica	ceftriaxone	ceftriaxone	=		µg/mL	Resistant	CLSI, NARMS	Broth dilution	bv_brc_genome_amr	high
29678910	229	SAMN08514443	BioSample	Salmonella enterica	ciprofloxacin	ciprofloxacin	=		µg/mL	Susceptible	CLSI, NARMS	Broth dilution	bv_brc_genome_amr	high
29678910	74	SAMN08514288	BioSample	Salmonella enterica	ciprofloxacin	ciprofloxacin	=		µg/mL	Susceptible	CLSI, NARMS	Broth dilution	bv_brc_genome_amr	high
29678910	203	SAMN08514417	BioSample	Salmonella enterica	amoxicillin-clavulanic_acid	amoxicillin/clavulanic acid	=		µg/mL	Susceptible	CLSI, NARMS	Broth dilution	bv_brc_genome_amr	high
29678910	173	SAMN08514387	BioSample	Salmonella enterica	ciprofloxacin	ciprofloxacin	=		µg/mL	Susceptible	CLSI, NARMS	Broth dilution	bv_brc_genome_amr	high
29678910	12	SAMN08514226	BioSample	Salmonella enterica	ciprofloxacin	ciprofloxacin	=		µg/mL	Susceptible	CLSI, NARMS	Broth dilution	bv_brc_genome_amr	high
29678910	116	SAMN08514330	BioSample	Salmonella enterica	amoxicillin-clavulanic_acid	amoxicillin/clavulanic acid	=		µg/mL	Susceptible	CLSI, NARMS	Broth dilution	bv_brc_genome_amr	high
29678910	143	SAMN08514357	BioSample	Salmonella enterica	amoxicillin-clavulanic_acid	amoxicillin/clavulanic acid	=		µg/mL	Susceptible	CLSI, NARMS	Broth dilution	bv_brc_genome_amr	high
29678910	118	SAMN08514332	BioSample	Salmonella enterica	ceftriaxone	ceftriaxone	=		µg/mL	Susceptible	CLSI, NARMS	Broth dilution	bv_brc_genome_amr	high
29678910	95	SAMN08514309	BioSample	Salmonella enterica	ampicillin	ampicillin	=		µg/mL	Susceptible	CLSI, NARMS	Broth dilution	bv_brc_genome_amr	high
29678910	154	SAMN08514368	BioSample	Salmonella enterica	ceftriaxone	ceftriaxone	=		µg/mL	Susceptible	CLSI, NARMS	Broth dilution	bv_brc_genome_amr	high
29678910	175	SAMN08514389	BioSample	Salmonella enterica	ceftriaxone	ceftriaxone	=		µg/mL	Susceptible	CLSI, NARMS	Broth dilution	bv_brc_genome_amr	high
29678910	165	SAMN08514379	BioSample	Salmonella enterica	azithromycin	azithromycin	=		µg/mL	Susceptible	CLSI, NARMS	Broth dilution	bv_brc_genome_amr	high
29678910	129	SAMN08514343	BioSample	Salmonella enterica	ceftriaxone	ceftriaxone	=		µg/mL	Susceptible	CLSI, NARMS	Broth dilution	bv_brc_genome_amr	high
29678910	129	SAMN08514343	BioSample	Salmonella enterica	amoxicillin-clavulanic_acid	amoxicillin/clavulanic acid	=		µg/mL	Susceptible	CLSI, NARMS	Broth dilution	bv_brc_genome_amr	high
29678910	234	SAMN08514448	BioSample	Salmonella enterica	ceftriaxone	ceftriaxone	=		µg/mL	Susceptible	CLSI, NARMS	Broth dilution	bv_brc_genome_amr	high
29678910	215	SAMN08514429	BioSample	Salmonella enterica	azithromycin	azithromycin	=		µg/mL	Susceptible	CLSI, NARMS	Broth dilution	bv_brc_genome_amr	high
29678910	135	SAMN08514349	BioSample	Salmonella enterica	azithromycin	azithromycin	=		µg/mL	Susceptible	CLSI, NARMS	Broth dilution	bv_brc_genome_amr	high
29678910	30	SAMN08514244	BioSample	Salmonella enterica	azithromycin	azithromycin	=		µg/mL	Susceptible	CLSI, NARMS	Broth dilution	bv_brc_genome_amr	high
29678910	87	SAMN08514301	BioSample	Salmonella enterica	amoxicillin-clavulanic_acid	amoxicillin/clavulanic acid	=		µg/mL	Susceptible	CLSI, NARMS	Broth dilution	bv_brc_genome_amr	high
29678910	221	SAMN08514435	BioSample	Salmonella enterica	ceftriaxone	ceftriaxone	=		µg/mL	Susceptible	CLSI, NARMS	Broth dilution	bv_brc_genome_amr	high
29678910	81	SAMN08514295	BioSample	Salmonella enterica	ceftriaxone	ceftriaxone	=		µg/mL	Susceptible	CLSI, NARMS	Broth dilution	bv_brc_genome_amr	high
29678910	219	SAMN08514433	BioSample	Salmonella enterica	ampicillin	ampicillin	=		µg/mL	Susceptible	CLSI, NARMS	Broth dilution	bv_brc_genome_amr	high
29678910	86	SAMN08514300	BioSample	Salmonella enterica	azithromycin	azithromycin	=		µg/mL	Susceptible	CLSI, NARMS	Broth dilution	bv_brc_genome_amr	high
29678910	107	SAMN08514321	BioSample	Salmonella enterica	amoxicillin-clavulanic_acid	amoxicillin/clavulanic acid	=		µg/mL	Susceptible	CLSI, NARMS	Broth dilution	bv_brc_genome_amr	high
29678910	125	SAMN08514339	BioSample	Salmonella enterica	amoxicillin-clavulanic_acid	amoxicillin/clavulanic acid	=		µg/mL	Susceptible	CLSI, NARMS	Broth dilution	bv_brc_genome_amr	high
29678910	208	SAMN08514422	BioSample	Salmonella enterica	amoxicillin-clavulanic_acid	amoxicillin/clavulanic acid	=		µg/mL	Susceptible	CLSI, NARMS	Broth dilution	bv_brc_genome_amr	high
29678910	186	SAMN08514400	BioSample	Salmonella enterica	amoxicillin-clavulanic_acid	amoxicillin/clavulanic acid	=		µg/mL	Susceptible	CLSI, NARMS	Broth dilution	bv_brc_genome_amr	high
29678910	166	SAMN08514380	BioSample	Salmonella enterica	ceftriaxone	ceftriaxone	=		µg/mL	Susceptible	CLSI, NARMS	Broth dilution	bv_brc_genome_amr	high
29678910	195	SAMN08514409	BioSample	Salmonella enterica	ceftriaxone	ceftriaxone	=		µg/mL	Susceptible	CLSI, NARMS	Broth dilution	bv_brc_genome_amr	high
29678910	198	SAMN08514412	BioSample	Salmonella enterica	azithromycin	azithromycin	=		µg/mL	Susceptible	CLSI, NARMS	Broth dilution	bv_brc_genome_amr	high
29678910	120	SAMN08514334	BioSample	Salmonella enterica	ampicillin	ampicillin	=		µg/mL	Susceptible	CLSI, NARMS	Broth dilution	bv_brc_genome_amr	high
29678910	66	SAMN08514280	BioSample	Salmonella enterica	ciprofloxacin	ciprofloxacin	=		µg/mL	Susceptible	CLSI, NARMS	Broth dilution	bv_brc_genome_amr	high
29678910	9	SAMN08514223	BioSample	Salmonella enterica	ceftriaxone	ceftriaxone	=		µg/mL	Susceptible	CLSI, NARMS	Broth dilution	bv_brc_genome_amr	high
29678910	46	SAMN08514260	BioSample	Salmonella enterica	ampicillin	ampicillin	=		µg/mL	Susceptible	CLSI, NARMS	Broth dilution	bv_brc_genome_amr	high
29678910	108	SAMN08514322	BioSample	Salmonella enterica	ampicillin	ampicillin	=		µg/mL	Susceptible	CLSI, NARMS	Broth dilution	bv_brc_genome_amr	high
29678910	97	SAMN08514311	BioSample	Salmonella enterica	ciprofloxacin	ciprofloxacin	=		µg/mL	Susceptible	CLSI, NARMS	Broth dilution	bv_brc_genome_amr	high
29678910	190	SAMN08514404	BioSample	Salmonella enterica	ampicillin	ampicillin	=		µg/mL	Susceptible	CLSI, NARMS	Broth dilution	bv_brc_genome_amr	high
29678910	250	SAMN08514464	BioSample	Salmonella enterica	ciprofloxacin	ciprofloxacin	=		µg/mL	Susceptible	CLSI, NARMS	Broth dilution	bv_brc_genome_amr	high
29678910	87	SAMN08514301	BioSample	Salmonella enterica	ciprofloxacin	ciprofloxacin	=		µg/mL	Susceptible	CLSI, NARMS	Broth dilution	bv_brc_genome_amr	high
29678910	195	SAMN08514409	BioSample	Salmonella enterica	ampicillin	ampicillin	=		µg/mL	Susceptible	CLSI, NARMS	Broth dilution	bv_brc_genome_amr	high
29678910	213	SAMN08514427	BioSample	Salmonella enterica	azithromycin	azithromycin	=		µg/mL	Susceptible	CLSI, NARMS	Broth dilution	bv_brc_genome_amr	high
29678910	118	SAMN08514332	BioSample	Salmonella enterica	ciprofloxacin	ciprofloxacin	=		µg/mL	Susceptible	CLSI, NARMS	Broth dilution	bv_brc_genome_amr	high
29678910	93	SAMN08514307	BioSample	Salmonella enterica	ampicillin	ampicillin	=		µg/mL	Susceptible	CLSI, NARMS	Broth dilution	bv_brc_genome_amr	high
29678910	3	SAMN08514217	BioSample	Salmonella enterica	azithromycin	azithromycin	=		µg/mL	Susceptible	CLSI, NARMS	Broth dilution	bv_brc_genome_amr	high
29678910	87	SAMN08514301	BioSample	Salmonella enterica	azithromycin	azithromycin	=		µg/mL	Susceptible	CLSI, NARMS	Broth dilution	bv_brc_genome_amr	high
29678910	230	SAMN08514444	BioSample	Salmonella enterica	ceftriaxone	ceftriaxone	=		µg/mL	Susceptible	CLSI, NARMS	Broth dilution	bv_brc_genome_amr	high
29678910	127	SAMN08514341	BioSample	Salmonella enterica	ceftriaxone	ceftriaxone	=		µg/mL	Susceptible	CLSI, NARMS	Broth dilution	bv_brc_genome_amr	high
29678910	120	SAMN08514334	BioSample	Salmonella enterica	amoxicillin-clavulanic_acid	amoxicillin/clavulanic acid	=		µg/mL	Susceptible	CLSI, NARMS	Broth dilution	bv_brc_genome_amr	high
29678910	244	SAMN08514458	BioSample	Salmonella enterica	azithromycin	azithromycin	=		µg/mL	Susceptible	CLSI, NARMS	Broth dilution	bv_brc_genome_amr	high
29678910	95	SAMN08514309	BioSample	Salmonella enterica	ceftriaxone	ceftriaxone	=		µg/mL	Susceptible	CLSI, NARMS	Broth dilution	bv_brc_genome_amr	high
29678910	176	SAMN08514390	BioSample	Salmonella enterica	ciprofloxacin	ciprofloxacin	=		µg/mL	Susceptible	CLSI, NARMS	Broth dilution	bv_brc_genome_amr	high
29678910	189	SAMN08514403	BioSample	Salmonella enterica	ceftriaxone	ceftriaxone	=		µg/mL	Susceptible	CLSI, NARMS	Broth dilution	bv_brc_genome_amr	high
29678910	9	SAMN08514223	BioSample	Salmonella enterica	ampicillin	ampicillin	=		µg/mL	Susceptible	CLSI, NARMS	Broth dilution	bv_brc_genome_amr	high
29678910	170	SAMN08514384	BioSample	Salmonella enterica	ampicillin	ampicillin	=		µg/mL	Susceptible	CLSI, NARMS	Broth dilution	bv_brc_genome_amr	high
29678910	212	SAMN08514426	BioSample	Salmonella enterica	amoxicillin-clavulanic_acid	amoxicillin/clavulanic acid	=		µg/mL	Susceptible	CLSI, NARMS	Broth dilution	bv_brc_genome_amr	high
29678910	113	SAMN08514327	BioSample	Salmonella enterica	ciprofloxacin	ciprofloxacin	=		µg/mL	Susceptible	CLSI, NARMS	Broth dilution	bv_brc_genome_amr	high
29678910	85	SAMN08514299	BioSample	Salmonella enterica	azithromycin	azithromycin	=		µg/mL	Susceptible	CLSI, NARMS	Broth dilution	bv_brc_genome_amr	high
29678910	152	SAMN08514366	BioSample	Salmonella enterica	ceftriaxone	ceftriaxone	=		µg/mL	Susceptible	CLSI, NARMS	Broth dilution	bv_brc_genome_amr	high
29678910	204	SAMN08514418	BioSample	Salmonella enterica	amoxicillin-clavulanic_acid	amoxicillin/clavulanic acid	=		µg/mL	Susceptible	CLSI, NARMS	Broth dilution	bv_brc_genome_amr	high
29678910	249	SAMN08514463	BioSample	Salmonella enterica	ampicillin	ampicillin	=		µg/mL	Susceptible	CLSI, NARMS	Broth dilution	bv_brc_genome_amr	high
29678910	207	SAMN08514421	BioSample	Salmonella enterica	azithromycin	azithromycin	=		µg/mL	Susceptible	CLSI, NARMS	Broth dilution	bv_brc_genome_amr	high
29678910	172	SAMN08514386	BioSample	Salmonella enterica	ceftriaxone	ceftriaxone	=		µg/mL	Susceptible	CLSI, NARMS	Broth dilution	bv_brc_genome_amr	high
29678910	16	SAMN08514230	BioSample	Salmonella enterica	ceftriaxone	ceftriaxone	=		µg/mL	Susceptible	CLSI, NARMS	Broth dilution	bv_brc_genome_amr	high
29678910	248	SAMN08514462	BioSample	Salmonella enterica	ceftriaxone	ceftriaxone	=		µg/mL	Susceptible	CLSI, NARMS	Broth dilution	bv_brc_genome_amr	high
29678910	29	SAMN08514243	BioSample	Salmonella enterica	amoxicillin-clavulanic_acid	amoxicillin/clavulanic acid	=		µg/mL	Susceptible	CLSI, NARMS	Broth dilution	bv_brc_genome_amr	high
29678910	195	SAMN08514409	BioSample	Salmonella enterica	azithromycin	azithromycin	=		µg/mL	Susceptible	CLSI, NARMS	Broth dilution	bv_brc_genome_amr	high
29678910	110	SAMN08514324	BioSample	Salmonella enterica	ampicillin	ampicillin	=		µg/mL	Susceptible	CLSI, NARMS	Broth dilution	bv_brc_genome_amr	high
29678910	89	SAMN08514303	BioSample	Salmonella enterica	ciprofloxacin	ciprofloxacin	=		µg/mL	Susceptible	CLSI, NARMS	Broth dilution	bv_brc_genome_amr	high
29678910	212	SAMN08514426	BioSample	Salmonella enterica	azithromycin	azithromycin	=		µg/mL	Susceptible	CLSI, NARMS	Broth dilution	bv_brc_genome_amr	high
29678910	224	SAMN08514438	BioSample	Salmonella enterica	ampicillin	ampicillin	=		µg/mL	Susceptible	CLSI, NARMS	Broth dilution	bv_brc_genome_amr	high
29678910	181	SAMN08514395	BioSample	Salmonella enterica	ciprofloxacin	ciprofloxacin	=		µg/mL	Susceptible	CLSI, NARMS	Broth dilution	bv_brc_genome_amr	high
29678910	241	SAMN08514455	BioSample	Salmonella enterica	azithromycin	azithromycin	=		µg/mL	Susceptible	CLSI, NARMS	Broth dilution	bv_brc_genome_amr	high
29678910	247	SAMN08514461	BioSample	Salmonella enterica	ciprofloxacin	ciprofloxacin	=		µg/mL	Susceptible	CLSI, NARMS	Broth dilution	bv_brc_genome_amr	high
29678910	190	SAMN08514404	BioSample	Salmonella enterica	ciprofloxacin	ciprofloxacin	=		µg/mL	Susceptible	CLSI, NARMS	Broth dilution	bv_brc_genome_amr	high
29678910	207	SAMN08514421	BioSample	Salmonella enterica	ceftriaxone	ceftriaxone	=		µg/mL	Susceptible	CLSI, NARMS	Broth dilution	bv_brc_genome_amr	high
29678910	95	SAMN08514309	BioSample	Salmonella enterica	ciprofloxacin	ciprofloxacin	=		µg/mL	Susceptible	CLSI, NARMS	Broth dilution	bv_brc_genome_amr	high
29678910	32	SAMN08514246	BioSample	Salmonella enterica	azithromycin	azithromycin	=		µg/mL	Susceptible	CLSI, NARMS	Broth dilution	bv_brc_genome_amr	high
29678910	38	SAMN08514252	BioSample	Salmonella enterica	ampicillin	ampicillin	=		µg/mL	Susceptible	CLSI, NARMS	Broth dilution	bv_brc_genome_amr	high
29678910	78	SAMN08514292	BioSample	Salmonella enterica	amoxicillin-clavulanic_acid	amoxicillin/clavulanic acid	=		µg/mL	Susceptible	CLSI, NARMS	Broth dilution	bv_brc_genome_amr	high
29678910	121	SAMN08514335	BioSample	Salmonella enterica	amoxicillin-clavulanic_acid	amoxicillin/clavulanic acid	=		µg/mL	Susceptible	CLSI, NARMS	Broth dilution	bv_brc_genome_amr	high
29678910	201	SAMN08514415	BioSample	Salmonella enterica	azithromycin	azithromycin	=		µg/mL	Susceptible	CLSI, NARMS	Broth dilution	bv_brc_genome_amr	high
29678910	51	SAMN08514265	BioSample	Salmonella enterica	ciprofloxacin	ciprofloxacin	=		µg/mL	Susceptible	CLSI, NARMS	Broth dilution	bv_brc_genome_amr	high
29678910	4	SAMN08514218	BioSample	Salmonella enterica	ciprofloxacin	ciprofloxacin	=		µg/mL	Resistant	CLSI, NARMS	Broth dilution	bv_brc_genome_amr	high
29678910	23	SAMN08514237	BioSample	Salmonella enterica	ceftriaxone	ceftriaxone	=		µg/mL	Susceptible	CLSI, NARMS	Broth dilution	bv_brc_genome_amr	high
29678910	201	SAMN08514415	BioSample	Salmonella enterica	amoxicillin-clavulanic_acid	amoxicillin/clavulanic acid	=		µg/mL	Susceptible	CLSI, NARMS	Broth dilution	bv_brc_genome_amr	high
29678910	254	SAMN08514468	BioSample	Salmonella enterica	ampicillin	ampicillin	=		µg/mL	Susceptible	CLSI, NARMS	Broth dilution	bv_brc_genome_amr	high
29678910	43	SAMN08514257	BioSample	Salmonella enterica	amoxicillin-clavulanic_acid	amoxicillin/clavulanic acid	=		µg/mL	Susceptible	CLSI, NARMS	Broth dilution	bv_brc_genome_amr	high
29678910	189	SAMN08514403	BioSample	Salmonella enterica	azithromycin	azithromycin	=		µg/mL	Susceptible	CLSI, NARMS	Broth dilution	bv_brc_genome_amr	high
29678910	168	SAMN08514382	BioSample	Salmonella enterica	ampicillin	ampicillin	=		µg/mL	Susceptible	CLSI, NARMS	Broth dilution	bv_brc_genome_amr	high
29678910	37	SAMN08514251	BioSample	Salmonella enterica	ciprofloxacin	ciprofloxacin	=		µg/mL	Susceptible	CLSI, NARMS	Broth dilution	bv_brc_genome_amr	high
29678910	174	SAMN08514388	BioSample	Salmonella enterica	azithromycin	azithromycin	=		µg/mL	Susceptible	CLSI, NARMS	Broth dilution	bv_brc_genome_amr	high
29678910	197	SAMN08514411	BioSample	Salmonella enterica	ciprofloxacin	ciprofloxacin	=		µg/mL	Susceptible	CLSI, NARMS	Broth dilution	bv_brc_genome_amr	high
29678910	191	SAMN08514405	BioSample	Salmonella enterica	ampicillin	ampicillin	=		µg/mL	Susceptible	CLSI, NARMS	Broth dilution	bv_brc_genome_amr	high
29678910	99	SAMN08514313	BioSample	Salmonella enterica	amoxicillin-clavulanic_acid	amoxicillin/clavulanic acid	=		µg/mL	Susceptible	CLSI, NARMS	Broth dilution	bv_brc_genome_amr	high
29678910	56	SAMN08514270	BioSample	Salmonella enterica	ampicillin	ampicillin	=		µg/mL	Susceptible	CLSI, NARMS	Broth dilution	bv_brc_genome_amr	high
29678910	151	SAMN08514365	BioSample	Salmonella enterica	azithromycin	azithromycin	=		µg/mL	Susceptible	CLSI, NARMS	Broth dilution	bv_brc_genome_amr	high
29678910	192	SAMN08514406	BioSample	Salmonella enterica	amoxicillin-clavulanic_acid	amoxicillin/clavulanic acid	=		µg/mL	Susceptible	CLSI, NARMS	Broth dilution	bv_brc_genome_amr	high
29678910	58	SAMN08514272	BioSample	Salmonella enterica	ceftriaxone	ceftriaxone	=		µg/mL	Susceptible	CLSI, NARMS	Broth dilution	bv_brc_genome_amr	high
29678910	53	SAMN08514267	BioSample	Salmonella enterica	azithromycin	azithromycin	=		µg/mL	Resistant	CLSI, NARMS	Broth dilution	bv_brc_genome_amr	high
29678910	109	SAMN08514323	BioSample	Salmonella enterica	amoxicillin-clavulanic_acid	amoxicillin/clavulanic acid	=		µg/mL	Susceptible	CLSI, NARMS	Broth dilution	bv_brc_genome_amr	high
29678910	188	SAMN08514402	BioSample	Salmonella enterica	amoxicillin-clavulanic_acid	amoxicillin/clavulanic acid	=		µg/mL	Susceptible	CLSI, NARMS	Broth dilution	bv_brc_genome_amr	high
29678910	177	SAMN08514391	BioSample	Salmonella enterica	ampicillin	ampicillin	=		µg/mL	Susceptible	CLSI, NARMS	Broth dilution	bv_brc_genome_amr	high
29678910	65	SAMN08514279	BioSample	Salmonella enterica	ampicillin	ampicillin	=		µg/mL	Susceptible	CLSI, NARMS	Broth dilution	bv_brc_genome_amr	high
29678910	20	SAMN08514234	BioSample	Salmonella enterica	ampicillin	ampicillin	=		µg/mL	Susceptible	CLSI, NARMS	Broth dilution	bv_brc_genome_amr	high
29678910	110	SAMN08514324	BioSample	Salmonella enterica	amoxicillin-clavulanic_acid	amoxicillin/clavulanic acid	=		µg/mL	Susceptible	CLSI, NARMS	Broth dilution	bv_brc_genome_amr	high
29678910	140	SAMN08514354	BioSample	Salmonella enterica	ciprofloxacin	ciprofloxacin	=		µg/mL	Susceptible	CLSI, NARMS	Broth dilution	bv_brc_genome_amr	high
29678910	164	SAMN08514378	BioSample	Salmonella enterica	ciprofloxacin	ciprofloxacin	=		µg/mL	Susceptible	CLSI, NARMS	Broth dilution	bv_brc_genome_amr	high
29678910	76	SAMN08514290	BioSample	Salmonella enterica	azithromycin	azithromycin	=		µg/mL	Susceptible	CLSI, NARMS	Broth dilution	bv_brc_genome_amr	high
29678910	5	SAMN08514219	BioSample	Salmonella enterica	ceftriaxone	ceftriaxone	=		µg/mL	Susceptible	CLSI, NARMS	Broth dilution	bv_brc_genome_amr	high
29678910	50	SAMN08514264	BioSample	Salmonella enterica	ampicillin	ampicillin	=		µg/mL	Susceptible	CLSI, NARMS	Broth dilution	bv_brc_genome_amr	high
29678910	180	SAMN08514394	BioSample	Salmonella enterica	ceftriaxone	ceftriaxone	=		µg/mL	Susceptible	CLSI, NARMS	Broth dilution	bv_brc_genome_amr	high
29678910	12	SAMN08514226	BioSample	Salmonella enterica	amoxicillin-clavulanic_acid	amoxicillin/clavulanic acid	=		µg/mL	Resistant	CLSI, NARMS	Broth dilution	bv_brc_genome_amr	high
29678910	177	SAMN08514391	BioSample	Salmonella enterica	ciprofloxacin	ciprofloxacin	=		µg/mL	Susceptible	CLSI, NARMS	Broth dilution	bv_brc_genome_amr	high
29678910	72	SAMN08514286	BioSample	Salmonella enterica	azithromycin	azithromycin	=		µg/mL	Susceptible	CLSI, NARMS	Broth dilution	bv_brc_genome_amr	high
29678910	117	SAMN08514331	BioSample	Salmonella enterica	ceftriaxone	ceftriaxone	=		µg/mL	Susceptible	CLSI, NARMS	Broth dilution	bv_brc_genome_amr	high
29678910	217	SAMN08514431	BioSample	Salmonella enterica	ceftriaxone	ceftriaxone	=		µg/mL	Susceptible	CLSI, NARMS	Broth dilution	bv_brc_genome_amr	high
29678910	50	SAMN08514264	BioSample	Salmonella enterica	azithromycin	azithromycin	=		µg/mL	Susceptible	CLSI, NARMS	Broth dilution	bv_brc_genome_amr	high
29678910	67	SAMN08514281	BioSample	Salmonella enterica	ampicillin	ampicillin	=		µg/mL	Susceptible	CLSI, NARMS	Broth dilution	bv_brc_genome_amr	high
29678910	117	SAMN08514331	BioSample	Salmonella enterica	ampicillin	ampicillin	=		µg/mL	Susceptible	CLSI, NARMS	Broth dilution	bv_brc_genome_amr	high
29678910	10	SAMN08514224	BioSample	Salmonella enterica	amoxicillin-clavulanic_acid	amoxicillin/clavulanic acid	=		µg/mL	Susceptible	CLSI, NARMS	Broth dilution	bv_brc_genome_amr	high
29678910	210	SAMN08514424	BioSample	Salmonella enterica	ceftriaxone	ceftriaxone	=		µg/mL	Susceptible	CLSI, NARMS	Broth dilution	bv_brc_genome_amr	high
29678910	100	SAMN08514314	BioSample	Salmonella enterica	ampicillin	ampicillin	=		µg/mL	Susceptible	CLSI, NARMS	Broth dilution	bv_brc_genome_amr	high
29678910	120	SAMN08514334	BioSample	Salmonella enterica	ciprofloxacin	ciprofloxacin	=		µg/mL	Susceptible	CLSI, NARMS	Broth dilution	bv_brc_genome_amr	high
29678910	40	SAMN08514254	BioSample	Salmonella enterica	ampicillin	ampicillin	=		µg/mL	Susceptible	CLSI, NARMS	Broth dilution	bv_brc_genome_amr	high
29678910	137	SAMN08514351	BioSample	Salmonella enterica	azithromycin	azithromycin	=		µg/mL	Susceptible	CLSI, NARMS	Broth dilution	bv_brc_genome_amr	high
29678910	102	SAMN08514316	BioSample	Salmonella enterica	ceftriaxone	ceftriaxone	=		µg/mL	Susceptible	CLSI, NARMS	Broth dilution	bv_brc_genome_amr	high
29678910	240	SAMN08514454	BioSample	Salmonella enterica	ampicillin	ampicillin	=		µg/mL	Susceptible	CLSI, NARMS	Broth dilution	bv_brc_genome_amr	high
29678910	108	SAMN08514322	BioSample	Salmonella enterica	ciprofloxacin	ciprofloxacin	=		µg/mL	Susceptible	CLSI, NARMS	Broth dilution	bv_brc_genome_amr	high
29678910	4	SAMN08514218	BioSample	Salmonella enterica	azithromycin	azithromycin	=		µg/mL	Resistant	CLSI, NARMS	Broth dilution	bv_brc_genome_amr	high
29678910	29	SAMN08514243	BioSample	Salmonella enterica	ciprofloxacin	ciprofloxacin	=		µg/mL	Susceptible	CLSI, NARMS	Broth dilution	bv_brc_genome_amr	high
29678910	70	SAMN08514284	BioSample	Salmonella enterica	azithromycin	azithromycin	=		µg/mL	Susceptible	CLSI, NARMS	Broth dilution	bv_brc_genome_amr	high
29678910	11	SAMN08514225	BioSample	Salmonella enterica	azithromycin	azithromycin	=		µg/mL	Susceptible	CLSI, NARMS	Broth dilution	bv_brc_genome_amr	high
29678910	65	SAMN08514279	BioSample	Salmonella enterica	azithromycin	azithromycin	=		µg/mL	Susceptible	CLSI, NARMS	Broth dilution	bv_brc_genome_amr	high
29678910	143	SAMN08514357	BioSample	Salmonella enterica	ampicillin	ampicillin	=		µg/mL	Susceptible	CLSI, NARMS	Broth dilution	bv_brc_genome_amr	high
29678910	78	SAMN08514292	BioSample	Salmonella enterica	ciprofloxacin	ciprofloxacin	=		µg/mL	Susceptible	CLSI, NARMS	Broth dilution	bv_brc_genome_amr	high
29678910	236	SAMN08514450	BioSample	Salmonella enterica	azithromycin	azithromycin	=		µg/mL	Susceptible	CLSI, NARMS	Broth dilution	bv_brc_genome_amr	high
29678910	164	SAMN08514378	BioSample	Salmonella enterica	ampicillin	ampicillin	=		µg/mL	Susceptible	CLSI, NARMS	Broth dilution	bv_brc_genome_amr	high
29678910	103	SAMN08514317	BioSample	Salmonella enterica	amoxicillin-clavulanic_acid	amoxicillin/clavulanic acid	=		µg/mL	Susceptible	CLSI, NARMS	Broth dilution	bv_brc_genome_amr	high
29678910	20	SAMN08514234	BioSample	Salmonella enterica	ceftriaxone	ceftriaxone	=		µg/mL	Susceptible	CLSI, NARMS	Broth dilution	bv_brc_genome_amr	high
29678910	226	SAMN08514440	BioSample	Salmonella enterica	amoxicillin-clavulanic_acid	amoxicillin/clavulanic acid	=		µg/mL	Susceptible	CLSI, NARMS	Broth dilution	bv_brc_genome_amr	high
29678910	28	SAMN08514242	BioSample	Salmonella enterica	azithromycin	azithromycin	=		µg/mL	Susceptible	CLSI, NARMS	Broth dilution	bv_brc_genome_amr	high
29678910	144	SAMN08514358	BioSample	Salmonella enterica	ciprofloxacin	ciprofloxacin	=		µg/mL	Susceptible	CLSI, NARMS	Broth dilution	bv_brc_genome_amr	high
29678910	136	SAMN08514350	BioSample	Salmonella enterica	ceftriaxone	ceftriaxone	=		µg/mL	Susceptible	CLSI, NARMS	Broth dilution	bv_brc_genome_amr	high
29678910	189	SAMN08514403	BioSample	Salmonella enterica	ampicillin	ampicillin	=		µg/mL	Susceptible	CLSI, NARMS	Broth dilution	bv_brc_genome_amr	high
29678910	105	SAMN08514319	BioSample	Salmonella enterica	ciprofloxacin	ciprofloxacin	=		µg/mL	Susceptible	CLSI, NARMS	Broth dilution	bv_brc_genome_amr	high
29678910	107	SAMN08514321	BioSample	Salmonella enterica	ampicillin	ampicillin	=		µg/mL	Susceptible	CLSI, NARMS	Broth dilution	bv_brc_genome_amr	high
29678910	248	SAMN08514462	BioSample	Salmonella enterica	amoxicillin-clavulanic_acid	amoxicillin/clavulanic acid	=		µg/mL	Susceptible	CLSI, NARMS	Broth dilution	bv_brc_genome_amr	high
29678910	79	SAMN08514293	BioSample	Salmonella enterica	azithromycin	azithromycin	=		µg/mL	Susceptible	CLSI, NARMS	Broth dilution	bv_brc_genome_amr	high
29678910	135	SAMN08514349	BioSample	Salmonella enterica	ciprofloxacin	ciprofloxacin	=		µg/mL	Susceptible	CLSI, NARMS	Broth dilution	bv_brc_genome_amr	high
29678910	89	SAMN08514303	BioSample	Salmonella enterica	amoxicillin-clavulanic_acid	amoxicillin/clavulanic acid	=		µg/mL	Susceptible	CLSI, NARMS	Broth dilution	bv_brc_genome_amr	high
29678910	207	SAMN08514421	BioSample	Salmonella enterica	amoxicillin-clavulanic_acid	amoxicillin/clavulanic acid	=		µg/mL	Susceptible	CLSI, NARMS	Broth dilution	bv_brc_genome_amr	high
29678910	177	SAMN08514391	BioSample	Salmonella enterica	ceftriaxone	ceftriaxone	=		µg/mL	Susceptible	CLSI, NARMS	Broth dilution	bv_brc_genome_amr	high
29678910	221	SAMN08514435	BioSample	Salmonella enterica	azithromycin	azithromycin	=		µg/mL	Susceptible	CLSI, NARMS	Broth dilution	bv_brc_genome_amr	high
29678910	30	SAMN08514244	BioSample	Salmonella enterica	amoxicillin-clavulanic_acid	amoxicillin/clavulanic acid	=		µg/mL	Resistant	CLSI, NARMS	Broth dilution	bv_brc_genome_amr	high
29678910	173	SAMN08514387	BioSample	Salmonella enterica	ampicillin	ampicillin	=		µg/mL	Susceptible	CLSI, NARMS	Broth dilution	bv_brc_genome_amr	high
29678910	214	SAMN08514428	BioSample	Salmonella enterica	amoxicillin-clavulanic_acid	amoxicillin/clavulanic acid	=		µg/mL	Susceptible	CLSI, NARMS	Broth dilution	bv_brc_genome_amr	high
29678910	193	SAMN08514407	BioSample	Salmonella enterica	ampicillin	ampicillin	=		µg/mL	Susceptible	CLSI, NARMS	Broth dilution	bv_brc_genome_amr	high
29678910	65	SAMN08514279	BioSample	Salmonella enterica	ceftriaxone	ceftriaxone	=		µg/mL	Susceptible	CLSI, NARMS	Broth dilution	bv_brc_genome_amr	high
29678910	248	SAMN08514462	BioSample	Salmonella enterica	ampicillin	ampicillin	=		µg/mL	Susceptible	CLSI, NARMS	Broth dilution	bv_brc_genome_amr	high
29678910	161	SAMN08514375	BioSample	Salmonella enterica	ciprofloxacin	ciprofloxacin	=		µg/mL	Susceptible	CLSI, NARMS	Broth dilution	bv_brc_genome_amr	high
29678910	237	SAMN08514451	BioSample	Salmonella enterica	ceftriaxone	ceftriaxone	=		µg/mL	Susceptible	CLSI, NARMS	Broth dilution	bv_brc_genome_amr	high
29678910	19	SAMN08514233	BioSample	Salmonella enterica	amoxicillin-clavulanic_acid	amoxicillin/clavulanic acid	=		µg/mL	Susceptible	CLSI, NARMS	Broth dilution	bv_brc_genome_amr	high
29678910	167	SAMN08514381	BioSample	Salmonella enterica	ampicillin	ampicillin	=		µg/mL	Resistant	CLSI, NARMS	Broth dilution	bv_brc_genome_amr	high
29678910	6	SAMN08514220	BioSample	Salmonella enterica	ciprofloxacin	ciprofloxacin	=		µg/mL	Susceptible	CLSI, NARMS	Broth dilution	bv_brc_genome_amr	high
29678910	3	SAMN08514217	BioSample	Salmonella enterica	amoxicillin-clavulanic_acid	amoxicillin/clavulanic acid	=		µg/mL	Susceptible	CLSI, NARMS	Broth dilution	bv_brc_genome_amr	high
29678910	200	SAMN08514414	BioSample	Salmonella enterica	azithromycin	azithromycin	=		µg/mL	Susceptible	CLSI, NARMS	Broth dilution	bv_brc_genome_amr	high
29678910	40	SAMN08514254	BioSample	Salmonella enterica	ciprofloxacin	ciprofloxacin	=		µg/mL	Susceptible	CLSI, NARMS	Broth dilution	bv_brc_genome_amr	high
29678910	176	SAMN08514390	BioSample	Salmonella enterica	azithromycin	azithromycin	=		µg/mL	Susceptible	CLSI, NARMS	Broth dilution	bv_brc_genome_amr	high
29678910	178	SAMN08514392	BioSample	Salmonella enterica	ampicillin	ampicillin	=		µg/mL	Susceptible	CLSI, NARMS	Broth dilution	bv_brc_genome_amr	high
29678910	27	SAMN08514241	BioSample	Salmonella enterica	ampicillin	ampicillin	=		µg/mL	Susceptible	CLSI, NARMS	Broth dilution	bv_brc_genome_amr	high
29678910	69	SAMN08514283	BioSample	Salmonella enterica	ciprofloxacin	ciprofloxacin	=		µg/mL	Susceptible	CLSI, NARMS	Broth dilution	bv_brc_genome_amr	high
29678910	221	SAMN08514435	BioSample	Salmonella enterica	amoxicillin-clavulanic_acid	amoxicillin/clavulanic acid	=		µg/mL	Susceptible	CLSI, NARMS	Broth dilution	bv_brc_genome_amr	high
29678910	55	SAMN08514269	BioSample	Salmonella enterica	amoxicillin-clavulanic_acid	amoxicillin/clavulanic acid	=		µg/mL	Susceptible	CLSI, NARMS	Broth dilution	bv_brc_genome_amr	high
29678910	170	SAMN08514384	BioSample	Salmonella enterica	ceftriaxone	ceftriaxone	=		µg/mL	Susceptible	CLSI, NARMS	Broth dilution	bv_brc_genome_amr	high
29678910	184	SAMN08514398	BioSample	Salmonella enterica	ampicillin	ampicillin	=		µg/mL	Susceptible	CLSI, NARMS	Broth dilution	bv_brc_genome_amr	high
29678910	152	SAMN08514366	BioSample	Salmonella enterica	azithromycin	azithromycin	=		µg/mL	Susceptible	CLSI, NARMS	Broth dilution	bv_brc_genome_amr	high
29678910	118	SAMN08514332	BioSample	Salmonella enterica	azithromycin	azithromycin	=		µg/mL	Susceptible	CLSI, NARMS	Broth dilution	bv_brc_genome_amr	high
29678910	171	SAMN08514385	BioSample	Salmonella enterica	ceftriaxone	ceftriaxone	=		µg/mL	Susceptible	CLSI, NARMS	Broth dilution	bv_brc_genome_amr	high
29678910	141	SAMN08514355	BioSample	Salmonella enterica	ciprofloxacin	ciprofloxacin	=		µg/mL	Susceptible	CLSI, NARMS	Broth dilution	bv_brc_genome_amr	high
29678910	175	SAMN08514389	BioSample	Salmonella enterica	amoxicillin-clavulanic_acid	amoxicillin/clavulanic acid	=		µg/mL	Susceptible	CLSI, NARMS	Broth dilution	bv_brc_genome_amr	high
29678910	221	SAMN08514435	BioSample	Salmonella enterica	ampicillin	ampicillin	=		µg/mL	Susceptible	CLSI, NARMS	Broth dilution	bv_brc_genome_amr	high
29678910	223	SAMN08514437	BioSample	Salmonella enterica	amoxicillin-clavulanic_acid	amoxicillin/clavulanic acid	=		µg/mL	Susceptible	CLSI, NARMS	Broth dilution	bv_brc_genome_amr	high
29678910	225	SAMN08514439	BioSample	Salmonella enterica	azithromycin	azithromycin	=		µg/mL	Susceptible	CLSI, NARMS	Broth dilution	bv_brc_genome_amr	high
29678910	13	SAMN08514227	BioSample	Salmonella enterica	azithromycin	azithromycin	=		µg/mL	Susceptible	CLSI, NARMS	Broth dilution	bv_brc_genome_amr	high
29678910	158	SAMN08514372	BioSample	Salmonella enterica	ciprofloxacin	ciprofloxacin	=		µg/mL	Susceptible	CLSI, NARMS	Broth dilution	bv_brc_genome_amr	high
29678910	9	SAMN08514223	BioSample	Salmonella enterica	ciprofloxacin	ciprofloxacin	=		µg/mL	Susceptible	CLSI, NARMS	Broth dilution	bv_brc_genome_amr	high
29678910	187	SAMN08514401	BioSample	Salmonella enterica	ciprofloxacin	ciprofloxacin	=		µg/mL	Susceptible	CLSI, NARMS	Broth dilution	bv_brc_genome_amr	high
29678910	13	SAMN08514227	BioSample	Salmonella enterica	ampicillin	ampicillin	=		µg/mL	Resistant	CLSI, NARMS	Broth dilution	bv_brc_genome_amr	high
29678910	114	SAMN08514328	BioSample	Salmonella enterica	ciprofloxacin	ciprofloxacin	=		µg/mL	Susceptible	CLSI, NARMS	Broth dilution	bv_brc_genome_amr	high
29678910	54	SAMN08514268	BioSample	Salmonella enterica	azithromycin	azithromycin	=		µg/mL	Susceptible	CLSI, NARMS	Broth dilution	bv_brc_genome_amr	high
29678910	4	SAMN08514218	BioSample	Salmonella enterica	amoxicillin-clavulanic_acid	amoxicillin/clavulanic acid	=		µg/mL	Resistant	CLSI, NARMS	Broth dilution	bv_brc_genome_amr	high
29678910	71	SAMN08514285	BioSample	Salmonella enterica	ampicillin	ampicillin	=		µg/mL	Susceptible	CLSI, NARMS	Broth dilution	bv_brc_genome_amr	high
29678910	62	SAMN08514276	BioSample	Salmonella enterica	ampicillin	ampicillin	=		µg/mL	Susceptible	CLSI, NARMS	Broth dilution	bv_brc_genome_amr	high
29678910	249	SAMN08514463	BioSample	Salmonella enterica	ciprofloxacin	ciprofloxacin	=		µg/mL	Susceptible	CLSI, NARMS	Broth dilution	bv_brc_genome_amr	high
29678910	230	SAMN08514444	BioSample	Salmonella enterica	ampicillin	ampicillin	=		µg/mL	Susceptible	CLSI, NARMS	Broth dilution	bv_brc_genome_amr	high
29678910	113	SAMN08514327	BioSample	Salmonella enterica	ampicillin	ampicillin	=		µg/mL	Susceptible	CLSI, NARMS	Broth dilution	bv_brc_genome_amr	high
29678910	86	SAMN08514300	BioSample	Salmonella enterica	ceftriaxone	ceftriaxone	=		µg/mL	Susceptible	CLSI, NARMS	Broth dilution	bv_brc_genome_amr	high
29678910	172	SAMN08514386	BioSample	Salmonella enterica	ampicillin	ampicillin	=		µg/mL	Susceptible	CLSI, NARMS	Broth dilution	bv_brc_genome_amr	high
29678910	217	SAMN08514431	BioSample	Salmonella enterica	azithromycin	azithromycin	=		µg/mL	Susceptible	CLSI, NARMS	Broth dilution	bv_brc_genome_amr	high
29678910	80	SAMN08514294	BioSample	Salmonella enterica	azithromycin	azithromycin	=		µg/mL	Susceptible	CLSI, NARMS	Broth dilution	bv_brc_genome_amr	high
29678910	128	SAMN08514342	BioSample	Salmonella enterica	ceftriaxone	ceftriaxone	=		µg/mL	Susceptible	CLSI, NARMS	Broth dilution	bv_brc_genome_amr	high
29678910	31	SAMN08514245	BioSample	Salmonella enterica	ciprofloxacin	ciprofloxacin	=		µg/mL	Susceptible	CLSI, NARMS	Broth dilution	bv_brc_genome_amr	high
29678910	50	SAMN08514264	BioSample	Salmonella enterica	ceftriaxone	ceftriaxone	=		µg/mL	Susceptible	CLSI, NARMS	Broth dilution	bv_brc_genome_amr	high
29678910	147	SAMN08514361	BioSample	Salmonella enterica	ceftriaxone	ceftriaxone	=		µg/mL	Susceptible	CLSI, NARMS	Broth dilution	bv_brc_genome_amr	high
29678910	147	SAMN08514361	BioSample	Salmonella enterica	amoxicillin-clavulanic_acid	amoxicillin/clavulanic acid	=		µg/mL	Susceptible	CLSI, NARMS	Broth dilution	bv_brc_genome_amr	high
29678910	210	SAMN08514424	BioSample	Salmonella enterica	ciprofloxacin	ciprofloxacin	=		µg/mL	Susceptible	CLSI, NARMS	Broth dilution	bv_brc_genome_amr	high
29678910	82	SAMN08514296	BioSample	Salmonella enterica	azithromycin	azithromycin	=		µg/mL	Susceptible	CLSI, NARMS	Broth dilution	bv_brc_genome_amr	high
29678910	19	SAMN08514233	BioSample	Salmonella enterica	ceftriaxone	ceftriaxone	=		µg/mL	Susceptible	CLSI, NARMS	Broth dilution	bv_brc_genome_amr	high
29678910	150	SAMN08514364	BioSample	Salmonella enterica	ampicillin	ampicillin	=		µg/mL	Resistant	CLSI, NARMS	Broth dilution	bv_brc_genome_amr	high
29678910	180	SAMN08514394	BioSample	Salmonella enterica	amoxicillin-clavulanic_acid	amoxicillin/clavulanic acid	=		µg/mL	Susceptible	CLSI, NARMS	Broth dilution	bv_brc_genome_amr	high
29678910	5	SAMN08514219	BioSample	Salmonella enterica	ampicillin	ampicillin	=		µg/mL	Susceptible	CLSI, NARMS	Broth dilution	bv_brc_genome_amr	high
29678910	51	SAMN08514265	BioSample	Salmonella enterica	ceftriaxone	ceftriaxone	=		µg/mL	Susceptible	CLSI, NARMS	Broth dilution	bv_brc_genome_amr	high
29678910	62	SAMN08514276	BioSample	Salmonella enterica	azithromycin	azithromycin	=		µg/mL	Susceptible	CLSI, NARMS	Broth dilution	bv_brc_genome_amr	high
29678910	70	SAMN08514284	BioSample	Salmonella enterica	amoxicillin-clavulanic_acid	amoxicillin/clavulanic acid	=		µg/mL	Susceptible	CLSI, NARMS	Broth dilution	bv_brc_genome_amr	high
29678910	168	SAMN08514382	BioSample	Salmonella enterica	azithromycin	azithromycin	=		µg/mL	Susceptible	CLSI, NARMS	Broth dilution	bv_brc_genome_amr	high
29678910	179	SAMN08514393	BioSample	Salmonella enterica	azithromycin	azithromycin	=		µg/mL	Susceptible	CLSI, NARMS	Broth dilution	bv_brc_genome_amr	high
29678910	93	SAMN08514307	BioSample	Salmonella enterica	ciprofloxacin	ciprofloxacin	=		µg/mL	Susceptible	CLSI, NARMS	Broth dilution	bv_brc_genome_amr	high
29678910	243	SAMN08514457	BioSample	Salmonella enterica	ciprofloxacin	ciprofloxacin	=		µg/mL	Susceptible	CLSI, NARMS	Broth dilution	bv_brc_genome_amr	high
29678910	240	SAMN08514454	BioSample	Salmonella enterica	amoxicillin-clavulanic_acid	amoxicillin/clavulanic acid	=		µg/mL	Susceptible	CLSI, NARMS	Broth dilution	bv_brc_genome_amr	high
29678910	155	SAMN08514369	BioSample	Salmonella enterica	ciprofloxacin	ciprofloxacin	=		µg/mL	Susceptible	CLSI, NARMS	Broth dilution	bv_brc_genome_amr	high
29678910	28	SAMN08514242	BioSample	Salmonella enterica	ceftriaxone	ceftriaxone	=		µg/mL	Susceptible	CLSI, NARMS	Broth dilution	bv_brc_genome_amr	high
29678910	139	SAMN08514353	BioSample	Salmonella enterica	azithromycin	azithromycin	=		µg/mL	Susceptible	CLSI, NARMS	Broth dilution	bv_brc_genome_amr	high
29678910	203	SAMN08514417	BioSample	Salmonella enterica	ceftriaxone	ceftriaxone	=		µg/mL	Susceptible	CLSI, NARMS	Broth dilution	bv_brc_genome_amr	high
29678910	34	SAMN08514248	BioSample	Salmonella enterica	azithromycin	azithromycin	=		µg/mL	Susceptible	CLSI, NARMS	Broth dilution	bv_brc_genome_amr	high
29678910	234	SAMN08514448	BioSample	Salmonella enterica	ciprofloxacin	ciprofloxacin	=		µg/mL	Susceptible	CLSI, NARMS	Broth dilution	bv_brc_genome_amr	high
29678910	73	SAMN08514287	BioSample	Salmonella enterica	amoxicillin-clavulanic_acid	amoxicillin/clavulanic acid	=		µg/mL	Susceptible	CLSI, NARMS	Broth dilution	bv_brc_genome_amr	high
29678910	36	SAMN08514250	BioSample	Salmonella enterica	azithromycin	azithromycin	=		µg/mL	Susceptible	CLSI, NARMS	Broth dilution	bv_brc_genome_amr	high
29678910	255	SAMN08514469	BioSample	Salmonella enterica	ampicillin	ampicillin	=		µg/mL	Susceptible	CLSI, NARMS	Broth dilution	bv_brc_genome_amr	high
29678910	215	SAMN08514429	BioSample	Salmonella enterica	ceftriaxone	ceftriaxone	=		µg/mL	Susceptible	CLSI, NARMS	Broth dilution	bv_brc_genome_amr	high
29678910	155	SAMN08514369	BioSample	Salmonella enterica	ampicillin	ampicillin	=		µg/mL	Susceptible	CLSI, NARMS	Broth dilution	bv_brc_genome_amr	high
29678910	92	SAMN08514306	BioSample	Salmonella enterica	ampicillin	ampicillin	=		µg/mL	Susceptible	CLSI, NARMS	Broth dilution	bv_brc_genome_amr	high
29678910	181	SAMN08514395	BioSample	Salmonella enterica	amoxicillin-clavulanic_acid	amoxicillin/clavulanic acid	=		µg/mL	Susceptible	CLSI, NARMS	Broth dilution	bv_brc_genome_amr	high
29678910	22	SAMN08514236	BioSample	Salmonella enterica	amoxicillin-clavulanic_acid	amoxicillin/clavulanic acid	=		µg/mL	Susceptible	CLSI, NARMS	Broth dilution	bv_brc_genome_amr	high
29678910	163	SAMN08514377	BioSample	Salmonella enterica	ciprofloxacin	ciprofloxacin	=		µg/mL	Susceptible	CLSI, NARMS	Broth dilution	bv_brc_genome_amr	high
29678910	148	SAMN08514362	BioSample	Salmonella enterica	azithromycin	azithromycin	=		µg/mL	Susceptible	CLSI, NARMS	Broth dilution	bv_brc_genome_amr	high
29678910	25	SAMN08514239	BioSample	Salmonella enterica	ampicillin	ampicillin	=		µg/mL	Susceptible	CLSI, NARMS	Broth dilution	bv_brc_genome_amr	high
29678910	236	SAMN08514450	BioSample	Salmonella enterica	ceftriaxone	ceftriaxone	=		µg/mL	Susceptible	CLSI, NARMS	Broth dilution	bv_brc_genome_amr	high
29678910	128	SAMN08514342	BioSample	Salmonella enterica	azithromycin	azithromycin	=		µg/mL	Susceptible	CLSI, NARMS	Broth dilution	bv_brc_genome_amr	high
29678910	14	SAMN08514228	BioSample	Salmonella enterica	ceftriaxone	ceftriaxone	=		µg/mL	Susceptible	CLSI, NARMS	Broth dilution	bv_brc_genome_amr	high
29678910	98	SAMN08514312	BioSample	Salmonella enterica	ciprofloxacin	ciprofloxacin	=		µg/mL	Susceptible	CLSI, NARMS	Broth dilution	bv_brc_genome_amr	high
29678910	79	SAMN08514293	BioSample	Salmonella enterica	ampicillin	ampicillin	=		µg/mL	Susceptible	CLSI, NARMS	Broth dilution	bv_brc_genome_amr	high
29678910	190	SAMN08514404	BioSample	Salmonella enterica	amoxicillin-clavulanic_acid	amoxicillin/clavulanic acid	=		µg/mL	Susceptible	CLSI, NARMS	Broth dilution	bv_brc_genome_amr	high
29678910	58	SAMN08514272	BioSample	Salmonella enterica	ampicillin	ampicillin	=		µg/mL	Susceptible	CLSI, NARMS	Broth dilution	bv_brc_genome_amr	high
29678910	171	SAMN08514385	BioSample	Salmonella enterica	amoxicillin-clavulanic_acid	amoxicillin/clavulanic acid	=		µg/mL	Susceptible	CLSI, NARMS	Broth dilution	bv_brc_genome_amr	high
29678910	131	SAMN08514345	BioSample	Salmonella enterica	amoxicillin-clavulanic_acid	amoxicillin/clavulanic acid	=		µg/mL	Susceptible	CLSI, NARMS	Broth dilution	bv_brc_genome_amr	high
29678910	136	SAMN08514350	BioSample	Salmonella enterica	ampicillin	ampicillin	=		µg/mL	Susceptible	CLSI, NARMS	Broth dilution	bv_brc_genome_amr	high
29678910	192	SAMN08514406	BioSample	Salmonella enterica	ampicillin	ampicillin	=		µg/mL	Susceptible	CLSI, NARMS	Broth dilution	bv_brc_genome_amr	high
29678910	97	SAMN08514311	BioSample	Salmonella enterica	azithromycin	azithromycin	=		µg/mL	Susceptible	CLSI, NARMS	Broth dilution	bv_brc_genome_amr	high
29678910	178	SAMN08514392	BioSample	Salmonella enterica	azithromycin	azithromycin	=		µg/mL	Susceptible	CLSI, NARMS	Broth dilution	bv_brc_genome_amr	high
29678910	212	SAMN08514426	BioSample	Salmonella enterica	ciprofloxacin	ciprofloxacin	=		µg/mL	Susceptible	CLSI, NARMS	Broth dilution	bv_brc_genome_amr	high
29678910	87	SAMN08514301	BioSample	Salmonella enterica	ampicillin	ampicillin	=		µg/mL	Susceptible	CLSI, NARMS	Broth dilution	bv_brc_genome_amr	high
29678910	214	SAMN08514428	BioSample	Salmonella enterica	ciprofloxacin	ciprofloxacin	=		µg/mL	Susceptible	CLSI, NARMS	Broth dilution	bv_brc_genome_amr	high
29678910	183	SAMN08514397	BioSample	Salmonella enterica	azithromycin	azithromycin	=		µg/mL	Susceptible	CLSI, NARMS	Broth dilution	bv_brc_genome_amr	high
29678910	214	SAMN08514428	BioSample	Salmonella enterica	ampicillin	ampicillin	=		µg/mL	Susceptible	CLSI, NARMS	Broth dilution	bv_brc_genome_amr	high
29678910	111	SAMN08514325	BioSample	Salmonella enterica	ceftriaxone	ceftriaxone	=		µg/mL	Susceptible	CLSI, NARMS	Broth dilution	bv_brc_genome_amr	high
29678910	119	SAMN08514333	BioSample	Salmonella enterica	amoxicillin-clavulanic_acid	amoxicillin/clavulanic acid	=		µg/mL	Susceptible	CLSI, NARMS	Broth dilution	bv_brc_genome_amr	high
29678910	77	SAMN08514291	BioSample	Salmonella enterica	ciprofloxacin	ciprofloxacin	=		µg/mL	Susceptible	CLSI, NARMS	Broth dilution	bv_brc_genome_amr	high
29678910	168	SAMN08514382	BioSample	Salmonella enterica	amoxicillin-clavulanic_acid	amoxicillin/clavulanic acid	=		µg/mL	Susceptible	CLSI, NARMS	Broth dilution	bv_brc_genome_amr	high
29678910	7	SAMN08514221	BioSample	Salmonella enterica	ampicillin	ampicillin	=		µg/mL	Susceptible	CLSI, NARMS	Broth dilution	bv_brc_genome_amr	high
29678910	48	SAMN08514262	BioSample	Salmonella enterica	ampicillin	ampicillin	=		µg/mL	Susceptible	CLSI, NARMS	Broth dilution	bv_brc_genome_amr	high
29678910	156	SAMN08514370	BioSample	Salmonella enterica	azithromycin	azithromycin	=		µg/mL	Susceptible	CLSI, NARMS	Broth dilution	bv_brc_genome_amr	high
29678910	160	SAMN08514374	BioSample	Salmonella enterica	ampicillin	ampicillin	=		µg/mL	Susceptible	CLSI, NARMS	Broth dilution	bv_brc_genome_amr	high
29678910	218	SAMN08514432	BioSample	Salmonella enterica	amoxicillin-clavulanic_acid	amoxicillin/clavulanic acid	=		µg/mL	Susceptible	CLSI, NARMS	Broth dilution	bv_brc_genome_amr	high
29678910	146	SAMN08514360	BioSample	Salmonella enterica	amoxicillin-clavulanic_acid	amoxicillin/clavulanic acid	=		µg/mL	Resistant	CLSI, NARMS	Broth dilution	bv_brc_genome_amr	high
29678910	136	SAMN08514350	BioSample	Salmonella enterica	ciprofloxacin	ciprofloxacin	=		µg/mL	Susceptible	CLSI, NARMS	Broth dilution	bv_brc_genome_amr	high
29678910	57	SAMN08514271	BioSample	Salmonella enterica	ampicillin	ampicillin	=		µg/mL	Resistant	CLSI, NARMS	Broth dilution	bv_brc_genome_amr	high
29678910	106	SAMN08514320	BioSample	Salmonella enterica	azithromycin	azithromycin	=		µg/mL	Susceptible	CLSI, NARMS	Broth dilution	bv_brc_genome_amr	high
29678910	134	SAMN08514348	BioSample	Salmonella enterica	azithromycin	azithromycin	=		µg/mL	Susceptible	CLSI, NARMS	Broth dilution	bv_brc_genome_amr	high
29678910	74	SAMN08514288	BioSample	Salmonella enterica	ampicillin	ampicillin	=		µg/mL	Resistant	CLSI, NARMS	Broth dilution	bv_brc_genome_amr	high
29678910	125	SAMN08514339	BioSample	Salmonella enterica	azithromycin	azithromycin	=		µg/mL	Susceptible	CLSI, NARMS	Broth dilution	bv_brc_genome_amr	high
29678910	98	SAMN08514312	BioSample	Salmonella enterica	ampicillin	ampicillin	=		µg/mL	Susceptible	CLSI, NARMS	Broth dilution	bv_brc_genome_amr	high
29678910	104	SAMN08514318	BioSample	Salmonella enterica	azithromycin	azithromycin	=		µg/mL	Susceptible	CLSI, NARMS	Broth dilution	bv_brc_genome_amr	high
29678910	203	SAMN08514417	BioSample	Salmonella enterica	ampicillin	ampicillin	=		µg/mL	Susceptible	CLSI, NARMS	Broth dilution	bv_brc_genome_amr	high
29678910	207	SAMN08514421	BioSample	Salmonella enterica	ampicillin	ampicillin	=		µg/mL	Susceptible	CLSI, NARMS	Broth dilution	bv_brc_genome_amr	high
29678910	132	SAMN08514346	BioSample	Salmonella enterica	ciprofloxacin	ciprofloxacin	=		µg/mL	Susceptible	CLSI, NARMS	Broth dilution	bv_brc_genome_amr	high
29678910	57	SAMN08514271	BioSample	Salmonella enterica	ceftriaxone	ceftriaxone	=		µg/mL	Resistant	CLSI, NARMS	Broth dilution	bv_brc_genome_amr	high
29678910	48	SAMN08514262	BioSample	Salmonella enterica	ciprofloxacin	ciprofloxacin	=		µg/mL	Susceptible	CLSI, NARMS	Broth dilution	bv_brc_genome_amr	high
29678910	49	SAMN08514263	BioSample	Salmonella enterica	azithromycin	azithromycin	=		µg/mL	Susceptible	CLSI, NARMS	Broth dilution	bv_brc_genome_amr	high
29678910	138	SAMN08514352	BioSample	Salmonella enterica	ampicillin	ampicillin	=		µg/mL	Susceptible	CLSI, NARMS	Broth dilution	bv_brc_genome_amr	high
29678910	184	SAMN08514398	BioSample	Salmonella enterica	amoxicillin-clavulanic_acid	amoxicillin/clavulanic acid	=		µg/mL	Susceptible	CLSI, NARMS	Broth dilution	bv_brc_genome_amr	high
29678910	15	SAMN08514229	BioSample	Salmonella enterica	amoxicillin-clavulanic_acid	amoxicillin/clavulanic acid	=		µg/mL	Susceptible	CLSI, NARMS	Broth dilution	bv_brc_genome_amr	high
29678910	48	SAMN08514262	BioSample	Salmonella enterica	ceftriaxone	ceftriaxone	=		µg/mL	Susceptible	CLSI, NARMS	Broth dilution	bv_brc_genome_amr	high
29678910	118	SAMN08514332	BioSample	Salmonella enterica	ampicillin	ampicillin	=		µg/mL	Susceptible	CLSI, NARMS	Broth dilution	bv_brc_genome_amr	high
29678910	64	SAMN08514278	BioSample	Salmonella enterica	ceftriaxone	ceftriaxone	=		µg/mL	Susceptible	CLSI, NARMS	Broth dilution	bv_brc_genome_amr	high
29678910	202	SAMN08514416	BioSample	Salmonella enterica	azithromycin	azithromycin	=		µg/mL	Susceptible	CLSI, NARMS	Broth dilution	bv_brc_genome_amr	high
29678910	251	SAMN08514465	BioSample	Salmonella enterica	azithromycin	azithromycin	=		µg/mL	Susceptible	CLSI, NARMS	Broth dilution	bv_brc_genome_amr	high
29678910	61	SAMN08514275	BioSample	Salmonella enterica	azithromycin	azithromycin	=		µg/mL	Susceptible	CLSI, NARMS	Broth dilution	bv_brc_genome_amr	high
29678910	46	SAMN08514260	BioSample	Salmonella enterica	amoxicillin-clavulanic_acid	amoxicillin/clavulanic acid	=		µg/mL	Susceptible	CLSI, NARMS	Broth dilution	bv_brc_genome_amr	high
29678910	180	SAMN08514394	BioSample	Salmonella enterica	azithromycin	azithromycin	=		µg/mL	Susceptible	CLSI, NARMS	Broth dilution	bv_brc_genome_amr	high
29678910	36	SAMN08514250	BioSample	Salmonella enterica	ampicillin	ampicillin	=		µg/mL	Susceptible	CLSI, NARMS	Broth dilution	bv_brc_genome_amr	high
29678910	34	SAMN08514248	BioSample	Salmonella enterica	ceftriaxone	ceftriaxone	=		µg/mL	Susceptible	CLSI, NARMS	Broth dilution	bv_brc_genome_amr	high
29678910	10	SAMN08514224	BioSample	Salmonella enterica	ampicillin	ampicillin	=		µg/mL	Susceptible	CLSI, NARMS	Broth dilution	bv_brc_genome_amr	high
29678910	185	SAMN08514399	BioSample	Salmonella enterica	ampicillin	ampicillin	=		µg/mL	Susceptible	CLSI, NARMS	Broth dilution	bv_brc_genome_amr	high
29678910	63	SAMN08514277	BioSample	Salmonella enterica	ceftriaxone	ceftriaxone	=		µg/mL	Susceptible	CLSI, NARMS	Broth dilution	bv_brc_genome_amr	high
29678910	92	SAMN08514306	BioSample	Salmonella enterica	amoxicillin-clavulanic_acid	amoxicillin/clavulanic acid	=		µg/mL	Susceptible	CLSI, NARMS	Broth dilution	bv_brc_genome_amr	high
29678910	44	SAMN08514258	BioSample	Salmonella enterica	amoxicillin-clavulanic_acid	amoxicillin/clavulanic acid	=		µg/mL	Susceptible	CLSI, NARMS	Broth dilution	bv_brc_genome_amr	high
29678910	140	SAMN08514354	BioSample	Salmonella enterica	ceftriaxone	ceftriaxone	=		µg/mL	Susceptible	CLSI, NARMS	Broth dilution	bv_brc_genome_amr	high
29678910	246	SAMN08514460	BioSample	Salmonella enterica	amoxicillin-clavulanic_acid	amoxicillin/clavulanic acid	=		µg/mL	Susceptible	CLSI, NARMS	Broth dilution	bv_brc_genome_amr	high
29678910	48	SAMN08514262	BioSample	Salmonella enterica	amoxicillin-clavulanic_acid	amoxicillin/clavulanic acid	=		µg/mL	Susceptible	CLSI, NARMS	Broth dilution	bv_brc_genome_amr	high
29678910	251	SAMN08514465	BioSample	Salmonella enterica	amoxicillin-clavulanic_acid	amoxicillin/clavulanic acid	=		µg/mL	Susceptible	CLSI, NARMS	Broth dilution	bv_brc_genome_amr	high
29678910	44	SAMN08514258	BioSample	Salmonella enterica	ciprofloxacin	ciprofloxacin	=		µg/mL	Susceptible	CLSI, NARMS	Broth dilution	bv_brc_genome_amr	high
29678910	16	SAMN08514230	BioSample	Salmonella enterica	ciprofloxacin	ciprofloxacin	=		µg/mL	Susceptible	CLSI, NARMS	Broth dilution	bv_brc_genome_amr	high
29678910	218	SAMN08514432	BioSample	Salmonella enterica	ampicillin	ampicillin	=		µg/mL	Susceptible	CLSI, NARMS	Broth dilution	bv_brc_genome_amr	high
29678910	237	SAMN08514451	BioSample	Salmonella enterica	ciprofloxacin	ciprofloxacin	=		µg/mL	Susceptible	CLSI, NARMS	Broth dilution	bv_brc_genome_amr	high
29678910	130	SAMN08514344	BioSample	Salmonella enterica	ampicillin	ampicillin	=		µg/mL	Susceptible	CLSI, NARMS	Broth dilution	bv_brc_genome_amr	high
29678910	21	SAMN08514235	BioSample	Salmonella enterica	ciprofloxacin	ciprofloxacin	=		µg/mL	Susceptible	CLSI, NARMS	Broth dilution	bv_brc_genome_amr	high
29678910	64	SAMN08514278	BioSample	Salmonella enterica	ampicillin	ampicillin	=		µg/mL	Susceptible	CLSI, NARMS	Broth dilution	bv_brc_genome_amr	high
29678910	119	SAMN08514333	BioSample	Salmonella enterica	azithromycin	azithromycin	=		µg/mL	Susceptible	CLSI, NARMS	Broth dilution	bv_brc_genome_amr	high
29678910	185	SAMN08514399	BioSample	Salmonella enterica	ciprofloxacin	ciprofloxacin	=		µg/mL	Susceptible	CLSI, NARMS	Broth dilution	bv_brc_genome_amr	high
29678910	90	SAMN08514304	BioSample	Salmonella enterica	amoxicillin-clavulanic_acid	amoxicillin/clavulanic acid	=		µg/mL	Susceptible	CLSI, NARMS	Broth dilution	bv_brc_genome_amr	high
29678910	234	SAMN08514448	BioSample	Salmonella enterica	ampicillin	ampicillin	=		µg/mL	Susceptible	CLSI, NARMS	Broth dilution	bv_brc_genome_amr	high
29678910	211	SAMN08514425	BioSample	Salmonella enterica	ceftriaxone	ceftriaxone	=		µg/mL	Susceptible	CLSI, NARMS	Broth dilution	bv_brc_genome_amr	high
29678910	32	SAMN08514246	BioSample	Salmonella enterica	ciprofloxacin	ciprofloxacin	=		µg/mL	Susceptible	CLSI, NARMS	Broth dilution	bv_brc_genome_amr	high
29678910	83	SAMN08514297	BioSample	Salmonella enterica	azithromycin	azithromycin	=		µg/mL	Susceptible	CLSI, NARMS	Broth dilution	bv_brc_genome_amr	high
29678910	88	SAMN08514302	BioSample	Salmonella enterica	ceftriaxone	ceftriaxone	=		µg/mL	Susceptible	CLSI, NARMS	Broth dilution	bv_brc_genome_amr	high
29678910	149	SAMN08514363	BioSample	Salmonella enterica	amoxicillin-clavulanic_acid	amoxicillin/clavulanic acid	=		µg/mL	Susceptible	CLSI, NARMS	Broth dilution	bv_brc_genome_amr	high
29678910	21	SAMN08514235	BioSample	Salmonella enterica	azithromycin	azithromycin	=		µg/mL	Susceptible	CLSI, NARMS	Broth dilution	bv_brc_genome_amr	high
29678910	211	SAMN08514425	BioSample	Salmonella enterica	ciprofloxacin	ciprofloxacin	=		µg/mL	Susceptible	CLSI, NARMS	Broth dilution	bv_brc_genome_amr	high
29678910	255	SAMN08514469	BioSample	Salmonella enterica	ceftriaxone	ceftriaxone	=		µg/mL	Susceptible	CLSI, NARMS	Broth dilution	bv_brc_genome_amr	high
29678910	52	SAMN08514266	BioSample	Salmonella enterica	azithromycin	azithromycin	=		µg/mL	Susceptible	CLSI, NARMS	Broth dilution	bv_brc_genome_amr	high
29678910	133	SAMN08514347	BioSample	Salmonella enterica	amoxicillin-clavulanic_acid	amoxicillin/clavulanic acid	=		µg/mL	Susceptible	CLSI, NARMS	Broth dilution	bv_brc_genome_amr	high
29678910	83	SAMN08514297	BioSample	Salmonella enterica	ceftriaxone	ceftriaxone	=		µg/mL	Susceptible	CLSI, NARMS	Broth dilution	bv_brc_genome_amr	high
29678910	255	SAMN08514469	BioSample	Salmonella enterica	azithromycin	azithromycin	=		µg/mL	Susceptible	CLSI, NARMS	Broth dilution	bv_brc_genome_amr	high
29678910	115	SAMN08514329	BioSample	Salmonella enterica	ampicillin	ampicillin	=		µg/mL	Susceptible	CLSI, NARMS	Broth dilution	bv_brc_genome_amr	high
29678910	183	SAMN08514397	BioSample	Salmonella enterica	ampicillin	ampicillin	=		µg/mL	Susceptible	CLSI, NARMS	Broth dilution	bv_brc_genome_amr	high
29678910	121	SAMN08514335	BioSample	Salmonella enterica	ceftriaxone	ceftriaxone	=		µg/mL	Susceptible	CLSI, NARMS	Broth dilution	bv_brc_genome_amr	high
29678910	187	SAMN08514401	BioSample	Salmonella enterica	ceftriaxone	ceftriaxone	=		µg/mL	Susceptible	CLSI, NARMS	Broth dilution	bv_brc_genome_amr	high
29678910	11	SAMN08514225	BioSample	Salmonella enterica	amoxicillin-clavulanic_acid	amoxicillin/clavulanic acid	=		µg/mL	Susceptible	CLSI, NARMS	Broth dilution	bv_brc_genome_amr	high
29678910	171	SAMN08514385	BioSample	Salmonella enterica	ciprofloxacin	ciprofloxacin	=		µg/mL	Susceptible	CLSI, NARMS	Broth dilution	bv_brc_genome_amr	high
29678910	21	SAMN08514235	BioSample	Salmonella enterica	ampicillin	ampicillin	=		µg/mL	Resistant	CLSI, NARMS	Broth dilution	bv_brc_genome_amr	high
29678910	232	SAMN08514446	BioSample	Salmonella enterica	azithromycin	azithromycin	=		µg/mL	Susceptible	CLSI, NARMS	Broth dilution	bv_brc_genome_amr	high
29678910	61	SAMN08514275	BioSample	Salmonella enterica	ciprofloxacin	ciprofloxacin	=		µg/mL	Susceptible	CLSI, NARMS	Broth dilution	bv_brc_genome_amr	high
29678910	166	SAMN08514380	BioSample	Salmonella enterica	ciprofloxacin	ciprofloxacin	=		µg/mL	Susceptible	CLSI, NARMS	Broth dilution	bv_brc_genome_amr	high
29678910	102	SAMN08514316	BioSample	Salmonella enterica	ciprofloxacin	ciprofloxacin	=		µg/mL	Susceptible	CLSI, NARMS	Broth dilution	bv_brc_genome_amr	high
29678910	213	SAMN08514427	BioSample	Salmonella enterica	ampicillin	ampicillin	=		µg/mL	Susceptible	CLSI, NARMS	Broth dilution	bv_brc_genome_amr	high
29678910	151	SAMN08514365	BioSample	Salmonella enterica	ampicillin	ampicillin	=		µg/mL	Susceptible	CLSI, NARMS	Broth dilution	bv_brc_genome_amr	high
29678910	246	SAMN08514460	BioSample	Salmonella enterica	azithromycin	azithromycin	=		µg/mL	Susceptible	CLSI, NARMS	Broth dilution	bv_brc_genome_amr	high
29678910	252	SAMN08514466	BioSample	Salmonella enterica	amoxicillin-clavulanic_acid	amoxicillin/clavulanic acid	=		µg/mL	Susceptible	CLSI, NARMS	Broth dilution	bv_brc_genome_amr	high
29678910	60	SAMN08514274	BioSample	Salmonella enterica	ampicillin	ampicillin	=		µg/mL	Susceptible	CLSI, NARMS	Broth dilution	bv_brc_genome_amr	high
29678910	93	SAMN08514307	BioSample	Salmonella enterica	amoxicillin-clavulanic_acid	amoxicillin/clavulanic acid	=		µg/mL	Susceptible	CLSI, NARMS	Broth dilution	bv_brc_genome_amr	high
29678910	212	SAMN08514426	BioSample	Salmonella enterica	ampicillin	ampicillin	=		µg/mL	Susceptible	CLSI, NARMS	Broth dilution	bv_brc_genome_amr	high
29678910	170	SAMN08514384	BioSample	Salmonella enterica	ciprofloxacin	ciprofloxacin	=		µg/mL	Susceptible	CLSI, NARMS	Broth dilution	bv_brc_genome_amr	high
29678910	89	SAMN08514303	BioSample	Salmonella enterica	azithromycin	azithromycin	=		µg/mL	Susceptible	CLSI, NARMS	Broth dilution	bv_brc_genome_amr	high
29678910	6	SAMN08514220	BioSample	Salmonella enterica	ceftriaxone	ceftriaxone	=		µg/mL	Susceptible	CLSI, NARMS	Broth dilution	bv_brc_genome_amr	high
29678910	37	SAMN08514251	BioSample	Salmonella enterica	amoxicillin-clavulanic_acid	amoxicillin/clavulanic acid	=		µg/mL	Susceptible	CLSI, NARMS	Broth dilution	bv_brc_genome_amr	high
29678910	32	SAMN08514246	BioSample	Salmonella enterica	ceftriaxone	ceftriaxone	=		µg/mL	Susceptible	CLSI, NARMS	Broth dilution	bv_brc_genome_amr	high
29678910	23	SAMN08514237	BioSample	Salmonella enterica	ciprofloxacin	ciprofloxacin	=		µg/mL	Susceptible	CLSI, NARMS	Broth dilution	bv_brc_genome_amr	high
29678910	1	SAMN08514215	BioSample	Salmonella enterica	ceftriaxone	ceftriaxone	=		µg/mL	Susceptible	CLSI, NARMS	Broth dilution	bv_brc_genome_amr	high
29678910	95	SAMN08514309	BioSample	Salmonella enterica	amoxicillin-clavulanic_acid	amoxicillin/clavulanic acid	=		µg/mL	Susceptible	CLSI, NARMS	Broth dilution	bv_brc_genome_amr	high
29678910	213	SAMN08514427	BioSample	Salmonella enterica	amoxicillin-clavulanic_acid	amoxicillin/clavulanic acid	=		µg/mL	Susceptible	CLSI, NARMS	Broth dilution	bv_brc_genome_amr	high
29678910	224	SAMN08514438	BioSample	Salmonella enterica	azithromycin	azithromycin	=		µg/mL	Susceptible	CLSI, NARMS	Broth dilution	bv_brc_genome_amr	high
29678910	141	SAMN08514355	BioSample	Salmonella enterica	ceftriaxone	ceftriaxone	=		µg/mL	Resistant	CLSI, NARMS	Broth dilution	bv_brc_genome_amr	high
29678910	152	SAMN08514366	BioSample	Salmonella enterica	ciprofloxacin	ciprofloxacin	=		µg/mL	Susceptible	CLSI, NARMS	Broth dilution	bv_brc_genome_amr	high
29678910	238	SAMN08514452	BioSample	Salmonella enterica	ampicillin	ampicillin	=		µg/mL	Susceptible	CLSI, NARMS	Broth dilution	bv_brc_genome_amr	high
29678910	126	SAMN08514340	BioSample	Salmonella enterica	azithromycin	azithromycin	=		µg/mL	Susceptible	CLSI, NARMS	Broth dilution	bv_brc_genome_amr	high
29678910	13	SAMN08514227	BioSample	Salmonella enterica	amoxicillin-clavulanic_acid	amoxicillin/clavulanic acid	=		µg/mL	Susceptible	CLSI, NARMS	Broth dilution	bv_brc_genome_amr	high
29678910	11	SAMN08514225	BioSample	Salmonella enterica	ciprofloxacin	ciprofloxacin	=		µg/mL	Susceptible	CLSI, NARMS	Broth dilution	bv_brc_genome_amr	high
29678910	186	SAMN08514400	BioSample	Salmonella enterica	ampicillin	ampicillin	=		µg/mL	Resistant	CLSI, NARMS	Broth dilution	bv_brc_genome_amr	high
29678910	222	SAMN08514436	BioSample	Salmonella enterica	amoxicillin-clavulanic_acid	amoxicillin/clavulanic acid	=		µg/mL	Susceptible	CLSI, NARMS	Broth dilution	bv_brc_genome_amr	high
29678910	202	SAMN08514416	BioSample	Salmonella enterica	amoxicillin-clavulanic_acid	amoxicillin/clavulanic acid	=		µg/mL	Susceptible	CLSI, NARMS	Broth dilution	bv_brc_genome_amr	high
29678910	220	SAMN08514434	BioSample	Salmonella enterica	ampicillin	ampicillin	=		µg/mL	Susceptible	CLSI, NARMS	Broth dilution	bv_brc_genome_amr	high
29678910	61	SAMN08514275	BioSample	Salmonella enterica	amoxicillin-clavulanic_acid	amoxicillin/clavulanic acid	=		µg/mL	Susceptible	CLSI, NARMS	Broth dilution	bv_brc_genome_amr	high
29678910	122	SAMN08514336	BioSample	Salmonella enterica	ciprofloxacin	ciprofloxacin	=		µg/mL	Susceptible	CLSI, NARMS	Broth dilution	bv_brc_genome_amr	high
29678910	6	SAMN08514220	BioSample	Salmonella enterica	amoxicillin-clavulanic_acid	amoxicillin/clavulanic acid	=		µg/mL	Susceptible	CLSI, NARMS	Broth dilution	bv_brc_genome_amr	high
29678910	109	SAMN08514323	BioSample	Salmonella enterica	ampicillin	ampicillin	=		µg/mL	Susceptible	CLSI, NARMS	Broth dilution	bv_brc_genome_amr	high
29678910	250	SAMN08514464	BioSample	Salmonella enterica	ampicillin	ampicillin	=		µg/mL	Susceptible	CLSI, NARMS	Broth dilution	bv_brc_genome_amr	high
29678910	240	SAMN08514454	BioSample	Salmonella enterica	ciprofloxacin	ciprofloxacin	=		µg/mL	Susceptible	CLSI, NARMS	Broth dilution	bv_brc_genome_amr	high
29678910	186	SAMN08514400	BioSample	Salmonella enterica	ciprofloxacin	ciprofloxacin	=		µg/mL	Susceptible	CLSI, NARMS	Broth dilution	bv_brc_genome_amr	high
29678910	102	SAMN08514316	BioSample	Salmonella enterica	ampicillin	ampicillin	=		µg/mL	Susceptible	CLSI, NARMS	Broth dilution	bv_brc_genome_amr	high
29678910	172	SAMN08514386	BioSample	Salmonella enterica	ciprofloxacin	ciprofloxacin	=		µg/mL	Susceptible	CLSI, NARMS	Broth dilution	bv_brc_genome_amr	high
29678910	192	SAMN08514406	BioSample	Salmonella enterica	ceftriaxone	ceftriaxone	=		µg/mL	Susceptible	CLSI, NARMS	Broth dilution	bv_brc_genome_amr	high
29678910	97	SAMN08514311	BioSample	Salmonella enterica	ampicillin	ampicillin	=		µg/mL	Susceptible	CLSI, NARMS	Broth dilution	bv_brc_genome_amr	high
29678910	161	SAMN08514375	BioSample	Salmonella enterica	ceftriaxone	ceftriaxone	=		µg/mL	Susceptible	CLSI, NARMS	Broth dilution	bv_brc_genome_amr	high
29678910	27	SAMN08514241	BioSample	Salmonella enterica	azithromycin	azithromycin	=		µg/mL	Susceptible	CLSI, NARMS	Broth dilution	bv_brc_genome_amr	high
29678910	158	SAMN08514372	BioSample	Salmonella enterica	ceftriaxone	ceftriaxone	=		µg/mL	Susceptible	CLSI, NARMS	Broth dilution	bv_brc_genome_amr	high
29678910	34	SAMN08514248	BioSample	Salmonella enterica	ciprofloxacin	ciprofloxacin	=		µg/mL	Susceptible	CLSI, NARMS	Broth dilution	bv_brc_genome_amr	high
29678910	61	SAMN08514275	BioSample	Salmonella enterica	ceftriaxone	ceftriaxone	=		µg/mL	Susceptible	CLSI, NARMS	Broth dilution	bv_brc_genome_amr	high
29678910	68	SAMN08514282	BioSample	Salmonella enterica	amoxicillin-clavulanic_acid	amoxicillin/clavulanic acid	=		µg/mL	Susceptible	CLSI, NARMS	Broth dilution	bv_brc_genome_amr	high
29678910	179	SAMN08514393	BioSample	Salmonella enterica	ciprofloxacin	ciprofloxacin	=		µg/mL	Susceptible	CLSI, NARMS	Broth dilution	bv_brc_genome_amr	high
29678910	197	SAMN08514411	BioSample	Salmonella enterica	azithromycin	azithromycin	=		µg/mL	Susceptible	CLSI, NARMS	Broth dilution	bv_brc_genome_amr	high
29678910	60	SAMN08514274	BioSample	Salmonella enterica	azithromycin	azithromycin	=		µg/mL	Susceptible	CLSI, NARMS	Broth dilution	bv_brc_genome_amr	high
29678910	211	SAMN08514425	BioSample	Salmonella enterica	ampicillin	ampicillin	=		µg/mL	Susceptible	CLSI, NARMS	Broth dilution	bv_brc_genome_amr	high
29678910	175	SAMN08514389	BioSample	Salmonella enterica	azithromycin	azithromycin	=		µg/mL	Susceptible	CLSI, NARMS	Broth dilution	bv_brc_genome_amr	high
29678910	198	SAMN08514412	BioSample	Salmonella enterica	ciprofloxacin	ciprofloxacin	=		µg/mL	Susceptible	CLSI, NARMS	Broth dilution	bv_brc_genome_amr	high
29678910	231	SAMN08514445	BioSample	Salmonella enterica	ciprofloxacin	ciprofloxacin	=		µg/mL	Susceptible	CLSI, NARMS	Broth dilution	bv_brc_genome_amr	high
29678910	99	SAMN08514313	BioSample	Salmonella enterica	ciprofloxacin	ciprofloxacin	=		µg/mL	Susceptible	CLSI, NARMS	Broth dilution	bv_brc_genome_amr	high
29678910	169	SAMN08514383	BioSample	Salmonella enterica	ampicillin	ampicillin	=		µg/mL	Susceptible	CLSI, NARMS	Broth dilution	bv_brc_genome_amr	high
29678910	220	SAMN08514434	BioSample	Salmonella enterica	amoxicillin-clavulanic_acid	amoxicillin/clavulanic acid	=		µg/mL	Susceptible	CLSI, NARMS	Broth dilution	bv_brc_genome_amr	high
29678910	230	SAMN08514444	BioSample	Salmonella enterica	ciprofloxacin	ciprofloxacin	=		µg/mL	Susceptible	CLSI, NARMS	Broth dilution	bv_brc_genome_amr	high
29678910	52	SAMN08514266	BioSample	Salmonella enterica	ciprofloxacin	ciprofloxacin	=		µg/mL	Susceptible	CLSI, NARMS	Broth dilution	bv_brc_genome_amr	high
29678910	108	SAMN08514322	BioSample	Salmonella enterica	azithromycin	azithromycin	=		µg/mL	Susceptible	CLSI, NARMS	Broth dilution	bv_brc_genome_amr	high
29678910	15	SAMN08514229	BioSample	Salmonella enterica	ampicillin	ampicillin	=		µg/mL	Susceptible	CLSI, NARMS	Broth dilution	bv_brc_genome_amr	high
29678910	184	SAMN08514398	BioSample	Salmonella enterica	azithromycin	azithromycin	=		µg/mL	Susceptible	CLSI, NARMS	Broth dilution	bv_brc_genome_amr	high
29678910	128	SAMN08514342	BioSample	Salmonella enterica	amoxicillin-clavulanic_acid	amoxicillin/clavulanic acid	=		µg/mL	Susceptible	CLSI, NARMS	Broth dilution	bv_brc_genome_amr	high
29678910	108	SAMN08514322	BioSample	Salmonella enterica	ceftriaxone	ceftriaxone	=		µg/mL	Susceptible	CLSI, NARMS	Broth dilution	bv_brc_genome_amr	high
29678910	29	SAMN08514243	BioSample	Salmonella enterica	azithromycin	azithromycin	=		µg/mL	Susceptible	CLSI, NARMS	Broth dilution	bv_brc_genome_amr	high
29678910	245	SAMN08514459	BioSample	Salmonella enterica	amoxicillin-clavulanic_acid	amoxicillin/clavulanic acid	=		µg/mL	Susceptible	CLSI, NARMS	Broth dilution	bv_brc_genome_amr	high
29678910	14	SAMN08514228	BioSample	Salmonella enterica	ampicillin	ampicillin	=		µg/mL	Susceptible	CLSI, NARMS	Broth dilution	bv_brc_genome_amr	high
29678910	233	SAMN08514447	BioSample	Salmonella enterica	amoxicillin-clavulanic_acid	amoxicillin/clavulanic acid	=		µg/mL	Susceptible	CLSI, NARMS	Broth dilution	bv_brc_genome_amr	high
29678910	158	SAMN08514372	BioSample	Salmonella enterica	ampicillin	ampicillin	=		µg/mL	Susceptible	CLSI, NARMS	Broth dilution	bv_brc_genome_amr	high
29678910	29	SAMN08514243	BioSample	Salmonella enterica	ampicillin	ampicillin	=		µg/mL	Susceptible	CLSI, NARMS	Broth dilution	bv_brc_genome_amr	high
29678910	172	SAMN08514386	BioSample	Salmonella enterica	azithromycin	azithromycin	=		µg/mL	Susceptible	CLSI, NARMS	Broth dilution	bv_brc_genome_amr	high
29678910	236	SAMN08514450	BioSample	Salmonella enterica	amoxicillin-clavulanic_acid	amoxicillin/clavulanic acid	=		µg/mL	Susceptible	CLSI, NARMS	Broth dilution	bv_brc_genome_amr	high
29678910	122	SAMN08514336	BioSample	Salmonella enterica	ampicillin	ampicillin	=		µg/mL	Resistant	CLSI, NARMS	Broth dilution	bv_brc_genome_amr	high
29678910	59	SAMN08514273	BioSample	Salmonella enterica	ciprofloxacin	ciprofloxacin	=		µg/mL	Susceptible	CLSI, NARMS	Broth dilution	bv_brc_genome_amr	high
29678910	165	SAMN08514379	BioSample	Salmonella enterica	amoxicillin-clavulanic_acid	amoxicillin/clavulanic acid	=		µg/mL	Susceptible	CLSI, NARMS	Broth dilution	bv_brc_genome_amr	high
29678910	99	SAMN08514313	BioSample	Salmonella enterica	azithromycin	azithromycin	=		µg/mL	Susceptible	CLSI, NARMS	Broth dilution	bv_brc_genome_amr	high
29678910	178	SAMN08514392	BioSample	Salmonella enterica	ciprofloxacin	ciprofloxacin	=		µg/mL	Susceptible	CLSI, NARMS	Broth dilution	bv_brc_genome_amr	high
29678910	77	SAMN08514291	BioSample	Salmonella enterica	ceftriaxone	ceftriaxone	=		µg/mL	Susceptible	CLSI, NARMS	Broth dilution	bv_brc_genome_amr	high
29678910	242	SAMN08514456	BioSample	Salmonella enterica	ceftriaxone	ceftriaxone	=		µg/mL	Susceptible	CLSI, NARMS	Broth dilution	bv_brc_genome_amr	high
29678910	138	SAMN08514352	BioSample	Salmonella enterica	ceftriaxone	ceftriaxone	=		µg/mL	Susceptible	CLSI, NARMS	Broth dilution	bv_brc_genome_amr	high
29678910	24	SAMN08514238	BioSample	Salmonella enterica	azithromycin	azithromycin	=		µg/mL	Susceptible	CLSI, NARMS	Broth dilution	bv_brc_genome_amr	high
29678910	159	SAMN08514373	BioSample	Salmonella enterica	ciprofloxacin	ciprofloxacin	=		µg/mL	Susceptible	CLSI, NARMS	Broth dilution	bv_brc_genome_amr	high
29678910	28	SAMN08514242	BioSample	Salmonella enterica	amoxicillin-clavulanic_acid	amoxicillin/clavulanic acid	=		µg/mL	Susceptible	CLSI, NARMS	Broth dilution	bv_brc_genome_amr	high
29678910	184	SAMN08514398	BioSample	Salmonella enterica	ceftriaxone	ceftriaxone	=		µg/mL	Susceptible	CLSI, NARMS	Broth dilution	bv_brc_genome_amr	high
29678910	202	SAMN08514416	BioSample	Salmonella enterica	ceftriaxone	ceftriaxone	=		µg/mL	Susceptible	CLSI, NARMS	Broth dilution	bv_brc_genome_amr	high
29678910	71	SAMN08514285	BioSample	Salmonella enterica	ceftriaxone	ceftriaxone	=		µg/mL	Susceptible	CLSI, NARMS	Broth dilution	bv_brc_genome_amr	high
29678910	127	SAMN08514341	BioSample	Salmonella enterica	ciprofloxacin	ciprofloxacin	=		µg/mL	Susceptible	CLSI, NARMS	Broth dilution	bv_brc_genome_amr	high
29678910	130	SAMN08514344	BioSample	Salmonella enterica	azithromycin	azithromycin	=		µg/mL	Susceptible	CLSI, NARMS	Broth dilution	bv_brc_genome_amr	high
29678910	150	SAMN08514364	BioSample	Salmonella enterica	amoxicillin-clavulanic_acid	amoxicillin/clavulanic acid	=		µg/mL	Susceptible	CLSI, NARMS	Broth dilution	bv_brc_genome_amr	high
29678910	169	SAMN08514383	BioSample	Salmonella enterica	ceftriaxone	ceftriaxone	=		µg/mL	Susceptible	CLSI, NARMS	Broth dilution	bv_brc_genome_amr	high
29678910	225	SAMN08514439	BioSample	Salmonella enterica	ampicillin	ampicillin	=		µg/mL	Susceptible	CLSI, NARMS	Broth dilution	bv_brc_genome_amr	high
29678910	21	SAMN08514235	BioSample	Salmonella enterica	ceftriaxone	ceftriaxone	=		µg/mL	Resistant	CLSI, NARMS	Broth dilution	bv_brc_genome_amr	high
29678910	25	SAMN08514239	BioSample	Salmonella enterica	ciprofloxacin	ciprofloxacin	=		µg/mL	Susceptible	CLSI, NARMS	Broth dilution	bv_brc_genome_amr	high
29678910	8	SAMN08514222	BioSample	Salmonella enterica	ciprofloxacin	ciprofloxacin	=		µg/mL	Susceptible	CLSI, NARMS	Broth dilution	bv_brc_genome_amr	high
29678910	161	SAMN08514375	BioSample	Salmonella enterica	azithromycin	azithromycin	=		µg/mL	Susceptible	CLSI, NARMS	Broth dilution	bv_brc_genome_amr	high
29678910	203	SAMN08514417	BioSample	Salmonella enterica	ciprofloxacin	ciprofloxacin	=		µg/mL	Susceptible	CLSI, NARMS	Broth dilution	bv_brc_genome_amr	high
29678910	17	SAMN08514231	BioSample	Salmonella enterica	azithromycin	azithromycin	=		µg/mL	Susceptible	CLSI, NARMS	Broth dilution	bv_brc_genome_amr	high
29678910	140	SAMN08514354	BioSample	Salmonella enterica	azithromycin	azithromycin	=		µg/mL	Susceptible	CLSI, NARMS	Broth dilution	bv_brc_genome_amr	high
29678910	102	SAMN08514316	BioSample	Salmonella enterica	amoxicillin-clavulanic_acid	amoxicillin/clavulanic acid	=		µg/mL	Susceptible	CLSI, NARMS	Broth dilution	bv_brc_genome_amr	high
29678910	77	SAMN08514291	BioSample	Salmonella enterica	azithromycin	azithromycin	=		µg/mL	Susceptible	CLSI, NARMS	Broth dilution	bv_brc_genome_amr	high
29678910	99	SAMN08514313	BioSample	Salmonella enterica	ceftriaxone	ceftriaxone	=		µg/mL	Susceptible	CLSI, NARMS	Broth dilution	bv_brc_genome_amr	high
29678910	242	SAMN08514456	BioSample	Salmonella enterica	ciprofloxacin	ciprofloxacin	=		µg/mL	Susceptible	CLSI, NARMS	Broth dilution	bv_brc_genome_amr	high
29678910	101	SAMN08514315	BioSample	Salmonella enterica	amoxicillin-clavulanic_acid	amoxicillin/clavulanic acid	=		µg/mL	Susceptible	CLSI, NARMS	Broth dilution	bv_brc_genome_amr	high
29678910	68	SAMN08514282	BioSample	Salmonella enterica	azithromycin	azithromycin	=		µg/mL	Susceptible	CLSI, NARMS	Broth dilution	bv_brc_genome_amr	high
29678910	112	SAMN08514326	BioSample	Salmonella enterica	ceftriaxone	ceftriaxone	=		µg/mL	Susceptible	CLSI, NARMS	Broth dilution	bv_brc_genome_amr	high
29678910	171	SAMN08514385	BioSample	Salmonella enterica	azithromycin	azithromycin	=		µg/mL	Susceptible	CLSI, NARMS	Broth dilution	bv_brc_genome_amr	high
29678910	43	SAMN08514257	BioSample	Salmonella enterica	azithromycin	azithromycin	=		µg/mL	Susceptible	CLSI, NARMS	Broth dilution	bv_brc_genome_amr	high
29678910	124	SAMN08514338	BioSample	Salmonella enterica	ceftriaxone	ceftriaxone	=		µg/mL	Susceptible	CLSI, NARMS	Broth dilution	bv_brc_genome_amr	high
29678910	238	SAMN08514452	BioSample	Salmonella enterica	azithromycin	azithromycin	=		µg/mL	Susceptible	CLSI, NARMS	Broth dilution	bv_brc_genome_amr	high
29678910	129	SAMN08514343	BioSample	Salmonella enterica	ciprofloxacin	ciprofloxacin	=		µg/mL	Susceptible	CLSI, NARMS	Broth dilution	bv_brc_genome_amr	high
29678910	96	SAMN08514310	BioSample	Salmonella enterica	azithromycin	azithromycin	=		µg/mL	Resistant	CLSI, NARMS	Broth dilution	bv_brc_genome_amr	high
29678910	54	SAMN08514268	BioSample	Salmonella enterica	ciprofloxacin	ciprofloxacin	=		µg/mL	Susceptible	CLSI, NARMS	Broth dilution	bv_brc_genome_amr	high
29678910	76	SAMN08514290	BioSample	Salmonella enterica	ciprofloxacin	ciprofloxacin	=		µg/mL	Susceptible	CLSI, NARMS	Broth dilution	bv_brc_genome_amr	high
29678910	228	SAMN08514442	BioSample	Salmonella enterica	ciprofloxacin	ciprofloxacin	=		µg/mL	Susceptible	CLSI, NARMS	Broth dilution	bv_brc_genome_amr	high
29678910	11	SAMN08514225	BioSample	Salmonella enterica	ampicillin	ampicillin	=		µg/mL	Susceptible	CLSI, NARMS	Broth dilution	bv_brc_genome_amr	high
29678910	247	SAMN08514461	BioSample	Salmonella enterica	amoxicillin-clavulanic_acid	amoxicillin/clavulanic acid	=		µg/mL	Susceptible	CLSI, NARMS	Broth dilution	bv_brc_genome_amr	high
29678910	24	SAMN08514238	BioSample	Salmonella enterica	ceftriaxone	ceftriaxone	=		µg/mL	Susceptible	CLSI, NARMS	Broth dilution	bv_brc_genome_amr	high
29678910	155	SAMN08514369	BioSample	Salmonella enterica	amoxicillin-clavulanic_acid	amoxicillin/clavulanic acid	=		µg/mL	Susceptible	CLSI, NARMS	Broth dilution	bv_brc_genome_amr	high
29678910	226	SAMN08514440	BioSample	Salmonella enterica	azithromycin	azithromycin	=		µg/mL	Susceptible	CLSI, NARMS	Broth dilution	bv_brc_genome_amr	high
29678910	2	SAMN08514216	BioSample	Salmonella enterica	amoxicillin-clavulanic_acid	amoxicillin/clavulanic acid	=		µg/mL	Susceptible	CLSI, NARMS	Broth dilution	bv_brc_genome_amr	high
29678910	170	SAMN08514384	BioSample	Salmonella enterica	amoxicillin-clavulanic_acid	amoxicillin/clavulanic acid	=		µg/mL	Susceptible	CLSI, NARMS	Broth dilution	bv_brc_genome_amr	high
29678910	89	SAMN08514303	BioSample	Salmonella enterica	ampicillin	ampicillin	=		µg/mL	Susceptible	CLSI, NARMS	Broth dilution	bv_brc_genome_amr	high
29678910	128	SAMN08514342	BioSample	Salmonella enterica	ciprofloxacin	ciprofloxacin	=		µg/mL	Susceptible	CLSI, NARMS	Broth dilution	bv_brc_genome_amr	high
29678910	160	SAMN08514374	BioSample	Salmonella enterica	ciprofloxacin	ciprofloxacin	=		µg/mL	Susceptible	CLSI, NARMS	Broth dilution	bv_brc_genome_amr	high
29678910	12	SAMN08514226	BioSample	Salmonella enterica	ceftriaxone	ceftriaxone	=		µg/mL	Resistant	CLSI, NARMS	Broth dilution	bv_brc_genome_amr	high
29678910	35	SAMN08514249	BioSample	Salmonella enterica	ceftriaxone	ceftriaxone	=		µg/mL	Resistant	CLSI, NARMS	Broth dilution	bv_brc_genome_amr	high
29678910	1	SAMN08514215	BioSample	Salmonella enterica	ampicillin	ampicillin	=		µg/mL	Susceptible	CLSI, NARMS	Broth dilution	bv_brc_genome_amr	high
29678910	83	SAMN08514297	BioSample	Salmonella enterica	amoxicillin-clavulanic_acid	amoxicillin/clavulanic acid	=		µg/mL	Susceptible	CLSI, NARMS	Broth dilution	bv_brc_genome_amr	high
29678910	65	SAMN08514279	BioSample	Salmonella enterica	amoxicillin-clavulanic_acid	amoxicillin/clavulanic acid	=		µg/mL	Susceptible	CLSI, NARMS	Broth dilution	bv_brc_genome_amr	high
29678910	10	SAMN08514224	BioSample	Salmonella enterica	ciprofloxacin	ciprofloxacin	=		µg/mL	Susceptible	CLSI, NARMS	Broth dilution	bv_brc_genome_amr	high
29678910	22	SAMN08514236	BioSample	Salmonella enterica	ceftriaxone	ceftriaxone	=		µg/mL	Susceptible	CLSI, NARMS	Broth dilution	bv_brc_genome_amr	high
29678910	229	SAMN08514443	BioSample	Salmonella enterica	azithromycin	azithromycin	=		µg/mL	Susceptible	CLSI, NARMS	Broth dilution	bv_brc_genome_amr	high
29678910	36	SAMN08514250	BioSample	Salmonella enterica	ceftriaxone	ceftriaxone	=		µg/mL	Susceptible	CLSI, NARMS	Broth dilution	bv_brc_genome_amr	high
29678910	31	SAMN08514245	BioSample	Salmonella enterica	azithromycin	azithromycin	=		µg/mL	Susceptible	CLSI, NARMS	Broth dilution	bv_brc_genome_amr	high
29678910	53	SAMN08514267	BioSample	Salmonella enterica	ciprofloxacin	ciprofloxacin	=		µg/mL	Susceptible	CLSI, NARMS	Broth dilution	bv_brc_genome_amr	high
29678910	137	SAMN08514351	BioSample	Salmonella enterica	amoxicillin-clavulanic_acid	amoxicillin/clavulanic acid	=		µg/mL	Susceptible	CLSI, NARMS	Broth dilution	bv_brc_genome_amr	high
29678910	188	SAMN08514402	BioSample	Salmonella enterica	ciprofloxacin	ciprofloxacin	=		µg/mL	Susceptible	CLSI, NARMS	Broth dilution	bv_brc_genome_amr	high
29678910	110	SAMN08514324	BioSample	Salmonella enterica	ciprofloxacin	ciprofloxacin	=		µg/mL	Susceptible	CLSI, NARMS	Broth dilution	bv_brc_genome_amr	high
29678910	255	SAMN08514469	BioSample	Salmonella enterica	amoxicillin-clavulanic_acid	amoxicillin/clavulanic acid	=		µg/mL	Susceptible	CLSI, NARMS	Broth dilution	bv_brc_genome_amr	high
29678910	209	SAMN08514423	BioSample	Salmonella enterica	ciprofloxacin	ciprofloxacin	=		µg/mL	Susceptible	CLSI, NARMS	Broth dilution	bv_brc_genome_amr	high
29678910	194	SAMN08514408	BioSample	Salmonella enterica	amoxicillin-clavulanic_acid	amoxicillin/clavulanic acid	=		µg/mL	Susceptible	CLSI, NARMS	Broth dilution	bv_brc_genome_amr	high
29678910	94	SAMN08514308	BioSample	Salmonella enterica	amoxicillin-clavulanic_acid	amoxicillin/clavulanic acid	=		µg/mL	Susceptible	CLSI, NARMS	Broth dilution	bv_brc_genome_amr	high
29678910	101	SAMN08514315	BioSample	Salmonella enterica	azithromycin	azithromycin	=		µg/mL	Susceptible	CLSI, NARMS	Broth dilution	bv_brc_genome_amr	high
29678910	123	SAMN08514337	BioSample	Salmonella enterica	azithromycin	azithromycin	=		µg/mL	Susceptible	CLSI, NARMS	Broth dilution	bv_brc_genome_amr	high
29678910	59	SAMN08514273	BioSample	Salmonella enterica	amoxicillin-clavulanic_acid	amoxicillin/clavulanic acid	=		µg/mL	Resistant	CLSI, NARMS	Broth dilution	bv_brc_genome_amr	high
29678910	170	SAMN08514384	BioSample	Salmonella enterica	azithromycin	azithromycin	=		µg/mL	Susceptible	CLSI, NARMS	Broth dilution	bv_brc_genome_amr	high
29678910	246	SAMN08514460	BioSample	Salmonella enterica	ciprofloxacin	ciprofloxacin	=		µg/mL	Susceptible	CLSI, NARMS	Broth dilution	bv_brc_genome_amr	high
29678910	6	SAMN08514220	BioSample	Salmonella enterica	ampicillin	ampicillin	=		µg/mL	Susceptible	CLSI, NARMS	Broth dilution	bv_brc_genome_amr	high
29678910	101	SAMN08514315	BioSample	Salmonella enterica	ciprofloxacin	ciprofloxacin	=		µg/mL	Susceptible	CLSI, NARMS	Broth dilution	bv_brc_genome_amr	high
29678910	185	SAMN08514399	BioSample	Salmonella enterica	ceftriaxone	ceftriaxone	=		µg/mL	Susceptible	CLSI, NARMS	Broth dilution	bv_brc_genome_amr	high
29678910	145	SAMN08514359	BioSample	Salmonella enterica	amoxicillin-clavulanic_acid	amoxicillin/clavulanic acid	=		µg/mL	Susceptible	CLSI, NARMS	Broth dilution	bv_brc_genome_amr	high
29678910	222	SAMN08514436	BioSample	Salmonella enterica	ampicillin	ampicillin	=		µg/mL	Susceptible	CLSI, NARMS	Broth dilution	bv_brc_genome_amr	high
29678910	29	SAMN08514243	BioSample	Salmonella enterica	ceftriaxone	ceftriaxone	=		µg/mL	Susceptible	CLSI, NARMS	Broth dilution	bv_brc_genome_amr	high
29678910	97	SAMN08514311	BioSample	Salmonella enterica	amoxicillin-clavulanic_acid	amoxicillin/clavulanic acid	=		µg/mL	Susceptible	CLSI, NARMS	Broth dilution	bv_brc_genome_amr	high
29678910	196	SAMN08514410	BioSample	Salmonella enterica	amoxicillin-clavulanic_acid	amoxicillin/clavulanic acid	=		µg/mL	Susceptible	CLSI, NARMS	Broth dilution	bv_brc_genome_amr	high
29678910	131	SAMN08514345	BioSample	Salmonella enterica	ceftriaxone	ceftriaxone	=		µg/mL	Resistant	CLSI, NARMS	Broth dilution	bv_brc_genome_amr	high
29678910	47	SAMN08514261	BioSample	Salmonella enterica	ampicillin	ampicillin	=		µg/mL	Susceptible	CLSI, NARMS	Broth dilution	bv_brc_genome_amr	high
29678910	81	SAMN08514295	BioSample	Salmonella enterica	ampicillin	ampicillin	=		µg/mL	Susceptible	CLSI, NARMS	Broth dilution	bv_brc_genome_amr	high
29678910	193	SAMN08514407	BioSample	Salmonella enterica	ceftriaxone	ceftriaxone	=		µg/mL	Susceptible	CLSI, NARMS	Broth dilution	bv_brc_genome_amr	high
29678910	152	SAMN08514366	BioSample	Salmonella enterica	amoxicillin-clavulanic_acid	amoxicillin/clavulanic acid	=		µg/mL	Susceptible	CLSI, NARMS	Broth dilution	bv_brc_genome_amr	high
29678910	102	SAMN08514316	BioSample	Salmonella enterica	azithromycin	azithromycin	=		µg/mL	Susceptible	CLSI, NARMS	Broth dilution	bv_brc_genome_amr	high
29678910	72	SAMN08514286	BioSample	Salmonella enterica	amoxicillin-clavulanic_acid	amoxicillin/clavulanic acid	=		µg/mL	Susceptible	CLSI, NARMS	Broth dilution	bv_brc_genome_amr	high
29678910	35	SAMN08514249	BioSample	Salmonella enterica	ciprofloxacin	ciprofloxacin	=		µg/mL	Susceptible	CLSI, NARMS	Broth dilution	bv_brc_genome_amr	high
29678910	245	SAMN08514459	BioSample	Salmonella enterica	ceftriaxone	ceftriaxone	=		µg/mL	Susceptible	CLSI, NARMS	Broth dilution	bv_brc_genome_amr	high
29678910	84	SAMN08514298	BioSample	Salmonella enterica	ciprofloxacin	ciprofloxacin	=		µg/mL	Susceptible	CLSI, NARMS	Broth dilution	bv_brc_genome_amr	high
29678910	233	SAMN08514447	BioSample	Salmonella enterica	ceftriaxone	ceftriaxone	=		µg/mL	Susceptible	CLSI, NARMS	Broth dilution	bv_brc_genome_amr	high
29678910	26	SAMN08514240	BioSample	Salmonella enterica	azithromycin	azithromycin	=		µg/mL	Susceptible	CLSI, NARMS	Broth dilution	bv_brc_genome_amr	high
29678910	124	SAMN08514338	BioSample	Salmonella enterica	azithromycin	azithromycin	=		µg/mL	Susceptible	CLSI, NARMS	Broth dilution	bv_brc_genome_amr	high
29678910	89	SAMN08514303	BioSample	Salmonella enterica	ceftriaxone	ceftriaxone	=		µg/mL	Susceptible	CLSI, NARMS	Broth dilution	bv_brc_genome_amr	high
29678910	132	SAMN08514346	BioSample	Salmonella enterica	azithromycin	azithromycin	=		µg/mL	Susceptible	CLSI, NARMS	Broth dilution	bv_brc_genome_amr	high
29678910	18	SAMN08514232	BioSample	Salmonella enterica	ampicillin	ampicillin	=		µg/mL	Susceptible	CLSI, NARMS	Broth dilution	bv_brc_genome_amr	high
29678910	117	SAMN08514331	BioSample	Salmonella enterica	azithromycin	azithromycin	=		µg/mL	Susceptible	CLSI, NARMS	Broth dilution	bv_brc_genome_amr	high
29678910	205	SAMN08514419	BioSample	Salmonella enterica	amoxicillin-clavulanic_acid	amoxicillin/clavulanic acid	=		µg/mL	Susceptible	CLSI, NARMS	Broth dilution	bv_brc_genome_amr	high
29678910	15	SAMN08514229	BioSample	Salmonella enterica	ceftriaxone	ceftriaxone	=		µg/mL	Susceptible	CLSI, NARMS	Broth dilution	bv_brc_genome_amr	high
29678910	51	SAMN08514265	BioSample	Salmonella enterica	amoxicillin-clavulanic_acid	amoxicillin/clavulanic acid	=		µg/mL	Susceptible	CLSI, NARMS	Broth dilution	bv_brc_genome_amr	high
29678910	158	SAMN08514372	BioSample	Salmonella enterica	amoxicillin-clavulanic_acid	amoxicillin/clavulanic acid	=		µg/mL	Susceptible	CLSI, NARMS	Broth dilution	bv_brc_genome_amr	high
29678910	20	SAMN08514234	BioSample	Salmonella enterica	ciprofloxacin	ciprofloxacin	=		µg/mL	Susceptible	CLSI, NARMS	Broth dilution	bv_brc_genome_amr	high
29678910	194	SAMN08514408	BioSample	Salmonella enterica	ceftriaxone	ceftriaxone	=		µg/mL	Susceptible	CLSI, NARMS	Broth dilution	bv_brc_genome_amr	high
29678910	112	SAMN08514326	BioSample	Salmonella enterica	azithromycin	azithromycin	=		µg/mL	Susceptible	CLSI, NARMS	Broth dilution	bv_brc_genome_amr	high
29678910	222	SAMN08514436	BioSample	Salmonella enterica	ceftriaxone	ceftriaxone	=		µg/mL	Susceptible	CLSI, NARMS	Broth dilution	bv_brc_genome_amr	high
29678910	9	SAMN08514223	BioSample	Salmonella enterica	azithromycin	azithromycin	=		µg/mL	Susceptible	CLSI, NARMS	Broth dilution	bv_brc_genome_amr	high
29678910	104	SAMN08514318	BioSample	Salmonella enterica	ciprofloxacin	ciprofloxacin	=		µg/mL	Susceptible	CLSI, NARMS	Broth dilution	bv_brc_genome_amr	high
29678910	210	SAMN08514424	BioSample	Salmonella enterica	amoxicillin-clavulanic_acid	amoxicillin/clavulanic acid	=		µg/mL	Susceptible	CLSI, NARMS	Broth dilution	bv_brc_genome_amr	high
29678910	252	SAMN08514466	BioSample	Salmonella enterica	ampicillin	ampicillin	=		µg/mL	Susceptible	CLSI, NARMS	Broth dilution	bv_brc_genome_amr	high
29678910	69	SAMN08514283	BioSample	Salmonella enterica	ceftriaxone	ceftriaxone	=		µg/mL	Susceptible	CLSI, NARMS	Broth dilution	bv_brc_genome_amr	high
29678910	94	SAMN08514308	BioSample	Salmonella enterica	ampicillin	ampicillin	=		µg/mL	Susceptible	CLSI, NARMS	Broth dilution	bv_brc_genome_amr	high
29678910	82	SAMN08514296	BioSample	Salmonella enterica	ceftriaxone	ceftriaxone	=		µg/mL	Susceptible	CLSI, NARMS	Broth dilution	bv_brc_genome_amr	high
29678910	112	SAMN08514326	BioSample	Salmonella enterica	amoxicillin-clavulanic_acid	amoxicillin/clavulanic acid	=		µg/mL	Susceptible	CLSI, NARMS	Broth dilution	bv_brc_genome_amr	high
29678910	183	SAMN08514397	BioSample	Salmonella enterica	ceftriaxone	ceftriaxone	=		µg/mL	Susceptible	CLSI, NARMS	Broth dilution	bv_brc_genome_amr	high
29678910	186	SAMN08514400	BioSample	Salmonella enterica	azithromycin	azithromycin	=		µg/mL	Susceptible	CLSI, NARMS	Broth dilution	bv_brc_genome_amr	high
29678910	38	SAMN08514252	BioSample	Salmonella enterica	ciprofloxacin	ciprofloxacin	=		µg/mL	Susceptible	CLSI, NARMS	Broth dilution	bv_brc_genome_amr	high
29678910	193	SAMN08514407	BioSample	Salmonella enterica	amoxicillin-clavulanic_acid	amoxicillin/clavulanic acid	=		µg/mL	Susceptible	CLSI, NARMS	Broth dilution	bv_brc_genome_amr	high
29678910	228	SAMN08514442	BioSample	Salmonella enterica	ceftriaxone	ceftriaxone	=		µg/mL	Resistant	CLSI, NARMS	Broth dilution	bv_brc_genome_amr	high
29678910	2	SAMN08514216	BioSample	Salmonella enterica	ampicillin	ampicillin	=		µg/mL	Susceptible	CLSI, NARMS	Broth dilution	bv_brc_genome_amr	high
29678910	53	SAMN08514267	BioSample	Salmonella enterica	amoxicillin-clavulanic_acid	amoxicillin/clavulanic acid	=		µg/mL	Susceptible	CLSI, NARMS	Broth dilution	bv_brc_genome_amr	high
29678910	109	SAMN08514323	BioSample	Salmonella enterica	azithromycin	azithromycin	=		µg/mL	Susceptible	CLSI, NARMS	Broth dilution	bv_brc_genome_amr	high
29678910	113	SAMN08514327	BioSample	Salmonella enterica	amoxicillin-clavulanic_acid	amoxicillin/clavulanic acid	=		µg/mL	Susceptible	CLSI, NARMS	Broth dilution	bv_brc_genome_amr	high
29678910	59	SAMN08514273	BioSample	Salmonella enterica	ampicillin	ampicillin	=		µg/mL	Resistant	CLSI, NARMS	Broth dilution	bv_brc_genome_amr	high
29678910	216	SAMN08514430	BioSample	Salmonella enterica	ceftriaxone	ceftriaxone	=		µg/mL	Susceptible	CLSI, NARMS	Broth dilution	bv_brc_genome_amr	high
29678910	131	SAMN08514345	BioSample	Salmonella enterica	ciprofloxacin	ciprofloxacin	=		µg/mL	Susceptible	CLSI, NARMS	Broth dilution	bv_brc_genome_amr	high
29678910	67	SAMN08514281	BioSample	Salmonella enterica	azithromycin	azithromycin	=		µg/mL	Susceptible	CLSI, NARMS	Broth dilution	bv_brc_genome_amr	high
29678910	196	SAMN08514410	BioSample	Salmonella enterica	ciprofloxacin	ciprofloxacin	=		µg/mL	Susceptible	CLSI, NARMS	Broth dilution	bv_brc_genome_amr	high
29678910	94	SAMN08514308	BioSample	Salmonella enterica	ceftriaxone	ceftriaxone	=		µg/mL	Susceptible	CLSI, NARMS	Broth dilution	bv_brc_genome_amr	high
29678910	232	SAMN08514446	BioSample	Salmonella enterica	ceftriaxone	ceftriaxone	=		µg/mL	Susceptible	CLSI, NARMS	Broth dilution	bv_brc_genome_amr	high
29678910	119	SAMN08514333	BioSample	Salmonella enterica	ceftriaxone	ceftriaxone	=		µg/mL	Susceptible	CLSI, NARMS	Broth dilution	bv_brc_genome_amr	high
29678910	159	SAMN08514373	BioSample	Salmonella enterica	ampicillin	ampicillin	=		µg/mL	Susceptible	CLSI, NARMS	Broth dilution	bv_brc_genome_amr	high
29678910	18	SAMN08514232	BioSample	Salmonella enterica	amoxicillin-clavulanic_acid	amoxicillin/clavulanic acid	=		µg/mL	Susceptible	CLSI, NARMS	Broth dilution	bv_brc_genome_amr	high
29678910	175	SAMN08514389	BioSample	Salmonella enterica	ampicillin	ampicillin	=		µg/mL	Susceptible	CLSI, NARMS	Broth dilution	bv_brc_genome_amr	high
29678910	165	SAMN08514379	BioSample	Salmonella enterica	ceftriaxone	ceftriaxone	=		µg/mL	Susceptible	CLSI, NARMS	Broth dilution	bv_brc_genome_amr	high
29678910	129	SAMN08514343	BioSample	Salmonella enterica	ampicillin	ampicillin	=		µg/mL	Susceptible	CLSI, NARMS	Broth dilution	bv_brc_genome_amr	high
29678910	87	SAMN08514301	BioSample	Salmonella enterica	ceftriaxone	ceftriaxone	=		µg/mL	Susceptible	CLSI, NARMS	Broth dilution	bv_brc_genome_amr	high
29678910	100	SAMN08514314	BioSample	Salmonella enterica	ceftriaxone	ceftriaxone	=		µg/mL	Susceptible	CLSI, NARMS	Broth dilution	bv_brc_genome_amr	high
29678910	206	SAMN08514420	BioSample	Salmonella enterica	ciprofloxacin	ciprofloxacin	=		µg/mL	Susceptible	CLSI, NARMS	Broth dilution	bv_brc_genome_amr	high
29678910	88	SAMN08514302	BioSample	Salmonella enterica	ciprofloxacin	ciprofloxacin	=		µg/mL	Susceptible	CLSI, NARMS	Broth dilution	bv_brc_genome_amr	high
29678910	24	SAMN08514238	BioSample	Salmonella enterica	ciprofloxacin	ciprofloxacin	=		µg/mL	Susceptible	CLSI, NARMS	Broth dilution	bv_brc_genome_amr	high
29678910	220	SAMN08514434	BioSample	Salmonella enterica	ceftriaxone	ceftriaxone	=		µg/mL	Susceptible	CLSI, NARMS	Broth dilution	bv_brc_genome_amr	high
29678910	119	SAMN08514333	BioSample	Salmonella enterica	ciprofloxacin	ciprofloxacin	=		µg/mL	Susceptible	CLSI, NARMS	Broth dilution	bv_brc_genome_amr	high
29678910	241	SAMN08514455	BioSample	Salmonella enterica	ampicillin	ampicillin	=		µg/mL	Resistant	CLSI, NARMS	Broth dilution	bv_brc_genome_amr	high
29678910	91	SAMN08514305	BioSample	Salmonella enterica	ciprofloxacin	ciprofloxacin	=		µg/mL	Susceptible	CLSI, NARMS	Broth dilution	bv_brc_genome_amr	high
29678910	254	SAMN08514468	BioSample	Salmonella enterica	azithromycin	azithromycin	=		µg/mL	Susceptible	CLSI, NARMS	Broth dilution	bv_brc_genome_amr	high
29678910	2	SAMN08514216	BioSample	Salmonella enterica	ciprofloxacin	ciprofloxacin	=		µg/mL	Susceptible	CLSI, NARMS	Broth dilution	bv_brc_genome_amr	high
29678910	209	SAMN08514423	BioSample	Salmonella enterica	azithromycin	azithromycin	=		µg/mL	Susceptible	CLSI, NARMS	Broth dilution	bv_brc_genome_amr	high
29678910	83	SAMN08514297	BioSample	Salmonella enterica	ampicillin	ampicillin	=		µg/mL	Susceptible	CLSI, NARMS	Broth dilution	bv_brc_genome_amr	high
29678910	50	SAMN08514264	BioSample	Salmonella enterica	ciprofloxacin	ciprofloxacin	=		µg/mL	Susceptible	CLSI, NARMS	Broth dilution	bv_brc_genome_amr	high
29678910	67	SAMN08514281	BioSample	Salmonella enterica	ciprofloxacin	ciprofloxacin	=		µg/mL	Susceptible	CLSI, NARMS	Broth dilution	bv_brc_genome_amr	high
29678910	111	SAMN08514325	BioSample	Salmonella enterica	ciprofloxacin	ciprofloxacin	=		µg/mL	Susceptible	CLSI, NARMS	Broth dilution	bv_brc_genome_amr	high
29678910	120	SAMN08514334	BioSample	Salmonella enterica	azithromycin	azithromycin	=		µg/mL	Susceptible	CLSI, NARMS	Broth dilution	bv_brc_genome_amr	high
29678910	209	SAMN08514423	BioSample	Salmonella enterica	amoxicillin-clavulanic_acid	amoxicillin/clavulanic acid	=		µg/mL	Susceptible	CLSI, NARMS	Broth dilution	bv_brc_genome_amr	high
29678910	16	SAMN08514230	BioSample	Salmonella enterica	amoxicillin-clavulanic_acid	amoxicillin/clavulanic acid	=		µg/mL	Susceptible	CLSI, NARMS	Broth dilution	bv_brc_genome_amr	high
29678910	233	SAMN08514447	BioSample	Salmonella enterica	azithromycin	azithromycin	=		µg/mL	Susceptible	CLSI, NARMS	Broth dilution	bv_brc_genome_amr	high
29678910	149	SAMN08514363	BioSample	Salmonella enterica	ceftriaxone	ceftriaxone	=		µg/mL	Susceptible	CLSI, NARMS	Broth dilution	bv_brc_genome_amr	high
29678910	193	SAMN08514407	BioSample	Salmonella enterica	azithromycin	azithromycin	=		µg/mL	Susceptible	CLSI, NARMS	Broth dilution	bv_brc_genome_amr	high
29678910	39	SAMN08514253	BioSample	Salmonella enterica	ampicillin	ampicillin	=		µg/mL	Resistant	CLSI, NARMS	Broth dilution	bv_brc_genome_amr	high
29678910	150	SAMN08514364	BioSample	Salmonella enterica	ciprofloxacin	ciprofloxacin	=		µg/mL	Susceptible	CLSI, NARMS	Broth dilution	bv_brc_genome_amr	high
29678910	3	SAMN08514217	BioSample	Salmonella enterica	ampicillin	ampicillin	=		µg/mL	Susceptible	CLSI, NARMS	Broth dilution	bv_brc_genome_amr	high
29678910	105	SAMN08514319	BioSample	Salmonella enterica	amoxicillin-clavulanic_acid	amoxicillin/clavulanic acid	=		µg/mL	Susceptible	CLSI, NARMS	Broth dilution	bv_brc_genome_amr	high
29678910	33	SAMN08514247	BioSample	Salmonella enterica	amoxicillin-clavulanic_acid	amoxicillin/clavulanic acid	=		µg/mL	Susceptible	CLSI, NARMS	Broth dilution	bv_brc_genome_amr	high
29678910	184	SAMN08514398	BioSample	Salmonella enterica	ciprofloxacin	ciprofloxacin	=		µg/mL	Susceptible	CLSI, NARMS	Broth dilution	bv_brc_genome_amr	high
29678910	64	SAMN08514278	BioSample	Salmonella enterica	azithromycin	azithromycin	=		µg/mL	Susceptible	CLSI, NARMS	Broth dilution	bv_brc_genome_amr	high
29678910	108	SAMN08514322	BioSample	Salmonella enterica	amoxicillin-clavulanic_acid	amoxicillin/clavulanic acid	=		µg/mL	Susceptible	CLSI, NARMS	Broth dilution	bv_brc_genome_amr	high
29678910	254	SAMN08514468	BioSample	Salmonella enterica	ceftriaxone	ceftriaxone	=		µg/mL	Susceptible	CLSI, NARMS	Broth dilution	bv_brc_genome_amr	high
29678910	1	SAMN08514215	BioSample	Salmonella enterica	amoxicillin-clavulanic_acid	amoxicillin/clavulanic acid	=		µg/mL	Susceptible	CLSI, NARMS	Broth dilution	bv_brc_genome_amr	high
29678910	37	SAMN08514251	BioSample	Salmonella enterica	ampicillin	ampicillin	=		µg/mL	Susceptible	CLSI, NARMS	Broth dilution	bv_brc_genome_amr	high
29678910	55	SAMN08514269	BioSample	Salmonella enterica	azithromycin	azithromycin	=		µg/mL	Susceptible	CLSI, NARMS	Broth dilution	bv_brc_genome_amr	high
29678910	40	SAMN08514254	BioSample	Salmonella enterica	amoxicillin-clavulanic_acid	amoxicillin/clavulanic acid	=		µg/mL	Susceptible	CLSI, NARMS	Broth dilution	bv_brc_genome_amr	high
29678910	49	SAMN08514263	BioSample	Salmonella enterica	amoxicillin-clavulanic_acid	amoxicillin/clavulanic acid	=		µg/mL	Susceptible	CLSI, NARMS	Broth dilution	bv_brc_genome_amr	high
29678910	167	SAMN08514381	BioSample	Salmonella enterica	ceftriaxone	ceftriaxone	=		µg/mL	Resistant	CLSI, NARMS	Broth dilution	bv_brc_genome_amr	high
29678910	200	SAMN08514414	BioSample	Salmonella enterica	ceftriaxone	ceftriaxone	=		µg/mL	Susceptible	CLSI, NARMS	Broth dilution	bv_brc_genome_amr	high
29678910	116	SAMN08514330	BioSample	Salmonella enterica	ciprofloxacin	ciprofloxacin	=		µg/mL	Susceptible	CLSI, NARMS	Broth dilution	bv_brc_genome_amr	high
29678910	1	SAMN08514215	BioSample	Salmonella enterica	ciprofloxacin	ciprofloxacin	=		µg/mL	Susceptible	CLSI, NARMS	Broth dilution	bv_brc_genome_amr	high
29678910	53	SAMN08514267	BioSample	Salmonella enterica	ampicillin	ampicillin	=		µg/mL	Resistant	CLSI, NARMS	Broth dilution	bv_brc_genome_amr	high
29678910	226	SAMN08514440	BioSample	Salmonella enterica	ceftriaxone	ceftriaxone	=		µg/mL	Susceptible	CLSI, NARMS	Broth dilution	bv_brc_genome_amr	high
29678910	90	SAMN08514304	BioSample	Salmonella enterica	azithromycin	azithromycin	=		µg/mL	Susceptible	CLSI, NARMS	Broth dilution	bv_brc_genome_amr	high
29678910	43	SAMN08514257	BioSample	Salmonella enterica	ciprofloxacin	ciprofloxacin	=		µg/mL	Susceptible	CLSI, NARMS	Broth dilution	bv_brc_genome_amr	high
29678910	68	SAMN08514282	BioSample	Salmonella enterica	ceftriaxone	ceftriaxone	=		µg/mL	Susceptible	CLSI, NARMS	Broth dilution	bv_brc_genome_amr	high
29678910	239	SAMN08514453	BioSample	Salmonella enterica	azithromycin	azithromycin	=		µg/mL	Susceptible	CLSI, NARMS	Broth dilution	bv_brc_genome_amr	high
29678910	216	SAMN08514430	BioSample	Salmonella enterica	ciprofloxacin	ciprofloxacin	=		µg/mL	Susceptible	CLSI, NARMS	Broth dilution	bv_brc_genome_amr	high
29678910	122	SAMN08514336	BioSample	Salmonella enterica	azithromycin	azithromycin	=		µg/mL	Susceptible	CLSI, NARMS	Broth dilution	bv_brc_genome_amr	high
29678910	168	SAMN08514382	BioSample	Salmonella enterica	ceftriaxone	ceftriaxone	=		µg/mL	Susceptible	CLSI, NARMS	Broth dilution	bv_brc_genome_amr	high
29678910	90	SAMN08514304	BioSample	Salmonella enterica	ceftriaxone	ceftriaxone	=		µg/mL	Susceptible	CLSI, NARMS	Broth dilution	bv_brc_genome_amr	high
29678910	126	SAMN08514340	BioSample	Salmonella enterica	amoxicillin-clavulanic_acid	amoxicillin/clavulanic acid	=		µg/mL	Susceptible	CLSI, NARMS	Broth dilution	bv_brc_genome_amr	high
29678910	125	SAMN08514339	BioSample	Salmonella enterica	ampicillin	ampicillin	=		µg/mL	Susceptible	CLSI, NARMS	Broth dilution	bv_brc_genome_amr	high
29678910	49	SAMN08514263	BioSample	Salmonella enterica	ampicillin	ampicillin	=		µg/mL	Susceptible	CLSI, NARMS	Broth dilution	bv_brc_genome_amr	high
29678910	14	SAMN08514228	BioSample	Salmonella enterica	azithromycin	azithromycin	=		µg/mL	Susceptible	CLSI, NARMS	Broth dilution	bv_brc_genome_amr	high
29678910	111	SAMN08514325	BioSample	Salmonella enterica	ampicillin	ampicillin	=		µg/mL	Susceptible	CLSI, NARMS	Broth dilution	bv_brc_genome_amr	high
29678910	192	SAMN08514406	BioSample	Salmonella enterica	azithromycin	azithromycin	=		µg/mL	Susceptible	CLSI, NARMS	Broth dilution	bv_brc_genome_amr	high
29678910	39	SAMN08514253	BioSample	Salmonella enterica	ceftriaxone	ceftriaxone	=		µg/mL	Resistant	CLSI, NARMS	Broth dilution	bv_brc_genome_amr	high
29678910	35	SAMN08514249	BioSample	Salmonella enterica	amoxicillin-clavulanic_acid	amoxicillin/clavulanic acid	=		µg/mL	Susceptible	CLSI, NARMS	Broth dilution	bv_brc_genome_amr	high
29678910	196	SAMN08514410	BioSample	Salmonella enterica	azithromycin	azithromycin	=		µg/mL	Susceptible	CLSI, NARMS	Broth dilution	bv_brc_genome_amr	high
29678910	76	SAMN08514290	BioSample	Salmonella enterica	ampicillin	ampicillin	=		µg/mL	Susceptible	CLSI, NARMS	Broth dilution	bv_brc_genome_amr	high
29678910	181	SAMN08514395	BioSample	Salmonella enterica	ceftriaxone	ceftriaxone	=		µg/mL	Susceptible	CLSI, NARMS	Broth dilution	bv_brc_genome_amr	high
29678910	164	SAMN08514378	BioSample	Salmonella enterica	amoxicillin-clavulanic_acid	amoxicillin/clavulanic acid	=		µg/mL	Susceptible	CLSI, NARMS	Broth dilution	bv_brc_genome_amr	high
29678910	149	SAMN08514363	BioSample	Salmonella enterica	ciprofloxacin	ciprofloxacin	=		µg/mL	Susceptible	CLSI, NARMS	Broth dilution	bv_brc_genome_amr	high
29678910	197	SAMN08514411	BioSample	Salmonella enterica	ampicillin	ampicillin	=		µg/mL	Susceptible	CLSI, NARMS	Broth dilution	bv_brc_genome_amr	high
29678910	211	SAMN08514425	BioSample	Salmonella enterica	amoxicillin-clavulanic_acid	amoxicillin/clavulanic acid	=		µg/mL	Susceptible	CLSI, NARMS	Broth dilution	bv_brc_genome_amr	high
29678910	243	SAMN08514457	BioSample	Salmonella enterica	amoxicillin-clavulanic_acid	amoxicillin/clavulanic acid	=		µg/mL	Susceptible	CLSI, NARMS	Broth dilution	bv_brc_genome_amr	high
29678910	106	SAMN08514320	BioSample	Salmonella enterica	ceftriaxone	ceftriaxone	=		µg/mL	Susceptible	CLSI, NARMS	Broth dilution	bv_brc_genome_amr	high
29678910	75	SAMN08514289	BioSample	Salmonella enterica	ciprofloxacin	ciprofloxacin	=		µg/mL	Susceptible	CLSI, NARMS	Broth dilution	bv_brc_genome_amr	high
29678910	10	SAMN08514224	BioSample	Salmonella enterica	azithromycin	azithromycin	=		µg/mL	Susceptible	CLSI, NARMS	Broth dilution	bv_brc_genome_amr	high
29678910	205	SAMN08514419	BioSample	Salmonella enterica	ciprofloxacin	ciprofloxacin	=		µg/mL	Susceptible	CLSI, NARMS	Broth dilution	bv_brc_genome_amr	high
29678910	3	SAMN08514217	BioSample	Salmonella enterica	ciprofloxacin	ciprofloxacin	=		µg/mL	Susceptible	CLSI, NARMS	Broth dilution	bv_brc_genome_amr	high
29678910	153	SAMN08514367	BioSample	Salmonella enterica	azithromycin	azithromycin	=		µg/mL	Susceptible	CLSI, NARMS	Broth dilution	bv_brc_genome_amr	high
29678910	8	SAMN08514222	BioSample	Salmonella enterica	ceftriaxone	ceftriaxone	=		µg/mL	Susceptible	CLSI, NARMS	Broth dilution	bv_brc_genome_amr	high
29678910	103	SAMN08514317	BioSample	Salmonella enterica	azithromycin	azithromycin	=		µg/mL	Susceptible	CLSI, NARMS	Broth dilution	bv_brc_genome_amr	high
29678910	229	SAMN08514443	BioSample	Salmonella enterica	ampicillin	ampicillin	=		µg/mL	Susceptible	CLSI, NARMS	Broth dilution	bv_brc_genome_amr	high
29678910	26	SAMN08514240	BioSample	Salmonella enterica	amoxicillin-clavulanic_acid	amoxicillin/clavulanic acid	=		µg/mL	Susceptible	CLSI, NARMS	Broth dilution	bv_brc_genome_amr	high
29678910	157	SAMN08514371	BioSample	Salmonella enterica	amoxicillin-clavulanic_acid	amoxicillin/clavulanic acid	=		µg/mL	Susceptible	CLSI, NARMS	Broth dilution	bv_brc_genome_amr	high
29678910	161	SAMN08514375	BioSample	Salmonella enterica	ampicillin	ampicillin	=		µg/mL	Susceptible	CLSI, NARMS	Broth dilution	bv_brc_genome_amr	high
29678910	88	SAMN08514302	BioSample	Salmonella enterica	ampicillin	ampicillin	=		µg/mL	Susceptible	CLSI, NARMS	Broth dilution	bv_brc_genome_amr	high
29678910	167	SAMN08514381	BioSample	Salmonella enterica	amoxicillin-clavulanic_acid	amoxicillin/clavulanic acid	=		µg/mL	Susceptible	CLSI, NARMS	Broth dilution	bv_brc_genome_amr	high
29678910	27	SAMN08514241	BioSample	Salmonella enterica	ceftriaxone	ceftriaxone	=		µg/mL	Susceptible	CLSI, NARMS	Broth dilution	bv_brc_genome_amr	high
29678910	237	SAMN08514451	BioSample	Salmonella enterica	amoxicillin-clavulanic_acid	amoxicillin/clavulanic acid	=		µg/mL	Susceptible	CLSI, NARMS	Broth dilution	bv_brc_genome_amr	high
29678910	25	SAMN08514239	BioSample	Salmonella enterica	amoxicillin-clavulanic_acid	amoxicillin/clavulanic acid	=		µg/mL	Susceptible	CLSI, NARMS	Broth dilution	bv_brc_genome_amr	high
29678910	129	SAMN08514343	BioSample	Salmonella enterica	azithromycin	azithromycin	=		µg/mL	Susceptible	CLSI, NARMS	Broth dilution	bv_brc_genome_amr	high
29678910	130	SAMN08514344	BioSample	Salmonella enterica	ceftriaxone	ceftriaxone	=		µg/mL	Susceptible	CLSI, NARMS	Broth dilution	bv_brc_genome_amr	high
29678910	96	SAMN08514310	BioSample	Salmonella enterica	ampicillin	ampicillin	=		µg/mL	Resistant	CLSI, NARMS	Broth dilution	bv_brc_genome_amr	high
29678910	139	SAMN08514353	BioSample	Salmonella enterica	ceftriaxone	ceftriaxone	=		µg/mL	Susceptible	CLSI, NARMS	Broth dilution	bv_brc_genome_amr	high
29678910	239	SAMN08514453	BioSample	Salmonella enterica	ciprofloxacin	ciprofloxacin	=		µg/mL	Susceptible	CLSI, NARMS	Broth dilution	bv_brc_genome_amr	high
29678910	218	SAMN08514432	BioSample	Salmonella enterica	ceftriaxone	ceftriaxone	=		µg/mL	Susceptible	CLSI, NARMS	Broth dilution	bv_brc_genome_amr	high
29678910	242	SAMN08514456	BioSample	Salmonella enterica	amoxicillin-clavulanic_acid	amoxicillin/clavulanic acid	=		µg/mL	Susceptible	CLSI, NARMS	Broth dilution	bv_brc_genome_amr	high
29678910	206	SAMN08514420	BioSample	Salmonella enterica	ampicillin	ampicillin	=		µg/mL	Susceptible	CLSI, NARMS	Broth dilution	bv_brc_genome_amr	high
29678910	208	SAMN08514422	BioSample	Salmonella enterica	ampicillin	ampicillin	=		µg/mL	Susceptible	CLSI, NARMS	Broth dilution	bv_brc_genome_amr	high
29678910	13	SAMN08514227	BioSample	Salmonella enterica	ciprofloxacin	ciprofloxacin	=		µg/mL	Susceptible	CLSI, NARMS	Broth dilution	bv_brc_genome_amr	high
29678910	166	SAMN08514380	BioSample	Salmonella enterica	ampicillin	ampicillin	=		µg/mL	Susceptible	CLSI, NARMS	Broth dilution	bv_brc_genome_amr	high
29678910	69	SAMN08514283	BioSample	Salmonella enterica	azithromycin	azithromycin	=		µg/mL	Susceptible	CLSI, NARMS	Broth dilution	bv_brc_genome_amr	high
29678910	153	SAMN08514367	BioSample	Salmonella enterica	amoxicillin-clavulanic_acid	amoxicillin/clavulanic acid	=		µg/mL	Susceptible	CLSI, NARMS	Broth dilution	bv_brc_genome_amr	high
29678910	187	SAMN08514401	BioSample	Salmonella enterica	amoxicillin-clavulanic_acid	amoxicillin/clavulanic acid	=		µg/mL	Susceptible	CLSI, NARMS	Broth dilution	bv_brc_genome_amr	high
29678910	208	SAMN08514422	BioSample	Salmonella enterica	ciprofloxacin	ciprofloxacin	=		µg/mL	Susceptible	CLSI, NARMS	Broth dilution	bv_brc_genome_amr	high
29678910	254	SAMN08514468	BioSample	Salmonella enterica	amoxicillin-clavulanic_acid	amoxicillin/clavulanic acid	=		µg/mL	Susceptible	CLSI, NARMS	Broth dilution	bv_brc_genome_amr	high
29678910	103	SAMN08514317	BioSample	Salmonella enterica	ampicillin	ampicillin	=		µg/mL	Susceptible	CLSI, NARMS	Broth dilution	bv_brc_genome_amr	high
29678910	111	SAMN08514325	BioSample	Salmonella enterica	azithromycin	azithromycin	=		µg/mL	Susceptible	CLSI, NARMS	Broth dilution	bv_brc_genome_amr	high
29678910	88	SAMN08514302	BioSample	Salmonella enterica	amoxicillin-clavulanic_acid	amoxicillin/clavulanic acid	=		µg/mL	Susceptible	CLSI, NARMS	Broth dilution	bv_brc_genome_amr	high
29678910	163	SAMN08514377	BioSample	Salmonella enterica	amoxicillin-clavulanic_acid	amoxicillin/clavulanic acid	=		µg/mL	Susceptible	CLSI, NARMS	Broth dilution	bv_brc_genome_amr	high
29678910	37	SAMN08514251	BioSample	Salmonella enterica	ceftriaxone	ceftriaxone	=		µg/mL	Susceptible	CLSI, NARMS	Broth dilution	bv_brc_genome_amr	high
29678910	79	SAMN08514293	BioSample	Salmonella enterica	ciprofloxacin	ciprofloxacin	=		µg/mL	Susceptible	CLSI, NARMS	Broth dilution	bv_brc_genome_amr	high
29678910	23	SAMN08514237	BioSample	Salmonella enterica	amoxicillin-clavulanic_acid	amoxicillin/clavulanic acid	=		µg/mL	Susceptible	CLSI, NARMS	Broth dilution	bv_brc_genome_amr	high
29678910	223	SAMN08514437	BioSample	Salmonella enterica	ciprofloxacin	ciprofloxacin	=		µg/mL	Susceptible	CLSI, NARMS	Broth dilution	bv_brc_genome_amr	high
29678910	143	SAMN08514357	BioSample	Salmonella enterica	ceftriaxone	ceftriaxone	=		µg/mL	Susceptible	CLSI, NARMS	Broth dilution	bv_brc_genome_amr	high
29678910	140	SAMN08514354	BioSample	Salmonella enterica	amoxicillin-clavulanic_acid	amoxicillin/clavulanic acid	=		µg/mL	Susceptible	CLSI, NARMS	Broth dilution	bv_brc_genome_amr	high
29678910	80	SAMN08514294	BioSample	Salmonella enterica	ampicillin	ampicillin	=		µg/mL	Susceptible	CLSI, NARMS	Broth dilution	bv_brc_genome_amr	high
29678910	134	SAMN08514348	BioSample	Salmonella enterica	ampicillin	ampicillin	=		µg/mL	Susceptible	CLSI, NARMS	Broth dilution	bv_brc_genome_amr	high
29678910	180	SAMN08514394	BioSample	Salmonella enterica	ampicillin	ampicillin	=		µg/mL	Susceptible	CLSI, NARMS	Broth dilution	bv_brc_genome_amr	high
29678910	161	SAMN08514375	BioSample	Salmonella enterica	amoxicillin-clavulanic_acid	amoxicillin/clavulanic acid	=		µg/mL	Susceptible	CLSI, NARMS	Broth dilution	bv_brc_genome_amr	high
29678910	162	SAMN08514376	BioSample	Salmonella enterica	azithromycin	azithromycin	=		µg/mL	Susceptible	CLSI, NARMS	Broth dilution	bv_brc_genome_amr	high
29678910	223	SAMN08514437	BioSample	Salmonella enterica	ampicillin	ampicillin	=		µg/mL	Susceptible	CLSI, NARMS	Broth dilution	bv_brc_genome_amr	high
29678910	96	SAMN08514310	BioSample	Salmonella enterica	ceftriaxone	ceftriaxone	=		µg/mL	Resistant	CLSI, NARMS	Broth dilution	bv_brc_genome_amr	high
29678910	16	SAMN08514230	BioSample	Salmonella enterica	azithromycin	azithromycin	=		µg/mL	Susceptible	CLSI, NARMS	Broth dilution	bv_brc_genome_amr	high
29678910	12	SAMN08514226	BioSample	Salmonella enterica	azithromycin	azithromycin	=		µg/mL	Susceptible	CLSI, NARMS	Broth dilution	bv_brc_genome_amr	high
29678910	200	SAMN08514414	BioSample	Salmonella enterica	ampicillin	ampicillin	=		µg/mL	Susceptible	CLSI, NARMS	Broth dilution	bv_brc_genome_amr	high
29678910	232	SAMN08514446	BioSample	Salmonella enterica	ciprofloxacin	ciprofloxacin	=		µg/mL	Susceptible	CLSI, NARMS	Broth dilution	bv_brc_genome_amr	high
29678910	109	SAMN08514323	BioSample	Salmonella enterica	ceftriaxone	ceftriaxone	=		µg/mL	Susceptible	CLSI, NARMS	Broth dilution	bv_brc_genome_amr	high
29678910	205	SAMN08514419	BioSample	Salmonella enterica	ceftriaxone	ceftriaxone	=		µg/mL	Susceptible	CLSI, NARMS	Broth dilution	bv_brc_genome_amr	high
29678910	225	SAMN08514439	BioSample	Salmonella enterica	ciprofloxacin	ciprofloxacin	=		µg/mL	Susceptible	CLSI, NARMS	Broth dilution	bv_brc_genome_amr	high
29678910	114	SAMN08514328	BioSample	Salmonella enterica	ceftriaxone	ceftriaxone	=		µg/mL	Susceptible	CLSI, NARMS	Broth dilution	bv_brc_genome_amr	high
29678910	60	SAMN08514274	BioSample	Salmonella enterica	ciprofloxacin	ciprofloxacin	=		µg/mL	Susceptible	CLSI, NARMS	Broth dilution	bv_brc_genome_amr	high
29678910	156	SAMN08514370	BioSample	Salmonella enterica	ampicillin	ampicillin	=		µg/mL	Susceptible	CLSI, NARMS	Broth dilution	bv_brc_genome_amr	high
29678910	42	SAMN08514256	BioSample	Salmonella enterica	ciprofloxacin	ciprofloxacin	=		µg/mL	Susceptible	CLSI, NARMS	Broth dilution	bv_brc_genome_amr	high
29678910	159	SAMN08514373	BioSample	Salmonella enterica	amoxicillin-clavulanic_acid	amoxicillin/clavulanic acid	=		µg/mL	Susceptible	CLSI, NARMS	Broth dilution	bv_brc_genome_amr	high
29678910	194	SAMN08514408	BioSample	Salmonella enterica	azithromycin	azithromycin	=		µg/mL	Susceptible	CLSI, NARMS	Broth dilution	bv_brc_genome_amr	high
29678910	181	SAMN08514395	BioSample	Salmonella enterica	azithromycin	azithromycin	=		µg/mL	Susceptible	CLSI, NARMS	Broth dilution	bv_brc_genome_amr	high
29678910	135	SAMN08514349	BioSample	Salmonella enterica	ceftriaxone	ceftriaxone	=		µg/mL	Susceptible	CLSI, NARMS	Broth dilution	bv_brc_genome_amr	high
29678910	72	SAMN08514286	BioSample	Salmonella enterica	ciprofloxacin	ciprofloxacin	=		µg/mL	Susceptible	CLSI, NARMS	Broth dilution	bv_brc_genome_amr	high
29678910	41	SAMN08514255	BioSample	Salmonella enterica	amoxicillin-clavulanic_acid	amoxicillin/clavulanic acid	=		µg/mL	Susceptible	CLSI, NARMS	Broth dilution	bv_brc_genome_amr	high
29678910	64	SAMN08514278	BioSample	Salmonella enterica	ciprofloxacin	ciprofloxacin	=		µg/mL	Susceptible	CLSI, NARMS	Broth dilution	bv_brc_genome_amr	high
29678910	4	SAMN08514218	BioSample	Salmonella enterica	ceftriaxone	ceftriaxone	=		µg/mL	Resistant	CLSI, NARMS	Broth dilution	bv_brc_genome_amr	high
29678910	236	SAMN08514450	BioSample	Salmonella enterica	ampicillin	ampicillin	=		µg/mL	Susceptible	CLSI, NARMS	Broth dilution	bv_brc_genome_amr	high
29678910	239	SAMN08514453	BioSample	Salmonella enterica	amoxicillin-clavulanic_acid	amoxicillin/clavulanic acid	=		µg/mL	Susceptible	CLSI, NARMS	Broth dilution	bv_brc_genome_amr	high
29678910	187	SAMN08514401	BioSample	Salmonella enterica	azithromycin	azithromycin	=		µg/mL	Susceptible	CLSI, NARMS	Broth dilution	bv_brc_genome_amr	high
29678910	122	SAMN08514336	BioSample	Salmonella enterica	ceftriaxone	ceftriaxone	=		µg/mL	Resistant	CLSI, NARMS	Broth dilution	bv_brc_genome_amr	high
29678910	190	SAMN08514404	BioSample	Salmonella enterica	azithromycin	azithromycin	=		µg/mL	Susceptible	CLSI, NARMS	Broth dilution	bv_brc_genome_amr	high
29678910	144	SAMN08514358	BioSample	Salmonella enterica	amoxicillin-clavulanic_acid	amoxicillin/clavulanic acid	=		µg/mL	Susceptible	CLSI, NARMS	Broth dilution	bv_brc_genome_amr	high
29678910	233	SAMN08514447	BioSample	Salmonella enterica	ampicillin	ampicillin	=		µg/mL	Susceptible	CLSI, NARMS	Broth dilution	bv_brc_genome_amr	high
29678910	216	SAMN08514430	BioSample	Salmonella enterica	ampicillin	ampicillin	=		µg/mL	Susceptible	CLSI, NARMS	Broth dilution	bv_brc_genome_amr	high
29678910	19	SAMN08514233	BioSample	Salmonella enterica	ciprofloxacin	ciprofloxacin	=		µg/mL	Susceptible	CLSI, NARMS	Broth dilution	bv_brc_genome_amr	high
29678910	235	SAMN08514449	BioSample	Salmonella enterica	ciprofloxacin	ciprofloxacin	=		µg/mL	Susceptible	CLSI, NARMS	Broth dilution	bv_brc_genome_amr	high
29678910	26	SAMN08514240	BioSample	Salmonella enterica	ciprofloxacin	ciprofloxacin	=		µg/mL	Susceptible	CLSI, NARMS	Broth dilution	bv_brc_genome_amr	high
29678910	30	SAMN08514244	BioSample	Salmonella enterica	ceftriaxone	ceftriaxone	=		µg/mL	Resistant	CLSI, NARMS	Broth dilution	bv_brc_genome_amr	high
29678910	201	SAMN08514415	BioSample	Salmonella enterica	ceftriaxone	ceftriaxone	=		µg/mL	Susceptible	CLSI, NARMS	Broth dilution	bv_brc_genome_amr	high
29678910	36	SAMN08514250	BioSample	Salmonella enterica	ciprofloxacin	ciprofloxacin	=		µg/mL	Susceptible	CLSI, NARMS	Broth dilution	bv_brc_genome_amr	high
29678910	244	SAMN08514458	BioSample	Salmonella enterica	ceftriaxone	ceftriaxone	=		µg/mL	Susceptible	CLSI, NARMS	Broth dilution	bv_brc_genome_amr	high
29678910	209	SAMN08514423	BioSample	Salmonella enterica	ampicillin	ampicillin	=		µg/mL	Susceptible	CLSI, NARMS	Broth dilution	bv_brc_genome_amr	high
29678910	6	SAMN08514220	BioSample	Salmonella enterica	azithromycin	azithromycin	=		µg/mL	Susceptible	CLSI, NARMS	Broth dilution	bv_brc_genome_amr	high
29678910	202	SAMN08514416	BioSample	Salmonella enterica	ampicillin	ampicillin	=		µg/mL	Susceptible	CLSI, NARMS	Broth dilution	bv_brc_genome_amr	high
29678910	86	SAMN08514300	BioSample	Salmonella enterica	ampicillin	ampicillin	=		µg/mL	Susceptible	CLSI, NARMS	Broth dilution	bv_brc_genome_amr	high
29678910	66	SAMN08514280	BioSample	Salmonella enterica	ceftriaxone	ceftriaxone	=		µg/mL	Susceptible	CLSI, NARMS	Broth dilution	bv_brc_genome_amr	high
29678910	230	SAMN08514444	BioSample	Salmonella enterica	azithromycin	azithromycin	=		µg/mL	Susceptible	CLSI, NARMS	Broth dilution	bv_brc_genome_amr	high
29678910	18	SAMN08514232	BioSample	Salmonella enterica	azithromycin	azithromycin	=		µg/mL	Susceptible	CLSI, NARMS	Broth dilution	bv_brc_genome_amr	high
29678910	222	SAMN08514436	BioSample	Salmonella enterica	azithromycin	azithromycin	=		µg/mL	Susceptible	CLSI, NARMS	Broth dilution	bv_brc_genome_amr	high
29678910	156	SAMN08514370	BioSample	Salmonella enterica	ciprofloxacin	ciprofloxacin	=		µg/mL	Susceptible	CLSI, NARMS	Broth dilution	bv_brc_genome_amr	high
29678910	44	SAMN08514258	BioSample	Salmonella enterica	ampicillin	ampicillin	=		µg/mL	Susceptible	CLSI, NARMS	Broth dilution	bv_brc_genome_amr	high
29678910	92	SAMN08514306	BioSample	Salmonella enterica	ceftriaxone	ceftriaxone	=		µg/mL	Susceptible	CLSI, NARMS	Broth dilution	bv_brc_genome_amr	high
29678910	85	SAMN08514299	BioSample	Salmonella enterica	ampicillin	ampicillin	=		µg/mL	Susceptible	CLSI, NARMS	Broth dilution	bv_brc_genome_amr	high
29678910	99	SAMN08514313	BioSample	Salmonella enterica	ampicillin	ampicillin	=		µg/mL	Susceptible	CLSI, NARMS	Broth dilution	bv_brc_genome_amr	high
29678910	114	SAMN08514328	BioSample	Salmonella enterica	azithromycin	azithromycin	=		µg/mL	Susceptible	CLSI, NARMS	Broth dilution	bv_brc_genome_amr	high
29678910	47	SAMN08514261	BioSample	Salmonella enterica	azithromycin	azithromycin	=		µg/mL	Susceptible	CLSI, NARMS	Broth dilution	bv_brc_genome_amr	high
29678910	179	SAMN08514393	BioSample	Salmonella enterica	ampicillin	ampicillin	=		µg/mL	Susceptible	CLSI, NARMS	Broth dilution	bv_brc_genome_amr	high
29678910	159	SAMN08514373	BioSample	Salmonella enterica	ceftriaxone	ceftriaxone	=		µg/mL	Susceptible	CLSI, NARMS	Broth dilution	bv_brc_genome_amr	high
29678910	58	SAMN08514272	BioSample	Salmonella enterica	azithromycin	azithromycin	=		µg/mL	Susceptible	CLSI, NARMS	Broth dilution	bv_brc_genome_amr	high
29678910	82	SAMN08514296	BioSample	Salmonella enterica	amoxicillin-clavulanic_acid	amoxicillin/clavulanic acid	=		µg/mL	Susceptible	CLSI, NARMS	Broth dilution	bv_brc_genome_amr	high
29678910	228	SAMN08514442	BioSample	Salmonella enterica	amoxicillin-clavulanic_acid	amoxicillin/clavulanic acid	=		µg/mL	Resistant	CLSI, NARMS	Broth dilution	bv_brc_genome_amr	high
29678910	208	SAMN08514422	BioSample	Salmonella enterica	azithromycin	azithromycin	=		µg/mL	Susceptible	CLSI, NARMS	Broth dilution	bv_brc_genome_amr	high
29678910	71	SAMN08514285	BioSample	Salmonella enterica	ciprofloxacin	ciprofloxacin	=		µg/mL	Susceptible	CLSI, NARMS	Broth dilution	bv_brc_genome_amr	high
29678910	179	SAMN08514393	BioSample	Salmonella enterica	amoxicillin-clavulanic_acid	amoxicillin/clavulanic acid	=		µg/mL	Susceptible	CLSI, NARMS	Broth dilution	bv_brc_genome_amr	high
29678910	254	SAMN08514468	BioSample	Salmonella enterica	ciprofloxacin	ciprofloxacin	=		µg/mL	Susceptible	CLSI, NARMS	Broth dilution	bv_brc_genome_amr	high
29678910	248	SAMN08514462	BioSample	Salmonella enterica	azithromycin	azithromycin	=		µg/mL	Susceptible	CLSI, NARMS	Broth dilution	bv_brc_genome_amr	high
29678910	166	SAMN08514380	BioSample	Salmonella enterica	amoxicillin-clavulanic_acid	amoxicillin/clavulanic acid	=		µg/mL	Susceptible	CLSI, NARMS	Broth dilution	bv_brc_genome_amr	high
29678910	76	SAMN08514290	BioSample	Salmonella enterica	amoxicillin-clavulanic_acid	amoxicillin/clavulanic acid	=		µg/mL	Susceptible	CLSI, NARMS	Broth dilution	bv_brc_genome_amr	high
29678910	202	SAMN08514416	BioSample	Salmonella enterica	ciprofloxacin	ciprofloxacin	=		µg/mL	Susceptible	CLSI, NARMS	Broth dilution	bv_brc_genome_amr	high
29678910	73	SAMN08514287	BioSample	Salmonella enterica	ceftriaxone	ceftriaxone	=		µg/mL	Susceptible	CLSI, NARMS	Broth dilution	bv_brc_genome_amr	high
29678910	26	SAMN08514240	BioSample	Salmonella enterica	ampicillin	ampicillin	=		µg/mL	Susceptible	CLSI, NARMS	Broth dilution	bv_brc_genome_amr	high
29678910	244	SAMN08514458	BioSample	Salmonella enterica	amoxicillin-clavulanic_acid	amoxicillin/clavulanic acid	=		µg/mL	Susceptible	CLSI, NARMS	Broth dilution	bv_brc_genome_amr	high
29678910	255	SAMN08514469	BioSample	Salmonella enterica	ciprofloxacin	ciprofloxacin	=		µg/mL	Susceptible	CLSI, NARMS	Broth dilution	bv_brc_genome_amr	high
29678910	235	SAMN08514449	BioSample	Salmonella enterica	ampicillin	ampicillin	=		µg/mL	Susceptible	CLSI, NARMS	Broth dilution	bv_brc_genome_amr	high
29678910	56	SAMN08514270	BioSample	Salmonella enterica	azithromycin	azithromycin	=		µg/mL	Susceptible	CLSI, NARMS	Broth dilution	bv_brc_genome_amr	high
29678910	59	SAMN08514273	BioSample	Salmonella enterica	azithromycin	azithromycin	=		µg/mL	Susceptible	CLSI, NARMS	Broth dilution	bv_brc_genome_amr	high
29678910	112	SAMN08514326	BioSample	Salmonella enterica	ampicillin	ampicillin	=		µg/mL	Susceptible	CLSI, NARMS	Broth dilution	bv_brc_genome_amr	high
29678910	107	SAMN08514321	BioSample	Salmonella enterica	ciprofloxacin	ciprofloxacin	=		µg/mL	Susceptible	CLSI, NARMS	Broth dilution	bv_brc_genome_amr	high
29678910	157	SAMN08514371	BioSample	Salmonella enterica	ciprofloxacin	ciprofloxacin	=		µg/mL	Susceptible	CLSI, NARMS	Broth dilution	bv_brc_genome_amr	high
29678910	162	SAMN08514376	BioSample	Salmonella enterica	amoxicillin-clavulanic_acid	amoxicillin/clavulanic acid	=		µg/mL	Susceptible	CLSI, NARMS	Broth dilution	bv_brc_genome_amr	high
29678910	46	SAMN08514260	BioSample	Salmonella enterica	azithromycin	azithromycin	=		µg/mL	Susceptible	CLSI, NARMS	Broth dilution	bv_brc_genome_amr	high
29678910	227	SAMN08514441	BioSample	Salmonella enterica	ceftriaxone	ceftriaxone	=		µg/mL	Resistant	CLSI, NARMS	Broth dilution	bv_brc_genome_amr	high
29678910	142	SAMN08514356	BioSample	Salmonella enterica	amoxicillin-clavulanic_acid	amoxicillin/clavulanic acid	=		µg/mL	Susceptible	CLSI, NARMS	Broth dilution	bv_brc_genome_amr	high
29678910	180	SAMN08514394	BioSample	Salmonella enterica	ciprofloxacin	ciprofloxacin	=		µg/mL	Susceptible	CLSI, NARMS	Broth dilution	bv_brc_genome_amr	high
29678910	147	SAMN08514361	BioSample	Salmonella enterica	azithromycin	azithromycin	=		µg/mL	Susceptible	CLSI, NARMS	Broth dilution	bv_brc_genome_amr	high
29678910	185	SAMN08514399	BioSample	Salmonella enterica	amoxicillin-clavulanic_acid	amoxicillin/clavulanic acid	=		µg/mL	Susceptible	CLSI, NARMS	Broth dilution	bv_brc_genome_amr	high
29678910	207	SAMN08514421	BioSample	Salmonella enterica	ciprofloxacin	ciprofloxacin	=		µg/mL	Susceptible	CLSI, NARMS	Broth dilution	bv_brc_genome_amr	high
29678910	39	SAMN08514253	BioSample	Salmonella enterica	amoxicillin-clavulanic_acid	amoxicillin/clavulanic acid	=		µg/mL	Resistant	CLSI, NARMS	Broth dilution	bv_brc_genome_amr	high
29678910	242	SAMN08514456	BioSample	Salmonella enterica	azithromycin	azithromycin	=		µg/mL	Susceptible	CLSI, NARMS	Broth dilution	bv_brc_genome_amr	high
29678910	22	SAMN08514236	BioSample	Salmonella enterica	ciprofloxacin	ciprofloxacin	=		µg/mL	Susceptible	CLSI, NARMS	Broth dilution	bv_brc_genome_amr	high
29678910	63	SAMN08514277	BioSample	Salmonella enterica	ciprofloxacin	ciprofloxacin	=		µg/mL	Susceptible	CLSI, NARMS	Broth dilution	bv_brc_genome_amr	high
29678910	173	SAMN08514387	BioSample	Salmonella enterica	amoxicillin-clavulanic_acid	amoxicillin/clavulanic acid	=		µg/mL	Susceptible	CLSI, NARMS	Broth dilution	bv_brc_genome_amr	high
29678910	227	SAMN08514441	BioSample	Salmonella enterica	azithromycin	azithromycin	=		µg/mL	Susceptible	CLSI, NARMS	Broth dilution	bv_brc_genome_amr	high
29678910	234	SAMN08514448	BioSample	Salmonella enterica	azithromycin	azithromycin	=		µg/mL	Susceptible	CLSI, NARMS	Broth dilution	bv_brc_genome_amr	high
29678910	69	SAMN08514283	BioSample	Salmonella enterica	ampicillin	ampicillin	=		µg/mL	Susceptible	CLSI, NARMS	Broth dilution	bv_brc_genome_amr	high
29678910	245	SAMN08514459	BioSample	Salmonella enterica	azithromycin	azithromycin	=		µg/mL	Susceptible	CLSI, NARMS	Broth dilution	bv_brc_genome_amr	high
29678910	247	SAMN08514461	BioSample	Salmonella enterica	ampicillin	ampicillin	=		µg/mL	Susceptible	CLSI, NARMS	Broth dilution	bv_brc_genome_amr	high
29678910	100	SAMN08514314	BioSample	Salmonella enterica	azithromycin	azithromycin	=		µg/mL	Susceptible	CLSI, NARMS	Broth dilution	bv_brc_genome_amr	high
29678910	247	SAMN08514461	BioSample	Salmonella enterica	azithromycin	azithromycin	=		µg/mL	Susceptible	CLSI, NARMS	Broth dilution	bv_brc_genome_amr	high
29678910	131	SAMN08514345	BioSample	Salmonella enterica	azithromycin	azithromycin	=		µg/mL	Susceptible	CLSI, NARMS	Broth dilution	bv_brc_genome_amr	high
29678910	55	SAMN08514269	BioSample	Salmonella enterica	ampicillin	ampicillin	=		µg/mL	Susceptible	CLSI, NARMS	Broth dilution	bv_brc_genome_amr	high
29678910	34	SAMN08514248	BioSample	Salmonella enterica	ampicillin	ampicillin	=		µg/mL	Susceptible	CLSI, NARMS	Broth dilution	bv_brc_genome_amr	high
29678910	133	SAMN08514347	BioSample	Salmonella enterica	ampicillin	ampicillin	=		µg/mL	Susceptible	CLSI, NARMS	Broth dilution	bv_brc_genome_amr	high
29678910	85	SAMN08514299	BioSample	Salmonella enterica	ciprofloxacin	ciprofloxacin	=		µg/mL	Susceptible	CLSI, NARMS	Broth dilution	bv_brc_genome_amr	high
29678910	178	SAMN08514392	BioSample	Salmonella enterica	ceftriaxone	ceftriaxone	=		µg/mL	Susceptible	CLSI, NARMS	Broth dilution	bv_brc_genome_amr	high
29678910	151	SAMN08514365	BioSample	Salmonella enterica	ciprofloxacin	ciprofloxacin	=		µg/mL	Susceptible	CLSI, NARMS	Broth dilution	bv_brc_genome_amr	high
29678910	127	SAMN08514341	BioSample	Salmonella enterica	amoxicillin-clavulanic_acid	amoxicillin/clavulanic acid	=		µg/mL	Susceptible	CLSI, NARMS	Broth dilution	bv_brc_genome_amr	high
29678910	9	SAMN08514223	BioSample	Salmonella enterica	amoxicillin-clavulanic_acid	amoxicillin/clavulanic acid	=		µg/mL	Susceptible	CLSI, NARMS	Broth dilution	bv_brc_genome_amr	high
29678910	155	SAMN08514369	BioSample	Salmonella enterica	azithromycin	azithromycin	=		µg/mL	Susceptible	CLSI, NARMS	Broth dilution	bv_brc_genome_amr	high
29678910	26	SAMN08514240	BioSample	Salmonella enterica	ceftriaxone	ceftriaxone	=		µg/mL	Susceptible	CLSI, NARMS	Broth dilution	bv_brc_genome_amr	high
29678910	46	SAMN08514260	BioSample	Salmonella enterica	ciprofloxacin	ciprofloxacin	=		µg/mL	Susceptible	CLSI, NARMS	Broth dilution	bv_brc_genome_amr	high
29678910	229	SAMN08514443	BioSample	Salmonella enterica	ceftriaxone	ceftriaxone	=		µg/mL	Susceptible	CLSI, NARMS	Broth dilution	bv_brc_genome_amr	high
29678910	141	SAMN08514355	BioSample	Salmonella enterica	amoxicillin-clavulanic_acid	amoxicillin/clavulanic acid	=		µg/mL	Resistant	CLSI, NARMS	Broth dilution	bv_brc_genome_amr	high
29678910	84	SAMN08514298	BioSample	Salmonella enterica	ampicillin	ampicillin	=		µg/mL	Susceptible	CLSI, NARMS	Broth dilution	bv_brc_genome_amr	high
29678910	74	SAMN08514288	BioSample	Salmonella enterica	ceftriaxone	ceftriaxone	=		µg/mL	Resistant	CLSI, NARMS	Broth dilution	bv_brc_genome_amr	high
29678910	162	SAMN08514376	BioSample	Salmonella enterica	ceftriaxone	ceftriaxone	=		µg/mL	Susceptible	CLSI, NARMS	Broth dilution	bv_brc_genome_amr	high
29678910	193	SAMN08514407	BioSample	Salmonella enterica	ciprofloxacin	ciprofloxacin	=		µg/mL	Susceptible	CLSI, NARMS	Broth dilution	bv_brc_genome_amr	high
29678910	187	SAMN08514401	BioSample	Salmonella enterica	ampicillin	ampicillin	=		µg/mL	Susceptible	CLSI, NARMS	Broth dilution	bv_brc_genome_amr	high
29678910	167	SAMN08514381	BioSample	Salmonella enterica	ciprofloxacin	ciprofloxacin	=		µg/mL	Susceptible	CLSI, NARMS	Broth dilution	bv_brc_genome_amr	high
29678910	196	SAMN08514410	BioSample	Salmonella enterica	ceftriaxone	ceftriaxone	=		µg/mL	Susceptible	CLSI, NARMS	Broth dilution	bv_brc_genome_amr	high
29678910	213	SAMN08514427	BioSample	Salmonella enterica	ceftriaxone	ceftriaxone	=		µg/mL	Susceptible	CLSI, NARMS	Broth dilution	bv_brc_genome_amr	high
29678910	230	SAMN08514444	BioSample	Salmonella enterica	amoxicillin-clavulanic_acid	amoxicillin/clavulanic acid	=		µg/mL	Susceptible	CLSI, NARMS	Broth dilution	bv_brc_genome_amr	high
29678910	204	SAMN08514418	BioSample	Salmonella enterica	ceftriaxone	ceftriaxone	=		µg/mL	Susceptible	CLSI, NARMS	Broth dilution	bv_brc_genome_amr	high
29678910	169	SAMN08514383	BioSample	Salmonella enterica	ciprofloxacin	ciprofloxacin	=		µg/mL	Susceptible	CLSI, NARMS	Broth dilution	bv_brc_genome_amr	high
29678910	200	SAMN08514414	BioSample	Salmonella enterica	ciprofloxacin	ciprofloxacin	=		µg/mL	Susceptible	CLSI, NARMS	Broth dilution	bv_brc_genome_amr	high
29678910	228	SAMN08514442	BioSample	Salmonella enterica	ampicillin	ampicillin	=		µg/mL	Resistant	CLSI, NARMS	Broth dilution	bv_brc_genome_amr	high
29678910	91	SAMN08514305	BioSample	Salmonella enterica	ampicillin	ampicillin	=		µg/mL	Susceptible	CLSI, NARMS	Broth dilution	bv_brc_genome_amr	high
29678910	57	SAMN08514271	BioSample	Salmonella enterica	amoxicillin-clavulanic_acid	amoxicillin/clavulanic acid	=		µg/mL	Resistant	CLSI, NARMS	Broth dilution	bv_brc_genome_amr	high
29678910	28	SAMN08514242	BioSample	Salmonella enterica	ampicillin	ampicillin	=		µg/mL	Susceptible	CLSI, NARMS	Broth dilution	bv_brc_genome_amr	high
29678910	123	SAMN08514337	BioSample	Salmonella enterica	ciprofloxacin	ciprofloxacin	=		µg/mL	Susceptible	CLSI, NARMS	Broth dilution	bv_brc_genome_amr	high
29678910	130	SAMN08514344	BioSample	Salmonella enterica	ciprofloxacin	ciprofloxacin	=		µg/mL	Susceptible	CLSI, NARMS	Broth dilution	bv_brc_genome_amr	high
29678910	38	SAMN08514252	BioSample	Salmonella enterica	amoxicillin-clavulanic_acid	amoxicillin/clavulanic acid	=		µg/mL	Susceptible	CLSI, NARMS	Broth dilution	bv_brc_genome_amr	high
29678910	91	SAMN08514305	BioSample	Salmonella enterica	ceftriaxone	ceftriaxone	=		µg/mL	Susceptible	CLSI, NARMS	Broth dilution	bv_brc_genome_amr	high
29678910	84	SAMN08514298	BioSample	Salmonella enterica	azithromycin	azithromycin	=		µg/mL	Susceptible	CLSI, NARMS	Broth dilution	bv_brc_genome_amr	high
29678910	7	SAMN08514221	BioSample	Salmonella enterica	amoxicillin-clavulanic_acid	amoxicillin/clavulanic acid	=		µg/mL	Susceptible	CLSI, NARMS	Broth dilution	bv_brc_genome_amr	high
29678910	78	SAMN08514292	BioSample	Salmonella enterica	ceftriaxone	ceftriaxone	=		µg/mL	Susceptible	CLSI, NARMS	Broth dilution	bv_brc_genome_amr	high
29678910	178	SAMN08514392	BioSample	Salmonella enterica	amoxicillin-clavulanic_acid	amoxicillin/clavulanic acid	=		µg/mL	Susceptible	CLSI, NARMS	Broth dilution	bv_brc_genome_amr	high
29678910	2	SAMN08514216	BioSample	Salmonella enterica	azithromycin	azithromycin	=		µg/mL	Susceptible	CLSI, NARMS	Broth dilution	bv_brc_genome_amr	high
29678910	182	SAMN08514396	BioSample	Salmonella enterica	azithromycin	azithromycin	=		µg/mL	Susceptible	CLSI, NARMS	Broth dilution	bv_brc_genome_amr	high
29678910	148	SAMN08514362	BioSample	Salmonella enterica	amoxicillin-clavulanic_acid	amoxicillin/clavulanic acid	=		µg/mL	Susceptible	CLSI, NARMS	Broth dilution	bv_brc_genome_amr	high
29678910	47	SAMN08514261	BioSample	Salmonella enterica	ciprofloxacin	ciprofloxacin	=		µg/mL	Susceptible	CLSI, NARMS	Broth dilution	bv_brc_genome_amr	high
29678910	151	SAMN08514365	BioSample	Salmonella enterica	amoxicillin-clavulanic_acid	amoxicillin/clavulanic acid	=		µg/mL	Susceptible	CLSI, NARMS	Broth dilution	bv_brc_genome_amr	high
29678910	237	SAMN08514451	BioSample	Salmonella enterica	ampicillin	ampicillin	=		µg/mL	Susceptible	CLSI, NARMS	Broth dilution	bv_brc_genome_amr	high
29678910	241	SAMN08514455	BioSample	Salmonella enterica	amoxicillin-clavulanic_acid	amoxicillin/clavulanic acid	=		µg/mL	Susceptible	CLSI, NARMS	Broth dilution	bv_brc_genome_amr	high
29678910	237	SAMN08514451	BioSample	Salmonella enterica	azithromycin	azithromycin	=		µg/mL	Susceptible	CLSI, NARMS	Broth dilution	bv_brc_genome_amr	high
29678910	17	SAMN08514231	BioSample	Salmonella enterica	ceftriaxone	ceftriaxone	=		µg/mL	Susceptible	CLSI, NARMS	Broth dilution	bv_brc_genome_amr	high
29678910	204	SAMN08514418	BioSample	Salmonella enterica	ciprofloxacin	ciprofloxacin	=		µg/mL	Susceptible	CLSI, NARMS	Broth dilution	bv_brc_genome_amr	high
29678910	175	SAMN08514389	BioSample	Salmonella enterica	ciprofloxacin	ciprofloxacin	=		µg/mL	Susceptible	CLSI, NARMS	Broth dilution	bv_brc_genome_amr	high
29678910	67	SAMN08514281	BioSample	Salmonella enterica	amoxicillin-clavulanic_acid	amoxicillin/clavulanic acid	=		µg/mL	Susceptible	CLSI, NARMS	Broth dilution	bv_brc_genome_amr	high
29678910	97	SAMN08514311	BioSample	Salmonella enterica	ceftriaxone	ceftriaxone	=		µg/mL	Susceptible	CLSI, NARMS	Broth dilution	bv_brc_genome_amr	high
29678910	231	SAMN08514445	BioSample	Salmonella enterica	ceftriaxone	ceftriaxone	=		µg/mL	Susceptible	CLSI, NARMS	Broth dilution	bv_brc_genome_amr	high
29678910	194	SAMN08514408	BioSample	Salmonella enterica	ciprofloxacin	ciprofloxacin	=		µg/mL	Susceptible	CLSI, NARMS	Broth dilution	bv_brc_genome_amr	high
29678910	113	SAMN08514327	BioSample	Salmonella enterica	ceftriaxone	ceftriaxone	=		µg/mL	Susceptible	CLSI, NARMS	Broth dilution	bv_brc_genome_amr	high
29678910	31	SAMN08514245	BioSample	Salmonella enterica	ceftriaxone	ceftriaxone	=		µg/mL	Susceptible	CLSI, NARMS	Broth dilution	bv_brc_genome_amr	high
29678910	142	SAMN08514356	BioSample	Salmonella enterica	ampicillin	ampicillin	=		µg/mL	Susceptible	CLSI, NARMS	Broth dilution	bv_brc_genome_amr	high
29678910	44	SAMN08514258	BioSample	Salmonella enterica	azithromycin	azithromycin	=		µg/mL	Susceptible	CLSI, NARMS	Broth dilution	bv_brc_genome_amr	high
29678910	107	SAMN08514321	BioSample	Salmonella enterica	ceftriaxone	ceftriaxone	=		µg/mL	Susceptible	CLSI, NARMS	Broth dilution	bv_brc_genome_amr	high
29678910	139	SAMN08514353	BioSample	Salmonella enterica	ampicillin	ampicillin	=		µg/mL	Susceptible	CLSI, NARMS	Broth dilution	bv_brc_genome_amr	high
29678910	86	SAMN08514300	BioSample	Salmonella enterica	ciprofloxacin	ciprofloxacin	=		µg/mL	Susceptible	CLSI, NARMS	Broth dilution	bv_brc_genome_amr	high
29678910	229	SAMN08514443	BioSample	Salmonella enterica	amoxicillin-clavulanic_acid	amoxicillin/clavulanic acid	=		µg/mL	Susceptible	CLSI, NARMS	Broth dilution	bv_brc_genome_amr	high
29678910	104	SAMN08514318	BioSample	Salmonella enterica	ampicillin	ampicillin	=		µg/mL	Susceptible	CLSI, NARMS	Broth dilution	bv_brc_genome_amr	high
29678910	159	SAMN08514373	BioSample	Salmonella enterica	azithromycin	azithromycin	=		µg/mL	Susceptible	CLSI, NARMS	Broth dilution	bv_brc_genome_amr	high
29678910	244	SAMN08514458	BioSample	Salmonella enterica	ciprofloxacin	ciprofloxacin	=		µg/mL	Susceptible	CLSI, NARMS	Broth dilution	bv_brc_genome_amr	high
29678910	156	SAMN08514370	BioSample	Salmonella enterica	amoxicillin-clavulanic_acid	amoxicillin/clavulanic acid	=		µg/mL	Susceptible	CLSI, NARMS	Broth dilution	bv_brc_genome_amr	high
29678910	154	SAMN08514368	BioSample	Salmonella enterica	amoxicillin-clavulanic_acid	amoxicillin/clavulanic acid	=		µg/mL	Susceptible	CLSI, NARMS	Broth dilution	bv_brc_genome_amr	high
29678910	135	SAMN08514349	BioSample	Salmonella enterica	ampicillin	ampicillin	=		µg/mL	Susceptible	CLSI, NARMS	Broth dilution	bv_brc_genome_amr	high
29678910	115	SAMN08514329	BioSample	Salmonella enterica	azithromycin	azithromycin	=		µg/mL	Susceptible	CLSI, NARMS	Broth dilution	bv_brc_genome_amr	high
29678910	127	SAMN08514341	BioSample	Salmonella enterica	azithromycin	azithromycin	=		µg/mL	Susceptible	CLSI, NARMS	Broth dilution	bv_brc_genome_amr	high
29678910	199	SAMN08514413	BioSample	Salmonella enterica	azithromycin	azithromycin	=		µg/mL	Susceptible	CLSI, NARMS	Broth dilution	bv_brc_genome_amr	high
29678910	126	SAMN08514340	BioSample	Salmonella enterica	ceftriaxone	ceftriaxone	=		µg/mL	Susceptible	CLSI, NARMS	Broth dilution	bv_brc_genome_amr	high
29678910	247	SAMN08514461	BioSample	Salmonella enterica	ceftriaxone	ceftriaxone	=		µg/mL	Susceptible	CLSI, NARMS	Broth dilution	bv_brc_genome_amr	high
29678910	241	SAMN08514455	BioSample	Salmonella enterica	ceftriaxone	ceftriaxone	=		µg/mL	Resistant	CLSI, NARMS	Broth dilution	bv_brc_genome_amr	high
29678910	116	SAMN08514330	BioSample	Salmonella enterica	azithromycin	azithromycin	=		µg/mL	Susceptible	CLSI, NARMS	Broth dilution	bv_brc_genome_amr	high
29678910	206	SAMN08514420	BioSample	Salmonella enterica	azithromycin	azithromycin	=		µg/mL	Susceptible	CLSI, NARMS	Broth dilution	bv_brc_genome_amr	high
29678910	98	SAMN08514312	BioSample	Salmonella enterica	amoxicillin-clavulanic_acid	amoxicillin/clavulanic acid	=		µg/mL	Susceptible	CLSI, NARMS	Broth dilution	bv_brc_genome_amr	high
29678910	134	SAMN08514348	BioSample	Salmonella enterica	ciprofloxacin	ciprofloxacin	=		µg/mL	Susceptible	CLSI, NARMS	Broth dilution	bv_brc_genome_amr	high
29678910	110	SAMN08514324	BioSample	Salmonella enterica	azithromycin	azithromycin	=		µg/mL	Susceptible	CLSI, NARMS	Broth dilution	bv_brc_genome_amr	high
29678910	145	SAMN08514359	BioSample	Salmonella enterica	azithromycin	azithromycin	=		µg/mL	Susceptible	CLSI, NARMS	Broth dilution	bv_brc_genome_amr	high
29678910	124	SAMN08514338	BioSample	Salmonella enterica	amoxicillin-clavulanic_acid	amoxicillin/clavulanic acid	=		µg/mL	Susceptible	CLSI, NARMS	Broth dilution	bv_brc_genome_amr	high
29678910	17	SAMN08514231	BioSample	Salmonella enterica	ciprofloxacin	ciprofloxacin	=		µg/mL	Susceptible	CLSI, NARMS	Broth dilution	bv_brc_genome_amr	high
29678910	155	SAMN08514369	BioSample	Salmonella enterica	ceftriaxone	ceftriaxone	=		µg/mL	Susceptible	CLSI, NARMS	Broth dilution	bv_brc_genome_amr	high
29678910	145	SAMN08514359	BioSample	Salmonella enterica	ciprofloxacin	ciprofloxacin	=		µg/mL	Susceptible	CLSI, NARMS	Broth dilution	bv_brc_genome_amr	high
29678910	144	SAMN08514358	BioSample	Salmonella enterica	azithromycin	azithromycin	=		µg/mL	Susceptible	CLSI, NARMS	Broth dilution	bv_brc_genome_amr	high
29678910	188	SAMN08514402	BioSample	Salmonella enterica	ceftriaxone	ceftriaxone	=		µg/mL	Susceptible	CLSI, NARMS	Broth dilution	bv_brc_genome_amr	high
29678910	83	SAMN08514297	BioSample	Salmonella enterica	ciprofloxacin	ciprofloxacin	=		µg/mL	Susceptible	CLSI, NARMS	Broth dilution	bv_brc_genome_amr	high
29678910	116	SAMN08514330	BioSample	Salmonella enterica	ceftriaxone	ceftriaxone	=		µg/mL	Susceptible	CLSI, NARMS	Broth dilution	bv_brc_genome_amr	high
29678910	73	SAMN08514287	BioSample	Salmonella enterica	ciprofloxacin	ciprofloxacin	=		µg/mL	Susceptible	CLSI, NARMS	Broth dilution	bv_brc_genome_amr	high
29678910	243	SAMN08514457	BioSample	Salmonella enterica	azithromycin	azithromycin	=		µg/mL	Susceptible	CLSI, NARMS	Broth dilution	bv_brc_genome_amr	high
29678910	253	SAMN08514467	BioSample	Salmonella enterica	ceftriaxone	ceftriaxone	=		µg/mL	Susceptible	CLSI, NARMS	Broth dilution	bv_brc_genome_amr	high
29678910	15	SAMN08514229	BioSample	Salmonella enterica	ciprofloxacin	ciprofloxacin	=		µg/mL	Susceptible	CLSI, NARMS	Broth dilution	bv_brc_genome_amr	high
29678910	68	SAMN08514282	BioSample	Salmonella enterica	ampicillin	ampicillin	=		µg/mL	Susceptible	CLSI, NARMS	Broth dilution	bv_brc_genome_amr	high
29678910	248	SAMN08514462	BioSample	Salmonella enterica	ciprofloxacin	ciprofloxacin	=		µg/mL	Susceptible	CLSI, NARMS	Broth dilution	bv_brc_genome_amr	high
29678910	219	SAMN08514433	BioSample	Salmonella enterica	ceftriaxone	ceftriaxone	=		µg/mL	Susceptible	CLSI, NARMS	Broth dilution	bv_brc_genome_amr	high
29678910	223	SAMN08514437	BioSample	Salmonella enterica	azithromycin	azithromycin	=		µg/mL	Susceptible	CLSI, NARMS	Broth dilution	bv_brc_genome_amr	high
29678910	219	SAMN08514433	BioSample	Salmonella enterica	azithromycin	azithromycin	=		µg/mL	Susceptible	CLSI, NARMS	Broth dilution	bv_brc_genome_amr	high
29678910	32	SAMN08514246	BioSample	Salmonella enterica	amoxicillin-clavulanic_acid	amoxicillin/clavulanic acid	=		µg/mL	Susceptible	CLSI, NARMS	Broth dilution	bv_brc_genome_amr	high
29678910	191	SAMN08514405	BioSample	Salmonella enterica	ceftriaxone	ceftriaxone	=		µg/mL	Susceptible	CLSI, NARMS	Broth dilution	bv_brc_genome_amr	high
29678910	49	SAMN08514263	BioSample	Salmonella enterica	ceftriaxone	ceftriaxone	=		µg/mL	Susceptible	CLSI, NARMS	Broth dilution	bv_brc_genome_amr	high
29678910	190	SAMN08514404	BioSample	Salmonella enterica	ceftriaxone	ceftriaxone	=		µg/mL	Susceptible	CLSI, NARMS	Broth dilution	bv_brc_genome_amr	high
29678910	252	SAMN08514466	BioSample	Salmonella enterica	ciprofloxacin	ciprofloxacin	=		µg/mL	Susceptible	CLSI, NARMS	Broth dilution	bv_brc_genome_amr	high
29678910	42	SAMN08514256	BioSample	Salmonella enterica	amoxicillin-clavulanic_acid	amoxicillin/clavulanic acid	=		µg/mL	Susceptible	CLSI, NARMS	Broth dilution	bv_brc_genome_amr	high
29678910	18	SAMN08514232	BioSample	Salmonella enterica	ciprofloxacin	ciprofloxacin	=		µg/mL	Susceptible	CLSI, NARMS	Broth dilution	bv_brc_genome_amr	high
29678910	162	SAMN08514376	BioSample	Salmonella enterica	ampicillin	ampicillin	=		µg/mL	Susceptible	CLSI, NARMS	Broth dilution	bv_brc_genome_amr	high
29678910	209	SAMN08514423	BioSample	Salmonella enterica	ceftriaxone	ceftriaxone	=		µg/mL	Susceptible	CLSI, NARMS	Broth dilution	bv_brc_genome_amr	high
29678910	181	SAMN08514395	BioSample	Salmonella enterica	ampicillin	ampicillin	=		µg/mL	Susceptible	CLSI, NARMS	Broth dilution	bv_brc_genome_amr	high
29678910	93	SAMN08514307	BioSample	Salmonella enterica	azithromycin	azithromycin	=		µg/mL	Susceptible	CLSI, NARMS	Broth dilution	bv_brc_genome_amr	high
29678910	220	SAMN08514434	BioSample	Salmonella enterica	azithromycin	azithromycin	=		µg/mL	Susceptible	CLSI, NARMS	Broth dilution	bv_brc_genome_amr	high
29678910	250	SAMN08514464	BioSample	Salmonella enterica	ceftriaxone	ceftriaxone	=		µg/mL	Susceptible	CLSI, NARMS	Broth dilution	bv_brc_genome_amr	high
29678910	199	SAMN08514413	BioSample	Salmonella enterica	amoxicillin-clavulanic_acid	amoxicillin/clavulanic acid	=		µg/mL	Susceptible	CLSI, NARMS	Broth dilution	bv_brc_genome_amr	high
29678910	56	SAMN08514270	BioSample	Salmonella enterica	ceftriaxone	ceftriaxone	=		µg/mL	Susceptible	CLSI, NARMS	Broth dilution	bv_brc_genome_amr	high
29678910	71	SAMN08514285	BioSample	Salmonella enterica	amoxicillin-clavulanic_acid	amoxicillin/clavulanic acid	=		µg/mL	Susceptible	CLSI, NARMS	Broth dilution	bv_brc_genome_amr	high
29678910	201	SAMN08514415	BioSample	Salmonella enterica	ampicillin	ampicillin	=		µg/mL	Susceptible	CLSI, NARMS	Broth dilution	bv_brc_genome_amr	high
29678910	111	SAMN08514325	BioSample	Salmonella enterica	amoxicillin-clavulanic_acid	amoxicillin/clavulanic acid	=		µg/mL	Susceptible	CLSI, NARMS	Broth dilution	bv_brc_genome_amr	high
29678910	7	SAMN08514221	BioSample	Salmonella enterica	azithromycin	azithromycin	=		µg/mL	Susceptible	CLSI, NARMS	Broth dilution	bv_brc_genome_amr	high
29678910	91	SAMN08514305	BioSample	Salmonella enterica	azithromycin	azithromycin	=		µg/mL	Susceptible	CLSI, NARMS	Broth dilution	bv_brc_genome_amr	high
29678910	63	SAMN08514277	BioSample	Salmonella enterica	ampicillin	ampicillin	=		µg/mL	Susceptible	CLSI, NARMS	Broth dilution	bv_brc_genome_amr	high
29678910	172	SAMN08514386	BioSample	Salmonella enterica	amoxicillin-clavulanic_acid	amoxicillin/clavulanic acid	=		µg/mL	Susceptible	CLSI, NARMS	Broth dilution	bv_brc_genome_amr	high
29678910	41	SAMN08514255	BioSample	Salmonella enterica	ampicillin	ampicillin	=		µg/mL	Susceptible	CLSI, NARMS	Broth dilution	bv_brc_genome_amr	high
29678910	22	SAMN08514236	BioSample	Salmonella enterica	azithromycin	azithromycin	=		µg/mL	Susceptible	CLSI, NARMS	Broth dilution	bv_brc_genome_amr	high
29678910	136	SAMN08514350	BioSample	Salmonella enterica	amoxicillin-clavulanic_acid	amoxicillin/clavulanic acid	=		µg/mL	Susceptible	CLSI, NARMS	Broth dilution	bv_brc_genome_amr	high
29678910	211	SAMN08514425	BioSample	Salmonella enterica	azithromycin	azithromycin	=		µg/mL	Susceptible	CLSI, NARMS	Broth dilution	bv_brc_genome_amr	high
29678910	143	SAMN08514357	BioSample	Salmonella enterica	azithromycin	azithromycin	=		µg/mL	Susceptible	CLSI, NARMS	Broth dilution	bv_brc_genome_amr	high
29678910	62	SAMN08514276	BioSample	Salmonella enterica	ceftriaxone	ceftriaxone	=		µg/mL	Susceptible	CLSI, NARMS	Broth dilution	bv_brc_genome_amr	high
29678910	150	SAMN08514364	BioSample	Salmonella enterica	azithromycin	azithromycin	=		µg/mL	Susceptible	CLSI, NARMS	Broth dilution	bv_brc_genome_amr	high
29678910	176	SAMN08514390	BioSample	Salmonella enterica	amoxicillin-clavulanic_acid	amoxicillin/clavulanic acid	=		µg/mL	Susceptible	CLSI, NARMS	Broth dilution	bv_brc_genome_amr	high
29678910	153	SAMN08514367	BioSample	Salmonella enterica	ampicillin	ampicillin	=		µg/mL	Susceptible	CLSI, NARMS	Broth dilution	bv_brc_genome_amr	high
29678910	198	SAMN08514412	BioSample	Salmonella enterica	ampicillin	ampicillin	=		µg/mL	Susceptible	CLSI, NARMS	Broth dilution	bv_brc_genome_amr	high
29678910	218	SAMN08514432	BioSample	Salmonella enterica	azithromycin	azithromycin	=		µg/mL	Susceptible	CLSI, NARMS	Broth dilution	bv_brc_genome_amr	high
29678910	245	SAMN08514459	BioSample	Salmonella enterica	ciprofloxacin	ciprofloxacin	=		µg/mL	Susceptible	CLSI, NARMS	Broth dilution	bv_brc_genome_amr	high
29678910	144	SAMN08514358	BioSample	Salmonella enterica	ampicillin	ampicillin	=		µg/mL	Susceptible	CLSI, NARMS	Broth dilution	bv_brc_genome_amr	high
29678910	40	SAMN08514254	BioSample	Salmonella enterica	ceftriaxone	ceftriaxone	=		µg/mL	Susceptible	CLSI, NARMS	Broth dilution	bv_brc_genome_amr	high
29678910	252	SAMN08514466	BioSample	Salmonella enterica	azithromycin	azithromycin	=		µg/mL	Susceptible	CLSI, NARMS	Broth dilution	bv_brc_genome_amr	high
29678910	208	SAMN08514422	BioSample	Salmonella enterica	ceftriaxone	ceftriaxone	=		µg/mL	Susceptible	CLSI, NARMS	Broth dilution	bv_brc_genome_amr	high
29678910	167	SAMN08514381	BioSample	Salmonella enterica	azithromycin	azithromycin	=		µg/mL	Resistant	CLSI, NARMS	Broth dilution	bv_brc_genome_amr	high
29678910	147	SAMN08514361	BioSample	Salmonella enterica	ciprofloxacin	ciprofloxacin	=		µg/mL	Susceptible	CLSI, NARMS	Broth dilution	bv_brc_genome_amr	high
29678910	33	SAMN08514247	BioSample	Salmonella enterica	ampicillin	ampicillin	=		µg/mL	Susceptible	CLSI, NARMS	Broth dilution	bv_brc_genome_amr	high
29678910	128	SAMN08514342	BioSample	Salmonella enterica	ampicillin	ampicillin	=		µg/mL	Susceptible	CLSI, NARMS	Broth dilution	bv_brc_genome_amr	high
29678910	66	SAMN08514280	BioSample	Salmonella enterica	amoxicillin-clavulanic_acid	amoxicillin/clavulanic acid	=		µg/mL	Susceptible	CLSI, NARMS	Broth dilution	bv_brc_genome_amr	high
29678910	106	SAMN08514320	BioSample	Salmonella enterica	amoxicillin-clavulanic_acid	amoxicillin/clavulanic acid	=		µg/mL	Susceptible	CLSI, NARMS	Broth dilution	bv_brc_genome_amr	high
29678910	68	SAMN08514282	BioSample	Salmonella enterica	ciprofloxacin	ciprofloxacin	=		µg/mL	Susceptible	CLSI, NARMS	Broth dilution	bv_brc_genome_amr	high
29678910	64	SAMN08514278	BioSample	Salmonella enterica	amoxicillin-clavulanic_acid	amoxicillin/clavulanic acid	=		µg/mL	Susceptible	CLSI, NARMS	Broth dilution	bv_brc_genome_amr	high
29678910	217	SAMN08514431	BioSample	Salmonella enterica	ciprofloxacin	ciprofloxacin	=		µg/mL	Susceptible	CLSI, NARMS	Broth dilution	bv_brc_genome_amr	high
29678910	38	SAMN08514252	BioSample	Salmonella enterica	ceftriaxone	ceftriaxone	=		µg/mL	Susceptible	CLSI, NARMS	Broth dilution	bv_brc_genome_amr	high
29678910	214	SAMN08514428	BioSample	Salmonella enterica	ceftriaxone	ceftriaxone	=		µg/mL	Susceptible	CLSI, NARMS	Broth dilution	bv_brc_genome_amr	high
29678910	231	SAMN08514445	BioSample	Salmonella enterica	amoxicillin-clavulanic_acid	amoxicillin/clavulanic acid	=		µg/mL	Susceptible	CLSI, NARMS	Broth dilution	bv_brc_genome_amr	high
29678910	76	SAMN08514290	BioSample	Salmonella enterica	ceftriaxone	ceftriaxone	=		µg/mL	Susceptible	CLSI, NARMS	Broth dilution	bv_brc_genome_amr	high
29678910	200	SAMN08514414	BioSample	Salmonella enterica	amoxicillin-clavulanic_acid	amoxicillin/clavulanic acid	=		µg/mL	Susceptible	CLSI, NARMS	Broth dilution	bv_brc_genome_amr	high
29678910	168	SAMN08514382	BioSample	Salmonella enterica	ciprofloxacin	ciprofloxacin	=		µg/mL	Susceptible	CLSI, NARMS	Broth dilution	bv_brc_genome_amr	high
29678910	142	SAMN08514356	BioSample	Salmonella enterica	azithromycin	azithromycin	=		µg/mL	Susceptible	CLSI, NARMS	Broth dilution	bv_brc_genome_amr	high
29678910	191	SAMN08514405	BioSample	Salmonella enterica	azithromycin	azithromycin	=		µg/mL	Susceptible	CLSI, NARMS	Broth dilution	bv_brc_genome_amr	high
29678910	239	SAMN08514453	BioSample	Salmonella enterica	ceftriaxone	ceftriaxone	=		µg/mL	Susceptible	CLSI, NARMS	Broth dilution	bv_brc_genome_amr	high
29678910	224	SAMN08514438	BioSample	Salmonella enterica	amoxicillin-clavulanic_acid	amoxicillin/clavulanic acid	=		µg/mL	Susceptible	CLSI, NARMS	Broth dilution	bv_brc_genome_amr	high
29678910	121	SAMN08514335	BioSample	Salmonella enterica	ciprofloxacin	ciprofloxacin	=		µg/mL	Susceptible	CLSI, NARMS	Broth dilution	bv_brc_genome_amr	high
29678910	61	SAMN08514275	BioSample	Salmonella enterica	ampicillin	ampicillin	=		µg/mL	Susceptible	CLSI, NARMS	Broth dilution	bv_brc_genome_amr	high
29678910	251	SAMN08514465	BioSample	Salmonella enterica	ciprofloxacin	ciprofloxacin	=		µg/mL	Susceptible	CLSI, NARMS	Broth dilution	bv_brc_genome_amr	high
29678910	41	SAMN08514255	BioSample	Salmonella enterica	azithromycin	azithromycin	=		µg/mL	Susceptible	CLSI, NARMS	Broth dilution	bv_brc_genome_amr	high
29678910	31	SAMN08514245	BioSample	Salmonella enterica	amoxicillin-clavulanic_acid	amoxicillin/clavulanic acid	=		µg/mL	Susceptible	CLSI, NARMS	Broth dilution	bv_brc_genome_amr	high
29678910	60	SAMN08514274	BioSample	Salmonella enterica	amoxicillin-clavulanic_acid	amoxicillin/clavulanic acid	=		µg/mL	Susceptible	CLSI, NARMS	Broth dilution	bv_brc_genome_amr	high
29678910	103	SAMN08514317	BioSample	Salmonella enterica	ciprofloxacin	ciprofloxacin	=		µg/mL	Susceptible	CLSI, NARMS	Broth dilution	bv_brc_genome_amr	high
29678910	47	SAMN08514261	BioSample	Salmonella enterica	amoxicillin-clavulanic_acid	amoxicillin/clavulanic acid	=		µg/mL	Susceptible	CLSI, NARMS	Broth dilution	bv_brc_genome_amr	high
29678910	195	SAMN08514409	BioSample	Salmonella enterica	amoxicillin-clavulanic_acid	amoxicillin/clavulanic acid	=		µg/mL	Susceptible	CLSI, NARMS	Broth dilution	bv_brc_genome_amr	high
29678910	104	SAMN08514318	BioSample	Salmonella enterica	ceftriaxone	ceftriaxone	=		µg/mL	Susceptible	CLSI, NARMS	Broth dilution	bv_brc_genome_amr	high
29678910	78	SAMN08514292	BioSample	Salmonella enterica	azithromycin	azithromycin	=		µg/mL	Susceptible	CLSI, NARMS	Broth dilution	bv_brc_genome_amr	high
29678910	23	SAMN08514237	BioSample	Salmonella enterica	ampicillin	ampicillin	=		µg/mL	Susceptible	CLSI, NARMS	Broth dilution	bv_brc_genome_amr	high
29678910	63	SAMN08514277	BioSample	Salmonella enterica	azithromycin	azithromycin	=		µg/mL	Susceptible	CLSI, NARMS	Broth dilution	bv_brc_genome_amr	high
29678910	114	SAMN08514328	BioSample	Salmonella enterica	ampicillin	ampicillin	=		µg/mL	Susceptible	CLSI, NARMS	Broth dilution	bv_brc_genome_amr	high
29678910	174	SAMN08514388	BioSample	Salmonella enterica	ceftriaxone	ceftriaxone	=		µg/mL	Susceptible	CLSI, NARMS	Broth dilution	bv_brc_genome_amr	high
29678910	141	SAMN08514355	BioSample	Salmonella enterica	ampicillin	ampicillin	=		µg/mL	Resistant	CLSI, NARMS	Broth dilution	bv_brc_genome_amr	high
29678910	179	SAMN08514393	BioSample	Salmonella enterica	ceftriaxone	ceftriaxone	=		µg/mL	Susceptible	CLSI, NARMS	Broth dilution	bv_brc_genome_amr	high
29678910	244	SAMN08514458	BioSample	Salmonella enterica	ampicillin	ampicillin	=		µg/mL	Susceptible	CLSI, NARMS	Broth dilution	bv_brc_genome_amr	high
29678910	75	SAMN08514289	BioSample	Salmonella enterica	ceftriaxone	ceftriaxone	=		µg/mL	Susceptible	CLSI, NARMS	Broth dilution	bv_brc_genome_amr	high
29678910	152	SAMN08514366	BioSample	Salmonella enterica	ampicillin	ampicillin	=		µg/mL	Susceptible	CLSI, NARMS	Broth dilution	bv_brc_genome_amr	high
29678910	226	SAMN08514440	BioSample	Salmonella enterica	ampicillin	ampicillin	=		µg/mL	Susceptible	CLSI, NARMS	Broth dilution	bv_brc_genome_amr	high
29678910	46	SAMN08514260	BioSample	Salmonella enterica	ceftriaxone	ceftriaxone	=		µg/mL	Susceptible	CLSI, NARMS	Broth dilution	bv_brc_genome_amr	high
29678910	59	SAMN08514273	BioSample	Salmonella enterica	ceftriaxone	ceftriaxone	=		µg/mL	Resistant	CLSI, NARMS	Broth dilution	bv_brc_genome_amr	high
29678910	37	SAMN08514251	BioSample	Salmonella enterica	azithromycin	azithromycin	=		µg/mL	Susceptible	CLSI, NARMS	Broth dilution	bv_brc_genome_amr	high
29678910	8	SAMN08514222	BioSample	Salmonella enterica	azithromycin	azithromycin	=		µg/mL	Susceptible	CLSI, NARMS	Broth dilution	bv_brc_genome_amr	high
29678910	238	SAMN08514452	BioSample	Salmonella enterica	amoxicillin-clavulanic_acid	amoxicillin/clavulanic acid	=		µg/mL	Susceptible	CLSI, NARMS	Broth dilution	bv_brc_genome_amr	high
29678910	173	SAMN08514387	BioSample	Salmonella enterica	azithromycin	azithromycin	=		µg/mL	Susceptible	CLSI, NARMS	Broth dilution	bv_brc_genome_amr	high
29678910	233	SAMN08514447	BioSample	Salmonella enterica	ciprofloxacin	ciprofloxacin	=		µg/mL	Susceptible	CLSI, NARMS	Broth dilution	bv_brc_genome_amr	high
29678910	225	SAMN08514439	BioSample	Salmonella enterica	amoxicillin-clavulanic_acid	amoxicillin/clavulanic acid	=		µg/mL	Susceptible	CLSI, NARMS	Broth dilution	bv_brc_genome_amr	high
29678910	90	SAMN08514304	BioSample	Salmonella enterica	ampicillin	ampicillin	=		µg/mL	Susceptible	CLSI, NARMS	Broth dilution	bv_brc_genome_amr	high
29678910	78	SAMN08514292	BioSample	Salmonella enterica	ampicillin	ampicillin	=		µg/mL	Susceptible	CLSI, NARMS	Broth dilution	bv_brc_genome_amr	high
29678910	20	SAMN08514234	BioSample	Salmonella enterica	azithromycin	azithromycin	=		µg/mL	Susceptible	CLSI, NARMS	Broth dilution	bv_brc_genome_amr	high
29678910	174	SAMN08514388	BioSample	Salmonella enterica	ciprofloxacin	ciprofloxacin	=		µg/mL	Susceptible	CLSI, NARMS	Broth dilution	bv_brc_genome_amr	high
29678910	131	SAMN08514345	BioSample	Salmonella enterica	ampicillin	ampicillin	=		µg/mL	Resistant	CLSI, NARMS	Broth dilution	bv_brc_genome_amr	high
29678910	1	SAMN08514215	BioSample	Salmonella enterica	azithromycin	azithromycin	=		µg/mL	Susceptible	CLSI, NARMS	Broth dilution	bv_brc_genome_amr	high
29678910	2	SAMN08514216	BioSample	Salmonella enterica	ceftriaxone	ceftriaxone	=		µg/mL	Susceptible	CLSI, NARMS	Broth dilution	bv_brc_genome_amr	high
29678910	62	SAMN08514276	BioSample	Salmonella enterica	amoxicillin-clavulanic_acid	amoxicillin/clavulanic acid	=		µg/mL	Susceptible	CLSI, NARMS	Broth dilution	bv_brc_genome_amr	high
29678910	206	SAMN08514420	BioSample	Salmonella enterica	amoxicillin-clavulanic_acid	amoxicillin/clavulanic acid	=		µg/mL	Susceptible	CLSI, NARMS	Broth dilution	bv_brc_genome_amr	high
29678910	235	SAMN08514449	BioSample	Salmonella enterica	azithromycin	azithromycin	=		µg/mL	Susceptible	CLSI, NARMS	Broth dilution	bv_brc_genome_amr	high
29678910	134	SAMN08514348	BioSample	Salmonella enterica	amoxicillin-clavulanic_acid	amoxicillin/clavulanic acid	=		µg/mL	Susceptible	CLSI, NARMS	Broth dilution	bv_brc_genome_amr	high
29678910	160	SAMN08514374	BioSample	Salmonella enterica	amoxicillin-clavulanic_acid	amoxicillin/clavulanic acid	=		µg/mL	Susceptible	CLSI, NARMS	Broth dilution	bv_brc_genome_amr	high
29678910	215	SAMN08514429	BioSample	Salmonella enterica	ampicillin	ampicillin	=		µg/mL	Susceptible	CLSI, NARMS	Broth dilution	bv_brc_genome_amr	high
29678910	243	SAMN08514457	BioSample	Salmonella enterica	ceftriaxone	ceftriaxone	=		µg/mL	Susceptible	CLSI, NARMS	Broth dilution	bv_brc_genome_amr	high
29678910	132	SAMN08514346	BioSample	Salmonella enterica	amoxicillin-clavulanic_acid	amoxicillin/clavulanic acid	=		µg/mL	Susceptible	CLSI, NARMS	Broth dilution	bv_brc_genome_amr	high
29678910	18	SAMN08514232	BioSample	Salmonella enterica	ceftriaxone	ceftriaxone	=		µg/mL	Susceptible	CLSI, NARMS	Broth dilution	bv_brc_genome_amr	high
29678910	186	SAMN08514400	BioSample	Salmonella enterica	ceftriaxone	ceftriaxone	=		µg/mL	Susceptible	CLSI, NARMS	Broth dilution	bv_brc_genome_amr	high
29678910	199	SAMN08514413	BioSample	Salmonella enterica	ampicillin	ampicillin	=		µg/mL	Susceptible	CLSI, NARMS	Broth dilution	bv_brc_genome_amr	high
29678910	157	SAMN08514371	BioSample	Salmonella enterica	ceftriaxone	ceftriaxone	=		µg/mL	Susceptible	CLSI, NARMS	Broth dilution	bv_brc_genome_amr	high
29678910	41	SAMN08514255	BioSample	Salmonella enterica	ciprofloxacin	ciprofloxacin	=		µg/mL	Susceptible	CLSI, NARMS	Broth dilution	bv_brc_genome_amr	high
29678910	25	SAMN08514239	BioSample	Salmonella enterica	azithromycin	azithromycin	=		µg/mL	Susceptible	CLSI, NARMS	Broth dilution	bv_brc_genome_amr	high
29678910	77	SAMN08514291	BioSample	Salmonella enterica	ampicillin	ampicillin	=		µg/mL	Susceptible	CLSI, NARMS	Broth dilution	bv_brc_genome_amr	high
29678910	73	SAMN08514287	BioSample	Salmonella enterica	azithromycin	azithromycin	=		µg/mL	Susceptible	CLSI, NARMS	Broth dilution	bv_brc_genome_amr	high
29678910	199	SAMN08514413	BioSample	Salmonella enterica	ciprofloxacin	ciprofloxacin	=		µg/mL	Susceptible	CLSI, NARMS	Broth dilution	bv_brc_genome_amr	high
29678910	36	SAMN08514250	BioSample	Salmonella enterica	amoxicillin-clavulanic_acid	amoxicillin/clavulanic acid	=		µg/mL	Susceptible	CLSI, NARMS	Broth dilution	bv_brc_genome_amr	high
29678910	253	SAMN08514467	BioSample	Salmonella enterica	ciprofloxacin	ciprofloxacin	=		µg/mL	Susceptible	CLSI, NARMS	Broth dilution	bv_brc_genome_amr	high
29678910	212	SAMN08514426	BioSample	Salmonella enterica	ceftriaxone	ceftriaxone	=		µg/mL	Susceptible	CLSI, NARMS	Broth dilution	bv_brc_genome_amr	high
29678910	27	SAMN08514241	BioSample	Salmonella enterica	amoxicillin-clavulanic_acid	amoxicillin/clavulanic acid	=		µg/mL	Susceptible	CLSI, NARMS	Broth dilution	bv_brc_genome_amr	high
29678910	162	SAMN08514376	BioSample	Salmonella enterica	ciprofloxacin	ciprofloxacin	=		µg/mL	Susceptible	CLSI, NARMS	Broth dilution	bv_brc_genome_amr	high
29678910	177	SAMN08514391	BioSample	Salmonella enterica	amoxicillin-clavulanic_acid	amoxicillin/clavulanic acid	=		µg/mL	Susceptible	CLSI, NARMS	Broth dilution	bv_brc_genome_amr	high
29678910	163	SAMN08514377	BioSample	Salmonella enterica	ceftriaxone	ceftriaxone	=		µg/mL	Susceptible	CLSI, NARMS	Broth dilution	bv_brc_genome_amr	high
29678910	73	SAMN08514287	BioSample	Salmonella enterica	ampicillin	ampicillin	=		µg/mL	Susceptible	CLSI, NARMS	Broth dilution	bv_brc_genome_amr	high
29678910	176	SAMN08514390	BioSample	Salmonella enterica	ampicillin	ampicillin	=		µg/mL	Susceptible	CLSI, NARMS	Broth dilution	bv_brc_genome_amr	high
29678910	194	SAMN08514408	BioSample	Salmonella enterica	ampicillin	ampicillin	=		µg/mL	Susceptible	CLSI, NARMS	Broth dilution	bv_brc_genome_amr	high
29678910	191	SAMN08514405	BioSample	Salmonella enterica	amoxicillin-clavulanic_acid	amoxicillin/clavulanic acid	=		µg/mL	Susceptible	CLSI, NARMS	Broth dilution	bv_brc_genome_amr	high
29678910	252	SAMN08514466	BioSample	Salmonella enterica	ceftriaxone	ceftriaxone	=		µg/mL	Susceptible	CLSI, NARMS	Broth dilution	bv_brc_genome_amr	high
29678910	75	SAMN08514289	BioSample	Salmonella enterica	ampicillin	ampicillin	=		µg/mL	Susceptible	CLSI, NARMS	Broth dilution	bv_brc_genome_amr	high
29678910	188	SAMN08514402	BioSample	Salmonella enterica	ampicillin	ampicillin	=		µg/mL	Susceptible	CLSI, NARMS	Broth dilution	bv_brc_genome_amr	high
29678910	224	SAMN08514438	BioSample	Salmonella enterica	ceftriaxone	ceftriaxone	=		µg/mL	Susceptible	CLSI, NARMS	Broth dilution	bv_brc_genome_amr	high
29678910	139	SAMN08514353	BioSample	Salmonella enterica	ciprofloxacin	ciprofloxacin	=		µg/mL	Susceptible	CLSI, NARMS	Broth dilution	bv_brc_genome_amr	high
29678910	158	SAMN08514372	BioSample	Salmonella enterica	azithromycin	azithromycin	=		µg/mL	Susceptible	CLSI, NARMS	Broth dilution	bv_brc_genome_amr	high
29678910	240	SAMN08514454	BioSample	Salmonella enterica	ceftriaxone	ceftriaxone	=		µg/mL	Susceptible	CLSI, NARMS	Broth dilution	bv_brc_genome_amr	high
29678910	81	SAMN08514295	BioSample	Salmonella enterica	amoxicillin-clavulanic_acid	amoxicillin/clavulanic acid	=		µg/mL	Susceptible	CLSI, NARMS	Broth dilution	bv_brc_genome_amr	high
29678910	246	SAMN08514460	BioSample	Salmonella enterica	ceftriaxone	ceftriaxone	=		µg/mL	Susceptible	CLSI, NARMS	Broth dilution	bv_brc_genome_amr	high
29678910	81	SAMN08514295	BioSample	Salmonella enterica	azithromycin	azithromycin	=		µg/mL	Susceptible	CLSI, NARMS	Broth dilution	bv_brc_genome_amr	high
29678910	43	SAMN08514257	BioSample	Salmonella enterica	ceftriaxone	ceftriaxone	=		µg/mL	Susceptible	CLSI, NARMS	Broth dilution	bv_brc_genome_amr	high
29678910	85	SAMN08514299	BioSample	Salmonella enterica	amoxicillin-clavulanic_acid	amoxicillin/clavulanic acid	=		µg/mL	Susceptible	CLSI, NARMS	Broth dilution	bv_brc_genome_amr	high
29678910	142	SAMN08514356	BioSample	Salmonella enterica	ciprofloxacin	ciprofloxacin	=		µg/mL	Susceptible	CLSI, NARMS	Broth dilution	bv_brc_genome_amr	high
29678910	201	SAMN08514415	BioSample	Salmonella enterica	ciprofloxacin	ciprofloxacin	=		µg/mL	Susceptible	CLSI, NARMS	Broth dilution	bv_brc_genome_amr	high
29678910	100	SAMN08514314	BioSample	Salmonella enterica	amoxicillin-clavulanic_acid	amoxicillin/clavulanic acid	=		µg/mL	Susceptible	CLSI, NARMS	Broth dilution	bv_brc_genome_amr	high
29678910	121	SAMN08514335	BioSample	Salmonella enterica	azithromycin	azithromycin	=		µg/mL	Susceptible	CLSI, NARMS	Broth dilution	bv_brc_genome_amr	high
29678910	104	SAMN08514318	BioSample	Salmonella enterica	amoxicillin-clavulanic_acid	amoxicillin/clavulanic acid	=		µg/mL	Susceptible	CLSI, NARMS	Broth dilution	bv_brc_genome_amr	high
29678910	148	SAMN08514362	BioSample	Salmonella enterica	ceftriaxone	ceftriaxone	=		µg/mL	Susceptible	CLSI, NARMS	Broth dilution	bv_brc_genome_amr	high
29678910	214	SAMN08514428	BioSample	Salmonella enterica	azithromycin	azithromycin	=		µg/mL	Susceptible	CLSI, NARMS	Broth dilution	bv_brc_genome_amr	high
29678910	39	SAMN08514253	BioSample	Salmonella enterica	ciprofloxacin	ciprofloxacin	=		µg/mL	Susceptible	CLSI, NARMS	Broth dilution	bv_brc_genome_amr	high
29678910	213	SAMN08514427	BioSample	Salmonella enterica	ciprofloxacin	ciprofloxacin	=		µg/mL	Susceptible	CLSI, NARMS	Broth dilution	bv_brc_genome_amr	high
29678910	38	SAMN08514252	BioSample	Salmonella enterica	azithromycin	azithromycin	=		µg/mL	Susceptible	CLSI, NARMS	Broth dilution	bv_brc_genome_amr	high
29678910	17	SAMN08514231	BioSample	Salmonella enterica	amoxicillin-clavulanic_acid	amoxicillin/clavulanic acid	=		µg/mL	Susceptible	CLSI, NARMS	Broth dilution	bv_brc_genome_amr	high
29678910	143	SAMN08514357	BioSample	Salmonella enterica	ciprofloxacin	ciprofloxacin	=		µg/mL	Susceptible	CLSI, NARMS	Broth dilution	bv_brc_genome_amr	high
29678910	42	SAMN08514256	BioSample	Salmonella enterica	azithromycin	azithromycin	=		µg/mL	Susceptible	CLSI, NARMS	Broth dilution	bv_brc_genome_amr	high
29678910	57	SAMN08514271	BioSample	Salmonella enterica	azithromycin	azithromycin	=		µg/mL	Susceptible	CLSI, NARMS	Broth dilution	bv_brc_genome_amr	high
